round_id,round_label,program_idx,title_original,title_clean,title_base,status,program_type_clean,program_type_group,participation_type_clean,is_reservation_required,is_onsite,is_online,period,start_date,end_date,duration_days,year,month,season,time,schedule_summary,has_time,start_time_first,end_time_first,duration_minutes_first,palace_group,detail_palace,place,place_clean,place_list,capacity,contact,detail_text,detail_url,image_url,image_alt,has_reward,has_children,has_night,has_music,has_food,has_guide,has_hanbok,has_reservation_notice,has_fee_info,has_rain_notice,title,program_type_from_list,image_url_from_list,detail_title,detail_category_in_title,program_type,participation_type,detail_image_url
28,11회,706,2025년 국제심포지엄 및 시연회,국제심포지엄 및 시연회,국제심포지엄 및 시연회,종료,공연,관람형,사전예약,1,0,0,2025-10-10~2025-10-10,2025-10-10,2025-10-10,1,2025,10,가을,,,0,,,,경복궁,경복궁,집옥재,집옥재,경복궁,,,"경복궁 집옥재에서 열리는 「 2025 줄타기 국제심포지엄 」 은 한국 줄타기의 유네스코 인류무형유산 등재 14 주년을 기념하는 자리입니다 . 국내외 전문가들이 모여 한국 줄타기의 전통과 해외 사례를 공유하며 그 가치를 새롭게 조명할 예정입니다 . 또한 집옥재 앞마당에서는 국가무형유산 줄타기보존회의 특별 공연이 마련되어 있어 , 한국 전통 줄타기의 진수를 현장에서 직접 경험하실 수 있습니다 . [ 행사안내 ] 행사기간 : 2025 년 10 월 10 일 ( 금 ) 행사시간 : 14:00~16:40 행사장소 : 경복궁 집옥재 내부 _ 국제심포지엄 (14:00~15:50) 경복궁 집옥재 앞마당 _ 줄타기 시연회 (16:00~16:40) 참여인원 : 총 300 명 내외 * 경복궁 집옥재 내부에서 진행되는 국제심포지엄은 사전 예약에 따른 지정석으로만 진행됩니다 . 다만 집옥재 앞마당에서 열리는 줄타기 시연회는 누구나 자유롭게 보실 수 있습니다 . 관람연령 : 전 연령 가능 * 국제심포지엄은 좌석 지정제로 운영되는 행사로 , 48 개월 미만 아동은 보호자 동반하에 1 명까지만 입장이 가능합니다 . [ 프로그램 안내 ] 프로그램 안내 [ 참가자 등록 ] 국제심포지엄 참석자 등록 [ 개회식 ] 국가유산진흥원장 개회사 & 사진촬영 [ 세션 1] 한국의 줄타기 역사와 미래 [ 세션 2] 해외 줄타기의 스포츠 접목 및 무형유산으로써 활용 사례 [ 특별세션 ] 유네스코 인가 NGO 국가유산진흥원 활동 소개 [ 시연회 ] 국가무형유산 줄타기보존회 [ 사전접수 안내 ] 사전접수 안내 - 국제심포지엄 참가비 : 무료 * 경복궁 집옥재에서 열리는 국제심포지엄 및 시연회 행사는 무료지만 , 경복궁 입장 시 입장권을 별도로 구매하셔서 입장하셔야 합니다 . ( 한복 착용자는 무료 입장 가능 ) * 집옥재 심포지엄의 경우 사전예약하신분들은 집옥재 앞 교부처에서 좌석 배정표를 받으시고 입장하시면 됩니다 . ( 좌석 배정표는 선착순 지급 ) * 사전예약이 확정되신 참가자분들에게는 행사 2 일 전 안내 문자를 발송해 드립니다 . * 참가자 개인정보는 ( 참석 확인 , 안내사항 전달 ) 외에는 사용하지 않음을 알립니다 . - 사전접수처 : 구글예약 * 국가유산진흥원 홈페이지 및 웹포스터 QR( 링크 ) 오픈일 : 2025. 9. 30. 행사 유의사항 - 관람 시 유의사항 * 행사 중 플래시 사용 , 삼각대 사용 , 음식물 반입을 금합니다 . - 우천 시 안내 * 국제심포지엄 행사는 예정대로 진행되며 , 줄타기 시연회는 다음날로 순연되어 진행될 수 있습니다 .",https://www.kh.or.kr/program/view/menu/1292?viewType=ach&idx=706&searchRound=28&searchStTime=&searchEnTime=&searchField=homeAll&searchText=,https://www.kh.or.kr/jnrepo/upload/jnPrgFestivalProgram/202509/234bc5069cb04613a7e9da142a65c712_1759129048356.jpg,2025 줄타기 심포지엄,0,1,0,1,1,0,1,1,1,1,2025년 국제심포지엄 및 시연회,공연,https://www.kh.or.kr/jnrepo/upload/jnPrgFestivalProgram/202509/234bc5069cb04613a7e9da142a65c712_1759129048356.jpg,2025년 국제심포지엄 및 시연회,공연,공연,사전예약,https://www.kh.or.kr/jnrepo/upload/jnPrgFestivalProgram/202509/234bc5069cb04613a7e9da142a65c712_1759129048356.jpg
28,11회,693,경복궁 한복 연향,경복궁 한복 연향,한복 연향,종료,공식행사,행사형,사전예약,1,0,0,2025-10-08~2025-10-09,2025-10-08,2025-10-09,2,2025,10,가을,,,0,,,,경복궁,경복궁,경복궁 일대,경복궁 일대,경복궁,"일 1,500명",티켓문의 : 1588-7890 / 행사운영 : 1522-2295,,https://www.kh.or.kr/program/view/menu/1292?viewType=ach&idx=693&searchRound=28&searchStTime=&searchEnTime=&searchField=homeAll&searchText=,https://www.kh.or.kr/jnrepo/upload/jnPrgFestivalProgram/202509/914416a11fde4e04b79834fe3b970133_1757545440117.jpg,썸네일,0,0,0,0,0,0,1,1,0,0,경복궁 한복 연향,공식행사,https://www.kh.or.kr/jnrepo/upload/jnPrgFestivalProgram/202509/914416a11fde4e04b79834fe3b970133_1757545440117.jpg,경복궁 한복 연향,공식행사,공식행사,사전예약,https://www.kh.or.kr/jnrepo/upload/jnPrgFestivalProgram/202509/914416a11fde4e04b79834fe3b970133_1757545440117.jpg
28,11회,673,궁중문화축전 스탬프 투어(하반기),스탬프 투어(하반기),스탬프 투어(하반기),종료,체험,참여형,현장참여,0,1,0,2025-10-08~2025-10-12,2025-10-08,2025-10-12,5,2025,10,가을,,,0,,,,경복궁,경복궁,4대궁 및 종묘,4대궁 및 종묘,종묘,,,"2025 가을 궁중문화축전 스탬프투어 4 대궁과 종묘를 5 일간 누비며 스탬프를 모아보세요 . 역사적 장소를 배경으로 추억도 쌓고 건강과 리워드는 덤으로 ! 궁중문화축전을 가장 알차게 즐길 수 있는 궁중문화축전 스탬프 투어 , 10 월 8 일부터 시작됩니다 . - 일시 : 10. 8.( 수 )~10. 12.( 일 ) 9:00~18:00 / 총 5 일간 - 장소 : 4 대궁 ( 경복궁 , 창덕궁 , 덕수궁 , 창경궁 ) 및 종묘 [ 참여 방법 ] ① 각 궁의 종합 안내소에서 스탬프 활동지를 수령합니다 . ( 경복궁 , 덕수궁 , 창덕궁 , 창경궁 종합안내소 / 활동지 소진 시 선착순 마감 ) ② 4 대궁 및 종묘의 스탬프 스팟 10 곳을 방문하여 스탬프를 획득합니다 . ③ 경복궁 종합안내소에서 완주 기념품을 수령합니다 . 구분 스탬프존 위치 경복궁(2개소) 집옥재 / 향원정 창덕궁(1개소) 낙선재 덕수궁(2개소) 정관헌 / 준명당 창경궁(3개소) 명정전 / 통명전 / 대온실 종묘(2개소) 정전 / 영녕전 * 스탬프 투어를 완주하신 분들께 광복 80 주년을 기념해 마련한 특별 기념품을 드립니다 . 독립운동의 역사를 담은 문화유산 활용 상품으로 그 의미를 함께 나누고자 합니다 . * 완주 기념품은 상품 재고에 따라 조기 종료될 수 있습니다 . [ 상품 ](선착순 증정) ① (1~50 등) 한국 광복군 서명문 태극기 보아털 담요 ② (51~100 등) 윤봉길 의사 선서문 텀블러 ③ (101~300 등) 독립운동가 기념 배지 ④ (300 등 ~) 태극기 엽서 + 볼펜 + 책갈피 세트 [ 유의사항 ] ① 궁별 입장료는 별도입니다 . ② 완주 기념품은 축전 기간 내 지정된 수령처 ( 경복궁 흥례문 광장 내 종합안내소 ) 에서만 지급됩니다 . ③ 기념품 중복 수령은 불가하며 1 인 1 회 참여만 가능합니다 . ④ 준비된 기념품 수량 소진 시 조기 마감될 수 있습니다 . ⑤ 부정 사용 적발 시 기념품 지급 제한됩니다 .",https://www.kh.or.kr/program/view/menu/1292?viewType=ach&idx=673&searchRound=28&searchStTime=&searchEnTime=&searchField=homeAll&searchText=,https://www.kh.or.kr/jnrepo/upload/jnPrgFestivalProgram/202509/9596313897234749a7209898641a93bb_1758178257328.jpg,썸네일,1,0,0,0,1,1,0,0,1,1,궁중문화축전 스탬프 투어(하반기),체험,https://www.kh.or.kr/jnrepo/upload/jnPrgFestivalProgram/202509/9596313897234749a7209898641a93bb_1758178257328.jpg,궁중문화축전 스탬프 투어(하반기),체험,체험,현장참여,https://www.kh.or.kr/jnrepo/upload/jnPrgFestivalProgram/202509/9596313897234749a7209898641a93bb_1758178257328.jpg
28,11회,660,수문장 교대의식(하반기),수문장 교대의식(하반기),수문장 교대의식(하반기),종료,재현,관람형,현장참여,0,1,0,2025-10-08~2025-10-12,2025-10-08,2025-10-12,5,2025,10,가을,"일,월,수,목,금,토 10:00 / 14:00","일,월,수,목,금,토 10:00 / 14:00",1,10:00,14:00,,경복궁,경복궁,경복궁 홍례문 광장,경복궁 홍례문 광장,경복궁,,,"1. 행사명 : 수문장 교대의식 2. 행사기간 : 연중 * 경복궁 휴궁일 (화) 제외 3. 행사장소 : 경복궁 광화문 2002년 시작된 경복궁 수문장 교대의식은 조선시대 왕실 호위문화를 상징하는 대표적인 전통문화행사입니다. ‘조선왕조실록’예종(睿宗) 1년(1469) 수문장제도의 시행 기록을 역사적 근거로 하여 재구성된 이 행사는 당시의 복식 및 무기 등을 복원하여 조선 전기(前期) 군인들의 모습을 생생하게 재현하는 것에 초점을 맞추고 있습니다. 4. 수문장 교대의식 프로그램 안내 <상설행사> ○ 수문장 교대의식 - 가장 큰 규모를 자랑하는 수문장 교대의식은 1일 2회, 약 70명의 수문군과 15명의 취타대가 등장하며 진행됩니다. 수문장 교대의식은 수문장 군례 및 광화문 안전여부 확인, 근무 교대 순의 절차로 이루어 집니다. - 행사시간 : 10:00, 14:00(소요시간 20분) ○ 광화문 파수의식 - 광화문 파수의식은 1일 2회 진행되며, 약 15명의 광화문 파수군과 취타대가 등장합니다. 파수군의 무기 관리 및 근무 태도를 확인하는 '적간(摘奸)'을 통하여 광화문을 지키는 군사들을 점검하고 근무 교대합니다. - 행사시간 : 11:00, 13:00(소요시간 10분) ○ 광화문 입직근무 - 광화문에 파수군이 근무 서고 있는 것을 '입직근무'라고 지칭하고 있습니다. 수문장 교대의식과 광화문 파수의식 때 입직근무 교대를 하게 되며, 비 또는 눈이 오는 날에도 전통 비옷인 '우장(雨裝)'을 입고 광화문 근무를 섭니다. - 행사시간 : 교대의식 및 파수의식 후 광화문 입직근무(매시간) ○ 수문군 공개훈련 - 1일 2회 진행 되는 경복궁 협생문 앞에서 진행되는 수문군 공개훈련은 수문장 지휘 아래 근무 교대 연습 및 군사 훈련 등의 모습을 볼 수 있습니다. - 행사시간 : 09:35, 13:35(소요시간 15분)",https://www.kh.or.kr/program/view/menu/1292?viewType=ach&idx=660&searchRound=28&searchStTime=&searchEnTime=&searchField=homeAll&searchText=,https://www.kh.or.kr/jnrepo/upload/jnPrgFestivalProgram/202509/0ba9317a9bbc4751a80a7eee7f48b92d_1758046092562.JPG,수문장 교대의식,0,0,0,0,1,0,0,0,0,1,수문장 교대의식(하반기),재현,https://www.kh.or.kr/jnrepo/upload/jnPrgFestivalProgram/202509/0ba9317a9bbc4751a80a7eee7f48b92d_1758046092562.JPG,수문장 교대의식(하반기),재현,재현,현장참여,https://www.kh.or.kr/jnrepo/upload/jnPrgFestivalProgram/202509/0ba9317a9bbc4751a80a7eee7f48b92d_1758046092562.JPG
28,11회,659,2025년 경복궁 생과방(하반기),경복궁 생과방(하반기),생과방(하반기),종료,체험,참여형,사전예약,1,0,0,2025-10-08~2025-10-12,2025-10-08,2025-10-12,5,2025,10,가을,"일,월,수,목,금,토 10:00 / 11:40 / 13:50 / 15:30","일,월,수,목,금,토 10:00 / 11:40 / 13:50 / 15:30",1,10:00,11:40,,경복궁,경복궁,경복궁 생과방,경복궁 생과방,경복궁,회차당 36명(1일 144명),행사문의 콜센터 : 1522-2295 | 티켓문의 : 티켓링크 고객센터 1588-7890,"경복궁 소주방 전각에 위치한 생과방'은 궁중의 육처소處所)가운데 하나이며, '국왕과 왕비의 후식과 별식을 준비하던 곳으로 '생물방' 혹은 '생것방'이라고도 불렸습니다. 경복궁 생과방 프로그램은 조선왕조실록의 내용을 토대로 실제 임금이 드셨던 궁중병과와 궁중약차를 오늘날에도 즐길 수 있도록 구성된 체험 프로그램 입니다. 1. 행사 기간 : 2025. 9. 3.(수) ~ 11. 3.(월) * 매주 수~월요일 운영 2. 행사 시간 * 회당 70분 내외 소요 ○ 1회차 10:00 ~ 11:10 ○ 2회차 11:40 ~ 12:50 ○ 3회차 13:50 ~ 15:00 ○ 4회차 15:30 ~ 16:40 3. 행사 장소 : 경복궁 생과방 4. 참여 인원 : 회차당 36명 / 1일 144명 5. 관람 연령 : 전 연령 체험 가능 * <경복궁 생과방>은 좌석 지정제로 운영되는 행사로, 48개월 미만 아동은 보호자 동반 하에 1명까지만 입장 가능합니다. 입장 시 반드시 관련 증빙자료 확인을 진행하며, 증빙자료 미소지 시 입장이 불가함을 안내드립니다. * 취학 연령 및 청소년(2007 ~ 2018년 출생자)은 일반인 1인과 동일한 티켓을 소지하여야 하며, 보호자 동반하여야 입장 가능합니다. 6. 행사 문의 ○ 행사안내 : 궁능 활용 프로그램 전화 상담실 (☎ 1522-2295) ○ 예매안내 : 티켓링크 전화 상담실 (☎ 1588-7890) 7. 예매 안내 * 본 안내 페이지 정독 후 모든 안내사항에 동의하시는 경우에만 응모 및 예매해주시기 바라며, 모든 예매자는 안내 내용을 숙지 및 동의하신 것으로 간주합니다. ○ 예매금액 : 1매 15,000원 *당첨 시 1인 최대 2매 예매 가능 ○ 예매처 : 티켓링크 (www.ticketlink.co.kr) ○ 예매방법 : 우선 예매권 추첨제(온라인) 및 전화 예매 - 우선 예매권 추첨제란? : 창덕궁 달빛기행 예매권 응모에 참여 후, 추첨을 통해 당첨된 분들만 예매에 참여하는 방식입니다. - 예매권 추첨응모 → 추첨 당첨자 발표 → 당첨자 우선 예매 → 잔여석 일반 예매(*선착순) ① 예매권 추첨 응모 : 응모 페이지 접속 및 로그인 → 매수 선택(1인 최대 1매) → 결제진행(0원) → 응모(예매)완료 * 한 ID당 1회 응모 가능하며, 당첨 시 1인 최대 2매 까지 예매 가능합니다. * 응모단계에서는 비용이 발생하지 않습니다. ② 추첨 당첨자 발표 : '국가유산진흥원 누리집 공지, 티켓링크 회원정보에 기입된 휴대폰 번호로 개별 안내 문자 발송 * 예매처 회원정보 내 휴대폰 번호를 사전에 확인·수정하시기 바랍니다. ③ 당첨자 우선 예매 : 예매페이지 접속 및 로그인 → 당첨자 인증(개인정보 입력) → 관람일자 및 회차 선택 → 클린예매 서비스 보안문자 입력 → 결제진행 및 예매완료 * 예매권 당첨자는 '당첨자 우선 예매' 기간 내 원하시는 날짜와 회차를 선착순으로 선택 및 예매할 수 있습니다. * 당첨자 우선 예매 기간 내 티켓 결제까지 완료해야 예약이 최종 확정됩니다. * 기한 내 티켓 결제를 완료하지 않은 경우 당첨이 취소되며, 이를 숙지하지 못해 발생하는 문제는 주최, 주관사, 티켓링크가 책임지지 않습니다. * 당첨자 우선 예매 페이지의 URL 무단 공유를 금하며, 부정 예매 적발 시 자동으로 예매가 취소됩니다. * 당첨자 ID와 예매자 ID가 다를 경우 자동으로 예매가 취소됩니다. * 당첨자 우선 예매를 통해 티켓을 구매하신 경우, 잔여석 일반 예매로 추가 구매가 어려운 점 양해 바랍니다. (ID 제한) ④ 잔여석 일반 예매 : 예매페이지 접속 및 로그인 → 관람일자 및 회차 선택 → 클린예매 서비스 보안문자 입력 → 결제진행 및 예매완료 * 당첨자 우선 예매 기간 종료 후 발생한 잔여석에 한하여 일반 예매(선착순)로 전환됩니다. * 1인 2매까지 예매 가능합니다. 8. 예매 일정 ○ 예매권 추첨 응모 : 2025. 8. 13.(수) 14:00 ~ 8. 19.(화) 23:59 / 7일간 ○ 추첨 당첨자 발표 : 2025. 8. 21.(목) 17:00 이후 ○ 당첨자 우선 예매 : 2025. 8. 22.(금) 14:00 ~ 8. 26.(화) 23:59 / 5일간 ○ 잔여석 일반 예매 : 2025. 8. 27.(수) 14:00 ~ 행사 전일 12:00까지 9. 전화 예매 ○ 예매대상 : 65세 이상(1960년 이전 출생자), 국가유공자, 장애인 ○ 예매처 : 티켓링크 전화 상담실(☎1588-7890) ○ 예매일시 : 2025. 8.27.(수) 14:00 ~ * 전화 상담실 운영시간 : 평일 10:00~19:00 (주말·공휴일 미운영) * 현장에서 증빙자료를 확인할 예정이오니 신분증(국가유공자증, 장애인복지카드 등)을 반드시 지참해주시기 바랍니다. * 전화 예매 및 할인 티켓은 예매자 본인 참여가 원칙이며 가족 양도가 불가합니다. ○ 할인 정보 - 장애의 정도가 심한 장애인(구 1~3급) : 본인 + 동반 1인 / 장애인 복지카드 / 50%할인 - 장애의 정도가 심하지 않은 장애인(구 4~6급) : 본인만 / 장애인 복지카드 / 50%할인 - 국가유공자 : 본인만 / 국가유공자증 / 50%할인 * 할인은 예매 시 적용 가능하며, 일반 권종으로 예매 후 현장에서 할인 적용(차액 환불)이 불가합니다. * 현장 확인 증빙자료 미지참 시 차액 결제, 환불, 행사 참여가 불가한 점 양해 부탁드립니다. 10. 예매 유의사항 [티켓 예매] ○ 본 행사의 티켓은 정식 예매처인 티켓링크를 통한 100% 사전예약 판매를 원칙으로 하며, 그 외의 경로나 현장 판매는 진행되지 않습니다. ○ 부정 예매 및 암표 거래 방지를 위해 신용카드 결제만 가능합니다. ○ 예매하신 본인 입장이 원칙이며, 타인 양도가 불가합니다. ○ 단, 가족 관계일 경우 예매자 및 양도받으실 가족 본인의 신분증과 가족 관계 증빙자료(주민등록등본 혹은 가족관계증명서) 지참 시에만 예외적으로 양도가 가능합니다. * 법적 정의(민법 제779조)에 따른 ‘가족’만 해당(배우자, 직계혈족, 형제자매) * 단, 전화 예매 및 할인 티켓은 예매자 본인 참여가 원칙이며 가족 양도 불가 ○ 본 행사는 생과방에 마련되는 예매확인처에서 본인확인을 진행합니다. 예매자 본인 명의와 일치하는 신분증(원본) 및 예매내역(예매번호)을 반드시 지참해주시기 바랍니다. ○ 실물 티켓은 별도로 제공되지 않습니다. ○ 부정한 방법(매크로 사용, 우선 예매 URL 공유 등)으로 예매하거나 불법 암표 매매 목적으로 구매하는 경우 적발 시 해당 티켓은 사전 통보 없이 예매 취소 및 사용을 제한할 수 있습니다. ○ 불법 암표 거래(프리미엄 티켓 판매, 티켓 양도 사기)로 선량한 예매자의 피해가 발생하고 있습니다. 이로 인한 문제 발생 시 행사 주최·주관사, 예매처는 책임지지 않습니다. 반드시 정식 예매처를 통해 예매해주시기 바랍니다. ○ 본 행사 진행 중 기록촬영으로 인해 관람객 초상이 노출되거나 촬영될 수 있으니 이 점 양해 부탁드립니다. [취소 및 환불] ○ 예매하신 티켓의 취소와 환불은 예매처의 규정을 준수합니다. ○ 취소 마감 시간(행사 전일 12:00) 이전 티켓 취소 시 100% 환불되며, 취소 수수료가 발생하지 않습니다. ○ 취소 마감 시간(행사 전일 12:00) 경과 후 티켓 취소 및 변경이 불가합니다. 11. 프로그램 안내 경복궁에서 마주한 특별한 시간 A Special Ocaasion Enjoyed in Gyeongbokgung Palace [궁중병과] ① 주악세트(다과 6종, 약차 1종)주악 : 복숭아·호두정과, 매작과, 잣박산, 금귤정과, 모과과편 ② 곶감쌈 세트(다과6종, 약차 1종) : 곶감쌈, 약과, 매작과, 흑임자·호박씨 다식, 복숭아정과, 모과과편 [궁중약차] ① 감길다(도라지, 감초, 귤피) ② 삼귤다(인삼, 귤피, 대추) ③ 제호다(매실) ④ 오미자다(오미자) 12. 접수 안내 ○ 접수 장소 : 경복궁 생과방 입구 예매확인처 ○ 접수 시간 - 1회차 09:55 - 2회차 11:35 - 3회차 13:45 - 4회차 15:25 * 각 회차별 행사 시작 시간 5분 전부터 접수 및 생과방 입장이 가능합니다. * 경복궁 입장 시, “경복궁 입장권”은 매표소에서 별도로 구매하신 후 입장하셔야 합니다. 13. 행사 유의사항 ○ 접수 시 유의사항 - 본 행사는 예매확인처에서 본인확인을 진행합니다. 예매자 본인 명의와 일치하는 신분증(원본) 및 예매내역(예매번호)을 반드시 지참해주시기 바랍니다. - 예매자 본인확인이 불가하거나 예매정보와 현장 참여자 정보가 다를 경우 입장이 제한됩니다. - 할인 예매 고객께서는 현장 확인 증빙자료를 반드시 지참해주시기 바랍니다. - 접수 시간이 경과하면 행사 참여에 제한이 있을 수 있습니다. ○ 관람 시 유의사항 - 행사 중 플래시 사용, 삼각대 사용, 음식물 반입을 금합니다. - 사전예매 시 선택하신 좌석과 궁중다과의 메뉴 변경은 불가합니다. - 거동이 불편하신 고객께서는 추후 연락드리는 운영사무국을 통해 휠체어 탑승 여부를 알려 주시기 바라며, 사전 협의 후 원하시는 경우에는 별도 야외 좌석으로 안내드릴 예정입니다. ○ 우천 시 안내 - 본 행사는 우천 시에도 취소 없이 운영됩니다. - 변동 및 안내사항은 문자로 우선 안내됩니다. 예매 전에 티켓링크 회원정보 상의 연락처를 반드시 확인하시기 바라며, 회원정보 오기재로 인한 불이익은 행사 주최·주관사, 티켓사에서 책임지지 않습니다. 14. 오시는 길 ○ 지하철 - <안국역> 3호선 1번 출구 - <광화문역> 5호선 2번 출구 - <경복궁역> 3호선 4번 출구 * 경복궁 동편 유료주차장(주차비 본인 부담) 이용이 가능합니다. 15. 티켓 문의 : 티켓링크 전화 상담실 ☎1588-7890 16. 행사문의 : 궁능 활용 프로그램 전화 상담실 1522-2295 주최 : 국가유산청 궁능유적본부 https://royal.khs.go.kr 주관 : 국가유산진흥원 https://www.kh.or.kr",https://www.kh.or.kr/program/view/menu/1292?viewType=ach&idx=659&searchRound=28&searchStTime=&searchEnTime=&searchField=homeAll&searchText=,https://www.kh.or.kr/jnrepo/upload/jnPrgFestivalProgram/202509/b6ce630ed4fb4210acf34a1c87188832_1757556764615.JPG,썸네일,0,1,0,0,1,0,0,1,1,1,2025년 경복궁 생과방(하반기),체험,https://www.kh.or.kr/jnrepo/upload/jnPrgFestivalProgram/202509/b6ce630ed4fb4210acf34a1c87188832_1757556764615.JPG,2025년 경복궁 생과방(하반기),체험,체험,사전예약,https://www.kh.or.kr/jnrepo/upload/jnPrgFestivalProgram/202509/b6ce630ed4fb4210acf34a1c87188832_1757556764615.JPG
28,11회,527,경복궁 왕가의 산책,경복궁 왕가의 산책,왕가의 산책,종료,재현,관람형,현장참여,0,1,0,2025-10-08~2025-10-12,2025-10-08,2025-10-12,5,2025,10,가을,"일,수,목,금,토 11:30(50분) / 14:30(50분)","일,수,목,금,토 11:30(50분) / 14:30(50분)",1,11:30,14:30,50,경복궁,경복궁,경복궁 일대,경복궁 일대,경복궁,,,"왕과 함께하는 특별한 경복궁 산책 ! ‘ 왕가의 산책 ’ 은 국왕 , 왕비 , 왕세자 , 세자빈이 산선시위와 군사의 호위를 받으며 궁궐을 산책하는 모습을 재현한 행사입니다 . 조선시대 경복궁의 한 장면 속을 함께 거닐어 보는 건 어떨까요 ? * 산선시위 : 산 ( 우산 모양의 의잘물 ) 과 선 ( 부채 모양 의장물 ) 을 들고 임금을 호위하는 사람 [ 행사안내 ] - 일자 : 10. 8.(수) ~10. 12.(일) - 시간 : 11:30 / 14:30 (40분) - 산책 동선 : 건춘문(시작) - 향원정(포토타임) - 경회루(포토타임) - 근정전 - 퇴장(종료) [ 유의사항 ] - 야외 행사의 특성 상 행사당일 우천 예보 시 행사가 취소될 수 있습니다 . - 궁궐 내 모든 공간은 금역구역입니다 . - 문화유산 보호구역으로 음식물 , 인화물질 , 놀이기구의 반입이 제한됩니다 . - 행사 당일 언론 및 방송 취재가 있을 수 있으며 , 사전에 개별 고지 없이 촬영될 수 있음을 양해바랍니다 . - 행사 시 촬영한 사진 및 영상은 궁중문화축전의 공식 홍보 및 연구 , 발간 자료 등에 활용될 수 있습니다 . * 행사문의 : 궁능활용프로그램 전화상담실 (1522-2295)",https://www.kh.or.kr/program/view/menu/1292?viewType=ach&idx=527&searchRound=28&searchStTime=&searchEnTime=&searchField=homeAll&searchText=,https://www.kh.or.kr/jnrepo/upload/jnPrgFestivalProgram/202408/92835afa0a214c7c9b433a19668a8f78_1724820270391.jpg,왕가,0,0,0,0,1,1,0,0,0,1,경복궁 왕가의 산책,재현,https://www.kh.or.kr/jnrepo/upload/jnPrgFestivalProgram/202408/92835afa0a214c7c9b433a19668a8f78_1724820270391.jpg,경복궁 왕가의 산책,재현,재현,현장참여,https://www.kh.or.kr/jnrepo/upload/jnPrgFestivalProgram/202408/92835afa0a214c7c9b433a19668a8f78_1724820270391.jpg
28,11회,688,특별 굿즈 <궁패스 노리개>,특별 굿즈 <궁패스 노리개>,특별 굿즈 <궁패스 노리개>,종료,온라인,기타,사전예약,1,0,0,2025-10-08~2025-10-12,2025-10-08,2025-10-12,5,2025,10,가을,,,0,,,,종묘,종묘,".경복궁, 창덕궁, 덕수궁, 창경궁, 경희궁, 종묘",".경복궁, 창덕궁, 덕수궁, 창경궁, 경희궁, 종묘","경복궁, 창덕궁, 덕수궁, 창경궁, 경희궁, 종묘","2,000명",티켓문의 : 1588-7890 / 행사운영 : 1522-2295,"궁 마니아라면 놓칠 수 없는 컬렉션! 단 한 점으로 즐기는 서울의 5대궁과 종묘가을 궁중문화축전 기간(10. 8.(수)~10. 12.(일)) 기간 동안 서울의 5대궁과 종묘를 무제한으로 방문할 수 있는 특별 관람권 기능을 갖춘 궁중문화축전 특별 굿즈를 소개합니다.아름다운 노리개 형태의 한정판 굿즈와 함께 가벼운 마음으로 궁궐과 종묘를 마음껏 누벼보시길 바랍니다. [수령안내] ○ 수령장소(택일) ① 경복궁 흥례문 앞 <궁중문화축전> 종합안내소 ② 창경궁 홍화문 앞 <궁중문화축전> 종합안내소 ○ 수령기간: 2025. 10. 8.(수)~10. 12.(일) ○ 수령시간: 09:00~17:00 ○ 수령방법: 티켓링크 모바일 티켓 확인 후 실물굿즈 교환(최초 1회) [유의사항] ○ 본 상품은 수령처에서 본인확인을 진행합니다. 예매자 본인 명의와 일치하는 신분증(원본) 및 예매내역(예매번호)을 반드시 지참하시길 바랍니다. ○ 취소 마감 시간(10. 7.(화) 17시) 경과 후 티켓 취소 및 변경, 환불이 불가합니다. ○ 사용 개시일(10. 8.(수))부터는 실물굿즈 교환 후 환불이 불가합니다. ○ 수령 기간이 종료된 이후에는 본 상품을 수령하실 수 없습니 다. * 오픈일정 : 2025.09.11 낮 12:00 * 예매마감 : 2025.10.12 17:00 * 취소마감 : 2025.10.07 17:00 * 구매수량 : 1인 당 최대 4매",https://www.kh.or.kr/program/view/menu/1292?viewType=ach&idx=688&searchRound=28&searchStTime=&searchEnTime=&searchField=homeAll&searchText=,https://www.kh.or.kr/jnrepo/upload/jnPrgFestivalProgram/202509/c38ed0ab408b464aa315ed29a917feb9_1757544873959.jpg,썸네일,1,0,0,0,0,0,0,1,0,0,특별 굿즈 <궁패스 노리개>,온라인,https://www.kh.or.kr/jnrepo/upload/jnPrgFestivalProgram/202509/c38ed0ab408b464aa315ed29a917feb9_1757544873959.jpg,특별 굿즈 <궁패스 노리개>,온라인,온라인,사전예약,https://www.kh.or.kr/jnrepo/upload/jnPrgFestivalProgram/202509/c38ed0ab408b464aa315ed29a917feb9_1757544873959.jpg
26,11회,644,세종대왕자태실 태봉안행차 재현 행사,세종대왕자태실 태봉안행차 재현 행사,세종대왕자태실 태봉안행차 재현 행사,종료,재현,관람형,현장참여,0,1,0,2025-05-02~2025-05-02,2025-05-02,2025-05-02,1,2025,5,봄,금 14:00 ~ 15:00,금 14:00 ~ 15:00,1,14:00,15:00,,경복궁,경복궁,"교태전, 강녕전","교태전, 강녕전",경복궁,,,성주군 진행 세종대왕자태실 태봉안행차 재현 행사,https://www.kh.or.kr/program/view/menu/1292?viewType=ach&idx=644&searchRound=26&searchStTime=&searchEnTime=&searchField=homeAll&searchText=,https://www.kh.or.kr/jnrepo/upload/jnPrgFestivalProgram/202504/2bfa26674f64492aa40c12fc90a9d02a_1744629577610.jpg,-,0,0,0,0,1,0,0,0,0,0,세종대왕자태실 태봉안행차 재현 행사,재현,https://www.kh.or.kr/jnrepo/upload/jnPrgFestivalProgram/202504/2bfa26674f64492aa40c12fc90a9d02a_1744629577610.jpg,세종대왕자태실 태봉안행차 재현 행사,재현,재현,현장참여,https://www.kh.or.kr/jnrepo/upload/jnPrgFestivalProgram/202504/2bfa26674f64492aa40c12fc90a9d02a_1744629577610.jpg
26,11회,637,2025 봄 궁중문화축전 스탬프 투어,스탬프 투어,스탬프 투어,종료,체험,참여형,현장참여,0,1,0,2025-04-26~2025-05-04,2025-04-26,2025-05-04,9,2025,4,봄,04.26 ~ 05.04 09:00 ~ 18:00,04.26 ~ 05.04 09:00 ~ 18:00,1,09:00,18:00,,경복궁,경복궁,"경복궁, 창덕궁, 덕수궁, 창경궁, 경희궁, 종묘","경복궁, 창덕궁, 덕수궁, 창경궁, 경희궁, 종묘","경복궁, 창덕궁, 덕수궁, 창경궁, 경희궁, 종묘",,,"5 대궁과 종묘를 9 일간 누비며 스탬프를 모아보세요 . 역사적 장소를 배경으로 추억도 쌓고 건강과 리워드는 덤으로 ! 궁중문화축전을 가장 알차게 즐기는 궁중문화축전 스탬프 투어 , 4 월 26 일부터 시작됩니다 . - 일시 : 4. 26.( 토 )~5. 4.( 일 ) 10:00~17:00/ 총 9 일 - 장소 : 5 대궁 및 종묘 [ 참여 방법 ] ① 각 궁의 종합 안내소에서 스탬프 활동지 수령 ( 경복궁 , 덕수궁 , 창덕궁 , 창경궁 종합안내소 / 활동지 소진 시 선착순 마감 ) ② 5 대궁 및 종묘의 스탬프 스팟 10 곳을 방문하여 스탬프 획득 ③ 경복궁 종합 안내소에서 리워드 수령 *리워드 이벤트는 상품 재고에 따라 조기 종료 될 수 있습니다. * 상품 1~50 등 우양산 51~100 등 경회루 텀블러 101~150 등 궁중문화축전 젓가락 151~300 등 2025 봄 궁중문화축전 발매트 300등~ 궁궐 입체 자석 ** 유의사항 ① 궁별 입장료는 별도입니다. ② 완주 기념품은 축전 기간 내 지정된 수령처 ( 경복궁 흥례문 광장 내 종합안내소 ) 에서만 지급 가능합니다. ③ 기념품 중복 수령은 불가하며 1 인 1 회 참여만 가능합니다. ④ 준비된 기념품 수량 소진 시 조기 마감될 수 있습니다. ⑤ 부정 사용 적발 시 기념품 지급 제외됩니다.",https://www.kh.or.kr/program/view/menu/1292?viewType=ach&idx=637&searchRound=26&searchStTime=&searchEnTime=&searchField=homeAll&searchText=,https://www.kh.or.kr/jnrepo/upload/jnPrgFestivalProgram/202504/b97eed763ec64443abea3a8c41eb5e25_1745635456811.jpg,-,1,0,0,0,1,1,0,0,1,1,2025 봄 궁중문화축전 스탬프 투어,체험,https://www.kh.or.kr/jnrepo/upload/jnPrgFestivalProgram/202504/b97eed763ec64443abea3a8c41eb5e25_1745635456811.jpg,2025 봄 궁중문화축전 스탬프 투어,체험,체험,현장참여,https://www.kh.or.kr/jnrepo/upload/jnPrgFestivalProgram/202504/b97eed763ec64443abea3a8c41eb5e25_1745635456811.jpg
26,11회,630,열아홉 화협옹주의 꽃단장,열아홉 화협옹주의 꽃단장,열아홉 화협옹주의 꽃단장,종료,체험,참여형,사전예약,1,0,0,2025-05-01~2025-05-01,2025-05-01,2025-05-01,1,2025,5,봄,목 10:10 ~ 12:10,목 10:10 ~ 12:10,1,10:10,12:10,,경복궁,경복궁,국립고궁박물관 B1 고궁배움터 교육실 1,국립고궁박물관 B1 고궁배움터 교육실 1,경복궁,,,열아홉 화협옹주의 꽃단장,https://www.kh.or.kr/program/view/menu/1292?viewType=ach&idx=630&searchRound=26&searchStTime=&searchEnTime=&searchField=homeAll&searchText=,https://www.kh.or.kr/jnrepo/upload/jnPrgFestivalProgram/202504/a863bd6b72984ee0a7194d961243f9fe_1743934819437.jpg,-,0,0,0,0,0,0,0,1,0,0,열아홉 화협옹주의 꽃단장,체험,https://www.kh.or.kr/jnrepo/upload/jnPrgFestivalProgram/202504/a863bd6b72984ee0a7194d961243f9fe_1743934819437.jpg,열아홉 화협옹주의 꽃단장,체험,체험,사전예약,https://www.kh.or.kr/jnrepo/upload/jnPrgFestivalProgram/202504/a863bd6b72984ee0a7194d961243f9fe_1743934819437.jpg
26,11회,629,국립고궁박물관-어차 MZ 워크샵,국립고궁박물관-어차 MZ 워크샵,국립고궁박물관-어차 MZ 워크샵,종료,체험,참여형,사전예약,1,0,0,2025-05-01~2025-05-01,2025-05-01,2025-05-01,1,2025,5,봄,목 13:30 ~ 15:30,목 13:30 ~ 15:30,1,13:30,15:30,,경복궁,경복궁,국립고궁박물관 B1 고궁배움터 교육실 1,국립고궁박물관 B1 고궁배움터 교육실 1,경복궁,,,국립고궁박물관-어차 MZ 워크샵,https://www.kh.or.kr/program/view/menu/1292?viewType=ach&idx=629&searchRound=26&searchStTime=&searchEnTime=&searchField=homeAll&searchText=,https://www.kh.or.kr/jnrepo/upload/jnPrgFestivalProgram/202504/057b11c7211f431987e4b525373f671a_1745071283214.jpg,-,0,0,0,0,1,0,0,1,0,0,국립고궁박물관-어차 MZ 워크샵,체험,https://www.kh.or.kr/jnrepo/upload/jnPrgFestivalProgram/202504/057b11c7211f431987e4b525373f671a_1745071283214.jpg,국립고궁박물관-어차 MZ 워크샵,체험,체험,사전예약,https://www.kh.or.kr/jnrepo/upload/jnPrgFestivalProgram/202504/057b11c7211f431987e4b525373f671a_1745071283214.jpg
26,11회,578,경복궁 수문장 교대의식,경복궁 수문장 교대의식,수문장 교대의식,종료,재현,관람형,현장참여,0,1,0,2025-04-25~2025-05-04,2025-04-25,2025-05-04,10,2025,4,봄,"일,월,화,수,목,금,토 10:00(20분) / 14:00(20분)","일,월,화,수,목,금,토 10:00(20분) / 14:00(20분)",1,10:00,14:00,20,경복궁,경복궁,경복궁 흥례문 광장,경복궁 흥례문 광장,경복궁,,,"1. 행사명 : 수문장 교대의식 2. 행사기간 : 연중 * 경복궁 휴궁일 (화) 제외 3. 행사장소 : 경복궁 광화문 2002년 시작된 경복궁 수문장 교대의식은 조선시대 왕실 호위문화를 상징하는 대표적인 전통문화행사입니다. ‘조선왕조실록’예종(睿宗) 1년(1469) 수문장제도의 시행 기록을 역사적 근거로 하여 재구성된 이 행사는 당시의 복식 및 무기 등을 복원하여 조선 전기(前期) 군인들의 모습을 생생하게 재현하는 것에 초점을 맞추고 있습니다. 4. 수문장 교대의식 프로그램 안내 <상설행사> ○ 수문장 교대의식 - 가장 큰 규모를 자랑하는 수문장 교대의식은 1일 2회, 약 70명의 수문군과 15명의 취타대가 등장하며 진행됩니다. 수문장 교대의식은 수문장 군례 및 광화문 안전여부 확인, 근무 교대 순의 절차로 이루어 집니다. - 행사시간 : 10:00, 14:00(소요시간 20분) ○ 광화문 파수의식 - 광화문 파수의식은 1일 2회 진행되며, 약 15명의 광화문 파수군과 취타대가 등장합니다. 파수군의 무기 관리 및 근무 태도를 확인하는 '적간(摘奸)'을 통하여 광화문을 지키는 군사들을 점검하고 근무 교대합니다. - 행사시간 : 11:00, 13:00(소요시간 10분) ○ 광화문 입직근무 - 광화문에 파수군이 근무 서고 있는 것을 '입직근무'라고 지칭하고 있습니다. 수문장 교대의식과 광화문 파수의식 때 입직근무 교대를 하게 되며, 비 또는 눈이 오는 날에도 전통 비옷인 '우장(雨裝)'을 입고 광화문 근무를 섭니다. - 행사시간 : 교대의식 및 파수의식 후 광화문 입직근무(매시간) ○ 수문군 공개훈련 - 1일 2회 진행 되는 경복궁 협생문 앞에서 진행되는 수문군 공개훈련은 수문장 지휘 아래 근무 교대 연습 및 군사 훈련 등의 모습을 볼 수 있습니다. - 행사시간 : 09:35, 13:35(소요시간 15분) 수문장의 역사, 절차 등 자세한 사항은 '수문장 교대의식' 메뉴에서 확인 가능합니다.",https://www.kh.or.kr/program/view/menu/1292?viewType=ach&idx=578&searchRound=26&searchStTime=&searchEnTime=&searchField=homeAll&searchText=,https://www.kh.or.kr/jnrepo/upload/jnPrgFestivalProgram/202503/a43c31457a7d435cb4199e7bbdadecd0_1742217513382.jpg,수문장,0,0,0,0,1,0,0,0,0,1,경복궁 수문장 교대의식,재현,https://www.kh.or.kr/jnrepo/upload/jnPrgFestivalProgram/202503/a43c31457a7d435cb4199e7bbdadecd0_1742217513382.jpg,경복궁 수문장 교대의식,재현,재현,현장참여,https://www.kh.or.kr/jnrepo/upload/jnPrgFestivalProgram/202503/a43c31457a7d435cb4199e7bbdadecd0_1742217513382.jpg
26,11회,577,경복궁 생과방,경복궁 생과방,생과방,종료,체험,참여형,사전예약,1,0,0,2025-04-25~2025-05-04,2025-04-25,2025-05-04,10,2025,4,봄,04.16 ~ 06.23 10:00/11:40 ~ 13:50/15:30(70분),04.16 ~ 06.23 10:00/11:40 ~ 13:50/15:30(70분),1,10:00,11:40,70,경복궁,경복궁,경복궁 생과방,경복궁 생과방,경복궁,,,"경복궁 소주방 전각에 위치한 생과방'은 궁중의 육처소處所)가운데 하나이며, '국왕과 왕비의 후식과 별식을 준비하던 곳으로 '생물방' 혹은 '생것방'이라고도 불렸습니다. 경복궁 생과방 프로그램은 조선왕조실록의 내용을 토대로 실제 임금이 드셨던 궁중병과와 궁중약차를 오늘날에도 즐길 수 있도록 구성된 체험 프로그램 입니다. 1. 행사 기간 : 2025. 4. 16.(수) ~ 6. 23.(월) * 매주 수~월요일 운영을 기본으로 하나, 위 행사기간 중 아래 일자는 동일 주간의 화요일에 대체 운영 * 5. 7.(수) → 5. 6.(화) 2. 행사 시간 : 1회차 10:00 ~ 11:10 / 2회차 11:40 ~ 12:50 / 3회차 13:50 ~ 15:00 / 4회차 15:30 ~ 16:40 * 회당 70분 내외 소요 3. 행사 장소 : 경복궁 생과방 4. 참여 인원 : 회차당 36명, 1일 144명 5. 관람 연령 : 전 연령 체험 가능 * <경복궁 생과방>은 좌석 지정제로 운영되는 행사로, 48개월 미만 아동은 보호자 동반 하에 1명까지만 입장 가능합니다. 입장 시 반드시 관련 증빙자료 확인 작업을 진행하며, 증빙자료 미소지 시 입장이 불가함을 안내드립니다. * 48개월 이상 아동 및 청소년(2007년 ~ 2018년 출생자)은 일반인 1인과 동일한 티켓을 소지하여야 하며, 보호자 동반하여야 입장 가능합니다. 6. 행사 문의 ○ 행사안내 : 궁능 활용 프로그램 전화 상담실 (☎ 1522-2295) ○ 예매안내 : 티켓링크 전화 상담실 (☎ 1588-7890) 7. 예매 안내 * 본 안내 페이지 정독 후 모든 안내사항에 동의하시는 경우에만 응모 및 예매해주시기 바라며, 모든 예매자는 안내 내용을 숙지 및 동의하신 것으로 간주합니다. ○ 예매금액 : 1매 15,000원 *당첨 시 1인 최대 2매 예매 가능 ○ 예매처 : 티켓링크 (www.ticketlink.co.kr) ○ 예매방법 : 우선 예매권 추첨제(온라인) 및 전화 예매 ○ 우선 예매권 추첨제 : 경복궁 생과방 예매권 응모에 참여 후 추첨을 통해 당첨된 분들만 예매에 참여하는 방식 - 예매권 추첨응모 → 추첨 당첨자 발표 → 당첨자 우선 예매 → 잔여석 일반 예매(*선착순) ① 예매권 추첨 응모 : 응모 페이지 접속 및 로그인 → 매수 선택(1인 최대 1매) → 결제진행(0원) → 응모(예매)완료 * 한 ID당 1회 응모 가능하며, 당첨 시 1인 최대 2매 까지 예매 가능합니다. * 응모단계에서는 비용이 발생하지 않습니다. ② 추첨 당첨자 발표 - ‘국가유산진흥원’ 누리집 공지 - 예매처 회원정보에 기입된 휴대폰 번호로 개별 안내 문자 발송 * 예매처 회원정보 내 휴대폰 번호를 사전에 확인·수정하시기 바랍니다. ③ 당첨자 우선 예매 : 예매페이지 접속 및 로그인 → 당첨자 인증(개인정보 입력) → 관람일자 및 회차 선택 → 클린예매 서비스 보안문자 입력 → 결제진행 및 예매완료 * 예매권 당첨자는 ‘당첨자 우선 예매’ 기간 내 원하는 회차 및 좌석을 선착순으로 선택 및 예매할 수 있습니다. * 당첨자 우선 예매 기간 내 티켓 결제까지 완료해야 예약이 최종 확정됩니다. * 기한 내 티켓 결제를 완료하지 않은 경우 당첨이 취소되며, 이를 숙지하지 못해 발생하는 문제는 행사 주최·주관사, 예매처가 책임지지 않습니다. * 당첨자 우선 예매 페이지의 URL 무단 공유를 금하며, 부정 예매 적발 시 자동으로 예매가 취소됩니다. * 당첨자 ID와 예매자 ID가 다를 경우 자동으로 예매가 취소됩니다. * 당첨자 우선 예매를 통해 티켓을 구매하신 경우, 잔여석 일반 예매로 추가 구매가 어려운 점 양해 바랍니다. (ID 제한) ④ 잔여석 일반 예매 : 예매페이지 접속 및 로그인 → 관람일자 및 회차 선택 → 클린예매 서비스 보안문자 입력 → 결제진행 및 예매완료 * 당첨자 우선 예매 기간 종료 후 발생한 잔여석에 한하여 일반 예매(선착순)로 전환됩니다. * 1인 2매까지 예매 가능합니다. 8. 예매 일정 ○ 예매권 추첨 응모 : 2025. 3. 26.(수) 14:00 ~ 4. 1.(화) 14:00 / 7일간 ○ 추첨 당첨자 발표 : 2025. 4. 3.(목) 17:00 이후 ○ 당첨자 우선 예매 : 2025. 4. 4.(금) 14:00 ~ 4. 7.(월) 23:59 / 4일간 ○ 잔여석 일반 예매 : 2025. 4. 9.(수) 14:00 ~ 행사 전일 12:00까지 9. 전화 예매 ○ 예매대상 : 65세 이상(1960년 이전 출생자), 국가유공자, 장애인 ○ 예매처 : 티켓링크 전화 상담실(☎1588-7890) ○ 예매일시 : 2025. 4. 9.(수) 14:00 ~ * 전화 상담실 운영시간 : 평일 10:00 ~ 19:00 (주말·공휴일 미운영) * 현장에서 증빙자료를 확인할 예정이오니 신분증(국가유공자증, 장애인복지카드 등)을 반드시 지참해주시기 바랍니다. * 전화 예매 및 할인 티켓은 예매자 본인 참여가 원칙이며 가족 양도가 불가합니다. 10. 할인 정보 ○ 장애의 정도가 심한 장애인(1~3급) : 본인 + 동반 1인 / 장애인 복지카드 / 50%할인 ○ 장애의 정도가 심하지 않은 장애인(4~6급) : 본인만 / 장애인 복지카드 / 50%할인 ○ 국가유공자 : 본인만 / 국가유공자증 / 50%할인 * 장애의 정도가 심한 장애인 = 구 1~3급 / 장애의 정도가 심하지 않은 장애인 = 구 4~6급 * 할인은 예매 시 적용 가능하며, 일반 권종으로 예매 후 현장에서 할인 적용(차액 환불)이 불가합니다. * 현장 확인 증빙자료 미지참 시 차액 결제, 환불, 행사 참여가 불가한 점 양해 부탁드립니다. 11. 예매 유의사항 [티켓 예매] ○ 본 행사의 티켓은 정식 예매처인 티켓링크를 통한 100% 사전예약 판매를 원칙으로 하며, 그 외의 경로나 현장 판매는 진행되지 않습니다. ○ 부정 예매 및 암표 거래 방지를 위해 신용카드 결제만 가능합니다. ○ 예매하신 본인 입장이 원칙이며, 타인 양도가 불가합니다. ○ 단, 가족 관계일 경우 예매자 및 양도받으실 가족 본인의 신분증과 가족 관계 증빙자료(주민등록등본 혹은 가족관계증명서) 지참 시에만 예외적으로 양도가 가능합니다. * 법적 정의(민법 제779조)에 따른 ‘가족’만 해당(배우자, 직계혈족, 형제자매) * 단, 전화 예매 및 할인 티켓은 예매자 본인 참여가 원칙이며 가족 양도 불가 ○ 본 행사는 생과방에 마련되는 예매확인처에서 본인확인을 진행합니다. 예매자 본인 명의와 일치하는 신분증(원본) 및 예매내역(예매번호)을 반드시 지참해주시기 바랍니다. ○ 실물 티켓은 별도로 제공되지 않습니다. ○ 부정한 방법(매크로 사용, 우선 예매 URL 공유 등)으로 예매하거나 불법 암표 매매 목적으로 구매하는 경우 적발 시 해당 티켓은 사전 통보 없이 예매 취소 및 사용을 제한할 수 있습니다. ○ 불법 암표 거래(프리미엄 티켓 판매, 티켓 양도 사기)로 선량한 예매자의 피해가 발생하고 있습니다. 이로 인한 문제 발생 시 행사 주최·주관사, 예매처는 책임지지 않습니다. 반드시 정식 예매처를 통해 예매해주시기 바랍니다. ○ 본 행사 진행 중 기록촬영으로 인해 관람객 초상이 노출되거나 촬영될 수 있으니 이 점 양해 부탁드립니다. [취소 및 환불] ○ 예매하신 티켓의 취소와 환불은 예매처의 규정을 준수합니다. ○ 취소 마감 시간(행사 전일 오전 12시) 이전 티켓 취소 시 100% 환불되며, 취소 수수료가 발생하지 않습니다. ○ 취소 마감 시간(행사 전일 오전 12시) 경과 후 티켓 취소 및 변경이 불가합니다. 13. 프로그램 안내 경복궁에서 마주한 특별한 시간 A Special Ocaasion Enjoyed in Gyeongbokgung Palace [궁중병과] ① 주악세트(다과 6종, 약차 1종) : 잣박산, 매작과, 주악, 다식, 사과정과, 오미자과편 ② 곶감오림 세트(다과6종, 약차 1종) : 잣박산, 오미자과편, 곶감오림, 금귤정과, 약과, 매작과 [궁중약차] ① 감국다(국화, 구기자) ② 삼귤다(인삼, 귤피, 대추) ③ 감길다(도라지, 감초, 귤피) ④ 오미자다(오미자) 14. 접수 안내 ○ 접수 장소 : 경복궁 생과방 입구 예매확인처 ○ 접수 시간 : (1회차)09:55, (2회차)11:35, (3회차)13:45, (4회차)15:25 - 각 회차별 행사 시작 시간 5분 전부터 접수 및 생과방 입장이 가능합니다. - 경복궁 입장 시, “경복궁 입장권”은 매표소에서 별도로 구매하신 후 입장하셔야 합니다. 15. 행사 유의사항 ○ 접수 시 유의사항 - 본 행사는 예매확인처에서 본인확인을 진행합니다. 예매자 본인 명의와 일치하는 신분증(원본) 및 예매내역(예매번호)을 반드시 지참해주시기 바랍니다. - 예매자 본인확인이 불가하거나 예매정보와 현장 참여자 정보가 다를 경우 입장이 제한됩니다. - 할인 예매 고객께서는 현장 확인 증빙자료를 반드시 지참해주시기 바랍니다. - 접수 시간이 경과하면 행사 참여에 제한이 있을 수 있습니다. ○ 관람 시 유의사항 - 행사 중 플래시 사용, 삼각대 사용, 음식물 반입을 금합니다. - 사전예매 시 선택하신 좌석과 궁중다과의 메뉴 변경은 불가합니다. - 거동이 불편하신 고객께서는 추후 연락드리는 운영사무국을 통해 휠체어 탑승 여부를 알려 주시기 바라며, 사전 협의 후 원하시는 경우에는 별도 야외 좌석으로 안내드릴 예정입니다. ○ 우천 시 안내 - 본 행사는 우천 시에도 취소 없이 운영됩니다. - 변동 및 안내사항은 문자로 우선 안내됩니다. 예매 전에 티켓링크 회원정보 상의 연락처를 반드시 확인하시기 바라며, 회원정보 오기재로 인한 불이익은 행사 주최·주관사, 티켓사에서 책임지지 않습니다. 16. 오시는 길 ○ 지하철 - <안국역> 3호선 1번 출구 - <광화문역> 5호선 2번 출구 - <경복궁역> 3호선 4번 출구 * 경복궁 동편 유료주차장(주차비 본인 부담) 이용이 가능합니다. 17. 예매문의 ○ 티켓링크 고객센터 전화 상담실 : 1588-7890 ○ 행사문의 궁능 활용 프로그램 전화 상담실 : 1522-2295 - 평일 (주말·공휴일 제외) : 10:00~19:00 - (성수기) 2025.4. 1.~6. 16., 2025. 9. 4.~11. 9. : 9:30 ~ 20:30(매주 월 제외/상시운영) - (일반) 성수기 운영기간 외(주말, 공휴일 제외) : 9:30~18:00(점심시간 12:00~13:00) * 성수기 운영기간은 변동 될 수 있습니다.",https://www.kh.or.kr/program/view/menu/1292?viewType=ach&idx=577&searchRound=26&searchStTime=&searchEnTime=&searchField=homeAll&searchText=,https://www.kh.or.kr/jnrepo/upload/jnPrgFestivalProgram/202503/1418530216d34c83b1f7dc1aaa7b7efe_1742217327696.JPG,생과방,0,1,0,0,1,0,0,1,1,1,경복궁 생과방,체험,https://www.kh.or.kr/jnrepo/upload/jnPrgFestivalProgram/202503/1418530216d34c83b1f7dc1aaa7b7efe_1742217327696.JPG,경복궁 생과방,체험,체험,사전예약,https://www.kh.or.kr/jnrepo/upload/jnPrgFestivalProgram/202503/1418530216d34c83b1f7dc1aaa7b7efe_1742217327696.JPG
26,11회,576,경복궁 별빛야행,경복궁 별빛야행,별빛야행,종료,체험,참여형,사전예약,1,0,0,2025-04-25~2025-05-04,2025-04-25,2025-05-04,10,2025,4,봄,"일,목,금,토 18:40(110분) / 19:40(110분)","일,목,금,토 18:40(110분) / 19:40(110분)",1,18:40,19:40,110,경복궁,경복궁,경복궁 일원,경복궁 일원,경복궁,,티켓문의 1588-7890 행사문의 1522-2295,"<예매 일정> ○ 예매권 추첨 응모 : 2025. 3. 13.(목) 14:00 ~ 3. 19.(수) 14:00 / 7일간 https://www.ticketlink.co.kr/product/55206 ○ 추첨 당첨자 발표 : 2025. 3. 20.(목) 17:00 이후 ○ 당첨자 우선 예매 : 2025. 3. 21.(금) 14:00 ~ 3. 24.(월) 23:59 / 4일간 ○ 잔여석 일반 예매 : 2025. 3. 26.(수) 14:00 ~ 행사 당일 10:00까지 경복궁 소주방에서 전통국악공연을 즐기며 임금님의 수라상을 맛보고, 전문가의 해설을 들으며 경복궁 북측 권역으로의 아름다운 야행을 시작합니다. 건청궁·향원정에 이르기까지 경복궁 별빛야행에서만 허락된 경복궁 북측 권역으로의 발걸음은 고궁의 고즈넉함을 온전히 느끼며, 경복궁만이 지닌 새로운 아름다움을 경험하는 특별한 감동을 선사할 것입니다. <행사 안내> 1. 행사 기간 : 2025. 4. 2.(수) ~ 5. 17.(토) * 4. 23.(수) ~ 4. 30.(수) 궁중문화축전 기간 동안 미운영됩니다. * 기간 중 매주 수~일요일 운영을 기본으로 하나, 아래 일자는 대체 운영됩니다. - (기존 일자) 4.30.(수) → (대체 일자) 5.5.(월) 2. 행사 시간 (* 회당 110분 내외 소요) ○ 1회차 - 18:40 ~ 20:30 ○ 2회차 - 19:40 ~ 21:30 3. 행사 장소 : 경복궁 일원 4. 참여 인원 : 회차당 38명 / 1일 76명 5. 관람 연령 : 7세 이상(2018년 이전 출생자) ○ <경복궁 별빛야행>은 야간에 진행되는 행사로 미취학 연령(2019년 이후 출생자) 아동은 안전상의 이유로 참여가 불가한 점 양해 부탁드립니다. ○ 취학 연령 아동 및 청소년(2007년 ~ 2018년 출생자)은 반드시 보호자 동반하여야 입장 가능합니다. 6. 행사 문의 ○ 행사안내 : 궁능 활용 프로그램 전화 상담실 (☎ 1522-2295) ○ 예매안내 : 티켓링크 전화 상담실 (☎ 1588-7890) <예매 안내> ○ 본 안내 페이지 정독 후 모든 안내사항에 동의하시는 경우에만 응모 및 예매해주시기 바라며, 모든 예매자는 안내 내용을 숙지 및 동의하신 것으로 간주합니다. 1. 예매금액 : 1매 60,000원 *당첨 시 1인 최대 2매 예매 가능 2. 예매처 : 티켓링크 (www.ticketlink.co.kr) 3. 예매방법 : 우선 예매권 추첨제(온라인) 및 전화 예매 ○ 우선 예매권 추첨제 : 경복궁 별빛야행 예매권 응모에 참여 후 추첨을 통해 당첨된 분들만 예매에 참여하는 방식 - 예매권 추첨 응모 → 추첨 당첨자 발표 → 당첨자 우선 예매 → 잔여석 일반 예매(*선착순) ① 예매권 추첨 응모 - 응모페이지 접속 및 로그인 → 매수 선택(1인 최대 1매) → 결제 진행(0원) → 응모 완료 * 한 ID당 1회 응모 가능하며, 당첨 시 1인 최대 2매 예매 가능합니다. * 응모단계에서는 비용이 발생하지 않습니다. ② 추첨 당첨자 발표 - ‘국가유산진흥원’ 누리집 공지 - 예매처 회원정보에 기입된 휴대폰 번호로 개별 안내 문자 발송 * 예매처 회원정보 내 휴대폰 번호를 사전에 확인·수정하시기 바랍니다. ③ 당첨자 우선 예매 - 예매페이지 접속 및 로그인 → 당첨자 인증(개인정보 입력) → 관람일자 및 회차 선택 → 클린예매 서비스 보안문자 입력 → 좌석, 예매 매수, 음료 선택(1인 최대 2매) → 결제진행 및 예매완료 * 예매권 당첨자는 ‘당첨자 우선 예매’ 기간 내 원하는 회차 및 좌석을 선착순으로 선택 및 예매할 수 있습니다. * 당첨자 우선 예매 기간 내 티켓 결제까지 완료해야 예약이 최종 확정됩니다. * 기한 내 티켓 결제를 완료하지 않은 경우 당첨이 취소되며, 이를 숙지하지 못해 발생하는 문제는 행사 주최·주관사, 예매처가 책임지지 않습니다. * 당첨자 우선 예매 페이지의 URL 무단 공유를 금하며, 부정 예매 적발 시 자동으로 예매가 취소됩니다. * 당첨자 ID와 예매자 ID가 다를 경우 자동으로 예매가 취소됩니다. * 당첨자 우선 예매를 통해 티켓을 구매하신 경우, 잔여석 일반 예매로 추가 구매가 어려운 점 양해 바랍니다. (ID 제한) ④ 잔여석 일반 예매 - 예매페이지 접속 및 로그인 → 관람일자 및 회차 선택 → 클린예매 서비스 보안문자 입력 → 좌석, 예매 매수, 음료 선택(1인 최대 2매) → 결제진행 및 예매완료 * 당첨자 우선 예매 기간 종료 후 발생한 잔여석에 한하여 일반 예매(선착순)로 전환됩니다. 4. 예매 일정 ○ 예매권 추첨 응모 : 2025. 3. 13.(목) 14:00 ~ 3. 19.(수) 14:00 / 7일간 ○ 추첨 당첨자 발표 : 2025. 3. 20.(목) 17:00 이후 ○ 당첨자 우선 예매 : 2025. 3. 21.(금) 14:00 ~ 3. 24.(월) 23:59 / 4일간 ○ 잔여석 일반 예매 : 2025. 3. 26.(수) 14:00 ~ 행사 당일 10:00까지 5. 전화 예매 ○ 예매대상 : 65세 이상(1960년 이전 출생자), 국가유공자, 장애인 ○ 예매처 : 티켓링크 전화 상담실 (☎1588-7890) ○ 예매일시 : 2025. 3. 26.(수) 14:00 ~ * 전화 상담실 운영시간 : 평일 10:00~19:00 (주말·공휴일 미운영) * 현장에서 증빙자료를 확인할 예정이오니 신분증(국가유공자증, 장애인복지카드 등)을 반드시 지참해주시기 바랍니다. * 전화 예매 및 할인 티켓은 예매자 본인 참여가 원칙이며 가족 양도가 불가합니다. 6. 할인 정보 * 할인은 예매 시 적용 가능하며, 일반 권종으로 예매 후 현장에서 할인 적용(차액 환불)이 불가합니다. * 현장 확인 증빙자료 미지참 시 차액 결제, 환불, 행사 참여가 불가한 점 양해 부탁드립니다. <예매 유의사항> [티켓 예매] ○ 본 행사의 티켓은 정식 예매처인 티켓링크를 통한 100% 사전 예약 판매를 원칙으로 하며, 그 외의 경로나 현장 판매는 진행되지 않습니다. ○ 부정 예매 및 암표 거래 방지를 위해 신용카드 결제만 가능합니다. ○ 예매하신 본인 입장이 원칙이며, 타인 양도가 불가합니다. ○ 단, 가족 관계일 경우 예매자 및 양도받으실 가족 본인의 신분증과 가족 관계 증빙자료(주민등록등본 혹은 가족관계증명서) 지참 시에만 예외적으로 양도가 가능합니다. * 법적 정의(민법 제779조)에 따른 ‘가족’만 해당(배우자, 직계혈족, 형제자매) * 단, 전화 예매 및 할인 티켓은 예매자 본인 참여가 원칙이며 가족 양도 불가 ○ 본 행사는 경복궁 계조당 앞에 마련되는 예매확인처에서 본인확인을 진행합니다. 예매자 본인 명의와 일치하는 신분증(원본) 및 예매내역(예매번호)을 반드시 지참하시길 바랍니다. ○ 실물 티켓은 별도로 제공되지 않습니다. ○ 부정한 방법(매크로 사용, 우선 예매 URL 공유 등)으로 예매하거나 불법 암표 매매 목적으로 구매하는 경우 적발 시 해당 티켓은 사전 통보 없이 예매 취소 및 사용을 제한할 수 있습니다. ○ 불법 암표 거래(프리미엄 티켓 판매, 티켓 양도 사기)로 선량한 예매자의 피해가 발생하고 있습니다. 이로 인한 문제 발생 시 행사 주최·주관사, 예매처는 책임지지 않습니다. 반드시 정식 예매처를 통해 예매하시길 바랍니다. ○ 본 행사 진행 중 기록촬영으로 인해 관람객 초상이 노출되거나 촬영될 수 있으니 이 점 양지하시어 티켓을 예매하시길 바랍니다. [취소 및 환불] ○ 예매하신 티켓의 취소와 환불은 예매처의 규정을 준수합니다. ○ 취소 마감 시간(행사 2일 전 17시) 이전 티켓 취소 시 100% 환불되며, 취소 수수료가 발생하지 않습니다. ○ 취소 마감 시간(행사 2일 전 17시) 경과 후 티켓 취소 및 변경이 불가합니다. ○ 취소 마감 시간(행사 2일 전 17시)) ~ 티켓 판매 마감 시간(행사 2일 전 18시)에 구매하신 티켓 또한 취소 및 변경이 불가합니다. <프로그램 안내> 1. 음식 구성 ○ 별빛야행(도슭소찬) - 1단 : 연근해물채, 저염명란젓, 오이송송이, 배추김치 - 2단 : 호두조림, 삼합장과, 더덕구이, 탕평채 - 3단 : 진지, 생선완자전, 애호박전, 너비아니 - 4단 : 석류 표고버섯탕 - 꽃별찬 : 전복초 - 후식 : 꽃인절미, 정과1종, 모약과, 오미자차 ○ 별빛야행(도슭소찬) 채식 - 1단 : 연근채, 장아찌, 오이송송이, 백김치 - 2단 : 호두조림, 탕평채, 삼합장과(버섯 2종, 무), 더덕구이 - 3단 : 진지, 새송이버섯전, 애호박전, 두부구이 - 4단 : 석류 표고버섯탕(채식육수) - 꽃별찬 : 근채(뿌리채소)초 - 후식 : 꽃인절미, 정과1종, 모약과, 오미자차 ※ 메뉴 구성은 상황에 따라 변경될 수 있습니다. ※ 알레르기 유발성 재료에 민감하신 고객께서는 참여 1일전까지 궁능 활용 프로그램 전화 상담실(1522-2295)를 통해 말씀해주시면 해당 메뉴 제외 후 제공해드립니다. ※ 주요 식재료 - 일반식 : 연근, 새우, 오이, 호두, 홍합, 소고기, 버섯, 계란, 잣, 젓갈(명란젓 등), 고춧가루, 참기름 등 - 채식 : 연근, 오이, 호두, 버섯, 고춧가루 등 <접수 안내> 1. 접수 장소 : 경복궁 계조당 앞 <경복궁 별빛야행> 예매확인처 2. 접수 시간 ○ 1회차 18:20 ~ 18:40 ○ 2회차 19:20 ~ 19:40 * 각 회차별 행사 시작 시간 20분 전부터 접수 및 입장이 가능합니다. * 원활한 접수 진행을 위해 최소 10분 전에 도착해주시길 바랍니다. * 접수 시간 이전에 경복궁 입장(일반 관람)을 하시는 경우, 경복궁 매표소에서 별도 입장료를 지불하셔야 합니다. 단, 일반 관람이 끝난 후 경복궁을 퇴장하시어 접수시간 내에 계조당 앞 접수처로 방문하셔야 합니다. <행사 유의사항> [접수 시 유의사항] ○ 본 행사는 예매확인처에서 본인확인을 진행합니다. 예매자 본인 명의와 일치하는 신분증(원본) 및 예매내역(예매번호)을 반드시 지참하시길 바랍니다. ○ 예매자 본인확인이 불가하거나 예매정보와 현장 참여자 정보가 다를 경우 입장이 제한됩니다. ○ 할인 예매 고객께서는 현장 확인 증빙자료를 반드시 지참하시길 바랍니다. ○ 회차별 접수 시간 경과 후 예매확인처에 방문할 경우 행사 참여에 제한이 있을 수 있습니다. [관람 시 유의사항] ○ 본 행사는 음식 체험(좌식 이용) 및 야간 해설 탐방이 약 110분간 진행됩니다. 편한 신발과 겉옷을 준비해 주십시오. ○ 행사 중 플래시 사용, 삼각대 사용, 음식물 반입을 금합니다. ○ 해설 중에는 녹음과 영상 촬영을 금합니다. 무단 촬영 시 제재 및 삭제 조치가 있을 수 있습니다. ○ 거동이 불편하신 고객께서는 추후 연락드리는 운영사무국을 통해 휠체어 탑승 여부를 알려 주시기 바라며, 별도 동선으로 안내드리는 점 양해 부탁드립니다. [우천 시 안내] ○ 본 행사는 행사 당일 오전 11시 기상청 예보를 기준으로 우천에 따른 행사 취소 또는 축소 운영이 결정됩니다. ○ 우천으로 인한 안내사항은 문자로 우선 안내됩니다. 예매 전에 티켓링크 회원정보 상의 연락처를 반드시 확인하시길 바라며, 회원정보 오기재로 인한 불이익은 행사 주최·주관사, 티켓사에서 책임지지 않습니다. ○ 1~4mm 예보시 행사 정상 진행(단, 국가유산 보호를 위하여 일부 구역 관람이 제한될 수 있음) ○ 5mm 이상 예보시 행사 취소(개별 알림 및 전액 환불) <오시는 길> 1. 지하철 ○ 3호선 <경복궁역> 4번 출구 도보 약 15분 ○ 3호선 <안국역> 1번 출구 도보 약 15분 ○ 5호선 <광화문역> 2번 출구 도보 약 17분 2. 버스 ○ 종로 11번 버스 <경복궁(01551) 또는 법련사(01720)> 하차 3. 주차 ○ 경복궁 동편 유료주차장(주차비 본인부담) 이용 가능 ○ 티켓 문의 : 티켓링크 전화 상담실 (☎1588-7890) - 평일 (주말·공휴일 제외) 10:00~19:00 ○ 행사 문의 : 궁능 활용 프로그램 전화상담실 (☎1522-2295) - 성수기 · 운영기간 : 2025. 4. 1. ~ 6. 16./ 2025. 9. 4. ~ 11. 9. * 매주 월 제외 · 운영시간 : 9:30 ~ 20:30(상시운영) - 일반 · 운영기간 : 2성수기 운영기간 외 * 주말, 공휴일 제외 · 운영시간 : 9:30 ~ 18:30(점심시간: 12:00~13:00) * 성수기 운영기간 및 시간은 변동 될 수 있습니다.",https://www.kh.or.kr/program/view/menu/1292?viewType=ach&idx=576&searchRound=26&searchStTime=&searchEnTime=&searchField=homeAll&searchText=,https://www.kh.or.kr/jnrepo/upload/jnPrgFestivalProgram/202503/eec5cbd201c748a6b01e2233955e447f_1742216535954.jpg,별빛,0,1,1,1,1,1,0,1,1,1,경복궁 별빛야행,체험,https://www.kh.or.kr/jnrepo/upload/jnPrgFestivalProgram/202503/eec5cbd201c748a6b01e2233955e447f_1742216535954.jpg,경복궁 별빛야행,체험,체험,사전예약,https://www.kh.or.kr/jnrepo/upload/jnPrgFestivalProgram/202503/eec5cbd201c748a6b01e2233955e447f_1742216535954.jpg
26,11회,575,고궁음악회-100인의 ‘여민동락(與民同樂)’,고궁음악회-100인의 ‘여민동락(與民同樂)’,고궁음악회-100인의 ‘여민동락(與民同樂)’,종료,공연,관람형,사전예약,1,0,0,2025-05-03~2025-05-05,2025-05-03,2025-05-05,3,2025,5,봄,05.03 ~ 05.05 19:30 ~ 20:30,05.03 ~ 05.05 19:30 ~ 20:30,1,19:30,20:30,,경복궁,경복궁,경복궁 근정전,경복궁 근정전,경복궁,,,"고궁음악회 100 인의 여민동락 與民同樂 경복궁 근정전에서 국악 명인 100 인이 선보이는 웅장한 조선 왕실의 음악 ‘100 인의 여민동락 與民同樂 ’ 예매하러 가기 <<클릭 ‘ 여민동락 ’ 이란 ‘ 임금이 백성과 함께 더불어 즐긴다 ’ 라는 뜻으로 , 음악으로 세상을 화평하게 만들고자 했던 조선시대 궁중음악이 지향한 이상을 담고 있다 . ‘100 인의 여민동락 與民同樂 ’ 은 공연의 시작을 알리는 ‘ 대취타 ’ 부터 , 조선시대 대표 궁중음악인 ‘ 여민락 ’, 궁중무용 ‘ 춘앵전 ’, 줄풍류 ‘ 천년만세 ’, 종묘제례악 ‘ 전폐희문 ’, 정대업 중 ‘ 소무 ’, ‘ 영관 ’ 까지 조선 왕실 음악의 정수를 만나볼 수 있는 공연으로 구성하였다 . [ 출연진 ] 예술감독 성기숙 집사 곽태규 무용 박은영 장고 류경화 거문고 유영주 피리 진윤경 집박 김형섭 한국예술종합학교 전통예술원 가야금 김별이 김은서 권은선 박서영 박지영 서채원 오윤지 유서현 윤혜원 이선영 이시은 장지민 최민주 홍채련 거문고 김근영 김수민 김주안 배효은 신수아 오지연 이서준 이소윤 이재문 이태강 정서원 정홍주 황진호 대 금 김륜회 김이현 김준희 류원석 문정휘 박성빈 박준하 백순재 백승화 안병은 이건준 이유찬 이창준 정순혁 정지원 정지현 정현태 허가은 황우주 피 리 김가연 김보선 문인건 박진호 박창현 박채진 신승윤 신해인 엄찬주 오대주 오준서 이동준 이정윤 이태우 임성준 최시우 최현우 황돈규 해 금 고은비 김시연 맹은진 박시우 박지원 박해인 송지원 신 비 위예성 이수인 이유찬 이호연 전태희 정여원 천서영 아 쟁 이다윤 이예서 타 악 김도훈 김범준 김승우 박재현 배민호 서우석 서현준 이동윤 악 장 김민지 안형준 춘앵전 박지현 변서연 윤다은 이경진 일 무 김담휘 변서연 원정민 유혜리 프로그램 대취타 ( 大吹打 ) 대취타는 조선시대 궁중 연례 ( 宴禮 , 잔치 ) 에서 연주되었던 군악의 일종으로 , 왕의 행차나 군대의 행진 시에 연주되었다 . ' 명금일하대취타 ( 鳴金一下大吹打 )' 라는 구호와 함께 연주가 시작되며 , 태평소 , 나발 , 나각 , 용고 , 자바라 등의 구성으로 관악기와 타악기의 웅장하고 위엄 있는 조화가 인상적이다 . 여민락 ( 與民樂 ) 집박 : 김형섭 여민락은 ' 임금이 백성과 함께 즐긴다 ' 라는 뜻을 담은 조선시대 대표 궁중음악으로 , 궁중 행사에서 왕의 권위를 상징하는 곡으로 사용되었다 . 가야금 , 거문고 , 해금 , 피리 , 대금 , 타악기가 조화를 이루며 , 웅장하면서도 우아한 분위기를 자아낸다 . 춘앵전 ( 春鶯囀 ) 무용 : 박은영 춘앵전은 ‘ 봄날 버드나무 가지 위에서 노래하는 꾀꼬리 ’ 를 형상화한 춤으로 , 무용수는 화문석 ( 花紋席 , 꽃돗자리 ) 위에서 섬세하고 아름다운 춤사위를 펼치며 은은한 정취를 자아낸다 . 시적이고 느릿한 움직임 속에서 고고한 아름다움을 느낄 수 있다 . 천년만세 ( 千年萬歲 ) 거문고 : 유영주 세피리 : 진윤경 장고: 류경화 ‘ 천년만세 ’ 는 ' 수명이 천년만년 이어지기를 기원하는 의미 ' 를 담은 풍류음악이다 . 실내악 편성으로 연주하는 합주곡의 형태로 , 악곡의 길이가 짧다 . 경쾌한 세 개의 곡을 이어서 연주하는데 , < 계면가락도드리 〉 , 〈 양청도드리 〉 , 〈 우조가락도드리 〉 로 구성되어 있으며 각자 다른 빠르기로 색다른 흥취를 전해준다 . 종묘제례악 ( 宗廟祭禮樂 ) 중 전폐희문 · 소무 · 영관 집박 : 김형섭 집사: 곽태규 종묘제례악은 조선과 대한제국의 왕과 왕비 , 황제와 황후의 신주를 모신 종묘에서 거행되는 제례에서 사용하는 악 ( 樂 ) ‧ 가 ( 歌 ) ‧ 무 ( 舞 ) 를 말한다 . 이 중 ‘ 전폐희문 ( 奠幣禧門 )’ 은 신에게 예물을 바치는 의식에서 연주되는 곡으로 , 왕의 문덕 ( 文德 ) 을 찬양하는 일무 ( 佾舞 ) 와 함께 장엄하게 펼쳐진다 . 다음으로 왕의 무공 ( 武功 ) 을 찬양하는 정대업 ( 定大業 ) 중 ‘ 소무 ( 昭武 )’ 와 ‘ 영관 ( 永觀 )’ 이 연주되어 단조롭지만 웅장한 곡조를 통해 군주의 위엄과 조상의 권위를 드러낸다 .",https://www.kh.or.kr/program/view/menu/1292?viewType=ach&idx=575&searchRound=26&searchStTime=&searchEnTime=&searchField=homeAll&searchText=,https://www.kh.or.kr/jnrepo/upload/jnPrgFestivalProgram/202503/f465a909ebab446aae38f670ce30e4d8_1742187992500.jpg,100인,0,0,0,1,1,0,0,1,0,1,고궁음악회-100인의 ‘여민동락(與民同樂)’,공연,https://www.kh.or.kr/jnrepo/upload/jnPrgFestivalProgram/202503/f465a909ebab446aae38f670ce30e4d8_1742187992500.jpg,고궁음악회-100인의 ‘여민동락(與民同樂)’,공연,공연,사전예약,https://www.kh.or.kr/jnrepo/upload/jnPrgFestivalProgram/202503/f465a909ebab446aae38f670ce30e4d8_1742187992500.jpg
26,11회,574,궁중놀이방-경복궁,궁중놀이방-경복궁,궁중놀이방,종료,체험,참여형,현장참여,0,1,0,2025-04-26~2025-05-04,2025-04-26,2025-05-04,9,2025,4,봄,,,0,,,,경복궁,경복궁,경복궁 집경당,경복궁 집경당,경복궁,,,"기와지붕 사이로 햇살이 살랑이고, 고궁 마당에는 조선의 바람이 머물러 있죠. 그 속에서 귀엽고 익살스러운 궁이둥이가 여러분을 기다리고 있어요! 궁중문화축전을 대표하는 마스코트 ‘궁이둥이’가 준비한 궁중놀이방 “궁궐에서 신나게 놀 준비 됐나요? 조선시대 속 아이들은 어떻게 놀았을까요?” 궁이둥이와 함께 전통 놀이를 즐기고 역사와 함께 재미까지 한가득 담아갈 수 있는 공간 궁중놀이방으로 관람객 여러분을 초대합니다. [프로그램 개요] - 운영 기간: 2025. 4. 26.(토)-5. 4.(일) - 운영 시간: 10:00 ~ 17:00(*12:00~13:00 점심시간 미운영) - 장소: 경복궁 집경당, 덕수궁 함녕전 - 참여 인원: 제한없음 [프로그램 안내] ** 궁이둥이를 이겨라! 공기놀이, 제기차기, 딱지치기 등 쉽고 간편한 궁중 놀이 대결! 과연, 궁이둥이를 이길 수 있을까요? 도전하세요! **궁퀴즈 궁궐, 역사, 전래동화 등 다양한 문제를 맞혀보는 재미있는 퀴즈 대결! 궁중문화와 친해질 수 있는 최고의 기회! ** 궁생샷 궁중문화축전을 오래도록 기억할 수 있도록, 궁 곳곳에서 특별한 기념사진을 찍어드립니다! 멋진 고궁 배경과 함께 소중한 순간을 남겨보세요. 궁중놀이방에서 재미도 배우고, 추억도 남기는 특별한 시간을 경험해보세요! [행사 유의사항] 프로그램 참여관련 유의사항 궁중놀이방은 누구나 참여할 수 있으며, 관람객 참여 확대를 위해 참여 횟수는 1인 1회로 한정합 니다. 준비된 재료가 소진될 경우 조기 마감될 수 있습니다. 궁궐 내 모든 공간은 금연 구역입니다. 국가유산 보호구역으로 음식물, 인화물질, 놀이기구의 반입이 제한됩니다. 행사 당일 언론 및 방송 취재가 있을 수 있으며, 사전에 개별 고지 없이 촬영될 수 있음을 양해바랍니다. 행사 시 촬영한 사진 및 영상은 궁중문화축전의 공식 홍보 및 연구, 발간 자료 등에 활용될 수 있습 니다. 오시는 길 ① 경복궁 서울시 종로구 사직로 161 -지하철- 3호선 <경복궁역> 5번 출구 3호선 <안국역> 1번 출구 5호선 <광화문역> 2번 출구 -버스- <경복궁> 하차 간선 109, 171, 272, 601, 606, 710 지선 1020, 7025 ② 덕수궁 서울시 중구 세종대로 99 -지하철- 1·2호선 <시청역> 2번 출구 5호선 <광화문역> 2번·6번 출구 -버스- <시청앞·덕수궁> 하차 간선 103, 150, 401, 402, 406 지선 1711, 7016, 7022 일반 790, 799 <서울신문사> 하차 간선 101, 150, 402, 501, 506, 708 지선 1711, 7016",https://www.kh.or.kr/program/view/menu/1292?viewType=ach&idx=574&searchRound=26&searchStTime=&searchEnTime=&searchField=homeAll&searchText=,https://www.kh.or.kr/jnrepo/upload/jnPrgFestivalProgram/202503/cec39b9b33954be09ea784cbd3812aa7_1742187812203.jpg,궁중놀이방,0,0,0,0,1,0,0,0,0,1,궁중놀이방-경복궁,체험,https://www.kh.or.kr/jnrepo/upload/jnPrgFestivalProgram/202503/cec39b9b33954be09ea784cbd3812aa7_1742187812203.jpg,궁중놀이방-경복궁,체험,체험,현장참여,https://www.kh.or.kr/jnrepo/upload/jnPrgFestivalProgram/202503/cec39b9b33954be09ea784cbd3812aa7_1742187812203.jpg
26,11회,573,궁중문화축전 길놀이-경복궁,길놀이-경복궁,길놀이,종료,공연,관람형,현장참여,0,1,0,2025-05-03~2025-05-03,2025-05-03,2025-05-03,1,2025,5,봄,토 14:30(50분) / 16:00(50분),토 14:30(50분) / 16:00(50분),1,14:30,16:00,50,경복궁,경복궁,국립고궁박물관~흥례문 광장,국립고궁박물관~흥례문 광장,경복궁,,,"신명나는 궁중문화축전 길놀이를 즐겨보세요! - 일시: 5 월 3일(토) 1회차-14:30, 2회차-16:00(각 회당 50분) - 장소: 경복궁 일대 - 동선: 국립고궁박물관 앞 마당→용성문 →흥례문 광장 →협생문",https://www.kh.or.kr/program/view/menu/1292?viewType=ach&idx=573&searchRound=26&searchStTime=&searchEnTime=&searchField=homeAll&searchText=,https://www.kh.or.kr/jnrepo/upload/jnPrgFestivalProgram/202503/91842109d7b2402dbd1167ae130e22ac_1742187607186.jpg,길놀이,0,0,0,1,1,0,0,0,0,0,궁중문화축전 길놀이-경복궁,공연,https://www.kh.or.kr/jnrepo/upload/jnPrgFestivalProgram/202503/91842109d7b2402dbd1167ae130e22ac_1742187607186.jpg,궁중문화축전 길놀이-경복궁,공연,공연,현장참여,https://www.kh.or.kr/jnrepo/upload/jnPrgFestivalProgram/202503/91842109d7b2402dbd1167ae130e22ac_1742187607186.jpg
26,11회,572,봄날의 경회루,날의 경회루,날의 경회루,종료,체험,참여형,현장참여,0,1,0,2025-04-26~2025-05-04,2025-04-26,2025-05-04,9,2025,4,봄,"일,월,화,수,목,금,토 11:00(90분) / 15:00(90분)","일,월,화,수,목,금,토 11:00(90분) / 15:00(90분)",1,11:00,15:00,90,경복궁,경복궁,경복궁 경회루,경복궁 경회루,경복궁,,,"우리가 되찾은 빛, 광복 80주년 기념 ‘봄날의 경회루’ 2025년은 대한민국이 광복 80주년을 맞이하는 뜻깊은 해입니다. 순국선열의 숭고한 독립운동 정신을 함께 기억하고 계승하기 위해 기획한 ‘봄날의 경회루’는 독립ᆞ국가유공자를 초청하여 진행하는 체험 프로그램입니다. 귀빈을 모시듯 경회루 누각에서 전통복식, 전통다과, 전통예술공연 등을 즐기는 호젓한 시간을 선사합니다. 봄날의 경회루에서 호국ᆞ보훈의 가치를 다시 한번 되새기는 소중한 시간을 가져보세요. [프로그램 안내] - 운영 기간: 2025. 4. 26.(토) ~ 5. 4.(일)/1일 2회(총 9일 18회) - 운영 시간: 1회차 11:00 ~ 12:30 2 회차 15:00 ~ 16:30 * 회당 90분 내외 소요 - 장소: 경복궁 경회루 - 참여 인원: 회차당 30명 / 1일 60명 - 내용: 광복 80주년 기념 독립ᆞ국가유공자 초청 체험 프로그램 - 참여 대상: 사전초청제(국가보훈대상자) - 프로그램 문의 행사안내 │ 궁능 활용 프로그램 전화 상담실 (☎ 1522-2295) 구분 주요내용 사전 접수 영추문 앞 집결 및 초청 명단 확인 의전 경회루까지 의전 ( 수문군 취타 ) 진행 인사말 환영 및 공로에 대한 감사 인사말 의상 체험 전통의상 환복 ( 도포 및 갓 체험 ) 공연관람 및 다과체험 전통공연 관람 및 다과 체험 자유 관람 자유시간 ( 사진 촬영 등 ) * 세부 내용은 현장 운영상황에 따라 변동될 수 있습니다 . [접수 안내] - 접수 장소: 경복궁 영추문 <봄날의 경회루> 접수처 - 접수 시간: 1회차 10:40 ~ 11:00 2 회차 1 4 : 40 ~ 15:00 * 각 회차별 행사 시작 시간 20분 전부터 접수 및 경복궁(영추문) 입장이 가능합니다. * 원활한 접수 진행을 위해 최소 10분 전에 도착해주시길 바랍니다. * 접수 시간 이전에 경복궁 입장(일반 관람)하고자 하시는 경우, 경복궁 매표소에서 별도 입장료를 지불하셔야 합니다. 단, 일반 관람이 끝난 후 경복궁을 퇴장하시어 접수시간 내에 <봄날의 경회루> 접수처에 다시 방문하셔야 합니다. [프로그램 관련 유의사항] 접수 시 유의사항 본 행사는 접수처에서 본인확인을 진행합니다. 예매자 본인 명의와 일치하는 신분증(원본) 및 국 가유공자증을 반드시 지참하시길 바랍니다. 본인확인이 불가하거나 사전초청 정보와 현장 참여자 정보가 다를 경우 입장이 제한됩니다. 회차별 접수 시간 경과 후 접수처에 방문할 경우 행사 참여에 제한이 있을 수 있습니다. 참여관련 유의사항 <봄날의 경회루>는 경회루 2층 누각에서 진행되는 행사로 휠체어 이용자는 안전상의 이유로 참여 가 불 가한 점 양해 부탁드립니다. 미취학 연령부터 청소년(2007~2025년 출생자)은 반드시 보호자 동반하여야 입장 가능합니다. 복식(의상)체험은 만 14세 이상부터 가능한 프로그램으로 아동용 복식(의상)은 준비되어 있지 않습니다. 복식은 성별과 무관한 도포 및 갓 체험으로 제공합니다. 궁궐 내 모든 공간은 금연 구역입니다. 문화유산 보호구역으로 음식물, 인화물질, 놀이기구의 반입이 제한됩니다. 행사 중 플래시 사용, 삼각대 사용, 음식물 반입을 금합니다. 행사 당일 언론 및 방송 취재가 있을 수 있으며, 사전에 개별 고지 없이 촬영될 수 있음을 양해 바랍니다. 행사 시 촬영한 사진 및 영상은 궁중문화축전의 공식 홍보 및 연구, 발간 자료 등에 활용될 수 있습 니다. 우천 시 안내 야외행사의 특성상 행사 당일 기상청 일기예보 기준 5mm 이상 우천 예보 시 행사가 취소될 수 있 습니다. 우천으로 인한 변동 및 안내사항은 문자로 우선 안내됩니다. 참여자의 연락처를 반드시 확인하시 길 바라며, 참여자 정보 오기재로 인한 불이익은 행사 주최·주관사에서 책임지지 않습니다. 오시는 길 서울 종로구 사직로 161 경복궁 경복궁 영추문 (봄날의 경회루 접수처) -버스- 109, 171, 272, 601, 606, 1020, 7025번 버스(경복궁 남측) 1020, 1711, 7016, 7018, 7022, 7212, 6011, 9703번 버스(경복궁 서측) -지하철- <경복궁역> 5번 출구(접수처까지 도보 약 10분) -주차- 경복궁 동편 주차장(유료) / (접수처까지 도보 약 20분 * 주차공간이 협소하므로 대중교통 이용을 권고드립니다. [행사 문의] - 궁능 활용 프로그램 전화상담실 ☎1522-2295 * 성수기: 2025. 4. 1.~ 6. 16., 2025. 9. 4.~11. 9. (매주 월 휴무) 09:30~20:30 (상시운영) * 일반: 성수기 운영기간 외 ( 주 말 , 공휴일 휴무) 09:30~18:00 ( 점심시간 12:00~13:00) * 성수기 운영기간 및 시간은 변동 될 수 있습니다.",https://www.kh.or.kr/program/view/menu/1292?viewType=ach&idx=572&searchRound=26&searchStTime=&searchEnTime=&searchField=homeAll&searchText=,https://www.kh.or.kr/jnrepo/upload/jnPrgFestivalProgram/202503/552a0c8fabfa421faba64794a16b9048_1742187470235.jpg,경회루,0,1,0,1,1,0,0,1,1,1,봄날의 경회루,체험,https://www.kh.or.kr/jnrepo/upload/jnPrgFestivalProgram/202503/552a0c8fabfa421faba64794a16b9048_1742187470235.jpg,봄날의 경회루,체험,체험,현장참여,https://www.kh.or.kr/jnrepo/upload/jnPrgFestivalProgram/202503/552a0c8fabfa421faba64794a16b9048_1742187470235.jpg
26,11회,571,어린이 궁중문화축전-궁중직업실록,어린이 궁중문화축전-궁중직업실록,어린이 궁중문화축전-궁중직업실록,종료,체험,참여형,현장참여,0,1,0,2025-05-02~2025-05-04,2025-05-02,2025-05-04,3,2025,5,봄,05.02 ~ 05.04 10:00 ~ 17:30,05.02 ~ 05.04 10:00 ~ 17:30,1,10:00,17:30,,경복궁,경복궁,경복궁 동궁 권역,경복궁 동궁 권역,경복궁,,,"경복궁 동궁 권역에서 진행하는 어린이 궁중문화축전 올해 어린이 궁중문화축전은 예약없이 즐길 수 있습니다 . 일시 : 5 월 2 일 -5 월 4 일 , 10:00~17:30 장소 : 경복궁 동궁 권역 운영방법 : 무료 / 현장참여제 [ 직업 체험 프로그램 ] 숙수 체험 의관 체험 침선장 체험 사관 체험 화원 체험 갑사 체험 취타대 체험 [ 궁중직업실록 어린이 놀이터 ] 빅북 동화구연 전통 연희공연 한글 블록 체험",https://www.kh.or.kr/program/view/menu/1292?viewType=ach&idx=571&searchRound=26&searchStTime=&searchEnTime=&searchField=homeAll&searchText=,https://www.kh.or.kr/jnrepo/upload/jnPrgFestivalProgram/202503/80c1384af9484869bca8afc5309937ed_1742187079860.jpg,어린이,0,1,0,1,0,0,0,1,1,0,어린이 궁중문화축전-궁중직업실록,체험,https://www.kh.or.kr/jnrepo/upload/jnPrgFestivalProgram/202503/80c1384af9484869bca8afc5309937ed_1742187079860.jpg,어린이 궁중문화축전-궁중직업실록,체험,체험,현장참여,https://www.kh.or.kr/jnrepo/upload/jnPrgFestivalProgram/202503/80c1384af9484869bca8afc5309937ed_1742187079860.jpg
26,11회,570,K-Heritage마켓,K-Heritage마켓,K-Heritage마켓,종료,체험,참여형,현장참여,0,1,0,2025-04-26~2025-05-04,2025-04-26,2025-05-04,9,2025,4,봄,"일,월,화,수,목,금,토 10:00 ~ 17:00","일,월,화,수,목,금,토 10:00 ~ 17:00",1,10:00,17:00,,경복궁,경복궁,경복궁 흥례문 광장,경복궁 흥례문 광장,경복궁,,,"경복궁 흥례문광장에서 만나보는 전통 마켓 2025 봄 궁중문화축전 K-Heritage 마켓으로 여러분을 초대합니다. 국가유산을 소재로 한 K-Heritage 상품과 전통 먹거리, K-컬처를 소개하는 홍보존까지 볼거리가 가득한 K-Heritage마켓! 올봄 경복궁 흥례문광장에서 열리는 K-Heritage마켓에서 여러분의 오감을 가득 채워보세요. 전통 공예품의 고귀한 감각과 전통 먹거리의 매력을 느낄 수 있습니다. K-Heritage마켓에서 전통의 가치와 감성을 직접 느껴보시기 바랍니다. [프로그램 안내] - 운영 기간: 2025. 4. 26.(토) ~ 5. 4.(일) - 운영 시간: 10:00 ~ 17:00 *상설운영 - 장소: 경복궁 흥례문광장 - 관람 연령: 제한없음 - 행사 문의: 행사안내 │ 궁능 활용 프로그램 전화 상담실 (☎ 1522-2295) [프로그램 구성] 국가유산을 소재로 한 다양한 K-Heritage 상품 및 먹거리 판매, K-홍보존 운영 ○ 부스 안내 . 문화상품: 전승자, 소상공인, KHmall 등으로 구성된 전통 문화상품 판매존 . 먹거리: 전통 한식을 기반으로 한 간편식(다과류 등) 먹거리 판매 . 홍보부스: 국가유산 관련 진흥원 운영 사업 및 유관기관, 협업사 홍보 [프로그램 문의] - 궁능 활용 프로그램 전화상담실 ☎1522-2295 * 성수기: 2025. 4. 1.~ 6. 16., 2025. 9. 4.~11. 9. (매주 월 휴무) 09:30~20:30 (상시운영) * 일반: 성수기 운영기간 외 ( 주 말 , 공휴일 휴무) 09:30~18:00 ( 점심시간 12:00~13:00) * 성수기 운영기간 및 시간은 변동 될 수 있습니다.",https://www.kh.or.kr/program/view/menu/1292?viewType=ach&idx=570&searchRound=26&searchStTime=&searchEnTime=&searchField=homeAll&searchText=,https://www.kh.or.kr/jnrepo/upload/jnPrgFestivalProgram/202503/67d4d2816fa342dc9f608fc8fe456598_1742186948715.jpg,마켓,1,0,0,0,1,0,0,0,0,0,K-Heritage마켓,체험,https://www.kh.or.kr/jnrepo/upload/jnPrgFestivalProgram/202503/67d4d2816fa342dc9f608fc8fe456598_1742186948715.jpg,K-Heritage마켓,체험,체험,현장참여,https://www.kh.or.kr/jnrepo/upload/jnPrgFestivalProgram/202503/67d4d2816fa342dc9f608fc8fe456598_1742186948715.jpg
26,11회,569,"시간여행, 세종-한밤의 시간여행","시간여행, 세종-한밤의 시간여행","시간여행, 세종-한밤의 시간여행",종료,복합,복합형,사전예약,1,0,0,2025-04-26~2025-04-30,2025-04-26,2025-04-30,5,2025,4,봄,"일,월,화,수,토 19:00 ~ 21:00","일,월,화,수,토 19:00 ~ 21:00",1,19:00,21:00,,경복궁,경복궁,경복궁 북측권역,경복궁 북측권역,경복궁,,,"2025 봄 궁중문화축전 <시간여행, 세종-한밤의 시간여행> 궁중문화축전 기간에만 특별하게 선보이는 경복궁 북측 권역 자유관람 2025년 봄밤, 고요했던 경복궁의 북문인 신무문이 열립니다. 경복궁의 후원 향원지와 집옥재, 건청궁 사이를 별처럼 수놓은 경관조명 사이로 한밤의 시간여행을 떠나보세요. 별빛 조명 사이로 자유롭게 경복궁을 거닐다 보면, 공연과 체험 등이 펼쳐지며 경복궁 곳곳에 숨어있는 세종의 꿈을 만나볼 수 있습니다. [행사 안내] - 행사 일자: 2025. 4. 26.(토)~4. 30.(수) - 행사 시간: 19:30~21:30(120분) - 행사 장소: 경복궁 북측 권역(향원지, 집옥재, 건청궁 일원) - 참여 인원: 일 600명(내국인 기준) * 외국인(200명) 별도 운영 - 관람 연령: 7세 이상(2018년 이전 출생자) * 미취학연령(2019년 이후 출생자) 아동은 안전상의 이유로 참여가 불가합니다. * 취학 연령 아동 및 청소년(2007년~2018년 출생자)은 반드시 보호자 동반하여야 입장이 가능합니다. - 행사 문의 행사안내 │ 궁능 활용 프로그램 전화 상담실(☎ 1522-2295) 예매안내 │ 티켓링크 전화 상담실(☎ 1588-7890) [예매 안내] 본 안내 페이지 정독 후 모든 안내사항에 동의하시는 경우에만 응모 및 예매해주시기 바라며, 모든 예매자는 안내 내용을 숙지 및 동의하신 것으로 간주합니다. - 예매금액: 1매 10,000원(1인 최대 4매 예매 가능) - 예매처: 티켓링크( 예매하러 가기 <<클릭 ) - 예매방법: 선착순 예매 - 예매일정: 2025. 4. 8.(화) 14:00 - 할인 정보 구분 할인 대상 현장 확인 증빙자료 할인율 장애의 정도가 심한 장애인 ( 구 1~3 급 ) 본인 + 동반 1 인 장애인복지카드 50% 장애의 정도가 심하지 않은 장애인 ( 구 4~6 급 ) 본인만 국가유공자 본인만 국가유공자증 * 할인은 예매 시 적용 가능하며 , 일반 권종으로 예매 후 현장에서 할인 적용 ( 차액 환불 ) 이 불가합니다 . * 현장 확인 증빙자료 미지참 시 차액 결제 , 환불 , 행사 참여가 불가한 점 양해 부탁드립니다 . 예매 유의사항 [티켓 예매] 본 행사의 내국인 대상 티켓은 정식 예매처인 티켓링크를 통한 100% 사전 예약 판매를 원 칙으로 하며, 그 외의 경로를 통한 판매는 진행되지 않습니다. 부정 예매 및 암표 거래 방지를 위해 신용카드 결제만 가능합니다. 예매하신 본인 입장이 원칙이며, 타인 양도가 불가합니다. 단, 가족 관계일 경우 예매자 및 양도받으실 가족 본인의 신분증과 가족 관계 증빙자료(주민등록등본 혹은 가족관계증명서) 지참 시에만 예외적으로 양도가 가능합니다. * 법적 정의(민법 제779조)에 따른 ‘가족’만 해당(배우자, 직계혈족, 형제자매) * 단, 전화 예매 및 할인 티켓은 예매자 본인 참여가 원칙이며 가족 양도 불가 본 행사는 신무문 앞에 마련되는 예매확인처에서 본인확인을 진행합니다. 예매자 본인 명 의와 일치하는 신분증(원본) 및 예매내역(예매번호)을 반드시 지참하시길 바랍니다. 실물 티켓은 별도로 제공되지 않습니다. 부정한 방법(매크로 사용, 우선 예매 URL 공유 등)으로 예매하거나 불법 암표 매매 목적으로 구매하는 경우 적발 시 해당 티켓은 사전 통보 없이 예매 취소 및 사용을 제한할 수 있습니다. 불법 암표 거래(프리미엄 티켓 판매, 티켓 양도 사기)로 선량한 예매자의 피해가 발생하고 있습니다. 이로 인한 문제 발생 시 행사 주최·주관사, 예매처는 책임지지 않습니다. 반드시 정식 예매처를 통해 예매하시길 바랍니다. 본 행사 진행 중 기록촬영으로 인해 관람객 초상이 노출되거나 촬영될 수 있으니 이 점 양 지하시어 티켓을 예매하시길 바랍니다. [취소 및 환불] 예매하신 티켓의 취소와 환불은 예매처의 규정을 준수합니다. 취 소 마감 시 간(행사 전일 17시) 경과 후 티켓 취소 및 변경이 불가합니다. [프로그램 안내] 자유관람 세종, 백성을 살피다 '뿌리깊은 나무'를 주제로 한 빛의 나무 조형물 전시 세종, 문자를 창제하다 '훈민정음'을 주제로 한 궁중문화축전 자음 조형물(LED) 세종, 별을 품다 '천상열차분야지도'를 주제로 에어돔 세종, 하늘에 묻다 '칠정산 내편' 을 주제로 한 레이저터널 세종, 조선을 비추다 포토존용 반딧불 조명 설치 공연 및 체험 세종, 태평성대를 부르다 세종의 업적과 태평성대를 기리는 기악 및 독무 공연 세종, 활자를 새기다 훈민정음 언해본을 목판으로 인출하는 체험 * 궁중문화축전 대표 프로그램 <시간여행, 세종> 행사기간(4. 26.(토)~4. 30.(수))에 경복궁을 방문하시면 세종시대 궁중일상을 재현한 공연과 상설체험을 즐기실 수 있습니다. [접수 안내] - 접수 장소: 경복궁 신무문 앞 <시간여행, 세종-한밤의 시간여행> 예매확인처 - 접수 시간: 행사 당일 18:30~20:30(행사 시작 이후에도 지연입장 가능) * 행사 당일 19:20부터 입장을 진행합니다. - 접수 방법: 티켓링크 모바일 티켓 확인(경복궁 입장권 구입 불필요) * 각 회차별 행사 시작 시간 60분 전부터 접수가 가능합니다. * 원활한 접수 진행을 위해 최소 30분 전에 도착해주시길 바랍니다. * 본 행사는 자유 관람으로 , 행사 시작 이후에 도착하셔도 접수 시간 내 지연입장이 가능합니다 . * 접수 시간 이전에 경복궁 입장(일반 관람)하고자 하시는 경우, 경복궁 매표소에서 별도 입장료를 지불하셔야 합니다. 단, 일반 관람이 끝난 후 경복궁을 퇴장하시어 접수시간 내에 신무문 접수처에 다시 방문하셔야 합니다. [행사 유의사항] 접수 시 유의사항 본 행사는 예매확인처에서 본인확인을 진행합니다. 예매자 본인 명의와 일치하는 신분증(원본) 및 예 매 내 역 ( 예 매 번호)을 반드시 지참하시길 바랍니다. 예매자 본인확인이 불가하거나 예매정보와 현장 참여자 정보가 다를 경우 입장이 제한됩니다. 할인 예매 고객께서는 현장 확인 증빙자료를 반드시 지참하시길 바랍니다. 접수 시간 경과 후 예매확인처에 방문할 경우 행사 참여에 제한이 있을 수 있습니다. 모바일 티켓은 예매 당일 카카오톡 또는 문자로 자동 발송되며, 티켓링크 모바일 티켓을 수령하지 못하셨을 경우 티켓링크 마이페이지에서 예매내역 확인 후 입장 가능합니다. 관람객의 안전을 위하여 티켓 확인 후 진행요원의 안내에 따라 신무문 앞에서 대기 후 진행요원의 안내에 따라 순차적으로 입장을 진행합니다. 관람 시 유의사항 7세 이상(2018년 이전 출생자) 참여 가능한 프로그램으로, 미취학연령(2019년 이후 출생자) 아동 은 안전상의 이유로 참여가 불가합니다. 취학 연령 아동 및 청소년(2007년~2018년 출생자)은 반드시 보호자 동반하여야 입장이 가능합니다. 행사 당일 별도의 경복궁 야간개장은 진행하지 않습니다. 집옥재 및 향원정 내부관람은 불가하며, 건청궁의 경우 프로그램이 진행되는 일부 구간만 관람이 가능합니다. 행사 중 플래시 사용, 삼각대 사용, 음식물 반입을 금합니다. 행사 당일 언론 및 방송 취재가 있을 수 있으며, 사전에 개별 고지 없이 촬영될 수 있음을 양해 바랍니다. 행사 시 촬영한 사진 및 영상은 궁중문화축전의 공식 홍보 및 연구, 발간 자료 등에 활용될 수 있습 니다. 우천 시 안내 행사 당일 오후 13시 기상청 예보를 기준으로, 행사 시간 내 우천이 예보된 경우, 안전사고 예방 및 관람객 편의를 위하여 행사가 취소될 수 있습니다. 우천으로 인한 변동 및 안내사항은 문자로 우선 안내됩니다. 예매 전에 티켓링크 회원정보 상의 연락처를 반드시 확인하시길 바라며, 회원정보 오기재로 인한 불이익은 행사 주최·주관사, 티켓사에 서 책임지지 않습니다. 오시는 길 경복궁 신무문 앞 (청와대 맞은편) 서울시 종로구 사직로 161 -지하철- 지하철 3호선 <경복궁역> 4번 출구(도보 15분 이동) 지하철 3호선 <안국역> 1번 출구(도보 20분 이동) -버스- 효자동 정류장 하차 지선 1711, 1020, 7018, 7016, 7022, 7212 청와대 정류장 하차 순환 01A -자가용- 경복궁 동편 주차장(유료) * 주차공간이 협소하므로 대중교통 이용을 권고드립니다. [티켓 문의] - 티켓링크 전화 상담실 ☎1588-7890 * 운영기간 평일 (주말·공휴일 제외) * 운영 시간 10:00~19:00 [행사 문의] - 궁능 활용 프로그램 전화상담실 ☎1522-2295 * 성수기: 2025. 4. 1.~ 6. 16., 2025. 9. 4.~11. 9. (매주 월 휴무) 09:30~20:30 (상시운영) * 일반: 성수기 운영기간 외 ( 주 말 , 공휴일 휴무) 09:30~18:00 ( 점심시간 12:00~13:00) * 성수기 운영기간 및 시간은 변동 될 수 있습니다.",https://www.kh.or.kr/program/view/menu/1292?viewType=ach&idx=569&searchRound=26&searchStTime=&searchEnTime=&searchField=homeAll&searchText=,https://www.kh.or.kr/jnrepo/upload/jnPrgFestivalProgram/202503/1325f216bfc34876808ade41b38dfa7a_1742184999844.jpg,한밤,0,1,1,1,1,0,0,1,1,1,"시간여행, 세종-한밤의 시간여행",복합,https://www.kh.or.kr/jnrepo/upload/jnPrgFestivalProgram/202503/1325f216bfc34876808ade41b38dfa7a_1742184999844.jpg,"시간여행, 세종-한밤의 시간여행",복합,복합,사전예약,https://www.kh.or.kr/jnrepo/upload/jnPrgFestivalProgram/202503/1325f216bfc34876808ade41b38dfa7a_1742184999844.jpg
26,11회,568,"시간여행, 세종-궁중새내기","시간여행, 세종-궁중새내기","시간여행, 세종-궁중새내기",종료,복합,복합형,사전예약,1,0,0,2025-04-26~2025-04-30,2025-04-26,2025-04-30,5,2025,4,봄,"일,월,화,수,목,금,토 10:00 / 14:00","일,월,화,수,목,금,토 10:00 / 14:00",1,10:00,14:00,,경복궁,경복궁,경복궁 일원,경복궁 일원,경복궁,,,"2025 봄 궁중문화축전 <시간여행, 세종-궁중새내기> 눈 떠보니 내가 조선시대 궁중새내기? ‘궁중새내기’는 궁궐 수습생이 되어 전통복식을 입고 조선시대 궁중문화를 즐기는 관객 몰입형 체험 프로 그 램입니다. 세종대의 궁중연회를 준비하는 궁중새내기가 되어 경복궁으로 시간여행을 떠나보세요! [행사 안내] - 행사 일자: 2025. 4. 26.(토)~4. 30.(수) - 행사 시간: (1회차) 10:00~12:30(150분), ( 2 회 차 ) 1 4 : 0 0~16:30(150분) - 행사 장소: 경복궁 일대(시간여행 권역) - 참여 인원: 회당 160명(체험당 40명×4개 체험) - 관람 연령: 14세 이상(2011년 이전 출생자) - 행사 문의 행사안내 │ 궁능 활용 프로그램 전화 상담실(☎ 1522-2295) 예매안내 │ 티켓링크 전화 상담실(☎ 1588-7890) [예매 안내] 본 안내 페이지 정독 후 모든 안내사항에 동의하시는 경우에만 응모 및 예매해주시기 바라며, 모든 예매자는 안내 내용을 숙지 및 동의하신 것으로 간주합니다. - 예매금액: 1매 10,000원(1인 최대 4매 예매 가능) - 예매처: 티켓링크( 예매하러 가 기 <<클릭 ) - 예매방법: 선착순 예매 - 예매일정: 2025. 4. 8.(화) 14:00 - 할인 정보 구분 할인 대상 현장 확인 증빙자료 할인율 장애의 정도가 심한 장애인 ( 구 1~3 급 ) 본인 + 동반 1 인 장애인복지카드 50% 장애의 정도가 심하지 않은 장애인 ( 구 4~6 급 ) 본인만 국가유공자 본인만 국가유공자증 * 할인은 예매 시 적용 가능하며 , 일반 권종으로 예매 후 현장에서 할인 적용 ( 차액 환불 ) 이 불가합니다 . * 현장 확인 증빙자료 미지참 시 차액 결제 , 환불 , 행사 참여가 불가한 점 양해 부탁드립니다 . 예매 유의사항 [티켓 예매] 본 행사의 티켓은 정식 예매처인 티켓링크를 통한 100% 사전 예약 판매를 원칙으로 하며, 그 외의 경로나 현장 판매는 진행되지 않습니다. 부정 예매 및 암표 거래 방지를 위해 신용카드 결제만 가능합니다. 예매하신 본인 입장이 원칙이며, 타인 양도가 불가합니다. 단, 가족 관계일 경우 예매자 및 양도받으실 가족 본인의 신분증과 가족 관계 증빙자료(주민등록등본 혹은 가족관계증명서) 지참 시에만 예외적으로 양도가 가능합니다. * 법적 정의(민법 제779조)에 따른 ‘가족’만 해당(배우자, 직계혈족, 형제자매) * 단, 전화 예매 및 할인 티켓은 예매자 본인 참여가 원칙이며 가족 양도 불가 본 행사는 용성문 앞에 마련되는 예매확인처에서 본인확인을 진행합니다. 예매자 본인 명의와 일치하는 신분증(원본) 및 예매내역(예매번호)을 반드시 지참하시길 바랍니다. 실물 티켓은 별도로 제공되지 않습니다. 부정한 방법(매크로 사용, 우선 예매 URL 공유 등)으로 예매하거나 불법 암표 매매 목적으로 구매하는 경우 적발 시 해당 티켓은 사전 통보 없이 예매 취소 및 사용을 제한할 수 있습니다. 불법 암표 거래(프리미엄 티켓 판매, 티켓 양도 사기)로 선량한 예매자의 피해가 발생하고 있습니다. 이로 인한 문제 발생 시 행사 주최·주관사, 예매처는 책임지지 않습니다. 반드시 정식 예매처를 통해 예매하시길 바랍니다. 본 행사 진행 중 기록촬영으로 인해 관람객 초상이 노출되거나 촬영될 수 있으니 이 점 양지하시어 티켓을 예매하시길 바랍니다. [취소 및 환불] 예매하신 티켓의 취소와 환불은 예매처의 규정을 준수합니다. 취 소 및 티 켓 판매 마감 시간(행사 전일 17시) 경과 후 티켓 취소 및 변경이 불가합니다. [프로그램 안내] 행사순서 준비 (60 분 ) ≫ 공연 (30 분 ) ≫ 체험 (60 분 ) 접수 및 의상환복 일상재현 퍼포먼스 참여 궁중문화 체험 ( 택일 ) 행사준비 - 시간: (1회차) 10:00~11:00(60분) ( 2 회 차 ) 14:00~15:00(60분) - 장소: 경복궁 용성문 앞(환복소) - 내용: 참가자 확인, 궁중새내기 의상 환복 및 물품 지급 공연 - 시간: (1회차) 11:00~11:20(20분) ( 2 회 차 ) 15:00~15:20(20분) - 장소: 경복궁 근정전 - 내용: <시간여행, 세종-궁중 일상재현> 퍼포먼스 참여 * 경복궁 근정전에 세종대왕과 문무백관이 등장해 시간여행의 시작을 알립니다. 궁중새내기를 향한 세종 의 특명이 기다리고 있습니다. 체험(택일) - 시간: (1회차) 11:30~12:30(60분) ( 2 회 차 ) 15:30~16:30(60분) - 장소: 경복궁 내소주방, 자미당 터, 비현각, 융무루 터 - 내용: 궁중병과, 궁중무용, 궁중공예, 궁중회화 체험(택일) ① 궁중병과 각색당(사탕)을 켜켜이 쌓아 올리는 고임상을 만들어 세종대왕 나신 날의 탄신연을 준비합니다. - 장소: 경복궁 내소주방 - 강사: 이종민 (국가무형유산 조선왕조궁중음식 이수자) ② 궁중무용 세종대 현재의 모습을 갖추게 된 오방처용무를 배우며 백성을 위해 양로연을 준비한 세종대왕의 마음을 헤아려봅니다. - 장소: 경 복궁 자미당 터 - 강사: (사)국가무형유산 처용무보존회 ( 국 가 무 형유산 처용무 관리단체) ③ 궁중공예 세종 의 적장자인 세자(문종)의 가례를 준비하며 내명부에서 사용할 댕기를 만들어 봅니다. - 장소: 경복궁 비현각 - 강사: 박수영 (국가무형유산 금박장 이수자) ④ 궁중회화 궁중장식화로 사랑받은 ‘모란화접도’를 활용해 세종이 신하들에게 하사할 단오부채를 만들어 봅니다. - 장소: 경 복궁 융무루 터 - 강사: 정귀자 (서울시 무형유산 민화장 보유자) * 참고 이미지입니다. * 참고 이미지입니다. * 궁중문화축전 대표 프로그램 <시간여행, 세종> 행사기간(4. 26.(토)~4. 30.(수))에 경복궁을 방문하시면 세종시대 궁중일상을 재현한 공연과 상설체험을 즐기실 수 있습니다. [접수 안내] - 접수 장소: 경복궁 용성문 앞 <시간여행, 세종-궁중새내기> 예매확인처 ( 국 립 고 궁 박 물관 방향) - 접수 시간: (1회차) 행사 당일 09:30~10:00 ( 2 회 차 ) 행 사 당일 13:30~14:00 - 접수 방법: 티켓링크 모바일 티켓 확인 (경복궁 입장권 구입 불필요) * 각 회차별 행사 시작 시간 30분 전부터 접수가 가능합니다. * 원활한 접수 진행을 위해 최소 20분 전에 도착해주시길 바랍니다. * 접수 시간 이전에 경복궁 입장(일반 관람)하고자 하시는 경우, 경복궁 매표소에서 별도 입장료를 지불하셔야 합니다. 단, 일반 관람이 끝난 후 경복궁을 퇴장하시어 접수시간 내에 용성문 접수처에 다시 방문하셔야 합니다. [행사 유의사항] 접수 시 유의사항 본 행사는 예매확인처에서 본인확인을 진행합니다. 예매자 본인 명의와 일치하는 신분증(원본) 및 예매내역(예매번호)을 반드시 지참하시길 바랍니다. 예매자 본인확인이 불가하거나 예매정보와 현장 참여자 정보가 다를 경우 입장이 제한됩니다. 할인 예매 고객께서는 현장 확인 증빙자료를 반드시 지참하시길 바랍니다. 회차별 접수 시간 경과 후 예매확인처에 방문할 경우 행사 참여에 제한이 있을 수 있습니다. 모바일 티켓은 예매 당일 카카오톡 또는 문자로 자동 발송되며, 티켓링크 모바일 티켓을 수령하지 못하셨을 경우 티켓링크 마이페이지에서 예매내역 확인 후 입장 가능합니다. 관람객의 안전을 위하여 티켓 확인 후 진행요원의 안내에 따라 용성문 앞에서 환복 후 순차적으로 입장을 진행합니다. 프로그램 참여 및 관람 유의사항 궁궐 내 모든 공간은 금연 구역입니다. 14세 이상 참여 가능한 프로그램으로, 별도의 아동용 복식은 준비되어 있지 않습니다. 간편한 옷차림(반팔, 반바지)으로 오시면 더욱 원활하게 환복하실 수 있습니다. 간이 물품보관소가 준비되어 있으나 개인 귀중품의 분실 및 파손은 책임지지 않습니다. 행사장소와 화장실의 위치가 멀기 때문에 행사 시작 후에는 화장실 이용이 어렵습니다. 행사 시작 전 미리 화장실(고궁박물관 및 경복궁역)을 이용하시길 권장합니다. 행사 중 플래시 사용, 삼각대 사용, 음식물 반입을 금합니다. 행사 중에는 녹음과 영상, 사진 촬영을 금합니다. 무단 촬영 시 제재 및 삭제 조치가 있을 수 있습니다. 행사 당일 언론 및 방송 취재가 있을 수 있으며, 사전에 개별 고지 없이 촬영될 수 있음을 양해 바랍니다. 행사 시 촬영한 사진 및 영상은 궁중문화축전의 공식 홍보 및 연구, 발간 자료 등에 활용될 수 있습니다. [우천 시 안내] 행사 전일 오후 8시 기상청 예보를 기준으로, 행사 시간 내 우천이 예보된 경우, 안전사고 예방 및 관람객 편의를 위하여 행사가 취소될 수 있습니다. 우천으로 인한 변동 및 안내사항은 문자로 우선 안내됩니다. 예매 전에 티켓링크 회원정보 상의 연락처를 반드시 확인하시길 바라며, 회원정보 오기재로 인한 불이익은 행사 주최·주관사, 티켓사에서 책임지지 않습니다. [오시는 길] 경복궁 용성문 앞(국립고궁박물관 방향) 서울시 종로구 사직로 161 -지하철- 지하철 3호선 <경복궁역> 5번 출구 -버스- 경복궁 하차 간선 109, 171, 272, 601, 606, 710 지선 1020, 7025 덕성여중고 하차 간선 171, 272, 401, 406, 704, 710 지선 1020, 7025 -자가용- 경복궁 동편 주차장(유료) *주차공간이 협소하므로 대중교통 이용을 권고드립니다. [티켓 문의] - 티켓링크 전화 상담실 ☎1588-7890 * 운영기간 평일 (주말·공휴일 제외) * 운영 시간 10:00~19:00 [행사 문의] - 궁능 활용 프로그램 전화상담실 ☎1522-2295 * 성수기: 2025. 4. 1.~ 6. 16., 2025. 9. 4.~11. 9. (매주 월 휴무) 09:30~20:30 (상시운영) * 일반: 성수기 운영기간 외 ( 주 말 , 공휴일 휴무) 09:30~18:00 ( 점심시간 12:00~13:00) * 성수기 운영기간 및 시간은 변동 될 수 있습니다.",https://www.kh.or.kr/program/view/menu/1292?viewType=ach&idx=568&searchRound=26&searchStTime=&searchEnTime=&searchField=homeAll&searchText=,https://www.kh.or.kr/jnrepo/upload/jnPrgFestivalProgram/202503/02742747137f42d0a2dd9ac0edf37d20_1742184693459.jpg,새내기,0,1,0,1,1,0,0,1,1,1,"시간여행, 세종-궁중새내기",복합,https://www.kh.or.kr/jnrepo/upload/jnPrgFestivalProgram/202503/02742747137f42d0a2dd9ac0edf37d20_1742184693459.jpg,"시간여행, 세종-궁중새내기",복합,복합,사전예약,https://www.kh.or.kr/jnrepo/upload/jnPrgFestivalProgram/202503/02742747137f42d0a2dd9ac0edf37d20_1742184693459.jpg
26,11회,567,"시간여행, 세종-궁중 일상재현","시간여행, 세종-궁중 일상재현","시간여행, 세종-궁중 일상재현",종료,복합,복합형,현장참여,0,1,0,2025-04-26~2025-04-30,2025-04-26,2025-04-30,5,2025,4,봄,"일,월,화,수,목,금,토 11:00 / 15:00","일,월,화,수,목,금,토 11:00 / 15:00",1,11:00,15:00,,경복궁,경복궁,경복궁 일원,경복궁 일원,경복궁,,,"2025 년 궁중문화축전 < 시간여행 , 세종 - 궁중 일상재현 > 경복궁이 5 일간 조선시대로 돌아갑니다 . ‘ 세종대왕 나신 날 ’ 국가기념일 지정을 맞이하여 세종대를 배경으로 한 다채로운 궁중일상 재현극과 사전예약 없이 참여할 수 있는 상설체험을 통해 생생히 살아 숨쉬는 궁을 만나보세요 ! 행사 안내 행사 일자 2025. 4. 26.( 토 )~4. 30.( 수 ) 행사 시간 (1 회차 ) 11:00~13:30(150 분 ) (2 회차 ) 15:00~17:30(150 분 ) 행사 장소 경복궁 일대 ( 시간여행 권역 ) 참여 방법 현장 참여 행사 내용 ‘ 세종대왕 나신날 ’ 국가기념일 지정을 맞이하여 세종대왕의 다양한 업적을 스토리텔링한 재현 행사 프로그램 행사 문의 행사안내 │ 궁능 활용 프로그램 전화 상담실 ( ☎ 1522-2295) 프로그램 안내 행사순서 시작공연 (20 분 ) ≫ 관객참여 공연 (15 분 ) ≫ 주제공연 (20 분 ) ≫ 관객참여 공연 (15 분 ) 거점이동 공연 (140 분 ) 근정전 수정전 , 침전 , 소주방 권역 수정전 , 침전 , 소주방 권역 수정전 , 침전 , 소주방 권역 전 권역 공연 ( 일상재현극 ) 구분 장소 주요내용 공연시간 러닝 타임 1 회차 2 회차 중심 권역 (9) 근정전 (1) 근정전 ① [ 음악 / 시작공연 ] 백성을 위한 소리 , 훈민정음 세종이 훈민정음으로 지은 < 용비어천가 > 를 받아든 후 , 그 가사에 맞춘 음악과 춤으로 훈민정음의 의미를 널리 알린다 . 11:00 15:00 20 분 수정전 권역 (2) 수정전 ① [ 국방 / 주제공연 ] 국방이 튼튼한 나라 두만강 국경을 지키고 있는 김종서 장군이 병사들의 무예를 시연하며 빈틈없는 준비태세를 보고한다 . 11:30 12:30 15:30 16:30 20 분 수정전 일대 ② [ 애민 / 관객참여 ] 신문고를 울려라 새로 온 의금부 관원들과 함께 신문고에 대해 배우고 , 신문고를 자유롭게 두드리며 억울함을 호소해보자 . 11:10 12:10 13:00 15:10 16:10 17:00 15 분 침전 권역 (4) 강녕전 ① [ 정치 , 과학 / 주제공연 ] 조선의 시간과 우주 세종이 장영실과 관원들이 만들고 있는 기구들을 보며 조선이 스스로 시간을 측정하고 우주를 볼 수 있기를 고대한다 . 12:00 13:00 16:00 17:00 20 분 강녕전 일대 ② [ 한글 / 관객참여 ] 한글 자음을 배워라 집현전 관원들에게 한글의 자음을 만드는 원리를 배우고 나무토막을 이용해 직접 자음 모양을 만들어보자 . 11:40 12:40 13:20 15:40 16:40 17:20 15 분 자경전 ③ [ 복지 / 주제공연 ] 왕비가 베푼 양로연 세종의 뜻을 따라 양로연을 베푸는 소헌왕후 , 노인들까지 모두 궁궐로 초대해 극진히 대접한다 . 12:00 13:00 16:00 17:00 20 분 자경전 일대 ④ [ 의학 / 관객참여 ] 지 혜로운 의녀를 만나다 세종의 명으로 충실히 공부해온 왕실의 의녀들이 건강을 지킬 수 있는 전통의학지식을 알려준다 . 11:40 12:40 13:20 15:40 16:40 17:20 15 분 소주방 권역 (2) 인지당 터 ① [ 농업 / 주제공연 ] 농사를 짓는 임금 우리 풍토에 맞는 농사를 위해 < 농사직설 > 이란 책을 펴냈던 세종은 궁궐 후원에 직접 논밭을 만들고 농업기술을 실험하기로 한다 . 11:30 12:30 15:30 16:30 20 분 인지당 터 ② [ 농업 / 관객참여 ] 임금의 쌀을 옮겨라 세종이 지은 쌀이 창고에 가득 쌓여있다 . 사옹방의 관원들과 함께 무거운 쌀가마니를 옮겨보자 . 11:10 12:10 13:00 15:10 16:10 17:00 15 분 부가 권역 (2) 전권역 ② [ 일상 / 거점이동 ] 왕가의 산책 따스한 봄날 , 왕과 왕비가 신하들을 거느리고 경복궁 안을 산책한다 . 궁 안에 만나는 이들과 담소를 나누기도 하며 한가로이 여유를 즐긴다 . 11:20 15:20 140 분 전권역 ③ [ 일상 / 거점이동 ] 관원들의 수다 왕을 경호하는 내금위 , 궁궐의 음식을 책임지는 수라간 등 궁궐에서 다양한 일을 하는 관원들이 관객들을 만나 각자의 고민을 해결한다 . 11:20 15:20 140 분 체험 구분 장소 주요내용 체험시간 비고 상설 체험존 (3) 수정전 ① [ 한글 ] 훈민정음 목판인출 체험 10:00~ 17:00 상설 운영 ② [ 한글 ] 훈민정음 블록 판화 체험 ③ [ 한글 ] 세종어록 필사 체험 추천코스 구분 추천코스 ① 장소 근정전 수정전 강녕전 인지당 터 자경전 시간 11:00~ 11:20 11:30~ 11:50 12:00~ 12:20 12:30~ 12:5 0 13:00~ 13:20 15:00~ 15:20 15:30~ 15:50 16:00~ 16:20 16:30~ 16:50 17:00~ 17:20 주제 음악 국방 정치 , 과학 농업 복지 구분 추천코스 ② 장소 근정전 인지당 터 자경전 수정전 강녕전 시간 11:00~ 11:20 11:30~ 11:50 12:00~ 12:20 12:30~ 12:50 13:00~ 13:20 15:00~ 15:20 15:30~ 15:50 16:00~ 16:20 16:30~ 16:50 17:00~ 17:20 주제 음악 농업 복지 국방 정치 , 과학 [ 행사 문의 ] 궁능 활용 프로그램 전화상담실 ☎ 1522-2295 구분 운영기간 운영시간 성수기 2025. 4. 1.~ 6. 16. 2025. 9. 4.~11. 9. ( 매주 월 휴무 ) 09:30~20:30 ( 상시운영 ) 일 반 성수기 운영기간 외 ( 주말 , 공휴일 휴무 ) 09:30~18:00 ( 점심시간 12:00~13:00) * 성수기 운영기간 및 시간은 변동 될 수 있습니다 .",https://www.kh.or.kr/program/view/menu/1292?viewType=ach&idx=567&searchRound=26&searchStTime=&searchEnTime=&searchField=homeAll&searchText=,https://www.kh.or.kr/jnrepo/upload/jnPrgFestivalProgram/202503/076534fa772343febd532305c9f8abcf_1742184476605.jpg,일상재현,0,0,0,1,1,1,0,1,0,1,"시간여행, 세종-궁중 일상재현",복합,https://www.kh.or.kr/jnrepo/upload/jnPrgFestivalProgram/202503/076534fa772343febd532305c9f8abcf_1742184476605.jpg,"시간여행, 세종-궁중 일상재현",복합,복합,현장참여,https://www.kh.or.kr/jnrepo/upload/jnPrgFestivalProgram/202503/076534fa772343febd532305c9f8abcf_1742184476605.jpg
26,11회,566,2025년 궁중문화축전 개막제,개막제,개막제,종료,공식행사,행사형,사전예약,1,0,0,2025-04-25~2025-04-25,2025-04-25,2025-04-25,1,2025,4,봄,,,0,,,,경복궁,경복궁,경복궁 흥례문 광장,경복궁 흥례문 광장,경복궁,,,"2025년 궁중문화축전 개막제 ""꽃이다!"" 향기로운 봄밤, 경복궁 흥례문광장에서 올해로 개최 11주년을 맞이하는 궁중문화축전의 개막제가 펼쳐집니다. 얼어붙은 동토 위에서도 대자연의 섭리로 피어나는 꽃, 과거의 상처와 아픔을 딛고 피어나 더 향기로운 꽃처럼 궁중문화축전 관람객 여러분을 위한 특별한 행사를 선보입니다. [행사 안내] - 행 사 일 자: 202 5. 4. 25.(금) - 행사 시간: 19:30~20:40(70분) - 행사 장소: 경복궁 흥례문광장 - 참여 인원: 900명(사전예약자 기준) * 초대석 별도 운영 - 관람 연령: 제한없음 - 행사 문의 - 행사안내│ 궁능 활용 프로그램 전화 상담실(☎ 1522-2295) - 예매안내│ 티켓링크 전화 상담실(☎ 1588-7890) [예매 안내] 본 안내 페이지 정독 후 모든 안내사항에 동의하시는 경우에만 응모 및 예매해주시기 바라며, 모든 예매자는 안내 내용을 숙지 및 동의하신 것으로 간주합니다. - 예매금액: 무료(1인 최대 4매 예매 가능) - 예매처: 티켓링크( 예매하러 가기 <<클릭 ) - 예매방법: 선착순 예매 - 예매일정: 2025. 4. 8.(화) 12:00 - 예매 유의사항 [티켓 예매] 본 행사의 티켓은 정식 예매처인 티켓링크를 통한 100% 사전 예약 판매를 원칙으로 하며, 그 외의 경로를 통한 판매는 진행되지 않습니다. 예매하신 본인 입장이 원칙이며, 타인 양도가 불가합니다. 실물 티켓은 별도로 제공되지 않습니다. 부정한 방법(매크로 사용, 우선 예매 URL 공유 등)으로 예매하거나 불법 암표 매매 목적으 로 구매하는 경우 적발 시 해당 티켓은 사전 통보 없이 예매 취소 및 사용을 제한할 수 있습 니다. 불법 암표 거래(프리미엄 티켓 판매, 티켓 양도 사기)로 선량한 예매자의 피해가 발생하고 있습니다. 이로 인한 문제 발생 시 행사 주최·주관사, 예매처는 책임지지 않습니다. 반드시 정식 예매처를 통해 예매하시길 바랍니다. 본 행사 진행 중 기록촬영으로 인해 관람객 초상이 노출되거나 촬영될 수 있으니 이 점 양 지하시어 티켓을 예매하시길 바랍니다. [취소 및 환불] 예매하신 티켓의 취소와 환불은 예매처의 규정을 준수합니다. 취소 마감 시간(행사 전일 17시) 경과 후 티켓 취소 및 변경이 불가합니다. [프로그램 안내] 기획의도 국민이자 인류를 상징하는 ‘꽃’이란 상징물을 통해 역 경 을 극복하여 마침내 꽃을 피우는 태평성대의 모습을 다양한 공연으로 표현하여 희망의 메시지를 전달한 다 . 공연소개 축하공연 <봄노래 메들리> 해맑은 동심을 지닌 어린이들이 자유로운 율동을 곁들인 봄노래로 잠들어있던 경복궁의 봄밤을 깨운다. 출연 서울시소년소녀합창단 주제공연 “ 꽃이다 ” < 기미 ( 幾微 )> 과거의 상처와 아픔을 딛고 대자연의 섭리로 아 름답고 향기롭게 피어나는 꽃, 꽃이 피기 전 위대한 전조의 흥미진진함을 표현한다. 출연 우리소리바라지 서울시무용단 국가유산진흥원 예술단 < 개화 ( 開花 )> 모든 것이 풍족하고 즐겁기만 한 태평성대, 만발한 꽃처럼 분주하고 활기찬 궁궐의 하루를 엿보다. 출연 국립국악원 < 만개 ( 滿開 )> 꽃이 하나둘씩 피어나는 모습을 보며 설레는 마음으로 춤을 추다. 출연 서울시국악관현악단 꽃의 감상에 푹 빠져 너 나 할 것 없이 하나가 되어 즐기다. 출연 서 울 시 국악관현악단 서울시무용단 국가유산진흥원 예술단 < 완상 ( 玩賞 )> 온 국민이 염원하고 꿈꾸는 세상, 정의롭고 평화로운 세상이 오래오래 이어지기를 바라는 마음을 담아 화합을 노래한다. 출연 김소현(뮤지컬 배우) 송재선(오보이스트) 서울시소년소녀합창단 서울시국악관현악단 궁중문화축전의 성료와 더불어 찾아주신 이들의 무사안녕과 만가대길을 소원한다. 출연 김준수(소리꾼) 우리소리바라지 * 이 밖에도 궁중문화축전 개막 선포, <미리보는 궁중문화축전> 영상 상영 등 공식행사가 진행됩니다. 연출진 예술감독 고선웅 제작감독 김동현/ 무대감독 박연주/무대조감독 이도하 제작관리 이지은/협역조연출 김 시화 무대디자인 이태섭/영상디자인 이원호/조명디자인 박성희 출연진 서울시국악관현악단/서울시무용단/ 서울시소년소녀합창단 국립국악원 국가유산진흥원 예술단/우리소리바라지 김소현(뮤지컬 배우)/송재선(오보이스트)/김준수(소리꾼) <국립국악원> <서울시국악관현악단> <서울시무용단 > <서울시소년소녀합창단 > <국가유산진흥원 예술단 > <우리소리바라지 > 김소현, 뮤지컬배우 송재선, 오보이스트 김준수, 소리꾼 [접수 안내] - 접수 장소: 1. 경복궁 용성문 앞 <궁중문화축전 개막제> 예매확인처 2. 경 복 궁 협 생문 앞 <궁중문화축전 개막제> 예매확인처 * 행사 당일 광화문은 개방하지 않습니다. - 접수 시간: 행사 당일 18:30~19:10 * 행사 당일 19:00부터 입장을 진행합니다. - 접수 방법: 티켓링크 모바일 티켓 확인(경복궁 입장권 구입 불필요) * 전 좌석 동일등급 비지정좌석제입니다. * 행사 시작 시간 60분 전부터 접수가 가능합니다. * 원활한 접수 진행을 위해 최소 30분 전에 도착해주시길 바랍니다. * 접수 시간 이전에 경복궁 입장(일반 관람)하고자 하시는 경우, 경복궁 매표소에서 별도 입장료를 지불하셔야 합니다. 단, 일반 관람이 끝난 후 경복궁을 퇴장하시어 접수시간 내에 용성문 및 협생문 접수처에 다시 방문하셔야 합니다. 행사 유의사항 접수 시 유의사항 - 행사 당일 광화문은 개방하지 않습니다. - 경복궁 동편 주차장은 협생문, 지하철 3호선 경복궁역(5번 출구)은 용성문이 가깝습니다. - 모바일 티켓은 예매 당일 카카오톡 또는 문자로 자동 발송되며, 티켓링크 모바일 티켓을 수령하지 못 하셨을 경우 티켓링크 마이페이지에서 예매내역 확인 후 입장 가능합니다. - 관람객의 안전을 위하여 티켓 확인 후 진행요원의 안내에 따라 용성문 및 협생문 앞에서 대기 후 순 차적으로 입장을 진행합니다. - 접수 시간 경과 후 예매확인처에 방문할 경우 행사 참여에 제한이 있을 수 있습니다. 관람 시 유의사항 행사 당일 별도의 경복궁 야간개장은 진행하지 않습니다. 행사장소와 화장실의 위치가 멀기 때문에 행사 시작 후에는 화장실 이용이 어렵습니다. 행사 시작전 미리 화장실(경복궁 동편 주차장 및 경복궁역)을 이용하시길 권장합니다. 행사 중 플래시 사용, 삼각대 사용, 음식물 반입을 금합니다. 행사 중에는 녹음과 영상, 사진 촬영을 금합니다. 무단 촬영 시 제재 및 삭제 조치가 있을 수 있습니다. 행사 당일 언론 및 방송 취재가 있을 수 있으며, 사전에 개별 고지 없이 촬영될 수 있음을 양해 바랍니다. 행사 시 촬영한 사진 및 영상은 궁중문화축전의 공식 홍보 및 연구, 발간 자료 등에 활용될 수 있습니다. 우천 시 안내 행사 당일 오후 13시 기상청 예보를 기준으로 행사시간 내 우천이 예보된 경우, 안전사 고 예방 및 관람객 편의를 위하여 행사가 취소될 수 있습니다. 우천으로 인한 변동 및 안내사항은 문자로 우선 안내됩니다. 예매 전에 티켓링크 회원정보 상의 연락처를 반드시 확인하시길 바라며, 회원정보 오기재로 인한 불이익은 행사 주최·주관사, 티켓사에서 책임지지 않습니다. 오시는 길 경복궁 흥례문광장(용성문, 협생문) 서울시 종로구 사직로 161 -지하철- 지하철 3호선 <경복궁역> 5번 출구 -버스- 경복궁 하차 간선 109, 171, 272, 601, 606, 710 지선 1020, 7025 덕성여중고 하차 간선 171, 272, 401, 406, 704, 710 지선 1020, 7025 -자가용- 경복궁 동편 주차장(유료) * 주차공간이 협소하므로 대중교통 이용을 권고드립니다. [티켓 문의] - 티켓링크 전화 상담실 ☎1588-7890 * 운영기간 평일 (주말·공휴일 제외) * 운영 시간 10:00~19:00 [행사 문의] - 궁능 활용 프로그램 전화상담실 ☎1522-2295 * 성수기: 2025. 4. 1.~ 6. 16., 2025. 9. 4.~11. 9. (매주 월 휴무) 09:30~20:30 (상시운영) * 일반: 성수기 운영기간 외 ( 주 말 , 공휴일 휴무) 09:30~18:00 ( 점심시간 12:00~13:00) * 성수기 운영기간 및 시간은 변동 될 수 있습니다.",https://www.kh.or.kr/program/view/menu/1292?viewType=ach&idx=566&searchRound=26&searchStTime=&searchEnTime=&searchField=homeAll&searchText=,https://www.kh.or.kr/jnrepo/upload/jnPrgFestivalProgram/202503/3d7f5ef9acb54c09b77b166969b6a6fb_1742184257701.jpg,25 개막제,0,1,1,1,1,0,0,1,1,1,2025년 궁중문화축전 개막제,공식행사,https://www.kh.or.kr/jnrepo/upload/jnPrgFestivalProgram/202503/3d7f5ef9acb54c09b77b166969b6a6fb_1742184257701.jpg,2025년 궁중문화축전 개막제,공식행사,공식행사,사전예약,https://www.kh.or.kr/jnrepo/upload/jnPrgFestivalProgram/202503/3d7f5ef9acb54c09b77b166969b6a6fb_1742184257701.jpg
26,11회,638,2025 봄 궁중문화축전 스탬프 투어,스탬프 투어,스탬프 투어,종료,체험,참여형,현장참여,0,1,0,2025-04-26~2025-05-04,2025-04-26,2025-05-04,9,2025,4,봄,04.26 ~ 05.04 09:00 ~ 18:00,04.26 ~ 05.04 09:00 ~ 18:00,1,09:00,18:00,,창덕궁,창덕궁,"경복궁, 창덕궁, 덕수궁, 창경궁, 경희궁, 종묘","경복궁, 창덕궁, 덕수궁, 창경궁, 경희궁, 종묘","경복궁, 창덕궁, 덕수궁, 창경궁, 경희궁, 종묘",,,"5 대궁과 종묘를 9 일간 누비며 스탬프를 모아보세요 . 역사적 장소를 배경으로 추억도 쌓고 건강과 리워드는 덤으로 ! 궁중문화축전을 가장 알차게 즐기는 궁중문화축전 스탬프 투어 , 4 월 26 일부터 시작됩니다 . - 일시 : 4. 26.( 토 )~5. 4.( 일 ) 10:00~17:00/ 총 9 일 - 장소 : 5 대궁 및 종묘 [ 참여 방법 ] ① 각 궁의 종합 안내소에서 스탬프 활동지 수령 ( 경복궁 , 덕수궁 , 창덕궁 , 창경궁 종합안내소 / 활동지 소진 시 선착순 마감 ) ② 5 대궁 및 종묘의 스탬프 스팟 10 곳을 방문하여 스탬프 획득 ③ 경복궁 종합 안내소에서 리워드 수령 *리워드 이벤트는 상품 재고에 따라 조기 종료 될 수 있습니다. * 상품 1~50 등 우양산 51~100 등 경회루 텀블러 101~150 등 궁중문화축전 젓가락 151~300 등 2025 봄 궁중문화축전 발매트 300등~ 궁궐 입체 자석 ** 유의사항 ① 궁별 입장료는 별도입니다. ② 완주 기념품은 축전 기간 내 지정된 수령처 ( 경복궁 흥례문 광장 내 종합안내소 ) 에서만 지급 가능합니다. ③ 기념품 중복 수령은 불가하며 1 인 1 회 참여만 가능합니다. ④ 준비된 기념품 수량 소진 시 조기 마감될 수 있습니다. ⑤ 부정 사용 적발 시 기념품 지급 제외됩니다.",https://www.kh.or.kr/program/view/menu/1292?viewType=ach&idx=638&searchRound=26&searchStTime=&searchEnTime=&searchField=homeAll&searchText=,https://www.kh.or.kr/jnrepo/upload/jnPrgFestivalProgram/202504/cd8e199bf94546c8a26da3f1e2eece73_1745636179347.jpg,-,1,0,0,0,1,1,0,0,1,1,2025 봄 궁중문화축전 스탬프 투어,체험,https://www.kh.or.kr/jnrepo/upload/jnPrgFestivalProgram/202504/cd8e199bf94546c8a26da3f1e2eece73_1745636179347.jpg,2025 봄 궁중문화축전 스탬프 투어,체험,체험,현장참여,https://www.kh.or.kr/jnrepo/upload/jnPrgFestivalProgram/202504/cd8e199bf94546c8a26da3f1e2eece73_1745636179347.jpg
26,11회,639,2025 봄 궁중문화축전 스탬프 투어,스탬프 투어,스탬프 투어,종료,체험,참여형,현장참여,0,1,0,2025-04-26~2025-05-04,2025-04-26,2025-05-04,9,2025,4,봄,04.26 ~ 05.04 09:00 ~ 18:00,04.26 ~ 05.04 09:00 ~ 18:00,1,09:00,18:00,,덕수궁,덕수궁,"경복궁, 창덕궁, 덕수궁, 창경궁, 경희궁, 종묘","경복궁, 창덕궁, 덕수궁, 창경궁, 경희궁, 종묘","경복궁, 창덕궁, 덕수궁, 창경궁, 경희궁, 종묘",,,"5 대궁과 종묘를 9 일간 누비며 스탬프를 모아보세요 . 역사적 장소를 배경으로 추억도 쌓고 건강과 리워드는 덤으로 ! 궁중문화축전을 가장 알차게 즐기는 궁중문화축전 스탬프 투어 , 4 월 26 일부터 시작됩니다 . - 일시 : 4. 26.( 토 )~5. 4.( 일 ) 10:00~17:00/ 총 9 일 - 장소 : 5 대궁 및 종묘 [ 참여 방법 ] ① 각 궁의 종합 안내소에서 스탬프 활동지 수령 ( 경복궁 , 덕수궁 , 창덕궁 , 창경궁 종합안내소 / 활동지 소진 시 선착순 마감 ) ② 5 대궁 및 종묘의 스탬프 스팟 10 곳을 방문하여 스탬프 획득 ③ 경복궁 종합 안내소에서 리워드 수령 *리워드 이벤트는 상품 재고에 따라 조기 종료 될 수 있습니다. * 상품 1~50 등 우양산 51~100 등 경회루 텀블러 101~150 등 궁중문화축전 젓가락 151~300 등 2025 봄 궁중문화축전 발매트 300등~ 궁궐 입체 자석 ** 유의사항 ① 궁별 입장료는 별도입니다. ② 완주 기념품은 축전 기간 내 지정된 수령처 ( 경복궁 흥례문 광장 내 종합안내소 ) 에서만 지급 가능합니다. ③ 기념품 중복 수령은 불가하며 1 인 1 회 참여만 가능합니다. ④ 준비된 기념품 수량 소진 시 조기 마감될 수 있습니다. ⑤ 부정 사용 적발 시 기념품 지급 제외됩니다.",https://www.kh.or.kr/program/view/menu/1292?viewType=ach&idx=639&searchRound=26&searchStTime=&searchEnTime=&searchField=homeAll&searchText=,https://www.kh.or.kr/jnrepo/upload/jnPrgFestivalProgram/202504/a911a0edf38f4ddeb9b2dbe737f063ab_1745635668436.jpg,-,1,0,0,0,1,1,0,0,1,1,2025 봄 궁중문화축전 스탬프 투어,체험,https://www.kh.or.kr/jnrepo/upload/jnPrgFestivalProgram/202504/a911a0edf38f4ddeb9b2dbe737f063ab_1745635668436.jpg,2025 봄 궁중문화축전 스탬프 투어,체험,체험,현장참여,https://www.kh.or.kr/jnrepo/upload/jnPrgFestivalProgram/202504/a911a0edf38f4ddeb9b2dbe737f063ab_1745635668436.jpg
26,11회,640,2025 봄 궁중문화축전 스탬프 투어,스탬프 투어,스탬프 투어,종료,체험,참여형,현장참여,0,1,0,2025-04-26~2025-05-04,2025-04-26,2025-05-04,9,2025,4,봄,04.26 ~ 05.04 09:00 ~ 18:00,04.26 ~ 05.04 09:00 ~ 18:00,1,09:00,18:00,,창경궁,창경궁,"경복궁, 창덕궁, 덕수궁, 창경궁, 경희궁, 종묘","경복궁, 창덕궁, 덕수궁, 창경궁, 경희궁, 종묘","경복궁, 창덕궁, 덕수궁, 창경궁, 경희궁, 종묘",,,"5 대궁과 종묘를 9 일간 누비며 스탬프를 모아보세요 . 역사적 장소를 배경으로 추억도 쌓고 건강과 리워드는 덤으로 ! 궁중문화축전을 가장 알차게 즐기는 궁중문화축전 스탬프 투어 , 4 월 26 일부터 시작됩니다 . - 일시 : 4. 26.( 토 )~5. 4.( 일 ) 10:00~17:00/ 총 9 일 - 장소 : 5 대궁 및 종묘 [ 참여 방법 ] ① 각 궁의 종합 안내소에서 스탬프 활동지 수령 ( 경복궁 , 덕수궁 , 창덕궁 , 창경궁 종합안내소 / 활동지 소진 시 선착순 마감 ) ② 5 대궁 및 종묘의 스탬프 스팟 10 곳을 방문하여 스탬프 획득 ③ 경복궁 종합 안내소에서 리워드 수령 *리워드 이벤트는 상품 재고에 따라 조기 종료 될 수 있습니다. * 상품 1~50 등 우양산 51~100 등 경회루 텀블러 101~150 등 궁중문화축전 젓가락 151~300 등 2025 봄 궁중문화축전 발매트 300등~ 궁궐 입체 자석 ** 유의사항 ① 궁별 입장료는 별도입니다. ② 완주 기념품은 축전 기간 내 지정된 수령처 ( 경복궁 흥례문 광장 내 종합안내소 ) 에서만 지급 가능합니다. ③ 기념품 중복 수령은 불가하며 1 인 1 회 참여만 가능합니다. ④ 준비된 기념품 수량 소진 시 조기 마감될 수 있습니다. ⑤ 부정 사용 적발 시 기념품 지급 제외됩니다.",https://www.kh.or.kr/program/view/menu/1292?viewType=ach&idx=640&searchRound=26&searchStTime=&searchEnTime=&searchField=homeAll&searchText=,https://www.kh.or.kr/jnrepo/upload/jnPrgFestivalProgram/202504/444d79ed62d44749925b5026836df37b_1744625737906.jpg,-,1,0,0,0,1,1,0,0,1,1,2025 봄 궁중문화축전 스탬프 투어,체험,https://www.kh.or.kr/jnrepo/upload/jnPrgFestivalProgram/202504/444d79ed62d44749925b5026836df37b_1744625737906.jpg,2025 봄 궁중문화축전 스탬프 투어,체험,체험,현장참여,https://www.kh.or.kr/jnrepo/upload/jnPrgFestivalProgram/202504/444d79ed62d44749925b5026836df37b_1744625737906.jpg
26,11회,641,2025 봄 궁중문화축전 스탬프 투어,스탬프 투어,스탬프 투어,종료,체험,참여형,현장참여,0,1,0,2025-04-26~2025-05-04,2025-04-26,2025-05-04,9,2025,4,봄,04.26 ~ 05.04 09:00 ~ 18:00,04.26 ~ 05.04 09:00 ~ 18:00,1,09:00,18:00,,경희궁,경희궁,"경복궁, 창덕궁, 덕수궁, 창경궁, 경희궁, 종묘","경복궁, 창덕궁, 덕수궁, 창경궁, 경희궁, 종묘","경복궁, 창덕궁, 덕수궁, 창경궁, 경희궁, 종묘",,,"5 대궁과 종묘를 9 일간 누비며 스탬프를 모아보세요 . 역사적 장소를 배경으로 추억도 쌓고 건강과 리워드는 덤으로 ! 궁중문화축전을 가장 알차게 즐기는 궁중문화축전 스탬프 투어 , 4 월 26 일부터 시작됩니다 . - 일시 : 4. 26.( 토 )~5. 4.( 일 ) 10:00~17:00/ 총 9 일 - 장소 : 5 대궁 및 종묘 [ 참여 방법 ] ① 각 궁의 종합 안내소에서 스탬프 활동지 수령 ( 경복궁 , 덕수궁 , 창덕궁 , 창경궁 종합안내소 / 활동지 소진 시 선착순 마감 ) ② 5 대궁 및 종묘의 스탬프 스팟 10 곳을 방문하여 스탬프 획득 ③ 경복궁 종합 안내소에서 리워드 수령 *리워드 이벤트는 상품 재고에 따라 조기 종료 될 수 있습니다. * 상품 1~50 등 우양산 51~100 등 경회루 텀블러 101~150 등 궁중문화축전 젓가락 151~300 등 2025 봄 궁중문화축전 발매트 300등~ 궁궐 입체 자석 ** 유의사항 ① 궁별 입장료는 별도입니다. ② 완주 기념품은 축전 기간 내 지정된 수령처 ( 경복궁 흥례문 광장 내 종합안내소 ) 에서만 지급 가능합니다. ③ 기념품 중복 수령은 불가하며 1 인 1 회 참여만 가능합니다. ④ 준비된 기념품 수량 소진 시 조기 마감될 수 있습니다. ⑤ 부정 사용 적발 시 기념품 지급 제외됩니다.",https://www.kh.or.kr/program/view/menu/1292?viewType=ach&idx=641&searchRound=26&searchStTime=&searchEnTime=&searchField=homeAll&searchText=,https://www.kh.or.kr/jnrepo/upload/jnPrgFestivalProgram/202504/6d6a7567ed6848ce9a92bd4b156f9d65_1745635738281.jpg,-,1,0,0,0,1,1,0,0,1,1,2025 봄 궁중문화축전 스탬프 투어,체험,https://www.kh.or.kr/jnrepo/upload/jnPrgFestivalProgram/202504/6d6a7567ed6848ce9a92bd4b156f9d65_1745635738281.jpg,2025 봄 궁중문화축전 스탬프 투어,체험,체험,현장참여,https://www.kh.or.kr/jnrepo/upload/jnPrgFestivalProgram/202504/6d6a7567ed6848ce9a92bd4b156f9d65_1745635738281.jpg
26,11회,642,2025 봄 궁중문화축전 스탬프 투어,스탬프 투어,스탬프 투어,종료,체험,참여형,현장참여,0,1,0,2025-04-26~2025-05-04,2025-04-26,2025-05-04,9,2025,4,봄,04.26 ~ 05.04 09:00 ~ 18:00,04.26 ~ 05.04 09:00 ~ 18:00,1,09:00,18:00,,종묘,종묘,"경복궁, 창덕궁, 덕수궁, 창경궁, 경희궁, 종묘","경복궁, 창덕궁, 덕수궁, 창경궁, 경희궁, 종묘","경복궁, 창덕궁, 덕수궁, 창경궁, 경희궁, 종묘",,,"5 대궁과 종묘를 9 일간 누비며 스탬프를 모아보세요 . 역사적 장소를 배경으로 추억도 쌓고 건강과 리워드는 덤으로 ! 궁중문화축전을 가장 알차게 즐기는 궁중문화축전 스탬프 투어 , 4 월 26 일부터 시작됩니다 . - 일시 : 4. 26.( 토 )~5. 4.( 일 ) 10:00~17:00/ 총 9 일 - 장소 : 5 대궁 및 종묘 [ 참여 방법 ] ① 각 궁의 종합 안내소에서 스탬프 활동지 수령 ( 경복궁 , 덕수궁 , 창덕궁 , 창경궁 종합안내소 / 활동지 소진 시 선착순 마감 ) ② 5 대궁 및 종묘의 스탬프 스팟 10 곳을 방문하여 스탬프 획득 ③ 경복궁 종합 안내소에서 리워드 수령 *리워드 이벤트는 상품 재고에 따라 조기 종료 될 수 있습니다. * 상품 1~50 등 우양산 51~100 등 경회루 텀블러 101~150 등 궁중문화축전 젓가락 151~300 등 2025 봄 궁중문화축전 발매트 300등~ 궁궐 입체 자석 ** 유의사항 ① 궁별 입장료는 별도입니다. ② 완주 기념품은 축전 기간 내 지정된 수령처 ( 경복궁 흥례문 광장 내 종합안내소 ) 에서만 지급 가능합니다. ③ 기념품 중복 수령은 불가하며 1 인 1 회 참여만 가능합니다. ④ 준비된 기념품 수량 소진 시 조기 마감될 수 있습니다. ⑤ 부정 사용 적발 시 기념품 지급 제외됩니다.",https://www.kh.or.kr/program/view/menu/1292?viewType=ach&idx=642&searchRound=26&searchStTime=&searchEnTime=&searchField=homeAll&searchText=,https://www.kh.or.kr/jnrepo/upload/jnPrgFestivalProgram/202504/7d5b48678ea84ef1b1edbf2cb1da11b6_1745636161086.jpg,-,1,0,0,0,1,1,0,0,1,1,2025 봄 궁중문화축전 스탬프 투어,체험,https://www.kh.or.kr/jnrepo/upload/jnPrgFestivalProgram/202504/7d5b48678ea84ef1b1edbf2cb1da11b6_1745636161086.jpg,2025 봄 궁중문화축전 스탬프 투어,체험,체험,현장참여,https://www.kh.or.kr/jnrepo/upload/jnPrgFestivalProgram/202504/7d5b48678ea84ef1b1edbf2cb1da11b6_1745636161086.jpg
23,10회,526,"대한황실문화원 기획 프로그램 - 자경전, 왕(王)의 효심(孝心)으로 물들이다","대한황실문화원 기획 프로그램 - 자경전, 왕(王)의 효심(孝心)으로 물들이다","대한황실문화원 기획 프로그램 - 자경전, 왕(王)의 효심(孝心)으로 물들이다",종료,복합,복합형,현장참여,0,1,0,2024-10-09~2024-10-13,2024-10-09,2024-10-13,5,2024,10,가을,10:00~17:00,"일,수,목,금,토 10:00 ~ 17:00",1,10:00,17:00,,경복궁,경복궁,경복궁 자경전,경복궁 자경전,경복궁,,1522-2295,"2024 년 가을 궁중문화축전 대한황실문화원 기획 프로그램-자경전, 왕(王)의 효심(孝心)으로 물들이다 경복궁 자경전 ( 慈慶殿 ) 의 ‘ 자경 ’ 은 ‘ 어머니의 복을 누린다 ’ 라는 뜻으로 고종 4 년 1867 년 경복궁에 지은 전각으로 , 고종 10 년 화재로 불탄 것을 고종 25 년 1888 년에 고종이 양어머니인 신정왕후를 위해 재건한 건물입니다 . ( 사 ) 대한황실문화원 기획 프로그램 < 자경전 , 왕 ( 王 ) 의 효심 ( 孝心 ) 으로 물들이다 > 는 조 선 시 대 궁 중 의 일 상 을 주 제 로 한 전시와 시연을 통해 웃어른에 대한 공경과 효심을 표현하고자 합니다 . 2024 년 가을 , 경복궁에서 임금이자 아들로서 고종의 일상을 함께 돌아봅니다 . 행사 안내 행사 기간 2024. 10. 9.( 수 )~10. 13.( 일 ) 행사 시간 10:00~17:00( 상설운영 ) 행사 장소 경복궁 자경전 관람 연령 제한없음 행사 문의 행사안내 : 궁능 활용 프로그램 전화 상담실 ( ☎ 1522-2295) 1. 전시소개 도자기 아트 인형 전시 ‘ 조선 600 년의 색을 만들다 ’ 프로그램 안내 전시소개 도자아트인형전시 ‘ 조선 600 년의 색을 만들다 ’ 오주현 작가는 우리나라 도자 인형 1 세대 작가로 도자 인형이라는 특별한 장르에서 활동하며 , 특히 조선 시대의 생활상을 주제로 아름답고 고유한 우리 전통의 미를 알리고자 창작에 매진하고 있는 특별한 영역 속의 작가입니다 . 경복궁에서는 처음 열리는 이번 전시는 자경전의 옛 주인인 신정왕후에 대한 고종의 효심과 왕실 생활을 주제로 하고 있습니다 . 궁궐에서 거행된 ‘ 대례식 , ’ 궁중아악 ‘ 및 ’ 어의 ‘ 등의 모습을 재해석한 도자 인형을 통해서 그 시대의 궁중문화를 살펴볼 수 있는 흥미로운 시간이 될 것입니다 . - 전시일자 : 2024. 10. 9.( 수 )~10. 13.( 일 ) - 전시시간 : 10:00~17:00( 상설운영 ) - 전시장소 : 경복궁 자경전 - 전시주제 : 조선왕실 및 대한제국황실 일원을 주제로 한 도자기 아트 인형 전시 ( 대례식 , 궁중아악 , 왕의 일가 등 ) - 작품수량 : 총 55 점 - 전시작가 : 오주현 ( 도자아트인형작가 ) - 전시 큐레이터 : 오지은 - 갤러리 토커 : 김미숙 - 콘텐츠프로듀서 : 황현모 행사소개 왕의 문안 및 교지 수여 - 행사일자 : 2024. 10. 11.( 금 )~10. 13.( 일 ) - 행사시간 : 16:00~17:00(60 분 ) - 행사장소 : 경복궁 자경전 일원 - 행사내용 · 왕의 문안 : 고종이 자경전을 찾아 신정왕후에게 문안을 올리는 장면과 효심을 연출 · 교지 수여 : 고종이 관리의 품계 상향 교지를 수여하는 장면을 시연 · 퍼레이드 : 한복을 곱게 차려입은 출연진들의 자경전 및 경복궁 일대 순회 연출진 총감독 황현모 조연출 이현준 시나리오 정규훈 의상연출 박현주 (( 사 ) 한복기술진흥원 ) 무대감독 ( 퍼포먼스 ) 성국현 조연출 ( 퍼포먼스 ) 이경희 자문 ( 퍼포먼스 ) 황정원 행사 유의사항 안내 관람 시 유의사항 궁궐 내 모든 공간은 국가유산 보호구역으로 흡연 및 음식물 , 인화물질 , 놀이기구의 반입이 제한됩니다 . 행사중 녹음 및 영상 촬영 , 플래시 사용 , 삼각대 사용이 제한됩니다 . 행사 당일 언론 및 방송 취재가 있을 수 있으며 , 사전에 개별 고지 없이 촬영될 수 있음을 양해바랍니다 . 행사 시 촬영한 사진 및 영상은 궁중문화축전 및 ( 사 ) 대한황실문화원의 공식 홍보 및 연구 , 발간자료 등에 활용될 수 있습니다 . 우천 시 안내 행사 당일 오전 9 시 기상청 예보 기준 행사 시간 내 우천 예보 시 1~4mm 예보 시 행사 정상 진행 ( 단 , 국가유산 보호를 위하여 일부 구역 관람이 제한될 수 있음 ) 5mm 이상 예보 시 전시 정상 진행 / 시연 행사 취소 오시는 길 서울시 종로구 사직로 161 경복궁 자경전 지하철 3 호선 경복궁역 5 번 출구 ( 도보 약 12 분 ) 3 호선 안국역 1 번 출구 ( 도보 약 15 분 ) 5 호선 광화문역 2 번 출구 ( 도보 약 15 분 ) 버스 경복궁 하차 ( 도보 약 15 분 ) 간선 109, 171, 272, 601, 606, 710 지선 1020, 7025 덕성여중고 하차 ( 도보 약 20 분 ) 간선 171, 272, 401, 406, 704, 710 지선 1020, 7025 자가용 경복궁 주차장 ( 유료 )( 도보 약 10 분 ) * 주차장이 협소하오니 가급적 대중교통을 이용하시길 바랍니다 . 행사 문의 궁능 활용 프로그램 전화상담실 ☎ 1522-2295 - 9 시 30 분 ~18 시 운영 / 점심시간 12 시 ~13 시 매주 월요일 미운영",https://www.kh.or.kr/program/view/menu/1292?viewType=ach&idx=526&searchRound=23&searchStTime=&searchEnTime=&searchField=homeAll&searchText=,https://www.kh.or.kr/jnrepo/upload/jnPrgFestivalProgram/202408/0286e54418dd4f46aec1832d57c6cbdd_1724820001433.jpg,황실문화원,0,0,0,0,1,0,1,0,1,1,"대한황실문화원 기획 프로그램 - 자경전, 왕(王)의 효심(孝心)으로 물들이다",복합,https://www.kh.or.kr/jnrepo/upload/jnPrgFestivalProgram/202408/0286e54418dd4f46aec1832d57c6cbdd_1724820001433.jpg,"대한황실문화원 기획 프로그램 - 자경전, 왕(王)의 효심(孝心)으로 물들이다",복합,복합,현장참여,https://www.kh.or.kr/jnrepo/upload/jnPrgFestivalProgram/202408/0286e54418dd4f46aec1832d57c6cbdd_1724820001433.jpg
23,10회,525,고궁 속 아름다운 한복 이야기 사진전,고궁 속 아름다운 한복 이야기 사진전,고궁 속 아름다운 한복 이야기 사진전,종료,전시,관람형,현장참여,0,1,0,2024-10-09~2024-10-13,2024-10-09,2024-10-13,5,2024,10,가을,10:00~17:00,"일,수,목,금,토 10:00 ~ 17:00",1,10:00,17:00,,경복궁,경복궁,경복궁 계조당,경복궁 계조당,경복궁,,국가유산진흥원 궁능활용사업 콜센터(1522-2295),"궁중문화축전 「 고궁 속 아름다운 한복이야기 사진 공모전 」 수상작을 가을 축전 기간 (10. 9.~10. 13.) 동안 경복궁 계조당에서 전시합니다 . □ 행사안내 ○ 일정 : 2024. 10. 9. ( 수 ) ~10. 13.( 일 ) / 10:00~17:00 ( 축전 기간 상시 운영 ) ○ 장소 : 경복궁 계조당 ( 네이버 지도 클릭 ) * 경복궁 동편 주차장쪽 방향 진입 □ 세부내용 ○ 구성 : 궁중문화축전 「 고궁 속 아름다운 한복이야기 사진 공모전 」 수상작 50 점 전시 ○ 전시 주제 : 4 대 궁 ( 경복궁 , 창덕궁 , 창경궁 , 덕수궁 ) 및 종묘에서 한복을 입고 촬영한 인물 사진 ○ 전시작 : 대상 ( 국가유산청장상 ) 1 점 , 최우수상 ( 궁능유적본부장상 , 국가유산진흥원장상 ) 2 점 , 우수상 ( 국가유산진흥원장상 ) 3 점 , 장려상 ( 국가유산진흥원장상 ) 5 점 , 가작 39 점 대상 ‘ 경복궁 경안문에서 ’ ( 박태근 작 ) 우수상 ‘ 담소 ’( 김홍기 작 ) * 참고 □ 공모전 개요 ○ 공모명 : 궁중문화축전 고궁 속 아름다운 한복이야기 사진 공모전 ○ 응모자격 : 궁중문화축전에 관심 있는 대한민국 국민 , 국내 거주 외국인 ○ 공모주제 : 4 대궁 ( 경복궁 , 창덕궁 , 창경궁 , 덕수궁 ) 및 종묘에서 한복을 입고 촬영한 인물 사진 ○ 공모 일정 - 접수 : 2024. 8. 5.( 월 ) 9:00 ~ 2024. 9. 8.( 일 ) 23:59 - 심사 : 2024. 9. 9.( 월 ) ~ 9. 20.( 금 ) - 발표 : 2024. 9. 24.( 화 ) * 행사 문의 : 궁능활용프로그램 전화상담실( 1522-2295)",https://www.kh.or.kr/program/view/menu/1292?viewType=ach&idx=525&searchRound=23&searchStTime=&searchEnTime=&searchField=homeAll&searchText=,https://www.kh.or.kr/jnrepo/upload/jnPrgFestivalProgram/202410/b36846e8406e48e5ac675102f2df222d_1727925573977.jpg,고궁,0,0,0,0,1,0,1,1,0,0,고궁 속 아름다운 한복 이야기 사진전,전시,https://www.kh.or.kr/jnrepo/upload/jnPrgFestivalProgram/202410/b36846e8406e48e5ac675102f2df222d_1727925573977.jpg,고궁 속 아름다운 한복 이야기 사진전,전시,전시,현장참여,https://www.kh.or.kr/jnrepo/upload/jnPrgFestivalProgram/202410/b36846e8406e48e5ac675102f2df222d_1727925573977.jpg
23,10회,524,"인문학 콘서트-한복, 천태만상","인문학 콘서트-한복, 천태만상","인문학 콘서트-한복, 천태만상",종료,공연,관람형,사전예약,1,0,0,2024-10-10~2024-10-11,2024-10-10,2024-10-11,2,2024,10,가을,16:00~17:30,"목,금 16:00 ~ 17:30",1,16:00,17:30,,경복궁,경복궁,경복궁 흥복전 마당,경복궁 흥복전 마당,경복궁,회당 300명,궁능 활용 프로그램 전화상담실(1522-2295)/티켓문의 티켓링크 전화상담실(1588-7890),"가을 날 경복궁 흥복전 에서 진행하는 인문학 콘서트 '한복, 천태만상' 국가무형유산으로 지정된 ' 한복생활 ' 은 오랜 역사와 전통 속에서 다양한 형태로 지속하여 왔으며 우리 민족의 정체성과 가치를 대표해 온 생활관습입니다 . 특히 한복은 선인들이 남긴 기록화와 현대인들의 영화 속에서 치밀한 연출과 섬세한 묘사를 통해 등장하며 일상과 이상을 넘나드는 매개체 역할을 하기도 합니다 . 궁중에서 베푸는 잔치를 그린 진연의궤와 도병 ( 그림 병풍 ), 다양한 시대를 배경으로 한 사극 영화에서 한복은 신선하기도 , 담대하기도 한 방식으로 주제와 인물 , 사건을 그려냅니다 . 2024 년 가을 , 경복궁에서 한복이 그린 천 가지 모습과 만 가지 형상을 함께 돌아봅니다 . 1. 공연안내 - 일자 : 2024. 10. 10.( 목 )~10. 11.( 금 ) - 시간 : 16:00~17:30(90 분 ) - 장소 : 경복궁 흥복전 - 관람인원 : 회당 300 명 ( 사전예약 ) - 행사문의 : 궁능 활용 프로그램 전화상담실 ( ☎ 1522-2295) - 티켓문의 : 티켓링크 전화상담실 ( ☎ 1588-7890) 2. 예매안내 - 일정 : 2024 년 9 월 23 일 (월 ) 14 시 *예정 - 예매처 : 티켓링크 www.ticketlink.co.kr - 예매방법 : 온라인 사전예매 - 예매금액 : 무료 ( 선착순 , 1 인 최대 4 매 예매 가능 ) 3. 공연소개 사회자 서경덕 성신여자대학교 교양학부 교수 前 대통령 직속 국가브랜드위원회 위원 前 문화체육관광부 해외문화홍보원 자문위원 1 회차 (10. 10.( 목 )) - 주제 : 한복 , 거장의 미장센 - 내용 : 영화 속 미장센 요소로서 한복의 쓰임새 패널 권유진 영화 의상감독 영화 「 노량 」 , 「 한산 」 , 「 명량 」 , 「 광해 , 왕이 된 남자 」 , 「 최종병기 , 활 」 , 「 덕혜옹주 」 등 의상감독 넷플릭스 「 킹덤 」 의상감독 대종상 의상상 수상 ( 총 8 회 ) 공연 원초적 음악집단 이드 전통음악과 서양의 리듬을 결합한 퍼포먼스로 음악적 쾌감이라는 본능을 이끌어내는 창작국악그룹 남기문 기타 , 대피리 , 태평소 김유원 생황 , 피리 , 태평소 오영빈 피리 , 태평소 , 키보드 김진규 베이스 도경한 장구 , 드럼 2 회차 (10. 11.( 금 )) - 주제 : 한복 , 일상의 몽타주 - 내용 : 기록화 ( 의궤 , 도병 등 ) 속 직과 업을 상징하는 요소로서 한복의 쓰임새 강사 신병주 건국대학교 사학과 교수 前 외교통상부 외규장각도서 자문포럼 위원 前 서울대학교 규장각 학예연구사 KBS 「 역사저널 , 그날 」 출연 패널 이민주 한국학중앙연구원 전통한국연구소 연구원 前 한국학중앙연구원 왕실문헌연구실 책임연구원 前 경기도 무형문화재위원 前 성균관대학교 의상학과 외래교수 및 겸임교수 공연 국가유산진흥원 예술단 1981 년 창단 이후 가 ( 歌 ), 무 ( 舞 ), 악 ( 樂 ) 이 어우러진 전통예술공연을 선사하며 한국의 아름다움을 알리는 국내 최고의 전통무용단 4.‘ 아름다운 한복 입기 ’ 이벤트 참여 안내 인문학 콘서트 ‘ 한복 , 천태만상 ’ 사전예약 관람객 대상으로 우리 전통한복을 입고 프로그램에 참여하시면 우선석 착석 기회와 소정의 기념품을 드립니다 . ① 전통한복 우선석 : 회당 50 석 * 본 공연은 비지정석으로 운영되며 , 사전에 고지한 구역에 한해 회당 50 석 한정으로 전통한복 우선석을 운영합니다 . * 사전예약 관람객 중 전통한복을 착용하신 분이 먼저 착석할 수 있는 특별좌석입니다 . * 전통한복 우선석은 공연 시작 10 분 전까지 착석해주셔야 하며 , 15:50 이후에는 전석 비좌정석으로 운영합니다 . ② 기념품 : 수량 소진 시까지( 버선 누빔 지갑 *1인당 1개 지급) 5. 오시는 길 서울시 종로구 사직로 161 경복궁 흥복전 접수장소 경복궁 흥복전 앞 < 인문학 콘서트 > 예매확인처 지하철 3 호선 경복궁역 5 번 출구 ( 도보 약 12 분 ) 3 호선 안국역 1 번 출구 ( 도보 약 15 분 ) 5 호선 광화문역 2 번 출구 ( 도보 약 15 분 ) 버스 경복궁 하차 ( 도보 약 15 분 ) 간선 109, 171, 272, 601, 606, 710 지선 1020, 7025 덕성여중고 하차 ( 도보 약 20 분 ) 간선 171, 272, 401, 406, 704, 710 지선 1020, 7025 자가용 경복궁 주차장 ( 유료 )( 도보 약 10 분 ) * 주차장이 협소하오니 가급적 대중교통을 이용하시길 바랍니다 . 9. 접수안내 접수장소 : 경복궁 흥복전 앞 < 인문학 콘서트 > 예매확인처 접수시간 : 공연 당일 15:20~15:50( 예매자 별도 공지 ) 접수방법 : 티켓링크 모바일 티켓 ( 스마트 티켓 ) 확인 * 행사 시작 시간 40 분 전부터 접수 및 입장이 가능합니다 . * 경복궁 매표소 ( 경복궁 흥례문 광장 ) 부터 공연장소 ( 경복궁 흥복전 ) 까지는 도보로 수 분 이상 소요되므로 가급적 공연 시작 10 분 전까지 입장하여 주시기 바랍니다 . * 관람객의 안전을 위하여 티켓 확인 후 진행요원의 안내에 따라 흥복전 앞에서 대기 후 순차적으로 입장을 진행합니다 . * 고지된 접수시간 이후에 도착하신 경우 , 예약부도 ( 노쇼 ) 로 간주하여 현장접수를 진행합니다 . 10. 유의사항 예매 시 유의사항 * 전 좌석 동일등급 비지정좌석제입니다 . 단 , 회차별 50 석에 한해 한복착용자 우선 착석이 가능한 특별좌석 ( 한복 우선석 ) 을 운영합니다 . * 1 인 최대 4 매 예매 가능합니다 . * 접수시간 이후 예약부도 ( 노쇼 ) 발생 시 현장접수를 진행합니다 . * 본 행사의 티켓은 정식 예매처인 티켓링크를 통한 100% 사전예약 판매를 원칙으로 하며 , 그 외의 경로는 진행되지 않습니다 . * 예매하신 본인 입장이 원칙이며 , 타인 양도가 불가합니다 . 단 , 일반 예매에 한해 가족 관계일 경우 예매자 및 양도받으실 가족 본인의 신분증과 , 가족 관계 증빙자료 ( 주민등록등본 , 가족관계증명서 ) 지참 시에만 예외적으로 양도가 가능합니다 . * 실물 티켓은 별도로 제공되지 않습니다 . * 부정한 방법 ( 매크로 사용 , 우선 예매 URL 공유 등 ) 으로 예매하거나 불법 암표 매매 목적으로 구매하는 경우 적발 시 해당 티켓은 사전 통보 없이 예매 취소 및 사용을 제한할 수 있습니다 . * 불법 암표 거래 ( 프리미엄 티켓 판매 , 티켓 양도 사기 ) 로 선량한 예매자의 피해가 발생하고 있습니다 . 이로 인한 문제 발생 시 행사 주최 · 주관사 , 티켓사는 책임지지 않습니다 . 반드시 정식 예매처를 통해 예매해주시기 바랍니다 . * 예매하신 티켓의 취소는 예매처 ( 티켓링크 ) 를 통해 가능합니다 . 관람 시 유의사항 * 궁궐 내 모든 공간은 국가유산 보호구역으로 흡연 및 음식물 , 인화물질 , 놀이기구의 반입이 제한됩니다 . * 행사중 녹음 및 영상 촬영 , 플래시 사용 , 삼각대 사용이 제한됩니다 . * 거동이 불편하신 관람객께서는 궁능 활용 프로그램 전화상담실로 행사 2 일전까지 휠체어 탑승 여부를 알려 주시기 바라며 , 사전 협의 후 별도 동선으로 안내드리는 점 양해 부탁드립니다 . * 행사 당일 언론 및 방송 취재가 있을 수 있으며 , 사전에 개별 고지 없이 촬영될 수 있음을 양해바랍니다 . * 행사 시 촬영한 사진 및 영상은 궁중문화축전의 공식 홍보 및 연구 , 발간자료 등에 활용될 수 있습니다 . 우천 시 유의사항 행사 당일 오전 11 시 기상청 예보 기준 행사 시간 내 우천 예보 시 행사 취소 개별 알림 * 우천으로 인한 행사 취소 또는 변경 시 , 행사 당일 오전 11 시 기상청 예보를 기준으로 문자 안내드립니다 . * 예매 전에 티켓링크 회원정보 상의 연락처를 반드시 확인하시기 바라며 , 회원정보 오기재로 인한 불이익은 행사 주최 · 주관사 , 티켓사에서 책임지지 않습니다 . 11. 문의처 행사문의 궁능 활용 프로그램 전화상담실 ( ☎ 1522-2295) * 운영시간 : 화 ~ 일요일 09:30~18:00( 월요일 휴무 ) 티켓문의 티켓링크 전화상담실 ( ☎ 1588-7890) * 운영시간 : 평일 10:00~19:00( 토 ˙ 일요일 · 공휴일 휴무 ) 주요내용 스크린과 기록화 속 한복을 주제로 한 명사 초청 인문학 콘서트 일반관람석내 한복착용자를 대상으로 우선석 운영(회당50석 예정) 사전예약자 대상 한복 관련 기념품 증정 예약정보 9. 23.(월 ) 14시 티켓링크 오픈 예정",https://www.kh.or.kr/program/view/menu/1292?viewType=ach&idx=524&searchRound=23&searchStTime=&searchEnTime=&searchField=homeAll&searchText=,https://www.kh.or.kr/jnrepo/upload/jnPrgFestivalProgram/202408/fac20bb9050a46b7b9d83090efba1b3d_1724819672603.png,인문학,1,1,0,1,1,0,1,1,1,1,"인문학 콘서트-한복, 천태만상",공연,https://www.kh.or.kr/jnrepo/upload/jnPrgFestivalProgram/202408/fac20bb9050a46b7b9d83090efba1b3d_1724819672603.png,"인문학 콘서트-한복, 천태만상",공연,공연,사전예약,https://www.kh.or.kr/jnrepo/upload/jnPrgFestivalProgram/202408/fac20bb9050a46b7b9d83090efba1b3d_1724819672603.png
23,10회,523,경복궁 상의원,경복궁 상의원,상의원,종료,체험,참여형,사전예약,1,0,0,2024-10-09~2024-10-13,2024-10-09,2024-10-13,5,2024,10,가을,10:00~17:00,"일,수,목,금,토 10:00 ~ 17:00",1,10:00,17:00,,경복궁,경복궁,수정전 및 융무루 터,수정전 및 융무루 터,경복궁,"일 1,000명",,"경복궁 특별 한복 체험 공간 ‘ 경복궁 상의원 ’ 조선시대 왕실의 복식을 관장하던 경복궁 상의원이 돌아옵니다 ! 무형유산 장인과 함께하는 체험과 한복 소품 DIY, 색다른 일상극 등으로 전통 복식의 역사를 만나보아요 ! 1. 티켓오픈 2024 년 9 월 23 일 (월 ) 13 시 예정 티켓링크 * 관람권 : 유료 (10,000 원 ) / 한 ID 당 최대 2 매 예약가능 * 해당 티켓은 상의원 무형유산 체험에 해당됩니다 . * 이외 프로그램은 예약 없이 현장에서 참여가능합니다 . 2. 행사안내 - 일자 : 2024. 10. 9.( 수 )~10. 13.( 일 ) - 시간 : 10:00~17:00 - 장소 : 경복궁 일대 ( 야간개장 권역 ) - 참여인원 : 2,000 명 3. 세부내용 [ 한복을 알다 ] - 내용 : 한복의 역사와 제작과정을 알 수 있는 스토리보드 전시 - 장소 : 경복궁 근정전 회랑 - 시간 : 10:00~17:00( 상시운영 / 자유관람 ) [ 한복을 보다 ] - 내용 : 상의원 재현 공간 및 관련 인물들의 일상극 관람 - 장소 : 경복궁 수정전 내 · 외부 - 시간 : 10:00~17:00( 상설운영 ) [ 한복을 경험하다 ] ① 무형유산 키트 만들기 - 침선장 - 내용 : 침선장 저고리 보자기 키트 만들기 ( 김영숙 이수자 ) - 장소 : 경복궁 수정전 - 참여방법 : 사전예약 / 유료 (10,000 원 ) - 시간 : 10:00/13:00/15:30( 회차당 30 명 /90 분 ) ② 무형유산 키트 만들기 - 화혜장 - 내용 : 화혜장 꽃신 키트 만들기 ( 황덕성 이수자 ) - 장소 : 경복궁 수정전 - 참여방법 : 사전예약 / 유료 (10,000 원 ) - 시간 : 10:00/11:30/14:30/16:00( 회차당 30 명 /60 분 ) ③ 나만의 한복 소품 커스터마이징 ( 국가유산진흥원 x 오브젝트 ( 옵젵상가 )) - 내용 : 특별 제작 와펜을 활용한 버선 , 복주머니 꾸미기 - 장소 : 경복궁 융무루 터 - 시간 : 10:00~17:00( 상시운영 / 현장접수 ) ( 일 500 명 한정 ) [ 오시는길 ] 서울 종로구 사직로 161 경복궁 흥례문 앞 ( 한복연향 접수처 ) * 대중교통을 이용하시면 경복궁까지 더 편리하게 오실 수 있습니다 . - 버스 : 109, 171, 272, 601, 606, 1020, 7025 번 버스 ( 경복궁 남측 ),1020, 1711, 7016, 7018, 7022, 7212, 6011, 9703 번 버스 ( 경복궁 서측 ) - 지하철 : 경복궁역 5 번 출구 ( 접수처까지 도보 약 5 분 ) - 주차 : 경복궁 동편 주차장 ( 유료 )( 접수처까지 도보 약 10 분 ) [ 유의사항 ] - 야외행사의 특성 상 행사당일 우천예보 시 행사가취소될 수 있습니다 .( 사전예매자 개별 안내 ) - 궁궐 내 모든 공간은 금역구역입니다 . - 문화유산 보호구역으로 음식물 , 인화물질 , 놀이기구의 반입이 제한됩니다 . - 행사 당일 언론 및 방송 취재가 있을 수 있으며 , 사전에 개별 고지 없이 촬영될 수 있음을 양해바랍니다 . - 행사 시 촬영한 사진 및 영상은 궁중문화축전의 공식 홍보 및 연구 , 발간 자료 등에 활용될 수 있습니다 . * 티켓 및 행사문의 : 국가유산진흥원 궁능활용사업 콜센터 (1522-2295)",https://www.kh.or.kr/program/view/menu/1292?viewType=ach&idx=523&searchRound=23&searchStTime=&searchEnTime=&searchField=homeAll&searchText=,https://www.kh.or.kr/jnrepo/upload/jnPrgFestivalProgram/202408/9b587dc2b32e4a58b1d988f97e5b06a4_1724734359528.jpg,상의원,0,0,1,0,1,0,1,1,1,1,경복궁 상의원,체험,https://www.kh.or.kr/jnrepo/upload/jnPrgFestivalProgram/202408/9b587dc2b32e4a58b1d988f97e5b06a4_1724734359528.jpg,경복궁 상의원,체험,체험,사전예약,https://www.kh.or.kr/jnrepo/upload/jnPrgFestivalProgram/202408/9b587dc2b32e4a58b1d988f97e5b06a4_1724734359528.jpg
23,10회,522,경복궁 한복 연향,경복궁 한복 연향,한복 연향,종료,복합,복합형,사전예약,1,0,0,2024-10-09~2024-10-09,2024-10-09,2024-10-09,1,2024,10,가을,19:00~21:00,수 19:00 ~ 21:00,1,19:00,21:00,,경복궁,경복궁,경복궁 일원,경복궁 일원,경복궁,"2,000명",,"궁중문화축전 10 주년 기념 특별행사 ‘ 경복궁 한복연향 ’ 경복궁에서의 특별한 하루 ! 궁중문화축전 10 주년을 맞아 우리 전통 복식인 한복을 입고 즐기는 ‘ 경복궁 한복 연향 ’ 이 펼쳐집니다 . 고궁의 밤 , 우리 한복의 아름다움으로 축제를 함께 완성해주세요 ! 1. 티켓오픈 2024 년 9 월 23 일 ( 금 ) 12 시 예정 티켓링크 * 관람권 : 무료 / 한 ID 당 최대 4 매 예약가능 * 한복 착용자만 입장 가능 ( 사전 / 현장 동일 ) 2. 행사안내 - 일자 : 2024. 10. 9.( 수 ) - 시간 : 19:00~21:00 - 장소 : 경복궁 일대 ( 야간개장 권역 ) - 참여인원 : 2,000 명 3. 세부내용 [ 일상재현 프로그램 ] ① 왕가의 산책 - 내용 : 행사 권역 내 왕가의 산책 퍼포먼스 진행 - 장소 : (1 회차 ) 계조당 → 근정문 → 근정전 ( 포토타임 ) (2 회차 ) 교태전 → 수정전 → 경회루 ( 포토타임 ) - 시간 : (1 회차 ) 19:00~19:30 (2 회차 ) 20:00~20:30 ② 경복궁 상의원 일상재현 - 내용 : 재현된 상의원 공간에서 펼쳐지는 일상재현 퍼포먼스 - 장소 : 경복궁 수정전 - 시간 : 19:00~21:00( 상시운영 ) [ 체험 프로그램 - 한복 입고 시리즈 ] ① 한복 입고 DIY( 국가유산진흥원 x 오브젝트 ( 옵젵상가 )) - 내용 : 나만의 한복 소품 커스터마이징 체험 ( 버선 , 복주머니 ) - 장소 : 경복궁 융무루 터 - 시간 : 19:00~21:00( 상시운영 / 현장접수 ) ② 한복 입고 전통놀이 - 내용 : 한복 원단으로 만들어진 전통놀이 도구 체험 - 장소 : 경복궁 흠경각 - 시간 : 19:00~21:00( 상시운영 / 자유참여 ) ③ 한복 입고 그림찾기 - 내용 : 경복궁의 보물같은 장소를 찾아 떠나는 미션 여행 - 장소 : 경복궁 일원 - 시간 : 19:00~21:00( 상시운영 / 자유참여 ) [ 공연 프로그램 - 한복의 사계 ] - 내용 : 계절에 맞는 복식과 악기로 한복의 사계절을 표현한 버스킹 프로그램 - 장소 : 미정 - 시간 : 미정 [ 전시 프로그램 - 한복 , 미 ( 美 ) 의 역사 ] 내용 : 한복의 역사와 제작과정을 알 수 있는 스토리보드 전시 - 장소 : 경복궁 근정전 회랑 - 시간 : 19:00~21:00( 상시운영 / 자유참여 ) [ 이벤트 - 수상한 그림꾼 ] - 내용 : 궁궐을 돌아다니는 수상한 그림꾼을 찾아 나만의 한복 자화상을 부탁하세요 ! 오늘의 추억을 멋들어지게 그려줄 멋쟁이들입니다 ! - 장소 : 경복궁 일원 - 시간 : 19:00~21:00( 상시운영 / 자유참여 ) [ 오시는길 ] 서울 종로구 사직로 161 경복궁 흥례문 앞 ( 한복연향 접수처 ) * 대중교통을 이용하시면 경복궁까지 더 편리하게 오실 수 있습니다 . - 버스 : 109, 171, 272, 601, 606, 1020, 7025 번 버스 ( 경복궁 남측 ),1020, 1711, 7016, 7018, 7022, 7212, 6011, 9703 번 버스 ( 경복궁 서측 ) - 지하철 : 경복궁역 5 번 출구 ( 접수처까지 도보 약 5 분 ) - 주차 : 경복궁 동편 주차장 ( 유료 )( 접수처까지 도보 약 10 분 ) [ 입장안내 ] - 접수시간 : 18:00 부터 접수 시작 - 접수장소 : 경복궁 용성문 앞 ( 국립고궁박물관 방향 ) - 사전예약자 확인을 위하여 예매자 본인의 신분증을 필히 지참해주시기 바랍니다 . ( 주민등록증 , 운전면허증 , 여권 , 신분증 재발급 신청서 , 외국인등록증 ) * 관람권은 직계가족 및 형제 · 자매에 한하여 증빙자료 ( 등본 , 가족관계증명서 ) 제출 시 양도할 수 있습니다 . - 사전예약자도 한복 착용자만 입장 가능합니다 . - 한복 착용자에 한해 예약 없이 현장접수 가능합니다 . [ 유의사항 ] 경복궁 한복 연향은 한복 착용자만 입장이 가능합니다 . - 야외행사의 특성 상 행사당일 우천예보 시 행사가 취소될 수 있습니다 .( 사전예매자 개별 안내 ) - 궁궐 내 모든 공간은 금역구역입니다 . - 문화유산 보호구역으로 음식물 , 인화물질 , 놀이기구의 반입이 제한됩니다 . - 행사 당일 언론 및 방송 취재가 있을 수 있으며 , 사전에 개별 고지 없이 촬영될 수 있음을 양해바랍니다 . - 행사 시 촬영한 사진 및 영상은 궁중문화축전의 공식 홍보 및 연구 , 발간 자료 등에 활용될 수 있습니다 . * 티켓 및 행사문의 : 한국문화재재단 궁능활용사업 콜센터 (1522-2295)",https://www.kh.or.kr/program/view/menu/1292?viewType=ach&idx=522&searchRound=23&searchStTime=&searchEnTime=&searchField=homeAll&searchText=,https://www.kh.or.kr/jnrepo/upload/jnPrgFestivalProgram/202408/81c4b752f57c4a04b96bde33292e1e82_1724733991607.jpg,한복,0,1,1,1,1,1,1,1,1,1,경복궁 한복 연향,복합,https://www.kh.or.kr/jnrepo/upload/jnPrgFestivalProgram/202408/81c4b752f57c4a04b96bde33292e1e82_1724733991607.jpg,경복궁 한복 연향,복합,복합,사전예약,https://www.kh.or.kr/jnrepo/upload/jnPrgFestivalProgram/202408/81c4b752f57c4a04b96bde33292e1e82_1724733991607.jpg
23,10회,520,궁중문화축전 길놀이,길놀이,길놀이,종료,공연,관람형,현장참여,0,1,0,2024-10-12~2024-10-12,2024-10-12,2024-10-12,1,2024,10,가을,토 13:30 / 15:30,토 13:30 / 15:30,1,13:30,15:30,,경복궁,경복궁,"경복궁 일원, 창경궁 일원","경복궁 일원, 창경궁 일원","경복궁, 창경궁",,,"사자춤 , 소고춤 , 사물놀이 등 2024 년 궁중문화축전의 흥을 더할 전통 길놀이를 궁궐 곳곳에서 만나보세요 ! 2024 가을 궁중문화축전 길놀이는 경복궁과 창경궁에서 진행됩니다. <경복궁> - 일정 : 2024. 10. 12.( 토 ) 13:30, 15:30(30분간 진행) - 동선: 국립고궁박물관 앞 출발→ 용성문→ 흥례문 광장 (합동공연) → 협생문 - 출연진: 강령탈춤보존회, 봉산탈춤보존회, 국가유산진흥원 예술단 등 - 공연구성: 합동 사자춤(강령, 봉산), 기접놀이, 소고춤, 사물 개인놀이 등 <창경궁> - 일정 : 2024. 10. 13.( 일 ) 14시, 16시 - 동선: 창경궁 양화당 앞마당 시작(문정문-광정문-관천대 인근) - 출연진: 강령탈춤보존회, 봉산탈춤보존회, 국가유산진흥원 예술단 등 - 공연구성: 합동 사자춤(강령, 봉산), 기접놀이, 소고춤, 사물 개인놀이 등 - 행사문의 ○ 궁능활용프로그램 콜센터 1522-2295 - 우천 시 취소 안내 ○ 행사 당일 오전 11 시 기준 5mm 이상 예보될 경우 ( 기상청 예보 기준 ) 행사가 취소되며 , 궁중문화축전 SNS 채널을 통해 공지됩니다 .",https://www.kh.or.kr/program/view/menu/1292?viewType=ach&idx=520&searchRound=23&searchStTime=&searchEnTime=&searchField=homeAll&searchText=,https://www.kh.or.kr/jnrepo/upload/jnPrgFestivalProgram/202408/b66c88ce010d4ef29b5959c85fb707f6_1724733372881.png,길놀이,0,0,0,1,0,0,0,0,0,1,궁중문화축전 길놀이,공연,https://www.kh.or.kr/jnrepo/upload/jnPrgFestivalProgram/202408/b66c88ce010d4ef29b5959c85fb707f6_1724733372881.png,궁중문화축전 길놀이,공연,공연,현장참여,https://www.kh.or.kr/jnrepo/upload/jnPrgFestivalProgram/202408/b66c88ce010d4ef29b5959c85fb707f6_1724733372881.png
23,10회,518,고궁음악회 발레x수제천,고궁음악회 발레x수제천,고궁음악회 발레x수제천,종료,공연,관람형,사전예약,1,0,0,2024-10-10~2024-10-13,2024-10-10,2024-10-13,4,2024,10,가을,19:00~20:10,"일,목,금,토 19:00 ~ 20:10",1,19:00,20:10,,경복궁,경복궁,경복궁 집옥재 앞마당,경복궁 집옥재 앞마당,경복궁,,,"국내 티켓: 9월 23일 월요일 오후 3시 티켓링크 예약 시작 해외(외국인) 티켓: 9월 5일 목요일 오전 10시 크리에이트립 예약 시작 경복궁 집옥재 앞마당에서 만나는 국악과 발레의 크로스오버 공연 - 2년 연속 전 회차 매진으로 검증된 명품 공연 - K-Arts 발레단과 국악 명인들이 만나 펼치는 동서양의 고전 융합 무대(공연시간 70분) - 클래식 발레부터 컨템퍼러리 발레, '천상의 선율'이라 불리는 '수제천'부터 외국인에게 사랑받는 가야금 명곡 '침향무'까지 동서양 예술의 정수를 만나볼 수 있는 공연 - 공연에 대한 해설이 없는 음악회 입니다. (영어해설이 지원되지 않습니다.) 2024년 가을밤, 경복궁에서 수제천(壽齊天)과 발레가 다시 만나 오늘의 고전을 이어갑니다. 고궁음악회는 궁궐의 전각과 자연을 배경으로 전통예술 뿐만 아니라 대중음악과 서양음악, 현대무용 등 다양한 장르와의 협연을 통해 전통문화의 외연을 확장하고 대중과의 소통을 강화하기 위한 노력을 지속하고 있습니다. 2024년 하반기에는 우리 궁중음악인 수제천(壽齊天)과 서양 궁중무용인 발레의 협연을 경복궁 집옥재 앞마당에서 다시금 선보입니다. 붉은 홍주의를 입은 궁중악사의 선율 위로 천상의 발레리나들이 날아오르는 집옥재의 모습은 오랫동안 잊히지 않을 고궁의 멋진 가을밤을 선사할 것입니다. [프로그램] “첫째 마당: 발레 정재”(클래식 발레) ‘정재’는 궁중무용을 일컫는 말로써, 우리 국악 중 천상의 선율이라고 불리우는 수제천과 클래식 발레가 만나 21세기 궁중무용 장르의 새로운 발현인 발레정재를 제안한다. “둘째 마당: 발레 판타지”(로맨틱 발레) 판타지 세계를 그려내는 로맨틱 발레의 특징을 전통 음악들과의 융합으로 재현한다. 태평가 선율이 국악 중주로 노닐면 북악산 요정들의 춤이 화답하고, 이어서 판소리 소리꾼의 한바탕이 펼쳐진다. 환상적으로 펼쳐진 판타지 마당에서 정겨운 도깨비 춤이 침향무 연주와 한껏 어우러진다. “셋째 마당: 발레비나리”(컨템퍼러리 발레) 수룡음 연주가 판타지 세계에서 피날레 무대로의 전환을 맺어준다. 사물놀이 장단의 역동성과 젊은 무용수들의 컨템퍼러리 발레의 에너지가 상승효과를 일으키며 관객들에게 감사와 축원의 비나리를 선물한다. 연출: 조주현(한국예술종합학교 무용원 실기과 교수) 출연진: K-Arts 발레단, 수제천 프로젝트, 연희컴퍼니 유희 접수장소: 경복궁 신무문 앞 안내데스크 접수장소(경복궁 신무문 안내데스크)에서 관람 30분 전까지 대기하여 주시기 바랍니다. 접수장소에서 예매 내역을 확인 후 입장을 시작합니다. 프로그램의 원활한 진행과 안전 상의 이유로 프로그램이 시작된 이후에는 입장이 제한됩니다. 경복궁 내 주차 공간이 협소하오니 대중교통 이용을 권고드립니다. 오시는 길 버스 - 경복궁역 3번 출구 앞 '경복궁역 정류장'에서 1711, 1020, 7018, 7016, 7022, 7212번 버스 승차 후 '효자동 정류장'에서 하차 - '국립고궁박물관 정류장'에서 01A번 버스 승차 후 '청와대 정류장'에서 하차 지하철 - 3호선 경복궁역 4번 출구로 나와 도보 15분 이동 - 3호선 안국역 1번 출구로 나와 도보 20분 이동 * 경복궁 동편 유료 주차장 이용 가능(주차비 본인 부담) * 경복궁 신무문은 청와대 정문 맞은편에 위치하고 있으며, 경복궁 역에서 도보로 수분 소요되오니 가급적 공연 시작 30분 전 도착하시기 바랍니다. <유의사항> 7세 이상부터 참여가 가능합니다. (6세 이하 아동은 안전 상의 이유로 참여가 제한됩니다.) 공연 중 영상을 포함한 모든 사진 촬영과 음성 녹음은 금지되어 있으며, 공연 종료 후 커튼콜 시 삼각대/플래시를 사용하지 않는 사진 및 영상 촬영만 가능합니다. 행사 당일 언론 및 방송 취재가 있을 수 있으며, 사전에 고지없이 촬영될 수 있음을 양해 바랍니다. 행사 시 촬영한 사진 및 영상은 국가유산진흥원의 홍보 및 연구, 발간 자료 등에 활용될 수 있습니다. 궁궐 내 모든 공간은 금연구역입니다. 문화유산 보호구역으로 음식물, 인화물질, 놀이기구의 반입이 제한됩니다. 행사 당일 13시 기상청 기준 우천 예보 시 공연이 취소될 수 있으며, 이 경우 예매자에게 개별 안내해드릴 예정입니다.",https://www.kh.or.kr/program/view/menu/1292?viewType=ach&idx=518&searchRound=23&searchStTime=&searchEnTime=&searchField=homeAll&searchText=,https://www.kh.or.kr/jnrepo/upload/jnPrgFestivalProgram/202408/74787dd67dd647508c56f1f48b55ab3f_1724725777915.png,발레,1,1,1,1,1,1,0,1,1,1,고궁음악회 발레x수제천,공연,https://www.kh.or.kr/jnrepo/upload/jnPrgFestivalProgram/202408/74787dd67dd647508c56f1f48b55ab3f_1724725777915.png,고궁음악회 발레x수제천,공연,공연,사전예약,https://www.kh.or.kr/jnrepo/upload/jnPrgFestivalProgram/202408/74787dd67dd647508c56f1f48b55ab3f_1724725777915.png
23,10회,516,경복궁 생과방,경복궁 생과방,생과방,종료,체험,참여형,사전예약,1,0,0,2024-09-04~2024-10-31,2024-09-04,2024-10-31,58,2024,9,가을,"일,월,수,목,금,토 10:00, 11:40 / 13:50, 15:30","일,월,수,목,금,토 10:00, 11:40 / 13:50, 15:30",1,10:00,11:40,,경복궁,경복궁,생과방,생과방,경복궁,,,"2024 경복궁 생과방 1. 행사 소개 경복궁 소주방 전각에 위치한 생과방 ' 은 궁중의 육처소 處所 ) 가운데 하나이며 , ' 국왕과 왕비의 후식과 별식을 준비하던 곳으로 ' 생물방 ' 혹은 ' 생것방 ' 이라고도 불렸습니다 . 경복궁 생과방 프로그램은 조선왕조실록의 내용을 토대로 실제 임금이 드셨던 궁중병과와 궁중약차를 오늘날에도 즐길 수 있도록 구성된 체험 프로그램 입니다 . 2. 행사 안내 ○ 행사기간 : 2024 년 9 월 4 일 ( 수 ) - 10 월 31 일 ( 목 ) * 경복궁 휴궁일 행사 미운영 ○ 행사장소 : 경복궁 생과방 ○ 행사시간 : 1 일 4 회 , 회당 70 분 소요 - 1 회 10:00 |2 회 11:40 |3 회 13:50 | 4 회 15:30 3. 예매 안내 ○ 예매일정 - 예매권 추첨 응모 : 2024. 8. 12.( 월 ) 14:00 ~ 8. 18.( 일 ) 23:59 - 추첨 당첨자 발표 : 2024. 8. 22.( 목 ) 14:00 이후 - 당첨자 우선 예매 : 2024. 8. 23.( 금 ) 17:00 ~ 8. 27.( 화 ) 15:00 - 잔여석 일반 예매 : 2024. 8. 28.( 수 ) 17:00 ~ ○ 예매금액 : 15,000 원 ( 궁중병과 세트 1 종 + 궁중약차 1 종 ) * 추첨 당첨 시 1 인 2 매 예매 가능 ○ 예매처 : 티켓링크 www.ticketlink.co.kr - URL : https://www.ticketlink.co.kr/product/51382 ○ 예매방법 : 예매권 추첨제 ① 예매권 추첨 응모 ② 추첨 당첨자 발표 ③ 당첨자 우선 예매 ④ 잔여석 일반예매 ( 선착순 ) 4. 유의 사항 [ 티켓 예매 ] ○ 본 행사의 티켓은 정식 예매처인 티켓링크를 통한 100% 사전예약 판매를 원칙으로 하며 , 그 외의 경로나 현장 판매는 진행되지 않습니다 . ○ 1 인 최대 2 매 예매 가능합니다 . ○ 부정 예매 및 암표 거래 방지를 위해 신용카드 결제만 가능합니다 . ○ 예매하신 본인 입장이 원칙이며 , 타인 양도가 불가합니다 . ○ 단 , 가족 관계일 경우 예매자 및 양도받으실 가족 본인의 신분증과 , 가족 관계 증빙자료 ( 주민등록등본 , 가족관계증명서 ) 지참 시에만 예외적으로 양도가 가능합니다 . * 법적 정의 ( 민법 제 779 조 ) 에 따른 ‘ 가족 ’ 만 해당 ( 배우자 , 직계혈족 , 형제자매 ) * 단 , 전화 예매 및 할인 티켓은 예매자 본인 참여가 원칙이며 가족 양도 불가 ○ 본 행사는 경복궁 생과방에 마련되는 예매확인처에서 본인확인을 진행합니다 . 예매자 본인 명의와 일치하는 신분증 ( 원본 ) 및 예매내역 ( 예매번호 ) 을 반드시 지참해주시기 바랍니다 . ○ 실물 티켓은 별도로 제공되지 않습니다 . ○ 부정한 방법 ( 매크로 사용 , 우선 예매 URL 공유 등 ) 으로 예매하거나 불법 암표 매매 목적으로 구매하는 경우 적발 시 해당 티켓은 사전 통보 없이 예매 취소 및 사용을 제한할 수 있습니다 . ○ 불법 암표 거래 ( 프리미엄 티켓 판매 , 티켓 양도 사기 ) 로 선량한 예매자의 피해가 발생하고 있습니다 . 이로 인한 문제 발생 시 행사 주최 · 주관사 , 티켓사는 책임지지 않습니다 . 반드시 정식 예매처를 통해 예매해주시기 바랍니다 . ○ 변동 및 안내사항은 문자로 우선 안내됩니다 . 예매 전에 티켓링크 회원정보 상의 연락처를 반드시 확인하시기 바라며 , 회원정보 오기재로 인한 불이익은 행사 주최 · 주관사 , 티켓사에서 책임지지 않습니다 . [ 취소 및 환불 ] ○ 예매하신 티켓의 취소와 환불은 예매처 ( 티켓링크 ) 의 규정을 준수합니다 . ○ 취소 마감 시간 ( 행사 전일 12 시 ) 이전 티켓 취소 시 100% 환불되며 , 취소 수수료가 발생하지 않습니다 . ○ 취소 마감 시간 ( 행사 전일 12 시 ) 경과 후 취소 및 변경이 불가하며 , 취소표 발생 시 행사 전일 오후 6 시 ~ 행사 당일 오전 10 시까지 취소할 수 없는 티켓을 예매할 수 있습니다 . 5. 프로그램 안내 < 대추인절미병 세트 > ○ 대추인절미병 , 곶감단지 , 참외정과 , 쌀엿강정 , 매작과 , 금귤정과 , 호두정과 - 대추인절미병 引切味餅 ( 대추 , 호두 , 밤 , 땅콩 , 참깨 ) : 『 음식디미방 』 , 『 조선무쌍신식요리제법 』 에 기록되어 있는 음식으로 맛과 영양을 위해 견과류를 넣고 , 설탕 대신 대추고를 넣어 고유의 단맛을 더했습니다 . - 곶감단지 ( 곶감 , 유자청 , 호두 , 계피가루 , 대추 ) : 곶감단지는 호두강정 , 곶감 , 잣 등을 다져 유자청으로 반죽하여 속을 채운 병과입니다 . 『 동의보감 』 에 따르면 곶감은 ' 몸의 허함을 보하고 위장을 든든하게 하여 체한것을 없애준다 ' 고 기록되어 있습니다 . - 참외 정과 ( 참외 , 박고지 ) : 정과는 ' 전과 ( 果 ) 라고도 하며 조선시대 장국상 , 큰상 , 제례음식에 반드시 쓰였습니다 . 특유의 향미를 가진 참외를 꿀이나 설탕에 재거나 졸여 만든 전통 과자입니다 . - 쌀엿강정 ( 쌀 , 유자청 , 오미자청 , 파래 ) : 쌀을 쪄서 말린 후 기름에 튀겨 엿으로 버무려 천연 색과 맛을 낸 강정입니다 . 1680 년경에 쓰여진 조리서 『 요록 』 에 등장하였으며 , 남녀노소 모두가 좋아하는 조선 시대 병과입니다 . - 매작과 ( 강황 , 파래 , 백련초 , 생강 ) : 궁중에서 ' 마치 매화나무에 참새가 앉아 있는 형상을 하고 있는 한과 ' 라는 의미로 불리었으며 천연 재료를 넣어 그 색과 모양이 다양한 전통 과자입니다 . - 금귤정과 ( 금귤 , 설탕 ) : 껍질째 먹는 과일인 금귤을 설탕에 조려 만든 진정과로 특유의 상큼한 향미와 쫀득한 식감을 가진 전통 다과 입니다 . - 호두정과 ( 호두 , 설탕 ) : 알이 굵고 단단한 호두를 골라 꿀을 넣어 조린 뒤 노릇하게 튀겨내 고소한 맛이 나는 전통과자입니다 . 각종 영양이 가득하여 건강에 좋을 뿐 아니라 , 두뇌 건강과 피부에 좋다고 알려져 있습니다 . 식감이 바삭하고 달콤해 남녀 모두가 좋아하는 별식입니다 . < 주악 세트 > ○ 주악 , 곶감단지 , 참외정과 , 쌀엿강정 , 매작과 , 금귤정과 , 호두정과 - 주악 ( 찹쌀 ) : 찹쌀가루로 만들어진 주악은 조선시대 귀한 손님이 왔을 때 올리던 음식입니다 . 궁중의 연향인 『 진찬의궤 ( 進饌儀軌 ) 』 에는 대추주악 · 감태주악 · 후추주악 · 계피주악 · 치작황 주악 등의 ' 각색 주악 ' 이 주로올려졌습니다 . - 곶감단지 ( 곶감 , 유자청 , 호두 , 계피가루 , 대추 ) : 곶감단지는 호두강정 , 곶감 , 잣 등을 다져 유자청으로 반죽하여 속을 채운 병과입니다 . 『 동의보감 』 에 따르면 곶감은 ' 몸의 허함을 보하고 위장을 든든하게 하여 체한것을 없애준다 ' 고 기록되어 있습니다 . - 참외 정과 ( 참외 , 박고지 ) : 정과는 전과 ( 果 ) 라고도 하며 조선시대 장국상 , 큰상 , 제례음식에 반드시 쓰였습니다 . 특유의 향미를 가진 참외를 꿀이나 설탕에 재거나 졸여 만든 전통 과자입니다 . - 쌀엿강정 ( 쌀 , 유자청 , 오미자청 , 파래 ) : 쌀을 쪄서 말린 후 기름에 튀겨 엿으로 버무려 천연 색과 맛을 낸 엿강정입니다 . 1680 년경에 쓰여진 조리서 『 요록 』 에 등장하였으며 , 남녀노소 모두가 좋아하는 조선시대 병과입니다 . - 매작과 ( 강황 , 파래 , 백련초 , 생강 ) : 궁중에서 ' 마치 매화나무에 참새가 앉아 있는 형상을 하고 있는 한과 ' 라는 의미로 불리었으며 천연 재료를 넣어 그 색과 모양이 다양한 전통 과자입니다 . - 금귤정과 ( 금귤 , 설탕 ) : 껍질째 먹는 과일인 금귤을 설탕에 조려 만든 진정과로 특유의 상큼한 향미와 쫀득한 식감을 가진 전통다과 입니다 . - 호두정과 ( 호두 , 설탕 ) : 알이 굵고 단단한 호두를 골라 꿀을 넣어 조린 뒤 노릇하게 튀겨내 고소한 맛이 나는 전통 과자입니다 . 각종 영양이 가득하여 건강에 좋을 뿐 아니라 , 두뇌 건강과 피부에 좋다고 알려져 있습니다 . 식감이 바삭하고 달콤해 남녀 모두가 좋아하는 별식입니다 . < 궁중약차 > ○ 사미다음 , 감국다 , 강계다 , 사물다 , 오미자다 , 제호다 - 사미다음 ( 인삼 , 귤피 , 생강 , 대추 ) : 몸을 보하는 인삼과 기의 순환을 돕는 귤피 , 몸을 따뜻하게 하는 생강을 사용하여 만든 약차입니다 . 조선왕조실록에는 한기가 엄습한 추운 겨울 , 당시 어의였던 허준이 선조 임금의 몸을 보하기위해 만들어 올린 약차로 기록되어 있습니다 . - 감국다 ( 국화 , 구기자 ) : 감국은 황국이라고도 하며 , 성미는 달고 쓰고 서늘하며 무독합니다 . 『 승정원 일기 』 에 숙종과 영조의 건강관리에 사용된 기록이 있으며 , 주로 번뇌가 있거나 화가 날때 마음을 차분히 가라앉히는 목적으로 사용되었습니다 . - 강계다 ( 생강 , 계피 , 귤피 , 대추 ) : 조선 왕실에서 평소 건강 관리나 기운을 보충할 목적으로 사용되었으며 , 영조 임금이 승하 직전에도 몸의 온기를 되살리기 위해 올렸던 약차입니다 . - 사물다 ( 숙지황 , 백작약 , 천궁 , 당귀 ) : 여성과 아이들의 보혈제로 쓰였던 사물탕의 약재를 차로 마실수 있게 만든 음료로 조선왕조실록을 살펴보면 정조의 원기를 보충하기 위한 약재로 쓰였던 기록이 있습니다 . - 오미자다 ( 오미자 ) : 다섯 가지 맛 ( 신맛 , 쓴맛 , 단맛 , 아린맛 , 짠맛 ) 을 가진 오미자로 만들었으며 중종의 번열과 갈증을 등을 넣은 왕실의 음료로 , 정조치료하기 위하여 올렸던 약차입니다 . - 제호다 ( 매실 ) : 제호차는 매실을 익혀 만든 오매 ( 烏梅 ) 와 사인 ( 砂仁 ), 초과 등을 넣은 왕실 음료로 , 정조 임금이 여름철에 신하들을 위해 하사한 기록이 있습니다 . 속을 따뜻하게 하는 효과가 있어 겉은 뜨겁고 속은 차가워지기 쉬운 여름철에 더욱 좋은 약차입니다 . 6. 오시는 길 ○ 3 호선 < 안국역 > 1 번 출구 ( 도보 약 20 분 ) ○ 5 호선 < 광화문역 > 2 번 출구 ( 도보 약 20 분 ) ○ 3 호선 < 경복궁역 > 4 번 출구 ( 도보 약 16 분 ) ○ 종로 11 번 버스 < 법련사 > 정류장 ○ 주차 : 경복궁 동편 유료주차장 ( 주차비 본인 부담 ) 이용 가능 7. 티켓 문의 : 궁능활용프로그램 콜센터 1522-2295 | www.kh.or.kr",https://www.kh.or.kr/program/view/menu/1292?viewType=ach&idx=516&searchRound=23&searchStTime=&searchEnTime=&searchField=homeAll&searchText=,https://www.kh.or.kr/jnrepo/upload/jnPrgFestivalProgram/202408/670ad368703347e58a3950a27c25eaf6_1724635146793.jpg,생과방,0,1,1,0,1,0,0,1,1,1,경복궁 생과방,체험,https://www.kh.or.kr/jnrepo/upload/jnPrgFestivalProgram/202408/670ad368703347e58a3950a27c25eaf6_1724635146793.jpg,경복궁 생과방,체험,체험,사전예약,https://www.kh.or.kr/jnrepo/upload/jnPrgFestivalProgram/202408/670ad368703347e58a3950a27c25eaf6_1724635146793.jpg
23,10회,511,궁중문화축전 스탬프 투어,스탬프 투어,스탬프 투어,종료,체험,참여형,현장참여,0,1,0,2024-10-09~2024-10-13,2024-10-09,2024-10-13,5,2024,10,가을,09:00~18:00,"일,수,목,금,토 09:00 ~ 18:00",1,09:00,18:00,,경복궁,경복궁,"경복궁, 창덕궁, 덕수궁, 창경궁, 종묘 일원","경복궁, 창덕궁, 덕수궁, 창경궁, 종묘 일원","경복궁, 창덕궁, 덕수궁, 창경궁, 종묘",,,"2024 가을 궁중문화축전 스탬프 투어 4 대 궁과 종묘를 잇는 궁중문화축전 전용 스탬프 투어 프로그램 궁별 스탬프 장소에 비치된 도장을 찍어 활동지 속 아름다운 그림을 완성해주세요 ! 완주자에겐 특별한 리워드가 제공됩니다 . ★ 스탬프 투어 활동지 수령처 ★ - 경복궁 흥례문 앞 < 궁중문화축전 > 종합 안내부스 - 창경궁 홍화문 앞 <궁중문화축전> 종합 안내부스 ★ 스탬프 투어 완주 리워드 수령처 ★ - 경복궁 흥례문 앞 < 궁중문화축전 > 종합 안내부스 * 종합 안내부스 운영시간 : 10:00~17:00 ** 운영시간 이외에는 완주 기념품 수령이 불가합니다 . 1. 행사안내 - 일 자 : 2024. 10. 9.( 수 )~10. 13.( 일 ) - 시 간 : 09:00~18:00 - 장 소 : 경복궁 , 창덕궁 , 덕수궁 , 창경궁 , 종묘 - 참여방법 : 현장참여 2. 참여방법 ① 활동지 수령 (각 궁별 수령처 참고) ② 가을 궁중문화축전 지정 스팟 10 곳 방문 후 스탬프 획득 ③ 경복궁 흥례문 앞 < 궁중문화축전 > 종합안내부스에서 완료 리워드 수령 * 스탬프 투어 장소 10 1) 경복궁 수정전 2) 경복궁 흥복전 3) 경복궁 집옥재 4) 경복궁 계조당 5) 창덕궁 낙선재 6) 덕수궁 돈덕전 7) 창경궁 명정전 8) 창경궁 대춘당지 9) 종묘 북신문 ( 율곡로 ( 창경궁 - 종묘길 )) 10) 종묘 정전 ★ 스탬프 투어 완주 리워드 ( 선착순 증정 ) ★ - (1 등 ~30 등 ) 전통차 ( 새싹 보리차 ) 세트 - (31 등 ~50 등 ) 모두의 풍속도 변온 소주잔 세트 - (51 등 ~100 등 ) 먹 향 룸스프레이 - (101 등 ~150 등 ) 궁중문화축전 에코백 - 이후 모두의 풍속도 스티커 SET 증정 ○ 주의사항 - 궁별 입장료는 별도입니다 . - 완주 기념품은 축전 기간 내 지정된 수령처에서만 지급 가능합니다 . - 기념품 중복 수령은 불가하며 1 인 1 회 참여만 가능합니다 . - 준비된 기념품 수량 소진 시 조기 마감될 수 있습니다 . - 부정 사용 적발 시 기념품 지급이 제외됩니다 . ☎ 행사문의 : 국가유산진흥원 궁능활용사업 콜센터 1522-2295",https://www.kh.or.kr/program/view/menu/1292?viewType=ach&idx=511&searchRound=23&searchStTime=&searchEnTime=&searchField=homeAll&searchText=,https://www.kh.or.kr/jnrepo/upload/jnPrgFestivalProgram/202408/bf5dd93e017246b68cc2bd9eb3b5063d_1724382870864.jpg,스탬프,1,0,0,0,1,1,0,0,1,1,궁중문화축전 스탬프 투어,체험,https://www.kh.or.kr/jnrepo/upload/jnPrgFestivalProgram/202408/bf5dd93e017246b68cc2bd9eb3b5063d_1724382870864.jpg,궁중문화축전 스탬프 투어,체험,체험,현장참여,https://www.kh.or.kr/jnrepo/upload/jnPrgFestivalProgram/202408/bf5dd93e017246b68cc2bd9eb3b5063d_1724382870864.jpg
23,10회,328,수문장 교대의식,수문장 교대의식,수문장 교대의식,종료,재현,관람형,현장참여,0,1,0,2024-10-09~2024-10-13,2024-10-09,2024-10-13,5,2024,10,가을,"일,월,화,수,목,금,토 10:00 / 14:00","일,월,화,수,목,금,토 10:00 / 14:00",1,10:00,14:00,,경복궁,경복궁,경복궁 흥례문광장,경복궁 흥례문광장,경복궁,현장참여,1522-2295,"수문장 교대의식 2002년부터 이어져오고 있는 경복궁 수문장 교대의식은 조선시대 왕실 호위문화를 상징하는 대표적인 전통문화행사입니다. ‘조선왕조실록’예종(睿宗) 1년(1469) 수문장제도의 시행 기록을 역사적 근거로 하여 재구성된 이 행사는 당시의 복식 및 무기 등을 복원하여 조선 전기(前期) 군인들의 모습을 생생하게 재현하는 것에 초점을 맞추고 있습니다. 수문장(守門將)이 기록상 최초로 등장하는 것은 세조(世祖) 7년(1462)이지만, 이때의 수문장은 임시직에 불과했기 때문에 정식으로 수문장이 임명된 예종 1년이 조선시대 수문장제도의 출발이라고 할 수 있습니다. 본래 중앙군의 5위(衛) 개편과 오위도총부(五衛都摠府) 설치 이후로 궁궐의 호위와 궁성문 파수(把守) 임무를 호군(護軍)이 모두 맡고 있었으나 예종 즉위 초 궁궐호위의 중요성이 강조되면서 수문장제도가 설치되어 궁궐 호위방식의 세분화가 이루어지게 되었습니다. 특히 궁궐과 도성의 입구를 지키는 수문장의 임무는 왕실의 안전과 가장 밀접했기 때문에, 매우 중요한 임무로 인식되었고 따라서 초기의 수문장들은 서반(西班) 4품 이상의 무관(武官) 중에서 병조(兵曹)의 추천을 받고 다시 국왕이 낙점(落點)을 하는 순서를 거쳐야지만 궁궐 입직을 서는 수문장으로 임명될 수 있었습니다. 이러한 수문장제도는 조선시대 법전(法典)인『경국대전(經國大典)』에서 정식으로 법제화(法制化) 되었으며 수문장의 임무도 단순히 문을 지키는 것에 국한하지 않고 국가에서 정한 표신(標信)으로 통행자들을 관리하거나 국왕의 외출로 공백이 생겼을 시 궁성문 개폐(開閉) 및 궁궐 문 열쇠를 수문장이 책임지는 등 수문장제도의 개념이 구체적으로 확정되었습니다. 수문장 교대의식 프로그램 안내 상설행사 1. 수문장 교대의식 : 10:00, 14:00(소요시간 20분) 2. 광화문 파수의식 : 11:00, 13:00(소요시간 10분) → 교대의식 및 파수의식 후 광화문 입직근무(매시간) 3. 수문군 공개훈련 : 09:35, 13:35(소요시간 15분)",https://www.kh.or.kr/program/view/menu/1292?viewType=ach&idx=328&searchRound=23&searchStTime=&searchEnTime=&searchField=homeAll&searchText=,https://www.kh.or.kr/jnrepo/upload/jnPrgFestivalProgram/202304/f862b315f7b646098ac96d1a2f74a752_1681741485825.PNG,수문장,0,0,0,0,0,0,0,0,0,0,수문장 교대의식,재현,https://www.kh.or.kr/jnrepo/upload/jnPrgFestivalProgram/202304/f862b315f7b646098ac96d1a2f74a752_1681741485825.PNG,수문장 교대의식,재현,재현,현장참여,https://www.kh.or.kr/jnrepo/upload/jnPrgFestivalProgram/202304/f862b315f7b646098ac96d1a2f74a752_1681741485825.PNG
23,10회,512,궁중문화축전 스탬프 투어,스탬프 투어,스탬프 투어,종료,체험,참여형,현장참여,0,1,0,2024-10-09~2024-10-13,2024-10-09,2024-10-13,5,2024,10,가을,09:00~18:00,"일,수,목,금,토 09:00 ~ 18:00",1,09:00,18:00,,창덕궁,창덕궁,"경복궁, 창덕궁, 덕수궁, 창경궁, 종묘 일원","경복궁, 창덕궁, 덕수궁, 창경궁, 종묘 일원","경복궁, 창덕궁, 덕수궁, 창경궁, 종묘",,,"2024 가을 궁중문화축전 스탬프 투어 4 대 궁과 종묘를 잇는 궁중문화축전 전용 스탬프 투어 프로그램 궁별 스탬프 장소에 비치된 도장을 찍어 활동지 속 아름다운 그림을 완성해주세요 ! 완주자에겐 특별한 리워드가 제공됩니다 . ★ 스탬프 투어 활동지 수령처 ★ - 경복궁 흥례문 앞 < 궁중문화축전 > 종합 안내부스 - 창경궁 홍화문 앞 <궁중문화축전> 종합 안내부스 ★ 스탬프 투어 완주 리워드 수령처 ★ - 경복궁 흥례문 앞 < 궁중문화축전 > 종합 안내부스 * 종합 안내부스 운영시간 : 10:00~17:00 ** 운영시간 이외에는 완주 기념품 수령이 불가합니다 . 1. 행사안내 - 일 자 : 2024. 10. 9.( 수 )~10. 13.( 일 ) - 시 간 : 09:00~18:00 - 장 소 : 경복궁 , 창덕궁 , 덕수궁 , 창경궁 , 종묘 - 참여방법 : 현장참여 2. 참여방법 ① 활동지 수령 (각 궁별 수령처 참고) ② 가을 궁중문화축전 지정 스팟 10 곳 방문 후 스탬프 획득 ③ 경복궁 흥례문 앞 < 궁중문화축전 > 종합안내부스에서 완료 리워드 수령 * 스탬프 투어 장소 10 1) 경복궁 수정전 2) 경복궁 흥복전 3) 경복궁 집옥재 4) 경복궁 계조당 5) 창덕궁 낙선재 6) 덕수궁 돈덕전 7) 창경궁 명정전 8) 창경궁 대춘당지 9) 종묘 북신문 ( 율곡로 ( 창경궁 - 종묘길 )) 10) 종묘 정전 ★ 스탬프 투어 완주 리워드 ( 선착순 증정 ) ★ - (1 등 ~30 등 ) 전통차 ( 새싹 보리차 ) 세트 - (31 등 ~50 등 ) 모두의 풍속도 변온 소주잔 세트 - (51 등 ~100 등 ) 먹 향 룸스프레이 - (101 등 ~150 등 ) 궁중문화축전 에코백 - 이후 모두의 풍속도 스티커 SET 증정 ○ 주의사항 - 궁별 입장료는 별도입니다 . - 완주 기념품은 축전 기간 내 지정된 수령처에서만 지급 가능합니다 . - 기념품 중복 수령은 불가하며 1 인 1 회 참여만 가능합니다 . - 준비된 기념품 수량 소진 시 조기 마감될 수 있습니다 . - 부정 사용 적발 시 기념품 지급이 제외됩니다 . ☎ 행사문의 : 국가유산진흥원 궁능활용사업 콜센터 1522-2295",https://www.kh.or.kr/program/view/menu/1292?viewType=ach&idx=512&searchRound=23&searchStTime=&searchEnTime=&searchField=homeAll&searchText=,https://www.kh.or.kr/jnrepo/upload/jnPrgFestivalProgram/202408/8640d18a53614aa58ef2b214ee13c4a9_1724383425851.JPG,스탬프,1,0,0,0,1,1,0,0,1,1,궁중문화축전 스탬프 투어,체험,https://www.kh.or.kr/jnrepo/upload/jnPrgFestivalProgram/202408/8640d18a53614aa58ef2b214ee13c4a9_1724383425851.JPG,궁중문화축전 스탬프 투어,체험,체험,현장참여,https://www.kh.or.kr/jnrepo/upload/jnPrgFestivalProgram/202408/8640d18a53614aa58ef2b214ee13c4a9_1724383425851.JPG
23,10회,513,궁중문화축전 스탬프 투어,스탬프 투어,스탬프 투어,종료,체험,참여형,현장참여,0,1,0,2024-10-09~2024-10-13,2024-10-09,2024-10-13,5,2024,10,가을,09:00~18:00,"일,수,목,금,토 09:00 ~ 18:00",1,09:00,18:00,,덕수궁,덕수궁,"경복궁, 창덕궁, 덕수궁, 창경궁, 종묘 일원","경복궁, 창덕궁, 덕수궁, 창경궁, 종묘 일원","경복궁, 창덕궁, 덕수궁, 창경궁, 종묘",,,"2024 가을 궁중문화축전 스탬프 투어 4 대 궁과 종묘를 잇는 궁중문화축전 전용 스탬프 투어 프로그램 궁별 스탬프 장소에 비치된 도장을 찍어 활동지 속 아름다운 그림을 완성해주세요 ! 완주자에겐 특별한 리워드가 제공됩니다 . ★ 스탬프 투어 활동지 수령처 ★ - 경복궁 흥례문 앞 < 궁중문화축전 > 종합 안내부스 - 창경궁 홍화문 앞 <궁중문화축전> 종합 안내부스 ★ 스탬프 투어 완주 리워드 수령처 ★ - 경복궁 흥례문 앞 < 궁중문화축전 > 종합 안내부스 * 종합 안내부스 운영시간 : 10:00~17:00 ** 운영시간 이외에는 완주 기념품 수령이 불가합니다 . 1. 행사안내 - 일 자 : 2024. 10. 9.( 수 )~10. 13.( 일 ) - 시 간 : 09:00~18:00 - 장 소 : 경복궁 , 창덕궁 , 덕수궁 , 창경궁 , 종묘 - 참여방법 : 현장참여 2. 참여방법 ① 활동지 수령 (각 궁별 수령처 참고) ② 가을 궁중문화축전 지정 스팟 10 곳 방문 후 스탬프 획득 ③ 경복궁 흥례문 앞 < 궁중문화축전 > 종합안내부스에서 완료 리워드 수령 * 스탬프 투어 장소 10 1) 경복궁 수정전 2) 경복궁 흥복전 3) 경복궁 집옥재 4) 경복궁 계조당 5) 창덕궁 낙선재 6) 덕수궁 돈덕전 7) 창경궁 명정전 8) 창경궁 대춘당지 9) 종묘 북신문 ( 율곡로 ( 창경궁 - 종묘길 )) 10) 종묘 정전 ★ 스탬프 투어 완주 리워드 ( 선착순 증정 ) ★ - (1 등 ~30 등 ) 전통차 ( 새싹 보리차 ) 세트 - (31 등 ~50 등 ) 모두의 풍속도 변온 소주잔 세트 - (51 등 ~100 등 ) 먹 향 룸스프레이 - (101 등 ~150 등 ) 궁중문화축전 에코백 - 이후 모두의 풍속도 스티커 SET 증정 ○ 주의사항 - 궁별 입장료는 별도입니다 . - 완주 기념품은 축전 기간 내 지정된 수령처에서만 지급 가능합니다 . - 기념품 중복 수령은 불가하며 1 인 1 회 참여만 가능합니다 . - 준비된 기념품 수량 소진 시 조기 마감될 수 있습니다 . - 부정 사용 적발 시 기념품 지급이 제외됩니다 . ☎ 행사문의 : 국가유산진흥원 궁능활용사업 콜센터 1522-2295",https://www.kh.or.kr/program/view/menu/1292?viewType=ach&idx=513&searchRound=23&searchStTime=&searchEnTime=&searchField=homeAll&searchText=,https://www.kh.or.kr/jnrepo/upload/jnPrgFestivalProgram/202408/7b10e281b14d45898186e7537e8fc212_1724383304933.JPG,스탬프,1,0,0,0,1,1,0,0,1,1,궁중문화축전 스탬프 투어,체험,https://www.kh.or.kr/jnrepo/upload/jnPrgFestivalProgram/202408/7b10e281b14d45898186e7537e8fc212_1724383304933.JPG,궁중문화축전 스탬프 투어,체험,체험,현장참여,https://www.kh.or.kr/jnrepo/upload/jnPrgFestivalProgram/202408/7b10e281b14d45898186e7537e8fc212_1724383304933.JPG
23,10회,521,궁중문화축전 길놀이,길놀이,길놀이,종료,공연,관람형,현장참여,0,1,0,2024-10-13~2024-10-13,2024-10-13,2024-10-13,1,2024,10,가을,일 14:00 / 16:00,일 14:00 / 16:00,1,14:00,16:00,,창경궁,창경궁,"경복궁 일원, 창경궁 일원","경복궁 일원, 창경궁 일원","경복궁, 창경궁",,,"사자춤 , 소고춤 , 사물놀이 등 2024 년 궁중문화축전의 흥을 더할 전통 길놀이를 궁궐 곳곳에서 만나보세요 ! 2024 가을 궁중문화축전 길놀이는 경복궁과 창경궁에서 진행됩니다. <창경궁> - 일정 : 2024. 10. 13.( 일 ) 14시, 16시 - 동선: 창경궁 양화당 앞마당 시작(문정문-광정문-관천대 인근) - 출연진: 강령탈춤보존회, 봉산탈춤보존회, 국가유산진흥원 예술단 등 - 공연구성: 합동 사자춤(강령, 봉산), 기접놀이, 소고춤, 사물 개인놀이 등 <경복궁> - 일정 : 2024. 10. 12.( 토 ) 13:30, 15:30(30분간 진행) - 동선: 국립고궁박물관 앞 출발→ 용성문→ 흥례문 광장 (합동공연) → 협생문 - 출연진: 강령탈춤보존회, 봉산탈춤보존회, 국가유산진흥원 예술단 등 - 공연구성: 합동 사자춤(강령, 봉산), 기접놀이, 소고춤, 사물 개인놀이 등 - 행사문의 ○ 궁능활용프로그램 콜센터 1522-2295 - 우천 시 취소 안내 ○ 행사 당일 오전 11 시 기준 5mm 이상 예보될 경우 ( 기상청 예보 기준 ) 행사가 취소되며 , 궁중문화축전 SNS 채널을 통해 공지됩니다 .",https://www.kh.or.kr/program/view/menu/1292?viewType=ach&idx=521&searchRound=23&searchStTime=&searchEnTime=&searchField=homeAll&searchText=,https://www.kh.or.kr/jnrepo/upload/jnPrgFestivalProgram/202408/a18bfef5a53b4a55829d4e17340d30ba_1724733438248.png,길놀이,0,0,0,1,0,0,0,0,0,1,궁중문화축전 길놀이,공연,https://www.kh.or.kr/jnrepo/upload/jnPrgFestivalProgram/202408/a18bfef5a53b4a55829d4e17340d30ba_1724733438248.png,궁중문화축전 길놀이,공연,공연,현장참여,https://www.kh.or.kr/jnrepo/upload/jnPrgFestivalProgram/202408/a18bfef5a53b4a55829d4e17340d30ba_1724733438248.png
23,10회,514,궁중문화축전 스탬프 투어,스탬프 투어,스탬프 투어,종료,체험,참여형,현장참여,0,1,0,2024-10-09~2024-10-13,2024-10-09,2024-10-13,5,2024,10,가을,09:00~18:00,"일,수,목,금,토 09:00 ~ 18:00",1,09:00,18:00,,창경궁,창경궁,"경복궁, 창덕궁, 덕수궁, 창경궁, 종묘 일원","경복궁, 창덕궁, 덕수궁, 창경궁, 종묘 일원","경복궁, 창덕궁, 덕수궁, 창경궁, 종묘",,,"2024 가을 궁중문화축전 스탬프 투어 4 대 궁과 종묘를 잇는 궁중문화축전 전용 스탬프 투어 프로그램 궁별 스탬프 장소에 비치된 도장을 찍어 활동지 속 아름다운 그림을 완성해주세요 ! 완주자에겐 특별한 리워드가 제공됩니다 . ★ 스탬프 투어 활동지 수령처 ★ - 경복궁 흥례문 앞 < 궁중문화축전 > 종합 안내부스 - 창경궁 홍화문 앞 <궁중문화축전> 종합 안내부스 ★ 스탬프 투어 완주 리워드 수령처 ★ - 경복궁 흥례문 앞 < 궁중문화축전 > 종합 안내부스 * 종합 안내부스 운영시간 : 10:00~17:00 ** 운영시간 이외에는 완주 기념품 수령이 불가합니다 . 1. 행사안내 - 일 자 : 2024. 10. 9.( 수 )~10. 13.( 일 ) - 시 간 : 09:00~18:00 - 장 소 : 경복궁 , 창덕궁 , 덕수궁 , 창경궁 , 종묘 - 참여방법 : 현장참여 2. 참여방법 ① 활동지 수령(각 궁별 수령처 참고) ② 가을 궁중문화축전 지정 스팟 10 곳 방문 후 스탬프 획득 ③ 경복궁 흥례문 앞 < 궁중문화축전 > 종합안내부스에서 완료 리워드 수령 * 스탬프 투어 장소 10 1) 경복궁 수정전 2) 경복궁 흥복전 3) 경복궁 집옥재 4) 경복궁 계조당 5) 창덕궁 낙선재 6) 덕수궁 돈덕전 7) 창경궁 명정전 8) 창경궁 대춘당지 9) 종묘 북신문 ( 율곡로 ( 창경궁 - 종묘길 )) 10) 종묘 정전 ★ 스탬프 투어 완주 리워드 ( 선착순 증정 ) ★ - (1 등 ~30 등 ) 전통차 ( 새싹 보리차 ) 세트 - (31 등 ~50 등 ) 모두의 풍속도 변온 소주잔 세트 - (51 등 ~100 등 ) 먹 향 룸스프레이 - (101 등 ~150 등 ) 궁중문화축전 에코백 - 이후 모두의 풍속도 스티커 SET 증정 ○ 주의사항 - 궁별 입장료는 별도입니다 . - 완주 기념품은 축전 기간 내 지정된 수령처에서만 지급 가능합니다 . - 기념품 중복 수령은 불가하며 1 인 1 회 참여만 가능합니다 . - 준비된 기념품 수량 소진 시 조기 마감될 수 있습니다 . - 부정 사용 적발 시 기념품 지급이 제외됩니다 . ☎ 행사문의 : 국가유산진흥원 궁능활용사업 콜센터 1522-2295",https://www.kh.or.kr/program/view/menu/1292?viewType=ach&idx=514&searchRound=23&searchStTime=&searchEnTime=&searchField=homeAll&searchText=,https://www.kh.or.kr/jnrepo/upload/jnPrgFestivalProgram/202408/1495c5328ff24c3881e7e02038eb390b_1724383128593.jpg,스탬프,1,0,0,0,1,1,0,0,1,1,궁중문화축전 스탬프 투어,체험,https://www.kh.or.kr/jnrepo/upload/jnPrgFestivalProgram/202408/1495c5328ff24c3881e7e02038eb390b_1724383128593.jpg,궁중문화축전 스탬프 투어,체험,체험,현장참여,https://www.kh.or.kr/jnrepo/upload/jnPrgFestivalProgram/202408/1495c5328ff24c3881e7e02038eb390b_1724383128593.jpg
23,10회,515,궁중문화축전 스탬프 투어,스탬프 투어,스탬프 투어,종료,체험,참여형,현장참여,0,1,0,2024-10-09~2024-10-13,2024-10-09,2024-10-13,5,2024,10,가을,09:00~18:00,"일,수,목,금,토 09:00 ~ 18:00",1,09:00,18:00,,종묘,종묘,"경복궁, 창덕궁, 덕수궁, 창경궁, 종묘 일원","경복궁, 창덕궁, 덕수궁, 창경궁, 종묘 일원","경복궁, 창덕궁, 덕수궁, 창경궁, 종묘",,,"2024 가을 궁중문화축전 스탬프 투어 4 대 궁과 종묘를 잇는 궁중문화축전 전용 스탬프 투어 프로그램 궁별 스탬프 장소에 비치된 도장을 찍어 활동지 속 아름다운 그림을 완성해주세요 ! 완주자에겐 특별한 리워드가 제공됩니다 . ★ 스탬프 투어 활동지 수령처 ★ - 경복궁 흥례문 앞 < 궁중문화축전 > 종합 안내부스 - 창경궁 홍화문 앞 <궁중문화축전> 종합 안내부스 ★ 스탬프 투어 완주 리워드 수령처 ★ - 경복궁 흥례문 앞 < 궁중문화축전 > 종합 안내부스 * 종합 안내부스 운영시간 : 10:00~17:00 ** 운영시간 이외에는 완주 기념품 수령이 불가합니다 . 1. 행사안내 - 일 자 : 2024. 10. 9.( 수 )~10. 13.( 일 ) - 시 간 : 09:00~18:00 - 장 소 : 경복궁 , 창덕궁 , 덕수궁 , 창경궁 , 종묘 - 참여방법 : 현장참여 2. 참여방법 ① 활동지 수령 (각 궁별 수령처 참고) ② 가을 궁중문화축전 지정 스팟 10 곳 방문 후 스탬프 획득 ③ 경복궁 흥례문 앞 < 궁중문화축전 > 종합안내부스에서 완료 리워드 수령 * 스탬프 투어 장소 10 1) 경복궁 수정전 2) 경복궁 흥복전 3) 경복궁 집옥재 4) 경복궁 계조당 5) 창덕궁 낙선재 6) 덕수궁 돈덕전 7) 창경궁 명정전 8) 창경궁 대춘당지 9) 종묘 북신문 ( 율곡로 ( 창경궁 - 종묘길 )) 10) 종묘 정전 ★ 스탬프 투어 완주 리워드 ( 선착순 증정 ) ★ - (1 등 ~30 등 ) 전통차 ( 새싹 보리차 ) 세트 - (31 등 ~50 등 ) 모두의 풍속도 변온 소주잔 세트 - (51 등 ~100 등 ) 먹 향 룸스프레이 - (101 등 ~150 등 ) 궁중문화축전 에코백 - 이후 모두의 풍속도 스티커 SET 증정 ○ 주의사항 - 궁별 입장료는 별도입니다 . - 완주 기념품은 축전 기간 내 지정된 수령처에서만 지급 가능합니다 . - 기념품 중복 수령은 불가하며 1 인 1 회 참여만 가능합니다 . - 준비된 기념품 수량 소진 시 조기 마감될 수 있습니다 . - 부정 사용 적발 시 기념품 지급이 제외됩니다 . ☎ 행사문의 : 국가유산진흥원 궁능활용사업 콜센터 1522-2295",https://www.kh.or.kr/program/view/menu/1292?viewType=ach&idx=515&searchRound=23&searchStTime=&searchEnTime=&searchField=homeAll&searchText=,https://www.kh.or.kr/jnrepo/upload/jnPrgFestivalProgram/202408/007fbf2e3e134d99a36052cc3d9e7220_1724383095704.jpg,스탬프,1,0,0,0,1,1,0,0,1,1,궁중문화축전 스탬프 투어,체험,https://www.kh.or.kr/jnrepo/upload/jnPrgFestivalProgram/202408/007fbf2e3e134d99a36052cc3d9e7220_1724383095704.jpg,궁중문화축전 스탬프 투어,체험,체험,현장참여,https://www.kh.or.kr/jnrepo/upload/jnPrgFestivalProgram/202408/007fbf2e3e134d99a36052cc3d9e7220_1724383095704.jpg
23,10회,532,한복 베스트 드레서 선발 이벤트,한복 베스트 드레서 선발 이벤트,한복 베스트 드레서 선발 이벤트,종료,체험,참여형,현장참여,0,1,0,2024-10-09~2024-10-13,2024-10-09,2024-10-13,5,2024,10,가을,10:00~17:00,"일,수,목,금,토 10:00 ~ 17:00",1,10:00,17:00,,온라인(기타),온라인(기타),"경복궁, 창덕궁, 덕수궁, 창경궁","경복궁, 창덕궁, 덕수궁, 창경궁","경복궁, 창덕궁, 덕수궁, 창경궁",,,"2024 년 가을 궁중문화축전에서 한복 베스트 드레서를 선발합니다 . 가을 축전기간 동안 전문 사진 작가가 자유롭게 4 대 궁을 돌아다니며 한복 베스트 드레서에 참가를 희망하는 분들을 촬영합니다 . 특히 , 경복궁 경회루 앞 이벤트 거점 사진존을 방문하면 예쁜 배경 아래 베스트 드레서 이벤트 참가가 가능합니다 . (* 거점 사진존 운영 시간 확인 ) 촬영한 사진과 영상은 룩북 콘텐츠 제작에 이용되며 , 제작된 콘텐츠는 향후 궁중문화축전 SNS 채널에 업로드하여 투표를 통해 일부 수상자를 선정합니다 . 나만의 한복을 뽐내고 싶은 분들의 많은 참여 부탁드립니다 ! □ 행사개요 ○ 이벤트 운영 일자 : 2024. 10. 9. ( 수 ) ~10. 13.( 일 ) / 10:00~17:00 ( 축전 기간 상시 운영 ) ○ 장소 : 경복궁 , 창덕궁 , 덕수궁 , 창경궁 일대 ○ 대상 : 한복을 입고 가을 궁중문화축전 현장에 방문한 사람 ○ 룩북 콘텐츠 제작 및 업로드 : 10 월 말 ○ 이벤트 수상자 발표 : 11 월 초 □ 거점 사진존 운영 ○ 일자 : 2024. 10. 9. ( 수 ) ~10. 13.( 일 ) / (1 회차 ) 10:00~11:00 (2 회차 ) 15:00~16:00 ○ 장소 : 경복궁 경회루 앞 ( 수정전 옆 ) □ 수상자 상품 ( 내부 선정 ) 왕이 될 상 3 명 : 네이버페이 상품권 10 만 원권 한복생활상 20 명 : 네이버페이 상품권 2 만 원권 ( 투표 선정 ) 한복과 어울림 상 3 명 : 네이버페이 상품권 5 만 원권 * 행사 문의 : 궁능활용프로그램 전화상담실 (1522-2295)",https://www.kh.or.kr/program/view/menu/1292?viewType=ach&idx=532&searchRound=23&searchStTime=&searchEnTime=&searchField=homeAll&searchText=,https://www.kh.or.kr/jnrepo/upload/jnPrgFestivalProgram/202409/218c5fbba25148f58ffcbad0f9e20912_1725271605354.jpg,베스트 드레서,1,0,0,0,1,0,1,0,0,0,한복 베스트 드레서 선발 이벤트,체험,https://www.kh.or.kr/jnrepo/upload/jnPrgFestivalProgram/202409/218c5fbba25148f58ffcbad0f9e20912_1725271605354.jpg,한복 베스트 드레서 선발 이벤트,체험,체험,현장참여,https://www.kh.or.kr/jnrepo/upload/jnPrgFestivalProgram/202409/218c5fbba25148f58ffcbad0f9e20912_1725271605354.jpg
20,10회,486,궁중문화축전 길놀이(경복궁),길놀이(경복궁),길놀이(경복궁),종료,공연,관람형,현장참여,0,1,0,2024-05-04~2024-05-04,2024-05-04,2024-05-04,1,2024,5,봄,14:30~16:00,토 14:30 ~ 16:00,1,14:30,16:00,,경복궁,경복궁,경복궁 일원,경복궁 일원,경복궁,,,"사자춤 , 소고춤 , 사물놀이 등 2024 년 궁중문화축전의 흥을 더할 전통 길놀이를 궁궐 곳곳에서 만나보세요 ! 궁중문화축전 길놀이(경복궁) - 일정 : 5. 4.( 토 ) 14:30 - 동선: 흥례문 광장~광화문 광장 국립고궁박물관 앞 출발→ 용성문→협생문 → 흥례문 광장 (합동공연)→광화문광장 →광화문 ( 이순신장군동상 ) → 흥례문광장 날짜 궁 연계 행사 4. 27.( 토 ) 덕수궁 궁중놀이방 5. 1.( 수 ) 경희궁 경희궁을 만나다 5. 4.( 토 ) 경복궁 서울페스타 5. 5.( 일 ) 창경궁 어린이 궁중문화축전 - 행사문의 ○ 궁능활용프로그램 콜센터 1522-2295 - 우천 시 취소 안내 ○ 행사 당일 오전 11 시 기준 5mm 이상 예보될 경우 ( 기상청 예보 기준 ) 행사가 취소되며 , 한국문화재재단 SNS 채널을 통해 공지됩니다 .",https://www.kh.or.kr/program/view/menu/1292?viewType=ach&idx=486&searchRound=20&searchStTime=&searchEnTime=&searchField=homeAll&searchText=,https://www.kh.or.kr/jnrepo/upload/jnPrgFestivalProgram/202404/2847249b7aa84337a9acacb7bb35a539_1712824917658.jpg,길놀이,0,1,0,1,0,0,0,0,0,1,궁중문화축전 길놀이(경복궁),공연,https://www.kh.or.kr/jnrepo/upload/jnPrgFestivalProgram/202404/2847249b7aa84337a9acacb7bb35a539_1712824917658.jpg,궁중문화축전 길놀이(경복궁),공연,공연,현장참여,https://www.kh.or.kr/jnrepo/upload/jnPrgFestivalProgram/202404/2847249b7aa84337a9acacb7bb35a539_1712824917658.jpg
20,10회,485,"시간여행, 세종-마음으로, 궁","시간여행, 세종-마음으로, 궁","시간여행, 세종-마음으로, 궁",종료,체험,참여형,현장참여,0,1,0,2024-05-04~2024-05-05,2024-05-04,2024-05-05,2,2024,5,봄,"일,월,화,수,목,금,토 11:00 / 13:00","일,월,화,수,목,금,토 11:00 / 13:00",1,11:00,13:00,,경복궁,경복궁,경복궁 외소주방,경복궁 외소주방,경복궁,회당 30명,,"< 프로그램 소개 > 세종의 애민정신을 다룬 이야기와 복합감각 콘텐츠를 결합한 배리어프리 (Barrier-free) 프로그램 < 주요내용 > 장소 내용 감각 소주방 골목 왕실 주방의 공간 느껴보기 (ASMR, 향 ) 청각 , 후각 외소주방 점술가를 만나다 ( 세종의 애민정신 이야기 ) 청각 악공을 만나다 ( 관현맹인전통예술단 ) 청각 촉각 체험 촉각 왕실 다과 체험 미각",https://www.kh.or.kr/program/view/menu/1292?viewType=ach&idx=485&searchRound=20&searchStTime=&searchEnTime=&searchField=homeAll&searchText=,https://www.kh.or.kr/jnrepo/upload/jnPrgFestivalProgram/202404/713fbc489c2e4224b30979f2b806ce52_1712824009648.jpg,마음 궁,0,0,0,0,1,0,0,0,0,0,"시간여행, 세종-마음으로, 궁",체험,https://www.kh.or.kr/jnrepo/upload/jnPrgFestivalProgram/202404/713fbc489c2e4224b30979f2b806ce52_1712824009648.jpg,"시간여행, 세종-마음으로, 궁",체험,체험,현장참여,https://www.kh.or.kr/jnrepo/upload/jnPrgFestivalProgram/202404/713fbc489c2e4224b30979f2b806ce52_1712824009648.jpg
20,10회,484,K-Heritage 마켓,K-Heritage 마켓,K-Heritage 마켓,종료,체험,참여형,현장참여,0,1,0,2024-04-27~2024-05-05,2024-04-27,2024-05-05,9,2024,4,봄,10:00~17:00,"일,월,화,수,목,금,토 10:00 ~ 17:00",1,10:00,17:00,,경복궁,경복궁,경복궁 흥례문 광장,경복궁 흥례문 광장,경복궁,,,"< 프로그램 소개 > 무형유산 전승 및 전통 공예상품 판매 활성화를 위한 전통마켓 < 주요내용 > ① 공예품: 전승자 , 일반 소상공인 , KHmall 로 구성된 판매부스 운영 ② 먹거리: 궁중다과 및 전통음료 먹거리 판매 ③ 홍보부스: 유관기관 홍보부스 및 재단 내부 연계 부스 운영 참가자 목록(총 25개소) [공예] 1. 전승자 제와장 ( 김창대 보유자 ), 옹기장 ( 정영락 이수자 ), 유기장 ( 이지호 이수자 ), 소목장 ( 이재웅 이수자 ), 소목장 ( 이태발 이수자 ), 화혜장 ( 황덕성 이수자 ), 자수장 ( 윤정숙 이수자 ), 단청장 ( 양선희 전승교육사 ) 2. 일반 대림목공예 , 루월 , 은조맨션 , 핸드플러스 , 고고공방 , 쏘아 , 빛봄 , 플레이모빌 3. KHmall(한국문화재재단 문화상품관) [먹거리] 좋은날 , 티테라피 [홍보부스] 국가유산청 홍보관 , 국가유산진흥원 홍보관 , 국비발굴 홍보관 , 방문캠페인 홍보관 , 이어지교 홍보관 , 한국전통문화대학교 전통문화상품개발실 홍보관",https://www.kh.or.kr/program/view/menu/1292?viewType=ach&idx=484&searchRound=20&searchStTime=&searchEnTime=&searchField=homeAll&searchText=,https://www.kh.or.kr/jnrepo/upload/jnPrgFestivalProgram/202404/4783a97976674300bf38db0619571ea1_1712823761959.jpg,헤리티지,1,0,0,0,1,0,0,0,0,1,K-Heritage 마켓,체험,https://www.kh.or.kr/jnrepo/upload/jnPrgFestivalProgram/202404/4783a97976674300bf38db0619571ea1_1712823761959.jpg,K-Heritage 마켓,체험,체험,현장참여,https://www.kh.or.kr/jnrepo/upload/jnPrgFestivalProgram/202404/4783a97976674300bf38db0619571ea1_1712823761959.jpg
20,10회,483,세종대왕자태실 태봉출 의식 재현,세종대왕자태실 태봉출 의식 재현,세종대왕자태실 태봉출 의식 재현,종료,재현,관람형,현장참여,0,1,0,2024-04-30~2024-04-30,2024-04-30,2024-04-30,1,2024,4,봄,14:00~16:00,화 14:00 ~ 16:00,1,14:00,16:00,,경복궁,경복궁,경복궁 교태전 및 강녕전,경복궁 교태전 및 강녕전,경복궁,,,"< 주요내용 > 세종대왕자태실이 위치한 성주군이 진행하는 세종대왕자태실 태봉출의식 재현 행사 세태의식, 태봉지 낙점 및 교지선포, 누자 안치(태항아리를 누자에 안치) 순서 내용 장소 안내 및 인사 행사 안내 교태전 세태의식 세태 및 봉출의식 〃 강녕전 이동 출연자 및 관람객 이동 교태전 → 강녕전 태봉지 낙점 태봉지 낙점 및 교지선포 강녕전 누자안치 태항아리를 누자에 안치 〃",https://www.kh.or.kr/program/view/menu/1292?viewType=ach&idx=483&searchRound=20&searchStTime=&searchEnTime=&searchField=homeAll&searchText=,https://www.kh.or.kr/jnrepo/upload/jnPrgFestivalProgram/202404/21deba72abe1458a9f5adf7cccdf411c_1712821934425.jpg,태봉안,0,0,0,0,0,0,0,0,0,0,세종대왕자태실 태봉출 의식 재현,재현,https://www.kh.or.kr/jnrepo/upload/jnPrgFestivalProgram/202404/21deba72abe1458a9f5adf7cccdf411c_1712821934425.jpg,세종대왕자태실 태봉출 의식 재현,재현,재현,현장참여,https://www.kh.or.kr/jnrepo/upload/jnPrgFestivalProgram/202404/21deba72abe1458a9f5adf7cccdf411c_1712821934425.jpg
20,10회,464,어차 MZ 워크샵,어차 MZ 워크샵,어차 MZ 워크샵,종료,체험,참여형,사전예약,1,0,0,2024-05-01~2024-05-01,2024-05-01,2024-05-01,1,2024,5,봄,수 10:10 / 13:30,수 10:10 / 13:30,1,10:10,13:30,,경복궁,경복궁,국립고궁박물관 B1 고궁배움터 교육실 1,국립고궁박물관 B1 고궁배움터 교육실 1,경복궁,,,"< 주요내용 > 왕실 전용 리무진 , 순종황제 어차 만들기 체험 프로그램 <학습과정> 이론 학습: ∙ 대한제국에 대한 이해 - 근대문물 유입 시대적 배경 ∙ 왕실 가족 탈 것의 변화 - 가마 , 어마차 , 어차 체험 활동: ∙ 어차 구석구석 살펴보기 - 외관 ( 전면 , 옆면 , 후면 ) ∙ DIY 순종황제 어차 우드 키트 조립하기 ∙ 희정당 모형 시범 주행 * 만 19 세 이상 참여 가능",https://www.kh.or.kr/program/view/menu/1292?viewType=ach&idx=464&searchRound=20&searchStTime=&searchEnTime=&searchField=homeAll&searchText=,https://www.kh.or.kr/jnrepo/upload/jnPrgFestivalProgram/202404/53e23d3eee254b5ba7efa38112e5a6e6_1712243711700.JPG,어차,0,1,0,0,1,0,0,1,0,0,어차 MZ 워크샵,체험,https://www.kh.or.kr/jnrepo/upload/jnPrgFestivalProgram/202404/53e23d3eee254b5ba7efa38112e5a6e6_1712243711700.JPG,어차 MZ 워크샵,체험,체험,사전예약,https://www.kh.or.kr/jnrepo/upload/jnPrgFestivalProgram/202404/53e23d3eee254b5ba7efa38112e5a6e6_1712243711700.JPG
20,10회,462,"시간여행, 세종-궁중 일상재현","시간여행, 세종-궁중 일상재현","시간여행, 세종-궁중 일상재현",종료,공연,관람형,현장참여,0,1,0,2024-05-01~2024-05-05,2024-05-01,2024-05-05,5,2024,5,봄,"일,수,목,금,토 11:00 / 15:00","일,수,목,금,토 11:00 / 15:00",1,11:00,15:00,,경복궁,경복궁,경복궁 일원,경복궁 일원,경복궁,현장참여,1522-2295,"시간여행, 세종-궁중 일상재현 5일간 경복궁이 조선시대로 돌아갑니다! 세종대를 배경으로 펼쳐지는 다양한 상황극을 통해 살아 숨쉬는 궁을 만나보세요! [행사개요] - 행사일시: 5. 1.(수)~5. 5.(일) 11:00/15:00(120분)/1일 2회(총 5일 10회) - 행사장소: 경복궁 일대(시간여행 권역) - 참여방법: 현 장참여 - 행사개요: 시간여행 권역에서 펼쳐지는 소규모 상황극 및 왕가의 산책 [공연구성] - (수정전 권역) 조선의 문예 - (침전 권역) 세종과 소헌왕후의 일상 - (소주방 권역) 세종과 조선의 백성 - (동궁 권역) 세자와 세자빈의 일상 - (부가 권역) 근정전 퍼포먼스 [공연 시간표] 구분 장소 주요내용 공연시간 러닝 타임 오전 오후 중 심 권 역 수정전 권역 수정전 박연이 만든 조선의 음률 11:50 15:50 (20 분 ) 수정전 뒤 집현전 학자들의 대화 11:30 12:10 15:30 16:10 (10 분 ) 수정전 권역 왕가의 산책 ( 세종 )* 11:20 15:20 (70 분 ) 침전 권역 만춘전 소헌왕후와 의녀 11:40 12:10 15:40 16:10 (10 분 ) 강녕전 세종과 대신들의 경연 11:30 12:00 15:30 16:00 (15 분 ) 흠경각 기술자를 선발하는 장영실 11:20 11:50 15:20 15:50 (10 분 ) 교태전 소헌왕후의 양로연 12:10 16:10 (20 분 ) 침전 권역 관원들의 수다 ( 관객 소통 )* 11:30 15:30 (60 분 ) 소주방 권역 내소주방 바깥길 세종이 농사지은 곡물 11:40 12:10 15:40 16:10 (10 분 ) 인지당터 명나라 사신 접대를 준비하는 재주꾼들 ( 관객참여 )* 11:30 15:30 (50 분 ) 소주방 권역 왕후의 산책 ( 소헌왕후 )* 11:20 15:20 (70 분 ) 동궁 권역 자선당 현덕빈의 태교 11:20 11:50 15:20 15:50 (10 분 ) 중광문 문종과 서운관 관리들 11:30 12:00 15:30 16:00 (15 분 ) 부가권역 근정전 하루를 여는 세종 11:00 15:00 (15 분 ) 세종의 명을 가슴에 새기다 12:40 16:40 (20 분 ) ※ 별 표시(*): 상시 운영 * 행사문의: 한국문화재재단 궁능활용사업 콜센터(1522-2295)",https://www.kh.or.kr/program/view/menu/1292?viewType=ach&idx=462&searchRound=20&searchStTime=&searchEnTime=&searchField=homeAll&searchText=,https://www.kh.or.kr/jnrepo/upload/jnPrgFestivalProgram/202404/3cbab2d103854f6da4b4d4d5b4e86993_1711963752613.png,시간여행 일상재,0,0,0,1,0,1,0,0,0,1,"시간여행, 세종-궁중 일상재현",공연,https://www.kh.or.kr/jnrepo/upload/jnPrgFestivalProgram/202404/3cbab2d103854f6da4b4d4d5b4e86993_1711963752613.png,"시간여행, 세종-궁중 일상재현",공연,공연,현장참여,https://www.kh.or.kr/jnrepo/upload/jnPrgFestivalProgram/202404/3cbab2d103854f6da4b4d4d5b4e86993_1711963752613.png
20,10회,459,"시간여행, 세종-궁중새내기","시간여행, 세종-궁중새내기","시간여행, 세종-궁중새내기",종료,체험,참여형,사전예약,1,0,0,2024-05-01~2024-05-05,2024-05-01,2024-05-05,5,2024,5,봄,"일,수,목,금,토 10:30 / 14:30","일,수,목,금,토 10:30 / 14:30",1,10:30,14:30,,경복궁,경복궁,경복궁 일원,경복궁 일원,경복궁,160명,1522-2295,"시간여행, 세종-궁중새내기 눈 떠보니 내가 조선시대 궁중새내기? ‘궁중새내기’는 궁궐수습생이 되어 전통복식을 입고 조선시대 궁중문화를 즐기는 관객 몰입형 체험 프로그램입니다. 궁중문화축전 10주년을 맞아 5일간 경복궁이 세종대로 돌아갑니다. 궁중새내기가 되어 지금 경복궁으로 시간여행을 떠나보세요! 1. 티켓오픈 2024년 4월 5일(금) 15시 티켓링크 *관람권: 유료 10,000원 / 한 ID당 최대 4매 예약가능 2. 행사안내 - 일자: 2024. 5. 1.(수)~5. 5.(일) - 시간: (1회차)10:30~12:10/(2회차)14:30~16:10(100분/준비시간 30분 포함) - 장소: 경복궁 일대(시간여행 권역) - 참여인원: 1회 160명(체험 당 40명×4개 체험) 3. 세부내용 [프로그램 구성] - 준비(약 30분): 접수, 의상 환복 등 - 공연(10분): 근정전 퍼포먼스 - 체험(60분): 궁중문화 체험(택1) [ 준비(약 30분)] - 행사 시작 1시간 전부터 접수처에서 예매자 확인을 진행합니다. * 접수처: 경복궁 용성문 앞(국립고궁박물관 방향) - 운영요원의 안내에 따라 궁중새내기 복식으로 환복해주세요. * 의상 환복을 위해 준비시간이 최소 30분 이상 필요합니다. [공연(약 10분)] - 운영요원의 안내에 따라 근정전으로 이동해 시간여행 퍼포먼스를 관람합니다. - 근정전에 세종과 문무백관이 등장해 시간여행의 시작을 알립니다. - 관람구역에서 근정전에 등장하는 세종을 향해 예를 갖추어보세요. 시간여행의 추억을 남길 사진과 영상을 촬영하셔도 좋습니다. [체험(약 60분)] - 궁궐 수습생으로 본격적인 임무를 수행할 시간! - 운영요원의 안내에 따라 예매 시 선택한 체험(택1) 장소로 이동합니다. <궁중새내기 체험> ① 궁중음식 - 기쁜 일이 있는 날 귀한 분을 모시고 상에 올렸던 고임상을 만들어봅니다. * 고임상이란 잔치에 쓰는 음식을 높이 쌓아 올리는 상을 말합니다. - 경복궁의 주방 내소주방에서 조선시대로 돌아가 사탕을 고여 보세요. - 고임상 체험은 국가무형유산 궁중음식 보유자 정길자 선생님과 함께합니다. ② 궁중무예 - 조선시대 비밀병기라고 불렸던 전통화살 편전을 함께 만들어봅니다. * 애기살로도 불리는 편전(片箭)은 보통 화살보다 가볍고, 빠르고 멀리 날아가 조선시대 만드는 방법이 군사기밀로 다뤄졌습니다. - 조선시대 무(武)를 높인다는 의미로 지었던 전각 경복궁 융무루(隆武樓) 터에서 체험을 진행합니다. - 체험 중 간단한 전통무예 시범 관람이 포함되어 있습니다. - 전통화살 편전 체험은 국가무형유산 궁시장 보유자 유세현 선생님과 함께합니다. ③ 궁중무용 - 궁중잔치에서 즐겨 추었던 궁중무용 포구락을 함께 배워봅니다. * 포구락은 편을 갈라 노래하고 춤추며 차례로 공을 던져, 공이 구멍에 들어가면 상으로 꽃을 주고, 넣지 못하면 벌로 붓에 먹을 찍어 얼굴에 점을 찍는 놀이입니다. - 경복궁 아미산 옆에서 함께 전통 선율에 몸을 맡겨보세요. - 궁중무용 체험 참여자에게는 모두의 풍속도 상품(KHmall 판매)을 선물로 드립니다.(1인 1개 한정) - 포구락 체험은 전통무용 단체 굳 굿아트(예술 숲)과 함께합니다. ④ 궁중회화 - 전각의 아름다움과 위엄을 완성하는 전통단청을 함께 그려봅니다. * 단청은 전통 목조건축물에 여러 가지 색채로 그림과 무늬를 그리는 일을 말합니다. 단청은 장식 기능 뿐만 아니라 건물의 수명을 연장하는 역할도 했습니다. - 왕세자가 업무를 보고 공부를 했던 전각 비현각 마당에서 전각 지붕의 연화 단청을 직접 그려봅니다. - 단청 체험은 국가무형유산 단청장 이수자 안유진 선생님과 함께합니다. 궁중새내기 체험 외에도, ‘시간여행, 세종’(5. 1.(수)~5. 5.(일)) 행사기간에 경복궁을 방문하시면 궁 중 일 상 을 재 현 한 다 양 한 상황극과 현장 상설체험을 즐기실 수 있습니다. 궁중문화축전에 대한 자세한 내용은 공식 홈페이지를 참고하시기 바랍니다. www.chf.or.kr/fest [오시는길] 서울 종로구 사직로 161 경복궁 용성문 앞(궁중새내기 접수처) * 대중교통을 이용하시면 경복궁까지 더 편리하게 오실 수 있습니다. - 버스: 109, 171, 272, 601, 606, 1020, 7025번 버스(경복궁 남측),1020, 1711, 7016, 7018, 7022, 7212, 6011, 9703번 버스(경복궁 서측) - 지하철: 경복궁역 5번 출구(접수처까지 도보 약 5분) - 주차: 경복궁 동편 주차장(유료)(접수처까지 도보 약 10분) [입장안내] - 접수시간: (1회차)10:00~10:30/(2회차)14:00~14:30 - 접수장소: 경복궁 용성문 앞(국립고궁박물관 방향) - 사전예약자 확인을 위하여 예매자 본인의 신분증을 필히 지참해주시기 바랍니다. (주민등록증, 운전면허증, 여권, 신분증 재발급 신청서, 외국인등록증) * 관람권은 직계가족 및 형제·자매에 한하여 증빙자료(등본, 가족관계증명서) 제출 시 양도할 수 있습니다. - 접수 후 환복소(경복궁 용성문 앞)로 이동해 준비된 궁중새내기 복식으로 환복 후 프로그램이 진행됩니다. - 준비시간이 약 30분 이상 소요되는 프로그램으로, 지연 도착 시 프로그램 참여가 제한될 수 있습니다. - 공식 예매처 외 별도의 현장접수는 진행하지 않습니다. [유의사항] - 만 14세 이상 참여 가능한 프로그램으로 별도의 아동용 복식은 준비되어 있지 않습니다. - 간편한 옷차림(반팔, 반바지)으로 오시면 더욱 원활하게 궁중새내기 복식으로 환복하실수 있습니다. - 간이 물품보관소가 있으나 개인 귀중품의 분실 및 파손은 책임지지 않습니다. - 야외행사의 특성 상 행사당일 기상청 일기예보 기준 5mm 이상 우천예보 시 행사가취소될 수 있습니다.(사전예매자 개별 안내) - 궁궐 내 모든 공간은 금역구역입니다. - 문화유산 보호구역으로 음식물, 인화물질, 놀이기구의 반입이 제한됩니다. - 행사 당일 언론 및 방송 취재가 있을 수 있으며, 사전에 개별 고지 없이 촬영될 수 있음을 양해바랍니다. - 행사 시 촬영한 사진 및 영상은 궁중문화축전의 공식 홍보 및 연구, 발간 자료 등에 활용될 수 있습니다. * 티켓 및 행사문의: 한국문화재재단 궁능활용사업 콜센터(1522-2295)",https://www.kh.or.kr/program/view/menu/1292?viewType=ach&idx=459&searchRound=20&searchStTime=&searchEnTime=&searchField=homeAll&searchText=,https://www.kh.or.kr/jnrepo/upload/jnPrgFestivalProgram/202404/b090388bc5fe4a90866361636a307870_1711962857395.png,"시간여행, 세종-궁중새내기",1,1,0,1,1,0,0,1,1,1,"시간여행, 세종-궁중새내기",체험,https://www.kh.or.kr/jnrepo/upload/jnPrgFestivalProgram/202404/b090388bc5fe4a90866361636a307870_1711962857395.png,"시간여행, 세종-궁중새내기",체험,체험,사전예약,https://www.kh.or.kr/jnrepo/upload/jnPrgFestivalProgram/202404/b090388bc5fe4a90866361636a307870_1711962857395.png
20,10회,455,Gyeonghoeru Pavilion Special Tour: A Time Travel to the Joseon Dynasty,Gyeonghoeru Pavilion Special Tour: A Time Travel to the Joseon Dynasty,Gyeonghoeru Pavilion Special Tour: A Time Travel to the Joseon Dynasty,종료,체험,참여형,사전예약,1,0,0,2024-05-01~2024-05-05,2024-05-01,2024-05-05,5,2024,5,봄,"일,수,목,금,토 10:00/11:00 / 14:00/16:00","일,수,목,금,토 10:00/11:00 / 14:00/16:00",1,10:00,11:00,,경복궁,경복궁,경복궁 경회루,경복궁 경회루,경복궁,30명,02-3700-3900/help@creatrip.com,"* 본 프로그램은 외국인 전용 프로그램입니다. ( Exclusive Tickets for Foreigners) Book Now (Creatrip) 🗺️ Introduction - Experience the 2024 spring cultural heritage festival held at the 5 major palaces in Korea! - Reserve through Creatrip and get tickets exclusively for foreigners. - Tickets are first come, first served! - Experience Gyeongbokgung Palace in a unique way through hanbok experience, and traditional music performance. - Interpretation in English is available. Gyeonghoeru Pavilion Special Tour provides a special opportunity to enjoy Gyeongbokgung, which is a must-see destination for travelers in Korea. Only open to 30 people, don't miss out on the opportunity to visit Gyeonghoeru Pavilion in Gyeongbokgung Palace! This tour is a special experience program that includes an internal tour of Gyeonghoeru, which was a venue for royal banquets during the Joseon Dynasty. *Gyeongbokgung Palace Tour Guide (English, 10 minutes) You can take a tour inside the Gyeonghoeru with a professional English guide. *Hanbok Experience (10 minutes) Wear traditional Korean hanbok and take a stroll through Gyeongbokgung Palace to feel like you've gone back to the Joseon era. *Performance(20 minutes) A performance with a combination of three instruments, the content of the performance is the same, but the instrument arrangement varies each day [Performance Information] - Introduction to traditional music and instruments (around 5 minutes), Millennium Cheer (around 10 minutes), Yeongsan Hoesang (around 5 minutes) - Millennium Cheer: A representative Korean traditional instrumental piece that wishes for a lifespan of a thousand years - Yeongsan Hoesang: Representative cultural music enjoyed by Confucian scholars in the late Joseon Dynasty - Wednesday, May 1st ~ Friday, May 3rd: Haegeum, Yanggeum, Danso - Saturday, May 4th ~ Sunday, May 5th: Haegeum, Yanggeum, Gayageum Enjoy a performance where you can appreciate traditional music enjoyed in the royal court during the Joseon Dynasty. Sit at the pavilion and listen carefully to the music sound carried by the wind. * Gyeonghoeru Pavillion Free Tour (20 minutes) Capture special memories of your trip to Korea in photos at Gyeonghoeru Pavilion in Gyeongbokgung Palace. How To Use - Reservation Method: Pre-book with Create Trip (maximum 4 tickets per person) - Reservation Confirmation: Entry allowed after checking Create Trip reservation details on site - Sales Period: Reservations available until 23:59 (KST) two days before the event - Event Period: May 1, 2024 ~ May 5, 2024 / Open on Wednesday, Thursday, Friday, Saturday, Sunday - Special Note: On-site purchase of tickets to Gyeongbokgung Palace is required (1 person/KRW 3,000) - Viewing Time: Approximately 60 minutes - Viewing Course: Gyeongbokgung Palace Tour Guide (English, 10 minutes) - Hanbok Experience (10 minutes) - Performance Viewing (20 minutes) - Free Viewing (20 minutes) - Age Restriction: Ages 8 and above allowed (Under 8 not allowed for safety reasons) - Experience Time (limited to 30 people per session): Must arrive 5 minutes early Session 1 - 10:00 ~ 11:00 Session 2 - 11:00 ~ 12:00 Session 3 - 14:00 ~ 15:00 Session 4 - 16:00 ~ 17:00 Reservation Procedure 1) Please provide detailed information requested. 2) Once payment is completed, the reservation is confirmed immediately. 3) On-site registration location (in front of Hamhongmun Gate in Gyeonghoeru, Gyeongbokgung Palace) please wait until 5 minutes before viewing. We will start admission after confirming the reservation details at the registration location. Please present your Creatrip reservation details. During the event period, a separate registration location will be operated at 'Gyeongbokgung Gyeonghoeru (in front of Hamheungmun) *The ticket office at Gyeongbokgung Palace (Gyeonghoeru) is located about a 10-minute walk from the reception area. Things To Keep In Mind During Reservation - This event operates on a 100% advance reservation system, and there will be no on-site sales. - Participants can only join the schedule selected at the time of reservation. It is not possible to participate in a different schedule than the one reserved. - This event is for foreigner-only tickets. If a Korean purchases it, it may be cancelled without notice, and Koreans cannot participate in the event. (Accompanying foreigners is not allowed, but foreign passport holders can enter.) - To enter the event, please purchase a ticket to Gyeongbokgung Palace (KRW 3,000) at the Gyeongbokgung on-site ticket office. (Ticket purchase required) - If you have rented a hanbok from outside, admission to Gyeongbokgung Palace is free, and you can freely explore the palace after the event ends. - Foreigners under 18 or over 65 are eligible for free admission to Gyeongbokgung Palace. Please present your identification (passport) at the Gyeongbokgung ticket office for age verification. - This ticket cannot be purchased and used on the same day. - A maximum of 4 tickets per person can be reserved. If you purchase more than 4 tickets, the entire purchase may be cancelled. Also, the tickets reserved cannot be transferred between acquaintances. - Please enter the information of the booker and accompanying person at the time of reservation. If the information of the booker and accompanying person is different on-site, or if the reservation is made fraudulently, it will be void and no refund will be given upon discovery. - If found to be using fraudulent methods or purchasing tickets for the purpose of resale, the ticket may be canceled and use restricted without prior notice. - For reservation changes and inquiries, please contact help@creatrip.com. During Visit - On-site registration location (in front of Hamhongmun Gate in Gyeonghoeru, Gyeongbokgung Palace) please wait until 5 minutes before viewing. - We will start admission after confirming the reservation details at the registration location. Please present your Creatrip reservation details. - Hanbok experience will provide simple outerwear style clothing and traditional hats, and the actual experience may be different from the example photos. - There is no separate changing area at the event venue, so those who rented Hanbok from outside may not be able to participate in the 'Hanbok Experience' included in the event. - Only available for ages 8 and above. (Children under 8 are not allowed for safety reasons) Please be aware that there may be restrictions on entry if the entry time has elapsed. - This event involves approximately 60 minutes of walking, so please wear comfortable shoes. - The event time may change due to inclement weather or unavoidable circumstances, and full refunds will be provided before the event. - We are not responsible for accidents or loss of personal belongings due to personal negligence. - Food, tripods, flash photography, and other items with safety and facility damage concerns are not allowed to be brought in. - Pets are not allowed at the event. - All areas within the palace grounds are non-smoking areas. - There may be media coverage on the day of the event, and individual programs may be filmed without prior notice. - Photos and videos taken during the event may be used for promotion, research, publication materials, etc. by the Cultural Heritage Administration of Korea.",https://www.kh.or.kr/program/view/menu/1292?viewType=ach&idx=455&searchRound=20&searchStTime=&searchEnTime=&searchField=homeAll&searchText=,https://www.kh.or.kr/jnrepo/upload/jnPrgFestivalProgram/202404/91e120da34f94e7a96bfba3d632cb425_1711961539972.png,경복궁 경회루,0,0,0,0,0,0,0,1,0,0,Gyeonghoeru Pavilion Special Tour: A Time Travel to the Joseon Dynasty,체험,https://www.kh.or.kr/jnrepo/upload/jnPrgFestivalProgram/202404/91e120da34f94e7a96bfba3d632cb425_1711961539972.png,Gyeonghoeru Pavilion Special Tour: A Time Travel to the Joseon Dynasty,체험,체험,사전예약,https://www.kh.or.kr/jnrepo/upload/jnPrgFestivalProgram/202404/91e120da34f94e7a96bfba3d632cb425_1711961539972.png
20,10회,454,2024년 제10회 궁중문화축전 개막제,제10회 궁중문화축전 개막제,제10회 궁중문화축전 개막제,종료,공식행사,행사형,사전예약,1,0,0,2024-04-26~2024-04-26,2024-04-26,2024-04-26,1,2024,4,봄,19:30~20:40,금 19:30 ~ 20:40,1,19:30,20:40,,경복궁,경복궁,경복궁 근정전,경복궁 근정전,경복궁,600명,1522-2295,"2024년 궁중문화축전 개막제 ‘함께한 궁중문화 함께할 국가유산’ 2014년 첫 선을 보인 궁중문화축전이 2024년 10주년을 맞이합니다. 올해 궁중문화축전 개막제는 경복궁 근정전에서 궁궐의 아름다움과 K-전통문화의 품격을 담은 특별행사를 선보입니다. 1. 티켓오픈 2024년 4월 5일(금) 15시 티켓링크 *관람권: 무료 / 한 ID당 최대 4매 예약가능 2. 행사안내 - 행사일정: 2024. 4. 26.(금)/19:30~20:40(70분) - 행사장소: 경복궁 근정전 - 티켓오픈: 600매 ▷▶예매링크◀◁ 3. 세부내용 [기획의도] ‘뿌리 깊은 나무’ 궁중문화축전 10주년을 기념하여 세종 애민정신의 꽃이라 할 수 있는 훈민정음을 창제한 1446년으로 돌아가 백성들과 각국 사절들을 초청하여 가상의 <훈민정음 반포식>을 거행한다. [공연 소개] “가장 먼저 만나는 2024년 궁중문화축전” 올해 궁중문화축전의 대표 기획 공연인 <고궁음악회-100인의 치세지음 治世之音>,<고궁뮤지컬-세종, 1446> 하이라이트를 통해 개막제를 찾은 관객에게 가장 먼저 2024년 궁중문화축전을 선보인다. (출연: <고궁음악회-100인의 치세지음 治世之音> 팀, <고궁뮤지컬-세종, 1446> 팀) “벽사진경”( 궁중무용 처용무) 훈민정음 반포식에 세종이 입장하기 전 동서남북 사방의 처용이 나라의 중앙에 모여 나쁜 기운을 물리치고 복된 기운을 맞이하고자 춤추는 벽사진경(辟邪進慶)의 의식이다. (출연: 처용무보존회) “용비어천가”(종묘제례악 팔일무) 세종대왕 입장 후 훈민정음의 반포라는 국가대사를 종묘에 고하기 위해 추는 의식무. 원래 조선 초에는 궁중무로 육일무를 추었으나 이번 의식은 독립된 문자를 온 세상에 반포하는 행사이므로 64명 팔일무로 춘다. (출연: 아악일무보존회) “훈민정음 반포” 훈민정음은 1443년 12월에 창제되어 1446년 9월에 반포되었다. 그 과정에 최만리 등 일부 집현전 학자와 유생의 반대 등 어려움이 있었다. 이번에 궁중문화축전 10주년의 맞아 가상의 훈민정음 반포식을 개최한다. 훈민정음의 창제 의미와 유생들의 반대, 세종의 설득과 반포 등을 압축해서 표현한다. (출연: 세종 役 강신일, 반대 유생 役 윤영걸, 정인지 役 조의진) “북의 대합주” 훈민정음이 북소리처럼 온 세상에 퍼져나가기를 염원하는 축하공연. 궁중의 북춤과 민간의 북춤이 한 무대에 어우러지는 대합주로 훈민정음의 창제정신을 담았다. 세종대왕이 훈민정음 반포식에 민간의 백성들을 다수 초대하여 이 경사를 함께 누리고자 하였다고 가정한다. (출연: 국수호 디딤 무용단, 한국문화재재단 예술단) * 이밖에 궁중문화축전 개막 선포, 기념영상 상영 등 공식행사가 진행됩니다. 연출 | 박동우 총괄 안무 | 국수호 [출연진] <고궁음악회-100인의 치세지음 治世之音> 팀, <고궁뮤지컬-세종, 1446> 팀, 처용무보존회, 아악일무보존회, 종묘제례보존회, 국수호 디딤 무용단, 한국문화재재단 예술단, 우장례(사회) 이대연, 세종 役 강신일, 반대 유생 役 윤영걸, 정인지 役 조의진 [전통한복과 함께하는 궁중문화축전] ① 전통한복 특별 선물 증정 전통한복을 입고 궁중문화축전 개막제에 함께 해주세요! 개막제 사전예매자 중 전통한복을 입고 개막제에 참여해주신 분들께 소정의 선물을 드립니다. * 수령방법: 티켓 확인 후 흥례문 광장 내 종합안내소로 이동하여 선물 수령 * 수령장소: 궁중문화축전 경복궁 종합안내소(협생문 옆) * 특별선물: 색동 기념품(선착순 500개 한정 배부) * 유의사항: 전통한복 특별선물은 한복 착용자 본인에 한하여 드립니다.(1인 1개) ② 전통한복 우선석 운영 올해 궁중문화축전 개막제는 전통한복 우선석을 운영합니다.(200석 예정) 전통한복 우선석의 위치와 입장방법은 아래 내용을 참고해주시기 바랍니다. [객석 안내] - 본 행사는 비지정석이며, 사전에 고지한 구역의 전통한복 우선석을 운영합니다. * 전통한복 우선석: 개막제 입장권을 예매한 분 중 전통한복을 착용하신 분이먼저 착석하실 수 있는 특별좌석입니다.(200석 예정) - 전통한복 우선석은 행사 시작 10분 전까지 운영하며, 19:20 이후에는 전석 비지정석입니다 [오시는 길] 서울 종로구 사직로 161 경복궁 흥례문 광장(용성문, 협생문) * 행사 당일 광화문은 개방하지 않습니다. * 대중교통을 이용하시면 경복궁까지 더 편리하게 오실 수 있습니다. - 버스: 109, 171, 272, 601, 606, 1020, 7025번 버스(경복궁 남측),1020, 1711, 7016, 7018, 7022, 7212, 6011, 9703번 버스(경복궁 서측) - 지하철: 경복궁역 5번 출구 - 주차: 경복궁 동편 주차장(유료) [입장안내] - 입장절차 ① 행사 당일 18:40부터 티켓 확인(경복궁 용성문, 협생문 앞) ② 행사 당일 19:00부터 입장 진행(흥례문 광장 대기 후 순차 입장) * 경복궁 주차장은 협생문, 경복궁역(지하철 3호선)은 용성문이 가깝습니다. * 전통한복 착용 이벤트 선물을 배부하는 종합안내소는 협생문과 가깝습니다. * 행사 당일 광화문은 개방하지 않습니다. - 입장방법: 티켓링크 모바일 티켓 확인 * 관람객의 안전을 위하여 티켓 확인 후 진행요원의 안내에 따라 흥례문 광장에대기 후 순차적으로 입장을 진행합니다. * 전통한복 우선석의 경우 티켓 확인 후 종합안내소에서 이벤트 상품을 수령하고,진행요원의 안내에 따라 전통한복 우선석 대기줄에서 입장을 진행합니다. - 입장장소(경복궁 흥례문 광장)부터 행사장소(경복궁 근정전)는 도보로 수 분 소요되므로 가급적 행사 시작 10분 전까지 입장을 완료하여 주시기 바랍니다. - 행사장소의 특성 상 화장실 이용에 불편이 있을 수 있으니 입장 전 화장실 이용을 권고 드립니다. (경복궁 주차장, 경복궁역 화장실) - 고지된 입장시간 이후에 도착하신 경우 운영요원의 안내에 따라 지연입장이 진행되며, 이 경우 관람 일부가 제한될 수 있습니다. - 공식 예매처 외 별도의 현장접수는 진행하지 않습니다. [유의사항] - 공식 티켓 판매처인 티켓링크를 제외한 기타 경로를 통한 암표 매매는 위법 행위로 엄격히 금지하고 있습니다. - 불법 예매 또는 부정 거래로 확인된 회원의 경우 이후 진행되는 행사 예매가 불가하도록 조치할 예정입니다. - 행사 당일 별도의 경복궁 야간개장 행사는 진행하지 않습니다. - 본 행사는 전체 관람가이나 타인의 관람에 방해가 되는 경우 미취학 아동의 관람을 제한할 수 있습니다. - 야외행사의 특성 상 행사당일 기상청 일기예보 기준 5mm 이상 우천예보 시 행사가 취소될 수 있습니다.(사전예매자 개별 안내) - 궁궐 내 모든 공간은 금역구역입니다. - 문화유산 보호구역으로 음식물, 인화물질, 놀이기구의 반입이 제한됩니다. - 행사 당일 언론 및 방송 취재가 있을 수 있으며, 사전에 개별 고지 없이 촬영될 수 있음을 양해바랍니다. - 행사 시 촬영한 사진 및 영상은 궁중문화축전의 공식 홍보 및 연구, 발간 자료 등에 활용될 수 있습니다. * 티켓 및 행사문의: 한국문화재재단 궁능활용사업 콜센터(1522-2295)",https://www.kh.or.kr/program/view/menu/1292?viewType=ach&idx=454&searchRound=20&searchStTime=&searchEnTime=&searchField=homeAll&searchText=,https://www.kh.or.kr/jnrepo/upload/jnPrgFestivalProgram/202404/87dd4f0d1292481db0dbcba6de90fb7b_1711956531564.png,경복궁 근정전,1,1,1,1,1,0,1,1,1,1,2024년 제10회 궁중문화축전 개막제,공식행사,https://www.kh.or.kr/jnrepo/upload/jnPrgFestivalProgram/202404/87dd4f0d1292481db0dbcba6de90fb7b_1711956531564.png,2024년 제10회 궁중문화축전 개막제,공식행사,공식행사,사전예약,https://www.kh.or.kr/jnrepo/upload/jnPrgFestivalProgram/202404/87dd4f0d1292481db0dbcba6de90fb7b_1711956531564.png
20,10회,450,경복궁 별빛야행,경복궁 별빛야행,별빛야행,종료,체험,참여형,사전예약,1,0,0,2024-04-03~2024-05-04,2024-04-03,2024-05-04,32,2024,4,봄,"일,월,수,목,금,토 18:40 / 19:40","일,월,수,목,금,토 18:40 / 19:40",1,18:40,19:40,,경복궁,경복궁,경복궁 일원,경복궁 일원,경복궁,,,"별 가득한 밤, 경복궁 별빛야행에 여러분을 초대합니다. 은은한 별빛 아래 경복궁 소주방에서 국악공연을 즐기며 수라상을 맛보고 전문해설사와 함께 경복궁 별빛산책을 떠나볼까요. 장고, 집옥재와 팔우정, 건청궁을 거치며 궁궐의 옛 이야기를 마주하고 쏟아지는 별빛아래에서 향원정의 정취를 느껴보세요. 별 가득한 4월의 밤, 경복궁의 문이 열립니다. 1. 행사정보 ○ 행사기간 : 2024. 4. 3.(수) ~ 5. 4.(토) 매주 수~일요일 *월, 화 휴무/ 4.26. 궁중문화축전 개막식 휴무 * 5.2. ~ 5.4. 외국인 특별행사 운영 ○ 행사시간 : 1부 18:40 ~ 20:30 / 2부 19:40 ~ 21:30(110분) ○ 행사장소 : 경복궁 소주방, 북측전각 일대 ○ 행사내용 : 경복궁 소주방 궁중음식체험과 경복궁 북측권역 전각에 대한 해설을 들으며, 경복궁의 역사·문화·조경 등을 체험할 수 있는 야간 기행 ○ 참여인원 : 회당 34명 ○ 참가비 : (1인 기준) 60,000원 ○ 예매처 : 티켓링크(www.ticketlink.co.kr) / ID당 최대 2매 예약 가능 [별빛산책로] ○ 소주방→자경전·함화당→장고→집옥재→팔우정→건청궁→향원정 * (1부) 소주방∼장고: 궁중음식을 시식하고 장고에서 음식 관련 극을 감상 * (2부) 집옥재∼향원정: 고종의 이야기와 함께 경복궁 북측 권역 역사 탐방 ○ 외소주방 : 도슭수라상 궁중음식체험과 국악공연 관람 ○ 장고 : 장고마마와 나인의 작은 극 관람 ○ 집옥재·팔우정·건청궁 : 전각 및 내부 관람 ○ 향원정 : 취향교 건너 특별 관람 [도슭수라상] 귀한 손님을 위해 수라상을 내올리다. ‘도슭’은 도시락의 옛말로 왕과 왕비에게 올리던 최고의 일상식인 12첩 반상을 현대적으로 해석해 유기 도시락에 정갈히 나누어 담아낸 음식입니다. ○ 음식 구성 * 일반식 - 4단 : 홍시죽순채, 저염명란젓, 오이송송이, 배추김치 - 3단 : 호두조림, 삼합장과, 더덕구이, 탕평채 - 2단 : 진지, 생선완자전, 애호박전, 너비아니 - 1단 : 석류 표고버섯탕 - 꽃별찬 : 전복초 - 후식 : 꽃약과, 도라지정과, 콩송편, 곶감수정과 * 채식 - 4단 : 홍시죽순채, 장아찌, 오이송송이, 백김치 - 3단 : 호두조림, 삼합장과, 더덕구이, 탕평채 - 2단 : 진지, 새송이버섯전, 애호박전, 두부구이 - 1단 : 석류 표고버섯탕(채식육수) - 꽃별찬 : 근채초 - 후식 : 꽃인절미, 정과, 모약과, 오미자차 ※ 채식 메뉴를 희망하시는 분은 행사일 3일 전 티켓링크 콜센터(1588-7890)로 사전 신청 부탁드립니다. ※ 메뉴 구성은 상황에 따라 변경될 수 있습니다. ※ 원재료 표기 사항 - ※홍시죽순채 - 죽순/ 배추김치 - 새우젓/ 삼합장과 - 소고기, 홍합, 표고버섯(채식 -표고버섯, 양송이버섯, 무) / 너비아니 - 소고기 안심/ 전복초 - 전복/ 근채소- 연근, 감자, 당근, 산마/ 석류 표고버섯탕 – 소고기육수(채식-채수)/ 탕평채-청포묵/ 모약과 -밀가루 2. 예매안내 [온라인 예매] ○ 행사기간: 2024. 4. 3.(수) ~ 5. 4.(토) / 월,화 휴무, 궁중문화축전 개막식(4.26.) 휴무 ○ 행사시간: ID당 1회(당첨시 최대 1인 2매까지 예매 가능) ○ 참여인원: 회당 34명 ○ 참 가 비: 1인 60,000원 ○ 예매기간 1차) 2024. 3. 22.(금) 14시 (행사일:4.3.~4.21.) 2차) 2024. 4. 12.(금) 14시 (행사일:4.24.~) ○ 예 매 처: 티켓링크 *ID당 2매 가능 [전화예매] ○ 예매기간 1차) 2024. 3. 22.(금) 14시 (행사일:4.3.~4.21.) 2차) 2024. 4. 12.(금) 14시 (행사일:4.24.~) ○ 예매방법 * 티켓링크 콜센터 ☎1588-7890 * 평일 9:00 ~ 18:00 / 토,일요일, 공휴일 휴무 * 1인 최대 2매까지 예매 가능 * 예매자 본인은 필수 참석하여야 함 ○ 예매대상: 만65세 이상, 국가유공자, 장애인 [할인정보] ○ 장애인 50% 할인(1~3급은 본인 포함 2인, 4급 이하는 본인 한정) ○ 국가유공자 본인 한정 50% 할인 ※ 현장에서 예매자 신분증 및 증빙서류 확인 후 입장 가능하며, 본인 입장 필수 3. 예매 시 유의사항 ○ 경복궁 별빛야행은 야간에 진행되는 행사로 8세 이상부터 참여가 가능합니다. ○ 100% 사전예약제로 운영되며, 별도의 현장 판매는 진행되지 않습니다. ○ 아이디당 최대 2매까지 예매 가능합니다. ○ 예매하신 본인 입장이 원칙이며 타인 양도가 불가합니다. (가족관계일 경우 등본, 가족관계증명서 등 증빙자료 지참 시만 예외적으로 양도가 가능합니다.) ○ 만 65세 이상, 국가유공자, 장애인 전화예매의 경우 증빙자료를 필수로 지참하셔야 하며 신청자는 필수로 참석하여야 합니다. 현장 불참 시 취소되는 점 양해 부탁드립니다. ○ 행사 참여일 1일전 17시까지 취소와 환불이 가능하며, 마감 기간 경과 후 취소 및 변경은 불가합니다. 단, 취소표 발생 시 행사 당일 오전 10시까지 취소 불가한 티켓을 예매할 수 있습니다. 4. 관람 시 유의사항 ○ 접수장소는 경복궁 민속박물관 앞 안내데스크입니다. 행사 시작 20분 전부터 접수가 가능하오니 시간 준수 부탁드립니다. ○ 음식 체험 및 야간 해설 탐방이 110분에 걸쳐 진행되며 내부 관람도 포함되어 있으니 편한 신발과 겉옷을 준비해 주시기 바랍니다. 5. 우천시 안내사항 ○ 행사 당일 오전 11시 기상청 예보 기준으로 1~4mm 예보 시 행사는 정상 진행됩니다. 단, 문화재 보호를 위하여 일부 구역 관람이 제한될 수 있습니다. ○ 행사 당일 오전 11시 기상청 예보 기준으로 5mm 이상 예보 시 행사는 취소되며 개별 알림 후 전액 환불해드립니다. 6. 오시는 길 ○ 지하철 - 3호선 <안국역> 1번 출구 도보 13분 - 3호선 <경복궁역> 4번 출구 도보 16분 - 5호선 <광화문역> 2번 출구 도보 약 14분 ○ 버스 - 종로 11번 버스 <법련사> 정류장 ○ 주차 - 경복궁 동편 유료주차장 이용가능(주차비 본인 부담)",https://www.kh.or.kr/program/view/menu/1292?viewType=ach&idx=450&searchRound=20&searchStTime=&searchEnTime=&searchField=homeAll&searchText=,https://www.kh.or.kr/jnrepo/upload/jnPrgFestivalProgram/202403/5ca5c45749ed4acdb5460b861cb49e37_1711684094599.jpg,별빛,0,1,1,1,1,1,0,1,1,1,경복궁 별빛야행,체험,https://www.kh.or.kr/jnrepo/upload/jnPrgFestivalProgram/202403/5ca5c45749ed4acdb5460b861cb49e37_1711684094599.jpg,경복궁 별빛야행,체험,체험,사전예약,https://www.kh.or.kr/jnrepo/upload/jnPrgFestivalProgram/202403/5ca5c45749ed4acdb5460b861cb49e37_1711684094599.jpg
20,10회,449,경복궁 생과방,경복궁 생과방,생과방,종료,체험,참여형,사전예약,1,0,0,2024-04-17~2024-06-24,2024-04-17,2024-06-24,69,2024,4,봄,"일,월,수,목,금,토 10:00/11:40 / 13:50/15:30","일,월,수,목,금,토 10:00/11:40 / 13:50/15:30",1,10:00,11:40,,경복궁,경복궁,경복궁 생과방,경복궁 생과방,경복궁,,,"경복궁 소주방 전각에 위치한 생과방'은 궁중의 육처소處所)가운데 하나이며, '국왕과 왕비의 후식과 별식을 준비하던 곳으로 '생물방' 혹은 '생것방'이라고도 불렸습니다. 경복궁 생과방 프로그램은 조선왕조실록의 내용을 토대로 실제 임금이 드셨던 궁중병과와 궁중약차를 오늘날에도 즐길 수 있도록 구성된 체험 프로그램 입니다. 1. 생과방 체험 안내 ○ 행사기간 : 2024년 4월 17일(수) - 6월 24일(월) * 매주 화요일 휴무 * 외국인 행사: 5. 1.(수)~5. 4.(토) ○ 행사장소 : 경복궁 생과방 ○ 행사시간 : 1일 4회, 회당 70분 - 1회 10:00 |2회 11:40 |3회 13:50 | 4회 15:30 2. 예매 안내 ○ 예매일시 - 1차 오픈 4월 03일(수), 오후 2시 * 대상일 : 2024. 4. 17. - 5. 20. - 2차 오픈 4월 30일(화) 오후 2시 * 대상일 : 2024. 5. 22-6.24. ○ 예매처 : 티켓링크 www.ticketlink.co.kr - URL : https://www.ticketlink.co.kr/product/49400 ○ 예매금액 : 15,000원(궁중병과 세트 1종 + 궁중약차 1종) * 1인 2매 예매 가능 ○ 참여방법 : 온라인 사전 예약 ① 예매 사이트(티켓링크) 접속 및 로그인 ② 참여 일자, 회차, 다과 세트, 좌석 선택 후 비용(카드) 결제 - (예매 시) 대추인절미병 세트 / 주악 세트 중 택 1 - 궁중약차는 현장에서 선택 후 수령 ③ 생과방 입구(안내처)에서 본인 확인▶ 약차 선택 후 차패 수령 ④ 좌석 안내 ▶ 약차 수령 및 차패 교환 ⑤ 궁중 다과 시식 및 시음 - 체험연령 미취학 아동 포함 전 연령 체험 가능 - 48개월 이상 아동 일반인 1인과 동일한 티켓 사전 결제 후 소지 필수 - 48개월 미만 아동 보호자와 동반 하에 입장 가능 ○ 전화예매 : 티켓링크 고객센터 1588-7890 - 예매대상 : 만 65세 이상, 장애인, 국가유공자 - 예약시간 : 평일 10:00~19:00, 주말·공휴일 휴무 * 현장에서 증빙자료를 확인 할 예정이오니, 신분증(경로우대증, 국가유공자증, 장애인복지카드 등)을 반드시 지참하여 주시기 바랍니다. ○ 할인정보 : 장애인 1-3급(동반 1인까지) 및 4급 이하(본인만)50% 할인, 국가유공자(본인만)50% 할인 * 현장에서 관련 증빙자료(복지카드/국가유공자 등) 확인 후 입장 가능 3. 안내사항 ○ 예매시 - 100% 사전예약제로 운영되며, 별도의 현장 판매는 진행되지 않습니다. - 온라인 할인권 및 전화 예매 티켓은 양도 불가합니다. (예매자 본인 참석 필수, 가족 양도 불가) - 현장에서의 궁중 병과 및 궁중 약차의 추가 주문은 불가합니다. - 현장에서 본인 확인을 진행하오니, 예매자 신분증(원본) 및 예매 내역(예매 번호)을 반드시 지참하셔야 합니다. (미 지참 시 입장이 제한됩니다.) - 예매하신 티켓 본인 입장이 원칙이며 지인 간의 양도가 불가합니다. 단, 가족관계일 경우 예약자 신분증과 증빙자료(주민등록등본, 가족관계증명서 등) 지참 시에만 예외적으로 양도가 가능합니다. - 행사 안내는 문자로 우선 안내 될 예정이오니, 회원 정보상의 연락처는 사전 확인 부탁드립니다. - 행사의 취소와 환불은 예약 사이트의 규정을 준수합니다. ○ 접수시 - 접수장소 : 경복궁 생과방 입구 접수처 - 접수시간 : 행사 시작 10분 전부터 접수 시작 - 예매자 신분증(원본) 및 예매 내역(예매 번호)을 반드시 지참하셔야 합니다. - 증빙 미지참 시 입장 불가하며, 현장에서 차액 지불은 불가능합니다. - 경복궁 입장권은 별도로 구매 후 입장하셔야 합니다. - 각 회차별 행사 시간 10분 전부터 접수 및 입장 가능합니다. - 삼각대 사용 불가, 음식물 반입 금지 ""즐겁고 안전한 생과방 체험을 위해 양해와 협조 부탁드립니다."" <대추인절미병 세트> ○ 대추인절미병, 곶감단지, 참외정과, 쌀엿강정, 매작과, 금귤정과, 호두정과 - 추인절미병引切味餅(대추, 호두, 밤, 땅콩, 참깨) : 『음식디미방』, 『조선무쌍신식요리제법』에 기록되어 있는 음식으로 맛과 영양을 위해 견과류를 넣고, 설탕 대신 대추고를 넣어 고유의 단맛을 더했습니다. - 곶감단지(곶감, 유자청, 호두, 계피가루, 대추) : 곶감단지는 호두강정, 곶감, 잣 등을 다져 유자청으로 반죽하여 속을 채운 병과입니다. 『동의보감』에 따르면 곶감은 '몸의 허함을 보하고 위장을 든든하게 하여 체한것을 없애준다'고 기록되어 있습니다. - 참외 정과(참외, 박고지) : 정과는 '전과(果)라고도 하며 조선시대 장국상, 큰상, 제례음식에 반드시 쓰였습니다. 특유의 향미를 가진 참외를 꿀이나 설탕에 재거나 졸여 만든 전통 과자입니다. - 쌀엿강정(쌀, 유자청, 오미자청, 파래) : 쌀을 쪄서 말린 후 기름에 튀겨 엿으로 버무려 천연 색과 맛을 낸 강정입니다. 1680년경에 쓰여진 조리서 『요록』에 등장하였으며, 남녀노소 모두가 좋아하는 조선 시대 병과입니다. - 매작과(강황, 파래, 백련초, 생강) : 궁중에서 '마치 매화나무에 참새가 앉아 있는 형상을 하고 있는 한과' 라는 의미로 불리었으며 천연 재료를 넣어 그 색과 모양이 다양한 전통 과자입니다. - 금귤정과(금귤, 설탕) : 껍질째 먹는 과일인 금귤을 설탕에 조려 만든 진정과로 특유의 상큼한 향미와 쫀득한 식감을 가진 전통 다과 입니다. - 호두정과(호두, 설탕) : 알이 굵고 단단한 호두를 골라 꿀을 넣어 조린 뒤 노릇하게 튀겨내 고소한 맛이 나는 전통과자입니다. 각종 영양이 가득하여 건강에 좋을 뿐 아니라, 두뇌 건강과 피부에 좋다고 알려져 있습니다. 식감이 바삭하고 달콤해 남녀 모두가 좋아하는 별식입니다. <주악 세트> ○ 주악, 곶감단지, 참외정과, 쌀엿강정, 매작과, 금귤정과, 호두정과 - 주악(찹쌀) : 찹쌀가루로 만들어진 주악은 조선시대 귀한 손님이 왔을 때 올리던 음식입니다. 궁중의 연향인 『진찬의궤(進饌儀軌)』에는 대추주악·감태주악·후추주악·계피주악·치작황 주악 등의 '각색 주악'이 주로올려졌습니다. - 곶감단지(곶감, 유자청, 호두, 계피가루, 대추) : 곶감단지는 호두강정, 곶감, 잣 등을 다져 유자청으로 반죽하여 속을 채운 병과입니다. 『동의보감』에 따르면 곶감은 '몸의 허함을 보하고 위장을 든든하게 하여 체한것을 없애준다'고 기록되어 있습니다. - 참외 정과(참외, 박고지) : 정과는 전과(果)라고도 하며 조선시대 장국상, 큰상, 제례음식에 반드시 쓰였습니다. 특유의 향미를 가진 참외를 꿀이나 설탕에 재거나 졸여 만든 전통 과자입니다. - 쌀엿강정(쌀, 유자청, 오미자청, 파래) : 쌀을 쪄서 말린 후 기름에 튀겨 엿으로 버무려 천연 색과 맛을 낸 엿강정입니다. 1680 년경에 쓰여진 조리서 『요록』에 등장하였으며, 남녀노소 모두가 좋아하는 조선시대 병과입니다. - 매작과(강황, 파래, 백련초, 생강) : 궁중에서 '마치 매화나무에 참새가 앉아 있는 형상을 하고 있는 한과' 라는 의미로 불리었으며 천연 재료를 넣어 그 색과 모양이 다양한 전통 과자입니다. - 금귤정과(금귤, 설탕) : 껍질째 먹는 과일인 금귤을 설탕에 조려 만든 진정과로 특유의 상큼한 향미와 쫀득한 식감을 가진 전통다과 입니다. - 호두정과(호두, 설탕) : 알이 굵고 단단한 호두를 골라 꿀을 넣어 조린 뒤 노릇하게 튀겨내 고소한 맛이 나는 전통 과자입니다. 각종 영양이 가득하여 건강에 좋을 뿐 아니라, 두뇌 건강과 피부에 좋다고 알려져 있습니다. 식감이 바삭하고 달콤해 남녀 모두가 좋아하는 별식입니다. <궁중약차> ○ 사미다음, 감국다, 강계다, 사물다, 오미자다, 제호다 - 사미다음(인삼, 귤피, 생강, 대추) : 몸을 보하는 인삼과 기의 순환을 돕는 귤피, 몸을 따뜻하게 하는 생강을 사용하여 만든 약차입니다. 조선왕조실록에는 한기가 엄습한 추운 겨울, 당시 어의였던 허준이 선조 임금의 몸을 보하기위해 만들어 올린 약차로 기록되어 있습니다. - 감국다(국화, 구기자) : 감국은 황국이라고도 하며, 성미는 달고 쓰고 서늘하며 무독합니다. 『승정원 일기』에 숙종과 영조의 건강관리에 사용된 기록이 있으며, 주로 번뇌가 있거나 화가 날때 마음을 차분히 가라앉히는 목적으로 사용되었습니다. - 강계다(생강,계피, 귤피, 대추) : 조선 왕실에서 평소 건강 관리나 기운을 보충할 목적으로 사용되었으며, 영조 임금이 승하 직전에도 몸의 온기를 되살리기 위해 올렸던 약차입니다. - 사물다(숙지황, 백작약, 천궁, 당귀) : 여성과 아이들의 보혈제로 쓰였던 사물탕의 약재를 차로 마실수 있게 만든 음료로 조선왕조실록을 살펴보면 정조의 원기를 보충하기 위한 약재로 쓰였던 기록 이 있습니다. - 오미자다(오미자) : 다섯 가지 맛(신맛, 쓴맛, 단맛, 아린맛, 짠맛)을 가진 오미자로 만들었으며 중종의 번열과 갈증을 등을 넣은 왕실의 음료로, 정조치료하기 위하여 올렸던 약차입니다. - 제호다(매실) : 제호차는 매실을 익혀 만든 오매(烏梅)와 사인(砂仁), 초과 등을 넣은 왕실 음료로, 정조 임금이 여름철에 신하들을 위해 하사한 기록이 있습니다. 속을 따뜻하게 하는 효과가 있어 겉은 뜨겁고 속은 차가워지기 쉬운 여름철에 더욱 좋은 약차입니다. 4. 오시는 길 ○ 3호선 <안국역> 1번 출구(도보 약 20분) ○ 5호선 <광화문역> 2번 출구(도보 약 20분) ○ 3호선 <경복궁역> 4번 출구(도보 약 16분) ○ 종로 11번 버스 <법련사> 정류장 ○ 주차 : 경복궁 동편 유료주차장(주차비 본인 부담) 이용 가능 5. 공지사항 ○ 100% 사전예약제로 운영되며, 별도의 현장 판매는 진행되지 않습니다. ○ 온라인 할인권 및 전화 예매 티켓은 지인간의 양도가 불가합니다. ○ (현장) 본인 확인을 위한 예매 관련 증빙자료를 필수로 지참하셔야 합니다. - 원본 신분증, 예매내역, 가족관계증명서(필요시) 등 ○ 경복궁 입장권은 별도로 구매 후 입장 하셔야 합니다. ○ 행사의 취소와 환불은 예약 사이트의 규정을 준수합니다. 6. 행사문의 : 궁능활용프로그램 콜센터 1522-2295 | www.chf.or.kr",https://www.kh.or.kr/program/view/menu/1292?viewType=ach&idx=449&searchRound=20&searchStTime=&searchEnTime=&searchField=homeAll&searchText=,https://www.kh.or.kr/jnrepo/upload/jnPrgFestivalProgram/202403/7a2a2f611ca243e4939a2bea604e799b_1711682790373.jpg,생과방,0,1,1,0,1,0,0,1,1,1,경복궁 생과방,체험,https://www.kh.or.kr/jnrepo/upload/jnPrgFestivalProgram/202403/7a2a2f611ca243e4939a2bea604e799b_1711682790373.jpg,경복궁 생과방,체험,체험,사전예약,https://www.kh.or.kr/jnrepo/upload/jnPrgFestivalProgram/202403/7a2a2f611ca243e4939a2bea604e799b_1711682790373.jpg
20,10회,446,고궁음악회-100인의 치세지음 治世之音,고궁음악회-100인의 치세지음 治世之音,고궁음악회-100인의 치세지음 治世之音,종료,공연,관람형,사전예약,1,0,0,2024-05-04~2024-05-05,2024-05-04,2024-05-05,2,2024,5,봄,19:30~20:20,"일,토 19:30 ~ 20:20",1,19:30,20:20,,경복궁,경복궁,경복궁 근정전,경복궁 근정전,경복궁,1000명,,"2024 봄 궁중문화축전 고궁음악회 기획공연 < 고궁음악회 > 는 궁궐의 전각과 자연을 배경으로 전통예술뿐만 아니라 대중음악과 서양음악 , 현대무용 등 다양한 장르와의 협연을 통해서 전통문화의 외연을 확장하고 대중과의 소통을 강화하는 노력을 지속하고 있습니다 . 2024 년은 경복궁 근정전에서 가야금 , 대금 , 해금 연주자 100 인이 함께하는 ‘100 인의 치세지음 治世之音 ’ 공연을 새롭게 선보입니다 . 조선의 법궁인 경복궁에서 정전의 위엄과 100 인의 연주가 선사하는 웅장한 감동을 통해 문화유산의 가치를 느껴보시기 바랍니다 . 2024 년 4 월 5 일 ( 금 ) 17 시 티켓링크 * 관람권 : ( 선착순 유료 15,000 원 ) / 한 ID 당 최대 4 매 예약가능 공연 안내 - 일자 : 2024. 5. 4.( 토 ) ~ 5. 5.( 일 ) - 시간 : 19 :30 ~ 20:20 (50 분 공연 ) - 장소 : 경복궁 근정전 - 참여인원 : 회당 700 명 ( 사전예약 ) - 공연내용 : 경복궁 근정전에서 선보이는 가야금 , 대금 , 해금 연주자 100 인의 공연 - 관람특전 : 공연 종료 후 경복궁 야간관람 포함 - 접수데스크 : 경복궁 협생문 앞 안내데스크 * 공연일 18:50 부터 접수 시작 [ 예매정보 ] - 예매오픈 : 2024 년 4 월 5 일 ( 금 ) 17 시 ▷▶예매링크◀◁ - 예매매수 : ID 당 최대 4 매 - 예매마감 : 관람일 전일 17 시 - 취소마감 : 관람일 전일 17 시 ( 취소수수료 없음 / 취소마감일 이후 취소 불가 ) [ 안내사항 ] - 본 행사는 비지정석이며 , 당일 입장 순서에 따라 좌석 선택이 가능합니다 . - 할인권 및 전화예매 : 현장에서 신분증 및 증빙서류 확인 후 입장 가능하며 양도불가 ( 예매자 혹은 할인해당자 필수 참석 ) - 사전예약자는 모바일티켓 ( 스마트티켓 ) 확인 후 입장해주시기 바랍니다 . - 공연 후 경복궁 야간관람 (20:30~21:30) 이 포함된 가격이며 관람 구역은 현장 상황에 따라 조정될 수 있습니다 . - 취학 아동 이상 관람 가능합니다 . [ 할인정보 ] - 할인정보 : 장애인 50% 할인 (1~3 급 : 본인 포함 2 인 / 4 급이하 : 본인 한정 ), 국가유공자 본인 한정 50% 할인 - 전화예매 : 만 65 세 이상 , 장애인 , 국가유공자 대상 ( 티켓링크 고객센터 : 1588-7890) * 현장에서 증빙자료를 확인할 예정이오니 신분증 ( 국가유공자증 , 장애인 복지카드 등 ) 을 반드시 지참하여 주시기 바랍니다 . [ 프로그램 소개 ] ‘100 인의 치세지음 治世之音 ’ 세상을 다스리는 음악이라는 뜻으로 , 조선의 궁중음악이 지향한 바가 ‘ 치세지음 ’ 이다 . 음악으로 세상을 화평하게 만들고자 했던 , 조선시대의 ‘ 여민락 ( 임금이 백성과 함께 , 더불어 즐긴다는 뜻 )’ 정신이 담겨 있다 . ‘ 여민락 ’ 은 조선시대를 대표하는 악곡으로 , 이번 “100 인의 치세지음 ” 에서도 ‘ 여민락 ’ 의 일부를 연주한다 . “100 인의 치세지음 ” 은 조선시대의 궁중음악 ‘ 여민락 ’ 을 시작으로 , 한국음악 속의 ‘ 치세지음 ’ 정신을 느낄 수 있는 음악 , 정악 – 산조 – 창작곡을 1 시간으로 새롭게 구성하였다 . [ 출연진 ] 구성 및 예술감독 윤중강 가야금 이지영 ( 서울대학교 음악대학 국악과 교수 ) 대금 김정승 ( 서울대학교 음악대학 국악과 교수 ) 해금 노은아 ( 서울대학교 음악대학 국악과 교수 ) 서울대학교 국악과 재학생 및 졸업생 프로젝트 매니저 박진형 문화재청 궁능유적본부 송인헌 정명환 송진욱 고정주 오택근 김예진 한국문화재재단 궁능사업실 박 준 우 장 보 영 박 기 령 [ 프로그램 ] 여민락: 가야금, 대금, 해금 합주 변조두거: 대금 합주 침향무: 가야금 합주 지영희류 해금산조: 해금 합주 평조회상 ‘ 타령 · 군악 ’: 가야금 , 대금 , 해금 합주 오시는길 서울 종로구 사직로 161 경복궁 근정전 ※ 입 · 퇴장 게이트 및 접수데스크 : 경복궁 협생문 옆 안내데스크 경복궁 주차장을 이용하실 수 있으나 ( 유료 ) 협소하오니 , 대중교통 이용을 권장합니다 . ( 지하철 3 호선 경복궁역 5 번 출구 ) 입장 안내 - 티켓 수령일시 : 18:50~19:15 - 입장장소 : 경복궁 협생문 앞 안내데스크 - 사전예약자는 모바일티켓 ( 스마트티켓 ) 확인 후 입장해주시기 바랍니다 . - 티켓부스 예매자 확인 후 경복궁 흥례문 광장에서 안내요원을 따라 입장이 진행됩니다 . - 모두의 안전을 위해 질서를 준수하여 주시기 바라며 , 질서 유지를 위해 안내요원이 관람을 제지할 수 있습니다 . 사전예매 안내 - 사전예매 : 2024 년 4 월 5 일 ( 금 ) 17 시 - 예매매수 : ID 당 최대 4 매 - 티켓가격 : 15,000 원 유의사항 - 2024 년 고궁음악회 ‘100 인의 치세지음 治世之音 ’ 공연은 비지정좌석제로 운영되며 , 당일 입장 순서에 따라 좌석 선택이 가능합니다 . - 할인권 및 전화예매 : 현장에서 신분증 및 증빙서류 확인 후 입장 가능하며 양도가 불가합니다 .( 예매자 혹은 할인해당자 필수 참석 ) - 사전예약자는 모바일티켓 ( 스마트티켓 ) 확인 후 입장해주시기 바랍니다 . - 취학 아동 이상 관람 가능합니다 . ◎ 전화예매 안내 ( 할인권 ) - 할인권 예매는 전화예매만 가능하며 , 할인권은 양도가 불가능합니다 . ( 예매자 필수 참석 ) - 전화예매 : 만 65 세 이상 , 장애인 , 국가유공자 대상 ( 티켓링크 고객센터 : 1588-7890) - 할인정보 : 장애인 50% 할인 (1~3 급 : 본인 포함 2 인 / 4 급 이하 : 본인 한정 ), 국가유공자 본인 한정 50% 할인 - 현장에서 증빙자료를 확인할 예정이오니 신분증 ( 국가유공자증 , 장애인 복지카드 등 ) 을 반드시 지참하여 주시기 바랍니다 . - 현장에서 증빙서류를 지참하지 않거나 할인기준과 다른 경우 참가가 취소 조치되며 , 별도의 환불이 불가함을 알려드립니다 . ◎ 티켓 수령 및 입장 - 수령일시 : 공연일 당일 18:50~19:15( 예매자 별도 공지 ) - 수령장소 : 경복궁 협생문 앞 안내데스크 - 행사가 진행되는 근정전은 경복궁 안쪽에 자리하고 있어 도보로 수분 이상 소요되므로 이 점 미리 참고하여 되도록 행사 시작 30 분 전에 도착해주시기 바랍니다 . - 경복궁 내 주차 공간이 협소하오니 대중교통 이용을 권고 드립니다 . - 티켓부스 예매자 확인 후 경복궁 흥례문 광장에서 안내요원을 따라 입장이 진행됩니다 . - 모두의 안전을 위해 질서를 준수하여 주시기 바라며 , 질서 유지를 위해 안내요원이 관람을 제지할 수 있습니다 . ◎ 유의사항 - 공식 티켓 판매처인 티켓링크 티켓을 제외한 기타 경로 및 방법을 통한 암표 매매는 위법 행위로 엄격히 금지하고 있습니다 . - 불법 예매 또는 부정 거래로 확인된 회원의 경우 이후 진행되는 행사 예매가 불가하도록 조치할 예정입니다 . - 취소와 환불은 티켓링크의 규정을 준수합니다 .(* 취소 마감시간 : 공연 전일 17 시 ) - 플래시와 삼각대는 사용이 불가합니다 . - 공연 당일 오후 4 시 기상청 기준 5mm 이상 우천 예보 시 공연이 취소될 수 있으며 , 이 경우 예매자에게 개별 안내해드릴 예정입니다 . - 본 공연은 만 7 세 이상 관람가로 미취학 아동의 관람이 제한됩니다 . - 경복궁 내 모든 공간은 금연구역입니다 . - 문화재 보호 구역으로 음식물 , 인화물질 , 놀이기구의 반입이 제한됩니다 . 티켓 및 행사문의 : 한국문화재재단 궁능활용프로그램 콜센터 (1522-2295)",https://www.kh.or.kr/program/view/menu/1292?viewType=ach&idx=446&searchRound=20&searchStTime=&searchEnTime=&searchField=homeAll&searchText=,https://www.kh.or.kr/jnrepo/upload/jnPrgFestivalProgram/202403/102eb4669d3c40a485284d98e712b95c_1711525766656.jpg,근정전,0,1,1,1,1,0,0,1,1,1,고궁음악회-100인의 치세지음 治世之音,공연,https://www.kh.or.kr/jnrepo/upload/jnPrgFestivalProgram/202403/102eb4669d3c40a485284d98e712b95c_1711525766656.jpg,고궁음악회-100인의 치세지음 治世之音,공연,공연,사전예약,https://www.kh.or.kr/jnrepo/upload/jnPrgFestivalProgram/202403/102eb4669d3c40a485284d98e712b95c_1711525766656.jpg
20,10회,445,"고궁뮤지컬-세종, 1446","고궁뮤지컬-세종, 1446","고궁뮤지컬-세종, 1446",종료,공연,관람형,사전예약,1,0,0,2024-04-28~2024-04-30,2024-04-28,2024-04-30,3,2024,4,봄,19:30~21:20,"일,월,화 19:30 ~ 21:20",1,19:30,21:20,,경복궁,경복궁,경복궁 근정전,경복궁 근정전,경복궁,,한국문화재재단 궁능활용사업 콜센터(1522-2295),"2024 봄 궁중문화축전 고궁뮤지컬 - 세종 , 1446 역사상 가장 위대한 여정 뮤지컬 < 세종 , 1446> 경복궁 근정전 특별공연 2024 년 봄 , 경복궁 근정전에서 펼쳐지는 세종과 백성의 이야기 ! 2017 년 리저널 트라이아웃 공연 2018 년 영국 웨스트엔드 앤드류 로이드 웨버 The Other Place 쇼케이스 2018 년 초연 , 전 회차 전석 기립박수 ! 2019 년 한국뮤지컬어워즈 대상 노미네이트 2023 년 국내 최초 , 경복궁 근정전 고궁뮤지컬 박진감 넘치는 액션 , 강렬한 군무 < 세종 1446> 만의 특별한 넘버 ! 이야기의 백미를 더하는 ‘ 도창 ’ 해설과 오리지널 캐스트 정상윤 , 박유덕 , 남경주 등 80 여명의 출연진이 함께합니다 . 단 3 회 , 잊지 못할 감동의 시간으로 여러분을 초대합니다 . 2024 년 4 월 5 일 ( 금 ) 17 시 티켓링크 * 관람권 : ( 선착순 유료 20,000 원 ) / 한 ID 당 최대 4 매 예약가능 공연 안내 - 일 자 : 2024. 4. 28.( 일 )~4. 30.( 화 ) - 시 간 : 19:30~21:20(110 분 공연 ) - 장 소 : 경복궁 근정전 - 참여인원 : 회당 800 명 ( 사전예약 ) - 공연내용 : 고궁뮤지컬 - 세종 , 1446 - 접수데스크 : 경복궁 협생문 앞 안내데스크 * 공연일 18:40 부터 접수 시작 [ 예매정보 ] - 예매오픈 : 2024 년 4 월 5 일 ( 금 ) 17 시 - 예매매수 : ID 당 최대 4 매 - 예매마감 : 관람일 전일 17 시 - 취소마감 : 관람일 전일 17 시 ( 취소수수료 없음 / 취소마감일 이후 취소 불가 ) [ 안내사항 ] - 전 좌석 동일등급 지정좌석제입니다 . - 할인권 및 전화예매 : 현장에서 신분증 및 증빙서류 확인 후 입장 가능하며 양도불가 ( 예매자 혹은 할인해당자 필수 참석 ) - 사전예약자는 모바일티켓 ( 스마트티켓 ) 확인 후 입장해주시기 바랍니다 . - 취학 아동 이상 관람 가능합니다 . [ 할인정보 ] - 할인정보 : 장애인 50% 할인 (1~3 급 : 본인 포함 2 인 / 4 급이하 : 본인 한정 ), 국가유공자 본인 한정 50% 할인 - 전화예매 : 만 65 세 이상 , 장애인 , 국가유공자 대상 ( 티켓링크 고객센터 : 1588-7890) * 현장에서 증빙자료를 확인할 예정이오니 신분증 ( 국가유공자증 , 장애인 복지카드 등 ) 을 반드시 지참하여 주시기 바랍니다 . [ 프로그램 소개 ] < 고궁뮤지컬 - 세종 , 1446> 경복궁 근정전 특별공연 2024 년 봄 , 경복궁에서 펼쳐지는 세종과 백성들의 이야기 ★★★★★ “ 곱씹을수록 뜻깊은 작품 ” / TV 데일리 “ 애민군주 세종의 인간적 면모 , 한국적인 선율로 풀어낸 노랫말 "" / 한겨레 ” 영화의 한 장면을 연상케 하는 무술연기 , 서정적인 음악 , 화려한 의상은 관객의 눈과 귀를 즐겁게 했다 ” / 한국스포츠경제 “ 한국의 문화를 너무나 아름답게 표현한 뮤지컬 , 지루할 틈 없이 재밌다 ” / 관객리뷰 "" 이게 바로 뮤지컬이구나 "" 할 정도로 좋았다 ! / 콜리엣 샴버그 ( 영국 극작가 ) 태종 18 년 , 세자가 선위를 받고 왕위에 오르다 왕이 될 수 없었던 꼭두각시 왕 , 세종 세종 28 년 , 스물여덟 자에 조선을 바로 세우다 1446 년 세종은 눈을 잃고 백성은 눈을 뜨다 ! [ 줄거리 ] 1418 년 , 태종은 세자 양녕을 폐하고 충녕 ( 세종 ) 을 세자 자리에 올린다 . 태종이 선위를 하면서 어리둥절한 사이에 왕이 된 세종 . 태종은 세종의 뒤에서 대신들을 조정하며 정치의 끈을 놓지 않고 있다 . 평소 외척세력이 커지는 것을 경계했던 태종의 눈에 세종의 장인인 심온을 따르는 무리가 늘어나는 것이 포착되고 , 심온은 조작된 사건에 연루되어 죽임을 당한다 . 게다가 소헌왕후마저 죄인의 딸이라며 내쳐질 위기에 처하자 세종은 자신만의 정치를 하기 위해 아버지에게 맞선다 . 성군이 되고자 하는 세종 앞에는 수많은 걸림돌이 놓여 있는데 … . [ 출연진 ] 일정 세종 태종 소헌 전해운 양녕 / 영실 운검 도창 4. 28. 박유덕 남경주 김지유 이준혁 황민수 이지석 이봉근 4. 29. 정상윤 남경주 박소연 이준혁 김준영 이지석 이봉근 4. 30. 박유덕 김주호 박소연 이준혁 황민수 이지석 이봉근 < 만든이들 > 프로듀서 한승원 김종석 극본 김선미 작곡 / 연출 김은영 작곡 / 음악감독 임세영 안무 채현원 무술 김은정 무대디자인 김대한 소품디자인 김정란 의상디자인 이호준 분장디자인 김숙희 조명디자인 김준범 음향디자인 김주한 무대감독 진정민 제작무대감독 김유신 제작 PD 이범로 커뮤니케이션 이민영 ○ 세종 "" 나는 택하지 않았던 , 그 길 "" - 정상윤 , 박유덕 ○ 태종 "" 군주의 역린을 건드리면 어찌되는지 똑똑히 보아라 "" - 남경주 , 김주호 ○ 소헌왕후 "" 전하의 뜻이 길을 밝힐 것이옵니다 ."" - 박소연 , 김지유 ○ 전해운 "" 차가운 불길이 되어 이제 조선의 모든걸 집어 삼키리라 "" - 이준혁 ○ 양녕 "" 여인과 술이 아니고서는 이 피비린내를 어찌 견디란 말이냐 "" - 김준영 , 황민수 ○ 장영실 "" 천하게 태어나 큰 뜻을 품었으니 이 어찌 아니 기쁠까 "" - 김준영 , 황민수 ○ 운검 “ 조선을 지키는 검 ” - 이지석 ○ 도창 – 이봉근 오시는길 서울 종로구 사직로 161 경복궁 근정전 ※ 입 · 퇴장 게이트 및 접수데스크 : 경복궁 협생문 옆 안내데스크 경복궁 주차장을 이용하실 수 있으나 ( 유료 ) 협소하오니 , 대중교통 이용을 권장합니다 . ( 지하철 3 호선 경복궁역 5 번 출구 ) 입장 안내 - 티켓 수령 시간 : 18:40~19:15 - 입장장소 : 경복궁 협생문 앞 안내데스크 - 사전예약자는 모바일티켓 ( 스마트티켓 ) 확인 후 입장해주시기 바랍니다 . - 티켓부스 예매자 확인 후 경복궁 흥례문 광장에서 안내요원을 따라 입장이 진행됩니다 . - 모두의 안전을 위해 질서를 준수하여 주시기 바라며 , 질서 유지를 위해 안내요원이 관람을 제지할 수 있습니다 . 사전예매 안내 - 사전예매 : 2024 년 4 월 5 일 ( 금 ) 17 시 - 예매매수 : ID 당 최대 4 매 - 티켓가격 : 20,000 원 유의사항 - 전 좌석 동일등급 지정좌석제입니다 . - 할인권 및 전화예매 : 현장에서 신분증 및 증빙서류 확인 후 입장 가능하며 양도가 불가합니다 .( 예매자 혹은 할인해당자 필수 참석 ) - 사전예약자는 모바일티켓 ( 스마트티켓 ) 확인 후 입장해주시기 바랍니다 . - 취학 아동 이상 관람 가능합니다 . ◎ 전화예매 안내 ( 할인권 ) - 할인권 예매는 전화예매만 가능하며 , 할인권은 양도가 불가능합니다 . ( 예매자 필수 참석 ) - 전화예매 : 만 65 세 이상 , 장애인 , 국가유공자 대상 ( 티켓링크 고객센터 : 1588-7890) - 할인정보 : 장애인 50% 할인 (1~3 급 : 본인 포함 2 인 / 4 급 이하 : 본인 한정 ), 국가유공자 본인 한정 50% 할인 - 현장에서 증빙자료를 확인할 예정이오니 신분증 ( 국가유공자증 , 장애인 복지카드 등 ) 을 반드시 지참하여 주시기 바랍니다 . - 현장에서 증빙서류를 지참하지 않거나 할인기준과 다른 경우 참가가 취소 조치되며 , 별도의 환불이 불가함을 알려드립니다 . ◎ 티켓 수령 및 입장 - 수령일시 : 공연일 당일 18:40~19:15( 예매자 별도 공지 ) - 수령장소 : 경복궁 협생문 앞 안내데스크 - 행사가 진행되는 근정전은 경복궁 안쪽에 자리하고 있어 도보로 수분 이상 소요되므로 이 점 미리 참고하여 되도록 행사 시작 30 분 전에 도착해주시기 바랍니다 . - 경복궁 내 주차 공간이 협소하오니 대중교통 이용을 권고 드립니다 . - 티켓부스 예매자 확인 후 경복궁 흥례문 광장에서 안내요원을 따라 입장이 진행됩니다 . - 모두의 안전을 위해 질서를 준수하여 주시기 바라며 , 질서 유지를 위해 안내요원이 관람을 제지할 수 있습니다 . ◎ 유의사항 - 공식 티켓 판매처인 티켓링크 티켓을 제외한 기타 경로 및 방법을 통한 암표 매매는 위법 행위로 엄격히 금지하고 있습니다 . - 불법 예매 또는 부정 거래로 확인된 회원의 경우 이후 진행되는 행사 예매가 불가하도록 조치할 예정입니다 . - 취소와 환불은 티켓링크의 규정을 준수합니다 .(* 취소 마감시간 : 공연 전일 17 시 ) - 공연 중 영상을 포함한 모든 사진 촬영과 음성 녹음은 금지되어 있습니다 . - 공연 당일 오후 4 시 기상청 기준 5mm 이상 우천 예보 시 공연이 취소될 수 있으며 , 이 경우 예매자에게 개별 안내해드릴 예정입니다 . - 본 공연은 만 7 세 이상 관람가로 미취학 아동의 관람이 제한됩니다 . - 경복궁 내 모든 공간은 금연구역입니다 . - 문화재 보호 구역으로 음식물 , 인화물질 , 놀이기구의 반입이 제한됩니다 . 티켓 및 행사문의 : 한국문화재재단 궁능활용프로그램 콜센터 (1522-2295)",https://www.kh.or.kr/program/view/menu/1292?viewType=ach&idx=445&searchRound=20&searchStTime=&searchEnTime=&searchField=homeAll&searchText=,https://www.kh.or.kr/jnrepo/upload/jnPrgFestivalProgram/202403/6b772a603ef04865b72646a7a7365c8d_1711524869977.jpg,세종,0,1,0,1,1,1,0,1,1,1,"고궁뮤지컬-세종, 1446",공연,https://www.kh.or.kr/jnrepo/upload/jnPrgFestivalProgram/202403/6b772a603ef04865b72646a7a7365c8d_1711524869977.jpg,"고궁뮤지컬-세종, 1446",공연,공연,사전예약,https://www.kh.or.kr/jnrepo/upload/jnPrgFestivalProgram/202403/6b772a603ef04865b72646a7a7365c8d_1711524869977.jpg
20,10회,435,궁중문화축전 스탬프 투어,스탬프 투어,스탬프 투어,종료,체험,참여형,현장참여,0,1,0,2024-04-27~2024-05-05,2024-04-27,2024-05-05,9,2024,4,봄,09:00~18:00,"일,월,화,수,목,금,토 09:00 ~ 18:00",1,09:00,18:00,,경복궁,경복궁,"경복궁, 창덕궁, 덕수궁, 창경궁, 경희궁, 종묘","경복궁, 창덕궁, 덕수궁, 창경궁, 경희궁, 종묘","경복궁, 창덕궁, 덕수궁, 창경궁, 경희궁, 종묘",,,"2024 년 봄 궁중문화축전 스탬프 투어 5 대 궁과 종묘를 잇는 궁중문화축전 전용 스탬프 투어 프로그램 ○ 참여기간 : 2024. 4. 27. ~ 5. 5. ○ 참여방법 ① 앱 설치 및 로그인 - 구글 스토어 또는 앱스토어에서 ‘ 스탬프투어 ’ 를 검색하여 설치하고 , 회원가입 및 로그인 하기 (안드로이드 전용) 구글 플레이 스토어 다운로드 (아이폰 전용) 앱스토어 다운로드 ② ‘ 궁중문화축전 ’ 검색 - ‘ 궁중문화축전 스탬프 투어 ’ 검색하기 ③ 궁중문화축전 주요 스팟 20 곳 방문 후 스탬프 획득 ④ 완주 후 선물 신청 버튼을 누르고 개인 정보 입력 & 앱 내 후기 작성 - 선물 신청 시 완주자 대상 특별 이벤트 응모권 획득 ! ⑤ 궁중문화축전 종합안내부스에서 완주 기념품 현장 수령 ♥ 완주 기념품 안내 ♥ 궁중문화축전 모두의 풍속도 스티커 SET(3,000 원 상당 ) ♥ 완주 기념품 수령처 ♥ 1) 경복궁 흥례문 광장 내 종합안내부스 2) 창덕궁 돈화문 앞 종합안내부스 3) 덕수궁 광명문 앞 종합안내부스 4) 창경궁 홍화문 앞 종합안내부스 5) 북촌 코너갤러리 ♣ 완주자 대상 특별 이벤트 ♣ 행사 종료 후 스탬프투어를 완주해 주신 모든 분들 중 추첨을 통해 5 만원 상당의 모바일 상품권을 선물로 드립니다 ! ( 추첨 20 명 / 모바일 발송 ) * 당첨자 발표일 : 2024. 5. 10.( 금 ) * 궁중문화축전 인스타그램 당첨자 공지 및 개별 연락 예정입니다 . ○ 주의사항 - 궁별 입장료는 별도입니다 . - ‘ 스탬프 투어 ’ 앱 내에서 선물 신청 버튼을 눌러야 완주가 인정됩니다 . - 완주 기념품은 축전 기간 내 지정된 수령처에서만 지급 가능합니다 . - 기념품 중복 수령은 불가하며 1 인 1 회 참여만 가능합니다 . - 4 월 27 일 이후에 획득한 스탬프만 인정되며 , 이전에 획득한 스탬프는 인정되지 않습니다 . - 준비된 기념품 수량 소진 시 조기 마감될 수 있습니다 . - 완주자 대상 특별 이벤트 선물은 당첨자 발표 후 7 일 이내에 발송될 예정입니다 . - 부정 사용 시스템 적발 시 기념품 지급이 제외됩니다 . ☎ 행사문의 : 한국문화재재단 궁능활용사업 콜센터 1522-2295",https://www.kh.or.kr/program/view/menu/1292?viewType=ach&idx=435&searchRound=20&searchStTime=&searchEnTime=&searchField=homeAll&searchText=,https://www.kh.or.kr/jnrepo/upload/jnPrgFestivalProgram/202403/688a1474c59747f2978f1f634085a28a_1711161606712.jpg,향원지,1,0,0,0,0,1,0,0,1,1,궁중문화축전 스탬프 투어,체험,https://www.kh.or.kr/jnrepo/upload/jnPrgFestivalProgram/202403/688a1474c59747f2978f1f634085a28a_1711161606712.jpg,궁중문화축전 스탬프 투어,체험,체험,현장참여,https://www.kh.or.kr/jnrepo/upload/jnPrgFestivalProgram/202403/688a1474c59747f2978f1f634085a28a_1711161606712.jpg
20,10회,436,궁중문화축전 스탬프 투어,스탬프 투어,스탬프 투어,종료,체험,참여형,현장참여,0,1,0,2024-04-27~2024-05-05,2024-04-27,2024-05-05,9,2024,4,봄,09:00~18:00,"일,월,화,수,목,금,토 09:00 ~ 18:00",1,09:00,18:00,,창덕궁,창덕궁,"경복궁, 창덕궁, 덕수궁, 창경궁, 경희궁, 종묘","경복궁, 창덕궁, 덕수궁, 창경궁, 경희궁, 종묘","경복궁, 창덕궁, 덕수궁, 창경궁, 경희궁, 종묘",,,"2024 년 봄 궁중문화축전 스탬프 투어 5 대 궁과 종묘를 잇는 궁중문화축전 전용 스탬프 투어 프로그램 ○ 참여기간 : 2024. 4. 27. ~ 5. 5. ○ 참여방법 ① 앱 설치 및 로그인 - 구글 스토어 또는 앱스토어에서 ‘ 스탬프투어 ’ 를 검색하여 설치하고 , 회원가입 및 로그인 하기 (안드로이드 전용) 구글 플레이 스토어 다운로드 (아이폰 전용) 앱스토어 다운로드 ② ‘ 궁중문화축전 ’ 검색 - ‘ 궁중문화축전 스탬프 투어 ’ 검색하기 ③ 궁중문화축전 주요 스팟 20 곳 방문 후 스탬프 획득 ④ 완주 후 선물 신청 버튼을 누르고 개인 정보 입력 & 앱 내 후기 작성 - 선물 신청 시 완주자 대상 특별 이벤트 응모권 획득 ! ⑤ 궁중문화축전 종합안내부스에서 완주 기념품 현장 수령 ♥ 완주 기념품 안내 ♥ 궁중문화축전 모두의 풍속도 스티커 SET(3,000 원 상당 ) ♥ 완주 기념품 수령처 ♥ 1) 경복궁 흥례문 광장 내 종합안내부스 2) 창덕궁 돈화문 앞 종합안내부스 3) 덕수궁 광명문 앞 종합안내부스 4) 창경궁 홍화문 앞 종합안내부스 5) 북촌 코너갤러리 ♣ 완주자 대상 특별 이벤트 ♣ 행사 종료 후 스탬프투어를 완주해 주신 모든 분들 중 추첨을 통해 5 만원 상당의 모바일 상품권을 선물로 드립니다 ! ( 추첨 20 명 / 모바일 발송 ) * 당첨자 발표일 : 2024. 5. 10.( 금 ) * 궁중문화축전 인스타그램 당첨자 공지 및 개별 연락 예정입니다 . ○ 주의사항 - 궁별 입장료는 별도입니다 . - ‘ 스탬프 투어 ’ 앱 내에서 선물 신청 버튼을 눌러야 완주가 인정됩니다 . - 완주 기념품은 축전 기간 내 지정된 수령처에서만 지급 가능합니다 . - 기념품 중복 수령은 불가하며 1 인 1 회 참여만 가능합니다 . - 4 월 27 일 이후에 획득한 스탬프만 인정되며 , 이전에 획득한 스탬프는 인정되지 않습니다 . - 준비된 기념품 수량 소진 시 조기 마감될 수 있습니다 . - 완주자 대상 특별 이벤트 선물은 당첨자 발표 후 7 일 이내에 발송될 예정입니다 . - 부정 사용 시스템 적발 시 기념품 지급이 제외됩니다 . ☎ 행사문의 : 한국문화재재단 궁능활용사업 콜센터 1522-2295",https://www.kh.or.kr/program/view/menu/1292?viewType=ach&idx=436&searchRound=20&searchStTime=&searchEnTime=&searchField=homeAll&searchText=,https://www.kh.or.kr/jnrepo/upload/jnPrgFestivalProgram/202403/79267a910ae147d7b28677401f644322_1711163064826.jpg,향원지,1,0,0,0,0,1,0,0,1,1,궁중문화축전 스탬프 투어,체험,https://www.kh.or.kr/jnrepo/upload/jnPrgFestivalProgram/202403/79267a910ae147d7b28677401f644322_1711163064826.jpg,궁중문화축전 스탬프 투어,체험,체험,현장참여,https://www.kh.or.kr/jnrepo/upload/jnPrgFestivalProgram/202403/79267a910ae147d7b28677401f644322_1711163064826.jpg
20,10회,437,궁중문화축전 스탬프 투어,스탬프 투어,스탬프 투어,종료,체험,참여형,현장참여,0,1,0,2024-04-27~2024-05-05,2024-04-27,2024-05-05,9,2024,4,봄,09:00~18:00,"일,월,화,수,목,금,토 09:00 ~ 18:00",1,09:00,18:00,,덕수궁,덕수궁,"경복궁, 창덕궁, 덕수궁, 창경궁, 경희궁, 종묘","경복궁, 창덕궁, 덕수궁, 창경궁, 경희궁, 종묘","경복궁, 창덕궁, 덕수궁, 창경궁, 경희궁, 종묘",,,"2024 년 봄 궁중문화축전 스탬프 투어 5 대 궁과 종묘를 잇는 궁중문화축전 전용 스탬프 투어 프로그램 ○ 참여기간 : 2024. 4. 27. ~ 5. 5. ○ 참여방법 ① 앱 설치 및 로그인 - 구글 스토어 또는 앱스토어에서 ‘ 스탬프투어 ’ 를 검색하여 설치하고 , 회원가입 및 로그인 하기 (안드로이드 전용) 구글 플레이 스토어 다운로드 (아이폰 전용) 앱스토어 다운로드 ② ‘ 궁중문화축전 ’ 검색 - ‘ 궁중문화축전 스탬프 투어 ’ 검색하기 ③ 궁중문화축전 주요 스팟 20 곳 방문 후 스탬프 획득 ④ 완주 후 선물 신청 버튼을 누르고 개인 정보 입력 & 앱 내 후기 작성 - 선물 신청 시 완주자 대상 특별 이벤트 응모권 획득 ! ⑤ 궁중문화축전 종합안내부스에서 완주 기념품 현장 수령 ♥ 완주 기념품 안내 ♥ 궁중문화축전 모두의 풍속도 스티커 SET(3,000 원 상당 ) ♥ 완주 기념품 수령처 ♥ 1) 경복궁 흥례문 광장 내 종합안내부스 2) 창덕궁 돈화문 앞 종합안내부스 3) 덕수궁 광명문 앞 종합안내부스 4) 창경궁 홍화문 앞 종합안내부스 5) 북촌 코너갤러리 ♣ 완주자 대상 특별 이벤트 ♣ 행사 종료 후 스탬프투어를 완주해 주신 모든 분들 중 추첨을 통해 5 만원 상당의 모바일 상품권을 선물로 드립니다 ! ( 추첨 20 명 / 모바일 발송 ) * 당첨자 발표일 : 2024. 5. 10.( 금 ) * 궁중문화축전 인스타그램 당첨자 공지 및 개별 연락 예정입니다 . ○ 주의사항 - 궁별 입장료는 별도입니다 . - ‘ 스탬프 투어 ’ 앱 내에서 선물 신청 버튼을 눌러야 완주가 인정됩니다 . - 완주 기념품은 축전 기간 내 지정된 수령처에서만 지급 가능합니다 . - 기념품 중복 수령은 불가하며 1 인 1 회 참여만 가능합니다 . - 4 월 27 일 이후에 획득한 스탬프만 인정되며 , 이전에 획득한 스탬프는 인정되지 않습니다 . - 준비된 기념품 수량 소진 시 조기 마감될 수 있습니다 . - 완주자 대상 특별 이벤트 선물은 당첨자 발표 후 7 일 이내에 발송될 예정입니다 . - 부정 사용 시스템 적발 시 기념품 지급이 제외됩니다 . ☎ 행사문의 : 한국문화재재단 궁능활용사업 콜센터 1522-2295",https://www.kh.or.kr/program/view/menu/1292?viewType=ach&idx=437&searchRound=20&searchStTime=&searchEnTime=&searchField=homeAll&searchText=,https://www.kh.or.kr/jnrepo/upload/jnPrgFestivalProgram/202403/6c260495a1e1496cbc50132edd601ec5_1711162988324.jpg,향원지,1,0,0,0,0,1,0,0,1,1,궁중문화축전 스탬프 투어,체험,https://www.kh.or.kr/jnrepo/upload/jnPrgFestivalProgram/202403/6c260495a1e1496cbc50132edd601ec5_1711162988324.jpg,궁중문화축전 스탬프 투어,체험,체험,현장참여,https://www.kh.or.kr/jnrepo/upload/jnPrgFestivalProgram/202403/6c260495a1e1496cbc50132edd601ec5_1711162988324.jpg
20,10회,438,궁중문화축전 스탬프 투어,스탬프 투어,스탬프 투어,종료,체험,참여형,현장참여,0,1,0,2024-04-27~2024-05-05,2024-04-27,2024-05-05,9,2024,4,봄,09:00~18:00,"일,월,화,수,목,금,토 09:00 ~ 18:00",1,09:00,18:00,,창경궁,창경궁,"경복궁, 창덕궁, 덕수궁, 창경궁, 경희궁, 종묘","경복궁, 창덕궁, 덕수궁, 창경궁, 경희궁, 종묘","경복궁, 창덕궁, 덕수궁, 창경궁, 경희궁, 종묘",,,"2024 년 봄 궁중문화축전 스탬프 투어 5 대 궁과 종묘를 잇는 궁중문화축전 전용 스탬프 투어 프로그램 ○ 참여기간 : 2024. 4. 27. ~ 5. 5. ○ 참여방법 ① 앱 설치 및 로그인 - 구글 스토어 또는 앱스토어에서 ‘ 스탬프투어 ’ 를 검색하여 설치하고 , 회원가입 및 로그인 하기 (안드로이드 전용) 구글 플레이 스토어 다운로드 (아이폰 전용) 앱스토어 다운로드 ② ‘ 궁중문화축전 ’ 검색 - ‘ 궁중문화축전 스탬프 투어 ’ 검색하기 ③ 궁중문화축전 주요 스팟 20 곳 방문 후 스탬프 획득 ④ 완주 후 선물 신청 버튼을 누르고 개인 정보 입력 & 앱 내 후기 작성 - 선물 신청 시 완주자 대상 특별 이벤트 응모권 획득 ! ⑤ 궁중문화축전 종합안내부스에서 완주 기념품 현장 수령 ♥ 완주 기념품 안내 ♥ 궁중문화축전 모두의 풍속도 스티커 SET(3,000 원 상당 ) ♥ 완주 기념품 수령처 ♥ 1) 경복궁 흥례문 광장 내 종합안내부스 2) 창덕궁 돈화문 앞 종합안내부스 3) 덕수궁 광명문 앞 종합안내부스 4) 창경궁 홍화문 앞 종합안내부스 5) 북촌 코너갤러리 ♣ 완주자 대상 특별 이벤트 ♣ 행사 종료 후 스탬프투어를 완주해 주신 모든 분들 중 추첨을 통해 5 만원 상당의 모바일 상품권을 선물로 드립니다 ! ( 추첨 20 명 / 모바일 발송 ) * 당첨자 발표일 : 2024. 5. 10.( 금 ) * 궁중문화축전 인스타그램 당첨자 공지 및 개별 연락 예정입니다 . ○ 주의사항 - 궁별 입장료는 별도입니다 . - ‘ 스탬프 투어 ’ 앱 내에서 선물 신청 버튼을 눌러야 완주가 인정됩니다 . - 완주 기념품은 축전 기간 내 지정된 수령처에서만 지급 가능합니다 . - 기념품 중복 수령은 불가하며 1 인 1 회 참여만 가능합니다 . - 4 월 27 일 이후에 획득한 스탬프만 인정되며 , 이전에 획득한 스탬프는 인정되지 않습니다 . - 준비된 기념품 수량 소진 시 조기 마감될 수 있습니다 . - 완주자 대상 특별 이벤트 선물은 당첨자 발표 후 7 일 이내에 발송될 예정입니다 . - 부정 사용 시스템 적발 시 기념품 지급이 제외됩니다 . ☎ 행사문의 : 한국문화재재단 궁능활용사업 콜센터 1522-2295",https://www.kh.or.kr/program/view/menu/1292?viewType=ach&idx=438&searchRound=20&searchStTime=&searchEnTime=&searchField=homeAll&searchText=,https://www.kh.or.kr/jnrepo/upload/jnPrgFestivalProgram/202403/2840a5e9eb2d43dfb6db0b83c88a6f9a_1711162950379.jpg,창경궁,1,0,0,0,0,1,0,0,1,1,궁중문화축전 스탬프 투어,체험,https://www.kh.or.kr/jnrepo/upload/jnPrgFestivalProgram/202403/2840a5e9eb2d43dfb6db0b83c88a6f9a_1711162950379.jpg,궁중문화축전 스탬프 투어,체험,체험,현장참여,https://www.kh.or.kr/jnrepo/upload/jnPrgFestivalProgram/202403/2840a5e9eb2d43dfb6db0b83c88a6f9a_1711162950379.jpg
20,10회,439,궁중문화축전 스탬프 투어,스탬프 투어,스탬프 투어,종료,체험,참여형,현장참여,0,1,0,2024-04-27~2024-05-05,2024-04-27,2024-05-05,9,2024,4,봄,09:00~18:00,"일,월,화,수,목,금,토 09:00 ~ 18:00",1,09:00,18:00,,경희궁,경희궁,"경복궁, 창덕궁, 덕수궁, 창경궁, 경희궁, 종묘","경복궁, 창덕궁, 덕수궁, 창경궁, 경희궁, 종묘","경복궁, 창덕궁, 덕수궁, 창경궁, 경희궁, 종묘",,,"2024 년 봄 궁중문화축전 스탬프 투어 5 대 궁과 종묘를 잇는 궁중문화축전 전용 스탬프 투어 프로그램 ○ 참여기간 : 2024. 4. 27. ~ 5. 5. ○ 참여방법 ① 앱 설치 및 로그인 - 구글 스토어 또는 앱스토어에서 ‘ 스탬프투어 ’ 를 검색하여 설치하고 , 회원가입 및 로그인 하기 (안드로이드 전용) 구글 플레이 스토어 다운로드 (아이폰 전용) 앱스토어 다운로드 ② ‘ 궁중문화축전 ’ 검색 - ‘ 궁중문화축전 스탬프 투어 ’ 검색하기 ③ 궁중문화축전 주요 스팟 20 곳 방문 후 스탬프 획득 ④ 완주 후 선물 신청 버튼을 누르고 개인 정보 입력 & 앱 내 후기 작성 - 선물 신청 시 완주자 대상 특별 이벤트 응모권 획득 ! ⑤ 궁중문화축전 종합안내부스에서 완주 기념품 현장 수령 ♥ 완주 기념품 안내 ♥ 궁중문화축전 모두의 풍속도 스티커 SET(3,000 원 상당 ) ♥ 완주 기념품 수령처 ♥ 1) 경복궁 흥례문 광장 내 종합안내부스 2) 창덕궁 돈화문 앞 종합안내부스 3) 덕수궁 광명문 앞 종합안내부스 4) 창경궁 홍화문 앞 종합안내부스 5) 북촌 코너갤러리 ♣ 완주자 대상 특별 이벤트 ♣ 행사 종료 후 스탬프투어를 완주해 주신 모든 분들 중 추첨을 통해 5 만원 상당의 모바일 상품권을 선물로 드립니다 ! ( 추첨 20 명 / 모바일 발송 ) * 당첨자 발표일 : 2024. 5. 10.( 금 ) * 궁중문화축전 인스타그램 당첨자 공지 및 개별 연락 예정입니다 . ○ 주의사항 - 궁별 입장료는 별도입니다 . - ‘ 스탬프 투어 ’ 앱 내에서 선물 신청 버튼을 눌러야 완주가 인정됩니다 . - 완주 기념품은 축전 기간 내 지정된 수령처에서만 지급 가능합니다 . - 기념품 중복 수령은 불가하며 1 인 1 회 참여만 가능합니다 . - 4 월 27 일 이후에 획득한 스탬프만 인정되며 , 이전에 획득한 스탬프는 인정되지 않습니다 . - 준비된 기념품 수량 소진 시 조기 마감될 수 있습니다 . - 완주자 대상 특별 이벤트 선물은 당첨자 발표 후 7 일 이내에 발송될 예정입니다 . - 부정 사용 시스템 적발 시 기념품 지급이 제외됩니다 . ☎ 행사문의 : 한국문화재재단 궁능활용사업 콜센터 1522-2295",https://www.kh.or.kr/program/view/menu/1292?viewType=ach&idx=439&searchRound=20&searchStTime=&searchEnTime=&searchField=homeAll&searchText=,https://www.kh.or.kr/jnrepo/upload/jnPrgFestivalProgram/202403/c927b56e0e1a4271b7be6ed14482e61a_1711161806410.jpg,향원지,1,0,0,0,0,1,0,0,1,1,궁중문화축전 스탬프 투어,체험,https://www.kh.or.kr/jnrepo/upload/jnPrgFestivalProgram/202403/c927b56e0e1a4271b7be6ed14482e61a_1711161806410.jpg,궁중문화축전 스탬프 투어,체험,체험,현장참여,https://www.kh.or.kr/jnrepo/upload/jnPrgFestivalProgram/202403/c927b56e0e1a4271b7be6ed14482e61a_1711161806410.jpg
20,10회,440,궁중문화축전 스탬프 투어,스탬프 투어,스탬프 투어,종료,체험,참여형,현장참여,0,1,0,2024-04-27~2024-05-05,2024-04-27,2024-05-05,9,2024,4,봄,09:00~18:00,"일,월,화,수,목,금,토 09:00 ~ 18:00",1,09:00,18:00,,종묘,종묘,"경복궁, 창덕궁, 덕수궁, 창경궁, 경희궁, 종묘","경복궁, 창덕궁, 덕수궁, 창경궁, 경희궁, 종묘","경복궁, 창덕궁, 덕수궁, 창경궁, 경희궁, 종묘",,,"2024 년 봄 궁중문화축전 스탬프 투어 5 대 궁과 종묘를 잇는 궁중문화축전 전용 스탬프 투어 프로그램 ○ 참여기간 : 2024. 4. 27. ~ 5. 5. ○ 참여방법 ① 앱 설치 및 로그인 - 구글 스토어 또는 앱스토어에서 ‘ 스탬프투어 ’ 를 검색하여 설치하고 , 회원가입 및 로그인 하기 (안드로이드 전용) 구글 플레이 스토어 다운로드 (아이폰 전용) 앱스토어 다운로드 ② ‘ 궁중문화축전 ’ 검색 - ‘ 궁중문화축전 스탬프 투어 ’ 검색하기 ③ 궁중문화축전 주요 스팟 20 곳 방문 후 스탬프 획득 ④ 완주 후 선물 신청 버튼을 누르고 개인 정보 입력 & 앱 내 후기 작성 - 선물 신청 시 완주자 대상 특별 이벤트 응모권 획득 ! ⑤ 궁중문화축전 종합안내부스에서 완주 기념품 현장 수령 ♥ 완주 기념품 안내 ♥ 궁중문화축전 모두의 풍속도 스티커 SET(3,000 원 상당 ) ♥ 완주 기념품 수령처 ♥ 1) 경복궁 흥례문 광장 내 종합안내부스 2) 창덕궁 돈화문 앞 종합안내부스 3) 덕수궁 광명문 앞 종합안내부스 4) 창경궁 홍화문 앞 종합안내부스 5) 북촌 코너갤러리 ♣ 완주자 대상 특별 이벤트 ♣ 행사 종료 후 스탬프투어를 완주해 주신 모든 분들 중 추첨을 통해 5 만원 상당의 모바일 상품권을 선물로 드립니다 ! ( 추첨 20 명 / 모바일 발송 ) * 당첨자 발표일 : 2024. 5. 10.( 금 ) * 궁중문화축전 인스타그램 당첨자 공지 및 개별 연락 예정입니다 . ○ 주의사항 - 궁별 입장료는 별도입니다 . - ‘ 스탬프 투어 ’ 앱 내에서 선물 신청 버튼을 눌러야 완주가 인정됩니다 . - 완주 기념품은 축전 기간 내 지정된 수령처에서만 지급 가능합니다 . - 기념품 중복 수령은 불가하며 1 인 1 회 참여만 가능합니다 . - 4 월 27 일 이후에 획득한 스탬프만 인정되며 , 이전에 획득한 스탬프는 인정되지 않습니다 . - 준비된 기념품 수량 소진 시 조기 마감될 수 있습니다 . - 완주자 대상 특별 이벤트 선물은 당첨자 발표 후 7 일 이내에 발송될 예정입니다 . - 부정 사용 시스템 적발 시 기념품 지급이 제외됩니다 . ☎ 행사문의 : 한국문화재재단 궁능활용사업 콜센터 1522-2295",https://www.kh.or.kr/program/view/menu/1292?viewType=ach&idx=440&searchRound=20&searchStTime=&searchEnTime=&searchField=homeAll&searchText=,https://www.kh.or.kr/jnrepo/upload/jnPrgFestivalProgram/202403/ae972a3d9f6d47b4a71de9237a4ac7a0_1711161710099.jpg,종묘,1,0,0,0,0,1,0,0,1,1,궁중문화축전 스탬프 투어,체험,https://www.kh.or.kr/jnrepo/upload/jnPrgFestivalProgram/202403/ae972a3d9f6d47b4a71de9237a4ac7a0_1711161710099.jpg,궁중문화축전 스탬프 투어,체험,체험,현장참여,https://www.kh.or.kr/jnrepo/upload/jnPrgFestivalProgram/202403/ae972a3d9f6d47b4a71de9237a4ac7a0_1711161710099.jpg
13,9회,388,제18회 한국문화재기능인작품전,제18회 한국문화재기능인작품전,제18회 한국문화재기능인작품전,종료,전시,관람형,현장참여,0,1,0,2023-10-13~2023-10-19,2023-10-13,2023-10-19,7,2023,10,가을,09:00~21:30,"일,월,화,목,금,토 09:00 ~ 21:30",1,09:00,21:30,,경복궁,경복궁,흥례문 회랑,흥례문 회랑,경복궁,,,제 18 회 한국문화재기능인작품전 한국문화재기능인작품전은 전통기법과 전통재료를 이용해 제작한 문화재수리기능자들의 개인 작품을 전시·시상하는 행사로 올해로 18회를 맞았다. 문화재수리기능인이 보유한 전통기능과 기술을 뽐낼 수 있는 장을 마련하여 기능향상의 동기를 부여하고 자긍심을 고취하기 위해 진행된다. ㅇ 일시 / 장소 : ( 작품전 ) ‘23. 10. 13.( 일 ) ~ 10. 19.( 화 ) / 경복궁 흥례문 회랑(예정) * 야간 미운영(10. 15.~10. 17.),https://www.kh.or.kr/program/view/menu/1292?viewType=ach&idx=388&searchRound=13&searchStTime=&searchEnTime=&searchField=homeAll&searchText=,https://www.kh.or.kr/jnrepo/upload/jnPrgFestivalProgram/202310/396022b763ee40adbacbc22ef1535b9f_1696404757639.png,한국문화재기능인작품전,0,0,1,0,0,0,0,0,0,0,제18회 한국문화재기능인작품전,전시,https://www.kh.or.kr/jnrepo/upload/jnPrgFestivalProgram/202310/396022b763ee40adbacbc22ef1535b9f_1696404757639.png,제18회 한국문화재기능인작품전,전시,전시,현장참여,https://www.kh.or.kr/jnrepo/upload/jnPrgFestivalProgram/202310/396022b763ee40adbacbc22ef1535b9f_1696404757639.png
13,9회,384,궁중놀이방(경복궁),궁중놀이방(경복궁),궁중놀이방(경복궁),종료,체험,참여형,현장참여,0,1,0,2023-10-13~2023-10-18,2023-10-13,2023-10-18,6,2023,10,가을,11:00~17:00,"일,월,화,수,금,토 11:00 ~ 17:00",1,11:00,17:00,,경복궁,경복궁,경복궁 집경당,경복궁 집경당,경복궁,,,"궁중놀이방(경복궁) 궁중놀이방은 자원활동가 궁(宮)이둥이와 함께하는 소규모 체험과 이벤트 공간입니다. 가장 가까 운 곳에서 궁이둥이를 만나보세요! · 운영시간: 11:00~17:00(준비시간 12:00~1 3:00) * 10. 15.(일) 11:00~13:00 운영 · 운영장소: 경복궁 집경당 · 참여방법: 현장참여(무료)(경복궁 입장료 별도) · 날짜별 운영프로그램 1. 10월 13일(금)~10월 15일(일) ➤ 궁생샷(사진), 전통 매듭 키링 만들기 체험 2. 10월 16일(월)~ 10월 18일(수) ➤ 궁이둥이를 이겨라(전통놀이), 궁퀴즈 3. 공통 프로그램 ➤ 모두의 풍속도 2023 체험(즉석 체험 및 인쇄, 밑그림 채색 등) · 유의사항: 관람객 참여기회 확대 를 위해 참여횟수는 1인 1회로 한정합니다. 준비된 재료가 소진될 경우 조기마감될 수 있습니다.",https://www.kh.or.kr/program/view/menu/1292?viewType=ach&idx=384&searchRound=13&searchStTime=&searchEnTime=&searchField=homeAll&searchText=,https://www.kh.or.kr/jnrepo/upload/jnPrgFestivalProgram/202310/9b9419091087483182fe5a11e2ac34e1_1696851949309.PNG,궁중놀이방,0,0,0,0,0,0,0,0,1,1,궁중놀이방(경복궁),체험,https://www.kh.or.kr/jnrepo/upload/jnPrgFestivalProgram/202310/9b9419091087483182fe5a11e2ac34e1_1696851949309.PNG,궁중놀이방(경복궁),체험,체험,현장참여,https://www.kh.or.kr/jnrepo/upload/jnPrgFestivalProgram/202310/9b9419091087483182fe5a11e2ac34e1_1696851949309.PNG
13,9회,383,궁궐일상모습재현 및 체험-왕가의 산책,궁궐일상모습재현 및 체험-왕가의 산책,궁궐일상모습재현 및 체험-왕가의 산책,종료,공연,관람형,현장참여,0,1,0,2023-10-08~2023-10-13,2023-10-08,2023-10-13,6,2023,10,가을,"일,월,수,목,금,토 10:30 / 14:30","일,월,수,목,금,토 10:30 / 14:30",1,10:30,14:30,,경복궁,경복궁,경복궁 일원,경복궁 일원,경복궁,,,"궁궐일상모습재현 및 체험- 왕가의 산책 10. 8.( 일 )~10. 13.( 금 ) (10. 10. 휴궁일 제외) 조선시대 왕과 왕비의 거둥을 함께 하며 궁궐(경복궁)의 아름다움을 느낄 수 있는 왕가의 산책 프로그램 *별도 예약 없이 현장관람 가능합니다. 1. 출발장소 : 경복궁 강녕전 2. 행사시간 : 10:30 ~ 14:30 * 휴궁일 ( 화 ) 제외 1 일 2 회 < 경복궁에서 펼쳐지는 왕가의 산책 > 하루 2 번 경복궁에서 왕가와 함께하는 특별한 산책이 펼쳐집니다 . 왕과 왕비 , 왕세자와 세자빈과 함께 걸으며 조선시대 궁궐의 일상을 즐겨보세요 . 함께 걷는 순간 , 여러분이 계시는 경복궁은 조선의 어느 좋은 날이 될 것입니다 . < 왕가의 산책 관람 및 사진촬영 > ○ 행사기간 : 2023. 10. 8.( 일 ) ~ 10. 13.( 금 ) * 휴궁일 ( 화 ) 제외 ○ 행사장소 : 경복궁 일원 ○ 출발장소 : 경복궁 강녕전 ○ 출발시간 : 10:30 / 14:30 (1 일 2 회 ) < 왕가의 산책 이동동선 > ○ 소요시간 : 약 45 분 ○ 오전 (10:30): 출발 - 강녕전 (10:30) → 포토타임 - 경회루 (10:40~10:55) → 도착 - 비현각 (~11:15) ○ 오후 (14:30) 출발 - 강녕전 (14:30) → 포토타임 - 향원정 (14:40-14:55) → 도착 - 비현각 (~15:15) < 프로그램 체험 안내 > ○ 왕가의 산책 관람 ○ 왕가와 사진 촬영 < 안내사항 > ○ 우천시 행사가 취소됩니다 . ○ 경복궁 입장객은 무료 관람하실 수 있습니다 . ○ 대열에 들어오시거나 행사에 방해되는 행동은 금지됩니다 . ○ 사진촬영시 배우 · 복식 등을 만지는 행위는 금지됩니다 . 3. 행사문의 ○ 한국문화재재단 Tel. 02-3210-0778",https://www.kh.or.kr/program/view/menu/1292?viewType=ach&idx=383&searchRound=13&searchStTime=&searchEnTime=&searchField=homeAll&searchText=,https://www.kh.or.kr/jnrepo/upload/jnPrgFestivalProgram/202310/49aaa9bfd3ec4bb59e12c042fadff2aa_1696334836932.jpg,왕가의 산책,0,0,0,1,0,1,0,1,1,1,궁궐일상모습재현 및 체험-왕가의 산책,공연,https://www.kh.or.kr/jnrepo/upload/jnPrgFestivalProgram/202310/49aaa9bfd3ec4bb59e12c042fadff2aa_1696334836932.jpg,궁궐일상모습재현 및 체험-왕가의 산책,공연,공연,현장참여,https://www.kh.or.kr/jnrepo/upload/jnPrgFestivalProgram/202310/49aaa9bfd3ec4bb59e12c042fadff2aa_1696334836932.jpg
13,9회,382,2023 국가무형유산 합동 공개행사,국가무형유산 합동 공개행사,국가무형유산 합동 공개행사,종료,공연,관람형,현장참여,0,1,0,2023-10-14~2023-10-18,2023-10-14,2023-10-18,5,2023,10,가을,15:00(구례향제줄풍류)~14:00(가곡)/16:00(판소리),"수,토 15:00(구례향제줄풍류) ~ 14:00(가곡)/16:00(판소리)",1,15:00,14:00,,경복궁,경복궁,경복궁 건춘문 일원,경복궁 건춘문 일원,경복궁,회차별 100명,,2023 국가무형유산 합동 공개행사 일정 내용 시간 10.14.(토) 구례향제줄풍류 15:00~16:30 (90분) 10.18.(수) 가곡(조순자) 14:00~15:30 (90분) 판소리 안숙선 16:00~17:30 (90분),https://www.kh.or.kr/program/view/menu/1292?viewType=ach&idx=382&searchRound=13&searchStTime=&searchEnTime=&searchField=homeAll&searchText=,https://www.kh.or.kr/jnrepo/upload/jnPrgFestivalProgram/202310/e68e36bad2a947f391e47ea1bcee14a6_1696410759424.png,구례,0,0,0,1,0,0,0,0,0,0,2023 국가무형유산 합동 공개행사,공연,https://www.kh.or.kr/jnrepo/upload/jnPrgFestivalProgram/202310/e68e36bad2a947f391e47ea1bcee14a6_1696410759424.png,2023 국가무형유산 합동 공개행사,공연,공연,현장참여,https://www.kh.or.kr/jnrepo/upload/jnPrgFestivalProgram/202310/e68e36bad2a947f391e47ea1bcee14a6_1696410759424.png
13,9회,381,궁중풍류,궁중풍류,궁중풍류,종료,공연,관람형,현장참여,0,1,0,2023-10-13~2023-10-14,2023-10-13,2023-10-14,2,2023,10,가을,15:00~15:50,"금,토 15:00 ~ 15:50",1,15:00,15:50,,경복궁,경복궁,경복궁 수정전,경복궁 수정전,경복궁,,,"○ 행사일시 : 10. 13.( 금 )~10. 14.( 토 ) 15:00~15:50(1 일 1 회 /50 분 ) ○ 행사장소 : 경복궁 수정전 ○ 관람방법 : 현장관람 ○ 행사내용 : 다양한 장르의 신진 아티스트 공연 ○ 출 연 진 : 이음아트프로젝트 (1 일차 / 클래식 ), 휘영청 (2 일차 / 국악 ) <이음아트프로젝트 > 예술과 사람을 잇다, 이음아트프로젝트의 크로스오버 콘서트 다채로운 음색의 클래식 악기와 대중음악의 화려한 콜라보레이션! < 휘영청> ‘휘영청. 보름달이 휘영청 밝게 떠있다.’ 휘영청은 무엇인가가 떠오를 때 빛을 내며 환해지는 형상을 의미한다. 전통음악의 뜻을 가진 연주자들이 만나 각자 쌓아온 음악적 지식과 예술의 가치를 소통하며 밝게 떠오른다는 의미를 담고 있다. 가야금. 대금, 피리, 아쟁, 타악 연주자와 판소리 전공자로 구성되어 있으며 각자의 자리에서 다양하게 활동하는 연주자들이 모여 자신들이 가진 음악적 역량을 세상에 내보내면서 전문인으로 한 걸음 더 나아가는 것이 그들의 목표이다. ‘휘영청’ 이라는 뜻에 걸맞게 연주할 때 가장 빛날 수 있는 음악인으로 성장할 것이다.",https://www.kh.or.kr/program/view/menu/1292?viewType=ach&idx=381&searchRound=13&searchStTime=&searchEnTime=&searchField=homeAll&searchText=,https://www.kh.or.kr/jnrepo/upload/jnPrgFestivalProgram/202310/6b907c6f5cd5479c80a8915e2864ce2e_1696851762851.PNG,궁중풍류,0,0,0,1,1,0,0,0,0,0,궁중풍류,공연,https://www.kh.or.kr/jnrepo/upload/jnPrgFestivalProgram/202310/6b907c6f5cd5479c80a8915e2864ce2e_1696851762851.PNG,궁중풍류,공연,공연,현장참여,https://www.kh.or.kr/jnrepo/upload/jnPrgFestivalProgram/202310/6b907c6f5cd5479c80a8915e2864ce2e_1696851762851.PNG
13,9회,380,판소리로 듣는 궁 이야기,판소리로 듣는 궁 이야기,판소리로 듣는 궁 이야기,종료,공연,관람형,사전예약,1,0,0,2023-10-13~2023-10-14,2023-10-13,2023-10-14,2,2023,10,가을,"금,토 11:00-12:00 / 14:00-15:00","금,토 11:00-12:00 / 14:00-15:00",1,11:00,12:00,,경복궁,경복궁,경복궁 흥복전,경복궁 흥복전,경복궁,,궁능활용사업 콜센터(1522-2295),"판소리로 듣는 궁 이야기 일시: 10. 13.( 금 )~10. 14.( 토 ) (1 회차 )11:00~12:00 / (2 회차 )14:00~15:00 (60 분 ) 장소: 경복궁 흥복전 티켓오픈 : 2023 년 10 월 6 일 ( 금 ) 14 시 네이버예약 <<클릭 ‘ 판소리로 듣는 궁 이야기 ’ 는 경복궁의 복원 이야기를 담은 창작 판소리 공연입니다 . 달하 노피곰 도다샤 1395 년 , 조선의 정궁 경복궁 창건 . 한 왕조의 권위를 세상에 알리며 경북궁이 창건되었다 . 허나 그 궁은 창대한 시작과는 달리 그리 순탄치만은 않은 운명을 견뎌야만 했다 . 임진왜란으로 불길에 휩싸인 궁을 바라보며 피땀으로 그것을 쌓아올린 백성들은 뜬눈으로 밤을 지새우며 눈물을 흘렸다 . 그 참담한 모습을 고스란히 기억하는 이가 있었으니 … 세워지고 무너지고 , 세워지고 무너지기를 반복하는 궁의 끈질긴 생명력과 그것을 기억하는 이들에 대한 이야기 . 2023 년 현재까지도 서울 한복판에 자리 잡은 경복궁의 끈질긴 생명력 , 그리고 슬픈 역사를 담은 이야기가 판소리로 펼쳐진다 . < 공연장소 > 경복궁 흥복전 경복궁 흥복전은 고종의 경복궁 중건 (1866~1867 년 ) 때 왕의 경연 , 외국공사 접견 , 신하 소견 등을 위해 지어졌습니다 . 일제강점기 창덕궁 대조전 복구공사를 위한 목재 용도로 헐렸다가 (1917 년 ), 지난 2019 년 궁궐 복원정비 사업을 통해 100 여년 만에 우리 곁으로 다시 돌아왔습니다 . < 창작 · 출연 > 입과손스튜디오 객원연주 : 조선아 ( 가야금 ) 입과손스튜디오는 오랜 기간 판소리 창작 작업을 함께해 온 소리꾼과 고수가 모인 작업공동체이다 . 이번 궁중문화축전 공연에서는 소리꾼 이승희와 고수 김홍식 , 이향하 , 객원연주자 가야금 조선아가 함께한다 . 입과손은 판소리라는 연희양식이 가지고 있는 여러 가지 가능성을 다양한 각도에서 실험한다 . < 특별선물 > 궁중문화축전 ‘ 판소리로 만나는 궁 ’ 사전예매자에게는 4 대궁과 종묘의 아름다운 전각을 특별한 시각으로 포착한 ‘ 궁 큐브 ’ 를 선물로 드립니다 . (1 인 1 개 한정 ) < 오시는 길 > 서울 종로구 사직로 161 경복궁 흥복전 은 경복궁 매표소에서 도보로 수 분 소요됩니다 . ( 경복궁 입장권 별도 구매 ) 대중교통 을 이용하시면 공연장까지 더 편리하게 오실 수 있습니다 . * 버스 : 109, 171, 272, 601, 606, 1020, 7025 번 버스 ( 경복궁 남측 ), 1020, 1711, 7016, 7018, 7022, 7212, 6011, 9703 번 버스 ( 경복궁 서측 ) * 지하철 : 경복궁역 3 번 출구 ( 도보 약 15 분 ), 안국역 1 번 출구 ( 도보 약 20 분 ) * 주차 : 경복궁 동편 주차장 ( 유료 )( 도보 약 15 분 ) < 입장안내 > - 입장시간 : (1 회차 ) 10:30~10:50 / (2 회차 ) 13:30~13:50 - 입장장소 : 경복궁 흥복전 앞 등록데스크 ( 총 1 곳 ) - 사전예약자 확인을 위하여 예매자 본인의 신분증을 반드시 지참 해주시기 바랍니다 . ( 주민등록증 , 운전면허증 , 여권 , 신분증 재발급 신청서 , 외국인등록증 ) * 가족관계에 한하여 증빙 ( 등본 , 가족관계증명서 ) 지참 시 양도가 가능합니다 . ( 가족 외 타인양도 불가 ) - 공연당일 입장시간 이후 도착 시 예약부도 ( 노쇼 ) 로 간주 하여 현장접수를 진행합니다 . < 사전예매 안내 > - 사전예매 : 온라인 ( 네이버예약 ) / 2032. 10. 6.( 금 ) 14:00~ - 예매매수 : 1 인 최대 4 매 - 티켓가격 : 무료 ( 경복궁 입장료 별도 ) < 현장관람 안내 > - 현장관람 ( 착석 ) 은 사전예약자 예약부도 ( 노쇼 ) 상황에 따라 유동적으로 운영됩니다 . - 현장관람 ( 스탠딩 ) 은 별도 인원제한 없이 가능합니다 . < 유의사항 > - 본 공연은 흥복전 앞마당 관람구역 내 비지정석 입니다 . - 본 공연의 관람권에 경복궁 입장권은 포함되어 있지 않습니다 . - 야외공연의 특성 상 행사당일 기상청 일기예보 기준 5mm 이상 우천예보 시 행사가 취소될 수 있습니다 . ( 사전예매자 개별 안내 ) - 궁궐 내 모든 공간은 금연구역입니다 . - 문화재 보호구역으로 음식물 , 인화물질 , 놀이기구의 반입이 제한됩니다 . 문의 : 한국문화재재단 궁능활용사업 콜센터 (1522-2295)",https://www.kh.or.kr/program/view/menu/1292?viewType=ach&idx=380&searchRound=13&searchStTime=&searchEnTime=&searchField=homeAll&searchText=,https://www.kh.or.kr/jnrepo/upload/jnPrgFestivalProgram/202310/981f292b53084628b7c888353460cb38_1696852105519.PNG,입과손,1,1,1,1,1,0,1,1,1,1,판소리로 듣는 궁 이야기,공연,https://www.kh.or.kr/jnrepo/upload/jnPrgFestivalProgram/202310/981f292b53084628b7c888353460cb38_1696852105519.PNG,판소리로 듣는 궁 이야기,공연,공연,사전예약,https://www.kh.or.kr/jnrepo/upload/jnPrgFestivalProgram/202310/981f292b53084628b7c888353460cb38_1696852105519.PNG
13,9회,378,아티스트가 사랑한 궁,아티스트가 사랑한 궁,아티스트가 사랑한 궁,종료,공연,관람형,사전예약,1,0,0,2023-10-17~2023-10-18,2023-10-17,2023-10-18,2,2023,10,가을,19:00~20:10,"화,수 19:00 ~ 20:10",1,19:00,20:10,,경복궁,경복궁,경복궁 집옥재,경복궁 집옥재,경복궁,,궁능활용사업 콜센터(1522-2295),"2023 가을 궁중문화축전 < 아티스트가 사랑한 궁> 일시: 10. 17.( 화 )~10. 18.( 수 ) 19:00~20:10(70 분 ) / 경복궁 집옥재 티켓오픈 : 2023 년 10 월 6 일 ( 금 ) 14 시 네이버예약 <<클릭 ‘ 아티스트가 사랑한 궁 ’ 은 아티스트와 함께 궁궐의 아름다움을 전하는 초청공연입니다 . 가을밤 , 특별한 선율이 흐르는 경복궁 집옥재 로 여러분을 초대합니다 . 1 일차 | 10. 17.( 화 ) 19:00~20:10(70 분 ) 가 을 을 만끽할 우리소리 우리음악의 정수를 만나다 출연 : 두번째달 , 김준수 , 하윤주 , 김무빈 드라마 < 궁 >, < 구르미 그린 달빛 > OST 등 한국적 정서를 음악에 담아내는 월드뮤직밴드 두번째달과 판소리계의 아이돌 김준수 , 정가 하윤주 , 경기민요 김무빈이 함께 펼치는 국악 컬래버레이션 공연 2 일차 | 10. 18.( 수 ) 19:00~20:10(70 분 ) 궁궐의 새로운 매력을 만나는 양방언의 프론티어 (Frontier) 출연 : 양방언 부산아시안게임 공식 주제곡 < 프론티어 (Frontier)>, 다큐멘터리 < 차마고도 (KBS)>, 영화 < 천년학 > 등 대중에게 익숙한 양방언의 음악을 피아노 , 현악 , 브라스 등 서양 악기와 태평소 등 동양 악기의 조화로운 멋을 통해 선보이는 크로스오버 공연 < 공연장소 > 경복궁 집옥재 ‘ 옥 ( 玉 ) 과 같이 귀한 보배를 모은다 [ 集 ]’ 라는 뜻의 경복궁 집옥재는 고종의 서재와 외국사신 접견 장소로 사용되었습니다 . 경복궁의 까만 밤을 은은하게 밝히는 집옥재의 특별한 시간을 < 아티스트가 사랑한 궁 > 에서 만나보세요 . < 오시는 길 > 서울 종로구 사직로 161 경복궁 공연장 입장은 신무문 으로만 가능합니다 . ( 청와대 정문 맞은편 ) ( 경복궁 흥례문광장 , 국립민속박물관 출입구 등 이용불가 ) 대중교통 을 이용하시면 공연장까지 더 편리하게 오실 수 있습니다 . * 버스 : 1711, 1020, 7018, 7016, 7022, 7212 번 버스 승차 후 효자동 정류장 하차, 종로 01 번 버스승차 후 청와대 정류장 하차 * 지하철 : 경복궁역 3 번 출구 ( 도보 약 20 분 ), 안국역 1 번 출구 ( 도보 약 25 분 ) * 주차 : 경복궁 동편 주차장 ( 유료 )( 도보 약 20 분 ) < 입장안내 > - 입장시간 : 공연당일 18:20~18:50 - 입장장소 : 경복궁 신무문 등록데스크 ( 총 1 곳 ) - 사전예약자 확인을 위하여 예매자 본인의 신분증을 반드시 지참 해주시기 바랍니다 . ( 주민등록증 , 운전면허증 , 여권 , 신분증 재발급 신청서 , 외국인등록증 ) * 가족관계에 한하여 증빙 ( 등본 , 가족관계증명서 ) 지참 시 양도가 가능합니다 . ( 가족 외 타인양도 불가 ) - 공연당일 18:50 이후 도착 시 예약부도 ( 노쇼 ) 로 간주 하여 현장접수를 진행합니다 . < 사전예매 안내 > - 사전예매 : 온라인 ( 네이버예약 ) / 2032. 10. 6.( 금 ) 14:00~ - 예매매수 : 1 인 최대 5 매 - 티켓가격 : 무료 < 현장접수 안내 > - 접수시간 : 공연당일 18:20~18:50 - 접수장소 : 경복궁 신무문 등록데스크 - 접수인원 : 1 일 100 명 예정 (1 인 최대 5 명 접수가능 ) - 유의사항 : 현장접수는 사전예약자 예약부도 ( 노쇼 ) 상황에 따라 접수인원이 변동될 수 있으며 , 착석이 어려우실 수 있습니다 . < 유의사항 > - 본 공연은 행사진행 및 안전상의 이유로 미취학 아동의 관람을 제한 합니다 . - 본 공연은 집옥재 앞마당 관람구역 내 비지정석 입니다 . - 공연당일 공연 관람구역 외 경복궁 야간관람은 불가 합니다 . - 야외공연의 특성 상 행사당일 오후 4 시 기상청 일기예보 기준 5mm 이상 우천예보 시 행사가 취소될 수 있습니다 . ( 사전예매자 개별 안내 ) - 궁궐 내 모든 공간은 금연구역입니다 . - 문화재 보호구역으로 음식물 , 인화물질 , 놀이기구의 반입이 제한됩니다 .",https://www.kh.or.kr/program/view/menu/1292?viewType=ach&idx=378&searchRound=13&searchStTime=&searchEnTime=&searchField=homeAll&searchText=,https://www.kh.or.kr/jnrepo/upload/jnPrgFestivalProgram/202309/05b613fd1c264fc995ad0f11503b5828_1695278035111.jpg,23가을 아사궁,0,1,1,1,1,0,0,1,1,1,아티스트가 사랑한 궁,공연,https://www.kh.or.kr/jnrepo/upload/jnPrgFestivalProgram/202309/05b613fd1c264fc995ad0f11503b5828_1695278035111.jpg,아티스트가 사랑한 궁,공연,공연,사전예약,https://www.kh.or.kr/jnrepo/upload/jnPrgFestivalProgram/202309/05b613fd1c264fc995ad0f11503b5828_1695278035111.jpg
13,9회,377,경복궁 생과방,경복궁 생과방,생과방,종료,체험,참여형,사전예약,1,0,0,2023-09-07~2023-10-21,2023-09-07,2023-10-21,45,2023,9,가을,"일,월,화,수,목,금,토 10:00/11:40 / 13:50/15:30","일,월,화,수,목,금,토 10:00/11:40 / 13:50/15:30",1,10:00,11:40,,경복궁,경복궁,경복궁 생과방,경복궁 생과방,경복궁,,궁능활용프로그램 콜센터 1522-2295,"경복궁 소주방 전각에 위치한 ‘생과방’은 궁중의 육처소(六處所) 가운데 하나이며, ‘국왕과 왕비’의 후식과 별식을 준비하던 곳으로 ‘생물방’ 혹은 ‘생것방’이라고도 불렸습니다. 경복궁 생과방 프로그램은 조선왕조실록의 내용을 토대로 실제 임금이 먹었던 궁중병과와 궁중약차를 오늘날에도 즐길 수 있도록 구성된 유료 체험 프로그램입니다.",https://www.kh.or.kr/program/view/menu/1292?viewType=ach&idx=377&searchRound=13&searchStTime=&searchEnTime=&searchField=homeAll&searchText=,https://www.kh.or.kr/jnrepo/upload/jnPrgFestivalProgram/202310/e86225f5761a4c2ca16f626c4331e1df_1696409733035.jpg,생과방,0,0,0,0,1,0,0,1,1,1,경복궁 생과방,체험,https://www.kh.or.kr/jnrepo/upload/jnPrgFestivalProgram/202310/e86225f5761a4c2ca16f626c4331e1df_1696409733035.jpg,경복궁 생과방,체험,체험,사전예약,https://www.kh.or.kr/jnrepo/upload/jnPrgFestivalProgram/202310/e86225f5761a4c2ca16f626c4331e1df_1696409733035.jpg
13,9회,373,2023 고궁음악회 ‘풍류에 그루브를 더하다’,고궁음악회 ‘풍류에 그루브를 더하다’,고궁음악회 ‘풍류에 그루브를 더하다’,종료,공연,관람형,현장참여,0,1,0,2023-10-13~2023-10-20,2023-10-13,2023-10-20,8,2023,10,가을,"13:00, 16:00~19:30","수,목,금,토 13:00, 16:00 ~ 19:30",1,13:00,16:00,,경복궁,경복궁,경복궁 수정전,경복궁 수정전,경복궁,,궁능활용프로그램 콜센터 1522-2295,"2023 고궁음악회 ‘ 풍류에 그루브를 더하다 ’ ‘ 고궁음악회 ’ 는 우리 궁의 장소적 특색을 살린 궁궐 특화 공연입니다 . 2023 년 하반기에는 상설공연 ‘ 풍류에 그루브 (Groove) 를 더하다 ’ 를 통해 국악 , 전통무용 등과 재즈를 다양하게 크로스오버한 수준급 공연을 선보입니다 . 1. 행사안내 ○ 공연내용 : 국악과 재즈의 크로스오버 공연 ○ 공연일시 : 2023. 10. 13.( 금 )~10. 14.( 토 ) (13:00, 16:00/ 일 2 회 ) 2023. 10. 18.( 수 )~10. 20.( 금 ) (13:00, 16:00, 19:30/ 일 3 회 ) ○ 러닝타임 : 약 60 분 ○ 공연장소 : 경복궁 수정전 ○ 공연방식 : 현장참여 ( 사전예매 없이 진행 / 무료 ) 2. 프로그램 및 출연진 안내 날짜 출연진 ( 재즈 / 국악 ) 사회 10.18.( 수 ) 10.19.( 목 ) ( 리듬앤브라스 ) 손성목 ( 색소폰 ) 김민수 ( 트럼본 / 보컬 ) 정다운 ( 트럼펫 ) 정구선 ( 베이스 ) 김희진 ( 드럼 ) 오윤희 ( 피아노 ) 이서진 ( 보컬 ) 김규현 ( 피리 ) 김한예지 ( 장구 ) 최광동 ( 장구 ) 정예주 ( 가야금 ) 이기수 ( 대금 ) 구민지 ( 정가 ) 최여완 ( 정가 ) 한국문화재재단 예술단 ( 무용 ) ( 정수민 , 송나영 , 도여정 , 이현희 , 조윤정 , 박다인 , 정송희 , 이유정 ) 구민지 최여완 10.13.( 금 ) 10.14.( 토 ) 10.20.( 금 ) ( 페이머스 ) 강환수 ( 베이스 ) 이은마루 ( 드럼 ) 김진수 ( 피아노 ) 임채희 ( 보컬 ) 3. 문의 ○ 행사문의 : 궁능활용프로그램 콜센터 1522-2295",https://www.kh.or.kr/program/view/menu/1292?viewType=ach&idx=373&searchRound=13&searchStTime=&searchEnTime=&searchField=homeAll&searchText=,https://www.kh.or.kr/jnrepo/upload/jnPrgFestivalProgram/202309/6e5f193796d84097befb5f03c1559cda_1695283321433.jpg,고궁음악회 그루브,0,0,0,1,0,0,0,1,1,0,2023 고궁음악회 ‘풍류에 그루브를 더하다’,공연,https://www.kh.or.kr/jnrepo/upload/jnPrgFestivalProgram/202309/6e5f193796d84097befb5f03c1559cda_1695283321433.jpg,2023 고궁음악회 ‘풍류에 그루브를 더하다’,공연,공연,현장참여,https://www.kh.or.kr/jnrepo/upload/jnPrgFestivalProgram/202309/6e5f193796d84097befb5f03c1559cda_1695283321433.jpg
13,9회,372,2023 고궁음악회 발레x수제천,고궁음악회 발레x수제천,고궁음악회 발레x수제천,종료,공연,관람형,사전예약,1,0,0,2023-10-12~2023-10-14,2023-10-12,2023-10-14,3,2023,10,가을,19:00~20:10,"목,금,토 19:00 ~ 20:10",1,19:00,20:10,,경복궁,경복궁,경복궁 집옥재 앞마당,경복궁 집옥재 앞마당,경복궁,,티켓문의 : 티켓링크 고객센터 1588-7890 /행사문의 : 궁능활용프로그램 콜센터 1522-2295,"‘ 고궁음악회 ’ 는 우리 궁의 장소적 특색을 살린 궁궐 특화 공연입니다 . 아름다운 가을밤 , 고즈넉한 궁궐에서 국악과 발레의 크로스오버 공연을 즐겨보세요 . 1. 행사안내 ○ 공연내용 : 국악과 발레의 크로스오버 공연 ○ 공연일시 : 2023. 10. 12.( 목 )~14.( 토 ) 19:00~20:10 / 3 일 3 회 ○ 러닝타임 : 70 분 ○ 공연장소 : 경복궁 집옥재 앞마당 2. 예매안내 ○ 예매금액 : 1 인 20,000 원 *ID 당 5 매 가능 ○ 예매오픈 : 2023. 9. 25.( 월 ) 14:00 ○ 인터넷 예매 - 예매처 : 티켓링크 https://www.ticketlink.co.kr/product/46029 ○ 전화예매 - 예매대상 : 만 65 세 이상 , 장애인 , 국가유공자 - 예매방법 : 티켓링크 고객센터 1588-7890 - 예매시간 : 평일 10:00~19:00 ○ 할인정보 - 장애인 : 50% 할인 (1~3 급 : 본인포함 2 인 , 4 급 이하 : 본인한정 ) - 국가유공자 : 본인 한정 50% 할인 * 현장에서 티켓 수령 시 , 증빙서류를 지참하지 않은 경우 참가 취소 조치되며 별도의 환불이 불가 함을 알려드립니다 . 3. 프로그램 안내 구분 주요내용 첫째 마당 - 발레정재 우리 국악 중 ‘ 천상의 선율 ’ 이라고 불리우는 수제천과 클래식 발레가 만나 21 세기 정재를 제안한다 . 태평성대를 기원하는 남창가곡 태평가로 발레정재를 시작한다 . 둘째 마당 - 발레판타지 로맨틱 발레의 특징을 전통 음악들과의 융합으로 재현한다 . 경복궁으로 내려온 북악산의 요정과 정겨운 도깨비들이 태평가 , 침향무 연주와 한껏 어우러지며 판소리가 의미를 더한다 . 셋째 마당 - 발레비나리 생황과 단소 병주인 수룡음에 이어 , 사물놀이 장단의 역동성과 젊은 무용수들의 컨템퍼러리 발레의 에너지가 상승효과를 일으킨다 . 관객들에게 감사와 축원의 비나리를 전하며 막을 내린다 . 4. 유의사항 ○ 티켓 및 관람 - 미취학 아동은 행사 진행 및 안전상의 이유로 참여가 불가능합니다 . - 100% 사전예약제로 운영되며 , 별도의 현장판매는 진행되지 않습니다 . - 본 행사는 비지정석이며 , 당일 입장 순서에 따라 좌석 선택이 가능합니다 . - 예매하신 본인 입장이 원칙이며 타인 양도가 불가합니다 . ※ 단 , 가족관계일 경우 증빙자료 ( 등본 , 가족관계증명서 ) 지참시만 예외적으로 양도가 가능합니다 . ( 인터넷 일반 예매 시에만 가능하며 , 전화예매 및 할인티켓의 경우 양도 불가 ) - 예매자 신분증 및 예매내역 ( 예매번호 ) 을 꼭 지참하셔야 합니다 .( 증빙 미지참시 입장불가 ) - 취소와 환불은 티켓링크의 규정을 준수합니다 .(* 취소 마감시간 : 공연 전일 5 시 전 ) - 플래시 사용 불가 / 삼각대 사용 불가 / 음식물 반입 금지 - 공연 관람객은 공연 구역에만 입장하실 수 있습니다 . 경복궁 야간개장 구역은 들어가실 수 없습니다 . ○ 접 수 - 접수장소 : 경복궁 신무문 안 접수데스크 - 접수시간 : 공연 당일 18:20 에 접수 시작 및 입장 5. 문의 ○ 티켓문의 : 티켓링크 고객센터 1588-7890 ○ 행사문의 : 궁능활용프로그램 콜센터 1522-2295",https://www.kh.or.kr/program/view/menu/1292?viewType=ach&idx=372&searchRound=13&searchStTime=&searchEnTime=&searchField=homeAll&searchText=,https://www.kh.or.kr/jnrepo/upload/jnPrgFestivalProgram/202309/097c1516eb194761820b9d7fa7039984_1695274497968.jpg,발레x수제천 포스터,0,1,1,1,1,0,0,1,0,1,2023 고궁음악회 발레x수제천,공연,https://www.kh.or.kr/jnrepo/upload/jnPrgFestivalProgram/202309/097c1516eb194761820b9d7fa7039984_1695274497968.jpg,2023 고궁음악회 발레x수제천,공연,공연,사전예약,https://www.kh.or.kr/jnrepo/upload/jnPrgFestivalProgram/202309/097c1516eb194761820b9d7fa7039984_1695274497968.jpg
13,9회,351,2023 세종대왕자 태실 태봉안의식(성주군),세종대왕자 태실 태봉안의식(성주군),세종대왕자 태실 태봉안의식(성주군),종료,재현,관람형,현장참여,0,1,0,2023-05-02~2023-05-02,2023-05-02,2023-05-02,1,2023,5,봄,14:00~15:00,화 14:00 ~ 15:00,1,14:00,15:00,,경복궁,경복궁,"교태전, 강녕전","교태전, 강녕전",경복궁,,,"2023 세종대왕자 태실 태봉안의식(성주군)-태실의 나라, 새 길을 열다! 세종대왕태실이 위치한 성주군이 진행하는 세종대왕자 태실 태봉안의식을 재현 행사 세태의식(경복궁 교태전) 태봉지 낙점 및 교지 선포(경복궁 강녕전) 태를 누자에 안치하는 의식(경복궁 강녕전) 태 봉안 행렬(경복궁>>광화문 광장) 태 봉안 축하연(광화문 광장)",https://www.kh.or.kr/program/view/menu/1292?viewType=ach&idx=351&searchRound=13&searchStTime=&searchEnTime=&searchField=homeAll&searchText=,https://www.kh.or.kr/jnrepo/upload/jnPrgFestivalProgram/202304/87f984b355a74feba413b4e3e5c8e75d_1682259232463.jpg,태봉안,0,0,0,0,0,0,0,0,0,0,2023 세종대왕자 태실 태봉안의식(성주군),재현,https://www.kh.or.kr/jnrepo/upload/jnPrgFestivalProgram/202304/87f984b355a74feba413b4e3e5c8e75d_1682259232463.jpg,2023 세종대왕자 태실 태봉안의식(성주군),재현,재현,현장참여,https://www.kh.or.kr/jnrepo/upload/jnPrgFestivalProgram/202304/87f984b355a74feba413b4e3e5c8e75d_1682259232463.jpg
13,9회,334,고궁음악회-풍류에 그루브를 더하다,고궁음악회-풍류에 그루브를 더하다,고궁음악회-풍류에 그루브를 더하다,종료,공연,관람형,현장참여,0,1,0,2023-04-29~2023-05-06,2023-04-29,2023-05-06,8,2023,4,봄,4. 29.-5. 2.11:00/15:00~5. 3.-6. 19:30-20:20,"일,월,화,수,목,금,토 4. 29.-5. 2.11:00/15:00 ~ 5. 3.-6. 19:30-20:20",1,11:00,15:00,,경복궁,경복궁,경복궁 수정전,경복궁 수정전,경복궁,,02-3210-0799,"2023년에도 아름다운 궁궐을 국악의 멋과 흥으로 채울 궁궐 특화 공연, 고궁음악회의 상반기 일정을 공개합니다. 특히 상반기 공연은 모두 현장관람으로 진행되어 전석 무료입니다.(궁 입장료 별도) 햇살 좋은 봄에 더욱 예쁜 궁궐에서 프리미엄 국악 공연을 즐겨보세요! 1. 행사명 : 풍류에 그루브(Groove)를 더하다 2. 일정 ○ 4. 29.(토) ~ 5.2.(화) / 11:00. 15:00 ○ 5. 3.(수) ~ 5. 6.(토) / 19:30 3. 장소 : 경복궁 수정전 4. 내용 : 재즈 선율을 기반으로 하여 국악, 전통무용 등과 다양한 콜라보 공연 5. 출연진 ○ (재즈) 리듬앤브라스, 페이머스 ○ (국악) 가야금(정예주), 대금(이기수), 장구(최광동), 정가(남/김재민), 정가(여/구민지) ○ 한국문화재재단 예술단 6. 행사문의 ○ 궁능활용프로그램 콜센터 1522-2295 ○ 한국문화재재단 고궁음악회 담당 02-3210-0799 7. 프로그램 소개 <고궁음악회>는 궁궐 특화 공연으로 궁궐의 장소성 및 권역별 특색을 활용하여 고품격 공연 관람 콘텐츠를 제공하고자 합니다. 2023년 상반기에는 상설공연 ""풍류에 그루브(Groove)을 더하다""를 통해 국악, 전통무용 등과 재즈를 다양하게 콜라보 한 수준급 공연을 선보입니다. Concert at Palace plans to provide the audience with a unique opportunity to enjoy the arts surrounded by the graceful ambiance of the traditional palce. Groove Meets Pungnyu will take place during the first half of the 2023, hosting A wide spectrum of musicians as well as dancers.(*Pungnyu is a Korean word that literally means wind flowing. It means appreciation of the arts and entertainment.) 구분 Time 날짜 Date 출연진 ( 재즈 ) Performer(Jazz) 출연진 ( 국악 ) Performer(Korean Traditional Music) 주간 Daytime 4.29. ( 토 /Sat) 리듬앤브라스 (Rhythm and brass) 정예주 ( 가야금 ) Jeong Yeju (Gayageum Zither) 이기수 ( 대금 ) Lee Kisoo (Daegeum Flute) 최광동 ( 장구 ) Choi Kwangdong (Janggu Drum) 김재민 ( 남 / 정가 ) Kim Jaemin (Classic Vocal Music of Korea/Man) 구민지 ( 여 / 정가 ) KooMinji (Classic Vocal Music of Korea/Woman) 4.30. ( 일 /Sun) 페이머스 (FAMoUS) 5.1. ( 월 /Mon) 페이머스 (FAMoUS) 5.2. ( 화 /Tue) 리듬앤브라스 (Rhythm and brass) 야간 Nighttime 5.3. ( 수 /Wed) 리듬앤브라스 (Rhythm and brass) 한국문화재재단 예술단 ( 무용 ) KCHF Performance Arts Group(Korean Dance) 5.4. ( 목 /Thu) 리듬앤브라스 (Rhythm and brass) 5.5. ( 금 /Fri) 페이머스 (FAMoUS) 5.6. ( 토 /Sat) 페이머스 (FAMoUS) 만든 사람들 (Art Director and Composer) 김청림 / 편곡 및 작곡 Kim Chunglim / Arrangement & Composition 김경숙 / 예술감독 Kim Kyungsook / Art director 양서윤 / 안무지도 훈련장 Yang Seoyoon / Director of choreography group 8. 우천 시 취소 안내 ○ 행사 당일 오전 11시 기준 5mm 이상 예보될 경우(기상청 예보 기준) 행사가 취소되며, 한국문화재재단 홈페이지 및 궁인 인스타그램을 통해 공지됩니다. [고궁음악회 상반기 공연 널리 소문내기 이벤트] 인스타그램 리그램 이벤트 참여하신 100분께 커피쿠폰 드려요! 1. 참여방법 ○ 궁인 인스타 계정(@goongin_official) 팔로우 ○ 필수 해시태그 달고 공유 캡처 또는 리그램 ○ 응원 댓글은 필수! 2. 이벤트 기간 : 5월 4일(목)까지 선착순 3. 필수 해시태그 #2023고궁음악회 #풍류에그루브를더하다 #풍류에힙을더하다",https://www.kh.or.kr/program/view/menu/1292?viewType=ach&idx=334&searchRound=13&searchStTime=&searchEnTime=&searchField=homeAll&searchText=,https://www.kh.or.kr/jnrepo/upload/jnPrgFestivalProgram/202304/2dde21d184344815a480a6c26be19d71_1682082400948.jpg,2023 고궁음악회,0,0,1,1,0,0,0,0,1,1,고궁음악회-풍류에 그루브를 더하다,공연,https://www.kh.or.kr/jnrepo/upload/jnPrgFestivalProgram/202304/2dde21d184344815a480a6c26be19d71_1682082400948.jpg,고궁음악회-풍류에 그루브를 더하다,공연,공연,현장참여,https://www.kh.or.kr/jnrepo/upload/jnPrgFestivalProgram/202304/2dde21d184344815a480a6c26be19d71_1682082400948.jpg
13,9회,327,2023년 경복궁 별빛야행,경복궁 별빛야행,별빛야행,종료,체험,참여형,사전예약,1,0,0,2023-04-29~2023-05-07,2023-04-29,2023-05-07,9,2023,4,봄,"일,수,목,금,토 18:40 / 19:40","일,수,목,금,토 18:40 / 19:40",1,18:40,19:40,,경복궁,경복궁,경복궁 일원,경복궁 일원,경복궁,,1522-2295,"○ 1차 예매 4.7(금) 14시 ~ | 행사기간 4.15. ~ 4.27. 예매 가능 ○ 2차 예매 4.21(금) 14시 ~ | 행사기간 4.29. ~ 5.13. 예매 가능 ○ 예매처 : 티켓링크 * 아이디당 2매 예약가능 * URL : http://www.ticketlink.co.kr/product/43385 봄 깊은 밤, 경복궁 별빛야행에 여러분을 초대합니다. 은은한 별빛 아래 경복궁 소주방에서 국악공연을 즐기며 임금님의 수라살을 맛보고, 전문해설사와 함께 경복궁 별빛산책을 떠나볼까요. 장고, 집옥재와 팔우정, 건청궁을 거치며 궁궐의 옛 이야기를 마주하고, 쏟아지는 별빛아래에서 고종이 거닐었던 향원정의 정취를 느껴보세요. 별 가득한 4월의 밤, 경복궁의 문이 열립니다. 1. 행사기간(Event Period) : 2023년 4월 15일 ~ 5월 13일 2. 행사시간(Event Time) ○ 1회 : 18:40 ~ 20:30 ○ 2회 : 19:40 ~ 21:30 3. 별빛 산책로 ○ 장고 관람 → 팔우정 관람 → 집옥재 관람 → 건청궁 관람 → 향원정 관람 → 퇴장 ○ 외소주방 : 도슭수라상과 궁중음식체험과 국악공연 ○ 장고 : 장고마마와 나인의 작은 극 관람 ○ 집옥재, 팔우정 : 내부관람 ○ 건청궁 : 해설사의 전각 설명 및 관람 ○ 향원정 : 취향교 건너 특별 관람 4. 도슭수라상 소개 ○ 귀한 손님을 위해 수라상을 내올리다 ○ '도슭'은 도시락의 옛말로 왕과 왕비에게 올리던 최고의 일상식인 12첩 반상을 현대적으로 해석해 합에 정갈히 나누어 담아낸 음식입니다. <도슭수라상>을 구성하는 열두가지 음식에는 선조들의 음식 철학인 음양오행과 함께 약과 음식은그 근원이 같다는 약식동원의 의미가 담겨 있습니다. <음식 구성> ○ 표고버섯 석류탕 ○ 진지, 너비아니, 호박전, 생선완자전 ○ 오이송송이, 호두조림, 더덕구이, 삼합정과 ○ 해물잣즙채, 탕평채, 저염명란젓, 김치 ○ 전복초, 모약과, 꽃인절미, 정과1종, 오미자차 5. 예매안내 ○ 판매일시 : 2023. 4. 7. / 14:00 ~ ○ 예매처 : 티켓링크 * 아이디당 2매 예약가능 * URL : http://www.ticketlink.co.kr/product/43385 ○ 행사기간 : 2023. 04. 15.(토) ~ 05. 13.(토) / 월, 화 휴무 * 축전 개막식 4. 28.(금) 휴무 ○ 행사시간 - (1회) 18:40 ~ 20:30 - (2회) 19:40 ~ 21:30 ○ 참여인원 : 회당 32명 ○ 참가비 : 1인 기준 60,000원 / 55,000원(시야제한석) ○ 전화예매 - 예매대상 : 만 65세 이상, 장애인, 국가유공자 * 티켓링크 : 1588-7890 ○ 할인정보 - 장애인 중증(1~3급) 동반 1인까지, 경증(4~6급) 본인만 50% 할인 - 국가유공자 (본인만) 50% 할인 * 현장에서 예매자 신분증 및 증빙서류 확인 후 입장 가능. 반드시 본인 입장. ○ 행사참여 안내 : 음식체험 및 야간 해설탐방이 110분에 걸쳐 진행되며 내부관람도 포함되어 있으니 편한 신발과 겉옷을 준비해 주시기 바랍니다. ○ 문의 : 티켓링크 1588-7890 / 행사문의 궁능활용프로그램 콜센터 1522-2295 6. 예매 시 유의사항 ○ 미취학 아동은 안전상의 이유로 참여가 불가합니다. ○ 100% 사전예약제로 운영되며, 별도의 현장판매는 진행되지 않습니다. ○ 아이디당 최대 2매까지 예매 가능합니다. ○ 예매하신 본인 입장이 원칙이며 타인 양도가 불가합니다. (가족관계일 경우 등본, 가족관계증명서 등 증빙자료 지참시만 예외적으로 양도가 가능합니다.) ○ 본 행사좌석은 현장 선착순으로 32인 1개조로 구성되어 관람이 진행됩니다. (시야제한좌석은 지정석입니다.) ○ 만 65세 이상, 국가유공자, 장애인 전화예매의 경우 증빙자료를 필수로 지참하셔야 하며 꼭 신청자는 참석 하여야 합니다. 현장에서 불참시 취소되는 점 양해 부탁드립니다. ○ 행사의 취소와 환불은 티켓링크 규정을 준수합니다. ○ 마감기간 경과 후 취소 및 변경은 불가합니다. ○ 관람시 유의사항 - 접수장소 : 경복궁 민속박물관 앞 안내데스크 - 접수시간 : 행사 시작 20분 전 시작 ○ 우천시 안내 - 행사 당일 오전 11시 기상청 예보 기준 - 1~4mm 예보 시 : 행사 정상진행(정상 진행에 대한 관람객 개별 문자 통지) - 5mm 이상 예보 시 : 행사 취소(관람객 개별 문자 통지 및 유선 연락)",https://www.kh.or.kr/program/view/menu/1292?viewType=ach&idx=327&searchRound=13&searchStTime=&searchEnTime=&searchField=homeAll&searchText=,https://www.kh.or.kr/jnrepo/upload/jnPrgFestivalProgram/202304/a8707fd884f84bc1a9a37a58d01adece_1681741386489.PNG,별빛,0,1,1,1,1,1,0,1,1,1,2023년 경복궁 별빛야행,체험,https://www.kh.or.kr/jnrepo/upload/jnPrgFestivalProgram/202304/a8707fd884f84bc1a9a37a58d01adece_1681741386489.PNG,2023년 경복궁 별빛야행,체험,체험,사전예약,https://www.kh.or.kr/jnrepo/upload/jnPrgFestivalProgram/202304/a8707fd884f84bc1a9a37a58d01adece_1681741386489.PNG
13,9회,324,2023년 경복궁 생과방 - 경복궁에서 마주한 특별한 시간,경복궁 생과방 - 경복궁에서 마주한 특별한 시간,생과방 - 경복궁에서 마주한 특별한 시간,종료,체험,참여형,사전예약,1,0,0,2023-04-28~2023-05-07,2023-04-28,2023-05-07,10,2023,4,봄,"일,월,화,수,목,금,토 10:00/11:40 / 13:50/15:30","일,월,화,수,목,금,토 10:00/11:40 / 13:50/15:30",1,10:00,11:40,,경복궁,경복궁,경복궁 생과방,경복궁 생과방,경복궁,,1522-2295,"- 1차 예매 : 4월 11일(화) 13시 ~ / 행사기간 4.20 ~ 5.28 예매 가능 - 2차 예매 : 5월 19일(금) 13시 ~ / 행사기간 5.29~ 6.28 예매 가능 https://www.ticketlink.co . kr/product/43514 경복궁의 소주방 전각에 위치한 '생과방'은 궁중의 육처소 가운데 하나이며, '국왕과 왕비'의 후식과 별식을 준비하던 곳으로 '생물방' 혹은 '생것방'이라고도 불렸습니다. 경복궁 생과방 프로그램은 조선왕조실록의 내용을 토대로 실제 임금이 드셨던 궁중병과와 궁중약차를 오늘날에도 즐길 수 있도록 구성된 체험 프로그램입니다. 1. 생과방 체험 안내 ○ 기간 : 2023년 4월 20일 ~ 6월 28일 - 경복궁 휴궁일(매주 화요일)과 5월 31일(수) 제외됩니다. - 궁중문화축전 5월 2일(화)은 예외 ○ 체험시간(1일 4회 1회 70분) - 1회(10:00 ~ 11:10) - 2회(11:40 ~ 12:50) - 3회(13:50 ~ 15:00) - 4회(15:30 ~ 16:40) 2. 온라인 사전 예약 신청 [온라인예약] ○ 티켓링크 : 추후 공지 ○ 예매일자 - 1차 예매 : 4월 11일(화) 13시 ~ / 행사기간 4.20 ~ 5.28 예매 가능 - 2차 예매 : 5월 19일(금) 13시 ~ / 행사기간 5.29~ 6.28 예매 가능 ○ 사전결제(두 세트 모두 약차 1종 포함 가격) - 초두점증병 세트 15,000원 - 주악 세트 12,000원 [전화예약] ○ 예약대상 : 만 65세 이상, 장애인, 국가유공자 ○ 예약방법 : 티켓링크 고객센터(1588-7890) ○ 예약시간 : 평일 10:00~19:00 / 토·일·공휴일 휴무 - 1인 2매까지 예약 가능하며, 전화예약 또한 궁중다과 세트메뉴를 고르신 후 세트메뉴 가격을 선결제 해주셔야 전화예약이 확정됩니다. - 현장에서 증빙자료를 확인할 예정이오니 신분증(경로우대증, 국가유공자증, 장애인복지카드 등)을 반드시 지참하여 주시기 바랍니다. 3. 참여방법 ○ 예매 사이트(티켓링크)접속 ○ 일자, 회차, 세트 선택 후 비용(카드)결제 ○ 현장 안내소에서 궁중약차 선택 후 차패 수령 ○ 좌석 안내 및 배정 ○ 궁중다과 세트와 차패 교환 ○ 궁중다과 시식 및 시음 4. 공지사항 ○ 티켓예약 - '2023년 경복궁 생과방'은 현장 접수 없이 티켓링크를 통한 사전 예약을 원칙으로 하며, 1인 최대 2매까지 예약 가능합니다. - 2023년 경복궁 생과방은 사전결제 시스템의 도입에 따라 세트 메뉴의 가격을 선결제 해주셔야 예약 확정됩니다. - 현장에서의 궁중병과 및 궁중약차의 추가 주문은 불가합니다. (단, 궁중약차의 경우 뜨거운 물을 리필해드립니다.) - 본 행사는 현장에서 본인확인을 진행합니다. 예약자 본인 명의와 일치하는 신분증 확인이 어려울 경우, 입장이 제한되오니 반드시 신분증을 지참해 주세요. (암표 거래를 막기 위해 입장 시 본인확인을 철저하게 하고 있으니 많은 협조 부탁드립니다.) - 예약하신 티켓은 지인 간의 양도가 불가능합니다. 단, 가족관계일 경우 예약자 신분증과 증빙자료(등본, 가족관계증명서 등) 지참 시에만 예외적으로 양도 가능합니다. - 부정한 방법(매크로 사용 등)을 이용하거나 암표 매매 목적으로 구매하는 경우, 적발 시 해당 티켓에 대해 사전 통보 없이 예약 취소 및 사용이 제한 될 수 있습니다. ○ 전화예약 - 예약대상 : 만 65세 이상, 장애인, 국가유공자 - 예약방법 : 티켓링크 고객센터 1588-7890 - 예약시간 : 평일 10:00 ~ 19:00 / 토, 일요일, 공휴일 휴무 - 1인 2매까지 예약 가능하며, 전화예약 또한 궁중다과 세트메뉴를 고르신 후 세트메뉴 가격을 선결제 해주셔야 전화예약이 확정됩니다. - 현장에서 증빙자료를 확인 할 예정이오니 신분증(경로우대증, 국가유공자증, 장애인복지카드 등)을 반드시 지참하여 주시기 바랍니다 ○ 체험연령 - 미취학 아동 포함 전 연령 체험 가능. (48개월 이상일 경우 일반인 1인과 동일한 티켓을 사전 결제 후 소지하셔야 하며, 48개월 미만일 경우 보호자와 동반하여 입장 가능합니다.) 즐겁고 안전한 생과방 체험을 위해 안내드리오니 양해 부탁드립니다. [궁중의 약차와 병과를 즐기다] <생과방 다과> ○ 초두점증병 세트 - 초두점증병, 약과, 참외정과, 잣박산, 매엽과, 곶감단지 ○ 주악 세트 - 주악, 쌀엿강정, 매엽과, 금귤정과, 사과정과, 곶감단지 ○ 궁중약차 - 경옥다음, 삼귤다, 감국다, 담강다, 오미자차, 제호탕 ○ 초두점증병(炒豆粘甑餠) : 초두(炒豆)는 ‘볶은 팥’이라는 뜻으로 찹쌀가루에 밤, 대추, 잣을 넣고 팥고물과 함께 시루에 안쳐 쪄낸 떡입니다. 『진찬의궤』, 『진연의궤』에 수차례 기록되었으며, 고종의 오순 축하 잔치에도 오른 조선 왕실의 궁중 잔치 떡입니다. ○ 주악(造岳-조악) : 찹쌀가루로 만들어진 주악은 조선 시대 귀한 손님이 왔을 때 올리던 음식입니다. 궁중의 연향인 『진찬의궤』에는 대추주악, 감태주악, 후추주악, 계피주악, 치작황주악 등의 ‘각색 주악’이 주로 올려졌습니다. ○ 약과 : 약과는 유밀과(油蜜果)의 하나로 약이 되는 과자라는 뜻입니다. 음식디미방, 규합총서 등 옛 조리서에도 수록되어 있는데 1948년 『조선상식』에는 “조선에서 만드는 과자 가운데 가장 상품(上品)이며 온 정성을 들여 만드는 점에서 특색 있는 과자”라고 극찬하였습니다. ○ 잣박산(薄散) : 잣박산은 잣을 꿀이나 엿에 버무려 반듯하게 만든 엿강정으로, 조선시대 어의 전순의가 지은 요리서 『산가요록』에 기록되어 있습니다. 『동의보감』에 잣은 ‘성질이 조금 따뜻하며, 몸이 허하고 마른 데 주로 쓴다.’라고 기록되어 있습니다. ○ 쌀엿강정 : 쌀엿강정은 쌀을 쪄서 말린 후 기름에 튀겨 엿으로 버무린 엿강정입니다. 1680년경에 쓰여진 조리서 『요록(要錄)』에 등장하였으며, 남녀노소 모두가 좋아하는 조선시대 병과입니다. ○ 매엽과 : 궁중에서 ‘마치 매화나무에 참새가 앉아 있는 형상을 하고 있는 한과’라는 의미로 불리었던 매엽과(梅葉果)는 밀가루에 칼집을 넣은 후 기름에 튀겨 만드는데 치자나 생강 등 천연 재료를 섞어 그 색과 모양이 다양한 전통 과자입니다. ○ 곶감단지 : 곶감단지는 호두강정, 곶감, 잣 등을 다져 유자청으로 반죽하여 속을 채운 병과입니다. 『동의보감』에 따르면 곶감은 ‘몸의 허함을 보하고 위장을 든든하게 하여 체한 것을 없애준다’고 기록되어 있습니다. ○ 사과/금귤/참외정과 : 정과는 ‘전과(煎果)’라고도 하는데 조선시대 장국상, 큰상, 제례음식에 반드시 쓰였습니다. 사과, 참외, 금귤 등 특유의 향미를 가진 과일 등을 꿀이나 설탕에 재거나 졸여 만든 전통 과자입니다. ○ 경옥다음 : 경옥고(瓊玉膏)는 인삼, 복령, 지황, 꿀을 주재료 만든 약재로 ‘옥처럼 희귀한 약’이라는 뜻을 가지고 있습니다. 『승정원일기』에 따르면 영조의 원기회복을 위해 경옥고를 복용하셨다고 합니다. 경옥다음(瓊玉茶飮)은 경옥고의 귀한약재를 차로 마실 수 있게 만든 음료입니다. ○ 삼귤다(蔘橘茶) : 『조선왕조실록』에 따르면 기의 흐름을 순조롭게 하는 귤껍질(橘皮·귤피)에 기를 보하는 인삼을 더한 차로 병을 다스리기도 했다는 기록이 남아있을 만큼 귤껍질을 이용한 차는 조선시대 내내 주요한 약재로 사용되었습니다. ○ 감국다 : 감국은 황국이라고도 하며, 성미는 달고 쓰고 서늘하며 무독합니다. 『승정원일기』에 따르면 숙종과 영조가 건강을 위해 곁에 두고 마셨는데, 주로 번뇌가 있거나 화가 날 때 마음을 차분히 가라앉히고자 마셨습니다. ○ 담강다(淡薑茶) : 『동의보감』에서는 ‘생강은 담(痰)을 없애고 기(氣)를 내린다’고 기록되어 있습니다. 소화불능을 앓은 순조 임금의 건강을 위해 생강과 꿀로 만든 차를 올렸으며, 식후에 소화를 돕고 담을 삭여주는 목적으로 즐겨 마셨습니다. ○ 오미자다(五味子茶): 오미자는 신맛, 쓴맛, 단맛, 아린맛, 짠맛 다섯 가지의 맛을 갖고 있어 오미자라 불리는데 과일로 직접 먹기보다 차로 만들어 먹는 것이 영양 흡수에 좋습니다. 조선시대 중종이 번열과 갈증을 치료하기 위해 차로 만들어 올려졌던 약차입니다. ○ 제호탕(醍醐湯) : 제호탕은 매실을 익혀 만든 오매(烏梅)와 사인(砂仁), 초과(草果) 등을 넣은 왕실의 음료입니다. 속을 따뜻하게 하는 효과가 있어 겉은 뜨겁고 속은 차가워지기 쉬운 여름철에 더욱 좋습니다. 정조 임금이 여름철에 신하들을 위해 제호탕을 하사한 기록이 있습니다. 5. 방역 관리 지침 : 경복궁 생과방은 관람객들의 안전을 위해 방역을 철저히 관리하고, 곳곳에 손 소독제를 비치하여 관람객들이 안심하고 이용하실 수 있도록 조치하고 있습니다.",https://www.kh.or.kr/program/view/menu/1292?viewType=ach&idx=324&searchRound=13&searchStTime=&searchEnTime=&searchField=homeAll&searchText=,https://www.kh.or.kr/jnrepo/upload/jnPrgFestivalProgram/202304/499f77fb62164b83b28d4ce905d9fe06_1681740827603.PNG,생과방,1,1,1,0,1,0,0,1,0,1,2023년 경복궁 생과방 - 경복궁에서 마주한 특별한 시간,체험,https://www.kh.or.kr/jnrepo/upload/jnPrgFestivalProgram/202304/499f77fb62164b83b28d4ce905d9fe06_1681740827603.PNG,2023년 경복궁 생과방 - 경복궁에서 마주한 특별한 시간,체험,체험,사전예약,https://www.kh.or.kr/jnrepo/upload/jnPrgFestivalProgram/202304/499f77fb62164b83b28d4ce905d9fe06_1681740827603.PNG
13,9회,322,2023년 궁중문화축전 개막제,개막제,개막제,종료,공식행사,행사형,사전예약,1,0,0,2023-04-28~2023-04-28,2023-04-28,2023-04-28,1,2023,4,봄,19:30~21:00,금 19:30 ~ 21:00,1,19:30,21:00,,경복궁,경복궁,경복궁 흥례문 광장,경복궁 흥례문 광장,경복궁,"사전예약 600명, 현장참여 200명(예정)",02-3210-3506,"창경궁 명칭환원 40주년 기념 2023년 궁중문화축전 개막제 티켓오픈 : 2023년 4월 19일(수) 13시 티켓링크 (전석 무료) 다시 찾는, 궁 창경궁 명칭환원 40주년을 맞아 궁중문화축전의 아홉 번째 문을 엽니다. ‘다시 되찾은 궁’의 이야기를 전하는 뜻깊은 자리에 반가운 걸음으로 궁을 방문해 함께해주세요. 주요구성 개막퍼레이드 ‘꿈의 길을 열다’, ‘궁을 다시 찾다’ 광화문이 열리며 궁중문화축전의 시작을 알리는 퍼레이드가 입장합니다. 개막퍼포먼 스 ‘궁을 깨우다’ 궁궐의 잡상과 처용무를 모티브로 한 창작퍼포먼스를 선보입니다. 주제공연 ‘대합창’, ‘신(新) 궁중연희’ 어린이합창단과 <고궁뮤지컬-세종 1446> 출연진이 함께하는 합창에 이어 축전의 개막을 축하하기 위한 2023년 ‘신(新) 궁중연희’가 진행됩니다. 출연진 사회 : 뮤지컬 배우 남경주, 아나운서 김경미(영어) 축하공연 : 크로스오버 그룹 라포엠 한국예술종합학교 전통예술원 무용과, <고궁뮤지컬-세종 1446>, 포스댄스컴퍼니&신한대태권도융합학부, 점핑엔젤스, 원주시자원봉사청소년합창단, 안동MBC어린이합창단, 앙겔로스 합창단, 김선정 늘숨무용단, 마담 패밀리, 프로젝트 악, 아름드리 무용단, 생동감크루 X in 풍류 사전행사 4월 28일(금) 14:00~14:40 / 창경궁 창경궁 명칭환원 40주년 기념 퍼레이드 스타벅스 코리아와 함께하는 커피 나눔 행사 환경을 생각하는 마음을 담아 개인 텀블러 지참 해주세요. 개인 텀블러를 소지한 분들께 따뜻한 커피를 무료로 나눠드립니다. (선착순 700잔 한정/티켓수령처 옆) 공식 유튜브 채널을 통해 ‘2023년 궁중문화축전 개막제’가 생 중계될 예정입니다. youtube.com/c/궁능TV 오시는 길 서울 종로구 사직로 161 경복궁 흥례문 광장 경복궁 주차장을 이용하실 수 있으나(유료) 협소하오니,대중교통 이용을 권고드립니다. (지하철 3호선 경복궁역 5번 출구) 티켓확인 안내 - 확인일시 : 4월 28일(금) 19:00~19:20 - 확인장소 : 경복궁 용성문, 협생문 등록데스크(총 2곳) - 사전예약자 확인을 위하여 예매자 본인의 신분증을 필히 지참해주시기 바랍니다. - 행사장(흥례문 장광) 입장은 당일 19:00부터 가능하며, 행사 전 현장이 혼잡하오니되도록 행사 시작 10분 전까지 입장하여 주시기 바랍니다. 유의사항 - 본 행사는 전체 관람가이나 타인의 관람에 방해가 되는 경우 미취학 아동의 관람을 제한할 수 있습니다. - 본 행사는 비지정석이며, 당일 별도 현장접수를 통해 현장참여도 가능합니다. - 궁궐 내 모든 공간은 금연구역입니다. - 문화재 보호 구역으로 음식물, 인화물질, 놀이기구의 반입이 제한됩니다. 티켓 문의 : 티켓링크 고객센터(1588-7890) 행사 문의 : 한국문화재재단 궁능활용사업 콜센터(1522-2295)",https://www.kh.or.kr/program/view/menu/1292?viewType=ach&idx=322&searchRound=13&searchStTime=&searchEnTime=&searchField=homeAll&searchText=,https://www.kh.or.kr/jnrepo/upload/jnPrgFestivalProgram/202304/d0ca3fbba8fc4413beab1516e2ea3358_1681711860440.JPG,개막제 참고사진,0,1,0,1,1,0,0,1,1,1,2023년 궁중문화축전 개막제,공식행사,https://www.kh.or.kr/jnrepo/upload/jnPrgFestivalProgram/202304/d0ca3fbba8fc4413beab1516e2ea3358_1681711860440.JPG,2023년 궁중문화축전 개막제,공식행사,공식행사,사전예약,https://www.kh.or.kr/jnrepo/upload/jnPrgFestivalProgram/202304/d0ca3fbba8fc4413beab1516e2ea3358_1681711860440.JPG
13,9회,321,궁중문화축전X신비아파트 프로모션,X신비아파트 프로모션,X신비아파트 프로모션,종료,체험,참여형,현장참여,0,1,0,2023-04-29~2023-05-07,2023-04-29,2023-05-07,9,2023,4,봄,10:00~18:00,"일,금,토 10:00 ~ 18:00",1,10:00,18:00,,경복궁,경복궁,경복궁 흥례문광장,경복궁 흥례문광장,경복궁,,,"대한민국 대표 K- 애니메이션 ' 신비아파트 ' 가 2023 봄 궁중문화축전에 상륙하다 ! * 4. 29./4. 30./5. 5./5. 6./5. 7. * 5. 5.(금) 부스 운영은 우천으로 인해 취소 되었습니다. 2016 년 TV 시리즈를 시작으로 극장판 , 뮤지컬 , 완구 , 게임 , 웹드라마까지 큰 사랑을 받고 있는 신비아파트 신비아파트로 이사 온 하리 , 두리 남매와 신비아파트에서 102 년 동안 살고 있는 도깨비 ' 신비 ' 가 만나 귀신들의 원혼을 풀어주고 세상을 구하는 이야기로 , 상상력을 자극하는 모험 , 화려한 액션과 마음을 울리는 귀신들의 사연까지 그 동안 국내에 없었던 호러 판타지 애니메이션 장르를 새롭게 개척한 콘텐츠입니다 . 올 여름 , 티빙 오리지널로 공개 예정인 [ 신비아파트 특별판 : 조선퇴마실록 ] 은 조선시대로 떨어진 하리와 아이들이 아기 도깨비 금비와 함께 경복궁을 배경으로 귀신과 맞서 싸우는 내용이 펼쳐집니다 . 매년 봄과 가을 궁중문화축전이 열리는 조선의 법궁 경복궁에서 올 봄 궁중문화축전과 신비아파트의 콜라보레이션이 진행됩니다 . 한국을 넘어 일본 , 태국 , 대만 , 인도네시아 , 싱가포르 등 해외에도 진출한 신비아파트를 경복궁 흥례문 광장에서 만나보세요 . · 상시 / 선착순 이벤트 프로그램 ① SNS 인증 이벤트 (1 일 300 명 , 선착순 AR 카드 13 탄 1 팩 증정 ) - 신비 갓 만들기 → 포토존 인증샷 - 내 맘대로 경복궁 귀신 만들기 → 미니 포토존 인증샷 ② 고스트헌터 게임 이벤트 (1 일 100 명 , 선착순 강림 이모티콘 증정 ) - 경복궁에 숨어든 고스트를 찾아라 - KT 신비 키즈폰 대여 서비스 연계 (KT 지원 ) · 캐릭터 탈인형 이벤트 ① 신비 / 금비 캐릭터 1 일 4 회 운영 - 11:00-18:00 운영",https://www.kh.or.kr/program/view/menu/1292?viewType=ach&idx=321&searchRound=13&searchStTime=&searchEnTime=&searchField=homeAll&searchText=,https://www.kh.or.kr/jnrepo/upload/jnPrgFestivalProgram/202304/3f4fcb5bc1da4675bf94d550895f45b3_1681479376660.png,신비아파트,0,1,0,0,0,0,0,0,0,1,궁중문화축전X신비아파트 프로모션,체험,https://www.kh.or.kr/jnrepo/upload/jnPrgFestivalProgram/202304/3f4fcb5bc1da4675bf94d550895f45b3_1681479376660.png,궁중문화축전X신비아파트 프로모션,체험,체험,현장참여,https://www.kh.or.kr/jnrepo/upload/jnPrgFestivalProgram/202304/3f4fcb5bc1da4675bf94d550895f45b3_1681479376660.png
13,9회,318,궁중풍류,궁중풍류,궁중풍류,종료,공연,관람형,현장참여,0,1,0,2023-05-03~2023-05-07,2023-05-03,2023-05-07,5,2023,5,봄,"일,수,목,금,토 11:00 / 15:00(5월 7일 야간 특별공연)","일,수,목,금,토 11:00 / 15:00(5월 7일 야간 특별공연)",1,11:00,15:00,,경복궁,경복궁,경복궁 수정전,경복궁 수정전,경복궁,별도의 인원제한 없음,,"주간공연 : 5. 3.(수)~5. 7.(일) 11:00~12:00/15:00~16:00 1일 2회(60분) * 1, 2회차 공연 내용 동일 * 다양한 장르의 아티스트가 총 5일간 경복궁 수정전에서 특별한 공연을 선보입니다. (1일차 | 5. 3.(수)) 크로스오버 앙상블 무아, 창작뮤지컬 갈라(이정화, 박민성, 정욱진 출연) (2일차 | 5. 4.(목) ) 팝페라그룹 아인스, 우리음악연구회 일하 (3일차 | 5. 5.(금)) 케이락컴퍼니 , 이음아트프로젝트 (4일차 | 5. 6.(토)) 트리오온, 국악앙상블 피어나 (5일차 | 5. 7.(일)) 팝페라그룹 스페스, 연희그룹 연화 5. 3.(수) 무아(MUA), 뮤지컬 갈라(박민성 배우, 이정화 배우, 정욱진 배우) 무 아(MUA ) : 궁에서 듣는 크로스오버 콘서트, 크로스오버 음악으로 즐겨보는 선비의 풍류, '포의풍류 in 경복궁' 뮤지컬 갈라 : 유명 뮤지컬 넘버를 함께 할 수 있는 기회, 뮤지컬 '지킬 앤 하이드'의 'take me as I am' 외 6곡 공연 5. 4.(목) 아인스(Eins Art), 우리음악연구회 '일하' 아인스(Eins Art) : 테너, 바리톤 총 4명의 젊고 실력 있는 성악가들로 구성된 팝페라그룹! 남녀노소 외국인 누구나 좋아하는 성악, 뮤지컬, 영화음악, K-POP! 우리음악연구회 '일하' : 우리나라의 전통 판소리를 여러 소 리꾼이 함께하는 단막극, 그리고 20세기에 창작 민요 공연 5. 5.(금) 케이락컴퍼니, 이음아트프로젝트 케이락컴퍼니 : 전통음악과 세계음악 속 명작들을 균형감 있게 융합한 창작작품! 아리랑과 클래식, 재즈, 탱고 등 다양하게 조합하고 해석하여, 익숙하면서 세련된 느낌을 가질 수 있고 다양한 감정을 느낄 수 있는 공연 콘텐츠 이음아트프로젝트 : 예술과 사람을 잇다, 이음아트프로젝트의 크로스오버 콘서트, 다채로운 음색의 클래식 악기와 대중음악의 화려한 콜라보레이션! 5. 6.(토) 트리오 온, 국악앙상블 피어나 트리오 온 : 최정상급 연주자들로 구성된 피아노 트리오 정통 클래식 연주자들이 펼치는 친숙한 클래식 곡과 영화 음악 국악앙상블 피어나 : 음악으로 사람들의 마음 속에 꽃 한송이 피어나도록 연주하 는 3인조 국악팀 '피어나'의 특별 공연 5. 7.(일) 팝페라그룹 스페스, 연희그룹 연화 팝페라그룹 스페스 : 대한민국의 멋을 팝페라로 풀어내다. 다양한 장르의 노래를 한무대에서 관객과 소통하며 만들어 가는 그룹 전통그룹 연화 : 전통연희의 현대적 창작에 앞장서는 신세대 연희그룹. 가•무•악이 함께하는 신명의 연희 한 판! 특별공연 : 5. 7.(일) 19:30~20:30 (60분) / 경복궁 야간관람 연계 경복궁을 감싸는 따뜻한 첼로의 선율 봄바람이 살랑 부는 기분 좋은 이 계절, 조선의 건국이념이 담긴 경복궁에서 대한민국 최고의 첼리스트 양성원의 수준 높은 클래식 연주를 만나볼 수 있습니다. 동서양의 조화를 느낄 수 있는 이번 공연에서는 멘델스존과 슈베르츠 등 대중들에게 익숙한 곡들을 선보입니다. 아름다운 경복궁의 야경과 함께하는 이번 공연은 여러분에게 특별한 추억을 선사할 것입니다. 첼리스트 양성원은 현재 연세대학교 교수로 재임 중이며 평창대관령음악제 예술감독으로서 대한민국 클래식계를 이끌어 가고 있는 연주자입니다. * 연주곡 Felix Mendelssohn - Variations Concertantes Op. 17 F.Schubert – Arpeggiones Sonata in a Minor D.821",https://www.kh.or.kr/program/view/menu/1292?viewType=ach&idx=318&searchRound=13&searchStTime=&searchEnTime=&searchField=homeAll&searchText=,https://www.kh.or.kr/jnrepo/upload/jnPrgFestivalProgram/202304/426aafc57a374d6393421d0d2706ebf5_1680603982211.jpg,나뷔,0,0,1,1,1,0,0,0,0,1,궁중풍류,공연,https://www.kh.or.kr/jnrepo/upload/jnPrgFestivalProgram/202304/426aafc57a374d6393421d0d2706ebf5_1680603982211.jpg,궁중풍류,공연,공연,현장참여,https://www.kh.or.kr/jnrepo/upload/jnPrgFestivalProgram/202304/426aafc57a374d6393421d0d2706ebf5_1680603982211.jpg
13,9회,313,궁궐 퍼레이드-경복궁,궁궐 퍼레이드-경복궁,궁궐 퍼레이드,종료,공연,관람형,현장참여,0,1,0,2023-04-29~2023-04-29,2023-04-29,2023-04-29,1,2023,4,봄,토 11:00 / 14:30,토 11:00 / 14:30,1,11:00,14:30,,경복궁,경복궁,5대궁(궁별 날짜 및 공연시간 상이),5대궁(궁별 날짜 및 공연시간 상이),경복궁,별도 제한인원 없음,,"궁궐 퍼레이드 서울 5대궁을 장식하는 화려한 군무의 향연 1. 창경궁 양화당 앞(4. 28.금, 14시) 우리나라 전통 연희공연과 한국창작무용을 퍼레이드 형식으로 구성한 창경궁 명칭환원 40주념 기념공연. 2 0 2 3 궁 중 문 화 축 전 의 시 작 을 알 리며 우리나라 고유의 춤을 젊은 무용가와 함께 현대적으로 재해석한 궁궐 퍼포먼스 출연: 포스댄스컴퍼니, 전통타악연구소, 고양예고 아름드리무용단 , 점핑엔젤스, 마담패밀리, 프로젝트 악, 김선정무용단 2. 경복궁 흥례문 광장(4. 29.토, 11시/14시 30분) 조선의 법궁이자 대한민국을 대표하는 문화유산인 경복궁 흥례문 광장에서 펼쳐지는 창작 한국무용공연을 비롯한 전통연희, 태권도퍼포먼스, 컨템포러리 댄스 퍼포먼스등의 퍼레이드 공연 출연: YIU댄스프로젝트 , 의정부태랑학회, 프로젝트 악, 전통타악연구소 3. 창덕궁 낙선재 앞(4. 30.일, 11시/14시) 창덕궁에서 즐기는 전통 타악 퍼포먼스, 한국 전통무용, 태권도 품새동작과 댄스동작을 리드미컬하게 융합한 태권도 퍼포먼스 그리고 춤과 음악이 어우러져 색다른 감동을 선사하는 댄스퍼포먼스 등 전통과 현대가 공존하는 퍼레이드 공연 출연: 한국전통예술단 아울, 대경대학교 꽃피우리, 김영아무용단, 아트지 4. 경희궁 숭정문 앞(5. 5.금, 경희궁 11시) 어린이날을 맞이하여 경희궁에서 만나볼 수 있는 어린이 치어리딩 공연과 경찰과 도둑놀이를 모티브로한 태권도퍼포먼스, 아름다운 창작 한국무용, 전통풍물장단을 현대적인 형식에 담은 연희 퍼포먼스 등 퍼레이드 공연 출연: 레인보우치어, 전통타악연구소, 상지대학교 태권도시범단, 고양예고 아름드리무용단 5. 덕수궁 중화문 뒤(5. 6.토, 11시/14시) 덕수궁에서 펼쳐지는 전통적인 소리(아리랑)와 몸짓을 화려한 퍼포먼스로 풀어낸 뮤지컬 퍼레이드, 창작한국무용, 댄스퍼포먼스, 퓨전국악에 맞춰 유려한 무술을 선보이는 무예 퍼포먼스 등 전통과 현대가 공존하는 퍼레이드 공연 출연: 팀 랩터스, 점핑엔젤스, YIU댄스프로젝트 , 아리아라리",https://www.kh.or.kr/program/view/menu/1292?viewType=ach&idx=313&searchRound=13&searchStTime=&searchEnTime=&searchField=homeAll&searchText=,https://www.kh.or.kr/jnrepo/upload/jnPrgFestivalProgram/202304/3d1c6c6556374666b8b44212c2fff331_1680832968886.JPG,남수정무용단,0,1,0,1,0,0,0,0,0,1,궁궐 퍼레이드-경복궁,공연,https://www.kh.or.kr/jnrepo/upload/jnPrgFestivalProgram/202304/3d1c6c6556374666b8b44212c2fff331_1680832968886.JPG,궁궐 퍼레이드-경복궁,공연,공연,현장참여,https://www.kh.or.kr/jnrepo/upload/jnPrgFestivalProgram/202304/3d1c6c6556374666b8b44212c2fff331_1680832968886.JPG
13,9회,312,어린이 궁중문화축전,어린이 궁중문화축전,어린이 궁중문화축전,종료,체험,참여형,사전예약,1,0,0,2023-05-05~2023-05-07,2023-05-05,2023-05-07,3,2023,5,봄,11:00~17:00,"일,금,토 11:00 ~ 17:00",1,11:00,17:00,,경복궁,경복궁,"경복궁 숙설소 터, 집경당, 흥복전, 경회루 등","경복궁 숙설소 터, 집경당, 흥복전, 경회루 등",경복궁,프로그램별 상이,,"어린이 궁중문화축전 1. 어린이 과거시험 * 티 켓 링 크 사전예약(4. 19.오픈예정) 일시: 5 . 5 . ( 금 ) - 5 . 6 . ( 토 ) 11:00-11:50/1 3 : 0 0 - 1 3 : 5 0/ 1 5 : 0 0 - 1 5 : 5 0 <세종 인재를 뽑다>는 공연 관람을 넘어 연극과 체험이 융합된 새로운 개념의 관객 참여형 연극입니다. ①오문오답 ②그림을 그리시오 ③시를 지으시오를 통해 과거시험을 체험하며, 시험 종료 후 입격증 수여, 실력이 출중한 선비 3명을 뽑아 어사모와 장원급제 복을 입게 됩니다. 시험이 끝난 후 방방례를 통해 세종대왕님과 경회루 한 바퀴를 돌아보세요. 2. 궁중OX퀴즈 일시: 5. 5 .(금)-5. 7.(일) 12:30-12:50/ 1 4 : 3 0 - 1 4 : 5 0/ 16:30-16:50 승정원 승지들과 함께 조선의 궁중문화에 대해 알아보는 재미있는 OX 퀴즈 대회입니다. 현장접수를 통해 참여 가능하며 가족, 친구, 연인들과 함께 궁중문화에 대해 알아가는 건 어떨까요? 최종 생존자에게는 왕의 선물이 기다리고 있습니다. 3. 전통문양 페이스 페인팅 일시: 5. 5.(금)-5. 7.(일) 11:00-17:00 화창한 봄날, 궁궐에서 볼 수 있는 신수, 답도, 잡상, 단청 무늬를 얼굴, 손등에 그려보고, 궁궐 곳곳 그려진 아름다운 우리 전통문양을 찾으며 '2023 봄 궁중문화축전'을 즐겨 보세요. 숙설소 터에 오시면 누구나 참여 가능합니다. 4. 공연 날짜 시간 출연진 5. 5.( 금 ) 12:00~12:30 퍼포먼스 그룹 솔타 14:00~14:30 궁중 퍼레이드 16:00~16:30 퍼포먼스 그룹 솔타 5. 6.( 토 ) 12:00~12:30 월간서커스 - 더프레젠트쇼 14:00~14:30 광대브라더스 - 조선예술보부상 5. 7.( 일 ) 12:00~12:30 전통타악연구소",https://www.kh.or.kr/program/view/menu/1292?viewType=ach&idx=312&searchRound=13&searchStTime=&searchEnTime=&searchField=homeAll&searchText=,https://www.kh.or.kr/jnrepo/upload/jnPrgFestivalProgram/202304/dd740c2bf68445c0a828ae37600a9f64_1680601551598.jpg,어린이 궁축,1,1,0,1,0,0,0,1,0,1,어린이 궁중문화축전,체험,https://www.kh.or.kr/jnrepo/upload/jnPrgFestivalProgram/202304/dd740c2bf68445c0a828ae37600a9f64_1680601551598.jpg,어린이 궁중문화축전,체험,체험,사전예약,https://www.kh.or.kr/jnrepo/upload/jnPrgFestivalProgram/202304/dd740c2bf68445c0a828ae37600a9f64_1680601551598.jpg
13,9회,311,고궁뮤지컬-세종 1446,고궁뮤지컬-세종 1446,고궁뮤지컬-세종 1446,종료,공연,관람형,사전예약,1,0,0,2023-04-29~2023-05-02,2023-04-29,2023-05-02,4,2023,4,봄,19:30~21:00,"일,월,화,토 19:30 ~ 21:00",1,19:30,21:00,,경복궁,경복궁,경복궁 근정전,경복궁 근정전,경복궁,회당 700명,,"고궁뮤지컬-세종 1446 역사상 가장 위대한 여정 뮤지컬 <세종 1446> 경복궁 근정전 특별공연 2023년 봄, 경복궁에서 펼쳐지는 세종과 백성들의 이야기 티켓오픈 : 2023년 4월 19일(수) 14시 티켓링크 R석 20,000원 / S석 10,000원 2017년 리저널 트라이아웃 공연 2018년 영국 웨스트엔드 앤드류 로이드 웨버 The Other Place 쇼케이스 2018년 초연, 전 회차 전석 기립박수! 2019년 한국뮤지컬어워즈 대상 노미네이트 국내 최초, 경복궁 근정전에서 펼쳐지는 고궁뮤지컬 박친감 넘치는 액션, 강렬한 군무 <세종 1446>만의 특별한 넘버! 경복궁 근정전에서 선보이는 이번 <세종 1446>은 소리꾼 이봉근이 ‘도창’역으로 새롭게 참여하고, 오리지널 캐스트 박유덕, 정상윤, 남경주 등 50여명의 출연진이 함께합니다. 단 4회, 잊지 못할 감동의 시간으로 여러분을 초대합니다. ★★★★★ “곱씹을수록 뜻깊은 작품” / TV데일리 “애민군주 세종의 인간적 면모, 한국적인 선율로 풀어낸 노랫말"" / 한겨레 ”영화의 한 장면을 연상케 하는 무술연기, 서정적인 음악, 화려한 의상은 관객의 눈과 귀를 즐겁게 했다” / 한국스포츠경제 “한국의 문화를 너무나 아름답게 표현한 뮤지컬, 지루할 틈 없이 재밌다” / 관객리뷰 ""이게 바로 뮤지컬이구나"" 할 정도로 좋았다! / 콜리엣 샴버그 (영국 극작가) 태종 18년, 세자가 선위를 받고 왕위에 오르다 왕이 될 수 없었던 꼭두각시 왕, 세종 세종 28년, 스물여덟 자에 조선을 바로 세우다 1446년 세종은 눈을 잃고 백성은 눈을 뜨다! 세종대왕의 마지막 어명 “나는 들판의 이름 없는 꽃들을 부르고자 이 글자를 만든다” “훈민정음은 1446년 세종대왕이 반포한 우리말입니다.” “나랏말싸미 듕귁에 달아 문자와를 서로 사맛디 아니할쎄 이런 전차로 어린백성이 니르고저 할빼이셔도 마참내 제 뜻을 능히펴지 못할놈이 하니다. 내이를 어여삐 녀겨 새로 스물여덟자를 맹가노니 사람마다 수비니겨 날로쓰매 편아케 하고저 할 따라미니라.” -세종 28년(1446년), 훈민정음 해례본 * 줄거리 * 1418년, 태종은 방탕한 생활을 일삼는 세자 양녕을 폐하고 서책에 빠져 사는 충령을 세자 자리에 올린다. 게다가 태종은 세자교육을 받지 않은 충령에게 선위까지 해버린다. 어리둥절한 사이에 왕이 된 충령. 하지만 태종은 충령의 뒤에서 대신들을 조정하며 정치의 끈을 놓지 않고 있다. 그런데 평소 외척세력이 커지는 것을 경계했던 태종의 눈에 충령의 장인인 심온을 따르는 무리가 늘어나는 것이 포착된다. 이에 심온은 조작된 사건에 연루되어 죽임을 당한다. 자신의 무능으로 인해 장인이 억울하게 죽게 되었다고 자책하는 충령. 게다가 아내마저도 죄인의 딸이라며 내쳐질 위기에 처하자 용단을 내린다. 자신만의 정치를 하기 위해 아버지에게 맞서는 충령. 그는 결국 아버지의 손에서 벗어나 용상을 지켜낸다. 그러나 충령 앞에는 수많은 걸림돌이 놓여 있는데... * 출연진 * 1회차 | 4월 29일(토) 세종 - 정상윤 / 태종 - 남경주 / 소헌 - 박소연 / 전해운 - 이준혁 / 영실 - 황민수 / 도창 - 이봉근 2회차 | 4월 30일(일) 세종 - 박유덕 / 태 종 - 남경주 / 소헌 - 김지유 / 전해운 - 이준혁 / 영실 - 김준영 / 도창 - 이봉근 3회차 | 5월 1일(월) 세종 - 정 상 윤 / 태 종 - 김주호 / 소헌 - 김지유 / 전해운 - 장지후 / 영실 - 황민수 / 도창 - 이봉근 4회차 | 5월 2일(화 ) 세종 - 박유덕 / 태 종 - 남경주 / 소헌 - 박소연 / 전해운 - 이준혁 / 영실 - 김준영 / 도창 - 이봉근 나는 택하지 않았던, 그 길 세종 박유덕 정상윤 군주의 역린을 건드리면 어찌되는지 똑똑히 보아라 태종 남경주 김주호 전하의 뜻이 길을 밝힐 것이옵니다. 소헌왕후 박소연 김지유 차가운 불길이 되어 이제 조선의 모든걸 집어 삼키리라 전해운 이준혁 장지후 여인과 술이 아니고서는 이 피비린내를 어찌 견디란 말이냐 양녕 황민수 김준영 천하게 태어나 큰 뜻을 품었으니 이 어찌 아니 기쁠까 장영실 황민수 김준영 * CREATIVE TEAM * 프로듀서 한승원 김종석 극본 김선미 작곡/연출 김은영 작곡/음악감독 임세영 안무 채현원 무술 김은정 무대디자인 김대한 소품디자인 김정란 의상디자인 이호준 분장디자인 김숙희 조명디자인 김준범 음향디자인 김주한 무대감독 진정민 제작무대감독 김유신 제작PD 이범로 오시는 길 서울 종로구 사직로 161 경복궁 근정전 경복궁 주차장을 이용하실 수 있으나(유료) 협소하오니,대중교통 이용을 권고드립니다. (지하철 3호선 경복궁역 5번 출구) 티켓확인 안내 - 확인일시 : 공연일 당일 19:00~19:15(예매자 별도 공지) - 확인장소 : 경복궁 흥례문 광장 내 궁중문화축전 안내부스 - 사전예약자 확인을 위하여 예매자 본인의 신분증을 필히 지참해주시기 바랍니다. - 할인권을 제외한 관람권은 직계가족 및 형제·자매에 한하여 증빙자료 제출 시양도할 수 있습니다. * 증빙자료 : 양도받은 분의 신분증, 예매자와 가족 관계를 확인할 수 있는 서류(등본, 가족관계증명서 중 1개) - 행사가 진행되는 경복궁 근정전은 티켓수령처에서 도보로 수분 이상 소요되므로,이점 미리 참고하여 되도록 행사 시작 30분 전에 도착해주시기 바랍니다. 좌석 안내 - 공연 좌석은 R, S 2개 등급으로 구분되며, 해당 구역 내 비지정석입니다. - 티켓부스 예매자 확인 후 경복궁 흥례문광장에서 안내요원을 따라 입장이 진행됩니다. - 모두의 안전을 위해 질서를 준수하여 주시기 바라며, 질서 유지를 위해 안내요원이 관람을 제지할 수 있습니다. 할인 안내 - 할인권 예매는 전화예매만 가능하며, 할인권은 양도할 수 없습니다.(예매자 필수 참석/티켓링크 고객센터 : 1588-7890) - 할인정보 : 장애인 50% 할인(1~3급 : 본인 포함 2인 / 4급 이하 : 본인 한정), 국가유공자 본인 한정 50% 할인 - 현장에서 증빙자료를 확인할 예정이오니 신분증을 반드시 지참하여 주시기 바랍니다.(국가유공자증, 장애인 복지카드 등) - 현장에서 증빙서류를 지참하지 않거나 할인기준과 다른 경우 예매 취소 조치되며,별도의 환불이 불가함을 알려드립니다. 유의사항 - 공연 중 영상을 포함한 모든 사진 촬영과 음성 녹음은 금지되어 있습니다. - 공연 당일 오후 4시 기상청 기준 5mm 이상 우천 예보 시 공연이 취소될 수 있으며,이 경우 예매자에게 개별 안내해드릴 예정입니다. - 본 공연은 만 7세 이상 관람가로 미취학 아동의 관람이 제한됩니다. - 경복궁 내 모든 공간은 금연구역입니다. - 문화재 보호 구역으로 음식물, 인화물질, 놀이기구의 반입이 제한됩니다. 티켓 문의 : 티켓링크 고객센터(1588-7890) 행사 문의 : 한국문화재재단 궁능활용사업 콜센터(1522-2295)",https://www.kh.or.kr/program/view/menu/1292?viewType=ach&idx=311&searchRound=13&searchStTime=&searchEnTime=&searchField=homeAll&searchText=,https://www.kh.or.kr/jnrepo/upload/jnPrgFestivalProgram/202304/980287b6886a409abc5c2f33a67723de_1680600040937.jpg,세종,0,1,0,1,1,0,0,1,1,1,고궁뮤지컬-세종 1446,공연,https://www.kh.or.kr/jnrepo/upload/jnPrgFestivalProgram/202304/980287b6886a409abc5c2f33a67723de_1680600040937.jpg,고궁뮤지컬-세종 1446,공연,공연,사전예약,https://www.kh.or.kr/jnrepo/upload/jnPrgFestivalProgram/202304/980287b6886a409abc5c2f33a67723de_1680600040937.jpg
13,9회,385,궁중놀이방(창경궁),궁중놀이방(창경궁),궁중놀이방(창경궁),종료,체험,참여형,현장참여,0,1,0,2023-10-13~2023-10-18,2023-10-13,2023-10-18,6,2023,10,가을,11:00~17:00,"일,월,화,수,금,토 11:00 ~ 17:00",1,11:00,17:00,,창경궁,창경궁,"경복궁 집경당, 창경궁 경춘전","경복궁 집경당, 창경궁 경춘전","경복궁, 창경궁",,,"궁중놀이방(창경궁) 궁중놀이방은 자원활동가 궁(宮)이둥이와 함께하는 소규모 체험과 이벤트 공간입니다. 가장 가까 운 곳에서 궁이둥이를 만나보세요! · 운영시간: 11:00~17:00(준비시간 12:00~1 3:00) · 운영장소: 창경궁 경춘전 · 참여방법: 현장참여(무료)(경복궁 입장료 별도) · 날짜별 운영프로그램 1. 10월 13일(금)~10월 15일(일) ➤ 궁이둥이를 이겨라(전통놀이), 궁퀴즈 2. 10월 16일(월)~ 10월 18일(수) ➤ 궁생샷(사진), 전통 매듭 키링 만들기 체험 3. 공통 프로그램 ➤ 모두의 풍속도 2023 체험(즉석 체험 및 인쇄, 밑그림 채색 등) ➤ 문화유산 멀티미디어북 열람(효, 쉼이 깃든 궁궐 창경궁) · 유의사항: 관람객 참여기회 확대 를 위해 참여횟수는 1인 1회로 한정합니다. 준비된 재료가 소진될 경우 조기마감될 수 있습니다.",https://www.kh.or.kr/program/view/menu/1292?viewType=ach&idx=385&searchRound=13&searchStTime=&searchEnTime=&searchField=homeAll&searchText=,https://www.kh.or.kr/jnrepo/upload/jnPrgFestivalProgram/202310/d50cd4283441498baea2a540894b4356_1696335281352.png,궁중놀이방,0,0,0,0,0,0,0,0,1,1,궁중놀이방(창경궁),체험,https://www.kh.or.kr/jnrepo/upload/jnPrgFestivalProgram/202310/d50cd4283441498baea2a540894b4356_1696335281352.png,궁중놀이방(창경궁),체험,체험,현장참여,https://www.kh.or.kr/jnrepo/upload/jnPrgFestivalProgram/202310/d50cd4283441498baea2a540894b4356_1696335281352.png
9,8회,307,모두의 한복 (국가무형문화재 ‘한복생활’ 지정 기념행사),모두의 한복 (국가무형문화재 ‘한복생활’ 지정 기념행사),모두의 한복 (국가무형문화재 ‘한복생활’ 지정 기념행사),종료,공식행사,행사형,현장참여,0,1,0,2022-10-01~2022-10-01,2022-10-01,2022-10-01,1,2022,10,가을,15:00~16:00,15:00 ~ 16:00,1,15:00,16:00,,경복궁,경복궁,경복궁 흥복전,경복궁 흥복전,경복궁,인원제한 없음,,"2022년 새롭게 국가무형유산으로 지정된 모두의 ‘한복생활’을 이야기하다! 2022년 7월 20일, ‘한복생활’이 국가무형유산으로 지정되었습니다. ‘한복생활’은 오랜 역사와 전통 속에서 다양한 형태로 지속하여 왔으며, 우리 민족의 정체성과 가치를 대표해 온 전통생활관습이자 전통지식입니다. ‘한복생활’은 바지·저고리 또는 치마·저고리로 이루어진 2부식 구조와 옷고름을 갖추고 있는 한복을 지어, 치마-저고리, 바지-저고리 착용 순서에 따라 입고, 예절·격식·형식이 필요한 의례·관습·놀이 등에 맞춰 향유하는 문화를 뜻합니다. 한복은 우리 민족에게 단순한 의복이 아니라 가족 공동체의 안녕을 기원하고, 예를 갖추는 중요한 매개체이기에 매우 중요한 무형적 자산입니다. ‘한복생활’은 한반도 전역에서 온 국민이 전승·향유하고 있는 문화라는 점에서 이미 지정된 ‘김치 담그기’, ‘장 담그기’ 등과 같이 특정 보유자와 보유단체는 인정하지 않는 공동체종목으로 지정하였습니다.",https://www.kh.or.kr/program/view/menu/1292?viewType=ach&idx=307&searchRound=9&searchStTime=&searchEnTime=&searchField=homeAll&searchText=,https://www.kh.or.kr/jnrepo/upload/jnPrgFestivalProgram/202210/68998a5379c643f58ee885dc3b22b0b9_1664596908850.jpg,정월 초하루,0,1,0,0,0,0,1,0,0,0,모두의 한복 (국가무형문화재 ‘한복생활’ 지정 기념행사),공식행사,https://www.kh.or.kr/jnrepo/upload/jnPrgFestivalProgram/202210/68998a5379c643f58ee885dc3b22b0b9_1664596908850.jpg,모두의 한복 (국가무형문화재 ‘한복생활’ 지정 기념행사),공식행사,공식행사,현장참여,https://www.kh.or.kr/jnrepo/upload/jnPrgFestivalProgram/202210/68998a5379c643f58ee885dc3b22b0b9_1664596908850.jpg
9,8회,306,2022년 세종학당 집현전 한국어 교실,세종학당 집현전 한국어 교실,세종학당 집현전 한국어 교실,종료,체험,참여형,사전예약,1,0,0,2022-10-07~2022-10-21,2022-10-07,2022-10-21,15,2022,10,가을,14:00~16:30,14:00 ~ 16:30,1,14:00,16:30,,경복궁,경복궁,"수정전,흥복전","수정전,흥복전",경복궁,1회 당 30명,02-3276-0775,"한글날 맞이, 집현전에서 한국어와 한국문화를 배우다 한글날을 맞아 한글 창제의 의미를 되새기고, 궁중 문화와 같은 고급 한국문화를 즐길 수 있기를 기대합니다. 일시: 2022. 10. 7., 14., 21. 1일 1회(총 3회), 14:00~17:00",https://www.kh.or.kr/program/view/menu/1292?viewType=ach&idx=306&searchRound=9&searchStTime=&searchEnTime=&searchField=homeAll&searchText=,https://www.kh.or.kr/jnrepo/upload/jnPrgFestivalProgram/202209/af470535ddc24d13b1fa1989c08520f8_1664441439617.jpg,집현전 한국어교실,0,0,0,0,0,0,0,1,0,0,2022년 세종학당 집현전 한국어 교실,체험,https://www.kh.or.kr/jnrepo/upload/jnPrgFestivalProgram/202209/af470535ddc24d13b1fa1989c08520f8_1664441439617.jpg,2022년 세종학당 집현전 한국어 교실,체험,체험,사전예약,https://www.kh.or.kr/jnrepo/upload/jnPrgFestivalProgram/202209/af470535ddc24d13b1fa1989c08520f8_1664441439617.jpg
9,8회,304,만들어보자궁(宮),만들어보자궁(宮),만들어보자궁(宮),종료,체험,참여형,현장참여,0,1,0,2022-10-01~2022-10-09,2022-10-01,2022-10-09,9,2022,10,가을,10:00~20:30,10:00 ~ 20:30,1,10:00,20:30,,경복궁,경복궁,흥례문 광장,흥례문 광장,경복궁,,,"경복궁을 주제로 한 어린이 대상 브릭 전시 및 체험 프로그램 광화문, 근정전, 향원정 등 경복궁 대표 전각을 브릭으로 만나보세요.",https://www.kh.or.kr/program/view/menu/1292?viewType=ach&idx=304&searchRound=9&searchStTime=&searchEnTime=&searchField=homeAll&searchText=,https://www.kh.or.kr,,0,1,0,0,0,0,0,0,0,0,만들어보자궁(宮),체험,https://www.kh.or.kr,만들어보자궁(宮),체험,체험,현장참여,https://www.kh.or.kr
9,8회,302,무형문화재 이수자 지원 공연,무형문화재 이수자 지원 공연,무형문화재 이수자 지원 공연,종료,공연,관람형,현장참여,0,1,0,2022-10-05~2022-10-06,2022-10-05,2022-10-06,2,2022,10,가을,16:00~17:00,16:00 ~ 17:00,1,16:00,17:00,,경복궁,경복궁,집옥재 앞마당,집옥재 앞마당,경복궁,,,국가무형문화재 이수자 공모 선정 팀의 특별 공연 10. 5.(수)~10. 6.(목) 16:00-17:00 10. 7.(금) 12:00~13:00,https://www.kh.or.kr/program/view/menu/1292?viewType=ach&idx=302&searchRound=9&searchStTime=&searchEnTime=&searchField=homeAll&searchText=,https://www.kh.or.kr,,0,0,0,1,0,0,0,0,0,0,무형문화재 이수자 지원 공연,공연,https://www.kh.or.kr,무형문화재 이수자 지원 공연,공연,공연,현장참여,https://www.kh.or.kr
9,8회,301,위대한 유산,위대한 유산,위대한 유산,종료,공연,관람형,현장참여,0,1,0,2022-10-02~2022-10-09,2022-10-02,2022-10-09,8,2022,10,가을,12:00~16:30,12:00 ~ 16:30,1,12:00,16:30,,경복궁,경복궁,"숙설소 터(줄타기), 강녕전(발탈, 가사)","숙설소 터(줄타기), 강녕전(발탈, 가사)",경복궁,관람 제한 없음,02-3011-2152,"국가긴급보호무형문화재 줄타기, 발탈, 가사 종목 전승자 공연 줄타기(숙설소 터) 10. 2.(일)~10. 3.(월) 12:00~12:30 발탈(강녕전) 10. 8.(토)~10. 9.(일) 13:00~13:30 가사(강녕전) 10. 8.(토)~10. 9.(일) 16:00~16:30 가사 발탈 줄타기",https://www.kh.or.kr/program/view/menu/1292?viewType=ach&idx=301&searchRound=9&searchStTime=&searchEnTime=&searchField=homeAll&searchText=,https://www.kh.or.kr/jnrepo/upload/jnPrgFestivalProgram/202209/9a0f0c23fede49d5862abaf742fee0dc_1664351542539.jpg,위대한 유산(줄타기),0,0,0,1,0,0,0,0,0,0,위대한 유산,공연,https://www.kh.or.kr/jnrepo/upload/jnPrgFestivalProgram/202209/9a0f0c23fede49d5862abaf742fee0dc_1664351542539.jpg,위대한 유산,공연,공연,현장참여,https://www.kh.or.kr/jnrepo/upload/jnPrgFestivalProgram/202209/9a0f0c23fede49d5862abaf742fee0dc_1664351542539.jpg
9,8회,299,"오, 케이 탈춤","오, 케이 탈춤","오, 케이 탈춤",종료,공연,관람형,현장참여,0,1,0,2022-10-07~2022-10-09,2022-10-07,2022-10-09,3,2022,10,가을,15:00(11:00)~18:30(17:30),15:00(11:00) ~ 18:30(17:30),1,15:00,11:00,,경복궁,경복궁,경복궁 용성문 인근,경복궁 용성문 인근,경복궁,현장참여,02-3210-3506,"오, 케이 탈춤 ㅇ 행사소개 : '한국의 탈춤' 유네스코 인류무형문화유산 등재 기원 공연 ㅇ 행사장소 : 경복궁 용성문 인근 ㅇ 공연시간 : 약 30분 ㅇ 행사일정 - 10.7.(금) 15:00 / 동래야류(부산) - 10.7.(금) 16:00 / 북청사자놀음(서울) - 10.7.(금) 17:00 / 고성오광대(경남 고성) - 10.7.(금) 18:00 / 송파산대놀이(서울) - 10.8.(토) 11:00 / 양주별산대(경기 양주) - 10.8.( 토 ) 13:00 / 수영야류(부산) - 10.8.( 토 ) 15:00 / 강령탈춤(서울) - 10.8.( 토 ) 17:00 / 은율탈춤(인천) - 10.9.(일) 11:00 / 가산오광대(경남 사천) - 10.9.(일) 13:00 / 강릉관노가면극(강릉) - 10.9.(일) 15:00 / 하외별신굿탈놀이(경북 안동) - 10.9.(일) 17:00 / 통영오광대(경남 통영)",https://www.kh.or.kr/program/view/menu/1292?viewType=ach&idx=299&searchRound=9&searchStTime=&searchEnTime=&searchField=homeAll&searchText=,https://www.kh.or.kr/jnrepo/upload/jnPrgFestivalProgram/202209/01c5995f46ab4395a5f245a10e561f5c_1664205211783.jpg,탈춤 사진,0,0,0,1,0,0,0,0,0,0,"오, 케이 탈춤",공연,https://www.kh.or.kr/jnrepo/upload/jnPrgFestivalProgram/202209/01c5995f46ab4395a5f245a10e561f5c_1664205211783.jpg,"오, 케이 탈춤",공연,공연,현장참여,https://www.kh.or.kr/jnrepo/upload/jnPrgFestivalProgram/202209/01c5995f46ab4395a5f245a10e561f5c_1664205211783.jpg
9,8회,297,청각장애인 대상 맞춤형 관람행사,청각장애인 대상 맞춤형 관람행사,청각장애인 대상 맞춤형 관람행사,종료,체험,참여형,현장참여,0,1,0,2022-10-08~2022-10-08,2022-10-08,2022-10-08,1,2022,10,가을,13:00~17:30,13:00 ~ 17:30,1,13:00,17:30,,경복궁,경복궁,경복궁 일원,경복궁 일원,경복궁,20명,,"2022년 청각장애인 대상 맞춤형 관람행사 '궁궐 나들이 체험을 통한 문화유산 향유' - 행사일정 : 10.8.(토) 13:00~17:30 - 행사내용 : 수어 해설영상 관람, 퀴즈 및 임무수행 등 궁궐 나들이 체험 - 참여인원 : 청각장애 가족 20명 - 참여방법 : 별도 모집(시립서대문농아인복지관) - 행사장소 : 경복궁 일원(실내행사 : 흥복전)",https://www.kh.or.kr/program/view/menu/1292?viewType=ach&idx=297&searchRound=9&searchStTime=&searchEnTime=&searchField=homeAll&searchText=,https://www.kh.or.kr/jnrepo/upload/jnPrgFestivalProgram/202209/4698b936ed9b4a9dae7dff6e40a6cf49_1663349799059.PNG,사진,0,1,0,0,0,1,0,0,0,0,청각장애인 대상 맞춤형 관람행사,체험,https://www.kh.or.kr/jnrepo/upload/jnPrgFestivalProgram/202209/4698b936ed9b4a9dae7dff6e40a6cf49_1663349799059.PNG,청각장애인 대상 맞춤형 관람행사,체험,체험,현장참여,https://www.kh.or.kr/jnrepo/upload/jnPrgFestivalProgram/202209/4698b936ed9b4a9dae7dff6e40a6cf49_1663349799059.PNG
9,8회,293,고궁책방(고궁책방-고종의 초대),고궁책방(고궁책방-고종의 초대),고궁책방(고궁책방-고종의 초대),종료,체험,참여형,사전예약,1,0,0,2022-10-01~2022-10-10,2022-10-01,2022-10-10,10,2022,10,가을,10:00~16:00(16:00~17:30),10:00 ~ 16:00(16:00~17:30),1,10:00,16:00,,경복궁,경복궁,"경복궁 집옥재, 팔우정, 협길당","경복궁 집옥재, 팔우정, 협길당",경복궁,"현장참여, 사전예약(고종의 초대)",02-3210-4683,"[티켓수령 방법 변경 안내] - 티켓 수령장소: 경복궁 집옥재 앞 안내소 - 티켓 수령은 14시 30분에서 15시 30분까지 가능합니다. - 공연 당일 30분 전까지 티켓수령장소에서 티켓을 수령하지 않고 연락이 불가할 시에는 사전예약이 취소됩니다. - 객석 오픈은 공연시작 1시간 전부터 가능합니다. - 티켓 수령 시 예매번호 또는 예매자 본인 신분증+휴대폰 번호 뒷자리를 확인해주셔야 티켓 수령이 가능합니다. 원활한 티켓 수령을 위해 신분증, 예매내역서 혹은 SMS(예매번호가 포함된 메시지)등을 지참하시기 바랍니다. - 경복궁 입장권은 별도로 구매하여야 하며, 행사가 진행되는 집옥재는 도보로 수분 이상 소요되오니 이 점 참고하시어 미리 도착해주시기 바랍니다. 초대장 청명한 가을 하늘 아래 아름다운 궁궐 전각을 배경으로 고종황제를 만나는 특별한 시간. 책과 음악, 이야기가 있는 인문학콘서트 <고종의 초대>에서 여러분의 참석을 기다립니다. <고궁책방>소개 '옥처럼 귀한 보물을 모은다'는 뜻의 '집옥재'는 조선시대 고종이 서재로 사용하며 외국 사신들을 접견하던 장소입니다. 고종은 이곳에서 책을 읽기도 하고, 사색의 시간을 가지기도 하였습니다. 고궁 속 도서관이라는 특별한 가치를 바탕으로 2016년에 일반인에게 처음 공개했으나, 현재는 일부 기간에만 공개하고 있습니다. 이번 기회를 통해 아름다운 궁궐 속 고즈넉한 고종의 공간을 직접 둘러볼 수 있도록 9일간 '고궁책방'을 엽니다. 또한 고궁책방에서는 전통매듭 책갈피 만들기, 나를 만나는 사색의 시간 가지기, 고종의 서재에서 책 읽어보기 등 다양한 체험 프로그램이 마련되어 있습니다. 누구나 자유롭게 체험할 수 있습니다. 1. 일시 : 2022. 10 .1.(토) ~ 10. 9.(일) / 10:00 ~ 16:00 2. 장소 : 경복궁 집옥재, 팔우정, 협길당 3. 참여안내 ○ 현장참여 ○ 단, 전각이 협소하여 대기가 발생 할 수 있습니다. ○ 집옥재는 상시 개방이 아닌 일부 기간에만 공개하고 있습니다. ※ 집옥재, 팔우정 개방 기간 : 9. 28.(수) ~ 11. 7.(월) *휴궁일 제외 <고종의 초대> 소개 '고궁책방'이 열리는 기간 중 3일간 인문학콘서트<고종의 초대>를 진행합니다. 집옥재가 다시 열리는 것을 기념하여 고종이 사랑하고 아꼈던 것들에 대해 전문가와 함께 이야기를 나눠보는 시간을 가집니다. 대한제국 시기 고종의 근대문물에 대한 해박한 지식과 관심을 엿볼 수 있는 '생활문화', '책', '과학' 3가지의 주제로 열리며, 강연과 대담 후에는 클래식 공연을 직접 선보입니다. 1. 일시 : 2022. 10. 7.(금) ~ 10. 9.(일) / 16:00 ~ 17:30(90분) 2. 장소 : 경복궁 집옥재 앞마당 3. 출연진 및 회차별 주제 ※ 출연진은 사정에 따라 변경 될 수 있습니다. ※ 사전예매를 통해 참석하신 분께는 소정의 음료 및 기념품을 제공합니다. ○ 10월 7일(금) / 1회 - 주제 : 고종이 사랑한 생활문화 - 사회 : 오유경 아나운서 - 패널 : 주영하 교수 ○ 10월 8일(토) / 2회 - 주제 : 고종이 사랑한 책 - 사회 : 김태훈 팝칼럼니스트 - 패널 : 윤지양 작가 ○ 10월 9일(일) / 3회 - 주제 : 고종이 사랑한 과학 - 사회 : 김태훈 팝칼럼니스트 - 패널 : 김상욱 물리학자 4. 예약 안내 ○ 예약일시 : 2022년 9월 22일(목) 14:00 ~ ○ 예매처 : 인터파크 티켓 - https://tickets.interpark.com/goods/22012722 ○ 관람료 : 선착순 무료(회차당 300명, 비지정석) /경복궁 입장권 별도구매 ○ 문의사항 : 02-3210-4683 / royalculture1@chf.or.kr - 문의 가능 시간 : 평일 11:00 ~ 16:00(점심시간 12:00 ~ 13:00)제외 5. 유의사항 ※ 아래의 유의사항을 꼭 읽어보시고 예매하시기 바랍니다. ※ 예매자는 본 안내 페이지의 모든 내용을 숙지 및 동의한 것으로 간주합니다. ○ 예약방법 : 궁중문화를 체험하고 싶은 일반 국민(미취학 아동 제외) ○ 티켓예매 - 티켓 예매 기간 : 9월 22일(목) 공연 전일 17시까지 - 예매 티켓 수령은 14시 30분에서 15시 30분까지 가능합니다. - <고종의 초대>는 사전예약이 원칙이며, 사전예약 인원 미달 및 현장에서 불참석자(No-Show)가 발생할 경우 공석은 현장에서 접수 받습니다. - 관람 신청일 부득이한 사정으로 관람이 불가능 하신 분들은 다른 분들의 관람을 위해 행사 전일 오후 17시까지 인터파크 홈페이지로 취소 바랍니다. ○ 티켓 수령 - 티켓 수령장소 : 경복궁 집옥재 앞 안내소 - 티켓 수령은 14 시 30 분에서 15 시 30 분까지 가능합니다 . - 공연 당일 30 분전까지 수령장소에서 티켓을 수령하지 않고 부재중시에 사전예약이 취소됩니다 . - 객석 오픈은 공연시작 1 시간 전부터 가능합니다 . - 티켓 수령 시 예매번호 또는 예매자 본인 신분증 + 휴대폰 번호 뒷자리를 확인해주셔야 티켓 수령이 가능합니다 . 원활한 티켓 수령을 위해 신분증 , 예매내역서 혹은 SMS( 예매번호가 포함된 메시지 ) 등을 지참하시기 바랍니다 . - 경복궁 입장료는 별도로 구매하여야 하며 , 행사가 진행되는 집옥재는 도보로 수분 이상 소요되오니 이 점 참고하시어 미리 도착해주시기 바랍니다 . ○ 행사 취소 및 변동관련 - 야외공간에서 진행되는 프로그램 특성상 회차별 2시간 전 1mm 이상 우천시 행사가 취소될 수 있는 점 양해 부탁드리며, 행사 취소 시 집결 2시간 전 안내메시지를 통해 발송 드리겠습니다. 또한 행사 시점 정부 방역수칙 및 궁궐 운영지침에 따라 운영사항이 변동 될 수 있습니다.",https://www.kh.or.kr/program/view/menu/1292?viewType=ach&idx=293&searchRound=9&searchStTime=&searchEnTime=&searchField=homeAll&searchText=,https://www.kh.or.kr/jnrepo/upload/jnPrgFestivalProgram/202209/8cb4d7397dd3424bb7d3dd9da75fef29_1663231643052.jpg,포스터,1,1,0,1,1,0,0,1,1,1,고궁책방(고궁책방-고종의 초대),체험,https://www.kh.or.kr/jnrepo/upload/jnPrgFestivalProgram/202209/8cb4d7397dd3424bb7d3dd9da75fef29_1663231643052.jpg,고궁책방(고궁책방-고종의 초대),체험,체험,사전예약,https://www.kh.or.kr/jnrepo/upload/jnPrgFestivalProgram/202209/8cb4d7397dd3424bb7d3dd9da75fef29_1663231643052.jpg
9,8회,292,수라간 시식공감,수라간 시식공감,수라간 시식공감,종료,체험,참여형,사전예약,1,0,0,2022-10-01~2022-10-16,2022-10-01,2022-10-16,16,2022,10,가을,18:00~21:00,18:00 ~ 21:00,1,18:00,21:00,,경복궁,경복궁,"경복궁 내·외소주방, 생과방 권역","경복궁 내·외소주방, 생과방 권역",경복궁,1일 4회(회당 30명),,"궁중문화를 보고 먹고 즐기고 감동한다는 ‘ 視 ( 공간 ), 食 ( 음식 ), 公 ( 공연 ), 感 ( 감동 )’ 을 주제로 궁중의 부엌 소주방에서 궁중음식문화를 직접 체험해보는 전통문화 복합체험 프로그램 - ‘ 밤의 생과방 ’( 국악공연 ), ‘ 식도락 × 시식공감 ’( 궁중수라 시식 ), ‘ 주방골목 ’( 간식 체험 ) 등 ○ 일시 : 2022. 10. 1.( 토 )~10. 16.( 일 ) * 10.11.( 화 ) 제외/ 1 8 : 0 0 ~ 2 1 : 0 0 ○ 장소 : 경복궁 내 · 외소주방 , 생과방 권역 ○ 참여인원 : 1 일 4 회 / 회당 30 명 ○ 참가비용 : 25,000 원 (1 인 최대 4 매 예매가능 ) ○ 예약방법 : 선착순 및 추첨제 ( 인터파크티켓 ) - ( 선착순 ) 9.19.( 월 ) 14 시 오픈 / 행사기간 : 10.1.( 토 )~10.6.( 목 ) - ( 추첨제 ) 9.19.( 월 ) 16 시 오픈 / 행사기간 : 10.7.( 금 ), 10.12.( 수 )~10.16.( 일 ) * 추첨제 예매기간 : 9.19.( 월 )~9.22.( 목 ) / 추첨제 발표 : 9.23.( 금 )",https://www.kh.or.kr/program/view/menu/1292?viewType=ach&idx=292&searchRound=9&searchStTime=&searchEnTime=&searchField=homeAll&searchText=,https://www.kh.or.kr/jnrepo/upload/jnPrgFestivalProgram/202209/ded646b429f249c8b1d4e9e9ec93660b_1662393822067.jpg,수라간 시식공감,0,0,1,1,1,0,0,1,1,1,수라간 시식공감,체험,https://www.kh.or.kr/jnrepo/upload/jnPrgFestivalProgram/202209/ded646b429f249c8b1d4e9e9ec93660b_1662393822067.jpg,수라간 시식공감,체험,체험,사전예약,https://www.kh.or.kr/jnrepo/upload/jnPrgFestivalProgram/202209/ded646b429f249c8b1d4e9e9ec93660b_1662393822067.jpg
9,8회,291,아티스트가 사랑한 궁(경회루 특별관람 연계),아티스트가 사랑한 궁(경회루 특별관람 연계),아티스트가 사랑한 궁(경회루 특별관람 연계),종료,공연,관람형,사전예약,1,0,0,2022-10-01~2022-10-09,2022-10-01,2022-10-09,9,2022,10,가을,10:00~16:00,10:00 ~ 16:00,1,10:00,16:00,,경복궁,경복궁,경회루,경회루,경복궁,,,"특별한 공간에서 펼쳐지는 특별한 만남, 아티스트가 사랑한 궁 '아티스트가 사랑한 궁'은 아티스트와 함께 궁궐 전각의 의미와 아름다움을 전달하는 공연입니다. 코로나19로 온라인으로 진행되었던 '아사궁'이 <2022 가을 궁중문화축전>을 맞아 직접 여러분을 만납니다. 이번 '아사궁'은 조선시대 궁중연회 장소였던 경복궁 경회루에서 국악 아티스트와 함께 합니다. 전문해설사의 안내를 따라 경회루 내부를 둘러보고 누각에 앉아 바람에 실려오는 선율에 귀를 기울여보세요. 깊어가는 가을, 경회루로 여러분을 초대합니다. 1. 행사 일정 : 2022.10.1.(토) ~ 10. 9.(일) 2. 입장시간 : 10:00 / 11:00 / 14:00 / 16:00 (관람시간 약 50분) 3. 인원 : 30명 4. 가격 : 무료(경복궁 입장권 구매 별도) 5. 프로그램 안내 ○ 함홍문 앞에서 관람 5분 전까지 대기하여 주시기 바랍니다. ○ 경회루 특별관람이 시작되면 입장할 수 없습니다. ○ 행사구성 : 경복궁 전문해설사의 해설 → 경회루 내부 자유관광 → 국악 아티스트 특별공연 ○ 특별선물 : 사전예매자에게는 '채화'를 친환경 옷감으로 재해석한 단풍잎 책갈피 겸 브로치를 선물로 드립니다. (1인 1개 한정 / 현장수령) ○ '아티스트가 사랑한 궁'은 1일 2팀, 9일간 총 18팀의 아티스트와 함께합니다. ○ 10. 1.(토) - 오전 : 최혜림 외 / 아쟁, 가야금, 기타 - 오후 : 김철진 외 / 가야금, 장구 ○ 10. 2.(일) - 오전 : 정소희 외 / 대금, 장구 - 오후 : 오드리(3인조) / 가야금 ○ 10. 3.(월) - 오전 : 김용성 외 / 가야금, 아쟁, 북, 장구 - 오후 : 조미현 외 / 피리, 가야금, 대금 ○ 10. 4.(화) - 오전 : 송경근 / 훈 - 오후 : 김나영 외 / 가야금, 피리, 바이올린 ○ 10. 5.(수) - 오전 : 오병옥 외 / 대금, 기타 - 오후 : 안나래 / 가야금 ○ 10. 6.(목) - 오전 : 이석호 외 / 대금, 생황 - 오후 : 삐리뿌(3인조) / 피리, 베이스 ○ 10. 7.(금) - 오전 : 김동근 외 / 퉁소, 대금, 장구 - 오후 : 곽재혁 외 / 피리, 장구 ○ 10. 8.(토) - 오전 : 한지수 외 / 생황, 기타 - 오후 : 주보라 외 / 가야금, 하프 ○ 10. 9.(일) - 오전 : 성한여름 외 / 아쟁, 장구 - 오후 : 강지은 외 / 해금, 가야금 6. 예매안내 ○ 티켓오픈 : 2022. 9. 23.(금) 14:00 ○ 티켓예매 : 인터파크티켓 - https://tickets.interpark.com/goods/22012711 ○ 예약방법 : 선착순 ○ 예약인원 : 1인당 최대 2매 ○ 티켓문의 : 1544-1555 7. 공지사항 (예매자는 본 안내 페이지의 모든 내용을 숙지 및 동의한 것으로 간주합니다.) ○ 관람연령 - 본 행사는 취학 아동 이상 참여가 가능합니다. - 미취학 아동은 행사 진행 및 안전상의 이유로 참여가 불가능한 점 양해 부탁드립니다. ○ 티켓예매 - 본행사의 티켓은 인터파크를 통한 사전예약을 원칙으로 하며, 그 외의 경로로는 판매하지 않습니다. - 별도의 현장판매는 진행되지 않습니다. - 예매하신 본인 입장이 원칙이며 타인 양도가 불가합니다. - 단, 가족관계일 경우, 등본, 가족관계증명서 등 증빙자료 현장 지참 시에만 예외적으로 양도가 가능합니다. ○ 티켓취소 - 티켓취소는 관람일 전일 오후 5시 이전까지 가능합니다. - 마감시간 경과 후 취소 및 변경은 불가합니다. - 예약 후에 사정 변경으로 관람이 불가능한 경우 반드시 예약 취소를 하여야 합니다. - 예약을 취소하지 않을 경우 추후 경회루 관람이 제한될 수 있습니다. ○ 참여안내 - 경회루 특별관람이 시작되면 입장할 수 없습니다. - 문화재 보호 및 원활한 관람을 위해 문화재 해설사의 인솔 하에 관람하며, 외국어 해설은 하지 않습니다. - 플래시와 삼각대는 사용이 불가하며, 음식물 반입 금지입니다. ○ 코로나19 방역안내 - 마스크 착용 및 관람객 간의 거리 유지 등 방역수칙을 준수해주시기 바랍니다.",https://www.kh.or.kr/program/view/menu/1292?viewType=ach&idx=291&searchRound=9&searchStTime=&searchEnTime=&searchField=homeAll&searchText=,https://www.kh.or.kr/jnrepo/upload/jnPrgFestivalProgram/202209/84e5b44ae7e94a7888051899686d82c6_1662392516481.jpg,아사궁 오프라인 썸네일,1,1,0,1,1,1,0,1,1,0,아티스트가 사랑한 궁(경회루 특별관람 연계),공연,https://www.kh.or.kr/jnrepo/upload/jnPrgFestivalProgram/202209/84e5b44ae7e94a7888051899686d82c6_1662392516481.jpg,아티스트가 사랑한 궁(경회루 특별관람 연계),공연,공연,사전예약,https://www.kh.or.kr/jnrepo/upload/jnPrgFestivalProgram/202209/84e5b44ae7e94a7888051899686d82c6_1662392516481.jpg
9,8회,290,고궁음악회 - 발레x수제천,고궁음악회 - 발레x수제천,고궁음악회 - 발레x수제천,종료,공연,관람형,사전예약,1,0,0,2022-10-01~2022-10-02,2022-10-01,2022-10-02,2,2022,10,가을,19:00~20:00,19:00 ~ 20:00,1,19:00,20:00,,경복궁,경복궁,경복궁 집옥재 앞마당,경복궁 집옥재 앞마당,경복궁,1일 1회(회당 400명),02-3210-0799,"[우천취소 공연 환불 안내] <고궁음악회-발레x수제천> 10/2(일) 공연이 우천으로 부득이하게 취소되었습니다. 사전 예매자 분들께는 취소수수료 없이 환불을 진행해드릴 예정입니다. 환불 절차는 금주(~10.7.) 중 완료될 예정이며, 카드사 및 은행 업무처리에 따라 최종 환불 처리에 3~4일이 추가 소요될 수 있다는 점 양해 부탁드립니다. 사전 예매자 여러분의 너른 이해에 다시 한 번 감사드립니다. 고궁음악회 - 발레 x 수제천 국악 장단 ( 수제천 , 침향무 , 설장구 등 ) 에 한국예술종합학교 발레단이 선보이는 국악과 발레의 크로스오버 공연 ○ 일시 : 2022. 10. 1.( 토 )~10. 2.( 일). 19:00~20:00 ○ 장소 : 경복궁 집옥재 앞마당 ○ 참여인원 : 1 일 1 회 / 회당 400 명 ○ 관람료 : 10,000 원 (1 인 최대 5 매 예매가능 ) ○ 예약방법 : 선착순 예매 / 2022. 9.22.( 목 ) 15 시 오픈 ( 인터파크티켓 )",https://www.kh.or.kr/program/view/menu/1292?viewType=ach&idx=290&searchRound=9&searchStTime=&searchEnTime=&searchField=homeAll&searchText=,https://www.kh.or.kr/jnrepo/upload/jnPrgFestivalProgram/202209/6bf543f2d5aa4bb98b43aa15f33f8ce4_1663347196990.PNG,포스터,0,0,0,1,1,0,0,1,0,1,고궁음악회 - 발레x수제천,공연,https://www.kh.or.kr/jnrepo/upload/jnPrgFestivalProgram/202209/6bf543f2d5aa4bb98b43aa15f33f8ce4_1663347196990.PNG,고궁음악회 - 발레x수제천,공연,공연,사전예약,https://www.kh.or.kr/jnrepo/upload/jnPrgFestivalProgram/202209/6bf543f2d5aa4bb98b43aa15f33f8ce4_1663347196990.PNG
9,8회,289,고궁청소년문화학교,고궁청소년문화학교,고궁청소년문화학교,종료,체험,참여형,사전예약,1,0,0,2022-10-01~2022-10-09,2022-10-01,2022-10-09,9,2022,10,가을,09:30~11:30,09:30 ~ 11:30,1,09:30,11:30,,경복궁,경복궁,"4대궁, 종묘","4대궁, 종묘",종묘,회당 40명/총 400명,02-6450-3859,"<신나는 역사배움터 고궁과 종묘로 모이자!> 고궁청소년문화학교는 초등학생들이 고궁의 역사를 바로 알고 궁중 문화를 직접 체험해보는 프로그램으로, 궁궐의 역사와 사건, 인물, 궁중 문화 등을 들려주는 이론 강의와 현장답사, 체험학습 등으로 구성되어 있습니다. 10. 1.(토) 창덕궁, 10. 2.(일) 경복궁, 10. 3.(월) 덕수궁, 10. 8.(토) 창경궁, 10. 9.(일) 종묘에서 3~4학년 1개조, 5~6학년 1개조, 총 2개조를 1회씩 운영합니다.(조별 선착순 40명) - 세부 장소 : 경복궁(수정전, 흥복전), 창덕궁(궐내각사 내 규장각, 약방), 덕수궁(함녕전, 정관헌), 창경궁(환경전, 통명전), 종묘(향대청, 악공청)",https://www.kh.or.kr/program/view/menu/1292?viewType=ach&idx=289&searchRound=9&searchStTime=&searchEnTime=&searchField=homeAll&searchText=,https://www.kh.or.kr/jnrepo/upload/jnPrgFestivalProgram/202209/a255e987a4994a8aa98f743302bb3c37_1663253975482.jpg,고궁청소년문화학교,0,0,0,0,0,0,0,1,0,0,고궁청소년문화학교,체험,https://www.kh.or.kr/jnrepo/upload/jnPrgFestivalProgram/202209/a255e987a4994a8aa98f743302bb3c37_1663253975482.jpg,고궁청소년문화학교,체험,체험,사전예약,https://www.kh.or.kr/jnrepo/upload/jnPrgFestivalProgram/202209/a255e987a4994a8aa98f743302bb3c37_1663253975482.jpg
9,8회,288,어린이 궁중문화축전,어린이 궁중문화축전,어린이 궁중문화축전,종료,체험,참여형,현장참여,0,1,0,2022-10-01~2022-10-03,2022-10-01,2022-10-03,3,2022,10,가을,10:00~17:00,10:00 ~ 17:00,1,10:00,17:00,,경복궁,경복궁,경복궁 숙설소 터,경복궁 숙설소 터,경복궁,1일 총 900명,,"가을 궁중문화축전을 맞이하여 궁으로 온 어린이들 중 뛰어난 인재를 선발하기 위하여 '어린이 궁중문화축전'이 열린다. 문과·무과·잡과 등 다양한 방면에서 '통(通)'을 얻어 과거에 급제할 끼많은 어린이들! 경복궁으로 모여라! 5개 이상의 '통'도장을 모으면 특별한 선물을 드립니다. - 일정: 2022. 10. 1.(토)~3.(월), 10:00~17:00(12:00~13:00 휴식시간) - 참여방법: 10시부터 현장접수로 진행되며 16:30 현장접수 마감(프로그램 참여는 17시까지 가능) - 장소: 경복궁 숙설소 터 * 본 프로그램은 무료로 진행됩니다. * 미취학 어린이 및 초등학생까지 참여를 권장합니다.",https://www.kh.or.kr/program/view/menu/1292?viewType=ach&idx=288&searchRound=9&searchStTime=&searchEnTime=&searchField=homeAll&searchText=,https://www.kh.or.kr/jnrepo/upload/jnPrgFestivalProgram/202210/73a9b858b54b4602aa410e93debf6c9a_1664684551944.jpg,어린이 궁중문화축전,1,1,0,0,0,0,0,1,1,0,어린이 궁중문화축전,체험,https://www.kh.or.kr/jnrepo/upload/jnPrgFestivalProgram/202210/73a9b858b54b4602aa410e93debf6c9a_1664684551944.jpg,어린이 궁중문화축전,체험,체험,현장참여,https://www.kh.or.kr/jnrepo/upload/jnPrgFestivalProgram/202210/73a9b858b54b4602aa410e93debf6c9a_1664684551944.jpg
9,8회,287,정오의 궁산책,정오의 궁산책,정오의 궁산책,종료,공식행사,행사형,현장참여,0,1,0,2022-10-04~2022-10-07,2022-10-04,2022-10-07,4,2022,10,가을,12:00~13:00,12:00 ~ 13:00,1,12:00,13:00,,경복궁,경복궁,경복궁 고궁박물관 옆 잔디마당,경복궁 고궁박물관 옆 잔디마당,경복궁,회차당 250명,,정오의 궁산책 궁에서 즐기는 휴식과 문화예술! 평일 정오에 궁을 방문한 직장인을 대상으로 진행하는 소규모 공연 프로그램으로 다양한 장르의 볼거리들을 통해 관람객에게 활력을 불어넣으며 휴식과 문화예술 장으로서 궁궐의 가치를 제고,https://www.kh.or.kr/program/view/menu/1292?viewType=ach&idx=287&searchRound=9&searchStTime=&searchEnTime=&searchField=homeAll&searchText=,https://www.kh.or.kr/jnrepo/upload/jnPrgFestivalProgram/202209/91600173f5f6446e92e53efef3ad1252_1662352205068.jpg,정오의 궁산책,0,0,0,1,0,1,0,0,0,0,정오의 궁산책,공식행사,https://www.kh.or.kr/jnrepo/upload/jnPrgFestivalProgram/202209/91600173f5f6446e92e53efef3ad1252_1662352205068.jpg,정오의 궁산책,공식행사,공식행사,현장참여,https://www.kh.or.kr/jnrepo/upload/jnPrgFestivalProgram/202209/91600173f5f6446e92e53efef3ad1252_1662352205068.jpg
9,8회,284,사방신을 찾아라,사방신을 찾아라,사방신을 찾아라,종료,체험,참여형,현장참여,0,1,0,2022-10-01~2022-10-09,2022-10-01,2022-10-09,9,2022,10,가을,11:00~16:00,11:00 ~ 16:00,1,11:00,16:00,,경복궁,경복궁,경복궁 일대,경복궁 일대,경복궁,"1일 280명, 기간 내 총 2,520명",,"경복궁을 수호하는 사방신(청룡, 백호, 주작, 현무)이 매시 정각 경복궁에 나타나 시민들에게 미션을 주고 성공하면 특별한 선물을 증정하는 이벤트 경복궁을 수호하는 사방신(청룡, 백호, 주작, 현무)이 궁중문화축전을 맞이하여 경복궁에 나타났다. 이들을 발견하면 특별한 미션과 함께 선물을 준다는데... 11시부터 16시까지 매시 정각 무작위로 장소에 나타나며, 해당 장소는 궁중문화축전 인스타그램에 스토리로 안내됩니다.",https://www.kh.or.kr/program/view/menu/1292?viewType=ach&idx=284&searchRound=9&searchStTime=&searchEnTime=&searchField=homeAll&searchText=,https://www.kh.or.kr/jnrepo/upload/jnPrgFestivalProgram/202209/76546e97e26f48bb94525c8e1db45448_1662351217355.jpg,사방신을 찾아라,1,0,0,0,0,0,0,0,0,0,사방신을 찾아라,체험,https://www.kh.or.kr/jnrepo/upload/jnPrgFestivalProgram/202209/76546e97e26f48bb94525c8e1db45448_1662351217355.jpg,사방신을 찾아라,체험,체험,현장참여,https://www.kh.or.kr/jnrepo/upload/jnPrgFestivalProgram/202209/76546e97e26f48bb94525c8e1db45448_1662351217355.jpg
9,8회,283,궁중놀이방,궁중놀이방,궁중놀이방,종료,체험,참여형,현장참여,0,1,0,2022-10-01~2022-10-09,2022-10-01,2022-10-09,9,2022,10,가을,10:00~17:00,10:00 ~ 17:00,1,10:00,17:00,,경복궁,경복궁,집경당,집경당,경복궁,1일 200명,,"<궁중놀이방> ○ 기간 : 2022. 10. 1.(토) ~ 10. 9.(일), 10:00 ~ 17:00 / 상시 운영 ○ 장소 : 경복궁 집경당 행각 내·외부 ○ 내용 : 궁(宮)이둥이와 함께 궁중놀이인 쌍륙, 칠교, 공기놀이 등을 전각 내부에서 즐길 수 있는 프로그램 ○ 관람인원 : 1일 200명, 총 1,800명 / 현장 진행(무료)",https://www.kh.or.kr/program/view/menu/1292?viewType=ach&idx=283&searchRound=9&searchStTime=&searchEnTime=&searchField=homeAll&searchText=,https://www.kh.or.kr/jnrepo/upload/jnPrgFestivalProgram/202210/17ca20cceb314524b7529c1c50454579_1664686209732.jpg,궁중놀이방,0,0,0,0,0,0,0,0,1,0,궁중놀이방,체험,https://www.kh.or.kr/jnrepo/upload/jnPrgFestivalProgram/202210/17ca20cceb314524b7529c1c50454579_1664686209732.jpg,궁중놀이방,체험,체험,현장참여,https://www.kh.or.kr/jnrepo/upload/jnPrgFestivalProgram/202210/17ca20cceb314524b7529c1c50454579_1664686209732.jpg
9,8회,274,"심쿵쉼궁 - 궁을 읽다, 보다, 느끼다","심쿵쉼궁 - 궁을 읽다, 보다, 느끼다","심쿵쉼궁 - 궁을 읽다, 보다, 느끼다",종료,공식행사,행사형,현장참여,0,1,0,2022-10-01~2022-10-09,2022-10-01,2022-10-09,9,2022,10,가을,10:00~17:00,10:00 ~ 17:00,1,10:00,17:00,,경복궁,경복궁,"경복궁 집옥재, 향원정","경복궁 집옥재, 향원정",경복궁,제한 없음,,"심쿵쉼궁 - 궁을 읽다, 보다, 느끼다 궁에서의 쉼을 주제로 휴식 공간을 조성한 체험 프로그램 궁을 읽다 10. 1.(토)~10. 9.(일) 10:00~17:00 - 독서의 계절인 가을, 고종의 서재이자 외국사신들을 접견했던 집옥재에서 책을 읽고 휴식 할 수 있는 공간 조성 궁을 보다 10. 1.(토)~10. 9.(일) 10:00~17:00 - 왕과 왕비가 휴식을 취하던 향원정에서 잠시 앉아 명상 및 사색을 할 수 있는 공간 조성 궁을 느끼다 10. 1.(토)~10. 9.(일) 10:00~17:00 - 3년에 걸쳐 복원을 완료한 향원정의 의미를 담아 왕과 왕비가 추수부용루에서 바라보았던 위치에 자이언트 플라워를 설치하여 사진찍고 아로마테라피를 할 수 있는 공간 조성",https://www.kh.or.kr/program/view/menu/1292?viewType=ach&idx=274&searchRound=9&searchStTime=&searchEnTime=&searchField=homeAll&searchText=,https://www.kh.or.kr/jnrepo/upload/jnPrgFestivalProgram/202209/9db37e77da0643aa84268f2c85447632_1662347180028.jpg,심쿵쉼궁,0,0,0,0,0,0,0,0,0,1,"심쿵쉼궁 - 궁을 읽다, 보다, 느끼다",공식행사,https://www.kh.or.kr/jnrepo/upload/jnPrgFestivalProgram/202209/9db37e77da0643aa84268f2c85447632_1662347180028.jpg,"심쿵쉼궁 - 궁을 읽다, 보다, 느끼다",공식행사,공식행사,현장참여,https://www.kh.or.kr/jnrepo/upload/jnPrgFestivalProgram/202209/9db37e77da0643aa84268f2c85447632_1662347180028.jpg
9,8회,272,천하제일 쌍륙대전,천하제일 쌍륙대전,천하제일 쌍륙대전,종료,체험,참여형,사전예약,1,0,0,2022-10-08~2022-10-09,2022-10-08,2022-10-09,2,2022,10,가을,13:00~17:00,13:00 ~ 17:00,1,13:00,17:00,,경복궁,경복궁,경복궁 빈궁소주방 터,경복궁 빈궁소주방 터,경복궁,"1팀 최대 6명, 1일 16팀",royalculture1@chf.or.kr 02-3210-4621,,https://www.kh.or.kr/program/view/menu/1292?viewType=ach&idx=272&searchRound=9&searchStTime=&searchEnTime=&searchField=homeAll&searchText=,https://www.kh.or.kr/jnrepo/upload/jnPrgFestivalProgram/202209/d484f966b1244b5c833416bcb4f0389b_1662343627892.jpg,천하제일 쌍륙대전,0,0,0,0,0,0,0,1,0,0,천하제일 쌍륙대전,체험,https://www.kh.or.kr/jnrepo/upload/jnPrgFestivalProgram/202209/d484f966b1244b5c833416bcb4f0389b_1662343627892.jpg,천하제일 쌍륙대전,체험,체험,사전예약,https://www.kh.or.kr/jnrepo/upload/jnPrgFestivalProgram/202209/d484f966b1244b5c833416bcb4f0389b_1662343627892.jpg
9,8회,268,경복궁 타임스코프,경복궁 타임스코프,타임스코프,종료,체험,참여형,현장참여,0,1,0,2022-05-04~2022-10-31,2022-05-04,2022-10-31,181,2022,5,봄,10:00~17:00,10:00 ~ 17:00,1,10:00,17:00,,경복궁,경복궁,경복궁 흥례문 동편 회랑,경복궁 흥례문 동편 회랑,경복궁,제한없음,02-2270-1282,"1. 행사안내 ○ 행사일정 : 2022. 5. 4.(수) ~ 2022. 10. 31.(월) ○ 관람요일 : 휴궁일(화요일)제외 ○ 관람시간 : 10:00~17:00 ○ 위치 : 경복궁 흥례문을 지나 오른쪽 회랑 ○ 문의 : 02-2270-1282 2. 프로그램안내 ○ <경복궁 시간여행 - 「타임스코프」>는 3D로 재현한 조선시대의 경복궁을 VR과 AR로 체험할 수 있는 프로그램입니다. ○ 육조거리 시간 여행을 통해 조선시대 육조거리와 왕의 행렬, 광화문과 2층 내부 관람. ○ 경회루에서 수려한 풍광을 보며 뱃놀이, 불꽃놀이, 경회루 2층 관람. ○ 취향교 위와 향원정 앞 관람 후 고즈넉한 자연을 품은 향원정에서 사계절의 풍경 변화 관람. 3. 이벤트 안내 ○ 경복궁 시간여행 - 「타임스코프」 & 천록 증강현실(AR)체험 사진을 해시태그와 함께 sns에 공유하면 추첨을 통해 매주 15명에게 ‘조선왕실등 만들기 키트’ 증정 - 이벤트 참여 방법 Step1 : 경복궁 타임스코프 체험하기 Step2 : 체험인증 사진 또는 행사장 곳곳 사진 찍기 Step3 : 천록 증강현실(AR) 체험사진 or 캡쳐 찍기 Step4 : 촬영한 사진을 체험후기와 함께 SNS 업로드 - 반드시 해시태그 #한양도성타임머신 #경복궁타임스코프 #경복궁시간여행 달아주세요. - 생생한 체험후기와 사진을 올려주시면 당첨확율 UP!!",https://www.kh.or.kr/program/view/menu/1292?viewType=ach&idx=268&searchRound=9&searchStTime=&searchEnTime=&searchField=homeAll&searchText=,https://www.kh.or.kr/jnrepo/upload/jnPrgFestivalProgram/202205/9f85e29fefcd4f6e8df5b6a05295876e_1652860266841.png,타임스코프,0,0,0,0,0,0,0,0,0,0,경복궁 타임스코프,체험,https://www.kh.or.kr/jnrepo/upload/jnPrgFestivalProgram/202205/9f85e29fefcd4f6e8df5b6a05295876e_1652860266841.png,경복궁 타임스코프,체험,체험,현장참여,https://www.kh.or.kr/jnrepo/upload/jnPrgFestivalProgram/202205/9f85e29fefcd4f6e8df5b6a05295876e_1652860266841.png
9,8회,208,경복궁 수문장 교대의식,경복궁 수문장 교대의식,수문장 교대의식,종료,재현,관람형,현장참여,0,1,0,2022-01-01~2022-12-31,2022-01-01,2022-12-31,365,2022,1,기타,월 10:00 / 14:00,월 10:00 / 14:00,1,10:00,14:00,,경복궁,경복궁,흥례문 광장,흥례문 광장,경복궁,,,"경복궁 수문장 경복궁 흥례문 광장 상시진행 10:00, 14:00 (각 20분) 경복궁에서 만나는 조선 전기 수문장 수문장은 흥인지문, 숭례문 등 도성의 문과 임금이 생활하는 궁궐의 문을 지키는 책임자로 4품 이상의 무관 중에서 왕이 직접 임명했습니다. 정해진 절차에 따라 광화문을 여닫고 근무교대를 통해 국가의 중심인 국왕과 왕실을 호위함으로써 나라의 안정에 기여했습니다. 2002년부터 이어져 오는 경복궁 수문장 교대의식은 수문장 제도가 정비된 15세기 조선 전기를 배경으로 고증을 거친 복식과 의장물, 장엄한 의식을 재현합니다. 수문장 교대의식 자세한 내용 보기",https://www.kh.or.kr/program/view/menu/1292?viewType=ach&idx=208&searchRound=9&searchStTime=&searchEnTime=&searchField=homeAll&searchText=,https://www.kh.or.kr/jnrepo/upload/jnPrgFestivalProgram/202205/416afaf7c7384a60aacb999ee04b5689_1651901894982.jpg,수문장 교대의식 사진,0,0,0,0,1,0,0,0,0,1,경복궁 수문장 교대의식,재현,https://www.kh.or.kr/jnrepo/upload/jnPrgFestivalProgram/202205/416afaf7c7384a60aacb999ee04b5689_1651901894982.jpg,경복궁 수문장 교대의식,재현,재현,현장참여,https://www.kh.or.kr/jnrepo/upload/jnPrgFestivalProgram/202205/416afaf7c7384a60aacb999ee04b5689_1651901894982.jpg
9,8회,206,경복궁 생과방,경복궁 생과방,생과방,종료,체험,참여형,사전예약,1,0,0,2022-09-07~2022-10-20,2022-09-07,2022-10-20,44,2022,9,가을,10:00~15:30,10:00 ~ 15:30,1,10:00,15:30,,경복궁,경복궁,경복궁 생과방,경복궁 생과방,경복궁,1일 4회(회당 30명),02-3210-4807,"경복궁 생과방 2022. 9. 7.~10. 20. 10:00~17:00/ 사전예매(9. 15. 오픈)/ 유료 *모든 체험은 사전예약으로 진행됩니다. *궁궐 입장료 별도 있습니다. 궁궐 속 비밀공간에서 즐기는 특별한 시간 창밖을 바라보며 여유롭게 차를 마시는 이곳은 경복궁의 비밀공간, 생과방입니다. 생과방은 궁중의 육처소(六處所) 가운데 하나로 국왕과 왕비의 후식과 별식을 준비하던 곳이며 조선 왕조실록 내용을 토대로 실제 임금이 먹었던 궁중병과와 약차를 오늘날도 즐길 수 있도록 구성한 유료 체험 프로그램입니다.",https://www.kh.or.kr/program/view/menu/1292?viewType=ach&idx=206&searchRound=9&searchStTime=&searchEnTime=&searchField=homeAll&searchText=,https://www.kh.or.kr/jnrepo/upload/jnPrgFestivalProgram/202205/b68623af51a74d679895bdac41f6dd9d_1651901854541.jpg,경복궁 생과방 이미지,0,0,0,0,1,0,0,1,1,1,경복궁 생과방,체험,https://www.kh.or.kr/jnrepo/upload/jnPrgFestivalProgram/202205/b68623af51a74d679895bdac41f6dd9d_1651901854541.jpg,경복궁 생과방,체험,체험,사전예약,https://www.kh.or.kr/jnrepo/upload/jnPrgFestivalProgram/202205/b68623af51a74d679895bdac41f6dd9d_1651901854541.jpg
8,7회,228,"궁, 기록보관소","궁, 기록보관소","궁, 기록보관소",종료,전시,관람형,현장참여,0,1,0,2021-10-16~2021-10-24,2021-10-16,2021-10-24,9,2021,10,가을,10:00~18:00,10:00 ~ 18:00,1,10:00,18:00,,경복궁,경복궁,경복궁 근정전 회랑,경복궁 근정전 회랑,경복궁,,,"<궁, 기록보관소> 전시 종료 안내 10.16.(토) ~ 10.24.(일) 전시가 모두 종료되었습니다. 관람해주셔서 감사합니다. 궁, 기록보관소 경복궁 근정전 회랑 | 2021.10.16.(토)~10.24.(일) 10:00~18:00 *경복궁 야간개장 진행 시 21:00까지 연장 운영됩니다. *세부일정은 추후 안내될 예정이며, 상황에 따라 세부 내용 및 일정, 시간은 변경될 수 있습니다. *경복궁 입장권은 별도로 구매하셔야 합니다. 궁을 즐기는 21가지 방법 사진과 수필, 영상, 그림 등 궁을 즐기는 다양한 방법들이 경복궁에 기록됩니다. 제5회 궁능활용사업 공모전을 통해 수상한 ‘그냥공주가 창경궁을 즐기는 방법’부터 ‘궁을 정복하는 퍼즐’까지 5대 궁궐과 종묘 일원을 배경으로 시민이 직접 담아낸 다양한 ‘궁을 즐기는 방법’ 21가지를 전시로 선보입니다. 경복궁을 오가며 만날 이번 전시를 통해 내가 몰랐던 새로운 방법들도 알아보고 나만의 방법도 발견해보는 즐거운 시간이 되시길 바랍니다. 선정작 [대상] 그냥공주가 창경궁을 즐기는 방법 | 손유정, 황영재 - 영상 [최우수상] 9가지 이야기 | 서예원 - 사진 [우수상] 아는 만큼 멋진 우리의 궁 | 유병준, 유지훈, 성지원 - 영상 뒷모습 | 박호열 - 사진에세이 당신이 그립습니다 | 차준호 - 영상 [장려상] 아름다운 우리의 고궁 | 김재효 - 그림(드로잉) 고궁 애니멀즈 | 김준성 - 그림(웹툰) 고요 | 전희찬 - 사진 ROYAL palace(궁궐) | 김한준 - 사진에세이 다른 時點을 같은 視點으로 | 이준영 - 영상 경복궁 활용법-경복궁과의 대화 | 서정현 - 영상 [입선] 알쓸궁잡-경복궁 편- | 신제이 - 그림(웹툰) 궁능에서의 한장 | 정희수 - 그림(드로잉) 고궁에서 만나요 | 리제나킴 - 그림(드로잉) 궁: 품격있는 아름다움에 대하여 | 이자은 -그림(드로잉) 우리 모두 궁궐의 주인이다 | 심수연, 김초은 - 사진에세이 오일파스텔로 담아본 창덕궁 나들이 | 한윤아 - 영상 궁을 담다 | 최고원, 강상현, 최은형 - 영상 민진이의 경복궁 나들이 | 안예진, 곽민진 - 사진에세이 궁, 한국을 담다 | 최은지 - 영상 궁을 정복하는 퍼즐 | 심건우, 고병훈, 손예찬 - 영상 *진행요원의 안내에 따라 안전한 관람 부탁드리며, 마스크 미·오착용 시 관람이 불가함을 안내 드립니다.",https://www.kh.or.kr/program/view/menu/1292?viewType=ach&idx=228&searchRound=8&searchStTime=&searchEnTime=&searchField=homeAll&searchText=,https://www.kh.or.kr/jnrepo/upload/jnPrgFestivalProgram/202109/6715dc33125c49cc8c24233433866bd9_1632195315275.png,궁기록보관소,0,0,1,0,1,0,0,0,1,0,"궁, 기록보관소",전시,https://www.kh.or.kr/jnrepo/upload/jnPrgFestivalProgram/202109/6715dc33125c49cc8c24233433866bd9_1632195315275.png,"궁, 기록보관소",전시,전시,현장참여,https://www.kh.or.kr/jnrepo/upload/jnPrgFestivalProgram/202109/6715dc33125c49cc8c24233433866bd9_1632195315275.png
8,7회,227,궁으로 온 팔도강산 - 대동예(藝)지도,궁으로 온 팔도강산 - 대동예(藝)지도,궁으로 온 팔도강산 - 대동예(藝)지도,종료,전시,관람형,사전예약,1,0,0,2021-10-16~2021-10-24,2021-10-16,2021-10-24,9,2021,10,가을,10:00~18:00,10:00 ~ 18:00,1,10:00,18:00,,경복궁,경복궁,경복궁 곳곳,경복궁 곳곳,경복궁,,02-3210-4684,"궁으로 온 팔도강산 - 대동예(藝)지도 전시 종료 안내 10.16.(토) ~ 10.24.(일) 전시가 모두 종료되었습니다. 관람해주셔서 감사합니다. 궁으로 온 팔도강산 - 대동예(藝)지도- 야간관람 안내 10.21.(수) ~ 10.24.(일) 한해 경복궁 야간관람 입장 가능하신 분에 한해서 야간 전시 관람이 가능합니다. 자세한 내용은 아래 안내 바로가기 링크를 참고해주시면 감사하겠습니다. ▶ 경복궁 전시 야간관람 관련 안내 바로가기 궁으로 온 팔도강산 - 대동예(藝)지도 - 주간관람 안내 경복궁 곳곳 | 2021.10.16.(토)~10.24.(일) 10:00~18:00(17:00 입장마감) *주간(10:00~18:00)에는 별도 예약 없이 경복궁 입장권만 구매하시면 관람 가능합니다. *경복궁 야간개장 진행 시 21:30까지 연장 운영됩니다. *세부일정은 추후 안내되며 상황에 따라 세부 내용 및 일정, 시간은 변경될 수 있습니다. *경복궁 입장권은 별도로 구매하셔야 합니다. 궁중문화축전x지역문화예술, 궁으로 온 선물 조선의 법궁인 경복궁에 팔도강산에서 다양한 선물들이 도착했습니다. 예술로 승화된 지역의 문화 유산들은 경복궁을 수놓고 한층 더 아름답게 만들어줍니다. 흥례문 광장에 모인 팔도의 선물상자를 시작으로 나주의 천연염색이 물든 쪽빛 근정문을 지나, 수정전 앞에서는 가을 만월을 품은 달항아리, 차 향기가 물씬 풍기는 보성의 녹차밭을 만날 수 있습니다. 바다를 한 아름 안고 입궁한 제주 해녀들도 빼놓을 수 없습니다. 은은한 빛으로 수정전을 밝히는 수백 개의 담양의 대나무등, 수천 개의 꽃이 비처럼 쏟아지는 원주의 한지는 아름다운 샹들리에가 되어 여러분을 기다립니다. 마지막으로 경회루 바람에 살랑이는 진주에서 온 2,000여 개의 실크등이 한데 어우러져 비로소 궁궐 속 대동예(藝)지도가 완성됩니다. 팔도를 여행한 듯한 기분, 여기 경복궁에서 만나보세요. ⊙흥례문 광장 ‘아낌없이 주는 궁’ ⊙근정문 우측 ‘쪽빛 하늘을 담은 궁’ ⊙수정전 앞 잔디 ‘보름달을 품은 궁’ ⊙수정전 앞 ‘차 향기 가득한 궁’ ⊙수정전 우측1 ‘궁으로 온 제주바다’ ⊙수정전 우측2 ‘반짝반짝 예쁜 궁’ ⊙수정전 좌측 ‘꽃비가 내리는 궁’ ⊙경회루 앞 ‘궁에서 심쿵쉼궁’ <궁으로 온 팔도강산 - 대동예(藝)지도>는 궁중문화축전과 지자체 문화축제가 연계해 예술작품을 선보이는 프로그램입니다. 나주 ‘천연염색’ 축제, 보성 ‘세계차엑스포’, 제주 ‘생태프로젝트’, 담양 ‘대나무’ 축제와 원주의 ‘한지’ 문화제, 진주 ’실크’ 박람회가 함께합니다. 궁중문화축전은 궁을 중심으로 전국의 지자체가 다 함께 참여하는 지역의 문화유산 및 축제의 교류 플랫폼이자 허브로 기능하며 대한민국 대표 문화유산 활용축제로 역할하고자 합니다. 다양한 작품들은 경복궁과 잘 어울리면서도 작품을 돋보이게 할 형태로 선보일 예정이며 축전 기간 중 9일간만 만나실 수 있습니다. 모든 전시는 방역 수칙을 준수하여 도보 이동형(워킹쓰루)으로 안전하게 진행될 예정입니다. *진행요원의 안내에 따라 안전한 관람 부탁드리며, 마스크 미·오착용 시 관람이 불가함을 안내 드립니다.",https://www.kh.or.kr/program/view/menu/1292?viewType=ach&idx=227&searchRound=8&searchStTime=&searchEnTime=&searchField=homeAll&searchText=,https://www.kh.or.kr/jnrepo/upload/jnPrgFestivalProgram/202110/6ae80d43830e426aba66259c4145e9a7_1633247547685.png,대동예지도,1,0,1,0,1,0,0,1,1,1,궁으로 온 팔도강산 - 대동예(藝)지도,전시,https://www.kh.or.kr/jnrepo/upload/jnPrgFestivalProgram/202110/6ae80d43830e426aba66259c4145e9a7_1633247547685.png,궁으로 온 팔도강산 - 대동예(藝)지도,전시,전시,사전예약,https://www.kh.or.kr/jnrepo/upload/jnPrgFestivalProgram/202110/6ae80d43830e426aba66259c4145e9a7_1633247547685.png
7,6회,191,경복궁 생과방,경복궁 생과방,생과방,종료,체험,참여형,현장참여,0,1,0,2020-10-10~2020-11-16,2020-10-10,2020-11-16,38,2020,10,가을,10:00~17:00,10:00 ~ 17:00,1,10:00,17:00,,경복궁,경복궁,소주방,소주방,경복궁,,,"경복궁 , 차 한 잔의 여유 여기 경복궁에도 여유롭게 휴식을 즐기고 다과를 맛볼 수 있는 곳이 있습니다 . 궁중의 육처소 ( 六處所 ) 가운데 하나로 국왕과 왕비의 후식과 별식을 준비하던 곳 , ' 생과방 ' 입니다 . ' 경복궁 생과방 ' 은 조선왕조실록 내용을 토대로 실제 임금이 먹었던 궁중병과와 약차를 오늘날도 즐길 수 있도록 구성한 유료 체험 프로그램입니다 .​ 생과방 바로가기",https://www.kh.or.kr/program/view/menu/1292?viewType=ach&idx=191&searchRound=7&searchStTime=&searchEnTime=&searchField=homeAll&searchText=,https://www.kh.or.kr/jnrepo/program/1ovo020201018114956693.png,,0,0,0,0,1,0,0,0,1,1,경복궁 생과방,체험,https://www.kh.or.kr/jnrepo/program/1ovo020201018114956693.png,경복궁 생과방,체험,체험,현장참여,https://www.kh.or.kr/jnrepo/program/1ovo020201018114956693.png
7,6회,188,천상풍류,천상풍류,천상풍류,종료,공연,관람형,현장참여,0,1,0,2020-10-18~2020-10-18,2020-10-18,2020-10-18,1,2020,10,가을,19:30~21:00,19:30 ~ 21:00,1,19:30,21:00,,경복궁,경복궁,경회루,경회루,경복궁,,,"천상풍류 , 별에서 온 그들의 이야기 밤하늘에 뜬 별을 보면 어떤 생각이 드시나요 ? 별은 동서고금을 막론하고 신비로운 존재로 , 별 하나하나에는 수많은 인간의 꿈과 이야기가 담겨 있습니다 . 별과 별자리는 옛 사람들에게 농경생활에 필요한 역법을 제공했고 , 나아갈 길을 알려주었습니다 . 별을 통해 하늘의 질서를 관찰하기 시작한 것은 무려 1500 년 전 고구려인들의 흔적으로 거슬러 올라갑니다 . 무덤의 나라라 일컫어질 정도로 많은 고분을 축조한 고구려인들은 , 천문과 이상향에 대한 꿈이 결합된 하나의 소우주를 ‘ 고분벽화’에 담아냈습니다 . 유네스코 (UNESCO) 문화유산으로도 등재된 고구려 고분벽화는 천상의 풍류를 꿈꾸는 선인들과 상서로운 짐승들이 해와 달과 별들 사이를 날아다니며 노니는 신화의 하늘을 그렸습니다 . 또한 동서남북의 사방위에 심방육성 , 삼벌육성 , 남두육성 , 북두칠성을 배치하고 , 청룡 , 백호 , 주작 , 현무의 사신도를 묘사하였습니다 . 이번 < 천상풍류 > 는 1500 년 전 고구려 하늘의 하늘세계를 재해석한 화려한 영상을 배경으로 한국의집 상설프로그램인 진도북춤 , 학춤 , 부채춤 , 강강술래 등을 녹여낸 작품으로 아름다운 별 이야기와 함께 임을 향한 여인의 마음이 어우러진 한국적 판타지를 선보입니다 . 오프라인 공연 ​ 1 회 | 19:30 ~ 20:00(30 분 ) / 2 회 | 20:30 ~ 21:00(30 분 ) 티켓 수령 및 ​입장안내 ​ ​ ▶ 관람대상 | 경복궁 야간 관람권 구매자 혹은 입장 가능자 ▶ 관람인원 | 회차별 100 명(선착순) ▶ 티켓수령 - 수령시간 | 2020. 10. 18.( 일 ) 19:00 ~ 19:30 - 수령장소 | 경복궁 흥례문 ( 궁중문화축전 조형물 앞 ) *경복궁 야간관람 네이버 예약자는 10 월 18일자 경복궁 야간관람 네이버 예약확인 페이지로 확인 가능 *예약 인원 모두 함께와야 팔찌티켓 착용 가능 유의사항 ※ ​ ​10월 18일자 경복궁 야간입장 가능자 에 한해 공연을 관람하실 수 있습니다 . ※ ​ ​ 회차별 1 인 1 매 선착순으로 현장 배포합니다 .",https://www.kh.or.kr/program/view/menu/1292?viewType=ach&idx=188&searchRound=7&searchStTime=&searchEnTime=&searchField=homeAll&searchText=,https://www.kh.or.kr/jnrepo/program/3vsl420201018130834051.png,,0,0,1,1,1,0,0,1,0,1,천상풍류,공연,https://www.kh.or.kr/jnrepo/program/3vsl420201018130834051.png,천상풍류,공연,공연,현장참여,https://www.kh.or.kr/jnrepo/program/3vsl420201018130834051.png
7,6회,187,"고궁사진전 ‘궁을 걷다, 멋을 입다’","고궁사진전 ‘궁을 걷다, 멋을 입다’","고궁사진전 ‘궁을 걷다, 멋을 입다’",종료,전시,관람형,현장참여,0,1,0,2020-10-10~2020-10-18,2020-10-10,2020-10-18,9,2020,10,가을,09:00~21:00,09:00 ~ 21:00,1,09:00,21:00,,경복궁,경복궁,근정전 회랑,근정전 회랑,경복궁,,,"​ ​ 고궁의 추억 , 사진 속에 남기다 온라인전시 보러가기 한동안 경복궁은 찾아오던 관람객들로 북적 했었습니다. 왕과 왕비의 복식이나 갓을 쓴 선비의 모습, 남녀의 한복을 바꿔입어 보기도 하고 반짝반짝 금실로 가득 수놓아진 한복까지. 각자 자신에게 어울리는 모습으로 혹은 되고싶거나 따라하고픈 모습으로 차려입고 궁을 찾기도 했었습니다. ​ 2020년 지금, 발걸음이 줄어든 우리의 궁궐은 잠시 쉬어갔지만 일상 속에 설렘으로 가득했던 궁을 기억합니다. 그 설렘을 담아 진행되었던 고궁사진 공모전 ‘궁을 걷다 , 멋을 입다’가 지난 9월 진행되었습니다. 그리고 공모전에서 수상한 작품들이 근정전 회랑에 걸립니다 . 렌즈 속에 고스란히 담긴 5 대궁과 종묘의 사계절 . 2020 년 지금 , 경복궁 근정전이 지켜보는 한가운데 추억 속 그 사진을 전시합니다 . 수상작들은 웹페이지로도 만나 보실 수 있습니다 . 전시 보러가기 경복궁 근정전 회랑 10.10.( 토 )~10.18.( 일 ) 09:00~21:00 (19:00 이후 경복궁 야간 특별관람권 구매자 관람 가능 ) ​ *경복궁 운영시간에 따라 전시 관람 시간이 변경될 수 있습니다 .",https://www.kh.or.kr/program/view/menu/1292?viewType=ach&idx=187&searchRound=7&searchStTime=&searchEnTime=&searchField=homeAll&searchText=,https://www.kh.or.kr/jnrepo/program/ckgn620201013144642501.png,,0,0,1,0,1,0,1,0,0,1,"고궁사진전 ‘궁을 걷다, 멋을 입다’",전시,https://www.kh.or.kr/jnrepo/program/ckgn620201013144642501.png,"고궁사진전 ‘궁을 걷다, 멋을 입다’",전시,전시,현장참여,https://www.kh.or.kr/jnrepo/program/ckgn620201013144642501.png
7,6회,179,궁궐캐릭터공모전 전시,궁궐캐릭터공모전 전시,궁궐캐릭터공모전 전시,종료,전시,관람형,현장참여,0,1,0,2020-10-10~2020-10-18,2020-10-10,2020-10-18,9,2020,10,가을,09:00~21:00,09:00 ~ 21:00,1,09:00,21:00,,경복궁,경복궁,근정전 회랑,근정전 회랑,경복궁,,,"5대궁, 캐릭터에 빠지다 온라인 전시 보러가기 궁궐을 사랑하는 여러분, 5대궁이 어디인지 아시나요? 바로 경복궁, 창덕궁, 덕수궁, 창경궁 그리고 경희궁입니다. 여기 궁궐과 왕릉은 조선과 대한제국의 역사와 전통이 담겨있는 우리의 자랑스러운 문화유산입니다. 대한민국을 대표하는 문화유산, 5대궁을 더 가깝고 친근하게 만날 수 있도록 2020년 궁궐캐릭터공모전을 진행했습니다. 무려 565건의 응모작 중 많은 분들이 투표해주신 7건의 작품이 궁중문화축전 기간동안 전시됩니다. 각각의 캐릭터들이 가진 숨은 이야기를 만나러 오세요. 이 캐릭터들은 앞으로 궁을 대표하는 얼굴로 우리를 환하게 맞이하고 궁궐을 수호할 것입니다.",https://www.kh.or.kr/program/view/menu/1292?viewType=ach&idx=179&searchRound=7&searchStTime=&searchEnTime=&searchField=homeAll&searchText=,https://www.kh.or.kr/jnrepo/program/0bqk220201016081904252.png,,0,0,0,0,0,0,0,0,0,0,궁궐캐릭터공모전 전시,전시,https://www.kh.or.kr/jnrepo/program/0bqk220201016081904252.png,궁궐캐릭터공모전 전시,전시,전시,현장참여,https://www.kh.or.kr/jnrepo/program/0bqk220201016081904252.png
6,5회,83,경복궁 고궁음악회 - 영추문 대동놀이,경복궁 고궁음악회 - 영추문 대동놀이,고궁음악회 - 영추문 대동놀이,종료,공연,관람형,현장참여,0,1,0,2019-04-27~2019-05-05,2019-04-27,2019-05-05,9,2019,4,봄,16:00~16:40,16:00 ~ 16:40,1,16:00,16:40,,경복궁,경복궁,"근정전, 수정전, 영추문","근정전, 수정전, 영추문",경복궁,,,"영추문 개방을 계기로 길놀이 형식으로 구성한 음악회입니다. 영추문 (迎秋 門)은 경복궁의 서문으로, 주로 문무백관들이 출입하던 문입니다. 1926년 석 축이 무너지면서 철거되었는데, 1975년에 원래의 위치보다 남쪽에 다시 건립 하였고, 2018년 12월 일반 시민에게 개방되었습니다. 영추문에서 펼쳐지는 강강술래에는 관객이 자유롭게 참여할 수 있습니다. <경복궁 주간공연 - 영추문 대동놀이> □ 개요 1. 장소 : 경복궁 근정전 ~ 수정전 ~ 영추문 2. 기간(48회) - 1차(9회) : 2019. 4. 27. ~ 5. 5. ※ 궁중문화축전 연계 - 2차(15회) : 2019. 5.10. ~ 6. 9./ 매주 금, 토, 일 - 3차(24회) : 2019. 9. 6. ~ 10. 27./ 매주 금, 토, 일 3. 시간 : 16:00 ~ 16:40(40분) □ 행사내용 : 길놀이(풍물연희, 강강술래, 아리랑) 구분 장소 공연프로그램 시간(분) 1 근정전 행사시작(모객 등), 수정전 이동, 대취타 정악 15 2 이동 근정전 -> 수정전 5 3 수정전 풍물연희 15 4 영추문 강강술래 5 □ 관람방법 : 자유관람 <궁중문화축전과 함께하는 고궁음악회> 제5회 궁중문화축전과 어린이날을 맞아 국립고궁박물관에서 <2019 궁중문화 축전과 함께하는 고궁음악회>를 개최합니다. 어린이와 관람객 여러분께 국악 과 전통문화를 가까이에서 접할 수 있는 기회를 선사하기 위하여 국립국악고 등학교 학생들이 국악관현악, 전통무용, 퓨전국악 등 다채로운 무대를 선보입니다. 1. 장소 : 국립고궁박물관 야외마당 | 2. 일자 : 5. 5 (일) 3. 시간 : 12:00 - 13:00 4. 프로그램 : 정악합주 평조회상 중 타령 전통무용 한량무 산조독주 서용석류 대금산조 비틀즈 메들리 창작무용 「화선(花扇)」 사물놀이 국악관현악 민요연곡, Fly to the sky, 축제",https://www.kh.or.kr/program/view/menu/1292?viewType=ach&idx=83&searchRound=6&searchStTime=&searchEnTime=&searchField=homeAll&searchText=,https://www.kh.or.kr/jnrepo/program/bceb720190130221136003.jpg,,0,1,0,1,1,0,0,0,0,1,경복궁 고궁음악회 - 영추문 대동놀이,공연,https://www.kh.or.kr/jnrepo/program/bceb720190130221136003.jpg,경복궁 고궁음악회 - 영추문 대동놀이,공연,공연,현장참여,https://www.kh.or.kr/jnrepo/program/bceb720190130221136003.jpg
6,5회,80,궁궐 호위군 사열의식 첩종,궁궐 호위군 사열의식 첩종,궁궐 호위군 사열의식 첩종,종료,재현,관람형,현장참여,0,1,0,2019-05-04~2019-05-05,2019-05-04,2019-05-05,2,2019,5,봄,11:00 / 14:00,11:00 / 14:00,1,11:00,14:00,,경복궁,경복궁,흥례문 광장,흥례문 광장,경복궁,,,"첩종 ( 疊鍾 ) 이란 경국대전 ( 병전 25 편 ) 궁궐을 지키는 군사들을 집합시킬 때 치는 큰 종을 말합니다 . 조선왕조실록에는 왕명에 따라 광화문 위에 있는 첩종을 울리고 , 궁궐에 입직한 군사뿐만 아니라 문무백관 및 중앙군인 오위 ( 五衛 ) 의 병사들까지 모두 집합해 점고했다는 기록이 있습니다 ( 예종 1 년 , 서기 1469 년 6 월 2 일 ). 군대의 군율을 유지하고 군기를 다스려 국가의 근본을 유지하기 위한 조선 전기의 중요한 제도였음을 알 수 있습니다 . 궁중문화축전에서 선보이는 < 궁궐 호위군 사열의식 첩종 > 은 이러한 기록을 바탕으로 , 드라마 형식으로 재연한 궁중의식입니다 . 나라를 보호하라는 왕명에 따라 문무백관이 대기하고 , 군사 이론을 망라해 정립한 ‘ 오위진법 ’, 호위군 배치 및 무예시범 행사 등을 펼칩니다 . 조선 궁궐 호위무사들의 활약을 기대해 보세요 .",https://www.kh.or.kr/program/view/menu/1292?viewType=ach&idx=80&searchRound=6&searchStTime=&searchEnTime=&searchField=homeAll&searchText=,https://www.kh.or.kr/jnrepo/program/bceb720190130220952555.JPG,,0,0,0,0,0,0,0,0,0,0,궁궐 호위군 사열의식 첩종,재현,https://www.kh.or.kr/jnrepo/program/bceb720190130220952555.JPG,궁궐 호위군 사열의식 첩종,재현,재현,현장참여,https://www.kh.or.kr/jnrepo/program/bceb720190130220952555.JPG
6,5회,78,고궁사진전 ？ 꽃 피는 궁궐의 추억,고궁사진전 ？ 꽃 피는 궁궐의 추억,고궁사진전 ？ 꽃 피는 궁궐의 추억,종료,전시,관람형,현장참여,0,1,0,2019-04-27~2019-05-05,2019-04-27,2019-05-05,9,2019,4,봄,09:00~21:00,09:00 ~ 21:00,1,09:00,21:00,,경복궁,경복궁,근정전 회랑,근정전 회랑,경복궁,,02-337-9894,"가지런한 기와, 가뿐하게 하늘로 뻗은 처마, 화려한 단청, 그 위에 푸른 하늘과 하얀 뭉게구름이 더해진다면, 혹은 활짝 열린 방문 너머로 잘 가꿔진 후원이 보 이고 거기에 갖가지 꽃까지 흐드러지게 피어있다면... 누구라도 카메라를 꺼내 사진 한 장 찍고 싶어질 겁니다. 사진 속 인물이 이렇게 아름다운 궁궐 건축과 잘 어울리는 한복을 입고 있다면 더욱 특별한 사진이 되겠죠? 여러분의 소중한 꽃피는 궁궐의 추억이 담긴 사진을 전시해드립니다. 궁궐의 아름다움을 잘 살린 사진, 고궁을 배경으로 한복의 맵시를 잘 살린 사진이 있다면 응모해 보세요. 수상작은 표현력과 창작성, 고궁과 함께 주변환경의 조화를 고려해 선정하고, 선정된 작품은 근정전 회랑에 전시됩니다. * 19:00 이후에는 경복궁 야간 특별 관람권 구매자 관람 가능",https://www.kh.or.kr/program/view/menu/1292?viewType=ach&idx=78&searchRound=6&searchStTime=&searchEnTime=&searchField=homeAll&searchText=,https://www.kh.or.kr/jnrepo/program/bceb720190130220716655.jpg,,0,0,1,0,0,0,1,0,0,0,고궁사진전 ？ 꽃 피는 궁궐의 추억,전시,https://www.kh.or.kr/jnrepo/program/bceb720190130220716655.jpg,고궁사진전 ？ 꽃 피는 궁궐의 추억,전시,전시,현장참여,https://www.kh.or.kr/jnrepo/program/bceb720190130220716655.jpg
6,5회,75,경회루 판타지 - 화룡지몽,경회루 판타지 - 화룡지몽,경회루 판타지 - 화룡지몽,종료,공연,관람형,현장참여,0,1,0,2019-04-28~2019-05-04,2019-04-28,2019-05-04,7,2019,4,봄,20:00~21:00,20:00 ~ 21:00,1,20:00,21:00,,경복궁,경복궁,경회루,경회루,경복궁,수상객석 350명 그 외 플로팅 관람,,"커다랗고 잔잔한 연못 위에 거대한 이층 누각. 경복궁에서 가장 아름다운 공간 경회루입니다. 밖에서 보는 모습도 아름답지만, 누각에 오르면 보이는 북악산 일대의 풍경은 더욱 뛰어나서 ‘경복궁의 꽃’이라 불리기도 합니다. 현재의 경회루는 1867년 재건된 것이지만, 원래는 태종이 박자청이라는 인물 에게 명해 지은 것으로, 주역의 원리에 따라 천지인(天地人), 일 년 열두 달, 24 절기의 의미를 담고 있다고 합니다. 실경 미디어 퍼포먼스 <경회루 판타지 – 花龍之夢(화룡지몽)>은 박자청이 경 회루를 건설하는 과정을 환상적인 이야기 구성으로 보여주는 작품입니다. 어둠 이 내려앉은 경회루를 배경으로 넓고 잔잔한 연못을 활용한 각종 조형물, 상상 력의 공간을 무한히 확장하는 3D 맵핑, 관객과 주변 경관을 활용한 조명 연출, 그리고 화려한 춤과 연기를 더해서 깊어가는 봄 밤, 경복궁과 경회루가 환상의 세계가 되는 체험을 하게 될 겁니다. 특히 27일 토요일 밤에는 오픈리허설을 진행해 관광객들이 리허설 전 과정을 관람할 수 있습니다. 홍례문 광장에서 18시 30분에 경복궁 야간 특별 관람권 소지자에게 현장 선착순 티켓 오픈 (350명 선착순 되면 마감) 플로팅 입장은 19:00 부터 입니다. * 경복궁 야간 특별 관람권 구매자 관람 가능",https://www.kh.or.kr/program/view/menu/1292?viewType=ach&idx=75&searchRound=6&searchStTime=&searchEnTime=&searchField=homeAll&searchText=,https://www.kh.or.kr/jnrepo/program/2nek120190408174602077.jpg,,0,0,1,1,0,0,0,0,0,0,경회루 판타지 - 화룡지몽,공연,https://www.kh.or.kr/jnrepo/program/2nek120190408174602077.jpg,경회루 판타지 - 화룡지몽,공연,공연,현장참여,https://www.kh.or.kr/jnrepo/program/2nek120190408174602077.jpg
6,5회,74,광화문 新 산대놀이,광화문 新 산대놀이,광화문 新 산대놀이,종료,공식행사,행사형,현장참여,0,1,0,2019-04-28~2019-04-28,2019-04-28,2019-04-28,1,2019,4,봄,15:00~17:00,15:00 ~ 17:00,1,15:00,17:00,,경복궁,경복궁,"광화문광장, 세종대로","광화문광장, 세종대로",경복궁,,,"조선은 예악(禮樂)사상을 나라를 다스리는 기본 이념으로 삼았습니다. 예(禮) 란 서로 다른 것을 구분하는 것으로, 다름을 인정하면 존중하는 마음이 일어납 니다. 악(樂)은 사람의 마음을 다스려서 서로 구별되는 존재들 간에 조화를 이 루게 합니다. ‘태평성대’란, 그렇게 서로 다른 존재들이 서로를 인정하고 조화를 이루어 나가는 세상일 겁니다. 왕이 궁궐 밖으로 행차하는 어가행렬에서는 때에 따라 산 모양의 무대를 세우 고 노는 ‘산대놀이’, 잡귀를 쫓는 ‘나례의식’, 백성들을 위로하는 다양한 연희 등 이 베풀어졌다고 합니다. 서로 다른 공간에서 생활하던 왕과 백성이 만나고, 서 로 다른 문화가 만나며 조화를 이루는 장이 되었던 겁니다. 제5회 궁중문화축전에서 마련하는 <광화문 新 산대놀이>는 그러한 전통을 현 대적으로 계승해서 남녀노소 모든 시민이 함께 참여하고 즐기는 놀이판입니다. 왕과 신하, 백성을 대표하는 거대한 인형들과 그 뒤를 따르는 시민들의 가면 행 렬, 그리고 모두가 손을 잡고 어우러지는 대동놀이로 광화문 광장과 세종로공원앞은 역동적이고 흥겨운 삶의 공간이 됩니다. 신산대놀이 놀이판 장소를 세종로공원앞으로 장소변경합니다.",https://www.kh.or.kr/program/view/menu/1292?viewType=ach&idx=74&searchRound=6&searchStTime=&searchEnTime=&searchField=homeAll&searchText=,https://www.kh.or.kr/jnrepo/program/bceb720190130220438270.JPG,,0,0,0,0,1,0,0,0,0,0,광화문 新 산대놀이,공식행사,https://www.kh.or.kr/jnrepo/program/bceb720190130220438270.JPG,광화문 新 산대놀이,공식행사,공식행사,현장참여,https://www.kh.or.kr/jnrepo/program/bceb720190130220438270.JPG
5,4회,1,개막제,개막제,개막제,종료,공식행사,행사형,현장참여,0,1,0,2018-04-28~2018-04-28,2018-04-28,2018-04-28,1,2018,4,봄,19:30~,19:30 ~,1,19:30,19:30,,경복궁,경복궁,경복궁 흥례문 앞,경복궁 흥례문 앞,경복궁,,,"‘세종 즉위 600주년, 미래를 보다’라는 주제로 열리는 이번 개막제는 세종의 업적과 산대 나례를 새로운 스토리로 창조해 선보입니다. 폭넓은 지식과 창의력으로 문화예술과 과학기술의 새로운 지평을 연 세종대왕, 그의 창작 정신이 미래기술과 전통예술을 만나 새로운 형태로 재탄생 합니다. ‘2018년 제4회 궁중문화축전 개막제‘, 화려한 축제의 시작을 함께 열어주세요. * 개막제는 사전예약 없이 선착순 입장 가능합니다. (선착순 1,000석) * 4월 28일 개막제 당일은 경복궁 야관관람이 없습니다. (흥례문 앞에서 개막제를 관람하실 수 있습니다.) Opening Ceremony April 28 (Sat) 19:30 ~ 21:00 Heungnyemun Square The opening ceremony on the theme of “The 600th Anniversary of King Sejong’s Enthronement, Looking Ahead to the Future” will create a new story combining the achievements of King Sejong and ‘Sandae’, the most magnificent festival of the Joseon Dynasty. The creative spirit of King Sejong, who created a new horizon of culture, science and technology with his extensive knowledge and imagination, will be revived through new technology and traditional art.",https://www.kh.or.kr/program/view/menu/1292?viewType=ach&idx=1&searchRound=5&searchStTime=&searchEnTime=&searchField=homeAll&searchText=,https://www.kh.or.kr/jnrepo/program/Program_0201804309202894691082.jpg,,0,0,0,0,0,0,0,1,0,0,개막제,공식행사,https://www.kh.or.kr/jnrepo/program/Program_0201804309202894691082.jpg,개막제,공식행사,공식행사,현장참여,https://www.kh.or.kr/jnrepo/program/Program_0201804309202894691082.jpg
2,1회,416,다례체험 '궁궐에 스며든 차의 향기',다례체험 '궁궐에 스며든 차의 향기',다례체험 '궁궐에 스며든 차의 향기',종료,체험,참여형,사전예약,1,0,0,2015-05-03~2015-05-10,2015-05-03,2015-05-10,8,2015,5,봄,13:00~15:00,"일,월,화,수,목,금,토 13:00 ~ 15:00",1,13:00,15:00,,경복궁,경복궁,경복궁 자경전,경복궁 자경전,경복궁,,,"다례체험 “ 궁궐에 스며든 차의 향기 ” ○ 일시 / 장소 : 2015. 5. 3.( 일 ) ~ 5. 10.( 일 ) 13 시 ~15 시 / 경복궁 자경전 ○ 횟수 : 총 8 회 ○ 주요내용 <1 부 프로그램 > 시간 내용 교수진 13:00~13:10 복식 체험 이현주 원장 13:10~13:20 전통예절 ( 궁궐예법 , 배례법 , 기거예절 ) 성균관다례원 교수진 13:20~13:30 차의 기원 및 역사 성균관다례원 교수진 13:30~14:00 다례 시연 및 체험 ( 접빈 , 다담 ) 성균관다례원 시연단 <2 부 프로그램 > 시간 내용 교수진 14:00~14:10 한 ㆍ 중 ㆍ 일 차문화비교 이현주 원장 14:10~14:20 한국차 ( 녹차 ) 의 우수성 성균관다례원 교수진 14:20~14:40 다례 시연 및 체험 -1 부 성균관다례원 시연단 14:40~15:00 다례 시연 및 체험 -2 부 성균관다례원 시연단",https://www.kh.or.kr/program/view/menu/1292?viewType=ach&idx=416&searchRound=2&searchStTime=&searchEnTime=&searchField=homeAll&searchText=,https://www.kh.or.kr/jnrepo/upload/jnPrgFestivalProgram/202401/3bbac8bb8fe14d938925d6acdd87e773_1705557110704.jpg,다례,0,0,0,0,1,0,0,1,0,1,다례체험 '궁궐에 스며든 차의 향기',체험,https://www.kh.or.kr/jnrepo/upload/jnPrgFestivalProgram/202401/3bbac8bb8fe14d938925d6acdd87e773_1705557110704.jpg,다례체험 '궁궐에 스며든 차의 향기',체험,체험,사전예약,https://www.kh.or.kr/jnrepo/upload/jnPrgFestivalProgram/202401/3bbac8bb8fe14d938925d6acdd87e773_1705557110704.jpg
2,1회,415,소주방의 일상재현,소주방의 일상재현,소주방의 일상재현,종료,체험,참여형,사전예약,1,0,0,2015-05-04~2015-05-10,2015-05-04,2015-05-10,7,2015,5,봄,"일,월,화,수,목,금,토 10:00 / 11:00","일,월,화,수,목,금,토 10:00 / 11:00",1,10:00,11:00,,경복궁,경복궁,경복궁 소주방 일원,경복궁 소주방 일원,경복궁,,,"○ 일시 / 장소 - 소주방의 하루 ( 사전 온라인 예약 ) * 50 명 내외 ․ 일시 / 장소 : 2015. 5. 4.( 월 ) ~ 5. 10.( 일 ) 10 시 , 11 시 / 소주방 일원 ․ 주요내용 : 소주방의 일상 모습을 극화하여 선보임 - 궁중음식 특강 ( 사전 온라인 예약 ) * 14:00, 30 명 ․ 일시 / 장소 : 2015. 5. 4.( 월 ) ~ 5. 10.( 일 ) 14 시 / 소주방 일원 날 짜 주 제 내 용 강 사 5. 4.( 월 ) 궁중식문화 조선왕실의 식탁 1 소주방에서 준비하는 궁중상차림 ( 외소주방 ) 한복려 궁중음식보유자 5. 5.( 화 ) 궁중식문화 조선왕실의 식탁 2 궁중잔치상에 오르는 음식 ( 병과 중심 ) ( 외소주방 ) 정길자 궁중병과보유자 5. 6.( 수 ) 궁중병과 시연 1 단자 , 다식 ( 생물방 ) 정길자 5. 7.( 목 ) 궁중음식 시연 1 골동면 , 더덕생채 ( 내소주방 ) 한복려 5. 8.( 금 ) 궁중식문화 조선왕실의 식탁 3 궁중음식을 만드는 식재료들 ( 외소주방 ) 신명호 부경대교수 5. 9.( 토 ) 궁중음식 시연 2 탕평채 , 두부선 ( 내소주방 ) 한복려 5. 10.( 일 ) 궁중병과 시연 2 거피팥시루떡 , 생란 ( 생물방 ) 정길자 - 궁중음식 상설 전시 : 2015. 5. 2.( 토 ) ~ 5. 10. 토 ) ․ 실물전시 : 5. 2.( 토 ) ~ 5. 3.( 일 ) ․ 모형전시 : 5. 2.( 토 ) ~ 5.10.( 토 ) * 궁중문화축전 종료 후 (10 월 31 일까지 계속 ) 생물방 실물전시 - 궁중 떡 및 다과 70 선 모형전시 - 고종 11 년 (1874) 갑술년 2 월 28 일 삼칠약방사찬 하오신발기 (14 기 , 23 가지 ) - 고종 24 년 (1887) 정해년 1 월 13 일 존호시 진어사찬상발기 (16 기 , 22 가지 ) 외소주방 모형전시 - 고종 29 년 (1892) 임진년 진찬의궤 근정전진찬 ․ 대전진어대탁찬안 25 기 , 대전진어찬안 15 기 내소주방 실물전시 - 궁중음식 상차림 모형전시 - 왕의 하루 상차림 ․ 초조반상 , 낮것상 , 12 첩 수라상 ( 왕 , 왕비 )",https://www.kh.or.kr/program/view/menu/1292?viewType=ach&idx=415&searchRound=2&searchStTime=&searchEnTime=&searchField=homeAll&searchText=,https://www.kh.or.kr/jnrepo/upload/jnPrgFestivalProgram/202401/29643bf7c1594c768e1edb20f3f629a7_1705305854750.jpg,소주방,0,0,0,0,1,0,1,1,0,1,소주방의 일상재현,체험,https://www.kh.or.kr/jnrepo/upload/jnPrgFestivalProgram/202401/29643bf7c1594c768e1edb20f3f629a7_1705305854750.jpg,소주방의 일상재현,체험,체험,사전예약,https://www.kh.or.kr/jnrepo/upload/jnPrgFestivalProgram/202401/29643bf7c1594c768e1edb20f3f629a7_1705305854750.jpg
2,1회,414,궁중복식체험,궁중복식체험,궁중복식체험,종료,체험,참여형,현장참여,0,1,0,2015-05-02~2015-05-10,2015-05-02,2015-05-10,9,2015,5,봄,09:00~18:00,"일,월,화,수,목,금,토 09:00 ~ 18:00",1,09:00,18:00,,경복궁,경복궁,경복궁 흥례문광장,경복궁 흥례문광장,경복궁,,,"○ 일시 / 장소 : 2015. 5. 2.( 토 ) ~ 5. 10.( 일 ), 09:00-18:00 / 경복궁 흥례문 광장 ※ 경복궁 관람 복식 대여마감 (16:50) ○ 체험내용 : 경복궁 관람 복식 대여 , ( 체험장 주변 ) 복식 체험 ○ 체험복식 : 총 150 벌 ( 성인 116 벌 / 어린이 34 벌 ) ○ 이용 방법 - 사전 예약 없이 현장 신청서 ( 성명 , 연락처 작성 ) 작성 및 신분증 ( 주민등록증 , 운전면허증 , 여권 등 신분을 확인할 수 있는 서류 ) 접수 후 대여 (2 시간 내외 ) - 연락처 및 신분증이 없을 경우 체험장 주변에서 체험",https://www.kh.or.kr/program/view/menu/1292?viewType=ach&idx=414&searchRound=2&searchStTime=&searchEnTime=&searchField=homeAll&searchText=,https://www.kh.or.kr/jnrepo/upload/jnPrgFestivalProgram/202401/79d6afa5dc4e49fa926df5ab243f5528_1705303745797.jpg,복식체험,0,1,0,0,0,0,0,1,0,0,궁중복식체험,체험,https://www.kh.or.kr/jnrepo/upload/jnPrgFestivalProgram/202401/79d6afa5dc4e49fa926df5ab243f5528_1705303745797.jpg,궁중복식체험,체험,체험,현장참여,https://www.kh.or.kr/jnrepo/upload/jnPrgFestivalProgram/202401/79d6afa5dc4e49fa926df5ab243f5528_1705303745797.jpg
2,1회,413,궁궐 호위군 사열의식 “첩종”,궁궐 호위군 사열의식 “첩종”,궁궐 호위군 사열의식 “첩종”,종료,재현,관람형,현장참여,0,1,0,2015-05-03~2015-05-10,2015-05-03,2015-05-10,8,2015,5,봄,"일,월,화,금,토 11:00 / 14:00","일,월,화,금,토 11:00 / 14:00",1,11:00,14:00,,경복궁,경복궁,경복궁 흥례문광장,경복궁 흥례문광장,경복궁,,,"○ 일시 / 장소 : 2015. 5. 3.( 일 )~5. 5.( 화 ), 5. 8.( 금 )~ 5. 10.( 일 ) 11:00, 14:00/ 경복궁 흥례문 광장 ○ 주요내용 : 국왕거둥 , 첩종 , 호위군 사열 ( 진법훈련 ), 무예시연 등 ○ 체험행사 : ( 경복궁 협생문 밖 ) 조선시대 수문군 선발과정 체험 ( 곤봉 , 활쏘기 )",https://www.kh.or.kr/program/view/menu/1292?viewType=ach&idx=413&searchRound=2&searchStTime=&searchEnTime=&searchField=homeAll&searchText=,https://www.kh.or.kr/jnrepo/upload/jnPrgFestivalProgram/202401/5ea9626fb1c646609e81e095e0337c25_1705303054999.jpg,첩,0,0,0,0,0,0,0,0,0,0,궁궐 호위군 사열의식 “첩종”,재현,https://www.kh.or.kr/jnrepo/upload/jnPrgFestivalProgram/202401/5ea9626fb1c646609e81e095e0337c25_1705303054999.jpg,궁궐 호위군 사열의식 “첩종”,재현,재현,현장참여,https://www.kh.or.kr/jnrepo/upload/jnPrgFestivalProgram/202401/5ea9626fb1c646609e81e095e0337c25_1705303054999.jpg
2,1회,412,용비어천가 “하늘이 열리다”,용비어천가 “하늘이 열리다”,용비어천가 “하늘이 열리다”,종료,공연,관람형,현장참여,0,1,0,2015-05-02~2015-05-10,2015-05-02,2015-05-10,9,2015,5,봄,20:00~21:00,"일,월,화,수,목,금,토 20:00 ~ 21:00",1,20:00,21:00,,경복궁,경복궁,경복궁 흥례문광장,경복궁 흥례문광장,경복궁,,,"용비어천가 “ 하늘이 열리다 ” ○ 일시 / 장소 : 2015. 5. 2.( 토 ) ~ 5. 10.( 일 ), 20 시 / 경복궁 흥례문 광장 ○ 주요내용 : 세종대왕의 애민사상과 용비어천가의 탄생을 기리는 창작무용극 ○ 행사사진",https://www.kh.or.kr/program/view/menu/1292?viewType=ach&idx=412&searchRound=2&searchStTime=&searchEnTime=&searchField=homeAll&searchText=,https://www.kh.or.kr/jnrepo/upload/jnPrgFestivalProgram/202401/4eb3cde339a545458ca14ce203561fda_1705301975789.jpg,용비어천가,0,0,0,1,0,0,0,0,0,1,용비어천가 “하늘이 열리다”,공연,https://www.kh.or.kr/jnrepo/upload/jnPrgFestivalProgram/202401/4eb3cde339a545458ca14ce203561fda_1705301975789.jpg,용비어천가 “하늘이 열리다”,공연,공연,현장참여,https://www.kh.or.kr/jnrepo/upload/jnPrgFestivalProgram/202401/4eb3cde339a545458ca14ce203561fda_1705301975789.jpg
2,1회,411,"미디어 파사드 “궁, 빛으로 태어나다”","미디어 파사드 “궁, 빛으로 태어나다”","미디어 파사드 “궁, 빛으로 태어나다”",종료,전시,관람형,현장참여,0,1,0,2015-05-02~2015-05-10,2015-05-02,2015-05-10,9,2015,5,봄,"일,월,화,수,목,금,토 21:00 / 21:30","일,월,화,수,목,금,토 21:00 / 21:30",1,21:00,21:30,,경복궁,경복궁,경복궁 흥례문,경복궁 흥례문,경복궁,,,"○ 일시 / 장소 : 2015. 5. 2.( 토 )-5. 10.( 일 ), 1 일 2 회 (21:00, 21:30)/ 경복궁 흥례문 ○ 주요내용 : 흥례문을 배경으로 ‘ 빛 ’( 미래 , 염원 ) 의 탄생과 시련 , 그리고 극복 등을 표현한 환상적인 3D 매핑쇼",https://www.kh.or.kr/program/view/menu/1292?viewType=ach&idx=411&searchRound=2&searchStTime=&searchEnTime=&searchField=homeAll&searchText=,https://www.kh.or.kr/jnrepo/upload/jnPrgFestivalProgram/202401/c1725815afde4505ab3479520956d1af_1705301193626.jpg,미디어 파사,0,0,0,0,0,0,0,0,0,0,"미디어 파사드 “궁, 빛으로 태어나다”",전시,https://www.kh.or.kr/jnrepo/upload/jnPrgFestivalProgram/202401/c1725815afde4505ab3479520956d1af_1705301193626.jpg,"미디어 파사드 “궁, 빛으로 태어나다”",전시,전시,현장참여,https://www.kh.or.kr/jnrepo/upload/jnPrgFestivalProgram/202401/c1725815afde4505ab3479520956d1af_1705301193626.jpg
2,1회,410,소주방 개관식,소주방 개관식,소주방 개관식,종료,공식행사,행사형,현장참여,0,1,0,2015-05-02~2015-05-02,2015-05-02,2015-05-02,1,2015,5,봄,14:00~14:00,토 14:00 ~ 14:00,1,14:00,14:00,,경복궁,경복궁,경복궁 소주방 일원,경복궁 소주방 일원,경복궁,,,"○ 일시 / 장소 : 2016. 5. 2.( 토 ), 14 시 / 경복궁 소주방 일원 ○ 참석 ( 궁중음식 / 궁중병과 ) 무형문화재 보유자 , 문화융성위원회 위원 등, 일반관람객 ○ 주요내용 취타대 연주 및 수문군 의장수 도열 / 행사안내 소주방 랩소디 소주방 역사의 문을 열다 ( 소주방 개문식 ) 등",https://www.kh.or.kr/program/view/menu/1292?viewType=ach&idx=410&searchRound=2&searchStTime=&searchEnTime=&searchField=homeAll&searchText=,https://www.kh.or.kr/jnrepo/upload/jnPrgFestivalProgram/202401/a6bf79fd67294e0dbbe18760153fdfac_1705300422472.jpg,소주방 개관식,0,0,0,1,1,0,0,0,0,0,소주방 개관식,공식행사,https://www.kh.or.kr/jnrepo/upload/jnPrgFestivalProgram/202401/a6bf79fd67294e0dbbe18760153fdfac_1705300422472.jpg,소주방 개관식,공식행사,공식행사,현장참여,https://www.kh.or.kr/jnrepo/upload/jnPrgFestivalProgram/202401/a6bf79fd67294e0dbbe18760153fdfac_1705300422472.jpg
2,1회,409,전야제 “좋은 날”(Good-Day!),전야제 “좋은 날”(Good-Day!),전야제 “좋은 날”(Good-Day!),종료,공식행사,행사형,현장참여,0,1,0,2015-05-01~2015-05-01,2015-05-01,2015-05-01,1,2015,5,봄,20:00~21:00,금 20:00 ~ 21:00,1,20:00,21:00,,경복궁,경복궁,흥례문 광장,흥례문 광장,경복궁,,,"○ 일시 / 장소 : 5. 1.( 금 ), 20 시 / 경복궁 흥례문 광장 ○ 주요내용 - 식전공연 : 비나리 공연 ( 이광수 ) - 여는 막 : 오프닝 퍼포먼스 ( 나선화 청장 ) - 주제공연 : 봉헌선도 ( 궁중정재 ) - 미디어 파사드 퍼포먼스 “ 궁 , 빛으로 태어나다 ” - 부름갈채 ( 커튼콜 ) 및 기념포토 타임",https://www.kh.or.kr/program/view/menu/1292?viewType=ach&idx=409&searchRound=2&searchStTime=&searchEnTime=&searchField=homeAll&searchText=,https://www.kh.or.kr/jnrepo/upload/jnPrgFestivalProgram/202401/e228142f4e4d4b9a87a4358ede02d0cd_1705298465903.jpg,좋은,0,0,0,1,0,0,0,0,0,1,전야제 “좋은 날”(Good-Day!),공식행사,https://www.kh.or.kr/jnrepo/upload/jnPrgFestivalProgram/202401/e228142f4e4d4b9a87a4358ede02d0cd_1705298465903.jpg,전야제 “좋은 날”(Good-Day!),공식행사,공식행사,현장참여,https://www.kh.or.kr/jnrepo/upload/jnPrgFestivalProgram/202401/e228142f4e4d4b9a87a4358ede02d0cd_1705298465903.jpg
