date,round_id,round_label,program_idx,title_original,title_clean,title_base,place_single,program_type_clean,program_type_group,participation_type_clean,year,month,day,weekday,weekday_kr,is_weekend,season,has_time,start_time_first,end_time_first,duration_minutes_first,has_reward,has_children,has_night,has_music,has_food,has_guide,has_hanbok,has_reservation_notice,has_fee_info,has_rain_notice
2025-10-10,28,11회,706,2025년 국제심포지엄 및 시연회,국제심포지엄 및 시연회,국제심포지엄 및 시연회,경복궁,공연,관람형,사전예약,2025,10,10,Friday,금,0,가을,0,,,,0,1,0,1,1,0,1,1,1,1
2025-10-08,28,11회,693,경복궁 한복 연향,경복궁 한복 연향,한복 연향,경복궁,공식행사,행사형,사전예약,2025,10,8,Wednesday,수,0,가을,0,,,,0,0,0,0,0,0,1,1,0,0
2025-10-09,28,11회,693,경복궁 한복 연향,경복궁 한복 연향,한복 연향,경복궁,공식행사,행사형,사전예약,2025,10,9,Thursday,목,0,가을,0,,,,0,0,0,0,0,0,1,1,0,0
2025-10-08,28,11회,660,수문장 교대의식(하반기),수문장 교대의식(하반기),수문장 교대의식(하반기),경복궁,재현,관람형,현장참여,2025,10,8,Wednesday,수,0,가을,1,10:00,14:00,,0,0,0,0,1,0,0,0,0,1
2025-10-09,28,11회,660,수문장 교대의식(하반기),수문장 교대의식(하반기),수문장 교대의식(하반기),경복궁,재현,관람형,현장참여,2025,10,9,Thursday,목,0,가을,1,10:00,14:00,,0,0,0,0,1,0,0,0,0,1
2025-10-10,28,11회,660,수문장 교대의식(하반기),수문장 교대의식(하반기),수문장 교대의식(하반기),경복궁,재현,관람형,현장참여,2025,10,10,Friday,금,0,가을,1,10:00,14:00,,0,0,0,0,1,0,0,0,0,1
2025-10-11,28,11회,660,수문장 교대의식(하반기),수문장 교대의식(하반기),수문장 교대의식(하반기),경복궁,재현,관람형,현장참여,2025,10,11,Saturday,토,1,가을,1,10:00,14:00,,0,0,0,0,1,0,0,0,0,1
2025-10-12,28,11회,660,수문장 교대의식(하반기),수문장 교대의식(하반기),수문장 교대의식(하반기),경복궁,재현,관람형,현장참여,2025,10,12,Sunday,일,1,가을,1,10:00,14:00,,0,0,0,0,1,0,0,0,0,1
2025-10-08,28,11회,659,2025년 경복궁 생과방(하반기),경복궁 생과방(하반기),생과방(하반기),경복궁,체험,참여형,사전예약,2025,10,8,Wednesday,수,0,가을,1,10:00,11:40,,0,1,0,0,1,0,0,1,1,1
2025-10-09,28,11회,659,2025년 경복궁 생과방(하반기),경복궁 생과방(하반기),생과방(하반기),경복궁,체험,참여형,사전예약,2025,10,9,Thursday,목,0,가을,1,10:00,11:40,,0,1,0,0,1,0,0,1,1,1
2025-10-10,28,11회,659,2025년 경복궁 생과방(하반기),경복궁 생과방(하반기),생과방(하반기),경복궁,체험,참여형,사전예약,2025,10,10,Friday,금,0,가을,1,10:00,11:40,,0,1,0,0,1,0,0,1,1,1
2025-10-11,28,11회,659,2025년 경복궁 생과방(하반기),경복궁 생과방(하반기),생과방(하반기),경복궁,체험,참여형,사전예약,2025,10,11,Saturday,토,1,가을,1,10:00,11:40,,0,1,0,0,1,0,0,1,1,1
2025-10-12,28,11회,659,2025년 경복궁 생과방(하반기),경복궁 생과방(하반기),생과방(하반기),경복궁,체험,참여형,사전예약,2025,10,12,Sunday,일,1,가을,1,10:00,11:40,,0,1,0,0,1,0,0,1,1,1
2025-10-08,28,11회,527,경복궁 왕가의 산책,경복궁 왕가의 산책,왕가의 산책,경복궁,재현,관람형,현장참여,2025,10,8,Wednesday,수,0,가을,1,11:30,14:30,50,0,0,0,0,1,1,0,0,0,1
2025-10-09,28,11회,527,경복궁 왕가의 산책,경복궁 왕가의 산책,왕가의 산책,경복궁,재현,관람형,현장참여,2025,10,9,Thursday,목,0,가을,1,11:30,14:30,50,0,0,0,0,1,1,0,0,0,1
2025-10-10,28,11회,527,경복궁 왕가의 산책,경복궁 왕가의 산책,왕가의 산책,경복궁,재현,관람형,현장참여,2025,10,10,Friday,금,0,가을,1,11:30,14:30,50,0,0,0,0,1,1,0,0,0,1
2025-10-11,28,11회,527,경복궁 왕가의 산책,경복궁 왕가의 산책,왕가의 산책,경복궁,재현,관람형,현장참여,2025,10,11,Saturday,토,1,가을,1,11:30,14:30,50,0,0,0,0,1,1,0,0,0,1
2025-10-12,28,11회,527,경복궁 왕가의 산책,경복궁 왕가의 산책,왕가의 산책,경복궁,재현,관람형,현장참여,2025,10,12,Sunday,일,1,가을,1,11:30,14:30,50,0,0,0,0,1,1,0,0,0,1
2025-10-08,28,11회,688,특별 굿즈 <궁패스 노리개>,특별 굿즈 <궁패스 노리개>,특별 굿즈 <궁패스 노리개>,경복궁,온라인,기타,사전예약,2025,10,8,Wednesday,수,0,가을,0,,,,1,0,0,0,0,0,0,1,0,0
2025-10-09,28,11회,688,특별 굿즈 <궁패스 노리개>,특별 굿즈 <궁패스 노리개>,특별 굿즈 <궁패스 노리개>,경복궁,온라인,기타,사전예약,2025,10,9,Thursday,목,0,가을,0,,,,1,0,0,0,0,0,0,1,0,0
2025-10-10,28,11회,688,특별 굿즈 <궁패스 노리개>,특별 굿즈 <궁패스 노리개>,특별 굿즈 <궁패스 노리개>,경복궁,온라인,기타,사전예약,2025,10,10,Friday,금,0,가을,0,,,,1,0,0,0,0,0,0,1,0,0
2025-10-11,28,11회,688,특별 굿즈 <궁패스 노리개>,특별 굿즈 <궁패스 노리개>,특별 굿즈 <궁패스 노리개>,경복궁,온라인,기타,사전예약,2025,10,11,Saturday,토,1,가을,0,,,,1,0,0,0,0,0,0,1,0,0
2025-10-12,28,11회,688,특별 굿즈 <궁패스 노리개>,특별 굿즈 <궁패스 노리개>,특별 굿즈 <궁패스 노리개>,경복궁,온라인,기타,사전예약,2025,10,12,Sunday,일,1,가을,0,,,,1,0,0,0,0,0,0,1,0,0
2025-05-02,26,11회,644,세종대왕자태실 태봉안행차 재현 행사,세종대왕자태실 태봉안행차 재현 행사,세종대왕자태실 태봉안행차 재현 행사,경복궁,재현,관람형,현장참여,2025,5,2,Friday,금,0,봄,1,14:00,15:00,,0,0,0,0,1,0,0,0,0,0
2025-04-26,26,11회,637,2025 봄 궁중문화축전 스탬프 투어,스탬프 투어,스탬프 투어,경복궁,체험,참여형,현장참여,2025,4,26,Saturday,토,1,봄,1,09:00,18:00,,1,0,0,0,1,1,0,0,1,1
2025-04-27,26,11회,637,2025 봄 궁중문화축전 스탬프 투어,스탬프 투어,스탬프 투어,경복궁,체험,참여형,현장참여,2025,4,27,Sunday,일,1,봄,1,09:00,18:00,,1,0,0,0,1,1,0,0,1,1
2025-04-28,26,11회,637,2025 봄 궁중문화축전 스탬프 투어,스탬프 투어,스탬프 투어,경복궁,체험,참여형,현장참여,2025,4,28,Monday,월,0,봄,1,09:00,18:00,,1,0,0,0,1,1,0,0,1,1
2025-04-29,26,11회,637,2025 봄 궁중문화축전 스탬프 투어,스탬프 투어,스탬프 투어,경복궁,체험,참여형,현장참여,2025,4,29,Tuesday,화,0,봄,1,09:00,18:00,,1,0,0,0,1,1,0,0,1,1
2025-04-30,26,11회,637,2025 봄 궁중문화축전 스탬프 투어,스탬프 투어,스탬프 투어,경복궁,체험,참여형,현장참여,2025,4,30,Wednesday,수,0,봄,1,09:00,18:00,,1,0,0,0,1,1,0,0,1,1
2025-05-01,26,11회,637,2025 봄 궁중문화축전 스탬프 투어,스탬프 투어,스탬프 투어,경복궁,체험,참여형,현장참여,2025,5,1,Thursday,목,0,봄,1,09:00,18:00,,1,0,0,0,1,1,0,0,1,1
2025-05-02,26,11회,637,2025 봄 궁중문화축전 스탬프 투어,스탬프 투어,스탬프 투어,경복궁,체험,참여형,현장참여,2025,5,2,Friday,금,0,봄,1,09:00,18:00,,1,0,0,0,1,1,0,0,1,1
2025-05-03,26,11회,637,2025 봄 궁중문화축전 스탬프 투어,스탬프 투어,스탬프 투어,경복궁,체험,참여형,현장참여,2025,5,3,Saturday,토,1,봄,1,09:00,18:00,,1,0,0,0,1,1,0,0,1,1
2025-05-04,26,11회,637,2025 봄 궁중문화축전 스탬프 투어,스탬프 투어,스탬프 투어,경복궁,체험,참여형,현장참여,2025,5,4,Sunday,일,1,봄,1,09:00,18:00,,1,0,0,0,1,1,0,0,1,1
2025-05-01,26,11회,630,열아홉 화협옹주의 꽃단장,열아홉 화협옹주의 꽃단장,열아홉 화협옹주의 꽃단장,경복궁,체험,참여형,사전예약,2025,5,1,Thursday,목,0,봄,1,10:10,12:10,,0,0,0,0,0,0,0,1,0,0
2025-05-01,26,11회,629,국립고궁박물관-어차 MZ 워크샵,국립고궁박물관-어차 MZ 워크샵,국립고궁박물관-어차 MZ 워크샵,경복궁,체험,참여형,사전예약,2025,5,1,Thursday,목,0,봄,1,13:30,15:30,,0,0,0,0,1,0,0,1,0,0
2025-04-25,26,11회,578,경복궁 수문장 교대의식,경복궁 수문장 교대의식,수문장 교대의식,경복궁,재현,관람형,현장참여,2025,4,25,Friday,금,0,봄,1,10:00,14:00,20,0,0,0,0,1,0,0,0,0,1
2025-04-26,26,11회,578,경복궁 수문장 교대의식,경복궁 수문장 교대의식,수문장 교대의식,경복궁,재현,관람형,현장참여,2025,4,26,Saturday,토,1,봄,1,10:00,14:00,20,0,0,0,0,1,0,0,0,0,1
2025-04-27,26,11회,578,경복궁 수문장 교대의식,경복궁 수문장 교대의식,수문장 교대의식,경복궁,재현,관람형,현장참여,2025,4,27,Sunday,일,1,봄,1,10:00,14:00,20,0,0,0,0,1,0,0,0,0,1
2025-04-28,26,11회,578,경복궁 수문장 교대의식,경복궁 수문장 교대의식,수문장 교대의식,경복궁,재현,관람형,현장참여,2025,4,28,Monday,월,0,봄,1,10:00,14:00,20,0,0,0,0,1,0,0,0,0,1
2025-04-29,26,11회,578,경복궁 수문장 교대의식,경복궁 수문장 교대의식,수문장 교대의식,경복궁,재현,관람형,현장참여,2025,4,29,Tuesday,화,0,봄,1,10:00,14:00,20,0,0,0,0,1,0,0,0,0,1
2025-04-30,26,11회,578,경복궁 수문장 교대의식,경복궁 수문장 교대의식,수문장 교대의식,경복궁,재현,관람형,현장참여,2025,4,30,Wednesday,수,0,봄,1,10:00,14:00,20,0,0,0,0,1,0,0,0,0,1
2025-05-01,26,11회,578,경복궁 수문장 교대의식,경복궁 수문장 교대의식,수문장 교대의식,경복궁,재현,관람형,현장참여,2025,5,1,Thursday,목,0,봄,1,10:00,14:00,20,0,0,0,0,1,0,0,0,0,1
2025-05-02,26,11회,578,경복궁 수문장 교대의식,경복궁 수문장 교대의식,수문장 교대의식,경복궁,재현,관람형,현장참여,2025,5,2,Friday,금,0,봄,1,10:00,14:00,20,0,0,0,0,1,0,0,0,0,1
2025-05-03,26,11회,578,경복궁 수문장 교대의식,경복궁 수문장 교대의식,수문장 교대의식,경복궁,재현,관람형,현장참여,2025,5,3,Saturday,토,1,봄,1,10:00,14:00,20,0,0,0,0,1,0,0,0,0,1
2025-05-04,26,11회,578,경복궁 수문장 교대의식,경복궁 수문장 교대의식,수문장 교대의식,경복궁,재현,관람형,현장참여,2025,5,4,Sunday,일,1,봄,1,10:00,14:00,20,0,0,0,0,1,0,0,0,0,1
2025-04-25,26,11회,577,경복궁 생과방,경복궁 생과방,생과방,경복궁,체험,참여형,사전예약,2025,4,25,Friday,금,0,봄,1,10:00,11:40,70,0,1,0,0,1,0,0,1,1,1
2025-04-26,26,11회,577,경복궁 생과방,경복궁 생과방,생과방,경복궁,체험,참여형,사전예약,2025,4,26,Saturday,토,1,봄,1,10:00,11:40,70,0,1,0,0,1,0,0,1,1,1
2025-04-27,26,11회,577,경복궁 생과방,경복궁 생과방,생과방,경복궁,체험,참여형,사전예약,2025,4,27,Sunday,일,1,봄,1,10:00,11:40,70,0,1,0,0,1,0,0,1,1,1
2025-04-28,26,11회,577,경복궁 생과방,경복궁 생과방,생과방,경복궁,체험,참여형,사전예약,2025,4,28,Monday,월,0,봄,1,10:00,11:40,70,0,1,0,0,1,0,0,1,1,1
2025-04-29,26,11회,577,경복궁 생과방,경복궁 생과방,생과방,경복궁,체험,참여형,사전예약,2025,4,29,Tuesday,화,0,봄,1,10:00,11:40,70,0,1,0,0,1,0,0,1,1,1
2025-04-30,26,11회,577,경복궁 생과방,경복궁 생과방,생과방,경복궁,체험,참여형,사전예약,2025,4,30,Wednesday,수,0,봄,1,10:00,11:40,70,0,1,0,0,1,0,0,1,1,1
2025-05-01,26,11회,577,경복궁 생과방,경복궁 생과방,생과방,경복궁,체험,참여형,사전예약,2025,5,1,Thursday,목,0,봄,1,10:00,11:40,70,0,1,0,0,1,0,0,1,1,1
2025-05-02,26,11회,577,경복궁 생과방,경복궁 생과방,생과방,경복궁,체험,참여형,사전예약,2025,5,2,Friday,금,0,봄,1,10:00,11:40,70,0,1,0,0,1,0,0,1,1,1
2025-05-03,26,11회,577,경복궁 생과방,경복궁 생과방,생과방,경복궁,체험,참여형,사전예약,2025,5,3,Saturday,토,1,봄,1,10:00,11:40,70,0,1,0,0,1,0,0,1,1,1
2025-05-04,26,11회,577,경복궁 생과방,경복궁 생과방,생과방,경복궁,체험,참여형,사전예약,2025,5,4,Sunday,일,1,봄,1,10:00,11:40,70,0,1,0,0,1,0,0,1,1,1
2025-04-25,26,11회,576,경복궁 별빛야행,경복궁 별빛야행,별빛야행,경복궁,체험,참여형,사전예약,2025,4,25,Friday,금,0,봄,1,18:40,19:40,110,0,1,1,1,1,1,0,1,1,1
2025-04-26,26,11회,576,경복궁 별빛야행,경복궁 별빛야행,별빛야행,경복궁,체험,참여형,사전예약,2025,4,26,Saturday,토,1,봄,1,18:40,19:40,110,0,1,1,1,1,1,0,1,1,1
2025-04-27,26,11회,576,경복궁 별빛야행,경복궁 별빛야행,별빛야행,경복궁,체험,참여형,사전예약,2025,4,27,Sunday,일,1,봄,1,18:40,19:40,110,0,1,1,1,1,1,0,1,1,1
2025-04-28,26,11회,576,경복궁 별빛야행,경복궁 별빛야행,별빛야행,경복궁,체험,참여형,사전예약,2025,4,28,Monday,월,0,봄,1,18:40,19:40,110,0,1,1,1,1,1,0,1,1,1
2025-04-29,26,11회,576,경복궁 별빛야행,경복궁 별빛야행,별빛야행,경복궁,체험,참여형,사전예약,2025,4,29,Tuesday,화,0,봄,1,18:40,19:40,110,0,1,1,1,1,1,0,1,1,1
2025-04-30,26,11회,576,경복궁 별빛야행,경복궁 별빛야행,별빛야행,경복궁,체험,참여형,사전예약,2025,4,30,Wednesday,수,0,봄,1,18:40,19:40,110,0,1,1,1,1,1,0,1,1,1
2025-05-01,26,11회,576,경복궁 별빛야행,경복궁 별빛야행,별빛야행,경복궁,체험,참여형,사전예약,2025,5,1,Thursday,목,0,봄,1,18:40,19:40,110,0,1,1,1,1,1,0,1,1,1
2025-05-02,26,11회,576,경복궁 별빛야행,경복궁 별빛야행,별빛야행,경복궁,체험,참여형,사전예약,2025,5,2,Friday,금,0,봄,1,18:40,19:40,110,0,1,1,1,1,1,0,1,1,1
2025-05-03,26,11회,576,경복궁 별빛야행,경복궁 별빛야행,별빛야행,경복궁,체험,참여형,사전예약,2025,5,3,Saturday,토,1,봄,1,18:40,19:40,110,0,1,1,1,1,1,0,1,1,1
2025-05-04,26,11회,576,경복궁 별빛야행,경복궁 별빛야행,별빛야행,경복궁,체험,참여형,사전예약,2025,5,4,Sunday,일,1,봄,1,18:40,19:40,110,0,1,1,1,1,1,0,1,1,1
2025-05-03,26,11회,575,고궁음악회-100인의 ‘여민동락(與民同樂)’,고궁음악회-100인의 ‘여민동락(與民同樂)’,고궁음악회-100인의 ‘여민동락(與民同樂)’,경복궁,공연,관람형,사전예약,2025,5,3,Saturday,토,1,봄,1,19:30,20:30,,0,0,0,1,1,0,0,1,0,1
2025-05-04,26,11회,575,고궁음악회-100인의 ‘여민동락(與民同樂)’,고궁음악회-100인의 ‘여민동락(與民同樂)’,고궁음악회-100인의 ‘여민동락(與民同樂)’,경복궁,공연,관람형,사전예약,2025,5,4,Sunday,일,1,봄,1,19:30,20:30,,0,0,0,1,1,0,0,1,0,1
2025-05-05,26,11회,575,고궁음악회-100인의 ‘여민동락(與民同樂)’,고궁음악회-100인의 ‘여민동락(與民同樂)’,고궁음악회-100인의 ‘여민동락(與民同樂)’,경복궁,공연,관람형,사전예약,2025,5,5,Monday,월,0,봄,1,19:30,20:30,,0,0,0,1,1,0,0,1,0,1
2025-04-26,26,11회,574,궁중놀이방-경복궁,궁중놀이방-경복궁,궁중놀이방,경복궁,체험,참여형,현장참여,2025,4,26,Saturday,토,1,봄,0,,,,0,0,0,0,1,0,0,0,0,1
2025-04-27,26,11회,574,궁중놀이방-경복궁,궁중놀이방-경복궁,궁중놀이방,경복궁,체험,참여형,현장참여,2025,4,27,Sunday,일,1,봄,0,,,,0,0,0,0,1,0,0,0,0,1
2025-04-28,26,11회,574,궁중놀이방-경복궁,궁중놀이방-경복궁,궁중놀이방,경복궁,체험,참여형,현장참여,2025,4,28,Monday,월,0,봄,0,,,,0,0,0,0,1,0,0,0,0,1
2025-04-29,26,11회,574,궁중놀이방-경복궁,궁중놀이방-경복궁,궁중놀이방,경복궁,체험,참여형,현장참여,2025,4,29,Tuesday,화,0,봄,0,,,,0,0,0,0,1,0,0,0,0,1
2025-04-30,26,11회,574,궁중놀이방-경복궁,궁중놀이방-경복궁,궁중놀이방,경복궁,체험,참여형,현장참여,2025,4,30,Wednesday,수,0,봄,0,,,,0,0,0,0,1,0,0,0,0,1
2025-05-01,26,11회,574,궁중놀이방-경복궁,궁중놀이방-경복궁,궁중놀이방,경복궁,체험,참여형,현장참여,2025,5,1,Thursday,목,0,봄,0,,,,0,0,0,0,1,0,0,0,0,1
2025-05-02,26,11회,574,궁중놀이방-경복궁,궁중놀이방-경복궁,궁중놀이방,경복궁,체험,참여형,현장참여,2025,5,2,Friday,금,0,봄,0,,,,0,0,0,0,1,0,0,0,0,1
2025-05-03,26,11회,574,궁중놀이방-경복궁,궁중놀이방-경복궁,궁중놀이방,경복궁,체험,참여형,현장참여,2025,5,3,Saturday,토,1,봄,0,,,,0,0,0,0,1,0,0,0,0,1
2025-05-04,26,11회,574,궁중놀이방-경복궁,궁중놀이방-경복궁,궁중놀이방,경복궁,체험,참여형,현장참여,2025,5,4,Sunday,일,1,봄,0,,,,0,0,0,0,1,0,0,0,0,1
2025-05-03,26,11회,573,궁중문화축전 길놀이-경복궁,길놀이-경복궁,길놀이,경복궁,공연,관람형,현장참여,2025,5,3,Saturday,토,1,봄,1,14:30,16:00,50,0,0,0,1,1,0,0,0,0,0
2025-04-26,26,11회,572,봄날의 경회루,날의 경회루,날의 경회루,경복궁,체험,참여형,현장참여,2025,4,26,Saturday,토,1,봄,1,11:00,15:00,90,0,1,0,1,1,0,0,1,1,1
2025-04-27,26,11회,572,봄날의 경회루,날의 경회루,날의 경회루,경복궁,체험,참여형,현장참여,2025,4,27,Sunday,일,1,봄,1,11:00,15:00,90,0,1,0,1,1,0,0,1,1,1
2025-04-28,26,11회,572,봄날의 경회루,날의 경회루,날의 경회루,경복궁,체험,참여형,현장참여,2025,4,28,Monday,월,0,봄,1,11:00,15:00,90,0,1,0,1,1,0,0,1,1,1
2025-04-29,26,11회,572,봄날의 경회루,날의 경회루,날의 경회루,경복궁,체험,참여형,현장참여,2025,4,29,Tuesday,화,0,봄,1,11:00,15:00,90,0,1,0,1,1,0,0,1,1,1
2025-04-30,26,11회,572,봄날의 경회루,날의 경회루,날의 경회루,경복궁,체험,참여형,현장참여,2025,4,30,Wednesday,수,0,봄,1,11:00,15:00,90,0,1,0,1,1,0,0,1,1,1
2025-05-01,26,11회,572,봄날의 경회루,날의 경회루,날의 경회루,경복궁,체험,참여형,현장참여,2025,5,1,Thursday,목,0,봄,1,11:00,15:00,90,0,1,0,1,1,0,0,1,1,1
2025-05-02,26,11회,572,봄날의 경회루,날의 경회루,날의 경회루,경복궁,체험,참여형,현장참여,2025,5,2,Friday,금,0,봄,1,11:00,15:00,90,0,1,0,1,1,0,0,1,1,1
2025-05-03,26,11회,572,봄날의 경회루,날의 경회루,날의 경회루,경복궁,체험,참여형,현장참여,2025,5,3,Saturday,토,1,봄,1,11:00,15:00,90,0,1,0,1,1,0,0,1,1,1
2025-05-04,26,11회,572,봄날의 경회루,날의 경회루,날의 경회루,경복궁,체험,참여형,현장참여,2025,5,4,Sunday,일,1,봄,1,11:00,15:00,90,0,1,0,1,1,0,0,1,1,1
2025-05-02,26,11회,571,어린이 궁중문화축전-궁중직업실록,어린이 궁중문화축전-궁중직업실록,어린이 궁중문화축전-궁중직업실록,경복궁,체험,참여형,현장참여,2025,5,2,Friday,금,0,봄,1,10:00,17:30,,0,1,0,1,0,0,0,1,1,0
2025-05-03,26,11회,571,어린이 궁중문화축전-궁중직업실록,어린이 궁중문화축전-궁중직업실록,어린이 궁중문화축전-궁중직업실록,경복궁,체험,참여형,현장참여,2025,5,3,Saturday,토,1,봄,1,10:00,17:30,,0,1,0,1,0,0,0,1,1,0
2025-05-04,26,11회,571,어린이 궁중문화축전-궁중직업실록,어린이 궁중문화축전-궁중직업실록,어린이 궁중문화축전-궁중직업실록,경복궁,체험,참여형,현장참여,2025,5,4,Sunday,일,1,봄,1,10:00,17:30,,0,1,0,1,0,0,0,1,1,0
2025-04-26,26,11회,570,K-Heritage마켓,K-Heritage마켓,K-Heritage마켓,경복궁,체험,참여형,현장참여,2025,4,26,Saturday,토,1,봄,1,10:00,17:00,,1,0,0,0,1,0,0,0,0,0
2025-04-27,26,11회,570,K-Heritage마켓,K-Heritage마켓,K-Heritage마켓,경복궁,체험,참여형,현장참여,2025,4,27,Sunday,일,1,봄,1,10:00,17:00,,1,0,0,0,1,0,0,0,0,0
2025-04-28,26,11회,570,K-Heritage마켓,K-Heritage마켓,K-Heritage마켓,경복궁,체험,참여형,현장참여,2025,4,28,Monday,월,0,봄,1,10:00,17:00,,1,0,0,0,1,0,0,0,0,0
2025-04-29,26,11회,570,K-Heritage마켓,K-Heritage마켓,K-Heritage마켓,경복궁,체험,참여형,현장참여,2025,4,29,Tuesday,화,0,봄,1,10:00,17:00,,1,0,0,0,1,0,0,0,0,0
2025-04-30,26,11회,570,K-Heritage마켓,K-Heritage마켓,K-Heritage마켓,경복궁,체험,참여형,현장참여,2025,4,30,Wednesday,수,0,봄,1,10:00,17:00,,1,0,0,0,1,0,0,0,0,0
2025-05-01,26,11회,570,K-Heritage마켓,K-Heritage마켓,K-Heritage마켓,경복궁,체험,참여형,현장참여,2025,5,1,Thursday,목,0,봄,1,10:00,17:00,,1,0,0,0,1,0,0,0,0,0
2025-05-02,26,11회,570,K-Heritage마켓,K-Heritage마켓,K-Heritage마켓,경복궁,체험,참여형,현장참여,2025,5,2,Friday,금,0,봄,1,10:00,17:00,,1,0,0,0,1,0,0,0,0,0
2025-05-03,26,11회,570,K-Heritage마켓,K-Heritage마켓,K-Heritage마켓,경복궁,체험,참여형,현장참여,2025,5,3,Saturday,토,1,봄,1,10:00,17:00,,1,0,0,0,1,0,0,0,0,0
2025-05-04,26,11회,570,K-Heritage마켓,K-Heritage마켓,K-Heritage마켓,경복궁,체험,참여형,현장참여,2025,5,4,Sunday,일,1,봄,1,10:00,17:00,,1,0,0,0,1,0,0,0,0,0
2025-04-26,26,11회,569,"시간여행, 세종-한밤의 시간여행","시간여행, 세종-한밤의 시간여행","시간여행, 세종-한밤의 시간여행",경복궁,복합,복합형,사전예약,2025,4,26,Saturday,토,1,봄,1,19:00,21:00,,0,1,1,1,1,0,0,1,1,1
2025-04-27,26,11회,569,"시간여행, 세종-한밤의 시간여행","시간여행, 세종-한밤의 시간여행","시간여행, 세종-한밤의 시간여행",경복궁,복합,복합형,사전예약,2025,4,27,Sunday,일,1,봄,1,19:00,21:00,,0,1,1,1,1,0,0,1,1,1
2025-04-28,26,11회,569,"시간여행, 세종-한밤의 시간여행","시간여행, 세종-한밤의 시간여행","시간여행, 세종-한밤의 시간여행",경복궁,복합,복합형,사전예약,2025,4,28,Monday,월,0,봄,1,19:00,21:00,,0,1,1,1,1,0,0,1,1,1
2025-04-29,26,11회,569,"시간여행, 세종-한밤의 시간여행","시간여행, 세종-한밤의 시간여행","시간여행, 세종-한밤의 시간여행",경복궁,복합,복합형,사전예약,2025,4,29,Tuesday,화,0,봄,1,19:00,21:00,,0,1,1,1,1,0,0,1,1,1
2025-04-30,26,11회,569,"시간여행, 세종-한밤의 시간여행","시간여행, 세종-한밤의 시간여행","시간여행, 세종-한밤의 시간여행",경복궁,복합,복합형,사전예약,2025,4,30,Wednesday,수,0,봄,1,19:00,21:00,,0,1,1,1,1,0,0,1,1,1
2025-04-26,26,11회,568,"시간여행, 세종-궁중새내기","시간여행, 세종-궁중새내기","시간여행, 세종-궁중새내기",경복궁,복합,복합형,사전예약,2025,4,26,Saturday,토,1,봄,1,10:00,14:00,,0,1,0,1,1,0,0,1,1,1
2025-04-27,26,11회,568,"시간여행, 세종-궁중새내기","시간여행, 세종-궁중새내기","시간여행, 세종-궁중새내기",경복궁,복합,복합형,사전예약,2025,4,27,Sunday,일,1,봄,1,10:00,14:00,,0,1,0,1,1,0,0,1,1,1
2025-04-28,26,11회,568,"시간여행, 세종-궁중새내기","시간여행, 세종-궁중새내기","시간여행, 세종-궁중새내기",경복궁,복합,복합형,사전예약,2025,4,28,Monday,월,0,봄,1,10:00,14:00,,0,1,0,1,1,0,0,1,1,1
2025-04-29,26,11회,568,"시간여행, 세종-궁중새내기","시간여행, 세종-궁중새내기","시간여행, 세종-궁중새내기",경복궁,복합,복합형,사전예약,2025,4,29,Tuesday,화,0,봄,1,10:00,14:00,,0,1,0,1,1,0,0,1,1,1
2025-04-30,26,11회,568,"시간여행, 세종-궁중새내기","시간여행, 세종-궁중새내기","시간여행, 세종-궁중새내기",경복궁,복합,복합형,사전예약,2025,4,30,Wednesday,수,0,봄,1,10:00,14:00,,0,1,0,1,1,0,0,1,1,1
2025-04-26,26,11회,567,"시간여행, 세종-궁중 일상재현","시간여행, 세종-궁중 일상재현","시간여행, 세종-궁중 일상재현",경복궁,복합,복합형,현장참여,2025,4,26,Saturday,토,1,봄,1,11:00,15:00,,0,0,0,1,1,1,0,1,0,1
2025-04-27,26,11회,567,"시간여행, 세종-궁중 일상재현","시간여행, 세종-궁중 일상재현","시간여행, 세종-궁중 일상재현",경복궁,복합,복합형,현장참여,2025,4,27,Sunday,일,1,봄,1,11:00,15:00,,0,0,0,1,1,1,0,1,0,1
2025-04-28,26,11회,567,"시간여행, 세종-궁중 일상재현","시간여행, 세종-궁중 일상재현","시간여행, 세종-궁중 일상재현",경복궁,복합,복합형,현장참여,2025,4,28,Monday,월,0,봄,1,11:00,15:00,,0,0,0,1,1,1,0,1,0,1
2025-04-29,26,11회,567,"시간여행, 세종-궁중 일상재현","시간여행, 세종-궁중 일상재현","시간여행, 세종-궁중 일상재현",경복궁,복합,복합형,현장참여,2025,4,29,Tuesday,화,0,봄,1,11:00,15:00,,0,0,0,1,1,1,0,1,0,1
2025-04-30,26,11회,567,"시간여행, 세종-궁중 일상재현","시간여행, 세종-궁중 일상재현","시간여행, 세종-궁중 일상재현",경복궁,복합,복합형,현장참여,2025,4,30,Wednesday,수,0,봄,1,11:00,15:00,,0,0,0,1,1,1,0,1,0,1
2025-04-25,26,11회,566,2025년 궁중문화축전 개막제,개막제,개막제,경복궁,공식행사,행사형,사전예약,2025,4,25,Friday,금,0,봄,0,,,,0,1,1,1,1,0,0,1,1,1
2025-04-26,26,11회,638,2025 봄 궁중문화축전 스탬프 투어,스탬프 투어,스탬프 투어,경복궁,체험,참여형,현장참여,2025,4,26,Saturday,토,1,봄,1,09:00,18:00,,1,0,0,0,1,1,0,0,1,1
2025-04-27,26,11회,638,2025 봄 궁중문화축전 스탬프 투어,스탬프 투어,스탬프 투어,경복궁,체험,참여형,현장참여,2025,4,27,Sunday,일,1,봄,1,09:00,18:00,,1,0,0,0,1,1,0,0,1,1
2025-04-28,26,11회,638,2025 봄 궁중문화축전 스탬프 투어,스탬프 투어,스탬프 투어,경복궁,체험,참여형,현장참여,2025,4,28,Monday,월,0,봄,1,09:00,18:00,,1,0,0,0,1,1,0,0,1,1
2025-04-29,26,11회,638,2025 봄 궁중문화축전 스탬프 투어,스탬프 투어,스탬프 투어,경복궁,체험,참여형,현장참여,2025,4,29,Tuesday,화,0,봄,1,09:00,18:00,,1,0,0,0,1,1,0,0,1,1
2025-04-30,26,11회,638,2025 봄 궁중문화축전 스탬프 투어,스탬프 투어,스탬프 투어,경복궁,체험,참여형,현장참여,2025,4,30,Wednesday,수,0,봄,1,09:00,18:00,,1,0,0,0,1,1,0,0,1,1
2025-05-01,26,11회,638,2025 봄 궁중문화축전 스탬프 투어,스탬프 투어,스탬프 투어,경복궁,체험,참여형,현장참여,2025,5,1,Thursday,목,0,봄,1,09:00,18:00,,1,0,0,0,1,1,0,0,1,1
2025-05-02,26,11회,638,2025 봄 궁중문화축전 스탬프 투어,스탬프 투어,스탬프 투어,경복궁,체험,참여형,현장참여,2025,5,2,Friday,금,0,봄,1,09:00,18:00,,1,0,0,0,1,1,0,0,1,1
2025-05-03,26,11회,638,2025 봄 궁중문화축전 스탬프 투어,스탬프 투어,스탬프 투어,경복궁,체험,참여형,현장참여,2025,5,3,Saturday,토,1,봄,1,09:00,18:00,,1,0,0,0,1,1,0,0,1,1
2025-05-04,26,11회,638,2025 봄 궁중문화축전 스탬프 투어,스탬프 투어,스탬프 투어,경복궁,체험,참여형,현장참여,2025,5,4,Sunday,일,1,봄,1,09:00,18:00,,1,0,0,0,1,1,0,0,1,1
2025-04-26,26,11회,639,2025 봄 궁중문화축전 스탬프 투어,스탬프 투어,스탬프 투어,경복궁,체험,참여형,현장참여,2025,4,26,Saturday,토,1,봄,1,09:00,18:00,,1,0,0,0,1,1,0,0,1,1
2025-04-27,26,11회,639,2025 봄 궁중문화축전 스탬프 투어,스탬프 투어,스탬프 투어,경복궁,체험,참여형,현장참여,2025,4,27,Sunday,일,1,봄,1,09:00,18:00,,1,0,0,0,1,1,0,0,1,1
2025-04-28,26,11회,639,2025 봄 궁중문화축전 스탬프 투어,스탬프 투어,스탬프 투어,경복궁,체험,참여형,현장참여,2025,4,28,Monday,월,0,봄,1,09:00,18:00,,1,0,0,0,1,1,0,0,1,1
2025-04-29,26,11회,639,2025 봄 궁중문화축전 스탬프 투어,스탬프 투어,스탬프 투어,경복궁,체험,참여형,현장참여,2025,4,29,Tuesday,화,0,봄,1,09:00,18:00,,1,0,0,0,1,1,0,0,1,1
2025-04-30,26,11회,639,2025 봄 궁중문화축전 스탬프 투어,스탬프 투어,스탬프 투어,경복궁,체험,참여형,현장참여,2025,4,30,Wednesday,수,0,봄,1,09:00,18:00,,1,0,0,0,1,1,0,0,1,1
2025-05-01,26,11회,639,2025 봄 궁중문화축전 스탬프 투어,스탬프 투어,스탬프 투어,경복궁,체험,참여형,현장참여,2025,5,1,Thursday,목,0,봄,1,09:00,18:00,,1,0,0,0,1,1,0,0,1,1
2025-05-02,26,11회,639,2025 봄 궁중문화축전 스탬프 투어,스탬프 투어,스탬프 투어,경복궁,체험,참여형,현장참여,2025,5,2,Friday,금,0,봄,1,09:00,18:00,,1,0,0,0,1,1,0,0,1,1
2025-05-03,26,11회,639,2025 봄 궁중문화축전 스탬프 투어,스탬프 투어,스탬프 투어,경복궁,체험,참여형,현장참여,2025,5,3,Saturday,토,1,봄,1,09:00,18:00,,1,0,0,0,1,1,0,0,1,1
2025-05-04,26,11회,639,2025 봄 궁중문화축전 스탬프 투어,스탬프 투어,스탬프 투어,경복궁,체험,참여형,현장참여,2025,5,4,Sunday,일,1,봄,1,09:00,18:00,,1,0,0,0,1,1,0,0,1,1
2025-04-26,26,11회,640,2025 봄 궁중문화축전 스탬프 투어,스탬프 투어,스탬프 투어,경복궁,체험,참여형,현장참여,2025,4,26,Saturday,토,1,봄,1,09:00,18:00,,1,0,0,0,1,1,0,0,1,1
2025-04-27,26,11회,640,2025 봄 궁중문화축전 스탬프 투어,스탬프 투어,스탬프 투어,경복궁,체험,참여형,현장참여,2025,4,27,Sunday,일,1,봄,1,09:00,18:00,,1,0,0,0,1,1,0,0,1,1
2025-04-28,26,11회,640,2025 봄 궁중문화축전 스탬프 투어,스탬프 투어,스탬프 투어,경복궁,체험,참여형,현장참여,2025,4,28,Monday,월,0,봄,1,09:00,18:00,,1,0,0,0,1,1,0,0,1,1
2025-04-29,26,11회,640,2025 봄 궁중문화축전 스탬프 투어,스탬프 투어,스탬프 투어,경복궁,체험,참여형,현장참여,2025,4,29,Tuesday,화,0,봄,1,09:00,18:00,,1,0,0,0,1,1,0,0,1,1
2025-04-30,26,11회,640,2025 봄 궁중문화축전 스탬프 투어,스탬프 투어,스탬프 투어,경복궁,체험,참여형,현장참여,2025,4,30,Wednesday,수,0,봄,1,09:00,18:00,,1,0,0,0,1,1,0,0,1,1
2025-05-01,26,11회,640,2025 봄 궁중문화축전 스탬프 투어,스탬프 투어,스탬프 투어,경복궁,체험,참여형,현장참여,2025,5,1,Thursday,목,0,봄,1,09:00,18:00,,1,0,0,0,1,1,0,0,1,1
2025-05-02,26,11회,640,2025 봄 궁중문화축전 스탬프 투어,스탬프 투어,스탬프 투어,경복궁,체험,참여형,현장참여,2025,5,2,Friday,금,0,봄,1,09:00,18:00,,1,0,0,0,1,1,0,0,1,1
2025-05-03,26,11회,640,2025 봄 궁중문화축전 스탬프 투어,스탬프 투어,스탬프 투어,경복궁,체험,참여형,현장참여,2025,5,3,Saturday,토,1,봄,1,09:00,18:00,,1,0,0,0,1,1,0,0,1,1
2025-05-04,26,11회,640,2025 봄 궁중문화축전 스탬프 투어,스탬프 투어,스탬프 투어,경복궁,체험,참여형,현장참여,2025,5,4,Sunday,일,1,봄,1,09:00,18:00,,1,0,0,0,1,1,0,0,1,1
2025-04-26,26,11회,641,2025 봄 궁중문화축전 스탬프 투어,스탬프 투어,스탬프 투어,경복궁,체험,참여형,현장참여,2025,4,26,Saturday,토,1,봄,1,09:00,18:00,,1,0,0,0,1,1,0,0,1,1
2025-04-27,26,11회,641,2025 봄 궁중문화축전 스탬프 투어,스탬프 투어,스탬프 투어,경복궁,체험,참여형,현장참여,2025,4,27,Sunday,일,1,봄,1,09:00,18:00,,1,0,0,0,1,1,0,0,1,1
2025-04-28,26,11회,641,2025 봄 궁중문화축전 스탬프 투어,스탬프 투어,스탬프 투어,경복궁,체험,참여형,현장참여,2025,4,28,Monday,월,0,봄,1,09:00,18:00,,1,0,0,0,1,1,0,0,1,1
2025-04-29,26,11회,641,2025 봄 궁중문화축전 스탬프 투어,스탬프 투어,스탬프 투어,경복궁,체험,참여형,현장참여,2025,4,29,Tuesday,화,0,봄,1,09:00,18:00,,1,0,0,0,1,1,0,0,1,1
2025-04-30,26,11회,641,2025 봄 궁중문화축전 스탬프 투어,스탬프 투어,스탬프 투어,경복궁,체험,참여형,현장참여,2025,4,30,Wednesday,수,0,봄,1,09:00,18:00,,1,0,0,0,1,1,0,0,1,1
2025-05-01,26,11회,641,2025 봄 궁중문화축전 스탬프 투어,스탬프 투어,스탬프 투어,경복궁,체험,참여형,현장참여,2025,5,1,Thursday,목,0,봄,1,09:00,18:00,,1,0,0,0,1,1,0,0,1,1
2025-05-02,26,11회,641,2025 봄 궁중문화축전 스탬프 투어,스탬프 투어,스탬프 투어,경복궁,체험,참여형,현장참여,2025,5,2,Friday,금,0,봄,1,09:00,18:00,,1,0,0,0,1,1,0,0,1,1
2025-05-03,26,11회,641,2025 봄 궁중문화축전 스탬프 투어,스탬프 투어,스탬프 투어,경복궁,체험,참여형,현장참여,2025,5,3,Saturday,토,1,봄,1,09:00,18:00,,1,0,0,0,1,1,0,0,1,1
2025-05-04,26,11회,641,2025 봄 궁중문화축전 스탬프 투어,스탬프 투어,스탬프 투어,경복궁,체험,참여형,현장참여,2025,5,4,Sunday,일,1,봄,1,09:00,18:00,,1,0,0,0,1,1,0,0,1,1
2025-04-26,26,11회,642,2025 봄 궁중문화축전 스탬프 투어,스탬프 투어,스탬프 투어,경복궁,체험,참여형,현장참여,2025,4,26,Saturday,토,1,봄,1,09:00,18:00,,1,0,0,0,1,1,0,0,1,1
2025-04-27,26,11회,642,2025 봄 궁중문화축전 스탬프 투어,스탬프 투어,스탬프 투어,경복궁,체험,참여형,현장참여,2025,4,27,Sunday,일,1,봄,1,09:00,18:00,,1,0,0,0,1,1,0,0,1,1
2025-04-28,26,11회,642,2025 봄 궁중문화축전 스탬프 투어,스탬프 투어,스탬프 투어,경복궁,체험,참여형,현장참여,2025,4,28,Monday,월,0,봄,1,09:00,18:00,,1,0,0,0,1,1,0,0,1,1
2025-04-29,26,11회,642,2025 봄 궁중문화축전 스탬프 투어,스탬프 투어,스탬프 투어,경복궁,체험,참여형,현장참여,2025,4,29,Tuesday,화,0,봄,1,09:00,18:00,,1,0,0,0,1,1,0,0,1,1
2025-04-30,26,11회,642,2025 봄 궁중문화축전 스탬프 투어,스탬프 투어,스탬프 투어,경복궁,체험,참여형,현장참여,2025,4,30,Wednesday,수,0,봄,1,09:00,18:00,,1,0,0,0,1,1,0,0,1,1
2025-05-01,26,11회,642,2025 봄 궁중문화축전 스탬프 투어,스탬프 투어,스탬프 투어,경복궁,체험,참여형,현장참여,2025,5,1,Thursday,목,0,봄,1,09:00,18:00,,1,0,0,0,1,1,0,0,1,1
2025-05-02,26,11회,642,2025 봄 궁중문화축전 스탬프 투어,스탬프 투어,스탬프 투어,경복궁,체험,참여형,현장참여,2025,5,2,Friday,금,0,봄,1,09:00,18:00,,1,0,0,0,1,1,0,0,1,1
2025-05-03,26,11회,642,2025 봄 궁중문화축전 스탬프 투어,스탬프 투어,스탬프 투어,경복궁,체험,참여형,현장참여,2025,5,3,Saturday,토,1,봄,1,09:00,18:00,,1,0,0,0,1,1,0,0,1,1
2025-05-04,26,11회,642,2025 봄 궁중문화축전 스탬프 투어,스탬프 투어,스탬프 투어,경복궁,체험,참여형,현장참여,2025,5,4,Sunday,일,1,봄,1,09:00,18:00,,1,0,0,0,1,1,0,0,1,1
2024-10-09,23,10회,526,"대한황실문화원 기획 프로그램 - 자경전, 왕(王)의 효심(孝心)으로 물들이다","대한황실문화원 기획 프로그램 - 자경전, 왕(王)의 효심(孝心)으로 물들이다","대한황실문화원 기획 프로그램 - 자경전, 왕(王)의 효심(孝心)으로 물들이다",경복궁,복합,복합형,현장참여,2024,10,9,Wednesday,수,0,가을,1,10:00,17:00,,0,0,0,0,1,0,1,0,1,1
2024-10-10,23,10회,526,"대한황실문화원 기획 프로그램 - 자경전, 왕(王)의 효심(孝心)으로 물들이다","대한황실문화원 기획 프로그램 - 자경전, 왕(王)의 효심(孝心)으로 물들이다","대한황실문화원 기획 프로그램 - 자경전, 왕(王)의 효심(孝心)으로 물들이다",경복궁,복합,복합형,현장참여,2024,10,10,Thursday,목,0,가을,1,10:00,17:00,,0,0,0,0,1,0,1,0,1,1
2024-10-11,23,10회,526,"대한황실문화원 기획 프로그램 - 자경전, 왕(王)의 효심(孝心)으로 물들이다","대한황실문화원 기획 프로그램 - 자경전, 왕(王)의 효심(孝心)으로 물들이다","대한황실문화원 기획 프로그램 - 자경전, 왕(王)의 효심(孝心)으로 물들이다",경복궁,복합,복합형,현장참여,2024,10,11,Friday,금,0,가을,1,10:00,17:00,,0,0,0,0,1,0,1,0,1,1
2024-10-12,23,10회,526,"대한황실문화원 기획 프로그램 - 자경전, 왕(王)의 효심(孝心)으로 물들이다","대한황실문화원 기획 프로그램 - 자경전, 왕(王)의 효심(孝心)으로 물들이다","대한황실문화원 기획 프로그램 - 자경전, 왕(王)의 효심(孝心)으로 물들이다",경복궁,복합,복합형,현장참여,2024,10,12,Saturday,토,1,가을,1,10:00,17:00,,0,0,0,0,1,0,1,0,1,1
2024-10-13,23,10회,526,"대한황실문화원 기획 프로그램 - 자경전, 왕(王)의 효심(孝心)으로 물들이다","대한황실문화원 기획 프로그램 - 자경전, 왕(王)의 효심(孝心)으로 물들이다","대한황실문화원 기획 프로그램 - 자경전, 왕(王)의 효심(孝心)으로 물들이다",경복궁,복합,복합형,현장참여,2024,10,13,Sunday,일,1,가을,1,10:00,17:00,,0,0,0,0,1,0,1,0,1,1
2024-10-09,23,10회,525,고궁 속 아름다운 한복 이야기 사진전,고궁 속 아름다운 한복 이야기 사진전,고궁 속 아름다운 한복 이야기 사진전,경복궁,전시,관람형,현장참여,2024,10,9,Wednesday,수,0,가을,1,10:00,17:00,,0,0,0,0,1,0,1,1,0,0
2024-10-10,23,10회,525,고궁 속 아름다운 한복 이야기 사진전,고궁 속 아름다운 한복 이야기 사진전,고궁 속 아름다운 한복 이야기 사진전,경복궁,전시,관람형,현장참여,2024,10,10,Thursday,목,0,가을,1,10:00,17:00,,0,0,0,0,1,0,1,1,0,0
2024-10-11,23,10회,525,고궁 속 아름다운 한복 이야기 사진전,고궁 속 아름다운 한복 이야기 사진전,고궁 속 아름다운 한복 이야기 사진전,경복궁,전시,관람형,현장참여,2024,10,11,Friday,금,0,가을,1,10:00,17:00,,0,0,0,0,1,0,1,1,0,0
2024-10-12,23,10회,525,고궁 속 아름다운 한복 이야기 사진전,고궁 속 아름다운 한복 이야기 사진전,고궁 속 아름다운 한복 이야기 사진전,경복궁,전시,관람형,현장참여,2024,10,12,Saturday,토,1,가을,1,10:00,17:00,,0,0,0,0,1,0,1,1,0,0
2024-10-13,23,10회,525,고궁 속 아름다운 한복 이야기 사진전,고궁 속 아름다운 한복 이야기 사진전,고궁 속 아름다운 한복 이야기 사진전,경복궁,전시,관람형,현장참여,2024,10,13,Sunday,일,1,가을,1,10:00,17:00,,0,0,0,0,1,0,1,1,0,0
2024-10-10,23,10회,524,"인문학 콘서트-한복, 천태만상","인문학 콘서트-한복, 천태만상","인문학 콘서트-한복, 천태만상",경복궁,공연,관람형,사전예약,2024,10,10,Thursday,목,0,가을,1,16:00,17:30,,1,1,0,1,1,0,1,1,1,1
2024-10-11,23,10회,524,"인문학 콘서트-한복, 천태만상","인문학 콘서트-한복, 천태만상","인문학 콘서트-한복, 천태만상",경복궁,공연,관람형,사전예약,2024,10,11,Friday,금,0,가을,1,16:00,17:30,,1,1,0,1,1,0,1,1,1,1
2024-10-09,23,10회,523,경복궁 상의원,경복궁 상의원,상의원,경복궁,체험,참여형,사전예약,2024,10,9,Wednesday,수,0,가을,1,10:00,17:00,,0,0,1,0,1,0,1,1,1,1
2024-10-10,23,10회,523,경복궁 상의원,경복궁 상의원,상의원,경복궁,체험,참여형,사전예약,2024,10,10,Thursday,목,0,가을,1,10:00,17:00,,0,0,1,0,1,0,1,1,1,1
2024-10-11,23,10회,523,경복궁 상의원,경복궁 상의원,상의원,경복궁,체험,참여형,사전예약,2024,10,11,Friday,금,0,가을,1,10:00,17:00,,0,0,1,0,1,0,1,1,1,1
2024-10-12,23,10회,523,경복궁 상의원,경복궁 상의원,상의원,경복궁,체험,참여형,사전예약,2024,10,12,Saturday,토,1,가을,1,10:00,17:00,,0,0,1,0,1,0,1,1,1,1
2024-10-13,23,10회,523,경복궁 상의원,경복궁 상의원,상의원,경복궁,체험,참여형,사전예약,2024,10,13,Sunday,일,1,가을,1,10:00,17:00,,0,0,1,0,1,0,1,1,1,1
2024-10-09,23,10회,522,경복궁 한복 연향,경복궁 한복 연향,한복 연향,경복궁,복합,복합형,사전예약,2024,10,9,Wednesday,수,0,가을,1,19:00,21:00,,0,1,1,1,1,1,1,1,1,1
2024-10-12,23,10회,520,궁중문화축전 길놀이,길놀이,길놀이,경복궁,공연,관람형,현장참여,2024,10,12,Saturday,토,1,가을,1,13:30,15:30,,0,0,0,1,0,0,0,0,0,1
2024-10-10,23,10회,518,고궁음악회 발레x수제천,고궁음악회 발레x수제천,고궁음악회 발레x수제천,경복궁,공연,관람형,사전예약,2024,10,10,Thursday,목,0,가을,1,19:00,20:10,,1,1,1,1,1,1,0,1,1,1
2024-10-11,23,10회,518,고궁음악회 발레x수제천,고궁음악회 발레x수제천,고궁음악회 발레x수제천,경복궁,공연,관람형,사전예약,2024,10,11,Friday,금,0,가을,1,19:00,20:10,,1,1,1,1,1,1,0,1,1,1
2024-10-12,23,10회,518,고궁음악회 발레x수제천,고궁음악회 발레x수제천,고궁음악회 발레x수제천,경복궁,공연,관람형,사전예약,2024,10,12,Saturday,토,1,가을,1,19:00,20:10,,1,1,1,1,1,1,0,1,1,1
2024-10-13,23,10회,518,고궁음악회 발레x수제천,고궁음악회 발레x수제천,고궁음악회 발레x수제천,경복궁,공연,관람형,사전예약,2024,10,13,Sunday,일,1,가을,1,19:00,20:10,,1,1,1,1,1,1,0,1,1,1
2024-09-04,23,10회,516,경복궁 생과방,경복궁 생과방,생과방,경복궁,체험,참여형,사전예약,2024,9,4,Wednesday,수,0,가을,1,10:00,11:40,,0,1,1,0,1,0,0,1,1,1
2024-09-05,23,10회,516,경복궁 생과방,경복궁 생과방,생과방,경복궁,체험,참여형,사전예약,2024,9,5,Thursday,목,0,가을,1,10:00,11:40,,0,1,1,0,1,0,0,1,1,1
2024-09-06,23,10회,516,경복궁 생과방,경복궁 생과방,생과방,경복궁,체험,참여형,사전예약,2024,9,6,Friday,금,0,가을,1,10:00,11:40,,0,1,1,0,1,0,0,1,1,1
2024-09-07,23,10회,516,경복궁 생과방,경복궁 생과방,생과방,경복궁,체험,참여형,사전예약,2024,9,7,Saturday,토,1,가을,1,10:00,11:40,,0,1,1,0,1,0,0,1,1,1
2024-09-08,23,10회,516,경복궁 생과방,경복궁 생과방,생과방,경복궁,체험,참여형,사전예약,2024,9,8,Sunday,일,1,가을,1,10:00,11:40,,0,1,1,0,1,0,0,1,1,1
2024-09-09,23,10회,516,경복궁 생과방,경복궁 생과방,생과방,경복궁,체험,참여형,사전예약,2024,9,9,Monday,월,0,가을,1,10:00,11:40,,0,1,1,0,1,0,0,1,1,1
2024-09-10,23,10회,516,경복궁 생과방,경복궁 생과방,생과방,경복궁,체험,참여형,사전예약,2024,9,10,Tuesday,화,0,가을,1,10:00,11:40,,0,1,1,0,1,0,0,1,1,1
2024-09-11,23,10회,516,경복궁 생과방,경복궁 생과방,생과방,경복궁,체험,참여형,사전예약,2024,9,11,Wednesday,수,0,가을,1,10:00,11:40,,0,1,1,0,1,0,0,1,1,1
2024-09-12,23,10회,516,경복궁 생과방,경복궁 생과방,생과방,경복궁,체험,참여형,사전예약,2024,9,12,Thursday,목,0,가을,1,10:00,11:40,,0,1,1,0,1,0,0,1,1,1
2024-09-13,23,10회,516,경복궁 생과방,경복궁 생과방,생과방,경복궁,체험,참여형,사전예약,2024,9,13,Friday,금,0,가을,1,10:00,11:40,,0,1,1,0,1,0,0,1,1,1
2024-09-14,23,10회,516,경복궁 생과방,경복궁 생과방,생과방,경복궁,체험,참여형,사전예약,2024,9,14,Saturday,토,1,가을,1,10:00,11:40,,0,1,1,0,1,0,0,1,1,1
2024-09-15,23,10회,516,경복궁 생과방,경복궁 생과방,생과방,경복궁,체험,참여형,사전예약,2024,9,15,Sunday,일,1,가을,1,10:00,11:40,,0,1,1,0,1,0,0,1,1,1
2024-09-16,23,10회,516,경복궁 생과방,경복궁 생과방,생과방,경복궁,체험,참여형,사전예약,2024,9,16,Monday,월,0,가을,1,10:00,11:40,,0,1,1,0,1,0,0,1,1,1
2024-09-17,23,10회,516,경복궁 생과방,경복궁 생과방,생과방,경복궁,체험,참여형,사전예약,2024,9,17,Tuesday,화,0,가을,1,10:00,11:40,,0,1,1,0,1,0,0,1,1,1
2024-09-18,23,10회,516,경복궁 생과방,경복궁 생과방,생과방,경복궁,체험,참여형,사전예약,2024,9,18,Wednesday,수,0,가을,1,10:00,11:40,,0,1,1,0,1,0,0,1,1,1
2024-09-19,23,10회,516,경복궁 생과방,경복궁 생과방,생과방,경복궁,체험,참여형,사전예약,2024,9,19,Thursday,목,0,가을,1,10:00,11:40,,0,1,1,0,1,0,0,1,1,1
2024-09-20,23,10회,516,경복궁 생과방,경복궁 생과방,생과방,경복궁,체험,참여형,사전예약,2024,9,20,Friday,금,0,가을,1,10:00,11:40,,0,1,1,0,1,0,0,1,1,1
2024-09-21,23,10회,516,경복궁 생과방,경복궁 생과방,생과방,경복궁,체험,참여형,사전예약,2024,9,21,Saturday,토,1,가을,1,10:00,11:40,,0,1,1,0,1,0,0,1,1,1
2024-09-22,23,10회,516,경복궁 생과방,경복궁 생과방,생과방,경복궁,체험,참여형,사전예약,2024,9,22,Sunday,일,1,가을,1,10:00,11:40,,0,1,1,0,1,0,0,1,1,1
2024-09-23,23,10회,516,경복궁 생과방,경복궁 생과방,생과방,경복궁,체험,참여형,사전예약,2024,9,23,Monday,월,0,가을,1,10:00,11:40,,0,1,1,0,1,0,0,1,1,1
2024-09-24,23,10회,516,경복궁 생과방,경복궁 생과방,생과방,경복궁,체험,참여형,사전예약,2024,9,24,Tuesday,화,0,가을,1,10:00,11:40,,0,1,1,0,1,0,0,1,1,1
2024-09-25,23,10회,516,경복궁 생과방,경복궁 생과방,생과방,경복궁,체험,참여형,사전예약,2024,9,25,Wednesday,수,0,가을,1,10:00,11:40,,0,1,1,0,1,0,0,1,1,1
2024-09-26,23,10회,516,경복궁 생과방,경복궁 생과방,생과방,경복궁,체험,참여형,사전예약,2024,9,26,Thursday,목,0,가을,1,10:00,11:40,,0,1,1,0,1,0,0,1,1,1
2024-09-27,23,10회,516,경복궁 생과방,경복궁 생과방,생과방,경복궁,체험,참여형,사전예약,2024,9,27,Friday,금,0,가을,1,10:00,11:40,,0,1,1,0,1,0,0,1,1,1
2024-09-28,23,10회,516,경복궁 생과방,경복궁 생과방,생과방,경복궁,체험,참여형,사전예약,2024,9,28,Saturday,토,1,가을,1,10:00,11:40,,0,1,1,0,1,0,0,1,1,1
2024-09-29,23,10회,516,경복궁 생과방,경복궁 생과방,생과방,경복궁,체험,참여형,사전예약,2024,9,29,Sunday,일,1,가을,1,10:00,11:40,,0,1,1,0,1,0,0,1,1,1
2024-09-30,23,10회,516,경복궁 생과방,경복궁 생과방,생과방,경복궁,체험,참여형,사전예약,2024,9,30,Monday,월,0,가을,1,10:00,11:40,,0,1,1,0,1,0,0,1,1,1
2024-10-01,23,10회,516,경복궁 생과방,경복궁 생과방,생과방,경복궁,체험,참여형,사전예약,2024,10,1,Tuesday,화,0,가을,1,10:00,11:40,,0,1,1,0,1,0,0,1,1,1
2024-10-02,23,10회,516,경복궁 생과방,경복궁 생과방,생과방,경복궁,체험,참여형,사전예약,2024,10,2,Wednesday,수,0,가을,1,10:00,11:40,,0,1,1,0,1,0,0,1,1,1
2024-10-03,23,10회,516,경복궁 생과방,경복궁 생과방,생과방,경복궁,체험,참여형,사전예약,2024,10,3,Thursday,목,0,가을,1,10:00,11:40,,0,1,1,0,1,0,0,1,1,1
2024-10-04,23,10회,516,경복궁 생과방,경복궁 생과방,생과방,경복궁,체험,참여형,사전예약,2024,10,4,Friday,금,0,가을,1,10:00,11:40,,0,1,1,0,1,0,0,1,1,1
2024-10-05,23,10회,516,경복궁 생과방,경복궁 생과방,생과방,경복궁,체험,참여형,사전예약,2024,10,5,Saturday,토,1,가을,1,10:00,11:40,,0,1,1,0,1,0,0,1,1,1
2024-10-06,23,10회,516,경복궁 생과방,경복궁 생과방,생과방,경복궁,체험,참여형,사전예약,2024,10,6,Sunday,일,1,가을,1,10:00,11:40,,0,1,1,0,1,0,0,1,1,1
2024-10-07,23,10회,516,경복궁 생과방,경복궁 생과방,생과방,경복궁,체험,참여형,사전예약,2024,10,7,Monday,월,0,가을,1,10:00,11:40,,0,1,1,0,1,0,0,1,1,1
2024-10-08,23,10회,516,경복궁 생과방,경복궁 생과방,생과방,경복궁,체험,참여형,사전예약,2024,10,8,Tuesday,화,0,가을,1,10:00,11:40,,0,1,1,0,1,0,0,1,1,1
2024-10-09,23,10회,516,경복궁 생과방,경복궁 생과방,생과방,경복궁,체험,참여형,사전예약,2024,10,9,Wednesday,수,0,가을,1,10:00,11:40,,0,1,1,0,1,0,0,1,1,1
2024-10-10,23,10회,516,경복궁 생과방,경복궁 생과방,생과방,경복궁,체험,참여형,사전예약,2024,10,10,Thursday,목,0,가을,1,10:00,11:40,,0,1,1,0,1,0,0,1,1,1
2024-10-11,23,10회,516,경복궁 생과방,경복궁 생과방,생과방,경복궁,체험,참여형,사전예약,2024,10,11,Friday,금,0,가을,1,10:00,11:40,,0,1,1,0,1,0,0,1,1,1
2024-10-12,23,10회,516,경복궁 생과방,경복궁 생과방,생과방,경복궁,체험,참여형,사전예약,2024,10,12,Saturday,토,1,가을,1,10:00,11:40,,0,1,1,0,1,0,0,1,1,1
2024-10-13,23,10회,516,경복궁 생과방,경복궁 생과방,생과방,경복궁,체험,참여형,사전예약,2024,10,13,Sunday,일,1,가을,1,10:00,11:40,,0,1,1,0,1,0,0,1,1,1
2024-10-14,23,10회,516,경복궁 생과방,경복궁 생과방,생과방,경복궁,체험,참여형,사전예약,2024,10,14,Monday,월,0,가을,1,10:00,11:40,,0,1,1,0,1,0,0,1,1,1
2024-10-15,23,10회,516,경복궁 생과방,경복궁 생과방,생과방,경복궁,체험,참여형,사전예약,2024,10,15,Tuesday,화,0,가을,1,10:00,11:40,,0,1,1,0,1,0,0,1,1,1
2024-10-16,23,10회,516,경복궁 생과방,경복궁 생과방,생과방,경복궁,체험,참여형,사전예약,2024,10,16,Wednesday,수,0,가을,1,10:00,11:40,,0,1,1,0,1,0,0,1,1,1
2024-10-17,23,10회,516,경복궁 생과방,경복궁 생과방,생과방,경복궁,체험,참여형,사전예약,2024,10,17,Thursday,목,0,가을,1,10:00,11:40,,0,1,1,0,1,0,0,1,1,1
2024-10-18,23,10회,516,경복궁 생과방,경복궁 생과방,생과방,경복궁,체험,참여형,사전예약,2024,10,18,Friday,금,0,가을,1,10:00,11:40,,0,1,1,0,1,0,0,1,1,1
2024-10-19,23,10회,516,경복궁 생과방,경복궁 생과방,생과방,경복궁,체험,참여형,사전예약,2024,10,19,Saturday,토,1,가을,1,10:00,11:40,,0,1,1,0,1,0,0,1,1,1
2024-10-20,23,10회,516,경복궁 생과방,경복궁 생과방,생과방,경복궁,체험,참여형,사전예약,2024,10,20,Sunday,일,1,가을,1,10:00,11:40,,0,1,1,0,1,0,0,1,1,1
2024-10-21,23,10회,516,경복궁 생과방,경복궁 생과방,생과방,경복궁,체험,참여형,사전예약,2024,10,21,Monday,월,0,가을,1,10:00,11:40,,0,1,1,0,1,0,0,1,1,1
2024-10-22,23,10회,516,경복궁 생과방,경복궁 생과방,생과방,경복궁,체험,참여형,사전예약,2024,10,22,Tuesday,화,0,가을,1,10:00,11:40,,0,1,1,0,1,0,0,1,1,1
2024-10-23,23,10회,516,경복궁 생과방,경복궁 생과방,생과방,경복궁,체험,참여형,사전예약,2024,10,23,Wednesday,수,0,가을,1,10:00,11:40,,0,1,1,0,1,0,0,1,1,1
2024-10-24,23,10회,516,경복궁 생과방,경복궁 생과방,생과방,경복궁,체험,참여형,사전예약,2024,10,24,Thursday,목,0,가을,1,10:00,11:40,,0,1,1,0,1,0,0,1,1,1
2024-10-25,23,10회,516,경복궁 생과방,경복궁 생과방,생과방,경복궁,체험,참여형,사전예약,2024,10,25,Friday,금,0,가을,1,10:00,11:40,,0,1,1,0,1,0,0,1,1,1
2024-10-26,23,10회,516,경복궁 생과방,경복궁 생과방,생과방,경복궁,체험,참여형,사전예약,2024,10,26,Saturday,토,1,가을,1,10:00,11:40,,0,1,1,0,1,0,0,1,1,1
2024-10-27,23,10회,516,경복궁 생과방,경복궁 생과방,생과방,경복궁,체험,참여형,사전예약,2024,10,27,Sunday,일,1,가을,1,10:00,11:40,,0,1,1,0,1,0,0,1,1,1
2024-10-28,23,10회,516,경복궁 생과방,경복궁 생과방,생과방,경복궁,체험,참여형,사전예약,2024,10,28,Monday,월,0,가을,1,10:00,11:40,,0,1,1,0,1,0,0,1,1,1
2024-10-29,23,10회,516,경복궁 생과방,경복궁 생과방,생과방,경복궁,체험,참여형,사전예약,2024,10,29,Tuesday,화,0,가을,1,10:00,11:40,,0,1,1,0,1,0,0,1,1,1
2024-10-30,23,10회,516,경복궁 생과방,경복궁 생과방,생과방,경복궁,체험,참여형,사전예약,2024,10,30,Wednesday,수,0,가을,1,10:00,11:40,,0,1,1,0,1,0,0,1,1,1
2024-10-31,23,10회,516,경복궁 생과방,경복궁 생과방,생과방,경복궁,체험,참여형,사전예약,2024,10,31,Thursday,목,0,가을,1,10:00,11:40,,0,1,1,0,1,0,0,1,1,1
2024-10-09,23,10회,511,궁중문화축전 스탬프 투어,스탬프 투어,스탬프 투어,경복궁,체험,참여형,현장참여,2024,10,9,Wednesday,수,0,가을,1,09:00,18:00,,1,0,0,0,1,1,0,0,1,1
2024-10-10,23,10회,511,궁중문화축전 스탬프 투어,스탬프 투어,스탬프 투어,경복궁,체험,참여형,현장참여,2024,10,10,Thursday,목,0,가을,1,09:00,18:00,,1,0,0,0,1,1,0,0,1,1
2024-10-11,23,10회,511,궁중문화축전 스탬프 투어,스탬프 투어,스탬프 투어,경복궁,체험,참여형,현장참여,2024,10,11,Friday,금,0,가을,1,09:00,18:00,,1,0,0,0,1,1,0,0,1,1
2024-10-12,23,10회,511,궁중문화축전 스탬프 투어,스탬프 투어,스탬프 투어,경복궁,체험,참여형,현장참여,2024,10,12,Saturday,토,1,가을,1,09:00,18:00,,1,0,0,0,1,1,0,0,1,1
2024-10-13,23,10회,511,궁중문화축전 스탬프 투어,스탬프 투어,스탬프 투어,경복궁,체험,참여형,현장참여,2024,10,13,Sunday,일,1,가을,1,09:00,18:00,,1,0,0,0,1,1,0,0,1,1
2024-10-09,23,10회,328,수문장 교대의식,수문장 교대의식,수문장 교대의식,경복궁,재현,관람형,현장참여,2024,10,9,Wednesday,수,0,가을,1,10:00,14:00,,0,0,0,0,0,0,0,0,0,0
2024-10-10,23,10회,328,수문장 교대의식,수문장 교대의식,수문장 교대의식,경복궁,재현,관람형,현장참여,2024,10,10,Thursday,목,0,가을,1,10:00,14:00,,0,0,0,0,0,0,0,0,0,0
2024-10-11,23,10회,328,수문장 교대의식,수문장 교대의식,수문장 교대의식,경복궁,재현,관람형,현장참여,2024,10,11,Friday,금,0,가을,1,10:00,14:00,,0,0,0,0,0,0,0,0,0,0
2024-10-12,23,10회,328,수문장 교대의식,수문장 교대의식,수문장 교대의식,경복궁,재현,관람형,현장참여,2024,10,12,Saturday,토,1,가을,1,10:00,14:00,,0,0,0,0,0,0,0,0,0,0
2024-10-13,23,10회,328,수문장 교대의식,수문장 교대의식,수문장 교대의식,경복궁,재현,관람형,현장참여,2024,10,13,Sunday,일,1,가을,1,10:00,14:00,,0,0,0,0,0,0,0,0,0,0
2024-10-09,23,10회,512,궁중문화축전 스탬프 투어,스탬프 투어,스탬프 투어,경복궁,체험,참여형,현장참여,2024,10,9,Wednesday,수,0,가을,1,09:00,18:00,,1,0,0,0,1,1,0,0,1,1
2024-10-10,23,10회,512,궁중문화축전 스탬프 투어,스탬프 투어,스탬프 투어,경복궁,체험,참여형,현장참여,2024,10,10,Thursday,목,0,가을,1,09:00,18:00,,1,0,0,0,1,1,0,0,1,1
2024-10-11,23,10회,512,궁중문화축전 스탬프 투어,스탬프 투어,스탬프 투어,경복궁,체험,참여형,현장참여,2024,10,11,Friday,금,0,가을,1,09:00,18:00,,1,0,0,0,1,1,0,0,1,1
2024-10-12,23,10회,512,궁중문화축전 스탬프 투어,스탬프 투어,스탬프 투어,경복궁,체험,참여형,현장참여,2024,10,12,Saturday,토,1,가을,1,09:00,18:00,,1,0,0,0,1,1,0,0,1,1
2024-10-13,23,10회,512,궁중문화축전 스탬프 투어,스탬프 투어,스탬프 투어,경복궁,체험,참여형,현장참여,2024,10,13,Sunday,일,1,가을,1,09:00,18:00,,1,0,0,0,1,1,0,0,1,1
2024-10-09,23,10회,513,궁중문화축전 스탬프 투어,스탬프 투어,스탬프 투어,경복궁,체험,참여형,현장참여,2024,10,9,Wednesday,수,0,가을,1,09:00,18:00,,1,0,0,0,1,1,0,0,1,1
2024-10-10,23,10회,513,궁중문화축전 스탬프 투어,스탬프 투어,스탬프 투어,경복궁,체험,참여형,현장참여,2024,10,10,Thursday,목,0,가을,1,09:00,18:00,,1,0,0,0,1,1,0,0,1,1
2024-10-11,23,10회,513,궁중문화축전 스탬프 투어,스탬프 투어,스탬프 투어,경복궁,체험,참여형,현장참여,2024,10,11,Friday,금,0,가을,1,09:00,18:00,,1,0,0,0,1,1,0,0,1,1
2024-10-12,23,10회,513,궁중문화축전 스탬프 투어,스탬프 투어,스탬프 투어,경복궁,체험,참여형,현장참여,2024,10,12,Saturday,토,1,가을,1,09:00,18:00,,1,0,0,0,1,1,0,0,1,1
2024-10-13,23,10회,513,궁중문화축전 스탬프 투어,스탬프 투어,스탬프 투어,경복궁,체험,참여형,현장참여,2024,10,13,Sunday,일,1,가을,1,09:00,18:00,,1,0,0,0,1,1,0,0,1,1
2024-10-13,23,10회,521,궁중문화축전 길놀이,길놀이,길놀이,경복궁,공연,관람형,현장참여,2024,10,13,Sunday,일,1,가을,1,14:00,16:00,,0,0,0,1,0,0,0,0,0,1
2024-10-09,23,10회,514,궁중문화축전 스탬프 투어,스탬프 투어,스탬프 투어,경복궁,체험,참여형,현장참여,2024,10,9,Wednesday,수,0,가을,1,09:00,18:00,,1,0,0,0,1,1,0,0,1,1
2024-10-10,23,10회,514,궁중문화축전 스탬프 투어,스탬프 투어,스탬프 투어,경복궁,체험,참여형,현장참여,2024,10,10,Thursday,목,0,가을,1,09:00,18:00,,1,0,0,0,1,1,0,0,1,1
2024-10-11,23,10회,514,궁중문화축전 스탬프 투어,스탬프 투어,스탬프 투어,경복궁,체험,참여형,현장참여,2024,10,11,Friday,금,0,가을,1,09:00,18:00,,1,0,0,0,1,1,0,0,1,1
2024-10-12,23,10회,514,궁중문화축전 스탬프 투어,스탬프 투어,스탬프 투어,경복궁,체험,참여형,현장참여,2024,10,12,Saturday,토,1,가을,1,09:00,18:00,,1,0,0,0,1,1,0,0,1,1
2024-10-13,23,10회,514,궁중문화축전 스탬프 투어,스탬프 투어,스탬프 투어,경복궁,체험,참여형,현장참여,2024,10,13,Sunday,일,1,가을,1,09:00,18:00,,1,0,0,0,1,1,0,0,1,1
2024-10-09,23,10회,515,궁중문화축전 스탬프 투어,스탬프 투어,스탬프 투어,경복궁,체험,참여형,현장참여,2024,10,9,Wednesday,수,0,가을,1,09:00,18:00,,1,0,0,0,1,1,0,0,1,1
2024-10-10,23,10회,515,궁중문화축전 스탬프 투어,스탬프 투어,스탬프 투어,경복궁,체험,참여형,현장참여,2024,10,10,Thursday,목,0,가을,1,09:00,18:00,,1,0,0,0,1,1,0,0,1,1
2024-10-11,23,10회,515,궁중문화축전 스탬프 투어,스탬프 투어,스탬프 투어,경복궁,체험,참여형,현장참여,2024,10,11,Friday,금,0,가을,1,09:00,18:00,,1,0,0,0,1,1,0,0,1,1
2024-10-12,23,10회,515,궁중문화축전 스탬프 투어,스탬프 투어,스탬프 투어,경복궁,체험,참여형,현장참여,2024,10,12,Saturday,토,1,가을,1,09:00,18:00,,1,0,0,0,1,1,0,0,1,1
2024-10-13,23,10회,515,궁중문화축전 스탬프 투어,스탬프 투어,스탬프 투어,경복궁,체험,참여형,현장참여,2024,10,13,Sunday,일,1,가을,1,09:00,18:00,,1,0,0,0,1,1,0,0,1,1
2024-10-09,23,10회,532,한복 베스트 드레서 선발 이벤트,한복 베스트 드레서 선발 이벤트,한복 베스트 드레서 선발 이벤트,경복궁,체험,참여형,현장참여,2024,10,9,Wednesday,수,0,가을,1,10:00,17:00,,1,0,0,0,1,0,1,0,0,0
2024-10-10,23,10회,532,한복 베스트 드레서 선발 이벤트,한복 베스트 드레서 선발 이벤트,한복 베스트 드레서 선발 이벤트,경복궁,체험,참여형,현장참여,2024,10,10,Thursday,목,0,가을,1,10:00,17:00,,1,0,0,0,1,0,1,0,0,0
2024-10-11,23,10회,532,한복 베스트 드레서 선발 이벤트,한복 베스트 드레서 선발 이벤트,한복 베스트 드레서 선발 이벤트,경복궁,체험,참여형,현장참여,2024,10,11,Friday,금,0,가을,1,10:00,17:00,,1,0,0,0,1,0,1,0,0,0
2024-10-12,23,10회,532,한복 베스트 드레서 선발 이벤트,한복 베스트 드레서 선발 이벤트,한복 베스트 드레서 선발 이벤트,경복궁,체험,참여형,현장참여,2024,10,12,Saturday,토,1,가을,1,10:00,17:00,,1,0,0,0,1,0,1,0,0,0
2024-10-13,23,10회,532,한복 베스트 드레서 선발 이벤트,한복 베스트 드레서 선발 이벤트,한복 베스트 드레서 선발 이벤트,경복궁,체험,참여형,현장참여,2024,10,13,Sunday,일,1,가을,1,10:00,17:00,,1,0,0,0,1,0,1,0,0,0
2024-05-04,20,10회,486,궁중문화축전 길놀이(경복궁),길놀이(경복궁),길놀이(경복궁),경복궁,공연,관람형,현장참여,2024,5,4,Saturday,토,1,봄,1,14:30,16:00,,0,1,0,1,0,0,0,0,0,1
2024-05-04,20,10회,485,"시간여행, 세종-마음으로, 궁","시간여행, 세종-마음으로, 궁","시간여행, 세종-마음으로, 궁",경복궁,체험,참여형,현장참여,2024,5,4,Saturday,토,1,봄,1,11:00,13:00,,0,0,0,0,1,0,0,0,0,0
2024-05-05,20,10회,485,"시간여행, 세종-마음으로, 궁","시간여행, 세종-마음으로, 궁","시간여행, 세종-마음으로, 궁",경복궁,체험,참여형,현장참여,2024,5,5,Sunday,일,1,봄,1,11:00,13:00,,0,0,0,0,1,0,0,0,0,0
2024-04-27,20,10회,484,K-Heritage 마켓,K-Heritage 마켓,K-Heritage 마켓,경복궁,체험,참여형,현장참여,2024,4,27,Saturday,토,1,봄,1,10:00,17:00,,1,0,0,0,1,0,0,0,0,1
2024-04-28,20,10회,484,K-Heritage 마켓,K-Heritage 마켓,K-Heritage 마켓,경복궁,체험,참여형,현장참여,2024,4,28,Sunday,일,1,봄,1,10:00,17:00,,1,0,0,0,1,0,0,0,0,1
2024-04-29,20,10회,484,K-Heritage 마켓,K-Heritage 마켓,K-Heritage 마켓,경복궁,체험,참여형,현장참여,2024,4,29,Monday,월,0,봄,1,10:00,17:00,,1,0,0,0,1,0,0,0,0,1
2024-04-30,20,10회,484,K-Heritage 마켓,K-Heritage 마켓,K-Heritage 마켓,경복궁,체험,참여형,현장참여,2024,4,30,Tuesday,화,0,봄,1,10:00,17:00,,1,0,0,0,1,0,0,0,0,1
2024-05-01,20,10회,484,K-Heritage 마켓,K-Heritage 마켓,K-Heritage 마켓,경복궁,체험,참여형,현장참여,2024,5,1,Wednesday,수,0,봄,1,10:00,17:00,,1,0,0,0,1,0,0,0,0,1
2024-05-02,20,10회,484,K-Heritage 마켓,K-Heritage 마켓,K-Heritage 마켓,경복궁,체험,참여형,현장참여,2024,5,2,Thursday,목,0,봄,1,10:00,17:00,,1,0,0,0,1,0,0,0,0,1
2024-05-03,20,10회,484,K-Heritage 마켓,K-Heritage 마켓,K-Heritage 마켓,경복궁,체험,참여형,현장참여,2024,5,3,Friday,금,0,봄,1,10:00,17:00,,1,0,0,0,1,0,0,0,0,1
2024-05-04,20,10회,484,K-Heritage 마켓,K-Heritage 마켓,K-Heritage 마켓,경복궁,체험,참여형,현장참여,2024,5,4,Saturday,토,1,봄,1,10:00,17:00,,1,0,0,0,1,0,0,0,0,1
2024-05-05,20,10회,484,K-Heritage 마켓,K-Heritage 마켓,K-Heritage 마켓,경복궁,체험,참여형,현장참여,2024,5,5,Sunday,일,1,봄,1,10:00,17:00,,1,0,0,0,1,0,0,0,0,1
2024-04-30,20,10회,483,세종대왕자태실 태봉출 의식 재현,세종대왕자태실 태봉출 의식 재현,세종대왕자태실 태봉출 의식 재현,경복궁,재현,관람형,현장참여,2024,4,30,Tuesday,화,0,봄,1,14:00,16:00,,0,0,0,0,0,0,0,0,0,0
2024-05-01,20,10회,464,어차 MZ 워크샵,어차 MZ 워크샵,어차 MZ 워크샵,경복궁,체험,참여형,사전예약,2024,5,1,Wednesday,수,0,봄,1,10:10,13:30,,0,1,0,0,1,0,0,1,0,0
2024-05-01,20,10회,462,"시간여행, 세종-궁중 일상재현","시간여행, 세종-궁중 일상재현","시간여행, 세종-궁중 일상재현",경복궁,공연,관람형,현장참여,2024,5,1,Wednesday,수,0,봄,1,11:00,15:00,,0,0,0,1,0,1,0,0,0,1
2024-05-02,20,10회,462,"시간여행, 세종-궁중 일상재현","시간여행, 세종-궁중 일상재현","시간여행, 세종-궁중 일상재현",경복궁,공연,관람형,현장참여,2024,5,2,Thursday,목,0,봄,1,11:00,15:00,,0,0,0,1,0,1,0,0,0,1
2024-05-03,20,10회,462,"시간여행, 세종-궁중 일상재현","시간여행, 세종-궁중 일상재현","시간여행, 세종-궁중 일상재현",경복궁,공연,관람형,현장참여,2024,5,3,Friday,금,0,봄,1,11:00,15:00,,0,0,0,1,0,1,0,0,0,1
2024-05-04,20,10회,462,"시간여행, 세종-궁중 일상재현","시간여행, 세종-궁중 일상재현","시간여행, 세종-궁중 일상재현",경복궁,공연,관람형,현장참여,2024,5,4,Saturday,토,1,봄,1,11:00,15:00,,0,0,0,1,0,1,0,0,0,1
2024-05-05,20,10회,462,"시간여행, 세종-궁중 일상재현","시간여행, 세종-궁중 일상재현","시간여행, 세종-궁중 일상재현",경복궁,공연,관람형,현장참여,2024,5,5,Sunday,일,1,봄,1,11:00,15:00,,0,0,0,1,0,1,0,0,0,1
2024-05-01,20,10회,459,"시간여행, 세종-궁중새내기","시간여행, 세종-궁중새내기","시간여행, 세종-궁중새내기",경복궁,체험,참여형,사전예약,2024,5,1,Wednesday,수,0,봄,1,10:30,14:30,,1,1,0,1,1,0,0,1,1,1
2024-05-02,20,10회,459,"시간여행, 세종-궁중새내기","시간여행, 세종-궁중새내기","시간여행, 세종-궁중새내기",경복궁,체험,참여형,사전예약,2024,5,2,Thursday,목,0,봄,1,10:30,14:30,,1,1,0,1,1,0,0,1,1,1
2024-05-03,20,10회,459,"시간여행, 세종-궁중새내기","시간여행, 세종-궁중새내기","시간여행, 세종-궁중새내기",경복궁,체험,참여형,사전예약,2024,5,3,Friday,금,0,봄,1,10:30,14:30,,1,1,0,1,1,0,0,1,1,1
2024-05-04,20,10회,459,"시간여행, 세종-궁중새내기","시간여행, 세종-궁중새내기","시간여행, 세종-궁중새내기",경복궁,체험,참여형,사전예약,2024,5,4,Saturday,토,1,봄,1,10:30,14:30,,1,1,0,1,1,0,0,1,1,1
2024-05-05,20,10회,459,"시간여행, 세종-궁중새내기","시간여행, 세종-궁중새내기","시간여행, 세종-궁중새내기",경복궁,체험,참여형,사전예약,2024,5,5,Sunday,일,1,봄,1,10:30,14:30,,1,1,0,1,1,0,0,1,1,1
2024-05-01,20,10회,455,Gyeonghoeru Pavilion Special Tour: A Time Travel to the Joseon Dynasty,Gyeonghoeru Pavilion Special Tour: A Time Travel to the Joseon Dynasty,Gyeonghoeru Pavilion Special Tour: A Time Travel to the Joseon Dynasty,경복궁,체험,참여형,사전예약,2024,5,1,Wednesday,수,0,봄,1,10:00,11:00,,0,0,0,0,0,0,0,1,0,0
2024-05-02,20,10회,455,Gyeonghoeru Pavilion Special Tour: A Time Travel to the Joseon Dynasty,Gyeonghoeru Pavilion Special Tour: A Time Travel to the Joseon Dynasty,Gyeonghoeru Pavilion Special Tour: A Time Travel to the Joseon Dynasty,경복궁,체험,참여형,사전예약,2024,5,2,Thursday,목,0,봄,1,10:00,11:00,,0,0,0,0,0,0,0,1,0,0
2024-05-03,20,10회,455,Gyeonghoeru Pavilion Special Tour: A Time Travel to the Joseon Dynasty,Gyeonghoeru Pavilion Special Tour: A Time Travel to the Joseon Dynasty,Gyeonghoeru Pavilion Special Tour: A Time Travel to the Joseon Dynasty,경복궁,체험,참여형,사전예약,2024,5,3,Friday,금,0,봄,1,10:00,11:00,,0,0,0,0,0,0,0,1,0,0
2024-05-04,20,10회,455,Gyeonghoeru Pavilion Special Tour: A Time Travel to the Joseon Dynasty,Gyeonghoeru Pavilion Special Tour: A Time Travel to the Joseon Dynasty,Gyeonghoeru Pavilion Special Tour: A Time Travel to the Joseon Dynasty,경복궁,체험,참여형,사전예약,2024,5,4,Saturday,토,1,봄,1,10:00,11:00,,0,0,0,0,0,0,0,1,0,0
2024-05-05,20,10회,455,Gyeonghoeru Pavilion Special Tour: A Time Travel to the Joseon Dynasty,Gyeonghoeru Pavilion Special Tour: A Time Travel to the Joseon Dynasty,Gyeonghoeru Pavilion Special Tour: A Time Travel to the Joseon Dynasty,경복궁,체험,참여형,사전예약,2024,5,5,Sunday,일,1,봄,1,10:00,11:00,,0,0,0,0,0,0,0,1,0,0
2024-04-26,20,10회,454,2024년 제10회 궁중문화축전 개막제,제10회 궁중문화축전 개막제,제10회 궁중문화축전 개막제,경복궁,공식행사,행사형,사전예약,2024,4,26,Friday,금,0,봄,1,19:30,20:40,,1,1,1,1,1,0,1,1,1,1
2024-04-03,20,10회,450,경복궁 별빛야행,경복궁 별빛야행,별빛야행,경복궁,체험,참여형,사전예약,2024,4,3,Wednesday,수,0,봄,1,18:40,19:40,,0,1,1,1,1,1,0,1,1,1
2024-04-04,20,10회,450,경복궁 별빛야행,경복궁 별빛야행,별빛야행,경복궁,체험,참여형,사전예약,2024,4,4,Thursday,목,0,봄,1,18:40,19:40,,0,1,1,1,1,1,0,1,1,1
2024-04-05,20,10회,450,경복궁 별빛야행,경복궁 별빛야행,별빛야행,경복궁,체험,참여형,사전예약,2024,4,5,Friday,금,0,봄,1,18:40,19:40,,0,1,1,1,1,1,0,1,1,1
2024-04-06,20,10회,450,경복궁 별빛야행,경복궁 별빛야행,별빛야행,경복궁,체험,참여형,사전예약,2024,4,6,Saturday,토,1,봄,1,18:40,19:40,,0,1,1,1,1,1,0,1,1,1
2024-04-07,20,10회,450,경복궁 별빛야행,경복궁 별빛야행,별빛야행,경복궁,체험,참여형,사전예약,2024,4,7,Sunday,일,1,봄,1,18:40,19:40,,0,1,1,1,1,1,0,1,1,1
2024-04-08,20,10회,450,경복궁 별빛야행,경복궁 별빛야행,별빛야행,경복궁,체험,참여형,사전예약,2024,4,8,Monday,월,0,봄,1,18:40,19:40,,0,1,1,1,1,1,0,1,1,1
2024-04-09,20,10회,450,경복궁 별빛야행,경복궁 별빛야행,별빛야행,경복궁,체험,참여형,사전예약,2024,4,9,Tuesday,화,0,봄,1,18:40,19:40,,0,1,1,1,1,1,0,1,1,1
2024-04-10,20,10회,450,경복궁 별빛야행,경복궁 별빛야행,별빛야행,경복궁,체험,참여형,사전예약,2024,4,10,Wednesday,수,0,봄,1,18:40,19:40,,0,1,1,1,1,1,0,1,1,1
2024-04-11,20,10회,450,경복궁 별빛야행,경복궁 별빛야행,별빛야행,경복궁,체험,참여형,사전예약,2024,4,11,Thursday,목,0,봄,1,18:40,19:40,,0,1,1,1,1,1,0,1,1,1
2024-04-12,20,10회,450,경복궁 별빛야행,경복궁 별빛야행,별빛야행,경복궁,체험,참여형,사전예약,2024,4,12,Friday,금,0,봄,1,18:40,19:40,,0,1,1,1,1,1,0,1,1,1
2024-04-13,20,10회,450,경복궁 별빛야행,경복궁 별빛야행,별빛야행,경복궁,체험,참여형,사전예약,2024,4,13,Saturday,토,1,봄,1,18:40,19:40,,0,1,1,1,1,1,0,1,1,1
2024-04-14,20,10회,450,경복궁 별빛야행,경복궁 별빛야행,별빛야행,경복궁,체험,참여형,사전예약,2024,4,14,Sunday,일,1,봄,1,18:40,19:40,,0,1,1,1,1,1,0,1,1,1
2024-04-15,20,10회,450,경복궁 별빛야행,경복궁 별빛야행,별빛야행,경복궁,체험,참여형,사전예약,2024,4,15,Monday,월,0,봄,1,18:40,19:40,,0,1,1,1,1,1,0,1,1,1
2024-04-16,20,10회,450,경복궁 별빛야행,경복궁 별빛야행,별빛야행,경복궁,체험,참여형,사전예약,2024,4,16,Tuesday,화,0,봄,1,18:40,19:40,,0,1,1,1,1,1,0,1,1,1
2024-04-17,20,10회,450,경복궁 별빛야행,경복궁 별빛야행,별빛야행,경복궁,체험,참여형,사전예약,2024,4,17,Wednesday,수,0,봄,1,18:40,19:40,,0,1,1,1,1,1,0,1,1,1
2024-04-18,20,10회,450,경복궁 별빛야행,경복궁 별빛야행,별빛야행,경복궁,체험,참여형,사전예약,2024,4,18,Thursday,목,0,봄,1,18:40,19:40,,0,1,1,1,1,1,0,1,1,1
2024-04-19,20,10회,450,경복궁 별빛야행,경복궁 별빛야행,별빛야행,경복궁,체험,참여형,사전예약,2024,4,19,Friday,금,0,봄,1,18:40,19:40,,0,1,1,1,1,1,0,1,1,1
2024-04-20,20,10회,450,경복궁 별빛야행,경복궁 별빛야행,별빛야행,경복궁,체험,참여형,사전예약,2024,4,20,Saturday,토,1,봄,1,18:40,19:40,,0,1,1,1,1,1,0,1,1,1
2024-04-21,20,10회,450,경복궁 별빛야행,경복궁 별빛야행,별빛야행,경복궁,체험,참여형,사전예약,2024,4,21,Sunday,일,1,봄,1,18:40,19:40,,0,1,1,1,1,1,0,1,1,1
2024-04-22,20,10회,450,경복궁 별빛야행,경복궁 별빛야행,별빛야행,경복궁,체험,참여형,사전예약,2024,4,22,Monday,월,0,봄,1,18:40,19:40,,0,1,1,1,1,1,0,1,1,1
2024-04-23,20,10회,450,경복궁 별빛야행,경복궁 별빛야행,별빛야행,경복궁,체험,참여형,사전예약,2024,4,23,Tuesday,화,0,봄,1,18:40,19:40,,0,1,1,1,1,1,0,1,1,1
2024-04-24,20,10회,450,경복궁 별빛야행,경복궁 별빛야행,별빛야행,경복궁,체험,참여형,사전예약,2024,4,24,Wednesday,수,0,봄,1,18:40,19:40,,0,1,1,1,1,1,0,1,1,1
2024-04-25,20,10회,450,경복궁 별빛야행,경복궁 별빛야행,별빛야행,경복궁,체험,참여형,사전예약,2024,4,25,Thursday,목,0,봄,1,18:40,19:40,,0,1,1,1,1,1,0,1,1,1
2024-04-26,20,10회,450,경복궁 별빛야행,경복궁 별빛야행,별빛야행,경복궁,체험,참여형,사전예약,2024,4,26,Friday,금,0,봄,1,18:40,19:40,,0,1,1,1,1,1,0,1,1,1
2024-04-27,20,10회,450,경복궁 별빛야행,경복궁 별빛야행,별빛야행,경복궁,체험,참여형,사전예약,2024,4,27,Saturday,토,1,봄,1,18:40,19:40,,0,1,1,1,1,1,0,1,1,1
2024-04-28,20,10회,450,경복궁 별빛야행,경복궁 별빛야행,별빛야행,경복궁,체험,참여형,사전예약,2024,4,28,Sunday,일,1,봄,1,18:40,19:40,,0,1,1,1,1,1,0,1,1,1
2024-04-29,20,10회,450,경복궁 별빛야행,경복궁 별빛야행,별빛야행,경복궁,체험,참여형,사전예약,2024,4,29,Monday,월,0,봄,1,18:40,19:40,,0,1,1,1,1,1,0,1,1,1
2024-04-30,20,10회,450,경복궁 별빛야행,경복궁 별빛야행,별빛야행,경복궁,체험,참여형,사전예약,2024,4,30,Tuesday,화,0,봄,1,18:40,19:40,,0,1,1,1,1,1,0,1,1,1
2024-05-01,20,10회,450,경복궁 별빛야행,경복궁 별빛야행,별빛야행,경복궁,체험,참여형,사전예약,2024,5,1,Wednesday,수,0,봄,1,18:40,19:40,,0,1,1,1,1,1,0,1,1,1
2024-05-02,20,10회,450,경복궁 별빛야행,경복궁 별빛야행,별빛야행,경복궁,체험,참여형,사전예약,2024,5,2,Thursday,목,0,봄,1,18:40,19:40,,0,1,1,1,1,1,0,1,1,1
2024-05-03,20,10회,450,경복궁 별빛야행,경복궁 별빛야행,별빛야행,경복궁,체험,참여형,사전예약,2024,5,3,Friday,금,0,봄,1,18:40,19:40,,0,1,1,1,1,1,0,1,1,1
2024-05-04,20,10회,450,경복궁 별빛야행,경복궁 별빛야행,별빛야행,경복궁,체험,참여형,사전예약,2024,5,4,Saturday,토,1,봄,1,18:40,19:40,,0,1,1,1,1,1,0,1,1,1
2024-04-17,20,10회,449,경복궁 생과방,경복궁 생과방,생과방,경복궁,체험,참여형,사전예약,2024,4,17,Wednesday,수,0,봄,1,10:00,11:40,,0,1,1,0,1,0,0,1,1,1
2024-04-18,20,10회,449,경복궁 생과방,경복궁 생과방,생과방,경복궁,체험,참여형,사전예약,2024,4,18,Thursday,목,0,봄,1,10:00,11:40,,0,1,1,0,1,0,0,1,1,1
2024-04-19,20,10회,449,경복궁 생과방,경복궁 생과방,생과방,경복궁,체험,참여형,사전예약,2024,4,19,Friday,금,0,봄,1,10:00,11:40,,0,1,1,0,1,0,0,1,1,1
2024-04-20,20,10회,449,경복궁 생과방,경복궁 생과방,생과방,경복궁,체험,참여형,사전예약,2024,4,20,Saturday,토,1,봄,1,10:00,11:40,,0,1,1,0,1,0,0,1,1,1
2024-04-21,20,10회,449,경복궁 생과방,경복궁 생과방,생과방,경복궁,체험,참여형,사전예약,2024,4,21,Sunday,일,1,봄,1,10:00,11:40,,0,1,1,0,1,0,0,1,1,1
2024-04-22,20,10회,449,경복궁 생과방,경복궁 생과방,생과방,경복궁,체험,참여형,사전예약,2024,4,22,Monday,월,0,봄,1,10:00,11:40,,0,1,1,0,1,0,0,1,1,1
2024-04-23,20,10회,449,경복궁 생과방,경복궁 생과방,생과방,경복궁,체험,참여형,사전예약,2024,4,23,Tuesday,화,0,봄,1,10:00,11:40,,0,1,1,0,1,0,0,1,1,1
2024-04-24,20,10회,449,경복궁 생과방,경복궁 생과방,생과방,경복궁,체험,참여형,사전예약,2024,4,24,Wednesday,수,0,봄,1,10:00,11:40,,0,1,1,0,1,0,0,1,1,1
2024-04-25,20,10회,449,경복궁 생과방,경복궁 생과방,생과방,경복궁,체험,참여형,사전예약,2024,4,25,Thursday,목,0,봄,1,10:00,11:40,,0,1,1,0,1,0,0,1,1,1
2024-04-26,20,10회,449,경복궁 생과방,경복궁 생과방,생과방,경복궁,체험,참여형,사전예약,2024,4,26,Friday,금,0,봄,1,10:00,11:40,,0,1,1,0,1,0,0,1,1,1
2024-04-27,20,10회,449,경복궁 생과방,경복궁 생과방,생과방,경복궁,체험,참여형,사전예약,2024,4,27,Saturday,토,1,봄,1,10:00,11:40,,0,1,1,0,1,0,0,1,1,1
2024-04-28,20,10회,449,경복궁 생과방,경복궁 생과방,생과방,경복궁,체험,참여형,사전예약,2024,4,28,Sunday,일,1,봄,1,10:00,11:40,,0,1,1,0,1,0,0,1,1,1
2024-04-29,20,10회,449,경복궁 생과방,경복궁 생과방,생과방,경복궁,체험,참여형,사전예약,2024,4,29,Monday,월,0,봄,1,10:00,11:40,,0,1,1,0,1,0,0,1,1,1
2024-04-30,20,10회,449,경복궁 생과방,경복궁 생과방,생과방,경복궁,체험,참여형,사전예약,2024,4,30,Tuesday,화,0,봄,1,10:00,11:40,,0,1,1,0,1,0,0,1,1,1
2024-05-01,20,10회,449,경복궁 생과방,경복궁 생과방,생과방,경복궁,체험,참여형,사전예약,2024,5,1,Wednesday,수,0,봄,1,10:00,11:40,,0,1,1,0,1,0,0,1,1,1
2024-05-02,20,10회,449,경복궁 생과방,경복궁 생과방,생과방,경복궁,체험,참여형,사전예약,2024,5,2,Thursday,목,0,봄,1,10:00,11:40,,0,1,1,0,1,0,0,1,1,1
2024-05-03,20,10회,449,경복궁 생과방,경복궁 생과방,생과방,경복궁,체험,참여형,사전예약,2024,5,3,Friday,금,0,봄,1,10:00,11:40,,0,1,1,0,1,0,0,1,1,1
2024-05-04,20,10회,449,경복궁 생과방,경복궁 생과방,생과방,경복궁,체험,참여형,사전예약,2024,5,4,Saturday,토,1,봄,1,10:00,11:40,,0,1,1,0,1,0,0,1,1,1
2024-05-05,20,10회,449,경복궁 생과방,경복궁 생과방,생과방,경복궁,체험,참여형,사전예약,2024,5,5,Sunday,일,1,봄,1,10:00,11:40,,0,1,1,0,1,0,0,1,1,1
2024-05-06,20,10회,449,경복궁 생과방,경복궁 생과방,생과방,경복궁,체험,참여형,사전예약,2024,5,6,Monday,월,0,봄,1,10:00,11:40,,0,1,1,0,1,0,0,1,1,1
2024-05-07,20,10회,449,경복궁 생과방,경복궁 생과방,생과방,경복궁,체험,참여형,사전예약,2024,5,7,Tuesday,화,0,봄,1,10:00,11:40,,0,1,1,0,1,0,0,1,1,1
2024-05-08,20,10회,449,경복궁 생과방,경복궁 생과방,생과방,경복궁,체험,참여형,사전예약,2024,5,8,Wednesday,수,0,봄,1,10:00,11:40,,0,1,1,0,1,0,0,1,1,1
2024-05-09,20,10회,449,경복궁 생과방,경복궁 생과방,생과방,경복궁,체험,참여형,사전예약,2024,5,9,Thursday,목,0,봄,1,10:00,11:40,,0,1,1,0,1,0,0,1,1,1
2024-05-10,20,10회,449,경복궁 생과방,경복궁 생과방,생과방,경복궁,체험,참여형,사전예약,2024,5,10,Friday,금,0,봄,1,10:00,11:40,,0,1,1,0,1,0,0,1,1,1
2024-05-11,20,10회,449,경복궁 생과방,경복궁 생과방,생과방,경복궁,체험,참여형,사전예약,2024,5,11,Saturday,토,1,봄,1,10:00,11:40,,0,1,1,0,1,0,0,1,1,1
2024-05-12,20,10회,449,경복궁 생과방,경복궁 생과방,생과방,경복궁,체험,참여형,사전예약,2024,5,12,Sunday,일,1,봄,1,10:00,11:40,,0,1,1,0,1,0,0,1,1,1
2024-05-13,20,10회,449,경복궁 생과방,경복궁 생과방,생과방,경복궁,체험,참여형,사전예약,2024,5,13,Monday,월,0,봄,1,10:00,11:40,,0,1,1,0,1,0,0,1,1,1
2024-05-14,20,10회,449,경복궁 생과방,경복궁 생과방,생과방,경복궁,체험,참여형,사전예약,2024,5,14,Tuesday,화,0,봄,1,10:00,11:40,,0,1,1,0,1,0,0,1,1,1
2024-05-15,20,10회,449,경복궁 생과방,경복궁 생과방,생과방,경복궁,체험,참여형,사전예약,2024,5,15,Wednesday,수,0,봄,1,10:00,11:40,,0,1,1,0,1,0,0,1,1,1
2024-05-16,20,10회,449,경복궁 생과방,경복궁 생과방,생과방,경복궁,체험,참여형,사전예약,2024,5,16,Thursday,목,0,봄,1,10:00,11:40,,0,1,1,0,1,0,0,1,1,1
2024-05-17,20,10회,449,경복궁 생과방,경복궁 생과방,생과방,경복궁,체험,참여형,사전예약,2024,5,17,Friday,금,0,봄,1,10:00,11:40,,0,1,1,0,1,0,0,1,1,1
2024-05-18,20,10회,449,경복궁 생과방,경복궁 생과방,생과방,경복궁,체험,참여형,사전예약,2024,5,18,Saturday,토,1,봄,1,10:00,11:40,,0,1,1,0,1,0,0,1,1,1
2024-05-19,20,10회,449,경복궁 생과방,경복궁 생과방,생과방,경복궁,체험,참여형,사전예약,2024,5,19,Sunday,일,1,봄,1,10:00,11:40,,0,1,1,0,1,0,0,1,1,1
2024-05-20,20,10회,449,경복궁 생과방,경복궁 생과방,생과방,경복궁,체험,참여형,사전예약,2024,5,20,Monday,월,0,봄,1,10:00,11:40,,0,1,1,0,1,0,0,1,1,1
2024-05-21,20,10회,449,경복궁 생과방,경복궁 생과방,생과방,경복궁,체험,참여형,사전예약,2024,5,21,Tuesday,화,0,봄,1,10:00,11:40,,0,1,1,0,1,0,0,1,1,1
2024-05-22,20,10회,449,경복궁 생과방,경복궁 생과방,생과방,경복궁,체험,참여형,사전예약,2024,5,22,Wednesday,수,0,봄,1,10:00,11:40,,0,1,1,0,1,0,0,1,1,1
2024-05-23,20,10회,449,경복궁 생과방,경복궁 생과방,생과방,경복궁,체험,참여형,사전예약,2024,5,23,Thursday,목,0,봄,1,10:00,11:40,,0,1,1,0,1,0,0,1,1,1
2024-05-24,20,10회,449,경복궁 생과방,경복궁 생과방,생과방,경복궁,체험,참여형,사전예약,2024,5,24,Friday,금,0,봄,1,10:00,11:40,,0,1,1,0,1,0,0,1,1,1
2024-05-25,20,10회,449,경복궁 생과방,경복궁 생과방,생과방,경복궁,체험,참여형,사전예약,2024,5,25,Saturday,토,1,봄,1,10:00,11:40,,0,1,1,0,1,0,0,1,1,1
2024-05-26,20,10회,449,경복궁 생과방,경복궁 생과방,생과방,경복궁,체험,참여형,사전예약,2024,5,26,Sunday,일,1,봄,1,10:00,11:40,,0,1,1,0,1,0,0,1,1,1
2024-05-27,20,10회,449,경복궁 생과방,경복궁 생과방,생과방,경복궁,체험,참여형,사전예약,2024,5,27,Monday,월,0,봄,1,10:00,11:40,,0,1,1,0,1,0,0,1,1,1
2024-05-28,20,10회,449,경복궁 생과방,경복궁 생과방,생과방,경복궁,체험,참여형,사전예약,2024,5,28,Tuesday,화,0,봄,1,10:00,11:40,,0,1,1,0,1,0,0,1,1,1
2024-05-29,20,10회,449,경복궁 생과방,경복궁 생과방,생과방,경복궁,체험,참여형,사전예약,2024,5,29,Wednesday,수,0,봄,1,10:00,11:40,,0,1,1,0,1,0,0,1,1,1
2024-05-30,20,10회,449,경복궁 생과방,경복궁 생과방,생과방,경복궁,체험,참여형,사전예약,2024,5,30,Thursday,목,0,봄,1,10:00,11:40,,0,1,1,0,1,0,0,1,1,1
2024-05-31,20,10회,449,경복궁 생과방,경복궁 생과방,생과방,경복궁,체험,참여형,사전예약,2024,5,31,Friday,금,0,봄,1,10:00,11:40,,0,1,1,0,1,0,0,1,1,1
2024-06-01,20,10회,449,경복궁 생과방,경복궁 생과방,생과방,경복궁,체험,참여형,사전예약,2024,6,1,Saturday,토,1,봄,1,10:00,11:40,,0,1,1,0,1,0,0,1,1,1
2024-06-02,20,10회,449,경복궁 생과방,경복궁 생과방,생과방,경복궁,체험,참여형,사전예약,2024,6,2,Sunday,일,1,봄,1,10:00,11:40,,0,1,1,0,1,0,0,1,1,1
2024-06-03,20,10회,449,경복궁 생과방,경복궁 생과방,생과방,경복궁,체험,참여형,사전예약,2024,6,3,Monday,월,0,봄,1,10:00,11:40,,0,1,1,0,1,0,0,1,1,1
2024-06-04,20,10회,449,경복궁 생과방,경복궁 생과방,생과방,경복궁,체험,참여형,사전예약,2024,6,4,Tuesday,화,0,봄,1,10:00,11:40,,0,1,1,0,1,0,0,1,1,1
2024-06-05,20,10회,449,경복궁 생과방,경복궁 생과방,생과방,경복궁,체험,참여형,사전예약,2024,6,5,Wednesday,수,0,봄,1,10:00,11:40,,0,1,1,0,1,0,0,1,1,1
2024-06-06,20,10회,449,경복궁 생과방,경복궁 생과방,생과방,경복궁,체험,참여형,사전예약,2024,6,6,Thursday,목,0,봄,1,10:00,11:40,,0,1,1,0,1,0,0,1,1,1
2024-06-07,20,10회,449,경복궁 생과방,경복궁 생과방,생과방,경복궁,체험,참여형,사전예약,2024,6,7,Friday,금,0,봄,1,10:00,11:40,,0,1,1,0,1,0,0,1,1,1
2024-06-08,20,10회,449,경복궁 생과방,경복궁 생과방,생과방,경복궁,체험,참여형,사전예약,2024,6,8,Saturday,토,1,봄,1,10:00,11:40,,0,1,1,0,1,0,0,1,1,1
2024-06-09,20,10회,449,경복궁 생과방,경복궁 생과방,생과방,경복궁,체험,참여형,사전예약,2024,6,9,Sunday,일,1,봄,1,10:00,11:40,,0,1,1,0,1,0,0,1,1,1
2024-06-10,20,10회,449,경복궁 생과방,경복궁 생과방,생과방,경복궁,체험,참여형,사전예약,2024,6,10,Monday,월,0,봄,1,10:00,11:40,,0,1,1,0,1,0,0,1,1,1
2024-06-11,20,10회,449,경복궁 생과방,경복궁 생과방,생과방,경복궁,체험,참여형,사전예약,2024,6,11,Tuesday,화,0,봄,1,10:00,11:40,,0,1,1,0,1,0,0,1,1,1
2024-06-12,20,10회,449,경복궁 생과방,경복궁 생과방,생과방,경복궁,체험,참여형,사전예약,2024,6,12,Wednesday,수,0,봄,1,10:00,11:40,,0,1,1,0,1,0,0,1,1,1
2024-06-13,20,10회,449,경복궁 생과방,경복궁 생과방,생과방,경복궁,체험,참여형,사전예약,2024,6,13,Thursday,목,0,봄,1,10:00,11:40,,0,1,1,0,1,0,0,1,1,1
2024-06-14,20,10회,449,경복궁 생과방,경복궁 생과방,생과방,경복궁,체험,참여형,사전예약,2024,6,14,Friday,금,0,봄,1,10:00,11:40,,0,1,1,0,1,0,0,1,1,1
2024-06-15,20,10회,449,경복궁 생과방,경복궁 생과방,생과방,경복궁,체험,참여형,사전예약,2024,6,15,Saturday,토,1,봄,1,10:00,11:40,,0,1,1,0,1,0,0,1,1,1
2024-06-16,20,10회,449,경복궁 생과방,경복궁 생과방,생과방,경복궁,체험,참여형,사전예약,2024,6,16,Sunday,일,1,봄,1,10:00,11:40,,0,1,1,0,1,0,0,1,1,1
2024-06-17,20,10회,449,경복궁 생과방,경복궁 생과방,생과방,경복궁,체험,참여형,사전예약,2024,6,17,Monday,월,0,봄,1,10:00,11:40,,0,1,1,0,1,0,0,1,1,1
2024-06-18,20,10회,449,경복궁 생과방,경복궁 생과방,생과방,경복궁,체험,참여형,사전예약,2024,6,18,Tuesday,화,0,봄,1,10:00,11:40,,0,1,1,0,1,0,0,1,1,1
2024-06-19,20,10회,449,경복궁 생과방,경복궁 생과방,생과방,경복궁,체험,참여형,사전예약,2024,6,19,Wednesday,수,0,봄,1,10:00,11:40,,0,1,1,0,1,0,0,1,1,1
2024-06-20,20,10회,449,경복궁 생과방,경복궁 생과방,생과방,경복궁,체험,참여형,사전예약,2024,6,20,Thursday,목,0,봄,1,10:00,11:40,,0,1,1,0,1,0,0,1,1,1
2024-06-21,20,10회,449,경복궁 생과방,경복궁 생과방,생과방,경복궁,체험,참여형,사전예약,2024,6,21,Friday,금,0,봄,1,10:00,11:40,,0,1,1,0,1,0,0,1,1,1
2024-06-22,20,10회,449,경복궁 생과방,경복궁 생과방,생과방,경복궁,체험,참여형,사전예약,2024,6,22,Saturday,토,1,봄,1,10:00,11:40,,0,1,1,0,1,0,0,1,1,1
2024-06-23,20,10회,449,경복궁 생과방,경복궁 생과방,생과방,경복궁,체험,참여형,사전예약,2024,6,23,Sunday,일,1,봄,1,10:00,11:40,,0,1,1,0,1,0,0,1,1,1
2024-06-24,20,10회,449,경복궁 생과방,경복궁 생과방,생과방,경복궁,체험,참여형,사전예약,2024,6,24,Monday,월,0,봄,1,10:00,11:40,,0,1,1,0,1,0,0,1,1,1
2024-05-04,20,10회,446,고궁음악회-100인의 치세지음 治世之音,고궁음악회-100인의 치세지음 治世之音,고궁음악회-100인의 치세지음 治世之音,경복궁,공연,관람형,사전예약,2024,5,4,Saturday,토,1,봄,1,19:30,20:20,,0,1,1,1,1,0,0,1,1,1
2024-05-05,20,10회,446,고궁음악회-100인의 치세지음 治世之音,고궁음악회-100인의 치세지음 治世之音,고궁음악회-100인의 치세지음 治世之音,경복궁,공연,관람형,사전예약,2024,5,5,Sunday,일,1,봄,1,19:30,20:20,,0,1,1,1,1,0,0,1,1,1
2024-04-28,20,10회,445,"고궁뮤지컬-세종, 1446","고궁뮤지컬-세종, 1446","고궁뮤지컬-세종, 1446",경복궁,공연,관람형,사전예약,2024,4,28,Sunday,일,1,봄,1,19:30,21:20,,0,1,0,1,1,1,0,1,1,1
2024-04-29,20,10회,445,"고궁뮤지컬-세종, 1446","고궁뮤지컬-세종, 1446","고궁뮤지컬-세종, 1446",경복궁,공연,관람형,사전예약,2024,4,29,Monday,월,0,봄,1,19:30,21:20,,0,1,0,1,1,1,0,1,1,1
2024-04-30,20,10회,445,"고궁뮤지컬-세종, 1446","고궁뮤지컬-세종, 1446","고궁뮤지컬-세종, 1446",경복궁,공연,관람형,사전예약,2024,4,30,Tuesday,화,0,봄,1,19:30,21:20,,0,1,0,1,1,1,0,1,1,1
2024-04-27,20,10회,435,궁중문화축전 스탬프 투어,스탬프 투어,스탬프 투어,경복궁,체험,참여형,현장참여,2024,4,27,Saturday,토,1,봄,1,09:00,18:00,,1,0,0,0,0,1,0,0,1,1
2024-04-28,20,10회,435,궁중문화축전 스탬프 투어,스탬프 투어,스탬프 투어,경복궁,체험,참여형,현장참여,2024,4,28,Sunday,일,1,봄,1,09:00,18:00,,1,0,0,0,0,1,0,0,1,1
2024-04-29,20,10회,435,궁중문화축전 스탬프 투어,스탬프 투어,스탬프 투어,경복궁,체험,참여형,현장참여,2024,4,29,Monday,월,0,봄,1,09:00,18:00,,1,0,0,0,0,1,0,0,1,1
2024-04-30,20,10회,435,궁중문화축전 스탬프 투어,스탬프 투어,스탬프 투어,경복궁,체험,참여형,현장참여,2024,4,30,Tuesday,화,0,봄,1,09:00,18:00,,1,0,0,0,0,1,0,0,1,1
2024-05-01,20,10회,435,궁중문화축전 스탬프 투어,스탬프 투어,스탬프 투어,경복궁,체험,참여형,현장참여,2024,5,1,Wednesday,수,0,봄,1,09:00,18:00,,1,0,0,0,0,1,0,0,1,1
2024-05-02,20,10회,435,궁중문화축전 스탬프 투어,스탬프 투어,스탬프 투어,경복궁,체험,참여형,현장참여,2024,5,2,Thursday,목,0,봄,1,09:00,18:00,,1,0,0,0,0,1,0,0,1,1
2024-05-03,20,10회,435,궁중문화축전 스탬프 투어,스탬프 투어,스탬프 투어,경복궁,체험,참여형,현장참여,2024,5,3,Friday,금,0,봄,1,09:00,18:00,,1,0,0,0,0,1,0,0,1,1
2024-05-04,20,10회,435,궁중문화축전 스탬프 투어,스탬프 투어,스탬프 투어,경복궁,체험,참여형,현장참여,2024,5,4,Saturday,토,1,봄,1,09:00,18:00,,1,0,0,0,0,1,0,0,1,1
2024-05-05,20,10회,435,궁중문화축전 스탬프 투어,스탬프 투어,스탬프 투어,경복궁,체험,참여형,현장참여,2024,5,5,Sunday,일,1,봄,1,09:00,18:00,,1,0,0,0,0,1,0,0,1,1
2024-04-27,20,10회,436,궁중문화축전 스탬프 투어,스탬프 투어,스탬프 투어,경복궁,체험,참여형,현장참여,2024,4,27,Saturday,토,1,봄,1,09:00,18:00,,1,0,0,0,0,1,0,0,1,1
2024-04-28,20,10회,436,궁중문화축전 스탬프 투어,스탬프 투어,스탬프 투어,경복궁,체험,참여형,현장참여,2024,4,28,Sunday,일,1,봄,1,09:00,18:00,,1,0,0,0,0,1,0,0,1,1
2024-04-29,20,10회,436,궁중문화축전 스탬프 투어,스탬프 투어,스탬프 투어,경복궁,체험,참여형,현장참여,2024,4,29,Monday,월,0,봄,1,09:00,18:00,,1,0,0,0,0,1,0,0,1,1
2024-04-30,20,10회,436,궁중문화축전 스탬프 투어,스탬프 투어,스탬프 투어,경복궁,체험,참여형,현장참여,2024,4,30,Tuesday,화,0,봄,1,09:00,18:00,,1,0,0,0,0,1,0,0,1,1
2024-05-01,20,10회,436,궁중문화축전 스탬프 투어,스탬프 투어,스탬프 투어,경복궁,체험,참여형,현장참여,2024,5,1,Wednesday,수,0,봄,1,09:00,18:00,,1,0,0,0,0,1,0,0,1,1
2024-05-02,20,10회,436,궁중문화축전 스탬프 투어,스탬프 투어,스탬프 투어,경복궁,체험,참여형,현장참여,2024,5,2,Thursday,목,0,봄,1,09:00,18:00,,1,0,0,0,0,1,0,0,1,1
2024-05-03,20,10회,436,궁중문화축전 스탬프 투어,스탬프 투어,스탬프 투어,경복궁,체험,참여형,현장참여,2024,5,3,Friday,금,0,봄,1,09:00,18:00,,1,0,0,0,0,1,0,0,1,1
2024-05-04,20,10회,436,궁중문화축전 스탬프 투어,스탬프 투어,스탬프 투어,경복궁,체험,참여형,현장참여,2024,5,4,Saturday,토,1,봄,1,09:00,18:00,,1,0,0,0,0,1,0,0,1,1
2024-05-05,20,10회,436,궁중문화축전 스탬프 투어,스탬프 투어,스탬프 투어,경복궁,체험,참여형,현장참여,2024,5,5,Sunday,일,1,봄,1,09:00,18:00,,1,0,0,0,0,1,0,0,1,1
2024-04-27,20,10회,437,궁중문화축전 스탬프 투어,스탬프 투어,스탬프 투어,경복궁,체험,참여형,현장참여,2024,4,27,Saturday,토,1,봄,1,09:00,18:00,,1,0,0,0,0,1,0,0,1,1
2024-04-28,20,10회,437,궁중문화축전 스탬프 투어,스탬프 투어,스탬프 투어,경복궁,체험,참여형,현장참여,2024,4,28,Sunday,일,1,봄,1,09:00,18:00,,1,0,0,0,0,1,0,0,1,1
2024-04-29,20,10회,437,궁중문화축전 스탬프 투어,스탬프 투어,스탬프 투어,경복궁,체험,참여형,현장참여,2024,4,29,Monday,월,0,봄,1,09:00,18:00,,1,0,0,0,0,1,0,0,1,1
2024-04-30,20,10회,437,궁중문화축전 스탬프 투어,스탬프 투어,스탬프 투어,경복궁,체험,참여형,현장참여,2024,4,30,Tuesday,화,0,봄,1,09:00,18:00,,1,0,0,0,0,1,0,0,1,1
2024-05-01,20,10회,437,궁중문화축전 스탬프 투어,스탬프 투어,스탬프 투어,경복궁,체험,참여형,현장참여,2024,5,1,Wednesday,수,0,봄,1,09:00,18:00,,1,0,0,0,0,1,0,0,1,1
2024-05-02,20,10회,437,궁중문화축전 스탬프 투어,스탬프 투어,스탬프 투어,경복궁,체험,참여형,현장참여,2024,5,2,Thursday,목,0,봄,1,09:00,18:00,,1,0,0,0,0,1,0,0,1,1
2024-05-03,20,10회,437,궁중문화축전 스탬프 투어,스탬프 투어,스탬프 투어,경복궁,체험,참여형,현장참여,2024,5,3,Friday,금,0,봄,1,09:00,18:00,,1,0,0,0,0,1,0,0,1,1
2024-05-04,20,10회,437,궁중문화축전 스탬프 투어,스탬프 투어,스탬프 투어,경복궁,체험,참여형,현장참여,2024,5,4,Saturday,토,1,봄,1,09:00,18:00,,1,0,0,0,0,1,0,0,1,1
2024-05-05,20,10회,437,궁중문화축전 스탬프 투어,스탬프 투어,스탬프 투어,경복궁,체험,참여형,현장참여,2024,5,5,Sunday,일,1,봄,1,09:00,18:00,,1,0,0,0,0,1,0,0,1,1
2024-04-27,20,10회,438,궁중문화축전 스탬프 투어,스탬프 투어,스탬프 투어,경복궁,체험,참여형,현장참여,2024,4,27,Saturday,토,1,봄,1,09:00,18:00,,1,0,0,0,0,1,0,0,1,1
2024-04-28,20,10회,438,궁중문화축전 스탬프 투어,스탬프 투어,스탬프 투어,경복궁,체험,참여형,현장참여,2024,4,28,Sunday,일,1,봄,1,09:00,18:00,,1,0,0,0,0,1,0,0,1,1
2024-04-29,20,10회,438,궁중문화축전 스탬프 투어,스탬프 투어,스탬프 투어,경복궁,체험,참여형,현장참여,2024,4,29,Monday,월,0,봄,1,09:00,18:00,,1,0,0,0,0,1,0,0,1,1
2024-04-30,20,10회,438,궁중문화축전 스탬프 투어,스탬프 투어,스탬프 투어,경복궁,체험,참여형,현장참여,2024,4,30,Tuesday,화,0,봄,1,09:00,18:00,,1,0,0,0,0,1,0,0,1,1
2024-05-01,20,10회,438,궁중문화축전 스탬프 투어,스탬프 투어,스탬프 투어,경복궁,체험,참여형,현장참여,2024,5,1,Wednesday,수,0,봄,1,09:00,18:00,,1,0,0,0,0,1,0,0,1,1
2024-05-02,20,10회,438,궁중문화축전 스탬프 투어,스탬프 투어,스탬프 투어,경복궁,체험,참여형,현장참여,2024,5,2,Thursday,목,0,봄,1,09:00,18:00,,1,0,0,0,0,1,0,0,1,1
2024-05-03,20,10회,438,궁중문화축전 스탬프 투어,스탬프 투어,스탬프 투어,경복궁,체험,참여형,현장참여,2024,5,3,Friday,금,0,봄,1,09:00,18:00,,1,0,0,0,0,1,0,0,1,1
2024-05-04,20,10회,438,궁중문화축전 스탬프 투어,스탬프 투어,스탬프 투어,경복궁,체험,참여형,현장참여,2024,5,4,Saturday,토,1,봄,1,09:00,18:00,,1,0,0,0,0,1,0,0,1,1
2024-05-05,20,10회,438,궁중문화축전 스탬프 투어,스탬프 투어,스탬프 투어,경복궁,체험,참여형,현장참여,2024,5,5,Sunday,일,1,봄,1,09:00,18:00,,1,0,0,0,0,1,0,0,1,1
2024-04-27,20,10회,439,궁중문화축전 스탬프 투어,스탬프 투어,스탬프 투어,경복궁,체험,참여형,현장참여,2024,4,27,Saturday,토,1,봄,1,09:00,18:00,,1,0,0,0,0,1,0,0,1,1
2024-04-28,20,10회,439,궁중문화축전 스탬프 투어,스탬프 투어,스탬프 투어,경복궁,체험,참여형,현장참여,2024,4,28,Sunday,일,1,봄,1,09:00,18:00,,1,0,0,0,0,1,0,0,1,1
2024-04-29,20,10회,439,궁중문화축전 스탬프 투어,스탬프 투어,스탬프 투어,경복궁,체험,참여형,현장참여,2024,4,29,Monday,월,0,봄,1,09:00,18:00,,1,0,0,0,0,1,0,0,1,1
2024-04-30,20,10회,439,궁중문화축전 스탬프 투어,스탬프 투어,스탬프 투어,경복궁,체험,참여형,현장참여,2024,4,30,Tuesday,화,0,봄,1,09:00,18:00,,1,0,0,0,0,1,0,0,1,1
2024-05-01,20,10회,439,궁중문화축전 스탬프 투어,스탬프 투어,스탬프 투어,경복궁,체험,참여형,현장참여,2024,5,1,Wednesday,수,0,봄,1,09:00,18:00,,1,0,0,0,0,1,0,0,1,1
2024-05-02,20,10회,439,궁중문화축전 스탬프 투어,스탬프 투어,스탬프 투어,경복궁,체험,참여형,현장참여,2024,5,2,Thursday,목,0,봄,1,09:00,18:00,,1,0,0,0,0,1,0,0,1,1
2024-05-03,20,10회,439,궁중문화축전 스탬프 투어,스탬프 투어,스탬프 투어,경복궁,체험,참여형,현장참여,2024,5,3,Friday,금,0,봄,1,09:00,18:00,,1,0,0,0,0,1,0,0,1,1
2024-05-04,20,10회,439,궁중문화축전 스탬프 투어,스탬프 투어,스탬프 투어,경복궁,체험,참여형,현장참여,2024,5,4,Saturday,토,1,봄,1,09:00,18:00,,1,0,0,0,0,1,0,0,1,1
2024-05-05,20,10회,439,궁중문화축전 스탬프 투어,스탬프 투어,스탬프 투어,경복궁,체험,참여형,현장참여,2024,5,5,Sunday,일,1,봄,1,09:00,18:00,,1,0,0,0,0,1,0,0,1,1
2024-04-27,20,10회,440,궁중문화축전 스탬프 투어,스탬프 투어,스탬프 투어,경복궁,체험,참여형,현장참여,2024,4,27,Saturday,토,1,봄,1,09:00,18:00,,1,0,0,0,0,1,0,0,1,1
2024-04-28,20,10회,440,궁중문화축전 스탬프 투어,스탬프 투어,스탬프 투어,경복궁,체험,참여형,현장참여,2024,4,28,Sunday,일,1,봄,1,09:00,18:00,,1,0,0,0,0,1,0,0,1,1
2024-04-29,20,10회,440,궁중문화축전 스탬프 투어,스탬프 투어,스탬프 투어,경복궁,체험,참여형,현장참여,2024,4,29,Monday,월,0,봄,1,09:00,18:00,,1,0,0,0,0,1,0,0,1,1
2024-04-30,20,10회,440,궁중문화축전 스탬프 투어,스탬프 투어,스탬프 투어,경복궁,체험,참여형,현장참여,2024,4,30,Tuesday,화,0,봄,1,09:00,18:00,,1,0,0,0,0,1,0,0,1,1
2024-05-01,20,10회,440,궁중문화축전 스탬프 투어,스탬프 투어,스탬프 투어,경복궁,체험,참여형,현장참여,2024,5,1,Wednesday,수,0,봄,1,09:00,18:00,,1,0,0,0,0,1,0,0,1,1
2024-05-02,20,10회,440,궁중문화축전 스탬프 투어,스탬프 투어,스탬프 투어,경복궁,체험,참여형,현장참여,2024,5,2,Thursday,목,0,봄,1,09:00,18:00,,1,0,0,0,0,1,0,0,1,1
2024-05-03,20,10회,440,궁중문화축전 스탬프 투어,스탬프 투어,스탬프 투어,경복궁,체험,참여형,현장참여,2024,5,3,Friday,금,0,봄,1,09:00,18:00,,1,0,0,0,0,1,0,0,1,1
2024-05-04,20,10회,440,궁중문화축전 스탬프 투어,스탬프 투어,스탬프 투어,경복궁,체험,참여형,현장참여,2024,5,4,Saturday,토,1,봄,1,09:00,18:00,,1,0,0,0,0,1,0,0,1,1
2024-05-05,20,10회,440,궁중문화축전 스탬프 투어,스탬프 투어,스탬프 투어,경복궁,체험,참여형,현장참여,2024,5,5,Sunday,일,1,봄,1,09:00,18:00,,1,0,0,0,0,1,0,0,1,1
2023-10-13,13,9회,388,제18회 한국문화재기능인작품전,제18회 한국문화재기능인작품전,제18회 한국문화재기능인작품전,경복궁,전시,관람형,현장참여,2023,10,13,Friday,금,0,가을,1,09:00,21:30,,0,0,1,0,0,0,0,0,0,0
2023-10-14,13,9회,388,제18회 한국문화재기능인작품전,제18회 한국문화재기능인작품전,제18회 한국문화재기능인작품전,경복궁,전시,관람형,현장참여,2023,10,14,Saturday,토,1,가을,1,09:00,21:30,,0,0,1,0,0,0,0,0,0,0
2023-10-15,13,9회,388,제18회 한국문화재기능인작품전,제18회 한국문화재기능인작품전,제18회 한국문화재기능인작품전,경복궁,전시,관람형,현장참여,2023,10,15,Sunday,일,1,가을,1,09:00,21:30,,0,0,1,0,0,0,0,0,0,0
2023-10-16,13,9회,388,제18회 한국문화재기능인작품전,제18회 한국문화재기능인작품전,제18회 한국문화재기능인작품전,경복궁,전시,관람형,현장참여,2023,10,16,Monday,월,0,가을,1,09:00,21:30,,0,0,1,0,0,0,0,0,0,0
2023-10-17,13,9회,388,제18회 한국문화재기능인작품전,제18회 한국문화재기능인작품전,제18회 한국문화재기능인작품전,경복궁,전시,관람형,현장참여,2023,10,17,Tuesday,화,0,가을,1,09:00,21:30,,0,0,1,0,0,0,0,0,0,0
2023-10-18,13,9회,388,제18회 한국문화재기능인작품전,제18회 한국문화재기능인작품전,제18회 한국문화재기능인작품전,경복궁,전시,관람형,현장참여,2023,10,18,Wednesday,수,0,가을,1,09:00,21:30,,0,0,1,0,0,0,0,0,0,0
2023-10-19,13,9회,388,제18회 한국문화재기능인작품전,제18회 한국문화재기능인작품전,제18회 한국문화재기능인작품전,경복궁,전시,관람형,현장참여,2023,10,19,Thursday,목,0,가을,1,09:00,21:30,,0,0,1,0,0,0,0,0,0,0
2023-10-13,13,9회,384,궁중놀이방(경복궁),궁중놀이방(경복궁),궁중놀이방(경복궁),경복궁,체험,참여형,현장참여,2023,10,13,Friday,금,0,가을,1,11:00,17:00,,0,0,0,0,0,0,0,0,1,1
2023-10-14,13,9회,384,궁중놀이방(경복궁),궁중놀이방(경복궁),궁중놀이방(경복궁),경복궁,체험,참여형,현장참여,2023,10,14,Saturday,토,1,가을,1,11:00,17:00,,0,0,0,0,0,0,0,0,1,1
2023-10-15,13,9회,384,궁중놀이방(경복궁),궁중놀이방(경복궁),궁중놀이방(경복궁),경복궁,체험,참여형,현장참여,2023,10,15,Sunday,일,1,가을,1,11:00,17:00,,0,0,0,0,0,0,0,0,1,1
2023-10-16,13,9회,384,궁중놀이방(경복궁),궁중놀이방(경복궁),궁중놀이방(경복궁),경복궁,체험,참여형,현장참여,2023,10,16,Monday,월,0,가을,1,11:00,17:00,,0,0,0,0,0,0,0,0,1,1
2023-10-17,13,9회,384,궁중놀이방(경복궁),궁중놀이방(경복궁),궁중놀이방(경복궁),경복궁,체험,참여형,현장참여,2023,10,17,Tuesday,화,0,가을,1,11:00,17:00,,0,0,0,0,0,0,0,0,1,1
2023-10-18,13,9회,384,궁중놀이방(경복궁),궁중놀이방(경복궁),궁중놀이방(경복궁),경복궁,체험,참여형,현장참여,2023,10,18,Wednesday,수,0,가을,1,11:00,17:00,,0,0,0,0,0,0,0,0,1,1
2023-10-08,13,9회,383,궁궐일상모습재현 및 체험-왕가의 산책,궁궐일상모습재현 및 체험-왕가의 산책,궁궐일상모습재현 및 체험-왕가의 산책,경복궁,공연,관람형,현장참여,2023,10,8,Sunday,일,1,가을,1,10:30,14:30,,0,0,0,1,0,1,0,1,1,1
2023-10-09,13,9회,383,궁궐일상모습재현 및 체험-왕가의 산책,궁궐일상모습재현 및 체험-왕가의 산책,궁궐일상모습재현 및 체험-왕가의 산책,경복궁,공연,관람형,현장참여,2023,10,9,Monday,월,0,가을,1,10:30,14:30,,0,0,0,1,0,1,0,1,1,1
2023-10-10,13,9회,383,궁궐일상모습재현 및 체험-왕가의 산책,궁궐일상모습재현 및 체험-왕가의 산책,궁궐일상모습재현 및 체험-왕가의 산책,경복궁,공연,관람형,현장참여,2023,10,10,Tuesday,화,0,가을,1,10:30,14:30,,0,0,0,1,0,1,0,1,1,1
2023-10-11,13,9회,383,궁궐일상모습재현 및 체험-왕가의 산책,궁궐일상모습재현 및 체험-왕가의 산책,궁궐일상모습재현 및 체험-왕가의 산책,경복궁,공연,관람형,현장참여,2023,10,11,Wednesday,수,0,가을,1,10:30,14:30,,0,0,0,1,0,1,0,1,1,1
2023-10-12,13,9회,383,궁궐일상모습재현 및 체험-왕가의 산책,궁궐일상모습재현 및 체험-왕가의 산책,궁궐일상모습재현 및 체험-왕가의 산책,경복궁,공연,관람형,현장참여,2023,10,12,Thursday,목,0,가을,1,10:30,14:30,,0,0,0,1,0,1,0,1,1,1
2023-10-13,13,9회,383,궁궐일상모습재현 및 체험-왕가의 산책,궁궐일상모습재현 및 체험-왕가의 산책,궁궐일상모습재현 및 체험-왕가의 산책,경복궁,공연,관람형,현장참여,2023,10,13,Friday,금,0,가을,1,10:30,14:30,,0,0,0,1,0,1,0,1,1,1
2023-10-14,13,9회,382,2023 국가무형유산 합동 공개행사,국가무형유산 합동 공개행사,국가무형유산 합동 공개행사,경복궁,공연,관람형,현장참여,2023,10,14,Saturday,토,1,가을,1,15:00,14:00,,0,0,0,1,0,0,0,0,0,0
2023-10-15,13,9회,382,2023 국가무형유산 합동 공개행사,국가무형유산 합동 공개행사,국가무형유산 합동 공개행사,경복궁,공연,관람형,현장참여,2023,10,15,Sunday,일,1,가을,1,15:00,14:00,,0,0,0,1,0,0,0,0,0,0
2023-10-16,13,9회,382,2023 국가무형유산 합동 공개행사,국가무형유산 합동 공개행사,국가무형유산 합동 공개행사,경복궁,공연,관람형,현장참여,2023,10,16,Monday,월,0,가을,1,15:00,14:00,,0,0,0,1,0,0,0,0,0,0
2023-10-17,13,9회,382,2023 국가무형유산 합동 공개행사,국가무형유산 합동 공개행사,국가무형유산 합동 공개행사,경복궁,공연,관람형,현장참여,2023,10,17,Tuesday,화,0,가을,1,15:00,14:00,,0,0,0,1,0,0,0,0,0,0
2023-10-18,13,9회,382,2023 국가무형유산 합동 공개행사,국가무형유산 합동 공개행사,국가무형유산 합동 공개행사,경복궁,공연,관람형,현장참여,2023,10,18,Wednesday,수,0,가을,1,15:00,14:00,,0,0,0,1,0,0,0,0,0,0
2023-10-13,13,9회,381,궁중풍류,궁중풍류,궁중풍류,경복궁,공연,관람형,현장참여,2023,10,13,Friday,금,0,가을,1,15:00,15:50,,0,0,0,1,1,0,0,0,0,0
2023-10-14,13,9회,381,궁중풍류,궁중풍류,궁중풍류,경복궁,공연,관람형,현장참여,2023,10,14,Saturday,토,1,가을,1,15:00,15:50,,0,0,0,1,1,0,0,0,0,0
2023-10-13,13,9회,380,판소리로 듣는 궁 이야기,판소리로 듣는 궁 이야기,판소리로 듣는 궁 이야기,경복궁,공연,관람형,사전예약,2023,10,13,Friday,금,0,가을,1,11:00,12:00,,1,1,1,1,1,0,1,1,1,1
2023-10-14,13,9회,380,판소리로 듣는 궁 이야기,판소리로 듣는 궁 이야기,판소리로 듣는 궁 이야기,경복궁,공연,관람형,사전예약,2023,10,14,Saturday,토,1,가을,1,11:00,12:00,,1,1,1,1,1,0,1,1,1,1
2023-10-17,13,9회,378,아티스트가 사랑한 궁,아티스트가 사랑한 궁,아티스트가 사랑한 궁,경복궁,공연,관람형,사전예약,2023,10,17,Tuesday,화,0,가을,1,19:00,20:10,,0,1,1,1,1,0,0,1,1,1
2023-10-18,13,9회,378,아티스트가 사랑한 궁,아티스트가 사랑한 궁,아티스트가 사랑한 궁,경복궁,공연,관람형,사전예약,2023,10,18,Wednesday,수,0,가을,1,19:00,20:10,,0,1,1,1,1,0,0,1,1,1
2023-09-07,13,9회,377,경복궁 생과방,경복궁 생과방,생과방,경복궁,체험,참여형,사전예약,2023,9,7,Thursday,목,0,가을,1,10:00,11:40,,0,0,0,0,1,0,0,1,1,1
2023-09-08,13,9회,377,경복궁 생과방,경복궁 생과방,생과방,경복궁,체험,참여형,사전예약,2023,9,8,Friday,금,0,가을,1,10:00,11:40,,0,0,0,0,1,0,0,1,1,1
2023-09-09,13,9회,377,경복궁 생과방,경복궁 생과방,생과방,경복궁,체험,참여형,사전예약,2023,9,9,Saturday,토,1,가을,1,10:00,11:40,,0,0,0,0,1,0,0,1,1,1
2023-09-10,13,9회,377,경복궁 생과방,경복궁 생과방,생과방,경복궁,체험,참여형,사전예약,2023,9,10,Sunday,일,1,가을,1,10:00,11:40,,0,0,0,0,1,0,0,1,1,1
2023-09-11,13,9회,377,경복궁 생과방,경복궁 생과방,생과방,경복궁,체험,참여형,사전예약,2023,9,11,Monday,월,0,가을,1,10:00,11:40,,0,0,0,0,1,0,0,1,1,1
2023-09-12,13,9회,377,경복궁 생과방,경복궁 생과방,생과방,경복궁,체험,참여형,사전예약,2023,9,12,Tuesday,화,0,가을,1,10:00,11:40,,0,0,0,0,1,0,0,1,1,1
2023-09-13,13,9회,377,경복궁 생과방,경복궁 생과방,생과방,경복궁,체험,참여형,사전예약,2023,9,13,Wednesday,수,0,가을,1,10:00,11:40,,0,0,0,0,1,0,0,1,1,1
2023-09-14,13,9회,377,경복궁 생과방,경복궁 생과방,생과방,경복궁,체험,참여형,사전예약,2023,9,14,Thursday,목,0,가을,1,10:00,11:40,,0,0,0,0,1,0,0,1,1,1
2023-09-15,13,9회,377,경복궁 생과방,경복궁 생과방,생과방,경복궁,체험,참여형,사전예약,2023,9,15,Friday,금,0,가을,1,10:00,11:40,,0,0,0,0,1,0,0,1,1,1
2023-09-16,13,9회,377,경복궁 생과방,경복궁 생과방,생과방,경복궁,체험,참여형,사전예약,2023,9,16,Saturday,토,1,가을,1,10:00,11:40,,0,0,0,0,1,0,0,1,1,1
2023-09-17,13,9회,377,경복궁 생과방,경복궁 생과방,생과방,경복궁,체험,참여형,사전예약,2023,9,17,Sunday,일,1,가을,1,10:00,11:40,,0,0,0,0,1,0,0,1,1,1
2023-09-18,13,9회,377,경복궁 생과방,경복궁 생과방,생과방,경복궁,체험,참여형,사전예약,2023,9,18,Monday,월,0,가을,1,10:00,11:40,,0,0,0,0,1,0,0,1,1,1
2023-09-19,13,9회,377,경복궁 생과방,경복궁 생과방,생과방,경복궁,체험,참여형,사전예약,2023,9,19,Tuesday,화,0,가을,1,10:00,11:40,,0,0,0,0,1,0,0,1,1,1
2023-09-20,13,9회,377,경복궁 생과방,경복궁 생과방,생과방,경복궁,체험,참여형,사전예약,2023,9,20,Wednesday,수,0,가을,1,10:00,11:40,,0,0,0,0,1,0,0,1,1,1
2023-09-21,13,9회,377,경복궁 생과방,경복궁 생과방,생과방,경복궁,체험,참여형,사전예약,2023,9,21,Thursday,목,0,가을,1,10:00,11:40,,0,0,0,0,1,0,0,1,1,1
2023-09-22,13,9회,377,경복궁 생과방,경복궁 생과방,생과방,경복궁,체험,참여형,사전예약,2023,9,22,Friday,금,0,가을,1,10:00,11:40,,0,0,0,0,1,0,0,1,1,1
2023-09-23,13,9회,377,경복궁 생과방,경복궁 생과방,생과방,경복궁,체험,참여형,사전예약,2023,9,23,Saturday,토,1,가을,1,10:00,11:40,,0,0,0,0,1,0,0,1,1,1
2023-09-24,13,9회,377,경복궁 생과방,경복궁 생과방,생과방,경복궁,체험,참여형,사전예약,2023,9,24,Sunday,일,1,가을,1,10:00,11:40,,0,0,0,0,1,0,0,1,1,1
2023-09-25,13,9회,377,경복궁 생과방,경복궁 생과방,생과방,경복궁,체험,참여형,사전예약,2023,9,25,Monday,월,0,가을,1,10:00,11:40,,0,0,0,0,1,0,0,1,1,1
2023-09-26,13,9회,377,경복궁 생과방,경복궁 생과방,생과방,경복궁,체험,참여형,사전예약,2023,9,26,Tuesday,화,0,가을,1,10:00,11:40,,0,0,0,0,1,0,0,1,1,1
2023-09-27,13,9회,377,경복궁 생과방,경복궁 생과방,생과방,경복궁,체험,참여형,사전예약,2023,9,27,Wednesday,수,0,가을,1,10:00,11:40,,0,0,0,0,1,0,0,1,1,1
2023-09-28,13,9회,377,경복궁 생과방,경복궁 생과방,생과방,경복궁,체험,참여형,사전예약,2023,9,28,Thursday,목,0,가을,1,10:00,11:40,,0,0,0,0,1,0,0,1,1,1
2023-09-29,13,9회,377,경복궁 생과방,경복궁 생과방,생과방,경복궁,체험,참여형,사전예약,2023,9,29,Friday,금,0,가을,1,10:00,11:40,,0,0,0,0,1,0,0,1,1,1
2023-09-30,13,9회,377,경복궁 생과방,경복궁 생과방,생과방,경복궁,체험,참여형,사전예약,2023,9,30,Saturday,토,1,가을,1,10:00,11:40,,0,0,0,0,1,0,0,1,1,1
2023-10-01,13,9회,377,경복궁 생과방,경복궁 생과방,생과방,경복궁,체험,참여형,사전예약,2023,10,1,Sunday,일,1,가을,1,10:00,11:40,,0,0,0,0,1,0,0,1,1,1
2023-10-02,13,9회,377,경복궁 생과방,경복궁 생과방,생과방,경복궁,체험,참여형,사전예약,2023,10,2,Monday,월,0,가을,1,10:00,11:40,,0,0,0,0,1,0,0,1,1,1
2023-10-03,13,9회,377,경복궁 생과방,경복궁 생과방,생과방,경복궁,체험,참여형,사전예약,2023,10,3,Tuesday,화,0,가을,1,10:00,11:40,,0,0,0,0,1,0,0,1,1,1
2023-10-04,13,9회,377,경복궁 생과방,경복궁 생과방,생과방,경복궁,체험,참여형,사전예약,2023,10,4,Wednesday,수,0,가을,1,10:00,11:40,,0,0,0,0,1,0,0,1,1,1
2023-10-05,13,9회,377,경복궁 생과방,경복궁 생과방,생과방,경복궁,체험,참여형,사전예약,2023,10,5,Thursday,목,0,가을,1,10:00,11:40,,0,0,0,0,1,0,0,1,1,1
2023-10-06,13,9회,377,경복궁 생과방,경복궁 생과방,생과방,경복궁,체험,참여형,사전예약,2023,10,6,Friday,금,0,가을,1,10:00,11:40,,0,0,0,0,1,0,0,1,1,1
2023-10-07,13,9회,377,경복궁 생과방,경복궁 생과방,생과방,경복궁,체험,참여형,사전예약,2023,10,7,Saturday,토,1,가을,1,10:00,11:40,,0,0,0,0,1,0,0,1,1,1
2023-10-08,13,9회,377,경복궁 생과방,경복궁 생과방,생과방,경복궁,체험,참여형,사전예약,2023,10,8,Sunday,일,1,가을,1,10:00,11:40,,0,0,0,0,1,0,0,1,1,1
2023-10-09,13,9회,377,경복궁 생과방,경복궁 생과방,생과방,경복궁,체험,참여형,사전예약,2023,10,9,Monday,월,0,가을,1,10:00,11:40,,0,0,0,0,1,0,0,1,1,1
2023-10-10,13,9회,377,경복궁 생과방,경복궁 생과방,생과방,경복궁,체험,참여형,사전예약,2023,10,10,Tuesday,화,0,가을,1,10:00,11:40,,0,0,0,0,1,0,0,1,1,1
2023-10-11,13,9회,377,경복궁 생과방,경복궁 생과방,생과방,경복궁,체험,참여형,사전예약,2023,10,11,Wednesday,수,0,가을,1,10:00,11:40,,0,0,0,0,1,0,0,1,1,1
2023-10-12,13,9회,377,경복궁 생과방,경복궁 생과방,생과방,경복궁,체험,참여형,사전예약,2023,10,12,Thursday,목,0,가을,1,10:00,11:40,,0,0,0,0,1,0,0,1,1,1
2023-10-13,13,9회,377,경복궁 생과방,경복궁 생과방,생과방,경복궁,체험,참여형,사전예약,2023,10,13,Friday,금,0,가을,1,10:00,11:40,,0,0,0,0,1,0,0,1,1,1
2023-10-14,13,9회,377,경복궁 생과방,경복궁 생과방,생과방,경복궁,체험,참여형,사전예약,2023,10,14,Saturday,토,1,가을,1,10:00,11:40,,0,0,0,0,1,0,0,1,1,1
2023-10-15,13,9회,377,경복궁 생과방,경복궁 생과방,생과방,경복궁,체험,참여형,사전예약,2023,10,15,Sunday,일,1,가을,1,10:00,11:40,,0,0,0,0,1,0,0,1,1,1
2023-10-16,13,9회,377,경복궁 생과방,경복궁 생과방,생과방,경복궁,체험,참여형,사전예약,2023,10,16,Monday,월,0,가을,1,10:00,11:40,,0,0,0,0,1,0,0,1,1,1
2023-10-17,13,9회,377,경복궁 생과방,경복궁 생과방,생과방,경복궁,체험,참여형,사전예약,2023,10,17,Tuesday,화,0,가을,1,10:00,11:40,,0,0,0,0,1,0,0,1,1,1
2023-10-18,13,9회,377,경복궁 생과방,경복궁 생과방,생과방,경복궁,체험,참여형,사전예약,2023,10,18,Wednesday,수,0,가을,1,10:00,11:40,,0,0,0,0,1,0,0,1,1,1
2023-10-19,13,9회,377,경복궁 생과방,경복궁 생과방,생과방,경복궁,체험,참여형,사전예약,2023,10,19,Thursday,목,0,가을,1,10:00,11:40,,0,0,0,0,1,0,0,1,1,1
2023-10-20,13,9회,377,경복궁 생과방,경복궁 생과방,생과방,경복궁,체험,참여형,사전예약,2023,10,20,Friday,금,0,가을,1,10:00,11:40,,0,0,0,0,1,0,0,1,1,1
2023-10-21,13,9회,377,경복궁 생과방,경복궁 생과방,생과방,경복궁,체험,참여형,사전예약,2023,10,21,Saturday,토,1,가을,1,10:00,11:40,,0,0,0,0,1,0,0,1,1,1
2023-10-13,13,9회,373,2023 고궁음악회 ‘풍류에 그루브를 더하다’,고궁음악회 ‘풍류에 그루브를 더하다’,고궁음악회 ‘풍류에 그루브를 더하다’,경복궁,공연,관람형,현장참여,2023,10,13,Friday,금,0,가을,1,13:00,16:00,,0,0,0,1,0,0,0,1,1,0
2023-10-14,13,9회,373,2023 고궁음악회 ‘풍류에 그루브를 더하다’,고궁음악회 ‘풍류에 그루브를 더하다’,고궁음악회 ‘풍류에 그루브를 더하다’,경복궁,공연,관람형,현장참여,2023,10,14,Saturday,토,1,가을,1,13:00,16:00,,0,0,0,1,0,0,0,1,1,0
2023-10-15,13,9회,373,2023 고궁음악회 ‘풍류에 그루브를 더하다’,고궁음악회 ‘풍류에 그루브를 더하다’,고궁음악회 ‘풍류에 그루브를 더하다’,경복궁,공연,관람형,현장참여,2023,10,15,Sunday,일,1,가을,1,13:00,16:00,,0,0,0,1,0,0,0,1,1,0
2023-10-16,13,9회,373,2023 고궁음악회 ‘풍류에 그루브를 더하다’,고궁음악회 ‘풍류에 그루브를 더하다’,고궁음악회 ‘풍류에 그루브를 더하다’,경복궁,공연,관람형,현장참여,2023,10,16,Monday,월,0,가을,1,13:00,16:00,,0,0,0,1,0,0,0,1,1,0
2023-10-17,13,9회,373,2023 고궁음악회 ‘풍류에 그루브를 더하다’,고궁음악회 ‘풍류에 그루브를 더하다’,고궁음악회 ‘풍류에 그루브를 더하다’,경복궁,공연,관람형,현장참여,2023,10,17,Tuesday,화,0,가을,1,13:00,16:00,,0,0,0,1,0,0,0,1,1,0
2023-10-18,13,9회,373,2023 고궁음악회 ‘풍류에 그루브를 더하다’,고궁음악회 ‘풍류에 그루브를 더하다’,고궁음악회 ‘풍류에 그루브를 더하다’,경복궁,공연,관람형,현장참여,2023,10,18,Wednesday,수,0,가을,1,13:00,16:00,,0,0,0,1,0,0,0,1,1,0
2023-10-19,13,9회,373,2023 고궁음악회 ‘풍류에 그루브를 더하다’,고궁음악회 ‘풍류에 그루브를 더하다’,고궁음악회 ‘풍류에 그루브를 더하다’,경복궁,공연,관람형,현장참여,2023,10,19,Thursday,목,0,가을,1,13:00,16:00,,0,0,0,1,0,0,0,1,1,0
2023-10-20,13,9회,373,2023 고궁음악회 ‘풍류에 그루브를 더하다’,고궁음악회 ‘풍류에 그루브를 더하다’,고궁음악회 ‘풍류에 그루브를 더하다’,경복궁,공연,관람형,현장참여,2023,10,20,Friday,금,0,가을,1,13:00,16:00,,0,0,0,1,0,0,0,1,1,0
2023-10-12,13,9회,372,2023 고궁음악회 발레x수제천,고궁음악회 발레x수제천,고궁음악회 발레x수제천,경복궁,공연,관람형,사전예약,2023,10,12,Thursday,목,0,가을,1,19:00,20:10,,0,1,1,1,1,0,0,1,0,1
2023-10-13,13,9회,372,2023 고궁음악회 발레x수제천,고궁음악회 발레x수제천,고궁음악회 발레x수제천,경복궁,공연,관람형,사전예약,2023,10,13,Friday,금,0,가을,1,19:00,20:10,,0,1,1,1,1,0,0,1,0,1
2023-10-14,13,9회,372,2023 고궁음악회 발레x수제천,고궁음악회 발레x수제천,고궁음악회 발레x수제천,경복궁,공연,관람형,사전예약,2023,10,14,Saturday,토,1,가을,1,19:00,20:10,,0,1,1,1,1,0,0,1,0,1
2023-05-02,13,9회,351,2023 세종대왕자 태실 태봉안의식(성주군),세종대왕자 태실 태봉안의식(성주군),세종대왕자 태실 태봉안의식(성주군),경복궁,재현,관람형,현장참여,2023,5,2,Tuesday,화,0,봄,1,14:00,15:00,,0,0,0,0,0,0,0,0,0,0
2023-04-29,13,9회,334,고궁음악회-풍류에 그루브를 더하다,고궁음악회-풍류에 그루브를 더하다,고궁음악회-풍류에 그루브를 더하다,경복궁,공연,관람형,현장참여,2023,4,29,Saturday,토,1,봄,1,11:00,15:00,,0,0,1,1,0,0,0,0,1,1
2023-04-30,13,9회,334,고궁음악회-풍류에 그루브를 더하다,고궁음악회-풍류에 그루브를 더하다,고궁음악회-풍류에 그루브를 더하다,경복궁,공연,관람형,현장참여,2023,4,30,Sunday,일,1,봄,1,11:00,15:00,,0,0,1,1,0,0,0,0,1,1
2023-05-01,13,9회,334,고궁음악회-풍류에 그루브를 더하다,고궁음악회-풍류에 그루브를 더하다,고궁음악회-풍류에 그루브를 더하다,경복궁,공연,관람형,현장참여,2023,5,1,Monday,월,0,봄,1,11:00,15:00,,0,0,1,1,0,0,0,0,1,1
2023-05-02,13,9회,334,고궁음악회-풍류에 그루브를 더하다,고궁음악회-풍류에 그루브를 더하다,고궁음악회-풍류에 그루브를 더하다,경복궁,공연,관람형,현장참여,2023,5,2,Tuesday,화,0,봄,1,11:00,15:00,,0,0,1,1,0,0,0,0,1,1
2023-05-03,13,9회,334,고궁음악회-풍류에 그루브를 더하다,고궁음악회-풍류에 그루브를 더하다,고궁음악회-풍류에 그루브를 더하다,경복궁,공연,관람형,현장참여,2023,5,3,Wednesday,수,0,봄,1,11:00,15:00,,0,0,1,1,0,0,0,0,1,1
2023-05-04,13,9회,334,고궁음악회-풍류에 그루브를 더하다,고궁음악회-풍류에 그루브를 더하다,고궁음악회-풍류에 그루브를 더하다,경복궁,공연,관람형,현장참여,2023,5,4,Thursday,목,0,봄,1,11:00,15:00,,0,0,1,1,0,0,0,0,1,1
2023-05-05,13,9회,334,고궁음악회-풍류에 그루브를 더하다,고궁음악회-풍류에 그루브를 더하다,고궁음악회-풍류에 그루브를 더하다,경복궁,공연,관람형,현장참여,2023,5,5,Friday,금,0,봄,1,11:00,15:00,,0,0,1,1,0,0,0,0,1,1
2023-05-06,13,9회,334,고궁음악회-풍류에 그루브를 더하다,고궁음악회-풍류에 그루브를 더하다,고궁음악회-풍류에 그루브를 더하다,경복궁,공연,관람형,현장참여,2023,5,6,Saturday,토,1,봄,1,11:00,15:00,,0,0,1,1,0,0,0,0,1,1
2023-04-29,13,9회,327,2023년 경복궁 별빛야행,경복궁 별빛야행,별빛야행,경복궁,체험,참여형,사전예약,2023,4,29,Saturday,토,1,봄,1,18:40,19:40,,0,1,1,1,1,1,0,1,1,1
2023-04-30,13,9회,327,2023년 경복궁 별빛야행,경복궁 별빛야행,별빛야행,경복궁,체험,참여형,사전예약,2023,4,30,Sunday,일,1,봄,1,18:40,19:40,,0,1,1,1,1,1,0,1,1,1
2023-05-01,13,9회,327,2023년 경복궁 별빛야행,경복궁 별빛야행,별빛야행,경복궁,체험,참여형,사전예약,2023,5,1,Monday,월,0,봄,1,18:40,19:40,,0,1,1,1,1,1,0,1,1,1
2023-05-02,13,9회,327,2023년 경복궁 별빛야행,경복궁 별빛야행,별빛야행,경복궁,체험,참여형,사전예약,2023,5,2,Tuesday,화,0,봄,1,18:40,19:40,,0,1,1,1,1,1,0,1,1,1
2023-05-03,13,9회,327,2023년 경복궁 별빛야행,경복궁 별빛야행,별빛야행,경복궁,체험,참여형,사전예약,2023,5,3,Wednesday,수,0,봄,1,18:40,19:40,,0,1,1,1,1,1,0,1,1,1
2023-05-04,13,9회,327,2023년 경복궁 별빛야행,경복궁 별빛야행,별빛야행,경복궁,체험,참여형,사전예약,2023,5,4,Thursday,목,0,봄,1,18:40,19:40,,0,1,1,1,1,1,0,1,1,1
2023-05-05,13,9회,327,2023년 경복궁 별빛야행,경복궁 별빛야행,별빛야행,경복궁,체험,참여형,사전예약,2023,5,5,Friday,금,0,봄,1,18:40,19:40,,0,1,1,1,1,1,0,1,1,1
2023-05-06,13,9회,327,2023년 경복궁 별빛야행,경복궁 별빛야행,별빛야행,경복궁,체험,참여형,사전예약,2023,5,6,Saturday,토,1,봄,1,18:40,19:40,,0,1,1,1,1,1,0,1,1,1
2023-05-07,13,9회,327,2023년 경복궁 별빛야행,경복궁 별빛야행,별빛야행,경복궁,체험,참여형,사전예약,2023,5,7,Sunday,일,1,봄,1,18:40,19:40,,0,1,1,1,1,1,0,1,1,1
2023-04-28,13,9회,324,2023년 경복궁 생과방 - 경복궁에서 마주한 특별한 시간,경복궁 생과방 - 경복궁에서 마주한 특별한 시간,생과방 - 경복궁에서 마주한 특별한 시간,경복궁,체험,참여형,사전예약,2023,4,28,Friday,금,0,봄,1,10:00,11:40,,1,1,1,0,1,0,0,1,0,1
2023-04-29,13,9회,324,2023년 경복궁 생과방 - 경복궁에서 마주한 특별한 시간,경복궁 생과방 - 경복궁에서 마주한 특별한 시간,생과방 - 경복궁에서 마주한 특별한 시간,경복궁,체험,참여형,사전예약,2023,4,29,Saturday,토,1,봄,1,10:00,11:40,,1,1,1,0,1,0,0,1,0,1
2023-04-30,13,9회,324,2023년 경복궁 생과방 - 경복궁에서 마주한 특별한 시간,경복궁 생과방 - 경복궁에서 마주한 특별한 시간,생과방 - 경복궁에서 마주한 특별한 시간,경복궁,체험,참여형,사전예약,2023,4,30,Sunday,일,1,봄,1,10:00,11:40,,1,1,1,0,1,0,0,1,0,1
2023-05-01,13,9회,324,2023년 경복궁 생과방 - 경복궁에서 마주한 특별한 시간,경복궁 생과방 - 경복궁에서 마주한 특별한 시간,생과방 - 경복궁에서 마주한 특별한 시간,경복궁,체험,참여형,사전예약,2023,5,1,Monday,월,0,봄,1,10:00,11:40,,1,1,1,0,1,0,0,1,0,1
2023-05-02,13,9회,324,2023년 경복궁 생과방 - 경복궁에서 마주한 특별한 시간,경복궁 생과방 - 경복궁에서 마주한 특별한 시간,생과방 - 경복궁에서 마주한 특별한 시간,경복궁,체험,참여형,사전예약,2023,5,2,Tuesday,화,0,봄,1,10:00,11:40,,1,1,1,0,1,0,0,1,0,1
2023-05-03,13,9회,324,2023년 경복궁 생과방 - 경복궁에서 마주한 특별한 시간,경복궁 생과방 - 경복궁에서 마주한 특별한 시간,생과방 - 경복궁에서 마주한 특별한 시간,경복궁,체험,참여형,사전예약,2023,5,3,Wednesday,수,0,봄,1,10:00,11:40,,1,1,1,0,1,0,0,1,0,1
2023-05-04,13,9회,324,2023년 경복궁 생과방 - 경복궁에서 마주한 특별한 시간,경복궁 생과방 - 경복궁에서 마주한 특별한 시간,생과방 - 경복궁에서 마주한 특별한 시간,경복궁,체험,참여형,사전예약,2023,5,4,Thursday,목,0,봄,1,10:00,11:40,,1,1,1,0,1,0,0,1,0,1
2023-05-05,13,9회,324,2023년 경복궁 생과방 - 경복궁에서 마주한 특별한 시간,경복궁 생과방 - 경복궁에서 마주한 특별한 시간,생과방 - 경복궁에서 마주한 특별한 시간,경복궁,체험,참여형,사전예약,2023,5,5,Friday,금,0,봄,1,10:00,11:40,,1,1,1,0,1,0,0,1,0,1
2023-05-06,13,9회,324,2023년 경복궁 생과방 - 경복궁에서 마주한 특별한 시간,경복궁 생과방 - 경복궁에서 마주한 특별한 시간,생과방 - 경복궁에서 마주한 특별한 시간,경복궁,체험,참여형,사전예약,2023,5,6,Saturday,토,1,봄,1,10:00,11:40,,1,1,1,0,1,0,0,1,0,1
2023-05-07,13,9회,324,2023년 경복궁 생과방 - 경복궁에서 마주한 특별한 시간,경복궁 생과방 - 경복궁에서 마주한 특별한 시간,생과방 - 경복궁에서 마주한 특별한 시간,경복궁,체험,참여형,사전예약,2023,5,7,Sunday,일,1,봄,1,10:00,11:40,,1,1,1,0,1,0,0,1,0,1
2023-04-28,13,9회,322,2023년 궁중문화축전 개막제,개막제,개막제,경복궁,공식행사,행사형,사전예약,2023,4,28,Friday,금,0,봄,1,19:30,21:00,,0,1,0,1,1,0,0,1,1,1
2023-04-29,13,9회,321,궁중문화축전X신비아파트 프로모션,X신비아파트 프로모션,X신비아파트 프로모션,경복궁,체험,참여형,현장참여,2023,4,29,Saturday,토,1,봄,1,10:00,18:00,,0,1,0,0,0,0,0,0,0,1
2023-04-30,13,9회,321,궁중문화축전X신비아파트 프로모션,X신비아파트 프로모션,X신비아파트 프로모션,경복궁,체험,참여형,현장참여,2023,4,30,Sunday,일,1,봄,1,10:00,18:00,,0,1,0,0,0,0,0,0,0,1
2023-05-01,13,9회,321,궁중문화축전X신비아파트 프로모션,X신비아파트 프로모션,X신비아파트 프로모션,경복궁,체험,참여형,현장참여,2023,5,1,Monday,월,0,봄,1,10:00,18:00,,0,1,0,0,0,0,0,0,0,1
2023-05-02,13,9회,321,궁중문화축전X신비아파트 프로모션,X신비아파트 프로모션,X신비아파트 프로모션,경복궁,체험,참여형,현장참여,2023,5,2,Tuesday,화,0,봄,1,10:00,18:00,,0,1,0,0,0,0,0,0,0,1
2023-05-03,13,9회,321,궁중문화축전X신비아파트 프로모션,X신비아파트 프로모션,X신비아파트 프로모션,경복궁,체험,참여형,현장참여,2023,5,3,Wednesday,수,0,봄,1,10:00,18:00,,0,1,0,0,0,0,0,0,0,1
2023-05-04,13,9회,321,궁중문화축전X신비아파트 프로모션,X신비아파트 프로모션,X신비아파트 프로모션,경복궁,체험,참여형,현장참여,2023,5,4,Thursday,목,0,봄,1,10:00,18:00,,0,1,0,0,0,0,0,0,0,1
2023-05-05,13,9회,321,궁중문화축전X신비아파트 프로모션,X신비아파트 프로모션,X신비아파트 프로모션,경복궁,체험,참여형,현장참여,2023,5,5,Friday,금,0,봄,1,10:00,18:00,,0,1,0,0,0,0,0,0,0,1
2023-05-06,13,9회,321,궁중문화축전X신비아파트 프로모션,X신비아파트 프로모션,X신비아파트 프로모션,경복궁,체험,참여형,현장참여,2023,5,6,Saturday,토,1,봄,1,10:00,18:00,,0,1,0,0,0,0,0,0,0,1
2023-05-07,13,9회,321,궁중문화축전X신비아파트 프로모션,X신비아파트 프로모션,X신비아파트 프로모션,경복궁,체험,참여형,현장참여,2023,5,7,Sunday,일,1,봄,1,10:00,18:00,,0,1,0,0,0,0,0,0,0,1
2023-05-03,13,9회,318,궁중풍류,궁중풍류,궁중풍류,경복궁,공연,관람형,현장참여,2023,5,3,Wednesday,수,0,봄,1,11:00,15:00,,0,0,1,1,1,0,0,0,0,1
2023-05-04,13,9회,318,궁중풍류,궁중풍류,궁중풍류,경복궁,공연,관람형,현장참여,2023,5,4,Thursday,목,0,봄,1,11:00,15:00,,0,0,1,1,1,0,0,0,0,1
2023-05-05,13,9회,318,궁중풍류,궁중풍류,궁중풍류,경복궁,공연,관람형,현장참여,2023,5,5,Friday,금,0,봄,1,11:00,15:00,,0,0,1,1,1,0,0,0,0,1
2023-05-06,13,9회,318,궁중풍류,궁중풍류,궁중풍류,경복궁,공연,관람형,현장참여,2023,5,6,Saturday,토,1,봄,1,11:00,15:00,,0,0,1,1,1,0,0,0,0,1
2023-05-07,13,9회,318,궁중풍류,궁중풍류,궁중풍류,경복궁,공연,관람형,현장참여,2023,5,7,Sunday,일,1,봄,1,11:00,15:00,,0,0,1,1,1,0,0,0,0,1
2023-04-29,13,9회,313,궁궐 퍼레이드-경복궁,궁궐 퍼레이드-경복궁,궁궐 퍼레이드,경복궁,공연,관람형,현장참여,2023,4,29,Saturday,토,1,봄,1,11:00,14:30,,0,1,0,1,0,0,0,0,0,1
2023-05-05,13,9회,312,어린이 궁중문화축전,어린이 궁중문화축전,어린이 궁중문화축전,경복궁,체험,참여형,사전예약,2023,5,5,Friday,금,0,봄,1,11:00,17:00,,1,1,0,1,0,0,0,1,0,1
2023-05-06,13,9회,312,어린이 궁중문화축전,어린이 궁중문화축전,어린이 궁중문화축전,경복궁,체험,참여형,사전예약,2023,5,6,Saturday,토,1,봄,1,11:00,17:00,,1,1,0,1,0,0,0,1,0,1
2023-05-07,13,9회,312,어린이 궁중문화축전,어린이 궁중문화축전,어린이 궁중문화축전,경복궁,체험,참여형,사전예약,2023,5,7,Sunday,일,1,봄,1,11:00,17:00,,1,1,0,1,0,0,0,1,0,1
2023-04-29,13,9회,311,고궁뮤지컬-세종 1446,고궁뮤지컬-세종 1446,고궁뮤지컬-세종 1446,경복궁,공연,관람형,사전예약,2023,4,29,Saturday,토,1,봄,1,19:30,21:00,,0,1,0,1,1,0,0,1,1,1
2023-04-30,13,9회,311,고궁뮤지컬-세종 1446,고궁뮤지컬-세종 1446,고궁뮤지컬-세종 1446,경복궁,공연,관람형,사전예약,2023,4,30,Sunday,일,1,봄,1,19:30,21:00,,0,1,0,1,1,0,0,1,1,1
2023-05-01,13,9회,311,고궁뮤지컬-세종 1446,고궁뮤지컬-세종 1446,고궁뮤지컬-세종 1446,경복궁,공연,관람형,사전예약,2023,5,1,Monday,월,0,봄,1,19:30,21:00,,0,1,0,1,1,0,0,1,1,1
2023-05-02,13,9회,311,고궁뮤지컬-세종 1446,고궁뮤지컬-세종 1446,고궁뮤지컬-세종 1446,경복궁,공연,관람형,사전예약,2023,5,2,Tuesday,화,0,봄,1,19:30,21:00,,0,1,0,1,1,0,0,1,1,1
2023-10-13,13,9회,385,궁중놀이방(창경궁),궁중놀이방(창경궁),궁중놀이방(창경궁),경복궁,체험,참여형,현장참여,2023,10,13,Friday,금,0,가을,1,11:00,17:00,,0,0,0,0,0,0,0,0,1,1
2023-10-14,13,9회,385,궁중놀이방(창경궁),궁중놀이방(창경궁),궁중놀이방(창경궁),경복궁,체험,참여형,현장참여,2023,10,14,Saturday,토,1,가을,1,11:00,17:00,,0,0,0,0,0,0,0,0,1,1
2023-10-15,13,9회,385,궁중놀이방(창경궁),궁중놀이방(창경궁),궁중놀이방(창경궁),경복궁,체험,참여형,현장참여,2023,10,15,Sunday,일,1,가을,1,11:00,17:00,,0,0,0,0,0,0,0,0,1,1
2023-10-16,13,9회,385,궁중놀이방(창경궁),궁중놀이방(창경궁),궁중놀이방(창경궁),경복궁,체험,참여형,현장참여,2023,10,16,Monday,월,0,가을,1,11:00,17:00,,0,0,0,0,0,0,0,0,1,1
2023-10-17,13,9회,385,궁중놀이방(창경궁),궁중놀이방(창경궁),궁중놀이방(창경궁),경복궁,체험,참여형,현장참여,2023,10,17,Tuesday,화,0,가을,1,11:00,17:00,,0,0,0,0,0,0,0,0,1,1
2023-10-18,13,9회,385,궁중놀이방(창경궁),궁중놀이방(창경궁),궁중놀이방(창경궁),경복궁,체험,참여형,현장참여,2023,10,18,Wednesday,수,0,가을,1,11:00,17:00,,0,0,0,0,0,0,0,0,1,1
2022-10-01,9,8회,307,모두의 한복 (국가무형문화재 ‘한복생활’ 지정 기념행사),모두의 한복 (국가무형문화재 ‘한복생활’ 지정 기념행사),모두의 한복 (국가무형문화재 ‘한복생활’ 지정 기념행사),경복궁,공식행사,행사형,현장참여,2022,10,1,Saturday,토,1,가을,1,15:00,16:00,,0,1,0,0,0,0,1,0,0,0
2022-10-07,9,8회,306,2022년 세종학당 집현전 한국어 교실,세종학당 집현전 한국어 교실,세종학당 집현전 한국어 교실,경복궁,체험,참여형,사전예약,2022,10,7,Friday,금,0,가을,1,14:00,16:30,,0,0,0,0,0,0,0,1,0,0
2022-10-08,9,8회,306,2022년 세종학당 집현전 한국어 교실,세종학당 집현전 한국어 교실,세종학당 집현전 한국어 교실,경복궁,체험,참여형,사전예약,2022,10,8,Saturday,토,1,가을,1,14:00,16:30,,0,0,0,0,0,0,0,1,0,0
2022-10-09,9,8회,306,2022년 세종학당 집현전 한국어 교실,세종학당 집현전 한국어 교실,세종학당 집현전 한국어 교실,경복궁,체험,참여형,사전예약,2022,10,9,Sunday,일,1,가을,1,14:00,16:30,,0,0,0,0,0,0,0,1,0,0
2022-10-10,9,8회,306,2022년 세종학당 집현전 한국어 교실,세종학당 집현전 한국어 교실,세종학당 집현전 한국어 교실,경복궁,체험,참여형,사전예약,2022,10,10,Monday,월,0,가을,1,14:00,16:30,,0,0,0,0,0,0,0,1,0,0
2022-10-11,9,8회,306,2022년 세종학당 집현전 한국어 교실,세종학당 집현전 한국어 교실,세종학당 집현전 한국어 교실,경복궁,체험,참여형,사전예약,2022,10,11,Tuesday,화,0,가을,1,14:00,16:30,,0,0,0,0,0,0,0,1,0,0
2022-10-12,9,8회,306,2022년 세종학당 집현전 한국어 교실,세종학당 집현전 한국어 교실,세종학당 집현전 한국어 교실,경복궁,체험,참여형,사전예약,2022,10,12,Wednesday,수,0,가을,1,14:00,16:30,,0,0,0,0,0,0,0,1,0,0
2022-10-13,9,8회,306,2022년 세종학당 집현전 한국어 교실,세종학당 집현전 한국어 교실,세종학당 집현전 한국어 교실,경복궁,체험,참여형,사전예약,2022,10,13,Thursday,목,0,가을,1,14:00,16:30,,0,0,0,0,0,0,0,1,0,0
2022-10-14,9,8회,306,2022년 세종학당 집현전 한국어 교실,세종학당 집현전 한국어 교실,세종학당 집현전 한국어 교실,경복궁,체험,참여형,사전예약,2022,10,14,Friday,금,0,가을,1,14:00,16:30,,0,0,0,0,0,0,0,1,0,0
2022-10-15,9,8회,306,2022년 세종학당 집현전 한국어 교실,세종학당 집현전 한국어 교실,세종학당 집현전 한국어 교실,경복궁,체험,참여형,사전예약,2022,10,15,Saturday,토,1,가을,1,14:00,16:30,,0,0,0,0,0,0,0,1,0,0
2022-10-16,9,8회,306,2022년 세종학당 집현전 한국어 교실,세종학당 집현전 한국어 교실,세종학당 집현전 한국어 교실,경복궁,체험,참여형,사전예약,2022,10,16,Sunday,일,1,가을,1,14:00,16:30,,0,0,0,0,0,0,0,1,0,0
2022-10-17,9,8회,306,2022년 세종학당 집현전 한국어 교실,세종학당 집현전 한국어 교실,세종학당 집현전 한국어 교실,경복궁,체험,참여형,사전예약,2022,10,17,Monday,월,0,가을,1,14:00,16:30,,0,0,0,0,0,0,0,1,0,0
2022-10-18,9,8회,306,2022년 세종학당 집현전 한국어 교실,세종학당 집현전 한국어 교실,세종학당 집현전 한국어 교실,경복궁,체험,참여형,사전예약,2022,10,18,Tuesday,화,0,가을,1,14:00,16:30,,0,0,0,0,0,0,0,1,0,0
2022-10-19,9,8회,306,2022년 세종학당 집현전 한국어 교실,세종학당 집현전 한국어 교실,세종학당 집현전 한국어 교실,경복궁,체험,참여형,사전예약,2022,10,19,Wednesday,수,0,가을,1,14:00,16:30,,0,0,0,0,0,0,0,1,0,0
2022-10-20,9,8회,306,2022년 세종학당 집현전 한국어 교실,세종학당 집현전 한국어 교실,세종학당 집현전 한국어 교실,경복궁,체험,참여형,사전예약,2022,10,20,Thursday,목,0,가을,1,14:00,16:30,,0,0,0,0,0,0,0,1,0,0
2022-10-21,9,8회,306,2022년 세종학당 집현전 한국어 교실,세종학당 집현전 한국어 교실,세종학당 집현전 한국어 교실,경복궁,체험,참여형,사전예약,2022,10,21,Friday,금,0,가을,1,14:00,16:30,,0,0,0,0,0,0,0,1,0,0
2022-10-01,9,8회,304,만들어보자궁(宮),만들어보자궁(宮),만들어보자궁(宮),경복궁,체험,참여형,현장참여,2022,10,1,Saturday,토,1,가을,1,10:00,20:30,,0,1,0,0,0,0,0,0,0,0
2022-10-02,9,8회,304,만들어보자궁(宮),만들어보자궁(宮),만들어보자궁(宮),경복궁,체험,참여형,현장참여,2022,10,2,Sunday,일,1,가을,1,10:00,20:30,,0,1,0,0,0,0,0,0,0,0
2022-10-03,9,8회,304,만들어보자궁(宮),만들어보자궁(宮),만들어보자궁(宮),경복궁,체험,참여형,현장참여,2022,10,3,Monday,월,0,가을,1,10:00,20:30,,0,1,0,0,0,0,0,0,0,0
2022-10-04,9,8회,304,만들어보자궁(宮),만들어보자궁(宮),만들어보자궁(宮),경복궁,체험,참여형,현장참여,2022,10,4,Tuesday,화,0,가을,1,10:00,20:30,,0,1,0,0,0,0,0,0,0,0
2022-10-05,9,8회,304,만들어보자궁(宮),만들어보자궁(宮),만들어보자궁(宮),경복궁,체험,참여형,현장참여,2022,10,5,Wednesday,수,0,가을,1,10:00,20:30,,0,1,0,0,0,0,0,0,0,0
2022-10-06,9,8회,304,만들어보자궁(宮),만들어보자궁(宮),만들어보자궁(宮),경복궁,체험,참여형,현장참여,2022,10,6,Thursday,목,0,가을,1,10:00,20:30,,0,1,0,0,0,0,0,0,0,0
2022-10-07,9,8회,304,만들어보자궁(宮),만들어보자궁(宮),만들어보자궁(宮),경복궁,체험,참여형,현장참여,2022,10,7,Friday,금,0,가을,1,10:00,20:30,,0,1,0,0,0,0,0,0,0,0
2022-10-08,9,8회,304,만들어보자궁(宮),만들어보자궁(宮),만들어보자궁(宮),경복궁,체험,참여형,현장참여,2022,10,8,Saturday,토,1,가을,1,10:00,20:30,,0,1,0,0,0,0,0,0,0,0
2022-10-09,9,8회,304,만들어보자궁(宮),만들어보자궁(宮),만들어보자궁(宮),경복궁,체험,참여형,현장참여,2022,10,9,Sunday,일,1,가을,1,10:00,20:30,,0,1,0,0,0,0,0,0,0,0
2022-10-05,9,8회,302,무형문화재 이수자 지원 공연,무형문화재 이수자 지원 공연,무형문화재 이수자 지원 공연,경복궁,공연,관람형,현장참여,2022,10,5,Wednesday,수,0,가을,1,16:00,17:00,,0,0,0,1,0,0,0,0,0,0
2022-10-06,9,8회,302,무형문화재 이수자 지원 공연,무형문화재 이수자 지원 공연,무형문화재 이수자 지원 공연,경복궁,공연,관람형,현장참여,2022,10,6,Thursday,목,0,가을,1,16:00,17:00,,0,0,0,1,0,0,0,0,0,0
2022-10-02,9,8회,301,위대한 유산,위대한 유산,위대한 유산,경복궁,공연,관람형,현장참여,2022,10,2,Sunday,일,1,가을,1,12:00,16:30,,0,0,0,1,0,0,0,0,0,0
2022-10-03,9,8회,301,위대한 유산,위대한 유산,위대한 유산,경복궁,공연,관람형,현장참여,2022,10,3,Monday,월,0,가을,1,12:00,16:30,,0,0,0,1,0,0,0,0,0,0
2022-10-04,9,8회,301,위대한 유산,위대한 유산,위대한 유산,경복궁,공연,관람형,현장참여,2022,10,4,Tuesday,화,0,가을,1,12:00,16:30,,0,0,0,1,0,0,0,0,0,0
2022-10-05,9,8회,301,위대한 유산,위대한 유산,위대한 유산,경복궁,공연,관람형,현장참여,2022,10,5,Wednesday,수,0,가을,1,12:00,16:30,,0,0,0,1,0,0,0,0,0,0
2022-10-06,9,8회,301,위대한 유산,위대한 유산,위대한 유산,경복궁,공연,관람형,현장참여,2022,10,6,Thursday,목,0,가을,1,12:00,16:30,,0,0,0,1,0,0,0,0,0,0
2022-10-07,9,8회,301,위대한 유산,위대한 유산,위대한 유산,경복궁,공연,관람형,현장참여,2022,10,7,Friday,금,0,가을,1,12:00,16:30,,0,0,0,1,0,0,0,0,0,0
2022-10-08,9,8회,301,위대한 유산,위대한 유산,위대한 유산,경복궁,공연,관람형,현장참여,2022,10,8,Saturday,토,1,가을,1,12:00,16:30,,0,0,0,1,0,0,0,0,0,0
2022-10-09,9,8회,301,위대한 유산,위대한 유산,위대한 유산,경복궁,공연,관람형,현장참여,2022,10,9,Sunday,일,1,가을,1,12:00,16:30,,0,0,0,1,0,0,0,0,0,0
2022-10-07,9,8회,299,"오, 케이 탈춤","오, 케이 탈춤","오, 케이 탈춤",경복궁,공연,관람형,현장참여,2022,10,7,Friday,금,0,가을,1,15:00,11:00,,0,0,0,1,0,0,0,0,0,0
2022-10-08,9,8회,299,"오, 케이 탈춤","오, 케이 탈춤","오, 케이 탈춤",경복궁,공연,관람형,현장참여,2022,10,8,Saturday,토,1,가을,1,15:00,11:00,,0,0,0,1,0,0,0,0,0,0
2022-10-09,9,8회,299,"오, 케이 탈춤","오, 케이 탈춤","오, 케이 탈춤",경복궁,공연,관람형,현장참여,2022,10,9,Sunday,일,1,가을,1,15:00,11:00,,0,0,0,1,0,0,0,0,0,0
2022-10-08,9,8회,297,청각장애인 대상 맞춤형 관람행사,청각장애인 대상 맞춤형 관람행사,청각장애인 대상 맞춤형 관람행사,경복궁,체험,참여형,현장참여,2022,10,8,Saturday,토,1,가을,1,13:00,17:30,,0,1,0,0,0,1,0,0,0,0
2022-10-01,9,8회,293,고궁책방(고궁책방-고종의 초대),고궁책방(고궁책방-고종의 초대),고궁책방(고궁책방-고종의 초대),경복궁,체험,참여형,사전예약,2022,10,1,Saturday,토,1,가을,1,10:00,16:00,,1,1,0,1,1,0,0,1,1,1
2022-10-02,9,8회,293,고궁책방(고궁책방-고종의 초대),고궁책방(고궁책방-고종의 초대),고궁책방(고궁책방-고종의 초대),경복궁,체험,참여형,사전예약,2022,10,2,Sunday,일,1,가을,1,10:00,16:00,,1,1,0,1,1,0,0,1,1,1
2022-10-03,9,8회,293,고궁책방(고궁책방-고종의 초대),고궁책방(고궁책방-고종의 초대),고궁책방(고궁책방-고종의 초대),경복궁,체험,참여형,사전예약,2022,10,3,Monday,월,0,가을,1,10:00,16:00,,1,1,0,1,1,0,0,1,1,1
2022-10-04,9,8회,293,고궁책방(고궁책방-고종의 초대),고궁책방(고궁책방-고종의 초대),고궁책방(고궁책방-고종의 초대),경복궁,체험,참여형,사전예약,2022,10,4,Tuesday,화,0,가을,1,10:00,16:00,,1,1,0,1,1,0,0,1,1,1
2022-10-05,9,8회,293,고궁책방(고궁책방-고종의 초대),고궁책방(고궁책방-고종의 초대),고궁책방(고궁책방-고종의 초대),경복궁,체험,참여형,사전예약,2022,10,5,Wednesday,수,0,가을,1,10:00,16:00,,1,1,0,1,1,0,0,1,1,1
2022-10-06,9,8회,293,고궁책방(고궁책방-고종의 초대),고궁책방(고궁책방-고종의 초대),고궁책방(고궁책방-고종의 초대),경복궁,체험,참여형,사전예약,2022,10,6,Thursday,목,0,가을,1,10:00,16:00,,1,1,0,1,1,0,0,1,1,1
2022-10-07,9,8회,293,고궁책방(고궁책방-고종의 초대),고궁책방(고궁책방-고종의 초대),고궁책방(고궁책방-고종의 초대),경복궁,체험,참여형,사전예약,2022,10,7,Friday,금,0,가을,1,10:00,16:00,,1,1,0,1,1,0,0,1,1,1
2022-10-08,9,8회,293,고궁책방(고궁책방-고종의 초대),고궁책방(고궁책방-고종의 초대),고궁책방(고궁책방-고종의 초대),경복궁,체험,참여형,사전예약,2022,10,8,Saturday,토,1,가을,1,10:00,16:00,,1,1,0,1,1,0,0,1,1,1
2022-10-09,9,8회,293,고궁책방(고궁책방-고종의 초대),고궁책방(고궁책방-고종의 초대),고궁책방(고궁책방-고종의 초대),경복궁,체험,참여형,사전예약,2022,10,9,Sunday,일,1,가을,1,10:00,16:00,,1,1,0,1,1,0,0,1,1,1
2022-10-10,9,8회,293,고궁책방(고궁책방-고종의 초대),고궁책방(고궁책방-고종의 초대),고궁책방(고궁책방-고종의 초대),경복궁,체험,참여형,사전예약,2022,10,10,Monday,월,0,가을,1,10:00,16:00,,1,1,0,1,1,0,0,1,1,1
2022-10-01,9,8회,292,수라간 시식공감,수라간 시식공감,수라간 시식공감,경복궁,체험,참여형,사전예약,2022,10,1,Saturday,토,1,가을,1,18:00,21:00,,0,0,1,1,1,0,0,1,1,1
2022-10-02,9,8회,292,수라간 시식공감,수라간 시식공감,수라간 시식공감,경복궁,체험,참여형,사전예약,2022,10,2,Sunday,일,1,가을,1,18:00,21:00,,0,0,1,1,1,0,0,1,1,1
2022-10-03,9,8회,292,수라간 시식공감,수라간 시식공감,수라간 시식공감,경복궁,체험,참여형,사전예약,2022,10,3,Monday,월,0,가을,1,18:00,21:00,,0,0,1,1,1,0,0,1,1,1
2022-10-04,9,8회,292,수라간 시식공감,수라간 시식공감,수라간 시식공감,경복궁,체험,참여형,사전예약,2022,10,4,Tuesday,화,0,가을,1,18:00,21:00,,0,0,1,1,1,0,0,1,1,1
2022-10-05,9,8회,292,수라간 시식공감,수라간 시식공감,수라간 시식공감,경복궁,체험,참여형,사전예약,2022,10,5,Wednesday,수,0,가을,1,18:00,21:00,,0,0,1,1,1,0,0,1,1,1
2022-10-06,9,8회,292,수라간 시식공감,수라간 시식공감,수라간 시식공감,경복궁,체험,참여형,사전예약,2022,10,6,Thursday,목,0,가을,1,18:00,21:00,,0,0,1,1,1,0,0,1,1,1
2022-10-07,9,8회,292,수라간 시식공감,수라간 시식공감,수라간 시식공감,경복궁,체험,참여형,사전예약,2022,10,7,Friday,금,0,가을,1,18:00,21:00,,0,0,1,1,1,0,0,1,1,1
2022-10-08,9,8회,292,수라간 시식공감,수라간 시식공감,수라간 시식공감,경복궁,체험,참여형,사전예약,2022,10,8,Saturday,토,1,가을,1,18:00,21:00,,0,0,1,1,1,0,0,1,1,1
2022-10-09,9,8회,292,수라간 시식공감,수라간 시식공감,수라간 시식공감,경복궁,체험,참여형,사전예약,2022,10,9,Sunday,일,1,가을,1,18:00,21:00,,0,0,1,1,1,0,0,1,1,1
2022-10-10,9,8회,292,수라간 시식공감,수라간 시식공감,수라간 시식공감,경복궁,체험,참여형,사전예약,2022,10,10,Monday,월,0,가을,1,18:00,21:00,,0,0,1,1,1,0,0,1,1,1
2022-10-11,9,8회,292,수라간 시식공감,수라간 시식공감,수라간 시식공감,경복궁,체험,참여형,사전예약,2022,10,11,Tuesday,화,0,가을,1,18:00,21:00,,0,0,1,1,1,0,0,1,1,1
2022-10-12,9,8회,292,수라간 시식공감,수라간 시식공감,수라간 시식공감,경복궁,체험,참여형,사전예약,2022,10,12,Wednesday,수,0,가을,1,18:00,21:00,,0,0,1,1,1,0,0,1,1,1
2022-10-13,9,8회,292,수라간 시식공감,수라간 시식공감,수라간 시식공감,경복궁,체험,참여형,사전예약,2022,10,13,Thursday,목,0,가을,1,18:00,21:00,,0,0,1,1,1,0,0,1,1,1
2022-10-14,9,8회,292,수라간 시식공감,수라간 시식공감,수라간 시식공감,경복궁,체험,참여형,사전예약,2022,10,14,Friday,금,0,가을,1,18:00,21:00,,0,0,1,1,1,0,0,1,1,1
2022-10-15,9,8회,292,수라간 시식공감,수라간 시식공감,수라간 시식공감,경복궁,체험,참여형,사전예약,2022,10,15,Saturday,토,1,가을,1,18:00,21:00,,0,0,1,1,1,0,0,1,1,1
2022-10-16,9,8회,292,수라간 시식공감,수라간 시식공감,수라간 시식공감,경복궁,체험,참여형,사전예약,2022,10,16,Sunday,일,1,가을,1,18:00,21:00,,0,0,1,1,1,0,0,1,1,1
2022-10-01,9,8회,291,아티스트가 사랑한 궁(경회루 특별관람 연계),아티스트가 사랑한 궁(경회루 특별관람 연계),아티스트가 사랑한 궁(경회루 특별관람 연계),경복궁,공연,관람형,사전예약,2022,10,1,Saturday,토,1,가을,1,10:00,16:00,,1,1,0,1,1,1,0,1,1,0
2022-10-02,9,8회,291,아티스트가 사랑한 궁(경회루 특별관람 연계),아티스트가 사랑한 궁(경회루 특별관람 연계),아티스트가 사랑한 궁(경회루 특별관람 연계),경복궁,공연,관람형,사전예약,2022,10,2,Sunday,일,1,가을,1,10:00,16:00,,1,1,0,1,1,1,0,1,1,0
2022-10-03,9,8회,291,아티스트가 사랑한 궁(경회루 특별관람 연계),아티스트가 사랑한 궁(경회루 특별관람 연계),아티스트가 사랑한 궁(경회루 특별관람 연계),경복궁,공연,관람형,사전예약,2022,10,3,Monday,월,0,가을,1,10:00,16:00,,1,1,0,1,1,1,0,1,1,0
2022-10-04,9,8회,291,아티스트가 사랑한 궁(경회루 특별관람 연계),아티스트가 사랑한 궁(경회루 특별관람 연계),아티스트가 사랑한 궁(경회루 특별관람 연계),경복궁,공연,관람형,사전예약,2022,10,4,Tuesday,화,0,가을,1,10:00,16:00,,1,1,0,1,1,1,0,1,1,0
2022-10-05,9,8회,291,아티스트가 사랑한 궁(경회루 특별관람 연계),아티스트가 사랑한 궁(경회루 특별관람 연계),아티스트가 사랑한 궁(경회루 특별관람 연계),경복궁,공연,관람형,사전예약,2022,10,5,Wednesday,수,0,가을,1,10:00,16:00,,1,1,0,1,1,1,0,1,1,0
2022-10-06,9,8회,291,아티스트가 사랑한 궁(경회루 특별관람 연계),아티스트가 사랑한 궁(경회루 특별관람 연계),아티스트가 사랑한 궁(경회루 특별관람 연계),경복궁,공연,관람형,사전예약,2022,10,6,Thursday,목,0,가을,1,10:00,16:00,,1,1,0,1,1,1,0,1,1,0
2022-10-07,9,8회,291,아티스트가 사랑한 궁(경회루 특별관람 연계),아티스트가 사랑한 궁(경회루 특별관람 연계),아티스트가 사랑한 궁(경회루 특별관람 연계),경복궁,공연,관람형,사전예약,2022,10,7,Friday,금,0,가을,1,10:00,16:00,,1,1,0,1,1,1,0,1,1,0
2022-10-08,9,8회,291,아티스트가 사랑한 궁(경회루 특별관람 연계),아티스트가 사랑한 궁(경회루 특별관람 연계),아티스트가 사랑한 궁(경회루 특별관람 연계),경복궁,공연,관람형,사전예약,2022,10,8,Saturday,토,1,가을,1,10:00,16:00,,1,1,0,1,1,1,0,1,1,0
2022-10-09,9,8회,291,아티스트가 사랑한 궁(경회루 특별관람 연계),아티스트가 사랑한 궁(경회루 특별관람 연계),아티스트가 사랑한 궁(경회루 특별관람 연계),경복궁,공연,관람형,사전예약,2022,10,9,Sunday,일,1,가을,1,10:00,16:00,,1,1,0,1,1,1,0,1,1,0
2022-10-01,9,8회,290,고궁음악회 - 발레x수제천,고궁음악회 - 발레x수제천,고궁음악회 - 발레x수제천,경복궁,공연,관람형,사전예약,2022,10,1,Saturday,토,1,가을,1,19:00,20:00,,0,0,0,1,1,0,0,1,0,1
2022-10-02,9,8회,290,고궁음악회 - 발레x수제천,고궁음악회 - 발레x수제천,고궁음악회 - 발레x수제천,경복궁,공연,관람형,사전예약,2022,10,2,Sunday,일,1,가을,1,19:00,20:00,,0,0,0,1,1,0,0,1,0,1
2022-10-01,9,8회,288,어린이 궁중문화축전,어린이 궁중문화축전,어린이 궁중문화축전,경복궁,체험,참여형,현장참여,2022,10,1,Saturday,토,1,가을,1,10:00,17:00,,1,1,0,0,0,0,0,1,1,0
2022-10-02,9,8회,288,어린이 궁중문화축전,어린이 궁중문화축전,어린이 궁중문화축전,경복궁,체험,참여형,현장참여,2022,10,2,Sunday,일,1,가을,1,10:00,17:00,,1,1,0,0,0,0,0,1,1,0
2022-10-03,9,8회,288,어린이 궁중문화축전,어린이 궁중문화축전,어린이 궁중문화축전,경복궁,체험,참여형,현장참여,2022,10,3,Monday,월,0,가을,1,10:00,17:00,,1,1,0,0,0,0,0,1,1,0
2022-10-04,9,8회,287,정오의 궁산책,정오의 궁산책,정오의 궁산책,경복궁,공식행사,행사형,현장참여,2022,10,4,Tuesday,화,0,가을,1,12:00,13:00,,0,0,0,1,0,1,0,0,0,0
2022-10-05,9,8회,287,정오의 궁산책,정오의 궁산책,정오의 궁산책,경복궁,공식행사,행사형,현장참여,2022,10,5,Wednesday,수,0,가을,1,12:00,13:00,,0,0,0,1,0,1,0,0,0,0
2022-10-06,9,8회,287,정오의 궁산책,정오의 궁산책,정오의 궁산책,경복궁,공식행사,행사형,현장참여,2022,10,6,Thursday,목,0,가을,1,12:00,13:00,,0,0,0,1,0,1,0,0,0,0
2022-10-07,9,8회,287,정오의 궁산책,정오의 궁산책,정오의 궁산책,경복궁,공식행사,행사형,현장참여,2022,10,7,Friday,금,0,가을,1,12:00,13:00,,0,0,0,1,0,1,0,0,0,0
2022-10-01,9,8회,284,사방신을 찾아라,사방신을 찾아라,사방신을 찾아라,경복궁,체험,참여형,현장참여,2022,10,1,Saturday,토,1,가을,1,11:00,16:00,,1,0,0,0,0,0,0,0,0,0
2022-10-02,9,8회,284,사방신을 찾아라,사방신을 찾아라,사방신을 찾아라,경복궁,체험,참여형,현장참여,2022,10,2,Sunday,일,1,가을,1,11:00,16:00,,1,0,0,0,0,0,0,0,0,0
2022-10-03,9,8회,284,사방신을 찾아라,사방신을 찾아라,사방신을 찾아라,경복궁,체험,참여형,현장참여,2022,10,3,Monday,월,0,가을,1,11:00,16:00,,1,0,0,0,0,0,0,0,0,0
2022-10-04,9,8회,284,사방신을 찾아라,사방신을 찾아라,사방신을 찾아라,경복궁,체험,참여형,현장참여,2022,10,4,Tuesday,화,0,가을,1,11:00,16:00,,1,0,0,0,0,0,0,0,0,0
2022-10-05,9,8회,284,사방신을 찾아라,사방신을 찾아라,사방신을 찾아라,경복궁,체험,참여형,현장참여,2022,10,5,Wednesday,수,0,가을,1,11:00,16:00,,1,0,0,0,0,0,0,0,0,0
2022-10-06,9,8회,284,사방신을 찾아라,사방신을 찾아라,사방신을 찾아라,경복궁,체험,참여형,현장참여,2022,10,6,Thursday,목,0,가을,1,11:00,16:00,,1,0,0,0,0,0,0,0,0,0
2022-10-07,9,8회,284,사방신을 찾아라,사방신을 찾아라,사방신을 찾아라,경복궁,체험,참여형,현장참여,2022,10,7,Friday,금,0,가을,1,11:00,16:00,,1,0,0,0,0,0,0,0,0,0
2022-10-08,9,8회,284,사방신을 찾아라,사방신을 찾아라,사방신을 찾아라,경복궁,체험,참여형,현장참여,2022,10,8,Saturday,토,1,가을,1,11:00,16:00,,1,0,0,0,0,0,0,0,0,0
2022-10-09,9,8회,284,사방신을 찾아라,사방신을 찾아라,사방신을 찾아라,경복궁,체험,참여형,현장참여,2022,10,9,Sunday,일,1,가을,1,11:00,16:00,,1,0,0,0,0,0,0,0,0,0
2022-10-01,9,8회,283,궁중놀이방,궁중놀이방,궁중놀이방,경복궁,체험,참여형,현장참여,2022,10,1,Saturday,토,1,가을,1,10:00,17:00,,0,0,0,0,0,0,0,0,1,0
2022-10-02,9,8회,283,궁중놀이방,궁중놀이방,궁중놀이방,경복궁,체험,참여형,현장참여,2022,10,2,Sunday,일,1,가을,1,10:00,17:00,,0,0,0,0,0,0,0,0,1,0
2022-10-03,9,8회,283,궁중놀이방,궁중놀이방,궁중놀이방,경복궁,체험,참여형,현장참여,2022,10,3,Monday,월,0,가을,1,10:00,17:00,,0,0,0,0,0,0,0,0,1,0
2022-10-04,9,8회,283,궁중놀이방,궁중놀이방,궁중놀이방,경복궁,체험,참여형,현장참여,2022,10,4,Tuesday,화,0,가을,1,10:00,17:00,,0,0,0,0,0,0,0,0,1,0
2022-10-05,9,8회,283,궁중놀이방,궁중놀이방,궁중놀이방,경복궁,체험,참여형,현장참여,2022,10,5,Wednesday,수,0,가을,1,10:00,17:00,,0,0,0,0,0,0,0,0,1,0
2022-10-06,9,8회,283,궁중놀이방,궁중놀이방,궁중놀이방,경복궁,체험,참여형,현장참여,2022,10,6,Thursday,목,0,가을,1,10:00,17:00,,0,0,0,0,0,0,0,0,1,0
2022-10-07,9,8회,283,궁중놀이방,궁중놀이방,궁중놀이방,경복궁,체험,참여형,현장참여,2022,10,7,Friday,금,0,가을,1,10:00,17:00,,0,0,0,0,0,0,0,0,1,0
2022-10-08,9,8회,283,궁중놀이방,궁중놀이방,궁중놀이방,경복궁,체험,참여형,현장참여,2022,10,8,Saturday,토,1,가을,1,10:00,17:00,,0,0,0,0,0,0,0,0,1,0
2022-10-09,9,8회,283,궁중놀이방,궁중놀이방,궁중놀이방,경복궁,체험,참여형,현장참여,2022,10,9,Sunday,일,1,가을,1,10:00,17:00,,0,0,0,0,0,0,0,0,1,0
2022-10-01,9,8회,274,"심쿵쉼궁 - 궁을 읽다, 보다, 느끼다","심쿵쉼궁 - 궁을 읽다, 보다, 느끼다","심쿵쉼궁 - 궁을 읽다, 보다, 느끼다",경복궁,공식행사,행사형,현장참여,2022,10,1,Saturday,토,1,가을,1,10:00,17:00,,0,0,0,0,0,0,0,0,0,1
2022-10-02,9,8회,274,"심쿵쉼궁 - 궁을 읽다, 보다, 느끼다","심쿵쉼궁 - 궁을 읽다, 보다, 느끼다","심쿵쉼궁 - 궁을 읽다, 보다, 느끼다",경복궁,공식행사,행사형,현장참여,2022,10,2,Sunday,일,1,가을,1,10:00,17:00,,0,0,0,0,0,0,0,0,0,1
2022-10-03,9,8회,274,"심쿵쉼궁 - 궁을 읽다, 보다, 느끼다","심쿵쉼궁 - 궁을 읽다, 보다, 느끼다","심쿵쉼궁 - 궁을 읽다, 보다, 느끼다",경복궁,공식행사,행사형,현장참여,2022,10,3,Monday,월,0,가을,1,10:00,17:00,,0,0,0,0,0,0,0,0,0,1
2022-10-04,9,8회,274,"심쿵쉼궁 - 궁을 읽다, 보다, 느끼다","심쿵쉼궁 - 궁을 읽다, 보다, 느끼다","심쿵쉼궁 - 궁을 읽다, 보다, 느끼다",경복궁,공식행사,행사형,현장참여,2022,10,4,Tuesday,화,0,가을,1,10:00,17:00,,0,0,0,0,0,0,0,0,0,1
2022-10-05,9,8회,274,"심쿵쉼궁 - 궁을 읽다, 보다, 느끼다","심쿵쉼궁 - 궁을 읽다, 보다, 느끼다","심쿵쉼궁 - 궁을 읽다, 보다, 느끼다",경복궁,공식행사,행사형,현장참여,2022,10,5,Wednesday,수,0,가을,1,10:00,17:00,,0,0,0,0,0,0,0,0,0,1
2022-10-06,9,8회,274,"심쿵쉼궁 - 궁을 읽다, 보다, 느끼다","심쿵쉼궁 - 궁을 읽다, 보다, 느끼다","심쿵쉼궁 - 궁을 읽다, 보다, 느끼다",경복궁,공식행사,행사형,현장참여,2022,10,6,Thursday,목,0,가을,1,10:00,17:00,,0,0,0,0,0,0,0,0,0,1
2022-10-07,9,8회,274,"심쿵쉼궁 - 궁을 읽다, 보다, 느끼다","심쿵쉼궁 - 궁을 읽다, 보다, 느끼다","심쿵쉼궁 - 궁을 읽다, 보다, 느끼다",경복궁,공식행사,행사형,현장참여,2022,10,7,Friday,금,0,가을,1,10:00,17:00,,0,0,0,0,0,0,0,0,0,1
2022-10-08,9,8회,274,"심쿵쉼궁 - 궁을 읽다, 보다, 느끼다","심쿵쉼궁 - 궁을 읽다, 보다, 느끼다","심쿵쉼궁 - 궁을 읽다, 보다, 느끼다",경복궁,공식행사,행사형,현장참여,2022,10,8,Saturday,토,1,가을,1,10:00,17:00,,0,0,0,0,0,0,0,0,0,1
2022-10-09,9,8회,274,"심쿵쉼궁 - 궁을 읽다, 보다, 느끼다","심쿵쉼궁 - 궁을 읽다, 보다, 느끼다","심쿵쉼궁 - 궁을 읽다, 보다, 느끼다",경복궁,공식행사,행사형,현장참여,2022,10,9,Sunday,일,1,가을,1,10:00,17:00,,0,0,0,0,0,0,0,0,0,1
2022-10-08,9,8회,272,천하제일 쌍륙대전,천하제일 쌍륙대전,천하제일 쌍륙대전,경복궁,체험,참여형,사전예약,2022,10,8,Saturday,토,1,가을,1,13:00,17:00,,0,0,0,0,0,0,0,1,0,0
2022-10-09,9,8회,272,천하제일 쌍륙대전,천하제일 쌍륙대전,천하제일 쌍륙대전,경복궁,체험,참여형,사전예약,2022,10,9,Sunday,일,1,가을,1,13:00,17:00,,0,0,0,0,0,0,0,1,0,0
2022-05-04,9,8회,268,경복궁 타임스코프,경복궁 타임스코프,타임스코프,경복궁,체험,참여형,현장참여,2022,5,4,Wednesday,수,0,봄,1,10:00,17:00,,0,0,0,0,0,0,0,0,0,0
2022-05-05,9,8회,268,경복궁 타임스코프,경복궁 타임스코프,타임스코프,경복궁,체험,참여형,현장참여,2022,5,5,Thursday,목,0,봄,1,10:00,17:00,,0,0,0,0,0,0,0,0,0,0
2022-05-06,9,8회,268,경복궁 타임스코프,경복궁 타임스코프,타임스코프,경복궁,체험,참여형,현장참여,2022,5,6,Friday,금,0,봄,1,10:00,17:00,,0,0,0,0,0,0,0,0,0,0
2022-05-07,9,8회,268,경복궁 타임스코프,경복궁 타임스코프,타임스코프,경복궁,체험,참여형,현장참여,2022,5,7,Saturday,토,1,봄,1,10:00,17:00,,0,0,0,0,0,0,0,0,0,0
2022-05-08,9,8회,268,경복궁 타임스코프,경복궁 타임스코프,타임스코프,경복궁,체험,참여형,현장참여,2022,5,8,Sunday,일,1,봄,1,10:00,17:00,,0,0,0,0,0,0,0,0,0,0
2022-05-09,9,8회,268,경복궁 타임스코프,경복궁 타임스코프,타임스코프,경복궁,체험,참여형,현장참여,2022,5,9,Monday,월,0,봄,1,10:00,17:00,,0,0,0,0,0,0,0,0,0,0
2022-05-10,9,8회,268,경복궁 타임스코프,경복궁 타임스코프,타임스코프,경복궁,체험,참여형,현장참여,2022,5,10,Tuesday,화,0,봄,1,10:00,17:00,,0,0,0,0,0,0,0,0,0,0
2022-05-11,9,8회,268,경복궁 타임스코프,경복궁 타임스코프,타임스코프,경복궁,체험,참여형,현장참여,2022,5,11,Wednesday,수,0,봄,1,10:00,17:00,,0,0,0,0,0,0,0,0,0,0
2022-05-12,9,8회,268,경복궁 타임스코프,경복궁 타임스코프,타임스코프,경복궁,체험,참여형,현장참여,2022,5,12,Thursday,목,0,봄,1,10:00,17:00,,0,0,0,0,0,0,0,0,0,0
2022-05-13,9,8회,268,경복궁 타임스코프,경복궁 타임스코프,타임스코프,경복궁,체험,참여형,현장참여,2022,5,13,Friday,금,0,봄,1,10:00,17:00,,0,0,0,0,0,0,0,0,0,0
2022-05-14,9,8회,268,경복궁 타임스코프,경복궁 타임스코프,타임스코프,경복궁,체험,참여형,현장참여,2022,5,14,Saturday,토,1,봄,1,10:00,17:00,,0,0,0,0,0,0,0,0,0,0
2022-05-15,9,8회,268,경복궁 타임스코프,경복궁 타임스코프,타임스코프,경복궁,체험,참여형,현장참여,2022,5,15,Sunday,일,1,봄,1,10:00,17:00,,0,0,0,0,0,0,0,0,0,0
2022-05-16,9,8회,268,경복궁 타임스코프,경복궁 타임스코프,타임스코프,경복궁,체험,참여형,현장참여,2022,5,16,Monday,월,0,봄,1,10:00,17:00,,0,0,0,0,0,0,0,0,0,0
2022-05-17,9,8회,268,경복궁 타임스코프,경복궁 타임스코프,타임스코프,경복궁,체험,참여형,현장참여,2022,5,17,Tuesday,화,0,봄,1,10:00,17:00,,0,0,0,0,0,0,0,0,0,0
2022-05-18,9,8회,268,경복궁 타임스코프,경복궁 타임스코프,타임스코프,경복궁,체험,참여형,현장참여,2022,5,18,Wednesday,수,0,봄,1,10:00,17:00,,0,0,0,0,0,0,0,0,0,0
2022-05-19,9,8회,268,경복궁 타임스코프,경복궁 타임스코프,타임스코프,경복궁,체험,참여형,현장참여,2022,5,19,Thursday,목,0,봄,1,10:00,17:00,,0,0,0,0,0,0,0,0,0,0
2022-05-20,9,8회,268,경복궁 타임스코프,경복궁 타임스코프,타임스코프,경복궁,체험,참여형,현장참여,2022,5,20,Friday,금,0,봄,1,10:00,17:00,,0,0,0,0,0,0,0,0,0,0
2022-05-21,9,8회,268,경복궁 타임스코프,경복궁 타임스코프,타임스코프,경복궁,체험,참여형,현장참여,2022,5,21,Saturday,토,1,봄,1,10:00,17:00,,0,0,0,0,0,0,0,0,0,0
2022-05-22,9,8회,268,경복궁 타임스코프,경복궁 타임스코프,타임스코프,경복궁,체험,참여형,현장참여,2022,5,22,Sunday,일,1,봄,1,10:00,17:00,,0,0,0,0,0,0,0,0,0,0
2022-05-23,9,8회,268,경복궁 타임스코프,경복궁 타임스코프,타임스코프,경복궁,체험,참여형,현장참여,2022,5,23,Monday,월,0,봄,1,10:00,17:00,,0,0,0,0,0,0,0,0,0,0
2022-05-24,9,8회,268,경복궁 타임스코프,경복궁 타임스코프,타임스코프,경복궁,체험,참여형,현장참여,2022,5,24,Tuesday,화,0,봄,1,10:00,17:00,,0,0,0,0,0,0,0,0,0,0
2022-05-25,9,8회,268,경복궁 타임스코프,경복궁 타임스코프,타임스코프,경복궁,체험,참여형,현장참여,2022,5,25,Wednesday,수,0,봄,1,10:00,17:00,,0,0,0,0,0,0,0,0,0,0
2022-05-26,9,8회,268,경복궁 타임스코프,경복궁 타임스코프,타임스코프,경복궁,체험,참여형,현장참여,2022,5,26,Thursday,목,0,봄,1,10:00,17:00,,0,0,0,0,0,0,0,0,0,0
2022-05-27,9,8회,268,경복궁 타임스코프,경복궁 타임스코프,타임스코프,경복궁,체험,참여형,현장참여,2022,5,27,Friday,금,0,봄,1,10:00,17:00,,0,0,0,0,0,0,0,0,0,0
2022-05-28,9,8회,268,경복궁 타임스코프,경복궁 타임스코프,타임스코프,경복궁,체험,참여형,현장참여,2022,5,28,Saturday,토,1,봄,1,10:00,17:00,,0,0,0,0,0,0,0,0,0,0
2022-05-29,9,8회,268,경복궁 타임스코프,경복궁 타임스코프,타임스코프,경복궁,체험,참여형,현장참여,2022,5,29,Sunday,일,1,봄,1,10:00,17:00,,0,0,0,0,0,0,0,0,0,0
2022-05-30,9,8회,268,경복궁 타임스코프,경복궁 타임스코프,타임스코프,경복궁,체험,참여형,현장참여,2022,5,30,Monday,월,0,봄,1,10:00,17:00,,0,0,0,0,0,0,0,0,0,0
2022-05-31,9,8회,268,경복궁 타임스코프,경복궁 타임스코프,타임스코프,경복궁,체험,참여형,현장참여,2022,5,31,Tuesday,화,0,봄,1,10:00,17:00,,0,0,0,0,0,0,0,0,0,0
2022-06-01,9,8회,268,경복궁 타임스코프,경복궁 타임스코프,타임스코프,경복궁,체험,참여형,현장참여,2022,6,1,Wednesday,수,0,봄,1,10:00,17:00,,0,0,0,0,0,0,0,0,0,0
2022-06-02,9,8회,268,경복궁 타임스코프,경복궁 타임스코프,타임스코프,경복궁,체험,참여형,현장참여,2022,6,2,Thursday,목,0,봄,1,10:00,17:00,,0,0,0,0,0,0,0,0,0,0
2022-06-03,9,8회,268,경복궁 타임스코프,경복궁 타임스코프,타임스코프,경복궁,체험,참여형,현장참여,2022,6,3,Friday,금,0,봄,1,10:00,17:00,,0,0,0,0,0,0,0,0,0,0
2022-06-04,9,8회,268,경복궁 타임스코프,경복궁 타임스코프,타임스코프,경복궁,체험,참여형,현장참여,2022,6,4,Saturday,토,1,봄,1,10:00,17:00,,0,0,0,0,0,0,0,0,0,0
2022-06-05,9,8회,268,경복궁 타임스코프,경복궁 타임스코프,타임스코프,경복궁,체험,참여형,현장참여,2022,6,5,Sunday,일,1,봄,1,10:00,17:00,,0,0,0,0,0,0,0,0,0,0
2022-06-06,9,8회,268,경복궁 타임스코프,경복궁 타임스코프,타임스코프,경복궁,체험,참여형,현장참여,2022,6,6,Monday,월,0,봄,1,10:00,17:00,,0,0,0,0,0,0,0,0,0,0
2022-06-07,9,8회,268,경복궁 타임스코프,경복궁 타임스코프,타임스코프,경복궁,체험,참여형,현장참여,2022,6,7,Tuesday,화,0,봄,1,10:00,17:00,,0,0,0,0,0,0,0,0,0,0
2022-06-08,9,8회,268,경복궁 타임스코프,경복궁 타임스코프,타임스코프,경복궁,체험,참여형,현장참여,2022,6,8,Wednesday,수,0,봄,1,10:00,17:00,,0,0,0,0,0,0,0,0,0,0
2022-06-09,9,8회,268,경복궁 타임스코프,경복궁 타임스코프,타임스코프,경복궁,체험,참여형,현장참여,2022,6,9,Thursday,목,0,봄,1,10:00,17:00,,0,0,0,0,0,0,0,0,0,0
2022-06-10,9,8회,268,경복궁 타임스코프,경복궁 타임스코프,타임스코프,경복궁,체험,참여형,현장참여,2022,6,10,Friday,금,0,봄,1,10:00,17:00,,0,0,0,0,0,0,0,0,0,0
2022-06-11,9,8회,268,경복궁 타임스코프,경복궁 타임스코프,타임스코프,경복궁,체험,참여형,현장참여,2022,6,11,Saturday,토,1,봄,1,10:00,17:00,,0,0,0,0,0,0,0,0,0,0
2022-06-12,9,8회,268,경복궁 타임스코프,경복궁 타임스코프,타임스코프,경복궁,체험,참여형,현장참여,2022,6,12,Sunday,일,1,봄,1,10:00,17:00,,0,0,0,0,0,0,0,0,0,0
2022-06-13,9,8회,268,경복궁 타임스코프,경복궁 타임스코프,타임스코프,경복궁,체험,참여형,현장참여,2022,6,13,Monday,월,0,봄,1,10:00,17:00,,0,0,0,0,0,0,0,0,0,0
2022-06-14,9,8회,268,경복궁 타임스코프,경복궁 타임스코프,타임스코프,경복궁,체험,참여형,현장참여,2022,6,14,Tuesday,화,0,봄,1,10:00,17:00,,0,0,0,0,0,0,0,0,0,0
2022-06-15,9,8회,268,경복궁 타임스코프,경복궁 타임스코프,타임스코프,경복궁,체험,참여형,현장참여,2022,6,15,Wednesday,수,0,봄,1,10:00,17:00,,0,0,0,0,0,0,0,0,0,0
2022-06-16,9,8회,268,경복궁 타임스코프,경복궁 타임스코프,타임스코프,경복궁,체험,참여형,현장참여,2022,6,16,Thursday,목,0,봄,1,10:00,17:00,,0,0,0,0,0,0,0,0,0,0
2022-06-17,9,8회,268,경복궁 타임스코프,경복궁 타임스코프,타임스코프,경복궁,체험,참여형,현장참여,2022,6,17,Friday,금,0,봄,1,10:00,17:00,,0,0,0,0,0,0,0,0,0,0
2022-06-18,9,8회,268,경복궁 타임스코프,경복궁 타임스코프,타임스코프,경복궁,체험,참여형,현장참여,2022,6,18,Saturday,토,1,봄,1,10:00,17:00,,0,0,0,0,0,0,0,0,0,0
2022-06-19,9,8회,268,경복궁 타임스코프,경복궁 타임스코프,타임스코프,경복궁,체험,참여형,현장참여,2022,6,19,Sunday,일,1,봄,1,10:00,17:00,,0,0,0,0,0,0,0,0,0,0
2022-06-20,9,8회,268,경복궁 타임스코프,경복궁 타임스코프,타임스코프,경복궁,체험,참여형,현장참여,2022,6,20,Monday,월,0,봄,1,10:00,17:00,,0,0,0,0,0,0,0,0,0,0
2022-06-21,9,8회,268,경복궁 타임스코프,경복궁 타임스코프,타임스코프,경복궁,체험,참여형,현장참여,2022,6,21,Tuesday,화,0,봄,1,10:00,17:00,,0,0,0,0,0,0,0,0,0,0
2022-06-22,9,8회,268,경복궁 타임스코프,경복궁 타임스코프,타임스코프,경복궁,체험,참여형,현장참여,2022,6,22,Wednesday,수,0,봄,1,10:00,17:00,,0,0,0,0,0,0,0,0,0,0
2022-06-23,9,8회,268,경복궁 타임스코프,경복궁 타임스코프,타임스코프,경복궁,체험,참여형,현장참여,2022,6,23,Thursday,목,0,봄,1,10:00,17:00,,0,0,0,0,0,0,0,0,0,0
2022-06-24,9,8회,268,경복궁 타임스코프,경복궁 타임스코프,타임스코프,경복궁,체험,참여형,현장참여,2022,6,24,Friday,금,0,봄,1,10:00,17:00,,0,0,0,0,0,0,0,0,0,0
2022-06-25,9,8회,268,경복궁 타임스코프,경복궁 타임스코프,타임스코프,경복궁,체험,참여형,현장참여,2022,6,25,Saturday,토,1,봄,1,10:00,17:00,,0,0,0,0,0,0,0,0,0,0
2022-06-26,9,8회,268,경복궁 타임스코프,경복궁 타임스코프,타임스코프,경복궁,체험,참여형,현장참여,2022,6,26,Sunday,일,1,봄,1,10:00,17:00,,0,0,0,0,0,0,0,0,0,0
2022-06-27,9,8회,268,경복궁 타임스코프,경복궁 타임스코프,타임스코프,경복궁,체험,참여형,현장참여,2022,6,27,Monday,월,0,봄,1,10:00,17:00,,0,0,0,0,0,0,0,0,0,0
2022-06-28,9,8회,268,경복궁 타임스코프,경복궁 타임스코프,타임스코프,경복궁,체험,참여형,현장참여,2022,6,28,Tuesday,화,0,봄,1,10:00,17:00,,0,0,0,0,0,0,0,0,0,0
2022-06-29,9,8회,268,경복궁 타임스코프,경복궁 타임스코프,타임스코프,경복궁,체험,참여형,현장참여,2022,6,29,Wednesday,수,0,봄,1,10:00,17:00,,0,0,0,0,0,0,0,0,0,0
2022-06-30,9,8회,268,경복궁 타임스코프,경복궁 타임스코프,타임스코프,경복궁,체험,참여형,현장참여,2022,6,30,Thursday,목,0,봄,1,10:00,17:00,,0,0,0,0,0,0,0,0,0,0
2022-07-01,9,8회,268,경복궁 타임스코프,경복궁 타임스코프,타임스코프,경복궁,체험,참여형,현장참여,2022,7,1,Friday,금,0,봄,1,10:00,17:00,,0,0,0,0,0,0,0,0,0,0
2022-07-02,9,8회,268,경복궁 타임스코프,경복궁 타임스코프,타임스코프,경복궁,체험,참여형,현장참여,2022,7,2,Saturday,토,1,봄,1,10:00,17:00,,0,0,0,0,0,0,0,0,0,0
2022-07-03,9,8회,268,경복궁 타임스코프,경복궁 타임스코프,타임스코프,경복궁,체험,참여형,현장참여,2022,7,3,Sunday,일,1,봄,1,10:00,17:00,,0,0,0,0,0,0,0,0,0,0
2022-07-04,9,8회,268,경복궁 타임스코프,경복궁 타임스코프,타임스코프,경복궁,체험,참여형,현장참여,2022,7,4,Monday,월,0,봄,1,10:00,17:00,,0,0,0,0,0,0,0,0,0,0
2022-07-05,9,8회,268,경복궁 타임스코프,경복궁 타임스코프,타임스코프,경복궁,체험,참여형,현장참여,2022,7,5,Tuesday,화,0,봄,1,10:00,17:00,,0,0,0,0,0,0,0,0,0,0
2022-07-06,9,8회,268,경복궁 타임스코프,경복궁 타임스코프,타임스코프,경복궁,체험,참여형,현장참여,2022,7,6,Wednesday,수,0,봄,1,10:00,17:00,,0,0,0,0,0,0,0,0,0,0
2022-07-07,9,8회,268,경복궁 타임스코프,경복궁 타임스코프,타임스코프,경복궁,체험,참여형,현장참여,2022,7,7,Thursday,목,0,봄,1,10:00,17:00,,0,0,0,0,0,0,0,0,0,0
2022-07-08,9,8회,268,경복궁 타임스코프,경복궁 타임스코프,타임스코프,경복궁,체험,참여형,현장참여,2022,7,8,Friday,금,0,봄,1,10:00,17:00,,0,0,0,0,0,0,0,0,0,0
2022-07-09,9,8회,268,경복궁 타임스코프,경복궁 타임스코프,타임스코프,경복궁,체험,참여형,현장참여,2022,7,9,Saturday,토,1,봄,1,10:00,17:00,,0,0,0,0,0,0,0,0,0,0
2022-07-10,9,8회,268,경복궁 타임스코프,경복궁 타임스코프,타임스코프,경복궁,체험,참여형,현장참여,2022,7,10,Sunday,일,1,봄,1,10:00,17:00,,0,0,0,0,0,0,0,0,0,0
2022-07-11,9,8회,268,경복궁 타임스코프,경복궁 타임스코프,타임스코프,경복궁,체험,참여형,현장참여,2022,7,11,Monday,월,0,봄,1,10:00,17:00,,0,0,0,0,0,0,0,0,0,0
2022-07-12,9,8회,268,경복궁 타임스코프,경복궁 타임스코프,타임스코프,경복궁,체험,참여형,현장참여,2022,7,12,Tuesday,화,0,봄,1,10:00,17:00,,0,0,0,0,0,0,0,0,0,0
2022-07-13,9,8회,268,경복궁 타임스코프,경복궁 타임스코프,타임스코프,경복궁,체험,참여형,현장참여,2022,7,13,Wednesday,수,0,봄,1,10:00,17:00,,0,0,0,0,0,0,0,0,0,0
2022-07-14,9,8회,268,경복궁 타임스코프,경복궁 타임스코프,타임스코프,경복궁,체험,참여형,현장참여,2022,7,14,Thursday,목,0,봄,1,10:00,17:00,,0,0,0,0,0,0,0,0,0,0
2022-07-15,9,8회,268,경복궁 타임스코프,경복궁 타임스코프,타임스코프,경복궁,체험,참여형,현장참여,2022,7,15,Friday,금,0,봄,1,10:00,17:00,,0,0,0,0,0,0,0,0,0,0
2022-07-16,9,8회,268,경복궁 타임스코프,경복궁 타임스코프,타임스코프,경복궁,체험,참여형,현장참여,2022,7,16,Saturday,토,1,봄,1,10:00,17:00,,0,0,0,0,0,0,0,0,0,0
2022-07-17,9,8회,268,경복궁 타임스코프,경복궁 타임스코프,타임스코프,경복궁,체험,참여형,현장참여,2022,7,17,Sunday,일,1,봄,1,10:00,17:00,,0,0,0,0,0,0,0,0,0,0
2022-07-18,9,8회,268,경복궁 타임스코프,경복궁 타임스코프,타임스코프,경복궁,체험,참여형,현장참여,2022,7,18,Monday,월,0,봄,1,10:00,17:00,,0,0,0,0,0,0,0,0,0,0
2022-07-19,9,8회,268,경복궁 타임스코프,경복궁 타임스코프,타임스코프,경복궁,체험,참여형,현장참여,2022,7,19,Tuesday,화,0,봄,1,10:00,17:00,,0,0,0,0,0,0,0,0,0,0
2022-07-20,9,8회,268,경복궁 타임스코프,경복궁 타임스코프,타임스코프,경복궁,체험,참여형,현장참여,2022,7,20,Wednesday,수,0,봄,1,10:00,17:00,,0,0,0,0,0,0,0,0,0,0
2022-07-21,9,8회,268,경복궁 타임스코프,경복궁 타임스코프,타임스코프,경복궁,체험,참여형,현장참여,2022,7,21,Thursday,목,0,봄,1,10:00,17:00,,0,0,0,0,0,0,0,0,0,0
2022-07-22,9,8회,268,경복궁 타임스코프,경복궁 타임스코프,타임스코프,경복궁,체험,참여형,현장참여,2022,7,22,Friday,금,0,봄,1,10:00,17:00,,0,0,0,0,0,0,0,0,0,0
2022-07-23,9,8회,268,경복궁 타임스코프,경복궁 타임스코프,타임스코프,경복궁,체험,참여형,현장참여,2022,7,23,Saturday,토,1,봄,1,10:00,17:00,,0,0,0,0,0,0,0,0,0,0
2022-07-24,9,8회,268,경복궁 타임스코프,경복궁 타임스코프,타임스코프,경복궁,체험,참여형,현장참여,2022,7,24,Sunday,일,1,봄,1,10:00,17:00,,0,0,0,0,0,0,0,0,0,0
2022-07-25,9,8회,268,경복궁 타임스코프,경복궁 타임스코프,타임스코프,경복궁,체험,참여형,현장참여,2022,7,25,Monday,월,0,봄,1,10:00,17:00,,0,0,0,0,0,0,0,0,0,0
2022-07-26,9,8회,268,경복궁 타임스코프,경복궁 타임스코프,타임스코프,경복궁,체험,참여형,현장참여,2022,7,26,Tuesday,화,0,봄,1,10:00,17:00,,0,0,0,0,0,0,0,0,0,0
2022-07-27,9,8회,268,경복궁 타임스코프,경복궁 타임스코프,타임스코프,경복궁,체험,참여형,현장참여,2022,7,27,Wednesday,수,0,봄,1,10:00,17:00,,0,0,0,0,0,0,0,0,0,0
2022-07-28,9,8회,268,경복궁 타임스코프,경복궁 타임스코프,타임스코프,경복궁,체험,참여형,현장참여,2022,7,28,Thursday,목,0,봄,1,10:00,17:00,,0,0,0,0,0,0,0,0,0,0
2022-07-29,9,8회,268,경복궁 타임스코프,경복궁 타임스코프,타임스코프,경복궁,체험,참여형,현장참여,2022,7,29,Friday,금,0,봄,1,10:00,17:00,,0,0,0,0,0,0,0,0,0,0
2022-07-30,9,8회,268,경복궁 타임스코프,경복궁 타임스코프,타임스코프,경복궁,체험,참여형,현장참여,2022,7,30,Saturday,토,1,봄,1,10:00,17:00,,0,0,0,0,0,0,0,0,0,0
2022-07-31,9,8회,268,경복궁 타임스코프,경복궁 타임스코프,타임스코프,경복궁,체험,참여형,현장참여,2022,7,31,Sunday,일,1,봄,1,10:00,17:00,,0,0,0,0,0,0,0,0,0,0
2022-08-01,9,8회,268,경복궁 타임스코프,경복궁 타임스코프,타임스코프,경복궁,체험,참여형,현장참여,2022,8,1,Monday,월,0,봄,1,10:00,17:00,,0,0,0,0,0,0,0,0,0,0
2022-08-02,9,8회,268,경복궁 타임스코프,경복궁 타임스코프,타임스코프,경복궁,체험,참여형,현장참여,2022,8,2,Tuesday,화,0,봄,1,10:00,17:00,,0,0,0,0,0,0,0,0,0,0
2022-08-03,9,8회,268,경복궁 타임스코프,경복궁 타임스코프,타임스코프,경복궁,체험,참여형,현장참여,2022,8,3,Wednesday,수,0,봄,1,10:00,17:00,,0,0,0,0,0,0,0,0,0,0
2022-08-04,9,8회,268,경복궁 타임스코프,경복궁 타임스코프,타임스코프,경복궁,체험,참여형,현장참여,2022,8,4,Thursday,목,0,봄,1,10:00,17:00,,0,0,0,0,0,0,0,0,0,0
2022-08-05,9,8회,268,경복궁 타임스코프,경복궁 타임스코프,타임스코프,경복궁,체험,참여형,현장참여,2022,8,5,Friday,금,0,봄,1,10:00,17:00,,0,0,0,0,0,0,0,0,0,0
2022-08-06,9,8회,268,경복궁 타임스코프,경복궁 타임스코프,타임스코프,경복궁,체험,참여형,현장참여,2022,8,6,Saturday,토,1,봄,1,10:00,17:00,,0,0,0,0,0,0,0,0,0,0
2022-08-07,9,8회,268,경복궁 타임스코프,경복궁 타임스코프,타임스코프,경복궁,체험,참여형,현장참여,2022,8,7,Sunday,일,1,봄,1,10:00,17:00,,0,0,0,0,0,0,0,0,0,0
2022-08-08,9,8회,268,경복궁 타임스코프,경복궁 타임스코프,타임스코프,경복궁,체험,참여형,현장참여,2022,8,8,Monday,월,0,봄,1,10:00,17:00,,0,0,0,0,0,0,0,0,0,0
2022-08-09,9,8회,268,경복궁 타임스코프,경복궁 타임스코프,타임스코프,경복궁,체험,참여형,현장참여,2022,8,9,Tuesday,화,0,봄,1,10:00,17:00,,0,0,0,0,0,0,0,0,0,0
2022-08-10,9,8회,268,경복궁 타임스코프,경복궁 타임스코프,타임스코프,경복궁,체험,참여형,현장참여,2022,8,10,Wednesday,수,0,봄,1,10:00,17:00,,0,0,0,0,0,0,0,0,0,0
2022-08-11,9,8회,268,경복궁 타임스코프,경복궁 타임스코프,타임스코프,경복궁,체험,참여형,현장참여,2022,8,11,Thursday,목,0,봄,1,10:00,17:00,,0,0,0,0,0,0,0,0,0,0
2022-08-12,9,8회,268,경복궁 타임스코프,경복궁 타임스코프,타임스코프,경복궁,체험,참여형,현장참여,2022,8,12,Friday,금,0,봄,1,10:00,17:00,,0,0,0,0,0,0,0,0,0,0
2022-08-13,9,8회,268,경복궁 타임스코프,경복궁 타임스코프,타임스코프,경복궁,체험,참여형,현장참여,2022,8,13,Saturday,토,1,봄,1,10:00,17:00,,0,0,0,0,0,0,0,0,0,0
2022-08-14,9,8회,268,경복궁 타임스코프,경복궁 타임스코프,타임스코프,경복궁,체험,참여형,현장참여,2022,8,14,Sunday,일,1,봄,1,10:00,17:00,,0,0,0,0,0,0,0,0,0,0
2022-08-15,9,8회,268,경복궁 타임스코프,경복궁 타임스코프,타임스코프,경복궁,체험,참여형,현장참여,2022,8,15,Monday,월,0,봄,1,10:00,17:00,,0,0,0,0,0,0,0,0,0,0
2022-08-16,9,8회,268,경복궁 타임스코프,경복궁 타임스코프,타임스코프,경복궁,체험,참여형,현장참여,2022,8,16,Tuesday,화,0,봄,1,10:00,17:00,,0,0,0,0,0,0,0,0,0,0
2022-08-17,9,8회,268,경복궁 타임스코프,경복궁 타임스코프,타임스코프,경복궁,체험,참여형,현장참여,2022,8,17,Wednesday,수,0,봄,1,10:00,17:00,,0,0,0,0,0,0,0,0,0,0
2022-08-18,9,8회,268,경복궁 타임스코프,경복궁 타임스코프,타임스코프,경복궁,체험,참여형,현장참여,2022,8,18,Thursday,목,0,봄,1,10:00,17:00,,0,0,0,0,0,0,0,0,0,0
2022-08-19,9,8회,268,경복궁 타임스코프,경복궁 타임스코프,타임스코프,경복궁,체험,참여형,현장참여,2022,8,19,Friday,금,0,봄,1,10:00,17:00,,0,0,0,0,0,0,0,0,0,0
2022-08-20,9,8회,268,경복궁 타임스코프,경복궁 타임스코프,타임스코프,경복궁,체험,참여형,현장참여,2022,8,20,Saturday,토,1,봄,1,10:00,17:00,,0,0,0,0,0,0,0,0,0,0
2022-08-21,9,8회,268,경복궁 타임스코프,경복궁 타임스코프,타임스코프,경복궁,체험,참여형,현장참여,2022,8,21,Sunday,일,1,봄,1,10:00,17:00,,0,0,0,0,0,0,0,0,0,0
2022-08-22,9,8회,268,경복궁 타임스코프,경복궁 타임스코프,타임스코프,경복궁,체험,참여형,현장참여,2022,8,22,Monday,월,0,봄,1,10:00,17:00,,0,0,0,0,0,0,0,0,0,0
2022-08-23,9,8회,268,경복궁 타임스코프,경복궁 타임스코프,타임스코프,경복궁,체험,참여형,현장참여,2022,8,23,Tuesday,화,0,봄,1,10:00,17:00,,0,0,0,0,0,0,0,0,0,0
2022-08-24,9,8회,268,경복궁 타임스코프,경복궁 타임스코프,타임스코프,경복궁,체험,참여형,현장참여,2022,8,24,Wednesday,수,0,봄,1,10:00,17:00,,0,0,0,0,0,0,0,0,0,0
2022-08-25,9,8회,268,경복궁 타임스코프,경복궁 타임스코프,타임스코프,경복궁,체험,참여형,현장참여,2022,8,25,Thursday,목,0,봄,1,10:00,17:00,,0,0,0,0,0,0,0,0,0,0
2022-08-26,9,8회,268,경복궁 타임스코프,경복궁 타임스코프,타임스코프,경복궁,체험,참여형,현장참여,2022,8,26,Friday,금,0,봄,1,10:00,17:00,,0,0,0,0,0,0,0,0,0,0
2022-08-27,9,8회,268,경복궁 타임스코프,경복궁 타임스코프,타임스코프,경복궁,체험,참여형,현장참여,2022,8,27,Saturday,토,1,봄,1,10:00,17:00,,0,0,0,0,0,0,0,0,0,0
2022-08-28,9,8회,268,경복궁 타임스코프,경복궁 타임스코프,타임스코프,경복궁,체험,참여형,현장참여,2022,8,28,Sunday,일,1,봄,1,10:00,17:00,,0,0,0,0,0,0,0,0,0,0
2022-08-29,9,8회,268,경복궁 타임스코프,경복궁 타임스코프,타임스코프,경복궁,체험,참여형,현장참여,2022,8,29,Monday,월,0,봄,1,10:00,17:00,,0,0,0,0,0,0,0,0,0,0
2022-08-30,9,8회,268,경복궁 타임스코프,경복궁 타임스코프,타임스코프,경복궁,체험,참여형,현장참여,2022,8,30,Tuesday,화,0,봄,1,10:00,17:00,,0,0,0,0,0,0,0,0,0,0
2022-08-31,9,8회,268,경복궁 타임스코프,경복궁 타임스코프,타임스코프,경복궁,체험,참여형,현장참여,2022,8,31,Wednesday,수,0,봄,1,10:00,17:00,,0,0,0,0,0,0,0,0,0,0
2022-09-01,9,8회,268,경복궁 타임스코프,경복궁 타임스코프,타임스코프,경복궁,체험,참여형,현장참여,2022,9,1,Thursday,목,0,봄,1,10:00,17:00,,0,0,0,0,0,0,0,0,0,0
2022-09-02,9,8회,268,경복궁 타임스코프,경복궁 타임스코프,타임스코프,경복궁,체험,참여형,현장참여,2022,9,2,Friday,금,0,봄,1,10:00,17:00,,0,0,0,0,0,0,0,0,0,0
2022-09-03,9,8회,268,경복궁 타임스코프,경복궁 타임스코프,타임스코프,경복궁,체험,참여형,현장참여,2022,9,3,Saturday,토,1,봄,1,10:00,17:00,,0,0,0,0,0,0,0,0,0,0
2022-09-04,9,8회,268,경복궁 타임스코프,경복궁 타임스코프,타임스코프,경복궁,체험,참여형,현장참여,2022,9,4,Sunday,일,1,봄,1,10:00,17:00,,0,0,0,0,0,0,0,0,0,0
2022-09-05,9,8회,268,경복궁 타임스코프,경복궁 타임스코프,타임스코프,경복궁,체험,참여형,현장참여,2022,9,5,Monday,월,0,봄,1,10:00,17:00,,0,0,0,0,0,0,0,0,0,0
2022-09-06,9,8회,268,경복궁 타임스코프,경복궁 타임스코프,타임스코프,경복궁,체험,참여형,현장참여,2022,9,6,Tuesday,화,0,봄,1,10:00,17:00,,0,0,0,0,0,0,0,0,0,0
2022-09-07,9,8회,268,경복궁 타임스코프,경복궁 타임스코프,타임스코프,경복궁,체험,참여형,현장참여,2022,9,7,Wednesday,수,0,봄,1,10:00,17:00,,0,0,0,0,0,0,0,0,0,0
2022-09-08,9,8회,268,경복궁 타임스코프,경복궁 타임스코프,타임스코프,경복궁,체험,참여형,현장참여,2022,9,8,Thursday,목,0,봄,1,10:00,17:00,,0,0,0,0,0,0,0,0,0,0
2022-09-09,9,8회,268,경복궁 타임스코프,경복궁 타임스코프,타임스코프,경복궁,체험,참여형,현장참여,2022,9,9,Friday,금,0,봄,1,10:00,17:00,,0,0,0,0,0,0,0,0,0,0
2022-09-10,9,8회,268,경복궁 타임스코프,경복궁 타임스코프,타임스코프,경복궁,체험,참여형,현장참여,2022,9,10,Saturday,토,1,봄,1,10:00,17:00,,0,0,0,0,0,0,0,0,0,0
2022-09-11,9,8회,268,경복궁 타임스코프,경복궁 타임스코프,타임스코프,경복궁,체험,참여형,현장참여,2022,9,11,Sunday,일,1,봄,1,10:00,17:00,,0,0,0,0,0,0,0,0,0,0
2022-09-12,9,8회,268,경복궁 타임스코프,경복궁 타임스코프,타임스코프,경복궁,체험,참여형,현장참여,2022,9,12,Monday,월,0,봄,1,10:00,17:00,,0,0,0,0,0,0,0,0,0,0
2022-09-13,9,8회,268,경복궁 타임스코프,경복궁 타임스코프,타임스코프,경복궁,체험,참여형,현장참여,2022,9,13,Tuesday,화,0,봄,1,10:00,17:00,,0,0,0,0,0,0,0,0,0,0
2022-09-14,9,8회,268,경복궁 타임스코프,경복궁 타임스코프,타임스코프,경복궁,체험,참여형,현장참여,2022,9,14,Wednesday,수,0,봄,1,10:00,17:00,,0,0,0,0,0,0,0,0,0,0
2022-09-15,9,8회,268,경복궁 타임스코프,경복궁 타임스코프,타임스코프,경복궁,체험,참여형,현장참여,2022,9,15,Thursday,목,0,봄,1,10:00,17:00,,0,0,0,0,0,0,0,0,0,0
2022-09-16,9,8회,268,경복궁 타임스코프,경복궁 타임스코프,타임스코프,경복궁,체험,참여형,현장참여,2022,9,16,Friday,금,0,봄,1,10:00,17:00,,0,0,0,0,0,0,0,0,0,0
2022-09-17,9,8회,268,경복궁 타임스코프,경복궁 타임스코프,타임스코프,경복궁,체험,참여형,현장참여,2022,9,17,Saturday,토,1,봄,1,10:00,17:00,,0,0,0,0,0,0,0,0,0,0
2022-09-18,9,8회,268,경복궁 타임스코프,경복궁 타임스코프,타임스코프,경복궁,체험,참여형,현장참여,2022,9,18,Sunday,일,1,봄,1,10:00,17:00,,0,0,0,0,0,0,0,0,0,0
2022-09-19,9,8회,268,경복궁 타임스코프,경복궁 타임스코프,타임스코프,경복궁,체험,참여형,현장참여,2022,9,19,Monday,월,0,봄,1,10:00,17:00,,0,0,0,0,0,0,0,0,0,0
2022-09-20,9,8회,268,경복궁 타임스코프,경복궁 타임스코프,타임스코프,경복궁,체험,참여형,현장참여,2022,9,20,Tuesday,화,0,봄,1,10:00,17:00,,0,0,0,0,0,0,0,0,0,0
2022-09-21,9,8회,268,경복궁 타임스코프,경복궁 타임스코프,타임스코프,경복궁,체험,참여형,현장참여,2022,9,21,Wednesday,수,0,봄,1,10:00,17:00,,0,0,0,0,0,0,0,0,0,0
2022-09-22,9,8회,268,경복궁 타임스코프,경복궁 타임스코프,타임스코프,경복궁,체험,참여형,현장참여,2022,9,22,Thursday,목,0,봄,1,10:00,17:00,,0,0,0,0,0,0,0,0,0,0
2022-09-23,9,8회,268,경복궁 타임스코프,경복궁 타임스코프,타임스코프,경복궁,체험,참여형,현장참여,2022,9,23,Friday,금,0,봄,1,10:00,17:00,,0,0,0,0,0,0,0,0,0,0
2022-09-24,9,8회,268,경복궁 타임스코프,경복궁 타임스코프,타임스코프,경복궁,체험,참여형,현장참여,2022,9,24,Saturday,토,1,봄,1,10:00,17:00,,0,0,0,0,0,0,0,0,0,0
2022-09-25,9,8회,268,경복궁 타임스코프,경복궁 타임스코프,타임스코프,경복궁,체험,참여형,현장참여,2022,9,25,Sunday,일,1,봄,1,10:00,17:00,,0,0,0,0,0,0,0,0,0,0
2022-09-26,9,8회,268,경복궁 타임스코프,경복궁 타임스코프,타임스코프,경복궁,체험,참여형,현장참여,2022,9,26,Monday,월,0,봄,1,10:00,17:00,,0,0,0,0,0,0,0,0,0,0
2022-09-27,9,8회,268,경복궁 타임스코프,경복궁 타임스코프,타임스코프,경복궁,체험,참여형,현장참여,2022,9,27,Tuesday,화,0,봄,1,10:00,17:00,,0,0,0,0,0,0,0,0,0,0
2022-09-28,9,8회,268,경복궁 타임스코프,경복궁 타임스코프,타임스코프,경복궁,체험,참여형,현장참여,2022,9,28,Wednesday,수,0,봄,1,10:00,17:00,,0,0,0,0,0,0,0,0,0,0
2022-09-29,9,8회,268,경복궁 타임스코프,경복궁 타임스코프,타임스코프,경복궁,체험,참여형,현장참여,2022,9,29,Thursday,목,0,봄,1,10:00,17:00,,0,0,0,0,0,0,0,0,0,0
2022-09-30,9,8회,268,경복궁 타임스코프,경복궁 타임스코프,타임스코프,경복궁,체험,참여형,현장참여,2022,9,30,Friday,금,0,봄,1,10:00,17:00,,0,0,0,0,0,0,0,0,0,0
2022-10-01,9,8회,268,경복궁 타임스코프,경복궁 타임스코프,타임스코프,경복궁,체험,참여형,현장참여,2022,10,1,Saturday,토,1,봄,1,10:00,17:00,,0,0,0,0,0,0,0,0,0,0
2022-10-02,9,8회,268,경복궁 타임스코프,경복궁 타임스코프,타임스코프,경복궁,체험,참여형,현장참여,2022,10,2,Sunday,일,1,봄,1,10:00,17:00,,0,0,0,0,0,0,0,0,0,0
2022-10-03,9,8회,268,경복궁 타임스코프,경복궁 타임스코프,타임스코프,경복궁,체험,참여형,현장참여,2022,10,3,Monday,월,0,봄,1,10:00,17:00,,0,0,0,0,0,0,0,0,0,0
2022-10-04,9,8회,268,경복궁 타임스코프,경복궁 타임스코프,타임스코프,경복궁,체험,참여형,현장참여,2022,10,4,Tuesday,화,0,봄,1,10:00,17:00,,0,0,0,0,0,0,0,0,0,0
2022-10-05,9,8회,268,경복궁 타임스코프,경복궁 타임스코프,타임스코프,경복궁,체험,참여형,현장참여,2022,10,5,Wednesday,수,0,봄,1,10:00,17:00,,0,0,0,0,0,0,0,0,0,0
2022-10-06,9,8회,268,경복궁 타임스코프,경복궁 타임스코프,타임스코프,경복궁,체험,참여형,현장참여,2022,10,6,Thursday,목,0,봄,1,10:00,17:00,,0,0,0,0,0,0,0,0,0,0
2022-10-07,9,8회,268,경복궁 타임스코프,경복궁 타임스코프,타임스코프,경복궁,체험,참여형,현장참여,2022,10,7,Friday,금,0,봄,1,10:00,17:00,,0,0,0,0,0,0,0,0,0,0
2022-10-08,9,8회,268,경복궁 타임스코프,경복궁 타임스코프,타임스코프,경복궁,체험,참여형,현장참여,2022,10,8,Saturday,토,1,봄,1,10:00,17:00,,0,0,0,0,0,0,0,0,0,0
2022-10-09,9,8회,268,경복궁 타임스코프,경복궁 타임스코프,타임스코프,경복궁,체험,참여형,현장참여,2022,10,9,Sunday,일,1,봄,1,10:00,17:00,,0,0,0,0,0,0,0,0,0,0
2022-10-10,9,8회,268,경복궁 타임스코프,경복궁 타임스코프,타임스코프,경복궁,체험,참여형,현장참여,2022,10,10,Monday,월,0,봄,1,10:00,17:00,,0,0,0,0,0,0,0,0,0,0
2022-10-11,9,8회,268,경복궁 타임스코프,경복궁 타임스코프,타임스코프,경복궁,체험,참여형,현장참여,2022,10,11,Tuesday,화,0,봄,1,10:00,17:00,,0,0,0,0,0,0,0,0,0,0
2022-10-12,9,8회,268,경복궁 타임스코프,경복궁 타임스코프,타임스코프,경복궁,체험,참여형,현장참여,2022,10,12,Wednesday,수,0,봄,1,10:00,17:00,,0,0,0,0,0,0,0,0,0,0
2022-10-13,9,8회,268,경복궁 타임스코프,경복궁 타임스코프,타임스코프,경복궁,체험,참여형,현장참여,2022,10,13,Thursday,목,0,봄,1,10:00,17:00,,0,0,0,0,0,0,0,0,0,0
2022-10-14,9,8회,268,경복궁 타임스코프,경복궁 타임스코프,타임스코프,경복궁,체험,참여형,현장참여,2022,10,14,Friday,금,0,봄,1,10:00,17:00,,0,0,0,0,0,0,0,0,0,0
2022-10-15,9,8회,268,경복궁 타임스코프,경복궁 타임스코프,타임스코프,경복궁,체험,참여형,현장참여,2022,10,15,Saturday,토,1,봄,1,10:00,17:00,,0,0,0,0,0,0,0,0,0,0
2022-10-16,9,8회,268,경복궁 타임스코프,경복궁 타임스코프,타임스코프,경복궁,체험,참여형,현장참여,2022,10,16,Sunday,일,1,봄,1,10:00,17:00,,0,0,0,0,0,0,0,0,0,0
2022-10-17,9,8회,268,경복궁 타임스코프,경복궁 타임스코프,타임스코프,경복궁,체험,참여형,현장참여,2022,10,17,Monday,월,0,봄,1,10:00,17:00,,0,0,0,0,0,0,0,0,0,0
2022-10-18,9,8회,268,경복궁 타임스코프,경복궁 타임스코프,타임스코프,경복궁,체험,참여형,현장참여,2022,10,18,Tuesday,화,0,봄,1,10:00,17:00,,0,0,0,0,0,0,0,0,0,0
2022-10-19,9,8회,268,경복궁 타임스코프,경복궁 타임스코프,타임스코프,경복궁,체험,참여형,현장참여,2022,10,19,Wednesday,수,0,봄,1,10:00,17:00,,0,0,0,0,0,0,0,0,0,0
2022-10-20,9,8회,268,경복궁 타임스코프,경복궁 타임스코프,타임스코프,경복궁,체험,참여형,현장참여,2022,10,20,Thursday,목,0,봄,1,10:00,17:00,,0,0,0,0,0,0,0,0,0,0
2022-10-21,9,8회,268,경복궁 타임스코프,경복궁 타임스코프,타임스코프,경복궁,체험,참여형,현장참여,2022,10,21,Friday,금,0,봄,1,10:00,17:00,,0,0,0,0,0,0,0,0,0,0
2022-10-22,9,8회,268,경복궁 타임스코프,경복궁 타임스코프,타임스코프,경복궁,체험,참여형,현장참여,2022,10,22,Saturday,토,1,봄,1,10:00,17:00,,0,0,0,0,0,0,0,0,0,0
2022-10-23,9,8회,268,경복궁 타임스코프,경복궁 타임스코프,타임스코프,경복궁,체험,참여형,현장참여,2022,10,23,Sunday,일,1,봄,1,10:00,17:00,,0,0,0,0,0,0,0,0,0,0
2022-10-24,9,8회,268,경복궁 타임스코프,경복궁 타임스코프,타임스코프,경복궁,체험,참여형,현장참여,2022,10,24,Monday,월,0,봄,1,10:00,17:00,,0,0,0,0,0,0,0,0,0,0
2022-10-25,9,8회,268,경복궁 타임스코프,경복궁 타임스코프,타임스코프,경복궁,체험,참여형,현장참여,2022,10,25,Tuesday,화,0,봄,1,10:00,17:00,,0,0,0,0,0,0,0,0,0,0
2022-10-26,9,8회,268,경복궁 타임스코프,경복궁 타임스코프,타임스코프,경복궁,체험,참여형,현장참여,2022,10,26,Wednesday,수,0,봄,1,10:00,17:00,,0,0,0,0,0,0,0,0,0,0
2022-10-27,9,8회,268,경복궁 타임스코프,경복궁 타임스코프,타임스코프,경복궁,체험,참여형,현장참여,2022,10,27,Thursday,목,0,봄,1,10:00,17:00,,0,0,0,0,0,0,0,0,0,0
2022-10-28,9,8회,268,경복궁 타임스코프,경복궁 타임스코프,타임스코프,경복궁,체험,참여형,현장참여,2022,10,28,Friday,금,0,봄,1,10:00,17:00,,0,0,0,0,0,0,0,0,0,0
2022-10-29,9,8회,268,경복궁 타임스코프,경복궁 타임스코프,타임스코프,경복궁,체험,참여형,현장참여,2022,10,29,Saturday,토,1,봄,1,10:00,17:00,,0,0,0,0,0,0,0,0,0,0
2022-10-30,9,8회,268,경복궁 타임스코프,경복궁 타임스코프,타임스코프,경복궁,체험,참여형,현장참여,2022,10,30,Sunday,일,1,봄,1,10:00,17:00,,0,0,0,0,0,0,0,0,0,0
2022-10-31,9,8회,268,경복궁 타임스코프,경복궁 타임스코프,타임스코프,경복궁,체험,참여형,현장참여,2022,10,31,Monday,월,0,봄,1,10:00,17:00,,0,0,0,0,0,0,0,0,0,0
2022-01-01,9,8회,208,경복궁 수문장 교대의식,경복궁 수문장 교대의식,수문장 교대의식,경복궁,재현,관람형,현장참여,2022,1,1,Saturday,토,1,기타,1,10:00,14:00,,0,0,0,0,1,0,0,0,0,1
2022-01-02,9,8회,208,경복궁 수문장 교대의식,경복궁 수문장 교대의식,수문장 교대의식,경복궁,재현,관람형,현장참여,2022,1,2,Sunday,일,1,기타,1,10:00,14:00,,0,0,0,0,1,0,0,0,0,1
2022-01-03,9,8회,208,경복궁 수문장 교대의식,경복궁 수문장 교대의식,수문장 교대의식,경복궁,재현,관람형,현장참여,2022,1,3,Monday,월,0,기타,1,10:00,14:00,,0,0,0,0,1,0,0,0,0,1
2022-01-04,9,8회,208,경복궁 수문장 교대의식,경복궁 수문장 교대의식,수문장 교대의식,경복궁,재현,관람형,현장참여,2022,1,4,Tuesday,화,0,기타,1,10:00,14:00,,0,0,0,0,1,0,0,0,0,1
2022-01-05,9,8회,208,경복궁 수문장 교대의식,경복궁 수문장 교대의식,수문장 교대의식,경복궁,재현,관람형,현장참여,2022,1,5,Wednesday,수,0,기타,1,10:00,14:00,,0,0,0,0,1,0,0,0,0,1
2022-01-06,9,8회,208,경복궁 수문장 교대의식,경복궁 수문장 교대의식,수문장 교대의식,경복궁,재현,관람형,현장참여,2022,1,6,Thursday,목,0,기타,1,10:00,14:00,,0,0,0,0,1,0,0,0,0,1
2022-01-07,9,8회,208,경복궁 수문장 교대의식,경복궁 수문장 교대의식,수문장 교대의식,경복궁,재현,관람형,현장참여,2022,1,7,Friday,금,0,기타,1,10:00,14:00,,0,0,0,0,1,0,0,0,0,1
2022-01-08,9,8회,208,경복궁 수문장 교대의식,경복궁 수문장 교대의식,수문장 교대의식,경복궁,재현,관람형,현장참여,2022,1,8,Saturday,토,1,기타,1,10:00,14:00,,0,0,0,0,1,0,0,0,0,1
2022-01-09,9,8회,208,경복궁 수문장 교대의식,경복궁 수문장 교대의식,수문장 교대의식,경복궁,재현,관람형,현장참여,2022,1,9,Sunday,일,1,기타,1,10:00,14:00,,0,0,0,0,1,0,0,0,0,1
2022-01-10,9,8회,208,경복궁 수문장 교대의식,경복궁 수문장 교대의식,수문장 교대의식,경복궁,재현,관람형,현장참여,2022,1,10,Monday,월,0,기타,1,10:00,14:00,,0,0,0,0,1,0,0,0,0,1
2022-01-11,9,8회,208,경복궁 수문장 교대의식,경복궁 수문장 교대의식,수문장 교대의식,경복궁,재현,관람형,현장참여,2022,1,11,Tuesday,화,0,기타,1,10:00,14:00,,0,0,0,0,1,0,0,0,0,1
2022-01-12,9,8회,208,경복궁 수문장 교대의식,경복궁 수문장 교대의식,수문장 교대의식,경복궁,재현,관람형,현장참여,2022,1,12,Wednesday,수,0,기타,1,10:00,14:00,,0,0,0,0,1,0,0,0,0,1
2022-01-13,9,8회,208,경복궁 수문장 교대의식,경복궁 수문장 교대의식,수문장 교대의식,경복궁,재현,관람형,현장참여,2022,1,13,Thursday,목,0,기타,1,10:00,14:00,,0,0,0,0,1,0,0,0,0,1
2022-01-14,9,8회,208,경복궁 수문장 교대의식,경복궁 수문장 교대의식,수문장 교대의식,경복궁,재현,관람형,현장참여,2022,1,14,Friday,금,0,기타,1,10:00,14:00,,0,0,0,0,1,0,0,0,0,1
2022-01-15,9,8회,208,경복궁 수문장 교대의식,경복궁 수문장 교대의식,수문장 교대의식,경복궁,재현,관람형,현장참여,2022,1,15,Saturday,토,1,기타,1,10:00,14:00,,0,0,0,0,1,0,0,0,0,1
2022-01-16,9,8회,208,경복궁 수문장 교대의식,경복궁 수문장 교대의식,수문장 교대의식,경복궁,재현,관람형,현장참여,2022,1,16,Sunday,일,1,기타,1,10:00,14:00,,0,0,0,0,1,0,0,0,0,1
2022-01-17,9,8회,208,경복궁 수문장 교대의식,경복궁 수문장 교대의식,수문장 교대의식,경복궁,재현,관람형,현장참여,2022,1,17,Monday,월,0,기타,1,10:00,14:00,,0,0,0,0,1,0,0,0,0,1
2022-01-18,9,8회,208,경복궁 수문장 교대의식,경복궁 수문장 교대의식,수문장 교대의식,경복궁,재현,관람형,현장참여,2022,1,18,Tuesday,화,0,기타,1,10:00,14:00,,0,0,0,0,1,0,0,0,0,1
2022-01-19,9,8회,208,경복궁 수문장 교대의식,경복궁 수문장 교대의식,수문장 교대의식,경복궁,재현,관람형,현장참여,2022,1,19,Wednesday,수,0,기타,1,10:00,14:00,,0,0,0,0,1,0,0,0,0,1
2022-01-20,9,8회,208,경복궁 수문장 교대의식,경복궁 수문장 교대의식,수문장 교대의식,경복궁,재현,관람형,현장참여,2022,1,20,Thursday,목,0,기타,1,10:00,14:00,,0,0,0,0,1,0,0,0,0,1
2022-01-21,9,8회,208,경복궁 수문장 교대의식,경복궁 수문장 교대의식,수문장 교대의식,경복궁,재현,관람형,현장참여,2022,1,21,Friday,금,0,기타,1,10:00,14:00,,0,0,0,0,1,0,0,0,0,1
2022-01-22,9,8회,208,경복궁 수문장 교대의식,경복궁 수문장 교대의식,수문장 교대의식,경복궁,재현,관람형,현장참여,2022,1,22,Saturday,토,1,기타,1,10:00,14:00,,0,0,0,0,1,0,0,0,0,1
2022-01-23,9,8회,208,경복궁 수문장 교대의식,경복궁 수문장 교대의식,수문장 교대의식,경복궁,재현,관람형,현장참여,2022,1,23,Sunday,일,1,기타,1,10:00,14:00,,0,0,0,0,1,0,0,0,0,1
2022-01-24,9,8회,208,경복궁 수문장 교대의식,경복궁 수문장 교대의식,수문장 교대의식,경복궁,재현,관람형,현장참여,2022,1,24,Monday,월,0,기타,1,10:00,14:00,,0,0,0,0,1,0,0,0,0,1
2022-01-25,9,8회,208,경복궁 수문장 교대의식,경복궁 수문장 교대의식,수문장 교대의식,경복궁,재현,관람형,현장참여,2022,1,25,Tuesday,화,0,기타,1,10:00,14:00,,0,0,0,0,1,0,0,0,0,1
2022-01-26,9,8회,208,경복궁 수문장 교대의식,경복궁 수문장 교대의식,수문장 교대의식,경복궁,재현,관람형,현장참여,2022,1,26,Wednesday,수,0,기타,1,10:00,14:00,,0,0,0,0,1,0,0,0,0,1
2022-01-27,9,8회,208,경복궁 수문장 교대의식,경복궁 수문장 교대의식,수문장 교대의식,경복궁,재현,관람형,현장참여,2022,1,27,Thursday,목,0,기타,1,10:00,14:00,,0,0,0,0,1,0,0,0,0,1
2022-01-28,9,8회,208,경복궁 수문장 교대의식,경복궁 수문장 교대의식,수문장 교대의식,경복궁,재현,관람형,현장참여,2022,1,28,Friday,금,0,기타,1,10:00,14:00,,0,0,0,0,1,0,0,0,0,1
2022-01-29,9,8회,208,경복궁 수문장 교대의식,경복궁 수문장 교대의식,수문장 교대의식,경복궁,재현,관람형,현장참여,2022,1,29,Saturday,토,1,기타,1,10:00,14:00,,0,0,0,0,1,0,0,0,0,1
2022-01-30,9,8회,208,경복궁 수문장 교대의식,경복궁 수문장 교대의식,수문장 교대의식,경복궁,재현,관람형,현장참여,2022,1,30,Sunday,일,1,기타,1,10:00,14:00,,0,0,0,0,1,0,0,0,0,1
2022-01-31,9,8회,208,경복궁 수문장 교대의식,경복궁 수문장 교대의식,수문장 교대의식,경복궁,재현,관람형,현장참여,2022,1,31,Monday,월,0,기타,1,10:00,14:00,,0,0,0,0,1,0,0,0,0,1
2022-02-01,9,8회,208,경복궁 수문장 교대의식,경복궁 수문장 교대의식,수문장 교대의식,경복궁,재현,관람형,현장참여,2022,2,1,Tuesday,화,0,기타,1,10:00,14:00,,0,0,0,0,1,0,0,0,0,1
2022-02-02,9,8회,208,경복궁 수문장 교대의식,경복궁 수문장 교대의식,수문장 교대의식,경복궁,재현,관람형,현장참여,2022,2,2,Wednesday,수,0,기타,1,10:00,14:00,,0,0,0,0,1,0,0,0,0,1
2022-02-03,9,8회,208,경복궁 수문장 교대의식,경복궁 수문장 교대의식,수문장 교대의식,경복궁,재현,관람형,현장참여,2022,2,3,Thursday,목,0,기타,1,10:00,14:00,,0,0,0,0,1,0,0,0,0,1
2022-02-04,9,8회,208,경복궁 수문장 교대의식,경복궁 수문장 교대의식,수문장 교대의식,경복궁,재현,관람형,현장참여,2022,2,4,Friday,금,0,기타,1,10:00,14:00,,0,0,0,0,1,0,0,0,0,1
2022-02-05,9,8회,208,경복궁 수문장 교대의식,경복궁 수문장 교대의식,수문장 교대의식,경복궁,재현,관람형,현장참여,2022,2,5,Saturday,토,1,기타,1,10:00,14:00,,0,0,0,0,1,0,0,0,0,1
2022-02-06,9,8회,208,경복궁 수문장 교대의식,경복궁 수문장 교대의식,수문장 교대의식,경복궁,재현,관람형,현장참여,2022,2,6,Sunday,일,1,기타,1,10:00,14:00,,0,0,0,0,1,0,0,0,0,1
2022-02-07,9,8회,208,경복궁 수문장 교대의식,경복궁 수문장 교대의식,수문장 교대의식,경복궁,재현,관람형,현장참여,2022,2,7,Monday,월,0,기타,1,10:00,14:00,,0,0,0,0,1,0,0,0,0,1
2022-02-08,9,8회,208,경복궁 수문장 교대의식,경복궁 수문장 교대의식,수문장 교대의식,경복궁,재현,관람형,현장참여,2022,2,8,Tuesday,화,0,기타,1,10:00,14:00,,0,0,0,0,1,0,0,0,0,1
2022-02-09,9,8회,208,경복궁 수문장 교대의식,경복궁 수문장 교대의식,수문장 교대의식,경복궁,재현,관람형,현장참여,2022,2,9,Wednesday,수,0,기타,1,10:00,14:00,,0,0,0,0,1,0,0,0,0,1
2022-02-10,9,8회,208,경복궁 수문장 교대의식,경복궁 수문장 교대의식,수문장 교대의식,경복궁,재현,관람형,현장참여,2022,2,10,Thursday,목,0,기타,1,10:00,14:00,,0,0,0,0,1,0,0,0,0,1
2022-02-11,9,8회,208,경복궁 수문장 교대의식,경복궁 수문장 교대의식,수문장 교대의식,경복궁,재현,관람형,현장참여,2022,2,11,Friday,금,0,기타,1,10:00,14:00,,0,0,0,0,1,0,0,0,0,1
2022-02-12,9,8회,208,경복궁 수문장 교대의식,경복궁 수문장 교대의식,수문장 교대의식,경복궁,재현,관람형,현장참여,2022,2,12,Saturday,토,1,기타,1,10:00,14:00,,0,0,0,0,1,0,0,0,0,1
2022-02-13,9,8회,208,경복궁 수문장 교대의식,경복궁 수문장 교대의식,수문장 교대의식,경복궁,재현,관람형,현장참여,2022,2,13,Sunday,일,1,기타,1,10:00,14:00,,0,0,0,0,1,0,0,0,0,1
2022-02-14,9,8회,208,경복궁 수문장 교대의식,경복궁 수문장 교대의식,수문장 교대의식,경복궁,재현,관람형,현장참여,2022,2,14,Monday,월,0,기타,1,10:00,14:00,,0,0,0,0,1,0,0,0,0,1
2022-02-15,9,8회,208,경복궁 수문장 교대의식,경복궁 수문장 교대의식,수문장 교대의식,경복궁,재현,관람형,현장참여,2022,2,15,Tuesday,화,0,기타,1,10:00,14:00,,0,0,0,0,1,0,0,0,0,1
2022-02-16,9,8회,208,경복궁 수문장 교대의식,경복궁 수문장 교대의식,수문장 교대의식,경복궁,재현,관람형,현장참여,2022,2,16,Wednesday,수,0,기타,1,10:00,14:00,,0,0,0,0,1,0,0,0,0,1
2022-02-17,9,8회,208,경복궁 수문장 교대의식,경복궁 수문장 교대의식,수문장 교대의식,경복궁,재현,관람형,현장참여,2022,2,17,Thursday,목,0,기타,1,10:00,14:00,,0,0,0,0,1,0,0,0,0,1
2022-02-18,9,8회,208,경복궁 수문장 교대의식,경복궁 수문장 교대의식,수문장 교대의식,경복궁,재현,관람형,현장참여,2022,2,18,Friday,금,0,기타,1,10:00,14:00,,0,0,0,0,1,0,0,0,0,1
2022-02-19,9,8회,208,경복궁 수문장 교대의식,경복궁 수문장 교대의식,수문장 교대의식,경복궁,재현,관람형,현장참여,2022,2,19,Saturday,토,1,기타,1,10:00,14:00,,0,0,0,0,1,0,0,0,0,1
2022-02-20,9,8회,208,경복궁 수문장 교대의식,경복궁 수문장 교대의식,수문장 교대의식,경복궁,재현,관람형,현장참여,2022,2,20,Sunday,일,1,기타,1,10:00,14:00,,0,0,0,0,1,0,0,0,0,1
2022-02-21,9,8회,208,경복궁 수문장 교대의식,경복궁 수문장 교대의식,수문장 교대의식,경복궁,재현,관람형,현장참여,2022,2,21,Monday,월,0,기타,1,10:00,14:00,,0,0,0,0,1,0,0,0,0,1
2022-02-22,9,8회,208,경복궁 수문장 교대의식,경복궁 수문장 교대의식,수문장 교대의식,경복궁,재현,관람형,현장참여,2022,2,22,Tuesday,화,0,기타,1,10:00,14:00,,0,0,0,0,1,0,0,0,0,1
2022-02-23,9,8회,208,경복궁 수문장 교대의식,경복궁 수문장 교대의식,수문장 교대의식,경복궁,재현,관람형,현장참여,2022,2,23,Wednesday,수,0,기타,1,10:00,14:00,,0,0,0,0,1,0,0,0,0,1
2022-02-24,9,8회,208,경복궁 수문장 교대의식,경복궁 수문장 교대의식,수문장 교대의식,경복궁,재현,관람형,현장참여,2022,2,24,Thursday,목,0,기타,1,10:00,14:00,,0,0,0,0,1,0,0,0,0,1
2022-02-25,9,8회,208,경복궁 수문장 교대의식,경복궁 수문장 교대의식,수문장 교대의식,경복궁,재현,관람형,현장참여,2022,2,25,Friday,금,0,기타,1,10:00,14:00,,0,0,0,0,1,0,0,0,0,1
2022-02-26,9,8회,208,경복궁 수문장 교대의식,경복궁 수문장 교대의식,수문장 교대의식,경복궁,재현,관람형,현장참여,2022,2,26,Saturday,토,1,기타,1,10:00,14:00,,0,0,0,0,1,0,0,0,0,1
2022-02-27,9,8회,208,경복궁 수문장 교대의식,경복궁 수문장 교대의식,수문장 교대의식,경복궁,재현,관람형,현장참여,2022,2,27,Sunday,일,1,기타,1,10:00,14:00,,0,0,0,0,1,0,0,0,0,1
2022-02-28,9,8회,208,경복궁 수문장 교대의식,경복궁 수문장 교대의식,수문장 교대의식,경복궁,재현,관람형,현장참여,2022,2,28,Monday,월,0,기타,1,10:00,14:00,,0,0,0,0,1,0,0,0,0,1
2022-03-01,9,8회,208,경복궁 수문장 교대의식,경복궁 수문장 교대의식,수문장 교대의식,경복궁,재현,관람형,현장참여,2022,3,1,Tuesday,화,0,기타,1,10:00,14:00,,0,0,0,0,1,0,0,0,0,1
2022-03-02,9,8회,208,경복궁 수문장 교대의식,경복궁 수문장 교대의식,수문장 교대의식,경복궁,재현,관람형,현장참여,2022,3,2,Wednesday,수,0,기타,1,10:00,14:00,,0,0,0,0,1,0,0,0,0,1
2022-03-03,9,8회,208,경복궁 수문장 교대의식,경복궁 수문장 교대의식,수문장 교대의식,경복궁,재현,관람형,현장참여,2022,3,3,Thursday,목,0,기타,1,10:00,14:00,,0,0,0,0,1,0,0,0,0,1
2022-03-04,9,8회,208,경복궁 수문장 교대의식,경복궁 수문장 교대의식,수문장 교대의식,경복궁,재현,관람형,현장참여,2022,3,4,Friday,금,0,기타,1,10:00,14:00,,0,0,0,0,1,0,0,0,0,1
2022-03-05,9,8회,208,경복궁 수문장 교대의식,경복궁 수문장 교대의식,수문장 교대의식,경복궁,재현,관람형,현장참여,2022,3,5,Saturday,토,1,기타,1,10:00,14:00,,0,0,0,0,1,0,0,0,0,1
2022-03-06,9,8회,208,경복궁 수문장 교대의식,경복궁 수문장 교대의식,수문장 교대의식,경복궁,재현,관람형,현장참여,2022,3,6,Sunday,일,1,기타,1,10:00,14:00,,0,0,0,0,1,0,0,0,0,1
2022-03-07,9,8회,208,경복궁 수문장 교대의식,경복궁 수문장 교대의식,수문장 교대의식,경복궁,재현,관람형,현장참여,2022,3,7,Monday,월,0,기타,1,10:00,14:00,,0,0,0,0,1,0,0,0,0,1
2022-03-08,9,8회,208,경복궁 수문장 교대의식,경복궁 수문장 교대의식,수문장 교대의식,경복궁,재현,관람형,현장참여,2022,3,8,Tuesday,화,0,기타,1,10:00,14:00,,0,0,0,0,1,0,0,0,0,1
2022-03-09,9,8회,208,경복궁 수문장 교대의식,경복궁 수문장 교대의식,수문장 교대의식,경복궁,재현,관람형,현장참여,2022,3,9,Wednesday,수,0,기타,1,10:00,14:00,,0,0,0,0,1,0,0,0,0,1
2022-03-10,9,8회,208,경복궁 수문장 교대의식,경복궁 수문장 교대의식,수문장 교대의식,경복궁,재현,관람형,현장참여,2022,3,10,Thursday,목,0,기타,1,10:00,14:00,,0,0,0,0,1,0,0,0,0,1
2022-03-11,9,8회,208,경복궁 수문장 교대의식,경복궁 수문장 교대의식,수문장 교대의식,경복궁,재현,관람형,현장참여,2022,3,11,Friday,금,0,기타,1,10:00,14:00,,0,0,0,0,1,0,0,0,0,1
2022-03-12,9,8회,208,경복궁 수문장 교대의식,경복궁 수문장 교대의식,수문장 교대의식,경복궁,재현,관람형,현장참여,2022,3,12,Saturday,토,1,기타,1,10:00,14:00,,0,0,0,0,1,0,0,0,0,1
2022-03-13,9,8회,208,경복궁 수문장 교대의식,경복궁 수문장 교대의식,수문장 교대의식,경복궁,재현,관람형,현장참여,2022,3,13,Sunday,일,1,기타,1,10:00,14:00,,0,0,0,0,1,0,0,0,0,1
2022-03-14,9,8회,208,경복궁 수문장 교대의식,경복궁 수문장 교대의식,수문장 교대의식,경복궁,재현,관람형,현장참여,2022,3,14,Monday,월,0,기타,1,10:00,14:00,,0,0,0,0,1,0,0,0,0,1
2022-03-15,9,8회,208,경복궁 수문장 교대의식,경복궁 수문장 교대의식,수문장 교대의식,경복궁,재현,관람형,현장참여,2022,3,15,Tuesday,화,0,기타,1,10:00,14:00,,0,0,0,0,1,0,0,0,0,1
2022-03-16,9,8회,208,경복궁 수문장 교대의식,경복궁 수문장 교대의식,수문장 교대의식,경복궁,재현,관람형,현장참여,2022,3,16,Wednesday,수,0,기타,1,10:00,14:00,,0,0,0,0,1,0,0,0,0,1
2022-03-17,9,8회,208,경복궁 수문장 교대의식,경복궁 수문장 교대의식,수문장 교대의식,경복궁,재현,관람형,현장참여,2022,3,17,Thursday,목,0,기타,1,10:00,14:00,,0,0,0,0,1,0,0,0,0,1
2022-03-18,9,8회,208,경복궁 수문장 교대의식,경복궁 수문장 교대의식,수문장 교대의식,경복궁,재현,관람형,현장참여,2022,3,18,Friday,금,0,기타,1,10:00,14:00,,0,0,0,0,1,0,0,0,0,1
2022-03-19,9,8회,208,경복궁 수문장 교대의식,경복궁 수문장 교대의식,수문장 교대의식,경복궁,재현,관람형,현장참여,2022,3,19,Saturday,토,1,기타,1,10:00,14:00,,0,0,0,0,1,0,0,0,0,1
2022-03-20,9,8회,208,경복궁 수문장 교대의식,경복궁 수문장 교대의식,수문장 교대의식,경복궁,재현,관람형,현장참여,2022,3,20,Sunday,일,1,기타,1,10:00,14:00,,0,0,0,0,1,0,0,0,0,1
2022-03-21,9,8회,208,경복궁 수문장 교대의식,경복궁 수문장 교대의식,수문장 교대의식,경복궁,재현,관람형,현장참여,2022,3,21,Monday,월,0,기타,1,10:00,14:00,,0,0,0,0,1,0,0,0,0,1
2022-03-22,9,8회,208,경복궁 수문장 교대의식,경복궁 수문장 교대의식,수문장 교대의식,경복궁,재현,관람형,현장참여,2022,3,22,Tuesday,화,0,기타,1,10:00,14:00,,0,0,0,0,1,0,0,0,0,1
2022-03-23,9,8회,208,경복궁 수문장 교대의식,경복궁 수문장 교대의식,수문장 교대의식,경복궁,재현,관람형,현장참여,2022,3,23,Wednesday,수,0,기타,1,10:00,14:00,,0,0,0,0,1,0,0,0,0,1
2022-03-24,9,8회,208,경복궁 수문장 교대의식,경복궁 수문장 교대의식,수문장 교대의식,경복궁,재현,관람형,현장참여,2022,3,24,Thursday,목,0,기타,1,10:00,14:00,,0,0,0,0,1,0,0,0,0,1
2022-03-25,9,8회,208,경복궁 수문장 교대의식,경복궁 수문장 교대의식,수문장 교대의식,경복궁,재현,관람형,현장참여,2022,3,25,Friday,금,0,기타,1,10:00,14:00,,0,0,0,0,1,0,0,0,0,1
2022-03-26,9,8회,208,경복궁 수문장 교대의식,경복궁 수문장 교대의식,수문장 교대의식,경복궁,재현,관람형,현장참여,2022,3,26,Saturday,토,1,기타,1,10:00,14:00,,0,0,0,0,1,0,0,0,0,1
2022-03-27,9,8회,208,경복궁 수문장 교대의식,경복궁 수문장 교대의식,수문장 교대의식,경복궁,재현,관람형,현장참여,2022,3,27,Sunday,일,1,기타,1,10:00,14:00,,0,0,0,0,1,0,0,0,0,1
2022-03-28,9,8회,208,경복궁 수문장 교대의식,경복궁 수문장 교대의식,수문장 교대의식,경복궁,재현,관람형,현장참여,2022,3,28,Monday,월,0,기타,1,10:00,14:00,,0,0,0,0,1,0,0,0,0,1
2022-03-29,9,8회,208,경복궁 수문장 교대의식,경복궁 수문장 교대의식,수문장 교대의식,경복궁,재현,관람형,현장참여,2022,3,29,Tuesday,화,0,기타,1,10:00,14:00,,0,0,0,0,1,0,0,0,0,1
2022-03-30,9,8회,208,경복궁 수문장 교대의식,경복궁 수문장 교대의식,수문장 교대의식,경복궁,재현,관람형,현장참여,2022,3,30,Wednesday,수,0,기타,1,10:00,14:00,,0,0,0,0,1,0,0,0,0,1
2022-03-31,9,8회,208,경복궁 수문장 교대의식,경복궁 수문장 교대의식,수문장 교대의식,경복궁,재현,관람형,현장참여,2022,3,31,Thursday,목,0,기타,1,10:00,14:00,,0,0,0,0,1,0,0,0,0,1
2022-04-01,9,8회,208,경복궁 수문장 교대의식,경복궁 수문장 교대의식,수문장 교대의식,경복궁,재현,관람형,현장참여,2022,4,1,Friday,금,0,기타,1,10:00,14:00,,0,0,0,0,1,0,0,0,0,1
2022-04-02,9,8회,208,경복궁 수문장 교대의식,경복궁 수문장 교대의식,수문장 교대의식,경복궁,재현,관람형,현장참여,2022,4,2,Saturday,토,1,기타,1,10:00,14:00,,0,0,0,0,1,0,0,0,0,1
2022-04-03,9,8회,208,경복궁 수문장 교대의식,경복궁 수문장 교대의식,수문장 교대의식,경복궁,재현,관람형,현장참여,2022,4,3,Sunday,일,1,기타,1,10:00,14:00,,0,0,0,0,1,0,0,0,0,1
2022-04-04,9,8회,208,경복궁 수문장 교대의식,경복궁 수문장 교대의식,수문장 교대의식,경복궁,재현,관람형,현장참여,2022,4,4,Monday,월,0,기타,1,10:00,14:00,,0,0,0,0,1,0,0,0,0,1
2022-04-05,9,8회,208,경복궁 수문장 교대의식,경복궁 수문장 교대의식,수문장 교대의식,경복궁,재현,관람형,현장참여,2022,4,5,Tuesday,화,0,기타,1,10:00,14:00,,0,0,0,0,1,0,0,0,0,1
2022-04-06,9,8회,208,경복궁 수문장 교대의식,경복궁 수문장 교대의식,수문장 교대의식,경복궁,재현,관람형,현장참여,2022,4,6,Wednesday,수,0,기타,1,10:00,14:00,,0,0,0,0,1,0,0,0,0,1
2022-04-07,9,8회,208,경복궁 수문장 교대의식,경복궁 수문장 교대의식,수문장 교대의식,경복궁,재현,관람형,현장참여,2022,4,7,Thursday,목,0,기타,1,10:00,14:00,,0,0,0,0,1,0,0,0,0,1
2022-04-08,9,8회,208,경복궁 수문장 교대의식,경복궁 수문장 교대의식,수문장 교대의식,경복궁,재현,관람형,현장참여,2022,4,8,Friday,금,0,기타,1,10:00,14:00,,0,0,0,0,1,0,0,0,0,1
2022-04-09,9,8회,208,경복궁 수문장 교대의식,경복궁 수문장 교대의식,수문장 교대의식,경복궁,재현,관람형,현장참여,2022,4,9,Saturday,토,1,기타,1,10:00,14:00,,0,0,0,0,1,0,0,0,0,1
2022-04-10,9,8회,208,경복궁 수문장 교대의식,경복궁 수문장 교대의식,수문장 교대의식,경복궁,재현,관람형,현장참여,2022,4,10,Sunday,일,1,기타,1,10:00,14:00,,0,0,0,0,1,0,0,0,0,1
2022-04-11,9,8회,208,경복궁 수문장 교대의식,경복궁 수문장 교대의식,수문장 교대의식,경복궁,재현,관람형,현장참여,2022,4,11,Monday,월,0,기타,1,10:00,14:00,,0,0,0,0,1,0,0,0,0,1
2022-04-12,9,8회,208,경복궁 수문장 교대의식,경복궁 수문장 교대의식,수문장 교대의식,경복궁,재현,관람형,현장참여,2022,4,12,Tuesday,화,0,기타,1,10:00,14:00,,0,0,0,0,1,0,0,0,0,1
2022-04-13,9,8회,208,경복궁 수문장 교대의식,경복궁 수문장 교대의식,수문장 교대의식,경복궁,재현,관람형,현장참여,2022,4,13,Wednesday,수,0,기타,1,10:00,14:00,,0,0,0,0,1,0,0,0,0,1
2022-04-14,9,8회,208,경복궁 수문장 교대의식,경복궁 수문장 교대의식,수문장 교대의식,경복궁,재현,관람형,현장참여,2022,4,14,Thursday,목,0,기타,1,10:00,14:00,,0,0,0,0,1,0,0,0,0,1
2022-04-15,9,8회,208,경복궁 수문장 교대의식,경복궁 수문장 교대의식,수문장 교대의식,경복궁,재현,관람형,현장참여,2022,4,15,Friday,금,0,기타,1,10:00,14:00,,0,0,0,0,1,0,0,0,0,1
2022-04-16,9,8회,208,경복궁 수문장 교대의식,경복궁 수문장 교대의식,수문장 교대의식,경복궁,재현,관람형,현장참여,2022,4,16,Saturday,토,1,기타,1,10:00,14:00,,0,0,0,0,1,0,0,0,0,1
2022-04-17,9,8회,208,경복궁 수문장 교대의식,경복궁 수문장 교대의식,수문장 교대의식,경복궁,재현,관람형,현장참여,2022,4,17,Sunday,일,1,기타,1,10:00,14:00,,0,0,0,0,1,0,0,0,0,1
2022-04-18,9,8회,208,경복궁 수문장 교대의식,경복궁 수문장 교대의식,수문장 교대의식,경복궁,재현,관람형,현장참여,2022,4,18,Monday,월,0,기타,1,10:00,14:00,,0,0,0,0,1,0,0,0,0,1
2022-04-19,9,8회,208,경복궁 수문장 교대의식,경복궁 수문장 교대의식,수문장 교대의식,경복궁,재현,관람형,현장참여,2022,4,19,Tuesday,화,0,기타,1,10:00,14:00,,0,0,0,0,1,0,0,0,0,1
2022-04-20,9,8회,208,경복궁 수문장 교대의식,경복궁 수문장 교대의식,수문장 교대의식,경복궁,재현,관람형,현장참여,2022,4,20,Wednesday,수,0,기타,1,10:00,14:00,,0,0,0,0,1,0,0,0,0,1
2022-04-21,9,8회,208,경복궁 수문장 교대의식,경복궁 수문장 교대의식,수문장 교대의식,경복궁,재현,관람형,현장참여,2022,4,21,Thursday,목,0,기타,1,10:00,14:00,,0,0,0,0,1,0,0,0,0,1
2022-04-22,9,8회,208,경복궁 수문장 교대의식,경복궁 수문장 교대의식,수문장 교대의식,경복궁,재현,관람형,현장참여,2022,4,22,Friday,금,0,기타,1,10:00,14:00,,0,0,0,0,1,0,0,0,0,1
2022-04-23,9,8회,208,경복궁 수문장 교대의식,경복궁 수문장 교대의식,수문장 교대의식,경복궁,재현,관람형,현장참여,2022,4,23,Saturday,토,1,기타,1,10:00,14:00,,0,0,0,0,1,0,0,0,0,1
2022-04-24,9,8회,208,경복궁 수문장 교대의식,경복궁 수문장 교대의식,수문장 교대의식,경복궁,재현,관람형,현장참여,2022,4,24,Sunday,일,1,기타,1,10:00,14:00,,0,0,0,0,1,0,0,0,0,1
2022-04-25,9,8회,208,경복궁 수문장 교대의식,경복궁 수문장 교대의식,수문장 교대의식,경복궁,재현,관람형,현장참여,2022,4,25,Monday,월,0,기타,1,10:00,14:00,,0,0,0,0,1,0,0,0,0,1
2022-04-26,9,8회,208,경복궁 수문장 교대의식,경복궁 수문장 교대의식,수문장 교대의식,경복궁,재현,관람형,현장참여,2022,4,26,Tuesday,화,0,기타,1,10:00,14:00,,0,0,0,0,1,0,0,0,0,1
2022-04-27,9,8회,208,경복궁 수문장 교대의식,경복궁 수문장 교대의식,수문장 교대의식,경복궁,재현,관람형,현장참여,2022,4,27,Wednesday,수,0,기타,1,10:00,14:00,,0,0,0,0,1,0,0,0,0,1
2022-04-28,9,8회,208,경복궁 수문장 교대의식,경복궁 수문장 교대의식,수문장 교대의식,경복궁,재현,관람형,현장참여,2022,4,28,Thursday,목,0,기타,1,10:00,14:00,,0,0,0,0,1,0,0,0,0,1
2022-04-29,9,8회,208,경복궁 수문장 교대의식,경복궁 수문장 교대의식,수문장 교대의식,경복궁,재현,관람형,현장참여,2022,4,29,Friday,금,0,기타,1,10:00,14:00,,0,0,0,0,1,0,0,0,0,1
2022-04-30,9,8회,208,경복궁 수문장 교대의식,경복궁 수문장 교대의식,수문장 교대의식,경복궁,재현,관람형,현장참여,2022,4,30,Saturday,토,1,기타,1,10:00,14:00,,0,0,0,0,1,0,0,0,0,1
2022-05-01,9,8회,208,경복궁 수문장 교대의식,경복궁 수문장 교대의식,수문장 교대의식,경복궁,재현,관람형,현장참여,2022,5,1,Sunday,일,1,기타,1,10:00,14:00,,0,0,0,0,1,0,0,0,0,1
2022-05-02,9,8회,208,경복궁 수문장 교대의식,경복궁 수문장 교대의식,수문장 교대의식,경복궁,재현,관람형,현장참여,2022,5,2,Monday,월,0,기타,1,10:00,14:00,,0,0,0,0,1,0,0,0,0,1
2022-05-03,9,8회,208,경복궁 수문장 교대의식,경복궁 수문장 교대의식,수문장 교대의식,경복궁,재현,관람형,현장참여,2022,5,3,Tuesday,화,0,기타,1,10:00,14:00,,0,0,0,0,1,0,0,0,0,1
2022-05-04,9,8회,208,경복궁 수문장 교대의식,경복궁 수문장 교대의식,수문장 교대의식,경복궁,재현,관람형,현장참여,2022,5,4,Wednesday,수,0,기타,1,10:00,14:00,,0,0,0,0,1,0,0,0,0,1
2022-05-05,9,8회,208,경복궁 수문장 교대의식,경복궁 수문장 교대의식,수문장 교대의식,경복궁,재현,관람형,현장참여,2022,5,5,Thursday,목,0,기타,1,10:00,14:00,,0,0,0,0,1,0,0,0,0,1
2022-05-06,9,8회,208,경복궁 수문장 교대의식,경복궁 수문장 교대의식,수문장 교대의식,경복궁,재현,관람형,현장참여,2022,5,6,Friday,금,0,기타,1,10:00,14:00,,0,0,0,0,1,0,0,0,0,1
2022-05-07,9,8회,208,경복궁 수문장 교대의식,경복궁 수문장 교대의식,수문장 교대의식,경복궁,재현,관람형,현장참여,2022,5,7,Saturday,토,1,기타,1,10:00,14:00,,0,0,0,0,1,0,0,0,0,1
2022-05-08,9,8회,208,경복궁 수문장 교대의식,경복궁 수문장 교대의식,수문장 교대의식,경복궁,재현,관람형,현장참여,2022,5,8,Sunday,일,1,기타,1,10:00,14:00,,0,0,0,0,1,0,0,0,0,1
2022-05-09,9,8회,208,경복궁 수문장 교대의식,경복궁 수문장 교대의식,수문장 교대의식,경복궁,재현,관람형,현장참여,2022,5,9,Monday,월,0,기타,1,10:00,14:00,,0,0,0,0,1,0,0,0,0,1
2022-05-10,9,8회,208,경복궁 수문장 교대의식,경복궁 수문장 교대의식,수문장 교대의식,경복궁,재현,관람형,현장참여,2022,5,10,Tuesday,화,0,기타,1,10:00,14:00,,0,0,0,0,1,0,0,0,0,1
2022-05-11,9,8회,208,경복궁 수문장 교대의식,경복궁 수문장 교대의식,수문장 교대의식,경복궁,재현,관람형,현장참여,2022,5,11,Wednesday,수,0,기타,1,10:00,14:00,,0,0,0,0,1,0,0,0,0,1
2022-05-12,9,8회,208,경복궁 수문장 교대의식,경복궁 수문장 교대의식,수문장 교대의식,경복궁,재현,관람형,현장참여,2022,5,12,Thursday,목,0,기타,1,10:00,14:00,,0,0,0,0,1,0,0,0,0,1
2022-05-13,9,8회,208,경복궁 수문장 교대의식,경복궁 수문장 교대의식,수문장 교대의식,경복궁,재현,관람형,현장참여,2022,5,13,Friday,금,0,기타,1,10:00,14:00,,0,0,0,0,1,0,0,0,0,1
2022-05-14,9,8회,208,경복궁 수문장 교대의식,경복궁 수문장 교대의식,수문장 교대의식,경복궁,재현,관람형,현장참여,2022,5,14,Saturday,토,1,기타,1,10:00,14:00,,0,0,0,0,1,0,0,0,0,1
2022-05-15,9,8회,208,경복궁 수문장 교대의식,경복궁 수문장 교대의식,수문장 교대의식,경복궁,재현,관람형,현장참여,2022,5,15,Sunday,일,1,기타,1,10:00,14:00,,0,0,0,0,1,0,0,0,0,1
2022-05-16,9,8회,208,경복궁 수문장 교대의식,경복궁 수문장 교대의식,수문장 교대의식,경복궁,재현,관람형,현장참여,2022,5,16,Monday,월,0,기타,1,10:00,14:00,,0,0,0,0,1,0,0,0,0,1
2022-05-17,9,8회,208,경복궁 수문장 교대의식,경복궁 수문장 교대의식,수문장 교대의식,경복궁,재현,관람형,현장참여,2022,5,17,Tuesday,화,0,기타,1,10:00,14:00,,0,0,0,0,1,0,0,0,0,1
2022-05-18,9,8회,208,경복궁 수문장 교대의식,경복궁 수문장 교대의식,수문장 교대의식,경복궁,재현,관람형,현장참여,2022,5,18,Wednesday,수,0,기타,1,10:00,14:00,,0,0,0,0,1,0,0,0,0,1
2022-05-19,9,8회,208,경복궁 수문장 교대의식,경복궁 수문장 교대의식,수문장 교대의식,경복궁,재현,관람형,현장참여,2022,5,19,Thursday,목,0,기타,1,10:00,14:00,,0,0,0,0,1,0,0,0,0,1
2022-05-20,9,8회,208,경복궁 수문장 교대의식,경복궁 수문장 교대의식,수문장 교대의식,경복궁,재현,관람형,현장참여,2022,5,20,Friday,금,0,기타,1,10:00,14:00,,0,0,0,0,1,0,0,0,0,1
2022-05-21,9,8회,208,경복궁 수문장 교대의식,경복궁 수문장 교대의식,수문장 교대의식,경복궁,재현,관람형,현장참여,2022,5,21,Saturday,토,1,기타,1,10:00,14:00,,0,0,0,0,1,0,0,0,0,1
2022-05-22,9,8회,208,경복궁 수문장 교대의식,경복궁 수문장 교대의식,수문장 교대의식,경복궁,재현,관람형,현장참여,2022,5,22,Sunday,일,1,기타,1,10:00,14:00,,0,0,0,0,1,0,0,0,0,1
2022-05-23,9,8회,208,경복궁 수문장 교대의식,경복궁 수문장 교대의식,수문장 교대의식,경복궁,재현,관람형,현장참여,2022,5,23,Monday,월,0,기타,1,10:00,14:00,,0,0,0,0,1,0,0,0,0,1
2022-05-24,9,8회,208,경복궁 수문장 교대의식,경복궁 수문장 교대의식,수문장 교대의식,경복궁,재현,관람형,현장참여,2022,5,24,Tuesday,화,0,기타,1,10:00,14:00,,0,0,0,0,1,0,0,0,0,1
2022-05-25,9,8회,208,경복궁 수문장 교대의식,경복궁 수문장 교대의식,수문장 교대의식,경복궁,재현,관람형,현장참여,2022,5,25,Wednesday,수,0,기타,1,10:00,14:00,,0,0,0,0,1,0,0,0,0,1
2022-05-26,9,8회,208,경복궁 수문장 교대의식,경복궁 수문장 교대의식,수문장 교대의식,경복궁,재현,관람형,현장참여,2022,5,26,Thursday,목,0,기타,1,10:00,14:00,,0,0,0,0,1,0,0,0,0,1
2022-05-27,9,8회,208,경복궁 수문장 교대의식,경복궁 수문장 교대의식,수문장 교대의식,경복궁,재현,관람형,현장참여,2022,5,27,Friday,금,0,기타,1,10:00,14:00,,0,0,0,0,1,0,0,0,0,1
2022-05-28,9,8회,208,경복궁 수문장 교대의식,경복궁 수문장 교대의식,수문장 교대의식,경복궁,재현,관람형,현장참여,2022,5,28,Saturday,토,1,기타,1,10:00,14:00,,0,0,0,0,1,0,0,0,0,1
2022-05-29,9,8회,208,경복궁 수문장 교대의식,경복궁 수문장 교대의식,수문장 교대의식,경복궁,재현,관람형,현장참여,2022,5,29,Sunday,일,1,기타,1,10:00,14:00,,0,0,0,0,1,0,0,0,0,1
2022-05-30,9,8회,208,경복궁 수문장 교대의식,경복궁 수문장 교대의식,수문장 교대의식,경복궁,재현,관람형,현장참여,2022,5,30,Monday,월,0,기타,1,10:00,14:00,,0,0,0,0,1,0,0,0,0,1
2022-05-31,9,8회,208,경복궁 수문장 교대의식,경복궁 수문장 교대의식,수문장 교대의식,경복궁,재현,관람형,현장참여,2022,5,31,Tuesday,화,0,기타,1,10:00,14:00,,0,0,0,0,1,0,0,0,0,1
2022-06-01,9,8회,208,경복궁 수문장 교대의식,경복궁 수문장 교대의식,수문장 교대의식,경복궁,재현,관람형,현장참여,2022,6,1,Wednesday,수,0,기타,1,10:00,14:00,,0,0,0,0,1,0,0,0,0,1
2022-06-02,9,8회,208,경복궁 수문장 교대의식,경복궁 수문장 교대의식,수문장 교대의식,경복궁,재현,관람형,현장참여,2022,6,2,Thursday,목,0,기타,1,10:00,14:00,,0,0,0,0,1,0,0,0,0,1
2022-06-03,9,8회,208,경복궁 수문장 교대의식,경복궁 수문장 교대의식,수문장 교대의식,경복궁,재현,관람형,현장참여,2022,6,3,Friday,금,0,기타,1,10:00,14:00,,0,0,0,0,1,0,0,0,0,1
2022-06-04,9,8회,208,경복궁 수문장 교대의식,경복궁 수문장 교대의식,수문장 교대의식,경복궁,재현,관람형,현장참여,2022,6,4,Saturday,토,1,기타,1,10:00,14:00,,0,0,0,0,1,0,0,0,0,1
2022-06-05,9,8회,208,경복궁 수문장 교대의식,경복궁 수문장 교대의식,수문장 교대의식,경복궁,재현,관람형,현장참여,2022,6,5,Sunday,일,1,기타,1,10:00,14:00,,0,0,0,0,1,0,0,0,0,1
2022-06-06,9,8회,208,경복궁 수문장 교대의식,경복궁 수문장 교대의식,수문장 교대의식,경복궁,재현,관람형,현장참여,2022,6,6,Monday,월,0,기타,1,10:00,14:00,,0,0,0,0,1,0,0,0,0,1
2022-06-07,9,8회,208,경복궁 수문장 교대의식,경복궁 수문장 교대의식,수문장 교대의식,경복궁,재현,관람형,현장참여,2022,6,7,Tuesday,화,0,기타,1,10:00,14:00,,0,0,0,0,1,0,0,0,0,1
2022-06-08,9,8회,208,경복궁 수문장 교대의식,경복궁 수문장 교대의식,수문장 교대의식,경복궁,재현,관람형,현장참여,2022,6,8,Wednesday,수,0,기타,1,10:00,14:00,,0,0,0,0,1,0,0,0,0,1
2022-06-09,9,8회,208,경복궁 수문장 교대의식,경복궁 수문장 교대의식,수문장 교대의식,경복궁,재현,관람형,현장참여,2022,6,9,Thursday,목,0,기타,1,10:00,14:00,,0,0,0,0,1,0,0,0,0,1
2022-06-10,9,8회,208,경복궁 수문장 교대의식,경복궁 수문장 교대의식,수문장 교대의식,경복궁,재현,관람형,현장참여,2022,6,10,Friday,금,0,기타,1,10:00,14:00,,0,0,0,0,1,0,0,0,0,1
2022-06-11,9,8회,208,경복궁 수문장 교대의식,경복궁 수문장 교대의식,수문장 교대의식,경복궁,재현,관람형,현장참여,2022,6,11,Saturday,토,1,기타,1,10:00,14:00,,0,0,0,0,1,0,0,0,0,1
2022-06-12,9,8회,208,경복궁 수문장 교대의식,경복궁 수문장 교대의식,수문장 교대의식,경복궁,재현,관람형,현장참여,2022,6,12,Sunday,일,1,기타,1,10:00,14:00,,0,0,0,0,1,0,0,0,0,1
2022-06-13,9,8회,208,경복궁 수문장 교대의식,경복궁 수문장 교대의식,수문장 교대의식,경복궁,재현,관람형,현장참여,2022,6,13,Monday,월,0,기타,1,10:00,14:00,,0,0,0,0,1,0,0,0,0,1
2022-06-14,9,8회,208,경복궁 수문장 교대의식,경복궁 수문장 교대의식,수문장 교대의식,경복궁,재현,관람형,현장참여,2022,6,14,Tuesday,화,0,기타,1,10:00,14:00,,0,0,0,0,1,0,0,0,0,1
2022-06-15,9,8회,208,경복궁 수문장 교대의식,경복궁 수문장 교대의식,수문장 교대의식,경복궁,재현,관람형,현장참여,2022,6,15,Wednesday,수,0,기타,1,10:00,14:00,,0,0,0,0,1,0,0,0,0,1
2022-06-16,9,8회,208,경복궁 수문장 교대의식,경복궁 수문장 교대의식,수문장 교대의식,경복궁,재현,관람형,현장참여,2022,6,16,Thursday,목,0,기타,1,10:00,14:00,,0,0,0,0,1,0,0,0,0,1
2022-06-17,9,8회,208,경복궁 수문장 교대의식,경복궁 수문장 교대의식,수문장 교대의식,경복궁,재현,관람형,현장참여,2022,6,17,Friday,금,0,기타,1,10:00,14:00,,0,0,0,0,1,0,0,0,0,1
2022-06-18,9,8회,208,경복궁 수문장 교대의식,경복궁 수문장 교대의식,수문장 교대의식,경복궁,재현,관람형,현장참여,2022,6,18,Saturday,토,1,기타,1,10:00,14:00,,0,0,0,0,1,0,0,0,0,1
2022-06-19,9,8회,208,경복궁 수문장 교대의식,경복궁 수문장 교대의식,수문장 교대의식,경복궁,재현,관람형,현장참여,2022,6,19,Sunday,일,1,기타,1,10:00,14:00,,0,0,0,0,1,0,0,0,0,1
2022-06-20,9,8회,208,경복궁 수문장 교대의식,경복궁 수문장 교대의식,수문장 교대의식,경복궁,재현,관람형,현장참여,2022,6,20,Monday,월,0,기타,1,10:00,14:00,,0,0,0,0,1,0,0,0,0,1
2022-06-21,9,8회,208,경복궁 수문장 교대의식,경복궁 수문장 교대의식,수문장 교대의식,경복궁,재현,관람형,현장참여,2022,6,21,Tuesday,화,0,기타,1,10:00,14:00,,0,0,0,0,1,0,0,0,0,1
2022-06-22,9,8회,208,경복궁 수문장 교대의식,경복궁 수문장 교대의식,수문장 교대의식,경복궁,재현,관람형,현장참여,2022,6,22,Wednesday,수,0,기타,1,10:00,14:00,,0,0,0,0,1,0,0,0,0,1
2022-06-23,9,8회,208,경복궁 수문장 교대의식,경복궁 수문장 교대의식,수문장 교대의식,경복궁,재현,관람형,현장참여,2022,6,23,Thursday,목,0,기타,1,10:00,14:00,,0,0,0,0,1,0,0,0,0,1
2022-06-24,9,8회,208,경복궁 수문장 교대의식,경복궁 수문장 교대의식,수문장 교대의식,경복궁,재현,관람형,현장참여,2022,6,24,Friday,금,0,기타,1,10:00,14:00,,0,0,0,0,1,0,0,0,0,1
2022-06-25,9,8회,208,경복궁 수문장 교대의식,경복궁 수문장 교대의식,수문장 교대의식,경복궁,재현,관람형,현장참여,2022,6,25,Saturday,토,1,기타,1,10:00,14:00,,0,0,0,0,1,0,0,0,0,1
2022-06-26,9,8회,208,경복궁 수문장 교대의식,경복궁 수문장 교대의식,수문장 교대의식,경복궁,재현,관람형,현장참여,2022,6,26,Sunday,일,1,기타,1,10:00,14:00,,0,0,0,0,1,0,0,0,0,1
2022-06-27,9,8회,208,경복궁 수문장 교대의식,경복궁 수문장 교대의식,수문장 교대의식,경복궁,재현,관람형,현장참여,2022,6,27,Monday,월,0,기타,1,10:00,14:00,,0,0,0,0,1,0,0,0,0,1
2022-06-28,9,8회,208,경복궁 수문장 교대의식,경복궁 수문장 교대의식,수문장 교대의식,경복궁,재현,관람형,현장참여,2022,6,28,Tuesday,화,0,기타,1,10:00,14:00,,0,0,0,0,1,0,0,0,0,1
2022-06-29,9,8회,208,경복궁 수문장 교대의식,경복궁 수문장 교대의식,수문장 교대의식,경복궁,재현,관람형,현장참여,2022,6,29,Wednesday,수,0,기타,1,10:00,14:00,,0,0,0,0,1,0,0,0,0,1
2022-06-30,9,8회,208,경복궁 수문장 교대의식,경복궁 수문장 교대의식,수문장 교대의식,경복궁,재현,관람형,현장참여,2022,6,30,Thursday,목,0,기타,1,10:00,14:00,,0,0,0,0,1,0,0,0,0,1
2022-07-01,9,8회,208,경복궁 수문장 교대의식,경복궁 수문장 교대의식,수문장 교대의식,경복궁,재현,관람형,현장참여,2022,7,1,Friday,금,0,기타,1,10:00,14:00,,0,0,0,0,1,0,0,0,0,1
2022-07-02,9,8회,208,경복궁 수문장 교대의식,경복궁 수문장 교대의식,수문장 교대의식,경복궁,재현,관람형,현장참여,2022,7,2,Saturday,토,1,기타,1,10:00,14:00,,0,0,0,0,1,0,0,0,0,1
2022-07-03,9,8회,208,경복궁 수문장 교대의식,경복궁 수문장 교대의식,수문장 교대의식,경복궁,재현,관람형,현장참여,2022,7,3,Sunday,일,1,기타,1,10:00,14:00,,0,0,0,0,1,0,0,0,0,1
2022-07-04,9,8회,208,경복궁 수문장 교대의식,경복궁 수문장 교대의식,수문장 교대의식,경복궁,재현,관람형,현장참여,2022,7,4,Monday,월,0,기타,1,10:00,14:00,,0,0,0,0,1,0,0,0,0,1
2022-07-05,9,8회,208,경복궁 수문장 교대의식,경복궁 수문장 교대의식,수문장 교대의식,경복궁,재현,관람형,현장참여,2022,7,5,Tuesday,화,0,기타,1,10:00,14:00,,0,0,0,0,1,0,0,0,0,1
2022-07-06,9,8회,208,경복궁 수문장 교대의식,경복궁 수문장 교대의식,수문장 교대의식,경복궁,재현,관람형,현장참여,2022,7,6,Wednesday,수,0,기타,1,10:00,14:00,,0,0,0,0,1,0,0,0,0,1
2022-07-07,9,8회,208,경복궁 수문장 교대의식,경복궁 수문장 교대의식,수문장 교대의식,경복궁,재현,관람형,현장참여,2022,7,7,Thursday,목,0,기타,1,10:00,14:00,,0,0,0,0,1,0,0,0,0,1
2022-07-08,9,8회,208,경복궁 수문장 교대의식,경복궁 수문장 교대의식,수문장 교대의식,경복궁,재현,관람형,현장참여,2022,7,8,Friday,금,0,기타,1,10:00,14:00,,0,0,0,0,1,0,0,0,0,1
2022-07-09,9,8회,208,경복궁 수문장 교대의식,경복궁 수문장 교대의식,수문장 교대의식,경복궁,재현,관람형,현장참여,2022,7,9,Saturday,토,1,기타,1,10:00,14:00,,0,0,0,0,1,0,0,0,0,1
2022-07-10,9,8회,208,경복궁 수문장 교대의식,경복궁 수문장 교대의식,수문장 교대의식,경복궁,재현,관람형,현장참여,2022,7,10,Sunday,일,1,기타,1,10:00,14:00,,0,0,0,0,1,0,0,0,0,1
2022-07-11,9,8회,208,경복궁 수문장 교대의식,경복궁 수문장 교대의식,수문장 교대의식,경복궁,재현,관람형,현장참여,2022,7,11,Monday,월,0,기타,1,10:00,14:00,,0,0,0,0,1,0,0,0,0,1
2022-07-12,9,8회,208,경복궁 수문장 교대의식,경복궁 수문장 교대의식,수문장 교대의식,경복궁,재현,관람형,현장참여,2022,7,12,Tuesday,화,0,기타,1,10:00,14:00,,0,0,0,0,1,0,0,0,0,1
2022-07-13,9,8회,208,경복궁 수문장 교대의식,경복궁 수문장 교대의식,수문장 교대의식,경복궁,재현,관람형,현장참여,2022,7,13,Wednesday,수,0,기타,1,10:00,14:00,,0,0,0,0,1,0,0,0,0,1
2022-07-14,9,8회,208,경복궁 수문장 교대의식,경복궁 수문장 교대의식,수문장 교대의식,경복궁,재현,관람형,현장참여,2022,7,14,Thursday,목,0,기타,1,10:00,14:00,,0,0,0,0,1,0,0,0,0,1
2022-07-15,9,8회,208,경복궁 수문장 교대의식,경복궁 수문장 교대의식,수문장 교대의식,경복궁,재현,관람형,현장참여,2022,7,15,Friday,금,0,기타,1,10:00,14:00,,0,0,0,0,1,0,0,0,0,1
2022-07-16,9,8회,208,경복궁 수문장 교대의식,경복궁 수문장 교대의식,수문장 교대의식,경복궁,재현,관람형,현장참여,2022,7,16,Saturday,토,1,기타,1,10:00,14:00,,0,0,0,0,1,0,0,0,0,1
2022-07-17,9,8회,208,경복궁 수문장 교대의식,경복궁 수문장 교대의식,수문장 교대의식,경복궁,재현,관람형,현장참여,2022,7,17,Sunday,일,1,기타,1,10:00,14:00,,0,0,0,0,1,0,0,0,0,1
2022-07-18,9,8회,208,경복궁 수문장 교대의식,경복궁 수문장 교대의식,수문장 교대의식,경복궁,재현,관람형,현장참여,2022,7,18,Monday,월,0,기타,1,10:00,14:00,,0,0,0,0,1,0,0,0,0,1
2022-07-19,9,8회,208,경복궁 수문장 교대의식,경복궁 수문장 교대의식,수문장 교대의식,경복궁,재현,관람형,현장참여,2022,7,19,Tuesday,화,0,기타,1,10:00,14:00,,0,0,0,0,1,0,0,0,0,1
2022-07-20,9,8회,208,경복궁 수문장 교대의식,경복궁 수문장 교대의식,수문장 교대의식,경복궁,재현,관람형,현장참여,2022,7,20,Wednesday,수,0,기타,1,10:00,14:00,,0,0,0,0,1,0,0,0,0,1
2022-07-21,9,8회,208,경복궁 수문장 교대의식,경복궁 수문장 교대의식,수문장 교대의식,경복궁,재현,관람형,현장참여,2022,7,21,Thursday,목,0,기타,1,10:00,14:00,,0,0,0,0,1,0,0,0,0,1
2022-07-22,9,8회,208,경복궁 수문장 교대의식,경복궁 수문장 교대의식,수문장 교대의식,경복궁,재현,관람형,현장참여,2022,7,22,Friday,금,0,기타,1,10:00,14:00,,0,0,0,0,1,0,0,0,0,1
2022-07-23,9,8회,208,경복궁 수문장 교대의식,경복궁 수문장 교대의식,수문장 교대의식,경복궁,재현,관람형,현장참여,2022,7,23,Saturday,토,1,기타,1,10:00,14:00,,0,0,0,0,1,0,0,0,0,1
2022-07-24,9,8회,208,경복궁 수문장 교대의식,경복궁 수문장 교대의식,수문장 교대의식,경복궁,재현,관람형,현장참여,2022,7,24,Sunday,일,1,기타,1,10:00,14:00,,0,0,0,0,1,0,0,0,0,1
2022-07-25,9,8회,208,경복궁 수문장 교대의식,경복궁 수문장 교대의식,수문장 교대의식,경복궁,재현,관람형,현장참여,2022,7,25,Monday,월,0,기타,1,10:00,14:00,,0,0,0,0,1,0,0,0,0,1
2022-07-26,9,8회,208,경복궁 수문장 교대의식,경복궁 수문장 교대의식,수문장 교대의식,경복궁,재현,관람형,현장참여,2022,7,26,Tuesday,화,0,기타,1,10:00,14:00,,0,0,0,0,1,0,0,0,0,1
2022-07-27,9,8회,208,경복궁 수문장 교대의식,경복궁 수문장 교대의식,수문장 교대의식,경복궁,재현,관람형,현장참여,2022,7,27,Wednesday,수,0,기타,1,10:00,14:00,,0,0,0,0,1,0,0,0,0,1
2022-07-28,9,8회,208,경복궁 수문장 교대의식,경복궁 수문장 교대의식,수문장 교대의식,경복궁,재현,관람형,현장참여,2022,7,28,Thursday,목,0,기타,1,10:00,14:00,,0,0,0,0,1,0,0,0,0,1
2022-07-29,9,8회,208,경복궁 수문장 교대의식,경복궁 수문장 교대의식,수문장 교대의식,경복궁,재현,관람형,현장참여,2022,7,29,Friday,금,0,기타,1,10:00,14:00,,0,0,0,0,1,0,0,0,0,1
2022-07-30,9,8회,208,경복궁 수문장 교대의식,경복궁 수문장 교대의식,수문장 교대의식,경복궁,재현,관람형,현장참여,2022,7,30,Saturday,토,1,기타,1,10:00,14:00,,0,0,0,0,1,0,0,0,0,1
2022-07-31,9,8회,208,경복궁 수문장 교대의식,경복궁 수문장 교대의식,수문장 교대의식,경복궁,재현,관람형,현장참여,2022,7,31,Sunday,일,1,기타,1,10:00,14:00,,0,0,0,0,1,0,0,0,0,1
2022-08-01,9,8회,208,경복궁 수문장 교대의식,경복궁 수문장 교대의식,수문장 교대의식,경복궁,재현,관람형,현장참여,2022,8,1,Monday,월,0,기타,1,10:00,14:00,,0,0,0,0,1,0,0,0,0,1
2022-08-02,9,8회,208,경복궁 수문장 교대의식,경복궁 수문장 교대의식,수문장 교대의식,경복궁,재현,관람형,현장참여,2022,8,2,Tuesday,화,0,기타,1,10:00,14:00,,0,0,0,0,1,0,0,0,0,1
2022-08-03,9,8회,208,경복궁 수문장 교대의식,경복궁 수문장 교대의식,수문장 교대의식,경복궁,재현,관람형,현장참여,2022,8,3,Wednesday,수,0,기타,1,10:00,14:00,,0,0,0,0,1,0,0,0,0,1
2022-08-04,9,8회,208,경복궁 수문장 교대의식,경복궁 수문장 교대의식,수문장 교대의식,경복궁,재현,관람형,현장참여,2022,8,4,Thursday,목,0,기타,1,10:00,14:00,,0,0,0,0,1,0,0,0,0,1
2022-08-05,9,8회,208,경복궁 수문장 교대의식,경복궁 수문장 교대의식,수문장 교대의식,경복궁,재현,관람형,현장참여,2022,8,5,Friday,금,0,기타,1,10:00,14:00,,0,0,0,0,1,0,0,0,0,1
2022-08-06,9,8회,208,경복궁 수문장 교대의식,경복궁 수문장 교대의식,수문장 교대의식,경복궁,재현,관람형,현장참여,2022,8,6,Saturday,토,1,기타,1,10:00,14:00,,0,0,0,0,1,0,0,0,0,1
2022-08-07,9,8회,208,경복궁 수문장 교대의식,경복궁 수문장 교대의식,수문장 교대의식,경복궁,재현,관람형,현장참여,2022,8,7,Sunday,일,1,기타,1,10:00,14:00,,0,0,0,0,1,0,0,0,0,1
2022-08-08,9,8회,208,경복궁 수문장 교대의식,경복궁 수문장 교대의식,수문장 교대의식,경복궁,재현,관람형,현장참여,2022,8,8,Monday,월,0,기타,1,10:00,14:00,,0,0,0,0,1,0,0,0,0,1
2022-08-09,9,8회,208,경복궁 수문장 교대의식,경복궁 수문장 교대의식,수문장 교대의식,경복궁,재현,관람형,현장참여,2022,8,9,Tuesday,화,0,기타,1,10:00,14:00,,0,0,0,0,1,0,0,0,0,1
2022-08-10,9,8회,208,경복궁 수문장 교대의식,경복궁 수문장 교대의식,수문장 교대의식,경복궁,재현,관람형,현장참여,2022,8,10,Wednesday,수,0,기타,1,10:00,14:00,,0,0,0,0,1,0,0,0,0,1
2022-08-11,9,8회,208,경복궁 수문장 교대의식,경복궁 수문장 교대의식,수문장 교대의식,경복궁,재현,관람형,현장참여,2022,8,11,Thursday,목,0,기타,1,10:00,14:00,,0,0,0,0,1,0,0,0,0,1
2022-08-12,9,8회,208,경복궁 수문장 교대의식,경복궁 수문장 교대의식,수문장 교대의식,경복궁,재현,관람형,현장참여,2022,8,12,Friday,금,0,기타,1,10:00,14:00,,0,0,0,0,1,0,0,0,0,1
2022-08-13,9,8회,208,경복궁 수문장 교대의식,경복궁 수문장 교대의식,수문장 교대의식,경복궁,재현,관람형,현장참여,2022,8,13,Saturday,토,1,기타,1,10:00,14:00,,0,0,0,0,1,0,0,0,0,1
2022-08-14,9,8회,208,경복궁 수문장 교대의식,경복궁 수문장 교대의식,수문장 교대의식,경복궁,재현,관람형,현장참여,2022,8,14,Sunday,일,1,기타,1,10:00,14:00,,0,0,0,0,1,0,0,0,0,1
2022-08-15,9,8회,208,경복궁 수문장 교대의식,경복궁 수문장 교대의식,수문장 교대의식,경복궁,재현,관람형,현장참여,2022,8,15,Monday,월,0,기타,1,10:00,14:00,,0,0,0,0,1,0,0,0,0,1
2022-08-16,9,8회,208,경복궁 수문장 교대의식,경복궁 수문장 교대의식,수문장 교대의식,경복궁,재현,관람형,현장참여,2022,8,16,Tuesday,화,0,기타,1,10:00,14:00,,0,0,0,0,1,0,0,0,0,1
2022-08-17,9,8회,208,경복궁 수문장 교대의식,경복궁 수문장 교대의식,수문장 교대의식,경복궁,재현,관람형,현장참여,2022,8,17,Wednesday,수,0,기타,1,10:00,14:00,,0,0,0,0,1,0,0,0,0,1
2022-08-18,9,8회,208,경복궁 수문장 교대의식,경복궁 수문장 교대의식,수문장 교대의식,경복궁,재현,관람형,현장참여,2022,8,18,Thursday,목,0,기타,1,10:00,14:00,,0,0,0,0,1,0,0,0,0,1
2022-08-19,9,8회,208,경복궁 수문장 교대의식,경복궁 수문장 교대의식,수문장 교대의식,경복궁,재현,관람형,현장참여,2022,8,19,Friday,금,0,기타,1,10:00,14:00,,0,0,0,0,1,0,0,0,0,1
2022-08-20,9,8회,208,경복궁 수문장 교대의식,경복궁 수문장 교대의식,수문장 교대의식,경복궁,재현,관람형,현장참여,2022,8,20,Saturday,토,1,기타,1,10:00,14:00,,0,0,0,0,1,0,0,0,0,1
2022-08-21,9,8회,208,경복궁 수문장 교대의식,경복궁 수문장 교대의식,수문장 교대의식,경복궁,재현,관람형,현장참여,2022,8,21,Sunday,일,1,기타,1,10:00,14:00,,0,0,0,0,1,0,0,0,0,1
2022-08-22,9,8회,208,경복궁 수문장 교대의식,경복궁 수문장 교대의식,수문장 교대의식,경복궁,재현,관람형,현장참여,2022,8,22,Monday,월,0,기타,1,10:00,14:00,,0,0,0,0,1,0,0,0,0,1
2022-08-23,9,8회,208,경복궁 수문장 교대의식,경복궁 수문장 교대의식,수문장 교대의식,경복궁,재현,관람형,현장참여,2022,8,23,Tuesday,화,0,기타,1,10:00,14:00,,0,0,0,0,1,0,0,0,0,1
2022-08-24,9,8회,208,경복궁 수문장 교대의식,경복궁 수문장 교대의식,수문장 교대의식,경복궁,재현,관람형,현장참여,2022,8,24,Wednesday,수,0,기타,1,10:00,14:00,,0,0,0,0,1,0,0,0,0,1
2022-08-25,9,8회,208,경복궁 수문장 교대의식,경복궁 수문장 교대의식,수문장 교대의식,경복궁,재현,관람형,현장참여,2022,8,25,Thursday,목,0,기타,1,10:00,14:00,,0,0,0,0,1,0,0,0,0,1
2022-08-26,9,8회,208,경복궁 수문장 교대의식,경복궁 수문장 교대의식,수문장 교대의식,경복궁,재현,관람형,현장참여,2022,8,26,Friday,금,0,기타,1,10:00,14:00,,0,0,0,0,1,0,0,0,0,1
2022-08-27,9,8회,208,경복궁 수문장 교대의식,경복궁 수문장 교대의식,수문장 교대의식,경복궁,재현,관람형,현장참여,2022,8,27,Saturday,토,1,기타,1,10:00,14:00,,0,0,0,0,1,0,0,0,0,1
2022-08-28,9,8회,208,경복궁 수문장 교대의식,경복궁 수문장 교대의식,수문장 교대의식,경복궁,재현,관람형,현장참여,2022,8,28,Sunday,일,1,기타,1,10:00,14:00,,0,0,0,0,1,0,0,0,0,1
2022-08-29,9,8회,208,경복궁 수문장 교대의식,경복궁 수문장 교대의식,수문장 교대의식,경복궁,재현,관람형,현장참여,2022,8,29,Monday,월,0,기타,1,10:00,14:00,,0,0,0,0,1,0,0,0,0,1
2022-08-30,9,8회,208,경복궁 수문장 교대의식,경복궁 수문장 교대의식,수문장 교대의식,경복궁,재현,관람형,현장참여,2022,8,30,Tuesday,화,0,기타,1,10:00,14:00,,0,0,0,0,1,0,0,0,0,1
2022-08-31,9,8회,208,경복궁 수문장 교대의식,경복궁 수문장 교대의식,수문장 교대의식,경복궁,재현,관람형,현장참여,2022,8,31,Wednesday,수,0,기타,1,10:00,14:00,,0,0,0,0,1,0,0,0,0,1
2022-09-01,9,8회,208,경복궁 수문장 교대의식,경복궁 수문장 교대의식,수문장 교대의식,경복궁,재현,관람형,현장참여,2022,9,1,Thursday,목,0,기타,1,10:00,14:00,,0,0,0,0,1,0,0,0,0,1
2022-09-02,9,8회,208,경복궁 수문장 교대의식,경복궁 수문장 교대의식,수문장 교대의식,경복궁,재현,관람형,현장참여,2022,9,2,Friday,금,0,기타,1,10:00,14:00,,0,0,0,0,1,0,0,0,0,1
2022-09-03,9,8회,208,경복궁 수문장 교대의식,경복궁 수문장 교대의식,수문장 교대의식,경복궁,재현,관람형,현장참여,2022,9,3,Saturday,토,1,기타,1,10:00,14:00,,0,0,0,0,1,0,0,0,0,1
2022-09-04,9,8회,208,경복궁 수문장 교대의식,경복궁 수문장 교대의식,수문장 교대의식,경복궁,재현,관람형,현장참여,2022,9,4,Sunday,일,1,기타,1,10:00,14:00,,0,0,0,0,1,0,0,0,0,1
2022-09-05,9,8회,208,경복궁 수문장 교대의식,경복궁 수문장 교대의식,수문장 교대의식,경복궁,재현,관람형,현장참여,2022,9,5,Monday,월,0,기타,1,10:00,14:00,,0,0,0,0,1,0,0,0,0,1
2022-09-06,9,8회,208,경복궁 수문장 교대의식,경복궁 수문장 교대의식,수문장 교대의식,경복궁,재현,관람형,현장참여,2022,9,6,Tuesday,화,0,기타,1,10:00,14:00,,0,0,0,0,1,0,0,0,0,1
2022-09-07,9,8회,208,경복궁 수문장 교대의식,경복궁 수문장 교대의식,수문장 교대의식,경복궁,재현,관람형,현장참여,2022,9,7,Wednesday,수,0,기타,1,10:00,14:00,,0,0,0,0,1,0,0,0,0,1
2022-09-08,9,8회,208,경복궁 수문장 교대의식,경복궁 수문장 교대의식,수문장 교대의식,경복궁,재현,관람형,현장참여,2022,9,8,Thursday,목,0,기타,1,10:00,14:00,,0,0,0,0,1,0,0,0,0,1
2022-09-09,9,8회,208,경복궁 수문장 교대의식,경복궁 수문장 교대의식,수문장 교대의식,경복궁,재현,관람형,현장참여,2022,9,9,Friday,금,0,기타,1,10:00,14:00,,0,0,0,0,1,0,0,0,0,1
2022-09-10,9,8회,208,경복궁 수문장 교대의식,경복궁 수문장 교대의식,수문장 교대의식,경복궁,재현,관람형,현장참여,2022,9,10,Saturday,토,1,기타,1,10:00,14:00,,0,0,0,0,1,0,0,0,0,1
2022-09-11,9,8회,208,경복궁 수문장 교대의식,경복궁 수문장 교대의식,수문장 교대의식,경복궁,재현,관람형,현장참여,2022,9,11,Sunday,일,1,기타,1,10:00,14:00,,0,0,0,0,1,0,0,0,0,1
2022-09-12,9,8회,208,경복궁 수문장 교대의식,경복궁 수문장 교대의식,수문장 교대의식,경복궁,재현,관람형,현장참여,2022,9,12,Monday,월,0,기타,1,10:00,14:00,,0,0,0,0,1,0,0,0,0,1
2022-09-13,9,8회,208,경복궁 수문장 교대의식,경복궁 수문장 교대의식,수문장 교대의식,경복궁,재현,관람형,현장참여,2022,9,13,Tuesday,화,0,기타,1,10:00,14:00,,0,0,0,0,1,0,0,0,0,1
2022-09-14,9,8회,208,경복궁 수문장 교대의식,경복궁 수문장 교대의식,수문장 교대의식,경복궁,재현,관람형,현장참여,2022,9,14,Wednesday,수,0,기타,1,10:00,14:00,,0,0,0,0,1,0,0,0,0,1
2022-09-15,9,8회,208,경복궁 수문장 교대의식,경복궁 수문장 교대의식,수문장 교대의식,경복궁,재현,관람형,현장참여,2022,9,15,Thursday,목,0,기타,1,10:00,14:00,,0,0,0,0,1,0,0,0,0,1
2022-09-16,9,8회,208,경복궁 수문장 교대의식,경복궁 수문장 교대의식,수문장 교대의식,경복궁,재현,관람형,현장참여,2022,9,16,Friday,금,0,기타,1,10:00,14:00,,0,0,0,0,1,0,0,0,0,1
2022-09-17,9,8회,208,경복궁 수문장 교대의식,경복궁 수문장 교대의식,수문장 교대의식,경복궁,재현,관람형,현장참여,2022,9,17,Saturday,토,1,기타,1,10:00,14:00,,0,0,0,0,1,0,0,0,0,1
2022-09-18,9,8회,208,경복궁 수문장 교대의식,경복궁 수문장 교대의식,수문장 교대의식,경복궁,재현,관람형,현장참여,2022,9,18,Sunday,일,1,기타,1,10:00,14:00,,0,0,0,0,1,0,0,0,0,1
2022-09-19,9,8회,208,경복궁 수문장 교대의식,경복궁 수문장 교대의식,수문장 교대의식,경복궁,재현,관람형,현장참여,2022,9,19,Monday,월,0,기타,1,10:00,14:00,,0,0,0,0,1,0,0,0,0,1
2022-09-20,9,8회,208,경복궁 수문장 교대의식,경복궁 수문장 교대의식,수문장 교대의식,경복궁,재현,관람형,현장참여,2022,9,20,Tuesday,화,0,기타,1,10:00,14:00,,0,0,0,0,1,0,0,0,0,1
2022-09-21,9,8회,208,경복궁 수문장 교대의식,경복궁 수문장 교대의식,수문장 교대의식,경복궁,재현,관람형,현장참여,2022,9,21,Wednesday,수,0,기타,1,10:00,14:00,,0,0,0,0,1,0,0,0,0,1
2022-09-22,9,8회,208,경복궁 수문장 교대의식,경복궁 수문장 교대의식,수문장 교대의식,경복궁,재현,관람형,현장참여,2022,9,22,Thursday,목,0,기타,1,10:00,14:00,,0,0,0,0,1,0,0,0,0,1
2022-09-23,9,8회,208,경복궁 수문장 교대의식,경복궁 수문장 교대의식,수문장 교대의식,경복궁,재현,관람형,현장참여,2022,9,23,Friday,금,0,기타,1,10:00,14:00,,0,0,0,0,1,0,0,0,0,1
2022-09-24,9,8회,208,경복궁 수문장 교대의식,경복궁 수문장 교대의식,수문장 교대의식,경복궁,재현,관람형,현장참여,2022,9,24,Saturday,토,1,기타,1,10:00,14:00,,0,0,0,0,1,0,0,0,0,1
2022-09-25,9,8회,208,경복궁 수문장 교대의식,경복궁 수문장 교대의식,수문장 교대의식,경복궁,재현,관람형,현장참여,2022,9,25,Sunday,일,1,기타,1,10:00,14:00,,0,0,0,0,1,0,0,0,0,1
2022-09-26,9,8회,208,경복궁 수문장 교대의식,경복궁 수문장 교대의식,수문장 교대의식,경복궁,재현,관람형,현장참여,2022,9,26,Monday,월,0,기타,1,10:00,14:00,,0,0,0,0,1,0,0,0,0,1
2022-09-27,9,8회,208,경복궁 수문장 교대의식,경복궁 수문장 교대의식,수문장 교대의식,경복궁,재현,관람형,현장참여,2022,9,27,Tuesday,화,0,기타,1,10:00,14:00,,0,0,0,0,1,0,0,0,0,1
2022-09-28,9,8회,208,경복궁 수문장 교대의식,경복궁 수문장 교대의식,수문장 교대의식,경복궁,재현,관람형,현장참여,2022,9,28,Wednesday,수,0,기타,1,10:00,14:00,,0,0,0,0,1,0,0,0,0,1
2022-09-29,9,8회,208,경복궁 수문장 교대의식,경복궁 수문장 교대의식,수문장 교대의식,경복궁,재현,관람형,현장참여,2022,9,29,Thursday,목,0,기타,1,10:00,14:00,,0,0,0,0,1,0,0,0,0,1
2022-09-30,9,8회,208,경복궁 수문장 교대의식,경복궁 수문장 교대의식,수문장 교대의식,경복궁,재현,관람형,현장참여,2022,9,30,Friday,금,0,기타,1,10:00,14:00,,0,0,0,0,1,0,0,0,0,1
2022-10-01,9,8회,208,경복궁 수문장 교대의식,경복궁 수문장 교대의식,수문장 교대의식,경복궁,재현,관람형,현장참여,2022,10,1,Saturday,토,1,기타,1,10:00,14:00,,0,0,0,0,1,0,0,0,0,1
2022-10-02,9,8회,208,경복궁 수문장 교대의식,경복궁 수문장 교대의식,수문장 교대의식,경복궁,재현,관람형,현장참여,2022,10,2,Sunday,일,1,기타,1,10:00,14:00,,0,0,0,0,1,0,0,0,0,1
2022-10-03,9,8회,208,경복궁 수문장 교대의식,경복궁 수문장 교대의식,수문장 교대의식,경복궁,재현,관람형,현장참여,2022,10,3,Monday,월,0,기타,1,10:00,14:00,,0,0,0,0,1,0,0,0,0,1
2022-10-04,9,8회,208,경복궁 수문장 교대의식,경복궁 수문장 교대의식,수문장 교대의식,경복궁,재현,관람형,현장참여,2022,10,4,Tuesday,화,0,기타,1,10:00,14:00,,0,0,0,0,1,0,0,0,0,1
2022-10-05,9,8회,208,경복궁 수문장 교대의식,경복궁 수문장 교대의식,수문장 교대의식,경복궁,재현,관람형,현장참여,2022,10,5,Wednesday,수,0,기타,1,10:00,14:00,,0,0,0,0,1,0,0,0,0,1
2022-10-06,9,8회,208,경복궁 수문장 교대의식,경복궁 수문장 교대의식,수문장 교대의식,경복궁,재현,관람형,현장참여,2022,10,6,Thursday,목,0,기타,1,10:00,14:00,,0,0,0,0,1,0,0,0,0,1
2022-10-07,9,8회,208,경복궁 수문장 교대의식,경복궁 수문장 교대의식,수문장 교대의식,경복궁,재현,관람형,현장참여,2022,10,7,Friday,금,0,기타,1,10:00,14:00,,0,0,0,0,1,0,0,0,0,1
2022-10-08,9,8회,208,경복궁 수문장 교대의식,경복궁 수문장 교대의식,수문장 교대의식,경복궁,재현,관람형,현장참여,2022,10,8,Saturday,토,1,기타,1,10:00,14:00,,0,0,0,0,1,0,0,0,0,1
2022-10-09,9,8회,208,경복궁 수문장 교대의식,경복궁 수문장 교대의식,수문장 교대의식,경복궁,재현,관람형,현장참여,2022,10,9,Sunday,일,1,기타,1,10:00,14:00,,0,0,0,0,1,0,0,0,0,1
2022-10-10,9,8회,208,경복궁 수문장 교대의식,경복궁 수문장 교대의식,수문장 교대의식,경복궁,재현,관람형,현장참여,2022,10,10,Monday,월,0,기타,1,10:00,14:00,,0,0,0,0,1,0,0,0,0,1
2022-10-11,9,8회,208,경복궁 수문장 교대의식,경복궁 수문장 교대의식,수문장 교대의식,경복궁,재현,관람형,현장참여,2022,10,11,Tuesday,화,0,기타,1,10:00,14:00,,0,0,0,0,1,0,0,0,0,1
2022-10-12,9,8회,208,경복궁 수문장 교대의식,경복궁 수문장 교대의식,수문장 교대의식,경복궁,재현,관람형,현장참여,2022,10,12,Wednesday,수,0,기타,1,10:00,14:00,,0,0,0,0,1,0,0,0,0,1
2022-10-13,9,8회,208,경복궁 수문장 교대의식,경복궁 수문장 교대의식,수문장 교대의식,경복궁,재현,관람형,현장참여,2022,10,13,Thursday,목,0,기타,1,10:00,14:00,,0,0,0,0,1,0,0,0,0,1
2022-10-14,9,8회,208,경복궁 수문장 교대의식,경복궁 수문장 교대의식,수문장 교대의식,경복궁,재현,관람형,현장참여,2022,10,14,Friday,금,0,기타,1,10:00,14:00,,0,0,0,0,1,0,0,0,0,1
2022-10-15,9,8회,208,경복궁 수문장 교대의식,경복궁 수문장 교대의식,수문장 교대의식,경복궁,재현,관람형,현장참여,2022,10,15,Saturday,토,1,기타,1,10:00,14:00,,0,0,0,0,1,0,0,0,0,1
2022-10-16,9,8회,208,경복궁 수문장 교대의식,경복궁 수문장 교대의식,수문장 교대의식,경복궁,재현,관람형,현장참여,2022,10,16,Sunday,일,1,기타,1,10:00,14:00,,0,0,0,0,1,0,0,0,0,1
2022-10-17,9,8회,208,경복궁 수문장 교대의식,경복궁 수문장 교대의식,수문장 교대의식,경복궁,재현,관람형,현장참여,2022,10,17,Monday,월,0,기타,1,10:00,14:00,,0,0,0,0,1,0,0,0,0,1
2022-10-18,9,8회,208,경복궁 수문장 교대의식,경복궁 수문장 교대의식,수문장 교대의식,경복궁,재현,관람형,현장참여,2022,10,18,Tuesday,화,0,기타,1,10:00,14:00,,0,0,0,0,1,0,0,0,0,1
2022-10-19,9,8회,208,경복궁 수문장 교대의식,경복궁 수문장 교대의식,수문장 교대의식,경복궁,재현,관람형,현장참여,2022,10,19,Wednesday,수,0,기타,1,10:00,14:00,,0,0,0,0,1,0,0,0,0,1
2022-10-20,9,8회,208,경복궁 수문장 교대의식,경복궁 수문장 교대의식,수문장 교대의식,경복궁,재현,관람형,현장참여,2022,10,20,Thursday,목,0,기타,1,10:00,14:00,,0,0,0,0,1,0,0,0,0,1
2022-10-21,9,8회,208,경복궁 수문장 교대의식,경복궁 수문장 교대의식,수문장 교대의식,경복궁,재현,관람형,현장참여,2022,10,21,Friday,금,0,기타,1,10:00,14:00,,0,0,0,0,1,0,0,0,0,1
2022-10-22,9,8회,208,경복궁 수문장 교대의식,경복궁 수문장 교대의식,수문장 교대의식,경복궁,재현,관람형,현장참여,2022,10,22,Saturday,토,1,기타,1,10:00,14:00,,0,0,0,0,1,0,0,0,0,1
2022-10-23,9,8회,208,경복궁 수문장 교대의식,경복궁 수문장 교대의식,수문장 교대의식,경복궁,재현,관람형,현장참여,2022,10,23,Sunday,일,1,기타,1,10:00,14:00,,0,0,0,0,1,0,0,0,0,1
2022-10-24,9,8회,208,경복궁 수문장 교대의식,경복궁 수문장 교대의식,수문장 교대의식,경복궁,재현,관람형,현장참여,2022,10,24,Monday,월,0,기타,1,10:00,14:00,,0,0,0,0,1,0,0,0,0,1
2022-10-25,9,8회,208,경복궁 수문장 교대의식,경복궁 수문장 교대의식,수문장 교대의식,경복궁,재현,관람형,현장참여,2022,10,25,Tuesday,화,0,기타,1,10:00,14:00,,0,0,0,0,1,0,0,0,0,1
2022-10-26,9,8회,208,경복궁 수문장 교대의식,경복궁 수문장 교대의식,수문장 교대의식,경복궁,재현,관람형,현장참여,2022,10,26,Wednesday,수,0,기타,1,10:00,14:00,,0,0,0,0,1,0,0,0,0,1
2022-10-27,9,8회,208,경복궁 수문장 교대의식,경복궁 수문장 교대의식,수문장 교대의식,경복궁,재현,관람형,현장참여,2022,10,27,Thursday,목,0,기타,1,10:00,14:00,,0,0,0,0,1,0,0,0,0,1
2022-10-28,9,8회,208,경복궁 수문장 교대의식,경복궁 수문장 교대의식,수문장 교대의식,경복궁,재현,관람형,현장참여,2022,10,28,Friday,금,0,기타,1,10:00,14:00,,0,0,0,0,1,0,0,0,0,1
2022-10-29,9,8회,208,경복궁 수문장 교대의식,경복궁 수문장 교대의식,수문장 교대의식,경복궁,재현,관람형,현장참여,2022,10,29,Saturday,토,1,기타,1,10:00,14:00,,0,0,0,0,1,0,0,0,0,1
2022-10-30,9,8회,208,경복궁 수문장 교대의식,경복궁 수문장 교대의식,수문장 교대의식,경복궁,재현,관람형,현장참여,2022,10,30,Sunday,일,1,기타,1,10:00,14:00,,0,0,0,0,1,0,0,0,0,1
2022-10-31,9,8회,208,경복궁 수문장 교대의식,경복궁 수문장 교대의식,수문장 교대의식,경복궁,재현,관람형,현장참여,2022,10,31,Monday,월,0,기타,1,10:00,14:00,,0,0,0,0,1,0,0,0,0,1
2022-11-01,9,8회,208,경복궁 수문장 교대의식,경복궁 수문장 교대의식,수문장 교대의식,경복궁,재현,관람형,현장참여,2022,11,1,Tuesday,화,0,기타,1,10:00,14:00,,0,0,0,0,1,0,0,0,0,1
2022-11-02,9,8회,208,경복궁 수문장 교대의식,경복궁 수문장 교대의식,수문장 교대의식,경복궁,재현,관람형,현장참여,2022,11,2,Wednesday,수,0,기타,1,10:00,14:00,,0,0,0,0,1,0,0,0,0,1
2022-11-03,9,8회,208,경복궁 수문장 교대의식,경복궁 수문장 교대의식,수문장 교대의식,경복궁,재현,관람형,현장참여,2022,11,3,Thursday,목,0,기타,1,10:00,14:00,,0,0,0,0,1,0,0,0,0,1
2022-11-04,9,8회,208,경복궁 수문장 교대의식,경복궁 수문장 교대의식,수문장 교대의식,경복궁,재현,관람형,현장참여,2022,11,4,Friday,금,0,기타,1,10:00,14:00,,0,0,0,0,1,0,0,0,0,1
2022-11-05,9,8회,208,경복궁 수문장 교대의식,경복궁 수문장 교대의식,수문장 교대의식,경복궁,재현,관람형,현장참여,2022,11,5,Saturday,토,1,기타,1,10:00,14:00,,0,0,0,0,1,0,0,0,0,1
2022-11-06,9,8회,208,경복궁 수문장 교대의식,경복궁 수문장 교대의식,수문장 교대의식,경복궁,재현,관람형,현장참여,2022,11,6,Sunday,일,1,기타,1,10:00,14:00,,0,0,0,0,1,0,0,0,0,1
2022-11-07,9,8회,208,경복궁 수문장 교대의식,경복궁 수문장 교대의식,수문장 교대의식,경복궁,재현,관람형,현장참여,2022,11,7,Monday,월,0,기타,1,10:00,14:00,,0,0,0,0,1,0,0,0,0,1
2022-11-08,9,8회,208,경복궁 수문장 교대의식,경복궁 수문장 교대의식,수문장 교대의식,경복궁,재현,관람형,현장참여,2022,11,8,Tuesday,화,0,기타,1,10:00,14:00,,0,0,0,0,1,0,0,0,0,1
2022-11-09,9,8회,208,경복궁 수문장 교대의식,경복궁 수문장 교대의식,수문장 교대의식,경복궁,재현,관람형,현장참여,2022,11,9,Wednesday,수,0,기타,1,10:00,14:00,,0,0,0,0,1,0,0,0,0,1
2022-11-10,9,8회,208,경복궁 수문장 교대의식,경복궁 수문장 교대의식,수문장 교대의식,경복궁,재현,관람형,현장참여,2022,11,10,Thursday,목,0,기타,1,10:00,14:00,,0,0,0,0,1,0,0,0,0,1
2022-11-11,9,8회,208,경복궁 수문장 교대의식,경복궁 수문장 교대의식,수문장 교대의식,경복궁,재현,관람형,현장참여,2022,11,11,Friday,금,0,기타,1,10:00,14:00,,0,0,0,0,1,0,0,0,0,1
2022-11-12,9,8회,208,경복궁 수문장 교대의식,경복궁 수문장 교대의식,수문장 교대의식,경복궁,재현,관람형,현장참여,2022,11,12,Saturday,토,1,기타,1,10:00,14:00,,0,0,0,0,1,0,0,0,0,1
2022-11-13,9,8회,208,경복궁 수문장 교대의식,경복궁 수문장 교대의식,수문장 교대의식,경복궁,재현,관람형,현장참여,2022,11,13,Sunday,일,1,기타,1,10:00,14:00,,0,0,0,0,1,0,0,0,0,1
2022-11-14,9,8회,208,경복궁 수문장 교대의식,경복궁 수문장 교대의식,수문장 교대의식,경복궁,재현,관람형,현장참여,2022,11,14,Monday,월,0,기타,1,10:00,14:00,,0,0,0,0,1,0,0,0,0,1
2022-11-15,9,8회,208,경복궁 수문장 교대의식,경복궁 수문장 교대의식,수문장 교대의식,경복궁,재현,관람형,현장참여,2022,11,15,Tuesday,화,0,기타,1,10:00,14:00,,0,0,0,0,1,0,0,0,0,1
2022-11-16,9,8회,208,경복궁 수문장 교대의식,경복궁 수문장 교대의식,수문장 교대의식,경복궁,재현,관람형,현장참여,2022,11,16,Wednesday,수,0,기타,1,10:00,14:00,,0,0,0,0,1,0,0,0,0,1
2022-11-17,9,8회,208,경복궁 수문장 교대의식,경복궁 수문장 교대의식,수문장 교대의식,경복궁,재현,관람형,현장참여,2022,11,17,Thursday,목,0,기타,1,10:00,14:00,,0,0,0,0,1,0,0,0,0,1
2022-11-18,9,8회,208,경복궁 수문장 교대의식,경복궁 수문장 교대의식,수문장 교대의식,경복궁,재현,관람형,현장참여,2022,11,18,Friday,금,0,기타,1,10:00,14:00,,0,0,0,0,1,0,0,0,0,1
2022-11-19,9,8회,208,경복궁 수문장 교대의식,경복궁 수문장 교대의식,수문장 교대의식,경복궁,재현,관람형,현장참여,2022,11,19,Saturday,토,1,기타,1,10:00,14:00,,0,0,0,0,1,0,0,0,0,1
2022-11-20,9,8회,208,경복궁 수문장 교대의식,경복궁 수문장 교대의식,수문장 교대의식,경복궁,재현,관람형,현장참여,2022,11,20,Sunday,일,1,기타,1,10:00,14:00,,0,0,0,0,1,0,0,0,0,1
2022-11-21,9,8회,208,경복궁 수문장 교대의식,경복궁 수문장 교대의식,수문장 교대의식,경복궁,재현,관람형,현장참여,2022,11,21,Monday,월,0,기타,1,10:00,14:00,,0,0,0,0,1,0,0,0,0,1
2022-11-22,9,8회,208,경복궁 수문장 교대의식,경복궁 수문장 교대의식,수문장 교대의식,경복궁,재현,관람형,현장참여,2022,11,22,Tuesday,화,0,기타,1,10:00,14:00,,0,0,0,0,1,0,0,0,0,1
2022-11-23,9,8회,208,경복궁 수문장 교대의식,경복궁 수문장 교대의식,수문장 교대의식,경복궁,재현,관람형,현장참여,2022,11,23,Wednesday,수,0,기타,1,10:00,14:00,,0,0,0,0,1,0,0,0,0,1
2022-11-24,9,8회,208,경복궁 수문장 교대의식,경복궁 수문장 교대의식,수문장 교대의식,경복궁,재현,관람형,현장참여,2022,11,24,Thursday,목,0,기타,1,10:00,14:00,,0,0,0,0,1,0,0,0,0,1
2022-11-25,9,8회,208,경복궁 수문장 교대의식,경복궁 수문장 교대의식,수문장 교대의식,경복궁,재현,관람형,현장참여,2022,11,25,Friday,금,0,기타,1,10:00,14:00,,0,0,0,0,1,0,0,0,0,1
2022-11-26,9,8회,208,경복궁 수문장 교대의식,경복궁 수문장 교대의식,수문장 교대의식,경복궁,재현,관람형,현장참여,2022,11,26,Saturday,토,1,기타,1,10:00,14:00,,0,0,0,0,1,0,0,0,0,1
2022-11-27,9,8회,208,경복궁 수문장 교대의식,경복궁 수문장 교대의식,수문장 교대의식,경복궁,재현,관람형,현장참여,2022,11,27,Sunday,일,1,기타,1,10:00,14:00,,0,0,0,0,1,0,0,0,0,1
2022-11-28,9,8회,208,경복궁 수문장 교대의식,경복궁 수문장 교대의식,수문장 교대의식,경복궁,재현,관람형,현장참여,2022,11,28,Monday,월,0,기타,1,10:00,14:00,,0,0,0,0,1,0,0,0,0,1
2022-11-29,9,8회,208,경복궁 수문장 교대의식,경복궁 수문장 교대의식,수문장 교대의식,경복궁,재현,관람형,현장참여,2022,11,29,Tuesday,화,0,기타,1,10:00,14:00,,0,0,0,0,1,0,0,0,0,1
2022-11-30,9,8회,208,경복궁 수문장 교대의식,경복궁 수문장 교대의식,수문장 교대의식,경복궁,재현,관람형,현장참여,2022,11,30,Wednesday,수,0,기타,1,10:00,14:00,,0,0,0,0,1,0,0,0,0,1
2022-12-01,9,8회,208,경복궁 수문장 교대의식,경복궁 수문장 교대의식,수문장 교대의식,경복궁,재현,관람형,현장참여,2022,12,1,Thursday,목,0,기타,1,10:00,14:00,,0,0,0,0,1,0,0,0,0,1
2022-12-02,9,8회,208,경복궁 수문장 교대의식,경복궁 수문장 교대의식,수문장 교대의식,경복궁,재현,관람형,현장참여,2022,12,2,Friday,금,0,기타,1,10:00,14:00,,0,0,0,0,1,0,0,0,0,1
2022-12-03,9,8회,208,경복궁 수문장 교대의식,경복궁 수문장 교대의식,수문장 교대의식,경복궁,재현,관람형,현장참여,2022,12,3,Saturday,토,1,기타,1,10:00,14:00,,0,0,0,0,1,0,0,0,0,1
2022-12-04,9,8회,208,경복궁 수문장 교대의식,경복궁 수문장 교대의식,수문장 교대의식,경복궁,재현,관람형,현장참여,2022,12,4,Sunday,일,1,기타,1,10:00,14:00,,0,0,0,0,1,0,0,0,0,1
2022-12-05,9,8회,208,경복궁 수문장 교대의식,경복궁 수문장 교대의식,수문장 교대의식,경복궁,재현,관람형,현장참여,2022,12,5,Monday,월,0,기타,1,10:00,14:00,,0,0,0,0,1,0,0,0,0,1
2022-12-06,9,8회,208,경복궁 수문장 교대의식,경복궁 수문장 교대의식,수문장 교대의식,경복궁,재현,관람형,현장참여,2022,12,6,Tuesday,화,0,기타,1,10:00,14:00,,0,0,0,0,1,0,0,0,0,1
2022-12-07,9,8회,208,경복궁 수문장 교대의식,경복궁 수문장 교대의식,수문장 교대의식,경복궁,재현,관람형,현장참여,2022,12,7,Wednesday,수,0,기타,1,10:00,14:00,,0,0,0,0,1,0,0,0,0,1
2022-12-08,9,8회,208,경복궁 수문장 교대의식,경복궁 수문장 교대의식,수문장 교대의식,경복궁,재현,관람형,현장참여,2022,12,8,Thursday,목,0,기타,1,10:00,14:00,,0,0,0,0,1,0,0,0,0,1
2022-12-09,9,8회,208,경복궁 수문장 교대의식,경복궁 수문장 교대의식,수문장 교대의식,경복궁,재현,관람형,현장참여,2022,12,9,Friday,금,0,기타,1,10:00,14:00,,0,0,0,0,1,0,0,0,0,1
2022-12-10,9,8회,208,경복궁 수문장 교대의식,경복궁 수문장 교대의식,수문장 교대의식,경복궁,재현,관람형,현장참여,2022,12,10,Saturday,토,1,기타,1,10:00,14:00,,0,0,0,0,1,0,0,0,0,1
2022-12-11,9,8회,208,경복궁 수문장 교대의식,경복궁 수문장 교대의식,수문장 교대의식,경복궁,재현,관람형,현장참여,2022,12,11,Sunday,일,1,기타,1,10:00,14:00,,0,0,0,0,1,0,0,0,0,1
2022-12-12,9,8회,208,경복궁 수문장 교대의식,경복궁 수문장 교대의식,수문장 교대의식,경복궁,재현,관람형,현장참여,2022,12,12,Monday,월,0,기타,1,10:00,14:00,,0,0,0,0,1,0,0,0,0,1
2022-12-13,9,8회,208,경복궁 수문장 교대의식,경복궁 수문장 교대의식,수문장 교대의식,경복궁,재현,관람형,현장참여,2022,12,13,Tuesday,화,0,기타,1,10:00,14:00,,0,0,0,0,1,0,0,0,0,1
2022-12-14,9,8회,208,경복궁 수문장 교대의식,경복궁 수문장 교대의식,수문장 교대의식,경복궁,재현,관람형,현장참여,2022,12,14,Wednesday,수,0,기타,1,10:00,14:00,,0,0,0,0,1,0,0,0,0,1
2022-12-15,9,8회,208,경복궁 수문장 교대의식,경복궁 수문장 교대의식,수문장 교대의식,경복궁,재현,관람형,현장참여,2022,12,15,Thursday,목,0,기타,1,10:00,14:00,,0,0,0,0,1,0,0,0,0,1
2022-12-16,9,8회,208,경복궁 수문장 교대의식,경복궁 수문장 교대의식,수문장 교대의식,경복궁,재현,관람형,현장참여,2022,12,16,Friday,금,0,기타,1,10:00,14:00,,0,0,0,0,1,0,0,0,0,1
2022-12-17,9,8회,208,경복궁 수문장 교대의식,경복궁 수문장 교대의식,수문장 교대의식,경복궁,재현,관람형,현장참여,2022,12,17,Saturday,토,1,기타,1,10:00,14:00,,0,0,0,0,1,0,0,0,0,1
2022-12-18,9,8회,208,경복궁 수문장 교대의식,경복궁 수문장 교대의식,수문장 교대의식,경복궁,재현,관람형,현장참여,2022,12,18,Sunday,일,1,기타,1,10:00,14:00,,0,0,0,0,1,0,0,0,0,1
2022-12-19,9,8회,208,경복궁 수문장 교대의식,경복궁 수문장 교대의식,수문장 교대의식,경복궁,재현,관람형,현장참여,2022,12,19,Monday,월,0,기타,1,10:00,14:00,,0,0,0,0,1,0,0,0,0,1
2022-12-20,9,8회,208,경복궁 수문장 교대의식,경복궁 수문장 교대의식,수문장 교대의식,경복궁,재현,관람형,현장참여,2022,12,20,Tuesday,화,0,기타,1,10:00,14:00,,0,0,0,0,1,0,0,0,0,1
2022-12-21,9,8회,208,경복궁 수문장 교대의식,경복궁 수문장 교대의식,수문장 교대의식,경복궁,재현,관람형,현장참여,2022,12,21,Wednesday,수,0,기타,1,10:00,14:00,,0,0,0,0,1,0,0,0,0,1
2022-12-22,9,8회,208,경복궁 수문장 교대의식,경복궁 수문장 교대의식,수문장 교대의식,경복궁,재현,관람형,현장참여,2022,12,22,Thursday,목,0,기타,1,10:00,14:00,,0,0,0,0,1,0,0,0,0,1
2022-12-23,9,8회,208,경복궁 수문장 교대의식,경복궁 수문장 교대의식,수문장 교대의식,경복궁,재현,관람형,현장참여,2022,12,23,Friday,금,0,기타,1,10:00,14:00,,0,0,0,0,1,0,0,0,0,1
2022-12-24,9,8회,208,경복궁 수문장 교대의식,경복궁 수문장 교대의식,수문장 교대의식,경복궁,재현,관람형,현장참여,2022,12,24,Saturday,토,1,기타,1,10:00,14:00,,0,0,0,0,1,0,0,0,0,1
2022-12-25,9,8회,208,경복궁 수문장 교대의식,경복궁 수문장 교대의식,수문장 교대의식,경복궁,재현,관람형,현장참여,2022,12,25,Sunday,일,1,기타,1,10:00,14:00,,0,0,0,0,1,0,0,0,0,1
2022-12-26,9,8회,208,경복궁 수문장 교대의식,경복궁 수문장 교대의식,수문장 교대의식,경복궁,재현,관람형,현장참여,2022,12,26,Monday,월,0,기타,1,10:00,14:00,,0,0,0,0,1,0,0,0,0,1
2022-12-27,9,8회,208,경복궁 수문장 교대의식,경복궁 수문장 교대의식,수문장 교대의식,경복궁,재현,관람형,현장참여,2022,12,27,Tuesday,화,0,기타,1,10:00,14:00,,0,0,0,0,1,0,0,0,0,1
2022-12-28,9,8회,208,경복궁 수문장 교대의식,경복궁 수문장 교대의식,수문장 교대의식,경복궁,재현,관람형,현장참여,2022,12,28,Wednesday,수,0,기타,1,10:00,14:00,,0,0,0,0,1,0,0,0,0,1
2022-12-29,9,8회,208,경복궁 수문장 교대의식,경복궁 수문장 교대의식,수문장 교대의식,경복궁,재현,관람형,현장참여,2022,12,29,Thursday,목,0,기타,1,10:00,14:00,,0,0,0,0,1,0,0,0,0,1
2022-12-30,9,8회,208,경복궁 수문장 교대의식,경복궁 수문장 교대의식,수문장 교대의식,경복궁,재현,관람형,현장참여,2022,12,30,Friday,금,0,기타,1,10:00,14:00,,0,0,0,0,1,0,0,0,0,1
2022-12-31,9,8회,208,경복궁 수문장 교대의식,경복궁 수문장 교대의식,수문장 교대의식,경복궁,재현,관람형,현장참여,2022,12,31,Saturday,토,1,기타,1,10:00,14:00,,0,0,0,0,1,0,0,0,0,1
2022-09-07,9,8회,206,경복궁 생과방,경복궁 생과방,생과방,경복궁,체험,참여형,사전예약,2022,9,7,Wednesday,수,0,가을,1,10:00,15:30,,0,0,0,0,1,0,0,1,1,1
2022-09-08,9,8회,206,경복궁 생과방,경복궁 생과방,생과방,경복궁,체험,참여형,사전예약,2022,9,8,Thursday,목,0,가을,1,10:00,15:30,,0,0,0,0,1,0,0,1,1,1
2022-09-09,9,8회,206,경복궁 생과방,경복궁 생과방,생과방,경복궁,체험,참여형,사전예약,2022,9,9,Friday,금,0,가을,1,10:00,15:30,,0,0,0,0,1,0,0,1,1,1
2022-09-10,9,8회,206,경복궁 생과방,경복궁 생과방,생과방,경복궁,체험,참여형,사전예약,2022,9,10,Saturday,토,1,가을,1,10:00,15:30,,0,0,0,0,1,0,0,1,1,1
2022-09-11,9,8회,206,경복궁 생과방,경복궁 생과방,생과방,경복궁,체험,참여형,사전예약,2022,9,11,Sunday,일,1,가을,1,10:00,15:30,,0,0,0,0,1,0,0,1,1,1
2022-09-12,9,8회,206,경복궁 생과방,경복궁 생과방,생과방,경복궁,체험,참여형,사전예약,2022,9,12,Monday,월,0,가을,1,10:00,15:30,,0,0,0,0,1,0,0,1,1,1
2022-09-13,9,8회,206,경복궁 생과방,경복궁 생과방,생과방,경복궁,체험,참여형,사전예약,2022,9,13,Tuesday,화,0,가을,1,10:00,15:30,,0,0,0,0,1,0,0,1,1,1
2022-09-14,9,8회,206,경복궁 생과방,경복궁 생과방,생과방,경복궁,체험,참여형,사전예약,2022,9,14,Wednesday,수,0,가을,1,10:00,15:30,,0,0,0,0,1,0,0,1,1,1
2022-09-15,9,8회,206,경복궁 생과방,경복궁 생과방,생과방,경복궁,체험,참여형,사전예약,2022,9,15,Thursday,목,0,가을,1,10:00,15:30,,0,0,0,0,1,0,0,1,1,1
2022-09-16,9,8회,206,경복궁 생과방,경복궁 생과방,생과방,경복궁,체험,참여형,사전예약,2022,9,16,Friday,금,0,가을,1,10:00,15:30,,0,0,0,0,1,0,0,1,1,1
2022-09-17,9,8회,206,경복궁 생과방,경복궁 생과방,생과방,경복궁,체험,참여형,사전예약,2022,9,17,Saturday,토,1,가을,1,10:00,15:30,,0,0,0,0,1,0,0,1,1,1
2022-09-18,9,8회,206,경복궁 생과방,경복궁 생과방,생과방,경복궁,체험,참여형,사전예약,2022,9,18,Sunday,일,1,가을,1,10:00,15:30,,0,0,0,0,1,0,0,1,1,1
2022-09-19,9,8회,206,경복궁 생과방,경복궁 생과방,생과방,경복궁,체험,참여형,사전예약,2022,9,19,Monday,월,0,가을,1,10:00,15:30,,0,0,0,0,1,0,0,1,1,1
2022-09-20,9,8회,206,경복궁 생과방,경복궁 생과방,생과방,경복궁,체험,참여형,사전예약,2022,9,20,Tuesday,화,0,가을,1,10:00,15:30,,0,0,0,0,1,0,0,1,1,1
2022-09-21,9,8회,206,경복궁 생과방,경복궁 생과방,생과방,경복궁,체험,참여형,사전예약,2022,9,21,Wednesday,수,0,가을,1,10:00,15:30,,0,0,0,0,1,0,0,1,1,1
2022-09-22,9,8회,206,경복궁 생과방,경복궁 생과방,생과방,경복궁,체험,참여형,사전예약,2022,9,22,Thursday,목,0,가을,1,10:00,15:30,,0,0,0,0,1,0,0,1,1,1
2022-09-23,9,8회,206,경복궁 생과방,경복궁 생과방,생과방,경복궁,체험,참여형,사전예약,2022,9,23,Friday,금,0,가을,1,10:00,15:30,,0,0,0,0,1,0,0,1,1,1
2022-09-24,9,8회,206,경복궁 생과방,경복궁 생과방,생과방,경복궁,체험,참여형,사전예약,2022,9,24,Saturday,토,1,가을,1,10:00,15:30,,0,0,0,0,1,0,0,1,1,1
2022-09-25,9,8회,206,경복궁 생과방,경복궁 생과방,생과방,경복궁,체험,참여형,사전예약,2022,9,25,Sunday,일,1,가을,1,10:00,15:30,,0,0,0,0,1,0,0,1,1,1
2022-09-26,9,8회,206,경복궁 생과방,경복궁 생과방,생과방,경복궁,체험,참여형,사전예약,2022,9,26,Monday,월,0,가을,1,10:00,15:30,,0,0,0,0,1,0,0,1,1,1
2022-09-27,9,8회,206,경복궁 생과방,경복궁 생과방,생과방,경복궁,체험,참여형,사전예약,2022,9,27,Tuesday,화,0,가을,1,10:00,15:30,,0,0,0,0,1,0,0,1,1,1
2022-09-28,9,8회,206,경복궁 생과방,경복궁 생과방,생과방,경복궁,체험,참여형,사전예약,2022,9,28,Wednesday,수,0,가을,1,10:00,15:30,,0,0,0,0,1,0,0,1,1,1
2022-09-29,9,8회,206,경복궁 생과방,경복궁 생과방,생과방,경복궁,체험,참여형,사전예약,2022,9,29,Thursday,목,0,가을,1,10:00,15:30,,0,0,0,0,1,0,0,1,1,1
2022-09-30,9,8회,206,경복궁 생과방,경복궁 생과방,생과방,경복궁,체험,참여형,사전예약,2022,9,30,Friday,금,0,가을,1,10:00,15:30,,0,0,0,0,1,0,0,1,1,1
2022-10-01,9,8회,206,경복궁 생과방,경복궁 생과방,생과방,경복궁,체험,참여형,사전예약,2022,10,1,Saturday,토,1,가을,1,10:00,15:30,,0,0,0,0,1,0,0,1,1,1
2022-10-02,9,8회,206,경복궁 생과방,경복궁 생과방,생과방,경복궁,체험,참여형,사전예약,2022,10,2,Sunday,일,1,가을,1,10:00,15:30,,0,0,0,0,1,0,0,1,1,1
2022-10-03,9,8회,206,경복궁 생과방,경복궁 생과방,생과방,경복궁,체험,참여형,사전예약,2022,10,3,Monday,월,0,가을,1,10:00,15:30,,0,0,0,0,1,0,0,1,1,1
2022-10-04,9,8회,206,경복궁 생과방,경복궁 생과방,생과방,경복궁,체험,참여형,사전예약,2022,10,4,Tuesday,화,0,가을,1,10:00,15:30,,0,0,0,0,1,0,0,1,1,1
2022-10-05,9,8회,206,경복궁 생과방,경복궁 생과방,생과방,경복궁,체험,참여형,사전예약,2022,10,5,Wednesday,수,0,가을,1,10:00,15:30,,0,0,0,0,1,0,0,1,1,1
2022-10-06,9,8회,206,경복궁 생과방,경복궁 생과방,생과방,경복궁,체험,참여형,사전예약,2022,10,6,Thursday,목,0,가을,1,10:00,15:30,,0,0,0,0,1,0,0,1,1,1
2022-10-07,9,8회,206,경복궁 생과방,경복궁 생과방,생과방,경복궁,체험,참여형,사전예약,2022,10,7,Friday,금,0,가을,1,10:00,15:30,,0,0,0,0,1,0,0,1,1,1
2022-10-08,9,8회,206,경복궁 생과방,경복궁 생과방,생과방,경복궁,체험,참여형,사전예약,2022,10,8,Saturday,토,1,가을,1,10:00,15:30,,0,0,0,0,1,0,0,1,1,1
2022-10-09,9,8회,206,경복궁 생과방,경복궁 생과방,생과방,경복궁,체험,참여형,사전예약,2022,10,9,Sunday,일,1,가을,1,10:00,15:30,,0,0,0,0,1,0,0,1,1,1
2022-10-10,9,8회,206,경복궁 생과방,경복궁 생과방,생과방,경복궁,체험,참여형,사전예약,2022,10,10,Monday,월,0,가을,1,10:00,15:30,,0,0,0,0,1,0,0,1,1,1
2022-10-11,9,8회,206,경복궁 생과방,경복궁 생과방,생과방,경복궁,체험,참여형,사전예약,2022,10,11,Tuesday,화,0,가을,1,10:00,15:30,,0,0,0,0,1,0,0,1,1,1
2022-10-12,9,8회,206,경복궁 생과방,경복궁 생과방,생과방,경복궁,체험,참여형,사전예약,2022,10,12,Wednesday,수,0,가을,1,10:00,15:30,,0,0,0,0,1,0,0,1,1,1
2022-10-13,9,8회,206,경복궁 생과방,경복궁 생과방,생과방,경복궁,체험,참여형,사전예약,2022,10,13,Thursday,목,0,가을,1,10:00,15:30,,0,0,0,0,1,0,0,1,1,1
2022-10-14,9,8회,206,경복궁 생과방,경복궁 생과방,생과방,경복궁,체험,참여형,사전예약,2022,10,14,Friday,금,0,가을,1,10:00,15:30,,0,0,0,0,1,0,0,1,1,1
2022-10-15,9,8회,206,경복궁 생과방,경복궁 생과방,생과방,경복궁,체험,참여형,사전예약,2022,10,15,Saturday,토,1,가을,1,10:00,15:30,,0,0,0,0,1,0,0,1,1,1
2022-10-16,9,8회,206,경복궁 생과방,경복궁 생과방,생과방,경복궁,체험,참여형,사전예약,2022,10,16,Sunday,일,1,가을,1,10:00,15:30,,0,0,0,0,1,0,0,1,1,1
2022-10-17,9,8회,206,경복궁 생과방,경복궁 생과방,생과방,경복궁,체험,참여형,사전예약,2022,10,17,Monday,월,0,가을,1,10:00,15:30,,0,0,0,0,1,0,0,1,1,1
2022-10-18,9,8회,206,경복궁 생과방,경복궁 생과방,생과방,경복궁,체험,참여형,사전예약,2022,10,18,Tuesday,화,0,가을,1,10:00,15:30,,0,0,0,0,1,0,0,1,1,1
2022-10-19,9,8회,206,경복궁 생과방,경복궁 생과방,생과방,경복궁,체험,참여형,사전예약,2022,10,19,Wednesday,수,0,가을,1,10:00,15:30,,0,0,0,0,1,0,0,1,1,1
2022-10-20,9,8회,206,경복궁 생과방,경복궁 생과방,생과방,경복궁,체험,참여형,사전예약,2022,10,20,Thursday,목,0,가을,1,10:00,15:30,,0,0,0,0,1,0,0,1,1,1
2021-10-16,8,7회,228,"궁, 기록보관소","궁, 기록보관소","궁, 기록보관소",경복궁,전시,관람형,현장참여,2021,10,16,Saturday,토,1,가을,1,10:00,18:00,,0,0,1,0,1,0,0,0,1,0
2021-10-17,8,7회,228,"궁, 기록보관소","궁, 기록보관소","궁, 기록보관소",경복궁,전시,관람형,현장참여,2021,10,17,Sunday,일,1,가을,1,10:00,18:00,,0,0,1,0,1,0,0,0,1,0
2021-10-18,8,7회,228,"궁, 기록보관소","궁, 기록보관소","궁, 기록보관소",경복궁,전시,관람형,현장참여,2021,10,18,Monday,월,0,가을,1,10:00,18:00,,0,0,1,0,1,0,0,0,1,0
2021-10-19,8,7회,228,"궁, 기록보관소","궁, 기록보관소","궁, 기록보관소",경복궁,전시,관람형,현장참여,2021,10,19,Tuesday,화,0,가을,1,10:00,18:00,,0,0,1,0,1,0,0,0,1,0
2021-10-20,8,7회,228,"궁, 기록보관소","궁, 기록보관소","궁, 기록보관소",경복궁,전시,관람형,현장참여,2021,10,20,Wednesday,수,0,가을,1,10:00,18:00,,0,0,1,0,1,0,0,0,1,0
2021-10-21,8,7회,228,"궁, 기록보관소","궁, 기록보관소","궁, 기록보관소",경복궁,전시,관람형,현장참여,2021,10,21,Thursday,목,0,가을,1,10:00,18:00,,0,0,1,0,1,0,0,0,1,0
2021-10-22,8,7회,228,"궁, 기록보관소","궁, 기록보관소","궁, 기록보관소",경복궁,전시,관람형,현장참여,2021,10,22,Friday,금,0,가을,1,10:00,18:00,,0,0,1,0,1,0,0,0,1,0
2021-10-23,8,7회,228,"궁, 기록보관소","궁, 기록보관소","궁, 기록보관소",경복궁,전시,관람형,현장참여,2021,10,23,Saturday,토,1,가을,1,10:00,18:00,,0,0,1,0,1,0,0,0,1,0
2021-10-24,8,7회,228,"궁, 기록보관소","궁, 기록보관소","궁, 기록보관소",경복궁,전시,관람형,현장참여,2021,10,24,Sunday,일,1,가을,1,10:00,18:00,,0,0,1,0,1,0,0,0,1,0
2021-10-16,8,7회,227,궁으로 온 팔도강산 - 대동예(藝)지도,궁으로 온 팔도강산 - 대동예(藝)지도,궁으로 온 팔도강산 - 대동예(藝)지도,경복궁,전시,관람형,사전예약,2021,10,16,Saturday,토,1,가을,1,10:00,18:00,,1,0,1,0,1,0,0,1,1,1
2021-10-17,8,7회,227,궁으로 온 팔도강산 - 대동예(藝)지도,궁으로 온 팔도강산 - 대동예(藝)지도,궁으로 온 팔도강산 - 대동예(藝)지도,경복궁,전시,관람형,사전예약,2021,10,17,Sunday,일,1,가을,1,10:00,18:00,,1,0,1,0,1,0,0,1,1,1
2021-10-18,8,7회,227,궁으로 온 팔도강산 - 대동예(藝)지도,궁으로 온 팔도강산 - 대동예(藝)지도,궁으로 온 팔도강산 - 대동예(藝)지도,경복궁,전시,관람형,사전예약,2021,10,18,Monday,월,0,가을,1,10:00,18:00,,1,0,1,0,1,0,0,1,1,1
2021-10-19,8,7회,227,궁으로 온 팔도강산 - 대동예(藝)지도,궁으로 온 팔도강산 - 대동예(藝)지도,궁으로 온 팔도강산 - 대동예(藝)지도,경복궁,전시,관람형,사전예약,2021,10,19,Tuesday,화,0,가을,1,10:00,18:00,,1,0,1,0,1,0,0,1,1,1
2021-10-20,8,7회,227,궁으로 온 팔도강산 - 대동예(藝)지도,궁으로 온 팔도강산 - 대동예(藝)지도,궁으로 온 팔도강산 - 대동예(藝)지도,경복궁,전시,관람형,사전예약,2021,10,20,Wednesday,수,0,가을,1,10:00,18:00,,1,0,1,0,1,0,0,1,1,1
2021-10-21,8,7회,227,궁으로 온 팔도강산 - 대동예(藝)지도,궁으로 온 팔도강산 - 대동예(藝)지도,궁으로 온 팔도강산 - 대동예(藝)지도,경복궁,전시,관람형,사전예약,2021,10,21,Thursday,목,0,가을,1,10:00,18:00,,1,0,1,0,1,0,0,1,1,1
2021-10-22,8,7회,227,궁으로 온 팔도강산 - 대동예(藝)지도,궁으로 온 팔도강산 - 대동예(藝)지도,궁으로 온 팔도강산 - 대동예(藝)지도,경복궁,전시,관람형,사전예약,2021,10,22,Friday,금,0,가을,1,10:00,18:00,,1,0,1,0,1,0,0,1,1,1
2021-10-23,8,7회,227,궁으로 온 팔도강산 - 대동예(藝)지도,궁으로 온 팔도강산 - 대동예(藝)지도,궁으로 온 팔도강산 - 대동예(藝)지도,경복궁,전시,관람형,사전예약,2021,10,23,Saturday,토,1,가을,1,10:00,18:00,,1,0,1,0,1,0,0,1,1,1
2021-10-24,8,7회,227,궁으로 온 팔도강산 - 대동예(藝)지도,궁으로 온 팔도강산 - 대동예(藝)지도,궁으로 온 팔도강산 - 대동예(藝)지도,경복궁,전시,관람형,사전예약,2021,10,24,Sunday,일,1,가을,1,10:00,18:00,,1,0,1,0,1,0,0,1,1,1
2020-10-10,7,6회,191,경복궁 생과방,경복궁 생과방,생과방,경복궁,체험,참여형,현장참여,2020,10,10,Saturday,토,1,가을,1,10:00,17:00,,0,0,0,0,1,0,0,0,1,1
2020-10-11,7,6회,191,경복궁 생과방,경복궁 생과방,생과방,경복궁,체험,참여형,현장참여,2020,10,11,Sunday,일,1,가을,1,10:00,17:00,,0,0,0,0,1,0,0,0,1,1
2020-10-12,7,6회,191,경복궁 생과방,경복궁 생과방,생과방,경복궁,체험,참여형,현장참여,2020,10,12,Monday,월,0,가을,1,10:00,17:00,,0,0,0,0,1,0,0,0,1,1
2020-10-13,7,6회,191,경복궁 생과방,경복궁 생과방,생과방,경복궁,체험,참여형,현장참여,2020,10,13,Tuesday,화,0,가을,1,10:00,17:00,,0,0,0,0,1,0,0,0,1,1
2020-10-14,7,6회,191,경복궁 생과방,경복궁 생과방,생과방,경복궁,체험,참여형,현장참여,2020,10,14,Wednesday,수,0,가을,1,10:00,17:00,,0,0,0,0,1,0,0,0,1,1
2020-10-15,7,6회,191,경복궁 생과방,경복궁 생과방,생과방,경복궁,체험,참여형,현장참여,2020,10,15,Thursday,목,0,가을,1,10:00,17:00,,0,0,0,0,1,0,0,0,1,1
2020-10-16,7,6회,191,경복궁 생과방,경복궁 생과방,생과방,경복궁,체험,참여형,현장참여,2020,10,16,Friday,금,0,가을,1,10:00,17:00,,0,0,0,0,1,0,0,0,1,1
2020-10-17,7,6회,191,경복궁 생과방,경복궁 생과방,생과방,경복궁,체험,참여형,현장참여,2020,10,17,Saturday,토,1,가을,1,10:00,17:00,,0,0,0,0,1,0,0,0,1,1
2020-10-18,7,6회,191,경복궁 생과방,경복궁 생과방,생과방,경복궁,체험,참여형,현장참여,2020,10,18,Sunday,일,1,가을,1,10:00,17:00,,0,0,0,0,1,0,0,0,1,1
2020-10-19,7,6회,191,경복궁 생과방,경복궁 생과방,생과방,경복궁,체험,참여형,현장참여,2020,10,19,Monday,월,0,가을,1,10:00,17:00,,0,0,0,0,1,0,0,0,1,1
2020-10-20,7,6회,191,경복궁 생과방,경복궁 생과방,생과방,경복궁,체험,참여형,현장참여,2020,10,20,Tuesday,화,0,가을,1,10:00,17:00,,0,0,0,0,1,0,0,0,1,1
2020-10-21,7,6회,191,경복궁 생과방,경복궁 생과방,생과방,경복궁,체험,참여형,현장참여,2020,10,21,Wednesday,수,0,가을,1,10:00,17:00,,0,0,0,0,1,0,0,0,1,1
2020-10-22,7,6회,191,경복궁 생과방,경복궁 생과방,생과방,경복궁,체험,참여형,현장참여,2020,10,22,Thursday,목,0,가을,1,10:00,17:00,,0,0,0,0,1,0,0,0,1,1
2020-10-23,7,6회,191,경복궁 생과방,경복궁 생과방,생과방,경복궁,체험,참여형,현장참여,2020,10,23,Friday,금,0,가을,1,10:00,17:00,,0,0,0,0,1,0,0,0,1,1
2020-10-24,7,6회,191,경복궁 생과방,경복궁 생과방,생과방,경복궁,체험,참여형,현장참여,2020,10,24,Saturday,토,1,가을,1,10:00,17:00,,0,0,0,0,1,0,0,0,1,1
2020-10-25,7,6회,191,경복궁 생과방,경복궁 생과방,생과방,경복궁,체험,참여형,현장참여,2020,10,25,Sunday,일,1,가을,1,10:00,17:00,,0,0,0,0,1,0,0,0,1,1
2020-10-26,7,6회,191,경복궁 생과방,경복궁 생과방,생과방,경복궁,체험,참여형,현장참여,2020,10,26,Monday,월,0,가을,1,10:00,17:00,,0,0,0,0,1,0,0,0,1,1
2020-10-27,7,6회,191,경복궁 생과방,경복궁 생과방,생과방,경복궁,체험,참여형,현장참여,2020,10,27,Tuesday,화,0,가을,1,10:00,17:00,,0,0,0,0,1,0,0,0,1,1
2020-10-28,7,6회,191,경복궁 생과방,경복궁 생과방,생과방,경복궁,체험,참여형,현장참여,2020,10,28,Wednesday,수,0,가을,1,10:00,17:00,,0,0,0,0,1,0,0,0,1,1
2020-10-29,7,6회,191,경복궁 생과방,경복궁 생과방,생과방,경복궁,체험,참여형,현장참여,2020,10,29,Thursday,목,0,가을,1,10:00,17:00,,0,0,0,0,1,0,0,0,1,1
2020-10-30,7,6회,191,경복궁 생과방,경복궁 생과방,생과방,경복궁,체험,참여형,현장참여,2020,10,30,Friday,금,0,가을,1,10:00,17:00,,0,0,0,0,1,0,0,0,1,1
2020-10-31,7,6회,191,경복궁 생과방,경복궁 생과방,생과방,경복궁,체험,참여형,현장참여,2020,10,31,Saturday,토,1,가을,1,10:00,17:00,,0,0,0,0,1,0,0,0,1,1
2020-11-01,7,6회,191,경복궁 생과방,경복궁 생과방,생과방,경복궁,체험,참여형,현장참여,2020,11,1,Sunday,일,1,가을,1,10:00,17:00,,0,0,0,0,1,0,0,0,1,1
2020-11-02,7,6회,191,경복궁 생과방,경복궁 생과방,생과방,경복궁,체험,참여형,현장참여,2020,11,2,Monday,월,0,가을,1,10:00,17:00,,0,0,0,0,1,0,0,0,1,1
2020-11-03,7,6회,191,경복궁 생과방,경복궁 생과방,생과방,경복궁,체험,참여형,현장참여,2020,11,3,Tuesday,화,0,가을,1,10:00,17:00,,0,0,0,0,1,0,0,0,1,1
2020-11-04,7,6회,191,경복궁 생과방,경복궁 생과방,생과방,경복궁,체험,참여형,현장참여,2020,11,4,Wednesday,수,0,가을,1,10:00,17:00,,0,0,0,0,1,0,0,0,1,1
2020-11-05,7,6회,191,경복궁 생과방,경복궁 생과방,생과방,경복궁,체험,참여형,현장참여,2020,11,5,Thursday,목,0,가을,1,10:00,17:00,,0,0,0,0,1,0,0,0,1,1
2020-11-06,7,6회,191,경복궁 생과방,경복궁 생과방,생과방,경복궁,체험,참여형,현장참여,2020,11,6,Friday,금,0,가을,1,10:00,17:00,,0,0,0,0,1,0,0,0,1,1
2020-11-07,7,6회,191,경복궁 생과방,경복궁 생과방,생과방,경복궁,체험,참여형,현장참여,2020,11,7,Saturday,토,1,가을,1,10:00,17:00,,0,0,0,0,1,0,0,0,1,1
2020-11-08,7,6회,191,경복궁 생과방,경복궁 생과방,생과방,경복궁,체험,참여형,현장참여,2020,11,8,Sunday,일,1,가을,1,10:00,17:00,,0,0,0,0,1,0,0,0,1,1
2020-11-09,7,6회,191,경복궁 생과방,경복궁 생과방,생과방,경복궁,체험,참여형,현장참여,2020,11,9,Monday,월,0,가을,1,10:00,17:00,,0,0,0,0,1,0,0,0,1,1
2020-11-10,7,6회,191,경복궁 생과방,경복궁 생과방,생과방,경복궁,체험,참여형,현장참여,2020,11,10,Tuesday,화,0,가을,1,10:00,17:00,,0,0,0,0,1,0,0,0,1,1
2020-11-11,7,6회,191,경복궁 생과방,경복궁 생과방,생과방,경복궁,체험,참여형,현장참여,2020,11,11,Wednesday,수,0,가을,1,10:00,17:00,,0,0,0,0,1,0,0,0,1,1
2020-11-12,7,6회,191,경복궁 생과방,경복궁 생과방,생과방,경복궁,체험,참여형,현장참여,2020,11,12,Thursday,목,0,가을,1,10:00,17:00,,0,0,0,0,1,0,0,0,1,1
2020-11-13,7,6회,191,경복궁 생과방,경복궁 생과방,생과방,경복궁,체험,참여형,현장참여,2020,11,13,Friday,금,0,가을,1,10:00,17:00,,0,0,0,0,1,0,0,0,1,1
2020-11-14,7,6회,191,경복궁 생과방,경복궁 생과방,생과방,경복궁,체험,참여형,현장참여,2020,11,14,Saturday,토,1,가을,1,10:00,17:00,,0,0,0,0,1,0,0,0,1,1
2020-11-15,7,6회,191,경복궁 생과방,경복궁 생과방,생과방,경복궁,체험,참여형,현장참여,2020,11,15,Sunday,일,1,가을,1,10:00,17:00,,0,0,0,0,1,0,0,0,1,1
2020-11-16,7,6회,191,경복궁 생과방,경복궁 생과방,생과방,경복궁,체험,참여형,현장참여,2020,11,16,Monday,월,0,가을,1,10:00,17:00,,0,0,0,0,1,0,0,0,1,1
2020-10-18,7,6회,188,천상풍류,천상풍류,천상풍류,경복궁,공연,관람형,현장참여,2020,10,18,Sunday,일,1,가을,1,19:30,21:00,,0,0,1,1,1,0,0,1,0,1
2020-10-10,7,6회,187,"고궁사진전 ‘궁을 걷다, 멋을 입다’","고궁사진전 ‘궁을 걷다, 멋을 입다’","고궁사진전 ‘궁을 걷다, 멋을 입다’",경복궁,전시,관람형,현장참여,2020,10,10,Saturday,토,1,가을,1,09:00,21:00,,0,0,1,0,1,0,1,0,0,1
2020-10-11,7,6회,187,"고궁사진전 ‘궁을 걷다, 멋을 입다’","고궁사진전 ‘궁을 걷다, 멋을 입다’","고궁사진전 ‘궁을 걷다, 멋을 입다’",경복궁,전시,관람형,현장참여,2020,10,11,Sunday,일,1,가을,1,09:00,21:00,,0,0,1,0,1,0,1,0,0,1
2020-10-12,7,6회,187,"고궁사진전 ‘궁을 걷다, 멋을 입다’","고궁사진전 ‘궁을 걷다, 멋을 입다’","고궁사진전 ‘궁을 걷다, 멋을 입다’",경복궁,전시,관람형,현장참여,2020,10,12,Monday,월,0,가을,1,09:00,21:00,,0,0,1,0,1,0,1,0,0,1
2020-10-13,7,6회,187,"고궁사진전 ‘궁을 걷다, 멋을 입다’","고궁사진전 ‘궁을 걷다, 멋을 입다’","고궁사진전 ‘궁을 걷다, 멋을 입다’",경복궁,전시,관람형,현장참여,2020,10,13,Tuesday,화,0,가을,1,09:00,21:00,,0,0,1,0,1,0,1,0,0,1
2020-10-14,7,6회,187,"고궁사진전 ‘궁을 걷다, 멋을 입다’","고궁사진전 ‘궁을 걷다, 멋을 입다’","고궁사진전 ‘궁을 걷다, 멋을 입다’",경복궁,전시,관람형,현장참여,2020,10,14,Wednesday,수,0,가을,1,09:00,21:00,,0,0,1,0,1,0,1,0,0,1
2020-10-15,7,6회,187,"고궁사진전 ‘궁을 걷다, 멋을 입다’","고궁사진전 ‘궁을 걷다, 멋을 입다’","고궁사진전 ‘궁을 걷다, 멋을 입다’",경복궁,전시,관람형,현장참여,2020,10,15,Thursday,목,0,가을,1,09:00,21:00,,0,0,1,0,1,0,1,0,0,1
2020-10-16,7,6회,187,"고궁사진전 ‘궁을 걷다, 멋을 입다’","고궁사진전 ‘궁을 걷다, 멋을 입다’","고궁사진전 ‘궁을 걷다, 멋을 입다’",경복궁,전시,관람형,현장참여,2020,10,16,Friday,금,0,가을,1,09:00,21:00,,0,0,1,0,1,0,1,0,0,1
2020-10-17,7,6회,187,"고궁사진전 ‘궁을 걷다, 멋을 입다’","고궁사진전 ‘궁을 걷다, 멋을 입다’","고궁사진전 ‘궁을 걷다, 멋을 입다’",경복궁,전시,관람형,현장참여,2020,10,17,Saturday,토,1,가을,1,09:00,21:00,,0,0,1,0,1,0,1,0,0,1
2020-10-18,7,6회,187,"고궁사진전 ‘궁을 걷다, 멋을 입다’","고궁사진전 ‘궁을 걷다, 멋을 입다’","고궁사진전 ‘궁을 걷다, 멋을 입다’",경복궁,전시,관람형,현장참여,2020,10,18,Sunday,일,1,가을,1,09:00,21:00,,0,0,1,0,1,0,1,0,0,1
2020-10-10,7,6회,179,궁궐캐릭터공모전 전시,궁궐캐릭터공모전 전시,궁궐캐릭터공모전 전시,경복궁,전시,관람형,현장참여,2020,10,10,Saturday,토,1,가을,1,09:00,21:00,,0,0,0,0,0,0,0,0,0,0
2020-10-11,7,6회,179,궁궐캐릭터공모전 전시,궁궐캐릭터공모전 전시,궁궐캐릭터공모전 전시,경복궁,전시,관람형,현장참여,2020,10,11,Sunday,일,1,가을,1,09:00,21:00,,0,0,0,0,0,0,0,0,0,0
2020-10-12,7,6회,179,궁궐캐릭터공모전 전시,궁궐캐릭터공모전 전시,궁궐캐릭터공모전 전시,경복궁,전시,관람형,현장참여,2020,10,12,Monday,월,0,가을,1,09:00,21:00,,0,0,0,0,0,0,0,0,0,0
2020-10-13,7,6회,179,궁궐캐릭터공모전 전시,궁궐캐릭터공모전 전시,궁궐캐릭터공모전 전시,경복궁,전시,관람형,현장참여,2020,10,13,Tuesday,화,0,가을,1,09:00,21:00,,0,0,0,0,0,0,0,0,0,0
2020-10-14,7,6회,179,궁궐캐릭터공모전 전시,궁궐캐릭터공모전 전시,궁궐캐릭터공모전 전시,경복궁,전시,관람형,현장참여,2020,10,14,Wednesday,수,0,가을,1,09:00,21:00,,0,0,0,0,0,0,0,0,0,0
2020-10-15,7,6회,179,궁궐캐릭터공모전 전시,궁궐캐릭터공모전 전시,궁궐캐릭터공모전 전시,경복궁,전시,관람형,현장참여,2020,10,15,Thursday,목,0,가을,1,09:00,21:00,,0,0,0,0,0,0,0,0,0,0
2020-10-16,7,6회,179,궁궐캐릭터공모전 전시,궁궐캐릭터공모전 전시,궁궐캐릭터공모전 전시,경복궁,전시,관람형,현장참여,2020,10,16,Friday,금,0,가을,1,09:00,21:00,,0,0,0,0,0,0,0,0,0,0
2020-10-17,7,6회,179,궁궐캐릭터공모전 전시,궁궐캐릭터공모전 전시,궁궐캐릭터공모전 전시,경복궁,전시,관람형,현장참여,2020,10,17,Saturday,토,1,가을,1,09:00,21:00,,0,0,0,0,0,0,0,0,0,0
2020-10-18,7,6회,179,궁궐캐릭터공모전 전시,궁궐캐릭터공모전 전시,궁궐캐릭터공모전 전시,경복궁,전시,관람형,현장참여,2020,10,18,Sunday,일,1,가을,1,09:00,21:00,,0,0,0,0,0,0,0,0,0,0
2019-04-27,6,5회,83,경복궁 고궁음악회 - 영추문 대동놀이,경복궁 고궁음악회 - 영추문 대동놀이,고궁음악회 - 영추문 대동놀이,경복궁,공연,관람형,현장참여,2019,4,27,Saturday,토,1,봄,1,16:00,16:40,,0,1,0,1,1,0,0,0,0,1
2019-04-28,6,5회,83,경복궁 고궁음악회 - 영추문 대동놀이,경복궁 고궁음악회 - 영추문 대동놀이,고궁음악회 - 영추문 대동놀이,경복궁,공연,관람형,현장참여,2019,4,28,Sunday,일,1,봄,1,16:00,16:40,,0,1,0,1,1,0,0,0,0,1
2019-04-29,6,5회,83,경복궁 고궁음악회 - 영추문 대동놀이,경복궁 고궁음악회 - 영추문 대동놀이,고궁음악회 - 영추문 대동놀이,경복궁,공연,관람형,현장참여,2019,4,29,Monday,월,0,봄,1,16:00,16:40,,0,1,0,1,1,0,0,0,0,1
2019-04-30,6,5회,83,경복궁 고궁음악회 - 영추문 대동놀이,경복궁 고궁음악회 - 영추문 대동놀이,고궁음악회 - 영추문 대동놀이,경복궁,공연,관람형,현장참여,2019,4,30,Tuesday,화,0,봄,1,16:00,16:40,,0,1,0,1,1,0,0,0,0,1
2019-05-01,6,5회,83,경복궁 고궁음악회 - 영추문 대동놀이,경복궁 고궁음악회 - 영추문 대동놀이,고궁음악회 - 영추문 대동놀이,경복궁,공연,관람형,현장참여,2019,5,1,Wednesday,수,0,봄,1,16:00,16:40,,0,1,0,1,1,0,0,0,0,1
2019-05-02,6,5회,83,경복궁 고궁음악회 - 영추문 대동놀이,경복궁 고궁음악회 - 영추문 대동놀이,고궁음악회 - 영추문 대동놀이,경복궁,공연,관람형,현장참여,2019,5,2,Thursday,목,0,봄,1,16:00,16:40,,0,1,0,1,1,0,0,0,0,1
2019-05-03,6,5회,83,경복궁 고궁음악회 - 영추문 대동놀이,경복궁 고궁음악회 - 영추문 대동놀이,고궁음악회 - 영추문 대동놀이,경복궁,공연,관람형,현장참여,2019,5,3,Friday,금,0,봄,1,16:00,16:40,,0,1,0,1,1,0,0,0,0,1
2019-05-04,6,5회,83,경복궁 고궁음악회 - 영추문 대동놀이,경복궁 고궁음악회 - 영추문 대동놀이,고궁음악회 - 영추문 대동놀이,경복궁,공연,관람형,현장참여,2019,5,4,Saturday,토,1,봄,1,16:00,16:40,,0,1,0,1,1,0,0,0,0,1
2019-05-05,6,5회,83,경복궁 고궁음악회 - 영추문 대동놀이,경복궁 고궁음악회 - 영추문 대동놀이,고궁음악회 - 영추문 대동놀이,경복궁,공연,관람형,현장참여,2019,5,5,Sunday,일,1,봄,1,16:00,16:40,,0,1,0,1,1,0,0,0,0,1
2019-05-04,6,5회,80,궁궐 호위군 사열의식 첩종,궁궐 호위군 사열의식 첩종,궁궐 호위군 사열의식 첩종,경복궁,재현,관람형,현장참여,2019,5,4,Saturday,토,1,봄,1,11:00,14:00,,0,0,0,0,0,0,0,0,0,0
2019-05-05,6,5회,80,궁궐 호위군 사열의식 첩종,궁궐 호위군 사열의식 첩종,궁궐 호위군 사열의식 첩종,경복궁,재현,관람형,현장참여,2019,5,5,Sunday,일,1,봄,1,11:00,14:00,,0,0,0,0,0,0,0,0,0,0
2019-04-27,6,5회,78,고궁사진전 ？ 꽃 피는 궁궐의 추억,고궁사진전 ？ 꽃 피는 궁궐의 추억,고궁사진전 ？ 꽃 피는 궁궐의 추억,경복궁,전시,관람형,현장참여,2019,4,27,Saturday,토,1,봄,1,09:00,21:00,,0,0,1,0,0,0,1,0,0,0
2019-04-28,6,5회,78,고궁사진전 ？ 꽃 피는 궁궐의 추억,고궁사진전 ？ 꽃 피는 궁궐의 추억,고궁사진전 ？ 꽃 피는 궁궐의 추억,경복궁,전시,관람형,현장참여,2019,4,28,Sunday,일,1,봄,1,09:00,21:00,,0,0,1,0,0,0,1,0,0,0
2019-04-29,6,5회,78,고궁사진전 ？ 꽃 피는 궁궐의 추억,고궁사진전 ？ 꽃 피는 궁궐의 추억,고궁사진전 ？ 꽃 피는 궁궐의 추억,경복궁,전시,관람형,현장참여,2019,4,29,Monday,월,0,봄,1,09:00,21:00,,0,0,1,0,0,0,1,0,0,0
2019-04-30,6,5회,78,고궁사진전 ？ 꽃 피는 궁궐의 추억,고궁사진전 ？ 꽃 피는 궁궐의 추억,고궁사진전 ？ 꽃 피는 궁궐의 추억,경복궁,전시,관람형,현장참여,2019,4,30,Tuesday,화,0,봄,1,09:00,21:00,,0,0,1,0,0,0,1,0,0,0
2019-05-01,6,5회,78,고궁사진전 ？ 꽃 피는 궁궐의 추억,고궁사진전 ？ 꽃 피는 궁궐의 추억,고궁사진전 ？ 꽃 피는 궁궐의 추억,경복궁,전시,관람형,현장참여,2019,5,1,Wednesday,수,0,봄,1,09:00,21:00,,0,0,1,0,0,0,1,0,0,0
2019-05-02,6,5회,78,고궁사진전 ？ 꽃 피는 궁궐의 추억,고궁사진전 ？ 꽃 피는 궁궐의 추억,고궁사진전 ？ 꽃 피는 궁궐의 추억,경복궁,전시,관람형,현장참여,2019,5,2,Thursday,목,0,봄,1,09:00,21:00,,0,0,1,0,0,0,1,0,0,0
2019-05-03,6,5회,78,고궁사진전 ？ 꽃 피는 궁궐의 추억,고궁사진전 ？ 꽃 피는 궁궐의 추억,고궁사진전 ？ 꽃 피는 궁궐의 추억,경복궁,전시,관람형,현장참여,2019,5,3,Friday,금,0,봄,1,09:00,21:00,,0,0,1,0,0,0,1,0,0,0
2019-05-04,6,5회,78,고궁사진전 ？ 꽃 피는 궁궐의 추억,고궁사진전 ？ 꽃 피는 궁궐의 추억,고궁사진전 ？ 꽃 피는 궁궐의 추억,경복궁,전시,관람형,현장참여,2019,5,4,Saturday,토,1,봄,1,09:00,21:00,,0,0,1,0,0,0,1,0,0,0
2019-05-05,6,5회,78,고궁사진전 ？ 꽃 피는 궁궐의 추억,고궁사진전 ？ 꽃 피는 궁궐의 추억,고궁사진전 ？ 꽃 피는 궁궐의 추억,경복궁,전시,관람형,현장참여,2019,5,5,Sunday,일,1,봄,1,09:00,21:00,,0,0,1,0,0,0,1,0,0,0
2019-04-28,6,5회,75,경회루 판타지 - 화룡지몽,경회루 판타지 - 화룡지몽,경회루 판타지 - 화룡지몽,경복궁,공연,관람형,현장참여,2019,4,28,Sunday,일,1,봄,1,20:00,21:00,,0,0,1,1,0,0,0,0,0,0
2019-04-29,6,5회,75,경회루 판타지 - 화룡지몽,경회루 판타지 - 화룡지몽,경회루 판타지 - 화룡지몽,경복궁,공연,관람형,현장참여,2019,4,29,Monday,월,0,봄,1,20:00,21:00,,0,0,1,1,0,0,0,0,0,0
2019-04-30,6,5회,75,경회루 판타지 - 화룡지몽,경회루 판타지 - 화룡지몽,경회루 판타지 - 화룡지몽,경복궁,공연,관람형,현장참여,2019,4,30,Tuesday,화,0,봄,1,20:00,21:00,,0,0,1,1,0,0,0,0,0,0
2019-05-01,6,5회,75,경회루 판타지 - 화룡지몽,경회루 판타지 - 화룡지몽,경회루 판타지 - 화룡지몽,경복궁,공연,관람형,현장참여,2019,5,1,Wednesday,수,0,봄,1,20:00,21:00,,0,0,1,1,0,0,0,0,0,0
2019-05-02,6,5회,75,경회루 판타지 - 화룡지몽,경회루 판타지 - 화룡지몽,경회루 판타지 - 화룡지몽,경복궁,공연,관람형,현장참여,2019,5,2,Thursday,목,0,봄,1,20:00,21:00,,0,0,1,1,0,0,0,0,0,0
2019-05-03,6,5회,75,경회루 판타지 - 화룡지몽,경회루 판타지 - 화룡지몽,경회루 판타지 - 화룡지몽,경복궁,공연,관람형,현장참여,2019,5,3,Friday,금,0,봄,1,20:00,21:00,,0,0,1,1,0,0,0,0,0,0
2019-05-04,6,5회,75,경회루 판타지 - 화룡지몽,경회루 판타지 - 화룡지몽,경회루 판타지 - 화룡지몽,경복궁,공연,관람형,현장참여,2019,5,4,Saturday,토,1,봄,1,20:00,21:00,,0,0,1,1,0,0,0,0,0,0
2019-04-28,6,5회,74,광화문 新 산대놀이,광화문 新 산대놀이,광화문 新 산대놀이,경복궁,공식행사,행사형,현장참여,2019,4,28,Sunday,일,1,봄,1,15:00,17:00,,0,0,0,0,1,0,0,0,0,0
2018-04-28,5,4회,1,개막제,개막제,개막제,경복궁,공식행사,행사형,현장참여,2018,4,28,Saturday,토,1,봄,1,19:30,19:30,,0,0,0,0,0,0,0,1,0,0
2015-05-03,2,1회,416,다례체험 '궁궐에 스며든 차의 향기',다례체험 '궁궐에 스며든 차의 향기',다례체험 '궁궐에 스며든 차의 향기',경복궁,체험,참여형,사전예약,2015,5,3,Sunday,일,1,봄,1,13:00,15:00,,0,0,0,0,1,0,0,1,0,1
2015-05-04,2,1회,416,다례체험 '궁궐에 스며든 차의 향기',다례체험 '궁궐에 스며든 차의 향기',다례체험 '궁궐에 스며든 차의 향기',경복궁,체험,참여형,사전예약,2015,5,4,Monday,월,0,봄,1,13:00,15:00,,0,0,0,0,1,0,0,1,0,1
2015-05-05,2,1회,416,다례체험 '궁궐에 스며든 차의 향기',다례체험 '궁궐에 스며든 차의 향기',다례체험 '궁궐에 스며든 차의 향기',경복궁,체험,참여형,사전예약,2015,5,5,Tuesday,화,0,봄,1,13:00,15:00,,0,0,0,0,1,0,0,1,0,1
2015-05-06,2,1회,416,다례체험 '궁궐에 스며든 차의 향기',다례체험 '궁궐에 스며든 차의 향기',다례체험 '궁궐에 스며든 차의 향기',경복궁,체험,참여형,사전예약,2015,5,6,Wednesday,수,0,봄,1,13:00,15:00,,0,0,0,0,1,0,0,1,0,1
2015-05-07,2,1회,416,다례체험 '궁궐에 스며든 차의 향기',다례체험 '궁궐에 스며든 차의 향기',다례체험 '궁궐에 스며든 차의 향기',경복궁,체험,참여형,사전예약,2015,5,7,Thursday,목,0,봄,1,13:00,15:00,,0,0,0,0,1,0,0,1,0,1
2015-05-08,2,1회,416,다례체험 '궁궐에 스며든 차의 향기',다례체험 '궁궐에 스며든 차의 향기',다례체험 '궁궐에 스며든 차의 향기',경복궁,체험,참여형,사전예약,2015,5,8,Friday,금,0,봄,1,13:00,15:00,,0,0,0,0,1,0,0,1,0,1
2015-05-09,2,1회,416,다례체험 '궁궐에 스며든 차의 향기',다례체험 '궁궐에 스며든 차의 향기',다례체험 '궁궐에 스며든 차의 향기',경복궁,체험,참여형,사전예약,2015,5,9,Saturday,토,1,봄,1,13:00,15:00,,0,0,0,0,1,0,0,1,0,1
2015-05-10,2,1회,416,다례체험 '궁궐에 스며든 차의 향기',다례체험 '궁궐에 스며든 차의 향기',다례체험 '궁궐에 스며든 차의 향기',경복궁,체험,참여형,사전예약,2015,5,10,Sunday,일,1,봄,1,13:00,15:00,,0,0,0,0,1,0,0,1,0,1
2015-05-04,2,1회,415,소주방의 일상재현,소주방의 일상재현,소주방의 일상재현,경복궁,체험,참여형,사전예약,2015,5,4,Monday,월,0,봄,1,10:00,11:00,,0,0,0,0,1,0,1,1,0,1
2015-05-05,2,1회,415,소주방의 일상재현,소주방의 일상재현,소주방의 일상재현,경복궁,체험,참여형,사전예약,2015,5,5,Tuesday,화,0,봄,1,10:00,11:00,,0,0,0,0,1,0,1,1,0,1
2015-05-06,2,1회,415,소주방의 일상재현,소주방의 일상재현,소주방의 일상재현,경복궁,체험,참여형,사전예약,2015,5,6,Wednesday,수,0,봄,1,10:00,11:00,,0,0,0,0,1,0,1,1,0,1
2015-05-07,2,1회,415,소주방의 일상재현,소주방의 일상재현,소주방의 일상재현,경복궁,체험,참여형,사전예약,2015,5,7,Thursday,목,0,봄,1,10:00,11:00,,0,0,0,0,1,0,1,1,0,1
2015-05-08,2,1회,415,소주방의 일상재현,소주방의 일상재현,소주방의 일상재현,경복궁,체험,참여형,사전예약,2015,5,8,Friday,금,0,봄,1,10:00,11:00,,0,0,0,0,1,0,1,1,0,1
2015-05-09,2,1회,415,소주방의 일상재현,소주방의 일상재현,소주방의 일상재현,경복궁,체험,참여형,사전예약,2015,5,9,Saturday,토,1,봄,1,10:00,11:00,,0,0,0,0,1,0,1,1,0,1
2015-05-10,2,1회,415,소주방의 일상재현,소주방의 일상재현,소주방의 일상재현,경복궁,체험,참여형,사전예약,2015,5,10,Sunday,일,1,봄,1,10:00,11:00,,0,0,0,0,1,0,1,1,0,1
2015-05-02,2,1회,414,궁중복식체험,궁중복식체험,궁중복식체험,경복궁,체험,참여형,현장참여,2015,5,2,Saturday,토,1,봄,1,09:00,18:00,,0,1,0,0,0,0,0,1,0,0
2015-05-03,2,1회,414,궁중복식체험,궁중복식체험,궁중복식체험,경복궁,체험,참여형,현장참여,2015,5,3,Sunday,일,1,봄,1,09:00,18:00,,0,1,0,0,0,0,0,1,0,0
2015-05-04,2,1회,414,궁중복식체험,궁중복식체험,궁중복식체험,경복궁,체험,참여형,현장참여,2015,5,4,Monday,월,0,봄,1,09:00,18:00,,0,1,0,0,0,0,0,1,0,0
2015-05-05,2,1회,414,궁중복식체험,궁중복식체험,궁중복식체험,경복궁,체험,참여형,현장참여,2015,5,5,Tuesday,화,0,봄,1,09:00,18:00,,0,1,0,0,0,0,0,1,0,0
2015-05-06,2,1회,414,궁중복식체험,궁중복식체험,궁중복식체험,경복궁,체험,참여형,현장참여,2015,5,6,Wednesday,수,0,봄,1,09:00,18:00,,0,1,0,0,0,0,0,1,0,0
2015-05-07,2,1회,414,궁중복식체험,궁중복식체험,궁중복식체험,경복궁,체험,참여형,현장참여,2015,5,7,Thursday,목,0,봄,1,09:00,18:00,,0,1,0,0,0,0,0,1,0,0
2015-05-08,2,1회,414,궁중복식체험,궁중복식체험,궁중복식체험,경복궁,체험,참여형,현장참여,2015,5,8,Friday,금,0,봄,1,09:00,18:00,,0,1,0,0,0,0,0,1,0,0
2015-05-09,2,1회,414,궁중복식체험,궁중복식체험,궁중복식체험,경복궁,체험,참여형,현장참여,2015,5,9,Saturday,토,1,봄,1,09:00,18:00,,0,1,0,0,0,0,0,1,0,0
2015-05-10,2,1회,414,궁중복식체험,궁중복식체험,궁중복식체험,경복궁,체험,참여형,현장참여,2015,5,10,Sunday,일,1,봄,1,09:00,18:00,,0,1,0,0,0,0,0,1,0,0
2015-05-03,2,1회,413,궁궐 호위군 사열의식 “첩종”,궁궐 호위군 사열의식 “첩종”,궁궐 호위군 사열의식 “첩종”,경복궁,재현,관람형,현장참여,2015,5,3,Sunday,일,1,봄,1,11:00,14:00,,0,0,0,0,0,0,0,0,0,0
2015-05-04,2,1회,413,궁궐 호위군 사열의식 “첩종”,궁궐 호위군 사열의식 “첩종”,궁궐 호위군 사열의식 “첩종”,경복궁,재현,관람형,현장참여,2015,5,4,Monday,월,0,봄,1,11:00,14:00,,0,0,0,0,0,0,0,0,0,0
2015-05-05,2,1회,413,궁궐 호위군 사열의식 “첩종”,궁궐 호위군 사열의식 “첩종”,궁궐 호위군 사열의식 “첩종”,경복궁,재현,관람형,현장참여,2015,5,5,Tuesday,화,0,봄,1,11:00,14:00,,0,0,0,0,0,0,0,0,0,0
2015-05-06,2,1회,413,궁궐 호위군 사열의식 “첩종”,궁궐 호위군 사열의식 “첩종”,궁궐 호위군 사열의식 “첩종”,경복궁,재현,관람형,현장참여,2015,5,6,Wednesday,수,0,봄,1,11:00,14:00,,0,0,0,0,0,0,0,0,0,0
2015-05-07,2,1회,413,궁궐 호위군 사열의식 “첩종”,궁궐 호위군 사열의식 “첩종”,궁궐 호위군 사열의식 “첩종”,경복궁,재현,관람형,현장참여,2015,5,7,Thursday,목,0,봄,1,11:00,14:00,,0,0,0,0,0,0,0,0,0,0
2015-05-08,2,1회,413,궁궐 호위군 사열의식 “첩종”,궁궐 호위군 사열의식 “첩종”,궁궐 호위군 사열의식 “첩종”,경복궁,재현,관람형,현장참여,2015,5,8,Friday,금,0,봄,1,11:00,14:00,,0,0,0,0,0,0,0,0,0,0
2015-05-09,2,1회,413,궁궐 호위군 사열의식 “첩종”,궁궐 호위군 사열의식 “첩종”,궁궐 호위군 사열의식 “첩종”,경복궁,재현,관람형,현장참여,2015,5,9,Saturday,토,1,봄,1,11:00,14:00,,0,0,0,0,0,0,0,0,0,0
2015-05-10,2,1회,413,궁궐 호위군 사열의식 “첩종”,궁궐 호위군 사열의식 “첩종”,궁궐 호위군 사열의식 “첩종”,경복궁,재현,관람형,현장참여,2015,5,10,Sunday,일,1,봄,1,11:00,14:00,,0,0,0,0,0,0,0,0,0,0
2015-05-02,2,1회,412,용비어천가 “하늘이 열리다”,용비어천가 “하늘이 열리다”,용비어천가 “하늘이 열리다”,경복궁,공연,관람형,현장참여,2015,5,2,Saturday,토,1,봄,1,20:00,21:00,,0,0,0,1,0,0,0,0,0,1
2015-05-03,2,1회,412,용비어천가 “하늘이 열리다”,용비어천가 “하늘이 열리다”,용비어천가 “하늘이 열리다”,경복궁,공연,관람형,현장참여,2015,5,3,Sunday,일,1,봄,1,20:00,21:00,,0,0,0,1,0,0,0,0,0,1
2015-05-04,2,1회,412,용비어천가 “하늘이 열리다”,용비어천가 “하늘이 열리다”,용비어천가 “하늘이 열리다”,경복궁,공연,관람형,현장참여,2015,5,4,Monday,월,0,봄,1,20:00,21:00,,0,0,0,1,0,0,0,0,0,1
2015-05-05,2,1회,412,용비어천가 “하늘이 열리다”,용비어천가 “하늘이 열리다”,용비어천가 “하늘이 열리다”,경복궁,공연,관람형,현장참여,2015,5,5,Tuesday,화,0,봄,1,20:00,21:00,,0,0,0,1,0,0,0,0,0,1
2015-05-06,2,1회,412,용비어천가 “하늘이 열리다”,용비어천가 “하늘이 열리다”,용비어천가 “하늘이 열리다”,경복궁,공연,관람형,현장참여,2015,5,6,Wednesday,수,0,봄,1,20:00,21:00,,0,0,0,1,0,0,0,0,0,1
2015-05-07,2,1회,412,용비어천가 “하늘이 열리다”,용비어천가 “하늘이 열리다”,용비어천가 “하늘이 열리다”,경복궁,공연,관람형,현장참여,2015,5,7,Thursday,목,0,봄,1,20:00,21:00,,0,0,0,1,0,0,0,0,0,1
2015-05-08,2,1회,412,용비어천가 “하늘이 열리다”,용비어천가 “하늘이 열리다”,용비어천가 “하늘이 열리다”,경복궁,공연,관람형,현장참여,2015,5,8,Friday,금,0,봄,1,20:00,21:00,,0,0,0,1,0,0,0,0,0,1
2015-05-09,2,1회,412,용비어천가 “하늘이 열리다”,용비어천가 “하늘이 열리다”,용비어천가 “하늘이 열리다”,경복궁,공연,관람형,현장참여,2015,5,9,Saturday,토,1,봄,1,20:00,21:00,,0,0,0,1,0,0,0,0,0,1
2015-05-10,2,1회,412,용비어천가 “하늘이 열리다”,용비어천가 “하늘이 열리다”,용비어천가 “하늘이 열리다”,경복궁,공연,관람형,현장참여,2015,5,10,Sunday,일,1,봄,1,20:00,21:00,,0,0,0,1,0,0,0,0,0,1
2015-05-02,2,1회,411,"미디어 파사드 “궁, 빛으로 태어나다”","미디어 파사드 “궁, 빛으로 태어나다”","미디어 파사드 “궁, 빛으로 태어나다”",경복궁,전시,관람형,현장참여,2015,5,2,Saturday,토,1,봄,1,21:00,21:30,,0,0,0,0,0,0,0,0,0,0
2015-05-03,2,1회,411,"미디어 파사드 “궁, 빛으로 태어나다”","미디어 파사드 “궁, 빛으로 태어나다”","미디어 파사드 “궁, 빛으로 태어나다”",경복궁,전시,관람형,현장참여,2015,5,3,Sunday,일,1,봄,1,21:00,21:30,,0,0,0,0,0,0,0,0,0,0
2015-05-04,2,1회,411,"미디어 파사드 “궁, 빛으로 태어나다”","미디어 파사드 “궁, 빛으로 태어나다”","미디어 파사드 “궁, 빛으로 태어나다”",경복궁,전시,관람형,현장참여,2015,5,4,Monday,월,0,봄,1,21:00,21:30,,0,0,0,0,0,0,0,0,0,0
2015-05-05,2,1회,411,"미디어 파사드 “궁, 빛으로 태어나다”","미디어 파사드 “궁, 빛으로 태어나다”","미디어 파사드 “궁, 빛으로 태어나다”",경복궁,전시,관람형,현장참여,2015,5,5,Tuesday,화,0,봄,1,21:00,21:30,,0,0,0,0,0,0,0,0,0,0
2015-05-06,2,1회,411,"미디어 파사드 “궁, 빛으로 태어나다”","미디어 파사드 “궁, 빛으로 태어나다”","미디어 파사드 “궁, 빛으로 태어나다”",경복궁,전시,관람형,현장참여,2015,5,6,Wednesday,수,0,봄,1,21:00,21:30,,0,0,0,0,0,0,0,0,0,0
2015-05-07,2,1회,411,"미디어 파사드 “궁, 빛으로 태어나다”","미디어 파사드 “궁, 빛으로 태어나다”","미디어 파사드 “궁, 빛으로 태어나다”",경복궁,전시,관람형,현장참여,2015,5,7,Thursday,목,0,봄,1,21:00,21:30,,0,0,0,0,0,0,0,0,0,0
2015-05-08,2,1회,411,"미디어 파사드 “궁, 빛으로 태어나다”","미디어 파사드 “궁, 빛으로 태어나다”","미디어 파사드 “궁, 빛으로 태어나다”",경복궁,전시,관람형,현장참여,2015,5,8,Friday,금,0,봄,1,21:00,21:30,,0,0,0,0,0,0,0,0,0,0
2015-05-09,2,1회,411,"미디어 파사드 “궁, 빛으로 태어나다”","미디어 파사드 “궁, 빛으로 태어나다”","미디어 파사드 “궁, 빛으로 태어나다”",경복궁,전시,관람형,현장참여,2015,5,9,Saturday,토,1,봄,1,21:00,21:30,,0,0,0,0,0,0,0,0,0,0
2015-05-10,2,1회,411,"미디어 파사드 “궁, 빛으로 태어나다”","미디어 파사드 “궁, 빛으로 태어나다”","미디어 파사드 “궁, 빛으로 태어나다”",경복궁,전시,관람형,현장참여,2015,5,10,Sunday,일,1,봄,1,21:00,21:30,,0,0,0,0,0,0,0,0,0,0
2015-05-02,2,1회,410,소주방 개관식,소주방 개관식,소주방 개관식,경복궁,공식행사,행사형,현장참여,2015,5,2,Saturday,토,1,봄,1,14:00,14:00,,0,0,0,1,1,0,0,0,0,0
2015-05-01,2,1회,409,전야제 “좋은 날”(Good-Day!),전야제 “좋은 날”(Good-Day!),전야제 “좋은 날”(Good-Day!),경복궁,공식행사,행사형,현장참여,2015,5,1,Friday,금,0,봄,1,20:00,21:00,,0,0,0,1,0,0,0,0,0,1
