날짜,KTCI,등급,계절,KTCI-a,등급_a,계절_a,KTCI-a2,등급_a2,KTCI-a_roll3,KTCI-a_roll7,Cd,Ca,P,W,S,ET_d,ET_a,최고기온,평균기온,최저습도,평균습도,강수량,풍속,일조시간,전운량
2009-01-01,65.76,Good,winter,65.76,Good,winter,65.76,Good,65.76,65.76,2.0,1.5,5.0,4.0,4.4,0.20999999999999996,-2.3745599999999993,-2.5,-5.8,45.8,45.8,0.0,2.3,8.8,0.0
2009-01-02,67.22,Good,winter,67.22,Good,winter,67.22,Good,66.49,66.49,2.0,1.5,5.0,4.5,4.4,2.9072000000000005,-0.3167999999999993,1.2,-2.8,51.5,51.5,0.0,1.6,8.8,0.0
2009-01-03,70.42,Very Good,winter,70.42,Very Good,winter,70.42,Very Good,67.8,67.8,2.5,2.0,5.0,4.0,4.4,5.2408,1.2748000000000004,4.0,-1.0,48.3,48.3,0.0,1.8,8.8,0.9
2009-01-04,70.09,Very Good,winter,70.09,Very Good,winter,70.09,Very Good,69.24,68.37,2.5,2.0,5.0,4.0,4.2,5.7254000000000005,2.5388800000000002,4.5,0.4,44.3,44.3,0.0,1.9,8.4,2.0
2009-01-05,64.99,Good,winter,64.99,Good,winter,64.99,Good,68.5,67.7,2.0,2.0,5.0,4.0,2.45,2.85088,0.5761599999999998,1.2,-1.6,53.1,53.1,0.0,2.2,4.9,1.6
2009-01-06,65.07,Good,winter,65.07,Good,winter,65.07,Good,66.72,67.26,2.0,2.0,5.0,4.0,2.5,3.12,0.40000000000000036,1.4,-2.0,50.0,50.0,0.0,1.7,5.0,3.6
2009-01-07,70.26,Very Good,winter,70.26,Very Good,winter,70.26,Very Good,66.77,67.69,2.5,2.0,5.0,4.0,4.3,5.5456,1.9360000000000004,4.2,-0.5,42.0,42.0,0.0,1.8,8.6,0.5
2009-01-08,68.31,Good,winter,68.31,Good,winter,68.31,Good,67.88,68.05,2.5,2.0,5.0,4.0,3.1,4.24,1.6288000000000005,2.5,-0.9,42.0,42.0,0.0,1.8,6.2,3.0
2009-01-09,62.76,Good,winter,62.76,Good,winter,62.76,Good,67.11,67.41,2.0,1.5,5.0,3.5,3.45,1.8940000000000006,-0.42199999999999926,-0.5,-3.5,43.0,43.0,0.0,3.0,6.9,0.5
2009-01-10,60.57,Good,winter,60.57,Good,winter,60.57,Good,63.88,66.01,1.5,1.5,5.0,3.0,4.4,-0.9823999999999988,-3.4399999999999995,-4.3,-7.5,42.0,42.0,0.0,3.5,8.8,0.4
2009-01-11,62.11,Good,winter,62.11,Good,winter,62.11,Good,61.81,64.87,1.5,1.5,5.0,3.5,4.45,-0.7636000000000003,-3.644,-4.2,-8.0,39.5,39.5,0.0,3.3,8.9,0.4
2009-01-12,57.61,Acceptable,winter,57.61,Acceptable,winter,57.61,Acceptable,60.1,63.81,1.5,1.0,5.0,3.0,4.05,-0.42799999999999994,-4.061999999999999,-3.2,-7.8,47.5,47.5,0.0,4.1,8.1,0.5
2009-01-13,65.84,Good,winter,65.84,Good,winter,65.84,Good,61.85,63.92,2.0,1.5,5.0,4.0,4.45,1.0162000000000004,-2.1085999999999996,-1.5,-5.5,45.3,45.3,0.0,2.1,8.9,1.4
2009-01-14,60.73,Good,winter,60.73,Good,winter,60.73,Good,61.39,62.56,1.5,1.5,5.0,3.0,4.5,-0.010880000000000223,-2.5894399999999997,-3.2,-6.6,39.6,39.6,0.0,3.5,9.0,0.4
2009-01-15,65.68,Good,winter,65.68,Good,winter,65.68,Good,64.08,62.19,2.0,1.5,5.0,4.0,4.35,1.1488000000000005,-2.022879999999999,-2.0,-6.3,34.4,34.4,0.0,2.1,8.7,2.5
2009-01-16,58.06,Acceptable,winter,58.06,Acceptable,winter,58.06,Acceptable,61.49,61.51,2.0,1.5,4.67,4.0,0.9,1.13728,-1.8169599999999995,0.4,-2.8,80.8,80.8,3.3,2.0,1.8,6.0
2009-01-17,64.7,Good,winter,64.7,Good,winter,64.7,Good,62.81,62.1,2.0,1.5,5.0,4.0,3.75,3.74032,-0.34207999999999994,3.1,-1.4,76.8,76.8,0.0,2.3,7.5,0.9
2009-01-18,63.53,Good,winter,63.53,Good,winter,63.53,Good,62.1,62.31,2.5,2.0,5.0,4.0,0.15,6.5399199999999995,3.4347200000000004,6.1,2.6,71.8,71.8,0.0,2.4,0.3,7.8
2009-01-19,68.15,Good,winter,68.15,Good,winter,68.15,Good,65.46,63.81,2.5,2.0,5.0,3.5,3.9,5.8024000000000004,2.5552,4.7,0.6,48.0,48.0,0.0,2.6,7.8,2.3
2009-01-20,71.27,Very Good,winter,71.27,Very Good,winter,71.27,Very Good,67.65,64.59,2.5,2.5,5.0,4.0,3.45,7.98064,4.37464,7.2,2.2,30.3,30.3,0.0,1.7,6.9,5.6
2009-01-21,66.57,Good,winter,66.57,Good,winter,66.57,Good,68.66,65.42,2.5,2.5,5.0,4.0,0.5499999999999998,6.66096,5.032159999999999,5.9,3.9,53.6,53.6,0.0,1.9,0.0,8.9
2009-01-22,69.65,Good,winter,69.65,Good,winter,69.65,Good,69.16,65.99,3.0,2.5,5.0,3.5,1.95,9.40752,4.5830400000000004,9.3,3.6,61.6,61.6,0.0,3.4,3.9,6.5
2009-01-23,60.12,Good,winter,60.12,Good,winter,60.12,Good,65.45,66.28,2.0,1.0,5.0,3.0,4.2,0.9472000000000005,-4.3336,-2.0,-9.0,38.6,38.6,0.0,4.7,8.4,1.8
2009-01-24,57.68,Acceptable,winter,57.68,Acceptable,winter,57.68,Acceptable,62.48,65.28,1.5,1.0,4.8,4.0,3.05,-2.8591599999999997,-5.413959999999999,-5.1,-8.1,62.9,62.9,2.0,2.3,6.1,3.3
2009-01-25,61.22,Good,winter,61.22,Good,winter,61.22,Good,59.67,64.95,2.0,1.5,4.96,3.5,2.65,2.2456,-2.57936,1.0,-4.6,65.4,65.4,0.4,2.7,5.3,3.5
2009-01-26,64.06,Good,winter,64.06,Good,winter,64.06,Good,60.99,64.37,2.0,1.5,5.0,4.0,3.35,1.27696,-1.3741599999999998,-0.2,-3.3,63.8,63.8,0.0,2.4,6.7,2.4
2009-01-27,70.26,Very Good,winter,70.26,Very Good,winter,70.26,Very Good,65.18,64.22,2.5,2.0,5.0,4.0,4.3,5.051679999999999,0.34672000000000036,3.9,-1.9,52.8,52.8,0.0,2.0,8.6,0.9
2009-01-28,73.01,Very Good,winter,73.01,Very Good,winter,73.01,Very Good,69.11,65.14,3.0,2.0,5.0,4.0,4.6,8.30952,3.4686000000000003,7.8,1.5,42.1,42.1,0.0,1.9,9.2,0.0
2009-01-29,73.86,Very Good,winter,73.86,Very Good,winter,73.86,Very Good,72.38,65.74,3.0,2.5,5.0,4.5,2.75,8.7284,4.9884,8.3,3.3,37.0,37.0,0.0,1.5,5.5,4.6
2009-01-30,72.32,Very Good,winter,72.32,Very Good,winter,72.32,Very Good,73.06,67.49,3.0,2.5,5.0,3.5,3.6,11.73008,6.69712,12.2,5.8,46.6,46.6,0.0,3.2,7.2,2.9
2009-01-31,71.84,Very Good,winter,71.84,Very Good,winter,71.84,Very Good,72.67,69.51,3.0,2.5,5.0,3.5,3.3,11.36272,6.87376,11.7,6.1,50.4,50.4,0.0,2.6,6.6,1.9
2009-02-01,75.0,Very Good,winter,75.0,Very Good,winter,75.0,Very Good,73.05,71.48,3.0,2.5,5.0,4.0,4.35,10.4042,6.20052,10.5,5.3,52.1,52.1,0.0,2.2,8.7,1.8
2009-02-02,69.73,Good,winter,69.73,Good,winter,69.73,Good,72.19,72.29,3.0,2.5,5.0,4.0,1.1,8.2232,5.73568,8.0,5.2,72.1,72.1,0.0,2.2,0.0,7.8
2009-02-03,73.46,Very Good,winter,73.46,Very Good,winter,73.46,Very Good,72.73,72.75,3.0,2.5,5.0,4.0,3.4,10.956999999999999,6.259,11.1,5.7,67.5,67.5,0.0,1.9,6.8,4.5
2009-02-04,73.3,Very Good,winter,73.3,Very Good,winter,73.3,Very Good,72.16,72.79,3.0,2.5,5.0,4.0,3.3,9.0518,5.1728000000000005,8.9,4.4,65.5,65.5,0.0,2.1,6.6,3.8
2009-02-05,66.93,Good,winter,66.93,Good,winter,66.93,Good,71.23,71.8,2.5,2.5,4.98,4.0,0.8499999999999996,6.4592,5.04288,6.0,4.4,71.3,71.3,0.2,2.0,0.0,8.3
2009-02-06,66.73,Good,winter,66.73,Good,winter,66.73,Good,68.99,71.0,2.5,2.5,5.0,4.0,0.65,7.18272,4.01328,6.8,3.2,70.1,70.1,0.0,1.7,1.3,2.9
2009-02-07,64.67,Good,winter,64.67,Good,winter,64.67,Good,66.11,69.97,2.5,2.0,5.0,4.0,0.8499999999999996,5.394,3.36736,5.0,2.8,80.3,80.3,0.0,1.8,0.0,8.3
2009-02-08,72.85,Very Good,winter,72.85,Very Good,winter,72.85,Very Good,68.08,69.67,3.0,2.0,5.0,4.0,4.5,8.51104,3.9614400000000005,8.2,2.7,56.8,56.8,0.0,1.7,9.0,1.6
2009-02-09,70.78,Very Good,winter,70.78,Very Good,winter,70.78,Very Good,69.43,69.82,3.0,2.5,5.0,3.5,2.65,8.49596,6.042,8.1,5.0,47.9,47.9,0.0,2.6,5.3,8.0
2009-02-10,64.38,Good,winter,64.38,Good,winter,64.38,Good,69.34,68.52,2.5,2.5,5.0,3.5,0.1,6.9326,5.1798,6.5,4.5,69.1,69.1,0.0,2.8,0.2,8.0
2009-02-11,68.19,Good,winter,68.19,Good,winter,68.19,Good,67.78,67.79,3.0,2.5,5.0,3.5,1.05,9.284799999999999,6.1558,9.2,5.7,73.5,73.5,0.0,2.6,2.1,5.9
2009-02-12,67.74,Good,winter,67.74,Good,winter,67.74,Good,66.77,67.91,3.0,2.5,4.98,3.5,0.85,10.49512,7.35936,10.6,6.8,56.3,56.3,0.2,3.0,1.7,6.6
2009-02-13,48.83,Marginal,winter,48.83,Marginal,winter,48.83,Marginal,61.59,65.35,3.5,3.0,1.5499999999999998,3.0,0.20000000000000018,15.724240000000002,10.37536,16.1,10.4,84.6,84.6,34.5,4.9,0.0,9.6
2009-02-14,66.09,Good,winter,66.09,Good,winter,66.09,Good,60.89,65.55,2.5,2.5,5.0,4.0,0.25,5.8000799999999995,4.28096,5.3,3.6,73.4,73.4,0.0,2.4,0.5,5.8
2009-02-15,63.29,Good,winter,63.29,Good,winter,63.29,Good,59.4,64.19,2.5,2.0,4.96,3.5,1.05,4.0385599999999995,0.9009599999999995,2.4,-1.6,46.1,46.1,0.4,3.4,2.1,7.0
2009-02-16,63.57,Good,winter,63.57,Good,winter,63.57,Good,64.32,63.16,2.0,1.5,5.0,3.0,4.85,1.2030400000000006,-1.4432,-2.3,-6.0,28.8,28.8,0.0,4.0,9.7,0.8
2009-02-17,66.49,Good,winter,66.49,Good,winter,66.49,Good,64.45,63.46,2.0,1.5,5.0,4.0,4.85,2.0578,-1.04344,-0.5,-4.6,39.1,39.1,0.0,2.4,9.7,0.4
2009-02-18,65.64,Good,winter,65.64,Good,winter,65.64,Good,65.23,63.09,2.0,2.0,5.0,4.0,2.85,3.4192799999999997,0.6645599999999994,1.4,-2.2,41.3,41.3,0.0,2.2,5.7,2.5
2009-02-19,63.45,Good,winter,63.45,Good,winter,63.45,Good,65.19,62.48,2.5,2.0,4.96,4.0,0.25,5.10536,2.45744,3.9,0.6,50.6,50.6,0.4,2.2,0.0,9.5
2009-02-20,60.93,Good,winter,60.93,Good,winter,60.93,Good,63.34,64.21,2.0,1.5,4.9,3.0,3.6,1.5968,-0.3999999999999999,-0.1,-2.5,58.0,58.0,1.0,4.1,7.2,3.8
2009-02-21,70.9,Very Good,winter,70.9,Very Good,winter,70.9,Very Good,65.09,64.9,2.5,2.0,5.0,4.0,4.7,4.0578,0.06919999999999948,2.7,-2.2,53.5,53.5,0.0,2.2,9.4,2.0
2009-02-22,65.76,Good,winter,65.76,Good,winter,65.76,Good,65.86,65.25,2.5,2.5,5.0,4.0,0.05,7.4812,4.1228,7.0,3.0,59.9,59.9,0.0,1.7,0.1,7.9
2009-02-23,75.08,Very Good,winter,75.08,Very Good,winter,75.08,Very Good,70.58,66.89,3.0,2.5,5.0,4.5,3.5,11.5542,6.8916,11.9,6.2,54.5,54.5,0.0,1.6,7.0,4.5
2009-02-24,67.99,Good,winter,67.99,Good,winter,67.99,Good,69.61,67.11,3.0,2.5,4.98,4.0,0.09999999999999964,10.174719999999999,7.903359999999999,10.2,7.6,68.4,68.4,0.2,2.1,0.0,9.8
2009-02-25,68.43,Good,winter,68.43,Good,winter,68.43,Good,70.5,67.51,2.5,2.5,5.0,3.5,2.6,7.16896,4.33792,6.4,2.8,46.6,46.6,0.0,3.1,5.2,6.6
2009-02-26,70.38,Very Good,winter,70.38,Very Good,winter,70.38,Very Good,68.93,68.5,2.5,2.5,5.0,3.5,3.8,7.99768,4.36384,7.3,2.4,35.4,35.4,0.0,2.6,7.6,5.1
2009-02-27,76.05,Very Good,winter,76.05,Very Good,winter,76.05,Very Good,71.62,70.66,3.0,2.5,5.0,4.0,5.0,8.96736,5.50064,8.6,3.9,34.4,34.4,0.0,2.5,10.1,2.9
2009-02-28,75.73,Very Good,winter,75.73,Very Good,winter,75.73,Very Good,74.05,71.35,3.0,2.5,5.0,4.0,4.8,10.14552,6.50752,10.2,5.2,31.9,31.9,0.0,2.1,9.6,3.3
2009-03-01,76.1,Very Good,spring,74.59,Very Good,winter,74.59,Very Good,75.46,72.61,3.0,2.5,5.0,3.5,5.0,8.99032,5.16796,8.6,3.3,30.3,30.3,0.0,3.3,10.3,0.5
2009-03-02,73.08,Very Good,spring,72.97,Very Good,winter,72.97,Very Good,74.43,72.31,3.0,2.5,5.0,4.0,3.1,8.9584,5.2384,8.6,3.6,36.0,36.0,0.0,2.0,6.2,6.1
2009-03-03,59.49,Acceptable,spring,60.68,Good,winter,60.68,Good,69.41,71.26,2.5,2.0,4.35,4.0,0.8499999999999996,5.523359999999999,3.3307200000000003,5.1,2.7,78.4,78.4,6.5,2.0,0.0,8.3
2009-03-04,76.38,Very Good,spring,75.32,Very Good,winter,75.32,Very Good,69.66,72.25,3.0,2.5,5.0,4.0,4.55,9.06104,4.62232,8.9,3.7,63.4,63.4,0.0,1.8,9.1,3.3
2009-03-05,58.98,Acceptable,spring,60.88,Good,winter,60.88,Good,65.63,70.89,2.5,2.5,4.1,4.0,0.4500000000000002,7.88416,5.76832,7.6,5.2,70.4,70.4,9.0,2.4,0.0,9.1
2009-03-06,68.23,Good,spring,67.01,Good,winter,67.01,Good,67.74,69.6,2.5,2.0,5.0,3.0,4.1,5.116,3.1624,4.0,1.6,53.5,53.5,0.0,4.2,8.2,3.5
2009-03-07,72.9,Very Good,spring,71.39,Very Good,winter,71.39,Very Good,66.43,68.98,2.5,2.0,5.0,4.0,5.0,7.09984,3.31352,6.4,1.7,51.4,51.4,0.0,2.5,10.3,2.0
2009-03-08,74.56,Very Good,spring,74.02,Very Good,winter,74.02,Very Good,70.81,68.9,3.0,2.5,5.0,4.0,3.75,10.85272,6.20152,11.1,5.1,43.8,43.8,0.0,2.3,7.5,4.0
2009-03-09,73.48,Very Good,spring,72.73,Very Good,winter,72.73,Very Good,72.71,68.86,3.0,2.5,5.0,3.5,3.85,10.924,6.556,11.1,5.9,60.0,60.0,0.0,2.6,7.7,2.5
2009-03-10,76.1,Very Good,spring,74.59,Very Good,winter,74.59,Very Good,73.78,70.85,3.0,2.5,5.0,3.5,5.0,8.97912,5.18728,8.6,3.4,32.3,32.3,0.0,3.3,10.5,2.1
2009-03-11,74.56,Very Good,spring,74.02,Very Good,winter,74.02,Very Good,73.78,70.66,3.0,2.5,5.0,4.0,3.75,9.92708,5.9894,9.9,4.5,32.3,32.3,0.0,2.5,7.5,4.6
2009-03-12,70.03,Very Good,spring,71.19,Very Good,winter,71.19,Very Good,73.27,72.14,3.0,3.0,4.65,4.0,1.85,12.5886,8.44684,13.5,7.9,34.9,34.9,3.5,2.3,3.7,8.4
2009-03-13,48.39,Marginal,spring,49.37,Marginal,winter,49.37,Marginal,64.86,69.62,2.5,2.0,3.05,3.0,0.6,6.7676799999999995,3.62272,6.3,2.7,68.4,68.4,19.5,4.4,1.2,7.9
2009-03-14,70.28,Very Good,spring,68.47,Good,winter,68.47,Good,63.01,69.2,2.5,2.0,5.0,3.0,5.0,5.725,2.6500000000000004,4.3,0.2,37.5,37.5,0.0,4.6,10.6,0.0
2009-03-15,69.09,Good,spring,69.08,Good,winter,69.08,Good,62.31,68.49,3.0,2.5,5.0,3.0,2.5,8.98912,5.87224,8.8,5.1,60.6,60.6,0.0,4.0,5.0,5.4
2009-03-16,68.68,Good,spring,70.34,Very Good,winter,70.28,Very Good,69.3,68.15,3.0,3.0,5.0,3.5,0.9,12.79124,8.82948,13.1,8.7,75.1,75.1,0.0,3.4,1.8,5.6
2009-03-17,79.24,Very Good,spring,78.28,Very Good,winter,78.35,Very Good,72.57,68.68,3.5,3.0,5.0,3.5,4.4,17.29696,11.907160000000001,18.8,12.3,57.3,57.3,0.0,3.3,8.8,1.6
2009-03-18,71.2,Very Good,spring,73.05,Very Good,winter,72.85,Very Good,73.89,68.54,3.5,3.5,5.0,3.0,0.5999999999999996,17.81088,15.591880000000002,18.8,16.3,71.9,71.9,0.0,4.7,0.0,8.8
2009-03-19,72.04,Very Good,spring,74.1,Very Good,winter,73.81,Very Good,75.14,68.96,3.5,3.5,4.96,3.5,0.5,16.79192,13.814639999999999,17.3,14.1,82.6,82.6,0.4,2.6,0.0,9.0
2009-03-20,80.61,Excellent,spring,79.25,Very Good,winter,79.49,Very Good,75.47,73.22,3.5,3.0,5.0,3.5,5.0,17.28376,11.72304,19.3,12.2,45.8,45.8,0.0,2.6,10.7,0.1
2009-03-21,77.99,Very Good,spring,77.47,Very Good,winter,77.58,Very Good,76.94,74.51,4.0,3.5,3.95,4.0,4.1,19.945439999999998,13.50536,22.2,14.3,53.8,53.8,10.5,2.1,8.2,5.1
2009-03-22,67.52,Good,spring,67.87,Good,winter,67.78,Good,74.86,74.34,3.5,3.0,4.15,3.0,2.1,13.0744,10.0,13.5,10.0,69.6,69.6,8.5,3.7,4.2,5.5
2009-03-23,74.79,Very Good,spring,73.13,Very Good,winter,73.6,Very Good,72.82,74.74,3.0,2.5,5.0,3.0,5.0,9.6944,5.798,9.6,4.5,41.0,41.0,0.0,3.6,10.6,1.5
2009-03-24,63.72,Good,spring,64.34,Good,winter,64.14,Good,68.45,72.74,2.5,2.0,5.0,3.5,1.55,6.553,3.7954,5.5,1.9,41.5,41.5,0.0,2.8,3.1,5.5
2009-03-25,67.89,Good,spring,66.77,Good,winter,67.17,Good,68.08,71.85,2.5,2.0,5.0,3.0,3.95,6.4108,3.93824,5.5,2.4,49.4,49.4,0.0,4.4,7.9,3.9
2009-03-26,64.76,Good,spring,64.91,Good,winter,64.85,Good,65.34,70.53,3.0,2.5,4.4,3.0,2.2,9.32448,5.52468,9.2,4.7,61.1,61.1,6.0,3.6,4.4,6.0
2009-03-27,74.79,Very Good,spring,73.13,Very Good,winter,73.84,Very Good,68.27,69.66,3.0,2.5,5.0,3.0,5.0,8.816,5.412,8.4,3.8,35.0,35.0,0.0,3.6,10.8,1.5
2009-03-28,77.07,Very Good,spring,75.81,Very Good,winter,76.39,Very Good,71.28,69.42,3.0,2.5,5.0,4.0,4.85,10.07532,5.8574,10.1,4.5,38.3,38.3,0.0,2.5,9.7,2.0
2009-03-29,77.41,Very Good,spring,77.41,Very Good,spring,76.73,Very Good,75.45,70.79,3.0,2.5,5.0,4.0,5.0,11.5834,7.5118,12.1,6.7,38.5,38.5,0.0,2.1,11.1,2.1
2009-03-30,72.11,Very Good,spring,72.11,Very Good,spring,71.95,Very Good,75.11,70.64,3.0,2.5,5.0,3.5,3.25,10.935039999999999,7.89616,11.2,7.3,44.8,44.8,0.0,3.3,6.5,6.8
2009-03-31,71.48,Very Good,spring,71.48,Very Good,spring,71.18,Very Good,73.67,71.66,3.0,2.5,5.0,3.0,3.55,9.920160000000001,6.88624,9.9,6.1,49.6,49.6,0.0,3.6,7.1,5.0
2009-04-01,73.14,Very Good,spring,73.14,Very Good,spring,72.88,Very Good,72.24,72.57,3.0,2.5,5.0,3.5,3.7,10.0,6.7282,10.0,5.9,49.5,49.5,0.0,3.0,7.4,4.0
2009-04-02,80.61,Excellent,spring,80.61,Excellent,spring,80.12,Excellent,75.08,74.81,3.5,3.0,5.0,3.5,5.0,13.3348,8.0944,14.2,7.6,48.5,48.5,0.0,3.1,10.8,2.3
2009-04-03,73.53,Very Good,spring,73.53,Very Good,spring,73.78,Very Good,75.76,74.87,3.0,3.0,5.0,4.0,2.45,12.30608,8.51752,12.8,8.2,55.9,55.9,0.0,2.5,4.9,7.1
2009-04-04,70.05,Very Good,spring,70.05,Very Good,spring,70.41,Very Good,74.73,74.05,3.0,3.0,5.0,3.5,1.5,12.350079999999998,8.86848,12.7,8.7,67.6,67.6,0.0,2.9,3.0,6.1
2009-04-05,81.12,Excellent,spring,81.12,Excellent,spring,80.88,Excellent,74.9,74.58,3.5,3.0,5.0,4.0,4.65,15.066880000000001,9.825280000000001,15.8,9.8,68.4,68.4,0.0,2.5,9.3,0.6
2009-04-06,80.61,Excellent,spring,80.61,Excellent,spring,80.32,Excellent,77.26,75.79,3.5,3.0,5.0,3.5,5.0,15.7204,10.73548,17.0,10.9,54.3,54.3,0.0,2.8,11.3,0.0
2009-04-07,86.43,Excellent,spring,86.43,Excellent,spring,86.24,Excellent,82.72,77.93,4.0,3.5,5.0,4.0,5.0,18.87276,13.21932,21.3,14.1,46.3,46.3,0.0,2.2,10.6,0.0
2009-04-08,89.01,Excellent,spring,89.01,Excellent,spring,88.81,Excellent,85.35,80.19,4.5,3.5,5.0,4.0,5.0,20.419439999999998,14.64752,23.9,16.2,37.4,37.4,0.0,2.1,11.1,0.0
2009-04-09,89.01,Excellent,spring,89.01,Excellent,spring,88.86,Excellent,88.15,81.39,4.5,3.5,5.0,4.0,5.0,21.18096,15.628,24.9,17.5,37.6,37.6,0.0,2.1,11.3,0.0
2009-04-10,89.01,Excellent,spring,89.01,Excellent,spring,88.91,Excellent,89.01,83.61,4.5,3.5,5.0,4.0,5.0,20.20544,15.477920000000001,23.6,17.3,37.6,37.6,0.0,2.4,11.1,0.0
2009-04-11,89.01,Excellent,spring,89.01,Excellent,spring,88.96,Excellent,89.01,86.31,4.5,3.5,5.0,4.0,5.0,21.12616,16.1812,25.3,18.5,31.8,31.8,0.0,2.0,10.4,2.3
2009-04-12,78.51,Very Good,spring,78.51,Very Good,spring,78.51,Very Good,85.51,85.94,4.0,3.5,5.0,3.5,2.1,18.395519999999998,14.947360000000002,21.2,16.6,37.4,37.4,0.0,2.8,4.2,6.1
2009-04-13,76.17,Very Good,spring,76.17,Very Good,spring,76.17,Very Good,81.23,85.31,4.0,3.5,5.0,4.0,0.5,18.64112,14.64664,20.6,15.7,53.8,53.8,0.0,2.3,1.0,7.9
2009-04-14,81.81,Excellent,spring,81.81,Excellent,spring,81.81,Excellent,78.83,84.65,4.0,3.5,5.0,3.5,3.55,18.7912,14.8312,21.1,16.1,48.0,48.0,0.0,3.3,7.1,3.9
2009-04-15,65.68,Good,spring,65.68,Good,spring,65.68,Good,74.55,81.31,3.5,3.0,4.4,3.5,0.05,13.7966,9.9074,14.1,9.9,81.5,81.5,6.0,2.6,0.1,7.8
2009-04-16,77.82,Very Good,spring,77.82,Very Good,spring,77.82,Very Good,75.1,79.72,3.5,3.0,5.0,4.0,3.2,14.68936,10.60788,15.4,10.7,67.1,67.1,0.0,2.3,6.4,3.5
2009-04-17,81.92,Excellent,spring,81.92,Excellent,spring,81.92,Excellent,75.14,78.7,3.5,3.0,5.0,4.0,5.0,16.04824,11.5312,17.9,12.0,41.4,41.4,0.0,2.4,12.3,0.4
2009-04-18,83.85,Excellent,spring,83.85,Excellent,spring,83.85,Excellent,81.2,77.97,3.5,3.5,5.0,4.0,5.0,17.68712,13.19088,20.6,14.4,31.3,31.3,0.0,2.1,11.3,1.8
2009-04-19,87.07,Excellent,spring,87.07,Excellent,spring,87.07,Excellent,84.28,79.19,4.5,3.5,5.0,4.0,4.15,21.2496,16.052,25.8,18.5,28.0,28.0,0.0,2.2,8.3,5.8
2009-04-20,46.42,Marginal,spring,46.42,Marginal,spring,46.42,Marginal,72.45,74.94,3.5,3.5,1.15,3.0,0.0,16.58944,13.6608,17.2,14.0,78.8,78.8,38.5,4.1,0.0,10.0
2009-04-21,63.33,Good,spring,63.33,Good,spring,63.33,Good,65.61,72.3,3.0,3.0,4.7,2.5,0.5,11.29584,9.44464,11.4,9.4,81.4,81.4,3.0,5.7,0.0,9.0
2009-04-22,72.05,Very Good,spring,72.05,Very Good,spring,72.05,Very Good,60.6,73.21,3.0,3.0,5.0,3.0,2.95,12.5368,9.91544,13.0,9.9,61.4,61.4,0.0,3.8,5.9,3.4
2009-04-23,81.01,Excellent,spring,81.01,Excellent,spring,81.01,Excellent,72.13,73.66,3.5,3.0,5.0,4.0,4.6,16.455879999999997,12.206439999999999,17.9,12.7,54.3,54.3,0.0,1.8,9.2,4.4
2009-04-24,66.76,Good,spring,66.76,Good,spring,66.76,Good,73.27,71.5,3.5,3.0,4.25,4.0,0.35,16.662959999999998,12.97132,17.4,13.3,75.1,75.1,7.5,1.9,0.7,10.0
2009-04-25,61.84,Good,spring,61.84,Good,spring,61.84,Good,69.87,68.35,3.0,3.0,3.95,3.5,0.7000000000000002,11.692720000000001,8.777479999999999,11.8,8.7,85.1,85.1,10.5,3.2,0.0,8.6
2009-04-26,68.4,Good,spring,68.4,Good,spring,68.4,Good,65.67,65.69,3.0,3.0,5.0,4.0,0.2,11.914,8.869,12.2,8.7,67.5,67.5,0.0,1.7,0.4,8.5
2009-04-27,81.39,Excellent,spring,81.39,Excellent,spring,81.39,Excellent,70.54,70.68,3.5,3.0,4.95,4.0,4.9,16.076,11.041599999999999,17.0,11.2,67.0,67.0,0.5,2.2,9.8,2.6
2009-04-28,84.08,Excellent,spring,84.08,Excellent,spring,84.08,Excellent,77.96,73.65,4.0,3.0,4.95,4.0,4.95,18.551679999999998,12.9344,20.2,13.5,59.6,59.6,0.5,2.0,9.9,1.0
2009-04-29,86.43,Excellent,spring,86.43,Excellent,spring,86.43,Excellent,83.97,75.7,4.0,3.5,5.0,4.0,5.0,19.675,14.3344,22.5,15.6,43.5,43.5,0.0,2.4,12.2,0.0
2009-04-30,77.58,Very Good,spring,77.58,Very Good,spring,77.58,Very Good,82.7,75.21,3.5,3.5,5.0,4.0,2.25,17.94448,14.192919999999999,20.8,15.7,33.9,33.9,0.0,2.3,4.5,5.3
2009-05-01,86.43,Excellent,spring,86.43,Excellent,spring,86.43,Excellent,83.48,78.02,4.0,3.5,5.0,4.0,5.0,19.69184,15.783839999999998,22.4,17.4,45.4,45.4,0.0,2.3,10.2,4.3
2009-05-02,71.37,Very Good,spring,71.37,Very Good,spring,71.37,Very Good,78.46,79.38,3.5,3.5,4.85,3.5,0.5,17.1968,14.857840000000001,18.0,15.4,74.9,74.9,1.5,3.2,1.0,9.1
2009-05-03,89.01,Excellent,spring,89.01,Excellent,spring,89.01,Excellent,82.27,82.33,4.5,3.5,5.0,4.0,5.0,21.19232,15.771040000000001,22.8,16.6,68.6,68.6,0.0,2.5,10.2,2.9
2009-05-04,87.7,Excellent,spring,87.7,Excellent,spring,87.7,Excellent,82.69,83.23,4.5,3.5,5.0,3.5,5.0,20.12,14.136,21.5,14.7,70.0,70.0,0.0,2.9,11.1,1.3
2009-05-05,89.82,Excellent,spring,89.82,Excellent,spring,89.82,Excellent,88.84,84.05,5.0,3.5,5.0,3.5,4.8,23.99192,16.95304,26.3,18.1,64.6,64.6,0.0,2.8,9.6,4.1
2009-05-06,90.94,Ideal,spring,90.94,Ideal,spring,90.94,Ideal,89.49,84.69,4.5,4.0,5.0,4.0,5.0,24.66112,19.46864,29.2,22.4,40.9,40.9,0.0,2.4,12.2,0.0
2009-05-07,92.21,Ideal,spring,92.21,Ideal,spring,92.21,Ideal,90.99,86.78,5.0,4.0,5.0,3.5,5.0,22.761,18.23996,27.5,21.3,32.3,32.3,0.0,2.9,12.3,0.0
2009-05-08,93.52,Ideal,spring,93.52,Ideal,spring,93.52,Ideal,92.22,87.8,5.0,4.0,5.0,4.0,5.0,23.572,18.736,27.4,21.2,45.0,45.0,0.0,2.2,10.9,0.3
2009-05-09,90.96,Ideal,spring,90.96,Ideal,spring,90.96,Ideal,92.23,90.59,5.0,4.0,5.0,3.5,4.45,22.784,18.7984,27.0,21.7,38.0,38.0,0.0,3.1,8.9,4.4
2009-05-10,87.93,Excellent,spring,87.93,Excellent,spring,88.01,Excellent,90.8,90.44,5.0,4.0,5.0,4.0,2.55,23.20336,18.55312,25.9,20.3,57.6,57.6,0.0,1.9,5.1,8.1
2009-05-11,54.15,Acceptable,spring,54.15,Acceptable,spring,54.19,Acceptable,77.68,85.65,4.0,3.5,1.35,4.5,0.0,19.544,16.6808,20.0,17.0,88.6,88.6,36.5,1.5,0.0,10.0
2009-05-12,79.75,Very Good,spring,79.75,Very Good,spring,80.03,Excellent,73.94,84.21,5.0,3.5,4.3,3.5,2.25,22.69904,17.85696,23.9,18.6,78.4,78.4,7.0,2.7,4.5,6.1
2009-05-13,85.12,Excellent,spring,85.12,Excellent,spring,85.17,Excellent,73.01,83.38,4.0,3.5,5.0,3.5,5.0,19.15616,15.833359999999999,22.4,17.9,34.6,34.6,0.0,2.8,12.9,0.6
2009-05-14,90.11,Ideal,spring,90.11,Ideal,spring,90.34,Ideal,84.99,83.08,5.0,3.5,5.0,4.0,4.35,22.008,17.031,25.2,18.9,47.5,47.5,0.0,2.2,8.7,4.4
2009-05-15,77.76,Very Good,spring,77.76,Very Good,spring,78.42,Very Good,84.33,80.83,4.5,3.5,4.95,4.0,0.20000000000000018,20.0914,16.9222,22.1,18.3,58.5,58.5,0.5,2.1,0.0,9.6
2009-05-16,58.07,Acceptable,spring,58.07,Acceptable,spring,58.48,Acceptable,75.31,76.13,3.5,3.5,2.85,3.5,0.0,15.354800000000001,13.602319999999999,15.5,13.7,93.4,93.4,21.5,2.6,0.0,10.0
2009-05-17,71.94,Very Good,spring,71.94,Very Good,spring,72.47,Very Good,69.26,73.84,3.5,3.5,4.7,3.5,1.15,16.855359999999997,13.98352,17.4,14.3,81.6,81.6,3.0,3.0,2.3,6.4
2009-05-18,86.39,Excellent,spring,86.39,Excellent,spring,86.79,Excellent,72.13,78.45,4.5,3.5,5.0,3.0,5.0,20.412640000000003,15.70216,22.6,16.9,56.6,56.6,0.0,3.8,12.1,1.0
2009-05-19,91.59,Ideal,spring,91.59,Ideal,spring,91.92,Ideal,83.31,80.14,5.0,3.5,5.0,4.0,5.0,22.342399999999998,17.91616,24.5,19.3,62.8,62.8,0.0,2.4,11.2,0.0
2009-05-20,84.84,Excellent,spring,84.84,Excellent,spring,85.55,Excellent,87.61,80.1,4.5,4.0,5.0,4.5,1.75,24.2898,19.5816,27.3,21.6,56.5,56.5,0.0,1.6,3.5,6.6
2009-05-21,50.62,Acceptable,spring,50.62,Acceptable,spring,51.21,Acceptable,75.68,74.46,4.0,3.5,1.2000000000000002,3.5,0.0,19.196959999999997,15.67472,19.4,15.8,94.6,94.6,38.0,2.8,0.0,10.0
2009-05-22,84.49,Excellent,spring,84.49,Excellent,spring,85.15,Excellent,73.32,75.42,4.5,3.5,4.95,4.0,3.15,21.24,17.1936,22.5,18.0,74.8,74.8,0.5,2.5,6.3,7.5
2009-05-23,75.52,Very Good,spring,78.04,Very Good,summer,76.78,Very Good,71.05,78.27,4.0,3.5,4.95,4.0,0.35,18.755200000000002,15.928,19.6,16.5,78.0,78.0,0.5,2.4,0.7,8.4
2009-05-24,91.7,Ideal,spring,93.02,Ideal,summer,92.41,Ideal,85.18,81.28,5.0,4.0,5.0,4.0,4.2,23.284,18.4132,25.0,19.5,71.4,71.4,0.0,2.2,8.4,4.6
2009-05-25,90.29,Ideal,spring,90.16,Ideal,summer,90.22,Ideal,87.07,81.82,4.0,4.5,5.0,4.0,5.0,26.51104,20.53,29.6,22.5,60.6,60.6,0.0,2.0,12.7,0.9
2009-05-26,92.87,Ideal,spring,93.23,Ideal,summer,93.09,Ideal,92.14,82.06,4.5,4.5,5.0,4.0,5.0,25.4584,20.658160000000002,29.0,23.1,53.4,53.4,0.0,2.1,11.3,2.4
2009-05-27,92.87,Ideal,spring,93.23,Ideal,summer,93.1,Ideal,92.21,83.26,4.5,4.5,5.0,4.0,5.0,24.8932,20.508399999999998,29.7,23.9,39.0,39.0,0.0,2.5,12.8,0.0
2009-05-28,92.87,Ideal,spring,93.23,Ideal,summer,93.11,Ideal,93.23,89.34,4.5,4.5,5.0,4.0,5.0,25.2796,20.33192,31.0,24.2,31.9,31.9,0.0,2.2,11.8,0.0
2009-05-29,92.61,Ideal,spring,93.71,Ideal,summer,93.4,Ideal,93.39,90.66,5.0,4.0,5.0,4.0,4.6,23.238839999999996,19.46688,27.9,22.8,34.9,34.9,0.0,2.4,9.2,4.3
2009-05-30,87.86,Excellent,spring,89.01,Excellent,summer,88.72,Excellent,91.98,92.23,4.5,4.0,5.0,4.0,3.65,21.32208,18.307760000000002,25.4,21.3,33.8,33.8,0.0,2.5,7.3,4.8
2009-05-31,87.7,Excellent,spring,88.53,Excellent,summer,88.35,Excellent,90.42,91.59,4.5,3.5,5.0,3.5,5.0,21.759999999999998,17.759999999999998,24.7,19.7,50.0,50.0,0.0,3.2,13.0,0.0
2009-06-01,90.43,Ideal,summer,90.43,Ideal,summer,90.29,Ideal,89.32,91.62,4.5,4.0,5.0,3.5,5.0,24.53792,19.39744,28.1,21.7,50.8,50.8,0.0,2.8,12.4,0.0
2009-06-02,87.34,Excellent,summer,87.34,Excellent,summer,86.94,Excellent,88.77,90.78,5.0,4.5,4.55,3.0,2.55,23.951439999999998,20.07604,26.2,21.7,65.3,65.3,4.5,4.8,5.1,6.0
2009-06-03,82.61,Excellent,summer,82.61,Excellent,summer,82.29,Excellent,86.79,89.27,4.5,4.0,4.85,3.0,1.55,21.29232,18.422960000000003,22.2,19.1,81.4,81.4,1.5,4.0,3.1,6.6
2009-06-04,94.4,Ideal,summer,94.4,Ideal,summer,94.34,Ideal,88.12,89.43,5.0,4.0,5.0,4.0,5.0,23.53408,19.53344,25.9,21.2,62.8,62.8,0.0,2.2,10.5,3.6
2009-06-05,91.33,Ideal,summer,91.33,Ideal,summer,91.32,Ideal,89.45,89.09,4.5,4.0,5.0,4.0,5.0,24.11592,19.695,28.2,22.5,43.9,43.9,0.0,2.0,12.6,0.8
2009-06-06,89.61,Excellent,summer,89.61,Excellent,summer,89.61,Excellent,91.78,89.18,4.5,4.0,5.0,4.0,4.0,24.0096,19.711199999999998,27.6,22.2,49.0,49.0,0.0,2.5,8.0,3.0
2009-06-07,82.25,Excellent,summer,82.25,Excellent,summer,82.25,Excellent,87.73,88.28,4.5,3.5,5.0,4.5,0.3,20.09608,17.785960000000003,21.8,19.1,63.9,63.9,0.0,1.5,0.6,6.1
2009-06-08,91.0,Ideal,summer,91.0,Ideal,summer,91.0,Ideal,87.62,88.36,5.0,4.0,5.0,4.5,2.5,23.30732,19.23884,25.7,20.9,61.9,61.9,0.0,1.6,5.0,6.3
2009-06-09,66.05,Good,summer,66.05,Good,summer,66.05,Good,79.77,85.32,4.5,4.0,2.45,4.0,0.0,21.14392,18.87736,21.8,19.4,86.1,86.1,25.5,1.9,0.0,10.0
2009-06-10,71.64,Very Good,summer,71.64,Very Good,summer,71.64,Very Good,76.23,83.75,4.5,4.0,3.35,3.5,0.35,21.55584,18.33536,22.2,18.8,86.8,86.8,16.5,2.9,0.7,9.3
2009-06-11,92.1,Ideal,summer,92.1,Ideal,summer,92.1,Ideal,76.6,83.43,5.0,4.0,4.99,3.0,4.75,23.05612,19.1476,25.7,21.0,57.9,57.9,0.1,4.2,9.5,5.3
2009-06-12,87.88,Excellent,summer,87.88,Excellent,summer,87.88,Excellent,83.87,82.93,4.5,3.5,4.9,3.5,5.0,21.681279999999997,17.62528,24.4,19.4,52.8,52.8,1.0,2.7,12.6,2.0
2009-06-13,93.28,Ideal,summer,93.28,Ideal,summer,93.28,Ideal,91.09,83.46,5.0,4.0,5.0,4.0,4.35,22.63776,18.82912,24.6,20.2,66.4,66.4,0.0,2.5,8.7,3.8
2009-06-14,87.22,Excellent,summer,87.22,Excellent,summer,87.22,Excellent,89.46,84.17,5.0,4.0,5.0,4.5,0.3,22.015,19.256,23.5,20.4,72.5,72.5,0.0,1.6,0.6,7.1
2009-06-15,91.42,Ideal,summer,91.42,Ideal,summer,91.42,Ideal,90.64,84.23,4.5,4.5,5.0,4.0,3.95,24.2136,20.1152,26.3,21.6,68.0,68.0,0.0,2.0,7.9,4.4
2009-06-16,90.99,Ideal,summer,90.99,Ideal,summer,90.99,Ideal,89.88,87.79,4.5,4.5,5.0,4.0,3.7,24.11,20.03,26.6,21.8,62.5,62.5,0.0,2.1,7.4,3.8
2009-06-17,84.49,Excellent,summer,84.49,Excellent,summer,84.49,Excellent,88.97,89.63,4.5,4.0,5.0,4.5,0.5,21.53324,19.77244,23.1,21.1,70.1,70.1,0.0,1.6,0.0,9.0
2009-06-18,92.96,Ideal,summer,92.96,Ideal,summer,92.96,Ideal,89.48,89.75,4.0,5.0,5.0,4.5,5.0,27.8794,22.55716,31.5,25.1,57.9,57.9,0.0,1.5,10.9,2.3
2009-06-19,86.96,Excellent,summer,86.96,Excellent,summer,86.96,Excellent,88.14,89.62,4.5,5.0,5.0,4.0,0.25,25.7916,22.88936,28.5,25.1,63.4,63.4,0.0,2.4,0.5,8.8
2009-06-20,54.81,Acceptable,summer,54.81,Acceptable,summer,54.81,Acceptable,78.24,84.12,4.5,5.0,0.15000000000000036,4.0,0.0,24.088479999999997,22.17168,24.7,22.7,89.6,89.6,48.5,1.8,0.0,10.0
2009-06-21,84.02,Excellent,summer,84.02,Excellent,summer,84.02,Excellent,75.26,83.66,3.5,5.0,4.95,4.0,2.3,28.40624,23.759120000000003,30.2,25.1,77.8,77.8,0.5,1.8,4.6,7.6
2009-06-22,88.12,Excellent,summer,88.12,Excellent,summer,88.12,Excellent,75.65,83.19,4.5,4.5,5.0,3.5,2.55,24.817,21.674,26.5,23.0,74.5,74.5,0.0,2.8,5.1,6.6
2009-06-23,92.33,Ideal,summer,92.33,Ideal,summer,92.33,Ideal,88.16,83.38,4.5,4.5,5.0,3.5,5.0,24.971559999999997,21.20776,27.9,23.4,59.1,59.1,0.0,3.2,12.1,1.0
2009-06-24,92.33,Ideal,summer,92.33,Ideal,summer,92.33,Ideal,90.93,84.5,4.5,4.5,5.0,3.5,5.0,26.0,21.6,30.0,24.5,50.0,50.0,0.0,3.2,12.7,0.1
2009-06-25,90.01,Ideal,summer,90.01,Ideal,summer,90.01,Ideal,91.56,84.08,4.5,4.5,5.0,3.5,3.65,25.642,21.692,29.8,24.8,47.5,47.5,0.0,3.2,7.3,2.4
2009-06-26,88.62,Excellent,summer,88.62,Excellent,summer,88.62,Excellent,90.32,84.32,4.0,5.0,5.0,4.0,3.0,26.87024,22.52224,29.4,24.4,67.4,67.4,0.0,2.4,6.0,4.3
2009-06-27,88.39,Excellent,summer,88.39,Excellent,summer,88.39,Excellent,89.01,89.12,3.5,5.0,5.0,4.0,4.65,29.16544,23.77516,32.4,26.1,63.9,63.9,0.0,2.2,9.3,4.5
2009-06-28,82.33,Excellent,summer,82.33,Excellent,summer,82.33,Excellent,86.45,88.88,4.0,4.5,4.96,4.0,0.6,27.21664,24.0544,29.6,26.0,69.6,69.6,0.4,2.0,1.2,8.6
2009-06-29,62.58,Good,summer,62.58,Good,summer,62.58,Good,77.77,85.23,3.5,4.5,1.7000000000000002,4.0,3.3,29.12504,24.593040000000002,31.1,26.1,76.6,76.6,33.0,2.3,6.6,7.8
2009-06-30,86.72,Excellent,summer,86.72,Excellent,summer,86.72,Excellent,77.21,84.43,4.5,5.0,4.95,4.0,0.2999999999999998,25.37824,23.340159999999997,26.6,24.4,81.6,81.6,0.5,2.5,0.0,9.4
2009-07-01,90.44,Ideal,summer,90.44,Ideal,summer,90.44,Ideal,79.91,84.16,4.5,4.5,5.0,3.5,3.9,25.37464,21.9286,27.4,23.5,70.9,70.9,0.0,3.3,7.8,5.9
2009-07-02,53.6,Acceptable,summer,53.6,Acceptable,summer,53.6,Acceptable,76.92,78.95,4.5,4.5,0.0,4.5,0.45,21.857200000000002,20.314799999999998,22.3,20.7,91.0,91.0,96.5,1.6,0.9,8.0
2009-07-03,87.14,Excellent,summer,87.14,Excellent,summer,87.14,Excellent,77.06,78.74,4.5,4.5,4.95,4.0,1.65,25.198,21.175,27.0,22.5,73.5,73.5,0.5,1.8,3.3,6.4
2009-07-04,85.46,Excellent,summer,85.46,Excellent,summer,85.46,Excellent,75.4,78.32,4.5,4.5,4.7,4.5,1.1,25.27084,21.56608,26.9,22.8,75.9,75.9,3.0,1.6,2.2,6.1
2009-07-05,91.33,Ideal,summer,91.33,Ideal,summer,91.33,Ideal,87.98,79.61,4.0,5.0,5.0,4.5,4.05,27.544,22.80712,30.0,24.6,69.3,69.3,0.0,1.6,8.1,3.6
2009-07-06,84.82,Excellent,summer,84.82,Excellent,summer,84.82,Excellent,87.2,82.79,4.0,5.0,4.9,4.5,0.65,26.872,23.32,29.0,25.0,72.0,72.0,1.0,1.6,1.3,7.6
2009-07-07,84.27,Excellent,summer,84.27,Excellent,summer,84.27,Excellent,86.81,82.44,4.0,5.0,4.9,4.0,0.85,26.17416,23.31464,28.1,24.9,73.4,73.4,1.0,1.9,1.7,7.6
2009-07-08,84.52,Excellent,summer,84.52,Excellent,summer,84.52,Excellent,84.54,81.59,4.0,4.5,5.0,4.5,1.2,27.80716,24.29836,30.3,26.3,69.3,69.3,0.0,1.6,2.4,8.1
2009-07-09,53.56,Acceptable,summer,53.56,Acceptable,summer,53.56,Acceptable,74.12,81.59,4.5,4.5,0.0,4.0,0.9500000000000002,25.34496,21.460160000000002,25.8,21.8,92.8,92.8,190.0,2.3,0.0,8.1
2009-07-10,91.37,Ideal,summer,91.37,Ideal,summer,91.37,Ideal,76.48,82.19,4.0,5.0,5.0,4.0,4.6,27.35964,22.16056,29.7,23.8,70.3,70.3,0.0,2.3,9.2,3.4
2009-07-11,85.68,Excellent,summer,85.68,Excellent,summer,85.68,Excellent,76.87,82.22,4.0,5.0,4.9,4.5,1.15,26.611839999999997,22.63192,29.2,24.6,66.3,66.3,1.0,1.3,2.3,8.0
2009-07-12,53.2,Acceptable,summer,53.2,Acceptable,summer,53.2,Acceptable,76.75,76.77,5.0,4.5,0.0,3.0,0.0,23.6808,20.456039999999998,24.0,20.7,94.3,94.3,114.5,4.1,0.0,10.0
2009-07-13,80.28,Excellent,summer,80.28,Excellent,summer,80.28,Excellent,73.05,76.13,4.0,5.0,4.5,4.0,0.05,26.52472,22.32352,27.7,23.2,83.4,83.4,5.0,2.3,0.1,10.0
2009-07-14,52.03,Acceptable,summer,52.03,Acceptable,summer,52.03,Acceptable,61.84,71.52,4.5,5.0,0.0,3.0,0.0,25.163200000000003,22.636,25.6,23.0,93.0,93.0,140.5,4.9,0.0,10.0
2009-07-15,86.11,Excellent,summer,86.11,Excellent,summer,86.11,Excellent,72.81,71.75,4.5,5.0,5.0,3.0,0.8,24.666159999999998,22.08344,25.9,23.1,80.6,80.6,0.0,3.5,1.6,8.0
2009-07-16,86.4,Excellent,summer,86.4,Excellent,summer,86.4,Excellent,74.85,76.44,3.5,4.5,5.0,4.0,4.6,29.443199999999997,24.4956,32.4,26.7,67.0,67.0,0.0,2.0,9.2,5.8
2009-07-17,54.9,Acceptable,summer,54.9,Acceptable,summer,54.9,Acceptable,75.8,71.23,4.5,5.0,0.0,4.5,0.09999999999999964,25.663760000000003,23.96528,26.6,24.8,85.9,85.9,56.5,1.5,0.0,9.8
2009-07-18,69.38,Good,summer,69.38,Good,summer,69.38,Good,70.23,68.9,4.0,4.5,3.55,2.5,0.0,26.38656,24.30272,27.3,25.1,86.8,86.8,14.5,6.2,0.0,10.0
2009-07-19,82.82,Excellent,summer,82.82,Excellent,summer,82.82,Excellent,69.03,73.13,3.5,5.0,4.99,4.0,1.45,28.419439999999998,23.51376,29.9,24.6,81.4,81.4,0.1,2.3,2.9,6.8
2009-07-20,81.32,Excellent,summer,81.32,Excellent,summer,81.32,Excellent,77.84,73.28,4.0,4.5,4.95,4.0,0.05,27.057000000000002,24.291,28.5,25.5,80.5,80.5,0.5,1.8,0.1,9.4
2009-07-21,89.7,Excellent,summer,89.7,Excellent,summer,89.7,Excellent,84.61,78.66,4.0,5.0,5.0,3.5,4.15,27.17472,23.847679999999997,29.1,25.4,74.8,74.8,0.0,2.6,8.3,5.5
2009-07-22,92.06,Ideal,summer,92.06,Ideal,summer,92.06,Ideal,87.69,79.51,4.0,5.0,5.0,4.0,5.0,27.368,23.112840000000002,30.0,25.1,67.1,67.1,0.0,2.1,12.1,1.4
2009-07-23,86.73,Excellent,summer,86.73,Excellent,summer,86.73,Excellent,89.5,79.56,4.0,5.0,5.0,4.0,1.9,27.2732,23.367199999999997,29.9,25.4,67.0,67.0,0.0,1.8,3.8,6.1
2009-07-24,87.15,Excellent,summer,87.15,Excellent,summer,87.15,Excellent,88.65,84.17,4.0,5.0,4.9,3.5,3.05,27.446800000000003,22.8464,30.1,24.8,67.0,67.0,1.0,2.8,6.1,5.5
2009-07-25,71.29,Very Good,summer,71.29,Very Good,summer,71.29,Very Good,81.72,84.44,4.5,4.5,2.75,4.0,0.8,24.5216,21.345,26.0,22.5,76.9,76.9,22.5,1.8,1.6,7.1
2009-07-26,83.22,Excellent,summer,83.22,Excellent,summer,83.22,Excellent,80.55,84.5,4.0,5.0,3.95,4.0,3.85,26.739240000000002,22.97072,29.1,24.8,69.1,69.1,10.5,1.8,7.7,4.5
2009-07-27,88.03,Excellent,summer,88.03,Excellent,summer,88.03,Excellent,80.85,85.45,4.5,5.0,4.98,4.0,0.95,25.753,23.172,27.7,24.8,72.5,72.5,0.2,1.8,1.9,5.3
2009-07-28,86.46,Excellent,summer,86.46,Excellent,summer,86.46,Excellent,85.9,84.99,4.5,5.0,4.95,4.0,0.15,24.70096,23.08744,26.4,24.6,74.1,74.1,0.5,1.8,0.3,9.1
2009-07-29,90.88,Ideal,summer,90.88,Ideal,summer,90.88,Ideal,88.46,84.82,4.0,5.0,4.99,4.0,4.35,27.715359999999997,23.4602,30.4,25.5,67.1,67.1,0.1,1.9,8.7,3.5
2009-07-30,88.27,Excellent,summer,88.27,Excellent,summer,88.27,Excellent,88.54,85.04,4.0,4.5,5.0,4.0,3.9,27.93024,24.3616,30.6,26.5,67.6,67.6,0.0,2.0,7.8,5.0
2009-07-31,85.34,Excellent,summer,85.34,Excellent,summer,85.34,Excellent,88.16,84.78,4.0,4.5,5.0,4.0,2.2,27.86224,24.62252,30.4,26.7,68.9,68.9,0.0,1.9,4.4,3.3
2009-08-01,70.98,Very Good,summer,70.98,Very Good,summer,70.98,Very Good,81.53,84.74,4.0,4.5,2.85,4.5,1.5,27.3124,24.106399999999997,28.9,25.4,79.0,79.0,21.5,1.1,3.0,6.1
2009-08-02,83.11,Excellent,summer,83.11,Excellent,summer,83.11,Excellent,79.81,84.72,4.0,4.5,4.85,4.5,0.95,27.64,24.22,29.6,25.8,75.0,75.0,1.5,1.4,1.9,5.1
2009-08-03,88.29,Excellent,summer,88.29,Excellent,summer,88.29,Excellent,80.79,84.76,4.5,5.0,5.0,4.5,0.5,25.771,23.69824,27.5,25.2,75.3,75.3,0.0,1.3,1.0,7.9
2009-08-04,84.21,Excellent,summer,84.21,Excellent,summer,84.21,Excellent,85.2,84.44,3.5,4.5,5.0,4.5,2.8,28.26592,24.56104,31.2,26.9,65.4,65.4,0.0,1.4,5.6,5.4
2009-08-05,87.09,Excellent,summer,87.09,Excellent,summer,87.09,Excellent,86.53,83.9,3.5,4.5,5.0,4.0,5.0,28.107599999999998,24.2912,32.3,27.6,53.0,53.0,0.0,2.2,11.5,4.9
2009-08-06,83.9,Excellent,summer,83.9,Excellent,summer,83.9,Excellent,85.07,83.27,4.0,4.5,4.95,4.0,1.55,27.54532,24.07016,30.7,26.6,61.9,61.9,0.5,2.4,3.1,8.8
2009-08-07,81.49,Excellent,summer,81.49,Excellent,summer,81.49,Excellent,84.16,82.72,4.0,4.5,4.95,4.0,0.15,26.9682,24.49176,28.5,25.8,79.3,79.3,0.5,1.7,0.3,9.3
2009-08-08,81.66,Excellent,summer,81.66,Excellent,summer,81.66,Excellent,82.35,84.25,4.0,4.5,4.95,4.0,0.25,27.18388,25.0018,28.9,26.5,77.3,77.3,0.5,1.9,0.5,8.6
2009-08-09,82.99,Excellent,summer,82.99,Excellent,summer,82.99,Excellent,82.05,84.23,3.0,4.5,5.0,4.0,4.4,30.04112,25.88004,33.6,28.7,62.3,62.3,0.0,2.5,8.8,3.9
2009-08-10,84.9,Excellent,summer,84.9,Excellent,summer,84.9,Excellent,83.18,83.75,3.5,4.5,5.0,3.5,4.25,28.48,24.951999999999998,32.0,27.8,60.0,60.0,0.0,2.8,8.5,4.9
2009-08-11,49.86,Marginal,summer,49.86,Marginal,summer,49.86,Marginal,72.58,78.84,4.0,5.0,0.0,3.5,0.0,26.149240000000002,23.03272,27.1,23.8,86.1,86.1,113.5,3.1,0.0,10.0
2009-08-12,54.78,Acceptable,summer,54.78,Acceptable,summer,54.78,Acceptable,63.18,74.23,4.5,5.0,0.0,4.0,0.55,25.333959999999998,23.0194,25.9,23.5,91.1,91.1,80.5,2.5,1.1,7.3
2009-08-13,85.2,Excellent,summer,85.2,Excellent,summer,85.2,Excellent,63.28,74.41,3.5,4.5,5.0,4.0,3.9,28.77656,24.64392,30.9,26.3,74.6,74.6,0.0,1.9,7.8,2.9
2009-08-14,84.4,Excellent,summer,84.4,Excellent,summer,84.4,Excellent,74.79,74.83,3.0,4.5,5.0,4.5,4.7,30.114639999999998,25.12896,33.4,27.6,64.9,64.9,0.0,1.6,9.4,0.6
2009-08-15,87.09,Excellent,summer,87.09,Excellent,summer,87.09,Excellent,85.56,75.6,3.5,4.5,5.0,4.0,5.0,29.688,25.3224,33.0,27.9,64.0,64.0,0.0,1.7,11.6,0.0
2009-08-16,84.02,Excellent,summer,84.02,Excellent,summer,84.02,Excellent,85.17,75.75,3.0,4.5,5.0,4.0,5.0,30.08608,25.72312,34.4,29.1,55.8,55.8,0.0,1.8,12.1,0.0
2009-08-17,82.81,Excellent,summer,82.81,Excellent,summer,82.81,Excellent,84.64,75.45,4.0,4.5,4.98,4.0,0.8,27.77336,24.28672,30.9,26.8,62.6,62.6,0.2,2.3,1.6,5.8
2009-08-18,81.69,Excellent,summer,81.69,Excellent,summer,81.69,Excellent,82.84,80.0,3.5,4.5,4.99,4.0,1.9,28.48396,25.38856,30.9,27.4,71.1,71.1,0.1,2.1,3.8,6.6
2009-08-19,79.48,Very Good,summer,79.48,Very Good,summer,79.48,Very Good,81.33,83.53,3.5,4.5,5.0,3.5,1.1,29.14912,25.89904,31.8,28.1,69.6,69.6,0.0,3.3,2.2,7.3
2009-08-20,68.81,Good,summer,68.81,Good,summer,68.81,Good,76.66,81.19,4.0,4.5,3.05,3.0,1.05,27.654,24.651,29.4,26.1,77.5,77.5,19.5,4.2,2.1,7.0
2009-08-21,88.71,Excellent,summer,88.71,Excellent,summer,88.71,Excellent,79.0,81.8,4.0,5.0,5.0,4.0,3.05,26.550240000000002,22.83488,29.6,25.2,61.1,61.1,0.0,2.0,6.1,5.9
2009-08-22,87.73,Excellent,summer,87.73,Excellent,summer,87.73,Excellent,81.75,81.89,4.5,5.0,5.0,4.0,0.7,24.83664,22.39104,28.2,25.2,53.8,53.8,0.0,2.3,1.4,7.9
2009-08-23,92.06,Ideal,summer,92.06,Ideal,summer,92.06,Ideal,89.5,83.04,4.0,5.0,5.0,4.0,5.0,27.765,23.515,30.9,25.9,62.5,62.5,0.0,2.3,12.4,1.8
2009-08-24,89.74,Excellent,summer,89.74,Excellent,summer,89.74,Excellent,89.84,84.03,4.0,5.0,5.0,4.0,3.65,26.17184,23.00416,29.4,25.6,58.4,58.4,0.0,1.8,7.3,4.3
2009-08-25,83.22,Excellent,summer,83.22,Excellent,summer,83.22,Excellent,88.34,84.25,4.5,5.0,4.1,4.0,1.5,25.49504,22.58972,27.6,24.3,70.1,70.1,9.0,1.8,3.0,5.8
2009-08-26,78.08,Very Good,summer,78.08,Very Good,summer,78.08,Very Good,83.68,84.05,4.5,5.0,3.55,4.0,0.5999999999999996,24.7026,22.8084,26.3,24.2,75.5,75.5,14.5,2.5,0.0,8.8
2009-08-27,75.5,Very Good,summer,75.5,Very Good,summer,75.5,Very Good,78.93,85.01,4.5,5.0,3.3,4.0,0.05,24.84592,23.332960000000003,25.7,24.1,86.4,86.4,17.0,2.5,0.1,8.6
2009-08-28,90.56,Ideal,summer,90.56,Ideal,summer,90.56,Ideal,81.38,85.27,4.0,5.0,5.0,3.5,4.65,26.22664,22.30084,28.6,24.1,68.1,68.1,0.0,2.6,9.3,4.4
2009-08-29,89.19,Excellent,summer,89.19,Excellent,summer,89.19,Excellent,85.08,85.48,4.5,4.5,5.0,4.0,2.65,24.2952,20.4432,26.7,22.2,64.0,64.0,0.0,2.2,5.3,6.9
2009-08-30,82.75,Excellent,summer,82.75,Excellent,summer,82.75,Excellent,87.5,84.15,5.0,4.0,4.35,4.0,0.7,22.071080000000002,19.5298,23.3,20.5,76.9,76.9,6.5,2.0,1.4,6.5
2009-08-31,92.11,Ideal,summer,92.11,Ideal,summer,92.11,Ideal,88.02,84.49,4.5,4.5,5.0,4.0,4.35,25.30612,20.53864,28.3,22.6,59.1,59.1,0.0,1.9,8.7,1.4
2009-09-01,93.37,Ideal,autumn,93.23,Ideal,summer,93.23,Ideal,89.36,85.92,4.5,4.5,5.0,4.0,5.0,24.99904,21.04768,28.6,23.7,51.6,51.6,0.0,1.9,12.1,0.6
2009-09-02,93.37,Ideal,autumn,93.23,Ideal,summer,93.23,Ideal,92.86,88.08,4.5,4.5,5.0,4.0,5.0,25.08832,20.870079999999998,28.6,23.4,52.8,52.8,0.0,2.2,12.1,0.1
2009-09-03,91.02,Ideal,autumn,91.17,Ideal,summer,91.17,Ideal,92.54,90.32,4.5,4.5,5.0,4.0,3.8,25.64632,21.103839999999998,28.6,23.2,60.3,60.3,0.0,1.9,7.6,2.9
2009-09-04,93.73,Ideal,autumn,92.53,Ideal,summer,92.53,Ideal,92.31,90.6,4.0,5.0,5.0,4.5,4.75,26.21972,22.01772,29.3,24.3,60.1,60.1,0.0,1.4,9.5,2.9
2009-09-05,88.48,Excellent,autumn,87.93,Excellent,summer,87.93,Excellent,90.54,90.42,4.0,5.0,5.0,4.0,2.6,27.026439999999997,22.834,29.9,25.0,63.9,63.9,0.0,1.9,5.2,4.6
2009-09-06,88.87,Excellent,autumn,88.28,Excellent,summer,88.28,Excellent,89.58,91.21,4.0,5.0,5.0,4.0,2.8,27.21748,23.15104,29.9,25.2,66.3,66.3,0.0,1.9,5.6,6.5
2009-09-07,90.63,Ideal,autumn,91.79,Ideal,summer,91.79,Ideal,89.33,91.17,5.0,5.0,5.0,4.5,0.75,23.5292,22.4396,24.9,23.7,77.0,77.0,0.0,1.6,0.0,8.5
2009-09-08,92.59,Ideal,autumn,92.54,Ideal,summer,92.54,Ideal,90.87,91.07,4.5,4.5,5.0,4.0,4.6,25.53696,21.31496,28.4,23.4,61.1,61.1,0.0,1.9,9.2,2.6
2009-09-09,95.74,Ideal,autumn,96.3,Ideal,summer,96.3,Ideal,93.54,91.51,5.0,4.5,5.0,4.0,5.0,23.75312,20.55472,27.2,23.2,49.9,49.9,0.0,2.1,11.6,1.9
2009-09-10,89.23,Excellent,autumn,89.61,Excellent,summer,89.61,Excellent,92.82,91.28,4.5,4.0,5.0,4.0,4.0,24.08008,19.95316,27.4,22.3,52.3,52.3,0.0,1.8,8.0,5.4
2009-09-11,79.64,Very Good,autumn,81.82,Excellent,summer,81.82,Excellent,89.24,89.75,5.0,4.0,4.3,4.0,0.35,22.91932,19.11952,25.3,20.8,61.1,61.1,7.0,2.0,0.7,8.1
2009-09-12,71.36,Very Good,autumn,73.7,Very Good,summer,73.7,Very Good,81.71,87.72,5.0,4.0,2.65,4.0,1.9,22.654559999999996,18.28464,23.9,19.1,77.6,77.6,23.5,1.9,3.8,5.1
2009-09-13,93.56,Ideal,autumn,94.4,Ideal,summer,94.4,Ideal,83.31,88.59,5.0,4.0,5.0,4.0,5.0,23.820279999999997,19.30044,25.9,20.7,67.3,67.3,0.0,1.7,10.2,1.8
2009-09-14,82.63,Excellent,autumn,83.8,Excellent,summer,83.8,Excellent,83.97,87.45,4.5,4.0,5.0,4.5,0.1,21.47392,19.05364,22.8,20.1,74.1,74.1,0.0,1.5,0.2,6.9
2009-09-15,93.36,Ideal,autumn,94.23,Ideal,summer,94.23,Ideal,90.81,87.69,5.0,4.0,5.0,4.0,4.9,23.4994,19.7446,25.1,20.9,73.5,73.5,0.0,2.3,9.8,2.5
2009-09-16,93.33,Ideal,autumn,94.18,Ideal,summer,94.18,Ideal,90.74,87.39,5.0,4.0,5.0,4.5,4.35,23.4932,19.394,25.8,21.0,63.5,63.5,0.0,1.4,8.7,1.9
2009-09-17,92.19,Ideal,autumn,93.2,Ideal,summer,93.2,Ideal,93.87,87.9,5.0,4.0,5.0,4.0,4.3,23.41452,19.33184,26.1,21.2,58.3,58.3,0.0,1.9,8.6,2.0
2009-09-18,93.37,Ideal,autumn,93.23,Ideal,summer,93.24,Ideal,93.54,89.53,4.5,4.5,5.0,4.0,5.0,24.9776,20.03904,28.5,22.4,52.4,52.4,0.0,1.7,11.0,0.0
2009-09-19,92.52,Ideal,autumn,93.5,Ideal,summer,93.43,Ideal,93.31,92.36,5.0,4.0,5.0,3.5,5.0,23.2184,19.5108,26.4,21.8,51.5,51.5,0.0,2.8,10.4,1.9
2009-09-20,89.93,Excellent,autumn,91.22,Ideal,summer,91.08,Ideal,92.65,91.91,5.0,4.0,5.0,4.0,3.15,22.6976,19.25696,25.5,21.3,54.8,54.8,0.0,1.9,6.3,5.0
2009-09-21,62.68,Good,autumn,64.72,Good,summer,64.42,Good,83.15,89.18,4.5,4.0,1.9500000000000002,4.5,0.5999999999999996,21.033920000000002,18.180320000000002,21.6,18.6,87.8,87.8,30.5,1.5,0.0,8.8
2009-09-22,92.32,Ideal,autumn,93.31,Ideal,summer,93.14,Ideal,83.08,89.05,5.0,3.5,5.0,4.5,4.95,22.9504,17.8384,25.2,19.2,63.0,63.0,0.0,1.4,9.9,2.1
2009-09-23,93.56,Ideal,autumn,94.4,Ideal,summer,94.22,Ideal,84.14,89.08,5.0,4.0,5.0,4.0,5.0,23.54976,18.8368,26.1,20.5,60.4,60.4,0.0,1.7,10.7,0.6
2009-09-24,90.97,Ideal,autumn,92.12,Ideal,summer,91.83,Ideal,93.28,88.93,5.0,4.0,5.0,4.5,3.15,23.0758,18.773439999999997,25.5,20.4,60.9,60.9,0.0,1.5,6.3,3.6
2009-09-25,86.25,Excellent,autumn,86.98,Excellent,summer,86.77,Excellent,91.17,88.04,4.5,4.0,5.0,4.5,1.9500000000000002,21.891840000000002,18.744,23.6,20.0,68.6,68.6,0.0,1.2,0.0,6.1
2009-09-26,88.15,Excellent,autumn,88.66,Excellent,summer,88.5,Excellent,89.25,87.34,4.5,4.0,5.0,4.0,3.45,24.63616,19.75744,26.8,21.2,67.8,67.8,0.0,2.3,6.9,5.8
2009-09-27,82.03,Excellent,autumn,83.26,Excellent,summer,82.82,Excellent,86.3,86.21,4.5,4.0,4.95,4.0,0.5,20.965,19.47376,22.5,20.8,69.3,69.3,0.5,2.2,0.0,9.0
2009-09-28,87.06,Excellent,autumn,87.58,Excellent,summer,87.37,Excellent,86.5,89.47,4.5,4.5,4.8,4.5,1.95,24.08212,20.032359999999997,25.3,20.9,80.1,80.1,2.0,1.3,3.9,6.0
2009-09-29,89.16,Excellent,autumn,89.48,Excellent,summer,89.34,Excellent,86.77,88.93,4.5,4.5,4.9,4.0,3.2,25.547320000000003,20.4558,27.1,21.5,77.3,77.3,1.0,1.7,6.4,3.4
2009-09-30,91.37,Ideal,autumn,91.46,Ideal,summer,91.42,Ideal,89.51,88.51,4.5,4.5,5.0,4.5,3.45,25.667360000000002,20.993119999999998,28.1,22.7,66.4,66.4,0.0,1.6,6.9,2.6
2009-10-01,90.72,Ideal,autumn,90.72,Ideal,autumn,90.82,Ideal,90.55,88.31,4.5,4.5,5.0,4.0,3.65,24.077759999999998,20.04328,26.4,21.7,64.6,64.6,0.0,1.9,7.3,3.0
2009-10-02,86.3,Excellent,autumn,86.3,Excellent,autumn,86.66,Excellent,89.49,88.21,4.5,3.5,5.0,3.5,4.15,21.6466,17.434,24.1,19.0,56.5,56.5,0.0,2.6,8.3,2.3
2009-10-03,85.38,Excellent,autumn,85.38,Excellent,autumn,85.67,Excellent,87.47,87.74,4.5,3.5,4.6,4.0,4.55,20.37312,16.40216,22.8,17.9,52.6,52.6,4.0,2.5,9.1,2.9
2009-10-04,85.95,Excellent,autumn,85.95,Excellent,autumn,85.88,Excellent,85.88,88.12,4.0,3.5,5.0,4.0,4.65,19.562839999999998,15.6252,21.9,17.0,50.9,50.9,0.0,1.9,9.3,2.0
2009-10-05,87.54,Excellent,autumn,87.54,Excellent,autumn,87.75,Excellent,86.29,88.12,4.5,3.5,5.0,4.0,4.25,21.299680000000002,16.372,23.3,17.5,62.4,62.4,0.0,1.7,8.5,1.8
2009-10-06,92.42,Ideal,autumn,92.42,Ideal,autumn,92.74,Ideal,88.64,88.54,5.0,3.5,5.0,4.5,5.0,22.1422,17.434,24.7,19.0,56.5,56.5,0.0,1.5,10.5,0.4
2009-10-07,85.36,Excellent,autumn,85.36,Excellent,autumn,85.62,Excellent,88.44,87.67,4.5,3.5,5.0,3.0,4.2,21.00384,16.4256,23.7,18.0,50.8,50.8,0.0,3.7,8.4,1.0
2009-10-08,86.25,Excellent,autumn,86.25,Excellent,autumn,86.19,Excellent,88.01,87.03,4.0,3.5,5.0,4.0,4.8,18.9976,14.85088,21.5,16.2,45.6,45.6,0.0,2.1,9.6,2.4
2009-10-09,83.99,Excellent,autumn,83.99,Excellent,autumn,84.0,Excellent,85.2,86.7,4.0,3.5,5.0,4.0,3.65,18.5648,14.6864,20.6,15.8,52.0,52.0,0.0,2.0,7.3,2.6
2009-10-10,86.64,Excellent,autumn,86.64,Excellent,autumn,86.59,Excellent,85.63,86.88,4.0,3.5,5.0,4.0,5.0,19.374480000000002,14.977599999999999,21.3,16.0,57.4,57.4,0.0,1.7,10.2,0.6
2009-10-11,84.64,Excellent,autumn,84.64,Excellent,autumn,84.64,Excellent,85.09,86.69,4.0,3.5,5.0,4.5,3.45,19.81864,15.37088,21.7,16.4,59.8,59.8,0.0,1.6,6.9,3.0
2009-10-12,84.39,Excellent,autumn,84.39,Excellent,autumn,84.39,Excellent,85.22,86.24,4.0,3.5,5.0,4.0,3.85,18.26728,14.97724,19.8,15.9,60.9,60.9,0.0,2.0,7.7,2.5
2009-10-13,73.12,Very Good,autumn,73.12,Very Good,autumn,73.17,Very Good,80.72,83.48,4.0,3.5,3.7,4.0,2.65,18.11072,13.9672,19.2,14.5,70.4,70.4,13.0,1.8,5.3,4.6
2009-10-14,86.13,Excellent,autumn,86.13,Excellent,autumn,86.12,Excellent,81.21,83.59,4.0,3.5,4.96,4.5,4.35,18.960720000000002,14.169839999999999,20.1,14.7,71.8,71.8,0.4,1.5,8.7,2.9
2009-10-15,88.52,Excellent,autumn,88.52,Excellent,autumn,88.52,Excellent,82.59,83.92,4.5,3.5,5.0,4.0,4.75,20.14304,15.15896,21.6,15.9,68.6,68.6,0.0,2.0,9.5,0.5
2009-10-16,82.59,Excellent,autumn,82.59,Excellent,autumn,82.59,Excellent,85.75,83.72,4.5,3.5,4.75,4.0,2.6,20.1384,15.99488,21.5,16.8,70.4,70.4,2.5,2.5,5.2,4.3
2009-10-17,70.44,Very Good,autumn,70.44,Very Good,autumn,70.44,Very Good,80.52,81.4,3.5,3.5,3.65,3.5,3.2,16.522,13.13056,17.5,13.6,67.4,67.4,13.5,3.3,6.4,4.8
2009-10-18,82.9,Excellent,autumn,82.9,Excellent,autumn,82.9,Excellent,78.64,81.16,3.5,3.5,5.0,4.0,4.3,17.07484,13.415439999999998,18.7,14.2,53.3,53.3,0.0,2.3,8.6,2.6
2009-10-19,66.0,Good,autumn,66.0,Good,autumn,66.0,Good,73.11,78.53,3.5,3.0,4.0,3.0,1.35,14.13756,11.51992,14.9,11.8,61.1,61.1,10.0,4.0,2.7,5.1
2009-10-20,81.7,Excellent,autumn,81.7,Excellent,autumn,81.7,Excellent,76.87,79.75,3.5,3.0,5.0,4.0,4.8,14.48,10.64,15.6,10.8,50.0,50.0,0.0,2.0,9.6,1.0
2009-10-21,84.27,Excellent,autumn,84.27,Excellent,autumn,84.27,Excellent,77.32,79.49,3.5,3.5,5.0,4.0,5.0,16.929199999999998,13.097760000000001,18.5,13.8,53.8,53.8,0.0,2.0,10.0,1.0
2009-10-22,80.19,Excellent,autumn,80.19,Excellent,autumn,80.19,Excellent,82.05,78.3,3.5,3.0,5.0,4.5,3.5,17.19136,12.53332,18.8,13.1,54.3,54.3,0.0,1.5,7.0,4.3
2009-10-23,80.17,Excellent,autumn,80.17,Excellent,autumn,80.17,Excellent,81.54,77.95,4.0,3.5,4.6,4.0,3.1,18.77536,14.432,19.9,15.0,71.6,71.6,4.0,2.2,6.2,3.5
2009-10-24,82.86,Excellent,autumn,82.86,Excellent,autumn,82.86,Excellent,81.07,79.73,4.0,3.5,5.0,3.5,3.6,19.17632,15.660160000000001,20.7,16.6,64.4,64.4,0.0,2.6,7.2,1.3
2009-10-25,84.74,Excellent,autumn,84.74,Excellent,autumn,84.74,Excellent,82.59,79.99,4.0,3.5,5.0,4.5,3.5,19.2432,15.4064,20.6,16.2,68.0,68.0,0.0,1.6,7.0,2.0
2009-10-26,88.32,Excellent,autumn,88.32,Excellent,autumn,88.32,Excellent,85.31,83.18,4.5,3.5,5.0,4.0,4.65,20.18752,15.275680000000001,21.2,15.8,77.4,77.4,0.0,1.9,9.3,1.0
2009-10-27,85.95,Excellent,autumn,85.95,Excellent,autumn,85.95,Excellent,86.34,83.79,4.0,3.5,5.0,4.0,4.65,19.09,14.95,20.1,15.5,75.0,75.0,0.0,2.1,9.3,1.0
2009-10-28,83.96,Excellent,autumn,83.96,Excellent,autumn,83.96,Excellent,86.08,83.74,4.0,3.5,5.0,4.5,3.1,18.776,14.12472,20.0,14.7,69.4,69.4,0.0,1.4,6.2,1.4
2009-10-29,86.17,Excellent,autumn,86.17,Excellent,autumn,86.17,Excellent,85.36,84.6,4.5,3.5,5.0,4.0,3.55,20.70592,15.8548,22.8,17.0,59.1,59.1,0.0,2.0,7.1,1.0
2009-10-30,90.36,Ideal,autumn,90.36,Ideal,autumn,90.36,Ideal,86.83,86.05,5.0,3.5,5.0,4.5,3.95,22.017599999999998,17.38224,24.0,18.6,64.6,64.6,0.0,1.5,7.9,1.9
2009-10-31,63.11,Good,autumn,63.11,Good,autumn,63.11,Good,79.88,83.23,4.0,3.5,3.05,3.5,0.34999999999999964,18.382920000000002,15.71144,19.1,16.2,80.3,80.3,19.5,2.8,0.0,9.3
2009-11-01,70.37,Very Good,autumn,70.37,Very Good,autumn,70.37,Very Good,74.61,81.18,3.5,3.0,4.6,3.5,0.95,13.05728,9.73024,13.4,9.7,74.8,74.8,4.0,3.2,1.9,6.5
2009-11-02,70.52,Very Good,autumn,70.52,Very Good,autumn,70.52,Very Good,68.0,78.63,2.5,2.0,5.0,3.0,4.8,6.34624,2.388,5.2,0.0,40.3,40.3,0.0,4.2,9.6,0.0
2009-11-03,69.84,Good,autumn,69.84,Good,autumn,69.84,Good,70.24,76.33,2.5,2.5,5.0,4.5,1.75,6.82384,4.21776,6.1,2.9,53.6,53.6,0.0,1.6,3.5,4.5
2009-11-04,72.92,Very Good,autumn,72.92,Very Good,autumn,72.92,Very Good,71.09,74.76,3.5,3.0,5.0,3.5,0.85,15.55156,11.23368,16.3,11.4,70.3,70.3,0.0,2.7,1.7,7.6
2009-11-05,77.85,Very Good,autumn,77.85,Very Good,autumn,77.85,Very Good,73.54,73.57,3.5,3.5,4.97,4.5,1.3,17.11,13.78,17.9,14.2,75.0,75.0,0.3,1.5,2.6,3.9
2009-11-06,79.52,Very Good,autumn,79.52,Very Good,autumn,79.52,Very Good,76.76,72.02,4.0,3.5,4.99,4.0,1.4,18.8658,14.2044,19.7,14.6,78.5,78.5,0.1,2.0,2.8,4.4
2009-11-07,75.18,Very Good,autumn,75.18,Very Good,autumn,75.18,Very Good,77.52,73.74,4.0,3.5,4.55,4.5,0.2,19.236,16.4652,20.0,17.0,80.9,80.9,4.5,1.4,0.4,7.0
2009-11-08,55.14,Acceptable,autumn,55.14,Acceptable,autumn,55.14,Acceptable,69.95,71.57,4.0,3.5,1.6,4.5,0.3,19.40408,16.62124,19.8,16.9,89.9,89.9,34.0,1.5,0.6,7.8
2009-11-09,84.5,Excellent,autumn,84.5,Excellent,autumn,84.5,Excellent,71.61,73.56,4.5,3.5,5.0,4.0,2.7,20.63888,16.13088,21.8,16.8,75.4,75.4,0.0,2.2,5.4,6.4
2009-11-10,71.88,Very Good,autumn,71.88,Very Good,autumn,71.88,Very Good,70.51,73.86,3.5,3.0,5.0,3.0,0.8499999999999996,13.921679999999999,12.5032,14.7,13.0,58.6,58.6,0.0,4.7,0.0,8.3
2009-11-11,77.46,Very Good,autumn,77.46,Very Good,autumn,77.46,Very Good,77.95,74.5,3.5,3.0,5.0,3.0,3.7,13.12468,9.439160000000001,13.9,9.3,50.3,50.3,0.0,4.1,7.4,3.5
2009-11-12,75.48,Very Good,autumn,75.48,Very Good,autumn,75.48,Very Good,74.94,74.17,3.0,3.0,5.0,3.0,3.9,11.95264,9.02368,12.4,8.8,53.4,53.4,0.0,3.9,7.8,5.1
2009-11-13,68.89,Good,autumn,68.89,Good,autumn,68.89,Good,73.94,72.65,3.0,3.0,4.75,4.0,0.34999999999999964,10.27588,9.35628,10.3,9.3,79.9,79.9,2.5,2.5,0.0,9.3
2009-11-14,69.97,Good,autumn,69.97,Good,autumn,69.97,Good,71.45,71.9,3.0,2.5,5.0,3.0,2.2,8.97136,5.79972,8.8,5.1,64.3,64.3,0.0,4.0,4.4,5.0
2009-11-15,66.19,Good,autumn,66.19,Good,autumn,66.19,Good,68.35,73.48,2.0,2.0,5.0,3.0,3.8,3.3223599999999998,1.3437999999999999,1.9,-0.5,56.1,56.1,0.0,4.2,7.6,4.3
2009-11-16,66.25,Good,autumn,66.25,Good,autumn,66.25,Good,67.47,70.87,2.0,2.0,5.0,3.5,3.3,2.7712000000000003,0.5222400000000003,1.0,-1.8,50.8,50.8,0.0,2.6,6.6,5.3
2009-11-17,67.62,Good,autumn,67.62,Good,autumn,67.62,Good,66.69,70.27,2.0,2.0,5.0,3.5,4.0,3.7014400000000003,1.3686400000000005,1.9,-1.1,44.4,44.4,0.0,3.0,8.0,2.3
2009-11-18,72.3,Very Good,autumn,72.3,Very Good,autumn,72.3,Very Good,68.72,69.53,2.5,2.0,5.0,4.0,4.65,4.894,2.156,3.1,-0.6,35.0,35.0,0.0,1.8,9.3,1.8
2009-11-19,68.29,Good,autumn,68.29,Good,autumn,68.26,Good,69.4,68.5,2.5,2.0,5.0,4.0,2.6,6.82824,3.65648,5.9,1.8,43.4,43.4,0.0,2.4,5.2,3.8
2009-11-20,66.08,Good,autumn,66.08,Good,autumn,66.05,Good,68.89,68.1,2.5,2.0,4.95,4.0,1.65,5.66736,2.83448,4.8,1.4,58.3,58.3,0.5,1.9,3.3,7.3
2009-11-21,72.01,Very Good,autumn,72.01,Very Good,autumn,71.86,Very Good,68.79,68.39,2.5,2.0,5.0,4.0,4.5,5.288,2.324,3.8,-0.1,40.0,40.0,0.0,2.4,9.0,0.8
2009-11-22,67.72,Good,autumn,67.72,Good,autumn,67.7,Good,68.6,68.61,2.5,2.5,4.9,4.0,1.55,7.30048,4.34788,6.8,3.3,60.9,60.9,1.0,1.8,3.1,7.5
2009-11-23,73.09,Very Good,autumn,73.09,Very Good,autumn,73.07,Very Good,70.94,69.59,3.0,2.5,5.0,4.5,2.2,12.01388,7.811,12.3,7.5,68.9,68.9,0.0,1.5,4.4,4.4
2009-11-24,78.8,Very Good,autumn,78.8,Very Good,autumn,78.69,Very Good,73.2,71.18,3.0,3.0,5.0,4.5,4.0,12.982,8.8072,13.5,8.6,63.0,63.0,0.0,1.5,8.0,1.0
2009-11-25,64.44,Good,autumn,64.44,Good,autumn,64.54,Good,72.11,70.06,2.5,2.5,4.85,4.0,0.05,7.6899999999999995,6.211600000000001,7.5,5.9,81.0,81.0,1.5,1.9,0.1,5.3
2009-11-26,77.82,Very Good,autumn,77.82,Very Good,autumn,77.72,Very Good,73.69,71.42,3.0,3.0,5.0,4.5,3.5,12.9056,8.184,13.2,8.0,77.0,77.0,0.0,1.5,7.0,3.3
2009-11-27,67.94,Good,autumn,67.94,Good,autumn,67.99,Good,70.07,71.69,3.0,2.5,5.0,4.0,0.1,8.6464,7.11232,8.5,6.8,75.6,75.6,0.0,2.3,0.2,8.1
2009-11-28,71.52,Very Good,autumn,71.52,Very Good,autumn,71.58,Very Good,72.43,71.62,3.0,2.5,5.0,4.5,1.4,9.204039999999999,6.28552,9.1,5.8,71.1,71.1,0.0,1.6,2.8,6.6
2009-11-29,64.55,Good,autumn,64.55,Good,autumn,64.89,Good,68.0,71.17,2.5,2.5,4.6,4.5,0.4500000000000002,7.7059999999999995,6.69664,7.5,6.4,79.4,79.4,4.0,1.6,0.0,9.1
2009-11-30,74.99,Very Good,autumn,74.99,Very Good,autumn,74.54,Very Good,70.35,71.44,3.0,2.5,5.0,4.0,3.7,9.65216,6.78248,9.6,6.3,67.4,67.4,0.0,2.2,7.4,3.0
2009-12-01,71.6,Very Good,winter,71.43,Very Good,autumn,71.51,Very Good,70.32,70.38,3.0,2.5,5.0,4.5,1.35,10.08892,6.62104,10.1,6.2,72.3,72.3,0.0,1.5,2.7,3.4
2009-12-02,72.0,Very Good,winter,72.0,Very Good,winter,71.96,Very Good,72.81,71.46,3.0,2.5,5.0,4.5,1.6,8.1912,6.02064,8.0,5.6,76.1,76.1,0.0,1.4,0.0,6.8
2009-12-03,66.59,Good,winter,66.59,Good,winter,66.55,Good,70.01,69.86,2.5,2.5,4.95,4.0,0.75,6.26408,5.07952,5.9,4.6,77.8,77.8,0.5,2.1,0.0,8.5
2009-12-04,73.38,Very Good,winter,73.38,Very Good,winter,73.47,Very Good,70.66,70.64,3.0,2.5,5.0,4.5,2.45,8.33332,4.82452,8.1,4.1,69.3,69.3,0.0,1.4,4.9,4.0
2009-12-05,55.9,Acceptable,winter,55.9,Acceptable,winter,56.08,Acceptable,65.29,68.41,2.5,2.0,3.85,3.0,1.6,6.2881599999999995,1.564,5.6,0.0,60.9,60.9,11.5,4.8,3.2,5.5
2009-12-06,67.01,Good,winter,67.01,Good,winter,67.65,Good,65.43,68.76,2.0,2.0,5.0,3.5,4.6,2.4604,0.11799999999999988,-0.3,-3.5,33.0,33.0,0.0,2.7,9.2,0.0
2009-12-07,71.72,Very Good,winter,71.72,Very Good,winter,72.02,Very Good,64.88,68.29,2.5,2.0,5.0,4.5,4.3,6.1074399999999995,1.97656,5.1,-0.1,48.6,48.6,0.0,1.5,8.6,0.1
2009-12-08,68.19,Good,winter,68.19,Good,winter,68.25,Good,68.97,67.83,2.5,2.0,4.98,4.5,2.2,4.31336,2.02036,3.8,1.3,79.3,79.3,0.2,1.6,0.0,5.6
2009-12-09,69.16,Good,winter,69.16,Good,winter,69.18,Good,69.69,67.42,3.0,2.5,5.0,4.0,0.75,8.74112,5.41408,8.6,4.9,74.8,74.8,0.0,1.9,1.5,8.0
2009-12-10,65.28,Good,winter,65.28,Good,winter,65.3,Good,67.54,67.23,3.0,2.5,4.75,3.5,0.20000000000000018,8.6164,7.786239999999999,8.5,7.6,80.6,80.6,2.5,3.1,0.0,9.6
2009-12-11,68.05,Good,winter,68.05,Good,winter,68.02,Good,67.5,66.47,3.0,2.5,4.95,4.0,0.25,8.86768,7.82972,8.8,7.7,85.9,85.9,0.5,1.9,0.0,9.5
2009-12-12,72.24,Very Good,winter,72.24,Very Good,winter,72.44,Very Good,68.52,68.81,3.0,2.5,5.0,3.5,3.55,8.06576,5.69192,7.8,5.1,69.8,69.8,0.0,2.9,7.1,4.8
2009-12-13,66.45,Good,winter,66.45,Good,winter,66.59,Good,68.91,68.73,2.5,2.0,5.0,3.5,2.85,6.9280800000000005,3.61364,6.2,2.1,52.1,52.1,0.0,2.7,5.7,3.5
2009-12-14,68.31,Good,winter,68.31,Good,winter,68.43,Good,69.0,68.24,2.5,2.0,5.0,3.5,4.0,5.274240000000001,2.3944799999999997,3.6,-0.3,34.6,34.6,0.0,2.9,8.0,1.6
2009-12-15,60.09,Good,winter,60.09,Good,winter,60.12,Good,64.95,67.08,2.0,1.5,5.0,3.5,1.8,1.4992000000000005,-0.4966400000000002,-1.5,-4.2,34.8,34.8,0.0,3.2,3.6,3.6
2009-12-16,64.38,Good,winter,64.38,Good,winter,64.38,Good,64.26,66.4,2.0,1.5,5.0,3.5,4.45,0.13040000000000074,-2.374959999999999,-3.0,-6.3,39.8,39.8,0.0,2.9,8.9,0.0
2009-12-17,61.87,Good,winter,61.87,Good,winter,61.87,Good,62.11,65.91,1.5,1.5,5.0,3.5,4.3,-0.4438399999999998,-3.6086400000000003,-3.2,-7.2,47.8,47.8,0.0,3.2,8.6,0.8
2009-12-18,59.8,Acceptable,winter,59.8,Acceptable,winter,59.8,Acceptable,62.02,64.73,1.5,1.0,5.0,3.5,4.5,-2.48464,-5.34736,-5.7,-9.3,48.8,48.8,0.0,3.3,9.0,0.3
2009-12-19,59.64,Acceptable,winter,59.64,Acceptable,winter,59.64,Acceptable,60.44,62.93,1.5,1.0,5.0,3.5,4.4,-1.4056799999999994,-4.27704,-4.3,-7.9,49.4,49.4,0.0,3.4,8.8,0.6
2009-12-20,63.57,Good,winter,63.57,Good,winter,63.57,Good,61.0,62.52,2.0,1.5,5.0,4.0,3.05,1.3497600000000003,-2.142079999999999,-0.9,-5.3,48.4,48.4,0.0,2.4,6.1,1.4
2009-12-21,65.76,Good,winter,65.76,Good,winter,65.76,Good,62.99,62.16,2.0,1.5,5.0,4.0,4.4,2.799,-0.30879999999999974,0.5,-3.6,39.5,39.5,0.0,1.7,8.8,1.9
2009-12-22,69.81,Good,winter,69.81,Good,winter,69.81,Good,66.38,63.55,3.0,2.5,5.0,4.0,1.15,8.14056,4.33716,7.8,3.3,61.3,61.3,0.0,2.2,2.3,6.8
2009-12-23,68.87,Good,winter,68.87,Good,winter,68.87,Good,68.15,64.19,2.5,2.5,4.9,4.0,2.35,7.95668,5.02496,7.7,4.4,72.1,72.1,1.0,1.8,4.7,5.0
2009-12-24,64.91,Good,winter,64.91,Good,winter,64.91,Good,67.86,64.62,2.5,2.0,5.0,4.0,1.0,7.12108,3.7187200000000002,6.7,2.8,68.1,68.1,0.0,1.7,2.0,3.5
2009-12-25,63.5,Good,winter,63.5,Good,winter,63.5,Good,65.76,65.15,2.5,2.0,4.81,3.5,1.75,4.54,1.446,4.0,0.6,77.5,77.5,1.9,3.0,0.0,6.5
2009-12-26,59.56,Acceptable,winter,59.56,Acceptable,winter,59.56,Acceptable,62.66,65.14,1.5,1.0,5.0,3.5,4.35,-1.7909599999999997,-4.617559999999999,-4.6,-8.1,51.9,51.9,0.0,3.2,8.7,0.3
2009-12-27,53.11,Acceptable,winter,53.11,Acceptable,winter,53.11,Acceptable,58.72,63.65,1.5,1.0,4.78,4.0,0.3,-3.5841999999999996,-5.6875599999999995,-5.5,-7.9,69.1,69.1,2.2,2.0,0.6,4.9
2009-12-28,60.94,Good,winter,60.94,Good,winter,60.94,Good,57.87,62.96,1.5,1.0,5.0,4.0,4.3,-2.8990400000000003,-5.579359999999999,-5.4,-8.6,59.4,59.4,0.0,2.2,8.6,0.3
2009-12-29,58.72,Acceptable,winter,58.72,Acceptable,winter,58.72,Acceptable,57.59,61.37,2.0,1.5,4.91,3.5,1.3,2.6651200000000004,-2.6613999999999995,1.6,-4.5,68.3,68.3,0.9,2.8,2.6,6.9
2009-12-30,58.04,Acceptable,winter,58.04,Acceptable,winter,58.04,Acceptable,59.23,59.83,2.0,1.5,4.97,3.0,1.55,2.80696,-2.2807999999999993,1.8,-4.0,69.3,69.3,0.3,3.8,3.1,5.3
2009-12-31,55.91,Acceptable,winter,55.91,Acceptable,winter,55.91,Acceptable,57.56,58.54,1.0,1.0,5.0,3.0,4.4,-4.442360000000001,-6.415360000000001,-8.3,-10.8,47.3,47.3,0.0,3.5,8.8,0.0
2010-01-01,62.27,Good,winter,62.27,Good,winter,62.27,Good,58.74,58.36,1.5,1.5,5.0,4.0,3.65,-0.7711999999999999,-3.939199999999999,-3.6,-7.6,48.0,48.0,0.0,1.9,7.3,3.8
2010-01-02,56.96,Acceptable,winter,56.96,Acceptable,winter,56.96,Acceptable,58.38,57.99,2.0,1.5,4.86,3.5,0.4,1.1251200000000001,-2.31616,0.2,-3.6,76.4,76.4,1.4,2.8,0.8,6.0
2010-01-03,63.0,Good,winter,63.0,Good,winter,63.0,Good,60.74,59.41,1.5,1.5,5.0,4.0,4.1,-0.52304,-3.3929599999999995,-3.2,-6.8,49.3,49.3,0.0,2.2,8.2,2.6
2010-01-04,43.87,Marginal,winter,43.87,Marginal,winter,43.87,Marginal,54.61,56.97,1.5,1.0,3.58,3.5,0.05,-2.54776,-4.88876,-3.4,-5.9,84.1,84.1,14.2,3.0,0.1,7.5
2010-01-05,56.31,Acceptable,winter,56.31,Acceptable,winter,56.31,Acceptable,54.39,56.62,1.0,1.0,5.0,3.5,3.75,-4.715199999999999,-7.225440000000001,-7.0,-9.9,66.4,66.4,0.0,2.9,7.5,2.1
2010-01-06,54.21,Acceptable,winter,54.21,Acceptable,winter,54.21,Acceptable,51.46,56.08,1.0,0.0,5.0,4.0,4.5,-5.6022,-8.2744,-8.1,-11.2,65.5,65.5,0.0,1.9,9.0,1.3
2010-01-07,61.1,Good,winter,61.1,Good,winter,61.1,Good,57.21,56.82,1.5,1.0,5.0,4.0,4.4,-3.4415999999999993,-7.430719999999999,-5.5,-10.1,66.8,66.8,0.0,1.7,8.8,0.0
2010-01-08,59.96,Acceptable,winter,59.96,Acceptable,winter,59.96,Acceptable,58.42,56.49,1.5,1.0,5.0,4.0,3.7,-1.56568,-5.6528,-3.3,-8.0,67.4,67.4,0.0,1.7,7.4,1.4
2010-01-09,59.36,Acceptable,winter,59.36,Acceptable,winter,59.36,Acceptable,60.14,56.83,1.5,1.5,4.96,4.5,1.1,-0.7480799999999999,-3.6383199999999998,-1.9,-5.1,75.8,75.8,0.4,1.5,0.0,7.8
2010-01-10,60.25,Good,winter,60.25,Good,winter,60.25,Good,59.86,56.44,2.0,1.5,5.0,4.0,1.0,0.5610800000000002,-2.2797599999999996,-0.3,-3.4,79.1,79.1,0.0,1.7,2.0,4.1
2010-01-11,56.93,Acceptable,winter,56.93,Acceptable,winter,56.93,Acceptable,58.85,58.3,1.5,1.5,5.0,4.0,0.35,-0.17451999999999934,-3.6860799999999996,-1.3,-5.2,75.1,75.1,0.0,2.3,0.7,5.4
2010-01-12,58.75,Acceptable,winter,58.75,Acceptable,winter,58.75,Acceptable,58.64,58.65,1.5,1.0,5.0,3.5,3.85,-3.9853199999999998,-6.41052,-7.3,-10.3,52.1,52.1,0.0,2.9,7.7,1.3
2010-01-13,52.83,Acceptable,winter,52.83,Acceptable,winter,52.83,Acceptable,56.17,58.45,1.0,0.0,5.0,3.5,4.55,-6.84152,-8.87552,-10.7,-13.2,53.4,53.4,0.0,3.2,9.1,0.0
2010-01-14,59.88,Acceptable,winter,59.88,Acceptable,winter,59.88,Acceptable,57.15,58.28,1.5,1.0,5.0,4.0,3.65,-1.6071199999999992,-5.723119999999999,-4.1,-9.1,55.8,55.8,0.0,1.8,7.3,2.6
2010-01-15,63.31,Good,winter,63.31,Good,winter,63.31,Good,58.67,58.76,2.0,1.5,4.97,4.0,3.0,0.8797600000000004,-2.9059999999999997,-0.6,-5.0,65.1,65.1,0.3,2.4,6.0,4.0
2010-01-16,65.68,Good,winter,65.68,Good,winter,65.68,Good,62.96,59.66,2.0,1.5,5.0,4.0,4.35,0.19899999999999984,-3.2840000000000007,-2.1,-6.4,52.5,52.5,0.0,1.9,8.7,0.5
2010-01-17,66.81,Good,winter,66.81,Good,winter,66.81,Good,65.27,60.6,2.0,1.5,5.0,4.5,4.15,2.7416,-1.8159999999999998,1.4,-4.0,61.0,61.0,0.0,1.4,8.3,0.1
2010-01-18,62.56,Good,winter,62.56,Good,winter,62.56,Good,65.02,61.4,2.0,2.0,5.0,4.5,0.05,2.88496,0.7768000000000002,1.9,-0.5,69.6,69.6,0.0,1.6,0.1,8.5
2010-01-19,64.93,Good,winter,64.93,Good,winter,64.93,Good,64.77,62.29,2.5,2.0,4.7,4.0,2.15,7.15712,3.5146800000000002,6.8,2.7,72.1,72.1,3.0,2.2,4.3,7.6
2010-01-20,63.65,Good,winter,63.65,Good,winter,63.65,Good,63.71,63.83,3.0,2.5,4.3,4.0,0.0,8.4224,5.8588,8.4,5.8,96.5,96.5,7.0,1.7,0.0,10.0
2010-01-21,62.61,Good,winter,62.61,Good,winter,62.61,Good,63.73,64.22,2.0,1.5,4.95,3.0,4.45,3.59168,-1.8891199999999992,2.4,-4.1,60.8,60.8,0.5,4.1,8.9,2.4
2010-01-22,59.92,Acceptable,winter,59.92,Acceptable,winter,59.92,Acceptable,62.06,63.74,1.5,1.5,5.0,3.0,4.0,-0.5752799999999998,-3.4163999999999994,-3.4,-7.0,47.3,47.3,0.0,3.5,8.0,0.6
2010-01-23,66.08,Good,winter,66.08,Good,winter,66.08,Good,62.87,63.79,2.0,1.5,5.0,4.0,4.6,1.4369600000000005,-2.0196799999999993,-0.9,-5.3,46.4,46.4,0.0,2.1,9.2,1.1
2010-01-24,66.28,Good,winter,66.28,Good,winter,66.28,Good,64.09,63.72,2.5,2.0,5.0,3.5,2.75,4.62832,1.5959200000000002,3.8,0.3,66.6,66.6,0.0,2.9,5.5,5.9
2010-01-25,64.78,Good,winter,64.78,Good,winter,64.78,Good,65.71,64.04,2.5,1.5,5.0,3.0,4.2,4.00896,-0.5247999999999999,2.6,-3.0,52.4,52.4,0.0,3.6,8.4,1.3
2010-01-26,65.68,Good,winter,65.68,Good,winter,65.68,Good,65.58,64.14,2.0,1.5,5.0,4.0,4.35,2.7696400000000003,-1.4548399999999995,1.1,-4.1,53.1,53.1,0.0,1.9,8.7,0.6
2010-01-27,62.08,Good,winter,62.08,Good,winter,62.08,Good,64.18,63.92,2.0,2.0,4.75,4.0,1.6,3.85624,0.9179200000000001,3.1,-0.2,72.6,72.6,2.5,2.1,3.2,7.8
2010-01-28,63.45,Good,winter,63.45,Good,winter,63.45,Good,63.74,64.04,2.0,2.0,5.0,3.0,3.3,3.6314800000000003,0.9270400000000002,2.7,-0.4,68.1,68.1,0.0,3.6,6.6,3.4
2010-01-29,62.88,Good,winter,62.88,Good,winter,62.88,Good,62.8,64.46,2.0,2.0,5.0,3.5,2.05,2.9445599999999996,0.07315999999999967,1.4,-2.1,55.1,55.1,0.0,2.7,4.1,4.9
2010-01-30,64.91,Good,winter,64.91,Good,winter,64.91,Good,63.75,64.29,2.5,2.0,5.0,4.0,1.0,5.652,2.6084,5.0,1.5,67.4,67.4,0.0,2.0,2.0,4.0
2010-01-31,68.56,Good,winter,68.56,Good,winter,68.56,Good,65.45,64.62,2.5,2.0,5.0,4.5,2.35,4.70128,2.37728,4.3,1.8,82.4,82.4,0.0,1.3,0.0,5.3
2010-02-01,65.31,Good,winter,65.31,Good,winter,65.31,Good,66.26,64.7,2.5,2.0,5.0,3.5,2.15,5.6566399999999994,1.84512,5.1,0.8,71.6,71.6,0.0,2.6,4.3,4.0
2010-02-02,63.57,Good,winter,63.57,Good,winter,63.57,Good,65.81,64.39,2.0,1.5,5.0,3.0,4.85,0.9481599999999997,-1.6380800000000004,-2.6,-6.2,29.6,29.6,0.0,3.7,9.7,0.8
2010-02-03,62.68,Good,winter,62.68,Good,winter,62.68,Good,63.85,64.48,1.5,1.5,5.0,3.5,4.8,-1.226,-3.4711999999999996,-5.0,-8.0,37.1,37.1,0.0,3.3,9.6,1.0
2010-02-04,64.22,Good,winter,64.22,Good,winter,64.22,Good,63.49,64.59,2.0,1.5,5.0,3.5,4.35,1.5072800000000002,-1.4571599999999996,-0.6,-4.3,50.3,50.3,0.0,2.8,8.7,2.0
2010-02-05,64.95,Good,winter,64.95,Good,winter,64.95,Good,63.95,64.89,2.0,1.5,5.0,3.5,4.8,1.2178000000000004,-1.439,-1.9,-5.5,34.5,34.5,0.0,3.0,9.6,0.0
2010-02-06,66.41,Good,winter,66.41,Good,winter,66.41,Good,65.19,65.1,2.0,1.5,5.0,4.0,4.8,3.20776,-0.97208,0.9,-4.7,36.6,36.6,0.0,2.3,9.6,0.0
2010-02-07,69.29,Good,winter,69.29,Good,winter,69.29,Good,66.88,65.2,2.5,2.0,5.0,4.5,2.8,6.80912,3.2556400000000005,5.6,0.7,31.3,31.3,0.0,1.6,5.6,5.9
2010-02-08,67.14,Good,winter,67.14,Good,winter,67.14,Good,67.61,65.47,2.5,2.5,5.0,4.5,0.0,6.59612,5.2504,5.7,4.0,47.9,47.9,0.0,1.6,0.0,10.0
2010-02-09,59.85,Acceptable,winter,59.85,Acceptable,winter,59.85,Acceptable,65.43,64.93,2.5,2.5,3.8,4.5,0.04999999999999982,4.68224,4.01752,4.4,3.7,87.4,87.4,12.0,1.3,0.0,9.9
2010-02-10,64.94,Good,winter,64.94,Good,winter,64.94,Good,63.98,65.26,2.5,2.5,4.8,4.0,0.2999999999999998,5.394,4.38068,5.0,3.9,80.3,80.3,2.0,1.9,0.0,9.4
2010-02-11,53.44,Acceptable,winter,53.44,Acceptable,winter,53.44,Acceptable,59.41,63.72,2.0,2.0,3.95,3.5,0.20000000000000018,3.9055999999999997,1.1865599999999996,3.5,0.6,84.4,84.4,10.5,3.3,0.0,9.6
2010-02-12,61.16,Good,winter,61.16,Good,winter,61.16,Good,59.85,63.18,2.0,2.0,4.97,4.0,0.20000000000000018,1.7408000000000003,0.44160000000000027,1.1,-0.3,82.0,82.0,0.3,2.1,0.0,9.6
2010-02-13,61.56,Good,winter,61.56,Good,winter,61.56,Good,58.72,62.48,2.0,1.5,4.87,3.5,3.2,0.9442400000000002,-0.8141599999999993,-0.3,-2.3,69.8,69.8,1.3,3.0,6.4,4.4
2010-02-14,64.91,Good,winter,64.91,Good,winter,64.91,Good,62.54,61.86,2.0,2.0,5.0,4.5,1.5,3.05504,0.3717600000000001,1.2,-2.2,47.3,47.3,0.0,1.6,0.0,7.0
2010-02-15,60.57,Good,winter,60.57,Good,winter,60.57,Good,62.35,60.92,2.0,1.5,5.0,3.5,2.1,1.76412,-0.47475999999999985,-0.3,-3.1,49.9,49.9,0.0,2.6,4.2,3.5
2010-02-16,65.03,Good,winter,65.03,Good,winter,65.03,Good,63.5,61.66,2.0,1.5,5.0,3.5,4.85,1.9046400000000006,-1.2867999999999995,-0.4,-4.5,44.6,44.6,0.0,2.7,9.7,1.8
2010-02-17,59.16,Acceptable,winter,59.16,Acceptable,winter,59.16,Acceptable,61.59,60.83,2.0,1.5,4.98,4.0,0.4,2.1624,-0.6656,0.3,-3.2,52.0,52.0,0.2,1.9,0.8,7.8
2010-02-18,61.39,Good,winter,61.39,Good,winter,61.39,Good,61.86,61.97,2.0,1.5,4.75,3.5,3.55,0.9404000000000003,-0.6244399999999994,-1.0,-2.9,55.9,55.9,2.5,3.2,7.1,3.4
2010-02-19,68.63,Good,winter,68.63,Good,winter,68.63,Good,63.06,63.04,2.0,2.0,5.0,4.0,4.7,3.8649999999999998,1.0019999999999998,2.5,-1.0,54.5,54.5,0.0,2.4,9.4,1.9
2010-02-20,73.17,Very Good,winter,73.17,Very Good,winter,73.17,Very Good,67.73,64.69,3.0,2.0,5.0,4.0,4.7,8.363719999999999,3.9716,8.1,3.0,65.3,65.3,0.0,1.8,9.4,0.0
2010-02-21,73.38,Very Good,winter,73.38,Very Good,winter,73.38,Very Good,71.73,65.9,3.0,2.5,5.0,4.0,3.35,9.66864,5.69232,9.6,4.8,57.1,57.1,0.0,2.2,6.7,2.1
2010-02-22,72.57,Very Good,winter,72.57,Very Good,winter,72.57,Very Good,73.04,67.62,3.0,2.5,5.0,4.0,2.85,10.8672,6.9648,11.0,6.5,66.8,66.8,0.0,2.5,5.7,4.5
2010-02-23,80.31,Excellent,winter,80.31,Excellent,winter,80.31,Excellent,75.42,69.8,3.5,3.0,5.0,4.0,4.75,14.972399999999999,8.5564,16.2,8.2,50.5,50.5,0.0,2.1,9.5,0.0
2010-02-24,77.71,Very Good,winter,77.71,Very Good,winter,77.71,Very Good,76.86,72.45,3.5,3.0,5.0,4.0,3.15,16.253639999999997,11.74152,17.9,12.2,47.9,47.9,0.0,2.0,6.3,4.5
2010-02-25,56.34,Acceptable,winter,56.34,Acceptable,winter,56.34,Acceptable,71.45,71.73,3.5,3.0,2.35,4.0,0.0,14.63296,11.9304,14.8,12.0,91.3,91.3,26.5,2.1,0.0,10.0
2010-02-26,79.25,Very Good,winter,79.25,Very Good,winter,79.25,Very Good,71.1,73.25,3.5,3.0,5.0,4.5,3.2,16.42528,11.7848,17.2,12.0,73.1,73.1,0.0,1.6,6.4,4.8
2010-02-27,70.58,Very Good,winter,70.58,Very Good,winter,70.58,Very Good,68.72,72.88,3.0,3.0,5.0,3.5,1.05,10.8624,8.79264,11.0,8.6,65.6,65.6,0.0,2.6,2.1,7.9
2010-02-28,68.27,Good,winter,68.27,Good,winter,68.27,Good,72.7,72.15,3.0,2.5,5.0,4.0,0.2,9.19216,7.12768,9.1,6.8,74.4,74.4,0.0,2.2,0.4,8.9
2010-03-01,49.23,Marginal,spring,50.42,Acceptable,winter,50.42,Acceptable,63.09,68.98,2.5,2.0,3.3,3.0,0.2999999999999998,6.61228,3.49924,6.3,2.9,78.9,78.9,17.0,4.1,0.0,9.4
2010-03-02,63.04,Good,spring,63.85,Good,winter,63.85,Good,60.85,66.63,2.5,2.0,5.0,3.5,1.25,5.36992,3.50008,4.8,2.7,72.6,72.6,0.0,2.6,0.0,7.5
2010-03-03,75.36,Very Good,spring,74.59,Very Good,winter,74.59,Very Good,62.95,66.19,3.0,2.5,5.0,4.0,4.1,10.163599999999999,5.4192,10.2,4.4,54.5,54.5,0.0,2.2,8.2,4.6
2010-03-04,61.89,Good,spring,63.78,Good,winter,63.78,Good,67.41,67.25,2.5,2.5,4.85,3.5,0.2999999999999998,6.715879999999999,6.0058,6.3,5.5,71.9,71.9,1.5,2.8,0.0,9.4
2010-03-05,68.34,Good,spring,69.55,Good,winter,69.55,Good,69.31,65.86,3.0,2.5,4.97,4.0,1.1,9.5604,6.83488,9.5,6.4,69.8,69.8,0.3,2.3,2.2,9.4
2010-03-06,70.57,Very Good,spring,71.19,Very Good,winter,71.19,Very Good,68.17,65.95,3.0,2.5,5.0,4.0,2.0,10.57512,6.7136000000000005,10.7,6.0,55.4,55.4,0.0,2.3,4.0,7.1
2010-03-07,68.35,Good,spring,69.08,Good,winter,69.08,Good,69.94,66.07,3.0,2.5,5.0,3.5,1.6,8.24616,5.93428,7.8,4.9,49.3,49.3,0.0,3.1,3.2,7.8
2010-03-08,69.83,Good,spring,70.13,Very Good,winter,70.13,Very Good,70.13,68.88,3.0,2.5,5.0,3.5,2.25,8.18944,5.35552,7.7,4.1,46.8,46.8,0.0,2.9,4.5,5.9
2010-03-09,52.93,Acceptable,spring,54.12,Acceptable,winter,54.12,Acceptable,64.44,67.49,2.5,2.0,3.6,3.5,0.55,6.24868,2.5846,5.7,1.5,68.1,68.1,14.0,2.6,1.1,9.1
2010-03-10,52.16,Acceptable,spring,53.38,Acceptable,winter,53.38,Acceptable,59.21,64.46,2.0,1.5,4.29,3.5,0.35,1.1687999999999998,-0.5974400000000001,0.5,-1.4,82.4,82.4,7.1,2.7,0.7,8.5
2010-03-11,66.8,Good,spring,66.53,Good,winter,66.53,Good,58.01,64.85,2.5,2.0,5.0,3.5,2.9,6.5952,3.44576,6.0,2.3,62.8,62.8,0.0,3.0,5.8,5.5
2010-03-12,63.96,Good,spring,65.44,Good,winter,65.44,Good,61.78,64.27,3.0,2.5,5.0,3.0,0.25,10.0,6.4216,10.0,5.8,63.0,63.0,0.0,4.3,0.5,8.3
2010-03-13,76.95,Very Good,spring,75.73,Very Good,winter,75.77,Very Good,69.23,64.92,3.0,2.5,5.0,4.0,4.8,8.4838,4.5128,7.9,2.4,30.5,30.5,0.0,2.4,9.6,2.6
2010-03-14,64.32,Good,spring,64.95,Good,winter,64.9,Good,68.71,64.33,3.0,2.5,4.3,3.5,1.7,12.04672,7.79584,12.6,7.2,46.8,46.8,7.0,2.8,3.4,5.4
2010-03-15,60.17,Good,spring,62.02,Good,winter,61.82,Good,67.57,63.17,3.0,3.0,3.75,3.5,0.5,10.987359999999999,8.11504,11.1,7.9,74.4,74.4,12.5,3.4,1.0,8.3
2010-03-16,69.94,Good,spring,68.23,Good,winter,68.47,Good,65.07,65.18,2.5,2.0,5.0,3.0,4.85,5.42256,3.02128,3.9,0.7,37.6,37.6,0.0,4.6,9.7,2.0
2010-03-17,65.45,Good,spring,65.92,Good,winter,65.83,Good,65.39,66.97,2.5,2.0,4.9,4.0,2.0,4.3558,1.7381999999999997,3.1,-0.1,54.5,54.5,1.0,1.7,4.0,6.1
2010-03-18,71.59,Very Good,spring,69.93,Good,winter,70.29,Very Good,68.03,67.46,2.5,2.0,5.0,3.5,5.0,5.6152,2.286,4.6,0.5,53.0,53.0,0.0,3.1,11.0,1.1
2010-03-19,72.96,Very Good,spring,72.89,Very Good,winter,72.91,Very Good,69.58,68.52,3.0,2.5,5.0,4.0,3.05,9.1376,5.688000000000001,8.9,4.5,46.0,46.0,0.0,2.1,6.1,6.0
2010-03-20,64.07,Good,spring,65.47,Good,winter,65.07,Good,69.43,67.06,3.0,2.5,4.98,3.0,0.34999999999999964,11.146600000000001,7.1776,11.3,6.8,70.5,70.5,0.2,3.6,0.0,9.3
2010-03-21,72.21,Very Good,spring,70.86,Very Good,winter,71.29,Very Good,69.74,67.9,2.5,2.5,5.0,3.0,5.0,7.725239999999999,4.27388,7.1,2.7,46.1,46.1,0.0,4.6,10.3,1.9
2010-03-22,58.16,Acceptable,spring,59.64,Acceptable,winter,59.11,Acceptable,65.32,67.56,2.5,2.0,4.01,4.5,0.5999999999999996,5.388,2.7130400000000003,5.0,2.1,80.6,80.6,9.9,1.4,0.0,8.8
2010-03-23,71.25,Very Good,spring,71.68,Very Good,winter,71.51,Very Good,67.39,68.06,3.0,2.5,5.0,4.0,2.3,10.26148,6.42644,10.3,5.9,67.9,67.9,0.0,1.8,4.6,7.9
2010-03-24,78.96,Very Good,spring,78.6,Very Good,winter,78.75,Very Good,69.97,69.87,3.5,3.0,5.0,4.0,3.7,13.04456,8.95844,13.8,8.7,50.3,50.3,0.0,2.3,7.4,6.5
2010-03-25,62.9,Good,spring,64.22,Good,winter,63.61,Good,71.5,69.05,3.0,2.5,4.75,3.0,0.45,9.6058,6.058,9.5,5.0,47.1,47.1,2.5,3.5,0.9,6.5
2010-03-26,66.52,Good,spring,66.52,Good,spring,66.16,Good,69.78,68.14,2.5,2.0,5.0,3.0,3.35,5.82784,3.7024,4.7,2.0,46.8,46.8,0.0,3.9,6.7,4.4
2010-03-27,62.52,Good,spring,62.52,Good,spring,63.2,Good,64.42,67.72,2.5,2.5,5.0,3.0,0.75,7.4912,5.8784,7.2,5.4,74.0,74.0,0.0,3.5,0.0,8.5
2010-03-28,76.1,Very Good,spring,76.1,Very Good,spring,75.45,Very Good,68.38,68.47,3.0,2.5,5.0,3.5,5.0,9.36864,5.343719999999999,9.2,4.1,47.3,47.3,0.0,3.2,11.4,0.4
2010-03-29,76.1,Very Good,spring,76.1,Very Good,spring,75.51,Very Good,71.57,70.82,3.0,2.5,5.0,3.5,5.0,10.96512,6.88192,11.3,5.8,35.6,35.6,0.0,2.8,11.0,0.0
2010-03-30,77.02,Very Good,spring,77.02,Very Good,spring,77.09,Very Good,76.41,71.58,3.5,3.0,5.0,4.0,2.85,13.36168,8.639320000000001,14.2,8.3,50.1,50.1,0.0,2.2,5.7,5.0
2010-03-31,60.46,Good,spring,60.46,Good,spring,61.05,Good,71.19,68.99,3.0,2.5,4.05,4.0,0.09999999999999964,8.778519999999999,7.46308,8.7,7.3,84.9,84.9,9.5,2.3,0.0,9.8
2010-04-01,66.37,Good,spring,66.37,Good,spring,66.69,Good,67.95,69.3,3.0,2.5,4.9,3.5,1.0,9.91028,7.3084,9.9,7.0,74.3,74.3,1.0,2.7,0.0,8.0
2010-04-02,74.79,Very Good,spring,74.79,Very Good,spring,74.38,Very Good,67.21,70.48,3.0,2.5,5.0,3.0,5.0,10.231720000000001,6.5242,10.3,5.5,43.1,43.1,0.0,3.7,10.6,1.3
2010-04-03,76.1,Very Good,spring,76.1,Very Good,spring,75.78,Very Good,72.42,72.42,3.0,2.5,5.0,3.5,5.0,9.6398,6.398,9.5,5.0,30.1,30.1,0.0,3.1,11.4,0.0
2010-04-04,79.58,Very Good,spring,79.58,Very Good,spring,79.39,Very Good,76.82,72.92,3.5,3.0,5.0,3.5,4.55,13.4002,8.26212,14.5,7.7,38.9,38.9,0.0,2.6,9.1,1.8
2010-04-05,77.59,Very Good,spring,77.59,Very Good,spring,77.59,Very Good,77.76,73.13,3.5,3.0,5.0,4.0,3.1,14.03008,10.335840000000001,14.8,10.4,59.9,59.9,0.0,2.2,6.2,4.8
2010-04-06,71.48,Very Good,spring,71.48,Very Good,spring,71.51,Very Good,76.22,72.34,3.0,3.0,5.0,3.0,2.7,11.379719999999999,8.7826,11.7,8.5,52.9,52.9,0.0,3.6,5.4,5.3
2010-04-07,76.1,Very Good,spring,76.1,Very Good,spring,75.99,Very Good,75.06,74.57,3.0,2.5,5.0,3.5,5.0,11.96664,7.95772,12.6,7.3,39.1,39.1,0.0,2.6,11.6,0.4
2010-04-08,81.92,Excellent,spring,81.92,Excellent,spring,81.88,Excellent,76.5,76.79,3.5,3.0,5.0,4.0,5.0,14.257,9.3034,15.5,9.1,43.5,43.5,0.0,2.3,11.3,0.0
2010-04-09,81.92,Excellent,spring,81.92,Excellent,spring,81.92,Excellent,79.98,77.81,3.5,3.0,5.0,4.0,5.0,15.93184,11.12224,17.4,11.4,50.4,50.4,0.0,2.0,10.1,2.1
2010-04-10,68.17,Good,spring,68.17,Good,spring,68.17,Good,77.34,76.68,3.0,3.0,5.0,4.0,0.09999999999999964,12.9722,10.594439999999999,13.5,10.7,62.3,62.3,0.0,2.0,0.0,9.8
2010-04-11,76.05,Very Good,spring,76.05,Very Good,spring,76.05,Very Good,75.38,76.18,3.5,3.0,4.99,4.0,2.45,17.95168,12.89152,19.9,13.6,50.8,50.8,0.1,2.1,4.9,7.1
2010-04-12,68.26,Good,spring,68.26,Good,spring,68.26,Good,70.83,74.84,3.5,3.0,4.3,3.5,1.45,16.9224,12.606079999999999,18.5,13.2,53.6,53.6,7.0,3.0,2.9,9.3
2010-04-13,67.11,Good,spring,67.11,Good,spring,67.11,Good,70.47,74.22,3.0,2.5,4.9,3.0,1.9,9.67984,5.51776,9.6,4.4,50.1,50.1,1.0,5.2,3.8,6.0
2010-04-14,67.71,Good,spring,67.71,Good,spring,67.71,Good,67.69,73.02,2.5,2.5,5.0,3.5,2.45,7.425280000000001,5.7088,6.4,4.0,28.8,28.8,0.0,3.4,4.9,5.3
2010-04-15,77.41,Very Good,spring,77.41,Very Good,spring,77.41,Very Good,70.74,72.38,3.0,2.5,5.0,4.0,5.0,11.9136,7.792,12.6,7.0,34.0,34.0,0.0,2.4,11.2,1.9
2010-04-16,78.03,Very Good,spring,78.03,Very Good,spring,78.03,Very Good,74.38,71.82,3.0,3.0,5.0,3.5,5.0,12.73312,8.4816,13.6,8.0,39.8,39.8,0.0,2.7,11.5,1.8
2010-04-17,71.03,Very Good,spring,71.03,Very Good,spring,71.03,Very Good,75.49,72.23,3.0,2.5,5.0,4.0,2.2,11.7072,7.951359999999999,12.0,7.6,63.4,63.4,0.0,2.3,4.4,4.6
2010-04-18,70.81,Very Good,spring,70.81,Very Good,spring,70.81,Very Good,73.29,71.48,3.5,3.0,5.0,3.5,0.7000000000000002,15.7204,11.6344,17.0,12.0,54.3,54.3,0.0,2.7,0.0,8.6
2010-04-19,74.15,Very Good,spring,74.15,Very Good,spring,74.15,Very Good,72.0,72.32,3.5,3.5,4.98,4.0,0.7999999999999998,16.08576,13.865279999999998,17.4,14.7,55.6,55.6,0.2,1.9,0.0,8.4
2010-04-20,78.45,Very Good,spring,78.45,Very Good,spring,78.45,Very Good,74.47,73.94,4.0,3.5,5.0,4.0,1.5,19.3304,15.9296,20.7,16.8,68.0,68.0,0.0,2.1,3.0,8.1
2010-04-21,69.05,Good,spring,69.05,Good,spring,69.05,Good,73.88,74.13,3.5,3.5,4.6,3.5,0.15,17.4766,13.60636,18.5,14.1,69.9,69.9,4.0,3.0,0.3,8.8
2010-04-22,65.2,Good,spring,65.2,Good,spring,65.2,Good,70.9,72.39,3.0,3.0,4.55,4.0,0.0,12.342519999999999,10.60732,12.7,10.7,66.9,66.9,4.5,2.5,0.0,10.0
2010-04-23,69.57,Good,spring,69.57,Good,spring,69.57,Good,67.94,71.18,3.5,3.0,4.6,4.0,0.65,13.80808,9.380080000000001,14.3,9.3,71.4,71.4,4.0,1.9,1.3,6.6
2010-04-24,80.61,Excellent,spring,80.61,Excellent,spring,80.61,Excellent,71.79,72.55,3.5,3.0,5.0,3.5,5.0,15.442720000000001,10.88044,16.8,11.1,50.1,50.1,0.0,2.6,12.2,0.1
2010-04-25,81.92,Excellent,spring,81.92,Excellent,spring,81.92,Excellent,77.37,74.14,3.5,3.0,5.0,4.0,5.0,16.8996,12.6424,19.4,13.6,33.5,33.5,0.0,2.0,10.6,3.1
2010-04-26,54.33,Acceptable,spring,54.33,Acceptable,spring,54.33,Acceptable,72.29,71.3,3.5,3.0,2.3,4.0,0.1,16.65808,12.04864,17.8,12.4,63.4,63.4,27.0,1.9,0.2,9.6
2010-04-27,61.28,Good,spring,61.28,Good,spring,61.28,Good,65.84,68.85,3.0,2.5,4.55,2.5,0.85,10.7974,7.785,10.9,7.5,71.5,71.5,4.5,5.9,1.7,8.6
2010-04-28,58.74,Acceptable,spring,58.74,Acceptable,spring,58.74,Acceptable,58.12,67.38,2.5,2.5,4.05,3.5,1.0499999999999998,7.998,5.45,7.8,5.0,77.5,77.5,9.5,3.4,0.0,7.9
2010-04-29,76.61,Very Good,spring,76.61,Very Good,spring,76.61,Very Good,65.54,69.01,3.0,3.0,5.0,3.0,4.95,12.0352,8.728,12.4,8.5,62.0,62.0,0.0,4.2,9.9,2.8
2010-04-30,74.21,Very Good,spring,74.21,Very Good,spring,74.21,Very Good,69.85,69.67,3.0,3.0,5.0,3.0,3.9,12.73024,9.658719999999999,13.2,9.6,63.3,63.3,0.0,3.8,7.8,4.4
2010-05-01,80.61,Excellent,spring,80.61,Excellent,spring,80.61,Excellent,77.14,69.67,3.5,3.0,5.0,3.5,5.0,15.985,11.8354,17.5,12.3,49.5,49.5,0.0,3.1,10.8,1.0
2010-05-02,87.7,Excellent,spring,87.7,Excellent,spring,87.7,Excellent,80.84,70.5,4.5,3.5,5.0,3.5,5.0,20.28888,15.56992,23.3,17.2,43.4,43.4,0.0,2.7,10.9,1.4
2010-05-03,73.78,Very Good,spring,73.78,Very Good,spring,73.78,Very Good,80.7,73.28,4.0,3.5,5.0,3.0,0.5999999999999996,18.721,17.5276,19.5,18.2,79.5,79.5,0.0,3.9,0.0,8.8
2010-05-04,83.09,Excellent,spring,83.09,Excellent,spring,83.09,Excellent,81.52,76.39,5.0,4.0,5.0,3.5,1.0,23.48236,18.988239999999998,25.3,20.2,70.3,70.3,0.0,3.4,2.0,7.3
2010-05-05,85.65,Excellent,spring,85.65,Excellent,spring,85.65,Excellent,80.84,80.24,5.0,4.0,5.0,4.0,1.55,22.616,18.798000000000002,25.2,20.6,57.5,57.5,0.0,2.3,3.1,8.0
2010-05-06,61.58,Good,spring,61.58,Good,spring,61.58,Good,76.77,78.09,4.0,3.5,3.2,3.0,0.05,19.14928,13.174240000000001,19.8,13.4,83.4,83.4,18.0,4.6,0.1,7.6
2010-05-07,83.81,Excellent,spring,83.81,Excellent,spring,83.81,Excellent,77.01,79.46,4.0,3.5,5.0,3.0,5.0,18.59872,13.73152,20.6,14.6,52.8,52.8,0.0,3.7,12.3,0.4
2010-05-08,87.7,Excellent,spring,87.7,Excellent,spring,87.7,Excellent,77.7,80.47,4.5,3.5,5.0,3.5,5.0,20.3948,15.35732,23.0,16.7,49.9,49.9,0.0,2.7,11.7,2.9
2010-05-09,86.16,Excellent,spring,86.16,Excellent,spring,86.16,Excellent,85.89,80.25,4.5,3.5,5.0,4.0,3.75,21.90464,17.0488,25.2,19.0,45.8,45.8,0.0,2.0,7.5,7.0
2010-05-10,84.83,Excellent,spring,84.83,Excellent,spring,84.83,Excellent,86.23,81.83,4.0,3.5,4.99,3.5,4.9,18.76796,14.90684,20.9,16.1,51.1,51.1,0.1,3.0,9.8,3.8
2010-05-11,71.99,Very Good,spring,71.99,Very Good,spring,71.99,Very Good,80.99,80.25,3.5,3.0,4.96,4.0,0.75,15.8912,12.44064,17.0,12.9,60.4,60.4,0.4,2.2,1.5,4.3
2010-05-12,85.12,Excellent,spring,85.12,Excellent,spring,85.12,Excellent,80.65,80.17,4.0,3.5,5.0,3.5,5.0,18.236800000000002,13.2604,19.6,13.8,64.5,64.5,0.0,2.6,11.6,0.4
2010-05-13,86.6,Excellent,spring,86.6,Excellent,spring,86.6,Excellent,81.24,83.74,4.0,3.5,5.0,4.5,4.5,19.748479999999997,14.915199999999999,21.9,16.0,54.8,54.8,0.0,1.6,9.0,1.3
2010-05-14,89.01,Excellent,spring,89.01,Excellent,spring,89.01,Excellent,86.91,84.49,4.5,3.5,5.0,4.0,5.0,20.4394,16.096,23.7,18.0,40.5,40.5,0.0,2.3,12.0,0.5
2010-05-15,83.12,Excellent,spring,83.12,Excellent,spring,83.12,Excellent,86.24,83.83,4.0,3.5,5.0,4.0,3.55,19.491439999999997,15.5832,21.9,17.0,49.4,49.4,0.0,2.5,7.1,3.8
2010-05-16,89.01,Excellent,spring,89.01,Excellent,spring,89.01,Excellent,87.05,84.24,4.5,3.5,5.0,4.0,5.0,21.959200000000003,16.4944,25.1,18.2,48.0,48.0,0.0,2.3,10.6,4.0
2010-05-17,89.04,Excellent,spring,89.04,Excellent,spring,89.04,Excellent,87.06,84.84,5.0,4.0,4.9,4.0,3.3,23.4572,18.153480000000002,27.0,20.3,47.9,47.9,1.0,2.3,6.6,7.3
2010-05-18,44.63,Marginal,spring,44.63,Marginal,spring,44.63,Marginal,74.23,80.93,4.0,3.5,0.0,4.0,0.0,19.189439999999998,17.136480000000002,19.4,17.3,94.4,94.4,59.0,2.5,0.0,10.0
2010-05-19,78.73,Very Good,spring,78.73,Very Good,spring,78.73,Very Good,70.8,80.02,4.5,3.5,4.95,3.5,1.2,20.136999999999997,16.603,20.9,17.1,82.5,82.5,0.5,2.8,2.4,7.0
2010-05-20,92.21,Ideal,spring,92.21,Ideal,spring,92.26,Ideal,71.86,80.82,5.0,4.0,5.0,3.5,5.0,23.280959999999997,18.1928,25.4,19.5,65.6,65.6,0.0,2.7,11.8,0.0
2010-05-21,90.94,Ideal,spring,90.94,Ideal,spring,90.97,Ideal,87.29,81.1,4.5,4.0,5.0,4.0,5.0,24.86512,19.67032,28.6,22.1,49.8,49.8,0.0,1.8,10.1,4.0
2010-05-22,78.89,Very Good,spring,78.89,Very Good,spring,79.25,Very Good,87.35,80.49,5.0,4.0,4.45,4.0,0.05,23.0882,18.52844,25.5,20.1,61.1,61.1,5.5,1.8,0.1,9.9
2010-05-23,56.76,Acceptable,spring,56.76,Acceptable,spring,57.05,Acceptable,75.53,75.89,3.5,3.5,2.85,3.0,0.0,17.3872,15.563200000000002,18.1,16.1,78.0,78.0,21.5,4.7,0.0,10.0
2010-05-24,61.72,Good,spring,61.72,Good,spring,62.06,Good,65.79,71.98,3.5,3.5,3.45,3.5,0.0,15.63992,13.01444,15.8,13.1,93.1,93.1,15.5,3.2,0.0,10.0
2010-05-25,75.75,Very Good,spring,75.75,Very Good,spring,76.28,Very Good,64.74,76.43,4.0,3.5,4.95,4.0,0.45,18.293120000000002,14.61776,18.8,14.9,85.6,85.6,0.5,1.7,0.9,9.3
2010-05-26,80.71,Excellent,spring,80.71,Excellent,spring,81.04,Excellent,72.73,76.71,4.0,3.5,4.95,3.5,3.2,19.86544,16.23968,21.7,17.4,60.8,60.8,0.5,2.8,6.4,4.3
2010-05-27,89.01,Excellent,spring,89.01,Excellent,spring,89.13,Excellent,81.82,76.25,4.5,3.5,5.0,4.0,5.0,21.368,16.008799999999997,24.0,17.4,53.0,53.0,0.0,2.5,11.4,3.1
2010-05-28,76.28,Very Good,spring,76.28,Very Good,spring,77.06,Very Good,82.0,74.16,4.0,3.5,5.0,4.0,0.5499999999999998,19.00224,16.31888,20.4,17.3,66.4,66.4,0.0,1.9,0.0,8.9
2010-05-29,80.69,Excellent,spring,80.69,Excellent,spring,81.57,Excellent,81.99,74.42,4.5,3.5,5.0,4.0,1.35,21.33692,17.415879999999998,23.3,18.7,63.1,63.1,0.0,1.7,2.7,7.0
2010-05-30,84.56,Excellent,spring,84.56,Excellent,spring,85.16,Excellent,80.51,78.39,4.5,3.5,5.0,4.0,3.05,21.22384,17.454639999999998,23.4,18.9,59.4,59.4,0.0,2.2,6.1,5.6
2010-05-31,76.4,Very Good,spring,76.4,Very Good,spring,77.3,Very Good,80.55,80.49,4.0,3.5,4.85,4.0,1.0,18.62,16.2926,20.0,17.3,65.5,65.5,1.5,2.2,0.0,8.0
2010-06-01,92.5,Ideal,summer,91.59,Ideal,spring,92.01,Ideal,84.18,82.75,5.0,3.5,5.0,4.0,5.0,22.636,17.098,26.2,19.1,45.0,45.0,0.0,2.1,13.3,1.3
2010-06-02,94.4,Ideal,summer,94.4,Ideal,summer,93.96,Ideal,87.46,84.7,5.0,4.0,5.0,4.0,5.0,23.153840000000002,18.7164,26.6,21.0,48.1,48.1,0.0,1.9,12.2,0.5
2010-06-03,93.5,Ideal,summer,93.5,Ideal,summer,92.9,Ideal,93.16,85.35,5.0,4.0,5.0,3.5,5.0,23.695,19.213,26.5,21.1,57.5,57.5,0.0,2.7,12.8,0.3
2010-06-04,91.33,Ideal,summer,91.33,Ideal,summer,91.16,Ideal,93.08,87.5,4.5,4.0,5.0,4.0,5.0,24.4632,19.9384,27.9,22.3,52.0,52.0,0.0,2.3,13.5,0.4
2010-06-05,93.23,Ideal,summer,93.23,Ideal,summer,93.09,Ideal,92.69,89.29,4.5,4.5,5.0,4.0,5.0,24.727359999999997,20.64532,28.4,23.3,50.1,50.1,0.0,2.4,10.7,4.0
2010-06-06,90.16,Ideal,summer,90.16,Ideal,summer,90.21,Ideal,91.57,90.09,4.0,4.5,5.0,4.0,5.0,26.184959999999997,21.538559999999997,30.9,24.9,43.6,43.6,0.0,1.8,10.8,4.9
2010-06-07,91.41,Ideal,summer,91.41,Ideal,summer,91.41,Ideal,91.6,92.23,4.0,5.0,4.98,4.0,4.7,26.8632,22.135199999999998,31.4,25.4,47.0,47.0,0.2,2.0,9.4,3.9
2010-06-08,90.16,Ideal,summer,90.16,Ideal,summer,90.2,Ideal,90.58,92.03,4.0,4.5,5.0,4.0,5.0,26.05352,21.56148,31.8,25.7,34.1,34.1,0.0,2.1,13.0,0.4
2010-06-09,95.13,Ideal,summer,95.13,Ideal,summer,95.05,Ideal,92.23,92.13,4.5,5.0,5.0,4.0,5.0,25.84552,22.3072,30.6,26.0,42.3,42.3,0.0,2.1,12.8,0.0
2010-06-10,90.51,Ideal,summer,90.51,Ideal,summer,90.44,Ideal,91.93,91.7,4.0,5.0,5.0,4.0,4.1,27.86944,22.988799999999998,32.7,26.5,46.8,46.8,0.0,1.8,8.2,5.6
2010-06-11,89.05,Excellent,summer,89.05,Excellent,summer,88.9,Excellent,91.56,91.38,4.0,5.0,5.0,4.0,3.25,26.47664,22.12432,31.2,25.6,44.3,44.3,0.0,2.2,6.5,7.8
2010-06-12,48.13,Marginal,summer,48.13,Marginal,summer,48.0,Marginal,75.9,84.94,4.5,3.5,0.0,4.0,0.0,21.592,17.6314,22.0,17.9,91.5,91.5,71.0,2.5,0.0,10.0
2010-06-13,74.49,Very Good,summer,74.49,Very Good,summer,74.3,Very Good,70.56,82.7,4.5,4.5,3.2,4.0,0.95,25.913439999999998,21.1024,27.2,22.0,81.3,81.3,18.0,1.8,1.9,8.8
2010-06-14,78.71,Very Good,summer,78.71,Very Good,summer,78.54,Very Good,67.11,80.88,4.5,4.5,3.95,4.0,0.55,25.12736,21.80672,26.4,22.8,80.6,80.6,10.5,1.9,1.1,9.1
2010-06-15,90.77,Ideal,summer,90.77,Ideal,summer,90.76,Ideal,81.32,80.97,4.0,5.0,5.0,4.0,4.25,27.39904,22.718079999999997,29.7,24.4,70.8,70.8,0.0,2.0,8.5,5.1
2010-06-16,86.88,Excellent,summer,86.88,Excellent,summer,86.88,Excellent,85.45,79.79,4.5,4.5,4.95,4.0,1.5,24.05872,21.08476,25.6,22.3,75.3,75.3,0.5,2.4,3.0,6.9
2010-06-17,87.95,Excellent,summer,87.95,Excellent,summer,87.95,Excellent,88.53,79.43,4.5,5.0,5.0,4.5,0.2999999999999998,25.70624,22.4936,27.6,24.0,73.1,73.1,0.0,1.6,0.0,9.4
2010-06-18,83.05,Excellent,summer,83.05,Excellent,summer,83.05,Excellent,85.96,78.57,3.5,5.0,4.96,4.0,1.7,28.357000000000003,23.833,31.1,25.9,67.5,67.5,0.4,2.1,3.4,7.6
2010-06-19,81.94,Excellent,summer,81.94,Excellent,summer,81.94,Excellent,84.31,83.4,4.5,4.5,4.55,4.0,0.15,24.47912,21.9132,25.8,23.0,79.1,79.1,4.5,2.2,0.3,9.0
2010-06-20,89.1,Excellent,summer,89.1,Excellent,summer,89.1,Excellent,84.7,85.49,4.5,4.5,5.0,4.0,2.6,25.2932,21.6948,27.0,23.0,74.9,74.9,0.0,2.5,5.2,5.3
2010-06-21,91.17,Ideal,summer,91.17,Ideal,summer,91.17,Ideal,87.4,87.27,4.5,4.5,5.0,4.0,3.8,25.5928,20.6872,27.8,22.2,69.0,69.0,0.0,2.3,7.6,1.8
2010-06-22,89.84,Excellent,summer,89.84,Excellent,summer,89.84,Excellent,90.04,87.13,5.0,4.0,5.0,4.0,2.35,22.20864,19.317120000000003,25.2,21.6,50.8,50.8,0.0,2.3,4.7,5.0
2010-06-23,93.23,Ideal,summer,93.23,Ideal,summer,93.23,Ideal,91.41,88.04,4.5,4.5,5.0,4.0,5.0,25.147840000000002,20.5872,28.6,23.0,53.6,53.6,0.0,2.0,13.3,0.1
2010-06-24,90.16,Ideal,summer,90.16,Ideal,summer,90.16,Ideal,91.08,88.36,4.0,4.5,5.0,4.0,5.0,27.03936,21.79648,30.8,24.4,54.8,54.8,0.0,1.7,11.8,0.3
2010-06-25,88.04,Excellent,summer,88.04,Excellent,summer,88.04,Excellent,90.48,89.07,3.5,5.0,5.0,4.0,4.45,28.009,23.36668,32.5,26.7,50.1,50.1,0.0,1.9,8.9,4.6
2010-06-26,83.51,Excellent,summer,83.51,Excellent,summer,83.51,Excellent,87.24,89.29,4.5,5.0,4.65,3.5,0.1,24.441119999999998,22.42608,27.2,24.8,59.9,59.9,3.5,2.7,0.2,9.5
2010-06-27,82.05,Excellent,summer,82.05,Excellent,summer,82.05,Excellent,84.53,88.29,5.0,4.5,4.05,3.5,0.8499999999999996,22.5286,21.1156,23.3,21.8,85.5,85.5,9.5,2.6,0.0,8.3
2010-06-28,91.54,Ideal,summer,91.54,Ideal,summer,91.54,Ideal,85.7,88.34,4.0,5.0,5.0,4.0,4.7,27.8678,22.725360000000002,30.5,24.6,67.9,67.9,0.0,2.1,9.4,2.9
2010-06-29,86.96,Excellent,summer,86.96,Excellent,summer,86.96,Excellent,86.85,87.93,4.5,5.0,5.0,4.0,0.25,25.4112,22.4544,27.2,23.9,74.0,74.0,0.0,1.8,0.5,7.3
2010-06-30,82.39,Excellent,summer,82.39,Excellent,summer,82.39,Excellent,86.96,86.38,5.0,4.5,4.05,4.5,0.0,23.68112,21.83232,24.8,22.8,81.1,81.1,9.5,1.4,0.0,10.0
2010-07-01,79.87,Very Good,summer,79.87,Very Good,summer,79.87,Very Good,83.07,84.91,3.5,4.5,5.0,4.0,0.8,28.389879999999998,24.303240000000002,30.7,26.1,72.1,72.1,0.0,1.8,1.6,8.8
2010-07-02,51.93,Acceptable,summer,51.93,Acceptable,summer,51.93,Acceptable,71.4,79.75,4.5,4.5,0.0,4.0,0.0,25.2004,24.2444,25.9,24.9,89.0,89.0,58.0,1.7,0.0,10.0
2010-07-03,84.26,Excellent,summer,84.26,Excellent,summer,84.26,Excellent,72.02,79.86,4.5,5.0,4.45,4.5,0.25,24.952679999999997,23.42884,25.7,24.1,88.1,88.1,5.5,1.4,0.0,9.5
2010-07-04,85.09,Excellent,summer,85.09,Excellent,summer,85.09,Excellent,73.76,80.29,4.0,4.5,5.0,4.0,2.05,27.6712,24.652,29.9,26.5,72.0,72.0,0.0,2.2,4.1,7.4
2010-07-05,83.78,Excellent,summer,83.78,Excellent,summer,83.78,Excellent,84.38,79.18,3.5,4.5,5.0,3.5,3.6,28.64512,24.43204,30.8,26.1,74.1,74.1,0.0,2.8,7.2,4.5
2010-07-06,87.66,Excellent,summer,87.66,Excellent,summer,87.66,Excellent,85.51,79.28,3.5,5.0,5.0,3.5,4.75,28.28224,23.5424,31.6,26.0,61.6,61.6,0.0,3.2,9.5,5.1
2010-07-07,90.82,Ideal,summer,90.82,Ideal,summer,90.82,Ideal,87.42,80.49,4.0,5.0,5.0,3.5,4.8,27.0912,23.6032,29.6,25.6,68.0,68.0,0.0,2.7,9.6,4.3
2010-07-08,85.8,Excellent,summer,85.8,Excellent,summer,85.8,Excellent,88.09,81.33,4.0,5.0,4.99,4.0,1.4,26.824640000000002,22.618479999999998,29.6,24.7,64.6,64.6,0.1,1.9,2.8,7.5
2010-07-09,88.55,Excellent,summer,88.55,Excellent,summer,88.55,Excellent,88.39,86.57,4.0,5.0,4.95,4.0,3.15,26.98048,22.778239999999997,29.8,24.9,64.4,64.4,0.5,2.3,6.3,4.1
2010-07-10,86.77,Excellent,summer,86.77,Excellent,summer,86.77,Excellent,87.04,86.92,4.0,5.0,5.0,4.5,1.4,26.481279999999998,23.39104,29.2,25.6,64.6,64.6,0.0,1.5,2.8,6.4
2010-07-11,87.11,Excellent,summer,87.11,Excellent,summer,87.11,Excellent,87.48,87.21,4.5,5.0,4.95,3.5,1.05,24.3748,22.02256,26.5,23.8,67.8,67.8,0.5,2.6,2.1,7.9
2010-07-12,89.71,Excellent,summer,89.71,Excellent,summer,89.71,Excellent,87.86,88.06,4.5,5.0,5.0,4.0,1.85,25.72072,22.762520000000002,28.6,25.1,61.3,61.3,0.0,1.9,3.7,5.0
2010-07-13,83.53,Excellent,summer,83.53,Excellent,summer,83.53,Excellent,86.78,87.47,3.5,4.5,4.85,4.0,3.5,28.531,24.007,31.3,26.1,67.5,67.5,1.5,2.0,7.0,4.4
2010-07-14,87.51,Excellent,summer,87.51,Excellent,summer,87.51,Excellent,86.92,87.0,4.5,5.0,4.9,4.0,0.95,25.859199999999998,23.2608,27.7,24.8,74.0,74.0,1.0,1.9,1.9,6.3
2010-07-15,86.81,Excellent,summer,86.81,Excellent,summer,86.81,Excellent,85.95,87.14,4.0,5.0,5.0,4.0,1.95,27.424,23.9392,30.0,26.0,67.8,67.8,0.0,2.1,3.9,5.6
2010-07-16,51.28,Acceptable,summer,51.28,Acceptable,summer,51.28,Acceptable,75.2,81.82,4.0,5.0,0.0,4.0,0.3,26.52472,22.79032,27.7,23.7,83.4,83.4,57.0,2.0,0.6,9.6
2010-07-17,56.0,Acceptable,summer,56.0,Acceptable,summer,56.0,Acceptable,64.7,77.42,5.0,5.0,0.0,3.5,0.0,23.620639999999998,22.66144,24.2,23.2,89.8,89.8,89.5,2.6,0.0,10.0
2010-07-18,78.71,Very Good,summer,78.71,Very Good,summer,78.71,Very Good,62.0,76.22,4.0,4.5,4.8,3.0,0.15,27.1136,24.246399999999998,29.1,25.9,74.0,74.0,2.0,3.8,0.3,9.1
2010-07-19,81.74,Excellent,summer,81.74,Excellent,summer,81.74,Excellent,72.15,75.08,4.0,4.5,5.0,3.0,1.15,27.95332,24.916439999999998,30.1,26.7,73.3,73.3,0.0,3.9,2.3,7.6
2010-07-20,80.73,Excellent,summer,80.73,Excellent,summer,80.73,Excellent,80.39,74.68,3.5,4.5,5.0,4.0,1.3,29.454519999999995,25.877679999999998,32.3,28.2,68.1,68.1,0.0,2.3,2.6,6.4
2010-07-21,80.62,Excellent,summer,80.62,Excellent,summer,80.62,Excellent,81.03,73.7,4.0,4.5,5.0,3.0,0.5,27.2178,25.5572,29.7,27.8,68.5,68.5,0.0,3.6,1.0,8.3
2010-07-22,80.55,Excellent,summer,80.55,Excellent,summer,80.55,Excellent,80.63,72.8,4.0,4.5,4.95,3.0,0.65,27.58512,25.34212,29.6,27.1,74.3,74.3,0.5,4.7,1.3,8.9
2010-07-23,82.69,Excellent,summer,82.69,Excellent,summer,82.69,Excellent,81.29,77.29,4.5,5.0,4.55,3.5,0.0,24.882399999999997,23.478399999999997,25.9,24.4,84.0,84.0,4.5,2.6,0.0,10.0
2010-07-24,81.34,Excellent,summer,81.34,Excellent,summer,81.34,Excellent,81.53,80.91,4.0,4.5,4.9,4.0,0.25,27.756,24.352,29.3,25.6,80.0,80.0,1.0,2.0,0.5,8.6
2010-07-25,79.24,Very Good,summer,79.24,Very Good,summer,79.24,Very Good,81.09,80.99,3.5,4.5,4.95,3.5,1.15,28.208,24.566399999999998,30.0,26.0,77.6,77.6,0.5,2.7,2.3,7.1
2010-07-26,70.64,Very Good,summer,70.64,Very Good,summer,70.64,Very Good,77.07,79.4,4.0,4.5,3.35,3.5,0.45,27.14176,24.192639999999997,28.6,25.4,80.4,80.4,16.5,2.9,0.9,8.5
2010-07-27,85.76,Excellent,summer,85.76,Excellent,summer,85.76,Excellent,78.55,80.12,3.5,4.5,5.0,3.5,4.75,28.254080000000002,24.83144,30.8,26.9,69.4,69.4,0.0,2.8,9.5,5.0
2010-07-28,82.36,Excellent,summer,82.36,Excellent,summer,82.36,Excellent,79.59,80.37,3.5,4.5,5.0,4.0,2.25,28.622079999999997,24.9328,31.2,27.0,69.6,69.6,0.0,2.2,4.5,5.9
2010-07-29,79.37,Very Good,summer,79.37,Very Good,summer,79.37,Very Good,82.5,80.2,3.5,4.5,4.95,4.0,0.7,28.581200000000003,25.1536,30.6,26.8,75.5,75.5,0.5,2.3,1.4,8.6
2010-07-30,77.95,Very Good,summer,77.95,Very Good,summer,77.95,Very Good,79.89,79.52,3.5,4.5,4.99,3.5,0.25,28.71168,25.2932,30.8,27.0,74.9,74.9,0.1,2.7,0.0,9.5
2010-07-31,76.78,Very Good,summer,76.78,Very Good,summer,76.78,Very Good,78.03,78.87,3.5,4.5,5.0,3.0,0.05,28.27492,25.4564,30.1,27.0,77.3,77.3,0.0,3.6,0.1,9.0
2010-08-01,77.21,Very Good,summer,77.21,Very Good,summer,77.21,Very Good,77.31,78.58,3.5,4.5,5.0,3.0,0.3,29.194,25.995,31.0,27.5,78.5,78.5,0.0,3.5,0.6,9.0
2010-08-02,66.18,Good,summer,66.18,Good,summer,66.18,Good,73.39,77.94,3.5,4.5,2.5,4.0,2.35,29.82056,25.72916,31.8,27.3,77.3,77.3,25.0,2.3,4.7,6.5
2010-08-03,82.45,Excellent,summer,82.45,Excellent,summer,82.45,Excellent,75.28,77.47,3.5,4.5,5.0,4.0,2.3,28.51096,24.74176,32.1,27.6,59.4,59.4,0.0,1.8,4.6,5.0
2010-08-04,67.39,Good,summer,67.39,Good,summer,67.39,Good,72.01,75.33,3.5,4.0,3.35,4.5,0.4,29.455959999999997,26.08004,31.9,28.1,72.1,72.1,16.5,1.4,0.8,7.8
2010-08-05,77.02,Very Good,summer,77.02,Very Good,summer,77.02,Very Good,75.62,75.0,3.0,4.0,4.95,3.5,2.75,31.3724,27.2416,33.8,29.2,74.5,74.5,0.5,2.9,5.5,7.3
2010-08-06,74.74,Very Good,summer,74.74,Very Good,summer,74.74,Very Good,73.05,74.54,3.5,4.0,4.65,3.0,1.3,29.0092,26.565160000000002,31.0,28.3,76.3,76.3,3.5,3.8,2.6,8.4
2010-08-07,49.38,Marginal,summer,49.38,Marginal,summer,49.38,Marginal,67.05,70.62,4.0,4.5,0.0,4.0,0.2999999999999998,27.20992,25.31872,28.2,26.2,86.4,86.4,83.5,2.2,0.0,9.4
2010-08-08,83.31,Excellent,summer,83.31,Excellent,summer,83.31,Excellent,69.14,71.5,3.5,4.5,5.0,4.0,2.8,29.0512,25.2586,31.6,27.3,70.5,70.5,0.0,2.0,5.6,5.6
2010-08-09,87.0,Excellent,summer,87.0,Excellent,summer,87.0,Excellent,73.23,74.47,3.5,4.5,5.0,4.0,4.95,29.84228,25.839760000000002,33.3,28.6,62.9,62.9,0.0,1.9,9.9,5.0
2010-08-10,63.24,Good,summer,63.24,Good,summer,63.24,Good,77.85,71.73,3.5,4.5,2.55,4.0,0.45,28.406080000000003,25.3384,29.8,26.5,82.4,82.4,24.5,2.2,0.9,8.9
2010-08-11,73.31,Very Good,summer,73.31,Very Good,summer,73.31,Very Good,74.52,72.57,3.0,4.0,4.75,3.5,1.35,30.330120000000004,26.29992,32.7,28.2,73.9,73.9,2.5,2.6,2.7,7.3
2010-08-12,82.64,Excellent,summer,82.64,Excellent,summer,82.64,Excellent,73.06,73.37,4.5,5.0,4.45,3.5,0.34999999999999964,25.27048,22.527279999999998,26.7,23.7,78.6,78.6,5.5,3.0,0.0,9.3
2010-08-13,46.56,Marginal,summer,46.56,Marginal,summer,46.56,Marginal,67.5,69.35,3.5,4.5,0.0,4.0,0.45,28.494560000000003,25.0976,29.6,26.0,85.9,85.9,62.0,2.1,0.9,8.8
2010-08-14,78.1,Very Good,summer,78.1,Very Good,summer,78.1,Very Good,69.1,73.45,4.0,4.5,4.3,4.0,0.65,27.908160000000002,25.84544,29.1,26.9,84.4,84.4,7.0,2.5,1.3,9.6
2010-08-15,47.41,Marginal,summer,47.41,Marginal,summer,47.41,Marginal,57.36,68.32,3.5,4.5,0.04999999999999982,3.0,1.8,28.6244,25.305200000000003,30.2,26.6,80.5,80.5,49.5,4.0,3.6,7.9
2010-08-16,86.64,Excellent,summer,86.64,Excellent,summer,86.64,Excellent,70.72,68.27,4.5,5.0,4.99,4.0,0.09999999999999964,25.250439999999998,23.51536,26.7,24.8,78.3,78.3,0.1,2.1,0.0,9.8
2010-08-17,87.99,Excellent,summer,87.99,Excellent,summer,87.99,Excellent,74.01,71.81,3.5,4.5,5.0,4.5,5.0,28.782880000000002,24.04408,31.8,26.3,65.4,65.4,0.0,1.3,11.1,3.3
2010-08-18,68.32,Good,summer,68.32,Good,summer,68.32,Good,80.98,71.09,3.5,4.5,3.05,4.0,1.5,29.665119999999998,24.8416,31.2,26.0,81.9,81.9,19.5,2.0,3.0,7.9
2010-08-19,78.51,Very Good,summer,78.51,Very Good,summer,78.51,Very Good,78.27,70.5,3.0,4.0,5.0,4.0,2.9,30.381,26.465,32.9,28.5,72.5,72.5,0.0,2.0,5.8,6.1
2010-08-20,81.85,Excellent,summer,81.85,Excellent,summer,81.85,Excellent,76.23,75.55,3.5,4.0,4.95,4.0,3.25,29.704720000000002,26.50936,32.2,28.6,71.9,71.9,0.5,2.1,6.5,4.5
2010-08-21,82.44,Excellent,summer,82.44,Excellent,summer,82.44,Excellent,80.93,76.17,3.5,4.0,5.0,4.0,3.4,29.386120000000002,26.315920000000002,32.1,28.6,69.3,69.3,0.0,2.1,6.8,2.3
2010-08-22,80.78,Excellent,summer,80.78,Excellent,summer,80.78,Excellent,81.69,80.93,3.5,4.0,4.99,3.5,3.0,29.782,26.441039999999997,32.5,28.7,69.8,69.8,0.1,3.4,6.0,4.8
2010-08-23,68.0,Good,summer,68.0,Good,summer,68.0,Good,77.07,78.27,4.0,4.5,2.9,3.0,1.15,27.90052,25.370079999999998,29.1,26.4,84.3,84.3,21.0,3.6,2.3,9.5
2010-08-24,81.3,Excellent,summer,81.3,Excellent,summer,81.3,Excellent,76.69,77.31,4.5,5.0,4.05,4.5,0.04999999999999982,24.971439999999998,22.899919999999998,25.9,23.7,85.4,85.4,9.5,1.5,0.0,9.9
2010-08-25,51.03,Acceptable,summer,51.03,Acceptable,summer,51.03,Acceptable,66.78,74.84,4.5,4.5,0.0,3.5,0.0,21.95,21.0896,22.5,21.6,89.0,89.0,50.5,2.8,0.0,10.0
2010-08-26,79.43,Very Good,summer,79.43,Very Good,summer,79.43,Very Good,70.59,74.98,4.5,5.0,4.0,3.5,0.20000000000000018,25.85832,23.2944,26.7,24.0,87.4,87.4,10.0,2.7,0.0,9.6
2010-08-27,46.16,Marginal,summer,46.16,Marginal,summer,46.16,Marginal,58.87,69.88,3.0,4.5,0.0,4.0,2.0,30.221680000000003,24.656080000000003,31.8,25.8,81.9,81.9,92.5,2.2,4.0,8.0
2010-08-28,73.82,Very Good,summer,73.82,Very Good,summer,73.82,Very Good,66.47,68.65,4.0,4.5,3.75,4.0,0.25,26.05104,24.4646,27.2,25.5,83.3,83.3,12.5,2.5,0.0,9.5
2010-08-29,55.07,Acceptable,summer,55.07,Acceptable,summer,55.07,Acceptable,58.35,64.97,4.5,5.0,0.0,4.5,0.2,25.4752,23.250639999999997,26.0,23.7,91.8,91.8,99.0,1.6,0.4,9.8
2010-08-30,86.17,Excellent,summer,86.17,Excellent,summer,86.17,Excellent,71.69,67.57,4.0,4.5,4.85,4.0,3.25,27.774679999999996,24.112560000000002,29.9,25.8,73.3,73.3,1.5,1.9,6.5,6.8
2010-08-31,86.47,Excellent,summer,86.47,Excellent,summer,86.47,Excellent,75.9,68.31,4.5,5.0,4.8,4.5,0.2,25.83088,23.713959999999997,27.2,24.9,80.1,80.1,2.0,1.4,0.4,8.8
2010-09-01,71.08,Very Good,autumn,70.94,Very Good,summer,70.94,Very Good,81.19,71.15,3.5,4.5,3.55,3.5,1.65,29.824959999999997,24.8224,31.4,26.0,81.6,81.6,14.5,2.7,3.3,8.4
2010-09-02,59.17,Acceptable,autumn,61.31,Good,summer,61.31,Good,72.91,68.56,4.5,5.0,1.2999999999999998,3.0,0.4500000000000002,25.15024,23.0928,26.2,24.0,83.8,83.8,37.0,4.9,0.0,9.1
2010-09-03,78.05,Very Good,autumn,77.65,Very Good,summer,77.65,Very Good,69.97,73.06,3.5,4.5,4.7,4.0,0.65,28.592,24.315839999999998,30.0,25.4,82.4,82.4,3.0,2.1,1.3,7.1
2010-09-04,84.81,Excellent,autumn,83.74,Excellent,summer,83.74,Excellent,74.23,74.48,3.5,4.5,5.0,4.0,3.05,29.14784,25.17376,31.2,26.8,75.8,75.8,0.0,2.0,6.1,4.3
2010-09-05,47.32,Marginal,autumn,48.27,Marginal,summer,48.27,Marginal,69.89,73.51,3.5,4.5,0.04999999999999982,4.0,1.25,29.317239999999998,24.09132,30.7,25.1,83.3,83.3,49.5,2.1,2.5,7.9
2010-09-06,82.46,Excellent,autumn,81.67,Excellent,summer,81.67,Excellent,71.23,72.86,3.5,4.5,5.0,4.0,1.85,28.184,24.0926,30.0,25.5,77.3,77.3,0.0,2.1,3.7,8.0
2010-09-07,91.1,Ideal,autumn,90.26,Ideal,summer,90.26,Ideal,73.4,73.41,4.0,5.0,5.0,3.0,5.0,27.1808,23.4638,30.8,26.3,56.5,56.5,0.0,4.1,11.1,3.6
2010-09-08,82.63,Excellent,autumn,83.82,Excellent,summer,83.82,Excellent,85.25,75.25,4.5,4.5,5.0,3.5,0.05,21.37136,20.09904,24.3,22.7,48.8,48.8,0.0,3.3,0.1,9.5
2010-09-09,48.23,Marginal,autumn,51.03,Acceptable,summer,50.93,Acceptable,75.04,73.78,4.5,4.5,0.0,3.5,0.0,21.9,20.3768,22.5,20.9,88.0,88.0,90.5,2.6,0.0,10.0
2010-09-10,49.37,Marginal,autumn,52.03,Acceptable,summer,51.84,Acceptable,62.29,70.12,4.5,5.0,0.0,3.0,0.0,25.2944,23.552,25.8,24.0,92.0,92.0,74.5,4.5,0.0,10.0
2010-09-11,52.49,Acceptable,autumn,54.73,Acceptable,summer,54.49,Acceptable,52.6,65.97,4.5,5.0,0.0,4.5,0.0,25.51396,23.20132,26.1,23.7,90.9,90.9,68.5,1.4,0.0,10.0
2010-09-12,76.78,Very Good,autumn,77.86,Very Good,summer,77.7,Very Good,61.54,70.2,4.5,5.0,3.45,4.0,0.85,25.159760000000002,22.052480000000003,26.1,22.8,85.4,85.4,15.5,1.7,1.7,8.5
2010-09-13,90.24,Ideal,autumn,89.48,Excellent,summer,89.62,Excellent,74.02,71.32,4.0,5.0,5.0,4.0,3.5,26.20308,22.582279999999997,27.9,23.9,76.3,76.3,0.0,2.0,7.0,5.3
2010-09-14,90.1,Ideal,autumn,89.35,Excellent,summer,89.51,Excellent,85.56,71.19,4.0,5.0,5.0,4.5,2.9,26.449840000000002,22.3816,28.6,24.0,71.1,71.1,0.0,1.5,5.8,4.0
2010-09-15,93.18,Ideal,autumn,92.06,Ideal,summer,92.34,Ideal,90.3,72.36,4.0,5.0,5.0,4.0,5.0,26.9576,22.15984,30.5,24.7,56.8,56.8,0.0,1.8,11.2,0.0
2010-09-16,93.18,Ideal,autumn,92.06,Ideal,summer,92.38,Ideal,91.16,78.22,4.0,5.0,5.0,4.0,5.0,26.944,22.284399999999998,30.0,24.5,61.8,61.8,0.0,2.1,11.1,0.8
2010-09-17,89.95,Excellent,autumn,89.22,Excellent,summer,89.45,Excellent,91.11,83.54,4.0,5.0,5.0,4.0,3.35,26.35984,22.37808,28.9,24.3,66.4,66.4,0.0,2.3,6.7,4.4
2010-09-18,93.18,Ideal,autumn,92.06,Ideal,summer,92.46,Ideal,91.11,88.87,4.0,5.0,5.0,4.0,5.0,26.92208,22.67072,30.3,25.2,58.4,58.4,0.0,2.4,10.1,3.8
2010-09-19,74.13,Very Good,autumn,76.43,Very Good,summer,75.53,Very Good,85.9,88.67,5.0,4.5,3.25,4.0,0.09999999999999964,22.883680000000002,20.08288,23.8,20.8,83.4,83.4,17.5,2.1,0.0,9.8
2010-09-20,68.23,Good,autumn,69.84,Good,summer,69.15,Good,79.44,85.86,4.5,4.5,2.45,4.0,1.1,24.8672,20.87164,26.0,21.7,82.3,82.3,25.5,2.2,2.2,9.8
2010-09-21,49.27,Marginal,autumn,51.93,Acceptable,summer,50.7,Acceptable,66.07,80.51,4.5,4.5,0.0,4.0,0.0,24.48876,21.085359999999998,24.9,21.4,93.1,93.1,259.5,2.5,0.0,10.0
2010-09-22,78.16,Very Good,autumn,78.16,Very Good,autumn,78.53,Very Good,66.64,78.53,4.0,3.5,4.95,4.0,0.8499999999999996,18.16288,16.21492,18.8,16.7,81.9,81.9,0.5,2.1,0.0,8.3
2010-09-23,89.01,Excellent,autumn,89.01,Excellent,autumn,89.2,Excellent,73.03,78.09,4.5,3.5,5.0,4.0,5.0,20.88512,15.9528,22.8,17.0,62.6,62.6,0.0,1.7,10.3,0.6
2010-09-24,87.54,Excellent,autumn,87.54,Excellent,autumn,87.8,Excellent,84.9,77.85,4.5,3.5,5.0,4.0,4.25,21.1672,16.4296,23.2,17.6,61.5,61.5,0.0,1.7,8.5,2.0
2010-09-25,88.48,Excellent,autumn,88.48,Excellent,autumn,88.67,Excellent,88.34,77.34,4.5,3.5,5.0,4.5,4.2,21.815800000000003,17.2068,24.1,18.6,59.5,59.5,0.0,1.6,8.4,2.8
2010-09-26,85.68,Excellent,autumn,85.68,Excellent,autumn,85.97,Excellent,87.23,78.66,4.5,3.5,5.0,4.0,3.3,21.95072,17.23776,24.2,18.6,60.4,60.4,0.0,1.8,6.6,4.3
2010-09-27,76.99,Very Good,autumn,76.99,Very Good,autumn,77.65,Very Good,83.72,79.68,5.0,4.0,3.45,3.5,2.5,22.44884,18.0604,23.9,19.0,73.9,73.9,15.5,2.7,5.0,6.5
2010-09-28,83.23,Excellent,autumn,83.23,Excellent,autumn,82.99,Excellent,81.97,84.16,3.5,3.5,5.0,3.5,5.0,16.87312,14.47552,18.6,15.6,49.8,49.8,0.0,3.0,11.1,1.5
2010-09-29,75.19,Very Good,autumn,75.19,Very Good,autumn,75.23,Very Good,78.47,83.73,3.5,3.0,5.0,4.5,0.95,15.74192,12.5332,16.8,13.0,61.1,61.1,0.0,1.6,1.9,5.9
2010-09-30,87.68,Excellent,autumn,87.68,Excellent,autumn,87.59,Excellent,82.03,83.54,4.0,3.5,5.0,4.5,5.0,19.0522,13.8916,20.7,14.6,61.5,61.5,0.0,1.6,10.7,0.9
2010-10-01,83.01,Excellent,autumn,83.01,Excellent,autumn,83.04,Excellent,81.96,82.89,4.0,3.5,5.0,4.0,3.15,19.854159999999997,15.186399999999999,21.4,16.0,66.1,66.1,0.0,1.8,6.3,4.1
2010-10-02,64.81,Good,autumn,64.81,Good,autumn,64.9,Good,78.5,79.51,3.5,3.5,3.5,3.5,0.8499999999999996,17.8776,15.496,18.6,16.0,79.0,79.0,15.0,2.9,0.0,8.3
2010-10-03,76.31,Very Good,autumn,76.31,Very Good,autumn,76.48,Very Good,74.71,78.17,4.5,3.5,4.3,3.5,1.5,20.4196,16.398,21.4,17.0,78.5,78.5,7.0,3.2,3.0,8.9
2010-10-04,72.06,Very Good,autumn,72.06,Very Good,autumn,72.08,Very Good,71.06,77.47,3.5,3.5,4.7,3.5,0.35,16.08628,13.6336,16.7,14.0,77.1,77.1,3.0,2.6,0.7,9.0
2010-10-05,84.25,Excellent,autumn,84.25,Excellent,autumn,84.25,Excellent,77.54,77.62,4.0,3.5,5.0,4.5,3.25,18.56704,14.416,19.7,15.0,70.8,70.8,0.0,1.6,6.5,3.0
2010-10-06,88.62,Excellent,autumn,88.62,Excellent,autumn,88.62,Excellent,81.64,79.53,4.5,3.5,5.0,4.0,4.8,20.66252,15.37532,22.1,16.1,70.3,70.3,0.0,1.7,9.6,0.5
2010-10-07,91.28,Ideal,autumn,91.28,Ideal,autumn,91.28,Ideal,88.05,80.05,5.0,3.5,5.0,4.0,4.95,22.0888,16.3948,23.8,17.3,69.0,69.0,0.0,1.7,9.9,1.4
2010-10-08,83.91,Excellent,autumn,83.91,Excellent,autumn,83.91,Excellent,87.94,80.18,4.5,3.5,5.0,4.0,2.4,21.36784,17.664679999999997,23.2,18.9,65.3,65.3,0.0,2.2,4.8,7.0
2010-10-09,92.87,Ideal,autumn,92.87,Ideal,autumn,92.87,Ideal,89.35,84.19,5.0,4.0,5.0,4.0,4.65,22.2972,18.1404,24.2,19.4,66.5,66.5,0.0,2.4,9.3,2.4
2010-10-10,89.01,Excellent,autumn,89.01,Excellent,autumn,89.01,Excellent,88.6,86.0,4.5,3.5,5.0,4.0,5.0,21.42272,17.5854,22.8,18.5,73.1,73.1,0.0,2.1,10.1,0.8
2010-10-11,79.41,Very Good,autumn,79.41,Very Good,autumn,79.41,Very Good,87.1,87.05,4.5,3.5,5.0,4.0,0.1,20.32192,17.64928,21.2,18.3,80.4,80.4,0.0,1.8,0.2,8.9
2010-10-12,78.24,Very Good,autumn,78.24,Very Good,autumn,78.24,Very Good,82.22,86.19,4.0,3.5,4.99,4.0,0.75,18.32048,15.969040000000001,19.2,16.6,76.1,76.1,0.1,2.4,1.5,7.3
2010-10-13,78.17,Very Good,autumn,78.17,Very Good,autumn,78.17,Very Good,78.61,84.7,4.0,3.5,5.0,4.5,0.15,18.567040000000002,15.08668,19.6,15.7,73.1,73.1,0.0,1.6,0.3,8.0
2010-10-14,84.63,Excellent,autumn,84.63,Excellent,autumn,84.63,Excellent,80.35,83.75,4.0,3.5,4.95,4.0,4.15,19.151999999999997,15.016,20.4,15.7,70.0,70.0,0.5,2.2,8.3,4.1
2010-10-15,80.17,Excellent,autumn,80.17,Excellent,autumn,80.17,Excellent,80.99,83.21,3.5,3.0,5.0,3.5,4.55,15.506199999999998,12.473799999999999,16.9,13.1,49.5,49.5,0.0,2.8,9.1,1.9
2010-10-16,83.15,Excellent,autumn,83.15,Excellent,autumn,83.15,Excellent,82.65,81.83,4.0,3.5,5.0,3.5,3.75,19.8368,15.088,21.6,16.0,62.0,62.0,0.0,2.8,7.5,3.0
2010-10-17,84.48,Excellent,autumn,84.48,Excellent,autumn,84.48,Excellent,82.6,81.18,4.0,3.5,5.0,4.0,3.9,18.0784,14.5696,19.9,15.6,54.0,54.0,0.0,2.0,7.8,1.5
2010-10-18,84.62,Excellent,autumn,84.62,Excellent,autumn,84.62,Excellent,84.08,81.92,3.5,3.5,5.0,4.5,4.65,17.33212,13.074760000000001,19.3,13.9,47.1,47.1,0.0,1.4,9.3,0.0
2010-10-19,82.92,Excellent,autumn,82.92,Excellent,autumn,82.92,Excellent,84.01,82.59,4.0,3.5,5.0,4.0,3.1,19.739079999999998,14.91116,21.7,15.9,58.1,58.1,0.0,2.0,6.2,4.4
2010-10-20,79.68,Very Good,autumn,79.68,Very Good,autumn,79.68,Very Good,82.41,82.81,4.0,3.5,5.0,4.0,1.45,18.409399999999998,14.60304,19.5,15.2,71.3,71.3,0.0,1.8,2.9,4.3
2010-10-21,87.74,Excellent,autumn,87.74,Excellent,autumn,87.74,Excellent,83.45,83.25,4.5,3.5,5.0,4.0,4.35,20.2102,14.9764,21.9,15.8,64.5,64.5,0.0,1.8,8.7,1.4
2010-10-22,88.91,Excellent,autumn,88.91,Excellent,autumn,88.91,Excellent,85.44,84.5,4.5,3.5,5.0,4.0,4.95,20.381279999999997,15.776679999999999,22.4,16.9,59.3,59.3,0.0,2.2,9.9,0.5
2010-10-23,82.03,Excellent,autumn,82.03,Excellent,autumn,82.03,Excellent,86.23,84.34,4.0,3.5,5.0,4.0,2.65,18.772,15.074,20.2,15.9,65.0,65.0,0.0,1.8,5.3,5.0
2010-10-24,85.58,Excellent,autumn,85.58,Excellent,autumn,85.58,Excellent,85.51,84.5,4.5,3.5,5.0,4.0,3.25,21.41144,16.13152,23.4,17.2,62.9,62.9,0.0,2.0,6.5,4.5
2010-10-25,77.36,Very Good,autumn,77.36,Very Good,autumn,77.36,Very Good,81.66,83.46,3.5,3.0,5.0,3.0,3.65,14.01676,9.921240000000001,15.1,9.9,46.9,46.9,0.0,4.7,7.3,3.5
2010-10-26,76.21,Very Good,autumn,76.21,Very Good,autumn,76.21,Very Good,79.72,82.5,3.0,2.5,5.0,3.5,4.85,8.73064,5.768800000000001,8.2,4.0,26.3,26.3,0.0,3.4,9.7,0.1
2010-10-27,70.58,Very Good,autumn,70.58,Very Good,autumn,70.58,Very Good,74.72,81.2,3.0,2.5,5.0,4.0,1.45,10.074119999999999,6.73872,10.1,5.6,35.3,35.3,0.0,2.1,2.9,4.5
2010-10-28,77.25,Very Good,autumn,77.25,Very Good,autumn,77.25,Very Good,74.68,79.7,3.0,2.5,5.0,4.0,4.85,11.725000000000001,7.9,12.3,7.2,37.5,37.5,0.0,1.9,9.7,0.0
2010-10-29,81.8,Excellent,autumn,81.8,Excellent,autumn,81.8,Excellent,76.54,78.69,3.5,3.0,5.0,4.0,4.85,15.022319999999999,9.70016,16.7,9.6,37.4,37.4,0.0,1.9,9.7,0.6
2010-10-30,81.21,Excellent,autumn,81.21,Excellent,autumn,81.21,Excellent,80.09,78.57,3.5,3.0,5.0,4.0,4.55,16.04032,11.316479999999999,17.8,11.7,43.6,43.6,0.0,1.7,9.1,2.0
2010-10-31,74.74,Very Good,autumn,74.74,Very Good,autumn,74.74,Very Good,79.25,77.02,3.5,3.0,5.0,4.0,1.25,15.6728,11.6208,17.0,12.0,52.6,52.6,0.0,2.0,2.5,4.0
2010-11-01,80.17,Excellent,autumn,80.17,Excellent,autumn,80.17,Excellent,78.71,77.42,3.5,3.0,5.0,3.5,4.55,15.42164,11.13288,16.7,11.4,52.3,52.3,0.0,3.1,9.1,0.8
2010-11-02,75.07,Very Good,autumn,75.07,Very Good,autumn,75.07,Very Good,76.66,77.26,3.0,2.5,5.0,3.0,4.8,9.41184,6.324,9.2,5.0,33.8,33.8,0.0,3.8,9.6,0.1
2010-11-03,76.66,Very Good,autumn,76.66,Very Good,autumn,76.66,Very Good,77.3,78.13,3.0,2.5,5.0,4.0,4.55,12.109119999999999,7.72864,12.6,7.2,52.8,52.8,0.0,2.1,9.1,2.9
2010-11-04,80.03,Excellent,autumn,80.03,Excellent,autumn,80.03,Excellent,77.25,78.53,3.5,3.0,5.0,4.0,3.95,15.1984,10.51984,16.0,10.6,66.6,66.6,0.0,2.4,7.9,1.8
2010-11-05,74.45,Very Good,autumn,74.45,Very Good,autumn,74.45,Very Good,77.05,77.48,3.5,3.0,5.0,4.0,1.1,14.69404,11.104479999999999,15.1,11.2,80.1,80.1,0.0,2.0,2.2,2.3
2010-11-06,72.29,Very Good,autumn,72.29,Very Good,autumn,72.29,Very Good,75.59,76.2,3.5,3.0,5.0,4.0,0.0,14.475520000000001,12.517479999999999,14.8,12.7,83.1,83.1,0.0,2.0,0.0,10.0
2010-11-07,70.92,Very Good,autumn,70.92,Very Good,autumn,70.92,Very Good,72.55,75.66,3.5,3.0,4.8,4.0,0.0,13.8528,12.0608,14.3,12.3,74.0,74.0,2.0,1.8,0.0,10.0
2010-11-08,66.39,Good,autumn,66.39,Good,autumn,66.39,Good,69.87,73.69,3.0,2.5,4.95,3.0,0.55,11.19,7.45,11.4,7.0,62.5,62.5,0.5,5.3,1.1,8.4
2010-11-09,71.82,Very Good,autumn,71.82,Very Good,autumn,71.82,Very Good,69.71,73.22,2.5,2.5,5.0,3.0,4.35,7.3148,4.55288,6.5,2.9,41.8,41.8,0.0,5.3,8.7,1.1
2010-11-10,77.05,Very Good,autumn,77.05,Very Good,autumn,77.05,Very Good,71.75,73.28,3.0,2.5,5.0,4.0,4.75,9.32356,5.56556,9.1,4.1,37.9,37.9,0.0,1.9,9.5,0.0
2010-11-11,74.23,Very Good,autumn,74.23,Very Good,autumn,74.18,Very Good,74.37,72.45,3.5,3.0,4.9,3.0,2.4,14.0086,9.4498,15.1,9.3,46.5,46.5,1.0,4.2,4.8,4.9
2010-11-12,75.86,Very Good,autumn,75.86,Very Good,autumn,75.77,Very Good,75.71,72.65,3.0,3.0,4.96,3.5,3.7,12.1632,9.0848,12.6,8.9,58.0,58.0,0.4,3.4,7.4,3.0
2010-11-13,78.99,Very Good,autumn,78.99,Very Good,autumn,78.84,Very Good,76.36,73.61,3.5,3.0,5.0,3.5,3.95,16.112399999999997,10.9086,17.4,11.1,56.5,56.5,0.0,3.3,7.9,4.8
2010-11-14,71.34,Very Good,autumn,71.34,Very Good,autumn,71.11,Very Good,75.4,73.67,3.0,2.5,5.0,3.0,2.9,11.82304,6.80968,12.4,5.8,39.9,39.9,0.0,3.5,5.8,5.1
2010-11-15,71.46,Very Good,autumn,71.46,Very Good,autumn,71.11,Very Good,73.93,74.39,2.5,2.0,5.0,3.5,4.75,6.3347999999999995,3.5671999999999997,5.1,1.4,37.0,37.0,0.0,2.9,9.5,0.4
2010-11-16,73.66,Very Good,autumn,73.66,Very Good,autumn,73.35,Very Good,72.15,74.66,3.0,2.5,5.0,3.5,3.55,9.018880000000001,4.84912,8.8,3.7,54.4,54.4,0.0,2.6,7.1,3.9
2010-11-17,71.66,Very Good,autumn,71.66,Very Good,autumn,71.54,Very Good,72.26,73.89,3.0,2.5,5.0,4.0,2.0,11.10448,7.0264,11.3,6.5,62.4,62.4,0.0,2.0,4.0,4.1
2010-11-18,76.46,Very Good,autumn,76.46,Very Good,autumn,76.09,Very Good,73.93,74.2,3.0,2.5,5.0,4.0,4.45,11.648,7.116,12.0,6.5,56.0,56.0,0.0,1.8,8.9,0.0
2010-11-19,68.72,Good,autumn,68.72,Good,autumn,68.73,Good,72.28,73.18,3.0,2.5,5.0,4.0,0.5,10.75636,6.55436,10.9,5.9,60.1,60.1,0.0,1.9,1.0,3.4
2010-11-20,73.15,Very Good,autumn,73.15,Very Good,autumn,73.1,Very Good,72.78,72.35,3.0,3.0,5.0,4.0,1.65,12.83016,8.25196,13.4,7.9,58.1,58.1,0.0,2.5,3.3,3.8
2010-11-21,76.84,Very Good,autumn,76.84,Very Good,autumn,76.42,Very Good,72.9,73.14,3.5,3.0,5.0,3.5,2.85,14.80256,10.8576,15.6,11.0,64.4,64.4,0.0,3.0,5.7,3.9
2010-11-22,70.85,Very Good,autumn,70.85,Very Good,autumn,70.1,Very Good,73.61,73.05,3.0,2.5,4.5,3.0,4.4,12.499839999999999,6.9356800000000005,13.1,6.2,51.6,51.6,5.0,3.8,8.8,2.1
2010-11-23,76.27,Very Good,autumn,76.27,Very Good,autumn,75.68,Very Good,74.65,73.42,3.0,2.5,5.0,4.0,4.35,12.18288,6.803640000000001,12.8,5.9,44.9,44.9,0.0,1.9,8.7,1.4
2010-11-24,70.68,Very Good,autumn,70.38,Very Good,winter,70.53,Very Good,72.5,73.24,3.0,2.5,5.0,4.0,1.5,10.593879999999999,6.86092,10.7,6.3,62.1,62.1,0.0,1.8,3.0,4.4
2010-11-25,72.86,Very Good,autumn,71.27,Very Good,winter,72.0,Very Good,72.64,72.5,2.5,2.5,5.0,3.5,4.35,6.865959999999999,4.45516,6.1,3.1,50.9,50.9,0.0,3.2,8.7,1.5
2010-11-26,71.32,Very Good,autumn,70.01,Very Good,winter,70.57,Very Good,70.55,72.68,2.5,2.0,5.0,4.0,4.15,6.131,2.992,4.7,0.4,32.5,32.5,0.0,2.4,8.3,0.5
2010-11-27,65.05,Good,autumn,63.89,Good,winter,64.34,Good,68.39,71.36,3.0,2.0,4.9,3.0,1.15,9.289719999999999,3.13396,9.1,1.3,47.3,47.3,1.0,4.2,2.3,5.9
2010-11-28,67.52,Good,autumn,65.91,Good,winter,66.49,Good,66.6,69.8,2.0,2.0,4.9,3.5,4.3,3.7728,1.2040800000000005,2.0,-1.3,44.6,44.6,1.0,3.0,8.6,3.5
2010-11-29,75.97,Very Good,autumn,74.75,Very Good,winter,75.15,Very Good,68.18,70.35,3.0,2.5,5.0,4.0,4.2,8.13968,4.24992,7.8,3.2,61.4,61.4,0.0,1.9,8.4,3.0
2010-11-30,68.62,Good,autumn,68.68,Good,winter,68.66,Good,69.78,69.27,3.0,2.5,5.0,4.0,0.45,12.251,7.56892,12.5,7.3,75.1,75.1,0.0,1.7,0.9,4.8
2010-12-01,69.49,Good,winter,69.49,Good,winter,69.52,Good,70.97,69.14,3.0,2.5,5.0,4.0,0.95,10.37024,7.40832,10.4,7.2,81.4,81.4,0.0,2.2,1.9,4.6
2010-12-02,72.99,Very Good,winter,72.99,Very Good,winter,73.1,Very Good,70.39,69.39,3.5,3.0,4.97,3.5,1.25,13.08,9.56,13.5,9.5,70.0,70.0,0.3,3.0,0.0,7.5
2010-12-03,68.15,Good,winter,68.15,Good,winter,68.5,Good,70.21,69.12,3.0,2.0,5.0,3.0,3.4,8.23296,1.968,7.8,0.0,50.8,50.8,0.0,5.1,6.8,2.1
2010-12-04,62.96,Good,winter,62.96,Good,winter,63.04,Good,68.03,68.99,2.5,2.0,5.0,3.5,0.7,5.914,3.2172400000000003,5.0,1.7,54.3,54.3,0.0,2.7,1.4,5.6
2010-12-05,70.42,Very Good,winter,70.42,Very Good,winter,70.38,Very Good,67.18,69.63,3.0,3.0,5.0,4.0,0.05,10.611239999999999,8.428239999999999,10.7,8.2,68.3,68.3,0.0,1.8,0.1,8.4
2010-12-06,69.89,Good,winter,69.89,Good,winter,70.01,Very Good,67.76,68.94,3.0,2.5,5.0,3.0,3.0,10.167119999999999,4.1508,10.2,3.0,58.9,58.9,0.0,4.0,6.0,4.6
2010-12-07,70.17,Very Good,winter,70.17,Very Good,winter,70.22,Very Good,70.16,69.15,2.5,2.0,5.0,4.0,4.25,5.952159999999999,1.9792800000000004,4.6,-0.7,37.4,37.4,0.0,2.4,8.5,3.1
2010-12-08,60.46,Good,winter,60.46,Good,winter,60.46,Good,66.84,67.86,2.0,2.0,4.75,4.0,0.5999999999999996,3.0268,1.4176000000000002,2.2,0.4,73.5,73.5,2.5,2.4,0.0,8.8
2010-12-09,68.23,Good,winter,68.23,Good,winter,68.23,Good,66.29,67.18,2.0,2.0,5.0,4.0,4.45,3.64596,0.26264000000000043,2.3,-1.8,56.3,56.3,0.0,2.3,8.9,0.3
2010-12-10,64.59,Good,winter,64.59,Good,winter,64.59,Good,64.43,66.67,3.0,2.5,4.85,3.0,0.3,10.083919999999999,4.0416799999999995,10.1,2.9,59.8,59.8,1.5,4.2,0.6,6.9
2010-12-11,65.11,Good,winter,65.11,Good,winter,65.11,Good,65.98,66.98,2.5,1.5,5.0,3.0,4.4,7.513120000000001,-0.17359999999999998,6.7,-3.5,38.4,38.4,0.0,4.4,8.8,1.5
2010-12-12,66.44,Good,winter,66.44,Good,winter,66.44,Good,65.38,66.41,2.5,2.0,5.0,3.0,3.75,5.42872,1.8732799999999996,3.7,-1.2,31.4,31.4,0.0,3.5,7.5,4.9
2010-12-13,65.84,Good,winter,65.84,Good,winter,65.84,Good,65.8,65.83,2.5,2.5,5.0,4.0,0.1,7.06564,5.25988,6.1,3.7,38.1,38.1,0.0,2.4,0.2,9.5
2010-12-14,61.46,Good,winter,61.46,Good,winter,61.46,Good,64.58,64.59,2.0,1.5,5.0,3.0,3.55,3.6597599999999995,-0.8248000000000002,1.8,-4.0,43.3,43.3,0.0,4.7,7.1,2.3
2010-12-15,58.18,Acceptable,winter,58.18,Acceptable,winter,58.18,Acceptable,61.83,64.26,1.5,1.0,5.0,3.0,4.4,-2.995759999999999,-5.399599999999999,-7.3,-10.5,37.8,37.8,0.0,3.9,8.8,0.0
2010-12-16,62.44,Good,winter,62.44,Good,winter,62.44,Good,60.69,63.44,1.5,1.5,5.0,4.0,3.75,-1.0600399999999999,-3.883880000000001,-4.1,-7.7,46.1,46.1,0.0,2.0,7.5,3.1
2010-12-17,58.9,Acceptable,winter,58.9,Acceptable,winter,58.9,Acceptable,59.84,62.62,2.0,1.5,4.86,3.5,1.6,3.3548,-0.8658000000000001,2.6,-2.1,74.5,74.5,1.4,3.0,3.2,5.9
2010-12-18,68.39,Good,winter,68.39,Good,winter,68.39,Good,63.24,63.09,2.5,2.0,5.0,3.5,4.05,5.9719999999999995,2.02456,5.0,0.1,51.4,51.4,0.0,2.7,8.1,0.1
2010-12-19,69.0,Good,winter,69.0,Good,winter,69.0,Good,65.43,63.46,3.0,2.5,4.96,4.0,0.7999999999999998,8.51828,5.55484,8.3,4.9,67.9,67.9,0.4,2.5,0.0,8.4
2010-12-20,72.89,Very Good,winter,72.89,Very Good,winter,72.89,Very Good,70.09,64.47,3.0,2.5,5.0,4.0,3.05,8.939200000000001,4.7844,8.8,4.1,71.0,71.0,0.0,1.8,6.1,3.1
2010-12-21,73.46,Very Good,winter,73.46,Very Good,winter,73.46,Very Good,71.78,66.18,3.0,2.5,5.0,4.0,3.4,10.637120000000001,5.93836,10.8,4.9,49.1,49.1,0.0,1.9,6.8,5.1
2010-12-22,74.43,Very Good,winter,74.43,Very Good,winter,74.43,Very Good,73.59,68.5,3.0,2.5,5.0,4.0,4.0,8.56112,4.9216,8.3,4.0,61.6,61.6,0.0,1.7,8.0,2.1
2010-12-23,61.67,Good,winter,61.67,Good,winter,61.67,Good,69.85,68.39,2.5,2.0,5.0,3.0,0.8,5.556,0.38480000000000025,4.5,-1.9,52.0,52.0,0.0,4.0,1.6,4.3
2010-12-24,55.91,Acceptable,winter,55.91,Acceptable,winter,55.91,Acceptable,64.0,67.96,1.0,1.0,5.0,3.0,4.4,-4.143599999999999,-6.60012,-9.0,-12.3,36.1,36.1,0.0,4.4,8.8,0.0
2010-12-25,58.18,Acceptable,winter,58.18,Acceptable,winter,58.18,Acceptable,58.59,66.51,1.5,1.0,5.0,3.0,4.4,-2.7254000000000005,-6.154399999999999,-6.7,-11.2,40.5,40.5,0.0,4.4,8.8,0.3
2010-12-26,58.34,Acceptable,winter,58.34,Acceptable,winter,58.34,Acceptable,57.48,64.98,1.5,1.0,5.0,3.5,3.6,-1.9531599999999996,-5.277880000000001,-5.1,-9.3,47.9,47.9,0.0,2.8,7.2,1.8
2010-12-27,57.94,Acceptable,winter,57.94,Acceptable,winter,57.94,Acceptable,58.15,62.85,1.5,1.5,4.98,4.0,1.05,-0.75932,-3.24908,-2.1,-4.9,72.3,72.3,0.2,2.3,2.1,5.8
2010-12-28,56.32,Acceptable,winter,56.32,Acceptable,winter,56.32,Acceptable,57.53,60.4,2.0,1.5,4.4,3.5,1.75,0.6756800000000003,-1.6323199999999998,-0.1,-2.6,80.8,80.8,6.0,2.7,0.0,6.5
2010-12-29,65.13,Good,winter,65.13,Good,winter,65.13,Good,59.8,59.07,2.0,1.5,4.99,4.0,4.05,0.058640000000000025,-2.8991199999999995,-2.1,-5.7,55.4,55.4,0.1,2.2,8.1,2.9
2010-12-30,53.8,Acceptable,winter,53.8,Acceptable,winter,53.8,Acceptable,58.42,57.95,1.5,1.0,4.63,3.0,3.1,-1.9897600000000004,-4.193759999999999,-3.6,-6.1,70.4,70.4,3.7,3.8,6.2,5.1
2010-12-31,59.56,Acceptable,winter,59.56,Acceptable,winter,59.56,Acceptable,59.5,58.47,1.5,1.0,5.0,3.5,4.35,-3.4330399999999996,-5.506039999999999,-6.2,-8.7,57.3,57.3,0.0,3.1,8.7,1.6
2011-01-01,61.1,Good,winter,61.1,Good,winter,61.1,Good,58.15,58.88,1.5,1.0,5.0,4.0,4.4,-0.8876,-4.1792,-2.9,-6.8,61.0,61.0,0.0,1.9,8.8,3.1
2011-01-02,65.84,Good,winter,65.84,Good,winter,65.84,Good,62.17,59.96,2.0,1.5,5.0,4.0,4.45,0.48895999999999984,-3.0776800000000004,-1.2,-5.4,62.3,62.3,0.0,1.9,8.9,0.0
2011-01-03,64.38,Good,winter,64.38,Good,winter,64.38,Good,63.77,60.88,2.0,1.5,5.0,4.0,3.55,1.08432,-2.5511999999999997,-0.3,-4.5,66.4,66.4,0.0,2.1,7.1,3.6
2011-01-04,56.85,Acceptable,winter,56.85,Acceptable,winter,56.85,Acceptable,62.36,60.95,1.5,1.5,5.0,4.0,0.3,-0.1275200000000003,-2.03184,-1.7,-3.9,66.4,66.4,0.0,2.2,0.6,5.8
2011-01-05,57.49,Acceptable,winter,57.49,Acceptable,winter,57.49,Acceptable,59.57,59.86,1.5,1.5,5.0,3.0,2.5,-0.04887999999999981,-1.9223999999999997,-1.8,-4.0,62.9,62.9,0.0,3.8,5.0,5.5
2011-01-06,59.8,Acceptable,winter,59.8,Acceptable,winter,59.8,Acceptable,58.05,60.72,1.5,1.0,5.0,3.5,4.5,-1.8843999999999999,-4.3264,-4.6,-7.6,53.5,53.5,0.0,2.9,9.0,0.0
2011-01-07,63.73,Good,winter,63.73,Good,winter,63.73,Good,60.34,61.31,1.5,1.5,5.0,4.0,4.55,-0.25807999999999964,-3.5183999999999997,-2.9,-7.0,48.8,48.8,0.0,2.1,9.1,0.0
2011-01-08,59.8,Acceptable,winter,59.8,Acceptable,winter,59.8,Acceptable,61.11,61.13,2.0,1.5,4.98,4.0,0.8,1.37116,-1.8537600000000003,0.1,-3.6,67.9,67.9,0.2,2.5,1.6,7.5
2011-01-09,62.92,Good,winter,62.92,Good,winter,62.92,Good,62.15,60.71,2.0,1.5,5.0,3.0,4.45,1.65288,-3.7767999999999997,-0.3,-7.0,52.6,52.6,0.0,4.1,8.9,1.9
2011-01-10,60.45,Good,winter,60.45,Good,winter,60.45,Good,61.06,60.15,1.5,1.0,5.0,4.0,4.0,-1.3295999999999992,-4.123199999999999,-4.6,-8.2,44.0,44.0,0.0,2.4,8.0,3.1
2011-01-11,56.73,Acceptable,winter,56.73,Acceptable,winter,56.73,Acceptable,60.03,60.13,1.5,1.5,4.81,4.0,0.9500000000000002,-1.1912399999999999,-3.57048,-2.7,-5.4,70.3,70.3,1.9,2.5,0.0,8.1
2011-01-12,59.88,Acceptable,winter,59.88,Acceptable,winter,59.88,Acceptable,59.02,60.47,1.5,1.0,5.0,3.5,4.55,-1.5981599999999996,-4.166879999999999,-4.9,-8.2,44.6,44.6,0.0,3.4,9.1,0.0
2011-01-13,65.11,Good,winter,65.11,Good,winter,65.11,Good,60.57,61.23,2.0,1.5,5.0,4.0,4.0,1.6472000000000002,-2.5292,-0.6,-5.9,47.0,47.0,0.0,1.8,8.0,1.6
2011-01-14,58.68,Acceptable,winter,58.68,Acceptable,winter,58.68,Acceptable,61.22,60.51,2.0,1.5,4.89,3.5,1.35,1.8869200000000002,-1.5423199999999992,0.3,-3.8,59.1,59.1,1.1,3.4,2.7,7.5
2011-01-15,58.02,Acceptable,winter,58.02,Acceptable,winter,58.02,Acceptable,60.6,60.26,1.5,1.0,5.0,3.0,4.3,-2.8440000000000003,-6.871999999999999,-6.9,-12.2,40.0,40.0,0.0,4.9,8.6,0.9
2011-01-16,52.91,Acceptable,winter,52.91,Acceptable,winter,52.91,Acceptable,56.54,58.83,1.0,0.0,5.0,3.5,4.6,-6.179119999999999,-9.1492,-10.7,-14.5,45.4,45.4,0.0,3.4,9.2,0.0
2011-01-17,61.42,Good,winter,61.42,Good,winter,61.42,Good,57.45,58.96,1.5,1.0,5.0,4.0,4.6,-1.8281599999999996,-5.74424,-4.8,-9.7,49.8,49.8,0.0,2.4,9.2,0.0
2011-01-18,62.52,Good,winter,62.52,Good,winter,62.52,Good,58.95,59.79,1.5,1.5,5.0,4.0,3.8,-0.10411999999999999,-3.2865200000000003,-2.7,-6.7,48.9,48.9,0.0,2.2,7.6,2.8
2011-01-19,62.19,Good,winter,62.19,Good,winter,62.19,Good,62.04,60.12,1.5,1.5,5.0,3.5,4.5,-0.36992,-3.040959999999999,-3.2,-6.6,46.4,46.4,0.0,2.7,9.0,1.8
2011-01-20,59.88,Acceptable,winter,59.88,Acceptable,winter,59.88,Acceptable,61.53,59.37,1.5,1.0,5.0,3.5,4.55,-1.38368,-4.094079999999999,-4.7,-8.2,43.6,43.6,0.0,2.7,9.1,0.6
2011-01-21,63.16,Good,winter,63.16,Good,winter,63.16,Good,61.74,60.01,1.5,1.5,5.0,4.0,4.2,-0.26431999999999967,-3.0636799999999993,-3.2,-6.8,44.4,44.4,0.0,2.5,8.4,3.0
2011-01-22,62.35,Good,winter,62.35,Good,winter,62.35,Good,61.8,60.63,2.0,1.5,4.96,4.0,2.45,0.9366400000000001,-2.0005599999999992,-0.8,-4.3,59.8,59.8,0.4,2.5,4.9,5.0
2011-01-23,51.81,Acceptable,winter,51.81,Acceptable,winter,51.81,Acceptable,59.11,60.48,1.5,1.5,4.47,3.5,0.1,-0.7690000000000001,-2.9049999999999994,-2.1,-4.5,72.5,72.5,5.3,2.6,0.2,8.5
2011-01-24,59.64,Acceptable,winter,59.64,Acceptable,winter,59.64,Acceptable,57.93,60.22,1.5,1.0,5.0,3.5,4.4,-3.3225599999999997,-5.8521600000000005,-5.8,-8.8,60.8,60.8,0.0,3.1,8.8,1.6
2011-01-25,59.31,Acceptable,winter,59.31,Acceptable,winter,59.31,Acceptable,56.92,59.76,1.5,1.0,5.0,3.5,4.2,-2.10176,-5.46336,-4.4,-8.4,60.1,60.1,0.0,2.6,8.4,0.5
2011-01-26,59.96,Acceptable,winter,59.96,Acceptable,winter,59.96,Acceptable,59.64,59.44,1.5,1.0,5.0,3.5,4.6,-2.2512000000000003,-4.911,-5.2,-8.5,51.5,51.5,0.0,3.2,9.2,0.3
2011-01-27,60.04,Good,winter,60.04,Good,winter,60.04,Good,59.77,59.47,1.5,1.0,5.0,3.5,4.65,-2.39044,-4.9158800000000005,-5.7,-8.9,47.3,47.3,0.0,2.8,9.3,2.5
2011-01-28,60.33,Good,winter,60.33,Good,winter,60.33,Good,60.11,59.06,1.5,1.5,5.0,3.5,3.35,-1.0567599999999997,-3.840280000000001,-4.3,-7.9,43.3,43.3,0.0,2.8,6.7,4.4
2011-01-29,57.77,Acceptable,winter,57.77,Acceptable,winter,57.77,Acceptable,59.38,58.41,1.5,1.0,5.0,3.0,4.15,-1.9722000000000004,-4.75284,-5.5,-9.1,43.1,43.1,0.0,3.7,8.3,1.8
2011-01-30,58.74,Acceptable,winter,58.74,Acceptable,winter,58.74,Acceptable,58.95,59.4,1.5,1.0,5.0,3.0,4.75,-2.1518,-5.5573999999999995,-5.7,-10.1,43.5,43.5,0.0,3.7,9.5,0.1
2011-01-31,62.92,Good,winter,62.92,Good,winter,62.92,Good,59.81,59.87,2.0,1.5,5.0,4.0,2.65,0.017200000000000326,-3.7052,-1.8,-6.2,61.5,61.5,0.0,1.9,5.3,3.4
2011-02-01,70.01,Very Good,winter,70.01,Very Good,winter,70.01,Very Good,63.89,61.4,2.5,2.0,5.0,4.0,4.15,5.64,1.1056,5.0,-0.2,68.0,68.0,0.0,1.9,8.3,3.9
2011-02-02,71.64,Very Good,winter,71.64,Very Good,winter,71.64,Very Good,68.19,63.06,2.5,2.0,5.0,4.5,4.25,7.4692,2.66068,7.0,1.3,60.9,60.9,0.0,1.6,8.5,2.8
2011-02-03,65.64,Good,winter,65.64,Good,winter,65.64,Good,69.1,63.86,2.5,2.0,5.0,4.5,0.55,5.391640000000001,2.3194,4.9,1.5,75.9,75.9,0.0,1.4,1.1,7.8
2011-02-04,64.83,Good,winter,64.83,Good,winter,64.83,Good,67.37,64.51,2.5,2.0,5.0,4.0,0.9500000000000002,4.0771999999999995,1.98144,3.5,1.2,77.8,77.8,0.0,2.0,0.0,8.1
2011-02-05,66.94,Good,winter,66.94,Good,winter,66.94,Good,65.8,65.82,2.5,2.0,5.0,4.0,2.25,5.9878,2.0647599999999997,5.5,1.1,72.9,72.9,0.0,1.8,4.5,6.4
2011-02-06,64.99,Good,winter,64.99,Good,winter,64.99,Good,65.59,66.71,2.0,2.0,5.0,4.5,1.5499999999999998,3.41832,1.25448,2.7,0.3,75.4,75.4,0.0,1.6,0.0,6.9
2011-02-07,64.99,Good,winter,64.99,Good,winter,64.99,Good,65.64,67.01,2.5,2.0,5.0,4.0,1.05,5.04448,1.71232,4.2,0.3,63.6,63.6,0.0,1.8,2.1,5.0
2011-02-08,74.02,Very Good,winter,74.02,Very Good,winter,74.02,Very Good,68.0,67.58,3.0,2.5,5.0,4.0,3.75,8.8306,4.46484,8.5,2.9,44.9,44.9,0.0,2.2,7.5,5.6
2011-02-09,66.45,Good,winter,66.45,Good,winter,66.45,Good,68.49,66.84,2.0,2.0,5.0,3.5,4.25,3.7906,1.1967999999999994,2.1,-1.2,46.5,46.5,0.0,3.4,8.5,1.9
2011-02-10,66.77,Good,winter,66.77,Good,winter,66.77,Good,69.08,67.0,2.5,2.0,5.0,4.0,2.15,4.598,1.0459999999999998,2.7,-2.1,35.0,35.0,0.0,2.2,4.3,3.9
2011-02-11,66.93,Good,winter,66.93,Good,winter,66.93,Good,66.72,67.3,2.0,2.0,5.0,3.5,4.55,3.7024,0.09280000000000044,1.8,-2.9,42.0,42.0,0.0,3.1,9.1,0.8
2011-02-12,64.62,Good,winter,64.62,Good,winter,64.62,Good,66.11,66.97,2.0,1.5,5.0,3.5,4.6,0.8904000000000007,-2.2748,-1.8,-5.9,43.0,43.0,0.0,3.4,9.2,0.0
2011-02-13,63.57,Good,winter,63.57,Good,winter,63.57,Good,65.04,66.76,2.0,1.5,5.0,4.0,3.05,2.2683999999999997,-1.2183999999999995,-0.2,-4.8,39.5,39.5,0.0,2.2,6.1,4.1
2011-02-14,63.25,Good,winter,63.25,Good,winter,63.25,Good,63.81,66.52,2.0,1.5,5.0,4.0,2.8500000000000005,1.9828,-0.5324,-0.2,-3.4,46.5,46.5,0.0,1.9,0.0,4.3
2011-02-15,71.07,Very Good,winter,71.07,Very Good,winter,71.07,Very Good,65.96,66.09,2.5,2.0,5.0,4.0,4.8,4.2603599999999995,0.4608800000000002,2.9,-1.8,52.1,52.1,0.0,2.4,9.6,0.0
2011-02-16,66.77,Good,winter,66.77,Good,winter,66.77,Good,67.03,66.14,2.5,2.0,5.0,4.0,2.15,5.3145999999999995,1.2868,4.3,-0.6,55.5,55.5,0.0,1.8,4.3,5.8
2011-02-17,67.2,Good,winter,67.2,Good,winter,67.2,Good,68.35,66.2,2.5,2.0,4.99,4.0,2.45,5.5056,2.2832,4.7,0.9,62.0,62.0,0.1,2.5,4.9,5.0
2011-02-18,71.07,Very Good,winter,71.07,Very Good,winter,71.07,Very Good,68.35,66.79,2.5,2.0,5.0,4.0,4.8,7.8238,3.2296000000000005,7.3,1.6,51.5,51.5,0.0,2.2,9.6,0.1
2011-02-19,70.01,Very Good,winter,70.01,Very Good,winter,70.01,Very Good,69.43,67.56,2.5,2.0,5.0,4.0,4.15,7.5904,3.09248,7.0,1.4,50.8,50.8,0.0,2.2,8.3,3.4
2011-02-20,74.43,Very Good,winter,74.43,Very Good,winter,74.43,Very Good,71.84,69.11,3.0,2.5,5.0,3.5,4.9,12.17168,6.35468,12.8,5.3,43.9,43.9,0.0,2.7,9.8,1.8
2011-02-21,74.51,Very Good,winter,74.51,Very Good,winter,74.51,Very Good,72.98,70.72,3.0,2.5,5.0,3.5,4.95,11.7802,7.0588,12.3,6.2,43.5,43.5,0.0,2.9,9.9,0.9
2011-02-22,75.64,Very Good,winter,75.64,Very Good,winter,75.64,Very Good,74.86,71.38,3.0,2.5,5.0,4.0,4.75,12.3772,6.98888,13.0,6.2,48.1,48.1,0.0,1.9,9.5,0.5
2011-02-23,75.81,Very Good,winter,75.81,Very Good,winter,75.81,Very Good,75.32,72.67,3.0,2.5,5.0,4.0,4.85,11.6168,6.44304,12.0,5.6,52.1,52.1,0.0,2.3,9.7,0.9
2011-02-24,72.49,Very Good,winter,72.49,Very Good,winter,72.49,Very Good,74.65,73.42,3.0,2.5,5.0,4.0,2.8,10.4148,6.7645599999999995,10.5,6.1,57.4,57.4,0.0,2.5,5.6,4.9
2011-02-25,67.09,Good,winter,67.09,Good,winter,67.09,Good,71.8,72.85,2.5,2.0,5.0,3.0,4.15,7.14508,3.8272,6.3,2.0,42.9,42.9,0.0,3.5,8.3,3.3
2011-02-26,72.89,Very Good,winter,72.89,Very Good,winter,72.89,Very Good,70.82,73.27,3.0,2.5,5.0,3.5,3.95,12.38208,7.17128,13.2,6.2,36.1,36.1,0.0,3.2,7.9,4.9
2011-02-27,43.8,Marginal,winter,43.8,Marginal,winter,43.8,Marginal,61.26,68.89,2.5,2.5,2.15,2.5,0.0,7.55808,4.55264,7.4,4.2,84.8,84.8,28.5,6.2,0.0,10.0
2011-02-28,60.14,Good,winter,60.14,Good,winter,60.14,Good,58.94,66.84,2.5,2.0,4.95,3.0,0.04999999999999982,5.3449599999999995,3.55456,4.8,2.8,73.8,73.8,0.5,4.7,0.0,9.9
2011-03-01,59.36,Acceptable,spring,60.82,Good,winter,60.82,Good,54.92,64.72,2.5,2.0,4.77,3.5,0.25,4.3426,1.469,3.7,0.5,74.5,74.5,2.3,3.3,0.5,6.6
2011-03-02,67.7,Good,spring,66.2,Good,winter,66.2,Good,62.39,63.35,2.0,2.0,5.0,3.0,5.0,3.5992,0.7797999999999998,1.6,-2.1,40.5,40.5,0.0,4.2,10.6,0.6
2011-03-03,71.59,Very Good,spring,69.93,Good,winter,69.93,Good,65.65,62.98,2.5,2.0,5.0,3.5,5.0,4.222,0.6781600000000001,2.5,-2.1,42.6,42.6,0.0,3.4,10.6,0.3
2011-03-04,71.59,Very Good,spring,69.93,Good,winter,69.93,Good,68.69,63.39,2.5,2.0,5.0,3.5,5.0,6.7904,2.0562400000000003,6.0,0.1,50.6,50.6,0.0,2.8,10.6,0.0
2011-03-05,66.74,Good,spring,67.02,Good,winter,67.02,Good,68.96,62.55,2.5,2.0,5.0,4.0,2.3,7.2032,3.0953999999999997,6.8,2.1,68.5,68.5,0.0,2.3,4.6,4.4
2011-03-06,66.74,Good,spring,68.03,Good,winter,68.03,Good,68.33,66.01,2.5,2.5,5.0,4.0,1.45,7.724480000000001,4.22368,7.4,3.4,68.8,68.8,0.0,2.4,2.9,7.0
2011-03-07,70.28,Very Good,spring,68.47,Good,winter,68.47,Good,67.84,67.2,2.5,2.0,5.0,3.0,5.0,6.72232,3.44464,5.8,1.6,45.1,45.1,0.0,3.9,10.5,0.1
2011-03-08,69.14,Good,spring,67.66,Good,winter,67.66,Good,68.05,68.18,2.5,2.0,5.0,3.0,4.5,7.03904,3.4547200000000005,6.2,1.6,44.8,44.8,0.0,4.3,9.0,1.0
2011-03-09,68.11,Good,spring,66.93,Good,winter,66.93,Good,67.69,68.28,2.5,2.0,5.0,3.0,4.05,5.7260800000000005,2.5206400000000007,4.4,0.2,40.8,40.8,0.0,4.3,8.1,1.5
2011-03-10,67.94,Good,spring,67.34,Good,winter,67.34,Good,67.31,67.91,2.5,2.0,5.0,3.5,3.4,5.871040000000001,3.03744,4.9,1.4,52.4,52.4,0.0,3.4,6.8,1.5
2011-03-11,76.1,Very Good,spring,74.59,Very Good,winter,74.59,Very Good,69.62,68.58,3.0,2.5,5.0,3.5,5.0,9.843200000000001,5.7664,9.8,4.6,46.0,46.0,0.0,3.2,10.2,1.3
2011-03-12,76.72,Very Good,spring,75.52,Very Good,winter,75.52,Very Good,72.48,69.79,3.0,3.0,5.0,3.0,5.0,12.6724,8.2708,13.4,7.8,46.5,46.5,0.0,3.5,10.0,2.3
2011-03-13,75.25,Very Good,spring,75.44,Very Good,winter,75.44,Very Good,75.18,70.85,3.5,3.0,5.0,3.5,2.65,15.3444,10.603399999999999,16.2,10.7,65.5,65.5,0.0,3.1,5.3,5.6
2011-03-14,66.52,Good,spring,67.79,Good,winter,67.79,Good,72.92,70.75,3.0,2.5,5.0,3.5,0.7999999999999998,10.26736,7.05904,10.3,6.7,72.8,72.8,0.0,3.1,0.0,8.4
2011-03-15,69.94,Good,spring,68.23,Good,winter,68.29,Good,70.49,70.83,2.5,2.0,5.0,3.0,4.85,6.732,3.54,5.7,1.5,40.0,40.0,0.0,5.1,9.7,3.9
2011-03-16,69.82,Good,spring,68.15,Good,winter,68.27,Good,68.06,71.01,2.5,2.0,5.0,3.0,4.8,4.98432,2.3289600000000004,3.2,-0.4,34.4,34.4,0.0,4.1,9.6,0.9
2011-03-17,71.59,Very Good,spring,69.93,Good,winter,70.11,Very Good,68.77,71.38,2.5,2.0,5.0,3.5,5.0,7.04224,3.0227199999999996,6.1,0.8,39.6,39.6,0.0,3.1,11.2,0.0
2011-03-18,74.79,Very Good,spring,73.13,Very Good,winter,73.37,Very Good,70.4,71.17,3.0,2.5,5.0,3.0,5.0,11.883,6.76124,12.5,5.7,38.3,38.3,0.0,3.5,10.5,2.9
2011-03-19,73.53,Very Good,spring,73.25,Very Good,winter,73.3,Very Good,72.1,70.85,3.0,3.0,5.0,3.0,3.6,12.93188,9.04912,13.7,8.8,48.1,48.1,0.0,3.7,7.2,8.0
2011-03-20,66.5,Good,spring,67.39,Good,winter,67.2,Good,71.26,69.7,3.0,2.5,4.5,4.0,1.55,11.20736,7.326560000000001,11.4,6.9,65.6,65.6,5.0,2.3,3.1,8.8
2011-03-21,74.84,Very Good,spring,74.71,Very Good,winter,74.74,Very Good,71.78,70.68,3.0,3.0,5.0,3.5,3.6,12.3208,8.4528,13.0,8.0,43.4,43.4,0.0,3.2,7.2,9.1
2011-03-22,72.1,Very Good,spring,70.78,Very Good,winter,71.16,Very Good,70.96,71.05,2.5,2.5,5.0,3.0,4.95,7.26844,4.25672,6.1,1.8,25.1,25.1,0.0,4.1,9.9,1.8
2011-03-23,72.21,Very Good,spring,70.86,Very Good,winter,71.29,Very Good,72.12,71.44,2.5,2.5,5.0,3.0,5.0,7.9490799999999995,4.07512,7.3,2.2,39.9,39.9,0.0,3.7,11.2,0.9
2011-03-24,65.86,Good,spring,65.24,Good,winter,65.46,Good,68.96,70.77,3.0,2.0,4.42,3.5,2.9,8.2928,3.93944,8.0,2.9,63.4,63.4,5.8,3.0,5.8,5.5
2011-03-25,70.28,Very Good,spring,68.47,Good,winter,69.18,Good,68.19,70.1,2.5,2.0,5.0,3.0,5.0,7.2854,3.95032,6.5,2.2,43.9,43.9,0.0,4.4,10.7,1.1
2011-03-26,76.1,Very Good,spring,74.59,Very Good,winter,75.24,Very Good,69.43,70.29,3.0,2.5,5.0,3.5,5.0,8.92536,5.08736,8.6,3.6,41.9,41.9,0.0,3.4,11.5,0.3
2011-03-27,70.29,Very Good,spring,70.46,Very Good,winter,70.38,Very Good,71.17,70.73,3.0,2.5,5.0,3.5,2.45,9.75484,5.9957199999999995,9.7,5.1,54.3,54.3,0.0,3.0,4.9,7.0
2011-03-28,67.55,Good,spring,67.55,Good,spring,67.9,Good,70.87,69.71,3.0,2.5,4.85,3.5,1.65,8.60416,5.812480000000001,8.4,5.2,68.1,68.1,1.5,2.9,3.3,6.9
2011-03-29,69.94,Good,spring,69.94,Good,spring,70.07,Very Good,69.32,69.59,3.0,2.5,5.0,3.5,2.3,9.2332,5.569599999999999,9.1,4.8,63.0,63.0,0.0,2.9,4.6,3.9
2011-03-30,78.22,Very Good,spring,78.22,Very Good,spring,77.5,Very Good,71.9,70.64,3.5,2.5,5.0,3.5,4.8,13.0456,7.7158,13.6,7.3,61.5,61.5,0.0,3.2,9.6,0.4
2011-03-31,80.61,Excellent,spring,80.61,Excellent,spring,80.08,Excellent,76.26,72.83,3.5,3.0,5.0,3.5,5.0,15.56512,9.345279999999999,16.8,9.2,54.6,54.6,0.0,2.8,10.5,0.4
2011-04-01,80.61,Excellent,spring,80.61,Excellent,spring,80.12,Excellent,79.81,74.57,3.5,3.0,5.0,3.5,5.0,13.8612,9.290799999999999,14.9,9.1,47.0,47.0,0.0,2.8,10.1,2.6
2011-04-02,69.54,Good,spring,69.54,Good,spring,70.16,Very Good,76.92,73.85,3.0,3.0,5.0,4.0,0.7000000000000002,12.25792,9.112960000000001,12.8,8.9,51.6,51.6,0.0,2.2,0.0,8.6
2011-04-03,79.93,Very Good,spring,79.93,Very Good,spring,79.59,Very Good,76.69,75.2,3.5,3.0,5.0,3.5,4.7,14.4198,9.67856,15.5,9.6,50.9,50.9,0.0,2.8,9.4,0.8
2011-04-04,80.61,Excellent,spring,80.61,Excellent,spring,80.27,Excellent,76.69,77.07,3.5,3.0,5.0,3.5,5.0,15.10272,10.07616,16.7,10.1,40.4,40.4,0.0,2.7,10.4,0.3
2011-04-05,80.61,Excellent,spring,80.61,Excellent,spring,80.32,Excellent,80.38,78.59,3.5,3.0,5.0,3.5,5.0,15.069400000000002,10.499799999999999,17.1,10.7,28.5,28.5,0.0,2.6,11.6,0.0
2011-04-06,75.25,Very Good,spring,75.25,Very Good,spring,75.29,Very Good,78.82,78.17,3.5,3.0,5.0,3.5,2.65,14.78104,10.43464,16.6,10.6,31.1,31.1,0.0,2.8,5.3,6.4
2011-04-07,63.68,Good,spring,63.68,Good,spring,64.02,Good,73.18,75.75,3.0,3.0,4.3,4.0,0.0,10.67004,9.61712,10.7,9.6,89.3,89.3,7.0,1.8,0.0,10.0
2011-04-08,79.24,Very Good,spring,79.24,Very Good,spring,79.14,Very Good,72.72,75.55,3.5,3.0,5.0,3.5,4.4,16.01228,11.15304,17.3,11.4,55.9,55.9,0.0,2.9,8.8,4.0
2011-04-09,80.61,Excellent,spring,80.61,Excellent,spring,80.51,Excellent,74.51,77.13,3.5,3.0,5.0,3.5,5.0,14.08,9.9184,15.0,9.9,54.0,54.0,0.0,3.0,10.2,1.3
2011-04-10,70.29,Very Good,spring,70.29,Very Good,spring,70.32,Very Good,76.71,75.76,3.5,3.0,4.85,3.0,1.45,13.6972,10.65728,14.5,10.8,55.4,55.4,1.5,3.5,2.9,7.1
2011-04-11,79.3,Very Good,spring,79.3,Very Good,spring,79.3,Very Good,76.73,75.57,3.5,3.0,5.0,3.0,5.0,13.94416,10.29216,15.4,10.4,32.6,32.6,0.0,4.1,12.1,1.3
2011-04-12,79.3,Very Good,spring,79.3,Very Good,spring,79.3,Very Good,76.3,75.38,3.5,3.0,5.0,3.0,5.0,14.1382,10.15048,15.5,10.2,38.1,38.1,0.0,3.6,11.8,0.0
2011-04-13,80.61,Excellent,spring,80.61,Excellent,spring,80.61,Excellent,79.74,76.15,3.5,3.0,5.0,3.5,5.0,15.745359999999998,11.00932,17.4,11.3,44.1,44.1,0.0,3.2,11.1,0.0
2011-04-14,80.61,Excellent,spring,80.61,Excellent,spring,80.61,Excellent,80.17,78.57,3.5,3.0,5.0,3.5,5.0,16.84288,11.86624,18.8,12.4,44.4,44.4,0.0,2.6,10.5,4.5
2011-04-15,72.81,Very Good,spring,72.81,Very Good,spring,72.81,Very Good,78.01,77.65,4.0,3.0,4.99,3.0,1.05,18.1756,11.998479999999999,19.0,12.2,77.1,77.1,0.1,3.5,2.1,7.5
2011-04-16,80.61,Excellent,spring,80.61,Excellent,spring,80.61,Excellent,78.01,77.65,3.5,3.0,5.0,3.5,5.0,15.92368,11.48092,18.4,12.1,26.3,26.3,0.0,3.2,12.1,0.0
2011-04-17,80.27,Excellent,spring,80.27,Excellent,spring,80.27,Excellent,77.9,79.07,3.5,3.0,5.0,3.5,4.85,16.713279999999997,11.5984,18.4,12.0,49.8,49.8,0.0,3.4,9.7,4.0
2011-04-18,63.43,Good,spring,63.43,Good,spring,63.43,Good,74.77,76.81,3.0,2.5,4.8,3.0,0.5499999999999998,10.61628,7.09468,10.7,6.7,70.1,70.1,2.0,3.7,0.0,8.9
2011-04-19,79.19,Very Good,spring,79.19,Very Good,spring,79.19,Very Good,74.3,76.79,3.5,3.0,5.0,3.0,4.95,14.75168,10.61312,16.2,10.8,41.6,41.6,0.0,3.6,9.9,3.4
2011-04-20,79.3,Very Good,spring,79.3,Very Good,spring,79.3,Very Good,73.97,76.6,3.5,3.0,5.0,3.0,5.0,15.420960000000001,10.95664,16.8,11.2,49.3,49.3,0.0,3.5,10.5,1.3
2011-04-21,74.74,Very Good,spring,74.74,Very Good,spring,74.74,Very Good,77.74,75.76,3.5,3.0,5.0,4.0,1.85,15.8368,12.5536,18.0,13.5,32.4,32.4,0.0,2.4,3.7,7.8
2011-04-22,58.68,Acceptable,spring,58.68,Acceptable,spring,58.68,Acceptable,70.91,73.75,3.5,3.0,3.1,3.5,0.4500000000000002,14.2102,8.97084,14.5,8.9,83.9,83.9,19.0,3.3,0.0,9.1
2011-04-23,79.3,Very Good,spring,79.3,Very Good,spring,79.3,Very Good,70.91,73.56,3.5,3.0,5.0,3.0,5.0,13.521279999999999,9.748479999999999,14.2,9.7,59.6,59.6,0.0,4.5,11.2,2.3
2011-04-24,79.3,Very Good,spring,79.3,Very Good,spring,79.3,Very Good,72.43,73.42,3.5,3.0,5.0,3.0,5.0,13.252600000000001,9.749799999999999,13.9,9.7,58.5,58.5,0.0,4.5,10.2,2.4
2011-04-25,75.31,Very Good,spring,75.31,Very Good,spring,75.31,Very Good,77.97,75.12,3.5,3.0,5.0,3.0,3.25,14.810799999999999,11.0972,15.7,11.3,61.0,61.0,0.0,4.6,6.5,7.1
2011-04-26,63.8,Good,spring,63.8,Good,spring,63.8,Good,72.8,72.92,3.0,3.0,4.75,3.0,0.0,11.2992,10.464,11.4,10.5,82.0,82.0,2.5,4.3,0.0,10.0
2011-04-27,69.82,Good,spring,69.82,Good,spring,69.82,Good,69.64,71.56,3.5,3.0,4.5,3.5,1.6,13.768239999999999,11.25608,14.2,11.4,74.3,74.3,5.0,2.9,3.2,8.4
2011-04-28,77.02,Very Good,spring,77.02,Very Good,spring,77.02,Very Good,70.21,71.89,3.5,3.0,5.0,3.0,4.0,14.3884,10.3312,15.3,10.4,57.0,57.0,0.0,3.6,8.0,4.0
2011-04-29,69.0,Good,spring,69.0,Good,spring,69.0,Good,71.95,73.36,3.5,3.0,4.6,4.0,0.4,16.63264,12.52672,18.4,13.2,47.4,47.4,4.0,2.5,0.8,8.9
2011-04-30,38.81,Unfavorable,spring,38.81,Unfavorable,spring,38.81,Unfavorable,61.61,67.58,3.5,3.0,0.0,3.5,0.0,14.48224,12.9232,14.6,13.0,93.6,93.6,69.0,3.2,0.0,10.0
2011-05-01,72.46,Very Good,spring,72.46,Very Good,spring,72.46,Very Good,60.09,66.6,3.5,3.0,5.0,3.0,2.0,15.12772,12.249,15.7,12.5,74.9,74.9,0.0,4.0,4.0,4.1
2011-05-02,85.01,Excellent,spring,85.01,Excellent,spring,85.01,Excellent,65.43,67.99,4.0,3.5,5.0,3.5,4.95,18.885279999999998,13.48768,20.7,14.2,57.6,57.6,0.0,2.8,9.9,4.5
2011-05-03,85.12,Excellent,spring,85.12,Excellent,spring,85.12,Excellent,80.86,71.03,4.0,3.5,5.0,3.5,5.0,18.229840000000003,14.114920000000001,20.6,15.3,44.1,44.1,0.0,3.1,10.5,2.0
2011-05-04,82.38,Excellent,spring,82.38,Excellent,spring,82.38,Excellent,84.17,72.83,4.0,3.5,5.0,4.5,2.65,19.038800000000002,14.519400000000001,21.8,15.9,41.5,41.5,0.0,1.5,5.3,5.5
2011-05-05,87.7,Excellent,spring,87.7,Excellent,spring,87.7,Excellent,85.07,74.35,4.5,3.5,5.0,3.5,5.0,20.18732,15.577,23.7,17.5,35.9,35.9,0.0,2.9,11.6,2.5
2011-05-06,73.86,Very Good,spring,73.86,Very Good,spring,73.86,Very Good,81.31,75.05,3.5,3.5,4.95,4.0,0.75,16.74028,14.60728,17.9,15.4,63.3,63.3,0.5,2.2,0.0,8.5
2011-05-07,78.79,Very Good,spring,78.79,Very Good,spring,78.79,Very Good,80.12,80.76,4.5,3.5,4.65,3.0,2.6,20.88432,14.1508,21.8,14.5,80.6,80.6,3.5,3.6,5.2,6.6
2011-05-08,88.33,Excellent,spring,88.33,Excellent,spring,88.33,Excellent,80.33,83.03,4.5,3.5,5.0,4.0,4.7,21.62404,16.01812,24.1,17.3,56.1,56.1,0.0,1.9,9.4,6.3
2011-05-09,72.56,Very Good,spring,72.56,Very Good,spring,72.56,Very Good,79.89,81.25,4.5,3.5,4.6,3.0,0.0,20.9824,16.95552,22.0,17.6,78.8,78.8,4.0,3.9,0.0,10.0
2011-05-10,71.08,Very Good,spring,71.08,Very Good,spring,71.08,Very Good,77.32,79.24,4.0,3.5,4.35,4.0,0.0,18.1362,16.2218,18.5,16.5,89.3,89.3,6.5,2.3,0.0,10.0
2011-05-11,64.58,Good,spring,64.58,Good,spring,64.58,Good,69.41,76.7,4.0,3.5,3.6,3.0,0.3,19.972240000000003,16.46848,21.1,17.2,74.6,74.6,14.0,4.6,0.6,7.9
2011-05-12,74.4,Very Good,spring,74.4,Very Good,spring,74.4,Very Good,70.02,74.8,4.0,3.5,5.0,3.5,0.3,18.7312,14.879199999999999,20.2,15.7,64.0,64.0,0.0,3.3,0.6,5.9
2011-05-13,83.81,Excellent,spring,83.81,Excellent,spring,83.81,Excellent,74.26,76.22,4.0,3.5,5.0,3.0,5.0,18.7556,13.7996,20.6,14.6,56.5,56.5,0.0,4.5,11.9,0.0
2011-05-14,83.81,Excellent,spring,83.81,Excellent,spring,83.81,Excellent,80.67,76.94,4.0,3.5,5.0,3.0,5.0,19.79368,15.466239999999999,22.9,17.2,39.8,39.8,0.0,4.1,11.9,0.0
2011-05-15,84.68,Excellent,spring,84.68,Excellent,spring,84.68,Excellent,84.1,76.42,4.5,3.5,5.0,3.0,4.25,20.32,15.76,22.9,17.2,50.0,50.0,0.0,4.3,8.5,3.6
2011-05-16,85.12,Excellent,spring,85.12,Excellent,spring,85.12,Excellent,84.54,78.21,4.0,3.5,5.0,3.5,5.0,19.681919999999998,15.079039999999999,22.2,16.4,48.4,48.4,0.0,3.0,12.4,1.3
2011-05-17,86.43,Excellent,spring,86.43,Excellent,spring,86.43,Excellent,85.41,80.4,4.0,3.5,5.0,4.0,5.0,19.49248,15.562,22.8,17.5,35.4,35.4,0.0,2.5,12.0,1.6
2011-05-18,85.87,Excellent,spring,85.87,Excellent,spring,85.87,Excellent,85.81,83.45,4.5,4.0,5.0,3.5,3.35,21.759439999999998,18.0178,25.4,20.5,40.9,40.9,0.0,3.4,6.7,6.6
2011-05-19,77.7,Very Good,spring,77.7,Very Good,spring,77.7,Very Good,83.33,83.92,4.5,4.0,4.96,3.0,0.45,21.44576,19.005119999999998,23.6,20.7,60.4,60.4,0.4,4.6,0.9,8.3
2011-05-20,67.18,Good,spring,67.18,Good,spring,67.18,Good,76.92,81.54,4.5,3.5,3.5,3.5,0.0,20.0716,17.194,20.5,17.5,89.8,89.8,15.0,3.0,0.0,10.0
2011-05-21,71.35,Very Good,spring,71.35,Very Good,spring,71.35,Very Good,72.08,79.76,3.5,3.5,4.8,4.0,0.04999999999999982,17.24108,14.2318,17.7,14.5,85.1,85.1,2.0,1.8,0.0,9.9
2011-05-22,87.36,Excellent,spring,87.36,Excellent,spring,87.36,Excellent,75.3,80.14,4.5,3.5,5.0,4.5,3.7,21.05496,16.06776,23.3,17.3,57.8,57.8,0.0,1.6,7.4,7.9
2011-05-23,87.94,Excellent,spring,87.94,Excellent,spring,87.94,Excellent,82.22,80.55,5.0,3.5,5.0,4.0,3.4,22.42108,17.4214,25.9,19.5,45.3,45.3,0.0,2.0,6.8,4.3
2011-05-24,93.18,Ideal,spring,93.18,Ideal,spring,93.21,Ideal,89.49,81.51,5.0,4.0,5.0,4.0,4.85,23.644,18.717,28.0,21.5,39.5,39.5,0.0,2.0,9.7,5.5
2011-05-25,83.6,Excellent,spring,83.6,Excellent,spring,83.84,Excellent,88.24,81.19,5.0,4.0,5.0,4.0,0.65,23.93392,19.723119999999998,28.2,22.7,41.4,41.4,0.0,1.7,1.3,7.8
2011-05-26,79.65,Very Good,spring,79.65,Very Good,spring,79.99,Very Good,85.48,81.47,4.5,4.0,5.0,4.0,0.05,21.0824,18.470119999999998,24.0,20.7,47.9,47.9,0.0,1.9,0.1,9.5
2011-05-27,86.49,Excellent,spring,86.49,Excellent,spring,86.71,Excellent,83.25,84.22,4.5,4.0,5.0,4.0,3.05,21.803,18.221400000000003,24.5,20.1,53.5,53.5,0.0,2.0,6.1,3.6
2011-05-28,88.89,Excellent,spring,88.89,Excellent,spring,89.05,Excellent,85.01,86.73,4.5,4.0,5.0,4.0,4.1,24.968799999999998,19.8208,28.9,22.4,48.0,48.0,0.0,1.7,8.2,3.6
2011-05-29,90.29,Ideal,spring,90.29,Ideal,spring,90.26,Ideal,88.56,87.15,4.0,4.5,5.0,4.0,5.0,26.145919999999997,20.967039999999997,31.2,24.4,40.4,40.4,0.0,2.3,11.3,0.8
2011-05-30,88.79,Excellent,spring,88.79,Excellent,spring,89.32,Excellent,89.32,87.27,5.0,4.0,5.0,3.5,3.5,23.87184,19.73328,28.1,22.7,41.6,41.6,0.0,2.6,7.0,6.9
2011-05-31,72.99,Very Good,spring,72.99,Very Good,spring,73.84,Very Good,84.02,84.39,4.5,3.5,4.25,3.5,0.55,21.8642,17.5342,23.7,18.7,66.5,66.5,7.5,2.7,1.1,9.9
2011-06-01,67.72,Good,summer,65.79,Good,spring,66.41,Good,75.86,81.84,4.5,3.5,2.85,4.0,0.55,20.52816,17.2608,21.6,18.0,76.9,76.9,21.5,2.4,1.1,9.1
2011-06-02,88.38,Excellent,summer,85.54,Excellent,spring,86.55,Excellent,74.77,82.68,5.0,4.0,5.0,4.0,1.5,23.147679999999998,18.0496,24.7,19.0,73.6,73.6,0.0,2.3,3.0,4.0
2011-06-03,89.62,Excellent,summer,87.66,Excellent,spring,88.43,Excellent,79.66,82.85,5.0,3.5,5.0,3.5,3.85,22.8464,17.812,24.8,19.0,67.0,67.0,0.0,3.4,7.7,5.0
2011-06-04,86.76,Excellent,summer,83.88,Excellent,spring,85.11,Excellent,85.69,82.13,5.0,3.5,4.95,3.0,2.9,23.24512,17.89264,24.6,18.7,76.8,76.8,0.5,3.6,5.8,7.1
2011-06-05,90.43,Ideal,summer,89.63,Excellent,spring,90.0,Ideal,87.06,82.04,4.5,4.0,5.0,3.5,5.0,24.54184,18.84416,27.1,20.4,62.6,62.6,0.0,2.8,10.6,3.5
2011-06-06,93.45,Ideal,summer,93.45,Ideal,summer,92.86,Ideal,88.99,82.71,5.0,4.0,5.0,4.0,4.45,23.5538,18.741799999999998,26.9,20.9,50.5,50.5,0.0,2.5,8.9,4.1
2011-06-07,90.87,Ideal,summer,90.87,Ideal,summer,89.93,Excellent,91.32,85.26,5.0,4.0,5.0,4.0,2.95,23.00112,18.53688,26.6,20.9,45.8,45.8,0.0,2.2,5.9,6.4
2011-06-08,87.47,Excellent,summer,87.47,Excellent,summer,86.88,Excellent,90.6,88.36,4.5,4.0,4.85,3.5,3.85,24.406,19.8784,27.5,22.0,55.8,55.8,1.5,3.0,7.7,4.9
2011-06-09,82.26,Excellent,summer,82.26,Excellent,summer,80.9,Excellent,86.87,87.89,4.5,4.0,5.0,3.5,0.25,20.872,18.516399999999997,22.0,19.4,76.5,76.5,0.0,3.2,0.5,8.6
2011-06-10,88.22,Excellent,summer,88.22,Excellent,summer,86.97,Excellent,85.98,87.97,5.0,4.5,5.0,4.0,0.3,22.664080000000002,20.09584,24.3,21.4,71.4,71.4,0.0,1.7,0.6,8.8
2011-06-11,92.33,Ideal,summer,92.33,Ideal,summer,92.08,Ideal,87.6,89.18,4.5,4.5,5.0,3.5,5.0,25.03744,20.9648,29.2,24.0,45.8,45.8,0.0,2.6,13.1,2.5
2011-06-12,86.72,Excellent,summer,86.72,Excellent,summer,86.44,Excellent,89.09,88.76,4.0,4.5,5.0,4.0,3.0,26.1196,20.693199999999997,30.2,23.4,49.5,49.5,0.0,2.2,6.0,7.0
2011-06-13,88.04,Excellent,summer,88.04,Excellent,summer,87.68,Excellent,89.03,87.99,4.5,4.0,4.95,3.5,3.8,24.86524,19.6756,26.9,21.0,69.9,69.9,0.5,3.0,7.6,5.3
2011-06-14,90.16,Ideal,summer,90.16,Ideal,summer,90.19,Ideal,88.31,87.89,4.0,4.5,5.0,4.0,5.0,26.1928,20.62912,29.5,22.8,57.6,57.6,0.0,2.4,11.4,1.9
2011-06-15,90.98,Ideal,summer,90.98,Ideal,summer,90.99,Ideal,89.73,88.39,4.0,5.0,4.9,4.0,4.75,27.59008,22.20864,31.9,25.2,50.8,50.8,1.0,2.0,9.5,3.6
2011-06-16,92.06,Ideal,summer,92.06,Ideal,summer,92.08,Ideal,91.07,89.79,4.0,5.0,5.0,4.0,5.0,27.0104,22.7578,32.0,26.5,43.3,43.3,0.0,2.1,12.7,1.3
2011-06-17,85.99,Excellent,summer,85.99,Excellent,summer,85.85,Excellent,89.68,89.47,4.0,4.5,5.0,3.5,3.1,26.4436,21.502799999999997,31.3,24.9,43.0,43.0,0.0,2.6,6.2,7.1
2011-06-18,90.18,Ideal,summer,90.18,Ideal,summer,90.07,Ideal,89.41,89.16,4.5,4.5,5.0,3.5,3.75,25.308999999999997,21.745,28.9,24.5,52.5,52.5,0.0,2.6,7.5,4.1
2011-06-19,88.56,Excellent,summer,88.56,Excellent,summer,88.58,Excellent,88.24,89.42,3.5,5.0,5.0,4.0,4.75,28.35664,23.30656,32.9,26.6,50.4,50.4,0.0,2.0,9.5,1.3
2011-06-20,91.16,Ideal,summer,91.16,Ideal,summer,91.16,Ideal,89.97,89.87,4.0,5.0,5.0,3.5,5.0,27.82,23.446,32.0,26.6,52.5,52.5,0.0,3.1,12.2,0.6
2011-06-21,89.26,Excellent,summer,89.26,Excellent,summer,89.26,Excellent,89.66,89.74,4.0,4.5,5.0,3.5,5.0,26.45616,21.83836,29.6,24.1,59.9,59.9,0.0,3.2,12.4,1.6
2011-06-22,77.41,Very Good,summer,77.41,Very Good,summer,77.41,Very Good,85.94,87.8,5.0,4.5,3.4,4.0,0.09999999999999964,23.922559999999997,21.86688,24.9,22.7,83.6,83.6,16.0,2.0,0.0,9.8
2011-06-23,59.09,Acceptable,summer,59.09,Acceptable,summer,59.09,Acceptable,75.25,83.09,5.0,4.5,0.9000000000000004,3.0,0.0,22.89036,21.630399999999998,23.3,22.0,92.3,92.3,41.0,4.6,0.0,10.0
2011-06-24,74.96,Very Good,summer,74.96,Very Good,summer,74.96,Very Good,70.49,81.52,4.5,4.0,3.95,3.5,0.0,21.084960000000002,19.26932,21.6,19.7,88.9,88.9,10.5,2.9,0.0,10.0
2011-06-25,51.76,Acceptable,summer,51.76,Acceptable,summer,51.76,Acceptable,61.94,76.03,4.0,3.5,1.2999999999999998,3.0,0.0,19.396,17.79868,20.0,18.3,84.9,84.9,37.0,4.8,0.0,10.0
2011-06-26,53.49,Acceptable,summer,53.49,Acceptable,summer,53.49,Acceptable,60.07,71.02,4.5,4.0,1.0,2.0,0.3,20.76944,18.54128,21.6,19.2,82.1,82.1,40.0,6.9,0.6,9.9
2011-06-27,70.42,Very Good,summer,70.42,Very Good,summer,70.42,Very Good,58.56,68.06,4.0,4.0,3.85,3.0,0.04999999999999982,19.9078,18.68112,20.5,19.2,85.9,85.9,11.5,4.4,0.0,9.9
2011-06-28,91.65,Ideal,summer,91.65,Ideal,summer,91.65,Ideal,71.85,68.4,4.0,5.0,4.95,4.0,4.95,27.12324,22.25572,29.7,24.1,67.3,67.3,0.5,2.0,9.9,6.9
2011-06-29,54.1,Acceptable,summer,54.1,Acceptable,summer,54.1,Acceptable,72.06,65.07,5.0,4.5,0.0,3.5,0.0,22.89036,20.6612,23.3,21.0,92.3,92.3,177.0,2.7,0.0,10.0
2011-06-30,53.72,Acceptable,summer,53.72,Acceptable,summer,53.72,Acceptable,66.49,64.3,4.0,5.0,0.40000000000000036,4.0,0.2,26.99784,23.104480000000002,27.9,23.8,87.4,87.4,46.0,2.5,0.4,9.5
2011-07-01,84.41,Excellent,summer,84.41,Excellent,summer,84.41,Excellent,64.08,65.65,4.0,5.0,5.0,4.0,0.55,27.030160000000002,23.825560000000003,28.6,25.1,78.9,78.9,0.0,2.0,1.1,8.1
2011-07-02,88.38,Excellent,summer,88.38,Excellent,summer,88.38,Excellent,75.5,70.88,4.5,5.0,5.0,4.5,0.5499999999999998,25.61056,23.65924,26.8,24.7,82.3,82.3,0.0,1.5,0.0,8.9
2011-07-03,53.83,Acceptable,summer,53.83,Acceptable,summer,53.83,Acceptable,75.54,70.93,4.5,5.0,0.0,4.0,0.0,24.33232,22.20184,24.8,22.6,92.1,92.1,115.0,2.2,0.0,10.0
2011-07-04,86.77,Excellent,summer,86.77,Excellent,summer,86.77,Excellent,76.33,73.27,4.0,4.5,5.0,3.5,3.55,26.3296,21.34,28.0,22.5,76.8,76.8,0.0,3.1,7.1,4.6
2011-07-05,92.06,Ideal,summer,92.06,Ideal,summer,92.06,Ideal,77.55,73.32,4.0,5.0,5.0,4.0,5.0,27.76888,22.27512,30.7,24.3,64.6,64.6,0.0,2.5,11.7,1.9
2011-07-06,87.42,Excellent,summer,87.42,Excellent,summer,87.42,Excellent,88.75,78.08,4.0,5.0,5.0,4.0,2.3,27.88432,23.16016,31.2,25.6,60.9,60.9,0.0,1.7,4.6,6.8
2011-07-07,58.73,Acceptable,summer,58.73,Acceptable,summer,58.73,Acceptable,79.4,78.8,4.5,5.0,0.75,4.0,0.0,24.375880000000002,22.120839999999998,25.3,22.9,84.9,84.9,42.5,1.9,0.0,10.0
2011-07-08,78.3,Very Good,summer,78.3,Very Good,summer,78.3,Very Good,74.82,77.93,5.0,4.5,3.7,3.5,0.0,23.67144,21.611359999999998,24.6,22.4,84.1,84.1,13.0,2.6,0.0,10.0
2011-07-09,74.77,Very Good,summer,74.77,Very Good,summer,74.77,Very Good,70.6,75.98,4.0,5.0,3.5,4.0,0.65,26.6252,22.7024,27.8,23.6,83.5,83.5,15.0,1.8,1.3,8.0
2011-07-10,80.57,Excellent,summer,80.57,Excellent,summer,80.57,Excellent,77.88,79.8,4.0,5.0,4.4,4.0,0.6,26.95744,23.08672,28.4,24.2,80.4,80.4,6.0,2.2,1.2,9.3
2011-07-11,56.84,Acceptable,summer,56.84,Acceptable,summer,56.84,Acceptable,70.73,75.53,4.5,4.5,0.75,4.0,0.0,21.63052,20.765439999999998,22.1,21.2,90.3,90.3,42.5,2.1,0.0,10.0
2011-07-12,53.83,Acceptable,summer,53.83,Acceptable,summer,53.83,Acceptable,63.75,70.07,4.5,5.0,0.0,4.0,0.0,24.84496,22.18048,25.6,22.8,87.9,87.9,51.5,2.1,0.0,10.0
2011-07-13,67.56,Good,summer,67.56,Good,summer,67.56,Good,59.41,67.23,4.5,5.0,2.1,4.0,0.0,25.26688,23.47632,26.2,24.3,85.6,85.6,29.0,2.2,0.0,10.0
2011-07-14,63.85,Good,summer,63.85,Good,summer,63.85,Good,61.75,67.96,5.0,5.0,1.2000000000000002,3.5,0.0,23.986800000000002,23.0288,24.6,23.6,89.5,89.5,38.0,2.6,0.0,10.0
2011-07-15,76.72,Very Good,summer,76.72,Very Good,summer,76.72,Very Good,69.38,67.73,4.5,5.0,3.5,4.0,0.0,25.3216,22.83184,26.0,23.4,89.4,89.4,15.0,2.4,0.0,10.0
2011-07-16,54.82,Acceptable,summer,54.82,Acceptable,summer,54.82,Acceptable,65.13,64.88,4.5,5.0,0.0,4.5,0.05,24.75532,22.34432,25.3,22.8,91.1,91.1,54.5,1.4,0.1,9.9
2011-07-17,81.77,Excellent,summer,81.77,Excellent,summer,81.77,Excellent,71.1,65.06,4.0,4.5,4.9,4.0,0.5,27.763,24.043,29.1,25.1,82.5,82.5,1.0,1.8,1.0,8.9
2011-07-18,80.88,Excellent,summer,80.88,Excellent,summer,80.88,Excellent,72.49,68.49,3.0,4.5,5.0,3.5,3.7,30.513920000000002,25.91744,34.1,28.7,62.8,62.8,0.0,3.0,7.4,5.0
2011-07-19,85.29,Excellent,summer,85.29,Excellent,summer,85.29,Excellent,82.65,72.98,3.5,4.5,5.0,3.0,5.0,28.6594,25.207,32.7,28.5,55.5,55.5,0.0,5.2,12.4,2.3
2011-07-20,85.29,Excellent,summer,85.29,Excellent,summer,85.29,Excellent,83.82,75.52,3.5,4.5,5.0,3.0,5.0,28.107120000000002,24.10112,32.6,27.6,50.3,50.3,0.0,3.5,13.1,1.1
2011-07-21,91.16,Ideal,summer,91.16,Ideal,summer,91.16,Ideal,87.25,79.42,4.0,5.0,5.0,3.5,5.0,27.582400000000003,23.543200000000002,32.2,27.1,48.0,48.0,0.0,3.3,12.8,3.0
2011-07-22,86.15,Excellent,summer,86.15,Excellent,summer,86.15,Excellent,87.53,80.77,4.5,5.0,4.85,4.0,0.34999999999999964,24.674400000000002,22.4644,26.6,24.1,71.0,71.0,1.5,2.1,0.0,9.3
2011-07-23,83.3,Excellent,summer,83.3,Excellent,summer,83.3,Excellent,86.87,84.83,4.0,5.0,4.7,4.0,1.05,27.83244,23.94008,29.7,25.4,76.3,76.3,3.0,2.4,2.1,8.5
2011-07-24,78.49,Very Good,summer,78.49,Very Good,summer,78.49,Very Good,82.65,84.37,4.0,5.0,4.2,4.0,0.15,26.582559999999997,23.710720000000002,27.9,24.8,81.6,81.6,8.0,2.0,0.3,9.1
2011-07-25,64.01,Good,summer,64.01,Good,summer,64.01,Good,75.27,81.96,4.0,4.5,2.25,4.0,0.25,26.847479999999997,24.02388,27.9,24.9,85.3,85.3,27.5,2.1,0.5,9.3
2011-07-26,50.12,Acceptable,summer,50.12,Acceptable,summer,50.12,Acceptable,64.21,76.93,4.0,5.0,0.0,3.5,0.15,27.8332,23.6752,29.3,24.8,81.0,81.0,171.0,2.7,0.3,8.6
2011-07-27,52.93,Acceptable,summer,52.93,Acceptable,summer,52.93,Acceptable,55.69,72.31,4.5,5.0,0.0,3.5,0.0,25.68808,23.5576,26.2,24.0,92.1,92.1,301.5,2.6,0.0,10.0
2011-07-28,50.13,Acceptable,summer,50.13,Acceptable,summer,50.13,Acceptable,51.06,66.45,4.5,4.5,0.0,3.0,0.0,25.582800000000002,24.0532,26.3,24.7,89.0,89.0,115.0,3.7,0.0,10.0
2011-07-29,75.65,Very Good,summer,75.65,Very Good,summer,75.65,Very Good,59.57,64.95,3.5,4.5,4.25,4.0,1.2,28.713279999999997,25.00768,30.2,26.2,81.6,81.6,7.5,2.5,2.4,8.1
2011-07-30,79.35,Very Good,summer,79.35,Very Good,summer,79.35,Very Good,68.38,64.38,3.5,4.5,5.0,4.0,0.5,28.4746,25.50064,30.5,27.2,75.3,75.3,0.0,2.0,1.0,7.3
2011-07-31,54.17,Acceptable,summer,54.17,Acceptable,summer,54.17,Acceptable,69.72,60.91,4.5,5.0,0.0,4.0,0.20000000000000018,25.789920000000002,23.98264,26.6,24.7,87.8,87.8,73.0,1.8,0.0,9.6
2011-08-01,80.94,Excellent,summer,80.94,Excellent,summer,80.94,Excellent,71.49,63.33,4.0,4.5,4.95,3.5,0.35,27.74848,24.420640000000002,29.2,25.6,81.1,81.1,0.5,2.9,0.7,9.4
2011-08-02,79.15,Very Good,summer,79.15,Very Good,summer,79.15,Very Good,71.42,67.47,3.5,4.5,4.95,3.5,1.1,28.291,24.651,30.1,26.1,77.5,77.5,0.5,3.2,2.2,8.5
2011-08-03,55.02,Acceptable,summer,55.02,Acceptable,summer,55.02,Acceptable,71.7,67.77,4.0,4.5,0.8499999999999996,4.0,0.35,26.8692,24.3528,28.1,25.4,83.0,83.0,41.5,2.3,0.7,8.8
2011-08-04,76.26,Very Good,summer,76.26,Very Good,summer,76.26,Very Good,70.14,71.51,4.0,4.5,4.0,4.5,0.2,27.0136,24.556079999999998,28.0,25.4,86.3,86.3,10.0,1.6,0.4,8.4
2011-08-05,80.66,Excellent,summer,80.66,Excellent,summer,80.66,Excellent,70.65,72.22,3.0,4.0,5.0,4.0,4.15,30.99592,26.46568,34.1,28.9,67.8,67.8,0.0,1.8,8.3,4.6
2011-08-06,76.04,Very Good,summer,76.04,Very Good,summer,76.04,Very Good,77.65,71.75,3.5,4.0,4.85,4.0,0.25,29.749000000000002,26.095,32.7,28.5,67.5,67.5,1.5,2.5,0.5,6.5
2011-08-07,77.44,Very Good,summer,77.44,Very Good,summer,77.44,Very Good,78.05,75.07,3.5,4.5,4.55,3.0,2.15,29.6788,25.99972,33.0,28.7,63.9,63.9,4.5,4.4,4.3,7.6
2011-08-08,54.93,Acceptable,summer,54.93,Acceptable,summer,54.93,Acceptable,69.47,71.36,4.0,5.0,1.0499999999999998,2.5,0.0,26.623839999999998,23.80624,27.7,24.7,84.8,84.8,39.5,5.8,0.0,10.0
2011-08-09,81.22,Excellent,summer,81.22,Excellent,summer,81.22,Excellent,71.2,71.65,4.0,4.5,5.0,3.0,0.85,26.927239999999998,24.4832,28.7,26.0,76.3,76.3,0.0,3.5,1.7,8.9
2011-08-10,81.5,Excellent,summer,81.5,Excellent,summer,81.5,Excellent,72.55,75.44,4.0,4.5,4.97,3.5,0.6,27.4636,24.5992,28.9,25.8,81.0,81.0,0.3,3.0,1.2,8.5
2011-08-11,78.62,Very Good,summer,78.62,Very Good,summer,78.62,Very Good,80.45,75.77,3.5,4.5,5.0,3.5,0.6,28.22044,25.198960000000003,29.9,26.6,78.9,78.9,0.0,2.8,1.2,8.5
2011-08-12,71.88,Very Good,summer,71.88,Very Good,summer,71.88,Very Good,77.33,74.52,4.5,4.5,3.05,4.0,0.0,25.419800000000002,24.4738,26.3,25.3,86.5,86.5,19.5,2.1,0.0,10.0
2011-08-13,80.81,Excellent,summer,80.81,Excellent,summer,80.81,Excellent,77.1,75.2,4.5,4.5,4.35,4.0,0.25,25.53096,24.314680000000003,26.6,25.3,83.9,83.9,6.5,2.3,0.0,9.5
2011-08-14,78.42,Very Good,summer,78.42,Very Good,summer,78.42,Very Good,77.04,75.34,4.5,4.5,4.05,4.0,0.0,25.91296,24.208,26.8,25.0,86.8,86.8,9.5,2.3,0.0,10.0
2011-08-15,83.56,Excellent,summer,83.56,Excellent,summer,83.56,Excellent,80.93,79.43,4.0,5.0,4.95,4.0,0.25,26.04148,23.7634,26.9,24.5,87.3,87.3,0.5,1.9,0.0,9.5
2011-08-16,74.17,Very Good,summer,74.17,Very Good,summer,74.17,Very Good,78.72,78.42,4.5,4.5,3.4,4.0,0.0,25.40944,24.268,26.2,25.0,87.8,87.8,16.0,2.5,0.0,10.0
2011-08-17,83.91,Excellent,summer,83.91,Excellent,summer,83.91,Excellent,80.55,78.77,4.5,5.0,4.6,4.0,0.0,24.08024,23.21228,24.6,23.7,91.1,91.1,4.0,1.9,0.0,10.0
2011-08-18,84.52,Excellent,summer,84.52,Excellent,summer,84.52,Excellent,80.87,79.61,3.5,5.0,5.0,4.0,2.4,28.04264,23.576639999999998,30.2,25.2,73.3,73.3,0.0,1.9,4.8,6.6
2011-08-19,84.32,Excellent,summer,84.32,Excellent,summer,84.32,Excellent,84.25,81.39,4.0,5.0,5.0,4.0,0.5,27.326079999999997,22.99456,29.2,24.4,75.6,75.6,0.0,2.2,1.0,8.8
2011-08-20,85.68,Excellent,summer,85.68,Excellent,summer,85.68,Excellent,84.84,82.08,4.5,4.5,4.95,4.0,0.8,25.4292,21.889560000000003,27.0,23.1,76.9,76.9,0.5,2.4,1.6,7.9
2011-08-21,88.04,Excellent,summer,88.04,Excellent,summer,88.04,Excellent,86.01,83.46,3.5,5.0,5.0,4.0,4.45,28.3456,22.579839999999997,31.0,24.4,68.4,68.4,0.0,2.0,8.9,4.0
2011-08-22,81.16,Excellent,summer,81.16,Excellent,summer,81.16,Excellent,84.96,83.11,4.0,4.5,4.65,4.0,1.1,27.357760000000003,21.9556,29.6,23.5,71.4,71.4,3.5,2.2,2.2,6.5
2011-08-23,91.11,Ideal,summer,91.11,Ideal,summer,91.11,Ideal,86.77,85.53,4.0,5.0,5.0,4.0,4.45,27.2282,22.01772,30.5,24.3,60.1,60.1,0.0,2.1,8.9,3.5
2011-08-24,90.36,Ideal,summer,90.36,Ideal,summer,90.36,Ideal,87.54,86.46,4.5,5.0,5.0,3.5,2.75,25.467760000000002,22.30768,28.6,24.8,57.9,57.9,0.0,3.0,5.5,5.9
2011-08-25,90.43,Ideal,summer,90.43,Ideal,summer,90.43,Ideal,90.63,87.3,4.0,5.0,5.0,4.0,4.05,26.9986,23.01844,30.5,25.7,57.3,57.3,0.0,2.2,8.1,5.6
2011-08-26,89.1,Excellent,summer,89.1,Excellent,summer,89.1,Excellent,89.96,87.98,4.0,5.0,5.0,3.5,3.8,26.849,23.612,30.3,26.4,57.5,57.5,0.0,2.8,7.6,6.8
2011-08-27,86.29,Excellent,summer,86.29,Excellent,summer,86.29,Excellent,88.61,88.07,4.0,4.5,5.0,4.0,2.75,27.7656,24.748800000000003,31.2,27.6,59.5,59.5,0.0,2.3,5.5,6.3
2011-08-28,83.91,Excellent,summer,83.91,Excellent,summer,83.91,Excellent,86.43,87.48,3.5,4.5,5.0,4.0,3.15,29.0784,25.00256,32.0,27.3,66.8,66.8,0.0,2.2,6.3,5.3
2011-08-29,82.16,Excellent,summer,82.16,Excellent,summer,82.16,Excellent,84.12,87.62,4.0,4.5,5.0,4.0,0.35,27.957759999999997,25.16032,29.9,26.8,75.6,75.6,0.0,2.2,0.7,6.3
2011-08-30,74.22,Very Good,summer,74.22,Very Good,summer,74.22,Very Good,80.1,85.21,3.5,4.5,4.15,4.0,0.75,29.712,25.048000000000002,32.4,27.1,70.0,70.0,8.5,1.9,1.5,8.0
2011-08-31,87.09,Excellent,summer,87.09,Excellent,summer,87.09,Excellent,81.16,84.74,3.5,4.5,5.0,4.0,5.0,29.38912,25.22216,32.8,27.9,62.6,62.6,0.0,2.0,10.2,1.0
2011-09-01,88.63,Excellent,autumn,87.09,Excellent,summer,87.09,Excellent,82.8,84.27,3.5,4.5,5.0,4.0,5.0,28.00252,24.5044,31.1,27.0,63.3,63.3,0.0,1.9,10.9,0.6
2011-09-02,85.63,Excellent,autumn,84.47,Excellent,summer,84.47,Excellent,86.22,83.6,3.5,4.5,5.0,3.5,4.0,28.64576,24.06756,32.4,26.9,58.1,58.1,0.0,2.9,8.0,1.9
2011-09-03,89.96,Excellent,autumn,89.26,Excellent,summer,89.26,Excellent,86.94,84.03,4.0,4.5,5.0,3.5,5.0,26.394399999999997,21.959200000000003,30.7,25.1,48.0,48.0,0.0,3.3,10.1,0.9
2011-09-04,87.1,Excellent,autumn,87.73,Excellent,summer,87.73,Excellent,87.15,84.57,4.5,4.5,5.0,4.0,1.8,25.966079999999998,20.82848,30.2,23.7,47.6,47.6,0.0,2.2,3.6,3.6
2011-09-05,93.37,Ideal,autumn,93.23,Ideal,summer,93.23,Ideal,90.07,86.16,4.5,4.5,5.0,4.0,5.0,25.2366,21.36568,28.5,23.8,55.9,55.9,0.0,2.3,11.4,2.0
2011-09-06,92.33,Ideal,autumn,92.33,Ideal,summer,92.33,Ideal,91.1,88.74,4.5,4.5,5.0,3.5,5.0,25.147,20.854,28.7,23.4,52.5,52.5,0.0,2.8,11.9,0.0
2011-09-07,91.62,Ideal,autumn,92.69,Ideal,summer,92.69,Ideal,92.75,89.54,5.0,4.5,5.0,4.0,2.9,23.83308,20.07496,27.3,22.6,49.9,49.9,0.0,2.0,5.8,6.0
2011-09-08,88.53,Excellent,autumn,89.98,Excellent,summer,89.93,Excellent,91.67,89.96,5.0,4.5,5.0,3.5,1.85,22.88016,20.02696,25.8,22.3,53.8,53.8,0.0,2.8,3.7,7.5
2011-09-09,78.54,Very Good,autumn,79.1,Very Good,summer,79.06,Very Good,87.26,89.19,4.0,4.0,4.75,4.5,0.09999999999999964,19.6514,18.9298,20.7,19.9,75.5,75.5,2.5,1.2,0.0,9.8
2011-09-10,84.75,Excellent,autumn,85.66,Excellent,summer,85.56,Excellent,84.91,88.67,4.5,4.5,5.0,4.0,0.6,24.340159999999997,20.0556,26.4,21.5,68.6,68.6,0.0,2.5,1.2,9.0
2011-09-11,83.12,Excellent,autumn,84.25,Excellent,summer,84.08,Excellent,83.0,88.18,4.5,4.5,5.0,3.5,0.2999999999999998,21.355,20.17408,22.5,21.2,77.1,77.1,0.0,2.8,0.0,9.4
2011-09-12,85.98,Excellent,autumn,86.73,Excellent,summer,86.6,Excellent,85.55,87.25,4.5,4.5,5.0,4.5,0.7,24.9328,21.68272,27.0,23.3,69.6,69.6,0.0,1.6,1.4,8.9
2011-09-13,89.61,Excellent,autumn,88.92,Excellent,summer,89.07,Excellent,86.63,86.76,4.0,5.0,5.0,4.5,2.65,26.745079999999998,22.018,30.9,25.0,50.3,50.3,0.0,1.6,5.3,7.1
2011-09-14,87.02,Excellent,autumn,87.65,Excellent,summer,87.49,Excellent,87.77,86.04,4.5,5.0,5.0,4.0,0.65,25.993160000000003,22.72384,28.1,24.4,70.9,70.9,0.0,2.0,1.3,6.6
2011-09-15,87.58,Excellent,autumn,86.15,Excellent,summer,86.56,Excellent,87.57,85.49,3.5,5.0,5.0,4.0,3.35,28.641759999999998,23.74064,31.3,25.7,68.8,68.8,0.0,2.5,6.7,4.9
2011-09-16,84.54,Excellent,autumn,83.49,Excellent,summer,83.82,Excellent,85.76,86.12,3.5,5.0,5.0,4.0,1.8,28.49488,23.60944,31.2,25.6,68.1,68.1,0.0,1.7,3.6,6.3
2011-09-17,85.13,Excellent,autumn,84.0,Excellent,summer,84.4,Excellent,84.55,85.88,3.5,5.0,5.0,4.0,2.1,28.1104,23.62592,31.0,25.8,65.6,65.6,0.0,2.3,4.2,7.3
2011-09-18,85.16,Excellent,autumn,87.03,Excellent,summer,86.29,Excellent,84.84,86.28,5.0,4.0,4.95,3.0,1.95,23.9728,19.372,26.4,21.0,63.0,63.0,0.5,3.9,3.9,8.0
2011-09-19,74.48,Very Good,autumn,74.72,Very Good,summer,74.61,Very Good,81.92,84.57,3.5,3.5,4.99,3.0,1.1,16.76008,15.605920000000001,18.2,16.8,56.1,56.1,0.1,4.2,0.0,7.8
2011-09-20,82.62,Excellent,autumn,83.85,Excellent,summer,83.28,Excellent,81.87,83.84,4.5,3.5,5.0,3.0,2.8,20.2696,15.990599999999999,23.2,17.7,44.5,44.5,0.0,3.6,5.6,4.5
2011-09-21,86.95,Excellent,autumn,86.95,Excellent,autumn,87.29,Excellent,81.84,83.74,4.5,3.5,5.0,4.0,3.95,20.8864,16.298560000000002,24.0,18.1,44.4,44.4,0.0,2.2,7.9,2.0
2011-09-22,89.01,Excellent,autumn,89.01,Excellent,autumn,89.2,Excellent,86.6,84.15,4.5,3.5,5.0,4.0,5.0,21.66832,16.47352,24.6,18.1,49.8,49.8,0.0,2.2,10.3,0.8
2011-09-23,91.38,Ideal,autumn,91.38,Ideal,autumn,91.86,Ideal,89.11,85.28,5.0,3.5,5.0,4.0,5.0,22.793599999999998,17.5962,26.0,19.5,49.9,49.9,0.0,2.1,11.1,0.4
2011-09-24,91.38,Ideal,autumn,91.38,Ideal,autumn,91.82,Ideal,90.59,86.33,5.0,3.5,5.0,4.0,5.0,23.095239999999997,17.906560000000002,25.9,19.6,55.9,55.9,0.0,2.4,10.7,0.5
2011-09-25,90.01,Ideal,autumn,90.01,Ideal,autumn,90.12,Ideal,90.92,86.76,4.5,4.0,5.0,4.0,4.4,24.03032,18.451999999999998,26.6,20.0,61.3,61.3,0.0,1.7,8.8,0.5
2011-09-26,91.19,Ideal,autumn,91.19,Ideal,autumn,91.24,Ideal,90.86,89.11,4.5,4.0,5.0,4.0,5.0,24.30868,19.05408,27.7,21.2,52.1,52.1,0.0,1.8,10.8,0.0
2011-09-27,91.19,Ideal,autumn,91.19,Ideal,autumn,91.23,Ideal,90.8,90.16,4.5,4.0,5.0,4.0,5.0,24.676479999999998,19.01992,29.2,21.8,41.1,41.1,0.0,2.1,11.0,0.0
2011-09-28,79.41,Very Good,autumn,79.41,Very Good,autumn,79.81,Very Good,87.26,89.08,4.5,3.5,5.0,4.0,0.1,20.9404,17.94192,23.5,19.8,52.6,52.6,0.0,2.5,0.2,7.1
2011-09-29,61.5,Good,autumn,61.5,Good,autumn,61.85,Good,77.37,85.15,4.0,3.5,2.75,4.0,0.05,18.8654,16.439079999999997,19.5,16.9,83.3,83.3,22.5,2.4,0.1,8.8
2011-09-30,82.19,Excellent,autumn,82.19,Excellent,autumn,82.06,Excellent,74.37,83.84,3.5,3.5,5.0,3.0,5.0,16.8628,13.830400000000001,18.6,14.8,49.5,49.5,0.0,3.7,10.9,1.8
2011-10-01,82.09,Excellent,autumn,82.09,Excellent,autumn,81.99,Excellent,75.26,82.51,3.5,3.0,5.0,4.0,5.0,16.04656,12.148119999999999,17.6,12.7,48.9,48.9,0.0,2.5,11.0,1.0
2011-10-02,81.05,Excellent,autumn,81.05,Excellent,autumn,80.99,Excellent,81.78,81.23,3.5,3.0,5.0,3.5,5.0,16.224040000000002,12.535720000000001,18.1,13.3,42.1,42.1,0.0,2.8,10.3,2.1
2011-10-03,84.46,Excellent,autumn,84.46,Excellent,autumn,84.46,Excellent,82.53,80.27,4.0,3.0,5.0,4.0,5.0,18.39376,12.95336,20.8,13.8,44.3,44.3,0.0,1.8,10.9,0.1
2011-10-04,86.35,Excellent,autumn,86.35,Excellent,autumn,86.34,Excellent,83.95,79.58,4.0,3.5,5.0,4.0,4.85,18.83904,13.86708,21.2,14.9,47.3,47.3,0.0,1.9,9.7,2.6
2011-10-05,82.13,Excellent,autumn,82.13,Excellent,autumn,82.13,Excellent,84.31,79.97,4.0,3.5,5.0,4.0,2.7,19.672,15.158399999999999,22.0,16.4,51.5,51.5,0.0,2.1,5.4,5.0
2011-10-06,83.64,Excellent,autumn,83.64,Excellent,autumn,83.64,Excellent,84.04,83.13,4.0,3.5,5.0,3.5,4.0,18.32728,15.3066,20.2,16.5,54.1,54.1,0.0,3.4,8.0,2.6
2011-10-07,86.64,Excellent,autumn,86.64,Excellent,autumn,86.64,Excellent,84.14,83.77,4.0,3.5,5.0,4.0,5.0,19.296,14.482,21.2,15.4,57.5,57.5,0.0,2.1,10.4,0.3
2011-10-08,89.01,Excellent,autumn,89.01,Excellent,autumn,89.01,Excellent,86.43,84.75,4.5,3.5,5.0,4.0,5.0,20.265,15.091439999999999,22.5,16.2,55.3,55.3,0.0,1.8,10.2,0.0
2011-10-09,82.15,Excellent,autumn,82.15,Excellent,autumn,82.15,Excellent,85.93,84.91,4.5,3.5,5.0,4.0,1.5,20.45,15.517600000000002,22.5,16.6,59.0,59.0,0.0,1.8,3.0,5.0
2011-10-10,83.72,Excellent,autumn,83.72,Excellent,autumn,83.72,Excellent,84.96,84.81,4.5,3.5,5.0,4.0,2.3,20.36512,16.060959999999998,21.8,16.9,69.6,69.6,0.0,1.9,4.6,5.1
2011-10-11,89.01,Excellent,autumn,89.01,Excellent,autumn,89.01,Excellent,84.96,85.19,4.5,3.5,5.0,4.0,5.0,20.321759999999998,15.4106,22.4,16.5,58.1,58.1,0.0,1.9,10.0,0.9
2011-10-12,78.35,Very Good,autumn,78.35,Very Good,autumn,78.35,Very Good,83.69,84.65,3.5,3.5,5.0,4.5,1.4500000000000002,17.047,13.806999999999999,18.7,14.7,52.5,52.5,0.0,1.2,,7.1
2011-10-13,90.05,Ideal,autumn,90.05,Ideal,autumn,90.05,Ideal,85.8,85.56,4.5,3.5,5.0,4.5,5.0,20.79504,15.316960000000002,23.4,16.6,51.4,51.4,0.0,1.4,10.1,2.1
2011-10-14,72.41,Very Good,autumn,72.41,Very Good,autumn,72.41,Very Good,80.27,83.53,3.5,3.5,4.5,4.0,0.7000000000000002,15.22804,14.03568,15.7,14.4,79.3,79.3,5.0,1.9,0.0,8.6
2011-10-15,60.24,Good,autumn,60.24,Good,autumn,60.24,Good,74.23,79.42,3.5,3.0,3.0,4.0,0.8499999999999996,16.49428,12.8236,16.9,13.0,85.3,85.3,20.0,1.9,0.0,8.3
2011-10-16,82.26,Excellent,autumn,82.26,Excellent,autumn,82.26,Excellent,71.64,79.43,4.0,3.5,4.95,3.0,4.0,18.59712,14.08576,20.1,14.8,62.8,62.8,0.5,3.7,8.0,3.6
2011-10-17,81.05,Excellent,autumn,81.05,Excellent,autumn,81.05,Excellent,74.52,79.05,3.5,3.0,5.0,3.5,5.0,13.53856,10.88464,14.8,11.2,34.3,34.3,0.0,3.4,10.3,0.1
2011-10-18,82.09,Excellent,autumn,82.09,Excellent,autumn,82.09,Excellent,81.8,78.06,3.5,3.0,5.0,4.0,5.0,14.04784,9.55024,15.4,9.4,37.4,37.4,0.0,1.7,10.5,0.0
2011-10-19,84.46,Excellent,autumn,84.46,Excellent,autumn,84.46,Excellent,82.53,78.94,4.0,3.0,5.0,4.0,5.0,18.0704,12.1728,20.4,12.8,44.0,44.0,0.0,1.7,10.0,1.1
2011-10-20,83.5,Excellent,autumn,83.5,Excellent,autumn,83.5,Excellent,83.35,78.0,4.0,3.5,5.0,4.0,3.4,18.82464,14.4528,20.9,15.5,52.4,52.4,0.0,2.3,6.8,5.6
2011-10-21,80.7,Excellent,autumn,80.7,Excellent,autumn,80.7,Excellent,82.89,79.19,4.0,3.5,5.0,3.5,2.5,18.9364,15.930520000000001,21.0,17.3,53.1,53.1,0.0,2.6,5.0,8.3
2011-10-22,80.56,Excellent,autumn,80.56,Excellent,autumn,80.56,Excellent,81.59,82.09,4.0,3.5,5.0,4.0,1.9,19.81864,15.95832,21.7,17.1,59.8,59.8,0.0,1.8,3.8,5.5
2011-10-23,84.7,Excellent,autumn,84.7,Excellent,autumn,84.7,Excellent,81.99,82.44,4.5,3.5,5.0,4.0,2.8,20.46892,15.6238,22.1,16.5,66.3,66.3,0.0,2.3,5.6,6.5
2011-10-24,71.79,Very Good,autumn,71.79,Very Good,autumn,71.79,Very Good,79.02,81.11,3.5,3.0,4.85,3.5,0.7999999999999998,14.712760000000001,12.045160000000001,15.3,12.3,72.3,72.3,1.5,3.2,0.0,8.4
2011-10-25,78.58,Very Good,autumn,78.58,Very Good,autumn,78.58,Very Good,78.36,80.61,3.0,3.0,5.0,3.5,4.95,11.56996,8.20576,12.1,7.6,36.9,36.9,0.0,2.9,9.9,0.0
2011-10-26,82.64,Excellent,autumn,82.64,Excellent,autumn,82.64,Excellent,77.67,80.35,3.5,3.0,5.0,4.5,4.75,14.08736,9.6144,15.3,9.5,42.8,42.8,0.0,1.5,9.5,3.3
2011-10-27,80.42,Excellent,autumn,80.42,Excellent,autumn,80.42,Excellent,80.55,79.91,3.5,3.0,5.0,4.0,4.15,17.3568,12.090879999999999,19.5,12.7,43.6,43.6,0.0,1.9,8.3,5.5
2011-10-28,82.37,Excellent,autumn,82.37,Excellent,autumn,82.37,Excellent,81.81,80.15,3.5,3.5,5.0,4.5,3.5,17.82432,13.5928,19.8,14.5,49.6,49.6,0.0,1.5,7.0,4.8
2011-10-29,71.08,Very Good,autumn,71.08,Very Good,autumn,71.08,Very Good,77.96,78.8,3.5,3.0,4.5,4.5,0.5999999999999996,13.227,11.844,13.5,12.0,80.5,80.5,5.0,1.5,0.0,8.8
2011-10-30,85.56,Excellent,autumn,85.56,Excellent,autumn,85.56,Excellent,79.67,78.92,4.0,3.5,5.0,4.0,4.45,18.847360000000002,13.93216,20.8,14.8,54.8,54.8,0.0,1.7,8.9,2.3
2011-10-31,85.82,Excellent,autumn,85.82,Excellent,autumn,85.82,Excellent,80.82,80.92,4.0,3.5,5.0,4.5,4.05,19.33152,13.856,22.1,15.0,42.8,42.8,0.0,1.4,8.1,3.4
2011-11-01,86.25,Excellent,autumn,86.25,Excellent,autumn,86.25,Excellent,85.88,82.02,4.0,3.5,5.0,4.0,4.8,19.87336,14.77996,22.6,16.1,45.9,45.9,0.0,1.8,9.6,3.1
2011-11-02,83.5,Excellent,autumn,83.5,Excellent,autumn,83.5,Excellent,85.19,82.14,4.0,3.5,5.0,4.0,3.4,19.0206,14.86328,21.5,16.2,46.1,46.1,0.0,1.7,6.8,6.0
2011-11-03,89.56,Excellent,autumn,89.56,Excellent,autumn,89.56,Excellent,86.44,83.45,4.5,3.5,5.0,4.5,4.75,21.38852,15.41552,24.3,16.8,49.1,49.1,0.0,1.6,9.5,1.1
2011-11-04,79.8,Very Good,autumn,79.8,Very Good,autumn,79.8,Very Good,84.29,83.08,4.5,3.5,4.9,4.0,0.65,20.88,17.311359999999997,22.5,18.4,67.6,67.6,1.0,2.3,1.3,8.9
2011-11-05,88.49,Excellent,autumn,88.49,Excellent,autumn,88.49,Excellent,85.95,85.57,5.0,4.0,4.99,4.0,2.45,23.833,18.613,25.9,19.9,67.5,67.5,0.1,2.3,4.9,8.1
2011-11-06,68.19,Good,autumn,68.19,Good,autumn,68.19,Good,78.83,83.09,4.0,3.5,3.8,3.0,0.8499999999999996,18.548560000000002,14.22832,19.3,14.6,79.8,79.8,12.0,3.9,0.0,8.3
2011-11-07,77.7,Very Good,autumn,77.7,Very Good,autumn,77.7,Very Good,78.13,81.93,3.5,3.5,5.0,4.0,1.65,17.705280000000002,14.46556,18.8,15.1,68.9,68.9,0.0,2.0,3.3,6.5
2011-11-08,81.45,Excellent,autumn,81.45,Excellent,autumn,81.45,Excellent,75.78,81.24,4.0,3.5,5.0,4.0,2.35,18.256,14.214,19.6,14.9,65.0,65.0,0.0,2.1,4.7,6.9
2011-11-09,77.68,Very Good,autumn,77.68,Very Good,autumn,77.68,Very Good,78.94,80.41,3.5,3.5,5.0,3.0,2.7,17.03584,13.7692,18.4,14.5,59.4,59.4,0.0,3.6,5.4,6.6
2011-11-10,76.17,Very Good,autumn,76.17,Very Good,autumn,76.17,Very Good,78.43,78.5,3.5,3.5,5.0,3.5,1.4,15.7148,13.34724,17.0,14.1,54.1,54.1,0.0,3.0,2.8,7.6
2011-11-11,72.98,Very Good,autumn,72.98,Very Good,autumn,72.98,Very Good,75.61,77.52,3.5,3.0,4.9,4.0,0.7000000000000002,14.15668,12.211,14.7,12.5,71.1,71.1,1.0,1.8,0.0,8.6
2011-11-12,77.78,Very Good,autumn,77.78,Very Good,autumn,77.78,Very Good,75.64,75.99,3.5,3.0,5.0,4.0,2.8,15.0228,11.732,15.8,12.0,66.5,66.5,0.0,2.1,5.6,4.6
2011-11-13,77.33,Very Good,autumn,77.33,Very Good,autumn,77.33,Very Good,76.03,77.3,3.5,3.0,5.0,3.5,3.1,14.73048,11.06028,15.8,11.3,53.9,53.9,0.0,3.3,6.2,3.4
2011-11-14,76.01,Very Good,autumn,76.01,Very Good,autumn,76.01,Very Good,77.04,77.06,3.0,2.5,5.0,3.5,4.75,10.7492,7.30288,11.0,6.4,37.3,37.3,0.0,2.9,9.5,0.0
2011-11-15,76.85,Very Good,autumn,76.85,Very Good,autumn,76.85,Very Good,76.73,76.4,3.0,2.5,5.0,4.0,4.65,11.24032,7.82944,11.6,7.2,43.8,43.8,0.0,1.7,9.3,0.8
2011-11-16,79.35,Very Good,autumn,79.35,Very Good,autumn,79.35,Very Good,77.4,76.64,3.5,3.0,5.0,4.0,3.6,14.58508,10.72396,15.7,10.9,51.1,51.1,0.0,2.2,7.2,5.9
2011-11-17,71.45,Very Good,autumn,71.45,Very Good,autumn,71.45,Very Good,75.88,75.96,3.5,3.0,5.0,3.5,0.1,15.11308,12.921759999999999,16.3,13.6,52.9,52.9,0.0,3.2,0.2,8.5
2011-11-18,70.98,Very Good,autumn,70.98,Very Good,autumn,70.98,Very Good,73.93,75.68,3.5,3.5,4.4,3.5,0.85,15.636400000000002,13.880799999999999,16.1,14.2,81.0,81.0,6.0,3.1,1.7,9.8
2011-11-19,73.5,Very Good,autumn,73.5,Very Good,autumn,73.5,Very Good,71.98,75.07,3.5,3.0,4.98,3.0,1.75,14.870800000000001,10.53136,15.5,10.6,71.4,71.4,0.2,4.3,3.5,5.8
2011-11-20,70.32,Very Good,autumn,70.32,Very Good,autumn,70.24,Very Good,71.6,74.07,2.5,2.0,5.0,3.0,4.7,5.1994,2.6847999999999996,3.7,0.4,40.5,40.5,0.0,4.5,9.4,0.5
2011-11-21,72.4,Very Good,autumn,72.4,Very Good,autumn,72.3,Very Good,72.07,73.55,2.5,2.0,5.0,4.0,4.7,7.20132,3.64624,6.3,1.6,39.1,39.1,0.0,2.0,9.4,0.0
2011-11-22,67.61,Good,autumn,67.61,Good,autumn,67.57,Good,70.11,72.23,3.0,2.5,4.99,3.5,0.5,8.29396,6.42544,7.9,5.6,53.1,53.1,0.1,2.6,0.0,9.0
2011-11-23,59.2,Acceptable,autumn,59.2,Acceptable,autumn,59.11,Acceptable,66.4,69.35,2.5,2.0,4.55,3.0,0.6,7.727600000000001,3.7072,7.4,2.8,68.5,68.5,4.5,4.4,1.2,8.3
2011-11-24,68.89,Good,autumn,68.89,Good,autumn,68.57,Good,65.23,68.99,2.0,2.0,5.0,3.5,4.65,3.7344,0.9148799999999997,2.0,-1.6,45.8,45.8,0.0,2.9,9.3,2.0
2011-11-25,73.8,Very Good,autumn,73.8,Very Good,autumn,73.55,Very Good,67.3,69.39,2.5,2.5,5.0,4.0,4.3,7.76672,4.25728,7.2,2.8,49.4,49.4,0.0,1.7,8.6,3.5
2011-11-26,67.39,Good,autumn,67.39,Good,autumn,67.3,Good,70.03,68.52,3.0,2.5,5.0,3.5,0.34999999999999964,9.01168,6.37616,8.8,5.6,55.9,55.9,0.0,2.7,0.0,9.3
2011-11-27,73.63,Very Good,autumn,73.63,Very Good,autumn,73.65,Very Good,71.61,68.99,3.5,3.5,5.0,3.5,0.09999999999999964,14.7382,13.129,15.3,13.5,73.5,73.5,0.0,3.2,0.0,9.8
2011-11-28,75.4,Very Good,autumn,75.4,Very Good,autumn,75.71,Very Good,72.14,69.42,3.5,3.5,4.97,4.5,0.05,16.5184,14.28352,17.0,14.6,82.8,82.8,0.3,1.3,0.1,9.0
2011-11-29,72.09,Very Good,autumn,72.09,Very Good,autumn,72.2,Very Good,73.71,70.06,3.5,3.0,4.9,4.0,0.25,13.42,11.235000000000001,13.6,11.3,87.5,87.5,1.0,2.4,0.0,9.5
2011-11-30,45.18,Marginal,autumn,45.18,Marginal,autumn,45.77,Marginal,64.22,68.05,3.0,2.5,2.0,3.0,0.04999999999999982,9.25504,5.064640000000001,9.2,4.7,82.8,82.8,30.0,5.0,0.0,9.9
2011-12-01,68.92,Good,winter,70.36,Very Good,autumn,69.74,Good,62.54,68.26,3.0,2.5,5.0,3.0,2.4,9.18,6.556,9.0,5.8,55.0,55.0,0.0,3.9,4.8,6.9
2011-12-02,62.97,Good,winter,63.63,Good,autumn,63.33,Good,59.72,66.81,2.5,2.5,4.85,3.0,0.7000000000000002,7.914,6.2452000000000005,7.5,5.5,58.6,58.6,1.5,4.0,0.0,8.6
2011-12-03,69.04,Good,winter,69.04,Good,winter,69.15,Good,67.68,67.05,3.0,2.5,4.65,4.0,2.0,9.19504,5.79632,9.1,5.3,73.6,73.6,3.5,2.5,4.0,5.8
2011-12-04,68.31,Good,winter,68.31,Good,winter,69.09,Good,66.99,66.29,2.5,2.0,5.0,3.5,4.0,7.01928,3.958,6.3,2.5,51.4,51.4,0.0,2.6,8.0,2.9
2011-12-05,69.28,Good,winter,69.28,Good,winter,69.78,Good,68.88,65.41,2.5,2.0,5.0,4.0,3.7,6.95124,3.6794000000000002,5.9,1.5,35.9,35.9,0.0,2.0,7.4,4.8
2011-12-06,72.24,Very Good,winter,72.24,Very Good,winter,72.51,Very Good,69.94,65.43,3.0,2.5,5.0,4.0,2.65,8.25844,5.38108,7.7,3.9,39.3,39.3,0.0,2.2,5.3,6.8
2011-12-07,66.49,Good,winter,66.49,Good,winter,66.44,Good,69.34,68.48,2.5,2.5,5.0,4.0,0.5,6.38628,4.9576,5.7,4.0,60.1,60.1,0.0,2.2,0.0,9.0
2011-12-08,66.93,Good,winter,66.93,Good,winter,67.61,Good,68.55,67.99,2.5,2.0,5.0,3.0,4.05,4.7180800000000005,1.6998400000000005,3.7,0.1,59.6,59.6,0.0,3.8,8.1,4.8
2011-12-09,59.52,Acceptable,winter,59.52,Acceptable,winter,59.78,Acceptable,64.31,67.4,2.0,1.5,5.0,3.5,1.45,2.0483200000000004,-0.20064000000000037,0.1,-2.7,50.8,50.8,0.0,2.7,2.9,5.1
2011-12-10,66.69,Good,winter,66.69,Good,winter,66.94,Good,64.38,67.07,2.0,2.0,5.0,4.0,3.5,3.16816,0.7055200000000001,1.4,-1.7,48.6,48.6,0.0,2.2,7.0,4.4
2011-12-11,66.37,Good,winter,66.37,Good,winter,66.48,Good,64.19,66.79,2.5,2.0,5.0,4.0,1.9,6.82392,3.8195200000000002,6.3,2.8,64.6,64.6,0.0,1.9,3.8,7.5
2011-12-12,72.81,Very Good,winter,72.81,Very Good,winter,73.02,Very Good,68.62,67.29,2.5,2.5,5.0,4.0,4.4,7.05664,4.6856,6.4,3.5,54.4,54.4,0.0,2.3,8.8,3.6
2011-12-13,70.34,Very Good,winter,70.34,Very Good,winter,70.53,Very Good,69.84,67.02,2.5,2.0,5.0,4.0,4.35,7.99488,3.4448000000000008,7.4,1.5,42.8,42.8,0.0,1.8,8.7,2.1
2011-12-14,64.59,Good,winter,64.59,Good,winter,64.6,Good,69.25,66.75,2.5,2.0,5.0,4.0,0.8,7.63792,3.58864,7.2,2.4,60.9,60.9,0.0,2.4,1.6,6.4
2011-12-15,62.92,Good,winter,62.92,Good,winter,63.09,Good,65.95,66.18,2.0,1.5,5.0,3.0,4.45,1.7683200000000006,-0.49727999999999906,-0.9,-3.9,38.8,38.8,0.0,3.9,8.9,0.8
2011-12-16,60.73,Good,winter,60.73,Good,winter,60.81,Good,62.75,66.35,1.5,1.5,5.0,3.0,4.5,-0.2113999999999998,-2.9344399999999995,-3.5,-7.1,39.1,39.1,0.0,3.9,9.0,0.1
2011-12-17,66.0,Good,winter,66.0,Good,winter,66.0,Good,63.22,66.25,2.0,1.5,5.0,4.0,4.55,0.9241600000000001,-2.3619199999999996,-1.6,-5.8,45.6,45.6,0.0,1.7,9.1,2.4
2011-12-18,67.99,Good,winter,67.99,Good,winter,67.99,Good,64.91,66.48,2.0,2.0,5.0,4.0,4.3,3.23008,0.2387200000000007,1.4,-2.4,46.8,46.8,0.0,2.2,8.6,2.8
2011-12-19,68.15,Good,winter,68.15,Good,winter,68.15,Good,67.38,65.82,2.0,2.0,5.0,4.0,4.4,3.89908,0.6603200000000005,1.9,-2.4,38.3,38.3,0.0,2.0,8.8,0.5
2011-12-20,68.8,Good,winter,68.8,Good,winter,68.8,Good,68.31,65.6,2.5,2.0,5.0,4.0,3.4,5.26816,2.1390400000000005,3.8,-0.3,40.8,40.8,0.0,1.9,6.8,4.5
2011-12-21,62.86,Good,winter,62.86,Good,winter,62.86,Good,66.6,65.35,2.5,2.0,4.93,3.5,0.9,5.93344,3.13768,5.2,1.9,61.8,61.8,0.7,2.7,1.8,8.9
2011-12-22,62.92,Good,winter,62.92,Good,winter,62.92,Good,64.86,65.35,2.0,1.5,5.0,3.0,4.45,3.4531600000000005,-1.4017999999999997,1.1,-5.5,33.9,33.9,0.0,4.8,8.9,1.0
2011-12-23,64.58,Good,winter,64.58,Good,winter,64.58,Good,63.45,65.9,2.0,1.5,4.94,4.0,3.9,1.4396800000000005,-1.87648,-1.1,-5.4,42.8,42.8,0.6,2.2,7.8,3.4
2011-12-24,60.26,Good,winter,60.26,Good,winter,60.26,Good,62.59,65.08,1.5,1.5,4.95,3.0,4.4,-0.6080000000000001,-2.4032000000000004,-3.0,-5.2,54.0,54.0,0.5,3.7,8.8,1.4
2011-12-25,60.73,Good,winter,60.73,Good,winter,60.73,Good,61.86,64.04,1.5,1.5,5.0,3.0,4.5,-0.01159999999999961,-2.681359999999999,-3.5,-7.1,35.4,35.4,0.0,3.6,9.0,0.0
2011-12-26,64.46,Good,winter,64.46,Good,winter,64.46,Good,61.82,63.52,2.0,1.5,5.0,3.5,4.5,0.3286000000000002,-2.2504399999999993,-3.5,-7.1,29.1,29.1,0.0,2.6,9.0,0.0
2011-12-27,64.95,Good,winter,64.95,Good,winter,64.95,Good,63.38,62.97,2.0,1.5,5.0,4.0,3.9,3.4035200000000003,-0.49439999999999973,1.2,-4.0,37.4,37.4,0.0,1.8,7.8,1.4
2011-12-28,64.08,Good,winter,64.08,Good,winter,64.08,Good,64.5,63.14,2.0,2.0,4.97,4.5,1.1,3.292,0.97,2.2,-0.5,65.0,65.0,0.3,1.6,2.2,7.6
2011-12-29,63.73,Good,winter,63.73,Good,winter,63.73,Good,64.25,63.26,2.0,1.5,5.0,3.5,4.05,2.82548,-0.11347999999999958,1.7,-1.7,66.1,66.1,0.0,2.8,8.1,2.8
2011-12-30,66.08,Good,winter,66.08,Good,winter,66.08,Good,64.63,63.47,2.0,1.5,5.0,4.5,3.7,2.9821600000000004,-1.2631999999999997,1.9,-3.0,66.6,66.6,0.0,1.6,7.4,0.0
2011-12-31,62.68,Good,winter,62.68,Good,winter,62.68,Good,64.16,63.82,2.0,1.5,5.0,4.5,1.6,2.5523999999999996,-0.3053999999999999,1.4,-1.9,66.5,66.5,0.0,1.6,3.2,5.5
2012-01-01,60.73,Good,winter,60.73,Good,winter,60.73,Good,63.16,63.82,2.0,1.5,5.0,3.5,2.2,1.7631999999999999,-1.1540000000000001,0.4,-3.0,64.5,64.5,0.0,2.9,4.4,5.1
2012-01-02,63.41,Good,winter,63.41,Good,winter,63.41,Good,62.27,63.67,2.0,1.5,5.0,4.0,2.95,0.30079999999999973,-2.8167999999999997,-1.2,-4.8,66.5,66.5,0.0,2.3,5.9,2.9
2012-01-03,60.57,Good,winter,60.57,Good,winter,60.57,Good,61.57,63.04,2.0,1.5,4.96,4.0,1.35,1.0933600000000003,-2.6613999999999995,-0.2,-4.5,68.3,68.3,0.4,2.5,2.7,7.5
2012-01-04,59.07,Acceptable,winter,59.07,Acceptable,winter,59.07,Acceptable,61.02,62.32,1.5,1.0,5.0,3.5,4.05,-1.7488799999999993,-4.29584,-4.3,-7.4,55.4,55.4,0.0,3.1,8.1,1.1
2012-01-05,67.38,Good,winter,67.38,Good,winter,67.38,Good,62.34,62.85,2.0,1.5,5.0,4.5,4.5,0.9690400000000003,-2.54744,-1.3,-5.7,49.8,49.8,0.0,1.5,9.0,0.0
2012-01-06,67.82,Good,winter,67.82,Good,winter,67.82,Good,64.76,63.09,2.0,2.0,5.0,4.0,4.2,3.2870799999999996,0.12352000000000052,1.3,-2.8,42.9,42.9,0.0,2.5,8.4,3.1
2012-01-07,66.98,Good,winter,66.98,Good,winter,66.98,Good,67.39,63.71,2.0,1.5,5.0,4.5,4.25,3.7119999999999997,-0.8468,2.0,-3.8,46.5,46.5,0.0,1.6,8.5,0.0
2012-01-08,60.9,Good,winter,60.9,Good,winter,60.9,Good,65.23,63.73,2.0,1.5,5.0,4.0,1.4,2.1548800000000004,-0.21499999999999986,0.4,-2.5,54.3,54.3,0.0,1.7,2.8,6.8
2012-01-09,62.96,Good,winter,62.96,Good,winter,62.96,Good,63.61,63.67,2.0,2.0,5.0,4.0,1.2,3.6898800000000005,1.0966800000000003,2.7,-0.3,66.1,66.1,0.0,1.9,2.4,6.4
2012-01-10,63.98,Good,winter,63.98,Good,winter,63.98,Good,62.61,64.16,2.0,1.5,5.0,4.0,3.3,3.0674,-0.19500000000000028,1.5,-2.5,53.9,53.9,0.0,2.5,6.6,1.9
2012-01-11,62.19,Good,winter,62.19,Good,winter,62.19,Good,63.04,64.6,1.5,1.5,5.0,3.5,4.5,-0.23035999999999968,-2.3072,-3.3,-6.0,42.3,42.3,0.0,3.1,9.0,0.0
2012-01-12,63.73,Good,winter,63.73,Good,winter,63.73,Good,63.3,64.08,2.0,1.5,5.0,4.0,3.15,1.4096000000000002,-2.059599999999999,-0.4,-4.6,56.5,56.5,0.0,2.5,6.3,4.5
2012-01-13,66.45,Good,winter,66.45,Good,winter,66.45,Good,64.12,63.88,2.0,2.0,5.0,4.0,3.35,3.9971200000000002,0.9145599999999996,2.6,-1.2,52.8,52.8,0.0,2.5,6.7,3.3
2012-01-14,70.34,Very Good,winter,70.34,Very Good,winter,70.34,Very Good,66.84,64.36,2.5,2.0,5.0,4.0,4.35,4.11328,0.7264000000000004,2.7,-1.5,51.6,51.6,0.0,2.1,8.7,2.5
2012-01-15,66.12,Good,winter,66.12,Good,winter,66.12,Good,67.64,65.11,2.0,2.0,5.0,4.0,3.15,2.4533999999999994,0.1971999999999996,0.3,-2.6,44.5,44.5,0.0,2.4,6.3,4.6
2012-01-16,74.39,Very Good,winter,74.39,Very Good,winter,74.39,Very Good,70.28,66.74,3.0,2.0,5.0,4.5,4.55,8.28752,2.9944,7.8,1.0,44.6,44.6,0.0,1.4,9.1,1.4
2012-01-17,72.16,Very Good,winter,72.16,Very Good,winter,72.16,Very Good,70.89,67.91,3.0,2.5,5.0,4.0,2.6,8.5708,4.2832,8.2,2.8,48.5,48.5,0.0,1.8,5.2,4.3
2012-01-18,67.02,Good,winter,67.02,Good,winter,67.02,Good,71.19,68.6,2.5,2.0,5.0,4.0,2.3,6.507680000000001,3.47088,5.4,1.4,39.8,39.8,0.0,1.7,4.6,4.8
2012-01-19,66.61,Good,winter,66.61,Good,winter,66.61,Good,68.6,69.01,3.0,2.5,4.98,3.5,0.15,8.691840000000001,6.15728,8.4,5.3,54.4,54.4,0.2,2.9,0.3,9.3
2012-01-20,66.91,Good,winter,66.91,Good,winter,66.91,Good,66.85,69.08,3.0,2.5,4.95,3.5,0.45,8.5652,6.1176,8.3,5.4,61.0,61.0,0.5,3.4,0.9,9.8
2012-01-21,63.55,Good,winter,63.55,Good,winter,63.55,Good,65.69,68.11,2.5,2.0,4.99,3.5,1.1,6.38284,3.6068800000000003,5.7,2.4,60.3,60.3,0.1,2.8,0.0,7.8
2012-01-22,63.0,Good,winter,63.0,Good,winter,63.0,Good,64.49,67.66,2.0,1.5,5.0,3.0,4.5,0.6801600000000008,-3.3033200000000003,-2.4,-7.7,37.9,37.9,0.0,4.2,9.0,1.9
2012-01-23,60.04,Good,winter,60.04,Good,winter,60.04,Good,62.2,65.61,1.5,1.0,5.0,3.5,4.65,-1.2179599999999988,-4.370719999999999,-5.3,-9.6,33.3,33.3,0.0,3.4,9.3,0.0
2012-01-24,65.1,Good,winter,65.1,Good,winter,65.1,Good,62.71,64.6,2.0,1.5,4.84,4.0,4.6,0.04923999999999973,-3.1410799999999997,-3.1,-7.3,39.9,39.9,1.6,2.5,9.2,2.0
2012-01-25,62.59,Good,winter,62.59,Good,winter,62.59,Good,62.58,63.97,1.5,1.5,5.0,3.5,4.75,-1.4780000000000002,-3.926639999999999,-5.0,-8.2,41.3,41.3,0.0,3.1,9.5,0.0
2012-01-26,64.7,Good,winter,64.7,Good,winter,64.7,Good,64.13,63.7,2.0,1.5,5.0,4.0,3.75,3.2923999999999998,-0.5522,1.8,-2.9,54.5,54.5,0.0,2.5,7.5,4.3
2012-01-27,65.64,Good,winter,65.64,Good,winter,65.64,Good,64.31,63.52,2.5,2.0,5.0,4.0,1.45,5.622160000000001,0.6434400000000006,4.9,-0.9,64.6,64.6,0.0,2.5,2.9,3.4
2012-01-28,69.04,Good,winter,69.04,Good,winter,69.04,Good,66.46,64.3,2.5,2.0,5.0,4.0,3.55,5.18656,1.7683200000000003,3.1,-1.8,24.4,24.4,0.0,2.5,7.1,4.4
2012-01-29,68.88,Good,winter,68.88,Good,winter,68.88,Good,67.85,65.14,2.5,2.0,5.0,3.5,4.35,4.173760000000001,1.1219200000000011,1.6,-2.8,23.4,23.4,0.0,2.8,8.7,1.1
2012-01-30,64.87,Good,winter,64.87,Good,winter,64.87,Good,67.6,65.83,2.0,1.5,5.0,3.5,4.75,2.55232,-0.7577599999999993,-0.8,-5.6,22.4,22.4,0.0,2.8,9.5,0.3
2012-01-31,56.31,Acceptable,winter,56.31,Acceptable,winter,56.31,Acceptable,63.35,64.58,2.0,1.5,4.61,3.5,0.95,1.8259200000000002,-1.6659200000000003,-0.3,-4.7,48.4,48.4,3.9,3.1,1.9,7.5
2012-02-01,51.7,Acceptable,winter,51.7,Acceptable,winter,51.7,Acceptable,57.63,63.02,1.0,0.0,5.0,3.0,4.75,-4.327959999999999,-8.04848,-8.1,-12.8,47.9,47.9,0.0,3.9,9.5,0.0
2012-02-02,53.24,Acceptable,winter,53.24,Acceptable,winter,53.24,Acceptable,53.75,61.38,1.0,0.0,5.0,3.5,4.8,-5.163199999999999,-8.429119999999998,-9.5,-13.7,44.4,44.4,0.0,3.4,9.6,0.0
2012-02-03,61.52,Good,winter,61.52,Good,winter,61.52,Good,55.49,60.79,1.5,1.0,4.99,4.0,4.7,-1.3590799999999992,-5.199919999999999,-3.9,-8.6,54.3,54.3,0.1,2.3,9.4,3.4
2012-02-04,66.2,Good,winter,66.2,Good,winter,66.2,Good,60.32,60.39,2.0,1.5,4.98,4.0,4.75,2.854,-0.3219999999999996,1.0,-3.0,48.5,48.5,0.2,2.3,9.5,3.0
2012-02-05,69.93,Good,winter,69.93,Good,winter,69.93,Good,65.88,60.54,2.5,2.0,5.0,4.5,3.2,6.12912,1.8860400000000004,4.8,-0.9,36.1,36.1,0.0,1.4,6.4,4.3
2012-02-06,66.65,Good,winter,66.65,Good,winter,66.65,Good,67.59,60.79,2.5,2.0,4.98,4.0,2.15,7.5928,2.69816,7.0,0.9,50.6,50.6,0.2,2.4,4.3,8.0
2012-02-07,61.1,Good,winter,61.1,Good,winter,61.1,Good,65.89,61.48,2.0,1.0,5.0,3.0,4.8,2.23108,-4.38404,-0.1,-8.7,42.3,42.3,0.0,5.2,9.6,0.0
2012-02-08,61.22,Good,winter,61.22,Good,winter,61.22,Good,62.99,62.84,1.5,1.5,5.0,3.0,4.8,-0.4383199999999996,-3.6151999999999997,-3.8,-8.0,39.1,39.1,0.0,3.5,9.6,2.5
2012-02-09,66.08,Good,winter,66.08,Good,winter,66.08,Good,62.8,64.67,2.0,1.5,5.0,4.0,4.6,1.6462000000000003,-1.5361999999999996,-0.5,-4.5,48.9,48.9,0.0,2.5,9.2,3.8
2012-02-10,63.49,Good,winter,63.49,Good,winter,63.49,Good,63.6,64.95,2.0,1.5,5.0,3.5,3.9,3.47952,-0.6055999999999995,1.7,-3.5,46.4,46.4,0.0,2.8,7.8,3.6
2012-02-11,65.03,Good,winter,65.03,Good,winter,65.03,Good,64.87,64.79,2.0,1.5,5.0,3.5,4.85,2.9159999999999995,-0.6259999999999999,0.8,-3.8,42.5,42.5,0.0,2.6,9.7,0.1
2012-02-12,70.5,Very Good,winter,70.5,Very Good,winter,70.5,Very Good,66.34,64.87,2.5,2.0,5.0,4.0,4.45,6.16448,2.55024,4.8,-0.1,34.4,34.4,0.0,1.8,8.9,4.9
2012-02-13,72.16,Very Good,winter,72.16,Very Good,winter,72.16,Very Good,69.23,65.65,3.0,2.5,5.0,4.0,2.6,8.87168,5.13412,8.4,3.1,26.3,26.3,0.0,2.1,5.2,5.3
2012-02-14,74.02,Very Good,winter,74.02,Very Good,winter,74.02,Very Good,72.23,67.5,3.0,2.5,5.0,4.0,3.75,8.64748,4.4308,8.3,3.0,48.9,48.9,0.0,2.5,7.5,4.0
2012-02-15,67.01,Good,winter,67.01,Good,winter,67.01,Good,71.06,68.33,2.5,2.0,5.0,3.0,4.1,4.918,1.7962000000000005,3.0,-1.3,31.5,31.5,0.0,3.7,8.2,5.6
2012-02-16,68.15,Good,winter,68.15,Good,winter,68.15,Good,69.73,68.62,2.5,2.0,5.0,3.0,4.8,4.67392,0.6611200000000004,2.7,-2.8,32.4,32.4,0.0,3.5,9.6,2.0
2012-02-17,62.43,Good,winter,62.43,Good,winter,62.43,Good,65.86,68.47,2.0,1.5,5.0,3.0,4.15,0.44884000000000013,-2.1425600000000005,-2.9,-6.4,35.1,35.1,0.0,4.4,8.3,1.0
2012-02-18,65.11,Good,winter,65.11,Good,winter,65.11,Good,65.23,68.48,2.0,1.5,5.0,3.5,4.9,0.7816799999999997,-2.6940799999999996,-2.2,-6.8,38.9,38.9,0.0,3.4,9.8,0.5
2012-02-19,66.73,Good,winter,66.73,Good,winter,66.73,Good,64.76,67.94,2.0,1.5,5.0,4.0,5.0,3.4019199999999996,-0.92096,1.3,-4.4,39.6,39.6,0.0,2.4,10.1,0.0
2012-02-20,69.61,Good,winter,69.61,Good,winter,69.61,Good,67.15,67.58,2.5,2.0,5.0,3.5,4.8,6.11216,1.5625600000000002,5.3,-0.2,56.8,56.8,0.0,2.6,9.6,0.5
2012-02-21,63.7,Good,winter,63.7,Good,winter,63.7,Good,66.68,66.11,2.5,2.0,5.0,4.0,0.25,6.2362,3.55972,5.5,2.3,59.1,59.1,0.0,1.9,0.5,6.9
2012-02-22,75.0,Very Good,winter,75.0,Very Good,winter,75.0,Very Good,69.44,67.25,3.0,2.5,5.0,4.0,4.35,11.65144,6.69712,12.1,5.8,46.6,46.6,0.0,2.4,8.7,5.4
2012-02-23,71.0,Very Good,winter,71.0,Very Good,winter,71.0,Very Good,69.9,67.65,3.0,2.5,4.97,3.5,2.9,8.45632,5.19744,8.2,4.4,64.4,64.4,0.3,3.1,5.8,6.9
2012-02-24,70.3,Very Good,winter,70.3,Very Good,winter,70.3,Very Good,72.1,68.78,3.0,2.5,5.0,3.5,2.35,9.74644,5.18236,9.7,4.3,61.3,61.3,0.0,3.2,4.7,6.8
2012-02-25,63.29,Good,winter,63.29,Good,winter,63.29,Good,68.2,68.52,2.5,2.0,5.0,3.0,1.8,5.852,2.6995200000000006,5.0,1.2,57.4,57.4,0.0,3.8,3.6,7.1
2012-02-26,67.18,Good,winter,67.18,Good,winter,67.18,Good,66.92,68.58,2.5,2.0,5.0,3.5,3.3,5.008800000000001,1.4855999999999998,3.2,-1.6,33.5,33.5,0.0,3.3,6.6,4.4
2012-02-27,71.39,Very Good,winter,71.39,Very Good,winter,71.39,Very Good,67.29,68.84,2.5,2.0,5.0,4.0,5.0,6.51904,2.240360000000001,5.2,-0.7,31.3,31.3,0.0,2.4,10.5,0.0
2012-02-28,70.78,Very Good,winter,70.78,Very Good,winter,70.78,Very Good,69.78,69.85,3.0,2.5,5.0,4.0,1.75,8.09272,4.41944,7.3,2.1,26.6,26.6,0.0,2.1,3.5,5.0
2012-02-29,75.4,Very Good,winter,75.4,Very Good,winter,75.4,Very Good,72.52,69.91,3.0,2.5,5.0,4.0,4.6,11.275120000000001,6.74136,11.8,5.4,27.1,27.1,0.0,2.2,9.2,3.6
2012-03-01,79.3,Very Good,spring,78.85,Very Good,winter,78.85,Very Good,75.01,71.03,3.5,3.0,5.0,4.0,3.85,13.12984,9.11548,14.6,8.7,20.1,20.1,0.0,1.9,7.7,5.9
2012-03-02,66.91,Good,spring,68.01,Good,winter,68.01,Good,74.09,70.7,3.0,2.5,4.97,3.5,1.05,9.5908,7.462960000000001,9.5,6.9,54.6,54.6,0.3,3.0,2.1,8.5
2012-03-03,73.54,Very Good,spring,72.24,Very Good,winter,72.24,Very Good,73.03,71.98,3.0,2.5,5.0,3.0,4.45,12.28636,7.555960000000001,12.9,6.9,47.1,47.1,0.0,3.5,8.9,5.4
2012-03-04,64.99,Good,spring,66.16,Good,winter,66.16,Good,68.8,71.83,3.0,2.5,5.0,3.0,0.7,9.760119999999999,6.96152,9.7,6.2,49.9,49.9,0.0,5.2,1.4,8.5
2012-03-05,57.82,Acceptable,spring,59.27,Acceptable,winter,59.27,Acceptable,65.89,70.1,3.0,2.5,4.3,2.5,0.0,8.6986,5.92228,8.5,5.3,66.9,66.9,7.0,5.8,0.0,10.0
2012-03-06,54.28,Acceptable,spring,55.56,Acceptable,winter,55.56,Acceptable,60.33,67.93,2.5,2.0,4.15,3.0,0.25,4.99744,3.5152,4.6,3.0,81.6,81.6,8.5,4.7,0.0,9.5
2012-03-07,72.91,Very Good,spring,72.32,Very Good,winter,72.32,Very Good,62.38,67.49,3.0,2.5,5.0,3.5,3.6,8.06708,4.1172,7.7,3.0,60.1,60.1,0.0,2.9,7.2,5.8
2012-03-08,63.44,Good,spring,63.61,Good,winter,63.61,Good,63.83,65.31,2.5,2.0,5.0,3.0,2.0,6.20224,3.6704,5.2,2.0,47.8,47.8,0.0,3.5,4.0,5.6
2012-03-09,72.05,Very Good,spring,72.24,Very Good,winter,72.24,Very Good,69.39,65.91,3.0,2.5,5.0,4.0,2.65,9.28396,4.74904,9.1,3.4,48.9,48.9,0.0,2.1,5.3,6.4
2012-03-10,71.37,Very Good,spring,70.7,Very Good,winter,70.7,Very Good,68.85,65.69,3.0,2.5,5.0,3.0,3.5,9.109,5.059,8.9,3.9,52.5,52.5,0.0,3.5,7.0,7.0
2012-03-11,67.7,Good,spring,66.2,Good,winter,66.25,Good,69.71,65.7,2.0,2.0,5.0,3.0,5.0,3.2836000000000003,0.4272000000000009,1.3,-2.4,43.0,43.0,0.0,5.4,11.1,1.9
2012-03-12,70.28,Very Good,spring,68.47,Good,winter,68.6,Good,68.46,67.01,2.5,2.0,5.0,3.0,5.0,4.829280000000001,1.1793599999999995,3.2,-1.6,40.1,40.1,0.0,3.8,11.2,0.0
2012-03-13,70.68,Very Good,spring,69.28,Good,winter,69.43,Good,67.98,68.97,2.5,2.0,5.0,3.5,4.6,7.282719999999999,3.3666400000000003,6.6,1.7,49.8,49.8,0.0,2.6,9.2,0.6
2012-03-14,61.15,Good,spring,63.0,Good,winter,62.74,Good,66.92,67.64,2.5,2.5,5.0,3.0,0.15,6.38544,4.35776,5.9,3.6,70.4,70.4,0.0,3.8,0.3,7.0
2012-03-15,77.41,Very Good,spring,76.05,Very Good,winter,76.29,Very Good,69.44,69.42,3.0,2.5,5.0,4.0,5.0,11.337760000000001,6.6556,11.8,5.5,35.8,35.8,0.0,1.9,10.4,1.9
2012-03-16,64.31,Good,spring,66.5,Good,winter,66.04,Good,68.52,68.6,3.0,3.0,4.6,3.5,0.04999999999999982,12.33276,8.471639999999999,12.9,8.1,51.1,51.1,4.0,3.2,0.0,9.9
2012-03-17,75.57,Very Good,spring,75.84,Very Good,winter,75.77,Very Good,72.8,69.33,3.5,3.0,4.8,4.0,2.75,15.402160000000002,10.35424,16.1,10.4,71.4,71.4,2.0,2.5,5.5,7.6
2012-03-18,74.05,Very Good,spring,73.13,Very Good,winter,73.39,Very Good,71.82,70.32,3.0,2.5,5.0,3.5,4.1,11.2768,7.361280000000001,11.5,6.9,62.8,62.8,0.0,3.3,8.2,3.4
2012-03-19,73.29,Very Good,spring,72.16,Very Good,winter,72.52,Very Good,73.71,70.85,2.5,2.5,5.0,3.5,4.9,7.8944,4.5856,7.2,2.8,38.0,38.0,0.0,3.1,9.8,1.9
2012-03-20,74.79,Very Good,spring,73.13,Very Good,winter,73.72,Very Good,72.81,71.4,3.0,2.5,5.0,3.0,5.0,8.77192,5.01544,8.3,3.1,30.6,30.6,0.0,3.9,11.3,0.4
2012-03-21,76.1,Very Good,spring,74.59,Very Good,winter,75.18,Very Good,73.29,73.06,3.0,2.5,5.0,3.5,5.0,10.29808,5.7523599999999995,10.4,4.3,36.3,36.3,0.0,2.9,11.0,0.9
2012-03-22,70.22,Very Good,spring,71.96,Very Good,winter,71.21,Very Good,73.23,72.47,3.0,3.0,5.0,4.0,1.0,11.14016,8.20832,11.4,7.8,53.6,53.6,0.0,2.5,2.0,8.6
2012-03-23,50.01,Acceptable,spring,51.52,Acceptable,winter,50.82,Acceptable,66.02,70.33,3.0,2.5,2.8,3.0,0.0,9.721,5.35,9.7,5.0,82.5,82.5,22.0,3.7,0.0,10.0
2012-03-24,65.92,Good,spring,65.92,Good,spring,65.57,Good,63.13,68.92,2.5,2.5,4.65,2.5,3.75,7.4642,4.5194,6.9,3.3,54.5,54.5,3.5,5.6,7.5,4.8
2012-03-25,74.79,Very Good,spring,74.79,Very Good,spring,74.02,Very Good,64.08,69.15,3.0,2.5,5.0,3.0,5.0,8.28328,5.22304,7.7,3.6,36.6,36.6,0.0,4.8,10.9,1.6
2012-03-26,74.79,Very Good,spring,74.79,Very Good,spring,74.08,Very Good,71.83,69.53,3.0,2.5,5.0,3.0,5.0,9.02084,5.40548,8.7,3.9,38.3,38.3,0.0,3.7,11.6,0.0
2012-03-27,70.29,Very Good,spring,70.29,Very Good,spring,70.35,Very Good,73.29,69.12,3.0,2.5,5.0,3.5,2.45,10.74736,7.01056,10.9,6.4,57.6,57.6,0.0,3.1,4.9,5.0
2012-03-28,79.87,Very Good,spring,79.87,Very Good,spring,79.65,Very Good,74.98,69.88,3.5,3.0,5.0,4.0,4.1,14.78848,10.082559999999999,15.8,10.1,56.4,56.4,0.0,2.0,8.2,4.0
2012-03-29,74.8,Very Good,spring,74.8,Very Good,spring,74.9,Very Good,74.99,70.28,3.5,3.0,5.0,3.5,2.45,15.1336,11.3248,16.2,11.6,57.0,57.0,0.0,3.4,4.9,6.0
2012-03-30,66.06,Good,spring,66.06,Good,spring,66.59,Good,73.58,72.36,3.0,3.0,4.99,3.0,0.34999999999999964,11.6986,9.106,11.9,9.0,73.5,73.5,0.1,3.7,0.0,9.3
2012-03-31,74.79,Very Good,spring,74.79,Very Good,spring,74.38,Very Good,71.88,73.63,3.0,2.5,5.0,3.0,5.0,10.07536,6.533440000000001,10.1,5.4,38.4,38.4,0.0,4.2,10.2,3.6
2012-04-01,76.1,Very Good,spring,76.1,Very Good,spring,75.78,Very Good,72.32,73.81,3.0,2.5,5.0,3.5,5.0,9.572560000000001,6.15304,9.4,4.6,28.1,28.1,0.0,3.1,10.9,0.0
2012-04-02,56.06,Acceptable,spring,56.06,Acceptable,spring,56.37,Acceptable,68.98,71.14,3.5,3.0,2.8,3.5,0.1,13.39316,8.59308,14.1,8.3,56.9,56.9,22.0,3.4,0.2,9.3
2012-04-03,45.42,Marginal,spring,45.42,Marginal,spring,45.48,Marginal,59.19,67.59,3.0,2.5,1.5,3.0,1.45,9.47944,5.57524,9.4,4.9,66.9,66.9,35.0,4.8,2.9,6.3
2012-04-04,74.79,Very Good,spring,74.79,Very Good,spring,74.61,Very Good,58.76,66.86,3.0,2.5,5.0,3.0,5.0,12.321760000000001,7.678240000000001,12.8,7.2,57.3,57.3,0.0,4.4,10.5,0.8
2012-04-05,74.79,Very Good,spring,74.79,Very Good,spring,74.67,Very Good,65.0,66.86,3.0,2.5,5.0,3.0,5.0,11.70192,7.44712,12.2,6.7,43.4,43.4,0.0,4.3,11.7,0.8
2012-04-06,72.28,Very Good,spring,72.28,Very Good,spring,72.25,Very Good,73.95,67.75,3.0,2.5,5.0,3.0,3.9,9.6936,6.4764,9.6,5.4,41.5,41.5,0.0,4.6,7.8,2.1
2012-04-07,76.1,Very Good,spring,76.1,Very Good,spring,76.1,Very Good,74.39,67.93,3.0,2.5,5.0,3.5,5.0,11.780800000000001,6.957800000000001,12.4,5.9,35.5,35.5,0.0,3.0,12.0,0.0
2012-04-08,78.84,Very Good,spring,78.84,Very Good,spring,78.84,Very Good,75.74,68.33,3.5,3.0,5.0,3.0,4.8,15.99792,11.025960000000001,17.6,11.3,47.3,47.3,0.0,4.7,9.6,2.9
2012-04-09,85.88,Excellent,spring,85.88,Excellent,spring,85.88,Excellent,80.27,72.59,4.5,3.5,5.0,3.5,4.2,20.207679999999996,14.44528,22.4,15.4,55.8,55.8,0.0,2.6,8.4,4.0
2012-04-10,66.86,Good,spring,66.86,Good,spring,66.86,Good,77.19,75.65,3.5,3.5,3.95,4.0,0.34999999999999964,16.425279999999997,13.44544,16.9,13.7,82.8,82.8,10.5,2.0,0.0,9.3
2012-04-11,72.23,Very Good,spring,72.23,Very Good,spring,72.23,Very Good,74.99,75.28,3.5,3.0,4.7,3.0,2.7,16.586,11.958,17.4,12.2,72.5,72.5,3.0,3.8,5.4,5.8
2012-04-12,70.22,Very Good,spring,70.22,Very Good,spring,70.22,Very Good,69.77,74.63,3.0,3.0,5.0,3.0,2.15,11.9152,9.1222,12.4,8.9,49.5,49.5,0.0,3.7,4.3,6.1
2012-04-13,70.35,Very Good,spring,70.35,Very Good,spring,70.35,Very Good,70.93,74.35,3.5,3.0,5.0,3.5,0.5,14.13712,10.243360000000001,15.1,10.3,52.8,52.8,0.0,2.7,1.0,8.4
2012-04-14,78.44,Very Good,spring,78.44,Very Good,spring,78.44,Very Good,73.0,74.69,3.5,3.0,5.0,3.5,4.05,15.580799999999998,10.436,16.4,10.5,68.0,68.0,0.0,2.9,8.1,3.9
2012-04-15,83.19,Excellent,spring,83.19,Excellent,spring,83.19,Excellent,77.33,75.31,4.0,3.0,5.0,3.5,5.0,19.6408,12.8016,21.7,13.4,56.0,56.0,0.0,2.6,10.9,3.5
2012-04-16,78.33,Very Good,spring,78.33,Very Good,spring,78.33,Very Good,79.99,74.23,3.5,3.0,5.0,3.5,4.0,16.572799999999997,11.5808,17.9,11.9,58.0,58.0,0.0,3.1,8.0,3.0
2012-04-17,81.92,Excellent,spring,81.92,Excellent,spring,81.92,Excellent,81.15,76.38,3.5,3.0,5.0,4.0,5.0,17.29828,12.708639999999999,19.7,13.6,38.1,38.1,0.0,2.4,11.9,0.0
2012-04-18,83.92,Excellent,spring,83.92,Excellent,spring,83.92,Excellent,81.39,78.05,4.0,3.5,5.0,4.0,3.9,18.23996,13.791839999999999,21.3,15.2,32.3,32.3,0.0,2.1,7.8,4.6
2012-04-19,87.07,Excellent,spring,87.07,Excellent,spring,87.07,Excellent,84.3,80.46,4.5,3.5,5.0,4.0,4.15,20.53052,15.1548,24.3,17.0,34.1,34.1,0.0,2.5,8.3,6.1
2012-04-20,86.9,Excellent,spring,86.9,Excellent,spring,86.9,Excellent,85.96,82.82,4.5,3.5,5.0,3.5,4.65,20.42728,16.34704,23.8,18.4,38.9,38.9,0.0,3.3,9.3,6.1
2012-04-21,36.51,Unfavorable,spring,36.51,Unfavorable,spring,36.51,Unfavorable,70.16,76.83,3.5,3.0,0.25,2.0,0.04999999999999982,15.60952,11.24656,16.3,11.4,72.6,72.6,47.5,7.1,0.0,9.9
2012-04-22,59.85,Acceptable,spring,59.85,Acceptable,spring,59.85,Acceptable,61.09,73.5,3.0,3.0,4.1,3.0,0.0,11.9312,9.42064,12.0,9.4,91.4,91.4,9.0,5.2,0.0,10.0
2012-04-23,71.2,Very Good,spring,71.2,Very Good,spring,71.2,Very Good,55.85,72.48,3.5,3.0,5.0,4.0,0.3,16.77732,12.69236,17.3,12.9,82.1,82.1,0.0,2.2,0.6,7.3
2012-04-24,92.61,Ideal,spring,92.61,Ideal,spring,92.61,Ideal,74.55,74.01,5.0,4.0,5.0,4.0,4.6,23.96392,18.15964,26.6,19.7,60.3,60.3,0.0,1.9,9.2,5.1
2012-04-25,55.5,Acceptable,spring,55.5,Acceptable,spring,55.5,Acceptable,73.1,69.95,4.0,3.5,2.2,3.0,0.04999999999999982,19.53584,14.545119999999999,20.7,15.1,72.8,72.8,28.0,3.9,0.0,9.9
2012-04-26,78.08,Very Good,spring,78.08,Very Good,spring,78.08,Very Good,75.4,68.66,3.5,3.0,4.8,3.0,5.0,15.53248,11.54584,16.8,11.9,53.4,53.4,2.0,4.8,12.7,2.4
2012-04-27,83.81,Excellent,spring,83.81,Excellent,spring,83.81,Excellent,72.46,68.22,4.0,3.5,5.0,3.0,5.0,18.9544,13.785599999999999,22.3,15.2,32.0,32.0,0.0,4.1,11.9,1.8
2012-04-28,83.87,Excellent,spring,83.87,Excellent,spring,83.87,Excellent,81.92,74.99,4.0,3.5,5.0,3.5,4.45,19.312160000000002,15.3872,22.1,17.0,42.4,42.4,0.0,3.1,8.9,1.8
2012-04-29,91.01,Ideal,spring,91.01,Ideal,spring,91.01,Ideal,86.23,79.44,5.0,4.0,5.0,4.0,3.9,23.50292,18.201159999999998,26.3,19.9,57.1,57.1,0.0,1.9,7.8,6.8
2012-04-30,90.94,Ideal,spring,90.94,Ideal,spring,90.94,Ideal,88.61,82.26,4.5,4.0,5.0,4.0,5.0,25.000079999999997,19.97428,29.4,22.9,43.3,43.3,0.0,2.5,12.4,0.0
2012-05-01,86.84,Excellent,spring,86.84,Excellent,spring,86.84,Excellent,89.6,81.44,4.5,4.0,5.0,4.0,3.2,24.35452,19.88344,28.3,22.6,46.1,46.1,0.0,2.0,6.4,6.8
2012-05-02,91.32,Ideal,spring,91.32,Ideal,spring,91.32,Ideal,89.7,86.55,4.5,4.5,4.96,3.5,5.0,25.07372,20.338520000000003,29.1,23.1,47.3,47.3,0.4,3.0,10.0,3.3
2012-05-03,91.63,Ideal,spring,91.63,Ideal,spring,91.63,Ideal,89.93,88.49,5.0,4.0,4.98,3.5,4.8,22.55408,18.152,25.4,20.0,53.8,53.8,0.2,3.3,9.6,3.4
2012-05-04,90.28,Ideal,spring,90.28,Ideal,spring,90.28,Ideal,91.08,89.41,5.0,3.5,5.0,3.5,5.0,22.48464,17.71344,25.7,19.7,48.8,48.8,0.0,3.3,12.2,0.0
2012-05-05,86.39,Excellent,spring,86.39,Excellent,spring,86.39,Excellent,89.43,89.77,4.5,3.5,5.0,3.0,5.0,21.467039999999997,16.77248,24.9,18.8,42.4,42.4,0.0,3.9,12.2,1.6
2012-05-06,87.7,Excellent,spring,87.7,Excellent,spring,87.7,Excellent,88.12,89.3,4.5,3.5,5.0,3.5,5.0,20.25916,15.89356,24.1,18.1,31.9,31.9,0.0,3.2,12.4,0.4
2012-05-07,89.01,Excellent,spring,89.01,Excellent,spring,89.01,Excellent,87.7,89.02,4.5,3.5,5.0,4.0,5.0,20.92468,16.2322,24.9,18.5,33.3,33.3,0.0,2.3,10.2,2.5
2012-05-08,90.45,Ideal,spring,90.45,Ideal,spring,90.45,Ideal,89.05,89.54,5.0,3.5,5.0,4.0,4.5,22.78,17.668,28.0,20.8,27.5,27.5,0.0,2.3,9.0,3.8
2012-05-09,92.21,Ideal,spring,92.21,Ideal,spring,92.21,Ideal,90.56,89.67,5.0,4.0,5.0,3.5,5.0,23.599839999999997,18.36312,27.4,20.7,45.4,45.4,0.0,2.7,10.7,0.0
2012-05-10,90.28,Ideal,spring,90.28,Ideal,spring,90.28,Ideal,90.98,89.47,5.0,3.5,5.0,3.5,5.0,22.95464,17.88204,26.6,20.1,45.1,45.1,0.0,2.8,11.1,2.4
2012-05-11,71.6,Very Good,spring,71.6,Very Good,spring,71.6,Very Good,84.7,86.81,3.5,3.5,5.0,3.5,0.2,17.55872,15.093919999999999,19.2,16.2,55.4,55.4,0.0,2.9,0.4,8.9
2012-05-12,77.08,Very Good,spring,77.08,Very Good,spring,77.08,Very Good,79.65,85.48,4.0,3.5,5.0,4.0,0.9,19.23076,15.90436,21.1,17.1,57.9,57.9,0.0,2.2,1.8,8.1
2012-05-13,89.65,Excellent,spring,89.65,Excellent,spring,89.65,Excellent,79.44,85.75,5.0,3.5,5.0,4.0,4.15,22.342399999999998,17.389200000000002,25.2,19.1,53.0,53.0,0.0,2.2,8.3,7.3
2012-05-14,68.5,Good,spring,68.5,Good,spring,68.5,Good,78.41,82.82,3.5,3.5,4.35,4.0,0.0,16.58944,15.582720000000002,17.2,16.1,78.8,78.8,6.5,1.8,0.0,10.0
2012-05-15,87.7,Excellent,spring,87.7,Excellent,spring,87.7,Excellent,81.95,82.43,4.5,3.5,5.0,3.5,5.0,20.93724,15.942279999999998,22.7,16.9,65.3,65.3,0.0,3.3,10.6,4.5
2012-05-16,84.96,Excellent,spring,84.96,Excellent,spring,84.96,Excellent,80.39,81.4,4.5,3.5,5.0,3.5,3.8,20.0128,15.507040000000002,22.0,16.6,58.6,58.6,0.0,3.0,7.6,5.9
2012-05-17,82.42,Excellent,spring,82.42,Excellent,spring,82.42,Excellent,85.03,80.27,4.0,3.5,4.95,3.5,3.95,18.6772,15.454240000000002,20.5,16.6,56.6,56.6,0.5,2.6,7.9,4.0
2012-05-18,89.01,Excellent,spring,89.01,Excellent,spring,89.01,Excellent,85.46,82.76,4.5,3.5,5.0,4.0,5.0,21.6812,16.525360000000003,24.5,18.1,51.4,51.4,0.0,2.5,12.7,2.1
2012-05-19,89.01,Excellent,spring,89.01,Excellent,spring,89.01,Excellent,86.81,84.46,4.5,3.5,5.0,4.0,5.0,21.8816,17.144,25.8,19.5,38.0,38.0,0.0,2.3,11.6,4.4
2012-05-20,90.94,Ideal,spring,90.94,Ideal,spring,90.94,Ideal,89.65,84.65,4.5,4.0,5.0,4.0,5.0,24.14468,18.54732,28.7,21.3,39.1,39.1,0.0,2.1,12.3,0.0
2012-05-21,93.52,Ideal,spring,93.52,Ideal,spring,93.52,Ideal,91.16,88.22,5.0,4.0,5.0,4.0,5.0,23.970879999999998,19.6096,28.9,23.0,34.8,34.8,0.0,2.1,12.4,0.0
2012-05-22,90.94,Ideal,spring,90.94,Ideal,spring,90.94,Ideal,91.8,88.69,4.5,4.0,5.0,4.0,5.0,24.25112,19.82072,29.3,23.3,34.6,34.6,0.0,2.4,12.4,3.9
2012-05-23,92.21,Ideal,spring,92.21,Ideal,spring,92.21,Ideal,92.22,89.72,5.0,4.0,5.0,3.5,5.0,23.4924,19.1718,27.8,22.1,39.5,39.5,0.0,3.0,10.4,3.5
2012-05-24,79.32,Very Good,spring,79.32,Very Good,spring,79.32,Very Good,87.49,89.28,4.5,3.5,5.0,4.0,0.75,21.368,17.8764,24.0,19.7,53.0,53.0,0.0,2.2,1.5,6.9
2012-05-25,92.21,Ideal,spring,92.21,Ideal,spring,92.21,Ideal,87.91,89.74,5.0,4.0,5.0,3.5,5.0,22.97456,18.2068,26.6,20.5,45.4,45.4,0.0,2.7,11.5,3.3
2012-05-26,88.0,Excellent,spring,88.0,Excellent,spring,88.0,Excellent,86.51,89.59,5.0,3.5,5.0,3.5,4.0,22.54512,17.63616,26.1,19.8,44.8,44.8,0.0,2.6,8.0,3.5
2012-05-27,81.24,Excellent,spring,81.24,Excellent,spring,81.24,Excellent,87.15,88.21,4.5,4.0,4.97,3.5,1.4,21.55616,18.02032,23.4,19.3,65.6,65.6,0.3,2.7,2.8,5.9
2012-05-28,84.51,Excellent,spring,84.51,Excellent,spring,84.51,Excellent,84.58,86.92,5.0,4.0,4.99,3.5,1.65,23.311999999999998,19.0688,26.0,20.9,58.0,58.0,0.1,2.8,3.3,7.3
2012-05-29,81.65,Excellent,spring,81.65,Excellent,spring,81.65,Excellent,82.47,85.59,4.5,4.0,5.0,3.5,1.5,21.753279999999997,18.85312,25.4,21.6,40.8,40.8,0.0,2.9,3.0,6.8
2012-05-30,80.22,Excellent,spring,80.22,Excellent,spring,80.22,Excellent,82.13,83.88,4.5,4.0,5.0,4.0,0.3,20.57536,18.32032,23.6,20.7,44.4,44.4,0.0,2.4,0.6,9.1
2012-05-31,87.68,Excellent,spring,87.68,Excellent,spring,87.68,Excellent,83.18,85.07,4.5,4.0,4.98,3.5,4.2,24.351679999999998,19.09496,27.2,20.9,58.6,58.6,0.2,2.7,8.4,3.8
2012-06-01,91.05,Ideal,summer,89.07,Excellent,spring,89.07,Excellent,85.66,84.62,5.0,4.0,5.0,4.0,3.05,23.51364,19.22488,26.7,21.4,52.3,52.3,0.0,1.8,6.1,5.8
2012-06-02,91.08,Ideal,summer,90.02,Ideal,spring,90.02,Ideal,88.92,84.91,4.5,4.5,5.0,4.0,3.75,24.64896,20.207520000000002,28.8,23.1,44.8,44.8,0.0,2.5,7.5,6.8
2012-06-03,93.23,Ideal,summer,92.87,Ideal,spring,92.87,Ideal,90.65,86.57,4.5,4.5,5.0,4.0,5.0,24.43196,20.04948,29.1,23.3,38.9,38.9,0.0,2.2,12.7,2.8
2012-06-04,93.23,Ideal,summer,92.87,Ideal,spring,92.87,Ideal,91.92,87.77,4.5,4.5,5.0,4.0,5.0,24.141640000000002,20.14348,29.1,23.7,35.1,35.1,0.0,2.5,11.6,3.9
2012-06-05,91.43,Ideal,summer,90.25,Ideal,spring,90.25,Ideal,92.0,89.0,4.5,4.5,5.0,3.0,5.0,24.882,20.63,27.5,22.5,62.6,62.6,0.0,3.5,10.0,6.0
2012-06-06,87.71,Excellent,summer,86.93,Excellent,spring,86.93,Excellent,90.02,89.96,4.0,4.5,5.0,3.5,4.1,26.0272,21.024,28.9,23.0,62.0,62.0,0.0,3.0,8.2,7.3
2012-06-07,86.29,Excellent,summer,85.16,Excellent,spring,85.16,Excellent,87.45,89.6,4.0,4.5,5.0,4.0,2.75,26.513279999999998,21.0656,29.4,23.0,62.8,62.8,0.0,2.4,5.5,4.6
2012-06-08,84.78,Excellent,summer,82.19,Excellent,spring,82.19,Excellent,84.76,88.61,4.5,4.5,4.8,4.0,0.85,25.494239999999998,20.56032,27.9,22.2,66.4,66.4,2.0,2.1,1.7,8.4
2012-06-09,88.1,Excellent,summer,87.55,Excellent,spring,87.55,Excellent,84.97,88.26,4.0,4.5,5.0,4.0,3.8,26.676199999999998,21.8996,29.9,24.2,59.5,59.5,0.0,2.0,7.6,5.6
2012-06-10,91.34,Ideal,summer,90.36,Ideal,spring,90.36,Ideal,86.7,87.9,4.5,4.5,5.0,4.0,3.9,25.61824,21.442239999999998,28.7,23.7,58.8,58.8,0.0,2.4,7.8,6.0
2012-06-11,87.43,Excellent,summer,85.06,Excellent,spring,85.06,Excellent,87.66,86.79,4.5,4.5,5.0,3.5,2.15,24.90928,21.05632,27.8,23.2,59.4,59.4,0.0,2.6,4.3,6.8
2012-06-12,89.75,Excellent,summer,88.24,Excellent,spring,88.24,Excellent,87.89,86.5,4.5,4.5,4.96,3.5,3.65,25.792839999999998,20.528560000000002,28.9,22.6,58.9,58.9,0.4,2.6,7.3,5.9
2012-06-13,89.23,Excellent,summer,87.46,Excellent,spring,87.46,Excellent,86.92,86.57,4.5,4.5,5.0,3.5,3.2,25.35436,20.88616,28.9,23.4,53.1,53.1,0.0,2.8,6.4,5.0
2012-06-14,88.4,Excellent,summer,87.84,Excellent,spring,87.84,Excellent,87.85,86.96,4.0,4.5,5.0,3.5,4.5,27.28188,21.78672,31.7,24.8,49.1,49.1,0.0,3.1,9.0,5.5
2012-06-15,87.77,Excellent,summer,85.52,Excellent,spring,85.52,Excellent,86.94,87.43,4.5,4.5,5.0,3.5,2.35,24.6016,21.11344,28.0,23.7,52.8,52.8,0.0,3.0,4.7,7.6
2012-06-16,89.26,Excellent,summer,88.98,Excellent,spring,88.98,Excellent,87.45,87.64,4.0,4.5,5.0,3.5,5.0,26.81948,21.4102,29.9,23.5,61.3,61.3,0.0,3.0,10.2,4.8
2012-06-17,89.26,Excellent,summer,88.98,Excellent,spring,88.98,Excellent,87.83,87.44,4.0,4.5,5.0,3.5,5.0,26.038,21.016000000000002,29.8,23.6,52.5,52.5,0.0,3.2,12.3,2.9
2012-06-18,91.68,Ideal,summer,90.82,Ideal,spring,90.82,Ideal,89.59,88.26,4.5,4.5,5.0,4.0,4.1,25.877200000000002,21.711399999999998,30.2,24.9,46.5,46.5,0.0,2.2,8.2,7.3
2012-06-19,87.49,Excellent,summer,87.53,Excellent,spring,87.53,Excellent,89.11,88.16,3.5,5.0,5.0,3.5,4.65,28.3112,22.4672,33.5,26.0,44.8,44.8,0.0,2.9,9.3,3.8
2012-06-20,90.26,Ideal,summer,89.6,Excellent,spring,89.6,Excellent,89.32,88.47,4.0,5.0,5.0,3.0,5.0,26.96332,22.26456,31.3,25.4,49.1,49.1,0.0,3.5,13.0,2.1
2012-06-21,87.4,Excellent,summer,87.42,Excellent,spring,87.42,Excellent,88.18,88.41,3.5,5.0,5.0,3.5,4.6,28.39488,22.89284,32.4,25.7,55.3,55.3,0.0,2.7,9.2,3.4
2012-06-22,85.66,Excellent,summer,83.61,Excellent,spring,83.61,Excellent,86.88,88.13,4.0,5.0,5.0,3.5,1.8,26.32008,22.09208,29.3,24.3,61.4,61.4,0.0,2.7,3.6,5.1
2012-06-23,89.91,Excellent,summer,89.37,Excellent,spring,89.37,Excellent,86.8,88.19,4.0,5.0,5.0,4.0,3.75,27.863439999999997,23.335839999999997,31.7,26.2,55.8,55.8,0.0,2.2,7.5,3.8
2012-06-24,83.13,Excellent,summer,82.47,Excellent,spring,82.47,Excellent,85.15,87.26,3.5,4.5,5.0,4.0,2.7,28.084959999999995,24.11896,32.8,27.8,48.3,48.3,0.0,2.3,5.4,5.3
2012-06-25,90.26,Ideal,summer,89.6,Excellent,spring,89.6,Excellent,87.15,87.09,4.0,5.0,5.0,3.0,5.0,27.678400000000003,22.573,33.2,26.5,40.5,40.5,0.0,4.2,10.9,2.5
2012-06-26,88.36,Excellent,summer,87.67,Excellent,spring,87.67,Excellent,86.58,87.11,4.0,4.5,5.0,3.0,5.0,26.21568,21.382160000000002,30.8,24.6,44.9,44.9,0.0,4.6,12.8,5.1
2012-06-27,88.74,Excellent,summer,88.3,Excellent,spring,88.3,Excellent,88.52,86.92,4.0,4.5,5.0,3.5,4.7,26.5564,21.66832,31.0,24.8,47.1,47.1,0.0,3.3,9.4,3.0
2012-06-28,90.74,Ideal,summer,88.99,Excellent,spring,88.99,Excellent,88.32,87.14,4.5,5.0,5.0,4.0,2.45,25.71136,22.26448,29.6,25.3,50.4,50.4,0.0,2.2,4.9,6.5
2012-06-29,74.51,Very Good,summer,74.13,Very Good,spring,74.13,Very Good,83.81,85.79,4.0,5.0,3.0,4.0,2.4,27.6736,23.381439999999998,31.0,25.9,60.4,60.4,20.0,2.3,4.8,8.9
2012-06-30,53.29,Acceptable,summer,51.14,Acceptable,spring,51.14,Acceptable,71.42,80.33,5.0,4.5,0.0,3.0,0.05,23.03144,21.31928,23.7,21.9,87.8,87.8,69.5,4.2,0.1,10.0
2012-07-01,85.45,Excellent,summer,82.44,Excellent,spring,82.44,Excellent,69.24,80.32,4.5,4.5,5.0,3.5,1.0,24.174159999999997,20.676640000000003,25.4,21.6,80.1,80.1,0.0,3.0,2.0,8.5
2012-07-02,86.89,Excellent,summer,85.96,Excellent,spring,85.96,Excellent,73.18,79.8,4.0,4.5,5.0,4.0,3.1,26.85376,21.9168,29.8,24.0,62.8,62.8,0.0,2.5,6.2,7.3
2012-07-03,71.93,Very Good,summer,71.23,Very Good,spring,71.23,Very Good,79.88,77.46,4.5,4.5,2.5,4.5,1.6,24.324679999999997,21.58748,25.7,22.7,78.1,78.1,25.0,1.5,3.2,8.3
2012-07-04,86.81,Excellent,summer,83.73,Excellent,spring,83.73,Excellent,80.31,76.8,4.5,5.0,4.97,3.5,0.8,25.994079999999997,23.236479999999997,27.4,24.4,79.8,79.8,0.3,3.2,1.6,8.9
2012-07-05,56.9,Acceptable,summer,55.58,Acceptable,spring,55.58,Acceptable,70.18,72.03,5.0,5.0,0.0,4.0,0.0,23.99264,22.17168,24.6,22.7,89.6,89.6,72.0,2.1,0.0,10.0
2012-07-06,51.63,Acceptable,summer,50.56,Acceptable,spring,50.56,Acceptable,63.29,68.66,4.5,4.5,0.0,3.5,0.34999999999999964,21.27136,20.411679999999997,21.8,20.9,88.8,88.8,102.5,3.2,0.0,9.3
2012-07-07,92.06,Ideal,summer,92.22,Ideal,spring,92.22,Ideal,66.12,74.53,4.0,5.0,5.0,4.0,5.0,27.8164,22.55632,31.0,24.8,62.1,62.1,0.0,1.7,12.0,2.1
2012-07-08,92.06,Ideal,summer,92.22,Ideal,spring,92.22,Ideal,78.33,75.93,4.0,5.0,5.0,4.0,5.0,27.7606,23.5564,30.7,25.8,64.5,64.5,0.0,2.5,13.1,1.5
2012-07-09,86.15,Excellent,summer,85.88,Excellent,spring,85.88,Excellent,90.11,75.92,3.5,5.0,5.0,4.0,3.35,29.097719999999995,23.959319999999998,32.3,26.3,64.1,64.1,0.0,2.0,6.7,5.8
2012-07-10,79.81,Very Good,summer,77.67,Very Good,spring,77.67,Very Good,85.26,76.84,4.0,5.0,4.35,4.0,0.35,26.609360000000002,23.826639999999998,29.1,25.9,67.4,67.4,6.5,2.5,0.7,8.9
2012-07-11,81.09,Excellent,summer,78.14,Very Good,spring,78.14,Very Good,80.56,76.04,4.5,5.0,4.2,3.5,0.4,25.411,22.4222,26.5,23.3,83.5,83.5,8.0,3.0,0.8,9.4
2012-07-12,84.32,Excellent,summer,81.96,Excellent,spring,81.96,Excellent,79.26,79.81,4.0,5.0,5.0,4.0,0.5,26.4502,23.07124,28.5,24.7,72.3,72.3,0.0,2.3,1.0,9.5
2012-07-13,51.1,Acceptable,summer,51.45,Acceptable,spring,51.45,Acceptable,70.52,79.93,4.0,4.5,0.0,4.0,1.3,27.45492,24.56084,29.3,26.1,76.1,76.1,76.5,2.2,2.6,8.8
2012-07-14,77.86,Very Good,summer,74.33,Very Good,spring,74.33,Very Good,69.25,77.38,4.5,4.5,4.2,3.0,0.15,25.04008,21.88352,26.2,22.8,82.1,82.1,8.0,3.7,0.3,10.0
2012-07-15,59.67,Acceptable,summer,57.16,Acceptable,spring,57.16,Acceptable,60.98,72.37,4.5,4.0,1.75,3.0,0.0,20.059,19.2926,20.5,19.7,89.5,89.5,32.5,4.4,0.0,10.0
2012-07-16,86.5,Excellent,summer,83.1,Excellent,spring,83.1,Excellent,71.53,71.97,5.0,4.5,4.75,4.0,0.25,23.817999999999998,20.77804,25.0,21.7,80.3,80.3,2.5,1.9,0.5,9.1
2012-07-17,83.72,Excellent,summer,81.16,Excellent,spring,81.16,Excellent,73.81,72.47,4.0,5.0,5.0,4.0,0.15,26.758,23.671,29.0,25.5,70.5,70.5,0.0,2.0,0.3,9.3
2012-07-18,77.42,Very Good,summer,74.84,Very Good,spring,74.84,Very Good,79.7,72.0,4.0,4.5,4.4,3.5,0.4,26.839679999999998,24.91776,28.4,26.3,78.8,78.8,6.0,2.6,0.8,9.4
2012-07-19,54.09,Acceptable,summer,53.12,Acceptable,spring,53.12,Acceptable,69.71,67.88,4.5,5.0,0.0,3.0,1.2,25.5298,23.08268,26.5,23.9,85.3,85.3,72.5,4.9,2.4,9.6
2012-07-20,89.08,Excellent,summer,88.53,Excellent,spring,88.53,Excellent,72.16,73.18,4.0,5.0,4.9,4.0,3.65,27.61968,23.952640000000002,29.7,25.6,73.6,73.6,1.0,2.3,7.3,7.1
2012-07-21,85.24,Excellent,summer,85.37,Excellent,spring,85.37,Excellent,75.67,74.75,3.5,4.5,5.0,4.5,3.4,28.60944,25.218,31.4,27.5,67.4,67.4,0.0,1.6,6.8,6.0
2012-07-22,70.71,Very Good,summer,70.27,Very Good,spring,70.27,Very Good,81.39,76.63,3.5,4.5,3.35,4.0,1.75,28.31104,25.43872,30.4,27.2,74.4,74.4,16.5,2.1,3.5,7.5
2012-07-23,77.5,Very Good,summer,75.02,Very Good,spring,75.02,Very Good,76.89,75.47,3.5,4.5,4.9,3.0,0.85,28.3598,25.76256,30.5,27.6,73.9,73.9,1.0,4.0,1.7,8.8
2012-07-24,84.81,Excellent,summer,84.58,Excellent,spring,84.58,Excellent,76.62,75.96,3.5,4.5,5.0,3.5,4.2,29.61596,25.79928,32.1,27.8,71.9,71.9,0.0,3.2,8.4,6.8
2012-07-25,87.09,Excellent,summer,87.71,Excellent,spring,87.71,Excellent,82.44,77.8,3.5,4.5,5.0,4.0,5.0,29.2712,25.6088,32.1,27.9,68.0,68.0,0.0,2.2,10.6,4.9
2012-07-26,87.09,Excellent,summer,87.71,Excellent,spring,87.71,Excellent,86.67,82.74,3.5,4.5,5.0,4.0,5.0,29.29136,25.45016,32.6,28.1,63.4,63.4,0.0,2.4,13.0,2.4
2012-07-27,85.42,Excellent,summer,85.37,Excellent,spring,85.37,Excellent,86.93,82.29,3.5,4.5,5.0,3.5,4.55,29.4456,25.6088,32.3,27.9,68.0,68.0,0.0,2.8,9.1,4.1
2012-07-28,79.84,Very Good,summer,80.07,Excellent,spring,80.07,Excellent,84.38,81.53,3.0,4.0,5.0,3.5,4.2,30.165440000000004,26.080199999999998,33.2,28.5,67.3,67.3,0.0,2.6,8.4,4.6
2012-07-29,79.98,Very Good,summer,80.12,Excellent,spring,80.12,Excellent,81.85,82.94,3.0,4.0,5.0,3.0,4.8,30.119040000000002,26.65024,33.2,29.2,66.8,66.8,0.0,3.7,9.6,5.5
2012-07-30,67.32,Good,summer,66.52,Good,spring,66.52,Good,75.57,81.73,3.5,4.0,3.2,3.0,2.5,29.20672,26.361279999999997,31.6,28.4,72.3,72.3,18.0,4.0,5.0,7.6
2012-07-31,82.03,Excellent,summer,81.62,Excellent,spring,81.62,Excellent,76.09,81.3,3.5,4.0,4.99,4.0,3.2,29.8812,26.4236,33.0,29.0,66.1,66.1,0.1,2.5,6.4,6.9
2012-08-01,81.95,Excellent,summer,82.97,Excellent,spring,82.97,Excellent,77.04,80.63,3.0,4.0,5.0,4.0,4.9,30.92816,27.20576,35.3,30.8,56.8,56.8,0.0,2.5,9.8,5.5
2012-08-02,80.32,Excellent,summer,80.58,Excellent,spring,80.58,Excellent,81.72,79.61,3.0,4.0,5.0,3.0,5.0,30.7672,26.93952,35.5,30.8,53.6,53.6,0.0,3.7,11.7,4.6
2012-08-03,81.22,Excellent,summer,81.89,Excellent,spring,81.89,Excellent,81.81,79.11,3.0,4.0,5.0,3.5,5.0,30.513039999999997,27.20188,35.4,31.3,51.9,51.9,0.0,3.2,12.9,3.5
2012-08-04,82.12,Excellent,summer,83.2,Excellent,spring,83.2,Excellent,81.89,79.56,3.0,4.0,5.0,4.0,5.0,30.970480000000002,27.368679999999998,36.2,31.7,50.1,50.1,0.0,2.2,11.3,3.0
2012-08-05,82.12,Excellent,summer,83.2,Excellent,spring,83.2,Excellent,82.76,80.0,3.0,4.0,5.0,4.0,5.0,31.466800000000003,27.5272,36.7,31.8,51.0,51.0,0.0,2.0,12.2,1.9
2012-08-06,81.6,Excellent,summer,82.52,Excellent,spring,82.52,Excellent,82.97,82.28,3.0,4.0,5.0,4.0,4.7,31.063119999999998,27.5526,35.8,31.5,54.1,54.1,0.0,2.4,9.4,2.9
2012-08-07,83.6,Excellent,summer,83.56,Excellent,spring,83.56,Excellent,83.09,82.56,3.5,4.0,5.0,3.5,4.6,29.8,26.394399999999997,35.0,30.7,48.0,48.0,0.0,3.2,9.2,3.0
2012-08-08,85.93,Excellent,summer,86.06,Excellent,spring,86.06,Excellent,84.05,83.0,3.5,4.5,5.0,3.5,4.85,29.595519999999997,25.80544,34.3,29.6,51.6,51.6,0.0,2.9,9.7,4.0
2012-08-09,80.83,Excellent,summer,81.49,Excellent,spring,81.49,Excellent,83.7,83.13,3.0,4.0,5.0,4.0,4.25,31.0084,26.8238,34.6,29.7,63.5,63.5,0.0,2.2,8.5,5.3
2012-08-10,81.54,Excellent,summer,78.94,Very Good,spring,78.94,Very Good,82.16,82.71,4.0,4.5,4.97,4.0,0.1,26.6744,25.270239999999998,29.0,27.4,69.4,69.4,0.3,1.9,0.2,8.9
2012-08-11,80.73,Excellent,summer,79.27,Very Good,spring,79.27,Very Good,79.9,82.15,3.5,4.5,5.0,4.0,1.3,28.748,25.222,31.8,27.7,65.0,65.0,0.0,1.9,2.6,5.9
2012-08-12,71.04,Very Good,summer,69.35,Good,spring,69.35,Good,75.85,80.17,4.0,4.5,3.3,4.0,0.34999999999999964,26.489479999999997,24.2786,27.9,25.5,80.3,80.3,17.0,2.0,0.0,9.3
2012-08-13,82.77,Excellent,summer,82.5,Excellent,spring,82.5,Excellent,77.04,80.17,3.5,4.5,4.8,4.0,3.25,29.006,24.276000000000003,32.1,26.6,65.0,65.0,2.0,2.1,6.5,6.8
2012-08-14,73.39,Very Good,summer,73.44,Very Good,spring,73.44,Very Good,75.1,78.72,3.5,4.5,3.45,3.5,3.45,28.17264,24.31524,31.2,26.7,64.3,64.3,15.5,2.9,6.9,5.6
2012-08-15,50.03,Acceptable,summer,49.34,Marginal,spring,49.34,Marginal,68.43,73.48,4.0,5.0,0.0,3.5,0.09999999999999964,26.279200000000003,23.0424,27.1,23.7,88.0,88.0,136.5,2.7,0.0,9.8
2012-08-16,86.24,Excellent,summer,85.22,Excellent,spring,85.22,Excellent,69.33,74.01,4.0,4.5,5.0,4.5,2.2,26.541279999999997,24.0032,28.9,26.0,68.8,68.8,0.0,1.6,4.4,6.8
2012-08-17,81.76,Excellent,summer,80.64,Excellent,spring,80.64,Excellent,71.73,74.25,3.5,4.5,5.0,4.0,1.9,29.8912,25.68,32.2,27.5,74.0,74.0,0.0,2.5,3.8,7.1
2012-08-18,80.68,Excellent,summer,78.24,Very Good,spring,78.24,Very Good,81.37,74.1,4.0,4.5,4.8,4.0,0.25,27.134320000000002,25.84464,28.6,27.2,80.3,80.3,2.0,2.5,0.0,9.5
2012-08-19,73.15,Very Good,summer,70.89,Very Good,spring,70.89,Very Good,76.59,74.32,3.5,4.0,4.5,3.0,0.95,28.78656,26.167279999999998,30.8,27.9,75.8,75.8,5.0,4.9,1.9,9.5
2012-08-20,47.06,Marginal,summer,45.87,Marginal,spring,45.87,Marginal,65.0,69.09,4.0,4.5,0.0,3.0,0.0,26.23816,24.623839999999998,27.1,25.4,87.4,87.4,59.5,4.1,0.0,10.0
2012-08-21,49.38,Marginal,summer,49.17,Marginal,spring,49.17,Marginal,55.31,65.62,4.0,4.5,0.0,4.0,0.3,27.60792,24.406480000000002,28.7,25.3,85.4,85.4,137.0,2.0,0.6,9.5
2012-08-22,77.1,Very Good,summer,74.4,Very Good,spring,74.4,Very Good,56.48,69.2,5.0,4.5,3.3,4.0,0.2999999999999998,23.4612,21.064,24.6,22.0,80.5,80.5,17.0,1.9,0.0,9.4
2012-08-23,87.38,Excellent,summer,83.42,Excellent,spring,83.42,Excellent,69.0,68.95,5.0,4.5,4.99,3.0,0.9,23.709239999999998,21.3516,25.7,23.0,68.3,68.3,0.1,3.5,1.8,8.4
2012-08-24,78.01,Very Good,summer,74.4,Very Good,spring,74.4,Very Good,77.41,68.06,4.5,4.5,4.25,3.0,0.05,24.168,21.704,26.1,23.3,70.0,70.0,7.5,3.9,0.1,9.3
2012-08-25,77.92,Very Good,summer,76.45,Very Good,spring,76.45,Very Good,78.09,67.8,4.0,5.0,3.85,4.0,1.15,27.39556,23.806,28.9,25.0,80.1,80.1,11.5,2.5,2.3,8.5
2012-08-26,83.13,Excellent,summer,82.47,Excellent,spring,82.47,Excellent,77.77,69.45,3.5,4.5,5.0,4.0,2.7,29.91808,25.561,32.4,27.5,72.3,72.3,0.0,1.9,5.4,6.1
2012-08-27,84.6,Excellent,summer,84.18,Excellent,spring,84.18,Excellent,81.03,74.93,3.5,4.5,5.0,3.0,4.6,29.22684,25.5326,32.9,28.5,59.9,59.9,0.0,4.0,9.2,5.0
2012-08-28,69.13,Good,summer,65.44,Good,spring,65.44,Good,77.36,77.25,4.0,4.5,3.65,2.0,0.0,27.033199999999997,24.1358,29.4,26.1,69.5,69.5,13.5,7.5,0.0,10.0
2012-08-29,83.76,Excellent,summer,82.53,Excellent,spring,82.53,Excellent,77.38,78.41,4.0,5.0,4.4,3.0,3.5,26.83092,23.83484,29.1,25.7,70.3,70.3,6.0,5.3,7.0,7.8
2012-08-30,64.67,Good,summer,62.33,Good,spring,62.33,Good,70.1,75.4,5.0,4.5,1.5499999999999998,3.5,0.25,23.86504,20.75248,24.7,21.4,85.8,85.8,34.5,3.3,0.0,9.5
2012-08-31,92.33,Ideal,summer,91.56,Ideal,spring,91.56,Ideal,78.81,77.85,4.5,4.5,5.0,3.5,5.0,25.86816,21.90112,28.4,23.8,65.6,65.6,0.0,2.8,11.3,3.0
2012-09-01,91.42,Ideal,autumn,90.17,Ideal,spring,90.17,Ideal,81.35,79.81,4.0,5.0,5.0,4.0,4.1,26.9944,23.315199999999997,29.4,25.2,69.0,69.0,0.0,2.2,8.2,5.9
2012-09-02,91.42,Ideal,autumn,90.17,Ideal,spring,90.17,Ideal,90.63,80.91,4.0,5.0,5.0,4.0,4.1,26.7778,22.906,29.5,25.0,65.1,65.1,0.0,2.0,8.2,3.9
2012-09-03,88.05,Excellent,autumn,86.35,Excellent,spring,86.35,Excellent,88.9,81.22,4.0,5.0,5.0,4.5,1.85,26.3836,23.195439999999998,28.5,24.9,71.4,71.4,0.0,1.5,3.7,6.3
2012-09-04,52.13,Acceptable,autumn,54.22,Acceptable,spring,54.22,Acceptable,76.91,79.62,5.0,4.5,0.0,4.0,0.25,23.48416,21.2368,24.4,22.0,84.1,84.1,55.5,2.3,0.5,9.8
2012-09-05,87.2,Excellent,autumn,87.41,Excellent,spring,87.44,Excellent,75.99,80.32,5.0,4.5,3.95,3.5,4.85,23.59484,20.386120000000002,26.1,22.3,61.1,61.1,10.5,2.7,9.7,4.8
2012-09-06,93.56,Ideal,autumn,93.52,Ideal,spring,93.58,Ideal,78.38,84.77,5.0,4.0,5.0,4.0,5.0,23.87836,19.41456,27.1,21.6,52.9,52.9,0.0,2.2,12.0,0.0
2012-09-07,89.06,Excellent,autumn,88.42,Excellent,spring,88.52,Excellent,89.78,84.32,4.5,4.5,4.7,4.0,3.85,24.48928,20.53,27.2,22.5,60.6,60.6,3.0,2.4,7.7,6.8
2012-09-08,67.37,Good,autumn,67.61,Good,spring,67.97,Good,83.18,81.1,5.0,4.0,2.5,3.0,1.45,22.15464,19.04944,23.7,20.2,71.8,71.8,25.0,4.2,2.9,8.3
2012-09-09,88.17,Excellent,autumn,87.25,Excellent,spring,87.68,Excellent,81.09,80.68,5.0,4.0,5.0,4.0,2.25,23.104,19.52224,25.0,20.9,68.4,68.4,0.0,1.8,4.5,8.4
2012-09-10,93.37,Ideal,autumn,92.87,Ideal,spring,92.95,Ideal,82.58,81.61,4.5,4.5,5.0,4.0,5.0,25.47448,21.16192,28.3,23.2,61.4,61.4,0.0,1.9,10.5,3.4
2012-09-11,93.37,Ideal,autumn,92.87,Ideal,spring,92.96,Ideal,91.0,87.14,4.5,4.5,5.0,4.0,5.0,24.217,20.39872,27.5,22.8,53.1,53.1,0.0,2.1,10.5,2.9
2012-09-12,85.79,Excellent,autumn,83.97,Excellent,spring,87.54,Excellent,89.9,86.64,5.0,4.5,4.95,4.0,0.1,22.95888,20.15696,24.8,21.6,68.9,68.9,0.5,1.8,0.2,8.5
2012-09-13,73.17,Very Good,autumn,72.64,Very Good,spring,74.74,Very Good,83.16,83.66,4.5,4.0,3.65,4.5,0.0,20.527240000000003,19.484,21.1,20.0,87.1,87.1,13.5,1.5,0.0,10.0
2012-09-14,82.08,Excellent,autumn,80.72,Excellent,spring,83.15,Excellent,79.11,82.56,4.5,4.0,4.8,4.0,1.05,20.313200000000002,18.2156,21.8,19.4,68.5,68.5,2.0,1.7,2.1,8.9
2012-09-15,90.82,Ideal,autumn,90.33,Ideal,spring,91.87,Ideal,81.23,85.81,5.0,4.0,5.0,4.0,3.6,22.8216,19.0992,25.5,21.0,56.8,56.8,0.0,2.0,7.2,7.9
2012-09-16,78.18,Very Good,autumn,76.08,Very Good,spring,79.58,Very Good,82.38,84.21,4.5,4.0,4.75,3.0,0.2999999999999998,20.16884,18.31996,22.1,19.9,60.1,60.1,2.5,3.8,0.0,9.4
2012-09-17,38.19,Unfavorable,autumn,39.54,Unfavorable,spring,39.9,Unfavorable,68.65,76.59,3.5,3.5,0.0,3.0,0.04999999999999982,17.95648,16.91456,18.4,17.3,86.8,86.8,85.5,5.2,0.0,9.9
2012-09-18,91.64,Ideal,autumn,92.73,Ideal,summer,92.49,Ideal,69.45,76.57,5.0,4.0,5.0,3.5,4.55,22.81296,19.565839999999998,24.6,20.9,69.4,69.4,0.0,2.9,9.1,6.5
2012-09-19,91.21,Ideal,autumn,92.34,Ideal,summer,92.05,Ideal,74.87,77.77,5.0,4.0,5.0,4.0,3.8,23.005119999999998,19.06936,25.2,20.6,63.9,63.9,0.0,2.4,7.6,4.5
2012-09-20,91.5,Ideal,autumn,92.59,Ideal,summer,92.28,Ideal,92.55,80.62,5.0,4.0,5.0,4.0,3.95,22.91248,18.871840000000002,24.7,20.1,69.6,69.6,0.0,2.0,7.9,3.4
2012-09-21,88.86,Excellent,autumn,90.27,Ideal,summer,89.82,Excellent,91.73,81.98,5.0,4.0,5.0,4.0,2.6,22.48676,18.81932,24.3,20.1,68.3,68.3,0.0,2.0,5.2,5.0
2012-09-22,93.17,Ideal,autumn,94.06,Ideal,summer,93.74,Ideal,92.31,82.52,5.0,4.0,5.0,4.0,4.8,23.81536,19.01368,26.4,20.7,60.6,60.6,0.0,1.9,9.6,4.5
2012-09-23,94.6,Ideal,autumn,95.3,Ideal,summer,95.02,Ideal,93.21,85.26,5.0,4.0,5.0,4.5,5.0,23.71824,19.255679999999998,26.6,21.2,56.6,56.6,0.0,1.4,11.2,1.6
2012-09-24,93.56,Ideal,autumn,94.4,Ideal,summer,94.04,Ideal,94.59,93.1,5.0,4.0,5.0,4.0,5.0,23.986,19.1908,27.5,21.5,49.8,49.8,0.0,1.9,11.2,0.5
2012-09-25,91.19,Ideal,autumn,91.33,Ideal,summer,91.26,Ideal,93.68,92.9,4.5,4.0,5.0,4.0,5.0,24.403760000000002,19.548560000000002,27.8,21.8,52.3,52.3,0.0,2.3,10.8,0.6
2012-09-26,89.25,Excellent,autumn,89.25,Excellent,autumn,89.93,Excellent,91.66,92.46,5.0,4.0,5.0,4.0,2.8,22.936,19.492,25.4,21.3,60.0,60.0,0.0,1.8,5.6,7.1
2012-09-27,83.06,Excellent,autumn,83.06,Excellent,autumn,83.58,Excellent,87.88,91.1,4.5,4.0,5.0,4.0,0.85,21.5328,18.7344,23.6,20.3,62.0,62.0,0.0,2.2,1.7,6.8
2012-09-28,72.83,Very Good,autumn,72.83,Very Good,autumn,73.56,Very Good,81.71,88.6,4.5,3.5,3.65,3.5,2.0,20.6704,17.113599999999998,22.0,18.0,72.3,72.3,13.5,2.7,4.0,6.3
2012-09-29,83.88,Excellent,autumn,83.88,Excellent,autumn,83.9,Excellent,79.92,87.15,4.0,3.5,4.95,3.5,4.3,18.18496,15.345279999999999,19.8,16.4,58.8,58.8,0.5,2.6,8.6,5.1
2012-09-30,87.68,Excellent,autumn,87.68,Excellent,autumn,87.53,Excellent,81.46,86.06,4.0,3.5,5.0,4.5,5.0,19.4072,15.30224,21.0,16.2,63.8,63.8,0.0,1.5,10.4,1.6
2012-10-01,92.42,Ideal,autumn,92.42,Ideal,autumn,92.74,Ideal,87.99,85.78,5.0,3.5,5.0,4.5,5.0,22.515120000000003,16.94332,24.6,18.1,64.3,64.3,0.0,1.5,10.4,0.9
2012-10-02,90.85,Ideal,autumn,90.85,Ideal,autumn,91.19,Ideal,90.32,85.71,5.0,3.5,5.0,4.5,4.2,22.77228,17.97196,24.9,19.3,64.3,64.3,0.0,1.5,8.4,1.5
2012-10-03,92.68,Ideal,autumn,92.68,Ideal,autumn,92.92,Ideal,91.98,86.2,5.0,4.0,5.0,4.0,4.55,23.4656,18.33184,26.0,19.9,60.4,60.4,0.0,1.8,9.1,3.5
2012-10-04,91.38,Ideal,autumn,91.38,Ideal,autumn,91.62,Ideal,91.64,87.39,5.0,3.5,5.0,4.0,5.0,22.01888,17.6176,24.2,19.0,61.6,61.6,0.0,2.0,10.3,1.4
2012-10-05,83.52,Excellent,autumn,83.52,Excellent,autumn,83.72,Excellent,89.19,88.92,4.5,3.5,5.0,4.0,2.2,20.82368,17.6104,22.8,19.0,61.4,61.4,0.0,1.9,4.4,6.9
2012-10-06,88.87,Excellent,autumn,88.87,Excellent,autumn,88.93,Excellent,87.92,89.63,4.5,3.5,5.0,4.5,4.4,21.7682,17.79136,24.5,19.6,52.9,52.9,0.0,1.6,8.8,3.6
2012-10-07,88.81,Excellent,autumn,88.81,Excellent,autumn,88.86,Excellent,87.07,89.79,4.5,3.5,5.0,4.0,4.9,21.802239999999998,17.540319999999998,24.4,19.2,54.9,54.9,0.0,2.1,9.8,0.9
2012-10-08,87.74,Excellent,autumn,87.74,Excellent,autumn,87.78,Excellent,88.47,89.12,4.5,3.5,5.0,4.0,4.35,20.8808,16.8208,23.4,18.4,53.0,53.0,0.0,1.8,8.7,2.8
2012-10-09,85.74,Excellent,autumn,85.74,Excellent,autumn,85.77,Excellent,87.43,88.39,4.5,3.5,5.0,4.5,2.8,20.415999999999997,16.384,22.4,17.6,60.0,60.0,0.0,1.5,5.6,5.0
2012-10-10,71.35,Very Good,autumn,71.35,Very Good,autumn,71.35,Very Good,81.61,85.34,4.0,3.5,3.7,4.0,1.75,19.04752,15.006879999999999,20.3,15.7,69.6,69.6,13.0,2.3,3.5,4.5
2012-10-11,84.27,Excellent,autumn,84.27,Excellent,autumn,84.27,Excellent,80.45,84.33,3.5,3.5,5.0,4.0,5.0,17.1064,13.07944,19.0,13.9,47.4,47.4,0.0,2.3,10.7,0.1
2012-10-12,86.64,Excellent,autumn,86.64,Excellent,autumn,86.64,Excellent,80.75,84.77,4.0,3.5,5.0,4.0,5.0,19.20208,13.95528,21.4,14.9,51.8,51.8,0.0,1.8,10.6,1.4
2012-10-13,88.42,Excellent,autumn,88.42,Excellent,autumn,88.42,Excellent,86.44,84.71,4.5,3.5,5.0,4.0,4.7,20.689600000000002,15.222399999999999,23.1,16.4,54.0,54.0,0.0,1.7,9.4,3.5
2012-10-14,83.54,Excellent,autumn,83.54,Excellent,autumn,83.54,Excellent,86.2,83.96,4.0,3.5,5.0,3.5,3.95,18.96328,14.78548,21.8,16.3,39.9,39.9,0.0,2.6,7.9,2.5
2012-10-15,87.68,Excellent,autumn,87.68,Excellent,autumn,87.68,Excellent,86.55,83.95,4.0,3.5,5.0,4.5,5.0,18.65176,13.51936,21.8,14.8,33.3,33.3,0.0,1.6,10.5,1.8
2012-10-16,87.25,Excellent,autumn,87.25,Excellent,autumn,87.25,Excellent,86.16,84.16,4.5,3.5,5.0,4.0,4.1,20.5324,15.5806,23.4,17.1,46.5,46.5,0.0,2.5,8.2,4.8
2012-10-17,75.55,Very Good,autumn,75.55,Very Good,autumn,75.55,Very Good,83.49,84.76,3.5,3.0,4.75,3.0,3.6,16.2928,12.1528,17.6,12.6,57.0,57.0,2.5,3.8,7.2,4.1
2012-10-18,82.09,Excellent,autumn,82.09,Excellent,autumn,82.09,Excellent,81.63,84.45,3.5,3.0,5.0,4.0,5.0,15.502,11.2576,17.0,11.6,46.5,46.5,0.0,2.0,10.4,0.3
2012-10-19,86.44,Excellent,autumn,86.44,Excellent,autumn,86.44,Excellent,81.36,84.42,4.0,3.5,5.0,4.0,4.9,18.17292,13.884160000000001,20.1,14.8,52.3,52.3,0.0,1.8,9.8,1.5
2012-10-20,82.46,Excellent,autumn,82.46,Excellent,autumn,82.46,Excellent,83.66,83.57,4.0,3.5,5.0,3.5,3.4,19.46,14.988000000000001,21.0,15.8,65.0,65.0,0.0,3.0,6.8,5.9
2012-10-21,87.75,Excellent,autumn,87.75,Excellent,autumn,87.75,Excellent,85.55,84.17,5.0,3.5,5.0,4.0,3.15,22.083399999999997,17.3206,23.7,18.3,70.5,70.5,0.0,1.7,6.3,4.8
2012-10-22,45.59,Marginal,autumn,45.59,Marginal,autumn,45.59,Marginal,71.93,78.16,3.5,3.5,1.0499999999999998,3.0,0.15,16.45532,13.091280000000001,17.1,13.4,77.3,77.3,39.5,3.9,0.3,8.9
2012-10-23,81.05,Excellent,autumn,81.05,Excellent,autumn,81.05,Excellent,71.46,77.28,3.5,3.0,5.0,3.5,5.0,13.5892,10.0,14.5,10.0,49.4,49.4,0.0,3.2,10.0,2.4
2012-10-24,75.72,Very Good,autumn,75.72,Very Good,autumn,75.72,Very Good,67.45,77.3,3.5,3.0,5.0,4.0,1.75,17.15008,12.72384,18.4,13.2,62.8,62.8,0.0,2.5,3.5,6.9
2012-10-25,80.76,Excellent,autumn,80.76,Excellent,autumn,80.76,Excellent,79.18,77.11,4.0,3.5,5.0,4.0,2.0,18.740000000000002,14.544799999999999,20.0,15.2,68.5,68.5,0.0,1.8,4.0,5.3
2012-10-26,87.93,Excellent,autumn,87.93,Excellent,autumn,87.93,Excellent,81.47,77.32,4.5,3.5,5.0,4.0,4.45,20.43532,15.005560000000001,22.3,15.9,62.1,62.1,0.0,2.2,8.9,2.4
2012-10-27,43.44,Marginal,autumn,43.44,Marginal,autumn,43.44,Marginal,70.71,71.75,3.5,3.5,0.5999999999999996,3.5,0.09999999999999964,16.0032,14.0334,16.4,14.3,84.5,84.5,44.0,3.3,0.0,9.8
2012-10-28,81.7,Excellent,autumn,81.7,Excellent,autumn,81.7,Excellent,71.02,70.88,3.5,3.5,5.0,3.0,4.75,17.58208,13.704880000000001,18.8,14.3,65.4,65.4,0.0,3.6,9.5,2.9
2012-10-29,78.56,Very Good,autumn,78.56,Very Good,autumn,78.56,Very Good,67.9,75.59,3.5,3.0,5.0,4.0,3.2,15.644079999999999,11.43208,16.7,11.7,60.6,60.6,0.0,2.1,6.4,4.8
2012-10-30,78.22,Very Good,autumn,78.22,Very Good,autumn,78.22,Very Good,79.49,75.19,3.0,3.0,4.99,3.5,4.8,11.97184,8.84976,12.4,8.6,55.4,55.4,0.1,2.9,9.6,1.5
2012-10-31,73.87,Very Good,autumn,73.87,Very Good,autumn,73.87,Very Good,76.88,74.93,3.0,2.5,4.98,4.0,3.2,11.28576,7.50884,11.6,6.9,50.9,50.9,0.2,2.5,6.4,5.1
2012-11-01,75.26,Very Good,autumn,75.26,Very Good,autumn,75.26,Very Good,75.78,74.14,3.0,2.5,5.0,3.0,4.9,10.0,6.7176,10.0,5.6,36.5,36.5,0.0,3.7,9.8,0.4
2012-11-02,77.34,Very Good,autumn,77.34,Very Good,autumn,77.34,Very Good,75.49,72.63,3.0,2.5,5.0,4.0,4.9,11.79424,7.90672,12.4,7.2,36.9,36.9,0.0,1.9,9.8,0.3
2012-11-03,81.6,Excellent,autumn,81.6,Excellent,autumn,81.55,Excellent,78.07,78.08,3.5,3.0,5.0,4.0,4.75,14.3662,9.5404,15.7,9.4,41.5,41.5,0.0,1.9,9.5,1.5
2012-11-04,69.78,Good,autumn,69.78,Good,autumn,69.78,Good,76.24,76.38,3.5,3.0,4.6,3.5,0.65,14.3778,11.4868,15.3,11.8,56.5,56.5,4.0,3.4,1.3,8.9
2012-11-05,64.92,Good,autumn,64.92,Good,autumn,65.02,Good,72.1,74.43,3.0,3.0,4.2,4.0,0.25,10.66528,8.5744,10.7,8.5,87.6,87.6,8.0,1.9,0.5,9.6
2012-11-06,65.0,Good,autumn,65.0,Good,autumn,65.06,Good,66.57,72.54,3.0,2.5,4.5,4.0,0.35,8.7064,7.320399999999999,8.6,7.1,81.0,81.0,5.0,2.3,0.7,9.3
2012-11-07,76.29,Very Good,autumn,76.29,Very Good,autumn,76.17,Very Good,68.74,72.88,3.0,3.0,5.0,4.0,3.25,12.184,8.60224,12.5,8.4,68.4,68.4,0.0,2.4,6.5,5.0
2012-11-08,74.78,Very Good,autumn,74.78,Very Good,autumn,74.82,Very Good,72.02,72.82,3.0,3.0,5.0,4.5,1.9500000000000002,12.33584,8.92192,12.6,8.8,74.6,74.6,0.0,1.6,0.0,6.1
2012-11-09,80.52,Excellent,autumn,80.52,Excellent,autumn,80.24,Excellent,77.2,73.27,3.5,3.0,5.0,4.0,4.2,14.272,9.48736,15.0,9.4,63.6,63.6,0.0,2.5,8.4,1.6
2012-11-10,79.13,Very Good,autumn,79.13,Very Good,autumn,78.54,Very Good,78.14,72.92,3.5,3.0,5.0,3.0,4.55,13.746839999999999,11.5944,14.7,12.0,49.3,49.3,0.0,4.6,9.1,4.8
2012-11-11,49.32,Marginal,autumn,49.32,Marginal,autumn,49.79,Marginal,69.66,69.99,3.0,3.0,2.2,3.0,0.35,11.776,8.8456,12.0,8.7,72.0,72.0,28.0,5.3,0.7,8.9
2012-11-12,64.97,Good,autumn,64.97,Good,autumn,64.74,Good,64.47,70.0,3.0,2.5,4.7,3.0,0.7,9.21592,7.64776,9.1,7.3,67.8,67.8,3.0,4.6,1.4,9.4
2012-11-13,72.72,Very Good,autumn,72.72,Very Good,autumn,71.99,Very Good,62.34,71.1,3.0,2.5,5.0,3.0,3.6,9.26272,6.14976,9.1,5.3,54.8,54.8,0.0,3.6,7.2,4.9
2012-11-14,71.26,Very Good,autumn,71.26,Very Good,autumn,70.45,Very Good,69.65,70.39,2.5,2.0,5.0,3.5,4.65,7.31644,3.81968,6.7,2.4,53.3,53.3,0.0,3.4,9.3,1.8
2012-11-15,78.09,Very Good,autumn,78.09,Very Good,autumn,77.63,Very Good,74.02,70.86,3.0,2.5,5.0,4.5,4.75,9.8388,5.325200000000001,9.8,4.2,51.5,51.5,0.0,1.4,9.5,0.0
2012-11-16,61.81,Good,autumn,62.6,Good,winter,62.21,Good,70.65,68.3,3.0,2.5,4.05,4.0,0.3,8.3872,5.430400000000001,8.2,4.9,74.0,74.0,9.5,2.1,0.6,7.1
2012-11-17,72.92,Very Good,autumn,71.56,Very Good,winter,72.19,Very Good,70.75,67.22,3.0,2.5,4.85,3.5,3.7,8.3072,6.02192,8.0,5.3,61.6,61.6,1.5,3.2,7.4,4.5
2012-11-18,76.95,Very Good,autumn,75.56,Very Good,winter,76.16,Very Good,69.91,70.97,3.0,2.5,5.0,4.0,4.7,8.75136,4.9274,8.4,3.5,45.1,45.1,0.0,1.7,9.4,1.6
2012-11-19,66.24,Good,autumn,65.54,Good,winter,65.82,Good,70.89,71.05,2.5,2.5,4.45,3.5,2.9,7.9417599999999995,4.33984,7.6,3.4,64.4,64.4,5.5,3.2,5.8,5.0
2012-11-20,71.91,Very Good,autumn,70.5,Very Good,winter,71.0,Very Good,70.53,70.73,2.5,2.0,5.0,4.0,4.45,7.09696,3.46816,6.4,1.9,51.6,51.6,0.0,2.1,8.9,1.3
2012-11-21,73.78,Very Good,autumn,73.54,Very Good,winter,73.62,Very Good,69.86,71.06,3.0,2.5,5.0,4.5,2.55,8.64,4.984999999999999,8.4,4.1,62.5,62.5,0.0,1.6,5.1,5.0
2012-11-22,72.63,Very Good,autumn,71.98,Very Good,winter,72.16,Very Good,72.01,70.18,3.0,2.5,4.97,4.0,2.6,10.4366,7.1184400000000005,10.5,6.7,68.3,68.3,0.3,2.1,5.2,5.6
2012-11-23,70.6,Very Good,autumn,69.4,Good,winter,69.7,Good,71.64,71.15,2.5,2.5,5.0,3.5,3.2,7.3588000000000005,4.2916,6.9,3.3,63.0,63.0,0.0,3.1,6.4,5.9
2012-11-24,72.3,Very Good,autumn,70.82,Very Good,winter,71.14,Very Good,70.73,71.05,2.5,2.0,5.0,4.0,4.65,7.40092,3.4629200000000004,6.7,1.7,46.9,46.9,0.0,2.3,9.3,0.0
2012-11-25,70.28,Very Good,autumn,70.32,Very Good,winter,70.31,Very Good,70.18,70.3,2.5,2.5,4.95,4.5,2.15,7.944,4.57216,7.5,3.4,55.6,55.6,0.5,1.6,4.3,7.6
2012-11-26,68.36,Good,autumn,66.32,Good,winter,66.61,Good,69.15,70.41,2.5,2.0,4.9,3.0,4.05,6.050599999999999,3.7938,5.1,2.3,51.5,51.5,1.0,3.8,8.1,3.8
2012-11-27,74.48,Very Good,autumn,73.21,Very Good,winter,73.35,Very Good,69.95,70.8,2.5,2.5,5.0,4.0,4.65,7.3554,4.03076,6.5,2.1,38.9,38.9,0.0,1.7,9.3,1.6
2012-11-28,68.4,Good,autumn,67.25,Good,winter,67.33,Good,68.93,69.9,3.0,2.5,4.9,3.0,1.75,10.163599999999999,5.91,10.2,5.0,54.5,54.5,1.0,3.8,3.5,5.3
2012-11-29,71.23,Very Good,autumn,69.93,Good,winter,69.98,Good,70.13,69.61,2.5,2.0,5.0,4.0,4.1,6.09072,3.21408,4.7,0.8,34.4,34.4,0.0,2.3,8.2,3.8
2012-11-30,68.63,Good,autumn,67.76,Good,winter,67.76,Good,68.31,69.37,2.5,2.0,4.95,4.0,2.95,6.96608,3.3732800000000003,6.2,1.7,49.6,49.6,0.5,2.5,5.9,5.5
2012-12-01,70.5,Very Good,winter,70.5,Very Good,winter,70.5,Very Good,69.4,69.33,2.5,2.0,5.0,4.0,4.45,5.2504,1.3715600000000006,4.0,-0.9,47.9,47.9,0.0,1.8,8.9,3.0
2012-12-02,72.0,Very Good,winter,72.0,Very Good,winter,72.0,Very Good,70.09,69.57,2.5,2.5,5.0,4.0,3.9,7.6753599999999995,4.30864,7.1,2.9,50.4,50.4,0.0,2.3,7.8,5.1
2012-12-03,58.19,Acceptable,winter,58.19,Acceptable,winter,58.19,Acceptable,66.9,68.41,2.5,2.0,4.46,3.0,0.7000000000000002,5.662,2.79892,5.0,1.7,66.9,66.9,5.4,3.8,0.0,8.6
2012-12-04,63.16,Good,winter,63.16,Good,winter,63.16,Good,64.45,66.97,2.0,1.5,5.0,3.0,4.6,2.27148,-0.17715999999999976,-0.1,-3.3,41.3,41.3,0.0,3.7,9.2,0.5
2012-12-05,53.69,Acceptable,winter,53.69,Acceptable,winter,53.69,Acceptable,58.35,65.03,2.0,1.5,4.42,3.5,0.05,0.6472,-1.9507999999999999,-0.8,-3.8,66.5,66.5,5.8,3.2,0.1,6.4
2012-12-06,61.81,Good,winter,61.81,Good,winter,61.81,Good,59.55,63.87,1.5,1.5,4.99,4.0,3.4,-0.4954399999999999,-3.2616799999999997,-2.9,-6.3,53.4,53.4,0.1,2.5,6.8,3.8
2012-12-07,53.89,Acceptable,winter,53.89,Acceptable,winter,53.89,Acceptable,56.46,61.89,1.5,1.5,4.81,3.0,1.0,-1.2095999999999998,-3.1079999999999997,-2.4,-4.5,76.0,76.0,1.9,4.1,0.0,8.0
2012-12-08,59.56,Acceptable,winter,59.56,Acceptable,winter,59.56,Acceptable,58.42,60.33,1.5,1.0,5.0,3.5,4.35,-1.7748799999999987,-4.006719999999999,-5.3,-8.2,42.4,42.4,0.0,2.8,8.7,1.3
2012-12-09,59.8,Acceptable,winter,59.8,Acceptable,winter,59.8,Acceptable,57.75,58.59,1.5,1.0,5.0,3.5,4.5,-3.294,-6.031,-7.0,-10.5,45.5,45.5,0.0,2.8,9.0,0.0
2012-12-10,61.26,Good,winter,61.26,Good,winter,61.26,Good,60.21,59.02,1.5,1.0,5.0,4.0,4.5,-1.7559199999999997,-4.7351600000000005,-4.6,-8.3,51.3,51.3,0.0,2.0,9.0,0.0
2012-12-11,65.92,Good,winter,65.92,Good,winter,65.92,Good,62.33,59.42,2.0,1.5,5.0,4.0,4.5,1.1310400000000003,-3.5497999999999994,-0.8,-6.5,55.3,55.3,0.0,2.1,9.0,1.3
2012-12-12,67.22,Good,winter,67.22,Good,winter,67.22,Good,64.8,61.35,2.0,1.5,5.0,4.5,4.4,1.7280000000000002,-2.4079999999999995,0.0,-5.0,56.8,56.8,0.0,1.6,8.8,0.0
2012-12-13,68.31,Good,winter,68.31,Good,winter,68.31,Good,67.15,62.28,2.5,2.0,5.0,3.5,4.0,4.58536,0.5653999999999999,3.4,-1.5,55.1,55.1,0.0,2.7,8.0,2.8
2012-12-14,49.09,Marginal,winter,49.09,Marginal,winter,49.09,Marginal,61.54,61.59,2.5,2.0,3.15,3.0,0.04999999999999982,5.12824,3.2898400000000003,4.7,2.7,79.8,79.8,18.5,4.5,0.0,9.9
2012-12-15,71.29,Very Good,winter,71.29,Very Good,winter,71.29,Very Good,62.9,63.27,3.0,2.5,4.95,4.0,2.25,8.44688,5.06656,8.3,4.6,78.4,78.4,0.5,2.2,4.5,5.0
2012-12-16,68.39,Good,winter,68.39,Good,winter,68.39,Good,62.92,64.5,2.5,2.0,5.0,4.0,3.15,4.8244,2.3728000000000002,4.3,1.6,77.0,77.0,0.0,1.9,6.3,3.5
2012-12-17,67.66,Good,winter,67.66,Good,winter,67.66,Good,69.11,65.41,2.5,2.0,5.0,3.5,3.6,4.14112,1.0393599999999998,3.2,-0.4,65.4,65.4,0.0,3.4,7.2,1.6
2012-12-18,62.19,Good,winter,62.19,Good,winter,62.19,Good,66.08,64.88,1.5,1.5,5.0,3.5,4.5,-1.1663999999999999,-3.3996799999999996,-4.0,-6.8,49.4,49.4,0.0,3.4,9.0,0.0
2012-12-19,65.92,Good,winter,65.92,Good,winter,65.92,Good,65.26,64.69,2.0,1.5,5.0,4.0,4.5,0.016000000000000902,-3.1820000000000004,-2.8,-6.9,45.0,45.0,0.0,2.1,9.0,0.9
2012-12-20,65.03,Good,winter,65.03,Good,winter,65.03,Good,64.38,64.22,2.0,1.5,5.0,4.0,3.95,2.27492,-0.6717599999999999,0.3,-3.4,49.1,49.1,0.0,2.4,7.9,2.6
2012-12-21,59.75,Acceptable,winter,59.75,Acceptable,winter,59.75,Acceptable,63.57,65.75,2.0,2.0,4.82,3.5,0.7999999999999998,2.0475200000000005,0.7509200000000005,0.8,-0.7,66.1,66.1,1.8,2.6,0.0,8.4
2012-12-22,60.49,Good,winter,60.49,Good,winter,60.49,Good,61.76,64.2,2.0,1.5,5.0,3.5,2.05,0.6083199999999997,-1.3048000000000002,-0.8,-3.0,67.4,67.4,0.0,2.9,4.1,4.1
2012-12-23,58.18,Acceptable,winter,58.18,Acceptable,winter,58.18,Acceptable,59.47,62.75,1.5,1.0,5.0,3.0,4.4,-2.9680400000000002,-5.414840000000001,-5.9,-8.9,53.9,53.9,0.0,4.4,8.8,1.8
2012-12-24,61.26,Good,winter,61.26,Good,winter,61.26,Good,59.98,61.83,1.5,1.0,5.0,4.0,4.5,-1.7159999999999997,-5.1904,-4.5,-8.8,52.0,52.0,0.0,1.9,9.0,2.4
2012-12-25,57.4,Acceptable,winter,57.4,Acceptable,winter,57.4,Acceptable,58.95,61.15,1.5,1.0,4.9,3.0,4.3,-1.7325599999999999,-5.188040000000001,-4.6,-8.9,50.9,50.9,1.0,3.5,8.6,1.6
2012-12-26,61.26,Good,winter,61.26,Good,winter,61.26,Good,59.97,60.48,1.5,1.0,5.0,4.0,4.5,-2.477999999999999,-5.2672,-7.0,-10.8,33.5,33.5,0.0,2.4,9.0,1.0
2012-12-27,66.0,Good,winter,66.0,Good,winter,66.0,Good,61.55,60.62,2.0,1.5,5.0,4.5,3.65,1.4852799999999997,-2.3778800000000007,-0.8,-5.7,47.1,47.1,0.0,1.6,7.3,4.4
2012-12-28,63.13,Good,winter,63.13,Good,winter,63.13,Good,63.46,61.1,2.0,2.0,5.0,4.0,1.2999999999999998,2.8770000000000002,0.8658000000000002,1.5,-0.9,59.5,59.5,0.0,1.8,0.0,7.4
2012-12-29,59.64,Acceptable,winter,59.64,Acceptable,winter,59.64,Acceptable,62.92,60.98,2.0,2.0,4.59,4.0,0.7000000000000002,1.1978400000000002,0.3550800000000001,0.6,-0.3,84.1,84.1,4.1,1.9,0.0,8.6
2012-12-30,58.87,Acceptable,winter,58.87,Acceptable,winter,58.87,Acceptable,60.55,61.08,2.0,1.0,4.77,3.0,4.3,1.8159999999999998,-4.89488,0.0,-8.2,54.6,54.6,2.3,4.0,8.6,2.0
2012-12-31,61.26,Good,winter,61.26,Good,winter,61.26,Good,59.92,61.08,1.5,1.0,5.0,4.0,4.5,-1.7539999999999996,-4.653319999999999,-5.0,-8.7,45.9,45.9,0.0,2.2,9.0,1.5
2013-01-01,58.99,Acceptable,winter,58.99,Acceptable,winter,58.99,Acceptable,59.71,61.31,2.0,1.5,4.69,3.5,2.3,1.06,-3.1418,0.0,-4.7,73.5,73.5,3.1,3.2,4.6,8.3
2013-01-02,58.42,Acceptable,winter,58.42,Acceptable,winter,58.42,Acceptable,59.56,60.9,1.5,1.0,5.0,3.0,4.55,-1.2953599999999987,-6.561439999999998,-4.8,-11.7,40.8,40.8,0.0,4.2,9.1,0.3
2013-01-03,57.61,Acceptable,winter,57.61,Acceptable,winter,57.61,Acceptable,58.34,59.7,1.0,1.0,5.0,3.5,4.55,-4.88416,-7.891839999999999,-9.3,-13.2,42.8,42.8,0.0,2.8,9.1,0.0
2013-01-04,61.42,Good,winter,61.42,Good,winter,61.42,Good,59.15,59.46,1.5,1.0,5.0,4.0,4.6,-2.2797599999999996,-6.0880399999999995,-5.8,-10.7,44.3,44.3,0.0,1.8,9.2,0.0
2013-01-05,62.32,Good,winter,62.32,Good,winter,62.32,Good,60.45,59.84,2.0,1.0,5.0,4.0,3.75,0.6188799999999999,-4.239199999999999,-1.2,-7.0,59.4,59.4,0.0,2.3,7.5,2.3
2013-01-06,63.0,Good,winter,63.0,Good,winter,63.0,Good,62.25,60.43,1.5,1.5,5.0,4.0,4.1,-0.05119999999999969,-3.6528799999999992,-2.0,-6.3,59.4,59.4,0.0,1.9,8.2,1.4
2013-01-07,63.33,Good,winter,63.33,Good,winter,63.33,Good,62.88,60.73,2.0,1.5,5.0,4.0,2.9,1.93744,-2.29744,0.1,-5.1,53.6,53.6,0.0,1.7,5.8,6.6
2013-01-08,65.11,Good,winter,65.11,Good,winter,65.11,Good,63.81,61.6,2.0,1.5,5.0,4.0,4.0,1.29448,-1.8785599999999998,-0.7,-4.6,53.4,53.4,0.0,2.2,8.0,2.4
2013-01-09,60.04,Good,winter,60.04,Good,winter,60.04,Good,62.83,61.83,1.5,1.0,5.0,3.5,4.65,-2.3656000000000006,-4.326,-6.4,-9.0,38.5,38.5,0.0,3.0,9.3,0.0
2013-01-10,61.34,Good,winter,61.34,Good,winter,61.34,Good,62.16,62.37,1.5,1.0,5.0,4.0,4.55,-0.40671999999999997,-4.003160000000001,-3.6,-8.3,41.3,41.3,0.0,2.3,9.1,0.5
2013-01-11,63.57,Good,winter,63.57,Good,winter,63.57,Good,61.65,62.67,2.0,1.5,5.0,4.0,3.05,3.1028,-0.5864000000000003,1.4,-3.2,50.5,50.5,0.0,2.3,6.1,6.6
2013-01-12,65.82,Good,winter,65.82,Good,winter,65.82,Good,63.58,63.17,2.5,2.0,4.99,4.0,1.6,4.896,1.2000000000000002,4.2,0.0,70.0,70.0,0.1,2.5,3.2,5.8
2013-01-13,65.24,Good,winter,65.24,Good,winter,65.24,Good,64.88,63.49,2.5,2.0,5.0,4.5,0.3,4.22192,0.9448000000000003,3.3,-0.5,65.6,65.6,0.0,1.6,0.6,5.9
2013-01-14,62.28,Good,winter,62.28,Good,winter,62.28,Good,64.45,63.34,2.0,1.5,5.0,4.0,2.25,3.05952,-0.2414400000000001,1.8,-2.1,61.6,61.6,0.0,2.2,4.5,1.0
2013-01-15,61.95,Good,winter,61.95,Good,winter,61.95,Good,63.16,62.89,2.0,1.5,5.0,4.0,2.05,3.3760000000000003,-0.018799999999999706,2.0,-2.1,57.0,57.0,0.0,2.0,4.1,4.5
2013-01-16,61.69,Good,winter,61.69,Good,winter,61.69,Good,61.97,63.13,2.0,1.5,4.97,4.0,2.0,1.7785600000000001,-0.7906399999999996,0.4,-2.6,64.1,64.1,0.3,2.4,4.0,6.4
2013-01-17,60.81,Good,winter,60.81,Good,winter,60.81,Good,61.48,63.05,1.5,1.5,5.0,3.5,3.65,-0.645,-3.4552799999999997,-2.5,-5.8,62.9,62.9,0.0,2.8,7.3,1.3
2013-01-18,66.16,Good,winter,66.16,Good,winter,66.16,Good,62.89,63.42,2.0,1.5,5.0,4.0,4.65,2.0855200000000003,-1.6294400000000002,0.2,-4.4,51.9,51.9,0.0,2.0,9.3,2.1
2013-01-19,68.56,Good,winter,68.56,Good,winter,68.56,Good,65.18,63.81,2.5,2.0,5.0,4.0,3.25,5.4661599999999995,2.0238000000000005,4.6,0.5,59.9,59.9,0.0,2.0,6.5,4.3
2013-01-20,62.15,Good,winter,62.15,Good,winter,62.15,Good,65.62,63.37,2.5,2.0,5.0,3.5,0.2,5.14312,3.0851200000000008,4.1,1.6,55.8,55.8,0.0,3.1,0.4,7.5
2013-01-21,50.24,Acceptable,winter,50.24,Acceptable,winter,50.24,Acceptable,60.32,61.65,2.5,2.0,3.35,3.0,0.0,4.3936,2.7116800000000003,4.0,2.2,83.6,83.6,16.5,4.3,0.0,10.0
2013-01-22,66.1,Good,winter,66.1,Good,winter,66.1,Good,59.5,62.24,2.5,2.5,4.95,4.0,0.4500000000000002,6.4112,4.43736,6.0,3.8,74.3,74.3,0.5,2.2,0.0,9.1
2013-01-23,61.39,Good,winter,61.39,Good,winter,61.39,Good,59.24,62.2,2.5,2.0,4.85,3.5,0.2999999999999998,4.28608,2.4428799999999997,3.8,1.8,80.4,80.4,1.5,3.1,0.0,9.4
2013-01-24,59.98,Acceptable,winter,59.98,Acceptable,winter,59.98,Acceptable,62.49,62.08,2.0,2.0,4.99,3.0,1.2,3.68896,0.9486399999999998,2.4,-0.9,57.6,57.6,0.1,4.3,2.4,5.8
2013-01-25,58.74,Acceptable,winter,58.74,Acceptable,winter,58.74,Acceptable,60.04,61.02,1.5,1.0,5.0,3.0,4.75,-2.375,-4.324999999999999,-6.5,-9.1,37.5,37.5,0.0,4.7,9.5,0.0
2013-01-26,58.83,Acceptable,winter,58.83,Acceptable,winter,58.83,Acceptable,59.18,59.63,1.5,1.0,5.0,3.0,4.8,-1.2947999999999995,-4.361599999999999,-5.1,-9.2,37.0,37.0,0.0,3.5,9.6,0.0
2013-01-27,62.59,Good,winter,62.59,Good,winter,62.59,Good,60.05,59.7,1.5,1.5,5.0,3.5,4.75,-0.8364400000000001,-3.4870799999999997,-3.9,-7.3,44.9,44.9,0.0,2.6,9.5,0.5
2013-01-28,61.63,Good,winter,61.63,Good,winter,61.63,Good,61.02,61.32,2.0,1.5,5.0,4.0,1.85,1.9247999999999998,-1.124,0.2,-3.5,56.0,56.0,0.0,2.1,3.7,6.0
2013-01-29,62.15,Good,winter,62.15,Good,winter,62.15,Good,62.12,60.76,2.5,2.0,5.0,3.5,0.20000000000000018,4.6198,3.3388,3.7,2.2,63.5,63.5,0.0,2.7,0.0,9.6
2013-01-30,68.52,Good,winter,68.52,Good,winter,68.52,Good,64.1,61.78,3.0,2.5,5.0,4.0,0.35,8.6872,5.974080000000001,8.5,5.4,68.8,68.8,0.0,2.1,0.7,7.9
2013-01-31,71.67,Very Good,winter,71.67,Very Good,winter,71.67,Very Good,67.45,63.45,3.0,2.5,5.0,3.5,3.2,11.257,7.8212,11.5,7.4,59.5,59.5,0.0,2.9,6.4,6.6
2013-02-01,36.88,Unfavorable,winter,36.88,Unfavorable,winter,36.88,Unfavorable,59.02,60.32,3.0,2.5,0.34999999999999964,3.0,0.25,9.33976,7.45336,9.3,7.3,85.8,85.8,46.5,3.7,0.0,9.5
2013-02-02,67.98,Good,winter,67.98,Good,winter,67.98,Good,58.84,61.63,2.5,2.0,5.0,3.0,4.7,4.9070800000000006,1.02676,3.7,-1.1,52.1,52.1,0.0,4.1,9.4,2.1
2013-02-03,52.73,Acceptable,winter,52.73,Acceptable,winter,52.73,Acceptable,52.53,60.22,2.0,1.5,4.25,3.5,0.1,0.5738800000000002,-1.20944,-1.1,-3.2,62.3,62.3,7.5,2.7,0.2,7.9
2013-02-04,59.96,Acceptable,winter,59.96,Acceptable,winter,59.96,Acceptable,60.22,59.98,2.0,2.0,4.26,3.5,3.05,3.1870000000000003,0.18928000000000045,2.5,-0.8,77.1,77.1,7.4,2.6,6.1,5.4
2013-02-05,59.55,Acceptable,winter,59.55,Acceptable,winter,59.55,Acceptable,57.41,59.61,2.0,2.0,4.55,4.0,0.7999999999999998,3.3716,0.3752,2.7,-0.6,77.0,77.0,4.5,2.4,0.0,8.4
2013-02-06,60.58,Good,winter,60.58,Good,winter,60.58,Good,60.03,58.48,2.0,1.5,4.79,3.5,2.9,1.1800000000000002,-0.34999999999999987,0.2,-1.5,75.0,75.0,2.1,3.3,5.8,7.4
2013-02-07,61.26,Good,winter,61.26,Good,winter,61.26,Good,60.46,56.99,2.0,1.0,5.0,3.0,4.9,0.2979999999999996,-6.246999999999999,-2.6,-11.1,42.5,42.5,0.0,5.5,9.8,1.3
2013-02-08,60.04,Good,winter,60.04,Good,winter,60.04,Good,60.63,60.3,1.5,1.0,5.0,3.5,4.65,-2.190919999999999,-6.279800000000001,-6.1,-11.5,39.3,39.3,0.0,2.7,9.3,1.6
2013-02-09,61.18,Good,winter,61.18,Good,winter,61.18,Good,60.83,59.33,1.5,1.0,5.0,4.0,4.45,-0.3572000000000002,-4.138400000000001,-2.6,-7.2,55.5,55.5,0.0,1.8,8.9,3.6
2013-02-10,63.4,Good,winter,63.4,Good,winter,63.4,Good,61.54,60.85,2.0,1.5,4.88,3.5,4.3,1.3227999999999998,-1.5695999999999999,-0.5,-4.0,56.6,56.6,1.2,2.9,8.6,3.5
2013-02-11,66.49,Good,winter,66.49,Good,winter,66.49,Good,63.69,61.79,2.0,1.5,5.0,4.0,4.85,1.6375200000000008,-2.121759999999999,-0.9,-5.8,41.8,41.8,0.0,2.1,9.7,2.6
2013-02-12,58.79,Acceptable,winter,58.79,Acceptable,winter,58.79,Acceptable,62.89,61.68,2.0,1.5,5.0,4.0,0.1,0.2134400000000003,-1.34912,-1.9,-3.8,55.6,55.6,0.0,2.3,0.2,8.0
2013-02-13,70.82,Very Good,winter,70.82,Very Good,winter,70.82,Very Good,65.37,63.14,2.5,2.0,5.0,4.0,4.65,4.047359999999999,0.5260800000000003,2.9,-1.3,59.6,59.6,0.0,2.0,9.3,3.3
2013-02-14,69.28,Good,winter,69.28,Good,winter,69.28,Good,66.3,64.29,2.5,2.0,5.0,4.0,3.7,5.96608,2.5204400000000007,5.2,1.1,60.1,60.1,0.0,2.3,7.4,6.0
2013-02-15,65.96,Good,winter,65.96,Good,winter,65.96,Good,68.69,65.13,2.0,2.0,5.0,3.0,4.85,3.2544000000000004,1.11168,1.5,-1.2,48.4,48.4,0.0,3.9,9.7,2.1
2013-02-16,71.07,Very Good,winter,71.07,Very Good,winter,71.07,Very Good,68.77,66.54,2.5,2.0,5.0,4.0,4.8,4.41152,0.48448000000000047,2.6,-2.6,38.8,38.8,0.0,2.1,9.6,2.0
2013-02-17,68.6,Good,winter,68.6,Good,winter,68.6,Good,68.54,67.29,2.5,2.5,5.0,4.0,1.8,6.7324,4.009399999999999,5.8,2.3,44.5,44.5,0.0,2.5,3.6,9.3
2013-02-18,64.99,Good,winter,64.99,Good,winter,64.99,Good,68.22,67.07,2.5,2.0,5.0,3.0,2.85,4.48552,2.4076000000000004,3.1,0.5,49.8,49.8,0.0,3.5,5.7,6.9
2013-02-19,65.88,Good,winter,65.88,Good,winter,65.88,Good,66.49,68.09,2.0,2.0,5.0,3.0,4.8,3.326,0.8410000000000002,0.6,-2.9,27.5,27.5,0.0,4.0,9.6,2.0
2013-02-20,64.87,Good,winter,64.87,Good,winter,64.87,Good,65.25,67.24,2.0,1.5,5.0,3.5,4.75,2.588,-0.9697599999999991,0.0,-4.8,35.3,35.3,0.0,2.6,9.5,1.8
2013-02-21,70.58,Very Good,winter,70.58,Very Good,winter,70.58,Very Good,67.11,67.42,2.5,2.0,5.0,4.0,4.5,4.03,0.6868000000000001,2.5,-1.7,49.0,49.0,0.0,2.5,9.0,2.8
2013-02-22,65.43,Good,winter,65.43,Good,winter,65.43,Good,66.96,67.35,2.5,2.0,4.61,3.5,3.7,5.2781199999999995,2.1302,4.3,0.5,57.1,57.1,3.9,3.1,7.4,4.1
2013-02-23,68.23,Good,winter,68.23,Good,winter,68.23,Good,68.08,66.94,2.5,2.0,5.0,3.0,4.85,4.04464,1.4587600000000003,2.4,-0.9,45.9,45.9,0.0,3.7,9.7,0.8
2013-02-24,70.42,Very Good,winter,70.42,Very Good,winter,70.42,Very Good,68.03,67.2,2.5,2.0,5.0,4.0,4.4,6.38288,3.3814400000000004,5.3,1.4,42.4,42.4,0.0,2.2,8.8,4.1
2013-02-25,72.97,Very Good,winter,72.97,Very Good,winter,72.97,Very Good,70.54,68.34,3.0,2.5,5.0,4.0,3.1,8.93936,4.92408,8.6,3.3,39.4,39.4,0.0,1.7,6.2,7.0
2013-02-26,65.35,Good,winter,65.35,Good,winter,65.35,Good,69.58,68.26,2.5,2.5,5.0,3.5,0.7000000000000002,7.936,5.70688,7.5,4.8,56.4,56.4,0.0,2.6,0.0,8.6
2013-02-27,72.16,Very Good,winter,72.16,Very Good,winter,72.16,Very Good,70.16,69.31,3.0,2.5,5.0,3.5,3.5,8.9464,4.2052,8.8,3.4,69.5,69.5,0.0,3.0,7.0,4.6
2013-02-28,73.57,Very Good,winter,73.57,Very Good,winter,73.57,Very Good,70.36,69.73,3.5,2.5,4.9,3.5,3.35,13.233880000000001,7.2636400000000005,13.9,6.7,57.3,57.3,1.0,2.9,6.7,5.4
2013-03-01,70.01,Very Good,spring,68.17,Good,winter,68.17,Good,71.3,70.12,3.0,2.0,4.7,3.0,4.55,8.10388,2.41552,7.7,0.8,56.1,56.1,3.0,4.8,9.1,3.8
2013-03-02,71.25,Very Good,spring,69.69,Good,winter,69.69,Good,70.48,70.33,2.5,2.0,5.0,3.5,4.85,4.684240000000001,1.6796800000000005,3.1,-0.8,42.6,42.6,0.0,3.2,9.7,3.5
2013-03-03,71.59,Very Good,spring,69.93,Good,winter,69.93,Good,69.26,70.26,2.5,2.0,5.0,3.5,5.0,5.83376,2.30848,4.8,0.4,50.3,50.3,0.0,2.9,10.4,1.8
2013-03-04,71.31,Very Good,spring,71.19,Very Good,winter,71.19,Very Good,70.27,70.01,3.0,2.5,5.0,3.5,2.9,9.08216,4.24264,8.9,3.1,58.6,58.6,0.0,2.8,5.8,4.6
2013-03-05,76.1,Very Good,spring,74.59,Very Good,winter,74.59,Very Good,71.9,71.33,3.0,2.5,5.0,3.5,5.0,9.27352,4.91464,9.1,3.7,51.8,51.8,0.0,3.0,10.7,0.0
2013-03-06,78.39,Very Good,spring,78.2,Very Good,winter,78.2,Very Good,74.66,72.19,3.5,3.0,5.0,4.0,3.45,13.32132,8.37796,14.3,7.9,43.1,43.1,0.0,2.2,6.9,1.6
2013-03-07,67.52,Good,spring,68.89,Good,winter,68.89,Good,73.89,71.52,3.0,3.0,4.95,3.0,1.1,11.52388,8.2072,11.7,8.0,74.1,74.1,0.5,3.7,2.2,7.9
2013-03-08,76.16,Very Good,spring,76.09,Very Good,winter,76.09,Very Good,74.39,72.65,3.5,3.0,5.0,3.5,3.05,13.5424,8.704,14.1,8.5,66.0,66.0,0.0,2.7,6.1,3.6
2013-03-09,83.78,Excellent,spring,81.84,Excellent,winter,81.84,Excellent,75.61,74.39,4.5,3.0,5.0,3.0,4.7,20.97376,12.54464,23.8,13.2,48.8,48.8,0.0,4.3,9.4,1.5
2013-03-10,72.86,Very Good,spring,70.74,Very Good,winter,70.74,Very Good,76.22,74.51,3.0,2.0,5.0,3.0,5.0,8.467,3.5760000000000005,7.9,1.2,32.5,32.5,0.0,5.0,11.2,0.4
2013-03-11,77.41,Very Good,spring,76.05,Very Good,winter,76.05,Very Good,76.21,75.2,3.0,2.5,5.0,4.0,5.0,11.54056,5.74512,12.1,4.2,33.4,33.4,0.0,2.2,11.2,0.0
2013-03-12,67.3,Good,spring,68.23,Good,winter,68.23,Good,71.67,74.29,3.0,2.5,4.65,4.0,1.5,11.430719999999999,7.896,11.7,7.5,60.4,60.4,3.5,2.1,3.0,6.3
2013-03-13,62.9,Good,spring,62.59,Good,winter,62.6,Good,68.96,72.06,3.0,2.5,3.85,3.0,2.85,8.6272,5.881600000000001,8.4,5.2,64.5,64.5,11.5,3.6,5.7,6.8
2013-03-14,75.3,Very Good,spring,74.02,Very Good,winter,74.11,Very Good,68.28,72.79,3.0,2.5,5.0,3.5,4.65,9.84088,5.30596,9.8,4.1,48.9,48.9,0.0,2.9,9.3,3.4
2013-03-15,77.41,Very Good,spring,76.05,Very Good,winter,76.2,Very Good,70.89,72.79,3.0,2.5,5.0,4.0,5.0,10.3868,5.82256,10.5,4.6,43.4,43.4,0.0,2.4,10.7,0.9
2013-03-16,77.41,Very Good,spring,76.05,Very Good,winter,76.24,Very Good,75.37,71.96,3.0,2.5,5.0,4.0,5.0,12.198879999999999,6.98672,12.7,6.3,53.6,53.6,0.0,2.3,10.8,2.4
2013-03-17,72.86,Very Good,spring,72.38,Very Good,winter,72.46,Very Good,74.83,72.2,3.5,3.0,4.25,3.5,3.6,14.897,8.506,15.9,8.2,57.5,57.5,7.5,2.9,7.2,7.0
2013-03-18,79.2,Very Good,spring,78.07,Very Good,winter,78.31,Very Good,75.5,72.48,3.5,3.0,4.9,3.5,4.65,13.7464,8.483600000000001,14.2,8.3,73.0,73.0,1.0,3.3,9.3,6.0
2013-03-19,71.59,Very Good,spring,72.93,Very Good,winter,72.6,Very Good,74.46,73.16,3.0,3.0,5.0,4.0,1.6,11.18216,8.3112,11.4,8.0,61.1,61.1,0.0,2.2,3.2,8.5
2013-03-20,69.71,Good,spring,69.5,Good,winter,69.56,Good,73.5,74.14,3.0,2.5,4.99,3.0,2.8,8.7886,4.18528,8.5,2.8,51.9,51.9,0.1,4.3,5.6,5.3
2013-03-21,72.9,Very Good,spring,71.39,Very Good,winter,71.88,Very Good,71.27,73.77,2.5,2.0,5.0,4.0,5.0,7.93584,3.7338000000000005,7.2,1.5,34.3,34.3,0.0,2.5,11.2,0.0
2013-03-22,64.23,Good,spring,66.25,Good,winter,65.53,Good,69.05,72.37,2.5,2.5,5.0,4.0,0.35,7.3761600000000005,4.41376,6.9,3.4,61.6,61.6,0.0,2.3,0.7,6.1
2013-03-23,77.41,Very Good,spring,76.05,Very Good,winter,76.58,Very Good,71.23,72.37,3.0,2.5,5.0,4.0,5.0,11.5876,6.5224,12.1,5.4,39.0,39.0,0.0,2.3,11.2,1.6
2013-03-24,74.79,Very Good,spring,73.13,Very Good,winter,73.84,Very Good,71.81,72.47,3.0,2.5,5.0,3.0,5.0,10.157919999999999,6.13096,10.2,5.1,47.4,47.4,0.0,3.9,11.0,2.1
2013-03-25,74.79,Very Good,spring,73.13,Very Good,winter,73.9,Very Good,74.1,71.77,3.0,2.5,5.0,3.0,5.0,8.32536,4.51936,7.8,2.8,40.3,40.3,0.0,3.8,11.5,0.3
2013-03-26,77.41,Very Good,spring,77.41,Very Good,spring,76.73,Very Good,74.56,72.41,3.0,2.5,5.0,4.0,5.0,10.303840000000001,5.74624,10.4,4.4,39.9,39.9,0.0,2.5,11.5,0.8
2013-03-27,80.61,Excellent,spring,80.61,Excellent,spring,79.98,Very Good,77.05,74.0,3.5,3.0,5.0,3.5,5.0,13.529959999999999,8.199,14.9,7.5,30.1,30.1,0.0,2.8,11.4,0.0
2013-03-28,69.26,Good,spring,69.26,Good,spring,69.46,Good,75.76,73.69,3.0,2.5,5.0,3.5,2.0,11.5368,7.92532,12.0,7.3,42.1,42.1,0.0,2.7,4.0,7.0
2013-03-29,76.1,Very Good,spring,76.1,Very Good,spring,75.51,Very Good,75.32,75.1,3.0,2.5,5.0,3.5,5.0,10.28576,6.713760000000001,10.4,5.4,28.6,28.6,0.0,3.4,11.7,1.9
2013-03-30,69.76,Good,spring,69.76,Good,spring,70.06,Very Good,71.71,74.2,3.0,2.5,4.98,4.0,1.7,10.15448,6.06076,10.2,4.9,43.1,43.1,0.2,2.3,3.4,7.8
2013-03-31,76.1,Very Good,spring,76.1,Very Good,spring,75.61,Very Good,73.99,74.62,3.0,2.5,5.0,3.5,5.0,12.513919999999999,7.09328,13.2,6.3,46.4,46.4,0.0,2.7,11.2,0.0
2013-04-01,68.66,Good,spring,68.66,Good,spring,69.26,Good,71.51,73.99,3.0,3.0,4.95,4.0,0.45,12.6452,9.3776,13.4,9.2,44.5,44.5,0.5,2.2,0.9,7.3
2013-04-02,60.22,Good,spring,60.22,Good,spring,60.6,Good,68.33,71.53,3.0,2.5,4.15,3.5,0.3,9.5278,7.35568,9.5,7.2,86.1,86.1,8.5,2.7,0.6,7.6
2013-04-03,79.13,Very Good,spring,79.13,Very Good,spring,78.93,Very Good,69.34,71.32,3.5,3.0,5.0,3.5,4.35,13.509599999999999,8.2024,14.1,7.9,64.0,64.0,0.0,2.6,8.7,4.5
2013-04-04,81.92,Excellent,spring,81.92,Excellent,spring,81.7,Excellent,73.76,73.13,3.5,3.0,5.0,4.0,5.0,17.6244,12.0228,19.8,12.6,44.5,44.5,0.0,1.9,10.7,1.8
2013-04-05,73.53,Very Good,spring,73.53,Very Good,spring,73.78,Very Good,78.19,72.76,3.5,3.5,5.0,3.5,1.05,17.60716,13.53464,19.9,14.6,42.1,42.1,0.0,2.6,2.1,7.8
2013-04-06,56.19,Acceptable,spring,56.19,Acceptable,spring,56.37,Acceptable,70.55,70.82,3.0,2.5,3.6,3.5,0.0,12.8128,7.656,13.0,7.5,84.4,84.4,14.0,2.9,0.0,10.0
2013-04-07,74.18,Very Good,spring,74.18,Very Good,spring,74.06,Very Good,67.97,70.55,3.0,2.5,4.9,3.0,5.0,9.66832,5.93692,9.6,5.1,57.3,57.3,1.0,4.4,10.6,4.0
2013-04-08,75.84,Very Good,spring,75.84,Very Good,spring,75.82,Very Good,68.74,71.57,3.5,3.0,4.9,3.0,3.75,13.11752,8.3592,13.8,8.0,55.1,55.1,1.0,4.0,7.5,5.1
2013-04-09,74.49,Very Good,spring,74.49,Very Good,spring,74.49,Very Good,74.84,73.61,3.0,2.5,4.95,3.0,5.0,10.56224,6.94784,10.7,6.2,50.8,50.8,0.5,5.1,10.2,4.0
2013-04-10,72.28,Very Good,spring,72.28,Very Good,spring,72.28,Very Good,74.2,72.63,3.0,2.5,4.85,3.0,4.3,8.48532,6.014,8.1,5.0,49.3,49.3,1.5,4.1,8.6,4.4
2013-04-11,74.49,Very Good,spring,74.49,Very Good,spring,74.49,Very Good,73.75,71.57,3.0,2.5,4.95,3.0,5.0,9.6728,6.319,9.6,5.5,54.5,54.5,0.5,4.9,10.1,3.6
2013-04-12,74.79,Very Good,spring,74.79,Very Good,spring,74.79,Very Good,73.85,71.75,3.0,2.5,5.0,3.0,5.0,11.46376,7.61176,11.9,6.9,42.6,42.6,0.0,3.7,11.6,1.1
2013-04-13,79.3,Very Good,spring,79.3,Very Good,spring,79.3,Very Good,76.19,75.05,3.5,3.0,5.0,3.0,5.0,15.658,11.05616,17.5,11.4,38.6,38.6,0.0,4.5,10.0,3.5
2013-04-14,74.48,Very Good,spring,74.48,Very Good,spring,74.48,Very Good,76.19,75.1,3.0,3.0,4.65,3.0,4.95,11.675519999999999,8.70528,12.2,8.3,40.4,40.4,3.5,4.7,9.9,3.4
2013-04-15,70.45,Very Good,spring,70.45,Very Good,spring,70.45,Very Good,74.74,74.33,3.0,3.0,5.0,4.0,1.1,11.815,8.185,12.5,7.5,31.5,31.5,0.0,2.0,2.2,4.5
2013-04-16,70.98,Very Good,spring,70.98,Very Good,spring,70.98,Very Good,71.97,73.82,3.5,3.0,5.0,3.0,1.35,17.443800000000003,12.6176,19.1,13.2,54.5,54.5,0.0,4.4,2.7,7.9
2013-04-17,84.44,Excellent,spring,84.44,Excellent,spring,84.44,Excellent,75.29,75.56,4.0,3.5,5.0,3.5,4.7,19.00152,14.07616,20.6,14.8,62.3,62.3,0.0,2.9,9.4,5.9
2013-04-18,76.79,Very Good,spring,76.79,Very Good,spring,76.79,Very Good,77.4,75.89,3.5,3.0,5.0,3.0,3.9,14.722480000000001,11.72408,16.3,12.3,37.4,37.4,0.0,4.0,7.8,4.3
2013-04-19,80.61,Excellent,spring,80.61,Excellent,spring,80.61,Excellent,80.61,76.72,3.5,3.0,5.0,3.5,5.0,13.54,9.858400000000001,15.0,9.8,27.0,27.0,0.0,3.2,10.2,5.1
2013-04-20,60.35,Good,spring,60.35,Good,spring,60.35,Good,72.58,74.01,3.0,2.5,4.05,4.0,0.05,10.08832,6.99712,10.1,6.6,70.8,70.8,9.5,2.3,0.1,9.1
2013-04-21,80.61,Excellent,spring,80.61,Excellent,spring,80.61,Excellent,73.86,74.89,3.5,3.0,5.0,3.5,5.0,14.42656,9.1648,15.3,9.0,58.8,58.8,0.0,3.3,10.1,3.4
2013-04-22,81.92,Excellent,spring,81.92,Excellent,spring,81.92,Excellent,74.29,76.53,3.5,3.0,5.0,4.0,5.0,15.581439999999999,11.085280000000001,17.2,11.4,43.8,43.8,0.0,2.5,10.7,3.4
2013-04-23,66.09,Good,spring,66.09,Good,spring,66.09,Good,76.21,75.83,3.5,3.0,4.45,3.5,0.09999999999999964,14.01856,11.00464,14.8,11.2,59.3,59.3,5.5,2.7,0.0,9.8
2013-04-24,79.24,Very Good,spring,79.24,Very Good,spring,79.24,Very Good,75.75,75.09,3.5,3.0,4.99,3.0,5.0,16.944,11.996400000000001,18.0,12.3,67.0,67.0,0.1,3.7,11.8,3.1
2013-04-25,69.55,Good,spring,69.55,Good,spring,69.55,Good,71.63,74.05,3.5,3.0,4.55,3.5,1.35,13.479280000000001,9.35908,13.8,9.3,78.9,78.9,4.5,3.3,2.7,8.6
2013-04-26,79.24,Very Good,spring,79.24,Very Good,spring,79.24,Very Good,76.01,73.86,3.5,3.0,4.99,3.0,5.0,15.166,11.394,16.3,11.7,55.0,55.0,0.1,3.6,11.7,1.6
2013-04-27,80.61,Excellent,spring,80.61,Excellent,spring,80.61,Excellent,76.47,76.75,3.5,3.0,5.0,3.5,5.0,16.8476,12.25568,18.5,12.8,51.4,51.4,0.0,2.8,11.6,1.6
2013-04-28,76.17,Very Good,spring,76.17,Very Good,spring,76.17,Very Good,78.67,76.12,4.0,3.5,5.0,3.0,1.65,19.3264,14.824,21.6,16.0,51.0,51.0,0.0,3.8,3.3,6.1
2013-04-29,64.7,Good,spring,64.7,Good,spring,64.7,Good,73.83,73.66,3.5,3.5,2.9,3.0,3.35,16.70208,13.0464,17.7,13.5,67.6,67.6,21.0,4.5,6.7,5.4
2013-04-30,79.3,Very Good,spring,79.3,Very Good,spring,79.3,Very Good,73.39,75.54,3.5,3.0,5.0,3.0,5.0,17.5544,12.70368,19.5,13.4,48.8,48.8,0.0,3.5,10.7,2.3
2013-05-01,80.0,Excellent,spring,80.0,Excellent,spring,80.0,Excellent,74.67,75.65,3.5,3.0,4.9,3.5,5.0,16.96256,12.59072,18.6,13.2,52.4,52.4,1.0,3.3,10.5,3.3
2013-05-02,80.06,Excellent,spring,80.06,Excellent,spring,80.06,Excellent,79.79,77.15,3.5,3.0,4.9,4.0,4.45,16.16564,12.08416,17.1,12.4,67.1,67.1,1.0,2.5,8.9,3.9
2013-05-03,76.28,Very Good,spring,76.28,Very Good,spring,76.28,Very Good,78.78,76.73,3.5,3.0,5.0,3.5,3.1,17.04544,12.23392,18.2,12.6,64.8,64.8,0.0,3.2,6.2,6.0
2013-05-04,82.54,Excellent,spring,82.54,Excellent,spring,82.54,Excellent,79.63,77.01,3.5,3.5,5.0,3.5,5.0,17.99104,13.24636,19.6,13.9,58.1,58.1,0.0,3.1,11.2,1.8
2013-05-05,85.12,Excellent,spring,85.12,Excellent,spring,85.12,Excellent,81.31,78.29,4.0,3.5,5.0,3.5,5.0,18.55632,13.47096,20.6,14.3,51.8,51.8,0.0,3.4,12.5,0.0
2013-05-06,85.12,Excellent,spring,85.12,Excellent,spring,85.12,Excellent,84.26,81.2,4.0,3.5,5.0,3.5,5.0,19.2208,13.7536,21.3,14.6,54.0,54.0,0.0,3.0,10.8,0.0
2013-05-07,90.28,Ideal,spring,90.28,Ideal,spring,90.28,Ideal,86.84,82.77,5.0,3.5,5.0,3.5,5.0,22.785519999999998,16.660719999999998,26.7,18.7,41.4,41.4,0.0,2.7,10.9,0.0
2013-05-08,87.7,Excellent,spring,87.7,Excellent,spring,87.7,Excellent,87.7,83.87,4.5,3.5,5.0,3.5,5.0,21.89728,16.90336,26.2,19.4,33.6,33.6,0.0,2.7,11.7,2.3
2013-05-09,80.65,Excellent,spring,80.65,Excellent,spring,80.65,Excellent,86.21,83.96,4.5,3.5,4.75,4.0,2.0,20.6756,16.65172,23.0,18.1,55.3,55.3,2.5,2.1,4.0,8.5
2013-05-10,56.57,Acceptable,spring,56.57,Acceptable,spring,56.64,Acceptable,74.97,81.14,3.5,3.5,2.8,3.0,0.04999999999999982,15.838920000000002,13.8288,16.1,14.0,89.3,89.3,22.0,3.6,0.0,9.9
2013-05-11,88.97,Excellent,spring,88.97,Excellent,spring,89.09,Excellent,75.4,82.06,5.0,3.5,5.0,3.0,5.0,22.1656,16.4938,24.8,17.9,55.5,55.5,0.0,3.5,11.2,3.1
2013-05-12,80.31,Excellent,spring,80.31,Excellent,spring,80.58,Excellent,75.28,81.37,4.5,3.5,4.9,3.0,2.6,20.565,17.69132,22.5,19.1,61.3,61.3,1.0,4.0,5.2,6.1
2013-05-13,90.9,Ideal,spring,90.9,Ideal,spring,91.14,Ideal,86.73,82.2,5.0,4.0,5.0,3.0,5.0,23.104,19.048000000000002,26.8,21.6,45.0,45.0,0.0,3.5,10.4,3.1
2013-05-14,85.83,Excellent,spring,85.83,Excellent,spring,86.34,Excellent,85.68,81.56,5.0,4.0,5.0,3.5,2.2,22.05028,18.03352,25.3,20.2,46.9,46.9,0.0,2.9,4.4,7.6
2013-05-15,87.7,Excellent,spring,87.7,Excellent,spring,87.88,Excellent,88.14,81.56,4.5,3.5,5.0,3.5,5.0,21.923199999999998,17.783199999999997,24.4,19.4,57.0,57.0,0.0,3.3,11.2,4.8
2013-05-16,90.9,Ideal,spring,90.9,Ideal,spring,91.32,Ideal,88.14,83.03,5.0,4.0,5.0,3.0,5.0,23.41756,18.7984,28.3,22.0,33.3,33.3,0.0,4.2,13.2,0.0
2013-05-17,90.28,Ideal,spring,90.28,Ideal,spring,90.66,Ideal,89.63,87.84,5.0,3.5,5.0,3.5,5.0,22.390240000000002,17.61328,26.6,20.2,36.6,36.6,0.0,3.0,12.6,4.4
2013-05-18,69.48,Good,spring,69.48,Good,spring,70.24,Very Good,83.55,85.06,4.5,3.5,3.55,4.0,0.3,20.46976,16.55424,22.3,17.7,62.8,62.8,14.5,2.2,0.6,9.4
2013-05-19,65.93,Good,spring,65.93,Good,spring,66.77,Good,75.23,83.0,4.5,3.5,3.05,3.5,0.65,20.6214,16.095760000000002,21.5,16.6,80.9,80.9,19.5,3.1,1.3,8.0
2013-05-20,76.04,Very Good,spring,76.04,Very Good,spring,76.61,Very Good,70.48,80.88,3.5,3.5,5.0,3.5,2.15,17.684,13.9776,18.5,14.4,76.0,76.0,0.0,3.2,4.3,5.5
2013-05-21,89.01,Excellent,spring,89.01,Excellent,spring,89.19,Excellent,76.99,81.33,4.5,3.5,5.0,4.0,5.0,21.28872,15.95364,24.6,17.7,43.3,43.3,0.0,2.0,12.8,0.4
2013-05-22,86.23,Excellent,spring,86.23,Excellent,spring,87.27,Excellent,83.76,81.12,5.0,3.5,5.0,4.0,2.65,22.681839999999998,17.73672,25.9,19.7,49.4,49.4,0.0,2.0,5.3,4.3
2013-05-23,90.29,Ideal,spring,90.16,Ideal,summer,90.22,Ideal,88.47,81.02,4.0,4.5,5.0,4.0,5.0,26.91144,20.13012,30.2,22.1,59.3,59.3,0.0,2.1,11.5,0.0
2013-05-24,89.63,Excellent,spring,90.43,Ideal,summer,90.06,Ideal,88.94,81.04,4.5,4.0,5.0,3.5,5.0,24.623,19.44228,27.5,21.3,58.9,58.9,0.0,2.6,10.5,0.4
2013-05-25,90.29,Ideal,spring,90.16,Ideal,summer,90.22,Ideal,90.25,83.99,4.0,4.5,5.0,4.0,5.0,27.40512,21.73648,31.8,24.7,49.6,49.6,0.0,2.0,10.1,5.1
2013-05-26,86.03,Excellent,spring,88.07,Excellent,summer,87.27,Excellent,89.55,87.16,4.5,4.5,5.0,4.0,2.0,24.418239999999997,20.892039999999998,28.4,23.9,45.9,45.9,0.0,2.5,4.0,8.4
2013-05-27,46.52,Marginal,spring,48.23,Marginal,summer,47.62,Marginal,75.49,83.18,4.5,4.0,0.0,3.0,0.0,21.612160000000003,18.939519999999998,22.6,19.7,80.4,80.4,56.5,3.5,0.0,10.0
2013-05-28,71.24,Very Good,spring,74.31,Very Good,summer,73.32,Very Good,70.2,81.08,4.5,4.0,3.85,3.5,0.0,20.42476,18.51196,20.9,18.9,89.1,89.1,11.5,2.8,0.0,10.0
2013-05-29,70.08,Very Good,spring,72.5,Very Good,summer,71.81,Very Good,65.01,79.12,3.5,3.5,4.75,3.5,0.20000000000000018,17.704720000000002,15.802320000000002,18.1,16.1,87.8,87.8,2.5,3.0,0.0,9.6
2013-05-30,90.28,Ideal,spring,91.6,Ideal,summer,91.27,Ideal,79.47,79.33,5.0,3.5,5.0,3.5,5.0,22.474,17.65072,25.0,19.2,57.9,57.9,0.0,2.7,11.7,2.9
2013-05-31,93.52,Ideal,spring,94.4,Ideal,summer,94.21,Ideal,86.17,79.9,5.0,4.0,5.0,4.0,5.0,23.99792,18.88632,27.8,21.3,46.6,46.6,0.0,2.2,11.1,5.8
2013-06-01,93.8,Ideal,summer,93.8,Ideal,summer,93.61,Ideal,93.27,80.42,5.0,4.0,5.0,4.0,4.65,23.911879999999996,19.093239999999998,27.9,21.7,44.3,44.3,0.0,2.2,9.3,4.6
2013-06-02,90.16,Ideal,summer,90.16,Ideal,summer,90.18,Ideal,92.79,80.71,4.0,4.5,5.0,4.0,5.0,26.52352,20.7244,30.8,23.5,48.6,48.6,0.0,2.0,12.6,0.0
2013-06-03,93.5,Ideal,summer,93.5,Ideal,summer,93.36,Ideal,92.49,87.18,5.0,4.0,5.0,3.5,5.0,23.961199999999998,19.4468,26.7,21.3,59.0,59.0,0.0,2.9,10.9,0.8
2013-06-04,92.76,Ideal,summer,92.76,Ideal,summer,92.72,Ideal,92.14,89.82,4.5,4.5,4.98,4.0,4.8,25.036479999999997,20.46016,28.4,22.8,54.3,54.3,0.2,2.0,9.6,3.0
2013-06-05,90.16,Ideal,summer,90.16,Ideal,summer,90.16,Ideal,92.14,92.34,4.0,4.5,5.0,4.0,5.0,26.46688,21.94656,30.4,24.8,51.8,51.8,0.0,2.0,10.6,2.4
2013-06-06,91.72,Ideal,summer,91.72,Ideal,summer,91.72,Ideal,91.55,92.36,4.0,5.0,5.0,4.0,4.8,26.472,22.354,30.0,25.0,55.9,55.9,0.0,2.1,9.6,4.1
2013-06-07,92.06,Ideal,summer,92.06,Ideal,summer,92.06,Ideal,91.31,92.02,4.0,5.0,5.0,4.0,5.0,26.95596,22.616519999999998,31.1,25.7,50.9,50.9,0.0,2.2,11.8,1.8
2013-06-08,89.14,Excellent,summer,89.14,Excellent,summer,89.14,Excellent,90.97,91.36,4.0,5.0,5.0,4.0,3.3,26.8328,23.0216,31.2,26.4,48.5,48.5,0.0,1.9,6.6,6.6
2013-06-09,92.06,Ideal,summer,92.06,Ideal,summer,92.06,Ideal,91.09,91.63,4.0,5.0,5.0,4.0,5.0,26.871679999999998,23.10568,32.4,27.4,38.3,38.3,0.0,2.2,12.5,2.4
2013-06-10,92.06,Ideal,summer,92.06,Ideal,summer,92.06,Ideal,91.09,91.42,4.0,5.0,5.0,4.0,5.0,26.4724,22.985,32.2,27.5,35.5,35.5,0.0,2.3,12.8,2.8
2013-06-11,82.82,Excellent,summer,82.82,Excellent,summer,82.82,Excellent,88.98,90.0,5.0,4.5,4.3,3.5,0.34999999999999964,23.887719999999998,21.39292,26.7,23.7,57.9,57.9,7.0,2.6,0.0,9.3
2013-06-12,78.65,Very Good,summer,78.65,Very Good,summer,78.65,Very Good,84.51,88.36,4.5,4.0,4.35,4.0,0.09999999999999964,21.77,19.8868,22.5,20.5,85.4,85.4,6.5,2.2,0.0,9.8
2013-06-13,88.5,Excellent,summer,88.5,Excellent,summer,88.5,Excellent,83.32,87.9,4.5,4.5,5.0,4.0,2.25,25.435,21.466,27.5,23.0,70.5,70.5,0.0,1.9,4.5,8.5
2013-06-14,90.17,Ideal,summer,90.17,Ideal,summer,90.17,Ideal,85.77,87.63,4.0,5.0,5.0,4.0,3.9,26.72924,22.398320000000002,29.7,24.6,62.3,62.3,0.0,2.3,7.8,5.8
2013-06-15,94.23,Ideal,summer,94.23,Ideal,summer,94.23,Ideal,90.97,88.36,4.5,5.0,5.0,3.5,5.0,25.92176,22.170560000000002,29.1,24.6,58.4,58.4,0.0,2.6,10.6,3.9
2013-06-16,90.61,Ideal,summer,90.61,Ideal,summer,90.61,Ideal,91.67,88.15,4.5,4.5,5.0,3.5,4.0,25.386,20.99,27.5,22.5,69.8,69.8,0.0,2.8,8.0,6.1
2013-06-17,85.25,Excellent,summer,85.25,Excellent,summer,85.25,Excellent,90.03,87.18,4.5,4.5,4.95,4.0,0.55,24.33376,21.15856,25.8,22.3,76.8,76.8,0.5,2.2,1.1,9.6
2013-06-18,79.85,Very Good,summer,79.85,Very Good,summer,79.85,Very Good,85.24,86.75,5.0,4.5,3.8,4.0,0.0,22.58124,21.23668,23.1,21.7,90.1,90.1,12.0,1.9,0.0,10.0
2013-06-19,90.14,Ideal,summer,90.14,Ideal,summer,90.14,Ideal,85.08,88.39,4.0,5.0,4.99,4.5,3.4,27.33424,22.64692,29.6,24.3,71.1,71.1,0.1,1.6,6.8,7.0
2013-06-20,90.0,Ideal,summer,90.0,Ideal,summer,90.0,Ideal,86.66,88.61,4.0,5.0,5.0,4.0,3.8,27.5974,23.1772,31.1,25.8,58.5,58.5,0.0,1.8,7.6,6.8
2013-06-21,84.86,Excellent,summer,84.86,Excellent,summer,84.86,Excellent,88.33,87.85,3.5,5.0,5.0,4.0,2.6,28.094,23.778000000000002,31.8,26.6,57.5,57.5,0.0,1.9,5.2,7.1
2013-06-22,87.24,Excellent,summer,87.24,Excellent,summer,87.24,Excellent,87.37,86.85,4.0,5.0,5.0,4.0,2.2,26.76976,22.91956,29.6,25.1,63.9,63.9,0.0,2.5,4.4,7.9
2013-06-23,89.55,Excellent,summer,89.55,Excellent,summer,89.55,Excellent,87.22,86.7,4.5,4.5,4.97,3.5,3.5,24.230079999999997,21.331359999999997,26.2,22.9,69.6,69.6,0.3,3.2,7.0,7.6
2013-06-24,87.32,Excellent,summer,87.32,Excellent,summer,87.32,Excellent,88.04,86.99,4.0,4.5,5.0,4.0,3.35,26.808159999999997,21.6964,29.4,23.5,66.6,66.6,0.0,2.3,6.7,5.5
2013-06-25,86.81,Excellent,summer,86.81,Excellent,summer,86.81,Excellent,87.89,87.99,4.0,5.0,5.0,4.0,1.95,26.52112,22.59944,29.8,25.1,58.6,58.6,0.0,2.1,3.9,8.4
2013-06-26,90.47,Ideal,summer,90.47,Ideal,summer,90.47,Ideal,88.2,88.04,4.0,5.0,5.0,3.5,4.6,26.532239999999998,22.1684,29.7,24.5,59.8,59.8,0.0,2.6,9.2,5.1
2013-06-27,86.84,Excellent,summer,86.84,Excellent,summer,86.84,Excellent,88.04,87.58,3.5,5.0,5.0,4.0,3.75,28.58232,22.87124,31.8,25.1,63.1,63.1,0.0,2.5,7.5,5.3
2013-06-28,91.08,Ideal,summer,91.08,Ideal,summer,91.08,Ideal,89.46,88.47,4.0,5.0,4.85,4.0,5.0,27.394640000000003,23.0882,30.6,25.5,61.1,61.1,1.5,2.3,10.1,5.8
2013-06-29,86.14,Excellent,summer,86.14,Excellent,summer,86.14,Excellent,88.02,88.32,3.5,4.5,5.0,4.0,4.45,28.51392,24.090239999999998,32.6,27.2,54.8,54.8,0.0,1.8,8.9,2.0
2013-06-30,85.58,Excellent,summer,85.58,Excellent,summer,85.58,Excellent,87.6,87.75,3.5,4.5,4.98,4.0,4.2,28.43104,24.89632,31.9,27.7,60.4,60.4,0.2,2.0,8.4,3.3
2013-07-01,85.73,Excellent,summer,85.73,Excellent,summer,85.73,Excellent,85.82,87.52,4.0,4.5,5.0,3.5,2.95,27.755679999999998,24.25456,31.3,27.1,58.4,58.4,0.0,2.7,5.9,6.3
2013-07-02,49.39,Marginal,summer,49.39,Marginal,summer,49.39,Marginal,73.57,82.18,4.0,5.0,0.0,3.0,0.25,26.647,23.299,27.9,24.3,82.5,82.5,51.5,4.6,0.0,9.5
2013-07-03,87.19,Excellent,summer,87.19,Excellent,summer,87.19,Excellent,74.1,81.71,3.5,5.0,5.0,3.0,5.0,28.141479999999998,23.321279999999998,30.7,25.2,69.1,69.1,0.0,3.8,11.8,6.1
2013-07-04,60.49,Good,summer,60.49,Good,summer,60.49,Good,65.69,77.94,4.0,5.0,1.75,3.0,0.04999999999999982,26.49472,23.96428,27.6,24.9,84.3,84.3,32.5,3.5,0.0,9.9
2013-07-05,85.03,Excellent,summer,85.03,Excellent,summer,85.03,Excellent,77.57,77.08,3.5,5.0,4.9,3.5,3.6,28.05072,23.940160000000002,30.2,25.6,73.4,73.4,1.0,2.7,7.2,7.4
2013-07-06,86.97,Excellent,summer,86.97,Excellent,summer,86.97,Excellent,77.5,77.2,3.5,5.0,5.0,3.5,4.35,28.3752,23.5584,30.6,25.2,73.0,73.0,0.0,2.7,8.7,4.5
2013-07-07,83.91,Excellent,summer,83.91,Excellent,summer,83.91,Excellent,85.3,76.96,4.0,5.0,4.7,4.0,1.4,27.8464,23.63648,29.5,24.9,78.8,78.8,3.0,1.8,2.8,8.1
2013-07-08,52.03,Acceptable,summer,52.03,Acceptable,summer,52.03,Acceptable,74.3,72.14,4.5,5.0,0.0,3.0,0.0,25.55672,23.64792,26.3,24.3,88.6,88.6,68.0,3.5,0.0,10.0
2013-07-09,81.38,Excellent,summer,81.38,Excellent,summer,81.38,Excellent,72.44,76.71,4.5,5.0,4.35,3.5,0.0,25.37704,23.7634,26.2,24.5,87.3,87.3,6.5,3.2,0.0,10.0
2013-07-10,82.18,Excellent,summer,82.18,Excellent,summer,82.18,Excellent,71.86,76.0,4.5,4.5,4.9,3.0,0.0,24.99232,24.24736,26.1,25.3,82.8,82.8,1.0,3.9,0.0,10.0
2013-07-11,75.57,Very Good,summer,75.57,Very Good,summer,75.57,Very Good,79.71,78.15,4.5,5.0,3.6,3.0,0.0,24.2544,23.782400000000003,25.1,24.6,86.0,86.0,14.0,4.1,0.0,10.0
2013-07-12,55.1,Acceptable,summer,55.1,Acceptable,summer,55.1,Acceptable,70.95,73.88,5.0,5.0,0.0,3.0,0.0,23.636480000000002,22.968960000000003,24.3,23.6,88.4,88.4,74.0,4.9,0.0,10.0
2013-07-13,53.83,Acceptable,summer,53.83,Acceptable,summer,53.83,Acceptable,61.5,69.14,4.5,5.0,0.0,4.0,0.0,24.98224,23.63768,25.6,24.2,90.1,90.1,165.0,1.7,0.0,10.0
2013-07-14,69.69,Good,summer,69.69,Good,summer,69.69,Good,59.54,67.11,4.5,5.0,2.7,3.0,0.0,24.83944,23.58676,25.4,24.1,90.9,90.9,23.0,3.7,0.0,10.0
2013-07-15,79.02,Very Good,summer,79.02,Very Good,summer,79.02,Very Good,67.51,70.97,4.0,4.5,4.65,3.0,0.9,27.57964,25.1866,29.1,26.5,80.1,80.1,3.5,3.5,1.8,9.4
2013-07-16,79.04,Very Good,summer,79.04,Very Good,summer,79.04,Very Good,75.92,70.63,4.0,4.5,4.85,3.0,0.15,26.574080000000002,24.89904,28.8,26.9,70.4,70.4,1.5,4.5,0.3,9.8
2013-07-17,72.63,Very Good,summer,72.63,Very Good,summer,72.63,Very Good,76.9,69.27,4.5,5.0,3.15,3.0,0.0,25.01548,23.58088,25.7,24.2,89.1,89.1,18.5,3.7,0.0,10.0
2013-07-18,65.78,Good,summer,65.78,Good,summer,65.78,Good,72.48,67.87,4.0,4.5,2.35,4.0,0.9,26.68048,24.230240000000002,27.7,25.1,85.6,85.6,26.5,1.9,1.8,9.0
2013-07-19,83.44,Excellent,summer,83.44,Excellent,summer,83.44,Excellent,73.95,71.92,3.5,4.5,5.0,3.5,3.4,28.204,24.918400000000002,30.5,26.8,72.0,72.0,0.0,3.2,6.8,7.0
2013-07-20,79.65,Very Good,summer,79.65,Very Good,summer,79.65,Very Good,76.29,75.61,3.5,4.5,4.9,3.0,2.1,28.058880000000002,25.1232,30.3,27.0,72.4,72.4,1.0,4.2,4.2,8.4
2013-07-21,79.86,Very Good,summer,79.86,Very Good,summer,79.86,Very Good,80.98,77.06,4.0,4.5,4.95,3.0,0.25,26.839679999999998,25.37536,28.4,26.8,78.8,78.8,0.5,4.8,0.5,10.0
2013-07-22,48.73,Marginal,summer,48.73,Marginal,summer,48.73,Marginal,69.41,72.73,4.0,4.5,0.0,3.5,0.45,27.9256,25.153599999999997,29.4,26.4,81.0,81.0,84.5,3.1,0.9,9.9
2013-07-23,50.13,Acceptable,summer,50.13,Acceptable,summer,50.13,Acceptable,59.57,68.6,4.5,4.5,0.0,3.0,0.0,25.566879999999998,24.90244,26.4,25.7,87.3,87.3,56.5,3.8,0.0,10.0
2013-07-24,78.96,Very Good,summer,78.96,Very Good,summer,78.96,Very Good,59.27,69.51,4.0,5.0,3.85,3.0,2.8,26.1216,23.4652,27.6,24.7,79.0,79.0,11.5,4.6,5.6,7.8
2013-07-25,87.93,Excellent,summer,87.93,Excellent,summer,87.93,Excellent,72.34,72.67,4.0,4.5,5.0,3.0,4.75,27.92144,24.1952,30.2,26.0,71.8,71.8,0.0,3.7,9.5,6.8
2013-07-26,86.19,Excellent,summer,86.19,Excellent,summer,86.19,Excellent,84.36,73.06,3.5,4.5,5.0,3.5,5.0,28.64396,24.5794,31.1,26.5,70.9,70.9,0.0,2.9,10.0,2.9
2013-07-27,84.21,Excellent,summer,84.21,Excellent,summer,84.21,Excellent,86.11,73.72,3.5,4.5,4.98,4.0,3.4,28.46944,24.113439999999997,31.2,26.2,67.8,67.8,0.2,2.2,6.8,6.9
2013-07-28,77.44,Very Good,summer,77.44,Very Good,summer,77.44,Very Good,82.61,73.37,4.5,4.5,3.9,4.0,0.0,25.7314,24.4126,26.7,25.3,85.5,85.5,11.0,2.1,0.0,10.0
2013-07-29,79.86,Very Good,summer,79.86,Very Good,summer,79.86,Very Good,80.5,77.82,3.5,4.5,4.65,3.5,2.65,28.212320000000002,25.3318,29.6,26.5,82.3,82.3,3.5,3.4,5.3,6.4
2013-07-30,79.82,Very Good,summer,79.82,Very Good,summer,79.82,Very Good,79.04,82.06,4.0,4.5,4.05,4.0,2.6,27.82244,24.598280000000003,29.9,26.3,73.9,73.9,9.5,2.2,5.2,8.9
2013-07-31,80.17,Excellent,summer,80.17,Excellent,summer,80.17,Excellent,79.95,82.23,4.0,4.5,4.15,3.5,2.95,27.1304,24.78624,29.0,26.4,75.4,75.4,8.5,3.3,5.9,8.3
2013-08-01,83.65,Excellent,summer,83.65,Excellent,summer,83.65,Excellent,81.21,81.62,3.5,4.5,5.0,4.0,3.0,29.20932,25.645599999999998,32.1,28.0,67.3,67.3,0.0,1.7,6.0,7.1
2013-08-02,75.53,Very Good,summer,75.53,Very Good,summer,75.53,Very Good,79.78,80.1,4.0,4.0,4.25,4.0,0.45,27.78688,26.03584,29.3,27.4,80.4,80.4,7.5,2.0,0.9,9.1
2013-08-03,79.31,Very Good,summer,79.31,Very Good,summer,79.31,Very Good,79.5,79.4,3.0,4.0,4.99,3.0,4.45,30.09592,26.80588,32.6,28.9,72.3,72.3,0.1,3.7,8.9,8.1
2013-08-04,77.69,Very Good,summer,77.69,Very Good,summer,77.69,Very Good,77.51,79.43,3.5,4.0,4.55,4.0,2.35,29.28928,26.572480000000002,31.3,28.3,76.4,76.4,4.5,2.4,4.7,8.0
2013-08-05,74.98,Very Good,summer,74.98,Very Good,summer,74.98,Very Good,77.33,78.74,3.5,4.0,4.3,3.5,2.25,28.403560000000002,26.20612,30.1,27.7,78.9,78.9,7.0,3.2,4.5,7.0
2013-08-06,54.54,Acceptable,summer,54.54,Acceptable,summer,54.54,Acceptable,69.07,75.12,4.0,4.5,0.5,4.0,1.4,26.24832,25.140479999999997,27.6,26.4,80.8,80.8,45.0,2.4,2.8,6.6
2013-08-07,77.71,Very Good,summer,77.71,Very Good,summer,77.71,Very Good,69.08,74.77,3.5,4.0,5.0,4.0,0.65,29.783920000000002,26.74024,32.1,28.7,73.8,73.8,0.0,2.3,1.3,7.5
2013-08-08,76.02,Very Good,summer,76.02,Very Good,summer,76.02,Very Good,69.42,73.68,3.0,4.0,5.0,3.0,2.5,30.3832,27.2542,32.8,29.3,73.5,73.5,0.0,3.7,5.0,7.4
2013-08-09,74.88,Very Good,summer,74.88,Very Good,summer,74.88,Very Good,76.2,73.59,3.5,4.0,5.0,3.0,0.05,29.12768,27.65632,30.8,29.2,79.9,79.9,0.0,4.1,0.1,9.9
2013-08-10,77.52,Very Good,summer,77.52,Very Good,summer,77.52,Very Good,76.14,73.33,3.5,4.0,4.8,4.0,1.3,28.03424,26.7328,29.4,28.0,82.4,82.4,2.0,2.4,2.6,7.1
2013-08-11,81.78,Excellent,summer,81.78,Excellent,summer,81.78,Excellent,78.06,73.92,3.0,4.0,5.0,4.0,4.8,30.583040000000004,26.59064,33.2,28.7,71.8,71.8,0.0,2.1,9.6,5.8
2013-08-12,84.29,Excellent,summer,84.29,Excellent,summer,84.29,Excellent,81.2,75.25,3.5,4.0,5.0,3.5,5.0,29.86992,26.96856,32.6,29.3,69.8,69.8,0.0,2.8,10.7,5.3
2013-08-13,84.29,Excellent,summer,84.29,Excellent,summer,84.29,Excellent,83.45,79.5,3.5,4.0,5.0,3.5,5.0,29.748959999999997,26.3856,32.9,29.0,65.6,65.6,0.0,2.9,11.5,4.8
2013-08-14,85.1,Excellent,summer,85.1,Excellent,summer,85.1,Excellent,84.56,80.55,3.5,4.0,5.0,4.0,4.95,29.104799999999997,26.15224,32.0,28.6,67.1,67.1,0.0,2.5,9.9,5.0
2013-08-15,82.48,Excellent,summer,82.48,Excellent,summer,82.48,Excellent,83.96,81.48,3.5,4.0,5.0,3.5,3.95,29.8464,26.568199999999997,32.4,28.7,71.5,71.5,0.0,3.1,7.9,6.6
2013-08-16,78.04,Very Good,summer,78.04,Very Good,summer,78.04,Very Good,81.87,81.93,3.5,4.0,4.55,3.0,3.6,29.25224,26.59064,31.7,28.7,71.8,71.8,4.5,3.7,7.2,7.5
2013-08-17,80.72,Excellent,summer,80.72,Excellent,summer,80.72,Excellent,80.41,82.39,3.5,4.0,5.0,3.0,3.45,28.97344,26.42608,31.6,28.7,69.6,69.6,0.0,4.8,6.9,7.5
2013-08-18,68.7,Good,summer,68.7,Good,summer,68.7,Good,75.82,80.52,3.5,4.0,3.7,3.0,1.4,29.160800000000002,26.30896,31.5,28.3,72.8,72.8,13.0,4.1,2.8,9.8
2013-08-19,82.01,Excellent,summer,82.01,Excellent,summer,82.01,Excellent,77.14,80.19,3.5,4.5,4.4,3.5,4.85,29.525879999999997,25.93592,32.3,28.2,68.9,68.9,6.0,2.6,9.7,4.9
2013-08-20,87.09,Excellent,summer,87.09,Excellent,summer,87.09,Excellent,79.27,80.59,3.5,4.5,5.0,4.0,5.0,28.910399999999996,24.7552,32.3,27.4,62.0,62.0,0.0,1.7,10.6,3.0
2013-08-21,87.09,Excellent,summer,87.09,Excellent,summer,87.09,Excellent,85.4,80.88,3.5,4.5,5.0,4.0,5.0,29.58844,25.40848,33.9,28.8,54.9,54.9,0.0,2.4,11.6,3.8
2013-08-22,84.16,Excellent,summer,84.16,Excellent,summer,84.16,Excellent,86.11,81.12,3.5,4.0,5.0,4.0,4.4,28.60712,26.10392,32.3,29.3,58.6,58.6,0.0,2.3,8.8,6.8
2013-08-23,59.53,Acceptable,summer,59.53,Acceptable,summer,59.53,Acceptable,76.93,78.47,4.0,4.5,1.5,4.0,0.5,27.12172,24.37492,28.7,25.7,78.9,78.9,35.0,2.4,1.0,8.3
2013-08-24,88.99,Excellent,summer,88.99,Excellent,summer,88.99,Excellent,77.56,79.65,3.5,5.0,5.0,4.0,5.0,28.0944,23.970560000000003,31.5,26.6,60.4,60.4,0.0,1.8,10.9,2.4
2013-08-25,92.96,Ideal,summer,92.96,Ideal,summer,92.96,Ideal,80.49,83.12,4.0,5.0,5.0,4.5,5.0,27.88332,23.837320000000002,32.1,27.1,52.3,52.3,0.0,1.6,12.0,4.1
2013-08-26,92.06,Ideal,summer,92.06,Ideal,summer,92.06,Ideal,91.34,84.55,4.0,5.0,5.0,4.0,5.0,27.478720000000003,23.7564,31.6,27.0,52.3,52.3,0.0,2.4,12.1,1.6
2013-08-27,91.16,Ideal,summer,91.16,Ideal,summer,91.16,Ideal,92.06,85.14,4.0,5.0,5.0,3.5,5.0,26.33552,23.20384,29.3,25.6,61.6,61.6,0.0,2.6,11.5,2.4
2013-08-28,90.9,Ideal,summer,90.9,Ideal,summer,90.9,Ideal,91.37,85.68,4.0,5.0,5.0,3.5,4.85,27.42208,23.736639999999998,30.8,26.4,59.4,59.4,0.0,2.7,9.7,5.4
2013-08-29,69.29,Good,summer,69.29,Good,summer,69.29,Good,83.78,83.56,4.5,4.5,2.85,3.0,0.2999999999999998,25.30388,24.2042,26.7,25.5,79.1,79.1,21.5,4.2,0.0,9.4
2013-08-30,91.16,Ideal,summer,91.16,Ideal,summer,91.16,Ideal,83.78,88.07,4.0,5.0,5.0,3.5,5.0,26.07472,23.263840000000002,28.3,25.1,69.6,69.6,0.0,3.3,10.7,5.1
2013-08-31,90.05,Ideal,summer,90.05,Ideal,summer,90.05,Ideal,83.5,88.23,4.5,5.0,4.75,4.0,3.0,25.451279999999997,22.084799999999998,27.9,24.0,65.8,65.8,2.5,2.1,6.0,5.6
2013-09-01,93.37,Ideal,autumn,93.23,Ideal,summer,93.23,Ideal,91.48,88.26,4.5,4.5,5.0,4.0,5.0,24.89488,21.0484,28.2,23.5,54.6,54.6,0.0,2.0,10.0,3.0
2013-09-02,93.56,Ideal,autumn,94.4,Ideal,summer,94.4,Ideal,92.56,88.6,5.0,4.0,5.0,4.0,5.0,23.51324,19.915039999999998,26.9,22.4,49.9,49.9,0.0,2.1,10.8,2.9
2013-09-03,93.56,Ideal,autumn,94.4,Ideal,summer,94.4,Ideal,94.01,89.06,5.0,4.0,5.0,4.0,5.0,23.0032,19.055799999999998,26.8,21.7,43.5,43.5,0.0,2.0,12.1,1.5
2013-09-04,93.56,Ideal,autumn,94.4,Ideal,summer,94.4,Ideal,94.4,89.56,5.0,4.0,5.0,4.0,5.0,23.755000000000003,19.432,27.5,22.0,46.5,46.5,0.0,2.2,12.1,1.6
2013-09-05,81.53,Excellent,autumn,82.86,Excellent,summer,82.86,Excellent,90.55,91.5,4.5,4.0,5.0,3.5,0.6,21.44356,19.08992,24.1,21.2,52.9,52.9,0.0,2.7,1.2,8.3
2013-09-06,81.88,Excellent,autumn,83.16,Excellent,summer,83.16,Excellent,86.81,90.36,4.5,4.0,5.0,4.0,0.25,20.983040000000003,19.05472,23.1,20.8,59.6,59.6,0.0,2.3,0.0,9.5
2013-09-07,92.29,Ideal,autumn,92.28,Ideal,summer,92.28,Ideal,86.1,90.68,4.5,4.5,5.0,4.0,4.45,24.31768,20.08168,26.9,21.9,61.8,61.8,0.0,2.1,8.9,5.8
2013-09-08,93.37,Ideal,autumn,93.23,Ideal,summer,93.23,Ideal,89.56,90.68,4.5,4.5,5.0,4.0,5.0,25.279439999999997,21.01144,27.9,22.9,63.4,63.4,0.0,1.7,10.6,4.1
2013-09-09,86.22,Excellent,autumn,86.95,Excellent,summer,86.95,Excellent,90.82,89.61,4.5,4.5,5.0,4.0,1.35,24.322,21.284,26.5,23.0,67.0,67.0,0.0,1.8,2.7,7.4
2013-09-10,78.25,Very Good,autumn,80.35,Excellent,summer,80.35,Excellent,86.84,87.6,5.0,4.5,3.85,4.0,0.1,23.75904,20.8624,25.2,22.0,76.3,76.3,11.5,1.7,0.2,9.3
2013-09-11,56.55,Acceptable,autumn,59.03,Acceptable,summer,59.03,Acceptable,75.44,82.55,4.5,4.0,1.35,4.0,0.09999999999999964,20.49016,19.72024,20.9,20.1,90.6,90.6,36.5,2.3,0.0,9.8
2013-09-12,84.76,Excellent,autumn,85.63,Excellent,summer,85.63,Excellent,75.0,82.95,4.5,4.5,4.95,4.5,0.25,25.022080000000003,21.9808,26.3,23.0,80.4,80.4,0.5,1.6,0.5,10.0
2013-09-13,51.65,Acceptable,autumn,54.0,Acceptable,summer,53.92,Acceptable,66.22,78.78,4.5,5.0,0.0,4.0,0.1,24.439999999999998,22.255,25.2,22.9,87.5,87.5,50.0,2.4,0.2,9.3
2013-09-14,80.21,Excellent,autumn,81.07,Excellent,summer,81.01,Excellent,73.57,77.18,4.5,5.0,3.85,4.0,1.2,24.14332,22.109640000000002,25.3,23.1,81.1,81.1,11.5,1.9,2.4,9.1
2013-09-15,92.39,Ideal,autumn,92.37,Ideal,summer,92.37,Ideal,75.81,77.06,4.5,4.5,5.0,4.0,4.5,25.2516,21.2292,28.2,23.4,59.5,59.5,0.0,2.0,9.0,3.0
2013-09-16,93.56,Ideal,autumn,94.4,Ideal,summer,94.28,Ideal,89.28,78.12,5.0,4.0,5.0,4.0,5.0,23.5524,18.68948,27.0,20.9,49.3,49.3,0.0,2.1,11.8,0.3
2013-09-17,91.84,Ideal,autumn,91.89,Ideal,summer,91.88,Ideal,92.89,79.77,4.5,4.0,5.0,4.5,4.8,25.31648,19.99936,29.3,22.6,48.4,48.4,0.0,1.5,9.6,0.6
2013-09-18,92.04,Ideal,autumn,91.06,Ideal,summer,91.27,Ideal,92.45,84.35,4.0,4.5,5.0,4.5,5.0,27.2176,21.7504,31.1,24.4,54.0,54.0,0.0,1.6,10.9,1.0
2013-09-19,92.14,Ideal,autumn,91.16,Ideal,summer,91.4,Ideal,91.37,85.14,4.0,5.0,5.0,3.5,5.0,26.6448,22.1128,30.2,24.7,56.0,56.0,0.0,2.7,10.7,0.1
2013-09-20,91.02,Ideal,autumn,91.17,Ideal,summer,91.12,Ideal,91.13,90.45,4.5,4.5,5.0,4.0,3.8,25.948,21.8724,28.0,23.4,71.5,71.5,0.0,1.9,7.6,5.4
2013-09-21,89.45,Excellent,autumn,89.79,Excellent,summer,89.68,Excellent,90.71,91.69,4.5,4.5,5.0,4.0,3.0,25.44328,21.97288,27.8,23.8,66.9,66.9,0.0,1.7,6.0,7.4
2013-09-22,87.86,Excellent,autumn,88.42,Excellent,summer,88.22,Excellent,89.79,91.13,4.5,4.5,5.0,3.0,3.25,24.09712,20.73676,27.2,23.1,54.9,54.9,0.0,4.2,6.5,6.8
2013-09-23,93.37,Ideal,autumn,93.23,Ideal,summer,93.28,Ideal,90.48,90.96,4.5,4.5,5.0,4.0,5.0,25.6256,21.34912,29.0,23.8,55.6,55.6,0.0,2.5,10.0,6.3
2013-09-24,82.01,Excellent,autumn,84.03,Excellent,summer,83.16,Excellent,88.56,89.84,5.0,4.5,4.55,3.5,0.09999999999999964,22.88808,21.1264,23.9,22.0,81.8,81.8,4.5,2.9,0.0,9.8
2013-09-25,87.48,Excellent,autumn,88.1,Excellent,summer,87.81,Excellent,88.45,89.41,4.5,3.5,5.0,3.5,4.75,21.774639999999998,17.8774,24.2,19.5,57.3,57.3,0.0,3.4,9.5,4.9
2013-09-26,85.6,Excellent,autumn,85.6,Excellent,autumn,85.53,Excellent,85.91,88.62,4.0,3.5,5.0,3.5,5.0,19.345,15.45748,22.5,17.3,36.9,36.9,0.0,2.6,11.3,0.1
2013-09-27,89.01,Excellent,autumn,89.01,Excellent,autumn,89.2,Excellent,87.57,88.31,4.5,3.5,5.0,4.0,5.0,21.2504,16.34844,24.0,17.9,50.9,50.9,0.0,1.8,10.8,3.8
2013-09-28,74.59,Very Good,autumn,74.59,Very Good,autumn,75.01,Very Good,83.07,86.14,4.0,3.5,4.6,4.0,0.25,18.73576,16.52976,19.9,17.4,70.6,70.6,4.0,2.2,0.0,9.5
2013-09-29,63.16,Good,autumn,63.16,Good,autumn,63.79,Good,75.59,82.53,4.0,3.5,3.1,3.5,0.20000000000000018,19.16068,16.79968,19.7,17.2,86.1,86.1,19.0,2.7,0.0,9.6
2013-09-30,88.56,Excellent,autumn,88.56,Excellent,autumn,89.06,Excellent,75.44,81.86,5.0,4.0,4.9,4.0,2.8,23.7516,19.49304,25.5,20.7,71.8,71.8,1.0,2.5,5.6,5.9
2013-10-01,89.55,Excellent,autumn,89.55,Excellent,autumn,89.65,Excellent,80.42,82.65,4.5,4.5,5.0,4.0,3.05,24.91584,20.05952,27.2,21.6,66.8,66.8,0.0,2.3,6.1,5.6
2013-10-02,85.13,Excellent,autumn,85.13,Excellent,autumn,85.39,Excellent,87.75,82.23,4.5,3.5,5.0,3.5,3.55,20.680320000000002,17.843359999999997,22.8,19.4,58.6,58.6,0.0,3.2,7.1,3.9
2013-10-03,86.64,Excellent,autumn,86.64,Excellent,autumn,86.57,Excellent,87.11,82.38,4.0,3.5,5.0,4.0,5.0,18.99932,15.01732,21.3,16.3,49.1,49.1,0.0,2.4,11.2,0.4
2013-10-04,91.38,Ideal,autumn,91.38,Ideal,autumn,91.62,Ideal,87.72,82.72,5.0,3.5,5.0,4.0,5.0,22.357840000000003,16.05616,25.1,17.4,54.6,54.6,0.0,1.7,11.0,0.0
2013-10-05,89.01,Excellent,autumn,89.01,Excellent,autumn,89.08,Excellent,89.01,84.78,4.5,3.5,5.0,4.0,5.0,24.3352,17.92,28.1,20.0,48.0,48.0,0.0,1.9,10.9,2.0
2013-10-06,88.15,Excellent,autumn,88.15,Excellent,autumn,88.37,Excellent,89.51,88.35,5.0,4.0,5.0,3.0,3.3,22.779799999999998,18.7912,25.7,20.8,53.5,53.5,0.0,4.0,6.6,6.6
2013-10-07,84.94,Excellent,autumn,84.94,Excellent,autumn,85.04,Excellent,87.37,87.83,4.5,4.5,5.0,4.0,0.7,24.594839999999998,21.05408,26.9,22.8,65.9,65.9,0.0,2.5,1.4,9.4
2013-10-08,79.33,Very Good,autumn,79.33,Very Good,autumn,79.43,Very Good,84.14,86.37,4.5,4.0,4.7,4.0,0.0,21.01648,19.336,21.8,20.0,83.4,83.4,3.0,2.3,0.0,10.0
2013-10-09,91.19,Ideal,autumn,91.19,Ideal,autumn,91.2,Ideal,85.15,87.23,4.5,4.0,5.0,4.0,5.0,24.03184,18.9838,26.4,20.5,63.9,63.9,0.0,1.9,10.6,2.5
2013-10-10,88.25,Excellent,autumn,88.25,Excellent,autumn,88.25,Excellent,86.26,87.46,4.5,4.0,5.0,4.0,3.5,24.4976,19.8124,26.4,21.1,71.0,71.0,0.0,2.2,7.0,3.9
2013-10-11,79.9,Very Good,autumn,79.9,Very Good,autumn,79.9,Very Good,86.45,85.82,4.0,3.5,4.35,3.0,4.9,18.881,16.723000000000003,20.7,18.1,57.5,57.5,6.5,5.0,9.8,4.3
2013-10-12,85.6,Excellent,autumn,85.6,Excellent,autumn,85.6,Excellent,84.58,85.34,4.0,3.5,5.0,3.5,5.0,19.3748,15.217279999999999,21.5,16.4,53.8,53.8,0.0,2.7,10.8,0.1
2013-10-13,89.66,Excellent,autumn,89.66,Excellent,autumn,89.66,Excellent,85.05,85.55,4.5,3.5,5.0,4.5,4.8,21.3632,16.1904,23.4,17.3,62.0,62.0,0.0,1.5,9.6,0.0
2013-10-14,91.38,Ideal,autumn,91.38,Ideal,autumn,91.38,Ideal,88.88,86.47,5.0,3.5,5.0,4.0,5.0,22.303359999999998,17.09152,24.4,18.3,63.6,63.6,0.0,2.4,10.1,0.5
2013-10-15,72.28,Very Good,autumn,72.28,Very Good,autumn,72.28,Very Good,84.44,85.47,3.5,3.0,4.65,3.5,1.75,16.790239999999997,11.8352,17.4,12.0,79.4,79.4,3.5,2.9,0.0,6.5
2013-10-16,82.09,Excellent,autumn,82.09,Excellent,autumn,82.09,Excellent,81.92,84.17,3.5,3.0,5.0,4.0,5.0,15.524320000000001,10.974879999999999,16.8,11.2,53.1,53.1,0.0,1.8,10.5,0.1
2013-10-17,82.09,Excellent,autumn,82.09,Excellent,autumn,82.09,Excellent,78.82,83.29,3.5,3.0,5.0,4.0,5.0,17.3158,11.9728,18.9,12.4,55.5,55.5,0.0,1.8,10.3,2.0
2013-10-18,84.46,Excellent,autumn,84.46,Excellent,autumn,84.46,Excellent,82.88,83.94,4.0,3.0,5.0,4.0,5.0,18.35584,12.949119999999999,20.2,13.6,54.8,54.8,0.0,1.8,10.0,1.0
2013-10-19,79.96,Very Good,autumn,79.96,Very Good,autumn,79.96,Very Good,82.17,83.13,3.5,3.5,5.0,4.0,2.8,17.9458,13.847439999999999,19.5,14.6,59.1,59.1,0.0,2.2,5.6,5.4
2013-10-20,87.54,Excellent,autumn,87.54,Excellent,autumn,87.54,Excellent,83.99,82.83,4.5,3.5,5.0,4.0,4.25,20.84116,15.63068,22.9,16.7,60.1,60.1,0.0,2.3,8.5,4.9
2013-10-21,84.72,Excellent,autumn,84.72,Excellent,autumn,84.72,Excellent,84.07,81.88,4.0,3.5,5.0,3.5,4.55,19.774639999999998,14.96744,22.2,16.2,50.3,50.3,0.0,2.8,9.1,2.6
2013-10-22,84.36,Excellent,autumn,84.36,Excellent,autumn,84.36,Excellent,85.54,83.6,4.0,3.5,5.0,3.0,4.9,19.17748,14.62796,21.7,15.9,46.1,46.1,0.0,3.8,9.8,0.5
2013-10-23,85.11,Excellent,autumn,85.11,Excellent,autumn,85.11,Excellent,84.73,84.03,4.0,3.5,5.0,3.5,4.75,19.63644,14.937679999999999,22.1,16.2,49.1,49.1,0.0,2.9,9.5,1.3
2013-10-24,80.27,Excellent,autumn,80.27,Excellent,autumn,80.27,Excellent,83.25,83.77,3.5,3.0,5.0,3.5,4.6,16.8272,12.48992,18.5,13.1,50.8,50.8,0.0,3.2,9.2,1.6
2013-10-25,79.91,Very Good,autumn,79.91,Very Good,autumn,79.91,Very Good,81.76,83.12,3.5,3.0,5.0,3.0,4.95,13.4542,9.46268,14.5,9.3,41.9,41.9,0.0,3.8,9.9,0.0
2013-10-26,81.89,Excellent,autumn,81.89,Excellent,autumn,81.89,Excellent,80.69,83.4,3.5,3.0,5.0,4.0,4.9,14.571399999999999,10.0,15.7,10.0,50.5,50.5,0.0,1.9,9.8,0.0
2013-10-27,81.7,Excellent,autumn,81.7,Excellent,autumn,81.7,Excellent,81.17,82.57,3.5,3.0,5.0,4.0,4.8,16.6016,11.15528,18.0,11.4,56.3,56.3,0.0,2.0,9.6,0.1
2013-10-28,78.92,Very Good,autumn,78.92,Very Good,autumn,78.92,Very Good,80.84,81.74,3.5,3.0,5.0,4.5,2.85,15.7754,11.379199999999999,16.7,11.6,65.5,65.5,0.0,1.4,5.7,3.0
2013-10-29,72.87,Very Good,autumn,72.87,Very Good,autumn,72.87,Very Good,77.83,80.1,3.5,3.0,4.95,3.5,1.0,15.7538,12.390039999999999,16.5,12.7,71.3,71.3,0.5,2.6,2.0,6.5
2013-10-30,80.72,Excellent,autumn,80.72,Excellent,autumn,80.72,Excellent,77.5,79.47,3.5,3.0,5.0,4.0,4.3,15.180719999999999,10.4178,16.2,10.5,58.9,58.9,0.0,2.0,8.6,1.5
2013-10-31,81.7,Excellent,autumn,81.7,Excellent,autumn,81.7,Excellent,78.43,79.67,3.5,3.0,5.0,4.0,4.8,17.21248,11.39332,18.8,11.7,54.9,54.9,0.0,1.7,9.6,2.3
2013-11-01,85.82,Excellent,autumn,85.82,Excellent,autumn,85.8,Excellent,82.75,80.52,4.0,3.5,5.0,4.5,4.05,18.59424,13.855360000000001,20.7,14.8,50.8,50.8,0.0,1.5,8.1,5.4
2013-11-02,70.83,Very Good,autumn,70.83,Very Good,autumn,70.89,Very Good,79.45,78.94,3.5,3.0,4.25,4.5,1.35,14.50408,11.47072,14.9,11.6,79.8,79.8,7.5,1.6,0.0,7.3
2013-11-03,76.7,Very Good,autumn,76.7,Very Good,autumn,76.65,Very Good,77.78,78.22,3.5,3.0,5.0,4.0,2.25,16.17204,11.75028,16.7,11.9,80.3,80.3,0.0,1.7,4.5,5.9
2013-11-04,79.84,Very Good,autumn,79.84,Very Good,autumn,79.69,Very Good,75.79,78.35,3.5,3.0,5.0,4.0,3.85,16.69712,12.29112,17.6,12.6,70.3,70.3,0.0,1.8,7.7,1.4
2013-11-05,81.31,Excellent,autumn,81.31,Excellent,autumn,81.08,Excellent,79.28,79.56,3.5,3.0,5.0,4.0,4.6,17.2862,11.97156,18.5,12.3,64.3,64.3,0.0,1.8,9.2,1.1
2013-11-06,72.49,Very Good,autumn,72.49,Very Good,autumn,72.54,Very Good,77.88,78.38,3.5,3.0,4.9,4.0,0.4500000000000002,15.369,12.001999999999999,15.9,12.2,77.5,77.5,1.0,2.3,0.0,9.1
2013-11-07,79.35,Very Good,autumn,79.35,Very Good,autumn,78.83,Very Good,77.72,78.05,3.5,3.0,4.99,3.0,4.7,14.70728,11.78552,15.8,12.2,52.9,52.9,0.1,4.0,9.4,1.8
2013-11-08,81.56,Excellent,autumn,81.56,Excellent,autumn,81.37,Excellent,77.8,77.44,3.5,3.0,5.0,4.5,4.2,13.4812,9.2264,14.5,9.0,43.4,43.4,0.0,1.6,8.4,3.4
2013-11-09,68.91,Good,autumn,68.91,Good,autumn,69.12,Good,76.61,77.17,3.5,3.0,4.45,4.0,0.2,14.6662,11.35744,15.5,11.6,62.1,62.1,5.5,2.4,0.4,9.6
2013-11-10,74.77,Very Good,autumn,74.77,Very Good,autumn,73.98,Very Good,75.08,76.89,3.0,2.5,5.0,3.0,4.65,10.31248,6.4846,10.4,5.5,45.3,45.3,0.0,4.3,9.3,1.8
2013-11-11,76.21,Very Good,autumn,76.21,Very Good,autumn,75.48,Very Good,73.3,76.37,3.0,2.5,5.0,3.5,4.85,8.171,4.5861600000000005,7.5,2.6,32.9,32.9,0.0,2.8,9.7,0.0
2013-11-12,76.21,Very Good,autumn,76.21,Very Good,autumn,75.41,Very Good,75.73,75.64,3.0,2.5,5.0,3.5,4.85,8.8834,5.0869599999999995,8.5,3.4,36.1,36.1,0.0,2.7,9.7,0.3
2013-11-13,76.46,Very Good,autumn,76.46,Very Good,autumn,75.86,Very Good,76.29,76.21,3.0,2.5,5.0,4.0,4.45,11.0836,5.9752,11.4,4.8,43.5,43.5,0.0,1.7,8.9,1.9
2013-11-14,67.94,Good,autumn,68.07,Good,winter,68.0,Good,73.58,74.6,3.0,2.5,4.9,4.0,0.45,9.91796,7.29268,9.9,6.7,55.1,55.1,1.0,1.9,0.9,8.9
2013-11-15,71.98,Very Good,autumn,71.95,Very Good,winter,71.96,Very Good,72.16,73.23,3.0,3.0,4.8,4.0,1.75,12.19168,8.35624,12.4,8.2,78.3,78.3,2.0,1.8,3.5,5.3
2013-11-16,70.82,Very Good,autumn,69.8,Good,winter,70.23,Very Good,69.94,73.35,3.0,2.5,4.8,3.5,2.8,11.776,7.336,12.0,7.0,72.0,72.0,2.0,2.6,5.6,5.0
2013-11-17,70.66,Very Good,autumn,69.11,Good,winter,69.72,Good,70.29,72.54,3.0,2.5,4.9,3.0,2.9,8.00224,6.00448,7.6,5.2,58.1,58.1,1.0,4.2,5.8,4.0
2013-11-18,69.34,Good,autumn,67.17,Good,winter,67.95,Good,68.69,71.25,2.5,2.0,5.0,3.0,4.2,5.27648,2.7518400000000005,4.2,1.1,53.6,53.6,0.0,5.2,8.4,3.3
2013-11-19,68.26,Good,autumn,66.28,Good,winter,66.92,Good,67.52,69.83,2.5,2.0,5.0,3.0,3.65,4.94328,2.7411600000000003,3.8,1.1,53.9,53.9,0.0,4.4,7.3,4.9
2013-11-20,71.26,Very Good,autumn,69.36,Good,winter,69.91,Good,67.6,68.82,2.5,2.0,5.0,3.5,4.65,6.9036800000000005,3.5808000000000004,5.9,1.5,38.8,38.8,0.0,3.2,9.3,0.0
2013-11-21,74.48,Very Good,autumn,73.21,Very Good,winter,73.53,Very Good,69.62,69.55,2.5,2.5,5.0,4.0,4.65,7.8529599999999995,4.11552,7.3,2.6,48.8,48.8,0.0,2.4,9.3,0.6
2013-11-22,75.19,Very Good,autumn,74.11,Very Good,winter,74.34,Very Good,72.23,69.86,3.0,2.5,5.0,4.0,3.8,10.4158,5.50936,10.5,4.6,57.9,57.9,0.0,1.9,7.6,0.0
2013-11-23,75.78,Very Good,autumn,74.59,Very Good,winter,74.8,Very Good,73.97,70.55,3.0,2.5,5.0,4.0,4.1,12.146,7.5106399999999995,12.5,7.1,64.6,64.6,0.0,1.7,8.2,1.8
2013-11-24,58.21,Acceptable,autumn,58.22,Acceptable,winter,58.22,Acceptable,68.97,68.99,3.0,2.5,3.6,3.0,1.1,10.538319999999999,7.57756,10.6,7.3,74.3,74.3,14.0,3.5,2.2,7.4
2013-11-25,58.79,Acceptable,autumn,58.3,Acceptable,winter,58.36,Acceptable,63.7,67.72,3.0,2.5,4.05,2.5,0.35,10.171679999999999,5.450480000000001,10.2,4.7,64.6,64.6,9.5,6.1,0.7,6.8
2013-11-26,67.06,Good,autumn,66.42,Good,winter,66.46,Good,60.98,67.74,2.5,2.0,4.85,4.0,2.5,6.45688,3.33556,5.8,2.1,60.9,60.9,1.5,2.5,5.0,5.4
2013-11-27,63.24,Good,autumn,62.65,Good,winter,62.67,Good,62.46,66.79,2.5,2.0,4.83,3.5,1.15,5.403840000000001,1.3280000000000003,4.7,0.0,66.8,66.8,1.7,3.4,2.3,7.0
2013-11-28,66.32,Good,autumn,64.38,Good,winter,64.38,Good,64.48,65.52,2.0,1.5,5.0,3.5,4.45,1.3279600000000005,-0.9792799999999997,-0.9,-3.8,48.9,48.9,0.0,2.9,8.9,2.1
2013-11-29,72.21,Very Good,autumn,70.74,Very Good,winter,70.74,Very Good,65.92,65.04,2.5,2.0,5.0,4.0,4.6,5.77968,1.3158800000000002,4.8,-0.7,52.9,52.9,0.0,1.8,9.2,0.5
2013-11-30,76.07,Very Good,autumn,74.83,Very Good,winter,74.83,Very Good,69.98,65.08,3.0,2.5,5.0,4.0,4.25,10.49656,6.1102799999999995,10.6,5.3,56.9,56.9,0.0,2.4,8.5,5.4
2013-12-01,72.89,Very Good,winter,72.89,Very Good,winter,72.89,Very Good,72.82,67.17,3.0,2.5,5.0,4.0,3.05,8.785359999999999,5.2282,8.6,4.5,66.9,66.9,0.0,2.1,6.1,3.4
2013-12-02,68.27,Good,winter,68.27,Good,winter,68.27,Good,72.0,68.6,2.5,2.5,5.0,4.5,0.7000000000000002,7.08552,4.7710799999999995,6.6,3.9,64.3,64.3,0.0,1.4,0.0,8.6
2013-12-03,75.0,Very Good,winter,75.0,Very Good,winter,75.0,Very Good,72.05,69.82,3.0,2.5,5.0,4.5,3.45,9.91496,7.1936800000000005,9.9,6.7,62.6,62.6,0.0,1.6,6.9,4.1
2013-12-04,73.54,Very Good,winter,73.54,Very Good,winter,73.54,Very Good,72.27,71.38,3.0,2.5,5.0,4.0,3.45,9.64352,5.9896,9.6,5.5,72.8,72.8,0.0,1.8,6.9,2.1
2013-12-05,68.19,Good,winter,68.19,Good,winter,68.19,Good,72.24,71.92,3.0,2.5,5.0,4.0,0.15,9.1064,5.9788,9.0,5.5,73.4,73.4,0.0,2.4,0.3,6.8
2013-12-06,71.51,Very Good,winter,71.51,Very Good,winter,71.51,Very Good,71.08,72.03,2.5,2.5,5.0,3.5,4.5,7.6888000000000005,4.607200000000001,7.0,3.0,42.6,42.6,0.0,2.7,9.0,3.0
2013-12-07,72.42,Very Good,winter,72.42,Very Good,winter,72.42,Very Good,70.71,71.69,3.0,2.5,4.99,4.0,2.8,10.8432,6.79584,11.0,6.2,60.8,60.8,0.1,1.9,5.6,4.8
2013-12-08,64.46,Good,winter,64.46,Good,winter,64.46,Good,69.46,70.48,2.5,2.5,5.0,3.5,0.15,6.8458,4.77304,6.5,4.2,75.3,75.3,0.0,2.8,0.3,5.8
2013-12-09,55.62,Acceptable,winter,55.62,Acceptable,winter,55.62,Acceptable,64.17,68.68,2.5,2.5,3.6,3.5,0.0,5.5244800000000005,4.21912,5.2,3.8,83.1,83.1,14.0,3.1,0.0,10.0
2013-12-10,68.88,Good,winter,68.88,Good,winter,68.88,Good,62.99,67.8,2.5,2.0,5.0,3.5,4.35,4.6414,2.0033199999999995,3.5,0.3,56.1,56.1,0.0,3.2,8.7,2.8
2013-12-11,60.84,Good,winter,60.84,Good,winter,60.84,Good,61.78,65.99,2.0,1.5,4.74,3.0,4.15,1.6072800000000005,-0.019879999999999676,0.2,-1.7,64.1,64.1,2.6,3.9,8.3,5.0
2013-12-12,56.11,Acceptable,winter,56.11,Acceptable,winter,56.11,Acceptable,61.94,64.26,2.0,1.5,4.59,3.5,0.9,1.4678799999999999,-1.6107200000000004,0.3,-3.2,69.9,69.9,4.1,2.7,1.8,5.5
2013-12-13,63.33,Good,winter,63.33,Good,winter,63.33,Good,60.09,63.09,1.5,1.5,5.0,4.0,4.3,-1.2969999999999993,-3.2719999999999994,-4.3,-6.8,47.5,47.5,0.0,2.4,8.6,1.8
2013-12-14,63.22,Good,winter,63.22,Good,winter,63.22,Good,60.89,61.78,2.0,1.5,4.89,4.5,2.35,0.17776000000000014,-2.8378400000000004,-1.4,-4.9,65.4,65.4,1.1,1.5,4.7,3.6
2013-12-15,65.92,Good,winter,65.92,Good,winter,65.92,Good,64.16,61.99,2.0,1.5,5.0,4.0,4.5,2.63068,-1.4105600000000007,0.7,-4.4,48.1,48.1,0.0,1.9,9.0,0.1
2013-12-16,60.09,Good,winter,60.09,Good,winter,60.09,Good,63.08,62.63,2.0,1.5,5.0,4.0,0.9,2.3012,-1.0214400000000001,0.5,-3.6,52.6,52.6,0.0,1.8,1.8,5.6
2013-12-17,68.8,Good,winter,68.8,Good,winter,68.8,Good,64.94,62.62,2.5,2.0,5.0,4.5,2.5,5.70912,1.66112,4.7,-0.3,52.4,52.4,0.0,1.5,5.0,7.3
2013-12-18,67.09,Good,winter,67.09,Good,winter,67.09,Good,65.33,63.51,2.5,2.0,4.92,4.0,2.65,6.9886,3.2888800000000007,6.5,2.2,65.1,65.1,0.8,2.4,5.3,6.5
2013-12-19,60.14,Good,winter,60.14,Good,winter,60.14,Good,65.34,64.08,2.0,1.5,4.97,3.0,2.85,0.8178400000000002,-1.3723999999999998,-0.9,-3.5,60.6,60.6,0.3,4.0,5.7,7.5
2013-12-20,63.73,Good,winter,63.73,Good,winter,63.73,Good,63.65,64.14,2.0,1.5,5.0,3.5,4.05,1.66548,-1.5527999999999995,-0.1,-4.0,56.3,56.3,0.0,2.6,8.1,3.8
2013-12-21,65.35,Good,winter,65.35,Good,winter,65.35,Good,63.07,64.45,2.0,1.5,5.0,4.0,4.15,2.4870400000000004,-0.8153599999999996,0.9,-3.1,56.4,56.4,0.0,1.8,8.3,0.0
2013-12-22,66.97,Good,winter,66.97,Good,winter,66.97,Good,65.35,64.6,2.5,1.5,5.0,4.0,3.75,4.273000000000001,-0.04300000000000015,3.1,-2.1,57.5,57.5,0.0,1.9,7.5,3.1
2013-12-23,67.91,Good,winter,67.91,Good,winter,67.91,Good,66.74,65.71,2.0,2.0,5.0,4.0,4.25,3.62132,0.8047599999999997,2.3,-1.1,57.1,57.1,0.0,2.2,8.5,2.5
2013-12-24,70.26,Very Good,winter,70.26,Very Good,winter,70.26,Very Good,68.38,65.92,2.5,2.0,5.0,4.0,4.3,5.008,0.3488,4.0,-1.6,58.0,58.0,0.0,1.7,8.6,0.0
2013-12-25,69.61,Good,winter,69.61,Good,winter,69.61,Good,69.26,66.28,2.5,2.0,5.0,4.0,3.9,4.69792,1.1632000000000002,3.7,-0.5,60.4,60.4,0.0,1.8,7.8,3.8
2013-12-26,59.31,Acceptable,winter,59.31,Acceptable,winter,59.31,Acceptable,66.39,66.16,2.0,2.0,4.84,3.5,0.45,3.6402400000000004,0.8524000000000003,2.7,-0.5,67.8,67.8,1.6,2.6,0.9,7.5
2013-12-27,61.87,Good,winter,61.87,Good,winter,61.87,Good,63.6,65.9,1.5,1.5,5.0,3.5,4.3,-0.9325999999999999,-3.4063999999999997,-3.7,-6.8,49.5,49.5,0.0,3.4,8.6,0.0
2013-12-28,65.92,Good,winter,65.92,Good,winter,65.92,Good,62.37,65.98,2.0,1.5,5.0,4.0,4.5,0.13971999999999962,-2.8106,-2.7,-6.5,44.1,44.1,0.0,2.5,9.0,0.5
2013-12-29,65.05,Good,winter,65.05,Good,winter,65.05,Good,64.28,65.7,2.0,1.5,4.99,4.0,4.0,2.9507200000000005,-0.8256799999999997,1.6,-2.9,59.8,59.8,0.1,2.1,8.0,3.9
2013-12-30,67.66,Good,winter,67.66,Good,winter,67.66,Good,66.21,65.67,2.5,2.0,5.0,3.5,3.6,6.96008,3.5915200000000005,6.3,2.2,55.4,55.4,0.0,2.9,7.2,1.1
2013-12-31,71.43,Very Good,winter,71.43,Very Good,winter,71.43,Very Good,68.05,65.84,3.0,2.5,5.0,3.0,3.95,8.3296,4.82176,8.0,3.8,58.8,58.8,0.0,3.6,7.9,3.0
2014-01-01,70.21,Very Good,winter,70.21,Very Good,winter,70.21,Very Good,69.77,65.92,3.0,2.5,5.0,3.0,3.2,8.30908,5.1688,7.9,4.0,51.3,51.3,0.0,3.7,6.4,2.1
2014-01-02,70.58,Very Good,winter,70.58,Very Good,winter,70.58,Very Good,70.74,67.53,2.5,2.0,5.0,4.0,4.5,7.18192,3.6964,6.2,1.5,35.4,35.4,0.0,2.0,9.0,0.3
2014-01-03,65.48,Good,winter,65.48,Good,winter,65.48,Good,68.76,68.05,2.5,2.0,5.0,4.0,1.35,7.792479999999999,3.7044799999999998,7.3,2.3,54.4,54.4,0.0,2.5,2.7,4.6
2014-01-04,70.34,Very Good,winter,70.34,Very Good,winter,70.34,Very Good,68.8,68.68,2.5,2.0,5.0,4.0,4.35,6.53104,2.0371599999999996,5.6,-0.1,47.1,47.1,0.0,2.4,8.7,0.9
2014-01-05,69.77,Good,winter,69.77,Good,winter,69.77,Good,68.53,69.35,2.5,2.0,5.0,4.0,4.0,5.07968,1.42912,3.8,-0.8,48.4,48.4,0.0,1.9,8.0,2.1
2014-01-06,71.31,Very Good,winter,71.31,Very Good,winter,71.31,Very Good,70.47,69.87,2.5,2.0,5.0,4.5,4.05,7.114240000000001,2.62528,6.4,0.8,50.4,50.4,0.0,1.6,8.1,3.1
2014-01-07,66.9,Good,winter,66.9,Good,winter,66.9,Good,69.33,69.23,2.5,2.5,5.0,4.0,0.75,6.292,4.232,5.5,3.0,56.0,56.0,0.0,1.7,0.0,8.5
2014-01-08,64.66,Good,winter,64.66,Good,winter,64.66,Good,67.62,68.43,2.5,2.0,5.0,3.5,1.75,5.0416,2.1492,4.0,0.5,56.6,56.6,0.0,3.3,3.5,7.4
2014-01-09,60.97,Good,winter,60.97,Good,winter,60.97,Good,64.18,67.06,1.5,1.5,5.0,3.0,4.65,-0.08435999999999932,-2.552559999999999,-4.3,-7.8,26.3,26.3,0.0,3.6,9.3,0.0
2014-01-10,62.19,Good,winter,62.19,Good,winter,62.19,Good,62.61,66.59,2.0,1.5,5.0,4.0,2.2,1.3410400000000005,-1.67768,-0.9,-4.7,48.6,48.6,0.0,2.0,4.4,3.1
2014-01-11,68.47,Good,winter,68.47,Good,winter,68.47,Good,63.88,66.32,2.5,2.0,5.0,4.0,3.2,4.09936,0.9161199999999996,2.4,-1.7,44.1,44.1,0.0,1.9,6.4,4.5
2014-01-12,67.01,Good,winter,67.01,Good,winter,67.01,Good,65.89,65.93,2.5,2.0,5.0,3.5,3.2,4.195,0.4024000000000001,2.5,-2.4,43.5,43.5,0.0,3.4,6.4,2.5
2014-01-13,64.7,Good,winter,64.7,Good,winter,64.7,Good,66.73,64.99,2.0,1.5,5.0,3.5,4.65,1.8335999999999997,-1.4047999999999998,-1.6,-6.2,26.0,26.0,0.0,2.9,9.3,0.0
2014-01-14,66.0,Good,winter,66.0,Good,winter,66.0,Good,65.9,64.86,2.0,1.5,5.0,4.0,4.55,3.4567200000000007,-0.5133599999999992,1.1,-4.3,33.8,33.8,0.0,2.2,9.1,0.0
2014-01-15,70.58,Very Good,winter,70.58,Very Good,winter,70.58,Very Good,67.09,65.7,2.5,2.0,5.0,4.0,4.5,4.009600000000001,0.09280000000000044,2.2,-2.9,42.0,42.0,0.0,1.7,9.0,0.9
2014-01-16,64.18,Good,winter,64.18,Good,winter,64.18,Good,66.92,66.16,2.5,2.0,5.0,4.0,0.55,4.6265600000000004,1.6879600000000003,3.6,0.1,59.9,59.9,0.0,1.9,1.1,6.8
2014-01-17,69.77,Good,winter,69.77,Good,winter,69.77,Good,68.18,67.24,2.5,2.0,5.0,4.5,3.1,4.89368,1.6816400000000002,3.8,-0.1,55.9,55.9,0.0,1.6,6.2,1.8
2014-01-18,66.36,Good,winter,66.36,Good,winter,66.36,Good,66.77,66.94,2.0,2.0,5.0,3.5,4.2,2.9196800000000005,0.6108800000000003,0.8,-2.2,42.4,42.4,0.0,3.1,8.4,0.4
2014-01-19,68.31,Good,winter,68.31,Good,winter,68.31,Good,68.15,67.13,2.5,2.0,5.0,4.0,3.1,4.07808,0.18208000000000002,2.4,-2.6,44.8,44.8,0.0,1.9,6.2,4.9
2014-01-20,54.24,Acceptable,winter,54.24,Acceptable,winter,54.24,Acceptable,62.97,65.63,2.0,1.5,4.47,3.5,0.20000000000000018,2.44108,-0.7317999999999998,1.9,-1.5,83.3,83.3,5.3,3.2,0.0,9.6
2014-01-21,58.44,Acceptable,winter,58.44,Acceptable,winter,58.44,Acceptable,60.33,64.55,1.5,1.5,4.93,4.0,1.55,-1.14024,-3.1812,-3.1,-5.5,62.6,62.6,0.7,2.4,3.1,5.3
2014-01-22,67.38,Good,winter,67.38,Good,winter,67.38,Good,60.02,64.1,2.0,1.5,5.0,4.5,4.5,2.9440000000000004,-1.6759999999999997,1.6,-3.9,60.0,60.0,0.0,1.6,9.0,1.0
2014-01-23,67.99,Good,winter,67.99,Good,winter,67.99,Good,64.6,64.64,2.5,2.0,5.0,4.0,2.9,4.91184,0.6860800000000005,4.1,-0.8,65.6,65.6,0.0,2.1,5.8,3.4
2014-01-24,63.05,Good,winter,63.05,Good,winter,63.05,Good,66.14,63.68,2.5,2.0,5.0,3.5,0.75,6.31232,3.9968,5.7,3.0,64.4,64.4,0.0,2.6,0.0,8.5
2014-01-25,66.27,Good,winter,66.27,Good,winter,66.27,Good,65.77,63.67,2.5,2.5,4.7,4.0,1.5,6.6788799999999995,4.79392,6.3,4.2,74.4,74.4,3.0,2.4,0.0,7.0
2014-01-26,69.53,Good,winter,69.53,Good,winter,69.53,Good,66.28,63.84,2.5,2.0,5.0,3.5,4.75,4.08332,0.7023599999999997,2.3,-2.1,42.1,42.1,0.0,2.7,9.5,0.0
2014-01-27,68.88,Good,winter,68.88,Good,winter,68.88,Good,68.23,65.93,2.5,2.0,5.0,3.5,4.35,6.832,2.2384000000000004,6.0,0.2,48.0,48.0,0.0,2.6,8.7,1.6
2014-01-28,68.08,Good,winter,68.08,Good,winter,68.08,Good,68.83,67.31,2.5,2.0,4.95,3.5,4.05,5.61952,3.1048,4.6,1.5,52.8,52.8,0.5,2.9,8.1,3.6
2014-01-29,74.35,Very Good,winter,74.35,Very Good,winter,74.35,Very Good,70.44,68.31,3.0,2.5,5.0,4.0,3.95,8.63128,4.06888,8.2,2.2,40.1,40.1,0.0,2.2,7.9,4.3
2014-01-30,62.8,Good,winter,62.8,Good,winter,62.8,Good,68.41,67.57,2.5,2.5,4.65,3.5,0.45,6.974600000000001,4.8136,6.5,4.0,66.1,66.1,3.5,3.0,0.9,5.8
2014-01-31,70.74,Very Good,winter,70.74,Very Good,winter,70.74,Very Good,69.3,68.66,2.5,2.0,5.0,4.0,4.6,7.8868,3.87172,7.0,1.3,26.1,26.1,0.0,2.2,9.2,1.0
2014-02-01,57.79,Acceptable,winter,57.79,Acceptable,winter,57.79,Acceptable,63.78,67.45,2.5,2.5,3.9,3.5,0.20000000000000018,6.5792,5.63848,6.0,4.9,63.8,63.8,11.0,3.4,0.0,9.6
2014-02-02,66.26,Good,winter,66.26,Good,winter,66.26,Good,64.93,66.99,2.5,2.5,4.95,4.0,0.5499999999999998,6.6176,5.07136,6.5,4.9,91.6,91.6,0.5,2.0,0.0,8.9
2014-02-03,61.71,Good,winter,61.71,Good,winter,61.71,Good,61.92,65.96,2.5,1.5,5.0,3.0,2.3,4.5712,-0.17899999999999983,2.8,-3.5,38.5,38.5,0.0,4.3,4.6,2.6
2014-02-04,65.03,Good,winter,65.03,Good,winter,65.03,Good,64.33,65.53,2.0,1.5,5.0,3.5,4.85,0.36068000000000033,-2.2426400000000006,-3.7,-7.4,25.9,25.9,0.0,3.4,9.7,0.1
2014-02-05,64.46,Good,winter,64.46,Good,winter,64.46,Good,63.73,64.11,2.0,1.5,5.0,4.0,3.6,3.1129999999999995,-0.5079999999999991,0.3,-4.8,27.5,27.5,0.0,2.0,7.2,4.5
2014-02-06,68.72,Good,winter,68.72,Good,winter,68.72,Good,66.07,64.96,2.5,2.0,5.0,4.0,3.35,6.0443999999999996,1.8730400000000003,4.5,-1.3,29.8,29.8,0.0,1.7,6.7,5.0
2014-02-07,69.24,Good,winter,69.24,Good,winter,69.24,Good,67.47,64.74,3.0,2.5,5.0,3.0,2.6,8.10592,4.00208,7.6,2.4,47.3,47.3,0.0,4.8,5.2,8.4
2014-02-08,56.19,Acceptable,winter,56.19,Acceptable,winter,56.19,Acceptable,64.72,64.52,2.0,2.0,4.57,3.0,0.45,3.118,1.00752,2.5,0.2,79.4,79.4,4.3,4.3,0.9,9.8
2014-02-09,58.34,Acceptable,winter,58.34,Acceptable,winter,58.34,Acceptable,61.26,63.38,2.0,1.5,4.98,3.5,0.8,1.5742,-0.5096000000000003,0.7,-1.6,76.5,76.5,0.2,2.7,1.6,8.0
2014-02-10,68.03,Good,winter,68.03,Good,winter,68.03,Good,60.85,64.29,2.5,2.0,4.98,4.0,3.0,5.408,1.7179999999999997,4.4,-0.1,55.0,55.0,0.2,2.5,6.0,4.5
2014-02-11,69.69,Good,winter,69.69,Good,winter,69.69,Good,65.35,64.95,2.5,2.0,5.0,3.5,4.85,6.31168,2.4696800000000003,5.2,0.2,42.1,42.1,0.0,3.2,9.7,0.8
2014-02-12,67.42,Good,winter,67.42,Good,winter,67.42,Good,68.38,65.38,2.5,2.0,5.0,4.0,2.55,6.093719999999999,2.98464,5.1,1.2,49.3,49.3,0.0,2.5,5.1,4.4
2014-02-13,68.56,Good,winter,68.56,Good,winter,68.56,Good,68.56,65.35,2.5,2.0,5.0,4.0,3.25,7.2546,3.6463599999999996,6.5,1.9,46.1,46.1,0.0,2.2,6.5,5.6
2014-02-14,72.0,Very Good,winter,72.0,Very Good,winter,72.0,Very Good,69.33,65.75,3.0,2.5,5.0,3.5,3.4,8.10592,4.23884,7.6,2.7,47.3,47.3,0.0,3.1,6.8,4.0
2014-02-15,74.43,Very Good,winter,74.43,Very Good,winter,74.43,Very Good,71.66,68.35,3.0,2.5,5.0,3.5,4.9,8.7724,4.0256799999999995,8.5,2.7,54.6,54.6,0.0,2.7,9.8,0.4
2014-02-16,70.3,Very Good,winter,70.3,Very Good,winter,70.3,Very Good,72.24,70.06,3.0,2.5,5.0,4.0,1.45,8.45492,4.14496,8.1,2.8,53.3,53.3,0.0,1.7,2.9,5.8
2014-02-17,70.54,Very Good,winter,70.54,Very Good,winter,70.54,Very Good,71.76,70.42,3.0,2.5,5.0,4.0,1.6,8.827,5.4643999999999995,8.5,4.2,45.5,45.5,0.0,2.0,3.2,6.4
2014-02-18,65.27,Good,winter,65.27,Good,winter,65.27,Good,68.7,69.79,2.5,2.5,5.0,3.0,1.55,6.395440000000001,4.123,5.4,2.5,45.9,45.9,0.0,3.5,3.1,5.3
2014-02-19,68.39,Good,winter,68.39,Good,winter,68.39,Good,68.07,69.93,2.5,2.0,5.0,3.5,4.05,7.378480000000001,3.72424,6.7,2.1,48.6,48.6,0.0,2.6,8.1,3.5
2014-02-20,68.15,Good,winter,68.15,Good,winter,68.15,Good,67.27,69.87,2.5,2.0,5.0,3.5,3.9,6.193,2.5552,5.5,1.2,61.5,61.5,0.0,2.8,7.8,0.9
2014-02-21,69.93,Good,winter,69.93,Good,winter,69.93,Good,68.82,69.57,2.5,2.0,5.0,3.5,5.0,7.531160000000001,2.7527600000000003,6.9,0.9,49.1,49.1,0.0,2.6,10.1,0.0
2014-02-22,70.9,Very Good,winter,70.9,Very Good,winter,70.9,Very Good,69.66,69.07,2.5,2.0,5.0,4.0,4.7,7.9272800000000005,3.7818400000000003,7.4,2.2,49.3,49.3,0.0,2.1,9.4,1.4
2014-02-23,73.86,Very Good,winter,73.86,Very Good,winter,73.86,Very Good,71.56,69.58,3.0,2.5,5.0,4.0,3.65,8.7964,4.46344,8.5,3.1,50.6,50.6,0.0,2.1,7.3,0.0
2014-02-24,73.05,Very Good,winter,73.05,Very Good,winter,73.05,Very Good,72.6,69.94,3.0,2.5,5.0,4.0,3.15,9.4176,5.0912,9.3,4.1,58.0,58.0,0.0,2.3,6.3,0.0
2014-02-25,74.43,Very Good,winter,74.43,Very Good,winter,74.43,Very Good,73.78,71.24,3.0,2.5,5.0,4.0,4.0,11.93108,6.3897200000000005,12.3,5.7,59.9,59.9,0.0,2.0,8.0,0.0
2014-02-26,79.25,Very Good,winter,79.25,Very Good,winter,79.25,Very Good,75.58,72.8,3.5,3.0,5.0,4.0,4.1,14.989439999999998,8.75264,16.4,8.4,44.9,44.9,0.0,1.9,8.2,1.0
2014-02-27,73.25,Very Good,winter,73.25,Very Good,winter,73.25,Very Good,75.64,73.52,3.0,3.0,5.0,3.5,2.7,12.54696,8.11032,13.1,7.7,55.4,55.4,0.0,2.8,5.4,4.8
2014-02-28,71.43,Very Good,winter,71.43,Very Good,winter,71.41,Very Good,74.64,73.74,3.0,2.5,5.0,4.0,2.15,11.920960000000001,7.2438400000000005,12.3,6.7,58.8,58.8,0.0,2.3,4.3,6.3
2014-03-01,65.84,Good,spring,67.3,Good,winter,67.2,Good,70.66,73.22,3.0,2.5,5.0,3.5,0.5,9.493360000000001,6.6224,9.4,6.0,61.1,61.1,0.0,2.6,1.0,8.1
2014-03-02,76.1,Very Good,spring,74.59,Very Good,winter,74.75,Very Good,71.11,73.33,3.0,2.5,5.0,3.5,5.0,10.07856,5.6792,10.1,4.5,46.4,46.4,0.0,3.0,10.5,0.6
2014-03-03,77.41,Very Good,spring,76.05,Very Good,winter,76.24,Very Good,72.65,73.76,3.0,2.5,5.0,4.0,5.0,11.401440000000001,6.45952,11.9,5.2,34.4,34.4,0.0,2.0,10.4,0.0
2014-03-04,71.88,Very Good,spring,71.59,Very Good,winter,71.64,Very Good,74.08,73.35,3.0,2.5,5.0,3.5,3.15,11.8216,7.0696,12.3,6.3,48.0,48.0,0.0,2.9,6.3,5.5
2014-03-05,70.28,Very Good,spring,68.47,Good,winter,68.86,Good,72.04,71.81,2.5,2.0,5.0,3.0,5.0,6.33776,3.29888,5.3,1.4,44.8,44.8,0.0,4.4,10.7,0.5
2014-03-06,69.82,Good,spring,68.15,Good,winter,68.57,Good,69.4,71.08,2.5,2.0,5.0,3.0,4.8,6.132,2.49608,5.0,0.3,43.4,43.4,0.0,3.6,9.6,1.9
2014-03-07,70.28,Very Good,spring,68.47,Good,winter,68.99,Good,68.36,70.66,2.5,2.0,5.0,3.0,5.0,5.53348,1.6938400000000002,4.3,-0.6,45.9,45.9,0.0,3.8,10.6,1.8
2014-03-08,69.94,Good,spring,69.28,Good,winter,69.49,Good,68.63,70.94,2.5,2.0,5.0,4.0,3.7,7.54,3.44,7.0,2.0,55.0,55.0,0.0,2.5,7.4,5.1
2014-03-09,68.83,Good,spring,67.04,Good,winter,67.68,Good,68.26,69.86,2.5,2.0,4.78,3.0,4.95,5.70688,2.89984,4.8,1.4,56.4,56.4,2.2,3.6,9.9,3.4
2014-03-10,74.17,Very Good,spring,72.2,Very Good,winter,72.97,Very Good,69.51,69.31,3.0,2.0,5.0,3.5,5.0,8.156320000000001,3.1864,7.7,1.5,50.4,50.4,0.0,3.0,11.1,0.0
2014-03-11,69.6,Good,spring,69.97,Good,winter,69.81,Good,69.74,69.08,3.0,2.5,5.0,3.5,2.15,9.484,5.27,9.4,4.5,65.0,65.0,0.0,2.8,4.3,2.5
2014-03-12,68.22,Good,spring,70.02,Very Good,winter,69.18,Good,70.73,69.3,3.0,2.5,4.98,4.5,0.45,9.5484,7.200080000000001,9.5,6.9,75.8,75.8,0.2,1.5,0.9,8.6
2014-03-13,64.3,Good,spring,64.3,Good,spring,64.99,Good,68.1,68.75,3.0,2.5,5.0,3.0,0.4,8.6094,6.0736,8.3,5.2,54.5,54.5,0.0,4.0,0.8,7.6
2014-03-14,74.79,Very Good,spring,74.79,Very Good,spring,74.02,Very Good,69.7,69.66,3.0,2.5,5.0,3.0,5.0,8.7724,4.59856,8.5,3.4,54.6,54.6,0.0,3.6,10.5,1.0
2014-03-15,71.37,Very Good,spring,71.37,Very Good,spring,71.08,Very Good,70.15,69.96,3.0,2.5,5.0,3.0,3.5,12.94848,7.22496,13.4,6.8,66.8,66.8,0.0,4.0,7.0,1.1
2014-03-16,78.84,Very Good,spring,78.84,Very Good,spring,78.72,Very Good,75.0,71.64,3.5,3.0,5.0,4.0,3.65,17.4222,11.13516,18.5,11.3,68.3,68.3,0.0,2.3,7.3,3.0
2014-03-17,76.33,Very Good,spring,76.33,Very Good,spring,76.22,Very Good,75.51,72.23,4.0,3.0,4.95,3.0,2.7,18.6104,12.381599999999999,19.4,12.6,79.0,79.0,0.5,3.5,5.4,6.5
2014-03-18,75.75,Very Good,spring,75.75,Very Good,spring,75.57,Very Good,76.97,73.06,3.5,3.0,4.96,3.0,3.55,15.4072,10.4506,16.0,10.5,75.3,75.3,0.4,3.5,7.1,6.3
2014-03-19,66.74,Good,spring,66.74,Good,spring,67.38,Good,72.94,72.59,3.0,3.0,5.0,3.5,0.05,11.982600000000001,9.655199999999999,12.3,9.6,65.5,65.5,0.0,2.9,0.1,7.1
2014-03-20,69.13,Good,spring,69.13,Good,spring,69.24,Good,70.54,73.28,3.0,2.5,4.96,3.5,2.05,10.26556,6.72476,10.3,6.3,71.3,71.3,0.4,3.2,4.1,6.8
2014-03-21,76.1,Very Good,spring,76.1,Very Good,spring,75.78,Very Good,70.66,73.47,3.0,2.5,5.0,3.5,5.0,11.62,6.679,12.0,5.9,52.5,52.5,0.0,3.4,11.4,0.3
2014-03-22,81.81,Excellent,spring,81.81,Excellent,spring,81.6,Excellent,75.68,74.96,3.5,3.0,5.0,4.0,4.95,14.697,8.8044,15.5,8.6,63.5,63.5,0.0,2.5,9.9,1.0
2014-03-23,80.61,Excellent,spring,80.61,Excellent,spring,80.42,Excellent,79.51,75.21,3.5,3.0,5.0,3.5,5.0,14.6992,9.65824,15.5,9.6,63.6,63.6,0.0,3.0,10.1,0.0
2014-03-24,76.68,Very Good,spring,76.68,Very Good,spring,76.6,Very Good,79.7,75.26,3.5,3.0,5.0,3.0,3.85,14.4626,10.7578,15.3,10.9,60.5,60.5,0.0,3.5,7.7,5.9
2014-03-25,71.94,Very Good,spring,71.94,Very Good,spring,72.09,Very Good,76.41,74.72,3.5,3.5,5.0,3.5,0.35,17.40952,14.156559999999999,18.2,14.6,75.9,75.9,0.0,2.7,0.7,10.0
2014-03-26,83.6,Excellent,spring,83.6,Excellent,spring,83.58,Excellent,77.41,77.12,4.5,3.5,5.0,3.5,3.2,20.214959999999998,14.63536,21.9,15.4,64.6,64.6,0.0,2.8,6.4,5.4
2014-03-27,82.73,Excellent,spring,82.73,Excellent,spring,82.73,Excellent,79.42,79.07,4.0,3.5,5.0,3.5,3.95,19.10624,13.0646,20.4,13.5,68.9,68.9,0.0,2.8,7.9,0.9
2014-03-28,84.28,Excellent,spring,84.28,Excellent,spring,84.28,Excellent,83.54,80.24,4.5,3.5,5.0,3.5,3.5,21.44296,15.47272,23.8,16.6,57.3,57.3,0.0,2.6,7.0,5.5
2014-03-29,70.89,Very Good,spring,70.89,Very Good,spring,70.89,Very Good,79.3,78.68,3.5,3.5,4.65,4.0,0.25,17.1488,14.468,18.0,15.0,73.4,73.4,3.5,2.5,0.0,9.5
2014-03-30,85.12,Excellent,spring,85.12,Excellent,spring,85.12,Excellent,80.1,79.32,4.0,3.5,5.0,3.5,5.0,19.052400000000002,14.1846,20.6,14.9,63.5,63.5,0.0,3.1,10.7,2.9
2014-03-31,84.04,Excellent,spring,84.04,Excellent,spring,84.04,Excellent,80.02,80.37,4.0,3.5,5.0,4.0,3.95,18.131439999999998,13.5874,20.2,14.5,49.3,49.3,0.0,2.3,7.9,3.1
2014-04-01,86.43,Excellent,spring,86.43,Excellent,spring,86.43,Excellent,85.2,82.44,4.0,3.5,5.0,4.0,5.0,19.5576,14.11712,23.0,15.6,33.8,33.8,0.0,2.4,10.4,2.4
2014-04-02,85.12,Excellent,spring,85.12,Excellent,spring,85.12,Excellent,85.2,82.66,4.0,3.5,5.0,3.5,5.0,18.567999999999998,13.96,21.9,15.5,30.0,30.0,0.0,2.7,10.1,4.3
2014-04-03,71.19,Very Good,spring,71.19,Very Good,spring,71.19,Very Good,80.91,81.01,3.5,3.0,4.95,3.5,1.0,13.0672,10.170399999999999,13.6,10.2,63.0,63.0,0.5,3.1,0.0,8.0
2014-04-04,76.1,Very Good,spring,76.1,Very Good,spring,76.1,Very Good,77.47,79.84,3.0,2.5,5.0,3.5,5.0,11.37768,7.2446399999999995,11.7,6.6,52.6,52.6,0.0,3.4,10.0,3.8
2014-04-05,74.05,Very Good,spring,74.05,Very Good,spring,74.05,Very Good,73.78,80.29,3.0,2.5,5.0,3.5,4.1,10.842,6.8004,11.0,6.2,60.5,60.5,0.0,3.0,8.2,3.5
2014-04-06,74.79,Very Good,spring,74.79,Very Good,spring,74.79,Very Good,74.98,78.82,3.0,2.5,5.0,3.0,5.0,12.24672,7.91376,12.8,7.4,50.6,50.6,0.0,4.0,12.1,0.5
2014-04-07,79.81,Very Good,spring,79.81,Very Good,spring,79.81,Very Good,76.22,78.21,3.5,3.0,5.0,3.5,4.65,15.759319999999999,10.25788,16.7,10.3,64.9,64.9,0.0,3.4,9.3,3.4
2014-04-08,83.19,Excellent,spring,83.19,Excellent,spring,83.19,Excellent,79.26,77.75,4.0,3.0,5.0,3.5,5.0,18.18292,11.60284,19.7,11.9,60.9,60.9,0.0,2.6,11.5,0.0
2014-04-09,76.62,Very Good,spring,76.62,Very Good,spring,76.62,Very Good,79.87,76.54,3.5,3.0,5.0,3.5,3.25,14.98836,10.28236,15.3,10.3,85.3,85.3,0.0,3.0,6.5,5.8
2014-04-10,81.88,Excellent,spring,81.88,Excellent,spring,81.88,Excellent,80.56,78.06,4.0,3.0,5.0,4.0,3.85,18.86,12.215,20.0,12.5,71.5,71.5,0.0,2.4,7.7,5.9
2014-04-11,79.69,Very Good,spring,79.69,Very Good,spring,79.69,Very Good,79.4,78.58,3.5,3.5,5.0,3.5,3.75,17.6386,13.1608,18.7,13.6,69.5,69.5,0.0,2.8,7.5,5.3
2014-04-12,73.13,Very Good,spring,73.13,Very Good,spring,73.13,Very Good,78.23,78.44,3.5,3.5,5.0,4.0,0.2999999999999998,16.30144,13.76336,17.2,14.3,68.8,68.8,0.0,1.7,0.0,9.4
2014-04-13,85.82,Excellent,spring,85.82,Excellent,spring,85.82,Excellent,79.55,80.02,4.5,3.5,5.0,4.0,3.6,21.72028,15.901119999999999,24.3,17.2,54.9,54.9,0.0,2.2,7.2,6.4
2014-04-14,87.7,Excellent,spring,87.7,Excellent,spring,87.7,Excellent,82.22,81.15,4.5,3.5,5.0,3.5,5.0,20.083679999999998,15.12316,22.4,16.3,53.3,53.3,0.0,2.7,10.6,0.5
2014-04-15,76.85,Very Good,spring,76.85,Very Good,spring,76.85,Very Good,83.46,80.24,3.5,3.0,5.0,3.5,3.35,16.25872,12.66916,16.8,12.9,80.1,80.1,0.0,3.2,6.7,4.1
2014-04-16,76.97,Very Good,spring,76.97,Very Good,spring,76.97,Very Good,80.51,80.29,4.0,3.5,5.0,4.0,0.85,18.685599999999997,13.696,19.4,14.0,81.0,81.0,0.0,1.8,1.7,6.8
2014-04-17,78.22,Very Good,spring,78.22,Very Good,spring,78.22,Very Good,77.35,79.77,4.0,3.5,4.7,4.0,2.2,19.47864,14.087119999999999,20.9,14.7,67.4,67.4,3.0,1.9,4.4,6.9
2014-04-18,85.65,Excellent,spring,85.65,Excellent,spring,85.65,Excellent,80.28,80.62,4.5,3.5,5.0,3.5,4.1,20.9148,14.95364,23.0,15.9,59.9,59.9,0.0,2.6,8.2,4.3
2014-04-19,71.31,Very Good,spring,71.31,Very Good,spring,71.31,Very Good,78.39,80.36,3.5,3.5,5.0,3.0,0.65,16.921599999999998,13.296,18.4,14.0,56.0,56.0,0.0,4.5,1.3,7.9
2014-04-20,85.12,Excellent,spring,85.12,Excellent,spring,85.12,Excellent,80.69,80.26,4.0,3.5,5.0,3.5,5.0,19.484160000000003,13.760959999999999,21.6,14.6,54.4,54.4,0.0,3.4,11.3,3.1
2014-04-21,85.12,Excellent,spring,85.12,Excellent,spring,85.12,Excellent,80.52,79.89,4.0,3.5,5.0,3.5,5.0,19.35256,14.18404,21.4,15.1,55.1,55.1,0.0,3.0,10.8,3.9
2014-04-22,87.7,Excellent,spring,87.7,Excellent,spring,87.7,Excellent,85.98,81.44,4.5,3.5,5.0,3.5,5.0,20.27292,14.6344,23.3,16.0,43.1,43.1,0.0,2.8,10.5,2.1
2014-04-23,89.01,Excellent,spring,89.01,Excellent,spring,89.01,Excellent,87.28,83.16,4.5,3.5,5.0,4.0,5.0,21.88424,15.742719999999998,24.9,17.2,49.4,49.4,0.0,2.5,11.8,0.0
2014-04-24,91.25,Ideal,spring,91.25,Ideal,spring,91.25,Ideal,89.32,85.02,5.0,3.5,5.0,4.0,4.85,22.8952,16.8456,26.2,18.6,49.0,49.0,0.0,2.0,9.7,0.6
2014-04-25,89.01,Excellent,spring,89.01,Excellent,spring,89.01,Excellent,89.76,85.5,4.5,3.5,5.0,4.0,5.0,21.607,16.57,25.9,19.0,32.5,32.5,0.0,2.2,11.5,0.4
2014-04-26,83.31,Excellent,spring,83.31,Excellent,spring,83.31,Excellent,87.86,87.22,4.5,3.5,5.0,4.0,2.5,21.636239999999997,16.573719999999998,25.4,18.7,38.9,38.9,0.0,2.4,5.0,7.9
2014-04-27,67.51,Good,spring,67.51,Good,spring,67.51,Good,79.94,84.7,3.5,3.5,4.15,4.0,0.1,17.85512,15.29984,18.3,15.6,86.6,86.6,8.5,2.3,0.2,10.0
2014-04-28,61.62,Good,spring,61.62,Good,spring,61.62,Good,70.81,81.34,3.5,3.5,3.65,3.0,0.0,14.832,13.47904,15.0,13.6,91.6,91.6,13.5,4.6,0.0,10.0
2014-04-29,68.99,Good,spring,68.99,Good,spring,68.99,Good,66.04,78.67,3.5,3.5,4.45,3.0,1.1,17.8142,14.39,18.9,15.0,69.5,69.5,5.5,4.0,2.2,9.3
2014-04-30,82.78,Excellent,spring,82.78,Excellent,spring,82.78,Excellent,71.13,77.78,4.0,3.5,5.0,4.0,3.4,19.67176,15.17524,21.4,16.1,62.1,62.1,0.0,2.1,6.8,5.9
2014-05-01,87.7,Excellent,spring,87.7,Excellent,spring,87.7,Excellent,79.82,77.27,4.5,3.5,5.0,3.5,5.0,20.188200000000002,15.052,22.1,16.0,60.5,60.5,0.0,3.2,12.0,0.0
2014-05-02,85.97,Excellent,spring,85.97,Excellent,spring,85.97,Excellent,85.48,76.84,5.0,3.5,4.9,3.0,3.95,23.077280000000002,15.03652,24.8,15.7,70.9,70.9,1.0,3.6,7.9,6.0
2014-05-03,79.3,Very Good,spring,79.3,Very Good,spring,79.3,Very Good,84.32,76.27,3.5,3.0,5.0,3.0,5.0,17.61112,12.53704,19.3,13.1,54.6,54.6,0.0,3.9,13.1,1.3
2014-05-04,76.97,Very Good,spring,76.97,Very Good,spring,76.97,Very Good,80.75,77.62,4.0,3.0,4.98,3.0,2.9,18.7276,11.911760000000001,20.5,12.3,57.8,57.8,0.2,3.8,5.8,5.8
2014-05-05,79.3,Very Good,spring,79.3,Very Good,spring,79.3,Very Good,78.52,80.14,3.5,3.0,5.0,3.0,5.0,14.543,11.0738,15.5,11.3,56.5,56.5,0.0,5.1,12.8,1.3
2014-05-06,80.61,Excellent,spring,80.61,Excellent,spring,80.61,Excellent,78.96,81.8,3.5,3.0,5.0,3.5,5.0,17.0524,12.42916,19.0,13.1,45.9,45.9,0.0,3.4,12.6,0.0
2014-05-07,82.59,Excellent,spring,82.59,Excellent,spring,82.64,Excellent,80.83,81.78,4.0,3.5,4.8,3.0,5.0,19.75636,14.521239999999999,22.3,15.7,48.3,48.3,2.0,3.8,10.4,6.4
2014-05-08,77.62,Very Good,spring,77.62,Very Good,spring,77.78,Very Good,80.27,80.34,4.0,3.5,4.6,3.0,3.35,18.8882,14.2102,19.5,14.5,83.9,83.9,4.0,4.2,6.7,5.4
2014-05-09,89.01,Excellent,spring,89.01,Excellent,spring,89.07,Excellent,83.07,80.77,4.5,3.5,5.0,4.0,5.0,21.63616,15.73376,23.8,16.8,60.8,60.8,0.0,2.0,11.5,0.3
2014-05-10,90.94,Ideal,spring,90.94,Ideal,spring,91.01,Ideal,85.86,82.43,4.5,4.0,5.0,4.0,5.0,24.15688,18.122799999999998,28.3,20.5,43.4,43.4,0.0,2.1,12.4,0.6
2014-05-11,63.23,Good,spring,63.23,Good,spring,63.73,Good,81.06,80.47,4.5,3.5,2.7,3.5,0.4,21.282880000000002,17.27664,23.8,18.9,54.4,54.4,23.0,3.4,0.8,8.3
2014-05-12,74.88,Very Good,spring,74.88,Very Good,spring,75.13,Very Good,76.35,79.84,4.0,3.5,4.0,3.0,3.75,19.530559999999998,15.864959999999998,20.4,16.4,79.1,79.1,10.0,5.2,7.5,5.9
2014-05-13,90.9,Ideal,spring,90.9,Ideal,spring,91.39,Ideal,76.34,81.31,5.0,4.0,5.0,3.0,5.0,23.721760000000003,18.09232,25.6,19.2,69.9,69.9,0.0,4.0,11.7,1.9
2014-05-14,90.9,Ideal,spring,90.9,Ideal,spring,91.45,Ideal,85.56,82.5,5.0,4.0,5.0,3.0,5.0,23.298759999999998,18.02944,25.9,19.6,59.1,59.1,0.0,3.5,11.6,3.4
2014-05-15,86.21,Excellent,spring,86.21,Excellent,spring,86.65,Excellent,89.34,83.72,4.5,3.5,4.97,3.0,5.0,21.88612,17.11432,23.7,18.2,66.9,66.9,0.3,4.0,11.3,2.6
2014-05-16,90.28,Ideal,spring,90.28,Ideal,spring,90.8,Ideal,89.13,83.91,5.0,3.5,5.0,3.5,5.0,22.97944,17.2108,26.2,19.0,50.3,50.3,0.0,2.9,12.0,1.0
2014-05-17,91.59,Ideal,spring,91.59,Ideal,spring,91.98,Ideal,89.36,84.0,5.0,3.5,5.0,4.0,5.0,22.830399999999997,17.92,26.2,20.0,48.0,48.0,0.0,2.3,12.3,3.6
2014-05-18,93.52,Ideal,spring,93.52,Ideal,spring,93.93,Ideal,91.8,88.33,5.0,4.0,5.0,4.0,5.0,23.68684,18.244120000000002,27.1,20.3,50.1,50.1,0.0,2.4,12.6,1.8
2014-05-19,91.81,Ideal,spring,93.11,Ideal,summer,92.46,Ideal,92.74,90.93,5.0,4.0,5.0,4.0,4.25,23.29048,18.204,26.2,20.0,55.1,55.1,0.0,2.3,8.5,4.4
2014-05-20,86.61,Excellent,spring,88.06,Excellent,summer,87.39,Excellent,91.56,90.52,4.5,4.0,5.0,4.0,3.1,24.381439999999998,18.9884,28.4,21.5,45.4,45.4,0.0,2.2,6.2,5.6
2014-05-21,88.32,Excellent,spring,89.53,Excellent,summer,89.01,Excellent,90.23,90.33,4.5,4.0,5.0,3.0,5.0,24.2098,18.698120000000003,26.5,20.1,65.3,65.3,0.0,3.7,12.0,2.4
2014-05-22,90.94,Ideal,spring,91.33,Ideal,summer,91.18,Ideal,89.64,91.06,4.5,4.0,5.0,4.0,5.0,25.62088,19.30424,28.3,20.9,63.4,63.4,0.0,2.5,12.5,0.5
2014-05-23,90.19,Ideal,spring,91.3,Ideal,summer,90.9,Ideal,90.72,91.21,4.5,4.5,5.0,3.5,4.4,25.55008,20.4832,27.8,22.0,68.4,68.4,0.0,2.9,8.8,3.0
2014-05-24,85.24,Excellent,spring,87.03,Excellent,summer,86.45,Excellent,89.89,90.55,4.5,4.0,5.0,4.0,2.5,25.666079999999997,19.88976,27.9,21.3,68.8,68.8,0.0,2.3,5.0,7.8
2014-05-25,69.35,Good,spring,72.07,Very Good,summer,71.29,Very Good,83.47,87.49,5.0,4.0,2.9,4.0,0.0,23.64244,19.6138,24.9,20.5,78.9,78.9,21.0,2.4,0.0,10.0
2014-05-26,89.3,Excellent,spring,91.1,Ideal,summer,90.65,Ideal,83.4,87.2,5.0,4.0,4.85,3.0,4.7,22.78312,18.174239999999998,24.7,19.4,67.4,67.4,1.5,4.0,9.4,4.4
2014-05-27,90.25,Ideal,spring,91.43,Ideal,summer,91.18,Ideal,84.87,87.68,4.5,4.5,5.0,3.0,5.0,24.6034,20.2144,28.3,22.8,49.5,49.5,0.0,4.2,12.1,0.8
2014-05-28,89.61,Excellent,spring,89.64,Excellent,summer,89.64,Excellent,90.72,87.7,4.0,4.5,5.0,4.0,4.7,26.69536,21.8048,29.8,24.0,60.8,60.8,0.0,2.5,9.4,1.5
2014-05-29,88.98,Excellent,spring,89.26,Excellent,summer,89.22,Excellent,90.11,87.4,4.0,4.5,5.0,3.5,5.0,27.10456,20.80288,30.9,23.2,54.6,54.6,0.0,2.8,12.4,0.9
2014-05-30,90.29,Ideal,spring,90.16,Ideal,summer,90.17,Ideal,89.69,87.24,4.0,4.5,5.0,4.0,5.0,26.786,21.396,31.8,24.8,42.5,42.5,0.0,2.1,12.0,0.1
2014-05-31,88.33,Excellent,spring,88.09,Excellent,summer,88.11,Excellent,89.17,87.39,3.5,5.0,5.0,3.5,5.0,28.667959999999997,22.97944,33.3,26.2,50.3,50.3,0.0,2.6,10.7,1.3
2014-06-01,87.07,Excellent,summer,87.07,Excellent,summer,87.02,Excellent,88.44,89.54,4.0,5.0,5.0,4.0,2.1,26.56476,22.23628,29.9,24.7,58.1,58.1,0.0,1.9,4.2,8.0
2014-06-02,86.48,Excellent,summer,86.48,Excellent,summer,86.48,Excellent,87.21,88.88,5.0,4.5,4.8,4.0,0.05,23.052400000000002,21.264400000000002,24.6,22.6,73.5,73.5,2.0,2.2,0.1,10.0
2014-06-03,60.55,Good,summer,60.55,Good,summer,60.55,Good,78.03,84.46,4.5,4.0,1.7000000000000002,3.0,0.7000000000000002,20.7932,18.53644,21.0,18.7,95.3,95.3,33.0,3.5,0.0,8.6
2014-06-04,89.62,Excellent,summer,89.62,Excellent,summer,89.62,Excellent,78.88,84.46,4.5,4.5,5.0,3.0,3.95,25.0588,20.8288,27.8,22.8,61.5,61.5,0.0,4.3,7.9,6.5
2014-06-05,87.32,Excellent,summer,87.32,Excellent,summer,87.32,Excellent,79.16,84.18,5.0,4.5,5.0,3.5,0.3,23.44672,20.774079999999998,26.1,22.9,58.8,58.8,0.0,2.9,0.6,7.6
2014-06-06,92.06,Ideal,summer,92.06,Ideal,summer,92.06,Ideal,89.67,84.46,4.0,5.0,5.0,4.0,5.0,27.63116,22.032639999999997,31.1,24.4,58.9,58.9,0.0,2.4,12.1,1.4
2014-06-07,89.88,Excellent,summer,89.88,Excellent,summer,89.88,Excellent,89.75,84.71,4.5,4.5,5.0,4.0,3.05,24.71284,21.6154,27.1,23.5,65.1,65.1,0.0,2.4,6.1,6.0
2014-06-08,89.21,Excellent,summer,89.21,Excellent,summer,89.21,Excellent,90.38,85.02,5.0,4.5,5.0,3.5,1.4,23.0674,20.27368,24.5,21.4,75.3,75.3,0.0,3.0,2.8,8.0
2014-06-09,88.96,Excellent,summer,88.96,Excellent,summer,88.96,Excellent,89.35,85.37,4.0,4.5,5.0,4.0,4.3,26.515839999999997,21.393279999999997,28.7,22.9,70.8,70.8,0.0,2.3,8.6,5.9
2014-06-10,85.45,Excellent,summer,85.45,Excellent,summer,85.45,Excellent,87.87,88.93,4.0,5.0,4.45,4.0,3.25,27.1384,22.076800000000002,29.3,23.6,72.0,72.0,5.5,2.1,6.5,6.3
2014-06-11,70.93,Very Good,summer,70.93,Very Good,summer,70.93,Very Good,81.78,86.26,4.0,4.0,3.1,4.0,2.15,26.02796,19.9582,26.9,20.5,87.1,87.1,19.0,1.9,4.3,9.1
2014-06-12,91.15,Ideal,summer,91.15,Ideal,summer,91.15,Ideal,82.51,86.81,4.5,4.5,4.99,3.5,4.35,25.314760000000003,20.03072,27.1,21.2,73.9,73.9,0.1,2.8,8.7,6.8
2014-06-13,87.86,Excellent,summer,87.86,Excellent,summer,87.86,Excellent,83.31,86.21,4.5,4.5,5.0,3.5,2.4,24.4728,20.3508,25.8,21.3,79.0,79.0,0.0,2.9,4.8,6.4
2014-06-14,92.33,Ideal,summer,92.33,Ideal,summer,92.33,Ideal,90.45,86.56,4.5,4.5,5.0,3.5,5.0,25.68928,21.08,27.7,22.5,71.6,71.6,0.0,3.3,12.0,3.9
2014-06-15,89.26,Excellent,summer,89.26,Excellent,summer,89.26,Excellent,89.82,86.56,4.0,4.5,5.0,3.5,5.0,26.2726,21.61072,28.5,23.2,69.9,69.9,0.0,3.3,11.6,4.5
2014-06-16,92.06,Ideal,summer,92.06,Ideal,summer,92.06,Ideal,91.22,87.01,4.0,5.0,5.0,4.0,5.0,26.4464,22.03184,29.0,23.9,66.4,66.4,0.0,2.5,10.9,6.6
2014-06-17,82.66,Excellent,summer,82.66,Excellent,summer,82.66,Excellent,87.99,86.61,3.5,5.0,4.65,4.0,2.65,28.36504,22.8644,30.7,24.5,71.8,71.8,3.5,1.9,5.3,7.8
2014-06-18,90.84,Ideal,summer,90.84,Ideal,summer,90.84,Ideal,88.52,89.45,4.0,5.0,4.99,3.5,4.85,26.907320000000002,22.746879999999997,29.1,24.4,71.3,71.3,0.1,3.0,9.7,5.4
2014-06-19,85.15,Excellent,summer,85.15,Excellent,summer,85.15,Excellent,86.22,88.59,4.5,4.5,5.0,3.0,1.35,24.308320000000002,21.465,25.6,22.5,79.3,79.3,0.0,3.5,2.7,8.0
2014-06-20,84.84,Excellent,summer,84.84,Excellent,summer,84.84,Excellent,86.94,88.16,4.0,5.0,4.85,4.5,0.85,26.8516,22.865199999999998,28.6,24.2,76.5,76.5,1.5,1.6,1.7,9.1
2014-06-21,77.86,Very Good,summer,77.86,Very Good,summer,77.86,Very Good,82.62,86.1,4.0,5.0,4.15,3.5,0.5,26.80952,22.09916,28.2,23.1,80.9,80.9,8.5,2.7,1.0,8.8
2014-06-22,88.19,Excellent,summer,88.19,Excellent,summer,88.19,Excellent,83.63,85.94,4.0,5.0,4.96,4.0,2.9,27.0544,22.29712,29.0,23.7,74.4,74.4,0.4,1.8,5.8,8.0
2014-06-23,73.87,Very Good,summer,73.87,Very Good,summer,73.87,Very Good,79.97,83.34,5.0,4.5,2.55,4.5,0.75,22.745919999999998,20.6216,23.2,21.0,91.4,91.4,24.5,1.4,1.5,7.8
2014-06-24,92.97,Ideal,summer,92.97,Ideal,summer,92.97,Ideal,85.01,84.82,4.5,4.5,5.0,4.0,4.85,25.452479999999998,21.58936,27.2,22.9,74.6,74.6,0.0,2.4,9.7,4.8
2014-06-25,87.85,Excellent,summer,87.85,Excellent,summer,87.85,Excellent,84.9,84.39,4.0,5.0,5.0,4.0,2.55,27.0316,22.37032,29.0,23.8,74.1,74.1,0.0,2.3,5.1,6.3
2014-06-26,92.06,Ideal,summer,92.06,Ideal,summer,92.06,Ideal,90.96,85.38,4.0,5.0,5.0,4.0,5.0,27.004,22.5568,29.5,24.4,68.0,68.0,0.0,2.4,10.5,5.9
2014-06-27,90.99,Ideal,summer,90.99,Ideal,summer,90.99,Ideal,90.3,86.26,4.0,5.0,5.0,3.5,4.9,27.534399999999998,22.678720000000002,29.5,24.1,74.8,74.8,0.0,2.8,9.8,5.4
2014-06-28,88.02,Excellent,summer,88.02,Excellent,summer,88.02,Excellent,90.36,87.71,4.0,5.0,5.0,3.0,3.7,26.309759999999997,22.23232,28.4,23.8,71.6,71.6,0.0,3.8,7.4,7.1
2014-06-29,86.21,Excellent,summer,86.21,Excellent,summer,86.21,Excellent,88.41,87.42,4.0,5.0,5.0,4.0,1.6,27.44776,22.42492,29.8,24.1,70.3,70.3,0.0,2.1,3.2,6.9
2014-06-30,91.16,Ideal,summer,91.16,Ideal,summer,91.16,Ideal,88.46,89.89,4.0,5.0,5.0,3.5,5.0,27.6144,23.3416,30.2,25.3,68.0,68.0,0.0,2.7,10.3,3.4
2014-07-01,87.27,Excellent,summer,87.27,Excellent,summer,87.27,Excellent,88.21,89.08,3.5,5.0,5.0,4.0,4.0,28.46944,23.9392,31.2,26.0,67.8,67.8,0.0,2.1,8.0,3.6
2014-07-02,68.27,Good,summer,68.27,Good,summer,68.27,Good,82.23,86.28,3.5,4.5,2.95,4.0,1.85,29.18412,24.27444,31.1,25.7,77.3,77.3,20.5,2.5,3.7,8.4
2014-07-03,86.27,Excellent,summer,86.27,Excellent,summer,86.27,Excellent,80.6,85.46,5.0,4.5,4.8,3.5,0.45,23.8474,21.869200000000003,24.7,22.6,85.5,85.5,2.0,2.8,0.9,9.6
2014-07-04,87.09,Excellent,summer,87.09,Excellent,summer,87.09,Excellent,80.54,84.9,3.5,4.5,5.0,4.0,5.0,28.91932,24.25312,32.3,26.8,62.1,62.1,0.0,2.4,11.3,4.1
2014-07-05,86.81,Excellent,summer,86.81,Excellent,summer,86.81,Excellent,86.72,84.73,4.0,5.0,5.0,4.0,1.95,27.36752,23.84112,29.7,25.7,70.4,70.4,0.0,2.1,3.9,6.1
2014-07-06,89.65,Excellent,summer,89.65,Excellent,summer,89.65,Excellent,87.85,85.22,4.0,5.0,5.0,4.0,3.6,26.8324,23.552239999999998,29.5,25.7,65.8,65.8,0.0,2.1,7.2,6.4
2014-07-07,84.02,Excellent,summer,84.02,Excellent,summer,84.02,Excellent,86.83,84.2,3.0,4.5,5.0,4.0,5.0,30.125279999999997,24.459760000000003,33.8,27.1,61.4,61.4,0.0,2.3,13.2,2.5
2014-07-08,84.53,Excellent,summer,84.53,Excellent,summer,84.53,Excellent,86.07,83.81,4.0,4.5,4.98,4.0,1.8,27.215600000000002,24.1828,29.3,25.9,73.0,73.0,0.2,1.9,3.6,7.6
2014-07-09,75.34,Very Good,summer,75.34,Very Good,summer,75.34,Very Good,81.3,84.82,3.0,4.0,4.95,4.0,1.25,31.0036,26.07232,33.0,27.6,78.3,78.3,0.5,2.2,2.5,9.4
2014-07-10,86.19,Excellent,summer,86.19,Excellent,summer,86.19,Excellent,82.02,84.8,3.5,4.5,5.0,3.5,5.0,29.62576,25.717239999999997,33.6,28.9,57.9,57.9,0.0,2.9,10.1,6.3
2014-07-11,85.29,Excellent,summer,85.29,Excellent,summer,85.29,Excellent,82.27,84.55,3.5,4.5,5.0,3.0,5.0,29.462079999999997,24.59656,32.8,27.1,63.4,63.4,0.0,4.0,12.0,2.3
2014-07-12,83.25,Excellent,summer,83.25,Excellent,summer,83.25,Excellent,84.91,84.04,4.0,5.0,5.0,3.5,0.4,27.58512,23.72716,29.6,25.3,74.3,74.3,0.0,3.2,0.8,7.4
2014-07-13,87.63,Excellent,summer,87.63,Excellent,summer,87.63,Excellent,85.39,83.75,4.0,5.0,5.0,3.5,2.95,27.335839999999997,23.76144,29.4,25.4,73.4,73.4,0.0,3.3,5.9,7.8
2014-07-14,85.5,Excellent,summer,85.5,Excellent,summer,85.5,Excellent,85.46,83.96,3.5,4.5,5.0,3.5,4.6,28.282239999999998,24.484479999999998,30.7,26.4,70.8,70.8,0.0,3.3,9.2,4.8
2014-07-15,81.76,Excellent,summer,81.76,Excellent,summer,81.76,Excellent,84.96,83.57,3.5,4.5,5.0,4.0,1.9,29.570479999999996,24.74368,32.3,26.8,69.4,69.4,0.0,2.4,3.8,7.0
2014-07-16,83.61,Excellent,summer,83.61,Excellent,summer,83.61,Excellent,83.62,84.75,3.5,4.5,5.0,3.5,3.5,29.39392,24.50176,32.2,26.6,68.4,68.4,0.0,2.7,7.0,5.6
2014-07-17,83.28,Excellent,summer,83.28,Excellent,summer,83.28,Excellent,82.88,84.33,4.0,4.5,4.98,3.5,1.6,27.71056,24.36724,29.6,25.9,75.9,75.9,0.2,3.1,3.2,8.4
2014-07-18,81.6,Excellent,summer,81.6,Excellent,summer,81.6,Excellent,82.83,83.8,3.5,4.5,4.85,3.5,2.9,28.9932,24.8442,30.6,26.1,80.5,80.5,1.5,2.6,5.8,7.6
2014-07-19,78.66,Very Good,summer,78.66,Very Good,summer,78.66,Very Good,81.18,83.15,3.5,4.5,5.0,4.0,0.1,29.02744,25.6264,30.7,27.0,79.8,79.8,0.0,2.4,0.2,9.0
2014-07-20,77.35,Very Good,summer,77.35,Very Good,summer,77.35,Very Good,79.2,81.68,3.0,4.0,5.0,3.5,2.75,30.954240000000002,26.167279999999998,33.2,27.9,75.8,75.8,0.0,2.6,5.5,6.4
2014-07-21,83.61,Excellent,summer,83.61,Excellent,summer,83.61,Excellent,79.87,81.41,3.5,4.5,5.0,3.5,3.5,29.34496,25.49388,31.6,27.3,73.9,73.9,0.0,3.0,7.0,6.0
2014-07-22,69.14,Good,summer,69.14,Good,summer,69.14,Good,76.7,79.61,4.0,4.5,3.35,3.0,0.09999999999999964,27.027919999999998,24.87604,28.2,25.9,83.9,83.9,16.5,4.4,0.0,9.8
2014-07-23,53.53,Acceptable,summer,53.53,Acceptable,summer,53.53,Acceptable,68.76,75.31,4.5,5.0,0.0,3.5,0.35,24.592,23.056,25.2,23.6,90.0,90.0,55.0,3.2,0.7,10.0
2014-07-24,54.36,Acceptable,summer,54.36,Acceptable,summer,54.36,Acceptable,59.01,71.18,4.5,4.5,0.20000000000000018,4.0,0.65,24.0824,21.55728,24.5,21.9,92.8,92.8,48.0,2.0,1.3,9.3
2014-07-25,44.13,Marginal,summer,44.13,Marginal,summer,44.13,Marginal,50.67,65.83,3.0,4.0,0.0,3.5,2.45,31.984120000000004,26.233,33.7,27.5,81.9,81.9,59.5,2.9,4.9,9.5
2014-07-26,77.91,Very Good,summer,77.91,Very Good,summer,77.91,Very Good,58.8,65.72,4.0,4.5,4.75,2.5,0.4,26.33812,21.899440000000002,27.3,22.6,86.1,86.1,2.5,6.4,0.8,9.3
2014-07-27,86.24,Excellent,summer,86.24,Excellent,summer,86.24,Excellent,69.43,66.99,3.5,5.0,5.0,4.0,3.4,28.540000000000003,23.5,30.6,25.0,75.0,75.0,0.0,1.9,6.8,4.0
2014-07-28,85.03,Excellent,summer,85.03,Excellent,summer,85.03,Excellent,83.06,67.19,3.5,4.5,5.0,4.0,3.8,28.88032,24.71424,31.3,26.6,71.6,71.6,0.0,1.9,7.6,5.0
2014-07-29,89.99,Excellent,summer,89.99,Excellent,summer,89.99,Excellent,87.09,70.17,4.0,4.5,5.0,4.0,4.9,27.55936,24.4144,30.1,26.5,68.4,68.4,0.0,2.5,9.8,5.4
2014-07-30,80.49,Excellent,summer,80.49,Excellent,summer,80.49,Excellent,85.17,74.02,3.0,4.0,5.0,4.0,4.05,30.7364,26.41264,33.5,28.6,70.6,70.6,0.0,2.2,8.1,6.5
2014-07-31,76.26,Very Good,summer,76.26,Very Good,summer,76.26,Very Good,82.25,77.15,2.5,4.0,4.85,4.0,3.95,32.04784,26.80696,34.4,28.6,75.9,75.9,1.5,2.1,7.9,6.8
2014-08-01,80.79,Excellent,summer,80.79,Excellent,summer,80.79,Excellent,79.18,82.39,3.0,4.0,5.0,3.5,4.75,31.083920000000003,27.24272,34.7,30.2,63.4,63.4,0.0,2.6,9.5,4.9
2014-08-02,77.4,Very Good,summer,77.4,Very Good,summer,77.4,Very Good,78.15,82.31,3.0,4.0,5.0,3.0,3.3,31.156,27.548,35.8,31.4,55.0,55.0,0.0,3.9,6.6,8.0
2014-08-03,69.05,Good,summer,69.05,Good,summer,69.05,Good,75.75,79.86,3.5,4.5,3.7,3.0,0.5,29.4832,25.6816,30.5,26.5,87.6,87.6,13.0,4.2,1.0,9.6
2014-08-04,75.01,Very Good,summer,75.01,Very Good,summer,75.01,Very Good,73.82,78.43,3.5,4.5,4.35,4.0,0.45,29.0512,25.9408,29.6,26.4,93.0,93.0,6.5,2.1,0.9,9.0
2014-08-05,78.97,Very Good,summer,78.97,Very Good,summer,78.97,Very Good,74.34,76.85,3.5,4.5,5.0,3.5,0.8,28.24,25.770000000000003,29.2,26.6,87.5,87.5,0.0,3.2,1.6,8.0
2014-08-06,79.66,Very Good,summer,79.66,Very Good,summer,79.66,Very Good,77.88,76.73,4.5,5.0,3.95,4.0,0.0,25.70752,23.962239999999998,26.2,24.4,92.4,92.4,10.5,2.2,0.0,10.0
2014-08-07,82.93,Excellent,summer,82.93,Excellent,summer,82.93,Excellent,80.52,77.69,4.0,4.5,4.98,4.5,0.35,26.49124,24.176679999999998,27.1,24.7,91.1,91.1,0.2,1.5,0.7,7.9
2014-08-08,90.26,Ideal,summer,90.26,Ideal,summer,90.26,Ideal,84.28,79.04,4.0,5.0,5.0,3.0,5.0,27.49352,23.67212,30.6,26.1,62.3,62.3,0.0,3.8,11.7,2.1
2014-08-09,90.26,Ideal,summer,90.26,Ideal,summer,90.26,Ideal,87.82,80.88,4.0,5.0,5.0,3.0,5.0,27.14176,23.0944,31.6,26.5,48.4,48.4,0.0,4.6,11.5,4.6
2014-08-10,55.37,Acceptable,summer,55.37,Acceptable,summer,55.37,Acceptable,78.63,78.92,4.0,5.0,0.75,3.5,0.35,26.24152,22.29584,27.7,23.4,79.4,79.4,42.5,2.6,0.7,8.3
2014-08-11,92.06,Ideal,summer,92.06,Ideal,summer,92.06,Ideal,79.23,81.36,4.0,5.0,5.0,4.0,5.0,26.99296,22.51632,28.6,23.7,78.4,78.4,0.0,2.2,12.0,4.5
2014-08-12,86.19,Excellent,summer,86.19,Excellent,summer,86.19,Excellent,77.87,82.39,3.5,4.5,5.0,3.5,5.0,28.588479999999997,24.39696,30.4,25.8,77.8,77.8,0.0,2.7,10.0,5.6
2014-08-13,87.05,Excellent,summer,87.05,Excellent,summer,87.05,Excellent,88.43,83.45,4.5,5.0,5.0,4.0,0.2999999999999998,25.05004,22.79704,26.7,24.2,75.3,75.3,0.0,2.1,0.0,9.4
2014-08-14,87.55,Excellent,summer,87.55,Excellent,summer,87.55,Excellent,86.93,84.11,5.0,4.5,4.95,4.0,0.1,22.984479999999998,21.24712,24.2,22.3,78.6,78.6,0.5,2.0,0.2,9.3
2014-08-15,88.96,Excellent,summer,88.96,Excellent,summer,88.96,Excellent,87.85,83.92,4.0,5.0,5.0,4.0,3.2,27.475360000000002,23.28484,29.6,24.9,72.9,72.9,0.0,1.7,6.4,5.3
2014-08-16,86.06,Excellent,summer,86.06,Excellent,summer,86.06,Excellent,87.52,83.32,3.5,4.5,5.0,4.0,4.4,29.52408,24.41916,31.8,26.1,73.9,73.9,0.0,1.8,8.8,5.1
2014-08-17,87.98,Excellent,summer,87.98,Excellent,summer,87.98,Excellent,87.67,87.98,5.0,5.0,4.7,4.0,0.20000000000000018,23.866,22.9416,25.0,24.0,81.1,81.1,3.0,1.9,0.0,9.6
2014-08-18,79.71,Very Good,summer,79.71,Very Good,summer,79.71,Very Good,84.58,86.21,5.0,4.5,3.85,3.5,0.25,23.823999999999998,21.808,24.4,22.3,90.0,90.0,11.5,3.1,0.5,10.0
2014-08-19,84.83,Excellent,summer,84.83,Excellent,summer,84.83,Excellent,84.17,86.02,4.5,5.0,4.55,4.5,0.2,25.091920000000002,22.13272,25.3,22.3,96.6,96.6,4.5,1.5,0.4,9.8
2014-08-20,84.89,Excellent,summer,84.89,Excellent,summer,84.89,Excellent,83.14,85.71,4.0,5.0,4.95,4.5,0.5,26.992,23.9712,28.0,24.8,86.0,86.0,0.5,1.1,1.0,9.9
2014-08-21,56.29,Acceptable,summer,56.29,Acceptable,summer,56.29,Acceptable,75.34,81.25,4.5,5.0,0.34999999999999964,4.0,0.1,24.3956,22.916600000000003,24.6,23.1,96.5,96.5,46.5,2.4,0.2,9.6
2014-08-22,79.37,Very Good,summer,79.37,Very Good,summer,79.37,Very Good,73.52,79.88,4.0,5.0,3.5,3.5,3.85,26.99152,23.72392,28.2,24.7,83.4,83.4,15.0,3.1,7.7,7.9
2014-08-23,84.58,Excellent,summer,84.58,Excellent,summer,84.58,Excellent,73.41,79.66,3.5,5.0,4.95,3.5,3.15,28.0846,23.953599999999998,29.7,25.2,79.5,79.5,0.5,2.7,6.3,7.6
2014-08-24,85.34,Excellent,summer,85.34,Excellent,summer,85.34,Excellent,83.1,79.29,3.5,4.5,4.99,4.5,3.5,28.6714,24.0712,30.7,25.6,75.5,75.5,0.1,1.3,7.0,8.1
2014-08-25,81.69,Excellent,summer,81.69,Excellent,summer,81.69,Excellent,83.87,79.57,4.0,4.5,5.0,3.5,0.6,26.501920000000002,24.106479999999998,28.6,25.9,71.8,71.8,0.0,3.0,1.2,9.3
2014-08-26,79.21,Very Good,summer,79.21,Very Good,summer,79.21,Very Good,82.08,78.77,4.0,5.0,3.85,4.0,1.9,27.357760000000003,23.63824,29.6,25.4,71.4,71.4,11.5,2.5,3.8,6.3
2014-08-27,90.04,Ideal,summer,90.04,Ideal,summer,90.04,Ideal,83.65,79.5,4.0,5.0,5.0,3.5,4.35,26.12992,22.66112,28.6,24.6,66.8,66.8,0.0,2.8,8.7,6.6
2014-08-28,92.06,Ideal,summer,92.06,Ideal,summer,92.06,Ideal,87.1,84.61,4.0,5.0,5.0,4.0,5.0,27.82684,23.00412,30.7,25.1,65.3,65.3,0.0,2.2,11.2,1.6
2014-08-29,85.92,Excellent,summer,85.92,Excellent,summer,85.92,Excellent,89.34,85.55,4.0,5.0,4.35,4.0,3.9,27.840760000000003,23.49152,30.1,25.2,71.9,71.9,6.5,1.8,7.8,4.5
2014-08-30,88.73,Excellent,summer,88.73,Excellent,summer,88.73,Excellent,88.9,86.14,3.5,5.0,5.0,4.0,4.85,28.34848,22.94144,30.7,24.6,71.6,71.6,0.0,1.9,9.7,2.4
2014-08-31,87.46,Excellent,summer,87.46,Excellent,summer,87.46,Excellent,87.37,86.44,4.0,5.0,5.0,4.5,1.8,26.613599999999998,22.32904,29.0,24.1,68.6,68.6,0.0,1.4,3.6,6.3
2014-09-01,89.47,Excellent,autumn,88.71,Excellent,summer,88.71,Excellent,88.3,87.45,4.0,5.0,4.85,4.5,3.1,27.532999999999998,22.549,29.7,24.1,72.5,72.5,1.5,1.5,6.2,6.1
2014-09-02,82.0,Excellent,autumn,82.94,Excellent,summer,82.94,Excellent,86.37,87.98,4.5,4.5,4.4,4.0,1.3,25.83088,21.71664,27.7,23.1,73.6,73.6,6.0,2.5,2.6,8.5
2014-09-03,46.25,Marginal,autumn,49.3,Marginal,summer,49.3,Marginal,73.65,82.16,4.5,4.0,0.0,3.5,0.09999999999999964,20.591520000000003,19.09272,20.6,19.1,99.8,99.8,57.5,3.4,0.0,9.8
2014-09-04,91.0,Ideal,autumn,90.16,Ideal,summer,90.16,Ideal,74.13,81.89,4.0,4.5,5.0,4.0,5.0,26.14976,21.378239999999998,27.6,22.4,79.4,79.4,0.0,2.5,11.9,3.6
2014-09-05,91.12,Ideal,autumn,90.25,Ideal,summer,90.25,Ideal,76.57,82.51,4.0,5.0,5.0,4.0,3.95,27.176,22.4752,29.0,23.8,76.0,76.0,0.0,2.1,7.9,5.5
2014-09-06,90.71,Ideal,autumn,88.9,Excellent,summer,88.9,Excellent,89.77,82.53,3.5,5.0,5.0,4.0,4.95,28.04608,23.18752,30.8,25.2,66.9,66.9,0.0,1.8,9.9,3.5
2014-09-07,91.46,Ideal,autumn,89.55,Excellent,summer,89.55,Excellent,89.57,82.83,3.5,5.0,5.0,4.5,4.8,28.92292,23.59252,31.3,25.3,72.1,72.1,0.0,1.6,9.6,2.6
2014-09-08,90.81,Ideal,autumn,88.99,Excellent,summer,88.99,Excellent,89.15,82.87,3.5,5.0,5.0,4.0,5.0,28.18,23.32,30.2,24.8,75.0,75.0,0.0,2.5,11.1,2.6
2014-09-09,92.19,Ideal,autumn,92.2,Ideal,summer,92.2,Ideal,90.25,84.19,4.5,4.5,5.0,4.0,4.4,25.7612,21.5178,28.2,23.3,66.5,66.5,0.0,2.1,8.8,4.6
2014-09-10,94.41,Ideal,autumn,94.13,Ideal,summer,94.13,Ideal,91.77,90.6,4.5,4.5,5.0,4.5,5.0,25.92136,20.44576,28.9,22.4,60.6,60.6,0.0,1.5,11.7,0.1
2014-09-11,91.0,Ideal,autumn,90.16,Ideal,summer,90.16,Ideal,92.16,90.6,4.0,4.5,5.0,4.0,5.0,26.21248,21.230520000000002,29.2,23.3,61.1,61.1,0.0,1.8,10.9,2.4
2014-09-12,85.56,Excellent,autumn,86.37,Excellent,summer,86.37,Excellent,90.22,90.04,4.5,4.5,4.99,4.0,1.05,24.93336,20.165480000000002,26.6,21.3,74.9,74.9,0.1,2.1,2.1,6.9
2014-09-13,93.37,Ideal,autumn,93.23,Ideal,summer,93.23,Ideal,89.92,90.66,4.5,4.5,5.0,4.0,5.0,25.43788,21.05116,28.3,23.1,60.9,60.9,0.0,2.3,10.1,2.0
2014-09-14,93.17,Ideal,autumn,93.06,Ideal,summer,93.06,Ideal,90.89,91.16,4.5,4.5,5.0,4.0,4.9,25.500159999999997,20.9512,28.4,23.0,60.6,60.6,0.0,2.3,9.8,5.8
2014-09-15,87.88,Excellent,autumn,88.41,Excellent,summer,88.41,Excellent,91.57,91.08,4.5,4.5,5.0,4.0,2.2,25.043,21.26076,27.5,23.1,64.9,64.9,0.0,2.2,4.4,7.9
2014-09-16,93.46,Ideal,autumn,94.31,Ideal,summer,94.28,Ideal,91.93,91.38,5.0,4.0,5.0,4.0,4.95,23.1784,18.75976,27.0,21.3,43.8,43.8,0.0,2.1,9.9,6.1
2014-09-17,84.49,Excellent,autumn,85.44,Excellent,summer,85.37,Excellent,89.39,90.14,4.5,4.0,5.0,4.5,1.0499999999999998,20.19592,18.25384,22.6,20.2,52.3,52.3,0.0,1.5,0.0,7.9
2014-09-18,90.41,Ideal,autumn,90.64,Ideal,summer,90.62,Ideal,90.13,90.21,4.5,4.0,5.0,4.0,4.6,24.041999999999998,18.7556,27.0,20.6,56.5,56.5,0.0,2.0,9.2,3.3
2014-09-19,91.19,Ideal,autumn,91.33,Ideal,summer,91.31,Ideal,89.14,90.92,4.5,4.0,5.0,4.0,5.0,25.088,19.348,28.4,21.4,55.0,55.0,0.0,1.7,10.6,0.9
2014-09-20,91.19,Ideal,autumn,91.33,Ideal,summer,91.3,Ideal,91.1,90.65,4.5,4.0,5.0,4.0,5.0,24.661,19.396,28.1,21.6,52.5,52.5,0.0,2.0,11.4,0.8
2014-09-21,89.11,Excellent,autumn,90.48,Ideal,summer,90.19,Ideal,91.05,90.28,5.0,4.0,5.0,4.5,2.2,23.20384,18.63328,25.6,20.2,61.6,61.6,0.0,1.4,4.4,4.5
2014-09-22,91.19,Ideal,autumn,91.33,Ideal,summer,91.3,Ideal,91.05,90.69,4.5,4.0,5.0,4.0,5.0,24.857,19.462,27.9,21.4,57.5,57.5,0.0,2.0,11.1,0.6
2014-09-23,93.27,Ideal,autumn,93.14,Ideal,summer,93.18,Ideal,91.65,90.53,4.5,4.5,5.0,4.0,4.95,25.3596,20.5092,29.0,23.0,52.1,52.1,0.0,2.5,9.9,5.6
2014-09-24,80.71,Excellent,autumn,82.8,Excellent,summer,82.13,Excellent,89.09,90.15,5.0,4.0,4.35,3.5,1.25,22.580080000000002,19.389480000000002,23.8,20.3,77.9,77.9,6.5,2.6,2.5,8.4
2014-09-25,91.41,Ideal,autumn,91.51,Ideal,summer,91.47,Ideal,89.15,90.27,4.5,4.5,5.0,4.0,4.0,25.35652,20.58472,27.7,22.2,66.9,66.9,0.0,1.7,8.0,3.9
2014-09-26,87.84,Excellent,autumn,89.38,Excellent,summer,88.78,Excellent,87.9,90.0,5.0,4.5,5.0,3.5,1.5,22.95608,20.0364,24.2,21.0,78.1,78.1,0.0,2.6,3.0,7.8
2014-09-27,91.56,Ideal,autumn,92.65,Ideal,summer,92.18,Ideal,91.18,90.18,5.0,4.5,5.0,3.5,3.4,23.8316,20.4424,25.1,21.4,79.0,79.0,0.0,2.6,6.8,5.8
2014-09-28,86.93,Excellent,autumn,88.53,Excellent,summer,87.79,Excellent,90.19,89.91,5.0,4.5,4.95,4.5,0.15,23.8474,21.0214,24.7,21.7,85.5,85.5,0.5,1.1,0.3,8.9
2014-09-29,72.92,Very Good,autumn,72.92,Very Good,autumn,73.69,Very Good,84.7,87.28,4.5,4.0,3.4,4.5,0.75,20.6572,19.362399999999997,20.7,19.4,99.0,99.0,16.0,1.3,0.0,8.5
2014-09-30,90.34,Ideal,autumn,90.34,Ideal,autumn,90.93,Ideal,83.93,86.88,5.0,3.5,5.0,3.5,5.0,22.192999999999998,17.921,23.7,18.9,72.5,72.5,0.0,3.1,10.2,3.0
2014-10-01,89.78,Excellent,autumn,89.78,Excellent,autumn,90.34,Ideal,84.35,87.87,5.0,4.0,5.0,3.5,3.6,22.591359999999998,18.04448,24.4,19.2,68.6,68.6,0.0,2.6,7.2,5.9
2014-10-02,72.04,Very Good,autumn,72.04,Very Good,autumn,72.45,Very Good,84.05,85.09,4.0,3.5,4.1,4.0,0.7000000000000002,19.6556,17.7436,20.1,18.1,89.0,89.0,9.0,2.2,0.0,8.6
2014-10-03,81.58,Excellent,autumn,81.58,Excellent,autumn,81.71,Excellent,81.13,83.98,4.0,3.5,5.0,3.5,2.95,19.68976,15.472920000000002,20.8,16.1,74.3,74.3,0.0,2.9,5.9,4.1
2014-10-04,87.97,Excellent,autumn,87.97,Excellent,autumn,88.15,Excellent,80.53,83.31,4.5,3.5,5.0,3.5,5.0,21.024,15.851199999999999,23.0,16.9,62.0,62.0,0.0,3.4,10.8,1.1
2014-10-05,87.97,Excellent,autumn,87.97,Excellent,autumn,88.13,Excellent,85.84,83.23,4.5,3.5,5.0,3.5,5.0,20.723679999999998,15.768040000000001,23.2,17.1,53.1,53.1,0.0,3.1,10.8,1.3
2014-10-06,89.01,Excellent,autumn,89.01,Excellent,autumn,89.12,Excellent,88.32,85.53,4.5,3.5,5.0,4.0,5.0,20.4328,15.4648,22.6,16.6,57.0,57.0,0.0,1.7,10.6,1.0
2014-10-07,88.91,Excellent,autumn,88.91,Excellent,autumn,89.0,Excellent,88.63,85.32,4.5,3.5,5.0,4.0,4.95,20.740000000000002,15.24112,22.5,16.1,64.8,64.8,0.0,2.4,9.9,1.6
2014-10-08,90.05,Ideal,autumn,90.05,Ideal,autumn,90.1,Ideal,89.32,85.36,4.5,3.5,5.0,4.5,5.0,21.5056,15.668199999999999,23.6,16.7,61.5,61.5,0.0,1.5,10.6,2.3
2014-10-09,91.38,Ideal,autumn,91.38,Ideal,autumn,91.54,Ideal,90.11,88.12,5.0,3.5,5.0,4.0,5.0,22.960639999999998,17.23776,25.4,18.6,60.4,60.4,0.0,2.0,10.4,1.3
2014-10-10,89.3,Excellent,autumn,89.3,Excellent,autumn,89.45,Excellent,90.24,89.23,5.0,3.5,5.0,3.0,5.0,23.90716,17.6788,26.3,19.0,63.3,63.3,0.0,3.6,10.6,0.3
2014-10-11,90.34,Ideal,autumn,90.34,Ideal,autumn,90.43,Ideal,90.34,89.57,5.0,3.5,5.0,3.5,5.0,22.941760000000002,17.79824,25.6,19.4,57.4,57.4,0.0,3.1,10.7,0.0
2014-10-12,91.19,Ideal,autumn,91.19,Ideal,autumn,91.2,Ideal,90.28,90.03,4.5,4.0,5.0,4.0,5.0,25.086,18.8928,29.0,21.2,48.5,48.5,0.0,1.9,10.2,3.9
2014-10-13,83.87,Excellent,autumn,83.87,Excellent,autumn,83.87,Excellent,88.47,89.29,4.0,3.5,5.0,3.0,4.65,19.44892,15.976239999999999,21.7,17.4,51.9,51.9,0.0,4.7,9.3,2.6
2014-10-14,86.64,Excellent,autumn,86.64,Excellent,autumn,86.64,Excellent,87.23,88.97,4.0,3.5,5.0,4.0,5.0,18.072,13.06736,20.0,13.8,51.8,51.8,0.0,2.2,10.7,0.1
2014-10-15,85.76,Excellent,autumn,85.76,Excellent,autumn,85.76,Excellent,85.42,88.35,4.0,3.5,5.0,4.0,4.55,18.416,13.198080000000001,20.0,13.8,60.4,60.4,0.0,2.4,9.1,2.1
2014-10-16,77.28,Very Good,autumn,77.28,Very Good,autumn,77.28,Very Good,83.23,86.34,3.5,3.0,4.75,3.5,3.95,16.5216,12.60864,18.0,13.2,53.8,53.8,2.5,3.1,7.9,3.5
2014-10-17,84.46,Excellent,autumn,84.46,Excellent,autumn,84.46,Excellent,82.5,85.65,4.0,3.0,5.0,4.0,5.0,19.13024,12.934719999999999,21.2,13.6,53.8,53.8,0.0,1.9,10.2,0.6
2014-10-18,88.62,Excellent,autumn,88.62,Excellent,autumn,88.62,Excellent,83.45,85.4,4.5,3.5,5.0,4.0,4.8,20.945,14.8158,22.5,15.5,68.9,68.9,0.0,1.7,9.6,0.0
2014-10-19,85.29,Excellent,autumn,85.29,Excellent,autumn,85.29,Excellent,86.12,84.56,4.5,3.5,5.0,4.0,3.1,20.718799999999998,15.908,22.7,17.0,61.0,61.0,0.0,1.7,6.2,6.0
2014-10-20,58.68,Acceptable,autumn,58.68,Acceptable,autumn,58.68,Acceptable,77.53,80.96,3.5,3.5,2.85,3.5,0.0,17.03752,14.36128,17.1,14.4,97.8,97.8,21.5,2.6,0.0,10.0
2014-10-21,60.74,Good,autumn,60.74,Good,autumn,60.74,Good,68.24,77.26,3.5,3.5,3.15,3.5,0.0,15.535839999999999,13.690560000000001,15.7,13.8,92.8,92.8,18.5,3.4,0.0,10.0
2014-10-22,81.37,Excellent,autumn,81.37,Excellent,autumn,81.37,Excellent,66.93,76.63,3.5,3.5,5.0,3.5,4.05,17.621199999999998,13.153599999999999,18.7,13.6,69.0,69.0,0.0,3.0,8.1,5.1
2014-10-23,86.54,Excellent,autumn,86.54,Excellent,autumn,86.54,Excellent,76.22,77.96,4.0,3.5,5.0,4.0,4.95,19.23472,13.31056,20.6,13.8,67.8,67.8,0.0,2.1,9.9,1.0
2014-10-24,86.56,Excellent,autumn,86.56,Excellent,autumn,86.56,Excellent,84.82,78.26,4.5,3.5,5.0,4.0,3.75,20.032,14.6512,21.0,15.1,78.0,78.0,0.0,1.8,7.5,4.5
2014-10-25,85.09,Excellent,autumn,85.09,Excellent,autumn,85.09,Excellent,86.06,77.75,4.5,3.5,5.0,4.0,3.0,21.27768,16.0086,22.2,16.5,81.1,81.1,0.0,1.9,6.0,3.1
2014-10-26,78.3,Very Good,autumn,78.3,Very Good,autumn,78.3,Very Good,83.32,76.75,4.0,3.5,4.95,3.5,1.45,18.985239999999997,15.4456,19.9,16.0,76.9,76.9,0.5,2.8,2.9,6.0
2014-10-27,80.85,Excellent,autumn,80.85,Excellent,autumn,80.85,Excellent,81.41,79.92,3.5,3.0,5.0,3.5,4.9,15.114279999999999,10.518839999999999,16.9,10.7,35.3,35.3,0.0,3.0,9.8,0.4
2014-10-28,82.84,Excellent,autumn,82.84,Excellent,autumn,82.84,Excellent,80.66,83.08,3.5,3.0,5.0,4.5,4.85,17.271839999999997,10.15472,19.4,10.2,43.4,43.4,0.0,1.4,9.7,0.0
2014-10-29,83.48,Excellent,autumn,83.48,Excellent,autumn,83.48,Excellent,82.39,83.38,4.0,3.0,5.0,4.0,4.5,18.48448,11.64976,20.8,12.1,46.4,46.4,0.0,1.7,9.0,2.0
2014-10-30,83.66,Excellent,autumn,83.66,Excellent,autumn,83.66,Excellent,83.33,82.97,4.0,3.5,5.0,4.5,2.95,18.45856,13.289439999999999,20.8,14.2,45.8,45.8,0.0,1.5,5.9,5.0
2014-10-31,74.63,Very Good,autumn,74.63,Very Good,autumn,74.63,Very Good,80.59,81.26,3.5,3.5,4.98,4.0,0.15,16.956879999999998,14.242,18.2,15.0,62.1,62.1,0.2,2.4,0.3,9.5
2014-11-01,85.09,Excellent,autumn,85.09,Excellent,autumn,85.09,Excellent,81.13,81.26,4.5,3.5,5.0,4.0,3.0,21.01144,16.23128,22.9,17.3,63.4,63.4,0.0,2.2,6.0,7.1
2014-11-02,76.63,Very Good,autumn,76.63,Very Good,autumn,76.63,Very Good,78.78,81.03,3.5,3.0,4.75,3.0,4.15,14.3308,11.604,15.4,12.0,50.5,50.5,2.5,4.8,8.3,4.9
2014-11-03,80.76,Excellent,autumn,80.76,Excellent,autumn,80.76,Excellent,80.83,81.01,3.5,3.0,5.0,3.5,4.85,13.665280000000001,9.465480000000001,14.8,9.3,40.9,40.9,0.0,3.1,9.7,0.5
2014-11-04,81.8,Excellent,autumn,81.8,Excellent,autumn,81.8,Excellent,79.73,80.86,3.5,3.0,5.0,4.0,4.85,17.157,11.0946,18.5,11.3,60.5,60.5,0.0,1.9,9.7,0.0
2014-11-05,80.13,Excellent,autumn,80.13,Excellent,autumn,80.13,Excellent,80.9,80.39,3.5,3.0,5.0,4.0,4.0,17.244159999999997,12.06976,18.4,12.4,65.6,65.6,0.0,1.9,8.0,3.3
2014-11-06,78.61,Very Good,autumn,78.61,Very Good,autumn,78.61,Very Good,80.18,79.66,3.5,3.0,4.95,4.0,3.4,16.4988,12.954,17.7,13.5,61.0,61.0,0.5,2.1,6.8,4.5
2014-11-07,81.6,Excellent,autumn,81.6,Excellent,autumn,81.6,Excellent,80.11,80.66,3.5,3.0,5.0,4.0,4.75,15.265,9.838000000000001,16.5,9.8,52.5,52.5,0.0,1.9,9.5,2.4
2014-11-08,74.11,Very Good,autumn,74.11,Very Good,autumn,74.11,Very Good,78.11,79.09,3.5,3.0,5.0,4.5,0.4,14.322759999999999,9.91524,15.1,9.9,61.9,61.9,0.0,1.4,0.8,7.6
2014-11-09,81.6,Excellent,autumn,81.6,Excellent,autumn,81.6,Excellent,79.1,79.8,3.5,3.0,5.0,4.0,4.75,14.3186,10.0,15.5,10.0,46.3,46.3,0.0,2.3,9.5,0.9
2014-11-10,81.8,Excellent,autumn,81.8,Excellent,autumn,81.8,Excellent,79.17,79.95,3.5,3.0,5.0,4.0,4.85,15.1974,9.520240000000001,16.5,9.4,49.9,49.9,0.0,1.7,9.7,0.0
2014-11-11,77.88,Very Good,autumn,77.88,Very Good,autumn,77.88,Very Good,80.43,79.39,3.5,3.0,4.8,4.0,3.55,13.9132,9.47824,14.5,9.4,67.4,67.4,2.0,1.9,7.1,4.6
2014-11-12,70.46,Very Good,autumn,70.46,Very Good,autumn,70.46,Very Good,76.71,78.01,3.0,2.5,4.5,3.0,4.2,10.0,6.7904,10.0,6.0,50.6,50.6,5.0,5.4,8.4,4.5
2014-11-13,70.32,Very Good,autumn,70.32,Very Good,autumn,70.32,Very Good,72.89,76.82,2.5,2.0,5.0,3.0,4.7,5.7021999999999995,2.3091999999999997,4.3,-0.2,38.5,38.5,0.0,3.7,9.4,0.9
2014-11-14,77.05,Very Good,autumn,77.05,Very Good,autumn,77.05,Very Good,72.61,76.17,3.0,2.5,5.0,4.0,4.75,10.0,5.2672,10.0,4.2,54.0,54.0,0.0,2.2,9.5,2.1
2014-11-15,76.85,Very Good,autumn,76.85,Very Good,autumn,76.85,Very Good,74.74,76.57,3.0,2.5,5.0,4.0,4.65,9.6234,5.55612,9.5,4.1,38.3,38.3,0.0,2.1,9.3,3.1
2014-11-16,75.44,Very Good,autumn,75.44,Very Good,autumn,75.44,Very Good,76.45,75.69,3.0,2.5,4.9,4.5,3.75,11.84896,7.38064,12.4,6.6,42.6,42.6,1.0,1.6,7.5,6.4
2014-11-17,72.3,Very Good,autumn,72.3,Very Good,autumn,72.27,Very Good,74.86,74.33,3.0,2.5,4.85,4.0,2.85,9.098,6.5724,9.0,6.2,75.5,75.5,1.5,2.3,5.7,3.5
2014-11-18,76.95,Very Good,autumn,76.95,Very Good,autumn,76.85,Very Good,74.9,74.2,3.0,2.5,5.0,4.0,4.7,10.32544,5.932,10.4,5.0,53.4,53.4,0.0,2.2,9.4,0.0
2014-11-19,77.6,Very Good,autumn,77.6,Very Good,autumn,77.5,Very Good,75.62,75.22,3.0,2.5,5.0,4.5,4.5,12.13616,6.3849599999999995,12.6,5.6,55.4,55.4,0.0,1.6,9.0,2.3
2014-11-20,80.91,Excellent,autumn,80.91,Excellent,autumn,80.75,Excellent,78.49,76.73,3.5,3.0,5.0,4.0,4.4,13.898959999999999,8.220040000000001,14.6,7.9,61.9,61.9,0.0,1.8,8.8,1.6
2014-11-21,77.23,Very Good,autumn,77.23,Very Good,autumn,77.02,Very Good,78.58,76.75,3.5,3.0,5.0,3.5,3.05,15.525,11.105,16.5,11.3,62.5,62.5,0.0,2.8,6.1,5.3
2014-11-22,67.57,Good,autumn,67.57,Good,autumn,67.71,Good,75.24,75.43,3.0,3.0,4.6,4.0,0.2,12.601719999999998,10.9636,12.7,11.0,90.9,90.9,4.0,1.9,0.4,8.4
2014-11-23,71.49,Very Good,autumn,71.49,Very Good,autumn,71.53,Very Good,72.1,74.86,3.0,3.0,5.0,4.0,0.8,12.116000000000001,9.08,12.3,9.0,80.0,80.0,0.0,2.0,1.6,8.9
2014-11-24,71.06,Very Good,autumn,71.06,Very Good,autumn,71.29,Very Good,70.04,74.69,3.0,3.0,5.0,4.5,0.04999999999999982,12.68544,9.83216,13.2,9.8,59.8,59.8,0.0,1.3,0.0,9.9
2014-11-25,75.8,Very Good,autumn,75.8,Very Good,autumn,75.32,Very Good,72.78,74.52,3.5,3.0,5.0,3.0,2.85,14.202399999999999,10.1648,15.1,10.2,56.0,56.0,0.0,4.2,5.7,5.6
2014-11-26,78.5,Very Good,autumn,78.5,Very Good,autumn,78.02,Very Good,75.12,74.65,3.5,3.0,5.0,3.5,3.7,15.26176,10.8352,16.3,11.0,58.8,58.8,0.0,2.8,7.4,3.5
2014-11-27,75.52,Very Good,autumn,75.52,Very Good,autumn,75.43,Very Good,76.61,73.88,3.5,3.0,5.0,4.0,1.65,14.31004,10.351840000000001,14.9,10.4,69.9,69.9,0.0,1.9,3.3,4.6
2014-11-28,56.67,Acceptable,autumn,56.67,Acceptable,autumn,56.96,Acceptable,70.23,70.94,3.0,3.0,3.2,3.0,0.5999999999999996,10.0952,8.857600000000001,10.1,8.8,88.0,88.0,18.0,3.7,0.0,8.8
2014-11-29,76.49,Very Good,autumn,76.49,Very Good,autumn,76.15,Very Good,69.56,72.22,3.0,3.0,5.0,4.0,3.35,12.61968,8.40948,12.8,8.3,83.9,83.9,0.0,2.1,6.7,4.4
2014-11-30,64.86,Good,autumn,65.23,Good,winter,65.05,Good,66.13,71.32,3.0,3.0,4.3,3.5,0.4,11.04764,9.14284,11.1,9.1,88.1,88.1,7.0,3.2,0.8,9.4
2014-12-01,64.6,Good,winter,64.6,Good,winter,65.53,Good,68.77,70.4,3.0,2.0,4.95,2.5,2.3,8.246080000000001,0.7292800000000002,7.9,-1.1,58.8,58.8,0.5,6.1,4.6,4.8
2014-12-02,63.0,Good,winter,63.0,Good,winter,64.02,Good,64.28,68.57,2.0,1.5,5.0,3.0,4.5,0.2311599999999996,-1.8456800000000007,-2.7,-5.4,42.3,42.3,0.0,4.6,9.0,1.0
2014-12-03,61.72,Good,winter,61.72,Good,winter,62.0,Good,63.11,66.18,2.0,1.5,4.91,4.0,2.25,0.7348000000000001,-1.7359199999999995,-0.5,-3.3,70.6,70.6,0.9,1.9,4.5,6.3
2014-12-04,64.38,Good,winter,64.38,Good,winter,65.07,Good,63.03,64.58,2.0,1.5,5.0,3.5,4.45,2.1256,-1.2711999999999994,-0.2,-4.6,43.0,43.0,0.0,2.7,8.9,0.9
2014-12-05,63.24,Good,winter,63.24,Good,winter,64.02,Good,63.11,65.52,2.0,1.5,5.0,3.0,4.65,0.22499999999999964,-2.9812,-2.5,-6.6,45.5,45.5,0.0,3.6,9.3,0.0
2014-12-06,64.54,Good,winter,64.54,Good,winter,65.11,Good,64.05,63.82,2.0,1.5,5.0,3.5,4.55,1.705,-2.3239999999999994,-0.5,-5.6,47.5,47.5,0.0,2.8,9.1,0.6
2014-12-07,63.25,Good,winter,63.25,Good,winter,63.31,Good,63.68,63.53,2.0,1.5,5.0,4.5,1.95,2.3991200000000004,-0.39304000000000006,0.2,-3.4,43.9,43.9,0.0,1.6,3.9,7.4
2014-12-08,69.04,Good,winter,69.04,Good,winter,69.43,Good,65.61,64.17,2.5,2.0,5.0,3.5,4.45,4.206720000000001,0.7942399999999998,2.7,-1.6,48.4,48.4,0.0,2.6,8.9,1.1
2014-12-09,72.04,Very Good,winter,72.04,Very Good,winter,72.22,Very Good,68.11,65.46,2.5,2.0,5.0,4.5,4.5,5.419239999999999,0.3726400000000001,4.1,-2.4,44.1,44.1,0.0,1.5,9.0,2.3
2014-12-10,62.63,Good,winter,62.63,Good,winter,62.61,Good,67.9,65.59,2.5,2.0,4.8,4.0,0.35,5.15584,2.9843200000000003,4.2,1.6,58.8,58.8,2.0,1.9,0.7,9.4
2014-12-11,67.35,Good,winter,67.35,Good,winter,67.52,Good,67.34,66.01,2.5,2.0,4.95,3.5,3.6,4.15744,0.1192000000000002,3.2,-1.5,64.8,64.8,0.5,3.4,7.2,4.8
2014-12-12,61.97,Good,winter,61.97,Good,winter,62.02,Good,63.98,65.83,2.0,1.5,4.99,4.0,2.1,1.6247999999999998,-2.16608,0.5,-3.8,70.4,70.4,0.1,2.0,4.2,3.6
2014-12-13,64.54,Good,winter,64.54,Good,winter,64.61,Good,64.62,65.83,2.0,1.5,5.0,3.5,4.55,0.6016000000000004,-1.90464,-2.0,-5.2,45.8,45.8,0.0,3.2,9.1,0.0
2014-12-14,64.46,Good,winter,64.46,Good,winter,64.46,Good,63.66,66.0,2.0,1.5,5.0,4.5,2.7,2.0852,-1.4512,0.6,-3.6,60.5,60.5,0.0,1.5,5.4,4.8
2014-12-15,54.65,Acceptable,winter,54.65,Acceptable,winter,54.65,Acceptable,61.22,63.95,2.0,2.0,3.95,3.5,0.9500000000000002,2.3008,0.27976000000000034,2.0,-0.1,90.6,90.6,10.5,2.8,0.0,8.1
2014-12-16,62.35,Good,winter,62.35,Good,winter,62.35,Good,60.49,62.56,2.0,1.5,5.0,3.0,4.1,3.06452,-2.45044,1.7,-4.9,58.9,58.9,0.0,4.9,8.2,3.4
2014-12-17,58.5,Acceptable,winter,58.5,Acceptable,winter,58.5,Acceptable,58.5,61.97,1.5,1.0,5.0,3.0,4.6,-1.6127999999999996,-4.515999999999999,-5.2,-9.0,41.0,41.0,0.0,4.9,9.2,1.0
2014-12-18,66.08,Good,winter,66.08,Good,winter,66.08,Good,62.31,61.79,2.0,1.5,5.0,4.0,4.6,0.7328799999999998,-3.9006800000000004,-2.2,-8.3,39.9,39.9,0.0,2.3,9.2,0.0
2014-12-19,56.94,Acceptable,winter,56.94,Acceptable,winter,56.94,Acceptable,60.51,61.07,2.0,1.5,4.91,3.5,0.2,1.8199999999999998,-1.2883999999999998,0.0,-3.8,54.5,54.5,0.9,3.4,0.4,7.4
2014-12-20,60.64,Good,winter,60.64,Good,winter,60.64,Good,61.22,60.52,2.0,1.5,4.8,3.0,3.8,3.1744000000000003,-0.10880000000000023,2.1,-1.7,66.0,66.0,2.0,3.8,7.6,3.6
2014-12-21,63.49,Good,winter,63.49,Good,winter,63.49,Good,60.36,60.38,2.0,1.5,5.0,4.0,3.0,0.5758000000000003,-3.6776000000000004,-1.3,-6.4,58.5,58.5,0.0,2.2,6.0,1.5
2014-12-22,63.79,Good,winter,63.79,Good,winter,63.79,Good,62.64,61.68,2.0,1.5,4.97,4.0,3.3,2.1027200000000006,-2.6184799999999995,0.8,-4.7,64.6,64.6,0.3,2.2,6.6,3.3
2014-12-23,61.18,Good,winter,61.18,Good,winter,61.18,Good,62.82,61.52,2.0,2.0,5.0,3.5,1.0,2.8791200000000003,0.18708000000000036,1.8,-1.3,67.1,67.1,0.0,2.6,2.0,6.1
2014-12-24,67.86,Good,winter,67.86,Good,winter,67.86,Good,64.28,62.85,2.5,2.0,4.98,3.5,3.8,6.878080000000001,2.8022400000000003,6.4,1.7,66.8,66.8,0.2,2.8,7.6,3.8
2014-12-25,66.08,Good,winter,66.08,Good,winter,66.08,Good,65.04,62.85,2.0,1.5,5.0,4.0,4.6,3.3743999999999996,-0.18080000000000007,1.8,-2.6,52.0,52.0,0.0,2.5,9.2,0.0
2014-12-26,68.27,Good,winter,68.27,Good,winter,68.27,Good,67.4,64.47,2.5,1.5,5.0,4.0,4.55,4.132,-0.32767999999999997,2.5,-3.2,45.6,45.6,0.0,1.9,9.1,0.4
2014-12-27,70.34,Very Good,winter,70.34,Very Good,winter,70.34,Very Good,68.23,65.86,2.5,2.0,5.0,4.0,4.35,6.064,0.7110400000000003,5.0,-1.8,46.8,46.8,0.0,1.7,8.7,3.5
2014-12-28,61.26,Good,winter,61.26,Good,winter,61.26,Good,66.62,65.54,2.0,2.0,5.0,4.0,0.15,2.8062400000000007,0.7508800000000004,1.6,-0.8,64.1,64.1,0.0,2.2,0.3,7.5
2014-12-29,66.04,Good,winter,66.04,Good,winter,66.04,Good,65.88,65.86,2.5,2.0,5.0,4.0,1.7,6.7873600000000005,3.66396,6.4,2.9,73.1,73.1,0.0,2.3,3.4,5.8
2014-12-30,67.99,Good,winter,67.99,Good,winter,67.99,Good,65.1,66.83,2.5,2.0,5.0,3.5,3.8,6.85056,3.10528,6.3,1.9,62.8,62.8,0.0,2.6,7.6,0.3
2014-12-31,63.53,Good,winter,63.53,Good,winter,63.53,Good,65.85,66.22,2.0,2.0,5.0,3.0,3.35,3.44632,0.6037600000000007,1.7,-1.9,47.4,47.4,0.0,3.8,6.7,4.1
2015-01-01,60.65,Good,winter,60.65,Good,winter,60.65,Good,64.06,65.44,1.5,1.5,5.0,3.0,4.45,-0.9480799999999991,-3.551119999999999,-4.3,-7.7,41.4,41.4,0.0,4.6,8.9,0.8
2015-01-02,63.33,Good,winter,63.33,Good,winter,63.33,Good,62.5,64.73,2.0,1.5,5.0,3.5,3.8,0.6751600000000004,-2.5375999999999994,-1.9,-6.0,45.9,45.9,0.0,3.2,7.6,1.9
2015-01-03,67.3,Good,winter,67.3,Good,winter,67.3,Good,63.76,64.3,2.5,1.5,5.0,4.0,3.95,4.311640000000001,-0.4698800000000003,3.1,-2.7,56.1,56.1,0.0,1.9,7.9,3.9
2015-01-04,68.48,Good,winter,68.48,Good,winter,68.48,Good,66.37,65.33,3.0,2.0,5.0,4.0,1.8,8.6794,3.3970000000000002,8.5,2.5,70.1,70.1,0.0,2.0,3.6,4.3
2015-01-05,71.27,Very Good,winter,71.27,Very Good,winter,71.27,Very Good,69.02,66.08,3.0,2.5,4.96,4.0,2.2,8.125960000000001,4.37788,7.9,3.7,73.1,73.1,0.4,2.4,4.4,7.1
2015-01-06,63.59,Good,winter,63.59,Good,winter,63.59,Good,67.78,65.45,2.5,1.5,4.7,3.0,4.6,5.1424,-0.6867200000000002,4.0,-3.2,52.4,52.4,3.0,4.3,9.2,2.6
2015-01-07,66.08,Good,winter,66.08,Good,winter,66.08,Good,66.98,65.81,2.0,1.5,5.0,4.0,4.6,2.2365600000000003,-1.3521999999999998,-0.6,-5.5,33.1,33.1,0.0,2.5,9.2,0.3
2015-01-08,66.08,Good,winter,66.08,Good,winter,66.08,Good,65.25,66.59,2.0,1.5,5.0,4.0,4.6,2.01136,-1.8263199999999995,-0.2,-5.1,45.8,45.8,0.0,2.2,9.2,0.0
2015-01-09,68.27,Good,winter,68.27,Good,winter,68.27,Good,66.81,67.3,2.5,1.5,5.0,4.0,4.55,4.5842,-0.08171999999999979,3.5,-2.1,58.3,58.3,0.0,2.0,9.1,0.6
2015-01-10,70.66,Very Good,winter,70.66,Very Good,winter,70.66,Very Good,68.34,67.78,2.5,2.0,5.0,4.0,4.55,5.7048,1.4922000000000002,4.8,-0.3,56.5,56.5,0.0,2.3,9.1,0.6
2015-01-11,65.55,Good,winter,65.55,Good,winter,65.55,Good,68.16,67.36,2.0,2.0,5.0,3.0,4.6,3.766,1.3555200000000003,2.5,-0.4,57.8,57.8,0.0,3.6,9.2,1.3
2015-01-12,70.82,Very Good,winter,70.82,Very Good,winter,70.82,Very Good,69.01,67.29,2.5,2.0,5.0,4.0,4.65,5.267440000000001,0.4597600000000006,3.7,-2.7,37.8,37.8,0.0,1.8,9.3,0.0
2015-01-13,67.99,Good,winter,67.99,Good,winter,67.99,Good,68.12,67.92,2.5,2.0,5.0,4.0,2.9,6.8147199999999994,2.56768,5.8,0.2,39.6,39.6,0.0,1.8,5.8,5.4
2015-01-14,67.38,Good,winter,67.38,Good,winter,67.38,Good,68.73,68.11,2.5,2.5,5.0,4.5,0.15,7.01884,4.2669999999999995,6.1,2.5,41.1,41.1,0.0,1.5,0.3,9.0
2015-01-15,73.78,Very Good,winter,73.78,Very Good,winter,73.78,Very Good,69.72,69.21,3.0,2.5,5.0,4.0,3.6,9.1856,4.1363199999999996,9.0,2.8,53.6,53.6,0.0,2.1,7.2,2.6
2015-01-16,61.24,Good,winter,61.24,Good,winter,61.24,Good,67.47,68.2,2.5,2.0,4.97,3.0,0.65,4.1128,1.7936,3.4,0.8,73.0,73.0,0.3,4.0,1.3,8.1
2015-01-17,63.24,Good,winter,63.24,Good,winter,63.24,Good,66.09,67.14,2.0,1.5,5.0,3.0,4.65,2.16,-1.0543999999999993,0.0,-4.1,46.0,46.0,0.0,3.8,9.3,0.3
2015-01-18,59.78,Acceptable,winter,59.78,Acceptable,winter,59.78,Acceptable,61.42,66.32,2.0,2.0,4.6,4.0,0.75,3.09856,0.12831999999999977,2.1,-1.3,68.4,68.4,4.0,2.3,1.5,7.6
2015-01-19,65.49,Good,winter,65.49,Good,winter,65.49,Good,62.84,65.56,2.0,2.0,4.99,3.5,3.7,3.98044,1.1887600000000003,3.1,-0.1,68.1,68.1,0.1,3.2,7.4,1.6
2015-01-20,70.34,Very Good,winter,70.34,Very Good,winter,70.34,Very Good,65.2,65.89,2.5,2.0,5.0,4.0,4.35,5.39008,1.0271200000000005,4.4,-0.9,55.8,55.8,0.0,1.9,8.7,4.6
2015-01-21,64.5,Good,winter,64.5,Good,winter,64.5,Good,66.78,65.48,2.5,2.0,5.0,4.0,0.75,7.0838,3.8343200000000004,6.5,2.6,58.3,58.3,0.0,2.0,1.5,8.8
2015-01-22,68.44,Good,winter,68.44,Good,winter,68.44,Good,67.76,64.72,2.5,2.5,5.0,4.5,0.8,7.55704,4.1874400000000005,7.1,3.1,60.6,60.6,0.0,1.5,1.6,5.1
2015-01-23,67.26,Good,winter,67.26,Good,winter,67.26,Good,66.73,65.58,2.5,2.0,5.0,3.5,3.35,5.58544,2.38272,4.9,1.2,66.4,66.4,0.0,2.6,6.7,3.4
2015-01-24,73.78,Very Good,winter,73.78,Very Good,winter,73.78,Very Good,69.83,67.08,3.0,2.5,5.0,4.0,3.6,8.63744,4.63492,8.4,3.7,62.9,62.9,0.0,1.8,7.2,6.3
2015-01-25,58.93,Acceptable,winter,58.93,Acceptable,winter,58.93,Acceptable,66.66,66.96,2.5,2.0,4.7,3.0,0.25,5.432,3.6048,5.0,3.0,78.4,78.4,3.0,3.5,0.0,9.5
2015-01-26,62.41,Good,winter,62.41,Good,winter,62.41,Good,65.04,66.52,2.5,2.0,4.95,3.5,0.55,6.675,3.92,6.5,3.6,87.5,87.5,0.5,2.6,1.1,8.4
2015-01-27,63.32,Good,winter,63.32,Good,winter,63.32,Good,61.55,65.52,2.0,1.5,5.0,3.0,4.7,2.1948000000000003,-1.1737599999999997,0.5,-3.6,55.4,55.4,0.0,3.7,9.4,1.1
2015-01-28,68.11,Good,winter,68.11,Good,winter,68.11,Good,64.61,66.04,2.5,1.5,5.0,4.0,4.45,4.18044,-1.2405199999999992,2.7,-4.1,49.3,49.3,0.0,2.3,8.9,1.6
2015-01-29,63.86,Good,winter,63.86,Good,winter,63.86,Good,65.1,65.38,2.5,2.0,5.0,4.0,0.34999999999999964,4.2208000000000006,0.8358400000000004,3.0,-1.1,56.4,56.4,0.0,2.3,0.0,9.3
2015-01-30,63.0,Good,winter,63.0,Good,winter,63.0,Good,64.99,64.77,2.0,1.5,5.0,3.0,4.5,2.57376,-0.73576,0.8,-3.3,51.8,51.8,0.0,3.8,9.0,3.3
2015-01-31,65.03,Good,winter,65.03,Good,winter,65.03,Good,63.96,63.52,2.0,1.5,5.0,3.5,4.85,2.77248,-1.3911999999999995,0.8,-4.5,46.4,46.4,0.0,2.6,9.7,0.0
2015-02-01,68.76,Good,winter,68.76,Good,winter,68.76,Good,65.6,64.93,2.5,1.5,5.0,4.0,4.85,5.01056,-0.13480000000000025,3.6,-3.0,44.9,44.9,0.0,1.9,9.7,0.3
2015-02-02,70.91,Very Good,winter,70.91,Very Good,winter,70.91,Very Good,68.23,66.14,2.5,2.0,5.0,4.5,3.8,7.15888,1.63448,6.4,-0.6,47.3,47.3,0.0,1.5,7.6,2.4
2015-02-03,70.66,Very Good,winter,70.66,Very Good,winter,70.66,Very Good,70.11,67.19,2.5,2.0,5.0,4.0,4.55,7.7096,2.3108,7.2,0.6,54.5,54.5,0.0,2.1,9.1,3.9
2015-02-04,69.69,Good,winter,69.69,Good,winter,69.69,Good,70.42,67.42,2.5,2.0,5.0,4.0,3.95,6.3964,1.7631999999999999,5.8,0.4,64.5,64.5,0.0,2.0,7.9,3.4
2015-02-05,69.12,Good,winter,69.12,Good,winter,69.12,Good,69.82,68.17,2.5,2.0,5.0,3.5,4.5,5.69232,1.6331599999999997,4.8,-0.1,57.1,57.1,0.0,3.0,9.0,0.0
2015-02-06,70.98,Very Good,winter,70.98,Very Good,winter,70.98,Very Good,69.93,69.31,2.5,2.0,5.0,4.0,4.75,7.0978,2.03968,6.5,0.4,57.3,57.3,0.0,2.2,9.5,2.1
2015-02-07,65.15,Good,winter,65.15,Good,winter,65.15,Good,68.42,69.32,2.5,2.0,5.0,3.5,2.05,6.29684,2.42144,5.7,1.2,65.3,65.3,0.0,2.6,4.1,6.5
2015-02-08,61.18,Good,winter,61.18,Good,winter,61.18,Good,65.77,68.24,2.0,1.0,5.0,3.0,4.85,0.5740800000000008,-4.58072,-2.8,-9.8,34.1,34.1,0.0,5.3,9.7,0.0
2015-02-09,62.96,Good,winter,62.96,Good,winter,62.96,Good,63.1,67.11,2.0,1.5,4.98,3.5,3.65,1.7341599999999997,-2.8488800000000003,-0.1,-5.7,54.6,54.6,0.2,3.1,7.3,3.4
2015-02-10,65.88,Good,winter,65.88,Good,winter,65.88,Good,63.34,66.42,2.5,2.0,5.0,3.5,2.5,6.3208,2.7292000000000005,5.8,1.7,69.0,69.0,0.0,2.8,5.0,4.6
2015-02-11,72.04,Very Good,winter,72.04,Very Good,winter,72.04,Very Good,66.96,66.76,3.0,2.0,5.0,4.0,4.0,8.3176,3.8592400000000002,8.0,2.7,60.3,60.3,0.0,2.5,8.0,5.0
2015-02-12,65.96,Good,winter,65.96,Good,winter,65.96,Good,67.96,66.31,2.0,2.0,5.0,3.0,4.85,3.72352,0.8841599999999996,1.6,-2.2,36.8,36.8,0.0,4.2,9.7,0.0
2015-02-13,69.77,Good,winter,69.77,Good,winter,69.77,Good,69.26,66.13,2.5,2.0,5.0,3.5,4.9,5.2864,0.8870399999999998,4.0,-1.6,46.4,46.4,0.0,3.1,9.8,0.0
2015-02-14,63.53,Good,winter,63.53,Good,winter,63.53,Good,66.42,65.9,2.5,2.0,5.0,4.0,0.15,6.968559999999999,2.8671999999999995,6.6,2.0,72.9,72.9,0.0,2.2,0.3,6.5
2015-02-15,74.79,Very Good,winter,74.79,Very Good,winter,74.79,Very Good,69.36,67.85,3.0,3.0,5.0,3.5,3.65,12.5392,8.22256,13.0,7.9,61.6,61.6,0.0,2.9,7.3,8.3
2015-02-16,56.31,Acceptable,winter,56.31,Acceptable,winter,56.31,Acceptable,64.88,66.9,2.5,2.5,3.95,3.0,0.0,7.96804,5.162,7.9,5.0,91.9,91.9,10.5,3.5,0.0,10.0
2015-02-17,62.01,Good,winter,62.01,Good,winter,62.01,Good,64.37,66.34,2.5,2.0,4.95,3.0,1.2,4.607399999999999,2.5966,4.1,1.9,78.5,78.5,0.5,3.5,2.4,9.4
2015-02-18,64.59,Good,winter,64.59,Good,winter,64.59,Good,60.97,65.28,2.5,2.0,5.0,4.0,0.8,4.0504,1.8304,3.3,0.8,72.0,72.0,0.0,2.5,1.6,7.0
2015-02-19,74.23,Very Good,winter,74.23,Very Good,winter,74.23,Very Good,66.94,66.46,3.0,2.0,5.0,4.5,4.45,8.78424,3.2264800000000005,8.6,2.2,67.1,67.1,0.0,1.6,8.9,1.4
2015-02-20,73.78,Very Good,winter,73.78,Very Good,winter,73.78,Very Good,70.87,67.03,3.0,2.5,5.0,4.0,3.6,11.14968,6.0582400000000005,11.4,5.2,55.3,55.3,0.0,2.0,7.2,5.1
2015-02-21,59.47,Acceptable,winter,59.47,Acceptable,winter,59.47,Acceptable,69.16,66.45,2.5,2.5,4.2,3.5,0.09999999999999964,6.9772,6.0612,6.7,5.7,79.0,79.0,8.0,3.4,0.0,9.8
2015-02-22,64.79,Good,winter,64.79,Good,winter,64.79,Good,66.01,65.03,2.5,2.5,4.75,3.0,2.2,7.264,4.072,7.0,3.5,78.0,78.0,2.5,4.1,4.4,6.3
2015-02-23,68.31,Good,winter,68.31,Good,winter,68.31,Good,64.19,66.74,2.5,2.0,5.0,3.5,4.0,6.549440000000001,2.34144,5.9,0.9,60.4,60.4,0.0,3.0,8.0,2.9
2015-02-24,70.82,Very Good,winter,70.82,Very Good,winter,70.82,Very Good,67.97,68.0,2.5,2.0,5.0,4.0,4.65,7.9,3.3640000000000003,7.5,2.1,60.0,60.0,0.0,2.3,9.3,2.9
2015-02-25,70.88,Very Good,winter,70.88,Very Good,winter,70.88,Very Good,70.0,68.9,3.0,2.5,4.95,3.5,2.9,11.986,6.34576,12.5,5.4,48.6,48.6,0.5,2.9,5.8,7.8
2015-02-26,67.43,Good,winter,67.43,Good,winter,67.43,Good,69.71,67.93,2.5,2.0,4.95,3.0,4.55,5.613720000000001,2.7171200000000004,4.7,1.2,56.9,56.9,0.5,4.9,9.1,4.6
2015-02-27,69.36,Good,winter,69.36,Good,winter,69.36,Good,69.22,67.29,2.5,2.0,5.0,3.5,4.65,6.139519999999999,1.6108799999999996,4.8,-1.3,35.6,35.6,0.0,3.2,9.3,2.4
2015-02-28,66.81,Good,winter,66.81,Good,winter,66.81,Good,67.87,68.34,2.5,2.5,5.0,4.0,0.7000000000000002,7.2568,4.4374,6.4,2.7,40.5,40.5,0.0,2.0,0.0,8.6
2015-03-01,65.15,Good,spring,64.83,Good,winter,64.84,Good,67.0,68.35,2.5,2.0,5.0,3.0,2.75,6.60848,3.71328,5.9,2.4,56.8,56.8,0.0,3.7,5.5,6.1
2015-03-02,76.1,Very Good,spring,74.59,Very Good,winter,74.7,Very Good,68.74,69.25,3.0,2.5,5.0,3.5,5.0,9.7678,5.2786,9.7,3.9,43.5,43.5,0.0,2.8,10.3,1.6
2015-03-03,57.53,Acceptable,spring,58.94,Acceptable,winter,58.79,Acceptable,66.12,67.55,2.5,2.0,4.45,3.5,0.2999999999999998,7.102600000000001,3.6784,6.7,2.8,69.5,69.5,5.5,3.4,0.0,9.4
2015-03-04,67.7,Good,spring,66.2,Good,winter,66.41,Good,66.58,66.88,2.0,2.0,5.0,3.0,5.0,3.34704,0.63944,1.4,-2.1,43.4,43.4,0.0,5.3,10.8,0.8
2015-03-05,71.3,Very Good,spring,70.26,Very Good,winter,70.44,Very Good,65.13,67.28,2.5,2.0,5.0,4.0,4.3,6.5602,2.12668,5.5,-0.3,41.1,41.1,0.0,1.9,8.6,3.9
2015-03-06,77.41,Very Good,spring,76.05,Very Good,winter,76.34,Very Good,70.84,68.24,3.0,2.5,5.0,4.0,5.0,10.30048,4.66648,10.4,2.9,37.8,37.8,0.0,2.3,10.9,0.5
2015-03-07,77.41,Very Good,spring,76.05,Very Good,winter,76.39,Very Good,74.12,69.56,3.0,2.5,5.0,4.0,5.0,10.782,5.4643999999999995,11.0,4.2,45.5,45.5,0.0,2.3,10.6,0.0
2015-03-08,79.87,Very Good,spring,79.25,Very Good,winter,79.43,Very Good,77.12,71.62,3.5,3.0,5.0,4.0,4.1,13.927,8.229,15.1,7.7,42.5,42.5,0.0,1.8,8.2,3.8
2015-03-09,72.18,Very Good,spring,70.25,Very Good,winter,70.87,Very Good,75.18,71.0,3.0,2.0,5.0,3.0,4.7,8.60752,3.9659200000000006,8.2,2.2,43.4,43.4,0.0,5.4,9.4,4.0
2015-03-10,66.39,Good,spring,64.74,Good,winter,65.33,Good,71.41,71.83,2.0,2.0,5.0,2.5,5.0,3.4983999999999997,0.3198400000000001,1.0,-3.4,30.6,30.6,0.0,5.9,11.0,0.0
2015-03-11,72.86,Very Good,spring,70.74,Very Good,winter,71.57,Very Good,68.58,72.48,3.0,2.0,5.0,3.0,5.0,8.049,2.5081599999999997,7.5,0.4,45.1,45.1,0.0,4.5,10.0,1.4
2015-03-12,70.28,Very Good,spring,68.47,Good,winter,69.25,Good,67.98,72.22,2.5,2.0,5.0,3.0,5.0,7.478800000000001,3.9644000000000004,6.7,2.1,41.0,41.0,0.0,4.0,11.1,2.1
2015-03-13,76.04,Very Good,spring,74.53,Very Good,winter,75.23,Very Good,71.25,72.0,3.0,2.5,4.99,3.5,5.0,10.7816,6.56096,11.0,5.6,45.4,45.4,0.1,3.0,11.0,1.8
2015-03-14,77.18,Very Good,spring,77.18,Very Good,spring,76.54,Very Good,73.39,72.17,3.0,2.5,5.0,4.0,4.9,11.16096,5.8640799999999995,11.6,4.3,31.4,31.4,0.0,2.3,9.8,2.0
2015-03-15,77.41,Very Good,spring,77.41,Very Good,spring,76.78,Very Good,76.37,71.9,3.0,2.5,5.0,4.0,5.0,11.92,6.5440000000000005,12.5,5.5,42.0,42.0,0.0,2.2,10.1,1.8
2015-03-16,81.92,Excellent,spring,81.92,Excellent,spring,81.4,Excellent,78.84,73.57,3.5,3.0,5.0,4.0,5.0,16.68736,9.84448,18.6,9.8,44.4,44.4,0.0,2.0,10.0,2.0
2015-03-17,70.86,Very Good,spring,70.86,Very Good,spring,71.64,Very Good,76.73,74.44,3.5,3.0,5.0,4.0,0.15,14.92636,10.56532,16.1,10.7,51.9,51.9,0.0,1.8,0.3,7.9
2015-03-18,67.22,Good,spring,67.22,Good,spring,67.83,Good,73.33,73.94,3.5,3.0,4.85,3.0,0.09999999999999964,13.7224,10.5922,14.4,10.7,61.5,61.5,1.5,4.0,0.0,9.8
2015-03-19,84.5,Excellent,spring,84.5,Excellent,spring,84.01,Excellent,74.19,76.23,4.0,3.0,5.0,4.0,5.0,18.8396,11.92864,21.0,12.4,50.9,50.9,0.0,2.5,10.6,2.6
2015-03-20,82.68,Excellent,spring,82.68,Excellent,spring,82.39,Excellent,78.13,77.4,4.0,3.0,5.0,4.0,4.2,18.686999999999998,12.482,21.9,13.4,32.5,32.5,0.0,2.5,8.4,4.8
2015-03-21,78.67,Very Good,spring,78.67,Very Good,spring,78.47,Very Good,81.95,77.61,3.5,3.0,5.0,3.5,4.15,15.647200000000002,11.2308,17.8,11.7,31.0,31.0,0.0,2.7,8.3,0.5
2015-03-22,79.3,Very Good,spring,79.3,Very Good,spring,78.98,Very Good,80.22,77.88,3.5,3.0,5.0,3.0,5.0,13.59268,8.75356,14.9,8.3,33.3,33.3,0.0,4.2,11.1,0.0
2015-03-23,74.79,Very Good,spring,74.79,Very Good,spring,74.49,Very Good,77.59,76.86,3.0,2.5,5.0,3.0,5.0,10.06972,6.23512,10.1,4.6,24.3,24.3,0.0,4.2,11.5,0.4
2015-03-24,76.1,Very Good,spring,76.1,Very Good,spring,75.88,Very Good,76.73,77.61,3.0,2.5,5.0,3.5,5.0,11.75488,6.636480000000001,12.4,5.4,32.8,32.8,0.0,2.6,11.6,0.0
2015-03-25,79.99,Very Good,spring,79.99,Very Good,spring,79.81,Very Good,76.96,79.43,3.5,2.5,5.0,4.0,5.0,13.29112,7.2574000000000005,14.2,6.5,45.9,45.9,0.0,2.5,11.5,0.0
2015-03-26,80.61,Excellent,spring,80.61,Excellent,spring,80.51,Excellent,78.9,78.88,3.5,3.0,5.0,3.5,5.0,13.792,8.341000000000001,14.8,7.9,47.5,47.5,0.0,3.1,11.6,0.0
2015-03-27,80.61,Excellent,spring,80.61,Excellent,spring,80.56,Excellent,80.4,78.58,3.5,3.0,5.0,3.5,5.0,14.972399999999999,9.2782,16.2,9.1,50.5,50.5,0.0,2.6,11.3,0.0
2015-03-28,80.61,Excellent,spring,80.61,Excellent,spring,80.61,Excellent,80.61,78.86,3.5,3.0,5.0,3.5,5.0,15.18,9.777999999999999,17.0,9.7,35.0,35.0,0.0,2.8,10.3,3.3
2015-03-29,77.59,Very Good,spring,77.59,Very Good,spring,77.59,Very Good,79.6,78.61,3.5,3.0,5.0,4.0,3.1,15.5094,10.4238,16.5,10.5,61.9,61.9,0.0,2.5,6.2,5.0
2015-03-30,83.19,Excellent,spring,83.19,Excellent,spring,83.19,Excellent,80.46,79.81,4.0,3.0,5.0,3.5,5.0,18.95968,12.65472,20.8,13.2,57.4,57.4,0.0,2.6,10.8,2.0
2015-03-31,70.25,Very Good,spring,70.25,Very Good,spring,70.25,Very Good,77.01,78.98,3.5,3.0,4.75,4.0,0.5499999999999998,14.51976,12.67496,14.9,12.9,80.6,80.6,2.5,2.2,0.0,8.9
2015-04-01,72.42,Very Good,spring,72.42,Very Good,spring,72.42,Very Good,75.29,77.9,3.5,3.0,4.75,3.0,2.65,16.62416,12.52764,17.6,12.9,67.9,67.9,2.5,4.1,5.3,7.1
2015-04-02,63.44,Good,spring,63.44,Good,spring,63.44,Good,68.7,75.44,4.5,3.5,2.2,3.0,2.4,20.407600000000002,14.233600000000001,21.8,14.8,70.5,70.5,28.0,5.0,4.8,8.4
2015-04-03,69.82,Good,spring,69.82,Good,spring,69.82,Good,68.56,73.9,3.5,3.0,4.65,3.5,1.2,14.76136,10.56016,15.1,10.6,83.4,83.4,3.5,2.8,2.4,6.1
2015-04-04,74.17,Very Good,spring,74.17,Very Good,spring,74.17,Very Good,69.14,72.98,3.5,3.0,5.0,3.0,2.75,16.732,12.772,18.5,13.5,48.0,48.0,0.0,4.3,5.5,8.0
2015-04-05,67.64,Good,spring,67.64,Good,spring,67.64,Good,70.54,71.56,3.0,3.0,4.95,4.0,0.0,11.980879999999999,10.4502,12.2,10.5,75.1,75.1,0.5,2.5,0.0,10.0
2015-04-06,71.15,Very Good,spring,71.15,Very Good,spring,71.15,Very Good,70.99,69.84,3.5,3.0,5.0,3.5,0.85,14.44528,10.246960000000001,15.4,10.3,55.8,55.8,0.0,2.7,1.7,8.8
2015-04-07,71.99,Very Good,spring,71.99,Very Good,spring,71.99,Very Good,70.26,70.09,3.0,3.0,5.0,3.5,2.35,11.843599999999999,8.6592,12.2,8.4,59.5,59.5,0.0,2.6,4.7,7.6
2015-04-08,76.09,Very Good,spring,76.09,Very Good,spring,76.09,Very Good,73.08,70.61,3.0,3.0,5.0,3.5,4.15,12.997,8.623000000000001,13.7,8.3,52.5,52.5,0.0,2.9,8.3,3.8
2015-04-09,81.92,Excellent,spring,81.92,Excellent,spring,81.92,Excellent,76.67,73.25,3.5,3.0,5.0,4.0,5.0,14.8636,9.6912,16.3,9.6,43.0,43.0,0.0,2.3,10.8,2.8
2015-04-10,80.61,Excellent,spring,80.61,Excellent,spring,80.61,Excellent,79.54,74.8,3.5,3.0,5.0,3.5,5.0,17.0104,11.219199999999999,19.2,11.6,40.5,40.5,0.0,2.8,11.6,0.1
2015-04-11,84.5,Excellent,spring,84.5,Excellent,spring,84.5,Excellent,82.34,76.27,4.0,3.0,5.0,4.0,5.0,18.10204,12.6502,20.7,13.5,39.3,39.3,0.0,2.5,11.6,0.4
2015-04-12,75.47,Very Good,spring,75.47,Very Good,spring,75.47,Very Good,80.19,77.39,3.5,3.5,5.0,3.5,1.9,17.51296,13.539760000000001,20.4,14.9,30.6,30.6,0.0,2.9,3.8,7.9
2015-04-13,69.02,Good,spring,69.02,Good,spring,69.02,Good,76.33,77.09,3.5,3.0,4.35,2.5,2.8,16.19856,11.6312,17.6,12.0,53.9,53.9,6.5,5.9,5.6,9.0
2015-04-14,58.32,Acceptable,spring,58.32,Acceptable,spring,58.32,Acceptable,67.6,75.13,3.0,2.5,3.95,3.5,0.0,8.0808,7.02524,8.0,6.9,89.9,89.9,10.5,2.7,0.0,10.0
2015-04-15,78.29,Very Good,spring,78.29,Very Good,spring,78.29,Very Good,68.54,75.45,3.5,3.0,4.9,3.5,4.25,16.216,10.976799999999999,17.0,11.1,72.0,72.0,1.0,2.9,8.5,4.4
2015-04-16,64.9,Good,spring,64.9,Good,spring,64.9,Good,67.17,73.02,3.5,3.0,4.3,3.0,0.55,14.214400000000001,9.9122,14.8,9.9,69.5,69.5,7.0,3.6,1.1,4.6
2015-04-17,79.3,Very Good,spring,79.3,Very Good,spring,79.3,Very Good,74.16,72.83,3.5,3.0,5.0,3.0,5.0,14.76776,10.3908,16.1,10.5,45.4,45.4,0.0,3.7,12.1,0.3
2015-04-18,86.2,Excellent,spring,86.2,Excellent,spring,86.2,Excellent,76.8,73.07,4.0,3.5,5.0,4.0,4.9,19.96812,13.78352,23.7,15.2,31.9,31.9,0.0,1.9,9.8,5.0
2015-04-19,62.65,Good,spring,62.65,Good,spring,62.65,Good,76.05,71.24,3.5,3.5,3.8,3.0,0.04999999999999982,16.56416,14.0464,17.3,14.5,74.8,74.8,12.0,3.7,0.0,9.9
2015-04-20,69.51,Good,spring,69.51,Good,spring,69.51,Good,72.79,71.31,3.5,3.0,4.45,3.5,1.6,16.12816,11.98264,16.8,12.2,75.3,75.3,5.5,3.2,3.2,6.0
2015-04-21,85.12,Excellent,spring,85.12,Excellent,spring,85.12,Excellent,72.43,75.14,4.0,3.5,5.0,3.5,5.0,18.5456,13.136,20.9,14.0,46.0,46.0,0.0,2.9,12.5,1.8
2015-04-22,85.12,Excellent,spring,85.12,Excellent,spring,85.12,Excellent,79.92,76.11,4.0,3.5,5.0,3.5,5.0,18.4316,13.3096,20.7,14.2,47.0,47.0,0.0,3.0,11.2,2.8
2015-04-23,81.23,Excellent,spring,81.23,Excellent,spring,81.23,Excellent,83.82,78.45,3.5,3.5,5.0,3.0,5.0,17.72044,13.4398,20.1,14.5,41.1,41.1,0.0,3.5,10.8,3.5
2015-04-24,85.12,Excellent,spring,85.12,Excellent,spring,85.12,Excellent,83.82,79.28,4.0,3.5,5.0,3.5,5.0,19.64096,14.293239999999999,22.8,15.7,38.3,38.3,0.0,3.2,12.2,0.9
2015-04-25,85.12,Excellent,spring,85.12,Excellent,spring,85.12,Excellent,83.82,79.12,4.0,3.5,5.0,3.5,5.0,19.427599999999998,14.27868,23.0,15.9,31.3,31.3,0.0,2.7,12.6,0.0
2015-04-26,87.7,Excellent,spring,87.7,Excellent,spring,87.7,Excellent,85.98,82.7,4.5,3.5,5.0,3.5,5.0,20.80576,15.477920000000001,24.4,17.3,37.6,37.6,0.0,3.3,11.7,0.0
2015-04-27,87.7,Excellent,spring,87.7,Excellent,spring,87.7,Excellent,86.84,85.3,4.5,3.5,5.0,3.5,5.0,21.28228,16.4362,24.9,18.5,39.3,39.3,0.0,2.8,12.3,1.0
2015-04-28,91.13,Ideal,spring,91.13,Ideal,spring,91.13,Ideal,88.84,86.16,5.0,3.5,5.0,4.0,4.8,22.74936,17.77032,26.9,20.3,38.6,38.6,0.0,2.1,9.6,7.1
2015-04-29,70.15,Very Good,spring,70.15,Very Good,spring,70.15,Very Good,82.99,84.02,3.5,3.5,4.65,3.5,0.5,17.6272,16.356,18.4,17.0,77.0,77.0,3.5,2.9,0.0,9.0
2015-04-30,90.94,Ideal,spring,90.94,Ideal,spring,90.94,Ideal,84.07,85.41,4.5,4.0,5.0,4.0,5.0,25.12312,19.255679999999998,28.3,21.2,56.6,56.6,0.0,2.2,12.3,2.8
2015-05-01,90.94,Ideal,spring,90.94,Ideal,spring,90.94,Ideal,84.01,86.24,4.5,4.0,5.0,4.0,5.0,24.36544,19.1872,27.2,21.0,58.8,58.8,0.0,2.5,12.3,0.0
2015-05-02,89.34,Excellent,spring,89.34,Excellent,spring,89.34,Excellent,90.41,86.84,5.0,4.0,4.95,4.0,3.3,23.7216,19.17632,26.0,20.7,64.4,64.4,0.5,2.1,6.6,7.1
2015-05-03,73.24,Very Good,spring,73.24,Very Good,spring,73.24,Very Good,84.51,84.78,4.0,3.5,4.65,4.0,0.15,19.231360000000002,17.98128,19.6,18.3,90.4,90.4,3.5,2.1,0.3,8.9
2015-05-04,81.23,Excellent,spring,81.23,Excellent,spring,81.23,Excellent,81.27,83.85,3.5,3.5,5.0,3.0,5.0,17.914360000000002,14.77996,20.1,16.1,45.9,45.9,0.0,4.2,12.4,1.6
2015-05-05,82.54,Excellent,spring,82.54,Excellent,spring,82.54,Excellent,79.0,82.63,3.5,3.5,5.0,3.5,5.0,17.440839999999998,13.15672,19.9,14.2,37.9,37.9,0.0,3.4,12.9,0.1
2015-05-06,82.55,Excellent,spring,82.55,Excellent,spring,82.55,Excellent,82.11,84.4,4.0,3.5,5.0,4.0,3.3,18.9424,14.02408,22.0,15.4,36.3,36.3,0.0,2.4,6.6,6.8
2015-05-07,86.79,Excellent,spring,86.79,Excellent,spring,86.79,Excellent,83.96,83.8,4.5,3.5,5.0,3.5,4.6,20.3936,14.8256,24.0,16.5,35.6,35.6,0.0,2.6,9.2,6.0
2015-05-08,82.06,Excellent,spring,82.06,Excellent,spring,82.06,Excellent,83.8,82.54,4.5,3.5,5.0,4.0,1.95,20.88644,15.74324,22.7,16.7,64.3,64.3,0.0,2.5,3.9,8.6
2015-05-09,87.7,Excellent,spring,87.7,Excellent,spring,87.7,Excellent,85.52,82.3,4.5,3.5,5.0,3.5,5.0,21.48,16.232,24.0,17.6,55.0,55.0,0.0,3.0,10.6,4.6
2015-05-10,91.59,Ideal,spring,91.59,Ideal,spring,91.59,Ideal,87.12,84.92,5.0,3.5,5.0,4.0,5.0,22.05856,16.90144,25.9,19.1,39.6,39.6,0.0,2.3,11.9,2.6
2015-05-11,72.12,Very Good,spring,72.12,Very Good,spring,72.19,Very Good,83.8,83.62,4.5,3.5,3.6,3.5,1.9,21.96244,17.126559999999998,24.1,18.4,62.1,62.1,14.0,3.0,3.8,8.0
2015-05-12,66.17,Good,spring,66.17,Good,spring,66.3,Good,76.63,81.28,3.5,3.0,4.05,2.5,2.35,16.777,12.98188,17.5,13.3,75.9,75.9,9.5,6.4,4.7,7.4
2015-05-13,83.81,Excellent,spring,83.81,Excellent,spring,83.89,Excellent,74.03,81.46,4.0,3.5,5.0,3.0,5.0,19.434639999999998,16.12424,21.4,17.4,56.9,56.9,0.0,5.3,12.4,1.8
2015-05-14,88.15,Excellent,spring,88.15,Excellent,spring,88.31,Excellent,79.38,81.66,4.5,4.0,5.0,3.5,4.35,24.19632,18.89408,26.6,20.4,63.8,63.8,0.0,3.3,8.7,4.8
2015-05-15,84.91,Excellent,spring,84.91,Excellent,spring,85.46,Excellent,85.62,82.06,5.0,4.0,5.0,3.5,1.8,22.110799999999998,18.0444,23.7,19.1,71.0,71.0,0.0,2.7,3.6,6.3
2015-05-16,87.7,Excellent,spring,87.7,Excellent,spring,87.88,Excellent,86.92,82.06,4.5,3.5,5.0,3.5,5.0,21.63104,16.1216,25.2,18.0,41.3,41.3,0.0,3.0,13.3,0.4
2015-05-17,89.01,Excellent,spring,89.01,Excellent,spring,89.12,Excellent,87.21,81.7,4.5,3.5,5.0,4.0,5.0,21.57632,16.54976,25.2,18.6,40.4,40.4,0.0,2.2,13.0,4.8
2015-05-18,76.91,Very Good,spring,76.91,Very Good,spring,77.59,Very Good,84.54,82.38,4.0,3.5,5.0,3.5,1.4,19.950319999999998,16.28012,22.2,17.7,53.9,53.9,0.0,3.2,2.8,8.4
2015-05-19,69.45,Good,spring,69.45,Good,spring,70.4,Very Good,78.46,82.85,3.5,3.5,4.9,3.0,0.1,15.924719999999999,14.58688,16.2,14.8,88.9,88.9,1.0,3.6,0.2,9.4
2015-05-20,85.12,Excellent,spring,85.12,Excellent,spring,85.24,Excellent,77.16,83.04,4.0,3.5,5.0,3.5,5.0,19.996,15.292,21.9,16.3,60.0,60.0,0.0,3.1,12.9,2.0
2015-05-21,88.97,Excellent,spring,88.97,Excellent,spring,89.65,Excellent,81.18,83.15,5.0,3.5,5.0,3.0,5.0,22.8064,16.96348,26.0,18.7,50.1,50.1,0.0,3.7,12.4,2.5
2015-05-22,90.28,Ideal,spring,90.28,Ideal,spring,90.85,Ideal,88.12,83.92,5.0,3.5,5.0,3.5,5.0,23.43664,17.812,27.2,20.0,45.3,45.3,0.0,2.9,12.9,2.9
2015-05-23,91.59,Ideal,spring,91.59,Ideal,spring,92.01,Ideal,90.28,84.48,5.0,3.5,5.0,4.0,5.0,23.7982,17.9924,28.3,20.6,38.5,38.5,0.0,2.5,12.3,1.9
2015-05-24,93.52,Ideal,spring,94.4,Ideal,summer,93.96,Ideal,92.09,85.25,5.0,4.0,5.0,4.0,5.0,23.8602,18.2412,28.5,21.0,37.3,37.3,0.0,2.4,13.5,0.0
2015-05-25,89.63,Excellent,spring,90.43,Ideal,summer,90.06,Ideal,92.14,87.18,4.5,4.0,5.0,3.5,5.0,25.191879999999998,18.77392,28.7,20.8,53.1,53.1,0.0,2.7,13.4,0.0
2015-05-26,87.05,Excellent,spring,87.36,Excellent,summer,87.23,Excellent,90.73,89.74,4.0,4.0,5.0,3.5,5.0,26.15068,19.1494,30.3,21.5,48.9,48.9,0.0,2.7,13.4,0.1
2015-05-27,90.94,Ideal,spring,91.33,Ideal,summer,91.18,Ideal,89.71,90.62,4.5,4.0,5.0,4.0,5.0,25.7294,19.65712,31.5,23.2,32.9,32.9,0.0,2.0,13.5,2.0
2015-05-28,92.87,Ideal,spring,93.23,Ideal,summer,93.1,Ideal,90.64,91.23,4.5,4.5,5.0,4.0,5.0,25.726480000000002,20.13012,32.2,24.3,27.1,27.1,0.0,2.2,12.3,2.8
2015-05-29,90.7,Ideal,spring,91.6,Ideal,summer,91.31,Ideal,92.05,91.42,4.5,4.5,5.0,4.0,4.05,24.79456,20.31136,29.8,23.8,36.8,36.8,0.0,2.5,8.1,7.3
2015-05-30,82.55,Excellent,spring,85.01,Excellent,summer,84.31,Excellent,89.95,90.48,4.5,4.0,4.96,3.5,2.0,21.668799999999997,18.6632,23.2,19.8,71.0,71.0,0.4,2.9,4.0,6.1
2015-05-31,88.36,Excellent,spring,88.26,Excellent,summer,88.28,Excellent,88.29,89.6,4.0,4.0,5.0,4.0,5.0,26.548479999999998,19.81552,30.4,22.1,52.8,52.8,0.0,2.2,12.5,3.0
2015-06-01,90.43,Ideal,summer,90.43,Ideal,summer,90.26,Ideal,87.9,89.6,4.5,4.0,5.0,3.5,5.0,24.400399999999998,19.10728,28.5,21.7,44.6,44.6,0.0,2.6,12.0,5.6
2015-06-02,92.33,Ideal,summer,92.33,Ideal,summer,92.19,Ideal,90.34,90.31,4.5,4.5,5.0,3.5,5.0,25.59448,20.31756,29.8,23.1,46.9,46.9,0.0,2.7,12.5,7.8
2015-06-03,89.53,Excellent,summer,89.53,Excellent,summer,89.36,Excellent,90.76,90.06,4.5,4.0,5.0,3.0,5.0,24.224079999999997,19.75156,29.4,23.3,33.3,33.3,0.0,3.8,13.2,2.6
2015-06-04,92.24,Ideal,summer,92.24,Ideal,summer,92.16,Ideal,91.37,89.91,4.5,4.5,5.0,3.5,4.95,25.3854,20.16152,31.5,24.2,28.9,28.9,0.0,2.6,9.9,4.6
2015-06-05,80.43,Excellent,summer,80.43,Excellent,summer,80.21,Excellent,87.4,88.32,4.5,3.5,4.9,4.0,0.15,20.0224,17.60032,22.0,19.1,58.8,58.8,1.0,1.7,0.3,9.3
2015-06-06,91.33,Ideal,summer,91.33,Ideal,summer,91.32,Ideal,88.0,89.22,4.5,4.0,5.0,4.0,5.0,25.15024,19.939839999999997,28.9,22.4,50.4,50.4,0.0,2.3,11.0,3.5
2015-06-07,88.61,Excellent,summer,88.61,Excellent,summer,88.61,Excellent,86.79,89.27,4.0,4.5,5.0,4.0,4.1,26.9248,20.548479999999998,31.5,23.4,46.8,46.8,0.0,2.3,8.2,3.4
2015-06-08,89.02,Excellent,summer,89.02,Excellent,summer,89.02,Excellent,89.65,89.07,4.5,4.5,5.0,4.0,2.55,24.58888,20.16304,27.8,22.4,54.9,54.9,0.0,2.3,5.1,7.9
2015-06-09,92.33,Ideal,summer,92.33,Ideal,summer,92.33,Ideal,89.99,89.07,4.5,4.5,5.0,3.5,5.0,25.66012,20.555439999999997,28.1,22.2,66.3,66.3,0.0,2.9,10.6,4.1
2015-06-10,85.92,Excellent,summer,85.92,Excellent,summer,85.92,Excellent,89.09,88.55,3.0,5.0,5.0,4.0,5.0,30.348279999999995,22.50316,34.9,25.3,54.3,54.3,0.0,2.2,11.1,2.6
2015-06-11,81.27,Excellent,summer,81.27,Excellent,summer,81.27,Excellent,86.51,86.99,4.0,5.0,4.25,3.5,2.1,26.935679999999998,22.24064,30.2,24.6,59.6,59.6,7.5,2.8,4.2,7.3
2015-06-12,88.03,Excellent,summer,88.03,Excellent,summer,88.03,Excellent,85.07,88.07,4.0,4.5,4.95,3.0,5.0,26.96276,21.592640000000003,29.9,23.6,63.1,63.1,0.5,3.8,11.9,5.8
2015-06-13,89.54,Excellent,summer,89.54,Excellent,summer,89.54,Excellent,86.28,87.82,4.0,5.0,4.95,3.5,4.25,27.71484,22.45972,30.9,24.7,61.9,61.9,0.5,3.2,8.5,7.1
2015-06-14,80.9,Excellent,summer,80.9,Excellent,summer,80.9,Excellent,86.16,86.72,4.5,4.5,3.45,3.5,4.25,25.59724,21.27936,27.7,22.8,70.3,70.3,15.5,2.7,8.5,5.3
2015-06-15,91.37,Ideal,summer,91.37,Ideal,summer,91.37,Ideal,87.27,87.05,4.0,5.0,5.0,4.0,4.6,27.76544,22.24608,30.6,24.2,65.6,65.6,0.0,2.2,9.2,6.3
2015-06-16,88.82,Excellent,summer,88.82,Excellent,summer,88.82,Excellent,87.03,86.55,3.5,5.0,5.0,4.0,4.9,28.049239999999998,22.954,30.9,25.0,65.9,65.9,0.0,2.4,9.8,4.6
2015-06-17,77.48,Very Good,summer,77.48,Very Good,summer,77.48,Very Good,85.89,85.34,3.5,4.5,4.05,3.5,3.55,28.53696,21.942079999999997,30.8,23.4,72.8,72.8,9.5,2.6,7.1,5.4
2015-06-18,88.25,Excellent,summer,88.25,Excellent,summer,88.25,Excellent,84.85,86.34,4.0,5.0,4.7,3.5,4.45,27.84088,22.39648,31.3,24.8,59.4,59.4,3.0,2.7,8.9,7.1
2015-06-19,90.47,Ideal,summer,90.47,Ideal,summer,90.47,Ideal,85.4,86.69,4.0,5.0,5.0,3.5,4.6,26.540879999999998,22.0524,29.9,24.5,57.8,57.8,0.0,2.9,9.2,5.8
2015-06-20,58.85,Acceptable,summer,58.85,Acceptable,summer,58.85,Acceptable,79.19,82.31,5.0,4.0,0.5499999999999998,4.0,1.25,22.1464,19.2544,22.6,19.6,91.0,91.0,44.5,1.8,0.0,7.5
2015-06-21,90.16,Ideal,summer,90.16,Ideal,summer,90.16,Ideal,79.83,83.63,4.0,4.5,5.0,4.0,5.0,27.17744,20.867359999999998,29.6,22.4,69.1,69.1,0.0,2.0,12.8,0.9
2015-06-22,90.16,Ideal,summer,90.16,Ideal,summer,90.16,Ideal,79.72,83.46,4.0,4.5,5.0,4.0,5.0,26.07456,21.7824,29.1,24.0,60.4,60.4,0.0,2.4,11.3,3.8
2015-06-23,92.06,Ideal,summer,92.06,Ideal,summer,92.06,Ideal,90.79,83.92,4.0,5.0,5.0,4.0,5.0,27.9844,22.58908,31.0,24.7,64.1,64.1,0.0,2.3,11.7,2.9
2015-06-24,90.86,Ideal,summer,90.86,Ideal,summer,90.86,Ideal,91.03,85.83,4.0,5.0,5.0,4.0,4.3,27.16392,23.081239999999998,30.6,25.7,58.3,58.3,0.0,2.5,8.6,6.1
2015-06-25,84.22,Excellent,summer,84.22,Excellent,summer,84.22,Excellent,89.05,85.25,4.0,5.0,4.8,4.0,1.2,26.43364,22.73392,29.1,24.8,65.1,65.1,2.0,2.1,2.4,8.9
2015-06-26,76.98,Very Good,summer,76.98,Very Good,summer,76.98,Very Good,84.02,83.33,5.0,4.0,3.75,3.5,0.15,23.81896,19.935200000000002,25.3,21.0,75.8,75.8,12.5,3.3,0.3,9.6
2015-06-27,92.06,Ideal,summer,92.06,Ideal,summer,92.06,Ideal,84.42,88.07,4.0,5.0,5.0,4.0,5.0,27.32732,22.482239999999997,31.1,25.2,55.3,55.3,0.0,2.2,12.6,3.1
2015-06-28,91.16,Ideal,summer,91.16,Ideal,summer,91.16,Ideal,86.73,88.21,4.0,5.0,5.0,3.5,5.0,27.87592,23.046879999999998,31.1,25.4,61.8,61.8,0.0,2.6,13.0,3.0
2015-06-29,91.16,Ideal,summer,91.16,Ideal,summer,91.16,Ideal,91.46,88.36,4.0,5.0,5.0,3.5,5.0,27.45232,23.30104,30.6,25.7,61.8,61.8,0.0,2.8,11.4,6.8
2015-06-30,84.23,Excellent,summer,84.23,Excellent,summer,84.23,Excellent,88.85,87.24,4.0,5.0,4.75,4.0,1.4,26.896,22.671999999999997,29.2,24.4,70.0,70.0,2.5,1.7,2.8,9.1
2015-07-01,91.1,Ideal,summer,91.1,Ideal,summer,91.1,Ideal,88.83,87.27,4.5,4.5,4.95,3.0,5.0,25.48708,21.85324,27.9,23.7,66.3,66.3,0.5,3.8,11.7,4.4
2015-07-02,88.36,Excellent,summer,88.36,Excellent,summer,88.36,Excellent,87.9,87.86,4.0,4.5,5.0,3.0,5.0,26.5594,21.7546,29.3,23.7,64.5,64.5,0.0,4.0,11.1,4.6
2015-07-03,92.33,Ideal,summer,92.33,Ideal,summer,92.33,Ideal,90.6,90.06,4.5,4.5,5.0,3.5,5.0,25.56232,21.31032,28.3,23.3,62.6,62.6,0.0,3.0,11.1,2.1
2015-07-04,90.16,Ideal,summer,90.16,Ideal,summer,90.16,Ideal,90.28,89.79,4.0,4.5,5.0,4.0,5.0,26.38168,21.607120000000002,29.9,24.1,55.8,55.8,0.0,2.2,10.9,1.9
2015-07-05,89.9,Excellent,summer,89.9,Excellent,summer,89.9,Excellent,90.8,89.61,4.0,4.5,5.0,4.0,4.85,26.26016,21.78032,29.6,24.2,57.4,57.4,0.0,2.3,9.7,5.1
2015-07-06,88.9,Excellent,summer,88.9,Excellent,summer,88.9,Excellent,89.65,89.28,3.5,5.0,5.0,4.0,4.95,28.387,22.50316,32.5,25.3,54.3,54.3,0.0,2.2,9.9,3.9
2015-07-07,91.26,Ideal,summer,91.26,Ideal,summer,91.26,Ideal,90.02,90.29,4.5,5.0,5.0,4.0,2.75,25.92548,22.611040000000003,29.7,25.6,52.1,52.1,0.0,2.0,5.5,7.6
2015-07-08,83.62,Excellent,summer,83.62,Excellent,summer,83.62,Excellent,87.93,89.22,4.5,4.5,4.95,3.0,0.65,24.33096,21.78128,26.3,23.4,69.8,69.8,0.5,4.0,1.3,9.4
2015-07-09,83.36,Excellent,summer,83.36,Excellent,summer,83.36,Excellent,86.08,88.5,3.5,5.0,5.0,3.5,2.25,28.42536,23.9458,31.8,26.5,61.3,61.3,0.0,2.9,4.5,6.8
2015-07-10,81.0,Excellent,summer,81.0,Excellent,summer,81.0,Excellent,82.66,86.89,3.0,4.0,5.0,4.0,4.35,30.49948,26.197119999999998,34.3,29.2,60.9,60.9,0.0,1.9,8.7,5.6
2015-07-11,82.03,Excellent,summer,82.03,Excellent,summer,82.03,Excellent,82.13,85.72,3.0,4.0,5.0,4.0,4.95,31.8712,27.16048,36.0,30.4,60.3,60.3,0.0,2.1,9.9,7.5
2015-07-12,60.79,Good,summer,60.79,Good,summer,60.79,Good,74.61,81.57,4.0,4.5,2.1,3.0,0.0,27.5752,24.45072,28.0,24.8,94.1,94.1,29.0,4.0,0.0,10.0
2015-07-13,78.28,Very Good,summer,78.28,Very Good,summer,78.28,Very Good,73.7,80.05,4.5,5.0,4.0,3.0,0.05,24.351679999999998,22.61792,24.9,23.1,90.8,90.8,10.0,5.2,0.1,9.5
2015-07-14,85.29,Excellent,summer,85.29,Excellent,summer,85.29,Excellent,74.79,79.2,3.5,4.5,5.0,3.0,5.0,29.03744,24.322560000000003,31.4,26.1,72.4,72.4,0.0,3.5,10.1,5.0
2015-07-15,86.19,Excellent,summer,86.19,Excellent,summer,86.19,Excellent,83.25,79.56,3.5,4.5,5.0,3.5,5.0,29.96128,24.95008,33.9,27.9,58.8,58.8,0.0,2.9,11.4,3.3
2015-07-16,91.43,Ideal,summer,91.43,Ideal,summer,91.43,Ideal,87.64,80.72,4.5,4.5,5.0,3.0,5.0,25.21828,21.83644,28.9,24.7,51.3,51.3,0.0,5.0,11.2,3.9
2015-07-17,89.8,Excellent,summer,89.8,Excellent,summer,89.8,Excellent,89.14,81.97,4.5,4.5,5.0,3.0,4.05,24.86512,20.869120000000002,28.6,23.6,49.8,49.8,0.0,3.6,8.1,6.1
2015-07-18,87.15,Excellent,summer,87.15,Excellent,summer,87.15,Excellent,89.46,82.7,4.5,5.0,4.95,4.0,0.55,25.2012,22.2122,27.8,24.3,63.5,63.5,0.5,2.2,1.1,9.9
2015-07-19,80.04,Excellent,summer,80.04,Excellent,summer,80.04,Excellent,85.66,85.45,3.5,5.0,4.5,4.0,1.7,28.010080000000002,23.73496,29.8,25.1,77.4,77.4,5.0,1.8,3.4,8.6
2015-07-20,79.95,Very Good,summer,79.95,Very Good,summer,79.95,Very Good,82.38,85.69,3.5,4.5,5.0,4.0,0.85,28.77472,25.498,31.2,27.5,71.4,71.4,0.0,2.4,1.7,8.5
2015-07-21,72.45,Very Good,summer,72.45,Very Good,summer,72.45,Very Good,77.48,83.86,3.5,4.5,3.9,4.5,0.15,28.15744,25.7488,29.6,27.0,81.6,81.6,11.0,1.6,0.3,9.5
2015-07-22,77.83,Very Good,summer,77.83,Very Good,summer,77.83,Very Good,76.74,82.66,3.5,4.0,4.9,4.0,1.1,29.69492,26.064519999999998,31.7,27.7,76.9,76.9,1.0,1.8,2.2,8.5
2015-07-23,66.93,Good,summer,66.93,Good,summer,66.93,Good,72.4,79.16,3.0,4.5,3.4,4.0,1.15,30.4204,25.6156,32.1,26.9,81.0,81.0,16.0,2.1,2.3,9.5
2015-07-24,67.3,Good,summer,67.3,Good,summer,67.3,Good,70.69,75.95,4.5,4.5,2.35,4.0,0.0,25.209039999999998,24.51772,25.4,24.7,96.9,96.9,26.5,2.0,0.0,10.0
2015-07-25,47.96,Marginal,summer,47.96,Marginal,summer,47.96,Marginal,60.73,70.35,4.0,4.5,0.0,3.5,0.0,26.07856,24.706,26.4,25.0,95.1,95.1,80.0,3.2,0.0,10.0
2015-07-26,54.8,Acceptable,summer,54.8,Acceptable,summer,54.8,Acceptable,56.69,66.75,3.5,4.5,0.9500000000000002,3.5,2.15,28.84,25.072,30.0,26.0,85.5,85.5,40.5,2.6,4.3,8.4
2015-07-27,80.61,Excellent,summer,80.61,Excellent,summer,80.61,Excellent,61.12,66.84,3.5,4.5,4.85,4.0,1.8,28.88,25.2928,30.0,26.2,86.0,86.0,1.5,2.3,3.6,8.4
2015-07-28,83.78,Excellent,summer,83.78,Excellent,summer,83.78,Excellent,73.06,68.46,3.5,4.5,5.0,3.5,3.6,29.02912,25.88752,31.2,27.7,74.4,74.4,0.0,2.7,7.2,7.3
2015-07-29,78.22,Very Good,summer,78.22,Very Good,summer,78.22,Very Good,80.87,68.51,4.0,4.5,4.6,3.5,0.1,27.51408,25.55772,28.8,26.7,82.9,82.9,4.0,2.6,0.2,8.4
2015-07-30,78.51,Very Good,summer,78.51,Very Good,summer,78.51,Very Good,80.17,70.17,3.0,4.0,5.0,3.0,3.95,30.91936,26.844160000000002,33.1,28.6,76.4,76.4,0.0,3.5,7.9,6.9
2015-07-31,78.38,Very Good,summer,78.38,Very Good,summer,78.38,Very Good,78.37,71.75,3.0,4.0,5.0,3.5,3.35,30.097279999999998,26.05988,32.4,27.9,74.3,74.3,0.0,2.7,6.7,6.6
2015-08-01,80.25,Excellent,summer,80.25,Excellent,summer,80.25,Excellent,79.05,76.36,3.5,4.0,5.0,3.5,2.65,29.249920000000003,26.219839999999998,31.6,28.2,72.8,72.8,0.0,3.1,5.3,6.9
2015-08-02,71.07,Very Good,summer,71.07,Very Good,summer,71.07,Very Good,76.57,78.69,4.0,4.5,3.35,3.5,0.7,27.994239999999998,25.4638,29.2,26.5,84.3,84.3,16.5,2.7,1.4,8.4
2015-08-03,81.85,Excellent,summer,81.85,Excellent,summer,81.85,Excellent,77.72,78.87,3.5,4.5,5.0,3.0,3.0,29.049,25.859399999999997,31.5,27.9,71.5,71.5,0.0,3.8,6.0,5.8
2015-08-04,79.87,Very Good,summer,79.87,Very Good,summer,79.87,Very Good,77.6,78.31,3.5,4.5,5.0,3.0,1.85,28.57856,25.631,30.8,27.5,73.3,73.3,0.0,4.5,3.7,8.5
2015-08-05,81.17,Excellent,summer,81.17,Excellent,summer,81.17,Excellent,80.96,78.73,3.5,4.0,4.99,3.0,3.75,29.7036,26.1448,32.7,28.6,67.0,67.0,0.1,3.7,7.5,6.6
2015-08-06,82.12,Excellent,summer,82.12,Excellent,summer,82.12,Excellent,81.05,79.24,3.0,4.0,5.0,4.0,5.0,30.9352,26.5594,34.4,29.3,64.5,64.5,0.0,2.0,11.8,3.1
2015-08-07,73.68,Very Good,summer,73.68,Very Good,summer,73.68,Very Good,78.99,78.57,3.0,4.0,3.9,4.5,3.75,31.598879999999998,26.730279999999997,34.4,28.9,71.3,71.3,11.0,1.4,7.5,2.8
2015-08-08,74.81,Very Good,summer,74.81,Very Good,summer,74.81,Very Good,76.87,77.8,3.0,4.5,4.25,4.0,2.5,31.077199999999998,25.21224,33.0,26.6,79.1,79.1,7.5,2.1,5.0,6.5
2015-08-09,86.75,Excellent,summer,86.75,Excellent,summer,86.75,Excellent,78.41,80.04,3.5,4.5,5.0,4.0,4.8,28.849600000000002,24.98992,31.0,26.7,74.4,74.4,0.0,2.1,9.6,6.6
2015-08-10,85.89,Excellent,summer,85.89,Excellent,summer,85.89,Excellent,82.48,80.61,3.5,4.5,5.0,4.0,4.3,29.5448,25.1028,32.0,27.0,72.1,72.1,0.0,2.3,8.6,6.5
2015-08-11,80.38,Excellent,summer,80.38,Excellent,summer,80.38,Excellent,84.34,80.69,3.5,4.5,5.0,4.0,1.1,28.42464,25.02592,30.6,26.8,73.6,73.6,0.0,2.1,2.2,6.4
2015-08-12,87.09,Excellent,summer,87.09,Excellent,summer,87.09,Excellent,84.45,81.53,3.5,4.5,5.0,4.0,5.0,29.923,25.051000000000002,32.9,27.3,67.5,67.5,0.0,2.0,10.6,2.0
2015-08-13,85.8,Excellent,summer,85.8,Excellent,summer,85.8,Excellent,84.42,82.06,3.5,4.5,5.0,4.0,4.25,28.449840000000002,24.427599999999998,31.1,26.5,68.6,68.6,0.0,1.9,8.5,4.8
2015-08-14,87.09,Excellent,summer,87.09,Excellent,summer,87.09,Excellent,86.66,83.97,3.5,4.5,5.0,4.0,5.0,29.476,24.628639999999997,32.5,26.9,66.4,66.4,0.0,2.4,11.2,3.9
2015-08-15,84.01,Excellent,summer,84.01,Excellent,summer,84.01,Excellent,85.63,85.29,3.5,4.5,4.99,4.0,3.25,28.33728,25.075360000000003,30.8,27.1,70.4,70.4,0.1,1.9,6.5,4.3
2015-08-16,60.99,Good,summer,60.99,Good,summer,60.99,Good,77.36,81.61,3.5,4.5,2.1,4.0,0.85,29.07152,24.21368,31.2,25.8,74.9,74.9,29.0,2.0,1.7,8.3
2015-08-17,87.09,Excellent,summer,87.09,Excellent,summer,87.09,Excellent,77.36,81.78,3.5,4.5,5.0,4.0,5.0,29.373399999999997,24.0436,32.9,26.6,61.5,61.5,0.0,2.2,11.3,3.3
2015-08-18,85.97,Excellent,summer,85.97,Excellent,summer,85.97,Excellent,78.02,82.58,3.5,4.5,5.0,4.0,4.35,28.639120000000002,25.02884,32.2,27.9,59.9,59.9,0.0,2.5,8.7,5.1
2015-08-19,81.73,Excellent,summer,81.73,Excellent,summer,81.73,Excellent,84.93,81.81,4.0,4.5,5.0,4.0,0.1,27.35964,24.80416,29.7,26.8,70.3,70.3,0.0,1.8,0.2,8.6
2015-08-20,83.89,Excellent,summer,83.89,Excellent,summer,83.89,Excellent,83.86,81.54,4.0,5.0,4.96,4.0,0.4,26.3262,23.8908,28.1,25.4,75.5,75.5,0.4,1.7,0.8,9.6
2015-08-21,85.52,Excellent,summer,85.52,Excellent,summer,85.52,Excellent,83.71,81.31,4.0,5.0,4.75,4.0,2.15,27.62476,23.88064,29.3,25.2,78.3,78.3,2.5,2.0,4.3,7.1
2015-08-22,89.39,Excellent,summer,89.39,Excellent,summer,89.39,Excellent,86.27,82.08,4.0,5.0,5.0,4.0,3.45,27.23232,23.6276,29.6,25.5,69.8,69.8,0.0,2.5,6.9,6.9
2015-08-23,86.83,Excellent,summer,86.83,Excellent,summer,86.83,Excellent,87.25,85.77,3.5,4.5,5.0,4.0,4.85,28.7054,24.0506,31.7,26.3,65.5,65.5,0.0,1.7,9.7,4.4
2015-08-24,86.22,Excellent,summer,86.22,Excellent,summer,86.22,Excellent,87.48,85.65,4.0,5.0,5.0,3.0,2.65,27.10072,23.73112,30.3,26.3,60.6,60.6,0.0,3.8,5.3,6.8
2015-08-25,83.29,Excellent,summer,83.29,Excellent,summer,83.29,Excellent,85.45,85.27,5.0,4.5,4.45,3.5,0.04999999999999982,23.1312,20.59552,24.5,21.7,76.4,76.4,5.5,3.2,0.0,9.9
2015-08-26,89.9,Excellent,summer,89.9,Excellent,summer,89.9,Excellent,86.47,86.43,5.0,4.5,5.0,3.5,1.8,23.36608,20.39584,25.3,21.9,68.4,68.4,0.0,2.9,3.6,8.5
2015-08-27,91.16,Ideal,summer,91.16,Ideal,summer,91.16,Ideal,88.12,87.47,4.0,5.0,5.0,3.5,5.0,26.887999999999998,22.412679999999998,30.0,24.7,61.1,61.1,0.0,3.1,12.2,1.9
2015-08-28,90.28,Ideal,summer,90.28,Ideal,summer,90.28,Ideal,90.45,88.15,4.5,4.5,4.97,4.0,3.4,25.88456,21.584319999999998,28.1,23.2,69.4,69.4,0.3,1.7,6.8,5.0
2015-08-29,92.06,Ideal,summer,92.06,Ideal,summer,92.06,Ideal,91.17,88.53,4.0,5.0,5.0,4.0,5.0,27.95456,22.430079999999997,30.8,24.4,65.8,65.8,0.0,1.7,10.7,1.3
2015-08-30,89.89,Excellent,summer,89.89,Excellent,summer,89.89,Excellent,90.74,88.97,3.5,5.0,5.0,4.5,5.0,28.1356,22.867639999999998,31.0,24.9,65.9,65.9,0.0,1.6,10.6,1.3
2015-08-31,87.96,Excellent,summer,87.96,Excellent,summer,87.96,Excellent,89.97,89.22,3.5,5.0,5.0,4.0,4.4,28.053919999999998,23.54044,31.2,25.9,62.9,62.9,0.0,1.9,8.8,3.8
2015-09-01,90.47,Ideal,autumn,89.7,Excellent,summer,89.7,Excellent,89.18,90.14,4.0,5.0,5.0,3.5,4.15,27.33832,23.317839999999997,30.7,25.9,59.4,59.4,0.0,3.4,8.3,7.4
2015-09-02,88.64,Excellent,autumn,89.04,Excellent,summer,89.04,Excellent,88.9,90.01,4.5,5.0,4.95,4.0,1.65,25.77424,22.38768,27.7,23.9,72.8,72.8,0.5,2.1,3.3,8.5
2015-09-03,80.83,Excellent,autumn,80.29,Excellent,summer,80.29,Excellent,86.34,88.46,4.0,5.0,3.2,4.0,5.0,26.387279999999997,22.515559999999997,28.2,23.9,75.1,75.1,18.0,2.3,10.2,4.1
2015-09-04,89.24,Excellent,autumn,87.61,Excellent,summer,87.61,Excellent,85.65,88.08,3.5,5.0,5.0,4.0,4.2,28.0918,22.935200000000002,30.7,24.8,68.5,68.5,0.0,2.2,8.4,5.0
2015-09-05,83.1,Excellent,autumn,84.95,Excellent,summer,84.95,Excellent,84.28,87.06,5.0,4.5,4.5,4.0,0.2999999999999998,22.50112,20.93848,23.6,21.9,79.8,79.8,5.0,2.1,0.0,9.4
2015-09-06,90.23,Ideal,autumn,91.49,Ideal,summer,91.49,Ideal,88.02,87.29,5.0,4.5,5.0,3.0,3.25,23.63392,20.267519999999998,26.2,22.2,60.4,60.4,0.0,3.7,6.5,4.8
2015-09-07,93.37,Ideal,autumn,93.23,Ideal,summer,93.23,Ideal,89.89,88.04,4.5,4.5,5.0,4.0,5.0,25.17692,20.22616,28.7,22.6,52.9,52.9,0.0,2.4,12.2,0.5
2015-09-08,90.15,Ideal,autumn,90.43,Ideal,summer,90.43,Ideal,91.72,88.15,4.5,4.0,5.0,3.5,5.0,24.636159999999997,19.83488,28.9,22.7,43.6,43.6,0.0,3.2,12.3,0.0
2015-09-09,90.15,Ideal,autumn,90.43,Ideal,summer,90.43,Ideal,91.36,88.35,4.5,4.0,5.0,3.5,5.0,25.50916,19.56784,30.1,22.4,42.9,42.9,0.0,2.9,12.0,0.4
2015-09-10,93.37,Ideal,autumn,93.23,Ideal,summer,93.23,Ideal,91.36,90.2,4.5,4.5,5.0,4.0,5.0,25.62528,20.530079999999998,28.4,22.4,62.3,62.3,0.0,2.4,11.9,0.9
2015-09-11,83.81,Excellent,autumn,85.71,Excellent,summer,85.71,Excellent,89.79,89.92,5.0,4.0,4.75,4.0,0.9,23.04064,19.9616,24.4,21.0,76.4,76.4,2.5,2.1,1.8,9.3
2015-09-12,84.89,Excellent,autumn,85.82,Excellent,summer,85.82,Excellent,88.25,90.05,4.5,3.5,5.0,4.0,2.9,21.7824,17.74272,24.0,19.2,60.4,60.4,0.0,1.9,5.8,7.9
2015-09-13,92.52,Ideal,autumn,93.5,Ideal,summer,93.5,Ideal,88.34,90.34,5.0,4.0,5.0,3.5,5.0,23.0624,18.32728,26.0,20.2,54.1,54.1,0.0,2.6,11.9,0.5
2015-09-14,94.41,Ideal,autumn,94.13,Ideal,summer,94.13,Ideal,91.15,90.46,4.5,4.5,5.0,4.5,5.0,25.03032,20.21724,27.8,22.1,61.1,61.1,0.0,1.6,10.0,3.6
2015-09-15,93.37,Ideal,autumn,93.23,Ideal,summer,93.23,Ideal,93.62,90.86,4.5,4.5,5.0,4.0,5.0,24.8478,20.1632,28.7,22.8,48.5,48.5,0.0,2.2,11.2,3.8
2015-09-16,93.56,Ideal,autumn,94.4,Ideal,summer,94.4,Ideal,93.92,91.43,5.0,4.0,5.0,4.0,5.0,23.0594,19.0712,26.7,21.6,45.5,45.5,0.0,2.5,11.7,4.8
2015-09-17,92.52,Ideal,autumn,93.5,Ideal,summer,93.46,Ideal,93.71,91.47,5.0,4.0,5.0,3.5,5.0,23.82656,18.95584,27.6,21.4,46.4,46.4,0.0,3.1,11.4,1.5
2015-09-18,91.19,Ideal,autumn,91.33,Ideal,summer,91.32,Ideal,93.08,92.27,4.5,4.0,5.0,4.0,5.0,25.52128,19.61996,29.2,21.9,52.1,52.1,0.0,2.4,10.0,2.5
2015-09-19,93.37,Ideal,autumn,93.23,Ideal,summer,93.24,Ideal,92.69,93.33,4.5,4.5,5.0,4.0,5.0,25.8308,20.24836,29.0,22.3,58.3,58.3,0.0,2.4,11.5,2.6
2015-09-20,88.75,Excellent,autumn,88.18,Excellent,summer,88.26,Excellent,90.91,92.57,4.0,4.5,5.0,4.0,3.85,26.0308,20.599600000000002,28.3,22.1,69.0,69.0,0.0,2.0,7.7,4.5
2015-09-21,92.04,Ideal,autumn,91.06,Ideal,summer,91.24,Ideal,90.82,92.13,4.0,4.5,5.0,4.5,5.0,26.458959999999998,20.68984,29.4,22.6,62.1,62.1,0.0,1.5,10.0,0.4
2015-09-22,91.0,Ideal,autumn,90.16,Ideal,summer,90.34,Ideal,89.8,91.69,4.0,4.5,5.0,4.0,5.0,26.665599999999998,21.031039999999997,31.0,23.9,48.4,48.4,0.0,1.8,11.2,0.5
2015-09-23,85.82,Excellent,autumn,87.61,Excellent,summer,87.16,Excellent,89.61,90.72,5.0,4.0,5.0,4.0,1.05,23.38876,19.9792,26.1,22.0,57.9,57.9,0.0,1.7,2.1,6.6
2015-09-24,91.0,Ideal,autumn,90.16,Ideal,summer,90.4,Ideal,89.31,90.25,4.0,4.5,5.0,4.0,5.0,27.007360000000002,21.063039999999997,30.6,23.4,56.4,56.4,0.0,1.9,10.3,3.0
2015-09-25,90.51,Ideal,autumn,89.73,Excellent,summer,89.98,Excellent,89.17,90.02,4.0,4.5,5.0,4.0,4.75,26.3548,21.068399999999997,29.8,23.4,56.5,56.5,0.0,2.5,9.5,2.9
2015-09-26,93.37,Ideal,autumn,93.23,Ideal,summer,93.28,Ideal,91.04,90.02,4.5,4.5,5.0,4.0,5.0,24.724,20.1432,28.0,22.4,54.5,54.5,0.0,1.8,11.0,1.9
2015-09-27,91.19,Ideal,autumn,91.33,Ideal,summer,91.28,Ideal,91.43,90.47,4.5,4.0,5.0,4.0,5.0,25.00048,19.015439999999998,29.8,21.9,39.4,39.4,0.0,1.9,11.2,0.0
2015-09-28,90.29,Ideal,autumn,91.52,Ideal,summer,90.99,Ideal,92.03,90.53,5.0,4.0,5.0,4.5,2.8,23.87872,18.64576,28.3,21.4,39.6,39.6,0.0,1.6,5.6,5.8
2015-09-29,92.97,Ideal,autumn,93.88,Ideal,summer,93.46,Ideal,92.24,91.07,5.0,4.0,5.0,4.0,4.7,23.58448,19.03144,28.2,22.1,36.6,36.6,0.0,2.3,9.4,3.4
2015-09-30,86.35,Excellent,autumn,86.35,Excellent,autumn,87.21,Excellent,90.58,90.89,5.0,4.0,5.0,3.5,1.85,22.65544,18.82756,26.2,21.3,45.3,45.3,0.0,2.6,3.7,8.9
2015-10-01,52.42,Acceptable,autumn,52.42,Acceptable,autumn,53.4,Acceptable,77.55,85.49,4.0,3.5,1.5,3.0,0.8499999999999996,18.826999999999998,15.733,19.7,16.3,77.5,77.5,35.0,3.6,0.0,8.3
2015-10-02,84.56,Excellent,autumn,84.56,Excellent,autumn,84.56,Excellent,74.44,84.76,4.0,3.5,5.0,3.0,5.0,19.361,15.291,21.5,16.5,53.5,53.5,0.0,3.7,10.5,2.8
2015-10-03,86.93,Excellent,autumn,86.93,Excellent,autumn,87.21,Excellent,74.64,83.86,4.5,3.5,5.0,3.0,5.0,21.5652,17.33792,24.5,19.2,49.4,49.4,0.0,3.8,10.2,4.5
2015-10-04,85.56,Excellent,autumn,85.56,Excellent,autumn,85.51,Excellent,85.68,83.03,4.0,3.5,5.0,4.0,4.45,19.369439999999997,14.986960000000002,22.4,16.6,38.9,38.9,0.0,1.8,8.9,6.3
2015-10-05,91.38,Ideal,autumn,91.38,Ideal,autumn,91.74,Ideal,87.96,83.01,5.0,3.5,5.0,4.0,5.0,22.44256,16.3808,25.6,18.0,49.4,49.4,0.0,1.9,11.0,0.1
2015-10-06,91.38,Ideal,autumn,91.38,Ideal,autumn,91.7,Ideal,89.44,82.65,5.0,3.5,5.0,4.0,5.0,23.529,17.221,26.3,18.7,57.5,57.5,0.0,1.9,10.5,0.0
2015-10-07,91.56,Ideal,autumn,91.56,Ideal,autumn,91.83,Ideal,91.44,83.4,5.0,4.0,5.0,4.5,3.45,23.659,18.352,25.7,19.6,67.5,67.5,0.0,1.4,6.9,4.8
2015-10-08,93.36,Ideal,autumn,93.36,Ideal,autumn,93.55,Ideal,92.1,89.25,5.0,4.0,5.0,4.0,4.9,23.84816,18.52844,26.4,20.1,61.1,61.1,0.0,2.3,9.8,3.9
2015-10-09,84.56,Excellent,autumn,84.56,Excellent,autumn,84.56,Excellent,89.83,89.25,4.0,3.5,5.0,3.0,5.0,18.1396,14.806239999999999,20.5,16.2,43.8,43.8,0.0,3.7,10.8,0.8
2015-10-10,72.05,Very Good,autumn,72.05,Very Good,autumn,72.09,Very Good,83.32,87.12,3.5,3.0,4.65,4.0,1.1,16.361919999999998,12.47408,17.2,12.8,70.9,70.9,3.5,2.2,2.2,8.6
2015-10-11,71.36,Very Good,autumn,71.36,Very Good,autumn,71.41,Very Good,75.99,85.09,3.5,3.0,4.65,4.0,0.75,13.91776,10.71232,14.4,10.8,72.6,72.6,3.5,2.4,1.5,6.8
2015-10-12,81.05,Excellent,autumn,81.05,Excellent,autumn,81.01,Excellent,74.82,83.62,3.5,3.0,5.0,3.5,5.0,16.525399999999998,11.8998,17.9,12.3,56.5,56.5,0.0,2.7,10.6,2.3
2015-10-13,86.64,Excellent,autumn,86.64,Excellent,autumn,86.63,Excellent,79.68,82.94,4.0,3.5,5.0,4.0,5.0,19.781280000000002,14.328,21.3,15.0,66.4,66.4,0.0,2.5,10.1,0.8
2015-10-14,91.64,Ideal,autumn,91.64,Ideal,autumn,91.64,Ideal,86.44,82.95,5.0,3.5,5.0,4.5,4.6,22.4468,16.094640000000002,24.5,17.1,64.6,64.6,0.0,1.6,9.2,0.1
2015-10-15,91.18,Ideal,autumn,91.18,Ideal,autumn,91.18,Ideal,89.82,82.64,5.0,3.5,5.0,4.0,4.9,23.65924,16.70236,26.1,17.9,62.1,62.1,0.0,1.8,9.8,3.1
2015-10-16,89.03,Excellent,autumn,89.03,Excellent,autumn,89.03,Excellent,90.62,83.28,5.0,3.5,5.0,4.0,3.8,22.552799999999998,16.63,24.2,17.5,71.0,71.0,0.0,1.8,7.6,2.4
2015-10-17,89.01,Excellent,autumn,89.01,Excellent,autumn,89.01,Excellent,89.74,85.7,4.5,3.5,5.0,4.0,5.0,24.26272,17.47504,26.6,18.7,64.8,64.8,0.0,1.7,10.2,0.0
2015-10-18,91.44,Ideal,autumn,91.44,Ideal,autumn,91.44,Ideal,89.83,88.57,5.0,3.5,5.0,4.5,4.5,22.217679999999998,16.797159999999998,24.2,17.9,65.1,65.1,0.0,1.3,9.0,0.1
2015-10-19,89.03,Excellent,autumn,89.03,Excellent,autumn,89.03,Excellent,89.83,89.71,5.0,3.5,5.0,4.0,3.8,22.087439999999997,17.043760000000002,23.9,18.1,67.4,67.4,0.0,2.0,7.6,0.5
2015-10-20,89.38,Excellent,autumn,89.38,Excellent,autumn,89.38,Excellent,89.95,90.1,5.0,3.5,5.0,4.5,3.45,23.2578,17.7264,25.1,18.8,69.5,69.5,0.0,1.6,6.9,2.9
2015-10-21,86.82,Excellent,autumn,86.82,Excellent,autumn,86.82,Excellent,88.41,89.41,4.5,3.5,5.0,4.5,3.35,21.302999999999997,17.031,22.7,17.9,72.5,72.5,0.0,1.6,6.7,0.0
2015-10-22,83.72,Excellent,autumn,83.72,Excellent,autumn,83.72,Excellent,86.64,88.35,4.5,3.5,5.0,4.0,2.3,21.25552,16.444,23.1,17.5,64.8,64.8,0.0,2.2,4.6,2.1
2015-10-23,80.86,Excellent,autumn,80.86,Excellent,autumn,80.86,Excellent,83.8,87.18,4.0,3.5,5.0,4.0,2.05,19.990959999999998,16.573,21.4,17.5,69.1,69.1,0.0,2.4,4.1,6.1
2015-10-24,78.77,Very Good,autumn,78.77,Very Good,autumn,78.77,Very Good,81.12,85.72,4.5,3.5,3.95,4.0,3.45,20.2912,15.91744,22.0,16.9,64.4,64.4,10.5,2.5,6.9,4.4
2015-10-25,87.64,Excellent,autumn,87.64,Excellent,autumn,87.64,Excellent,82.42,85.17,4.5,3.5,5.0,4.0,4.3,20.2912,15.0652,22.8,16.3,51.0,51.0,0.0,2.1,8.6,0.9
2015-10-26,75.45,Very Good,autumn,75.45,Very Good,autumn,75.45,Very Good,80.62,83.23,3.5,3.5,4.8,4.0,1.2,17.544639999999998,14.336,18.7,15.0,66.8,66.8,2.0,2.4,2.4,8.5
2015-10-27,59.93,Acceptable,autumn,59.93,Acceptable,autumn,59.93,Acceptable,74.34,79.03,3.5,3.0,2.35,3.5,3.5,15.17548,11.84212,15.9,12.1,69.3,69.3,26.5,3.2,7.0,4.6
2015-10-28,81.8,Excellent,autumn,81.8,Excellent,autumn,81.8,Excellent,72.39,78.31,3.5,3.0,5.0,4.0,4.85,14.616800000000001,9.9204,15.8,9.9,49.0,49.0,0.0,2.5,9.7,0.3
2015-10-29,78.81,Very Good,autumn,78.81,Very Good,autumn,78.81,Very Good,73.51,77.61,3.5,3.0,4.95,4.0,3.5,13.76752,8.71744,14.7,8.4,50.4,50.4,0.5,2.4,7.0,2.0
2015-10-30,76.21,Very Good,autumn,76.21,Very Good,autumn,76.21,Very Good,78.94,76.94,3.0,2.5,5.0,3.5,4.85,10.30688,6.47088,10.4,5.4,41.8,41.8,0.0,2.6,9.7,0.1
2015-10-31,77.25,Very Good,autumn,77.25,Very Good,autumn,77.25,Very Good,77.42,76.73,3.0,2.5,5.0,4.0,4.85,11.771,6.689,12.3,5.7,42.5,42.5,0.0,2.1,9.7,0.0
2015-11-01,73.39,Very Good,autumn,73.39,Very Good,autumn,73.39,Very Good,75.62,74.69,3.0,2.5,5.0,4.5,2.35,12.06336,7.6192,12.6,7.0,48.4,48.4,0.0,1.6,4.7,7.3
2015-11-02,79.8,Very Good,autumn,79.8,Very Good,autumn,79.8,Very Good,76.81,75.31,3.5,3.0,5.0,4.5,3.3,14.3784,10.6736,15.2,10.8,60.5,60.5,0.0,1.6,6.6,4.9
2015-11-03,82.15,Excellent,autumn,82.15,Excellent,autumn,82.15,Excellent,78.45,78.49,3.5,3.0,5.0,4.5,4.5,17.57248,11.56672,18.7,11.8,67.6,67.6,0.0,1.4,9.0,0.0
2015-11-04,84.62,Excellent,autumn,84.62,Excellent,autumn,84.62,Excellent,82.19,78.89,4.0,3.0,5.0,4.5,4.55,18.3104,11.865599999999999,19.8,12.2,62.0,62.0,0.0,1.6,9.1,2.0
2015-11-05,80.23,Excellent,autumn,80.23,Excellent,autumn,80.23,Excellent,82.33,79.09,3.5,3.0,5.0,4.0,4.05,17.87152,12.737919999999999,19.2,13.2,63.9,63.9,0.0,1.7,8.1,2.5
2015-11-06,72.61,Very Good,autumn,72.61,Very Good,autumn,72.61,Very Good,79.15,78.58,3.5,3.0,4.55,3.0,2.8,17.87152,12.9946,19.2,13.5,63.9,63.9,4.5,4.7,5.6,7.1
2015-11-07,49.99,Marginal,autumn,49.99,Marginal,autumn,49.99,Marginal,67.61,74.68,3.0,3.0,2.55,2.5,0.0,11.642199999999999,10.483,11.7,10.5,91.5,91.5,24.5,6.0,0.0,10.0
2015-11-08,60.64,Good,autumn,60.64,Good,autumn,60.64,Good,61.08,72.86,3.0,3.0,3.95,3.0,0.0,11.732320000000001,11.05864,11.8,11.1,90.6,90.6,10.5,5.2,0.0,10.0
2015-11-09,67.72,Good,autumn,67.72,Good,autumn,67.72,Good,59.45,71.14,3.0,3.0,4.65,4.0,0.09999999999999964,11.99584,10.76032,12.1,10.8,87.6,87.6,3.5,2.1,0.0,9.8
2015-11-10,74.84,Very Good,autumn,74.84,Very Good,autumn,74.84,Very Good,67.73,70.09,3.5,3.0,5.0,4.0,1.3,13.22,10.0,13.5,10.0,80.0,80.0,0.0,1.8,2.6,5.9
2015-11-11,80.29,Excellent,autumn,80.29,Excellent,autumn,80.27,Excellent,74.28,69.47,3.5,3.0,5.0,4.5,3.55,16.84992,11.423359999999999,17.7,11.6,72.4,72.4,0.0,1.6,7.1,3.6
2015-11-12,84.52,Excellent,autumn,84.52,Excellent,autumn,84.41,Excellent,79.88,70.09,4.0,3.5,5.0,3.5,4.45,19.394,13.843,21.0,14.5,63.5,63.5,0.0,2.8,8.9,3.1
2015-11-13,52.6,Acceptable,autumn,52.6,Acceptable,autumn,52.73,Acceptable,72.47,67.23,3.0,3.0,2.75,3.0,0.09999999999999964,12.89912,11.4028,13.1,11.5,83.8,83.8,22.5,4.0,0.0,9.8
2015-11-14,71.52,Very Good,autumn,71.52,Very Good,autumn,71.64,Very Good,69.55,70.3,3.5,3.0,4.65,4.5,0.2999999999999998,14.154639999999999,12.769760000000002,14.2,12.8,97.3,97.3,3.5,1.4,0.0,9.4
2015-11-15,79.76,Very Good,autumn,79.76,Very Good,autumn,79.69,Very Good,67.96,73.04,3.5,3.5,5.0,4.0,2.7,16.7536,13.1892,17.2,13.4,84.5,84.5,0.0,1.8,5.4,6.3
2015-11-16,68.16,Good,autumn,68.16,Good,autumn,68.2,Good,73.15,73.1,3.5,3.0,4.45,3.5,0.34999999999999964,13.7616,12.06888,14.0,12.2,85.1,85.1,5.5,2.8,0.0,9.3
2015-11-17,85.46,Excellent,autumn,85.46,Excellent,autumn,85.2,Excellent,77.79,74.62,4.0,3.5,5.0,4.0,4.4,18.16912,13.42576,19.3,13.9,69.6,69.6,0.0,1.8,8.8,4.6
2015-11-18,65.15,Good,autumn,65.15,Good,autumn,65.08,Good,72.92,72.45,3.0,3.0,4.45,3.0,0.5499999999999998,12.29424,10.35296,12.6,10.4,70.6,70.6,5.5,5.1,0.0,8.9
2015-11-19,71.23,Very Good,autumn,71.23,Very Good,autumn,71.1,Very Good,73.95,70.55,3.0,3.0,5.0,3.5,1.2000000000000002,10.71296,9.019680000000001,10.8,8.9,72.8,72.8,0.0,2.6,0.0,7.6
2015-11-20,78.52,Very Good,autumn,78.52,Very Good,autumn,78.47,Very Good,71.63,74.26,3.5,3.0,5.0,4.5,2.65,13.91776,9.82192,14.4,9.8,72.6,72.6,0.0,1.5,5.3,5.8
2015-11-21,80.33,Excellent,autumn,80.33,Excellent,autumn,79.9,Very Good,76.69,75.52,3.5,3.0,5.0,4.0,4.1,14.44744,9.34112,15.4,9.2,55.9,55.9,0.0,1.8,8.2,2.1
2015-11-22,73.03,Very Good,autumn,73.03,Very Good,autumn,73.04,Very Good,77.29,74.55,3.5,3.0,4.65,4.0,1.6,14.9362,10.1732,15.7,10.2,66.5,66.5,3.5,2.4,3.2,8.1
2015-11-23,64.91,Good,autumn,64.91,Good,autumn,65.09,Good,72.76,74.09,3.0,3.0,4.35,3.5,0.25,10.9236,8.6146,11.0,8.5,80.9,80.9,6.5,3.3,0.0,9.5
2015-11-24,68.02,Good,autumn,67.56,Good,winter,67.79,Good,68.5,71.53,3.0,2.5,4.95,3.5,0.8499999999999996,8.9464,6.1368,8.8,5.6,69.5,69.5,0.5,3.1,0.0,8.3
2015-11-25,55.0,Acceptable,autumn,55.4,Acceptable,winter,55.21,Acceptable,62.62,70.14,2.5,2.0,3.9,3.5,0.2,5.54816,2.8012799999999998,5.3,2.4,86.8,86.8,11.0,2.7,0.4,9.4
2015-11-26,58.81,Acceptable,autumn,57.57,Acceptable,winter,58.1,Acceptable,60.18,68.19,2.0,1.5,5.0,3.0,1.15,2.21768,-0.8610400000000002,0.9,-2.7,63.8,63.8,0.0,3.7,2.3,7.0
2015-11-27,62.7,Good,autumn,61.38,Good,winter,61.9,Good,58.12,65.74,2.0,1.5,5.0,3.5,2.6,3.3088,-0.7059199999999994,2.0,-2.8,59.1,59.1,0.0,2.6,5.2,4.4
2015-11-28,63.1,Good,autumn,62.9,Good,winter,62.97,Good,60.62,63.25,2.0,2.0,4.99,4.0,1.2000000000000002,3.4643200000000003,1.2563200000000003,2.6,0.1,70.8,70.8,0.1,2.1,0.0,7.6
2015-11-29,60.29,Good,autumn,60.15,Good,winter,60.19,Good,61.48,61.41,2.5,2.0,4.7,3.5,0.09999999999999964,4.19524,2.863,3.9,2.5,87.9,87.9,3.0,3.3,0.0,9.8
2015-11-30,76.07,Very Good,autumn,74.83,Very Good,winter,75.19,Very Good,65.96,62.83,3.0,2.5,5.0,4.0,4.25,8.6854,4.8292399999999995,8.5,4.1,69.1,69.1,0.0,2.0,8.5,2.5
2015-12-01,75.32,Very Good,winter,75.32,Very Good,winter,75.66,Very Good,70.1,63.94,3.0,2.5,5.0,4.0,4.55,10.33248,5.0128,10.4,4.0,57.8,57.8,0.0,1.9,9.1,1.5
2015-12-02,58.61,Acceptable,winter,58.61,Acceptable,winter,58.46,Acceptable,69.59,64.39,3.0,2.5,3.65,3.5,0.25,8.6716,6.4576,8.5,6.0,71.4,71.4,13.5,3.2,0.5,7.8
2015-12-03,54.79,Acceptable,winter,54.79,Acceptable,winter,54.86,Acceptable,62.91,64.0,2.0,2.0,4.29,3.0,0.65,3.85476,0.18596000000000046,3.3,-0.7,79.3,79.3,7.1,4.1,1.3,8.3
2015-12-04,67.42,Good,winter,67.42,Good,winter,67.63,Good,60.27,64.86,2.5,2.0,5.0,3.5,3.45,4.09636,1.10176,3.1,-0.4,63.9,63.9,0.0,2.8,6.9,3.4
2015-12-05,70.54,Very Good,winter,70.54,Very Good,winter,70.69,Very Good,64.25,65.95,2.5,2.5,5.0,3.5,3.9,7.74432,4.68304,7.2,3.4,51.4,51.4,0.0,3.1,7.8,6.3
2015-12-06,73.09,Very Good,winter,73.09,Very Good,winter,73.16,Very Good,70.35,67.8,3.0,2.0,5.0,4.5,3.75,8.27168,3.16528,7.8,1.3,46.4,46.4,0.0,1.2,7.5,5.0
2015-12-07,70.42,Very Good,winter,70.42,Very Good,winter,70.47,Very Good,71.35,67.17,2.5,2.0,5.0,4.0,4.4,7.34548,3.4843599999999997,6.7,1.9,51.1,51.1,0.0,1.8,8.8,1.9
2015-12-08,76.7,Very Good,winter,76.7,Very Good,winter,76.7,Very Good,73.4,67.37,3.0,2.5,5.0,4.5,4.5,9.67056,4.15244,9.6,2.9,55.9,55.9,0.0,1.3,9.0,0.0
2015-12-09,73.78,Very Good,winter,73.78,Very Good,winter,73.78,Very Good,73.63,69.53,3.0,2.5,5.0,4.0,3.6,10.746640000000001,5.852,10.9,5.0,57.4,57.4,0.0,2.3,7.2,5.3
2015-12-10,71.13,Very Good,winter,71.13,Very Good,winter,71.13,Very Good,73.87,71.87,3.0,3.0,4.97,4.0,0.5999999999999996,9.28064,8.02176,9.2,7.8,74.8,74.8,0.3,2.3,0.0,8.8
2015-12-11,72.73,Very Good,winter,72.73,Very Good,winter,72.73,Very Good,72.55,72.63,3.0,2.5,5.0,3.5,3.85,11.8172,7.026400000000001,12.2,6.4,56.5,56.5,0.0,3.4,7.7,2.0
2015-12-12,73.7,Very Good,winter,73.7,Very Good,winter,73.7,Very Good,72.52,73.08,3.0,2.5,5.0,3.5,4.45,10.8004,6.15808,11.0,5.2,50.1,50.1,0.0,2.6,8.9,1.3
2015-12-13,76.62,Very Good,winter,76.62,Very Good,winter,76.62,Very Good,74.35,73.58,3.0,2.5,5.0,4.5,4.45,11.7644,6.1504,12.2,5.2,50.5,50.5,0.0,1.4,8.9,1.6
2015-12-14,64.31,Good,winter,64.31,Good,winter,64.31,Good,71.54,72.71,2.5,2.5,4.75,4.0,0.09999999999999964,6.75136,5.488,6.4,5.0,75.6,75.6,2.5,2.2,0.0,9.8
2015-12-15,69.02,Good,winter,69.02,Good,winter,69.02,Good,69.98,71.61,3.0,2.5,4.99,3.5,1.6,8.41744,5.3402400000000005,8.2,4.7,69.8,69.8,0.1,2.8,3.2,8.0
2015-12-16,67.09,Good,winter,67.09,Good,winter,67.09,Good,66.81,70.66,2.5,2.0,5.0,3.0,4.15,4.21408,1.1604,2.8,-1.0,50.9,50.9,0.0,3.9,8.3,2.0
2015-12-17,64.54,Good,winter,64.54,Good,winter,64.54,Good,66.88,69.72,2.0,1.5,5.0,3.5,4.55,1.9545600000000003,-1.2945599999999993,-0.4,-4.6,43.4,43.4,0.0,2.7,9.1,0.0
2015-12-18,61.63,Good,winter,61.63,Good,winter,61.63,Good,64.42,68.13,2.0,1.5,5.0,4.0,1.85,0.6764000000000001,-1.2730799999999998,-1.0,-3.3,61.9,61.9,0.0,2.2,0.0,6.3
2015-12-19,70.42,Very Good,winter,70.42,Very Good,winter,70.42,Very Good,65.53,67.66,2.5,2.0,5.0,4.0,4.4,7.2313600000000005,1.2614800000000002,6.8,-0.1,66.3,66.3,0.0,1.7,8.8,0.5
2015-12-20,67.67,Good,winter,67.67,Good,winter,67.67,Good,66.57,66.38,2.5,2.0,5.0,4.5,1.8,6.6896,2.9654000000000003,6.0,1.5,56.9,56.9,0.0,1.5,3.6,7.0
2015-12-21,64.01,Good,winter,64.01,Good,winter,64.01,Good,67.37,66.34,2.5,2.0,4.8,4.0,1.2,5.48,2.9488000000000003,5.0,2.2,76.0,76.0,2.0,2.5,2.4,5.8
2015-12-22,69.04,Good,winter,69.04,Good,winter,69.04,Good,66.91,66.34,2.5,2.0,5.0,4.0,3.55,7.99532,3.98596,7.7,3.1,67.9,67.9,0.0,2.4,7.1,3.8
2015-12-23,72.48,Very Good,winter,72.48,Very Good,winter,72.48,Very Good,68.51,67.11,3.0,2.5,4.96,4.0,2.95,10.50304,6.56256,10.6,5.9,59.6,59.6,0.4,2.1,5.9,4.5
2015-12-24,67.1,Good,winter,67.1,Good,winter,67.1,Good,69.54,67.48,2.5,2.0,5.0,4.0,2.35,5.911,2.605,5.3,1.5,67.5,67.5,0.0,2.3,4.7,4.5
2015-12-25,70.66,Very Good,winter,70.66,Very Good,winter,70.66,Very Good,70.08,68.77,2.5,2.0,5.0,4.0,4.55,5.053240000000001,1.51984,3.7,-0.8,46.3,46.3,0.0,2.0,9.1,2.3
2015-12-26,67.32,Good,winter,67.32,Good,winter,67.32,Good,68.36,68.33,2.5,2.0,4.93,4.0,2.75,5.26604,1.87188,4.7,0.9,73.3,73.3,0.7,2.4,0.0,4.5
2015-12-27,64.62,Good,winter,64.62,Good,winter,64.62,Good,67.53,67.89,2.0,1.5,5.0,3.5,4.6,1.6840000000000002,-1.8692000000000002,-1.0,-5.7,39.0,39.0,0.0,2.9,9.2,0.0
2015-12-28,66.08,Good,winter,66.08,Good,winter,66.08,Good,66.01,68.19,2.0,1.5,5.0,4.0,4.6,1.7104000000000004,-1.8315200000000003,-1.0,-5.7,38.4,38.4,0.0,2.3,9.2,0.0
2015-12-29,68.52,Good,winter,68.52,Good,winter,68.52,Good,66.41,68.11,2.5,1.5,5.0,4.5,3.8,4.38816,-0.4332799999999999,2.9,-3.2,47.6,47.6,0.0,1.4,7.6,3.8
2015-12-30,64.27,Good,winter,64.27,Good,winter,64.27,Good,66.29,66.94,2.5,2.0,4.75,4.0,1.55,5.03872,1.5571200000000003,4.3,0.3,67.6,67.6,2.5,2.5,3.1,6.9
2015-12-31,64.83,Good,winter,64.83,Good,winter,64.83,Good,65.87,66.61,2.0,2.0,5.0,4.5,1.45,3.33856,1.3956400000000002,2.8,0.7,81.3,81.3,0.0,1.5,2.9,5.0
2016-01-01,66.45,Good,winter,66.45,Good,winter,66.45,Good,65.18,66.01,2.5,2.0,5.0,4.5,1.05,4.648,2.1504000000000003,4.0,1.2,73.0,73.0,0.0,1.6,2.1,7.0
2016-01-02,70.87,Very Good,winter,70.87,Very Good,winter,70.87,Very Good,67.38,66.52,3.0,2.5,5.0,4.0,1.8,9.5462,6.09732,9.5,5.7,76.9,76.9,0.0,2.0,3.6,7.8
2016-01-03,69.73,Good,winter,69.73,Good,winter,69.73,Good,69.02,67.25,3.0,2.5,5.0,4.0,1.1,9.44656,6.7716,9.4,6.5,80.6,80.6,0.0,1.8,2.2,7.5
2016-01-04,68.8,Good,winter,68.8,Good,winter,68.8,Good,69.8,67.64,2.5,2.0,5.0,3.5,4.3,6.15728,3.4592,5.3,2.0,54.4,54.4,0.0,3.1,8.6,4.4
2016-01-05,67.42,Good,winter,67.42,Good,winter,67.42,Good,68.65,67.48,2.0,2.0,5.0,4.0,3.95,3.5604000000000005,0.37848000000000015,1.5,-2.7,39.4,39.4,0.0,2.3,7.9,3.4
2016-01-06,62.8,Good,winter,62.8,Good,winter,62.8,Good,66.34,67.27,2.0,2.0,5.0,4.0,1.1,3.2172400000000003,0.43876000000000004,1.7,-1.7,54.3,54.3,0.0,1.8,2.2,6.0
2016-01-07,66.0,Good,winter,66.0,Good,winter,66.0,Good,65.41,67.44,2.0,1.5,5.0,4.0,4.55,3.05808,-0.8164799999999999,1.4,-3.4,51.8,51.8,0.0,2.5,9.1,0.3
2016-01-08,66.08,Good,winter,66.08,Good,winter,66.08,Good,64.96,67.39,2.0,1.5,5.0,4.0,4.6,2.8072,-0.6293599999999997,1.0,-3.3,49.8,49.8,0.0,2.0,9.2,0.5
2016-01-09,65.11,Good,winter,65.11,Good,winter,65.11,Good,65.73,66.56,2.0,1.5,5.0,4.0,4.0,3.70416,-0.023640000000000327,2.4,-2.1,57.1,57.1,0.0,2.1,8.0,4.1
2016-01-10,68.23,Good,winter,68.23,Good,winter,68.23,Good,66.47,66.35,2.5,2.0,5.0,3.5,3.95,5.23096,2.5387599999999995,3.8,0.3,42.3,42.3,0.0,2.6,7.9,2.6
2016-01-11,64.54,Good,winter,64.54,Good,winter,64.54,Good,65.96,65.74,2.0,1.5,5.0,3.5,4.55,3.14588,-0.3941599999999994,0.9,-3.8,38.3,38.3,0.0,2.8,9.1,1.1
2016-01-12,66.0,Good,winter,66.0,Good,winter,66.0,Good,66.26,65.54,2.0,1.5,5.0,4.0,4.55,2.7088,-1.9167999999999998,0.7,-5.2,46.0,46.0,0.0,2.5,9.1,0.5
2016-01-13,63.08,Good,winter,63.08,Good,winter,63.08,Good,64.54,65.58,2.0,1.5,4.96,4.0,2.9,1.5652000000000001,-2.3539999999999996,0.1,-4.5,63.0,63.0,0.4,2.0,5.8,5.5
2016-01-14,64.87,Good,winter,64.87,Good,winter,64.87,Good,64.65,65.42,2.0,1.5,5.0,4.0,3.85,2.96692,-0.83256,1.3,-3.4,52.1,52.1,0.0,1.7,7.7,4.0
2016-01-15,68.23,Good,winter,68.23,Good,winter,68.23,Good,65.39,65.72,2.5,2.0,5.0,4.0,3.05,6.196759999999999,1.58432,5.3,-0.4,52.3,52.3,0.0,1.8,6.1,3.1
2016-01-16,60.31,Good,winter,60.31,Good,winter,60.31,Good,64.47,65.04,2.0,2.0,4.99,3.5,0.5,3.7215999999999996,1.1056,2.8,-0.2,68.0,68.0,0.1,2.9,1.0,7.1
2016-01-17,66.04,Good,winter,66.04,Good,winter,66.04,Good,64.86,64.72,2.5,2.0,5.0,4.0,1.7000000000000002,6.0624,2.8952,5.4,1.7,64.0,64.0,0.0,2.4,0.0,6.6
2016-01-18,61.91,Good,winter,61.91,Good,winter,61.91,Good,62.75,64.35,2.0,1.5,4.98,3.0,3.9,1.94368,-3.6789599999999996,0.4,-6.3,59.8,59.8,0.2,4.8,7.8,6.0
2016-01-19,56.31,Acceptable,winter,56.31,Acceptable,winter,56.31,Acceptable,61.42,62.96,1.0,1.0,5.0,3.0,4.65,-4.81004,-7.86608,-8.9,-12.8,45.9,45.9,0.0,5.4,9.3,0.5
2016-01-20,61.26,Good,winter,61.26,Good,winter,61.26,Good,59.83,62.7,1.5,1.0,5.0,4.0,4.5,-1.77088,-5.875199999999999,-5.2,-10.5,43.6,43.6,0.0,1.8,9.0,1.9
2016-01-21,63.9,Good,winter,63.9,Good,winter,63.9,Good,60.49,62.57,2.0,1.5,5.0,4.0,3.25,0.44044000000000105,-3.290119999999999,-2.3,-7.1,44.3,44.3,0.0,1.8,6.5,3.9
2016-01-22,59.92,Acceptable,winter,59.92,Acceptable,winter,59.92,Acceptable,61.69,61.38,1.5,1.5,5.0,3.5,3.1,-0.5155999999999996,-3.411199999999999,-3.8,-7.6,40.5,40.5,0.0,2.6,6.2,5.4
2016-01-23,55.5,Acceptable,winter,55.5,Acceptable,winter,55.5,Acceptable,59.77,60.69,1.0,1.0,5.0,3.0,4.15,-4.0544,-6.512,-8.3,-11.5,42.0,42.0,0.0,4.0,8.3,3.5
2016-01-24,52.99,Acceptable,winter,52.99,Acceptable,winter,52.99,Acceptable,56.14,58.83,1.0,0.0,5.0,3.5,4.65,-6.276999999999999,-9.3736,-10.5,-14.4,48.5,48.5,0.0,3.2,9.3,0.0
2016-01-25,61.66,Good,winter,61.66,Good,winter,61.66,Good,56.72,58.79,1.5,1.0,5.0,4.0,4.75,-0.5645600000000002,-5.294960000000001,-3.4,-9.4,47.1,47.1,0.0,1.9,9.5,0.9
2016-01-26,62.09,Good,winter,62.09,Good,winter,62.09,Good,58.91,59.62,2.0,1.5,4.97,4.0,2.25,2.8786,-1.4113999999999998,1.7,-3.3,64.5,64.5,0.3,2.3,4.5,6.1
2016-01-27,70.9,Very Good,winter,70.9,Very Good,winter,70.9,Very Good,64.88,60.99,2.5,2.0,5.0,4.0,4.7,5.29636,0.8402800000000004,4.3,-1.1,56.3,56.3,0.0,2.0,9.4,2.4
2016-01-28,66.69,Good,winter,66.69,Good,winter,66.69,Good,66.56,61.39,2.5,2.0,5.0,4.5,1.2,4.761,1.537,3.5,-0.5,51.5,51.5,0.0,1.6,2.4,6.5
2016-01-29,63.37,Good,winter,63.37,Good,winter,63.37,Good,66.99,61.89,2.5,2.0,5.0,4.0,0.05,6.437760000000001,3.72736,5.4,1.9,43.6,43.6,0.0,2.3,0.1,7.5
2016-01-30,68.39,Good,winter,68.39,Good,winter,68.39,Good,66.15,63.73,2.5,2.0,5.0,4.0,3.15,5.977600000000001,2.1228000000000002,5.2,0.6,59.5,59.5,0.0,2.0,6.3,4.5
2016-01-31,63.57,Good,winter,63.57,Good,winter,63.57,Good,65.11,65.24,2.0,1.5,5.0,3.5,3.95,2.8607999999999993,-0.23039999999999994,0.3,-3.9,34.0,34.0,0.0,3.2,7.9,3.1
2016-02-01,64.95,Good,winter,64.95,Good,winter,64.95,Good,65.64,65.71,2.0,1.5,5.0,3.5,4.8,1.8160000000000003,-1.904,-1.0,-6.0,36.0,36.0,0.0,3.0,9.6,0.4
2016-02-02,66.57,Good,winter,66.57,Good,winter,66.57,Good,65.03,66.35,2.0,1.5,5.0,4.0,4.9,3.0184800000000003,-1.7381599999999988,0.9,-5.3,41.8,41.8,0.0,2.2,9.8,0.0
2016-02-03,69.36,Good,winter,69.36,Good,winter,69.36,Good,66.96,66.13,2.5,2.0,5.0,4.0,3.75,5.2096,0.09984000000000037,4.0,-2.4,49.6,49.6,0.0,1.9,7.5,1.8
2016-02-04,69.69,Good,winter,69.69,Good,winter,69.69,Good,68.54,66.56,2.5,2.0,5.0,4.0,3.95,5.11756,1.43572,3.9,-0.7,50.1,50.1,0.0,2.4,7.9,2.9
2016-02-05,70.5,Very Good,winter,70.5,Very Good,winter,70.5,Very Good,69.85,67.58,2.5,2.0,5.0,4.0,4.45,4.999840000000001,0.7572800000000002,3.4,-2.2,39.4,39.4,0.0,2.5,8.9,1.6
2016-02-06,67.5,Good,winter,67.5,Good,winter,67.5,Good,69.23,67.45,2.0,2.0,5.0,3.5,4.9,3.9648000000000003,0.11736000000000013,2.0,-3.1,38.6,38.6,0.0,2.9,9.8,0.0
2016-02-07,68.84,Good,winter,68.84,Good,winter,68.84,Good,68.95,68.2,2.5,1.5,5.0,4.0,4.9,4.891,-0.1394000000000002,3.5,-2.9,46.5,46.5,0.0,2.0,9.8,1.0
2016-02-08,64.1,Good,winter,64.1,Good,winter,64.1,Good,66.81,68.08,2.5,2.0,5.0,3.5,1.4,6.1822,2.61892,5.5,1.3,62.1,62.1,0.0,3.1,2.8,6.9
2016-02-09,69.53,Good,winter,69.53,Good,winter,69.53,Good,67.49,68.5,2.5,2.0,5.0,3.5,4.75,6.355,2.143,5.5,0.3,52.5,52.5,0.0,3.0,9.5,0.5
2016-02-10,77.35,Very Good,winter,77.35,Very Good,winter,77.35,Very Good,70.33,69.64,3.0,2.5,5.0,4.5,4.9,10.5278,4.4958,10.7,2.7,38.5,38.5,0.0,1.6,9.8,0.0
2016-02-11,71.08,Very Good,winter,71.08,Very Good,winter,71.08,Very Good,72.65,69.84,3.0,3.0,4.99,3.0,2.3,12.5102,8.637319999999999,13.5,8.1,29.3,29.3,0.1,3.5,4.6,6.0
2016-02-12,57.83,Acceptable,winter,57.83,Acceptable,winter,57.83,Acceptable,68.75,68.03,3.0,3.0,3.2,3.5,0.0,10.0,8.43008,10.0,8.4,95.3,95.3,18.0,3.2,0.0,10.0
2016-02-13,58.34,Acceptable,winter,58.34,Acceptable,winter,58.34,Acceptable,62.42,66.72,3.5,3.0,2.9,3.5,0.04999999999999982,14.312,10.98,14.4,11.0,95.0,95.0,21.0,3.3,0.0,9.9
2016-02-14,56.53,Acceptable,winter,56.53,Acceptable,winter,56.53,Acceptable,57.57,64.97,2.5,1.5,4.75,3.0,0.05,6.25192,-1.24424,5.8,-2.6,73.1,73.1,2.5,4.6,0.1,7.8
2016-02-15,63.65,Good,winter,63.65,Good,winter,63.65,Good,59.51,64.9,2.0,1.5,5.0,3.0,4.9,0.2387200000000007,-2.53888,-2.3,-5.8,48.4,48.4,0.0,4.0,9.8,1.5
2016-02-16,59.27,Acceptable,winter,59.27,Acceptable,winter,59.27,Acceptable,59.82,63.44,2.0,1.5,4.92,3.5,1.6,2.3246400000000005,-0.9524799999999998,1.1,-2.7,65.6,65.6,0.8,2.7,3.2,3.8
2016-02-17,71.39,Very Good,winter,71.39,Very Good,winter,71.39,Very Good,64.77,62.58,2.5,2.0,5.0,4.0,5.0,6.24824,1.8439999999999999,5.4,0.0,53.9,53.9,0.0,2.3,10.0,0.3
2016-02-18,71.27,Very Good,winter,71.27,Very Good,winter,71.27,Very Good,67.31,62.61,3.0,2.5,5.0,3.5,2.95,8.09568,4.3736,7.8,3.5,66.4,66.4,0.0,3.2,5.9,5.4
2016-02-19,63.7,Good,winter,63.7,Good,winter,63.7,Good,68.79,63.45,2.5,2.0,5.0,4.0,0.25,5.37664,3.64288,4.4,2.3,56.4,56.4,0.0,1.7,0.5,6.8
2016-02-20,69.44,Good,winter,69.44,Good,winter,69.44,Good,68.14,65.04,2.5,2.0,5.0,3.5,4.7,7.23092,3.4889200000000002,6.3,1.3,37.1,37.1,0.0,2.9,9.4,1.9
2016-02-21,69.93,Good,winter,69.93,Good,winter,69.93,Good,67.69,66.95,2.5,2.0,5.0,3.5,5.0,5.8246400000000005,2.0966400000000003,4.4,-0.6,36.4,36.4,0.0,2.9,10.0,3.0
2016-02-22,63.7,Good,winter,63.7,Good,winter,63.7,Good,67.69,66.96,2.5,2.0,5.0,4.0,0.25,5.67088,3.3570400000000005,4.2,1.1,36.6,36.6,0.0,1.9,0.0,9.5
2016-02-23,68.65,Good,winter,68.65,Good,winter,68.65,Good,67.43,68.3,2.5,2.0,4.91,3.5,4.55,5.468,2.3368,4.5,0.7,56.0,56.0,0.9,3.2,9.1,4.3
2016-02-24,69.93,Good,winter,69.93,Good,winter,69.93,Good,67.43,68.09,2.5,2.0,5.0,3.5,5.0,4.009600000000001,0.01600000000000046,2.2,-3.0,42.0,42.0,0.0,2.9,10.3,0.3
2016-02-25,69.93,Good,winter,69.93,Good,winter,69.93,Good,69.5,67.9,2.5,2.0,5.0,3.5,5.0,6.56172,1.8440800000000002,5.7,-0.2,49.9,49.9,0.0,2.7,10.1,2.4
2016-02-26,76.05,Very Good,winter,76.05,Very Good,winter,76.05,Very Good,71.97,69.66,3.0,2.5,5.0,4.0,5.0,8.087,4.03144,7.5,2.2,41.3,41.3,0.0,2.2,10.4,3.0
2016-02-27,72.93,Very Good,winter,72.93,Very Good,winter,72.93,Very Good,72.97,70.16,3.0,2.5,4.98,4.0,3.15,8.42224,4.43632,8.1,3.3,57.6,57.6,0.2,2.0,6.3,6.6
2016-02-28,61.99,Good,winter,61.99,Good,winter,61.99,Good,70.32,69.03,2.5,2.0,4.59,4.0,0.75,7.3278,1.9834,6.9,0.7,65.5,65.5,4.1,2.1,1.5,6.1
2016-02-29,62.68,Good,winter,62.68,Good,winter,62.68,Good,65.87,68.88,2.0,1.5,5.0,3.0,4.3,1.18216,-0.9627199999999996,-1.1,-3.8,48.6,48.6,0.0,4.0,8.6,2.5
2016-03-01,67.59,Good,spring,66.16,Good,winter,66.16,Good,63.61,68.52,2.0,1.5,5.0,4.0,4.65,3.76532,-0.02283999999999997,2.1,-2.7,47.3,47.3,0.0,2.5,9.3,1.5
2016-03-02,68.93,Good,spring,68.47,Good,winter,68.49,Good,65.77,68.32,3.0,2.0,5.0,3.5,2.7,8.34396,3.98596,8.1,3.1,67.9,67.9,0.0,2.9,5.4,6.4
2016-03-03,76.68,Very Good,spring,76.98,Very Good,winter,76.96,Very Good,70.54,69.32,3.5,3.0,5.0,4.0,2.7,13.35556,8.36524,13.9,8.1,65.1,65.1,0.0,1.9,5.4,5.6
2016-03-04,82.9,Excellent,spring,81.3,Excellent,winter,81.47,Excellent,75.58,70.07,4.0,3.0,4.99,3.5,4.9,18.45836,12.627839999999999,20.3,13.2,55.3,55.3,0.1,2.7,9.8,5.3
2016-03-05,45.12,Marginal,spring,46.75,Marginal,winter,46.52,Marginal,68.34,66.33,3.5,3.0,1.0,3.5,0.09999999999999964,13.3782,11.254760000000001,13.5,11.3,91.3,91.3,40.0,2.6,0.0,9.8
2016-03-06,76.54,Very Good,spring,75.89,Very Good,winter,76.0,Very Good,67.98,68.32,3.0,3.0,4.98,3.5,4.4,12.3316,8.3116,12.9,7.9,51.0,51.0,0.2,2.8,8.8,2.4
2016-03-07,68.85,Good,spring,70.99,Very Good,winter,70.53,Very Good,64.54,69.51,3.0,3.0,5.0,4.0,0.4,11.64472,8.579559999999999,12.2,8.1,36.9,36.9,0.0,2.0,0.8,8.0
2016-03-08,64.4,Good,spring,65.84,Good,winter,65.48,Good,70.91,69.46,2.5,2.5,5.0,3.5,1.0,7.7152,4.440320000000001,7.0,2.7,40.4,40.4,0.0,3.1,2.0,8.5
2016-03-09,70.17,Very Good,spring,68.39,Good,winter,68.9,Good,68.41,69.45,2.5,2.0,5.0,3.0,4.95,6.475,2.7249999999999996,5.3,0.3,37.5,37.5,0.0,3.5,9.9,4.4
2016-03-10,71.59,Very Good,spring,69.93,Good,winter,70.46,Very Good,68.05,68.44,2.5,2.0,5.0,3.5,5.0,4.81672,1.6616800000000005,3.1,-1.1,37.8,37.8,0.0,3.2,10.9,1.3
2016-03-11,71.59,Very Good,spring,69.93,Good,winter,70.52,Very Good,69.42,66.82,2.5,2.0,5.0,3.5,5.0,5.8139199999999995,1.8604000000000003,4.6,-0.5,43.8,43.8,0.0,2.6,11.2,0.0
2016-03-12,68.11,Good,spring,67.99,Good,winter,68.04,Good,69.28,69.85,2.5,2.0,5.0,4.0,2.9,7.03936,3.4208,6.4,2.0,55.6,55.6,0.0,2.5,5.8,5.4
2016-03-13,65.36,Good,spring,67.56,Good,winter,66.62,Good,68.49,68.66,2.5,2.5,4.99,4.5,0.3,6.9466,4.5038800000000005,6.5,3.7,68.1,68.1,0.1,1.6,0.6,7.8
2016-03-14,75.19,Very Good,spring,73.94,Very Good,winter,74.52,Very Good,69.83,69.08,3.0,2.5,5.0,3.5,4.6,9.6688,5.6116,9.6,4.7,57.0,57.0,0.0,2.6,9.2,3.5
2016-03-15,76.16,Very Good,spring,76.16,Very Good,spring,75.66,Very Good,72.55,70.56,3.0,2.5,5.0,4.0,4.45,11.85664,6.286720000000001,12.4,5.2,43.4,43.4,0.0,2.2,8.9,3.8
2016-03-16,79.34,Very Good,spring,79.34,Very Good,spring,78.92,Very Good,76.48,72.12,3.0,3.0,5.0,4.0,5.0,12.965520000000001,8.049,13.8,7.5,45.1,45.1,0.0,2.0,10.1,2.4
2016-03-17,79.13,Very Good,spring,79.13,Very Good,spring,79.18,Very Good,78.21,73.44,3.5,3.0,5.0,4.5,3.2,13.58892,9.465480000000001,14.7,9.3,40.9,40.9,0.0,1.4,6.4,6.1
2016-03-18,80.74,Excellent,spring,80.74,Excellent,spring,80.57,Excellent,79.74,74.98,4.0,3.0,5.0,4.0,3.35,18.080000000000002,12.72,20.1,13.4,50.0,50.0,0.0,2.4,6.7,4.4
2016-03-19,81.92,Excellent,spring,81.92,Excellent,spring,81.49,Excellent,80.6,76.97,3.5,3.0,5.0,4.0,5.0,16.748920000000002,11.16648,18.1,11.4,58.3,58.3,0.0,2.5,10.6,0.0
2016-03-20,81.92,Excellent,spring,81.92,Excellent,spring,81.53,Excellent,81.53,79.02,3.5,3.0,5.0,4.0,5.0,16.12,10.4896,17.5,10.6,54.0,54.0,0.0,2.2,10.4,0.5
2016-03-21,81.92,Excellent,spring,81.92,Excellent,spring,81.57,Excellent,81.92,80.16,3.5,3.0,5.0,4.0,5.0,14.98004,9.91836,16.1,9.9,54.1,54.1,0.0,2.2,10.8,0.1
2016-03-22,81.92,Excellent,spring,81.92,Excellent,spring,81.62,Excellent,81.92,80.98,3.5,3.0,5.0,4.0,5.0,13.163120000000001,8.3352,13.8,8.0,58.1,58.1,0.0,2.5,10.2,3.9
2016-03-23,80.61,Excellent,spring,80.61,Excellent,spring,80.32,Excellent,81.48,81.17,3.5,3.0,5.0,3.5,5.0,13.03392,8.56288,13.8,8.2,49.6,49.6,0.0,2.9,10.4,3.1
2016-03-24,77.41,Very Good,spring,77.41,Very Good,spring,77.17,Very Good,79.98,80.92,3.0,2.5,5.0,4.0,5.0,12.014199999999999,7.9112,12.7,7.2,36.5,36.5,0.0,2.4,11.6,0.4
2016-03-25,77.41,Very Good,spring,77.41,Very Good,spring,77.22,Very Good,78.48,80.44,3.0,2.5,5.0,4.0,5.0,12.01656,7.75076,12.6,7.1,43.9,43.9,0.0,2.2,10.7,1.0
2016-03-26,76.5,Very Good,spring,76.5,Very Good,spring,76.38,Very Good,77.11,79.67,3.0,2.5,5.0,4.0,4.6,12.1268,7.1370000000000005,12.6,6.5,54.5,54.5,0.0,2.2,9.2,0.5
2016-03-27,76.1,Very Good,spring,76.1,Very Good,spring,75.99,Very Good,76.67,78.84,3.0,2.5,5.0,3.5,5.0,12.54944,7.69728,13.1,7.2,55.6,55.6,0.0,2.6,11.1,0.0
2016-03-28,81.92,Excellent,spring,81.92,Excellent,spring,81.88,Excellent,78.17,78.84,3.5,3.0,5.0,4.0,5.0,15.854879999999998,9.84176,17.4,9.8,47.8,47.8,0.0,2.0,11.3,0.3
2016-03-29,75.88,Very Good,spring,75.88,Very Good,spring,75.88,Very Good,77.97,77.98,3.5,3.0,4.99,3.5,2.95,15.901520000000001,11.08056,17.1,11.3,57.8,57.8,0.1,3.2,5.9,7.4
2016-03-30,81.92,Excellent,spring,81.92,Excellent,spring,81.92,Excellent,79.91,78.16,3.5,3.0,5.0,4.0,5.0,16.636680000000002,11.1994,18.3,11.5,49.9,49.9,0.0,2.2,10.5,2.0
2016-03-31,84.27,Excellent,spring,84.27,Excellent,spring,84.27,Excellent,80.69,79.14,4.0,3.0,5.0,4.0,4.9,18.071199999999997,12.478,21.4,13.5,27.0,27.0,0.0,2.1,9.8,4.5
2016-04-01,86.43,Excellent,spring,86.43,Excellent,spring,86.43,Excellent,84.21,80.43,4.0,3.5,5.0,4.0,5.0,19.7152,13.731200000000001,23.8,15.3,26.0,26.0,0.0,2.0,10.3,3.0
2016-04-02,85.29,Excellent,spring,85.29,Excellent,spring,85.29,Excellent,85.33,81.69,4.0,3.5,5.0,4.0,4.5,18.92944,13.815999999999999,21.7,15.0,40.8,40.8,0.0,2.3,9.0,2.4
2016-04-03,69.0,Good,spring,69.0,Good,spring,69.0,Good,80.24,80.67,3.0,3.0,4.8,4.0,1.0,12.43108,10.630279999999999,12.7,10.7,75.1,75.1,2.0,1.7,0.0,8.0
2016-04-04,81.92,Excellent,spring,81.92,Excellent,spring,81.92,Excellent,78.74,80.67,3.5,3.0,5.0,4.0,5.0,17.54992,11.77192,19.8,12.3,42.6,42.6,0.0,2.2,11.2,2.3
2016-04-05,81.92,Excellent,spring,81.92,Excellent,spring,81.92,Excellent,77.61,81.54,3.5,3.0,5.0,4.0,5.0,16.321240000000003,11.09256,18.1,11.4,45.1,45.1,0.0,2.5,11.6,0.8
2016-04-06,84.91,Excellent,spring,84.91,Excellent,spring,84.91,Excellent,82.92,81.96,4.5,3.5,4.7,4.0,4.0,20.025879999999997,13.41968,22.9,14.4,44.3,44.3,3.0,1.9,8.0,6.8
2016-04-07,79.19,Very Good,spring,79.19,Very Good,spring,79.19,Very Good,82.01,81.24,4.0,3.5,4.25,3.5,4.4,19.306800000000003,13.5998,20.6,14.1,69.5,69.5,7.5,3.0,8.8,3.9
2016-04-08,81.01,Excellent,spring,81.01,Excellent,spring,81.01,Excellent,81.7,80.46,3.5,3.0,5.0,4.0,4.6,17.86828,10.99484,18.7,11.1,76.1,76.1,0.0,2.5,9.2,3.8
2016-04-09,72.8,Very Good,spring,72.8,Very Good,spring,72.8,Very Good,77.67,78.68,3.5,3.0,5.0,4.0,1.0,13.83596,10.654919999999999,14.1,10.7,83.9,83.9,0.0,1.8,0.0,8.0
2016-04-10,80.73,Excellent,spring,80.73,Excellent,spring,80.73,Excellent,78.18,80.35,4.0,3.5,5.0,4.0,2.5,19.47164,13.00968,20.7,13.4,71.3,71.3,0.0,2.1,5.0,5.0
2016-04-11,81.92,Excellent,spring,81.92,Excellent,spring,81.92,Excellent,78.48,80.35,3.5,3.0,5.0,4.0,5.0,17.28688,11.938,19.4,12.5,43.8,43.8,0.0,2.4,12.0,0.0
2016-04-12,81.34,Excellent,spring,81.34,Excellent,spring,81.34,Excellent,81.33,80.27,3.5,3.5,5.0,4.0,3.9,17.24176,13.15864,19.4,14.1,42.6,42.6,0.0,2.3,7.8,6.0
2016-04-13,82.17,Excellent,spring,82.17,Excellent,spring,82.17,Excellent,81.81,79.88,4.0,3.5,4.9,4.0,3.4,19.918,14.872,21.4,15.6,67.5,67.5,1.0,1.7,6.8,5.1
2016-04-14,76.62,Very Good,spring,76.62,Very Good,spring,76.62,Very Good,80.04,79.51,3.5,3.0,5.0,3.5,3.25,17.770960000000002,12.16864,18.6,12.4,75.9,75.9,0.0,2.6,6.5,2.3
2016-04-15,87.7,Excellent,spring,87.7,Excellent,spring,87.7,Excellent,82.16,80.47,4.5,3.5,5.0,3.5,5.0,20.29136,13.928,23.1,15.0,46.4,46.4,0.0,2.6,11.5,0.0
2016-04-16,62.62,Good,spring,62.62,Good,spring,62.62,Good,75.65,79.01,4.0,3.5,2.65,3.5,1.4,18.94092,14.09444,20.7,14.9,58.9,58.9,23.5,2.9,2.8,7.5
2016-04-17,63.3,Good,spring,63.3,Good,spring,63.3,Good,71.21,76.52,3.5,3.0,2.95,3.0,3.45,13.9024,10.693760000000001,14.5,10.8,66.8,66.8,20.5,4.7,6.9,6.1
2016-04-18,78.79,Very Good,spring,78.79,Very Good,spring,78.79,Very Good,68.24,76.08,3.5,3.0,4.85,3.5,4.6,17.409760000000002,11.03392,18.6,11.2,65.4,65.4,1.5,3.1,9.2,5.5
2016-04-19,81.92,Excellent,spring,81.92,Excellent,spring,81.92,Excellent,74.67,76.16,3.5,3.0,5.0,4.0,5.0,17.54768,11.6408,19.2,12.0,55.1,55.1,0.0,2.2,12.0,2.5
2016-04-20,80.77,Excellent,spring,80.77,Excellent,spring,80.77,Excellent,80.49,75.96,4.0,3.5,4.95,4.0,2.65,18.894399999999997,13.5088,20.9,14.3,54.0,54.0,0.5,2.1,5.3,8.9
2016-04-21,61.49,Good,spring,61.49,Good,spring,61.49,Good,74.73,73.8,3.5,3.5,3.3,3.5,0.2999999999999998,16.55776,13.3264,16.9,13.5,87.6,87.6,17.0,2.8,0.0,9.4
2016-04-22,76.0,Very Good,spring,76.0,Very Good,spring,76.0,Very Good,72.75,72.13,4.0,3.5,5.0,3.5,1.0,18.02896,13.2676,18.6,13.5,83.4,83.4,0.0,2.6,2.0,7.6
2016-04-23,79.53,Very Good,spring,79.53,Very Good,spring,79.53,Very Good,72.34,74.54,3.5,3.0,5.0,4.0,3.95,17.92232,12.8294,19.8,13.5,52.1,52.1,0.0,2.1,7.9,6.3
2016-04-24,89.01,Excellent,spring,89.01,Excellent,spring,89.01,Excellent,81.51,78.22,4.5,3.5,5.0,4.0,5.0,20.390079999999998,14.1712,23.7,15.5,39.6,39.6,0.0,1.9,11.4,2.3
2016-04-25,89.01,Excellent,spring,89.01,Excellent,spring,89.01,Excellent,85.85,79.68,4.5,3.5,5.0,4.0,5.0,21.30976,15.322239999999999,25.3,17.2,34.8,34.8,0.0,1.7,11.9,0.8
2016-04-26,90.83,Ideal,spring,90.83,Ideal,spring,90.83,Ideal,89.62,80.95,4.5,4.0,5.0,4.0,4.95,24.48832,18.20512,29.6,21.1,34.8,34.8,0.0,2.0,9.9,5.9
2016-04-27,70.29,Very Good,spring,70.29,Very Good,spring,70.29,Very Good,83.38,79.45,3.5,3.5,5.0,3.0,0.20000000000000018,17.7896,15.2416,20.7,17.2,32.0,32.0,0.0,3.6,0.0,9.6
2016-04-28,85.75,Excellent,spring,85.75,Excellent,spring,85.75,Excellent,82.29,82.92,4.0,3.5,5.0,4.0,4.7,19.5888,15.31072,23.0,17.2,34.4,34.4,0.0,2.0,9.4,6.4
2016-04-29,86.25,Excellent,spring,86.25,Excellent,spring,86.25,Excellent,80.76,84.38,4.0,3.5,4.97,4.0,5.0,19.95904,14.90048,22.6,16.2,47.6,47.6,0.3,2.5,11.6,2.5
2016-04-30,75.43,Very Good,spring,75.43,Very Good,spring,75.43,Very Good,82.48,83.8,4.0,3.5,5.0,3.5,0.75,18.12448,14.60908,20.4,15.9,45.3,45.3,0.0,2.8,1.5,5.4
2016-05-01,87.94,Excellent,spring,87.94,Excellent,spring,87.94,Excellent,83.21,83.64,5.0,3.5,5.0,4.0,3.4,22.192,16.7056,26.0,18.8,40.5,40.5,0.0,2.2,6.8,5.6
2016-05-02,78.06,Very Good,spring,78.06,Very Good,spring,78.06,Very Good,80.48,82.08,4.5,4.0,3.35,4.0,3.75,25.7872,19.5238,28.4,21.1,64.5,64.5,16.5,2.2,7.5,7.0
2016-05-03,51.48,Acceptable,spring,51.48,Acceptable,spring,51.48,Acceptable,72.49,76.46,3.5,3.0,2.3,3.0,0.0,17.17744,12.738760000000001,17.6,12.9,86.1,86.1,27.0,4.9,0.0,10.0
2016-05-04,83.81,Excellent,spring,83.81,Excellent,spring,83.84,Excellent,71.12,78.39,4.0,3.5,5.0,3.0,5.0,18.33584,14.482479999999999,20.6,15.7,46.6,46.6,0.0,5.1,12.8,1.6
2016-05-05,87.03,Excellent,spring,87.03,Excellent,spring,87.07,Excellent,74.11,78.57,5.0,3.5,4.25,4.0,5.0,23.57408,17.14848,26.9,18.9,50.8,50.8,7.5,1.7,10.9,4.5
2016-05-06,70.05,Very Good,spring,70.05,Very Good,spring,70.28,Very Good,80.3,76.26,4.0,3.5,4.05,4.0,0.34999999999999964,18.231920000000002,16.03036,18.6,16.3,89.3,89.3,9.5,2.0,0.0,9.3
2016-05-07,87.7,Excellent,spring,87.7,Excellent,spring,87.82,Excellent,81.59,78.01,4.5,3.5,5.0,3.5,5.0,20.59912,15.4678,22.6,16.5,60.3,60.3,0.0,2.6,12.4,2.0
2016-05-08,91.59,Ideal,spring,91.59,Ideal,spring,91.75,Ideal,83.11,78.53,5.0,3.5,5.0,4.0,5.0,23.09056,17.324479999999998,26.8,19.4,44.8,44.8,0.0,2.1,11.5,5.4
2016-05-09,83.77,Excellent,spring,83.77,Excellent,spring,84.13,Excellent,87.69,79.35,4.5,3.5,5.0,4.0,2.7,21.888799999999996,17.874399999999998,25.4,20.2,43.0,43.0,0.0,2.0,5.4,8.3
2016-05-10,64.36,Good,spring,64.36,Good,spring,64.75,Good,79.91,81.19,3.5,3.5,3.65,4.0,0.05,17.529760000000003,14.1832,18.1,14.5,82.4,82.4,13.5,2.3,0.1,9.1
2016-05-11,89.01,Excellent,spring,89.01,Excellent,spring,89.13,Excellent,79.05,81.93,4.5,3.5,5.0,4.0,5.0,21.3886,15.39904,23.5,16.4,60.9,60.9,0.0,2.0,12.9,2.0
2016-05-12,87.7,Excellent,spring,87.7,Excellent,spring,87.97,Excellent,80.36,82.03,4.5,3.5,5.0,3.5,5.0,21.8944,16.62688,24.0,17.8,62.4,62.4,0.0,2.7,12.5,3.3
2016-05-13,91.29,Ideal,spring,91.29,Ideal,spring,91.6,Ideal,89.33,85.06,5.0,3.5,4.95,4.0,5.0,22.751199999999997,17.120800000000003,25.4,18.6,57.0,57.0,0.5,2.1,11.6,3.6
2016-05-14,93.52,Ideal,spring,93.52,Ideal,spring,93.87,Ideal,90.84,85.89,5.0,4.0,5.0,4.0,5.0,23.32396,18.04168,26.9,20.2,47.1,47.1,0.0,2.3,11.1,5.5
2016-05-15,56.65,Acceptable,spring,56.65,Acceptable,spring,56.99,Acceptable,80.49,80.9,5.0,3.5,0.5,3.5,2.25,22.71752,16.62744,24.2,17.4,73.9,73.9,45.0,2.7,4.5,9.0
2016-05-16,83.6,Excellent,spring,83.6,Excellent,spring,83.7,Excellent,77.92,80.88,4.0,3.5,4.75,3.5,5.0,19.853199999999998,14.885200000000001,21.9,15.9,57.0,57.0,2.5,3.2,12.3,3.0
2016-05-17,91.59,Ideal,spring,92.5,Ideal,summer,92.05,Ideal,77.58,84.9,5.0,3.5,5.0,4.0,5.0,23.20032,17.39536,26.6,19.3,48.8,48.8,0.0,1.9,13.1,0.0
2016-05-18,90.94,Ideal,spring,91.33,Ideal,summer,91.15,Ideal,89.14,85.23,4.5,4.0,5.0,4.0,5.0,24.8434,19.36276,29.5,22.3,40.3,40.3,0.0,1.9,13.2,0.5
2016-05-19,91.6,Ideal,spring,91.06,Ideal,summer,91.29,Ideal,91.63,85.71,4.0,4.5,5.0,4.5,5.0,26.32864,20.66208,31.9,24.3,36.4,36.4,0.0,1.6,13.4,0.0
2016-05-20,92.87,Ideal,spring,93.23,Ideal,summer,93.09,Ideal,91.87,85.98,4.5,4.5,5.0,4.0,5.0,25.724800000000002,20.192,31.6,24.0,32.0,32.0,0.0,1.8,12.8,0.6
2016-05-21,90.94,Ideal,spring,91.33,Ideal,summer,91.19,Ideal,91.87,85.67,4.5,4.0,5.0,4.0,5.0,24.18208,19.80232,30.4,24.1,23.8,23.8,0.0,2.0,12.4,2.6
2016-05-22,90.29,Ideal,spring,90.16,Ideal,summer,90.2,Ideal,91.57,90.46,4.0,4.5,5.0,4.0,5.0,26.058,20.878,31.7,24.7,35.0,35.0,0.0,1.9,11.8,2.8
2016-05-23,90.25,Ideal,spring,91.25,Ideal,summer,90.97,Ideal,90.91,91.55,4.5,4.5,5.0,4.0,3.85,24.976799999999997,20.2676,29.4,23.3,43.0,43.0,0.0,2.1,7.7,7.5
2016-05-24,55.51,Acceptable,spring,56.73,Acceptable,summer,56.43,Acceptable,79.38,86.44,4.5,3.5,1.15,3.5,1.15,20.97872,16.32672,21.8,16.8,82.6,82.6,38.5,2.6,2.3,7.0
2016-05-25,86.62,Excellent,spring,89.29,Excellent,summer,88.72,Excellent,79.09,86.15,5.0,4.0,5.0,3.5,2.55,22.55104,18.45452,24.4,19.7,67.9,67.9,0.0,2.7,5.1,6.9
2016-05-26,81.25,Excellent,spring,84.02,Excellent,summer,83.53,Excellent,76.68,85.14,4.5,4.0,5.0,4.0,0.75,21.455199999999998,18.347199999999997,22.9,19.4,72.0,72.0,0.0,1.8,1.5,8.1
2016-05-27,89.0,Excellent,spring,89.87,Excellent,summer,89.74,Excellent,87.73,84.66,4.5,4.0,5.0,4.0,4.15,24.452920000000002,19.21268,27.1,20.9,61.3,61.3,0.0,1.7,8.3,7.1
2016-05-28,90.94,Ideal,spring,91.33,Ideal,summer,91.29,Ideal,88.41,84.66,4.5,4.0,5.0,4.0,5.0,24.8392,19.64548,28.0,21.7,56.1,56.1,0.0,2.1,13.1,2.9
2016-05-29,89.46,Excellent,spring,90.21,Ideal,summer,90.16,Ideal,90.47,84.67,4.5,4.0,5.0,4.0,4.35,24.50944,19.4806,27.6,21.5,56.1,56.1,0.0,2.3,8.7,4.1
2016-05-30,92.87,Ideal,spring,93.23,Ideal,summer,93.22,Ideal,91.59,84.95,4.5,4.5,5.0,4.0,5.0,25.671879999999998,20.03332,28.9,22.1,57.3,57.3,0.0,2.4,12.8,0.0
2016-05-31,90.94,Ideal,spring,91.33,Ideal,summer,91.33,Ideal,91.59,89.9,4.5,4.0,5.0,4.0,5.0,25.03744,19.91104,27.6,21.6,63.6,63.6,0.0,2.5,11.6,2.9
2016-06-01,93.23,Ideal,summer,93.23,Ideal,summer,93.23,Ideal,92.6,90.46,4.5,4.5,5.0,4.0,5.0,25.585679999999996,20.41656,29.9,23.3,45.8,45.8,0.0,2.1,13.1,2.4
2016-06-02,91.33,Ideal,summer,91.33,Ideal,summer,91.33,Ideal,91.96,91.5,4.5,4.0,5.0,4.0,5.0,24.386120000000002,19.942239999999998,29.1,23.2,38.3,38.3,0.0,2.4,13.5,0.6
2016-06-03,91.33,Ideal,summer,91.33,Ideal,summer,91.33,Ideal,91.96,91.71,4.5,4.0,5.0,4.0,5.0,24.02548,19.667279999999998,27.7,22.2,48.1,48.1,0.0,2.2,11.7,4.0
2016-06-04,89.02,Excellent,summer,89.02,Excellent,summer,89.02,Excellent,90.56,91.38,5.0,4.0,5.0,4.5,1.35,23.15736,19.04064,26.3,21.2,51.8,51.8,0.0,1.6,2.7,7.5
2016-06-05,90.16,Ideal,summer,90.16,Ideal,summer,90.16,Ideal,90.17,91.38,4.0,4.5,5.0,4.0,5.0,27.52024,21.60124,32.2,24.7,47.3,47.3,0.0,1.7,11.8,3.5
2016-06-06,88.59,Excellent,summer,88.59,Excellent,summer,88.59,Excellent,89.26,90.71,4.5,4.5,5.0,4.0,2.3,24.65376,20.59212,28.4,23.3,49.1,49.1,0.0,2.3,4.6,7.4
2016-06-07,89.61,Excellent,summer,89.61,Excellent,summer,89.61,Excellent,89.45,90.47,5.0,4.5,4.99,4.0,1.15,23.960199999999997,20.2726,25.9,21.7,69.5,69.5,0.1,1.7,2.3,6.8
2016-06-08,93.23,Ideal,summer,93.23,Ideal,summer,93.23,Ideal,90.48,90.47,4.5,4.5,5.0,4.0,5.0,25.285719999999998,20.44956,27.7,22.1,65.9,65.9,0.0,2.3,11.6,5.1
2016-06-09,90.16,Ideal,summer,90.16,Ideal,summer,90.16,Ideal,91.0,90.3,4.0,4.5,5.0,4.0,5.0,27.8494,21.815800000000003,31.3,24.1,59.5,59.5,0.0,2.0,12.4,1.4
2016-06-10,92.06,Ideal,summer,92.06,Ideal,summer,92.06,Ideal,91.82,90.4,4.0,5.0,5.0,4.0,5.0,27.96868,22.316560000000003,31.3,24.6,60.9,60.9,0.0,2.2,12.1,2.1
2016-06-11,85.17,Excellent,summer,85.17,Excellent,summer,85.17,Excellent,89.13,89.85,4.5,5.0,4.7,4.0,0.35,24.8038,22.1122,26.5,23.5,74.3,74.3,3.0,1.7,0.7,8.3
2016-06-12,88.9,Excellent,summer,88.9,Excellent,summer,88.9,Excellent,88.71,89.67,4.5,5.0,4.85,4.0,1.95,25.32392,22.3876,26.7,23.5,79.4,79.4,1.5,2.1,3.9,8.3
2016-06-13,89.47,Excellent,summer,89.47,Excellent,summer,89.47,Excellent,87.85,89.8,4.0,4.5,5.0,4.0,4.6,27.287200000000002,21.907,29.6,23.5,70.5,70.5,0.0,2.4,9.2,5.1
2016-06-14,88.27,Excellent,summer,88.27,Excellent,summer,88.27,Excellent,88.88,89.61,4.0,4.5,5.0,4.0,3.9,26.575,21.73,29.5,23.8,62.5,62.5,0.0,2.1,7.8,6.0
2016-06-15,78.3,Very Good,summer,78.3,Very Good,summer,78.3,Very Good,85.35,87.48,5.0,4.5,3.45,3.5,0.95,23.444399999999998,20.106479999999998,24.5,20.9,81.8,81.8,15.5,2.7,1.9,9.0
2016-06-16,90.92,Ideal,summer,90.92,Ideal,summer,90.92,Ideal,85.83,87.58,5.0,4.0,5.0,3.5,3.5,23.3206,19.7446,24.9,20.9,73.5,73.5,0.0,2.8,7.0,6.9
2016-06-17,90.16,Ideal,summer,90.16,Ideal,summer,90.16,Ideal,86.46,87.31,4.0,4.5,5.0,4.0,5.0,26.28084,21.76312,29.1,23.8,63.1,63.1,0.0,2.5,12.0,2.5
2016-06-18,92.06,Ideal,summer,92.06,Ideal,summer,92.06,Ideal,91.05,88.3,4.0,5.0,5.0,4.0,5.0,26.5568,22.064,29.9,24.5,58.0,58.0,0.0,1.8,12.5,1.3
2016-06-19,91.03,Ideal,summer,91.03,Ideal,summer,91.03,Ideal,91.08,88.6,4.0,5.0,5.0,4.0,4.4,26.5594,22.0978,29.3,24.1,64.5,64.5,0.0,1.9,8.8,4.4
2016-06-20,88.88,Excellent,summer,88.88,Excellent,summer,88.88,Excellent,90.66,88.52,4.0,5.0,5.0,4.0,3.15,27.8848,22.7008,30.7,24.7,66.0,66.0,0.0,1.7,6.3,6.8
2016-06-21,89.65,Excellent,summer,89.65,Excellent,summer,89.65,Excellent,89.85,88.71,4.0,5.0,5.0,4.0,3.6,27.90052,23.4464,31.3,26.0,60.1,60.1,0.0,1.7,7.2,6.1
2016-06-22,61.3,Good,summer,61.3,Good,summer,61.3,Good,79.94,86.29,3.5,5.0,1.9500000000000002,4.0,0.5,28.18808,22.87572,30.2,24.3,75.1,75.1,30.5,2.0,1.0,6.4
2016-06-23,89.67,Excellent,summer,89.67,Excellent,summer,89.67,Excellent,80.21,86.11,4.0,5.0,4.99,4.0,3.65,27.1496,22.994799999999998,29.4,24.7,71.0,71.0,0.1,2.1,7.3,5.0
2016-06-24,85.09,Excellent,summer,85.09,Excellent,summer,85.09,Excellent,78.69,85.38,4.5,4.5,4.65,4.0,1.6,24.180239999999998,21.83192,25.7,23.1,75.8,75.8,3.5,2.0,3.2,7.3
2016-06-25,91.56,Ideal,summer,91.56,Ideal,summer,91.56,Ideal,88.77,85.31,4.5,4.5,5.0,3.5,4.55,24.23508,20.91072,26.7,22.8,63.1,63.1,0.0,2.8,9.1,4.5
2016-06-26,91.16,Ideal,summer,91.16,Ideal,summer,91.16,Ideal,89.27,85.33,4.0,5.0,5.0,3.5,5.0,26.92208,22.003839999999997,30.3,24.4,58.4,58.4,0.0,2.7,13.4,0.8
2016-06-27,86.76,Excellent,summer,86.76,Excellent,summer,86.76,Excellent,89.83,85.03,4.0,4.5,5.0,4.5,2.5,26.029,21.8368,29.5,24.4,55.5,55.5,0.0,1.6,5.0,6.6
2016-06-28,91.37,Ideal,summer,91.37,Ideal,summer,91.37,Ideal,89.76,85.27,4.0,5.0,5.0,4.0,4.6,26.63468,22.412679999999998,29.7,24.7,61.1,61.1,0.0,1.8,9.2,5.0
2016-06-29,89.91,Excellent,summer,89.91,Excellent,summer,89.91,Excellent,89.35,89.36,4.0,5.0,5.0,4.0,3.75,26.8064,22.7296,30.2,25.3,58.0,58.0,0.0,2.2,7.5,6.9
2016-06-30,86.27,Excellent,summer,86.27,Excellent,summer,86.27,Excellent,89.18,88.87,4.5,5.0,4.98,3.5,0.45,25.419559999999997,23.32104,26.9,24.6,78.1,78.1,0.2,2.8,0.9,9.5
2016-07-01,53.92,Acceptable,summer,53.92,Acceptable,summer,53.92,Acceptable,76.7,84.42,4.5,5.0,0.0,4.0,0.04999999999999982,25.7036,23.244,26.6,24.0,86.5,86.5,108.5,2.3,0.0,9.9
2016-07-02,84.54,Excellent,summer,84.54,Excellent,summer,84.54,Excellent,74.91,83.42,4.0,5.0,4.6,4.0,2.15,26.383119999999998,22.4956,27.7,23.5,81.4,81.4,4.0,2.4,4.3,8.0
2016-07-03,88.8,Excellent,summer,88.8,Excellent,summer,88.8,Excellent,75.75,83.08,4.5,4.5,5.0,4.5,1.9,24.81088,21.901600000000002,26.8,23.5,70.4,70.4,0.0,1.6,3.8,6.5
2016-07-04,68.19,Good,summer,68.19,Good,summer,68.19,Good,80.51,80.43,5.0,4.5,2.05,3.5,0.4,23.25964,21.09672,24.1,21.8,85.1,85.1,29.5,3.0,0.8,9.1
2016-07-05,52.93,Acceptable,summer,52.93,Acceptable,summer,52.93,Acceptable,69.97,74.94,4.5,5.0,0.0,3.5,0.0,24.421120000000002,22.76464,24.8,23.1,93.6,93.6,100.5,2.8,0.0,10.0
2016-07-06,90.39,Ideal,summer,90.39,Ideal,summer,90.39,Ideal,70.5,75.01,4.5,4.5,5.0,4.0,3.35,25.1424,21.5584,26.9,22.9,74.0,74.0,0.0,1.9,6.7,6.8
2016-07-07,89.26,Excellent,summer,89.26,Excellent,summer,89.26,Excellent,77.53,75.43,4.0,5.0,5.0,4.5,2.85,26.3984,22.4096,28.5,24.0,71.6,71.6,0.0,1.3,5.7,7.5
2016-07-08,87.09,Excellent,summer,87.09,Excellent,summer,87.09,Excellent,88.91,80.17,3.5,4.5,5.0,4.0,5.0,29.3984,24.9818,32.4,27.3,66.5,66.5,0.0,1.8,13.3,0.1
2016-07-09,87.09,Excellent,summer,87.09,Excellent,summer,87.09,Excellent,87.81,80.54,3.5,4.5,5.0,4.0,5.0,29.503840000000004,25.20784,32.7,27.7,64.8,64.8,0.0,2.0,12.1,3.1
2016-07-10,85.89,Excellent,summer,85.89,Excellent,summer,85.89,Excellent,86.69,80.12,3.5,4.5,5.0,4.0,4.3,29.810560000000002,25.351039999999998,33.1,27.9,64.4,64.4,0.0,1.8,8.6,7.3
2016-07-11,78.34,Very Good,summer,78.34,Very Good,summer,78.34,Very Good,83.77,81.57,3.0,4.0,5.0,4.0,2.8,30.34864,26.000639999999997,33.4,28.4,67.4,67.4,0.0,1.7,5.6,8.1
2016-07-12,83.67,Excellent,summer,83.67,Excellent,summer,83.67,Excellent,82.63,85.96,3.5,4.5,4.7,4.0,4.15,28.0158,24.0506,30.9,26.3,65.5,65.5,3.0,2.1,8.3,7.3
2016-07-13,85.52,Excellent,summer,85.52,Excellent,summer,85.52,Excellent,82.51,85.27,4.0,4.5,5.0,4.0,2.3,27.082,24.2788,29.5,26.3,69.0,69.0,0.0,2.1,4.6,7.6
2016-07-14,86.94,Excellent,summer,86.94,Excellent,summer,86.94,Excellent,85.38,84.93,3.5,4.5,4.99,4.0,4.95,29.43424,25.183,32.4,27.5,66.9,66.9,0.1,2.1,9.9,5.8
2016-07-15,83.81,Excellent,summer,83.81,Excellent,summer,83.81,Excellent,85.42,84.47,4.0,5.0,4.85,3.5,1.3,26.128,23.607999999999997,29.2,26.2,60.0,60.0,1.5,2.6,2.6,9.3
2016-07-16,55.49,Acceptable,summer,55.49,Acceptable,summer,55.49,Acceptable,75.41,79.95,5.0,4.5,0.34999999999999964,3.0,0.0,23.40256,20.48896,23.8,20.8,92.8,92.8,46.5,3.5,0.0,10.0
2016-07-17,85.16,Excellent,summer,85.16,Excellent,summer,85.16,Excellent,74.82,79.85,5.0,4.5,4.75,3.5,0.0,22.203960000000002,20.89972,23.1,21.7,82.9,82.9,2.5,2.6,0.0,10.0
2016-07-18,91.2,Ideal,summer,91.2,Ideal,summer,91.2,Ideal,77.28,81.68,4.0,5.0,4.98,4.5,4.05,26.567359999999997,22.96576,28.4,24.4,75.1,75.1,0.2,1.5,8.1,5.9
2016-07-19,87.99,Excellent,summer,87.99,Excellent,summer,87.99,Excellent,88.12,82.3,3.5,4.5,5.0,4.5,5.0,29.308799999999998,24.7402,32.4,27.1,65.5,65.5,0.0,1.5,10.3,3.6
2016-07-20,84.34,Excellent,summer,84.34,Excellent,summer,84.34,Excellent,87.84,82.13,3.5,4.5,5.0,4.0,3.4,29.465,25.810000000000002,32.9,28.6,62.5,62.5,0.0,1.9,6.8,5.4
2016-07-21,82.7,Excellent,summer,82.7,Excellent,summer,82.7,Excellent,85.01,81.53,3.5,4.5,5.0,4.0,2.45,28.763440000000003,25.46716,32.2,28.3,61.3,61.3,0.0,2.2,4.9,6.8
2016-07-22,79.11,Very Good,summer,79.11,Very Good,summer,79.11,Very Good,82.05,80.86,3.0,4.0,5.0,4.0,3.25,30.6296,26.349600000000002,34.1,29.1,64.0,64.0,0.0,2.2,6.5,6.5
2016-07-23,78.84,Very Good,summer,78.84,Very Good,summer,78.84,Very Good,80.22,84.19,3.5,4.0,4.95,4.0,1.5,29.04256,26.48592,31.6,28.7,70.4,70.4,0.5,1.9,3.0,8.8
2016-07-24,76.69,Very Good,summer,76.69,Very Good,summer,76.69,Very Good,78.21,82.98,3.5,4.0,4.95,4.0,0.25,28.32316,26.4088,30.1,28.0,77.9,77.9,0.5,2.0,0.5,9.6
2016-07-25,79.26,Very Good,summer,79.26,Very Good,summer,79.26,Very Good,78.26,81.28,3.5,4.0,5.0,4.0,1.55,29.28568,26.582079999999998,31.4,28.4,75.3,75.3,0.0,1.9,3.1,6.6
2016-07-26,80.94,Excellent,summer,80.94,Excellent,summer,80.94,Excellent,78.96,80.27,3.5,4.0,5.0,3.5,3.05,29.184399999999997,26.118399999999998,31.9,28.4,69.0,69.0,0.0,2.6,6.1,6.8
2016-07-27,80.5,Excellent,summer,80.5,Excellent,summer,80.5,Excellent,80.23,79.72,4.0,4.5,4.95,3.5,0.1,27.11584,25.938560000000003,28.9,27.6,76.4,76.4,0.5,3.2,0.2,9.4
2016-07-28,86.06,Excellent,summer,86.06,Excellent,summer,86.06,Excellent,82.5,80.2,3.5,4.5,4.98,3.5,5.0,28.089199999999998,25.8832,30.5,28.0,70.6,70.6,0.2,2.8,10.0,6.3
2016-07-29,50.19,Acceptable,summer,50.19,Acceptable,summer,50.19,Acceptable,72.25,76.07,4.0,4.5,0.0,4.5,0.25,27.097279999999998,25.14596,28.4,26.3,82.3,82.3,59.5,1.6,0.5,9.6
2016-07-30,78.78,Very Good,summer,78.78,Very Good,summer,78.78,Very Good,71.68,76.06,3.0,4.0,4.95,4.0,3.25,30.561999999999998,26.6284,33.0,28.6,73.5,73.5,0.5,2.1,6.5,5.9
2016-07-31,80.83,Excellent,summer,80.83,Excellent,summer,80.83,Excellent,69.93,76.65,3.0,4.0,4.98,4.5,3.8,30.255519999999997,26.79076,32.8,28.9,72.1,72.1,0.2,1.6,7.6,5.4
2016-08-01,82.31,Excellent,summer,82.31,Excellent,summer,82.31,Excellent,80.64,77.09,3.5,4.0,5.0,4.5,2.8,29.891199999999998,26.339199999999998,32.4,28.4,72.0,72.0,0.0,1.6,5.6,6.3
2016-08-02,79.03,Very Good,summer,79.03,Very Good,summer,79.03,Very Good,80.72,76.81,3.5,4.5,4.8,4.5,0.55,28.779,25.308,31.1,27.2,72.5,72.5,2.0,1.2,1.1,7.6
2016-08-03,83.02,Excellent,summer,83.02,Excellent,summer,83.02,Excellent,81.45,77.17,3.0,4.0,5.0,4.5,5.0,30.850720000000003,26.456560000000003,34.2,29.1,65.4,65.4,0.0,1.6,11.8,4.1
2016-08-04,83.02,Excellent,summer,83.02,Excellent,summer,83.02,Excellent,81.69,76.74,3.0,4.0,5.0,4.5,5.0,31.54688,27.354879999999998,35.7,30.7,59.6,59.6,0.0,1.6,11.4,1.1
2016-08-05,82.12,Excellent,summer,82.12,Excellent,summer,82.12,Excellent,82.72,81.3,3.0,4.0,5.0,4.0,5.0,31.8504,27.81648,36.0,31.2,60.1,60.1,0.0,1.8,11.4,1.9
2016-08-06,81.09,Excellent,summer,81.09,Excellent,summer,81.09,Excellent,82.08,81.63,3.0,4.0,5.0,4.0,4.4,30.6208,27.613599999999998,34.0,30.5,64.8,64.8,0.0,1.7,8.8,1.9
2016-08-07,82.12,Excellent,summer,82.12,Excellent,summer,82.12,Excellent,81.78,81.82,3.0,4.0,5.0,4.0,5.0,30.6,26.974400000000003,35.0,30.6,56.0,56.0,0.0,1.9,11.9,0.9
2016-08-08,82.12,Excellent,summer,82.12,Excellent,summer,82.12,Excellent,81.78,81.79,3.0,4.0,5.0,4.0,5.0,31.7362,27.4742,35.5,30.5,63.1,63.1,0.0,1.8,10.6,2.5
2016-08-09,78.03,Very Good,summer,78.03,Very Good,summer,78.03,Very Good,80.76,81.65,3.0,4.0,4.9,4.0,3.0,30.60752,26.85276,33.6,29.3,68.3,68.3,1.0,1.9,6.0,3.8
2016-08-10,81.52,Excellent,summer,81.52,Excellent,summer,81.52,Excellent,80.56,81.43,3.0,4.0,5.0,4.0,4.65,31.456959999999995,26.784879999999998,34.8,29.4,66.3,66.3,0.0,1.9,9.3,4.4
2016-08-11,79.05,Very Good,summer,79.05,Very Good,summer,79.05,Very Good,79.53,80.86,2.5,4.0,5.0,4.0,5.0,32.608959999999996,27.556199999999997,36.4,30.5,64.1,64.1,0.0,2.0,12.8,0.3
2016-08-12,79.05,Very Good,summer,79.05,Very Good,summer,79.05,Very Good,79.87,80.43,2.5,4.0,5.0,4.0,5.0,32.61588,27.81328,35.9,30.4,68.3,68.3,0.0,2.0,11.8,1.8
2016-08-13,82.12,Excellent,summer,82.12,Excellent,summer,82.12,Excellent,80.07,80.57,3.0,4.0,5.0,4.0,5.0,31.877160000000003,27.60632,35.1,30.2,67.9,67.9,0.0,2.4,10.4,3.0
2016-08-14,80.59,Excellent,summer,80.59,Excellent,summer,80.59,Excellent,80.59,80.35,3.5,4.0,4.98,4.0,2.4,29.5328,26.9344,31.8,28.9,74.0,74.0,0.2,1.9,4.8,5.3
2016-08-15,80.92,Excellent,summer,80.92,Excellent,summer,80.92,Excellent,81.21,80.18,3.0,4.0,5.0,4.0,4.3,30.688,26.4642,34.0,29.1,65.5,65.5,0.0,1.9,8.6,6.1
2016-08-16,80.8,Excellent,summer,80.8,Excellent,summer,80.8,Excellent,80.77,80.58,3.0,4.0,4.95,4.5,3.9,31.40404,26.59028,34.9,29.3,64.9,64.9,0.5,1.6,7.8,4.5
2016-08-17,82.12,Excellent,summer,82.12,Excellent,summer,82.12,Excellent,81.28,80.66,3.0,4.0,5.0,4.0,5.0,30.78752,26.747839999999997,34.7,29.9,60.4,60.4,0.0,1.9,11.5,3.3
2016-08-18,77.0,Very Good,summer,77.0,Very Good,summer,77.0,Very Good,79.97,80.37,3.0,4.0,5.0,4.5,1.5,30.59668,26.86724,34.3,29.9,61.9,61.9,0.0,1.6,3.0,7.0
2016-08-19,67.76,Good,summer,67.76,Good,summer,67.76,Good,75.63,78.76,3.0,4.0,3.85,4.5,0.5,30.369600000000002,26.594199999999997,33.2,28.9,69.5,69.5,11.5,1.4,1.0,7.5
2016-08-20,77.48,Very Good,summer,77.48,Very Good,summer,77.48,Very Good,74.08,78.1,3.0,4.0,5.0,4.0,2.3,30.816399999999998,26.8036,34.9,30.1,59.0,59.0,0.0,1.7,4.6,6.9
2016-08-21,77.59,Very Good,summer,77.59,Very Good,summer,77.59,Very Good,74.28,77.67,2.5,4.0,5.0,4.0,4.15,32.078,27.180999999999997,36.6,30.7,57.5,57.5,0.0,2.1,8.3,4.4
2016-08-22,81.86,Excellent,summer,81.86,Excellent,summer,81.86,Excellent,78.98,77.8,3.0,4.0,4.96,4.0,5.0,31.8816,27.2224,36.3,30.7,58.0,58.0,0.4,2.1,11.7,3.6
2016-08-23,72.42,Very Good,summer,72.42,Very Good,summer,72.42,Very Good,77.29,76.6,3.0,4.0,4.2,4.0,2.4,30.1296,26.01616,33.0,28.3,68.8,68.8,8.0,2.1,4.8,5.1
2016-08-24,84.42,Excellent,summer,84.42,Excellent,summer,84.42,Excellent,79.57,76.93,3.5,4.5,5.0,4.0,3.45,29.15356,25.97524,32.9,29.1,59.1,59.1,0.0,1.8,6.9,5.4
2016-08-25,78.3,Very Good,summer,78.3,Very Good,summer,78.3,Very Good,78.38,77.12,3.5,4.5,4.55,4.0,1.6,29.571520000000003,25.075360000000003,32.2,27.1,70.4,70.4,4.5,1.9,3.2,7.4
2016-08-26,76.29,Very Good,summer,76.29,Very Good,summer,76.29,Very Good,79.67,78.34,4.5,4.5,3.0,3.0,3.8,25.069599999999998,20.764,28.2,23.0,57.0,57.0,20.0,3.6,7.6,4.3
2016-08-27,92.33,Ideal,summer,92.33,Ideal,summer,92.33,Ideal,82.31,80.46,4.5,4.5,5.0,3.5,5.0,25.232039999999998,20.360879999999998,29.7,23.4,43.3,43.3,0.0,3.1,12.4,4.9
2016-08-28,87.02,Excellent,summer,87.02,Excellent,summer,87.02,Excellent,85.21,81.81,5.0,4.0,4.85,3.5,1.8,22.325,19.35,24.5,21.0,62.5,62.5,1.5,2.6,3.6,8.3
2016-08-29,91.91,Ideal,summer,91.91,Ideal,summer,91.91,Ideal,90.42,83.24,5.0,4.0,5.0,4.0,3.55,23.9878,19.979599999999998,27.1,22.2,54.5,54.5,0.0,2.0,7.1,5.1
2016-08-30,90.32,Ideal,summer,90.32,Ideal,summer,90.32,Ideal,89.75,85.8,5.0,4.0,5.0,3.5,3.15,22.2032,18.92096,24.5,20.6,60.4,60.4,0.0,3.3,6.3,6.1
2016-08-31,65.89,Good,summer,65.89,Good,summer,65.89,Good,82.71,83.15,4.0,3.5,3.25,3.0,0.7999999999999998,18.65904,17.247239999999998,19.2,17.7,85.3,85.3,17.5,3.8,0.0,8.4
2016-09-01,88.78,Excellent,autumn,88.23,Excellent,summer,88.23,Excellent,81.48,84.57,4.0,4.5,5.0,3.5,4.4,26.46472,21.684639999999998,28.6,23.2,71.3,71.3,0.0,3.1,8.8,2.9
2016-09-02,88.17,Excellent,autumn,87.44,Excellent,summer,87.44,Excellent,80.52,86.16,4.0,5.0,4.55,3.5,4.55,26.606,22.4108,29.0,24.2,68.5,68.5,4.5,2.7,9.1,6.5
2016-09-03,86.08,Excellent,autumn,85.8,Excellent,summer,85.8,Excellent,87.16,85.23,4.0,5.0,4.95,4.0,1.55,26.65072,22.443279999999998,28.6,23.9,73.8,73.8,0.5,1.8,3.1,6.1
2016-09-04,87.07,Excellent,autumn,86.68,Excellent,summer,86.68,Excellent,86.64,85.18,4.0,5.0,5.0,4.5,1.35,27.34992,23.80912,29.6,25.6,71.3,71.3,0.0,1.5,2.7,7.3
2016-09-05,87.06,Excellent,autumn,85.71,Excellent,summer,85.71,Excellent,86.06,84.3,3.5,4.5,5.0,4.0,4.2,28.23884,24.17616,31.1,26.4,66.1,66.1,0.0,1.7,8.4,5.4
2016-09-06,91.51,Ideal,autumn,90.6,Ideal,summer,90.6,Ideal,87.66,84.34,4.0,5.0,5.0,4.0,4.15,26.644,22.8772,29.0,24.7,69.0,69.0,0.0,1.8,8.3,4.4
2016-09-07,85.83,Excellent,autumn,85.61,Excellent,summer,85.61,Excellent,87.31,87.15,4.0,5.0,5.0,4.0,1.25,26.35312,22.57256,28.6,24.3,69.8,69.8,0.0,1.8,2.5,6.9
2016-09-08,85.25,Excellent,autumn,85.85,Excellent,summer,85.85,Excellent,87.35,86.81,4.5,4.5,4.55,4.5,1.9,24.9424,21.7728,26.5,23.0,76.4,76.4,4.5,1.3,3.8,8.1
2016-09-09,92.49,Ideal,autumn,91.46,Ideal,summer,91.46,Ideal,87.64,87.39,4.0,5.0,5.0,4.0,4.65,27.06892,22.29316,29.3,23.9,71.1,71.1,0.0,1.8,9.3,4.4
2016-09-10,91.38,Ideal,autumn,90.47,Ideal,summer,90.47,Ideal,89.26,88.05,4.0,5.0,5.0,4.5,3.55,26.456560000000003,22.40704,29.1,24.4,65.4,65.4,0.0,1.6,7.1,6.3
2016-09-11,89.47,Excellent,autumn,89.8,Excellent,summer,89.8,Excellent,90.58,88.5,4.5,5.0,5.0,4.0,1.9,25.74664,22.5454,28.2,24.5,66.3,66.3,0.0,1.7,3.8,7.1
2016-09-12,87.93,Excellent,autumn,88.33,Excellent,summer,88.33,Excellent,89.53,88.87,4.5,4.5,4.75,4.0,3.1,25.323,21.73304,27.5,23.4,68.9,68.9,2.5,1.9,6.2,4.5
2016-09-13,91.22,Ideal,autumn,90.34,Ideal,summer,90.34,Ideal,89.49,88.84,4.0,5.0,5.0,4.0,4.0,27.68,22.41,30.8,24.6,62.5,62.5,0.0,1.8,8.0,3.8
2016-09-14,90.44,Ideal,autumn,89.65,Excellent,summer,89.65,Excellent,89.44,89.41,4.0,5.0,5.0,4.0,3.6,26.337159999999997,22.620240000000003,28.9,24.6,66.1,66.1,0.0,1.8,7.2,5.0
2016-09-15,90.1,Ideal,autumn,89.35,Excellent,summer,89.35,Excellent,89.78,89.91,4.0,5.0,5.0,4.5,2.9,27.0118,22.12636,29.5,23.9,68.1,68.1,0.0,1.3,5.8,7.6
2016-09-16,88.14,Excellent,autumn,87.63,Excellent,summer,87.63,Excellent,88.88,89.37,4.0,5.0,5.0,4.5,1.9,26.7622,22.55016,29.5,24.6,64.9,64.9,0.0,1.5,3.8,9.3
2016-09-17,84.69,Excellent,autumn,85.26,Excellent,summer,85.26,Excellent,87.41,88.62,4.5,4.5,4.3,3.5,3.55,25.637439999999998,21.25552,28.2,23.1,64.8,64.8,7.0,2.9,7.1,4.9
2016-09-18,91.64,Ideal,autumn,91.73,Ideal,summer,91.73,Ideal,88.21,88.9,4.5,4.5,5.0,3.5,4.65,24.88888,20.9836,28.3,23.5,53.4,53.4,0.0,3.1,9.3,5.4
2016-09-19,89.11,Excellent,autumn,89.53,Excellent,summer,89.53,Excellent,88.84,89.07,4.5,4.0,5.0,3.0,5.0,24.47496,19.677079999999997,27.8,21.9,53.3,53.3,0.0,3.5,10.1,1.4
2016-09-20,92.52,Ideal,autumn,93.5,Ideal,summer,93.5,Ideal,91.59,89.52,5.0,4.0,5.0,3.5,5.0,22.841920000000002,18.10264,26.8,20.6,41.1,41.1,0.0,3.1,11.6,1.1
2016-09-21,89.01,Excellent,autumn,89.43,Excellent,summer,89.43,Excellent,90.82,89.49,4.5,3.5,5.0,4.0,5.0,21.83608,17.890719999999998,25.3,20.2,43.4,43.4,0.0,2.0,10.8,5.6
2016-09-22,92.58,Ideal,autumn,93.54,Ideal,summer,93.51,Ideal,92.16,90.09,5.0,4.0,5.0,4.0,4.5,23.50544,19.34388,27.2,21.9,46.3,46.3,0.0,1.8,9.0,3.9
2016-09-23,91.35,Ideal,autumn,91.46,Ideal,summer,91.45,Ideal,91.48,90.64,4.5,4.0,5.0,4.5,4.55,24.88564,19.48024,27.9,21.4,57.9,57.9,0.0,1.6,9.1,2.6
2016-09-24,93.72,Ideal,autumn,93.53,Ideal,summer,93.55,Ideal,92.84,91.82,4.5,4.5,5.0,4.5,4.65,25.92136,20.36152,28.9,22.3,60.6,60.6,0.0,1.6,9.3,3.3
2016-09-25,87.34,Excellent,autumn,86.93,Excellent,summer,86.99,Excellent,90.64,91.13,4.0,4.5,5.0,4.5,2.6,26.35888,20.7952,29.7,23.0,57.6,57.6,0.0,1.2,5.2,6.8
2016-09-26,89.94,Excellent,autumn,90.22,Ideal,summer,90.17,Ideal,90.23,91.23,4.5,4.5,5.0,4.0,3.25,25.807959999999998,21.375040000000002,28.9,23.6,59.1,59.1,0.0,1.8,6.5,5.4
2016-09-27,78.11,Very Good,autumn,80.11,Excellent,summer,79.69,Very Good,85.75,89.32,5.0,4.5,3.65,4.5,0.20000000000000018,22.834,20.23,23.8,21.0,82.5,82.5,13.5,1.3,0.0,9.6
2016-09-28,82.09,Excellent,autumn,83.3,Excellent,summer,83.0,Excellent,84.54,88.44,4.5,4.0,4.95,4.5,0.0,21.07312,19.29016,21.8,19.9,84.6,84.6,0.5,1.3,0.0,10.0
2016-09-29,87.91,Excellent,autumn,89.46,Excellent,summer,89.02,Excellent,84.29,87.86,5.0,4.0,5.0,3.5,2.65,22.69248,18.91904,24.8,20.4,64.4,64.4,0.0,3.0,5.3,8.4
2016-09-30,82.82,Excellent,autumn,83.97,Excellent,summer,83.6,Excellent,85.58,86.79,4.5,4.0,5.0,4.5,0.2,21.712600000000002,19.1098,23.5,20.5,66.9,66.9,0.0,1.6,0.4,8.8
2016-10-01,89.01,Excellent,autumn,90.4,Ideal,summer,89.9,Excellent,87.94,86.34,5.0,4.0,5.0,4.5,2.15,23.6656,19.7236,25.6,21.1,69.0,69.0,0.0,1.2,4.3,7.8
2016-10-02,67.86,Good,autumn,69.9,Good,summer,69.1,Good,81.42,83.91,4.5,4.0,3.15,3.5,0.09999999999999964,21.611359999999998,18.427599999999998,22.4,19.0,84.1,84.1,18.5,2.7,0.0,9.8
2016-10-03,86.4,Excellent,autumn,86.79,Excellent,summer,86.62,Excellent,82.36,83.42,4.5,4.5,4.35,3.5,4.25,25.98828,21.34364,27.9,22.7,73.3,73.3,6.5,2.7,8.5,4.0
2016-10-04,93.37,Ideal,autumn,93.23,Ideal,summer,93.3,Ideal,83.31,85.29,4.5,4.5,5.0,4.0,5.0,25.8764,20.0272,29.0,22.0,58.9,58.9,0.0,2.4,10.9,0.9
2016-10-05,86.33,Excellent,autumn,86.33,Excellent,autumn,86.7,Excellent,88.78,85.73,4.5,4.0,5.0,3.5,3.05,24.57872,19.408360000000002,27.2,21.1,61.9,61.9,0.0,3.0,6.1,3.4
2016-10-06,87.97,Excellent,autumn,87.97,Excellent,autumn,88.23,Excellent,89.18,85.51,4.5,3.5,5.0,3.5,5.0,21.3022,16.6976,23.5,18.0,59.3,59.3,0.0,2.6,10.7,2.8
2016-10-07,85.95,Excellent,autumn,85.95,Excellent,autumn,86.67,Excellent,86.75,85.8,5.0,4.0,4.8,3.5,2.35,22.89376,18.45064,24.8,19.7,67.8,67.8,2.0,2.6,4.7,8.8
2016-10-08,81.11,Excellent,autumn,81.11,Excellent,autumn,81.54,Excellent,85.01,84.47,4.5,3.5,4.4,3.5,3.6,20.21408,15.88608,21.8,16.8,66.4,66.4,6.0,2.9,7.2,5.5
2016-10-09,81.05,Excellent,autumn,81.05,Excellent,autumn,80.85,Excellent,82.7,86.06,3.5,3.0,5.0,3.5,5.0,15.18232,11.020760000000001,16.6,11.3,46.3,46.3,0.0,2.9,10.7,3.3
2016-10-10,87.68,Excellent,autumn,87.68,Excellent,autumn,87.54,Excellent,83.28,86.19,4.0,3.5,5.0,4.5,5.0,18.81448,13.0928,21.4,14.0,43.3,43.3,0.0,1.6,10.3,4.4
2016-10-11,84.68,Excellent,autumn,84.68,Excellent,autumn,84.67,Excellent,84.47,84.97,4.0,3.5,5.0,4.0,4.0,19.43056,14.58784,21.1,15.4,62.4,62.4,0.0,1.8,8.0,6.0
2016-10-12,86.64,Excellent,autumn,86.64,Excellent,autumn,86.57,Excellent,86.33,85.01,4.0,3.5,5.0,4.0,5.0,18.8596,14.554,20.7,15.5,57.0,57.0,0.0,2.0,10.5,3.3
2016-10-13,86.99,Excellent,autumn,86.99,Excellent,autumn,86.92,Excellent,86.1,84.87,4.0,3.5,5.0,4.5,4.65,19.23916,14.037279999999999,21.9,15.2,44.1,44.1,0.0,1.4,9.3,3.8
2016-10-14,88.58,Excellent,autumn,88.58,Excellent,autumn,88.66,Excellent,87.4,85.25,4.5,3.5,5.0,4.5,4.25,21.4372,15.67624,23.5,16.7,61.8,61.8,0.0,1.3,8.5,0.0
2016-10-15,88.38,Excellent,autumn,88.38,Excellent,autumn,88.45,Excellent,87.98,86.29,4.5,3.5,5.0,4.5,4.15,24.40504,17.665840000000003,27.1,19.1,60.6,60.6,0.0,1.3,8.3,4.1
2016-10-16,77.44,Very Good,autumn,77.44,Very Good,autumn,77.52,Very Good,84.8,85.77,4.0,3.5,4.85,4.5,0.2999999999999998,18.5158,16.454079999999998,19.5,17.2,74.1,74.1,1.5,1.5,0.0,9.4
2016-10-17,87.31,Excellent,autumn,87.31,Excellent,autumn,87.35,Excellent,84.38,85.72,4.5,3.5,5.0,4.5,3.6,20.58148,16.783,21.7,17.5,76.1,76.1,0.0,1.4,7.2,6.1
2016-10-18,90.46,Ideal,autumn,90.46,Ideal,autumn,90.5,Ideal,85.07,86.54,5.0,3.5,5.0,4.5,4.0,22.3704,16.185200000000002,24.0,17.0,70.9,70.9,0.0,1.4,8.0,3.0
2016-10-19,91.15,Ideal,autumn,91.15,Ideal,autumn,91.15,Ideal,89.64,87.19,5.0,3.5,5.0,4.5,4.35,22.44672,16.9632,24.3,18.0,67.6,67.6,0.0,1.5,8.7,1.3
2016-10-20,90.69,Ideal,autumn,90.69,Ideal,autumn,90.69,Ideal,90.77,87.72,5.0,3.5,5.0,4.0,4.65,23.35416,17.268720000000002,25.8,18.6,61.3,61.3,0.0,1.8,9.3,1.6
2016-10-21,81.31,Excellent,autumn,81.31,Excellent,autumn,81.31,Excellent,87.72,86.68,4.5,3.5,5.0,3.5,1.6,20.0128,16.591759999999997,22.0,17.9,58.6,58.6,0.0,3.0,3.2,9.4
2016-10-22,84.5,Excellent,autumn,84.5,Excellent,autumn,84.5,Excellent,85.5,86.12,4.5,3.5,5.0,4.0,2.7,20.7008,16.9388,22.8,18.3,59.0,59.0,0.0,1.8,5.4,6.8
2016-10-23,68.59,Good,autumn,68.59,Good,autumn,68.59,Good,78.13,84.86,3.5,3.0,4.75,3.0,0.05,16.74856,12.85516,17.8,13.3,66.3,66.3,2.5,4.0,0.1,9.4
2016-10-24,86.05,Excellent,autumn,86.05,Excellent,autumn,86.05,Excellent,79.71,84.68,4.0,3.5,5.0,4.0,4.7,18.68352,14.17792,20.6,15.1,54.8,54.8,0.0,2.4,9.4,5.6
2016-10-25,52.22,Acceptable,autumn,52.22,Acceptable,autumn,52.22,Acceptable,68.95,79.22,3.5,3.5,1.2999999999999998,4.0,1.6,17.02,13.8376,17.5,14.1,84.0,84.0,37.0,2.2,3.2,7.6
2016-10-26,77.67,Very Good,autumn,77.67,Very Good,autumn,77.67,Very Good,71.98,77.29,3.5,3.5,5.0,4.5,1.1,15.821200000000001,13.0492,16.3,13.3,81.0,81.0,0.0,1.4,2.2,5.4
2016-10-27,82.62,Excellent,autumn,82.62,Excellent,autumn,82.62,Excellent,70.84,76.14,4.0,3.5,5.0,4.0,2.95,19.39144,13.96336,20.9,14.6,65.4,65.4,0.0,1.9,5.9,6.5
2016-10-28,78.48,Very Good,autumn,78.48,Very Good,autumn,78.48,Very Good,79.59,75.73,3.5,3.5,4.97,4.0,2.15,17.11648,13.89712,18.4,14.6,61.8,61.8,0.3,2.5,4.3,8.8
2016-10-29,69.96,Good,autumn,69.96,Good,autumn,69.96,Good,77.02,73.66,3.0,3.0,5.0,3.5,0.55,10.91344,8.32536,11.2,7.8,40.3,40.3,0.0,3.0,1.1,6.6
2016-10-30,82.84,Excellent,autumn,82.84,Excellent,autumn,82.84,Excellent,77.09,75.69,3.5,3.0,5.0,4.5,4.85,13.71076,8.47204,15.1,7.9,31.9,31.9,0.0,1.5,9.7,0.9
2016-10-31,69.94,Good,autumn,69.94,Good,autumn,69.94,Good,74.25,73.39,3.0,2.5,4.95,4.0,1.2999999999999998,8.488719999999999,6.3897200000000005,8.2,5.7,59.9,59.9,0.5,2.0,0.0,7.4
2016-11-01,71.75,Very Good,autumn,71.75,Very Good,autumn,71.75,Very Good,74.84,76.18,2.5,2.0,5.0,3.5,4.9,7.36704,3.4176,6.6,1.5,43.6,43.6,0.0,2.7,9.8,0.0
2016-11-02,76.16,Very Good,autumn,76.16,Very Good,autumn,76.16,Very Good,72.62,75.96,3.0,2.5,4.99,4.5,3.8,10.4062,5.20684,10.5,4.1,53.1,53.1,0.1,1.4,7.6,4.4
2016-11-03,81.82,Excellent,autumn,81.82,Excellent,autumn,81.82,Excellent,76.58,75.85,3.5,3.0,4.98,4.5,4.4,13.48992,9.23392,14.1,9.1,62.8,62.8,0.2,1.6,8.8,4.9
2016-11-04,73.8,Very Good,autumn,73.8,Very Good,autumn,73.8,Very Good,77.26,75.18,3.5,3.0,5.0,3.5,1.3,14.9476,11.996400000000001,15.7,12.3,67.0,67.0,0.0,2.7,2.6,8.3
2016-11-05,77.21,Very Good,autumn,77.21,Very Good,autumn,77.21,Very Good,77.61,76.22,3.5,3.5,5.0,4.0,1.4,17.36776,14.548,18.1,15.0,77.4,77.4,0.0,2.2,2.8,7.3
2016-11-06,78.72,Very Good,autumn,78.72,Very Good,autumn,78.72,Very Good,76.58,75.63,3.5,3.5,5.0,3.5,2.7,16.952080000000002,13.3504,18.3,14.0,59.4,59.4,0.0,3.4,5.4,7.5
2016-11-07,69.63,Good,autumn,69.63,Good,autumn,69.63,Good,75.19,75.58,3.5,3.0,4.45,3.5,1.1,16.90456,12.47856,17.8,12.8,71.3,71.3,5.5,2.8,2.2,9.0
2016-11-08,74.23,Very Good,autumn,74.23,Very Good,autumn,74.23,Very Good,74.19,75.94,3.0,2.5,4.95,3.0,4.55,8.668800000000001,5.0912,8.4,4.1,58.0,58.0,0.5,3.5,9.1,2.4
2016-11-09,75.07,Very Good,autumn,75.07,Very Good,autumn,75.01,Very Good,72.98,75.78,3.0,2.0,5.0,4.0,4.85,8.92984,3.96124,8.6,2.1,41.1,41.1,0.0,1.9,9.7,1.4
2016-11-10,67.76,Good,autumn,67.76,Good,autumn,67.77,Good,72.35,73.77,3.0,2.5,4.96,4.0,0.15,9.835600000000001,6.712,9.8,6.0,55.5,55.5,0.4,2.0,0.3,9.5
2016-11-11,77.97,Very Good,autumn,77.97,Very Good,autumn,77.88,Very Good,73.6,74.37,3.5,3.0,4.6,4.0,4.3,13.58344,9.23212,14.2,9.1,63.3,63.3,4.0,2.2,8.6,2.0
2016-11-12,80.33,Excellent,autumn,80.33,Excellent,autumn,80.17,Excellent,75.35,74.82,3.5,3.0,5.0,4.0,4.1,15.68428,11.18776,16.7,11.4,62.1,62.1,0.0,2.3,8.2,3.3
2016-11-13,77.17,Very Good,autumn,77.17,Very Good,autumn,77.17,Very Good,78.49,74.59,3.5,3.5,4.95,4.0,1.55,17.283520000000003,13.95648,18.1,14.4,74.8,74.8,0.5,1.7,3.1,7.3
2016-11-14,73.32,Very Good,autumn,73.32,Very Good,autumn,73.33,Very Good,76.94,75.12,3.5,3.0,4.85,4.0,1.0499999999999998,15.301200000000001,12.9248,15.8,13.2,78.5,78.5,1.5,1.7,0.0,7.9
2016-11-15,76.01,Very Good,autumn,76.01,Very Good,autumn,75.55,Very Good,75.5,75.38,3.0,2.5,5.0,3.5,4.75,10.155439999999999,6.26944,10.2,5.2,44.3,44.3,0.0,2.8,9.5,0.0
2016-11-16,77.21,Very Good,autumn,77.21,Very Good,autumn,76.97,Very Good,75.51,75.68,3.0,2.5,5.0,4.5,4.3,11.5544,6.26944,12.0,5.2,44.3,44.3,0.0,1.4,8.6,1.1
2016-11-17,81.17,Excellent,autumn,81.17,Excellent,autumn,80.97,Excellent,78.13,77.6,3.5,3.0,5.0,4.5,4.0,15.3664,9.25696,16.5,9.1,56.4,56.4,0.0,1.2,8.0,2.0
2016-11-18,76.31,Very Good,autumn,76.31,Very Good,autumn,76.17,Very Good,78.23,77.36,3.5,3.0,5.0,4.0,2.05,13.83456,10.25008,14.6,10.3,58.4,58.4,0.0,1.9,4.1,5.6
2016-11-19,76.41,Very Good,autumn,76.41,Very Good,autumn,76.25,Very Good,77.96,76.8,3.5,3.0,5.0,4.0,2.1,17.60584,12.6532,18.6,13.0,71.1,71.1,0.0,2.2,4.2,8.9
2016-11-20,81.21,Excellent,autumn,81.21,Excellent,autumn,80.68,Excellent,77.98,77.38,3.5,3.0,5.0,4.0,4.55,14.210320000000001,9.84112,15.3,9.8,48.6,48.6,0.0,2.5,9.1,1.6
2016-11-21,73.37,Very Good,autumn,73.37,Very Good,autumn,73.43,Very Good,77.0,77.38,3.5,3.0,5.0,4.0,0.55,13.5052,9.619,14.6,9.5,40.5,40.5,0.0,2.2,1.1,7.8
2016-11-22,68.05,Good,autumn,66.41,Good,winter,67.23,Good,73.66,76.01,3.0,2.0,4.98,3.0,2.4,8.762880000000001,3.8144,8.4,2.0,43.3,43.3,0.2,3.9,4.8,8.4
2016-11-23,69.6,Good,autumn,67.99,Good,winter,68.73,Good,69.26,74.7,2.5,2.0,5.0,3.5,3.8,5.2,1.1500000000000001,3.6,-1.8,37.5,37.5,0.0,3.0,7.6,3.4
2016-11-24,72.21,Very Good,autumn,70.74,Very Good,winter,71.37,Very Good,68.38,73.21,2.5,2.0,5.0,4.0,4.6,4.2908800000000005,0.6100000000000003,2.4,-2.5,37.8,37.8,0.0,2.1,9.2,0.0
2016-11-25,71.48,Very Good,autumn,70.74,Very Good,winter,71.03,Very Good,69.82,72.41,2.5,2.0,5.0,4.5,3.7,6.8976,3.0196,6.0,1.0,43.9,43.9,0.0,1.5,7.4,4.3
2016-11-26,61.35,Good,autumn,61.33,Good,winter,61.33,Good,67.6,70.26,2.0,2.0,4.72,4.0,1.25,3.58768,2.0065600000000003,2.7,0.9,69.6,69.6,2.8,2.3,0.0,7.5
2016-11-27,65.9,Good,autumn,66.13,Good,winter,66.05,Good,66.07,68.1,2.5,2.0,5.0,4.5,0.85,6.8543199999999995,3.80116,6.6,3.3,81.3,81.3,0.0,1.5,1.7,7.5
2016-11-28,71.91,Very Good,autumn,70.5,Very Good,winter,70.9,Very Good,65.99,67.69,2.5,2.0,5.0,4.0,4.45,6.34096,2.84824,5.6,1.4,57.9,57.9,0.0,2.5,8.9,0.0
2016-11-29,75.71,Very Good,autumn,74.55,Very Good,winter,74.84,Very Good,70.39,68.85,3.0,2.0,5.0,4.5,4.65,8.931519999999999,3.6654400000000003,8.6,1.7,40.8,40.8,0.0,1.6,9.3,0.1
2016-11-30,68.62,Good,autumn,68.63,Good,winter,68.63,Good,71.23,68.95,3.0,2.5,4.9,4.0,0.8,9.83216,6.6432,9.8,6.0,59.8,59.8,1.0,2.0,1.6,8.9
2016-12-01,69.64,Good,winter,69.64,Good,winter,70.0,Very Good,70.94,68.79,2.5,2.5,5.0,3.0,4.25,7.6288,5.33664,7.0,4.1,47.6,47.6,0.0,3.6,8.5,1.3
2016-12-02,73.09,Very Good,winter,73.09,Very Good,winter,73.32,Very Good,70.45,69.12,3.0,2.0,5.0,4.0,4.65,8.33344,3.3337600000000003,7.9,1.6,48.4,48.4,0.0,1.8,9.3,0.0
2016-12-03,75.81,Very Good,winter,75.81,Very Good,winter,75.89,Very Good,72.85,71.19,3.0,2.5,5.0,4.5,3.95,11.08576,5.4064,11.3,4.5,58.8,58.8,0.0,1.4,7.9,5.5
2016-12-04,69.81,Good,winter,69.81,Good,winter,69.78,Good,72.9,71.72,3.0,2.5,5.0,4.5,0.25,9.5798,6.2182,9.5,5.5,60.1,60.1,0.0,1.2,0.5,8.8
2016-12-05,67.43,Good,winter,67.43,Good,winter,67.45,Good,71.02,71.28,3.0,2.5,4.85,3.5,1.15,10.262920000000001,6.40676,10.3,5.9,69.1,69.1,1.5,3.0,2.3,7.9
2016-12-06,70.82,Very Good,winter,70.82,Very Good,winter,70.82,Very Good,69.35,70.75,2.5,2.0,5.0,4.0,4.65,5.7021999999999995,1.6306000000000003,4.3,-1.1,38.5,38.5,0.0,2.5,9.3,0.0
2016-12-07,66.61,Good,winter,66.61,Good,winter,66.61,Good,68.29,70.46,2.5,2.0,5.0,4.0,2.05,7.917,3.0844400000000003,7.5,1.7,58.3,58.3,0.0,2.3,4.1,3.9
2016-12-08,64.53,Good,winter,64.53,Good,winter,64.53,Good,67.32,69.73,2.5,2.0,4.7,4.0,1.9,6.568,3.048,6.1,2.1,70.0,70.0,3.0,1.7,3.8,6.1
2016-12-09,65.82,Good,winter,65.82,Good,winter,65.82,Good,65.65,68.69,2.5,2.0,4.7,3.5,3.6,4.9934400000000005,2.57648,4.2,1.4,65.8,65.8,3.0,2.8,7.2,3.9
2016-12-10,70.74,Very Good,winter,70.74,Very Good,winter,70.74,Very Good,67.03,67.97,2.5,2.0,5.0,4.0,4.6,4.94144,0.8313599999999997,3.6,-1.6,47.6,47.6,0.0,1.9,9.2,0.1
2016-12-11,72.2,Very Good,winter,72.2,Very Good,winter,72.2,Very Good,69.59,68.31,2.5,2.0,5.0,4.5,4.6,7.22656,1.4485600000000005,6.4,-1.1,42.6,42.6,0.0,1.2,9.2,0.4
2016-12-12,68.84,Good,winter,68.84,Good,winter,68.84,Good,70.59,68.51,2.5,2.5,5.0,4.0,1.95,7.21908,4.21268,6.3,2.3,37.9,37.9,0.0,1.9,3.9,8.0
2016-12-13,71.76,Very Good,winter,71.76,Very Good,winter,71.76,Very Good,70.93,68.64,3.0,2.5,5.0,4.0,2.35,9.022720000000001,4.62496,8.8,3.4,53.6,53.6,0.0,2.0,4.7,4.6
2016-12-14,59.66,Acceptable,winter,59.66,Acceptable,winter,59.66,Acceptable,66.75,67.65,2.0,2.0,4.99,3.5,0.1,1.1887600000000003,0.054640000000000466,-0.1,-1.4,68.1,68.1,0.1,2.7,0.2,7.3
2016-12-15,64.54,Good,winter,64.54,Good,winter,64.54,Good,65.32,67.65,2.0,1.5,5.0,3.5,4.55,1.1772000000000005,-1.5079999999999996,-1.5,-5.0,41.8,41.8,0.0,3.0,9.1,0.0
2016-12-16,66.08,Good,winter,66.08,Good,winter,66.08,Good,63.43,67.69,2.0,1.5,5.0,4.0,4.6,2.388,-1.1896400000000003,0.0,-4.7,40.3,40.3,0.0,2.2,9.2,2.0
2016-12-17,70.66,Very Good,winter,70.66,Very Good,winter,70.66,Very Good,67.09,67.68,3.0,2.0,5.0,4.0,3.15,8.3192,3.8650800000000003,8.0,2.7,60.1,60.1,0.0,1.8,6.3,6.6
2016-12-18,68.03,Good,winter,68.03,Good,winter,68.03,Good,68.26,67.08,3.0,2.5,5.0,4.0,0.05,8.33712,5.536480000000001,8.1,4.9,68.8,68.8,0.0,1.9,0.1,8.5
2016-12-19,70.97,Very Good,winter,70.97,Very Good,winter,70.97,Very Good,69.89,67.39,3.0,2.5,4.99,4.0,1.9,11.728,7.5808,12.0,7.2,66.0,66.0,0.1,2.5,3.8,6.9
2016-12-20,78.89,Very Good,winter,78.89,Very Good,winter,78.89,Very Good,72.63,68.4,3.5,2.5,5.0,4.5,4.45,13.18672,7.87552,13.6,7.6,71.3,71.3,0.0,1.2,8.9,2.4
2016-12-21,52.37,Acceptable,winter,52.37,Acceptable,winter,52.37,Acceptable,67.41,67.36,3.0,3.0,2.1,3.0,1.7,12.3452,8.1058,12.6,7.9,75.5,75.5,29.0,3.5,3.4,8.1
2016-12-22,50.76,Acceptable,winter,50.76,Acceptable,winter,50.76,Acceptable,60.67,65.39,3.0,2.5,2.65,3.0,0.09999999999999964,10.9612,5.6746,11.0,5.5,90.3,90.3,23.5,3.5,0.0,9.8
2016-12-23,56.3,Acceptable,winter,56.3,Acceptable,winter,56.3,Acceptable,53.14,64.0,2.0,1.5,4.99,3.0,0.4,2.4826,-1.0549999999999997,1.5,-2.5,71.1,71.1,0.1,3.6,0.8,8.9
2016-12-24,61.14,Good,winter,61.14,Good,winter,61.14,Good,56.07,62.64,2.0,1.5,5.0,4.0,1.55,2.3104000000000005,-0.7135999999999998,1.1,-2.4,66.0,66.0,0.0,1.8,3.1,5.5
2016-12-25,68.23,Good,winter,68.23,Good,winter,68.23,Good,61.89,62.67,2.5,2.0,5.0,4.0,3.05,6.8392,2.0980000000000003,6.4,1.0,69.5,69.5,0.0,1.7,6.1,4.8
2016-12-26,65.88,Good,winter,65.88,Good,winter,65.88,Good,65.08,61.94,2.5,2.0,5.0,4.5,0.7000000000000002,4.98688,3.286,4.4,2.5,73.8,73.8,0.0,1.4,0.0,8.6
2016-12-27,62.21,Good,winter,62.21,Good,winter,62.21,Good,65.44,59.56,2.0,1.5,4.95,3.0,4.2,2.87992,-0.06631999999999971,1.3,-2.3,54.6,54.6,0.5,3.5,8.4,2.8
2016-12-28,68.27,Good,winter,68.27,Good,winter,68.27,Good,65.45,61.83,2.5,1.5,5.0,4.0,4.55,4.1096,-0.9051999999999998,2.6,-3.7,49.0,49.0,0.0,1.8,9.1,1.9
2016-12-29,64.19,Good,winter,64.19,Good,winter,64.19,Good,64.89,63.75,2.0,1.5,4.97,3.5,4.45,0.9823599999999999,-1.5360800000000006,-1.1,-4.2,53.1,53.1,0.3,2.8,8.9,1.5
2016-12-30,64.63,Good,winter,64.63,Good,winter,64.63,Good,65.7,64.94,2.0,1.5,5.0,4.5,2.8,2.7676,-1.1700399999999997,1.0,-3.9,50.9,50.9,0.0,1.3,5.6,3.0
2016-12-31,67.58,Good,winter,67.58,Good,winter,67.58,Good,65.47,65.86,2.5,2.0,5.0,4.5,1.75,6.29512,1.98712,5.7,0.7,65.4,65.4,0.0,1.5,3.5,6.6
2017-01-01,66.13,Good,winter,66.13,Good,winter,66.13,Good,66.11,65.56,2.5,2.0,5.0,4.5,0.85,7.198840000000001,3.4037200000000003,6.9,2.7,75.9,75.9,0.0,1.5,1.7,7.0
2017-01-02,69.95,Good,winter,69.95,Good,winter,69.95,Good,67.89,66.14,3.0,2.5,4.97,4.0,1.35,9.27104,5.444,9.2,5.0,77.8,77.8,0.3,2.1,2.7,7.6
2017-01-03,72.77,Very Good,winter,72.77,Very Good,winter,72.77,Very Good,69.62,67.65,3.0,2.0,5.0,4.0,4.45,8.05144,3.2224000000000004,7.7,2.0,61.8,61.8,0.0,1.8,8.9,1.1
2017-01-04,74.92,Very Good,winter,74.92,Very Good,winter,74.92,Very Good,72.55,68.6,3.0,2.5,5.0,4.0,4.3,9.098,4.997999999999999,8.9,3.9,55.0,55.0,0.0,1.7,8.6,2.6
2017-01-05,65.52,Good,winter,65.52,Good,winter,65.52,Good,71.07,68.79,2.5,2.5,5.0,3.5,0.7999999999999998,7.81516,4.98296,7.3,3.8,52.3,52.3,0.0,3.1,0.0,8.4
2017-01-06,72.81,Very Good,winter,72.81,Very Good,winter,72.81,Very Good,71.08,69.95,3.0,2.5,5.0,4.0,3.0,11.1676,6.163600000000001,11.4,5.4,58.5,58.5,0.0,2.4,6.0,4.1
2017-01-07,75.08,Very Good,winter,75.08,Very Good,winter,75.08,Very Good,71.14,71.03,3.0,2.5,5.0,4.5,3.5,10.4298,5.35816,10.5,4.6,64.9,64.9,0.0,1.4,7.0,3.0
2017-01-08,68.84,Good,winter,68.84,Good,winter,68.84,Good,72.24,71.41,3.0,2.5,5.0,3.5,1.45,10.76104,7.0404,10.9,6.5,61.4,61.4,0.0,2.6,2.9,8.1
2017-01-09,66.85,Good,winter,66.85,Good,winter,66.85,Good,70.26,70.97,2.5,2.0,5.0,3.5,3.1,5.19376,2.8328,4.3,1.5,60.8,60.8,0.0,3.3,6.2,4.3
2017-01-10,64.54,Good,winter,64.54,Good,winter,64.54,Good,66.74,69.79,2.0,1.5,5.0,3.5,4.55,3.05444,-0.6914800000000003,1.1,-3.7,45.1,45.1,0.0,3.2,9.1,0.8
2017-01-11,66.08,Good,winter,66.08,Good,winter,66.08,Good,65.82,68.53,2.0,1.5,5.0,4.0,4.6,3.6624000000000003,-0.2892799999999993,1.5,-3.8,36.4,36.4,0.0,2.1,9.2,1.9
2017-01-12,66.53,Good,winter,66.53,Good,winter,66.53,Good,65.72,68.68,2.0,2.0,5.0,3.5,4.3,3.0484,0.5767199999999995,1.0,-2.2,43.1,43.1,0.0,3.1,8.6,2.1
2017-01-13,61.34,Good,winter,61.34,Good,winter,61.34,Good,64.65,67.04,2.0,1.5,4.94,3.5,2.8,0.9985600000000003,-2.6335999999999995,-1.4,-6.0,47.4,47.4,0.6,2.9,5.6,1.8
2017-01-14,60.89,Good,winter,60.89,Good,winter,60.89,Good,62.92,65.01,1.5,1.5,5.0,3.0,4.6,-1.2912800000000004,-3.4908800000000006,-5.4,-8.4,33.3,33.3,0.0,3.8,9.2,0.0
2017-01-15,66.08,Good,winter,66.08,Good,winter,66.08,Good,62.77,64.62,2.0,1.5,5.0,4.0,4.6,1.9209200000000002,-2.303919999999999,-0.9,-6.6,35.3,35.3,0.0,2.3,9.2,0.0
2017-01-16,69.81,Good,winter,69.81,Good,winter,69.81,Good,65.59,65.04,2.5,1.5,5.0,4.5,4.6,5.4976,-0.3555199999999994,4.0,-3.8,37.6,37.6,0.0,1.4,9.2,0.1
2017-01-17,71.72,Very Good,winter,71.72,Very Good,winter,71.72,Very Good,69.2,66.06,2.5,2.0,5.0,4.5,4.3,4.80976,0.5632000000000006,3.4,-2.0,46.6,46.6,0.0,1.5,8.6,4.4
2017-01-18,64.02,Good,winter,64.02,Good,winter,64.02,Good,68.52,65.77,2.0,2.0,5.0,4.5,0.95,3.69568,0.8061999999999998,2.8,-0.5,68.9,68.9,0.0,1.3,1.9,4.0
2017-01-19,71.31,Very Good,winter,71.31,Very Good,winter,71.31,Very Good,69.02,66.45,2.5,2.0,5.0,4.5,4.05,5.64552,0.7980800000000001,4.7,-1.2,55.4,55.4,0.0,1.6,8.1,6.3
2017-01-20,57.3,Acceptable,winter,57.3,Acceptable,winter,57.3,Acceptable,64.21,65.88,1.5,1.5,4.6,3.5,3.0,-0.0456799999999995,-2.68928,-1.4,-4.4,70.3,70.3,4.0,3.0,6.0,4.8
2017-01-21,61.47,Good,winter,61.47,Good,winter,61.47,Good,63.36,65.96,2.0,1.5,4.79,4.5,1.65,0.054840000000000444,-3.86848,-0.9,-5.2,78.1,78.1,2.1,1.6,3.3,5.3
2017-01-22,58.42,Acceptable,winter,58.42,Acceptable,winter,58.42,Acceptable,59.06,64.86,1.5,1.0,5.0,3.0,4.55,-0.7091599999999998,-4.7351600000000005,-3.3,-8.3,51.3,51.3,0.0,3.8,9.1,0.0
2017-01-23,61.58,Good,winter,61.58,Good,winter,61.58,Good,60.49,63.69,1.5,1.0,5.0,4.0,4.7,-1.1897599999999993,-4.999040000000001,-4.1,-8.9,48.4,48.4,0.0,2.2,9.4,0.0
2017-01-24,66.24,Good,winter,66.24,Good,winter,66.24,Good,62.08,62.91,2.0,1.5,5.0,4.0,4.7,0.9780800000000001,-3.5727999999999995,-1.3,-7.0,49.6,49.6,0.0,2.0,9.4,0.0
2017-01-25,67.78,Good,winter,67.78,Good,winter,67.78,Good,65.2,63.44,2.0,1.5,5.0,4.5,4.75,2.69816,-2.19648,0.9,-5.2,50.6,50.6,0.0,1.5,9.5,0.0
2017-01-26,67.72,Good,winter,67.72,Good,winter,67.72,Good,67.25,62.93,2.5,2.0,4.97,4.0,2.85,4.33984,0.30912000000000006,3.4,-1.3,64.4,64.4,0.3,2.2,5.7,6.9
2017-01-27,67.44,Good,winter,67.44,Good,winter,67.44,Good,67.65,64.38,2.5,2.0,4.7,3.5,4.6,4.55452,0.05608000000000013,3.1,-2.6,47.3,47.3,3.0,3.4,9.2,1.6
2017-01-28,69.61,Good,winter,69.61,Good,winter,69.61,Good,68.26,65.54,2.5,2.0,5.0,4.0,3.9,5.7136,1.2767999999999997,4.3,-1.6,38.0,38.0,0.0,1.7,7.8,6.6
2017-01-29,58.58,Acceptable,winter,58.58,Acceptable,winter,58.58,Acceptable,65.21,65.56,2.0,2.0,4.55,4.0,0.20000000000000018,3.367,1.86352,2.5,0.8,71.1,71.1,4.5,1.8,0.0,9.6
2017-01-30,64.16,Good,winter,64.16,Good,winter,64.16,Good,64.12,65.93,2.0,1.5,4.99,3.5,4.35,0.7829600000000002,-2.5148799999999993,-0.9,-4.8,61.4,61.4,0.1,3.3,8.7,2.9
2017-01-31,65.27,Good,winter,65.27,Good,winter,65.27,Good,62.67,65.79,2.0,1.5,5.0,4.0,4.1,2.3638400000000006,-1.9996800000000001,0.2,-5.4,44.8,44.8,0.0,1.7,8.2,3.1
2017-02-01,66.33,Good,winter,66.33,Good,winter,66.33,Good,65.25,65.59,2.0,1.5,5.0,4.0,4.75,2.7645999999999997,-0.8919999999999999,0.7,-4.0,44.5,44.5,0.0,2.5,9.5,1.4
2017-02-02,67.22,Good,winter,67.22,Good,winter,67.22,Good,66.27,65.52,2.5,1.5,5.0,3.5,4.8,4.5622799999999994,-0.30732000000000026,3.3,-2.7,52.9,52.9,0.0,2.7,9.6,1.3
2017-02-03,72.2,Very Good,winter,72.2,Very Good,winter,72.2,Very Good,68.58,66.2,2.5,2.0,5.0,4.5,4.6,7.15672,2.6764,6.7,1.5,65.4,65.4,0.0,1.5,9.2,2.3
2017-02-04,65.56,Good,winter,65.56,Good,winter,65.56,Good,68.33,65.62,2.5,2.0,5.0,4.5,0.5,4.03232,2.0138399999999996,3.2,0.9,69.4,69.4,0.0,1.6,1.0,7.0
2017-02-05,62.9,Good,winter,62.9,Good,winter,62.9,Good,66.89,66.23,2.0,2.0,4.95,4.0,1.35,3.0607599999999997,2.06944,2.3,1.2,75.3,75.3,0.5,2.1,0.0,7.3
2017-02-06,69.77,Good,winter,69.77,Good,winter,69.77,Good,66.08,67.04,2.5,2.0,5.0,3.5,4.9,4.0504,0.5931999999999997,2.6,-1.7,51.0,51.0,0.0,3.0,9.8,0.0
2017-02-07,68.07,Good,winter,68.07,Good,winter,68.07,Good,66.91,67.44,2.5,2.0,5.0,4.5,2.05,4.5288,0.6208000000000005,3.0,-2.0,45.4,45.4,0.0,1.5,4.1,5.3
2017-02-08,61.99,Good,winter,61.99,Good,winter,61.99,Good,66.61,66.82,2.0,2.0,5.0,4.0,0.6,2.47624,0.23511999999999977,0.6,-2.2,50.1,50.1,0.0,2.0,1.2,6.8
2017-02-09,62.84,Good,winter,62.84,Good,winter,62.84,Good,64.3,66.19,2.0,1.5,5.0,3.0,4.4,0.46519999999999984,-2.056399999999999,-2.1,-5.3,47.0,47.0,0.0,3.8,8.8,1.5
2017-02-10,63.49,Good,winter,63.49,Good,winter,63.49,Good,62.77,64.95,2.0,1.5,5.0,3.0,4.8,0.28500000000000014,-2.901519999999999,-2.5,-6.6,44.3,44.3,0.0,4.1,9.6,0.9
2017-02-11,65.03,Good,winter,65.03,Good,winter,65.03,Good,63.79,64.87,2.0,1.5,5.0,3.5,4.85,2.80928,-1.5676799999999993,0.8,-4.8,45.4,45.4,0.0,2.8,9.7,0.3
2017-02-12,71.23,Very Good,winter,71.23,Very Good,winter,71.23,Very Good,66.58,66.06,2.5,2.0,5.0,4.0,4.9,5.32984,0.17655999999999983,4.2,-2.2,51.3,51.3,0.0,2.1,9.8,0.0
2017-02-13,69.93,Good,winter,69.93,Good,winter,69.93,Good,68.73,66.08,2.5,2.0,5.0,4.5,3.2,6.73024,1.6998400000000005,6.1,0.1,59.6,59.6,0.0,1.6,6.4,4.3
2017-02-14,71.23,Very Good,winter,71.23,Very Good,winter,71.23,Very Good,70.8,66.53,2.5,2.0,5.0,4.0,4.9,7.256,2.3952,6.5,0.3,46.0,46.0,0.0,2.5,9.8,0.0
2017-02-15,74.23,Very Good,winter,74.23,Very Good,winter,74.23,Very Good,71.8,68.28,3.0,2.0,5.0,4.5,4.45,8.3832,3.37112,8.0,1.8,52.1,52.1,0.0,1.4,8.9,0.0
2017-02-16,69.65,Good,winter,69.65,Good,winter,69.65,Good,71.7,69.26,3.0,2.5,5.0,4.0,1.05,10.256680000000001,6.1498,10.3,5.5,63.9,63.9,0.0,2.0,2.1,5.8
2017-02-17,67.88,Good,winter,67.88,Good,winter,67.88,Good,70.59,69.88,3.0,2.0,4.6,3.0,4.75,9.1724,2.38608,9.0,0.8,56.9,56.9,4.0,3.9,9.5,3.1
2017-02-18,67.54,Good,winter,67.54,Good,winter,67.54,Good,68.36,70.24,2.5,1.5,5.0,3.5,5.0,4.33704,-0.049760000000000026,2.9,-2.6,49.4,49.4,0.0,2.8,10.0,0.6
2017-02-19,63.65,Good,winter,63.65,Good,winter,63.65,Good,66.36,69.16,2.5,2.0,4.9,4.0,0.6,6.2504,3.2855999999999996,5.7,2.3,68.0,68.0,1.0,1.9,1.2,7.0
2017-02-20,68.08,Good,winter,68.08,Good,winter,68.08,Good,66.42,68.89,2.5,2.0,4.95,3.0,4.95,6.2500800000000005,0.6252000000000004,5.4,-1.5,53.8,53.8,0.5,4.2,9.9,2.5
2017-02-21,72.77,Very Good,winter,72.77,Very Good,winter,72.77,Very Good,68.17,69.11,2.5,2.0,5.0,4.5,4.95,7.67996,2.06696,6.9,-0.6,37.1,37.1,0.0,1.6,9.9,4.5
2017-02-22,56.51,Acceptable,winter,56.51,Acceptable,winter,56.51,Acceptable,65.79,66.58,2.0,2.0,4.49,3.5,0.04999999999999982,3.72928,2.6694400000000003,2.9,1.7,70.8,70.8,5.1,2.7,0.0,9.9
2017-02-23,66.2,Good,winter,66.2,Good,winter,66.2,Good,65.16,66.09,2.0,2.0,5.0,3.0,5.0,3.4777600000000004,0.5056000000000003,2.1,-1.5,56.4,56.4,0.0,3.8,10.2,1.1
2017-02-24,70.58,Very Good,winter,70.58,Very Good,winter,70.58,Very Good,64.43,66.48,2.5,2.0,5.0,4.0,4.5,5.490880000000001,1.3038399999999999,4.4,-0.8,51.3,51.3,0.0,2.2,9.0,2.1
2017-02-25,73.66,Very Good,winter,73.66,Very Good,winter,73.66,Very Good,70.15,67.35,3.0,2.0,5.0,4.0,5.0,8.63296,3.6774400000000003,8.4,2.6,63.6,63.6,0.0,2.3,10.1,1.8
2017-02-26,76.05,Very Good,winter,76.05,Very Good,winter,76.05,Very Good,73.43,69.12,3.0,2.5,5.0,4.0,5.0,10.08112,4.80832,10.1,3.6,52.8,52.8,0.0,2.1,10.3,0.1
2017-02-27,76.05,Very Good,winter,76.05,Very Good,winter,76.1,Very Good,75.25,70.26,3.0,2.5,5.0,4.0,5.0,10.52472,5.27752,10.7,3.7,37.4,37.4,0.0,1.8,10.6,0.0
2017-02-28,75.89,Very Good,winter,75.89,Very Good,winter,75.98,Very Good,76.0,70.71,3.0,2.5,5.0,4.0,4.9,11.761800000000001,6.6296,12.3,5.6,41.5,41.5,0.0,2.0,9.8,2.1
2017-03-01,64.34,Good,spring,65.85,Good,winter,65.69,Good,72.6,72.04,3.0,2.5,4.5,4.0,0.6,11.204,5.7,11.4,5.0,65.0,65.0,5.0,1.8,1.2,9.8
2017-03-02,70.94,Very Good,spring,69.38,Good,winter,69.6,Good,70.37,72.49,2.5,2.0,4.95,3.5,4.85,7.1508,3.1284,6.6,1.8,59.5,59.5,0.5,3.1,9.7,4.1
2017-03-03,77.41,Very Good,spring,76.05,Very Good,winter,76.29,Very Good,70.43,73.28,3.0,2.5,5.0,4.0,5.0,10.32704,4.52208,10.4,3.3,54.4,54.4,0.0,2.1,10.5,1.3
2017-03-04,78.72,Very Good,spring,77.51,Very Good,winter,77.77,Very Good,74.31,73.83,3.0,2.5,5.0,4.5,5.0,12.267999999999999,6.388,12.7,5.7,60.0,60.0,0.0,1.6,10.7,0.1
2017-03-05,72.77,Very Good,spring,72.67,Very Good,winter,72.69,Very Good,75.41,73.34,3.0,2.5,4.95,4.0,3.1,10.354560000000001,5.74528,10.4,5.2,71.6,71.6,0.5,2.1,6.2,6.1
2017-03-06,70.28,Very Good,spring,68.47,Good,winter,68.99,Good,72.88,72.26,2.5,2.0,5.0,3.0,5.0,5.4088,2.4245200000000002,4.0,0.1,41.3,41.3,0.0,4.0,10.9,0.5
2017-03-07,70.28,Very Good,spring,68.47,Good,winter,69.05,Good,69.87,71.2,2.5,2.0,5.0,3.0,5.0,4.675,1.5250000000000001,2.9,-1.3,37.5,37.5,0.0,3.9,10.9,1.0
2017-03-08,69.42,Good,spring,68.39,Good,winter,68.76,Good,68.44,71.56,2.5,2.0,5.0,3.5,4.05,5.9879999999999995,1.89576,5.0,-0.1,50.6,50.6,0.0,3.1,8.1,2.8
2017-03-09,76.1,Very Good,spring,74.59,Very Good,winter,75.18,Very Good,70.48,72.31,3.0,2.5,5.0,3.5,5.0,10.552439999999999,4.63344,10.7,3.2,47.3,47.3,0.0,3.1,10.5,0.8
2017-03-10,77.41,Very Good,spring,76.05,Very Good,winter,76.63,Very Good,73.01,72.31,3.0,2.5,5.0,4.0,5.0,11.64912,6.10208,12.2,4.8,37.4,37.4,0.0,2.2,10.9,0.1
2017-03-11,79.99,Very Good,spring,78.32,Very Good,winter,79.1,Very Good,76.32,72.42,3.5,2.5,5.0,4.0,5.0,15.022319999999999,7.97608,16.7,7.3,37.4,37.4,0.0,1.8,11.0,3.0
2017-03-12,73.14,Very Good,spring,73.14,Very Good,spring,73.81,Very Good,75.84,72.49,3.5,3.0,5.0,4.0,1.15,13.3344,8.499519999999999,14.0,8.2,58.4,58.4,0.0,2.0,2.3,9.0
2017-03-13,77.41,Very Good,spring,77.41,Very Good,spring,76.78,Very Good,76.29,73.77,3.0,2.5,5.0,4.0,5.0,11.758239999999999,7.522480000000001,12.2,6.9,49.8,49.8,0.0,2.5,10.3,3.4
2017-03-14,76.1,Very Good,spring,76.1,Very Good,spring,75.45,Very Good,75.55,74.86,3.0,2.5,5.0,3.5,5.0,10.675,6.85,10.9,5.8,37.5,37.5,0.0,3.2,11.2,0.5
2017-03-15,77.41,Very Good,spring,77.41,Very Good,spring,76.88,Very Good,76.97,76.15,3.0,2.5,5.0,4.0,5.0,12.44068,7.2634799999999995,13.3,6.3,34.9,34.9,0.0,2.1,11.2,0.1
2017-03-16,77.41,Very Good,spring,77.41,Very Good,spring,76.92,Very Good,76.97,76.55,3.0,2.5,5.0,4.0,5.0,12.60848,7.08464,13.4,6.2,41.8,41.8,0.0,1.9,10.8,3.0
2017-03-17,81.92,Excellent,spring,81.92,Excellent,spring,81.53,Excellent,78.91,77.39,3.5,3.0,5.0,4.0,5.0,14.40268,8.22348,15.7,7.7,43.1,43.1,0.0,2.0,10.9,1.9
2017-03-18,81.01,Excellent,spring,81.01,Excellent,spring,80.74,Excellent,80.11,77.77,3.5,3.0,5.0,4.0,4.6,14.492040000000001,9.6318,16.1,9.5,34.1,34.1,0.0,2.3,9.2,3.5
2017-03-19,83.23,Excellent,spring,83.23,Excellent,spring,82.96,Excellent,82.05,79.21,3.5,3.0,5.0,4.5,5.0,16.621599999999997,10.6696,18.9,10.9,36.0,36.0,0.0,1.6,10.9,0.3
2017-03-20,72.46,Very Good,spring,72.46,Very Good,spring,72.79,Very Good,78.9,78.51,3.5,3.0,5.0,4.0,0.8499999999999996,14.1888,10.15232,15.5,10.2,40.4,40.4,0.0,1.8,0.0,8.3
2017-03-21,75.19,Very Good,spring,75.19,Very Good,spring,74.97,Very Good,76.96,78.38,3.0,2.5,5.0,3.5,4.6,12.06024,7.93976,12.6,7.4,48.1,48.1,0.0,3.1,9.2,2.0
2017-03-22,79.34,Very Good,spring,79.34,Very Good,spring,79.21,Very Good,75.66,78.65,3.0,3.0,5.0,4.0,5.0,12.99792,8.24512,14.1,7.6,32.8,32.8,0.0,2.5,10.3,4.8
2017-03-23,80.32,Excellent,spring,80.32,Excellent,spring,80.24,Excellent,78.28,79.07,3.5,3.0,5.0,4.0,4.3,13.68,9.3376,15.0,9.1,34.0,34.0,0.0,2.2,8.6,4.6
2017-03-24,79.53,Very Good,spring,79.53,Very Good,spring,79.49,Very Good,79.73,78.73,3.5,3.0,5.0,4.0,3.95,13.981119999999999,9.004719999999999,15.2,8.7,41.4,41.4,0.0,2.1,7.9,6.8
2017-03-25,74.67,Very Good,spring,74.67,Very Good,spring,74.68,Very Good,78.17,77.82,3.0,3.0,5.0,4.0,2.95,11.98744,8.54764,12.6,8.1,41.1,41.1,0.0,2.1,5.9,6.0
2017-03-26,72.17,Very Good,spring,72.17,Very Good,spring,72.17,Very Good,75.46,76.24,3.0,2.5,5.0,4.0,2.7,11.29984,7.80652,11.6,7.3,53.1,53.1,0.0,2.2,5.4,7.1
2017-03-27,69.76,Good,spring,69.76,Good,spring,69.76,Good,72.2,75.85,3.0,2.5,4.96,4.0,1.75,10.78264,6.60856,10.9,6.1,67.4,67.4,0.4,2.5,3.5,6.0
2017-03-28,73.88,Very Good,spring,73.88,Very Good,spring,73.88,Very Good,71.94,75.67,3.0,2.5,5.0,4.0,3.45,12.265839999999999,7.566319999999999,12.7,7.1,59.8,59.8,0.0,1.9,6.9,6.4
2017-03-29,81.92,Excellent,spring,81.92,Excellent,spring,81.92,Excellent,75.19,76.04,3.5,3.0,5.0,4.0,5.0,13.60624,9.016480000000001,14.4,8.8,54.9,54.9,0.0,2.3,10.8,4.3
2017-03-30,80.89,Excellent,spring,80.89,Excellent,spring,80.89,Excellent,78.9,76.12,3.5,3.0,5.0,4.0,4.55,15.680000000000001,10.48,17.1,10.6,50.0,50.0,0.0,1.9,9.1,4.9
2017-03-31,67.26,Good,spring,67.26,Good,spring,67.26,Good,76.69,74.36,3.0,3.0,4.85,4.0,0.1,12.11776,8.76464,12.4,8.6,70.6,70.6,1.5,2.4,0.2,8.3
2017-04-01,81.31,Excellent,spring,81.31,Excellent,spring,81.31,Excellent,76.49,75.31,3.5,3.0,4.9,4.0,5.0,14.2942,9.158,15.1,9.0,60.5,60.5,1.0,2.1,10.3,4.8
2017-04-02,81.92,Excellent,spring,81.92,Excellent,spring,81.92,Excellent,76.83,76.71,3.5,3.0,5.0,4.0,5.0,14.711920000000001,9.1876,15.8,9.0,53.1,53.1,0.0,2.1,11.6,0.9
2017-04-03,81.92,Excellent,spring,81.92,Excellent,spring,81.92,Excellent,81.72,78.44,3.5,3.0,5.0,4.0,5.0,17.198079999999997,11.09536,19.2,11.4,45.6,45.6,0.0,2.1,11.7,0.0
2017-04-04,86.43,Excellent,spring,86.43,Excellent,spring,86.43,Excellent,83.42,80.24,4.0,3.5,5.0,4.0,5.0,18.74616,13.03892,21.8,14.1,35.3,35.3,0.0,2.0,10.9,4.0
2017-04-05,47.83,Marginal,spring,47.83,Marginal,spring,47.83,Marginal,72.06,75.37,3.5,3.0,1.25,4.0,0.04999999999999982,13.6288,11.728,14.2,12.0,66.0,66.0,37.5,2.4,0.0,9.9
2017-04-06,66.46,Good,spring,66.46,Good,spring,66.46,Good,66.91,73.3,3.0,3.0,4.7,4.0,0.15,12.304,10.384,12.4,10.4,90.0,90.0,3.0,2.4,0.3,9.6
2017-04-07,87.87,Excellent,spring,87.87,Excellent,spring,87.87,Excellent,67.39,76.25,4.5,3.5,5.0,4.0,4.5,21.7774,13.9258,23.5,14.5,68.1,68.1,0.0,2.1,9.0,6.8
2017-04-08,80.66,Excellent,spring,80.66,Excellent,spring,80.66,Excellent,78.33,76.16,4.0,3.0,4.95,4.0,3.45,18.8902,12.693999999999999,19.9,13.0,74.5,74.5,0.5,2.5,6.9,8.3
2017-04-09,81.05,Excellent,spring,81.05,Excellent,spring,81.05,Excellent,83.19,76.03,4.0,3.5,4.95,3.5,3.35,18.8032,14.024320000000001,20.5,14.8,59.6,59.6,0.5,2.8,6.7,8.0
2017-04-10,85.12,Excellent,spring,85.12,Excellent,spring,85.12,Excellent,82.28,76.49,4.0,3.5,5.0,3.5,5.0,19.35256,14.5708,23.3,16.5,25.8,25.8,0.0,2.8,11.7,5.5
2017-04-11,81.4,Excellent,spring,81.4,Excellent,spring,81.4,Excellent,82.52,75.77,3.5,3.5,5.0,3.5,4.5,17.62144,13.96016,20.2,15.3,36.8,36.8,0.0,3.2,9.0,5.3
2017-04-12,79.3,Very Good,spring,79.3,Very Good,spring,79.3,Very Good,81.94,80.27,3.5,3.0,5.0,3.0,5.0,14.398079999999998,11.0308,16.4,11.5,21.8,21.8,0.0,3.7,11.2,1.9
2017-04-13,81.24,Excellent,spring,81.24,Excellent,spring,81.24,Excellent,80.65,82.38,3.5,3.0,5.0,4.0,4.7,17.8336,12.203199999999999,19.6,12.7,54.0,54.0,0.0,2.5,9.4,3.0
2017-04-14,69.5,Good,spring,69.5,Good,spring,69.5,Good,76.68,79.75,3.5,3.0,4.4,3.0,2.3,16.40332,12.4948,17.7,13.0,57.9,57.9,6.0,3.5,4.6,6.9
2017-04-15,88.78,Excellent,spring,88.78,Excellent,spring,88.78,Excellent,79.84,80.91,4.5,3.5,5.0,4.0,4.9,21.97768,15.69568,24.3,16.8,59.4,59.4,0.0,2.2,9.8,3.3
2017-04-16,86.33,Excellent,spring,86.33,Excellent,spring,86.33,Excellent,81.54,81.67,4.5,3.5,5.0,4.5,3.25,21.68704,17.06092,24.4,18.7,52.9,52.9,0.0,1.4,6.5,8.1
2017-04-17,69.9,Good,spring,69.9,Good,spring,69.9,Good,81.67,79.49,3.5,3.5,4.45,4.0,0.35,16.928,14.0702,18.0,14.7,66.5,66.5,5.5,2.2,0.7,8.3
2017-04-18,69.04,Good,spring,69.04,Good,spring,69.04,Good,75.09,77.73,3.5,3.0,4.25,4.0,1.35,16.7044,11.540199999999999,17.4,11.7,76.5,76.5,7.5,2.5,2.7,5.3
2017-04-19,80.61,Excellent,spring,80.61,Excellent,spring,80.61,Excellent,73.18,77.91,3.5,3.0,5.0,3.5,5.0,16.48816,12.00824,18.4,12.6,43.1,43.1,0.0,2.9,12.3,2.0
2017-04-20,73.42,Very Good,spring,73.42,Very Good,spring,73.42,Very Good,74.36,76.8,3.5,3.0,4.99,4.0,1.3,16.409119999999998,12.26664,18.2,12.9,45.4,45.4,0.1,2.3,2.6,7.4
2017-04-21,80.21,Excellent,spring,80.21,Excellent,spring,80.21,Excellent,78.08,78.33,3.5,3.0,5.0,4.0,4.25,17.6818,12.560599999999999,19.3,13.1,56.5,56.5,0.0,2.0,8.5,3.1
2017-04-22,86.43,Excellent,spring,86.43,Excellent,spring,86.43,Excellent,80.02,77.99,4.0,3.5,5.0,4.0,5.0,19.92,13.809280000000001,22.5,14.8,48.4,48.4,0.0,2.1,12.4,0.5
2017-04-23,86.43,Excellent,spring,86.43,Excellent,spring,86.43,Excellent,84.36,78.01,4.0,3.5,5.0,4.0,5.0,18.892,13.724,21.7,14.9,40.0,40.0,0.0,2.4,12.6,0.1
2017-04-24,85.12,Excellent,spring,85.12,Excellent,spring,85.12,Excellent,85.99,80.18,4.0,3.5,5.0,3.5,5.0,18.56088,13.86376,21.3,15.1,39.4,39.4,0.0,2.7,12.1,4.8
2017-04-25,79.08,Very Good,spring,79.08,Very Good,spring,79.08,Very Good,83.54,81.61,4.0,3.5,5.0,3.5,2.35,18.60288,14.9632,20.4,16.0,56.8,56.8,0.0,2.7,4.7,7.9
2017-04-26,82.54,Excellent,spring,82.54,Excellent,spring,82.54,Excellent,82.25,81.89,3.5,3.5,5.0,3.5,5.0,17.5888,13.7944,20.2,15.1,36.0,36.0,0.0,3.3,12.6,2.0
2017-04-27,80.61,Excellent,spring,80.61,Excellent,spring,80.61,Excellent,80.74,82.92,3.5,3.0,5.0,3.5,5.0,17.51856,12.76192,19.8,13.6,41.8,41.8,0.0,3.3,12.8,0.4
2017-04-28,85.12,Excellent,spring,85.12,Excellent,spring,85.12,Excellent,82.76,83.62,4.0,3.5,5.0,3.5,5.0,19.5358,13.64848,21.5,14.4,57.3,57.3,0.0,3.0,12.2,3.3
2017-04-29,87.7,Excellent,spring,87.7,Excellent,spring,87.7,Excellent,84.48,83.8,4.5,3.5,5.0,3.5,5.0,20.64764,15.518120000000001,23.7,17.1,44.3,44.3,0.0,2.7,12.5,0.0
2017-04-30,87.7,Excellent,spring,87.7,Excellent,spring,87.7,Excellent,86.84,83.98,4.5,3.5,5.0,3.5,5.0,24.80248,17.73388,27.8,19.3,57.9,57.9,0.0,2.6,11.4,0.0
2017-05-01,90.94,Ideal,spring,90.94,Ideal,spring,90.94,Ideal,88.78,84.81,4.5,4.0,5.0,4.0,5.0,24.69856,18.11232,28.3,20.1,50.8,50.8,0.0,1.9,11.9,0.0
2017-05-02,92.04,Ideal,spring,92.04,Ideal,spring,92.04,Ideal,90.23,86.66,5.0,4.0,5.0,4.0,4.35,23.823999999999998,18.217599999999997,28.0,20.7,42.0,42.0,0.0,2.1,8.7,3.1
2017-05-03,90.94,Ideal,spring,90.94,Ideal,spring,90.94,Ideal,91.31,87.86,4.5,4.0,5.0,4.0,5.0,24.87528,18.4686,30.2,21.5,34.1,34.1,0.0,2.0,12.6,0.0
2017-05-04,91.24,Ideal,spring,91.24,Ideal,spring,91.24,Ideal,91.41,89.38,5.0,4.0,5.0,4.0,4.0,23.552,18.5184,27.5,21.0,43.6,43.6,0.0,2.0,8.0,7.4
2017-05-05,92.21,Ideal,spring,92.21,Ideal,spring,92.21,Ideal,91.46,90.4,5.0,4.0,5.0,3.5,5.0,23.8312,18.86824,27.0,20.9,53.4,53.4,0.0,3.2,11.6,5.1
2017-05-06,81.23,Excellent,spring,81.23,Excellent,spring,81.23,Excellent,88.23,89.47,3.5,3.5,5.0,3.0,5.0,16.770400000000002,13.5672,19.3,14.9,32.0,32.0,0.0,3.8,12.4,0.9
2017-05-07,85.12,Excellent,spring,85.12,Excellent,spring,85.12,Excellent,86.19,89.1,4.0,3.5,5.0,3.5,5.0,19.86112,15.08464,22.8,16.6,42.6,42.6,0.0,3.2,12.6,0.5
2017-05-08,84.56,Excellent,spring,84.56,Excellent,spring,84.56,Excellent,83.64,88.19,4.5,3.5,5.0,4.0,3.05,20.4544,16.117759999999997,23.5,17.9,43.6,43.6,0.0,2.1,6.1,7.3
2017-05-09,78.88,Very Good,spring,78.88,Very Good,spring,78.88,Very Good,82.85,86.31,4.5,3.5,4.75,4.5,0.65,20.715040000000002,16.037840000000003,22.6,17.1,62.6,62.6,2.5,1.6,1.3,9.4
2017-05-10,81.49,Excellent,spring,81.49,Excellent,spring,81.49,Excellent,81.64,84.96,4.0,3.5,4.75,4.0,3.5,19.6336,15.708799999999998,20.8,16.4,73.0,73.0,2.5,2.5,7.0,6.9
2017-05-11,88.16,Excellent,spring,88.16,Excellent,spring,88.16,Excellent,82.84,84.52,5.0,4.0,5.0,4.0,2.65,22.74576,18.00916,24.8,19.3,65.3,65.3,0.0,1.8,5.3,7.6
2017-05-12,79.24,Very Good,spring,79.24,Very Good,spring,79.24,Very Good,82.96,82.67,4.0,4.0,5.0,4.0,1.0,19.83904,18.06624,21.1,19.1,71.6,71.6,0.0,2.1,0.0,8.0
2017-05-13,75.16,Very Good,spring,75.16,Very Good,spring,75.16,Very Good,80.85,81.8,4.5,3.5,4.4,3.5,1.1,21.48112,15.831679999999999,22.6,16.4,77.8,77.8,6.0,3.1,2.2,6.8
2017-05-14,83.81,Excellent,spring,83.81,Excellent,spring,83.81,Excellent,79.4,81.61,4.0,3.5,5.0,3.0,5.0,18.915239999999997,14.749239999999999,20.7,15.7,58.3,58.3,0.0,3.7,13.1,0.6
2017-05-15,82.95,Excellent,spring,82.95,Excellent,spring,82.95,Excellent,80.64,81.38,4.0,3.5,5.0,3.5,4.05,18.54056,15.073599999999999,20.1,16.0,61.4,61.4,0.0,2.8,8.1,5.5
2017-05-16,88.55,Excellent,spring,88.55,Excellent,spring,88.55,Excellent,85.1,82.77,4.5,3.5,5.0,4.0,4.8,20.3566,15.978200000000001,22.3,17.1,60.5,60.5,0.0,2.0,9.6,6.4
2017-05-17,91.59,Ideal,spring,91.59,Ideal,spring,91.59,Ideal,87.7,84.21,5.0,3.5,5.0,4.0,5.0,22.8154,16.9316,25.9,18.6,51.5,51.5,0.0,2.1,13.2,0.6
2017-05-18,91.59,Ideal,spring,91.59,Ideal,spring,91.59,Ideal,90.58,84.7,5.0,3.5,5.0,4.0,5.0,22.97244,17.98304,26.9,20.4,41.9,41.9,0.0,2.3,12.9,1.5
2017-05-19,92.21,Ideal,spring,92.21,Ideal,spring,92.21,Ideal,91.8,86.55,5.0,4.0,5.0,3.5,5.0,23.79016,18.55144,27.9,21.1,42.6,42.6,0.0,2.6,13.3,0.0
2017-05-20,93.52,Ideal,spring,93.52,Ideal,spring,93.52,Ideal,92.44,89.17,5.0,4.0,5.0,4.0,5.0,23.4248,18.458399999999997,27.3,20.9,44.0,44.0,0.0,2.4,13.0,5.1
2017-05-21,93.52,Ideal,spring,93.52,Ideal,spring,93.52,Ideal,93.08,90.56,5.0,4.0,5.0,4.0,5.0,23.946240000000003,19.1126,27.6,21.5,48.1,48.1,0.0,2.3,11.9,2.8
2017-05-22,90.94,Ideal,spring,90.94,Ideal,spring,90.94,Ideal,92.66,91.7,4.5,4.0,5.0,4.0,5.0,24.6592,19.609920000000002,28.0,21.8,53.6,53.6,0.0,2.0,11.8,2.8
2017-05-23,81.82,Excellent,spring,81.82,Excellent,spring,81.82,Excellent,88.76,90.74,5.0,4.0,4.5,4.0,1.2,22.5568,18.72,24.4,20.0,68.0,68.0,5.0,1.9,2.4,9.1
2017-05-24,90.88,Ideal,spring,90.88,Ideal,spring,90.88,Ideal,87.88,90.64,4.5,4.0,4.99,4.0,5.0,24.98048,19.930880000000002,27.8,21.8,60.4,60.4,0.1,2.0,12.7,2.9
2017-05-25,87.7,Excellent,spring,87.7,Excellent,spring,87.7,Excellent,86.8,90.08,4.5,3.5,5.0,3.5,5.0,21.26656,17.198079999999997,24.4,19.2,45.6,45.6,0.0,3.4,12.8,0.9
2017-05-26,87.7,Excellent,spring,87.7,Excellent,spring,87.7,Excellent,88.76,89.44,4.5,3.5,5.0,3.5,5.0,20.1112,15.8982,23.2,17.7,41.5,41.5,0.0,2.9,11.3,1.9
2017-05-27,91.59,Ideal,spring,91.59,Ideal,spring,91.59,Ideal,89.0,89.16,5.0,3.5,5.0,4.0,5.0,22.86416,17.4518,26.4,19.5,46.1,46.1,0.0,2.2,13.5,0.1
2017-05-28,89.63,Excellent,spring,89.63,Excellent,spring,89.63,Excellent,89.64,88.61,4.5,4.0,5.0,3.5,5.0,24.362959999999998,18.98688,27.9,21.2,50.6,50.6,0.0,2.7,11.2,1.0
2017-05-29,89.95,Excellent,spring,89.95,Excellent,spring,89.95,Excellent,90.39,88.47,4.0,4.5,5.0,4.0,4.85,26.35096,20.92888,29.3,22.9,61.8,61.8,0.0,2.3,9.7,4.6
2017-05-30,92.87,Ideal,spring,92.87,Ideal,spring,92.87,Ideal,90.82,90.05,4.5,4.5,5.0,4.0,5.0,25.7122,20.526400000000002,30.3,23.6,43.5,43.5,0.0,2.4,11.1,6.0
2017-05-31,92.87,Ideal,spring,92.87,Ideal,spring,92.87,Ideal,91.9,90.33,4.5,4.5,5.0,4.0,5.0,25.60944,20.59212,29.6,23.3,49.1,49.1,0.0,1.9,10.2,5.4
2017-06-01,95.4,Ideal,summer,94.14,Ideal,spring,94.14,Ideal,93.29,91.25,5.0,4.5,5.0,3.5,5.0,23.7224,20.73576,27.0,23.3,51.8,51.8,0.0,3.1,10.6,4.3
2017-06-02,88.53,Excellent,summer,87.7,Excellent,spring,87.7,Excellent,91.57,91.25,4.5,3.5,5.0,3.5,5.0,21.69376,17.8708,25.6,20.5,37.4,37.4,0.0,2.8,12.2,3.1
2017-06-03,93.5,Ideal,summer,92.21,Ideal,spring,92.21,Ideal,91.35,91.34,5.0,4.0,5.0,3.5,5.0,22.804,18.148,26.5,20.5,44.0,44.0,0.0,3.0,13.5,1.9
2017-06-04,93.5,Ideal,summer,92.21,Ideal,spring,92.21,Ideal,90.71,91.71,5.0,4.0,5.0,3.5,5.0,23.53156,18.74692,28.1,21.7,36.9,36.9,0.0,2.6,13.6,1.8
2017-06-05,93.23,Ideal,summer,92.87,Ideal,spring,92.87,Ideal,92.43,92.12,4.5,4.5,5.0,4.0,5.0,24.883960000000002,20.41144,30.3,24.2,33.3,33.3,0.0,1.9,12.9,4.9
2017-06-06,70.86,Very Good,summer,68.41,Good,spring,68.41,Good,84.5,88.63,4.5,3.5,3.45,4.0,0.09999999999999964,21.676,17.895999999999997,23.9,19.4,60.0,60.0,15.5,2.5,0.0,9.8
2017-06-07,69.76,Good,summer,67.66,Good,spring,67.66,Good,76.31,85.03,4.0,3.5,3.75,4.0,0.1,18.88352,17.33856,19.2,17.6,91.4,91.4,12.5,2.4,0.2,8.8
2017-06-08,93.5,Ideal,summer,92.21,Ideal,spring,92.21,Ideal,76.09,84.75,5.0,4.0,5.0,3.5,5.0,23.820279999999997,18.77892,25.9,20.1,67.3,67.3,0.0,2.8,11.8,3.9
2017-06-09,91.2,Ideal,summer,89.19,Excellent,spring,89.19,Excellent,83.02,84.97,5.0,4.0,4.99,3.5,3.7,23.80344,19.84704,25.7,21.2,69.8,69.8,0.1,3.3,7.4,6.9
2017-06-10,91.28,Ideal,summer,90.56,Ideal,spring,90.56,Ideal,90.65,84.73,5.0,4.0,4.55,4.0,4.9,23.776,19.052799999999998,27.5,21.5,46.8,46.8,4.5,2.3,9.8,6.9
2017-06-11,91.33,Ideal,summer,90.94,Ideal,spring,90.94,Ideal,90.23,84.55,4.5,4.0,5.0,4.0,5.0,24.40992,19.41056,29.6,22.8,33.8,33.8,0.0,2.2,13.7,1.0
2017-06-12,90.43,Ideal,summer,89.63,Excellent,spring,89.63,Excellent,90.38,84.09,4.5,4.0,5.0,3.5,5.0,24.076,19.462200000000003,28.0,22.1,45.5,45.5,0.0,2.8,12.2,4.9
2017-06-13,94.4,Ideal,summer,93.52,Ideal,spring,93.52,Ideal,91.36,87.67,5.0,4.0,5.0,4.0,5.0,23.546799999999998,19.798,25.9,21.5,63.0,63.0,0.0,2.4,10.3,7.0
2017-06-14,92.33,Ideal,summer,91.56,Ideal,spring,91.56,Ideal,91.57,91.09,4.5,4.5,5.0,3.5,5.0,24.3136,20.0536,26.8,21.8,63.0,63.0,0.0,2.8,11.9,1.6
2017-06-15,90.16,Ideal,summer,90.29,Ideal,spring,90.29,Ideal,91.79,90.81,4.0,4.5,5.0,4.0,5.0,26.652160000000002,21.12976,29.6,23.1,62.4,62.4,0.0,2.5,11.4,1.5
2017-06-16,88.99,Excellent,summer,89.64,Excellent,spring,89.64,Excellent,90.5,90.88,3.5,5.0,5.0,4.0,5.0,28.68664,22.7596,32.7,25.5,55.8,55.8,0.0,2.2,11.9,1.3
2017-06-17,90.16,Ideal,summer,90.29,Ideal,spring,90.29,Ideal,90.07,90.84,4.0,4.5,5.0,4.0,5.0,26.10308,21.49064,29.9,24.2,52.3,52.3,0.0,2.4,12.7,0.0
2017-06-18,90.16,Ideal,summer,90.29,Ideal,spring,90.29,Ideal,90.07,90.75,4.0,4.5,5.0,4.0,5.0,27.6144,21.5544,31.8,24.3,52.0,52.0,0.0,2.3,13.2,0.8
2017-06-19,90.16,Ideal,summer,90.29,Ideal,spring,90.29,Ideal,90.29,90.84,4.0,4.5,5.0,4.0,5.0,26.23272,21.89328,30.2,24.8,50.9,50.9,0.0,1.8,11.0,5.6
2017-06-20,90.25,Ideal,summer,89.83,Excellent,spring,89.83,Excellent,90.14,90.31,4.0,5.0,5.0,4.0,3.95,27.560720000000003,22.3776,32.7,26.0,43.4,43.4,0.0,2.1,7.9,6.6
2017-06-21,91.16,Ideal,summer,90.91,Ideal,spring,90.91,Ideal,90.34,90.22,4.0,5.0,5.0,3.5,5.0,27.504640000000002,22.480159999999998,31.6,25.4,52.6,52.6,0.0,2.9,11.1,3.0
2017-06-22,92.06,Ideal,summer,92.22,Ideal,spring,92.22,Ideal,90.99,90.5,4.0,5.0,5.0,4.0,5.0,26.91568,22.68676,30.4,25.3,57.3,57.3,0.0,2.5,10.8,3.9
2017-06-23,88.99,Excellent,summer,89.64,Excellent,spring,89.64,Excellent,90.92,90.5,3.5,5.0,5.0,4.0,5.0,29.569200000000002,23.5604,34.1,26.7,53.0,53.0,0.0,2.0,12.9,4.1
2017-06-24,85.83,Excellent,summer,83.49,Excellent,spring,83.49,Excellent,88.45,89.52,4.5,5.0,4.65,4.5,0.4,24.98048,22.2032,27.8,24.5,60.4,60.4,3.5,1.2,0.8,9.5
2017-06-25,87.33,Excellent,summer,86.46,Excellent,spring,86.46,Excellent,86.53,88.98,4.0,5.0,4.85,4.5,2.3,26.58944,22.44208,28.4,23.8,75.4,75.4,1.5,1.5,4.6,7.1
2017-06-26,63.74,Good,summer,64.26,Good,spring,64.26,Good,78.07,85.26,3.5,4.5,2.1,4.0,2.45,28.061239999999998,21.889560000000003,29.9,23.1,76.9,76.9,29.0,2.2,4.9,8.8
2017-06-27,90.17,Ideal,summer,89.71,Excellent,spring,89.71,Excellent,80.14,85.24,4.0,5.0,5.0,4.0,3.9,27.835,23.224,30.5,25.2,67.5,67.5,0.0,2.2,7.8,6.4
2017-06-28,89.39,Excellent,summer,88.69,Excellent,spring,88.69,Excellent,80.89,84.92,4.0,5.0,5.0,4.0,3.45,27.506999999999998,23.664,30.5,26.0,63.5,63.5,0.0,2.1,6.9,6.1
2017-06-29,88.56,Excellent,summer,89.07,Excellent,spring,89.07,Excellent,89.16,84.47,3.5,5.0,5.0,4.0,4.75,28.4728,23.91904,31.5,26.2,64.8,64.8,0.0,2.2,9.5,3.8
2017-06-30,87.01,Excellent,summer,87.02,Excellent,spring,87.02,Excellent,88.26,84.1,3.5,5.0,5.0,4.0,3.85,28.049239999999998,23.73124,30.9,25.9,65.9,65.9,0.0,2.2,7.7,4.9
2017-07-01,82.99,Excellent,summer,81.81,Excellent,spring,81.81,Excellent,85.97,83.86,3.5,5.0,4.95,4.0,1.7,28.51408,23.68432,30.7,25.3,73.6,73.6,0.5,2.0,3.4,9.4
2017-07-02,50.76,Acceptable,summer,50.42,Acceptable,spring,50.42,Acceptable,73.08,78.71,4.0,5.0,0.0,4.0,0.0,26.1616,23.756600000000002,26.8,24.3,90.5,90.5,92.0,2.5,0.0,10.0
2017-07-03,50.68,Acceptable,summer,50.08,Acceptable,spring,50.08,Acceptable,60.77,76.69,4.0,5.0,0.0,3.0,1.0,26.536959999999997,23.970879999999998,27.4,24.7,87.6,87.6,67.5,3.5,2.0,9.9
2017-07-04,86.25,Excellent,summer,86.72,Excellent,spring,86.72,Excellent,62.41,76.26,3.5,4.5,4.95,4.0,4.7,29.396800000000002,24.9966,31.6,26.7,74.5,74.5,0.5,2.0,9.4,6.5
2017-07-05,86.1,Excellent,summer,86.51,Excellent,spring,86.51,Excellent,74.44,75.95,3.5,4.5,5.0,4.5,3.9,29.607760000000003,25.096239999999998,32.6,27.4,66.9,66.9,0.0,1.5,7.8,4.8
2017-07-06,60.32,Good,summer,62.52,Good,spring,62.52,Good,78.58,72.15,3.0,4.5,1.6,4.0,4.15,31.87432,25.64992,34.6,27.6,72.3,72.3,34.0,1.7,8.3,7.1
2017-07-07,71.63,Very Good,summer,70.0,Very Good,spring,70.0,Very Good,73.01,69.72,4.0,4.5,3.35,4.0,0.5,26.98688,25.140479999999997,28.4,26.4,80.8,80.8,16.5,2.0,1.0,9.5
2017-07-08,77.8,Very Good,summer,74.96,Very Good,spring,74.96,Very Good,69.16,68.74,4.0,4.5,4.55,3.5,0.05,26.42432,24.9312,27.6,26.0,83.3,83.3,4.5,2.6,0.1,9.9
2017-07-09,59.51,Acceptable,summer,59.68,Acceptable,spring,59.68,Acceptable,68.21,70.07,3.5,4.5,1.75,4.5,0.8,29.3256,25.5176,30.3,26.3,88.0,88.0,32.5,1.0,1.6,9.6
2017-07-10,53.83,Acceptable,summer,53.0,Acceptable,spring,53.0,Acceptable,62.55,70.48,4.5,5.0,0.0,4.0,0.0,25.1844,23.804,25.4,24.0,96.5,96.5,144.5,2.3,0.0,10.0
2017-07-11,82.65,Excellent,summer,82.09,Excellent,spring,82.09,Excellent,64.92,69.82,3.5,4.5,4.9,4.0,2.8,29.345039999999997,24.8096,30.9,26.0,81.4,81.4,1.0,2.1,5.6,8.8
2017-07-12,85.11,Excellent,summer,85.09,Excellent,spring,85.09,Excellent,73.39,69.62,3.5,4.5,5.0,4.0,3.85,29.06596,25.45156,31.1,27.1,75.9,75.9,0.0,2.3,7.7,6.1
2017-07-13,87.3,Excellent,summer,88.11,Excellent,spring,88.11,Excellent,85.1,73.28,3.5,4.5,5.0,4.5,4.6,29.5364,25.558400000000002,32.1,27.6,71.0,71.0,0.0,1.5,9.2,2.6
2017-07-14,79.2,Very Good,summer,79.32,Very Good,spring,79.32,Very Good,84.17,74.61,3.0,4.0,5.0,4.0,3.3,30.0928,26.33632,33.0,28.7,68.4,68.4,0.0,2.1,6.6,7.0
2017-07-15,54.2,Acceptable,summer,53.62,Acceptable,spring,53.62,Acceptable,73.68,71.56,4.0,4.5,0.75,4.0,0.25,26.538800000000002,24.34,27.3,25.0,89.0,89.0,42.5,2.2,0.5,10.0
2017-07-16,68.52,Good,summer,67.55,Good,spring,67.55,Good,66.83,72.68,4.0,4.5,2.75,4.5,0.45,27.55168,25.12432,28.8,26.2,83.4,83.4,22.5,1.4,0.9,9.4
2017-07-17,76.91,Very Good,summer,74.67,Very Good,spring,74.67,Very Good,65.28,75.78,4.0,4.5,4.25,4.0,0.15,27.2748,25.27456,29.0,26.8,77.3,77.3,7.5,2.0,0.3,9.1
2017-07-18,81.45,Excellent,summer,81.0,Excellent,spring,81.0,Excellent,74.41,75.62,3.5,4.5,4.75,4.5,2.15,29.09368,25.2196,30.7,26.5,80.6,80.6,2.5,1.6,4.3,7.4
2017-07-19,79.54,Very Good,summer,79.78,Very Good,spring,79.78,Very Good,78.48,74.86,3.0,4.0,5.0,4.0,3.5,31.34296,26.206480000000003,34.1,28.3,71.4,71.4,0.0,1.8,7.0,5.9
2017-07-20,82.12,Excellent,summer,83.2,Excellent,spring,83.2,Excellent,81.33,74.16,3.0,4.0,5.0,4.0,5.0,31.523559999999996,27.201559999999997,34.9,29.9,66.1,66.1,0.0,2.2,10.3,2.4
2017-07-21,78.4,Very Good,summer,76.77,Very Good,spring,76.77,Very Good,79.92,73.8,3.5,4.0,5.0,4.0,1.05,29.989759999999997,27.66952,32.4,29.8,73.1,73.1,0.0,2.5,2.1,8.6
2017-07-22,75.17,Very Good,summer,74.12,Very Good,spring,74.12,Very Good,78.03,76.73,3.0,4.0,4.95,4.0,1.15,30.322,27.43176,32.5,29.3,75.8,75.8,0.5,2.3,2.3,9.5
2017-07-23,47.13,Marginal,summer,46.79,Marginal,spring,46.79,Marginal,65.89,73.76,4.0,4.0,0.0,4.0,0.09999999999999964,27.3398,26.286,28.1,27.0,89.5,89.5,133.5,2.1,0.0,9.8
2017-07-24,81.01,Excellent,summer,79.06,Very Good,spring,79.06,Very Good,66.66,74.39,4.0,4.5,4.7,4.5,0.2999999999999998,26.07516,25.05304,27.3,26.2,82.3,82.3,3.0,1.2,0.0,9.4
2017-07-25,82.12,Excellent,summer,83.2,Excellent,spring,83.2,Excellent,69.68,74.7,3.0,4.0,5.0,4.0,5.0,31.75256,26.61416,35.4,29.4,64.1,64.1,0.0,1.9,10.7,4.3
2017-07-26,86.19,Excellent,summer,86.4,Excellent,spring,86.4,Excellent,82.89,75.65,3.5,4.5,5.0,3.5,5.0,28.750719999999998,25.37888,32.8,28.7,55.6,55.6,0.0,2.7,11.4,3.5
2017-07-27,80.3,Excellent,summer,78.13,Very Good,spring,78.13,Very Good,82.58,74.92,4.0,4.5,4.65,4.0,0.6,26.744999999999997,24.535,29.7,27.1,62.5,62.5,3.5,1.9,1.2,9.4
2017-07-28,77.24,Very Good,summer,75.49,Very Good,spring,75.49,Very Good,80.01,74.74,4.0,4.5,4.15,4.5,0.20000000000000018,26.365959999999998,25.0102,26.9,25.5,92.1,92.1,8.5,1.5,0.0,9.6
2017-07-29,83.71,Excellent,summer,81.74,Excellent,spring,81.74,Excellent,78.45,75.83,4.0,4.5,5.0,4.0,1.25,27.87292,25.29424,30.1,27.2,72.3,72.3,0.0,2.3,2.5,7.5
2017-07-30,84.42,Excellent,summer,84.18,Excellent,spring,84.18,Excellent,80.47,81.17,3.5,4.5,5.0,4.0,3.45,29.38176,25.351039999999998,32.6,27.9,64.4,64.4,0.0,1.9,6.9,7.9
2017-07-31,83.58,Excellent,summer,81.11,Excellent,spring,81.11,Excellent,82.34,81.46,4.5,4.5,4.65,4.5,0.20000000000000018,25.88932,24.58844,27.1,25.7,82.3,82.3,3.5,1.4,0.0,9.6
2017-08-01,79.78,Very Good,summer,80.62,Excellent,spring,80.62,Excellent,81.97,81.1,3.0,4.0,4.8,4.0,4.4,30.516,26.5912,33.0,28.6,73.0,73.0,2.0,1.7,8.8,7.0
2017-08-02,77.77,Very Good,summer,77.56,Very Good,spring,77.56,Very Good,79.76,79.83,3.0,4.0,5.0,4.5,1.95,30.4148,27.752000000000002,33.0,30.0,71.9,71.9,0.0,1.3,3.9,5.1
2017-08-03,82.12,Excellent,summer,83.2,Excellent,spring,83.2,Excellent,80.46,80.56,3.0,4.0,5.0,4.0,5.0,30.13336,27.016479999999998,33.9,30.2,60.6,60.6,0.0,2.2,10.4,5.6
2017-08-04,82.12,Excellent,summer,83.2,Excellent,spring,83.2,Excellent,81.32,81.66,3.0,4.0,5.0,4.0,5.0,31.262119999999996,27.06012,35.3,30.3,60.1,60.1,0.0,2.1,11.8,6.3
2017-08-05,79.7,Very Good,summer,80.59,Excellent,spring,80.59,Excellent,82.33,81.49,3.0,3.5,5.0,4.0,4.7,31.129599999999996,28.232799999999997,34.8,31.4,63.0,63.0,0.0,1.9,9.4,4.1
2017-08-06,73.43,Very Good,summer,72.98,Very Good,spring,72.98,Very Good,78.92,79.89,3.0,4.0,4.5,4.0,1.85,31.3024,27.57448,34.0,29.8,71.9,71.9,5.0,1.9,3.7,6.9
2017-08-07,82.12,Excellent,summer,83.2,Excellent,spring,83.2,Excellent,78.92,80.19,3.0,4.0,5.0,4.0,5.0,31.286559999999998,26.750079999999997,34.4,29.2,68.1,68.1,0.0,2.4,10.7,3.3
2017-08-08,83.31,Excellent,summer,82.69,Excellent,spring,82.69,Excellent,79.62,80.49,3.5,4.5,5.0,4.0,2.8,28.2364,25.804879999999997,31.0,28.2,67.1,67.1,0.0,1.9,5.6,8.0
2017-08-09,80.3,Excellent,summer,79.35,Very Good,spring,79.35,Very Good,81.75,80.74,3.5,4.5,4.75,4.0,2.0,29.0432,25.234560000000002,32.0,27.6,66.4,66.4,2.5,2.3,4.0,9.1
2017-08-10,81.12,Excellent,summer,78.24,Very Good,spring,78.24,Very Good,80.09,80.04,4.5,4.5,4.45,4.0,0.04999999999999982,25.64148,24.202080000000002,26.3,24.8,89.9,89.9,5.5,2.0,0.0,9.9
2017-08-11,84.44,Excellent,summer,84.33,Excellent,spring,84.33,Excellent,80.64,80.2,3.5,4.5,4.95,4.0,3.65,29.936,25.13,32.4,27.0,72.5,72.5,0.5,2.3,7.3,5.9
2017-08-12,86.75,Excellent,summer,87.25,Excellent,spring,87.25,Excellent,83.27,81.15,3.5,4.5,5.0,4.0,4.8,29.011120000000002,24.97336,32.6,27.8,60.3,60.3,0.0,2.1,9.6,5.6
2017-08-13,86.83,Excellent,summer,83.69,Excellent,spring,83.69,Excellent,85.09,82.68,4.5,5.0,5.0,3.5,0.7,25.61056,23.82892,28.4,26.3,62.1,62.1,0.0,2.8,1.4,8.9
2017-08-14,84.09,Excellent,summer,80.32,Excellent,spring,80.32,Excellent,83.75,82.27,4.5,5.0,4.85,3.0,0.20000000000000018,24.877000000000002,22.702,27.1,24.6,67.5,67.5,1.5,3.6,0.0,9.6
2017-08-15,53.2,Acceptable,summer,51.03,Acceptable,spring,51.03,Acceptable,71.68,77.74,5.0,4.5,0.0,3.0,0.0,23.6528,21.604879999999998,24.0,21.9,93.8,93.8,93.5,3.6,0.0,10.0
2017-08-16,84.8,Excellent,summer,81.39,Excellent,spring,81.39,Excellent,70.91,78.04,4.5,5.0,4.8,3.0,0.8,25.4896,22.2626,26.8,23.3,80.5,80.5,2.0,3.7,1.6,9.6
2017-08-17,84.68,Excellent,summer,82.57,Excellent,spring,82.57,Excellent,71.66,78.65,4.0,5.0,4.95,4.0,0.9,26.07868,23.44432,27.7,24.8,77.1,77.1,0.5,2.1,1.8,8.1
2017-08-18,83.69,Excellent,summer,83.32,Excellent,spring,83.32,Excellent,82.43,78.51,3.5,4.5,5.0,4.5,2.5,28.58944,24.70912,30.6,26.3,75.6,75.6,0.0,1.3,5.0,8.3
2017-08-19,82.59,Excellent,summer,80.26,Excellent,spring,80.26,Excellent,82.05,77.51,4.0,4.5,5.0,4.0,0.6,26.88984,24.541520000000002,28.7,26.1,75.8,75.8,0.0,2.0,1.2,8.1
2017-08-20,52.93,Acceptable,summer,51.69,Acceptable,spring,51.69,Acceptable,71.76,72.94,4.5,5.0,0.0,3.5,0.0,25.52192,22.967679999999998,25.8,23.2,95.6,95.6,124.5,2.9,0.0,10.0
2017-08-21,82.76,Excellent,summer,81.78,Excellent,spring,81.78,Excellent,71.24,73.15,4.0,4.5,4.5,4.0,2.6,27.7792,24.6308,29.2,25.8,81.5,81.5,5.0,2.4,5.2,7.6
2017-08-22,86.66,Excellent,summer,87.14,Excellent,spring,87.14,Excellent,73.54,78.31,3.5,4.5,5.0,4.0,4.75,28.9716,25.26552,31.5,27.3,70.6,70.6,0.0,1.9,9.5,4.4
2017-08-23,57.15,Acceptable,summer,56.65,Acceptable,spring,56.65,Acceptable,75.19,74.77,3.5,4.0,1.85,3.5,1.2,28.91528,26.10608,30.2,27.2,84.1,84.1,31.5,2.6,2.4,9.4
2017-08-24,71.29,Very Good,summer,68.67,Good,spring,68.67,Good,70.82,72.79,4.0,4.5,3.6,3.0,0.4,27.03572,25.5298,28.1,26.5,85.3,85.3,14.0,4.0,0.8,7.9
2017-08-25,90.77,Ideal,summer,90.51,Ideal,spring,90.51,Ideal,71.94,73.81,4.0,5.0,5.0,4.0,4.25,27.46056,22.96828,30.6,25.3,61.9,61.9,0.0,1.7,8.5,6.0
2017-08-26,93.23,Ideal,summer,92.87,Ideal,spring,92.87,Ideal,84.02,75.62,4.5,4.5,5.0,4.0,5.0,25.7056,21.6156,29.2,24.2,54.5,54.5,0.0,2.0,12.5,1.9
2017-08-27,88.37,Excellent,summer,86.54,Excellent,spring,86.54,Excellent,89.97,80.59,4.5,4.5,5.0,4.5,1.65,24.1616,20.7696,26.7,22.7,62.0,62.0,0.0,1.4,3.3,8.3
2017-08-28,80.76,Excellent,summer,78.79,Very Good,spring,78.79,Very Good,86.07,80.17,4.5,4.5,4.1,4.5,0.65,24.7246,20.2626,26.5,21.5,73.1,73.1,9.0,1.5,1.3,9.1
2017-08-29,88.53,Excellent,summer,87.7,Excellent,spring,87.7,Excellent,84.34,80.25,4.5,3.5,5.0,3.5,5.0,21.2784,17.6532,24.0,19.5,51.4,51.4,0.0,3.2,11.3,6.5
2017-08-30,86.55,Excellent,summer,84.73,Excellent,spring,84.73,Excellent,83.74,84.26,4.5,4.0,5.0,4.5,1.7,21.44248,18.06736,23.9,19.8,55.8,55.8,0.0,1.5,3.4,7.1
2017-08-31,94.13,Ideal,summer,94.18,Ideal,spring,94.18,Ideal,88.87,87.9,4.5,4.5,5.0,4.5,5.0,24.95296,20.365119999999997,27.6,22.2,62.4,62.4,0.0,1.6,11.8,0.9
2017-09-01,91.0,Ideal,autumn,90.29,Ideal,spring,90.29,Ideal,89.73,87.87,4.0,4.5,5.0,4.0,5.0,26.2328,20.959200000000003,29.7,23.3,56.0,56.0,0.0,2.2,12.4,0.4
2017-09-02,91.0,Ideal,autumn,90.29,Ideal,spring,90.29,Ideal,91.59,87.5,4.0,4.5,5.0,4.0,5.0,26.3856,21.5368,29.6,23.8,59.0,59.0,0.0,1.8,10.7,2.9
2017-09-03,90.57,Ideal,autumn,89.89,Excellent,spring,89.89,Excellent,90.16,87.98,4.0,4.5,5.0,4.5,4.25,26.4352,21.7272,29.2,23.7,64.0,64.0,0.0,1.6,8.5,3.0
2017-09-04,90.86,Ideal,autumn,90.23,Ideal,spring,90.23,Ideal,90.14,89.62,4.0,4.5,5.0,4.5,4.4,26.38552,21.90192,30.1,24.6,53.8,53.8,0.0,1.6,8.8,6.1
2017-09-05,84.75,Excellent,autumn,82.84,Excellent,spring,82.84,Excellent,87.65,88.92,4.5,4.5,5.0,4.0,0.5999999999999996,21.639519999999997,20.110239999999997,23.7,21.9,62.4,62.4,0.0,1.7,0.0,8.8
2017-09-06,83.82,Excellent,autumn,82.67,Excellent,spring,82.67,Excellent,85.25,88.63,5.0,4.0,4.8,4.5,0.20000000000000018,22.628,19.5612,24.0,20.6,75.5,75.5,2.0,1.2,0.0,9.6
2017-09-07,92.06,Ideal,autumn,91.44,Ideal,spring,91.44,Ideal,85.65,88.24,4.5,4.5,5.0,4.5,3.8,25.631,21.07568,27.5,22.4,73.3,73.3,0.0,1.4,7.6,5.6
2017-09-08,92.89,Ideal,autumn,91.88,Ideal,spring,91.88,Ideal,88.66,88.46,4.0,5.0,5.0,4.0,4.85,27.313,22.441000000000003,29.9,24.3,67.5,67.5,0.0,1.7,9.7,3.8
2017-09-09,94.22,Ideal,autumn,93.53,Ideal,spring,93.53,Ideal,92.28,88.93,4.0,5.0,5.0,4.5,5.0,26.02328,22.14952,28.2,23.8,70.1,70.1,0.0,1.4,11.1,2.8
2017-09-10,84.95,Excellent,autumn,83.27,Excellent,spring,83.27,Excellent,89.56,87.98,4.5,4.5,4.95,4.5,0.34999999999999964,24.44492,21.6636,26.1,23.0,74.3,74.3,0.5,1.4,0.0,9.3
2017-09-11,71.34,Very Good,autumn,71.62,Very Good,spring,71.62,Very Good,82.81,85.32,5.0,4.5,2.6,4.0,0.95,23.42032,20.29504,24.6,21.2,79.8,79.8,24.0,1.7,1.9,7.6
2017-09-12,93.37,Ideal,autumn,92.87,Ideal,spring,92.87,Ideal,82.59,86.75,4.5,4.5,5.0,4.0,5.0,24.93576,20.09624,27.9,22.1,58.6,58.6,0.0,1.9,11.6,0.6
2017-09-13,93.56,Ideal,autumn,93.52,Ideal,spring,93.52,Ideal,86.0,88.3,5.0,4.0,5.0,4.0,5.0,23.951,19.088079999999998,27.5,21.4,49.3,49.3,0.0,1.9,11.9,0.0
2017-09-14,91.19,Ideal,autumn,90.94,Ideal,spring,90.94,Ideal,92.44,88.23,4.5,4.0,5.0,4.0,5.0,25.5064,19.86048,29.5,22.4,48.8,48.8,0.0,1.7,11.5,1.5
2017-09-15,89.11,Excellent,autumn,88.32,Excellent,spring,88.32,Excellent,90.93,87.72,4.5,4.0,5.0,3.0,5.0,24.20544,19.99936,27.9,22.6,48.4,48.4,0.0,3.6,11.3,3.9
2017-09-16,89.11,Excellent,autumn,88.32,Excellent,spring,88.32,Excellent,89.19,86.98,4.5,4.0,5.0,3.0,5.0,24.14336,19.6432,27.6,22.0,50.9,50.9,0.0,3.6,11.0,3.1
2017-09-17,92.33,Ideal,autumn,91.56,Ideal,spring,91.56,Ideal,89.4,88.16,4.5,4.5,5.0,3.5,5.0,25.45984,20.54812,29.2,23.1,51.3,51.3,0.0,2.7,10.0,3.5
2017-09-18,93.37,Ideal,autumn,92.87,Ideal,spring,92.87,Ideal,90.92,91.2,4.5,4.5,5.0,4.0,5.0,24.98112,20.129279999999998,27.6,21.9,62.8,62.8,0.0,2.1,11.4,1.8
2017-09-19,79.1,Very Good,autumn,77.69,Very Good,spring,77.69,Very Good,87.37,89.03,4.5,4.5,4.2,3.5,1.05,24.47912,21.54664,25.8,22.6,79.1,79.1,8.0,3.0,2.1,7.9
2017-09-20,89.01,Excellent,autumn,89.01,Excellent,spring,89.01,Excellent,86.52,88.39,4.5,3.5,5.0,4.0,5.0,21.854439999999997,17.5582,24.9,19.5,48.9,48.9,0.0,2.4,11.6,0.8
2017-09-21,92.23,Ideal,autumn,92.25,Ideal,spring,92.25,Ideal,86.32,88.57,4.5,4.0,5.0,4.5,5.0,24.0964,18.54076,27.0,20.3,57.3,57.3,0.0,1.6,11.5,0.5
2017-09-22,91.19,Ideal,autumn,90.94,Ideal,spring,90.94,Ideal,90.73,88.95,4.5,4.0,5.0,4.0,5.0,24.16576,18.937920000000002,26.8,20.6,60.8,60.8,0.0,2.1,11.0,3.5
2017-09-23,91.76,Ideal,autumn,91.1,Ideal,spring,91.81,Ideal,91.43,89.35,4.5,4.5,5.0,4.5,3.65,25.210160000000002,20.37456,27.3,21.8,69.8,69.8,0.0,1.6,7.3,6.6
2017-09-24,88.86,Excellent,autumn,87.63,Excellent,spring,89.26,Excellent,89.89,88.78,4.5,4.5,5.0,4.0,2.7,25.859399999999997,20.9864,27.9,22.4,71.5,71.5,0.0,2.0,5.4,6.9
2017-09-25,92.04,Ideal,autumn,91.6,Ideal,spring,91.13,Ideal,90.11,88.6,4.0,4.5,5.0,4.5,5.0,26.723200000000002,21.148799999999998,30.1,23.4,58.0,58.0,0.0,1.4,10.4,2.5
2017-09-26,91.91,Ideal,autumn,90.74,Ideal,spring,91.05,Ideal,89.99,90.47,4.0,5.0,5.0,4.0,4.35,27.719199999999997,22.5028,31.4,25.1,57.0,57.0,0.0,1.9,8.7,4.9
2017-09-27,84.4,Excellent,autumn,82.53,Excellent,spring,85.2,Excellent,88.29,89.54,4.5,4.5,4.95,4.0,0.5999999999999996,24.97488,20.993119999999998,27.3,22.7,66.4,66.4,0.5,1.7,0.0,8.8
2017-09-28,87.89,Excellent,autumn,87.43,Excellent,spring,89.17,Excellent,86.9,88.85,5.0,3.5,5.0,3.5,3.75,22.184919999999998,17.32688,25.3,19.2,49.1,49.1,0.0,2.8,,2.5
2017-09-29,89.01,Excellent,autumn,89.01,Excellent,spring,89.34,Excellent,86.32,88.58,4.5,3.5,5.0,4.0,5.0,20.2222,15.603279999999998,23.5,17.4,39.3,39.3,0.0,2.2,10.5,3.1
2017-09-30,90.48,Ideal,autumn,90.04,Ideal,spring,91.39,Ideal,88.83,88.43,5.0,4.0,5.0,4.5,2.9,23.66764,18.596,25.9,20.0,64.9,64.9,0.0,1.5,5.8,3.5
2017-10-01,77.05,Very Good,autumn,75.86,Very Good,spring,78.25,Very Good,84.97,86.74,4.5,3.5,4.6,4.0,0.3,20.07104,17.37344,21.2,18.2,74.8,74.8,4.0,2.3,0.6,8.9
2017-10-02,89.97,Excellent,autumn,89.38,Excellent,spring,89.43,Excellent,85.09,86.43,4.0,4.5,4.85,4.0,5.0,26.47448,20.1904,29.4,22.0,62.3,62.3,1.5,2.3,10.2,2.6
2017-10-03,85.78,Excellent,autumn,85.25,Excellent,spring,86.3,Excellent,83.5,85.64,4.5,3.5,5.0,4.0,3.35,20.869120000000002,16.07392,23.6,17.6,49.8,49.8,0.0,2.3,6.7,5.8
2017-10-04,87.54,Excellent,autumn,87.3,Excellent,spring,87.9,Excellent,87.31,86.32,4.5,3.5,5.0,4.0,4.25,21.3542,15.319799999999999,24.3,16.7,48.5,48.5,0.0,1.8,8.5,6.6
2017-10-05,85.48,Excellent,autumn,84.91,Excellent,spring,85.97,Excellent,85.82,85.96,4.5,3.5,5.0,4.0,3.2,21.063039999999997,17.18272,23.4,18.7,56.4,56.4,0.0,2.1,6.4,8.0
2017-10-06,83.37,Excellent,autumn,84.46,Excellent,summer,83.96,Excellent,85.56,85.31,4.5,3.5,4.95,4.0,2.3,21.51248,17.70384,23.3,18.9,66.4,66.4,0.5,2.3,4.6,8.5
2017-10-07,88.32,Excellent,autumn,88.32,Excellent,autumn,88.05,Excellent,85.9,85.07,4.0,4.5,5.0,4.5,3.1,26.36352,20.35776,28.8,21.9,67.6,67.6,0.0,1.2,6.2,7.5
2017-10-08,92.04,Ideal,autumn,92.04,Ideal,autumn,91.58,Ideal,88.27,87.38,4.0,4.5,5.0,4.5,5.0,26.22412,21.2788,28.7,23.0,66.9,66.9,0.0,1.4,10.0,4.8
2017-10-09,90.98,Ideal,autumn,90.98,Ideal,autumn,91.04,Ideal,90.45,87.61,4.5,4.5,5.0,4.5,3.25,25.206400000000002,20.8,27.6,22.5,66.0,66.0,0.0,1.5,6.5,6.5
2017-10-10,87.69,Excellent,autumn,87.69,Excellent,autumn,88.28,Excellent,90.24,87.96,5.0,4.5,4.96,4.5,0.5,23.43248,20.346639999999997,24.8,21.4,76.9,76.9,0.4,1.3,1.0,9.3
2017-10-11,66.31,Good,autumn,66.31,Good,autumn,67.09,Good,81.66,84.96,4.5,3.5,3.0,3.5,0.95,20.62828,14.9962,21.7,15.5,77.1,77.1,20.0,2.9,1.9,9.3
2017-10-12,77.5,Very Good,autumn,77.5,Very Good,autumn,77.78,Very Good,77.17,83.9,4.0,3.0,5.0,4.0,1.4500000000000002,,11.2376,,11.4,71.0,71.0,0.0,2.0,,7.1
2017-10-13,80.66,Excellent,autumn,80.66,Excellent,autumn,80.51,Excellent,74.82,83.36,3.5,3.0,5.0,3.5,4.8,17.1556,12.2512,18.9,12.8,51.0,51.0,0.0,3.2,9.6,3.4
2017-10-14,86.12,Excellent,autumn,86.12,Excellent,autumn,86.07,Excellent,81.43,83.04,4.0,3.5,5.0,3.75,5.0,18.0976,13.39328,20.5,14.4,42.8,42.8,0.0,,10.6,4.9
2017-10-15,88.32,Excellent,autumn,88.32,Excellent,autumn,88.43,Excellent,85.03,82.51,4.5,3.5,5.0,4.0,4.65,20.01,14.466000000000001,23.0,15.8,42.5,42.5,0.0,1.7,9.3,5.4
2017-10-16,82.03,Excellent,autumn,82.03,Excellent,autumn,82.08,Excellent,85.49,81.23,4.0,3.5,5.0,4.0,2.65,19.4848,15.216640000000002,22.0,16.6,47.6,47.6,0.0,1.7,5.3,7.9
2017-10-17,90.05,Ideal,autumn,90.05,Ideal,autumn,90.09,Ideal,86.8,81.57,4.5,3.5,5.0,4.5,5.0,20.958759999999998,14.888079999999999,23.9,16.2,47.1,47.1,0.0,1.3,10.3,0.4
2017-10-18,74.7,Very Good,autumn,74.7,Very Good,autumn,74.72,Very Good,82.26,82.77,3.5,3.5,4.99,4.0,0.15,17.60032,15.428799999999999,19.1,16.5,58.8,58.8,0.1,2.4,0.3,9.3
2017-10-19,88.23,Excellent,autumn,88.23,Excellent,autumn,88.26,Excellent,84.33,84.3,4.5,3.5,5.0,4.0,4.6,20.99824,15.8324,23.2,17.0,58.3,58.3,0.0,1.8,9.2,3.8
2017-10-20,90.05,Ideal,autumn,90.05,Ideal,autumn,90.06,Ideal,84.33,85.64,4.5,3.5,5.0,4.5,5.0,21.84848,15.8408,24.2,17.0,58.6,58.6,0.0,1.5,10.1,0.1
2017-10-21,92.42,Ideal,autumn,92.42,Ideal,autumn,92.42,Ideal,90.23,86.54,5.0,3.5,5.0,4.5,5.0,22.33024,16.16512,25.2,17.6,52.8,52.8,0.0,1.3,10.1,0.0
2017-10-22,87.58,Excellent,autumn,87.58,Excellent,autumn,87.58,Excellent,90.02,86.44,4.5,3.5,5.0,3.5,4.8,20.8216,15.050080000000001,23.5,16.3,50.4,50.4,0.0,3.1,9.6,1.8
2017-10-23,85.5,Excellent,autumn,85.5,Excellent,autumn,85.5,Excellent,88.5,86.93,4.0,3.0,5.0,4.5,5.0,18.352800000000002,12.9156,20.6,13.7,47.0,47.0,0.0,1.4,10.1,0.0
2017-10-24,84.88,Excellent,autumn,84.88,Excellent,autumn,84.88,Excellent,85.99,86.19,4.0,3.5,5.0,4.0,4.1,18.90748,13.59568,20.9,14.4,54.3,54.3,0.0,1.9,8.2,3.0
2017-10-25,87.19,Excellent,autumn,87.19,Excellent,autumn,87.19,Excellent,85.86,87.98,4.0,3.5,5.0,4.5,4.75,18.8616,13.6784,20.6,14.4,59.0,59.0,0.0,1.5,9.5,2.9
2017-10-26,77.27,Very Good,autumn,77.27,Very Good,autumn,77.27,Very Good,83.11,86.41,3.5,3.5,5.0,4.5,0.9,16.6906,13.717,18.1,14.5,56.5,56.5,0.0,1.2,1.8,8.6
2017-10-27,89.76,Excellent,autumn,89.76,Excellent,autumn,89.76,Excellent,84.74,86.37,4.5,3.5,5.0,4.5,4.85,21.60992,15.64144,24.2,16.9,54.4,54.4,0.0,1.2,9.7,1.9
2017-10-28,88.81,Excellent,autumn,88.81,Excellent,autumn,88.81,Excellent,85.28,85.86,4.5,3.5,5.0,4.0,4.9,21.95248,15.81472,24.8,17.2,51.9,51.9,0.0,2.0,9.8,0.1
2017-10-29,78.4,Very Good,autumn,78.4,Very Good,autumn,78.4,Very Good,85.66,84.54,3.5,3.0,5.0,3.5,3.65,15.63328,11.1736,17.2,11.5,45.6,45.6,0.0,3.3,7.3,0.0
2017-10-30,79.52,Very Good,autumn,79.52,Very Good,autumn,79.52,Very Good,82.24,83.69,3.0,3.0,5.0,4.0,4.9,12.270719999999999,8.36792,13.2,7.7,27.4,27.4,0.0,2.4,9.8,0.0
2017-10-31,81.6,Excellent,autumn,81.6,Excellent,autumn,81.6,Excellent,79.84,83.22,3.5,3.0,5.0,4.0,4.75,14.9032,10.326880000000001,16.0,10.4,54.3,54.3,0.0,1.8,9.5,1.8
2017-11-01,76.43,Very Good,autumn,76.43,Very Good,autumn,76.44,Very Good,79.18,81.68,3.5,3.5,5.0,4.0,1.0,17.20576,13.914240000000001,18.1,14.4,72.4,72.4,0.0,2.1,2.0,8.5
2017-11-02,76.0,Very Good,autumn,76.0,Very Good,autumn,76.06,Very Good,78.01,81.5,3.5,3.5,4.9,4.5,0.6,17.3216,15.0336,18.0,15.5,78.8,78.8,1.0,1.6,1.2,8.8
2017-11-03,76.0,Very Good,autumn,76.0,Very Good,autumn,75.9,Very Good,76.14,79.54,3.5,3.0,4.85,3.5,2.95,15.7024,11.987200000000001,16.6,12.3,66.0,66.0,1.5,3.2,5.9,5.6
2017-11-04,79.33,Very Good,autumn,79.33,Very Good,autumn,79.15,Very Good,77.11,78.18,3.0,3.0,5.0,4.0,4.8,12.92892,8.25848,13.7,7.8,47.9,47.9,0.0,2.5,9.6,2.4
2017-11-05,79.7,Very Good,autumn,79.7,Very Good,autumn,79.63,Very Good,78.34,78.37,3.5,3.0,5.0,4.5,3.25,14.374,8.704,15.4,8.4,52.5,52.5,0.0,1.5,6.5,3.3
2017-11-06,79.11,Very Good,autumn,79.11,Very Good,autumn,79.06,Very Good,79.38,78.31,3.5,3.0,5.0,4.5,2.95,15.577,11.2012,16.5,11.4,64.5,64.5,0.0,1.5,5.9,5.5
2017-11-07,78.74,Very Good,autumn,78.74,Very Good,autumn,78.84,Very Good,79.18,77.9,3.5,3.5,5.0,4.5,1.65,17.10304,13.72064,18.4,14.4,61.4,61.4,0.0,1.5,3.3,9.1
2017-11-08,79.09,Very Good,autumn,79.09,Very Good,autumn,78.67,Very Good,78.98,78.28,3.5,3.0,5.0,3.5,4.0,15.855039999999999,12.52092,17.2,13.1,53.3,53.3,0.0,3.0,8.0,3.9
2017-11-09,82.44,Excellent,autumn,82.44,Excellent,autumn,82.17,Excellent,80.09,79.2,3.5,3.0,5.0,4.5,4.65,15.15712,9.54496,16.8,9.4,39.6,39.6,0.0,1.2,9.3,0.0
2017-11-10,67.58,Good,autumn,67.58,Good,autumn,67.64,Good,76.37,78.0,3.5,3.0,4.25,3.5,0.75,14.86868,9.83496,15.9,9.8,56.3,56.3,7.5,3.0,1.5,4.4
2017-11-11,76.17,Very Good,autumn,76.17,Very Good,autumn,75.68,Very Good,75.4,77.55,3.0,2.5,5.0,4.0,4.3,10.54012,6.8364400000000005,10.7,5.9,42.9,42.9,0.0,2.2,8.6,0.0
2017-11-12,77.21,Very Good,autumn,77.21,Very Good,autumn,76.85,Very Good,73.65,77.19,3.0,2.5,5.0,4.5,4.3,11.15976,6.10652,11.4,5.3,57.1,57.1,0.0,1.4,8.6,1.5
2017-11-13,68.3,Good,autumn,68.3,Good,autumn,68.53,Good,73.89,75.65,3.0,3.0,4.55,4.0,0.75,11.54368,8.62784,11.8,8.4,64.4,64.4,4.5,1.9,1.5,7.9
2017-11-14,78.25,Very Good,autumn,77.23,Very Good,winter,77.74,Very Good,74.25,75.43,3.0,3.0,5.0,4.0,4.25,11.078,8.075,11.4,7.5,42.5,42.5,0.0,2.4,8.5,1.9
2017-11-15,72.76,Very Good,autumn,71.19,Very Good,winter,71.92,Very Good,72.24,74.3,2.5,2.5,5.0,3.5,4.3,7.3638,4.87824,6.5,3.2,38.3,38.3,0.0,2.8,8.6,4.1
2017-11-16,72.66,Very Good,autumn,71.72,Very Good,winter,72.12,Very Good,73.38,72.77,2.5,2.0,5.0,4.5,4.3,7.4036800000000005,3.5092000000000003,6.4,1.0,30.3,30.3,0.0,1.5,8.6,0.0
2017-11-17,66.84,Good,autumn,66.9,Good,winter,66.87,Good,69.94,72.67,2.5,2.5,5.0,4.0,0.75,6.81808,4.6968000000000005,5.8,3.0,39.4,39.4,0.0,2.2,0.0,8.5
2017-11-18,70.58,Very Good,autumn,68.8,Good,winter,69.43,Good,69.14,71.62,2.5,2.0,5.0,3.5,4.3,4.420400000000001,0.8765999999999998,2.6,-2.1,38.5,38.5,0.0,3.4,8.6,0.0
2017-11-19,71.03,Very Good,autumn,69.77,Good,winter,70.18,Very Good,68.49,70.56,2.5,2.0,5.0,4.0,4.0,5.1172,1.2860800000000001,3.5,-1.6,37.8,37.8,0.0,2.2,8.0,2.8
2017-11-20,70.6,Very Good,autumn,70.02,Very Good,winter,70.18,Very Good,69.53,70.8,2.5,2.0,5.0,4.5,3.25,5.23704,1.4595200000000004,4.2,-0.4,55.3,55.3,0.0,1.4,,3.5
2017-11-21,74.93,Very Good,autumn,73.91,Very Good,winter,74.16,Very Good,71.23,70.33,3.0,2.0,5.0,4.5,4.25,8.43744,2.8451199999999996,8.1,1.3,55.6,55.6,0.0,1.4,8.5,1.1
2017-11-22,72.79,Very Good,autumn,72.1,Very Good,winter,72.25,Very Good,72.01,70.46,3.0,2.5,4.95,4.0,2.75,10.65536,5.33056,10.8,4.3,54.8,54.8,0.5,2.4,5.5,5.1
2017-11-23,69.03,Good,autumn,68.06,Good,winter,68.23,Good,71.36,69.94,2.5,2.0,4.88,4.0,3.4,5.77484,2.74548,4.7,0.9,49.3,49.3,1.2,2.1,6.8,4.8
2017-11-24,68.56,Good,autumn,67.42,Good,winter,67.58,Good,69.19,70.01,2.0,2.0,5.0,4.0,3.95,3.965,1.1600000000000001,2.9,-0.4,62.5,62.5,0.0,1.8,7.9,3.3
2017-11-25,49.08,Marginal,autumn,50.5,Acceptable,winter,50.35,Acceptable,61.99,67.4,2.5,2.0,2.6,4.0,1.2,7.54192,3.6272,7.3,3.0,77.6,77.6,24.0,1.8,2.4,7.5
2017-11-26,72.03,Very Good,autumn,71.19,Very Good,winter,71.25,Very Good,63.04,67.6,2.5,2.5,5.0,4.0,3.4,7.87264,4.06112,7.6,3.3,71.6,71.6,0.0,1.8,6.8,4.3
2017-11-27,75.52,Very Good,autumn,74.39,Very Good,winter,74.43,Very Good,65.36,68.22,3.0,2.0,5.0,4.5,4.55,9.594,3.91,9.5,2.5,53.0,53.0,0.0,1.3,,0.9
2017-11-28,71.77,Very Good,autumn,71.86,Very Good,winter,71.86,Very Good,72.48,67.93,3.0,2.5,4.95,4.5,1.7,11.02768,6.91696,11.2,6.4,64.1,64.1,0.5,1.1,3.4,8.4
2017-11-29,74.93,Very Good,autumn,73.29,Very Good,winter,73.29,Very Good,73.18,68.1,3.0,2.5,5.0,3.5,4.2,8.49292,4.606240000000001,8.1,3.2,48.3,48.3,0.0,2.8,8.4,5.4
2017-11-30,69.99,Good,autumn,68.31,Good,winter,68.31,Good,71.15,68.14,2.5,2.0,5.0,3.5,4.0,4.83744,1.2307200000000007,2.7,-2.4,26.8,26.8,0.0,3.3,,2.0
2017-12-01,69.69,Good,winter,69.69,Good,winter,69.69,Good,70.43,68.46,2.5,2.0,5.0,4.5,3.05,4.496560000000001,0.26927999999999974,3.1,-2.2,49.4,49.4,0.0,1.6,6.1,2.3
2017-12-02,70.99,Very Good,winter,70.99,Very Good,winter,70.99,Very Good,69.66,71.39,3.0,2.0,5.0,4.0,3.35,8.40476,3.19924,8.1,1.9,59.9,59.9,0.0,1.7,6.7,3.8
2017-12-03,68.49,Good,winter,68.49,Good,winter,68.49,Good,69.72,71.0,3.0,2.5,4.6,4.5,0.95,8.228439999999999,5.24476,8.1,4.9,83.1,83.1,4.0,1.5,1.9,9.0
2017-12-04,68.57,Good,winter,68.57,Good,winter,68.57,Good,69.35,70.17,2.5,2.0,4.99,3.5,4.2,5.6418,1.1251199999999992,4.5,-1.2,48.1,48.1,0.1,3.4,8.4,1.4
2017-12-05,59.3,Acceptable,winter,59.3,Acceptable,winter,59.3,Acceptable,65.45,68.38,2.0,1.5,4.99,3.6666666666666665,1.05,2.09184,-0.7976800000000006,-0.4,-4.2,40.1,40.1,0.1,,2.1,1.6
2017-12-06,68.3,Good,winter,68.3,Good,winter,68.3,Good,65.39,67.66,2.5,2.0,4.88,3.8333333333333335,3.85,6.4384,1.27408,6.0,0.2,72.6,72.6,1.2,,7.7,7.0
2017-12-07,69.28,Good,winter,69.28,Good,winter,69.28,Good,65.63,67.8,2.5,2.0,5.0,4.0,3.7,5.3668,2.0206,4.6,0.7,64.5,64.5,0.0,1.7,7.4,3.5
2017-12-08,65.52,Good,winter,65.52,Good,winter,65.52,Good,67.7,67.21,2.0,1.5,5.0,4.0,4.25,1.9653999999999998,-0.5597599999999998,-0.5,-3.8,41.3,41.3,0.0,1.8,8.5,2.1
2017-12-09,70.74,Very Good,winter,70.74,Very Good,winter,70.74,Very Good,68.51,67.17,2.5,2.0,5.0,4.5,3.7,6.39176,1.7637999999999998,5.4,-0.5,46.1,46.1,0.0,1.0,7.4,2.8
2017-12-10,62.88,Good,winter,62.88,Good,winter,62.88,Good,66.38,66.37,2.5,2.0,4.59,4.0,1.3,7.1237200000000005,2.24276,6.7,1.1,67.9,67.9,4.1,2.0,2.6,7.0
2017-12-11,62.68,Good,winter,62.68,Good,winter,62.68,Good,65.43,65.53,2.0,1.5,5.0,3.0,4.3,0.47499999999999964,-2.9539999999999997,-2.5,-7.0,40.5,40.5,0.0,3.5,8.6,0.3
2017-12-12,60.94,Good,winter,60.94,Good,winter,60.94,Good,62.17,65.76,1.5,1.0,5.0,4.0,4.3,-1.6675200000000006,-4.891440000000001,-5.2,-9.4,41.9,41.9,0.0,2.1,8.6,0.0
2017-12-13,60.94,Good,winter,60.94,Good,winter,60.94,Good,61.52,64.71,1.5,1.0,5.0,4.0,4.3,-1.0591999999999997,-4.361599999999998,-4.4,-8.7,42.0,42.0,0.0,1.7,8.6,0.0
2017-12-14,62.68,Good,winter,62.68,Good,winter,62.68,Good,61.52,63.77,2.0,1.5,5.0,4.5,1.6,0.8179600000000002,-2.8085599999999995,-1.9,-6.6,42.9,42.9,0.0,0.9,3.2,5.9
2017-12-15,60.58,Good,winter,60.58,Good,winter,60.58,Good,61.4,63.06,2.0,1.5,5.0,4.5,0.3,2.62536,-0.5352000000000001,0.9,-3.0,52.6,52.6,0.0,1.0,0.6,7.3
2017-12-16,64.14,Good,winter,64.14,Good,winter,64.14,Good,62.47,62.12,2.0,1.5,5.0,3.5,4.3,0.26775999999999955,-2.1266800000000003,-2.6,-5.7,43.1,43.1,0.0,3.0,8.6,0.0
2017-12-17,65.6,Good,winter,65.6,Good,winter,65.6,Good,63.44,62.51,2.0,1.5,5.0,4.0,4.3,0.7454800000000006,-2.56508,-2.3,-6.7,38.1,38.1,0.0,1.9,8.6,1.1
2017-12-18,60.19,Good,winter,60.19,Good,winter,60.19,Good,63.31,62.15,2.0,1.5,4.66,4.5,1.35,3.836,-0.6720000000000004,3.3,-1.6,80.0,80.0,3.4,1.2,2.7,6.8
2017-12-19,65.6,Good,winter,65.6,Good,winter,65.6,Good,63.8,62.82,2.0,1.5,5.0,4.0,4.3,1.2264000000000004,-1.0866399999999996,-1.0,-3.9,49.4,49.4,0.0,2.1,8.6,1.0
2017-12-20,61.02,Good,winter,61.02,Good,winter,61.02,Good,62.27,62.83,2.0,1.5,4.98,4.5,0.65,1.1927999999999996,-2.1208,-0.1,-3.9,68.0,68.0,0.2,1.1,1.3,7.1
2017-12-21,71.72,Very Good,winter,71.72,Very Good,winter,71.72,Very Good,66.11,64.12,2.5,2.0,5.0,4.5,4.3,5.217759999999999,0.3469599999999998,4.6,-0.9,71.4,71.4,0.0,1.2,8.6,0.4
2017-12-22,69.65,Good,winter,69.65,Good,winter,69.65,Good,67.46,65.42,2.5,2.5,5.0,4.5,1.55,7.05424,4.28176,6.6,3.4,66.6,66.6,0.0,1.1,3.1,8.4
2017-12-23,72.57,Very Good,winter,72.57,Very Good,winter,72.57,Very Good,71.31,66.62,3.0,2.5,5.0,4.5,1.95,8.82584,6.47752,8.7,6.1,75.8,75.8,0.0,1.1,3.9,8.0
2017-12-24,53.76,Acceptable,winter,53.76,Acceptable,winter,53.76,Acceptable,65.33,64.93,2.5,2.0,3.0,4.0,1.7000000000000002,6.009600000000001,3.4112,5.7,2.9,82.0,82.0,20.0,1.9,0.0,6.6
2017-12-25,66.77,Good,winter,66.77,Good,winter,66.77,Good,64.37,65.87,2.0,2.0,5.0,3.5,4.45,2.73944,0.6539599999999997,0.6,-2.1,43.1,43.1,0.0,2.8,8.9,2.1
2017-12-26,64.14,Good,winter,64.14,Good,winter,64.14,Good,61.56,65.66,2.0,1.5,5.0,3.5,4.3,1.4840800000000005,-0.587359999999999,-1.1,-3.8,41.8,41.8,0.0,2.9,8.6,0.3
2017-12-27,65.84,Good,winter,65.84,Good,winter,65.84,Good,65.58,66.35,2.0,1.5,5.0,4.0,4.45,0.8574399999999995,-2.262640000000001,-2.6,-6.9,31.4,31.4,0.0,1.9,8.9,0.0
2017-12-28,65.15,Good,winter,65.15,Good,winter,65.15,Good,65.04,65.41,2.0,2.0,5.0,4.5,1.65,2.7504,0.46519999999999984,0.8,-2.1,47.0,47.0,0.0,1.3,3.3,8.5
2017-12-29,68.07,Good,winter,68.07,Good,winter,68.07,Good,66.35,65.19,2.5,2.0,5.0,4.5,2.05,6.528,3.1428000000000003,6.0,2.1,67.0,67.0,0.0,1.1,4.1,4.6
2017-12-30,64.89,Good,winter,64.89,Good,winter,64.89,Good,66.04,64.09,2.5,2.0,4.93,4.5,0.34999999999999964,4.951,2.1052,4.5,1.4,79.5,79.5,0.7,0.9,0.0,9.3
2017-12-31,69.56,Good,winter,69.56,Good,winter,69.56,Good,67.51,66.35,2.5,2.0,4.9,4.0,4.25,4.52208,1.57872,3.3,-0.3,54.4,54.4,1.0,2.3,8.5,1.9
2018-01-01,71.47,Very Good,winter,71.47,Very Good,winter,71.47,Very Good,68.64,67.02,2.5,2.0,5.0,4.5,4.15,5.31032,1.4526800000000002,3.8,-1.3,39.1,39.1,0.0,1.4,8.3,1.0
2018-01-02,67.42,Good,winter,67.42,Good,winter,67.42,Good,69.48,67.49,2.0,2.0,5.0,4.0,3.95,3.7024,0.9376000000000009,1.8,-1.8,42.0,42.0,0.0,1.8,7.9,2.3
2018-01-03,65.6,Good,winter,65.6,Good,winter,65.6,Good,68.16,67.45,2.0,1.5,5.0,4.0,4.3,2.00032,-1.3072400000000006,-0.4,-4.7,42.3,42.3,0.0,2.2,8.6,3.6
2018-01-04,65.11,Good,winter,65.11,Good,winter,65.11,Good,66.04,67.45,2.0,1.5,5.0,4.5,3.1,1.7396000000000005,-1.3483999999999998,-0.7,-4.7,43.0,43.0,0.0,1.4,6.2,6.5
2018-01-05,65.27,Good,winter,65.27,Good,winter,65.27,Good,65.33,67.05,2.0,1.5,5.0,4.0,4.1,3.3337600000000003,-0.31679999999999975,1.6,-3.0,48.4,48.4,0.0,1.7,8.2,3.6
2018-01-06,69.49,Good,winter,69.49,Good,winter,69.49,Good,66.62,67.7,2.5,1.5,5.0,4.5,4.4,4.43928,-0.024959999999999205,2.9,-2.8,45.8,45.8,0.0,1.5,8.8,0.0
2018-01-07,68.72,Good,winter,68.72,Good,winter,68.72,Good,67.83,67.58,2.5,2.0,5.0,5.0,1.55,4.46752,1.70128,2.8,-0.8,42.1,42.1,0.0,0.8,3.1,7.5
2018-01-08,63.14,Good,winter,63.14,Good,winter,63.14,Good,67.12,66.39,2.5,2.0,4.91,4.0,0.25,5.1544,2.9738800000000003,4.0,1.3,51.9,51.9,0.9,1.8,0.5,9.0
2018-01-09,63.67,Good,winter,63.67,Good,winter,63.67,Good,65.18,65.86,2.0,1.5,4.95,3.5,4.2,0.6188799999999999,-1.89392,-1.2,-4.2,59.4,59.4,0.5,2.9,8.4,3.5
2018-01-10,59.45,Acceptable,winter,59.45,Acceptable,winter,59.45,Acceptable,62.09,64.98,1.5,1.0,4.97,3.5,4.4,-1.9583999999999997,-4.140000000000001,-4.8,-7.5,52.0,52.0,0.3,3.0,8.8,0.9
2018-01-11,59.56,Acceptable,winter,59.56,Acceptable,winter,59.56,Acceptable,60.89,64.19,1.5,1.0,5.0,3.5,4.35,-3.90608,-6.8631199999999986,-7.4,-11.1,49.8,49.8,0.0,2.8,8.7,0.4
2018-01-12,61.1,Good,winter,61.1,Good,winter,61.1,Good,60.04,63.59,1.5,1.0,5.0,4.0,4.4,-1.4206400000000001,-4.980319999999999,-5.4,-10.2,35.4,35.4,0.0,1.7,8.8,2.3
2018-01-13,62.03,Good,winter,62.03,Good,winter,62.03,Good,60.9,62.52,2.0,1.5,4.96,5.0,0.45,0.2649600000000003,-2.5164799999999996,-1.2,-4.4,67.3,67.3,0.4,0.8,0.9,8.3
2018-01-14,69.29,Good,winter,69.29,Good,winter,69.29,Good,64.14,62.61,2.5,2.0,5.0,4.5,2.8,6.060560000000001,1.9498400000000005,5.4,0.6,64.1,64.1,0.0,1.2,5.6,7.0
2018-01-15,74.55,Very Good,winter,74.55,Very Good,winter,74.55,Very Good,68.62,64.24,3.0,2.5,4.98,4.5,3.25,8.03212,5.46532,7.7,4.7,63.9,63.9,0.2,1.4,6.5,7.6
2018-01-16,69.0,Good,winter,69.0,Good,winter,69.0,Good,70.95,65.0,2.5,2.5,5.0,5.0,0.25,7.32352,4.5634,6.8,3.5,59.1,59.1,0.0,0.7,0.5,9.8
2018-01-17,73.3,Very Good,winter,73.3,Very Good,winter,73.3,Very Good,72.28,66.98,3.0,2.5,5.0,4.5,2.4,8.88668,5.2898000000000005,8.7,4.5,64.1,64.1,0.0,1.2,4.8,7.4
2018-01-18,64.42,Good,winter,64.42,Good,winter,64.42,Good,68.91,67.67,2.5,2.0,5.0,4.0,0.7000000000000002,5.3888,3.37664,4.5,2.1,59.6,59.6,0.0,1.9,,8.6
2018-01-19,71.8,Very Good,winter,71.8,Very Good,winter,71.8,Very Good,69.84,69.2,2.5,2.0,5.0,4.5,4.35,6.526,3.0520000000000005,5.5,1.0,43.0,43.0,0.0,1.6,8.7,3.8
2018-01-20,69.04,Good,winter,69.04,Good,winter,69.04,Good,68.42,70.2,2.5,2.0,5.0,4.5,2.65,7.42576,3.52288,6.9,2.2,57.6,57.6,0.0,1.6,5.3,5.1
2018-01-21,71.39,Very Good,winter,71.39,Very Good,winter,71.39,Very Good,70.74,70.5,2.5,2.0,5.0,4.5,4.1,6.6411999999999995,2.8345599999999997,5.5,0.4,36.6,36.6,0.0,1.0,8.2,2.0
2018-01-22,63.29,Good,winter,63.29,Good,winter,63.29,Good,67.91,68.89,2.5,2.0,4.67,4.5,0.35,5.0440000000000005,1.9052000000000002,4.0,0.2,56.5,56.5,3.3,1.5,0.7,9.4
2018-01-23,58.42,Acceptable,winter,58.42,Acceptable,winter,58.42,Acceptable,64.37,67.38,1.5,1.0,5.0,3.0,4.55,-1.7503999999999986,-6.665599999999999,-5.3,-11.7,42.0,42.0,0.0,3.7,9.1,0.3
2018-01-24,57.45,Acceptable,winter,57.45,Acceptable,winter,57.45,Acceptable,59.72,65.12,1.0,1.0,5.0,3.5,4.45,-5.03648,-7.57888,-10.7,-14.2,31.6,31.6,0.0,3.4,8.9,0.0
2018-01-25,56.96,Acceptable,winter,56.96,Acceptable,winter,56.96,Acceptable,57.61,64.05,1.0,1.0,5.0,3.5,4.15,-4.2428,-7.529599999999999,-9.5,-14.0,32.6,32.6,0.0,2.8,8.3,3.6
2018-01-26,53.56,Acceptable,winter,53.56,Acceptable,winter,53.56,Acceptable,55.99,61.44,1.0,0.0,5.0,3.5,5.0,-5.3097199999999996,-8.34208,-10.7,-14.8,34.9,34.9,0.0,2.6,,0.0
2018-01-27,62.72,Good,winter,62.72,Good,winter,62.72,Good,57.75,60.54,1.5,1.0,5.0,4.5,4.5,-0.1195999999999997,-4.91704,-3.5,-9.9,37.4,37.4,0.0,1.4,9.0,1.8
2018-01-28,63.33,Good,winter,63.33,Good,winter,63.33,Good,59.87,59.39,2.0,1.5,5.0,3.5,3.8,1.6672,-2.1271999999999993,-1.2,-6.3,36.0,36.0,0.0,2.6,7.6,3.3
2018-01-29,62.11,Good,winter,62.11,Good,winter,62.11,Good,62.72,59.22,1.5,1.5,5.0,3.5,4.45,-0.8780000000000001,-3.6899999999999995,-4.7,-8.5,35.0,35.0,0.0,2.7,8.9,0.1
2018-01-30,62.85,Good,winter,62.85,Good,winter,62.85,Good,62.76,59.85,2.0,1.5,4.71,4.5,2.8,0.8416000000000001,-2.9743999999999993,-0.8,-5.3,62.0,62.0,2.9,1.3,5.6,5.8
2018-01-31,61.55,Good,winter,61.55,Good,winter,61.55,Good,62.17,60.44,2.0,1.5,5.0,4.5,0.9,1.8199999999999998,-0.3068000000000004,0.0,-2.6,54.5,54.5,0.0,1.6,1.8,7.4
2018-02-01,67.46,Good,winter,67.46,Good,winter,67.46,Good,63.95,61.94,2.0,1.5,5.0,4.5,4.55,3.16768,-0.8696000000000002,1.2,-4.0,44.1,44.1,0.0,1.6,9.1,0.0
2018-02-02,71.88,Very Good,winter,71.88,Very Good,winter,71.88,Very Good,66.96,64.56,2.5,2.0,5.0,4.5,4.4,5.01272,0.025440000000000573,3.8,-2.4,51.1,51.1,0.0,1.6,8.8,1.9
2018-02-03,62.77,Good,winter,62.77,Good,winter,62.77,Good,67.37,64.56,2.0,1.5,4.95,3.0,4.55,0.46519999999999984,-3.632399999999999,-2.1,-7.3,47.0,47.0,0.5,3.8,9.1,1.3
2018-02-04,59.88,Acceptable,winter,59.88,Acceptable,winter,59.88,Acceptable,64.84,64.07,1.5,1.0,5.0,3.5,4.55,-1.6067200000000001,-4.8902,-5.2,-9.5,40.9,40.9,0.0,3.1,9.1,0.0
2018-02-05,60.04,Good,winter,60.04,Good,winter,60.04,Good,60.9,63.78,1.5,1.0,5.0,3.5,4.65,-1.343119999999999,-4.57328,-5.1,-9.4,37.8,37.8,0.0,3.0,9.3,0.1
2018-02-06,59.8,Acceptable,winter,59.8,Acceptable,winter,59.8,Acceptable,59.91,63.34,1.5,1.0,5.0,3.5,4.5,-1.7867999999999995,-4.994599999999999,-5.8,-10.1,36.5,36.5,0.0,3.1,9.0,1.1
2018-02-07,67.54,Good,winter,67.54,Good,winter,67.54,Good,62.46,64.2,2.0,1.5,5.0,4.5,4.6,1.1932800000000001,-3.6655999999999995,-1.6,-8.0,39.8,39.8,0.0,1.5,9.2,1.0
2018-02-08,67.54,Good,winter,67.54,Good,winter,67.54,Good,64.96,64.21,2.0,1.5,5.0,4.5,4.6,3.8144,-1.1340800000000004,2.0,-4.4,43.3,43.3,0.0,1.2,9.2,0.3
2018-02-09,66.53,Good,winter,66.53,Good,winter,66.53,Good,67.2,63.44,2.5,2.0,5.0,4.5,1.1,6.97516,2.5542399999999996,6.1,0.4,43.9,43.9,0.0,1.1,2.2,9.1
2018-02-10,66.12,Good,winter,66.12,Good,winter,66.12,Good,66.73,63.92,2.5,2.0,5.0,3.5,2.65,4.63072,1.7092,3.2,-0.5,47.4,47.4,0.0,3.0,5.3,6.5
2018-02-11,62.52,Good,winter,62.52,Good,winter,62.52,Good,65.06,64.3,2.0,1.5,5.0,3.5,3.3,0.6059999999999994,-2.3969999999999994,-2.2,-6.1,42.5,42.5,0.0,2.7,6.6,3.5
2018-02-12,64.22,Good,winter,64.22,Good,winter,64.22,Good,64.29,64.9,2.0,1.5,5.0,3.5,4.35,0.9942400000000007,-2.058559999999999,-1.8,-5.8,40.8,40.8,0.0,2.7,8.7,4.1
2018-02-13,68.55,Good,winter,68.55,Good,winter,68.55,Good,65.1,66.15,2.5,2.0,5.0,3.5,4.15,5.3374,1.1656,4.3,-0.8,54.5,54.5,0.0,2.7,8.3,3.1
2018-02-14,69.16,Good,winter,69.16,Good,winter,69.16,Good,67.31,66.38,3.0,2.5,5.0,3.5,1.65,8.954799999999999,4.774,8.7,3.5,51.0,51.0,0.0,2.6,3.3,7.4
2018-02-15,68.31,Good,winter,68.31,Good,winter,68.31,Good,68.67,66.49,2.5,2.0,5.0,4.0,3.1,5.728,2.3815999999999997,4.0,-0.7,28.0,28.0,0.0,2.5,,3.8
2018-02-16,71.15,Very Good,winter,71.15,Very Good,winter,71.15,Very Good,69.54,67.15,2.5,2.0,5.0,4.0,4.85,6.1219600000000005,1.5595599999999998,4.9,-1.1,40.1,40.1,0.0,2.1,9.7,3.3
2018-02-17,66.85,Good,winter,66.85,Good,winter,66.85,Good,68.77,67.25,2.0,2.0,5.0,3.5,4.5,3.9593599999999998,0.8688000000000002,1.4,-3.0,25.6,25.6,0.0,2.9,9.0,1.9
2018-02-18,70.58,Very Good,winter,70.58,Very Good,winter,70.58,Very Good,69.53,68.4,2.5,2.0,5.0,4.5,3.6,6.6035200000000005,2.6409600000000006,5.2,-0.4,26.9,26.9,0.0,1.3,7.2,7.4
2018-02-19,68.64,Good,winter,68.64,Good,winter,68.64,Good,68.69,69.03,2.5,2.0,5.0,4.5,2.4,7.45792,3.48592,6.8,1.8,48.6,48.6,0.0,1.5,4.8,6.1
2018-02-20,70.01,Very Good,winter,70.01,Very Good,winter,70.01,Very Good,69.74,69.24,2.5,2.0,5.0,4.0,4.15,6.562,3.0476,5.5,0.9,41.0,41.0,0.0,2.5,8.3,5.0
2018-02-21,71.23,Very Good,winter,71.23,Very Good,winter,71.28,Very Good,69.96,69.54,2.5,2.0,5.0,4.0,4.9,5.9344,2.0866000000000007,4.4,-0.9,31.5,31.5,0.0,2.3,9.8,1.6
2018-02-22,68.23,Good,winter,68.23,Good,winter,68.25,Good,69.82,69.53,2.5,2.0,4.96,4.0,3.2,6.154400000000001,2.7268,5.4,1.3,59.0,59.0,0.4,2.2,6.4,5.8
2018-02-23,69.57,Good,winter,69.57,Good,winter,69.53,Good,69.68,69.3,3.0,2.5,4.63,4.0,2.4,8.70584,4.63848,8.6,4.2,81.1,81.1,3.7,1.9,4.8,7.0
2018-02-24,69.45,Good,winter,69.45,Good,winter,69.55,Good,69.08,69.67,2.5,2.0,5.0,4.0,3.8,7.76672,3.93824,7.2,2.4,49.4,49.4,0.0,2.1,7.6,6.1
2018-02-25,73.01,Very Good,winter,73.01,Very Good,winter,73.29,Very Good,70.68,70.02,3.0,2.0,5.0,4.0,4.6,8.39896,3.82456,7.9,1.9,40.6,40.6,0.0,1.7,9.2,2.4
2018-02-26,77.51,Very Good,winter,77.51,Very Good,winter,77.77,Very Good,73.32,71.29,3.0,2.5,5.0,4.5,5.0,10.30896,4.67044,10.4,3.1,43.1,43.1,0.0,1.4,10.2,1.3
2018-02-27,68.36,Good,winter,68.36,Good,winter,67.88,Good,72.96,71.05,2.5,2.5,5.0,4.5,0.75,7.53488,5.387840000000001,6.9,4.2,48.8,48.8,0.0,0.9,0.0,8.5
2018-02-28,52.6,Acceptable,winter,52.6,Acceptable,winter,52.09,Acceptable,66.16,68.39,3.0,2.5,2.5,4.0,0.0,8.03496,5.1767199999999995,7.8,4.6,73.3,73.3,25.0,2.0,0.0,10.0
2018-03-01,68.49,Good,spring,67.11,Good,winter,67.55,Good,62.69,68.23,2.5,2.0,4.95,3.0,4.35,4.066800000000001,1.3544800000000001,3.0,-0.2,61.9,61.9,0.5,3.8,8.7,4.4
2018-03-02,74.21,Very Good,spring,72.85,Very Good,winter,73.34,Very Good,64.19,68.7,2.5,2.0,5.0,4.5,5.0,6.6144,2.1247999999999996,5.4,-0.7,34.0,34.0,0.0,1.5,10.3,2.4
2018-03-03,83.23,Excellent,spring,82.17,Excellent,winter,82.59,Excellent,74.04,70.52,3.5,3.0,5.0,4.5,5.0,14.66488,8.41996,16.2,7.9,38.1,38.1,0.0,1.5,10.1,4.1
2018-03-04,62.26,Good,spring,64.74,Good,winter,63.68,Good,73.25,69.33,3.0,3.0,3.85,4.5,0.0,11.81716,9.808720000000001,11.9,9.8,89.1,89.1,11.5,1.2,0.0,10.0
2018-03-05,71.86,Very Good,spring,71.47,Very Good,winter,71.65,Very Good,72.79,68.47,3.0,2.5,4.65,4.0,3.5,11.218,6.085,11.4,5.5,67.5,67.5,3.5,2.0,7.0,5.4
2018-03-06,78.72,Very Good,spring,78.72,Very Good,spring,78.11,Very Good,71.64,69.95,3.0,2.5,5.0,4.5,5.0,10.70848,5.6704,10.9,4.5,46.8,46.8,0.0,1.6,10.6,2.1
2018-03-07,69.13,Good,spring,69.13,Good,spring,69.57,Good,73.11,72.31,3.0,2.5,4.95,4.0,1.5,10.5712,7.0624,10.7,6.4,54.0,54.0,0.5,1.8,3.0,8.6
2018-03-08,69.39,Good,spring,69.39,Good,spring,69.49,Good,72.41,72.64,3.0,2.5,4.6,4.0,2.55,9.7288,5.118399999999999,9.7,4.6,76.0,76.0,4.0,1.9,5.1,8.1
2018-03-09,73.13,Very Good,spring,73.13,Very Good,spring,73.29,Very Good,70.55,72.68,3.0,2.5,5.0,4.5,2.55,9.658719999999999,5.3074,9.6,4.5,63.3,63.3,0.0,1.5,5.1,5.9
2018-03-10,75.02,Very Good,spring,75.02,Very Good,spring,74.78,Very Good,72.51,71.66,3.0,2.5,5.0,4.0,3.95,9.74104,5.33872,9.7,4.6,65.8,65.8,0.0,2.0,7.9,4.6
2018-03-11,77.18,Very Good,spring,77.18,Very Good,spring,76.77,Very Good,75.11,73.43,3.0,2.5,5.0,4.0,4.9,11.77144,7.10128,12.2,6.4,51.3,51.3,0.0,2.0,9.8,2.8
2018-03-12,80.38,Excellent,spring,80.38,Excellent,spring,80.31,Excellent,77.53,74.71,3.5,3.0,5.0,4.5,3.75,14.3076,8.4336,15.5,8.0,45.8,45.8,0.0,1.4,7.5,3.3
2018-03-13,78.04,Very Good,spring,78.04,Very Good,spring,78.02,Very Good,78.53,74.61,3.5,3.0,5.0,4.0,3.3,17.4096,12.0208,18.8,12.4,60.5,60.5,0.0,1.8,6.6,5.9
2018-03-14,86.62,Excellent,spring,86.62,Excellent,spring,86.47,Excellent,81.68,77.11,4.5,3.5,5.0,4.0,3.95,20.10592,15.8464,22.1,17.0,58.8,58.8,0.0,2.3,7.9,6.0
2018-03-15,54.33,Acceptable,spring,54.33,Acceptable,spring,54.66,Acceptable,73.0,74.96,3.5,3.0,2.3,4.0,0.09999999999999964,16.391440000000003,12.324160000000001,16.6,12.4,92.1,92.1,27.0,2.1,0.0,9.8
2018-03-16,77.41,Very Good,spring,77.41,Very Good,spring,77.22,Very Good,72.79,75.57,3.0,2.5,5.0,4.0,5.0,11.732719999999999,7.71596,12.2,7.1,46.9,46.9,0.0,1.9,11.0,1.4
2018-03-17,80.27,Excellent,spring,80.27,Excellent,spring,80.14,Excellent,70.67,76.32,3.5,2.5,5.0,4.5,4.55,13.168,7.3072,14.0,6.6,48.0,48.0,0.0,1.5,9.1,4.4
2018-03-18,69.17,Good,spring,69.17,Good,spring,69.35,Good,75.62,75.17,3.0,3.0,4.95,4.5,0.09999999999999964,12.059,8.51752,12.5,8.2,55.9,55.9,0.5,1.2,0.0,9.8
2018-03-19,67.9,Good,spring,67.9,Good,spring,67.98,Good,72.45,73.39,3.0,3.0,4.9,4.0,0.25,10.3432,8.284,10.4,8.0,64.5,64.5,1.0,2.5,0.0,9.5
2018-03-20,70.86,Very Good,spring,70.86,Very Good,spring,70.86,Very Good,69.31,72.37,3.0,2.5,5.0,3.5,2.7,9.31636,5.97412,9.1,4.7,39.9,39.9,0.0,3.4,5.4,6.9
2018-03-21,61.35,Good,spring,61.35,Good,spring,61.35,Good,66.7,68.76,2.5,2.0,4.9,4.0,0.2,5.97492,3.23444,5.3,2.1,64.1,64.1,1.0,1.7,0.4,9.9
2018-03-22,77.41,Very Good,spring,77.41,Very Good,spring,77.41,Very Good,69.87,72.05,3.0,2.5,5.0,4.0,5.0,11.3536,5.6854000000000005,11.6,4.9,61.5,61.5,0.0,2.2,10.7,1.5
2018-03-23,75.93,Very Good,spring,75.93,Very Good,spring,75.93,Very Good,71.56,71.84,3.0,2.5,5.0,4.0,4.35,12.053,6.79732,12.5,6.1,55.3,55.3,0.0,2.0,8.7,4.6
2018-03-24,74.22,Very Good,spring,74.22,Very Good,spring,74.22,Very Good,75.85,70.98,3.0,2.5,5.0,4.0,3.6,12.627559999999999,7.9657599999999995,13.1,7.6,61.9,61.9,0.0,2.1,7.2,6.3
2018-03-25,81.35,Excellent,spring,81.35,Excellent,spring,81.35,Excellent,77.17,72.72,3.5,3.0,5.0,4.0,4.75,15.950559999999998,9.65504,16.9,9.6,65.6,65.6,0.0,1.7,9.5,3.4
2018-03-26,80.89,Excellent,spring,80.89,Excellent,spring,80.89,Excellent,78.82,74.57,3.5,3.0,5.0,4.0,4.55,16.9498,10.858,18.1,11.0,64.5,64.5,0.0,1.9,9.1,3.6
2018-03-27,83.42,Excellent,spring,83.42,Excellent,spring,83.42,Excellent,81.89,76.37,4.0,3.0,5.0,4.5,3.95,18.444,12.786520000000001,20.0,13.3,61.1,61.1,0.0,1.6,7.9,2.6
2018-03-28,78.38,Very Good,spring,78.38,Very Good,spring,78.38,Very Good,80.9,78.8,3.5,3.5,5.0,4.0,2.6,17.790399999999998,13.4624,19.0,14.0,66.4,66.4,0.0,2.2,5.2,4.3
2018-03-29,84.89,Excellent,spring,84.89,Excellent,spring,84.89,Excellent,82.23,79.87,4.0,3.5,5.0,4.5,3.75,19.603720000000003,14.67208,21.1,15.4,66.3,66.3,0.0,1.6,7.5,4.9
2018-03-30,86.32,Excellent,spring,86.32,Excellent,spring,86.32,Excellent,83.2,81.35,4.0,3.5,5.0,4.0,4.95,19.786559999999998,13.94752,21.9,14.8,55.6,55.6,0.0,1.7,9.9,0.5
2018-03-31,84.04,Excellent,spring,84.04,Excellent,spring,84.04,Excellent,85.08,82.76,4.0,3.5,5.0,4.0,3.95,18.19716,13.2464,20.1,14.0,52.9,52.9,0.0,1.9,7.9,4.4
2018-04-01,75.24,Very Good,spring,75.24,Very Good,spring,75.24,Very Good,81.87,81.88,3.5,3.5,5.0,4.5,0.65,17.4392,14.901119999999999,18.5,15.6,68.8,68.8,0.0,1.5,1.3,9.1
2018-04-02,83.99,Excellent,spring,83.99,Excellent,spring,83.99,Excellent,81.09,82.33,4.5,3.5,5.0,4.0,2.8,21.7272,17.1904,23.7,18.4,64.0,64.0,0.0,1.9,5.6,6.1
2018-04-03,75.88,Very Good,spring,75.88,Very Good,spring,75.88,Very Good,78.37,81.25,4.0,3.5,4.99,4.0,0.4,19.98592,16.95448,21.2,17.8,72.9,72.9,0.1,2.1,0.8,9.1
2018-04-04,68.39,Good,spring,68.39,Good,spring,68.39,Good,76.09,79.82,3.5,3.0,3.15,4.0,4.0,17.1176,12.9512,18.2,13.4,67.0,67.0,18.5,1.9,8.0,6.1
2018-04-05,59.74,Acceptable,spring,59.74,Acceptable,spring,59.74,Acceptable,68.0,76.23,3.0,2.5,3.95,4.0,0.04999999999999982,9.5188,7.690239999999999,9.5,7.6,90.6,90.6,10.5,2.0,0.0,9.9
2018-04-06,65.31,Good,spring,65.31,Good,spring,65.31,Good,64.48,73.23,3.0,2.5,4.35,3.5,2.0,8.759039999999999,6.27712,8.6,5.8,71.6,71.6,6.5,3.1,4.0,8.9
2018-04-07,73.53,Very Good,spring,73.53,Very Good,spring,73.53,Very Good,66.19,71.73,3.0,2.5,4.98,3.0,4.5,8.905199999999999,5.4643999999999995,8.6,4.2,45.5,45.5,0.2,4.1,9.0,5.1
2018-04-08,67.95,Good,spring,67.95,Good,spring,67.95,Good,68.93,70.68,3.0,2.5,4.7,4.0,1.65,8.23936,4.88576,7.9,3.9,59.6,59.6,3.0,1.8,3.3,6.1
2018-04-09,82.66,Excellent,spring,82.66,Excellent,spring,82.66,Excellent,74.71,70.49,3.5,3.0,5.0,4.5,4.75,14.49064,8.25364,15.4,7.9,57.9,57.9,0.0,1.1,9.5,2.6
2018-04-10,76.55,Very Good,spring,76.55,Very Good,spring,76.55,Very Good,75.72,70.59,4.0,3.5,4.5,3.0,3.15,19.5676,14.1004,21.9,15.1,51.0,51.0,5.0,3.5,6.3,6.3
2018-04-11,80.61,Excellent,spring,80.61,Excellent,spring,80.61,Excellent,79.94,72.34,3.5,3.0,5.0,3.5,5.0,15.82248,12.07376,17.3,12.6,49.4,49.4,0.0,3.0,11.8,2.6
2018-04-12,80.61,Excellent,spring,80.61,Excellent,spring,80.61,Excellent,79.26,75.32,3.5,3.0,5.0,3.5,5.0,16.9312,12.3826,19.6,13.3,30.5,30.5,0.0,2.6,12.0,1.3
2018-04-13,76.84,Very Good,spring,76.84,Very Good,spring,76.84,Very Good,79.35,76.96,3.5,3.5,5.0,4.5,1.35,16.43188,13.18136,19.3,14.6,22.9,22.9,0.0,1.3,2.7,8.9
2018-04-14,65.39,Good,spring,65.39,Good,spring,65.39,Good,74.28,75.8,3.5,3.0,4.1,4.0,0.15,14.39296,9.0848,14.8,9.0,78.8,78.8,9.0,1.8,0.3,8.9
2018-04-15,80.32,Excellent,spring,80.32,Excellent,spring,80.32,Excellent,74.18,77.57,3.5,3.0,5.0,4.0,4.3,13.6204,9.569,14.2,9.5,65.5,65.5,0.0,2.4,8.6,3.1
2018-04-16,83.23,Excellent,spring,83.23,Excellent,spring,83.23,Excellent,76.31,77.65,3.5,3.0,5.0,4.5,5.0,16.75488,11.228159999999999,18.8,11.6,41.9,41.9,0.0,1.6,12.3,1.0
2018-04-17,81.92,Excellent,spring,81.92,Excellent,spring,81.92,Excellent,81.82,78.42,3.5,3.0,5.0,4.0,5.0,17.591160000000002,12.179640000000001,20.1,12.9,37.9,37.9,0.0,1.9,12.2,0.9
2018-04-18,81.92,Excellent,spring,81.92,Excellent,spring,81.92,Excellent,82.36,78.6,3.5,3.0,5.0,4.0,5.0,16.89688,11.77984,19.3,12.4,35.4,35.4,0.0,1.9,12.0,0.4
2018-04-19,83.85,Excellent,spring,83.85,Excellent,spring,83.85,Excellent,82.56,79.07,3.5,3.5,5.0,4.0,5.0,17.9296,13.0208,20.5,14.0,38.8,38.8,0.0,1.9,11.4,0.0
2018-04-20,92.9,Ideal,spring,92.9,Ideal,spring,92.9,Ideal,86.22,81.36,5.0,3.5,5.0,4.5,5.0,22.7792,16.5856,26.3,18.4,46.0,46.0,0.0,1.3,11.3,0.5
2018-04-21,89.01,Excellent,spring,89.01,Excellent,spring,89.01,Excellent,88.59,84.74,4.5,3.5,5.0,4.0,5.0,21.3568,16.3336,25.6,18.7,32.0,32.0,0.0,1.9,12.4,3.4
2018-04-22,67.49,Good,spring,67.49,Good,spring,67.49,Good,83.13,82.9,4.0,3.5,3.45,4.5,0.25,19.1256,14.5628,21.0,15.5,57.4,57.4,15.5,1.1,0.0,9.5
2018-04-23,37.54,Unfavorable,spring,37.54,Unfavorable,spring,37.54,Unfavorable,64.68,76.38,3.0,3.0,0.0,4.0,0.0,10.68292,9.31708,10.7,9.3,93.9,93.9,59.0,2.2,0.0,10.0
2018-04-24,72.29,Very Good,spring,72.29,Very Good,spring,72.29,Very Good,59.11,75.0,3.5,3.0,4.7,4.5,1.0,15.20452,11.79172,16.1,12.1,63.3,63.3,3.0,1.4,0.0,8.0
2018-04-25,87.74,Excellent,spring,87.74,Excellent,spring,87.74,Excellent,65.86,75.83,4.0,3.5,5.0,4.5,5.0,19.99096,13.45552,23.3,14.6,37.8,37.8,0.0,1.5,12.4,0.8
2018-04-26,86.43,Excellent,spring,86.43,Excellent,spring,86.43,Excellent,82.15,76.2,4.0,3.5,5.0,4.0,5.0,19.77196,13.95724,22.1,14.9,51.9,51.9,0.0,2.1,11.7,3.9
2018-04-27,89.01,Excellent,spring,89.01,Excellent,spring,89.01,Excellent,87.73,75.64,4.5,3.5,5.0,4.0,5.0,20.79428,14.62612,23.3,15.7,52.9,52.9,0.0,1.7,11.3,0.1
2018-04-28,86.43,Excellent,spring,86.43,Excellent,spring,86.43,Excellent,87.29,75.28,4.0,3.5,5.0,4.0,5.0,19.3132,14.2984,21.7,15.4,49.0,49.0,0.0,2.0,12.4,0.0
2018-04-29,86.43,Excellent,spring,86.43,Excellent,spring,86.43,Excellent,87.29,77.98,4.0,3.5,5.0,4.0,5.0,19.96396,14.788879999999999,22.9,16.2,43.1,43.1,0.0,1.9,11.6,2.4
2018-04-30,91.99,Ideal,spring,91.99,Ideal,spring,91.99,Ideal,88.28,85.76,5.0,3.5,5.0,4.5,4.6,22.695999999999998,17.78688,25.0,19.2,61.6,61.6,0.0,1.6,9.2,5.5
2018-05-01,84.5,Excellent,spring,84.5,Excellent,spring,84.5,Excellent,87.64,87.5,4.5,4.0,5.0,4.5,1.6,21.85296,19.26848,23.3,20.4,72.8,72.8,0.0,1.5,3.2,8.5
2018-05-02,67.85,Good,spring,67.85,Good,spring,67.85,Good,81.45,84.66,4.0,3.5,3.8,4.0,0.04999999999999982,19.32752,14.90416,19.7,15.1,90.4,90.4,12.0,1.9,0.0,9.9
2018-05-03,77.95,Very Good,spring,77.95,Very Good,spring,77.95,Very Good,76.77,83.45,3.5,3.0,4.9,3.5,4.1,13.99312,11.01952,14.7,11.2,62.4,62.4,1.0,2.7,8.2,3.6
2018-05-04,82.54,Excellent,spring,82.54,Excellent,spring,82.54,Excellent,76.11,82.53,3.5,3.5,5.0,3.5,5.0,17.82,13.206199999999999,20.0,14.1,45.5,45.5,0.0,2.7,12.4,1.4
2018-05-05,87.7,Excellent,spring,87.7,Excellent,spring,87.7,Excellent,82.73,82.71,4.5,3.5,5.0,3.5,5.0,21.49312,16.53376,24.6,18.3,46.8,46.8,0.0,2.6,11.0,6.0
2018-05-06,69.19,Good,spring,69.19,Good,spring,69.19,Good,79.81,80.25,4.5,3.5,2.8,4.5,1.6,20.117919999999998,16.24096,20.7,16.6,86.4,86.4,22.0,1.1,3.2,9.3
2018-05-07,89.59,Excellent,spring,89.59,Excellent,spring,89.59,Excellent,82.16,79.9,5.0,3.5,5.0,4.5,3.55,23.0386,17.73904,25.5,19.2,60.3,60.3,0.0,1.2,7.1,6.0
2018-05-08,89.01,Excellent,spring,89.01,Excellent,spring,89.01,Excellent,82.6,80.55,4.5,3.5,5.0,4.0,5.0,20.366439999999997,16.027,22.9,17.5,50.9,50.9,0.0,1.7,11.3,3.0
2018-05-09,86.43,Excellent,spring,86.43,Excellent,spring,86.43,Excellent,88.34,83.2,4.0,3.5,5.0,4.0,5.0,19.45888,14.56912,21.8,15.7,50.4,50.4,0.0,1.7,12.6,0.1
2018-05-10,86.43,Excellent,spring,86.43,Excellent,spring,86.43,Excellent,87.29,84.41,4.0,3.5,5.0,4.0,5.0,19.913439999999998,14.69584,21.4,15.4,67.4,67.4,0.0,2.3,12.3,3.1
2018-05-11,81.07,Excellent,spring,81.07,Excellent,spring,81.07,Excellent,84.64,84.2,4.0,3.5,5.0,4.0,2.65,19.482960000000002,15.11912,21.3,16.1,59.8,59.8,0.0,1.8,5.3,9.5
2018-05-12,54.3,Acceptable,spring,54.3,Acceptable,spring,54.3,Acceptable,73.93,79.43,3.5,3.5,1.7999999999999998,4.5,0.0,15.838920000000002,14.02024,16.1,14.2,89.3,89.3,32.0,0.9,0.0,10.0
2018-05-13,82.59,Excellent,spring,82.59,Excellent,spring,82.59,Excellent,72.65,81.35,4.0,3.5,4.95,4.0,3.45,19.3,15.394,20.0,15.8,82.5,82.5,0.5,1.9,6.9,5.3
2018-05-14,89.71,Excellent,spring,89.71,Excellent,spring,89.75,Excellent,75.53,81.36,5.0,3.5,5.0,4.5,3.6,22.8412,17.26192,24.5,18.2,71.4,71.4,0.0,1.4,7.2,6.6
2018-05-15,92.93,Ideal,spring,92.93,Ideal,spring,92.94,Ideal,88.41,81.92,4.5,4.5,5.0,4.5,4.45,25.93408,20.89792,29.3,23.2,56.4,56.4,0.0,1.1,8.9,8.5
2018-05-16,54.11,Acceptable,spring,54.11,Acceptable,spring,54.23,Acceptable,78.92,77.31,4.5,4.5,0.5,4.0,0.0,24.042879999999997,21.99496,24.4,22.3,93.8,93.8,45.0,1.9,0.0,10.0
2018-05-17,54.96,Acceptable,spring,54.96,Acceptable,spring,55.09,Acceptable,67.33,72.81,5.0,4.5,0.0,4.5,0.0,23.338,20.769199999999998,23.5,20.9,97.0,97.0,83.0,1.4,0.0,10.0
2018-05-18,72.84,Very Good,spring,72.84,Very Good,spring,73.18,Very Good,60.64,71.63,4.0,3.5,4.35,4.5,0.2,18.80896,15.967360000000001,19.3,16.3,86.8,86.8,6.5,1.3,0.4,8.3
2018-05-19,90.32,Ideal,spring,90.32,Ideal,spring,90.32,Ideal,72.71,76.78,4.5,3.5,5.0,4.5,5.0,21.613,16.004,24.7,17.6,47.5,47.5,0.0,1.5,12.7,0.0
2018-05-20,81.13,Excellent,spring,81.13,Excellent,spring,81.41,Excellent,81.43,76.57,4.0,3.5,5.0,4.5,2.1,19.17784,15.0988,22.6,17.0,32.1,32.1,0.0,1.4,4.2,4.6
2018-05-21,88.95,Excellent,spring,88.95,Excellent,spring,89.05,Excellent,86.8,76.46,4.5,3.5,5.0,4.5,4.4,20.62572,16.049680000000002,23.7,17.8,43.9,43.9,0.0,1.4,8.8,3.9
2018-05-22,74.4,Very Good,spring,74.4,Very Good,spring,74.87,Very Good,81.49,73.82,4.5,3.5,3.75,4.5,1.35,21.906399999999998,17.3062,23.2,18.1,75.5,75.5,12.5,1.1,2.7,9.0
2018-05-23,85.06,Excellent,spring,85.06,Excellent,spring,85.1,Excellent,82.8,78.24,4.5,3.5,4.35,4.0,5.0,21.01772,16.04732,23.3,17.3,57.1,57.1,6.5,2.5,12.7,1.4
2018-05-24,89.01,Excellent,spring,89.01,Excellent,spring,89.18,Excellent,82.82,83.1,4.5,3.5,5.0,4.0,5.0,20.81752,16.55368,23.7,18.3,47.4,47.4,0.0,2.2,12.5,0.5
2018-05-25,91.59,Ideal,spring,91.59,Ideal,spring,91.98,Ideal,88.55,85.78,5.0,3.5,5.0,4.0,5.0,22.79152,17.659119999999998,26.2,19.7,47.4,47.4,0.0,1.8,12.1,3.4
2018-05-26,92.25,Ideal,spring,92.25,Ideal,spring,92.24,Ideal,90.95,86.06,4.5,4.0,5.0,4.5,5.0,25.68784,19.44472,29.6,21.8,50.1,50.1,0.0,1.4,12.6,1.0
2018-05-27,84.9,Excellent,spring,86.77,Excellent,summer,85.84,Excellent,90.2,86.86,4.5,4.0,5.0,4.0,2.35,21.60712,18.13288,24.7,20.3,47.4,47.4,0.0,1.7,4.7,7.3
2018-05-28,92.25,Ideal,spring,92.23,Ideal,summer,92.24,Ideal,90.42,87.33,4.5,4.0,5.0,4.5,5.0,25.26472,19.83016,29.1,22.3,49.8,49.8,0.0,1.6,12.5,3.8
2018-05-29,87.32,Excellent,spring,89.97,Excellent,summer,88.83,Excellent,89.66,89.55,5.0,4.5,4.9,4.0,1.7,23.94748,20.000079999999997,25.9,21.4,69.3,69.3,1.0,1.8,3.4,9.4
2018-05-30,93.29,Ideal,spring,94.23,Ideal,summer,93.86,Ideal,92.14,90.86,5.0,4.0,5.0,4.0,4.9,22.924239999999998,18.96784,24.7,20.2,69.8,69.8,0.0,1.9,9.8,4.6
2018-05-31,90.94,Ideal,spring,91.33,Ideal,summer,91.19,Ideal,91.84,91.2,4.5,4.0,5.0,4.0,5.0,24.70656,19.10804,27.6,20.9,58.9,58.9,0.0,1.9,12.9,0.9
2018-06-01,90.16,Ideal,summer,90.16,Ideal,summer,90.2,Ideal,91.91,90.99,4.0,4.5,5.0,4.0,5.0,26.19232,21.06208,30.2,23.8,50.4,50.4,0.0,1.9,12.9,0.0
2018-06-02,93.23,Ideal,summer,93.23,Ideal,summer,93.13,Ideal,91.57,91.13,4.5,4.5,5.0,4.0,5.0,25.637800000000002,20.4252,30.1,23.4,44.5,44.5,0.0,2.0,12.8,1.4
2018-06-03,94.13,Ideal,summer,94.13,Ideal,summer,94.14,Ideal,92.51,92.18,4.5,4.5,5.0,4.5,5.0,25.75808,20.6064,30.8,24.0,39.4,39.4,0.0,1.6,12.9,4.0
2018-06-04,92.54,Ideal,summer,92.54,Ideal,summer,92.42,Ideal,93.3,92.23,4.5,4.5,5.0,4.0,4.6,24.007,20.08504,27.5,22.6,50.1,50.1,0.0,1.9,9.2,7.9
2018-06-05,93.23,Ideal,summer,93.23,Ideal,summer,93.17,Ideal,93.3,92.69,4.5,4.5,5.0,4.0,5.0,25.552,21.096999999999998,29.2,23.7,52.5,52.5,0.0,1.7,11.4,1.4
2018-06-06,93.23,Ideal,summer,93.23,Ideal,summer,93.18,Ideal,93.0,92.55,4.5,4.5,5.0,4.0,5.0,25.24364,21.0708,27.9,23.0,62.9,62.9,0.0,2.0,12.7,1.0
2018-06-07,89.64,Excellent,summer,89.64,Excellent,summer,89.64,Excellent,92.03,92.31,4.0,4.5,5.0,4.0,4.7,27.01768,20.70184,29.4,22.2,69.3,69.3,0.0,2.0,9.4,4.5
2018-06-08,90.74,Ideal,summer,90.74,Ideal,summer,90.65,Ideal,91.2,92.39,4.5,4.5,5.0,4.0,3.55,24.824,20.3768,27.0,21.9,68.0,68.0,0.0,2.1,7.1,5.5
2018-06-09,88.93,Excellent,summer,88.93,Excellent,summer,88.93,Excellent,89.77,91.78,4.0,4.5,4.95,4.5,3.95,26.93224,21.540879999999998,30.1,23.7,60.6,60.6,0.5,1.4,7.9,6.6
2018-06-10,87.58,Excellent,summer,87.58,Excellent,summer,87.58,Excellent,89.08,90.84,5.0,4.0,4.95,4.5,0.7,22.510039999999996,19.48748,24.9,21.3,59.9,59.9,0.5,1.4,1.4,9.5
2018-06-11,86.27,Excellent,summer,86.27,Excellent,summer,86.27,Excellent,87.59,89.95,5.0,4.0,4.5,4.5,1.65,22.081879999999998,18.86584,23.9,20.2,67.3,67.3,5.0,1.4,3.3,8.5
2018-06-12,91.33,Ideal,summer,91.33,Ideal,summer,91.33,Ideal,88.39,89.67,4.5,4.0,5.0,4.0,5.0,24.7402,19.7406,27.1,21.3,65.5,65.5,0.0,1.7,12.1,4.5
2018-06-13,89.74,Excellent,summer,89.74,Excellent,summer,89.74,Excellent,89.11,89.18,4.5,4.5,5.0,4.5,2.45,24.552,20.272,27.0,22.0,64.0,64.0,0.0,1.5,4.9,7.4
2018-06-14,70.84,Very Good,summer,70.84,Very Good,summer,70.84,Very Good,83.97,86.49,5.0,4.5,2.1,4.5,0.7,23.58396,20.435360000000003,25.1,21.6,74.9,74.9,29.0,1.1,1.4,9.5
2018-06-15,81.27,Excellent,summer,81.27,Excellent,summer,81.27,Excellent,80.62,85.14,4.5,4.0,3.35,4.5,4.9,24.3344,19.86544,27.0,21.7,60.8,60.8,16.5,1.4,9.8,6.1
2018-06-16,94.13,Ideal,summer,94.13,Ideal,summer,94.13,Ideal,82.08,85.88,4.5,4.5,5.0,4.5,5.0,25.43872,20.32,28.7,22.5,56.4,56.4,0.0,1.4,13.0,0.8
2018-06-17,87.59,Excellent,summer,87.59,Excellent,summer,87.59,Excellent,87.66,85.88,4.5,4.5,5.0,4.5,1.2,25.183,21.10528,27.5,22.8,66.9,66.9,0.0,1.3,2.4,7.8
2018-06-18,92.96,Ideal,summer,92.96,Ideal,summer,92.96,Ideal,91.56,86.84,4.0,5.0,5.0,4.5,5.0,27.04768,22.13008,30.8,24.8,54.9,54.9,0.0,1.5,12.6,3.6
2018-06-19,87.3,Excellent,summer,87.3,Excellent,summer,87.3,Excellent,89.28,86.26,4.5,4.5,5.0,4.0,1.55,24.53744,20.48048,27.2,22.4,61.3,61.3,0.0,1.8,3.1,8.1
2018-06-20,90.16,Ideal,summer,90.16,Ideal,summer,90.16,Ideal,90.14,86.32,4.0,4.5,5.0,4.0,5.0,26.052159999999997,21.07948,28.4,22.7,68.1,68.1,0.0,2.3,10.2,5.4
2018-06-21,93.23,Ideal,summer,93.23,Ideal,summer,93.23,Ideal,90.23,89.52,4.5,4.5,5.0,4.0,5.0,25.71548,21.513479999999998,28.7,23.7,60.1,60.1,0.0,2.2,12.6,3.0
2018-06-22,90.16,Ideal,summer,90.16,Ideal,summer,90.16,Ideal,91.18,90.79,4.0,4.5,5.0,4.0,5.0,27.1688,21.706,32.0,25.0,45.1,45.1,0.0,1.8,12.4,5.1
2018-06-23,91.94,Ideal,summer,91.94,Ideal,summer,91.94,Ideal,91.78,90.48,4.5,4.5,5.0,4.0,4.25,25.16536,21.6348,28.9,24.5,50.6,50.6,0.0,2.0,8.5,8.0
2018-06-24,88.99,Excellent,summer,88.99,Excellent,summer,88.99,Excellent,90.36,90.68,3.5,5.0,5.0,4.0,5.0,28.81152,22.93824,32.1,25.2,62.8,62.8,0.0,1.9,11.1,4.0
2018-06-25,86.1,Excellent,summer,86.1,Excellent,summer,86.1,Excellent,89.01,89.7,3.5,4.5,5.0,4.5,3.9,28.97036,24.165640000000003,32.9,27.1,57.1,57.1,0.0,1.2,7.8,7.9
2018-06-26,48.86,Marginal,summer,48.86,Marginal,summer,48.86,Marginal,74.65,84.21,4.0,4.5,0.0,4.0,0.0,26.10908,21.72436,26.9,22.3,88.3,88.3,71.5,2.4,0.0,10.0
2018-06-27,86.47,Excellent,summer,86.47,Excellent,summer,86.47,Excellent,73.81,83.68,4.5,4.5,4.9,4.0,1.45,24.3778,21.409480000000002,25.5,22.3,81.9,81.9,1.0,2.0,2.9,8.8
2018-06-28,68.66,Good,summer,68.66,Good,summer,68.66,Good,68.0,80.17,4.0,5.0,2.35,4.5,0.95,26.26892,22.50732,27.3,23.3,85.1,85.1,26.5,1.1,1.9,9.5
2018-06-29,87.33,Excellent,summer,87.33,Excellent,summer,87.33,Excellent,80.82,79.76,4.0,5.0,4.35,4.5,4.2,27.4574,23.4358,29.1,24.7,78.5,78.5,6.5,1.5,8.4,7.3
2018-06-30,75.31,Very Good,summer,75.31,Very Good,summer,75.31,Very Good,77.1,77.39,4.0,5.0,3.55,4.5,0.25,26.74008,23.46688,27.9,24.4,83.8,83.8,14.5,0.9,0.5,9.1
2018-07-01,56.89,Acceptable,summer,56.89,Acceptable,summer,56.89,Acceptable,73.18,72.8,5.0,4.5,0.0,5.0,0.04999999999999982,22.52352,21.64296,22.8,21.9,94.6,94.6,83.5,0.8,0.0,9.9
2018-07-02,55.72,Acceptable,summer,55.72,Acceptable,summer,55.72,Acceptable,62.64,68.46,4.5,5.0,0.0,5.0,0.05,25.01848,22.368160000000003,25.3,22.6,95.4,95.4,59.5,0.7,0.1,9.6
2018-07-03,85.75,Excellent,summer,85.75,Excellent,summer,85.75,Excellent,66.12,73.73,3.0,4.5,4.99,5.0,5.0,30.285760000000003,25.61824,32.6,27.4,74.4,74.4,0.1,0.8,10.1,6.0
2018-07-04,85.71,Excellent,summer,85.71,Excellent,summer,85.71,Excellent,75.73,73.62,3.5,4.5,5.0,4.0,4.2,29.14912,25.19632,31.8,27.3,69.6,69.6,0.0,1.7,8.4,7.1
2018-07-05,85.5,Excellent,summer,85.5,Excellent,summer,85.5,Excellent,85.65,76.03,4.0,5.0,4.95,4.5,0.85,26.9328,23.63536,29.0,25.3,72.8,72.8,0.5,1.2,1.7,8.6
2018-07-06,86.87,Excellent,summer,86.87,Excellent,summer,86.87,Excellent,86.03,75.96,4.5,4.5,5.0,4.0,1.3,24.213520000000003,21.55368,27.1,23.9,57.8,57.8,0.0,1.8,2.6,8.5
2018-07-07,91.03,Ideal,summer,91.03,Ideal,summer,91.03,Ideal,87.8,78.21,4.5,4.5,5.0,4.5,3.2,25.46752,21.03672,29.2,23.7,51.4,51.4,0.0,1.6,,3.6
2018-07-08,93.7,Ideal,summer,93.7,Ideal,summer,93.7,Ideal,90.53,83.47,4.5,4.5,5.0,4.5,4.75,24.5886,20.7198,28.1,23.3,51.5,51.5,0.0,1.5,9.5,7.0
2018-07-09,79.53,Very Good,summer,79.53,Very Good,summer,79.53,Very Good,88.09,86.87,5.0,4.5,3.6,4.5,0.04999999999999982,23.19464,20.03536,24.2,20.8,82.3,82.3,14.0,1.1,0.0,9.9
2018-07-10,77.71,Very Good,summer,77.71,Very Good,summer,77.71,Very Good,83.65,85.72,4.5,5.0,3.35,5.0,0.09999999999999964,25.6948,23.03144,26.5,23.7,87.8,87.8,16.5,0.7,0.0,9.8
2018-07-11,77.51,Very Good,summer,77.51,Very Good,summer,77.51,Very Good,78.25,84.55,3.5,4.5,4.7,4.5,0.05,28.1662,25.65088,29.5,26.8,82.9,82.9,3.0,1.3,0.1,9.6
2018-07-12,82.75,Excellent,summer,82.75,Excellent,summer,82.75,Excellent,79.32,84.16,4.0,4.5,4.9,4.5,0.55,26.91872,25.43136,28.2,26.6,82.4,82.4,1.0,1.5,1.1,7.5
2018-07-13,84.51,Excellent,summer,84.51,Excellent,summer,84.51,Excellent,81.59,83.82,3.5,4.5,5.0,4.0,3.5,28.79328,25.556160000000002,30.9,27.3,74.8,74.8,0.0,1.8,7.0,6.4
2018-07-14,87.09,Excellent,summer,87.09,Excellent,summer,87.09,Excellent,84.78,83.26,3.5,4.5,5.0,4.0,5.0,29.236959999999996,25.72336,31.9,27.9,69.6,69.6,0.0,1.9,11.3,5.0
2018-07-15,83.02,Excellent,summer,83.02,Excellent,summer,83.02,Excellent,84.87,81.73,3.0,4.0,5.0,4.5,5.0,30.378880000000002,26.07472,33.2,28.3,69.6,69.6,0.0,1.6,11.0,2.6
2018-07-16,82.12,Excellent,summer,82.12,Excellent,summer,82.12,Excellent,84.08,82.1,3.0,4.0,5.0,4.0,5.0,30.5728,26.02964,34.0,28.7,64.3,64.3,0.0,1.7,12.9,0.4
2018-07-17,87.09,Excellent,summer,87.09,Excellent,summer,87.09,Excellent,84.08,83.44,3.5,4.5,5.0,4.0,5.0,29.1386,25.6746,32.1,28.1,66.5,66.5,0.0,1.7,13.0,1.3
2018-07-18,87.99,Excellent,summer,87.99,Excellent,summer,87.99,Excellent,85.73,84.94,3.5,4.5,5.0,4.5,5.0,29.933440000000004,25.637439999999998,33.2,28.2,64.8,64.8,0.0,1.6,13.0,0.8
2018-07-19,83.02,Excellent,summer,83.02,Excellent,summer,83.02,Excellent,86.03,84.98,3.0,4.0,5.0,4.5,5.0,30.63924,26.01468,34.1,28.7,64.1,64.1,0.0,1.6,12.9,0.1
2018-07-20,83.02,Excellent,summer,83.02,Excellent,summer,83.02,Excellent,84.68,84.76,3.0,4.0,5.0,4.5,5.0,31.00488,26.5828,34.7,29.5,62.6,62.6,0.0,1.5,12.9,0.4
2018-07-21,83.02,Excellent,summer,83.02,Excellent,summer,83.02,Excellent,83.02,84.18,3.0,4.0,5.0,4.5,5.0,31.907359999999997,26.77664,36.9,30.6,53.6,53.6,0.0,1.5,12.9,0.3
2018-07-22,79.95,Very Good,summer,79.95,Very Good,summer,79.95,Very Good,82.0,83.74,2.5,4.0,5.0,4.5,5.0,32.355199999999996,27.40512,38.0,31.8,49.6,49.6,0.0,1.4,12.2,3.5
2018-07-23,80.4,Excellent,summer,80.4,Excellent,summer,80.4,Excellent,81.12,83.5,3.0,4.0,5.0,4.0,4.0,30.95064,27.689839999999997,35.7,31.7,53.8,53.8,0.0,1.8,8.0,7.9
2018-07-24,79.95,Very Good,summer,79.95,Very Good,summer,79.95,Very Good,80.1,82.48,2.5,4.0,5.0,4.5,5.0,32.4584,27.9332,36.8,31.4,59.5,59.5,0.0,1.6,10.2,4.4
2018-07-25,77.99,Very Good,summer,77.99,Very Good,summer,77.99,Very Good,79.45,81.05,3.0,4.0,5.0,4.0,2.6,30.85132,27.390520000000002,34.1,30.1,66.3,66.3,0.0,2.4,5.2,6.3
2018-07-26,78.2,Very Good,summer,78.2,Very Good,summer,78.2,Very Good,78.71,80.36,3.0,4.0,5.0,4.5,2.2,30.742240000000002,27.59152,33.7,30.1,68.8,68.8,0.0,1.5,4.4,5.8
2018-07-27,76.55,Very Good,summer,76.55,Very Good,summer,76.55,Very Good,77.58,79.44,2.5,3.5,5.0,4.0,4.65,32.280879999999996,28.333479999999998,35.4,30.9,69.3,69.3,0.0,1.9,9.3,2.3
2018-07-28,69.37,Good,summer,69.37,Good,summer,69.37,Good,74.71,77.49,2.5,4.0,4.25,4.5,1.7,32.89168,27.7138,35.2,29.5,77.1,77.1,7.5,1.2,3.4,5.5
2018-07-29,83.02,Excellent,summer,83.02,Excellent,summer,83.02,Excellent,76.31,77.93,3.0,4.0,5.0,4.5,5.0,31.61632,27.24448,36.7,31.3,52.4,52.4,0.0,1.2,12.3,2.4
2018-07-30,83.02,Excellent,summer,83.02,Excellent,summer,83.02,Excellent,78.47,78.3,3.0,4.0,5.0,4.5,5.0,31.61684,27.438119999999998,36.9,31.7,50.9,50.9,0.0,1.2,11.0,3.1
2018-07-31,78.05,Very Good,summer,78.05,Very Good,summer,78.05,Very Good,81.36,78.03,2.5,3.5,5.0,4.5,5.0,32.6966,28.1252,38.3,32.6,50.5,50.5,0.0,1.5,12.0,2.8
2018-08-01,74.08,Very Good,summer,74.08,Very Good,summer,74.08,Very Good,78.38,77.47,2.0,3.5,5.0,4.0,5.0,34.3312,29.3992,39.6,33.6,55.5,55.5,0.0,1.7,12.6,0.8
2018-08-02,77.88,Very Good,summer,77.88,Very Good,summer,77.88,Very Good,76.67,77.42,2.5,3.5,5.0,4.5,4.9,32.81104,29.37712,37.9,33.7,54.4,54.4,0.0,1.6,9.8,4.0
2018-08-03,77.15,Very Good,summer,77.15,Very Good,summer,77.15,Very Good,76.37,77.51,2.5,3.5,5.0,4.0,5.0,32.91148,28.969720000000002,37.9,33.1,55.3,55.3,0.0,1.9,10.5,1.0
2018-08-04,82.12,Excellent,summer,82.12,Excellent,summer,82.12,Excellent,79.05,79.33,3.0,4.0,5.0,4.0,5.0,30.975759999999998,27.77464,34.9,31.1,60.6,60.6,0.0,2.4,12.1,3.4
2018-08-05,79.91,Very Good,summer,79.91,Very Good,summer,79.91,Very Good,79.73,78.89,3.0,4.0,4.8,3.5,5.0,31.204079999999998,27.744,33.9,30.0,71.8,71.8,2.0,2.6,10.1,6.5
2018-08-06,71.48,Very Good,summer,71.48,Very Good,summer,71.48,Very Good,77.84,77.24,2.5,3.5,4.35,4.5,3.65,32.42592,28.1712,35.3,30.5,71.6,71.6,6.5,1.6,7.3,7.6
2018-08-07,78.66,Very Good,summer,78.66,Very Good,summer,78.66,Very Good,76.68,77.33,2.5,4.0,5.0,4.5,4.25,32.10824,27.4988,35.9,30.5,63.4,63.4,0.0,1.5,8.5,3.6
2018-08-08,80.22,Excellent,summer,80.22,Excellent,summer,80.22,Excellent,76.79,78.2,3.0,3.5,5.0,4.0,5.0,31.737759999999998,28.0432,35.3,31.0,64.8,64.8,0.0,2.1,10.8,3.0
2018-08-09,75.35,Very Good,summer,75.35,Very Good,summer,75.35,Very Good,78.08,77.84,3.0,4.0,4.8,4.5,1.3,30.367,27.01776,32.5,28.8,76.3,76.3,2.0,1.5,2.6,7.3
2018-08-10,79.95,Very Good,summer,79.95,Very Good,summer,79.95,Very Good,78.51,78.24,2.5,4.0,5.0,4.5,5.0,32.60848,27.462519999999998,36.8,30.7,60.9,60.9,0.0,1.4,11.4,3.5
2018-08-11,83.02,Excellent,summer,83.02,Excellent,summer,83.02,Excellent,79.44,78.37,3.0,4.0,5.0,4.5,5.0,31.4032,27.2872,36.0,31.0,55.8,55.8,0.0,1.5,11.5,2.9
2018-08-12,78.37,Very Good,summer,78.37,Very Good,summer,78.37,Very Good,80.45,78.15,3.0,4.0,4.5,4.5,4.2,31.383559999999996,27.41112,35.3,30.6,61.3,61.3,5.0,1.5,8.4,6.5
2018-08-13,79.18,Very Good,summer,79.18,Very Good,summer,79.18,Very Good,80.19,79.25,3.0,4.0,4.9,4.5,3.15,31.335359999999998,27.9252,34.4,30.5,68.6,68.6,1.0,1.4,6.3,7.3
2018-08-14,77.62,Very Good,summer,77.62,Very Good,summer,77.62,Very Good,78.39,79.1,2.5,3.5,5.0,4.5,4.75,32.66304,28.08044,37.2,31.7,58.3,58.3,0.0,1.3,9.5,6.9
2018-08-15,76.97,Very Good,summer,76.97,Very Good,summer,76.97,Very Good,77.92,78.64,2.5,3.5,4.9,4.5,4.75,33.464,28.1846,38.0,31.7,59.5,59.5,1.0,1.2,9.5,6.4
2018-08-16,84.02,Excellent,summer,84.02,Excellent,summer,84.02,Excellent,79.54,79.88,3.0,4.5,5.0,4.0,5.0,30.5824,25.999599999999997,35.6,29.9,51.0,51.0,0.0,1.7,11.0,3.3
2018-08-17,88.99,Excellent,summer,88.99,Excellent,summer,88.99,Excellent,83.33,81.17,3.5,5.0,5.0,4.0,5.0,28.068959999999997,23.058239999999998,33.8,27.2,39.8,39.8,0.0,1.8,12.4,0.0
2018-08-18,92.96,Ideal,summer,92.96,Ideal,summer,92.96,Ideal,88.66,82.59,4.0,5.0,5.0,4.5,5.0,27.20264,22.99928,32.1,26.7,44.6,44.6,0.0,1.4,10.9,5.0
2018-08-19,86.18,Excellent,summer,86.18,Excellent,summer,86.18,Excellent,89.38,83.7,3.5,4.5,5.0,4.5,3.95,29.57856,24.60368,34.4,28.2,50.6,50.6,0.0,1.2,7.9,7.9
2018-08-20,83.65,Excellent,summer,83.65,Excellent,summer,83.65,Excellent,87.6,84.34,3.5,4.5,5.0,4.0,3.0,29.16192,25.70784,33.3,29.1,55.6,55.6,0.0,2.0,6.0,8.4
2018-08-21,81.07,Excellent,summer,81.07,Excellent,summer,81.07,Excellent,83.63,84.83,3.5,4.5,4.5,4.0,3.4,28.5976,24.700960000000002,31.0,26.6,71.4,71.4,5.0,2.5,6.8,6.3
2018-08-22,79.95,Very Good,summer,79.95,Very Good,summer,79.95,Very Good,81.56,85.26,2.5,4.0,5.0,4.5,5.0,32.53264,26.89948,37.6,30.7,54.1,54.1,0.0,1.1,10.5,4.5
2018-08-23,76.09,Very Good,summer,76.09,Very Good,summer,76.09,Very Good,79.04,84.13,3.5,4.0,4.7,4.0,0.85,28.568080000000002,26.22616,32.2,29.4,59.1,59.1,3.0,1.7,1.7,9.5
2018-08-24,81.97,Excellent,summer,81.97,Excellent,summer,81.97,Excellent,79.34,83.12,4.5,5.0,4.25,4.0,0.20000000000000018,25.406760000000002,23.610879999999998,26.3,24.4,86.3,86.3,7.5,2.5,0.0,9.6
2018-08-25,88.75,Excellent,summer,88.75,Excellent,summer,88.75,Excellent,82.27,82.52,4.0,5.0,5.0,3.5,3.6,26.8296,23.2544,29.3,25.2,68.0,68.0,0.0,2.6,7.2,7.0
2018-08-26,85.54,Excellent,summer,85.54,Excellent,summer,85.54,Excellent,85.42,82.43,4.0,4.5,4.8,4.5,2.55,26.72,21.616,29.0,23.2,70.0,70.0,2.0,1.2,5.1,6.4
2018-08-27,76.52,Very Good,summer,76.52,Very Good,summer,76.52,Very Good,83.6,81.41,4.5,5.0,3.05,5.0,0.5499999999999998,24.363599999999998,22.2428,24.9,22.7,91.0,91.0,19.5,0.8,0.0,8.9
2018-08-28,55.59,Acceptable,summer,55.59,Acceptable,summer,55.59,Acceptable,72.55,77.77,4.5,5.0,0.0,4.5,0.5,25.610560000000003,23.28352,26.1,23.7,92.4,92.4,96.5,0.9,0.0,9.0
2018-08-29,54.18,Acceptable,summer,54.18,Acceptable,summer,54.18,Acceptable,62.1,74.09,4.0,4.5,0.7999999999999998,4.0,0.05,26.4256,24.3488,27.4,25.2,86.0,86.0,42.0,2.4,0.1,10.0
2018-08-30,76.98,Very Good,summer,76.98,Very Good,summer,76.98,Very Good,62.25,74.22,4.0,4.5,4.05,4.0,0.95,26.80952,24.13108,28.2,25.3,80.9,80.9,9.5,1.8,1.9,9.4
2018-08-31,92.89,Ideal,summer,92.89,Ideal,summer,92.89,Ideal,74.68,75.78,4.0,5.0,4.99,4.5,5.0,27.65288,23.56576,30.3,25.6,67.4,67.4,0.1,1.6,10.1,4.5
2018-09-01,94.22,Ideal,autumn,92.96,Ideal,summer,92.96,Ideal,87.61,76.38,4.0,5.0,5.0,4.5,5.0,27.50584,22.9828,30.9,25.5,59.4,59.4,0.0,1.3,10.6,1.5
2018-09-02,93.44,Ideal,autumn,92.27,Ideal,summer,92.27,Ideal,92.71,77.34,4.0,5.0,5.0,4.5,4.6,26.13472,22.430320000000002,29.6,25.1,55.8,55.8,0.0,1.5,9.2,5.5
2018-09-03,63.32,Good,autumn,65.04,Good,summer,65.04,Good,83.42,75.7,4.5,5.0,1.5499999999999998,4.5,0.09999999999999964,24.87096,22.517960000000002,25.8,23.3,85.3,85.3,34.5,1.0,0.0,9.8
2018-09-04,93.37,Ideal,autumn,93.23,Ideal,summer,93.23,Ideal,83.51,81.08,4.5,4.5,5.0,4.0,5.0,25.621280000000002,21.584319999999998,27.8,23.2,69.4,69.4,0.0,2.2,11.0,5.1
2018-09-05,93.37,Ideal,autumn,93.23,Ideal,summer,93.23,Ideal,83.83,86.66,4.5,4.5,5.0,4.0,5.0,25.799,21.956,28.5,24.0,63.5,63.5,0.0,2.5,11.8,1.9
2018-09-06,84.85,Excellent,autumn,84.7,Excellent,summer,84.7,Excellent,90.39,87.76,4.0,5.0,4.9,4.0,1.1,26.00872,22.40236,28.2,24.1,69.9,69.9,1.0,2.0,2.2,7.9
2018-09-07,93.22,Ideal,autumn,94.07,Ideal,summer,94.07,Ideal,90.67,87.93,5.0,4.0,4.95,4.0,5.0,22.685200000000002,19.8208,25.5,22.0,54.6,54.6,0.5,2.5,10.9,4.9
2018-09-08,91.19,Ideal,autumn,91.33,Ideal,summer,91.33,Ideal,90.03,87.7,4.5,4.0,5.0,4.0,5.0,24.075039999999998,19.30384,27.7,21.7,48.8,48.8,0.0,1.7,11.7,0.3
2018-09-09,92.13,Ideal,autumn,92.14,Ideal,summer,92.14,Ideal,92.51,87.68,4.5,4.0,5.0,4.5,4.95,25.0444,19.711199999999998,28.9,22.2,49.0,49.0,0.0,1.2,9.9,1.4
2018-09-10,94.41,Ideal,autumn,94.13,Ideal,summer,94.15,Ideal,92.53,91.83,4.5,4.5,5.0,4.5,5.0,24.6832,20.2942,28.4,22.9,49.5,49.5,0.0,1.6,10.3,2.4
2018-09-11,93.03,Ideal,autumn,93.92,Ideal,summer,93.83,Ideal,93.4,91.93,5.0,4.0,5.0,4.5,4.2,22.757640000000002,19.191840000000003,26.1,21.6,48.1,48.1,0.0,1.5,8.4,7.5
2018-09-12,94.41,Ideal,autumn,94.13,Ideal,summer,94.17,Ideal,94.06,92.06,4.5,4.5,5.0,4.5,5.0,24.7056,20.3424,28.2,22.8,52.0,52.0,0.0,1.4,11.3,4.1
2018-09-13,89.51,Excellent,autumn,89.83,Excellent,summer,89.77,Excellent,92.63,92.79,4.5,4.5,5.0,4.5,2.5,25.6282,21.529,28.3,23.5,63.5,63.5,0.0,1.2,5.0,7.9
2018-09-14,85.84,Excellent,autumn,86.58,Excellent,summer,86.42,Excellent,90.18,91.72,4.5,4.5,4.95,4.5,0.8,24.575680000000002,21.712600000000002,26.8,23.5,66.9,66.9,0.5,1.3,1.6,8.3
2018-09-15,87.44,Excellent,autumn,87.99,Excellent,summer,87.85,Excellent,88.13,91.25,4.5,5.0,4.98,4.5,0.4,24.464,22.0232,26.0,23.3,76.0,76.0,0.2,1.0,0.8,9.8
2018-09-16,84.57,Excellent,autumn,86.39,Excellent,summer,85.87,Excellent,86.99,90.42,5.0,4.5,4.8,4.0,0.0,22.988159999999997,21.39968,23.9,22.2,83.6,83.6,2.0,1.7,0.0,10.0
2018-09-17,93.3,Ideal,autumn,93.16,Ideal,summer,93.21,Ideal,89.18,90.29,4.5,4.5,4.99,4.0,5.0,25.172439999999998,20.54356,27.7,22.3,64.3,64.3,0.1,1.9,10.8,5.3
2018-09-18,94.72,Ideal,autumn,95.39,Ideal,summer,95.15,Ideal,91.65,90.5,5.0,4.5,5.0,4.5,3.95,23.846799999999998,20.0704,26.5,22.0,59.8,59.8,0.0,1.2,7.9,8.3
2018-09-19,88.9,Excellent,autumn,90.28,Ideal,summer,89.74,Excellent,92.94,89.95,5.0,4.5,4.98,4.5,1.05,23.884240000000002,20.120440000000002,26.6,22.1,59.1,59.1,0.2,1.0,2.1,9.5
2018-09-20,75.59,Very Good,autumn,76.39,Very Good,summer,76.05,Very Good,87.35,88.03,4.0,4.0,4.5,4.0,0.0,19.38896,18.3664,20.1,19.0,82.4,82.4,5.0,1.8,0.0,10.0
2018-09-21,70.67,Very Good,autumn,72.37,Very Good,summer,71.58,Very Good,79.68,86.0,4.5,4.0,3.2,4.5,0.3,21.224079999999997,18.86608,21.9,19.4,85.8,85.8,18.0,1.3,0.6,9.3
2018-09-22,89.1,Excellent,autumn,89.1,Excellent,autumn,89.62,Excellent,79.29,86.15,5.0,4.0,4.35,4.0,5.0,23.1626,19.17136,25.5,20.8,62.3,62.3,6.5,1.8,10.8,2.1
2018-09-23,89.87,Excellent,autumn,89.87,Excellent,autumn,90.47,Ideal,83.78,86.65,5.0,3.5,5.0,4.5,3.7,22.41748,17.62904,25.3,19.4,52.9,52.9,0.0,1.6,7.4,4.4
2018-09-24,86.64,Excellent,autumn,86.64,Excellent,autumn,86.52,Excellent,88.54,85.72,4.0,3.5,5.0,4.0,5.0,19.597720000000002,16.02832,22.1,17.6,48.3,48.3,0.0,2.1,11.0,1.1
2018-09-25,90.05,Ideal,autumn,90.05,Ideal,autumn,90.16,Ideal,88.85,84.96,4.5,3.5,5.0,4.5,5.0,21.3256,16.1776,24.3,17.8,48.0,48.0,0.0,1.1,10.0,2.1
2018-09-26,87.44,Excellent,autumn,87.44,Excellent,autumn,87.66,Excellent,88.04,84.55,4.5,3.5,5.0,4.0,4.2,21.71568,17.441039999999997,24.8,19.4,47.9,47.9,0.0,1.7,8.4,5.0
2018-09-27,90.05,Ideal,autumn,90.05,Ideal,autumn,90.14,Ideal,89.18,86.5,4.5,3.5,5.0,4.5,5.0,21.856,17.03456,25.0,18.9,47.6,47.6,0.0,1.3,10.3,0.9
2018-09-28,83.68,Excellent,autumn,83.68,Excellent,autumn,83.98,Excellent,87.06,88.12,4.5,3.5,5.0,4.5,1.75,20.155279999999998,16.243,22.2,17.5,58.1,58.1,0.0,1.2,3.5,6.1
2018-09-29,94.6,Ideal,autumn,94.6,Ideal,autumn,94.78,Ideal,89.44,88.9,5.0,4.0,5.0,4.5,5.0,23.974,18.3844,27.0,20.2,55.5,55.5,0.0,1.0,10.8,0.4
2018-09-30,86.64,Excellent,autumn,86.64,Excellent,autumn,86.58,Excellent,88.31,88.44,4.0,3.5,5.0,4.0,5.0,19.396,16.156000000000002,21.6,17.6,52.5,52.5,0.0,2.3,10.4,0.6
2018-10-01,81.17,Excellent,autumn,81.17,Excellent,autumn,81.07,Excellent,87.47,87.66,3.5,3.5,5.0,3.5,3.95,17.95788,14.43016,19.7,15.4,55.1,55.1,0.0,2.9,7.9,4.5
2018-10-02,90.05,Ideal,autumn,90.05,Ideal,autumn,90.09,Ideal,85.95,87.66,4.5,3.5,5.0,4.5,5.0,20.147199999999998,14.989040000000001,22.0,15.9,61.4,61.4,0.0,1.6,10.8,0.5
2018-10-03,90.05,Ideal,autumn,90.05,Ideal,autumn,90.08,Ideal,87.09,88.03,4.5,3.5,5.0,4.5,5.0,21.8144,16.0736,24.2,17.3,58.0,58.0,0.0,1.3,10.6,0.0
2018-10-04,91.34,Ideal,autumn,91.34,Ideal,autumn,91.42,Ideal,90.48,88.22,5.0,3.5,5.0,4.5,4.45,22.8856,17.6818,25.6,19.3,56.5,56.5,0.0,1.3,8.9,6.5
2018-10-05,52.0,Acceptable,autumn,52.0,Acceptable,autumn,52.07,Acceptable,77.8,83.69,4.0,3.5,1.35,4.0,0.09999999999999964,18.427599999999998,16.46116,19.0,16.9,84.1,84.1,36.5,1.7,0.0,9.8
2018-10-06,47.85,Marginal,autumn,47.85,Marginal,autumn,47.85,Marginal,63.73,77.01,4.5,3.5,0.0,4.0,1.5,20.9512,17.488,21.7,18.0,84.0,84.0,55.5,2.2,3.0,7.5
2018-10-07,86.64,Excellent,autumn,86.64,Excellent,autumn,86.64,Excellent,62.16,77.01,4.0,3.5,5.0,4.0,5.0,19.035400000000003,15.209599999999998,21.1,16.4,53.5,53.5,0.0,1.7,10.5,2.9
2018-10-08,87.68,Excellent,autumn,87.68,Excellent,autumn,87.68,Excellent,74.06,77.94,4.0,3.5,5.0,4.5,5.0,18.589199999999998,13.7824,20.9,14.8,47.0,47.0,0.0,1.1,10.5,4.4
2018-10-09,77.76,Very Good,autumn,77.76,Very Good,autumn,77.76,Very Good,84.03,76.19,3.5,3.5,5.0,4.5,1.15,17.938000000000002,14.293000000000001,19.8,15.3,52.5,52.5,0.0,1.1,2.3,9.0
2018-10-10,73.86,Very Good,autumn,73.86,Very Good,autumn,73.86,Very Good,79.77,73.88,3.5,3.0,4.3,4.0,3.25,15.6548,11.688,16.7,12.0,61.0,61.0,7.0,2.5,6.5,6.8
2018-10-11,81.4,Excellent,autumn,81.4,Excellent,autumn,81.4,Excellent,77.67,72.46,3.5,3.0,5.0,4.0,4.65,13.1356,9.758799999999999,13.9,9.7,51.0,51.0,0.0,2.1,9.3,1.4
2018-10-12,83.13,Excellent,autumn,83.13,Excellent,autumn,83.13,Excellent,79.46,76.9,3.5,3.0,5.0,4.5,5.0,16.0384,10.7344,17.4,10.9,54.0,54.0,0.0,1.3,10.1,0.0
2018-10-13,83.13,Excellent,autumn,83.13,Excellent,autumn,83.13,Excellent,82.55,81.94,3.5,3.0,5.0,4.5,5.0,17.9968,12.04,19.8,12.5,54.0,54.0,0.0,1.0,10.0,0.0
2018-10-14,85.4,Excellent,autumn,85.4,Excellent,autumn,85.4,Excellent,83.89,81.77,4.0,3.0,5.0,4.5,4.95,18.652,12.687999999999999,20.3,13.2,60.0,60.0,0.0,1.5,9.9,3.4
2018-10-15,84.54,Excellent,autumn,84.54,Excellent,autumn,84.54,Excellent,84.36,81.32,4.0,3.5,5.0,4.5,3.4,19.6756,14.57392,21.0,15.2,69.9,69.9,0.0,1.4,6.8,4.0
2018-10-16,85.92,Excellent,autumn,85.92,Excellent,autumn,85.92,Excellent,85.29,82.48,4.0,3.5,5.0,4.5,4.1,18.48308,13.706199999999999,20.3,14.5,55.9,55.9,0.0,1.3,8.2,5.6
2018-10-17,83.13,Excellent,autumn,83.13,Excellent,autumn,83.13,Excellent,84.53,83.81,3.5,3.0,5.0,4.5,5.0,16.99352,11.95168,18.6,12.4,53.3,53.3,0.0,1.3,10.0,0.0
2018-10-18,81.27,Excellent,autumn,81.27,Excellent,autumn,81.27,Excellent,83.44,83.79,3.5,3.0,5.0,4.5,4.05,17.542,12.262599999999999,19.0,12.7,59.5,59.5,0.0,1.1,8.1,3.1
2018-10-19,85.4,Excellent,autumn,85.4,Excellent,autumn,85.4,Excellent,83.27,84.11,4.0,3.0,5.0,4.5,4.95,18.49888,12.53332,20.4,13.1,54.3,54.3,0.0,1.4,9.9,0.0
2018-10-20,85.21,Excellent,autumn,85.21,Excellent,autumn,85.21,Excellent,83.96,84.41,4.0,3.0,5.0,4.5,4.85,19.29784,12.77304,21.4,13.4,53.9,53.9,0.0,1.2,9.7,1.1
2018-10-21,85.11,Excellent,autumn,85.11,Excellent,autumn,85.11,Excellent,85.24,84.37,4.0,3.0,5.0,4.5,4.8,18.8578,12.7132,21.1,13.4,49.5,49.5,0.0,1.1,9.6,2.4
2018-10-22,85.33,Excellent,autumn,85.33,Excellent,autumn,85.33,Excellent,85.22,84.48,4.0,3.5,5.0,4.5,3.8,18.48,13.2,20.6,14.0,50.0,50.0,0.0,1.0,7.6,5.3
2018-10-23,75.09,Very Good,autumn,75.09,Very Good,autumn,75.09,Very Good,81.84,82.93,3.5,3.0,4.5,4.5,2.65,16.21276,11.980879999999999,16.9,12.2,75.1,75.1,5.0,1.1,5.3,5.4
2018-10-24,82.74,Excellent,autumn,82.74,Excellent,autumn,82.74,Excellent,81.05,82.88,3.5,3.0,5.0,4.5,4.8,17.5168,12.16,18.7,12.5,66.0,66.0,0.0,1.3,9.6,0.5
2018-10-25,86.41,Excellent,autumn,86.41,Excellent,autumn,86.41,Excellent,81.41,83.61,4.0,3.5,5.0,4.5,4.35,19.2064,13.1236,21.2,13.8,55.5,55.5,0.0,0.9,8.7,4.0
2018-10-26,68.14,Good,autumn,68.14,Good,autumn,68.14,Good,79.1,81.15,3.5,3.0,3.9,4.5,1.2,14.21308,11.97208,14.7,12.2,74.1,74.1,11.0,1.6,2.4,7.5
2018-10-27,76.72,Very Good,autumn,76.72,Very Good,autumn,76.72,Very Good,77.09,79.93,3.0,3.0,5.0,3.5,4.0,11.27744,8.96208,11.6,8.7,49.6,49.6,0.0,3.2,8.0,1.6
2018-10-28,72.3,Very Good,autumn,72.3,Very Good,autumn,72.3,Very Good,72.39,78.1,3.5,3.0,4.45,4.5,1.4,13.1794,8.455720000000001,13.5,8.3,77.1,77.1,5.5,1.5,2.8,7.3
2018-10-29,74.11,Very Good,autumn,74.11,Very Good,autumn,74.11,Very Good,74.38,76.5,3.0,2.5,5.0,4.0,3.25,11.40964,7.678240000000001,11.7,7.2,57.3,57.3,0.0,2.0,6.5,5.9
2018-10-30,77.7,Very Good,autumn,77.7,Very Good,autumn,77.7,Very Good,74.7,76.87,3.0,2.5,5.0,4.5,4.55,11.288319999999999,6.859719999999999,11.6,6.1,51.3,51.3,0.0,1.6,9.1,3.3
2018-10-31,77.89,Very Good,autumn,77.89,Very Good,autumn,77.89,Very Good,76.57,76.18,3.0,2.5,5.0,4.5,4.65,12.13616,7.863840000000001,12.6,7.4,55.4,55.4,0.0,1.6,9.3,0.8
2018-11-01,82.35,Excellent,autumn,82.35,Excellent,autumn,82.35,Excellent,79.31,75.6,3.5,3.0,5.0,4.5,4.6,14.23072,8.69824,15.2,8.4,53.4,53.4,0.0,1.3,9.2,0.0
2018-11-02,82.35,Excellent,autumn,82.35,Excellent,autumn,82.35,Excellent,80.86,77.63,3.5,3.0,5.0,4.5,4.6,17.3764,10.49176,19.0,10.6,54.9,54.9,0.0,1.1,9.2,0.0
2018-11-03,82.25,Excellent,autumn,82.25,Excellent,autumn,82.25,Excellent,82.32,78.42,3.5,3.0,5.0,4.5,4.55,17.4984,10.9888,19.1,11.2,56.0,56.0,0.0,1.3,9.1,0.0
2018-11-04,82.15,Excellent,autumn,82.15,Excellent,autumn,82.15,Excellent,82.25,79.83,3.5,3.0,5.0,4.5,4.5,17.708,11.312,19.4,11.6,55.0,55.0,0.0,1.3,9.0,2.1
2018-11-05,81.07,Excellent,autumn,81.07,Excellent,autumn,81.07,Excellent,81.82,80.82,3.5,3.0,5.0,4.5,3.95,17.154600000000002,11.6378,18.3,11.9,65.5,65.5,0.0,1.1,7.9,5.3
2018-11-06,77.35,Very Good,autumn,77.35,Very Good,autumn,77.35,Very Good,80.19,80.77,3.5,3.0,5.0,4.5,2.05,16.615,11.940399999999999,17.5,12.2,70.5,70.5,0.0,0.9,4.1,6.9
2018-11-07,72.45,Very Good,autumn,72.45,Very Good,autumn,72.45,Very Good,76.96,80.0,3.5,3.0,4.8,4.5,0.25,15.2326,12.570400000000001,15.7,12.8,79.5,79.5,2.0,1.1,0.5,9.9
2018-11-08,37.99,Unfavorable,autumn,37.99,Unfavorable,autumn,37.99,Unfavorable,62.6,73.66,3.5,3.0,0.0,4.0,0.0,14.58344,11.755360000000001,14.7,11.8,93.8,93.8,64.0,1.8,0.0,10.0
2018-11-09,76.93,Very Good,autumn,76.93,Very Good,autumn,76.93,Very Good,62.46,72.88,3.5,3.0,4.9,3.5,3.25,14.7304,11.839599999999999,15.4,12.1,69.0,69.0,1.0,3.1,6.5,7.9
2018-11-10,81.27,Excellent,autumn,81.27,Excellent,autumn,81.27,Excellent,65.4,72.74,3.5,3.0,5.0,4.5,4.05,16.222440000000002,11.66516,17.1,11.9,69.1,69.1,0.0,1.4,8.1,3.1
2018-11-11,72.33,Very Good,autumn,72.33,Very Good,autumn,72.33,Very Good,76.84,71.34,3.0,3.0,5.0,4.5,0.7,10.78336,8.34624,10.9,8.1,67.6,67.6,0.0,1.1,1.4,6.4
2018-11-12,82.05,Excellent,autumn,82.05,Excellent,autumn,82.05,Excellent,78.55,71.48,3.5,3.0,5.0,4.5,4.45,14.12692,8.46252,15.1,8.1,52.3,52.3,0.0,1.2,8.9,0.0
2018-11-13,81.95,Excellent,autumn,81.95,Excellent,autumn,81.95,Excellent,78.78,72.14,3.5,3.0,5.0,4.5,4.4,14.35456,9.03232,15.4,8.8,51.6,51.6,0.0,1.1,8.8,0.4
2018-11-14,81.86,Excellent,autumn,81.86,Excellent,autumn,81.86,Excellent,81.95,73.48,3.5,3.0,5.0,4.5,4.35,15.425200000000002,9.835600000000001,16.6,9.8,55.5,55.5,0.0,1.1,8.7,0.1
2018-11-15,80.97,Excellent,autumn,80.97,Excellent,autumn,80.97,Excellent,81.59,79.62,3.5,3.0,5.0,4.5,3.9,15.093919999999999,9.75352,16.2,9.7,55.4,55.4,0.0,1.0,7.8,4.8
2018-11-16,77.39,Very Good,autumn,77.39,Very Good,autumn,77.39,Very Good,80.07,79.69,3.5,3.0,5.0,4.0,2.6,13.8718,8.96752,14.5,8.8,65.1,65.1,0.0,1.7,5.2,6.5
2018-11-17,73.88,Very Good,autumn,73.88,Very Good,autumn,73.88,Very Good,77.41,78.63,3.0,2.5,5.0,4.5,2.6,11.12448,5.9036800000000005,11.4,4.9,50.8,50.8,0.0,1.4,5.2,4.6
2018-11-18,71.13,Very Good,autumn,71.13,Very Good,autumn,71.13,Very Good,74.13,78.46,3.0,2.5,5.0,4.5,1.2,10.55664,6.89872,10.7,6.1,48.8,48.8,0.0,1.1,2.4,6.9
2018-11-19,74.46,Very Good,autumn,74.46,Very Good,autumn,74.46,Very Good,73.16,77.38,3.0,2.5,5.0,4.5,2.9,11.04208,7.1944,11.3,6.5,50.4,50.4,0.0,1.4,5.8,1.9
2018-11-20,76.23,Very Good,autumn,76.23,Very Good,autumn,76.18,Very Good,73.94,76.56,3.0,2.5,4.98,4.0,4.4,12.05092,7.3414,12.7,6.5,39.9,39.9,0.2,1.8,8.8,2.0
2018-11-21,69.66,Good,autumn,69.66,Good,autumn,69.69,Good,73.45,74.82,3.0,2.5,4.9,4.5,0.7999999999999998,8.50888,6.52072,8.2,5.8,57.1,57.1,1.0,1.2,0.0,8.4
2018-11-22,73.8,Very Good,autumn,73.8,Very Good,autumn,73.67,Very Good,73.23,73.79,2.5,2.5,5.0,4.0,4.3,7.854,4.302,7.1,2.3,35.0,35.0,0.0,2.4,8.6,0.8
2018-11-23,77.21,Very Good,autumn,77.21,Very Good,autumn,77.09,Very Good,73.56,73.77,3.0,2.5,5.0,4.5,4.3,8.27584,4.18096,7.6,1.9,29.6,29.6,0.0,1.4,8.6,3.1
2018-11-24,57.28,Acceptable,autumn,57.28,Acceptable,autumn,57.39,Acceptable,69.43,71.4,2.5,2.0,3.91,4.0,0.8,4.51672,3.4554400000000003,3.8,2.6,71.1,71.1,10.9,1.8,1.6,9.0
2018-11-25,75.54,Very Good,autumn,75.54,Very Good,autumn,75.43,Very Good,70.01,72.03,3.0,2.5,5.0,4.5,3.45,9.81776,5.26176,9.8,4.8,77.8,77.8,0.0,1.0,6.9,3.8
2018-11-26,79.58,Very Good,autumn,79.58,Very Good,autumn,79.34,Very Good,70.8,72.76,3.5,2.5,5.0,4.5,4.3,13.16944,6.74252,13.6,6.3,70.1,70.1,0.0,1.0,8.6,0.6
2018-11-27,69.86,Good,autumn,69.86,Good,autumn,69.98,Good,74.99,71.85,3.0,2.5,5.0,4.5,0.55,12.15,7.505999999999999,12.5,7.1,65.0,65.0,0.0,1.5,1.1,6.1
2018-11-28,75.44,Very Good,autumn,75.44,Very Good,autumn,75.27,Very Good,74.96,72.67,3.0,2.5,5.0,4.5,3.4,10.77924,6.458,11.1,5.0,27.1,27.1,0.0,1.6,6.8,3.8
2018-11-29,66.61,Good,autumn,66.61,Good,autumn,66.85,Good,70.64,71.65,2.5,2.5,5.0,4.5,0.1,7.473520000000001,5.0236,6.7,3.5,41.4,41.4,0.0,1.3,0.2,5.8
2018-11-30,77.21,Very Good,autumn,77.21,Very Good,autumn,76.88,Very Good,73.09,71.65,3.0,2.5,5.0,4.5,4.3,8.4312,4.27388,8.0,2.7,46.1,46.1,0.0,1.4,8.6,1.0
2018-12-01,75.73,Very Good,winter,76.42,Very Good,autumn,76.13,Very Good,73.41,74.38,3.0,2.5,5.0,4.5,3.9,11.84608,6.5386,12.4,5.5,42.3,42.3,0.0,1.0,7.8,3.6
2018-12-02,73.99,Very Good,winter,73.61,Very Good,autumn,73.78,Very Good,75.75,74.1,3.0,3.0,5.0,4.5,1.35,11.44072,8.55928,11.8,8.2,50.1,50.1,0.0,1.3,2.7,6.5
2018-12-03,68.32,Good,winter,68.32,Good,winter,67.61,Good,72.78,72.5,3.5,3.0,4.05,4.5,0.04999999999999982,13.3236,11.4244,13.5,11.5,87.4,87.4,9.5,1.4,0.0,9.9
2018-12-04,65.12,Good,winter,65.12,Good,winter,65.22,Good,69.02,71.82,3.0,2.5,4.5,3.5,1.05,11.61928,7.03132,11.8,6.7,74.9,74.9,5.0,2.7,2.1,7.8
2018-12-05,67.26,Good,winter,67.26,Good,winter,67.26,Good,66.9,70.65,2.5,2.0,5.0,4.5,1.55,4.997199999999999,2.42,3.4,0.0,39.5,39.5,0.0,1.5,3.1,6.4
2018-12-06,68.31,Good,winter,68.31,Good,winter,68.69,Good,66.9,70.89,2.5,2.0,5.0,4.0,3.1,7.4336,3.9048,6.8,2.4,50.5,50.5,0.0,2.3,6.2,8.1
2018-12-07,62.76,Good,winter,62.76,Good,winter,63.59,Good,66.11,68.83,2.0,1.5,5.0,3.0,4.35,1.6927600000000003,-2.9473199999999995,-1.1,-7.3,37.1,37.1,0.0,3.8,8.7,1.1
2018-12-08,61.95,Good,winter,61.95,Good,winter,62.53,Good,64.34,66.76,1.5,1.5,5.0,3.5,4.35,-0.7769599999999999,-3.6957200000000006,-4.4,-8.3,37.1,37.1,0.0,2.6,8.7,1.4
2018-12-09,66.41,Good,winter,66.41,Good,winter,66.67,Good,63.71,65.73,2.0,1.5,5.0,4.5,3.9,1.4331999999999998,-2.1776,-2.1,-7.2,27.0,27.0,0.0,1.5,7.8,2.0
2018-12-10,71.23,Very Good,winter,71.23,Very Good,winter,71.44,Very Good,66.53,66.15,2.5,2.0,5.0,4.5,4.0,6.04072,0.835,4.6,-2.5,33.3,33.3,0.0,0.9,8.0,3.0
2018-12-11,64.83,Good,winter,64.83,Good,winter,64.72,Good,67.49,66.11,2.5,2.0,5.0,4.5,0.05,4.46768,2.3638400000000006,2.9,0.2,44.8,44.8,0.0,1.2,0.1,7.9
2018-12-12,70.34,Very Good,winter,70.34,Very Good,winter,70.58,Very Good,68.8,66.55,2.5,2.0,5.0,4.0,4.35,4.2544,1.0036000000000005,2.4,-1.9,39.0,39.0,0.0,2.2,8.7,0.0
2018-12-13,61.72,Good,winter,61.72,Good,winter,61.82,Good,65.63,65.61,2.0,1.5,4.87,4.0,2.4,3.4461600000000003,-0.1211199999999999,2.1,-2.2,57.4,57.4,1.3,2.0,4.8,5.0
2018-12-14,65.68,Good,winter,65.68,Good,winter,65.84,Good,65.91,66.02,2.0,1.5,5.0,4.0,4.35,2.6943200000000003,-1.1916799999999999,0.6,-4.4,44.3,44.3,0.0,1.7,8.7,0.0
2018-12-15,71.23,Very Good,winter,71.23,Very Good,winter,71.29,Very Good,66.21,67.35,2.5,2.0,5.0,4.5,4.0,4.6470400000000005,0.2387200000000007,3.2,-2.4,46.8,46.8,0.0,1.0,8.0,3.6
2018-12-16,63.19,Good,winter,63.19,Good,winter,63.17,Good,66.7,66.89,2.0,2.0,4.97,4.5,0.55,3.24392,1.448,2.1,0.0,63.8,63.8,0.3,0.9,1.1,9.3
2018-12-17,69.83,Good,winter,69.83,Good,winter,69.83,Good,68.08,66.69,2.5,2.0,4.97,4.0,4.15,6.55436,2.94064,5.9,1.6,60.1,60.1,0.3,1.8,8.3,1.3
2018-12-18,70.58,Very Good,winter,70.58,Very Good,winter,70.58,Very Good,67.87,67.51,2.5,2.0,5.0,4.5,3.6,7.854480000000001,3.8935200000000005,7.4,2.6,56.3,56.3,0.0,1.4,7.2,3.0
2018-12-19,75.73,Very Good,winter,75.73,Very Good,winter,75.73,Very Good,72.05,68.28,3.0,2.5,5.0,4.5,3.9,9.5932,5.1184,9.5,4.0,53.4,53.4,0.0,1.4,7.8,2.9
2018-12-20,75.48,Very Good,winter,75.48,Very Good,winter,75.48,Very Good,73.93,70.25,3.0,2.5,5.0,4.5,3.75,10.312800000000001,4.8388,10.4,3.4,45.5,45.5,0.0,0.9,7.5,3.1
2018-12-21,72.0,Very Good,winter,72.0,Very Good,winter,72.0,Very Good,74.4,71.15,3.0,2.5,5.0,4.5,1.6,9.84792,6.65424,9.8,5.6,40.1,40.1,0.0,1.1,3.2,8.5
2018-12-22,75.73,Very Good,winter,75.73,Very Good,winter,75.73,Very Good,74.4,71.79,3.0,2.5,5.0,4.5,3.9,11.90944,7.53364,12.4,6.9,48.9,48.9,0.0,1.5,7.8,4.3
2018-12-23,73.21,Very Good,winter,73.21,Very Good,winter,73.21,Very Good,73.65,73.22,3.0,2.5,5.0,3.5,4.15,8.07,4.1328,7.5,2.4,43.0,43.0,0.0,2.9,8.3,2.6
2018-12-24,71.88,Very Good,winter,71.88,Very Good,winter,71.88,Very Good,73.61,73.52,2.5,2.0,5.0,4.5,4.4,4.869160000000001,0.8537200000000009,3.1,-2.3,35.9,35.9,0.0,1.6,8.8,0.3
2018-12-25,67.26,Good,winter,67.26,Good,winter,67.26,Good,70.78,73.04,2.5,2.0,5.0,4.5,1.55,6.094720000000001,2.35216,5.2,0.6,53.4,53.4,0.0,1.2,3.1,7.4
2018-12-26,68.55,Good,winter,68.55,Good,winter,68.55,Good,69.23,72.02,2.5,2.0,5.0,3.5,4.15,4.6576,1.2232000000000007,3.0,-1.5,40.8,40.8,0.0,2.8,8.3,4.4
2018-12-27,58.1,Acceptable,winter,58.1,Acceptable,winter,58.1,Acceptable,64.64,69.53,1.5,1.0,5.0,3.0,4.35,-1.7677999999999994,-4.335319999999999,-6.5,-10.1,28.3,28.3,0.0,3.5,8.7,0.5
2018-12-28,61.02,Good,winter,61.02,Good,winter,61.02,Good,62.56,67.96,1.5,1.0,5.0,4.0,4.35,-2.1511999999999993,-5.006,-6.6,-10.5,33.0,33.0,0.0,2.5,8.7,0.6
2018-12-29,64.22,Good,winter,64.22,Good,winter,64.22,Good,61.11,66.32,2.0,1.5,5.0,3.5,4.35,0.6919999999999997,-2.6015999999999995,-3.0,-7.6,29.0,29.0,0.0,2.9,8.7,0.0
2018-12-30,67.14,Good,winter,67.14,Good,winter,67.14,Good,64.13,65.45,2.0,1.5,5.0,4.5,4.35,1.8947600000000002,-2.4924799999999996,-0.9,-6.8,35.9,35.9,0.0,1.2,8.7,0.8
2018-12-31,66.81,Good,winter,66.81,Good,winter,66.81,Good,66.06,64.73,2.0,1.5,5.0,4.5,4.15,2.0368,-1.6793600000000004,-0.5,-5.4,39.6,39.6,0.0,1.2,8.3,1.6
2019-01-01,64.7,Good,winter,64.7,Good,winter,64.7,Good,66.22,64.36,2.0,1.5,5.0,4.0,3.75,1.5412,-1.9699999999999998,-0.6,-5.0,49.5,49.5,0.0,2.1,7.5,3.4
2019-01-02,65.68,Good,winter,65.68,Good,winter,65.68,Good,65.73,63.95,2.0,1.5,5.0,4.0,4.35,2.442240000000001,-1.4908799999999993,0.2,-4.9,42.8,42.8,0.0,1.7,8.7,0.0
2019-01-03,69.41,Good,winter,69.41,Good,winter,69.41,Good,66.6,65.57,2.5,1.5,5.0,4.5,4.35,4.8646400000000005,-0.19519999999999937,3.2,-3.5,38.8,38.8,0.0,1.4,8.7,0.1
2019-01-04,67.91,Good,winter,67.91,Good,winter,67.91,Good,67.67,66.55,2.5,2.0,5.0,4.5,1.95,5.1502,0.8757999999999999,4.1,-1.1,55.5,55.5,0.0,1.2,3.9,5.5
2019-01-05,67.99,Good,winter,67.99,Good,winter,67.99,Good,68.44,67.09,2.0,2.0,5.0,4.0,4.3,3.2253200000000004,0.2566400000000004,1.1,-2.8,40.3,40.3,0.0,2.2,8.6,0.5
2019-01-06,70.99,Very Good,winter,70.99,Very Good,winter,70.99,Very Good,68.96,67.64,2.5,2.0,5.0,4.5,3.85,4.598,0.5280000000000009,2.7,-2.8,35.0,35.0,0.0,1.2,7.7,3.1
2019-01-07,70.42,Very Good,winter,70.42,Very Good,winter,70.42,Very Good,69.8,68.16,2.5,2.0,5.0,4.5,3.5,4.57936,0.6513600000000004,3.1,-1.9,46.4,46.4,0.0,1.4,7.0,4.0
2019-01-08,66.61,Good,winter,66.61,Good,winter,66.61,Good,69.34,68.43,2.0,2.0,5.0,3.5,4.35,3.122,0.22599999999999998,0.5,-3.5,31.0,31.0,0.0,2.6,8.7,0.0
2019-01-09,66.08,Good,winter,66.08,Good,winter,66.08,Good,67.7,68.49,2.0,1.5,5.0,4.5,3.7,3.77776,-0.5134400000000001,1.3,-4.7,28.8,28.8,0.0,1.3,7.4,4.9
2019-01-10,67.26,Good,winter,67.26,Good,winter,67.26,Good,66.65,68.18,2.5,2.0,5.0,4.5,1.55,4.4336,1.5708800000000003,3.0,-0.6,48.8,48.8,0.0,1.3,3.1,8.1
2019-01-11,70.34,Very Good,winter,70.34,Very Good,winter,70.34,Very Good,67.89,68.53,2.5,2.0,5.0,4.5,3.45,7.66144,3.6524799999999997,7.2,2.4,58.8,58.8,0.0,1.0,6.9,6.1
2019-01-12,74.27,Very Good,winter,74.27,Very Good,winter,74.27,Very Good,70.62,69.42,3.0,2.5,5.0,4.5,3.0,8.4192,4.30912,8.0,2.8,47.6,47.6,0.0,1.3,6.0,3.9
2019-01-13,73.99,Very Good,winter,73.99,Very Good,winter,73.99,Very Good,72.87,69.85,3.0,2.0,5.0,4.5,4.3,8.03872,2.8086400000000005,7.6,1.2,54.3,54.3,0.0,1.4,8.6,0.0
2019-01-14,65.07,Good,winter,65.07,Good,winter,65.07,Good,71.11,69.09,2.5,2.0,5.0,4.5,0.2,5.89032,2.48016,5.3,1.4,68.6,68.6,0.0,0.9,0.4,4.5
2019-01-15,63.37,Good,winter,63.37,Good,winter,63.37,Good,67.48,68.63,2.0,2.0,5.0,3.5,2.35,3.8195200000000002,0.22816000000000014,2.6,-1.7,58.8,58.8,0.0,2.7,4.7,3.8
2019-01-16,65.6,Good,winter,65.6,Good,winter,65.6,Good,64.68,68.56,2.0,1.5,5.0,4.0,4.3,1.3020400000000003,-1.91072,-1.1,-5.2,45.9,45.9,0.0,2.3,8.6,4.1
2019-01-17,70.34,Very Good,winter,70.34,Very Good,winter,70.34,Very Good,66.44,69.0,2.5,2.0,5.0,4.0,4.35,5.300800000000001,1.9330400000000003,4.0,-0.3,45.8,45.8,0.0,1.7,8.7,1.8
2019-01-18,71.64,Very Good,winter,71.64,Very Good,winter,71.64,Very Good,69.19,69.18,2.5,2.0,5.0,4.5,4.25,7.4392000000000005,2.7056000000000004,6.7,0.6,44.0,44.0,0.0,1.3,8.5,3.0
2019-01-19,71.76,Very Good,winter,71.76,Very Good,winter,71.76,Very Good,71.25,68.82,3.0,2.5,5.0,4.5,1.45,8.7412,4.62912,8.5,3.6,59.8,59.8,0.0,1.2,2.9,7.8
2019-01-20,68.96,Good,winter,68.96,Good,winter,68.96,Good,70.79,68.11,2.5,2.0,5.0,3.5,4.4,5.476,1.4044000000000003,4.0,-1.4,38.5,38.5,0.0,3.2,8.8,1.1
2019-01-21,65.56,Good,winter,65.56,Good,winter,65.56,Good,68.76,68.18,2.5,2.0,5.0,4.5,0.5,5.1790400000000005,0.6905600000000001,4.2,-1.2,57.8,57.8,0.0,1.6,1.0,4.1
2019-01-22,70.17,Very Good,winter,70.17,Very Good,winter,70.17,Very Good,68.23,69.15,2.5,2.0,5.0,4.0,4.25,7.5408,2.9616,7.1,1.7,62.0,62.0,0.0,1.7,8.5,1.1
2019-01-23,70.26,Very Good,winter,70.26,Very Good,winter,70.26,Very Good,68.66,69.81,2.5,2.0,5.0,4.0,4.3,7.6132,3.6352,7.0,2.0,48.9,48.9,0.0,2.3,8.6,0.9
2019-01-24,70.42,Very Good,winter,70.42,Very Good,winter,70.42,Very Good,70.28,69.82,2.5,2.0,5.0,4.0,4.4,7.4114,2.6779600000000006,6.5,0.1,34.9,34.9,0.0,1.7,8.8,2.1
2019-01-25,68.88,Good,winter,68.88,Good,winter,68.88,Good,69.85,69.43,2.5,2.0,5.0,3.5,4.35,4.743040000000001,2.04352,2.6,-1.2,27.6,27.6,0.0,2.6,8.7,1.3
2019-01-26,70.42,Very Good,winter,70.42,Very Good,winter,70.42,Very Good,69.91,69.24,2.5,2.0,5.0,4.0,4.4,4.500640000000001,0.9550000000000001,2.4,-2.5,30.9,30.9,0.0,2.4,8.8,0.0
2019-01-27,68.72,Good,winter,68.72,Good,winter,68.72,Good,69.34,69.2,2.5,2.0,5.0,4.0,3.35,6.031,1.8189999999999997,5.1,-0.1,52.5,52.5,0.0,1.7,6.7,4.3
2019-01-28,68.88,Good,winter,68.88,Good,winter,68.88,Good,69.34,69.68,2.5,2.0,5.0,3.5,4.35,5.8112,3.2979200000000004,4.5,1.2,40.4,40.4,0.0,3.1,8.7,1.3
2019-01-29,71.8,Very Good,winter,71.8,Very Good,winter,71.8,Very Good,69.8,69.91,2.5,2.0,5.0,4.5,4.35,7.774,2.4316,7.0,-0.2,35.5,35.5,0.0,1.5,8.7,2.1
2019-01-30,70.99,Very Good,winter,70.99,Very Good,winter,70.99,Very Good,70.56,70.02,2.5,2.0,5.0,4.5,3.85,7.21744,3.2891199999999996,6.6,1.8,54.6,54.6,0.0,1.5,7.7,6.9
2019-01-31,64.58,Good,winter,64.58,Good,winter,64.58,Good,69.12,69.18,2.5,2.0,5.0,3.5,1.7,4.4868,1.4080000000000004,2.3,-2.0,29.0,29.0,0.0,2.9,3.4,7.0
2019-02-01,67.72,Good,winter,67.72,Good,winter,67.72,Good,67.76,69.02,2.5,2.0,4.97,4.0,2.85,4.30912,0.4361600000000001,2.8,-2.1,47.6,47.6,0.3,1.7,5.7,3.0
2019-02-02,66.05,Good,winter,66.05,Good,winter,66.05,Good,66.12,68.39,2.5,2.0,5.0,4.5,0.8,6.724,2.776,6.1,1.4,60.0,60.0,0.0,1.0,1.6,7.5
2019-02-03,54.03,Acceptable,winter,54.03,Acceptable,winter,54.03,Acceptable,62.6,66.29,2.5,2.0,3.4,4.0,0.34999999999999964,5.044840000000001,3.49028,4.9,3.3,92.9,92.9,16.0,1.7,0.0,9.3
2019-02-04,70.26,Very Good,winter,70.26,Very Good,winter,70.26,Very Good,63.45,66.49,2.5,2.0,5.0,4.0,4.3,4.668800000000001,1.9270400000000003,3.0,-0.6,40.4,40.4,0.0,2.1,8.6,2.4
2019-02-05,75.73,Very Good,winter,75.73,Very Good,winter,75.73,Very Good,66.67,67.05,3.0,2.5,5.0,4.5,3.9,10.07484,4.6115200000000005,10.1,2.8,37.1,37.1,0.0,1.0,7.8,3.9
2019-02-06,72.08,Very Good,winter,72.08,Very Good,winter,72.08,Very Good,72.69,67.21,3.0,2.5,5.0,4.5,1.65,9.42628,5.98396,9.3,5.1,54.9,54.9,0.0,1.3,3.3,8.1
2019-02-07,67.11,Good,winter,67.11,Good,winter,67.11,Good,71.64,67.57,2.5,2.0,4.95,3.0,4.35,7.1066,0.5377999999999994,6.3,-2.1,45.5,45.5,0.5,3.5,8.7,4.3
2019-02-08,65.43,Good,winter,65.43,Good,winter,65.43,Good,68.21,67.24,2.0,1.5,5.0,4.0,4.2,1.7962000000000005,-1.6885999999999983,-1.3,-6.1,31.5,31.5,0.0,2.3,8.4,6.1
2019-02-09,64.7,Good,winter,64.7,Good,winter,64.7,Good,65.75,67.05,2.0,1.5,5.0,3.5,4.65,1.4320000000000004,-1.088000000000001,-1.9,-5.4,30.0,30.0,0.0,2.7,9.3,4.4
2019-02-10,60.41,Good,winter,60.41,Good,winter,60.41,Good,63.51,67.96,2.0,1.5,5.0,4.0,1.1,1.370120000000001,-0.8780000000000001,-1.9,-5.0,31.3,31.3,0.0,1.7,2.2,7.5
2019-02-11,70.9,Very Good,winter,70.9,Very Good,winter,70.95,Very Good,65.34,68.05,2.5,2.0,5.0,4.0,4.7,4.0832,0.3852000000000002,2.0,-3.0,34.9,34.9,0.0,2.3,9.4,0.4
2019-02-12,70.17,Very Good,winter,70.17,Very Good,winter,70.25,Very Good,67.16,67.26,2.5,2.0,5.0,4.0,4.25,5.3254,2.1348000000000003,3.7,-0.6,35.5,35.5,0.0,1.9,8.5,5.6
2019-02-13,70.74,Very Good,winter,70.74,Very Good,winter,70.88,Very Good,70.6,67.07,2.5,2.0,5.0,4.0,4.6,4.702,1.4525599999999996,2.5,-2.1,26.6,26.6,0.0,2.4,9.2,1.8
2019-02-14,72.2,Very Good,winter,72.2,Very Good,winter,72.36,Very Good,71.04,67.79,2.5,2.0,5.0,4.5,4.6,7.4203600000000005,2.6794000000000002,6.3,-0.5,24.3,24.3,0.0,1.4,9.2,5.3
2019-02-15,60.4,Good,winter,60.4,Good,winter,60.08,Good,67.78,67.07,2.0,2.0,4.78,4.0,0.4500000000000002,1.8900800000000002,0.37504000000000004,0.9,-0.8,72.8,72.8,2.2,1.9,0.0,9.1
2019-02-16,64.18,Good,winter,64.18,Good,winter,64.48,Good,65.59,67.0,2.0,1.5,4.98,3.5,4.4,2.894,-0.6172,1.5,-2.7,59.0,59.0,0.2,2.6,8.8,2.4
2019-02-17,71.23,Very Good,winter,71.23,Very Good,winter,71.59,Very Good,65.27,68.55,2.5,2.0,5.0,4.0,4.9,5.73616,0.6827200000000004,4.6,-1.8,47.4,47.4,0.0,1.9,9.8,0.1
2019-02-18,69.29,Good,winter,69.29,Good,winter,69.26,Good,68.23,68.32,2.5,2.0,5.0,4.5,2.8,6.8266,2.9566,5.9,0.9,43.5,43.5,0.0,1.3,5.6,7.4
2019-02-19,60.14,Good,winter,60.14,Good,winter,59.49,Acceptable,66.89,66.88,2.0,2.0,4.54,4.5,0.3,3.5376000000000003,2.06048,3.0,1.4,80.8,80.8,4.6,1.4,0.6,9.4
2019-02-20,65.07,Good,winter,65.07,Good,winter,64.69,Good,64.83,66.07,2.5,2.0,5.0,4.0,1.1,5.2084,2.7690400000000004,4.5,1.7,67.8,67.8,0.0,2.1,2.2,6.5
2019-02-21,74.8,Very Good,winter,74.8,Very Good,winter,75.4,Very Good,66.67,66.44,3.0,2.0,5.0,4.5,4.8,9.1624,3.63424,9.0,2.4,59.4,59.4,0.0,1.5,9.6,0.0
2019-02-22,77.1,Very Good,winter,77.1,Very Good,winter,77.55,Very Good,72.32,68.83,3.0,2.5,5.0,4.5,4.75,10.65952,5.0536,10.8,4.0,56.1,56.1,0.0,1.5,9.5,5.4
2019-02-23,79.05,Very Good,winter,79.05,Very Good,winter,79.62,Very Good,76.98,70.95,3.5,2.5,5.0,4.5,4.55,13.437999999999999,7.5552,14.5,6.8,41.0,41.0,0.0,1.1,9.1,2.9
2019-02-24,76.05,Very Good,winter,77.41,Very Good,spring,76.73,Very Good,77.85,71.84,3.0,2.5,5.0,4.0,5.0,12.886,7.114,13.7,6.3,45.0,45.0,0.0,1.8,10.0,1.6
2019-02-25,74.43,Very Good,winter,75.13,Very Good,spring,74.8,Very Good,77.2,72.67,3.0,2.5,5.0,4.0,4.0,10.164639999999999,5.637040000000001,10.2,4.7,55.8,55.8,0.0,2.3,8.0,4.8
2019-02-26,77.1,Very Good,winter,78.15,Very Good,spring,77.7,Very Good,76.9,75.24,3.0,2.5,5.0,4.5,4.75,11.4624,6.49024,12.0,5.2,32.8,32.8,0.0,1.6,9.5,3.6
2019-02-27,78.12,Very Good,winter,78.14,Very Good,spring,78.13,Very Good,77.14,77.11,3.0,3.0,5.0,4.5,3.9,12.9008,8.40456,14.0,7.8,31.3,31.3,0.0,1.6,7.8,7.5
2019-02-28,74.51,Very Good,winter,75.24,Very Good,spring,74.98,Very Good,77.18,77.17,3.0,2.5,5.0,4.0,4.05,12.1224,7.4228,12.8,6.6,39.5,39.5,0.0,2.0,8.1,3.3
2019-03-01,77.3,Very Good,spring,77.3,Very Good,spring,76.87,Very Good,76.89,77.2,3.0,2.5,5.0,4.0,4.95,12.3076,7.38472,13.0,6.6,42.3,42.3,0.0,2.1,9.9,0.3
2019-03-02,80.38,Excellent,spring,80.38,Excellent,spring,80.31,Excellent,77.64,77.39,3.5,3.0,5.0,4.5,3.75,13.526879999999998,8.34912,14.7,7.8,37.6,37.6,0.0,1.1,7.5,5.8
2019-03-03,80.84,Excellent,spring,80.84,Excellent,spring,80.74,Excellent,79.51,77.88,3.5,3.0,5.0,4.5,3.95,14.548160000000001,9.55264,16.1,9.4,36.4,36.4,0.0,1.5,7.9,4.8
2019-03-04,81.01,Excellent,spring,81.01,Excellent,spring,80.81,Excellent,80.74,78.72,3.5,3.0,5.0,4.0,4.6,14.94172,9.92156,16.3,9.9,46.1,46.1,0.0,1.9,9.2,2.3
2019-03-05,70.79,Very Good,spring,70.79,Very Good,spring,71.07,Very Good,77.55,77.67,3.0,3.0,5.0,4.0,1.25,12.50908,8.615680000000001,12.9,8.4,66.3,66.3,0.0,2.0,2.5,8.6
2019-03-06,71.36,Very Good,spring,71.36,Very Good,spring,71.56,Very Good,74.39,76.7,3.0,3.0,5.0,4.0,1.5,11.968,8.688,12.4,8.4,55.0,55.0,0.0,2.0,3.0,6.3
2019-03-07,77.41,Very Good,spring,77.41,Very Good,spring,77.26,Very Good,73.19,77.01,3.0,2.5,5.0,4.0,5.0,12.17188,7.5868,12.7,7.0,51.1,51.1,0.0,2.2,10.1,1.5
2019-03-08,77.41,Very Good,spring,77.41,Very Good,spring,77.31,Very Good,75.39,77.03,3.0,2.5,5.0,4.0,5.0,12.57584,7.04536,13.4,6.1,39.4,39.4,0.0,1.9,10.7,0.1
2019-03-09,80.96,Excellent,spring,80.96,Excellent,spring,80.91,Excellent,78.59,77.11,3.5,2.5,5.0,4.5,4.85,13.56328,7.96384,14.9,7.2,31.8,31.8,0.0,1.3,9.7,5.4
2019-03-10,72.17,Very Good,spring,72.17,Very Good,spring,72.17,Very Good,76.85,75.87,3.5,3.0,5.0,4.5,0.15,13.73968,10.07056,15.3,10.1,26.4,26.4,0.0,1.2,0.3,7.1
2019-03-11,70.11,Very Good,spring,70.11,Very Good,spring,70.11,Very Good,74.41,74.32,3.0,2.5,5.0,4.0,1.8,10.0,7.1304,10.0,6.6,61.0,61.0,0.0,1.8,3.6,4.9
2019-03-12,66.75,Good,spring,66.75,Good,spring,66.75,Good,69.68,73.74,3.0,2.5,5.0,3.5,0.9,8.27716,4.995559999999999,7.9,3.9,55.1,55.1,0.0,2.7,1.8,4.9
2019-03-13,76.1,Very Good,spring,76.1,Very Good,spring,76.1,Very Good,70.99,74.42,3.0,2.5,5.0,3.5,5.0,8.869,5.099,8.5,3.5,38.5,38.5,0.0,3.3,10.1,1.8
2019-03-14,73.99,Very Good,spring,73.99,Very Good,spring,73.99,Very Good,72.28,73.93,3.0,2.5,5.0,4.0,3.5,10.0,6.094,10.0,5.0,45.3,45.3,0.0,1.9,7.0,5.5
2019-03-15,68.38,Good,spring,68.38,Good,spring,68.38,Good,72.82,72.64,3.0,2.5,4.65,4.5,1.4,11.158560000000001,5.9896,11.3,5.5,72.8,72.8,3.5,1.6,2.8,7.4
2019-03-16,71.71,Very Good,spring,71.71,Very Good,spring,71.71,Very Good,71.36,71.32,3.0,2.5,5.0,4.0,2.5,9.29632,4.98628,9.2,4.3,69.9,69.9,0.0,1.8,5.0,5.5
2019-03-17,77.3,Very Good,spring,77.3,Very Good,spring,77.3,Very Good,72.46,72.05,3.0,2.5,5.0,4.0,4.95,11.97184,6.96008,12.4,6.3,55.4,55.4,0.0,2.0,9.9,2.0
2019-03-18,79.82,Very Good,spring,79.82,Very Good,spring,79.82,Very Good,76.28,73.44,3.5,2.5,5.0,4.5,4.35,13.41088,7.75192,14.4,7.1,43.8,43.8,0.0,1.4,8.7,6.3
2019-03-19,81.29,Excellent,spring,81.29,Excellent,spring,81.29,Excellent,79.47,75.51,3.5,3.0,5.0,4.5,4.15,15.413599999999999,10.0,16.7,10.0,52.0,52.0,0.0,1.4,8.3,1.4
2019-03-20,63.17,Good,spring,63.17,Good,spring,63.17,Good,74.76,73.67,3.5,3.0,3.35,4.5,0.5999999999999996,14.2136,10.2748,14.6,10.3,79.0,79.0,16.5,1.4,0.0,8.8
2019-03-21,67.14,Good,spring,67.14,Good,spring,67.14,Good,70.53,72.69,3.0,2.5,4.67,3.5,1.95,11.00056,7.362159999999999,11.1,7.1,77.4,77.4,3.3,2.9,3.9,7.9
2019-03-22,76.1,Very Good,spring,76.1,Very Good,spring,76.1,Very Good,68.8,73.79,3.0,2.5,5.0,3.5,5.0,8.701880000000001,4.8838799999999996,8.3,3.3,40.9,40.9,0.0,2.8,11.1,0.8
2019-03-23,73.98,Very Good,spring,73.98,Very Good,spring,73.98,Very Good,72.41,74.11,3.0,2.5,4.83,4.0,3.95,8.58232,4.7230799999999995,8.2,3.3,46.9,46.9,1.7,2.4,7.9,3.0
2019-03-24,77.41,Very Good,spring,77.41,Very Good,spring,77.41,Very Good,75.83,74.13,3.0,2.5,5.0,4.0,5.0,9.765519999999999,5.54488,9.7,4.3,45.4,45.4,0.0,2.3,11.3,0.1
2019-03-25,67.95,Good,spring,67.95,Good,spring,67.95,Good,73.11,72.43,3.0,2.5,5.0,4.0,0.85,11.2366,7.77412,11.5,7.3,56.1,56.1,0.0,2.0,1.7,6.6
2019-03-26,81.81,Excellent,spring,81.81,Excellent,spring,81.81,Excellent,75.72,72.51,3.5,3.0,5.0,4.0,4.95,16.11344,11.12616,17.6,11.4,51.1,51.1,0.0,2.0,9.9,2.6
2019-03-27,73.09,Very Good,spring,73.09,Very Good,spring,73.09,Very Good,74.28,73.93,3.5,3.0,5.0,3.5,1.7,15.366719999999999,11.38496,16.2,11.6,66.4,66.4,0.0,3.0,3.4,8.5
2019-03-28,80.5,Excellent,spring,80.5,Excellent,spring,80.5,Excellent,78.47,75.83,3.5,3.0,5.0,3.5,4.95,13.67816,9.520240000000001,14.6,9.4,49.9,49.9,0.0,2.6,9.9,6.1
2019-03-29,81.92,Excellent,spring,81.92,Excellent,spring,81.92,Excellent,78.5,76.67,3.5,3.0,5.0,4.0,5.0,13.73524,9.41408,15.1,9.2,33.1,33.1,0.0,2.1,10.5,4.6
2019-03-30,67.03,Good,spring,67.03,Good,spring,67.03,Good,76.48,75.67,3.0,2.5,4.82,3.5,1.5,8.5792,5.7376000000000005,8.4,5.2,72.0,72.0,1.8,2.9,3.0,9.4
2019-03-31,68.35,Good,spring,68.35,Good,spring,68.35,Good,72.43,74.38,3.0,2.5,5.0,3.5,1.6,8.7456,5.6096,8.4,4.4,46.0,46.0,0.0,3.2,3.2,5.1
2019-04-01,77.41,Very Good,spring,77.41,Very Good,spring,77.41,Very Good,70.93,75.73,3.0,2.5,5.0,4.0,5.0,10.98696,6.583600000000001,11.3,5.5,39.8,39.8,0.0,2.5,11.7,1.3
2019-04-02,77.41,Very Good,spring,77.41,Very Good,spring,77.41,Very Good,74.39,75.1,3.0,2.5,5.0,4.0,5.0,12.242799999999999,7.53292,13.0,6.7,36.9,36.9,0.0,2.2,11.7,0.3
2019-04-03,79.34,Very Good,spring,79.34,Very Good,spring,79.34,Very Good,78.05,75.99,3.0,3.0,5.0,4.0,5.0,12.67984,8.21344,13.6,7.6,36.1,36.1,0.0,2.3,11.7,0.3
2019-04-04,81.92,Excellent,spring,81.92,Excellent,spring,81.92,Excellent,79.56,76.2,3.5,3.0,5.0,4.0,5.0,14.4004,9.382399999999999,15.7,9.2,43.0,43.0,0.0,2.5,11.7,0.0
2019-04-05,79.81,Very Good,spring,79.81,Very Good,spring,79.81,Very Good,80.36,75.9,3.5,3.0,5.0,3.5,4.65,15.500799999999998,11.0696,17.2,11.4,41.0,41.0,0.0,2.9,9.3,3.0
2019-04-06,69.33,Good,spring,69.33,Good,spring,69.33,Good,77.02,76.22,3.0,3.0,4.92,4.5,0.25,11.67112,9.46828,12.2,9.3,39.9,39.9,0.8,1.1,0.5,8.5
2019-04-07,81.92,Excellent,spring,81.92,Excellent,spring,81.92,Excellent,77.02,78.16,3.5,3.0,5.0,4.0,5.0,17.95572,12.00824,20.3,12.6,43.1,43.1,0.0,1.7,11.4,4.4
2019-04-08,81.92,Excellent,spring,81.92,Excellent,spring,81.92,Excellent,77.72,78.81,3.5,3.0,5.0,4.0,5.0,15.057279999999999,11.12384,17.2,11.6,25.6,25.6,0.0,2.5,10.9,3.3
2019-04-09,60.85,Good,spring,60.85,Good,spring,60.85,Good,74.9,76.44,3.5,3.0,3.2600000000000002,4.0,0.4,13.10596,9.362879999999999,13.9,9.2,49.1,49.1,17.4,2.4,0.8,9.4
2019-04-10,63.86,Good,spring,63.86,Good,spring,63.86,Good,68.88,74.23,3.0,2.5,4.44,4.0,0.55,10.18272,7.35056,10.2,7.1,78.4,78.4,5.6,1.8,1.1,8.3
2019-04-11,81.69,Excellent,spring,81.69,Excellent,spring,81.69,Excellent,68.8,74.2,3.5,3.0,5.0,4.0,4.9,14.7424,9.584,15.7,9.5,58.0,58.0,0.0,1.9,9.8,4.6
2019-04-12,81.92,Excellent,spring,81.92,Excellent,spring,81.92,Excellent,75.82,74.5,3.5,3.0,5.0,4.0,5.0,16.6696,11.111600000000001,18.4,11.4,48.5,48.5,0.0,2.2,11.4,1.8
2019-04-13,81.92,Excellent,spring,81.92,Excellent,spring,81.92,Excellent,81.84,76.3,3.5,3.0,5.0,4.0,5.0,15.8144,11.3248,17.9,11.8,34.0,34.0,0.0,1.8,10.8,5.6
2019-04-14,72.61,Very Good,spring,72.61,Very Good,spring,72.61,Very Good,78.82,74.97,3.0,3.0,4.83,4.0,2.5,12.815199999999999,9.687199999999999,13.6,9.6,45.5,45.5,1.7,2.2,5.0,6.0
2019-04-15,81.92,Excellent,spring,81.92,Excellent,spring,81.92,Excellent,78.82,74.97,3.5,3.0,5.0,4.0,5.0,15.861160000000002,11.15776,18.1,11.6,30.9,30.9,0.0,1.8,12.1,0.0
2019-04-16,87.74,Excellent,spring,87.74,Excellent,spring,87.74,Excellent,80.76,78.81,4.0,3.5,5.0,4.5,5.0,18.88552,13.45548,22.6,14.9,26.3,26.3,0.0,1.6,11.5,4.8
2019-04-17,86.43,Excellent,spring,86.43,Excellent,spring,86.43,Excellent,85.36,82.03,4.0,3.5,5.0,4.0,5.0,18.85,13.975,21.8,15.3,37.5,37.5,0.0,1.9,12.2,3.9
2019-04-18,72.23,Very Good,spring,72.23,Very Good,spring,72.23,Very Good,82.13,80.68,3.5,3.0,5.0,4.0,0.75,15.56512,12.33376,16.2,12.6,74.4,74.4,0.0,2.0,1.5,6.3
2019-04-19,83.07,Excellent,spring,83.07,Excellent,spring,83.07,Excellent,80.58,80.85,4.0,3.5,5.0,4.5,2.95,18.051,13.154,19.7,13.8,57.5,57.5,0.0,1.6,5.9,4.8
2019-04-20,77.42,Very Good,spring,77.42,Very Good,spring,77.42,Very Good,77.57,80.2,3.5,3.5,4.88,4.0,2.5,17.89516,13.730680000000001,19.1,14.3,66.9,66.9,1.2,1.9,5.0,7.1
2019-04-21,79.52,Very Good,spring,79.52,Very Good,spring,79.52,Very Good,80.0,81.19,4.0,3.5,4.97,4.0,2.05,19.29424,14.37376,20.2,14.8,77.8,77.8,0.3,1.9,4.1,7.9
2019-04-22,90.32,Ideal,spring,90.32,Ideal,spring,90.32,Ideal,82.42,82.39,4.5,3.5,5.0,4.5,5.0,24.60368,17.462320000000002,28.2,19.3,50.6,50.6,0.0,1.4,11.1,2.3
2019-04-23,88.22,Excellent,spring,88.22,Excellent,spring,88.22,Excellent,86.02,82.46,5.0,4.0,5.0,4.5,2.1,22.524,18.4032,25.5,20.4,52.0,52.0,0.0,1.3,4.2,8.4
2019-04-24,87.48,Excellent,spring,87.48,Excellent,spring,87.48,Excellent,88.67,82.61,4.5,4.0,4.59,4.5,4.0,24.01744,18.3752,25.9,19.5,70.4,70.4,4.1,1.6,8.0,5.0
2019-04-25,64.33,Good,spring,64.33,Good,spring,64.33,Good,80.01,81.48,3.5,3.0,3.87,4.0,0.2999999999999998,16.50592,12.89152,17.2,13.2,75.9,75.9,11.3,2.0,0.0,9.4
2019-04-26,68.55,Good,spring,68.55,Good,spring,68.55,Good,73.45,79.41,3.0,3.0,4.51,4.5,1.0,9.907160000000001,8.514560000000001,9.9,8.4,82.1,82.1,4.9,1.5,0.0,8.0
2019-04-27,81.92,Excellent,spring,81.92,Excellent,spring,81.92,Excellent,71.6,80.05,3.5,3.0,5.0,4.0,5.0,16.64528,11.29664,18.2,11.6,52.6,52.6,0.0,1.7,10.3,4.8
2019-04-28,75.71,Very Good,spring,75.71,Very Good,spring,75.71,Very Good,75.39,79.5,3.5,3.0,5.0,4.5,1.7,15.248320000000001,12.30608,16.6,12.9,48.8,48.8,0.0,1.6,3.4,8.1
2019-04-29,75.59,Very Good,spring,75.59,Very Good,spring,75.59,Very Good,77.74,77.4,3.5,3.0,5.0,4.5,1.65,15.92468,12.4348,17.3,13.0,52.9,52.9,0.0,0.9,3.3,5.8
2019-04-30,90.32,Ideal,spring,90.32,Ideal,spring,90.32,Ideal,80.54,77.7,4.5,3.5,5.0,4.5,5.0,20.14,14.4616,22.5,15.5,52.8,52.8,0.0,1.6,11.2,4.4
2019-05-01,86.43,Excellent,spring,86.43,Excellent,spring,86.42,Excellent,84.11,77.55,4.0,3.5,5.0,4.0,5.0,19.706319999999998,15.09184,22.2,16.4,48.9,48.9,0.0,2.3,10.9,1.9
2019-05-02,89.01,Excellent,spring,89.01,Excellent,spring,89.06,Excellent,88.59,81.08,4.5,3.5,5.0,4.0,5.0,20.9242,15.069400000000002,25.3,17.1,28.5,28.5,0.0,2.3,12.7,0.0
2019-05-03,92.9,Ideal,spring,92.9,Ideal,spring,92.97,Ideal,89.45,84.55,5.0,3.5,5.0,4.5,5.0,22.075000000000003,15.924999999999999,26.1,17.9,37.5,37.5,0.0,1.6,12.4,0.0
2019-05-04,91.59,Ideal,spring,91.59,Ideal,spring,91.75,Ideal,91.17,85.94,5.0,3.5,5.0,4.0,5.0,23.251839999999998,17.2352,27.4,19.5,40.4,40.4,0.0,1.7,10.7,4.9
2019-05-05,91.59,Ideal,spring,91.59,Ideal,spring,91.78,Ideal,92.03,88.2,5.0,3.5,5.0,4.0,5.0,22.2628,16.83744,26.5,19.2,35.8,35.8,0.0,2.2,11.1,5.1
2019-05-06,82.54,Excellent,spring,82.54,Excellent,spring,82.5,Excellent,88.57,89.2,3.5,3.5,5.0,3.5,5.0,16.942320000000002,13.1878,19.8,14.5,27.1,27.1,0.0,3.1,12.8,0.3
2019-05-07,86.43,Excellent,spring,86.43,Excellent,spring,86.41,Excellent,86.85,88.64,4.0,3.5,5.0,4.0,5.0,18.72984,13.668,21.9,15.0,33.4,33.4,0.0,2.3,12.9,0.0
2019-05-08,86.43,Excellent,spring,86.43,Excellent,spring,86.41,Excellent,85.13,88.64,4.0,3.5,5.0,4.0,5.0,18.963160000000002,14.44192,21.3,15.6,48.3,48.3,0.0,2.3,12.2,6.1
2019-05-09,86.43,Excellent,spring,86.43,Excellent,spring,86.41,Excellent,86.43,88.27,4.0,3.5,5.0,4.0,5.0,19.97428,15.10312,22.9,16.6,43.3,43.3,0.0,2.2,12.1,3.1
2019-05-10,91.59,Ideal,spring,91.59,Ideal,spring,91.95,Ideal,88.15,88.09,5.0,3.5,5.0,4.0,5.0,23.3056,16.1776,26.8,17.8,48.0,48.0,0.0,1.9,12.3,3.5
2019-05-11,91.59,Ideal,spring,91.59,Ideal,spring,91.98,Ideal,89.87,88.09,5.0,3.5,5.0,4.0,5.0,23.8348,17.7868,28.3,20.3,39.0,39.0,0.0,1.8,12.7,2.0
2019-05-12,92.25,Ideal,spring,92.25,Ideal,spring,92.24,Ideal,91.81,88.18,4.5,4.0,5.0,4.5,5.0,24.0616,18.6304,28.9,21.6,36.0,36.0,0.0,1.5,12.0,4.3
2019-05-13,77.48,Very Good,spring,79.52,Very Good,summer,78.5,Very Good,87.79,87.75,4.0,3.5,5.0,4.5,0.5,19.902079999999998,16.73032,22.8,18.7,43.4,43.4,0.0,1.6,1.0,8.3
2019-05-14,92.9,Ideal,spring,93.4,Ideal,summer,93.17,Ideal,88.39,88.74,5.0,3.5,5.0,4.5,5.0,23.1482,17.4688,26.9,19.6,44.5,44.5,0.0,1.6,13.0,1.6
2019-05-15,89.12,Excellent,spring,89.95,Excellent,summer,89.59,Excellent,87.62,89.25,4.5,4.0,5.0,4.0,4.2,24.2632,18.47868,28.0,20.7,48.1,48.1,0.0,1.7,8.4,4.5
2019-05-16,94.18,Ideal,spring,94.13,Ideal,summer,94.15,Ideal,92.49,90.35,4.5,4.5,5.0,4.5,5.0,25.503999999999998,20.4652,30.0,23.5,43.8,43.8,0.0,1.5,12.5,2.5
2019-05-17,87.57,Excellent,spring,89.14,Excellent,summer,88.58,Excellent,91.07,90.0,4.5,4.5,5.0,4.5,2.1,24.26668,20.60256,28.3,23.6,44.9,44.9,0.0,1.2,4.2,7.5
2019-05-18,88.95,Excellent,spring,91.4,Ideal,summer,90.61,Ideal,91.56,89.97,5.0,4.5,5.0,4.0,2.15,22.516479999999998,20.07616,25.9,22.8,46.8,46.8,0.0,2.1,4.3,8.5
2019-05-19,67.47,Good,spring,69.24,Good,summer,68.74,Good,83.26,86.68,4.5,4.0,2.8,4.5,0.0,21.2752,19.136799999999997,21.6,19.4,93.0,93.0,22.0,1.2,0.0,10.0
2019-05-20,79.83,Very Good,spring,79.77,Very Good,summer,79.79,Very Good,80.14,86.72,4.0,3.5,4.13,3.5,5.0,18.71488,15.46816,20.2,16.4,63.6,63.6,8.7,3.4,10.5,4.5
2019-05-21,87.7,Excellent,spring,88.53,Excellent,summer,88.35,Excellent,79.18,86.02,4.5,3.5,5.0,3.5,5.0,21.1504,15.817599999999999,23.8,17.2,52.0,52.0,0.0,2.9,13.1,0.0
2019-05-22,91.59,Ideal,spring,92.5,Ideal,summer,92.34,Ideal,86.93,86.39,5.0,3.5,5.0,4.0,5.0,22.936,17.448,26.5,19.5,46.0,46.0,0.0,2.4,12.6,1.4
2019-05-23,90.94,Ideal,spring,91.33,Ideal,summer,91.27,Ideal,90.79,85.99,4.5,4.0,5.0,4.0,5.0,24.976,19.438000000000002,29.2,22.1,45.0,45.0,0.0,1.7,13.2,0.0
2019-05-24,87.71,Excellent,spring,87.09,Excellent,summer,87.16,Excellent,90.31,85.69,3.5,4.5,5.0,4.0,5.0,28.383039999999998,21.15552,33.4,24.2,46.4,46.4,0.0,1.7,12.7,1.4
2019-05-25,90.87,Ideal,spring,91.64,Ideal,summer,91.58,Ideal,90.02,85.73,4.5,4.5,5.0,4.5,3.55,24.55264,20.48416,28.6,23.4,45.6,45.6,0.0,1.6,7.1,7.9
2019-05-26,92.87,Ideal,spring,93.23,Ideal,summer,93.22,Ideal,90.65,89.16,4.5,4.5,5.0,4.0,5.0,25.9516,20.962,31.1,24.5,39.0,39.0,0.0,1.8,11.0,6.0
2019-05-27,74.89,Very Good,spring,77.39,Very Good,summer,77.39,Very Good,87.42,88.82,4.5,3.5,4.29,4.0,0.7000000000000002,21.36028,17.20408,22.3,17.8,80.9,80.9,7.1,2.4,0.0,8.6
2019-05-28,87.7,Excellent,spring,88.53,Excellent,summer,88.53,Excellent,86.38,88.82,4.5,3.5,5.0,3.5,5.0,21.44056,16.347160000000002,24.6,18.1,45.9,45.9,0.0,2.6,13.0,2.1
2019-05-29,93.52,Ideal,spring,94.4,Ideal,summer,94.4,Ideal,86.77,89.09,5.0,4.0,5.0,4.0,5.0,23.0944,18.17408,26.5,20.3,48.4,48.4,0.0,2.0,13.3,0.4
2019-05-30,85.59,Excellent,spring,86.85,Excellent,summer,86.85,Excellent,89.93,88.45,4.5,3.5,5.0,4.0,3.5,21.483999999999998,17.6032,24.5,19.6,48.0,48.0,0.0,2.4,7.0,7.9
2019-05-31,87.7,Excellent,spring,88.53,Excellent,summer,88.53,Excellent,89.93,88.65,4.5,3.5,5.0,3.5,5.0,20.61872,17.26544,23.3,19.1,49.6,49.6,0.0,2.8,12.3,2.3
2019-06-01,88.91,Excellent,summer,88.91,Excellent,summer,88.91,Excellent,88.1,88.26,4.5,3.5,5.0,4.0,4.7,21.5354,17.4938,23.7,18.9,60.5,60.5,0.0,1.9,9.4,5.5
2019-06-02,94.4,Ideal,summer,94.4,Ideal,summer,94.4,Ideal,90.61,88.43,5.0,4.0,5.0,4.0,5.0,23.67752,18.52924,27.8,21.1,42.1,42.1,0.0,1.7,13.0,0.6
2019-06-03,93.23,Ideal,summer,93.23,Ideal,summer,93.23,Ideal,92.18,90.69,4.5,4.5,5.0,4.0,5.0,25.0462,20.107960000000002,29.5,23.1,42.9,42.9,0.0,1.8,12.3,0.6
2019-06-04,93.23,Ideal,summer,93.23,Ideal,summer,93.23,Ideal,93.62,91.36,4.5,4.5,5.0,4.0,5.0,25.6864,20.40256,29.0,22.6,56.4,56.4,0.0,2.2,12.8,3.0
2019-06-05,89.21,Excellent,summer,89.21,Excellent,summer,89.21,Excellent,91.89,90.62,4.0,4.5,5.0,4.0,4.45,26.76192,21.1176,29.6,23.0,63.8,63.8,0.0,1.8,8.9,5.4
2019-06-06,84.47,Excellent,summer,84.47,Excellent,summer,84.47,Excellent,88.97,90.28,5.0,4.5,4.25,4.5,0.4500000000000002,23.644360000000002,20.12032,25.1,21.2,75.9,75.9,7.5,1.2,0.0,9.1
2019-06-07,65.9,Good,summer,65.9,Good,summer,65.9,Good,79.86,87.05,5.0,4.0,1.4700000000000002,4.0,1.85,23.36524,19.092,24.7,20.0,77.3,77.3,35.3,1.9,3.7,7.4
2019-06-08,91.63,Ideal,summer,91.63,Ideal,summer,91.63,Ideal,80.67,87.44,4.5,4.0,5.0,4.5,4.65,24.608,19.877,27.6,21.9,57.5,57.5,0.0,1.4,9.3,5.9
2019-06-09,86.61,Excellent,summer,86.61,Excellent,summer,86.61,Excellent,81.38,86.33,4.5,4.5,4.75,4.0,2.1,24.2626,20.02704,26.5,21.6,66.1,66.1,2.5,1.8,4.2,8.9
2019-06-10,76.03,Very Good,summer,76.03,Very Good,summer,76.03,Very Good,84.76,83.87,4.5,3.5,4.05,4.5,0.3,20.486279999999997,17.402079999999998,21.9,18.4,70.3,70.3,9.5,1.6,0.6,8.0
2019-06-11,95.3,Ideal,summer,95.3,Ideal,summer,95.3,Ideal,85.98,84.16,5.0,4.0,5.0,4.5,5.0,22.95084,18.4462,26.1,20.5,51.1,51.1,0.0,1.4,10.7,3.5
2019-06-12,94.4,Ideal,summer,94.4,Ideal,summer,94.4,Ideal,88.58,84.91,5.0,4.0,5.0,4.0,5.0,23.58576,19.5266,26.4,21.5,57.1,57.1,0.0,1.8,13.0,1.1
2019-06-13,93.23,Ideal,summer,93.23,Ideal,summer,93.23,Ideal,94.31,86.16,4.5,4.5,5.0,4.0,5.0,25.18288,20.4988,28.8,23.0,51.9,51.9,0.0,1.7,12.3,3.1
2019-06-14,89.88,Excellent,summer,89.88,Excellent,summer,89.88,Excellent,92.5,89.58,4.5,4.5,5.0,4.0,3.05,25.073279999999997,20.6496,28.4,23.0,54.8,54.8,0.0,1.8,6.1,6.1
2019-06-15,91.86,Ideal,summer,91.86,Ideal,summer,91.86,Ideal,91.66,89.62,4.5,4.5,4.79,4.0,5.0,24.720399999999998,20.0674,27.4,21.9,61.5,61.5,2.1,2.4,12.2,3.1
2019-06-16,92.23,Ideal,summer,92.23,Ideal,summer,92.23,Ideal,91.32,90.42,4.5,4.0,5.0,4.5,5.0,24.13152,19.8592,27.2,22.0,55.4,55.4,0.0,1.6,11.1,3.9
2019-06-17,94.4,Ideal,summer,94.4,Ideal,summer,94.4,Ideal,92.83,93.04,5.0,4.0,5.0,4.0,5.0,23.54968,19.78588,26.2,21.7,59.1,59.1,0.0,2.3,12.7,4.5
2019-06-18,79.39,Very Good,summer,79.39,Very Good,summer,79.39,Very Good,88.67,90.77,5.0,4.0,3.62,4.5,1.0,23.53312,19.87552,24.8,20.8,78.6,78.6,13.8,1.5,2.0,9.5
2019-06-19,85.27,Excellent,summer,85.27,Excellent,summer,85.27,Excellent,86.35,89.47,4.5,4.5,4.98,4.0,0.45,24.03248,20.38768,25.4,21.4,77.8,77.8,0.2,1.9,0.9,9.4
2019-06-20,90.56,Ideal,summer,90.56,Ideal,summer,90.56,Ideal,85.07,89.08,4.5,4.5,5.0,4.0,3.45,25.70672,21.20648,27.8,22.7,70.6,70.6,0.0,1.9,6.9,8.0
2019-06-21,87.42,Excellent,summer,87.42,Excellent,summer,87.42,Excellent,87.75,88.73,4.5,4.5,4.98,4.0,1.7,24.354760000000002,20.78836,26.1,22.1,72.9,72.9,0.2,1.7,3.4,7.3
2019-06-22,94.13,Ideal,summer,94.13,Ideal,summer,94.13,Ideal,90.7,89.06,4.5,4.5,5.0,4.5,5.0,25.84552,20.92264,30.6,24.2,42.3,42.3,0.0,1.5,13.0,2.1
2019-06-23,93.23,Ideal,summer,93.23,Ideal,summer,93.23,Ideal,91.59,89.2,4.5,4.5,5.0,4.0,5.0,25.9936,21.424,31.0,25.0,40.4,40.4,0.0,1.8,12.9,3.0
2019-06-24,90.16,Ideal,summer,90.16,Ideal,summer,90.16,Ideal,92.51,88.59,4.0,4.5,5.0,4.0,5.0,26.460839999999997,21.971519999999998,30.9,25.2,46.9,46.9,0.0,2.0,13.6,1.6
2019-06-25,89.89,Excellent,summer,89.89,Excellent,summer,89.89,Excellent,91.09,90.09,3.5,5.0,5.0,4.5,5.0,28.157919999999997,22.423840000000002,32.8,25.6,49.1,49.1,0.0,1.6,13.4,1.3
2019-06-26,88.38,Excellent,summer,88.38,Excellent,summer,88.38,Excellent,89.48,90.54,4.5,5.0,5.0,4.5,0.55,25.8028,22.5612,29.5,25.5,52.6,52.6,0.0,1.3,1.1,9.5
2019-06-27,83.73,Excellent,summer,83.73,Excellent,summer,83.73,Excellent,87.33,89.56,3.5,5.0,4.86,4.5,1.95,28.6984,23.671,31.2,25.5,70.5,70.5,1.4,1.4,3.9,8.3
2019-06-28,85.52,Excellent,summer,85.52,Excellent,summer,85.52,Excellent,85.88,89.29,4.0,5.0,5.0,4.0,1.2,26.5148,22.77724,29.0,24.7,67.3,67.3,0.0,1.7,2.4,8.5
2019-06-29,88.07,Excellent,summer,88.07,Excellent,summer,88.07,Excellent,85.77,88.43,4.5,4.5,4.85,4.5,2.05,25.717599999999997,21.6328,27.7,23.1,72.0,72.0,1.5,1.2,4.1,8.1
2019-06-30,87.93,Excellent,summer,87.93,Excellent,summer,87.93,Excellent,87.17,87.67,4.0,5.0,5.0,4.0,2.6,26.539,22.426599999999997,28.5,23.9,73.5,73.5,0.0,2.3,5.2,6.9
2019-07-01,90.16,Ideal,summer,90.16,Ideal,summer,90.16,Ideal,88.72,87.67,4.0,4.5,5.0,4.0,5.0,26.20864,21.92064,28.9,23.9,64.4,64.4,0.0,2.3,10.9,4.9
2019-07-02,92.06,Ideal,summer,92.06,Ideal,summer,92.06,Ideal,90.05,87.98,4.0,5.0,5.0,4.0,5.0,27.1654,22.2976,30.1,24.4,63.5,63.5,0.0,2.3,11.9,4.0
2019-07-03,89.37,Excellent,summer,89.37,Excellent,summer,89.37,Excellent,90.53,88.12,4.5,5.0,5.0,4.0,1.65,24.936159999999997,22.10344,27.4,24.1,64.6,64.6,0.0,1.7,3.3,6.4
2019-07-04,88.99,Excellent,summer,88.99,Excellent,summer,88.99,Excellent,90.14,88.87,3.5,5.0,5.0,4.0,5.0,29.115519999999997,22.91136,32.8,25.4,59.6,59.6,0.0,1.9,12.7,2.4
2019-07-05,89.89,Excellent,summer,89.89,Excellent,summer,89.89,Excellent,89.42,89.5,3.5,5.0,5.0,4.5,5.0,29.21,23.52384,35.0,27.6,42.1,42.1,0.0,1.5,11.8,3.8
2019-07-06,87.09,Excellent,summer,87.09,Excellent,summer,87.09,Excellent,88.66,89.36,3.5,4.5,5.0,4.0,5.0,29.92996,25.04292,36.1,29.7,40.9,40.9,0.0,1.7,11.8,3.4
2019-07-07,91.89,Ideal,summer,91.89,Ideal,summer,91.89,Ideal,89.62,89.92,4.0,5.0,5.0,4.0,4.9,27.397,22.91244,32.5,26.7,43.3,43.3,0.0,2.2,9.8,7.5
2019-07-08,89.56,Excellent,summer,89.56,Excellent,summer,89.56,Excellent,89.51,89.84,4.0,4.5,5.0,4.0,4.65,26.5144,21.87464,31.0,25.1,46.6,46.6,0.0,2.0,9.3,6.0
2019-07-09,91.25,Ideal,summer,91.25,Ideal,summer,91.25,Ideal,90.9,89.72,4.5,4.5,5.0,4.0,3.85,25.712,21.784,30.0,25.0,46.4,46.4,0.0,1.8,7.7,4.9
2019-07-10,81.74,Excellent,summer,81.74,Excellent,summer,81.74,Excellent,87.52,88.63,4.5,4.5,4.15,4.0,1.55,24.81572,20.876279999999998,27.3,22.7,64.1,64.1,8.5,2.0,3.1,8.4
2019-07-11,83.72,Excellent,summer,83.72,Excellent,summer,83.72,Excellent,85.57,87.88,4.5,4.5,4.71,4.5,0.04999999999999982,24.43084,20.80044,25.9,21.9,76.9,76.9,2.9,1.3,0.0,9.9
2019-07-12,87.58,Excellent,summer,87.58,Excellent,summer,87.58,Excellent,84.35,87.55,4.0,4.5,5.0,4.0,3.5,26.1194,21.723200000000002,28.7,23.6,65.5,65.5,0.0,2.0,7.0,6.8
2019-07-13,86.99,Excellent,summer,86.99,Excellent,summer,86.99,Excellent,86.1,87.53,4.0,5.0,5.0,4.0,2.05,27.12324,22.951079999999997,29.7,24.9,67.3,67.3,0.0,1.7,4.1,6.4
2019-07-14,88.0,Excellent,summer,88.0,Excellent,summer,88.0,Excellent,87.52,86.98,3.5,5.0,5.0,4.5,3.9,28.54144,23.648559999999996,31.6,25.9,64.6,64.6,0.0,1.6,7.8,4.5
2019-07-15,79.41,Very Good,summer,79.41,Very Good,summer,79.41,Very Good,84.8,85.53,4.0,5.0,4.23,4.5,0.05,26.008,22.696,27.4,23.8,80.0,80.0,7.7,1.1,0.1,7.5
2019-07-16,83.68,Excellent,summer,83.68,Excellent,summer,83.68,Excellent,83.7,84.45,4.0,5.0,4.37,4.5,2.0,27.2208,23.4652,28.8,24.7,79.0,79.0,6.3,1.3,4.0,7.3
2019-07-17,84.76,Excellent,summer,84.76,Excellent,summer,84.76,Excellent,82.62,84.88,4.0,5.0,4.93,4.5,0.5,27.195520000000002,23.97136,29.2,25.6,73.9,73.9,0.7,1.2,1.0,9.0
2019-07-18,82.14,Excellent,summer,82.14,Excellent,summer,82.14,Excellent,83.53,84.65,3.5,4.5,5.0,4.5,1.6,29.006,24.534,32.1,26.9,65.0,65.0,0.0,1.2,3.2,6.4
2019-07-19,84.75,Excellent,summer,84.75,Excellent,summer,84.75,Excellent,83.88,84.25,3.0,4.5,5.0,4.5,4.9,31.13,25.72072,35.0,28.6,61.3,61.3,0.0,1.5,9.8,4.6
2019-07-20,78.8,Very Good,summer,78.8,Very Good,summer,78.8,Very Good,81.9,83.08,3.5,4.5,4.89,4.0,0.6,29.000439999999998,25.6168,31.9,28.0,66.9,66.9,1.1,2.1,1.2,9.5
2019-07-21,78.02,Very Good,summer,78.02,Very Good,summer,78.02,Very Good,80.52,81.65,4.0,4.5,4.38,4.0,0.3,26.1228,24.32084,27.0,25.1,87.1,87.1,6.2,2.2,0.6,9.4
2019-07-22,83.67,Excellent,summer,83.67,Excellent,summer,83.67,Excellent,80.16,82.26,3.5,4.5,4.99,4.0,3.05,28.8664,25.00328,31.0,26.7,74.6,74.6,0.1,2.2,6.1,7.5
2019-07-23,78.86,Very Good,summer,78.86,Very Good,summer,78.86,Very Good,80.18,81.57,3.0,4.5,5.0,4.0,2.0,30.225279999999998,25.98592,32.9,28.1,70.8,70.8,0.0,1.7,4.0,8.6
2019-07-24,85.22,Excellent,summer,85.22,Excellent,summer,85.22,Excellent,82.58,81.64,4.5,4.5,4.9,4.5,0.20000000000000018,25.982239999999997,25.3318,27.2,26.5,82.3,82.3,1.0,1.6,0.0,9.6
2019-07-25,76.2,Very Good,summer,76.2,Very Good,summer,76.2,Very Good,80.09,80.79,4.0,4.5,4.03,4.5,0.04999999999999982,26.710959999999996,25.65452,27.4,26.3,90.1,90.1,9.7,1.2,0.0,9.9
2019-07-26,52.02,Acceptable,summer,52.02,Acceptable,summer,52.02,Acceptable,71.15,76.11,4.5,4.5,0.0,4.0,0.04999999999999982,25.60108,24.81612,25.9,25.1,95.3,95.3,60.0,1.7,0.0,9.9
2019-07-27,78.07,Very Good,summer,78.07,Very Good,summer,78.07,Very Good,68.76,76.01,3.0,4.0,4.94,4.5,2.35,31.20976,26.67776,33.4,28.4,76.6,76.6,0.6,1.3,4.7,7.6
2019-07-28,64.99,Good,summer,64.99,Good,summer,64.99,Good,65.03,74.15,4.0,4.5,2.44,4.0,0.09999999999999964,27.34824,25.34652,28.2,26.1,88.3,88.3,25.6,2.2,0.0,9.8
2019-07-29,82.57,Excellent,summer,82.57,Excellent,summer,82.57,Excellent,75.21,73.99,4.0,4.5,4.95,3.5,1.3,27.96,25.715,30.0,27.5,74.5,74.5,0.5,2.6,2.6,8.0
2019-07-30,76.28,Very Good,summer,76.28,Very Good,summer,76.28,Very Good,74.61,73.62,3.5,4.0,4.88,3.5,0.8,28.74496,26.31172,30.8,28.1,75.3,75.3,1.2,3.4,1.6,8.8
2019-07-31,49.03,Marginal,summer,49.03,Marginal,summer,49.03,Marginal,69.29,68.45,4.0,4.5,0.0,4.0,0.09999999999999964,26.877,25.23752,27.5,25.8,91.1,91.1,62.3,2.2,0.0,9.8
2019-08-01,65.11,Good,summer,65.11,Good,summer,65.11,Good,63.47,66.87,3.5,4.5,2.31,4.0,2.45,29.00656,25.41328,30.1,26.3,86.4,86.4,26.9,1.7,4.9,7.8
2019-08-02,81.56,Excellent,summer,81.56,Excellent,summer,81.56,Excellent,65.23,71.09,3.0,4.0,5.0,4.5,4.15,30.753040000000002,26.530559999999998,33.1,28.4,74.6,74.6,0.0,1.2,8.3,3.5
2019-08-03,77.99,Very Good,summer,77.99,Very Good,summer,77.99,Very Good,74.89,71.08,2.5,4.0,4.7,4.5,5.0,32.775999999999996,26.9944,36.0,29.4,69.0,69.0,3.0,1.3,10.6,3.6
2019-08-04,73.12,Very Good,summer,73.12,Very Good,summer,73.12,Very Good,77.56,72.24,2.5,4.0,4.14,4.5,4.3,32.04784,26.535880000000002,34.4,28.3,75.9,75.9,8.6,1.2,8.6,5.8
2019-08-05,79.95,Very Good,summer,79.95,Very Good,summer,79.95,Very Good,77.02,71.86,2.5,4.0,5.0,4.5,5.0,32.3258,27.671,35.9,30.5,65.5,65.5,0.0,1.1,11.2,2.5
2019-08-06,82.93,Excellent,summer,82.93,Excellent,summer,82.93,Excellent,78.67,72.81,3.0,4.0,5.0,4.5,4.95,31.590079999999997,27.40096,36.8,31.6,51.4,51.4,0.0,1.5,9.9,6.8
2019-08-07,75.79,Very Good,summer,75.79,Very Good,summer,75.79,Very Good,79.56,76.64,3.5,4.5,4.2,4.5,0.95,28.52172,25.419559999999997,30.3,26.9,78.1,78.1,8.0,1.2,1.9,8.0
2019-08-08,80.87,Excellent,summer,80.87,Excellent,summer,80.87,Excellent,79.86,78.89,3.0,4.0,5.0,4.5,3.75,30.103120000000004,26.73784,32.7,28.9,71.4,71.4,0.0,1.6,7.5,6.6
2019-08-09,83.02,Excellent,summer,83.02,Excellent,summer,83.02,Excellent,79.89,79.1,3.0,4.0,5.0,4.5,5.0,31.5496,27.3448,34.6,29.8,69.0,69.0,0.0,1.3,10.8,4.9
2019-08-10,79.95,Very Good,summer,79.95,Very Good,summer,79.95,Very Good,81.28,79.38,2.5,4.0,5.0,4.5,5.0,32.0374,27.8794,36.5,31.5,57.9,57.9,0.0,1.5,11.6,5.1
2019-08-11,77.57,Very Good,summer,77.57,Very Good,summer,77.57,Very Good,80.18,80.01,3.0,4.0,4.33,4.0,4.9,30.930080000000004,26.61376,35.7,30.4,53.6,53.6,6.7,2.5,9.8,6.8
2019-08-12,48.12,Marginal,summer,48.12,Marginal,summer,48.12,Marginal,68.55,75.46,4.0,4.0,0.0,4.5,0.15,27.8932,26.05552,28.5,26.6,91.8,91.8,56.2,1.3,0.3,8.9
2019-08-13,73.44,Very Good,summer,73.44,Very Good,summer,73.44,Very Good,66.38,74.11,2.5,4.0,4.36,4.5,3.65,32.96228,27.425919999999998,35.3,29.2,76.9,76.9,6.4,1.5,7.3,7.4
2019-08-14,82.33,Excellent,summer,82.33,Excellent,summer,82.33,Excellent,67.96,75.04,3.0,4.0,5.0,4.5,4.6,31.988920000000004,27.45424,35.7,30.4,63.9,63.9,0.0,1.5,9.2,4.0
2019-08-15,71.95,Very Good,summer,71.95,Very Good,summer,71.95,Very Good,75.91,73.77,4.0,4.5,3.38,4.5,0.05,27.2608,24.7552,28.6,25.9,82.0,82.0,16.2,1.3,0.1,9.1
2019-08-16,87.94,Excellent,summer,87.94,Excellent,summer,87.94,Excellent,80.74,74.47,4.0,4.5,4.99,4.0,3.75,27.511,24.2782,29.5,25.9,74.5,74.5,0.1,2.2,7.5,6.3
2019-08-17,90.43,Ideal,summer,90.43,Ideal,summer,90.43,Ideal,83.44,75.97,4.0,5.0,5.0,4.0,4.05,26.5064,23.960199999999997,28.8,25.9,69.5,69.5,0.0,2.5,8.1,5.0
2019-08-18,92.06,Ideal,summer,92.06,Ideal,summer,92.06,Ideal,90.14,78.04,4.0,5.0,5.0,4.0,5.0,27.9262,23.509600000000002,30.7,25.6,66.5,66.5,0.0,1.7,10.7,4.5
2019-08-19,92.96,Ideal,summer,92.96,Ideal,summer,92.96,Ideal,91.82,84.44,4.0,5.0,5.0,4.5,5.0,27.94312,23.73112,31.3,26.3,60.6,60.6,0.0,1.1,11.1,4.6
2019-08-20,87.99,Excellent,summer,87.99,Excellent,summer,87.99,Excellent,91.0,86.52,3.5,4.5,5.0,4.5,5.0,28.814559999999997,25.018639999999998,32.8,28.2,56.3,56.3,0.0,1.5,10.5,2.6
2019-08-21,84.36,Excellent,summer,84.36,Excellent,summer,84.36,Excellent,88.44,86.81,4.0,4.5,4.87,4.5,1.6,27.731679999999997,24.7764,30.4,27.0,67.3,67.3,1.3,1.2,3.2,7.6
2019-08-22,87.09,Excellent,summer,87.09,Excellent,summer,87.09,Excellent,86.48,88.98,3.5,4.5,5.0,4.0,5.0,28.5324,24.635399999999997,31.4,26.9,66.5,66.5,0.0,1.7,10.7,6.3
2019-08-23,92.06,Ideal,summer,92.06,Ideal,summer,92.06,Ideal,87.84,89.56,4.0,5.0,5.0,4.0,5.0,27.0888,23.50432,30.5,26.2,58.4,58.4,0.0,2.1,12.0,4.4
2019-08-24,88.11,Excellent,summer,88.11,Excellent,summer,88.11,Excellent,89.09,89.23,4.5,4.5,5.0,4.5,1.5,24.59428,21.89476,27.3,24.1,60.9,60.9,0.0,1.5,3.0,5.5
2019-08-25,92.87,Ideal,summer,92.87,Ideal,summer,92.87,Ideal,91.01,89.35,4.0,5.0,5.0,4.5,4.95,27.241359999999997,22.996,29.9,25.0,66.6,66.6,0.0,1.5,9.9,3.4
2019-08-26,87.3,Excellent,summer,87.3,Excellent,summer,87.3,Excellent,89.43,88.54,3.5,4.5,5.0,4.5,4.6,28.89992,24.02528,32.1,26.4,63.8,63.8,0.0,1.2,9.2,6.4
2019-08-27,76.1,Very Good,summer,76.1,Very Good,summer,76.1,Very Good,85.42,86.84,4.0,5.0,3.0,4.5,2.8,27.06892,23.88508,29.3,25.7,71.1,71.1,20.0,1.0,5.6,8.1
2019-08-28,86.99,Excellent,summer,86.99,Excellent,summer,86.99,Excellent,83.46,87.22,4.0,5.0,5.0,4.0,2.05,27.46896,23.923280000000002,30.2,26.1,66.2,66.2,0.0,1.9,,5.9
2019-08-29,66.61,Good,summer,66.61,Good,summer,66.61,Good,76.57,84.29,4.5,5.0,1.31,4.0,2.45,24.897759999999998,22.172559999999997,26.4,23.4,77.1,77.1,36.9,2.2,4.9,5.6
2019-08-30,92.07,Ideal,summer,92.07,Ideal,summer,92.07,Ideal,81.89,84.29,4.5,4.5,4.98,4.0,4.4,24.708399999999997,20.90152,27.0,22.6,66.3,66.3,0.2,2.4,8.8,5.3
2019-08-31,90.16,Ideal,summer,90.16,Ideal,summer,90.16,Ideal,82.95,84.59,4.0,4.5,5.0,4.0,5.0,26.253999999999998,21.61,28.9,23.5,65.0,65.0,0.0,1.9,12.1,2.3
2019-09-01,91.37,Ideal,autumn,91.46,Ideal,summer,91.46,Ideal,91.23,84.38,4.5,4.5,5.0,4.5,3.45,25.236800000000002,21.7272,27.8,23.7,64.0,64.0,0.0,1.4,6.9,6.1
2019-09-02,89.49,Excellent,autumn,88.82,Excellent,summer,88.82,Excellent,90.15,84.6,4.0,4.5,5.0,4.5,3.7,26.280079999999998,21.90016,29.7,24.4,56.6,56.6,0.0,1.6,7.4,6.1
2019-09-03,88.59,Excellent,autumn,89.02,Excellent,summer,89.02,Excellent,89.77,86.45,4.5,5.0,5.0,4.0,1.45,25.6672,22.272640000000003,28.0,24.1,67.6,67.6,0.0,2.3,2.9,8.5
2019-09-04,71.26,Very Good,autumn,72.63,Very Good,summer,72.63,Very Good,83.49,84.4,4.5,5.0,2.73,4.0,0.55,24.818,22.236800000000002,25.5,22.8,89.0,89.0,22.7,2.5,1.1,9.3
2019-09-05,59.88,Acceptable,autumn,60.94,Good,summer,60.94,Good,74.2,83.59,4.0,5.0,1.3600000000000003,4.0,0.75,26.99456,22.5528,27.6,23.0,91.4,91.4,36.4,2.0,1.5,9.0
2019-09-06,79.95,Very Good,autumn,80.33,Excellent,summer,80.33,Excellent,71.3,81.91,4.0,4.5,4.76,4.0,0.2,27.556720000000002,24.06376,29.1,25.3,79.8,79.8,2.4,2.1,0.4,10.0
2019-09-07,78.34,Very Good,autumn,78.93,Very Good,summer,78.93,Very Good,73.4,80.3,4.0,5.0,4.72,2.5,0.0,27.386200000000002,23.99812,29.5,25.7,72.9,72.9,2.8,6.0,0.0,10.0
2019-09-08,87.12,Excellent,autumn,87.73,Excellent,summer,87.73,Excellent,82.33,79.77,4.5,5.0,5.0,4.0,0.7,25.70148,23.34172,27.3,24.7,76.9,76.9,0.0,1.9,1.4,9.3
2019-09-09,85.34,Excellent,autumn,85.18,Excellent,summer,85.18,Excellent,83.95,79.25,4.0,5.0,5.0,4.0,1.0,26.1496,23.54772,28.0,25.1,74.3,74.3,0.0,1.7,2.0,9.3
2019-09-10,50.06,Acceptable,autumn,51.62,Acceptable,summer,51.62,Acceptable,74.84,73.91,4.0,5.0,0.0,4.0,0.5,26.0644,23.43568,26.5,23.8,93.4,93.4,63.2,2.4,1.0,9.8
2019-09-11,83.89,Excellent,autumn,83.52,Excellent,summer,83.52,Excellent,73.44,75.46,4.0,5.0,4.24,3.5,3.45,26.56072,22.664080000000002,28.7,24.3,71.4,71.4,7.6,3.1,6.9,7.9
2019-09-12,77.87,Very Good,autumn,79.45,Very Good,summer,79.45,Very Good,71.53,78.11,4.5,4.0,4.61,3.5,0.09999999999999964,21.470679999999998,19.7812,22.9,21.0,72.3,72.3,3.9,2.6,0.0,9.8
2019-09-13,90.93,Ideal,autumn,90.09,Ideal,summer,90.09,Ideal,84.35,79.5,4.0,4.5,4.99,4.0,5.0,26.24288,21.19328,29.3,23.3,60.4,60.4,0.1,1.7,10.9,4.3
2019-09-14,86.97,Excellent,autumn,88.58,Excellent,summer,88.58,Excellent,86.04,80.88,5.0,4.5,4.97,4.5,0.1,22.972,21.407999999999998,24.1,22.4,80.0,80.0,0.3,1.2,0.2,8.8
2019-09-15,93.18,Ideal,autumn,92.06,Ideal,summer,92.06,Ideal,90.24,81.5,4.0,5.0,5.0,4.0,5.0,27.632,22.51872,30.0,24.2,70.4,70.4,0.0,1.7,10.6,5.5
2019-09-16,90.41,Ideal,autumn,89.64,Excellent,summer,89.64,Excellent,90.09,82.14,4.0,4.5,5.0,4.0,4.7,26.646,21.774,30.5,24.5,53.0,53.0,0.0,2.1,9.4,3.6
2019-09-17,93.37,Ideal,autumn,93.23,Ideal,summer,93.23,Ideal,91.64,88.08,4.5,4.5,5.0,4.0,5.0,24.5616,20.3464,29.0,23.5,41.6,41.6,0.0,2.1,10.6,6.4
2019-09-18,92.52,Ideal,autumn,93.5,Ideal,summer,93.5,Ideal,92.12,89.51,5.0,4.0,5.0,3.5,5.0,22.0736,18.624,25.4,21.0,46.0,46.0,0.0,3.1,11.7,1.1
2019-09-19,91.38,Ideal,autumn,92.5,Ideal,summer,92.5,Ideal,93.08,91.37,5.0,3.5,5.0,4.0,5.0,22.576,17.467,26.0,19.5,46.5,46.5,0.0,1.9,10.2,3.5
2019-09-20,80.48,Excellent,autumn,81.95,Excellent,summer,81.95,Excellent,89.32,90.21,4.5,3.5,5.0,4.0,0.65,21.51904,17.78752,24.2,19.6,52.8,52.8,0.0,2.1,1.3,9.4
2019-09-21,81.78,Excellent,autumn,83.07,Excellent,summer,83.03,Excellent,85.84,89.42,4.5,4.0,5.0,4.0,0.20000000000000018,20.178520000000002,18.07552,22.1,19.6,60.3,60.3,0.0,2.0,0.0,9.6
2019-09-22,75.07,Very Good,autumn,76.21,Very Good,summer,76.13,Very Good,80.41,87.16,4.0,3.5,4.96,3.0,0.2999999999999998,18.194560000000003,17.340960000000003,19.6,18.6,63.4,63.4,0.4,3.8,0.0,9.4
2019-09-23,90.21,Ideal,autumn,90.47,Ideal,summer,90.44,Ideal,83.25,87.28,4.5,4.0,5.0,4.0,4.5,21.74424,18.044,24.6,20.0,51.1,51.1,0.0,2.2,9.0,3.1
2019-09-24,93.56,Ideal,autumn,94.4,Ideal,summer,94.28,Ideal,87.03,87.44,5.0,4.0,5.0,4.0,5.0,23.9458,18.28296,26.5,19.8,61.3,61.3,0.0,1.8,11.4,0.0
2019-09-25,91.05,Ideal,autumn,91.2,Ideal,summer,91.17,Ideal,92.02,87.11,4.5,4.0,5.0,4.5,4.4,24.92224,19.347839999999998,27.4,20.9,64.4,64.4,0.0,1.4,8.8,5.9
2019-09-26,91.51,Ideal,autumn,91.6,Ideal,summer,91.58,Ideal,92.4,86.99,4.5,4.5,5.0,4.0,4.05,25.9068,20.799879999999998,29.0,22.9,59.3,59.3,0.0,1.9,8.1,8.4
2019-09-27,87.0,Excellent,autumn,87.64,Excellent,summer,87.48,Excellent,90.15,87.8,4.5,4.5,5.0,4.0,1.75,24.11,20.706999999999997,27.0,22.9,57.5,57.5,0.0,1.9,3.5,8.6
2019-09-28,91.0,Ideal,autumn,90.16,Ideal,summer,90.4,Ideal,89.8,88.81,4.0,4.5,5.0,4.0,5.0,26.04352,21.44772,29.2,23.7,58.9,58.9,0.0,1.7,10.1,3.8
2019-09-29,93.37,Ideal,autumn,93.23,Ideal,summer,93.28,Ideal,90.34,91.24,4.5,4.5,5.0,4.0,5.0,25.66864,20.614240000000002,28.6,22.6,60.6,60.6,0.0,1.7,11.1,0.3
2019-09-30,92.04,Ideal,autumn,91.06,Ideal,summer,91.41,Ideal,91.48,91.33,4.0,4.5,5.0,4.5,5.0,26.7956,20.4656,29.9,22.4,61.0,61.0,0.0,1.6,10.5,0.0
2019-10-01,90.92,Ideal,autumn,91.08,Ideal,summer,91.02,Ideal,91.79,90.85,4.5,4.5,5.0,4.0,3.75,25.804879999999997,21.37604,28.2,23.1,67.1,67.1,0.0,1.8,7.5,6.8
2019-10-02,69.15,Good,autumn,71.78,Very Good,summer,70.65,Very Good,84.64,88.08,5.0,4.5,2.69,3.5,0.04999999999999982,23.5184,21.043200000000002,24.2,21.6,88.0,88.0,23.1,3.0,0.0,9.9
2019-10-03,85.25,Excellent,autumn,85.88,Excellent,summer,85.59,Excellent,82.91,87.26,4.5,4.5,4.54,3.5,3.0,25.45928,21.08064,27.3,22.4,73.4,73.4,4.6,2.8,6.0,6.3
2019-10-04,93.27,Ideal,autumn,93.27,Ideal,autumn,93.21,Ideal,83.64,88.07,4.5,4.5,5.0,4.0,4.95,25.7708,20.9864,27.8,22.4,71.5,71.5,0.0,2.1,9.9,3.6
2019-10-05,80.01,Excellent,autumn,80.01,Excellent,autumn,80.71,Excellent,86.39,86.62,4.5,3.5,4.94,3.5,1.15,20.59576,17.74648,21.9,18.7,72.6,72.6,0.6,2.9,2.3,7.0
2019-10-06,87.38,Excellent,autumn,87.38,Excellent,autumn,87.65,Excellent,86.89,85.78,4.5,3.5,5.0,3.5,4.7,20.33272,16.59016,22.7,18.1,53.4,53.4,0.0,2.9,9.4,6.1
2019-10-07,57.54,Acceptable,autumn,57.54,Acceptable,autumn,57.92,Acceptable,74.98,80.99,3.5,3.5,2.46,4.0,0.25,17.647199999999998,14.6464,17.9,14.8,92.0,92.0,25.4,1.8,0.0,9.5
2019-10-08,85.6,Excellent,autumn,85.6,Excellent,autumn,85.55,Excellent,76.84,80.21,4.0,3.5,5.0,3.5,5.0,18.18496,13.92544,19.8,14.7,58.8,58.8,0.0,2.6,10.3,2.6
2019-10-09,84.46,Excellent,autumn,84.46,Excellent,autumn,84.46,Excellent,75.87,82.02,4.0,3.0,5.0,4.0,5.0,18.24928,12.85552,20.4,13.6,48.3,48.3,0.0,1.7,10.6,1.9
2019-10-10,78.96,Very Good,autumn,78.96,Very Good,autumn,79.14,Very Good,83.01,81.03,4.0,3.5,5.0,4.5,0.55,18.26728,14.386719999999999,19.8,15.2,60.9,60.9,0.0,1.3,1.1,9.0
2019-10-11,91.38,Ideal,autumn,91.38,Ideal,autumn,91.66,Ideal,84.93,80.76,5.0,3.5,5.0,4.0,5.0,23.524,17.392,26.1,18.8,60.0,60.0,0.0,1.9,10.3,0.9
2019-10-12,86.93,Excellent,autumn,86.93,Excellent,autumn,87.08,Excellent,85.76,81.75,4.5,3.5,5.0,3.0,5.0,20.60276,16.29788,23.3,17.9,49.3,49.3,0.0,3.5,10.5,0.6
2019-10-13,89.01,Excellent,autumn,89.01,Excellent,autumn,89.08,Excellent,89.11,81.98,4.5,3.5,5.0,4.0,5.0,21.18352,15.83488,23.8,17.2,52.6,52.6,0.0,1.9,10.6,2.1
2019-10-14,84.27,Excellent,autumn,84.27,Excellent,autumn,84.13,Excellent,86.74,85.8,3.5,3.5,5.0,4.0,5.0,17.944960000000002,13.64144,19.6,14.4,56.9,56.9,0.0,2.5,10.1,1.9
2019-10-15,85.43,Excellent,autumn,85.43,Excellent,autumn,85.41,Excellent,86.24,85.78,4.0,3.5,5.0,4.5,3.85,18.55296,13.700800000000001,20.4,14.5,55.6,55.6,0.0,1.6,7.7,3.0
2019-10-16,87.48,Excellent,autumn,87.48,Excellent,autumn,87.46,Excellent,85.73,86.21,4.0,3.5,5.0,4.5,4.9,18.99856,13.83272,20.8,14.6,58.3,58.3,0.0,1.6,9.8,5.3
2019-10-17,84.09,Excellent,autumn,84.09,Excellent,autumn,84.09,Excellent,85.67,86.94,4.0,3.5,5.0,4.0,3.7,19.558400000000002,14.4496,21.6,15.4,56.0,56.0,0.0,1.7,7.4,4.8
2019-10-18,87.05,Excellent,autumn,87.05,Excellent,autumn,87.05,Excellent,86.21,86.32,4.5,3.5,5.0,4.0,4.0,20.58164,15.8324,22.7,17.0,58.3,58.3,0.0,2.4,8.0,7.1
2019-10-19,89.01,Excellent,autumn,89.01,Excellent,autumn,89.01,Excellent,86.72,86.62,4.5,3.5,5.0,4.0,5.0,21.203120000000002,15.9864,23.1,17.0,63.8,63.8,0.0,1.8,10.2,0.8
2019-10-20,89.36,Excellent,autumn,89.36,Excellent,autumn,89.36,Excellent,88.47,86.67,4.5,3.5,5.0,4.5,4.65,21.367479999999997,15.7278,22.9,16.5,70.3,70.3,0.0,1.3,9.3,0.6
2019-10-21,92.03,Ideal,autumn,92.03,Ideal,autumn,92.03,Ideal,90.13,87.78,5.0,3.5,5.0,4.5,4.8,22.322400000000002,15.992400000000002,24.6,17.1,61.0,61.0,0.0,1.0,9.6,2.1
2019-10-22,89.17,Excellent,autumn,89.17,Excellent,autumn,89.17,Excellent,90.19,88.31,4.5,3.5,5.0,4.5,4.55,21.87136,16.67764,24.4,18.1,56.1,56.1,0.0,1.6,9.1,4.4
2019-10-23,77.53,Very Good,autumn,77.53,Very Good,autumn,77.53,Very Good,86.24,86.89,4.0,3.5,5.0,4.0,0.35,18.872439999999997,15.8044,20.7,17.0,57.3,57.3,0.0,2.4,0.7,8.0
2019-10-24,84.64,Excellent,autumn,84.64,Excellent,autumn,84.64,Excellent,83.78,86.97,4.5,3.5,5.0,3.5,3.3,20.90752,16.56032,23.8,18.3,47.6,47.6,0.0,2.7,6.6,4.5
2019-10-25,83.8,Excellent,autumn,83.8,Excellent,autumn,83.8,Excellent,81.99,86.51,4.0,3.5,5.0,4.0,3.55,19.983999999999998,15.574399999999999,22.0,16.7,58.0,58.0,0.0,2.4,7.1,6.6
2019-10-26,80.82,Excellent,autumn,80.82,Excellent,autumn,80.82,Excellent,83.09,85.34,3.5,3.0,5.0,4.0,4.35,14.116,10.0,14.9,10.0,60.0,60.0,0.0,2.5,8.7,2.3
2019-10-27,82.93,Excellent,autumn,82.93,Excellent,autumn,82.93,Excellent,82.52,84.42,3.5,3.0,5.0,4.5,4.9,16.1864,10.836,17.4,11.0,59.0,59.0,0.0,1.6,9.8,0.9
2019-10-28,78.28,Very Good,autumn,78.28,Very Good,autumn,78.28,Very Good,80.68,82.45,3.5,3.0,4.83,4.0,3.65,16.64972,12.50444,17.7,12.9,65.9,65.9,1.7,2.5,7.3,5.6
2019-10-29,81.04,Excellent,autumn,81.04,Excellent,autumn,81.04,Excellent,80.75,81.29,3.5,3.0,4.99,4.0,4.5,16.4144,12.11,17.6,12.5,61.0,61.0,0.1,2.3,9.0,1.6
2019-10-30,82.74,Excellent,autumn,82.74,Excellent,autumn,82.74,Excellent,80.69,82.04,3.5,3.0,5.0,4.5,4.8,16.47724,11.00944,17.7,11.2,60.3,60.3,0.0,1.6,9.6,0.3
2019-10-31,84.68,Excellent,autumn,84.68,Excellent,autumn,84.68,Excellent,82.82,82.04,4.0,3.5,5.0,4.0,4.0,18.68344,14.29696,19.7,14.8,73.8,73.8,0.0,2.3,8.0,4.6
2019-11-01,86.15,Excellent,autumn,86.15,Excellent,autumn,86.15,Excellent,84.52,82.38,4.0,3.5,5.0,4.0,4.75,18.7318,14.07484,20.5,14.9,57.9,57.9,0.0,1.8,9.5,1.9
2019-11-02,76.56,Very Good,autumn,76.56,Very Good,autumn,76.56,Very Good,82.46,81.77,3.5,3.0,5.0,4.5,1.65,17.21404,12.98512,18.7,13.6,57.3,57.3,0.0,1.5,3.3,8.1
2019-11-03,86.85,Excellent,autumn,86.85,Excellent,autumn,86.85,Excellent,83.19,82.33,4.5,3.5,5.0,4.0,3.9,20.05752,13.90664,22.1,14.7,57.8,57.8,0.0,2.1,7.8,4.0
2019-11-04,86.35,Excellent,autumn,86.35,Excellent,autumn,86.35,Excellent,83.25,83.48,4.0,3.5,5.0,4.0,4.85,18.56136,13.158560000000001,20.3,13.8,57.8,57.8,0.0,2.1,9.7,0.0
2019-11-05,81.17,Excellent,autumn,81.17,Excellent,autumn,81.17,Excellent,84.79,83.5,3.5,3.0,5.0,4.5,4.0,17.227359999999997,12.064960000000001,18.4,12.4,65.1,65.1,0.0,1.6,8.0,1.4
2019-11-06,79.64,Very Good,autumn,79.64,Very Good,autumn,79.64,Very Good,82.39,83.06,3.5,3.0,5.0,4.0,3.75,15.5536,10.8544,16.5,11.0,63.6,63.6,0.0,1.8,7.5,5.0
2019-11-07,78.19,Very Good,autumn,78.19,Very Good,autumn,78.19,Very Good,79.67,82.13,3.0,3.0,5.0,3.5,4.75,12.77632,9.38304,13.6,9.2,42.8,42.8,0.0,2.7,9.5,1.6
2019-11-08,77.25,Very Good,autumn,77.25,Very Good,autumn,77.25,Very Good,78.36,80.86,3.0,2.5,5.0,4.0,4.85,12.1768,7.67808,13.0,6.8,31.4,31.4,0.0,1.9,9.7,0.0
2019-11-09,82.84,Excellent,autumn,82.84,Excellent,autumn,82.84,Excellent,79.43,81.76,3.5,3.0,5.0,4.5,4.85,15.512319999999999,9.6172,17.2,9.5,41.4,41.4,0.0,1.6,9.7,0.3
2019-11-10,67.43,Good,autumn,67.43,Good,autumn,67.43,Good,75.84,78.98,3.5,3.0,3.82,4.0,1.65,14.443520000000001,10.0,15.3,10.0,59.6,59.6,11.8,2.1,3.3,8.9
2019-11-11,78.59,Very Good,autumn,78.59,Very Good,autumn,78.59,Very Good,76.29,77.87,3.5,3.0,4.89,4.0,3.6,14.52064,11.06368,15.1,11.2,71.6,71.6,1.1,2.4,7.2,5.9
2019-11-12,78.92,Very Good,autumn,78.92,Very Good,autumn,78.92,Very Good,74.98,77.55,3.5,3.0,5.0,4.5,2.85,13.8448,9.40192,14.5,9.3,63.6,63.6,0.0,1.4,5.7,3.6
2019-11-13,63.03,Good,autumn,63.03,Good,autumn,63.03,Good,73.51,75.18,3.0,2.5,4.25,3.5,0.75,11.15596,7.5102400000000005,11.3,7.2,72.3,72.3,7.5,2.8,0.0,8.5
2019-11-14,71.66,Very Good,autumn,71.66,Very Good,autumn,71.66,Very Good,71.2,74.25,2.5,2.0,5.0,3.5,4.85,6.388,3.7151199999999998,5.0,1.3,30.6,30.6,0.0,2.9,9.7,1.0
2019-11-15,52.57,Acceptable,autumn,52.57,Acceptable,autumn,52.63,Acceptable,62.42,70.72,2.5,2.5,3.12,4.0,0.05,7.72096,5.821759999999999,7.6,5.6,87.4,87.4,18.8,2.0,0.1,8.1
2019-11-16,74.27,Very Good,autumn,74.27,Very Good,autumn,74.24,Very Good,66.17,69.5,3.0,2.5,5.0,4.5,2.8,12.49804,7.03936,12.7,6.8,81.3,81.3,0.0,1.6,5.6,5.5
2019-11-17,55.09,Acceptable,autumn,55.09,Acceptable,autumn,55.24,Acceptable,60.64,67.73,3.0,3.0,2.8899999999999997,3.5,0.34999999999999964,10.4588,8.44008,10.5,8.3,79.4,79.4,21.1,3.1,0.0,9.3
2019-11-18,63.42,Good,autumn,63.42,Good,autumn,63.28,Good,64.26,65.57,3.0,2.5,3.5300000000000002,3.0,4.0,12.265839999999999,5.468319999999999,12.7,4.6,59.8,59.8,14.7,3.9,8.0,7.1
2019-11-19,71.36,Very Good,autumn,71.36,Very Good,autumn,71.02,Very Good,63.29,64.49,2.5,2.0,5.0,3.5,4.7,5.248,2.2384000000000004,4.0,0.2,48.0,48.0,0.0,2.8,9.4,1.4
2019-11-20,72.4,Very Good,autumn,72.4,Very Good,autumn,72.08,Very Good,69.06,65.82,2.5,2.0,5.0,4.0,4.7,7.2546,2.951,6.3,0.5,35.5,35.5,0.0,1.8,9.4,0.0
2019-11-21,73.33,Very Good,autumn,73.33,Very Good,autumn,73.14,Very Good,72.36,66.06,3.0,2.5,5.0,4.0,2.85,9.2504,5.65232,9.0,4.2,37.4,37.4,0.0,1.9,5.7,6.1
2019-11-22,81.11,Excellent,autumn,81.11,Excellent,autumn,80.76,Excellent,75.61,70.14,3.5,3.0,5.0,4.0,4.5,15.375720000000001,9.779079999999999,17.3,9.7,34.1,34.1,0.0,2.1,9.0,1.4
2019-11-23,80.13,Excellent,autumn,80.13,Excellent,autumn,79.8,Very Good,78.19,70.98,3.5,3.0,5.0,4.0,4.0,16.2216,11.6968,17.7,12.1,52.0,52.0,0.0,1.8,8.0,6.1
2019-11-24,71.45,Very Good,autumn,71.45,Very Good,autumn,71.55,Very Good,77.56,73.31,3.5,3.0,4.62,4.0,0.9,15.031039999999999,9.82032,15.6,9.8,74.6,74.6,3.8,2.2,1.8,7.1
2019-11-25,67.83,Good,autumn,67.83,Good,autumn,67.32,Good,73.14,73.94,2.5,2.0,5.0,3.5,2.9,6.6064,3.12796,6.0,1.9,62.1,62.1,0.0,2.7,5.8,4.4
2019-11-26,77.85,Very Good,autumn,77.85,Very Good,autumn,77.32,Very Good,72.38,74.87,3.5,2.5,5.0,4.0,3.95,13.1672,7.0896,13.7,6.6,64.0,64.0,0.0,2.0,7.9,3.9
2019-11-27,72.46,Very Good,autumn,72.46,Very Good,autumn,71.76,Very Good,72.71,74.88,2.5,2.5,5.0,3.5,4.15,7.42976,4.45792,6.8,3.1,50.8,50.8,0.0,2.7,8.3,4.0
2019-11-28,76.56,Very Good,autumn,75.24,Very Good,winter,75.9,Very Good,75.18,75.15,3.0,2.5,5.0,4.0,4.5,10.32384,4.7376000000000005,10.4,3.5,52.4,52.4,0.0,2.0,9.0,1.8
2019-11-29,72.3,Very Good,autumn,70.82,Very Good,winter,71.51,Very Good,72.84,73.68,2.5,2.0,5.0,4.0,4.65,7.60928,3.4448000000000008,6.9,1.5,42.8,42.8,0.0,2.0,9.3,0.9
2019-11-30,72.93,Very Good,autumn,72.24,Very Good,winter,72.54,Very Good,72.77,72.56,3.0,2.5,5.0,4.0,2.65,9.46072,5.4546399999999995,9.3,4.1,42.6,42.6,0.0,1.7,5.3,6.0
2019-12-01,65.68,Good,winter,65.68,Good,winter,65.35,Good,69.58,71.73,2.5,2.5,4.67,4.5,0.34999999999999964,6.51312,5.04496,6.2,4.6,79.4,79.4,3.3,1.6,0.0,9.3
2019-12-02,68.96,Good,winter,68.96,Good,winter,69.61,Good,68.96,71.89,2.5,2.0,5.0,3.5,4.4,4.2976,2.0008,2.8,-0.1,48.0,48.0,0.0,3.1,8.8,2.4
2019-12-03,66.89,Good,winter,66.89,Good,winter,66.88,Good,67.18,70.33,2.5,2.0,4.94,4.5,1.55,5.09784,1.9706000000000001,4.2,0.5,61.3,61.3,0.6,1.6,3.1,6.3
2019-12-04,70.34,Very Good,winter,70.34,Very Good,winter,70.73,Very Good,68.73,70.02,2.5,2.0,5.0,4.0,4.35,7.85408,3.8688000000000002,7.2,2.0,41.6,41.6,0.0,1.8,8.7,1.0
2019-12-05,64.62,Good,winter,64.62,Good,winter,65.12,Good,67.28,68.51,2.0,1.5,5.0,3.5,4.6,2.57848,-0.47743999999999964,-0.2,-4.4,31.9,31.9,0.0,3.2,9.2,0.0
2019-12-06,66.16,Good,winter,66.16,Good,winter,66.5,Good,67.04,67.84,2.0,1.5,5.0,4.0,4.65,1.8820000000000006,-1.7342000000000004,-1.0,-5.9,34.5,34.5,0.0,1.7,9.3,0.6
2019-12-07,59.46,Acceptable,winter,59.46,Acceptable,winter,59.49,Acceptable,63.41,66.02,2.0,1.5,4.99,4.0,0.55,2.432,-0.6639999999999997,1.2,-2.4,65.0,65.0,0.1,1.7,1.1,6.6
2019-12-08,71.96,Very Good,winter,71.96,Very Good,winter,72.1,Very Good,65.86,66.91,2.5,2.0,5.0,4.5,4.45,5.611960000000001,0.6216400000000005,4.9,-0.9,65.1,65.1,0.0,1.4,8.9,1.1
2019-12-09,69.08,Good,winter,69.08,Good,winter,69.09,Good,66.83,66.93,3.0,2.5,5.0,4.0,0.7,8.3456,4.37504,8.0,3.2,56.8,56.8,0.0,2.5,1.4,7.9
2019-12-10,72.38,Very Good,winter,72.38,Very Good,winter,72.33,Very Good,71.14,67.71,3.0,3.0,4.83,4.5,1.0,10.743360000000001,8.23452,10.8,8.1,82.3,82.3,1.7,1.2,2.0,8.9
2019-12-11,70.58,Very Good,winter,70.58,Very Good,winter,70.62,Very Good,70.68,67.75,3.0,2.5,4.98,3.5,2.6,9.830400000000001,6.8624,9.8,6.3,62.0,62.0,0.2,3.4,5.2,5.9
2019-12-12,70.66,Very Good,winter,70.66,Very Good,winter,70.66,Very Good,71.21,68.61,2.5,2.0,5.0,4.0,4.55,4.84144,1.6368800000000003,3.4,-0.7,45.4,45.4,0.0,1.8,9.1,0.0
2019-12-13,65.43,Good,winter,65.43,Good,winter,65.43,Good,68.89,68.51,2.5,2.0,4.9,4.0,1.7,6.66096,3.56624,5.9,2.1,53.6,53.6,1.0,2.0,3.4,6.8
2019-12-14,70.01,Very Good,winter,70.01,Very Good,winter,70.01,Very Good,68.7,70.01,2.5,2.0,5.0,4.0,4.15,7.0004800000000005,3.9176400000000005,6.4,2.7,58.3,58.3,0.0,2.3,8.3,3.0
2019-12-15,73.86,Very Good,winter,73.86,Very Good,winter,73.86,Very Good,69.77,70.29,3.0,2.5,5.0,4.0,3.65,10.81,6.193,11.0,5.3,52.5,52.5,0.0,2.0,7.3,2.9
2019-12-16,75.69,Very Good,winter,75.69,Very Good,winter,75.69,Very Good,73.19,71.23,3.0,3.0,5.0,4.0,3.3,12.42324,8.16168,12.9,7.8,58.9,58.9,0.0,1.9,6.6,6.1
2019-12-17,63.07,Good,winter,63.07,Good,winter,63.07,Good,70.87,69.9,3.0,2.5,4.02,4.0,0.7000000000000002,10.18512,7.87112,10.2,7.7,81.4,81.4,9.8,2.3,0.0,8.6
2019-12-18,70.09,Very Good,winter,70.09,Very Good,winter,70.09,Very Good,69.62,69.83,2.5,2.0,5.0,4.0,4.2,5.8796800000000005,2.1027200000000006,5.2,0.8,64.6,64.6,0.0,2.5,8.4,3.5
2019-12-19,70.17,Very Good,winter,70.17,Very Good,winter,70.17,Very Good,67.78,69.76,2.5,2.0,5.0,4.0,4.25,4.54072,1.4550400000000001,3.1,-0.8,47.8,47.8,0.0,2.4,8.5,1.8
2019-12-20,68.23,Good,winter,68.23,Good,winter,68.23,Good,69.5,70.16,2.0,2.0,5.0,4.0,4.45,3.7504,1.3286800000000003,2.0,-1.1,45.3,45.3,0.0,2.3,8.9,1.4
2019-12-21,62.19,Good,winter,62.19,Good,winter,62.19,Good,66.86,69.04,2.0,2.0,4.94,4.0,0.95,2.5846,0.2291200000000002,1.5,-1.2,68.1,68.1,0.6,1.7,1.9,5.5
2019-12-22,71.98,Very Good,winter,71.98,Very Good,winter,71.98,Very Good,67.47,68.77,3.0,2.5,4.97,4.0,2.6,8.63424,4.96376,8.4,4.1,63.4,63.4,0.3,1.7,5.2,7.8
2019-12-23,63.45,Good,winter,63.45,Good,winter,63.45,Good,65.87,67.03,2.5,2.0,4.71,4.0,1.2,5.57632,3.91744,5.2,3.4,80.4,80.4,2.9,2.0,2.4,6.1
2019-12-24,71.23,Very Good,winter,71.23,Very Good,winter,71.23,Very Good,68.89,68.19,2.5,2.0,5.0,4.5,4.0,6.9494,1.9812799999999997,6.5,0.8,67.9,67.9,0.0,1.4,8.0,0.8
2019-12-25,67.42,Good,winter,67.42,Good,winter,67.42,Good,67.37,67.81,2.5,2.0,5.0,4.5,1.65,7.13312,3.2544000000000004,6.6,2.0,60.8,60.8,0.0,1.0,3.3,5.9
2019-12-26,64.16,Good,winter,64.16,Good,winter,64.16,Good,67.6,66.95,2.5,2.0,4.97,4.0,0.65,5.0676,3.3120000000000003,4.1,2.0,59.0,59.0,0.3,2.4,1.3,5.4
2019-12-27,70.58,Very Good,winter,70.58,Very Good,winter,70.58,Very Good,67.39,67.29,2.5,2.0,5.0,4.0,4.5,4.21616,0.8552800000000003,2.6,-1.7,45.4,45.4,0.0,2.1,9.0,0.0
2019-12-28,67.99,Good,winter,67.99,Good,winter,67.99,Good,67.58,68.12,2.5,2.0,5.0,4.0,2.9,6.91744,2.9654400000000005,6.1,1.1,47.6,47.6,0.0,2.0,5.8,3.5
2019-12-29,64.17,Good,winter,64.17,Good,winter,64.17,Good,67.58,67.0,2.5,2.5,4.86,3.5,0.5,6.922000000000001,4.978,6.2,3.8,52.5,52.5,1.4,2.9,0.0,9.0
2019-12-30,63.61,Good,winter,63.61,Good,winter,63.61,Good,65.26,67.02,2.5,2.0,4.96,3.5,1.25,7.18016,3.5672400000000004,6.8,2.7,70.3,70.3,0.4,2.9,0.0,7.5
2019-12-31,62.27,Good,winter,62.27,Good,winter,62.27,Good,63.35,65.74,1.5,1.5,5.0,3.5,4.55,-0.9793999999999996,-3.5538800000000004,-4.5,-7.9,39.3,39.3,0.0,3.1,9.1,1.3
2020-01-01,62.14,Good,winter,62.14,Good,winter,62.14,Good,62.67,64.99,2.0,1.5,4.99,5.0,0.4,1.6812799999999999,-0.46272000000000024,0.3,-2.2,64.4,64.4,0.1,0.6,0.8,8.9
2020-01-02,66.45,Good,winter,66.45,Good,winter,66.45,Good,63.62,65.32,2.5,2.0,5.0,4.5,1.0499999999999998,4.65808,2.2456,3.8,1.0,65.4,65.4,0.0,1.2,0.0,7.9
2020-01-03,70.42,Very Good,winter,70.42,Very Good,winter,70.42,Very Good,66.34,65.29,2.5,2.0,5.0,4.0,4.4,5.530959999999999,1.64124,4.6,-0.1,56.9,56.9,0.0,1.7,8.8,0.0
2020-01-04,69.69,Good,winter,69.69,Good,winter,69.69,Good,68.85,65.54,2.5,2.0,5.0,4.0,3.95,6.86752,2.9318400000000002,6.1,1.2,50.8,50.8,0.0,1.9,7.9,2.1
2020-01-05,70.5,Very Good,winter,70.5,Very Good,winter,70.5,Very Good,70.2,66.44,2.5,2.0,5.0,4.5,3.55,7.33984,3.1931200000000004,6.6,1.3,45.6,45.6,0.0,1.1,7.1,3.9
2020-01-06,63.28,Good,winter,63.28,Good,winter,63.28,Good,67.82,66.39,2.5,2.5,4.82,3.5,0.09999999999999964,5.34736,4.05496,4.6,3.1,65.4,65.4,1.8,3.1,0.0,9.8
2020-01-07,34.33,Unfavorable,winter,34.33,Unfavorable,winter,34.33,Unfavorable,56.04,62.4,2.5,2.5,0.3700000000000001,3.0,0.0,7.746,6.374,7.7,6.3,95.0,95.0,46.3,4.0,0.0,10.0
2020-01-08,57.3,Acceptable,winter,57.3,Acceptable,winter,57.3,Acceptable,51.64,61.71,3.0,2.0,3.84,3.5,0.20000000000000018,8.96116,2.82256,8.9,2.4,86.1,86.1,11.6,3.3,0.0,9.6
2020-01-09,68.07,Good,winter,68.07,Good,winter,68.07,Good,53.23,61.94,2.0,2.0,5.0,4.0,4.35,3.1104000000000003,0.35455999999999976,2.0,-1.2,65.3,65.3,0.0,2.3,8.7,1.6
2020-01-10,70.83,Very Good,winter,70.83,Very Good,winter,70.83,Very Good,65.4,62.0,2.5,2.0,5.0,4.5,3.75,5.06072,0.97304,4.2,-0.6,62.9,62.9,0.0,1.5,7.5,3.1
2020-01-11,69.85,Good,winter,69.85,Good,winter,69.85,Good,69.58,62.02,2.5,2.0,5.0,4.0,4.05,4.8540399999999995,1.47964,3.9,-0.1,60.9,60.9,0.0,1.9,8.1,3.6
2020-01-12,67.99,Good,winter,67.99,Good,winter,67.99,Good,69.56,61.66,2.0,2.0,5.0,4.0,4.3,3.9088000000000003,0.6940000000000002,2.8,-1.0,61.5,61.5,0.0,2.4,8.6,3.6
2020-01-13,65.19,Good,winter,65.19,Good,winter,65.19,Good,67.68,61.94,2.0,1.5,5.0,4.0,4.05,2.1208,-0.37159999999999993,0.2,-2.9,51.0,51.0,0.0,2.3,8.1,1.4
2020-01-14,71.64,Very Good,winter,71.64,Very Good,winter,71.64,Very Good,68.27,67.27,2.5,2.0,5.0,4.5,4.25,4.21912,0.3912400000000007,2.6,-2.3,45.3,45.3,0.0,1.6,8.5,1.0
2020-01-15,68.47,Good,winter,68.47,Good,winter,68.47,Good,68.43,68.86,2.0,2.0,5.0,4.0,4.6,3.9222400000000004,0.10416000000000025,2.2,-2.7,44.8,44.8,0.0,1.9,9.2,0.1
2020-01-16,71.47,Very Good,winter,71.47,Very Good,winter,71.47,Very Good,70.53,69.35,2.5,2.0,5.0,4.5,4.15,4.750400000000001,0.9676000000000002,3.2,-1.7,43.0,43.0,0.0,1.6,8.3,5.0
2020-01-17,70.91,Very Good,winter,70.91,Very Good,winter,70.91,Very Good,70.28,69.36,2.5,2.0,5.0,4.5,3.8,6.04444,1.7786399999999998,4.9,-0.6,43.9,43.9,0.0,1.5,7.6,4.8
2020-01-18,70.66,Very Good,winter,70.66,Very Good,winter,70.66,Very Good,71.01,69.48,2.5,2.0,5.0,4.0,4.55,6.7511600000000005,2.3137199999999996,5.9,0.3,48.1,48.1,0.0,1.8,9.1,2.1
2020-01-19,66.81,Good,winter,66.81,Good,winter,66.81,Good,69.46,69.31,2.5,2.0,4.94,4.0,2.4,5.99936,3.10528,5.3,1.9,62.8,62.8,0.6,2.2,4.8,4.8
2020-01-20,70.34,Very Good,winter,70.34,Very Good,winter,70.34,Very Good,69.27,70.04,2.5,2.0,5.0,4.0,4.35,6.4576,2.6790400000000005,5.5,0.7,46.8,46.8,0.0,2.5,8.7,2.3
2020-01-21,72.2,Very Good,winter,72.2,Very Good,winter,72.2,Very Good,69.78,70.12,2.5,2.0,5.0,4.5,4.6,6.6358,2.2249600000000003,5.5,-0.4,36.9,36.9,0.0,1.4,9.2,2.9
2020-01-22,70.95,Very Good,winter,70.95,Very Good,winter,70.95,Very Good,71.16,70.48,3.0,2.5,5.0,4.0,1.85,8.363199999999999,4.792,7.8,3.0,36.0,36.0,0.0,1.7,3.7,7.8
2020-01-23,75.08,Very Good,winter,75.08,Very Good,winter,75.08,Very Good,72.74,70.99,3.0,2.5,5.0,4.0,4.4,9.92028,5.695119999999999,9.9,4.6,49.3,49.3,0.0,2.0,8.8,3.4
2020-01-24,70.42,Very Good,winter,70.42,Very Good,winter,70.42,Very Good,72.15,70.92,2.5,2.0,5.0,4.0,4.4,7.784800000000001,3.8655999999999997,7.4,2.8,63.0,63.0,0.0,1.7,8.8,3.0
2020-01-25,72.33,Very Good,winter,72.33,Very Good,winter,72.33,Very Good,72.61,71.16,3.0,2.5,5.0,4.5,1.8,8.977120000000001,5.14132,8.8,4.3,63.1,63.1,0.0,1.5,3.6,7.4
2020-01-26,72.4,Very Good,winter,72.4,Very Good,winter,72.4,Very Good,71.72,71.96,3.0,2.5,5.0,3.5,3.65,11.56788,6.2866,11.9,5.5,56.3,56.3,0.0,2.7,7.3,5.8
2020-01-27,65.37,Good,winter,65.37,Good,winter,65.37,Good,70.03,71.25,3.0,2.5,4.99,3.0,0.25,8.019,6.7511600000000005,7.5,5.9,48.1,48.1,0.1,4.6,0.0,9.5
2020-01-28,68.68,Good,winter,68.68,Good,winter,68.68,Good,68.82,70.75,3.0,2.5,5.0,3.5,1.35,9.92024,7.44768,9.9,6.8,49.4,49.4,0.0,2.6,0.0,7.3
2020-01-29,70.46,Very Good,winter,70.46,Very Good,winter,70.46,Very Good,68.17,70.68,3.0,2.5,5.0,4.0,1.55,9.68576,6.8576,9.6,6.0,46.4,46.4,0.0,2.1,3.1,6.6
2020-01-30,72.4,Very Good,winter,72.4,Very Good,winter,72.4,Very Good,70.51,70.29,3.0,2.5,5.0,4.0,2.75,10.3152,6.2176,10.4,5.2,47.0,47.0,0.0,1.8,5.5,4.0
2020-01-31,72.89,Very Good,winter,72.89,Very Good,winter,72.89,Very Good,71.92,70.65,3.0,2.5,5.0,4.0,3.05,9.07776,4.88576,8.9,3.9,59.6,59.6,0.0,2.3,6.1,4.8
2020-02-01,67.58,Good,winter,67.58,Good,winter,67.58,Good,70.96,69.97,2.5,2.0,5.0,4.0,2.65,7.92064,3.5886400000000007,7.6,2.6,66.6,66.6,0.0,1.7,5.3,3.4
2020-02-02,67.18,Good,winter,67.18,Good,winter,67.18,Good,69.22,69.22,2.5,2.0,5.0,4.0,2.4,6.196759999999999,3.1218000000000004,5.3,1.5,52.3,52.3,0.0,1.8,4.8,6.1
2020-02-03,69.61,Good,winter,69.61,Good,winter,69.61,Good,68.12,69.83,2.5,2.0,5.0,3.5,4.8,4.5792,1.9462400000000004,3.0,-0.4,43.6,43.6,0.0,3.1,9.6,1.5
2020-02-04,65.97,Good,winter,65.97,Good,winter,65.97,Good,67.59,69.44,2.5,2.0,4.83,3.5,3.2,5.11268,0.7060799999999996,3.9,-1.6,50.3,50.3,1.7,2.8,6.4,3.9
2020-02-05,62.76,Good,winter,62.76,Good,winter,62.76,Good,66.11,68.34,1.5,1.5,5.0,3.5,4.85,-1.16308,-3.7103600000000005,-4.9,-8.3,37.3,37.3,0.0,3.3,9.7,0.0
2020-02-06,66.49,Good,winter,66.49,Good,winter,66.49,Good,65.07,67.5,2.0,1.5,5.0,4.0,4.85,2.84224,-2.2278400000000005,0.4,-6.4,36.4,36.4,0.0,1.9,9.7,0.9
2020-02-07,65.96,Good,winter,65.96,Good,winter,65.96,Good,65.07,66.51,2.0,2.0,5.0,4.0,3.05,3.9128800000000004,0.8693199999999994,2.2,-1.7,45.1,45.1,0.0,2.0,6.1,8.9
2020-02-08,69.61,Good,winter,69.61,Good,winter,69.61,Good,67.35,66.8,2.5,2.0,5.0,3.5,4.8,5.00788,1.9967599999999996,3.7,-0.1,48.1,48.1,0.0,3.0,9.6,2.5
2020-02-09,71.07,Very Good,winter,71.07,Very Good,winter,71.07,Very Good,68.88,67.35,2.5,2.0,5.0,4.0,4.8,5.25404,1.5537999999999998,4.1,-0.5,51.1,51.1,0.0,2.0,9.6,2.8
2020-02-10,75.81,Very Good,winter,75.81,Very Good,winter,75.81,Very Good,72.16,68.24,3.0,2.5,5.0,4.0,4.85,9.680959999999999,5.2144,9.6,4.0,49.4,49.4,0.0,1.7,9.7,1.1
2020-02-11,77.84,Very Good,winter,77.84,Very Good,winter,77.84,Very Good,74.91,69.93,3.5,2.5,5.0,4.5,3.8,13.4408,7.6064,14.6,6.8,37.0,37.0,0.0,1.6,7.6,2.3
2020-02-12,63.92,Good,winter,63.92,Good,winter,63.92,Good,72.52,70.1,3.0,2.5,4.33,4.0,0.04999999999999982,8.39152,7.67664,8.2,7.4,73.4,73.4,6.7,2.2,0.0,9.9
2020-02-13,69.0,Good,winter,69.0,Good,winter,69.0,Good,70.25,70.46,3.0,2.5,5.0,4.0,0.65,8.77904,6.7128,8.7,6.5,84.8,84.8,0.0,1.7,1.3,9.1
2020-02-14,81.12,Excellent,winter,81.12,Excellent,winter,81.12,Excellent,71.35,72.62,3.5,3.0,5.0,4.5,4.35,14.141639999999999,8.32572,14.7,8.1,70.3,70.3,0.0,1.2,8.7,2.1
2020-02-15,73.97,Very Good,winter,73.97,Very Good,winter,73.97,Very Good,74.7,73.25,3.5,3.0,4.8,3.5,2.5,14.7712,9.829600000000001,15.6,9.8,63.0,63.0,2.0,2.7,5.0,5.8
2020-02-16,51.05,Acceptable,winter,51.05,Acceptable,winter,51.05,Acceptable,68.71,70.39,2.5,1.5,3.66,3.0,0.8,7.87388,-0.5381599999999995,7.7,-1.4,81.1,81.1,13.4,4.0,1.6,8.9
2020-02-17,56.88,Acceptable,winter,56.88,Acceptable,winter,56.88,Acceptable,60.63,67.68,1.5,1.5,4.9,3.5,1.6,-1.91508,-3.6294800000000005,-3.9,-5.9,64.3,64.3,1.0,3.4,3.2,6.5
2020-02-18,66.73,Good,winter,66.73,Good,winter,66.73,Good,58.22,66.1,2.0,1.5,5.0,4.0,5.0,3.2488,-0.9415999999999989,1.3,-4.1,44.0,44.0,0.0,2.3,10.1,0.0
2020-02-19,70.74,Very Good,winter,70.74,Very Good,winter,70.74,Very Good,64.78,67.07,2.5,2.0,5.0,4.5,3.7,7.022080000000001,2.5552,6.4,1.0,56.8,56.8,0.0,1.5,7.4,6.0
2020-02-20,75.56,Very Good,winter,75.56,Very Good,winter,75.61,Very Good,71.01,68.01,3.0,2.5,5.0,4.0,4.7,10.68032,5.407839999999999,10.8,4.6,62.6,62.6,0.0,1.7,9.4,2.5
2020-02-21,66.26,Good,winter,66.26,Good,winter,66.15,Good,70.85,65.88,3.0,2.5,4.58,4.0,0.55,10.77868,7.14484,10.9,6.7,66.3,66.3,4.2,2.2,1.1,9.3
2020-02-22,67.91,Good,winter,67.91,Good,winter,67.94,Good,69.91,65.02,3.0,2.5,4.69,3.0,2.95,8.2192,4.912,7.9,4.0,62.0,62.0,3.1,4.0,5.9,5.9
2020-02-23,76.05,Very Good,winter,76.05,Very Good,winter,76.24,Very Good,70.07,68.59,3.0,2.5,5.0,4.0,5.0,8.411200000000001,4.042,8.0,2.5,48.6,48.6,0.0,2.0,10.2,0.9
2020-02-24,75.65,Very Good,winter,75.65,Very Good,winter,75.73,Very Good,73.2,71.27,3.0,2.5,5.0,4.5,3.85,11.775839999999999,7.5784,12.2,7.0,51.8,51.8,0.0,1.6,7.7,7.0
2020-02-25,55.32,Acceptable,winter,55.32,Acceptable,winter,55.04,Acceptable,69.01,69.64,3.0,2.5,3.34,3.0,0.3,9.4636,7.0498,9.4,6.7,73.5,73.5,16.6,4.2,0.6,7.5
2020-02-26,71.84,Very Good,winter,71.84,Very Good,winter,71.75,Very Good,67.6,69.8,3.0,2.5,5.0,4.0,2.4,10.33536,6.98176,10.4,6.4,59.6,59.6,0.0,2.1,4.8,5.3
2020-02-27,76.05,Very Good,winter,76.05,Very Good,winter,76.44,Very Good,67.74,69.87,3.0,2.5,5.0,4.0,5.0,12.04,6.8176,12.5,6.1,54.0,54.0,0.0,2.0,10.4,2.6
2020-02-28,64.91,Good,winter,64.91,Good,winter,64.16,Good,70.93,69.68,2.5,2.5,4.61,4.5,0.09999999999999964,6.23784,4.9532,5.9,4.5,79.4,79.4,3.9,1.4,0.0,9.8
2020-02-29,75.34,Very Good,winter,75.34,Very Good,winter,75.77,Very Good,72.1,70.74,3.0,2.5,4.95,4.0,4.75,12.6232,7.98888,13.0,7.7,68.6,68.6,0.5,1.7,9.5,3.0
2020-03-01,66.12,Good,spring,67.99,Good,winter,67.25,Good,69.41,69.59,3.0,2.5,4.98,4.0,0.1,10.08872,6.27376,10.1,5.8,71.8,71.8,0.2,2.0,0.2,8.1
2020-03-02,76.1,Very Good,spring,74.59,Very Good,winter,75.24,Very Good,72.64,69.43,3.0,2.5,5.0,3.5,5.0,8.029119999999999,4.580080000000001,7.6,3.4,55.3,55.3,0.0,2.7,10.0,1.6
2020-03-03,69.37,Good,spring,69.81,Good,winter,69.61,Good,70.8,71.5,3.0,2.5,5.0,3.5,2.05,10.414,5.6944,10.5,4.8,57.0,57.0,0.0,2.6,4.1,6.5
2020-03-04,66.4,Good,spring,66.4,Good,spring,66.06,Good,70.27,70.73,2.5,2.0,5.0,3.0,3.3,5.60656,3.6539200000000003,4.6,2.2,53.4,53.4,0.0,3.7,6.6,5.1
2020-03-05,72.9,Very Good,spring,72.9,Very Good,spring,72.2,Very Good,69.7,70.28,2.5,2.0,5.0,4.0,5.0,7.077,3.206,6.3,1.4,47.5,47.5,0.0,2.5,10.9,0.0
2020-03-06,78.72,Very Good,spring,78.72,Very Good,spring,78.2,Very Good,72.67,72.25,3.0,2.5,5.0,4.5,5.0,10.07872,5.04064,10.1,3.7,46.8,46.8,0.0,1.6,10.6,2.5
2020-03-07,75.32,Very Good,spring,75.32,Very Good,spring,75.19,Very Good,75.65,72.25,3.5,2.5,5.0,4.0,2.95,13.1836,7.726,14.2,7.0,39.5,39.5,0.0,2.0,5.9,5.4
2020-03-08,83.23,Excellent,spring,83.23,Excellent,spring,82.85,Excellent,79.09,74.42,3.5,3.0,5.0,4.5,5.0,15.348879999999998,9.457360000000001,16.9,9.3,43.8,43.8,0.0,1.6,10.7,0.3
2020-03-09,78.61,Very Good,spring,78.61,Very Good,spring,78.53,Very Good,79.05,75.0,3.5,3.0,5.0,4.0,3.55,15.703040000000001,10.82544,17.6,11.1,37.6,37.6,0.0,1.8,7.1,6.5
2020-03-10,60.38,Good,spring,60.38,Good,spring,60.63,Good,74.07,73.65,3.0,2.5,3.82,3.5,1.25,10.73088,6.711040000000001,10.8,6.4,78.4,78.4,11.8,2.8,0.0,7.5
2020-03-11,76.1,Very Good,spring,76.1,Very Good,spring,75.72,Very Good,71.7,75.04,3.0,2.5,5.0,3.5,5.0,8.69576,5.24336,8.3,3.8,41.8,41.8,0.0,3.3,11.2,0.0
2020-03-12,75.24,Very Good,spring,75.24,Very Good,spring,75.09,Very Good,70.57,75.37,3.0,2.5,5.0,4.0,4.05,12.637360000000001,7.44256,13.3,6.8,49.8,49.8,0.0,2.5,8.1,4.0
2020-03-13,75.45,Very Good,spring,75.45,Very Good,spring,75.2,Very Good,75.6,74.9,3.0,2.5,4.95,3.5,4.85,9.0068,6.1036,8.7,4.9,41.0,41.0,0.5,3.3,9.7,6.6
2020-03-14,76.1,Very Good,spring,76.1,Very Good,spring,75.88,Very Good,75.6,75.02,3.0,2.5,5.0,3.5,5.0,8.89064,4.92864,8.6,3.6,48.1,48.1,0.0,3.0,10.0,2.1
2020-03-15,73.08,Very Good,spring,73.08,Very Good,spring,72.96,Very Good,74.88,73.57,3.0,2.5,5.0,3.0,4.25,8.8102,5.2408,8.5,4.0,48.3,48.3,0.0,3.6,8.5,3.1
2020-03-16,76.1,Very Good,spring,76.1,Very Good,spring,75.99,Very Good,75.09,73.21,3.0,2.5,5.0,3.5,5.0,9.30736,5.074560000000001,9.1,3.6,42.4,42.4,0.0,2.8,11.3,1.0
2020-03-17,70.8,Very Good,spring,70.8,Very Good,spring,70.82,Very Good,73.33,74.7,3.0,2.5,5.0,4.0,2.1,11.98536,7.06512,12.3,6.6,65.8,65.8,0.0,2.1,4.2,4.8
2020-03-18,81.92,Excellent,spring,81.92,Excellent,spring,81.92,Excellent,76.27,75.53,3.5,3.0,5.0,4.0,5.0,15.4824,10.0,17.0,10.0,45.8,45.8,0.0,1.8,11.1,0.0
2020-03-19,74.1,Very Good,spring,74.1,Very Good,spring,74.1,Very Good,75.61,75.36,3.0,3.0,5.0,3.0,3.85,11.6716,9.2836,12.1,9.1,49.0,49.0,0.0,4.8,7.7,3.4
2020-03-20,80.61,Excellent,spring,80.61,Excellent,spring,80.61,Excellent,78.88,76.1,3.5,3.0,5.0,3.5,5.0,13.0336,9.089920000000001,14.0,8.8,39.6,39.6,0.0,3.1,11.0,0.4
2020-03-21,77.47,Very Good,spring,77.47,Very Good,spring,77.47,Very Good,77.39,76.3,3.5,3.0,5.0,4.0,3.05,17.847,12.312800000000001,19.5,12.8,56.5,56.5,0.0,2.0,6.1,6.9
2020-03-22,80.61,Excellent,spring,80.61,Excellent,spring,80.61,Excellent,79.56,77.37,3.5,3.0,5.0,3.5,5.0,14.875,10.75,16.5,11.0,37.5,37.5,0.0,3.0,11.6,0.1
2020-03-23,81.92,Excellent,spring,81.92,Excellent,spring,81.92,Excellent,80.0,78.2,3.5,3.0,5.0,4.0,5.0,15.2612,10.45096,17.0,10.6,37.9,37.9,0.0,1.9,11.5,0.0
2020-03-24,81.92,Excellent,spring,81.92,Excellent,spring,81.92,Excellent,81.48,79.79,3.5,3.0,5.0,4.0,5.0,15.845999999999998,11.036,17.9,11.4,35.0,35.0,0.0,1.8,11.5,0.0
2020-03-25,81.01,Excellent,spring,81.01,Excellent,spring,81.01,Excellent,81.62,79.66,3.5,3.0,5.0,4.0,4.6,16.75648,11.836,19.2,12.5,33.6,33.6,0.0,1.9,9.2,4.0
2020-03-26,78.84,Very Good,spring,78.84,Very Good,spring,78.84,Very Good,80.59,80.34,4.0,3.5,4.82,4.0,2.15,18.64112,13.91296,20.6,14.8,53.8,53.8,1.8,1.9,4.3,6.9
2020-03-27,76.43,Very Good,spring,76.43,Very Good,spring,76.43,Very Good,78.76,79.74,3.5,3.0,4.8,3.5,3.7,14.78848,11.56864,15.8,11.9,56.4,56.4,2.0,3.3,7.4,5.1
2020-03-28,77.0,Very Good,spring,77.0,Very Good,spring,77.0,Very Good,77.42,79.68,3.0,3.0,5.0,3.5,4.55,11.88048,8.45532,12.8,7.7,17.9,17.9,0.0,3.2,9.1,5.1
2020-03-29,81.92,Excellent,spring,81.92,Excellent,spring,81.92,Excellent,78.45,79.86,3.5,3.0,5.0,4.0,5.0,14.406640000000001,9.06088,16.1,8.7,30.6,30.6,0.0,2.0,11.6,1.5
2020-03-30,81.92,Excellent,spring,81.92,Excellent,spring,81.92,Excellent,80.28,79.86,3.5,3.0,5.0,4.0,5.0,15.199839999999998,10.15072,16.9,10.2,38.4,38.4,0.0,1.8,11.7,0.9
2020-03-31,81.92,Excellent,spring,81.92,Excellent,spring,81.92,Excellent,81.92,79.86,3.5,3.0,5.0,4.0,5.0,16.3468,11.4022,18.6,11.9,34.5,34.5,0.0,2.0,10.0,5.5
2020-04-01,77.7,Very Good,spring,77.7,Very Good,spring,77.7,Very Good,80.51,79.39,3.5,3.0,5.0,3.0,4.3,15.493759999999998,10.96512,17.4,11.3,35.6,35.6,0.0,3.7,8.6,3.5
2020-04-02,81.92,Excellent,spring,81.92,Excellent,spring,81.92,Excellent,80.51,79.83,3.5,3.0,5.0,4.0,5.0,14.210799999999999,9.464080000000001,15.5,9.3,41.4,41.4,0.0,2.3,10.6,2.6
2020-04-03,80.61,Excellent,spring,80.61,Excellent,spring,80.61,Excellent,80.08,80.43,3.5,3.0,5.0,3.5,5.0,15.135760000000001,10.0,16.3,10.0,53.8,53.8,0.0,2.7,10.7,1.3
2020-04-04,78.03,Very Good,spring,78.03,Very Good,spring,78.03,Very Good,80.19,80.57,3.0,3.0,5.0,3.5,5.0,12.46048,9.17984,13.3,8.9,36.4,36.4,0.0,3.4,10.4,0.8
2020-04-05,76.1,Very Good,spring,76.1,Very Good,spring,76.1,Very Good,78.25,79.74,3.0,2.5,5.0,3.5,5.0,12.6566,7.9896,13.7,7.2,29.5,29.5,0.0,2.8,12.1,0.0
2020-04-06,81.92,Excellent,spring,81.92,Excellent,spring,81.92,Excellent,78.68,79.74,3.5,3.0,5.0,4.0,5.0,14.594520000000001,9.472760000000001,16.1,9.3,38.3,38.3,0.0,2.4,11.4,3.5
2020-04-07,80.78,Excellent,spring,80.78,Excellent,spring,80.78,Excellent,79.6,79.58,3.5,3.0,5.0,4.0,4.5,15.619520000000001,10.49584,16.8,10.6,56.6,56.6,0.0,2.5,9.0,2.1
2020-04-08,76.72,Very Good,spring,76.72,Very Good,spring,76.72,Very Good,79.81,79.44,3.0,3.0,5.0,3.0,5.0,12.9484,9.578800000000001,14.2,9.4,25.5,25.5,0.0,3.5,12.3,0.0
2020-04-09,80.61,Excellent,spring,80.61,Excellent,spring,80.61,Excellent,79.37,79.25,3.5,3.0,5.0,3.5,5.0,13.658479999999999,9.14376,14.7,8.9,44.6,44.6,0.0,2.8,11.8,1.3
2020-04-10,81.01,Excellent,spring,81.01,Excellent,spring,81.01,Excellent,79.45,79.31,3.5,3.0,5.0,4.0,4.6,15.510720000000001,10.56728,16.8,10.7,52.6,52.6,0.0,2.4,9.2,4.8
2020-04-11,80.55,Excellent,spring,80.55,Excellent,spring,80.55,Excellent,80.72,79.67,3.5,3.0,5.0,4.0,4.4,15.1312,9.914480000000001,16.0,9.9,63.8,63.8,0.0,2.5,8.8,4.8
2020-04-12,77.36,Very Good,spring,77.36,Very Good,spring,77.36,Very Good,79.64,79.85,3.5,3.0,5.0,3.0,4.15,14.67264,9.91656,15.6,9.9,58.6,58.6,0.0,3.8,8.3,3.1
2020-04-13,80.61,Excellent,spring,80.61,Excellent,spring,80.61,Excellent,79.51,79.66,3.5,3.0,5.0,3.5,5.0,17.87904,11.81824,20.4,12.4,39.4,39.4,0.0,3.1,12.2,1.9
2020-04-14,81.92,Excellent,spring,81.92,Excellent,spring,81.92,Excellent,79.96,79.83,3.5,3.0,5.0,4.0,5.0,17.55712,12.3616,19.6,13.0,46.8,46.8,0.0,2.4,12.1,1.3
2020-04-15,81.92,Excellent,spring,81.92,Excellent,spring,81.92,Excellent,81.48,80.57,3.5,3.0,5.0,4.0,5.0,17.74384,12.42944,20.2,13.2,39.8,39.8,0.0,2.2,10.0,5.4
2020-04-16,89.01,Excellent,spring,89.01,Excellent,spring,89.01,Excellent,84.28,81.77,4.5,3.5,5.0,4.0,5.0,20.482480000000002,14.5576,23.8,16.0,39.9,39.9,0.0,2.3,10.6,2.9
2020-04-17,66.91,Good,spring,66.91,Good,spring,66.91,Good,79.28,79.75,3.5,3.0,4.35,4.0,0.15,14.92048,12.278,15.4,12.5,77.8,77.8,6.5,2.4,0.3,9.1
2020-04-18,85.12,Excellent,spring,85.12,Excellent,spring,85.12,Excellent,80.35,80.41,4.0,3.5,5.0,3.5,5.0,18.36736,13.0506,19.6,13.5,67.9,67.9,0.0,2.6,10.4,2.6
2020-04-19,63.29,Good,spring,63.29,Good,spring,63.29,Good,71.77,78.4,3.5,3.0,3.9699999999999998,3.5,0.15,14.967600000000001,12.07736,15.5,12.3,75.8,75.8,10.3,2.7,0.3,9.5
2020-04-20,68.05,Good,spring,68.05,Good,spring,68.05,Good,72.15,76.6,3.0,3.0,4.99,3.5,0.65,12.7652,10.0,13.1,10.0,73.0,73.0,0.1,3.3,1.3,7.4
2020-04-21,74.79,Very Good,spring,74.79,Very Good,spring,74.79,Very Good,68.71,75.58,3.0,2.5,5.0,3.0,5.0,10.3184,7.930400000000001,10.4,7.4,49.0,49.0,0.0,4.4,10.1,3.6
2020-04-22,69.43,Good,spring,69.43,Good,spring,69.43,Good,70.76,73.8,3.0,2.5,5.0,3.0,2.65,8.661760000000001,6.8512,8.3,6.0,46.8,46.8,0.0,4.0,5.3,4.1
2020-04-23,76.72,Very Good,spring,76.72,Very Good,spring,76.72,Very Good,73.65,72.04,3.0,3.0,5.0,3.0,5.0,12.21536,8.33848,12.8,7.9,47.8,47.8,0.0,3.7,11.8,1.6
2020-04-24,79.3,Very Good,spring,79.3,Very Good,spring,79.3,Very Good,75.15,73.81,3.5,3.0,5.0,3.0,5.0,13.53632,9.91776,14.3,9.9,55.6,55.6,0.0,3.9,12.0,1.8
2020-04-25,77.59,Very Good,spring,77.59,Very Good,spring,77.59,Very Good,77.87,72.74,3.5,3.0,5.0,3.0,4.25,15.804960000000001,12.534559999999999,17.1,13.1,54.4,54.4,0.0,3.9,8.5,3.3
2020-04-26,80.61,Excellent,spring,80.61,Excellent,spring,80.61,Excellent,79.17,75.21,3.5,3.0,5.0,3.5,5.0,16.9516,11.776520000000001,19.0,12.3,43.1,43.1,0.0,3.2,12.5,0.8
2020-04-27,80.27,Excellent,spring,80.27,Excellent,spring,80.27,Excellent,79.49,76.96,3.5,3.0,5.0,3.5,4.85,16.63336,12.317680000000001,18.3,12.9,49.8,49.8,0.0,2.8,9.7,3.4
2020-04-28,82.54,Excellent,spring,82.54,Excellent,spring,82.54,Excellent,81.14,78.07,3.5,3.5,5.0,3.5,5.0,17.919999999999998,13.120000000000001,19.9,13.9,50.0,50.0,0.0,3.0,12.6,0.0
2020-04-29,85.12,Excellent,spring,85.12,Excellent,spring,85.12,Excellent,82.64,80.31,4.0,3.5,5.0,3.5,5.0,18.7384,13.89256,21.0,14.9,48.6,48.6,0.0,2.6,12.2,0.4
2020-04-30,85.65,Excellent,spring,85.65,Excellent,spring,85.65,Excellent,84.44,81.58,4.5,3.5,5.0,3.5,4.1,21.100559999999998,15.88164,23.4,17.1,57.1,57.1,0.0,2.7,8.2,5.3
2020-05-01,85.18,Excellent,spring,85.18,Excellent,spring,85.18,Excellent,85.32,82.42,4.5,4.0,5.0,3.5,3.05,24.48928,19.12288,26.2,20.2,73.6,73.6,0.0,2.7,6.1,6.6
2020-05-02,82.35,Excellent,spring,82.35,Excellent,spring,82.35,Excellent,84.39,83.1,5.0,4.0,5.0,4.0,0.1,22.765759999999997,19.45952,23.9,20.3,79.6,79.6,0.0,2.3,0.2,9.0
2020-05-03,88.2,Excellent,spring,88.2,Excellent,spring,88.2,Excellent,85.24,84.19,4.5,4.5,5.0,4.0,2.95,25.228479999999998,20.32736,27.4,21.8,68.8,68.8,0.0,2.0,5.9,7.0
2020-05-04,92.21,Ideal,spring,92.21,Ideal,spring,92.21,Ideal,87.59,85.89,5.0,4.0,5.0,3.5,5.0,23.09068,18.72712,25.3,20.2,63.9,63.9,0.0,2.7,10.1,3.4
2020-05-05,78.79,Very Good,spring,78.79,Very Good,spring,78.79,Very Good,86.4,85.36,4.0,3.5,5.0,4.0,1.65,18.10588,15.2296,19.3,16.0,67.9,67.9,0.0,1.9,3.3,5.4
2020-05-06,89.01,Excellent,spring,89.01,Excellent,spring,89.01,Excellent,86.67,85.91,4.5,3.5,5.0,4.0,5.0,24.080000000000002,17.52,27.6,19.4,50.0,50.0,0.0,2.1,12.8,1.8
2020-05-07,90.11,Ideal,spring,90.11,Ideal,spring,90.11,Ideal,85.97,86.55,5.0,3.5,5.0,4.0,4.35,22.044999999999998,17.811,26.5,20.7,32.5,32.5,0.0,2.5,8.7,6.8
2020-05-08,87.34,Excellent,spring,87.34,Excellent,spring,87.34,Excellent,88.82,86.86,5.0,3.5,4.77,4.0,3.75,22.64976,17.238879999999998,27.3,19.9,32.8,32.8,2.3,2.4,7.5,7.4
2020-05-09,54.99,Acceptable,spring,54.99,Acceptable,spring,54.99,Acceptable,77.48,82.95,3.5,3.5,2.56,3.0,0.0,16.64768,14.10592,16.8,14.2,94.4,94.4,24.4,3.6,0.0,10.0
2020-05-10,72.12,Very Good,spring,72.12,Very Good,spring,72.12,Very Good,71.48,80.65,3.5,3.5,4.87,4.0,0.2,16.29904,14.19936,16.6,14.4,88.6,88.6,1.3,2.5,0.4,9.0
2020-05-11,82.44,Excellent,spring,82.44,Excellent,spring,82.44,Excellent,69.85,79.26,4.5,3.5,4.66,3.5,3.6,20.128,15.486,22.0,16.5,61.0,61.0,3.4,3.0,7.2,8.1
2020-05-12,76.41,Very Good,spring,76.41,Very Good,spring,76.41,Very Good,76.99,78.92,3.5,3.5,4.93,3.5,2.5,17.81064,13.77368,18.9,14.3,69.4,69.4,0.7,2.9,5.0,3.3
2020-05-13,85.12,Excellent,spring,85.12,Excellent,spring,85.12,Excellent,81.32,78.36,4.0,3.5,5.0,3.5,5.0,19.31256,14.81412,21.8,16.1,47.3,47.3,0.0,2.8,13.0,0.6
2020-05-14,85.13,Excellent,spring,85.13,Excellent,spring,85.13,Excellent,82.22,77.65,4.5,3.5,5.0,4.0,3.3,21.42064,16.89688,25.4,19.3,35.4,35.4,0.0,2.0,6.6,8.3
2020-05-15,66.42,Good,spring,66.42,Good,spring,66.42,Good,78.89,74.66,4.0,3.5,3.8,3.5,0.0,19.441119999999998,15.646160000000002,20.2,16.1,81.4,81.4,12.0,3.0,0.0,10.0
2020-05-16,75.5,Very Good,spring,75.5,Very Good,spring,75.5,Very Good,75.68,77.59,4.0,3.5,4.75,4.5,0.3,19.90036,16.44004,20.3,16.7,90.3,90.3,2.5,1.6,0.6,9.5
2020-05-17,86.57,Excellent,spring,86.57,Excellent,spring,86.57,Excellent,76.16,79.66,5.0,4.0,5.0,4.0,1.95,23.713959999999997,18.37564,24.9,19.1,80.1,80.1,0.0,1.7,3.9,7.1
2020-05-18,65.07,Good,spring,65.07,Good,spring,65.1,Good,75.71,77.17,4.5,4.0,2.02,4.0,1.6,25.415680000000002,18.350160000000002,26.8,19.1,79.4,79.4,29.8,2.4,3.2,8.5
2020-05-19,61.08,Good,spring,61.08,Good,spring,61.15,Good,70.91,74.98,3.5,3.0,3.1,3.5,1.5,16.35024,12.6832,17.1,13.0,73.6,73.6,19.0,3.2,3.0,7.6
2020-05-20,80.16,Excellent,spring,80.16,Excellent,spring,80.32,Excellent,68.77,74.28,4.0,3.5,5.0,4.0,2.25,18.50016,13.70304,20.1,14.4,60.4,60.4,0.0,1.9,4.5,6.0
2020-05-21,88.33,Excellent,spring,88.33,Excellent,spring,88.41,Excellent,76.52,74.73,4.5,3.5,5.0,4.0,4.7,20.63476,16.100559999999998,22.9,17.4,56.1,56.1,0.0,2.1,9.4,4.8
2020-05-22,78.41,Very Good,spring,78.41,Very Good,spring,78.95,Very Good,82.3,76.45,4.5,3.5,5.0,4.0,0.35,21.0998,17.429,22.7,18.5,68.5,68.5,0.0,1.9,0.7,8.6
2020-05-23,89.87,Excellent,spring,89.87,Excellent,spring,90.25,Ideal,85.54,78.5,5.0,4.0,5.0,4.0,3.4,22.966,18.73044,25.0,20.1,66.1,66.1,0.0,2.2,6.8,7.4
2020-05-24,66.16,Good,spring,66.16,Good,spring,66.7,Good,78.15,75.58,4.0,3.5,3.55,3.5,0.55,19.57984,16.66832,20.2,17.1,84.8,84.8,14.5,2.9,1.1,8.4
2020-05-25,80.46,Excellent,spring,80.46,Excellent,spring,81.18,Excellent,78.83,77.78,4.5,3.5,5.0,4.0,1.25,20.441200000000002,16.0984,21.3,16.6,81.0,81.0,0.0,2.1,2.5,8.1
2020-05-26,82.17,Excellent,spring,82.17,Excellent,spring,82.75,Excellent,76.26,80.79,4.5,3.5,4.85,4.0,2.4,21.96604,15.75112,22.9,16.2,81.9,81.9,1.5,2.1,4.8,7.8
2020-05-27,90.28,Ideal,spring,90.28,Ideal,spring,90.75,Ideal,84.3,82.24,5.0,3.5,5.0,3.5,5.0,22.1486,16.467599999999997,23.9,17.4,68.5,68.5,0.0,2.6,13.2,1.5
2020-05-28,87.19,Excellent,spring,87.19,Excellent,spring,87.53,Excellent,86.55,82.08,4.5,3.5,5.0,4.0,4.2,21.40608,17.40544,23.4,18.7,62.8,62.8,0.0,1.9,8.4,3.9
2020-05-29,90.94,Ideal,spring,90.94,Ideal,spring,91.11,Ideal,89.47,83.87,4.5,4.0,5.0,4.0,5.0,25.178240000000002,19.22768,27.6,20.7,65.6,65.6,0.0,2.0,12.7,1.3
2020-05-30,90.29,Ideal,spring,90.29,Ideal,spring,90.23,Ideal,89.47,83.93,4.0,4.5,5.0,4.0,5.0,26.584,20.44792,30.0,22.6,57.3,57.3,0.0,1.9,11.3,1.1
2020-05-31,84.63,Excellent,spring,86.38,Excellent,summer,85.5,Excellent,89.2,86.82,4.5,4.0,4.9,4.0,2.5,25.336,19.5424,28.0,21.2,63.0,63.0,1.0,2.3,5.0,8.5
2020-06-01,93.24,Ideal,summer,93.24,Ideal,summer,92.65,Ideal,89.97,88.64,5.0,4.0,4.96,3.5,5.0,22.4294,18.31484,24.5,19.7,64.3,64.3,0.4,3.4,11.5,3.8
2020-06-02,79.69,Very Good,summer,79.69,Very Good,summer,78.38,Very Good,86.44,88.29,4.5,3.5,4.8,4.0,0.1,20.4312,16.9836,21.8,17.9,71.0,71.0,2.0,2.2,0.2,9.3
2020-06-03,89.73,Excellent,summer,89.73,Excellent,summer,89.73,Excellent,87.55,88.21,4.0,4.5,5.0,4.0,4.75,26.43488,20.7184,28.4,22.0,73.3,73.3,0.0,2.4,9.5,5.8
2020-06-04,87.64,Excellent,summer,87.64,Excellent,summer,86.84,Excellent,85.69,88.27,4.5,4.5,4.98,3.5,2.35,25.2526,21.000359999999997,26.5,21.9,81.1,81.1,0.2,2.7,4.7,8.4
2020-06-05,89.13,Excellent,summer,89.13,Excellent,summer,89.06,Excellent,88.83,88.01,4.0,4.5,5.0,4.0,4.4,26.41112,21.4088,28.7,23.0,69.4,69.4,0.0,1.8,8.8,5.5
2020-06-06,90.86,Ideal,summer,90.86,Ideal,summer,90.79,Ideal,89.21,88.1,4.0,5.0,5.0,4.0,4.3,27.85696,22.47424,30.9,24.6,63.6,63.6,0.0,2.0,8.6,2.3
2020-06-07,89.47,Excellent,summer,89.47,Excellent,summer,89.45,Excellent,89.82,88.54,4.0,4.5,5.0,4.0,4.6,26.84992,21.14552,29.2,22.7,69.4,69.4,0.0,2.3,9.2,3.3
2020-06-08,88.99,Excellent,summer,88.99,Excellent,summer,89.13,Excellent,89.77,87.93,3.5,5.0,5.0,4.0,5.0,28.7968,22.816,32.0,25.0,63.6,63.6,0.0,2.1,11.3,3.0
2020-06-09,88.99,Excellent,summer,88.99,Excellent,summer,89.11,Excellent,89.15,89.26,3.5,5.0,5.0,4.0,5.0,28.38592,23.46688,32.8,26.7,51.6,51.6,0.0,2.3,12.9,3.0
2020-06-10,80.81,Excellent,summer,80.81,Excellent,summer,80.75,Excellent,86.26,87.98,3.5,5.0,4.38,4.0,2.6,28.89992,23.51216,32.1,25.8,63.8,63.8,6.2,2.0,5.2,9.0
2020-06-11,85.37,Excellent,summer,85.37,Excellent,summer,85.38,Excellent,85.06,87.66,3.5,4.5,5.0,4.0,4.0,28.86112,24.05852,31.6,26.1,68.3,68.3,0.0,2.2,8.0,5.8
2020-06-12,86.96,Excellent,summer,86.96,Excellent,summer,86.75,Excellent,84.38,87.35,4.5,5.0,5.0,4.0,0.25,25.38944,22.853679999999997,27.6,24.7,68.6,68.6,0.0,1.7,0.5,8.1
2020-06-13,88.73,Excellent,summer,88.73,Excellent,summer,88.75,Excellent,87.02,87.05,3.5,5.0,5.0,4.0,4.85,29.063200000000002,23.70928,33.5,26.9,52.8,52.8,0.0,1.9,9.7,5.5
2020-06-14,88.81,Excellent,summer,88.81,Excellent,summer,88.81,Excellent,88.17,86.95,4.0,5.0,4.89,3.5,4.05,26.58912,22.3536,28.8,24.0,70.6,70.6,1.1,2.9,8.1,4.4
2020-06-15,92.33,Ideal,summer,92.33,Ideal,summer,92.33,Ideal,89.96,87.43,4.5,4.5,5.0,3.5,5.0,25.79512,21.0396,28.6,23.0,62.3,62.3,0.0,2.8,10.1,6.0
2020-06-16,89.91,Excellent,summer,89.91,Excellent,summer,89.91,Excellent,90.35,87.56,4.0,5.0,5.0,4.0,3.75,27.6364,22.2688,30.7,24.4,63.0,63.0,0.0,2.2,7.5,6.0
2020-06-17,86.63,Excellent,summer,86.63,Excellent,summer,86.63,Excellent,89.62,88.39,4.0,4.5,5.0,4.0,2.95,26.93832,21.93192,30.3,24.3,58.6,58.6,0.0,2.0,5.9,7.4
2020-06-18,85.62,Excellent,summer,85.62,Excellent,summer,85.62,Excellent,87.39,88.43,4.5,4.5,5.0,4.5,0.05,24.62888,21.331039999999998,27.3,23.4,61.4,61.4,0.0,1.6,0.1,9.0
2020-06-19,88.55,Excellent,summer,88.55,Excellent,summer,88.55,Excellent,86.93,88.65,4.0,5.0,4.99,4.0,3.0,26.912,22.43032,30.0,24.7,61.4,61.4,0.1,2.1,6.0,6.3
2020-06-20,92.06,Ideal,summer,92.06,Ideal,summer,92.06,Ideal,88.74,89.13,4.0,5.0,5.0,4.0,5.0,26.752879999999998,22.670959999999997,29.7,24.9,62.6,62.6,0.0,2.1,11.7,0.9
2020-06-21,88.99,Excellent,summer,88.99,Excellent,summer,88.99,Excellent,89.87,89.16,3.5,5.0,5.0,4.0,5.0,29.0226,23.4918,32.7,26.1,59.5,59.5,0.0,2.0,13.5,0.1
2020-06-22,84.02,Excellent,summer,84.02,Excellent,summer,84.02,Excellent,88.36,87.97,3.0,4.5,5.0,4.0,5.0,30.3708,24.9172,35.4,28.6,50.5,50.5,0.0,2.0,13.3,1.6
2020-06-23,85.95,Excellent,summer,85.95,Excellent,summer,85.95,Excellent,86.32,87.4,4.0,4.5,5.0,4.0,2.55,27.094,24.0822,31.0,27.3,53.5,53.5,0.0,1.9,5.1,7.5
2020-06-24,59.14,Acceptable,summer,59.14,Acceptable,summer,59.14,Acceptable,76.37,83.48,4.5,4.5,1.2399999999999998,3.5,0.0,25.2242,21.4882,26.3,22.3,83.5,83.5,37.6,2.7,0.0,10.0
2020-06-25,79.09,Very Good,summer,79.09,Very Good,summer,79.09,Very Good,74.73,82.54,5.0,4.5,3.67,4.0,0.05,22.9176,21.1824,23.4,21.6,91.0,91.0,13.3,2.2,0.1,10.0
2020-06-26,85.02,Excellent,summer,85.02,Excellent,summer,85.02,Excellent,74.42,82.04,4.5,4.5,4.79,3.5,1.55,24.575879999999998,20.95512,25.7,21.8,82.1,82.1,2.1,3.2,3.1,8.3
2020-06-27,89.82,Excellent,summer,89.82,Excellent,summer,89.82,Excellent,84.64,81.72,4.0,5.0,5.0,4.0,3.7,27.27936,22.43056,29.6,24.1,70.4,70.4,0.0,2.0,7.4,6.1
2020-06-28,92.06,Ideal,summer,92.06,Ideal,summer,92.06,Ideal,88.97,82.16,4.0,5.0,5.0,4.0,5.0,27.7282,23.406399999999998,30.1,25.2,70.5,70.5,0.0,2.4,12.4,1.9
2020-06-29,80.21,Excellent,summer,80.21,Excellent,summer,80.21,Excellent,87.36,81.61,4.5,5.0,3.81,4.0,0.85,24.982,22.5304,26.5,23.8,77.0,77.0,11.9,2.4,1.7,8.6
2020-06-30,51.3,Acceptable,summer,51.3,Acceptable,summer,51.3,Acceptable,74.52,76.66,5.0,4.0,0.0,3.0,0.0,22.209200000000003,19.4132,23.1,20.1,83.0,83.0,64.7,4.0,0.0,10.0
2020-07-01,87.87,Excellent,summer,87.87,Excellent,summer,87.87,Excellent,73.13,80.77,5.0,4.5,5.0,4.0,0.1,23.11596,20.18092,24.3,21.1,79.3,79.3,0.0,1.9,0.2,7.6
2020-07-02,88.1,Excellent,summer,88.1,Excellent,summer,88.1,Excellent,75.76,82.05,4.0,5.0,5.0,4.0,2.7,27.7804,22.7516,29.8,24.2,74.5,74.5,0.0,1.9,5.4,6.6
2020-07-03,90.75,Ideal,summer,90.75,Ideal,summer,90.75,Ideal,88.91,82.87,4.0,5.0,4.99,3.5,4.8,27.5924,23.237000000000002,30.6,25.5,63.5,63.5,0.1,2.6,9.6,6.8
2020-07-04,90.58,Ideal,summer,90.58,Ideal,summer,90.58,Ideal,89.81,82.98,4.0,5.0,4.84,4.0,4.75,26.6842,22.14952,29.5,24.2,63.9,63.9,1.6,2.1,9.5,7.6
2020-07-05,92.03,Ideal,summer,92.03,Ideal,summer,92.03,Ideal,91.12,82.98,4.5,5.0,5.0,4.0,3.2,25.38944,22.06672,27.6,23.8,68.6,68.6,0.0,1.9,6.4,5.3
2020-07-06,84.69,Excellent,summer,84.69,Excellent,summer,84.69,Excellent,89.1,83.62,3.5,5.0,5.0,4.0,2.5,28.10776,23.51584,30.9,25.6,66.6,66.6,0.0,2.1,5.0,7.4
2020-07-07,86.9,Excellent,summer,86.9,Excellent,summer,86.9,Excellent,87.87,88.7,4.0,5.0,5.0,4.0,2.0,26.3262,22.718200000000003,28.1,24.1,75.5,75.5,0.0,2.5,4.0,6.3
2020-07-08,88.99,Excellent,summer,88.99,Excellent,summer,88.99,Excellent,86.86,88.86,3.5,5.0,5.0,4.0,5.0,28.107039999999998,23.7578,30.4,25.5,71.9,71.9,0.0,2.0,10.0,2.9
2020-07-09,85.11,Excellent,summer,85.11,Excellent,summer,85.11,Excellent,87.0,88.44,3.5,4.5,5.0,4.0,3.85,29.657359999999997,25.022,32.9,27.5,64.6,64.6,0.0,1.7,7.7,4.8
2020-07-10,86.86,Excellent,summer,86.86,Excellent,summer,86.86,Excellent,86.99,87.88,4.5,5.0,4.78,3.5,1.55,25.93,23.05,27.7,24.5,75.0,75.0,2.2,2.8,3.1,6.6
2020-07-11,88.24,Excellent,summer,88.24,Excellent,summer,88.24,Excellent,86.74,87.55,4.0,5.0,5.0,3.5,3.3,27.178079999999998,23.436320000000002,30.2,25.8,62.6,62.6,0.0,2.6,6.6,7.3
2020-07-12,83.51,Excellent,summer,83.51,Excellent,summer,83.51,Excellent,86.2,86.33,4.5,4.5,4.71,4.0,0.4500000000000002,24.2016,21.9826,26.0,23.5,71.9,71.9,2.9,2.4,0.0,9.1
2020-07-13,49.8,Marginal,summer,49.8,Marginal,summer,49.8,Marginal,73.85,81.34,4.5,4.0,0.2400000000000002,3.0,0.0,21.45664,18.51904,21.7,18.7,94.8,94.8,47.6,4.0,0.0,10.0
2020-07-14,77.47,Very Good,summer,77.47,Very Good,summer,77.47,Very Good,70.26,80.0,5.0,4.0,3.85,3.5,0.05,23.12168,19.45128,24.3,20.3,79.4,79.4,11.5,2.8,0.1,9.9
2020-07-15,92.63,Ideal,summer,92.63,Ideal,summer,92.63,Ideal,73.3,80.52,4.5,4.5,5.0,4.0,4.65,25.93988,21.422159999999998,28.7,23.4,63.1,63.1,0.0,2.0,9.3,5.1
2020-07-16,92.06,Ideal,summer,92.06,Ideal,summer,92.06,Ideal,87.39,81.51,4.0,5.0,5.0,4.0,5.0,27.40692,23.254,29.7,25.0,70.9,70.9,0.0,1.8,10.2,4.1
2020-07-17,84.94,Excellent,summer,84.94,Excellent,summer,84.94,Excellent,89.88,81.24,3.5,4.5,5.0,4.0,3.75,29.1808,24.208,31.6,26.0,72.0,72.0,0.0,1.9,7.5,4.5
2020-07-18,83.09,Excellent,summer,83.09,Excellent,summer,83.09,Excellent,86.7,80.5,3.5,4.5,5.0,4.5,2.15,28.6144,24.27104,31.0,26.1,71.6,71.6,0.0,1.6,4.3,5.4
2020-07-19,66.68,Good,summer,66.68,Good,summer,66.68,Good,78.24,78.1,4.5,5.0,2.09,3.5,0.04999999999999982,25.37824,22.9696,26.6,24.0,81.6,81.6,29.1,2.7,0.0,9.9
2020-07-20,82.72,Excellent,summer,82.72,Excellent,summer,82.72,Excellent,77.5,82.8,4.5,5.0,4.64,3.0,0.20000000000000018,25.69032,23.04376,26.6,23.8,86.3,86.3,3.6,3.7,0.0,9.6
2020-07-21,84.73,Excellent,summer,84.73,Excellent,summer,84.73,Excellent,78.04,83.84,3.5,5.0,5.0,4.5,2.0,28.614,23.62,30.5,25.0,77.0,77.0,0.0,1.6,4.0,6.3
2020-07-22,80.08,Excellent,summer,80.08,Excellent,summer,80.08,Excellent,82.51,82.04,4.5,5.0,3.85,4.5,0.09999999999999964,25.02804,23.11364,25.7,23.7,89.3,89.3,11.5,1.6,0.0,9.8
2020-07-23,53.2,Acceptable,summer,53.2,Acceptable,summer,53.2,Acceptable,72.67,76.49,5.0,4.5,0.0,3.0,0.0,22.3732,20.9002,22.6,21.1,95.5,95.5,103.1,3.6,0.0,10.0
2020-07-24,81.79,Excellent,summer,81.79,Excellent,summer,81.79,Excellent,71.69,76.04,4.5,4.5,4.71,3.0,0.5,25.072960000000002,21.215,26.8,22.5,74.3,74.3,2.9,4.6,1.0,9.3
2020-07-25,84.19,Excellent,summer,84.19,Excellent,summer,84.19,Excellent,73.06,76.2,4.0,5.0,5.0,3.5,0.95,26.6668,22.54396,29.0,24.3,69.3,69.3,0.0,3.1,1.9,7.8
2020-07-26,88.28,Excellent,summer,88.28,Excellent,summer,88.28,Excellent,84.75,79.28,4.0,5.0,5.0,4.0,2.8,27.19312,23.508879999999998,29.6,25.4,69.3,69.3,0.0,2.0,5.6,7.4
2020-07-27,85.09,Excellent,summer,85.09,Excellent,summer,85.09,Excellent,85.85,79.62,4.5,5.0,4.78,4.0,0.0,24.6568,23.522080000000003,25.5,24.3,86.4,86.4,2.2,2.2,0.0,10.0
2020-07-28,86.35,Excellent,summer,86.35,Excellent,summer,86.35,Excellent,86.57,79.85,4.5,5.0,4.96,4.0,0.04999999999999982,25.40288,23.524479999999997,26.4,24.4,84.8,84.8,0.4,2.0,0.0,9.9
2020-07-29,53.83,Acceptable,summer,53.83,Acceptable,summer,53.83,Acceptable,75.09,76.1,4.5,5.0,0.0,4.0,0.0,24.64968,23.469839999999998,24.9,23.7,95.8,95.8,50.1,2.0,0.0,10.0
2020-07-30,84.07,Excellent,summer,84.07,Excellent,summer,84.07,Excellent,74.75,80.51,4.0,4.5,4.99,4.0,1.5,27.3328,24.4126,28.4,25.3,85.5,85.5,0.1,2.1,3.0,8.3
2020-07-31,81.81,Excellent,summer,81.81,Excellent,summer,81.81,Excellent,73.24,80.52,3.5,4.5,4.85,4.0,2.5,28.180960000000002,25.02712,29.6,26.2,81.9,81.9,1.5,2.0,5.0,6.9
2020-08-01,56.16,Acceptable,summer,56.16,Acceptable,summer,56.16,Acceptable,74.01,76.51,4.0,4.5,1.0899999999999999,4.0,0.09999999999999964,26.28484,24.74308,26.9,25.3,90.9,90.9,39.1,1.7,0.0,9.8
2020-08-02,61.02,Good,summer,61.02,Good,summer,61.02,Good,66.33,72.62,4.0,4.5,1.8600000000000003,4.0,0.0,26.15728,24.679479999999998,26.4,24.9,96.3,96.3,31.4,2.3,0.0,10.0
2020-08-03,47.96,Marginal,summer,47.96,Marginal,summer,47.96,Marginal,55.05,67.31,4.0,4.5,0.0,3.5,0.0,26.05876,24.778,26.3,25.0,96.3,96.3,102.6,3.0,0.0,10.0
2020-08-04,72.58,Very Good,summer,72.58,Very Good,summer,72.58,Very Good,60.52,65.35,3.5,4.0,4.61,3.0,0.2,28.569679999999998,26.2724,29.4,27.0,89.3,89.3,3.9,3.5,0.4,9.6
2020-08-05,66.48,Good,summer,66.48,Good,summer,66.48,Good,62.34,67.15,3.5,4.5,3.15,4.0,0.05,28.49644,25.9786,29.1,26.5,92.1,92.1,18.5,1.9,0.1,9.8
2020-08-06,53.1,Acceptable,summer,53.1,Acceptable,summer,53.1,Acceptable,64.05,62.73,4.5,5.0,0.0,3.5,0.1,25.5392,23.693920000000002,26.0,24.1,92.8,92.8,75.7,3.3,0.2,8.0
2020-08-07,87.39,Excellent,summer,87.39,Excellent,summer,87.39,Excellent,68.99,63.53,4.5,5.0,5.0,4.0,0.5,25.15332,23.45916,26.1,24.3,85.3,85.3,0.0,1.8,0.0,9.0
2020-08-08,75.59,Very Good,summer,75.59,Very Good,summer,75.59,Very Good,72.03,66.3,4.5,5.0,3.09,4.0,0.9,25.4238,23.6036,26.1,24.2,89.5,89.5,19.1,2.3,1.8,9.1
2020-08-09,51.2,Acceptable,summer,51.2,Acceptable,summer,51.2,Acceptable,71.39,64.9,4.5,4.5,0.0,3.5,0.09999999999999964,25.50928,24.62584,25.8,24.9,95.4,95.4,50.3,2.6,0.0,9.8
2020-08-10,49.49,Marginal,summer,49.49,Marginal,summer,49.49,Marginal,58.76,65.12,3.5,4.5,0.54,4.0,0.1,28.8448,25.9456,29.5,26.5,91.6,91.6,44.6,2.0,0.2,9.9
2020-08-11,49.29,Marginal,summer,49.29,Marginal,summer,49.29,Marginal,49.99,61.79,4.0,4.5,0.0,4.0,0.25,26.781000000000002,24.162000000000003,27.3,24.6,92.5,92.5,97.0,2.2,0.5,9.5
2020-08-12,78.4,Very Good,summer,78.4,Very Good,summer,78.4,Very Good,59.06,63.49,3.5,4.0,5.0,4.0,1.05,29.92828,26.09232,31.3,27.2,83.9,83.9,0.0,1.9,2.1,8.3
2020-08-13,76.76,Very Good,summer,76.76,Very Good,summer,76.76,Very Good,68.15,66.87,3.5,4.0,5.0,4.0,0.1,28.87088,26.7328,30.3,28.0,82.4,82.4,0.0,2.5,0.2,8.5
2020-08-14,78.2,Very Good,summer,78.2,Very Good,summer,78.2,Very Good,77.79,65.56,4.0,4.0,4.96,3.0,0.34999999999999964,26.9992,26.149240000000002,28.0,27.1,86.1,86.1,0.4,3.5,0.0,9.3
2020-08-15,49.46,Marginal,summer,49.46,Marginal,summer,49.46,Marginal,68.14,61.83,4.0,4.5,0.0,4.0,0.34999999999999964,26.727999999999998,25.8424,27.0,26.1,96.0,96.0,69.0,1.9,0.0,9.3
2020-08-16,77.75,Very Good,summer,77.75,Very Good,summer,77.75,Very Good,68.47,65.62,3.5,4.0,5.0,3.5,1.2,29.35232,26.188959999999998,30.8,27.4,82.6,82.6,0.0,3.0,2.4,8.3
2020-08-17,78.51,Very Good,summer,78.51,Very Good,summer,78.51,Very Good,68.57,69.77,3.0,4.0,5.0,4.0,2.9,30.237520000000004,26.59112,32.2,28.2,77.9,77.9,0.0,2.3,5.8,4.4
2020-08-18,86.18,Excellent,summer,86.18,Excellent,summer,86.18,Excellent,80.81,75.04,3.5,4.5,5.0,4.5,3.95,29.82388,25.841,31.9,27.5,76.3,76.3,0.0,1.6,7.9,2.8
2020-08-19,86.57,Excellent,summer,86.57,Excellent,summer,86.57,Excellent,83.75,76.2,3.5,4.5,5.0,4.0,4.7,29.41408,25.51312,31.4,27.1,76.8,76.8,0.0,2.0,9.4,2.3
2020-08-20,79.26,Very Good,summer,79.26,Very Good,summer,79.26,Very Good,84.0,76.56,3.5,4.0,5.0,4.0,1.55,29.616799999999998,26.000799999999998,31.7,27.7,76.0,76.0,0.0,1.7,3.1,6.4
2020-08-21,81.51,Excellent,summer,81.51,Excellent,summer,81.51,Excellent,82.45,77.03,4.0,4.5,4.75,4.5,0.4,27.902079999999998,25.47784,29.2,26.6,83.1,83.1,2.5,1.6,0.8,8.8
2020-08-22,56.12,Acceptable,summer,56.12,Acceptable,summer,56.12,Acceptable,72.3,77.99,4.0,5.0,0.7400000000000002,4.0,0.3,26.712960000000002,23.57928,27.6,24.3,87.4,87.4,42.6,2.1,0.6,9.0
2020-08-23,86.24,Excellent,summer,86.24,Excellent,summer,86.24,Excellent,74.62,79.2,3.5,5.0,5.0,4.0,3.4,28.18064,23.978080000000002,29.9,25.3,78.4,78.4,0.0,1.9,6.8,6.0
2020-08-24,86.06,Excellent,summer,86.06,Excellent,summer,86.06,Excellent,76.14,80.28,3.5,4.5,5.0,4.0,4.4,29.500799999999998,25.77792,32.0,27.8,71.6,71.6,0.0,2.2,8.8,5.9
2020-08-25,80.06,Excellent,summer,80.06,Excellent,summer,80.06,Excellent,84.12,79.4,3.0,4.0,5.0,4.0,3.8,31.511,27.472199999999997,34.5,29.9,69.5,69.5,0.0,2.1,7.6,5.9
2020-08-26,78.68,Very Good,summer,78.68,Very Good,summer,78.68,Very Good,81.6,78.28,3.0,4.0,4.94,3.5,3.75,31.3934,27.63864,34.5,30.2,68.3,68.3,0.6,3.4,7.5,6.4
2020-08-27,72.6,Very Good,summer,72.6,Very Good,summer,72.6,Very Good,77.11,77.32,4.0,4.0,4.13,3.0,0.25,27.454240000000002,26.04664,28.6,27.1,84.6,84.6,8.7,3.6,0.5,9.9
2020-08-28,70.32,Very Good,summer,70.32,Very Good,summer,70.32,Very Good,73.87,75.73,3.5,4.0,3.64,4.5,1.0,28.841079999999998,26.54572,29.7,27.3,89.1,89.1,13.6,1.6,2.0,8.9
2020-08-29,70.06,Very Good,summer,70.06,Very Good,summer,70.06,Very Good,70.99,77.72,3.5,4.0,3.64,4.5,0.85,28.2476,26.13472,29.0,26.8,90.1,90.1,13.6,1.3,1.7,8.4
2020-08-30,50.86,Acceptable,summer,50.86,Acceptable,summer,50.86,Acceptable,63.75,72.66,3.5,4.0,0.75,4.0,1.2,29.677120000000002,26.04736,30.6,26.8,88.8,88.8,42.5,2.1,2.4,7.9
2020-08-31,79.22,Very Good,summer,79.22,Very Good,summer,79.22,Very Good,66.71,71.69,3.5,4.5,5.0,3.5,0.95,28.232,24.950239999999997,30.0,26.4,77.9,77.9,0.0,2.8,1.9,8.8
2020-09-01,82.18,Excellent,autumn,82.42,Excellent,summer,82.42,Excellent,70.83,72.02,4.0,4.5,5.0,4.0,0.5,27.3472,24.767360000000004,29.5,26.6,72.4,72.4,0.0,1.9,1.0,8.8
2020-09-02,63.3,Good,autumn,65.1,Good,summer,65.1,Good,75.58,70.08,4.5,5.0,1.6700000000000004,4.0,0.20000000000000018,25.829279999999997,23.80236,26.4,24.3,91.3,91.3,33.3,2.3,0.0,9.6
2020-09-03,63.79,Good,autumn,65.75,Good,summer,65.75,Good,71.09,69.1,4.5,4.5,2.02,3.0,1.4,24.4768,21.7856,25.6,22.7,82.0,82.0,29.8,4.8,2.8,7.4
2020-09-04,92.33,Ideal,autumn,92.33,Ideal,summer,92.33,Ideal,74.39,72.25,4.5,4.5,5.0,3.5,5.0,24.973,21.37948,27.5,23.3,63.9,63.9,0.0,2.7,10.1,1.6
2020-09-05,86.8,Excellent,autumn,87.47,Excellent,summer,87.47,Excellent,81.85,74.74,4.5,4.5,5.0,4.0,1.65,24.98872,21.52312,27.3,23.3,66.6,66.6,0.0,2.0,3.3,8.0
2020-09-06,81.1,Excellent,autumn,83.13,Excellent,summer,83.13,Excellent,87.64,79.35,5.0,4.5,4.36,3.5,0.2999999999999998,23.247999999999998,20.764,24.4,21.7,80.0,80.0,6.4,2.7,0.0,9.4
2020-09-07,45.01,Marginal,autumn,48.23,Marginal,summer,48.23,Marginal,72.94,74.92,4.5,4.0,0.0,3.0,0.0,20.3244,18.9608,20.6,19.2,93.5,93.5,61.0,4.2,0.0,10.0
2020-09-08,90.8,Ideal,autumn,91.0,Ideal,summer,91.0,Ideal,74.12,76.14,4.5,4.5,5.0,3.0,4.75,24.619,21.8724,26.5,23.4,71.5,71.5,0.0,4.2,9.5,5.4
2020-09-09,85.72,Excellent,autumn,86.45,Excellent,summer,86.45,Excellent,75.23,79.19,4.5,4.5,4.87,4.0,1.55,24.28408,20.36296,25.3,21.1,83.4,83.4,1.3,2.1,3.1,7.6
2020-09-10,89.71,Excellent,autumn,89.82,Excellent,summer,89.82,Excellent,89.09,82.63,4.5,4.5,4.61,4.0,4.5,25.3544,21.56096,27.0,22.8,75.8,75.8,3.9,2.0,9.0,6.3
2020-09-11,86.12,Excellent,autumn,86.82,Excellent,summer,86.77,Excellent,87.7,81.85,4.5,4.5,4.88,3.5,2.25,25.22584,21.04096,27.1,22.4,72.6,72.6,1.2,2.8,4.5,7.6
2020-09-12,80.34,Excellent,autumn,82.5,Excellent,summer,82.27,Excellent,86.38,81.14,5.0,4.0,4.43,4.0,0.25,22.34464,19.53904,23.2,20.2,83.8,83.8,5.7,2.0,0.0,9.5
2020-09-13,93.17,Ideal,autumn,93.06,Ideal,summer,93.07,Ideal,87.46,82.55,4.5,4.5,5.0,4.0,4.9,24.63456,20.1384,26.6,21.5,70.4,70.4,0.0,1.9,9.8,2.8
2020-09-14,91.53,Ideal,autumn,92.6,Ideal,summer,92.41,Ideal,89.39,88.89,5.0,4.5,5.0,4.0,2.85,23.666279999999997,20.36436,24.9,21.3,79.3,79.3,0.0,1.8,5.7,4.6
2020-09-15,87.24,Excellent,autumn,86.85,Excellent,summer,86.93,Excellent,90.84,88.3,4.0,4.5,5.0,4.5,2.55,26.02912,21.7728,27.7,23.0,76.4,76.4,0.0,1.6,5.1,7.5
2020-09-16,86.03,Excellent,autumn,87.76,Excellent,summer,87.33,Excellent,89.07,88.49,5.0,4.5,4.97,4.0,0.15,23.70204,21.495,24.9,22.5,79.9,79.9,0.3,1.9,0.3,9.4
2020-09-17,82.08,Excellent,autumn,83.33,Excellent,summer,82.97,Excellent,85.98,87.56,4.5,4.0,5.0,4.0,0.35,21.98432,19.95756,23.6,21.3,70.3,70.3,0.0,2.1,0.7,8.4
2020-09-18,92.32,Ideal,autumn,93.33,Ideal,summer,93.01,Ideal,88.14,88.49,5.0,4.0,5.0,3.5,4.9,23.398400000000002,19.752,25.8,21.5,62.0,62.0,0.0,2.8,9.8,3.1
2020-09-19,93.06,Ideal,autumn,93.95,Ideal,summer,93.63,Ideal,90.2,90.13,5.0,4.0,4.97,4.0,4.85,23.56264,19.37664,26.2,21.2,59.3,59.3,0.3,2.2,9.7,1.5
2020-09-20,93.56,Ideal,autumn,94.4,Ideal,summer,94.07,Ideal,93.89,90.32,5.0,4.0,5.0,4.0,5.0,22.37296,18.05488,24.9,19.7,57.6,57.6,0.0,2.0,11.4,0.0
2020-09-21,90.99,Ideal,autumn,92.16,Ideal,summer,91.66,Ideal,93.5,90.25,5.0,3.5,5.0,4.0,4.8,22.61332,17.50204,25.3,19.1,56.1,56.1,0.0,1.7,9.6,4.5
2020-09-22,92.52,Ideal,autumn,93.5,Ideal,summer,93.04,Ideal,93.35,91.2,5.0,4.0,5.0,3.5,5.0,22.81072,18.37624,25.6,20.2,55.3,55.3,0.0,2.8,10.7,3.1
2020-09-23,85.23,Excellent,autumn,85.23,Excellent,autumn,85.67,Excellent,90.3,90.84,4.5,3.5,5.0,3.5,3.6,21.58648,17.72432,23.8,19.2,59.9,59.9,0.0,3.3,7.2,7.6
2020-09-24,89.52,Excellent,autumn,89.52,Excellent,autumn,90.15,Ideal,89.42,91.73,5.0,4.0,5.0,3.0,4.0,22.91136,18.887040000000002,25.4,20.6,59.6,59.6,0.0,3.7,8.0,6.6
2020-09-25,87.19,Excellent,autumn,87.19,Excellent,autumn,87.88,Excellent,87.31,90.85,5.0,4.0,5.0,4.0,1.75,23.18856,18.64964,25.4,20.1,64.1,64.1,0.0,2.5,3.5,4.9
2020-09-26,89.42,Excellent,autumn,89.42,Excellent,autumn,89.95,Excellent,88.71,90.2,5.0,3.5,5.0,4.0,4.0,22.580000000000002,17.905,24.8,19.3,62.5,62.5,0.0,2.4,8.0,4.0
2020-09-27,93.36,Ideal,autumn,93.36,Ideal,autumn,93.67,Ideal,89.99,90.05,5.0,4.0,5.0,4.0,4.9,23.48056,18.873279999999998,25.8,20.4,63.3,63.3,0.0,2.0,9.8,1.1
2020-09-28,91.19,Ideal,autumn,91.19,Ideal,autumn,91.24,Ideal,91.32,89.92,4.5,4.0,5.0,4.0,5.0,24.256,19.244799999999998,26.5,20.7,66.0,66.0,0.0,2.0,10.5,1.1
2020-09-29,89.93,Excellent,autumn,89.93,Excellent,autumn,90.3,Ideal,91.49,89.41,5.0,4.0,5.0,4.0,3.15,22.09856,18.35584,23.9,19.6,67.6,67.6,0.0,1.9,6.3,6.8
2020-09-30,59.92,Acceptable,autumn,59.92,Acceptable,autumn,60.41,Good,80.35,85.79,4.5,4.0,1.1700000000000004,4.0,2.45,24.3184,18.755200000000002,25.7,19.6,78.0,78.0,38.3,1.7,4.9,7.1
2020-10-01,84.03,Excellent,autumn,84.03,Excellent,autumn,84.46,Excellent,77.96,85.01,5.0,3.5,5.0,4.0,1.25,22.234560000000002,17.91648,23.6,18.8,74.9,74.9,0.0,2.1,2.5,5.5
2020-10-02,83.25,Excellent,autumn,83.25,Excellent,autumn,83.45,Excellent,75.73,84.44,4.5,4.0,5.0,4.0,0.95,20.92896,18.449279999999998,21.9,19.2,79.6,79.6,0.0,2.3,1.9,9.1
2020-10-03,84.19,Excellent,autumn,84.19,Excellent,autumn,84.33,Excellent,83.82,83.7,4.5,4.0,5.0,4.5,0.9,21.747999999999998,18.811,23.2,19.9,72.5,72.5,0.0,1.6,1.8,8.0
2020-10-04,82.38,Excellent,autumn,82.38,Excellent,autumn,82.52,Excellent,83.27,82.13,4.5,3.5,5.0,3.5,2.15,20.15272,15.678640000000001,21.8,16.6,65.1,65.1,0.0,2.8,4.3,7.1
2020-10-05,82.09,Excellent,autumn,82.09,Excellent,autumn,82.04,Excellent,82.89,80.83,3.5,3.0,5.0,4.0,5.0,16.96528,12.736360000000001,18.4,13.3,57.3,57.3,0.0,2.5,10.5,2.3
2020-10-06,84.27,Excellent,autumn,84.27,Excellent,autumn,84.24,Excellent,82.91,80.02,3.5,3.5,5.0,4.0,5.0,17.98892,13.459119999999999,19.7,14.2,55.9,55.9,0.0,2.0,10.8,2.5
2020-10-07,85.56,Excellent,autumn,85.56,Excellent,autumn,85.56,Excellent,83.97,83.68,4.0,3.5,5.0,4.0,4.45,19.5472,14.7736,22.0,16.0,48.9,48.9,0.0,1.9,8.9,3.8
2020-10-08,87.97,Excellent,autumn,87.97,Excellent,autumn,87.97,Excellent,85.93,84.24,4.5,3.5,5.0,3.5,5.0,20.6372,15.8464,23.1,17.2,53.0,53.0,0.0,3.1,10.8,0.1
2020-10-09,87.97,Excellent,autumn,87.97,Excellent,autumn,87.97,Excellent,87.17,84.92,4.5,3.5,5.0,3.5,5.0,20.820880000000002,15.85792,23.3,17.2,53.4,53.4,0.0,3.0,10.6,4.6
2020-10-10,84.29,Excellent,autumn,84.29,Excellent,autumn,84.29,Excellent,86.74,84.93,4.0,3.5,5.0,4.0,3.8,19.6646,15.798759999999998,21.5,16.9,60.1,60.1,0.0,2.0,7.6,5.3
2020-10-11,81.64,Excellent,autumn,81.64,Excellent,autumn,81.64,Excellent,84.63,84.83,4.0,3.5,5.0,4.0,2.45,19.4392,16.0306,20.8,16.9,68.5,68.5,0.0,1.8,4.9,5.8
2020-10-12,84.19,Excellent,autumn,84.19,Excellent,autumn,84.19,Excellent,83.37,85.13,4.0,3.5,5.0,4.0,3.75,19.88072,15.42128,21.3,16.2,68.6,68.6,0.0,2.2,7.5,2.6
2020-10-13,79.25,Very Good,autumn,79.25,Very Good,autumn,79.25,Very Good,81.69,84.41,3.5,3.0,5.0,4.0,3.55,16.79728,12.91312,18.4,13.6,52.3,52.3,0.0,2.2,7.1,3.5
2020-10-14,77.97,Very Good,autumn,77.97,Very Good,autumn,77.97,Very Good,80.47,83.33,3.5,3.0,5.0,4.0,2.9,16.304,12.2064,18.0,12.8,47.0,47.0,0.0,2.4,5.8,6.6
2020-10-15,80.39,Excellent,autumn,80.39,Excellent,autumn,80.39,Excellent,79.2,82.24,3.5,3.0,5.0,4.5,3.6,16.5212,11.30424,18.5,11.7,41.8,41.8,0.0,1.5,7.2,6.6
2020-10-16,75.68,Very Good,autumn,75.68,Very Good,autumn,75.68,Very Good,78.01,80.49,3.5,3.0,5.0,4.5,1.2000000000000002,14.62888,11.54296,15.4,11.8,64.3,64.3,0.0,1.5,0.0,7.6
2020-10-17,82.09,Excellent,autumn,82.09,Excellent,autumn,82.09,Excellent,79.39,80.17,3.5,3.0,5.0,4.0,5.0,17.371920000000003,12.65732,18.6,13.1,64.3,64.3,0.0,1.8,10.1,1.0
2020-10-18,86.35,Excellent,autumn,86.35,Excellent,autumn,86.35,Excellent,81.37,80.85,4.0,3.5,5.0,4.0,4.85,18.7924,13.1032,20.2,13.6,65.5,65.5,0.0,2.0,9.7,0.5
2020-10-19,88.81,Excellent,autumn,88.81,Excellent,autumn,88.81,Excellent,85.75,81.51,4.5,3.5,5.0,4.0,4.9,20.14288,14.57776,21.3,15.1,74.4,74.4,0.0,1.7,9.8,0.0
2020-10-20,90.05,Ideal,autumn,90.05,Ideal,autumn,90.05,Ideal,88.4,83.05,4.5,3.5,5.0,4.5,5.0,20.16028,14.51568,21.7,15.2,67.1,67.1,0.0,1.6,10.0,0.4
2020-10-21,74.57,Very Good,autumn,74.57,Very Good,autumn,74.57,Very Good,84.48,82.56,3.5,3.5,5.0,4.0,0.05,16.406480000000002,13.59816,17.3,14.1,69.4,69.4,0.0,1.9,0.1,7.3
2020-10-22,78.72,Very Good,autumn,78.72,Very Good,autumn,78.72,Very Good,81.11,82.32,3.5,3.5,5.0,3.5,2.7,17.0848,13.024000000000001,18.2,13.5,66.0,66.0,0.0,2.8,5.4,4.6
2020-10-23,78.58,Very Good,autumn,78.58,Very Good,autumn,78.58,Very Good,77.29,82.74,3.0,3.0,5.0,3.5,4.95,12.6598,8.871599999999999,13.3,8.6,51.5,51.5,0.0,3.0,9.9,0.0
2020-10-24,81.99,Excellent,autumn,81.99,Excellent,autumn,81.99,Excellent,79.76,82.72,3.5,3.0,5.0,4.0,4.95,13.1616,8.97248,14.0,8.7,47.6,47.6,0.0,2.5,9.9,0.0
2020-10-25,80.91,Excellent,autumn,80.91,Excellent,autumn,80.91,Excellent,80.49,81.95,3.5,3.0,5.0,4.0,4.4,16.97,11.530000000000001,18.2,11.8,62.5,62.5,0.0,1.7,8.8,2.8
2020-10-26,82.35,Excellent,autumn,82.35,Excellent,autumn,82.35,Excellent,81.75,81.02,3.5,3.0,5.0,4.5,4.6,17.9776,12.57056,19.0,12.9,71.6,71.6,0.0,1.6,9.2,1.6
2020-10-27,84.97,Excellent,autumn,84.97,Excellent,autumn,84.97,Excellent,82.74,80.3,4.0,3.5,5.0,4.0,4.15,18.42616,13.5856,19.4,14.0,74.1,74.1,0.0,1.8,8.3,1.1
2020-10-28,83.49,Excellent,autumn,83.49,Excellent,autumn,83.49,Excellent,83.6,81.57,3.5,3.5,5.0,4.0,4.6,16.62888,13.07192,18.2,13.8,52.1,52.1,0.0,2.5,9.2,3.8
2020-10-29,81.11,Excellent,autumn,81.11,Excellent,autumn,81.11,Excellent,83.19,81.91,3.5,3.0,5.0,4.0,4.5,14.643320000000001,10.60896,16.1,10.8,40.3,40.3,0.0,2.0,9.0,3.1
2020-10-30,82.84,Excellent,autumn,82.84,Excellent,autumn,82.84,Excellent,82.48,82.52,3.5,3.0,5.0,4.5,4.85,17.40736,11.46604,19.6,11.9,42.9,42.9,0.0,1.5,9.7,0.4
2020-10-31,79.11,Very Good,autumn,79.11,Very Good,autumn,79.11,Very Good,81.02,82.11,3.5,3.5,5.0,3.5,2.9,16.89784,13.028319999999999,18.2,13.6,60.3,60.3,0.0,2.6,5.8,6.1
2020-11-01,66.51,Good,autumn,66.51,Good,autumn,66.51,Good,76.15,80.05,3.5,3.5,3.64,4.0,0.7000000000000002,14.686,13.46764,15.0,13.7,84.3,84.3,13.6,2.3,0.0,8.6
2020-11-02,80.53,Excellent,autumn,80.53,Excellent,autumn,80.53,Excellent,75.38,79.79,3.5,3.0,4.83,4.0,4.8,14.66592,10.66656,15.6,10.8,58.3,58.3,1.7,2.3,9.6,3.0
2020-11-03,74.33,Very Good,autumn,74.33,Very Good,autumn,74.33,Very Good,73.79,78.27,3.0,2.5,4.95,3.0,4.6,8.894,6.129,8.6,5.1,47.5,47.5,0.5,3.5,9.2,1.5
2020-11-04,77.15,Very Good,autumn,77.15,Very Good,autumn,77.15,Very Good,77.34,77.37,3.0,2.5,5.0,4.0,4.8,10.62048,6.04444,10.8,4.9,43.9,43.9,0.0,2.3,9.6,0.0
2020-11-05,80.52,Excellent,autumn,80.52,Excellent,autumn,80.52,Excellent,77.33,77.28,3.5,3.0,5.0,4.0,4.2,14.9914,9.6616,15.9,9.6,61.5,61.5,0.0,1.8,8.4,5.3
2020-11-06,72.58,Very Good,autumn,72.58,Very Good,autumn,72.58,Very Good,76.75,75.82,3.5,3.0,5.0,4.0,0.15,16.14304,12.9862,17.2,13.5,63.3,63.3,0.0,1.7,0.3,8.9
2020-11-07,80.22,Excellent,autumn,80.22,Excellent,autumn,80.22,Excellent,77.77,75.98,3.5,3.5,4.99,3.5,3.5,17.08912,14.02592,18.1,14.6,68.8,68.8,0.1,2.7,7.0,3.6
2020-11-08,78.19,Very Good,autumn,78.19,Very Good,autumn,78.19,Very Good,77.0,77.65,3.0,3.0,5.0,3.5,4.75,11.86048,8.8372,12.4,8.5,43.8,43.8,0.0,3.1,9.5,0.0
2020-11-09,73.62,Very Good,autumn,73.62,Very Good,autumn,73.62,Very Good,77.34,76.66,3.0,2.5,5.0,4.0,3.0,9.16004,6.5638000000000005,8.9,5.5,40.9,40.9,0.0,1.8,6.0,2.4
2020-11-10,79.33,Very Good,autumn,79.33,Very Good,autumn,79.33,Very Good,77.05,77.37,3.0,3.0,5.0,4.0,4.8,12.39076,8.10388,12.9,7.7,56.1,56.1,0.0,2.2,9.6,0.0
2020-11-11,82.74,Excellent,autumn,82.74,Excellent,autumn,82.71,Excellent,78.56,78.17,3.5,3.0,5.0,4.5,4.8,15.291,9.430200000000001,16.5,9.3,53.5,53.5,0.0,1.6,9.6,0.0
2020-11-12,81.5,Excellent,autumn,81.5,Excellent,autumn,81.41,Excellent,81.19,78.31,3.5,3.0,5.0,4.0,4.7,16.372519999999998,10.33104,17.7,10.4,56.9,56.9,0.0,1.7,9.4,2.0
2020-11-13,78.72,Very Good,autumn,78.72,Very Good,autumn,78.7,Very Good,80.99,79.19,3.5,3.0,5.0,4.5,2.75,16.733600000000003,11.9492,17.6,12.2,71.5,71.5,0.0,1.6,5.5,3.0
2020-11-14,82.5,Excellent,autumn,82.5,Excellent,autumn,82.34,Excellent,80.91,79.51,4.0,3.0,5.0,4.0,4.0,18.06868,12.169,19.3,12.5,66.9,66.9,0.0,1.7,8.0,1.3
2020-11-15,78.95,Very Good,autumn,78.95,Very Good,autumn,78.8,Very Good,80.06,79.62,3.5,3.0,5.0,4.0,3.4,14.41,10.99,14.9,11.1,75.0,75.0,0.0,1.7,6.8,3.4
2020-11-16,81.56,Excellent,autumn,81.56,Excellent,autumn,81.41,Excellent,81.0,80.76,3.5,3.0,5.0,4.5,4.2,17.30732,12.112960000000001,18.3,12.4,70.1,70.1,0.0,1.6,8.4,2.1
2020-11-17,78.05,Very Good,autumn,78.05,Very Good,autumn,78.1,Very Good,79.52,80.57,4.0,3.5,4.99,4.0,0.65,18.7,15.133000000000001,20.0,15.9,67.5,67.5,0.1,2.3,1.3,7.4
2020-11-18,67.63,Good,autumn,67.63,Good,autumn,67.87,Good,75.75,78.42,4.0,3.5,3.7800000000000002,3.5,0.09999999999999964,18.40072,16.372960000000003,18.7,16.6,91.4,91.4,12.2,2.6,0.0,9.8
2020-11-19,40.66,Marginal,autumn,40.66,Marginal,autumn,41.67,Marginal,62.11,72.58,4.0,3.5,0.0,3.0,0.09999999999999964,18.7542,13.4632,19.1,13.6,90.5,90.5,86.9,4.2,0.0,9.8
2020-11-20,65.48,Good,autumn,65.48,Good,autumn,65.16,Good,57.92,70.69,2.5,2.0,5.0,3.5,1.7000000000000002,7.3084,3.54016,7.0,2.8,74.3,74.3,0.0,3.2,0.0,6.6
2020-11-21,74.07,Very Good,autumn,74.07,Very Good,autumn,73.72,Very Good,60.07,69.49,3.0,2.5,4.98,4.0,3.3,12.44048,6.9494,12.8,6.5,67.9,67.9,0.2,2.1,6.6,6.1
2020-11-22,64.84,Good,autumn,64.84,Good,autumn,65.05,Good,68.13,67.47,3.0,2.5,4.52,4.0,0.2,9.1702,5.943199999999999,9.1,5.6,80.5,80.5,4.8,2.5,0.4,7.8
2020-11-23,72.21,Very Good,autumn,72.21,Very Good,autumn,71.53,Very Good,70.37,66.13,2.5,2.0,5.0,4.0,4.6,6.533040000000001,2.98152,5.9,1.7,61.4,61.4,0.0,2.3,9.2,0.3
2020-11-24,66.64,Good,autumn,66.73,Good,winter,66.69,Good,67.93,64.52,2.5,2.5,5.0,4.0,0.65,7.0552,4.1922,6.4,2.9,54.5,54.5,0.0,1.8,1.3,6.1
2020-11-25,73.29,Very Good,autumn,73.14,Very Good,winter,73.21,Very Good,70.69,65.3,3.0,2.5,5.0,4.5,2.3,9.5718,5.37544,9.5,4.6,64.1,64.1,0.0,1.5,4.6,5.4
2020-11-26,74.21,Very Good,autumn,73.3,Very Good,winter,73.69,Very Good,71.06,69.97,3.0,2.5,5.0,4.0,3.3,10.7794,6.1895999999999995,10.9,5.6,66.5,66.5,0.0,1.7,6.6,5.5
2020-11-27,71.6,Very Good,autumn,70.54,Very Good,winter,70.96,Very Good,72.33,70.69,3.0,2.5,5.0,3.5,2.5,8.05328,5.00624,7.7,4.1,61.6,61.6,0.0,2.7,5.0,4.9
2020-11-28,70.97,Very Good,autumn,69.12,Good,winter,69.78,Good,70.99,69.98,2.5,2.0,5.0,3.5,4.5,4.24,1.92,2.8,-0.1,50.0,50.0,0.0,2.8,9.0,2.9
2020-11-29,62.29,Good,autumn,62.24,Good,winter,62.25,Good,67.3,69.61,2.0,2.0,5.0,4.0,0.75,3.79584,1.1129600000000002,2.6,-0.6,59.6,59.6,0.0,2.2,1.5,4.1
2020-11-30,72.11,Very Good,autumn,70.66,Very Good,winter,71.07,Very Good,67.34,69.39,2.5,2.0,5.0,4.0,4.55,5.26216,1.5217600000000002,4.3,-0.2,57.8,57.8,0.0,1.9,9.1,0.0
2020-12-01,69.2,Good,winter,69.2,Good,winter,69.49,Good,67.37,69.74,2.5,2.0,5.0,4.0,3.65,7.4326,3.0758,6.7,1.1,44.5,44.5,0.0,1.9,7.3,4.4
2020-12-02,68.43,Good,winter,68.43,Good,winter,68.49,Good,69.43,69.07,2.5,2.5,5.0,4.0,1.7,7.01416,4.18144,6.1,2.4,41.4,41.4,0.0,1.8,3.4,6.6
2020-12-03,69.2,Good,winter,69.2,Good,winter,69.53,Good,68.94,68.48,2.5,2.0,5.0,3.5,4.55,5.42728,2.6678800000000003,4.2,0.7,47.1,47.1,0.0,2.7,9.1,1.0
2020-12-04,70.58,Very Good,winter,70.58,Very Good,winter,70.78,Very Good,69.4,68.49,2.5,2.0,5.0,4.0,4.5,5.434880000000001,1.3588800000000005,4.4,-0.6,53.8,53.8,0.0,1.8,9.0,0.9
2020-12-05,67.42,Good,winter,67.42,Good,winter,67.5,Good,69.07,68.25,2.5,2.0,5.0,4.0,2.55,7.101839999999999,3.2660400000000003,6.6,2.1,63.1,63.1,0.0,1.7,5.1,5.6
2020-12-06,72.81,Very Good,winter,72.81,Very Good,winter,72.87,Very Good,70.27,69.76,3.0,2.5,5.0,4.0,3.0,9.21916,5.2282,9.1,4.5,66.9,66.9,0.0,1.8,6.0,4.3
2020-12-07,70.21,Very Good,winter,70.21,Very Good,winter,70.26,Very Good,70.15,69.69,2.5,2.5,5.0,3.5,3.7,6.929,4.522,6.3,3.4,57.5,57.5,0.0,2.6,7.4,3.8
2020-12-08,70.34,Very Good,winter,70.34,Very Good,winter,70.34,Very Good,71.12,69.86,2.5,2.0,5.0,4.0,4.35,5.279999999999999,1.6,4.1,-0.5,50.0,50.0,0.0,2.0,8.7,0.4
2020-12-09,69.53,Good,winter,69.53,Good,winter,69.53,Good,70.03,70.01,2.5,2.0,5.0,4.5,2.95,6.88248,3.0266,6.2,1.5,55.1,55.1,0.0,1.5,5.9,4.5
2020-12-10,68.84,Good,winter,68.84,Good,winter,68.84,Good,69.57,69.96,3.0,2.5,5.0,4.0,0.55,9.38428,6.30568,9.3,5.8,69.9,69.9,0.0,1.7,1.1,7.8
2020-12-11,69.89,Good,winter,69.89,Good,winter,69.89,Good,69.42,69.86,3.0,2.5,5.0,4.0,1.2,9.45496,5.73052,9.4,5.3,77.1,77.1,0.0,1.8,2.4,6.5
2020-12-12,70.26,Very Good,winter,70.26,Very Good,winter,70.26,Very Good,69.66,70.27,2.5,2.0,5.0,4.0,4.3,6.859719999999999,3.7999599999999996,6.1,2.3,51.3,51.3,0.0,2.1,8.6,1.8
2020-12-13,58.67,Acceptable,winter,58.67,Acceptable,winter,58.67,Acceptable,66.27,68.25,2.0,2.0,4.71,3.5,0.55,2.8031999999999995,0.014439999999999564,2.0,-1.1,74.9,74.9,2.9,2.9,1.1,5.4
2020-12-14,59.72,Acceptable,winter,59.72,Acceptable,winter,59.72,Acceptable,62.88,66.75,1.5,1.0,5.0,3.5,4.45,-1.9459999999999997,-4.09628,-5.0,-7.7,49.1,49.1,0.0,3.4,8.9,0.0
2020-12-15,59.8,Acceptable,winter,59.8,Acceptable,winter,59.8,Acceptable,59.4,65.24,1.5,1.0,5.0,3.5,4.5,-1.2711999999999994,-4.1276,-4.6,-8.3,43.0,43.0,0.0,2.8,9.0,0.0
2020-12-16,59.8,Acceptable,winter,59.8,Acceptable,winter,59.8,Acceptable,59.77,63.85,1.5,1.0,5.0,3.5,4.5,-0.78084,-4.193480000000001,-3.9,-8.3,43.9,43.9,0.0,2.6,9.0,0.0
2020-12-17,65.92,Good,winter,65.92,Good,winter,65.92,Good,61.84,63.44,2.0,1.5,5.0,4.0,4.5,2.7504,-1.7411999999999996,0.8,-4.9,47.0,47.0,0.0,1.7,9.0,2.3
2020-12-18,61.5,Good,winter,61.5,Good,winter,61.5,Good,62.41,62.24,2.0,1.5,4.98,3.5,2.75,3.2104,-0.018799999999999706,1.8,-2.1,57.0,57.0,0.2,3.0,5.5,4.1
2020-12-19,65.92,Good,winter,65.92,Good,winter,65.92,Good,64.45,61.62,2.0,1.5,5.0,4.0,4.5,1.2595199999999995,-1.78404,-1.2,-5.1,45.1,45.1,0.0,2.4,9.0,1.4
2020-12-20,66.0,Good,winter,66.0,Good,winter,66.0,Good,64.47,62.67,2.0,1.5,5.0,4.0,4.55,2.8657600000000003,-0.9819200000000001,1.1,-3.7,50.4,50.4,0.0,2.0,9.1,0.0
2020-12-21,71.88,Very Good,winter,71.88,Very Good,winter,71.88,Very Good,67.93,64.4,2.5,2.0,5.0,4.5,4.4,5.461080000000001,0.5796000000000006,4.7,-1.0,64.1,64.1,0.0,1.6,8.8,0.9
2020-12-22,67.5,Good,winter,67.5,Good,winter,67.5,Good,68.46,65.5,2.5,2.0,5.0,4.0,2.6,7.56288,3.0368000000000004,7.2,2.0,67.6,67.6,0.0,2.0,5.2,4.8
2020-12-23,69.33,Good,winter,69.33,Good,winter,69.33,Good,69.57,66.86,3.0,2.5,5.0,4.0,0.85,8.6404,5.0148,8.5,4.5,76.6,76.6,0.0,2.3,1.7,7.8
2020-12-24,68.23,Good,winter,68.23,Good,winter,68.23,Good,68.35,67.19,2.5,2.0,5.0,3.5,3.95,6.7006,3.7396000000000003,6.1,2.6,61.5,61.5,0.0,2.9,7.9,1.3
2020-12-25,70.58,Very Good,winter,70.58,Very Good,winter,70.58,Very Good,69.38,68.49,2.5,2.0,5.0,4.0,4.5,4.7506,1.2779200000000002,3.5,-0.8,51.9,51.9,0.0,2.1,9.0,0.1
2020-12-26,72.2,Very Good,winter,72.2,Very Good,winter,72.2,Very Good,70.34,69.39,3.0,2.0,5.0,4.0,4.1,8.2736,3.2670400000000006,8.0,2.2,65.8,65.8,0.0,1.8,8.2,3.0
2020-12-27,72.73,Very Good,winter,72.73,Very Good,winter,72.73,Very Good,71.84,70.35,3.0,2.5,5.0,4.0,2.95,10.0,6.42328,10.0,5.8,62.9,62.9,0.0,1.8,5.9,7.5
2020-12-28,75.09,Very Good,winter,75.09,Very Good,winter,75.09,Very Good,73.34,70.81,3.0,2.5,4.87,4.5,4.0,11.24376,7.068280000000001,11.4,6.7,72.1,72.1,1.3,1.4,8.0,5.3
2020-12-29,62.92,Good,winter,62.92,Good,winter,62.92,Good,70.25,70.15,2.5,2.0,4.98,3.5,0.75,4.9657599999999995,1.2563200000000003,4.3,0.1,70.8,70.8,0.2,2.9,0.0,8.5
2020-12-30,57.77,Acceptable,winter,57.77,Acceptable,winter,57.77,Acceptable,65.26,68.5,1.5,1.0,5.0,3.0,4.15,-3.3164000000000002,-7.179800000000001,-6.2,-10.9,55.5,55.5,0.0,4.1,8.3,0.8
2020-12-31,58.83,Acceptable,winter,58.83,Acceptable,winter,58.83,Acceptable,59.84,67.16,1.5,1.0,5.0,4.0,3.0,-2.234,-5.414840000000001,-5.0,-8.9,53.9,53.9,0.0,2.4,6.0,0.4
2021-01-01,63.9,Good,winter,63.9,Good,winter,63.9,Good,60.17,66.21,2.0,1.5,5.0,4.0,3.25,2.8096,-2.1552000000000002,1.6,-4.2,64.0,64.0,0.0,2.0,6.5,3.9
2021-01-02,64.46,Good,winter,64.46,Good,winter,64.46,Good,62.4,65.1,2.0,1.5,5.0,3.5,4.5,1.4044000000000003,-1.31,-1.4,-5.0,38.5,38.5,0.0,2.6,9.0,0.0
2021-01-03,63.09,Good,winter,63.09,Good,winter,63.09,Good,63.82,63.72,2.0,1.5,5.0,4.0,2.75,0.6400000000000006,-2.1679999999999993,-2.0,-5.6,45.0,45.0,0.0,2.0,5.5,2.9
2021-01-04,62.36,Good,winter,62.36,Good,winter,62.36,Good,63.3,61.9,2.0,1.5,5.0,4.0,2.3,2.1856799999999996,-0.8755999999999999,0.3,-3.5,51.4,51.4,0.0,1.7,4.6,4.8
2021-01-05,64.14,Good,winter,64.14,Good,winter,64.14,Good,63.2,62.08,2.0,1.5,5.0,3.5,4.3,0.18447999999999976,-2.5736,-2.1,-5.5,52.8,52.8,0.0,2.9,8.6,2.6
2021-01-06,62.2,Good,winter,62.2,Good,winter,62.2,Good,62.9,62.71,2.0,1.0,4.77,4.0,4.55,0.2610400000000004,-4.240160000000001,-1.9,-7.4,54.6,54.6,2.3,2.4,9.1,3.6
2021-01-07,51.37,Acceptable,winter,51.37,Acceptable,winter,51.37,Acceptable,59.24,61.65,1.0,0.0,5.0,3.0,4.55,-4.71264,-9.5902,-8.4,-14.5,49.9,49.9,0.0,4.1,,0.9
2021-01-08,52.91,Acceptable,winter,52.91,Acceptable,winter,52.91,Acceptable,55.49,60.08,1.0,0.0,5.0,3.5,4.6,-6.063199999999999,-9.322399999999998,-10.7,-14.9,44.0,44.0,0.0,3.3,9.2,0.0
2021-01-09,59.8,Acceptable,winter,59.8,Acceptable,winter,59.8,Acceptable,54.69,59.41,1.5,1.0,5.0,3.5,4.5,-3.7409999999999997,-7.4314399999999985,-7.5,-12.2,46.3,46.3,0.0,2.6,9.0,0.8
2021-01-10,60.45,Good,winter,60.45,Good,winter,60.45,Good,57.72,59.03,1.5,1.0,5.0,4.5,3.1,-0.3835200000000003,-4.47152,-2.7,-7.7,54.4,54.4,0.0,1.3,6.2,3.0
2021-01-11,56.48,Acceptable,winter,56.48,Acceptable,winter,56.48,Acceptable,58.91,58.19,1.5,1.0,5.0,4.0,1.5499999999999998,-1.8775999999999997,-4.16828,-4.0,-6.7,62.1,62.1,0.0,1.9,0.0,6.9
2021-01-12,59.95,Acceptable,winter,59.95,Acceptable,winter,59.95,Acceptable,58.96,57.59,2.0,1.5,4.74,4.0,1.8,0.3609999999999999,-2.7602,-0.5,-3.9,79.5,79.5,2.6,1.8,3.6,6.1
2021-01-13,70.5,Very Good,winter,70.5,Very Good,winter,70.5,Very Good,62.31,58.78,3.0,2.0,5.0,4.0,3.05,8.43396,2.6304000000000003,8.3,2.0,80.3,80.3,0.0,2.4,6.1,3.0
2021-01-14,69.77,Good,winter,69.77,Good,winter,69.77,Good,66.74,61.41,2.5,2.0,5.0,4.0,4.0,7.642,3.4761999999999995,7.0,1.7,46.5,46.5,0.0,2.3,8.0,0.0
2021-01-15,67.58,Good,winter,67.58,Good,winter,67.58,Good,69.28,63.5,3.0,2.5,4.98,3.5,0.75,9.91304,5.2172,9.9,4.5,67.4,67.4,0.2,3.0,0.0,8.5
2021-01-16,64.38,Good,winter,64.38,Good,winter,64.38,Good,67.24,64.16,2.0,1.5,5.0,3.5,4.45,1.0419600000000002,-2.47428,-0.7,-4.9,59.3,59.3,0.0,3.3,8.9,0.8
2021-01-17,64.3,Good,winter,64.3,Good,winter,64.3,Good,65.42,64.71,2.0,1.5,5.0,4.0,3.5,0.5758000000000003,-2.9269999999999996,-1.3,-5.5,58.5,58.5,0.0,2.3,7.0,2.3
2021-01-18,59.01,Acceptable,winter,59.01,Acceptable,winter,59.01,Acceptable,62.56,65.07,2.0,1.5,4.97,3.5,1.25,1.59944,-1.8293599999999997,0.2,-3.8,64.3,64.3,0.3,3.2,2.5,4.3
2021-01-19,66.08,Good,winter,66.08,Good,winter,66.08,Good,63.13,65.95,2.0,1.5,5.0,4.0,4.6,2.3336799999999998,-2.25108,-0.2,-6.3,37.9,37.9,0.0,1.8,9.2,0.0
2021-01-20,70.5,Very Good,winter,70.5,Very Good,winter,70.5,Very Good,65.2,65.95,2.5,2.0,5.0,4.0,4.45,7.82152,2.4128800000000004,7.1,-0.1,37.8,37.8,0.0,2.2,8.9,1.9
2021-01-21,60.36,Good,winter,60.36,Good,winter,60.36,Good,65.65,64.6,2.5,2.5,4.08,4.0,0.20000000000000018,7.4272,5.2832,7.0,4.5,64.4,64.4,9.2,2.3,0.0,9.6
2021-01-22,66.02,Good,winter,66.02,Good,winter,66.02,Good,65.63,64.38,2.5,2.5,4.99,4.0,0.25,6.69656,5.6278,6.6,5.5,92.9,92.9,0.1,1.7,0.0,9.5
2021-01-23,69.32,Good,winter,69.32,Good,winter,69.32,Good,65.23,65.08,3.0,2.5,5.0,3.0,2.65,11.9008,7.926399999999999,12.2,7.6,66.0,66.0,0.0,4.2,5.3,6.5
2021-01-24,76.86,Very Good,winter,76.86,Very Good,winter,76.86,Very Good,70.73,66.88,3.5,2.5,5.0,4.0,4.1,13.33684,7.68988,13.9,7.3,63.9,63.9,0.0,2.1,8.2,3.4
2021-01-25,78.77,Very Good,winter,78.77,Very Good,winter,78.77,Very Good,74.98,69.7,3.5,3.0,5.0,4.0,3.8,13.3072,8.2192,13.9,7.9,62.0,62.0,0.0,1.9,7.6,6.3
2021-01-26,65.93,Good,winter,65.93,Good,winter,65.93,Good,73.85,69.68,2.5,2.5,4.83,4.0,0.7999999999999998,7.60384,5.66848,7.4,5.3,80.4,80.4,1.7,1.9,0.0,8.4
2021-01-27,70.09,Very Good,winter,70.09,Very Good,winter,70.09,Very Good,71.6,69.62,2.5,2.0,5.0,4.0,4.2,7.2336,3.43968,6.5,1.7,47.6,47.6,0.0,2.2,8.4,6.4
2021-01-28,56.34,Acceptable,winter,56.34,Acceptable,winter,56.34,Acceptable,64.12,69.05,2.0,1.5,4.8,3.0,1.15,3.0408799999999996,-0.1959200000000001,1.4,-2.6,52.3,52.3,2.0,4.0,2.3,5.1
2021-01-29,58.83,Acceptable,winter,58.83,Acceptable,winter,58.83,Acceptable,61.75,68.02,1.5,1.0,5.0,3.0,4.8,-1.3239999999999998,-4.288,-4.9,-8.8,40.0,40.0,0.0,3.5,9.6,0.3
2021-01-30,68.17,Good,winter,68.17,Good,winter,68.17,Good,61.11,67.86,2.5,2.0,4.95,4.0,3.2,5.968,0.2559999999999998,5.2,-1.6,60.0,60.0,0.5,2.5,6.4,3.9
2021-01-31,73.38,Very Good,winter,73.38,Very Good,winter,73.38,Very Good,66.79,67.36,3.0,2.5,5.0,4.0,3.35,8.923599999999999,4.3696,8.7,3.2,57.0,57.0,0.0,2.0,6.7,4.8
2021-02-01,66.95,Good,winter,66.95,Good,winter,66.95,Good,69.5,65.67,3.0,2.5,4.93,3.5,0.55,9.551,5.51,9.5,5.0,74.5,74.5,0.7,2.7,1.1,7.6
2021-02-02,63.49,Good,winter,63.49,Good,winter,63.49,Good,67.94,65.32,2.0,1.5,5.0,3.0,4.8,0.3726400000000001,-2.11184,-2.4,-5.6,44.1,44.1,0.0,3.9,9.6,1.8
2021-02-03,61.89,Good,winter,61.89,Good,winter,61.89,Good,64.11,64.15,2.0,1.5,4.66,4.0,3.3,2.6177600000000005,-1.3308799999999996,1.4,-3.2,64.6,64.6,3.4,2.2,6.6,5.0
2021-02-04,66.34,Good,winter,66.34,Good,winter,66.34,Good,63.91,65.58,2.0,1.5,4.99,4.0,4.8,2.55628,-0.88544,0.7,-3.6,50.1,50.1,0.1,2.5,9.6,0.1
2021-02-05,65.48,Good,winter,65.48,Good,winter,65.48,Good,64.57,66.53,2.5,2.0,5.0,4.0,1.35,7.07224,2.3700799999999997,6.7,1.4,71.8,71.8,0.0,2.4,2.7,6.0
2021-02-06,68.03,Good,winter,68.03,Good,winter,68.03,Good,66.62,66.51,3.0,2.5,5.0,4.0,0.05,9.5392,7.050879999999999,9.5,6.8,80.4,80.4,0.0,2.2,0.1,9.0
2021-02-07,71.35,Very Good,winter,71.35,Very Good,winter,71.35,Very Good,68.29,66.22,3.0,2.5,5.0,3.5,3.0,8.0036,4.4448,7.7,3.6,67.0,67.0,0.0,2.9,6.0,4.4
2021-02-08,64.95,Good,winter,64.95,Good,winter,64.95,Good,68.11,65.93,2.0,1.5,5.0,3.5,4.8,2.4108800000000006,-0.14463999999999988,0.2,-3.1,43.6,43.6,0.0,3.4,9.6,0.0
2021-02-09,71.15,Very Good,winter,71.15,Very Good,winter,71.15,Very Good,69.15,67.03,2.5,2.0,5.0,4.0,4.85,5.719720000000001,1.1971600000000002,4.7,-0.9,51.9,51.9,0.0,2.0,9.7,0.1
2021-02-10,66.25,Good,winter,66.25,Good,winter,66.25,Good,67.45,67.65,2.5,2.5,5.0,4.0,0.35,7.47888,4.05736,7.2,3.4,75.1,75.1,0.0,2.1,0.7,6.3
2021-02-11,73.62,Very Good,winter,73.62,Very Good,winter,73.62,Very Good,70.34,68.69,3.0,2.5,5.0,4.5,2.6,10.7974,6.013,10.9,5.5,71.5,71.5,0.0,1.3,5.2,5.3
2021-02-12,77.67,Very Good,winter,77.67,Very Good,winter,77.67,Very Good,72.51,70.43,3.5,2.5,5.0,4.0,4.6,13.3696,7.0516000000000005,14.0,6.5,60.6,60.6,0.0,1.7,9.2,4.0
2021-02-13,81.6,Excellent,winter,81.6,Excellent,winter,81.6,Excellent,77.63,72.37,3.5,3.0,5.0,4.5,4.65,14.73416,8.07424,15.9,7.6,50.6,50.6,0.0,1.5,9.3,1.1
2021-02-14,73.99,Very Good,winter,73.99,Very Good,winter,73.99,Very Good,77.75,72.75,3.5,3.0,5.0,4.0,0.85,13.00352,9.604800000000001,13.8,9.5,47.6,47.6,0.0,1.7,1.7,8.1
2021-02-15,65.26,Good,winter,65.26,Good,winter,65.27,Good,73.62,72.79,3.0,2.0,4.86,3.0,2.15,8.451279999999999,2.4284800000000004,8.2,1.2,65.1,65.1,1.4,4.0,4.3,5.8
2021-02-16,58.52,Acceptable,winter,58.52,Acceptable,winter,58.48,Acceptable,65.92,70.99,2.0,1.5,4.85,3.5,1.4,0.6029200000000003,-2.557159999999999,-1.3,-5.1,57.9,57.9,1.5,3.2,2.8,4.0
2021-02-17,58.99,Acceptable,winter,58.99,Acceptable,winter,59.21,Acceptable,60.92,69.95,1.5,1.0,5.0,3.0,4.9,-1.8012800000000007,-4.208120000000001,-5.2,-8.3,44.1,44.1,0.0,5.0,9.8,1.6
2021-02-18,65.19,Good,winter,65.19,Good,winter,65.44,Good,60.9,68.75,2.0,1.5,5.0,3.5,4.95,1.89216,-2.31768,-0.4,-5.8,44.9,44.9,0.0,3.1,9.9,0.0
2021-02-19,71.31,Very Good,winter,71.31,Very Good,winter,71.6,Very Good,65.16,67.84,3.0,2.0,5.0,3.5,4.45,9.04564,2.71216,8.9,1.6,66.9,66.9,0.0,2.9,8.9,3.3
2021-02-20,78.93,Very Good,winter,78.93,Very Good,winter,79.03,Very Good,71.81,67.46,3.5,3.0,5.0,4.0,3.9,14.12384,8.99008,14.9,8.8,60.4,60.4,0.0,2.1,7.8,2.4
2021-02-21,79.01,Very Good,winter,79.01,Very Good,winter,79.32,Very Good,76.42,68.17,3.5,3.0,5.0,3.5,4.85,16.41136,10.69312,17.4,10.8,66.6,66.6,0.0,2.8,9.7,0.8
2021-02-22,73.98,Very Good,winter,73.98,Very Good,winter,73.93,Very Good,77.31,69.42,3.0,3.0,5.0,3.5,3.15,12.166319999999999,8.16696,12.6,7.8,58.3,58.3,0.0,2.9,6.3,2.6
2021-02-23,69.93,Good,winter,69.93,Good,winter,70.46,Very Good,74.31,71.05,2.5,2.0,5.0,3.5,5.0,5.8048,2.6399999999999997,4.3,0.0,34.0,34.0,0.0,2.9,10.0,3.3
2021-02-24,74.75,Very Good,winter,74.75,Very Good,winter,75.05,Very Good,72.89,73.3,3.0,2.5,5.0,4.0,4.2,10.0732,4.8027999999999995,10.1,2.9,33.0,33.0,0.0,1.8,8.4,6.5
2021-02-25,70.95,Very Good,winter,70.95,Very Good,winter,70.37,Very Good,71.88,74.12,3.0,2.5,5.0,4.5,0.9500000000000002,8.66728,5.70568,8.2,4.2,35.1,35.1,0.0,1.4,0.0,8.1
2021-02-26,79.98,Very Good,winter,79.98,Very Good,winter,80.37,Excellent,75.23,75.36,3.5,3.0,5.0,4.0,4.55,14.292,8.668,15.8,8.2,35.0,35.0,0.0,2.3,9.1,4.5
2021-02-27,79.25,Very Good,winter,79.25,Very Good,winter,79.88,Very Good,76.73,75.41,3.5,3.0,5.0,3.5,5.0,14.925279999999999,9.6028,16.2,9.5,48.6,48.6,0.0,3.4,10.3,3.5
2021-02-28,72.45,Very Good,winter,70.9,Very Good,spring,71.68,Very Good,76.71,74.25,3.0,3.0,5.0,4.0,1.3,10.636800000000001,8.2488,10.8,7.8,49.0,49.0,0.0,2.1,2.6,6.1
2021-03-01,32.99,Unfavorable,spring,32.99,Unfavorable,spring,33.61,Unfavorable,61.05,68.39,3.0,2.5,0.0,3.0,0.0,9.036,4.8908000000000005,9.0,4.7,91.0,91.0,67.5,3.5,0.0,10.0
2021-03-02,66.8,Good,spring,66.8,Good,spring,66.9,Good,56.9,67.95,2.5,2.0,4.99,4.0,2.35,7.198840000000001,3.04228,6.9,2.3,75.9,75.9,0.1,1.9,4.7,5.5
2021-03-03,77.41,Very Good,spring,77.41,Very Good,spring,76.88,Very Good,59.07,68.33,3.0,2.5,5.0,4.0,5.0,9.91424,5.19744,9.9,4.4,64.4,64.4,0.0,1.8,10.4,4.5
2021-03-04,68.18,Good,spring,68.18,Good,spring,68.64,Good,70.8,67.93,3.0,2.5,5.0,4.0,0.95,12.5488,7.62112,13.0,7.2,62.4,62.4,0.0,1.9,1.9,6.3
2021-03-05,81.92,Excellent,spring,81.92,Excellent,spring,81.53,Excellent,75.84,68.21,3.5,3.0,5.0,4.0,5.0,15.463439999999999,9.1188,16.2,9.0,70.3,70.3,0.0,2.1,10.5,1.3
2021-03-06,68.8,Good,spring,68.8,Good,spring,68.98,Good,72.97,66.71,3.0,2.5,5.0,3.5,1.8,11.4048,7.0148,11.6,6.6,69.5,69.5,0.0,3.3,3.6,4.9
2021-03-07,75.64,Very Good,spring,75.64,Very Good,spring,75.3,Very Good,75.45,67.39,3.0,2.5,5.0,3.5,4.8,11.87352,6.763920000000001,12.2,6.2,62.9,62.9,0.0,2.8,9.6,3.5
2021-03-08,79.99,Very Good,spring,79.99,Very Good,spring,79.63,Very Good,74.81,74.11,3.5,2.5,5.0,4.0,5.0,13.28068,7.4764,13.9,7.0,60.3,60.3,0.0,1.8,10.8,0.0
2021-03-09,76.73,Very Good,spring,76.73,Very Good,spring,76.52,Very Good,77.45,75.52,3.0,2.5,5.0,4.0,4.7,11.8348,7.1644,12.2,6.6,58.5,58.5,0.0,2.2,9.4,4.3
2021-03-10,81.92,Excellent,spring,81.92,Excellent,spring,81.75,Excellent,79.55,76.17,3.5,3.0,5.0,4.0,5.0,16.01512,8.983360000000001,17.1,8.8,61.8,61.8,0.0,1.8,10.2,0.4
2021-03-11,79.53,Very Good,spring,79.53,Very Good,spring,79.47,Very Good,79.39,77.79,3.5,3.0,5.0,4.0,3.95,15.702720000000001,10.160639999999999,17.1,10.2,50.8,50.8,0.0,1.8,7.9,6.4
2021-03-12,70.63,Very Good,spring,70.63,Very Good,spring,70.78,Very Good,77.36,76.18,3.5,3.0,5.0,4.0,0.05,14.0572,10.414,14.9,10.5,57.0,57.0,0.0,2.2,0.1,7.0
2021-03-13,77.36,Very Good,spring,77.36,Very Good,spring,77.36,Very Good,75.84,77.4,3.5,3.0,5.0,4.0,3.0,13.57504,9.31904,14.2,9.2,62.8,62.8,0.0,2.2,6.0,5.0
2021-03-14,79.87,Very Good,spring,79.87,Very Good,spring,79.87,Very Good,75.95,78.0,3.5,3.0,5.0,4.0,4.1,14.16232,9.20296,14.7,9.1,71.4,71.4,0.0,2.2,8.2,3.5
2021-03-15,72.56,Very Good,spring,72.56,Very Good,spring,72.56,Very Good,76.6,76.94,3.5,3.0,4.83,4.0,1.35,14.988639999999998,10.52512,15.7,10.6,68.8,68.8,1.7,2.4,2.7,8.9
2021-03-16,77.24,Very Good,spring,77.24,Very Good,spring,77.24,Very Good,76.56,77.02,3.0,3.0,4.87,3.5,5.0,12.511,8.704,13.1,8.4,52.5,52.5,1.3,3.2,10.6,1.9
2021-03-17,81.92,Excellent,spring,81.92,Excellent,spring,81.92,Excellent,77.24,77.02,3.5,3.0,5.0,4.0,5.0,15.847,9.06448,17.5,8.8,44.9,44.9,0.0,1.8,10.7,0.3
2021-03-18,79.75,Very Good,spring,79.75,Very Good,spring,79.75,Very Good,79.64,77.05,3.5,3.0,5.0,4.0,4.05,16.72336,11.360679999999999,18.4,11.7,50.1,50.1,0.0,1.8,8.1,5.0
2021-03-19,85.06,Excellent,spring,85.06,Excellent,spring,85.06,Excellent,82.24,79.11,4.0,3.5,5.0,4.0,4.4,18.07432,14.19548,20.2,15.3,47.9,47.9,0.0,2.2,8.8,6.8
2021-03-20,67.65,Good,spring,67.65,Good,spring,67.65,Good,77.49,77.72,3.5,3.0,4.49,4.0,0.09999999999999964,14.22248,9.910160000000001,14.7,9.9,74.6,74.6,5.1,2.2,0.0,9.8
2021-03-21,66.51,Good,spring,66.51,Good,spring,66.51,Good,73.07,75.81,3.0,2.5,4.97,3.0,1.45,8.79096,6.37288,8.6,5.8,65.9,65.9,0.3,4.0,2.9,6.8
2021-03-22,76.1,Very Good,spring,76.1,Very Good,spring,76.1,Very Good,70.09,76.32,3.0,2.5,5.0,3.5,5.0,10.903319999999999,6.879440000000001,11.1,6.2,55.3,55.3,0.0,3.2,11.1,0.4
2021-03-23,81.92,Excellent,spring,81.92,Excellent,spring,81.92,Excellent,74.84,76.99,3.5,3.0,5.0,4.0,5.0,15.465599999999998,9.231399999999999,16.4,9.1,63.5,63.5,0.0,2.5,10.3,0.3
2021-03-24,79.53,Very Good,spring,79.53,Very Good,spring,79.53,Very Good,79.18,76.65,3.5,3.0,5.0,4.0,3.95,15.837399999999999,10.6768,16.9,10.8,61.5,61.5,0.0,2.4,7.9,4.3
2021-03-25,81.58,Excellent,spring,81.58,Excellent,spring,81.58,Excellent,81.01,76.91,3.5,3.0,5.0,4.0,4.85,17.866,11.6606,19.0,11.9,68.5,68.5,0.0,2.2,9.7,2.4
2021-03-26,82.73,Excellent,spring,82.73,Excellent,spring,82.73,Excellent,81.28,76.57,4.0,3.0,5.0,4.5,3.65,18.83616,12.16736,20.6,12.6,58.4,58.4,0.0,1.4,7.3,5.5
2021-03-27,55.47,Acceptable,spring,55.47,Acceptable,spring,55.47,Acceptable,73.26,74.83,3.5,3.0,2.45,4.0,0.20000000000000018,14.418,11.85556,15.0,12.1,70.9,70.9,25.5,2.5,0.0,9.6
2021-03-28,61.04,Good,spring,61.04,Good,spring,61.04,Good,66.41,74.05,3.0,3.0,4.08,3.5,0.0,12.9496,9.0168,13.0,9.0,95.8,95.8,9.2,3.3,0.0,10.0
2021-03-29,77.18,Very Good,spring,77.18,Very Good,spring,77.18,Very Good,64.56,74.21,3.5,3.0,4.98,3.5,3.55,13.90632,10.169839999999999,14.6,10.2,62.3,62.3,0.2,3.3,7.1,5.5
2021-03-30,81.92,Excellent,spring,81.92,Excellent,spring,81.92,Excellent,73.38,74.21,3.5,3.0,5.0,4.0,5.0,16.47144,10.63136,18.2,10.8,47.3,47.3,0.0,2.2,11.1,0.6
2021-03-31,86.43,Excellent,spring,86.43,Excellent,spring,86.43,Excellent,81.84,75.19,4.0,3.5,5.0,4.0,5.0,19.8556,13.437999999999999,22.9,14.5,41.0,41.0,0.0,1.8,11.4,3.8
2021-04-01,86.39,Excellent,spring,86.39,Excellent,spring,86.39,Excellent,84.91,75.88,4.5,3.5,5.0,3.0,5.0,20.248,15.6364,24.0,17.7,33.0,33.0,0.0,3.5,10.0,5.3
2021-04-02,77.6,Very Good,spring,77.6,Very Good,spring,77.6,Very Good,83.47,75.15,4.0,3.5,5.0,3.5,1.7,19.6512,15.79072,23.0,17.8,35.6,35.6,0.0,3.2,3.4,8.1
2021-04-03,40.85,Marginal,spring,40.85,Marginal,spring,40.85,Marginal,68.28,73.06,3.5,3.5,0.0,3.5,0.04999999999999982,17.3856,14.52368,18.0,14.9,80.8,80.8,56.2,3.1,0.0,9.9
2021-04-04,70.56,Very Good,spring,70.56,Very Good,spring,70.56,Very Good,63.0,74.42,3.5,3.0,4.94,3.5,0.75,15.00656,11.640080000000001,15.8,11.9,65.8,65.8,0.6,3.2,1.5,6.3
2021-04-05,81.92,Excellent,spring,81.92,Excellent,spring,81.92,Excellent,64.44,75.1,3.5,3.0,5.0,4.0,5.0,17.36188,11.50404,19.3,11.9,47.9,47.9,0.0,2.4,12.0,2.3
2021-04-06,83.85,Excellent,spring,83.85,Excellent,spring,83.85,Excellent,78.78,75.37,3.5,3.5,5.0,4.0,5.0,17.39312,13.13404,19.2,13.9,50.9,50.9,0.0,2.5,10.6,2.4
2021-04-07,86.43,Excellent,spring,86.43,Excellent,spring,86.43,Excellent,84.07,75.37,4.0,3.5,5.0,4.0,5.0,18.215999999999998,13.238999999999999,20.4,14.1,47.5,47.5,0.0,2.5,11.9,0.0
2021-04-08,80.61,Excellent,spring,80.61,Excellent,spring,80.61,Excellent,83.63,74.55,3.5,3.0,5.0,3.5,5.0,15.888,12.208,18.0,13.0,34.0,34.0,0.0,2.7,12.1,0.0
2021-04-09,80.61,Excellent,spring,80.61,Excellent,spring,80.61,Excellent,82.55,74.98,3.5,3.0,5.0,3.5,5.0,17.26912,12.72592,19.6,13.6,39.3,39.3,0.0,2.7,11.9,0.6
2021-04-10,80.61,Excellent,spring,80.61,Excellent,spring,80.61,Excellent,80.61,80.66,3.5,3.0,5.0,3.5,5.0,17.04,12.08,18.8,12.6,50.0,50.0,0.0,2.6,11.5,0.5
2021-04-11,86.43,Excellent,spring,86.43,Excellent,spring,86.43,Excellent,82.55,82.92,4.0,3.5,5.0,4.0,5.0,19.22288,13.908,21.8,15.0,45.4,45.4,0.0,1.7,10.6,3.5
2021-04-12,59.3,Acceptable,spring,59.3,Acceptable,spring,59.3,Acceptable,75.45,79.69,3.5,3.5,2.8,4.0,0.09999999999999964,16.87648,13.35008,17.8,13.8,70.4,70.4,22.0,2.4,0.0,9.8
2021-04-13,66.34,Good,spring,66.34,Good,spring,66.34,Good,70.69,77.19,3.5,3.0,4.2,3.0,1.45,13.136,10.3584,13.5,10.4,74.0,74.0,8.0,3.7,2.9,6.6
2021-04-14,78.03,Very Good,spring,78.03,Very Good,spring,78.03,Very Good,67.89,75.99,3.0,3.0,5.0,3.5,5.0,12.7522,8.6656,13.3,8.4,58.5,58.5,0.0,2.9,12.4,0.3
2021-04-15,81.92,Excellent,spring,81.92,Excellent,spring,81.92,Excellent,75.43,76.18,3.5,3.0,5.0,4.0,5.0,17.048360000000002,11.35872,18.3,11.6,62.3,62.3,0.0,2.1,11.1,4.9
2021-04-16,73.0,Very Good,spring,73.0,Very Good,spring,73.0,Very Good,77.65,75.09,3.5,3.0,4.93,3.5,1.85,14.032,11.092,14.8,11.3,60.0,60.0,0.7,2.6,3.7,6.9
2021-04-17,73.2,Very Good,spring,73.2,Very Good,spring,73.2,Very Good,76.04,74.03,3.5,3.0,5.0,3.5,1.75,13.80144,9.66944,14.6,9.6,56.6,56.6,0.0,2.6,3.5,3.8
2021-04-18,80.61,Excellent,spring,80.61,Excellent,spring,80.61,Excellent,75.6,73.2,3.5,3.0,5.0,3.5,5.0,14.54316,9.91428,15.3,9.9,64.3,64.3,0.0,3.2,11.9,0.9
2021-04-19,84.5,Excellent,spring,84.5,Excellent,spring,84.5,Excellent,79.44,76.8,4.0,3.0,5.0,4.0,5.0,18.09528,11.894639999999999,19.4,12.2,65.3,65.3,0.0,2.4,12.1,0.0
2021-04-20,86.43,Excellent,spring,86.43,Excellent,spring,86.43,Excellent,83.85,79.67,4.0,3.5,5.0,4.0,5.0,19.8448,13.93792,22.0,14.8,55.1,55.1,0.0,1.9,11.0,2.9
2021-04-21,89.01,Excellent,spring,89.01,Excellent,spring,89.01,Excellent,86.65,81.24,4.5,3.5,5.0,4.0,5.0,24.057679999999998,17.028840000000002,28.2,19.1,43.1,43.1,0.0,1.8,11.1,3.9
2021-04-22,85.08,Excellent,spring,85.08,Excellent,spring,85.08,Excellent,86.84,81.69,5.0,4.0,5.0,4.0,1.3,23.153,18.192439999999998,27.5,20.9,37.9,37.9,0.0,2.5,2.6,8.9
2021-04-23,74.06,Very Good,spring,74.06,Very Good,spring,74.06,Very Good,82.72,81.84,4.0,3.5,5.0,3.5,0.15,18.95752,16.8904,21.7,19.0,41.4,41.4,0.0,3.2,0.3,9.6
2021-04-24,75.54,Very Good,spring,75.54,Very Good,spring,75.54,Very Good,78.23,82.18,4.0,3.5,5.0,3.5,0.8,19.4184,16.407600000000002,22.2,18.3,43.0,43.0,0.0,2.7,1.6,6.8
2021-04-25,87.7,Excellent,spring,87.7,Excellent,spring,87.7,Excellent,79.1,83.19,4.5,3.5,5.0,3.5,5.0,21.2,16.56,24.0,18.2,50.0,50.0,0.0,2.7,11.5,1.1
2021-04-26,84.21,Excellent,spring,84.21,Excellent,spring,84.21,Excellent,82.48,83.15,4.0,3.5,5.0,3.5,4.6,18.55632,15.004639999999998,20.6,16.2,51.8,51.8,0.0,2.6,9.2,4.5
2021-04-27,74.57,Very Good,spring,74.57,Very Good,spring,74.57,Very Good,82.16,81.45,4.0,3.5,4.83,4.0,0.25,18.496,14.58784,20.0,15.4,62.4,62.4,1.7,2.3,0.5,9.4
2021-04-28,72.1,Very Good,spring,72.1,Very Good,spring,72.1,Very Good,76.96,79.04,3.5,3.5,4.53,4.0,1.1,17.022479999999998,13.8538,18.2,14.5,64.1,64.1,4.7,2.4,2.2,7.9
2021-04-29,77.67,Very Good,spring,77.67,Very Good,spring,77.67,Very Good,74.78,77.98,4.0,3.5,4.61,4.0,2.2,18.24564,13.75544,20.1,14.6,54.1,54.1,3.9,2.3,4.4,7.6
2021-04-30,55.78,Acceptable,spring,55.78,Acceptable,spring,55.78,Acceptable,68.52,75.37,3.5,3.0,2.37,4.0,0.55,14.26512,11.20536,14.6,11.3,81.8,81.8,26.3,2.4,1.1,9.5
2021-05-01,65.71,Good,spring,65.71,Good,spring,65.71,Good,66.39,73.96,3.5,3.0,4.2,3.5,0.6,14.89296,10.18464,15.3,10.2,80.8,80.8,8.0,2.7,1.2,9.4
2021-05-02,79.58,Very Good,spring,79.58,Very Good,spring,79.58,Very Good,67.02,72.8,3.5,3.0,4.83,3.5,5.0,17.582919999999998,12.091840000000001,18.7,12.4,67.9,67.9,1.7,3.1,10.8,2.6
2021-05-03,86.43,Excellent,spring,86.43,Excellent,spring,86.43,Excellent,77.24,73.12,4.0,3.5,5.0,4.0,5.0,18.50368,13.38496,20.3,14.1,56.4,56.4,0.0,2.1,11.6,3.8
2021-05-04,60.99,Good,spring,60.99,Good,spring,60.99,Good,75.67,71.18,3.5,3.5,3.04,4.0,0.20000000000000018,15.396320000000001,13.53552,15.8,13.8,82.6,82.6,19.6,2.1,0.0,9.6
2021-05-05,81.17,Excellent,spring,81.17,Excellent,spring,81.17,Excellent,76.2,72.48,3.5,3.5,4.99,3.0,5.0,17.20384,13.34464,18.4,13.9,64.4,64.4,0.1,3.5,11.5,2.6
2021-05-06,89.01,Excellent,spring,89.01,Excellent,spring,89.01,Excellent,77.06,74.1,4.5,3.5,5.0,4.0,5.0,20.29136,14.47792,23.1,15.7,46.4,46.4,0.0,2.4,10.6,4.8
2021-05-07,72.52,Very Good,spring,72.52,Very Good,spring,72.52,Very Good,80.9,76.49,3.5,3.5,4.12,3.5,2.95,16.056639999999998,13.70128,17.2,14.4,60.3,60.3,8.8,3.4,5.9,3.1
2021-05-08,83.87,Excellent,spring,83.87,Excellent,spring,83.87,Excellent,81.8,79.08,4.0,3.5,5.0,3.5,4.45,19.508399999999998,13.71692,21.0,14.3,66.1,66.1,0.0,3.4,8.9,1.1
2021-05-09,83.81,Excellent,spring,83.81,Excellent,spring,83.81,Excellent,80.07,79.69,4.0,3.5,5.0,3.0,5.0,19.501360000000002,14.58964,21.8,15.7,51.3,51.3,0.0,3.5,13.0,0.3
2021-05-10,72.12,Very Good,spring,72.12,Very Good,spring,72.12,Very Good,79.93,77.64,3.5,3.0,5.0,4.0,0.7000000000000002,14.00936,12.789119999999999,14.6,13.2,67.9,67.9,0.0,1.8,0.0,8.6
2021-05-11,90.28,Ideal,spring,90.28,Ideal,spring,90.28,Ideal,82.07,81.83,5.0,3.5,5.0,3.5,5.0,22.49092,16.7626,25.7,18.5,48.9,48.9,0.0,2.7,13.2,6.0
2021-05-12,93.52,Ideal,spring,93.52,Ideal,spring,93.52,Ideal,85.31,83.59,5.0,4.0,5.0,4.0,5.0,23.4166,19.096,27.7,22.0,39.5,39.5,0.0,2.2,11.0,4.5
2021-05-13,90.29,Ideal,spring,90.29,Ideal,spring,90.29,Ideal,91.36,83.77,4.0,4.5,5.0,4.0,5.0,26.02496,20.54704,29.6,22.9,54.4,54.4,0.0,1.9,12.8,0.0
2021-05-14,90.29,Ideal,spring,90.29,Ideal,spring,90.29,Ideal,91.37,86.31,4.0,4.5,5.0,4.0,5.0,27.49696,21.86092,30.8,24.1,60.3,60.3,0.0,1.7,10.8,7.1
2021-05-15,72.92,Very Good,spring,72.92,Very Good,spring,72.92,Very Good,84.5,84.75,4.5,4.5,3.5,4.0,0.25,24.8716,21.1078,26.2,22.1,79.5,79.5,15.0,1.7,0.5,9.8
2021-05-16,49.14,Marginal,spring,49.14,Marginal,spring,49.14,Marginal,70.78,79.79,4.5,4.0,0.0,4.0,0.0,20.69632,18.31936,20.8,18.4,97.6,97.6,66.9,2.5,0.0,10.0
2021-05-17,73.02,Very Good,spring,73.02,Very Good,spring,73.02,Very Good,65.03,79.92,3.5,3.5,4.69,4.5,0.5,16.5124,15.1516,16.7,15.3,93.0,93.0,3.1,1.6,0.0,9.0
2021-05-18,89.77,Excellent,spring,89.77,Excellent,spring,89.77,Excellent,70.64,79.85,5.0,3.5,5.0,4.0,4.2,22.788999999999998,16.967799999999997,24.5,17.9,70.5,70.5,0.0,1.7,8.4,4.4
2021-05-19,93.52,Ideal,spring,93.52,Ideal,spring,93.52,Ideal,85.44,79.85,5.0,4.0,5.0,4.0,5.0,23.43272,18.01108,26.6,19.9,52.3,52.3,0.0,1.8,13.2,2.6
2021-05-20,77.18,Very Good,spring,77.18,Very Good,spring,77.18,Very Good,86.82,77.98,4.5,3.5,4.91,4.0,0.04999999999999982,20.82568,17.30104,22.9,18.7,59.8,59.8,0.9,2.5,0.0,9.9
2021-05-21,69.28,Good,spring,69.28,Good,spring,69.34,Good,79.99,74.98,3.5,3.5,4.31,4.0,0.45,17.7572,15.676,18.2,16.0,86.5,86.5,6.9,1.7,0.9,9.5
2021-05-22,91.47,Ideal,spring,91.47,Ideal,spring,91.53,Ideal,79.31,77.63,5.0,3.5,4.98,4.0,5.0,22.10536,17.54392,23.8,18.6,69.3,69.3,0.2,2.5,12.7,1.5
2021-05-23,88.96,Excellent,spring,88.96,Excellent,spring,89.17,Excellent,83.24,83.31,5.0,4.0,5.0,4.0,3.0,22.94976,18.1472,25.1,19.5,64.4,64.4,0.0,1.7,6.0,6.9
2021-05-24,89.25,Excellent,spring,89.25,Excellent,spring,89.48,Excellent,89.89,85.63,5.0,3.5,5.0,3.5,4.55,22.238,17.9336,24.5,19.4,61.0,61.0,0.0,2.7,9.1,3.3
2021-05-25,75.97,Very Good,spring,75.97,Very Good,spring,76.14,Very Good,84.73,83.66,4.0,3.5,4.17,3.5,3.2,18.269560000000002,14.712760000000001,19.3,15.3,72.3,72.3,8.3,3.2,6.4,5.3
2021-05-26,82.34,Excellent,spring,82.34,Excellent,spring,82.8,Excellent,82.52,82.06,4.5,3.5,5.0,3.5,2.65,20.842,16.672,23.0,18.0,58.5,58.5,0.0,2.9,5.3,7.6
2021-05-27,68.88,Good,spring,68.88,Good,spring,69.53,Good,75.73,80.88,4.0,3.5,4.11,3.5,0.25,18.1084,15.4056,18.7,15.8,83.0,83.0,8.9,2.8,0.5,6.5
2021-05-28,68.41,Good,spring,68.41,Good,spring,68.99,Good,73.21,80.75,4.0,3.5,3.77,3.5,0.95,19.1568,15.003200000000001,19.7,15.3,86.0,86.0,12.3,2.6,1.9,8.6
2021-05-29,79.29,Very Good,spring,79.29,Very Good,spring,79.82,Very Good,72.19,79.01,4.0,3.5,4.97,4.0,1.95,18.364720000000002,14.96368,19.1,15.4,79.8,79.8,0.3,2.2,3.9,5.1
2021-05-30,78.01,Very Good,spring,78.01,Very Good,spring,77.86,Very Good,75.24,77.45,4.5,3.5,3.19,4.0,5.0,24.5396,17.4928,26.3,18.4,73.0,73.0,18.1,2.1,11.6,3.9
2021-05-31,81.97,Excellent,spring,81.97,Excellent,spring,83.12,Excellent,79.76,76.41,5.0,4.0,4.6,4.0,1.0,22.63528,19.064439999999998,23.8,19.9,78.9,78.9,4.0,1.8,2.0,7.4
2021-06-01,85.34,Excellent,summer,82.34,Excellent,spring,83.63,Excellent,80.77,77.32,5.0,4.0,4.68,4.0,0.95,22.487759999999998,19.16368,23.9,20.2,74.6,74.6,3.2,2.2,1.9,8.1
2021-06-02,90.16,Ideal,summer,90.29,Ideal,spring,90.23,Ideal,84.87,78.46,4.0,4.5,5.0,4.0,5.0,26.89472,21.32032,29.7,23.2,64.4,64.4,0.0,2.1,11.9,3.4
2021-06-03,71.06,Very Good,summer,71.06,Very Good,summer,69.91,Good,81.23,78.77,4.5,4.0,3.19,4.0,0.1,21.724639999999997,18.401120000000002,22.7,19.1,80.8,80.8,18.1,1.8,0.2,9.6
2021-06-04,88.53,Excellent,summer,88.53,Excellent,summer,88.14,Excellent,83.29,81.64,4.5,3.5,5.0,3.5,5.0,21.935360000000003,17.459600000000002,23.6,18.5,69.4,69.4,0.0,2.9,10.9,2.6
2021-06-05,92.12,Ideal,summer,92.12,Ideal,summer,91.38,Ideal,83.9,83.47,5.0,4.0,5.0,3.5,4.2,23.69668,19.42192,25.7,20.8,68.1,68.1,0.0,3.3,8.4,3.0
2021-06-06,91.77,Ideal,summer,91.77,Ideal,summer,91.44,Ideal,90.81,85.44,4.5,4.5,5.0,4.0,4.15,25.98688,21.4192,28.2,23.0,69.6,69.6,0.0,2.2,8.3,3.8
2021-06-07,86.06,Excellent,summer,86.06,Excellent,summer,84.77,Excellent,89.98,86.02,5.0,4.0,5.0,4.0,0.15,22.404,19.834600000000002,24.0,21.1,71.5,71.5,0.0,1.7,0.3,7.8
2021-06-08,87.6,Excellent,summer,87.6,Excellent,summer,87.38,Excellent,88.48,86.78,4.0,4.5,4.99,4.0,3.55,27.1288,21.94624,29.5,23.6,69.6,69.6,0.1,1.7,7.1,5.4
2021-06-09,89.8,Excellent,summer,89.8,Excellent,summer,90.1,Ideal,87.82,86.71,3.5,5.0,5.0,4.5,4.95,28.06624,23.21512,31.6,25.8,59.1,59.1,0.0,1.6,9.9,3.4
2021-06-10,80.59,Excellent,summer,80.59,Excellent,summer,80.09,Excellent,86.0,88.07,4.0,5.0,4.39,4.0,0.65,27.3052,23.022599999999997,29.8,24.9,68.5,68.5,6.1,2.2,1.3,8.5
2021-06-11,85.34,Excellent,summer,85.34,Excellent,summer,84.62,Excellent,85.24,87.61,5.0,4.5,4.54,3.5,0.9,23.507199999999997,20.787,24.4,21.5,84.5,84.5,4.6,2.8,1.8,6.4
2021-06-12,88.22,Excellent,summer,88.22,Excellent,summer,88.29,Excellent,84.72,87.05,3.5,5.0,5.0,4.0,4.55,28.14768,22.757279999999998,30.2,24.2,74.6,74.6,0.0,1.8,9.1,5.0
2021-06-13,92.06,Ideal,summer,92.06,Ideal,summer,92.08,Ideal,88.54,87.1,4.0,5.0,5.0,4.0,5.0,27.540879999999998,23.17792,29.7,24.8,72.6,72.6,0.0,2.0,10.2,3.5
2021-06-14,90.6,Ideal,summer,90.6,Ideal,summer,90.56,Ideal,90.29,87.74,4.0,5.0,5.0,4.0,4.15,27.67904,22.95296,30.2,24.8,68.8,68.8,0.0,2.1,8.3,6.8
2021-06-15,84.76,Excellent,summer,84.76,Excellent,summer,84.58,Excellent,89.14,87.34,4.5,4.5,4.81,4.0,0.8,24.02092,21.455,25.3,22.5,79.1,79.1,1.9,2.3,1.6,7.0
2021-06-16,93.33,Ideal,summer,93.33,Ideal,summer,93.29,Ideal,89.56,87.84,4.5,5.0,5.0,3.0,5.0,25.86844,22.00628,28.9,24.3,59.9,59.9,0.0,3.6,11.5,2.5
2021-06-17,87.96,Excellent,summer,87.96,Excellent,summer,87.96,Excellent,88.68,88.9,5.0,4.5,5.0,4.0,0.15,23.284,20.53864,25.0,21.9,71.4,71.4,0.0,2.4,0.3,9.4
2021-06-18,78.78,Very Good,summer,78.78,Very Good,summer,78.78,Very Good,86.69,87.96,4.5,4.0,4.37,4.0,0.09999999999999964,21.039759999999998,19.684,21.4,20.0,92.1,92.1,6.3,2.5,0.0,9.8
2021-06-19,93.23,Ideal,summer,93.23,Ideal,summer,93.23,Ideal,86.66,88.67,4.5,4.5,5.0,4.0,5.0,25.5904,21.0208,27.4,22.3,74.0,74.0,0.0,1.8,10.5,4.1
2021-06-20,89.26,Excellent,summer,89.26,Excellent,summer,89.26,Excellent,87.09,88.27,4.0,4.5,5.0,3.5,5.0,26.9708,21.52228,29.0,22.9,73.3,73.3,0.0,2.8,10.7,3.1
2021-06-21,90.16,Ideal,summer,90.16,Ideal,summer,90.16,Ideal,90.88,88.21,4.0,4.5,5.0,4.0,5.0,26.058,21.8048,28.5,23.6,67.0,67.0,0.0,2.2,11.1,3.3
2021-06-22,87.41,Excellent,summer,87.41,Excellent,summer,87.41,Excellent,88.94,88.59,4.0,4.5,5.0,4.0,3.4,26.21176,21.156480000000002,28.6,22.8,67.9,67.9,0.0,2.1,6.8,6.8
2021-06-23,85.92,Excellent,summer,85.92,Excellent,summer,85.92,Excellent,87.83,87.53,4.5,4.5,4.25,4.0,3.6,25.787799999999997,20.936799999999998,27.9,22.4,70.5,70.5,7.5,2.4,7.2,4.4
2021-06-24,89.53,Excellent,summer,89.53,Excellent,summer,89.53,Excellent,87.62,87.76,4.5,4.5,5.0,4.0,2.85,25.9192,21.4972,28.0,23.0,71.1,71.1,0.0,1.9,5.7,3.0
2021-06-25,91.8,Ideal,summer,91.8,Ideal,summer,91.8,Ideal,89.08,89.62,4.0,5.0,5.0,4.0,4.85,27.082,22.3516,29.5,24.1,69.0,69.0,0.0,2.0,9.7,4.0
2021-06-26,83.66,Excellent,summer,83.66,Excellent,summer,83.66,Excellent,88.33,88.25,4.5,4.5,4.55,4.0,1.15,25.2638,21.6992,26.7,22.8,78.5,78.5,4.5,1.8,2.3,7.3
2021-06-27,62.37,Good,summer,62.37,Good,summer,62.37,Good,79.28,84.41,3.5,5.0,1.1799999999999997,4.0,4.05,28.47872,22.8818,30.8,24.5,72.1,72.1,38.2,2.0,8.1,5.4
2021-06-28,85.29,Excellent,summer,85.29,Excellent,summer,85.29,Excellent,77.11,83.71,4.0,5.0,4.99,4.0,1.1,27.38752,22.40672,29.2,23.7,76.4,76.4,0.1,1.9,2.2,8.1
2021-06-29,81.84,Excellent,summer,81.84,Excellent,summer,81.84,Excellent,76.5,82.92,4.0,5.0,4.2,4.0,2.1,26.824959999999997,22.71016,28.4,23.9,78.6,78.6,8.0,1.8,4.2,6.5
2021-06-30,83.88,Excellent,summer,83.88,Excellent,summer,83.88,Excellent,83.67,82.62,4.0,5.0,4.4,4.5,2.0,27.138080000000002,23.035880000000002,28.8,24.3,77.9,77.9,6.0,1.3,4.0,6.1
2021-07-01,85.54,Excellent,summer,85.54,Excellent,summer,85.54,Excellent,83.75,82.05,3.5,4.5,5.0,4.0,4.1,28.555600000000002,24.40268,31.0,26.3,70.9,70.9,0.0,1.8,8.2,2.3
2021-07-02,84.85,Excellent,summer,84.85,Excellent,summer,84.85,Excellent,84.76,81.06,3.5,4.5,5.0,4.0,3.7,28.66952,24.64444,31.8,27.1,64.1,64.1,0.0,2.3,7.4,5.8
2021-07-03,50.9,Acceptable,summer,50.9,Acceptable,summer,50.9,Acceptable,73.76,76.38,4.5,4.5,0.0,3.0,0.45,24.444,21.592000000000002,25.7,22.6,80.0,80.0,60.0,3.6,0.9,8.5
2021-07-04,73.79,Very Good,summer,73.79,Very Good,summer,73.79,Very Good,69.85,78.01,5.0,4.5,2.8600000000000003,4.0,0.04999999999999982,22.93232,21.25408,23.1,21.4,96.8,96.8,21.4,2.3,0.0,9.9
2021-07-05,88.2,Excellent,summer,88.2,Excellent,summer,88.2,Excellent,70.96,78.43,4.5,5.0,5.0,4.5,0.45,25.568279999999998,22.25196,26.9,23.3,80.3,80.3,0.0,1.4,0.9,8.9
2021-07-06,88.06,Excellent,summer,88.06,Excellent,summer,88.06,Excellent,83.35,79.32,4.0,5.0,5.0,4.5,2.15,27.961360000000003,23.67208,30.1,25.3,73.4,73.4,0.0,1.6,4.3,7.0
2021-07-07,75.1,Very Good,summer,75.1,Very Good,summer,75.1,Very Good,83.79,78.06,4.0,4.5,3.73,4.5,0.55,27.4574,24.9896,29.1,26.4,78.5,78.5,12.7,1.5,1.1,9.4
2021-07-08,79.09,Very Good,summer,79.09,Very Good,summer,79.09,Very Good,80.75,77.14,3.5,4.5,4.71,4.0,1.45,28.34272,24.8224,29.8,26.0,81.6,81.6,2.9,2.0,2.9,7.1
2021-07-09,84.83,Excellent,summer,84.83,Excellent,summer,84.83,Excellent,79.67,77.14,4.0,4.5,5.0,4.0,1.9,27.45664,24.0926,29.2,25.5,77.3,77.3,0.0,1.9,3.8,6.5
2021-07-10,84.84,Excellent,summer,84.84,Excellent,summer,84.84,Excellent,82.92,81.99,4.0,4.5,4.95,4.0,2.1,27.69472,24.65344,29.2,25.9,80.4,80.4,0.5,2.4,4.2,7.4
2021-07-11,81.38,Excellent,summer,81.38,Excellent,summer,81.38,Excellent,83.68,83.07,4.0,4.5,4.96,4.0,0.05,26.576,24.87104,27.5,25.7,86.8,86.8,0.4,2.2,0.1,7.8
2021-07-12,78.63,Very Good,summer,78.63,Very Good,summer,78.63,Very Good,81.62,81.7,3.0,4.0,5.0,4.5,2.45,30.259,26.297240000000002,32.5,28.1,75.1,75.1,0.0,1.6,4.9,6.6
2021-07-13,77.79,Very Good,summer,77.79,Very Good,summer,77.79,Very Good,79.27,80.24,3.5,4.0,5.0,4.0,0.7,29.444599999999998,27.00272,31.5,28.8,76.1,76.1,0.0,1.7,1.4,6.8
2021-07-14,79.63,Very Good,summer,79.63,Very Good,summer,79.63,Very Good,78.68,80.88,3.0,4.0,5.0,4.0,3.55,30.811600000000002,27.44632,33.5,29.7,71.4,71.4,0.0,2.2,7.1,7.0
2021-07-15,81.0,Excellent,summer,81.0,Excellent,summer,81.0,Excellent,79.47,81.16,3.0,4.0,5.0,4.0,4.35,31.6678,26.89204,34.5,29.1,71.1,71.1,0.0,2.1,8.7,5.1
2021-07-16,79.05,Very Good,summer,79.05,Very Good,summer,79.05,Very Good,79.89,80.33,2.5,4.0,5.0,4.0,5.0,32.014720000000004,26.42368,35.2,28.8,68.4,68.4,0.0,2.2,10.5,3.5
2021-07-17,84.24,Excellent,summer,84.24,Excellent,summer,84.24,Excellent,81.43,80.25,3.5,4.0,5.0,4.0,4.45,29.43472,26.28084,32.8,29.1,63.1,63.1,0.0,2.3,8.9,4.8
2021-07-18,80.74,Excellent,summer,80.74,Excellent,summer,80.74,Excellent,81.34,80.15,3.0,4.0,5.0,4.0,4.2,30.485,26.66,34.1,29.6,62.5,62.5,0.0,2.1,8.4,5.6
2021-07-19,48.46,Marginal,summer,48.46,Marginal,summer,48.46,Marginal,71.15,75.84,3.5,4.5,0.0,4.0,1.55,28.868199999999998,25.094559999999998,30.5,26.4,80.1,80.1,67.4,1.9,3.1,6.9
2021-07-20,80.41,Excellent,summer,80.41,Excellent,summer,80.41,Excellent,69.87,76.22,3.5,4.0,5.0,4.5,1.7,29.68976,26.167279999999998,31.8,27.9,75.8,75.8,0.0,1.5,3.4,7.6
2021-07-21,82.12,Excellent,summer,82.12,Excellent,summer,82.12,Excellent,70.33,76.57,3.0,4.0,5.0,4.0,5.0,31.656799999999997,27.548,35.3,30.5,64.0,64.0,0.0,1.7,11.3,3.5
2021-07-22,82.12,Excellent,summer,82.12,Excellent,summer,82.12,Excellent,81.55,76.73,3.0,4.0,5.0,4.0,5.0,31.73528,27.79104,35.9,31.2,59.8,59.8,0.0,2.0,11.4,4.0
2021-07-23,82.12,Excellent,summer,82.12,Excellent,summer,82.12,Excellent,82.12,77.17,3.0,4.0,5.0,4.0,5.0,31.85776,27.960639999999998,35.8,31.2,61.8,61.8,0.0,1.8,12.4,2.3
2021-07-24,80.22,Excellent,summer,80.22,Excellent,summer,80.22,Excellent,81.49,76.6,3.0,3.5,5.0,4.0,5.0,31.9844,28.002319999999997,36.5,31.7,57.4,57.4,0.0,1.7,12.3,3.0
2021-07-25,82.12,Excellent,summer,82.12,Excellent,summer,82.12,Excellent,81.49,76.8,3.0,4.0,5.0,4.0,5.0,31.32088,27.6988,35.9,31.5,55.8,55.8,0.0,2.0,13.0,4.9
2021-07-26,82.12,Excellent,summer,82.12,Excellent,summer,82.12,Excellent,81.49,81.6,3.0,4.0,5.0,4.0,5.0,30.817839999999997,27.375519999999998,35.4,31.2,54.9,54.9,0.0,2.4,13.2,1.6
2021-07-27,79.8,Very Good,summer,79.8,Very Good,summer,79.8,Very Good,81.35,81.52,3.0,4.0,5.0,4.0,3.65,31.639400000000002,27.7662,35.7,31.1,60.5,60.5,0.0,2.1,7.3,3.9
2021-07-28,79.11,Very Good,summer,79.11,Very Good,summer,79.11,Very Good,80.34,81.09,3.0,4.0,5.0,4.0,3.25,31.47912,27.739839999999997,34.7,30.4,67.4,67.4,0.0,1.9,6.5,3.8
2021-07-29,75.41,Very Good,summer,75.41,Very Good,summer,75.41,Very Good,78.11,80.13,3.0,4.0,5.0,4.0,1.1,30.49468,27.240160000000003,33.3,29.6,69.9,69.9,0.0,2.0,2.2,6.8
2021-07-30,80.14,Excellent,summer,80.14,Excellent,summer,80.14,Excellent,78.22,79.85,3.0,4.0,5.0,4.0,3.85,31.650959999999998,27.4742,35.4,30.5,63.1,63.1,0.0,2.1,7.7,6.5
2021-07-31,78.18,Very Good,summer,78.18,Very Good,summer,78.18,Very Good,77.91,79.55,3.0,4.0,4.7,4.0,3.85,31.37428,27.41608,34.3,29.8,69.9,69.9,3.0,2.5,7.7,6.9
2021-08-01,68.9,Good,summer,68.9,Good,summer,68.9,Good,75.74,77.67,4.0,4.5,2.9,4.5,0.09999999999999964,27.43136,25.85512,28.8,27.1,81.8,81.8,21.0,1.3,0.0,9.8
2021-08-02,81.86,Excellent,summer,81.86,Excellent,summer,81.86,Excellent,76.31,77.63,4.0,4.5,4.83,4.5,0.3,27.30544,25.3516,28.6,26.5,82.6,82.6,1.7,1.6,0.6,9.0
2021-08-03,80.29,Excellent,summer,80.29,Excellent,summer,80.29,Excellent,77.02,77.7,3.5,4.0,5.0,4.0,2.15,29.422639999999998,26.3368,31.4,28.0,76.9,76.9,0.0,1.8,4.3,6.1
2021-08-04,78.77,Very Good,summer,78.77,Very Good,summer,78.77,Very Good,80.31,77.65,3.0,4.0,5.0,4.0,3.05,30.471680000000003,26.67736,33.2,28.9,70.6,70.6,0.0,2.0,6.1,5.9
2021-08-05,81.17,Excellent,summer,81.17,Excellent,summer,81.17,Excellent,80.08,78.47,3.0,4.0,5.0,4.0,4.45,30.675880000000003,26.92456,33.7,29.4,68.1,68.1,0.0,2.1,8.9,4.6
2021-08-06,83.91,Excellent,summer,83.91,Excellent,summer,83.91,Excellent,81.28,79.01,3.5,4.5,5.0,4.0,3.15,29.39392,25.812160000000002,32.2,28.1,68.4,68.4,0.0,2.1,6.3,7.4
2021-08-07,87.09,Excellent,summer,87.09,Excellent,summer,87.09,Excellent,84.06,80.28,3.5,4.5,5.0,4.0,5.0,29.177999999999997,25.48,32.3,28.0,65.0,65.0,0.0,2.1,11.3,3.3
2021-08-08,71.9,Very Good,summer,71.9,Very Good,summer,71.9,Very Good,80.97,80.71,3.5,4.5,3.73,4.0,1.0,29.872320000000002,25.10656,32.1,26.8,74.8,74.8,12.7,1.7,2.0,8.1
2021-08-09,82.82,Excellent,summer,82.82,Excellent,summer,82.82,Excellent,80.6,80.85,3.0,4.5,5.0,4.0,4.3,30.05056,25.54768,33.6,28.3,62.4,62.4,0.0,2.3,8.6,5.6
2021-08-10,85.8,Excellent,summer,85.8,Excellent,summer,85.8,Excellent,80.17,81.64,3.5,4.5,5.0,4.0,4.25,28.870000000000005,25.044999999999998,32.2,27.7,62.5,62.5,0.0,2.3,8.5,4.5
2021-08-11,83.05,Excellent,summer,83.05,Excellent,summer,83.05,Excellent,83.89,82.25,3.5,4.5,5.0,4.0,2.65,29.033920000000002,25.33288,31.6,27.4,70.3,70.3,0.0,2.0,5.3,5.8
2021-08-12,82.27,Excellent,summer,82.27,Excellent,summer,82.27,Excellent,83.71,82.41,3.5,4.5,5.0,4.0,2.2,28.844279999999998,24.58912,31.7,26.8,67.1,67.1,0.0,1.8,4.4,5.9
2021-08-13,83.02,Excellent,summer,83.02,Excellent,summer,83.02,Excellent,82.78,82.28,4.0,4.5,5.0,4.0,0.85,27.72016,24.63456,30.1,26.6,70.4,70.4,0.0,2.0,1.7,8.0
2021-08-14,86.43,Excellent,summer,86.43,Excellent,summer,86.43,Excellent,83.91,82.18,4.0,5.0,5.0,3.5,2.25,27.5398,23.77516,30.5,26.1,63.9,63.9,0.0,3.0,4.5,6.5
2021-08-15,87.09,Excellent,summer,87.09,Excellent,summer,87.09,Excellent,85.51,84.35,3.5,4.5,5.0,4.0,5.0,28.78016,24.16896,32.4,26.9,59.6,59.6,0.0,2.3,10.2,1.8
2021-08-16,87.09,Excellent,summer,87.09,Excellent,summer,87.09,Excellent,86.87,84.96,3.5,4.5,5.0,4.0,5.0,29.252319999999997,24.60812,32.8,27.3,61.1,61.1,0.0,2.3,10.4,3.8
2021-08-17,79.3,Very Good,summer,79.3,Very Good,summer,79.3,Very Good,84.49,84.04,3.5,5.0,4.07,4.0,2.9,28.318,23.674,31.3,25.9,65.0,65.0,9.3,2.4,5.8,5.5
2021-08-18,80.82,Excellent,summer,80.82,Excellent,summer,80.82,Excellent,82.4,83.72,3.5,5.0,4.44,3.5,2.9,28.4464,22.56112,31.0,24.3,69.6,69.6,5.6,2.8,5.8,5.3
2021-08-19,89.96,Excellent,summer,89.96,Excellent,summer,89.96,Excellent,83.36,84.82,4.0,5.0,5.0,3.5,4.3,27.8106,23.2544,31.5,26.0,57.1,57.1,0.0,2.6,8.6,4.0
2021-08-20,86.29,Excellent,summer,86.29,Excellent,summer,86.29,Excellent,85.69,85.28,4.0,4.5,5.0,4.0,2.75,27.68608,24.183040000000002,30.7,26.6,63.6,63.6,0.0,2.3,5.5,6.9
2021-08-21,53.79,Acceptable,summer,53.79,Acceptable,summer,53.79,Acceptable,76.68,80.62,4.5,5.0,0.0,3.5,0.5,24.7622,23.14312,25.5,23.8,88.1,88.1,62.8,2.7,1.0,8.8
2021-08-22,87.13,Excellent,summer,87.13,Excellent,summer,87.13,Excellent,75.74,80.63,4.5,5.0,5.0,4.0,0.35,25.742,23.3344,27.0,24.4,81.5,81.5,0.0,2.1,0.7,8.6
2021-08-23,83.29,Excellent,summer,83.29,Excellent,summer,83.29,Excellent,74.74,80.08,5.0,4.5,4.26,4.0,0.25,23.4008,21.86928,24.0,22.4,89.3,89.3,7.4,2.0,0.0,9.5
2021-08-24,78.76,Very Good,summer,78.76,Very Good,summer,78.76,Very Good,83.06,80.01,4.5,5.0,3.95,3.5,0.0,25.980159999999998,23.056959999999997,26.4,23.4,93.6,93.6,10.5,2.9,0.0,10.0
2021-08-25,81.97,Excellent,summer,81.97,Excellent,summer,81.97,Excellent,81.34,80.17,4.0,4.5,4.97,4.0,0.35,26.2966,24.13,27.3,25.0,85.5,85.5,0.3,1.8,0.7,8.4
2021-08-26,81.27,Excellent,summer,81.27,Excellent,summer,81.27,Excellent,80.67,78.93,4.0,4.5,4.93,4.0,0.1,26.818839999999998,24.5638,27.9,25.5,84.9,84.9,0.7,2.5,0.2,8.1
2021-08-27,85.72,Excellent,summer,85.72,Excellent,summer,85.72,Excellent,82.99,78.85,4.5,4.5,4.91,4.5,0.4500000000000002,24.477,21.581599999999998,25.5,22.4,83.5,83.5,0.9,1.3,0.0,9.1
2021-08-28,86.73,Excellent,summer,86.73,Excellent,summer,86.73,Excellent,84.57,83.55,4.0,5.0,5.0,4.0,1.9,26.77312,22.53376,28.2,23.6,80.4,80.4,0.0,1.8,3.8,8.4
2021-08-29,87.7,Excellent,summer,87.7,Excellent,summer,87.7,Excellent,86.72,83.63,4.5,5.0,4.91,4.5,0.5,25.16552,22.74648,26.3,23.7,82.6,82.6,0.9,1.6,1.0,8.6
2021-08-30,85.31,Excellent,summer,85.31,Excellent,summer,85.31,Excellent,86.58,83.92,4.0,5.0,5.0,4.5,0.55,26.107,22.922,27.7,24.2,77.5,77.5,0.0,1.4,1.1,8.3
2021-08-31,55.09,Acceptable,summer,55.09,Acceptable,summer,55.09,Acceptable,76.03,80.54,5.0,4.5,0.0,4.0,0.04999999999999982,22.748920000000002,20.2186,23.1,20.5,93.3,93.3,77.4,2.3,0.0,9.9
2021-09-01,85.04,Excellent,autumn,86.88,Excellent,summer,86.88,Excellent,75.76,81.24,5.0,4.5,4.92,3.5,0.34999999999999964,22.960359999999998,20.62936,23.9,21.4,83.1,83.1,0.8,2.9,0.0,9.3
2021-09-02,84.94,Excellent,autumn,85.83,Excellent,summer,85.83,Excellent,75.93,81.89,4.5,4.5,5.0,4.0,0.7,24.71604,21.8962,26.7,23.5,70.3,70.3,0.0,2.1,1.4,8.3
2021-09-03,93.18,Ideal,autumn,92.06,Ideal,summer,92.06,Ideal,88.26,82.8,4.0,5.0,5.0,4.0,5.0,26.15104,22.02916,29.2,24.3,60.3,60.3,0.0,2.4,11.2,1.9
2021-09-04,91.64,Ideal,autumn,91.73,Ideal,summer,91.73,Ideal,89.87,83.51,4.5,4.5,5.0,3.5,4.65,25.4008,20.9296,28.6,23.2,57.0,57.0,0.0,2.7,9.3,4.4
2021-09-05,87.04,Excellent,autumn,87.69,Excellent,summer,87.69,Excellent,90.49,83.51,4.5,4.5,5.0,3.5,2.3,24.60812,21.06164,27.3,23.1,61.1,61.1,0.0,3.2,4.6,5.8
2021-09-06,76.65,Very Good,autumn,77.95,Very Good,summer,77.95,Very Good,85.79,82.46,4.5,4.5,3.8,3.5,1.2,24.43856,20.82892,26.4,22.3,70.1,70.1,12.0,3.2,2.4,8.9
2021-09-07,61.08,Good,autumn,63.37,Good,summer,63.37,Good,76.34,83.64,4.5,4.0,2.04,4.0,0.0,20.817159999999998,19.527040000000003,20.9,19.6,98.1,98.1,29.6,2.3,0.0,10.0
2021-09-08,89.43,Excellent,autumn,89.69,Excellent,summer,89.69,Excellent,77.0,84.05,4.5,4.5,4.84,4.0,3.55,25.635879999999997,21.28744,26.9,22.2,81.3,81.3,1.6,1.7,7.1,4.5
2021-09-09,92.26,Ideal,autumn,91.24,Ideal,summer,91.24,Ideal,81.43,84.82,4.0,5.0,5.0,4.5,4.0,27.3046,22.231,29.1,23.5,76.5,76.5,0.0,1.5,8.0,6.5
2021-09-10,89.65,Excellent,autumn,88.96,Excellent,summer,88.96,Excellent,89.96,84.38,4.0,5.0,5.0,4.0,3.2,27.0856,22.2944,28.9,23.6,76.0,76.0,0.0,1.9,6.4,3.9
2021-09-11,91.91,Ideal,autumn,90.94,Ideal,summer,90.94,Ideal,90.38,84.26,4.0,5.0,5.0,4.0,4.35,27.312559999999998,22.4936,29.4,24.0,73.1,73.1,0.0,1.7,8.7,2.0
2021-09-12,93.18,Ideal,autumn,92.06,Ideal,summer,92.06,Ideal,90.65,84.89,4.0,5.0,5.0,4.0,5.0,26.99632,22.18928,29.8,24.2,64.6,64.6,0.0,1.8,10.2,1.9
2021-09-13,89.36,Excellent,autumn,88.71,Excellent,summer,88.71,Excellent,90.57,86.42,4.0,5.0,5.0,4.0,3.05,27.62852,22.85232,30.3,24.8,67.1,67.1,0.0,2.4,6.1,6.9
2021-09-14,92.14,Ideal,autumn,91.16,Ideal,summer,91.16,Ideal,90.64,90.39,4.0,5.0,5.0,3.5,5.0,26.6374,22.45672,29.5,24.6,63.3,63.3,0.0,2.6,10.3,2.4
2021-09-15,91.29,Ideal,autumn,91.43,Ideal,summer,91.43,Ideal,90.43,90.64,4.5,4.5,5.0,3.0,5.0,25.686999999999998,21.288,28.9,23.6,57.5,57.5,0.0,3.6,11.4,0.6
2021-09-16,91.45,Ideal,autumn,91.56,Ideal,summer,91.56,Ideal,91.38,90.69,4.5,4.5,5.0,3.5,4.55,24.60812,20.89276,27.3,22.9,61.1,61.1,0.0,2.6,9.1,5.1
2021-09-17,89.0,Excellent,autumn,89.41,Excellent,summer,89.41,Excellent,90.8,90.75,4.5,4.5,5.0,3.5,3.3,25.38992,21.4156,28.2,23.5,61.4,61.4,0.0,3.0,6.6,3.8
2021-09-18,90.86,Ideal,autumn,90.03,Ideal,summer,90.03,Ideal,90.33,90.62,4.0,4.5,5.0,4.5,4.4,27.03592,21.95956,29.8,23.9,65.1,65.1,0.0,1.6,8.8,2.3
2021-09-19,86.31,Excellent,autumn,87.04,Excellent,summer,87.04,Excellent,88.83,89.91,4.5,4.5,5.0,4.0,1.4,25.15848,21.666919999999998,27.8,23.7,62.9,62.9,0.0,1.9,2.8,6.3
2021-09-20,92.33,Ideal,autumn,92.33,Ideal,summer,92.33,Ideal,89.8,90.42,4.5,4.5,5.0,3.5,5.0,25.720959999999998,21.70528,28.4,23.7,63.6,63.6,0.0,2.7,10.3,5.9
2021-09-21,52.44,Acceptable,autumn,54.73,Acceptable,summer,54.73,Acceptable,78.03,85.22,4.5,4.5,0.0,3.5,2.15,25.234479999999998,21.2848,26.2,22.0,85.1,85.1,68.1,2.9,4.3,8.0
2021-09-22,86.0,Excellent,autumn,87.55,Excellent,summer,87.55,Excellent,78.2,84.66,5.0,4.0,4.55,3.5,3.25,23.0988,19.3432,24.3,20.2,79.0,79.0,4.5,2.7,6.5,4.1
2021-09-23,91.6,Ideal,autumn,92.68,Ideal,summer,92.68,Ideal,78.32,84.82,5.0,4.0,5.0,4.0,4.0,23.820279999999997,19.47428,25.9,20.9,67.3,67.3,0.0,2.4,8.0,3.4
2021-09-24,93.27,Ideal,autumn,93.14,Ideal,summer,93.14,Ideal,91.12,85.36,4.5,4.5,5.0,4.0,4.95,24.703,20.266000000000002,26.9,21.8,67.5,67.5,0.0,2.2,9.9,1.5
2021-09-25,82.76,Excellent,autumn,83.93,Excellent,summer,83.89,Excellent,89.92,84.49,4.5,4.0,5.0,4.0,0.7000000000000002,21.66424,19.97248,23.1,21.2,72.6,72.6,0.0,2.3,0.0,8.6
2021-09-26,91.7,Ideal,autumn,91.77,Ideal,summer,91.76,Ideal,89.61,85.16,4.5,4.5,5.0,4.0,4.15,24.7396,20.735200000000003,27.3,22.6,63.0,63.0,0.0,2.3,8.3,6.8
2021-09-27,88.1,Excellent,autumn,89.59,Excellent,summer,89.43,Excellent,88.43,84.77,5.0,4.5,5.0,4.0,1.1,22.96,20.0224,25.0,21.6,66.0,66.0,0.0,2.4,2.2,8.3
2021-09-28,85.73,Excellent,autumn,87.45,Excellent,summer,87.21,Excellent,89.6,89.44,5.0,4.5,4.87,4.0,0.35,22.96576,20.354599999999998,24.4,21.5,75.1,75.1,1.3,2.2,0.7,9.8
2021-09-29,74.76,Very Good,autumn,76.23,Very Good,summer,75.96,Very Good,84.42,87.83,4.5,4.0,3.69,4.0,1.2000000000000002,21.1036,19.9348,21.4,20.2,93.5,93.5,13.1,1.7,0.0,7.6
2021-09-30,89.68,Excellent,autumn,89.99,Excellent,summer,89.93,Excellent,84.56,87.44,4.5,4.0,5.0,4.5,3.7,24.87604,19.636680000000002,25.9,20.3,83.9,83.9,0.0,1.5,7.4,2.0
2021-10-01,83.56,Excellent,autumn,83.93,Excellent,summer,83.84,Excellent,83.38,86.13,4.5,4.5,3.67,4.0,4.65,25.806,20.02552,27.5,21.1,75.8,75.8,13.3,2.4,9.3,2.9
2021-10-02,90.37,Ideal,autumn,90.6,Ideal,summer,90.53,Ideal,88.17,87.08,4.5,4.0,5.0,4.5,4.05,25.07944,19.71988,26.6,20.7,77.1,77.1,0.0,1.6,8.1,4.0
2021-10-03,89.43,Excellent,autumn,88.78,Excellent,summer,88.99,Excellent,87.77,86.65,4.0,4.5,5.0,4.0,4.2,26.5064,20.7994,28.8,22.3,69.5,69.5,0.0,1.9,8.4,2.0
2021-10-04,80.55,Excellent,autumn,81.81,Excellent,summer,81.36,Excellent,87.06,85.54,4.5,4.5,4.64,3.5,0.25,24.4144,21.9196,25.6,22.9,81.0,81.0,3.6,2.9,0.0,9.5
2021-10-05,86.18,Excellent,autumn,86.92,Excellent,summer,86.63,Excellent,85.84,85.47,4.5,5.0,5.0,3.5,0.75,25.3384,22.642560000000003,26.5,23.6,82.4,82.4,0.0,3.3,1.5,8.1
2021-10-06,77.14,Very Good,autumn,78.68,Very Good,summer,78.02,Very Good,82.47,85.82,4.5,4.0,4.36,3.5,0.6,21.3022,18.5008,21.7,18.8,91.5,91.5,6.4,2.8,1.2,9.0
2021-10-07,78.82,Very Good,autumn,80.24,Excellent,summer,79.58,Very Good,81.95,84.42,4.5,4.0,4.54,4.0,0.2999999999999998,21.209799999999998,18.854799999999997,21.9,19.4,85.5,85.5,4.6,1.9,0.0,9.4
2021-10-08,77.11,Very Good,autumn,77.11,Very Good,autumn,77.46,Very Good,78.68,83.45,4.0,4.0,4.65,4.0,0.25,19.652,18.49376,20.0,18.8,91.3,91.3,3.5,1.7,0.0,9.5
2021-10-09,87.53,Excellent,autumn,87.53,Excellent,autumn,88.24,Excellent,81.63,83.01,5.0,4.5,4.96,4.0,0.95,23.1694,20.1806,24.1,20.9,83.5,83.5,0.4,2.3,1.9,6.8
2021-10-10,74.21,Very Good,autumn,74.21,Very Good,autumn,75.27,Very Good,79.62,80.93,5.0,4.0,3.58,4.0,0.09999999999999964,23.6708,19.464399999999998,24.3,19.9,89.0,89.0,14.2,2.2,0.0,9.8
2021-10-11,75.93,Very Good,autumn,75.93,Very Good,autumn,75.94,Very Good,79.22,80.09,3.5,3.5,4.97,4.0,0.85,17.13232,14.75488,17.8,15.2,78.6,78.6,0.3,2.2,1.7,8.3
2021-10-12,78.74,Very Good,autumn,78.74,Very Good,autumn,78.99,Very Good,76.29,78.92,4.0,3.5,5.0,3.5,1.5,19.812920000000002,16.86036,21.3,17.9,67.1,67.1,0.0,3.3,3.0,6.9
2021-10-13,92.58,Ideal,autumn,92.58,Ideal,autumn,92.89,Ideal,82.42,80.91,5.0,4.0,5.0,4.0,4.5,23.16928,18.31744,25.2,19.6,66.6,66.6,0.0,2.4,9.0,2.1
2021-10-14,89.74,Excellent,autumn,89.74,Excellent,autumn,90.11,Ideal,87.02,82.26,5.0,4.0,5.0,4.0,3.05,22.43216,18.67568,23.9,19.7,73.6,73.6,0.0,2.0,6.1,5.8
2021-10-15,82.08,Excellent,autumn,82.08,Excellent,autumn,82.39,Excellent,88.13,82.97,4.5,4.0,5.0,4.0,0.35,20.23264,18.078400000000002,21.4,19.0,74.4,74.4,0.0,2.1,0.7,9.6
2021-10-16,72.72,Very Good,autumn,72.72,Very Good,autumn,72.82,Very Good,81.51,80.86,3.5,3.0,5.0,3.5,0.75,16.399,10.552999999999999,18.1,10.7,47.5,47.5,0.0,3.4,1.5,6.1
2021-10-17,76.5,Very Good,autumn,76.5,Very Good,autumn,76.32,Very Good,77.1,81.18,3.0,2.5,5.0,3.5,5.0,10.599680000000001,6.70176,10.8,5.6,37.4,37.4,0.0,2.9,10.3,0.0
2021-10-18,72.66,Very Good,autumn,72.66,Very Good,autumn,72.69,Very Good,73.96,80.72,3.5,3.0,4.44,4.0,2.15,15.13376,9.663359999999999,16.1,9.6,60.4,60.4,5.6,2.0,4.3,6.6
2021-10-19,75.64,Very Good,autumn,75.64,Very Good,autumn,75.63,Very Good,74.93,80.27,3.5,3.0,4.56,4.0,3.25,14.456,10.80208,15.0,10.9,72.8,72.8,4.4,2.4,6.5,4.0
2021-10-20,82.09,Excellent,autumn,82.09,Excellent,autumn,82.04,Excellent,76.8,78.78,3.5,3.0,5.0,4.0,5.0,14.98568,9.5702,15.8,9.5,64.9,64.9,0.0,1.7,10.0,0.3
2021-10-21,76.21,Very Good,autumn,76.21,Very Good,autumn,76.21,Very Good,77.98,76.84,3.5,3.0,5.0,4.0,2.0,15.309679999999998,9.82872,16.2,9.8,64.1,64.1,0.0,1.7,4.0,3.3
2021-10-22,82.09,Excellent,autumn,82.09,Excellent,autumn,82.09,Excellent,80.13,76.84,3.5,3.0,5.0,4.0,5.0,16.00192,10.66688,17.2,10.8,58.4,58.4,0.0,1.8,10.0,0.8
2021-10-23,82.74,Excellent,autumn,82.74,Excellent,autumn,82.74,Excellent,80.35,78.28,3.5,3.0,5.0,4.5,4.8,16.96528,11.16088,18.4,11.4,57.3,57.3,0.0,1.6,9.6,0.3
2021-10-24,81.99,Excellent,autumn,81.99,Excellent,autumn,81.99,Excellent,82.27,79.06,3.5,3.0,5.0,4.0,4.95,16.90444,11.19336,18.1,11.4,63.1,63.1,0.0,1.7,9.9,0.3
2021-10-25,79.15,Very Good,autumn,79.15,Very Good,autumn,79.15,Very Good,81.29,79.99,3.5,3.0,5.0,4.0,3.5,16.5208,11.458599999999999,17.6,11.7,64.5,64.5,0.0,1.9,7.0,0.8
2021-10-26,83.09,Excellent,autumn,83.09,Excellent,autumn,83.09,Excellent,81.41,81.05,4.0,3.0,5.0,4.0,4.3,18.082,12.693999999999999,19.0,13.0,74.5,74.5,0.0,1.7,8.6,3.6
2021-10-27,80.33,Excellent,autumn,80.33,Excellent,autumn,80.33,Excellent,80.86,80.8,3.5,3.0,5.0,4.0,4.1,16.914160000000003,12.90224,18.1,13.4,63.4,63.4,0.0,2.2,8.2,2.5
2021-10-28,85.21,Excellent,autumn,85.21,Excellent,autumn,85.21,Excellent,82.88,82.09,4.0,3.0,5.0,4.5,4.85,18.184,12.209679999999999,20.0,12.7,54.6,54.6,0.0,1.4,9.7,0.0
2021-10-29,85.37,Excellent,autumn,85.37,Excellent,autumn,85.37,Excellent,83.64,82.55,4.0,3.5,5.0,4.0,4.35,18.73016,13.78856,20.6,14.6,55.9,55.9,0.0,2.0,8.7,4.6
2021-10-30,77.08,Very Good,autumn,77.08,Very Good,autumn,77.08,Very Good,82.55,81.75,3.5,3.5,5.0,4.5,0.8,16.7968,13.228480000000001,18.0,13.8,62.4,62.4,0.0,1.6,1.6,6.1
2021-10-31,84.85,Excellent,autumn,84.85,Excellent,autumn,84.85,Excellent,82.43,82.15,4.0,3.5,4.93,4.5,3.8,19.19996,13.66212,20.3,14.1,73.3,73.3,0.7,1.6,7.6,3.8
2021-11-01,78.46,Very Good,autumn,78.46,Very Good,autumn,78.46,Very Good,80.13,82.06,3.5,3.0,5.0,4.0,3.15,16.27348,12.63668,16.9,12.9,77.3,77.3,0.0,1.9,6.3,3.0
2021-11-02,79.93,Very Good,autumn,79.93,Very Good,autumn,79.93,Very Good,81.08,81.6,3.5,3.0,5.0,4.0,3.9,16.25416,11.3596,16.9,11.5,76.6,76.6,0.0,1.7,7.8,4.0
2021-11-03,81.66,Excellent,autumn,81.66,Excellent,autumn,81.66,Excellent,80.02,81.79,3.5,3.0,5.0,4.5,4.25,16.27924,11.85724,17.1,12.1,71.1,71.1,0.0,1.5,8.5,3.0
2021-11-04,77.15,Very Good,autumn,77.15,Very Good,autumn,77.15,Very Good,79.58,80.64,3.5,3.0,5.0,4.5,1.95,15.806080000000001,11.93536,16.3,12.1,80.4,80.4,0.0,1.3,3.9,2.4
2021-11-05,84.72,Excellent,autumn,84.72,Excellent,autumn,84.72,Excellent,81.18,80.55,4.0,3.0,5.0,4.5,4.6,18.9148,12.622,20.2,13.0,68.5,68.5,0.0,1.5,9.2,0.6
2021-11-06,86.01,Excellent,autumn,86.01,Excellent,autumn,86.01,Excellent,82.63,81.83,4.0,3.5,5.0,4.5,4.15,19.54172,13.46204,21.3,14.1,61.1,61.1,0.0,1.6,8.3,1.3
2021-11-07,83.5,Excellent,autumn,83.5,Excellent,autumn,83.5,Excellent,84.74,81.63,4.0,3.5,5.0,4.0,3.4,19.379,14.399000000000001,21.3,15.3,57.5,57.5,0.0,2.1,6.8,7.0
2021-11-08,53.72,Acceptable,autumn,53.72,Acceptable,autumn,53.72,Acceptable,74.41,78.1,3.5,3.0,2.43,3.5,0.05,15.1062,8.700239999999999,15.5,8.6,82.1,82.1,25.7,3.2,0.1,9.9
2021-11-09,65.86,Good,autumn,65.86,Good,autumn,65.86,Good,67.69,76.09,2.5,2.5,4.8,4.0,0.9500000000000002,6.7758,5.301880000000001,6.5,4.9,80.3,80.3,2.0,2.4,0.0,8.1
2021-11-10,68.3,Good,autumn,68.3,Good,autumn,68.3,Good,62.63,74.18,2.5,2.5,4.97,4.0,1.6,7.94472,4.81712,7.7,4.2,73.4,73.4,0.3,2.5,3.2,7.4
2021-11-11,72.87,Very Good,autumn,72.87,Very Good,autumn,72.83,Very Good,69.01,73.57,3.0,2.5,5.0,3.5,3.15,9.74728,6.04072,9.7,5.3,60.6,60.6,0.0,2.9,6.3,3.0
2021-11-12,74.83,Very Good,autumn,74.83,Very Good,autumn,74.72,Very Good,72.0,72.16,3.0,2.5,5.0,3.5,4.15,8.84976,5.4812,8.6,4.5,55.4,55.4,0.0,2.6,8.3,1.3
2021-11-13,74.07,Very Good,autumn,74.07,Very Good,autumn,74.04,Very Good,73.92,70.45,3.0,2.5,5.0,4.5,2.7,12.93896,7.66612,13.4,7.3,66.1,66.1,0.0,1.5,5.4,4.5
2021-11-14,78.56,Very Good,autumn,78.56,Very Good,autumn,78.45,Very Good,75.82,69.74,3.5,3.0,5.0,4.0,3.2,15.626879999999998,11.14296,16.4,11.3,69.8,69.8,0.0,2.2,6.4,3.4
2021-11-15,81.07,Excellent,autumn,81.07,Excellent,autumn,80.96,Excellent,77.9,73.65,3.5,3.0,5.0,4.5,3.95,15.045639999999999,10.088519999999999,15.7,10.1,71.3,71.3,0.0,1.6,7.9,3.6
2021-11-16,81.11,Excellent,autumn,81.11,Excellent,autumn,80.85,Excellent,80.25,75.83,3.5,3.0,5.0,4.0,4.5,13.1032,8.707,13.6,8.5,65.5,65.5,0.0,1.9,9.0,0.0
2021-11-17,75.93,Very Good,autumn,75.93,Very Good,autumn,75.78,Very Good,79.37,76.92,3.0,2.5,5.0,4.5,3.65,12.141,7.859,12.5,7.5,64.1,64.1,0.0,1.6,7.3,3.5
2021-11-18,74.15,Very Good,autumn,74.15,Very Good,autumn,74.15,Very Good,77.06,77.1,3.5,3.0,5.0,4.0,0.95,15.47584,11.67808,16.2,11.9,70.8,70.8,0.0,2.4,1.9,7.5
2021-11-19,73.17,Very Good,autumn,73.17,Very Good,autumn,73.23,Very Good,74.42,76.87,3.5,3.0,5.0,4.0,0.45,16.29264,12.72368,16.7,12.9,84.8,84.8,0.0,1.9,0.9,6.5
2021-11-20,78.82,Very Good,autumn,78.82,Very Good,autumn,78.74,Very Good,75.38,77.54,3.5,3.0,5.0,4.5,2.8,15.0848,10.3632,15.6,10.4,77.0,77.0,0.0,1.6,5.6,3.3
2021-11-21,66.95,Good,autumn,66.95,Good,autumn,67.21,Good,72.98,75.89,3.0,3.0,4.41,4.0,0.5499999999999998,12.78256,10.35904,13.1,10.4,74.4,74.4,5.9,1.9,0.0,8.9
2021-11-22,65.51,Good,autumn,65.51,Good,autumn,64.84,Good,70.43,73.66,2.5,2.0,4.87,3.0,2.7,7.882,3.81544,7.5,2.7,61.8,61.8,1.3,4.1,5.4,3.3
2021-11-23,65.37,Good,autumn,65.37,Good,autumn,64.81,Good,65.94,71.41,2.0,2.0,5.0,3.5,2.85,3.5042799999999996,1.0578400000000001,2.3,-0.6,60.9,60.9,0.0,3.2,5.7,2.9
2021-11-24,72.54,Very Good,autumn,71.92,Very Good,winter,72.23,Very Good,67.6,70.84,3.0,2.5,5.0,4.0,2.45,9.22852,4.94252,9.1,4.1,64.3,64.3,0.0,1.9,4.9,3.9
2021-11-25,75.48,Very Good,autumn,74.35,Very Good,winter,74.88,Very Good,70.55,70.87,3.0,2.5,5.0,4.0,3.95,9.918000000000001,6.474,9.9,5.7,55.0,55.0,0.0,2.2,7.9,1.9
2021-11-26,69.98,Good,autumn,69.49,Good,winter,69.7,Good,71.92,70.34,2.5,2.5,5.0,4.0,2.35,7.676,4.107,7.2,2.9,57.5,57.5,0.0,2.2,4.7,1.4
2021-11-27,77.8,Very Good,autumn,76.86,Very Good,winter,77.23,Very Good,73.57,70.06,3.0,2.5,5.0,4.5,4.6,10.081199999999999,4.6408,10.1,3.4,53.0,53.0,0.0,1.6,9.2,0.0
2021-11-28,76.62,Very Good,autumn,75.89,Very Good,winter,76.15,Very Good,74.08,71.34,3.0,2.5,5.0,4.5,4.0,11.94304,6.032959999999999,12.4,5.1,52.4,52.4,0.0,1.5,8.0,4.0
2021-11-29,75.76,Very Good,autumn,75.49,Very Good,winter,75.57,Very Good,76.08,72.77,3.5,2.5,5.0,4.5,2.35,13.137599999999999,7.964799999999999,13.7,7.6,62.0,62.0,0.0,1.6,4.7,7.0
2021-11-30,47.98,Marginal,autumn,49.14,Marginal,winter,48.81,Marginal,66.84,70.45,3.0,2.5,2.2800000000000002,3.0,0.5,8.98624,6.03712,8.9,5.7,80.4,80.4,27.2,3.7,0.0,9.0
2021-12-01,65.47,Good,winter,65.47,Good,winter,66.02,Good,63.37,69.53,2.0,2.0,5.0,3.0,4.55,3.1388,0.8786400000000001,1.5,-1.3,51.8,51.8,0.0,4.2,9.1,0.6
2021-12-02,66.55,Good,winter,66.55,Good,winter,66.68,Good,60.39,68.41,2.5,2.0,4.99,4.0,2.05,5.622,2.3822799999999997,5.0,1.3,68.9,68.9,0.1,2.1,4.1,4.5
2021-12-03,68.96,Good,winter,68.96,Good,winter,69.28,Good,66.99,68.34,2.5,2.0,4.96,3.5,4.55,5.60872,3.4130800000000003,4.6,1.9,53.3,53.3,0.4,2.9,9.1,1.4
2021-12-04,69.12,Good,winter,69.12,Good,winter,69.28,Good,68.21,67.23,2.5,2.0,5.0,4.0,3.6,7.618,3.1715999999999998,7.0,1.4,48.5,48.5,0.0,2.0,7.2,1.0
2021-12-05,76.86,Very Good,winter,76.86,Very Good,winter,76.96,Very Good,71.65,67.37,3.0,2.5,5.0,4.5,4.6,9.679359999999999,4.30864,9.6,2.9,50.4,50.4,0.0,1.4,9.2,0.0
2021-12-06,75.32,Very Good,winter,75.32,Very Good,winter,75.37,Very Good,73.77,67.35,3.0,2.5,5.0,4.5,3.65,11.77576,6.11024,12.1,5.4,61.4,61.4,0.0,1.6,7.3,4.1
2021-12-07,76.13,Very Good,winter,76.13,Very Good,winter,76.16,Very Good,76.1,71.2,3.0,2.5,5.0,4.5,4.15,12.88156,7.20576,13.3,6.8,68.3,68.3,0.0,1.2,8.3,0.0
2021-12-08,76.78,Very Good,winter,76.78,Very Good,winter,76.78,Very Good,76.08,72.82,3.0,2.5,5.0,4.5,4.55,12.904,7.096,13.3,6.7,70.0,70.0,0.0,1.5,9.1,1.6
2021-12-09,69.08,Good,winter,69.08,Good,winter,69.08,Good,74.0,73.18,3.0,2.5,5.0,4.0,0.7,9.73564,6.9158,9.7,6.5,70.3,70.3,0.0,2.2,1.4,6.9
2021-12-10,69.06,Good,winter,69.06,Good,winter,69.06,Good,71.64,73.19,3.0,2.5,4.93,4.0,0.9500000000000002,8.3332,7.222,8.2,7.0,81.5,81.5,0.7,2.1,0.0,8.1
2021-12-11,72.24,Very Good,winter,72.24,Very Good,winter,72.24,Very Good,70.13,73.64,3.0,2.5,5.0,4.5,1.75,9.813120000000001,6.2624,9.8,6.0,83.6,83.6,0.0,1.4,3.5,8.1
2021-12-12,68.31,Good,winter,68.31,Good,winter,68.31,Good,69.87,72.42,2.5,2.0,5.0,3.5,4.0,5.84872,2.5446400000000002,5.1,1.2,61.8,61.8,0.0,3.2,8.0,2.5
2021-12-13,68.39,Good,winter,68.39,Good,winter,68.39,Good,69.65,71.43,2.0,2.0,5.0,4.0,4.55,3.72088,0.5425599999999999,1.9,-2.2,43.8,43.8,0.0,2.3,9.1,2.1
2021-12-14,69.24,Good,winter,69.24,Good,winter,69.24,Good,68.65,70.44,3.0,2.5,4.88,4.0,1.25,8.45272,4.58452,8.2,3.7,64.9,64.9,1.2,2.0,2.5,9.0
2021-12-15,67.39,Good,winter,67.39,Good,winter,67.39,Good,68.34,69.1,3.0,2.5,4.79,4.0,0.45,10.0,7.37024,10.0,7.2,84.8,84.8,2.1,1.7,0.9,7.3
2021-12-16,72.0,Very Good,winter,72.0,Very Good,winter,72.0,Very Good,69.54,69.52,3.0,2.5,5.0,4.0,2.5,9.82272,6.808960000000001,9.8,6.4,71.6,71.6,0.0,1.8,5.0,7.1
2021-12-17,65.03,Good,winter,65.03,Good,winter,65.03,Good,68.14,68.94,2.5,1.5,5.0,3.0,4.35,4.5464,-2.5111999999999997,3.2,-5.6,50.5,50.5,0.0,4.6,8.7,1.4
2021-12-18,58.12,Acceptable,winter,58.12,Acceptable,winter,58.12,Acceptable,65.05,66.93,1.5,1.5,4.72,4.0,2.15,-0.10551999999999939,-3.4454799999999994,-1.8,-5.7,64.1,64.1,2.8,2.0,4.3,4.1
2021-12-19,70.38,Very Good,winter,70.38,Very Good,winter,70.38,Very Good,64.51,67.22,2.5,2.0,4.98,4.0,4.45,5.03984,0.7638400000000001,4.2,-0.8,63.8,63.8,0.2,2.0,8.9,0.6
2021-12-20,72.89,Very Good,winter,72.89,Very Good,winter,72.89,Very Good,67.13,67.86,3.0,2.5,5.0,4.0,3.05,11.00276,5.62432,11.1,5.2,77.9,77.9,0.0,2.1,6.1,4.6
2021-12-21,72.81,Very Good,winter,72.81,Very Good,winter,72.81,Very Good,72.03,68.37,3.0,2.5,5.0,4.0,3.0,9.02804,5.75872,8.9,5.2,70.9,70.9,0.0,2.0,6.0,1.4
2021-12-22,72.77,Very Good,winter,72.77,Very Good,winter,72.77,Very Good,72.82,69.14,3.0,2.0,5.0,4.0,4.45,8.578719999999999,3.84112,8.2,2.2,47.4,47.4,0.0,1.7,8.9,0.0
2021-12-23,75.0,Very Good,winter,75.0,Very Good,winter,75.0,Very Good,73.53,69.57,3.0,2.5,5.0,4.5,3.45,8.616200000000001,4.0578,8.3,2.7,53.5,53.5,0.0,1.4,6.9,2.8
2021-12-24,64.87,Good,winter,64.87,Good,winter,64.87,Good,70.88,69.55,2.5,2.0,4.98,3.5,1.9500000000000002,4.14384,1.12964,3.2,-0.3,65.3,65.3,0.2,2.6,0.0,6.1
2021-12-25,58.42,Acceptable,winter,58.42,Acceptable,winter,58.42,Acceptable,66.1,69.59,1.5,1.0,5.0,3.0,4.55,-3.314079999999999,-6.700319999999999,-7.3,-11.7,42.4,42.4,0.0,3.9,9.1,0.0
2021-12-26,59.88,Acceptable,winter,59.88,Acceptable,winter,59.88,Acceptable,61.06,68.09,1.5,1.0,5.0,3.5,4.55,-3.3901999999999997,-7.1053999999999995,-7.3,-12.1,43.5,43.5,0.0,3.1,9.1,0.0
2021-12-27,57.05,Acceptable,winter,57.05,Acceptable,winter,57.05,Acceptable,58.45,65.83,1.5,1.0,5.0,4.0,1.9,-1.7260399999999998,-4.847359999999999,-3.9,-7.6,60.9,60.9,0.0,1.7,3.8,3.1
2021-12-28,60.01,Good,winter,60.01,Good,winter,60.01,Good,58.98,64.0,2.0,1.5,5.0,4.0,0.85,0.2423200000000002,-2.6223199999999993,-0.9,-4.1,73.8,73.8,0.0,2.2,1.7,4.1
2021-12-29,63.17,Good,winter,63.17,Good,winter,63.17,Good,60.08,62.63,2.5,2.0,4.98,3.5,0.9,6.3444400000000005,1.4406399999999997,5.9,0.4,72.9,72.9,0.2,2.6,1.8,5.1
2021-12-30,63.08,Good,winter,63.08,Good,winter,63.08,Good,62.09,60.93,2.0,1.5,5.0,3.5,3.65,2.2188000000000003,-1.0365999999999995,0.2,-3.9,48.5,48.5,0.0,3.3,7.3,2.0
2021-12-31,60.73,Good,winter,60.73,Good,winter,60.73,Good,62.33,60.33,1.5,1.5,5.0,3.0,4.5,-0.3360399999999997,-2.41812,-3.9,-6.7,35.9,35.9,0.0,3.5,9.0,0.0
2022-01-01,67.38,Good,winter,67.38,Good,winter,67.38,Good,63.73,61.61,2.0,1.5,5.0,4.5,4.5,3.95396,-1.2283599999999995,2.3,-4.3,46.3,46.3,0.0,1.5,9.0,1.4
2022-01-02,67.48,Good,winter,67.48,Good,winter,67.48,Good,65.2,62.7,2.5,2.0,4.97,4.0,2.7,4.178800000000001,0.6029200000000003,3.0,-1.3,57.9,57.9,0.3,2.3,5.4,4.1
2022-01-03,67.34,Good,winter,67.34,Good,winter,67.34,Good,67.4,64.17,2.0,2.0,5.0,4.0,3.9,3.7510000000000003,0.08492000000000055,2.5,-1.9,58.3,58.3,0.0,1.8,7.8,4.9
2022-01-04,65.92,Good,winter,65.92,Good,winter,65.92,Good,66.91,65.01,2.0,1.5,5.0,4.0,4.5,2.7352,-0.08999999999999986,1.0,-2.5,51.8,51.8,0.0,2.4,9.0,0.0
2022-01-05,60.17,Good,winter,60.17,Good,winter,60.17,Good,64.48,64.59,2.0,1.5,5.0,4.0,0.95,3.59776,-0.117119999999999,1.9,-2.8,47.6,47.6,0.0,1.7,1.9,7.3
2022-01-06,70.66,Very Good,winter,70.66,Very Good,winter,70.66,Very Good,65.58,65.67,2.5,2.0,5.0,4.0,4.55,4.71772,0.3815199999999992,3.3,-2.2,47.1,47.1,0.0,2.3,9.1,0.0
2022-01-07,72.12,Very Good,winter,72.12,Very Good,winter,72.12,Very Good,67.65,67.3,2.5,2.0,5.0,4.5,4.55,5.6638,0.8545599999999993,4.5,-1.6,47.1,47.1,0.0,1.5,9.1,0.0
2022-01-08,63.86,Good,winter,63.86,Good,winter,63.86,Good,68.88,66.79,2.5,2.0,5.0,4.0,0.35,4.59964,1.68516,3.7,0.3,64.3,64.3,0.0,1.7,0.7,5.9
2022-01-09,66.94,Good,winter,66.94,Good,winter,66.94,Good,67.64,66.72,2.5,2.0,5.0,4.0,2.25,6.1015999999999995,2.2918000000000003,5.6,1.3,71.5,71.5,0.0,1.7,4.5,3.1
2022-01-10,65.9,Good,winter,65.9,Good,winter,65.9,Good,65.57,66.51,2.5,2.0,4.91,4.0,1.95,5.11008,1.7046000000000003,4.4,0.5,68.3,68.3,0.9,2.0,3.9,7.0
2022-01-11,60.57,Good,winter,60.57,Good,winter,60.57,Good,64.47,65.75,2.0,1.0,4.98,3.0,4.55,2.0265999999999997,-4.302800000000001,0.3,-7.4,55.5,55.5,0.2,4.0,9.1,0.4
2022-01-12,60.94,Good,winter,60.94,Good,winter,60.94,Good,62.47,65.86,1.5,1.0,5.0,4.0,4.3,-0.6020799999999995,-4.004239999999999,-3.4,-7.7,47.8,47.8,0.0,2.4,8.6,2.8
2022-01-13,62.27,Good,winter,62.27,Good,winter,62.27,Good,61.26,64.66,1.5,1.5,5.0,3.5,4.55,-0.2599199999999997,-2.8444800000000003,-3.1,-6.4,45.8,45.8,0.0,3.3,9.1,2.3
2022-01-14,66.0,Good,winter,66.0,Good,winter,66.0,Good,63.07,63.78,2.0,1.5,5.0,4.0,4.55,3.32536,-1.3545599999999989,1.3,-4.8,41.8,41.8,0.0,1.7,9.1,2.6
2022-01-15,61.75,Good,winter,61.75,Good,winter,61.75,Good,63.34,63.48,2.0,2.0,5.0,4.0,0.45,3.4957599999999998,1.2748000000000004,1.8,-1.0,48.3,48.3,0.0,1.9,0.9,8.5
2022-01-16,66.69,Good,winter,66.69,Good,winter,66.69,Good,64.81,63.45,2.0,2.0,5.0,3.5,4.4,3.7832,0.18400000000000016,2.4,-2.0,54.5,54.5,0.0,3.3,8.8,1.6
2022-01-17,61.97,Good,winter,61.97,Good,winter,61.97,Good,63.47,62.88,2.0,1.5,4.95,4.0,2.25,1.6879600000000003,-3.2656799999999997,0.1,-5.8,59.9,59.9,0.5,2.2,4.5,2.5
2022-01-18,66.08,Good,winter,66.08,Good,winter,66.08,Good,64.91,63.67,2.0,1.5,5.0,4.0,4.6,1.5298800000000001,-2.3489599999999995,-0.7,-5.6,47.9,47.9,0.0,2.3,9.2,0.3
2022-01-19,59.29,Acceptable,winter,59.29,Acceptable,winter,59.29,Acceptable,62.45,63.44,1.5,1.5,4.83,4.0,2.45,-1.29284,-3.6047599999999993,-2.7,-5.3,72.3,72.3,1.7,2.1,0.0,5.1
2022-01-20,66.0,Good,winter,66.0,Good,winter,66.0,Good,63.79,63.97,2.0,1.5,5.0,4.0,4.55,2.2286,-2.81,0.9,-5.0,63.5,63.5,0.0,1.8,9.1,0.0
2022-01-21,68.35,Good,winter,68.35,Good,winter,68.35,Good,64.55,64.3,2.5,1.5,5.0,4.0,4.6,5.5590399999999995,-0.44448000000000043,4.6,-2.7,55.6,55.6,0.0,1.8,9.2,0.0
2022-01-22,68.15,Good,winter,68.15,Good,winter,68.15,Good,67.5,65.22,2.5,2.0,5.0,4.0,3.0,7.652159999999999,2.14688,7.1,0.3,52.4,52.4,0.0,1.7,6.0,5.9
2022-01-23,67.58,Good,winter,67.58,Good,winter,67.58,Good,68.03,65.35,2.5,2.0,5.0,4.0,2.65,7.32832,3.5232,6.7,2.0,52.4,52.4,0.0,1.7,5.3,4.8
2022-01-24,68.27,Good,winter,68.27,Good,winter,68.27,Good,68.0,66.25,3.0,2.5,5.0,3.0,2.0,8.6816,5.5504,8.4,4.6,56.0,56.0,0.0,3.5,4.0,4.9
2022-01-25,63.35,Good,winter,63.35,Good,winter,63.35,Good,66.4,65.86,2.5,2.0,4.93,4.0,0.2999999999999998,4.9399999999999995,3.376,4.5,2.8,80.0,80.0,0.7,2.3,0.0,9.4
2022-01-26,70.09,Very Good,winter,70.09,Very Good,winter,70.09,Very Good,67.24,67.4,2.5,2.0,5.0,4.0,4.2,7.27616,2.59456,6.8,1.3,62.8,62.8,0.0,2.2,8.4,2.4
2022-01-27,70.5,Very Good,winter,70.5,Very Good,winter,70.5,Very Good,67.98,68.04,2.5,2.0,5.0,4.0,4.45,5.2,1.12,4.0,-1.1,50.0,50.0,0.0,2.1,8.9,2.1
2022-01-28,64.62,Good,winter,64.62,Good,winter,64.62,Good,68.4,67.51,2.0,1.5,5.0,3.5,4.6,3.62944,-0.24128000000000016,2.1,-2.7,51.6,51.6,0.0,2.8,9.2,2.0
2022-01-29,66.33,Good,winter,66.33,Good,winter,66.33,Good,67.15,67.25,2.0,1.5,5.0,4.0,4.75,2.76004,-0.82016,0.9,-3.6,48.9,48.9,0.0,2.4,9.5,0.8
2022-01-30,68.68,Good,winter,68.68,Good,winter,68.68,Good,66.54,67.41,2.5,1.5,5.0,4.0,4.8,4.05984,-0.004479999999999151,2.4,-2.8,45.4,45.4,0.0,2.2,9.6,0.6
2022-01-31,69.03,Good,winter,69.03,Good,winter,69.03,Good,68.01,67.51,2.5,2.0,4.88,4.0,4.0,5.6528,1.0548000000000002,4.8,-0.7,59.0,59.0,1.2,1.9,8.0,3.3
2022-02-01,59.93,Acceptable,winter,59.93,Acceptable,winter,59.93,Acceptable,65.88,67.03,2.0,1.5,4.83,3.5,2.35,1.7517600000000004,-0.24231999999999942,0.9,-1.3,76.6,76.6,1.7,2.6,4.7,6.6
2022-02-02,66.08,Good,winter,66.08,Good,winter,66.08,Good,65.01,66.45,2.0,1.5,5.0,4.0,4.6,1.58,-1.2827999999999995,0.0,-3.4,60.5,60.5,0.0,2.4,9.2,3.5
2022-02-03,66.49,Good,winter,66.49,Good,winter,66.49,Good,64.17,65.88,2.0,1.5,5.0,4.0,4.85,2.22784,-0.8486400000000001,0.4,-3.4,52.4,52.4,0.0,2.4,9.7,1.5
2022-02-04,63.08,Good,winter,63.08,Good,winter,63.08,Good,65.22,65.66,2.0,1.5,5.0,3.5,3.65,1.2987600000000006,-2.3606399999999996,-0.7,-5.2,53.3,53.3,0.0,3.1,7.3,1.9
2022-02-05,64.54,Good,winter,64.54,Good,winter,64.54,Good,64.7,65.4,2.0,1.5,5.0,3.5,4.55,0.45760000000000023,-3.200319999999999,-2.0,-6.6,48.8,48.8,0.0,3.1,9.1,0.9
2022-02-06,66.33,Good,winter,66.33,Good,winter,66.33,Good,64.65,65.07,2.0,1.5,5.0,4.0,4.75,3.35004,-1.1366799999999997,1.7,-3.9,50.3,50.3,0.0,2.5,9.5,1.0
2022-02-07,63.9,Good,winter,63.9,Good,winter,63.9,Good,64.92,64.34,2.0,1.5,5.0,4.0,3.25,3.47788,-0.06499999999999995,1.9,-2.5,51.3,51.3,0.0,1.8,6.5,6.1
2022-02-08,69.85,Good,winter,69.85,Good,winter,69.85,Good,66.69,65.75,2.5,2.0,5.0,4.0,4.05,6.41312,1.7664800000000003,5.6,-0.1,53.8,53.8,0.0,1.9,8.1,1.5
2022-02-09,70.74,Very Good,winter,70.74,Very Good,winter,70.74,Very Good,68.16,66.42,2.5,2.0,5.0,4.0,4.6,7.73424,2.7172,7.2,1.0,52.3,52.3,0.0,1.8,9.2,5.5
2022-02-10,71.07,Very Good,winter,71.07,Very Good,winter,71.07,Very Good,70.55,67.07,2.5,2.0,5.0,4.0,4.8,7.25704,2.85168,6.7,1.4,57.8,57.8,0.0,2.3,9.6,1.6
2022-02-11,75.16,Very Good,winter,75.16,Very Good,winter,75.16,Very Good,72.32,68.8,3.0,2.5,5.0,4.0,4.45,8.98672,4.00476,8.8,2.9,61.1,61.1,0.0,1.8,8.9,2.6
2022-02-12,75.48,Very Good,winter,75.48,Very Good,winter,75.48,Very Good,73.9,70.36,3.0,2.5,5.0,4.0,4.65,10.320640000000001,5.8316799999999995,10.4,4.8,50.4,50.4,0.0,1.7,9.3,3.5
2022-02-13,70.38,Very Good,winter,70.38,Very Good,winter,70.38,Very Good,73.67,70.94,3.0,2.5,5.0,4.0,1.5,9.6102,5.94608,9.5,4.8,44.9,44.9,0.0,1.8,3.0,5.3
2022-02-14,63.79,Good,winter,63.79,Good,winter,63.79,Good,69.88,70.92,3.0,2.0,4.83,3.5,0.45,8.34092,3.451,8.1,2.5,68.3,68.3,1.7,2.9,0.9,6.6
2022-02-15,58.14,Acceptable,winter,58.14,Acceptable,winter,58.14,Acceptable,64.1,69.25,2.0,1.5,5.0,3.0,1.5,0.5984000000000003,-2.2304,-1.3,-4.7,58.0,58.0,0.0,3.8,3.0,5.6
2022-02-16,60.73,Good,winter,60.73,Good,winter,60.73,Good,60.89,67.82,1.5,1.5,5.0,3.0,4.5,-1.3025599999999993,-3.8676799999999996,-4.1,-7.3,50.4,50.4,0.0,3.7,9.0,0.9
2022-02-17,66.57,Good,winter,66.57,Good,winter,66.57,Good,61.81,67.18,2.0,1.5,5.0,4.0,4.9,1.9527999999999999,-2.41568,-0.5,-6.2,41.6,41.6,0.0,2.5,9.8,0.0
2022-02-18,70.26,Very Good,winter,70.26,Very Good,winter,70.26,Very Good,65.85,66.48,2.5,2.0,5.0,4.0,4.3,6.72512,1.47008,5.7,-1.2,40.4,40.4,0.0,2.0,8.6,3.9
2022-02-19,64.12,Good,winter,64.12,Good,winter,64.12,Good,66.98,64.86,2.5,2.0,4.99,3.5,1.45,4.88692,0.5042799999999998,3.7,-1.7,52.9,52.9,0.1,2.9,2.9,6.5
2022-02-20,63.81,Good,winter,63.81,Good,winter,63.81,Good,66.06,63.92,2.0,1.5,5.0,3.0,5.0,1.9737999999999998,-1.3131199999999996,-0.5,-4.8,41.1,41.1,0.0,4.1,10.0,0.1
2022-02-21,64.64,Good,winter,64.64,Good,winter,64.68,Good,64.19,64.04,2.5,1.5,4.99,3.5,3.25,4.71872,-0.7275999999999998,3.6,-3.0,56.3,56.3,0.1,2.9,6.5,2.5
2022-02-22,63.65,Good,winter,63.65,Good,winter,63.73,Good,64.03,64.83,2.0,1.5,5.0,3.5,4.0,2.6546,-1.2113999999999998,0.5,-4.5,43.3,43.3,0.0,3.2,8.0,1.0
2022-02-23,65.27,Good,winter,65.27,Good,winter,65.46,Good,64.52,65.47,2.0,1.5,5.0,3.5,5.0,2.0076,-1.7623999999999995,-0.6,-5.6,38.5,38.5,0.0,2.6,10.2,0.0
2022-02-24,69.0,Good,winter,69.0,Good,winter,69.28,Good,65.97,65.82,2.5,1.5,5.0,4.0,5.0,4.89952,-0.03903999999999952,3.7,-2.4,52.4,52.4,0.0,2.2,10.3,0.0
2022-02-25,70.74,Very Good,winter,70.74,Very Good,winter,70.86,Very Good,68.34,65.89,3.0,2.0,5.0,4.0,3.2,8.544,3.63,8.4,3.0,77.5,77.5,0.0,2.3,6.4,3.8
2022-02-26,64.52,Good,winter,64.52,Good,winter,64.18,Good,68.09,65.95,3.0,2.5,4.89,3.0,0.1,9.36048,5.79744,9.3,5.4,78.4,78.4,1.1,3.9,0.2,8.0
2022-02-27,74.59,Very Good,winter,74.59,Very Good,winter,74.97,Very Good,69.95,67.49,3.0,2.5,5.0,3.5,5.0,9.25624,4.79368,9.1,3.7,56.6,56.6,0.0,2.8,10.5,0.0
2022-02-28,72.16,Very Good,winter,72.16,Very Good,winter,71.89,Very Good,70.42,68.56,3.0,2.5,5.0,4.5,1.7,11.2738,7.28256,11.5,6.8,62.3,62.3,0.0,1.5,3.4,8.0
2022-03-01,67.46,Good,spring,68.56,Good,winter,68.21,Good,71.77,69.26,3.0,2.5,4.77,4.0,1.25,9.735399999999998,6.2956,9.7,5.8,70.5,70.5,2.3,2.3,2.5,6.1
2022-03-02,76.1,Very Good,spring,74.59,Very Good,winter,75.13,Very Good,71.77,70.59,3.0,2.5,5.0,3.5,5.0,9.01168,4.6466,8.8,3.5,55.9,55.9,0.0,2.7,10.7,1.0
2022-03-03,77.41,Very Good,spring,76.05,Very Good,winter,76.58,Very Good,73.07,71.6,3.0,2.5,5.0,4.0,5.0,11.947840000000001,6.591279999999999,12.4,5.8,52.9,52.9,0.0,2.1,10.6,0.0
2022-03-04,70.19,Very Good,spring,70.3,Very Good,winter,70.25,Very Good,73.65,71.54,3.5,2.5,5.0,3.0,1.85,13.873199999999999,7.3898,14.6,6.9,60.5,60.5,0.0,3.6,3.7,5.1
2022-03-05,72.21,Very Good,spring,70.86,Very Good,winter,71.49,Very Good,72.4,72.44,2.5,2.5,5.0,3.0,5.0,7.513120000000001,4.19728,6.7,2.3,38.4,38.4,0.0,4.3,10.5,0.1
2022-03-06,71.59,Very Good,spring,71.59,Very Good,spring,70.76,Very Good,70.92,72.02,2.5,2.0,5.0,3.5,5.0,7.5744,3.4812,6.8,1.4,39.5,39.5,0.0,2.6,10.8,1.3
2022-03-07,73.99,Very Good,spring,73.99,Very Good,spring,73.82,Very Good,72.15,72.28,3.0,2.5,5.0,4.0,3.5,8.98184,4.36096,8.7,2.8,45.8,45.8,0.0,2.0,7.0,6.1
2022-03-08,75.36,Very Good,spring,75.36,Very Good,spring,75.03,Very Good,73.65,73.25,3.0,2.5,5.0,4.0,4.1,11.89612,6.7024,12.3,6.0,56.1,56.1,0.0,2.0,8.2,4.9
2022-03-09,78.51,Very Good,spring,78.51,Very Good,spring,78.02,Very Good,75.95,73.81,3.5,2.5,5.0,4.0,4.35,14.21632,7.45264,14.8,7.1,69.6,69.6,0.0,1.9,8.7,2.3
2022-03-10,81.12,Excellent,spring,81.12,Excellent,spring,80.77,Excellent,78.33,74.53,3.5,3.0,5.0,4.0,4.65,14.67248,9.43608,15.8,9.3,51.4,51.4,0.0,2.1,9.3,6.6
2022-03-11,77.25,Very Good,spring,77.25,Very Good,spring,77.29,Very Good,78.96,75.53,3.5,3.0,5.0,4.0,2.95,17.00224,11.000319999999999,18.4,11.2,58.4,58.4,0.0,1.9,5.9,5.3
2022-03-12,73.86,Very Good,spring,73.86,Very Good,spring,74.02,Very Good,77.41,75.95,4.0,3.0,4.74,3.5,1.6,18.439799999999998,12.48752,19.5,12.8,72.1,72.1,2.6,2.7,3.2,5.8
2022-03-13,43.03,Marginal,spring,43.03,Marginal,spring,43.51,Marginal,64.71,71.87,3.0,3.0,0.79,4.0,0.2999999999999998,12.5532,11.6694,12.6,11.7,95.5,95.5,42.1,1.9,0.0,9.4
2022-03-14,68.02,Good,spring,68.02,Good,spring,68.17,Good,61.64,71.02,3.5,3.0,4.13,3.5,1.7999999999999998,13.07584,8.269839999999999,13.2,8.2,90.3,90.3,8.7,3.2,0.0,6.4
2022-03-15,74.1,Very Good,spring,74.1,Very Good,spring,74.03,Very Good,61.72,70.84,3.0,2.5,5.0,4.0,3.55,12.938320000000001,7.50688,13.3,7.2,72.6,72.6,0.0,2.0,7.1,3.8
2022-03-16,79.75,Very Good,spring,79.75,Very Good,spring,79.67,Very Good,73.96,71.02,3.5,3.0,5.0,4.0,4.05,15.782720000000001,10.25512,16.8,10.3,62.6,62.6,0.0,2.1,8.1,3.8
2022-03-17,70.65,Very Good,spring,70.65,Very Good,spring,70.79,Very Good,74.83,69.52,3.5,3.0,4.88,3.5,0.95,14.3248,10.593599999999999,15.1,10.7,62.0,62.0,1.2,2.7,1.9,10.0
2022-03-18,64.42,Good,spring,64.42,Good,spring,64.51,Good,71.61,67.69,3.0,2.5,5.0,3.0,0.4500000000000002,9.66272,7.892,9.6,7.5,60.8,60.8,0.0,4.4,0.0,9.1
2022-03-19,52.57,Acceptable,spring,52.57,Acceptable,spring,52.61,Acceptable,62.55,64.65,2.5,2.0,3.54,3.5,0.5499999999999998,6.34024,3.80656,6.1,3.4,84.6,84.6,14.6,3.0,0.0,8.9
2022-03-20,71.88,Very Good,spring,71.88,Very Good,spring,71.88,Very Good,62.96,68.77,3.0,2.5,5.0,3.5,3.15,9.39492,6.02376,9.3,5.4,66.1,66.1,0.0,2.6,6.3,5.1
2022-03-21,73.76,Very Good,spring,73.76,Very Good,spring,73.76,Very Good,66.07,69.59,3.0,2.5,5.0,4.0,3.4,10.7182,6.01,10.9,5.0,49.5,49.5,0.0,2.4,6.8,7.5
2022-03-22,77.41,Very Good,spring,77.41,Very Good,spring,77.41,Very Good,74.35,70.06,3.0,2.5,5.0,4.0,5.0,12.86416,7.69276,13.6,7.1,48.9,48.9,0.0,2.2,11.0,2.5
2022-03-23,67.15,Good,spring,67.15,Good,spring,67.15,Good,72.77,68.26,3.0,2.5,5.0,4.0,0.5,8.51104,6.8566400000000005,8.2,6.2,56.8,56.8,0.0,2.3,0.0,9.0
2022-03-24,68.74,Good,spring,68.74,Good,spring,68.74,Good,71.1,67.99,3.0,3.0,5.0,4.0,0.35,12.11776,8.411679999999999,12.4,8.2,70.6,70.6,0.0,1.8,0.7,8.4
2022-03-25,64.06,Good,spring,64.06,Good,spring,64.06,Good,66.65,67.94,3.5,3.0,3.91,3.5,0.65,16.336,11.76,17.2,12.0,70.0,70.0,10.9,2.6,1.3,7.9
2022-03-26,58.2,Acceptable,spring,58.2,Acceptable,spring,58.2,Acceptable,63.67,68.74,3.5,3.0,3.02,3.5,0.45,14.340919999999999,11.66248,14.7,11.8,80.9,80.9,19.8,2.9,0.9,8.3
2022-03-27,78.03,Very Good,spring,78.03,Very Good,spring,78.03,Very Good,66.76,69.62,3.0,3.0,5.0,3.5,5.0,12.07064,8.486839999999999,12.6,8.1,49.1,49.1,0.0,3.0,10.4,0.3
2022-03-28,81.92,Excellent,spring,81.92,Excellent,spring,81.92,Excellent,72.72,70.79,3.5,3.0,5.0,4.0,5.0,13.78624,8.66368,15.1,8.2,35.6,35.6,0.0,2.1,11.7,0.5
2022-03-29,81.92,Excellent,spring,81.92,Excellent,spring,81.92,Excellent,80.62,71.43,3.5,3.0,5.0,4.0,5.0,14.54496,9.75652,15.6,9.7,52.9,52.9,0.0,2.1,11.2,1.4
2022-03-30,71.64,Very Good,spring,71.64,Very Good,spring,71.64,Very Good,78.49,72.07,3.5,3.0,4.96,4.0,0.6,15.1642,10.7248,15.7,10.8,76.5,76.5,0.4,1.8,1.2,7.0
2022-03-31,74.28,Very Good,spring,74.28,Very Good,spring,74.28,Very Good,75.95,72.86,3.5,3.0,5.0,4.0,1.65,14.0138,10.768600000000001,14.7,10.9,63.5,63.5,0.0,2.5,3.3,7.0
2022-04-01,80.61,Excellent,spring,80.61,Excellent,spring,80.61,Excellent,75.51,75.23,3.5,3.0,5.0,3.5,5.0,13.9298,9.3584,14.9,9.2,50.5,50.5,0.0,2.6,10.9,1.1
2022-04-02,81.92,Excellent,spring,81.92,Excellent,spring,81.92,Excellent,78.94,78.62,3.5,3.0,5.0,4.0,5.0,13.443999999999999,8.524,14.2,8.2,55.0,55.0,0.0,2.3,11.8,0.5
2022-04-03,81.92,Excellent,spring,81.92,Excellent,spring,81.92,Excellent,81.48,79.17,3.5,3.0,5.0,4.0,5.0,15.74,9.671999999999999,17.0,9.6,55.0,55.0,0.0,2.1,11.9,0.0
2022-04-04,81.92,Excellent,spring,81.92,Excellent,spring,81.92,Excellent,81.92,79.17,3.5,3.0,5.0,4.0,5.0,15.127679999999998,10.24036,16.4,10.3,50.3,50.3,0.0,2.3,11.6,0.0
2022-04-05,81.81,Excellent,spring,81.81,Excellent,spring,81.81,Excellent,81.88,79.16,3.5,3.0,5.0,4.0,4.95,14.433520000000001,10.229320000000001,15.8,10.3,41.1,41.1,0.0,2.4,9.9,6.1
2022-04-06,80.32,Excellent,spring,80.32,Excellent,spring,80.32,Excellent,81.35,80.4,3.5,3.0,5.0,4.0,4.3,15.6644,11.375639999999999,17.0,11.7,52.3,52.3,0.0,2.5,8.6,6.4
2022-04-07,80.61,Excellent,spring,80.61,Excellent,spring,80.61,Excellent,80.91,81.3,3.5,3.0,5.0,3.5,5.0,14.4118,10.6966,15.7,10.9,43.5,43.5,0.0,3.3,10.0,2.4
2022-04-08,81.92,Excellent,spring,81.92,Excellent,spring,81.92,Excellent,80.95,81.49,3.5,3.0,5.0,4.0,5.0,17.96,12.3084,20.0,12.9,49.0,49.0,0.0,2.1,12.0,0.0
2022-04-09,86.26,Excellent,spring,86.26,Excellent,spring,86.26,Excellent,82.93,82.11,4.5,3.5,4.95,3.5,4.5,21.007839999999998,16.04656,24.2,17.8,43.8,43.8,0.5,3.0,9.0,2.4
2022-04-10,89.01,Excellent,spring,89.01,Excellent,spring,89.01,Excellent,85.73,83.12,4.5,3.5,5.0,4.0,5.0,21.8384,16.4288,25.1,18.2,46.0,46.0,0.0,2.0,11.5,1.5
2022-04-11,93.52,Ideal,spring,93.52,Ideal,spring,93.52,Ideal,89.6,84.78,5.0,4.0,5.0,4.0,5.0,23.970560000000003,18.07936,26.6,19.6,60.4,60.4,0.0,2.4,10.2,2.8
2022-04-12,84.77,Excellent,spring,84.77,Excellent,spring,84.77,Excellent,89.1,85.2,4.5,4.0,4.95,3.5,3.0,24.950239999999997,18.47788,26.4,19.3,77.9,77.9,0.5,2.8,6.0,8.6
2022-04-13,67.11,Good,spring,67.11,Good,spring,67.11,Good,81.8,83.31,3.5,3.0,4.87,3.0,0.0,15.17548,12.71932,15.9,13.1,69.3,69.3,1.3,4.4,0.0,10.0
2022-04-14,68.7,Good,spring,68.7,Good,spring,68.7,Good,73.53,81.61,3.5,3.0,5.0,3.0,0.34999999999999964,14.31208,12.60352,15.3,13.2,53.4,53.4,0.0,4.0,0.0,9.3
2022-04-15,80.61,Excellent,spring,80.61,Excellent,spring,80.61,Excellent,72.14,81.43,3.5,3.0,5.0,3.5,5.0,17.32096,12.597760000000001,19.3,13.3,46.8,46.8,0.0,3.0,12.2,1.0
2022-04-16,84.5,Excellent,spring,84.5,Excellent,spring,84.5,Excellent,77.94,81.17,4.0,3.0,5.0,4.0,5.0,18.0988,12.540799999999999,20.2,13.2,48.5,48.5,0.0,2.5,12.3,0.3
2022-04-17,86.43,Excellent,spring,86.43,Excellent,spring,86.43,Excellent,83.85,80.81,4.0,3.5,5.0,4.0,5.0,19.700879999999998,13.2608,21.9,14.0,53.8,53.8,0.0,2.3,11.7,2.6
2022-04-18,83.92,Excellent,spring,83.92,Excellent,spring,83.92,Excellent,84.95,79.43,4.0,3.5,5.0,4.0,3.9,19.099040000000002,14.07888,21.6,15.2,46.1,46.1,0.0,2.4,7.8,4.8
2022-04-19,86.43,Excellent,spring,86.43,Excellent,spring,86.43,Excellent,85.59,79.67,4.0,3.5,5.0,4.0,5.0,19.77196,14.19952,22.1,15.2,51.9,51.9,0.0,2.4,12.1,0.0
2022-04-20,86.43,Excellent,spring,86.43,Excellent,spring,86.43,Excellent,85.59,82.43,4.0,3.5,5.0,4.0,5.0,19.621920000000003,14.532639999999999,22.1,15.7,48.8,48.8,0.0,2.3,12.3,0.0
2022-04-21,83.48,Excellent,spring,83.48,Excellent,spring,83.48,Excellent,85.45,84.54,4.5,3.5,5.0,3.5,3.15,20.07872,14.99968,22.7,16.3,48.4,48.4,0.0,2.8,6.3,5.3
2022-04-22,71.54,Very Good,spring,71.54,Very Good,spring,71.54,Very Good,80.48,83.25,3.5,3.5,5.0,3.0,0.75,16.168960000000002,14.536,16.8,15.0,76.8,76.8,0.0,3.5,0.0,8.5
2022-04-23,90.56,Ideal,spring,90.56,Ideal,spring,90.56,Ideal,81.86,84.11,5.0,3.5,5.0,4.0,4.55,22.68676,16.38484,25.3,17.7,57.3,57.3,0.0,1.7,9.1,6.0
2022-04-24,87.99,Excellent,spring,87.99,Excellent,spring,87.99,Excellent,83.36,84.34,5.0,3.5,4.97,4.0,3.5,22.905,17.565,24.5,18.5,72.5,72.5,0.3,2.3,7.0,6.4
2022-04-25,82.98,Excellent,spring,82.98,Excellent,spring,82.98,Excellent,87.18,84.2,5.0,4.0,4.87,4.5,0.15,22.5392,19.22,23.6,20.0,80.5,80.5,1.3,1.4,0.3,10.0
2022-04-26,88.45,Excellent,spring,88.45,Excellent,spring,88.45,Excellent,86.47,84.49,4.5,4.0,4.9,3.5,4.75,25.550919999999998,19.89604,28.7,21.9,57.9,57.9,1.0,3.1,9.5,5.0
2022-04-27,87.7,Excellent,spring,87.7,Excellent,spring,87.7,Excellent,86.38,84.67,4.5,3.5,5.0,3.5,5.0,20.0914,15.5902,23.9,17.7,31.5,31.5,0.0,2.7,11.8,0.4
2022-04-28,88.34,Excellent,spring,88.34,Excellent,spring,88.34,Excellent,88.16,85.37,5.0,3.5,5.0,3.5,4.15,22.3384,16.3632,25.9,18.2,44.0,44.0,0.0,2.6,8.3,5.8
2022-04-29,63.43,Good,spring,63.43,Good,spring,63.43,Good,79.82,84.21,3.5,3.5,3.45,3.5,0.75,15.7356,13.000160000000001,16.5,13.4,70.6,70.6,15.5,3.4,1.5,8.8
2022-04-30,70.12,Very Good,spring,70.12,Very Good,spring,70.12,Very Good,73.96,81.29,3.5,3.0,5.0,3.5,0.4,16.8016,12.616,17.8,13.0,68.0,68.0,0.0,2.9,0.8,8.0
2022-05-01,80.61,Excellent,spring,80.61,Excellent,spring,80.61,Excellent,71.39,80.23,3.5,3.0,5.0,3.5,5.0,17.53664,12.78528,19.2,13.4,54.8,54.8,0.0,3.1,10.0,1.3
2022-05-02,83.85,Excellent,spring,83.85,Excellent,spring,83.85,Excellent,78.19,80.36,3.5,3.5,5.0,4.0,5.0,17.7644,13.469199999999999,19.4,14.2,56.5,56.5,0.0,2.4,10.4,2.0
2022-05-03,86.43,Excellent,spring,86.43,Excellent,spring,86.43,Excellent,83.63,80.07,4.0,3.5,5.0,4.0,5.0,18.46288,13.761280000000001,20.8,14.8,45.9,45.9,0.0,2.5,12.5,1.0
2022-05-04,87.7,Excellent,spring,87.7,Excellent,spring,87.7,Excellent,85.99,80.07,4.5,3.5,5.0,3.5,5.0,21.75264,16.03096,25.2,17.8,43.3,43.3,0.0,2.7,12.6,0.0
2022-05-05,91.59,Ideal,spring,91.59,Ideal,spring,91.59,Ideal,88.57,80.53,5.0,3.5,5.0,4.0,5.0,22.519920000000003,17.05236,25.8,18.9,48.1,48.1,0.0,2.2,12.7,0.5
2022-05-06,93.52,Ideal,spring,93.52,Ideal,spring,93.52,Ideal,90.94,84.83,5.0,4.0,5.0,4.0,5.0,23.54704,18.336640000000003,25.6,19.6,67.1,67.1,0.0,2.5,10.3,5.3
2022-05-07,83.75,Excellent,spring,83.75,Excellent,spring,83.75,Excellent,89.62,86.78,4.5,3.5,4.95,3.5,3.4,20.60576,16.800639999999998,23.1,18.4,52.4,52.4,0.5,3.0,6.8,8.6
2022-05-08,70.95,Very Good,spring,70.95,Very Good,spring,70.95,Very Good,82.74,85.4,3.5,3.5,4.8,3.5,0.4500000000000002,16.61904,14.27816,18.2,15.3,51.8,51.8,2.0,2.8,0.0,9.1
2022-05-09,91.59,Ideal,spring,91.59,Ideal,spring,91.59,Ideal,82.1,86.5,5.0,3.5,5.0,4.0,5.0,22.63168,16.52224,25.3,17.9,56.4,56.4,0.0,2.2,12.8,3.1
2022-05-10,91.02,Ideal,spring,91.02,Ideal,spring,91.02,Ideal,84.52,87.16,5.0,3.5,5.0,4.0,4.75,22.3228,17.4844,26.3,19.9,39.0,39.0,0.0,2.2,9.5,7.3
2022-05-11,91.36,Ideal,spring,91.36,Ideal,spring,91.36,Ideal,91.32,87.68,5.0,3.5,5.0,4.0,4.9,22.18432,17.77552,25.2,19.7,50.4,50.4,0.0,2.4,9.8,6.9
2022-05-12,90.94,Ideal,spring,90.94,Ideal,spring,90.94,Ideal,91.11,87.59,4.5,4.0,5.0,4.0,5.0,24.5886,18.7854,28.1,20.9,51.5,51.5,0.0,1.9,11.4,3.9
2022-05-13,83.08,Excellent,spring,83.08,Excellent,spring,83.08,Excellent,88.46,86.1,4.5,3.5,5.0,4.0,2.4,21.90464,17.36208,25.2,19.4,45.8,45.8,0.0,2.2,4.8,5.9
2022-05-14,82.54,Excellent,spring,82.54,Excellent,spring,82.54,Excellent,85.52,85.93,3.5,3.5,5.0,3.5,5.0,17.82,14.4574,20.0,15.7,45.5,45.5,0.0,3.3,10.8,4.4
2022-05-15,85.12,Excellent,spring,85.12,Excellent,spring,85.12,Excellent,83.58,87.95,4.0,3.5,5.0,3.5,5.0,19.41408,14.70704,22.4,16.2,39.8,39.8,0.0,3.2,12.9,2.0
2022-05-16,87.7,Excellent,spring,87.7,Excellent,spring,87.7,Excellent,85.12,87.39,4.5,3.5,5.0,3.5,5.0,21.305239999999998,16.02396,23.7,17.3,56.3,56.3,0.0,2.8,13.1,0.5
2022-05-17,90.94,Ideal,spring,90.94,Ideal,spring,90.94,Ideal,87.92,87.38,4.5,4.0,5.0,4.0,5.0,24.62296,18.404,27.4,20.0,60.1,60.1,0.0,2.4,12.8,0.3
2022-05-18,87.19,Excellent,spring,87.19,Excellent,spring,87.19,Excellent,88.61,86.79,5.0,4.0,4.85,3.5,3.2,22.89904,18.376,25.4,20.0,59.4,59.4,1.5,2.9,6.4,4.3
2022-05-19,87.12,Excellent,spring,87.12,Excellent,spring,87.12,Excellent,88.42,86.24,4.5,4.0,5.0,3.5,3.9,21.56448,18.062559999999998,24.2,19.9,53.6,53.6,0.0,3.0,7.8,4.9
2022-05-20,93.52,Ideal,spring,93.52,Ideal,spring,93.52,Ideal,89.28,87.73,5.0,4.0,5.0,4.0,5.0,22.81696,18.59872,25.8,20.6,52.8,52.8,0.0,2.3,10.8,5.0
2022-05-21,90.14,Ideal,spring,90.14,Ideal,spring,90.14,Ideal,90.26,88.82,4.5,4.0,5.0,4.0,4.65,24.1312,18.92032,26.0,20.1,70.8,70.8,0.0,2.5,9.3,3.6
2022-05-22,92.38,Ideal,spring,92.38,Ideal,spring,92.38,Ideal,92.01,89.86,5.0,4.0,5.0,4.0,4.5,23.96088,19.10108,25.8,20.3,70.9,70.9,0.0,2.5,9.0,3.8
2022-05-23,90.29,Ideal,spring,90.29,Ideal,spring,90.29,Ideal,90.94,90.23,4.0,4.5,5.0,4.0,5.0,27.677799999999998,21.102,30.7,23.0,63.5,63.5,0.0,2.3,10.4,3.0
2022-05-24,90.29,Ideal,spring,90.29,Ideal,spring,90.29,Ideal,90.99,90.13,4.0,4.5,5.0,4.0,5.0,26.70944,20.670879999999997,30.2,22.9,56.8,56.8,0.0,2.1,12.3,3.4
2022-05-25,85.34,Excellent,spring,85.34,Excellent,spring,85.34,Excellent,88.64,89.87,4.5,4.0,4.65,3.5,4.05,24.46888,19.5304,26.7,21.0,66.6,66.6,3.5,2.6,8.1,6.5
2022-05-26,86.39,Excellent,spring,86.39,Excellent,spring,86.39,Excellent,87.34,89.76,4.5,3.5,5.0,3.0,5.0,21.3346,17.30452,23.5,18.7,59.9,59.9,0.0,3.7,11.6,4.5
2022-05-27,92.21,Ideal,spring,92.21,Ideal,spring,92.21,Ideal,87.98,89.58,5.0,4.0,5.0,3.5,5.0,23.26,18.5,25.6,20.0,62.5,62.5,0.0,3.3,11.8,2.4
2022-05-28,91.56,Ideal,spring,91.56,Ideal,spring,91.56,Ideal,90.05,89.78,4.5,4.5,5.0,3.5,5.0,25.756520000000002,20.04172,29.3,22.3,54.1,54.1,0.0,2.8,12.4,2.1
2022-05-29,86.87,Excellent,spring,86.87,Excellent,spring,86.87,Excellent,90.21,88.99,4.0,4.5,5.0,4.0,3.5,27.052319999999998,21.339360000000003,29.7,23.1,66.4,66.4,0.0,2.3,7.0,6.0
2022-05-30,82.35,Excellent,spring,82.35,Excellent,spring,82.35,Excellent,86.93,87.86,5.0,4.0,5.0,4.0,0.1,22.994799999999998,19.5472,24.7,20.8,71.0,71.0,0.0,2.5,0.2,7.9
2022-05-31,93.52,Ideal,spring,93.52,Ideal,spring,93.52,Ideal,87.58,88.32,5.0,4.0,5.0,4.0,5.0,23.237119999999997,18.23472,27.2,20.7,42.4,42.4,0.0,2.5,12.0,1.4
2022-06-01,90.43,Ideal,summer,89.63,Excellent,spring,89.63,Excellent,88.5,88.93,4.5,4.0,5.0,3.5,5.0,24.25504,19.27344,28.6,22.1,41.6,41.6,0.0,2.6,13.5,0.6
2022-06-02,92.33,Ideal,summer,91.56,Ideal,spring,91.56,Ideal,91.57,89.67,4.5,4.5,5.0,3.5,5.0,24.69624,20.0004,26.9,21.5,67.4,67.4,0.0,2.7,10.4,3.9
2022-06-03,88.99,Excellent,summer,89.64,Excellent,spring,89.64,Excellent,90.28,89.3,3.5,5.0,5.0,4.0,5.0,29.23712,22.342399999999998,32.6,24.5,62.8,62.8,0.0,2.0,10.6,4.1
2022-06-04,88.79,Excellent,summer,87.89,Excellent,spring,87.89,Excellent,89.7,88.78,4.0,5.0,5.0,4.0,3.1,26.3116,22.916800000000002,29.7,25.6,57.0,57.0,0.0,1.7,6.2,7.0
2022-06-05,84.72,Excellent,summer,81.58,Excellent,spring,81.58,Excellent,86.37,88.02,4.5,4.5,5.0,4.0,0.05,24.2664,20.65784,27.0,22.7,59.8,59.8,0.0,2.3,0.1,9.1
2022-06-06,86.82,Excellent,summer,84.47,Excellent,spring,84.47,Excellent,84.65,88.33,5.0,4.0,4.57,3.5,2.75,22.701999999999998,18.4972,24.5,19.7,69.0,69.0,4.3,3.2,5.5,6.9
2022-06-07,90.23,Ideal,summer,87.88,Excellent,spring,87.88,Excellent,84.64,87.52,5.0,4.0,5.0,3.5,3.1,22.3518,18.6708,25.1,20.6,54.5,54.5,0.0,2.7,6.2,6.4
2022-06-08,90.19,Ideal,summer,87.93,Excellent,spring,87.93,Excellent,86.76,87.28,5.0,4.0,5.0,4.0,2.55,23.37312,19.47968,25.8,21.2,61.6,61.6,0.0,2.3,5.1,6.4
2022-06-09,87.24,Excellent,summer,84.81,Excellent,spring,84.81,Excellent,86.87,86.31,5.0,4.0,4.74,4.5,1.3,23.113799999999998,19.85796,24.5,20.9,76.1,76.1,2.6,1.6,2.6,5.5
2022-06-10,86.07,Excellent,summer,84.28,Excellent,spring,84.28,Excellent,85.67,85.55,4.5,4.0,4.88,4.0,2.4,24.99312,19.84488,26.6,20.9,75.8,75.8,1.2,1.9,4.8,5.6
2022-06-11,88.99,Excellent,summer,89.64,Excellent,spring,89.64,Excellent,86.24,85.8,3.5,5.0,5.0,4.0,5.0,29.03168,22.24064,32.7,24.6,59.6,59.6,0.0,2.2,10.7,3.4
2022-06-12,91.46,Ideal,summer,91.42,Ideal,spring,91.42,Ideal,88.45,87.2,4.0,5.0,5.0,4.0,4.65,27.9654,22.19976,31.5,24.6,58.9,58.9,0.0,2.5,9.3,5.8
2022-06-13,75.51,Very Good,summer,75.41,Very Good,spring,75.41,Very Good,85.49,85.91,4.0,4.5,3.2,3.5,3.85,26.7808,21.886400000000002,29.2,23.6,68.5,68.5,18.0,2.6,7.7,7.5
2022-06-14,85.83,Excellent,summer,83.42,Excellent,spring,83.42,Excellent,83.42,85.27,4.5,4.0,5.0,3.0,2.85,24.11776,19.4944,27.1,21.5,56.4,56.4,0.0,4.2,5.7,7.8
2022-06-15,65.83,Good,summer,64.01,Good,spring,64.01,Good,74.28,81.86,4.0,3.5,3.15,4.0,0.09999999999999964,19.79296,17.272,20.1,17.5,92.4,92.4,18.5,2.3,0.0,9.8
2022-06-16,88.61,Excellent,summer,86.03,Excellent,spring,86.03,Excellent,77.82,82.03,5.0,4.0,4.93,4.0,1.9,23.52128,19.41008,24.8,20.3,78.4,78.4,0.7,2.3,3.8,5.6
2022-06-17,84.31,Excellent,summer,82.54,Excellent,spring,82.54,Excellent,77.53,81.78,4.0,4.5,5.0,4.0,1.6,26.391360000000002,21.32,28.1,22.5,76.4,76.4,0.0,1.9,3.2,5.8
2022-06-18,91.66,Ideal,summer,88.72,Excellent,spring,88.72,Excellent,85.76,81.65,5.0,5.0,5.0,4.0,1.2000000000000002,23.86784,22.21472,25.1,23.3,79.6,79.6,0.0,1.7,0.0,7.6
2022-06-19,91.7,Ideal,summer,88.89,Excellent,spring,88.89,Excellent,86.72,81.29,5.0,5.0,5.0,4.5,0.7000000000000002,23.98864,22.41376,25.1,23.4,81.6,81.6,0.0,1.4,0.0,8.6
2022-06-20,85.91,Excellent,summer,84.18,Excellent,spring,84.18,Excellent,87.26,82.54,4.0,5.0,5.0,4.5,0.9,27.2216,23.777279999999998,29.0,25.2,76.6,76.6,0.0,1.3,1.8,6.0
2022-06-21,84.02,Excellent,summer,85.13,Excellent,spring,85.13,Excellent,86.07,82.79,3.0,4.5,5.0,4.0,5.0,30.12304,24.6916,32.6,26.5,72.6,72.6,0.0,2.0,12.6,3.1
2022-06-22,84.85,Excellent,summer,84.75,Excellent,spring,84.75,Excellent,84.69,85.75,3.5,4.5,5.0,4.0,3.7,28.5724,24.06196,31.0,25.9,71.1,71.1,0.0,2.1,7.4,6.1
2022-06-23,53.88,Acceptable,summer,52.94,Acceptable,spring,52.94,Acceptable,74.27,81.02,4.5,5.0,0.0,3.5,0.5499999999999998,25.684959999999997,23.67652,26.4,24.3,89.1,89.1,103.0,2.8,0.0,8.9
2022-06-24,73.7,Very Good,summer,71.11,Very Good,spring,71.11,Very Good,69.6,79.39,4.5,5.0,3.09,3.0,0.85,24.35764,22.141360000000002,24.9,22.6,90.9,90.9,19.1,3.5,1.7,8.4
2022-06-25,80.17,Excellent,summer,78.42,Very Good,spring,78.42,Very Good,67.49,77.92,3.5,4.5,5.0,3.5,1.5,28.8928,24.7456,30.5,26.0,80.4,80.4,0.0,2.8,3.0,7.5
2022-06-26,80.66,Excellent,summer,77.58,Very Good,spring,77.58,Very Good,75.7,76.3,4.0,4.5,5.0,3.5,0.0,26.80404,25.3186,28.1,26.5,82.1,82.1,0.0,2.6,0.0,10.0
2022-06-27,76.67,Very Good,summer,73.87,Very Good,spring,73.87,Very Good,76.62,74.83,4.0,4.5,4.39,3.5,0.0,26.970560000000003,25.75168,28.1,26.8,84.4,84.4,6.1,2.8,0.0,10.0
2022-06-28,74.74,Very Good,summer,71.13,Very Good,spring,71.13,Very Good,74.19,72.83,4.0,4.5,4.37,2.5,0.0,26.604039999999998,25.67644,27.9,26.9,81.9,81.9,6.3,5.8,0.0,10.0
2022-06-29,58.11,Acceptable,summer,55.87,Acceptable,spring,55.87,Acceptable,66.96,68.7,4.5,4.5,1.2200000000000002,3.0,0.0,25.810200000000002,24.828200000000002,26.1,25.1,95.5,95.5,37.8,4.1,0.0,10.0
2022-06-30,53.83,Acceptable,summer,53.0,Acceptable,spring,53.0,Acceptable,60.0,68.71,4.5,5.0,0.0,4.0,0.0,24.4594,22.26556,24.5,22.3,99.3,99.3,176.2,2.3,0.0,10.0
2022-07-01,84.68,Excellent,summer,84.52,Excellent,spring,84.52,Excellent,64.46,70.63,3.5,4.5,5.0,4.0,3.6,29.50388,25.491120000000002,30.9,26.6,83.3,83.3,0.0,2.1,7.2,5.6
2022-07-02,82.12,Excellent,summer,83.2,Excellent,spring,83.2,Excellent,73.57,71.31,3.0,4.0,5.0,4.0,5.0,31.210559999999997,26.75456,33.8,28.8,72.8,72.8,0.0,1.7,10.8,4.1
2022-07-03,82.12,Excellent,summer,83.2,Excellent,spring,83.2,Excellent,83.64,72.11,3.0,4.0,5.0,4.0,5.0,31.160480000000003,26.87592,34.2,29.3,68.6,68.6,0.0,1.7,10.8,4.6
2022-07-04,76.62,Very Good,summer,75.9,Very Good,spring,75.9,Very Good,80.77,72.4,3.0,4.0,5.0,4.0,1.8,30.050720000000002,27.12296,32.6,29.3,71.8,71.8,0.0,1.8,3.6,6.9
2022-07-05,75.76,Very Good,summer,74.76,Very Good,spring,74.76,Very Good,77.95,72.92,3.0,4.0,5.0,4.0,1.3,30.67912,27.187839999999998,33.1,29.2,73.8,73.8,0.0,1.7,2.6,7.5
2022-07-06,63.94,Good,summer,63.27,Good,spring,63.27,Good,71.31,73.98,3.0,4.0,3.3899999999999997,4.0,0.55,31.0632,27.628,33.3,29.5,76.0,76.0,16.1,2.1,1.1,7.3
2022-07-07,76.21,Very Good,summer,73.75,Very Good,spring,73.75,Very Good,70.59,76.94,3.5,4.0,5.0,3.5,0.3,29.5132,26.91144,31.0,28.2,82.3,82.3,0.0,2.8,0.6,9.3
2022-07-08,79.98,Very Good,summer,77.12,Very Good,spring,77.12,Very Good,71.38,75.89,4.0,4.5,4.83,3.5,0.25,26.78304,24.81408,27.9,25.8,84.4,84.4,1.7,2.9,0.0,9.5
2022-07-09,79.97,Very Good,summer,78.3,Very Good,spring,78.3,Very Good,76.39,75.19,3.5,4.5,4.99,4.0,0.9,29.40356,25.68996,30.9,26.9,82.1,82.1,0.1,1.7,1.8,7.0
2022-07-10,80.74,Excellent,summer,81.38,Excellent,spring,81.38,Excellent,78.93,74.93,3.0,4.0,5.0,4.0,4.2,31.8872,26.7424,35.1,29.2,68.0,68.0,0.0,1.7,8.4,5.6
2022-07-11,75.01,Very Good,summer,74.03,Very Good,spring,74.03,Very Good,77.9,74.66,3.5,4.5,4.1,4.0,1.4,28.540000000000003,25.3,30.6,27.0,75.0,75.0,9.0,1.8,2.8,6.3
2022-07-12,82.25,Excellent,summer,79.8,Very Good,spring,79.8,Very Good,78.4,75.38,4.0,4.5,5.0,4.0,0.4,27.312559999999998,24.99232,29.4,26.8,73.1,73.1,0.0,2.2,0.8,8.1
2022-07-13,48.86,Marginal,summer,48.49,Marginal,spring,48.49,Marginal,67.44,73.27,4.0,4.5,0.0,4.0,0.0,26.682760000000002,24.634,27.1,25.0,93.9,93.9,114.5,1.8,0.0,10.0
2022-07-14,81.26,Excellent,summer,80.21,Excellent,spring,80.21,Excellent,69.5,74.19,3.5,4.5,4.91,4.0,1.95,28.674159999999997,24.732879999999998,29.9,25.7,84.6,84.6,0.9,2.3,3.9,8.1
2022-07-15,86.14,Excellent,summer,86.46,Excellent,spring,86.46,Excellent,71.72,75.52,3.5,4.5,5.0,4.0,4.45,28.3918,24.496,30.3,26.0,76.5,76.5,0.0,2.3,8.9,5.3
2022-07-16,62.51,Good,summer,61.86,Good,spring,61.86,Good,76.18,73.18,4.0,5.0,1.6,4.0,0.75,26.99152,23.81728,28.2,24.8,83.4,83.4,34.0,2.0,1.5,8.3
2022-07-17,81.59,Excellent,summer,80.41,Excellent,spring,80.41,Excellent,76.24,73.04,3.5,4.5,5.0,4.0,1.8,28.03732,24.1918,29.7,25.5,78.9,78.9,0.0,1.8,3.6,7.3
2022-07-18,82.96,Excellent,summer,82.24,Excellent,spring,82.24,Excellent,74.84,74.21,3.5,4.5,5.0,4.0,2.6,28.1704,25.1872,30.1,26.8,76.0,76.0,0.0,2.2,5.2,5.4
2022-07-19,85.71,Excellent,summer,85.89,Excellent,spring,85.89,Excellent,82.85,75.08,3.5,4.5,5.0,4.0,4.2,28.91404,25.59736,31.1,27.4,74.1,74.1,0.0,2.3,8.4,6.3
2022-07-20,80.44,Excellent,summer,79.18,Very Good,spring,79.18,Very Good,82.44,79.46,3.5,4.5,4.89,4.0,1.55,28.449759999999998,25.46524,30.4,27.1,76.1,76.1,1.1,2.2,3.1,9.0
2022-07-21,79.26,Very Good,summer,76.34,Very Good,spring,76.34,Very Good,80.47,78.91,4.5,5.0,3.96,3.5,0.25,24.44608,22.545279999999998,25.2,23.2,87.6,87.6,10.4,2.9,0.5,8.9
2022-07-22,82.21,Excellent,summer,80.51,Excellent,spring,80.51,Excellent,78.68,78.06,4.0,5.0,4.48,4.0,1.25,26.205,23.9826,27.5,25.1,81.5,81.5,5.2,1.9,2.5,7.5
2022-07-23,77.07,Very Good,summer,74.91,Very Good,spring,74.91,Very Good,77.25,79.93,4.0,5.0,4.01,4.0,0.05,26.8192,23.82912,28.0,24.8,83.6,83.6,9.9,2.0,0.1,9.4
2022-07-24,81.12,Excellent,summer,78.62,Very Good,spring,78.62,Very Good,78.01,79.67,4.0,4.5,4.88,4.0,0.2,27.43584,24.214000000000002,28.4,25.0,86.9,86.9,1.2,2.1,0.4,9.5
2022-07-25,86.75,Excellent,summer,87.25,Excellent,spring,87.25,Excellent,80.26,80.39,3.5,4.5,5.0,4.0,4.8,29.8,25.75,32.0,27.5,75.0,75.0,0.0,1.9,9.6,3.8
2022-07-26,81.26,Excellent,summer,82.06,Excellent,spring,82.06,Excellent,82.64,79.84,3.0,4.0,5.0,4.0,4.5,30.559,26.820999999999998,33.1,28.9,72.5,72.5,0.0,1.8,9.0,5.0
2022-07-27,78.68,Very Good,summer,78.64,Very Good,spring,78.64,Very Good,82.65,79.76,3.0,4.0,5.0,4.0,3.0,30.245679999999997,26.69836,33.4,29.3,66.3,66.3,0.0,2.0,6.0,5.3
2022-07-28,82.03,Excellent,summer,83.09,Excellent,spring,83.09,Excellent,81.26,80.73,3.0,4.0,5.0,4.0,4.95,30.86688,26.84744,34.4,29.7,63.8,63.8,0.0,2.4,9.9,3.5
2022-07-29,78.16,Very Good,summer,78.53,Very Good,spring,78.53,Very Good,80.09,80.44,3.0,3.5,5.0,4.0,3.8,31.199319999999997,28.05868,34.3,30.7,68.1,68.1,0.0,2.2,7.6,5.0
2022-07-30,75.08,Very Good,summer,76.09,Very Good,spring,76.09,Very Good,79.24,80.61,2.5,3.5,4.9,3.5,4.7,32.80096,28.25824,36.1,30.9,68.4,68.4,1.0,2.6,9.4,4.5
2022-07-31,48.96,Marginal,summer,48.49,Marginal,spring,48.49,Marginal,67.7,76.31,4.0,4.0,0.27999999999999936,4.0,0.09999999999999964,27.9208,26.223039999999997,29.0,27.2,85.8,85.8,47.2,2.5,0.0,9.8
2022-08-01,56.65,Acceptable,summer,57.21,Acceptable,spring,57.21,Acceptable,60.6,72.02,3.0,4.0,2.0,4.0,1.6,30.82304,27.290560000000003,32.4,28.6,82.4,82.4,30.0,2.4,3.2,8.9
2022-08-02,56.94,Acceptable,summer,55.4,Acceptable,spring,55.4,Acceptable,53.7,68.21,4.0,4.0,1.65,3.5,0.04999999999999982,27.76,26.128,28.5,26.8,90.0,90.0,33.5,2.8,0.0,9.9
2022-08-03,44.11,Marginal,summer,44.15,Marginal,spring,44.15,Marginal,52.25,63.28,3.5,4.0,0.0,3.5,0.65,29.208,26.42284,30.0,27.1,90.1,90.1,51.1,2.8,1.3,9.3
2022-08-04,81.0,Excellent,summer,81.72,Excellent,spring,81.72,Excellent,60.42,63.08,3.0,4.0,5.0,4.0,4.35,31.00388,27.335079999999998,32.9,28.9,79.3,79.3,0.0,2.5,8.7,4.4
2022-08-05,78.04,Very Good,summer,77.67,Very Good,spring,77.67,Very Good,67.85,62.96,3.0,4.0,5.0,3.5,3.15,30.575280000000003,27.584159999999997,32.7,29.4,76.6,76.6,0.0,2.6,6.3,5.9
2022-08-06,68.04,Good,summer,66.57,Good,spring,66.57,Good,75.32,61.6,3.5,4.0,3.64,4.0,0.2,29.106360000000002,27.60044,30.3,28.7,85.3,85.3,13.6,1.7,0.4,7.5
2022-08-07,73.45,Very Good,summer,71.94,Very Good,spring,71.94,Very Good,72.06,64.95,3.0,4.0,4.91,4.0,0.3,30.146279999999997,27.54676,31.7,28.9,82.1,82.1,0.9,2.4,0.6,8.4
2022-08-08,46.06,Marginal,summer,45.25,Marginal,spring,45.25,Marginal,61.25,63.24,4.0,4.0,0.0,3.5,0.0,27.78176,26.23552,28.4,26.8,91.6,91.6,129.6,3.3,,10.0
2022-08-09,47.96,Marginal,summer,47.18,Marginal,spring,47.18,Marginal,54.79,62.07,4.0,4.5,0.0,3.5,0.0,26.236,24.8584,26.5,25.1,96.0,96.0,123.1,2.6,0.0,10.0
2022-08-10,82.06,Excellent,summer,81.04,Excellent,spring,81.04,Excellent,57.82,67.34,4.0,5.0,4.24,4.5,1.55,27.69456,23.835639999999998,28.8,24.7,85.3,85.3,7.6,1.6,3.1,9.1
2022-08-11,57.77,Acceptable,summer,57.52,Acceptable,spring,57.52,Acceptable,61.91,63.88,4.0,4.5,1.12,4.5,0.4,26.653,24.274,27.5,25.0,87.9,87.9,38.8,1.6,0.8,9.0
2022-08-12,84.02,Excellent,summer,85.13,Excellent,spring,85.13,Excellent,74.56,64.95,3.0,4.5,5.0,4.0,5.0,30.05248,25.2184,32.4,27.0,73.8,73.8,0.0,1.7,10.6,4.5
2022-08-13,80.53,Excellent,summer,78.68,Very Good,spring,78.68,Very Good,73.78,66.68,4.0,4.5,4.6,4.5,0.4,26.296,24.71296,27.5,25.8,82.8,82.8,4.0,1.3,0.8,8.9
2022-08-14,73.45,Very Good,summer,72.48,Very Good,spring,72.48,Very Good,78.76,66.75,3.0,4.0,4.7,4.0,1.1,30.038,26.403200000000002,31.5,27.6,83.0,83.0,3.0,1.9,2.2,7.8
2022-08-15,74.63,Very Good,summer,71.78,Very Good,spring,71.78,Very Good,74.31,70.54,3.5,4.0,4.91,3.0,0.25,28.4536,26.8692,29.8,28.1,83.0,83.0,0.9,4.8,0.0,9.5
2022-08-16,85.5,Excellent,summer,85.49,Excellent,spring,85.49,Excellent,76.58,76.02,3.5,4.5,5.0,3.5,4.6,28.032,25.05672,30.0,26.7,75.4,75.4,0.0,2.6,9.2,4.8
2022-08-17,83.65,Excellent,summer,83.15,Excellent,spring,83.15,Excellent,80.14,76.32,3.5,4.5,5.0,4.0,3.0,28.5812,24.502399999999998,30.5,26.0,76.6,76.6,0.0,2.0,6.0,4.0
2022-08-18,83.8,Excellent,summer,81.85,Excellent,spring,81.85,Excellent,83.5,79.79,4.0,4.5,5.0,4.0,1.3,27.88336,24.08992,29.8,25.6,75.8,75.8,0.0,1.9,2.6,6.4
2022-08-19,49.2,Marginal,summer,48.95,Marginal,spring,48.95,Marginal,71.32,74.63,4.0,4.5,0.0,4.0,0.20000000000000018,26.527,25.1104,27.5,26.0,86.1,86.1,66.1,2.3,0.0,9.6
2022-08-20,81.78,Excellent,summer,82.74,Excellent,spring,82.74,Excellent,71.18,75.21,3.0,4.0,5.0,4.0,4.8,30.240000000000002,26.744,32.0,28.2,80.0,80.0,0.0,2.4,9.6,4.8
2022-08-21,81.32,Excellent,summer,80.65,Excellent,spring,80.65,Excellent,70.78,76.37,3.5,4.0,5.0,4.0,2.75,29.8264,26.31172,32.0,28.1,75.3,75.3,0.0,1.7,5.5,5.9
2022-08-22,77.69,Very Good,summer,76.07,Very Good,spring,76.07,Very Good,79.82,76.99,3.5,4.5,4.68,4.0,0.75,28.228479999999998,25.16032,30.2,26.8,75.6,75.6,3.2,2.3,1.5,8.4
2022-08-23,85.06,Excellent,summer,85.0,Excellent,spring,85.0,Excellent,80.57,76.92,3.5,5.0,4.78,4.0,3.55,28.18,23.86,30.2,25.4,75.0,75.0,2.2,2.0,7.1,5.4
2022-08-24,88.25,Excellent,summer,85.68,Excellent,spring,85.68,Excellent,82.25,77.28,4.5,5.0,5.0,4.0,1.0,25.53004,22.84048,27.9,24.8,66.9,66.9,0.0,2.5,2.0,6.8
2022-08-25,88.12,Excellent,summer,85.02,Excellent,spring,85.02,Excellent,85.23,77.73,5.0,4.5,4.84,4.0,0.8499999999999996,22.768,21.1264,24.0,22.2,78.0,78.0,1.6,1.8,0.0,8.3
2022-08-26,90.17,Ideal,summer,89.71,Excellent,spring,89.71,Excellent,86.8,83.55,4.0,5.0,5.0,4.0,3.9,26.582079999999998,22.43656,28.4,23.8,75.3,75.3,0.0,2.4,7.8,4.5
2022-08-27,81.99,Excellent,summer,81.51,Excellent,spring,81.51,Excellent,85.41,83.38,5.0,4.0,3.2399999999999998,3.5,5.0,23.2122,19.802599999999998,25.5,21.5,63.1,63.1,17.6,2.8,12.4,1.3
2022-08-28,93.23,Ideal,summer,92.87,Ideal,spring,92.87,Ideal,88.03,85.12,4.5,4.5,5.0,4.0,5.0,25.411839999999998,20.55376,28.4,22.6,59.4,59.4,0.0,1.7,12.1,5.1
2022-08-29,81.38,Excellent,summer,78.32,Very Good,spring,78.32,Very Good,84.23,85.44,4.5,4.0,4.78,4.0,0.04999999999999982,21.2,19.856,22.5,21.0,74.0,74.0,2.2,2.3,0.0,9.9
2022-08-30,58.42,Acceptable,summer,56.46,Acceptable,spring,56.46,Acceptable,75.88,81.37,4.5,4.0,1.4200000000000004,3.5,0.0,20.147560000000002,18.965320000000002,20.3,19.1,96.3,96.3,35.8,2.6,0.0,10.0
2022-08-31,89.85,Excellent,summer,86.9,Excellent,spring,86.9,Excellent,73.89,81.54,5.0,4.5,5.0,4.0,1.25,23.90468,20.91844,24.9,21.7,83.3,83.3,0.0,1.8,2.5,7.5
2022-09-01,90.81,Ideal,autumn,89.64,Excellent,spring,89.64,Excellent,77.67,82.2,3.5,5.0,5.0,4.0,5.0,28.01728,22.3648,30.4,24.0,70.8,70.8,0.0,1.7,12.1,1.0
2022-09-02,92.14,Ideal,autumn,90.91,Ideal,spring,90.91,Ideal,89.15,82.37,4.0,5.0,5.0,3.5,5.0,26.77456,22.45384,29.8,24.7,61.8,61.8,0.0,3.1,11.6,2.4
2022-09-03,86.75,Excellent,autumn,84.64,Excellent,spring,84.64,Excellent,88.4,82.82,4.0,5.0,5.0,3.5,2.25,26.3584,22.098399999999998,29.2,24.2,63.0,63.0,0.0,3.4,4.5,6.6
2022-09-04,62.11,Good,autumn,62.65,Good,spring,62.65,Good,79.4,78.5,5.0,4.5,1.62,3.5,0.20000000000000018,23.3616,21.73912,24.0,22.3,88.6,88.6,33.8,3.1,0.0,9.6
2022-09-05,48.42,Marginal,autumn,50.41,Acceptable,spring,50.41,Acceptable,65.9,74.52,5.0,4.0,0.0,3.5,0.0,22.49172,19.04912,22.7,19.2,95.9,95.9,120.0,3.2,0.0,10.0
2022-09-06,72.37,Very Good,autumn,73.04,Very Good,spring,73.04,Very Good,62.03,76.88,4.5,4.5,2.4699999999999998,3.0,4.2,24.8656,20.032,26.3,21.0,78.0,78.0,25.3,3.6,8.4,3.9
2022-09-07,93.37,Ideal,autumn,92.87,Ideal,spring,92.87,Ideal,72.11,77.74,4.5,4.5,5.0,4.0,5.0,25.58772,21.02336,28.1,22.8,65.3,65.3,0.0,1.9,11.9,0.1
2022-09-08,92.04,Ideal,autumn,91.6,Ideal,spring,91.6,Ideal,85.84,78.02,4.0,4.5,5.0,4.5,5.0,26.809,21.3784,29.5,23.2,65.5,65.5,0.0,1.6,11.8,2.1
2022-09-09,91.0,Ideal,autumn,90.29,Ideal,spring,90.29,Ideal,91.59,77.93,4.0,4.5,5.0,4.0,5.0,27.39712,21.96052,30.8,24.3,59.1,59.1,0.0,2.0,11.1,4.1
2022-09-10,88.9,Excellent,autumn,87.57,Excellent,spring,87.57,Excellent,89.82,78.35,4.5,4.5,5.0,3.5,3.25,24.88928,21.00512,28.4,23.6,52.3,52.3,0.0,2.6,6.5,7.9
2022-09-11,85.27,Excellent,autumn,83.46,Excellent,spring,83.46,Excellent,87.11,81.32,4.5,4.5,4.99,4.0,0.9,24.340159999999997,21.62952,26.4,23.3,68.6,68.6,0.1,2.1,1.8,8.9
2022-09-12,90.22,Ideal,autumn,88.7,Excellent,spring,88.7,Excellent,86.58,86.79,4.5,5.0,5.0,4.5,1.75,25.826999999999998,22.48072,27.5,23.8,76.1,76.1,0.0,1.6,3.5,8.1
2022-09-13,85.85,Excellent,autumn,83.51,Excellent,spring,83.51,Excellent,85.22,88.29,4.5,5.0,5.0,4.0,0.05,24.6288,22.7556,26.4,24.3,73.0,73.0,0.0,2.5,0.1,9.6
2022-09-14,84.75,Excellent,autumn,82.03,Excellent,spring,82.03,Excellent,84.75,86.74,4.5,5.0,5.0,3.0,0.55,24.81404,22.08296,27.9,24.6,56.9,56.9,0.0,4.6,1.1,8.8
2022-09-15,86.93,Excellent,autumn,84.6,Excellent,spring,84.7,Excellent,83.38,85.74,4.5,5.0,4.99,3.0,1.7,25.87708,23.18752,28.3,25.2,66.9,66.9,0.1,3.6,3.4,8.4
2022-09-16,69.54,Good,autumn,68.18,Good,spring,68.28,Good,78.27,82.58,3.5,4.5,3.54,3.5,0.9,28.196559999999998,24.35608,29.9,25.7,78.6,78.6,14.6,2.9,1.8,9.0
2022-09-17,80.64,Excellent,autumn,79.34,Very Good,spring,79.85,Very Good,77.37,81.4,3.5,4.5,4.57,4.5,1.9,28.088559999999998,24.54544,29.4,25.6,83.1,83.1,4.3,1.4,3.8,7.8
2022-09-18,82.05,Excellent,autumn,80.23,Excellent,spring,80.38,Excellent,75.92,80.94,3.0,4.5,5.0,4.0,2.85,30.277,25.41052,32.5,27.1,75.3,75.3,0.0,2.0,5.7,6.5
2022-09-19,89.1,Excellent,autumn,87.38,Excellent,spring,88.54,Excellent,82.32,80.75,4.0,5.0,5.0,3.5,3.45,26.70704,22.445040000000002,29.6,24.6,63.1,63.1,0.0,3.3,6.9,5.4
2022-09-20,93.27,Ideal,autumn,93.18,Ideal,spring,94.05,Ideal,86.93,82.13,5.0,4.0,5.0,4.0,4.85,22.0888,18.1972,24.6,19.9,57.0,57.0,0.0,2.3,9.7,2.1
2022-09-21,91.38,Ideal,autumn,91.59,Ideal,spring,92.34,Ideal,90.72,83.5,5.0,3.5,5.0,4.0,5.0,22.91056,17.779439999999997,25.6,19.4,56.9,56.9,0.0,1.8,11.0,0.5
2022-09-22,91.01,Ideal,autumn,90.56,Ideal,spring,91.96,Ideal,91.78,84.35,5.0,4.0,5.0,4.0,3.7,22.35388,18.23592,24.7,19.8,60.1,60.1,0.0,2.0,7.4,4.0
2022-09-23,83.65,Excellent,autumn,83.3,Excellent,spring,84.37,Excellent,88.48,86.51,4.5,3.5,4.67,3.5,3.95,20.68232,16.567,22.2,17.5,68.9,68.9,3.3,3.1,7.9,3.0
2022-09-24,91.38,Ideal,autumn,91.59,Ideal,spring,92.22,Ideal,88.48,88.26,5.0,3.5,5.0,4.0,5.0,22.18928,17.2964,24.2,18.5,64.6,64.6,0.0,1.8,10.7,3.4
2022-09-25,92.44,Ideal,autumn,92.32,Ideal,spring,93.13,Ideal,89.07,89.99,5.0,4.0,5.0,4.5,3.9,22.96864,18.190720000000002,25.2,19.6,63.3,63.3,0.0,1.6,7.8,6.4
2022-09-26,92.29,Ideal,autumn,92.04,Ideal,spring,92.96,Ideal,91.98,90.65,5.0,4.0,5.0,4.0,4.35,22.8436,18.34,25.4,20.0,58.5,58.5,0.0,1.7,8.7,6.5
2022-09-27,92.23,Ideal,autumn,92.25,Ideal,spring,92.23,Ideal,92.2,90.52,4.5,4.0,5.0,4.5,5.0,25.048,19.112399999999997,28.0,20.9,59.0,59.0,0.0,1.6,11.2,0.5
2022-09-28,86.29,Excellent,autumn,87.03,Excellent,summer,86.74,Excellent,90.44,89.87,4.5,4.0,5.0,4.0,2.5,24.232400000000002,19.1936,26.1,20.4,71.0,71.0,0.0,1.8,5.0,4.6
2022-09-29,90.17,Ideal,autumn,90.42,Ideal,summer,90.32,Ideal,89.9,89.85,4.5,4.0,5.0,4.5,3.95,24.751,19.2976,26.5,20.4,73.5,73.5,0.0,1.4,7.9,2.5
2022-09-30,92.23,Ideal,autumn,92.23,Ideal,summer,92.23,Ideal,89.89,91.13,4.5,4.0,5.0,4.5,5.0,25.4344,19.3304,27.7,20.7,68.0,68.0,0.0,1.6,10.6,0.3
2022-10-01,90.17,Ideal,autumn,90.17,Ideal,autumn,90.3,Ideal,90.94,90.92,4.5,4.0,5.0,4.5,3.95,25.01632,19.299879999999998,27.6,20.9,63.3,63.3,0.0,1.6,7.9,5.4
2022-10-02,69.61,Good,autumn,69.61,Good,autumn,70.53,Very Good,84.0,87.68,4.5,4.0,3.42,3.5,0.04999999999999982,20.62096,18.60664,21.6,19.4,78.9,78.9,15.8,2.7,0.0,9.9
2022-10-03,50.6,Acceptable,autumn,50.6,Acceptable,autumn,52.1,Acceptable,70.13,81.76,5.0,4.5,0.0,3.5,0.0,23.319599999999998,21.331599999999998,23.4,21.4,98.5,98.5,76.0,2.7,0.0,10.0
2022-10-04,72.84,Very Good,autumn,72.84,Very Good,autumn,73.93,Very Good,64.35,78.99,5.0,3.5,3.82,3.5,0.2,22.1576,17.38808,23.0,17.9,83.8,83.8,11.8,2.9,0.4,9.8
2022-10-05,83.94,Excellent,autumn,83.94,Excellent,autumn,84.31,Excellent,69.13,78.54,4.5,3.5,4.99,4.0,2.45,20.43072,15.934720000000002,21.6,16.6,74.8,74.8,0.1,2.1,4.9,7.5
2022-10-06,78.41,Very Good,autumn,78.41,Very Good,autumn,78.64,Very Good,78.4,76.83,4.0,3.5,5.0,4.0,0.8,18.248240000000003,15.25712,19.1,15.8,76.6,76.6,0.0,2.1,1.6,8.9
2022-10-07,81.92,Excellent,autumn,81.92,Excellent,autumn,81.72,Excellent,81.42,75.36,3.5,3.5,5.0,4.0,3.8,17.550800000000002,13.775400000000001,18.6,14.3,69.5,69.5,0.0,2.5,7.6,3.4
2022-10-08,86.15,Excellent,autumn,86.15,Excellent,autumn,86.1,Excellent,82.16,74.78,4.0,3.5,5.0,4.0,4.75,19.957440000000002,14.978720000000001,21.6,15.8,64.6,64.6,0.0,2.5,9.5,2.9
2022-10-09,59.47,Acceptable,autumn,59.47,Acceptable,autumn,59.69,Acceptable,75.85,73.33,3.5,3.0,2.96,4.0,0.5999999999999996,14.2444,12.923919999999999,14.5,13.1,85.8,85.8,20.4,2.1,0.0,8.8
2022-10-10,70.09,Very Good,autumn,70.09,Very Good,autumn,70.06,Very Good,71.9,76.12,3.0,3.0,5.0,3.0,1.15,11.694040000000001,9.91084,11.9,9.9,72.9,72.9,0.0,3.8,2.3,7.4
2022-10-11,82.09,Excellent,autumn,82.09,Excellent,autumn,81.99,Excellent,70.55,77.44,3.5,3.0,5.0,4.0,5.0,15.608959999999998,10.964039999999999,16.4,11.1,69.1,69.1,0.0,2.2,10.3,2.1
2022-10-12,86.64,Excellent,autumn,86.64,Excellent,autumn,86.61,Excellent,79.61,77.82,4.0,3.5,5.0,4.0,5.0,19.24744,13.0534,20.6,13.5,68.1,68.1,0.0,1.8,10.6,0.0
2022-10-13,90.05,Ideal,autumn,90.05,Ideal,autumn,90.07,Ideal,86.26,79.49,4.5,3.5,5.0,4.5,5.0,21.15568,15.53392,22.7,16.3,69.6,69.6,0.0,1.5,10.4,2.5
2022-10-14,85.05,Excellent,autumn,85.05,Excellent,autumn,85.08,Excellent,87.25,79.93,4.5,3.5,5.0,4.5,2.45,21.6168,16.34456,23.0,17.1,73.4,73.4,0.0,1.6,4.9,7.9
2022-10-15,90.66,Ideal,autumn,90.66,Ideal,autumn,90.66,Ideal,88.59,80.58,5.0,3.5,5.0,4.5,4.1,22.5856,17.1668,24.4,18.2,68.5,68.5,0.0,1.4,8.2,5.8
2022-10-16,77.43,Very Good,autumn,77.43,Very Good,autumn,77.43,Very Good,84.38,83.14,4.0,3.5,5.0,4.0,0.3,19.4038,16.17964,20.5,16.9,73.9,73.9,0.0,1.7,0.6,8.8
2022-10-17,81.05,Excellent,autumn,81.05,Excellent,autumn,81.05,Excellent,83.05,84.71,3.5,3.0,5.0,3.5,5.0,14.08612,10.96144,15.1,11.2,50.3,50.3,0.0,3.4,10.1,1.4
2022-10-18,82.09,Excellent,autumn,82.09,Excellent,autumn,82.09,Excellent,80.19,84.71,3.5,3.0,5.0,4.0,5.0,13.39528,9.51496,14.2,9.4,52.1,52.1,0.0,2.3,10.2,0.0
2022-10-19,82.09,Excellent,autumn,82.09,Excellent,autumn,82.09,Excellent,81.74,84.06,3.5,3.0,5.0,4.0,5.0,15.65216,10.4156,16.8,10.5,57.8,57.8,0.0,1.8,10.2,0.0
2022-10-20,84.46,Excellent,autumn,84.46,Excellent,autumn,84.46,Excellent,82.88,83.26,4.0,3.0,5.0,4.0,5.0,18.31872,12.48704,19.7,12.9,64.4,64.4,0.0,1.8,10.1,2.1
2022-10-21,85.46,Excellent,autumn,85.46,Excellent,autumn,85.46,Excellent,84.0,83.32,4.0,3.5,5.0,4.0,4.4,19.539679999999997,13.5008,20.9,14.0,68.8,68.8,0.0,1.7,8.8,4.9
2022-10-22,85.95,Excellent,autumn,85.95,Excellent,autumn,85.95,Excellent,85.29,82.65,4.0,3.5,5.0,4.0,4.65,19.77616,14.61652,20.8,15.1,76.3,76.3,0.0,1.9,9.3,4.3
2022-10-23,80.98,Excellent,autumn,80.98,Excellent,autumn,80.98,Excellent,84.13,83.15,3.5,3.5,5.0,3.5,3.85,17.396,13.44,18.6,14.0,65.0,65.0,0.0,2.7,7.7,2.5
2022-10-24,80.95,Excellent,autumn,80.95,Excellent,autumn,80.95,Excellent,82.63,83.14,3.5,3.0,5.0,3.5,4.95,13.88992,10.48624,14.8,10.6,52.6,52.6,0.0,2.8,9.9,0.3
2022-10-25,81.99,Excellent,autumn,81.99,Excellent,autumn,81.99,Excellent,81.31,83.13,3.5,3.0,5.0,4.0,4.95,16.2776,11.0738,17.6,11.3,56.5,56.5,0.0,2.0,9.9,0.0
2022-10-26,79.44,Very Good,autumn,79.44,Very Good,autumn,79.44,Very Good,80.79,82.75,3.5,3.0,5.0,4.0,3.65,16.49896,12.41628,17.8,12.9,58.3,58.3,0.0,1.9,7.3,4.9
2022-10-27,81.31,Excellent,autumn,81.31,Excellent,autumn,81.31,Excellent,80.91,82.3,3.5,3.0,5.0,4.0,4.6,17.896079999999998,12.839039999999999,18.9,13.2,71.8,71.8,0.0,1.7,9.2,1.4
2022-10-28,84.97,Excellent,autumn,84.97,Excellent,autumn,84.97,Excellent,81.91,82.23,4.0,3.5,5.0,4.0,4.15,19.332240000000002,13.16944,20.6,13.6,70.1,70.1,0.0,1.7,8.3,1.5
2022-10-29,85.95,Excellent,autumn,85.95,Excellent,autumn,85.95,Excellent,84.08,82.23,4.0,3.5,5.0,4.0,4.65,19.758680000000002,14.145280000000001,21.3,14.8,65.9,65.9,0.0,1.8,9.3,1.1
2022-10-30,85.56,Excellent,autumn,85.56,Excellent,autumn,85.56,Excellent,85.49,82.88,4.0,3.5,5.0,4.0,4.45,19.6954,14.2042,21.3,14.9,64.5,64.5,0.0,1.9,8.9,1.1
2022-10-31,84.29,Excellent,autumn,84.29,Excellent,autumn,84.29,Excellent,85.27,83.36,4.0,3.5,5.0,4.0,3.8,19.759120000000003,14.30808,21.1,14.9,69.8,69.8,0.0,2.1,7.6,4.0
2022-11-01,76.9,Very Good,autumn,76.9,Very Good,autumn,76.9,Very Good,82.25,82.63,3.5,3.0,5.0,4.0,2.35,16.973200000000002,12.7714,17.8,13.1,73.5,73.5,0.0,1.8,4.7,3.4
2022-11-02,81.7,Excellent,autumn,81.7,Excellent,autumn,81.7,Excellent,80.96,82.95,3.5,3.0,5.0,4.0,4.8,16.544359999999998,10.91124,17.9,11.1,57.1,57.1,0.0,1.7,9.6,0.0
2022-11-03,70.51,Very Good,autumn,70.51,Very Good,autumn,70.51,Very Good,76.37,81.41,3.0,3.0,5.0,4.0,0.3,12.83016,9.41732,13.4,9.3,58.1,58.1,0.0,2.0,0.6,6.1
2022-11-04,76.11,Very Good,autumn,76.11,Very Good,autumn,76.11,Very Good,76.11,80.15,3.0,2.5,5.0,3.5,4.8,9.84656,6.087280000000001,9.8,4.9,41.8,41.8,0.0,2.9,9.6,0.1
2022-11-05,77.25,Very Good,autumn,77.25,Very Good,autumn,77.25,Very Good,74.62,78.9,3.0,2.5,5.0,4.0,4.85,12.898719999999999,7.1818,13.6,6.5,51.3,51.3,0.0,1.7,9.7,0.0
2022-11-06,81.7,Excellent,autumn,81.7,Excellent,autumn,81.7,Excellent,78.35,78.35,3.5,3.0,5.0,4.0,4.8,15.388799999999998,9.6632,16.4,9.6,60.5,60.5,0.0,1.8,9.6,2.6
2022-11-07,76.6,Very Good,autumn,76.6,Very Good,autumn,76.6,Very Good,78.52,77.25,3.5,3.0,5.0,4.0,2.2,15.6628,11.2012,16.6,11.4,64.5,64.5,0.0,1.7,4.4,5.9
2022-11-08,81.27,Excellent,autumn,81.27,Excellent,autumn,81.27,Excellent,79.86,77.88,3.5,3.0,5.0,4.5,4.05,16.89828,12.53228,17.9,12.9,68.3,68.3,0.0,1.5,8.1,2.5
2022-11-09,78.52,Very Good,autumn,78.52,Very Good,autumn,78.52,Very Good,78.8,77.42,3.5,3.0,5.0,4.5,2.65,15.424,11.265600000000001,16.0,11.4,76.0,76.0,0.0,1.5,5.3,6.1
2022-11-10,85.62,Excellent,autumn,85.62,Excellent,autumn,85.62,Excellent,81.8,79.58,4.0,3.5,5.0,4.5,3.95,18.1718,13.143,19.1,13.5,74.5,74.5,0.0,1.3,7.9,1.6
2022-11-11,87.83,Excellent,autumn,87.83,Excellent,autumn,87.83,Excellent,83.99,81.26,4.5,3.5,5.0,4.0,4.4,20.285,14.76,22.1,15.6,62.5,62.5,0.0,1.8,8.8,0.9
2022-11-12,47.46,Marginal,autumn,47.46,Marginal,autumn,47.46,Marginal,73.64,77.0,4.5,3.5,0.0,4.0,1.3,21.04,15.796000000000001,22.0,16.3,80.0,80.0,57.9,2.2,2.6,8.1
2022-11-13,72.43,Very Good,autumn,72.43,Very Good,autumn,72.43,Very Good,69.24,75.68,3.5,3.0,5.0,3.5,0.5999999999999996,16.87952,10.282720000000001,17.3,10.3,85.6,85.6,0.0,2.6,0.0,8.8
2022-11-14,76.7,Very Good,autumn,76.7,Very Good,autumn,76.7,Very Good,65.53,75.69,3.5,3.0,5.0,4.0,2.25,13.416960000000001,9.73024,13.8,9.7,74.8,74.8,0.0,2.3,4.5,5.3
2022-11-15,71.66,Very Good,autumn,71.66,Very Good,autumn,71.67,Very Good,73.6,74.32,3.0,3.0,4.84,4.0,1.45,12.092080000000001,8.27176,12.3,8.1,77.4,77.4,1.6,2.0,2.9,6.5
2022-11-16,78.05,Very Good,autumn,78.05,Very Good,autumn,77.98,Very Good,75.47,74.25,3.0,3.0,5.0,4.0,4.15,12.6556,8.6722,13.0,8.5,71.3,71.3,0.0,1.7,8.3,2.0
2022-11-17,82.25,Excellent,autumn,82.25,Excellent,autumn,82.16,Excellent,77.32,73.77,3.5,3.0,5.0,4.5,4.55,15.66544,10.171679999999999,16.6,10.2,64.6,64.6,0.0,1.6,9.1,1.3
2022-11-18,82.25,Excellent,autumn,82.25,Excellent,autumn,82.13,Excellent,80.85,72.97,3.5,3.0,5.0,4.5,4.55,17.11504,10.8784,18.1,11.0,69.6,69.6,0.0,1.6,9.1,1.0
2022-11-19,81.11,Excellent,autumn,81.11,Excellent,autumn,80.89,Excellent,81.87,77.78,3.5,3.0,5.0,4.0,4.5,17.573439999999998,12.38728,19.2,12.9,55.8,55.8,0.0,2.3,9.0,3.1
2022-11-20,85.76,Excellent,autumn,85.76,Excellent,autumn,85.52,Excellent,83.04,79.68,4.0,3.5,5.0,4.0,4.55,18.498639999999998,13.08284,20.2,13.7,58.3,58.3,0.0,1.7,9.1,1.8
2022-11-21,76.37,Very Good,autumn,76.37,Very Good,autumn,76.42,Very Good,81.08,79.64,3.5,3.0,5.0,4.5,1.55,15.468399999999999,11.5876,16.2,11.8,70.5,70.5,0.0,1.6,3.1,3.4
2022-11-22,73.86,Very Good,autumn,73.86,Very Good,autumn,73.87,Very Good,78.66,79.95,3.5,3.0,5.0,4.0,0.8,13.25452,10.61572,13.7,10.7,69.9,69.9,0.0,1.9,1.6,8.8
2022-11-23,80.03,Excellent,autumn,80.03,Excellent,autumn,79.7,Very Good,76.75,80.23,3.5,3.0,5.0,4.0,3.95,14.284799999999999,10.6592,15.2,10.8,56.0,56.0,0.0,2.1,7.9,3.3
2022-11-24,79.7,Very Good,autumn,79.7,Very Good,autumn,79.57,Very Good,77.86,79.87,3.5,3.0,5.0,4.5,3.25,13.53584,9.482560000000001,14.1,9.4,65.6,65.6,0.0,1.5,6.5,3.4
2022-11-25,77.53,Very Good,autumn,77.53,Very Good,autumn,77.03,Very Good,79.09,79.19,3.5,3.0,4.83,3.5,3.8,16.77352,11.99732,17.8,12.3,67.1,67.1,1.7,3.0,7.6,5.0
2022-11-26,75.13,Very Good,autumn,75.13,Very Good,autumn,74.41,Very Good,77.45,78.34,3.0,2.5,5.0,3.5,4.3,12.34784,7.32832,12.9,6.7,52.4,52.4,0.0,3.0,8.6,0.3
2022-11-27,74.99,Very Good,autumn,74.99,Very Good,autumn,74.51,Very Good,75.88,76.8,3.0,2.5,5.0,4.0,3.7,11.1586,6.446960000000001,11.5,5.4,43.1,43.1,0.0,2.4,7.4,2.4
2022-11-28,58.66,Acceptable,autumn,59.82,Acceptable,winter,59.24,Acceptable,69.98,74.44,3.5,3.0,3.05,3.5,0.4,14.31,11.982600000000001,15.0,12.3,65.5,65.5,19.5,2.7,0.8,8.4
2022-11-29,67.38,Good,autumn,66.59,Good,winter,66.96,Good,67.13,73.4,3.5,2.5,4.62,3.0,1.0,14.34,7.309200000000001,15.0,6.9,67.0,67.0,3.8,3.5,2.0,8.8
2022-11-30,65.48,Good,autumn,63.08,Good,winter,64.11,Good,63.16,70.98,2.0,1.5,5.0,3.0,4.55,0.7617599999999998,-2.2645600000000004,-1.6,-5.4,49.1,49.1,0.0,3.9,9.1,1.5
2022-12-01,65.19,Good,winter,65.19,Good,winter,65.74,Good,64.95,68.9,2.0,1.5,5.0,4.0,4.05,1.3356800000000002,-1.91344,-1.2,-5.4,43.4,43.4,0.0,2.4,8.1,1.5
2022-12-02,70.58,Very Good,winter,70.58,Very Good,winter,71.09,Very Good,66.28,67.91,2.5,2.0,5.0,4.0,4.5,4.6240000000000006,0.40000000000000036,3.0,-2.5,42.0,42.0,0.0,1.7,9.0,1.8
2022-12-03,63.26,Good,winter,63.26,Good,winter,63.48,Good,66.34,66.22,2.5,2.0,4.89,3.5,1.3,7.354,3.0322000000000005,7.0,2.1,70.5,70.5,1.1,2.6,2.6,6.6
2022-12-04,58.22,Acceptable,winter,58.22,Acceptable,winter,58.41,Acceptable,64.02,63.82,2.0,1.5,5.0,3.5,0.65,2.29288,-0.20059999999999967,-0.2,-3.5,38.9,38.9,0.0,2.8,1.3,6.9
2022-12-05,65.6,Good,winter,65.6,Good,winter,65.96,Good,62.36,64.65,2.0,1.5,5.0,4.0,4.3,3.78244,-0.055560000000000276,1.9,-3.1,41.9,41.9,0.0,2.4,8.6,2.9
2022-12-06,67.12,Good,winter,67.12,Good,winter,67.27,Good,63.65,64.72,2.5,2.0,4.99,4.0,2.4,5.99936,2.25408,5.3,0.9,62.8,62.8,0.1,2.4,4.8,6.1
2022-12-07,72.75,Very Good,winter,72.75,Very Good,winter,73.02,Very Good,68.49,66.1,3.0,2.5,4.99,3.5,3.9,9.1584,5.70784,9.0,4.9,60.4,60.4,0.1,2.7,7.8,1.8
2022-12-08,76.7,Very Good,winter,76.7,Very Good,winter,76.83,Very Good,72.19,67.75,3.0,2.5,5.0,4.5,4.5,9.253,4.771000000000001,9.1,3.7,57.5,57.5,0.0,1.4,9.0,1.0
2022-12-09,71.92,Very Good,winter,71.92,Very Good,winter,71.99,Very Good,73.79,67.94,3.0,2.5,5.0,4.0,2.45,10.16864,5.3624,10.2,4.5,60.8,60.8,0.0,2.0,4.9,3.4
2022-12-10,70.06,Very Good,winter,70.06,Very Good,winter,70.05,Very Good,72.89,68.91,2.5,2.5,5.0,4.5,1.8,7.4062,4.1836,6.7,2.6,46.5,46.5,0.0,1.3,3.6,6.1
2022-12-11,70.5,Very Good,winter,70.5,Very Good,winter,70.55,Very Good,70.83,70.66,2.5,2.0,5.0,4.0,4.45,7.4079999999999995,3.196,6.8,1.6,52.5,52.5,0.0,1.8,8.9,0.9
2022-12-12,61.84,Good,winter,61.84,Good,winter,61.84,Good,67.47,70.13,2.5,2.0,4.46,4.0,1.15,6.69368,2.8511999999999995,6.3,2.0,73.4,73.4,5.4,1.7,2.3,7.5
2022-12-13,59.11,Acceptable,winter,59.11,Acceptable,winter,59.11,Acceptable,63.82,68.98,2.0,2.0,4.94,3.0,0.85,3.90592,1.1680000000000001,3.1,0.0,70.8,70.8,0.6,3.5,1.7,6.6
2022-12-14,59.72,Acceptable,winter,59.72,Acceptable,winter,59.72,Acceptable,60.22,67.12,1.5,1.0,5.0,3.5,4.45,-1.92596,-4.727360000000001,-4.9,-8.4,50.1,50.1,0.0,3.2,8.9,1.4
2022-12-15,57.07,Acceptable,winter,57.07,Acceptable,winter,57.07,Acceptable,58.63,64.32,1.5,1.5,4.76,4.0,1.35,-0.35531999999999964,-3.2877999999999994,-1.3,-4.5,79.1,79.1,2.4,2.5,0.0,7.3
2022-12-16,63.0,Good,winter,63.0,Good,winter,63.0,Good,59.93,63.04,1.5,1.5,5.0,4.0,4.1,-0.09671999999999992,-3.4898799999999994,-2.2,-6.3,56.9,56.9,0.0,2.0,8.2,4.5
2022-12-17,60.77,Good,winter,60.77,Good,winter,60.77,Good,60.28,61.72,1.5,1.5,4.98,3.5,3.7,-0.6656,-3.7359999999999998,-3.2,-7.0,52.0,52.0,0.2,2.7,7.4,2.3
2022-12-18,59.8,Acceptable,winter,59.8,Acceptable,winter,59.8,Acceptable,61.19,60.19,1.5,1.0,5.0,3.5,4.5,-2.29904,-5.3738,-5.6,-9.5,47.1,47.1,0.0,2.6,9.0,0.0
2022-12-19,61.62,Good,winter,61.62,Good,winter,61.62,Good,60.73,60.16,1.5,1.5,5.0,4.0,3.25,-0.28000000000000025,-3.9808,-2.5,-7.0,55.6,55.6,0.0,1.7,6.5,2.1
2022-12-20,67.14,Good,winter,67.14,Good,winter,67.14,Good,62.85,61.3,2.5,1.5,5.0,4.0,3.85,4.15528,-0.8662399999999999,2.9,-3.2,55.8,55.8,0.0,2.2,7.7,4.9
2022-12-21,58.56,Acceptable,winter,58.56,Acceptable,winter,58.56,Acceptable,62.44,61.14,2.0,2.0,4.64,3.5,0.75,3.12096,0.6110399999999998,2.6,-0.1,82.4,82.4,3.6,2.7,0.0,8.5
2022-12-22,57.04,Acceptable,winter,57.04,Acceptable,winter,57.04,Acceptable,60.91,61.13,1.5,1.0,5.0,3.0,3.7,-0.6092,-4.987599999999999,-2.6,-7.8,60.5,60.5,0.0,4.4,7.4,2.1
2022-12-23,50.8,Acceptable,winter,50.8,Acceptable,winter,50.8,Acceptable,55.47,59.39,1.0,0.0,5.0,3.0,4.2,-5.661199999999999,-8.3556,-8.6,-11.8,60.5,60.5,0.0,4.3,8.4,2.0
2022-12-24,63.45,Good,winter,63.45,Good,winter,63.45,Good,57.1,59.77,2.0,1.0,5.0,4.0,4.45,0.1648000000000005,-5.080640000000001,-2.0,-8.4,54.9,54.9,0.0,1.8,8.9,0.6
2022-12-25,65.92,Good,winter,65.92,Good,winter,65.92,Good,60.06,60.65,2.0,1.5,5.0,4.0,4.5,1.5131999999999999,-3.3364000000000007,0.2,-5.4,66.5,66.5,0.0,1.7,9.0,0.1
2022-12-26,66.25,Good,winter,66.25,Good,winter,66.25,Good,65.21,61.31,2.0,1.5,5.0,4.5,3.8,2.7491199999999996,-2.14304,1.7,-3.9,68.4,68.4,0.0,1.4,7.6,1.4
2022-12-27,68.03,Good,winter,68.03,Good,winter,68.03,Good,66.73,61.44,2.5,1.5,5.0,4.0,4.4,4.10936,-1.0779199999999998,3.3,-2.6,69.8,69.8,0.0,1.8,8.8,0.1
2022-12-28,65.62,Good,winter,65.62,Good,winter,65.62,Good,66.63,62.44,2.0,1.5,4.99,4.0,4.35,1.7592400000000004,-1.0709199999999996,0.1,-3.3,58.1,58.1,0.1,2.5,8.7,3.3
2022-12-29,65.92,Good,winter,65.92,Good,winter,65.92,Good,66.52,63.71,2.0,1.5,5.0,4.0,4.5,3.4809200000000002,-0.6450799999999997,2.1,-2.9,56.3,56.3,0.0,1.7,9.0,3.3
2022-12-30,65.03,Good,winter,65.03,Good,winter,65.03,Good,65.52,65.75,2.0,1.5,5.0,4.0,3.95,3.35952,-0.17631999999999937,2.3,-1.8,65.6,65.6,0.0,1.9,7.9,1.4
2022-12-31,63.37,Good,winter,63.37,Good,winter,63.37,Good,64.77,65.73,2.0,2.0,5.0,4.5,0.55,3.1902,0.3455999999999997,2.1,-1.2,65.5,65.5,0.0,1.4,1.1,7.4
2023-01-01,69.12,Good,winter,69.12,Good,winter,69.12,Good,65.84,66.19,2.5,2.0,5.0,3.5,4.5,4.9284,1.6563999999999999,3.8,-0.2,54.5,54.5,0.0,2.7,9.0,1.3
2023-01-02,66.0,Good,winter,66.0,Good,winter,66.0,Good,66.16,66.16,2.0,1.5,5.0,4.0,4.55,1.8505600000000002,-1.3621999999999992,-0.4,-4.5,45.9,45.9,0.0,2.5,9.1,0.0
2023-01-03,66.0,Good,winter,66.0,Good,winter,66.0,Good,67.04,65.87,2.0,1.5,5.0,4.0,4.55,2.5176000000000003,-1.94,0.6,-5.0,49.0,49.0,0.0,1.8,9.1,0.0
2023-01-04,70.34,Very Good,winter,70.34,Very Good,winter,70.34,Very Good,67.45,66.54,2.5,2.0,5.0,4.0,4.35,4.60248,0.49392000000000036,3.3,-1.8,51.4,51.4,0.0,1.9,8.7,1.9
2023-01-05,68.56,Good,winter,68.56,Good,winter,68.56,Good,68.3,66.92,2.5,2.0,5.0,4.5,2.35,4.67264,0.34416,3.6,-1.6,58.1,58.1,0.0,1.6,4.7,3.6
2023-01-06,66.65,Good,winter,66.65,Good,winter,66.65,Good,68.52,67.15,2.5,2.0,4.61,4.0,3.55,6.18332,1.6565599999999998,5.7,0.6,71.9,71.9,3.9,2.2,7.1,5.8
2023-01-07,64.04,Good,winter,64.04,Good,winter,64.04,Good,66.42,67.24,2.5,2.0,4.99,4.0,0.5,4.27368,2.1494,3.8,1.5,80.9,80.9,0.1,2.2,1.0,5.6
2023-01-08,69.04,Good,winter,69.04,Good,winter,69.04,Good,66.58,67.23,2.5,2.0,5.0,4.0,3.55,6.75436,2.36836,6.3,1.3,69.3,69.3,0.0,1.7,7.1,3.0
2023-01-09,72.0,Very Good,winter,72.0,Very Good,winter,72.0,Very Good,68.36,68.09,2.5,2.5,5.0,4.0,3.9,7.4788,4.20124,7.0,3.1,60.1,60.1,0.0,2.3,7.8,3.3
2023-01-10,74.15,Very Good,winter,74.15,Very Good,winter,74.15,Very Good,71.73,69.25,3.0,2.0,5.0,4.5,4.4,9.24436,2.94736,9.1,1.6,59.9,59.9,0.0,1.5,8.8,1.4
2023-01-11,74.15,Very Good,winter,74.15,Very Good,winter,74.15,Very Good,73.43,69.8,3.0,2.0,5.0,4.5,4.4,9.321919999999999,3.72776,9.2,2.6,61.9,61.9,0.0,1.6,8.8,1.4
2023-01-12,75.24,Very Good,winter,75.24,Very Good,winter,75.24,Very Good,74.51,70.75,3.0,2.5,5.0,4.0,4.5,11.966,6.77576,12.5,5.9,46.6,46.6,0.0,2.2,9.0,1.8
2023-01-13,47.44,Marginal,winter,47.44,Marginal,winter,47.44,Marginal,65.61,68.01,3.0,3.0,1.2700000000000005,4.0,0.0,10.099639999999999,8.30612,10.1,8.3,99.1,99.1,37.3,2.5,0.0,10.0
2023-01-14,67.13,Good,winter,67.13,Good,winter,67.13,Good,63.27,68.45,3.0,2.5,4.84,4.0,0.09999999999999964,8.44544,6.69656,8.4,6.6,92.9,92.9,1.6,2.5,0.0,9.8
2023-01-15,57.6,Acceptable,winter,57.6,Acceptable,winter,57.6,Acceptable,57.39,66.82,2.0,2.0,4.68,3.5,0.0,3.9512799999999997,0.04887999999999976,3.8,-0.2,93.9,93.9,3.2,2.8,0.0,10.0
2023-01-16,64.3,Good,winter,64.3,Good,winter,64.3,Good,63.01,65.72,2.0,1.5,5.0,3.5,4.4,0.45311999999999975,-2.4450399999999997,-1.2,-4.6,63.1,63.1,0.0,2.7,8.8,2.8
2023-01-17,58.79,Acceptable,winter,58.79,Acceptable,winter,58.79,Acceptable,60.23,63.52,2.0,1.5,5.0,4.0,0.1,1.0518400000000003,-1.7874799999999995,-0.4,-3.7,65.1,65.1,0.0,1.8,0.2,8.8
2023-01-18,65.84,Good,winter,65.84,Good,winter,65.84,Good,62.98,62.33,2.0,1.5,5.0,4.0,4.45,3.4324000000000003,-0.019799999999999596,2.2,-1.9,60.5,60.5,0.0,2.0,8.9,1.1
2023-01-19,65.19,Good,winter,65.19,Good,winter,65.19,Good,63.27,60.9,2.5,2.0,4.9,4.0,1.55,4.99996,0.8771200000000002,4.3,-0.4,69.3,69.3,1.0,2.5,3.1,6.3
2023-01-20,62.76,Good,winter,62.76,Good,winter,62.76,Good,64.6,63.09,2.0,1.5,5.0,3.0,4.35,3.5232,-0.7676799999999999,2.0,-3.3,52.4,52.4,0.0,3.7,8.7,0.3
2023-01-21,65.52,Good,winter,65.52,Good,winter,65.52,Good,64.49,62.86,2.0,1.5,5.0,4.0,4.25,3.0164000000000004,-1.9131999999999993,1.5,-4.5,55.4,55.4,0.0,1.8,8.5,2.0
2023-01-22,59.8,Acceptable,winter,59.8,Acceptable,winter,59.8,Acceptable,62.69,63.17,2.0,2.0,5.0,3.5,0.15,3.7011200000000004,0.97728,2.6,-0.6,62.8,62.8,0.0,2.6,0.3,7.5
2023-01-23,67.74,Good,winter,67.74,Good,winter,67.74,Good,64.35,63.66,2.5,2.0,5.0,3.5,3.65,5.32144,0.6428800000000003,4.6,-0.8,66.6,66.6,0.0,2.7,7.3,5.3
2023-01-24,53.88,Acceptable,winter,53.88,Acceptable,winter,53.88,Acceptable,60.47,62.96,1.5,0.0,5.0,3.0,4.7,-3.648440000000001,-9.94772,-6.9,-14.7,51.9,51.9,0.0,4.6,9.4,1.0
2023-01-25,61.58,Good,winter,61.58,Good,winter,61.58,Good,61.07,62.35,1.5,1.0,5.0,4.0,4.7,-2.018160000000001,-6.622520000000001,-5.4,-11.3,45.1,45.1,0.0,2.1,9.4,1.6
2023-01-26,54.69,Acceptable,winter,54.69,Acceptable,winter,54.69,Acceptable,56.72,60.85,1.5,1.0,4.92,4.0,0.75,-2.4254,-4.7264,-3.5,-6.0,80.1,80.1,0.8,2.5,0.0,8.5
2023-01-27,58.66,Acceptable,winter,58.66,Acceptable,winter,58.66,Acceptable,58.31,60.27,1.5,1.0,5.0,3.0,4.7,-1.3987999999999992,-4.2898,-3.8,-7.3,56.5,56.5,0.0,3.5,9.4,0.0
2023-01-28,65.92,Good,winter,65.92,Good,winter,65.92,Good,59.76,60.32,2.0,1.5,5.0,4.0,4.5,1.3122400000000005,-3.1135999999999995,-0.6,-6.0,54.9,54.9,0.0,2.4,9.0,1.0
2023-01-29,66.04,Good,winter,66.04,Good,winter,66.04,Good,63.54,61.22,2.5,2.0,5.0,3.5,2.6,5.750680000000001,0.1682400000000004,4.9,-1.8,58.3,58.3,0.0,2.6,5.2,2.5
2023-01-30,70.98,Very Good,winter,70.98,Very Good,winter,70.98,Very Good,67.65,61.68,2.5,2.0,5.0,4.0,4.75,5.22312,1.0227600000000003,4.2,-0.9,55.9,55.9,0.0,2.1,9.5,0.0
2023-01-31,66.53,Good,winter,66.53,Good,winter,66.53,Good,67.85,63.49,3.0,2.0,5.0,3.5,1.5,8.07192,3.33936,7.8,2.4,69.1,69.1,0.0,2.7,3.0,5.4
2023-02-01,69.04,Good,winter,69.04,Good,winter,69.04,Good,68.85,64.55,2.5,2.0,5.0,3.5,4.45,6.5056,2.05024,6.0,0.9,68.4,68.4,0.0,3.2,8.9,2.5
2023-02-02,67.18,Good,winter,67.18,Good,winter,67.18,Good,67.58,66.34,2.0,2.0,5.0,4.0,3.8,3.10968,0.06512000000000029,1.4,-2.4,50.3,50.3,0.0,2.5,7.6,5.5
2023-02-03,70.26,Very Good,winter,70.26,Very Good,winter,70.26,Very Good,68.83,67.99,2.5,2.0,5.0,4.0,4.3,4.78864,0.84064,3.4,-1.6,47.4,47.4,0.0,2.2,8.6,3.0
2023-02-04,69.93,Good,winter,69.93,Good,winter,69.93,Good,69.12,68.57,2.5,2.0,5.0,4.0,4.1,6.8032,1.8481600000000002,6.0,-0.2,49.8,49.8,0.0,2.0,8.2,0.9
2023-02-05,68.96,Good,winter,68.96,Good,winter,68.96,Good,69.72,68.98,2.5,2.0,5.0,4.0,3.5,7.4364,2.6628000000000003,7.1,1.7,71.0,71.0,0.0,1.8,7.0,2.3
2023-02-06,72.77,Very Good,winter,72.77,Very Good,winter,72.77,Very Good,70.55,69.24,3.0,2.0,5.0,4.5,3.55,8.932960000000001,3.7756000000000003,8.8,3.0,72.3,72.3,0.0,1.6,7.1,3.6
2023-02-07,74.59,Very Good,winter,74.59,Very Good,winter,74.59,Very Good,72.11,70.39,3.0,2.5,5.0,4.5,3.2,9.5542,4.2046,9.5,3.5,72.9,72.9,0.0,1.5,6.4,3.4
2023-02-08,73.25,Very Good,winter,73.25,Very Good,winter,73.25,Very Good,73.54,70.99,3.0,2.0,5.0,4.0,4.75,8.13352,3.2976400000000003,7.8,2.1,62.1,62.1,0.0,2.5,9.5,0.3
2023-02-09,73.38,Very Good,winter,73.38,Very Good,winter,73.38,Very Good,73.74,71.88,3.0,2.5,5.0,4.0,3.35,9.92004,5.2024,9.9,4.0,49.9,49.9,0.0,2.5,6.7,6.5
2023-02-10,66.93,Good,winter,66.93,Good,winter,66.93,Good,71.19,71.4,2.5,2.5,4.94,4.0,1.0,6.51008,4.30592,6.2,3.8,79.6,79.6,0.6,2.2,2.0,6.1
2023-02-11,70.02,Very Good,winter,70.02,Very Good,winter,70.02,Very Good,70.11,71.41,3.0,2.0,5.0,4.0,2.75,8.662,3.5776,8.5,2.8,73.0,73.0,0.0,1.8,5.5,3.4
2023-02-12,67.3,Good,winter,67.3,Good,winter,67.3,Good,68.08,71.18,2.5,2.5,5.0,4.0,1.0,7.888,4.456,7.6,3.7,70.0,70.0,0.0,1.8,2.0,6.9
2023-02-13,68.6,Good,winter,68.6,Good,winter,68.6,Good,68.64,70.58,3.0,2.5,5.0,4.0,0.4,8.6144,6.449400000000001,8.4,5.9,66.5,66.5,0.0,2.3,0.8,7.3
2023-02-14,69.53,Good,winter,69.53,Good,winter,69.53,Good,68.48,69.86,2.5,2.0,5.0,3.5,4.75,7.21336,3.1973200000000004,6.6,1.7,54.9,54.9,0.0,2.7,9.5,1.6
2023-02-15,75.56,Very Good,winter,75.56,Very Good,winter,75.56,Very Good,71.23,70.19,3.0,2.5,5.0,4.0,4.7,9.13584,4.657920000000001,8.9,3.2,46.4,46.4,0.0,2.5,9.4,3.9
2023-02-16,63.37,Good,winter,63.37,Good,winter,63.37,Good,69.49,68.76,2.5,2.0,5.0,3.5,0.95,5.1974,3.27636,4.5,2.3,68.3,68.3,0.0,2.7,1.9,5.4
2023-02-17,74.02,Very Good,winter,74.02,Very Good,winter,74.04,Very Good,70.98,69.77,3.0,2.5,5.0,4.0,3.75,9.82576,4.2500800000000005,9.8,3.4,67.8,67.8,0.0,1.8,7.5,5.0
2023-02-18,69.49,Good,winter,69.49,Good,winter,69.34,Good,68.96,69.7,3.0,2.5,5.0,4.5,0.04999999999999982,8.41692,6.4172400000000005,8.1,5.7,58.3,58.3,0.0,1.5,0.0,9.9
2023-02-19,69.64,Good,winter,69.64,Good,winter,69.67,Good,71.05,70.03,2.5,2.5,4.96,3.5,3.5,6.78484,4.6414,6.1,3.5,56.1,56.1,0.4,3.3,7.0,3.9
2023-02-20,69.53,Good,winter,69.53,Good,winter,69.74,Good,69.55,70.16,2.5,2.0,5.0,3.5,4.75,4.02944,1.7512000000000003,2.4,-0.5,46.4,46.4,0.0,3.3,9.5,0.0
2023-02-21,71.39,Very Good,winter,71.39,Very Good,winter,71.66,Very Good,70.19,70.43,2.5,2.0,5.0,4.0,5.0,5.99808,1.3035200000000005,4.8,-1.3,42.4,42.4,0.0,2.1,10.0,0.1
2023-02-22,73.01,Very Good,winter,73.01,Very Good,winter,73.35,Very Good,71.31,70.06,3.0,2.0,5.0,4.0,4.6,8.71616,2.93888,8.4,1.2,50.6,50.6,0.0,2.2,9.2,5.5
2023-02-23,73.66,Very Good,winter,73.66,Very Good,winter,74.11,Very Good,72.69,71.53,3.0,2.0,5.0,4.0,5.0,9.3104,3.8798,9.2,2.9,65.5,65.5,0.0,1.9,10.0,2.5
2023-02-24,74.43,Very Good,winter,74.43,Very Good,winter,74.84,Very Good,73.7,71.59,3.0,2.5,5.0,3.5,4.9,8.7526,4.5946,8.5,3.5,57.9,57.9,0.0,3.0,9.8,1.8
2023-02-25,69.93,Good,winter,69.93,Good,winter,70.46,Very Good,72.67,71.66,2.5,2.0,5.0,3.5,5.0,6.6632,2.783200000000001,5.7,0.7,44.0,44.0,0.0,2.9,10.2,0.0
2023-02-26,73.66,Very Good,winter,73.66,Very Good,winter,74.31,Very Good,72.67,72.23,3.0,2.0,5.0,4.0,5.0,9.52816,3.86608,9.4,2.2,46.6,46.6,0.0,2.1,10.4,0.0
2023-02-27,76.05,Very Good,winter,76.05,Very Good,winter,76.58,Very Good,73.21,73.16,3.0,2.5,5.0,4.0,5.0,11.89504,5.57824,12.4,4.4,47.4,47.4,0.0,1.9,10.5,0.0
2023-02-28,70.38,Very Good,winter,70.38,Very Good,winter,69.97,Good,73.36,73.02,3.0,2.5,5.0,4.0,1.5,8.89032,5.13448,8.7,4.3,63.4,63.4,0.0,2.0,3.0,5.5
2023-03-01,69.37,Good,spring,69.81,Good,winter,69.61,Good,72.08,72.56,3.0,2.5,5.0,3.5,2.05,9.1824,6.7296,9.0,6.0,54.4,54.4,0.0,3.1,4.1,5.4
2023-03-02,73.52,Very Good,spring,73.52,Very Good,spring,72.92,Very Good,71.24,72.54,2.5,2.5,5.0,3.5,5.0,7.44592,4.14064,6.6,2.2,37.8,37.8,0.0,2.8,10.5,0.0
2023-03-03,74.56,Very Good,spring,74.56,Very Good,spring,74.31,Very Good,72.63,72.56,3.0,2.5,5.0,4.0,3.75,10.344000000000001,5.356,10.4,4.6,65.0,65.0,0.0,2.1,7.5,3.8
2023-03-04,78.51,Very Good,spring,78.51,Very Good,spring,77.98,Very Good,75.53,73.78,3.5,2.5,5.0,4.0,4.35,13.58176,7.9907200000000005,14.1,7.7,68.4,68.4,0.0,1.9,8.7,4.8
2023-03-05,81.92,Excellent,spring,81.92,Excellent,spring,81.44,Excellent,78.33,74.96,3.5,3.0,5.0,4.0,5.0,14.4064,8.368,15.4,8.0,54.0,54.0,0.0,1.7,10.1,0.0
2023-03-06,81.92,Excellent,spring,81.92,Excellent,spring,81.49,Excellent,80.78,75.8,3.5,3.0,5.0,4.0,5.0,14.9894,9.385919999999999,16.5,9.2,41.9,41.9,0.0,2.1,10.0,1.1
2023-03-07,78.5,Very Good,spring,78.5,Very Good,spring,78.43,Very Good,80.78,76.96,3.5,3.0,5.0,4.0,3.5,17.92984,11.43412,19.4,11.7,60.9,60.9,0.0,2.3,7.0,2.1
2023-03-08,71.84,Very Good,spring,71.84,Very Good,spring,72.27,Very Good,77.42,77.25,3.5,3.0,4.88,4.0,0.9,16.662039999999998,12.163,17.7,12.5,66.3,66.3,1.2,2.0,1.8,7.0
2023-03-09,67.97,Good,spring,67.97,Good,spring,68.4,Good,72.77,76.46,3.0,3.0,4.63,4.0,1.0,12.92516,10.28308,13.1,10.3,85.9,85.9,3.7,2.3,2.0,5.1
2023-03-10,86.62,Excellent,spring,86.62,Excellent,spring,86.26,Excellent,75.48,78.18,4.5,3.0,5.0,4.0,4.8,20.350479999999997,12.9694,22.2,13.5,62.1,62.1,0.0,2.1,9.6,0.0
2023-03-11,86.27,Excellent,spring,86.27,Excellent,spring,86.17,Excellent,80.29,79.29,4.5,3.5,5.0,4.0,3.8,20.3424,14.2016,22.8,15.2,52.0,52.0,0.0,2.4,7.6,5.9
2023-03-12,60.9,Good,spring,60.9,Good,spring,61.09,Good,77.93,76.29,3.0,2.5,4.44,3.0,0.4,12.267199999999999,6.4248,12.6,5.9,68.0,68.0,5.6,3.7,0.8,5.9
2023-03-13,75.87,Very Good,spring,75.87,Very Good,spring,75.72,Very Good,74.35,75.42,3.0,2.5,5.0,3.5,4.9,8.18656,4.63524,7.6,2.9,38.9,38.9,0.0,3.2,9.8,3.1
2023-03-14,79.58,Very Good,spring,79.58,Very Good,spring,79.51,Very Good,72.12,75.58,3.5,3.0,5.0,3.5,4.55,14.23144,9.37312,15.4,9.2,45.9,45.9,0.0,2.9,9.1,3.4
2023-03-15,70.58,Very Good,spring,70.58,Very Good,spring,70.63,Very Good,75.34,75.4,3.5,3.0,5.0,3.5,0.6,13.81216,8.78704,14.4,8.6,66.6,66.6,0.0,3.0,1.2,6.4
2023-03-16,73.65,Very Good,spring,73.65,Very Good,spring,73.65,Very Good,74.6,76.21,3.0,2.5,5.0,4.0,3.35,9.2528,5.96512,9.0,4.6,36.8,36.8,0.0,2.4,6.7,5.5
2023-03-17,71.03,Very Good,spring,71.03,Very Good,spring,71.03,Very Good,71.75,73.98,3.0,2.5,5.0,4.0,2.2,11.99044,7.93584,12.7,7.2,34.3,34.3,0.0,1.7,4.4,8.0
2023-03-18,80.5,Excellent,spring,80.5,Excellent,spring,80.5,Excellent,75.06,73.16,3.5,3.0,5.0,3.5,4.95,13.1424,8.19312,14.0,7.7,46.4,46.4,0.0,2.6,9.9,1.9
2023-03-19,81.92,Excellent,spring,81.92,Excellent,spring,81.92,Excellent,77.82,76.16,3.5,3.0,5.0,4.0,5.0,14.359679999999999,8.574720000000001,15.2,8.3,59.6,59.6,0.0,2.1,11.1,0.4
2023-03-20,83.23,Excellent,spring,83.23,Excellent,spring,83.23,Excellent,81.88,77.21,3.5,3.0,5.0,4.5,5.0,15.691360000000001,9.5992,17.1,9.5,50.4,50.4,0.0,1.6,10.0,2.8
2023-03-21,84.5,Excellent,spring,84.5,Excellent,spring,84.5,Excellent,83.22,77.92,4.0,3.0,5.0,4.0,5.0,19.03288,12.2212,22.2,13.0,35.1,35.1,0.0,1.7,10.8,1.1
2023-03-22,84.68,Excellent,spring,84.68,Excellent,spring,84.68,Excellent,84.14,79.93,4.5,3.5,5.0,4.0,3.1,21.76592,15.4544,25.1,17.0,44.8,44.8,0.0,1.8,6.2,6.4
2023-03-23,83.65,Excellent,spring,83.65,Excellent,spring,83.65,Excellent,84.28,81.36,4.5,3.5,5.0,4.0,2.65,20.58148,15.887439999999998,23.3,17.4,48.9,48.9,0.0,2.5,5.3,5.6
2023-03-24,78.04,Very Good,spring,78.04,Very Good,spring,78.04,Very Good,82.12,82.36,3.5,3.0,5.0,4.0,3.3,16.20176,11.868,18.3,12.5,36.8,36.8,0.0,2.3,6.6,8.0
2023-03-25,77.02,Very Good,spring,77.02,Very Good,spring,77.02,Very Good,79.57,81.86,3.5,3.0,5.0,4.0,2.85,17.30452,12.099,18.7,12.5,59.9,59.9,0.0,2.3,5.7,4.1
2023-03-26,76.72,Very Good,spring,76.72,Very Good,spring,76.72,Very Good,77.26,81.12,3.0,3.0,5.0,3.0,5.0,12.944,9.5584,14.0,9.4,34.0,34.0,0.0,3.6,11.1,0.8
2023-03-27,79.99,Very Good,spring,79.99,Very Good,spring,79.99,Very Good,77.91,80.66,3.5,2.5,5.0,4.0,5.0,13.5064,7.89616,14.5,7.3,44.8,44.8,0.0,2.3,11.1,1.1
2023-03-28,78.96,Very Good,spring,78.96,Very Good,spring,78.96,Very Good,78.56,79.87,3.5,3.0,5.0,4.0,3.7,14.63524,9.34944,15.7,9.2,53.3,53.3,0.0,2.1,7.4,2.9
2023-03-29,81.92,Excellent,spring,81.92,Excellent,spring,81.92,Excellent,80.29,79.47,3.5,3.0,5.0,4.0,5.0,17.771639999999998,11.442160000000001,19.7,11.8,50.3,50.3,0.0,1.9,11.0,0.3
2023-03-30,84.5,Excellent,spring,84.5,Excellent,spring,84.5,Excellent,81.79,79.59,4.0,3.0,5.0,4.0,5.0,18.624,12.541,21.2,13.3,42.5,42.5,0.0,2.2,11.5,1.1
2023-03-31,89.01,Excellent,spring,89.01,Excellent,spring,89.01,Excellent,85.14,81.16,4.5,3.5,5.0,4.0,5.0,20.703,13.85,23.9,15.0,42.5,42.5,0.0,2.1,11.2,0.0
2023-04-01,89.01,Excellent,spring,89.01,Excellent,spring,89.01,Excellent,87.51,82.87,4.5,3.5,5.0,4.0,5.0,21.88096,15.712,25.6,17.5,40.4,40.4,0.0,1.8,10.8,1.8
2023-04-02,89.01,Excellent,spring,89.01,Excellent,spring,89.01,Excellent,89.01,84.63,4.5,3.5,5.0,4.0,5.0,20.91968,16.32192,25.2,18.8,29.6,29.6,0.0,2.4,11.7,0.4
2023-04-03,89.01,Excellent,spring,89.01,Excellent,spring,89.01,Excellent,89.01,85.92,4.5,3.5,5.0,4.0,5.0,21.40984,16.4584,25.9,19.0,29.4,29.4,0.0,2.3,11.0,4.1
2023-04-04,71.35,Very Good,spring,71.35,Very Good,spring,71.35,Very Good,83.12,84.83,4.0,3.5,4.31,3.5,0.8,18.910719999999998,15.788160000000001,21.7,17.6,40.4,40.4,6.9,2.6,1.6,9.1
2023-04-05,38.81,Unfavorable,spring,38.81,Unfavorable,spring,38.81,Unfavorable,66.39,78.67,3.5,3.0,0.0,3.5,0.0,14.85688,11.883280000000001,14.9,11.9,97.8,97.8,50.3,3.4,0.0,10.0
2023-04-06,66.53,Good,spring,66.53,Good,spring,66.53,Good,58.9,76.1,3.0,3.0,4.73,4.0,0.09999999999999964,9.706479999999999,8.82592,9.7,8.8,94.6,94.6,2.7,2.5,0.0,9.8
2023-04-07,80.61,Excellent,spring,80.61,Excellent,spring,80.61,Excellent,61.98,74.9,3.5,3.0,5.0,3.5,5.0,14.902,9.054,15.7,8.9,65.0,65.0,0.0,2.9,10.4,1.5
2023-04-08,80.61,Excellent,spring,80.61,Excellent,spring,80.61,Excellent,75.92,73.7,3.5,3.0,5.0,3.5,5.0,13.94156,9.03472,14.9,8.8,51.1,51.1,0.0,3.2,11.9,0.4
2023-04-09,81.92,Excellent,spring,81.92,Excellent,spring,81.92,Excellent,81.05,72.69,3.5,3.0,5.0,4.0,5.0,16.45216,10.661760000000001,17.8,10.8,56.8,56.8,0.0,2.5,12.0,0.0
2023-04-10,80.61,Excellent,spring,80.61,Excellent,spring,80.61,Excellent,81.05,71.49,3.5,3.0,5.0,3.5,5.0,17.30912,12.57024,19.1,13.2,50.8,50.8,0.0,2.7,10.1,2.6
2023-04-11,70.13,Very Good,spring,70.13,Very Good,spring,70.13,Very Good,77.55,71.32,3.5,3.0,4.71,3.0,1.75,16.61264,12.77016,17.4,13.1,73.4,73.4,2.9,3.6,0.0,6.5
2023-04-12,80.61,Excellent,spring,80.61,Excellent,spring,80.61,Excellent,77.12,77.29,3.5,3.0,5.0,3.5,5.0,14.13612,10.07804,15.3,10.1,45.1,45.1,0.0,2.7,10.7,0.8
2023-04-13,75.54,Very Good,spring,75.54,Very Good,spring,75.54,Very Good,75.43,78.58,3.5,3.0,5.0,4.0,2.2,15.616,11.482,17.2,11.9,45.0,45.0,0.0,1.8,4.4,5.1
2023-04-14,80.1,Excellent,spring,80.1,Excellent,spring,80.1,Excellent,78.75,78.5,4.0,3.5,5.0,4.5,1.65,19.428720000000002,15.173279999999998,21.3,16.2,58.6,58.6,0.0,1.6,3.3,8.1
2023-04-15,72.28,Very Good,spring,72.28,Very Good,spring,72.28,Very Good,75.97,77.31,3.5,3.5,4.54,4.0,1.15,16.11952,13.2452,16.6,13.5,81.8,81.8,4.6,2.2,2.3,7.4
2023-04-16,74.17,Very Good,spring,74.17,Very Good,spring,74.17,Very Good,75.52,76.21,3.5,3.0,5.0,4.0,1.6,15.402160000000002,10.70848,16.1,10.8,71.4,71.4,0.0,2.5,3.2,6.9
2023-04-17,77.47,Very Good,spring,77.47,Very Good,spring,77.47,Very Good,74.64,75.76,3.5,3.0,5.0,4.0,3.05,16.7716,12.5916,18.1,13.1,59.0,59.0,0.0,2.0,6.1,6.1
2023-04-18,74.33,Very Good,spring,74.33,Very Good,spring,74.33,Very Good,75.32,76.36,3.5,3.5,4.85,3.5,1.8,17.68096,13.6576,18.4,14.0,78.6,78.6,1.5,2.7,3.6,6.4
2023-04-19,89.01,Excellent,spring,89.01,Excellent,spring,89.01,Excellent,80.27,77.56,4.5,3.5,5.0,4.0,5.0,25.90496,17.86604,28.4,19.1,66.1,66.1,0.0,2.4,12.3,2.3
2023-04-20,75.3,Very Good,spring,75.3,Very Good,spring,75.3,Very Good,79.55,77.52,4.0,3.5,4.95,4.0,0.25,18.618759999999998,15.61672,18.9,15.8,92.1,92.1,0.5,2.4,0.0,9.5
2023-04-21,86.5,Excellent,spring,86.5,Excellent,spring,86.5,Excellent,83.6,78.44,4.5,3.5,5.0,4.0,3.9,20.26048,15.370719999999999,22.8,16.7,50.4,50.4,0.0,2.5,7.8,3.8
2023-04-22,80.1,Excellent,spring,80.1,Excellent,spring,80.1,Excellent,80.63,79.55,4.0,3.5,5.0,3.5,2.8,18.645,14.772039999999999,22.5,16.9,22.9,22.9,0.0,2.6,5.6,7.6
2023-04-23,80.05,Excellent,spring,80.05,Excellent,spring,80.05,Excellent,82.22,80.39,4.0,3.5,5.0,4.0,2.2,18.91044,14.492040000000001,22.1,16.1,34.1,34.1,0.0,2.1,4.4,8.0
2023-04-24,82.61,Excellent,spring,82.61,Excellent,spring,82.61,Excellent,80.92,81.13,4.0,3.5,5.0,3.5,3.9,18.6106,14.4196,21.3,15.8,40.5,40.5,0.0,2.7,7.8,5.8
2023-04-25,68.38,Good,spring,68.38,Good,spring,68.38,Good,77.01,80.28,3.0,3.0,4.96,4.0,0.2999999999999998,12.798079999999999,10.78696,13.2,10.9,68.6,68.6,0.4,1.9,0.0,9.4
2023-04-26,73.88,Very Good,spring,73.88,Very Good,spring,73.88,Very Good,74.96,78.12,3.5,3.0,5.0,3.5,2.05,13.0786,10.17592,13.5,10.2,69.9,69.9,0.0,3.1,4.1,4.5
2023-04-27,84.5,Excellent,spring,84.5,Excellent,spring,84.5,Excellent,75.59,79.43,4.0,3.0,5.0,4.0,5.0,18.464,12.45456,20.0,12.9,61.6,61.6,0.0,1.9,12.2,0.5
2023-04-28,83.45,Excellent,spring,83.45,Excellent,spring,83.45,Excellent,80.61,79.0,4.0,3.5,4.81,4.0,4.2,19.5824,14.833599999999999,21.3,15.7,62.0,62.0,1.9,2.1,8.4,6.4
2023-04-29,56.79,Acceptable,spring,56.79,Acceptable,spring,56.79,Acceptable,74.91,75.67,3.5,3.5,2.4899999999999998,3.5,0.4,15.52392,13.04768,15.8,13.2,88.1,88.1,25.1,2.9,0.8,9.6
2023-04-30,75.76,Very Good,spring,75.76,Very Good,spring,75.76,Very Good,72.0,75.05,3.5,3.0,4.99,3.5,2.9,17.04364,12.407319999999999,17.9,12.7,72.9,72.9,0.1,3.3,5.8,6.1
2023-05-01,86.43,Excellent,spring,86.43,Excellent,spring,86.43,Excellent,72.99,75.6,4.0,3.5,5.0,4.0,5.0,18.9424,13.8088,20.8,14.6,57.0,57.0,0.0,2.5,11.4,3.0
2023-05-02,86.96,Excellent,spring,86.96,Excellent,spring,87.02,Excellent,83.05,78.25,4.5,3.5,5.0,4.0,4.1,20.4394,15.1054,23.7,16.7,40.5,40.5,0.0,2.1,8.2,6.6
2023-05-03,91.59,Ideal,spring,91.59,Ideal,spring,91.69,Ideal,88.33,80.78,5.0,3.5,5.0,4.0,5.0,23.122,17.695,26.2,19.5,52.5,52.5,0.0,2.1,10.4,4.5
2023-05-04,84.97,Excellent,spring,84.97,Excellent,spring,85.4,Excellent,87.84,80.85,5.0,4.0,5.0,4.0,1.25,23.619600000000002,19.8268,25.8,21.4,65.5,65.5,0.0,2.1,2.5,7.9
2023-05-05,61.18,Good,spring,61.18,Good,spring,61.5,Good,79.25,77.67,4.5,4.0,1.98,4.0,0.0,21.38192,18.242079999999998,21.6,18.4,95.3,95.3,30.2,2.5,0.0,10.0
2023-05-06,39.82,Unfavorable,spring,39.82,Unfavorable,spring,39.97,Unfavorable,61.99,75.24,3.5,3.0,0.25,3.0,0.34999999999999964,15.1832,12.450239999999999,15.5,12.6,85.6,85.6,47.5,5.4,0.0,9.3
2023-05-07,73.65,Very Good,spring,73.65,Very Good,spring,74.16,Very Good,58.22,74.94,3.5,3.5,5.0,3.5,1.1,16.780240000000003,13.468960000000001,18.6,14.4,47.1,47.1,0.0,2.6,2.2,7.1
2023-05-08,86.43,Excellent,spring,86.43,Excellent,spring,86.41,Excellent,66.63,74.94,4.0,3.5,5.0,4.0,5.0,19.8544,14.352360000000001,22.0,15.3,55.3,55.3,0.0,2.2,12.7,2.4
2023-05-09,89.01,Excellent,spring,89.01,Excellent,spring,89.15,Excellent,83.03,75.24,4.5,3.5,5.0,4.0,5.0,21.831039999999998,15.751199999999999,24.4,17.0,55.4,55.4,0.0,2.3,12.8,0.9
2023-05-10,91.59,Ideal,spring,91.59,Ideal,spring,91.92,Ideal,89.01,75.24,5.0,3.5,5.0,4.0,5.0,23.0112,16.830879999999997,26.0,18.4,53.3,53.3,0.0,1.8,12.7,2.5
2023-05-11,91.59,Ideal,spring,91.59,Ideal,spring,91.95,Ideal,90.73,76.18,5.0,3.5,5.0,4.0,5.0,23.36668,17.6038,26.7,19.5,50.1,50.1,0.0,2.3,12.9,2.9
2023-05-12,85.25,Excellent,spring,85.25,Excellent,spring,85.82,Excellent,89.48,79.62,4.5,3.5,5.0,4.0,3.35,21.81292,16.750239999999998,24.7,18.4,50.9,50.9,0.0,1.8,6.7,5.0
2023-05-13,87.64,Excellent,spring,87.64,Excellent,spring,87.99,Excellent,88.16,86.45,4.5,3.5,5.0,4.0,4.4,21.7872,16.6144,23.9,17.8,62.0,62.0,0.0,2.0,8.8,3.6
2023-05-14,88.55,Excellent,spring,89.09,Excellent,summer,88.82,Excellent,87.33,88.66,4.5,3.5,5.0,4.0,4.8,21.3988,16.6906,23.8,18.1,56.5,56.5,0.0,2.0,9.6,1.6
2023-05-15,90.94,Ideal,spring,91.33,Ideal,summer,91.15,Ideal,89.35,89.36,4.5,4.0,5.0,4.0,5.0,24.649359999999998,18.675040000000003,27.9,20.6,54.6,54.6,0.0,2.4,11.6,2.0
2023-05-16,90.29,Ideal,spring,90.16,Ideal,summer,90.22,Ideal,90.19,89.52,4.0,4.5,5.0,4.0,5.0,27.121119999999998,21.3064,31.2,24.0,51.9,51.9,0.0,2.5,12.1,2.1
2023-05-17,91.56,Ideal,spring,92.33,Ideal,summer,92.03,Ideal,91.27,89.63,4.5,4.5,5.0,3.5,5.0,25.97728,21.5344,28.7,23.5,63.6,63.6,0.0,3.4,11.4,4.6
2023-05-18,82.28,Excellent,spring,84.98,Excellent,summer,84.02,Excellent,89.16,88.68,4.5,4.5,4.87,4.0,0.7,25.82592,20.07104,27.6,21.2,74.8,74.8,1.3,2.1,1.4,7.1
2023-05-19,92.19,Ideal,spring,92.71,Ideal,summer,92.54,Ideal,90.01,89.75,4.5,4.5,5.0,4.0,4.7,25.05168,20.40088,27.8,22.3,61.4,61.4,0.0,2.3,9.4,2.4
2023-05-20,89.29,Excellent,spring,90.17,Ideal,summer,89.92,Excellent,89.29,90.11,4.5,4.0,5.0,3.5,4.85,24.48892,19.71712,26.7,21.2,66.9,66.9,0.0,3.0,9.7,5.0
2023-05-21,82.79,Excellent,spring,84.79,Excellent,summer,84.29,Excellent,89.22,89.5,4.5,3.5,4.98,3.5,2.9,20.662399999999998,16.9888,21.9,17.8,74.0,74.0,0.2,3.0,5.8,9.0
2023-05-22,88.55,Excellent,spring,89.52,Excellent,summer,89.31,Excellent,88.16,89.24,4.5,4.0,5.0,4.0,3.95,24.19936,18.705560000000002,26.8,20.3,61.3,61.3,0.0,1.9,7.9,6.3
2023-05-23,93.52,Ideal,spring,94.4,Ideal,summer,94.24,Ideal,89.57,89.84,5.0,4.0,5.0,4.0,5.0,23.3848,18.316,26.9,20.5,48.0,48.0,0.0,2.2,13.2,0.6
2023-05-24,89.19,Excellent,spring,91.13,Ideal,summer,90.85,Ideal,91.68,89.67,5.0,4.0,5.0,4.0,3.1,22.707279999999997,18.47152,25.9,20.6,49.8,49.8,0.0,2.0,6.2,7.0
2023-05-25,93.52,Ideal,spring,94.4,Ideal,summer,94.31,Ideal,93.31,91.02,5.0,4.0,5.0,4.0,5.0,23.683359999999997,18.807679999999998,27.4,21.2,46.6,46.6,0.0,2.4,10.4,5.4
2023-05-26,90.64,Ideal,spring,91.0,Ideal,summer,90.98,Ideal,92.18,90.77,4.5,4.0,4.95,4.0,5.0,24.35208,19.45744,27.3,21.4,57.4,57.4,0.5,2.1,10.7,7.0
2023-05-27,60.66,Good,spring,62.28,Good,summer,62.22,Good,82.56,86.79,4.5,4.0,1.8199999999999998,4.0,0.20000000000000018,20.16072,18.83128,20.7,19.3,87.4,87.4,31.8,1.7,0.0,9.6
2023-05-28,54.13,Acceptable,spring,55.39,Acceptable,summer,55.39,Acceptable,69.56,82.59,4.5,4.0,0.8200000000000003,4.0,0.0,20.15512,19.15952,20.2,19.2,98.9,98.9,41.8,1.8,0.0,10.0
2023-05-29,85.41,Excellent,spring,86.38,Excellent,summer,86.38,Excellent,68.02,82.14,4.0,5.0,4.77,4.5,2.05,27.2716,22.32352,28.5,23.2,83.4,83.4,2.3,1.6,4.1,6.8
2023-05-30,85.04,Excellent,spring,86.64,Excellent,summer,86.64,Excellent,76.14,81.03,4.0,5.0,5.0,4.0,1.85,26.594199999999997,22.291999999999998,28.9,24.0,69.5,69.5,0.0,2.2,3.7,6.5
2023-05-31,89.56,Excellent,spring,90.74,Ideal,summer,90.74,Ideal,87.92,80.98,4.5,4.5,5.0,4.0,3.55,25.346239999999998,20.79296,28.2,22.8,60.8,60.8,0.0,2.5,7.1,6.5
2023-06-01,86.52,Excellent,summer,86.52,Excellent,summer,86.52,Excellent,87.97,79.85,4.5,4.5,5.0,4.0,1.1,24.14188,21.10528,26.3,22.8,66.9,66.9,0.0,1.9,2.2,8.3
2023-06-02,90.27,Ideal,summer,90.27,Ideal,summer,90.27,Ideal,89.18,79.75,5.0,4.0,5.0,4.0,2.6,23.644,19.45984,25.0,20.4,77.4,77.4,0.0,2.3,5.2,3.5
2023-06-03,92.33,Ideal,summer,92.33,Ideal,summer,92.33,Ideal,89.71,84.04,4.5,4.5,5.0,3.5,5.0,24.95912,20.0848,27.8,22.0,60.1,60.1,0.0,2.7,13.3,2.1
2023-06-04,93.23,Ideal,summer,93.23,Ideal,summer,93.23,Ideal,91.94,89.44,4.5,4.5,5.0,4.0,5.0,25.192,20.212400000000002,28.0,22.1,61.0,61.0,0.0,2.4,11.1,3.3
2023-06-05,90.43,Ideal,summer,90.43,Ideal,summer,90.43,Ideal,92.0,90.02,4.5,4.0,5.0,3.5,5.0,24.14188,19.9774,26.3,21.5,66.9,66.9,0.0,2.6,10.9,4.4
2023-06-06,91.69,Ideal,summer,91.69,Ideal,summer,91.69,Ideal,91.78,90.74,5.0,4.0,5.0,3.5,3.95,23.55232,19.18348,25.2,20.3,72.9,72.9,0.0,2.6,7.9,6.1
2023-06-07,85.49,Excellent,summer,85.49,Excellent,summer,85.49,Excellent,89.2,89.99,4.5,4.5,5.0,4.0,0.5,24.14884,20.27368,25.7,21.4,75.3,75.3,0.0,2.1,1.0,8.9
2023-06-08,85.33,Excellent,summer,85.33,Excellent,summer,85.33,Excellent,87.5,89.82,5.0,4.0,4.81,4.0,0.45,22.8158,19.5888,23.9,20.4,80.5,80.5,1.9,2.4,0.9,8.4
2023-06-09,92.45,Ideal,summer,92.45,Ideal,summer,92.45,Ideal,87.76,90.14,4.5,4.5,4.88,4.0,5.0,25.7504,21.384800000000002,28.4,23.3,64.0,64.0,1.2,2.0,11.8,4.6
2023-06-10,85.85,Excellent,summer,85.85,Excellent,summer,85.85,Excellent,87.88,89.21,4.0,4.5,4.92,4.0,2.8,26.28,21.616,28.5,23.2,70.0,70.0,0.8,2.3,5.6,6.9
2023-06-11,69.08,Good,summer,69.08,Good,summer,69.08,Good,82.46,85.76,4.5,4.5,1.7799999999999998,4.0,3.2,25.64612,20.94324,27.3,22.1,76.1,76.1,32.2,2.2,6.4,6.1
2023-06-12,90.39,Ideal,summer,90.39,Ideal,summer,90.39,Ideal,81.77,85.75,4.5,4.5,5.0,4.0,3.35,25.435,20.7604,27.5,22.2,70.5,70.5,0.0,1.7,6.7,6.6
2023-06-13,93.14,Ideal,summer,93.14,Ideal,summer,93.14,Ideal,84.2,85.96,4.5,4.5,5.0,4.0,4.95,24.08,20.56,26.0,22.0,70.0,70.0,0.0,2.2,9.9,3.9
2023-06-14,70.3,Very Good,summer,70.3,Very Good,summer,70.3,Very Good,84.61,83.79,5.0,4.0,1.94,4.5,2.1,23.817999999999998,19.76472,25.0,20.6,80.3,80.3,30.6,1.5,4.2,4.1
2023-06-15,89.13,Excellent,summer,89.13,Excellent,summer,89.13,Excellent,84.19,84.33,4.0,4.5,5.0,4.0,4.4,26.16256,21.216639999999998,28.3,22.7,70.8,70.8,0.0,2.1,8.8,2.9
2023-06-16,90.16,Ideal,summer,90.16,Ideal,summer,90.16,Ideal,83.2,84.01,4.0,4.5,5.0,4.0,5.0,26.20864,21.749119999999998,28.9,23.7,64.4,64.4,0.0,2.1,12.5,0.9
2023-06-17,90.16,Ideal,summer,90.16,Ideal,summer,90.16,Ideal,89.82,84.62,4.0,4.5,5.0,4.0,5.0,26.73368,21.76328,30.2,24.2,57.1,57.1,0.0,2.0,10.8,4.4
2023-06-18,88.99,Excellent,summer,88.99,Excellent,summer,88.99,Excellent,89.77,87.47,3.5,5.0,5.0,4.0,5.0,29.0292,23.3878,32.6,25.9,60.5,60.5,0.0,2.0,12.3,3.4
2023-06-19,87.09,Excellent,summer,87.09,Excellent,summer,87.09,Excellent,88.75,87.0,3.5,4.5,5.0,4.0,5.0,29.9488,25.3772,34.0,28.5,57.8,57.8,0.0,2.2,11.0,3.3
2023-06-20,83.38,Excellent,summer,83.38,Excellent,summer,83.38,Excellent,86.49,85.6,4.5,5.0,4.36,4.0,0.5999999999999996,24.071199999999997,22.6126,26.4,24.7,64.5,64.5,6.4,1.9,0.0,8.8
2023-06-21,68.86,Good,summer,68.86,Good,summer,68.86,Good,79.78,85.4,4.5,4.5,2.5100000000000002,4.0,0.2999999999999998,21.74184,20.1892,22.1,20.5,92.6,92.6,24.9,2.1,0.0,9.4
2023-06-22,90.56,Ideal,summer,90.56,Ideal,summer,90.56,Ideal,80.93,85.6,4.5,4.5,5.0,4.0,3.45,24.897759999999998,21.355,26.4,22.5,77.1,77.1,0.0,2.2,6.9,6.3
2023-06-23,85.85,Excellent,summer,85.85,Excellent,summer,85.85,Excellent,81.76,84.98,3.5,5.0,5.0,4.5,2.65,28.03736,23.052159999999997,29.9,24.4,76.6,76.6,0.0,1.5,5.3,5.0
2023-06-24,86.83,Excellent,summer,86.83,Excellent,summer,86.83,Excellent,87.75,84.51,3.5,4.5,5.0,4.0,4.85,28.6102,24.464799999999997,31.1,26.4,70.5,70.5,0.0,2.0,9.7,1.5
2023-06-25,85.97,Excellent,summer,85.97,Excellent,summer,85.97,Excellent,86.22,84.08,3.5,4.5,5.0,4.0,4.35,29.85676,25.64472,33.1,28.2,64.9,64.9,0.0,2.1,8.7,5.8
2023-06-26,62.74,Good,summer,62.74,Good,summer,62.74,Good,78.51,80.6,4.0,5.0,1.9699999999999998,3.5,0.0,26.701999999999998,23.55248,27.5,24.2,88.6,88.6,30.3,2.9,0.0,10.0
2023-06-27,86.77,Excellent,summer,86.77,Excellent,summer,86.77,Excellent,78.49,81.08,4.0,5.0,4.75,3.5,3.4,27.04484,23.65372,29.1,25.3,73.1,73.1,2.5,3.2,6.8,6.5
2023-06-28,81.76,Excellent,summer,81.76,Excellent,summer,81.76,Excellent,77.09,82.93,3.5,4.5,5.0,4.0,1.9,28.282960000000003,25.0084,30.1,26.5,77.4,77.4,0.0,2.5,3.8,8.1
2023-06-29,53.83,Acceptable,summer,53.83,Acceptable,summer,53.83,Acceptable,74.12,77.68,4.5,5.0,0.0,4.0,0.0,25.60744,23.93872,25.9,24.2,95.4,95.4,63.8,2.3,0.0,10.0
2023-06-30,79.04,Very Good,summer,79.04,Very Good,summer,79.04,Very Good,71.54,76.71,3.5,4.5,4.9,4.0,0.7,28.32072,24.67576,29.1,25.3,89.8,89.8,1.0,1.8,1.4,7.4
2023-07-01,82.12,Excellent,summer,82.12,Excellent,summer,82.12,Excellent,71.66,76.03,3.0,4.0,5.0,4.0,5.0,30.784039999999997,26.064519999999998,32.9,27.7,76.9,76.9,0.0,2.0,12.4,1.4
2023-07-02,82.19,Excellent,summer,82.19,Excellent,summer,82.19,Excellent,81.12,75.49,3.5,4.5,5.0,4.0,2.15,28.910800000000002,25.3306,30.6,26.7,79.5,79.5,0.0,1.9,4.3,6.6
2023-07-03,78.02,Very Good,summer,78.02,Very Good,summer,78.02,Very Good,80.78,77.68,2.5,4.0,5.0,4.0,4.4,32.1112,26.960800000000003,34.9,29.1,72.0,72.0,0.0,1.8,8.8,4.9
2023-07-04,45.96,Marginal,summer,45.96,Marginal,summer,45.96,Marginal,68.72,71.85,3.5,4.5,0.0,4.0,0.09999999999999964,28.186239999999998,25.249920000000003,29.2,26.1,86.8,86.8,61.8,2.3,0.0,9.8
2023-07-05,78.59,Very Good,summer,78.59,Very Good,summer,78.59,Very Good,67.52,71.39,4.5,5.0,3.4699999999999998,3.0,2.25,25.909840000000003,23.4908,27.1,24.5,82.6,82.6,15.3,3.7,4.5,5.9
2023-07-06,85.16,Excellent,summer,85.16,Excellent,summer,85.16,Excellent,69.9,75.87,3.5,4.5,5.0,3.5,4.4,29.26248,25.28628,31.8,27.3,70.9,70.9,0.0,2.7,8.8,6.3
2023-07-07,85.97,Excellent,summer,85.97,Excellent,summer,85.97,Excellent,83.24,76.86,3.5,4.5,5.0,4.0,4.35,28.395439999999997,24.35532,31.4,26.7,64.9,64.9,0.0,2.3,8.7,4.1
2023-07-08,82.94,Excellent,summer,82.94,Excellent,summer,82.94,Excellent,84.69,76.98,4.0,4.5,5.0,4.0,0.8,27.8482,24.1336,29.7,25.6,76.5,76.5,0.0,2.2,1.6,7.6
2023-07-09,53.34,Acceptable,summer,53.34,Acceptable,summer,53.34,Acceptable,74.08,72.85,4.0,5.0,0.25,4.0,0.55,26.075200000000002,23.90032,27.0,24.7,86.4,86.4,47.5,2.0,1.1,8.8
2023-07-10,76.04,Very Good,summer,76.04,Very Good,summer,76.04,Very Good,70.77,72.57,3.5,4.5,3.85,4.0,2.95,29.26144,25.022080000000003,30.9,26.3,80.4,80.4,11.5,2.3,5.9,7.3
2023-07-11,54.35,Acceptable,summer,54.35,Acceptable,summer,54.35,Acceptable,61.24,73.77,4.5,5.0,0.0,4.0,0.2999999999999998,25.416639999999997,23.0896,25.9,23.5,92.4,92.4,58.3,1.9,0.0,9.4
2023-07-12,79.96,Very Good,summer,79.96,Very Good,summer,79.96,Very Good,70.12,73.97,3.5,4.5,4.93,4.5,0.6,28.06096,24.94048,29.1,25.8,86.4,86.4,0.7,1.5,1.2,9.4
2023-07-13,49.76,Marginal,summer,49.76,Marginal,summer,49.76,Marginal,61.36,68.91,4.0,4.5,0.0,4.5,0.0,26.169999999999998,24.896,26.5,25.2,95.0,95.0,91.6,1.6,0.0,10.0
2023-07-14,51.03,Acceptable,summer,51.03,Acceptable,summer,51.03,Acceptable,60.25,63.92,4.5,4.5,0.0,3.5,0.0,25.045640000000002,24.54744,25.1,24.6,99.1,99.1,72.7,2.9,0.0,10.0
2023-07-15,82.31,Excellent,summer,82.31,Excellent,summer,82.31,Excellent,61.03,63.83,4.5,4.5,4.77,3.5,0.04999999999999982,25.2918,24.123,25.7,24.5,93.5,93.5,2.3,3.0,0.0,9.9
2023-07-16,80.79,Excellent,summer,80.79,Excellent,summer,80.79,Excellent,71.38,67.75,4.5,5.0,4.03,4.0,0.34999999999999964,24.7532,23.986800000000002,25.4,24.6,89.5,89.5,9.7,2.3,0.0,9.3
2023-07-17,80.99,Excellent,summer,80.99,Excellent,summer,80.99,Excellent,81.36,68.46,4.0,4.5,4.86,4.0,0.2,26.81032,24.6382,27.8,25.5,86.1,86.1,1.4,1.7,0.4,9.0
2023-07-18,82.68,Excellent,summer,82.68,Excellent,summer,82.68,Excellent,81.49,72.5,4.0,4.5,4.77,4.5,1.0,26.84332,24.46432,27.7,25.2,87.9,87.9,2.3,1.4,2.0,8.0
2023-07-19,84.02,Excellent,summer,84.02,Excellent,summer,84.02,Excellent,82.56,73.08,3.0,4.5,5.0,4.0,5.0,30.50048,25.741439999999997,32.4,27.2,78.8,78.8,0.0,1.7,11.5,2.3
2023-07-20,82.03,Excellent,summer,82.03,Excellent,summer,82.03,Excellent,82.91,77.69,3.0,4.0,5.0,4.0,4.95,30.428799999999995,26.0384,32.8,27.9,74.0,74.0,0.0,1.8,9.9,2.9
2023-07-21,82.12,Excellent,summer,82.12,Excellent,summer,82.12,Excellent,82.72,82.13,3.0,4.0,5.0,4.0,5.0,31.345119999999998,27.1288,34.3,29.5,69.6,69.6,0.0,1.8,10.2,2.3
2023-07-22,71.98,Very Good,summer,71.98,Very Good,summer,71.98,Very Good,78.71,80.66,3.0,4.5,3.77,3.5,3.2,30.151,25.85212,32.5,27.7,73.9,73.9,12.3,2.6,6.4,6.6
2023-07-23,58.34,Acceptable,summer,58.34,Acceptable,summer,58.34,Acceptable,70.81,77.45,4.5,4.5,0.9799999999999995,4.0,0.0,25.43976,24.85344,25.8,25.2,94.3,94.3,40.2,2.1,0.0,10.0
2023-07-24,80.98,Excellent,summer,80.98,Excellent,summer,80.98,Excellent,70.43,77.45,3.5,4.5,4.96,4.0,1.6,28.648,25.757559999999998,30.0,26.9,83.1,83.1,0.4,2.0,3.2,7.3
2023-07-25,75.04,Very Good,summer,75.04,Very Good,summer,75.04,Very Good,71.45,76.36,3.5,4.0,4.44,3.5,1.75,28.901,26.4116,30.5,27.8,80.5,80.5,5.6,2.7,3.5,7.1
2023-07-26,78.52,Very Good,summer,78.52,Very Good,summer,78.52,Very Good,78.18,75.57,3.5,4.0,4.9,4.0,1.5,29.48796,26.255360000000003,31.1,27.6,80.9,80.9,1.0,2.2,3.0,7.6
2023-07-27,79.37,Very Good,summer,79.37,Very Good,summer,79.37,Very Good,77.64,75.19,3.0,4.0,5.0,4.0,3.4,30.255280000000003,26.788159999999998,32.2,28.4,78.1,78.1,0.0,1.9,6.8,5.9
2023-07-28,81.69,Excellent,summer,81.69,Excellent,summer,81.69,Excellent,79.86,75.13,3.0,4.0,5.0,4.0,4.75,31.43936,27.3472,34.1,29.5,72.4,72.4,0.0,2.1,9.5,3.3
2023-07-29,79.37,Very Good,summer,79.37,Very Good,summer,79.37,Very Good,80.14,76.19,3.0,4.0,5.0,4.0,3.4,30.69972,26.96844,33.3,29.1,72.1,72.1,0.0,2.0,6.8,4.4
2023-07-30,61.93,Good,summer,61.93,Good,summer,61.93,Good,74.33,76.7,2.5,4.0,2.5,4.0,4.55,32.161,26.732,34.9,28.8,72.5,72.5,25.0,1.9,9.1,4.8
2023-07-31,78.91,Very Good,summer,78.91,Very Good,summer,78.91,Very Good,73.4,76.4,3.0,4.0,4.97,4.0,3.25,31.18168,26.927239999999998,33.4,28.7,76.3,76.3,0.3,1.7,6.5,6.4
2023-08-01,82.12,Excellent,summer,82.12,Excellent,summer,82.12,Excellent,74.32,77.42,3.0,4.0,5.0,4.0,5.0,31.45088,27.639359999999996,34.2,29.9,71.6,71.6,0.0,1.9,10.3,4.1
2023-08-02,82.12,Excellent,summer,82.12,Excellent,summer,82.12,Excellent,81.05,77.93,3.0,4.0,5.0,4.0,5.0,30.647440000000003,27.16264,33.7,29.7,67.8,67.8,0.0,2.1,11.2,4.0
2023-08-03,82.12,Excellent,summer,82.12,Excellent,summer,82.12,Excellent,82.12,78.32,3.0,4.0,5.0,4.0,5.0,30.658399999999997,26.926000000000002,33.8,29.5,67.0,67.0,0.0,2.1,11.0,3.9
2023-08-04,81.78,Excellent,summer,81.78,Excellent,summer,81.78,Excellent,82.01,78.34,3.0,4.0,5.0,4.0,4.8,31.237759999999998,27.408,34.4,30.0,67.6,67.6,0.0,1.9,9.6,4.3
2023-08-05,82.12,Excellent,summer,82.12,Excellent,summer,82.12,Excellent,82.01,78.73,3.0,4.0,5.0,4.0,5.0,31.812399999999997,27.7828,34.9,30.3,69.0,69.0,0.0,2.0,12.7,2.8
2023-08-06,73.58,Very Good,summer,73.58,Very Good,summer,73.58,Very Good,79.16,80.39,3.0,4.0,4.51,4.0,1.9,30.838,27.9388,33.0,29.8,76.5,76.5,4.9,1.7,3.8,5.8
2023-08-07,77.61,Very Good,summer,77.61,Very Good,summer,77.61,Very Good,77.77,80.21,3.0,4.0,5.0,3.5,2.9,31.490560000000002,27.82144,34.6,30.4,68.4,68.4,0.0,2.7,5.8,4.4
2023-08-08,81.22,Excellent,summer,81.22,Excellent,summer,81.22,Excellent,77.47,80.08,3.0,4.0,5.0,3.5,5.0,31.723599999999998,27.5978,35.8,30.9,60.5,60.5,0.0,2.9,11.0,2.4
2023-08-09,80.3,Excellent,summer,80.3,Excellent,summer,80.3,Excellent,79.71,79.82,3.5,4.5,4.98,3.5,1.65,28.80064,25.92832,31.6,28.3,67.6,67.6,0.2,3.2,3.3,8.0
2023-08-10,50.13,Acceptable,summer,50.13,Acceptable,summer,50.13,Acceptable,70.55,75.25,4.5,4.5,0.0,3.0,0.0,24.610760000000003,21.80472,25.1,22.2,91.9,91.9,86.1,3.7,0.0,10.0
2023-08-11,55.99,Acceptable,summer,55.99,Acceptable,summer,55.99,Acceptable,62.14,71.56,4.5,5.0,0.33000000000000007,4.0,0.0,24.48876,23.127399999999998,24.9,23.5,93.1,93.1,46.7,2.3,0.0,10.0
2023-08-12,88.7,Excellent,summer,88.7,Excellent,summer,88.7,Excellent,64.94,72.5,5.0,5.0,4.85,4.0,0.05,23.5924,22.8212,24.1,23.3,91.0,91.0,1.5,1.9,0.1,8.9
2023-08-13,80.81,Excellent,summer,80.81,Excellent,summer,80.81,Excellent,75.17,73.54,3.5,4.5,5.0,4.0,1.35,29.150360000000003,25.4292,31.1,27.0,76.9,76.9,0.0,1.7,2.7,8.3
2023-08-14,80.84,Excellent,summer,80.84,Excellent,summer,80.84,Excellent,83.45,74.0,3.5,4.0,5.0,4.5,1.95,29.74504,26.31896,31.9,28.1,75.4,75.4,0.0,1.6,3.9,4.0
2023-08-15,80.14,Excellent,summer,80.14,Excellent,summer,80.14,Excellent,80.6,73.84,3.0,4.0,5.0,4.0,3.85,30.103120000000004,26.472160000000002,32.7,28.6,71.4,71.4,0.0,2.3,7.7,6.5
2023-08-16,81.48,Excellent,summer,81.48,Excellent,summer,81.48,Excellent,80.82,74.01,3.5,4.5,4.97,4.0,1.85,29.1808,25.3624,31.6,27.3,72.0,72.0,0.3,2.1,3.7,4.5
2023-08-17,81.92,Excellent,summer,81.92,Excellent,summer,81.92,Excellent,81.18,78.55,3.5,4.0,5.0,4.0,3.1,29.9808,26.2344,32.4,28.2,73.0,73.0,0.0,1.7,6.2,4.6
2023-08-18,79.73,Very Good,summer,79.73,Very Good,summer,79.73,Very Good,81.04,81.95,3.0,4.0,4.99,4.0,3.65,30.69972,26.96844,33.3,29.1,72.1,72.1,0.1,1.9,7.3,3.1
2023-08-19,81.35,Excellent,summer,81.35,Excellent,summer,81.35,Excellent,81.0,80.9,3.0,4.0,5.0,4.0,4.55,30.664160000000003,26.72396,33.6,29.1,68.9,68.9,0.0,1.9,9.1,3.9
2023-08-20,80.59,Excellent,summer,80.59,Excellent,summer,80.59,Excellent,80.56,80.86,3.5,4.0,5.0,4.5,1.8,29.34096,26.23576,31.8,28.3,71.8,71.8,0.0,1.6,3.6,7.3
2023-08-21,79.02,Very Good,summer,79.02,Very Good,summer,79.02,Very Good,80.32,80.6,3.0,4.0,5.0,4.0,3.2,30.74912,27.1444,33.6,29.5,69.8,69.8,0.0,2.4,6.4,6.6
2023-08-22,46.78,Marginal,summer,46.78,Marginal,summer,46.78,Marginal,68.8,75.84,3.0,4.0,0.7400000000000002,4.0,0.65,30.450640000000003,26.21312,32.2,27.6,80.3,80.3,42.6,2.4,1.3,9.0
2023-08-23,54.31,Acceptable,summer,54.31,Acceptable,summer,54.31,Acceptable,60.04,71.96,4.0,4.5,0.8200000000000003,4.0,0.05,26.60144,24.28496,27.2,24.8,91.3,91.3,41.8,2.2,0.1,9.6
2023-08-24,78.55,Very Good,summer,78.55,Very Good,summer,78.55,Very Good,59.88,71.48,4.0,4.5,4.48,3.5,0.75,26.717760000000002,24.18192,27.8,25.1,84.8,84.8,5.2,2.8,1.5,9.0
2023-08-25,84.73,Excellent,summer,84.73,Excellent,summer,84.73,Excellent,72.53,72.19,3.5,4.5,5.0,3.5,4.15,28.232,25.0414,30.0,26.5,77.9,77.9,0.0,2.6,8.3,5.0
2023-08-26,84.77,Excellent,summer,84.77,Excellent,summer,84.77,Excellent,82.68,72.68,3.5,4.5,5.0,4.0,3.65,28.05076,24.58288,30.3,26.4,72.3,72.3,0.0,1.8,7.3,6.4
2023-08-27,82.59,Excellent,summer,82.59,Excellent,summer,82.59,Excellent,84.03,72.96,4.0,4.5,5.0,4.0,0.6,27.64,24.490000000000002,29.6,26.1,75.0,75.0,0.0,1.8,1.2,8.9
2023-08-28,78.83,Very Good,summer,78.83,Very Good,summer,78.83,Very Good,82.06,72.94,4.5,5.0,3.96,3.5,0.0,24.82,22.064999999999998,25.6,22.7,87.5,87.5,10.4,3.3,0.0,10.0
2023-08-29,54.35,Acceptable,summer,54.35,Acceptable,summer,54.35,Acceptable,71.92,74.02,4.5,5.0,0.0,4.0,0.2999999999999998,24.8552,23.321759999999998,25.5,23.9,89.6,89.6,54.8,2.1,0.0,9.4
2023-08-30,88.38,Excellent,summer,88.38,Excellent,summer,88.38,Excellent,73.85,78.89,5.0,5.0,4.65,4.5,0.09999999999999964,23.804,22.1856,24.5,22.8,88.0,88.0,3.5,1.1,0.0,9.8
2023-08-31,90.38,Ideal,summer,90.38,Ideal,summer,90.38,Ideal,77.7,80.58,4.0,5.0,5.0,4.5,3.5,27.15364,22.61564,28.9,23.9,76.9,76.9,0.0,1.3,7.0,6.0
2023-09-01,93.18,Ideal,autumn,92.06,Ideal,summer,92.06,Ideal,90.27,81.62,4.0,5.0,5.0,4.0,5.0,27.29504,22.7948,29.6,24.5,70.6,70.6,0.0,2.0,12.1,0.5
2023-09-02,94.22,Ideal,autumn,92.96,Ideal,summer,92.96,Ideal,91.8,82.79,4.0,5.0,5.0,4.5,5.0,27.796480000000003,23.17624,30.8,25.4,63.9,63.9,0.0,1.6,11.3,4.6
2023-09-03,82.99,Excellent,autumn,83.13,Excellent,summer,83.13,Excellent,89.38,82.87,4.0,4.5,4.99,4.0,0.95,27.130560000000003,24.39696,28.8,25.8,77.8,77.8,0.1,2.2,1.9,8.1
2023-09-04,79.31,Very Good,autumn,78.9,Very Good,summer,78.9,Very Good,85.0,82.88,3.5,4.5,4.97,4.0,0.35,28.57592,25.6332,30.2,27.0,79.9,79.9,0.3,1.8,0.7,9.1
2023-09-05,81.14,Excellent,autumn,79.54,Very Good,summer,79.54,Very Good,80.52,86.48,3.0,4.0,5.0,4.0,3.5,30.018399999999996,26.243,32.8,28.5,69.5,69.5,0.0,1.8,7.0,6.4
2023-09-06,88.63,Excellent,autumn,87.09,Excellent,summer,87.09,Excellent,81.84,86.29,3.5,4.5,5.0,4.0,5.0,29.01484,25.401159999999997,32.1,27.9,65.1,65.1,0.0,2.4,11.3,1.1
2023-09-07,93.18,Ideal,autumn,92.06,Ideal,summer,92.06,Ideal,86.23,86.53,4.0,5.0,5.0,4.0,5.0,27.69472,23.35296,31.6,26.3,54.8,54.8,0.0,2.5,12.1,0.0
2023-09-08,93.18,Ideal,autumn,92.06,Ideal,summer,92.06,Ideal,90.4,86.53,4.0,5.0,5.0,4.0,5.0,27.2446,22.87036,30.5,25.3,60.3,60.3,0.0,2.3,12.0,0.4
2023-09-09,90.81,Ideal,autumn,88.99,Excellent,summer,88.99,Excellent,91.04,85.97,3.5,5.0,5.0,4.0,5.0,28.342239999999997,23.67016,31.2,25.8,66.3,66.3,0.0,1.8,10.9,3.3
2023-09-10,90.01,Ideal,autumn,89.26,Excellent,summer,89.26,Excellent,90.1,86.84,4.0,5.0,5.0,4.5,2.85,27.099040000000002,23.69668,29.6,25.7,68.1,68.1,0.0,1.6,5.7,6.1
2023-09-11,88.38,Excellent,autumn,87.85,Excellent,summer,87.85,Excellent,88.7,88.12,4.0,5.0,5.0,4.0,2.55,27.21016,23.4726,29.8,25.5,67.3,67.3,0.0,1.9,5.1,6.5
2023-09-12,87.85,Excellent,autumn,87.37,Excellent,summer,87.37,Excellent,88.16,89.24,4.0,5.0,5.0,4.5,1.75,27.40816,23.80344,29.8,25.7,69.8,69.8,0.0,1.5,3.5,7.4
2023-09-13,75.13,Very Good,autumn,77.39,Very Good,summer,77.39,Very Good,84.2,87.85,5.0,4.5,3.41,4.0,0.04999999999999982,23.6948,21.349800000000002,24.6,22.1,84.5,84.5,15.9,1.8,0.0,9.9
2023-09-14,87.69,Excellent,autumn,88.24,Excellent,summer,88.24,Excellent,84.33,87.31,4.5,4.5,5.0,4.0,2.1,25.30112,21.92064,27.2,23.4,72.4,72.4,0.0,2.4,4.2,7.6
2023-09-15,83.56,Excellent,autumn,85.51,Excellent,summer,85.51,Excellent,83.71,86.37,5.0,4.5,4.79,3.5,0.05,23.28756,21.42916,24.3,22.3,82.3,82.3,2.1,2.6,0.1,9.8
2023-09-16,59.3,Acceptable,autumn,61.31,Good,summer,61.31,Good,78.35,82.42,4.5,5.0,1.13,4.0,0.05,25.789920000000002,23.22168,26.6,23.9,87.8,87.8,38.7,1.7,0.1,9.9
2023-09-17,85.6,Excellent,autumn,85.24,Excellent,summer,85.25,Excellent,77.35,81.84,4.0,5.0,4.7,4.5,1.65,26.9056,23.80624,28.0,24.7,84.8,84.8,3.0,1.4,3.3,8.0
2023-09-18,88.18,Excellent,autumn,87.67,Excellent,summer,87.71,Excellent,78.07,81.82,4.0,5.0,5.0,4.0,2.45,27.31996,23.47108,28.9,24.7,79.1,79.1,0.0,1.9,4.9,3.8
2023-09-19,88.06,Excellent,autumn,88.55,Excellent,summer,88.5,Excellent,87.15,81.99,4.5,5.0,5.0,4.5,0.65,25.89968,23.03404,27.2,24.1,81.1,81.1,0.0,1.6,1.3,8.6
2023-09-20,60.93,Good,autumn,63.9,Good,summer,63.48,Good,80.04,80.06,5.0,4.5,1.4200000000000004,3.5,0.2999999999999998,23.366239999999998,20.192960000000003,23.9,20.6,90.4,90.4,35.8,2.7,0.0,9.4
2023-09-21,86.11,Excellent,autumn,87.86,Excellent,summer,87.55,Excellent,80.1,80.01,5.0,4.0,5.0,4.0,1.2,22.01696,18.92436,23.6,20.1,70.9,70.9,0.0,2.3,2.4,7.1
2023-09-22,91.19,Ideal,autumn,91.33,Ideal,summer,91.3,Ideal,81.03,80.84,4.5,4.0,5.0,4.0,5.0,24.58912,19.1728,26.7,20.5,68.4,68.4,0.0,1.7,10.4,2.0
2023-09-23,93.37,Ideal,autumn,93.23,Ideal,summer,93.26,Ideal,90.81,85.4,4.5,4.5,5.0,4.0,5.0,25.05856,20.09608,27.6,21.8,63.9,63.9,0.0,2.5,10.9,4.6
2023-09-24,91.54,Ideal,autumn,92.64,Ideal,summer,92.33,Ideal,92.4,86.45,5.0,4.0,5.0,3.5,4.5,23.37472,19.74208,26.2,21.8,56.4,56.4,0.0,2.9,9.0,5.4
2023-09-25,85.91,Excellent,autumn,87.58,Excellent,summer,87.04,Excellent,91.15,86.44,5.0,4.5,4.81,4.0,0.65,23.8496,20.040960000000002,26.0,21.6,66.4,66.4,1.9,2.3,1.3,9.6
2023-09-26,62.32,Good,autumn,64.55,Good,summer,63.75,Good,81.59,83.01,4.5,4.0,2.2199999999999998,4.0,0.0,20.618560000000002,19.73368,20.8,19.9,95.8,95.8,27.8,2.4,0.0,10.0
2023-09-27,83.02,Excellent,autumn,84.91,Excellent,summer,84.17,Excellent,79.01,86.01,5.0,4.5,4.56,4.0,0.05,23.15748,21.0446,23.7,21.5,90.1,90.1,4.4,1.8,0.1,9.1
2023-09-28,91.8,Ideal,autumn,91.85,Ideal,summer,91.83,Ideal,80.44,86.58,4.5,4.5,5.0,4.0,4.2,25.79836,21.59764,27.3,22.7,78.3,78.3,0.0,2.0,8.4,5.0
2023-09-29,87.82,Excellent,autumn,88.36,Excellent,summer,88.11,Excellent,88.37,86.16,4.5,4.0,5.0,4.5,2.75,24.2974,19.390600000000003,26.9,21.1,61.5,61.5,0.0,1.4,5.5,7.1
2023-09-30,79.87,Very Good,autumn,79.87,Very Good,autumn,80.52,Excellent,86.69,84.25,4.5,4.0,4.55,4.0,0.8,21.0776,18.8076,22.2,19.7,77.0,77.0,4.5,2.2,1.6,6.1
2023-10-01,89.01,Excellent,autumn,89.01,Excellent,autumn,89.2,Excellent,85.75,83.73,4.5,3.5,5.0,4.0,5.0,21.4806,17.039199999999997,23.7,18.4,59.5,59.5,0.0,2.4,10.4,0.1
2023-10-02,89.01,Excellent,autumn,89.01,Excellent,autumn,89.19,Excellent,85.96,83.94,4.5,3.5,5.0,4.0,5.0,21.90192,16.684639999999998,24.6,18.2,53.8,53.8,0.0,1.7,10.3,2.0
2023-10-03,82.15,Excellent,autumn,82.15,Excellent,autumn,82.65,Excellent,86.72,86.45,4.5,3.5,5.0,4.0,1.5,20.814999999999998,16.489,22.5,17.5,66.3,66.3,0.0,1.7,3.0,4.9
2023-10-04,74.32,Very Good,autumn,74.32,Very Good,autumn,74.84,Very Good,81.83,84.94,4.5,3.5,3.5300000000000002,4.0,2.65,21.906399999999998,16.584600000000002,23.2,17.3,75.5,75.5,14.7,2.1,5.3,5.8
2023-10-05,83.23,Excellent,autumn,83.23,Excellent,autumn,82.96,Excellent,79.9,83.71,3.5,3.5,5.0,3.5,5.0,17.21648,13.29448,19.2,14.2,46.1,46.1,0.0,2.6,10.6,2.3
2023-10-06,86.5,Excellent,autumn,86.5,Excellent,autumn,86.43,Excellent,81.35,83.44,4.0,3.5,5.0,4.5,4.4,19.4438,14.5166,21.5,15.5,55.3,55.3,0.0,1.6,8.8,5.6
2023-10-07,81.94,Excellent,autumn,81.94,Excellent,autumn,82.01,Excellent,83.89,83.74,4.0,3.5,5.0,4.0,2.6,19.52448,15.782720000000001,21.2,16.8,62.6,62.6,0.0,2.1,5.2,7.8
2023-10-08,78.41,Very Good,autumn,78.41,Very Good,autumn,78.56,Very Good,82.28,82.22,4.0,3.5,5.0,4.0,0.7999999999999998,18.2498,16.16564,19.5,17.1,67.1,67.1,0.0,2.5,0.0,8.4
2023-10-09,82.5,Excellent,autumn,82.5,Excellent,autumn,82.71,Excellent,80.95,81.29,4.5,3.5,4.88,4.0,2.1,20.81776,16.455759999999998,22.4,17.4,68.1,68.1,1.2,1.9,4.2,6.0
2023-10-10,90.05,Ideal,autumn,90.05,Ideal,autumn,90.09,Ideal,83.65,82.42,4.5,3.5,5.0,4.5,5.0,21.723399999999998,16.16564,23.5,17.1,67.1,67.1,0.0,1.6,10.6,0.0
2023-10-11,89.01,Excellent,autumn,89.01,Excellent,autumn,89.06,Excellent,87.19,84.52,4.5,3.5,5.0,4.0,5.0,21.62,16.308,24.0,17.6,57.5,57.5,0.0,1.7,10.0,0.5
2023-10-12,87.4,Excellent,autumn,87.4,Excellent,autumn,87.45,Excellent,88.82,85.12,4.5,3.5,5.0,4.5,3.65,21.97936,16.372,24.1,17.5,62.4,62.4,0.0,1.5,7.3,4.1
2023-10-13,82.7,Excellent,autumn,82.7,Excellent,autumn,82.74,Excellent,86.37,84.57,4.5,3.5,5.0,4.5,1.25,20.1016,16.588,21.5,17.5,69.6,69.6,0.0,1.5,2.5,7.6
2023-10-14,73.98,Very Good,autumn,73.98,Very Good,autumn,73.98,Very Good,81.36,83.44,3.5,3.5,4.42,4.5,1.25,17.70472,14.41612,18.2,14.7,84.9,84.9,5.8,1.4,2.5,5.5
2023-10-15,85.19,Excellent,autumn,85.19,Excellent,autumn,85.19,Excellent,80.62,84.4,4.5,3.5,5.0,4.0,3.05,20.304,15.612000000000002,21.2,16.1,80.0,80.0,0.0,2.0,6.1,2.0
2023-10-16,84.27,Excellent,autumn,84.27,Excellent,autumn,84.27,Excellent,81.15,84.66,3.5,3.5,5.0,4.0,5.0,17.948800000000002,13.891599999999999,19.6,14.7,57.0,57.0,0.0,2.4,10.4,0.0
2023-10-17,87.68,Excellent,autumn,87.68,Excellent,autumn,87.68,Excellent,85.71,84.32,4.0,3.5,5.0,4.5,5.0,18.96416,13.12512,20.9,13.8,55.6,55.6,0.0,1.6,10.4,0.0
2023-10-18,87.34,Excellent,autumn,87.34,Excellent,autumn,87.34,Excellent,86.43,84.08,4.5,3.5,5.0,4.0,4.15,20.068800000000003,14.9476,21.6,15.7,67.0,67.0,0.0,2.1,8.3,4.0
2023-10-19,72.74,Very Good,autumn,72.74,Very Good,autumn,72.74,Very Good,82.59,81.99,4.0,3.5,4.18,4.5,0.25,18.276999999999997,16.51,18.9,17.0,82.5,82.5,8.2,1.5,0.0,9.5
2023-10-20,81.05,Excellent,autumn,81.05,Excellent,autumn,81.05,Excellent,80.38,81.75,3.5,3.0,5.0,3.5,5.0,14.01676,11.260159999999999,15.1,11.6,46.9,46.9,0.0,3.2,10.1,1.3
2023-10-21,79.96,Very Good,autumn,79.96,Very Good,autumn,79.96,Very Good,77.92,82.6,3.5,3.0,4.89,4.0,4.3,15.406720000000002,10.32768,16.6,10.4,54.8,54.8,1.1,2.3,8.6,1.1
2023-10-22,80.72,Excellent,autumn,80.72,Excellent,autumn,80.72,Excellent,80.58,81.97,3.5,3.0,5.0,4.0,4.3,17.56204,12.173,18.7,12.5,67.3,67.3,0.0,1.7,8.6,4.3
2023-10-23,85.58,Excellent,autumn,85.58,Excellent,autumn,85.58,Excellent,82.09,82.15,4.5,3.5,5.0,4.0,3.25,20.20528,14.65504,21.4,15.2,73.8,73.8,0.0,1.7,6.5,3.8
2023-10-24,80.47,Excellent,autumn,80.47,Excellent,autumn,80.47,Excellent,82.26,81.12,4.0,3.5,5.0,4.0,1.85,18.5002,15.1184,19.3,15.6,78.5,78.5,0.0,1.7,3.7,5.0
2023-10-25,86.13,Excellent,autumn,86.13,Excellent,autumn,86.13,Excellent,84.06,80.95,4.5,3.5,5.0,4.5,3.0,20.881359999999997,16.035040000000002,21.9,16.6,78.6,78.6,0.0,1.4,6.0,4.0
2023-10-26,79.99,Very Good,autumn,79.99,Very Good,autumn,79.99,Very Good,82.2,81.99,4.5,3.5,5.0,4.0,0.4,20.185360000000003,16.60672,21.1,17.2,79.4,79.4,0.0,2.1,0.8,8.9
2023-10-27,81.35,Excellent,autumn,81.35,Excellent,autumn,81.35,Excellent,82.49,82.03,4.0,3.5,5.0,4.0,2.3,19.02088,15.04108,20.2,15.7,71.1,71.1,0.0,1.9,4.6,3.8
2023-10-28,87.39,Excellent,autumn,87.39,Excellent,autumn,87.39,Excellent,82.91,83.09,4.0,3.5,5.0,4.5,4.85,19.112119999999997,13.57672,20.7,14.2,62.9,62.9,0.0,1.4,9.7,0.0
2023-10-29,86.35,Excellent,autumn,86.35,Excellent,autumn,86.35,Excellent,85.03,83.89,4.0,3.5,5.0,4.0,4.85,19.98752,14.14736,21.8,14.9,61.6,61.6,0.0,1.7,9.7,0.0
2023-10-30,88.32,Excellent,autumn,88.32,Excellent,autumn,88.32,Excellent,87.35,84.29,4.5,3.5,5.0,4.0,4.65,20.5672,14.5288,21.9,15.1,72.0,72.0,0.0,1.7,9.3,1.1
2023-10-31,81.94,Excellent,autumn,81.94,Excellent,autumn,81.94,Excellent,85.54,84.5,4.0,3.5,5.0,4.0,2.6,19.7632,15.876,20.8,16.5,76.0,76.0,0.0,1.8,5.2,5.8
2023-11-01,80.0,Excellent,autumn,80.0,Excellent,autumn,80.0,Excellent,83.42,83.62,4.0,4.0,5.0,4.0,0.5,19.82832,18.3448,20.6,19.0,81.8,81.8,0.0,2.4,0.0,9.0
2023-11-02,88.19,Excellent,autumn,88.19,Excellent,autumn,88.19,Excellent,83.38,84.79,4.5,4.0,5.0,3.5,4.0,24.049239999999998,19.54288,25.9,20.8,70.9,70.9,0.0,2.9,8.0,4.6
2023-11-03,75.7,Very Good,autumn,75.7,Very Good,autumn,75.7,Very Good,81.3,83.98,4.5,4.0,4.15,3.5,0.6,21.571679999999997,18.8654,22.4,19.5,83.3,83.3,8.5,2.8,1.2,7.9
2023-11-04,78.54,Very Good,autumn,78.54,Very Good,autumn,78.54,Very Good,80.81,82.72,4.0,3.5,5.0,3.5,1.4,19.831799999999998,16.674799999999998,20.9,17.4,75.5,75.5,0.0,2.6,2.8,5.6
2023-11-05,69.55,Good,autumn,69.55,Good,autumn,69.55,Good,74.6,80.32,4.0,3.5,3.96,3.5,0.4500000000000002,19.859199999999998,16.9204,20.4,17.3,87.0,87.0,10.4,3.3,0.0,9.1
2023-11-06,44.13,Marginal,autumn,44.13,Marginal,autumn,44.13,Marginal,64.07,74.01,4.0,3.5,0.41999999999999993,3.0,0.4,18.73828,13.10068,19.3,13.3,84.9,84.9,45.8,4.9,0.8,9.4
2023-11-07,74.93,Very Good,autumn,74.93,Very Good,autumn,74.93,Very Good,62.87,73.01,3.0,2.5,5.0,3.5,4.2,9.915000000000001,6.43,9.9,5.8,62.5,62.5,0.0,3.2,8.4,1.6
2023-11-08,81.5,Excellent,autumn,81.5,Excellent,autumn,81.5,Excellent,66.85,73.22,3.5,3.0,5.0,4.0,4.7,15.00444,8.68736,16.1,8.4,55.1,55.1,0.0,1.7,9.4,2.6
2023-11-09,70.85,Very Good,autumn,70.85,Very Good,autumn,70.85,Very Good,75.76,70.74,3.5,3.0,4.49,4.0,1.05,17.49616,11.249360000000001,18.4,11.4,73.1,73.1,5.1,2.1,2.1,5.6
2023-11-10,74.48,Very Good,autumn,74.48,Very Good,autumn,74.48,Very Good,75.61,70.57,3.0,2.5,5.0,3.0,4.5,9.268839999999999,4.63816,9.1,3.4,53.1,53.1,0.0,3.9,9.0,1.1
2023-11-11,70.05,Very Good,autumn,70.05,Very Good,autumn,70.05,Very Good,71.79,69.36,2.5,2.0,5.0,4.0,3.5,7.38772,3.42972,6.7,1.7,47.9,47.9,0.0,2.2,7.0,1.9
2023-11-12,72.5,Very Good,autumn,72.5,Very Good,autumn,72.5,Very Good,72.34,69.78,2.5,2.0,5.0,4.0,4.75,6.49464,2.8262400000000003,5.7,1.2,53.8,53.8,0.0,2.2,9.5,0.0
2023-11-13,72.5,Very Good,autumn,72.5,Very Good,autumn,72.5,Very Good,71.68,73.83,2.5,2.0,5.0,4.0,4.75,7.3072,3.472,6.7,2.0,54.0,54.0,0.0,2.3,9.5,0.0
2023-11-14,76.85,Very Good,autumn,76.85,Very Good,autumn,76.85,Very Good,73.95,74.1,3.0,2.5,5.0,4.0,4.65,10.69152,5.678,10.8,5.0,66.1,66.1,0.0,1.7,9.3,2.3
2023-11-15,75.54,Very Good,autumn,75.54,Very Good,autumn,75.54,Very Good,74.96,73.25,3.0,2.5,5.0,4.5,3.45,12.214,7.3431999999999995,12.5,7.0,71.4,71.4,0.0,1.5,6.9,4.0
2023-11-16,60.59,Good,autumn,60.59,Good,autumn,60.59,Good,70.99,71.79,2.5,2.5,4.16,4.0,0.5,7.556,6.803999999999999,7.4,6.6,85.0,85.0,8.4,1.9,0.0,9.0
2023-11-17,67.05,Good,autumn,67.05,Good,autumn,67.05,Good,67.73,70.73,2.5,2.0,5.0,3.5,2.5,6.567480000000001,2.9675200000000004,5.9,1.6,59.3,59.3,0.0,2.9,5.0,4.3
2023-11-18,70.22,Very Good,autumn,70.22,Very Good,autumn,70.22,Very Good,65.95,70.75,2.5,2.0,5.0,3.0,4.65,6.40692,2.14536,5.7,0.6,58.9,58.9,0.0,3.5,9.3,0.0
2023-11-19,73.03,Very Good,autumn,73.03,Very Good,autumn,73.03,Very Good,70.1,70.83,3.0,2.5,5.0,4.0,2.7,12.96888,6.419880000000001,13.4,5.9,68.3,68.3,0.0,2.4,5.4,2.6
2023-11-20,77.89,Very Good,autumn,77.89,Very Good,autumn,77.89,Very Good,73.71,71.6,3.0,2.5,5.0,4.5,4.65,12.33408,6.83232,12.8,6.2,58.4,58.4,0.0,1.5,9.3,0.0
2023-11-21,79.22,Very Good,autumn,79.22,Very Good,autumn,79.22,Very Good,76.71,71.93,3.5,2.5,5.0,4.0,4.65,14.024320000000001,7.8201600000000004,14.8,7.4,59.6,59.6,0.0,1.7,9.3,0.0
2023-11-22,78.66,Very Good,autumn,78.66,Very Good,autumn,78.66,Very Good,78.59,72.38,3.5,3.0,5.0,4.0,3.25,14.44924,9.5638,15.1,9.5,68.1,68.1,0.0,1.8,6.5,4.0
2023-11-23,76.08,Very Good,autumn,76.08,Very Good,autumn,76.08,Very Good,77.99,74.59,3.5,3.0,4.99,3.5,2.5,14.06824,9.91156,14.6,9.9,71.1,71.1,0.1,3.3,5.0,4.4
2023-11-24,67.17,Good,autumn,67.17,Good,autumn,67.17,Good,73.97,74.61,2.0,2.0,5.0,3.0,4.3,3.7038400000000005,0.7172000000000001,2.2,-1.5,51.8,51.8,0.0,3.8,8.6,0.3
2023-11-25,72.11,Very Good,autumn,72.11,Very Good,autumn,72.11,Very Good,71.79,74.88,2.5,2.0,5.0,4.0,4.55,5.372800000000001,1.2854400000000006,4.0,-1.3,42.8,42.8,0.0,1.8,9.1,1.8
2023-11-26,67.78,Good,autumn,67.78,Good,autumn,67.78,Good,69.02,74.13,2.5,2.5,5.0,4.5,0.7,7.83168,5.3536,7.2,4.0,43.6,43.6,0.0,1.4,1.4,8.9
2023-11-27,66.15,Good,autumn,66.15,Good,autumn,66.15,Good,68.68,72.45,3.0,2.5,4.64,4.0,0.45,9.34788,6.45992,9.3,6.2,82.9,82.9,3.6,2.4,0.9,6.8
2023-11-28,68.32,Good,autumn,68.32,Good,autumn,68.32,Good,67.42,70.9,2.5,2.0,5.0,3.5,3.15,6.016,2.779,5.2,1.3,57.5,57.5,0.0,3.2,6.3,2.3
2023-11-29,65.84,Good,autumn,65.84,Good,autumn,65.84,Good,66.77,69.06,2.5,2.0,5.0,4.0,1.35,4.1508,0.47416000000000036,3.0,-1.4,58.9,58.9,0.0,2.5,2.7,4.4
2023-11-30,66.62,Good,autumn,66.62,Good,autumn,66.54,Good,66.93,67.71,2.0,1.5,5.0,3.5,4.6,1.6630000000000003,-1.3541999999999996,-0.5,-4.3,48.5,48.5,0.0,2.8,9.2,0.0
2023-12-01,66.08,Good,winter,67.66,Good,autumn,67.54,Good,66.71,67.78,2.0,1.5,5.0,4.0,4.6,2.3628400000000003,-0.8398399999999997,0.7,-3.2,55.3,55.3,0.0,2.0,9.2,0.1
2023-12-02,68.8,Good,winter,69.48,Good,autumn,69.41,Good,67.92,67.41,3.0,2.0,5.0,4.0,2.0,8.3136,3.2544000000000004,8.0,2.0,60.8,60.8,0.0,2.4,4.0,4.0
2023-12-03,70.66,Very Good,winter,72.11,Very Good,autumn,71.9,Very Good,69.75,68.03,2.5,2.0,5.0,4.0,4.55,6.6992,2.40816,6.0,0.8,56.3,56.3,0.0,1.7,9.1,0.0
2023-12-04,73.66,Very Good,winter,74.64,Very Good,autumn,74.46,Very Good,72.08,69.24,3.0,2.0,5.0,4.5,4.1,9.4972,3.8826,9.4,2.7,59.5,59.5,0.0,1.6,8.2,2.5
2023-12-05,73.46,Very Good,winter,74.4,Very Good,autumn,74.2,Very Good,73.72,70.11,3.0,2.5,5.0,4.0,3.4,12.13616,7.37088,12.6,6.8,55.4,55.4,0.0,2.0,6.8,3.8
2023-12-06,68.61,Good,winter,68.76,Good,autumn,68.72,Good,72.6,70.52,3.0,2.5,4.62,4.0,1.85,8.82428,6.47284,8.7,6.1,76.1,76.1,3.8,2.3,0.0,6.3
2023-12-07,71.92,Very Good,winter,73.27,Very Good,autumn,72.88,Very Good,72.14,71.47,3.0,2.5,5.0,3.5,3.35,11.1984,7.0896,11.4,6.6,64.0,64.0,0.0,2.6,6.7,1.9
2023-12-08,75.44,Very Good,winter,76.44,Very Good,autumn,76.12,Very Good,72.82,72.73,3.5,3.0,5.0,3.5,2.65,16.07648,11.07232,16.8,11.2,73.4,73.4,0.0,3.0,5.3,1.4
2023-12-09,75.65,Very Good,winter,75.25,Very Good,autumn,75.39,Very Good,74.99,73.55,3.5,3.5,5.0,4.0,0.4,15.77592,13.446919999999999,16.2,13.7,82.9,82.9,0.0,2.0,0.8,8.3
2023-12-10,75.69,Very Good,winter,76.26,Very Good,autumn,76.03,Very Good,75.98,74.15,3.5,3.0,5.0,3.8333333333333335,2.2,14.793800000000001,11.22024,15.5,11.4,67.9,67.9,0.0,,,5.6
2023-12-11,62.37,Good,winter,61.41,Good,autumn,61.82,Good,70.97,72.26,3.0,3.0,3.86,3.6666666666666665,0.0,12.14268,8.97524,12.3,8.9,82.9,82.9,11.4,,0.0,10.0
2023-12-12,69.08,Good,winter,69.86,Good,autumn,69.5,Good,69.18,71.61,3.0,2.5,4.96,3.5,1.75,9.36832,5.848960000000001,9.3,5.4,75.6,75.6,0.4,2.7,3.5,4.9
2023-12-13,69.81,Good,winter,69.81,Good,winter,69.9,Good,67.03,71.76,3.0,2.5,5.0,4.0,1.15,10.268920000000001,7.13152,10.3,6.8,74.1,74.1,0.0,2.4,2.3,6.3
2023-12-14,54.59,Acceptable,winter,54.59,Acceptable,winter,54.32,Acceptable,64.75,69.09,3.0,2.5,3.3,3.0,0.0,9.151119999999999,7.73632,9.1,7.6,85.8,85.8,17.0,4.5,0.0,10.0
2023-12-15,43.66,Marginal,winter,43.66,Marginal,winter,42.93,Marginal,56.02,64.41,2.5,2.5,1.8899999999999997,3.0,0.0,6.26992,4.9938400000000005,6.2,4.9,95.4,95.4,31.1,3.6,0.0,10.0
2023-12-16,60.78,Good,winter,60.78,Good,winter,61.42,Good,53.01,62.34,2.5,1.5,4.85,3.0,2.3,4.57128,-2.34596,3.8,-4.1,68.9,68.9,1.5,5.2,4.6,5.6
2023-12-17,59.8,Acceptable,winter,59.8,Acceptable,winter,60.54,Good,54.75,59.99,1.5,1.0,5.0,3.5,4.5,-3.0478400000000003,-5.75288,-6.4,-9.8,48.9,48.9,0.0,3.2,9.0,0.0
2023-12-18,59.68,Acceptable,winter,59.68,Acceptable,winter,59.88,Acceptable,60.09,59.74,1.5,1.5,5.0,4.0,2.05,-0.6134400000000002,-3.8130800000000007,-3.6,-7.7,45.1,45.1,0.0,2.2,4.1,6.9
2023-12-19,59.09,Acceptable,winter,59.09,Acceptable,winter,59.13,Acceptable,59.52,58.2,2.0,1.5,4.97,4.0,0.4,1.6464800000000002,-1.67788,0.2,-3.7,63.1,63.1,0.3,1.9,0.8,6.9
2023-12-20,56.88,Acceptable,winter,56.88,Acceptable,winter,57.25,Acceptable,58.55,56.35,1.5,1.0,4.92,3.5,3.0,-0.36243999999999965,-4.9013599999999995,-2.1,-7.4,64.1,64.1,0.8,3.4,6.0,2.6
2023-12-21,52.75,Acceptable,winter,52.75,Acceptable,winter,53.26,Acceptable,56.24,56.09,1.0,0.0,5.0,3.5,4.5,-4.932799999999999,-8.00232,-8.0,-11.7,57.4,57.4,0.0,3.0,9.0,0.0
2023-12-22,57.61,Acceptable,winter,57.61,Acceptable,winter,57.97,Acceptable,55.75,58.08,1.0,1.0,5.0,3.5,4.55,-4.5296,-7.4355199999999995,-8.0,-11.6,51.8,51.8,0.0,2.7,9.1,0.0
2023-12-23,65.84,Good,winter,65.84,Good,winter,66.06,Good,58.73,58.81,2.0,1.5,5.0,4.0,4.45,1.1317600000000003,-3.6684799999999997,-0.9,-6.8,53.4,53.4,0.0,1.8,8.9,1.4
2023-12-24,65.0,Good,winter,65.0,Good,winter,65.08,Good,62.82,59.55,2.0,1.5,4.89,4.5,3.45,3.7447999999999997,-0.9019200000000007,3.0,-2.2,73.4,73.4,1.1,1.6,6.9,5.0
2023-12-25,63.43,Good,winter,63.43,Good,winter,63.4,Good,64.76,60.09,2.0,2.0,4.93,4.5,0.85,2.7067200000000002,0.12176000000000031,2.1,-0.7,80.8,80.8,0.7,1.5,1.7,6.5
2023-12-26,69.36,Good,winter,69.36,Good,winter,69.41,Good,65.93,61.55,2.5,2.0,5.0,4.0,3.75,7.50352,2.77804,7.2,1.9,72.9,72.9,0.0,1.8,7.5,2.9
2023-12-27,71.39,Very Good,winter,71.39,Very Good,winter,71.39,Very Good,68.06,63.63,2.5,2.0,5.0,4.5,4.1,7.09952,2.2956000000000003,6.8,1.5,76.6,76.6,0.0,1.4,8.2,0.5
2023-12-28,71.31,Very Good,winter,71.31,Very Good,winter,71.31,Very Good,70.69,66.28,2.5,2.0,5.0,4.5,4.05,5.083200000000001,2.2736,4.4,1.2,69.5,69.5,0.0,1.6,8.1,3.1
2023-12-29,64.75,Good,winter,64.75,Good,winter,64.75,Good,69.15,67.3,2.5,2.0,5.0,4.0,0.9,5.2264,2.3092,4.6,1.3,71.0,71.0,0.0,1.7,1.8,4.8
2023-12-30,51.92,Acceptable,winter,51.92,Acceptable,winter,51.92,Acceptable,62.66,65.31,2.0,2.0,3.69,3.5,0.25,2.3528,0.9007999999999998,2.1,0.6,92.0,92.0,13.1,2.6,0.0,9.5
2023-12-31,60.89,Good,winter,60.89,Good,winter,60.89,Good,59.19,64.72,2.5,2.0,4.53,4.0,0.3,4.4026,2.2422000000000004,4.3,2.1,95.5,95.5,4.7,2.0,0.6,5.8
2024-01-01,66.77,Good,winter,66.77,Good,winter,66.77,Good,59.86,65.2,2.5,2.0,5.0,4.0,2.15,7.47928,3.7448799999999998,7.3,3.3,83.4,83.4,0.0,1.7,4.3,6.4
2024-01-02,64.99,Good,winter,64.99,Good,winter,64.99,Good,64.22,64.57,2.5,2.0,5.0,4.5,0.15,4.92472,3.67816,4.3,2.9,72.6,72.6,0.0,1.6,0.3,8.9
2024-01-03,65.35,Good,winter,65.35,Good,winter,65.35,Good,65.7,63.71,2.5,2.0,4.94,4.5,0.6,4.4704,2.4428799999999997,4.0,1.8,80.4,80.4,0.6,1.6,1.2,6.0
2024-01-04,63.7,Good,winter,63.7,Good,winter,63.7,Good,64.68,62.62,2.5,2.0,5.0,4.0,0.25,5.24484,2.28408,4.7,1.4,74.3,74.3,0.0,1.9,0.5,6.1
2024-01-05,72.57,Very Good,winter,72.57,Very Good,winter,72.57,Very Good,67.21,63.74,3.0,2.5,5.0,4.0,2.85,9.18244,5.458,9.1,5.0,77.1,77.1,0.0,2.3,5.7,4.1
2024-01-06,68.86,Good,winter,68.86,Good,winter,68.86,Good,68.38,66.16,2.5,2.0,4.76,4.0,4.35,5.89312,2.04292,5.2,0.7,63.9,63.9,2.4,2.2,8.7,2.3
2024-01-07,64.54,Good,winter,64.54,Good,winter,64.54,Good,68.66,66.68,2.0,1.5,5.0,3.5,4.55,0.9573600000000003,-1.94624,-0.9,-4.4,57.4,57.4,0.0,3.1,9.1,0.1
2024-01-08,65.35,Good,winter,65.35,Good,winter,65.35,Good,66.25,66.48,2.0,1.5,5.0,4.0,4.15,1.6880000000000002,-2.21864,0.0,-4.7,57.8,57.8,0.0,1.8,8.3,3.8
2024-01-09,61.25,Good,winter,61.25,Good,winter,61.25,Good,63.71,65.95,2.0,2.0,4.84,4.0,0.75,1.0144000000000002,0.07840000000000014,0.4,-0.6,84.0,84.0,1.6,2.0,0.0,8.5
2024-01-10,62.68,Good,winter,62.68,Good,winter,62.68,Good,63.09,65.56,2.0,1.5,5.0,4.0,2.5,3.6778799999999996,-0.3796000000000004,3.3,-1.0,85.9,85.9,0.0,1.7,5.0,3.1
2024-01-11,63.61,Good,winter,63.61,Good,winter,63.61,Good,62.51,65.55,2.5,2.0,5.0,4.0,0.2,4.9268,2.34408,4.5,1.7,80.6,80.6,0.0,1.9,0.4,7.0
2024-01-12,70.5,Very Good,winter,70.5,Very Good,winter,70.5,Very Good,65.6,65.26,2.5,2.0,5.0,4.0,4.45,5.09088,2.2977600000000002,4.2,0.9,61.6,61.6,0.0,2.3,8.9,0.0
2024-01-13,72.12,Very Good,winter,72.12,Very Good,winter,72.12,Very Good,68.74,65.72,2.5,2.0,5.0,4.5,4.55,7.2020800000000005,2.5388800000000002,6.4,0.4,44.3,44.3,0.0,1.4,9.1,0.3
2024-01-14,59.68,Acceptable,winter,59.68,Acceptable,winter,59.68,Acceptable,67.43,65.03,2.0,2.0,4.69,4.0,0.35,3.1752,0.4812000000000002,2.4,-0.6,74.5,74.5,3.1,2.1,0.7,5.8
2024-01-15,66.08,Good,winter,66.08,Good,winter,66.08,Good,65.96,65.13,2.0,1.5,5.0,4.0,4.6,2.67268,-1.03124,0.9,-3.7,51.3,51.3,0.0,2.5,9.2,0.0
2024-01-16,71.47,Very Good,winter,71.47,Very Good,winter,71.47,Very Good,65.74,66.59,2.5,2.0,5.0,4.5,4.15,5.44456,0.32967999999999975,4.3,-2.1,49.8,49.8,0.0,1.5,8.3,2.3
2024-01-17,55.55,Acceptable,winter,55.55,Acceptable,winter,55.55,Acceptable,64.37,65.57,2.0,2.0,4.03,4.0,0.2999999999999998,2.5966,1.4083999999999999,1.9,0.6,78.5,78.5,9.7,2.0,0.0,9.4
2024-01-18,72.75,Very Good,winter,72.75,Very Good,winter,72.75,Very Good,66.59,66.88,3.0,2.5,4.95,4.0,3.15,9.4444,4.907,9.4,4.5,81.5,81.5,0.5,2.4,6.3,4.5
2024-01-19,70.78,Very Good,winter,70.78,Very Good,winter,70.78,Very Good,66.36,66.92,3.0,2.5,5.0,3.0,3.55,9.1384,6.03664,9.0,5.4,65.4,65.4,0.0,4.5,7.1,7.0
2024-01-20,63.41,Good,winter,63.41,Good,winter,63.41,Good,68.98,65.67,2.5,2.5,4.96,3.0,0.5499999999999998,5.522200000000001,4.2052,4.9,3.4,69.5,69.5,0.4,5.3,0.0,8.9
2024-01-21,63.77,Good,winter,63.77,Good,winter,63.77,Good,65.99,66.26,2.5,2.0,4.96,4.0,0.4500000000000002,4.85176,2.50344,4.3,1.7,75.8,75.8,0.4,2.5,0.0,9.1
2024-01-22,53.84,Acceptable,winter,53.84,Acceptable,winter,53.84,Acceptable,60.34,64.51,1.5,1.0,4.98,3.0,1.8,-0.6937599999999993,-6.126879999999998,-2.4,-8.7,65.6,65.6,0.2,4.1,3.6,5.0
2024-01-23,56.15,Acceptable,winter,56.15,Acceptable,winter,56.15,Acceptable,57.92,62.32,1.0,1.0,5.0,3.0,4.55,-4.82208,-7.672479999999999,-8.2,-11.7,53.6,53.6,0.0,3.9,9.1,0.5
2024-01-24,60.04,Good,winter,60.04,Good,winter,60.04,Good,56.68,62.96,1.5,1.0,5.0,3.5,4.65,-1.0695999999999999,-4.5440000000000005,-3.7,-8.0,52.0,52.0,0.0,3.3,9.3,0.0
2024-01-25,66.24,Good,winter,66.24,Good,winter,66.24,Good,60.81,62.03,2.0,1.5,5.0,4.0,4.7,1.6924000000000001,-2.1053599999999992,-0.5,-5.3,47.8,47.8,0.0,2.1,9.4,0.0
2024-01-26,70.9,Very Good,winter,70.9,Very Good,winter,70.9,Very Good,65.73,62.05,2.5,2.0,5.0,4.0,4.7,4.9,0.05499999999999994,4.0,-1.7,62.5,62.5,0.0,1.9,9.4,0.8
2024-01-27,69.77,Good,winter,69.77,Good,winter,69.77,Good,68.97,62.96,2.5,2.0,5.0,4.0,4.0,5.247999999999999,0.7600000000000002,4.6,-0.5,70.0,70.0,0.0,1.8,8.0,2.9
2024-01-28,69.77,Good,winter,69.77,Good,winter,69.77,Good,70.15,63.82,2.5,2.0,5.0,4.0,4.0,4.73496,0.23420000000000019,3.8,-1.5,62.3,62.3,0.0,1.9,8.0,2.0
2024-01-29,70.74,Very Good,winter,70.74,Very Good,winter,70.74,Very Good,70.09,66.23,2.5,2.0,5.0,4.0,4.6,5.32144,0.9894400000000004,4.6,-0.4,66.6,66.6,0.0,1.7,9.2,2.0
2024-01-30,74.63,Very Good,winter,74.63,Very Good,winter,74.63,Very Good,71.71,68.87,3.0,2.0,5.0,4.5,4.7,8.40932,2.80008,8.1,1.4,59.3,59.3,0.0,1.4,9.4,2.3
2024-01-31,75.16,Very Good,winter,75.16,Very Good,winter,75.16,Very Good,73.51,71.03,3.0,2.5,5.0,4.0,4.45,10.48984,5.673080000000001,10.6,4.7,54.1,54.1,0.0,1.9,8.9,2.6
2024-02-01,71.07,Very Good,winter,71.07,Very Good,winter,71.07,Very Good,73.62,71.72,3.0,2.0,5.0,4.0,3.4,8.45272,3.46704,8.2,2.4,64.9,64.9,0.0,2.1,6.8,6.4
2024-02-02,71.51,Very Good,winter,71.51,Very Good,winter,71.51,Very Good,72.58,71.81,3.0,2.5,5.0,4.0,2.2,8.1898,4.0522,7.9,3.1,65.5,65.5,0.0,2.1,4.4,5.4
2024-02-03,68.76,Good,winter,68.76,Good,winter,68.76,Good,70.45,71.66,3.0,2.5,5.0,4.0,0.5,8.545480000000001,5.46532,8.3,4.7,63.9,63.9,0.0,2.2,1.0,8.4
2024-02-04,71.68,Very Good,winter,71.68,Very Good,winter,71.68,Very Good,70.65,71.94,3.0,2.5,5.0,4.0,2.3,11.85592,7.72228,12.2,7.3,60.9,60.9,0.0,1.8,4.6,8.6
2024-02-05,57.98,Acceptable,winter,57.98,Acceptable,winter,57.98,Acceptable,66.14,70.11,2.5,2.0,4.61,3.0,0.0,6.847519999999999,3.23144,6.6,2.7,81.8,81.8,3.9,5.0,0.0,10.0
2024-02-06,61.87,Good,winter,61.87,Good,winter,61.87,Good,63.84,68.29,2.0,2.0,4.98,4.0,0.5999999999999996,3.3686,1.7808000000000002,2.9,1.2,83.5,83.5,0.2,2.2,0.0,8.8
2024-02-07,63.77,Good,winter,63.77,Good,winter,63.77,Good,61.21,66.66,2.0,2.0,5.0,4.0,1.7000000000000002,3.3832800000000005,1.4798400000000003,2.7,0.6,76.6,76.6,0.0,2.1,0.0,6.6
2024-02-08,72.2,Very Good,winter,72.2,Very Good,winter,72.2,Very Good,65.95,66.82,2.5,2.0,5.0,4.5,4.6,6.70312,1.84456,6.2,0.6,66.9,66.9,0.0,1.6,9.2,2.0
2024-02-09,68.88,Good,winter,68.88,Good,winter,68.88,Good,68.28,66.45,2.5,2.0,5.0,4.0,3.45,6.61792,2.2819200000000004,6.1,1.1,66.8,66.8,0.0,2.2,6.9,3.3
2024-02-10,67.83,Good,winter,67.83,Good,winter,67.83,Good,69.64,66.32,2.5,2.0,5.0,4.0,2.8,7.71824,2.7159199999999997,7.4,1.7,69.4,69.4,0.0,1.9,5.6,2.3
2024-02-11,67.83,Good,winter,67.83,Good,winter,67.83,Good,68.18,65.77,2.5,2.0,5.0,4.0,2.8,6.0292,2.0584000000000002,5.5,1.0,70.6,70.6,0.0,2.2,5.6,2.0
2024-02-12,75.81,Very Good,winter,75.81,Very Good,winter,75.81,Very Good,70.49,68.31,3.0,2.5,5.0,4.0,4.85,10.4256,4.4672,10.5,3.5,62.8,62.8,0.0,1.8,9.7,0.3
2024-02-13,77.06,Very Good,winter,77.06,Very Good,winter,77.06,Very Good,73.57,70.48,3.5,3.0,5.0,4.0,2.75,13.26488,8.411679999999999,13.7,8.2,70.6,70.6,0.0,2.5,5.5,2.5
2024-02-14,75.85,Very Good,winter,75.85,Very Good,winter,75.85,Very Good,76.24,72.21,3.5,3.0,5.0,4.0,2.0,17.51648,12.626240000000001,18.3,12.9,76.4,76.4,0.0,2.2,4.0,7.0
2024-02-15,60.53,Good,winter,60.53,Good,winter,60.53,Good,71.15,70.54,3.0,2.5,3.91,3.5,0.45,11.535359999999999,4.7222,11.6,4.5,89.9,89.9,10.9,2.9,0.9,7.6
2024-02-16,71.96,Very Good,winter,71.96,Very Good,winter,71.96,Very Good,69.45,70.98,3.0,2.0,5.0,4.0,3.95,8.309759999999999,3.1500799999999995,8.1,2.3,72.4,72.4,0.0,1.8,7.9,0.6
2024-02-17,75.0,Very Good,winter,75.0,Very Good,winter,75.0,Very Good,69.16,72.01,3.0,2.5,5.0,4.0,4.35,11.5198,4.993600000000001,11.7,4.4,73.5,73.5,0.0,1.7,8.7,0.0
2024-02-18,56.88,Acceptable,winter,56.88,Acceptable,winter,56.88,Acceptable,67.95,70.44,3.0,2.5,3.29,3.5,0.55,9.44464,6.4827200000000005,9.4,6.2,81.4,81.4,17.1,2.8,1.1,7.1
2024-02-19,65.2,Good,winter,65.2,Good,winter,65.2,Good,65.69,68.93,3.0,3.0,4.11,4.0,0.20000000000000018,11.86808,9.11512,11.9,9.1,95.8,95.8,8.9,2.3,0.0,9.6
2024-02-20,62.7,Good,winter,62.7,Good,winter,62.7,Good,61.59,66.87,2.5,2.5,4.74,3.5,0.04999999999999982,6.97536,4.61236,6.8,4.3,86.3,86.3,2.6,3.4,0.0,9.9
2024-02-21,49.44,Marginal,winter,49.44,Marginal,winter,49.44,Marginal,59.11,63.1,2.5,2.0,3.2199999999999998,3.0,0.0,4.18,2.143,4.0,1.9,92.5,92.5,17.8,5.2,0.0,10.0
2024-02-22,52.86,Acceptable,winter,52.86,Acceptable,winter,52.86,Acceptable,55.0,62.01,2.0,2.0,4.12,3.0,0.09999999999999964,2.1208,0.8076000000000001,1.6,0.2,84.5,84.5,8.8,4.2,0.0,9.8
2024-02-23,64.82,Good,winter,64.82,Good,winter,64.82,Good,55.71,60.99,2.5,2.0,4.96,3.0,2.9,6.58672,2.82336,6.1,1.8,68.8,68.8,0.4,3.5,5.8,5.9
2024-02-24,64.87,Good,winter,64.87,Good,winter,64.87,Good,60.85,59.54,2.5,2.0,4.77,3.5,2.75,6.414960000000001,3.0048000000000004,5.9,2.0,68.6,68.6,2.3,2.9,5.5,7.4
2024-02-25,62.91,Good,winter,62.91,Good,winter,62.86,Good,64.2,60.4,2.5,2.0,4.82,4.0,0.45,6.214880000000001,3.35296,5.9,2.8,80.8,80.8,1.8,2.0,0.9,6.4
2024-02-26,73.46,Very Good,winter,73.46,Very Good,winter,73.48,Very Good,67.08,61.58,3.0,2.5,5.0,4.0,3.4,9.741639999999999,4.66056,9.7,3.8,65.3,65.3,0.0,1.9,6.8,2.1
2024-02-27,70.94,Very Good,winter,70.94,Very Good,winter,70.95,Very Good,69.1,62.76,3.0,2.5,5.0,3.5,2.75,9.8384,6.2024,9.8,5.3,52.0,52.0,0.0,3.0,5.5,7.5
2024-02-28,69.33,Good,winter,69.33,Good,winter,69.13,Good,71.24,65.6,3.0,2.5,5.0,4.0,0.85,10.0838,6.9832,10.1,6.4,59.5,59.5,0.0,2.1,1.7,8.5
2024-02-29,68.92,Good,winter,68.92,Good,winter,68.65,Good,69.73,67.89,3.0,2.5,5.0,4.0,0.6,9.65824,5.557119999999999,9.6,4.8,63.6,63.6,0.0,2.2,1.2,6.8
2024-03-01,65.77,Good,spring,63.81,Good,winter,64.23,Good,67.35,67.75,2.0,1.5,5.0,3.0,5.0,2.6706799999999995,-0.6539599999999992,0.3,-4.1,38.9,38.9,0.0,4.4,10.6,0.0
2024-03-02,66.8,Good,spring,66.53,Good,winter,66.6,Good,66.42,67.99,2.5,2.0,5.0,3.5,2.9,5.03456,1.1632000000000002,4.1,-0.5,60.4,60.4,0.0,3.2,5.8,4.5
2024-03-03,72.22,Very Good,spring,71.84,Very Good,winter,71.95,Very Good,67.39,69.26,3.0,2.5,5.0,3.5,3.3,8.0508,4.684,7.8,4.0,71.5,71.5,0.0,2.9,6.6,2.3
2024-03-04,78.15,Very Good,spring,77.1,Very Good,winter,77.44,Very Good,71.82,69.78,3.0,2.5,5.0,4.5,4.75,11.3294,6.4028,11.7,5.4,45.5,45.5,0.0,1.6,9.5,4.5
2024-03-05,66.74,Good,spring,68.96,Good,winter,68.17,Good,72.63,69.5,3.0,3.0,5.0,3.5,0.05,10.7804,8.4392,11.0,8.0,45.1,45.1,0.0,2.9,0.1,8.8
2024-03-06,67.32,Good,spring,68.35,Good,winter,67.95,Good,71.47,69.36,3.0,2.5,5.0,3.5,1.15,10.25056,6.82624,10.3,6.2,58.8,58.8,0.0,2.8,2.3,5.9
2024-03-07,66.27,Good,spring,67.23,Good,winter,66.82,Good,68.18,69.12,3.0,2.5,4.79,3.5,1.25,8.47072,4.8174399999999995,8.2,3.9,62.4,62.4,2.1,3.0,2.5,5.0
2024-03-08,71.59,Very Good,spring,69.93,Good,winter,70.7,Very Good,68.5,69.99,2.5,2.0,5.0,3.5,5.0,7.1916,3.66104,6.5,2.1,50.6,50.6,0.0,3.4,10.4,0.4
2024-03-09,71.59,Very Good,spring,71.59,Very Good,spring,70.76,Very Good,69.58,70.71,2.5,2.0,5.0,3.5,5.0,7.670719999999999,3.5744,7.1,2.0,50.8,50.8,0.0,2.7,10.9,0.0
2024-03-10,77.41,Very Good,spring,77.41,Very Good,spring,76.78,Very Good,72.98,71.51,3.0,2.5,5.0,4.0,5.0,10.4896,5.2672,10.6,4.2,54.0,54.0,0.0,2.1,10.9,1.0
2024-03-11,68.99,Good,spring,68.99,Good,spring,69.38,Good,72.66,70.35,3.0,2.5,5.0,3.8333333333333335,1.5,10.67936,6.77304,10.8,6.2,62.3,62.3,0.0,,,7.0
2024-03-12,68.42,Good,spring,68.42,Good,spring,68.62,Good,71.61,70.27,3.0,2.5,4.79,3.6666666666666665,2.0,10.0,6.8991999999999996,10.0,6.6,78.0,78.0,2.1,,0.0,6.0
2024-03-13,76.1,Very Good,spring,76.1,Very Good,spring,75.56,Very Good,71.17,71.38,3.0,2.5,5.0,3.5,5.0,11.6608,7.0936,12.0,6.5,57.6,57.6,0.0,2.7,10.9,0.4
2024-03-14,80.12,Excellent,spring,80.12,Excellent,spring,79.82,Very Good,74.88,73.22,3.5,3.0,5.0,3.75,4.5,14.49928,8.7502,15.4,8.5,58.3,58.3,0.0,,,1.0
2024-03-15,81.92,Excellent,spring,81.92,Excellent,spring,81.57,Excellent,79.38,74.94,3.5,3.0,5.0,4.0,5.0,13.933,9.0386,14.5,8.9,68.5,68.5,0.0,2.3,10.6,0.0
2024-03-16,79.98,Very Good,spring,79.98,Very Good,spring,79.82,Very Good,80.67,76.13,3.5,3.0,5.0,4.0,4.15,16.7894,10.7362,18.3,10.9,54.5,54.5,0.0,2.1,8.3,3.9
2024-03-17,75.18,Very Good,spring,75.18,Very Good,spring,75.01,Very Good,79.03,75.82,3.0,3.0,4.99,3.0,4.35,11.7424,9.0496,12.2,8.8,48.0,48.0,0.1,3.7,8.7,5.6
2024-03-18,77.41,Very Good,spring,77.41,Very Good,spring,77.17,Very Good,77.52,77.02,3.0,2.5,5.0,4.0,5.0,12.28608,7.92824,13.2,7.1,28.6,28.6,0.0,2.4,10.6,2.0
2024-03-19,66.35,Good,spring,66.35,Good,spring,66.45,Good,72.98,76.72,3.0,2.5,4.98,3.0,1.35,9.83136,7.21744,9.8,6.7,60.8,60.8,0.2,3.7,2.7,6.1
2024-03-20,74.96,Very Good,spring,74.96,Very Good,spring,74.83,Very Good,72.91,76.56,3.0,2.5,5.0,3.5,4.5,8.9782,5.5984,8.7,4.4,46.5,46.5,0.0,3.4,9.0,1.8
2024-03-21,77.41,Very Good,spring,77.41,Very Good,spring,77.31,Very Good,72.91,76.17,3.0,2.5,5.0,4.0,5.0,11.179,6.07,11.5,5.0,46.5,46.5,0.0,2.0,11.3,2.0
2024-03-22,69.92,Good,spring,69.92,Good,spring,69.94,Good,74.1,74.46,3.5,3.0,4.46,3.5,1.75,14.3056,10.3312,15.2,10.4,57.0,57.0,5.4,3.4,3.5,7.6
2024-03-23,79.81,Very Good,spring,79.81,Very Good,spring,79.81,Very Good,75.71,74.43,3.5,3.0,4.99,4.0,4.1,17.0848,12.592,18.2,13.0,66.0,66.0,0.1,2.3,8.2,6.4
2024-03-24,86.84,Excellent,spring,86.84,Excellent,spring,86.84,Excellent,78.86,76.1,4.5,3.5,5.0,4.0,4.05,20.317999999999998,14.774,23.4,16.2,42.5,42.5,0.0,2.4,8.1,4.9
2024-03-25,65.26,Good,spring,65.26,Good,spring,65.26,Good,77.3,74.36,3.5,3.0,4.49,3.0,0.20000000000000018,13.834,10.5112,14.5,10.6,63.0,63.0,5.1,4.0,0.0,9.6
2024-03-26,60.33,Good,spring,60.33,Good,spring,60.33,Good,70.81,73.5,3.0,2.5,3.85,3.5,1.15,12.182080000000001,7.636080000000001,12.4,7.4,77.3,77.3,11.5,2.6,2.3,6.1
2024-03-27,80.55,Excellent,spring,80.55,Excellent,spring,80.55,Excellent,68.71,74.3,3.5,3.0,5.0,4.0,4.4,15.416319999999999,10.34944,16.2,10.4,68.4,68.4,0.0,2.0,8.8,5.3
2024-03-28,68.49,Good,spring,68.49,Good,spring,68.49,Good,69.79,73.03,3.0,3.0,4.81,4.0,0.75,12.03984,10.278160000000002,12.2,10.3,81.8,81.8,1.9,1.8,0.0,8.5
2024-03-29,66.7,Good,spring,66.7,Good,spring,66.7,Good,71.91,72.57,3.0,2.5,4.86,3.5,1.25,12.0516,7.8591999999999995,12.3,7.6,73.0,73.0,1.4,2.8,2.5,4.8
2024-03-30,76.68,Very Good,spring,76.68,Very Good,spring,76.68,Very Good,70.62,72.12,3.5,3.0,5.0,4.0,2.7,14.6256,9.0088,15.6,8.8,56.5,56.5,0.0,2.4,5.4,3.9
2024-03-31,81.92,Excellent,spring,81.92,Excellent,spring,81.92,Excellent,75.1,71.42,3.5,3.0,5.0,4.0,5.0,15.84892,10.45576,17.7,10.6,39.9,39.9,0.0,1.9,10.1,1.6
2024-04-01,81.92,Excellent,spring,81.92,Excellent,spring,81.92,Excellent,80.17,73.8,3.5,3.0,5.0,4.0,5.0,16.552,11.6016,19.0,12.2,32.0,32.0,0.0,1.8,11.5,0.3
2024-04-02,88.44,Excellent,spring,88.44,Excellent,spring,88.44,Excellent,84.09,77.81,4.5,3.5,5.0,4.0,4.75,20.424999999999997,14.05,23.9,15.4,37.5,37.5,0.0,2.0,9.5,3.1
2024-04-03,72.79,Very Good,spring,72.79,Very Good,spring,72.79,Very Good,81.05,76.71,3.5,3.5,5.0,4.0,0.15,17.98892,15.435760000000002,19.7,16.6,55.9,55.9,0.0,1.8,0.3,7.8
2024-04-04,77.82,Very Good,spring,77.82,Very Good,spring,77.82,Very Good,79.68,78.04,4.0,3.5,5.0,3.5,1.8,18.326520000000002,14.4462,20.3,15.5,52.1,52.1,0.0,2.9,3.6,6.5
2024-04-05,79.52,Very Good,spring,79.52,Very Good,spring,79.52,Very Good,76.71,79.87,3.5,3.5,5.0,4.0,3.1,17.08576,13.2208,18.8,14.0,51.3,51.3,0.0,2.5,6.2,5.1
2024-04-06,78.04,Very Good,spring,78.04,Very Good,spring,78.04,Very Good,78.46,80.06,3.5,3.0,5.0,4.0,3.3,17.070159999999998,12.144879999999999,18.9,12.7,48.6,48.6,0.0,1.9,6.6,3.9
2024-04-07,86.43,Excellent,spring,86.43,Excellent,spring,86.43,Excellent,81.33,80.71,4.0,3.5,5.0,4.0,5.0,19.83024,13.52128,23.4,14.8,33.4,33.4,0.0,2.0,11.4,1.0
2024-04-08,79.89,Very Good,spring,79.89,Very Good,spring,79.89,Very Good,81.45,80.42,4.5,3.5,5.0,4.0,1.0,20.0608,14.873199999999999,22.8,16.2,46.5,46.5,0.0,2.1,2.0,8.3
2024-04-09,81.23,Excellent,spring,81.23,Excellent,spring,81.23,Excellent,82.52,79.39,3.5,3.5,5.0,3.0,5.0,17.87968,13.86688,20.8,15.3,32.4,32.4,0.0,3.5,11.9,0.4
2024-04-10,75.59,Very Good,spring,75.59,Very Good,spring,75.59,Very Good,78.9,79.79,3.5,3.5,5.0,3.5,1.95,17.2284,13.23152,18.5,13.8,62.6,62.6,0.0,2.6,3.9,6.0
2024-04-11,79.59,Very Good,spring,79.59,Very Good,spring,79.59,Very Good,78.8,80.04,4.0,3.5,5.0,4.0,2.0,19.3684,14.642,21.1,15.5,61.0,61.0,0.0,1.8,4.0,5.3
2024-04-12,88.78,Excellent,spring,88.78,Excellent,spring,88.78,Excellent,81.32,81.36,4.5,3.5,5.0,4.0,4.9,21.905279999999998,16.036479999999997,24.2,17.2,59.6,59.6,0.0,2.1,9.8,1.9
2024-04-13,89.01,Excellent,spring,89.01,Excellent,spring,89.01,Excellent,85.79,82.93,4.5,3.5,5.0,4.0,5.0,24.00608,17.36736,27.3,19.1,52.4,52.4,0.0,1.9,12.1,0.0
2024-04-14,90.94,Ideal,spring,90.94,Ideal,spring,90.94,Ideal,89.58,83.58,4.5,4.0,5.0,4.0,5.0,25.29496,18.51472,29.4,20.8,47.1,47.1,0.0,1.9,11.7,3.0
2024-04-15,66.23,Good,spring,66.23,Good,spring,66.23,Good,82.06,81.62,4.0,3.5,3.29,4.0,0.7000000000000002,19.096,15.4576,20.0,16.0,77.4,77.4,17.1,2.5,0.0,8.6
2024-04-16,75.27,Very Good,spring,75.27,Very Good,spring,75.27,Very Good,77.48,80.77,3.5,3.5,4.77,4.0,1.85,17.35016,13.07032,17.9,13.3,82.6,82.6,2.3,2.5,3.7,6.3
2024-04-17,89.01,Excellent,spring,89.01,Excellent,spring,89.01,Excellent,76.84,82.69,4.5,3.5,5.0,4.0,5.0,20.16216,14.306000000000001,21.8,15.0,65.3,65.3,0.0,2.2,10.3,4.6
2024-04-18,91.59,Ideal,spring,91.59,Ideal,spring,91.59,Ideal,85.29,84.4,5.0,3.5,5.0,4.0,5.0,22.11668,15.93636,24.9,17.3,53.3,53.3,0.0,2.2,11.7,0.0
2024-04-19,89.01,Excellent,spring,89.01,Excellent,spring,89.01,Excellent,89.87,84.44,4.5,3.5,5.0,4.0,5.0,21.54296,16.13472,24.3,17.6,51.8,51.8,0.0,2.1,10.4,3.9
2024-04-20,68.45,Good,spring,68.45,Good,spring,68.45,Good,83.02,81.5,3.5,3.5,4.52,3.5,0.09999999999999964,16.54624,14.45508,17.2,14.9,77.3,77.3,4.8,3.0,0.0,9.8
2024-04-21,76.13,Very Good,spring,76.13,Very Good,spring,76.13,Very Good,77.86,79.38,4.5,3.5,5.0,3.0,0.5,20.0854,16.2064,21.7,17.2,65.5,65.5,0.0,3.8,1.0,8.8
2024-04-22,81.54,Excellent,spring,81.54,Excellent,spring,81.54,Excellent,75.37,81.57,4.5,3.5,5.0,3.5,2.3,21.24616,17.01888,24.1,18.8,49.4,49.4,0.0,3.1,4.6,6.5
2024-04-23,81.83,Excellent,spring,81.83,Excellent,spring,81.83,Excellent,79.83,82.51,4.5,3.5,5.0,3.0,3.0,21.644,15.986,24.2,17.3,55.0,55.0,0.0,3.6,6.0,7.9
2024-04-24,65.9,Good,spring,65.9,Good,spring,65.9,Good,76.42,79.21,3.5,3.0,4.1,3.5,0.95,15.9826,12.945279999999999,16.5,13.2,80.1,80.1,9.0,3.0,1.9,7.8
2024-04-25,82.1,Excellent,spring,82.1,Excellent,spring,82.1,Excellent,76.61,77.85,4.0,3.5,5.0,4.0,3.1,19.74592,13.97056,20.8,14.4,75.6,75.6,0.0,1.9,6.2,4.4
2024-04-26,91.59,Ideal,spring,91.59,Ideal,spring,91.59,Ideal,79.86,78.22,5.0,3.5,5.0,4.0,5.0,23.5104,16.58632,26.0,17.8,61.1,61.1,0.0,1.9,10.7,3.4
2024-04-27,91.59,Ideal,spring,91.59,Ideal,spring,91.59,Ideal,88.43,81.53,5.0,3.5,5.0,4.0,5.0,23.37472,16.76992,26.2,18.2,56.4,56.4,0.0,1.9,12.5,0.3
2024-04-28,92.25,Ideal,spring,92.25,Ideal,spring,92.25,Ideal,91.81,83.83,4.5,4.0,5.0,4.5,5.0,25.3846,18.709799999999998,28.9,20.7,53.5,53.5,0.0,1.6,11.4,5.9
2024-04-29,90.84,Ideal,spring,90.84,Ideal,spring,90.84,Ideal,91.56,85.16,5.0,4.0,5.0,3.5,4.4,22.7512,18.6328,26.1,20.9,48.0,48.0,0.0,3.0,8.8,5.6
2024-04-30,83.88,Excellent,spring,83.88,Excellent,spring,83.88,Excellent,88.99,85.45,4.5,3.5,5.0,4.0,2.75,20.625,17.310000000000002,22.5,18.6,62.5,62.5,0.0,2.2,5.5,8.5
2024-05-01,88.78,Excellent,spring,88.78,Excellent,spring,88.78,Excellent,87.83,88.72,4.5,3.5,5.0,4.0,4.9,20.976,16.664,24.0,18.5,46.0,46.0,0.0,2.4,9.8,4.6
2024-05-02,89.01,Excellent,spring,89.01,Excellent,spring,89.01,Excellent,87.22,89.71,4.5,3.5,5.0,4.0,5.0,20.87232,16.428160000000002,23.7,18.1,48.4,48.4,0.0,2.4,12.8,0.0
2024-05-03,89.01,Excellent,spring,89.01,Excellent,spring,89.01,Excellent,88.93,89.34,4.5,3.5,5.0,4.0,5.0,24.098039999999997,17.63972,27.9,19.7,46.9,46.9,0.0,1.9,12.8,0.0
2024-05-04,90.94,Ideal,spring,90.94,Ideal,spring,90.94,Ideal,89.65,89.24,4.5,4.0,5.0,4.0,5.0,24.4152,18.88288,28.5,21.4,44.8,44.8,0.0,1.9,12.5,3.4
2024-05-05,48.24,Marginal,spring,48.24,Marginal,spring,48.24,Marginal,76.06,82.96,4.5,3.5,0.16999999999999993,4.0,0.0,20.06576,17.40688,20.6,17.8,87.4,87.4,48.3,2.5,0.0,10.0
2024-05-06,63.66,Good,spring,63.66,Good,spring,63.66,Good,67.61,79.07,3.5,3.5,3.77,3.5,0.0,15.53812,13.789240000000001,15.7,13.9,92.9,92.9,12.3,3.1,0.0,10.0
2024-05-07,70.14,Very Good,spring,70.14,Very Good,spring,70.14,Very Good,60.68,77.11,3.5,3.5,4.76,3.5,0.20000000000000018,14.546,13.00036,15.0,13.3,77.3,77.3,2.4,3.0,0.0,9.6
2024-05-08,86.43,Excellent,spring,86.43,Excellent,spring,86.43,Excellent,73.41,76.78,4.0,3.5,5.0,4.0,5.0,19.521279999999997,13.92544,21.4,14.7,58.8,58.8,0.0,2.3,11.0,1.8
2024-05-09,87.7,Excellent,spring,87.7,Excellent,spring,87.76,Excellent,81.42,76.59,4.5,3.5,5.0,3.5,5.0,20.08192,15.21184,21.8,16.1,63.6,63.6,0.0,2.9,12.8,0.3
2024-05-10,87.7,Excellent,spring,87.7,Excellent,spring,87.79,Excellent,87.28,76.4,4.5,3.5,5.0,3.5,5.0,21.34912,16.496959999999998,23.8,17.9,55.6,55.6,0.0,2.6,12.5,2.0
2024-05-11,55.83,Acceptable,spring,55.83,Acceptable,spring,56.2,Acceptable,77.08,71.39,4.5,3.5,1.83,3.0,0.05,21.04,16.44,22.0,17.0,80.0,80.0,31.7,3.5,0.1,9.3
2024-05-12,85.12,Excellent,spring,85.12,Excellent,spring,85.18,Excellent,76.22,76.65,4.0,3.5,5.0,3.5,5.0,19.976000000000003,15.676000000000002,21.6,16.6,65.0,65.0,0.0,2.7,11.4,2.6
2024-05-13,89.01,Excellent,spring,89.01,Excellent,spring,89.1,Excellent,76.65,80.28,4.5,3.5,5.0,4.0,5.0,21.7102,16.70308,24.5,18.3,51.9,51.9,0.0,2.3,13.1,0.0
2024-05-14,89.01,Excellent,spring,89.01,Excellent,spring,89.12,Excellent,87.71,82.97,4.5,3.5,5.0,4.0,5.0,21.366039999999998,16.80416,24.7,18.8,43.3,43.3,0.0,2.4,13.0,0.1
2024-05-15,60.22,Good,spring,60.22,Good,spring,60.47,Good,79.41,79.23,3.5,3.0,2.94,3.5,1.55,17.89536,12.33272,18.8,12.6,74.3,74.3,20.6,2.7,3.1,6.5
2024-05-16,85.06,Excellent,spring,85.06,Excellent,spring,85.17,Excellent,78.1,78.85,4.0,3.5,4.99,3.5,5.0,18.28296,13.127239999999999,19.8,13.7,61.3,61.3,0.1,3.1,13.1,1.5
2024-05-17,91.59,Ideal,spring,91.59,Ideal,spring,91.92,Ideal,78.96,79.41,5.0,3.5,5.0,4.0,5.0,22.730559999999997,17.09152,24.9,18.3,63.6,63.6,0.0,2.2,10.8,3.8
2024-05-18,90.94,Ideal,spring,90.94,Ideal,spring,91.09,Ideal,89.2,84.42,4.5,4.0,5.0,4.0,5.0,24.2098,19.21484,26.5,20.7,65.3,65.3,0.0,2.0,11.3,2.3
2024-05-19,90.94,Ideal,spring,90.94,Ideal,spring,91.11,Ideal,91.16,85.25,4.5,4.0,5.0,4.0,5.0,25.257959999999997,19.802599999999998,27.9,21.5,63.1,63.1,0.0,1.9,12.6,1.1
2024-05-20,80.11,Excellent,spring,80.11,Excellent,spring,81.53,Excellent,87.33,83.98,4.5,4.0,5.0,4.0,0.25,21.52,18.459999999999997,22.8,19.4,75.0,75.0,0.0,2.3,0.5,7.3
2024-05-21,92.19,Ideal,spring,92.71,Ideal,summer,92.45,Ideal,87.92,84.51,4.5,4.5,5.0,4.0,4.7,25.96492,20.207079999999998,28.3,21.7,68.1,68.1,0.0,1.9,9.4,2.9
2024-05-22,93.52,Ideal,spring,94.4,Ideal,summer,93.99,Ideal,89.07,89.39,5.0,4.0,5.0,4.0,5.0,23.5718,19.1938,25.5,20.5,68.9,68.9,0.0,2.3,10.0,5.8
2024-05-23,90.94,Ideal,spring,91.33,Ideal,summer,91.16,Ideal,92.81,90.29,4.5,4.0,5.0,4.0,5.0,24.29424,18.89032,26.4,20.2,67.9,67.9,0.0,2.5,12.7,2.4
2024-05-24,87.48,Excellent,spring,89.84,Excellent,summer,88.91,Excellent,91.86,90.04,5.0,4.0,5.0,4.0,2.35,23.235879999999998,19.09404,24.7,20.1,75.1,75.1,0.0,2.1,4.7,6.6
2024-05-25,84.74,Excellent,spring,87.78,Excellent,summer,86.69,Excellent,89.65,89.59,5.0,4.0,5.0,4.0,1.15,22.512639999999998,19.70368,24.7,21.4,62.8,62.8,0.0,1.8,2.3,7.8
2024-05-26,79.05,Very Good,spring,81.88,Excellent,summer,80.97,Excellent,86.5,88.29,5.0,4.0,4.13,3.5,1.55,22.29164,18.882279999999998,23.7,19.9,74.3,74.3,8.7,2.7,3.1,9.0
2024-05-27,87.59,Excellent,spring,88.44,Excellent,summer,88.2,Excellent,86.03,89.48,4.5,3.5,5.0,3.5,4.95,20.75536,17.2556,22.6,18.5,63.4,63.4,0.0,3.3,9.9,3.3
2024-05-28,93.52,Ideal,spring,94.4,Ideal,summer,94.18,Ideal,88.24,89.72,5.0,4.0,5.0,4.0,5.0,23.18912,18.519679999999997,26.1,20.4,54.8,54.8,0.0,2.5,11.1,1.9
2024-05-29,93.52,Ideal,spring,94.4,Ideal,summer,94.21,Ideal,92.41,89.72,5.0,4.0,5.0,4.0,5.0,23.54752,19.03168,26.8,21.2,51.6,51.6,0.0,2.1,13.2,2.8
2024-05-30,81.53,Excellent,spring,84.15,Excellent,summer,83.68,Excellent,90.98,88.7,4.5,4.0,5.0,4.5,0.3,21.62744,18.52148,24.6,20.7,49.1,49.1,0.0,1.6,0.6,8.5
2024-05-31,91.6,Ideal,spring,92.85,Ideal,summer,92.67,Ideal,90.47,89.13,5.0,4.0,4.9,3.5,5.0,22.936,18.735999999999997,25.4,20.4,60.0,60.0,1.0,2.6,11.8,3.3
2024-06-01,92.98,Ideal,summer,92.98,Ideal,summer,92.83,Ideal,89.99,89.87,5.0,4.0,5.0,3.5,4.7,22.84704,19.04364,25.2,20.7,61.3,61.3,0.0,2.8,9.4,4.3
2024-06-02,93.5,Ideal,summer,93.5,Ideal,summer,93.41,Ideal,93.11,91.53,5.0,4.0,5.0,3.5,5.0,22.760080000000002,18.39904,25.8,20.4,51.9,51.9,0.0,2.7,12.4,1.3
2024-06-03,91.33,Ideal,summer,91.33,Ideal,summer,91.32,Ideal,92.6,91.94,4.5,4.0,5.0,4.0,5.0,24.76552,19.633119999999998,28.7,22.2,47.4,47.4,0.0,2.4,11.2,1.0
2024-06-04,91.33,Ideal,summer,91.33,Ideal,summer,91.33,Ideal,92.05,91.51,4.5,4.0,5.0,4.0,5.0,24.83012,19.83552,29.3,22.8,42.1,42.1,0.0,2.4,13.5,0.1
2024-06-05,90.16,Ideal,summer,90.16,Ideal,summer,90.16,Ideal,90.94,90.9,4.0,4.5,5.0,4.0,5.0,26.39356,21.09216,30.1,23.6,53.9,53.9,0.0,1.9,10.4,5.4
2024-06-06,89.56,Excellent,summer,89.56,Excellent,summer,89.56,Excellent,90.35,91.67,4.0,4.5,5.0,4.0,4.65,27.488079999999997,21.52252,31.4,24.1,54.3,54.3,0.0,2.0,9.3,3.4
2024-06-07,90.21,Ideal,summer,90.21,Ideal,summer,90.21,Ideal,89.98,91.3,4.5,4.5,4.92,4.0,3.55,24.7096,20.70532,28.0,23.1,54.3,54.3,0.8,1.9,7.1,8.0
2024-06-08,77.8,Very Good,summer,77.8,Very Good,summer,77.8,Very Good,85.86,89.13,5.0,4.0,3.31,4.5,1.25,23.77,19.4554,25.0,20.3,79.5,79.5,16.9,1.6,2.5,7.4
2024-06-09,90.16,Ideal,summer,90.16,Ideal,summer,90.16,Ideal,86.06,88.65,4.0,4.5,5.0,4.0,5.0,26.461280000000002,21.29524,28.8,22.9,68.9,68.9,0.0,1.8,12.3,4.5
2024-06-10,88.99,Excellent,summer,88.99,Excellent,summer,88.99,Excellent,85.65,88.32,3.5,5.0,5.0,4.0,5.0,28.25572,22.718439999999998,31.1,24.7,66.3,66.3,0.0,2.2,11.9,1.4
2024-06-11,88.99,Excellent,summer,88.99,Excellent,summer,88.99,Excellent,89.38,87.98,3.5,5.0,5.0,4.0,5.0,28.35136,23.08384,31.6,25.4,62.4,62.4,0.0,2.4,10.2,5.1
2024-06-12,88.99,Excellent,summer,88.99,Excellent,summer,88.99,Excellent,88.99,87.81,3.5,5.0,5.0,4.0,5.0,28.38176,22.47936,31.8,24.8,60.8,60.8,0.0,2.1,11.3,4.1
2024-06-13,88.99,Excellent,summer,88.99,Excellent,summer,88.99,Excellent,88.99,87.73,3.5,5.0,5.0,4.0,5.0,28.367679999999996,23.21184,32.8,26.4,51.4,51.4,0.0,1.8,13.3,0.9
2024-06-14,88.22,Excellent,summer,88.22,Excellent,summer,88.22,Excellent,88.73,87.45,3.5,5.0,5.0,4.0,4.55,28.951999999999998,23.4312,33.0,26.3,56.0,56.0,0.0,2.3,9.1,5.6
2024-06-15,82.39,Excellent,summer,82.39,Excellent,summer,82.39,Excellent,86.53,88.1,4.0,5.0,4.39,4.0,1.7,26.183439999999997,22.62664,28.2,24.2,72.3,72.3,6.1,1.9,3.4,6.5
2024-06-16,89.26,Excellent,summer,89.26,Excellent,summer,89.26,Excellent,86.62,87.98,4.0,4.5,5.0,3.5,5.0,26.2552,21.92048,29.5,24.3,58.4,58.4,0.0,2.8,13.2,0.9
2024-06-17,90.16,Ideal,summer,90.16,Ideal,summer,90.16,Ideal,87.27,88.14,4.0,4.5,5.0,4.0,5.0,26.03072,21.74528,30.2,24.8,48.4,48.4,0.0,2.4,13.1,4.6
2024-06-18,88.99,Excellent,summer,88.99,Excellent,summer,88.99,Excellent,89.47,88.14,3.5,5.0,5.0,4.0,5.0,29.190199999999997,23.408,32.9,26.0,59.5,59.5,0.0,2.1,13.4,0.0
2024-06-19,84.92,Excellent,summer,84.92,Excellent,summer,84.92,Excellent,88.02,87.56,3.0,4.5,5.0,4.5,5.0,31.083759999999998,25.36336,35.8,28.8,54.3,54.3,0.0,1.6,13.0,3.3
2024-06-20,87.09,Excellent,summer,87.09,Excellent,summer,87.09,Excellent,87.0,87.29,3.5,4.5,5.0,4.0,5.0,29.82216,25.13976,35.4,29.4,45.1,45.1,0.0,2.0,12.1,2.8
2024-06-21,87.09,Excellent,summer,87.09,Excellent,summer,87.09,Excellent,86.37,87.13,3.5,4.5,5.0,4.0,5.0,29.100879999999997,24.46552,33.9,28.1,49.8,49.8,0.0,2.0,10.3,5.8
2024-06-22,75.74,Very Good,summer,75.74,Very Good,summer,75.74,Very Good,83.31,86.18,4.5,5.0,3.35,4.0,0.0,24.850640000000002,23.09808,26.1,24.2,80.6,80.6,16.5,2.0,0.0,10.0
2024-06-23,80.32,Excellent,summer,80.32,Excellent,summer,80.32,Excellent,81.05,84.9,3.5,5.0,4.49,4.0,1.9,28.451800000000002,23.861800000000002,30.1,25.1,79.5,79.5,5.1,2.2,3.8,8.3
2024-06-24,91.65,Ideal,summer,91.65,Ideal,summer,91.65,Ideal,82.57,85.11,4.5,5.0,5.0,3.5,3.5,25.78064,22.60688,27.9,24.3,70.4,70.4,0.0,2.9,7.0,5.8
2024-06-25,92.33,Ideal,summer,92.33,Ideal,summer,92.33,Ideal,88.1,85.59,4.5,4.5,5.0,3.5,5.0,24.57872,20.93404,27.2,22.9,61.9,61.9,0.0,3.0,10.7,4.3
2024-06-26,88.99,Excellent,summer,88.99,Excellent,summer,88.99,Excellent,90.99,86.17,3.5,5.0,5.0,4.0,5.0,28.230400000000003,22.575599999999998,31.6,24.9,61.0,61.0,0.0,1.9,12.3,1.3
2024-06-27,92.36,Ideal,summer,92.36,Ideal,summer,92.36,Ideal,91.23,86.93,4.0,5.0,5.0,4.5,4.65,27.712000000000003,23.366,31.6,26.3,55.0,55.0,0.0,1.6,9.3,3.0
2024-06-28,88.99,Excellent,summer,88.99,Excellent,summer,88.99,Excellent,90.11,87.2,3.5,5.0,5.0,4.0,5.0,28.414,23.585440000000002,32.5,26.6,54.6,54.6,0.0,2.1,13.2,2.0
2024-06-29,59.38,Acceptable,summer,59.38,Acceptable,summer,59.38,Acceptable,80.24,84.86,3.5,4.5,1.1700000000000004,4.0,3.45,29.186919999999997,24.368679999999998,32.3,26.7,65.1,65.1,38.3,2.2,6.9,6.6
2024-06-30,64.96,Good,summer,64.96,Good,summer,64.96,Good,71.11,82.67,4.5,5.0,1.7799999999999998,3.0,0.75,24.214599999999997,22.879,24.9,23.5,88.5,88.5,32.2,3.7,0.0,8.5
2024-07-01,85.63,Excellent,summer,85.63,Excellent,summer,85.63,Excellent,69.99,81.81,3.5,4.5,5.0,4.0,4.15,28.66732,24.28532,31.3,26.3,69.1,69.1,0.0,1.8,8.3,5.5
2024-07-02,53.02,Acceptable,summer,53.02,Acceptable,summer,53.02,Acceptable,67.87,76.19,4.5,5.0,0.0,3.5,0.04999999999999982,24.592,22.672,25.2,23.2,90.0,90.0,65.1,2.8,0.0,9.9
2024-07-03,84.72,Excellent,summer,84.72,Excellent,summer,84.72,Excellent,74.46,75.58,4.5,5.0,4.92,3.0,0.3,24.64708,23.541639999999997,25.9,24.7,80.3,80.3,0.8,3.6,0.6,9.0
2024-07-04,78.16,Very Good,summer,78.16,Very Good,summer,78.16,Very Good,71.97,73.55,3.5,4.5,4.64,3.5,1.7,28.52352,25.10656,30.6,26.8,74.8,74.8,3.6,3.0,3.4,8.6
2024-07-05,84.15,Excellent,summer,84.15,Excellent,summer,84.15,Excellent,82.34,72.86,4.5,5.0,4.59,3.5,0.7,24.8442,22.354799999999997,26.1,23.4,80.5,80.5,4.1,3.3,1.4,9.1
2024-07-06,75.84,Very Good,summer,75.84,Very Good,summer,75.84,Very Good,79.38,75.21,3.5,4.5,4.72,3.5,0.05,28.728,24.13964,30.0,25.1,84.1,84.1,2.8,3.2,0.1,9.8
2024-07-07,65.21,Good,summer,65.21,Good,summer,65.21,Good,75.07,75.25,4.0,5.0,2.13,4.0,0.3,27.11528,23.54176,28.2,24.4,85.1,85.1,28.7,1.8,0.6,8.8
2024-07-08,72.9,Very Good,summer,72.9,Very Good,summer,72.9,Very Good,71.32,73.43,4.5,5.0,2.8899999999999997,4.0,0.09999999999999964,24.1172,23.43568,24.5,23.8,93.4,93.4,21.1,1.8,0.0,9.8
2024-07-09,86.42,Excellent,summer,86.42,Excellent,summer,86.42,Excellent,74.84,78.2,4.5,5.0,4.97,4.0,0.05,25.82492,23.7402,26.7,24.5,86.9,86.9,0.3,1.8,0.1,9.5
2024-07-10,83.68,Excellent,summer,83.68,Excellent,summer,83.68,Excellent,81.0,78.05,3.5,4.5,4.86,4.0,3.55,29.16724,25.07944,31.1,26.6,77.1,77.1,1.4,2.2,7.1,6.3
2024-07-11,86.63,Excellent,summer,86.63,Excellent,summer,86.63,Excellent,85.58,79.26,4.0,4.5,5.0,4.0,2.95,27.35776,24.418879999999998,28.9,25.7,79.6,79.6,0.0,2.1,5.9,5.1
2024-07-12,82.57,Excellent,summer,82.57,Excellent,summer,82.57,Excellent,84.29,79.04,3.5,4.5,5.0,4.5,1.85,28.543599999999998,24.320800000000002,30.2,25.6,79.5,79.5,0.0,1.6,3.7,4.4
2024-07-13,83.93,Excellent,summer,83.93,Excellent,summer,83.93,Excellent,84.38,80.19,3.0,4.5,5.0,4.0,4.95,30.503999999999998,25.928,33.3,28.1,70.0,70.0,0.0,1.9,9.9,2.1
2024-07-14,84.76,Excellent,summer,84.76,Excellent,summer,84.76,Excellent,83.75,82.98,3.5,4.5,4.96,4.0,3.8,29.08556,25.89024,32.1,28.4,65.9,65.9,0.4,2.4,7.6,4.8
2024-07-15,83.91,Excellent,summer,83.91,Excellent,summer,83.91,Excellent,84.2,84.56,3.5,4.5,5.0,4.0,3.15,28.28392,25.794559999999997,31.3,28.4,64.6,64.6,0.0,2.4,6.3,5.1
2024-07-16,70.98,Very Good,summer,70.98,Very Good,summer,70.98,Very Good,79.88,82.35,3.5,4.5,3.3,4.0,2.1,28.91152,25.5312,30.7,27.0,78.4,78.4,17.0,2.3,4.2,7.8
2024-07-17,48.95,Marginal,summer,48.95,Marginal,summer,48.95,Marginal,67.95,77.39,4.0,4.5,0.0,4.0,0.05,27.49184,24.882559999999998,28.1,25.4,91.6,91.6,98.8,2.5,0.1,9.8
2024-07-18,51.93,Acceptable,summer,51.93,Acceptable,summer,51.93,Acceptable,57.29,72.43,4.5,4.5,0.0,4.0,0.0,25.306720000000002,24.03116,25.6,24.3,95.3,95.3,128.8,2.2,0.0,10.0
2024-07-19,83.93,Excellent,summer,83.93,Excellent,summer,83.93,Excellent,61.6,72.63,3.5,4.5,4.99,4.0,3.2,29.14432,25.6468,30.8,27.0,80.1,80.1,0.1,2.2,6.4,7.9
2024-07-20,69.48,Good,summer,69.48,Good,summer,69.48,Good,68.45,70.56,3.5,4.5,3.51,3.5,0.95,28.98496,25.85152,30.6,27.2,80.4,80.4,14.9,2.7,1.9,9.0
2024-07-21,72.42,Very Good,summer,72.42,Very Good,summer,72.42,Very Good,75.28,68.8,3.5,4.5,4.15,3.0,0.75,28.50112,25.4176,29.8,26.5,83.6,83.6,8.5,3.6,1.5,9.3
2024-07-22,48.05,Marginal,summer,48.05,Marginal,summer,48.05,Marginal,63.32,63.68,4.0,4.5,0.0,3.5,0.04999999999999982,27.112399999999997,25.869600000000002,27.9,26.6,89.0,89.0,79.9,3.1,0.0,9.9
2024-07-23,79.7,Very Good,summer,79.7,Very Good,summer,79.7,Very Good,66.72,64.92,4.0,4.5,4.8,3.5,0.20000000000000018,26.46268,25.60624,27.3,26.4,87.9,87.9,2.0,3.2,0.0,9.6
2024-07-24,68.66,Good,summer,68.66,Good,summer,68.66,Good,65.47,67.74,3.5,4.0,3.5300000000000002,3.5,1.5,29.645999999999997,27.014000000000003,30.9,28.1,85.0,85.0,14.7,2.6,3.0,7.6
2024-07-25,59.04,Acceptable,summer,59.04,Acceptable,summer,59.04,Acceptable,69.13,68.75,3.0,4.0,2.4699999999999998,4.0,1.2,30.406240000000004,27.28096,32.2,28.8,79.8,79.8,25.3,1.8,2.4,8.6
2024-07-26,75.69,Very Good,summer,75.69,Very Good,summer,75.69,Very Good,67.8,67.58,3.0,4.0,4.45,4.0,3.35,31.056520000000003,27.34612,32.7,28.7,81.9,81.9,5.5,2.3,6.7,8.0
2024-07-27,53.07,Acceptable,summer,53.07,Acceptable,summer,53.07,Acceptable,62.6,65.23,3.0,4.0,1.65,4.0,0.85,30.27648,27.660159999999998,31.7,28.9,83.6,83.6,33.5,1.7,1.7,8.4
2024-07-28,77.01,Very Good,summer,77.01,Very Good,summer,77.01,Very Good,68.59,65.89,3.0,4.0,5.0,3.5,2.55,30.068800000000003,27.3568,32.2,29.2,76.0,76.0,0.0,3.2,5.1,8.3
2024-07-29,78.81,Very Good,summer,78.81,Very Good,summer,78.81,Very Good,69.63,70.28,4.0,4.0,5.0,3.0,0.5499999999999998,26.660800000000002,26.286399999999997,27.8,27.4,84.0,84.0,0.0,3.8,0.0,8.9
2024-07-30,75.72,Very Good,summer,75.72,Very Good,summer,75.72,Very Good,77.18,69.71,3.0,4.0,5.0,3.5,1.8,30.042879999999997,27.02272,31.9,28.6,78.8,78.8,0.0,2.8,3.6,7.4
2024-07-31,76.66,Very Good,summer,76.66,Very Good,summer,76.66,Very Good,77.06,70.86,3.0,4.0,5.0,3.5,2.35,30.923399999999997,27.4212,33.3,29.4,74.5,74.5,0.0,2.6,4.7,7.3
2024-08-01,75.52,Very Good,summer,75.52,Very Good,summer,75.52,Very Good,75.97,73.21,3.0,4.0,4.97,3.5,1.8,30.9264,27.9498,33.2,29.9,75.5,75.5,0.3,2.6,3.6,6.8
2024-08-02,74.68,Very Good,summer,74.68,Very Good,summer,74.68,Very Good,75.62,73.07,3.0,4.0,5.0,3.5,1.2,30.646,27.98496,32.5,29.6,79.4,79.4,0.0,2.6,2.4,7.9
2024-08-03,78.33,Very Good,summer,78.33,Very Good,summer,78.33,Very Good,76.18,76.68,3.0,3.5,5.0,4.0,3.9,31.78,28.18,34.2,30.2,75.0,75.0,0.0,2.2,7.8,4.4
2024-08-04,78.05,Very Good,summer,78.05,Very Good,summer,78.05,Very Good,77.02,76.82,2.5,3.5,5.0,4.5,5.0,32.98264,29.12296,36.2,31.8,69.3,69.3,0.0,1.6,10.9,2.5
2024-08-05,73.69,Very Good,summer,73.69,Very Good,summer,73.69,Very Good,76.69,76.09,3.0,3.5,4.87,4.0,1.7,31.3774,28.04,33.7,30.0,75.5,75.5,1.3,1.9,3.4,7.1
2024-08-06,78.85,Very Good,summer,78.85,Very Good,summer,78.85,Very Good,76.86,76.54,3.0,4.0,5.0,4.0,3.1,31.1312,27.534399999999998,33.5,29.5,74.8,74.8,0.0,1.9,6.2,5.4
2024-08-07,77.83,Very Good,summer,77.83,Very Good,summer,77.83,Very Good,76.79,76.71,3.0,4.0,4.66,4.0,3.8,30.7792,27.4048,33.4,29.6,72.0,72.0,3.4,1.7,7.6,4.8
2024-08-08,79.55,Very Good,summer,79.55,Very Good,summer,79.55,Very Good,78.74,77.28,3.5,4.0,5.0,4.5,1.2,29.656000000000002,26.835,31.6,28.5,77.5,77.5,0.0,1.6,2.4,7.4
2024-08-09,79.58,Very Good,summer,79.58,Very Good,summer,79.58,Very Good,78.99,77.98,3.0,4.0,5.0,4.5,3.0,31.15504,27.30052,33.6,29.3,74.1,74.1,0.0,1.6,6.0,2.8
2024-08-10,77.22,Very Good,summer,77.22,Very Good,summer,77.22,Very Good,78.78,77.82,3.0,4.0,5.0,4.0,2.15,30.84352,27.664,33.6,30.0,70.8,70.8,0.0,1.7,4.3,6.8
2024-08-11,75.4,Very Good,summer,75.4,Very Good,summer,75.4,Very Good,77.4,77.45,3.0,3.5,5.0,4.0,2.2,31.257279999999998,28.12096,34.4,30.8,67.8,67.8,0.0,1.8,4.4,6.3
2024-08-12,75.15,Very Good,summer,75.15,Very Good,summer,75.15,Very Good,75.92,77.65,3.0,3.5,5.0,4.0,2.05,31.2562,28.6102,34.1,31.1,70.5,70.5,0.0,1.9,4.1,4.1
2024-08-13,75.0,Very Good,summer,75.0,Very Good,summer,75.0,Very Good,75.18,77.1,2.5,3.5,5.0,4.0,3.75,33.232,28.744,36.4,31.3,70.0,70.0,0.0,1.8,7.5,4.9
2024-08-14,72.53,Very Good,summer,72.53,Very Good,summer,72.53,Very Good,74.23,76.35,2.5,4.0,4.7,4.0,2.35,32.2108,27.84,34.9,30.0,73.0,73.0,3.0,1.9,4.7,5.6
2024-08-15,69.79,Good,summer,69.79,Good,summer,69.79,Good,72.44,74.95,2.5,4.0,4.36,4.0,2.05,32.10064,27.24928,34.6,29.2,74.6,74.6,6.4,1.8,4.1,5.4
2024-08-16,79.28,Very Good,summer,79.28,Very Good,summer,79.28,Very Good,73.87,74.91,3.0,4.0,5.0,4.0,3.35,31.32568,27.37648,34.3,29.8,69.4,69.4,0.0,2.0,6.7,3.0
2024-08-17,70.88,Very Good,summer,70.88,Very Good,summer,70.88,Very Good,73.32,74.0,3.0,4.0,3.9,4.0,2.65,31.216,27.5032,34.0,29.8,71.0,71.0,11.0,1.7,5.3,4.8
2024-08-18,79.02,Very Good,summer,79.02,Very Good,summer,79.02,Very Good,76.39,74.52,3.0,4.0,5.0,4.0,3.2,31.39528,27.4564,33.9,29.5,73.8,73.8,0.0,2.0,6.4,5.5
2024-08-19,75.05,Very Good,summer,75.05,Very Good,summer,75.05,Very Good,74.98,74.51,2.5,4.0,4.77,4.0,3.55,32.496759999999995,27.51724,35.3,29.7,72.3,72.3,2.3,1.9,7.1,2.5
2024-08-20,75.17,Very Good,summer,75.17,Very Good,summer,75.17,Very Good,76.41,74.53,2.5,3.5,5.0,4.0,3.85,32.17928,28.686479999999996,35.4,31.4,68.3,68.3,0.0,2.3,7.7,6.1
2024-08-21,48.52,Marginal,summer,48.52,Marginal,summer,48.52,Marginal,66.25,71.1,3.5,4.0,0.7799999999999994,3.5,0.25,29.62688,27.36224,30.8,28.4,85.9,85.9,42.2,3.2,0.0,9.5
2024-08-22,76.85,Very Good,summer,76.85,Very Good,summer,76.85,Very Good,66.85,72.11,3.5,4.0,4.94,3.5,0.9,28.66788,27.104560000000003,30.3,28.6,79.9,79.9,0.6,3.4,1.8,8.8
2024-08-23,80.51,Excellent,summer,80.51,Excellent,summer,80.51,Excellent,68.63,72.29,3.5,4.0,5.0,3.5,2.8,29.4892,26.4496,31.8,28.4,73.5,73.5,0.0,2.7,5.6,5.3
2024-08-24,78.25,Very Good,summer,78.25,Very Good,summer,78.25,Very Good,78.54,73.34,3.5,4.0,4.8,4.5,1.2,29.127679999999998,26.10752,30.9,27.6,78.8,78.8,2.0,1.4,2.4,3.8
2024-08-25,78.81,Very Good,summer,78.81,Very Good,summer,78.81,Very Good,79.19,73.31,3.0,4.0,5.0,4.5,2.55,30.575280000000003,26.7684,32.7,28.5,76.6,76.6,0.0,1.4,5.1,3.4
2024-08-26,77.75,Very Good,summer,77.75,Very Good,summer,77.75,Very Good,78.27,73.69,3.5,4.0,5.0,4.5,0.15,28.77072,26.492720000000002,30.6,28.1,77.8,77.8,0.0,1.5,0.3,8.0
2024-08-27,84.55,Excellent,summer,84.55,Excellent,summer,84.55,Excellent,80.37,75.03,4.0,4.5,4.97,4.0,1.85,27.84776,24.5068,30.3,26.5,69.8,69.8,0.3,1.9,3.7,6.1
2024-08-28,86.19,Excellent,summer,86.19,Excellent,summer,86.19,Excellent,82.83,80.42,3.5,4.5,5.0,3.5,5.0,29.682880000000004,25.44088,33.2,28.2,62.1,62.1,0.0,2.9,11.5,0.4
2024-08-29,86.19,Excellent,summer,86.19,Excellent,summer,86.19,Excellent,85.64,81.75,3.5,4.5,5.0,3.5,5.0,29.834,25.5296,33.5,28.4,61.0,61.0,0.0,3.1,12.0,0.6
2024-08-30,87.09,Excellent,summer,87.09,Excellent,summer,87.09,Excellent,86.49,82.69,3.5,4.5,5.0,4.0,5.0,29.6024,25.408,32.9,28.0,64.0,64.0,0.0,2.4,12.0,0.9
2024-08-31,87.09,Excellent,summer,87.09,Excellent,summer,87.09,Excellent,86.79,83.95,3.5,4.5,5.0,4.0,5.0,29.8352,25.178240000000002,33.0,27.6,65.6,65.6,0.0,1.9,12.0,1.8
2024-09-01,85.59,Excellent,autumn,84.42,Excellent,summer,84.42,Excellent,86.2,84.75,3.5,4.5,5.0,4.0,3.45,28.56736,24.699160000000003,31.6,27.1,64.9,64.9,0.0,2.0,6.9,4.5
2024-09-02,82.96,Excellent,autumn,83.95,Excellent,summer,83.95,Excellent,85.15,85.64,4.5,5.0,4.73,3.5,0.05,25.11536,22.968799999999998,26.9,24.5,73.6,73.6,2.7,2.6,0.1,8.0
2024-09-03,89.59,Excellent,autumn,88.92,Excellent,summer,88.92,Excellent,85.76,86.26,4.0,5.0,5.0,3.5,3.7,27.996000000000002,23.906,32.0,27.0,54.5,54.5,0.0,2.9,7.4,2.6
2024-09-04,88.63,Excellent,autumn,87.09,Excellent,summer,87.09,Excellent,86.65,86.39,3.5,4.5,5.0,4.0,5.0,29.702479999999998,25.136239999999997,33.3,27.9,61.4,61.4,0.0,2.2,10.6,3.0
2024-09-05,77.35,Very Good,autumn,77.82,Very Good,summer,77.82,Very Good,84.61,85.2,4.0,4.5,4.31,4.0,0.45,27.22832,24.93732,28.8,26.3,79.1,79.1,6.9,2.4,0.9,8.8
2024-09-06,84.23,Excellent,autumn,85.17,Excellent,summer,85.17,Excellent,83.36,84.92,4.5,5.0,4.93,3.5,0.0,24.400039999999997,22.840799999999998,25.7,24.0,79.3,79.3,0.7,2.6,0.0,10.0
2024-09-07,86.28,Excellent,autumn,85.03,Excellent,summer,85.03,Excellent,82.67,84.63,3.5,4.5,5.0,4.0,3.8,28.650280000000002,24.447400000000002,31.3,26.5,68.9,68.9,0.0,1.9,7.6,4.0
2024-09-08,86.42,Excellent,autumn,84.15,Excellent,summer,84.15,Excellent,84.78,84.59,3.0,4.5,5.0,4.5,4.55,30.027519999999996,25.10848,32.8,27.2,69.6,69.6,0.0,1.6,9.1,2.0
2024-09-09,80.16,Excellent,autumn,78.68,Very Good,summer,78.68,Very Good,82.62,83.84,3.0,4.0,5.0,4.0,3.0,31.1116,26.206,34.1,28.5,69.0,69.0,0.0,1.9,6.0,3.6
2024-09-10,83.1,Excellent,autumn,81.26,Excellent,summer,81.26,Excellent,81.36,82.74,3.0,4.0,5.0,4.0,4.5,30.77388,26.862479999999998,33.9,29.4,67.3,67.3,0.0,1.8,9.0,1.3
2024-09-11,79.1,Very Good,autumn,77.73,Very Good,summer,77.73,Very Good,79.22,81.41,3.0,4.0,4.96,4.0,2.6,31.7956,26.834,34.6,29.0,71.5,71.5,0.4,1.8,5.2,5.5
2024-09-12,58.96,Acceptable,autumn,60.35,Good,summer,60.35,Good,73.11,78.91,4.0,4.5,1.7299999999999995,4.0,0.09999999999999964,26.518600000000003,24.8764,27.1,25.4,91.5,91.5,32.7,2.1,0.0,9.8
2024-09-13,75.99,Very Good,autumn,76.59,Very Good,summer,76.59,Very Good,71.56,77.68,4.0,4.5,4.24,4.0,0.0,27.3808,25.35304,28.0,25.9,91.4,91.4,7.6,2.2,0.0,10.0
2024-09-14,79.28,Very Good,autumn,77.91,Very Good,summer,77.91,Very Good,71.62,76.67,3.0,4.0,5.0,4.0,2.55,30.450640000000003,26.581599999999998,32.2,28.0,80.3,80.3,0.0,1.7,5.1,4.8
2024-09-15,83.46,Excellent,autumn,81.57,Excellent,summer,81.57,Excellent,78.69,76.3,3.0,4.5,5.0,3.5,4.1,30.03456,25.652,32.4,27.5,73.6,73.6,0.0,2.8,8.2,3.1
2024-09-16,77.35,Very Good,autumn,76.71,Very Good,summer,76.71,Very Good,78.73,76.02,3.5,4.5,4.05,3.5,3.1,29.8912,25.0528,32.2,26.8,74.0,74.0,9.5,2.8,6.2,5.6
2024-09-17,77.71,Very Good,autumn,76.53,Very Good,summer,76.53,Very Good,78.27,75.34,3.0,4.0,5.0,4.0,1.75,31.065600000000003,26.8888,33.2,28.6,77.0,77.0,0.0,1.7,3.5,7.4
2024-09-18,81.21,Excellent,autumn,79.55,Very Good,summer,79.61,Very Good,77.6,75.6,3.0,4.0,4.93,4.5,3.25,31.40992,27.59968,33.6,29.4,76.8,76.8,0.7,1.6,6.5,7.0
2024-09-19,75.65,Very Good,autumn,74.72,Very Good,summer,74.79,Very Good,76.93,77.65,3.0,4.0,5.0,4.0,0.7,30.55696,27.37336,32.6,29.1,77.4,77.4,0.0,1.7,1.4,8.5
2024-09-20,47.0,Marginal,autumn,48.95,Marginal,summer,48.74,Marginal,67.74,73.71,4.0,4.5,0.0,4.0,0.05,27.84112,24.388,28.6,25.0,89.8,89.8,54.5,2.4,0.1,10.0
2024-09-21,62.26,Good,autumn,64.56,Good,summer,64.23,Good,62.74,71.8,4.5,4.0,2.3,3.0,0.75,21.057479999999998,18.641560000000002,21.9,19.3,82.3,82.3,27.0,4.3,0.0,8.5
2024-09-22,87.41,Excellent,autumn,88.02,Excellent,summer,87.91,Excellent,67.18,72.72,4.5,4.0,5.0,3.5,3.6,24.52232,19.5656,26.7,21.0,67.4,67.4,0.0,2.7,7.2,4.5
2024-09-23,92.52,Ideal,autumn,93.5,Ideal,summer,93.29,Ideal,82.03,75.12,5.0,4.0,5.0,3.5,5.0,23.41452,18.99856,26.1,20.8,58.3,58.3,0.0,3.1,11.4,0.8
2024-09-24,91.19,Ideal,autumn,91.33,Ideal,summer,91.3,Ideal,90.95,77.23,4.5,4.0,5.0,4.0,5.0,24.054039999999997,19.1476,26.9,21.0,57.9,57.9,0.0,2.2,11.1,1.0
2024-09-25,89.55,Excellent,autumn,89.88,Excellent,summer,89.78,Excellent,91.57,78.71,4.5,4.5,5.0,4.0,3.05,24.91952,21.469920000000002,27.3,23.3,65.6,65.6,0.0,1.7,6.1,5.8
2024-09-26,89.38,Excellent,autumn,88.65,Excellent,summer,88.88,Excellent,89.95,80.7,4.0,5.0,4.88,4.5,2.95,26.2072,22.245440000000002,28.0,23.6,75.1,75.1,1.2,1.6,5.9,4.8
2024-09-27,88.94,Excellent,autumn,88.35,Excellent,summer,88.56,Excellent,88.96,86.33,4.0,4.5,5.0,4.0,3.95,26.0416,21.31824,28.0,22.7,72.8,72.8,0.0,2.4,7.9,2.6
2024-09-28,90.57,Ideal,autumn,90.78,Ideal,summer,90.7,Ideal,89.26,90.07,4.5,4.5,5.0,3.5,4.1,24.985879999999998,21.05104,27.9,23.2,59.3,59.3,0.0,3.4,8.2,3.1
2024-09-29,87.31,Excellent,autumn,86.94,Excellent,summer,87.1,Excellent,88.69,89.92,4.0,4.5,5.0,3.5,3.65,26.073999999999998,21.421,29.0,23.5,61.5,61.5,0.0,2.7,7.3,1.5
2024-09-30,91.41,Ideal,autumn,91.51,Ideal,summer,91.46,Ideal,89.74,89.63,4.5,4.5,5.0,4.0,4.0,25.762,21.076,28.5,23.0,63.0,63.0,0.0,2.1,8.0,4.5
2024-10-01,79.65,Very Good,autumn,79.65,Very Good,autumn,80.37,Excellent,86.03,87.97,4.5,3.5,4.75,4.0,1.1,20.179,17.221,21.7,18.3,67.5,67.5,2.5,2.5,2.2,5.9
2024-10-02,83.78,Excellent,autumn,83.78,Excellent,autumn,83.35,Excellent,84.98,87.09,3.5,3.5,5.0,4.0,4.75,17.87248,13.89648,19.9,14.9,48.8,48.8,0.0,2.5,9.5,2.0
2024-10-03,86.36,Excellent,autumn,86.36,Excellent,autumn,86.68,Excellent,83.26,86.77,4.5,3.5,5.0,4.0,3.65,20.45,15.350399999999999,22.5,16.4,59.0,59.0,0.0,1.9,7.3,2.0
2024-10-04,89.01,Excellent,autumn,89.01,Excellent,autumn,89.18,Excellent,86.38,86.86,4.5,3.5,5.0,4.0,5.0,21.928,16.384,24.2,17.6,60.0,60.0,0.0,1.8,10.9,0.0
2024-10-05,92.13,Ideal,autumn,92.13,Ideal,autumn,92.49,Ideal,89.17,87.05,5.0,3.5,5.0,4.5,4.85,22.11904,16.312,24.4,17.5,60.4,60.4,0.0,1.6,9.7,3.6
2024-10-06,76.59,Very Good,autumn,76.59,Very Good,autumn,76.57,Very Good,85.91,85.58,3.5,3.5,5.0,4.5,0.5499999999999998,17.0626,14.8276,17.9,15.4,73.5,73.5,0.0,1.4,0.0,8.9
2024-10-07,79.64,Very Good,autumn,79.64,Very Good,autumn,79.81,Very Good,82.79,83.88,4.0,3.5,5.0,4.5,0.9,19.58292,16.17964,20.7,16.9,73.9,73.9,0.0,1.3,1.8,6.6
2024-10-08,88.24,Excellent,autumn,88.24,Excellent,autumn,88.62,Excellent,81.49,85.11,5.0,3.5,5.0,4.0,3.4,22.44884,16.89612,23.9,17.7,73.9,73.9,0.0,1.8,6.8,1.3
2024-10-09,89.52,Excellent,autumn,89.52,Excellent,autumn,89.81,Excellent,85.8,85.93,5.0,3.5,5.0,4.0,4.05,22.33216,17.53632,24.4,18.8,64.1,64.1,0.0,2.3,8.1,4.8
2024-10-10,87.75,Excellent,autumn,87.75,Excellent,autumn,88.03,Excellent,88.5,86.13,5.0,3.5,5.0,4.0,3.15,22.19932,17.61376,24.1,18.8,66.3,66.3,0.0,1.9,6.3,4.5
2024-10-11,90.89,Ideal,autumn,90.89,Ideal,autumn,91.06,Ideal,89.39,86.39,5.0,3.5,5.0,4.0,4.75,22.60288,17.52672,24.4,18.6,68.8,68.8,0.0,1.8,9.5,0.6
2024-10-12,92.42,Ideal,autumn,92.42,Ideal,autumn,92.52,Ideal,90.35,86.44,5.0,3.5,5.0,4.5,5.0,22.38328,16.99192,24.7,18.3,60.6,60.6,0.0,1.5,10.4,0.0
2024-10-13,83.82,Excellent,autumn,83.82,Excellent,autumn,83.89,Excellent,89.04,87.47,4.5,3.5,5.0,4.0,2.35,20.9368,17.2044,22.6,18.3,67.0,67.0,0.0,2.0,4.7,6.4
2024-10-14,81.98,Excellent,autumn,81.98,Excellent,autumn,82.02,Excellent,86.07,87.8,4.5,4.0,5.0,4.0,0.2999999999999998,20.1338,18.19516,21.5,19.3,70.3,70.3,0.0,1.9,0.0,9.4
2024-10-15,83.69,Excellent,autumn,83.69,Excellent,autumn,83.69,Excellent,83.16,87.15,4.5,4.0,4.95,4.0,1.35,21.186,18.648,21.9,19.2,85.0,85.0,0.5,1.8,0.0,7.3
2024-10-16,89.28,Excellent,autumn,89.28,Excellent,autumn,89.28,Excellent,84.98,87.12,5.0,3.5,5.0,4.5,3.4,22.88792,17.44232,24.2,18.2,76.9,76.9,0.0,1.5,6.8,2.8
2024-10-17,88.93,Excellent,autumn,88.93,Excellent,autumn,88.93,Excellent,87.3,87.29,5.0,3.5,5.0,4.0,3.75,23.84112,17.9344,25.7,19.0,70.4,70.4,0.0,1.7,7.5,4.4
2024-10-18,44.92,Marginal,autumn,44.92,Marginal,autumn,44.92,Marginal,74.38,80.72,4.0,3.5,0.29000000000000004,4.0,0.20000000000000018,18.31072,16.98856,18.8,17.4,86.1,86.1,47.1,2.5,0.0,9.6
2024-10-19,77.17,Very Good,autumn,77.17,Very Good,autumn,77.17,Very Good,70.34,78.54,4.0,3.5,4.9,3.5,1.05,19.990000000000002,15.940000000000001,21.1,16.6,75.0,75.0,1.0,3.3,2.1,6.6
2024-10-20,80.01,Excellent,autumn,80.01,Excellent,autumn,80.01,Excellent,67.37,78.0,3.5,3.0,5.0,3.0,5.0,16.4272,12.8016,17.8,13.4,56.0,56.0,0.0,3.7,10.0,1.4
2024-10-21,77.92,Very Good,autumn,77.92,Very Good,autumn,77.92,Very Good,78.37,77.42,4.0,3.5,5.0,4.0,0.55,18.05008,14.15488,19.3,14.8,66.4,66.4,0.0,2.3,1.1,8.6
2024-10-22,60.34,Good,autumn,60.34,Good,autumn,60.34,Good,72.76,74.08,3.5,3.5,2.94,4.0,0.0,16.357120000000002,15.2976,16.6,15.5,90.8,90.8,20.6,2.0,0.0,10.0
2024-10-23,71.47,Very Good,autumn,71.47,Very Good,autumn,71.47,Very Good,69.91,71.54,3.5,3.0,4.77,3.0,1.45,14.9566,12.43324,15.5,12.7,75.3,75.3,2.3,3.7,2.9,5.9
2024-10-24,81.99,Excellent,autumn,81.99,Excellent,autumn,81.99,Excellent,71.27,70.55,3.5,3.0,5.0,4.0,4.95,17.43904,12.214,18.4,12.5,71.4,71.4,0.0,1.8,9.9,0.0
2024-10-25,84.58,Excellent,autumn,84.58,Excellent,autumn,84.58,Excellent,79.35,76.21,4.0,3.5,5.0,4.0,3.95,19.848599999999998,14.19636,21.5,14.9,64.1,64.1,0.0,1.7,7.9,4.0
2024-10-26,91.09,Ideal,autumn,91.09,Ideal,autumn,91.09,Ideal,85.89,78.2,5.0,3.5,5.0,4.0,4.85,22.2248,16.1124,24.0,17.0,68.3,68.3,0.0,1.8,9.7,2.8
2024-10-27,78.08,Very Good,autumn,78.08,Very Good,autumn,78.08,Very Good,84.58,77.92,4.0,3.5,5.0,4.5,0.1,18.07488,15.5056,18.8,16.0,79.4,79.4,0.0,1.6,0.2,8.3
2024-10-28,78.7,Very Good,autumn,78.7,Very Good,autumn,78.7,Very Good,82.62,78.04,4.0,3.5,5.0,4.0,0.95,19.39744,15.15052,20.4,15.7,75.9,75.9,0.0,2.1,1.9,8.3
2024-10-29,74.67,Very Good,autumn,74.67,Very Good,autumn,74.67,Very Good,77.15,80.08,3.5,3.5,5.0,4.0,0.1,17.12472,14.292,18.3,15.0,64.6,64.6,0.0,2.3,0.2,6.0
2024-10-30,89.66,Excellent,autumn,89.66,Excellent,autumn,89.66,Excellent,81.01,82.68,4.5,3.5,5.0,4.5,4.8,20.091279999999998,15.045639999999999,21.4,15.7,71.3,71.3,0.0,1.6,9.6,1.3
2024-10-31,89.46,Excellent,autumn,89.46,Excellent,autumn,89.46,Excellent,84.6,83.75,4.5,3.5,5.0,4.5,4.7,20.97712,15.14008,22.6,15.9,67.8,67.8,0.0,1.4,9.4,1.8
2024-11-01,75.61,Very Good,autumn,75.61,Very Good,autumn,75.61,Very Good,84.91,82.47,3.5,3.5,5.0,4.5,0.05,17.68384,14.68096,18.7,15.3,70.8,70.8,0.0,1.4,0.1,9.8
2024-11-02,90.99,Ideal,autumn,90.99,Ideal,autumn,90.99,Ideal,85.35,82.45,5.0,3.5,5.0,4.0,4.8,22.61756,16.76836,25.1,18.1,58.9,58.9,0.0,1.9,9.6,1.8
2024-11-03,87.25,Excellent,autumn,87.25,Excellent,autumn,87.25,Excellent,84.62,83.76,4.5,3.5,5.0,4.0,4.1,21.9394,16.72144,23.5,17.6,71.1,71.1,0.0,2.4,8.2,2.5
2024-11-04,79.93,Very Good,autumn,79.93,Very Good,autumn,79.93,Very Good,86.06,83.94,3.5,3.5,4.99,3.5,3.35,17.0384,14.070400000000001,18.3,14.8,62.0,62.0,0.1,2.9,6.7,5.3
2024-11-05,80.91,Excellent,autumn,80.91,Excellent,autumn,80.91,Excellent,82.7,84.83,3.5,3.0,5.0,4.0,4.4,13.75624,9.28072,14.7,9.1,49.8,49.8,0.0,2.1,8.8,2.8
2024-11-06,79.43,Very Good,autumn,79.43,Very Good,autumn,79.43,Very Good,80.09,83.37,3.0,3.0,5.0,4.0,4.85,11.961,8.039,12.5,7.5,46.1,46.1,0.0,2.5,9.7,0.0
2024-11-07,82.84,Excellent,autumn,82.84,Excellent,autumn,82.84,Excellent,81.06,82.42,3.5,3.0,5.0,4.5,4.85,14.51668,8.25672,15.7,7.8,48.1,48.1,0.0,1.5,9.7,0.0
2024-11-08,82.74,Excellent,autumn,82.74,Excellent,autumn,82.74,Excellent,81.67,83.44,3.5,3.0,5.0,4.5,4.8,16.50592,10.160639999999999,18.1,10.2,50.8,50.8,0.0,1.5,9.6,0.8
2024-11-09,84.42,Excellent,autumn,84.42,Excellent,autumn,84.42,Excellent,83.33,82.5,4.0,3.0,5.0,4.5,4.45,18.47896,12.38728,20.3,12.9,55.8,55.8,0.0,1.4,8.9,2.0
2024-11-10,83.5,Excellent,autumn,83.5,Excellent,autumn,83.5,Excellent,83.55,81.97,4.0,3.5,5.0,4.0,3.4,19.416,13.7664,21.0,14.4,64.0,64.0,0.0,1.8,6.8,3.9
2024-11-11,89.36,Excellent,autumn,89.36,Excellent,autumn,89.36,Excellent,85.76,83.31,4.5,3.5,5.0,4.5,4.65,20.1244,13.9468,21.8,14.6,64.5,64.5,0.0,1.2,9.3,1.8
2024-11-12,83.58,Excellent,autumn,83.58,Excellent,autumn,83.58,Excellent,85.48,83.7,3.5,3.5,5.0,4.0,4.65,17.97824,13.72896,19.2,14.3,66.8,66.8,0.0,2.2,9.3,2.4
2024-11-13,85.27,Excellent,autumn,85.27,Excellent,autumn,85.23,Excellent,86.07,84.53,4.0,3.5,5.0,4.0,4.3,19.62308,13.57672,21.3,14.2,62.9,62.9,0.0,1.7,8.6,2.4
2024-11-14,75.87,Very Good,autumn,75.87,Very Good,autumn,75.89,Very Good,81.57,83.53,3.5,3.5,4.99,4.0,0.75,15.94048,14.193280000000001,16.8,14.8,68.4,68.4,0.1,1.8,0.0,8.5
2024-11-15,82.23,Excellent,autumn,82.23,Excellent,autumn,82.18,Excellent,81.12,83.46,4.0,3.5,5.0,4.0,2.75,19.8946,16.0228,21.5,17.0,65.1,65.1,0.0,1.8,5.5,6.8
2024-11-16,76.16,Very Good,autumn,76.16,Very Good,autumn,76.15,Very Good,78.09,82.28,4.5,3.5,4.35,3.5,1.25,21.214000000000002,16.23,22.6,17.0,72.5,72.5,6.5,2.6,,7.5
2024-11-17,72.05,Very Good,autumn,72.05,Very Good,autumn,71.79,Very Good,76.81,80.65,3.5,2.5,5.0,3.0,2.05,13.47776,7.6288,14.4,7.0,47.6,47.6,0.0,3.6,4.1,5.0
2024-11-18,76.85,Very Good,autumn,76.85,Very Good,autumn,76.56,Very Good,75.02,78.86,3.0,2.5,5.0,4.0,4.65,8.48044,4.79008,7.9,2.8,30.9,30.9,0.0,2.3,9.3,0.6
2024-11-19,74.99,Very Good,autumn,74.99,Very Good,autumn,74.73,Very Good,74.63,77.63,3.0,2.5,5.0,4.0,3.7,11.0374,6.5686,11.3,5.7,49.5,49.5,0.0,2.0,7.4,4.8
2024-11-20,69.07,Good,autumn,69.07,Good,autumn,69.24,Good,73.64,75.32,3.0,2.5,5.0,4.5,0.15,9.65472,6.978800000000001,9.6,6.5,65.8,65.8,0.0,1.3,0.3,7.6
2024-11-21,75.43,Very Good,autumn,75.43,Very Good,autumn,75.35,Very Good,73.16,75.25,3.5,3.0,5.0,4.0,1.6,13.63916,9.73372,14.1,9.7,71.9,71.9,0.0,2.2,3.2,4.8
2024-11-22,76.76,Very Good,autumn,76.76,Very Good,autumn,76.27,Very Good,73.75,74.47,3.0,2.5,5.0,4.0,4.6,10.4752,6.9904,10.6,6.2,48.0,48.0,0.0,2.2,9.2,0.0
2024-11-23,76.76,Very Good,autumn,76.76,Very Good,autumn,76.22,Very Good,76.32,74.56,3.0,2.5,5.0,4.0,4.6,12.04984,7.16176,12.6,6.4,47.1,47.1,0.0,1.7,9.2,1.4
2024-11-24,80.07,Excellent,autumn,80.07,Excellent,autumn,79.63,Very Good,77.86,75.7,3.5,2.5,5.0,4.5,4.55,13.50112,7.8326400000000005,14.2,7.4,58.4,58.4,0.0,1.6,9.1,1.1
2024-11-25,78.95,Very Good,autumn,78.95,Very Good,autumn,78.57,Very Good,78.59,76.0,3.5,3.0,5.0,4.0,3.4,14.484160000000001,10.08304,15.4,10.1,57.6,57.6,0.0,2.5,6.8,5.8
2024-11-26,49.75,Marginal,autumn,51.25,Acceptable,winter,50.5,Acceptable,70.09,72.61,3.0,2.5,2.4,3.5,0.45,12.55312,6.02848,12.7,5.8,86.4,86.4,26.0,3.4,0.9,9.6
2024-11-27,44.61,Marginal,autumn,46.58,Marginal,winter,45.66,Marginal,58.93,69.4,2.0,1.5,2.7600000000000002,4.5,0.15,1.5308800000000002,-0.008959999999999635,1.2,-0.4,90.6,90.6,22.4,1.4,0.3,9.1
2024-11-28,61.87,Good,autumn,61.66,Good,winter,61.75,Good,53.16,67.43,2.0,2.0,4.51,4.0,2.25,3.8752,1.4624000000000001,3.4,0.8,82.0,82.0,4.9,1.8,4.5,5.4
2024-11-29,69.52,Good,autumn,69.12,Good,winter,69.28,Good,59.12,66.34,2.5,2.0,5.0,4.5,2.7,4.0256799999999995,1.12904,3.4,0.2,76.3,76.3,0.0,1.5,5.4,2.4
2024-11-30,65.54,Good,autumn,65.23,Good,winter,65.34,Good,65.34,64.69,2.5,2.0,5.0,4.0,1.2,5.92384,3.052,5.6,2.5,81.6,81.6,0.0,1.8,2.4,4.1
2024-12-01,69.59,Good,winter,69.59,Good,winter,69.64,Good,67.98,63.2,3.0,2.5,4.95,4.0,1.2,8.27704,5.4054400000000005,8.2,5.2,89.3,89.3,0.5,2.4,2.4,5.9
2024-12-02,69.81,Good,winter,69.81,Good,winter,69.86,Good,68.21,61.89,3.0,2.5,5.0,4.0,1.15,12.7588,6.68944,13.0,6.4,79.9,79.9,0.0,2.2,2.3,2.6
2024-12-03,70.5,Very Good,winter,70.5,Very Good,winter,70.85,Very Good,69.97,64.64,2.5,2.0,5.0,4.0,4.45,6.18688,3.0887200000000004,5.2,1.3,48.6,48.6,0.0,2.4,8.9,3.0
2024-12-04,72.89,Very Good,winter,72.89,Very Good,winter,73.15,Very Good,71.07,68.4,2.5,2.5,5.0,4.0,4.45,7.49396,4.42204,6.9,3.1,52.1,52.1,0.0,2.1,8.9,1.3
2024-12-05,72.27,Very Good,winter,72.27,Very Good,winter,72.41,Very Good,71.89,69.92,3.0,2.5,4.82,4.0,3.35,8.97856,4.8076799999999995,8.8,3.9,62.8,62.8,1.8,2.3,6.7,2.5
2024-12-06,70.66,Very Good,winter,70.66,Very Good,winter,70.87,Very Good,71.94,70.14,2.5,2.0,5.0,4.0,4.55,6.17344,3.70212,5.2,2.1,49.3,49.3,0.0,2.5,9.1,0.1
2024-12-07,69.12,Good,winter,69.12,Good,winter,69.24,Good,70.68,70.69,2.5,2.0,5.0,4.0,3.6,5.530959999999999,1.8895200000000003,4.6,0.2,56.9,56.9,0.0,2.5,7.2,0.9
2024-12-08,70.66,Very Good,winter,70.66,Very Good,winter,70.76,Very Good,70.15,70.84,2.5,2.0,5.0,4.0,4.55,5.3626,1.9828,4.1,-0.2,46.5,46.5,0.0,2.2,9.1,0.0
2024-12-09,71.47,Very Good,winter,71.47,Very Good,winter,71.5,Very Good,70.42,71.08,2.5,2.0,5.0,4.5,4.15,7.85656,2.5804,7.4,1.0,56.1,56.1,0.0,1.6,8.3,0.8
2024-12-10,70.09,Very Good,winter,70.09,Very Good,winter,70.09,Very Good,70.74,71.02,2.5,2.0,5.0,4.0,4.2,7.4096400000000004,3.8165600000000004,6.9,2.6,58.9,58.9,0.0,1.9,8.4,3.9
2024-12-11,75.0,Very Good,winter,75.0,Very Good,winter,75.0,Very Good,72.19,71.32,3.0,2.5,5.0,4.5,3.45,8.557839999999999,4.3916,8.2,3.0,50.3,50.3,0.0,1.6,6.9,4.6
2024-12-12,68.72,Good,winter,68.72,Good,winter,68.72,Good,71.27,70.82,2.5,2.0,5.0,4.0,3.35,6.39728,2.5596,5.4,0.5,45.8,45.8,0.0,2.1,6.7,4.5
2024-12-13,67.5,Good,winter,67.5,Good,winter,67.5,Good,70.41,70.37,2.5,2.0,5.0,4.0,2.6,5.7738,3.0844,4.5,1.0,42.1,42.1,0.0,2.2,5.2,5.0
2024-12-14,68.31,Good,winter,68.31,Good,winter,68.31,Good,68.18,70.25,2.0,2.0,5.0,4.0,4.5,3.9699999999999998,1.3168,2.5,-0.8,51.0,51.0,0.0,2.2,9.0,1.3
2024-12-15,68.15,Good,winter,68.15,Good,winter,68.15,Good,67.99,69.89,2.5,2.0,5.0,4.0,3.0,6.24456,2.81568,5.4,1.2,54.1,54.1,0.0,2.4,6.0,2.8
2024-12-16,67.83,Good,winter,67.83,Good,winter,67.83,Good,68.1,69.37,2.5,2.0,5.0,4.5,1.9,4.73204,1.19128,3.9,-0.2,65.9,65.9,0.0,1.2,3.8,3.1
2024-12-17,68.31,Good,winter,68.31,Good,winter,68.31,Good,68.1,69.12,2.5,2.0,5.0,4.0,3.1,4.99536,1.28224,3.8,-0.8,51.8,51.8,0.0,2.2,6.2,1.1
2024-12-18,65.92,Good,winter,65.92,Good,winter,65.92,Good,67.35,67.82,2.0,1.5,5.0,4.0,4.5,2.82556,-0.5645600000000002,0.9,-3.4,47.1,47.1,0.0,2.2,9.0,0.0
2024-12-19,71.39,Very Good,winter,71.39,Very Good,winter,71.39,Very Good,68.54,68.2,2.5,2.0,5.0,4.5,4.1,5.97304,0.9985600000000003,4.9,-1.4,47.4,47.4,0.0,1.5,8.2,3.3
2024-12-20,64.18,Good,winter,64.18,Good,winter,64.18,Good,67.16,67.73,2.5,2.0,4.96,4.0,0.7,6.03508,2.74504,5.3,1.4,60.9,60.9,0.4,2.0,1.4,9.1
2024-12-21,59.4,Acceptable,winter,59.4,Acceptable,winter,59.4,Acceptable,64.99,66.45,2.0,2.0,4.71,3.5,1.0,2.73916,0.4085200000000002,1.9,-0.7,74.1,74.1,2.9,2.8,2.0,5.3
2024-12-22,65.92,Good,winter,65.92,Good,winter,65.92,Good,63.17,66.14,2.0,1.5,5.0,4.0,4.5,2.6955999999999998,-0.8754399999999998,1.0,-3.4,52.9,52.9,0.0,2.1,9.0,0.0
2024-12-23,69.2,Good,winter,69.2,Good,winter,69.2,Good,64.84,66.33,2.5,2.0,5.0,4.0,3.65,7.2478,1.9102000000000001,6.7,0.3,58.5,58.5,0.0,2.2,7.3,0.9
2024-12-24,72.04,Very Good,winter,72.04,Very Good,winter,72.04,Very Good,69.05,66.86,2.5,2.0,5.0,4.5,4.5,6.07412,1.6675200000000001,5.1,-0.4,50.3,50.3,0.0,1.4,9.0,2.1
2024-12-25,65.66,Good,winter,65.66,Good,winter,65.66,Good,68.97,66.83,2.5,2.0,4.99,4.0,1.5,7.0166,3.77748,6.5,2.7,63.1,63.1,0.1,2.0,3.0,8.3
2024-12-26,68.8,Good,winter,68.8,Good,winter,68.8,Good,68.83,66.46,2.5,2.0,5.0,3.5,4.3,5.17672,1.7671600000000005,4.2,0.1,57.9,57.9,0.0,3.4,8.6,0.8
2024-12-27,63.08,Good,winter,63.08,Good,winter,63.08,Good,65.85,66.3,2.0,1.5,5.0,3.5,3.65,3.3940799999999998,-0.15056000000000003,1.8,-2.6,51.4,51.4,0.0,2.7,7.3,2.3
2024-12-28,65.35,Good,winter,65.35,Good,winter,65.35,Good,65.74,67.15,2.0,1.5,5.0,4.0,4.15,2.9405200000000002,-0.3115999999999999,1.1,-3.0,48.3,48.3,0.0,2.5,8.3,1.1
2024-12-29,70.02,Very Good,winter,70.02,Very Good,winter,70.02,Very Good,66.15,67.74,2.5,2.0,5.0,4.5,3.25,6.78484,2.66284,6.1,1.1,56.1,56.1,0.0,1.5,6.5,5.1
2024-12-30,70.06,Very Good,winter,70.06,Very Good,winter,70.06,Very Good,68.48,67.86,3.0,2.5,5.0,4.0,1.3,10.087399999999999,6.067,10.1,5.5,68.5,68.5,0.0,2.3,2.6,7.4
2024-12-31,69.12,Good,winter,69.12,Good,winter,69.12,Good,69.73,67.44,2.5,2.0,5.0,3.5,4.5,6.00568,2.6379200000000003,4.9,0.6,45.8,45.8,0.0,2.6,9.0,0.0
2025-01-01,70.1,Very Good,winter,70.1,Very Good,winter,70.1,Very Good,69.76,68.08,3.0,2.0,5.0,4.0,2.8,9.057080000000001,3.65672,8.9,2.6,64.3,64.3,0.0,2.2,5.6,2.6
2025-01-02,70.58,Very Good,winter,70.58,Very Good,winter,70.58,Very Good,69.93,68.33,2.5,2.0,5.0,4.0,4.5,6.8192,2.4456,6.0,0.5,48.8,48.8,0.0,2.1,9.0,0.8
2025-01-03,69.53,Good,winter,69.53,Good,winter,69.53,Good,70.07,69.25,2.5,2.0,5.0,4.0,3.85,4.5056,1.0312000000000001,3.2,-1.1,52.0,52.0,0.0,2.2,7.7,3.1
2025-01-04,69.69,Good,winter,69.69,Good,winter,69.69,Good,69.93,69.87,2.5,2.0,5.0,4.0,3.95,6.56688,1.93616,5.7,-0.1,49.6,49.6,0.0,1.7,7.9,1.4
2025-01-05,57.39,Acceptable,winter,57.39,Acceptable,winter,57.39,Acceptable,65.54,68.07,2.0,2.0,4.33,4.0,0.2999999999999998,2.95,1.7280000000000002,2.5,1.2,85.0,85.0,6.7,2.5,0.0,9.4
2025-01-06,61.85,Good,winter,61.85,Good,winter,61.85,Good,62.98,66.89,2.5,2.0,4.7,3.5,1.15,4.04416,1.8784000000000005,3.4,1.0,75.6,75.6,3.0,2.8,2.3,6.3
2025-01-07,62.78,Good,winter,62.78,Good,winter,62.78,Good,60.67,65.99,2.0,1.5,4.99,3.5,3.5,3.081,-0.2564000000000002,1.5,-2.6,53.5,53.5,0.1,2.7,7.0,2.0
2025-01-08,61.14,Good,winter,61.14,Good,winter,61.14,Good,61.92,64.71,2.0,1.5,5.0,3.5,2.45,1.96008,-0.99336,0.2,-3.4,55.1,55.1,0.0,2.7,4.9,3.6
2025-01-09,57.93,Acceptable,winter,57.93,Acceptable,winter,57.93,Acceptable,60.62,62.9,1.5,1.0,5.0,3.0,4.25,-2.132959999999999,-4.84592,-6.1,-9.7,38.4,38.4,0.0,4.2,8.5,0.1
2025-01-10,67.54,Good,winter,67.54,Good,winter,67.54,Good,62.2,62.62,2.0,1.5,5.0,4.5,4.6,0.7335999999999998,-3.701599999999999,-1.7,-7.3,48.0,48.0,0.0,1.6,9.2,1.5
2025-01-11,66.0,Good,winter,66.0,Good,winter,66.0,Good,63.82,62.09,2.0,1.5,5.0,4.0,4.55,2.0358400000000003,-2.5269599999999994,0.4,-5.1,57.4,57.4,0.0,1.7,9.1,0.0
2025-01-12,64.87,Good,winter,64.87,Good,winter,64.87,Good,66.14,63.16,2.0,1.5,5.0,4.0,3.85,3.7030000000000003,-1.2506399999999998,2.5,-3.4,59.9,59.9,0.0,1.8,7.7,0.8
2025-01-13,64.27,Good,winter,64.27,Good,winter,64.27,Good,65.05,63.5,2.5,2.0,4.87,4.0,1.1,4.64516,0.5609599999999999,4.1,-0.4,76.9,76.9,1.3,1.7,2.2,6.1
2025-01-14,65.09,Good,winter,65.09,Good,winter,65.09,Good,64.74,63.83,2.5,2.0,4.99,4.0,1.15,5.7376000000000005,3.1624,5.2,2.3,72.0,72.0,0.1,2.3,2.3,5.0
2025-01-15,64.62,Good,winter,64.62,Good,winter,64.62,Good,64.66,64.33,2.0,1.5,5.0,3.5,4.6,1.9864000000000006,-0.30319999999999947,-0.5,-3.5,40.8,40.8,0.0,2.9,9.2,1.0
2025-01-16,61.18,Good,winter,61.18,Good,winter,61.18,Good,63.63,64.8,2.0,2.0,5.0,4.0,0.1,3.8051200000000005,0.9658000000000004,2.8,-0.5,65.1,65.1,0.0,2.0,0.2,6.8
2025-01-17,70.58,Very Good,winter,70.58,Very Good,winter,70.58,Very Good,65.46,65.23,2.5,2.0,5.0,4.0,4.5,6.26176,1.0792000000000002,5.6,-0.5,62.4,62.4,0.0,1.8,9.0,0.0
2025-01-18,71.15,Very Good,winter,71.15,Very Good,winter,71.15,Very Good,67.64,65.97,2.5,2.0,5.0,4.5,3.95,7.959,2.6524,7.5,1.0,54.1,54.1,0.0,1.6,7.9,2.3
2025-01-19,70.95,Very Good,winter,70.95,Very Good,winter,70.95,Very Good,70.89,66.83,3.0,2.5,5.0,4.0,1.85,9.14,4.668,9.0,3.8,65.0,65.0,0.0,1.8,3.7,7.4
2025-01-20,68.76,Good,winter,68.76,Good,winter,68.76,Good,70.29,67.48,2.5,2.5,5.0,4.0,1.9,7.769,4.55636,7.5,3.9,73.1,73.1,0.0,1.7,3.8,4.8
2025-01-21,69.93,Good,winter,69.93,Good,winter,69.93,Good,69.88,68.17,2.5,2.0,5.0,4.5,3.2,6.59896,3.01408,6.3,2.4,79.8,79.8,0.0,1.6,6.4,2.3
2025-01-22,70.14,Very Good,winter,70.14,Very Good,winter,70.14,Very Good,69.61,68.96,2.5,2.5,5.0,4.0,2.75,7.9732400000000005,4.360320000000001,7.7,3.6,70.3,70.3,0.0,1.9,5.5,3.4
2025-01-23,74.55,Very Good,winter,74.55,Very Good,winter,74.55,Very Good,71.54,70.87,3.0,2.0,5.0,4.5,4.65,8.12044,3.4624000000000006,7.7,2.0,54.3,54.3,0.0,1.6,9.3,0.0
2025-01-24,77.02,Very Good,winter,77.02,Very Good,winter,77.02,Very Good,73.9,71.79,3.0,2.5,5.0,4.5,4.7,10.47016,4.59316,10.6,3.1,45.9,45.9,0.0,1.5,9.4,0.0
2025-01-25,72.73,Very Good,winter,72.73,Very Good,winter,72.73,Very Good,74.77,72.01,3.0,2.5,5.0,3.5,3.85,11.13568,6.10624,11.4,5.2,52.8,52.8,0.0,3.1,7.7,1.1
2025-01-26,65.76,Good,winter,65.76,Good,winter,65.76,Good,71.84,71.27,2.5,2.5,5.0,3.5,0.95,7.995,5.6692,7.5,4.6,50.5,50.5,0.0,2.8,1.9,8.0
2025-01-27,57.9,Acceptable,winter,57.9,Acceptable,winter,57.9,Acceptable,65.46,69.72,2.5,2.0,4.44,3.0,0.6,5.53316,1.06632,5.1,0.2,77.9,77.9,5.6,3.5,1.2,9.3
2025-01-28,53.86,Acceptable,winter,53.86,Acceptable,winter,53.86,Acceptable,59.17,67.42,1.5,1.5,4.99,3.0,0.3,-1.065,-2.3042799999999994,-2.5,-3.9,71.3,71.3,0.1,4.0,0.6,8.4
2025-01-29,62.47,Good,winter,62.47,Good,winter,62.47,Good,58.08,66.33,2.0,1.5,4.98,3.5,3.35,0.23228000000000049,-2.620239999999999,-1.3,-4.6,66.1,66.1,0.2,3.1,6.7,4.3
2025-01-30,62.28,Good,winter,62.28,Good,winter,62.28,Good,59.54,64.57,2.0,1.5,5.0,4.5,1.35,1.3496000000000001,-0.8523199999999993,-1.0,-3.8,46.6,46.6,0.0,1.6,2.7,6.6
2025-01-31,60.03,Good,winter,60.03,Good,winter,60.03,Good,61.59,62.15,2.0,2.0,4.76,4.0,0.2999999999999998,1.4402800000000004,0.05968000000000029,0.7,-0.8,80.1,80.1,2.4,2.1,0.0,9.4
2025-02-01,72.93,Very Good,winter,72.93,Very Good,winter,72.93,Very Good,65.08,62.18,3.0,2.0,5.0,4.5,3.65,8.11588,2.46352,7.9,1.6,74.3,74.3,0.0,1.6,7.3,4.3
2025-02-02,69.61,Good,winter,69.61,Good,winter,69.61,Good,67.52,62.73,2.5,2.0,5.0,4.0,3.9,7.22112,2.6186000000000003,6.8,1.5,67.1,67.1,0.0,2.0,7.8,3.5
2025-02-03,63.49,Good,winter,63.49,Good,winter,63.49,Good,68.68,63.52,2.0,1.5,5.0,3.0,4.8,2.5251200000000003,-1.2123199999999992,0.6,-4.1,48.8,48.8,0.0,4.2,9.6,0.0
2025-02-04,58.91,Acceptable,winter,58.91,Acceptable,winter,58.91,Acceptable,64.0,64.25,1.5,1.0,5.0,3.0,4.85,-2.2889599999999994,-5.2608,-5.3,-9.0,50.8,50.8,0.0,3.7,9.7,0.0
2025-02-05,58.02,Acceptable,winter,58.02,Acceptable,winter,58.02,Acceptable,60.14,63.61,1.5,1.0,5.0,3.5,3.4,-0.9106799999999997,-4.813039999999999,-3.7,-8.6,49.1,49.1,0.0,3.2,6.8,2.0
2025-02-06,62.0,Good,winter,62.0,Good,winter,62.0,Good,59.64,63.57,2.0,1.5,4.77,4.0,2.95,1.4360800000000002,-3.0977599999999996,-0.2,-5.6,59.9,59.9,2.3,1.7,5.9,3.1
2025-02-07,56.96,Acceptable,winter,56.96,Acceptable,winter,56.96,Acceptable,58.99,63.13,1.5,1.0,4.96,3.0,3.8,-2.35388,-5.1272,-4.7,-8.0,60.1,60.1,0.4,3.9,7.6,3.5
2025-02-08,60.29,Good,winter,60.29,Good,winter,60.29,Good,59.75,61.33,1.5,1.0,5.0,3.5,4.8,-0.9611999999999998,-4.642200000000001,-3.4,-7.9,54.5,54.5,0.0,2.8,9.6,0.0
2025-02-09,66.24,Good,winter,66.24,Good,winter,66.24,Good,61.16,60.84,2.0,1.5,5.0,4.0,4.7,2.90184,-2.5714400000000004,1.7,-4.7,63.8,63.8,0.0,2.2,9.4,0.3
2025-02-10,64.46,Good,winter,64.46,Good,winter,64.46,Good,63.66,60.98,2.0,1.5,5.0,4.0,3.6,3.7544000000000004,-0.6344000000000001,2.6,-2.6,61.0,61.0,0.0,2.1,7.2,1.3
2025-02-11,70.9,Very Good,winter,70.9,Very Good,winter,70.9,Very Good,67.2,62.7,2.5,2.0,5.0,4.0,4.7,7.4824,2.0276000000000005,7.0,0.5,59.8,59.8,0.0,2.0,9.4,2.1
2025-02-12,60.05,Good,winter,60.05,Good,winter,60.05,Good,65.14,62.99,2.0,2.0,4.75,3.5,1.25,3.226,1.4196,2.5,0.5,75.8,75.8,2.5,2.6,0.0,7.5
2025-02-13,71.07,Very Good,winter,71.07,Very Good,winter,71.07,Very Good,67.34,64.28,2.5,2.0,5.0,4.0,4.8,6.83164,2.0384800000000003,6.1,0.2,53.1,53.1,0.0,2.2,9.6,0.0
2025-02-14,75.64,Very Good,winter,75.64,Very Good,winter,75.64,Very Good,68.92,66.95,3.0,2.5,5.0,4.0,4.75,10.08696,4.52152,10.1,3.7,67.4,67.4,0.0,1.9,9.5,1.5
2025-02-15,70.14,Very Good,winter,70.14,Very Good,winter,70.14,Very Good,72.28,68.36,3.0,2.5,5.0,4.5,0.45,8.0068,4.654599999999999,7.8,4.1,76.5,76.5,0.0,1.6,0.9,5.4
2025-02-16,70.7,Very Good,winter,70.7,Very Good,winter,70.67,Very Good,72.16,68.99,3.0,2.5,5.0,4.0,1.7,9.72928,4.85632,9.7,4.3,75.6,75.6,0.0,2.5,3.4,5.0
2025-02-17,68.39,Good,winter,68.39,Good,winter,68.52,Good,69.74,69.56,2.5,2.0,5.0,3.0,4.95,5.0834,2.20908,3.5,-0.3,39.1,39.1,0.0,3.6,9.9,0.3
2025-02-18,69.85,Good,winter,69.85,Good,winter,70.02,Very Good,69.65,69.41,2.5,2.0,5.0,3.5,4.95,4.36712,0.6372400000000007,2.6,-2.3,40.3,40.3,0.0,3.4,9.9,0.0
2025-02-19,65.27,Good,winter,65.27,Good,winter,65.53,Good,67.84,70.15,2.0,1.5,5.0,3.5,5.0,3.14304,-0.1295999999999995,1.2,-3.0,44.8,44.8,0.0,3.0,10.0,0.0
2025-02-20,67.66,Good,winter,67.66,Good,winter,67.9,Good,67.59,69.66,2.0,2.0,5.0,3.5,5.0,3.7370799999999997,0.025719999999999743,1.9,-2.9,43.3,43.3,0.0,2.7,10.0,0.0
2025-02-21,69.93,Good,winter,69.93,Good,winter,70.29,Very Good,67.62,68.85,2.5,2.0,5.0,3.5,5.0,4.21912,0.23500000000000032,2.6,-2.5,45.3,45.3,0.0,2.7,10.1,0.3
2025-02-22,69.93,Good,winter,69.93,Good,winter,70.34,Very Good,69.17,68.82,2.5,2.0,5.0,3.5,5.0,4.18628,0.20428000000000068,2.7,-2.3,49.1,49.1,0.0,2.7,10.2,0.0
2025-02-23,65.27,Good,winter,65.27,Good,winter,65.79,Good,68.38,68.04,2.0,1.5,5.0,3.5,5.0,2.5748,-0.6297599999999997,0.5,-3.6,45.4,45.4,0.0,3.0,10.1,0.3
2025-02-24,71.39,Very Good,winter,71.39,Very Good,winter,71.88,Very Good,68.86,68.47,2.5,2.0,5.0,4.0,5.0,5.76424,0.9690400000000003,4.7,-1.3,49.8,49.8,0.0,2.3,10.3,0.0
2025-02-25,66.2,Good,winter,66.2,Good,winter,66.25,Good,67.62,67.95,2.5,2.0,5.0,3.5,2.7,6.5274399999999995,2.96584,6.1,2.1,72.6,72.6,0.0,2.9,5.4,4.8
2025-02-26,74.27,Very Good,winter,74.27,Very Good,winter,74.81,Very Good,70.62,69.24,3.0,2.5,5.0,3.5,4.8,9.28216,4.97512,9.1,3.7,49.4,49.4,0.0,2.6,9.6,1.4
2025-02-27,78.32,Very Good,winter,78.32,Very Good,winter,79.04,Very Good,72.93,70.76,3.5,2.5,5.0,4.0,5.0,13.013919999999999,6.986079999999999,14.2,5.8,29.4,29.4,0.0,1.9,10.0,2.0
2025-02-28,74.55,Very Good,winter,74.55,Very Good,winter,73.89,Very Good,75.71,71.42,3.0,3.0,5.0,4.5,1.7,12.995519999999999,8.21888,13.7,7.8,52.4,52.4,0.0,1.5,3.4,3.9
2025-03-01,69.51,Good,spring,69.51,Good,spring,70.43,Very Good,74.13,71.36,3.0,3.0,4.94,4.0,0.85,12.622,8.689,13.0,8.5,68.5,68.5,0.6,2.0,1.7,7.4
2025-03-02,61.18,Good,spring,61.18,Good,spring,61.92,Good,68.41,70.77,3.5,3.0,3.82,3.0,0.2,14.8832,8.5176,15.6,8.3,68.0,68.0,11.8,3.7,0.4,9.8
2025-03-03,60.7,Good,spring,60.7,Good,spring,60.51,Good,63.8,69.25,2.5,2.5,3.96,2.5,3.3,7.5234,4.1074,7.1,3.1,63.5,63.5,10.4,6.3,6.6,7.5
2025-03-04,57.13,Acceptable,spring,57.13,Acceptable,spring,57.63,Acceptable,59.67,67.95,2.5,2.0,4.6,3.0,0.3,4.23688,3.451,3.4,2.5,68.3,68.3,4.0,4.5,0.6,9.3
2025-03-05,67.83,Good,spring,67.83,Good,spring,68.34,Good,61.89,67.03,3.0,2.5,5.0,4.0,0.8,9.31744,5.563359999999999,9.2,4.8,63.3,63.3,0.0,2.2,1.6,6.6
2025-03-06,77.41,Very Good,spring,77.41,Very Good,spring,76.97,Very Good,67.46,66.9,3.0,2.5,5.0,4.0,5.0,10.32816,5.7339199999999995,10.4,4.8,55.1,55.1,0.0,2.3,10.5,0.4
2025-03-07,75.81,Very Good,spring,75.81,Very Good,spring,75.56,Very Good,73.68,67.08,3.0,2.5,5.0,4.0,4.3,10.87692,6.25316,11.1,5.3,49.3,49.3,0.0,1.8,8.6,5.5
2025-03-08,76.27,Very Good,spring,76.27,Very Good,spring,76.01,Very Good,76.5,68.05,3.0,2.5,5.0,4.0,4.5,10.984,6.556,11.2,5.8,55.0,55.0,0.0,2.2,9.0,3.5
2025-03-09,79.99,Very Good,spring,79.99,Very Good,spring,79.63,Very Good,77.36,70.73,3.5,2.5,5.0,4.0,5.0,13.0422,7.30548,13.5,6.9,67.3,67.3,0.0,1.7,10.4,0.1
2025-03-10,81.92,Excellent,spring,81.92,Excellent,spring,81.7,Excellent,79.39,73.77,3.5,3.0,5.0,4.0,5.0,14.11208,8.3216,14.9,8.0,59.8,59.8,0.0,2.1,10.5,0.8
2025-03-11,81.92,Excellent,spring,81.92,Excellent,spring,81.75,Excellent,81.28,77.31,3.5,3.0,5.0,4.0,5.0,15.491200000000001,9.5008,16.6,9.4,58.0,58.0,0.0,1.8,10.2,2.6
2025-03-12,68.05,Good,spring,68.05,Good,spring,68.31,Good,77.3,77.34,3.0,3.0,5.0,4.0,0.05,11.60056,8.6662,11.8,8.5,72.3,72.3,0.0,2.1,0.1,8.4
2025-03-13,81.92,Excellent,spring,81.92,Excellent,spring,81.83,Excellent,77.3,77.98,3.5,3.0,5.0,4.0,5.0,14.092,9.09976,15.0,8.9,54.6,54.6,0.0,2.4,10.5,5.3
2025-03-14,81.58,Excellent,spring,81.58,Excellent,spring,81.54,Excellent,77.18,78.81,3.5,3.0,5.0,4.0,4.85,17.32856,11.74144,20.1,12.4,31.4,31.4,0.0,1.8,9.7,3.0
2025-03-15,76.39,Very Good,spring,76.39,Very Good,spring,76.39,Very Good,79.96,78.82,3.5,3.0,5.0,3.5,3.15,15.446079999999998,11.96664,17.2,12.6,39.1,39.1,0.0,2.8,6.3,7.9
2025-03-16,67.35,Good,spring,67.35,Good,spring,67.35,Good,75.11,77.02,3.0,2.5,4.92,3.0,1.95,10.082519999999999,5.791480000000001,10.1,4.9,56.3,56.3,0.8,3.6,3.9,6.6
2025-03-17,72.71,Very Good,spring,72.71,Very Good,spring,72.71,Very Good,72.15,75.7,2.5,2.5,4.96,3.5,4.75,7.4912,4.12,6.8,2.5,46.0,46.0,0.4,2.9,9.5,5.1
2025-03-18,58.5,Acceptable,spring,58.5,Acceptable,spring,58.5,Acceptable,66.19,72.36,2.5,2.0,4.01,3.5,1.9,6.11744,3.02904,5.6,2.1,70.6,70.6,9.9,2.8,3.8,7.9
2025-03-19,72.9,Very Good,spring,72.9,Very Good,spring,72.9,Very Good,68.04,73.05,2.5,2.0,5.0,4.0,5.0,7.8454,3.9352,7.3,2.4,49.5,49.5,0.0,2.4,11.3,1.0
2025-03-20,77.53,Very Good,spring,77.53,Very Good,spring,77.53,Very Good,69.64,72.42,3.5,3.0,5.0,3.5,3.65,14.256,8.467839999999999,15.0,8.2,62.8,62.8,0.0,2.7,7.3,3.3
2025-03-21,80.04,Excellent,spring,80.04,Excellent,spring,80.04,Excellent,76.82,72.2,3.5,3.0,5.0,3.5,4.75,17.35324,11.352319999999999,18.7,11.6,61.3,61.3,0.0,2.9,9.5,2.4
2025-03-22,83.19,Excellent,spring,83.19,Excellent,spring,83.19,Excellent,80.25,73.17,4.0,3.0,5.0,3.5,5.0,18.07048,12.28256,19.9,12.8,53.8,53.8,0.0,2.7,11.1,0.0
2025-03-23,87.76,Excellent,spring,87.76,Excellent,spring,87.76,Excellent,83.66,76.09,4.5,3.5,5.0,4.0,4.45,21.144,14.139199999999999,24.0,15.2,49.0,49.0,0.0,1.9,8.9,4.0
2025-03-24,82.38,Excellent,spring,82.38,Excellent,spring,82.38,Excellent,84.44,77.47,4.0,3.5,5.0,3.5,3.8,19.31572,14.5342,21.3,15.5,56.1,56.1,0.0,3.0,7.6,6.1
2025-03-25,76.24,Very Good,spring,76.24,Very Good,spring,76.24,Very Good,82.13,80.01,4.0,3.0,5.0,3.5,1.95,19.735599999999998,12.3058,21.4,12.7,63.5,63.5,0.0,3.3,3.9,5.1
2025-03-26,89.01,Excellent,spring,89.01,Excellent,spring,89.01,Excellent,82.54,82.31,4.5,3.5,5.0,4.0,5.0,20.919839999999997,14.3208,23.9,15.5,46.4,46.4,0.0,2.2,10.0,3.4
2025-03-27,73.12,Very Good,spring,73.12,Very Good,spring,73.12,Very Good,79.46,81.68,3.5,3.5,4.97,3.5,0.95,17.399440000000002,13.18348,18.6,13.7,65.1,65.1,0.3,3.2,1.9,8.9
2025-03-28,72.28,Very Good,spring,72.28,Very Good,spring,72.28,Very Good,78.14,80.57,3.0,2.5,5.0,3.0,3.9,11.379520000000001,7.3176,11.8,6.5,41.6,41.6,0.0,3.7,7.8,2.9
2025-03-29,69.13,Good,spring,69.13,Good,spring,69.13,Good,71.51,78.56,2.5,2.5,5.0,3.0,3.65,7.48144,4.88656,6.7,3.3,40.8,40.8,0.0,3.6,7.3,2.9
2025-03-30,72.79,Very Good,spring,72.79,Very Good,spring,72.79,Very Good,71.4,76.42,3.0,2.5,5.0,3.5,3.55,8.06944,4.61052,7.6,3.3,51.1,51.1,0.0,2.8,7.1,2.9
2025-03-31,81.92,Excellent,spring,81.92,Excellent,spring,81.92,Excellent,74.61,76.36,3.5,3.0,5.0,4.0,5.0,13.2882,8.1554,14.1,7.7,50.5,50.5,0.0,2.2,10.8,1.6
2025-04-01,81.92,Excellent,spring,81.92,Excellent,spring,81.92,Excellent,78.88,77.17,3.5,3.0,5.0,4.0,5.0,15.684,10.081199999999999,17.0,10.1,53.0,53.0,0.0,1.8,10.2,0.6
2025-04-02,75.76,Very Good,spring,75.76,Very Good,spring,75.76,Very Good,79.87,75.27,3.5,3.0,5.0,4.0,2.3,13.61504,9.09624,14.4,8.9,55.4,55.4,0.0,2.4,4.6,6.3
2025-04-03,81.92,Excellent,spring,81.92,Excellent,spring,81.92,Excellent,79.87,76.53,3.5,3.0,5.0,4.0,5.0,15.757359999999998,9.833120000000001,16.9,9.8,58.6,58.6,0.0,2.4,11.6,0.1
2025-04-04,81.92,Excellent,spring,81.92,Excellent,spring,81.92,Excellent,79.87,77.91,3.5,3.0,5.0,4.0,5.0,15.235199999999999,10.4908,16.4,10.6,54.5,54.5,0.0,2.2,10.4,2.1
2025-04-05,54.08,Acceptable,spring,54.08,Acceptable,spring,54.08,Acceptable,72.64,75.76,3.0,3.0,2.7199999999999998,4.0,0.0,9.5278,8.1112,9.5,8.0,86.1,86.1,22.8,1.9,0.0,10.0
2025-04-06,80.15,Excellent,spring,80.15,Excellent,spring,80.15,Excellent,72.05,76.81,3.5,3.0,5.0,3.5,4.8,14.95444,10.260760000000001,15.7,10.3,67.3,67.3,0.0,2.8,9.6,3.1
2025-04-07,83.19,Excellent,spring,83.19,Excellent,spring,83.19,Excellent,72.47,76.99,4.0,3.0,5.0,3.5,5.0,18.2618,12.863,20.1,13.5,54.5,54.5,0.0,2.7,11.3,0.9
2025-04-08,81.63,Excellent,spring,81.63,Excellent,spring,81.63,Excellent,81.66,76.95,3.5,3.5,5.0,3.5,4.6,17.298,13.116,18.9,13.8,55.0,55.0,0.0,3.1,9.2,3.5
2025-04-09,72.54,Very Good,spring,72.54,Very Good,spring,72.54,Very Good,79.12,76.49,3.5,3.0,4.92,4.0,1.1,16.4512,12.17728,18.0,12.7,51.6,51.6,0.8,2.0,2.2,9.0
2025-04-10,81.58,Excellent,spring,81.58,Excellent,spring,81.58,Excellent,78.58,76.44,3.5,3.0,5.0,4.0,4.85,17.665840000000003,12.69568,19.1,13.2,60.6,60.6,0.0,2.2,9.7,2.0
2025-04-11,89.01,Excellent,spring,89.01,Excellent,spring,89.01,Excellent,81.04,77.45,4.5,3.5,5.0,4.0,5.0,21.46224,15.004639999999998,24.2,16.2,51.8,51.8,0.0,2.0,11.8,1.9
2025-04-12,66.72,Good,spring,66.72,Good,spring,66.72,Good,79.1,79.26,4.5,3.0,3.46,3.5,0.75,20.825,12.5114,22.5,12.9,66.5,66.5,15.4,3.1,1.5,9.5
2025-04-13,65.05,Good,spring,65.05,Good,spring,65.05,Good,73.59,77.1,3.0,2.5,4.58,3.0,1.85,8.40808,6.0202,8.2,5.5,71.1,71.1,4.2,4.2,3.7,7.0
2025-04-14,59.27,Acceptable,spring,59.27,Acceptable,spring,59.27,Acceptable,63.68,73.69,2.5,2.5,4.26,4.0,0.15,6.2016,4.68224,6.0,4.4,87.4,87.4,7.4,2.5,0.3,7.3
2025-04-15,80.61,Excellent,spring,80.61,Excellent,spring,80.61,Excellent,68.31,73.54,3.5,3.0,5.0,3.5,5.0,13.524799999999999,8.413839999999999,14.0,8.2,70.3,70.3,0.0,2.7,12.1,2.1
2025-04-16,86.09,Excellent,spring,86.09,Excellent,spring,86.09,Excellent,75.32,75.48,4.0,3.5,5.0,4.0,4.85,19.900799999999997,13.8272,21.9,14.6,58.0,58.0,0.0,2.5,9.7,5.5
2025-04-17,84.12,Excellent,spring,84.12,Excellent,spring,84.12,Excellent,83.61,75.84,5.0,4.0,5.0,3.5,1.45,22.5538,18.2838,24.7,19.7,63.5,63.5,0.0,2.6,2.9,6.1
2025-04-18,83.31,Excellent,spring,83.31,Excellent,spring,83.31,Excellent,84.51,75.02,4.5,3.5,5.0,4.0,2.5,21.94092,17.49576,23.7,18.6,67.9,67.9,0.0,2.4,5.0,6.0
2025-04-19,69.72,Good,spring,69.72,Good,spring,69.72,Good,79.05,75.45,4.0,3.5,4.08,3.5,0.7000000000000002,19.564,15.06892,20.0,15.3,89.1,89.1,9.2,3.0,0.0,8.6
2025-04-20,91.59,Ideal,spring,91.59,Ideal,spring,91.59,Ideal,81.54,79.24,5.0,3.5,5.0,4.0,5.0,22.408,15.895999999999999,24.1,16.7,70.0,70.0,0.0,1.7,11.6,2.1
2025-04-21,88.32,Excellent,spring,88.32,Excellent,spring,88.32,Excellent,83.21,83.39,4.5,4.0,5.0,4.0,3.85,24.72652,19.21484,27.1,20.7,65.3,65.3,0.0,2.2,7.7,5.0
2025-04-22,58.15,Acceptable,spring,58.15,Acceptable,spring,58.15,Acceptable,79.35,80.19,4.0,3.5,1.5200000000000005,4.5,1.2999999999999998,19.89248,17.41936,20.4,17.8,87.8,87.8,34.8,1.5,0.0,7.4
2025-04-23,89.01,Excellent,spring,89.01,Excellent,spring,89.01,Excellent,78.49,80.6,4.5,3.5,5.0,4.0,5.0,20.95984,15.777280000000001,22.9,16.8,62.4,62.4,0.0,2.5,12.5,3.5
2025-04-24,82.54,Excellent,spring,82.54,Excellent,spring,82.54,Excellent,76.57,80.38,3.5,3.5,5.0,3.5,5.0,17.77216,13.805119999999999,19.6,14.7,52.4,52.4,0.0,3.1,12.2,0.9
2025-04-25,80.61,Excellent,spring,80.61,Excellent,spring,80.61,Excellent,84.05,79.99,3.5,3.0,5.0,3.5,5.0,15.87808,11.884,17.8,12.5,38.4,38.4,0.0,3.0,12.5,0.0
2025-04-26,85.12,Excellent,spring,85.12,Excellent,spring,85.12,Excellent,82.76,82.19,4.0,3.5,5.0,3.5,5.0,18.124,13.08712,20.0,13.8,53.1,53.1,0.0,2.8,12.0,0.0
2025-04-27,78.32,Very Good,spring,78.32,Very Good,spring,78.32,Very Good,81.35,80.3,3.5,3.5,5.0,3.5,3.15,17.148960000000002,13.84944,19.1,14.9,46.4,46.4,0.0,2.8,6.3,6.5
2025-04-28,82.54,Excellent,spring,82.54,Excellent,spring,82.54,Excellent,81.99,79.47,3.5,3.5,5.0,3.5,5.0,17.98048,13.99024,20.2,15.1,45.6,45.6,0.0,2.7,12.5,1.0
2025-04-29,86.43,Excellent,spring,86.43,Excellent,spring,86.43,Excellent,82.43,83.51,4.0,3.5,5.0,4.0,5.0,18.1004,13.53472,21.0,14.8,34.1,34.1,0.0,2.3,12.8,0.0
2025-04-30,87.7,Excellent,spring,87.7,Excellent,spring,87.7,Excellent,85.56,83.32,4.5,3.5,5.0,3.5,5.0,21.774160000000002,16.25968,25.8,18.4,36.3,36.3,0.0,2.6,12.0,2.4
2025-05-01,62.7,Good,spring,62.7,Good,spring,62.7,Good,78.94,80.49,3.5,3.5,2.8899999999999997,4.0,1.35,16.67584,14.12848,17.6,14.7,69.6,69.6,21.1,2.2,0.0,7.3
2025-05-02,79.58,Very Good,spring,79.58,Very Good,spring,79.58,Very Good,76.66,80.34,3.5,3.0,5.0,3.5,4.55,17.1162,12.84648,18.5,13.4,59.3,59.3,0.0,3.1,9.1,5.6
2025-05-03,67.45,Good,spring,67.45,Good,spring,67.45,Good,69.91,77.82,3.5,3.0,4.27,4.0,0.6,13.688,11.106399999999999,14.0,11.2,80.5,80.5,7.3,2.3,1.2,6.9
2025-05-04,85.12,Excellent,spring,85.12,Excellent,spring,85.12,Excellent,77.38,78.79,4.0,3.5,5.0,3.5,5.0,18.35164,13.121319999999999,19.9,13.7,60.9,60.9,0.0,2.8,12.8,1.1
2025-05-05,70.86,Very Good,spring,70.86,Very Good,spring,70.86,Very Good,74.48,77.12,3.5,3.0,5.0,4.0,0.15,14.29,11.8018,15.0,12.1,64.5,64.5,0.0,2.3,0.3,8.0
2025-05-06,82.14,Excellent,spring,82.14,Excellent,spring,82.14,Excellent,79.37,76.51,3.5,3.5,5.0,4.0,4.25,17.884999999999998,13.652000000000001,19.5,14.4,57.5,57.5,0.0,2.2,8.5,3.8
2025-05-07,86.43,Excellent,spring,86.43,Excellent,spring,86.43,Excellent,79.81,76.33,4.0,3.5,5.0,4.0,5.0,19.390600000000003,14.1454,21.1,14.9,61.5,61.5,0.0,2.2,12.3,2.0
2025-05-08,91.59,Ideal,spring,91.59,Ideal,spring,91.59,Ideal,86.72,80.45,5.0,3.5,5.0,4.0,5.0,22.1286,16.0236,24.9,17.4,53.5,53.5,0.0,1.8,11.2,5.3
2025-05-09,60.44,Good,spring,60.44,Good,spring,60.44,Good,79.49,77.72,3.5,3.5,3.2399999999999998,3.5,0.0,16.861279999999997,14.72872,17.4,15.1,81.8,81.8,17.6,3.0,0.0,10.0
2025-05-10,59.56,Acceptable,spring,59.56,Acceptable,spring,59.56,Acceptable,70.53,76.59,3.5,3.0,3.59,3.0,0.09999999999999964,15.204600000000001,12.258600000000001,15.3,12.3,95.5,95.5,14.1,3.5,0.0,9.8
2025-05-11,80.39,Excellent,spring,80.39,Excellent,spring,80.39,Excellent,66.8,75.92,4.0,3.5,5.0,4.0,2.35,19.25752,14.26572,20.2,14.7,76.9,76.9,0.0,1.9,4.7,5.5
2025-05-12,89.01,Excellent,spring,89.01,Excellent,spring,89.01,Excellent,76.32,78.51,4.5,3.5,5.0,4.0,5.0,21.565440000000002,15.9528,23.6,17.0,62.6,62.6,0.0,2.1,12.7,0.0
2025-05-13,89.14,Excellent,spring,89.14,Excellent,spring,89.14,Excellent,86.18,79.51,5.0,3.5,5.0,3.5,4.5,22.47568,17.81704,25.8,19.9,47.4,47.4,0.0,2.7,9.0,4.8
2025-05-14,93.52,Ideal,spring,93.52,Ideal,spring,93.52,Ideal,90.56,80.52,5.0,4.0,5.0,4.0,5.0,23.54704,18.9232,26.7,21.0,52.8,52.8,0.0,2.4,11.7,3.5
2025-05-15,79.78,Very Good,spring,79.78,Very Good,spring,79.89,Very Good,87.48,78.83,4.5,4.0,4.89,4.0,0.4,21.26792,18.7742,22.2,19.5,80.9,80.9,1.1,2.3,0.8,8.9
2025-05-16,49.37,Marginal,spring,49.37,Marginal,spring,49.43,Marginal,74.22,77.25,4.5,4.0,0.0,4.0,0.09999999999999964,21.6448,19.12176,22.0,19.4,92.6,92.6,51.3,1.8,0.0,9.8
2025-05-17,84.38,Excellent,spring,84.38,Excellent,spring,84.63,Excellent,71.18,80.8,5.0,3.5,4.78,3.5,3.0,23.522080000000003,17.848480000000002,24.3,18.3,86.4,86.4,2.2,2.6,6.0,6.4
2025-05-18,85.12,Excellent,spring,85.12,Excellent,spring,85.17,Excellent,72.96,81.47,4.0,3.5,5.0,3.5,5.0,19.2092,14.68832,21.0,15.6,59.3,59.3,0.0,2.6,10.5,3.0
2025-05-19,73.77,Very Good,spring,73.77,Very Good,spring,74.28,Very Good,81.09,79.3,4.0,3.5,4.84,3.5,0.45,19.60944,15.377760000000002,20.9,16.1,70.4,70.4,1.6,2.8,0.9,7.9
2025-05-20,81.7,Excellent,spring,81.7,Excellent,spring,82.08,Excellent,80.2,78.23,4.0,4.5,4.9,4.0,1.5,26.2966,21.4924,27.3,22.2,85.5,85.5,1.0,2.5,3.0,7.5
2025-05-21,86.22,Excellent,spring,86.22,Excellent,spring,86.27,Excellent,80.56,77.19,3.5,5.0,5.0,4.0,3.5,28.7616,23.981,30.8,25.5,75.5,75.5,0.0,2.1,7.0,6.5
2025-05-22,87.29,Excellent,spring,87.29,Excellent,spring,87.54,Excellent,85.07,78.26,4.0,5.0,4.92,4.0,3.05,26.132,22.1208,28.5,23.9,68.0,68.0,0.8,2.1,6.1,5.6
2025-05-23,73.67,Very Good,spring,73.67,Very Good,spring,74.61,Very Good,82.39,81.74,4.0,3.5,4.88,3.5,0.2999999999999998,19.945439999999998,17.662879999999998,22.2,19.4,53.8,53.8,1.2,2.8,0.0,9.4
2025-05-24,71.45,Very Good,spring,71.45,Very Good,spring,72.47,Very Good,77.47,79.89,4.0,3.5,4.57,3.5,0.15,18.15052,14.90784,19.3,15.6,69.1,69.1,4.3,3.1,0.3,8.1
2025-05-25,89.01,Excellent,spring,89.01,Excellent,spring,89.18,Excellent,78.04,80.44,4.5,3.5,5.0,4.0,5.0,20.6344,16.2456,22.6,17.4,61.0,61.0,0.0,2.1,13.1,0.0
2025-05-26,93.52,Ideal,spring,93.52,Ideal,spring,93.9,Ideal,84.66,83.27,5.0,4.0,5.0,4.0,5.0,23.569119999999998,18.12472,26.2,19.7,59.4,59.4,0.0,1.7,12.3,4.9
2025-05-27,90.94,Ideal,spring,90.94,Ideal,spring,91.12,Ideal,91.16,84.59,4.5,4.0,5.0,4.0,5.0,24.076,18.9424,27.0,20.8,57.0,57.0,0.0,1.9,12.3,1.0
2025-05-28,89.12,Excellent,spring,89.95,Excellent,summer,89.54,Excellent,91.47,85.12,4.5,4.0,5.0,4.0,4.2,24.3312,19.1584,26.9,20.8,62.0,62.0,0.0,1.8,8.4,3.4
2025-05-29,90.94,Ideal,spring,91.33,Ideal,summer,91.15,Ideal,90.74,85.7,4.5,4.0,5.0,4.0,5.0,24.42128,19.33632,27.3,21.2,58.4,58.4,0.0,2.2,11.7,2.0
2025-05-30,92.87,Ideal,spring,93.23,Ideal,summer,93.08,Ideal,91.5,88.49,4.5,4.5,5.0,4.0,5.0,25.006,20.003999999999998,28.3,22.2,55.0,55.0,0.0,1.7,12.1,0.5
2025-05-31,90.44,Ideal,spring,92.08,Ideal,summer,91.44,Ideal,92.21,91.44,5.0,4.0,5.0,4.0,3.65,23.94,19.43,27.0,21.5,55.0,55.0,0.0,2.0,7.3,6.1
2025-06-01,90.16,Ideal,summer,90.16,Ideal,summer,90.21,Ideal,91.82,91.6,4.0,4.5,5.0,4.0,5.0,26.04216,20.47312,29.3,22.6,57.8,57.8,0.0,2.0,10.9,3.5
2025-06-02,83.8,Excellent,summer,83.8,Excellent,summer,82.93,Excellent,88.68,90.21,4.5,4.0,5.0,4.5,0.09999999999999964,21.22932,19.4292,23.1,21.0,64.3,64.3,0.0,1.5,0.0,9.8
2025-06-03,93.5,Ideal,summer,93.5,Ideal,summer,93.13,Ideal,89.15,90.58,5.0,4.0,5.0,3.5,5.0,22.66228,19.02084,25.3,20.9,56.9,56.9,0.0,2.9,11.9,1.6
2025-06-04,92.6,Ideal,summer,92.6,Ideal,summer,92.18,Ideal,89.97,90.96,5.0,4.0,5.0,3.0,5.0,22.56436,18.6226,25.3,20.5,55.3,55.3,0.0,3.5,12.1,0.4
2025-06-05,94.4,Ideal,summer,94.4,Ideal,summer,94.21,Ideal,93.5,91.4,5.0,4.0,5.0,4.0,5.0,23.666320000000002,19.35064,27.1,21.7,49.8,49.8,0.0,2.3,12.5,3.1
2025-06-06,92.33,Ideal,summer,92.33,Ideal,summer,92.19,Ideal,93.11,91.27,4.5,4.5,5.0,3.5,5.0,25.408,20.86264,30.0,24.1,42.6,42.6,0.0,3.0,12.0,3.5
2025-06-07,87.62,Excellent,summer,87.62,Excellent,summer,87.3,Excellent,91.45,90.63,4.5,4.5,4.99,3.5,2.3,25.38992,21.584719999999997,28.2,23.7,61.4,61.4,0.1,2.6,4.6,6.8
2025-06-08,89.43,Excellent,summer,89.43,Excellent,summer,89.37,Excellent,89.79,90.53,4.0,5.0,4.94,4.0,3.7,27.894879999999997,23.245720000000002,30.4,25.1,69.3,69.3,0.6,1.7,7.4,6.8
2025-06-09,90.82,Ideal,summer,90.82,Ideal,summer,90.79,Ideal,89.29,91.53,4.0,5.0,5.0,3.5,4.8,27.501279999999998,22.30288,30.2,24.2,66.6,66.6,0.0,2.6,9.6,6.3
2025-06-10,91.23,Ideal,summer,91.23,Ideal,summer,91.14,Ideal,90.49,91.2,5.0,4.5,5.0,4.0,2.05,23.56192,20.37088,25.3,21.7,71.6,71.6,0.0,2.5,4.1,7.5
2025-06-11,93.23,Ideal,summer,93.23,Ideal,summer,93.23,Ideal,91.76,91.29,4.5,4.5,5.0,4.0,5.0,25.1404,20.39368,28.5,22.7,54.6,54.6,0.0,2.4,13.5,2.3
2025-06-12,88.99,Excellent,summer,88.99,Excellent,summer,88.99,Excellent,91.15,90.52,3.5,5.0,5.0,4.0,5.0,28.51696,22.4248,33.1,25.5,50.4,50.4,0.0,1.9,12.4,4.4
2025-06-13,83.85,Excellent,summer,83.85,Excellent,summer,83.85,Excellent,88.69,89.31,4.0,4.5,4.85,4.0,1.9,26.36584,21.8104,29.4,24.0,60.9,60.9,1.5,1.9,3.8,8.8
2025-06-14,85.46,Excellent,summer,85.46,Excellent,summer,85.46,Excellent,86.1,89.0,3.5,5.0,5.0,4.0,2.95,29.12092,23.497120000000002,32.1,25.6,66.3,66.3,0.0,2.0,5.9,4.8
2025-06-15,74.41,Very Good,summer,74.41,Very Good,summer,74.41,Very Good,81.24,86.86,3.0,4.5,3.82,4.0,3.9,30.378880000000002,24.31792,33.2,26.3,69.6,69.6,11.8,2.5,7.8,7.9
2025-06-16,72.64,Very Good,summer,72.64,Very Good,summer,72.64,Very Good,77.5,84.26,4.5,5.0,3.0,3.5,0.05,24.363120000000002,22.3656,25.1,23.0,87.8,87.8,20.0,2.7,0.1,9.3
2025-06-17,90.86,Ideal,summer,90.86,Ideal,summer,90.86,Ideal,79.3,84.21,4.0,5.0,5.0,4.0,4.3,27.50672,23.21936,29.6,24.8,73.3,73.3,0.0,2.5,8.6,3.8
2025-06-18,92.06,Ideal,summer,92.06,Ideal,summer,92.06,Ideal,85.19,84.04,4.0,5.0,5.0,4.0,5.0,27.99908,23.3486,30.9,25.5,65.3,65.3,0.0,2.0,10.3,3.0
2025-06-19,82.46,Excellent,summer,82.46,Excellent,summer,82.46,Excellent,88.46,83.11,3.0,4.5,4.92,4.0,4.4,30.124720000000003,25.05196,34.2,28.1,57.9,57.9,0.8,2.0,8.8,5.8
2025-06-20,48.96,Marginal,summer,48.96,Marginal,summer,48.96,Marginal,74.49,78.12,4.0,5.0,0.0,3.0,0.0,27.81688,23.72776,28.3,24.1,93.4,93.4,51.1,3.9,0.0,10.0
2025-06-21,87.74,Excellent,summer,87.74,Excellent,summer,87.74,Excellent,73.05,78.45,5.0,4.5,4.98,4.0,0.09999999999999964,23.524079999999998,21.4288,24.2,22.0,88.1,88.1,0.2,2.1,0.0,9.8
2025-06-22,90.16,Ideal,summer,90.16,Ideal,summer,90.16,Ideal,75.62,80.7,4.0,4.5,5.0,4.0,5.0,26.263840000000002,21.62952,28.6,23.3,68.6,68.6,0.0,2.3,13.4,0.3
2025-06-23,88.99,Excellent,summer,88.99,Excellent,summer,88.99,Excellent,88.96,83.03,3.5,5.0,5.0,4.0,5.0,28.64464,23.83312,31.7,26.1,64.8,64.8,0.0,1.8,12.8,1.3
2025-06-24,84.3,Excellent,summer,84.3,Excellent,summer,84.3,Excellent,87.82,82.1,4.5,5.0,4.77,3.5,0.1,25.3648,22.804000000000002,28.0,25.0,63.4,63.4,2.3,2.6,0.2,8.9
2025-06-25,79.4,Very Good,summer,79.4,Very Good,summer,79.4,Very Good,84.23,80.29,4.5,4.5,4.2,4.0,0.0,21.56276,20.41604,22.1,20.9,88.9,88.9,8.0,2.5,0.0,10.0
2025-06-26,87.07,Excellent,summer,87.07,Excellent,summer,87.07,Excellent,83.59,80.95,5.0,4.5,4.89,4.0,0.05,23.36504,21.48264,24.2,22.2,85.3,85.3,1.1,1.7,0.1,8.4
2025-06-27,87.03,Excellent,summer,87.03,Excellent,summer,87.03,Excellent,84.5,86.38,4.0,5.0,5.0,4.5,1.55,27.60932,23.686,29.3,25.0,78.1,78.1,0.0,1.4,3.1,8.6
2025-06-28,82.67,Excellent,summer,82.67,Excellent,summer,82.67,Excellent,85.59,85.66,4.0,4.5,4.94,4.5,0.34999999999999964,27.014000000000003,25.227999999999998,28.1,26.2,85.0,85.0,0.6,1.4,0.0,9.3
2025-06-29,80.64,Excellent,summer,80.64,Excellent,summer,80.64,Excellent,83.45,84.3,3.5,4.5,5.0,4.0,1.25,28.34968,25.533640000000002,30.2,27.1,77.1,77.1,0.0,2.3,2.5,6.1
2025-06-30,79.0,Very Good,summer,79.0,Very Good,summer,79.0,Very Good,80.77,82.87,3.5,4.0,5.0,4.0,1.4,29.04608,26.35088,31.2,28.2,74.6,74.6,0.0,2.4,2.8,7.8
2025-07-01,78.37,Very Good,summer,78.37,Very Good,summer,78.37,Very Good,79.34,82.03,3.5,4.0,4.91,3.5,1.9,29.93392,27.00784,31.8,28.6,78.6,78.6,0.9,3.0,3.8,7.0
2025-07-02,77.67,Very Good,summer,77.67,Very Good,summer,77.67,Very Good,78.35,81.78,3.5,4.0,5.0,3.5,1.15,28.91868,26.83672,30.9,28.6,76.3,76.3,0.0,2.9,2.3,8.0
2025-07-03,78.01,Very Good,summer,78.01,Very Good,summer,78.01,Very Good,78.02,80.48,3.5,4.0,5.0,3.5,1.35,29.844,26.5066,32.0,28.3,75.5,75.5,0.0,2.8,2.7,7.5
2025-07-04,78.28,Very Good,summer,78.28,Very Good,summer,78.28,Very Good,77.99,79.23,3.5,4.5,5.0,3.5,0.4,28.16,25.6176,30.0,27.2,77.0,77.0,0.0,3.2,0.8,8.8
2025-07-05,78.27,Very Good,summer,78.27,Very Good,summer,78.27,Very Good,78.19,78.61,3.5,4.0,5.0,3.5,1.5,29.882679999999997,26.40544,32.3,28.4,72.9,72.9,0.0,2.8,3.0,8.1
2025-07-06,74.98,Very Good,summer,74.98,Very Good,summer,74.98,Very Good,77.18,77.8,3.0,4.0,5.0,4.0,0.85,30.456159999999997,27.13652,32.8,29.1,74.3,74.3,0.0,2.5,1.7,8.8
2025-07-07,75.67,Very Good,summer,75.67,Very Good,summer,75.67,Very Good,76.31,77.32,3.0,4.0,5.0,4.0,1.25,31.251200000000004,27.495600000000003,33.2,29.1,79.0,79.0,0.0,1.9,2.5,5.8
2025-07-08,64.99,Good,summer,64.99,Good,summer,64.99,Good,71.88,75.41,2.0,3.5,3.82,4.0,4.2,34.742,28.957,37.8,31.3,72.5,72.5,11.8,1.9,8.4,4.3
2025-07-09,78.5,Very Good,summer,78.5,Very Good,summer,78.5,Very Good,73.05,75.53,3.0,3.5,5.0,4.0,4.0,31.9544,28.492359999999998,36.0,31.9,61.1,61.1,0.0,2.2,8.0,3.4
2025-07-10,81.22,Excellent,summer,81.22,Excellent,summer,81.22,Excellent,74.9,75.99,3.0,4.0,5.0,3.5,5.0,30.60368,26.82896,36.2,31.4,46.6,46.6,0.0,2.9,13.3,0.4
2025-07-11,83.12,Excellent,summer,83.12,Excellent,summer,83.12,Excellent,80.95,76.68,3.0,4.5,5.0,3.5,5.0,30.577240000000003,25.92568,36.1,30.2,47.1,47.1,0.0,3.3,13.5,0.1
2025-07-12,82.12,Excellent,summer,82.12,Excellent,summer,82.12,Excellent,82.15,77.23,3.0,4.0,5.0,4.0,5.0,30.935,26.037,36.5,30.3,47.5,47.5,0.0,2.3,13.2,2.6
2025-07-13,80.85,Excellent,summer,80.85,Excellent,summer,80.85,Excellent,82.03,78.07,3.5,4.5,5.0,4.5,0.85,28.211199999999998,25.349439999999998,31.0,27.7,66.8,66.8,0.0,1.5,1.7,9.0
2025-07-14,75.0,Very Good,summer,75.0,Very Good,summer,75.0,Very Good,79.32,77.97,4.0,5.0,3.64,4.0,0.25,26.52892,22.96744,28.1,24.2,78.3,78.3,13.6,2.0,0.5,8.4
2025-07-15,84.43,Excellent,summer,84.43,Excellent,summer,84.43,Excellent,80.09,80.75,4.5,5.0,4.6,4.0,0.3,24.888759999999998,22.73504,25.9,23.6,84.1,84.1,4.0,2.3,0.6,9.3
2025-07-16,54.17,Acceptable,summer,54.17,Acceptable,summer,54.17,Acceptable,71.2,77.27,4.5,5.0,0.0,4.0,0.20000000000000018,24.21392,22.773320000000002,24.8,23.3,90.1,90.1,73.1,2.1,0.0,9.6
2025-07-17,53.83,Acceptable,summer,53.83,Acceptable,summer,53.83,Acceptable,64.14,73.36,4.5,5.0,0.0,4.0,0.0,24.071679999999997,22.996760000000002,24.4,23.3,94.3,94.3,75.5,2.1,0.0,10.0
2025-07-18,71.29,Very Good,summer,71.29,Very Good,summer,71.29,Very Good,59.76,71.67,4.0,4.5,3.3899999999999997,4.0,0.15,26.4776,24.0826,27.2,24.7,89.5,89.5,16.1,1.7,0.3,9.5
2025-07-19,53.83,Acceptable,summer,53.83,Acceptable,summer,53.83,Acceptable,59.65,67.63,4.5,5.0,0.0,4.0,0.0,25.50928,23.64424,25.8,23.9,95.4,95.4,84.0,2.0,0.0,10.0
2025-07-20,70.91,Very Good,summer,70.91,Very Good,summer,70.91,Very Good,65.34,66.21,3.5,4.0,3.52,3.5,2.85,29.83456,26.482239999999997,31.3,27.7,82.8,82.8,14.8,2.8,5.7,7.1
2025-07-21,81.58,Excellent,summer,81.58,Excellent,summer,81.58,Excellent,68.77,67.15,3.5,4.0,5.0,4.0,2.9,29.647360000000003,26.8276,31.6,28.5,77.4,77.4,0.0,2.3,5.8,5.6
2025-07-22,78.23,Very Good,summer,78.23,Very Good,summer,78.23,Very Good,76.91,66.26,3.0,4.0,4.99,3.5,3.3,30.03328,26.96512,32.2,28.8,75.6,75.6,0.1,2.7,6.6,6.4
2025-07-23,80.31,Excellent,summer,80.31,Excellent,summer,80.31,Excellent,80.04,70.0,3.0,4.0,5.0,4.0,3.95,30.541279999999997,26.66224,33.3,28.9,70.4,70.4,0.0,1.8,7.9,6.4
2025-07-24,81.43,Excellent,summer,81.43,Excellent,summer,81.43,Excellent,79.99,73.94,3.0,4.0,5.0,4.0,4.6,31.0152,27.2656,34.1,29.8,68.0,68.0,0.0,1.9,9.2,5.1
2025-07-25,77.15,Very Good,summer,77.15,Very Good,summer,77.15,Very Good,79.63,74.78,2.5,3.5,5.0,4.0,5.0,32.575919999999996,28.11224,36.3,31.1,64.6,64.6,0.0,1.9,12.4,1.0
2025-07-26,77.15,Very Good,summer,77.15,Very Good,summer,77.15,Very Good,78.58,78.11,2.5,3.5,5.0,4.0,5.0,32.96996,28.901479999999996,37.1,32.3,61.9,61.9,0.0,1.7,11.0,2.9
2025-07-27,77.15,Very Good,summer,77.15,Very Good,summer,77.15,Very Good,77.15,79.0,2.5,3.5,5.0,4.0,5.0,33.7888,29.370879999999996,38.0,32.8,62.4,62.4,0.0,2.0,12.5,0.6
2025-07-28,77.15,Very Good,summer,77.15,Very Good,summer,77.15,Very Good,77.15,78.37,2.5,3.5,5.0,4.0,5.0,32.94688,29.29624,36.4,32.2,67.3,67.3,0.0,2.0,11.9,1.6
2025-07-29,76.2,Very Good,summer,76.2,Very Good,summer,76.2,Very Good,76.83,78.08,2.5,3.5,5.0,4.0,4.45,32.8552,28.832,36.7,32.0,64.0,64.0,0.0,2.0,8.9,2.9
2025-07-30,73.37,Very Good,summer,73.37,Very Good,summer,73.37,Very Good,75.57,77.09,2.5,3.5,5.0,4.0,2.8,32.397079999999995,28.82036,36.3,32.1,62.9,62.9,0.0,1.7,5.6,7.3
2025-07-31,74.47,Very Good,summer,74.47,Very Good,summer,74.47,Very Good,74.68,76.09,3.0,4.0,5.0,4.0,0.55,30.890320000000003,27.748279999999998,34.6,30.9,62.3,62.3,0.0,2.0,1.1,8.9
2025-08-01,75.49,Very Good,summer,75.49,Very Good,summer,75.49,Very Good,74.44,75.85,3.0,3.5,5.0,4.0,2.25,31.776760000000003,28.2196,35.1,31.0,66.9,66.9,0.0,1.9,4.5,8.4
2025-08-02,77.93,Very Good,summer,77.93,Very Good,summer,77.93,Very Good,75.96,75.97,2.5,4.0,5.0,4.0,4.35,32.228080000000006,27.986079999999998,36.2,31.2,62.1,62.1,0.0,1.8,8.7,5.4
2025-08-03,75.91,Very Good,summer,75.91,Very Good,summer,75.91,Very Good,76.44,75.79,3.5,4.0,4.87,4.0,0.1,29.71,26.4688,32.5,28.8,69.0,69.0,1.3,2.0,0.2,9.0
2025-08-04,75.63,Very Good,summer,75.63,Very Good,summer,75.63,Very Good,76.49,75.57,3.0,4.0,4.81,4.0,1.95,31.5578,26.3262,33.9,28.1,75.5,75.5,1.9,2.2,3.9,7.1
2025-08-05,80.83,Excellent,summer,80.83,Excellent,summer,80.83,Excellent,77.46,76.23,3.0,4.0,5.0,4.0,4.25,30.4356,26.609360000000002,33.5,29.1,67.4,67.4,0.0,2.2,8.5,4.4
2025-08-06,62.25,Good,summer,62.25,Good,summer,62.25,Good,72.9,74.64,3.5,4.0,2.8,3.5,0.55,28.4508,26.3476,29.3,27.1,89.0,89.0,22.0,3.2,1.1,9.0
2025-08-07,84.29,Excellent,summer,84.29,Excellent,summer,84.29,Excellent,75.79,76.05,3.5,4.0,5.0,3.5,5.0,29.695359999999997,26.07424,32.3,28.2,70.8,70.8,0.0,2.7,10.2,4.0
2025-08-08,76.73,Very Good,summer,76.73,Very Good,summer,76.73,Very Good,74.42,76.22,3.5,4.5,4.37,4.5,0.85,28.16384,24.926720000000003,30.2,26.6,74.8,74.8,6.3,1.6,1.7,6.3
2025-08-09,85.4,Excellent,summer,85.4,Excellent,summer,85.4,Excellent,82.14,77.29,4.5,5.0,4.65,4.5,0.15,25.225759999999998,23.83316,26.4,24.9,82.1,82.1,3.5,1.4,0.3,7.4
2025-08-10,84.02,Excellent,summer,84.02,Excellent,summer,84.02,Excellent,82.05,78.45,3.0,4.5,5.0,4.0,5.0,30.416000000000004,25.224,33.2,27.3,70.0,70.0,0.0,1.7,12.3,1.5
2025-08-11,81.82,Excellent,summer,81.82,Excellent,summer,81.82,Excellent,83.75,79.33,4.0,4.5,5.0,4.0,0.15,27.4642,25.2252,29.5,27.0,73.9,73.9,0.0,2.0,0.3,7.3
2025-08-12,84.02,Excellent,summer,84.02,Excellent,summer,84.02,Excellent,83.29,79.79,3.0,4.5,5.0,4.0,5.0,30.52356,25.839760000000002,34.1,28.6,62.9,62.9,0.0,2.2,12.0,3.8
2025-08-13,48.3,Marginal,summer,48.3,Marginal,summer,48.3,Marginal,71.38,77.8,4.0,4.5,0.0,3.5,0.20000000000000018,26.53912,24.60472,27.1,25.1,91.8,91.8,126.7,2.6,0.0,9.6
2025-08-14,50.9,Acceptable,summer,50.9,Acceptable,summer,50.9,Acceptable,61.07,73.03,4.0,4.5,0.22000000000000064,4.0,0.34999999999999964,26.29836,24.9482,26.9,25.5,91.1,91.1,47.8,2.2,0.0,9.3
2025-08-15,80.8,Excellent,summer,80.8,Excellent,summer,80.8,Excellent,60.0,73.61,3.5,4.0,5.0,4.0,2.45,29.58748,26.026120000000002,30.9,27.1,84.3,84.3,0.0,1.7,4.9,4.6
2025-08-16,79.45,Very Good,summer,79.45,Very Good,summer,79.45,Very Good,70.38,72.76,3.0,4.0,5.0,4.0,3.45,30.068800000000003,26.4528,32.2,28.2,76.0,76.0,0.0,2.2,6.9,5.4
2025-08-17,78.14,Very Good,summer,78.14,Very Good,summer,78.14,Very Good,79.46,71.92,3.5,4.0,5.0,4.0,0.9,29.9144,26.65568,32.0,28.4,76.3,76.3,0.0,2.3,1.8,8.1
2025-08-18,75.83,Very Good,summer,75.83,Very Good,summer,75.83,Very Good,77.81,71.06,3.0,4.0,4.78,3.5,2.7,30.664959999999997,27.055359999999997,32.9,28.9,75.6,75.6,2.2,3.0,5.4,8.1
2025-08-19,77.95,Very Good,summer,77.95,Very Good,summer,77.95,Very Good,77.31,70.2,3.0,4.0,5.0,3.5,3.1,30.096759999999996,27.21292,32.3,29.1,75.3,75.3,0.0,3.0,6.2,6.1
2025-08-20,77.09,Very Good,summer,77.09,Very Good,summer,77.09,Very Good,76.96,74.31,3.0,4.0,5.0,3.5,2.6,30.474399999999996,27.4212,32.8,29.4,74.5,74.5,0.0,2.6,5.2,7.8
2025-08-21,79.97,Very Good,summer,79.97,Very Good,summer,79.97,Very Good,78.34,78.46,3.0,4.0,5.0,4.0,3.75,31.442319999999995,27.471519999999998,34.3,29.8,70.6,70.6,0.0,2.2,7.5,5.8
2025-08-22,81.69,Excellent,summer,81.69,Excellent,summer,81.69,Excellent,79.58,78.59,3.0,4.0,5.0,4.0,4.75,30.820999999999998,27.188399999999998,33.5,29.4,71.5,71.5,0.0,2.1,9.5,1.9
2025-08-23,79.69,Very Good,summer,79.69,Very Good,summer,79.69,Very Good,80.45,78.62,3.5,4.0,5.0,4.0,1.8,29.971120000000003,27.362280000000002,32.2,29.3,74.9,74.9,0.0,1.9,3.6,4.3
2025-08-24,78.94,Very Good,summer,78.94,Very Good,summer,78.94,Very Good,80.11,78.74,3.0,4.0,5.0,4.0,3.15,31.676720000000003,27.72752,34.7,30.2,69.4,69.4,0.0,1.7,6.3,3.3
2025-08-25,63.16,Good,summer,63.16,Good,summer,63.16,Good,73.93,76.93,3.0,4.0,3.29,3.5,1.0,30.47728,27.24888,32.2,28.7,80.6,80.6,17.1,2.8,2.0,7.1
2025-08-26,73.9,Very Good,summer,73.9,Very Good,summer,73.9,Very Good,72.0,76.35,3.0,4.0,4.46,3.5,2.8,30.21296,26.318720000000003,31.8,27.6,81.8,81.8,5.4,2.8,5.6,6.0
2025-08-27,81.63,Excellent,summer,81.63,Excellent,summer,81.63,Excellent,72.9,77.0,3.5,4.5,5.0,4.5,1.3,28.620160000000002,24.94984,30.8,26.7,73.8,73.8,0.0,1.6,2.6,6.5
2025-08-28,78.27,Very Good,summer,78.27,Very Good,summer,78.27,Very Good,77.93,76.75,3.5,4.0,5.0,3.5,1.5,28.7236,26.316280000000003,31.0,28.3,72.9,72.9,0.0,2.7,3.0,8.1
2025-08-29,54.36,Acceptable,summer,54.36,Acceptable,summer,54.36,Acceptable,71.42,72.85,3.0,4.0,1.7799999999999998,3.0,2.15,31.158399999999997,27.631999999999998,32.8,29.0,82.0,82.0,32.2,3.5,4.3,7.6
2025-08-30,62.88,Good,summer,62.88,Good,summer,62.88,Good,65.17,70.45,3.0,4.0,2.6100000000000003,4.0,2.9,30.15192,27.00896,31.8,28.4,81.1,81.1,23.9,2.0,5.8,5.3
2025-08-31,81.66,Excellent,summer,81.66,Excellent,summer,81.66,Excellent,66.3,70.84,3.5,4.0,5.0,4.0,2.95,29.646160000000002,26.6722,31.8,28.5,75.3,75.3,0.0,2.4,5.9,5.5
2025-09-01,67.79,Good,autumn,68.73,Good,summer,68.73,Good,71.09,71.63,4.0,4.5,2.96,4.0,0.3,27.27544,25.282120000000003,28.2,26.1,87.3,87.3,20.4,2.5,0.6,9.0
2025-09-02,88.79,Excellent,autumn,87.22,Excellent,summer,87.22,Excellent,79.2,73.54,3.5,4.5,5.0,4.5,4.55,28.50704,24.3744,30.6,26.0,74.6,74.6,0.0,1.6,9.1,3.0
2025-09-03,88.14,Excellent,autumn,86.66,Excellent,summer,86.66,Excellent,80.87,74.25,3.5,4.5,5.0,4.0,4.75,29.227,25.312,32.1,27.6,67.5,67.5,0.0,1.9,9.5,5.3
2025-09-04,50.51,Acceptable,autumn,51.35,Acceptable,summer,51.35,Acceptable,75.08,70.41,3.5,4.5,0.5800000000000001,3.5,1.55,28.38232,24.66872,29.8,25.8,82.1,82.1,44.2,2.6,3.1,6.5
2025-09-05,84.2,Excellent,autumn,82.21,Excellent,summer,82.21,Excellent,73.41,74.39,3.0,4.5,5.0,4.0,3.95,30.102,25.644599999999997,33.0,27.9,68.5,68.5,0.0,2.2,7.9,4.3
2025-09-06,55.24,Acceptable,autumn,55.91,Acceptable,summer,55.91,Acceptable,63.16,73.39,3.5,4.5,1.3899999999999997,4.0,0.6,29.306559999999998,25.89952,30.4,26.8,86.6,86.6,36.1,2.4,1.2,8.3
2025-09-07,84.91,Excellent,autumn,84.79,Excellent,summer,84.79,Excellent,74.3,73.84,4.0,5.0,4.98,4.0,0.85,26.653000000000002,23.923000000000002,28.3,25.3,77.5,77.5,0.2,2.1,1.7,7.1
2025-09-08,87.2,Excellent,autumn,86.81,Excellent,summer,86.81,Excellent,75.84,76.42,4.0,5.0,5.0,4.0,1.95,27.394,22.8448,29.5,24.4,73.0,73.0,0.0,1.8,3.9,8.0
2025-09-09,87.77,Excellent,autumn,88.29,Excellent,summer,88.29,Excellent,86.63,76.57,4.5,5.0,5.0,4.5,0.5,25.000439999999998,22.16012,26.9,23.7,71.9,71.9,0.0,1.6,1.0,7.3
2025-09-10,90.81,Ideal,autumn,88.99,Excellent,summer,88.99,Excellent,88.03,76.91,3.5,5.0,5.0,4.0,5.0,28.1546,22.49712,31.5,24.8,61.1,61.1,0.0,1.7,11.9,0.0
2025-09-11,90.81,Ideal,autumn,88.99,Excellent,summer,88.99,Excellent,88.76,82.28,3.5,5.0,5.0,4.0,5.0,28.01968,23.12032,31.7,25.8,57.6,57.6,0.0,2.5,11.8,2.8
2025-09-12,80.34,Excellent,autumn,81.44,Excellent,summer,81.44,Excellent,86.47,82.17,4.5,5.0,4.32,3.5,0.15,24.26576,22.16528,26.3,23.9,68.8,68.8,6.8,2.7,0.3,9.5
2025-09-13,50.16,Acceptable,autumn,51.71,Acceptable,summer,51.71,Acceptable,74.05,81.57,4.0,5.0,0.0,4.0,0.5499999999999998,26.262400000000003,22.2892,27.6,23.3,81.0,81.0,63.7,2.4,,8.9
2025-09-14,90.01,Ideal,autumn,89.26,Excellent,summer,89.26,Excellent,74.14,82.21,4.0,5.0,5.0,4.5,2.85,27.1384,23.142400000000002,29.3,24.8,72.0,72.0,0.0,1.6,5.7,6.0
2025-09-15,91.26,Ideal,autumn,89.37,Excellent,summer,89.37,Excellent,76.78,82.58,3.5,5.0,5.0,4.5,4.7,28.34848,23.91648,30.7,25.7,71.6,71.6,0.0,1.5,9.4,4.3
2025-09-16,73.1,Very Good,autumn,73.52,Very Good,summer,73.52,Very Good,84.05,80.47,4.0,5.0,3.25,4.5,0.35,26.19712,22.97664,27.1,23.7,86.8,86.8,17.5,1.5,0.7,7.5
2025-09-17,54.21,Acceptable,autumn,57.24,Acceptable,summer,57.24,Acceptable,73.38,75.93,5.0,5.0,0.0,4.0,0.2,23.552,22.293599999999998,24.0,22.7,92.0,92.0,52.7,1.7,0.4,8.5
2025-09-18,88.51,Excellent,autumn,88.98,Excellent,summer,88.98,Excellent,73.25,75.93,4.5,4.5,5.0,3.5,3.05,24.3616,20.860960000000002,26.0,22.1,74.4,74.4,0.0,2.6,6.1,6.6
2025-09-19,70.98,Very Good,autumn,72.89,Very Good,summer,72.89,Very Good,73.04,74.71,4.5,4.0,3.62,3.5,0.04999999999999982,20.5792,18.7232,21.4,19.4,82.0,82.0,13.8,2.8,0.0,9.9
2025-09-20,60.72,Good,autumn,63.75,Good,summer,63.75,Good,75.21,76.43,5.0,4.0,1.4700000000000002,4.0,0.6,22.805760000000003,19.416,23.6,20.0,85.4,85.4,35.3,1.8,1.2,8.9
2025-09-21,93.37,Ideal,autumn,93.23,Ideal,summer,93.23,Ideal,76.62,77.0,4.5,4.5,5.0,4.0,5.0,25.0164,20.068800000000003,27.3,21.6,67.0,67.0,0.0,2.1,10.2,4.1
2025-09-22,87.97,Excellent,autumn,89.5,Excellent,summer,89.5,Excellent,82.16,77.02,5.0,4.0,5.0,4.0,2.15,22.67192,19.482960000000002,25.1,21.3,59.8,59.8,0.0,2.5,4.3,8.8
2025-09-23,91.04,Ideal,autumn,92.17,Ideal,summer,92.17,Ideal,91.63,79.68,5.0,4.5,5.0,4.0,2.6,23.8768,20.490199999999998,26.8,22.7,56.5,56.5,0.0,2.4,5.2,8.1
2025-09-24,61.89,Good,autumn,64.77,Good,summer,64.77,Good,82.15,80.76,5.0,4.5,1.4799999999999995,4.0,0.05,22.70264,21.1264,23.7,22.0,81.8,81.8,35.2,2.1,0.1,8.3
2025-09-25,89.79,Excellent,autumn,90.06,Ideal,summer,90.05,Ideal,82.33,80.91,4.5,4.5,4.97,4.5,2.75,25.087999999999997,21.5,26.4,22.5,80.0,80.0,0.3,1.4,5.5,6.1
2025-09-26,92.55,Ideal,autumn,92.5,Ideal,summer,92.5,Ideal,82.44,83.71,4.5,4.5,5.0,4.5,4.05,25.602040000000002,20.675079999999998,27.1,21.7,78.1,78.1,0.0,1.4,8.1,3.0
2025-09-27,91.7,Ideal,autumn,91.77,Ideal,summer,91.76,Ideal,91.44,87.71,4.5,4.5,5.0,4.0,4.15,25.211679999999998,21.055,27.2,22.5,71.1,71.1,0.0,1.9,8.3,4.0
2025-09-28,51.74,Acceptable,autumn,54.4,Acceptable,summer,54.02,Acceptable,79.56,82.17,4.5,4.0,0.5499999999999998,4.0,0.45,21.21456,19.424,21.9,20.0,85.6,85.6,44.5,1.7,0.9,9.1
2025-09-29,89.6,Excellent,autumn,90.91,Ideal,summer,90.68,Ideal,79.03,82.37,5.0,4.0,5.0,4.5,2.45,22.66568,18.74752,23.9,19.6,77.8,77.8,0.0,1.5,4.9,4.0
2025-09-30,85.98,Excellent,autumn,87.73,Excellent,summer,87.36,Excellent,77.68,81.73,5.0,4.0,5.0,4.5,0.6,22.9528,19.06696,24.0,19.8,81.3,81.3,0.0,1.4,1.2,6.1
2025-10-01,86.0,Excellent,autumn,86.77,Excellent,summer,86.58,Excellent,88.47,84.88,4.5,4.0,5.0,4.0,2.35,24.23344,19.580199999999998,25.6,20.5,78.1,78.1,0.0,1.7,4.7,4.8
2025-10-02,90.2,Ideal,autumn,90.43,Ideal,summer,90.36,Ideal,88.31,84.93,4.5,4.5,5.0,4.5,2.85,24.1884,20.237199999999998,25.8,21.4,74.5,74.5,0.0,1.5,5.7,9.0
2025-10-03,83.41,Excellent,autumn,84.45,Excellent,summer,84.12,Excellent,87.22,83.78,4.5,4.5,4.92,4.0,0.20000000000000018,21.0946,20.1024,22.3,21.2,75.5,75.5,0.8,2.4,0.0,9.6
2025-10-04,86.53,Excellent,autumn,88.22,Excellent,summer,87.61,Excellent,87.7,83.27,5.0,4.5,5.0,4.0,0.3,23.476,21.23,25.0,22.5,74.6,74.6,0.0,1.9,0.6,9.4
2025-10-05,72.59,Very Good,autumn,74.04,Very Good,summer,73.47,Very Good,82.24,86.08,4.5,4.5,3.19,4.5,0.20000000000000018,21.78832,20.925759999999997,22.3,21.4,89.6,89.6,18.1,1.6,0.0,9.6
2025-10-06,51.89,Acceptable,autumn,54.96,Acceptable,summer,53.64,Acceptable,72.41,80.94,4.5,3.5,1.3200000000000003,3.0,0.0,20.434639999999998,17.41152,20.7,17.6,93.8,93.8,36.8,3.8,0.0,10.0
2025-10-07,73.31,Very Good,autumn,74.29,Very Good,summer,73.83,Very Good,67.76,79.02,4.0,4.0,4.29,3.5,0.09999999999999964,19.796,18.03272,20.0,18.2,94.9,94.9,7.1,3.1,0.0,9.8
2025-10-08,92.04,Ideal,autumn,92.04,Ideal,autumn,91.55,Ideal,73.76,79.78,4.0,4.5,5.0,4.5,5.0,26.0416,20.605279999999997,28.0,21.9,72.8,72.8,0.0,1.4,10.7,3.6
2025-10-09,80.45,Excellent,autumn,80.45,Excellent,autumn,81.13,Excellent,82.26,78.35,4.5,4.0,5.0,3.5,0.04999999999999982,21.06784,18.784,22.6,20.0,69.6,69.6,0.0,3.3,0.0,9.9
2025-10-10,39.61,Unfavorable,autumn,39.61,Unfavorable,autumn,40.44,Marginal,70.7,71.94,3.5,3.5,0.07000000000000028,3.5,0.0,17.641479999999998,16.9468,17.7,17.0,98.1,98.1,49.3,2.9,0.0,10.0
2025-10-11,70.6,Very Good,autumn,70.6,Very Good,autumn,71.57,Very Good,63.55,69.43,5.0,4.5,2.75,4.0,0.05,23.41912,20.01572,23.8,20.3,93.1,93.1,22.5,2.4,0.1,9.9
2025-10-12,81.52,Excellent,autumn,81.52,Excellent,autumn,81.99,Excellent,63.91,70.5,4.5,4.0,4.99,4.0,0.1,20.69776,18.4456,21.4,19.0,84.6,84.6,0.1,2.3,0.2,9.5
2025-10-13,57.54,Acceptable,autumn,57.54,Acceptable,autumn,58.19,Acceptable,69.89,70.86,4.0,3.5,2.4899999999999998,3.0,0.0,18.11408,15.57232,18.3,15.7,94.4,94.4,25.1,3.5,0.0,10.0
2025-10-14,78.35,Very Good,autumn,78.35,Very Good,autumn,78.83,Very Good,72.47,71.44,4.5,3.5,4.94,3.5,0.3,20.041079999999997,17.277479999999997,20.9,17.9,80.3,80.3,0.6,3.1,0.6,8.9
2025-10-15,88.91,Excellent,autumn,88.91,Excellent,autumn,89.24,Excellent,74.93,71.0,5.0,4.0,4.85,4.0,3.15,23.75776,19.17184,25.3,20.2,74.8,74.8,1.5,2.4,6.3,5.5
2025-10-16,89.53,Excellent,autumn,89.53,Excellent,autumn,89.8,Excellent,85.6,72.29,5.0,4.0,4.87,4.0,3.4,23.33776,19.192239999999998,24.8,20.2,75.3,75.3,1.3,2.4,6.8,3.4
2025-10-17,82.28,Excellent,autumn,82.28,Excellent,autumn,82.57,Excellent,86.91,78.39,5.0,4.0,3.87,4.0,3.2,23.30816,18.902079999999998,24.8,19.9,74.8,74.8,11.3,2.3,6.4,6.0
2025-10-18,69.35,Good,autumn,69.35,Good,autumn,69.53,Good,80.39,78.21,4.0,3.5,3.88,4.0,0.09999999999999964,18.180320000000002,15.516960000000001,18.6,15.8,87.8,87.8,11.2,2.3,0.0,9.8
2025-10-19,80.8,Excellent,autumn,80.8,Excellent,autumn,80.85,Excellent,77.48,78.11,4.0,3.5,5.0,3.5,2.55,18.1512,13.987,19.2,14.5,71.5,71.5,0.0,2.8,5.1,4.6
2025-10-20,76.05,Very Good,autumn,76.05,Very Good,autumn,76.06,Very Good,75.4,80.75,3.5,3.0,5.0,3.5,2.45,15.6134,10.0,16.5,10.0,65.9,65.9,0.0,2.7,4.9,4.8
2025-10-21,79.01,Very Good,autumn,79.01,Very Good,autumn,79.0,Very Good,78.62,80.85,3.5,3.0,5.0,4.5,2.9,13.580119999999999,9.30144,14.1,9.2,68.3,68.3,0.0,1.6,5.8,5.3
2025-10-22,79.41,Very Good,autumn,79.41,Very Good,autumn,79.41,Very Good,78.16,79.49,3.5,3.0,5.0,4.5,3.1,17.640240000000002,12.75404,18.6,13.1,72.1,72.1,0.0,1.5,6.2,3.0
2025-10-23,81.05,Excellent,autumn,81.05,Excellent,autumn,81.05,Excellent,79.82,78.28,4.0,3.5,5.0,4.0,2.15,18.45952,14.31788,19.6,14.9,70.3,70.3,0.0,2.0,4.3,3.8
2025-10-24,83.99,Excellent,autumn,83.99,Excellent,autumn,83.99,Excellent,81.48,78.52,4.0,3.5,5.0,4.0,3.65,19.959,15.0228,21.5,15.8,66.5,66.5,0.0,2.1,7.3,5.4
2025-10-25,78.29,Very Good,autumn,78.29,Very Good,autumn,78.29,Very Good,81.11,79.8,3.5,3.5,5.0,4.0,1.95,16.680519999999998,13.817440000000001,17.7,14.4,66.9,66.9,0.0,2.1,3.9,6.9
2025-10-26,74.5,Very Good,autumn,74.5,Very Good,autumn,74.5,Very Good,78.93,78.9,3.5,3.0,4.95,4.0,1.2999999999999998,13.43356,11.936879999999999,13.9,12.2,70.1,70.1,0.5,1.7,0.0,7.4
2025-10-27,77.9,Very Good,autumn,77.9,Very Good,autumn,77.9,Very Good,76.9,79.16,3.0,3.0,5.0,3.5,4.6,11.716,8.518,12.2,8.1,45.0,45.0,0.0,2.8,9.2,0.0
2025-10-28,82.15,Excellent,autumn,82.15,Excellent,autumn,82.15,Excellent,78.18,79.61,3.5,3.0,5.0,4.5,4.5,13.562240000000001,8.7856,14.4,8.5,52.4,52.4,0.0,1.4,9.0,0.5
2025-10-29,79.74,Very Good,autumn,79.74,Very Good,autumn,79.74,Very Good,79.93,79.66,3.5,3.0,5.0,4.0,3.8,17.138,11.204,18.3,11.4,65.0,65.0,0.0,1.7,7.6,1.1
2025-10-30,79.9,Very Good,autumn,79.9,Very Good,autumn,79.9,Very Good,80.6,79.5,3.5,3.0,5.0,4.5,3.35,17.225839999999998,12.467360000000001,18.2,12.8,70.3,70.3,0.0,1.5,6.7,5.5
2025-10-31,79.22,Very Good,autumn,79.22,Very Good,autumn,79.22,Very Good,79.62,78.81,4.0,3.5,4.99,4.0,1.25,19.41172,14.48596,20.7,15.1,69.9,69.9,0.1,2.0,2.5,8.1
2025-11-01,78.58,Very Good,autumn,78.58,Very Good,autumn,78.58,Very Good,79.23,78.86,3.5,3.0,4.76,4.0,4.05,16.868399999999998,12.5868,17.7,12.9,73.0,73.0,2.4,2.3,8.1,3.8
2025-11-02,76.68,Very Good,autumn,76.68,Very Good,autumn,76.68,Very Good,78.16,79.17,3.0,3.0,4.98,3.5,4.05,11.407599999999999,8.344,11.7,8.0,57.0,57.0,0.2,3.1,8.1,1.9
2025-11-03,80.56,Excellent,autumn,80.56,Excellent,autumn,80.56,Excellent,78.61,79.55,3.5,2.5,5.0,4.5,4.8,13.83708,7.71408,14.7,7.2,54.1,54.1,0.0,1.5,9.6,0.4
2025-11-04,82.15,Excellent,autumn,82.15,Excellent,autumn,82.15,Excellent,79.8,79.55,3.5,3.0,5.0,4.5,4.5,15.307120000000001,10.168479999999999,16.3,10.2,60.6,60.6,0.0,1.5,9.0,0.9
2025-11-05,82.74,Excellent,autumn,82.74,Excellent,autumn,82.74,Excellent,81.82,79.98,3.5,3.0,5.0,4.5,4.8,17.56,11.344,19.0,11.6,60.0,60.0,0.0,1.4,9.6,1.1
2025-11-06,81.27,Excellent,autumn,81.27,Excellent,autumn,81.27,Excellent,82.05,80.17,3.5,3.0,5.0,4.5,4.05,17.74048,12.199,18.8,12.5,69.9,69.9,0.0,1.6,8.1,3.8
2025-11-07,85.56,Excellent,autumn,85.56,Excellent,autumn,85.56,Excellent,83.19,81.08,4.0,3.5,5.0,4.0,4.45,18.565479999999997,13.37428,19.9,13.9,66.3,66.3,0.0,1.9,8.9,1.8
2025-11-08,75.65,Very Good,autumn,75.65,Very Good,autumn,75.65,Very Good,80.83,80.66,3.5,3.5,5.0,4.0,0.5999999999999996,16.1432,13.9492,17.0,14.5,69.4,69.4,0.0,2.2,0.0,8.8
2025-11-09,78.7,Very Good,autumn,78.7,Very Good,autumn,78.7,Very Good,79.97,80.95,3.5,3.0,5.0,3.5,3.8,16.50864,12.997399999999999,17.6,13.5,64.1,64.1,0.0,2.6,7.6,1.8
2025-11-10,79.43,Very Good,autumn,79.43,Very Good,autumn,79.43,Very Good,77.93,80.79,3.0,3.0,5.0,4.0,4.85,12.02608,8.72432,12.7,8.3,37.6,37.6,0.0,2.5,9.7,0.4
2025-11-11,81.46,Excellent,autumn,81.46,Excellent,autumn,81.46,Excellent,79.86,80.69,3.5,3.0,5.0,4.5,4.15,14.23504,9.08656,15.1,8.9,57.6,57.6,0.0,1.6,8.3,2.8
2025-11-12,81.5,Excellent,autumn,81.5,Excellent,autumn,81.5,Excellent,80.8,80.51,3.5,3.0,5.0,4.0,4.7,16.6374,10.6896,17.7,10.8,65.5,65.5,0.0,1.8,9.4,1.1
2025-11-13,77.97,Very Good,autumn,77.97,Very Good,autumn,77.97,Very Good,80.31,80.04,3.5,3.0,5.0,4.0,2.9,16.548160000000003,10.947759999999999,17.6,11.1,65.4,65.4,0.0,1.7,5.8,3.6
2025-11-14,81.6,Excellent,autumn,81.6,Excellent,autumn,81.6,Excellent,80.36,79.47,3.5,3.0,5.0,4.0,4.75,14.15752,9.26632,15.1,9.1,53.8,53.8,0.0,1.9,9.5,0.0
2025-11-15,82.05,Excellent,autumn,82.05,Excellent,autumn,82.05,Excellent,80.54,80.39,3.5,3.0,5.0,4.5,4.45,15.972999999999999,9.840720000000001,17.5,9.8,49.1,49.1,0.0,1.3,8.9,1.3
2025-11-16,79.83,Very Good,autumn,79.83,Very Good,autumn,79.79,Very Good,81.16,80.55,3.5,3.0,4.97,4.0,3.95,17.252319999999997,11.33376,18.7,11.6,58.4,58.4,0.3,2.4,7.9,3.6
2025-11-17,72.23,Very Good,autumn,72.23,Very Good,autumn,72.1,Very Good,78.04,79.52,3.0,2.5,5.0,3.0,3.35,9.77512,4.90272,9.7,3.2,37.4,37.4,0.0,3.7,6.7,4.8
2025-11-18,72.11,Very Good,autumn,72.11,Very Good,autumn,71.95,Very Good,74.72,78.18,2.5,2.0,5.0,4.0,4.55,7.2406,3.37744,6.5,1.6,47.1,47.1,0.0,2.3,9.1,0.8
2025-11-19,77.89,Very Good,autumn,77.89,Very Good,autumn,77.76,Very Good,74.08,77.67,3.0,2.5,5.0,4.5,4.65,8.879439999999999,4.3972,8.6,3.0,50.1,50.1,0.0,1.6,9.3,0.0
2025-11-20,75.89,Very Good,autumn,75.89,Very Good,autumn,75.73,Very Good,75.3,77.37,3.5,2.5,5.0,4.0,2.95,13.84192,7.828480000000001,14.6,7.4,58.8,58.8,0.0,2.5,5.9,4.5
2025-11-21,75.09,Very Good,autumn,75.09,Very Good,autumn,74.86,Very Good,76.29,76.44,3.0,2.5,5.0,4.0,3.75,12.085,7.8316,12.5,7.4,58.5,58.5,0.0,1.9,7.5,3.1
2025-11-22,78.46,Very Good,autumn,78.46,Very Good,autumn,78.28,Very Good,76.48,75.93,3.5,3.0,5.0,4.0,3.15,14.39212,9.65552,15.1,9.6,65.3,65.3,0.0,1.7,6.3,3.0
2025-11-23,72.88,Very Good,autumn,72.88,Very Good,autumn,72.94,Very Good,75.48,74.94,3.5,3.0,5.0,4.0,0.3,13.86496,10.790560000000001,14.4,10.9,69.6,69.6,0.0,2.1,0.6,8.0
2025-11-24,75.43,Very Good,autumn,75.43,Very Good,autumn,75.35,Very Good,75.59,75.39,3.5,3.0,5.0,4.0,1.6,16.052,12.136000000000001,16.8,12.4,72.5,72.5,0.0,1.8,3.2,5.0
2025-11-25,62.59,Good,autumn,62.59,Good,autumn,62.85,Good,70.3,74.03,3.0,2.5,4.22,4.0,0.1,9.630239999999999,7.59656,9.6,7.4,81.1,81.1,7.8,2.5,0.2,8.8
2025-11-26,74.07,Very Good,autumn,74.07,Very Good,autumn,73.96,Very Good,70.7,73.49,3.0,2.5,5.0,4.5,2.7,10.77904,6.88384,10.9,6.4,66.4,66.4,0.0,1.5,5.4,3.5
2025-11-27,60.13,Good,autumn,60.13,Good,autumn,60.33,Good,65.6,71.24,3.0,2.5,4.0,3.5,0.15,8.81752,5.54296,8.7,5.1,77.4,77.4,10.0,3.0,0.3,6.4
2025-11-28,72.21,Very Good,autumn,72.21,Very Good,autumn,71.53,Very Good,68.8,70.82,2.5,2.0,5.0,4.0,4.6,7.5232,3.64288,7.0,2.3,56.4,56.4,0.0,2.0,9.2,0.3
2025-11-29,70.51,Very Good,autumn,70.24,Very Good,winter,70.38,Very Good,67.53,69.65,3.0,2.5,4.99,4.0,1.45,9.42012,6.43788,9.3,5.7,57.1,57.1,0.1,2.3,2.9,5.5
2025-11-30,76.11,Very Good,autumn,75.77,Very Good,winter,75.93,Very Good,72.74,70.06,3.5,3.0,5.0,4.0,1.95,15.582720000000002,12.196480000000001,16.1,12.4,78.8,78.8,0.0,1.9,3.9,3.0
2025-12-01,73.86,Very Good,winter,73.86,Very Good,winter,74.61,Very Good,73.29,69.84,3.0,2.5,5.0,3.5,4.55,11.7644,6.391,12.2,5.5,50.5,50.5,0.0,3.1,9.1,0.8
2025-12-02,68.72,Good,winter,68.72,Good,winter,69.41,Good,72.78,70.71,2.5,2.0,5.0,3.5,4.25,4.87852,2.43244,3.3,0.1,41.1,41.1,0.0,3.3,8.5,2.1
2025-12-03,63.97,Good,winter,63.97,Good,winter,64.64,Good,68.85,69.27,2.0,1.5,5.0,3.5,4.2,0.20032000000000094,-2.17304,-2.8,-5.9,41.4,41.4,0.0,3.2,8.4,0.6
2025-12-04,65.49,Good,winter,65.49,Good,winter,65.91,Good,66.06,70.04,2.5,1.5,4.6,4.0,4.35,4.8104,-0.5388800000000002,3.5,-3.2,49.6,49.6,4.0,2.3,8.7,1.4
2025-12-05,66.0,Good,winter,66.0,Good,winter,66.45,Good,65.15,69.15,2.0,1.5,5.0,4.0,4.55,3.892,-0.26144000000000034,2.5,-2.6,53.6,53.6,0.0,1.8,9.1,1.8
2025-12-06,63.65,Good,winter,63.65,Good,winter,63.65,Good,65.05,68.21,2.5,2.0,4.94,4.0,0.45,5.1402,3.01956,4.5,2.1,70.9,70.9,0.6,2.0,0.9,8.1
2025-12-07,77.96,Very Good,winter,77.96,Very Good,winter,78.13,Very Good,69.2,68.52,3.5,3.0,5.0,4.0,3.3,13.092640000000001,8.45368,13.4,8.3,77.4,77.4,0.0,2.1,6.6,2.1
2025-12-08,73.05,Very Good,winter,73.05,Very Good,winter,73.27,Very Good,71.55,68.41,2.5,2.5,5.0,4.0,4.55,7.88968,4.84144,7.3,3.4,45.4,45.4,0.0,2.3,9.1,0.0
2025-12-09,70.42,Very Good,winter,70.42,Very Good,winter,70.57,Very Good,73.81,68.65,3.0,2.0,5.0,4.0,3.0,8.9132,3.9808000000000003,8.7,2.8,59.0,59.0,0.0,1.7,6.0,2.5
2025-12-10,68.68,Good,winter,68.68,Good,winter,68.67,Good,70.72,69.32,3.0,2.5,5.0,4.0,0.45,8.750639999999999,5.44876,8.6,4.9,73.1,73.1,0.0,1.9,0.9,6.6
2025-12-11,61.81,Good,winter,61.81,Good,winter,61.81,Good,66.97,68.8,3.0,2.5,3.71,3.5,2.0,8.60288,4.760800000000001,8.4,4.0,68.3,68.3,12.9,2.7,4.0,4.8
2025-12-12,68.88,Good,winter,68.88,Good,winter,68.92,Good,66.46,69.21,2.5,2.0,5.0,4.0,3.45,7.5244,3.3984000000000005,7.0,2.0,56.3,56.3,0.0,1.9,6.9,4.5
2025-12-13,58.59,Acceptable,winter,58.59,Acceptable,winter,58.59,Acceptable,63.09,68.48,2.5,2.0,4.05,4.0,0.7000000000000002,4.907,3.1476,4.5,2.6,81.5,81.5,9.5,2.4,0.0,8.6
2025-12-14,64.68,Good,winter,64.68,Good,winter,64.68,Good,64.05,66.59,2.0,2.0,4.99,4.0,2.3,3.7486,0.8493999999999999,3.1,-0.1,76.5,76.5,0.1,2.0,4.6,4.3
2025-12-15,66.29,Good,winter,66.29,Good,winter,66.29,Good,63.19,65.62,2.5,2.0,5.0,4.0,1.85,5.0192,1.5779200000000002,4.5,0.7,76.4,76.4,0.0,1.8,3.7,4.6
2025-12-16,64.71,Good,winter,64.71,Good,winter,64.71,Good,65.23,64.81,2.5,2.5,4.79,4.0,0.20000000000000018,5.23,4.0851999999999995,5.0,3.8,88.5,88.5,2.1,2.2,0.0,9.6
2025-12-17,71.76,Very Good,winter,71.76,Very Good,winter,71.76,Very Good,67.59,65.25,2.5,2.5,5.0,4.0,3.75,7.86112,4.83104,7.6,4.2,72.8,72.8,0.0,2.1,7.5,3.1
2025-12-18,72.77,Very Good,winter,72.77,Very Good,winter,72.77,Very Good,69.75,66.81,3.0,2.0,5.0,4.0,4.45,8.7364,3.5135199999999998,8.5,2.3,60.6,60.6,0.0,1.7,8.9,0.0
2025-12-19,70.87,Very Good,winter,70.87,Very Good,winter,70.87,Very Good,71.8,67.1,3.0,2.5,5.0,4.0,1.8,9.913400000000001,5.5834,9.9,4.9,66.5,66.5,0.0,2.1,3.6,4.3
2025-12-20,69.95,Good,winter,69.95,Good,winter,69.95,Good,71.2,68.72,3.0,2.5,4.97,4.0,1.35,10.627479999999998,7.57972,10.7,7.3,74.1,74.1,0.3,2.2,0.0,7.3
2025-12-21,69.04,Good,winter,69.04,Good,winter,69.04,Good,69.95,69.34,2.5,2.0,5.0,3.5,4.45,4.24,1.4752000000000005,2.5,-1.1,42.0,42.0,0.0,2.9,8.9,2.6
2025-12-22,70.42,Very Good,winter,70.42,Very Good,winter,70.42,Very Good,69.8,69.93,2.5,2.0,5.0,4.0,4.4,6.18192,1.6625600000000003,5.1,-0.7,44.8,44.8,0.0,1.8,8.8,3.9
2025-12-23,57.47,Acceptable,winter,57.47,Acceptable,winter,57.47,Acceptable,65.64,68.9,2.5,2.0,3.92,4.0,0.5,4.96348,3.46136,4.3,2.6,70.9,70.9,10.8,2.4,0.0,9.0
2025-12-24,67.34,Good,winter,67.34,Good,winter,67.34,Good,65.08,68.27,2.5,2.0,5.0,4.0,2.5,6.610799999999999,3.4048,6.3,2.8,79.0,79.0,0.0,2.4,5.0,4.1
2025-12-25,62.76,Good,winter,62.76,Good,winter,62.76,Good,62.52,66.84,2.0,1.5,5.0,3.0,4.35,1.8359999999999999,-1.10304,0.0,-3.6,54.1,54.1,0.0,3.9,8.7,0.3
2025-12-26,62.19,Good,winter,62.19,Good,winter,62.19,Good,64.1,65.6,1.5,1.5,5.0,3.5,4.5,-0.5783999999999998,-3.7519199999999993,-4.0,-8.2,38.9,38.9,0.0,2.8,9.0,0.4
2025-12-27,60.25,Good,winter,60.25,Good,winter,60.25,Good,61.73,64.21,2.0,1.5,5.0,4.0,1.0,2.3202,-0.18584000000000023,0.5,-2.6,52.1,52.1,0.0,2.1,2.0,7.8
2025-12-28,63.49,Good,winter,63.49,Good,winter,63.49,Good,61.98,63.42,2.5,2.0,4.94,4.0,0.35,6.468159999999999,3.84192,6.1,3.2,76.4,76.4,0.6,2.0,0.7,8.3
2025-12-29,71.73,Very Good,winter,71.73,Very Good,winter,71.73,Very Good,65.16,63.6,3.0,2.5,4.97,4.0,2.45,9.19324,5.4283600000000005,9.1,4.9,74.1,74.1,0.3,2.1,4.9,3.1
2025-12-30,70.58,Very Good,winter,70.58,Very Good,winter,70.58,Very Good,68.6,65.48,2.5,2.0,5.0,4.0,4.5,5.161519999999999,1.8057999999999996,3.8,-0.5,45.1,45.1,0.0,2.4,9.0,1.9
2025-12-31,64.46,Good,winter,64.46,Good,winter,64.46,Good,68.92,65.07,2.0,1.5,5.0,3.5,4.5,1.4476799999999999,-1.9121599999999996,-1.2,-5.6,40.9,40.9,0.0,3.1,9.0,0.3
