date,year,month,day,dow,dow_name,is_weekend,is_regular_closed_tuesday,closed,others_closed,d_holiday,close_hour,last_entry_hour,scheduled_open_hours_nominal,scheduled_entry_hours_nominal,visitors,cdg_visitors,cgg_visitors,dsg_visitors,paid,free,domestic,english,japanese,chinese,other_foreign,foreign_total,source_year,source_file
2009-01-01,2009,1,1,3,목,0,0,0,0,1,17.0,16.0,8.0,7.0,9966,2553,1064,5840,7866,2100,4621,666,1352,3327,0,5345,2009,문화재청_궁능유적본부_4대궁_관람객_수_현황_2009년.csv
2009-01-02,2009,1,2,4,금,0,0,0,0,0,17.0,16.0,8.0,7.0,7871,2307,859,5508,6103,1768,4417,440,748,2128,138,3454,2009,문화재청_궁능유적본부_4대궁_관람객_수_현황_2009년.csv
2009-01-03,2009,1,3,5,토,1,0,0,0,0,17.0,16.0,8.0,7.0,10553,2777,1338,8761,7576,2977,6878,528,872,2171,104,3675,2009,문화재청_궁능유적본부_4대궁_관람객_수_현황_2009년.csv
2009-01-04,2009,1,4,6,일,1,0,0,0,0,17.0,16.0,8.0,7.0,7928,2295,1248,7467,6126,1802,3353,519,1005,2021,1030,4575,2009,문화재청_궁능유적본부_4대궁_관람객_수_현황_2009년.csv
2009-01-05,2009,1,5,0,월,0,0,0,2,0,17.0,16.0,8.0,7.0,5056,0,590,0,3936,1120,2158,268,1316,1259,55,2898,2009,문화재청_궁능유적본부_4대궁_관람객_수_현황_2009년.csv
2009-01-06,2009,1,6,1,화,0,1,1,1,0,17.0,16.0,8.0,7.0,0,2553,0,4175,0,0,0,0,0,0,0,0,2009,문화재청_궁능유적본부_4대궁_관람객_수_현황_2009년.csv
2009-01-07,2009,1,7,2,수,0,0,0,0,0,17.0,16.0,8.0,7.0,4571,1299,580,3400,3389,1182,2308,525,644,1021,73,2263,2009,문화재청_궁능유적본부_4대궁_관람객_수_현황_2009년.csv
2009-01-08,2009,1,8,3,목,0,0,0,0,0,17.0,16.0,8.0,7.0,3567,1087,530,3261,2660,907,1873,264,938,431,61,1694,2009,문화재청_궁능유적본부_4대궁_관람객_수_현황_2009년.csv
2009-01-09,2009,1,9,4,금,0,0,0,0,0,17.0,16.0,8.0,7.0,3456,1192,338,3282,2653,803,1896,261,675,566,58,1560,2009,문화재청_궁능유적본부_4대궁_관람객_수_현황_2009년.csv
2009-01-10,2009,1,10,5,토,1,0,0,0,0,17.0,16.0,8.0,7.0,11614,1497,680,5331,3285,8329,9456,466,690,926,76,2158,2009,문화재청_궁능유적본부_4대궁_관람객_수_현황_2009년.csv
2009-01-11,2009,1,11,6,일,1,0,0,0,0,17.0,16.0,8.0,7.0,5559,1775,515,3720,4313,1246,2995,524,1052,882,106,2564,2009,문화재청_궁능유적본부_4대궁_관람객_수_현황_2009년.csv
2009-01-12,2009,1,12,0,월,0,0,0,2,0,17.0,16.0,8.0,7.0,7395,0,340,0,3271,4124,4646,442,959,1099,249,2749,2009,문화재청_궁능유적본부_4대궁_관람객_수_현황_2009년.csv
2009-01-13,2009,1,13,1,화,0,1,1,1,0,17.0,16.0,8.0,7.0,0,1624,0,3135,0,0,0,0,0,0,0,0,2009,문화재청_궁능유적본부_4대궁_관람객_수_현황_2009년.csv
2009-01-14,2009,1,14,2,수,0,0,0,0,0,17.0,16.0,8.0,7.0,3369,1250,358,2261,2622,747,1185,133,761,1260,30,2184,2009,문화재청_궁능유적본부_4대궁_관람객_수_현황_2009년.csv
2009-01-15,2009,1,15,3,목,0,0,0,0,0,17.0,16.0,8.0,7.0,4448,1037,332,1305,3332,1116,1399,554,799,1645,51,3049,2009,문화재청_궁능유적본부_4대궁_관람객_수_현황_2009년.csv
2009-01-16,2009,1,16,4,금,0,0,0,0,0,17.0,16.0,8.0,7.0,4850,1427,892,4084,3611,1239,1995,332,798,1594,131,2855,2009,문화재청_궁능유적본부_4대궁_관람객_수_현황_2009년.csv
2009-01-17,2009,1,17,5,토,1,0,0,0,0,17.0,16.0,8.0,7.0,12437,2416,1320,8961,7706,4731,7899,425,943,3044,126,4538,2009,문화재청_궁능유적본부_4대궁_관람객_수_현황_2009년.csv
2009-01-18,2009,1,18,6,일,1,0,0,0,0,17.0,16.0,8.0,7.0,8078,2369,1094,7000,6278,1800,4453,610,703,2223,89,3625,2009,문화재청_궁능유적본부_4대궁_관람객_수_현황_2009년.csv
2009-01-19,2009,1,19,0,월,0,0,0,2,0,17.0,16.0,8.0,7.0,6187,0,615,0,4723,1464,2534,340,1194,2064,55,3653,2009,문화재청_궁능유적본부_4대궁_관람객_수_현황_2009년.csv
2009-01-20,2009,1,20,1,화,0,1,1,1,0,17.0,16.0,8.0,7.0,0,2609,0,5471,0,0,0,0,0,0,0,0,2009,문화재청_궁능유적본부_4대궁_관람객_수_현황_2009년.csv
2009-01-21,2009,1,21,2,수,0,0,0,0,0,17.0,16.0,8.0,7.0,5731,1327,506,3346,4559,1172,2212,290,894,2187,148,3519,2009,문화재청_궁능유적본부_4대궁_관람객_수_현황_2009년.csv
2009-01-22,2009,1,22,3,목,0,0,0,0,0,17.0,16.0,8.0,7.0,4620,1058,638,2414,3658,962,2049,261,831,1468,11,2571,2009,문화재청_궁능유적본부_4대궁_관람객_수_현황_2009년.csv
2009-01-23,2009,1,23,4,금,0,0,0,0,0,17.0,16.0,8.0,7.0,3042,983,159,1914,2349,693,881,194,593,1341,33,2161,2009,문화재청_궁능유적본부_4대궁_관람객_수_현황_2009년.csv
2009-01-24,2009,1,24,5,토,1,0,0,0,0,17.0,16.0,8.0,7.0,7351,1390,880,5632,4614,2737,3205,714,1136,2285,11,4146,2009,문화재청_궁능유적본부_4대궁_관람객_수_현황_2009년.csv
2009-01-25,2009,1,25,6,일,1,0,0,0,1,17.0,16.0,8.0,7.0,6165,1098,710,3430,4791,1374,3452,342,597,1700,74,2713,2009,문화재청_궁능유적본부_4대궁_관람객_수_현황_2009년.csv
2009-01-26,2009,1,26,0,월,0,0,0,0,1,17.0,16.0,8.0,7.0,38481,2792,3349,5600,0,38481,15672,1848,9101,11374,486,22809,2009,문화재청_궁능유적본부_4대궁_관람객_수_현황_2009년.csv
2009-01-27,2009,1,27,1,화,0,1,0,0,1,17.0,16.0,8.0,7.0,16871,3855,3047,9206,12412,4459,12821,504,435,3011,100,4050,2009,문화재청_궁능유적본부_4대궁_관람객_수_현황_2009년.csv
2009-01-28,2009,1,28,2,수,0,0,0,0,0,17.0,16.0,8.0,7.0,8359,1133,703,3565,6489,1870,3406,365,796,3702,90,4953,2009,문화재청_궁능유적본부_4대궁_관람객_수_현황_2009년.csv
2009-01-29,2009,1,29,3,목,0,0,0,0,0,17.0,16.0,8.0,7.0,8543,1545,733,4338,6640,1903,3264,276,719,4198,86,5279,2009,문화재청_궁능유적본부_4대궁_관람객_수_현황_2009년.csv
2009-01-30,2009,1,30,4,금,0,0,0,0,0,17.0,16.0,8.0,7.0,10143,1892,803,4466,7055,3088,4731,317,651,4377,67,5412,2009,문화재청_궁능유적본부_4대궁_관람객_수_현황_2009년.csv
2009-01-31,2009,1,31,5,토,1,0,0,0,0,17.0,16.0,8.0,7.0,15333,2745,1794,9349,11711,3622,8539,539,908,5260,87,6794,2009,문화재청_궁능유적본부_4대궁_관람객_수_현황_2009년.csv
2009-02-01,2009,2,1,6,일,1,0,0,0,0,17.0,16.0,8.0,7.0,13426,2970,2120,5747,10422,3004,7645,477,891,4407,6,5781,2009,문화재청_궁능유적본부_4대궁_관람객_수_현황_2009년.csv
2009-02-02,2009,2,2,0,월,0,0,0,2,0,17.0,16.0,8.0,7.0,7672,0,730,0,5899,1773,2972,275,1271,3082,72,4700,2009,문화재청_궁능유적본부_4대궁_관람객_수_현황_2009년.csv
2009-02-03,2009,2,3,1,화,0,1,1,1,0,17.0,16.0,8.0,7.0,0,2956,0,5304,0,0,0,0,0,0,0,0,2009,문화재청_궁능유적본부_4대궁_관람객_수_현황_2009년.csv
2009-02-04,2009,2,4,2,수,0,0,0,0,0,17.0,16.0,8.0,7.0,7066,1638,735,3537,5700,1366,2813,186,1199,2772,96,4253,2009,문화재청_궁능유적본부_4대궁_관람객_수_현황_2009년.csv
2009-02-05,2009,2,5,3,목,0,0,0,0,0,17.0,16.0,8.0,7.0,5993,1389,389,2796,4775,1218,2114,317,1124,2287,151,3879,2009,문화재청_궁능유적본부_4대궁_관람객_수_현황_2009년.csv
2009-02-06,2009,2,6,4,금,0,0,0,0,0,17.0,16.0,8.0,7.0,6313,1688,693,3581,4873,1440,2301,396,1611,1933,72,4012,2009,문화재청_궁능유적본부_4대궁_관람객_수_현황_2009년.csv
2009-02-07,2009,2,7,5,토,1,0,0,0,0,17.0,16.0,8.0,7.0,7922,2163,955,6012,6342,1580,3644,987,1218,2036,37,4278,2009,문화재청_궁능유적본부_4대궁_관람객_수_현황_2009년.csv
2009-02-08,2009,2,8,6,일,1,0,0,0,0,17.0,16.0,8.0,7.0,9324,2643,1743,6817,7280,2044,5922,555,1221,1543,83,3402,2009,문화재청_궁능유적본부_4대궁_관람객_수_현황_2009년.csv
2009-02-09,2009,2,9,0,월,0,0,0,2,0,17.0,16.0,8.0,7.0,7043,0,688,0,4391,2652,3783,351,1583,1256,70,3260,2009,문화재청_궁능유적본부_4대궁_관람객_수_현황_2009년.csv
2009-02-10,2009,2,10,1,화,0,1,1,1,0,17.0,16.0,8.0,7.0,0,2463,0,4296,0,0,0,0,0,0,0,0,2009,문화재청_궁능유적본부_4대궁_관람객_수_현황_2009년.csv
2009-02-11,2009,2,11,2,수,0,0,0,0,0,17.0,16.0,8.0,7.0,5728,1625,610,2755,4377,1351,1830,467,1407,1975,49,3898,2009,문화재청_궁능유적본부_4대궁_관람객_수_현황_2009년.csv
2009-02-12,2009,2,12,3,목,0,0,0,0,0,17.0,16.0,8.0,7.0,5050,1502,681,2726,3744,1306,1817,405,1214,1525,89,3233,2009,문화재청_궁능유적본부_4대궁_관람객_수_현황_2009년.csv
2009-02-13,2009,2,13,4,금,0,0,0,0,0,17.0,16.0,8.0,7.0,2556,1396,112,1530,1948,608,550,192,1058,732,24,2006,2009,문화재청_궁능유적본부_4대궁_관람객_수_현황_2009년.csv
2009-02-14,2009,2,14,5,토,1,0,0,0,0,17.0,16.0,8.0,7.0,17998,2314,1404,6586,5957,12041,14115,428,1187,2193,75,3883,2009,문화재청_궁능유적본부_4대궁_관람객_수_현황_2009년.csv
2009-02-15,2009,2,15,6,일,1,0,0,0,0,17.0,16.0,8.0,7.0,8264,1972,810,3839,5498,2766,4637,485,952,2059,131,3627,2009,문화재청_궁능유적본부_4대궁_관람객_수_현황_2009년.csv
2009-02-16,2009,2,16,0,월,0,0,0,2,0,17.0,16.0,8.0,7.0,5229,0,471,0,4160,1069,1517,415,1677,1577,43,3712,2009,문화재청_궁능유적본부_4대궁_관람객_수_현황_2009년.csv
2009-02-17,2009,2,17,1,화,0,1,1,1,0,17.0,16.0,8.0,7.0,0,2743,0,3616,0,0,0,0,0,0,0,0,2009,문화재청_궁능유적본부_4대궁_관람객_수_현황_2009년.csv
2009-02-18,2009,2,18,2,수,0,0,0,0,0,17.0,16.0,8.0,7.0,4729,1633,609,2631,3652,1077,1791,253,1428,1207,50,2938,2009,문화재청_궁능유적본부_4대궁_관람객_수_현황_2009년.csv
2009-02-19,2009,2,19,3,목,0,0,0,0,0,17.0,16.0,8.0,7.0,5255,1389,449,2928,3998,1257,2358,252,1361,1174,110,2897,2009,문화재청_궁능유적본부_4대궁_관람객_수_현황_2009년.csv
2009-02-20,2009,2,20,4,금,0,0,0,0,0,17.0,16.0,8.0,7.0,4464,1803,351,2575,3458,1006,1878,240,1293,1015,38,2586,2009,문화재청_궁능유적본부_4대궁_관람객_수_현황_2009년.csv
2009-02-21,2009,2,21,5,토,1,0,0,0,0,17.0,16.0,8.0,7.0,8252,2239,1112,5146,6580,1672,4569,567,1568,1490,58,3683,2009,문화재청_궁능유적본부_4대궁_관람객_수_현황_2009년.csv
2009-02-22,2009,2,22,6,일,1,0,0,0,0,17.0,16.0,8.0,7.0,7995,2578,1046,5267,6466,1529,4609,323,1582,1476,5,3386,2009,문화재청_궁능유적본부_4대궁_관람객_수_현황_2009년.csv
2009-02-23,2009,2,23,0,월,0,0,0,2,0,17.0,16.0,8.0,7.0,6313,0,880,0,5097,1216,3401,242,1646,962,62,2912,2009,문화재청_궁능유적본부_4대궁_관람객_수_현황_2009년.csv
2009-02-24,2009,2,24,1,화,0,1,1,1,0,17.0,16.0,8.0,7.0,0,3216,0,5645,0,0,0,0,0,0,0,0,2009,문화재청_궁능유적본부_4대궁_관람객_수_현황_2009년.csv
2009-02-25,2009,2,25,2,수,0,0,0,0,0,17.0,16.0,8.0,7.0,8855,2140,961,3843,5012,3843,5260,385,1640,1492,78,3595,2009,문화재청_궁능유적본부_4대궁_관람객_수_현황_2009년.csv
2009-02-26,2009,2,26,3,목,0,0,0,0,0,17.0,16.0,8.0,7.0,5542,1983,765,4328,4435,1107,2676,372,1402,1030,62,2866,2009,문화재청_궁능유적본부_4대궁_관람객_수_현황_2009년.csv
2009-02-27,2009,2,27,4,금,0,0,0,0,0,17.0,16.0,8.0,7.0,6435,2528,751,4835,4903,1532,2955,508,1330,1596,46,3480,2009,문화재청_궁능유적본부_4대궁_관람객_수_현황_2009년.csv
2009-02-28,2009,2,28,5,토,1,0,0,0,0,17.0,16.0,8.0,7.0,9732,3115,2103,10200,6130,3602,5268,851,1518,2079,16,4464,2009,문화재청_궁능유적본부_4대궁_관람객_수_현황_2009년.csv
2009-03-01,2009,3,1,6,일,1,0,0,0,1,18.0,17.0,9.0,8.0,9514,2753,1875,4413,7576,1938,5893,818,1149,1560,94,3621,2009,문화재청_궁능유적본부_4대궁_관람객_수_현황_2009년.csv
2009-03-02,2009,3,2,0,월,0,0,0,2,0,18.0,17.0,9.0,8.0,4850,0,361,0,3701,1149,1662,288,1121,1719,60,3188,2009,문화재청_궁능유적본부_4대궁_관람객_수_현황_2009년.csv
2009-03-03,2009,3,3,1,화,0,1,1,1,0,18.0,17.0,9.0,8.0,0,2065,0,2271,0,0,0,0,0,0,0,0,2009,문화재청_궁능유적본부_4대궁_관람객_수_현황_2009년.csv
2009-03-04,2009,3,4,2,수,0,0,0,0,0,18.0,17.0,9.0,8.0,6950,1953,672,2272,3290,3660,4237,311,1494,857,51,2713,2009,문화재청_궁능유적본부_4대궁_관람객_수_현황_2009년.csv
2009-03-05,2009,3,5,3,목,0,0,0,0,0,18.0,17.0,9.0,8.0,3189,1361,187,1126,2290,899,1101,374,1072,597,45,2088,2009,문화재청_궁능유적본부_4대궁_관람객_수_현황_2009년.csv
2009-03-06,2009,3,6,4,금,0,0,0,0,0,18.0,17.0,9.0,8.0,5166,2291,460,2069,3763,1403,1981,587,1548,982,68,3185,2009,문화재청_궁능유적본부_4대궁_관람객_수_현황_2009년.csv
2009-03-07,2009,3,7,5,토,1,0,0,0,0,18.0,17.0,9.0,8.0,8318,2375,1119,5348,6439,1879,3835,606,1748,2117,12,4483,2009,문화재청_궁능유적본부_4대궁_관람객_수_현황_2009년.csv
2009-03-08,2009,3,8,6,일,1,0,0,0,0,18.0,17.0,9.0,8.0,9030,2636,1738,6207,6903,2127,6257,533,1177,960,103,2773,2009,문화재청_궁능유적본부_4대궁_관람객_수_현황_2009년.csv
2009-03-09,2009,3,9,0,월,0,0,0,2,0,18.0,17.0,9.0,8.0,5884,0,751,0,4672,1212,1937,536,2278,1071,62,3947,2009,문화재청_궁능유적본부_4대궁_관람객_수_현황_2009년.csv
2009-03-10,2009,3,10,1,화,0,1,1,1,0,18.0,17.0,9.0,8.0,0,3100,0,3788,0,0,0,0,0,0,0,0,2009,문화재청_궁능유적본부_4대궁_관람객_수_현황_2009년.csv
2009-03-11,2009,3,11,2,수,0,0,0,0,0,18.0,17.0,9.0,8.0,6647,1868,647,2511,4027,2620,2976,385,1648,1569,69,3671,2009,문화재청_궁능유적본부_4대궁_관람객_수_현황_2009년.csv
2009-03-12,2009,3,12,3,목,0,0,0,0,0,18.0,17.0,9.0,8.0,6132,1601,619,2642,4453,1679,2339,355,1562,1812,64,3793,2009,문화재청_궁능유적본부_4대궁_관람객_수_현황_2009년.csv
2009-03-13,2009,3,13,4,금,0,0,0,0,0,18.0,17.0,9.0,8.0,4144,1946,183,2043,3230,914,1086,197,1465,1358,38,3058,2009,문화재청_궁능유적본부_4대궁_관람객_수_현황_2009년.csv
2009-03-14,2009,3,14,5,토,1,0,0,0,0,18.0,17.0,9.0,8.0,22041,2751,718,8419,6431,15610,16917,634,1809,2625,56,5124,2009,문화재청_궁능유적본부_4대궁_관람객_수_현황_2009년.csv
2009-03-15,2009,3,15,6,일,1,0,0,0,0,18.0,17.0,9.0,8.0,8660,2839,1308,6450,6704,1956,4572,794,1297,1975,22,4088,2009,문화재청_궁능유적본부_4대궁_관람객_수_현황_2009년.csv
2009-03-16,2009,3,16,0,월,0,0,0,2,0,18.0,17.0,9.0,8.0,6535,0,516,0,5030,1505,1832,562,2030,2046,65,4703,2009,문화재청_궁능유적본부_4대궁_관람객_수_현황_2009년.csv
2009-03-17,2009,3,17,1,화,0,1,1,1,0,18.0,17.0,9.0,8.0,0,3454,0,4624,0,0,0,0,0,0,0,0,2009,문화재청_궁능유적본부_4대궁_관람객_수_현황_2009년.csv
2009-03-18,2009,3,18,2,수,0,0,0,0,0,18.0,17.0,9.0,8.0,5615,2215,629,2977,4289,1326,2098,339,1332,1753,93,3517,2009,문화재청_궁능유적본부_4대궁_관람객_수_현황_2009년.csv
2009-03-19,2009,3,19,3,목,0,0,0,0,0,18.0,17.0,9.0,8.0,5365,1800,545,2808,3757,1608,1980,251,1640,1449,45,3385,2009,문화재청_궁능유적본부_4대궁_관람객_수_현황_2009년.csv
2009-03-20,2009,3,20,4,금,0,0,0,0,0,18.0,17.0,9.0,8.0,7611,2879,1505,5380,5636,1975,3926,277,1641,1704,63,3685,2009,문화재청_궁능유적본부_4대궁_관람객_수_현황_2009년.csv
2009-03-21,2009,3,21,5,토,1,0,0,0,0,18.0,17.0,9.0,8.0,11678,3842,2728,11909,9312,2366,7266,652,1749,1885,126,4412,2009,문화재청_궁능유적본부_4대궁_관람객_수_현황_2009년.csv
2009-03-22,2009,3,22,6,일,1,0,0,0,0,18.0,17.0,9.0,8.0,8696,2408,1613,6273,6581,2115,5183,306,1052,2079,76,3513,2009,문화재청_궁능유적본부_4대궁_관람객_수_현황_2009년.csv
2009-03-23,2009,3,23,0,월,0,0,0,2,0,18.0,17.0,9.0,8.0,9312,0,730,0,5577,3735,5292,312,1644,1910,154,4020,2009,문화재청_궁능유적본부_4대궁_관람객_수_현황_2009년.csv
2009-03-24,2009,3,24,1,화,0,1,1,1,0,18.0,17.0,9.0,8.0,0,3165,0,1844,0,0,0,0,0,0,0,0,2009,문화재청_궁능유적본부_4대궁_관람객_수_현황_2009년.csv
2009-03-25,2009,3,25,2,수,0,0,0,0,0,18.0,17.0,9.0,8.0,8223,1962,514,1203,4424,3799,4706,363,1164,1907,83,3517,2009,문화재청_궁능유적본부_4대궁_관람객_수_현황_2009년.csv
2009-03-26,2009,3,26,3,목,0,0,0,0,0,18.0,17.0,9.0,8.0,9354,1836,260,1213,7069,2285,5194,295,1254,2333,278,4160,2009,문화재청_궁능유적본부_4대궁_관람객_수_현황_2009년.csv
2009-03-27,2009,3,27,4,금,0,0,0,0,0,18.0,17.0,9.0,8.0,7644,2865,1079,1202,5698,1946,2822,589,1718,2325,190,4822,2009,문화재청_궁능유적본부_4대궁_관람객_수_현황_2009년.csv
2009-03-28,2009,3,28,5,토,1,0,0,0,0,18.0,17.0,9.0,8.0,18346,4987,2656,5782,9613,8733,10921,1099,2112,4166,48,7425,2009,문화재청_궁능유적본부_4대궁_관람객_수_현황_2009년.csv
2009-03-29,2009,3,29,6,일,1,0,0,0,0,18.0,17.0,9.0,8.0,12663,4465,3692,5256,9634,3029,6989,987,1557,3128,2,5674,2009,문화재청_궁능유적본부_4대궁_관람객_수_현황_2009년.csv
2009-03-30,2009,3,30,0,월,0,0,0,2,0,18.0,17.0,9.0,8.0,9912,0,886,0,5782,4130,5229,586,1789,2222,86,4683,2009,문화재청_궁능유적본부_4대궁_관람객_수_현황_2009년.csv
2009-03-31,2009,3,31,1,화,0,1,1,1,0,18.0,17.0,9.0,8.0,0,3678,0,3274,0,0,0,0,0,0,0,0,2009,문화재청_궁능유적본부_4대궁_관람객_수_현황_2009년.csv
2009-04-01,2009,4,1,2,수,0,0,0,0,0,18.0,17.0,9.0,8.0,11426,2782,1290,1712,9463,1963,7341,330,1366,1956,433,4085,2009,문화재청_궁능유적본부_4대궁_관람객_수_현황_2009년.csv
2009-04-02,2009,4,2,3,목,0,0,0,0,0,18.0,17.0,9.0,8.0,14809,1710,1680,2727,12719,2090,11395,360,1491,1275,288,3414,2009,문화재청_궁능유적본부_4대궁_관람객_수_현황_2009년.csv
2009-04-03,2009,4,3,4,금,0,0,0,0,0,18.0,17.0,9.0,8.0,10829,2967,1633,2183,8126,2703,7539,306,1287,1574,123,3290,2009,문화재청_궁능유적본부_4대궁_관람객_수_현황_2009년.csv
2009-04-04,2009,4,4,5,토,1,0,0,0,0,18.0,17.0,9.0,8.0,10882,5374,3017,4107,8852,2030,6727,529,1730,1892,4,4155,2009,문화재청_궁능유적본부_4대궁_관람객_수_현황_2009년.csv
2009-04-05,2009,4,5,6,일,1,0,0,0,0,18.0,17.0,9.0,8.0,12113,5460,5701,5113,9373,2740,8113,567,1452,1941,40,4000,2009,문화재청_궁능유적본부_4대궁_관람객_수_현황_2009년.csv
2009-04-06,2009,4,6,0,월,0,0,0,2,0,18.0,17.0,9.0,8.0,12558,0,2742,0,7898,4660,8469,366,1408,2010,305,4089,2009,문화재청_궁능유적본부_4대궁_관람객_수_현황_2009년.csv
2009-04-07,2009,4,7,1,화,0,1,1,1,0,18.0,17.0,9.0,8.0,0,4915,0,5167,0,0,0,0,0,0,0,0,2009,문화재청_궁능유적본부_4대궁_관람객_수_현황_2009년.csv
2009-04-08,2009,4,8,2,수,0,0,0,0,0,18.0,17.0,9.0,8.0,12644,3813,2618,3411,9755,2889,7884,733,1111,2797,119,4760,2009,문화재청_궁능유적본부_4대궁_관람객_수_현황_2009년.csv
2009-04-09,2009,4,9,3,목,0,0,0,0,0,18.0,17.0,9.0,8.0,16519,1668,2871,3741,13638,2881,11711,604,930,2719,555,4808,2009,문화재청_궁능유적본부_4대궁_관람객_수_현황_2009년.csv
2009-04-10,2009,4,10,4,금,0,0,0,0,0,18.0,17.0,9.0,8.0,13136,3732,2871,4216,10679,2457,7849,786,1066,3147,288,5287,2009,문화재청_궁능유적본부_4대궁_관람객_수_현황_2009년.csv
2009-04-11,2009,4,11,5,토,1,0,0,0,0,18.0,17.0,9.0,8.0,23072,6371,7453,11072,11449,11623,15835,1883,1569,3668,117,7237,2009,문화재청_궁능유적본부_4대궁_관람객_수_현황_2009년.csv
2009-04-12,2009,4,12,6,일,1,0,0,0,0,18.0,17.0,9.0,8.0,17550,5307,6443,6489,11439,6111,11441,824,1161,4052,72,6109,2009,문화재청_궁능유적본부_4대궁_관람객_수_현황_2009년.csv
2009-04-13,2009,4,13,0,월,0,0,0,2,0,18.0,17.0,9.0,8.0,16130,0,2033,0,12495,3635,9854,860,1822,3477,117,6276,2009,문화재청_궁능유적본부_4대궁_관람객_수_현황_2009년.csv
2009-04-14,2009,4,14,1,화,0,1,1,1,0,18.0,17.0,9.0,8.0,0,7519,0,4553,0,0,0,0,0,0,0,0,2009,문화재청_궁능유적본부_4대궁_관람객_수_현황_2009년.csv
2009-04-15,2009,4,15,2,수,0,0,0,0,0,18.0,17.0,9.0,8.0,12886,2989,957,1077,10903,1983,7137,1259,1123,2823,544,5749,2009,문화재청_궁능유적본부_4대궁_관람객_수_현황_2009년.csv
2009-04-16,2009,4,16,3,목,0,0,0,0,0,18.0,17.0,9.0,8.0,21629,1809,1913,3078,17302,4327,16621,798,1306,2502,402,5008,2009,문화재청_궁능유적본부_4대궁_관람객_수_현황_2009년.csv
2009-04-17,2009,4,17,4,금,0,0,0,0,0,18.0,17.0,9.0,8.0,16564,3901,3708,3725,13897,2667,10472,1250,1772,2806,264,6092,2009,문화재청_궁능유적본부_4대궁_관람객_수_현황_2009년.csv
2009-04-18,2009,4,18,5,토,1,0,0,0,0,18.0,17.0,9.0,8.0,14765,5606,4957,7188,11853,2912,8993,856,1603,3260,53,5772,2009,문화재청_궁능유적본부_4대궁_관람객_수_현황_2009년.csv
2009-04-19,2009,4,19,6,일,1,0,0,0,0,18.0,17.0,9.0,8.0,11923,5038,4316,5601,9195,2728,7589,637,1258,2285,154,4334,2009,문화재청_궁능유적본부_4대궁_관람객_수_현황_2009년.csv
2009-04-20,2009,4,20,0,월,0,0,0,2,0,18.0,17.0,9.0,8.0,12971,0,311,0,8841,4130,9274,302,1450,1866,79,3697,2009,문화재청_궁능유적본부_4대궁_관람객_수_현황_2009년.csv
2009-04-21,2009,4,21,1,화,0,1,1,1,0,18.0,17.0,9.0,8.0,0,4889,0,4779,0,0,0,0,0,0,0,0,2009,문화재청_궁능유적본부_4대궁_관람객_수_현황_2009년.csv
2009-04-22,2009,4,22,2,수,0,0,0,0,0,18.0,17.0,9.0,8.0,15089,3871,1870,1995,13456,1633,10012,519,1369,2986,203,5077,2009,문화재청_궁능유적본부_4대궁_관람객_수_현황_2009년.csv
2009-04-23,2009,4,23,3,목,0,0,0,0,0,18.0,17.0,9.0,8.0,24128,1783,2242,2892,21697,2431,19079,664,1122,2770,493,5049,2009,문화재청_궁능유적본부_4대궁_관람객_수_현황_2009년.csv
2009-04-24,2009,4,24,4,금,0,0,0,0,0,18.0,17.0,9.0,8.0,15061,3555,1458,1336,12913,2148,10873,376,1209,2369,234,4188,2009,문화재청_궁능유적본부_4대궁_관람객_수_현황_2009년.csv
2009-04-25,2009,4,25,5,토,1,0,0,0,0,18.0,17.0,9.0,8.0,21246,2961,1137,2058,6336,14910,15354,697,1331,3856,8,5892,2009,문화재청_궁능유적본부_4대궁_관람객_수_현황_2009년.csv
2009-04-26,2009,4,26,6,일,1,0,0,0,0,18.0,17.0,9.0,8.0,9650,2953,1876,2863,7440,2210,5254,614,946,2826,10,4396,2009,문화재청_궁능유적본부_4대궁_관람객_수_현황_2009년.csv
2009-04-27,2009,4,27,0,월,0,0,0,2,0,18.0,17.0,9.0,8.0,14948,0,1694,0,10628,4320,10945,454,1155,2336,58,4003,2009,문화재청_궁능유적본부_4대궁_관람객_수_현황_2009년.csv
2009-04-28,2009,4,28,1,화,0,1,1,1,0,18.0,17.0,9.0,8.0,0,6923,0,5281,0,0,0,0,0,0,0,0,2009,문화재청_궁능유적본부_4대궁_관람객_수_현황_2009년.csv
2009-04-29,2009,4,29,2,수,0,0,0,0,0,18.0,17.0,9.0,8.0,14852,3210,1760,3431,13062,1790,11531,294,863,2108,56,3321,2009,문화재청_궁능유적본부_4대궁_관람객_수_현황_2009년.csv
2009-04-30,2009,4,30,3,목,0,0,0,0,0,18.0,17.0,9.0,8.0,13929,1480,2699,2477,11924,2005,10118,341,936,2118,416,3811,2009,문화재청_궁능유적본부_4대궁_관람객_수_현황_2009년.csv
2009-05-01,2009,5,1,4,금,0,0,0,0,0,18.0,17.0,9.0,8.0,15066,4333,2642,5154,12244,2822,10633,439,869,3002,123,4433,2009,문화재청_궁능유적본부_4대궁_관람객_수_현황_2009년.csv
2009-05-02,2009,5,2,5,토,1,0,0,0,1,18.0,17.0,9.0,8.0,14740,3733,1581,3228,11314,3426,8450,499,1311,4447,33,6290,2009,문화재청_궁능유적본부_4대궁_관람객_수_현황_2009년.csv
2009-05-03,2009,5,3,6,일,1,0,0,0,0,18.0,17.0,9.0,8.0,20390,7614,5611,10165,15917,4473,14685,697,1429,3402,177,5705,2009,문화재청_궁능유적본부_4대궁_관람객_수_현황_2009년.csv
2009-05-04,2009,5,4,0,월,0,0,0,0,0,18.0,17.0,9.0,8.0,15212,2245,2760,4914,11998,3214,10803,338,1654,2261,156,4409,2009,문화재청_궁능유적본부_4대궁_관람객_수_현황_2009년.csv
2009-05-05,2009,5,5,1,화,0,1,0,0,1,18.0,17.0,9.0,8.0,31254,7911,7086,24787,10053,21201,28544,759,594,1250,107,2710,2009,문화재청_궁능유적본부_4대궁_관람객_수_현황_2009년.csv
2009-05-06,2009,5,6,2,수,0,0,0,0,0,18.0,17.0,9.0,8.0,11398,1849,1687,2498,7936,3462,9017,446,523,1319,93,2381,2009,문화재청_궁능유적본부_4대궁_관람객_수_현황_2009년.csv
2009-05-07,2009,5,7,3,목,0,0,0,0,0,18.0,17.0,9.0,8.0,10471,1202,1379,2696,8527,1944,8142,311,710,1070,238,2329,2009,문화재청_궁능유적본부_4대궁_관람객_수_현황_2009년.csv
2009-05-08,2009,5,8,4,금,0,0,0,0,0,18.0,17.0,9.0,8.0,8593,2418,3269,2632,7125,1468,6283,349,653,1241,67,2310,2009,문화재청_궁능유적본부_4대궁_관람객_수_현황_2009년.csv
2009-05-09,2009,5,9,5,토,1,0,0,0,0,18.0,17.0,9.0,8.0,11996,3839,3993,6825,6910,5086,7996,768,732,2356,144,4000,2009,문화재청_궁능유적본부_4대궁_관람객_수_현황_2009년.csv
2009-05-10,2009,5,10,6,일,1,0,0,0,0,18.0,17.0,9.0,8.0,12144,3201,3330,4493,8906,3238,7933,1010,902,2274,25,4211,2009,문화재청_궁능유적본부_4대궁_관람객_수_현황_2009년.csv
2009-05-11,2009,5,11,0,월,0,0,0,2,0,18.0,17.0,9.0,8.0,10433,0,290,0,7116,3317,7949,339,739,1365,41,2484,2009,문화재청_궁능유적본부_4대궁_관람객_수_현황_2009년.csv
2009-05-12,2009,5,12,1,화,0,1,1,1,0,18.0,17.0,9.0,8.0,0,5423,0,4507,0,0,0,0,0,0,0,0,2009,문화재청_궁능유적본부_4대궁_관람객_수_현황_2009년.csv
2009-05-13,2009,5,13,2,수,0,0,0,0,0,18.0,17.0,9.0,8.0,13673,3097,1941,1743,11781,1892,10559,357,946,1669,142,3114,2009,문화재청_궁능유적본부_4대궁_관람객_수_현황_2009년.csv
2009-05-14,2009,5,14,3,목,0,0,0,0,0,18.0,17.0,9.0,8.0,10986,1151,2729,2870,9755,1231,8501,430,765,1236,54,2485,2009,문화재청_궁능유적본부_4대궁_관람객_수_현황_2009년.csv
2009-05-15,2009,5,15,4,금,0,0,0,0,0,18.0,17.0,9.0,8.0,7250,2707,1907,2030,5425,1825,4412,409,872,1501,56,2838,2009,문화재청_궁능유적본부_4대궁_관람객_수_현황_2009년.csv
2009-05-16,2009,5,16,5,토,1,0,0,0,0,18.0,17.0,9.0,8.0,5507,1879,1051,1753,4323,1184,3263,291,601,1280,72,2244,2009,문화재청_궁능유적본부_4대궁_관람객_수_현황_2009년.csv
2009-05-17,2009,5,17,6,일,1,0,0,0,0,18.0,17.0,9.0,8.0,8746,3145,1788,2906,6644,2102,6044,459,831,1401,11,2702,2009,문화재청_궁능유적본부_4대궁_관람객_수_현황_2009년.csv
2009-05-18,2009,5,18,0,월,0,0,0,2,0,18.0,17.0,9.0,8.0,10529,0,1094,0,6576,3953,8010,484,1145,804,86,2519,2009,문화재청_궁능유적본부_4대궁_관람객_수_현황_2009년.csv
2009-05-19,2009,5,19,1,화,0,1,1,1,0,18.0,17.0,9.0,8.0,0,5353,0,4739,0,0,0,0,0,0,0,0,2009,문화재청_궁능유적본부_4대궁_관람객_수_현황_2009년.csv
2009-05-20,2009,5,20,2,수,0,0,0,0,0,18.0,17.0,9.0,8.0,10540,2925,1874,1923,8736,1804,7669,351,709,1469,342,2871,2009,문화재청_궁능유적본부_4대궁_관람객_수_현황_2009년.csv
2009-05-21,2009,5,21,3,목,0,0,0,0,0,18.0,17.0,9.0,8.0,10869,542,640,639,10071,798,9309,100,363,948,149,1560,2009,문화재청_궁능유적본부_4대궁_관람객_수_현황_2009년.csv
2009-05-22,2009,5,22,4,금,0,0,0,0,0,18.0,17.0,9.0,8.0,9601,2597,3494,3227,7694,1907,6678,433,619,1785,86,2923,2009,문화재청_궁능유적본부_4대궁_관람객_수_현황_2009년.csv
2009-05-23,2009,5,23,5,토,1,0,0,0,0,18.0,17.0,9.0,8.0,26003,3929,2093,4480,6781,19222,22138,703,929,2106,127,3865,2009,문화재청_궁능유적본부_4대궁_관람객_수_현황_2009년.csv
2009-05-24,2009,5,24,6,일,1,0,0,0,0,18.0,17.0,9.0,8.0,9106,3835,3045,1818,6791,2315,6271,751,566,1441,77,2835,2009,문화재청_궁능유적본부_4대궁_관람객_수_현황_2009년.csv
2009-05-25,2009,5,25,0,월,0,0,0,2,0,18.0,17.0,9.0,8.0,6561,0,689,0,5448,1113,4189,438,694,1186,54,2372,2009,문화재청_궁능유적본부_4대궁_관람객_수_현황_2009년.csv
2009-05-26,2009,5,26,1,화,0,1,1,1,0,18.0,17.0,9.0,8.0,0,3558,0,1690,0,0,0,0,0,0,0,0,2009,문화재청_궁능유적본부_4대궁_관람객_수_현황_2009년.csv
2009-05-27,2009,5,27,2,수,0,0,0,0,0,18.0,17.0,9.0,8.0,8761,2441,774,984,7437,1324,6317,268,730,1369,77,2444,2009,문화재청_궁능유적본부_4대궁_관람객_수_현황_2009년.csv
2009-05-28,2009,5,28,3,목,0,0,0,0,0,18.0,17.0,9.0,8.0,4378,1198,1436,953,3750,628,2893,159,420,837,69,1485,2009,문화재청_궁능유적본부_4대궁_관람객_수_현황_2009년.csv
2009-05-29,2009,5,29,4,금,0,0,1,0,0,18.0,17.0,9.0,8.0,0,2177,858,525,0,0,0,0,0,0,0,0,2009,문화재청_궁능유적본부_4대궁_관람객_수_현황_2009년.csv
2009-05-30,2009,5,30,5,토,1,0,0,0,0,18.0,17.0,9.0,8.0,10796,3392,2123,2701,8216,2580,7186,693,902,1906,109,3610,2009,문화재청_궁능유적본부_4대궁_관람객_수_현황_2009년.csv
2009-05-31,2009,5,31,6,일,1,0,0,0,0,18.0,17.0,9.0,8.0,7251,2901,2247,2545,5591,1660,4967,339,635,1233,77,2284,2009,문화재청_궁능유적본부_4대궁_관람객_수_현황_2009년.csv
2009-06-01,2009,6,1,0,월,0,0,0,2,0,18.5,17.5,9.5,8.5,7128,0,714,0,4342,2786,5223,241,673,938,53,1905,2009,문화재청_궁능유적본부_4대궁_관람객_수_현황_2009년.csv
2009-06-02,2009,6,2,1,화,0,1,1,1,0,18.5,17.5,9.5,8.5,0,3224,0,1852,0,0,0,0,0,0,0,0,2009,문화재청_궁능유적본부_4대궁_관람객_수_현황_2009년.csv
2009-06-03,2009,6,3,2,수,0,0,0,0,0,18.5,17.5,9.5,8.5,7405,2016,767,1296,6219,1186,5563,284,498,991,69,1842,2009,문화재청_궁능유적본부_4대궁_관람객_수_현황_2009년.csv
2009-06-04,2009,6,4,3,목,0,0,0,0,0,18.5,17.5,9.5,8.5,8387,899,1501,1493,6911,1476,6452,307,663,913,52,1935,2009,문화재청_궁능유적본부_4대궁_관람객_수_현황_2009년.csv
2009-06-05,2009,6,5,4,금,0,0,0,0,0,18.5,17.5,9.5,8.5,5447,2336,1858,2019,4103,1344,3669,277,715,746,40,1778,2009,문화재청_궁능유적본부_4대궁_관람객_수_현황_2009년.csv
2009-06-06,2009,6,6,5,토,1,0,0,0,1,18.5,17.5,9.5,8.5,11212,3567,2663,5244,8388,2824,8098,653,851,1606,4,3114,2009,문화재청_궁능유적본부_4대궁_관람객_수_현황_2009년.csv
2009-06-07,2009,6,7,6,일,1,0,0,0,0,18.5,17.5,9.5,8.5,6825,2863,1926,3244,5384,1441,4798,450,543,1029,5,2027,2009,문화재청_궁능유적본부_4대궁_관람객_수_현황_2009년.csv
2009-06-08,2009,6,8,0,월,0,0,0,1,0,18.5,17.5,9.5,8.5,6196,3770,1079,0,3507,2689,4378,317,818,631,52,1818,2009,문화재청_궁능유적본부_4대궁_관람객_수_현황_2009년.csv
2009-06-09,2009,6,9,1,화,0,1,1,1,0,18.5,17.5,9.5,8.5,0,1600,0,1848,0,0,0,0,0,0,0,0,2009,문화재청_궁능유적본부_4대궁_관람객_수_현황_2009년.csv
2009-06-10,2009,6,10,2,수,0,0,0,1,0,18.5,17.5,9.5,8.5,4963,0,764,1864,3985,978,3315,264,414,802,168,1648,2009,문화재청_궁능유적본부_4대궁_관람객_수_현황_2009년.csv
2009-06-11,2009,6,11,3,목,0,0,0,0,0,18.5,17.5,9.5,8.5,5038,913,1253,1875,3998,1040,3475,265,413,852,33,1563,2009,문화재청_궁능유적본부_4대궁_관람객_수_현황_2009년.csv
2009-06-12,2009,6,12,4,금,0,0,0,0,0,18.5,17.5,9.5,8.5,4999,1747,876,1792,3357,1642,3017,309,687,933,53,1982,2009,문화재청_궁능유적본부_4대궁_관람객_수_현황_2009년.csv
2009-06-13,2009,6,13,5,토,1,0,0,0,0,18.5,17.5,9.5,8.5,13671,4336,2839,4828,6742,6929,10936,455,821,1378,81,2735,2009,문화재청_궁능유적본부_4대궁_관람객_수_현황_2009년.csv
2009-06-14,2009,6,14,6,일,1,0,0,0,0,18.5,17.5,9.5,8.5,7948,2991,2107,3370,6126,1822,5795,371,666,1056,60,2153,2009,문화재청_궁능유적본부_4대궁_관람객_수_현황_2009년.csv
2009-06-15,2009,6,15,0,월,0,0,0,1,0,18.5,17.5,9.5,8.5,4383,3257,910,0,3394,989,2414,262,934,720,53,1969,2009,문화재청_궁능유적본부_4대궁_관람객_수_현황_2009년.csv
2009-06-16,2009,6,16,1,화,0,1,1,2,0,18.5,17.5,9.5,8.5,0,0,0,2516,0,0,0,0,0,0,0,0,2009,문화재청_궁능유적본부_4대궁_관람객_수_현황_2009년.csv
2009-06-17,2009,6,17,2,수,0,0,0,0,0,18.5,17.5,9.5,8.5,4837,1574,753,1612,3826,1011,2743,254,494,1305,41,2094,2009,문화재청_궁능유적본부_4대궁_관람객_수_현황_2009년.csv
2009-06-18,2009,6,18,3,목,0,0,0,0,0,18.5,17.5,9.5,8.5,6054,805,1299,1608,4799,1255,3121,535,663,1681,54,2933,2009,문화재청_궁능유적본부_4대궁_관람객_수_현황_2009년.csv
2009-06-19,2009,6,19,4,금,0,0,0,0,0,18.5,17.5,9.5,8.5,5874,2106,861,1674,4416,1458,3301,395,660,1471,47,2573,2009,문화재청_궁능유적본부_4대궁_관람객_수_현황_2009년.csv
2009-06-20,2009,6,20,5,토,1,0,0,0,0,18.5,17.5,9.5,8.5,4018,1842,609,1499,2874,1144,2390,373,462,791,2,1628,2009,문화재청_궁능유적본부_4대궁_관람객_수_현황_2009년.csv
2009-06-21,2009,6,21,6,일,1,0,0,0,0,18.5,17.5,9.5,8.5,10820,3028,2222,2957,5839,4981,8237,564,785,1226,8,2583,2009,문화재청_궁능유적본부_4대궁_관람객_수_현황_2009년.csv
2009-06-22,2009,6,22,0,월,0,0,0,2,0,18.5,17.5,9.5,8.5,9054,0,664,0,4906,4148,5427,387,1036,2143,61,3627,2009,문화재청_궁능유적본부_4대궁_관람객_수_현황_2009년.csv
2009-06-23,2009,6,23,1,화,0,1,1,1,0,18.5,17.5,9.5,8.5,0,3387,0,2981,0,0,0,0,0,0,0,0,2009,문화재청_궁능유적본부_4대궁_관람객_수_현황_2009년.csv
2009-06-24,2009,6,24,2,수,0,0,0,0,0,18.5,17.5,9.5,8.5,4696,1296,1030,1484,3560,1136,2748,388,409,1083,68,1948,2009,문화재청_궁능유적본부_4대궁_관람객_수_현황_2009년.csv
2009-06-25,2009,6,25,3,목,0,0,0,0,0,18.5,17.5,9.5,8.5,5180,1098,912,1733,4081,1099,3275,496,459,870,80,1905,2009,문화재청_궁능유적본부_4대궁_관람객_수_현황_2009년.csv
2009-06-26,2009,6,26,4,금,0,0,0,0,0,18.5,17.5,9.5,8.5,5966,1985,757,1625,4035,1931,3443,587,740,1137,59,2523,2009,문화재청_궁능유적본부_4대궁_관람객_수_현황_2009년.csv
2009-06-27,2009,6,27,5,토,1,0,0,0,0,18.5,17.5,9.5,8.5,20602,3236,1638,4111,5789,14813,17486,661,766,1614,75,3116,2009,문화재청_궁능유적본부_4대궁_관람객_수_현황_2009년.csv
2009-06-28,2009,6,28,6,일,1,0,0,0,0,18.5,17.5,9.5,8.5,6738,2600,1651,2774,5240,1498,4463,472,676,1006,121,2275,2009,문화재청_궁능유적본부_4대궁_관람객_수_현황_2009년.csv
2009-06-29,2009,6,29,0,월,0,0,0,2,0,18.5,17.5,9.5,8.5,6691,0,573,0,3026,3665,4284,389,645,978,395,2407,2009,문화재청_궁능유적본부_4대궁_관람객_수_현황_2009년.csv
2009-06-30,2009,6,30,1,화,0,1,1,1,0,18.5,17.5,9.5,8.5,0,2857,0,2828,0,0,0,0,0,0,0,0,2009,문화재청_궁능유적본부_4대궁_관람객_수_현황_2009년.csv
2009-07-01,2009,7,1,2,수,0,0,0,0,0,18.5,17.5,9.5,8.5,4341,1791,696,2545,3329,1012,1825,560,644,1183,129,2516,2009,문화재청_궁능유적본부_4대궁_관람객_수_현황_2009년.csv
2009-07-02,2009,7,2,3,목,0,0,0,0,0,18.5,17.5,9.5,8.5,2910,542,307,1204,2083,827,1232,325,369,966,18,1678,2009,문화재청_궁능유적본부_4대궁_관람객_수_현황_2009년.csv
2009-07-03,2009,7,3,4,금,0,0,0,0,0,18.5,17.5,9.5,8.5,4882,1891,824,2654,3655,1227,2098,469,695,1561,59,2784,2009,문화재청_궁능유적본부_4대궁_관람객_수_현황_2009년.csv
2009-07-04,2009,7,4,5,토,1,0,0,0,0,18.5,17.5,9.5,8.5,8557,3007,1406,5642,6559,1998,5127,580,870,1905,75,3430,2009,문화재청_궁능유적본부_4대궁_관람객_수_현황_2009년.csv
2009-07-05,2009,7,5,6,일,1,0,0,0,0,18.5,17.5,9.5,8.5,8693,2829,1950,5653,6652,2041,4872,729,887,1762,443,3821,2009,문화재청_궁능유적본부_4대궁_관람객_수_현황_2009년.csv
2009-07-06,2009,7,6,0,월,0,0,0,2,0,18.5,17.5,9.5,8.5,7841,0,693,0,4218,3623,5003,321,736,1623,158,2838,2009,문화재청_궁능유적본부_4대궁_관람객_수_현황_2009년.csv
2009-07-07,2009,7,7,1,화,0,1,1,1,0,18.5,17.5,9.5,8.5,0,2217,0,2808,0,0,0,0,0,0,0,0,2009,문화재청_궁능유적본부_4대궁_관람객_수_현황_2009년.csv
2009-07-08,2009,7,8,2,수,0,0,0,0,0,18.5,17.5,9.5,8.5,4292,1904,817,3518,3303,989,2104,286,500,1255,147,2188,2009,문화재청_궁능유적본부_4대궁_관람객_수_현황_2009년.csv
2009-07-09,2009,7,9,3,목,0,0,0,0,0,18.5,17.5,9.5,8.5,1485,205,56,763,1163,322,648,94,236,495,12,837,2009,문화재청_궁능유적본부_4대궁_관람객_수_현황_2009년.csv
2009-07-10,2009,7,10,4,금,0,0,0,0,0,18.5,17.5,9.5,8.5,6625,2041,1200,2402,5054,1571,3335,260,1170,1787,73,3290,2009,문화재청_궁능유적본부_4대궁_관람객_수_현황_2009년.csv
2009-07-11,2009,7,11,5,토,1,0,0,0,0,18.5,17.5,9.5,8.5,24694,3726,2944,7945,6690,18004,21189,489,801,2215,0,3505,2009,문화재청_궁능유적본부_4대궁_관람객_수_현황_2009년.csv
2009-07-12,2009,7,12,6,일,1,0,0,0,0,18.5,17.5,9.5,8.5,3063,1199,380,2198,2329,734,1206,253,482,1073,49,1857,2009,문화재청_궁능유적본부_4대궁_관람객_수_현황_2009년.csv
2009-07-13,2009,7,13,0,월,0,0,0,2,0,18.5,17.5,9.5,8.5,7781,0,612,0,4638,3143,4711,274,1161,1537,98,3070,2009,문화재청_궁능유적본부_4대궁_관람객_수_현황_2009년.csv
2009-07-14,2009,7,14,1,화,0,1,1,1,0,18.5,17.5,9.5,8.5,0,1052,0,1296,0,0,0,0,0,0,0,0,2009,문화재청_궁능유적본부_4대궁_관람객_수_현황_2009년.csv
2009-07-15,2009,7,15,2,수,0,0,0,0,0,18.5,17.5,9.5,8.5,5503,2289,931,3212,4312,1191,2279,504,973,1636,111,3224,2009,문화재청_궁능유적본부_4대궁_관람객_수_현황_2009년.csv
2009-07-16,2009,7,16,3,목,0,0,0,0,0,18.5,17.5,9.5,8.5,5367,1018,751,3855,3977,1390,2571,479,803,1375,139,2796,2009,문화재청_궁능유적본부_4대궁_관람객_수_현황_2009년.csv
2009-07-17,2009,7,17,4,금,0,0,0,0,0,18.5,17.5,9.5,8.5,5336,1979,441,2173,4104,1232,1960,562,1057,1659,98,3376,2009,문화재청_궁능유적본부_4대궁_관람객_수_현황_2009년.csv
2009-07-18,2009,7,18,5,토,1,0,0,0,0,18.5,17.5,9.5,8.5,5768,1686,581,3553,4454,1314,1826,557,701,1719,965,3942,2009,문화재청_궁능유적본부_4대궁_관람객_수_현황_2009년.csv
2009-07-19,2009,7,19,6,일,1,0,0,0,0,18.5,17.5,9.5,8.5,9535,3548,2307,7068,7562,1973,5964,647,1217,1684,23,3571,2009,문화재청_궁능유적본부_4대궁_관람객_수_현황_2009년.csv
2009-07-20,2009,7,20,0,월,0,0,0,2,0,18.5,17.5,9.5,8.5,6437,0,767,0,4861,1576,3406,484,1044,1369,134,3031,2009,문화재청_궁능유적본부_4대궁_관람객_수_현황_2009년.csv
2009-07-21,2009,7,21,1,화,0,1,1,1,0,18.5,17.5,9.5,8.5,0,2962,0,4523,0,0,0,0,0,0,0,0,2009,문화재청_궁능유적본부_4대궁_관람객_수_현황_2009년.csv
2009-07-22,2009,7,22,2,수,0,0,0,0,0,18.5,17.5,9.5,8.5,7892,2155,840,3972,4684,3208,5246,410,500,1659,77,2646,2009,문화재청_궁능유적본부_4대궁_관람객_수_현황_2009년.csv
2009-07-23,2009,7,23,3,목,0,0,0,0,0,18.5,17.5,9.5,8.5,6196,1238,1234,3830,4705,1491,3565,233,555,1754,89,2631,2009,문화재청_궁능유적본부_4대궁_관람객_수_현황_2009년.csv
2009-07-24,2009,7,24,4,금,0,0,0,0,0,18.5,17.5,9.5,8.5,6301,2243,1067,3585,4918,1383,3355,340,497,2029,80,2946,2009,문화재청_궁능유적본부_4대궁_관람객_수_현황_2009년.csv
2009-07-25,2009,7,25,5,토,1,0,0,0,0,18.5,17.5,9.5,8.5,27091,4146,3197,8493,8334,18757,23123,705,1047,2075,141,3968,2009,문화재청_궁능유적본부_4대궁_관람객_수_현황_2009년.csv
2009-07-26,2009,7,26,6,일,1,0,0,0,0,18.5,17.5,9.5,8.5,11453,3854,2637,8993,9072,2381,8111,610,685,1927,120,3342,2009,문화재청_궁능유적본부_4대궁_관람객_수_현황_2009년.csv
2009-07-27,2009,7,27,0,월,0,0,0,2,0,18.5,17.5,9.5,8.5,11419,0,1308,0,6866,4553,7945,392,1147,1835,100,3474,2009,문화재청_궁능유적본부_4대궁_관람객_수_현황_2009년.csv
2009-07-28,2009,7,28,1,화,0,1,1,1,0,18.5,17.5,9.5,8.5,0,4137,0,6106,0,0,0,0,0,0,0,0,2009,문화재청_궁능유적본부_4대궁_관람객_수_현황_2009년.csv
2009-07-29,2009,7,29,2,수,0,0,0,0,0,18.5,17.5,9.5,8.5,9338,3079,2021,6383,7239,2099,5385,401,864,2565,123,3953,2009,문화재청_궁능유적본부_4대궁_관람객_수_현황_2009년.csv
2009-07-30,2009,7,30,3,목,0,0,0,0,0,18.5,17.5,9.5,8.5,9971,1596,1895,8010,7659,2312,6580,425,770,2089,107,3391,2009,문화재청_궁능유적본부_4대궁_관람객_수_현황_2009년.csv
2009-07-31,2009,7,31,4,금,0,0,0,0,0,18.5,17.5,9.5,8.5,12099,3570,2396,7135,8282,3817,8533,311,833,2355,67,3566,2009,문화재청_궁능유적본부_4대궁_관람객_수_현황_2009년.csv
2009-08-01,2009,8,1,5,토,1,0,0,0,0,18.5,17.5,9.5,8.5,14886,4249,2472,10138,11558,3328,11441,502,608,2236,99,3445,2009,문화재청_궁능유적본부_4대궁_관람객_수_현황_2009년.csv
2009-08-02,2009,8,2,6,일,1,0,0,0,0,18.5,17.5,9.5,8.5,17225,4759,2696,10782,12751,4474,11877,855,656,3806,31,5348,2009,문화재청_궁능유적본부_4대궁_관람객_수_현황_2009년.csv
2009-08-03,2009,8,3,0,월,0,0,0,2,0,18.5,17.5,9.5,8.5,15472,0,2050,0,11966,3506,11324,619,480,2959,90,4148,2009,문화재청_궁능유적본부_4대궁_관람객_수_현황_2009년.csv
2009-08-04,2009,8,4,1,화,0,1,1,1,0,18.5,17.5,9.5,8.5,0,4946,0,10694,0,0,0,0,0,0,0,0,2009,문화재청_궁능유적본부_4대궁_관람객_수_현황_2009년.csv
2009-08-05,2009,8,5,2,수,0,0,0,0,0,18.5,17.5,9.5,8.5,11000,3177,1772,8603,8441,2559,7161,652,743,2342,102,3839,2009,문화재청_궁능유적본부_4대궁_관람객_수_현황_2009년.csv
2009-08-06,2009,8,6,3,목,0,0,0,0,0,18.5,17.5,9.5,8.5,9674,1594,1619,6262,7359,2315,6543,677,787,1549,118,3131,2009,문화재청_궁능유적본부_4대궁_관람객_수_현황_2009년.csv
2009-08-07,2009,8,7,4,금,0,0,0,0,0,18.5,17.5,9.5,8.5,9735,2946,1391,5439,7469,2266,5503,577,1171,2385,99,4232,2009,문화재청_궁능유적본부_4대궁_관람객_수_현황_2009년.csv
2009-08-08,2009,8,8,5,토,1,0,0,0,0,18.5,17.5,9.5,8.5,16849,3947,2809,8295,8810,8039,11854,819,1245,2917,14,4995,2009,문화재청_궁능유적본부_4대궁_관람객_수_현황_2009년.csv
2009-08-09,2009,8,9,6,일,1,0,0,0,0,18.5,17.5,9.5,8.5,12257,3461,1902,8492,9657,2600,8182,832,879,2363,1,4075,2009,문화재청_궁능유적본부_4대궁_관람객_수_현황_2009년.csv
2009-08-10,2009,8,10,0,월,0,0,0,2,0,18.5,17.5,9.5,8.5,12576,0,1114,0,7356,5220,8531,354,1318,2266,107,4045,2009,문화재청_궁능유적본부_4대궁_관람객_수_현황_2009년.csv
2009-08-11,2009,8,11,1,화,0,1,1,1,0,18.5,17.5,9.5,8.5,0,2927,0,3799,0,0,0,0,0,0,0,0,2009,문화재청_궁능유적본부_4대궁_관람객_수_현황_2009년.csv
2009-08-12,2009,8,12,2,수,0,0,0,0,0,18.5,17.5,9.5,8.5,6232,1519,514,3079,4697,1535,2625,213,483,2829,82,3607,2009,문화재청_궁능유적본부_4대궁_관람객_수_현황_2009년.csv
2009-08-13,2009,8,13,3,목,0,0,0,0,0,18.5,17.5,9.5,8.5,12113,1897,1421,6902,9312,2801,7530,246,696,3514,127,4583,2009,문화재청_궁능유적본부_4대궁_관람객_수_현황_2009년.csv
2009-08-14,2009,8,14,4,금,0,0,0,0,0,18.5,17.5,9.5,8.5,9688,3026,1359,6571,7728,1960,6058,191,630,2688,121,3630,2009,문화재청_궁능유적본부_4대궁_관람객_수_현황_2009년.csv
2009-08-15,2009,8,15,5,토,1,0,0,0,1,18.5,17.5,9.5,8.5,16185,4110,3254,10774,12755,3430,11590,414,751,3257,173,4595,2009,문화재청_궁능유적본부_4대궁_관람객_수_현황_2009년.csv
2009-08-16,2009,8,16,6,일,1,0,0,0,0,18.5,17.5,9.5,8.5,11943,2994,2013,8449,9108,2835,8217,321,481,2785,139,3726,2009,문화재청_궁능유적본부_4대궁_관람객_수_현황_2009년.csv
2009-08-17,2009,8,17,0,월,0,0,0,2,0,18.5,17.5,9.5,8.5,10476,0,1092,0,8216,2260,6338,297,911,2798,132,4138,2009,문화재청_궁능유적본부_4대궁_관람객_수_현황_2009년.csv
2009-08-18,2009,8,18,1,화,0,1,1,1,0,18.5,17.5,9.5,8.5,0,4447,0,7697,0,0,0,0,0,0,0,0,2009,문화재청_궁능유적본부_4대궁_관람객_수_현황_2009년.csv
2009-08-19,2009,8,19,2,수,0,0,0,0,0,18.5,17.5,9.5,8.5,10553,2961,1333,6592,7006,3547,5686,483,1449,2802,133,4867,2009,문화재청_궁능유적본부_4대궁_관람객_수_현황_2009년.csv
2009-08-20,2009,8,20,3,목,0,0,0,0,0,18.5,17.5,9.5,8.5,7174,1088,604,4437,5556,1618,3318,322,1108,2256,170,3856,2009,문화재청_궁능유적본부_4대궁_관람객_수_현황_2009년.csv
2009-08-21,2009,8,21,4,금,0,0,0,0,0,18.5,17.5,9.5,8.5,10101,3179,1554,5853,7645,2456,5373,507,1001,3059,161,4728,2009,문화재청_궁능유적본부_4대궁_관람객_수_현황_2009년.csv
2009-08-22,2009,8,22,5,토,1,0,0,0,0,18.5,17.5,9.5,8.5,23282,3835,2335,9940,8672,14610,18580,952,995,2630,125,4702,2009,문화재청_궁능유적본부_4대궁_관람객_수_현황_2009년.csv
2009-08-23,2009,8,23,6,일,1,0,0,0,0,18.5,17.5,9.5,8.5,10416,3312,1931,7613,8062,2354,6217,351,1378,2448,22,4199,2009,문화재청_궁능유적본부_4대궁_관람객_수_현황_2009년.csv
2009-08-24,2009,8,24,0,월,0,0,0,2,0,18.5,17.5,9.5,8.5,10043,0,873,0,6878,3165,5542,379,1353,2650,119,4501,2009,문화재청_궁능유적본부_4대궁_관람객_수_현황_2009년.csv
2009-08-25,2009,8,25,1,화,0,1,1,1,0,18.5,17.5,9.5,8.5,0,3855,0,6098,0,0,0,0,0,0,0,0,2009,문화재청_궁능유적본부_4대궁_관람객_수_현황_2009년.csv
2009-08-26,2009,8,26,2,수,0,0,0,0,0,18.5,17.5,9.5,8.5,11187,1894,815,3590,8674,2513,3845,1161,2580,3486,115,7342,2009,문화재청_궁능유적본부_4대궁_관람객_수_현황_2009년.csv
2009-08-27,2009,8,27,3,목,0,0,0,0,0,18.5,17.5,9.5,8.5,5726,867,818,2699,4455,1271,2443,312,718,2108,145,3283,2009,문화재청_궁능유적본부_4대궁_관람객_수_현황_2009년.csv
2009-08-28,2009,8,28,4,금,0,0,0,0,0,18.5,17.5,9.5,8.5,7158,2587,981,3921,5330,1828,3079,415,1316,2249,99,4079,2009,문화재청_궁능유적본부_4대궁_관람객_수_현황_2009년.csv
2009-08-29,2009,8,29,5,토,1,0,0,0,0,18.5,17.5,9.5,8.5,8988,3376,2067,5829,6927,2061,5495,360,1181,1949,3,3493,2009,문화재청_궁능유적본부_4대궁_관람객_수_현황_2009년.csv
2009-08-30,2009,8,30,6,일,1,0,0,0,0,18.5,17.5,9.5,8.5,7739,2565,2119,6061,5956,1783,4924,353,980,1470,12,2815,2009,문화재청_궁능유적본부_4대궁_관람객_수_현황_2009년.csv
2009-08-31,2009,8,31,0,월,0,0,0,1,0,18.5,17.5,9.5,8.5,10173,2828,678,0,6198,3975,5707,466,2381,1490,129,4466,2009,문화재청_궁능유적본부_4대궁_관람객_수_현황_2009년.csv
2009-09-01,2009,9,1,1,화,0,1,1,2,0,18.0,17.0,9.0,8.0,0,0,0,4164,0,0,0,0,0,0,0,0,2009,문화재청_궁능유적본부_4대궁_관람객_수_현황_2009년.csv
2009-09-02,2009,9,2,2,수,0,0,0,0,0,18.0,17.0,9.0,8.0,4403,2532,681,2905,3430,973,2216,186,672,1278,51,2187,2009,문화재청_궁능유적본부_4대궁_관람객_수_현황_2009년.csv
2009-09-03,2009,9,3,3,목,0,0,0,0,0,18.0,17.0,9.0,8.0,4601,1108,599,3163,3434,1167,2055,300,973,1242,31,2546,2009,문화재청_궁능유적본부_4대궁_관람객_수_현황_2009년.csv
2009-09-04,2009,9,4,4,금,0,0,0,0,0,18.0,17.0,9.0,8.0,4942,2739,519,3539,3686,1256,2095,371,1284,1076,116,2847,2009,문화재청_궁능유적본부_4대궁_관람객_수_현황_2009년.csv
2009-09-05,2009,9,5,5,토,1,0,0,0,0,18.0,17.0,9.0,8.0,9018,3425,2301,8524,6943,2075,5816,349,984,1725,144,3202,2009,문화재청_궁능유적본부_4대궁_관람객_수_현황_2009년.csv
2009-09-06,2009,9,6,6,일,1,0,0,0,0,18.0,17.0,9.0,8.0,8168,3525,1755,8182,6257,1911,5676,352,812,1184,144,2492,2009,문화재청_궁능유적본부_4대궁_관람객_수_현황_2009년.csv
2009-09-07,2009,9,7,0,월,0,0,0,1,0,18.0,17.0,9.0,8.0,5930,3815,431,0,3926,2004,2800,346,1468,1268,48,3130,2009,문화재청_궁능유적본부_4대궁_관람객_수_현황_2009년.csv
2009-09-08,2009,9,8,1,화,0,1,1,2,0,18.0,17.0,9.0,8.0,0,0,0,4864,0,0,0,0,0,0,0,0,2009,문화재청_궁능유적본부_4대궁_관람객_수_현황_2009년.csv
2009-09-09,2009,9,9,2,수,0,0,0,0,0,18.0,17.0,9.0,8.0,5411,2440,693,3638,4136,1275,2009,469,1147,1692,94,3402,2009,문화재청_궁능유적본부_4대궁_관람객_수_현황_2009년.csv
2009-09-10,2009,9,10,3,목,0,0,0,0,0,18.0,17.0,9.0,8.0,5930,1191,1072,4071,4345,1585,2183,348,1149,2127,123,3747,2009,문화재청_궁능유적본부_4대궁_관람객_수_현황_2009년.csv
2009-09-11,2009,9,11,4,금,0,0,0,0,0,18.0,17.0,9.0,8.0,5841,2890,917,4673,4388,1453,2509,378,1306,1456,192,3332,2009,문화재청_궁능유적본부_4대궁_관람객_수_현황_2009년.csv
2009-09-12,2009,9,12,5,토,1,0,0,0,0,18.0,17.0,9.0,8.0,10563,3473,1801,12886,6651,3912,5640,442,2008,2399,74,4923,2009,문화재청_궁능유적본부_4대궁_관람객_수_현황_2009년.csv
2009-09-13,2009,9,13,6,일,1,0,0,0,0,18.0,17.0,9.0,8.0,9530,4118,2538,9508,7551,1979,6595,307,1284,1282,62,2935,2009,문화재청_궁능유적본부_4대궁_관람객_수_현황_2009년.csv
2009-09-14,2009,9,14,0,월,0,0,0,2,0,18.0,17.0,9.0,8.0,5839,0,706,0,4653,1186,2036,214,1965,1534,90,3803,2009,문화재청_궁능유적본부_4대궁_관람객_수_현황_2009년.csv
2009-09-15,2009,9,15,1,화,0,1,1,1,0,18.0,17.0,9.0,8.0,0,3662,0,6249,0,0,0,0,0,0,0,0,2009,문화재청_궁능유적본부_4대궁_관람객_수_현황_2009년.csv
2009-09-16,2009,9,16,2,수,0,0,0,0,0,18.0,17.0,9.0,8.0,6352,2596,780,5242,3915,2437,3650,201,1262,1170,69,2702,2009,문화재청_궁능유적본부_4대궁_관람객_수_현황_2009년.csv
2009-09-17,2009,9,17,3,목,0,0,0,0,0,18.0,17.0,9.0,8.0,5587,1164,1097,6263,4069,1518,2572,270,850,1820,75,3015,2009,문화재청_궁능유적본부_4대궁_관람객_수_현황_2009년.csv
2009-09-18,2009,9,18,4,금,0,0,0,0,0,18.0,17.0,9.0,8.0,5916,2110,953,2182,4375,1541,2642,273,1183,1697,121,3274,2009,문화재청_궁능유적본부_4대궁_관람객_수_현황_2009년.csv
2009-09-19,2009,9,19,5,토,1,0,0,0,0,18.0,17.0,9.0,8.0,11601,3697,2230,5097,9130,2471,7174,441,1004,2866,116,4427,2009,문화재청_궁능유적본부_4대궁_관람객_수_현황_2009년.csv
2009-09-20,2009,9,20,6,일,1,0,0,0,0,18.0,17.0,9.0,8.0,12548,4927,2168,4276,9653,2895,8170,457,1472,2334,115,4378,2009,문화재청_궁능유적본부_4대궁_관람객_수_현황_2009년.csv
2009-09-21,2009,9,21,0,월,0,0,0,2,0,18.0,17.0,9.0,8.0,8638,0,406,0,5293,3345,5186,232,1195,1938,87,3452,2009,문화재청_궁능유적본부_4대궁_관람객_수_현황_2009년.csv
2009-09-22,2009,9,22,1,화,0,1,1,1,0,18.0,17.0,9.0,8.0,0,4343,0,3514,0,0,0,0,0,0,0,0,2009,문화재청_궁능유적본부_4대궁_관람객_수_현황_2009년.csv
2009-09-23,2009,9,23,2,수,0,0,0,0,0,18.0,17.0,9.0,8.0,7571,2622,756,1499,5780,1791,3290,543,1559,2013,166,4281,2009,문화재청_궁능유적본부_4대궁_관람객_수_현황_2009년.csv
2009-09-24,2009,9,24,3,목,0,0,0,0,0,18.0,17.0,9.0,8.0,8020,1312,815,1628,5943,2077,3502,439,1785,2264,30,4518,2009,문화재청_궁능유적본부_4대궁_관람객_수_현황_2009년.csv
2009-09-25,2009,9,25,4,금,0,0,0,0,0,18.0,17.0,9.0,8.0,7545,3130,836,2187,5911,1634,2788,496,1340,2836,85,4757,2009,문화재청_궁능유적본부_4대궁_관람객_수_현황_2009년.csv
2009-09-26,2009,9,26,5,토,1,0,0,0,0,18.0,17.0,9.0,8.0,12963,4417,2734,4400,8917,4046,8354,511,1505,2532,61,4609,2009,문화재청_궁능유적본부_4대궁_관람객_수_현황_2009년.csv
2009-09-27,2009,9,27,6,일,1,0,0,0,0,18.0,17.0,9.0,8.0,9090,3526,1364,2454,7146,1944,4902,525,1380,2158,125,4188,2009,문화재청_궁능유적본부_4대궁_관람객_수_현황_2009년.csv
2009-09-28,2009,9,28,0,월,0,0,0,2,0,18.0,17.0,9.0,8.0,8511,0,675,0,5317,3194,4095,427,2372,1490,127,4416,2009,문화재청_궁능유적본부_4대궁_관람객_수_현황_2009년.csv
2009-09-29,2009,9,29,1,화,0,1,1,1,0,18.0,17.0,9.0,8.0,0,3787,0,2398,0,0,0,0,0,0,0,0,2009,문화재청_궁능유적본부_4대궁_관람객_수_현황_2009년.csv
2009-09-30,2009,9,30,2,수,0,0,0,0,0,18.0,17.0,9.0,8.0,5417,2458,669,1974,3919,1498,2338,231,939,1839,70,3079,2009,문화재청_궁능유적본부_4대궁_관람객_수_현황_2009년.csv
2009-10-01,2009,10,1,3,목,0,0,0,0,0,18.0,17.0,9.0,8.0,6533,1216,966,1886,4988,1545,2880,306,962,2236,149,3653,2009,문화재청_궁능유적본부_4대궁_관람객_수_현황_2009년.csv
2009-10-02,2009,10,2,4,금,0,0,0,0,1,18.0,17.0,9.0,8.0,15003,4378,1950,4093,11573,3430,9284,443,1373,3903,0,5719,2009,문화재청_궁능유적본부_4대궁_관람객_수_현황_2009년.csv
2009-10-03,2009,10,3,5,토,1,0,0,0,1,18.0,17.0,9.0,8.0,76314,7583,6579,20316,0,76314,70032,287,1695,2040,2260,6282,2009,문화재청_궁능유적본부_4대궁_관람객_수_현황_2009년.csv
2009-10-04,2009,10,4,6,일,1,0,0,0,1,18.0,17.0,9.0,8.0,19506,4975,3860,8390,15023,4483,11945,521,1104,4616,1320,7561,2009,문화재청_궁능유적본부_4대궁_관람객_수_현황_2009년.csv
2009-10-05,2009,10,5,0,월,0,0,0,2,0,18.0,17.0,9.0,8.0,12921,0,1433,0,10190,2731,6100,462,1482,4672,205,6821,2009,문화재청_궁능유적본부_4대궁_관람객_수_현황_2009년.csv
2009-10-06,2009,10,6,1,화,0,1,1,1,0,18.0,17.0,9.0,8.0,0,3809,0,3801,0,0,0,0,0,0,0,0,2009,문화재청_궁능유적본부_4대궁_관람객_수_현황_2009년.csv
2009-10-07,2009,10,7,2,수,0,0,0,0,0,18.0,17.0,9.0,8.0,8645,2905,725,2461,6537,2108,2751,557,1611,3551,175,5894,2009,문화재청_궁능유적본부_4대궁_관람객_수_현황_2009년.csv
2009-10-08,2009,10,8,3,목,0,0,0,0,0,18.0,17.0,9.0,8.0,6388,1734,1176,2505,4817,1571,2575,286,1753,1681,93,3813,2009,문화재청_궁능유적본부_4대궁_관람객_수_현황_2009년.csv
2009-10-09,2009,10,9,4,금,0,0,0,0,0,18.0,17.0,9.0,8.0,7136,2817,963,2693,5267,1869,3868,412,1061,1721,74,3268,2009,문화재청_궁능유적본부_4대궁_관람객_수_현황_2009년.csv
2009-10-10,2009,10,10,5,토,1,0,0,0,0,18.0,17.0,9.0,8.0,32714,5058,2560,7960,9103,23611,27700,747,1731,2504,32,5014,2009,문화재청_궁능유적본부_4대궁_관람객_수_현황_2009년.csv
2009-10-11,2009,10,11,6,일,1,0,0,0,0,18.0,17.0,9.0,8.0,13177,4551,2760,5015,10278,2899,8906,681,1474,2113,3,4271,2009,문화재청_궁능유적본부_4대궁_관람객_수_현황_2009년.csv
2009-10-12,2009,10,12,0,월,0,0,0,2,0,18.0,17.0,9.0,8.0,8239,0,791,0,5011,3228,4160,440,1634,1920,85,4079,2009,문화재청_궁능유적본부_4대궁_관람객_수_현황_2009년.csv
2009-10-13,2009,10,13,1,화,0,1,1,1,0,18.0,17.0,9.0,8.0,0,3743,0,2572,0,0,0,0,0,0,0,0,2009,문화재청_궁능유적본부_4대궁_관람객_수_현황_2009년.csv
2009-10-14,2009,10,14,2,수,0,0,0,0,0,18.0,17.0,9.0,8.0,6664,2996,903,2436,5251,1413,2871,289,1486,1980,38,3793,2009,문화재청_궁능유적본부_4대궁_관람객_수_현황_2009년.csv
2009-10-15,2009,10,15,3,목,0,0,0,0,0,18.0,17.0,9.0,8.0,7981,1832,1248,2961,5610,2371,3832,409,1563,2059,118,4149,2009,문화재청_궁능유적본부_4대궁_관람객_수_현황_2009년.csv
2009-10-16,2009,10,16,4,금,0,0,0,0,0,18.0,17.0,9.0,8.0,6720,3063,1852,3105,4645,2075,3342,349,1139,1784,106,3378,2009,문화재청_궁능유적본부_4대궁_관람객_수_현황_2009년.csv
2009-10-17,2009,10,17,5,토,1,0,0,0,0,18.0,17.0,9.0,8.0,12395,4604,1841,5662,9641,2754,7077,484,2018,2700,116,5318,2009,문화재청_궁능유적본부_4대궁_관람객_수_현황_2009년.csv
2009-10-18,2009,10,18,6,일,1,0,0,0,0,18.0,17.0,9.0,8.0,16916,5573,2636,5791,10606,6310,12251,543,1348,2566,208,4665,2009,문화재청_궁능유적본부_4대궁_관람객_수_현황_2009년.csv
2009-10-19,2009,10,19,0,월,0,0,0,2,0,18.0,17.0,9.0,8.0,8388,0,499,0,5133,3255,4287,397,1592,2038,74,4101,2009,문화재청_궁능유적본부_4대궁_관람객_수_현황_2009년.csv
2009-10-20,2009,10,20,1,화,0,1,1,1,0,18.0,17.0,9.0,8.0,0,4174,0,3380,0,0,0,0,0,0,0,0,2009,문화재청_궁능유적본부_4대궁_관람객_수_현황_2009년.csv
2009-10-21,2009,10,21,2,수,0,0,0,0,0,18.0,17.0,9.0,8.0,8081,3743,1145,2952,6351,1730,3204,397,1584,2776,120,4877,2009,문화재청_궁능유적본부_4대궁_관람객_수_현황_2009년.csv
2009-10-22,2009,10,22,3,목,0,0,0,0,0,18.0,17.0,9.0,8.0,10280,1867,1223,3151,7339,2941,5481,373,1620,2609,197,4799,2009,문화재청_궁능유적본부_4대궁_관람객_수_현황_2009년.csv
2009-10-23,2009,10,23,4,금,0,0,0,0,0,18.0,17.0,9.0,8.0,9778,4243,1929,5853,6474,3304,5047,623,1742,2166,200,4731,2009,문화재청_궁능유적본부_4대궁_관람객_수_현황_2009년.csv
2009-10-24,2009,10,24,5,토,1,0,0,0,0,18.0,17.0,9.0,8.0,47581,6668,3040,10343,12010,35571,40815,922,1721,3835,288,6766,2009,문화재청_궁능유적본부_4대궁_관람객_수_현황_2009년.csv
2009-10-25,2009,10,25,6,일,1,0,0,0,0,18.0,17.0,9.0,8.0,17630,6637,3733,9075,13627,4003,11811,793,1538,3439,49,5819,2009,문화재청_궁능유적본부_4대궁_관람객_수_현황_2009년.csv
2009-10-26,2009,10,26,0,월,0,0,0,2,0,18.0,17.0,9.0,8.0,9668,0,1173,0,7367,2301,3944,602,1963,3026,133,5724,2009,문화재청_궁능유적본부_4대궁_관람객_수_현황_2009년.csv
2009-10-27,2009,10,27,1,화,0,1,1,1,0,18.0,17.0,9.0,8.0,0,4647,0,4825,0,0,0,0,0,0,0,0,2009,문화재청_궁능유적본부_4대궁_관람객_수_현황_2009년.csv
2009-10-28,2009,10,28,2,수,0,0,0,0,0,18.0,17.0,9.0,8.0,12266,3720,1293,3319,7655,4611,6548,348,1249,4033,88,5718,2009,문화재청_궁능유적본부_4대궁_관람객_수_현황_2009년.csv
2009-10-29,2009,10,29,3,목,0,0,0,0,0,18.0,17.0,9.0,8.0,8320,2740,1439,3926,6229,2091,3718,631,1122,2749,100,4602,2009,문화재청_궁능유적본부_4대궁_관람객_수_현황_2009년.csv
2009-10-30,2009,10,30,4,금,0,0,0,0,0,18.0,17.0,9.0,8.0,8661,5230,1687,4180,6750,1911,3941,725,1167,2708,120,4720,2009,문화재청_궁능유적본부_4대궁_관람객_수_현황_2009년.csv
2009-10-31,2009,10,31,5,토,1,0,0,0,0,18.0,17.0,9.0,8.0,7645,3058,959,3176,5906,1739,3484,619,1172,2313,57,4161,2009,문화재청_궁능유적본부_4대궁_관람객_수_현황_2009년.csv
2009-11-01,2009,11,1,6,일,1,0,0,0,0,17.0,16.0,8.0,7.0,11309,6307,3284,6467,8805,2504,6962,762,1303,2250,32,4347,2009,문화재청_궁능유적본부_4대궁_관람객_수_현황_2009년.csv
2009-11-02,2009,11,2,0,월,0,0,0,2,0,17.0,16.0,8.0,7.0,7516,0,655,0,5060,2456,3691,471,1043,2245,66,3825,2009,문화재청_궁능유적본부_4대궁_관람객_수_현황_2009년.csv
2009-11-03,2009,11,3,1,화,0,1,1,1,0,17.0,16.0,8.0,7.0,0,3139,0,2714,0,0,0,0,0,0,0,0,2009,문화재청_궁능유적본부_4대궁_관람객_수_현황_2009년.csv
2009-11-04,2009,11,4,2,수,0,0,0,0,0,17.0,16.0,8.0,7.0,5884,2776,1078,2237,4569,1315,2334,255,1186,1997,112,3550,2009,문화재청_궁능유적본부_4대궁_관람객_수_현황_2009년.csv
2009-11-05,2009,11,5,3,목,0,0,0,0,0,17.0,16.0,8.0,7.0,5880,2853,1364,2864,4401,1479,2468,333,816,2191,72,3412,2009,문화재청_궁능유적본부_4대궁_관람객_수_현황_2009년.csv
2009-11-06,2009,11,6,4,금,0,0,0,0,0,17.0,16.0,8.0,7.0,7048,3840,1350,2764,5495,1553,2887,545,1051,2456,109,4161,2009,문화재청_궁능유적본부_4대궁_관람객_수_현황_2009년.csv
2009-11-07,2009,11,7,5,토,1,0,0,0,0,17.0,16.0,8.0,7.0,11339,5175,3154,7426,9105,2234,6000,679,1123,3484,53,5339,2009,문화재청_궁능유적본부_4대궁_관람객_수_현황_2009년.csv
2009-11-08,2009,11,8,6,일,1,0,0,0,0,17.0,16.0,8.0,7.0,7293,3881,1788,4008,5781,1512,3643,333,939,2268,110,3650,2009,문화재청_궁능유적본부_4대궁_관람객_수_현황_2009년.csv
2009-11-09,2009,11,9,0,월,0,0,0,2,0,17.0,16.0,8.0,7.0,8093,0,1395,0,6530,1563,3633,397,1316,2677,70,4460,2009,문화재청_궁능유적본부_4대궁_관람객_수_현황_2009년.csv
2009-11-10,2009,11,10,1,화,0,1,1,1,0,17.0,16.0,8.0,7.0,0,4251,0,3328,0,0,0,0,0,0,0,0,2009,문화재청_궁능유적본부_4대궁_관람객_수_현황_2009년.csv
2009-11-11,2009,11,11,2,수,0,0,0,0,0,17.0,16.0,8.0,7.0,7823,2928,1024,2534,5230,2593,3125,448,1527,2631,92,4698,2009,문화재청_궁능유적본부_4대궁_관람객_수_현황_2009년.csv
2009-11-12,2009,11,12,3,목,0,0,0,0,0,17.0,16.0,8.0,7.0,5592,1737,1151,2631,4237,1355,2510,254,1307,1484,37,3082,2009,문화재청_궁능유적본부_4대궁_관람객_수_현황_2009년.csv
2009-11-13,2009,11,13,4,금,0,0,0,0,0,17.0,16.0,8.0,7.0,5073,2723,386,1644,3859,1214,1606,241,1289,1875,62,3467,2009,문화재청_궁능유적본부_4대궁_관람객_수_현황_2009년.csv
2009-11-14,2009,11,14,5,토,1,0,0,0,0,17.0,16.0,8.0,7.0,25851,4459,1792,5120,7630,18221,21371,404,1030,2886,160,4480,2009,문화재청_궁능유적본부_4대궁_관람객_수_현황_2009년.csv
2009-11-15,2009,11,15,6,일,1,0,0,0,0,17.0,16.0,8.0,7.0,8160,3951,1232,3314,6317,1843,3660,605,1671,2125,99,4500,2009,문화재청_궁능유적본부_4대궁_관람객_수_현황_2009년.csv
2009-11-16,2009,11,16,0,월,0,0,0,2,0,17.0,16.0,8.0,7.0,6336,0,378,0,4973,1363,1839,299,2169,1918,111,4497,2009,문화재청_궁능유적본부_4대궁_관람객_수_현황_2009년.csv
2009-11-17,2009,11,17,1,화,0,1,1,1,0,17.0,16.0,8.0,7.0,0,2468,0,2272,0,0,0,0,0,0,0,0,2009,문화재청_궁능유적본부_4대궁_관람객_수_현황_2009년.csv
2009-11-18,2009,11,18,2,수,0,0,0,0,0,17.0,16.0,8.0,7.0,6160,1881,378,1225,3878,2282,2787,309,884,2097,83,3373,2009,문화재청_궁능유적본부_4대궁_관람객_수_현황_2009년.csv
2009-11-19,2009,11,19,3,목,0,0,0,0,0,17.0,16.0,8.0,7.0,5420,805,460,1452,4143,1277,1990,180,872,2127,251,3430,2009,문화재청_궁능유적본부_4대궁_관람객_수_현황_2009년.csv
2009-11-20,2009,11,20,4,금,0,0,0,0,0,17.0,16.0,8.0,7.0,5855,1906,421,1683,4496,1359,2462,280,797,2233,83,3393,2009,문화재청_궁능유적본부_4대궁_관람객_수_현황_2009년.csv
2009-11-21,2009,11,21,5,토,1,0,0,0,0,17.0,16.0,8.0,7.0,8932,2801,1010,3957,6959,1973,4547,292,766,3322,5,4385,2009,문화재청_궁능유적본부_4대궁_관람객_수_현황_2009년.csv
2009-11-22,2009,11,22,6,일,1,0,0,0,0,17.0,16.0,8.0,7.0,8232,3304,855,3370,6336,1896,4701,347,934,2241,9,3531,2009,문화재청_궁능유적본부_4대궁_관람객_수_현황_2009년.csv
2009-11-23,2009,11,23,0,월,0,0,0,2,0,17.0,16.0,8.0,7.0,7518,0,644,0,5111,2407,3198,352,1598,2251,119,4320,2009,문화재청_궁능유적본부_4대궁_관람객_수_현황_2009년.csv
2009-11-24,2009,11,24,1,화,0,1,1,1,0,17.0,16.0,8.0,7.0,0,2791,0,3318,0,0,0,0,0,0,0,0,2009,문화재청_궁능유적본부_4대궁_관람객_수_현황_2009년.csv
2009-11-25,2009,11,25,2,수,0,0,0,0,0,17.0,16.0,8.0,7.0,5666,2259,316,1483,4440,1226,1923,380,1296,1969,98,3743,2009,문화재청_궁능유적본부_4대궁_관람객_수_현황_2009년.csv
2009-11-26,2009,11,26,3,목,0,0,0,0,0,17.0,16.0,8.0,7.0,8679,1339,842,2238,5454,3225,4252,507,1761,1942,217,4427,2009,문화재청_궁능유적본부_4대궁_관람객_수_현황_2009년.csv
2009-11-27,2009,11,27,4,금,0,0,0,0,0,17.0,16.0,8.0,7.0,6294,3033,475,2190,4824,1470,2383,445,1305,2040,121,3911,2009,문화재청_궁능유적본부_4대궁_관람객_수_현황_2009년.csv
2009-11-28,2009,11,28,5,토,1,0,0,0,0,17.0,16.0,8.0,7.0,23901,3636,1353,6071,7335,16566,18684,874,1576,2621,146,5217,2009,문화재청_궁능유적본부_4대궁_관람객_수_현황_2009년.csv
2009-11-29,2009,11,29,6,일,1,0,0,0,0,17.0,16.0,8.0,7.0,5900,2609,354,2711,4169,1731,2493,497,1060,1732,118,3407,2009,문화재청_궁능유적본부_4대궁_관람객_수_현황_2009년.csv
2009-11-30,2009,11,30,0,월,0,0,0,2,0,17.0,16.0,8.0,7.0,7024,0,879,0,5246,1778,3150,747,1208,1813,106,3874,2009,문화재청_궁능유적본부_4대궁_관람객_수_현황_2009년.csv
2009-12-01,2009,12,1,1,화,0,1,1,1,0,17.0,16.0,8.0,7.0,0,2431,0,3566,0,0,0,0,0,0,0,0,2009,문화재청_궁능유적본부_4대궁_관람객_수_현황_2009년.csv
2009-12-02,2009,12,2,2,수,0,0,0,0,0,17.0,16.0,8.0,7.0,7352,2276,509,2422,5736,1616,2788,404,1263,2755,142,4564,2009,문화재청_궁능유적본부_4대궁_관람객_수_현황_2009년.csv
2009-12-03,2009,12,3,3,목,0,0,0,0,0,17.0,16.0,8.0,7.0,5234,1206,512,2559,3808,1426,1841,243,1315,1730,105,3393,2009,문화재청_궁능유적본부_4대궁_관람객_수_현황_2009년.csv
2009-12-04,2009,12,4,4,금,0,0,0,0,0,17.0,16.0,8.0,7.0,5527,2122,1499,2845,4047,1480,2382,288,1064,1639,154,3145,2009,문화재청_궁능유적본부_4대궁_관람객_수_현황_2009년.csv
2009-12-05,2009,12,5,5,토,1,0,0,0,0,17.0,16.0,8.0,7.0,5144,1823,466,2946,3893,1251,2340,278,784,1741,1,2804,2009,문화재청_궁능유적본부_4대궁_관람객_수_현황_2009년.csv
2009-12-06,2009,12,6,6,일,1,0,0,0,0,17.0,16.0,8.0,7.0,6460,2156,636,3484,4994,1466,2865,343,907,2315,30,3595,2009,문화재청_궁능유적본부_4대궁_관람객_수_현황_2009년.csv
2009-12-07,2009,12,7,0,월,0,0,0,2,0,17.0,16.0,8.0,7.0,8284,0,731,0,5360,2924,4000,233,1532,2433,86,4284,2009,문화재청_궁능유적본부_4대궁_관람객_수_현황_2009년.csv
2009-12-08,2009,12,8,1,화,0,1,1,1,0,17.0,16.0,8.0,7.0,0,2355,0,1971,0,0,0,0,0,0,0,0,2009,문화재청_궁능유적본부_4대궁_관람객_수_현황_2009년.csv
2009-12-09,2009,12,9,2,수,0,0,0,0,0,17.0,16.0,8.0,7.0,5860,1474,437,1249,4709,1151,1941,264,959,2387,309,3919,2009,문화재청_궁능유적본부_4대궁_관람객_수_현황_2009년.csv
2009-12-10,2009,12,10,3,목,0,0,0,0,0,17.0,16.0,8.0,7.0,4684,1072,595,1157,3693,991,1686,189,844,1604,361,2998,2009,문화재청_궁능유적본부_4대궁_관람객_수_현황_2009년.csv
2009-12-11,2009,12,11,4,금,0,0,0,0,0,17.0,16.0,8.0,7.0,6888,2163,394,999,5534,1354,2456,369,1230,2602,231,4432,2009,문화재청_궁능유적본부_4대궁_관람객_수_현황_2009년.csv
2009-12-12,2009,12,12,5,토,1,0,0,0,0,17.0,16.0,8.0,7.0,10159,3128,1383,5758,6547,3612,5325,498,1164,3164,8,4834,2009,문화재청_궁능유적본부_4대궁_관람객_수_현황_2009년.csv
2009-12-13,2009,12,13,6,일,1,0,0,0,0,17.0,16.0,8.0,7.0,8163,2511,1032,2995,6464,1699,4289,275,1071,2508,20,3874,2009,문화재청_궁능유적본부_4대궁_관람객_수_현황_2009년.csv
2009-12-14,2009,12,14,0,월,0,0,0,2,0,17.0,16.0,8.0,7.0,7196,0,433,0,4981,2215,3184,277,1128,2536,71,4012,2009,문화재청_궁능유적본부_4대궁_관람객_수_현황_2009년.csv
2009-12-15,2009,12,15,1,화,0,1,1,1,0,17.0,16.0,8.0,7.0,0,1941,0,1316,0,0,0,0,0,0,0,0,2009,문화재청_궁능유적본부_4대궁_관람객_수_현황_2009년.csv
2009-12-16,2009,12,16,2,수,0,0,0,0,0,17.0,16.0,8.0,7.0,5587,1118,262,856,4508,1079,1524,225,936,2581,321,4063,2009,문화재청_궁능유적본부_4대궁_관람객_수_현황_2009년.csv
2009-12-17,2009,12,17,3,목,0,0,0,0,0,17.0,16.0,8.0,7.0,5083,855,160,1238,3960,1123,2238,174,767,1838,66,2845,2009,문화재청_궁능유적본부_4대궁_관람객_수_현황_2009년.csv
2009-12-18,2009,12,18,4,금,0,0,0,0,0,17.0,16.0,8.0,7.0,6110,1296,976,890,4710,1400,2962,200,473,2144,331,3148,2009,문화재청_궁능유적본부_4대궁_관람객_수_현황_2009년.csv
2009-12-19,2009,12,19,5,토,1,0,0,0,0,17.0,16.0,8.0,7.0,5420,1448,413,1593,4248,1172,1885,280,723,2168,364,3535,2009,문화재청_궁능유적본부_4대궁_관람객_수_현황_2009년.csv
2009-12-20,2009,12,20,6,일,1,0,0,0,0,17.0,16.0,8.0,7.0,6473,1885,485,1378,5043,1430,2532,270,1062,2250,359,3941,2009,문화재청_궁능유적본부_4대궁_관람객_수_현황_2009년.csv
2009-12-21,2009,12,21,0,월,0,0,0,2,0,17.0,16.0,8.0,7.0,6684,0,328,0,5472,1212,2983,182,632,2605,282,3701,2009,문화재청_궁능유적본부_4대궁_관람객_수_현황_2009년.csv
2009-12-22,2009,12,22,1,화,0,1,1,1,0,17.0,16.0,8.0,7.0,0,1820,0,2421,0,0,0,0,0,0,0,0,2009,문화재청_궁능유적본부_4대궁_관람객_수_현황_2009년.csv
2009-12-23,2009,12,23,2,수,0,0,0,0,0,17.0,16.0,8.0,7.0,6577,1037,914,2156,4873,1704,3495,256,650,2079,97,3082,2009,문화재청_궁능유적본부_4대궁_관람객_수_현황_2009년.csv
2009-12-24,2009,12,24,3,목,0,0,0,0,0,17.0,16.0,8.0,7.0,5536,1199,475,2721,4384,1152,2342,315,668,2142,69,3194,2009,문화재청_궁능유적본부_4대궁_관람객_수_현황_2009년.csv
2009-12-25,2009,12,25,4,금,0,0,0,0,1,17.0,16.0,8.0,7.0,9524,2009,644,3591,6201,3323,5956,361,635,2470,102,3568,2009,문화재청_궁능유적본부_4대궁_관람객_수_현황_2009년.csv
2009-12-26,2009,12,26,5,토,1,0,0,0,0,17.0,16.0,8.0,7.0,38853,2568,632,3051,6859,31994,34045,460,876,3469,3,4808,2009,문화재청_궁능유적본부_4대궁_관람객_수_현황_2009년.csv
2009-12-27,2009,12,27,6,일,1,0,0,0,0,17.0,16.0,8.0,7.0,22437,1909,669,2423,5190,17247,18866,396,621,2554,0,3571,2009,문화재청_궁능유적본부_4대궁_관람객_수_현황_2009년.csv
2009-12-28,2009,12,28,0,월,0,0,0,2,0,17.0,16.0,8.0,7.0,10707,0,512,0,7187,3520,6777,383,912,2446,189,3930,2009,문화재청_궁능유적본부_4대궁_관람객_수_현황_2009년.csv
2009-12-29,2009,12,29,1,화,0,1,1,1,0,17.0,16.0,8.0,7.0,0,3016,0,2739,0,0,0,0,0,0,0,0,2009,문화재청_궁능유적본부_4대궁_관람객_수_현황_2009년.csv
2009-12-30,2009,12,30,2,수,0,0,0,0,0,17.0,16.0,8.0,7.0,6435,1795,419,1328,4968,1467,2443,534,885,2492,81,3992,2009,문화재청_궁능유적본부_4대궁_관람객_수_현황_2009년.csv
2009-12-31,2009,12,31,3,목,0,0,0,0,0,17.0,16.0,8.0,7.0,8934,1195,255,1069,4504,4430,4890,566,1036,2352,90,4044,2009,문화재청_궁능유적본부_4대궁_관람객_수_현황_2009년.csv
2010-01-01,2010,1,1,4,금,0,0,0,0,1,17.0,16.0,8.0,7.0,12005,3034,1059,2778,9179,2826,7039,457,1073,3333,103,4966,2010,문화재청_궁능유적본부_4대궁_관람객_수_현황_2010년.csv
2010-01-02,2010,1,2,5,토,1,0,0,0,0,17.0,16.0,8.0,7.0,12239,2754,1420,4140,9511,2728,7004,358,1315,3561,1,5235,2010,문화재청_궁능유적본부_4대궁_관람객_수_현황_2010년.csv
2010-01-03,2010,1,3,6,일,1,0,0,0,0,17.0,16.0,8.0,7.0,7266,1767,635,1727,5600,1666,3822,293,838,2230,83,3444,2010,문화재청_궁능유적본부_4대궁_관람객_수_현황_2010년.csv
2010-01-04,2010,1,4,0,월,0,0,0,2,0,17.0,16.0,8.0,7.0,3396,0,542,0,2650,746,1994,109,634,647,12,1402,2010,문화재청_궁능유적본부_4대궁_관람객_수_현황_2010년.csv
2010-01-05,2010,1,5,1,화,0,1,1,1,0,17.0,16.0,8.0,7.0,0,2792,0,2388,0,0,0,0,0,0,0,0,2010,문화재청_궁능유적본부_4대궁_관람객_수_현황_2010년.csv
2010-01-06,2010,1,6,2,수,0,0,0,0,0,17.0,16.0,8.0,7.0,3858,1298,335,1089,2904,954,1895,232,877,795,59,1963,2010,문화재청_궁능유적본부_4대궁_관람객_수_현황_2010년.csv
2010-01-07,2010,1,7,3,목,0,0,0,0,0,17.0,16.0,8.0,7.0,2648,845,299,1044,1950,698,1224,130,597,664,33,1424,2010,문화재청_궁능유적본부_4대궁_관람객_수_현황_2010년.csv
2010-01-08,2010,1,8,4,금,0,0,0,0,0,17.0,16.0,8.0,7.0,3130,1078,416,954,2399,731,1482,217,669,744,18,1648,2010,문화재청_궁능유적본부_4대궁_관람객_수_현황_2010년.csv
2010-01-09,2010,1,9,5,토,1,0,0,0,0,17.0,16.0,8.0,7.0,11963,1796,926,2725,4038,7925,9728,268,717,1129,121,2235,2010,문화재청_궁능유적본부_4대궁_관람객_수_현황_2010년.csv
2010-01-10,2010,1,10,6,일,1,0,0,0,0,17.0,16.0,8.0,7.0,6556,1944,1012,2289,5241,1315,4332,206,800,1109,109,2224,2010,문화재청_궁능유적본부_4대궁_관람객_수_현황_2010년.csv
2010-01-11,2010,1,11,0,월,0,0,0,2,0,17.0,16.0,8.0,7.0,3310,0,517,0,2508,802,1758,113,604,799,36,1552,2010,문화재청_궁능유적본부_4대궁_관람객_수_현황_2010년.csv
2010-01-12,2010,1,12,1,화,0,1,1,1,0,17.0,16.0,8.0,7.0,0,1287,0,1393,0,0,0,0,0,0,0,0,2010,문화재청_궁능유적본부_4대궁_관람객_수_현황_2010년.csv
2010-01-13,2010,1,13,2,수,0,0,0,0,0,17.0,16.0,8.0,7.0,3146,801,246,656,2352,794,1188,142,613,1123,80,1958,2010,문화재청_궁능유적본부_4대궁_관람객_수_현황_2010년.csv
2010-01-14,2010,1,14,3,목,0,0,0,0,0,17.0,16.0,8.0,7.0,3159,664,267,766,2401,758,1246,117,658,1097,41,1913,2010,문화재청_궁능유적본부_4대궁_관람객_수_현황_2010년.csv
2010-01-15,2010,1,15,4,금,0,0,0,0,0,17.0,16.0,8.0,7.0,3841,1071,429,1146,2850,991,1648,201,741,1197,54,2193,2010,문화재청_궁능유적본부_4대궁_관람객_수_현황_2010년.csv
2010-01-16,2010,1,16,5,토,1,0,0,0,0,17.0,16.0,8.0,7.0,8436,1832,807,2777,6480,1956,5376,249,672,2039,100,3060,2010,문화재청_궁능유적본부_4대궁_관람객_수_현황_2010년.csv
2010-01-17,2010,1,17,6,일,1,0,0,0,0,17.0,16.0,8.0,7.0,8775,2248,1104,2378,6794,1981,5460,319,819,2176,1,3315,2010,문화재청_궁능유적본부_4대궁_관람객_수_현황_2010년.csv
2010-01-18,2010,1,18,0,월,0,0,0,2,0,17.0,16.0,8.0,7.0,5120,0,442,0,3934,1186,2651,197,1069,1014,189,2469,2010,문화재청_궁능유적본부_4대궁_관람객_수_현황_2010년.csv
2010-01-19,2010,1,19,1,화,0,1,1,1,0,17.0,16.0,8.0,7.0,0,2235,0,2473,0,0,0,0,0,0,0,0,2010,문화재청_궁능유적본부_4대궁_관람객_수_현황_2010년.csv
2010-01-20,2010,1,20,2,수,0,0,0,0,0,17.0,16.0,8.0,7.0,3468,768,292,1118,2582,886,1287,120,592,1375,94,2181,2010,문화재청_궁능유적본부_4대궁_관람객_수_현황_2010년.csv
2010-01-21,2010,1,21,3,목,0,0,0,0,0,17.0,16.0,8.0,7.0,4774,920,390,1531,3712,1062,2559,129,789,1239,58,2215,2010,문화재청_궁능유적본부_4대궁_관람객_수_현황_2010년.csv
2010-01-22,2010,1,22,4,금,0,0,0,0,0,17.0,16.0,8.0,7.0,4718,1253,570,959,3707,1011,2479,154,756,1231,98,2239,2010,문화재청_궁능유적본부_4대궁_관람객_수_현황_2010년.csv
2010-01-23,2010,1,23,5,토,1,0,0,0,0,17.0,16.0,8.0,7.0,19254,1978,1029,3991,6259,12995,14958,265,1067,2929,35,4296,2010,문화재청_궁능유적본부_4대궁_관람객_수_현황_2010년.csv
2010-01-24,2010,1,24,6,일,1,0,0,0,0,17.0,16.0,8.0,7.0,10320,2495,1220,3361,8198,2122,6252,236,871,2810,151,4068,2010,문화재청_궁능유적본부_4대궁_관람객_수_현황_2010년.csv
2010-01-25,2010,1,25,0,월,0,0,0,2,0,17.0,16.0,8.0,7.0,4972,0,454,0,3905,1067,2395,218,771,1522,66,2577,2010,문화재청_궁능유적본부_4대궁_관람객_수_현황_2010년.csv
2010-01-26,2010,1,26,1,화,0,1,1,1,0,17.0,16.0,8.0,7.0,0,2037,0,2423,0,0,0,0,0,0,0,0,2010,문화재청_궁능유적본부_4대궁_관람객_수_현황_2010년.csv
2010-01-27,2010,1,27,2,수,0,0,0,0,0,17.0,16.0,8.0,7.0,6228,1440,481,1357,4389,1839,3385,148,491,2115,89,2843,2010,문화재청_궁능유적본부_4대궁_관람객_수_현황_2010년.csv
2010-01-28,2010,1,28,3,목,0,0,0,0,0,17.0,16.0,8.0,7.0,5844,1072,463,1193,4383,1461,3165,132,666,1803,78,2679,2010,문화재청_궁능유적본부_4대궁_관람객_수_현황_2010년.csv
2010-01-29,2010,1,29,4,금,0,0,0,0,0,17.0,16.0,8.0,7.0,5222,1303,419,1822,3963,1259,2270,191,734,1950,77,2952,2010,문화재청_궁능유적본부_4대궁_관람객_수_현황_2010년.csv
2010-01-30,2010,1,30,5,토,1,0,0,0,0,17.0,16.0,8.0,7.0,10174,2244,1119,3344,7922,2252,6446,277,884,2434,133,3728,2010,문화재청_궁능유적본부_4대궁_관람객_수_현황_2010년.csv
2010-01-31,2010,1,31,6,일,1,0,0,0,0,17.0,16.0,8.0,7.0,9054,2141,1011,3087,7065,1989,5310,303,945,2419,77,3744,2010,문화재청_궁능유적본부_4대궁_관람객_수_현황_2010년.csv
2010-02-01,2010,2,1,0,월,0,0,0,2,0,17.0,16.0,8.0,7.0,6000,0,551,0,4645,1355,3077,237,1067,1536,83,2923,2010,문화재청_궁능유적본부_4대궁_관람객_수_현황_2010년.csv
2010-02-02,2010,2,2,1,화,0,1,1,1,0,17.0,16.0,8.0,7.0,0,2125,0,1852,0,0,0,0,0,0,0,0,2010,문화재청_궁능유적본부_4대궁_관람객_수_현황_2010년.csv
2010-02-03,2010,2,3,2,수,0,0,0,0,0,17.0,16.0,8.0,7.0,5017,1111,635,775,3643,1374,1981,259,749,1937,91,3036,2010,문화재청_궁능유적본부_4대궁_관람객_수_현황_2010년.csv
2010-02-04,2010,2,4,3,목,0,0,0,0,0,17.0,16.0,8.0,7.0,6127,1006,383,1165,4675,1452,2270,220,851,2702,84,3857,2010,문화재청_궁능유적본부_4대궁_관람객_수_현황_2010년.csv
2010-02-05,2010,2,5,4,금,0,0,0,0,0,17.0,16.0,8.0,7.0,5984,1366,327,814,4592,1392,2440,250,808,2368,118,3544,2010,문화재청_궁능유적본부_4대궁_관람객_수_현황_2010년.csv
2010-02-06,2010,2,6,5,토,1,0,0,0,0,17.0,16.0,8.0,7.0,8513,1730,630,2185,6581,1932,2539,374,819,3451,1330,5974,2010,문화재청_궁능유적본부_4대궁_관람객_수_현황_2010년.csv
2010-02-07,2010,2,7,6,일,1,0,0,0,0,17.0,16.0,8.0,7.0,8070,2005,932,2459,6328,1742,4458,282,886,2355,89,3612,2010,문화재청_궁능유적본부_4대궁_관람객_수_현황_2010년.csv
2010-02-08,2010,2,8,0,월,0,0,0,2,0,17.0,16.0,8.0,7.0,6486,0,364,0,5026,1460,2582,210,1048,2437,209,3904,2010,문화재청_궁능유적본부_4대궁_관람객_수_현황_2010년.csv
2010-02-09,2010,2,9,1,화,0,1,1,1,0,17.0,16.0,8.0,7.0,0,2231,0,1210,0,0,0,0,0,0,0,0,2010,문화재청_궁능유적본부_4대궁_관람객_수_현황_2010년.csv
2010-02-10,2010,2,10,2,수,0,0,0,0,0,17.0,16.0,8.0,7.0,4423,1164,160,854,3240,1183,1977,144,832,1466,4,2446,2010,문화재청_궁능유적본부_4대궁_관람객_수_현황_2010년.csv
2010-02-11,2010,2,11,3,목,0,0,0,0,0,17.0,16.0,8.0,7.0,3062,762,178,817,2309,753,1063,188,475,1335,1,1999,2010,문화재청_궁능유적본부_4대궁_관람객_수_현황_2010년.csv
2010-02-12,2010,2,12,4,금,0,0,0,0,0,17.0,16.0,8.0,7.0,3674,1357,336,1101,2850,824,1668,199,517,1290,0,2006,2010,문화재청_궁능유적본부_4대궁_관람객_수_현황_2010년.csv
2010-02-13,2010,2,13,5,토,1,0,0,0,1,17.0,16.0,8.0,7.0,14279,1738,769,2289,5477,8802,7343,800,2143,3993,0,6936,2010,문화재청_궁능유적본부_4대궁_관람객_수_현황_2010년.csv
2010-02-14,2010,2,14,6,일,1,0,0,0,1,17.0,16.0,8.0,7.0,29127,2631,2342,5515,0,29127,27922,180,380,645,0,1205,2010,문화재청_궁능유적본부_4대궁_관람객_수_현황_2010년.csv
2010-02-15,2010,2,15,0,월,0,0,0,0,1,17.0,16.0,8.0,7.0,14593,2047,2183,3474,11373,3220,8292,483,1262,4496,60,6301,2010,문화재청_궁능유적본부_4대궁_관람객_수_현황_2010년.csv
2010-02-16,2010,2,16,1,화,0,1,1,1,0,17.0,16.0,8.0,7.0,0,2216,0,2807,0,0,0,0,0,0,0,0,2010,문화재청_궁능유적본부_4대궁_관람객_수_현황_2010년.csv
2010-02-17,2010,2,17,2,수,0,0,0,0,0,17.0,16.0,8.0,7.0,9502,1512,345,1489,6965,2537,4094,354,1005,4027,22,5408,2010,문화재청_궁능유적본부_4대궁_관람객_수_현황_2010년.csv
2010-02-18,2010,2,18,3,목,0,0,0,0,0,17.0,16.0,8.0,7.0,9403,1693,519,1428,7419,1984,3909,221,875,4393,5,5494,2010,문화재청_궁능유적본부_4대궁_관람객_수_현황_2010년.csv
2010-02-19,2010,2,19,4,금,0,0,0,0,0,17.0,16.0,8.0,7.0,9069,1745,525,1741,7140,1929,3683,166,1081,4139,0,5386,2010,문화재청_궁능유적본부_4대궁_관람객_수_현황_2010년.csv
2010-02-20,2010,2,20,5,토,1,0,0,0,0,17.0,16.0,8.0,7.0,13651,2551,1649,4686,10347,3304,7749,285,1142,4422,53,5902,2010,문화재청_궁능유적본부_4대궁_관람객_수_현황_2010년.csv
2010-02-21,2010,2,21,6,일,1,0,0,0,0,17.0,16.0,8.0,7.0,12411,3405,1634,4626,9675,2736,6872,238,1245,4043,13,5539,2010,문화재청_궁능유적본부_4대궁_관람객_수_현황_2010년.csv
2010-02-22,2010,2,22,0,월,0,0,0,2,0,17.0,16.0,8.0,7.0,8247,0,682,0,6486,1761,3616,348,1716,2484,83,4631,2010,문화재청_궁능유적본부_4대궁_관람객_수_현황_2010년.csv
2010-02-23,2010,2,23,1,화,0,1,1,1,0,17.0,16.0,8.0,7.0,0,3528,0,4149,0,0,0,0,0,0,0,0,2010,문화재청_궁능유적본부_4대궁_관람객_수_현황_2010년.csv
2010-02-24,2010,2,24,2,수,0,0,0,0,0,17.0,16.0,8.0,7.0,7620,2508,873,2732,5921,1699,4129,376,1296,1797,22,3491,2010,문화재청_궁능유적본부_4대궁_관람객_수_현황_2010년.csv
2010-02-25,2010,2,25,3,목,0,0,0,0,0,17.0,16.0,8.0,7.0,3109,1093,224,1417,2436,673,1515,123,459,988,24,1594,2010,문화재청_궁능유적본부_4대궁_관람객_수_현황_2010년.csv
2010-02-26,2010,2,26,4,금,0,0,0,0,0,17.0,16.0,8.0,7.0,6902,1839,740,2934,5396,1506,3973,250,1092,1547,40,2929,2010,문화재청_궁능유적본부_4대궁_관람객_수_현황_2010년.csv
2010-02-27,2010,2,27,5,토,1,0,0,0,0,17.0,16.0,8.0,7.0,22623,3236,1194,4857,6549,16074,18469,508,1533,2086,27,4154,2010,문화재청_궁능유적본부_4대궁_관람객_수_현황_2010년.csv
2010-02-28,2010,2,28,6,일,1,0,0,0,0,17.0,16.0,8.0,7.0,13407,3850,1950,4849,10533,2874,9877,368,990,2147,25,3530,2010,문화재청_궁능유적본부_4대궁_관람객_수_현황_2010년.csv
2010-03-01,2010,3,1,0,월,0,0,0,0,1,18.0,17.0,9.0,8.0,4421,418,306,1467,3407,1014,2058,180,1138,1040,5,2363,2010,문화재청_궁능유적본부_4대궁_관람객_수_현황_2010년.csv
2010-03-02,2010,3,2,1,화,0,1,1,1,0,18.0,17.0,9.0,8.0,0,1765,0,1262,0,0,0,0,0,0,0,0,2010,문화재청_궁능유적본부_4대궁_관람객_수_현황_2010년.csv
2010-03-03,2010,3,3,2,수,0,0,0,0,0,18.0,17.0,9.0,8.0,4462,1539,518,1127,3377,1085,2108,176,1212,963,3,2354,2010,문화재청_궁능유적본부_4대궁_관람객_수_현황_2010년.csv
2010-03-04,2010,3,4,3,목,0,0,0,0,0,18.0,17.0,9.0,8.0,2861,937,172,528,2144,717,1045,109,979,713,15,1816,2010,문화재청_궁능유적본부_4대궁_관람객_수_현황_2010년.csv
2010-03-05,2010,3,5,4,금,0,0,0,0,0,18.0,17.0,9.0,8.0,4590,1637,415,985,3519,1071,2201,175,1106,1102,6,2389,2010,문화재청_궁능유적본부_4대궁_관람객_수_현황_2010년.csv
2010-03-06,2010,3,6,5,토,1,0,0,0,0,18.0,17.0,9.0,8.0,7549,2227,1087,2716,5952,1597,4568,354,996,1604,27,2981,2010,문화재청_궁능유적본부_4대궁_관람객_수_현황_2010년.csv
2010-03-07,2010,3,7,6,일,1,0,0,0,0,18.0,17.0,9.0,8.0,8479,2435,1087,2107,6547,1932,5765,356,996,1347,15,2714,2010,문화재청_궁능유적본부_4대궁_관람객_수_현황_2010년.csv
2010-03-08,2010,3,8,0,월,0,0,0,2,0,18.0,17.0,9.0,8.0,5145,0,498,0,3979,1166,2353,237,1144,1411,0,2792,2010,문화재청_궁능유적본부_4대궁_관람객_수_현황_2010년.csv
2010-03-09,2010,3,9,1,화,0,1,1,1,0,18.0,17.0,9.0,8.0,0,2824,0,1654,0,0,0,0,0,0,0,0,2010,문화재청_궁능유적본부_4대궁_관람객_수_현황_2010년.csv
2010-03-10,2010,3,10,2,수,0,0,0,0,0,18.0,17.0,9.0,8.0,6049,1730,734,1128,4159,1890,2911,345,1380,1408,5,3138,2010,문화재청_궁능유적본부_4대궁_관람객_수_현황_2010년.csv
2010-03-11,2010,3,11,3,목,0,0,0,0,0,18.0,17.0,9.0,8.0,5007,1569,451,1080,3769,1238,1811,180,1410,1591,15,3196,2010,문화재청_궁능유적본부_4대궁_관람객_수_현황_2010년.csv
2010-03-12,2010,3,12,4,금,0,0,0,0,0,18.0,17.0,9.0,8.0,4690,1701,237,1047,3558,1132,1593,213,1266,1618,0,3097,2010,문화재청_궁능유적본부_4대궁_관람객_수_현황_2010년.csv
2010-03-13,2010,3,13,5,토,1,0,0,0,0,18.0,17.0,9.0,8.0,21208,3912,1734,4191,8155,13053,14133,1044,2544,3481,6,7075,2010,문화재청_궁능유적본부_4대궁_관람객_수_현황_2010년.csv
2010-03-14,2010,3,14,6,일,1,0,0,0,0,18.0,17.0,9.0,8.0,9184,3249,1318,2644,7160,2024,5312,428,1470,1917,57,3872,2010,문화재청_궁능유적본부_4대궁_관람객_수_현황_2010년.csv
2010-03-15,2010,3,15,0,월,0,0,0,2,0,18.0,17.0,9.0,8.0,5809,0,307,0,4583,1226,1723,423,1857,1802,4,4086,2010,문화재청_궁능유적본부_4대궁_관람객_수_현황_2010년.csv
2010-03-16,2010,3,16,1,화,0,1,1,1,0,18.0,17.0,9.0,8.0,0,2998,0,2247,0,0,0,0,0,0,0,0,2010,문화재청_궁능유적본부_4대궁_관람객_수_현황_2010년.csv
2010-03-17,2010,3,17,2,수,0,0,0,0,0,18.0,17.0,9.0,8.0,6625,2113,384,1067,4646,1979,3034,358,1494,1650,89,3591,2010,문화재청_궁능유적본부_4대궁_관람객_수_현황_2010년.csv
2010-03-18,2010,3,18,3,목,0,0,0,0,0,18.0,17.0,9.0,8.0,6522,1833,396,1059,4968,1554,2576,249,1580,1684,433,3946,2010,문화재청_궁능유적본부_4대궁_관람객_수_현황_2010년.csv
2010-03-19,2010,3,19,4,금,0,0,0,0,0,18.0,17.0,9.0,8.0,6111,1773,523,1163,4639,1472,3472,284,970,1385,0,2639,2010,문화재청_궁능유적본부_4대궁_관람객_수_현황_2010년.csv
2010-03-20,2010,3,20,5,토,1,0,0,0,0,18.0,17.0,9.0,8.0,6876,1930,365,2276,5305,1571,2659,395,1022,2779,21,4217,2010,문화재청_궁능유적본부_4대궁_관람객_수_현황_2010년.csv
2010-03-21,2010,3,21,6,일,1,0,0,0,0,18.0,17.0,9.0,8.0,8566,3142,1089,2215,7038,1528,4770,432,1308,2044,12,3796,2010,문화재청_궁능유적본부_4대궁_관람객_수_현황_2010년.csv
2010-03-22,2010,3,22,0,월,0,0,0,2,0,18.0,17.0,9.0,8.0,5053,0,334,0,3887,1166,2289,203,904,1653,4,2764,2010,문화재청_궁능유적본부_4대궁_관람객_수_현황_2010년.csv
2010-03-23,2010,3,23,1,화,0,1,1,1,0,18.0,17.0,9.0,8.0,0,4010,0,2354,0,0,0,0,0,0,0,0,2010,문화재청_궁능유적본부_4대궁_관람객_수_현황_2010년.csv
2010-03-24,2010,3,24,2,수,0,0,0,0,0,18.0,17.0,9.0,8.0,8769,2222,966,1682,6094,2675,4589,373,1569,2136,102,4180,2010,문화재청_궁능유적본부_4대궁_관람객_수_현황_2010년.csv
2010-03-25,2010,3,25,3,목,0,0,0,0,0,18.0,17.0,9.0,8.0,6471,1139,322,820,5154,1317,3111,228,1225,1902,5,3360,2010,문화재청_궁능유적본부_4대궁_관람객_수_현황_2010년.csv
2010-03-26,2010,3,26,4,금,0,0,0,0,0,18.0,17.0,9.0,8.0,6626,2475,454,1428,4999,1627,2391,324,1472,2439,0,4235,2010,문화재청_궁능유적본부_4대궁_관람객_수_현황_2010년.csv
2010-03-27,2010,3,27,5,토,1,0,0,0,0,18.0,17.0,9.0,8.0,28852,3596,962,5824,8118,20734,14070,1974,4817,7927,64,14782,2010,문화재청_궁능유적본부_4대궁_관람객_수_현황_2010년.csv
2010-03-28,2010,3,28,6,일,1,0,0,0,0,18.0,17.0,9.0,8.0,12147,3959,1920,3866,9307,2840,7537,358,1777,2468,7,4610,2010,문화재청_궁능유적본부_4대궁_관람객_수_현황_2010년.csv
2010-03-29,2010,3,29,0,월,0,0,0,2,0,18.0,17.0,9.0,8.0,10516,0,846,0,8205,2311,4951,454,2339,2743,29,5565,2010,문화재청_궁능유적본부_4대궁_관람객_수_현황_2010년.csv
2010-03-30,2010,3,30,1,화,0,1,1,1,0,18.0,17.0,9.0,8.0,0,4000,0,3542,0,0,0,0,0,0,0,0,2010,문화재청_궁능유적본부_4대궁_관람객_수_현황_2010년.csv
2010-03-31,2010,3,31,2,수,0,0,0,0,0,18.0,17.0,9.0,8.0,8922,1752,174,868,7144,1778,5058,194,937,2698,35,3864,2010,문화재청_궁능유적본부_4대궁_관람객_수_현황_2010년.csv
2010-04-01,2010,4,1,3,목,0,0,0,0,0,18.0,17.0,9.0,8.0,10567,1085,480,1160,8760,1807,6587,216,820,2533,411,3980,2010,문화재청_궁능유적본부_4대궁_관람객_수_현황_2010년.csv
2010-04-02,2010,4,2,4,금,0,0,0,0,0,18.0,17.0,9.0,8.0,9526,2683,1172,2082,7543,1983,5765,321,697,2482,261,3761,2010,문화재청_궁능유적본부_4대궁_관람객_수_현황_2010년.csv
2010-04-03,2010,4,3,5,토,1,0,0,0,0,18.0,17.0,9.0,8.0,13227,3933,2031,4947,10297,2930,9133,345,953,2796,0,4094,2010,문화재청_궁능유적본부_4대궁_관람객_수_현황_2010년.csv
2010-04-04,2010,4,4,6,일,1,0,0,0,0,18.0,17.0,9.0,8.0,12763,4659,2753,4497,9868,2895,9556,291,887,2024,5,3207,2010,문화재청_궁능유적본부_4대궁_관람객_수_현황_2010년.csv
2010-04-05,2010,4,5,0,월,0,0,0,2,0,18.0,17.0,9.0,8.0,10985,0,1359,0,9129,1856,7619,176,793,2101,296,3366,2010,문화재청_궁능유적본부_4대궁_관람객_수_현황_2010년.csv
2010-04-06,2010,4,6,1,화,0,1,1,1,0,18.0,17.0,9.0,8.0,0,4808,0,4336,0,0,0,0,0,0,0,0,2010,문화재청_궁능유적본부_4대궁_관람객_수_현황_2010년.csv
2010-04-07,2010,4,7,2,수,0,0,0,0,0,18.0,17.0,9.0,8.0,12630,3262,1345,2333,10315,2315,9188,303,856,2261,22,3442,2010,문화재청_궁능유적본부_4대궁_관람객_수_현황_2010년.csv
2010-04-08,2010,4,8,3,목,0,0,0,0,0,18.0,17.0,9.0,8.0,16585,1207,1862,2697,14926,1659,12825,300,1090,2370,0,3760,2010,문화재청_궁능유적본부_4대궁_관람객_수_현황_2010년.csv
2010-04-09,2010,4,9,4,금,0,0,0,0,0,18.0,17.0,9.0,8.0,11883,2976,1727,2678,9787,2096,7558,405,930,2767,223,4325,2010,문화재청_궁능유적본부_4대궁_관람객_수_현황_2010년.csv
2010-04-10,2010,4,10,5,토,1,0,0,0,0,18.0,17.0,9.0,8.0,25835,4959,2020,5812,10551,15284,15319,780,2135,5538,2063,10516,2010,문화재청_궁능유적본부_4대궁_관람객_수_현황_2010년.csv
2010-04-11,2010,4,11,6,일,1,0,0,0,0,18.0,17.0,9.0,8.0,14480,5329,4034,4952,11310,3170,10422,375,820,2853,10,4058,2010,문화재청_궁능유적본부_4대궁_관람객_수_현황_2010년.csv
2010-04-12,2010,4,12,0,월,0,0,0,2,0,18.0,17.0,9.0,8.0,13062,0,1185,0,11019,2043,8766,204,1219,2859,14,4296,2010,문화재청_궁능유적본부_4대궁_관람객_수_현황_2010년.csv
2010-04-13,2010,4,13,1,화,0,1,1,1,0,18.0,17.0,9.0,8.0,0,5285,0,4231,0,0,0,0,0,0,0,0,2010,문화재청_궁능유적본부_4대궁_관람객_수_현황_2010년.csv
2010-04-14,2010,4,14,2,수,0,0,0,0,0,18.0,17.0,9.0,8.0,18091,2871,981,1964,13759,4332,12477,519,651,4365,79,5614,2010,문화재청_궁능유적본부_4대궁_관람객_수_현황_2010년.csv
2010-04-15,2010,4,15,3,목,0,0,0,0,0,18.0,17.0,9.0,8.0,19324,1716,1762,2181,16545,2779,14159,567,739,3852,7,5165,2010,문화재청_궁능유적본부_4대궁_관람객_수_현황_2010년.csv
2010-04-16,2010,4,16,4,금,0,0,0,0,0,18.0,17.0,9.0,8.0,18063,3537,1841,3565,15608,2455,12478,514,804,3712,555,5585,2010,문화재청_궁능유적본부_4대궁_관람객_수_현황_2010년.csv
2010-04-17,2010,4,17,5,토,1,0,0,0,0,18.0,17.0,9.0,8.0,15689,5225,4635,6642,12068,3621,10060,873,988,3725,43,5629,2010,문화재청_궁능유적본부_4대궁_관람객_수_현황_2010년.csv
2010-04-18,2010,4,18,6,일,1,0,0,0,0,18.0,17.0,9.0,8.0,13972,5088,4383,5603,10715,3257,9705,601,1274,2352,40,4267,2010,문화재청_궁능유적본부_4대궁_관람객_수_현황_2010년.csv
2010-04-19,2010,4,19,0,월,0,0,0,2,0,18.0,17.0,9.0,8.0,15506,0,1466,0,12940,2566,10306,443,1074,3589,94,5200,2010,문화재청_궁능유적본부_4대궁_관람객_수_현황_2010년.csv
2010-04-20,2010,4,20,1,화,0,1,1,1,0,18.0,17.0,9.0,8.0,0,6937,0,6638,0,0,0,0,0,0,0,0,2010,문화재청_궁능유적본부_4대궁_관람객_수_현황_2010년.csv
2010-04-21,2010,4,21,2,수,0,0,0,0,0,18.0,17.0,9.0,8.0,20846,2970,1657,2257,17296,3550,14731,350,1575,3956,234,6115,2010,문화재청_궁능유적본부_4대궁_관람객_수_현황_2010년.csv
2010-04-22,2010,4,22,3,목,0,0,0,0,0,18.0,17.0,9.0,8.0,20581,1743,1703,1794,18464,2117,16298,269,1166,2751,97,4283,2010,문화재청_궁능유적본부_4대궁_관람객_수_현황_2010년.csv
2010-04-23,2010,4,23,4,금,0,0,0,0,0,18.0,17.0,9.0,8.0,15816,3533,1891,2251,13318,2498,10807,382,1357,3244,26,5009,2010,문화재청_궁능유적본부_4대궁_관람객_수_현황_2010년.csv
2010-04-24,2010,4,24,5,토,1,0,0,0,0,18.0,17.0,9.0,8.0,36740,6282,4220,7802,11506,25234,32162,355,1212,3002,9,4578,2010,문화재청_궁능유적본부_4대궁_관람객_수_현황_2010년.csv
2010-04-25,2010,4,25,6,일,1,0,0,0,0,18.0,17.0,9.0,8.0,14923,5389,4986,5603,11788,3135,10053,427,1197,3243,3,4870,2010,문화재청_궁능유적본부_4대궁_관람객_수_현황_2010년.csv
2010-04-26,2010,4,26,0,월,0,0,0,2,0,18.0,17.0,9.0,8.0,11879,0,690,0,9751,2128,8036,297,1060,2486,0,3843,2010,문화재청_궁능유적본부_4대궁_관람객_수_현황_2010년.csv
2010-04-27,2010,4,27,1,화,0,1,1,1,0,18.0,17.0,9.0,8.0,0,4214,0,3518,0,0,0,0,0,0,0,0,2010,문화재청_궁능유적본부_4대궁_관람객_수_현황_2010년.csv
2010-04-28,2010,4,28,2,수,0,0,0,0,0,18.0,17.0,9.0,8.0,10687,1876,633,539,8308,2379,7589,137,633,2327,1,3098,2010,문화재청_궁능유적본부_4대궁_관람객_수_현황_2010년.csv
2010-04-29,2010,4,29,3,목,0,0,0,0,0,18.0,17.0,9.0,8.0,15716,1158,1028,2566,13672,2044,11103,278,807,2447,1081,4613,2010,문화재청_궁능유적본부_4대궁_관람객_수_현황_2010년.csv
2010-04-30,2010,4,30,4,금,0,0,0,0,0,18.0,17.0,9.0,8.0,11936,3476,1922,2449,9954,1982,8548,294,636,2393,65,3388,2010,문화재청_궁능유적본부_4대궁_관람객_수_현황_2010년.csv
2010-05-01,2010,5,1,5,토,1,0,0,0,0,18.0,17.0,9.0,8.0,16833,7119,4909,6671,13541,3292,11091,425,522,2789,2006,5742,2010,문화재청_궁능유적본부_4대궁_관람객_수_현황_2010년.csv
2010-05-02,2010,5,2,6,일,1,0,0,0,0,18.0,17.0,9.0,8.0,16477,8659,5496,5996,13083,3394,12716,427,973,2352,9,3761,2010,문화재청_궁능유적본부_4대궁_관람객_수_현황_2010년.csv
2010-05-03,2010,5,3,0,월,0,0,0,3,0,18.0,17.0,9.0,8.0,11399,0,0,0,9006,2393,7154,218,1367,2660,0,4245,2010,문화재청_궁능유적본부_4대궁_관람객_수_현황_2010년.csv
2010-05-04,2010,5,4,1,화,0,1,1,0,0,18.0,17.0,9.0,8.0,0,6639,2746,4207,0,0,0,0,0,0,0,0,2010,문화재청_궁능유적본부_4대궁_관람객_수_현황_2010년.csv
2010-05-05,2010,5,5,2,수,0,0,0,0,1,18.0,17.0,9.0,8.0,33055,9143,8377,11342,13757,19298,27890,577,1007,3546,35,5165,2010,문화재청_궁능유적본부_4대궁_관람객_수_현황_2010년.csv
2010-05-06,2010,5,6,3,목,0,0,0,0,0,18.0,17.0,9.0,8.0,7234,2096,1921,1674,5871,1363,5671,103,510,949,1,1563,2010,문화재청_궁능유적본부_4대궁_관람객_수_현황_2010년.csv
2010-05-07,2010,5,7,4,금,0,0,0,0,0,18.0,17.0,9.0,8.0,11733,4588,4815,3679,9750,1983,9150,274,922,1387,0,2583,2010,문화재청_궁능유적본부_4대궁_관람객_수_현황_2010년.csv
2010-05-08,2010,5,8,5,토,1,0,0,0,0,18.0,17.0,9.0,8.0,13849,5947,3800,6198,9109,4740,9093,455,1068,3048,185,4756,2010,문화재청_궁능유적본부_4대궁_관람객_수_현황_2010년.csv
2010-05-09,2010,5,9,6,일,1,0,0,0,0,18.0,17.0,9.0,8.0,10718,5216,4209,4771,8427,2291,7770,337,637,1967,7,2948,2010,문화재청_궁능유적본부_4대궁_관람객_수_현황_2010년.csv
2010-05-10,2010,5,10,0,월,0,0,0,3,0,18.0,17.0,9.0,8.0,11222,0,0,0,9564,1658,7679,276,1191,1859,217,3543,2010,문화재청_궁능유적본부_4대궁_관람객_수_현황_2010년.csv
2010-05-11,2010,5,11,1,화,0,1,1,0,0,18.0,17.0,9.0,8.0,0,5401,1701,3278,0,0,0,0,0,0,0,0,2010,문화재청_궁능유적본부_4대궁_관람객_수_현황_2010년.csv
2010-05-12,2010,5,12,2,수,0,0,0,0,0,18.0,17.0,9.0,8.0,16632,3238,2278,2689,14016,2616,13467,183,682,2298,2,3165,2010,문화재청_궁능유적본부_4대궁_관람객_수_현황_2010년.csv
2010-05-13,2010,5,13,3,목,0,0,0,0,0,18.0,17.0,9.0,8.0,16391,4406,2962,2587,14180,2211,12588,282,1098,2315,108,3803,2010,문화재청_궁능유적본부_4대궁_관람객_수_현황_2010년.csv
2010-05-14,2010,5,14,4,금,0,0,0,0,0,18.0,17.0,9.0,8.0,10540,5137,3120,4353,8900,1640,7518,326,769,1854,73,3022,2010,문화재청_궁능유적본부_4대궁_관람객_수_현황_2010년.csv
2010-05-15,2010,5,15,5,토,1,0,0,0,0,18.0,17.0,9.0,8.0,13697,6181,3761,5955,11031,2666,9439,513,1014,2731,0,4258,2010,문화재청_궁능유적본부_4대궁_관람객_수_현황_2010년.csv
2010-05-16,2010,5,16,6,일,1,0,0,0,0,18.0,17.0,9.0,8.0,13795,6363,3892,5034,11222,2573,9782,463,900,2647,3,4013,2010,문화재청_궁능유적본부_4대궁_관람객_수_현황_2010년.csv
2010-05-17,2010,5,17,0,월,0,0,0,3,0,18.0,17.0,9.0,8.0,12880,0,0,0,11039,1841,8945,299,1313,2323,0,3935,2010,문화재청_궁능유적본부_4대궁_관람객_수_현황_2010년.csv
2010-05-18,2010,5,18,1,화,0,1,1,0,0,18.0,17.0,9.0,8.0,0,5277,424,2327,0,0,0,0,0,0,0,0,2010,문화재청_궁능유적본부_4대궁_관람객_수_현황_2010년.csv
2010-05-19,2010,5,19,2,수,0,0,0,0,0,18.0,17.0,9.0,8.0,14521,3453,1493,2201,12278,2243,10824,275,652,2526,244,3697,2010,문화재청_궁능유적본부_4대궁_관람객_수_현황_2010년.csv
2010-05-20,2010,5,20,3,목,0,0,0,0,0,18.0,17.0,9.0,8.0,10201,3597,3564,2482,8892,1309,7666,199,686,1648,2,2535,2010,문화재청_궁능유적본부_4대궁_관람객_수_현황_2010년.csv
2010-05-21,2010,5,21,4,금,0,0,0,0,1,18.0,17.0,9.0,8.0,22467,10276,5459,8151,18563,3904,17936,422,1043,3030,36,4531,2010,문화재청_궁능유적본부_4대궁_관람객_수_현황_2010년.csv
2010-05-22,2010,5,22,5,토,1,0,0,0,0,18.0,17.0,9.0,8.0,22664,8105,3248,7469,12317,10347,17836,350,1520,2939,19,4828,2010,문화재청_궁능유적본부_4대궁_관람객_수_현황_2010년.csv
2010-05-23,2010,5,23,6,일,1,0,0,0,0,18.0,17.0,9.0,8.0,8036,3336,1255,2625,6170,1866,5312,274,514,1912,24,2724,2010,문화재청_궁능유적본부_4대궁_관람객_수_현황_2010년.csv
2010-05-24,2010,5,24,0,월,0,0,0,3,0,18.0,17.0,9.0,8.0,7361,0,0,0,6419,942,5214,198,726,1222,1,2147,2010,문화재청_궁능유적본부_4대궁_관람객_수_현황_2010년.csv
2010-05-25,2010,5,25,1,화,0,1,1,0,0,18.0,17.0,9.0,8.0,0,4724,1198,2623,0,0,0,0,0,0,0,0,2010,문화재청_궁능유적본부_4대궁_관람객_수_현황_2010년.csv
2010-05-26,2010,5,26,2,수,0,0,0,0,0,18.0,17.0,9.0,8.0,14247,3688,1590,3286,11723,2524,10246,265,851,2594,291,4001,2010,문화재청_궁능유적본부_4대궁_관람객_수_현황_2010년.csv
2010-05-27,2010,5,27,3,목,0,0,0,0,0,18.0,17.0,9.0,8.0,13118,3972,2340,3753,11392,1726,9840,186,436,2443,213,3278,2010,문화재청_궁능유적본부_4대궁_관람객_수_현황_2010년.csv
2010-05-28,2010,5,28,4,금,0,0,0,0,0,18.0,17.0,9.0,8.0,9656,4160,1769,2706,8174,1482,5904,204,753,2646,149,3752,2010,문화재청_궁능유적본부_4대궁_관람객_수_현황_2010년.csv
2010-05-29,2010,5,29,5,토,1,0,0,0,0,18.0,17.0,9.0,8.0,14043,5743,3493,5939,11414,2629,9794,330,971,2943,5,4249,2010,문화재청_궁능유적본부_4대궁_관람객_수_현황_2010년.csv
2010-05-30,2010,5,30,6,일,1,0,0,0,0,18.0,17.0,9.0,8.0,17035,11610,8912,4328,9908,7127,13838,380,777,1991,49,3197,2010,문화재청_궁능유적본부_4대궁_관람객_수_현황_2010년.csv
2010-05-31,2010,5,31,0,월,0,0,0,3,0,18.0,17.0,9.0,8.0,6914,0,0,0,5751,1163,4148,154,1078,1534,0,2766,2010,문화재청_궁능유적본부_4대궁_관람객_수_현황_2010년.csv
2010-06-01,2010,6,1,1,화,0,1,1,0,0,18.5,17.5,9.5,8.5,0,4468,1661,3553,0,0,0,0,0,0,0,0,2010,문화재청_궁능유적본부_4대궁_관람객_수_현황_2010년.csv
2010-06-02,2010,6,2,2,수,0,0,0,0,0,18.5,17.5,9.5,8.5,15072,6716,4462,5891,11901,3171,10287,289,1316,3143,37,4785,2010,문화재청_궁능유적본부_4대궁_관람객_수_현황_2010년.csv
2010-06-03,2010,6,3,3,목,0,0,0,0,0,18.5,17.5,9.5,8.5,8208,2818,1766,2288,6400,1808,4071,187,1052,2886,12,4137,2010,문화재청_궁능유적본부_4대궁_관람객_수_현황_2010년.csv
2010-06-04,2010,6,4,4,금,0,0,0,0,0,18.5,17.5,9.5,8.5,9610,3607,1321,2259,8216,1394,6350,167,585,2495,13,3260,2010,문화재청_궁능유적본부_4대궁_관람객_수_현황_2010년.csv
2010-06-05,2010,6,5,5,토,1,0,0,0,0,18.5,17.5,9.5,8.5,11089,5391,2488,5024,8721,2368,7301,416,963,2400,9,3788,2010,문화재청_궁능유적본부_4대궁_관람객_수_현황_2010년.csv
2010-06-06,2010,6,6,6,일,1,0,0,0,1,18.5,17.5,9.5,8.5,9572,5522,2501,3976,7895,1677,7042,351,714,1462,3,2530,2010,문화재청_궁능유적본부_4대궁_관람객_수_현황_2010년.csv
2010-06-07,2010,6,7,0,월,0,0,0,3,0,18.5,17.5,9.5,8.5,8760,0,0,0,7378,1382,5693,220,1049,1796,2,3067,2010,문화재청_궁능유적본부_4대궁_관람객_수_현황_2010년.csv
2010-06-08,2010,6,8,1,화,0,1,1,0,0,18.5,17.5,9.5,8.5,0,4202,1306,2673,0,0,0,0,0,0,0,0,2010,문화재청_궁능유적본부_4대궁_관람객_수_현황_2010년.csv
2010-06-09,2010,6,9,2,수,0,0,0,0,0,18.5,17.5,9.5,8.5,9597,2316,970,1689,7764,1833,6801,199,738,1851,8,2796,2010,문화재청_궁능유적본부_4대궁_관람객_수_현황_2010년.csv
2010-06-10,2010,6,10,3,목,0,0,0,0,0,18.5,17.5,9.5,8.5,11138,2910,942,1950,9463,1675,7578,246,1058,2252,4,3560,2010,문화재청_궁능유적본부_4대궁_관람객_수_현황_2010년.csv
2010-06-11,2010,6,11,4,금,0,0,0,0,0,18.5,17.5,9.5,8.5,7374,3446,1031,2553,6026,1348,3966,292,1101,2003,12,3408,2010,문화재청_궁능유적본부_4대궁_관람객_수_현황_2010년.csv
2010-06-12,2010,6,12,5,토,1,0,0,0,0,18.5,17.5,9.5,8.5,9144,2585,387,2345,5312,3832,4762,339,1483,2538,22,4382,2010,문화재청_궁능유적본부_4대궁_관람객_수_현황_2010년.csv
2010-06-13,2010,6,13,6,일,1,0,0,0,0,18.5,17.5,9.5,8.5,12095,5339,2094,3569,9484,2611,7942,315,1176,2657,5,4153,2010,문화재청_궁능유적본부_4대궁_관람객_수_현황_2010년.csv
2010-06-14,2010,6,14,0,월,0,0,0,3,0,18.5,17.5,9.5,8.5,7758,0,0,0,6455,1303,4250,247,1342,1917,2,3508,2010,문화재청_궁능유적본부_4대궁_관람객_수_현황_2010년.csv
2010-06-15,2010,6,15,1,화,0,1,1,0,0,18.5,17.5,9.5,8.5,0,4146,1002,3875,0,0,0,0,0,0,0,0,2010,문화재청_궁능유적본부_4대궁_관람객_수_현황_2010년.csv
2010-06-16,2010,6,16,2,수,0,0,0,0,0,18.5,17.5,9.5,8.5,8986,2561,1102,1832,6771,2215,4806,236,963,2977,4,4180,2010,문화재청_궁능유적본부_4대궁_관람객_수_현황_2010년.csv
2010-06-17,2010,6,17,3,목,0,0,0,0,0,18.5,17.5,9.5,8.5,6895,2553,1136,1727,5544,1351,3443,253,991,2202,6,3452,2010,문화재청_궁능유적본부_4대궁_관람객_수_현황_2010년.csv
2010-06-18,2010,6,18,4,금,0,0,0,0,0,18.5,17.5,9.5,8.5,8402,3287,1174,1497,6404,1998,4252,427,1352,2345,26,4150,2010,문화재청_궁능유적본부_4대궁_관람객_수_현황_2010년.csv
2010-06-19,2010,6,19,5,토,1,0,0,0,0,18.5,17.5,9.5,8.5,10085,4231,1968,4386,8110,1975,5510,550,1209,2804,12,4575,2010,문화재청_궁능유적본부_4대궁_관람객_수_현황_2010년.csv
2010-06-20,2010,6,20,6,일,1,0,0,0,0,18.5,17.5,9.5,8.5,9968,4745,2177,3478,7891,2077,6070,264,1153,2471,10,3898,2010,문화재청_궁능유적본부_4대궁_관람객_수_현황_2010년.csv
2010-06-21,2010,6,21,0,월,0,0,0,3,0,18.5,17.5,9.5,8.5,6616,0,0,0,5252,1364,3057,246,1260,1990,63,3559,2010,문화재청_궁능유적본부_4대궁_관람객_수_현황_2010년.csv
2010-06-22,2010,6,22,1,화,0,1,1,0,0,18.5,17.5,9.5,8.5,0,4615,1244,2838,0,0,0,0,0,0,0,0,2010,문화재청_궁능유적본부_4대궁_관람객_수_현황_2010년.csv
2010-06-23,2010,6,23,2,수,0,0,0,0,0,18.5,17.5,9.5,8.5,7425,1428,1023,1643,5553,1872,4572,231,517,2060,45,2853,2010,문화재청_궁능유적본부_4대궁_관람객_수_현황_2010년.csv
2010-06-24,2010,6,24,3,목,0,0,0,0,0,18.5,17.5,9.5,8.5,6819,3072,1057,2005,5258,1561,3998,347,393,1998,83,2821,2010,문화재청_궁능유적본부_4대궁_관람객_수_현황_2010년.csv
2010-06-25,2010,6,25,4,금,0,0,0,0,0,18.5,17.5,9.5,8.5,7615,3696,1063,1920,5841,1774,4874,374,659,1708,0,2741,2010,문화재청_궁능유적본부_4대궁_관람객_수_현황_2010년.csv
2010-06-26,2010,6,26,5,토,1,0,0,0,0,18.5,17.5,9.5,8.5,13853,4503,1255,4669,7300,6553,10642,328,905,1965,13,3211,2010,문화재청_궁능유적본부_4대궁_관람객_수_현황_2010년.csv
2010-06-27,2010,6,27,6,일,1,0,0,0,0,18.5,17.5,9.5,8.5,7103,4088,1509,2188,5596,1507,4902,197,455,1549,0,2201,2010,문화재청_궁능유적본부_4대궁_관람객_수_현황_2010년.csv
2010-06-28,2010,6,28,0,월,0,0,0,3,0,18.5,17.5,9.5,8.5,6964,0,0,0,5654,1310,4245,257,828,1634,0,2719,2010,문화재청_궁능유적본부_4대궁_관람객_수_현황_2010년.csv
2010-06-29,2010,6,29,1,화,0,1,1,0,0,18.5,17.5,9.5,8.5,0,3785,1397,3005,0,0,0,0,0,0,0,0,2010,문화재청_궁능유적본부_4대궁_관람객_수_현황_2010년.csv
2010-06-30,2010,6,30,2,수,0,0,0,0,0,18.5,17.5,9.5,8.5,6600,1871,822,1593,4759,1841,4019,161,792,1538,90,2581,2010,문화재청_궁능유적본부_4대궁_관람객_수_현황_2010년.csv
2010-07-01,2010,7,1,3,목,0,0,0,0,0,18.5,17.5,9.5,8.5,6572,2103,826,1504,5251,1321,2912,212,816,1551,1081,3660,2010,문화재청_궁능유적본부_4대궁_관람객_수_현황_2010년.csv
2010-07-02,2010,7,2,4,금,0,0,0,0,0,18.5,17.5,9.5,8.5,4019,1546,434,801,3146,873,1726,209,502,1582,0,2293,2010,문화재청_궁능유적본부_4대궁_관람객_수_현황_2010년.csv
2010-07-03,2010,7,3,5,토,1,0,0,0,0,18.5,17.5,9.5,8.5,8293,3274,1408,3147,6769,1524,4511,578,1124,2078,2,3782,2010,문화재청_궁능유적본부_4대궁_관람객_수_현황_2010년.csv
2010-07-04,2010,7,4,6,일,1,0,0,0,0,18.5,17.5,9.5,8.5,8621,3902,1859,3866,7060,1561,5339,492,1116,1671,3,3282,2010,문화재청_궁능유적본부_4대궁_관람객_수_현황_2010년.csv
2010-07-05,2010,7,5,0,월,0,0,0,3,0,18.5,17.5,9.5,8.5,6039,0,0,0,4895,1144,2671,443,1234,1689,2,3368,2010,문화재청_궁능유적본부_4대궁_관람객_수_현황_2010년.csv
2010-07-06,2010,7,6,1,화,0,1,1,0,0,18.5,17.5,9.5,8.5,0,4072,1005,2519,0,0,0,0,0,0,0,0,2010,문화재청_궁능유적본부_4대궁_관람객_수_현황_2010년.csv
2010-07-07,2010,7,7,2,수,0,0,0,0,0,18.5,17.5,9.5,8.5,7421,1864,868,1511,5385,2036,3973,144,760,2522,22,3448,2010,문화재청_궁능유적본부_4대궁_관람객_수_현황_2010년.csv
2010-07-08,2010,7,8,3,목,0,0,0,0,0,18.5,17.5,9.5,8.5,6852,2312,860,1500,5315,1537,3302,299,1019,2232,0,3550,2010,문화재청_궁능유적본부_4대궁_관람객_수_현황_2010년.csv
2010-07-09,2010,7,9,4,금,0,0,0,0,0,18.5,17.5,9.5,8.5,6226,2487,1367,1593,4941,1285,2206,305,1096,1674,945,4020,2010,문화재청_궁능유적본부_4대궁_관람객_수_현황_2010년.csv
2010-07-10,2010,7,10,5,토,1,0,0,0,0,18.5,17.5,9.5,8.5,26020,4746,1856,4787,8428,17592,20170,757,1457,3624,12,5850,2010,문화재청_궁능유적본부_4대궁_관람객_수_현황_2010년.csv
2010-07-11,2010,7,11,6,일,1,0,0,0,0,18.5,17.5,9.5,8.5,8831,4045,1864,2368,7327,1504,5861,303,526,2133,8,2970,2010,문화재청_궁능유적본부_4대궁_관람객_수_현황_2010년.csv
2010-07-12,2010,7,12,0,월,0,0,0,3,0,18.5,17.5,9.5,8.5,6546,0,0,0,5384,1162,3200,259,1188,1897,2,3346,2010,문화재청_궁능유적본부_4대궁_관람객_수_현황_2010년.csv
2010-07-13,2010,7,13,1,화,0,1,1,0,0,18.5,17.5,9.5,8.5,0,3620,1153,2405,0,0,0,0,0,0,0,0,2010,문화재청_궁능유적본부_4대궁_관람객_수_현황_2010년.csv
2010-07-14,2010,7,14,2,수,0,0,0,0,0,18.5,17.5,9.5,8.5,8037,1778,812,1801,6104,1933,4889,331,765,2051,1,3148,2010,문화재청_궁능유적본부_4대궁_관람객_수_현황_2010년.csv
2010-07-15,2010,7,15,3,목,0,0,0,0,0,18.5,17.5,9.5,8.5,7940,2352,1010,1876,6382,1558,4722,252,590,2363,13,3218,2010,문화재청_궁능유적본부_4대궁_관람객_수_현황_2010년.csv
2010-07-16,2010,7,16,4,금,0,0,0,0,0,18.5,17.5,9.5,8.5,6123,1904,488,886,5060,1063,3828,204,470,1566,55,2295,2010,문화재청_궁능유적본부_4대궁_관람객_수_현황_2010년.csv
2010-07-17,2010,7,17,5,토,1,0,0,0,0,18.5,17.5,9.5,8.5,5450,1503,506,1012,4564,886,3078,160,433,1724,55,2372,2010,문화재청_궁능유적본부_4대궁_관람객_수_현황_2010년.csv
2010-07-18,2010,7,18,6,일,1,0,0,0,0,18.5,17.5,9.5,8.5,12046,4549,1986,3095,9851,2195,8618,492,992,1942,2,3428,2010,문화재청_궁능유적본부_4대궁_관람객_수_현황_2010년.csv
2010-07-19,2010,7,19,0,월,0,0,0,3,0,18.5,17.5,9.5,8.5,7794,0,0,0,6606,1188,4334,258,575,2627,0,3460,2010,문화재청_궁능유적본부_4대궁_관람객_수_현황_2010년.csv
2010-07-20,2010,7,20,1,화,0,1,1,0,0,18.5,17.5,9.5,8.5,0,3244,1140,2689,0,0,0,0,0,0,0,0,2010,문화재청_궁능유적본부_4대궁_관람객_수_현황_2010년.csv
2010-07-21,2010,7,21,2,수,0,0,0,0,0,18.5,17.5,9.5,8.5,7522,2440,919,1945,5991,1531,3845,264,730,2666,17,3677,2010,문화재청_궁능유적본부_4대궁_관람객_수_현황_2010년.csv
2010-07-22,2010,7,22,3,목,0,0,0,0,0,18.5,17.5,9.5,8.5,8689,2522,956,1741,7276,1413,5116,216,703,2528,126,3573,2010,문화재청_궁능유적본부_4대궁_관람객_수_현황_2010년.csv
2010-07-23,2010,7,23,4,금,0,0,0,0,0,18.5,17.5,9.5,8.5,7333,2092,1406,1351,6070,1263,3362,204,969,2756,42,3971,2010,문화재청_궁능유적본부_4대궁_관람객_수_현황_2010년.csv
2010-07-24,2010,7,24,5,토,1,0,0,0,0,18.5,17.5,9.5,8.5,13466,4583,2297,3792,10996,2470,8634,375,630,3701,126,4832,2010,문화재청_궁능유적본부_4대궁_관람객_수_현황_2010년.csv
2010-07-25,2010,7,25,6,일,1,0,0,0,0,18.5,17.5,9.5,8.5,11598,4984,2018,3100,9730,1868,7151,355,942,3097,53,4447,2010,문화재청_궁능유적본부_4대궁_관람객_수_현황_2010년.csv
2010-07-26,2010,7,26,0,월,0,0,0,3,0,18.5,17.5,9.5,8.5,11052,0,0,0,9475,1577,5090,816,1186,3953,7,5962,2010,문화재청_궁능유적본부_4대궁_관람객_수_현황_2010년.csv
2010-07-27,2010,7,27,1,화,0,1,1,0,0,18.5,17.5,9.5,8.5,0,4630,1624,3716,0,0,0,0,0,0,0,0,2010,문화재청_궁능유적본부_4대궁_관람객_수_현황_2010년.csv
2010-07-28,2010,7,28,2,수,0,0,0,0,0,18.5,17.5,9.5,8.5,10003,3105,1635,2536,7724,2279,6065,355,862,2684,37,3938,2010,문화재청_궁능유적본부_4대궁_관람객_수_현황_2010년.csv
2010-07-29,2010,7,29,3,목,0,0,0,0,0,18.5,17.5,9.5,8.5,9449,3046,1495,3550,8027,1422,6221,200,630,2383,15,3228,2010,문화재청_궁능유적본부_4대궁_관람객_수_현황_2010년.csv
2010-07-30,2010,7,30,4,금,0,0,0,0,0,18.5,17.5,9.5,8.5,9520,3623,1454,3415,8044,1476,7201,235,473,1603,8,2319,2010,문화재청_궁능유적본부_4대궁_관람객_수_현황_2010년.csv
2010-07-31,2010,7,31,5,토,1,0,0,0,0,18.5,17.5,9.5,8.5,16475,5805,2733,5538,13609,2866,12118,416,627,3313,1,4357,2010,문화재청_궁능유적본부_4대궁_관람객_수_현황_2010년.csv
2010-08-01,2010,8,1,6,일,1,0,0,0,0,18.5,17.5,9.5,8.5,13909,5822,2598,4773,11838,2071,10715,306,702,2178,8,3194,2010,문화재청_궁능유적본부_4대궁_관람객_수_현황_2010년.csv
2010-08-02,2010,8,2,0,월,0,0,0,3,0,18.5,17.5,9.5,8.5,14033,0,0,0,12040,1993,10103,438,689,2794,9,3930,2010,문화재청_궁능유적본부_4대궁_관람객_수_현황_2010년.csv
2010-08-03,2010,8,3,1,화,0,1,1,0,0,18.5,17.5,9.5,8.5,0,7104,2920,6327,0,0,0,0,0,0,0,0,2010,문화재청_궁능유적본부_4대궁_관람객_수_현황_2010년.csv
2010-08-04,2010,8,4,2,수,0,0,0,0,0,18.5,17.5,9.5,8.5,11843,3795,1514,3489,9776,2067,8981,374,799,1689,0,2862,2010,문화재청_궁능유적본부_4대궁_관람객_수_현황_2010년.csv
2010-08-05,2010,8,5,3,목,0,0,0,0,0,18.5,17.5,9.5,8.5,9833,3766,1238,2835,8244,1589,6886,426,563,1940,18,2947,2010,문화재청_궁능유적본부_4대궁_관람객_수_현황_2010년.csv
2010-08-06,2010,8,6,4,금,0,0,0,0,0,18.5,17.5,9.5,8.5,8497,4011,1229,2553,7092,1405,5636,390,645,1798,28,2861,2010,문화재청_궁능유적본부_4대궁_관람객_수_현황_2010년.csv
2010-08-07,2010,8,7,5,토,1,0,0,0,0,18.5,17.5,9.5,8.5,11466,3467,1334,3761,9688,1778,8680,459,674,1651,2,2786,2010,문화재청_궁능유적본부_4대궁_관람객_수_현황_2010년.csv
2010-08-08,2010,8,8,6,일,1,0,0,0,0,18.5,17.5,9.5,8.5,12401,4809,1925,4510,10497,1904,9142,567,891,1757,44,3259,2010,문화재청_궁능유적본부_4대궁_관람객_수_현황_2010년.csv
2010-08-09,2010,8,9,0,월,0,0,0,3,0,18.5,17.5,9.5,8.5,9525,0,0,0,8244,1281,6231,364,905,1976,49,3294,2010,문화재청_궁능유적본부_4대궁_관람객_수_현황_2010년.csv
2010-08-10,2010,8,10,1,화,0,1,1,0,0,18.5,17.5,9.5,8.5,0,4151,1267,3419,0,0,0,0,0,0,0,0,2010,문화재청_궁능유적본부_4대궁_관람객_수_현황_2010년.csv
2010-08-11,2010,8,11,2,수,0,0,0,0,0,18.5,17.5,9.5,8.5,12837,3305,1190,2975,10257,2580,7053,191,880,4703,10,5784,2010,문화재청_궁능유적본부_4대궁_관람객_수_현황_2010년.csv
2010-08-12,2010,8,12,3,목,0,0,0,0,0,18.5,17.5,9.5,8.5,11027,3558,1368,3311,9330,1697,6461,161,926,3479,0,4566,2010,문화재청_궁능유적본부_4대궁_관람객_수_현황_2010년.csv
2010-08-13,2010,8,13,4,금,0,0,0,0,0,18.5,17.5,9.5,8.5,9788,3013,1396,2869,8207,1581,5327,173,543,3656,89,4461,2010,문화재청_궁능유적본부_4대궁_관람객_수_현황_2010년.csv
2010-08-14,2010,8,14,5,토,1,0,0,0,0,18.5,17.5,9.5,8.5,12448,4025,1780,5056,10623,1825,6904,370,969,4016,189,5544,2010,문화재청_궁능유적본부_4대궁_관람객_수_현황_2010년.csv
2010-08-15,2010,8,15,6,일,1,0,0,0,1,18.5,17.5,9.5,8.5,154000,4668,2177,6382,0,154000,154000,0,0,0,0,0,2010,문화재청_궁능유적본부_4대궁_관람객_수_현황_2010년.csv
2010-08-16,2010,8,16,0,월,0,0,0,3,0,18.5,17.5,9.5,8.5,18315,0,0,0,14341,3974,12553,200,909,4653,0,5762,2010,문화재청_궁능유적본부_4대궁_관람객_수_현황_2010년.csv
2010-08-17,2010,8,17,1,화,0,1,1,0,0,18.5,17.5,9.5,8.5,0,5603,1995,5659,0,0,0,0,0,0,0,0,2010,문화재청_궁능유적본부_4대궁_관람객_수_현황_2010년.csv
2010-08-18,2010,8,18,2,수,0,0,0,0,0,18.5,17.5,9.5,8.5,16709,3703,1422,3292,13092,3617,11156,353,823,4333,44,5553,2010,문화재청_궁능유적본부_4대궁_관람객_수_현황_2010년.csv
2010-08-19,2010,8,19,3,목,0,0,0,0,0,18.5,17.5,9.5,8.5,13606,3668,1110,3155,10738,2868,9461,301,509,3291,44,4145,2010,문화재청_궁능유적본부_4대궁_관람객_수_현황_2010년.csv
2010-08-20,2010,8,20,4,금,0,0,0,0,0,18.5,17.5,9.5,8.5,12394,3386,1095,2761,10453,1941,8382,298,502,3168,44,4012,2010,문화재청_궁능유적본부_4대궁_관람객_수_현황_2010년.csv
2010-08-21,2010,8,21,5,토,1,0,0,0,0,18.5,17.5,9.5,8.5,20426,4366,1501,6562,16000,4426,15223,403,582,4211,7,5203,2010,문화재청_궁능유적본부_4대궁_관람객_수_현황_2010년.csv
2010-08-22,2010,8,22,6,일,1,0,0,0,0,18.5,17.5,9.5,8.5,15850,4310,1558,3886,13767,2083,12446,212,388,2802,2,3404,2010,문화재청_궁능유적본부_4대궁_관람객_수_현황_2010년.csv
2010-08-23,2010,8,23,0,월,0,0,0,3,0,18.5,17.5,9.5,8.5,9608,0,0,0,8187,1421,6015,359,800,2415,19,3593,2010,문화재청_궁능유적본부_4대궁_관람객_수_현황_2010년.csv
2010-08-24,2010,8,24,1,화,0,1,1,0,0,18.5,17.5,9.5,8.5,0,4185,1039,3761,0,0,0,0,0,0,0,0,2010,문화재청_궁능유적본부_4대궁_관람객_수_현황_2010년.csv
2010-08-25,2010,8,25,2,수,0,0,0,0,0,18.5,17.5,9.5,8.5,8733,1889,563,1436,7083,1650,5567,152,842,2156,16,3166,2010,문화재청_궁능유적본부_4대궁_관람객_수_현황_2010년.csv
2010-08-26,2010,8,26,3,목,0,0,0,0,0,18.5,17.5,9.5,8.5,11268,3197,891,1969,9245,2023,7883,429,758,2196,2,3385,2010,문화재청_궁능유적본부_4대궁_관람객_수_현황_2010년.csv
2010-08-27,2010,8,27,4,금,0,0,0,0,0,18.5,17.5,9.5,8.5,8883,2724,736,1754,7430,1453,6269,284,675,1651,4,2614,2010,문화재청_궁능유적본부_4대궁_관람객_수_현황_2010년.csv
2010-08-28,2010,8,28,5,토,1,0,0,0,0,18.5,17.5,9.5,8.5,14099,3777,1528,3792,9405,4694,10018,443,1252,2386,0,4081,2010,문화재청_궁능유적본부_4대궁_관람객_수_현황_2010년.csv
2010-08-29,2010,8,29,6,일,1,0,0,0,0,18.5,17.5,9.5,8.5,7038,1962,653,1581,5562,1476,5662,157,393,826,0,1376,2010,문화재청_궁능유적본부_4대궁_관람객_수_현황_2010년.csv
2010-08-30,2010,8,30,0,월,0,0,0,3,0,18.5,17.5,9.5,8.5,8561,0,0,0,7293,1268,6862,161,505,1016,17,1699,2010,문화재청_궁능유적본부_4대궁_관람객_수_현황_2010년.csv
2010-08-31,2010,8,31,1,화,0,1,1,0,0,18.5,17.5,9.5,8.5,0,3889,910,2618,0,0,0,0,0,0,0,0,2010,문화재청_궁능유적본부_4대궁_관람객_수_현황_2010년.csv
2010-09-01,2010,9,1,2,수,0,0,0,0,0,18.0,17.0,9.0,8.0,7959,2025,924,1613,6183,1776,5420,135,723,1676,5,2539,2010,문화재청_궁능유적본부_4대궁_관람객_수_현황_2010년.csv
2010-09-02,2010,9,2,3,목,0,0,0,0,0,18.0,17.0,9.0,8.0,5360,1458,359,1400,4346,1014,3848,106,564,833,9,1512,2010,문화재청_궁능유적본부_4대궁_관람객_수_현황_2010년.csv
2010-09-03,2010,9,3,4,금,0,0,0,0,0,18.0,17.0,9.0,8.0,6446,1819,717,1746,5053,1393,4901,140,498,808,99,1545,2010,문화재청_궁능유적본부_4대궁_관람객_수_현황_2010년.csv
2010-09-04,2010,9,4,5,토,1,0,0,0,0,18.0,17.0,9.0,8.0,11243,3999,1441,4131,9834,1409,9268,335,531,1108,1,1975,2010,문화재청_궁능유적본부_4대궁_관람객_수_현황_2010년.csv
2010-09-05,2010,9,5,6,일,1,0,0,0,0,18.0,17.0,9.0,8.0,7764,2567,1013,2310,6772,992,6347,129,461,801,26,1417,2010,문화재청_궁능유적본부_4대궁_관람객_수_현황_2010년.csv
2010-09-06,2010,9,6,0,월,0,0,0,3,0,18.0,17.0,9.0,8.0,8008,0,0,0,6425,1583,5467,176,804,1550,11,2541,2010,문화재청_궁능유적본부_4대궁_관람객_수_현황_2010년.csv
2010-09-07,2010,9,7,1,화,0,1,1,0,0,18.0,17.0,9.0,8.0,0,3891,894,2567,0,0,0,0,0,0,0,0,2010,문화재청_궁능유적본부_4대궁_관람객_수_현황_2010년.csv
2010-09-08,2010,9,8,2,수,0,0,0,0,0,18.0,17.0,9.0,8.0,10562,2883,1074,2143,8277,2285,7979,242,777,1472,92,2583,2010,문화재청_궁능유적본부_4대궁_관람객_수_현황_2010년.csv
2010-09-09,2010,9,9,3,목,0,0,0,0,0,18.0,17.0,9.0,8.0,8830,2193,729,1564,7080,1750,7070,175,513,984,88,1760,2010,문화재청_궁능유적본부_4대궁_관람객_수_현황_2010년.csv
2010-09-10,2010,9,10,4,금,0,0,0,0,0,18.0,17.0,9.0,8.0,8058,1794,470,1329,6524,1534,4304,137,556,1858,1203,3754,2010,문화재청_궁능유적본부_4대궁_관람객_수_현황_2010년.csv
2010-09-11,2010,9,11,5,토,1,0,0,0,0,18.0,17.0,9.0,8.0,20284,3422,995,4895,9792,10492,16622,406,494,2643,119,3662,2010,문화재청_궁능유적본부_4대궁_관람객_수_현황_2010년.csv
2010-09-12,2010,9,12,6,일,1,0,0,0,0,18.0,17.0,9.0,8.0,12773,5033,1635,4924,11025,1748,10538,105,420,1620,90,2235,2010,문화재청_궁능유적본부_4대궁_관람객_수_현황_2010년.csv
2010-09-13,2010,9,13,0,월,0,0,0,3,0,18.0,17.0,9.0,8.0,9785,0,0,0,8139,1646,7337,192,695,1436,125,2448,2010,문화재청_궁능유적본부_4대궁_관람객_수_현황_2010년.csv
2010-09-14,2010,9,14,1,화,0,1,1,0,0,18.0,17.0,9.0,8.0,0,5070,1184,3612,0,0,0,0,0,0,0,0,2010,문화재청_궁능유적본부_4대궁_관람객_수_현황_2010년.csv
2010-09-15,2010,9,15,2,수,0,0,0,0,0,18.0,17.0,9.0,8.0,11107,2578,967,2557,8557,2550,7687,244,1477,1444,255,3420,2010,문화재청_궁능유적본부_4대궁_관람객_수_현황_2010년.csv
2010-09-16,2010,9,16,3,목,0,0,0,0,0,18.0,17.0,9.0,8.0,9953,2789,1033,2270,6875,3078,7346,196,759,1652,0,2607,2010,문화재청_궁능유적본부_4대궁_관람객_수_현황_2010년.csv
2010-09-17,2010,9,17,4,금,0,0,0,0,0,18.0,17.0,9.0,8.0,8711,2101,1439,2016,6832,1879,5990,190,529,1657,345,2721,2010,문화재청_궁능유적본부_4대궁_관람객_수_현황_2010년.csv
2010-09-18,2010,9,18,5,토,1,0,0,0,0,18.0,17.0,9.0,8.0,11792,4176,1936,4397,9752,2040,8509,375,751,1684,473,3283,2010,문화재청_궁능유적본부_4대궁_관람객_수_현황_2010년.csv
2010-09-19,2010,9,19,6,일,1,0,0,0,0,18.0,17.0,9.0,8.0,7096,2579,983,1782,5817,1279,5174,141,633,937,211,1922,2010,문화재청_궁능유적본부_4대궁_관람객_수_현황_2010년.csv
2010-09-20,2010,9,20,0,월,0,0,0,3,0,18.0,17.0,9.0,8.0,10006,0,0,0,8531,1475,6924,536,807,1667,72,3082,2010,문화재청_궁능유적본부_4대궁_관람객_수_현황_2010년.csv
2010-09-21,2010,9,21,1,화,0,1,0,0,1,18.0,17.0,9.0,8.0,1888,1658,208,1242,1567,321,1393,57,150,280,8,495,2010,문화재청_궁능유적본부_4대궁_관람객_수_현황_2010년.csv
2010-09-22,2010,9,22,2,수,0,0,0,0,1,18.0,17.0,9.0,8.0,84226,10896,3064,18496,0,84226,74004,0,0,0,10222,10222,2010,문화재청_궁능유적본부_4대궁_관람객_수_현황_2010년.csv
2010-09-23,2010,9,23,3,목,0,0,0,0,1,18.0,17.0,9.0,8.0,44482,11700,7348,10106,25235,19247,37308,999,2510,3662,3,7174,2010,문화재청_궁능유적본부_4대궁_관람객_수_현황_2010년.csv
2010-09-24,2010,9,24,4,금,0,0,0,0,0,18.0,17.0,9.0,8.0,16046,5919,3031,5798,13596,2450,14485,189,572,792,8,1561,2010,문화재청_궁능유적본부_4대궁_관람객_수_현황_2010년.csv
2010-09-25,2010,9,25,5,토,1,0,0,0,0,18.0,17.0,9.0,8.0,44913,6445,3307,11389,13274,31639,38708,844,2086,3254,21,6205,2010,문화재청_궁능유적본부_4대궁_관람객_수_현황_2010년.csv
2010-09-26,2010,9,26,6,일,1,0,0,0,0,18.0,17.0,9.0,8.0,14212,5239,3196,5948,11832,2380,12332,310,488,1082,0,1880,2010,문화재청_궁능유적본부_4대궁_관람객_수_현황_2010년.csv
2010-09-27,2010,9,27,0,월,0,0,0,3,0,18.0,17.0,9.0,8.0,7118,0,0,0,6035,1083,5130,222,931,834,1,1988,2010,문화재청_궁능유적본부_4대궁_관람객_수_현황_2010년.csv
2010-09-28,2010,9,28,1,화,0,1,1,0,0,18.0,17.0,9.0,8.0,0,6247,1487,5098,0,0,0,0,0,0,0,0,2010,문화재청_궁능유적본부_4대궁_관람객_수_현황_2010년.csv
2010-09-29,2010,9,29,2,수,0,0,0,0,0,18.0,17.0,9.0,8.0,11936,4149,1234,2464,9313,2623,8525,267,967,1984,193,3411,2010,문화재청_궁능유적본부_4대궁_관람객_수_현황_2010년.csv
2010-09-30,2010,9,30,3,목,0,0,0,0,0,18.0,17.0,9.0,8.0,15615,3878,1293,2421,12621,2994,11909,344,933,2142,287,3706,2010,문화재청_궁능유적본부_4대궁_관람객_수_현황_2010년.csv
2010-10-01,2010,10,1,4,금,0,0,0,0,0,18.0,17.0,9.0,8.0,13716,5555,1295,2993,11201,2515,9607,350,923,2631,205,4109,2010,문화재청_궁능유적본부_4대궁_관람객_수_현황_2010년.csv
2010-10-02,2010,10,2,5,토,1,0,0,0,0,18.0,17.0,9.0,8.0,15242,6021,1229,3664,13082,2160,10334,465,735,3676,32,4908,2010,문화재청_궁능유적본부_4대궁_관람객_수_현황_2010년.csv
2010-10-03,2010,10,3,6,일,1,0,0,0,1,18.0,17.0,9.0,8.0,17394,5393,2614,4529,14544,2850,13287,351,703,3016,37,4107,2010,문화재청_궁능유적본부_4대궁_관람객_수_현황_2010년.csv
2010-10-04,2010,10,4,0,월,0,0,0,3,0,18.0,17.0,9.0,8.0,15727,0,0,0,13388,2339,11168,263,740,3549,7,4559,2010,문화재청_궁능유적본부_4대궁_관람객_수_현황_2010년.csv
2010-10-05,2010,10,5,1,화,0,1,1,0,0,18.0,17.0,9.0,8.0,0,8596,2213,4586,0,0,0,0,0,0,0,0,2010,문화재청_궁능유적본부_4대궁_관람객_수_현황_2010년.csv
2010-10-06,2010,10,6,2,수,0,0,0,0,0,18.0,17.0,9.0,8.0,16868,4929,1436,3185,14710,2158,12958,302,740,2768,100,3910,2010,문화재청_궁능유적본부_4대궁_관람객_수_현황_2010년.csv
2010-10-07,2010,10,7,3,목,0,0,0,0,0,18.0,17.0,9.0,8.0,17492,3783,1625,3579,14955,2537,14293,415,713,2071,0,3199,2010,문화재청_궁능유적본부_4대궁_관람객_수_현황_2010년.csv
2010-10-08,2010,10,8,4,금,0,0,0,0,0,18.0,17.0,9.0,8.0,13972,4923,3541,7730,11790,2182,11174,318,576,1734,170,2798,2010,문화재청_궁능유적본부_4대궁_관람객_수_현황_2010년.csv
2010-10-09,2010,10,9,5,토,1,0,0,0,0,18.0,17.0,9.0,8.0,22985,8897,3486,16579,14452,8533,17832,1061,1126,2913,53,5153,2010,문화재청_궁능유적본부_4대궁_관람객_수_현황_2010년.csv
2010-10-10,2010,10,10,6,일,1,0,0,0,0,18.0,17.0,9.0,8.0,19471,8153,4330,20747,15932,3539,16725,361,726,1620,39,2746,2010,문화재청_궁능유적본부_4대궁_관람객_수_현황_2010년.csv
2010-10-11,2010,10,11,0,월,0,0,0,3,0,18.0,17.0,9.0,8.0,12147,0,0,0,9387,2760,8745,563,880,1934,25,3402,2010,문화재청_궁능유적본부_4대궁_관람객_수_현황_2010년.csv
2010-10-12,2010,10,12,1,화,0,1,1,0,0,18.0,17.0,9.0,8.0,0,7352,1873,3072,0,0,0,0,0,0,0,0,2010,문화재청_궁능유적본부_4대궁_관람객_수_현황_2010년.csv
2010-10-13,2010,10,13,2,수,0,0,0,0,0,18.0,17.0,9.0,8.0,12677,3875,1339,2360,10247,2430,9020,368,1461,1778,50,3657,2010,문화재청_궁능유적본부_4대궁_관람객_수_현황_2010년.csv
2010-10-14,2010,10,14,3,목,0,0,0,0,0,18.0,17.0,9.0,8.0,16965,4986,2879,2727,14801,2164,12939,270,1260,2473,23,4026,2010,문화재청_궁능유적본부_4대궁_관람객_수_현황_2010년.csv
2010-10-15,2010,10,15,4,금,0,0,0,0,0,18.0,17.0,9.0,8.0,17198,5202,2954,2892,13959,3239,12418,382,1979,2381,38,4780,2010,문화재청_궁능유적본부_4대궁_관람객_수_현황_2010년.csv
2010-10-16,2010,10,16,5,토,1,0,0,0,0,18.0,17.0,9.0,8.0,22611,7278,4671,5822,17956,4655,16697,495,1735,3591,93,5914,2010,문화재청_궁능유적본부_4대궁_관람객_수_현황_2010년.csv
2010-10-17,2010,10,17,6,일,1,0,0,0,0,18.0,17.0,9.0,8.0,19790,8012,4323,5120,15976,3814,15887,462,1201,2220,20,3903,2010,문화재청_궁능유적본부_4대궁_관람객_수_현황_2010년.csv
2010-10-18,2010,10,18,0,월,0,0,0,3,0,18.0,17.0,9.0,8.0,12886,0,0,0,10863,2023,8601,246,1768,2258,13,4285,2010,문화재청_궁능유적본부_4대궁_관람객_수_현황_2010년.csv
2010-10-19,2010,10,19,1,화,0,1,1,0,0,18.0,17.0,9.0,8.0,0,7275,1909,4251,0,0,0,0,0,0,0,0,2010,문화재청_궁능유적본부_4대궁_관람객_수_현황_2010년.csv
2010-10-20,2010,10,20,2,수,0,0,0,0,0,18.0,17.0,9.0,8.0,16627,5866,1933,2751,13542,3085,12227,278,1088,2993,41,4400,2010,문화재청_궁능유적본부_4대궁_관람객_수_현황_2010년.csv
2010-10-21,2010,10,21,3,목,0,0,0,0,0,18.0,17.0,9.0,8.0,19242,5904,3453,3867,16289,2953,16356,218,762,1906,0,2886,2010,문화재청_궁능유적본부_4대궁_관람객_수_현황_2010년.csv
2010-10-22,2010,10,22,4,금,0,0,0,0,0,18.0,17.0,9.0,8.0,19136,6469,3914,4350,15686,3450,15410,232,1142,2256,96,3726,2010,문화재청_궁능유적본부_4대궁_관람객_수_현황_2010년.csv
2010-10-23,2010,10,23,5,토,1,0,0,0,0,18.0,17.0,9.0,8.0,43452,10520,5060,9924,17835,25617,37986,356,1369,3663,78,5466,2010,문화재청_궁능유적본부_4대궁_관람객_수_현황_2010년.csv
2010-10-24,2010,10,24,6,일,1,0,0,0,0,18.0,17.0,9.0,8.0,23473,9897,6072,6588,19066,4407,19653,260,908,2612,40,3820,2010,문화재청_궁능유적본부_4대궁_관람객_수_현황_2010년.csv
2010-10-25,2010,10,25,0,월,0,0,0,3,0,18.0,17.0,9.0,8.0,14291,0,0,0,11868,2423,10345,456,996,2481,13,3946,2010,문화재청_궁능유적본부_4대궁_관람객_수_현황_2010년.csv
2010-10-26,2010,10,26,1,화,0,1,1,0,0,18.0,17.0,9.0,8.0,0,8445,1716,4029,0,0,0,0,0,0,0,0,2010,문화재청_궁능유적본부_4대궁_관람객_수_현황_2010년.csv
2010-10-27,2010,10,27,2,수,0,0,0,0,0,18.0,17.0,9.0,8.0,15287,5126,1355,2829,12362,2925,12021,377,857,1994,38,3266,2010,문화재청_궁능유적본부_4대궁_관람객_수_현황_2010년.csv
2010-10-28,2010,10,28,3,목,0,0,0,0,0,18.0,17.0,9.0,8.0,15048,6655,2482,3220,12596,2452,12501,202,597,1660,88,2547,2010,문화재청_궁능유적본부_4대궁_관람객_수_현황_2010년.csv
2010-10-29,2010,10,29,4,금,0,0,0,0,0,18.0,17.0,9.0,8.0,14910,6865,2666,4198,11996,2914,10989,366,1016,2537,2,3921,2010,문화재청_궁능유적본부_4대궁_관람객_수_현황_2010년.csv
2010-10-30,2010,10,30,5,토,1,0,0,0,0,18.0,17.0,9.0,8.0,22875,10306,5371,9821,18695,4180,18624,470,968,2733,80,4251,2010,문화재청_궁능유적본부_4대궁_관람객_수_현황_2010년.csv
2010-10-31,2010,10,31,6,일,1,0,0,0,0,18.0,17.0,9.0,8.0,22039,11027,8152,9688,18219,3820,18956,369,786,1892,36,3083,2010,문화재청_궁능유적본부_4대궁_관람객_수_현황_2010년.csv
2010-11-01,2010,11,1,0,월,0,0,0,3,0,17.0,16.0,8.0,7.0,11244,0,0,0,9339,1905,7984,270,1175,1815,0,3260,2010,문화재청_궁능유적본부_4대궁_관람객_수_현황_2010년.csv
2010-11-02,2010,11,2,1,화,0,1,1,0,0,17.0,16.0,8.0,7.0,0,6495,1811,4023,0,0,0,0,0,0,0,0,2010,문화재청_궁능유적본부_4대궁_관람객_수_현황_2010년.csv
2010-11-03,2010,11,3,2,수,0,0,0,0,0,17.0,16.0,8.0,7.0,10002,5313,2392,3479,8394,1608,5263,236,1011,2241,1251,4739,2010,문화재청_궁능유적본부_4대궁_관람객_수_현황_2010년.csv
2010-11-04,2010,11,4,3,목,0,0,0,0,0,17.0,16.0,8.0,7.0,11644,7161,2304,4949,7580,4064,7805,494,1103,2047,195,3839,2010,문화재청_궁능유적본부_4대궁_관람객_수_현황_2010년.csv
2010-11-05,2010,11,5,4,금,0,0,0,0,0,17.0,16.0,8.0,7.0,9772,6576,2146,4810,8001,1771,6484,324,985,1951,28,3288,2010,문화재청_궁능유적본부_4대궁_관람객_수_현황_2010년.csv
2010-11-06,2010,11,6,5,토,1,0,0,0,0,17.0,16.0,8.0,7.0,16947,10114,4903,10424,13819,3128,12980,494,837,2531,105,3967,2010,문화재청_궁능유적본부_4대궁_관람객_수_현황_2010년.csv
2010-11-07,2010,11,7,6,일,1,0,0,0,0,17.0,16.0,8.0,7.0,16088,11014,6118,9563,13997,2091,13375,172,789,1745,7,2713,2010,문화재청_궁능유적본부_4대궁_관람객_수_현황_2010년.csv
2010-11-08,2010,11,8,0,월,0,0,0,3,0,17.0,16.0,8.0,7.0,8540,0,0,0,7197,1343,5301,184,878,2102,75,3239,2010,문화재청_궁능유적본부_4대궁_관람객_수_현황_2010년.csv
2010-11-09,2010,11,9,1,화,0,1,0,0,0,17.0,16.0,8.0,7.0,3069,5086,1382,4847,2524,545,2519,144,208,182,16,550,2010,문화재청_궁능유적본부_4대궁_관람객_수_현황_2010년.csv
2010-11-10,2010,11,10,2,수,0,0,0,0,0,17.0,16.0,8.0,7.0,19974,3447,2180,4697,16779,3195,17359,264,503,1692,156,2615,2010,문화재청_궁능유적본부_4대궁_관람객_수_현황_2010년.csv
2010-11-11,2010,11,11,3,목,0,0,0,2,0,17.0,16.0,8.0,7.0,18077,0,0,4656,13433,4644,15590,386,699,1254,148,2487,2010,문화재청_궁능유적본부_4대궁_관람객_수_현황_2010년.csv
2010-11-12,2010,11,12,4,금,0,0,0,2,0,17.0,16.0,8.0,7.0,58408,0,0,6321,26292,32116,54702,322,656,1668,1060,3706,2010,문화재청_궁능유적본부_4대궁_관람객_수_현황_2010년.csv
2010-11-13,2010,11,13,5,토,1,0,0,0,0,17.0,16.0,8.0,7.0,20478,10167,5271,13038,14094,6384,17345,295,683,2142,13,3133,2010,문화재청_궁능유적본부_4대궁_관람객_수_현황_2010년.csv
2010-11-14,2010,11,14,6,일,1,0,0,0,0,17.0,16.0,8.0,7.0,15918,7828,5351,9140,13178,2740,13689,353,489,1387,0,2229,2010,문화재청_궁능유적본부_4대궁_관람객_수_현황_2010년.csv
2010-11-15,2010,11,15,0,월,0,0,0,3,0,17.0,16.0,8.0,7.0,8245,0,0,0,7253,992,6255,331,455,1154,50,1990,2010,문화재청_궁능유적본부_4대궁_관람객_수_현황_2010년.csv
2010-11-16,2010,11,16,1,화,0,1,1,0,0,17.0,16.0,8.0,7.0,0,5772,1687,4029,0,0,0,0,0,0,0,0,2010,문화재청_궁능유적본부_4대궁_관람객_수_현황_2010년.csv
2010-11-17,2010,11,17,2,수,0,0,0,0,0,17.0,16.0,8.0,7.0,9562,3695,1728,3484,7730,1832,6717,239,1098,1508,0,2845,2010,문화재청_궁능유적본부_4대궁_관람객_수_현황_2010년.csv
2010-11-18,2010,11,18,3,목,0,0,0,0,0,17.0,16.0,8.0,7.0,10208,4564,1869,4475,8236,1972,6426,230,1286,2237,29,3782,2010,문화재청_궁능유적본부_4대궁_관람객_수_현황_2010년.csv
2010-11-19,2010,11,19,4,금,0,0,0,0,0,17.0,16.0,8.0,7.0,9307,4078,1422,3907,7564,1743,5642,247,1188,2224,6,3665,2010,문화재청_궁능유적본부_4대궁_관람객_수_현황_2010년.csv
2010-11-20,2010,11,20,5,토,1,0,0,0,0,17.0,16.0,8.0,7.0,17064,6607,3141,8720,12528,4536,12418,591,1622,2409,24,4646,2010,문화재청_궁능유적본부_4대궁_관람객_수_현황_2010년.csv
2010-11-21,2010,11,21,6,일,1,0,0,0,0,17.0,16.0,8.0,7.0,15487,7096,4331,8546,13018,2469,11847,326,983,2263,68,3640,2010,문화재청_궁능유적본부_4대궁_관람객_수_현황_2010년.csv
2010-11-22,2010,11,22,0,월,0,0,0,3,0,17.0,16.0,8.0,7.0,9338,0,0,0,7845,1493,6196,225,1357,1509,51,3142,2010,문화재청_궁능유적본부_4대궁_관람객_수_현황_2010년.csv
2010-11-23,2010,11,23,1,화,0,1,1,0,0,17.0,16.0,8.0,7.0,0,4126,1389,4238,0,0,0,0,0,0,0,0,2010,문화재청_궁능유적본부_4대궁_관람객_수_현황_2010년.csv
2010-11-24,2010,11,24,2,수,0,0,0,0,0,17.0,16.0,8.0,7.0,10196,3544,1058,3414,8446,1750,6491,130,695,2841,39,3705,2010,문화재청_궁능유적본부_4대궁_관람객_수_현황_2010년.csv
2010-11-25,2010,11,25,3,목,0,0,0,0,0,17.0,16.0,8.0,7.0,9979,3419,1186,3176,7784,2195,7368,153,412,1986,60,2611,2010,문화재청_궁능유적본부_4대궁_관람객_수_현황_2010년.csv
2010-11-26,2010,11,26,4,금,0,0,0,0,0,17.0,16.0,8.0,7.0,8787,2675,796,2740,7291,1496,5948,219,390,2230,0,2839,2010,문화재청_궁능유적본부_4대궁_관람객_수_현황_2010년.csv
2010-11-27,2010,11,27,5,토,1,0,0,0,0,17.0,16.0,8.0,7.0,15515,3607,1021,6622,7409,8106,12677,179,882,1718,59,2838,2010,문화재청_궁능유적본부_4대궁_관람객_수_현황_2010년.csv
2010-11-28,2010,11,28,6,일,1,0,0,0,0,17.0,16.0,8.0,7.0,10140,3269,1066,4361,8342,1798,7106,244,628,2101,61,3034,2010,문화재청_궁능유적본부_4대궁_관람객_수_현황_2010년.csv
2010-11-29,2010,11,29,0,월,0,0,0,3,0,17.0,16.0,8.0,7.0,7968,0,0,0,6683,1285,4539,182,1043,2194,10,3429,2010,문화재청_궁능유적본부_4대궁_관람객_수_현황_2010년.csv
2010-11-30,2010,11,30,1,화,0,1,1,0,0,17.0,16.0,8.0,7.0,0,4212,1219,3907,0,0,0,0,0,0,0,0,2010,문화재청_궁능유적본부_4대궁_관람객_수_현황_2010년.csv
2010-12-01,2010,12,1,2,수,0,0,0,0,0,17.0,16.0,8.0,7.0,9381,2061,870,2515,8138,1243,6483,172,486,2178,62,2898,2010,문화재청_궁능유적본부_4대궁_관람객_수_현황_2010년.csv
2010-12-02,2010,12,2,3,목,0,0,0,0,0,17.0,16.0,8.0,7.0,7726,2217,780,2793,6348,1378,5546,123,510,1537,10,2180,2010,문화재청_궁능유적본부_4대궁_관람객_수_현황_2010년.csv
2010-12-03,2010,12,3,4,금,0,0,0,0,0,17.0,16.0,8.0,7.0,6921,2295,436,1805,5707,1214,4906,88,572,1355,0,2015,2010,문화재청_궁능유적본부_4대궁_관람객_수_현황_2010년.csv
2010-12-04,2010,12,4,5,토,1,0,0,0,0,17.0,16.0,8.0,7.0,8559,2914,864,4385,6977,1582,5243,336,790,2179,11,3316,2010,문화재청_궁능유적본부_4대궁_관람객_수_현황_2010년.csv
2010-12-05,2010,12,5,6,일,1,0,0,0,0,17.0,16.0,8.0,7.0,10424,3251,1203,4710,8776,1648,6645,295,830,2634,20,3779,2010,문화재청_궁능유적본부_4대궁_관람객_수_현황_2010년.csv
2010-12-06,2010,12,6,0,월,0,0,0,3,0,17.0,16.0,8.0,7.0,8491,0,0,0,7399,1092,5700,235,783,1755,18,2791,2010,문화재청_궁능유적본부_4대궁_관람객_수_현황_2010년.csv
2010-12-07,2010,12,7,1,화,0,1,1,0,0,17.0,16.0,8.0,7.0,0,4132,1646,2709,0,0,0,0,0,0,0,0,2010,문화재청_궁능유적본부_4대궁_관람객_수_현황_2010년.csv
2010-12-08,2010,12,8,2,수,0,0,0,0,0,17.0,16.0,8.0,7.0,6775,2443,505,1705,5531,1244,5357,143,453,822,0,1418,2010,문화재청_궁능유적본부_4대궁_관람객_수_현황_2010년.csv
2010-12-09,2010,12,9,3,목,0,0,0,0,0,17.0,16.0,8.0,7.0,6519,1935,573,1811,5225,1294,4436,185,447,1424,27,2083,2010,문화재청_궁능유적본부_4대궁_관람객_수_현황_2010년.csv
2010-12-10,2010,12,10,4,금,0,0,0,0,0,17.0,16.0,8.0,7.0,7509,1585,616,1585,6446,1063,5280,199,276,1744,10,2229,2010,문화재청_궁능유적본부_4대궁_관람객_수_현황_2010년.csv
2010-12-11,2010,12,11,5,토,1,0,0,0,0,17.0,16.0,8.0,7.0,14394,2935,969,4509,7013,7381,9220,842,1111,3168,53,5174,2010,문화재청_궁능유적본부_4대궁_관람객_수_현황_2010년.csv
2010-12-12,2010,12,12,6,일,1,0,0,0,0,17.0,16.0,8.0,7.0,8800,2964,957,3149,7203,1597,6678,264,401,1415,42,2122,2010,문화재청_궁능유적본부_4대궁_관람객_수_현황_2010년.csv
2010-12-13,2010,12,13,0,월,0,0,0,3,0,17.0,16.0,8.0,7.0,6031,0,0,0,5040,991,4095,200,464,1272,0,1936,2010,문화재청_궁능유적본부_4대궁_관람객_수_현황_2010년.csv
2010-12-14,2010,12,14,1,화,0,1,1,0,0,17.0,16.0,8.0,7.0,0,2224,576,1707,0,0,0,0,0,0,0,0,2010,문화재청_궁능유적본부_4대궁_관람객_수_현황_2010년.csv
2010-12-15,2010,12,15,2,수,0,0,0,0,0,17.0,16.0,8.0,7.0,5389,1083,265,1098,4465,924,3457,150,513,1220,49,1932,2010,문화재청_궁능유적본부_4대궁_관람객_수_현황_2010년.csv
2010-12-16,2010,12,16,3,목,0,0,0,0,0,17.0,16.0,8.0,7.0,4794,1348,487,1568,4113,681,2887,86,340,1480,1,1907,2010,문화재청_궁능유적본부_4대궁_관람객_수_현황_2010년.csv
2010-12-17,2010,12,17,4,금,0,0,0,0,0,17.0,16.0,8.0,7.0,6559,1678,905,2395,5655,904,5275,130,267,887,0,1284,2010,문화재청_궁능유적본부_4대궁_관람객_수_현황_2010년.csv
2010-12-18,2010,12,18,5,토,1,0,0,0,0,17.0,16.0,8.0,7.0,8528,2216,943,3237,7362,1166,6577,198,449,1277,27,1951,2010,문화재청_궁능유적본부_4대궁_관람객_수_현황_2010년.csv
2010-12-19,2010,12,19,6,일,1,0,0,0,0,17.0,16.0,8.0,7.0,9837,2781,1171,4052,8007,1830,7860,216,487,1268,6,1977,2010,문화재청_궁능유적본부_4대궁_관람객_수_현황_2010년.csv
2010-12-20,2010,12,20,0,월,0,0,0,3,0,17.0,16.0,8.0,7.0,6133,0,0,0,5239,894,4771,197,551,605,9,1362,2010,문화재청_궁능유적본부_4대궁_관람객_수_현황_2010년.csv
2010-12-21,2010,12,21,1,화,0,1,1,0,0,17.0,16.0,8.0,7.0,0,2636,1681,3662,0,0,0,0,0,0,0,0,2010,문화재청_궁능유적본부_4대궁_관람객_수_현황_2010년.csv
2010-12-22,2010,12,22,2,수,0,0,0,0,0,17.0,16.0,8.0,7.0,7210,1603,1114,2792,6266,944,5311,121,351,1310,117,1899,2010,문화재청_궁능유적본부_4대궁_관람객_수_현황_2010년.csv
2010-12-23,2010,12,23,3,목,0,0,0,0,0,17.0,16.0,8.0,7.0,6603,1579,629,2774,5795,808,4119,169,756,1554,5,2484,2010,문화재청_궁능유적본부_4대궁_관람객_수_현황_2010년.csv
2010-12-24,2010,12,24,4,금,0,0,0,0,0,17.0,16.0,8.0,7.0,4564,1255,296,1516,3930,634,2960,71,346,1183,4,1604,2010,문화재청_궁능유적본부_4대궁_관람객_수_현황_2010년.csv
2010-12-25,2010,12,25,5,토,1,0,0,0,1,17.0,16.0,8.0,7.0,7249,1461,381,3315,5270,1979,4864,148,380,1838,19,2385,2010,문화재청_궁능유적본부_4대궁_관람객_수_현황_2010년.csv
2010-12-26,2010,12,26,6,일,1,0,0,0,0,17.0,16.0,8.0,7.0,6300,1831,494,2545,5283,1017,4554,165,466,1108,7,1746,2010,문화재청_궁능유적본부_4대궁_관람객_수_현황_2010년.csv
2010-12-27,2010,12,27,0,월,0,0,0,3,0,17.0,16.0,8.0,7.0,6997,0,0,0,5756,1241,4132,221,617,1129,898,2865,2010,문화재청_궁능유적본부_4대궁_관람객_수_현황_2010년.csv
2010-12-28,2010,12,28,1,화,0,1,1,0,0,17.0,16.0,8.0,7.0,0,3447,1445,4293,0,0,0,0,0,0,0,0,2010,문화재청_궁능유적본부_4대궁_관람객_수_현황_2010년.csv
2010-12-29,2010,12,29,2,수,0,0,0,0,0,17.0,16.0,8.0,7.0,7908,2209,743,3003,6855,1053,5195,179,356,2178,0,2713,2010,문화재청_궁능유적본부_4대궁_관람객_수_현황_2010년.csv
2010-12-30,2010,12,30,3,목,0,0,0,0,0,17.0,16.0,8.0,7.0,6647,2018,721,3240,5713,934,3926,201,610,1909,1,2721,2010,문화재청_궁능유적본부_4대궁_관람객_수_현황_2010년.csv
2010-12-31,2010,12,31,4,금,0,0,0,0,0,17.0,16.0,8.0,7.0,6288,1722,560,2700,5125,1163,3700,197,409,1982,0,2588,2010,문화재청_궁능유적본부_4대궁_관람객_수_현황_2010년.csv
2011-01-01,2011,1,1,5,토,1,0,0,0,1,17.0,16.0,8.0,7.0,12473,3599,1354,4297,10512,1961,9205,264,566,2409,29,3268,2011,문화재청_궁능유적본부_4대궁_관람객_수_현황_2011년.csv
2011-01-02,2011,1,2,6,일,1,0,0,0,0,17.0,16.0,8.0,7.0,8307,2623,1049,4249,7221,1086,6045,135,374,1747,6,2262,2011,문화재청_궁능유적본부_4대궁_관람객_수_현황_2011년.csv
2011-01-03,2011,1,3,0,월,0,0,0,3,0,17.0,16.0,8.0,7.0,5653,0,0,0,4774,879,3769,158,482,1232,12,1884,2011,문화재청_궁능유적본부_4대궁_관람객_수_현황_2011년.csv
2011-01-04,2011,1,4,1,화,0,1,1,0,0,17.0,16.0,8.0,7.0,0,3261,909,3628,0,0,0,0,0,0,0,0,2011,문화재청_궁능유적본부_4대궁_관람객_수_현황_2011년.csv
2011-01-05,2011,1,5,2,수,0,0,0,0,0,17.0,16.0,8.0,7.0,4887,1723,611,2765,4004,883,2774,172,475,723,743,2113,2011,문화재청_궁능유적본부_4대궁_관람객_수_현황_2011년.csv
2011-01-06,2011,1,6,3,목,0,0,0,0,0,17.0,16.0,8.0,7.0,4075,1626,445,2288,3187,888,3116,172,261,526,0,959,2011,문화재청_궁능유적본부_4대궁_관람객_수_현황_2011년.csv
2011-01-07,2011,1,7,4,금,0,0,0,0,0,17.0,16.0,8.0,7.0,3865,1054,751,2245,3143,722,2928,175,255,507,0,937,2011,문화재청_궁능유적본부_4대궁_관람객_수_현황_2011년.csv
2011-01-08,2011,1,8,5,토,1,0,0,0,0,17.0,16.0,8.0,7.0,6993,2130,910,5923,5965,1028,5719,198,247,806,23,1274,2011,문화재청_궁능유적본부_4대궁_관람객_수_현황_2011년.csv
2011-01-09,2011,1,9,6,일,1,0,0,0,0,17.0,16.0,8.0,7.0,5885,1793,982,4759,4979,906,4747,192,330,596,20,1138,2011,문화재청_궁능유적본부_4대궁_관람객_수_현황_2011년.csv
2011-01-10,2011,1,10,0,월,0,0,0,3,0,17.0,16.0,8.0,7.0,3325,0,0,0,2864,461,2486,66,234,539,0,839,2011,문화재청_궁능유적본부_4대궁_관람객_수_현황_2011년.csv
2011-01-11,2011,1,11,1,화,0,1,1,0,0,17.0,16.0,8.0,7.0,0,1552,708,3265,0,0,0,0,0,0,0,0,2011,문화재청_궁능유적본부_4대궁_관람객_수_현황_2011년.csv
2011-01-12,2011,1,12,2,수,0,0,0,0,0,17.0,16.0,8.0,7.0,3769,1033,524,2263,3186,583,2863,90,264,527,25,906,2011,문화재청_궁능유적본부_4대궁_관람객_수_현황_2011년.csv
2011-01-13,2011,1,13,3,목,0,0,0,0,0,17.0,16.0,8.0,7.0,4216,1405,608,3042,3383,833,3205,88,294,595,34,1011,2011,문화재청_궁능유적본부_4대궁_관람객_수_현황_2011년.csv
2011-01-14,2011,1,14,4,금,0,0,0,0,0,17.0,16.0,8.0,7.0,3720,1285,663,3043,3013,707,2926,82,205,507,0,794,2011,문화재청_궁능유적본부_4대궁_관람객_수_현황_2011년.csv
2011-01-15,2011,1,15,5,토,1,0,0,0,0,17.0,16.0,8.0,7.0,5403,1496,662,4594,4381,1022,4039,134,381,825,24,1364,2011,문화재청_궁능유적본부_4대궁_관람객_수_현황_2011년.csv
2011-01-16,2011,1,16,6,일,1,0,0,0,0,17.0,16.0,8.0,7.0,3481,1065,289,2729,3040,441,2643,79,260,463,36,838,2011,문화재청_궁능유적본부_4대궁_관람객_수_현황_2011년.csv
2011-01-17,2011,1,17,0,월,0,0,0,3,0,17.0,16.0,8.0,7.0,4230,0,0,0,3522,708,2674,135,463,958,0,1556,2011,문화재청_궁능유적본부_4대궁_관람객_수_현황_2011년.csv
2011-01-18,2011,1,18,1,화,0,1,1,0,0,17.0,16.0,8.0,7.0,0,1912,519,2731,0,0,0,0,0,0,0,0,2011,문화재청_궁능유적본부_4대궁_관람객_수_현황_2011년.csv
2011-01-19,2011,1,19,2,수,0,0,0,0,0,17.0,16.0,8.0,7.0,5212,1105,600,2511,4191,1021,3903,71,229,1009,0,1309,2011,문화재청_궁능유적본부_4대궁_관람객_수_현황_2011년.csv
2011-01-20,2011,1,20,3,목,0,0,0,0,0,17.0,16.0,8.0,7.0,4241,1024,519,2476,3548,693,2983,81,226,949,2,1258,2011,문화재청_궁능유적본부_4대궁_관람객_수_현황_2011년.csv
2011-01-21,2011,1,21,4,금,0,0,0,0,0,17.0,16.0,8.0,7.0,3920,1357,534,3157,3362,558,3023,45,303,547,2,897,2011,문화재청_궁능유적본부_4대궁_관람객_수_현황_2011년.csv
2011-01-22,2011,1,22,5,토,1,0,0,0,0,17.0,16.0,8.0,7.0,9083,2456,1096,7341,7669,1414,7573,105,350,1047,8,1510,2011,문화재청_궁능유적본부_4대궁_관람객_수_현황_2011년.csv
2011-01-23,2011,1,23,6,일,1,0,0,0,0,17.0,16.0,8.0,7.0,6971,1871,765,4947,5806,1165,5173,220,383,1161,34,1798,2011,문화재청_궁능유적본부_4대궁_관람객_수_현황_2011년.csv
2011-01-24,2011,1,24,0,월,0,0,0,3,0,17.0,16.0,8.0,7.0,5917,0,0,0,4885,1032,4141,134,371,1269,2,1776,2011,문화재청_궁능유적본부_4대궁_관람객_수_현황_2011년.csv
2011-01-25,2011,1,25,1,화,0,1,1,0,0,17.0,16.0,8.0,7.0,0,2142,715,3502,0,0,0,0,0,0,0,0,2011,문화재청_궁능유적본부_4대궁_관람객_수_현황_2011년.csv
2011-01-26,2011,1,26,2,수,0,0,0,0,0,17.0,16.0,8.0,7.0,4295,1067,419,2919,3706,589,2420,92,840,943,0,1875,2011,문화재청_궁능유적본부_4대궁_관람객_수_현황_2011년.csv
2011-01-27,2011,1,27,3,목,0,0,0,0,0,17.0,16.0,8.0,7.0,3838,1273,443,2621,3288,550,2171,90,441,1079,57,1667,2011,문화재청_궁능유적본부_4대궁_관람객_수_현황_2011년.csv
2011-01-28,2011,1,28,4,금,0,0,0,0,0,17.0,16.0,8.0,7.0,3585,1141,491,2658,3091,494,1908,112,415,1132,18,1677,2011,문화재청_궁능유적본부_4대궁_관람객_수_현황_2011년.csv
2011-01-29,2011,1,29,5,토,1,0,0,0,0,17.0,16.0,8.0,7.0,5700,1478,519,4963,4643,1057,3583,147,405,1555,10,2117,2011,문화재청_궁능유적본부_4대궁_관람객_수_현황_2011년.csv
2011-01-30,2011,1,30,6,일,1,0,0,0,0,17.0,16.0,8.0,7.0,4556,1206,559,3219,3893,663,2807,134,423,1181,11,1749,2011,문화재청_궁능유적본부_4대궁_관람객_수_현황_2011년.csv
2011-01-31,2011,1,31,0,월,0,0,0,3,0,17.0,16.0,8.0,7.0,3583,0,0,0,3017,566,2135,126,442,880,0,1448,2011,문화재청_궁능유적본부_4대궁_관람객_수_현황_2011년.csv
2011-02-01,2011,2,1,1,화,0,1,1,0,0,17.0,16.0,8.0,7.0,0,1339,538,3042,0,0,0,0,0,0,0,0,2011,문화재청_궁능유적본부_4대궁_관람객_수_현황_2011년.csv
2011-02-02,2011,2,2,2,수,0,0,0,0,1,17.0,16.0,8.0,7.0,9460,1932,999,4813,6319,3141,7762,185,199,1309,5,1698,2011,문화재청_궁능유적본부_4대궁_관람객_수_현황_2011년.csv
2011-02-03,2011,2,3,3,목,0,0,0,0,1,17.0,16.0,8.0,7.0,39211,9677,5410,10236,0,39211,39211,0,0,0,0,0,2011,문화재청_궁능유적본부_4대궁_관람객_수_현황_2011년.csv
2011-02-04,2011,2,4,4,금,0,0,0,0,1,17.0,16.0,8.0,7.0,20163,5572,2770,10455,16908,3255,17662,165,231,2079,26,2501,2011,문화재청_궁능유적본부_4대궁_관람객_수_현황_2011년.csv
2011-02-05,2011,2,5,5,토,1,0,0,0,0,17.0,16.0,8.0,7.0,17878,4364,2509,8976,14589,3289,14356,159,397,2962,4,3522,2011,문화재청_궁능유적본부_4대궁_관람객_수_현황_2011년.csv
2011-02-06,2011,2,6,6,일,1,0,0,0,0,17.0,16.0,8.0,7.0,9511,2377,1386,5126,7903,1608,6938,114,317,2139,3,2573,2011,문화재청_궁능유적본부_4대궁_관람객_수_현황_2011년.csv
2011-02-07,2011,2,7,0,월,0,0,0,3,0,17.0,16.0,8.0,7.0,4719,0,0,0,4046,673,3246,54,139,1280,0,1473,2011,문화재청_궁능유적본부_4대궁_관람객_수_현황_2011년.csv
2011-02-08,2011,2,8,1,화,0,1,1,0,0,17.0,16.0,8.0,7.0,0,2404,854,3249,0,0,0,0,0,0,0,0,2011,문화재청_궁능유적본부_4대궁_관람객_수_현황_2011년.csv
2011-02-09,2011,2,9,2,수,0,0,0,0,0,17.0,16.0,8.0,7.0,5698,1358,664,1998,4917,781,3072,89,318,1602,617,2626,2011,문화재청_궁능유적본부_4대궁_관람객_수_현황_2011년.csv
2011-02-10,2011,2,10,3,목,0,0,0,0,0,17.0,16.0,8.0,7.0,5615,1697,654,1837,4754,861,3526,81,378,1599,31,2089,2011,문화재청_궁능유적본부_4대궁_관람객_수_현황_2011년.csv
2011-02-11,2011,2,11,4,금,0,0,0,0,0,17.0,16.0,8.0,7.0,5480,1707,753,2185,4582,898,3312,199,785,1173,11,2168,2011,문화재청_궁능유적본부_4대궁_관람객_수_현황_2011년.csv
2011-02-12,2011,2,12,5,토,1,0,0,0,0,17.0,16.0,8.0,7.0,7906,2431,1014,5278,6469,1437,5454,135,764,1544,9,2452,2011,문화재청_궁능유적본부_4대궁_관람객_수_현황_2011년.csv
2011-02-13,2011,2,13,6,일,1,0,0,0,0,17.0,16.0,8.0,7.0,7189,2431,1049,4703,6200,989,4857,314,592,1424,2,2332,2011,문화재청_궁능유적본부_4대궁_관람객_수_현황_2011년.csv
2011-02-14,2011,2,14,0,월,0,0,0,3,0,17.0,16.0,8.0,7.0,4914,0,0,0,4200,714,3068,229,809,802,6,1846,2011,문화재청_궁능유적본부_4대궁_관람객_수_현황_2011년.csv
2011-02-15,2011,2,15,1,화,0,1,1,0,0,17.0,16.0,8.0,7.0,0,2500,928,3278,0,0,0,0,0,0,0,0,2011,문화재청_궁능유적본부_4대궁_관람객_수_현황_2011년.csv
2011-02-16,2011,2,16,2,수,0,0,0,0,0,17.0,16.0,8.0,7.0,4959,1949,762,2908,4228,731,3663,99,516,679,2,1296,2011,문화재청_궁능유적본부_4대궁_관람객_수_현황_2011년.csv
2011-02-17,2011,2,17,3,목,0,0,0,0,0,17.0,16.0,8.0,7.0,5623,1822,913,2725,4637,986,4079,131,746,650,17,1544,2011,문화재청_궁능유적본부_4대궁_관람객_수_현황_2011년.csv
2011-02-18,2011,2,18,4,금,0,0,0,0,0,17.0,16.0,8.0,7.0,5672,2415,924,3643,4767,905,3857,169,417,1224,5,1815,2011,문화재청_궁능유적본부_4대궁_관람객_수_현황_2011년.csv
2011-02-19,2011,2,19,5,토,1,0,0,0,0,17.0,16.0,8.0,7.0,11327,4046,2089,8358,9398,1929,9362,221,480,1264,0,1965,2011,문화재청_궁능유적본부_4대궁_관람객_수_현황_2011년.csv
2011-02-20,2011,2,20,6,일,1,0,0,0,0,17.0,16.0,8.0,7.0,13099,4880,3014,10159,11260,1839,10743,316,536,1504,0,2356,2011,문화재청_궁능유적본부_4대궁_관람객_수_현황_2011년.csv
2011-02-21,2011,2,21,0,월,0,0,0,3,0,17.0,16.0,8.0,7.0,7446,0,0,0,6471,975,5575,159,559,1111,42,1871,2011,문화재청_궁능유적본부_4대궁_관람객_수_현황_2011년.csv
2011-02-22,2011,2,22,1,화,0,1,1,0,0,17.0,16.0,8.0,7.0,0,4517,1750,6474,0,0,0,0,0,0,0,0,2011,문화재청_궁능유적본부_4대궁_관람객_수_현황_2011년.csv
2011-02-23,2011,2,23,2,수,0,0,0,0,0,17.0,16.0,8.0,7.0,7740,2709,1498,5878,6366,1374,5935,138,490,1177,0,1805,2011,문화재청_궁능유적본부_4대궁_관람객_수_현황_2011년.csv
2011-02-24,2011,2,24,3,목,0,0,0,0,0,17.0,16.0,8.0,7.0,7216,2801,1549,6004,5984,1232,5808,141,448,784,35,1408,2011,문화재청_궁능유적본부_4대궁_관람객_수_현황_2011년.csv
2011-02-25,2011,2,25,4,금,0,0,0,0,0,17.0,16.0,8.0,7.0,6053,2542,1030,6002,5044,1009,4841,118,445,636,13,1212,2011,문화재청_궁능유적본부_4대궁_관람객_수_현황_2011년.csv
2011-02-26,2011,2,26,5,토,1,0,0,0,0,17.0,16.0,8.0,7.0,12104,4598,2308,10724,10470,1634,10489,164,442,1009,0,1615,2011,문화재청_궁능유적본부_4대궁_관람객_수_현황_2011년.csv
2011-02-27,2011,2,27,6,일,1,0,0,0,0,17.0,16.0,8.0,7.0,3297,1262,343,4869,2851,446,2276,74,335,612,0,1021,2011,문화재청_궁능유적본부_4대궁_관람객_수_현황_2011년.csv
2011-02-28,2011,2,28,0,월,0,0,0,3,0,17.0,16.0,8.0,7.0,8534,0,0,0,4870,3664,6816,166,540,980,32,1718,2011,문화재청_궁능유적본부_4대궁_관람객_수_현황_2011년.csv
2011-03-01,2011,3,1,1,화,0,1,0,0,1,18.0,17.0,9.0,8.0,5136,3676,1238,11786,4333,803,4572,79,176,304,5,564,2011,문화재청_궁능유적본부_4대궁_관람객_수_현황_2011년.csv
2011-03-02,2011,3,2,2,수,0,0,0,0,0,18.0,17.0,9.0,8.0,3802,1238,385,710,3218,584,1964,35,538,1265,0,1838,2011,문화재청_궁능유적본부_4대궁_관람객_수_현황_2011년.csv
2011-03-03,2011,3,3,3,목,0,0,0,0,0,18.0,17.0,9.0,8.0,3878,1376,510,719,3199,679,2160,74,766,878,0,1718,2011,문화재청_궁능유적본부_4대궁_관람객_수_현황_2011년.csv
2011-03-04,2011,3,4,4,금,0,0,0,0,0,18.0,17.0,9.0,8.0,3850,1606,547,756,3237,613,1876,118,649,1201,6,1974,2011,문화재청_궁능유적본부_4대궁_관람객_수_현황_2011년.csv
2011-03-05,2011,3,5,5,토,1,0,0,0,0,18.0,17.0,9.0,8.0,8465,3099,1164,2253,7154,1311,6584,192,713,940,36,1881,2011,문화재청_궁능유적본부_4대궁_관람객_수_현황_2011년.csv
2011-03-06,2011,3,6,6,일,1,0,0,0,0,18.0,17.0,9.0,8.0,9757,3765,1810,3042,8380,1377,7651,209,802,1031,64,2106,2011,문화재청_궁능유적본부_4대궁_관람객_수_현황_2011년.csv
2011-03-07,2011,3,7,0,월,0,0,0,3,0,18.0,17.0,9.0,8.0,5182,0,0,0,4413,769,3327,82,744,1027,2,1855,2011,문화재청_궁능유적본부_4대궁_관람객_수_현황_2011년.csv
2011-03-08,2011,3,8,1,화,0,1,1,0,0,18.0,17.0,9.0,8.0,0,2696,715,1410,0,0,0,0,0,0,0,0,2011,문화재청_궁능유적본부_4대궁_관람객_수_현황_2011년.csv
2011-03-09,2011,3,9,2,수,0,0,0,0,0,18.0,17.0,9.0,8.0,5032,1850,568,1196,4160,872,3227,200,1082,521,2,1805,2011,문화재청_궁능유적본부_4대궁_관람객_수_현황_2011년.csv
2011-03-10,2011,3,10,3,목,0,0,0,0,0,18.0,17.0,9.0,8.0,4418,1785,716,978,3717,701,2430,190,709,1089,0,1988,2011,문화재청_궁능유적본부_4대궁_관람객_수_현황_2011년.csv
2011-03-11,2011,3,11,4,금,0,0,0,0,0,18.0,17.0,9.0,8.0,5539,2117,754,1534,4497,1042,3283,257,883,1103,13,2256,2011,문화재청_궁능유적본부_4대궁_관람객_수_현황_2011년.csv
2011-03-12,2011,3,12,5,토,1,0,0,0,0,18.0,17.0,9.0,8.0,15896,5669,2283,5641,10643,5253,12584,408,1192,1692,20,3312,2011,문화재청_궁능유적본부_4대궁_관람객_수_현황_2011년.csv
2011-03-13,2011,3,13,6,일,1,0,0,0,0,18.0,17.0,9.0,8.0,13890,5016,2952,4703,11851,2039,11011,345,780,1747,7,2879,2011,문화재청_궁능유적본부_4대궁_관람객_수_현황_2011년.csv
2011-03-14,2011,3,14,0,월,0,0,0,3,0,18.0,17.0,9.0,8.0,5683,0,0,0,4758,925,3069,316,982,1310,6,2614,2011,문화재청_궁능유적본부_4대궁_관람객_수_현황_2011년.csv
2011-03-15,2011,3,15,1,화,0,1,1,0,0,18.0,17.0,9.0,8.0,0,2886,555,1481,0,0,0,0,0,0,0,0,2011,문화재청_궁능유적본부_4대궁_관람객_수_현황_2011년.csv
2011-03-16,2011,3,16,2,수,0,0,0,0,0,18.0,17.0,9.0,8.0,5281,1679,592,1022,4375,906,2687,181,840,1573,0,2594,2011,문화재청_궁능유적본부_4대궁_관람객_수_현황_2011년.csv
2011-03-17,2011,3,17,3,목,0,0,0,0,0,18.0,17.0,9.0,8.0,6603,2214,700,1130,5558,1045,4014,153,787,1649,0,2589,2011,문화재청_궁능유적본부_4대궁_관람객_수_현황_2011년.csv
2011-03-18,2011,3,18,4,금,0,0,0,0,0,18.0,17.0,9.0,8.0,5901,2116,854,1799,4920,981,3173,262,850,1614,2,2728,2011,문화재청_궁능유적본부_4대궁_관람객_수_현황_2011년.csv
2011-03-19,2011,3,19,5,토,1,0,0,0,0,18.0,17.0,9.0,8.0,11767,3811,1858,3325,9720,2047,8018,384,1081,2229,55,3749,2011,문화재청_궁능유적본부_4대궁_관람객_수_현황_2011년.csv
2011-03-20,2011,3,20,6,일,1,0,0,0,0,18.0,17.0,9.0,8.0,6911,3142,1186,1548,5806,1105,3965,466,979,1497,4,2946,2011,문화재청_궁능유적본부_4대궁_관람객_수_현황_2011년.csv
2011-03-21,2011,3,21,0,월,0,0,0,3,0,18.0,17.0,9.0,8.0,7485,0,0,0,6227,1258,4982,336,1035,1132,0,2503,2011,문화재청_궁능유적본부_4대궁_관람객_수_현황_2011년.csv
2011-03-22,2011,3,22,1,화,0,1,1,0,0,18.0,17.0,9.0,8.0,0,2506,848,1522,0,0,0,0,0,0,0,0,2011,문화재청_궁능유적본부_4대궁_관람객_수_현황_2011년.csv
2011-03-23,2011,3,23,2,수,0,0,0,0,0,18.0,17.0,9.0,8.0,5855,2195,971,1183,4702,1153,3793,194,558,1306,4,2062,2011,문화재청_궁능유적본부_4대궁_관람객_수_현황_2011년.csv
2011-03-24,2011,3,24,3,목,0,0,0,0,0,18.0,17.0,9.0,8.0,6826,1849,805,1551,5880,946,5195,219,491,921,0,1631,2011,문화재청_궁능유적본부_4대궁_관람객_수_현황_2011년.csv
2011-03-25,2011,3,25,4,금,0,0,0,0,0,18.0,17.0,9.0,8.0,6408,1914,765,1043,5464,944,4481,337,365,1205,20,1927,2011,문화재청_궁능유적본부_4대궁_관람객_수_현황_2011년.csv
2011-03-26,2011,3,26,5,토,1,0,0,0,0,18.0,17.0,9.0,8.0,36093,5652,1836,5249,10861,25232,23639,2196,3047,7202,9,12454,2011,문화재청_궁능유적본부_4대궁_관람객_수_현황_2011년.csv
2011-03-27,2011,3,27,6,일,1,0,0,0,0,18.0,17.0,9.0,8.0,12647,4746,2065,3532,10746,1901,10028,277,721,1609,12,2619,2011,문화재청_궁능유적본부_4대궁_관람객_수_현황_2011년.csv
2011-03-28,2011,3,28,0,월,0,0,0,3,0,18.0,17.0,9.0,8.0,6756,0,0,0,5721,1035,3615,226,1252,1603,60,3141,2011,문화재청_궁능유적본부_4대궁_관람객_수_현황_2011년.csv
2011-03-29,2011,3,29,1,화,0,1,1,0,0,18.0,17.0,9.0,8.0,0,4744,976,1930,0,0,0,0,0,0,0,0,2011,문화재청_궁능유적본부_4대궁_관람객_수_현황_2011년.csv
2011-03-30,2011,3,30,2,수,0,0,0,0,0,18.0,17.0,9.0,8.0,10840,2815,1155,1979,8529,2311,7984,206,801,1845,4,2856,2011,문화재청_궁능유적본부_4대궁_관람객_수_현황_2011년.csv
2011-03-31,2011,3,31,3,목,0,0,0,0,0,18.0,17.0,9.0,8.0,8375,2543,1048,1847,7021,1354,5798,225,666,1491,195,2577,2011,문화재청_궁능유적본부_4대궁_관람객_수_현황_2011년.csv
2011-04-01,2011,4,1,4,금,0,0,0,0,0,18.0,17.0,9.0,8.0,6815,2666,1446,1749,5474,1341,4348,187,754,1517,9,2467,2011,문화재청_궁능유적본부_4대궁_관람객_수_현황_2011년.csv
2011-04-02,2011,4,2,5,토,1,0,0,0,0,18.0,17.0,9.0,8.0,10827,3702,1731,3137,9341,1486,8202,264,478,1881,2,2625,2011,문화재청_궁능유적본부_4대궁_관람객_수_현황_2011년.csv
2011-04-03,2011,4,3,6,일,1,0,0,0,0,18.0,17.0,9.0,8.0,14426,5790,3697,4085,12077,2349,11642,301,531,1933,19,2784,2011,문화재청_궁능유적본부_4대궁_관람객_수_현황_2011년.csv
2011-04-04,2011,4,4,0,월,0,0,0,3,0,18.0,17.0,9.0,8.0,10763,0,0,0,8607,2156,8203,292,899,1369,0,2560,2011,문화재청_궁능유적본부_4대궁_관람객_수_현황_2011년.csv
2011-04-05,2011,4,5,1,화,0,1,1,0,0,18.0,17.0,9.0,8.0,0,5728,1984,3447,0,0,0,0,0,0,0,0,2011,문화재청_궁능유적본부_4대궁_관람객_수_현황_2011년.csv
2011-04-06,2011,4,6,2,수,0,0,0,0,0,18.0,17.0,9.0,8.0,10807,2517,1418,1768,9014,1793,8115,154,546,1992,0,2692,2011,문화재청_궁능유적본부_4대궁_관람객_수_현황_2011년.csv
2011-04-07,2011,4,7,3,목,0,0,0,0,0,18.0,17.0,9.0,8.0,7152,1195,277,572,6554,598,5432,211,493,1016,0,1720,2011,문화재청_궁능유적본부_4대궁_관람객_수_현황_2011년.csv
2011-04-08,2011,4,8,4,금,0,0,0,0,0,18.0,17.0,9.0,8.0,11429,3014,1729,2146,9867,1562,8655,342,550,1882,0,2774,2011,문화재청_궁능유적본부_4대궁_관람객_수_현황_2011년.csv
2011-04-09,2011,4,9,5,토,1,0,0,0,0,18.0,17.0,9.0,8.0,19397,7442,3863,5856,11720,7677,14211,577,1250,2690,669,5186,2011,문화재청_궁능유적본부_4대궁_관람객_수_현황_2011년.csv
2011-04-10,2011,4,10,6,일,1,0,0,0,0,18.0,17.0,9.0,8.0,12565,5586,3018,3394,10464,2101,9504,241,499,2300,21,3061,2011,문화재청_궁능유적본부_4대궁_관람객_수_현황_2011년.csv
2011-04-11,2011,4,11,0,월,0,0,0,3,0,18.0,17.0,9.0,8.0,10671,0,0,0,9097,1574,5942,428,1285,2860,156,4729,2011,문화재청_궁능유적본부_4대궁_관람객_수_현황_2011년.csv
2011-04-12,2011,4,12,1,화,0,1,1,0,0,18.0,17.0,9.0,8.0,0,8599,2063,4394,0,0,0,0,0,0,0,0,2011,문화재청_궁능유적본부_4대궁_관람객_수_현황_2011년.csv
2011-04-13,2011,4,13,2,수,0,0,0,0,0,18.0,17.0,9.0,8.0,14833,3904,2514,2834,12687,2146,10908,335,767,2778,45,3925,2011,문화재청_궁능유적본부_4대궁_관람객_수_현황_2011년.csv
2011-04-14,2011,4,14,3,목,0,0,0,0,0,18.0,17.0,9.0,8.0,18252,5084,3041,2825,16321,1931,13192,336,689,3559,476,5060,2011,문화재청_궁능유적본부_4대궁_관람객_수_현황_2011년.csv
2011-04-15,2011,4,15,4,금,0,0,0,0,0,18.0,17.0,9.0,8.0,13334,3822,2110,2706,11755,1579,8375,531,591,3719,118,4959,2011,문화재청_궁능유적본부_4대궁_관람객_수_현황_2011년.csv
2011-04-16,2011,4,16,5,토,1,0,0,0,0,18.0,17.0,9.0,8.0,19291,8223,7343,7458,14664,4627,13759,1107,1292,2990,143,5532,2011,문화재청_궁능유적본부_4대궁_관람객_수_현황_2011년.csv
2011-04-17,2011,4,17,6,일,1,0,0,0,0,18.0,17.0,9.0,8.0,15864,7976,6655,5643,12940,2924,11934,568,641,2705,16,3930,2011,문화재청_궁능유적본부_4대궁_관람객_수_현황_2011년.csv
2011-04-18,2011,4,18,0,월,0,0,0,3,0,18.0,17.0,9.0,8.0,11775,0,0,0,10624,1151,8610,542,1002,1587,34,3165,2011,문화재청_궁능유적본부_4대궁_관람객_수_현황_2011년.csv
2011-04-19,2011,4,19,1,화,0,1,1,0,0,18.0,17.0,9.0,8.0,0,7237,2358,5480,0,0,0,0,0,0,0,0,2011,문화재청_궁능유적본부_4대궁_관람객_수_현황_2011년.csv
2011-04-20,2011,4,20,2,수,0,0,0,0,0,18.0,17.0,9.0,8.0,18365,4223,2229,3936,15849,2516,14897,426,904,2132,6,3468,2011,문화재청_궁능유적본부_4대궁_관람객_수_현황_2011년.csv
2011-04-21,2011,4,21,3,목,0,0,0,0,0,18.0,17.0,9.0,8.0,19556,5686,2604,2981,17885,1671,15741,484,566,2756,9,3815,2011,문화재청_궁능유적본부_4대궁_관람객_수_현황_2011년.csv
2011-04-22,2011,4,22,4,금,0,0,0,0,0,18.0,17.0,9.0,8.0,9873,1863,829,723,9075,798,7876,327,735,935,0,1997,2011,문화재청_궁능유적본부_4대궁_관람객_수_현황_2011년.csv
2011-04-23,2011,4,23,5,토,1,0,0,0,0,18.0,17.0,9.0,8.0,18731,7371,3110,4821,12571,6160,13011,998,1311,3395,16,5720,2011,문화재청_궁능유적본부_4대궁_관람객_수_현황_2011년.csv
2011-04-24,2011,4,24,6,일,1,0,0,0,0,18.0,17.0,9.0,8.0,13095,5841,3637,3656,10892,2203,9313,730,736,2250,66,3782,2011,문화재청_궁능유적본부_4대궁_관람객_수_현황_2011년.csv
2011-04-25,2011,4,25,0,월,0,0,0,3,0,18.0,17.0,9.0,8.0,12530,0,0,0,11083,1447,9214,562,944,1786,24,3316,2011,문화재청_궁능유적본부_4대궁_관람객_수_현황_2011년.csv
2011-04-26,2011,4,26,1,화,0,1,1,0,0,18.0,17.0,9.0,8.0,0,6630,940,2950,0,0,0,0,0,0,0,0,2011,문화재청_궁능유적본부_4대궁_관람객_수_현황_2011년.csv
2011-04-27,2011,4,27,2,수,0,0,0,0,0,18.0,17.0,9.0,8.0,14909,3386,2183,1747,13232,1677,11998,306,621,1733,251,2911,2011,문화재청_궁능유적본부_4대궁_관람객_수_현황_2011년.csv
2011-04-28,2011,4,28,3,목,0,0,0,0,0,18.0,17.0,9.0,8.0,15416,5067,3995,2847,13982,1434,13364,280,427,1345,0,2052,2011,문화재청_궁능유적본부_4대궁_관람객_수_현황_2011년.csv
2011-04-29,2011,4,29,4,금,0,0,0,0,0,18.0,17.0,9.0,8.0,13182,4463,4379,2907,11260,1922,9993,639,754,1744,52,3189,2011,문화재청_궁능유적본부_4대궁_관람객_수_현황_2011년.csv
2011-04-30,2011,4,30,5,토,1,0,0,0,0,18.0,17.0,9.0,8.0,5510,2135,948,1486,4735,775,2957,320,532,1690,11,2553,2011,문화재청_궁능유적본부_4대궁_관람객_수_현황_2011년.csv
2011-05-01,2011,5,1,6,일,1,0,0,0,0,18.0,17.0,9.0,8.0,11781,5389,3716,3004,10042,1739,7926,622,1220,1984,29,3855,2011,문화재청_궁능유적본부_4대궁_관람객_수_현황_2011년.csv
2011-05-02,2011,5,2,0,월,0,0,0,3,0,18.0,17.0,9.0,8.0,12689,0,0,0,11234,1455,9156,493,1558,1472,10,3533,2011,문화재청_궁능유적본부_4대궁_관람객_수_현황_2011년.csv
2011-05-03,2011,5,3,1,화,0,1,1,0,0,18.0,17.0,9.0,8.0,0,8389,2407,4696,0,0,0,0,0,0,0,0,2011,문화재청_궁능유적본부_4대궁_관람객_수_현황_2011년.csv
2011-05-04,2011,5,4,2,수,0,0,0,0,0,18.0,17.0,9.0,8.0,9923,4814,1850,2619,8270,1653,7735,313,732,1118,25,2188,2011,문화재청_궁능유적본부_4대궁_관람객_수_현황_2011년.csv
2011-05-05,2011,5,5,3,목,0,0,0,0,1,18.0,17.0,9.0,8.0,37538,10306,10397,11041,11639,25899,31747,1081,1790,2851,69,5791,2011,문화재청_궁능유적본부_4대궁_관람객_수_현황_2011년.csv
2011-05-06,2011,5,6,4,금,0,0,0,0,0,18.0,17.0,9.0,8.0,9656,3806,3215,2799,8912,744,7822,467,700,642,25,1834,2011,문화재청_궁능유적본부_4대궁_관람객_수_현황_2011년.csv
2011-05-07,2011,5,7,5,토,1,0,0,0,0,18.0,17.0,9.0,8.0,13477,5703,3434,5101,11060,2417,10680,526,440,1764,67,2797,2011,문화재청_궁능유적본부_4대궁_관람객_수_현황_2011년.csv
2011-05-08,2011,5,8,6,일,1,0,0,0,0,18.0,17.0,9.0,8.0,13913,7072,4585,5424,11572,2341,11709,387,348,1459,10,2204,2011,문화재청_궁능유적본부_4대궁_관람객_수_현황_2011년.csv
2011-05-09,2011,5,9,0,월,0,0,0,3,0,18.0,17.0,9.0,8.0,7497,0,0,0,6439,1058,5874,351,320,944,8,1623,2011,문화재청_궁능유적본부_4대궁_관람객_수_현황_2011년.csv
2011-05-10,2011,5,10,1,화,0,1,0,0,1,18.0,17.0,9.0,8.0,5392,3936,1363,2793,3856,1536,4316,156,172,742,6,1076,2011,문화재청_궁능유적본부_4대궁_관람객_수_현황_2011년.csv
2011-05-11,2011,5,11,2,수,0,0,0,0,0,18.0,17.0,9.0,8.0,8419,3122,1381,1591,7618,801,6512,149,342,1179,237,1907,2011,문화재청_궁능유적본부_4대궁_관람객_수_현황_2011년.csv
2011-05-12,2011,5,12,3,목,0,0,0,0,0,18.0,17.0,9.0,8.0,11978,3689,1142,2957,10721,1257,9988,394,536,1026,34,1990,2011,문화재청_궁능유적본부_4대궁_관람객_수_현황_2011년.csv
2011-05-13,2011,5,13,4,금,0,0,0,0,0,18.0,17.0,9.0,8.0,9741,4068,2490,3977,8515,1226,7748,162,483,1204,144,1993,2011,문화재청_궁능유적본부_4대궁_관람객_수_현황_2011년.csv
2011-05-14,2011,5,14,5,토,1,0,0,0,0,18.0,17.0,9.0,8.0,40019,7276,3790,6825,11856,28163,36331,450,1236,1990,12,3688,2011,문화재청_궁능유적본부_4대궁_관람객_수_현황_2011년.csv
2011-05-15,2011,5,15,6,일,1,0,0,0,0,18.0,17.0,9.0,8.0,16623,7227,4522,6625,13855,2768,12595,459,631,2906,32,4028,2011,문화재청_궁능유적본부_4대궁_관람객_수_현황_2011년.csv
2011-05-16,2011,5,16,0,월,0,0,0,3,0,18.0,17.0,9.0,8.0,10251,0,0,0,8931,1320,7658,156,831,1536,70,2593,2011,문화재청_궁능유적본부_4대궁_관람객_수_현황_2011년.csv
2011-05-17,2011,5,17,1,화,0,1,1,0,0,18.0,17.0,9.0,8.0,0,7255,2170,4235,0,0,0,0,0,0,0,0,2011,문화재청_궁능유적본부_4대궁_관람객_수_현황_2011년.csv
2011-05-18,2011,5,18,2,수,0,0,0,0,0,18.0,17.0,9.0,8.0,18761,3825,2659,2888,15874,2887,15875,300,635,1798,153,2886,2011,문화재청_궁능유적본부_4대궁_관람객_수_현황_2011년.csv
2011-05-19,2011,5,19,3,목,0,0,0,0,0,18.0,17.0,9.0,8.0,22091,4258,1814,2264,19362,2729,19154,420,545,1505,467,2937,2011,문화재청_궁능유적본부_4대궁_관람객_수_현황_2011년.csv
2011-05-20,2011,5,20,4,금,0,0,0,0,0,18.0,17.0,9.0,8.0,14489,2913,1379,1443,12478,2011,11719,293,718,1304,455,2770,2011,문화재청_궁능유적본부_4대궁_관람객_수_현황_2011년.csv
2011-05-21,2011,5,21,5,토,1,0,0,0,0,18.0,17.0,9.0,8.0,24638,5601,2261,3713,21362,3276,20375,485,673,1665,1440,4263,2011,문화재청_궁능유적본부_4대궁_관람객_수_현황_2011년.csv
2011-05-22,2011,5,22,6,일,1,0,0,0,0,18.0,17.0,9.0,8.0,39972,7619,3983,4951,33199,6773,37698,299,702,1273,0,2274,2011,문화재청_궁능유적본부_4대궁_관람객_수_현황_2011년.csv
2011-05-23,2011,5,23,0,월,0,0,0,3,0,18.0,17.0,9.0,8.0,9801,0,0,0,8248,1553,6896,507,690,1653,55,2905,2011,문화재청_궁능유적본부_4대궁_관람객_수_현황_2011년.csv
2011-05-24,2011,5,24,1,화,0,1,1,0,0,18.0,17.0,9.0,8.0,0,6040,2286,3841,0,0,0,0,0,0,0,0,2011,문화재청_궁능유적본부_4대궁_관람객_수_현황_2011년.csv
2011-05-25,2011,5,25,2,수,0,0,0,0,0,18.0,17.0,9.0,8.0,13822,3854,1563,2243,12277,1545,11443,368,582,1425,4,2379,2011,문화재청_궁능유적본부_4대궁_관람객_수_현황_2011년.csv
2011-05-26,2011,5,26,3,목,0,0,0,0,0,18.0,17.0,9.0,8.0,13377,4026,1140,1826,12110,1267,10510,540,616,1656,55,2867,2011,문화재청_궁능유적본부_4대궁_관람객_수_현황_2011년.csv
2011-05-27,2011,5,27,4,금,0,0,0,0,0,18.0,17.0,9.0,8.0,12194,4321,2270,3285,10287,1907,8555,579,826,2219,15,3639,2011,문화재청_궁능유적본부_4대궁_관람객_수_현황_2011년.csv
2011-05-28,2011,5,28,5,토,1,0,0,0,0,18.0,17.0,9.0,8.0,25707,14995,8126,6665,13735,11972,18409,1275,1999,3969,55,7298,2011,문화재청_궁능유적본부_4대궁_관람객_수_현황_2011년.csv
2011-05-29,2011,5,29,6,일,1,0,0,0,0,18.0,17.0,9.0,8.0,14782,7125,2899,4029,12926,1856,11818,562,742,1660,0,2964,2011,문화재청_궁능유적본부_4대궁_관람객_수_현황_2011년.csv
2011-05-30,2011,5,30,0,월,0,0,0,3,0,18.0,17.0,9.0,8.0,10036,0,0,0,8560,1476,7779,183,650,1375,49,2257,2011,문화재청_궁능유적본부_4대궁_관람객_수_현황_2011년.csv
2011-05-31,2011,5,31,1,화,0,1,1,0,0,18.0,17.0,9.0,8.0,0,5204,1175,2265,0,0,0,0,0,0,0,0,2011,문화재청_궁능유적본부_4대궁_관람객_수_현황_2011년.csv
2011-06-01,2011,6,1,2,수,0,0,0,0,0,18.5,17.5,9.5,8.5,9499,3239,790,1687,7962,1537,7072,255,1118,1002,52,2427,2011,문화재청_궁능유적본부_4대궁_관람객_수_현황_2011년.csv
2011-06-02,2011,6,2,3,목,0,0,0,0,0,18.5,17.5,9.5,8.5,11508,3870,1462,2639,10331,1177,9418,209,427,1328,126,2090,2011,문화재청_궁능유적본부_4대궁_관람객_수_현황_2011년.csv
2011-06-03,2011,6,3,4,금,0,0,0,0,0,18.5,17.5,9.5,8.5,9142,3744,2274,2234,7472,1670,6980,254,543,1326,39,2162,2011,문화재청_궁능유적본부_4대궁_관람객_수_현황_2011년.csv
2011-06-04,2011,6,4,5,토,1,0,0,0,0,18.5,17.5,9.5,8.5,16213,6669,3288,5524,13823,2390,12926,387,1225,1664,11,3287,2011,문화재청_궁능유적본부_4대궁_관람객_수_현황_2011년.csv
2011-06-05,2011,6,5,6,일,1,0,0,0,0,18.5,17.5,9.5,8.5,24609,8634,4784,6591,20386,4223,20485,406,786,2912,20,4124,2011,문화재청_궁능유적본부_4대궁_관람객_수_현황_2011년.csv
2011-06-06,2011,6,6,0,월,0,0,0,0,1,18.5,17.5,9.5,8.5,18718,5842,3824,5401,15837,2881,15233,279,1266,1933,7,3485,2011,문화재청_궁능유적본부_4대궁_관람객_수_현황_2011년.csv
2011-06-07,2011,6,7,1,화,0,1,1,0,0,18.5,17.5,9.5,8.5,0,4350,1308,2415,0,0,0,0,0,0,0,0,2011,문화재청_궁능유적본부_4대궁_관람객_수_현황_2011년.csv
2011-06-08,2011,6,8,2,수,0,0,0,0,0,18.5,17.5,9.5,8.5,7735,3851,894,1927,6568,1167,5390,195,408,1462,280,2345,2011,문화재청_궁능유적본부_4대궁_관람객_수_현황_2011년.csv
2011-06-09,2011,6,9,3,목,0,0,0,0,0,18.5,17.5,9.5,8.5,7953,2671,968,1699,7000,953,6290,240,261,1162,0,1663,2011,문화재청_궁능유적본부_4대궁_관람객_수_현황_2011년.csv
2011-06-10,2011,6,10,4,금,0,0,0,0,0,18.5,17.5,9.5,8.5,9107,2974,1298,2206,7657,1450,7329,243,577,929,29,1778,2011,문화재청_궁능유적본부_4대궁_관람객_수_현황_2011년.csv
2011-06-11,2011,6,11,5,토,1,0,0,0,0,18.5,17.5,9.5,8.5,15038,6402,2225,6870,0,15038,15038,0,0,0,0,0,2011,문화재청_궁능유적본부_4대궁_관람객_수_현황_2011년.csv
2011-06-12,2011,6,12,6,일,1,0,0,0,0,18.5,17.5,9.5,8.5,12485,5926,2386,4139,10521,1964,10248,282,729,1203,23,2237,2011,문화재청_궁능유적본부_4대궁_관람객_수_현황_2011년.csv
2011-06-13,2011,6,13,0,월,0,0,0,3,0,18.5,17.5,9.5,8.5,7189,0,0,0,6063,1126,4422,260,779,1709,19,2767,2011,문화재청_궁능유적본부_4대궁_관람객_수_현황_2011년.csv
2011-06-14,2011,6,14,1,화,0,1,1,0,0,18.5,17.5,9.5,8.5,0,4297,1228,2691,0,0,0,0,0,0,0,0,2011,문화재청_궁능유적본부_4대궁_관람객_수_현황_2011년.csv
2011-06-15,2011,6,15,2,수,0,0,0,0,0,18.5,17.5,9.5,8.5,8302,2976,945,2582,6349,1953,5198,191,580,2212,121,3104,2011,문화재청_궁능유적본부_4대궁_관람객_수_현황_2011년.csv
2011-06-16,2011,6,16,3,목,0,0,0,0,0,18.5,17.5,9.5,8.5,7137,3086,1049,2823,5627,1510,5076,179,374,1508,0,2061,2011,문화재청_궁능유적본부_4대궁_관람객_수_현황_2011년.csv
2011-06-17,2011,6,17,4,금,0,0,0,0,0,18.5,17.5,9.5,8.5,6680,3048,1249,1921,5648,1032,3895,346,942,1486,11,2785,2011,문화재청_궁능유적본부_4대궁_관람객_수_현황_2011년.csv
2011-06-18,2011,6,18,5,토,1,0,0,0,0,18.5,17.5,9.5,8.5,12322,5103,2646,5605,10669,1653,9450,402,718,1740,12,2872,2011,문화재청_궁능유적본부_4대궁_관람객_수_현황_2011년.csv
2011-06-19,2011,6,19,6,일,1,0,0,0,0,18.5,17.5,9.5,8.5,10449,5532,1874,3801,8726,1723,7916,315,562,1622,34,2533,2011,문화재청_궁능유적본부_4대궁_관람객_수_현황_2011년.csv
2011-06-20,2011,6,20,0,월,0,0,0,3,0,18.5,17.5,9.5,8.5,6933,0,0,0,5855,1078,3534,175,971,2247,6,3399,2011,문화재청_궁능유적본부_4대궁_관람객_수_현황_2011년.csv
2011-06-21,2011,6,21,1,화,0,1,1,0,0,18.5,17.5,9.5,8.5,0,4315,907,2774,0,0,0,0,0,0,0,0,2011,문화재청_궁능유적본부_4대궁_관람객_수_현황_2011년.csv
2011-06-22,2011,6,22,2,수,0,0,0,0,0,18.5,17.5,9.5,8.5,7063,2718,767,1675,5582,1481,3311,492,917,2327,16,3752,2011,문화재청_궁능유적본부_4대궁_관람객_수_현황_2011년.csv
2011-06-23,2011,6,23,3,목,0,0,0,0,0,18.5,17.5,9.5,8.5,4453,1645,249,1080,3584,869,2180,206,460,1513,94,2273,2011,문화재청_궁능유적본부_4대궁_관람객_수_현황_2011년.csv
2011-06-24,2011,6,24,4,금,0,0,0,0,0,18.5,17.5,9.5,8.5,6371,2675,518,1417,5277,1094,3036,232,1104,1995,4,3335,2011,문화재청_궁능유적본부_4대궁_관람객_수_현황_2011년.csv
2011-06-25,2011,6,25,5,토,1,0,0,0,0,18.5,17.5,9.5,8.5,9116,3139,617,3855,7166,1950,4978,365,735,3037,1,4138,2011,문화재청_궁능유적본부_4대궁_관람객_수_현황_2011년.csv
2011-06-26,2011,6,26,6,일,1,0,0,0,0,18.5,17.5,9.5,8.5,5568,2605,652,1678,4780,788,3309,316,459,1471,13,2259,2011,문화재청_궁능유적본부_4대궁_관람객_수_현황_2011년.csv
2011-06-27,2011,6,27,0,월,0,0,0,3,0,18.5,17.5,9.5,8.5,5760,0,0,0,4971,789,2614,431,850,1863,2,3146,2011,문화재청_궁능유적본부_4대궁_관람객_수_현황_2011년.csv
2011-06-28,2011,6,28,1,화,0,1,1,0,0,18.5,17.5,9.5,8.5,0,5419,1315,3566,0,0,0,0,0,0,0,0,2011,문화재청_궁능유적본부_4대궁_관람객_수_현황_2011년.csv
2011-06-29,2011,6,29,2,수,0,0,0,0,0,18.5,17.5,9.5,8.5,4934,1444,215,801,3530,1404,2670,159,403,1696,6,2264,2011,문화재청_궁능유적본부_4대궁_관람객_수_현황_2011년.csv
2011-06-30,2011,6,30,3,목,0,0,0,0,0,18.5,17.5,9.5,8.5,7901,2088,587,1888,6469,1432,4067,306,780,2741,7,3834,2011,문화재청_궁능유적본부_4대궁_관람객_수_현황_2011년.csv
2011-07-01,2011,7,1,4,금,0,0,0,0,0,18.5,17.5,9.5,8.5,8233,3503,899,2457,6925,1308,4132,408,683,2982,28,4101,2011,문화재청_궁능유적본부_4대궁_관람객_수_현황_2011년.csv
2011-07-02,2011,7,2,5,토,1,0,0,0,0,18.5,17.5,9.5,8.5,12419,4488,1969,4254,10737,1682,7338,684,817,3578,2,5081,2011,문화재청_궁능유적본부_4대궁_관람객_수_현황_2011년.csv
2011-07-03,2011,7,3,6,일,1,0,0,0,0,18.5,17.5,9.5,8.5,3980,2064,483,1515,3470,510,1561,307,531,1536,45,2419,2011,문화재청_궁능유적본부_4대궁_관람객_수_현황_2011년.csv
2011-07-04,2011,7,4,0,월,0,0,0,3,0,18.5,17.5,9.5,8.5,9012,0,0,0,7467,1545,4181,706,1631,2481,13,4831,2011,문화재청_궁능유적본부_4대궁_관람객_수_현황_2011년.csv
2011-07-05,2011,7,5,1,화,0,1,1,0,0,18.5,17.5,9.5,8.5,0,4845,1236,3447,0,0,0,0,0,0,0,0,2011,문화재청_궁능유적본부_4대궁_관람객_수_현황_2011년.csv
2011-07-06,2011,7,6,2,수,0,0,0,0,0,18.5,17.5,9.5,8.5,9034,2821,962,2278,7508,1526,5425,536,943,2107,23,3609,2011,문화재청_궁능유적본부_4대궁_관람객_수_현황_2011년.csv
2011-07-07,2011,7,7,3,목,0,0,0,0,0,18.5,17.5,9.5,8.5,7716,1722,492,1326,6251,1465,3293,330,701,3391,1,4423,2011,문화재청_궁능유적본부_4대궁_관람객_수_현황_2011년.csv
2011-07-08,2011,7,8,4,금,0,0,0,0,0,18.5,17.5,9.5,8.5,9710,3332,1764,2318,8126,1584,3754,312,1321,4267,56,5956,2011,문화재청_궁능유적본부_4대궁_관람객_수_현황_2011년.csv
2011-07-09,2011,7,9,5,토,1,0,0,0,0,18.5,17.5,9.5,8.5,12041,4429,2019,5478,9536,2505,6448,867,1167,3513,46,5593,2011,문화재청_궁능유적본부_4대궁_관람객_수_현황_2011년.csv
2011-07-10,2011,7,10,6,일,1,0,0,0,0,18.5,17.5,9.5,8.5,12178,5539,1841,3666,10544,1634,6958,613,1856,2711,40,5220,2011,문화재청_궁능유적본부_4대궁_관람객_수_현황_2011년.csv
2011-07-11,2011,7,11,0,월,0,0,0,3,0,18.5,17.5,9.5,8.5,6933,0,0,0,5988,945,1859,369,1765,2920,20,5074,2011,문화재청_궁능유적본부_4대궁_관람객_수_현황_2011년.csv
2011-07-12,2011,7,12,1,화,0,1,1,0,0,18.5,17.5,9.5,8.5,0,2862,896,1731,0,0,0,0,0,0,0,0,2011,문화재청_궁능유적본부_4대궁_관람객_수_현황_2011년.csv
2011-07-13,2011,7,13,2,수,0,0,0,0,0,18.5,17.5,9.5,8.5,10186,2516,992,1703,8153,2033,4565,358,906,4354,3,5621,2011,문화재청_궁능유적본부_4대궁_관람객_수_현황_2011년.csv
2011-07-14,2011,7,14,3,목,0,0,0,0,0,18.5,17.5,9.5,8.5,7525,2373,681,1936,6313,1212,3145,386,593,3390,11,4380,2011,문화재청_궁능유적본부_4대궁_관람객_수_현황_2011년.csv
2011-07-15,2011,7,15,4,금,0,0,0,0,0,18.5,17.5,9.5,8.5,8522,2515,617,1723,7104,1418,3567,385,677,3870,23,4955,2011,문화재청_궁능유적본부_4대궁_관람객_수_현황_2011년.csv
2011-07-16,2011,7,16,5,토,1,0,0,0,0,18.5,17.5,9.5,8.5,10106,2845,715,2871,8634,1472,4453,513,831,4287,22,5653,2011,문화재청_궁능유적본부_4대궁_관람객_수_현황_2011년.csv
2011-07-17,2011,7,17,6,일,1,0,0,0,0,18.5,17.5,9.5,8.5,15152,5507,1678,4271,12719,2433,8062,639,1352,5058,41,7090,2011,문화재청_궁능유적본부_4대궁_관람객_수_현황_2011년.csv
2011-07-18,2011,7,18,0,월,0,0,0,3,0,18.5,17.5,9.5,8.5,9454,0,0,0,8115,1339,4358,472,1045,3535,44,5096,2011,문화재청_궁능유적본부_4대궁_관람객_수_현황_2011년.csv
2011-07-19,2011,7,19,1,화,0,1,1,0,0,18.5,17.5,9.5,8.5,0,3915,1031,6113,0,0,0,0,0,0,0,0,2011,문화재청_궁능유적본부_4대궁_관람객_수_현황_2011년.csv
2011-07-20,2011,7,20,2,수,0,0,0,0,0,18.5,17.5,9.5,8.5,9557,2386,810,2520,8070,1487,3722,370,992,4471,2,5835,2011,문화재청_궁능유적본부_4대궁_관람객_수_현황_2011년.csv
2011-07-21,2011,7,21,3,목,0,0,0,0,0,18.5,17.5,9.5,8.5,8640,2639,937,2358,7334,1306,3514,439,691,3993,3,5126,2011,문화재청_궁능유적본부_4대궁_관람객_수_현황_2011년.csv
2011-07-22,2011,7,22,4,금,0,0,0,0,0,18.5,17.5,9.5,8.5,9505,3045,1058,2451,8098,1407,4812,537,586,3543,27,4693,2011,문화재청_궁능유적본부_4대궁_관람객_수_현황_2011년.csv
2011-07-23,2011,7,23,5,토,1,0,0,0,0,18.5,17.5,9.5,8.5,16663,5066,2002,5408,14024,2639,9433,614,1221,5376,19,7230,2011,문화재청_궁능유적본부_4대궁_관람객_수_현황_2011년.csv
2011-07-24,2011,7,24,6,일,1,0,0,0,0,18.5,17.5,9.5,8.5,13297,4557,1985,3451,11079,2218,7510,728,1182,3852,25,5787,2011,문화재청_궁능유적본부_4대궁_관람객_수_현황_2011년.csv
2011-07-25,2011,7,25,0,월,0,0,0,3,0,18.5,17.5,9.5,8.5,11974,0,0,0,10068,1906,5044,636,1448,4845,1,6930,2011,문화재청_궁능유적본부_4대궁_관람객_수_현황_2011년.csv
2011-07-26,2011,7,26,1,화,0,1,1,0,0,18.5,17.5,9.5,8.5,0,4970,1483,4199,0,0,0,0,0,0,0,0,2011,문화재청_궁능유적본부_4대궁_관람객_수_현황_2011년.csv
2011-07-27,2011,7,27,2,수,0,0,0,0,0,18.5,17.5,9.5,8.5,5078,891,6,903,4179,899,1666,166,534,2712,0,3412,2011,문화재청_궁능유적본부_4대궁_관람객_수_현황_2011년.csv
2011-07-28,2011,7,28,3,목,0,0,0,0,0,18.5,17.5,9.5,8.5,7528,1298,396,1603,6128,1400,2586,272,881,3784,5,4942,2011,문화재청_궁능유적본부_4대궁_관람객_수_현황_2011년.csv
2011-07-29,2011,7,29,4,금,0,0,0,0,0,18.5,17.5,9.5,8.5,10481,2614,1079,2928,7882,2599,5559,579,1302,2921,120,4922,2011,문화재청_궁능유적본부_4대궁_관람객_수_현황_2011년.csv
2011-07-30,2011,7,30,5,토,1,0,0,0,0,18.5,17.5,9.5,8.5,19545,5391,2487,6193,14968,4577,12325,1119,1213,4856,32,7220,2011,문화재청_궁능유적본부_4대궁_관람객_수_현황_2011년.csv
2011-07-31,2011,7,31,6,일,1,0,0,0,0,18.5,17.5,9.5,8.5,10605,3394,815,2443,8920,1685,4770,446,1291,4050,48,5835,2011,문화재청_궁능유적본부_4대궁_관람객_수_현황_2011년.csv
2011-08-01,2011,8,1,0,월,0,0,0,3,0,18.5,17.5,9.5,8.5,17918,0,0,0,15002,2916,11452,513,1529,4408,16,6466,2011,문화재청_궁능유적본부_4대궁_관람객_수_현황_2011년.csv
2011-08-02,2011,8,2,1,화,0,1,1,0,0,18.5,17.5,9.5,8.5,0,7800,3095,6603,0,0,0,0,0,0,0,0,2011,문화재청_궁능유적본부_4대궁_관람객_수_현황_2011년.csv
2011-08-03,2011,8,3,2,수,0,0,0,0,0,18.5,17.5,9.5,8.5,15458,4677,1714,4004,12642,2816,8659,614,1478,4695,12,6799,2011,문화재청_궁능유적본부_4대궁_관람객_수_현황_2011년.csv
2011-08-04,2011,8,4,3,목,0,0,0,0,0,18.5,17.5,9.5,8.5,11322,3577,1207,3497,9117,2205,6078,374,1060,3799,11,5244,2011,문화재청_궁능유적본부_4대궁_관람객_수_현황_2011년.csv
2011-08-05,2011,8,5,4,금,0,0,0,0,0,18.5,17.5,9.5,8.5,12657,4651,1568,4136,10115,2542,7582,416,1418,3217,24,5075,2011,문화재청_궁능유적본부_4대궁_관람객_수_현황_2011년.csv
2011-08-06,2011,8,6,5,토,1,0,0,0,0,18.5,17.5,9.5,8.5,17593,5480,2094,4807,14234,3359,10969,677,1191,4744,12,6624,2011,문화재청_궁능유적본부_4대궁_관람객_수_현황_2011년.csv
2011-08-07,2011,8,7,6,일,1,0,0,0,0,18.5,17.5,9.5,8.5,14038,5100,1790,4160,11412,2626,8149,896,1403,3582,8,5889,2011,문화재청_궁능유적본부_4대궁_관람객_수_현황_2011년.csv
2011-08-08,2011,8,8,0,월,0,0,0,3,0,18.5,17.5,9.5,8.5,9915,0,0,0,8179,1736,4371,308,1432,3800,4,5544,2011,문화재청_궁능유적본부_4대궁_관람객_수_현황_2011년.csv
2011-08-09,2011,8,9,1,화,0,1,1,0,0,18.5,17.5,9.5,8.5,0,5934,1795,4618,0,0,0,0,0,0,0,0,2011,문화재청_궁능유적본부_4대궁_관람객_수_현황_2011년.csv
2011-08-10,2011,8,10,2,수,0,0,0,0,0,18.5,17.5,9.5,8.5,13895,4314,1438,3648,11547,2348,7412,617,1120,4746,0,6483,2011,문화재청_궁능유적본부_4대궁_관람객_수_현황_2011년.csv
2011-08-11,2011,8,11,3,목,0,0,0,0,0,18.5,17.5,9.5,8.5,12985,3947,1540,3933,10702,2283,7042,593,886,4453,11,5943,2011,문화재청_궁능유적본부_4대궁_관람객_수_현황_2011년.csv
2011-08-12,2011,8,12,4,금,0,0,0,0,0,18.5,17.5,9.5,8.5,11964,3210,1146,2806,10054,1910,5740,293,928,4938,65,6224,2011,문화재청_궁능유적본부_4대궁_관람객_수_현황_2011년.csv
2011-08-13,2011,8,13,5,토,1,0,0,0,0,18.5,17.5,9.5,8.5,16619,4896,1761,4837,13702,2917,10004,474,870,5205,66,6615,2011,문화재청_궁능유적본부_4대궁_관람객_수_현황_2011년.csv
2011-08-14,2011,8,14,6,일,1,0,0,0,0,18.5,17.5,9.5,8.5,21835,7499,2614,5871,18178,3657,14523,522,1388,5347,55,7312,2011,문화재청_궁능유적본부_4대궁_관람객_수_현황_2011년.csv
2011-08-15,2011,8,15,0,월,0,0,0,0,1,18.5,17.5,9.5,8.5,24969,6067,3084,6425,19830,5139,17366,247,1703,5615,38,7603,2011,문화재청_궁능유적본부_4대궁_관람객_수_현황_2011년.csv
2011-08-16,2011,8,16,1,화,0,1,1,0,0,18.5,17.5,9.5,8.5,0,5345,1475,4077,0,0,0,0,0,0,0,0,2011,문화재청_궁능유적본부_4대궁_관람객_수_현황_2011년.csv
2011-08-17,2011,8,17,2,수,0,0,0,0,0,18.5,17.5,9.5,8.5,12524,3476,887,2658,10101,2423,6217,299,1280,4719,9,6307,2011,문화재청_궁능유적본부_4대궁_관람객_수_현황_2011년.csv
2011-08-18,2011,8,18,3,목,0,0,0,0,0,18.5,17.5,9.5,8.5,15356,4919,1584,4158,12510,2846,8515,341,967,5528,5,6841,2011,문화재청_궁능유적본부_4대궁_관람객_수_현황_2011년.csv
2011-08-19,2011,8,19,4,금,0,0,0,0,0,18.5,17.5,9.5,8.5,13115,4053,1673,3394,10769,2346,6606,391,927,5191,0,6509,2011,문화재청_궁능유적본부_4대궁_관람객_수_현황_2011년.csv
2011-08-20,2011,8,20,5,토,1,0,0,0,0,18.5,17.5,9.5,8.5,21710,6543,3532,6862,17995,3715,14379,475,1125,5718,13,7331,2011,문화재청_궁능유적본부_4대궁_관람객_수_현황_2011년.csv
2011-08-21,2011,8,21,6,일,1,0,0,0,0,18.5,17.5,9.5,8.5,18563,6633,2884,5910,15039,3524,12843,548,1156,4007,9,5720,2011,문화재청_궁능유적본부_4대궁_관람객_수_현황_2011년.csv
2011-08-22,2011,8,22,0,월,0,0,0,3,0,18.5,17.5,9.5,8.5,14039,0,0,0,11479,2560,7171,319,1799,4679,71,6868,2011,문화재청_궁능유적본부_4대궁_관람객_수_현황_2011년.csv
2011-08-23,2011,8,23,1,화,0,1,1,0,0,18.5,17.5,9.5,8.5,0,6485,1662,4859,0,0,0,0,0,0,0,0,2011,문화재청_궁능유적본부_4대궁_관람객_수_현황_2011년.csv
2011-08-24,2011,8,24,2,수,0,0,0,0,0,18.5,17.5,9.5,8.5,14483,3818,1549,3084,11975,2508,6030,378,1624,6439,12,8453,2011,문화재청_궁능유적본부_4대궁_관람객_수_현황_2011년.csv
2011-08-25,2011,8,25,3,목,0,0,0,0,0,18.5,17.5,9.5,8.5,12016,3735,1256,3293,9851,2165,5739,475,1225,4530,47,6277,2011,문화재청_궁능유적본부_4대궁_관람객_수_현황_2011년.csv
2011-08-26,2011,8,26,4,금,0,0,0,0,0,18.5,17.5,9.5,8.5,10932,3889,1268,2822,8932,2000,5117,294,1251,4270,0,5815,2011,문화재청_궁능유적본부_4대궁_관람객_수_현황_2011년.csv
2011-08-27,2011,8,27,5,토,1,0,0,0,0,18.5,17.5,9.5,8.5,16770,5737,2245,6814,11414,5356,7840,823,2319,5756,32,8930,2011,문화재청_궁능유적본부_4대궁_관람객_수_현황_2011년.csv
2011-08-28,2011,8,28,6,일,1,0,0,0,0,18.5,17.5,9.5,8.5,13558,5252,1793,3929,11215,2343,7982,479,929,4161,7,5576,2011,문화재청_궁능유적본부_4대궁_관람객_수_현황_2011년.csv
2011-08-29,2011,8,29,0,월,0,0,0,3,0,18.5,17.5,9.5,8.5,11983,0,0,0,9742,2241,4574,408,2507,4473,21,7409,2011,문화재청_궁능유적본부_4대궁_관람객_수_현황_2011년.csv
2011-08-30,2011,8,30,1,화,0,1,1,0,0,18.5,17.5,9.5,8.5,0,4773,1455,3141,0,0,0,0,0,0,0,0,2011,문화재청_궁능유적본부_4대궁_관람객_수_현황_2011년.csv
2011-08-31,2011,8,31,2,수,0,0,0,0,0,18.5,17.5,9.5,8.5,10047,2564,806,2206,7515,2532,4575,885,1318,3152,117,5472,2011,문화재청_궁능유적본부_4대궁_관람객_수_현황_2011년.csv
2011-09-01,2011,9,1,3,목,0,0,0,0,0,18.0,17.0,9.0,8.0,8742,2670,804,2538,7032,1710,3796,524,1299,3108,15,4946,2011,문화재청_궁능유적본부_4대궁_관람객_수_현황_2011년.csv
2011-09-02,2011,9,2,4,금,0,0,0,0,0,18.0,17.0,9.0,8.0,9430,2607,941,2092,6983,2447,3608,532,1779,3495,16,5822,2011,문화재청_궁능유적본부_4대궁_관람객_수_현황_2011년.csv
2011-09-03,2011,9,3,5,토,1,0,0,0,0,18.0,17.0,9.0,8.0,14664,5514,2795,5612,11831,2833,8572,1143,1487,3443,19,6092,2011,문화재청_궁능유적본부_4대궁_관람객_수_현황_2011년.csv
2011-09-04,2011,9,4,6,일,1,0,0,0,0,18.0,17.0,9.0,8.0,15595,5606,2233,5128,12627,2968,8843,775,1900,3982,95,6752,2011,문화재청_궁능유적본부_4대궁_관람객_수_현황_2011년.csv
2011-09-05,2011,9,5,0,월,0,0,0,3,0,18.0,17.0,9.0,8.0,9749,0,0,0,7978,1771,3959,807,1929,3053,1,5790,2011,문화재청_궁능유적본부_4대궁_관람객_수_현황_2011년.csv
2011-09-06,2011,9,6,1,화,0,1,1,0,0,18.0,17.0,9.0,8.0,0,5583,1366,5082,0,0,0,0,0,0,0,0,2011,문화재청_궁능유적본부_4대궁_관람객_수_현황_2011년.csv
2011-09-07,2011,9,7,2,수,0,0,0,0,0,18.0,17.0,9.0,8.0,11809,3001,954,2535,8457,3352,6907,372,1525,2998,7,4902,2011,문화재청_궁능유적본부_4대궁_관람객_수_현황_2011년.csv
2011-09-08,2011,9,8,3,목,0,0,0,0,0,18.0,17.0,9.0,8.0,7876,3002,1099,2246,5810,2066,4193,590,1198,1840,55,3683,2011,문화재청_궁능유적본부_4대궁_관람객_수_현황_2011년.csv
2011-09-09,2011,9,9,4,금,0,0,0,0,0,18.0,17.0,9.0,8.0,5964,2513,454,1518,4774,1190,2483,514,1260,1702,5,3481,2011,문화재청_궁능유적본부_4대궁_관람객_수_현황_2011년.csv
2011-09-10,2011,9,10,5,토,1,0,0,0,0,18.0,17.0,9.0,8.0,13783,5476,1617,4720,9936,3847,8279,914,1407,3170,13,5504,2011,문화재청_궁능유적본부_4대궁_관람객_수_현황_2011년.csv
2011-09-11,2011,9,11,6,일,1,0,0,0,1,18.0,17.0,9.0,8.0,13497,5371,1569,3426,11095,2402,8418,629,1425,3003,22,5079,2011,문화재청_궁능유적본부_4대궁_관람객_수_현황_2011년.csv
2011-09-12,2011,9,12,0,월,0,0,0,0,1,18.0,17.0,9.0,8.0,83102,14807,7582,12599,0,83102,83102,0,0,0,0,0,2011,문화재청_궁능유적본부_4대궁_관람객_수_현황_2011년.csv
2011-09-13,2011,9,13,1,화,0,1,0,0,1,18.0,17.0,9.0,8.0,20859,9843,6550,9869,16480,4379,18067,438,747,1578,29,2792,2011,문화재청_궁능유적본부_4대궁_관람객_수_현황_2011년.csv
2011-09-14,2011,9,14,2,수,0,0,0,0,0,18.0,17.0,9.0,8.0,8631,3411,1783,2978,6842,1789,5627,297,766,1934,7,3004,2011,문화재청_궁능유적본부_4대궁_관람객_수_현황_2011년.csv
2011-09-15,2011,9,15,3,목,0,0,0,0,0,18.0,17.0,9.0,8.0,8031,2985,1120,2450,5738,2293,4056,291,1061,2597,26,3975,2011,문화재청_궁능유적본부_4대궁_관람객_수_현황_2011년.csv
2011-09-16,2011,9,16,4,금,0,0,0,0,0,18.0,17.0,9.0,8.0,8236,3692,1206,2858,5944,2292,3774,495,1691,2250,26,4462,2011,문화재청_궁능유적본부_4대궁_관람객_수_현황_2011년.csv
2011-09-17,2011,9,17,5,토,1,0,0,0,0,18.0,17.0,9.0,8.0,18453,5647,2398,7797,14947,3506,10586,576,1283,5981,27,7867,2011,문화재청_궁능유적본부_4대궁_관람객_수_현황_2011년.csv
2011-09-18,2011,9,18,6,일,1,0,0,0,0,18.0,17.0,9.0,8.0,18017,6611,3138,7128,15127,2890,11565,604,1699,4117,32,6452,2011,문화재청_궁능유적본부_4대궁_관람객_수_현황_2011년.csv
2011-09-19,2011,9,19,0,월,0,0,0,3,0,18.0,17.0,9.0,8.0,12796,0,0,0,10322,2474,5473,431,1753,5059,80,7323,2011,문화재청_궁능유적본부_4대궁_관람객_수_현황_2011년.csv
2011-09-20,2011,9,20,1,화,0,1,1,0,0,18.0,17.0,9.0,8.0,0,7249,1994,3818,0,0,0,0,0,0,0,0,2011,문화재청_궁능유적본부_4대궁_관람객_수_현황_2011년.csv
2011-09-21,2011,9,21,2,수,0,0,0,0,0,18.0,17.0,9.0,8.0,16563,3955,1650,3570,12749,3814,8896,499,1677,5448,43,7667,2011,문화재청_궁능유적본부_4대궁_관람객_수_현황_2011년.csv
2011-09-22,2011,9,22,3,목,0,0,0,0,0,18.0,17.0,9.0,8.0,15856,4068,2047,3738,12770,3086,10166,481,1479,3729,1,5690,2011,문화재청_궁능유적본부_4대궁_관람객_수_현황_2011년.csv
2011-09-23,2011,9,23,4,금,0,0,0,0,0,18.0,17.0,9.0,8.0,18062,4773,2111,5310,13298,4764,9592,443,2086,5638,303,8470,2011,문화재청_궁능유적본부_4대궁_관람객_수_현황_2011년.csv
2011-09-24,2011,9,24,5,토,1,0,0,0,0,18.0,17.0,9.0,8.0,21661,8037,3014,10259,16062,5599,13297,539,2201,5548,76,8364,2011,문화재청_궁능유적본부_4대궁_관람객_수_현황_2011년.csv
2011-09-25,2011,9,25,6,일,1,0,0,0,0,18.0,17.0,9.0,8.0,19008,6787,3451,9571,15332,3676,10988,609,1455,4389,1567,8020,2011,문화재청_궁능유적본부_4대궁_관람객_수_현황_2011년.csv
2011-09-26,2011,9,26,0,월,0,0,0,0,0,18.0,17.0,9.0,8.0,13732,1184,611,1393,11290,2442,6190,597,2447,4399,99,7542,2011,문화재청_궁능유적본부_4대궁_관람객_수_현황_2011년.csv
2011-09-27,2011,9,27,1,화,0,1,0,0,0,18.0,17.0,9.0,8.0,2866,6699,1668,3153,2084,782,1754,147,351,613,1,1112,2011,문화재청_궁능유적본부_4대궁_관람객_수_현황_2011년.csv
2011-09-28,2011,9,28,2,수,0,0,0,0,0,18.0,17.0,9.0,8.0,15519,4289,1608,2960,11041,4478,7402,473,2161,4038,1445,8117,2011,문화재청_궁능유적본부_4대궁_관람객_수_현황_2011년.csv
2011-09-29,2011,9,29,3,목,0,0,0,0,0,18.0,17.0,9.0,8.0,10091,3043,697,1538,8950,1141,6775,650,1077,1574,15,3316,2011,문화재청_궁능유적본부_4대궁_관람객_수_현황_2011년.csv
2011-09-30,2011,9,30,4,금,0,0,0,0,0,18.0,17.0,9.0,8.0,15091,5044,1616,2457,11687,3404,9310,508,1262,3266,745,5781,2011,문화재청_궁능유적본부_4대궁_관람객_수_현황_2011년.csv
2011-10-01,2011,10,1,5,토,1,0,0,0,0,18.0,17.0,9.0,8.0,19056,7490,5182,5178,15226,3830,11337,715,1791,5190,23,7719,2011,문화재청_궁능유적본부_4대궁_관람객_수_현황_2011년.csv
2011-10-02,2011,10,2,6,일,1,0,0,0,0,18.0,17.0,9.0,8.0,32591,14595,5553,9514,0,32591,32591,0,0,0,0,0,2011,문화재청_궁능유적본부_4대궁_관람객_수_현황_2011년.csv
2011-10-03,2011,10,3,0,월,0,0,0,0,1,18.0,17.0,9.0,8.0,26879,7337,4990,5085,21478,5401,18591,369,2299,5589,31,8288,2011,문화재청_궁능유적본부_4대궁_관람객_수_현황_2011년.csv
2011-10-04,2011,10,4,1,화,0,1,1,0,0,18.0,17.0,9.0,8.0,0,7057,2152,3742,0,0,0,0,0,0,0,0,2011,문화재청_궁능유적본부_4대궁_관람객_수_현황_2011년.csv
2011-10-05,2011,10,5,2,수,0,0,0,0,0,18.0,17.0,9.0,8.0,22302,5121,2242,2191,12118,10184,15040,564,1357,5310,31,7262,2011,문화재청_궁능유적본부_4대궁_관람객_수_현황_2011년.csv
2011-10-06,2011,10,6,3,목,0,0,0,0,0,18.0,17.0,9.0,8.0,19335,5333,2403,2898,10284,9051,14252,602,1126,3317,38,5083,2011,문화재청_궁능유적본부_4대궁_관람객_수_현황_2011년.csv
2011-10-07,2011,10,7,4,금,0,0,0,0,0,18.0,17.0,9.0,8.0,20390,5698,3471,9377,11547,8843,15802,436,1651,2449,52,4588,2011,문화재청_궁능유적본부_4대궁_관람객_수_현황_2011년.csv
2011-10-08,2011,10,8,5,토,1,0,0,0,0,18.0,17.0,9.0,8.0,26383,8780,5745,10520,20419,5964,20542,649,1537,3572,83,5841,2011,문화재청_궁능유적본부_4대궁_관람객_수_현황_2011년.csv
2011-10-09,2011,10,9,6,일,1,0,0,0,0,18.0,17.0,9.0,8.0,25761,7651,5176,9299,20718,5043,20936,583,1643,2595,4,4825,2011,문화재청_궁능유적본부_4대궁_관람객_수_현황_2011년.csv
2011-10-10,2011,10,10,0,월,0,0,0,3,0,18.0,17.0,9.0,8.0,11583,0,0,0,7986,3597,7899,292,1336,2043,13,3684,2011,문화재청_궁능유적본부_4대궁_관람객_수_현황_2011년.csv
2011-10-11,2011,10,11,1,화,0,1,1,0,0,18.0,17.0,9.0,8.0,0,8900,2781,4835,0,0,0,0,0,0,0,0,2011,문화재청_궁능유적본부_4대궁_관람객_수_현황_2011년.csv
2011-10-12,2011,10,12,2,수,0,0,0,0,0,18.0,17.0,9.0,8.0,16503,5393,4677,3625,8590,7913,10633,569,1205,3854,242,5870,2011,문화재청_궁능유적본부_4대궁_관람객_수_현황_2011년.csv
2011-10-13,2011,10,13,3,목,0,0,0,0,0,18.0,17.0,9.0,8.0,17875,5746,2200,3847,7454,10421,12954,415,1547,2777,182,4921,2011,문화재청_궁능유적본부_4대궁_관람객_수_현황_2011년.csv
2011-10-14,2011,10,14,4,금,0,0,0,0,0,18.0,17.0,9.0,8.0,13696,6290,2542,1559,7013,6683,9190,339,1406,2705,56,4506,2011,문화재청_궁능유적본부_4대궁_관람객_수_현황_2011년.csv
2011-10-15,2011,10,15,5,토,1,0,0,0,0,18.0,17.0,9.0,8.0,11186,5389,1715,3038,8488,2698,6740,357,1140,2919,30,4446,2011,문화재청_궁능유적본부_4대궁_관람객_수_현황_2011년.csv
2011-10-16,2011,10,16,6,일,1,0,0,0,0,18.0,17.0,9.0,8.0,15760,7712,3420,4592,12988,2772,10210,422,1445,3639,44,5550,2011,문화재청_궁능유적본부_4대궁_관람객_수_현황_2011년.csv
2011-10-17,2011,10,17,0,월,0,0,0,3,0,18.0,17.0,9.0,8.0,14223,0,0,0,10482,3741,7911,435,2208,3666,3,6312,2011,문화재청_궁능유적본부_4대궁_관람객_수_현황_2011년.csv
2011-10-18,2011,10,18,1,화,0,1,1,0,0,18.0,17.0,9.0,8.0,0,9500,2006,3247,0,0,0,0,0,0,0,0,2011,문화재청_궁능유적본부_4대궁_관람객_수_현황_2011년.csv
2011-10-19,2011,10,19,2,수,0,0,0,0,0,18.0,17.0,9.0,8.0,20036,5933,2370,2616,11585,8451,11847,500,1621,6038,30,8189,2011,문화재청_궁능유적본부_4대궁_관람객_수_현황_2011년.csv
2011-10-20,2011,10,20,3,목,0,0,0,0,0,18.0,17.0,9.0,8.0,18237,6833,2730,2631,9254,8983,12289,471,1479,3779,219,5948,2011,문화재청_궁능유적본부_4대궁_관람객_수_현황_2011년.csv
2011-10-21,2011,10,21,4,금,0,0,0,0,0,18.0,17.0,9.0,8.0,17246,7868,5218,5724,10119,7127,10731,612,1436,4380,87,6515,2011,문화재청_궁능유적본부_4대궁_관람객_수_현황_2011년.csv
2011-10-22,2011,10,22,5,토,1,0,0,0,0,18.0,17.0,9.0,8.0,23154,11600,4805,7519,17516,5638,16438,394,1335,4903,84,6716,2011,문화재청_궁능유적본부_4대궁_관람객_수_현황_2011년.csv
2011-10-23,2011,10,23,6,일,1,0,0,0,0,18.0,17.0,9.0,8.0,20115,12530,4877,6228,16564,3551,13157,537,1005,5376,40,6958,2011,문화재청_궁능유적본부_4대궁_관람객_수_현황_2011년.csv
2011-10-24,2011,10,24,0,월,0,0,0,3,0,18.0,17.0,9.0,8.0,11498,0,0,0,9833,1665,4605,239,1525,5098,31,6893,2011,문화재청_궁능유적본부_4대궁_관람객_수_현황_2011년.csv
2011-10-25,2011,10,25,1,화,0,1,1,0,0,18.0,17.0,9.0,8.0,0,11192,2562,4787,0,0,0,0,0,0,0,0,2011,문화재청_궁능유적본부_4대궁_관람객_수_현황_2011년.csv
2011-10-26,2011,10,26,2,수,0,0,0,0,0,18.0,17.0,9.0,8.0,17593,7208,1943,3110,11857,5736,9317,289,1538,6384,65,8276,2011,문화재청_궁능유적본부_4대궁_관람객_수_현황_2011년.csv
2011-10-27,2011,10,27,3,목,0,0,0,0,0,18.0,17.0,9.0,8.0,19828,7734,3000,3601,10198,9630,13300,701,2145,3254,428,6528,2011,문화재청_궁능유적본부_4대궁_관람객_수_현황_2011년.csv
2011-10-28,2011,10,28,4,금,0,0,0,0,0,18.0,17.0,9.0,8.0,16963,8963,2691,4104,11841,5122,9611,571,1932,4844,5,7352,2011,문화재청_궁능유적본부_4대궁_관람객_수_현황_2011년.csv
2011-10-29,2011,10,29,5,토,1,0,0,0,0,18.0,17.0,9.0,8.0,19655,9955,3438,6128,15436,4219,10872,366,1890,6487,40,8783,2011,문화재청_궁능유적본부_4대궁_관람객_수_현황_2011년.csv
2011-10-30,2011,10,30,6,일,1,0,0,0,0,18.0,17.0,9.0,8.0,28046,14676,7980,8875,20209,7837,21522,364,1203,4953,4,6524,2011,문화재청_궁능유적본부_4대궁_관람객_수_현황_2011년.csv
2011-10-31,2011,10,31,0,월,0,0,0,3,0,18.0,17.0,9.0,8.0,12848,0,0,0,11079,1769,5673,250,1953,4964,8,7175,2011,문화재청_궁능유적본부_4대궁_관람객_수_현황_2011년.csv
2011-11-01,2011,11,1,1,화,0,1,1,0,0,17.0,16.0,8.0,7.0,0,9234,4208,6012,0,0,0,0,0,0,0,0,2011,문화재청_궁능유적본부_4대궁_관람객_수_현황_2011년.csv
2011-11-02,2011,11,2,2,수,0,0,0,0,0,17.0,16.0,8.0,7.0,13327,6656,3523,4755,9367,3960,7343,228,2253,3439,64,5984,2011,문화재청_궁능유적본부_4대궁_관람객_수_현황_2011년.csv
2011-11-03,2011,11,3,3,목,0,0,0,0,0,17.0,16.0,8.0,7.0,13796,6806,3591,5041,8987,4809,8988,188,1371,3242,7,4808,2011,문화재청_궁능유적본부_4대궁_관람객_수_현황_2011년.csv
2011-11-04,2011,11,4,4,금,0,0,0,0,0,17.0,16.0,8.0,7.0,11548,7345,3280,4862,8395,3153,6273,324,2194,2511,246,5275,2011,문화재청_궁능유적본부_4대궁_관람객_수_현황_2011년.csv
2011-11-05,2011,11,5,5,토,1,0,0,0,0,17.0,16.0,8.0,7.0,17266,9346,4661,10190,14372,2894,11128,364,1648,4087,39,6138,2011,문화재청_궁능유적본부_4대궁_관람객_수_현황_2011년.csv
2011-11-06,2011,11,6,6,일,1,0,0,0,0,17.0,16.0,8.0,7.0,12213,8052,3074,5901,10312,1901,7149,292,1497,3226,49,5064,2011,문화재청_궁능유적본부_4대궁_관람객_수_현황_2011년.csv
2011-11-07,2011,11,7,0,월,0,0,0,3,0,17.0,16.0,8.0,7.0,11356,0,0,0,9948,1408,5911,202,1630,3590,23,5445,2011,문화재청_궁능유적본부_4대궁_관람객_수_현황_2011년.csv
2011-11-08,2011,11,8,1,화,0,1,1,0,0,17.0,16.0,8.0,7.0,0,9092,3105,5877,0,0,0,0,0,0,0,0,2011,문화재청_궁능유적본부_4대궁_관람객_수_현황_2011년.csv
2011-11-09,2011,11,9,2,수,0,0,0,0,0,17.0,16.0,8.0,7.0,12005,6391,2408,3678,8954,3051,7018,286,1144,3484,73,4987,2011,문화재청_궁능유적본부_4대궁_관람객_수_현황_2011년.csv
2011-11-10,2011,11,10,3,목,0,0,0,0,0,17.0,16.0,8.0,7.0,12162,6802,2334,3619,8556,3606,6970,265,1085,3820,22,5192,2011,문화재청_궁능유적본부_4대궁_관람객_수_현황_2011년.csv
2011-11-11,2011,11,11,4,금,0,0,0,0,0,17.0,16.0,8.0,7.0,11299,6418,2146,3517,8644,2655,5909,241,1662,3462,25,5390,2011,문화재청_궁능유적본부_4대궁_관람객_수_현황_2011년.csv
2011-11-12,2011,11,12,5,토,1,0,0,0,0,17.0,16.0,8.0,7.0,20085,12356,5443,8915,15199,4886,14082,319,1586,4047,51,6003,2011,문화재청_궁능유적본부_4대궁_관람객_수_현황_2011년.csv
2011-11-13,2011,11,13,6,일,1,0,0,0,0,17.0,16.0,8.0,7.0,17389,10817,5190,6957,14345,3044,12139,504,1674,3066,6,5250,2011,문화재청_궁능유적본부_4대궁_관람객_수_현황_2011년.csv
2011-11-14,2011,11,14,0,월,0,0,0,3,0,17.0,16.0,8.0,7.0,11208,0,0,0,8568,2640,6220,270,2522,2192,4,4988,2011,문화재청_궁능유적본부_4대궁_관람객_수_현황_2011년.csv
2011-11-15,2011,11,15,1,화,0,1,1,0,0,17.0,16.0,8.0,7.0,0,6335,2054,3374,0,0,0,0,0,0,0,0,2011,문화재청_궁능유적본부_4대궁_관람객_수_현황_2011년.csv
2011-11-16,2011,11,16,2,수,0,0,0,0,0,17.0,16.0,8.0,7.0,11569,4559,1743,2447,8613,2956,6199,132,1351,3766,121,5370,2011,문화재청_궁능유적본부_4대궁_관람객_수_현황_2011년.csv
2011-11-17,2011,11,17,3,목,0,0,0,0,0,17.0,16.0,8.0,7.0,9231,4098,1292,2156,7152,2079,4452,287,822,3287,383,4779,2011,문화재청_궁능유적본부_4대궁_관람객_수_현황_2011년.csv
2011-11-18,2011,11,18,4,금,0,0,0,0,0,17.0,16.0,8.0,7.0,8552,3266,936,2025,6657,1895,4366,347,1106,2671,62,4186,2011,문화재청_궁능유적본부_4대궁_관람객_수_현황_2011년.csv
2011-11-19,2011,11,19,5,토,1,0,0,0,0,17.0,16.0,8.0,7.0,14614,5874,2253,5131,11521,3093,9464,379,1508,3185,78,5150,2011,문화재청_궁능유적본부_4대궁_관람객_수_현황_2011년.csv
2011-11-20,2011,11,20,6,일,1,0,0,0,0,17.0,16.0,8.0,7.0,11713,5348,1664,3187,10022,1691,6740,297,1012,3659,5,4973,2011,문화재청_궁능유적본부_4대궁_관람객_수_현황_2011년.csv
2011-11-21,2011,11,21,0,월,0,0,0,3,0,17.0,16.0,8.0,7.0,10312,0,0,0,8000,2312,5516,353,1429,3010,4,4796,2011,문화재청_궁능유적본부_4대궁_관람객_수_현황_2011년.csv
2011-11-22,2011,11,22,1,화,0,1,1,0,0,17.0,16.0,8.0,7.0,0,5642,1067,2628,0,0,0,0,0,0,0,0,2011,문화재청_궁능유적본부_4대궁_관람객_수_현황_2011년.csv
2011-11-23,2011,11,23,2,수,0,0,0,0,0,17.0,16.0,8.0,7.0,9558,4038,1098,1500,7497,2061,4591,234,1621,3087,25,4967,2011,문화재청_궁능유적본부_4대궁_관람객_수_현황_2011년.csv
2011-11-24,2011,11,24,3,목,0,0,0,0,0,17.0,16.0,8.0,7.0,11584,3121,808,1622,6901,4683,7331,401,1106,2679,67,4253,2011,문화재청_궁능유적본부_4대궁_관람객_수_현황_2011년.csv
2011-11-25,2011,11,25,4,금,0,0,0,0,0,17.0,16.0,8.0,7.0,11515,3743,1034,1683,7038,4477,7879,366,840,2430,0,3636,2011,문화재청_궁능유적본부_4대궁_관람객_수_현황_2011년.csv
2011-11-26,2011,11,26,5,토,1,0,0,0,0,17.0,16.0,8.0,7.0,12970,5015,1702,4599,10520,2450,7552,323,1240,3801,54,5418,2011,문화재청_궁능유적본부_4대궁_관람객_수_현황_2011년.csv
2011-11-27,2011,11,27,6,일,1,0,0,0,0,17.0,16.0,8.0,7.0,11426,4895,1482,3780,10044,1382,6137,488,1225,3537,39,5289,2011,문화재청_궁능유적본부_4대궁_관람객_수_현황_2011년.csv
2011-11-28,2011,11,28,0,월,0,0,0,3,0,17.0,16.0,8.0,7.0,11402,0,0,0,7602,3800,5945,407,1803,3247,0,5457,2011,문화재청_궁능유적본부_4대궁_관람객_수_현황_2011년.csv
2011-11-29,2011,11,29,1,화,0,1,1,0,0,17.0,16.0,8.0,7.0,0,3697,1370,2816,0,0,0,0,0,0,0,0,2011,문화재청_궁능유적본부_4대궁_관람객_수_현황_2011년.csv
2011-11-30,2011,11,30,2,수,0,0,0,0,0,17.0,16.0,8.0,7.0,6218,1890,231,1195,4605,1613,2715,140,794,2546,23,3503,2011,문화재청_궁능유적본부_4대궁_관람객_수_현황_2011년.csv
2011-12-01,2011,12,1,3,목,0,0,0,0,0,17.0,16.0,8.0,7.0,8378,3036,866,1977,6897,1481,3905,247,1165,3027,34,4473,2011,문화재청_궁능유적본부_4대궁_관람객_수_현황_2011년.csv
2011-12-02,2011,12,2,4,금,0,0,0,0,0,17.0,16.0,8.0,7.0,7315,2452,616,1686,6455,860,2944,164,832,3233,142,4371,2011,문화재청_궁능유적본부_4대궁_관람객_수_현황_2011년.csv
2011-12-03,2011,12,3,5,토,1,0,0,0,0,17.0,16.0,8.0,7.0,9427,3920,1198,3646,8325,1102,5154,265,845,3142,21,4273,2011,문화재청_궁능유적본부_4대궁_관람객_수_현황_2011년.csv
2011-12-04,2011,12,4,6,일,1,0,0,0,0,17.0,16.0,8.0,7.0,10896,4329,1187,3393,9626,1270,5663,402,1163,3630,38,5233,2011,문화재청_궁능유적본부_4대궁_관람객_수_현황_2011년.csv
2011-12-05,2011,12,5,0,월,0,0,0,2,0,17.0,16.0,8.0,7.0,7610,43,0,0,6650,960,3668,221,1095,2603,23,3942,2011,문화재청_궁능유적본부_4대궁_관람객_수_현황_2011년.csv
2011-12-06,2011,12,6,1,화,0,1,1,0,0,17.0,16.0,8.0,7.0,0,3775,868,2446,0,0,0,0,0,0,0,0,2011,문화재청_궁능유적본부_4대궁_관람객_수_현황_2011년.csv
2011-12-07,2011,12,7,2,수,0,0,0,0,0,17.0,16.0,8.0,7.0,9074,2073,669,988,7274,1800,3357,391,1483,3783,60,5717,2011,문화재청_궁능유적본부_4대궁_관람객_수_현황_2011년.csv
2011-12-08,2011,12,8,3,목,0,0,0,0,0,17.0,16.0,8.0,7.0,8360,1871,557,1180,6491,1869,3688,154,698,3749,71,4672,2011,문화재청_궁능유적본부_4대궁_관람객_수_현황_2011년.csv
2011-12-09,2011,12,9,4,금,0,0,0,0,0,17.0,16.0,8.0,7.0,8594,2478,484,936,5937,2657,4961,201,699,2696,37,3633,2011,문화재청_궁능유적본부_4대궁_관람객_수_현황_2011년.csv
2011-12-10,2011,12,10,5,토,1,0,0,0,0,17.0,16.0,8.0,7.0,9957,3099,917,2119,8613,1344,4949,538,1084,3302,84,5008,2011,문화재청_궁능유적본부_4대궁_관람객_수_현황_2011년.csv
2011-12-11,2011,12,11,6,일,1,0,0,0,0,17.0,16.0,8.0,7.0,10627,3652,1070,2110,9405,1222,5361,202,629,4433,2,5266,2011,문화재청_궁능유적본부_4대궁_관람객_수_현황_2011년.csv
2011-12-12,2011,12,12,0,월,0,0,0,3,0,17.0,16.0,8.0,7.0,8460,0,0,0,7304,1156,3356,259,1350,3495,0,5104,2011,문화재청_궁능유적본부_4대궁_관람객_수_현황_2011년.csv
2011-12-13,2011,12,13,1,화,0,1,1,0,0,17.0,16.0,8.0,7.0,0,3637,1067,2189,0,0,0,0,0,0,0,0,2011,문화재청_궁능유적본부_4대궁_관람객_수_현황_2011년.csv
2011-12-14,2011,12,14,2,수,0,0,0,0,0,17.0,16.0,8.0,7.0,9672,2266,576,1170,7318,2354,4491,289,776,4111,5,5181,2011,문화재청_궁능유적본부_4대궁_관람객_수_현황_2011년.csv
2011-12-15,2011,12,15,3,목,0,0,0,0,0,17.0,16.0,8.0,7.0,6651,1516,508,743,5876,775,2802,78,809,2962,0,3849,2011,문화재청_궁능유적본부_4대궁_관람객_수_현황_2011년.csv
2011-12-16,2011,12,16,4,금,0,0,0,0,0,17.0,16.0,8.0,7.0,8388,1980,374,648,5219,3169,4512,187,870,2808,11,3876,2011,문화재청_궁능유적본부_4대궁_관람객_수_현황_2011년.csv
2011-12-17,2011,12,17,5,토,1,0,0,0,0,17.0,16.0,8.0,7.0,8172,2281,629,1856,7520,652,2830,363,955,4021,3,5342,2011,문화재청_궁능유적본부_4대궁_관람객_수_현황_2011년.csv
2011-12-18,2011,12,18,6,일,1,0,0,0,0,17.0,16.0,8.0,7.0,9528,3264,852,2382,8336,1192,4125,548,1028,3752,75,5403,2011,문화재청_궁능유적본부_4대궁_관람객_수_현황_2011년.csv
2011-12-19,2011,12,19,0,월,0,0,0,3,0,17.0,16.0,8.0,7.0,7387,0,0,0,6512,875,2742,278,870,3486,11,4645,2011,문화재청_궁능유적본부_4대궁_관람객_수_현황_2011년.csv
2011-12-20,2011,12,20,1,화,0,1,1,0,0,17.0,16.0,8.0,7.0,0,3092,1164,2501,0,0,0,0,0,0,0,0,2011,문화재청_궁능유적본부_4대궁_관람객_수_현황_2011년.csv
2011-12-21,2011,12,21,2,수,0,0,0,0,0,17.0,16.0,8.0,7.0,8125,1844,731,1600,6482,1643,2890,467,753,4009,6,5235,2011,문화재청_궁능유적본부_4대궁_관람객_수_현황_2011년.csv
2011-12-22,2011,12,22,3,목,0,0,0,0,0,17.0,16.0,8.0,7.0,7288,2298,445,990,5381,1907,3015,314,714,3244,1,4273,2011,문화재청_궁능유적본부_4대궁_관람객_수_현황_2011년.csv
2011-12-23,2011,12,23,4,금,0,0,0,0,0,17.0,16.0,8.0,7.0,6791,1833,441,1452,5361,1430,2742,495,921,2614,19,4049,2011,문화재청_궁능유적본부_4대궁_관람객_수_현황_2011년.csv
2011-12-24,2011,12,24,5,토,1,0,0,0,0,17.0,16.0,8.0,7.0,10189,3016,826,2947,8959,1230,4082,419,1171,4497,20,6107,2011,문화재청_궁능유적본부_4대궁_관람객_수_현황_2011년.csv
2011-12-25,2011,12,25,6,일,1,0,0,0,1,17.0,16.0,8.0,7.0,8080,2032,542,2344,7286,794,3212,455,723,3683,7,4868,2011,문화재청_궁능유적본부_4대궁_관람객_수_현황_2011년.csv
2011-12-26,2011,12,26,0,월,0,0,0,3,0,17.0,16.0,8.0,7.0,8027,0,0,0,6786,1241,2747,652,1109,3511,8,5280,2011,문화재청_궁능유적본부_4대궁_관람객_수_현황_2011년.csv
2011-12-27,2011,12,27,1,화,0,1,1,0,0,17.0,16.0,8.0,7.0,0,3862,997,2863,0,0,0,0,0,0,0,0,2011,문화재청_궁능유적본부_4대궁_관람객_수_현황_2011년.csv
2011-12-28,2011,12,28,2,수,0,0,0,0,0,17.0,16.0,8.0,7.0,8982,2943,1057,1388,7651,1331,3465,425,1615,3475,2,5517,2011,문화재청_궁능유적본부_4대궁_관람객_수_현황_2011년.csv
2011-12-29,2011,12,29,3,목,0,0,0,0,0,17.0,16.0,8.0,7.0,9155,2904,836,1688,7486,1669,4044,420,1421,3267,3,5111,2011,문화재청_궁능유적본부_4대궁_관람객_수_현황_2011년.csv
2011-12-30,2011,12,30,4,금,0,0,0,0,0,17.0,16.0,8.0,7.0,8841,3020,823,1865,7234,1607,4016,434,1572,2816,3,4825,2011,문화재청_궁능유적본부_4대궁_관람객_수_현황_2011년.csv
2011-12-31,2011,12,31,5,토,1,0,0,0,0,17.0,16.0,8.0,7.0,13356,3475,967,3033,10956,2400,6210,483,1381,5251,31,7146,2011,문화재청_궁능유적본부_4대궁_관람객_수_현황_2011년.csv
2012-01-01,2012,1,1,6,일,1,0,0,0,1,17.0,16.0,8.0,7.0,11504,3774,1200,2268,9838,1666,5726,467,967,4293,51,5778,2012,문화재청_궁능유적본부_4대궁_관람객_수_현황_2012년.csv
2012-01-02,2012,1,2,0,월,0,0,0,3,0,17.0,16.0,8.0,7.0,7548,0,0,0,6650,898,2661,356,1231,3232,68,4887,2012,문화재청_궁능유적본부_4대궁_관람객_수_현황_2012년.csv
2012-01-03,2012,1,3,1,화,0,1,1,0,0,17.0,16.0,8.0,7.0,0,3540,704,1853,0,0,0,0,0,0,0,0,2012,문화재청_궁능유적본부_4대궁_관람객_수_현황_2012년.csv
2012-01-04,2012,1,4,2,수,0,0,0,0,0,17.0,16.0,8.0,7.0,6445,2012,386,1082,5612,833,2485,190,1320,2417,33,3960,2012,문화재청_궁능유적본부_4대궁_관람객_수_현황_2012년.csv
2012-01-05,2012,1,5,3,목,0,0,0,0,0,17.0,16.0,8.0,7.0,4820,1989,587,1004,3929,891,2230,179,894,1499,18,2590,2012,문화재청_궁능유적본부_4대궁_관람객_수_현황_2012년.csv
2012-01-06,2012,1,6,4,금,0,0,0,0,0,17.0,16.0,8.0,7.0,5974,2237,857,1249,4781,1193,2953,276,1005,1703,37,3021,2012,문화재청_궁능유적본부_4대궁_관람객_수_현황_2012년.csv
2012-01-07,2012,1,7,5,토,1,0,0,0,0,17.0,16.0,8.0,7.0,8439,3008,973,2908,6715,1724,5105,238,866,2227,3,3334,2012,문화재청_궁능유적본부_4대궁_관람객_수_현황_2012년.csv
2012-01-08,2012,1,8,6,일,1,0,0,0,0,17.0,16.0,8.0,7.0,7699,3109,1074,2595,6066,1633,4656,215,1149,1642,37,3043,2012,문화재청_궁능유적본부_4대궁_관람객_수_현황_2012년.csv
2012-01-09,2012,1,9,0,월,0,0,0,3,0,17.0,16.0,8.0,7.0,5116,0,0,0,4158,958,2351,161,752,1846,6,2765,2012,문화재청_궁능유적본부_4대궁_관람객_수_현황_2012년.csv
2012-01-10,2012,1,10,1,화,0,1,1,0,0,17.0,16.0,8.0,7.0,0,2512,693,1698,0,0,0,0,0,0,0,0,2012,문화재청_궁능유적본부_4대궁_관람객_수_현황_2012년.csv
2012-01-11,2012,1,11,2,수,0,0,0,0,0,17.0,16.0,8.0,7.0,5957,1282,415,1232,4573,1384,2958,105,440,2451,3,2999,2012,문화재청_궁능유적본부_4대궁_관람객_수_현황_2012년.csv
2012-01-12,2012,1,12,3,목,0,0,0,0,0,17.0,16.0,8.0,7.0,4903,1387,545,988,3875,1028,2197,121,471,2105,9,2706,2012,문화재청_궁능유적본부_4대궁_관람객_수_현황_2012년.csv
2012-01-13,2012,1,13,4,금,0,0,0,0,0,17.0,16.0,8.0,7.0,6123,1562,556,1383,4744,1379,3070,164,321,2526,42,3053,2012,문화재청_궁능유적본부_4대궁_관람객_수_현황_2012년.csv
2012-01-14,2012,1,14,5,토,1,0,0,0,0,17.0,16.0,8.0,7.0,9958,3121,1097,3338,7703,2255,5980,359,597,2992,30,3978,2012,문화재청_궁능유적본부_4대궁_관람객_수_현황_2012년.csv
2012-01-15,2012,1,15,6,일,1,0,0,0,0,17.0,16.0,8.0,7.0,9883,3321,1099,2714,8064,1819,5605,282,787,3197,12,4278,2012,문화재청_궁능유적본부_4대궁_관람객_수_현황_2012년.csv
2012-01-16,2012,1,16,0,월,0,0,0,3,0,17.0,16.0,8.0,7.0,7354,0,0,0,6387,967,2521,179,1352,3284,18,4833,2012,문화재청_궁능유적본부_4대궁_관람객_수_현황_2012년.csv
2012-01-17,2012,1,17,1,화,0,1,1,0,0,17.0,16.0,8.0,7.0,0,2911,755,2434,0,0,0,0,0,0,0,0,2012,문화재청_궁능유적본부_4대궁_관람객_수_현황_2012년.csv
2012-01-18,2012,1,18,2,수,0,0,0,0,0,17.0,16.0,8.0,7.0,7051,1766,728,1675,6070,981,2448,187,1065,3343,8,4603,2012,문화재청_궁능유적본부_4대궁_관람객_수_현황_2012년.csv
2012-01-19,2012,1,19,3,목,0,0,0,0,0,17.0,16.0,8.0,7.0,6115,1428,643,1188,4761,1354,2874,50,511,2680,0,3241,2012,문화재청_궁능유적본부_4대궁_관람객_수_현황_2012년.csv
2012-01-20,2012,1,20,4,금,0,0,0,0,0,17.0,16.0,8.0,7.0,4361,1149,530,1149,3741,620,2066,150,318,1823,4,2295,2012,문화재청_궁능유적본부_4대궁_관람객_수_현황_2012년.csv
2012-01-21,2012,1,21,5,토,1,0,0,0,0,17.0,16.0,8.0,7.0,6780,1906,761,2333,5825,955,3718,288,594,2175,5,3062,2012,문화재청_궁능유적본부_4대궁_관람객_수_현황_2012년.csv
2012-01-22,2012,1,22,6,일,1,0,0,0,1,17.0,16.0,8.0,7.0,7547,1596,514,1940,6453,1094,3846,274,440,2985,2,3701,2012,문화재청_궁능유적본부_4대궁_관람객_수_현황_2012년.csv
2012-01-23,2012,1,23,0,월,0,0,0,1,1,17.0,16.0,8.0,7.0,20512,3185,0,2768,0,20512,20512,0,0,0,0,0,2012,문화재청_궁능유적본부_4대궁_관람객_수_현황_2012년.csv
2012-01-24,2012,1,24,1,화,0,1,0,0,1,17.0,16.0,8.0,7.0,8889,2428,1031,3001,7132,1757,5016,242,396,3212,23,3873,2012,문화재청_궁능유적본부_4대궁_관람객_수_현황_2012년.csv
2012-01-25,2012,1,25,2,수,0,0,0,0,0,17.0,16.0,8.0,7.0,8454,1239,515,1425,7737,717,2252,194,724,5258,26,6202,2012,문화재청_궁능유적본부_4대궁_관람객_수_현황_2012년.csv
2012-01-26,2012,1,26,3,목,0,0,0,0,0,17.0,16.0,8.0,7.0,8877,1552,634,1375,7720,1157,2928,411,544,4985,9,5949,2012,문화재청_궁능유적본부_4대궁_관람객_수_현황_2012년.csv
2012-01-27,2012,1,27,4,금,0,0,0,0,0,17.0,16.0,8.0,7.0,7869,1989,736,2147,6843,1026,3131,189,1001,3541,7,4738,2012,문화재청_궁능유적본부_4대궁_관람객_수_현황_2012년.csv
2012-01-28,2012,1,28,5,토,1,0,0,0,0,17.0,16.0,8.0,7.0,14564,3377,1240,3399,12153,2411,6792,482,1279,5928,83,7772,2012,문화재청_궁능유적본부_4대궁_관람객_수_현황_2012년.csv
2012-01-29,2012,1,29,6,일,1,0,0,0,0,17.0,16.0,8.0,7.0,12355,3700,1017,2983,10539,1816,5815,336,1047,5137,20,6540,2012,문화재청_궁능유적본부_4대궁_관람객_수_현황_2012년.csv
2012-01-30,2012,1,30,0,월,0,0,0,3,0,17.0,16.0,8.0,7.0,8718,0,0,0,7644,1074,2609,219,1410,4480,0,6109,2012,문화재청_궁능유적본부_4대궁_관람객_수_현황_2012년.csv
2012-01-31,2012,1,31,1,화,0,1,1,0,0,17.0,16.0,8.0,7.0,0,2890,463,1945,0,0,0,0,0,0,0,0,2012,문화재청_궁능유적본부_4대궁_관람객_수_현황_2012년.csv
2012-02-01,2012,2,1,2,수,0,0,0,0,0,17.0,16.0,8.0,7.0,7623,1595,462,942,6742,881,2972,178,595,3877,1,4651,2012,문화재청_궁능유적본부_4대궁_관람객_수_현황_2012년.csv
2012-02-02,2012,2,2,3,목,0,0,0,0,0,17.0,16.0,8.0,7.0,6030,1147,215,647,5510,520,1710,203,639,3454,24,4320,2012,문화재청_궁능유적본부_4대궁_관람객_수_현황_2012년.csv
2012-02-03,2012,2,3,4,금,0,0,0,0,0,17.0,16.0,8.0,7.0,5522,1275,346,1066,4761,761,2190,346,443,2530,13,3332,2012,문화재청_궁능유적본부_4대궁_관람객_수_현황_2012년.csv
2012-02-04,2012,2,4,5,토,1,0,0,0,0,17.0,16.0,8.0,7.0,8952,2367,796,2589,7736,1216,4543,222,610,3550,27,4409,2012,문화재청_궁능유적본부_4대궁_관람객_수_현황_2012년.csv
2012-02-05,2012,2,5,6,일,1,0,0,0,0,17.0,16.0,8.0,7.0,9150,3428,1184,2793,7819,1331,4976,294,1078,2801,1,4174,2012,문화재청_궁능유적본부_4대궁_관람객_수_현황_2012년.csv
2012-02-06,2012,2,6,0,월,0,0,0,3,0,17.0,16.0,8.0,7.0,6837,0,0,0,5967,870,2968,233,1351,2279,6,3869,2012,문화재청_궁능유적본부_4대궁_관람객_수_현황_2012년.csv
2012-02-07,2012,2,7,1,화,0,1,1,0,0,17.0,16.0,8.0,7.0,0,2119,302,1452,0,0,0,0,0,0,0,0,2012,문화재청_궁능유적본부_4대궁_관람객_수_현황_2012년.csv
2012-02-08,2012,2,8,2,수,0,0,0,0,0,17.0,16.0,8.0,7.0,6444,1116,294,967,5507,937,2351,155,1042,2896,0,4093,2012,문화재청_궁능유적본부_4대궁_관람객_수_현황_2012년.csv
2012-02-09,2012,2,9,3,목,0,0,0,0,0,17.0,16.0,8.0,7.0,5218,1279,437,1037,4850,368,2220,119,628,2251,0,2998,2012,문화재청_궁능유적본부_4대궁_관람객_수_현황_2012년.csv
2012-02-10,2012,2,10,4,금,0,0,0,0,0,17.0,16.0,8.0,7.0,5769,1354,453,1612,5149,620,2384,222,688,2468,7,3385,2012,문화재청_궁능유적본부_4대궁_관람객_수_현황_2012년.csv
2012-02-11,2012,2,11,5,토,1,0,0,0,0,17.0,16.0,8.0,7.0,11985,2533,986,3710,9593,2392,8213,301,916,2545,10,3772,2012,문화재청_궁능유적본부_4대궁_관람객_수_현황_2012년.csv
2012-02-12,2012,2,12,6,일,1,0,0,0,0,17.0,16.0,8.0,7.0,17426,3665,1428,3849,12990,4436,14255,226,570,2324,51,3171,2012,문화재청_궁능유적본부_4대궁_관람객_수_현황_2012년.csv
2012-02-13,2012,2,13,0,월,0,0,0,3,0,17.0,16.0,8.0,7.0,8353,0,0,0,7032,1321,5437,136,789,1987,4,2916,2012,문화재청_궁능유적본부_4대궁_관람객_수_현황_2012년.csv
2012-02-14,2012,2,14,1,화,0,1,1,0,0,17.0,16.0,8.0,7.0,0,3737,1121,2245,0,0,0,0,0,0,0,0,2012,문화재청_궁능유적본부_4대궁_관람객_수_현황_2012년.csv
2012-02-15,2012,2,15,2,수,0,0,0,0,0,17.0,16.0,8.0,7.0,8303,2274,820,953,7169,1134,5618,138,528,2004,15,2685,2012,문화재청_궁능유적본부_4대궁_관람객_수_현황_2012년.csv
2012-02-16,2012,2,16,3,목,0,0,0,0,0,17.0,16.0,8.0,7.0,7531,1858,634,1079,6196,1335,5275,171,550,1533,2,2256,2012,문화재청_궁능유적본부_4대궁_관람객_수_현황_2012년.csv
2012-02-17,2012,2,17,4,금,0,0,0,0,0,17.0,16.0,8.0,7.0,7035,1941,484,860,5784,1251,4893,194,512,1427,9,2142,2012,문화재청_궁능유적본부_4대궁_관람객_수_현황_2012년.csv
2012-02-18,2012,2,18,5,토,1,0,0,0,0,17.0,16.0,8.0,7.0,11880,2958,813,1970,9633,2247,8990,132,891,1865,2,2890,2012,문화재청_궁능유적본부_4대궁_관람객_수_현황_2012년.csv
2012-02-19,2012,2,19,6,일,1,0,0,0,0,17.0,16.0,8.0,7.0,14850,4412,1329,1977,11817,3033,11573,131,681,2445,20,3277,2012,문화재청_궁능유적본부_4대궁_관람객_수_현황_2012년.csv
2012-02-20,2012,2,20,0,월,0,0,0,3,0,17.0,16.0,8.0,7.0,10496,0,0,0,8716,1780,7827,214,852,1600,3,2669,2012,문화재청_궁능유적본부_4대궁_관람객_수_현황_2012년.csv
2012-02-21,2012,2,21,1,화,0,1,1,0,0,17.0,16.0,8.0,7.0,0,4846,1462,2968,0,0,0,0,0,0,0,0,2012,문화재청_궁능유적본부_4대궁_관람객_수_현황_2012년.csv
2012-02-22,2012,2,22,2,수,0,0,0,0,0,17.0,16.0,8.0,7.0,11412,2931,1171,1936,8446,2966,8889,318,728,1471,6,2523,2012,문화재청_궁능유적본부_4대궁_관람객_수_현황_2012년.csv
2012-02-23,2012,2,23,3,목,0,0,0,0,0,17.0,16.0,8.0,7.0,9211,2618,974,1414,7114,2097,7066,341,527,1273,4,2145,2012,문화재청_궁능유적본부_4대궁_관람객_수_현황_2012년.csv
2012-02-24,2012,2,24,4,금,0,0,0,0,0,17.0,16.0,8.0,7.0,11220,3297,1127,1827,8209,3011,8938,110,549,1591,32,2282,2012,문화재청_궁능유적본부_4대궁_관람객_수_현황_2012년.csv
2012-02-25,2012,2,25,5,토,1,0,0,0,0,17.0,16.0,8.0,7.0,18597,4794,1722,3278,13985,4612,15589,477,252,2227,52,3008,2012,문화재청_궁능유적본부_4대궁_관람객_수_현황_2012년.csv
2012-02-26,2012,2,26,6,일,1,0,0,0,0,17.0,16.0,8.0,7.0,16600,5739,1680,2461,12672,3928,13989,251,547,1783,30,2611,2012,문화재청_궁능유적본부_4대궁_관람객_수_현황_2012년.csv
2012-02-27,2012,2,27,0,월,0,0,0,3,0,17.0,16.0,8.0,7.0,10210,0,0,0,8140,2070,7936,142,425,1696,11,2274,2012,문화재청_궁능유적본부_4대궁_관람객_수_현황_2012년.csv
2012-02-28,2012,2,28,1,화,0,1,1,0,0,17.0,16.0,8.0,7.0,0,4818,1421,2805,0,0,0,0,0,0,0,0,2012,문화재청_궁능유적본부_4대궁_관람객_수_현황_2012년.csv
2012-02-29,2012,2,29,2,수,0,0,0,0,0,17.0,16.0,8.0,7.0,12251,2989,1237,2027,9163,3088,8882,356,633,2333,47,3369,2012,문화재청_궁능유적본부_4대궁_관람객_수_현황_2012년.csv
2012-03-01,2012,3,1,3,목,0,0,0,0,1,18.0,17.0,9.0,8.0,43807,6932,4150,5355,19913,23894,38551,422,967,3828,39,5256,2012,문화재청_궁능유적본부_4대궁_관람객_수_현황_2012년.csv
2012-03-02,2012,3,2,4,금,0,0,0,0,0,18.0,17.0,9.0,8.0,5495,1673,449,1073,5105,390,3861,138,631,864,1,1634,2012,문화재청_궁능유적본부_4대궁_관람객_수_현황_2012년.csv
2012-03-03,2012,3,3,5,토,1,0,0,0,0,18.0,17.0,9.0,8.0,27685,5339,2482,3630,14966,12719,24519,317,872,1937,40,3166,2012,문화재청_궁능유적본부_4대궁_관람객_수_현황_2012년.csv
2012-03-04,2012,3,4,6,일,1,0,0,0,0,18.0,17.0,9.0,8.0,12826,4453,1445,2235,10456,2370,9979,360,1196,1285,6,2847,2012,문화재청_궁능유적본부_4대궁_관람객_수_현황_2012년.csv
2012-03-05,2012,3,5,0,월,0,0,0,3,0,18.0,17.0,9.0,8.0,5004,0,0,0,4688,316,2064,251,1170,1519,0,2940,2012,문화재청_궁능유적본부_4대궁_관람객_수_현황_2012년.csv
2012-03-06,2012,3,6,1,화,0,1,1,0,0,18.0,17.0,9.0,8.0,0,2912,316,868,0,0,0,0,0,0,0,0,2012,문화재청_궁능유적본부_4대궁_관람객_수_현황_2012년.csv
2012-03-07,2012,3,7,2,수,0,0,0,0,0,18.0,17.0,9.0,8.0,6191,2036,728,1085,5799,392,3357,212,1219,1394,9,2834,2012,문화재청_궁능유적본부_4대궁_관람객_수_현황_2012년.csv
2012-03-08,2012,3,8,3,목,0,0,0,0,0,18.0,17.0,9.0,8.0,5462,2159,590,764,4880,582,3667,239,644,824,88,1795,2012,문화재청_궁능유적본부_4대궁_관람객_수_현황_2012년.csv
2012-03-09,2012,3,9,4,금,0,0,0,0,0,18.0,17.0,9.0,8.0,6650,2344,730,1020,6162,488,3559,380,1134,1569,8,3091,2012,문화재청_궁능유적본부_4대궁_관람객_수_현황_2012년.csv
2012-03-10,2012,3,10,5,토,1,0,0,0,0,18.0,17.0,9.0,8.0,16950,5138,2026,3081,13800,3150,13363,302,1253,2014,18,3587,2012,문화재청_궁능유적본부_4대궁_관람객_수_현황_2012년.csv
2012-03-11,2012,3,11,6,일,1,0,0,0,0,18.0,17.0,9.0,8.0,10999,3901,897,1376,9493,1506,7212,458,1207,2071,51,3787,2012,문화재청_궁능유적본부_4대궁_관람객_수_현황_2012년.csv
2012-03-12,2012,3,12,0,월,0,0,0,3,0,18.0,17.0,9.0,8.0,6077,0,0,0,5683,394,2872,291,1370,1544,0,3205,2012,문화재청_궁능유적본부_4대궁_관람객_수_현황_2012년.csv
2012-03-13,2012,3,13,1,화,0,1,1,0,0,18.0,17.0,9.0,8.0,0,3901,764,1800,0,0,0,0,0,0,0,0,2012,문화재청_궁능유적본부_4대궁_관람객_수_현황_2012년.csv
2012-03-14,2012,3,14,2,수,0,0,0,0,0,18.0,17.0,9.0,8.0,6912,2691,519,760,6122,790,4635,285,784,1202,6,2277,2012,문화재청_궁능유적본부_4대궁_관람객_수_현황_2012년.csv
2012-03-15,2012,3,15,3,목,0,0,0,0,0,18.0,17.0,9.0,8.0,7589,2501,1024,1202,6655,934,4398,251,717,2132,91,3191,2012,문화재청_궁능유적본부_4대궁_관람객_수_현황_2012년.csv
2012-03-16,2012,3,16,4,금,0,0,0,0,0,18.0,17.0,9.0,8.0,6918,2109,538,1083,6311,607,3184,220,1028,2485,1,3734,2012,문화재청_궁능유적본부_4대궁_관람객_수_현황_2012년.csv
2012-03-17,2012,3,17,5,토,1,0,0,0,0,18.0,17.0,9.0,8.0,18382,5577,2755,4268,14897,3485,14693,477,662,2458,92,3689,2012,문화재청_궁능유적본부_4대궁_관람객_수_현황_2012년.csv
2012-03-18,2012,3,18,6,일,1,0,0,0,0,18.0,17.0,9.0,8.0,17064,5900,2462,2953,14031,3033,13509,172,535,2819,29,3555,2012,문화재청_궁능유적본부_4대궁_관람객_수_현황_2012년.csv
2012-03-19,2012,3,19,0,월,0,0,0,3,0,18.0,17.0,9.0,8.0,8034,0,0,0,7142,892,4823,254,993,1963,1,3211,2012,문화재청_궁능유적본부_4대궁_관람객_수_현황_2012년.csv
2012-03-20,2012,3,20,1,화,0,1,1,0,0,18.0,17.0,9.0,8.0,0,3571,1167,1604,0,0,0,0,0,0,0,0,2012,문화재청_궁능유적본부_4대궁_관람객_수_현황_2012년.csv
2012-03-21,2012,3,21,2,수,0,0,0,0,0,18.0,17.0,9.0,8.0,10372,2767,1115,1152,8688,1684,6297,159,819,3095,2,4075,2012,문화재청_궁능유적본부_4대궁_관람객_수_현황_2012년.csv
2012-03-22,2012,3,22,3,목,0,0,0,0,0,18.0,17.0,9.0,8.0,8617,3017,811,1194,6906,1711,4322,323,669,3254,49,4295,2012,문화재청_궁능유적본부_4대궁_관람객_수_현황_2012년.csv
2012-03-23,2012,3,23,4,금,0,0,0,0,0,18.0,17.0,9.0,8.0,4523,1510,215,418,3775,748,2515,48,215,1738,7,2008,2012,문화재청_궁능유적본부_4대궁_관람객_수_현황_2012년.csv
2012-03-24,2012,3,24,5,토,1,0,0,0,0,18.0,17.0,9.0,8.0,15996,5260,1585,3175,12876,3120,9733,499,1097,4497,170,6263,2012,문화재청_궁능유적본부_4대궁_관람객_수_현황_2012년.csv
2012-03-25,2012,3,25,6,일,1,0,0,0,0,18.0,17.0,9.0,8.0,13336,4573,1500,2330,11559,1777,7924,317,1115,3935,45,5412,2012,문화재청_궁능유적본부_4대궁_관람객_수_현황_2012년.csv
2012-03-26,2012,3,26,0,월,0,0,0,3,0,18.0,17.0,9.0,8.0,11042,0,0,0,8412,2630,6829,326,1347,2538,2,4213,2012,문화재청_궁능유적본부_4대궁_관람객_수_현황_2012년.csv
2012-03-27,2012,3,27,1,화,0,1,0,0,0,18.0,17.0,9.0,8.0,2416,3997,1008,1569,2231,185,1823,81,166,343,3,593,2012,문화재청_궁능유적본부_4대궁_관람객_수_현황_2012년.csv
2012-03-28,2012,3,28,2,수,0,0,0,0,0,18.0,17.0,9.0,8.0,12540,3416,1222,1716,9209,3331,8996,197,1050,2281,16,3544,2012,문화재청_궁능유적본부_4대궁_관람객_수_현황_2012년.csv
2012-03-29,2012,3,29,3,목,0,0,0,0,0,18.0,17.0,9.0,8.0,12309,3479,1195,1486,9167,3142,6809,313,1142,3961,84,5500,2012,문화재청_궁능유적본부_4대궁_관람객_수_현황_2012년.csv
2012-03-30,2012,3,30,4,금,0,0,0,0,0,18.0,17.0,9.0,8.0,10602,3494,835,1483,7958,2644,6564,97,894,2687,360,4038,2012,문화재청_궁능유적본부_4대궁_관람객_수_현황_2012년.csv
2012-03-31,2012,3,31,5,토,1,0,0,0,0,18.0,17.0,9.0,8.0,19230,6241,2080,3239,16164,3066,12970,629,1203,4376,52,6260,2012,문화재청_궁능유적본부_4대궁_관람객_수_현황_2012년.csv
2012-04-01,2012,4,1,6,일,1,0,0,0,0,18.0,17.0,9.0,8.0,16914,6331,2274,2923,14126,2788,11856,357,1284,3390,27,5058,2012,문화재청_궁능유적본부_4대궁_관람객_수_현황_2012년.csv
2012-04-02,2012,4,2,0,월,0,0,0,3,0,18.0,17.0,9.0,8.0,10817,0,0,0,9136,1681,6450,299,2231,1837,0,4367,2012,문화재청_궁능유적본부_4대궁_관람객_수_현황_2012년.csv
2012-04-03,2012,4,3,1,화,0,1,1,0,0,18.0,17.0,9.0,8.0,0,4702,487,1914,0,0,0,0,0,0,0,0,2012,문화재청_궁능유적본부_4대궁_관람객_수_현황_2012년.csv
2012-04-04,2012,4,4,2,수,0,0,0,0,0,18.0,17.0,9.0,8.0,16464,4786,1106,1272,10294,6170,10479,239,1437,4303,6,5985,2012,문화재청_궁능유적본부_4대궁_관람객_수_현황_2012년.csv
2012-04-05,2012,4,5,3,목,0,0,0,0,0,18.0,17.0,9.0,8.0,15301,4142,1037,1510,8001,7300,12477,437,847,1532,8,2824,2012,문화재청_궁능유적본부_4대궁_관람객_수_현황_2012년.csv
2012-04-06,2012,4,6,4,금,0,0,0,0,0,18.0,17.0,9.0,8.0,9476,3514,753,2303,7349,2127,6079,343,475,2566,13,3397,2012,문화재청_궁능유적본부_4대궁_관람객_수_현황_2012년.csv
2012-04-07,2012,4,7,5,토,1,0,0,0,0,18.0,17.0,9.0,8.0,20468,7215,2894,3886,16690,3778,14328,514,1077,4405,144,6140,2012,문화재청_궁능유적본부_4대궁_관람객_수_현황_2012년.csv
2012-04-08,2012,4,8,6,일,1,0,0,0,0,18.0,17.0,9.0,8.0,19640,7250,3450,4197,16521,3119,14684,458,1084,3414,0,4956,2012,문화재청_궁능유적본부_4대궁_관람객_수_현황_2012년.csv
2012-04-09,2012,4,9,0,월,0,0,0,3,0,18.0,17.0,9.0,8.0,12686,0,0,0,10063,2623,8250,486,1537,2405,8,4436,2012,문화재청_궁능유적본부_4대궁_관람객_수_현황_2012년.csv
2012-04-10,2012,4,10,1,화,0,1,1,0,0,18.0,17.0,9.0,8.0,0,5783,1106,2905,0,0,0,0,0,0,0,0,2012,문화재청_궁능유적본부_4대궁_관람객_수_현황_2012년.csv
2012-04-11,2012,4,11,2,수,0,0,0,0,1,18.0,17.0,9.0,8.0,18846,7498,3552,3735,15932,2914,12766,275,686,5098,21,6080,2012,문화재청_궁능유적본부_4대궁_관람객_수_현황_2012년.csv
2012-04-12,2012,4,12,3,목,0,0,0,0,0,18.0,17.0,9.0,8.0,13201,4687,1396,1747,9325,3876,8610,135,753,3675,28,4591,2012,문화재청_궁능유적본부_4대궁_관람객_수_현황_2012년.csv
2012-04-13,2012,4,13,4,금,0,0,0,0,0,18.0,17.0,9.0,8.0,18044,5767,2519,2216,9874,8170,13552,456,690,3332,14,4492,2012,문화재청_궁능유적본부_4대궁_관람객_수_현황_2012년.csv
2012-04-14,2012,4,14,5,토,1,0,0,0,0,18.0,17.0,9.0,8.0,26236,9223,5800,5910,21102,5134,18384,592,1297,5905,58,7852,2012,문화재청_궁능유적본부_4대궁_관람객_수_현황_2012년.csv
2012-04-15,2012,4,15,6,일,1,0,0,0,0,18.0,17.0,9.0,8.0,23927,9865,7336,6164,20291,3636,17027,659,987,5226,28,6900,2012,문화재청_궁능유적본부_4대궁_관람객_수_현황_2012년.csv
2012-04-16,2012,4,16,0,월,0,0,0,3,0,18.0,17.0,9.0,8.0,17925,0,0,0,12179,5746,12013,410,950,4550,2,5912,2012,문화재청_궁능유적본부_4대궁_관람객_수_현황_2012년.csv
2012-04-17,2012,4,17,1,화,0,1,1,0,0,18.0,17.0,9.0,8.0,0,11355,4259,5920,0,0,0,0,0,0,0,0,2012,문화재청_궁능유적본부_4대궁_관람객_수_현황_2012년.csv
2012-04-18,2012,4,18,2,수,0,0,0,0,0,18.0,17.0,9.0,8.0,21736,7041,3707,3886,12405,9331,15485,366,775,5065,45,6251,2012,문화재청_궁능유적본부_4대궁_관람객_수_현황_2012년.csv
2012-04-19,2012,4,19,3,목,0,0,0,0,0,18.0,17.0,9.0,8.0,25375,6560,3676,4567,10717,14658,22499,335,757,1562,222,2876,2012,문화재청_궁능유적본부_4대궁_관람객_수_현황_2012년.csv
2012-04-20,2012,4,20,4,금,0,0,0,0,0,18.0,17.0,9.0,8.0,21475,7316,6038,4052,11402,10073,16302,235,750,4164,24,5173,2012,문화재청_궁능유적본부_4대궁_관람객_수_현황_2012년.csv
2012-04-21,2012,4,21,5,토,1,0,0,0,0,18.0,17.0,9.0,8.0,11041,3381,934,1270,9406,1635,6525,74,487,3915,40,4516,2012,문화재청_궁능유적본부_4대궁_관람객_수_현황_2012년.csv
2012-04-22,2012,4,22,6,일,1,0,0,0,0,18.0,17.0,9.0,8.0,10850,4296,1064,1150,9855,995,5765,147,707,4178,53,5085,2012,문화재청_궁능유적본부_4대궁_관람객_수_현황_2012년.csv
2012-04-23,2012,4,23,0,월,0,0,0,3,0,18.0,17.0,9.0,8.0,19190,0,0,0,12214,6976,12393,634,1799,4362,2,6797,2012,문화재청_궁능유적본부_4대궁_관람객_수_현황_2012년.csv
2012-04-24,2012,4,24,1,화,0,1,1,0,0,18.0,17.0,9.0,8.0,0,11211,5861,4946,0,0,0,0,0,0,0,0,2012,문화재청_궁능유적본부_4대궁_관람객_수_현황_2012년.csv
2012-04-25,2012,4,25,2,수,0,0,0,0,0,18.0,17.0,9.0,8.0,13442,2946,629,580,6790,6652,9225,204,1115,2599,299,4217,2012,문화재청_궁능유적본부_4대궁_관람객_수_현황_2012년.csv
2012-04-26,2012,4,26,3,목,0,0,0,0,0,18.0,17.0,9.0,8.0,21467,5448,6035,2534,11809,9658,16368,516,800,3412,371,5099,2012,문화재청_궁능유적본부_4대궁_관람객_수_현황_2012년.csv
2012-04-27,2012,4,27,4,금,0,0,0,0,0,18.0,17.0,9.0,8.0,18051,5808,3233,3039,10727,7324,11837,504,963,4572,175,6214,2012,문화재청_궁능유적본부_4대궁_관람객_수_현황_2012년.csv
2012-04-28,2012,4,28,5,토,1,0,0,0,0,18.0,17.0,9.0,8.0,27179,9005,5994,5947,21238,5941,22761,456,1070,2788,104,4418,2012,문화재청_궁능유적본부_4대궁_관람객_수_현황_2012년.csv
2012-04-29,2012,4,29,6,일,1,0,0,0,0,18.0,17.0,9.0,8.0,22574,8526,5349,4676,19661,2913,16397,460,911,4701,105,6177,2012,문화재청_궁능유적본부_4대궁_관람객_수_현황_2012년.csv
2012-04-30,2012,4,30,0,월,0,0,0,3,0,18.0,17.0,9.0,8.0,18209,0,0,0,11398,6811,13745,304,662,3469,29,4464,2012,문화재청_궁능유적본부_4대궁_관람객_수_현황_2012년.csv
2012-05-01,2012,5,1,1,화,0,1,1,0,0,18.0,17.0,9.0,8.0,0,11408,5024,5895,0,0,0,0,0,0,0,0,2012,문화재청_궁능유적본부_4대궁_관람객_수_현황_2012년.csv
2012-05-02,2012,5,2,2,수,0,0,0,0,0,18.0,17.0,9.0,8.0,17766,4248,1968,2107,9974,7792,11984,254,1462,3745,321,5782,2012,문화재청_궁능유적본부_4대궁_관람객_수_현황_2012년.csv
2012-05-03,2012,5,3,3,목,0,0,0,0,0,18.0,17.0,9.0,8.0,20478,5247,2269,2347,8686,11792,17236,279,1206,1722,35,3242,2012,문화재청_궁능유적본부_4대궁_관람객_수_현황_2012년.csv
2012-05-04,2012,5,4,4,금,0,0,0,0,0,18.0,17.0,9.0,8.0,14216,6645,5531,3291,8760,5456,10073,147,1465,2479,52,4143,2012,문화재청_궁능유적본부_4대궁_관람객_수_현황_2012년.csv
2012-05-05,2012,5,5,5,토,1,0,0,0,1,18.0,17.0,9.0,8.0,31272,9048,4973,6265,15278,15994,26369,439,1006,3424,34,4903,2012,문화재청_궁능유적본부_4대궁_관람객_수_현황_2012년.csv
2012-05-06,2012,5,6,6,일,1,0,0,0,0,18.0,17.0,9.0,8.0,15850,6582,3933,5066,12907,2943,12491,391,769,2195,4,3359,2012,문화재청_궁능유적본부_4대궁_관람객_수_현황_2012년.csv
2012-05-07,2012,5,7,0,월,0,0,0,3,0,18.0,17.0,9.0,8.0,14307,0,0,0,8181,6126,10336,277,851,2841,2,3971,2012,문화재청_궁능유적본부_4대궁_관람객_수_현황_2012년.csv
2012-05-08,2012,5,8,1,화,0,1,1,0,0,18.0,17.0,9.0,8.0,0,10716,2642,3400,0,0,0,0,0,0,0,0,2012,문화재청_궁능유적본부_4대궁_관람객_수_현황_2012년.csv
2012-05-09,2012,5,9,2,수,0,0,0,0,0,18.0,17.0,9.0,8.0,19646,5042,1648,2315,8041,11605,16029,173,345,3097,2,3617,2012,문화재청_궁능유적본부_4대궁_관람객_수_현황_2012년.csv
2012-05-10,2012,5,10,3,목,0,0,0,0,0,18.0,17.0,9.0,8.0,17140,5526,3170,3312,8415,8725,13528,293,765,2518,36,3612,2012,문화재청_궁능유적본부_4대궁_관람객_수_현황_2012년.csv
2012-05-11,2012,5,11,4,금,0,0,0,0,0,18.0,17.0,9.0,8.0,15876,5718,4647,2869,8936,6940,11354,269,909,3261,83,4522,2012,문화재청_궁능유적본부_4대궁_관람객_수_현황_2012년.csv
2012-05-12,2012,5,12,5,토,1,0,0,0,0,18.0,17.0,9.0,8.0,24015,8221,4056,5139,17841,6174,19537,291,929,3242,16,4478,2012,문화재청_궁능유적본부_4대궁_관람객_수_현황_2012년.csv
2012-05-13,2012,5,13,6,일,1,0,0,0,0,18.0,17.0,9.0,8.0,18304,7784,3663,4496,15231,3073,14848,377,783,2226,70,3456,2012,문화재청_궁능유적본부_4대궁_관람객_수_현황_2012년.csv
2012-05-14,2012,5,14,0,월,0,0,0,3,0,18.0,17.0,9.0,8.0,9866,0,0,0,6220,3646,5375,136,1270,2771,314,4491,2012,문화재청_궁능유적본부_4대궁_관람객_수_현황_2012년.csv
2012-05-15,2012,5,15,1,화,0,1,1,0,0,18.0,17.0,9.0,8.0,0,8471,3514,3114,0,0,0,0,0,0,0,0,2012,문화재청_궁능유적본부_4대궁_관람객_수_현황_2012년.csv
2012-05-16,2012,5,16,2,수,0,0,0,0,0,18.0,17.0,9.0,8.0,20379,5580,2118,2014,12538,7841,15256,357,1313,3319,134,5123,2012,문화재청_궁능유적본부_4대궁_관람객_수_현황_2012년.csv
2012-05-17,2012,5,17,3,목,0,0,0,0,0,18.0,17.0,9.0,8.0,23547,5125,1366,2171,13757,9790,18256,329,971,3761,230,5291,2012,문화재청_궁능유적본부_4대궁_관람객_수_현황_2012년.csv
2012-05-18,2012,5,18,4,금,0,0,0,0,0,18.0,17.0,9.0,8.0,33846,6152,1799,3862,22769,11077,28461,441,832,4099,13,5385,2012,문화재청_궁능유적본부_4대궁_관람객_수_현황_2012년.csv
2012-05-19,2012,5,19,5,토,1,0,0,0,0,18.0,17.0,9.0,8.0,69202,9659,4089,5955,35004,34198,64089,452,982,3619,60,5113,2012,문화재청_궁능유적본부_4대궁_관람객_수_현황_2012년.csv
2012-05-20,2012,5,20,6,일,1,0,0,0,0,18.0,17.0,9.0,8.0,61467,8458,3402,4308,33883,27584,57169,262,812,3221,3,4298,2012,문화재청_궁능유적본부_4대궁_관람객_수_현황_2012년.csv
2012-05-21,2012,5,21,0,월,0,0,0,3,0,18.0,17.0,9.0,8.0,14406,0,0,0,9583,4823,9969,658,1497,2279,3,4437,2012,문화재청_궁능유적본부_4대궁_관람객_수_현황_2012년.csv
2012-05-22,2012,5,22,1,화,0,1,1,0,0,18.0,17.0,9.0,8.0,0,9330,2697,3622,0,0,0,0,0,0,0,0,2012,문화재청_궁능유적본부_4대궁_관람객_수_현황_2012년.csv
2012-05-23,2012,5,23,2,수,0,0,0,0,0,18.0,17.0,9.0,8.0,16943,5190,1954,1955,9199,7744,11509,140,778,4489,27,5434,2012,문화재청_궁능유적본부_4대궁_관람객_수_현황_2012년.csv
2012-05-24,2012,5,24,3,목,0,0,0,0,0,18.0,17.0,9.0,8.0,16551,5252,1774,2551,8502,8049,12004,144,751,3640,12,4547,2012,문화재청_궁능유적본부_4대궁_관람객_수_현황_2012년.csv
2012-05-25,2012,5,25,4,금,0,0,0,0,0,18.0,17.0,9.0,8.0,13765,5588,2527,3338,8215,5550,8764,191,920,3871,19,5001,2012,문화재청_궁능유적본부_4대궁_관람객_수_현황_2012년.csv
2012-05-26,2012,5,26,5,토,1,0,0,0,0,18.0,17.0,9.0,8.0,25308,10243,3863,7419,19772,5536,19107,465,846,4814,76,6201,2012,문화재청_궁능유적본부_4대궁_관람객_수_현황_2012년.csv
2012-05-27,2012,5,27,6,일,1,0,0,0,0,18.0,17.0,9.0,8.0,27758,11651,4413,6833,21827,5931,21899,231,910,4628,90,5859,2012,문화재청_궁능유적본부_4대궁_관람객_수_현황_2012년.csv
2012-05-28,2012,5,28,0,월,0,0,0,0,1,18.0,17.0,9.0,8.0,29022,7716,3719,4885,18847,10175,24535,360,1167,2946,14,4487,2012,문화재청_궁능유적본부_4대궁_관람객_수_현황_2012년.csv
2012-05-29,2012,5,29,1,화,0,1,1,0,0,18.0,17.0,9.0,8.0,0,5948,1152,3119,0,0,0,0,0,0,0,0,2012,문화재청_궁능유적본부_4대궁_관람객_수_현황_2012년.csv
2012-05-30,2012,5,30,2,수,0,0,0,0,0,18.0,17.0,9.0,8.0,15127,4330,1168,2029,7579,7548,10706,206,722,3488,5,4421,2012,문화재청_궁능유적본부_4대궁_관람객_수_현황_2012년.csv
2012-05-31,2012,5,31,3,목,0,0,0,0,0,18.0,17.0,9.0,8.0,12982,4554,1305,3090,7624,5358,10219,523,521,1540,179,2763,2012,문화재청_궁능유적본부_4대궁_관람객_수_현황_2012년.csv
2012-06-01,2012,6,1,4,금,0,0,0,0,0,18.5,17.5,9.5,8.5,12862,4313,1817,3787,8717,4145,8196,114,376,4136,40,4666,2012,문화재청_궁능유적본부_4대궁_관람객_수_현황_2012년.csv
2012-06-02,2012,6,2,5,토,1,0,0,0,0,18.5,17.5,9.5,8.5,18646,15092,11722,6213,15470,3176,14261,369,500,3487,29,4385,2012,문화재청_궁능유적본부_4대궁_관람객_수_현황_2012년.csv
2012-06-03,2012,6,3,6,일,1,0,0,0,0,18.5,17.5,9.5,8.5,15637,6737,2784,4878,13324,2313,11197,175,478,3722,65,4440,2012,문화재청_궁능유적본부_4대궁_관람객_수_현황_2012년.csv
2012-06-04,2012,6,4,0,월,0,0,0,3,0,18.5,17.5,9.5,8.5,10595,0,0,0,8950,1645,5888,368,945,3318,76,4707,2012,문화재청_궁능유적본부_4대궁_관람객_수_현황_2012년.csv
2012-06-05,2012,6,5,1,화,0,1,1,0,0,18.5,17.5,9.5,8.5,0,5790,1518,3459,0,0,0,0,0,0,0,0,2012,문화재청_궁능유적본부_4대궁_관람객_수_현황_2012년.csv
2012-06-06,2012,6,6,2,수,0,0,0,0,1,18.5,17.5,9.5,8.5,21452,7313,3603,5591,17538,3914,16557,421,672,3801,1,4895,2012,문화재청_궁능유적본부_4대궁_관람객_수_현황_2012년.csv
2012-06-07,2012,6,7,3,목,0,0,0,0,0,18.5,17.5,9.5,8.5,9160,3288,930,3225,6506,2654,6428,126,931,1672,3,2732,2012,문화재청_궁능유적본부_4대궁_관람객_수_현황_2012년.csv
2012-06-08,2012,6,8,4,금,0,0,0,0,0,18.5,17.5,9.5,8.5,10211,4585,1568,1961,7667,2544,6783,311,838,2154,125,3428,2012,문화재청_궁능유적본부_4대궁_관람객_수_현황_2012년.csv
2012-06-09,2012,6,9,5,토,1,0,0,0,0,18.5,17.5,9.5,8.5,18933,7163,2879,5505,14996,3937,14241,450,1140,3060,42,4692,2012,문화재청_궁능유적본부_4대궁_관람객_수_현황_2012년.csv
2012-06-10,2012,6,10,6,일,1,0,0,0,0,18.5,17.5,9.5,8.5,14071,6138,2341,4185,11949,2122,9818,510,1373,2342,28,4253,2012,문화재청_궁능유적본부_4대궁_관람객_수_현황_2012년.csv
2012-06-11,2012,6,11,0,월,0,0,0,3,0,18.5,17.5,9.5,8.5,11318,0,0,0,8876,2442,7826,382,915,2162,33,3492,2012,문화재청_궁능유적본부_4대궁_관람객_수_현황_2012년.csv
2012-06-12,2012,6,12,1,화,0,1,1,0,0,18.5,17.5,9.5,8.5,0,5177,1461,2524,0,0,0,0,0,0,0,0,2012,문화재청_궁능유적본부_4대궁_관람객_수_현황_2012년.csv
2012-06-13,2012,6,13,2,수,0,0,0,0,0,18.5,17.5,9.5,8.5,13036,3778,958,2034,8455,4581,10089,327,644,1973,3,2947,2012,문화재청_궁능유적본부_4대궁_관람객_수_현황_2012년.csv
2012-06-14,2012,6,14,3,목,0,0,0,0,0,18.5,17.5,9.5,8.5,11712,3832,1036,2596,8532,3180,7968,253,1040,2406,45,3744,2012,문화재청_궁능유적본부_4대궁_관람객_수_현황_2012년.csv
2012-06-15,2012,6,15,4,금,0,0,0,0,0,18.5,17.5,9.5,8.5,10903,4002,1343,2256,8616,2287,6316,507,1607,2467,6,4587,2012,문화재청_궁능유적본부_4대궁_관람객_수_현황_2012년.csv
2012-06-16,2012,6,16,5,토,1,0,0,0,0,18.5,17.5,9.5,8.5,19457,6739,2670,5078,15497,3960,14014,710,1104,3615,14,5443,2012,문화재청_궁능유적본부_4대궁_관람객_수_현황_2012년.csv
2012-06-17,2012,6,17,6,일,1,0,0,0,0,18.5,17.5,9.5,8.5,14458,5618,2205,3617,12663,1795,11278,372,1028,1747,33,3180,2012,문화재청_궁능유적본부_4대궁_관람객_수_현황_2012년.csv
2012-06-18,2012,6,18,0,월,0,0,0,3,0,18.5,17.5,9.5,8.5,9749,0,0,0,8439,1310,5921,432,1198,2198,0,3828,2012,문화재청_궁능유적본부_4대궁_관람객_수_현황_2012년.csv
2012-06-19,2012,6,19,1,화,0,1,1,0,0,18.5,17.5,9.5,8.5,0,4976,1030,3072,0,0,0,0,0,0,0,0,2012,문화재청_궁능유적본부_4대궁_관람객_수_현황_2012년.csv
2012-06-20,2012,6,20,2,수,0,0,0,0,0,18.5,17.5,9.5,8.5,10291,3361,714,1622,9424,867,5343,267,376,4304,1,4948,2012,문화재청_궁능유적본부_4대궁_관람객_수_현황_2012년.csv
2012-06-21,2012,6,21,3,목,0,0,0,0,0,18.5,17.5,9.5,8.5,10417,3346,922,2215,8396,2021,6918,208,512,2746,33,3499,2012,문화재청_궁능유적본부_4대궁_관람객_수_현황_2012년.csv
2012-06-22,2012,6,22,4,금,0,0,0,0,0,18.5,17.5,9.5,8.5,10569,3626,1314,1824,9251,1318,4822,485,1158,4101,3,5747,2012,문화재청_궁능유적본부_4대궁_관람객_수_현황_2012년.csv
2012-06-23,2012,6,23,5,토,1,0,0,0,0,18.5,17.5,9.5,8.5,16898,5402,1954,4075,14458,2440,11051,469,862,4509,7,5847,2012,문화재청_궁능유적본부_4대궁_관람객_수_현황_2012년.csv
2012-06-24,2012,6,24,6,일,1,0,0,0,0,18.5,17.5,9.5,8.5,13146,4768,1631,3375,11686,1460,8285,361,828,3666,6,4861,2012,문화재청_궁능유적본부_4대궁_관람객_수_현황_2012년.csv
2012-06-25,2012,6,25,0,월,0,0,0,3,0,18.5,17.5,9.5,8.5,10079,0,0,0,9403,676,4821,481,1322,3422,33,5258,2012,문화재청_궁능유적본부_4대궁_관람객_수_현황_2012년.csv
2012-06-26,2012,6,26,1,화,0,1,1,0,0,18.5,17.5,9.5,8.5,0,5305,1036,3236,0,0,0,0,0,0,0,0,2012,문화재청_궁능유적본부_4대궁_관람객_수_현황_2012년.csv
2012-06-27,2012,6,27,2,수,0,0,0,0,0,18.5,17.5,9.5,8.5,11382,3518,792,2098,10107,1275,8166,454,750,1893,119,3216,2012,문화재청_궁능유적본부_4대궁_관람객_수_현황_2012년.csv
2012-06-28,2012,6,28,3,목,0,0,0,0,0,18.5,17.5,9.5,8.5,11108,2924,845,2117,9096,2012,7863,219,723,2248,55,3245,2012,문화재청_궁능유적본부_4대궁_관람객_수_현황_2012년.csv
2012-06-29,2012,6,29,4,금,0,0,0,0,0,18.5,17.5,9.5,8.5,10531,3745,795,1642,9782,749,4868,321,851,4480,11,5663,2012,문화재청_궁능유적본부_4대궁_관람객_수_현황_2012년.csv
2012-06-30,2012,6,30,5,토,1,0,0,0,0,18.5,17.5,9.5,8.5,10864,2593,759,2041,9474,1390,5936,248,805,3869,6,4928,2012,문화재청_궁능유적본부_4대궁_관람객_수_현황_2012년.csv
2012-07-01,2012,7,1,6,일,1,0,0,0,0,18.5,17.5,9.5,8.5,15387,5501,1947,3173,14030,1357,9685,405,951,4251,95,5702,2012,문화재청_궁능유적본부_4대궁_관람객_수_현황_2012년.csv
2012-07-02,2012,7,2,0,월,0,0,0,3,0,18.5,17.5,9.5,8.5,10521,0,0,0,9931,590,5182,370,1356,3610,3,5339,2012,문화재청_궁능유적본부_4대궁_관람객_수_현황_2012년.csv
2012-07-03,2012,7,3,1,화,0,1,1,0,0,18.5,17.5,9.5,8.5,0,4070,1000,2821,0,0,0,0,0,0,0,0,2012,문화재청_궁능유적본부_4대궁_관람객_수_현황_2012년.csv
2012-07-04,2012,7,4,2,수,0,0,0,0,0,18.5,17.5,9.5,8.5,10944,2818,734,1732,9985,959,5229,576,568,4508,63,5715,2012,문화재청_궁능유적본부_4대궁_관람객_수_현황_2012년.csv
2012-07-05,2012,7,5,3,목,0,0,0,0,0,18.5,17.5,9.5,8.5,6996,1828,315,1202,6543,453,4046,323,418,2171,38,2950,2012,문화재청_궁능유적본부_4대궁_관람객_수_현황_2012년.csv
2012-07-06,2012,7,6,4,금,0,0,0,0,0,18.5,17.5,9.5,8.5,7311,2648,437,1110,6745,566,4099,125,625,2421,41,3212,2012,문화재청_궁능유적본부_4대궁_관람객_수_현황_2012년.csv
2012-07-07,2012,7,7,5,토,1,0,0,0,0,18.5,17.5,9.5,8.5,18708,6093,1913,4670,16117,2591,11580,680,1008,5418,22,7128,2012,문화재청_궁능유적본부_4대궁_관람객_수_현황_2012년.csv
2012-07-08,2012,7,8,6,일,1,0,0,0,0,18.5,17.5,9.5,8.5,14600,5474,1711,3031,12808,1792,9039,323,506,4728,4,5561,2012,문화재청_궁능유적본부_4대궁_관람객_수_현황_2012년.csv
2012-07-09,2012,7,9,0,월,0,0,0,3,0,18.5,17.5,9.5,8.5,11138,0,0,0,10246,892,5331,316,627,4752,112,5807,2012,문화재청_궁능유적본부_4대궁_관람객_수_현황_2012년.csv
2012-07-10,2012,7,10,1,화,0,1,1,0,0,18.5,17.5,9.5,8.5,0,5243,1081,3265,0,0,0,0,0,0,0,0,2012,문화재청_궁능유적본부_4대궁_관람객_수_현황_2012년.csv
2012-07-11,2012,7,11,2,수,0,0,0,0,0,18.5,17.5,9.5,8.5,12225,2803,559,1778,10922,1303,6209,224,931,4854,7,6016,2012,문화재청_궁능유적본부_4대궁_관람객_수_현황_2012년.csv
2012-07-12,2012,7,12,3,목,0,0,0,0,0,18.5,17.5,9.5,8.5,13547,3090,998,2517,12040,1507,6533,352,978,5658,26,7014,2012,문화재청_궁능유적본부_4대궁_관람객_수_현황_2012년.csv
2012-07-13,2012,7,13,4,금,0,0,0,0,0,18.5,17.5,9.5,8.5,12283,3226,764,1955,11074,1209,5072,262,629,6291,29,7211,2012,문화재청_궁능유적본부_4대궁_관람객_수_현황_2012년.csv
2012-07-14,2012,7,14,5,토,1,0,0,0,0,18.5,17.5,9.5,8.5,18222,5021,1631,3286,16077,2145,10903,486,794,6014,24,7318,2012,문화재청_궁능유적본부_4대궁_관람객_수_현황_2012년.csv
2012-07-15,2012,7,15,6,일,1,0,0,0,0,18.5,17.5,9.5,8.5,10882,3475,751,1781,9932,950,6252,208,791,3602,29,4630,2012,문화재청_궁능유적본부_4대궁_관람객_수_현황_2012년.csv
2012-07-16,2012,7,16,0,월,0,0,0,3,0,18.5,17.5,9.5,8.5,12408,0,0,0,11077,1331,6493,188,730,4986,11,5915,2012,문화재청_궁능유적본부_4대궁_관람객_수_현황_2012년.csv
2012-07-17,2012,7,17,1,화,0,1,1,0,0,18.5,17.5,9.5,8.5,0,4791,2062,3471,0,0,0,0,0,0,0,0,2012,문화재청_궁능유적본부_4대궁_관람객_수_현황_2012년.csv
2012-07-18,2012,7,18,2,수,0,0,0,0,0,18.5,17.5,9.5,8.5,11786,1879,677,1523,9559,2227,6395,240,346,4783,22,5391,2012,문화재청_궁능유적본부_4대궁_관람객_수_현황_2012년.csv
2012-07-19,2012,7,19,3,목,0,0,0,0,0,18.5,17.5,9.5,8.5,8297,1714,694,1544,7528,769,4671,179,231,3149,67,3626,2012,문화재청_궁능유적본부_4대궁_관람객_수_현황_2012년.csv
2012-07-20,2012,7,20,4,금,0,0,0,0,0,18.5,17.5,9.5,8.5,11706,2935,2154,1822,10300,1406,7767,246,383,3156,154,3939,2012,문화재청_궁능유적본부_4대궁_관람객_수_현황_2012년.csv
2012-07-21,2012,7,21,5,토,1,0,0,0,0,18.5,17.5,9.5,8.5,17685,4685,1552,3687,15057,2628,11053,468,401,5738,25,6632,2012,문화재청_궁능유적본부_4대궁_관람객_수_현황_2012년.csv
2012-07-22,2012,7,22,6,일,1,0,0,0,0,18.5,17.5,9.5,8.5,13303,4129,1253,2324,11706,1597,8855,192,451,3794,11,4448,2012,문화재청_궁능유적본부_4대궁_관람객_수_현황_2012년.csv
2012-07-23,2012,7,23,0,월,0,0,0,3,0,18.5,17.5,9.5,8.5,12659,0,0,0,11159,1500,8806,332,912,2602,7,3853,2012,문화재청_궁능유적본부_4대궁_관람객_수_현황_2012년.csv
2012-07-24,2012,7,24,1,화,0,1,1,0,0,18.5,17.5,9.5,8.5,0,4613,955,2659,0,0,0,0,0,0,0,0,2012,문화재청_궁능유적본부_4대궁_관람객_수_현황_2012년.csv
2012-07-25,2012,7,25,2,수,0,0,0,0,0,18.5,17.5,9.5,8.5,12125,2869,717,1953,10747,1378,6363,573,1012,4164,13,5762,2012,문화재청_궁능유적본부_4대궁_관람객_수_현황_2012년.csv
2012-07-26,2012,7,26,3,목,0,0,0,0,0,18.5,17.5,9.5,8.5,11927,2629,716,2356,9993,1934,4880,298,864,5859,26,7047,2012,문화재청_궁능유적본부_4대궁_관람객_수_현황_2012년.csv
2012-07-27,2012,7,27,4,금,0,0,0,0,0,18.5,17.5,9.5,8.5,11150,2813,946,1728,9562,1588,6965,227,570,3388,0,4185,2012,문화재청_궁능유적본부_4대궁_관람객_수_현황_2012년.csv
2012-07-28,2012,7,28,5,토,1,0,0,0,0,18.5,17.5,9.5,8.5,15818,4165,1426,3130,13335,2483,10212,497,972,4115,22,5606,2012,문화재청_궁능유적본부_4대궁_관람객_수_현황_2012년.csv
2012-07-29,2012,7,29,6,일,1,0,0,0,0,18.5,17.5,9.5,8.5,15824,4536,1062,2378,12967,2857,10423,519,753,4095,34,5401,2012,문화재청_궁능유적본부_4대궁_관람객_수_현황_2012년.csv
2012-07-30,2012,7,30,0,월,0,0,0,3,0,18.5,17.5,9.5,8.5,13818,0,0,0,11301,2517,11126,327,963,1391,11,2692,2012,문화재청_궁능유적본부_4대궁_관람객_수_현황_2012년.csv
2012-07-31,2012,7,31,1,화,0,1,1,0,0,18.5,17.5,9.5,8.5,0,6151,1536,3731,0,0,0,0,0,0,0,0,2012,문화재청_궁능유적본부_4대궁_관람객_수_현황_2012년.csv
2012-08-01,2012,8,1,2,수,0,0,0,0,0,18.5,17.5,9.5,8.5,14501,3623,990,2584,12258,2243,7220,346,602,6292,41,7281,2012,문화재청_궁능유적본부_4대궁_관람객_수_현황_2012년.csv
2012-08-02,2012,8,2,3,목,0,0,0,0,0,18.5,17.5,9.5,8.5,13259,4443,1090,2773,10992,2267,9285,351,532,3071,20,3974,2012,문화재청_궁능유적본부_4대궁_관람객_수_현황_2012년.csv
2012-08-03,2012,8,3,4,금,0,0,0,0,0,18.5,17.5,9.5,8.5,12710,4035,1231,2540,10798,1912,8018,231,972,3462,27,4692,2012,문화재청_궁능유적본부_4대궁_관람객_수_현황_2012년.csv
2012-08-04,2012,8,4,5,토,1,0,0,0,0,18.5,17.5,9.5,8.5,14174,4020,1174,3015,12112,2062,6830,559,870,5854,61,7344,2012,문화재청_궁능유적본부_4대궁_관람객_수_현황_2012년.csv
2012-08-05,2012,8,5,6,일,1,0,0,0,0,18.5,17.5,9.5,8.5,10886,3333,732,2101,9403,1483,6112,142,388,4234,10,4774,2012,문화재청_궁능유적본부_4대궁_관람객_수_현황_2012년.csv
2012-08-06,2012,8,6,0,월,0,0,0,3,0,18.5,17.5,9.5,8.5,10878,0,0,0,9650,1228,4366,159,947,5366,40,6512,2012,문화재청_궁능유적본부_4대궁_관람객_수_현황_2012년.csv
2012-08-07,2012,8,7,1,화,0,1,1,0,0,18.5,17.5,9.5,8.5,0,4592,944,2953,0,0,0,0,0,0,0,0,2012,문화재청_궁능유적본부_4대궁_관람객_수_현황_2012년.csv
2012-08-08,2012,8,8,2,수,0,0,0,0,0,18.5,17.5,9.5,8.5,14197,3019,722,2136,12219,1978,6848,236,374,6710,29,7349,2012,문화재청_궁능유적본부_4대궁_관람객_수_현황_2012년.csv
2012-08-09,2012,8,9,3,목,0,0,0,0,0,18.5,17.5,9.5,8.5,13408,2419,993,2552,11533,1875,7558,278,673,4886,13,5850,2012,문화재청_궁능유적본부_4대궁_관람객_수_현황_2012년.csv
2012-08-10,2012,8,10,4,금,0,0,0,0,0,18.5,17.5,9.5,8.5,14462,3534,1101,2657,12113,2349,6401,361,713,6883,104,8061,2012,문화재청_궁능유적본부_4대궁_관람객_수_현황_2012년.csv
2012-08-11,2012,8,11,5,토,1,0,0,0,0,18.5,17.5,9.5,8.5,19015,4988,2062,4447,15938,3077,10426,371,889,7282,47,8589,2012,문화재청_궁능유적본부_4대궁_관람객_수_현황_2012년.csv
2012-08-12,2012,8,12,6,일,1,0,0,0,0,18.5,17.5,9.5,8.5,13874,4331,1236,2795,11731,2143,6654,314,1111,5737,58,7220,2012,문화재청_궁능유적본부_4대궁_관람객_수_현황_2012년.csv
2012-08-13,2012,8,13,0,월,0,0,0,3,0,18.5,17.5,9.5,8.5,16747,0,0,0,14042,2705,8889,264,1295,6286,13,7858,2012,문화재청_궁능유적본부_4대궁_관람객_수_현황_2012년.csv
2012-08-14,2012,8,14,1,화,0,1,1,0,0,18.5,17.5,9.5,8.5,0,8241,1824,4544,0,0,0,0,0,0,0,0,2012,문화재청_궁능유적본부_4대궁_관람객_수_현황_2012년.csv
2012-08-15,2012,8,15,2,수,0,0,0,0,1,18.5,17.5,9.5,8.5,13693,2537,705,1988,12012,1681,8559,119,516,4449,50,5134,2012,문화재청_궁능유적본부_4대궁_관람객_수_현황_2012년.csv
2012-08-16,2012,8,16,3,목,0,0,0,0,0,18.5,17.5,9.5,8.5,17274,4801,1400,3167,14729,2545,9577,302,854,6486,55,7697,2012,문화재청_궁능유적본부_4대궁_관람객_수_현황_2012년.csv
2012-08-17,2012,8,17,4,금,0,0,0,0,0,18.5,17.5,9.5,8.5,14544,4718,1472,2926,12631,1913,7170,610,834,5851,79,7374,2012,문화재청_궁능유적본부_4대궁_관람객_수_현황_2012년.csv
2012-08-18,2012,8,18,5,토,1,0,0,0,0,18.5,17.5,9.5,8.5,20035,5283,2029,3883,16722,3313,11344,707,809,7071,104,8691,2012,문화재청_궁능유적본부_4대궁_관람객_수_현황_2012년.csv
2012-08-19,2012,8,19,6,일,1,0,0,0,0,18.5,17.5,9.5,8.5,16219,4818,1707,3442,13915,2304,9582,571,940,5118,8,6637,2012,문화재청_궁능유적본부_4대궁_관람객_수_현황_2012년.csv
2012-08-20,2012,8,20,0,월,0,0,0,3,0,18.5,17.5,9.5,8.5,12455,0,0,0,11352,1103,6135,485,928,4765,142,6320,2012,문화재청_궁능유적본부_4대궁_관람객_수_현황_2012년.csv
2012-08-21,2012,8,21,1,화,0,1,1,0,0,18.5,17.5,9.5,8.5,0,4940,914,2792,0,0,0,0,0,0,0,0,2012,문화재청_궁능유적본부_4대궁_관람객_수_현황_2012년.csv
2012-08-22,2012,8,22,2,수,0,0,0,0,0,18.5,17.5,9.5,8.5,13855,2745,780,1964,13041,814,7329,247,763,5516,0,6526,2012,문화재청_궁능유적본부_4대궁_관람객_수_현황_2012년.csv
2012-08-23,2012,8,23,3,목,0,0,0,0,0,18.5,17.5,9.5,8.5,14184,3648,1062,2397,12579,1605,7766,573,1310,4532,3,6418,2012,문화재청_궁능유적본부_4대궁_관람객_수_현황_2012년.csv
2012-08-24,2012,8,24,4,금,0,0,0,0,0,18.5,17.5,9.5,8.5,13338,3117,938,2429,12124,1214,5121,468,895,6837,17,8217,2012,문화재청_궁능유적본부_4대궁_관람객_수_현황_2012년.csv
2012-08-25,2012,8,25,5,토,1,0,0,0,0,18.5,17.5,9.5,8.5,17514,4685,1586,3691,15218,2296,11070,483,965,4990,6,6444,2012,문화재청_궁능유적본부_4대궁_관람객_수_현황_2012년.csv
2012-08-26,2012,8,26,6,일,1,0,0,0,0,18.5,17.5,9.5,8.5,14998,5622,1616,3561,12919,2079,10404,430,642,3469,53,4594,2012,문화재청_궁능유적본부_4대궁_관람객_수_현황_2012년.csv
2012-08-27,2012,8,27,0,월,0,0,0,3,0,18.5,17.5,9.5,8.5,11037,0,0,0,10236,801,6498,287,1260,2990,2,4539,2012,문화재청_궁능유적본부_4대궁_관람객_수_현황_2012년.csv
2012-08-28,2012,8,28,1,화,0,1,1,1,0,18.5,17.5,9.5,8.5,0,0,3,77,0,0,0,0,0,0,0,0,2012,문화재청_궁능유적본부_4대궁_관람객_수_현황_2012년.csv
2012-08-29,2012,8,29,2,수,0,0,0,0,0,18.5,17.5,9.5,8.5,9181,3261,902,1608,8512,669,5976,288,459,2406,52,3205,2012,문화재청_궁능유적본부_4대궁_관람객_수_현황_2012년.csv
2012-08-30,2012,8,30,3,목,0,0,0,0,0,18.5,17.5,9.5,8.5,6013,1856,255,607,4835,1178,3016,33,407,2538,19,2997,2012,문화재청_궁능유적본부_4대궁_관람객_수_현황_2012년.csv
2012-08-31,2012,8,31,4,금,0,0,0,0,0,18.5,17.5,9.5,8.5,8833,3063,979,1913,8051,782,4418,134,612,3644,25,4415,2012,문화재청_궁능유적본부_4대궁_관람객_수_현황_2012년.csv
2012-09-01,2012,9,1,5,토,1,0,0,0,0,18.0,17.0,9.0,8.0,14367,5642,1957,3399,12163,2204,9563,512,702,3577,13,4804,2012,문화재청_궁능유적본부_4대궁_관람객_수_현황_2012년.csv
2012-09-02,2012,9,2,6,일,1,0,0,0,0,18.0,17.0,9.0,8.0,12609,5526,2032,2978,10718,1891,9011,241,567,2732,58,3598,2012,문화재청_궁능유적본부_4대궁_관람객_수_현황_2012년.csv
2012-09-03,2012,9,3,0,월,0,0,0,3,0,18.0,17.0,9.0,8.0,9023,0,0,0,7449,1574,4543,484,1382,2614,0,4480,2012,문화재청_궁능유적본부_4대궁_관람객_수_현황_2012년.csv
2012-09-04,2012,9,4,1,화,0,1,1,0,0,18.0,17.0,9.0,8.0,0,3891,613,1391,0,0,0,0,0,0,0,0,2012,문화재청_궁능유적본부_4대궁_관람객_수_현황_2012년.csv
2012-09-05,2012,9,5,2,수,0,0,0,0,0,18.0,17.0,9.0,8.0,10345,3021,1200,1628,8361,1984,6050,247,960,2775,313,4295,2012,문화재청_궁능유적본부_4대궁_관람객_수_현황_2012년.csv
2012-09-06,2012,9,6,3,목,0,0,0,0,0,18.0,17.0,9.0,8.0,11861,3533,1101,2196,7383,4478,8090,401,882,2438,50,3771,2012,문화재청_궁능유적본부_4대궁_관람객_수_현황_2012년.csv
2012-09-07,2012,9,7,4,금,0,0,0,0,0,18.0,17.0,9.0,8.0,9763,3838,1573,2021,8189,1574,5684,381,774,2779,145,4079,2012,문화재청_궁능유적본부_4대궁_관람객_수_현황_2012년.csv
2012-09-08,2012,9,8,5,토,1,0,0,0,0,18.0,17.0,9.0,8.0,15902,5894,2623,3912,13206,2696,11103,512,926,3329,32,4799,2012,문화재청_궁능유적본부_4대궁_관람객_수_현황_2012년.csv
2012-09-09,2012,9,9,6,일,1,0,0,0,0,18.0,17.0,9.0,8.0,13681,6432,2443,3302,11784,1897,9480,464,1000,2705,32,4201,2012,문화재청_궁능유적본부_4대궁_관람객_수_현황_2012년.csv
2012-09-10,2012,9,10,0,월,0,0,0,3,0,18.0,17.0,9.0,8.0,9916,0,0,0,8153,1763,7306,273,1059,1266,12,2610,2012,문화재청_궁능유적본부_4대궁_관람객_수_현황_2012년.csv
2012-09-11,2012,9,11,1,화,0,1,1,0,0,18.0,17.0,9.0,8.0,0,6363,2172,2723,0,0,0,0,0,0,0,0,2012,문화재청_궁능유적본부_4대궁_관람객_수_현황_2012년.csv
2012-09-12,2012,9,12,2,수,0,0,0,0,0,18.0,17.0,9.0,8.0,14342,3424,1414,1523,7740,6602,9771,207,725,3639,0,4571,2012,문화재청_궁능유적본부_4대궁_관람객_수_현황_2012년.csv
2012-09-13,2012,9,13,3,목,0,0,0,0,0,18.0,17.0,9.0,8.0,10544,2410,825,840,6099,4445,7838,151,479,2056,20,2706,2012,문화재청_궁능유적본부_4대궁_관람객_수_현황_2012년.csv
2012-09-14,2012,9,14,4,금,0,0,0,0,0,18.0,17.0,9.0,8.0,12375,3476,1817,2807,8327,4048,7662,540,1147,3000,26,4713,2012,문화재청_궁능유적본부_4대궁_관람객_수_현황_2012년.csv
2012-09-15,2012,9,15,5,토,1,0,0,0,0,18.0,17.0,9.0,8.0,18917,6342,2874,5184,15402,3515,12676,551,1106,4549,35,6241,2012,문화재청_궁능유적본부_4대궁_관람객_수_현황_2012년.csv
2012-09-16,2012,9,16,6,일,1,0,0,0,0,18.0,17.0,9.0,8.0,15542,5950,2665,3334,13754,1788,9199,818,1207,3623,695,6343,2012,문화재청_궁능유적본부_4대궁_관람객_수_현황_2012년.csv
2012-09-17,2012,9,17,0,월,0,0,0,3,0,18.0,17.0,9.0,8.0,3903,0,0,0,3677,226,2369,79,415,1036,4,1534,2012,문화재청_궁능유적본부_4대궁_관람객_수_현황_2012년.csv
2012-09-18,2012,9,18,1,화,0,1,1,0,0,18.0,17.0,9.0,8.0,0,4971,1254,3640,0,0,0,0,0,0,0,0,2012,문화재청_궁능유적본부_4대궁_관람객_수_현황_2012년.csv
2012-09-19,2012,9,19,2,수,0,0,0,0,0,18.0,17.0,9.0,8.0,17248,3287,1338,2339,10615,6633,12031,321,758,3996,142,5217,2012,문화재청_궁능유적본부_4대궁_관람객_수_현황_2012년.csv
2012-09-20,2012,9,20,3,목,0,0,0,0,0,18.0,17.0,9.0,8.0,16351,4071,1687,3254,10321,6030,12017,211,390,3733,0,4334,2012,문화재청_궁능유적본부_4대궁_관람객_수_현황_2012년.csv
2012-09-21,2012,9,21,4,금,0,0,0,0,0,18.0,17.0,9.0,8.0,15329,4182,2399,3666,9757,5572,9149,307,880,4991,2,6180,2012,문화재청_궁능유적본부_4대궁_관람객_수_현황_2012년.csv
2012-09-22,2012,9,22,5,토,1,0,0,0,0,18.0,17.0,9.0,8.0,19737,6182,3023,7180,16005,3732,13594,677,956,4454,56,6143,2012,문화재청_궁능유적본부_4대궁_관람객_수_현황_2012년.csv
2012-09-23,2012,9,23,6,일,1,0,0,0,0,18.0,17.0,9.0,8.0,15225,5900,2579,5273,12944,2281,10164,503,817,3737,4,5061,2012,문화재청_궁능유적본부_4대궁_관람객_수_현황_2012년.csv
2012-09-24,2012,9,24,0,월,0,0,0,3,0,18.0,17.0,9.0,8.0,11666,0,0,0,7729,3937,7630,277,848,2911,0,4036,2012,문화재청_궁능유적본부_4대궁_관람객_수_현황_2012년.csv
2012-09-25,2012,9,25,1,화,0,1,1,0,0,18.0,17.0,9.0,8.0,0,7234,2477,4343,0,0,0,0,0,0,0,0,2012,문화재청_궁능유적본부_4대궁_관람객_수_현황_2012년.csv
2012-09-26,2012,9,26,2,수,0,0,0,0,0,18.0,17.0,9.0,8.0,16251,3725,1275,2598,8335,7916,11961,287,874,2889,240,4290,2012,문화재청_궁능유적본부_4대궁_관람객_수_현황_2012년.csv
2012-09-27,2012,9,27,3,목,0,0,0,0,0,18.0,17.0,9.0,8.0,11776,3170,1132,2438,6276,5500,8823,435,526,1983,9,2953,2012,문화재청_궁능유적본부_4대궁_관람객_수_현황_2012년.csv
2012-09-28,2012,9,28,4,금,0,0,0,0,0,18.0,17.0,9.0,8.0,5360,1829,393,1802,4093,1267,3083,369,534,1372,2,2277,2012,문화재청_궁능유적본부_4대궁_관람객_수_현황_2012년.csv
2012-09-29,2012,9,29,5,토,1,0,0,0,1,18.0,17.0,9.0,8.0,15503,5228,1977,4401,13760,1743,12327,652,393,2131,0,3176,2012,문화재청_궁능유적본부_4대궁_관람객_수_현황_2012년.csv
2012-09-30,2012,9,30,6,일,1,0,0,1,1,18.0,17.0,9.0,8.0,75833,13914,0,15886,0,75833,75833,0,0,0,0,0,2012,문화재청_궁능유적본부_4대궁_관람객_수_현황_2012년.csv
2012-10-01,2012,10,1,0,월,0,0,0,0,1,18.0,17.0,9.0,8.0,78357,9904,9672,9717,26125,52232,75484,374,405,2094,0,2873,2012,문화재청_궁능유적본부_4대궁_관람객_수_현황_2012년.csv
2012-10-02,2012,10,2,1,화,0,1,1,0,0,18.0,17.0,9.0,8.0,0,10991,8691,9876,0,0,0,0,0,0,0,0,2012,문화재청_궁능유적본부_4대궁_관람객_수_현황_2012년.csv
2012-10-03,2012,10,3,2,수,0,0,0,0,1,18.0,17.0,9.0,8.0,52533,7917,8494,9174,43957,8576,42765,331,152,9196,89,9768,2012,문화재청_궁능유적본부_4대궁_관람객_수_현황_2012년.csv
2012-10-04,2012,10,4,3,목,0,0,0,0,0,18.0,17.0,9.0,8.0,22532,3684,3724,2714,15228,7304,16532,518,751,4727,4,6000,2012,문화재청_궁능유적본부_4대궁_관람객_수_현황_2012년.csv
2012-10-05,2012,10,5,4,금,0,0,0,0,0,18.0,17.0,9.0,8.0,42164,4452,6575,3227,32251,9913,36427,417,288,5023,9,5737,2012,문화재청_궁능유적본부_4대궁_관람객_수_현황_2012년.csv
2012-10-06,2012,10,6,5,토,1,0,0,0,0,18.0,17.0,9.0,8.0,52486,6671,10748,7537,40605,11881,46772,439,777,4469,29,5714,2012,문화재청_궁능유적본부_4대궁_관람객_수_현황_2012년.csv
2012-10-07,2012,10,7,6,일,1,0,0,0,0,18.0,17.0,9.0,8.0,53221,7131,12502,6396,34598,18623,47821,505,636,4240,19,5400,2012,문화재청_궁능유적본부_4대궁_관람객_수_현황_2012년.csv
2012-10-08,2012,10,8,0,월,0,0,0,3,0,18.0,17.0,9.0,8.0,13841,0,0,0,8816,5025,10373,304,809,2352,3,3468,2012,문화재청_궁능유적본부_4대궁_관람객_수_현황_2012년.csv
2012-10-09,2012,10,9,1,화,0,1,0,0,0,18.0,17.0,9.0,8.0,3098,7279,2352,4410,0,3098,2397,120,260,321,0,701,2012,문화재청_궁능유적본부_4대궁_관람객_수_현황_2012년.csv
2012-10-10,2012,10,10,2,수,0,0,0,0,0,18.0,17.0,9.0,8.0,16092,4511,1871,2208,8032,8060,11775,164,736,3268,149,4317,2012,문화재청_궁능유적본부_4대궁_관람객_수_현황_2012년.csv
2012-10-11,2012,10,11,3,목,0,0,0,0,0,18.0,17.0,9.0,8.0,18689,6102,2315,3539,8320,10369,14129,306,1172,2849,233,4560,2012,문화재청_궁능유적본부_4대궁_관람객_수_현황_2012년.csv
2012-10-12,2012,10,12,4,금,0,0,0,0,0,18.0,17.0,9.0,8.0,18371,5820,2201,4423,9101,9270,14607,351,964,2293,156,3764,2012,문화재청_궁능유적본부_4대궁_관람객_수_현황_2012년.csv
2012-10-13,2012,10,13,5,토,1,0,0,0,0,18.0,17.0,9.0,8.0,20166,7904,4136,8633,16201,3965,15703,772,1198,2475,18,4463,2012,문화재청_궁능유적본부_4대궁_관람객_수_현황_2012년.csv
2012-10-14,2012,10,14,6,일,1,0,0,0,0,18.0,17.0,9.0,8.0,19689,7815,3962,6721,16795,2894,15039,569,684,3362,35,4650,2012,문화재청_궁능유적본부_4대궁_관람객_수_현황_2012년.csv
2012-10-15,2012,10,15,0,월,0,0,0,3,0,18.0,17.0,9.0,8.0,14082,0,0,0,10661,3421,9696,404,1283,2695,4,4386,2012,문화재청_궁능유적본부_4대궁_관람객_수_현황_2012년.csv
2012-10-16,2012,10,16,1,화,0,1,1,0,0,18.0,17.0,9.0,8.0,0,7831,2720,5241,0,0,0,0,0,0,0,0,2012,문화재청_궁능유적본부_4대궁_관람객_수_현황_2012년.csv
2012-10-17,2012,10,17,2,수,0,0,0,0,0,18.0,17.0,9.0,8.0,17847,4199,1403,2348,9966,7881,12428,219,669,4528,3,5419,2012,문화재청_궁능유적본부_4대궁_관람객_수_현황_2012년.csv
2012-10-18,2012,10,18,3,목,0,0,0,0,0,18.0,17.0,9.0,8.0,19818,5632,3533,3595,10230,9588,13138,510,1020,5144,6,6680,2012,문화재청_궁능유적본부_4대궁_관람객_수_현황_2012년.csv
2012-10-19,2012,10,19,4,금,0,0,0,0,0,18.0,17.0,9.0,8.0,17757,6814,4453,5630,10789,6968,11529,461,1062,4595,110,6228,2012,문화재청_궁능유적본부_4대궁_관람객_수_현황_2012년.csv
2012-10-20,2012,10,20,5,토,1,0,0,0,0,18.0,17.0,9.0,8.0,23411,9308,5542,9940,18520,4891,17456,418,892,4614,31,5955,2012,문화재청_궁능유적본부_4대궁_관람객_수_현황_2012년.csv
2012-10-21,2012,10,21,6,일,1,0,0,0,0,18.0,17.0,9.0,8.0,21459,9167,5951,8888,18369,3090,16320,555,856,3690,38,5139,2012,문화재청_궁능유적본부_4대궁_관람객_수_현황_2012년.csv
2012-10-22,2012,10,22,0,월,0,0,0,3,0,18.0,17.0,9.0,8.0,11110,0,0,0,8057,3053,6962,246,943,2957,2,4148,2012,문화재청_궁능유적본부_4대궁_관람객_수_현황_2012년.csv
2012-10-23,2012,10,23,1,화,0,1,1,0,0,18.0,17.0,9.0,8.0,0,10011,3273,5164,0,0,0,0,0,0,0,0,2012,문화재청_궁능유적본부_4대궁_관람객_수_현황_2012년.csv
2012-10-24,2012,10,24,2,수,0,0,0,0,0,18.0,17.0,9.0,8.0,19955,7237,2547,3638,12614,7341,11893,475,936,6456,195,8062,2012,문화재청_궁능유적본부_4대궁_관람객_수_현황_2012년.csv
2012-10-25,2012,10,25,3,목,0,0,0,0,0,18.0,17.0,9.0,8.0,18688,7608,3248,4377,10986,7702,12607,692,706,4681,2,6081,2012,문화재청_궁능유적본부_4대궁_관람객_수_현황_2012년.csv
2012-10-26,2012,10,26,4,금,0,0,0,0,0,18.0,17.0,9.0,8.0,18758,8457,4672,6509,13325,5433,13137,506,836,4172,107,5621,2012,문화재청_궁능유적본부_4대궁_관람객_수_현황_2012년.csv
2012-10-27,2012,10,27,5,토,1,0,0,0,0,18.0,17.0,9.0,8.0,11737,4754,1368,3994,9043,2694,7901,388,550,2796,102,3836,2012,문화재청_궁능유적본부_4대궁_관람객_수_현황_2012년.csv
2012-10-28,2012,10,28,6,일,1,0,0,0,0,18.0,17.0,9.0,8.0,25105,13087,8197,11753,21267,3838,19519,348,545,4655,38,5586,2012,문화재청_궁능유적본부_4대궁_관람객_수_현황_2012년.csv
2012-10-29,2012,10,29,0,월,0,0,0,3,0,18.0,17.0,9.0,8.0,14643,0,0,0,12049,2594,9391,193,1120,3935,4,5252,2012,문화재청_궁능유적본부_4대궁_관람객_수_현황_2012년.csv
2012-10-30,2012,10,30,1,화,0,1,1,0,0,18.0,17.0,9.0,8.0,0,10751,3442,5390,0,0,0,0,0,0,0,0,2012,문화재청_궁능유적본부_4대궁_관람객_수_현황_2012년.csv
2012-10-31,2012,10,31,2,수,0,0,0,0,0,18.0,17.0,9.0,8.0,13656,6580,2322,3410,9398,4258,8932,449,360,3894,21,4724,2012,문화재청_궁능유적본부_4대궁_관람객_수_현황_2012년.csv
2012-11-01,2012,11,1,3,목,0,0,0,0,0,17.0,16.0,8.0,7.0,13509,6497,1858,3226,8840,4669,9096,355,343,3527,188,4413,2012,문화재청_궁능유적본부_4대궁_관람객_수_현황_2012년.csv
2012-11-02,2012,11,2,4,금,0,0,0,0,0,17.0,16.0,8.0,7.0,12744,6637,2315,5013,9510,3234,8368,529,699,3074,74,4376,2012,문화재청_궁능유적본부_4대궁_관람객_수_현황_2012년.csv
2012-11-03,2012,11,3,5,토,1,0,0,0,0,17.0,16.0,8.0,7.0,21238,12589,6885,12137,16625,4613,16713,414,753,3288,70,4525,2012,문화재청_궁능유적본부_4대궁_관람객_수_현황_2012년.csv
2012-11-04,2012,11,4,6,일,1,0,0,0,0,17.0,16.0,8.0,7.0,13536,8041,3061,5304,11320,2216,9492,276,569,3114,85,4044,2012,문화재청_궁능유적본부_4대궁_관람객_수_현황_2012년.csv
2012-11-05,2012,11,5,0,월,0,0,0,3,0,17.0,16.0,8.0,7.0,7192,0,0,0,6183,1009,3929,383,455,2384,41,3263,2012,문화재청_궁능유적본부_4대궁_관람객_수_현황_2012년.csv
2012-11-06,2012,11,6,1,화,0,1,1,0,0,17.0,16.0,8.0,7.0,0,5273,1291,2859,0,0,0,0,0,0,0,0,2012,문화재청_궁능유적본부_4대궁_관람객_수_현황_2012년.csv
2012-11-07,2012,11,7,2,수,0,0,0,0,0,17.0,16.0,8.0,7.0,11632,4880,2231,3172,9254,2378,7155,485,1007,2985,0,4477,2012,문화재청_궁능유적본부_4대궁_관람객_수_현황_2012년.csv
2012-11-08,2012,11,8,3,목,0,0,0,0,0,17.0,16.0,8.0,7.0,12294,4739,2271,3989,8745,3549,6773,555,1062,3808,96,5521,2012,문화재청_궁능유적본부_4대궁_관람객_수_현황_2012년.csv
2012-11-09,2012,11,9,4,금,0,0,0,0,0,17.0,16.0,8.0,7.0,12089,5784,3034,4621,9531,2558,6665,406,853,4123,42,5424,2012,문화재청_궁능유적본부_4대궁_관람객_수_현황_2012년.csv
2012-11-10,2012,11,10,5,토,1,0,0,0,0,17.0,16.0,8.0,7.0,21269,10566,7304,12721,17372,3897,15158,418,899,4695,99,6111,2012,문화재청_궁능유적본부_4대궁_관람객_수_현황_2012년.csv
2012-11-11,2012,11,11,6,일,1,0,0,0,0,17.0,16.0,8.0,7.0,9433,4311,1705,3310,8445,988,5013,323,826,3269,2,4420,2012,문화재청_궁능유적본부_4대궁_관람객_수_현황_2012년.csv
2012-11-12,2012,11,12,0,월,0,0,0,3,0,17.0,16.0,8.0,7.0,9314,0,0,0,7708,1606,5101,337,667,3156,53,4213,2012,문화재청_궁능유적본부_4대궁_관람객_수_현황_2012년.csv
2012-11-13,2012,11,13,1,화,0,1,1,0,0,17.0,16.0,8.0,7.0,0,5395,1711,3488,0,0,0,0,0,0,0,0,2012,문화재청_궁능유적본부_4대궁_관람객_수_현황_2012년.csv
2012-11-14,2012,11,14,2,수,0,0,0,0,0,17.0,16.0,8.0,7.0,10521,3890,1387,2124,7761,2760,5789,125,466,4040,101,4732,2012,문화재청_궁능유적본부_4대궁_관람객_수_현황_2012년.csv
2012-11-15,2012,11,15,3,목,0,0,0,0,0,17.0,16.0,8.0,7.0,9097,4076,1410,3048,6719,2378,5201,369,328,3196,3,3896,2012,문화재청_궁능유적본부_4대궁_관람객_수_현황_2012년.csv
2012-11-16,2012,11,16,4,금,0,0,0,0,0,17.0,16.0,8.0,7.0,9786,3993,1382,2546,7832,1954,4436,800,1245,3305,0,5350,2012,문화재청_궁능유적본부_4대궁_관람객_수_현황_2012년.csv
2012-11-17,2012,11,17,5,토,1,0,0,0,0,17.0,16.0,8.0,7.0,15137,5997,3419,7200,12516,2621,9239,747,649,4487,15,5898,2012,문화재청_궁능유적본부_4대궁_관람객_수_현황_2012년.csv
2012-11-18,2012,11,18,6,일,1,0,0,0,0,17.0,16.0,8.0,7.0,13685,6235,3489,6975,11734,1951,9542,599,365,3173,6,4143,2012,문화재청_궁능유적본부_4대궁_관람객_수_현황_2012년.csv
2012-11-19,2012,11,19,0,월,0,0,0,3,0,17.0,16.0,8.0,7.0,8284,0,0,0,6786,1498,4163,471,589,3041,20,4121,2012,문화재청_궁능유적본부_4대궁_관람객_수_현황_2012년.csv
2012-11-20,2012,11,20,1,화,0,1,1,0,0,17.0,16.0,8.0,7.0,0,4674,1414,3214,0,0,0,0,0,0,0,0,2012,문화재청_궁능유적본부_4대궁_관람객_수_현황_2012년.csv
2012-11-21,2012,11,21,2,수,0,0,0,0,0,17.0,16.0,8.0,7.0,12458,3676,1107,2264,7828,4630,8668,466,610,2714,0,3790,2012,문화재청_궁능유적본부_4대궁_관람객_수_현황_2012년.csv
2012-11-22,2012,11,22,3,목,0,0,0,0,0,17.0,16.0,8.0,7.0,10545,3542,1012,2589,7031,3514,6581,157,484,3312,11,3964,2012,문화재청_궁능유적본부_4대궁_관람객_수_현황_2012년.csv
2012-11-23,2012,11,23,4,금,0,0,0,0,0,17.0,16.0,8.0,7.0,9522,3439,1453,2626,6743,2779,5076,331,1193,2837,85,4446,2012,문화재청_궁능유적본부_4대궁_관람객_수_현황_2012년.csv
2012-11-24,2012,11,24,5,토,1,0,0,0,0,17.0,16.0,8.0,7.0,14611,5359,2007,5685,12223,2388,9168,306,700,4318,119,5443,2012,문화재청_궁능유적본부_4대궁_관람객_수_현황_2012년.csv
2012-11-25,2012,11,25,6,일,1,0,0,0,0,17.0,16.0,8.0,7.0,11854,4177,1687,4416,10405,1449,7119,343,311,4073,8,4735,2012,문화재청_궁능유적본부_4대궁_관람객_수_현황_2012년.csv
2012-11-26,2012,11,26,0,월,0,0,0,3,0,17.0,16.0,8.0,7.0,10456,0,0,0,6556,3900,6456,199,394,3405,2,4000,2012,문화재청_궁능유적본부_4대궁_관람객_수_현황_2012년.csv
2012-11-27,2012,11,27,1,화,0,1,1,0,0,17.0,16.0,8.0,7.0,0,4116,845,2253,0,0,0,0,0,0,0,0,2012,문화재청_궁능유적본부_4대궁_관람객_수_현황_2012년.csv
2012-11-28,2012,11,28,2,수,0,0,0,0,0,17.0,16.0,8.0,7.0,8135,1626,453,2118,6697,1438,5457,174,686,1621,197,2678,2012,문화재청_궁능유적본부_4대궁_관람객_수_현황_2012년.csv
2012-11-29,2012,11,29,3,목,0,0,0,0,0,17.0,16.0,8.0,7.0,9087,2338,779,2109,7089,1998,6000,302,457,2319,9,3087,2012,문화재청_궁능유적본부_4대궁_관람객_수_현황_2012년.csv
2012-11-30,2012,11,30,4,금,0,0,0,0,0,17.0,16.0,8.0,7.0,8367,3152,1068,2025,6306,2061,6118,342,496,1385,26,2249,2012,문화재청_궁능유적본부_4대궁_관람객_수_현황_2012년.csv
2012-12-01,2012,12,1,5,토,1,0,0,0,0,17.0,16.0,8.0,7.0,11112,3340,1223,3484,9985,1127,6158,702,645,3565,42,4954,2012,문화재청_궁능유적본부_4대궁_관람객_수_현황_2012년.csv
2012-12-02,2012,12,2,6,일,1,0,0,0,0,17.0,16.0,8.0,7.0,9306,3534,1170,3483,8385,921,5794,351,403,2747,11,3512,2012,문화재청_궁능유적본부_4대궁_관람객_수_현황_2012년.csv
2012-12-03,2012,12,3,0,월,0,0,0,3,0,17.0,16.0,8.0,7.0,5270,0,0,0,4312,958,2939,232,319,1749,31,2331,2012,문화재청_궁능유적본부_4대궁_관람객_수_현황_2012년.csv
2012-12-04,2012,12,4,1,화,0,1,1,0,0,17.0,16.0,8.0,7.0,0,2505,492,1573,0,0,0,0,0,0,0,0,2012,문화재청_궁능유적본부_4대궁_관람객_수_현황_2012년.csv
2012-12-05,2012,12,5,2,수,0,0,0,0,0,17.0,16.0,8.0,7.0,7218,1321,425,1895,5649,1569,4028,178,411,2568,33,3190,2012,문화재청_궁능유적본부_4대궁_관람객_수_현황_2012년.csv
2012-12-06,2012,12,6,3,목,0,0,0,0,0,17.0,16.0,8.0,7.0,7549,1815,560,1301,5492,2057,4180,240,265,2840,24,3369,2012,문화재청_궁능유적본부_4대궁_관람객_수_현황_2012년.csv
2012-12-07,2012,12,7,4,금,0,0,0,0,0,17.0,16.0,8.0,7.0,6089,1526,420,1381,5258,831,2965,251,289,2583,1,3124,2012,문화재청_궁능유적본부_4대궁_관람객_수_현황_2012년.csv
2012-12-08,2012,12,8,5,토,1,0,0,0,0,17.0,16.0,8.0,7.0,9251,2379,847,2334,8542,709,4958,384,258,3612,39,4293,2012,문화재청_궁능유적본부_4대궁_관람객_수_현황_2012년.csv
2012-12-09,2012,12,9,6,일,1,0,0,0,0,17.0,16.0,8.0,7.0,7803,2022,574,1124,7330,473,3518,629,371,3273,12,4285,2012,문화재청_궁능유적본부_4대궁_관람객_수_현황_2012년.csv
2012-12-10,2012,12,10,0,월,0,0,0,3,0,17.0,16.0,8.0,7.0,8357,0,0,0,6103,2254,4076,556,606,3116,3,4281,2012,문화재청_궁능유적본부_4대궁_관람객_수_현황_2012년.csv
2012-12-11,2012,12,11,1,화,0,1,1,0,0,17.0,16.0,8.0,7.0,0,1891,461,1722,0,0,0,0,0,0,0,0,2012,문화재청_궁능유적본부_4대궁_관람객_수_현황_2012년.csv
2012-12-12,2012,12,12,2,수,0,0,0,0,0,17.0,16.0,8.0,7.0,8318,1786,402,1419,6434,1884,3880,346,333,3755,4,4438,2012,문화재청_궁능유적본부_4대궁_관람객_수_현황_2012년.csv
2012-12-13,2012,12,13,3,목,0,0,0,0,0,17.0,16.0,8.0,7.0,7974,1796,602,1344,6212,1762,4419,380,369,2805,1,3555,2012,문화재청_궁능유적본부_4대궁_관람객_수_현황_2012년.csv
2012-12-14,2012,12,14,4,금,0,0,0,0,0,17.0,16.0,8.0,7.0,5758,538,573,970,3754,2004,2964,79,169,2514,32,2794,2012,문화재청_궁능유적본부_4대궁_관람객_수_현황_2012년.csv
2012-12-15,2012,12,15,5,토,1,0,0,0,0,17.0,16.0,8.0,7.0,12008,2934,1175,3941,10383,1625,5863,562,289,5290,4,6145,2012,문화재청_궁능유적본부_4대궁_관람객_수_현황_2012년.csv
2012-12-16,2012,12,16,6,일,1,0,0,0,0,17.0,16.0,8.0,7.0,10291,3067,1027,3413,9231,1060,5650,507,303,3796,35,4641,2012,문화재청_궁능유적본부_4대궁_관람객_수_현황_2012년.csv
2012-12-17,2012,12,17,0,월,0,0,0,3,0,17.0,16.0,8.0,7.0,8612,0,0,0,6938,1674,4671,324,210,3407,0,3941,2012,문화재청_궁능유적본부_4대궁_관람객_수_현황_2012년.csv
2012-12-18,2012,12,18,1,화,0,1,1,0,0,17.0,16.0,8.0,7.0,0,2009,365,2164,0,0,0,0,0,0,0,0,2012,문화재청_궁능유적본부_4대궁_관람객_수_현황_2012년.csv
2012-12-19,2012,12,19,2,수,0,0,0,0,1,17.0,16.0,8.0,7.0,7786,1536,426,1499,7226,560,3741,320,531,3191,3,4045,2012,문화재청_궁능유적본부_4대궁_관람객_수_현황_2012년.csv
2012-12-20,2012,12,20,3,목,0,0,0,0,0,17.0,16.0,8.0,7.0,5748,1382,710,1940,4744,1004,3111,344,199,2021,73,2637,2012,문화재청_궁능유적본부_4대궁_관람객_수_현황_2012년.csv
2012-12-21,2012,12,21,4,금,0,0,0,0,0,17.0,16.0,8.0,7.0,5354,1127,405,1583,4543,811,3485,310,201,1355,3,1869,2012,문화재청_궁능유적본부_4대궁_관람객_수_현황_2012년.csv
2012-12-22,2012,12,22,5,토,1,0,0,0,0,17.0,16.0,8.0,7.0,9637,2562,701,3349,8520,1117,6474,491,281,2383,8,3163,2012,문화재청_궁능유적본부_4대궁_관람객_수_현황_2012년.csv
2012-12-23,2012,12,23,6,일,1,0,0,0,0,17.0,16.0,8.0,7.0,8643,2269,488,2098,7902,741,4790,508,583,2759,3,3853,2012,문화재청_궁능유적본부_4대궁_관람객_수_현황_2012년.csv
2012-12-24,2012,12,24,0,월,0,0,0,3,0,17.0,16.0,8.0,7.0,7952,0,0,0,7295,657,4424,584,344,2597,3,3528,2012,문화재청_궁능유적본부_4대궁_관람객_수_현황_2012년.csv
2012-12-25,2012,12,25,1,화,0,1,0,0,1,17.0,16.0,8.0,7.0,3543,2512,733,3292,3021,522,2878,263,47,347,8,665,2012,문화재청_궁능유적본부_4대궁_관람객_수_현황_2012년.csv
2012-12-26,2012,12,26,2,수,0,0,0,0,0,17.0,16.0,8.0,7.0,7141,1179,279,1119,5685,1456,3213,646,357,2922,3,3928,2012,문화재청_궁능유적본부_4대궁_관람객_수_현황_2012년.csv
2012-12-27,2012,12,27,3,목,0,0,0,0,0,17.0,16.0,8.0,7.0,7875,1954,608,1893,6209,1666,4368,176,248,2773,310,3507,2012,문화재청_궁능유적본부_4대궁_관람객_수_현황_2012년.csv
2012-12-28,2012,12,28,4,금,0,0,0,0,0,17.0,16.0,8.0,7.0,9355,2332,584,1643,5882,3473,5344,1044,644,2314,9,4011,2012,문화재청_궁능유적본부_4대궁_관람객_수_현황_2012년.csv
2012-12-29,2012,12,29,5,토,1,0,0,0,0,17.0,16.0,8.0,7.0,12292,3107,839,3137,8699,3593,7852,401,432,3579,28,4440,2012,문화재청_궁능유적본부_4대궁_관람객_수_현황_2012년.csv
2012-12-30,2012,12,30,6,일,1,0,0,0,0,17.0,16.0,8.0,7.0,13600,3452,1084,2935,10434,3166,8159,1292,651,3493,5,5441,2012,문화재청_궁능유적본부_4대궁_관람객_수_현황_2012년.csv
2012-12-31,2012,12,31,0,월,0,0,0,3,0,17.0,16.0,8.0,7.0,14540,0,0,0,11159,3381,9110,1243,591,3593,3,5430,2012,문화재청_궁능유적본부_4대궁_관람객_수_현황_2012년.csv
2013-01-01,2013,1,1,1,화,0,1,0,0,1,17.0,16.0,8.0,7.0,8502,4797,1711,4003,7098,1404,6358,190,270,1680,4,2144,2013,문화재청_궁능유적본부_4대궁_관람객_수_현황_2013년.csv
2013-01-02,2013,1,2,2,수,0,0,0,0,0,17.0,16.0,8.0,7.0,6386,1634,311,1036,5878,508,2720,564,471,2627,4,3666,2013,문화재청_궁능유적본부_4대궁_관람객_수_현황_2013년.csv
2013-01-03,2013,1,3,3,목,0,0,0,0,0,17.0,16.0,8.0,7.0,5269,1416,354,832,4390,879,2306,496,432,2031,4,2963,2013,문화재청_궁능유적본부_4대궁_관람객_수_현황_2013년.csv
2013-01-04,2013,1,4,4,금,0,0,0,0,0,17.0,16.0,8.0,7.0,4717,1587,363,1018,4062,655,1989,483,629,1606,10,2728,2013,문화재청_궁능유적본부_4대궁_관람객_수_현황_2013년.csv
2013-01-05,2013,1,5,5,토,1,0,0,0,0,17.0,16.0,8.0,7.0,7287,2259,662,2868,6104,1183,4043,457,560,2207,20,3244,2013,문화재청_궁능유적본부_4대궁_관람객_수_현황_2013년.csv
2013-01-06,2013,1,6,6,일,1,0,0,0,0,17.0,16.0,8.0,7.0,6549,1876,731,2727,5471,1078,4264,193,226,1861,5,2285,2013,문화재청_궁능유적본부_4대궁_관람객_수_현황_2013년.csv
2013-01-07,2013,1,7,0,월,0,0,0,3,0,17.0,16.0,8.0,7.0,4563,0,0,0,3817,746,2437,137,274,1713,2,2126,2013,문화재청_궁능유적본부_4대궁_관람객_수_현황_2013년.csv
2013-01-08,2013,1,8,1,화,0,1,1,0,0,17.0,16.0,8.0,7.0,0,1851,558,1813,0,0,0,0,0,0,0,0,2013,문화재청_궁능유적본부_4대궁_관람객_수_현황_2013년.csv
2013-01-09,2013,1,9,2,수,0,0,0,0,0,17.0,16.0,8.0,7.0,4338,851,302,1018,3747,591,2284,182,164,1703,5,2054,2013,문화재청_궁능유적본부_4대궁_관람객_수_현황_2013년.csv
2013-01-10,2013,1,10,3,목,0,0,0,0,0,17.0,16.0,8.0,7.0,4086,972,422,1311,3535,551,2032,106,110,1833,5,2054,2013,문화재청_궁능유적본부_4대궁_관람객_수_현황_2013년.csv
2013-01-11,2013,1,11,4,금,0,0,0,0,0,17.0,16.0,8.0,7.0,4658,1168,601,1893,3781,877,2452,145,206,1808,47,2206,2013,문화재청_궁능유적본부_4대궁_관람객_수_현황_2013년.csv
2013-01-12,2013,1,12,5,토,1,0,0,0,0,17.0,16.0,8.0,7.0,9832,2932,1217,4993,7836,1996,6471,439,150,2733,39,3361,2013,문화재청_궁능유적본부_4대궁_관람객_수_현황_2013년.csv
2013-01-13,2013,1,13,6,일,1,0,0,0,0,17.0,16.0,8.0,7.0,10100,2961,1213,5024,8274,1826,7374,131,201,2371,23,2726,2013,문화재청_궁능유적본부_4대궁_관람객_수_현황_2013년.csv
2013-01-14,2013,1,14,0,월,0,0,0,3,0,17.0,16.0,8.0,7.0,5493,0,0,0,4698,795,2962,216,195,2117,3,2531,2013,문화재청_궁능유적본부_4대궁_관람객_수_현황_2013년.csv
2013-01-15,2013,1,15,1,화,0,1,1,0,0,17.0,16.0,8.0,7.0,0,2066,784,1700,0,0,0,0,0,0,0,0,2013,문화재청_궁능유적본부_4대궁_관람객_수_현황_2013년.csv
2013-01-16,2013,1,16,2,수,0,0,0,0,0,17.0,16.0,8.0,7.0,5590,1327,433,895,4734,856,3554,202,342,1478,14,2036,2013,문화재청_궁능유적본부_4대궁_관람객_수_현황_2013년.csv
2013-01-17,2013,1,17,3,목,0,0,0,0,0,17.0,16.0,8.0,7.0,5370,1273,538,1018,4498,872,3344,150,145,1729,2,2026,2013,문화재청_궁능유적본부_4대궁_관람객_수_현황_2013년.csv
2013-01-18,2013,1,18,4,금,0,0,0,0,0,17.0,16.0,8.0,7.0,5817,1305,561,1119,4894,923,3113,106,143,2407,48,2704,2013,문화재청_궁능유적본부_4대궁_관람객_수_현황_2013년.csv
2013-01-19,2013,1,19,5,토,1,0,0,0,0,17.0,16.0,8.0,7.0,11998,3331,1433,3559,9265,2733,9099,135,278,2481,5,2899,2013,문화재청_궁능유적본부_4대궁_관람객_수_현황_2013년.csv
2013-01-20,2013,1,20,6,일,1,0,0,0,0,17.0,16.0,8.0,7.0,10706,3131,1409,2993,8726,1980,7570,339,365,2397,35,3136,2013,문화재청_궁능유적본부_4대궁_관람객_수_현황_2013년.csv
2013-01-21,2013,1,21,0,월,0,0,0,3,0,17.0,16.0,8.0,7.0,4480,0,0,0,4071,409,1979,163,379,1951,8,2501,2013,문화재청_궁능유적본부_4대궁_관람객_수_현황_2013년.csv
2013-01-22,2013,1,22,1,화,0,1,1,0,0,17.0,16.0,8.0,7.0,0,2795,758,2361,0,0,0,0,0,0,0,0,2013,문화재청_궁능유적본부_4대궁_관람객_수_현황_2013년.csv
2013-01-23,2013,1,23,2,수,0,0,0,0,0,17.0,16.0,8.0,7.0,7011,1232,300,1063,6288,723,3453,479,631,2441,7,3558,2013,문화재청_궁능유적본부_4대궁_관람객_수_현황_2013년.csv
2013-01-24,2013,1,24,3,목,0,0,0,0,0,17.0,16.0,8.0,7.0,7413,1368,509,1386,5928,1485,4178,120,157,2914,44,3235,2013,문화재청_궁능유적본부_4대궁_관람객_수_현황_2013년.csv
2013-01-25,2013,1,25,4,금,0,0,0,0,0,17.0,16.0,8.0,7.0,5454,1116,311,882,4949,505,2151,291,212,2793,7,3303,2013,문화재청_궁능유적본부_4대궁_관람객_수_현황_2013년.csv
2013-01-26,2013,1,26,5,토,1,0,0,0,0,17.0,16.0,8.0,7.0,9560,1611,623,1953,8345,1215,4644,350,247,4287,32,4916,2013,문화재청_궁능유적본부_4대궁_관람객_수_현황_2013년.csv
2013-01-27,2013,1,27,6,일,1,0,0,0,0,17.0,16.0,8.0,7.0,8565,1930,582,1755,7468,1097,4672,308,305,3276,4,3893,2013,문화재청_궁능유적본부_4대궁_관람객_수_현황_2013년.csv
2013-01-28,2013,1,28,0,월,0,0,0,3,0,17.0,16.0,8.0,7.0,8293,0,0,0,7346,947,3252,401,382,4248,10,5041,2013,문화재청_궁능유적본부_4대궁_관람객_수_현황_2013년.csv
2013-01-29,2013,1,29,1,화,0,1,1,0,0,17.0,16.0,8.0,7.0,0,2598,607,1861,0,0,0,0,0,0,0,0,2013,문화재청_궁능유적본부_4대궁_관람객_수_현황_2013년.csv
2013-01-30,2013,1,30,2,수,0,0,0,0,0,17.0,16.0,8.0,7.0,7529,1514,707,1621,6566,963,3170,66,211,4056,26,4359,2013,문화재청_궁능유적본부_4대궁_관람객_수_현황_2013년.csv
2013-01-31,2013,1,31,3,목,0,0,0,0,0,17.0,16.0,8.0,7.0,8342,1842,882,1833,7438,904,3853,224,228,4002,35,4489,2013,문화재청_궁능유적본부_4대궁_관람객_수_현황_2013년.csv
2013-02-01,2013,2,1,4,금,0,0,0,0,0,17.0,16.0,8.0,7.0,4042,505,232,642,3639,403,1324,54,117,2544,3,2718,2013,문화재청_궁능유적본부_4대궁_관람객_수_현황_2013년.csv
2013-02-02,2013,2,2,5,토,1,0,0,0,0,17.0,16.0,8.0,7.0,11065,2794,1024,3120,9860,1205,6094,144,193,4621,13,4971,2013,문화재청_궁능유적본부_4대궁_관람객_수_현황_2013년.csv
2013-02-03,2013,2,3,6,일,1,0,0,0,0,17.0,16.0,8.0,7.0,8012,1638,617,1787,7146,866,3870,190,335,3569,48,4142,2013,문화재청_궁능유적본부_4대궁_관람객_수_현황_2013년.csv
2013-02-04,2013,2,4,0,월,0,0,0,3,0,17.0,16.0,8.0,7.0,8437,0,0,0,7709,728,5359,64,332,2682,0,3078,2013,문화재청_궁능유적본부_4대궁_관람객_수_현황_2013년.csv
2013-02-05,2013,2,5,1,화,0,1,1,0,0,17.0,16.0,8.0,7.0,0,2264,603,2032,0,0,0,0,0,0,0,0,2013,문화재청_궁능유적본부_4대궁_관람객_수_현황_2013년.csv
2013-02-06,2013,2,6,2,수,0,0,0,0,0,17.0,16.0,8.0,7.0,5828,1368,574,1128,5332,496,2265,177,249,3137,0,3563,2013,문화재청_궁능유적본부_4대궁_관람객_수_현황_2013년.csv
2013-02-07,2013,2,7,3,목,0,0,0,0,0,17.0,16.0,8.0,7.0,4116,676,187,502,3491,625,1512,103,197,2299,5,2604,2013,문화재청_궁능유적본부_4대궁_관람객_수_현황_2013년.csv
2013-02-08,2013,2,8,4,금,0,0,0,0,0,17.0,16.0,8.0,7.0,2622,621,153,618,2505,117,910,86,131,1495,0,1712,2013,문화재청_궁능유적본부_4대궁_관람객_수_현황_2013년.csv
2013-02-09,2013,2,9,5,토,1,0,0,0,1,17.0,16.0,8.0,7.0,7744,1785,372,1329,7149,595,3192,257,97,4189,9,4552,2013,문화재청_궁능유적본부_4대궁_관람객_수_현황_2013년.csv
2013-02-10,2013,2,10,6,일,1,0,0,0,1,17.0,16.0,8.0,7.0,21696,5394,3370,4136,0,21696,21696,0,0,0,0,0,2013,문화재청_궁능유적본부_4대궁_관람객_수_현황_2013년.csv
2013-02-11,2013,2,11,0,월,0,0,0,0,1,17.0,16.0,8.0,7.0,15055,2730,1358,2353,13369,1686,8486,258,321,5984,6,6569,2013,문화재청_궁능유적본부_4대궁_관람객_수_현황_2013년.csv
2013-02-12,2013,2,12,1,화,0,1,1,0,0,17.0,16.0,8.0,7.0,0,2559,602,2584,0,0,0,0,0,0,0,0,2013,문화재청_궁능유적본부_4대궁_관람객_수_현황_2013년.csv
2013-02-13,2013,2,13,2,수,0,0,0,0,0,17.0,16.0,8.0,7.0,11121,1624,595,1410,10511,610,4204,182,73,6656,6,6917,2013,문화재청_궁능유적본부_4대궁_관람객_수_현황_2013년.csv
2013-02-14,2013,2,14,3,목,0,0,0,0,0,17.0,16.0,8.0,7.0,11445,2015,811,1803,10519,926,4465,28,88,6863,1,6980,2013,문화재청_궁능유적본부_4대궁_관람객_수_현황_2013년.csv
2013-02-15,2013,2,15,4,금,0,0,0,0,0,17.0,16.0,8.0,7.0,9781,1765,524,1798,9097,684,3925,167,184,5465,40,5856,2013,문화재청_궁능유적본부_4대궁_관람객_수_현황_2013년.csv
2013-02-16,2013,2,16,5,토,1,0,0,0,0,17.0,16.0,8.0,7.0,14319,3303,1236,4266,12567,1752,7147,236,247,6669,20,7172,2013,문화재청_궁능유적본부_4대궁_관람객_수_현황_2013년.csv
2013-02-17,2013,2,17,6,일,1,0,0,0,0,17.0,16.0,8.0,7.0,12886,3346,1293,3218,11404,1482,7155,232,192,5281,26,5731,2013,문화재청_궁능유적본부_4대궁_관람객_수_현황_2013년.csv
2013-02-18,2013,2,18,0,월,0,0,0,3,0,17.0,16.0,8.0,7.0,9360,0,0,0,8369,991,5165,96,198,3900,1,4195,2013,문화재청_궁능유적본부_4대궁_관람객_수_현황_2013년.csv
2013-02-19,2013,2,19,1,화,0,1,1,0,0,17.0,16.0,8.0,7.0,0,2997,743,2312,0,0,0,0,0,0,0,0,2013,문화재청_궁능유적본부_4대궁_관람객_수_현황_2013년.csv
2013-02-20,2013,2,20,2,수,0,0,0,0,0,17.0,16.0,8.0,7.0,8632,1718,572,1599,7729,903,5006,81,144,3401,0,3626,2013,문화재청_궁능유적본부_4대궁_관람객_수_현황_2013년.csv
2013-02-21,2013,2,21,3,목,0,0,0,0,0,17.0,16.0,8.0,7.0,9225,1977,745,1801,7439,1786,5925,147,304,2844,5,3300,2013,문화재청_궁능유적본부_4대궁_관람객_수_현황_2013년.csv
2013-02-22,2013,2,22,4,금,0,0,0,0,0,17.0,16.0,8.0,7.0,7069,1918,722,1834,6043,1026,4322,143,384,2216,4,2747,2013,문화재청_궁능유적본부_4대궁_관람객_수_현황_2013년.csv
2013-02-23,2013,2,23,5,토,1,0,0,0,0,17.0,16.0,8.0,7.0,10672,3734,970,3949,8909,1763,7315,261,665,2381,50,3357,2013,문화재청_궁능유적본부_4대궁_관람객_수_현황_2013년.csv
2013-02-24,2013,2,24,6,일,1,0,0,0,0,17.0,16.0,8.0,7.0,11733,4296,1608,3794,9728,2005,8638,254,368,2465,8,3095,2013,문화재청_궁능유적본부_4대궁_관람객_수_현황_2013년.csv
2013-02-25,2013,2,25,0,월,0,0,0,1,0,17.0,16.0,8.0,7.0,11369,2372,0,1955,0,11369,11369,0,0,0,0,0,2013,문화재청_궁능유적본부_4대궁_관람객_수_현황_2013년.csv
2013-02-26,2013,2,26,1,화,0,1,1,0,0,17.0,16.0,8.0,7.0,0,3266,816,2711,0,0,0,0,0,0,0,0,2013,문화재청_궁능유적본부_4대궁_관람객_수_현황_2013년.csv
2013-02-27,2013,2,27,2,수,0,0,0,0,0,17.0,16.0,8.0,7.0,8244,2345,1374,2689,6806,1438,5355,107,428,2351,3,2889,2013,문화재청_궁능유적본부_4대궁_관람객_수_현황_2013년.csv
2013-02-28,2013,2,28,3,목,0,0,0,0,0,17.0,16.0,8.0,7.0,8777,2754,1239,2961,6903,1874,5554,188,830,2189,16,3223,2013,문화재청_궁능유적본부_4대궁_관람객_수_현황_2013년.csv
2013-03-01,2013,3,1,4,금,0,0,0,0,1,18.0,17.0,9.0,8.0,16873,4952,1729,4983,13234,3639,13390,285,292,2886,20,3483,2013,문화재청_궁능유적본부_4대궁_관람객_수_현황_2013년.csv
2013-03-02,2013,3,2,5,토,1,0,0,0,0,18.0,17.0,9.0,8.0,14873,4943,2142,4988,11699,3174,12849,140,220,1662,2,2024,2013,문화재청_궁능유적본부_4대궁_관람객_수_현황_2013년.csv
2013-03-03,2013,3,3,6,일,1,0,0,0,0,18.0,17.0,9.0,8.0,10175,3514,1459,2630,8755,1420,7018,341,391,2420,5,3157,2013,문화재청_궁능유적본부_4대궁_관람객_수_현황_2013년.csv
2013-03-04,2013,3,4,0,월,0,0,0,2,0,18.0,17.0,9.0,8.0,4852,14,0,0,4576,276,2180,222,558,1863,29,2672,2013,문화재청_궁능유적본부_4대궁_관람객_수_현황_2013년.csv
2013-03-05,2013,3,5,1,화,0,1,1,0,0,18.0,17.0,9.0,8.0,0,2333,951,1737,0,0,0,0,0,0,0,0,2013,문화재청_궁능유적본부_4대궁_관람객_수_현황_2013년.csv
2013-03-06,2013,3,6,2,수,0,0,0,0,0,18.0,17.0,9.0,8.0,5535,1576,929,1670,5222,313,3052,226,634,1612,11,2483,2013,문화재청_궁능유적본부_4대궁_관람객_수_현황_2013년.csv
2013-03-07,2013,3,7,3,목,0,0,0,0,0,18.0,17.0,9.0,8.0,5184,1381,516,1384,4319,865,2482,196,465,2036,5,2702,2013,문화재청_궁능유적본부_4대궁_관람객_수_현황_2013년.csv
2013-03-08,2013,3,8,4,금,0,0,0,0,0,18.0,17.0,9.0,8.0,7508,2181,994,1639,7122,386,3201,292,617,3398,0,4307,2013,문화재청_궁능유적본부_4대궁_관람객_수_현황_2013년.csv
2013-03-09,2013,3,9,5,토,1,0,0,0,0,18.0,17.0,9.0,8.0,16067,5695,3042,6928,13717,2350,12091,476,396,3094,10,3976,2013,문화재청_궁능유적본부_4대궁_관람객_수_현황_2013년.csv
2013-03-10,2013,3,10,6,일,1,0,0,0,0,18.0,17.0,9.0,8.0,10983,3733,1349,2915,9516,1467,6679,518,636,3115,35,4304,2013,문화재청_궁능유적본부_4대궁_관람객_수_현황_2013년.csv
2013-03-11,2013,3,11,0,월,0,0,0,3,0,18.0,17.0,9.0,8.0,6773,0,0,0,6397,376,3370,281,825,2269,28,3403,2013,문화재청_궁능유적본부_4대궁_관람객_수_현황_2013년.csv
2013-03-12,2013,3,12,1,화,0,1,1,0,0,18.0,17.0,9.0,8.0,0,3719,708,2291,0,0,0,0,0,0,0,0,2013,문화재청_궁능유적본부_4대궁_관람객_수_현황_2013년.csv
2013-03-13,2013,3,13,2,수,0,0,0,0,0,18.0,17.0,9.0,8.0,6056,1505,462,1800,5338,718,2676,382,513,2479,6,3380,2013,문화재청_궁능유적본부_4대궁_관람객_수_현황_2013년.csv
2013-03-14,2013,3,14,3,목,0,0,0,0,0,18.0,17.0,9.0,8.0,6559,1969,906,1777,6048,511,3155,203,590,2611,0,3404,2013,문화재청_궁능유적본부_4대궁_관람객_수_현황_2013년.csv
2013-03-15,2013,3,15,4,금,0,0,0,0,0,18.0,17.0,9.0,8.0,6792,2297,1090,1910,6094,698,4237,69,354,2132,0,2555,2013,문화재청_궁능유적본부_4대궁_관람객_수_현황_2013년.csv
2013-03-16,2013,3,16,5,토,1,0,0,0,0,18.0,17.0,9.0,8.0,16477,5605,2666,6629,14033,2444,11457,618,603,3772,27,5020,2013,문화재청_궁능유적본부_4대궁_관람객_수_현황_2013년.csv
2013-03-17,2013,3,17,6,일,1,0,0,0,0,18.0,17.0,9.0,8.0,14619,4856,2481,4760,12734,1885,9125,385,635,4444,30,5494,2013,문화재청_궁능유적본부_4대궁_관람객_수_현황_2013년.csv
2013-03-18,2013,3,18,0,월,0,0,0,3,0,18.0,17.0,9.0,8.0,8118,0,0,0,7526,592,3658,375,753,3327,5,4460,2013,문화재청_궁능유적본부_4대궁_관람객_수_현황_2013년.csv
2013-03-19,2013,3,19,1,화,0,1,1,0,0,18.0,17.0,9.0,8.0,0,3615,979,2596,0,0,0,0,0,0,0,0,2013,문화재청_궁능유적본부_4대궁_관람객_수_현황_2013년.csv
2013-03-20,2013,3,20,2,수,0,0,0,0,0,18.0,17.0,9.0,8.0,8883,1492,606,942,7916,967,4099,182,447,4147,8,4784,2013,문화재청_궁능유적본부_4대궁_관람객_수_현황_2013년.csv
2013-03-21,2013,3,21,3,목,0,0,0,0,0,18.0,17.0,9.0,8.0,8979,2099,606,1532,8505,474,3560,246,286,4881,6,5419,2013,문화재청_궁능유적본부_4대궁_관람객_수_현황_2013년.csv
2013-03-22,2013,3,22,4,금,0,0,0,0,0,18.0,17.0,9.0,8.0,8258,2639,896,1463,7526,732,3764,207,322,3891,74,4494,2013,문화재청_궁능유적본부_4대궁_관람객_수_현황_2013년.csv
2013-03-23,2013,3,23,5,토,1,0,0,0,0,18.0,17.0,9.0,8.0,17571,6061,2570,7498,15010,2561,11816,277,461,4960,57,5755,2013,문화재청_궁능유적본부_4대궁_관람객_수_현황_2013년.csv
2013-03-24,2013,3,24,6,일,1,0,0,0,0,18.0,17.0,9.0,8.0,15524,5529,2332,5668,13365,2159,10701,326,389,4095,13,4823,2013,문화재청_궁능유적본부_4대궁_관람객_수_현황_2013년.csv
2013-03-25,2013,3,25,0,월,0,0,0,3,0,18.0,17.0,9.0,8.0,11035,0,0,0,9313,1722,4761,300,786,5186,2,6274,2013,문화재청_궁능유적본부_4대궁_관람객_수_현황_2013년.csv
2013-03-26,2013,3,26,1,화,0,1,1,0,0,18.0,17.0,9.0,8.0,0,4292,1286,2751,0,0,0,0,0,0,0,0,2013,문화재청_궁능유적본부_4대궁_관람객_수_현황_2013년.csv
2013-03-27,2013,3,27,2,수,0,0,0,0,0,18.0,17.0,9.0,8.0,13233,3686,1293,2562,10464,2769,6770,190,756,5470,47,6463,2013,문화재청_궁능유적본부_4대궁_관람객_수_현황_2013년.csv
2013-03-28,2013,3,28,3,목,0,0,0,0,0,18.0,17.0,9.0,8.0,12610,3770,1115,1919,10012,2598,7090,516,384,4524,96,5520,2013,문화재청_궁능유적본부_4대궁_관람객_수_현황_2013년.csv
2013-03-29,2013,3,29,4,금,0,0,0,0,0,18.0,17.0,9.0,8.0,12284,3706,1857,2494,10110,2174,5618,854,1237,4185,390,6666,2013,문화재청_궁능유적본부_4대궁_관람객_수_현황_2013년.csv
2013-03-30,2013,3,30,5,토,1,0,0,0,0,18.0,17.0,9.0,8.0,17426,5333,1731,5471,14944,2482,10298,301,500,6140,187,7128,2013,문화재청_궁능유적본부_4대궁_관람객_수_현황_2013년.csv
2013-03-31,2013,3,31,6,일,1,0,0,0,0,18.0,17.0,9.0,8.0,16458,5547,2794,6883,14429,2029,10815,734,779,3983,147,5643,2013,문화재청_궁능유적본부_4대궁_관람객_수_현황_2013년.csv
2013-04-01,2013,4,1,0,월,0,0,0,3,0,18.0,17.0,9.0,8.0,11267,0,0,0,9762,1505,5525,664,1194,3849,35,5742,2013,문화재청_궁능유적본부_4대궁_관람객_수_현황_2013년.csv
2013-04-02,2013,4,2,1,화,0,1,1,0,0,18.0,17.0,9.0,8.0,0,3664,465,1846,0,0,0,0,0,0,0,0,2013,문화재청_궁능유적본부_4대궁_관람객_수_현황_2013년.csv
2013-04-03,2013,4,3,2,수,0,0,0,0,0,18.0,17.0,9.0,8.0,16934,4593,1964,2768,11513,5421,9447,404,523,6044,516,7487,2013,문화재청_궁능유적본부_4대궁_관람객_수_현황_2013년.csv
2013-04-04,2013,4,4,3,목,0,0,0,0,0,18.0,17.0,9.0,8.0,13558,3735,1787,3070,9456,4102,8311,395,245,4237,370,5247,2013,문화재청_궁능유적본부_4대궁_관람객_수_현황_2013년.csv
2013-04-05,2013,4,5,4,금,0,0,0,0,0,18.0,17.0,9.0,8.0,12668,4556,2246,2980,10310,2358,6751,604,372,4899,42,5917,2013,문화재청_궁능유적본부_4대궁_관람객_수_현황_2013년.csv
2013-04-06,2013,4,6,5,토,1,0,0,0,0,18.0,17.0,9.0,8.0,8535,2573,671,2592,7698,837,3685,495,311,4027,17,4850,2013,문화재청_궁능유적본부_4대궁_관람객_수_현황_2013년.csv
2013-04-07,2013,4,7,6,일,1,0,0,0,0,18.0,17.0,9.0,8.0,16985,4696,2350,6370,15270,1715,10126,282,137,6404,36,6859,2013,문화재청_궁능유적본부_4대궁_관람객_수_현황_2013년.csv
2013-04-08,2013,4,8,0,월,0,0,0,3,0,18.0,17.0,9.0,8.0,13022,0,0,0,9776,3246,6021,550,289,6157,5,7001,2013,문화재청_궁능유적본부_4대궁_관람객_수_현황_2013년.csv
2013-04-09,2013,4,9,1,화,0,1,1,0,0,18.0,17.0,9.0,8.0,0,5375,1423,3164,0,0,0,0,0,0,0,0,2013,문화재청_궁능유적본부_4대궁_관람객_수_현황_2013년.csv
2013-04-10,2013,4,10,2,수,0,0,0,0,0,18.0,17.0,9.0,8.0,13419,3049,721,1762,8425,4994,9049,220,173,3968,9,4370,2013,문화재청_궁능유적본부_4대궁_관람객_수_현황_2013년.csv
2013-04-11,2013,4,11,3,목,0,0,0,0,0,18.0,17.0,9.0,8.0,17314,2580,928,1944,10665,6649,9712,117,209,7113,163,7602,2013,문화재청_궁능유적본부_4대궁_관람객_수_현황_2013년.csv
2013-04-12,2013,4,12,4,금,0,0,0,0,0,18.0,17.0,9.0,8.0,12999,4476,2583,4766,9036,3963,8021,83,190,4652,53,4978,2013,문화재청_궁능유적본부_4대궁_관람객_수_현황_2013년.csv
2013-04-13,2013,4,13,5,토,1,0,0,0,0,18.0,17.0,9.0,8.0,23140,9597,6369,10517,19089,4051,16194,306,292,6346,2,6946,2013,문화재청_궁능유적본부_4대궁_관람객_수_현황_2013년.csv
2013-04-14,2013,4,14,6,일,1,0,0,0,0,18.0,17.0,9.0,8.0,15064,5809,3755,7300,13263,1801,11223,377,266,3166,32,3841,2013,문화재청_궁능유적본부_4대궁_관람객_수_현황_2013년.csv
2013-04-15,2013,4,15,0,월,0,0,0,3,0,18.0,17.0,9.0,8.0,15938,0,0,0,9874,6064,11372,505,368,3652,41,4566,2013,문화재청_궁능유적본부_4대궁_관람객_수_현황_2013년.csv
2013-04-16,2013,4,16,1,화,0,1,1,0,0,18.0,17.0,9.0,8.0,0,9000,2861,5616,0,0,0,0,0,0,0,0,2013,문화재청_궁능유적본부_4대궁_관람객_수_현황_2013년.csv
2013-04-17,2013,4,17,2,수,0,0,0,0,0,18.0,17.0,9.0,8.0,21188,5625,2956,4709,11270,9918,17381,498,407,2819,83,3807,2013,문화재청_궁능유적본부_4대궁_관람객_수_현황_2013년.csv
2013-04-18,2013,4,18,3,목,0,0,0,0,0,18.0,17.0,9.0,8.0,22595,6050,2999,4116,9511,13084,18147,335,447,3522,144,4448,2013,문화재청_궁능유적본부_4대궁_관람객_수_현황_2013년.csv
2013-04-19,2013,4,19,4,금,0,0,0,0,0,18.0,17.0,9.0,8.0,18779,5869,3792,5981,9923,8856,15378,395,210,2793,3,3401,2013,문화재청_궁능유적본부_4대궁_관람객_수_현황_2013년.csv
2013-04-20,2013,4,20,5,토,1,0,0,0,0,18.0,17.0,9.0,8.0,12083,4618,1610,4744,10108,1975,7646,397,419,3589,32,4437,2013,문화재청_궁능유적본부_4대궁_관람객_수_현황_2013년.csv
2013-04-21,2013,4,21,6,일,1,0,0,0,0,18.0,17.0,9.0,8.0,18454,8224,6997,9543,15871,2583,13096,267,316,4747,28,5358,2013,문화재청_궁능유적본부_4대궁_관람객_수_현황_2013년.csv
2013-04-22,2013,4,22,0,월,0,0,0,2,0,18.0,17.0,9.0,8.0,16080,150,0,0,9783,6297,11102,272,232,4467,7,4978,2013,문화재청_궁능유적본부_4대궁_관람객_수_현황_2013년.csv
2013-04-23,2013,4,23,1,화,0,1,1,0,0,18.0,17.0,9.0,8.0,0,6299,1744,3747,0,0,0,0,0,0,0,0,2013,문화재청_궁능유적본부_4대궁_관람객_수_현황_2013년.csv
2013-04-24,2013,4,24,2,수,0,0,0,0,0,18.0,17.0,9.0,8.0,23746,5195,2563,2482,11985,11761,16587,164,348,6621,26,7159,2013,문화재청_궁능유적본부_4대궁_관람객_수_현황_2013년.csv
2013-04-25,2013,4,25,3,목,0,0,0,0,0,18.0,17.0,9.0,8.0,16955,3725,1099,1379,6678,10277,12219,164,213,3951,408,4736,2013,문화재청_궁능유적본부_4대궁_관람객_수_현황_2013년.csv
2013-04-26,2013,4,26,4,금,0,0,0,0,0,18.0,17.0,9.0,8.0,17104,5782,2222,3049,9461,7643,12683,222,173,3988,38,4421,2013,문화재청_궁능유적본부_4대궁_관람객_수_현황_2013년.csv
2013-04-27,2013,4,27,5,토,1,0,0,0,0,18.0,17.0,9.0,8.0,19633,8929,5179,6076,16172,3461,14701,230,243,4440,19,4932,2013,문화재청_궁능유적본부_4대궁_관람객_수_현황_2013년.csv
2013-04-28,2013,4,28,6,일,1,0,0,0,0,18.0,17.0,9.0,8.0,15857,7686,3941,4356,13719,2138,11552,335,420,3477,73,4305,2013,문화재청_궁능유적본부_4대궁_관람객_수_현황_2013년.csv
2013-04-29,2013,4,29,0,월,0,0,0,3,0,18.0,17.0,9.0,8.0,12808,0,0,0,8219,4589,10114,266,280,2146,2,2694,2013,문화재청_궁능유적본부_4대궁_관람객_수_현황_2013년.csv
2013-04-30,2013,4,30,1,화,0,1,1,0,0,18.0,17.0,9.0,8.0,0,10460,2487,4037,0,0,0,0,0,0,0,0,2013,문화재청_궁능유적본부_4대궁_관람객_수_현황_2013년.csv
2013-05-01,2013,5,1,2,수,0,0,0,0,0,18.0,17.0,9.0,8.0,23631,8457,12376,4502,14527,9104,18186,480,470,4413,82,5445,2013,문화재청_궁능유적본부_4대궁_관람객_수_현황_2013년.csv
2013-05-02,2013,5,2,3,목,0,0,0,0,0,18.0,17.0,9.0,8.0,14425,5095,10461,2264,7293,7132,10838,134,150,3280,23,3587,2013,문화재청_궁능유적본부_4대궁_관람객_수_현황_2013년.csv
2013-05-03,2013,5,3,4,금,0,0,0,0,0,18.0,17.0,9.0,8.0,14490,5427,16438,3891,8768,5722,10521,229,172,3566,2,3969,2013,문화재청_궁능유적본부_4대궁_관람객_수_현황_2013년.csv
2013-05-04,2013,5,4,5,토,1,0,0,1,0,18.0,17.0,9.0,8.0,25105,14158,0,11339,0,25105,25105,0,0,0,0,0,2013,문화재청_궁능유적본부_4대궁_관람객_수_현황_2013년.csv
2013-05-05,2013,5,5,6,일,1,0,0,0,1,18.0,17.0,9.0,8.0,18061,10035,17650,6556,9590,8471,15800,77,330,1835,19,2261,2013,문화재청_궁능유적본부_4대궁_관람객_수_현황_2013년.csv
2013-05-06,2013,5,6,0,월,0,0,0,3,0,18.0,17.0,9.0,8.0,10833,0,0,0,6092,4741,8293,237,259,2020,24,2540,2013,문화재청_궁능유적본부_4대궁_관람객_수_현황_2013년.csv
2013-05-07,2013,5,7,1,화,0,1,1,0,0,18.0,17.0,9.0,8.0,0,5544,1729,3269,0,0,0,0,0,0,0,0,2013,문화재청_궁능유적본부_4대궁_관람객_수_현황_2013년.csv
2013-05-08,2013,5,8,2,수,0,0,0,0,0,18.0,17.0,9.0,8.0,17034,3587,2706,3320,6226,10808,14490,202,205,2129,8,2544,2013,문화재청_궁능유적본부_4대궁_관람객_수_현황_2013년.csv
2013-05-09,2013,5,9,3,목,0,0,0,0,0,18.0,17.0,9.0,8.0,12771,4568,3024,2533,4991,7780,11010,131,78,1552,0,1761,2013,문화재청_궁능유적본부_4대궁_관람객_수_현황_2013년.csv
2013-05-10,2013,5,10,4,금,0,0,0,0,0,18.0,17.0,9.0,8.0,10675,3668,1505,1790,5052,5623,7958,229,182,2304,2,2717,2013,문화재청_궁능유적본부_4대궁_관람객_수_현황_2013년.csv
2013-05-11,2013,5,11,5,토,1,0,0,0,0,18.0,17.0,9.0,8.0,18845,8156,5043,6425,14493,4352,14905,345,324,3184,87,3940,2013,문화재청_궁능유적본부_4대궁_관람객_수_현황_2013년.csv
2013-05-12,2013,5,12,6,일,1,0,0,0,0,18.0,17.0,9.0,8.0,16457,6369,3695,4829,12000,4457,14407,234,134,1680,2,2050,2013,문화재청_궁능유적본부_4대궁_관람객_수_현황_2013년.csv
2013-05-13,2013,5,13,0,월,0,0,0,3,0,18.0,17.0,9.0,8.0,10240,0,0,0,6790,3450,7469,300,369,2083,19,2771,2013,문화재청_궁능유적본부_4대궁_관람객_수_현황_2013년.csv
2013-05-14,2013,5,14,1,화,0,1,1,0,0,18.0,17.0,9.0,8.0,0,7532,2558,3226,0,0,0,0,0,0,0,0,2013,문화재청_궁능유적본부_4대궁_관람객_수_현황_2013년.csv
2013-05-15,2013,5,15,2,수,0,0,0,0,0,18.0,17.0,9.0,8.0,17118,4145,3470,2347,7047,10071,15620,138,162,1191,7,1498,2013,문화재청_궁능유적본부_4대궁_관람객_수_현황_2013년.csv
2013-05-16,2013,5,16,3,목,0,0,0,0,0,18.0,17.0,9.0,8.0,13860,4934,4315,3271,5730,8130,11930,151,288,1479,12,1930,2013,문화재청_궁능유적본부_4대궁_관람객_수_현황_2013년.csv
2013-05-17,2013,5,17,4,금,0,0,0,0,1,18.0,17.0,9.0,8.0,25102,9908,5895,8565,18038,7064,22186,300,442,2172,2,2916,2013,문화재청_궁능유적본부_4대궁_관람객_수_현황_2013년.csv
2013-05-18,2013,5,18,5,토,1,0,0,0,0,18.0,17.0,9.0,8.0,26090,8883,4951,6440,18001,8089,25084,120,190,688,8,1006,2013,문화재청_궁능유적본부_4대궁_관람객_수_현황_2013년.csv
2013-05-19,2013,5,19,6,일,1,0,0,0,0,18.0,17.0,9.0,8.0,11285,5118,2601,5004,9099,2186,8825,285,139,1948,88,2460,2013,문화재청_궁능유적본부_4대궁_관람객_수_현황_2013년.csv
2013-05-20,2013,5,20,0,월,0,0,0,3,0,18.0,17.0,9.0,8.0,10351,0,0,0,6239,4112,7507,257,365,2217,5,2844,2013,문화재청_궁능유적본부_4대궁_관람객_수_현황_2013년.csv
2013-05-21,2013,5,21,1,화,0,1,1,0,0,18.0,17.0,9.0,8.0,0,6342,2621,3505,0,0,0,0,0,0,0,0,2013,문화재청_궁능유적본부_4대궁_관람객_수_현황_2013년.csv
2013-05-22,2013,5,22,2,수,0,0,0,0,0,18.0,17.0,9.0,8.0,32203,3951,3054,2149,18623,13580,28190,344,199,3341,129,4013,2013,문화재청_궁능유적본부_4대궁_관람객_수_현황_2013년.csv
2013-05-23,2013,5,23,3,목,0,0,0,0,0,18.0,17.0,9.0,8.0,58281,4824,2001,2874,43556,14725,54441,282,113,3281,164,3840,2013,문화재청_궁능유적본부_4대궁_관람객_수_현황_2013년.csv
2013-05-24,2013,5,24,4,금,0,0,0,0,0,18.0,17.0,9.0,8.0,53333,4424,2775,3533,42853,10480,49207,342,250,3213,321,4126,2013,문화재청_궁능유적본부_4대궁_관람객_수_현황_2013년.csv
2013-05-25,2013,5,25,5,토,1,0,0,0,0,18.0,17.0,9.0,8.0,66505,7347,3064,6751,56942,9563,61565,304,113,4496,27,4940,2013,문화재청_궁능유적본부_4대궁_관람객_수_현황_2013년.csv
2013-05-26,2013,5,26,6,일,1,0,0,0,0,18.0,17.0,9.0,8.0,52303,6135,2889,4967,44791,7512,48902,501,132,2767,1,3401,2013,문화재청_궁능유적본부_4대궁_관람객_수_현황_2013년.csv
2013-05-27,2013,5,27,0,월,0,0,0,3,0,18.0,17.0,9.0,8.0,6604,0,0,0,4950,1654,3718,125,196,2565,0,2886,2013,문화재청_궁능유적본부_4대궁_관람객_수_현황_2013년.csv
2013-05-28,2013,5,28,1,화,0,1,1,0,0,18.0,17.0,9.0,8.0,0,4434,1111,2176,0,0,0,0,0,0,0,0,2013,문화재청_궁능유적본부_4대궁_관람객_수_현황_2013년.csv
2013-05-29,2013,5,29,2,수,0,0,0,0,0,18.0,17.0,9.0,8.0,15231,4453,2142,1844,9239,5992,9450,268,291,5178,44,5781,2013,문화재청_궁능유적본부_4대궁_관람객_수_현황_2013년.csv
2013-05-30,2013,5,30,3,목,0,0,0,0,0,18.0,17.0,9.0,8.0,12836,4049,1978,2965,8321,4515,9046,309,206,3264,11,3790,2013,문화재청_궁능유적본부_4대궁_관람객_수_현황_2013년.csv
2013-05-31,2013,5,31,4,금,0,0,0,0,0,18.0,17.0,9.0,8.0,11189,4513,1687,3201,7180,4009,7626,434,250,2836,43,3563,2013,문화재청_궁능유적본부_4대궁_관람객_수_현황_2013년.csv
2013-06-01,2013,6,1,5,토,1,0,0,0,0,18.5,17.5,9.5,8.5,17050,6033,3427,5912,13618,3432,12608,663,468,3293,18,4442,2013,문화재청_궁능유적본부_4대궁_관람객_수_현황_2013년.csv
2013-06-02,2013,6,2,6,일,1,0,0,0,0,18.5,17.5,9.5,8.5,15705,5819,2711,4160,11868,3837,11594,383,197,3525,6,4111,2013,문화재청_궁능유적본부_4대궁_관람객_수_현황_2013년.csv
2013-06-03,2013,6,3,0,월,0,0,0,3,0,18.5,17.5,9.5,8.5,10010,0,0,0,6893,3117,7634,229,199,1948,0,2376,2013,문화재청_궁능유적본부_4대궁_관람객_수_현황_2013년.csv
2013-06-04,2013,6,4,1,화,0,1,1,0,0,18.5,17.5,9.5,8.5,0,6785,1731,2802,0,0,0,0,0,0,0,0,2013,문화재청_궁능유적본부_4대궁_관람객_수_현황_2013년.csv
2013-06-05,2013,6,5,2,수,0,0,0,0,0,18.5,17.5,9.5,8.5,9409,2654,1554,2034,5863,3546,6645,260,104,2358,42,2764,2013,문화재청_궁능유적본부_4대궁_관람객_수_현황_2013년.csv
2013-06-06,2013,6,6,3,목,0,0,0,0,1,18.5,17.5,9.5,8.5,17816,17870,14790,5228,14112,3704,13087,223,183,4149,174,4729,2013,문화재청_궁능유적본부_4대궁_관람객_수_현황_2013년.csv
2013-06-07,2013,6,7,4,금,0,0,0,0,0,18.5,17.5,9.5,8.5,10912,4746,1626,2650,8249,2663,8237,225,235,2210,5,2675,2013,문화재청_궁능유적본부_4대궁_관람객_수_현황_2013년.csv
2013-06-08,2013,6,8,5,토,1,0,0,0,0,18.5,17.5,9.5,8.5,15485,5582,2177,4394,12478,3007,12291,140,178,2839,37,3194,2013,문화재청_궁능유적본부_4대궁_관람객_수_현황_2013년.csv
2013-06-09,2013,6,9,6,일,1,0,0,0,0,18.5,17.5,9.5,8.5,11677,4507,1574,2989,9252,2425,8530,259,251,2631,6,3147,2013,문화재청_궁능유적본부_4대궁_관람객_수_현황_2013년.csv
2013-06-10,2013,6,10,0,월,0,0,0,3,0,18.5,17.5,9.5,8.5,8800,0,0,0,7130,1670,5501,413,444,2427,15,3299,2013,문화재청_궁능유적본부_4대궁_관람객_수_현황_2013년.csv
2013-06-11,2013,6,11,1,화,0,1,1,0,0,18.5,17.5,9.5,8.5,0,4943,1416,2279,0,0,0,0,0,0,0,0,2013,문화재청_궁능유적본부_4대궁_관람객_수_현황_2013년.csv
2013-06-12,2013,6,12,2,수,0,0,0,0,0,18.5,17.5,9.5,8.5,11265,2251,749,1177,9024,2241,8984,336,269,1668,8,2281,2013,문화재청_궁능유적본부_4대궁_관람객_수_현황_2013년.csv
2013-06-13,2013,6,13,3,목,0,0,0,0,0,18.5,17.5,9.5,8.5,14350,3478,1695,2636,11301,3049,10194,457,405,3229,65,4156,2013,문화재청_궁능유적본부_4대궁_관람객_수_현황_2013년.csv
2013-06-14,2013,6,14,4,금,0,0,0,0,0,18.5,17.5,9.5,8.5,10352,3537,1285,2300,8009,2343,5363,284,391,4300,14,4989,2013,문화재청_궁능유적본부_4대궁_관람객_수_현황_2013년.csv
2013-06-15,2013,6,15,5,토,1,0,0,0,0,18.5,17.5,9.5,8.5,16174,5611,1835,4328,12280,3894,12431,313,191,3192,47,3743,2013,문화재청_궁능유적본부_4대궁_관람객_수_현황_2013년.csv
2013-06-16,2013,6,16,6,일,1,0,0,0,0,18.5,17.5,9.5,8.5,14336,4780,1733,3206,10929,3407,10683,225,64,3338,26,3653,2013,문화재청_궁능유적본부_4대궁_관람객_수_현황_2013년.csv
2013-06-17,2013,6,17,0,월,0,0,0,3,0,18.5,17.5,9.5,8.5,10368,0,0,0,9193,1175,5404,197,353,4412,2,4964,2013,문화재청_궁능유적본부_4대궁_관람객_수_현황_2013년.csv
2013-06-18,2013,6,18,1,화,0,1,1,0,0,18.5,17.5,9.5,8.5,0,2476,620,1337,0,0,0,0,0,0,0,0,2013,문화재청_궁능유적본부_4대궁_관람객_수_현황_2013년.csv
2013-06-19,2013,6,19,2,수,0,0,0,0,0,18.5,17.5,9.5,8.5,10364,2943,1433,1764,9241,1123,5006,128,194,5034,2,5358,2013,문화재청_궁능유적본부_4대궁_관람객_수_현황_2013년.csv
2013-06-20,2013,6,20,3,목,0,0,0,0,0,18.5,17.5,9.5,8.5,9888,2424,842,1931,8371,1517,5159,94,89,4546,0,4729,2013,문화재청_궁능유적본부_4대궁_관람객_수_현황_2013년.csv
2013-06-21,2013,6,21,4,금,0,0,0,0,0,18.5,17.5,9.5,8.5,10501,2878,1343,1718,8761,1740,5342,209,317,4632,1,5159,2013,문화재청_궁능유적본부_4대궁_관람객_수_현황_2013년.csv
2013-06-22,2013,6,22,5,토,1,0,0,0,0,18.5,17.5,9.5,8.5,15932,4978,2085,3880,13707,2225,9772,208,328,5564,60,6160,2013,문화재청_궁능유적본부_4대궁_관람객_수_현황_2013년.csv
2013-06-23,2013,6,23,6,일,1,0,0,0,0,18.5,17.5,9.5,8.5,13346,5220,1792,3253,11902,1444,8242,351,289,4455,9,5104,2013,문화재청_궁능유적본부_4대궁_관람객_수_현황_2013년.csv
2013-06-24,2013,6,24,0,월,0,0,0,3,0,18.5,17.5,9.5,8.5,8879,0,0,0,8234,645,4412,456,367,3558,86,4467,2013,문화재청_궁능유적본부_4대궁_관람객_수_현황_2013년.csv
2013-06-25,2013,6,25,1,화,0,1,1,0,0,18.5,17.5,9.5,8.5,0,5249,1105,2792,0,0,0,0,0,0,0,0,2013,문화재청_궁능유적본부_4대궁_관람객_수_현황_2013년.csv
2013-06-26,2013,6,26,2,수,0,0,0,0,0,18.5,17.5,9.5,8.5,11993,2813,937,1851,10895,1098,6241,235,238,5275,4,5752,2013,문화재청_궁능유적본부_4대궁_관람객_수_현황_2013년.csv
2013-06-27,2013,6,27,3,목,0,0,0,0,0,18.5,17.5,9.5,8.5,11459,2393,945,2179,9729,1730,5801,480,276,4844,58,5658,2013,문화재청_궁능유적본부_4대궁_관람객_수_현황_2013년.csv
2013-06-28,2013,6,28,4,금,0,0,0,0,0,18.5,17.5,9.5,8.5,10362,2691,908,1863,9012,1350,4842,922,228,4355,15,5520,2013,문화재청_궁능유적본부_4대궁_관람객_수_현황_2013년.csv
2013-06-29,2013,6,29,5,토,1,0,0,0,0,18.5,17.5,9.5,8.5,14078,4364,1477,3071,12817,1261,7247,331,242,6245,13,6831,2013,문화재청_궁능유적본부_4대궁_관람객_수_현황_2013년.csv
2013-06-30,2013,6,30,6,일,1,0,0,0,0,18.5,17.5,9.5,8.5,12573,3653,980,1926,11191,1382,6831,401,137,5149,55,5742,2013,문화재청_궁능유적본부_4대궁_관람객_수_현황_2013년.csv
2013-07-01,2013,7,1,0,월,0,0,0,3,0,18.5,17.5,9.5,8.5,10574,0,0,0,9824,750,6501,197,286,3487,103,4073,2013,문화재청_궁능유적본부_4대궁_관람객_수_현황_2013년.csv
2013-07-02,2013,7,2,1,화,0,1,1,0,0,18.5,17.5,9.5,8.5,0,2252,467,1507,0,0,0,0,0,0,0,0,2013,문화재청_궁능유적본부_4대궁_관람객_수_현황_2013년.csv
2013-07-03,2013,7,3,2,수,0,0,0,0,0,18.5,17.5,9.5,8.5,12321,2086,765,1643,11629,692,6307,441,144,5404,25,6014,2013,문화재청_궁능유적본부_4대궁_관람객_수_현황_2013년.csv
2013-07-04,2013,7,4,3,목,0,0,0,0,0,18.5,17.5,9.5,8.5,10304,1856,578,1612,9458,846,6052,136,261,3837,18,4252,2013,문화재청_궁능유적본부_4대궁_관람객_수_현황_2013년.csv
2013-07-05,2013,7,5,4,금,0,0,0,0,0,18.5,17.5,9.5,8.5,10166,2448,877,1634,8916,1250,5905,297,174,3750,40,4261,2013,문화재청_궁능유적본부_4대궁_관람객_수_현황_2013년.csv
2013-07-06,2013,7,6,5,토,1,0,0,0,0,18.5,17.5,9.5,8.5,15780,4042,1633,3513,14126,1654,11127,361,322,3935,35,4653,2013,문화재청_궁능유적본부_4대궁_관람객_수_현황_2013년.csv
2013-07-07,2013,7,7,6,일,1,0,0,0,0,18.5,17.5,9.5,8.5,12642,2894,886,1931,11711,931,8508,226,81,3749,78,4134,2013,문화재청_궁능유적본부_4대궁_관람객_수_현황_2013년.csv
2013-07-08,2013,7,8,0,월,0,0,0,3,0,18.5,17.5,9.5,8.5,9461,0,0,0,9012,449,5508,160,265,3528,0,3953,2013,문화재청_궁능유적본부_4대궁_관람객_수_현황_2013년.csv
2013-07-09,2013,7,9,1,화,0,1,1,0,0,18.5,17.5,9.5,8.5,0,4260,1100,2665,0,0,0,0,0,0,0,0,2013,문화재청_궁능유적본부_4대궁_관람객_수_현황_2013년.csv
2013-07-10,2013,7,10,2,수,0,0,0,0,0,18.5,17.5,9.5,8.5,13385,2089,880,1215,11761,1624,6050,143,46,7113,33,7335,2013,문화재청_궁능유적본부_4대궁_관람객_수_현황_2013년.csv
2013-07-11,2013,7,11,3,목,0,0,0,0,0,18.5,17.5,9.5,8.5,11704,1564,514,1268,10750,954,5671,363,336,5319,15,6033,2013,문화재청_궁능유적본부_4대궁_관람객_수_현황_2013년.csv
2013-07-12,2013,7,12,4,금,0,0,0,0,0,18.5,17.5,9.5,8.5,11107,2147,765,1074,9296,1811,6766,320,108,3845,68,4341,2013,문화재청_궁능유적본부_4대궁_관람객_수_현황_2013년.csv
2013-07-13,2013,7,13,5,토,1,0,0,0,0,18.5,17.5,9.5,8.5,15017,3266,959,2612,13588,1429,9751,521,458,4144,143,5266,2013,문화재청_궁능유적본부_4대궁_관람객_수_현황_2013년.csv
2013-07-14,2013,7,14,6,일,1,0,0,0,0,18.5,17.5,9.5,8.5,14192,2654,678,1728,13158,1034,4787,241,386,8747,31,9405,2013,문화재청_궁능유적본부_4대궁_관람객_수_현황_2013년.csv
2013-07-15,2013,7,15,0,월,0,0,0,3,0,18.5,17.5,9.5,8.5,13565,0,0,0,12117,1448,4254,400,389,8496,26,9311,2013,문화재청_궁능유적본부_4대궁_관람객_수_현황_2013년.csv
2013-07-16,2013,7,16,1,화,0,1,1,0,0,18.5,17.5,9.5,8.5,0,4442,1047,4532,0,0,0,0,0,0,0,0,2013,문화재청_궁능유적본부_4대궁_관람객_수_현황_2013년.csv
2013-07-17,2013,7,17,2,수,0,0,0,0,0,18.5,17.5,9.5,8.5,14432,2080,641,1782,12848,1584,4600,419,238,9010,165,9832,2013,문화재청_궁능유적본부_4대궁_관람객_수_현황_2013년.csv
2013-07-18,2013,7,18,3,목,0,0,0,0,0,18.5,17.5,9.5,8.5,13171,1139,418,1415,11756,1415,3950,293,167,8704,57,9221,2013,문화재청_궁능유적본부_4대궁_관람객_수_현황_2013년.csv
2013-07-19,2013,7,19,4,금,0,0,0,0,0,18.5,17.5,9.5,8.5,14746,2682,1124,1831,13283,1463,5561,211,157,8811,6,9185,2013,문화재청_궁능유적본부_4대궁_관람객_수_현황_2013년.csv
2013-07-20,2013,7,20,5,토,1,0,0,0,0,18.5,17.5,9.5,8.5,18350,4414,1500,3951,16179,2171,9058,206,262,8810,14,9292,2013,문화재청_궁능유적본부_4대궁_관람객_수_현황_2013년.csv
2013-07-21,2013,7,21,6,일,1,0,0,0,0,18.5,17.5,9.5,8.5,16919,3718,1339,3510,15280,1639,10554,234,151,5959,21,6365,2013,문화재청_궁능유적본부_4대궁_관람객_수_현황_2013년.csv
2013-07-22,2013,7,22,0,월,0,0,0,3,0,18.5,17.5,9.5,8.5,11861,0,0,0,10878,983,9162,171,203,2315,10,2699,2013,문화재청_궁능유적본부_4대궁_관람객_수_현황_2013년.csv
2013-07-23,2013,7,23,1,화,0,1,1,0,0,18.5,17.5,9.5,8.5,0,2282,442,2323,0,0,0,0,0,0,0,0,2013,문화재청_궁능유적본부_4대궁_관람객_수_현황_2013년.csv
2013-07-24,2013,7,24,2,수,0,0,0,0,0,18.5,17.5,9.5,8.5,16175,2751,919,1800,14585,1590,9126,119,79,6846,5,7049,2013,문화재청_궁능유적본부_4대궁_관람객_수_현황_2013년.csv
2013-07-25,2013,7,25,3,목,0,0,0,0,0,18.5,17.5,9.5,8.5,14802,2873,1045,2775,12911,1891,9309,160,216,5117,0,5493,2013,문화재청_궁능유적본부_4대궁_관람객_수_현황_2013년.csv
2013-07-26,2013,7,26,4,금,0,0,0,0,0,18.5,17.5,9.5,8.5,12410,3049,1014,2140,10998,1412,7826,140,232,4158,54,4584,2013,문화재청_궁능유적본부_4대궁_관람객_수_현황_2013년.csv
2013-07-27,2013,7,27,5,토,1,0,0,0,0,18.5,17.5,9.5,8.5,18789,4646,1734,4025,15925,2864,16579,281,92,1820,17,2210,2013,문화재청_궁능유적본부_4대궁_관람객_수_현황_2013년.csv
2013-07-28,2013,7,28,6,일,1,0,0,0,0,18.5,17.5,9.5,8.5,15595,3759,1433,2295,13849,1746,7331,248,225,7654,137,8264,2013,문화재청_궁능유적본부_4대궁_관람객_수_현황_2013년.csv
2013-07-29,2013,7,29,0,월,0,0,0,3,0,18.5,17.5,9.5,8.5,18812,0,0,0,16508,2304,10634,109,157,7897,15,8178,2013,문화재청_궁능유적본부_4대궁_관람객_수_현황_2013년.csv
2013-07-30,2013,7,30,1,화,0,1,1,0,0,18.5,17.5,9.5,8.5,0,6461,2149,4398,0,0,0,0,0,0,0,0,2013,문화재청_궁능유적본부_4대궁_관람객_수_현황_2013년.csv
2013-07-31,2013,7,31,2,수,0,0,0,0,0,18.5,17.5,9.5,8.5,19158,4264,1759,3306,16064,3094,12197,325,317,6266,53,6961,2013,문화재청_궁능유적본부_4대궁_관람객_수_현황_2013년.csv
2013-08-01,2013,8,1,3,목,0,0,0,0,0,18.5,17.5,9.5,8.5,18750,5074,2192,4692,15321,3429,10465,456,321,7497,11,8285,2013,문화재청_궁능유적본부_4대궁_관람객_수_현황_2013년.csv
2013-08-02,2013,8,2,4,금,0,0,0,0,0,18.5,17.5,9.5,8.5,20185,4996,2110,3399,16785,3400,15646,61,157,4319,2,4539,2013,문화재청_궁능유적본부_4대궁_관람객_수_현황_2013년.csv
2013-08-03,2013,8,3,5,토,1,0,0,0,0,18.5,17.5,9.5,8.5,22233,5217,2269,3885,19057,3176,16396,291,190,5344,12,5837,2013,문화재청_궁능유적본부_4대궁_관람객_수_현황_2013년.csv
2013-08-04,2013,8,4,6,일,1,0,0,0,0,18.5,17.5,9.5,8.5,15081,4182,1550,2828,12607,2474,11199,203,228,3427,24,3882,2013,문화재청_궁능유적본부_4대궁_관람객_수_현황_2013년.csv
2013-08-05,2013,8,5,0,월,0,0,0,3,0,18.5,17.5,9.5,8.5,14507,0,0,0,12424,2083,10449,37,50,3968,3,4058,2013,문화재청_궁능유적본부_4대궁_관람객_수_현황_2013년.csv
2013-08-06,2013,8,6,1,화,0,1,1,0,0,18.5,17.5,9.5,8.5,0,4386,1148,3219,0,0,0,0,0,0,0,0,2013,문화재청_궁능유적본부_4대궁_관람객_수_현황_2013년.csv
2013-08-07,2013,8,7,2,수,0,0,0,0,0,18.5,17.5,9.5,8.5,20407,3785,1078,2476,18193,2214,12208,301,385,7416,97,8199,2013,문화재청_궁능유적본부_4대궁_관람객_수_현황_2013년.csv
2013-08-08,2013,8,8,3,목,0,0,0,0,0,18.5,17.5,9.5,8.5,17392,3392,950,2820,15065,2327,11654,189,373,5166,10,5738,2013,문화재청_궁능유적본부_4대궁_관람객_수_현황_2013년.csv
2013-08-09,2013,8,9,4,금,0,0,0,0,0,18.5,17.5,9.5,8.5,16598,3196,1080,2422,14423,2175,9955,111,222,6281,29,6643,2013,문화재청_궁능유적본부_4대궁_관람객_수_현황_2013년.csv
2013-08-10,2013,8,10,5,토,1,0,0,0,0,18.5,17.5,9.5,8.5,18500,3692,1401,3120,15891,2609,9496,201,263,8492,48,9004,2013,문화재청_궁능유적본부_4대궁_관람객_수_현황_2013년.csv
2013-08-11,2013,8,11,6,일,1,0,0,0,0,18.5,17.5,9.5,8.5,19205,4444,1483,3137,16971,2234,7690,499,471,10499,46,11515,2013,문화재청_궁능유적본부_4대궁_관람객_수_현황_2013년.csv
2013-08-12,2013,8,12,0,월,0,0,0,3,0,18.5,17.5,9.5,8.5,20676,0,0,0,18043,2633,7377,329,466,12432,72,13299,2013,문화재청_궁능유적본부_4대궁_관람객_수_현황_2013년.csv
2013-08-13,2013,8,13,1,화,0,1,1,0,0,18.5,17.5,9.5,8.5,0,5636,1330,3696,0,0,0,0,0,0,0,0,2013,문화재청_궁능유적본부_4대궁_관람객_수_현황_2013년.csv
2013-08-14,2013,8,14,2,수,0,0,0,0,0,18.5,17.5,9.5,8.5,18023,3347,1042,2483,15842,2181,5785,229,480,11504,25,12238,2013,문화재청_궁능유적본부_4대궁_관람객_수_현황_2013년.csv
2013-08-15,2013,8,15,3,목,0,0,0,0,1,18.5,17.5,9.5,8.5,21878,5312,1857,4361,18226,3652,11011,245,316,10266,40,10867,2013,문화재청_궁능유적본부_4대궁_관람객_수_현황_2013년.csv
2013-08-16,2013,8,16,4,금,0,0,0,0,0,18.5,17.5,9.5,8.5,18935,3983,1406,2117,16665,2270,7679,204,268,10771,13,11256,2013,문화재청_궁능유적본부_4대궁_관람객_수_현황_2013년.csv
2013-08-17,2013,8,17,5,토,1,0,0,0,0,18.5,17.5,9.5,8.5,21039,4531,1944,3624,18152,2887,9350,260,290,11119,20,11689,2013,문화재청_궁능유적본부_4대궁_관람객_수_현황_2013년.csv
2013-08-18,2013,8,18,6,일,1,0,0,0,0,18.5,17.5,9.5,8.5,16752,4248,1331,2810,14844,1908,10563,288,185,5708,8,6189,2013,문화재청_궁능유적본부_4대궁_관람객_수_현황_2013년.csv
2013-08-19,2013,8,19,0,월,0,0,0,3,0,18.5,17.5,9.5,8.5,13497,0,0,0,11753,1744,5130,206,346,7813,2,8367,2013,문화재청_궁능유적본부_4대궁_관람객_수_현황_2013년.csv
2013-08-20,2013,8,20,1,화,0,1,1,0,0,18.5,17.5,9.5,8.5,0,4661,1257,2955,0,0,0,0,0,0,0,0,2013,문화재청_궁능유적본부_4대궁_관람객_수_현황_2013년.csv
2013-08-21,2013,8,21,2,수,0,0,0,0,0,18.5,17.5,9.5,8.5,19719,2711,675,1492,17815,1904,11546,235,356,7555,27,8173,2013,문화재청_궁능유적본부_4대궁_관람객_수_현황_2013년.csv
2013-08-22,2013,8,22,3,목,0,0,0,0,0,18.5,17.5,9.5,8.5,15649,2663,694,1830,13924,1725,7634,149,210,7567,89,8015,2013,문화재청_궁능유적본부_4대궁_관람객_수_현황_2013년.csv
2013-08-23,2013,8,23,4,금,0,0,0,0,0,18.5,17.5,9.5,8.5,13163,2283,700,1454,11858,1305,4641,269,275,7947,31,8522,2013,문화재청_궁능유적본부_4대궁_관람객_수_현황_2013년.csv
2013-08-24,2013,8,24,5,토,1,0,0,0,0,18.5,17.5,9.5,8.5,18052,4645,1831,3700,15639,2413,8476,388,342,8817,29,9576,2013,문화재청_궁능유적본부_4대궁_관람객_수_현황_2013년.csv
2013-08-25,2013,8,25,6,일,1,0,0,0,0,18.5,17.5,9.5,8.5,15777,5066,1545,2945,13927,1850,8784,350,432,6115,96,6993,2013,문화재청_궁능유적본부_4대궁_관람객_수_현황_2013년.csv
2013-08-26,2013,8,26,0,월,0,0,0,3,0,18.5,17.5,9.5,8.5,13482,0,0,0,12039,1443,8643,144,234,4457,4,4839,2013,문화재청_궁능유적본부_4대궁_관람객_수_현황_2013년.csv
2013-08-27,2013,8,27,1,화,0,1,1,0,0,18.5,17.5,9.5,8.5,0,4741,913,3358,0,0,0,0,0,0,0,0,2013,문화재청_궁능유적본부_4대궁_관람객_수_현황_2013년.csv
2013-08-28,2013,8,28,2,수,0,0,0,0,0,18.5,17.5,9.5,8.5,15285,2880,850,1811,12574,2711,11327,175,345,3155,283,3958,2013,문화재청_궁능유적본부_4대궁_관람객_수_현황_2013년.csv
2013-08-29,2013,8,29,3,목,0,0,0,0,0,18.5,17.5,9.5,8.5,9051,1735,380,1133,7444,1607,5597,111,230,3071,42,3454,2013,문화재청_궁능유적본부_4대궁_관람객_수_현황_2013년.csv
2013-08-30,2013,8,30,4,금,0,0,0,0,0,18.5,17.5,9.5,8.5,12541,3206,959,2060,11200,1341,6431,318,366,5356,70,6110,2013,문화재청_궁능유적본부_4대궁_관람객_수_현황_2013년.csv
2013-08-31,2013,8,31,5,토,1,0,0,0,0,18.5,17.5,9.5,8.5,14980,4599,2134,4236,12634,2346,10532,599,466,3358,25,4448,2013,문화재청_궁능유적본부_4대궁_관람객_수_현황_2013년.csv
2013-09-01,2013,9,1,6,일,1,0,0,0,0,18.0,17.0,9.0,8.0,12275,4769,2078,3777,10198,2077,8408,388,286,3165,28,3867,2013,문화재청_궁능유적본부_4대궁_관람객_수_현황_2013년.csv
2013-09-02,2013,9,2,0,월,0,0,0,3,0,18.0,17.0,9.0,8.0,11481,0,0,0,9660,1821,7113,168,245,3890,65,4368,2013,문화재청_궁능유적본부_4대궁_관람객_수_현황_2013년.csv
2013-09-03,2013,9,3,1,화,0,1,1,0,0,18.0,17.0,9.0,8.0,0,5602,1790,4874,0,0,0,0,0,0,0,0,2013,문화재청_궁능유적본부_4대궁_관람객_수_현황_2013년.csv
2013-09-04,2013,9,4,2,수,0,0,0,0,0,18.0,17.0,9.0,8.0,15641,2765,1113,2067,12593,3048,10959,127,167,4242,146,4682,2013,문화재청_궁능유적본부_4대궁_관람객_수_현황_2013년.csv
2013-09-05,2013,9,5,3,목,0,0,0,0,0,18.0,17.0,9.0,8.0,13326,2959,1338,2304,9534,3792,7144,258,237,5682,5,6182,2013,문화재청_궁능유적본부_4대궁_관람객_수_현황_2013년.csv
2013-09-06,2013,9,6,4,금,0,0,0,0,0,18.0,17.0,9.0,8.0,11767,3062,1102,2306,9116,2651,6303,212,914,4334,4,5464,2013,문화재청_궁능유적본부_4대궁_관람객_수_현황_2013년.csv
2013-09-07,2013,9,7,5,토,1,0,0,0,0,18.0,17.0,9.0,8.0,18386,6229,3200,6624,14956,3430,13920,315,385,3748,18,4466,2013,문화재청_궁능유적본부_4대궁_관람객_수_현황_2013년.csv
2013-09-08,2013,9,8,6,일,1,0,0,0,0,18.0,17.0,9.0,8.0,15191,5797,2297,4644,12883,2308,9551,212,303,5125,0,5640,2013,문화재청_궁능유적본부_4대궁_관람객_수_현황_2013년.csv
2013-09-09,2013,9,9,0,월,0,0,0,3,0,18.0,17.0,9.0,8.0,12692,0,0,0,10490,2202,7869,280,554,3983,6,4823,2013,문화재청_궁능유적본부_4대궁_관람객_수_현황_2013년.csv
2013-09-10,2013,9,10,1,화,0,1,1,0,0,18.0,17.0,9.0,8.0,0,5897,1670,3106,0,0,0,0,0,0,0,0,2013,문화재청_궁능유적본부_4대궁_관람객_수_현황_2013년.csv
2013-09-11,2013,9,11,2,수,0,0,0,0,0,18.0,17.0,9.0,8.0,13367,2055,737,953,9041,4326,7366,210,397,5131,263,6001,2013,문화재청_궁능유적본부_4대궁_관람객_수_현황_2013년.csv
2013-09-12,2013,9,12,3,목,0,0,0,0,0,18.0,17.0,9.0,8.0,17065,3410,1359,2437,11450,5615,11183,297,495,4669,421,5882,2013,문화재청_궁능유적본부_4대궁_관람객_수_현황_2013년.csv
2013-09-13,2013,9,13,4,금,0,0,0,0,0,18.0,17.0,9.0,8.0,10488,1793,425,1261,8851,1637,5636,177,413,4258,4,4852,2013,문화재청_궁능유적본부_4대궁_관람객_수_현황_2013년.csv
2013-09-14,2013,9,14,5,토,1,0,0,0,0,18.0,17.0,9.0,8.0,15994,3842,1822,4188,13369,2625,7181,349,449,8005,10,8813,2013,문화재청_궁능유적본부_4대궁_관람객_수_현황_2013년.csv
2013-09-15,2013,9,15,6,일,1,0,0,0,0,18.0,17.0,9.0,8.0,14395,5655,2204,4815,12420,1975,10958,216,361,2846,14,3437,2013,문화재청_궁능유적본부_4대궁_관람객_수_현황_2013년.csv
2013-09-16,2013,9,16,0,월,0,0,0,3,0,18.0,17.0,9.0,8.0,10898,0,0,0,8404,2494,7599,302,476,2520,1,3299,2013,문화재청_궁능유적본부_4대궁_관람객_수_현황_2013년.csv
2013-09-17,2013,9,17,1,화,0,1,1,0,0,18.0,17.0,9.0,8.0,0,3653,1132,3016,0,0,0,0,0,0,0,0,2013,문화재청_궁능유적본부_4대궁_관람객_수_현황_2013년.csv
2013-09-18,2013,9,18,2,수,0,0,0,0,1,18.0,17.0,9.0,8.0,17804,5147,2075,3700,15467,2337,12754,441,351,4239,19,5050,2013,문화재청_궁능유적본부_4대궁_관람객_수_현황_2013년.csv
2013-09-19,2013,9,19,3,목,0,0,0,0,1,18.0,17.0,9.0,8.0,52221,19489,9451,14797,0,52221,52221,0,0,0,0,0,2013,문화재청_궁능유적본부_4대궁_관람객_수_현황_2013년.csv
2013-09-20,2013,9,20,4,금,0,0,0,0,1,18.0,17.0,9.0,8.0,26968,11413,6817,10659,22665,4303,21151,540,310,4958,9,5817,2013,문화재청_궁능유적본부_4대궁_관람객_수_현황_2013년.csv
2013-09-21,2013,9,21,5,토,1,0,0,0,0,18.0,17.0,9.0,8.0,21165,8800,5166,8747,18897,2268,15476,188,149,5348,4,5689,2013,문화재청_궁능유적본부_4대궁_관람객_수_현황_2013년.csv
2013-09-22,2013,9,22,6,일,1,0,0,0,0,18.0,17.0,9.0,8.0,15878,6527,3015,5055,13428,2450,10174,123,146,5429,6,5704,2013,문화재청_궁능유적본부_4대궁_관람객_수_현황_2013년.csv
2013-09-23,2013,9,23,0,월,0,0,0,3,0,18.0,17.0,9.0,8.0,11563,0,0,0,9047,2516,5236,247,459,5614,7,6327,2013,문화재청_궁능유적본부_4대궁_관람객_수_현황_2013년.csv
2013-09-24,2013,9,24,1,화,0,1,1,0,0,18.0,17.0,9.0,8.0,0,4584,682,2519,0,0,0,0,0,0,0,0,2013,문화재청_궁능유적본부_4대궁_관람객_수_현황_2013년.csv
2013-09-25,2013,9,25,2,수,0,0,0,0,0,18.0,17.0,9.0,8.0,24725,3554,2006,3502,14760,9965,18172,360,526,5613,54,6553,2013,문화재청_궁능유적본부_4대궁_관람객_수_현황_2013년.csv
2013-09-26,2013,9,26,3,목,0,0,0,0,0,18.0,17.0,9.0,8.0,24676,4780,2107,3645,15693,8983,16931,234,403,6612,496,7745,2013,문화재청_궁능유적본부_4대궁_관람객_수_현황_2013년.csv
2013-09-27,2013,9,27,4,금,0,0,0,0,0,18.0,17.0,9.0,8.0,23750,4916,1603,3812,16181,7569,14247,300,224,8552,427,9503,2013,문화재청_궁능유적본부_4대궁_관람객_수_현황_2013년.csv
2013-09-28,2013,9,28,5,토,1,0,0,0,0,18.0,17.0,9.0,8.0,23501,6027,2311,5185,19060,4441,13060,212,216,9985,28,10441,2013,문화재청_궁능유적본부_4대궁_관람객_수_현황_2013년.csv
2013-09-29,2013,9,29,6,일,1,0,0,0,0,18.0,17.0,9.0,8.0,13486,4531,1641,3434,11729,1757,8992,162,232,4072,28,4494,2013,문화재청_궁능유적본부_4대궁_관람객_수_현황_2013년.csv
2013-09-30,2013,9,30,0,월,0,0,0,3,0,18.0,17.0,9.0,8.0,16147,0,0,0,10547,5600,10561,469,612,4467,38,5586,2013,문화재청_궁능유적본부_4대궁_관람객_수_현황_2013년.csv
2013-10-01,2013,10,1,1,화,0,1,1,0,0,18.0,17.0,9.0,8.0,0,6678,4234,5063,0,0,0,0,0,0,0,0,2013,문화재청_궁능유적본부_4대궁_관람객_수_현황_2013년.csv
2013-10-02,2013,10,2,2,수,0,0,0,0,0,18.0,17.0,9.0,8.0,17665,3818,3442,2874,12174,5491,11814,362,464,5006,19,5851,2013,문화재청_궁능유적본부_4대궁_관람객_수_현황_2013년.csv
2013-10-03,2013,10,3,3,목,0,0,0,0,1,18.0,17.0,9.0,8.0,28319,9831,7403,9105,21859,6460,21477,449,351,6037,5,6842,2013,문화재청_궁능유적본부_4대궁_관람객_수_현황_2013년.csv
2013-10-04,2013,10,4,4,금,0,0,0,0,0,18.0,17.0,9.0,8.0,23232,5594,4201,5157,13830,9402,19298,238,310,3374,12,3934,2013,문화재청_궁능유적본부_4대궁_관람객_수_현황_2013년.csv
2013-10-05,2013,10,5,5,토,1,0,0,0,0,18.0,17.0,9.0,8.0,22025,7420,5736,6771,15972,6053,18197,222,247,3348,11,3828,2013,문화재청_궁능유적본부_4대궁_관람객_수_현황_2013년.csv
2013-10-06,2013,10,6,6,일,1,0,0,0,0,18.0,17.0,9.0,8.0,20246,6883,5256,5095,14112,6134,14887,268,203,4878,10,5359,2013,문화재청_궁능유적본부_4대궁_관람객_수_현황_2013년.csv
2013-10-07,2013,10,7,0,월,0,0,0,3,0,18.0,17.0,9.0,8.0,10760,0,0,0,8029,2731,7465,476,205,2572,42,3295,2013,문화재청_궁능유적본부_4대궁_관람객_수_현황_2013년.csv
2013-10-08,2013,10,8,1,화,0,1,1,0,0,18.0,17.0,9.0,8.0,0,4641,3583,2016,0,0,0,0,0,0,0,0,2013,문화재청_궁능유적본부_4대궁_관람객_수_현황_2013년.csv
2013-10-09,2013,10,9,2,수,0,0,0,0,1,18.0,17.0,9.0,8.0,21923,8463,6485,7397,14849,7074,19000,169,700,2054,0,2923,2013,문화재청_궁능유적본부_4대궁_관람객_수_현황_2013년.csv
2013-10-10,2013,10,10,3,목,0,0,0,0,0,18.0,17.0,9.0,8.0,11558,4083,3813,3042,6826,4732,9101,190,96,1977,194,2457,2013,문화재청_궁능유적본부_4대궁_관람객_수_현황_2013년.csv
2013-10-11,2013,10,11,4,금,0,0,0,0,0,18.0,17.0,9.0,8.0,14732,5951,4543,3575,8494,6238,11472,448,271,2446,95,3260,2013,문화재청_궁능유적본부_4대궁_관람객_수_현황_2013년.csv
2013-10-12,2013,10,12,5,토,1,0,0,0,0,18.0,17.0,9.0,8.0,19723,7460,5710,6963,13987,5736,16696,444,312,2269,2,3027,2013,문화재청_궁능유적본부_4대궁_관람객_수_현황_2013년.csv
2013-10-13,2013,10,13,6,일,1,0,0,0,0,18.0,17.0,9.0,8.0,21059,7995,6187,5712,12526,8533,18116,435,391,2109,8,2943,2013,문화재청_궁능유적본부_4대궁_관람객_수_현황_2013년.csv
2013-10-14,2013,10,14,0,월,0,0,0,2,0,18.0,17.0,9.0,8.0,11763,20,0,0,8137,3626,9797,386,246,1324,10,1966,2013,문화재청_궁능유적본부_4대궁_관람객_수_현황_2013년.csv
2013-10-15,2013,10,15,1,화,0,1,1,0,0,18.0,17.0,9.0,8.0,0,6651,1567,2458,0,0,0,0,0,0,0,0,2013,문화재청_궁능유적본부_4대궁_관람객_수_현황_2013년.csv
2013-10-16,2013,10,16,2,수,0,0,0,0,0,18.0,17.0,9.0,8.0,20248,5192,2496,2967,9816,10432,16531,539,458,1976,744,3717,2013,문화재청_궁능유적본부_4대궁_관람객_수_현황_2013년.csv
2013-10-17,2013,10,17,3,목,0,0,0,0,0,18.0,17.0,9.0,8.0,18354,5010,2122,3115,8719,9635,15373,309,381,2161,130,2981,2013,문화재청_궁능유적본부_4대궁_관람객_수_현황_2013년.csv
2013-10-18,2013,10,18,4,금,0,0,0,0,0,18.0,17.0,9.0,8.0,18465,6445,4089,4790,9469,8996,15745,67,224,2421,8,2720,2013,문화재청_궁능유적본부_4대궁_관람객_수_현황_2013년.csv
2013-10-19,2013,10,19,5,토,1,0,0,0,0,18.0,17.0,9.0,8.0,24754,8899,4150,7763,16504,8250,20003,514,294,3609,334,4751,2013,문화재청_궁능유적본부_4대궁_관람객_수_현황_2013년.csv
2013-10-20,2013,10,20,6,일,1,0,0,0,0,18.0,17.0,9.0,8.0,19601,7407,4329,6840,15229,4372,16175,420,423,2502,81,3426,2013,문화재청_궁능유적본부_4대궁_관람객_수_현황_2013년.csv
2013-10-21,2013,10,21,0,월,0,0,0,3,0,18.0,17.0,9.0,8.0,14281,0,0,0,10843,3438,9441,380,662,3457,341,4840,2013,문화재청_궁능유적본부_4대궁_관람객_수_현황_2013년.csv
2013-10-22,2013,10,22,1,화,0,1,1,0,0,18.0,17.0,9.0,8.0,0,9878,3087,4875,0,0,0,0,0,0,0,0,2013,문화재청_궁능유적본부_4대궁_관람객_수_현황_2013년.csv
2013-10-23,2013,10,23,2,수,0,0,0,0,0,18.0,17.0,9.0,8.0,20356,6623,2198,3552,13665,6691,13106,370,390,6244,246,7250,2013,문화재청_궁능유적본부_4대궁_관람객_수_현황_2013년.csv
2013-10-24,2013,10,24,3,목,0,0,0,0,0,18.0,17.0,9.0,8.0,18245,6408,2541,3275,11824,6421,12425,413,903,4255,249,5820,2013,문화재청_궁능유적본부_4대궁_관람객_수_현황_2013년.csv
2013-10-25,2013,10,25,4,금,0,0,0,0,0,18.0,17.0,9.0,8.0,18719,7781,3706,3984,10234,8485,13977,519,468,3545,210,4742,2013,문화재청_궁능유적본부_4대궁_관람객_수_현황_2013년.csv
2013-10-26,2013,10,26,5,토,1,0,0,0,0,18.0,17.0,9.0,8.0,22435,11350,5052,7559,17766,4669,17283,597,456,3975,124,5152,2013,문화재청_궁능유적본부_4대궁_관람객_수_현황_2013년.csv
2013-10-27,2013,10,27,6,일,1,0,0,0,0,18.0,17.0,9.0,8.0,20064,10325,4962,7633,16855,3209,15223,353,296,3807,385,4841,2013,문화재청_궁능유적본부_4대궁_관람객_수_현황_2013년.csv
2013-10-28,2013,10,28,0,월,0,0,0,3,0,18.0,17.0,9.0,8.0,12749,0,0,0,10320,2429,8733,238,437,3153,188,4016,2013,문화재청_궁능유적본부_4대궁_관람객_수_현황_2013년.csv
2013-10-29,2013,10,29,1,화,0,1,1,0,0,18.0,17.0,9.0,8.0,0,8968,2147,5105,0,0,0,0,0,0,0,0,2013,문화재청_궁능유적본부_4대궁_관람객_수_현황_2013년.csv
2013-10-30,2013,10,30,2,수,0,0,0,0,0,18.0,17.0,9.0,8.0,15226,8210,2296,5096,9261,5965,11714,188,276,2402,646,3512,2013,문화재청_궁능유적본부_4대궁_관람객_수_현황_2013년.csv
2013-10-31,2013,10,31,3,목,0,0,0,0,0,18.0,17.0,9.0,8.0,14312,7947,3014,5289,10075,4237,10046,188,909,3124,45,4266,2013,문화재청_궁능유적본부_4대궁_관람객_수_현황_2013년.csv
2013-11-01,2013,11,1,4,금,0,0,0,0,0,17.0,16.0,8.0,7.0,14226,7808,2859,6844,10317,3909,10206,235,336,3324,125,4020,2013,문화재청_궁능유적본부_4대궁_관람객_수_현황_2013년.csv
2013-11-02,2013,11,2,5,토,1,0,0,0,0,17.0,16.0,8.0,7.0,11254,8833,2335,8884,8700,2554,8316,274,239,2030,395,2938,2013,문화재청_궁능유적본부_4대궁_관람객_수_현황_2013년.csv
2013-11-03,2013,11,3,6,일,1,0,0,0,0,17.0,16.0,8.0,7.0,17597,12585,5890,12528,14629,2968,14036,414,741,2116,290,3561,2013,문화재청_궁능유적본부_4대궁_관람객_수_현황_2013년.csv
2013-11-04,2013,11,4,0,월,0,0,0,2,0,17.0,16.0,8.0,7.0,12107,101,0,0,9937,2170,6969,448,749,3495,446,5138,2013,문화재청_궁능유적본부_4대궁_관람객_수_현황_2013년.csv
2013-11-05,2013,11,5,1,화,0,1,1,0,0,17.0,16.0,8.0,7.0,0,8799,4311,9130,0,0,0,0,0,0,0,0,2013,문화재청_궁능유적본부_4대궁_관람객_수_현황_2013년.csv
2013-11-06,2013,11,6,2,수,0,0,0,0,0,17.0,16.0,8.0,7.0,9963,5239,1862,6596,7713,2250,7891,270,324,1449,29,2072,2013,문화재청_궁능유적본부_4대궁_관람객_수_현황_2013년.csv
2013-11-07,2013,11,7,3,목,0,0,0,0,0,17.0,16.0,8.0,7.0,11729,6588,3656,7320,8895,2834,7969,274,374,3070,42,3760,2013,문화재청_궁능유적본부_4대궁_관람객_수_현황_2013년.csv
2013-11-08,2013,11,8,4,금,0,0,0,0,0,17.0,16.0,8.0,7.0,12707,7263,3803,8659,9580,3127,8631,383,470,2968,255,4076,2013,문화재청_궁능유적본부_4대궁_관람객_수_현황_2013년.csv
2013-11-09,2013,11,9,5,토,1,0,0,0,0,17.0,16.0,8.0,7.0,17963,9431,5257,12154,14111,3852,13478,136,290,3775,284,4485,2013,문화재청_궁능유적본부_4대궁_관람객_수_현황_2013년.csv
2013-11-10,2013,11,10,6,일,1,0,0,0,0,17.0,16.0,8.0,7.0,16211,8892,5723,10406,13800,2411,11605,212,495,3787,112,4606,2013,문화재청_궁능유적본부_4대궁_관람객_수_현황_2013년.csv
2013-11-11,2013,11,11,0,월,0,0,0,3,0,17.0,16.0,8.0,7.0,9869,0,0,0,7816,2053,6253,257,383,2915,61,3616,2013,문화재청_궁능유적본부_4대궁_관람객_수_현황_2013년.csv
2013-11-12,2013,11,12,1,화,0,1,1,0,0,17.0,16.0,8.0,7.0,0,5951,2058,6411,0,0,0,0,0,0,0,0,2013,문화재청_궁능유적본부_4대궁_관람객_수_현황_2013년.csv
2013-11-13,2013,11,13,2,수,0,0,0,0,0,17.0,16.0,8.0,7.0,10606,5060,2290,7754,8431,2175,5446,164,421,4255,320,5160,2013,문화재청_궁능유적본부_4대궁_관람객_수_현황_2013년.csv
2013-11-14,2013,11,14,3,목,0,0,0,0,0,17.0,16.0,8.0,7.0,9691,4241,1741,4299,7052,2639,6032,114,242,2988,315,3659,2013,문화재청_궁능유적본부_4대궁_관람객_수_현황_2013년.csv
2013-11-15,2013,11,15,4,금,0,0,0,0,0,17.0,16.0,8.0,7.0,11771,4743,1984,5256,7713,4058,8558,177,265,2660,111,3213,2013,문화재청_궁능유적본부_4대궁_관람객_수_현황_2013년.csv
2013-11-16,2013,11,16,5,토,1,0,0,0,0,17.0,16.0,8.0,7.0,17241,7984,4440,11453,13467,3774,12094,224,408,4023,492,5147,2013,문화재청_궁능유적본부_4대궁_관람객_수_현황_2013년.csv
2013-11-17,2013,11,17,6,일,1,0,0,0,0,17.0,16.0,8.0,7.0,11230,5426,2163,7473,9370,1860,9094,152,331,1597,56,2136,2013,문화재청_궁능유적본부_4대궁_관람객_수_현황_2013년.csv
2013-11-18,2013,11,18,0,월,0,0,0,3,0,17.0,16.0,8.0,7.0,10689,0,0,0,7311,3378,6261,164,446,3642,176,4428,2013,문화재청_궁능유적본부_4대궁_관람객_수_현황_2013년.csv
2013-11-19,2013,11,19,1,화,0,1,1,0,0,17.0,16.0,8.0,7.0,0,4692,1305,4413,0,0,0,0,0,0,0,0,2013,문화재청_궁능유적본부_4대궁_관람객_수_현황_2013년.csv
2013-11-20,2013,11,20,2,수,0,0,0,0,0,17.0,16.0,8.0,7.0,10950,2994,1000,3520,7844,3106,5743,303,679,4078,147,5207,2013,문화재청_궁능유적본부_4대궁_관람객_수_현황_2013년.csv
2013-11-21,2013,11,21,3,목,0,0,0,0,0,17.0,16.0,8.0,7.0,12645,3508,1730,3486,7870,4775,7186,263,313,4595,288,5459,2013,문화재청_궁능유적본부_4대궁_관람객_수_현황_2013년.csv
2013-11-22,2013,11,22,4,금,0,0,0,0,0,17.0,16.0,8.0,7.0,12732,3313,1495,6025,7275,5457,9971,136,251,2374,0,2761,2013,문화재청_궁능유적본부_4대궁_관람객_수_현황_2013년.csv
2013-11-23,2013,11,23,5,토,1,0,0,0,0,17.0,16.0,8.0,7.0,14661,5640,2263,9216,11585,3076,9294,248,507,4269,343,5367,2013,문화재청_궁능유적본부_4대궁_관람객_수_현황_2013년.csv
2013-11-24,2013,11,24,6,일,1,0,0,0,0,17.0,16.0,8.0,7.0,11718,4189,1539,5697,9825,1893,8331,108,93,2993,193,3387,2013,문화재청_궁능유적본부_4대궁_관람객_수_현황_2013년.csv
2013-11-25,2013,11,25,0,월,0,0,0,3,0,17.0,16.0,8.0,7.0,8046,0,0,0,5225,2821,4868,127,158,2669,224,3178,2013,문화재청_궁능유적본부_4대궁_관람객_수_현황_2013년.csv
2013-11-26,2013,11,26,1,화,0,1,1,0,0,17.0,16.0,8.0,7.0,0,4187,1259,3952,0,0,0,0,0,0,0,0,2013,문화재청_궁능유적본부_4대궁_관람객_수_현황_2013년.csv
2013-11-27,2013,11,27,2,수,0,0,0,0,0,17.0,16.0,8.0,7.0,8903,1563,388,2865,7569,1334,5742,130,147,2703,181,3161,2013,문화재청_궁능유적본부_4대궁_관람객_수_현황_2013년.csv
2013-11-28,2013,11,28,3,목,0,0,0,0,0,17.0,16.0,8.0,7.0,8746,1672,501,4997,7416,1330,4330,124,355,3520,417,4416,2013,문화재청_궁능유적본부_4대궁_관람객_수_현황_2013년.csv
2013-11-29,2013,11,29,4,금,0,0,0,0,0,17.0,16.0,8.0,7.0,8456,2635,736,3345,6983,1473,4340,141,254,3348,373,4116,2013,문화재청_궁능유적본부_4대궁_관람객_수_현황_2013년.csv
2013-11-30,2013,11,30,5,토,1,0,0,0,0,17.0,16.0,8.0,7.0,12070,4315,1588,7109,9908,2162,9196,171,174,2480,49,2874,2013,문화재청_궁능유적본부_4대궁_관람객_수_현황_2013년.csv
2013-12-01,2013,12,1,6,일,1,0,0,0,0,17.0,16.0,8.0,7.0,11550,3667,1607,5883,10027,1523,8173,563,258,2333,223,3377,2013,문화재청_궁능유적본부_4대궁_관람객_수_현황_2013년.csv
2013-12-02,2013,12,2,0,월,0,0,0,2,0,17.0,16.0,8.0,7.0,7570,26,0,0,6417,1153,4417,161,309,2482,201,3153,2013,문화재청_궁능유적본부_4대궁_관람객_수_현황_2013년.csv
2013-12-03,2013,12,3,1,화,0,1,1,0,0,17.0,16.0,8.0,7.0,0,3262,845,3585,0,0,0,0,0,0,0,0,2013,문화재청_궁능유적본부_4대궁_관람객_수_현황_2013년.csv
2013-12-04,2013,12,4,2,수,0,0,0,0,0,17.0,16.0,8.0,7.0,8069,1525,635,3546,7059,1010,3649,267,311,3563,279,4420,2013,문화재청_궁능유적본부_4대궁_관람객_수_현황_2013년.csv
2013-12-05,2013,12,5,3,목,0,0,0,0,0,17.0,16.0,8.0,7.0,7851,1884,533,3012,6206,1645,4436,434,122,2702,157,3415,2013,문화재청_궁능유적본부_4대궁_관람객_수_현황_2013년.csv
2013-12-06,2013,12,6,4,금,0,0,0,0,0,17.0,16.0,8.0,7.0,8187,1823,891,3173,6078,2109,6076,315,196,1565,35,2111,2013,문화재청_궁능유적본부_4대궁_관람객_수_현황_2013년.csv
2013-12-07,2013,12,7,5,토,1,0,0,0,0,17.0,16.0,8.0,7.0,11830,3926,1581,6404,10083,1747,8239,537,177,2699,178,3591,2013,문화재청_궁능유적본부_4대궁_관람객_수_현황_2013년.csv
2013-12-08,2013,12,8,6,일,1,0,0,0,0,17.0,16.0,8.0,7.0,10014,3169,1016,4661,8972,1042,6025,368,464,3038,119,3989,2013,문화재청_궁능유적본부_4대궁_관람객_수_현황_2013년.csv
2013-12-09,2013,12,9,0,월,0,0,0,3,0,17.0,16.0,8.0,7.0,6799,0,0,0,4710,2089,3402,363,451,2516,67,3397,2013,문화재청_궁능유적본부_4대궁_관람객_수_현황_2013년.csv
2013-12-10,2013,12,10,1,화,0,1,1,0,0,17.0,16.0,8.0,7.0,0,2926,925,4891,0,0,0,0,0,0,0,0,2013,문화재청_궁능유적본부_4대궁_관람객_수_현황_2013년.csv
2013-12-11,2013,12,11,2,수,0,0,0,0,0,17.0,16.0,8.0,7.0,9266,1547,692,4137,7785,1481,4772,759,312,3329,94,4494,2013,문화재청_궁능유적본부_4대궁_관람객_수_현황_2013년.csv
2013-12-12,2013,12,12,3,목,0,0,0,0,0,17.0,16.0,8.0,7.0,7918,1816,665,3246,6038,1880,4396,216,630,2364,312,3522,2013,문화재청_궁능유적본부_4대궁_관람객_수_현황_2013년.csv
2013-12-13,2013,12,13,4,금,0,0,0,0,0,17.0,16.0,8.0,7.0,7744,1558,334,2831,6660,1084,3964,112,147,3321,200,3780,2013,문화재청_궁능유적본부_4대궁_관람객_수_현황_2013년.csv
2013-12-14,2013,12,14,5,토,1,0,0,0,0,17.0,16.0,8.0,7.0,11412,2502,743,5349,10184,1228,6390,608,537,3724,153,5022,2013,문화재청_궁능유적본부_4대궁_관람객_수_현황_2013년.csv
2013-12-15,2013,12,15,6,일,1,0,0,0,0,17.0,16.0,8.0,7.0,9108,2504,818,4529,8204,904,5925,198,548,2326,111,3183,2013,문화재청_궁능유적본부_4대궁_관람객_수_현황_2013년.csv
2013-12-16,2013,12,16,0,월,0,0,0,3,0,17.0,16.0,8.0,7.0,7662,0,0,0,6752,910,3334,275,358,3342,353,4328,2013,문화재청_궁능유적본부_4대궁_관람객_수_현황_2013년.csv
2013-12-17,2013,12,17,1,화,0,1,1,0,0,17.0,16.0,8.0,7.0,0,2434,485,4569,0,0,0,0,0,0,0,0,2013,문화재청_궁능유적본부_4대궁_관람객_수_현황_2013년.csv
2013-12-18,2013,12,18,2,수,0,0,0,0,0,17.0,16.0,8.0,7.0,9987,1318,612,3266,8072,1915,6524,165,158,2745,395,3463,2013,문화재청_궁능유적본부_4대궁_관람객_수_현황_2013년.csv
2013-12-19,2013,12,19,3,목,0,0,0,0,0,17.0,16.0,8.0,7.0,8298,1326,807,3882,5682,2616,4040,146,189,3758,165,4258,2013,문화재청_궁능유적본부_4대궁_관람객_수_현황_2013년.csv
2013-12-20,2013,12,20,4,금,0,0,0,0,0,17.0,16.0,8.0,7.0,8068,1401,418,3172,6145,1923,5490,243,157,2006,172,2578,2013,문화재청_궁능유적본부_4대궁_관람객_수_현황_2013년.csv
2013-12-21,2013,12,21,5,토,1,0,0,0,0,17.0,16.0,8.0,7.0,10263,2612,667,5603,8994,1269,6156,407,317,3005,378,4107,2013,문화재청_궁능유적본부_4대궁_관람객_수_현황_2013년.csv
2013-12-22,2013,12,22,6,일,1,0,0,0,0,17.0,16.0,8.0,7.0,10025,2683,835,4099,8808,1217,5841,277,316,3229,362,4184,2013,문화재청_궁능유적본부_4대궁_관람객_수_현황_2013년.csv
2013-12-23,2013,12,23,0,월,0,0,0,3,0,17.0,16.0,8.0,7.0,9994,0,0,0,7822,2172,5843,384,397,3220,150,4151,2013,문화재청_궁능유적본부_4대궁_관람객_수_현황_2013년.csv
2013-12-24,2013,12,24,1,화,0,1,1,0,0,17.0,16.0,8.0,7.0,0,2888,1689,6026,0,0,0,0,0,0,0,0,2013,문화재청_궁능유적본부_4대궁_관람객_수_현황_2013년.csv
2013-12-25,2013,12,25,2,수,0,0,0,0,1,17.0,16.0,8.0,7.0,14287,3136,1328,7424,12311,1976,7453,248,187,5898,501,6834,2013,문화재청_궁능유적본부_4대궁_관람객_수_현황_2013년.csv
2013-12-26,2013,12,26,3,목,0,0,0,0,0,17.0,16.0,8.0,7.0,9641,1933,835,2834,7191,2450,5194,480,442,3322,203,4447,2013,문화재청_궁능유적본부_4대궁_관람객_수_현황_2013년.csv
2013-12-27,2013,12,27,4,금,0,0,0,0,0,17.0,16.0,8.0,7.0,7903,2067,590,3316,6494,1409,4303,267,327,2896,110,3600,2013,문화재청_궁능유적본부_4대궁_관람객_수_현황_2013년.csv
2013-12-28,2013,12,28,5,토,1,0,0,0,0,17.0,16.0,8.0,7.0,10643,2730,633,3944,9206,1437,6044,357,186,3624,432,4599,2013,문화재청_궁능유적본부_4대궁_관람객_수_현황_2013년.csv
2013-12-29,2013,12,29,6,일,1,0,0,0,0,17.0,16.0,8.0,7.0,11441,3002,788,4324,10037,1404,6978,417,379,3500,167,4463,2013,문화재청_궁능유적본부_4대궁_관람객_수_현황_2013년.csv
2013-12-30,2013,12,30,0,월,0,0,0,3,0,17.0,16.0,8.0,7.0,11439,0,0,0,9867,1572,7963,345,252,2862,17,3476,2013,문화재청_궁능유적본부_4대궁_관람객_수_현황_2013년.csv
2013-12-31,2013,12,31,1,화,0,1,1,0,0,17.0,16.0,8.0,7.0,0,4438,1049,4877,0,0,0,0,0,0,0,0,2013,문화재청_궁능유적본부_4대궁_관람객_수_현황_2013년.csv
2014-01-01,2014,1,1,2,수,0,0,0,0,1,17.0,16.0,8.0,7.0,17370,4946,2230,5879,14764,2606,11075,509,517,5197,72,6295,2014,문화재청_궁능유적본부_4대궁_관람객_수_현황_2014년.csv
2014-01-02,2014,1,2,3,목,0,0,0,0,0,17.0,16.0,8.0,7.0,9467,2681,1066,3782,7873,1594,6232,280,227,2448,280,3235,2014,문화재청_궁능유적본부_4대궁_관람객_수_현황_2014년.csv
2014-01-03,2014,1,3,4,금,0,0,0,0,0,17.0,16.0,8.0,7.0,8253,2404,1105,3845,6626,1627,5385,377,193,2270,28,2868,2014,문화재청_궁능유적본부_4대궁_관람객_수_현황_2014년.csv
2014-01-04,2014,1,4,5,토,1,0,0,0,0,17.0,16.0,8.0,7.0,11332,3796,1781,6986,8714,2618,8672,504,247,1864,45,2660,2014,문화재청_궁능유적본부_4대궁_관람객_수_현황_2014년.csv
2014-01-05,2014,1,5,6,일,1,0,0,0,0,17.0,16.0,8.0,7.0,9783,3193,1541,5795,7790,1993,7283,116,106,2180,98,2500,2014,문화재청_궁능유적본부_4대궁_관람객_수_현황_2014년.csv
2014-01-06,2014,1,6,0,월,0,0,0,3,0,17.0,16.0,8.0,7.0,6390,0,0,0,5259,1131,3794,356,194,1767,279,2596,2014,문화재청_궁능유적본부_4대궁_관람객_수_현황_2014년.csv
2014-01-07,2014,1,7,1,화,0,1,1,0,0,17.0,16.0,8.0,7.0,0,2502,1147,4704,0,0,0,0,0,0,0,0,2014,문화재청_궁능유적본부_4대궁_관람객_수_현황_2014년.csv
2014-01-08,2014,1,8,2,수,0,0,0,0,0,17.0,16.0,8.0,7.0,5887,1395,749,2752,4603,1284,4078,282,115,1383,29,1809,2014,문화재청_궁능유적본부_4대궁_관람객_수_현황_2014년.csv
2014-01-09,2014,1,9,3,목,0,0,0,0,0,17.0,16.0,8.0,7.0,6330,1115,406,2130,5536,794,3470,195,67,2239,359,2860,2014,문화재청_궁능유적본부_4대궁_관람객_수_현황_2014년.csv
2014-01-10,2014,1,10,4,금,0,0,0,0,0,17.0,16.0,8.0,7.0,4680,1169,458,2085,3926,754,3389,311,105,866,9,1291,2014,문화재청_궁능유적본부_4대궁_관람객_수_현황_2014년.csv
2014-01-11,2014,1,11,5,토,1,0,0,0,0,17.0,16.0,8.0,7.0,9853,2872,1189,5979,7594,2259,7994,284,91,1424,60,1859,2014,문화재청_궁능유적본부_4대궁_관람객_수_현황_2014년.csv
2014-01-12,2014,1,12,6,일,1,0,0,0,0,17.0,16.0,8.0,7.0,8895,2775,1092,5275,7113,1782,5934,382,207,2307,65,2961,2014,문화재청_궁능유적본부_4대궁_관람객_수_현황_2014년.csv
2014-01-13,2014,1,13,0,월,0,0,0,3,0,17.0,16.0,8.0,7.0,6014,0,0,0,5081,933,3698,187,124,1899,106,2316,2014,문화재청_궁능유적본부_4대궁_관람객_수_현황_2014년.csv
2014-01-14,2014,1,14,1,화,0,1,1,0,0,17.0,16.0,8.0,7.0,0,1770,695,3338,0,0,0,0,0,0,0,0,2014,문화재청_궁능유적본부_4대궁_관람객_수_현황_2014년.csv
2014-01-15,2014,1,15,2,수,0,0,0,0,0,17.0,16.0,8.0,7.0,6686,1308,522,3428,5360,1326,4284,96,163,2111,32,2402,2014,문화재청_궁능유적본부_4대궁_관람객_수_현황_2014년.csv
2014-01-16,2014,1,16,3,목,0,0,0,0,0,17.0,16.0,8.0,7.0,7689,1683,708,3199,6292,1397,3287,472,138,3683,109,4402,2014,문화재청_궁능유적본부_4대궁_관람객_수_현황_2014년.csv
2014-01-17,2014,1,17,4,금,0,0,0,0,0,17.0,16.0,8.0,7.0,7777,1550,604,3582,6367,1410,4472,438,53,2730,84,3305,2014,문화재청_궁능유적본부_4대궁_관람객_수_현황_2014년.csv
2014-01-18,2014,1,18,5,토,1,0,0,0,0,17.0,16.0,8.0,7.0,14004,3128,1433,7892,11264,2740,8766,978,244,3937,79,5238,2014,문화재청_궁능유적본부_4대궁_관람객_수_현황_2014년.csv
2014-01-19,2014,1,19,6,일,1,0,0,0,0,17.0,16.0,8.0,7.0,11298,2727,1166,5901,9208,2090,7325,48,31,3890,4,3973,2014,문화재청_궁능유적본부_4대궁_관람객_수_현황_2014년.csv
2014-01-20,2014,1,20,0,월,0,0,0,3,0,17.0,16.0,8.0,7.0,8293,0,0,0,7000,1293,4367,240,67,3497,122,3926,2014,문화재청_궁능유적본부_4대궁_관람객_수_현황_2014년.csv
2014-01-21,2014,1,21,1,화,0,1,1,0,0,17.0,16.0,8.0,7.0,0,2342,769,4045,0,0,0,0,0,0,0,0,2014,문화재청_궁능유적본부_4대궁_관람객_수_현황_2014년.csv
2014-01-22,2014,1,22,2,수,0,0,0,0,0,17.0,16.0,8.0,7.0,10084,1476,562,3170,8794,1290,4310,309,87,5164,214,5774,2014,문화재청_궁능유적본부_4대궁_관람객_수_현황_2014년.csv
2014-01-23,2014,1,23,3,목,0,0,0,0,0,17.0,16.0,8.0,7.0,10258,2055,732,3936,8832,1426,6848,10,62,3327,11,3410,2014,문화재청_궁능유적본부_4대궁_관람객_수_현황_2014년.csv
2014-01-24,2014,1,24,4,금,0,0,0,0,0,17.0,16.0,8.0,7.0,8737,1646,692,3509,7320,1417,4201,49,68,4321,98,4536,2014,문화재청_궁능유적본부_4대궁_관람객_수_현황_2014년.csv
2014-01-25,2014,1,25,5,토,1,0,0,0,0,17.0,16.0,8.0,7.0,9380,1757,578,4817,7942,1438,4214,223,84,4428,431,5166,2014,문화재청_궁능유적본부_4대궁_관람객_수_현황_2014년.csv
2014-01-26,2014,1,26,6,일,1,0,0,0,0,17.0,16.0,8.0,7.0,12379,2729,1094,5094,10398,1981,9075,377,165,2554,208,3304,2014,문화재청_궁능유적본부_4대궁_관람객_수_현황_2014년.csv
2014-01-27,2014,1,27,0,월,0,0,0,3,0,17.0,16.0,8.0,7.0,7132,0,0,0,5902,1230,4158,581,431,1829,133,2974,2014,문화재청_궁능유적본부_4대궁_관람객_수_현황_2014년.csv
2014-01-28,2014,1,28,1,화,0,1,1,0,0,17.0,16.0,8.0,7.0,0,1982,599,3056,0,0,0,0,0,0,0,0,2014,문화재청_궁능유적본부_4대궁_관람객_수_현황_2014년.csv
2014-01-29,2014,1,29,2,수,0,0,0,0,0,17.0,16.0,8.0,7.0,8906,1640,1173,3751,0,8906,5000,0,0,3000,906,3906,2014,문화재청_궁능유적본부_4대궁_관람객_수_현황_2014년.csv
2014-01-30,2014,1,30,3,목,0,0,0,0,1,17.0,16.0,8.0,7.0,6745,1171,393,3042,6021,724,3613,131,275,2567,159,3132,2014,문화재청_궁능유적본부_4대궁_관람객_수_현황_2014년.csv
2014-01-31,2014,1,31,4,금,0,0,0,1,1,17.0,16.0,8.0,7.0,32801,10504,0,9491,0,32801,24783,0,0,7500,518,8018,2014,문화재청_궁능유적본부_4대궁_관람객_수_현황_2014년.csv
2014-02-01,2014,2,1,5,토,1,0,0,0,1,17.0,16.0,8.0,7.0,14492,2730,1043,5076,12817,1675,10908,166,165,2998,255,3584,2014,문화재청_궁능유적본부_4대궁_관람객_수_현황_2014년.csv
2014-02-02,2014,2,2,6,일,1,0,0,0,0,17.0,16.0,8.0,7.0,13580,2701,1191,4375,12124,1456,6958,79,126,6133,284,6622,2014,문화재청_궁능유적본부_4대궁_관람객_수_현황_2014년.csv
2014-02-03,2014,2,3,0,월,0,0,0,3,0,17.0,16.0,8.0,7.0,10767,0,0,0,9889,878,3554,111,187,6848,67,7213,2014,문화재청_궁능유적본부_4대궁_관람객_수_현황_2014년.csv
2014-02-04,2014,2,4,1,화,0,1,1,0,0,17.0,16.0,8.0,7.0,0,2220,340,2563,0,0,0,0,0,0,0,0,2014,문화재청_궁능유적본부_4대궁_관람객_수_현황_2014년.csv
2014-02-05,2014,2,5,2,수,0,0,0,0,0,17.0,16.0,8.0,7.0,12356,1239,470,1987,11250,1106,4200,64,164,7649,279,8156,2014,문화재청_궁능유적본부_4대궁_관람객_수_현황_2014년.csv
2014-02-06,2014,2,6,3,목,0,0,0,0,0,17.0,16.0,8.0,7.0,11766,1550,666,2455,10624,1142,4261,67,134,6983,321,7505,2014,문화재청_궁능유적본부_4대궁_관람객_수_현황_2014년.csv
2014-02-07,2014,2,7,4,금,0,0,0,0,0,17.0,16.0,8.0,7.0,10041,1537,651,3132,8899,1142,4014,96,105,5645,181,6027,2014,문화재청_궁능유적본부_4대궁_관람객_수_현황_2014년.csv
2014-02-08,2014,2,8,5,토,1,0,0,0,0,17.0,16.0,8.0,7.0,12986,2346,965,4225,11449,1537,5568,131,166,6809,312,7418,2014,문화재청_궁능유적본부_4대궁_관람객_수_현황_2014년.csv
2014-02-09,2014,2,9,6,일,1,0,0,0,0,17.0,16.0,8.0,7.0,13694,3566,1530,4314,11948,1746,7439,424,546,5048,237,6255,2014,문화재청_궁능유적본부_4대궁_관람객_수_현황_2014년.csv
2014-02-10,2014,2,10,0,월,0,0,0,3,0,17.0,16.0,8.0,7.0,9363,0,0,0,8330,1033,5441,173,402,3250,97,3922,2014,문화재청_궁능유적본부_4대궁_관람객_수_현황_2014년.csv
2014-02-11,2014,2,11,1,화,0,1,1,0,0,17.0,16.0,8.0,7.0,0,2572,2379,3293,0,0,0,0,0,0,0,0,2014,문화재청_궁능유적본부_4대궁_관람객_수_현황_2014년.csv
2014-02-12,2014,2,12,2,수,0,0,0,0,0,17.0,16.0,8.0,7.0,9236,1503,2298,2736,8020,1216,4628,122,153,4222,111,4608,2014,문화재청_궁능유적본부_4대궁_관람객_수_현황_2014년.csv
2014-02-13,2014,2,13,3,목,0,0,0,0,0,17.0,16.0,8.0,7.0,7755,1872,2339,2330,6705,1050,3355,155,222,3868,155,4400,2014,문화재청_궁능유적본부_4대궁_관람객_수_현황_2014년.csv
2014-02-14,2014,2,14,4,금,0,0,0,0,0,17.0,16.0,8.0,7.0,7217,1853,2465,2736,5805,1412,4379,146,273,2365,54,2838,2014,문화재청_궁능유적본부_4대궁_관람객_수_현황_2014년.csv
2014-02-15,2014,2,15,5,토,1,0,0,0,0,17.0,16.0,8.0,7.0,13373,4318,3916,7182,10625,2748,9954,198,250,2888,83,3419,2014,문화재청_궁능유적본부_4대궁_관람객_수_현황_2014년.csv
2014-02-16,2014,2,16,6,일,1,0,0,0,0,17.0,16.0,8.0,7.0,12467,4305,3853,5737,10161,2306,9091,210,245,2337,584,3376,2014,문화재청_궁능유적본부_4대궁_관람객_수_현황_2014년.csv
2014-02-17,2014,2,17,0,월,0,0,0,3,0,17.0,16.0,8.0,7.0,8729,0,0,0,7090,1639,5956,409,235,1714,415,2773,2014,문화재청_궁능유적본부_4대궁_관람객_수_현황_2014년.csv
2014-02-18,2014,2,18,1,화,0,1,1,0,0,17.0,16.0,8.0,7.0,0,3171,1129,4088,0,0,0,0,0,0,0,0,2014,문화재청_궁능유적본부_4대궁_관람객_수_현황_2014년.csv
2014-02-19,2014,2,19,2,수,0,0,0,0,0,17.0,16.0,8.0,7.0,9501,2658,1003,4101,7769,1732,5375,410,192,3426,98,4126,2014,문화재청_궁능유적본부_4대궁_관람객_수_현황_2014년.csv
2014-02-20,2014,2,20,3,목,0,0,0,0,0,17.0,16.0,8.0,7.0,7936,2001,877,3624,6258,1678,5811,339,166,1557,63,2125,2014,문화재청_궁능유적본부_4대궁_관람객_수_현황_2014년.csv
2014-02-21,2014,2,21,4,금,0,0,0,0,0,17.0,16.0,8.0,7.0,8026,2062,1073,4204,6323,1703,5887,227,182,1482,248,2139,2014,문화재청_궁능유적본부_4대궁_관람객_수_현황_2014년.csv
2014-02-22,2014,2,22,5,토,1,0,0,0,0,17.0,16.0,8.0,7.0,15107,4404,1935,6675,11759,3348,10765,274,204,3381,483,4342,2014,문화재청_궁능유적본부_4대궁_관람객_수_현황_2014년.csv
2014-02-23,2014,2,23,6,일,1,0,0,0,0,17.0,16.0,8.0,7.0,13697,4681,2071,7741,10644,3053,10478,113,74,2991,41,3219,2014,문화재청_궁능유적본부_4대궁_관람객_수_현황_2014년.csv
2014-02-24,2014,2,24,0,월,0,0,0,3,0,17.0,16.0,8.0,7.0,8141,0,0,0,6349,1792,6166,165,167,1443,200,1975,2014,문화재청_궁능유적본부_4대궁_관람객_수_현황_2014년.csv
2014-02-25,2014,2,25,1,화,0,1,1,0,0,17.0,16.0,8.0,7.0,0,3401,1305,4335,0,0,0,0,0,0,0,0,2014,문화재청_궁능유적본부_4대궁_관람객_수_현황_2014년.csv
2014-02-26,2014,2,26,2,수,0,0,0,0,0,17.0,16.0,8.0,7.0,10285,4195,2463,7812,0,10285,7285,0,0,3000,0,3000,2014,문화재청_궁능유적본부_4대궁_관람객_수_현황_2014년.csv
2014-02-27,2014,2,27,3,목,0,0,0,0,0,17.0,16.0,8.0,7.0,8500,2282,1083,4194,6643,1857,6113,421,191,1775,0,2387,2014,문화재청_궁능유적본부_4대궁_관람객_수_현황_2014년.csv
2014-02-28,2014,2,28,4,금,0,0,0,0,0,17.0,16.0,8.0,7.0,9045,2304,1168,4354,7091,1954,6849,283,115,1797,1,2196,2014,문화재청_궁능유적본부_4대궁_관람객_수_현황_2014년.csv
2014-03-01,2014,3,1,5,토,1,0,0,0,1,18.0,17.0,9.0,8.0,18493,4905,2420,8292,13923,4570,14582,514,436,2749,212,3911,2014,문화재청_궁능유적본부_4대궁_관람객_수_현황_2014년.csv
2014-03-02,2014,3,2,6,일,1,0,0,0,0,18.0,17.0,9.0,8.0,13639,4097,2407,5926,10635,3004,11016,197,211,2066,149,2623,2014,문화재청_궁능유적본부_4대궁_관람객_수_현황_2014년.csv
2014-03-03,2014,3,3,0,월,0,0,0,3,0,18.0,17.0,9.0,8.0,6305,0,0,0,5532,773,4059,127,249,1870,0,2246,2014,문화재청_궁능유적본부_4대궁_관람객_수_현황_2014년.csv
2014-03-04,2014,3,4,1,화,0,1,1,0,0,18.0,17.0,9.0,8.0,0,2574,895,3178,0,0,0,0,0,0,0,0,2014,문화재청_궁능유적본부_4대궁_관람객_수_현황_2014년.csv
2014-03-05,2014,3,5,2,수,0,0,0,0,0,18.0,17.0,9.0,8.0,6720,1287,553,2608,6202,518,4617,261,392,1379,71,2103,2014,문화재청_궁능유적본부_4대궁_관람객_수_현황_2014년.csv
2014-03-06,2014,3,6,3,목,0,0,0,0,0,18.0,17.0,9.0,8.0,6427,1256,499,1946,5892,535,3754,358,148,2122,45,2673,2014,문화재청_궁능유적본부_4대궁_관람객_수_현황_2014년.csv
2014-03-07,2014,3,7,4,금,0,0,0,0,0,18.0,17.0,9.0,8.0,7024,1420,482,2699,6419,605,3181,438,301,2847,257,3843,2014,문화재청_궁능유적본부_4대궁_관람객_수_현황_2014년.csv
2014-03-08,2014,3,8,5,토,1,0,0,0,0,18.0,17.0,9.0,8.0,14785,4184,1770,5923,11943,2842,9313,860,260,4208,144,5472,2014,문화재청_궁능유적본부_4대궁_관람객_수_현황_2014년.csv
2014-03-09,2014,3,9,6,일,1,0,0,0,0,18.0,17.0,9.0,8.0,11170,3541,1384,5563,9148,2022,7850,314,193,2693,120,3320,2014,문화재청_궁능유적본부_4대궁_관람객_수_현황_2014년.csv
2014-03-10,2014,3,10,0,월,0,0,0,3,0,18.0,17.0,9.0,8.0,7467,0,0,0,6807,660,3807,173,588,2791,108,3660,2014,문화재청_궁능유적본부_4대궁_관람객_수_현황_2014년.csv
2014-03-11,2014,3,11,1,화,0,1,1,0,0,18.0,17.0,9.0,8.0,0,2491,776,3876,0,0,0,0,0,0,0,0,2014,문화재청_궁능유적본부_4대궁_관람객_수_현황_2014년.csv
2014-03-12,2014,3,12,2,수,0,0,0,0,0,18.0,17.0,9.0,8.0,8633,1187,522,2857,7920,713,3615,251,129,4581,57,5018,2014,문화재청_궁능유적본부_4대궁_관람객_수_현황_2014년.csv
2014-03-13,2014,3,13,3,목,0,0,0,0,0,18.0,17.0,9.0,8.0,9202,1510,525,2529,8214,988,3417,418,330,4737,300,5785,2014,문화재청_궁능유적본부_4대궁_관람객_수_현황_2014년.csv
2014-03-14,2014,3,14,4,금,0,0,0,0,0,18.0,17.0,9.0,8.0,8491,2188,916,3139,7580,911,5173,313,314,2627,64,3318,2014,문화재청_궁능유적본부_4대궁_관람객_수_현황_2014년.csv
2014-03-15,2014,3,15,5,토,1,0,0,0,0,18.0,17.0,9.0,8.0,18077,5138,2396,8659,14739,3338,11721,376,352,5444,184,6356,2014,문화재청_궁능유적본부_4대궁_관람객_수_현황_2014년.csv
2014-03-16,2014,3,16,6,일,1,0,0,0,0,18.0,17.0,9.0,8.0,16539,5455,2695,8356,13454,3085,10945,827,546,3962,259,5594,2014,문화재청_궁능유적본부_4대궁_관람객_수_현황_2014년.csv
2014-03-17,2014,3,17,0,월,0,0,0,3,0,18.0,17.0,9.0,8.0,9251,0,0,0,8267,984,4707,809,669,2943,123,4544,2014,문화재청_궁능유적본부_4대궁_관람객_수_현황_2014년.csv
2014-03-18,2014,3,18,1,화,0,1,1,0,0,18.0,17.0,9.0,8.0,0,3152,1350,4706,0,0,0,0,0,0,0,0,2014,문화재청_궁능유적본부_4대궁_관람객_수_현황_2014년.csv
2014-03-19,2014,3,19,2,수,0,0,0,0,0,18.0,17.0,9.0,8.0,11337,2130,628,3398,10109,1228,6986,324,126,3895,6,4351,2014,문화재청_궁능유적본부_4대궁_관람객_수_현황_2014년.csv
2014-03-20,2014,3,20,3,목,0,0,0,0,0,18.0,17.0,9.0,8.0,10244,1574,538,3258,9424,820,4984,447,385,4348,80,5260,2014,문화재청_궁능유적본부_4대궁_관람객_수_현황_2014년.csv
2014-03-21,2014,3,21,4,금,0,0,0,0,0,18.0,17.0,9.0,8.0,11339,2792,1193,4015,10004,1335,6783,394,416,3583,163,4556,2014,문화재청_궁능유적본부_4대궁_관람객_수_현황_2014년.csv
2014-03-22,2014,3,22,5,토,1,0,0,0,0,18.0,17.0,9.0,8.0,22977,6699,3774,11095,18674,4303,15105,329,512,6924,107,7872,2014,문화재청_궁능유적본부_4대궁_관람객_수_현황_2014년.csv
2014-03-23,2014,3,23,6,일,1,0,0,0,0,18.0,17.0,9.0,8.0,19096,5971,3183,8453,15990,3106,13679,216,387,4640,174,5417,2014,문화재청_궁능유적본부_4대궁_관람객_수_현황_2014년.csv
2014-03-24,2014,3,24,0,월,0,0,0,3,0,18.0,17.0,9.0,8.0,11730,0,0,0,9484,2246,7724,66,172,3765,3,4006,2014,문화재청_궁능유적본부_4대궁_관람객_수_현황_2014년.csv
2014-03-25,2014,3,25,1,화,0,1,1,0,0,18.0,17.0,9.0,8.0,0,3740,1332,6484,0,0,0,0,0,0,0,0,2014,문화재청_궁능유적본부_4대궁_관람객_수_현황_2014년.csv
2014-03-26,2014,3,26,2,수,0,0,0,0,0,18.0,17.0,9.0,8.0,16161,5935,3571,13534,0,16161,7546,0,0,0,8615,8615,2014,문화재청_궁능유적본부_4대궁_관람객_수_현황_2014년.csv
2014-03-27,2014,3,27,3,목,0,0,0,0,0,18.0,17.0,9.0,8.0,16316,3763,1835,7529,13313,3003,10712,144,266,5164,30,5604,2014,문화재청_궁능유적본부_4대궁_관람객_수_현황_2014년.csv
2014-03-28,2014,3,28,4,금,0,0,0,0,0,18.0,17.0,9.0,8.0,15683,4309,1964,8464,12782,2901,9246,204,233,5804,196,6437,2014,문화재청_궁능유적본부_4대궁_관람객_수_현황_2014년.csv
2014-03-29,2014,3,29,5,토,1,0,0,0,0,18.0,17.0,9.0,8.0,18505,5705,2708,10321,15645,2860,11975,316,403,5565,246,6530,2014,문화재청_궁능유적본부_4대궁_관람객_수_현황_2014년.csv
2014-03-30,2014,3,30,6,일,1,0,0,0,0,18.0,17.0,9.0,8.0,22410,8620,7001,12183,18840,3570,17100,233,399,4563,115,5310,2014,문화재청_궁능유적본부_4대궁_관람객_수_현황_2014년.csv
2014-03-31,2014,3,31,0,월,0,0,0,3,0,18.0,17.0,9.0,8.0,12738,0,0,0,10678,2060,10191,290,461,1533,263,2547,2014,문화재청_궁능유적본부_4대궁_관람객_수_현황_2014년.csv
2014-04-01,2014,4,1,1,화,0,1,1,0,0,18.0,17.0,9.0,8.0,0,8459,4750,4838,0,0,0,0,0,0,0,0,2014,문화재청_궁능유적본부_4대궁_관람객_수_현황_2014년.csv
2014-04-02,2014,4,2,2,수,0,0,0,0,0,18.0,17.0,9.0,8.0,19276,8368,4825,4699,14587,4689,13337,270,132,5393,144,5939,2014,문화재청_궁능유적본부_4대궁_관람객_수_현황_2014년.csv
2014-04-03,2014,4,3,3,목,0,0,0,0,0,18.0,17.0,9.0,8.0,13866,4572,1567,1616,10209,3657,8830,160,97,4321,458,5036,2014,문화재청_궁능유적본부_4대궁_관람객_수_현황_2014년.csv
2014-04-04,2014,4,4,4,금,0,0,0,0,0,18.0,17.0,9.0,8.0,13369,6682,3435,3077,10769,2600,9882,88,166,3151,82,3487,2014,문화재청_궁능유적본부_4대궁_관람객_수_현황_2014년.csv
2014-04-05,2014,4,5,5,토,1,0,0,0,0,18.0,17.0,9.0,8.0,21827,10581,6120,4823,17751,4076,17150,209,210,3713,545,4677,2014,문화재청_궁능유적본부_4대궁_관람객_수_현황_2014년.csv
2014-04-06,2014,4,6,6,일,1,0,0,0,0,18.0,17.0,9.0,8.0,21884,10697,7791,4984,17929,3955,17222,209,210,4045,198,4662,2014,문화재청_궁능유적본부_4대궁_관람객_수_현황_2014년.csv
2014-04-07,2014,4,7,0,월,0,0,0,3,0,18.0,17.0,9.0,8.0,17737,0,0,0,12250,5487,10519,258,289,6290,381,7218,2014,문화재청_궁능유적본부_4대궁_관람객_수_현황_2014년.csv
2014-04-08,2014,4,8,1,화,0,1,1,0,0,18.0,17.0,9.0,8.0,0,9892,3923,5283,0,0,0,0,0,0,0,0,2014,문화재청_궁능유적본부_4대궁_관람객_수_현황_2014년.csv
2014-04-09,2014,4,9,2,수,0,0,0,0,0,18.0,17.0,9.0,8.0,23245,5865,2446,2550,15787,7458,16188,192,169,6683,13,7057,2014,문화재청_궁능유적본부_4대궁_관람객_수_현황_2014년.csv
2014-04-10,2014,4,10,3,목,0,0,0,0,0,18.0,17.0,9.0,8.0,22395,5890,2783,2772,14849,7546,15553,164,143,6119,416,6842,2014,문화재청_궁능유적본부_4대궁_관람객_수_현황_2014년.csv
2014-04-11,2014,4,11,4,금,0,0,0,0,0,18.0,17.0,9.0,8.0,17937,6204,3509,3790,12505,5432,11492,319,124,5798,204,6445,2014,문화재청_궁능유적본부_4대궁_관람객_수_현황_2014년.csv
2014-04-12,2014,4,12,5,토,1,0,0,0,0,18.0,17.0,9.0,8.0,26446,9272,5431,5629,21352,5094,19584,382,242,6057,181,6862,2014,문화재청_궁능유적본부_4대궁_관람객_수_현황_2014년.csv
2014-04-13,2014,4,13,6,일,1,0,0,0,0,18.0,17.0,9.0,8.0,23345,8666,5677,5087,19739,3606,15125,192,223,7539,266,8220,2014,문화재청_궁능유적본부_4대궁_관람객_수_현황_2014년.csv
2014-04-14,2014,4,14,0,월,0,0,0,3,0,18.0,17.0,9.0,8.0,23914,0,0,0,15341,8573,16498,491,257,5967,701,7416,2014,문화재청_궁능유적본부_4대궁_관람객_수_현황_2014년.csv
2014-04-15,2014,4,15,1,화,0,1,1,0,0,18.0,17.0,9.0,8.0,0,9576,3719,4341,0,0,0,0,0,0,0,0,2014,문화재청_궁능유적본부_4대궁_관람객_수_현황_2014년.csv
2014-04-16,2014,4,16,2,수,0,0,0,0,0,18.0,17.0,9.0,8.0,26262,5624,2517,2152,17665,8597,19069,336,175,6625,57,7193,2014,문화재청_궁능유적본부_4대궁_관람객_수_현황_2014년.csv
2014-04-17,2014,4,17,3,목,0,0,0,0,0,18.0,17.0,9.0,8.0,26607,6516,2545,2188,14989,11618,19381,392,297,5949,588,7226,2014,문화재청_궁능유적본부_4대궁_관람객_수_현황_2014년.csv
2014-04-18,2014,4,18,4,금,0,0,0,0,0,18.0,17.0,9.0,8.0,25079,5470,2059,4352,17649,7430,16361,378,306,7585,449,8718,2014,문화재청_궁능유적본부_4대궁_관람객_수_현황_2014년.csv
2014-04-19,2014,4,19,5,토,1,0,0,0,0,18.0,17.0,9.0,8.0,25418,8353,3715,5619,21667,3751,14700,450,278,9568,422,10718,2014,문화재청_궁능유적본부_4대궁_관람객_수_현황_2014년.csv
2014-04-20,2014,4,20,6,일,1,0,0,0,0,18.0,17.0,9.0,8.0,23438,7786,4703,4669,20493,2945,15984,469,349,6450,186,7454,2014,문화재청_궁능유적본부_4대궁_관람객_수_현황_2014년.csv
2014-04-21,2014,4,21,0,월,0,0,0,3,0,18.0,17.0,9.0,8.0,14970,0,0,0,13162,1808,9674,136,165,4973,22,5296,2014,문화재청_궁능유적본부_4대궁_관람객_수_현황_2014년.csv
2014-04-22,2014,4,22,1,화,0,1,1,0,0,18.0,17.0,9.0,8.0,0,10761,2476,5241,0,0,0,0,0,0,0,0,2014,문화재청_궁능유적본부_4대궁_관람객_수_현황_2014년.csv
2014-04-23,2014,4,23,2,수,0,0,0,0,0,18.0,17.0,9.0,8.0,20569,5264,1753,2648,17025,3544,16035,204,357,3700,273,4534,2014,문화재청_궁능유적본부_4대궁_관람객_수_현황_2014년.csv
2014-04-24,2014,4,24,3,목,0,0,0,0,0,18.0,17.0,9.0,8.0,19868,5159,1658,2744,16041,3827,12338,362,435,6461,272,7530,2014,문화재청_궁능유적본부_4대궁_관람객_수_현황_2014년.csv
2014-04-25,2014,4,25,4,금,0,0,0,0,0,18.0,17.0,9.0,8.0,14630,5812,2030,3947,0,14630,9999,0,0,0,4631,4631,2014,문화재청_궁능유적본부_4대궁_관람객_수_현황_2014년.csv
2014-04-26,2014,4,26,5,토,1,0,0,0,0,18.0,17.0,9.0,8.0,25945,8715,3992,5525,20826,5119,18771,382,426,6124,242,7174,2014,문화재청_궁능유적본부_4대궁_관람객_수_현황_2014년.csv
2014-04-27,2014,4,27,6,일,1,0,0,0,0,18.0,17.0,9.0,8.0,19694,4471,1739,2655,17189,2505,14025,271,52,5151,195,5669,2014,문화재청_궁능유적본부_4대궁_관람객_수_현황_2014년.csv
2014-04-28,2014,4,28,0,월,0,0,0,3,0,18.0,17.0,9.0,8.0,12391,0,0,0,9779,2612,9028,146,130,3031,56,3363,2014,문화재청_궁능유적본부_4대궁_관람객_수_현황_2014년.csv
2014-04-29,2014,4,29,1,화,0,1,1,0,0,18.0,17.0,9.0,8.0,0,5866,3177,3287,0,0,0,0,0,0,0,0,2014,문화재청_궁능유적본부_4대궁_관람객_수_현황_2014년.csv
2014-04-30,2014,4,30,2,수,0,0,0,0,0,18.0,17.0,9.0,8.0,22670,6571,5640,5622,71,22599,13666,0,0,0,9004,9004,2014,문화재청_궁능유적본부_4대궁_관람객_수_현황_2014년.csv
2014-05-01,2014,5,1,3,목,0,0,0,0,0,18.0,17.0,9.0,8.0,21249,8171,5838,4706,17931,3318,15677,385,104,4943,140,5572,2014,문화재청_궁능유적본부_4대궁_관람객_수_현황_2014년.csv
2014-05-02,2014,5,2,4,금,0,0,0,0,0,18.0,17.0,9.0,8.0,16913,6672,4307,2583,13478,3435,12937,199,93,3428,256,3976,2014,문화재청_궁능유적본부_4대궁_관람객_수_현황_2014년.csv
2014-05-03,2014,5,3,5,토,1,0,0,0,0,18.0,17.0,9.0,8.0,48271,12765,8152,8334,24966,23305,43643,412,208,3769,239,4628,2014,문화재청_궁능유적본부_4대궁_관람객_수_현황_2014년.csv
2014-05-04,2014,5,4,6,일,1,0,0,0,0,18.0,17.0,9.0,8.0,54924,15326,8829,8131,27646,27278,50331,434,509,3298,352,4593,2014,문화재청_궁능유적본부_4대궁_관람객_수_현황_2014년.csv
2014-05-05,2014,5,5,0,월,0,0,0,0,1,18.0,17.0,9.0,8.0,77433,20380,12598,12500,21732,55701,73152,388,356,3409,128,4281,2014,문화재청_궁능유적본부_4대궁_관람객_수_현황_2014년.csv
2014-05-06,2014,5,6,1,화,0,1,0,0,1,18.0,17.0,9.0,8.0,25946,12086,8272,7618,16451,9495,20530,179,125,5057,55,5416,2014,문화재청_궁능유적본부_4대궁_관람객_수_현황_2014년.csv
2014-05-07,2014,5,7,2,수,0,0,0,0,0,18.0,17.0,9.0,8.0,11262,3114,3287,1848,6643,4619,10153,192,49,796,72,1109,2014,문화재청_궁능유적본부_4대궁_관람객_수_현황_2014년.csv
2014-05-08,2014,5,8,3,목,0,0,0,0,0,18.0,17.0,9.0,8.0,11295,2934,3165,1864,8859,2436,7154,199,122,3683,137,4141,2014,문화재청_궁능유적본부_4대궁_관람객_수_현황_2014년.csv
2014-05-09,2014,5,9,4,금,0,0,0,0,0,18.0,17.0,9.0,8.0,17727,4823,5136,2502,9600,8127,13355,302,168,3900,2,4372,2014,문화재청_궁능유적본부_4대궁_관람객_수_현황_2014년.csv
2014-05-10,2014,5,10,5,토,1,0,0,0,0,18.0,17.0,9.0,8.0,30244,9024,5886,5917,17227,13017,26303,445,115,3219,162,3941,2014,문화재청_궁능유적본부_4대궁_관람객_수_현황_2014년.csv
2014-05-11,2014,5,11,6,일,1,0,0,0,0,18.0,17.0,9.0,8.0,23104,6593,4264,3271,14323,8781,16081,313,139,6496,75,7023,2014,문화재청_궁능유적본부_4대궁_관람객_수_현황_2014년.csv
2014-05-12,2014,5,12,0,월,0,0,0,3,0,18.0,17.0,9.0,8.0,12746,0,0,0,11372,1374,5725,299,180,6479,63,7021,2014,문화재청_궁능유적본부_4대궁_관람객_수_현황_2014년.csv
2014-05-13,2014,5,13,1,화,0,1,1,0,0,18.0,17.0,9.0,8.0,0,5567,1584,3252,0,0,0,0,0,0,0,0,2014,문화재청_궁능유적본부_4대궁_관람객_수_현황_2014년.csv
2014-05-14,2014,5,14,2,수,0,0,0,0,0,18.0,17.0,9.0,8.0,17436,3302,2034,2516,14680,2756,7279,127,264,9577,189,10157,2014,문화재청_궁능유적본부_4대궁_관람객_수_현황_2014년.csv
2014-05-15,2014,5,15,3,목,0,0,0,0,0,18.0,17.0,9.0,8.0,18871,3563,2264,2526,14640,4231,9207,250,176,9078,160,9664,2014,문화재청_궁능유적본부_4대궁_관람객_수_현황_2014년.csv
2014-05-16,2014,5,16,4,금,0,0,0,0,0,18.0,17.0,9.0,8.0,16671,5550,2108,3233,11400,5271,10199,193,136,6044,99,6472,2014,문화재청_궁능유적본부_4대궁_관람객_수_현황_2014년.csv
2014-05-17,2014,5,17,5,토,1,0,0,0,0,18.0,17.0,9.0,8.0,22497,7534,4266,6344,17123,5374,14649,340,136,7315,57,7848,2014,문화재청_궁능유적본부_4대궁_관람객_수_현황_2014년.csv
2014-05-18,2014,5,18,6,일,1,0,0,0,0,18.0,17.0,9.0,8.0,20539,6877,3625,4944,16840,3699,12957,147,210,6406,819,7582,2014,문화재청_궁능유적본부_4대궁_관람객_수_현황_2014년.csv
2014-05-19,2014,5,19,0,월,0,0,0,3,0,18.0,17.0,9.0,8.0,12886,0,0,0,11220,1666,5863,313,268,6100,342,7023,2014,문화재청_궁능유적본부_4대궁_관람객_수_현황_2014년.csv
2014-05-20,2014,5,20,1,화,0,1,1,0,0,18.0,17.0,9.0,8.0,0,6828,2141,2786,0,0,0,0,0,0,0,0,2014,문화재청_궁능유적본부_4대궁_관람객_수_현황_2014년.csv
2014-05-21,2014,5,21,2,수,0,0,0,0,0,18.0,17.0,9.0,8.0,16907,3946,1222,2772,14505,2402,7092,194,174,9157,290,9815,2014,문화재청_궁능유적본부_4대궁_관람객_수_현황_2014년.csv
2014-05-22,2014,5,22,3,목,0,0,0,0,0,18.0,17.0,9.0,8.0,14383,4077,1164,2143,12380,2003,9746,159,194,4154,130,4637,2014,문화재청_궁능유적본부_4대궁_관람객_수_현황_2014년.csv
2014-05-23,2014,5,23,4,금,0,0,0,0,0,18.0,17.0,9.0,8.0,14617,3844,1280,2738,11425,3192,7511,184,170,6473,279,7106,2014,문화재청_궁능유적본부_4대궁_관람객_수_현황_2014년.csv
2014-05-24,2014,5,24,5,토,1,0,0,0,0,18.0,17.0,9.0,8.0,21957,6619,3052,5818,16918,5039,14330,237,130,6975,285,7627,2014,문화재청_궁능유적본부_4대궁_관람객_수_현황_2014년.csv
2014-05-25,2014,5,25,6,일,1,0,0,0,0,18.0,17.0,9.0,8.0,16226,5257,1827,3320,13828,2398,12062,267,166,3636,95,4164,2014,문화재청_궁능유적본부_4대궁_관람객_수_현황_2014년.csv
2014-05-26,2014,5,26,0,월,0,0,0,3,0,18.0,17.0,9.0,8.0,12807,0,0,0,11501,1306,10199,368,181,1929,130,2608,2014,문화재청_궁능유적본부_4대궁_관람객_수_현황_2014년.csv
2014-05-27,2014,5,27,1,화,0,1,1,0,0,18.0,17.0,9.0,8.0,0,5547,1531,3121,0,0,0,0,0,0,0,0,2014,문화재청_궁능유적본부_4대궁_관람객_수_현황_2014년.csv
2014-05-28,2014,5,28,2,수,0,0,0,0,0,18.0,17.0,9.0,8.0,14553,5752,2821,4201,0,14553,8408,0,0,0,6145,6145,2014,문화재청_궁능유적본부_4대궁_관람객_수_현황_2014년.csv
2014-05-29,2014,5,29,3,목,0,0,0,0,0,18.0,17.0,9.0,8.0,15436,3259,1009,1902,12894,2542,10057,253,124,4817,185,5379,2014,문화재청_궁능유적본부_4대궁_관람객_수_현황_2014년.csv
2014-05-30,2014,5,30,4,금,0,0,0,0,0,18.0,17.0,9.0,8.0,14370,3591,1516,2266,10839,3531,10385,202,142,3521,120,3985,2014,문화재청_궁능유적본부_4대궁_관람객_수_현황_2014년.csv
2014-05-31,2014,5,31,5,토,1,0,0,0,0,18.0,17.0,9.0,8.0,18297,5085,1851,4391,15412,2885,12263,401,202,5239,192,6034,2014,문화재청_궁능유적본부_4대궁_관람객_수_현황_2014년.csv
2014-06-01,2014,6,1,6,일,1,0,0,0,0,18.5,17.5,9.5,8.5,17794,5372,1890,3199,15060,2734,9970,254,80,7217,273,7824,2014,문화재청_궁능유적본부_4대궁_관람객_수_현황_2014년.csv
2014-06-02,2014,6,2,0,월,0,0,0,3,0,18.5,17.5,9.5,8.5,8913,0,0,0,7599,1314,4650,108,89,3977,89,4263,2014,문화재청_궁능유적본부_4대궁_관람객_수_현황_2014년.csv
2014-06-03,2014,6,3,1,화,0,1,1,0,0,18.5,17.5,9.5,8.5,0,2653,714,1896,0,0,0,0,0,0,0,0,2014,문화재청_궁능유적본부_4대궁_관람객_수_현황_2014년.csv
2014-06-04,2014,6,4,2,수,0,0,0,0,1,18.5,17.5,9.5,8.5,18599,6048,2710,3753,15189,3410,11273,390,131,6545,260,7326,2014,문화재청_궁능유적본부_4대궁_관람객_수_현황_2014년.csv
2014-06-05,2014,6,5,3,목,0,0,0,0,0,18.5,17.5,9.5,8.5,15304,4685,1608,3184,12130,3174,7673,221,173,7056,181,7631,2014,문화재청_궁능유적본부_4대궁_관람객_수_현황_2014년.csv
2014-06-06,2014,6,6,4,금,0,0,0,0,1,18.5,17.5,9.5,8.5,26021,8238,4200,5878,19291,6730,18988,56,39,6773,165,7033,2014,문화재청_궁능유적본부_4대궁_관람객_수_현황_2014년.csv
2014-06-07,2014,6,7,5,토,1,0,0,0,0,18.5,17.5,9.5,8.5,23033,7491,3287,5371,18200,4833,16102,186,119,6524,102,6931,2014,문화재청_궁능유적본부_4대궁_관람객_수_현황_2014년.csv
2014-06-08,2014,6,8,6,일,1,0,0,0,0,18.5,17.5,9.5,8.5,14405,5322,2471,3369,12302,2103,11895,224,165,2049,72,2510,2014,문화재청_궁능유적본부_4대궁_관람객_수_현황_2014년.csv
2014-06-09,2014,6,9,0,월,0,0,0,3,0,18.5,17.5,9.5,8.5,8586,0,0,0,7747,839,6664,223,162,1423,114,1922,2014,문화재청_궁능유적본부_4대궁_관람객_수_현황_2014년.csv
2014-06-10,2014,6,10,1,화,0,1,1,0,0,18.5,17.5,9.5,8.5,0,4017,882,2191,0,0,0,0,0,0,0,0,2014,문화재청_궁능유적본부_4대궁_관람객_수_현황_2014년.csv
2014-06-11,2014,6,11,2,수,0,0,0,0,0,18.5,17.5,9.5,8.5,13443,2298,711,1489,12293,1150,9429,308,88,3583,35,4014,2014,문화재청_궁능유적본부_4대궁_관람객_수_현황_2014년.csv
2014-06-12,2014,6,12,3,목,0,0,0,0,0,18.5,17.5,9.5,8.5,14059,2889,1005,1865,12467,1592,11896,195,152,1784,32,2163,2014,문화재청_궁능유적본부_4대궁_관람객_수_현황_2014년.csv
2014-06-13,2014,6,13,4,금,0,0,0,0,0,18.5,17.5,9.5,8.5,12978,3810,1922,1977,10707,2271,9255,535,176,2829,183,3723,2014,문화재청_궁능유적본부_4대궁_관람객_수_현황_2014년.csv
2014-06-14,2014,6,14,5,토,1,0,0,0,0,18.5,17.5,9.5,8.5,18958,5730,2201,4684,16214,2744,14624,327,269,3595,143,4334,2014,문화재청_궁능유적본부_4대궁_관람객_수_현황_2014년.csv
2014-06-15,2014,6,15,6,일,1,0,0,0,0,18.5,17.5,9.5,8.5,18036,4897,1897,3518,15107,2929,12212,240,194,5249,141,5824,2014,문화재청_궁능유적본부_4대궁_관람객_수_현황_2014년.csv
2014-06-16,2014,6,16,0,월,0,0,0,3,0,18.5,17.5,9.5,8.5,13690,0,0,0,12483,1207,5303,259,267,7743,118,8387,2014,문화재청_궁능유적본부_4대궁_관람객_수_현황_2014년.csv
2014-06-17,2014,6,17,1,화,0,1,1,0,0,18.5,17.5,9.5,8.5,0,5256,1112,2564,0,0,0,0,0,0,0,0,2014,문화재청_궁능유적본부_4대궁_관람객_수_현황_2014년.csv
2014-06-18,2014,6,18,2,수,0,0,0,0,0,18.5,17.5,9.5,8.5,18185,2539,947,1785,16418,1767,8660,206,109,9069,141,9525,2014,문화재청_궁능유적본부_4대궁_관람객_수_현황_2014년.csv
2014-06-19,2014,6,19,3,목,0,0,0,0,0,18.5,17.5,9.5,8.5,14551,2978,900,2075,13322,1229,6058,198,132,8124,39,8493,2014,문화재청_궁능유적본부_4대궁_관람객_수_현황_2014년.csv
2014-06-20,2014,6,20,4,금,0,0,0,0,0,18.5,17.5,9.5,8.5,14471,3081,983,2509,13037,1434,8241,238,187,5602,203,6230,2014,문화재청_궁능유적본부_4대궁_관람객_수_현황_2014년.csv
2014-06-21,2014,6,21,5,토,1,0,0,0,0,18.5,17.5,9.5,8.5,19917,5080,2048,3720,16988,2929,11407,254,72,8073,111,8510,2014,문화재청_궁능유적본부_4대궁_관람객_수_현황_2014년.csv
2014-06-22,2014,6,22,6,일,1,0,0,0,0,18.5,17.5,9.5,8.5,17246,4812,1744,3006,14947,2299,14748,233,157,1935,173,2498,2014,문화재청_궁능유적본부_4대궁_관람객_수_현황_2014년.csv
2014-06-23,2014,6,23,0,월,0,0,0,3,0,18.5,17.5,9.5,8.5,9819,0,0,0,9041,778,5291,179,175,4083,91,4528,2014,문화재청_궁능유적본부_4대궁_관람객_수_현황_2014년.csv
2014-06-24,2014,6,24,1,화,0,1,1,0,0,18.5,17.5,9.5,8.5,0,5126,1100,2940,0,0,0,0,0,0,0,0,2014,문화재청_궁능유적본부_4대궁_관람객_수_현황_2014년.csv
2014-06-25,2014,6,25,2,수,0,0,0,0,0,18.5,17.5,9.5,8.5,19358,4227,2171,3027,0,19358,12334,0,0,0,7024,7024,2014,문화재청_궁능유적본부_4대궁_관람객_수_현황_2014년.csv
2014-06-26,2014,6,26,3,목,0,0,0,0,0,18.5,17.5,9.5,8.5,16587,2859,1047,2297,14870,1717,9808,353,179,6232,15,6779,2014,문화재청_궁능유적본부_4대궁_관람객_수_현황_2014년.csv
2014-06-27,2014,6,27,4,금,0,0,0,0,0,18.5,17.5,9.5,8.5,13823,2582,1016,2011,12141,1682,8223,819,142,4507,132,5600,2014,문화재청_궁능유적본부_4대궁_관람객_수_현황_2014년.csv
2014-06-28,2014,6,28,5,토,1,0,0,0,0,18.5,17.5,9.5,8.5,24431,5297,1883,4165,20380,4051,16688,382,167,6584,610,7743,2014,문화재청_궁능유적본부_4대궁_관람객_수_현황_2014년.csv
2014-06-29,2014,6,29,6,일,1,0,0,0,0,18.5,17.5,9.5,8.5,18793,4837,1979,2975,16529,2264,9255,339,217,8230,752,9538,2014,문화재청_궁능유적본부_4대궁_관람객_수_현황_2014년.csv
2014-06-30,2014,6,30,0,월,0,0,0,3,0,18.5,17.5,9.5,8.5,14073,0,0,0,12869,1204,9822,199,136,3915,1,4251,2014,문화재청_궁능유적본부_4대궁_관람객_수_현황_2014년.csv
2014-07-01,2014,7,1,1,화,0,1,1,0,0,18.5,17.5,9.5,8.5,0,4267,957,2411,0,0,0,0,0,0,0,0,2014,문화재청_궁능유적본부_4대궁_관람객_수_현황_2014년.csv
2014-07-02,2014,7,2,2,수,0,0,0,0,0,18.5,17.5,9.5,8.5,16403,2190,852,1509,15055,1348,9753,307,175,5615,553,6650,2014,문화재청_궁능유적본부_4대궁_관람객_수_현황_2014년.csv
2014-07-03,2014,7,3,3,목,0,0,0,0,0,18.5,17.5,9.5,8.5,13016,1096,580,1423,11828,1188,7786,311,69,4711,139,5230,2014,문화재청_궁능유적본부_4대궁_관람객_수_현황_2014년.csv
2014-07-04,2014,7,4,4,금,0,0,0,0,0,18.5,17.5,9.5,8.5,12030,2663,748,1759,10515,1515,6164,269,80,5236,281,5866,2014,문화재청_궁능유적본부_4대궁_관람객_수_현황_2014년.csv
2014-07-05,2014,7,5,5,토,1,0,0,0,0,18.5,17.5,9.5,8.5,20912,5476,1795,3951,17513,3399,10112,489,224,9515,572,10800,2014,문화재청_궁능유적본부_4대궁_관람객_수_현황_2014년.csv
2014-07-06,2014,7,6,6,일,1,0,0,0,0,18.5,17.5,9.5,8.5,17265,5015,1775,3041,14920,2345,8586,269,109,8074,227,8679,2014,문화재청_궁능유적본부_4대궁_관람객_수_현황_2014년.csv
2014-07-07,2014,7,7,0,월,0,0,0,3,0,18.5,17.5,9.5,8.5,12859,0,0,0,11900,959,4722,198,52,7751,136,8137,2014,문화재청_궁능유적본부_4대궁_관람객_수_현황_2014년.csv
2014-07-08,2014,7,8,1,화,0,1,1,0,0,18.5,17.5,9.5,8.5,0,4407,1148,2560,0,0,0,0,0,0,0,0,2014,문화재청_궁능유적본부_4대궁_관람객_수_현황_2014년.csv
2014-07-09,2014,7,9,2,수,0,0,0,0,0,18.5,17.5,9.5,8.5,18428,1788,579,1449,16993,1435,5218,200,102,12645,263,13210,2014,문화재청_궁능유적본부_4대궁_관람객_수_현황_2014년.csv
2014-07-10,2014,7,10,3,목,0,0,0,0,0,18.5,17.5,9.5,8.5,22525,2318,670,2056,20449,2076,6927,275,97,15043,183,15598,2014,문화재청_궁능유적본부_4대궁_관람객_수_현황_2014년.csv
2014-07-11,2014,7,11,4,금,0,0,0,0,0,18.5,17.5,9.5,8.5,15603,3351,1343,2130,13192,2411,6124,163,229,8944,143,9479,2014,문화재청_궁능유적본부_4대궁_관람객_수_현황_2014년.csv
2014-07-12,2014,7,12,5,토,1,0,0,0,0,18.5,17.5,9.5,8.5,21538,4925,1581,3803,17999,3539,10835,262,230,9625,586,10703,2014,문화재청_궁능유적본부_4대궁_관람객_수_현황_2014년.csv
2014-07-13,2014,7,13,6,일,1,0,0,0,0,18.5,17.5,9.5,8.5,22085,4756,1876,3124,19179,2906,8529,354,334,12662,206,13556,2014,문화재청_궁능유적본부_4대궁_관람객_수_현황_2014년.csv
2014-07-14,2014,7,14,0,월,0,0,0,3,0,18.5,17.5,9.5,8.5,15069,0,0,0,13273,1796,8157,225,280,6312,95,6912,2014,문화재청_궁능유적본부_4대궁_관람객_수_현황_2014년.csv
2014-07-15,2014,7,15,1,화,0,1,1,0,0,18.5,17.5,9.5,8.5,0,4707,1016,2818,0,0,0,0,0,0,0,0,2014,문화재청_궁능유적본부_4대궁_관람객_수_현황_2014년.csv
2014-07-16,2014,7,16,2,수,0,0,0,0,0,18.5,17.5,9.5,8.5,19264,2399,1054,2234,17233,2031,11169,197,365,7331,202,8095,2014,문화재청_궁능유적본부_4대궁_관람객_수_현황_2014년.csv
2014-07-17,2014,7,17,3,목,0,0,0,0,0,18.5,17.5,9.5,8.5,19476,2447,794,2237,17919,1557,10431,217,145,8476,207,9045,2014,문화재청_궁능유적본부_4대궁_관람객_수_현황_2014년.csv
2014-07-18,2014,7,18,4,금,0,0,0,0,0,18.5,17.5,9.5,8.5,15956,3088,1335,1806,13830,2126,8854,307,157,6447,191,7102,2014,문화재청_궁능유적본부_4대궁_관람객_수_현황_2014년.csv
2014-07-19,2014,7,19,5,토,1,0,0,0,0,18.5,17.5,9.5,8.5,22109,4288,1761,3984,18640,3469,14426,279,344,6631,429,7683,2014,문화재청_궁능유적본부_4대궁_관람객_수_현황_2014년.csv
2014-07-20,2014,7,20,6,일,1,0,0,0,0,18.5,17.5,9.5,8.5,20338,4699,1492,2993,17944,2394,14782,197,243,4860,256,5556,2014,문화재청_궁능유적본부_4대궁_관람객_수_현황_2014년.csv
2014-07-21,2014,7,21,0,월,0,0,0,3,0,18.5,17.5,9.5,8.5,19022,0,0,0,17062,1960,16973,108,92,1772,77,2049,2014,문화재청_궁능유적본부_4대궁_관람객_수_현황_2014년.csv
2014-07-22,2014,7,22,1,화,0,1,1,0,0,18.5,17.5,9.5,8.5,0,4650,947,2691,0,0,0,0,0,0,0,0,2014,문화재청_궁능유적본부_4대궁_관람객_수_현황_2014년.csv
2014-07-23,2014,7,23,2,수,0,0,0,0,0,18.5,17.5,9.5,8.5,18624,2081,686,1631,16934,1690,11671,21,40,6743,149,6953,2014,문화재청_궁능유적본부_4대궁_관람객_수_현황_2014년.csv
2014-07-24,2014,7,24,3,목,0,0,0,0,0,18.5,17.5,9.5,8.5,17693,2148,621,1939,15732,1961,7298,128,64,9629,574,10395,2014,문화재청_궁능유적본부_4대궁_관람객_수_현황_2014년.csv
2014-07-25,2014,7,25,4,금,0,0,0,0,0,18.5,17.5,9.5,8.5,16315,2467,770,2077,14541,1774,6664,282,68,9080,221,9651,2014,문화재청_궁능유적본부_4대궁_관람객_수_현황_2014년.csv
2014-07-26,2014,7,26,5,토,1,0,0,0,0,18.5,17.5,9.5,8.5,22177,4582,1557,3943,18744,3433,11175,313,294,10184,211,11002,2014,문화재청_궁능유적본부_4대궁_관람객_수_현황_2014년.csv
2014-07-27,2014,7,27,6,일,1,0,0,0,0,18.5,17.5,9.5,8.5,24862,4948,1839,3863,20938,3924,18395,309,255,5739,164,6467,2014,문화재청_궁능유적본부_4대궁_관람객_수_현황_2014년.csv
2014-07-28,2014,7,28,0,월,0,0,0,3,0,18.5,17.5,9.5,8.5,24457,0,0,0,19891,4566,17008,311,281,6601,256,7449,2014,문화재청_궁능유적본부_4대궁_관람객_수_현황_2014년.csv
2014-07-29,2014,7,29,1,화,0,1,1,0,0,18.5,17.5,9.5,8.5,0,6631,1889,4909,0,0,0,0,0,0,0,0,2014,문화재청_궁능유적본부_4대궁_관람객_수_현황_2014년.csv
2014-07-30,2014,7,30,2,수,0,0,0,0,0,18.5,17.5,9.5,8.5,25165,5667,3710,4237,91,25074,18745,37,0,0,6383,6420,2014,문화재청_궁능유적본부_4대궁_관람객_수_현황_2014년.csv
2014-07-31,2014,7,31,3,목,0,0,0,0,0,18.5,17.5,9.5,8.5,20340,3892,1359,3752,16711,3629,14092,251,93,5833,71,6248,2014,문화재청_궁능유적본부_4대궁_관람객_수_현황_2014년.csv
2014-08-01,2014,8,1,4,금,0,0,0,0,0,18.5,17.5,9.5,8.5,21456,4647,1579,3140,16501,4955,13509,262,129,7355,201,7947,2014,문화재청_궁능유적본부_4대궁_관람객_수_현황_2014년.csv
2014-08-02,2014,8,2,5,토,1,0,0,0,0,18.5,17.5,9.5,8.5,25594,5248,2056,3816,20240,5354,20836,454,235,3795,274,4758,2014,문화재청_궁능유적본부_4대궁_관람객_수_현황_2014년.csv
2014-08-03,2014,8,3,6,일,1,0,0,0,0,18.5,17.5,9.5,8.5,24675,4654,1574,2644,21353,3322,17473,305,113,6540,244,7202,2014,문화재청_궁능유적본부_4대궁_관람객_수_현황_2014년.csv
2014-08-04,2014,8,4,0,월,0,0,0,3,0,18.5,17.5,9.5,8.5,22793,0,0,0,18687,4106,16162,392,148,5909,182,6631,2014,문화재청_궁능유적본부_4대궁_관람객_수_현황_2014년.csv
2014-08-05,2014,8,5,1,화,0,1,1,0,0,18.5,17.5,9.5,8.5,0,7806,2161,5014,0,0,0,0,0,0,0,0,2014,문화재청_궁능유적본부_4대궁_관람객_수_현황_2014년.csv
2014-08-06,2014,8,6,2,수,0,0,0,0,0,18.5,17.5,9.5,8.5,24840,4354,1322,2467,21432,3408,17480,179,82,7071,28,7360,2014,문화재청_궁능유적본부_4대궁_관람객_수_현황_2014년.csv
2014-08-07,2014,8,7,3,목,0,0,0,0,0,18.5,17.5,9.5,8.5,25509,4664,1652,4372,20912,4597,11629,257,242,13155,226,13880,2014,문화재청_궁능유적본부_4대궁_관람객_수_현황_2014년.csv
2014-08-08,2014,8,8,4,금,0,0,0,0,0,18.5,17.5,9.5,8.5,22464,4543,1783,4563,18118,4346,9771,280,180,12194,39,12693,2014,문화재청_궁능유적본부_4대궁_관람객_수_현황_2014년.csv
2014-08-09,2014,8,9,5,토,1,0,0,0,0,18.5,17.5,9.5,8.5,31808,5829,2970,5302,26116,5692,22898,410,181,8056,263,8910,2014,문화재청_궁능유적본부_4대궁_관람객_수_현황_2014년.csv
2014-08-10,2014,8,10,6,일,1,0,0,0,0,18.5,17.5,9.5,8.5,27424,5293,1928,3304,20910,6514,13816,303,196,12982,127,13608,2014,문화재청_궁능유적본부_4대궁_관람객_수_현황_2014년.csv
2014-08-11,2014,8,11,0,월,0,0,0,2,0,18.5,17.5,9.5,8.5,25281,100,0,0,19892,5389,11418,207,207,13192,257,13863,2014,문화재청_궁능유적본부_4대궁_관람객_수_현황_2014년.csv
2014-08-12,2014,8,12,1,화,0,1,1,0,0,18.5,17.5,9.5,8.5,0,7127,2138,4959,0,0,0,0,0,0,0,0,2014,문화재청_궁능유적본부_4대궁_관람객_수_현황_2014년.csv
2014-08-13,2014,8,13,2,수,0,0,0,0,0,18.5,17.5,9.5,8.5,28064,4529,1376,2415,23094,4970,17252,249,137,10362,64,10812,2014,문화재청_궁능유적본부_4대궁_관람객_수_현황_2014년.csv
2014-08-14,2014,8,14,3,목,0,0,0,0,0,18.5,17.5,9.5,8.5,23841,4459,1529,5640,19450,4391,11036,107,105,11941,652,12805,2014,문화재청_궁능유적본부_4대궁_관람객_수_현황_2014년.csv
2014-08-15,2014,8,15,4,금,0,0,0,0,1,18.5,17.5,9.5,8.5,30828,8010,4345,5788,21967,8861,19764,253,276,10279,256,11064,2014,문화재청_궁능유적본부_4대궁_관람객_수_현황_2014년.csv
2014-08-16,2014,8,16,5,토,1,0,0,0,0,18.5,17.5,9.5,8.5,9353,6300,3038,2408,6683,2670,6761,85,45,2396,66,2592,2014,문화재청_궁능유적본부_4대궁_관람객_수_현황_2014년.csv
2014-08-17,2014,8,17,6,일,1,0,0,0,0,18.5,17.5,9.5,8.5,28053,4594,1317,2975,23261,4792,17594,345,157,9698,259,10459,2014,문화재청_궁능유적본부_4대궁_관람객_수_현황_2014년.csv
2014-08-18,2014,8,18,0,월,0,0,0,3,0,18.5,17.5,9.5,8.5,24071,0,0,0,21303,2768,14297,199,182,9298,95,9774,2014,문화재청_궁능유적본부_4대궁_관람객_수_현황_2014년.csv
2014-08-19,2014,8,19,1,화,0,1,1,0,0,18.5,17.5,9.5,8.5,0,5400,1187,3852,0,0,0,0,0,0,0,0,2014,문화재청_궁능유적본부_4대궁_관람객_수_현황_2014년.csv
2014-08-20,2014,8,20,2,수,0,0,0,0,0,18.5,17.5,9.5,8.5,27962,3913,1276,2499,24708,3254,23045,242,207,2826,1642,4917,2014,문화재청_궁능유적본부_4대궁_관람객_수_현황_2014년.csv
2014-08-21,2014,8,21,3,목,0,0,0,0,0,18.5,17.5,9.5,8.5,17001,1791,552,1663,14793,2208,15324,56,65,1524,32,1677,2014,문화재청_궁능유적본부_4대궁_관람객_수_현황_2014년.csv
2014-08-22,2014,8,22,4,금,0,0,0,0,0,18.5,17.5,9.5,8.5,22925,4097,1289,2682,19791,3134,13248,213,155,8871,438,9677,2014,문화재청_궁능유적본부_4대궁_관람객_수_현황_2014년.csv
2014-08-23,2014,8,23,5,토,1,0,0,0,0,18.5,17.5,9.5,8.5,26474,5356,2452,5160,21664,4810,19151,332,267,6615,109,7323,2014,문화재청_궁능유적본부_4대궁_관람객_수_현황_2014년.csv
2014-08-24,2014,8,24,6,일,1,0,0,0,0,18.5,17.5,9.5,8.5,24845,5008,2169,3730,20216,4629,17810,285,117,6121,512,7035,2014,문화재청_궁능유적본부_4대궁_관람객_수_현황_2014년.csv
2014-08-25,2014,8,25,0,월,0,0,0,3,0,18.5,17.5,9.5,8.5,20716,0,0,0,17835,2881,12703,177,275,7378,183,8013,2014,문화재청_궁능유적본부_4대궁_관람객_수_현황_2014년.csv
2014-08-26,2014,8,26,1,화,0,1,1,0,0,18.5,17.5,9.5,8.5,0,5310,1401,3383,0,0,0,0,0,0,0,0,2014,문화재청_궁능유적본부_4대궁_관람객_수_현황_2014년.csv
2014-08-27,2014,8,27,2,수,0,0,0,1,0,18.5,17.5,9.5,8.5,27987,5521,0,3734,0,27987,17974,0,0,0,10013,10013,2014,문화재청_궁능유적본부_4대궁_관람객_수_현황_2014년.csv
2014-08-28,2014,8,28,3,목,0,0,0,0,0,18.5,17.5,9.5,8.5,19653,3238,1137,2362,15966,3687,8192,142,114,10630,575,11461,2014,문화재청_궁능유적본부_4대궁_관람객_수_현황_2014년.csv
2014-08-29,2014,8,29,4,금,0,0,0,0,0,18.5,17.5,9.5,8.5,15297,2995,980,2359,12793,2504,10577,173,106,4262,179,4720,2014,문화재청_궁능유적본부_4대궁_관람객_수_현황_2014년.csv
2014-08-30,2014,8,30,5,토,1,0,0,0,0,18.5,17.5,9.5,8.5,20912,5055,2150,4205,17099,3813,16466,310,172,3560,404,4446,2014,문화재청_궁능유적본부_4대궁_관람객_수_현황_2014년.csv
2014-08-31,2014,8,31,6,일,1,0,0,0,0,18.5,17.5,9.5,8.5,16323,4641,1955,3342,13633,2690,9039,220,123,6340,601,7284,2014,문화재청_궁능유적본부_4대궁_관람객_수_현황_2014년.csv
2014-09-01,2014,9,1,0,월,0,0,0,2,0,18.0,17.0,9.0,8.0,12851,146,0,0,11038,1813,5593,99,131,6921,107,7258,2014,문화재청_궁능유적본부_4대궁_관람객_수_현황_2014년.csv
2014-09-02,2014,9,2,1,화,0,1,1,0,0,18.0,17.0,9.0,8.0,0,3591,1663,2538,0,0,0,0,0,0,0,0,2014,문화재청_궁능유적본부_4대궁_관람객_수_현황_2014년.csv
2014-09-03,2014,9,3,2,수,0,0,0,0,0,18.0,17.0,9.0,8.0,11032,1205,313,950,9086,1946,3789,194,276,6567,206,7243,2014,문화재청_궁능유적본부_4대궁_관람객_수_현황_2014년.csv
2014-09-04,2014,9,4,3,목,0,0,0,0,0,18.0,17.0,9.0,8.0,16663,2329,963,2114,14430,2233,6869,100,29,9068,597,9794,2014,문화재청_궁능유적본부_4대궁_관람객_수_현황_2014년.csv
2014-09-05,2014,9,5,4,금,0,0,0,0,0,18.0,17.0,9.0,8.0,11883,2049,1059,2315,10199,1684,6803,178,32,4714,156,5080,2014,문화재청_궁능유적본부_4대궁_관람객_수_현황_2014년.csv
2014-09-06,2014,9,6,5,토,1,0,0,0,0,18.0,17.0,9.0,8.0,17768,4923,1622,3575,15524,2244,9020,418,140,7664,526,8748,2014,문화재청_궁능유적본부_4대궁_관람객_수_현황_2014년.csv
2014-09-07,2014,9,7,6,일,1,0,0,0,1,18.0,17.0,9.0,8.0,18860,5649,2071,3308,15255,3605,13705,448,108,4265,334,5155,2014,문화재청_궁능유적본부_4대궁_관람객_수_현황_2014년.csv
2014-09-08,2014,9,8,0,월,0,0,0,0,1,18.0,17.0,9.0,8.0,82833,18790,5940,14201,0,82833,74972,0,0,0,7861,7861,2014,문화재청_궁능유적본부_4대궁_관람객_수_현황_2014년.csv
2014-09-09,2014,9,9,1,화,0,1,0,0,1,18.0,17.0,9.0,8.0,27272,10858,6749,9702,19283,7989,24621,210,78,2114,249,2651,2014,문화재청_궁능유적본부_4대궁_관람객_수_현황_2014년.csv
2014-09-10,2014,9,10,2,수,0,0,0,0,1,18.0,17.0,9.0,8.0,19616,6452,3584,4721,15084,4532,14534,305,171,4201,405,5082,2014,문화재청_궁능유적본부_4대궁_관람객_수_현황_2014년.csv
2014-09-11,2014,9,11,3,목,0,0,0,0,0,18.0,17.0,9.0,8.0,11588,2957,1189,2068,9740,1848,6855,221,138,4183,191,4733,2014,문화재청_궁능유적본부_4대궁_관람객_수_현황_2014년.csv
2014-09-12,2014,9,12,4,금,0,0,0,0,0,18.0,17.0,9.0,8.0,14208,2805,1274,2209,10915,3293,8567,257,159,5148,77,5641,2014,문화재청_궁능유적본부_4대궁_관람객_수_현황_2014년.csv
2014-09-13,2014,9,13,5,토,1,0,0,0,0,18.0,17.0,9.0,8.0,21481,5837,2493,5365,16711,4770,19075,419,214,1597,176,2406,2014,문화재청_궁능유적본부_4대궁_관람객_수_현황_2014년.csv
2014-09-14,2014,9,14,6,일,1,0,0,0,0,18.0,17.0,9.0,8.0,19693,6055,2496,4099,16264,3429,15158,108,76,4252,99,4535,2014,문화재청_궁능유적본부_4대궁_관람객_수_현황_2014년.csv
2014-09-15,2014,9,15,0,월,0,0,0,3,0,18.0,17.0,9.0,8.0,18623,0,0,0,14897,3726,7292,100,135,10920,176,11331,2014,문화재청_궁능유적본부_4대궁_관람객_수_현황_2014년.csv
2014-09-16,2014,9,16,1,화,0,1,1,0,0,18.0,17.0,9.0,8.0,0,5720,4697,3122,0,0,0,0,0,0,0,0,2014,문화재청_궁능유적본부_4대궁_관람객_수_현황_2014년.csv
2014-09-17,2014,9,17,2,수,0,0,0,0,0,18.0,17.0,9.0,8.0,22839,3638,3833,2764,18019,4820,14889,202,363,6968,417,7950,2014,문화재청_궁능유적본부_4대궁_관람객_수_현황_2014년.csv
2014-09-18,2014,9,18,3,목,0,0,0,0,0,18.0,17.0,9.0,8.0,19896,3950,3898,3094,14937,4959,12541,339,199,6356,461,7355,2014,문화재청_궁능유적본부_4대궁_관람객_수_현황_2014년.csv
2014-09-19,2014,9,19,4,금,0,0,0,0,0,18.0,17.0,9.0,8.0,17344,4635,4275,3005,13813,3531,9290,317,125,7575,37,8054,2014,문화재청_궁능유적본부_4대궁_관람객_수_현황_2014년.csv
2014-09-20,2014,9,20,5,토,1,0,0,0,0,18.0,17.0,9.0,8.0,23430,7780,5457,9235,18387,5043,17601,383,174,4964,308,5829,2014,문화재청_궁능유적본부_4대궁_관람객_수_현황_2014년.csv
2014-09-21,2014,9,21,6,일,1,0,0,0,0,18.0,17.0,9.0,8.0,22074,6918,4786,4548,17532,4542,16889,333,170,4532,150,5185,2014,문화재청_궁능유적본부_4대궁_관람객_수_현황_2014년.csv
2014-09-22,2014,9,22,0,월,0,0,0,3,0,18.0,17.0,9.0,8.0,17971,0,0,0,14204,3767,12410,275,135,5150,1,5561,2014,문화재청_궁능유적본부_4대궁_관람객_수_현황_2014년.csv
2014-09-23,2014,9,23,1,화,0,1,1,0,0,18.0,17.0,9.0,8.0,0,8630,3929,3695,0,0,0,0,0,0,0,0,2014,문화재청_궁능유적본부_4대궁_관람객_수_현황_2014년.csv
2014-09-24,2014,9,24,2,수,0,0,0,0,0,18.0,17.0,9.0,8.0,23544,6791,5068,3047,0,23544,17517,0,0,0,6027,6027,2014,문화재청_궁능유적본부_4대궁_관람객_수_현황_2014년.csv
2014-09-25,2014,9,25,3,목,0,0,0,0,0,18.0,17.0,9.0,8.0,22884,5105,3785,3587,15189,7695,20719,283,190,1660,32,2165,2014,문화재청_궁능유적본부_4대궁_관람객_수_현황_2014년.csv
2014-09-26,2014,9,26,4,금,0,0,0,0,0,18.0,17.0,9.0,8.0,19420,5593,4080,2825,13654,5766,14125,336,222,4470,267,5295,2014,문화재청_궁능유적본부_4대궁_관람객_수_현황_2014년.csv
2014-09-27,2014,9,27,5,토,1,0,0,0,0,18.0,17.0,9.0,8.0,23147,8439,5583,7305,17670,5477,19959,567,406,1736,479,3188,2014,문화재청_궁능유적본부_4대궁_관람객_수_현황_2014년.csv
2014-09-28,2014,9,28,6,일,1,0,0,0,0,18.0,17.0,9.0,8.0,22412,7371,4724,5512,18377,4035,14700,372,289,6929,122,7712,2014,문화재청_궁능유적본부_4대궁_관람객_수_현황_2014년.csv
2014-09-29,2014,9,29,0,월,0,0,0,3,0,18.0,17.0,9.0,8.0,13907,0,0,0,10661,3246,6151,284,218,7240,14,7756,2014,문화재청_궁능유적본부_4대궁_관람객_수_현황_2014년.csv
2014-09-30,2014,9,30,1,화,0,1,1,0,0,18.0,17.0,9.0,8.0,0,9873,2814,3764,0,0,0,0,0,0,0,0,2014,문화재청_궁능유적본부_4대궁_관람객_수_현황_2014년.csv
2014-10-01,2014,10,1,2,수,0,0,0,0,0,18.0,17.0,9.0,8.0,24848,4523,1580,3030,17931,6917,12306,492,316,11429,305,12542,2014,문화재청_궁능유적본부_4대궁_관람객_수_현황_2014년.csv
2014-10-02,2014,10,2,3,목,0,0,0,0,0,18.0,17.0,9.0,8.0,22431,4171,1220,2607,16519,5912,9750,353,183,11799,346,12681,2014,문화재청_궁능유적본부_4대궁_관람객_수_현황_2014년.csv
2014-10-03,2014,10,3,4,금,0,0,0,0,1,18.0,17.0,9.0,8.0,41030,9634,4753,8562,31282,9748,26853,470,217,13333,157,14177,2014,문화재청_궁능유적본부_4대궁_관람객_수_현황_2014년.csv
2014-10-04,2014,10,4,5,토,1,0,0,0,0,18.0,17.0,9.0,8.0,38107,9524,4217,7918,29769,8338,24871,410,184,12424,218,13236,2014,문화재청_궁능유적본부_4대궁_관람객_수_현황_2014년.csv
2014-10-05,2014,10,5,6,일,1,0,0,0,0,18.0,17.0,9.0,8.0,24628,7725,3417,5512,20234,4394,15683,710,196,7809,230,8945,2014,문화재청_궁능유적본부_4대궁_관람객_수_현황_2014년.csv
2014-10-06,2014,10,6,0,월,0,0,0,3,0,18.0,17.0,9.0,8.0,18708,0,0,0,11220,7488,12203,314,246,5818,127,6505,2014,문화재청_궁능유적본부_4대궁_관람객_수_현황_2014년.csv
2014-10-07,2014,10,7,1,화,0,1,1,0,0,18.0,17.0,9.0,8.0,0,11192,2913,6934,0,0,0,0,0,0,0,0,2014,문화재청_궁능유적본부_4대궁_관람객_수_현황_2014년.csv
2014-10-08,2014,10,8,2,수,0,0,0,0,0,18.0,17.0,9.0,8.0,19391,6725,3006,3888,11813,7578,11730,570,269,6480,342,7661,2014,문화재청_궁능유적본부_4대궁_관람객_수_현황_2014년.csv
2014-10-09,2014,10,9,3,목,0,0,0,0,1,18.0,17.0,9.0,8.0,31327,9757,5467,8674,22285,9042,23099,386,267,7254,321,8228,2014,문화재청_궁능유적본부_4대궁_관람객_수_현황_2014년.csv
2014-10-10,2014,10,10,4,금,0,0,0,0,0,18.0,17.0,9.0,8.0,25060,8119,3051,4370,16049,9011,15811,275,187,8514,273,9249,2014,문화재청_궁능유적본부_4대궁_관람객_수_현황_2014년.csv
2014-10-11,2014,10,11,5,토,1,0,0,0,0,18.0,17.0,9.0,8.0,26456,8116,3943,8166,19012,7444,18842,424,301,6602,287,7614,2014,문화재청_궁능유적본부_4대궁_관람객_수_현황_2014년.csv
2014-10-12,2014,10,12,6,일,1,0,0,0,0,18.0,17.0,9.0,8.0,20295,7678,3479,6243,15529,4766,15633,296,258,3972,136,4662,2014,문화재청_궁능유적본부_4대궁_관람객_수_현황_2014년.csv
2014-10-13,2014,10,13,0,월,0,0,0,2,0,18.0,17.0,9.0,8.0,17339,0,0,2616,11084,6255,11780,439,315,4605,200,5559,2014,문화재청_궁능유적본부_4대궁_관람객_수_현황_2014년.csv
2014-10-14,2014,10,14,1,화,0,1,1,0,0,18.0,17.0,9.0,8.0,0,9321,3391,5771,0,0,0,0,0,0,0,0,2014,문화재청_궁능유적본부_4대궁_관람객_수_현황_2014년.csv
2014-10-15,2014,10,15,2,수,0,0,0,0,0,18.0,17.0,9.0,8.0,22436,6100,2018,3804,13946,8490,15817,221,120,5917,361,6619,2014,문화재청_궁능유적본부_4대궁_관람객_수_현황_2014년.csv
2014-10-16,2014,10,16,3,목,0,0,0,0,0,18.0,17.0,9.0,8.0,21771,4943,2321,3602,13913,7858,16358,597,172,4401,243,5413,2014,문화재청_궁능유적본부_4대궁_관람객_수_현황_2014년.csv
2014-10-17,2014,10,17,4,금,0,0,0,0,0,18.0,17.0,9.0,8.0,25450,8820,3571,4938,14262,11188,16670,354,105,7979,342,8780,2014,문화재청_궁능유적본부_4대궁_관람객_수_현황_2014년.csv
2014-10-18,2014,10,18,5,토,1,0,0,0,0,18.0,17.0,9.0,8.0,29631,9647,4475,8936,22010,7621,22755,278,300,6117,181,6876,2014,문화재청_궁능유적본부_4대궁_관람객_수_현황_2014년.csv
2014-10-19,2014,10,19,6,일,1,0,0,0,0,18.0,17.0,9.0,8.0,26340,8261,4336,6873,21180,5160,19371,361,297,5929,382,6969,2014,문화재청_궁능유적본부_4대궁_관람객_수_현황_2014년.csv
2014-10-20,2014,10,20,0,월,0,0,0,3,0,18.0,17.0,9.0,8.0,15811,0,0,0,10672,5139,11194,283,255,3738,341,4617,2014,문화재청_궁능유적본부_4대궁_관람객_수_현황_2014년.csv
2014-10-21,2014,10,21,1,화,0,1,1,0,0,18.0,17.0,9.0,8.0,0,7943,3941,3051,0,0,0,0,0,0,0,0,2014,문화재청_궁능유적본부_4대궁_관람객_수_현황_2014년.csv
2014-10-22,2014,10,22,2,수,0,0,0,0,0,18.0,17.0,9.0,8.0,27080,9837,5330,6052,16748,10332,21526,333,192,4943,86,5554,2014,문화재청_궁능유적본부_4대궁_관람객_수_현황_2014년.csv
2014-10-23,2014,10,23,3,목,0,0,0,0,0,18.0,17.0,9.0,8.0,25040,9254,5152,5182,15509,9531,18348,375,152,5649,516,6692,2014,문화재청_궁능유적본부_4대궁_관람객_수_현황_2014년.csv
2014-10-24,2014,10,24,4,금,0,0,0,0,0,18.0,17.0,9.0,8.0,23317,11355,6527,5624,14892,8425,13979,304,188,8488,358,9338,2014,문화재청_궁능유적본부_4대궁_관람객_수_현황_2014년.csv
2014-10-25,2014,10,25,5,토,1,0,0,0,0,18.0,17.0,9.0,8.0,32424,13537,8436,11628,24455,7969,23801,603,211,7380,429,8623,2014,문화재청_궁능유적본부_4대궁_관람객_수_현황_2014년.csv
2014-10-26,2014,10,26,6,일,1,0,0,0,0,18.0,17.0,9.0,8.0,26743,13248,7550,8462,21711,5032,20962,208,273,5003,297,5781,2014,문화재청_궁능유적본부_4대궁_관람객_수_현황_2014년.csv
2014-10-27,2014,10,27,0,월,0,0,0,3,0,18.0,17.0,9.0,8.0,20540,0,0,0,15262,5278,14092,226,598,5452,172,6448,2014,문화재청_궁능유적본부_4대궁_관람객_수_현황_2014년.csv
2014-10-28,2014,10,28,1,화,0,1,1,0,0,18.0,17.0,9.0,8.0,0,11523,6325,6328,0,0,0,0,0,0,0,0,2014,문화재청_궁능유적본부_4대궁_관람객_수_현황_2014년.csv
2014-10-29,2014,10,29,2,수,0,0,0,0,0,18.0,17.0,9.0,8.0,28607,13772,9021,7415,100,28507,21387,0,0,0,7220,7220,2014,문화재청_궁능유적본부_4대궁_관람객_수_현황_2014년.csv
2014-10-30,2014,10,30,3,목,0,0,0,0,0,18.0,17.0,9.0,8.0,23079,9220,6535,5882,14342,8737,20401,161,182,2193,142,2678,2014,문화재청_궁능유적본부_4대궁_관람객_수_현황_2014년.csv
2014-10-31,2014,10,31,4,금,0,0,0,0,0,18.0,17.0,9.0,8.0,18633,7436,4760,5543,12473,6160,13578,222,122,4478,233,5055,2014,문화재청_궁능유적본부_4대궁_관람객_수_현황_2014년.csv
2014-11-01,2014,11,1,5,토,1,0,0,0,0,17.0,16.0,8.0,7.0,24023,12580,8262,12379,19517,4506,21076,408,242,2040,257,2947,2014,문화재청_궁능유적본부_4대궁_관람객_수_현황_2014년.csv
2014-11-02,2014,11,2,6,일,1,0,0,0,0,17.0,16.0,8.0,7.0,25020,14675,8621,8778,20905,4115,14835,215,305,9403,262,10185,2014,문화재청_궁능유적본부_4대궁_관람객_수_현황_2014년.csv
2014-11-03,2014,11,3,0,월,0,0,0,3,0,17.0,16.0,8.0,7.0,14032,0,0,0,10957,3075,8154,114,103,5553,108,5878,2014,문화재청_궁능유적본부_4대궁_관람객_수_현황_2014년.csv
2014-11-04,2014,11,4,1,화,0,1,1,0,0,17.0,16.0,8.0,7.0,0,8545,4116,5331,0,0,0,0,0,0,0,0,2014,문화재청_궁능유적본부_4대궁_관람객_수_현황_2014년.csv
2014-11-05,2014,11,5,2,수,0,0,0,0,0,17.0,16.0,8.0,7.0,20851,6655,3370,6037,14887,5964,11993,165,138,8371,184,8858,2014,문화재청_궁능유적본부_4대궁_관람객_수_현황_2014년.csv
2014-11-06,2014,11,6,3,목,0,0,0,0,0,17.0,16.0,8.0,7.0,17288,6443,3380,4312,12316,4972,9679,151,103,7225,130,7609,2014,문화재청_궁능유적본부_4대궁_관람객_수_현황_2014년.csv
2014-11-07,2014,11,7,4,금,0,0,0,0,0,17.0,16.0,8.0,7.0,20000,7494,3793,5372,14253,5747,11787,175,48,7855,135,8213,2014,문화재청_궁능유적본부_4대궁_관람객_수_현황_2014년.csv
2014-11-08,2014,11,8,5,토,1,0,0,0,0,17.0,16.0,8.0,7.0,26560,11959,6665,11136,20207,6353,17155,386,76,8693,250,9405,2014,문화재청_궁능유적본부_4대궁_관람객_수_현황_2014년.csv
2014-11-09,2014,11,9,6,일,1,0,0,0,0,17.0,16.0,8.0,7.0,24150,13379,6825,9614,19701,4449,18626,375,338,4620,191,5524,2014,문화재청_궁능유적본부_4대궁_관람객_수_현황_2014년.csv
2014-11-10,2014,11,10,0,월,0,0,0,3,0,17.0,16.0,8.0,7.0,15193,0,0,0,12167,3026,10727,223,154,3977,112,4466,2014,문화재청_궁능유적본부_4대궁_관람객_수_현황_2014년.csv
2014-11-11,2014,11,11,1,화,0,1,1,0,0,17.0,16.0,8.0,7.0,0,8993,3778,5284,0,0,0,0,0,0,0,0,2014,문화재청_궁능유적본부_4대궁_관람객_수_현황_2014년.csv
2014-11-12,2014,11,12,2,수,0,0,0,0,0,17.0,16.0,8.0,7.0,17050,5410,1449,2518,13702,3348,7383,153,120,9292,102,9667,2014,문화재청_궁능유적본부_4대궁_관람객_수_현황_2014년.csv
2014-11-13,2014,11,13,3,목,0,0,0,0,0,17.0,16.0,8.0,7.0,13754,4801,1098,1978,10398,3356,6102,495,236,6673,248,7652,2014,문화재청_궁능유적본부_4대궁_관람객_수_현황_2014년.csv
2014-11-14,2014,11,14,4,금,0,0,0,0,0,17.0,16.0,8.0,7.0,15292,4894,1564,3173,11916,3376,9388,295,93,5406,110,5904,2014,문화재청_궁능유적본부_4대궁_관람객_수_현황_2014년.csv
2014-11-15,2014,11,15,5,토,1,0,0,0,0,17.0,16.0,8.0,7.0,22579,9585,3707,7513,17318,5261,16587,549,346,4847,250,5992,2014,문화재청_궁능유적본부_4대궁_관람객_수_현황_2014년.csv
2014-11-16,2014,11,16,6,일,1,0,0,0,0,17.0,16.0,8.0,7.0,19675,7830,3538,5651,15894,3781,14386,234,251,4633,171,5289,2014,문화재청_궁능유적본부_4대궁_관람객_수_현황_2014년.csv
2014-11-17,2014,11,17,0,월,0,0,0,2,0,17.0,16.0,8.0,7.0,12074,0,0,230,9679,2395,5720,164,161,5879,150,6354,2014,문화재청_궁능유적본부_4대궁_관람객_수_현황_2014년.csv
2014-11-18,2014,11,18,1,화,0,1,1,0,0,17.0,16.0,8.0,7.0,0,5797,1782,3396,0,0,0,0,0,0,0,0,2014,문화재청_궁능유적본부_4대궁_관람객_수_현황_2014년.csv
2014-11-19,2014,11,19,2,수,0,0,0,0,0,17.0,16.0,8.0,7.0,18383,4036,1411,2756,14694,3689,8072,79,19,10084,129,10311,2014,문화재청_궁능유적본부_4대궁_관람객_수_현황_2014년.csv
2014-11-20,2014,11,20,3,목,0,0,0,0,0,17.0,16.0,8.0,7.0,14140,4772,1520,3191,11260,2880,6588,157,72,7321,2,7552,2014,문화재청_궁능유적본부_4대궁_관람객_수_현황_2014년.csv
2014-11-21,2014,11,21,4,금,0,0,0,0,0,17.0,16.0,8.0,7.0,14180,4844,1352,5264,11769,2411,6488,255,177,7052,208,7692,2014,문화재청_궁능유적본부_4대궁_관람객_수_현황_2014년.csv
2014-11-22,2014,11,22,5,토,1,0,0,0,0,17.0,16.0,8.0,7.0,15774,5116,2273,6561,12979,2795,11003,164,84,4355,168,4771,2014,문화재청_궁능유적본부_4대궁_관람객_수_현황_2014년.csv
2014-11-23,2014,11,23,6,일,1,0,0,0,0,17.0,16.0,8.0,7.0,19261,6745,2875,5645,16327,2934,14884,334,444,3431,168,4377,2014,문화재청_궁능유적본부_4대궁_관람객_수_현황_2014년.csv
2014-11-24,2014,11,24,0,월,0,0,0,3,0,17.0,16.0,8.0,7.0,13016,0,0,0,10076,2940,9736,238,213,2725,104,3280,2014,문화재청_궁능유적본부_4대궁_관람객_수_현황_2014년.csv
2014-11-25,2014,11,25,1,화,0,1,1,0,0,17.0,16.0,8.0,7.0,0,7705,1996,6224,0,0,0,0,0,0,0,0,2014,문화재청_궁능유적본부_4대궁_관람객_수_현황_2014년.csv
2014-11-26,2014,11,26,2,수,0,0,0,1,0,17.0,16.0,8.0,7.0,17264,6366,0,6761,0,17264,9239,0,0,0,8025,8025,2014,문화재청_궁능유적본부_4대궁_관람객_수_현황_2014년.csv
2014-11-27,2014,11,27,3,목,0,0,0,0,0,17.0,16.0,8.0,7.0,14966,3540,1429,3167,10615,4351,12282,222,104,2260,98,2684,2014,문화재청_궁능유적본부_4대궁_관람객_수_현황_2014년.csv
2014-11-28,2014,11,28,4,금,0,0,0,0,0,17.0,16.0,8.0,7.0,7478,2459,1623,1619,5705,1773,5592,201,121,1524,40,1886,2014,문화재청_궁능유적본부_4대궁_관람객_수_현황_2014년.csv
2014-11-29,2014,11,29,5,토,1,0,0,0,0,17.0,16.0,8.0,7.0,20114,5682,2179,6184,16696,3418,15948,359,210,3466,131,4166,2014,문화재청_궁능유적본부_4대궁_관람객_수_현황_2014년.csv
2014-11-30,2014,11,30,6,일,1,0,0,0,0,17.0,16.0,8.0,7.0,11039,2831,959,2576,9409,1630,5506,224,138,4903,268,5533,2014,문화재청_궁능유적본부_4대궁_관람객_수_현황_2014년.csv
2014-12-01,2014,12,1,0,월,0,0,0,3,0,17.0,16.0,8.0,7.0,12114,0,0,0,7497,4617,7166,175,91,4642,40,4948,2014,문화재청_궁능유적본부_4대궁_관람객_수_현황_2014년.csv
2014-12-02,2014,12,2,1,화,0,1,1,0,0,17.0,16.0,8.0,7.0,0,3811,475,1749,0,0,0,0,0,0,0,0,2014,문화재청_궁능유적본부_4대궁_관람객_수_현황_2014년.csv
2014-12-03,2014,12,3,2,수,0,0,0,0,0,17.0,16.0,8.0,7.0,11843,2203,440,1386,10311,1532,8483,264,149,2913,34,3360,2014,문화재청_궁능유적본부_4대궁_관람객_수_현황_2014년.csv
2014-12-04,2014,12,4,3,목,0,0,0,0,0,17.0,16.0,8.0,7.0,11340,1816,387,1141,8719,2621,8242,152,88,2700,158,3098,2014,문화재청_궁능유적본부_4대궁_관람객_수_현황_2014년.csv
2014-12-05,2014,12,5,4,금,0,0,0,0,0,17.0,16.0,8.0,7.0,9726,2210,333,962,7974,1752,6817,109,131,2584,85,2909,2014,문화재청_궁능유적본부_4대궁_관람객_수_현황_2014년.csv
2014-12-06,2014,12,6,5,토,1,0,0,0,0,17.0,16.0,8.0,7.0,12492,2751,883,2434,10767,1725,6235,119,302,5677,159,6257,2014,문화재청_궁능유적본부_4대궁_관람객_수_현황_2014년.csv
2014-12-07,2014,12,7,6,일,1,0,0,0,0,17.0,16.0,8.0,7.0,11753,2902,576,2731,10175,1578,7607,268,288,3421,169,4146,2014,문화재청_궁능유적본부_4대궁_관람객_수_현황_2014년.csv
2014-12-08,2014,12,8,0,월,0,0,0,3,0,17.0,16.0,8.0,7.0,10606,0,0,0,8063,2543,6329,342,340,3298,297,4277,2014,문화재청_궁능유적본부_4대궁_관람객_수_현황_2014년.csv
2014-12-09,2014,12,9,1,화,0,1,1,0,0,17.0,16.0,8.0,7.0,0,2970,986,2047,0,0,0,0,0,0,0,0,2014,문화재청_궁능유적본부_4대궁_관람객_수_현황_2014년.csv
2014-12-10,2014,12,10,2,수,0,0,0,0,0,17.0,16.0,8.0,7.0,12373,1835,1053,2004,10169,2204,8007,255,122,3798,191,4366,2014,문화재청_궁능유적본부_4대궁_관람객_수_현황_2014년.csv
2014-12-11,2014,12,11,3,목,0,0,0,0,0,17.0,16.0,8.0,7.0,11058,1353,634,1394,8409,2649,5097,145,109,5367,340,5961,2014,문화재청_궁능유적본부_4대궁_관람객_수_현황_2014년.csv
2014-12-12,2014,12,12,4,금,0,0,0,0,0,17.0,16.0,8.0,7.0,10863,2729,907,1580,8516,2347,5378,91,44,5157,193,5485,2014,문화재청_궁능유적본부_4대궁_관람객_수_현황_2014년.csv
2014-12-13,2014,12,13,5,토,1,0,0,0,0,17.0,16.0,8.0,7.0,13270,2915,736,3124,11508,1762,8001,351,175,4191,552,5269,2014,문화재청_궁능유적본부_4대궁_관람객_수_현황_2014년.csv
2014-12-14,2014,12,14,6,일,1,0,0,0,0,17.0,16.0,8.0,7.0,11407,2774,610,2085,10285,1122,6226,231,177,4526,247,5181,2014,문화재청_궁능유적본부_4대궁_관람객_수_현황_2014년.csv
2014-12-15,2014,12,15,0,월,0,0,0,3,0,17.0,16.0,8.0,7.0,9569,0,0,0,7886,1683,3590,70,56,5141,712,5979,2014,문화재청_궁능유적본부_4대궁_관람객_수_현황_2014년.csv
2014-12-16,2014,12,16,1,화,0,1,1,0,0,17.0,16.0,8.0,7.0,0,3132,485,2008,0,0,0,0,0,0,0,0,2014,문화재청_궁능유적본부_4대궁_관람객_수_현황_2014년.csv
2014-12-17,2014,12,17,2,수,0,0,0,0,0,17.0,16.0,8.0,7.0,11899,1298,215,1084,10430,1469,4672,88,19,7035,85,7227,2014,문화재청_궁능유적본부_4대궁_관람객_수_현황_2014년.csv
2014-12-18,2014,12,18,3,목,0,0,0,0,0,17.0,16.0,8.0,7.0,9894,1473,241,2104,7835,2059,4710,118,46,4992,28,5184,2014,문화재청_궁능유적본부_4대궁_관람객_수_현황_2014년.csv
2014-12-19,2014,12,19,4,금,0,0,0,0,0,17.0,16.0,8.0,7.0,10026,1776,736,1456,8187,1839,4517,98,57,5178,176,5509,2014,문화재청_궁능유적본부_4대궁_관람객_수_현황_2014년.csv
2014-12-20,2014,12,20,5,토,1,0,0,0,0,17.0,16.0,8.0,7.0,12850,2672,730,2850,10868,1982,6842,199,36,5325,448,6008,2014,문화재청_궁능유적본부_4대궁_관람객_수_현황_2014년.csv
2014-12-21,2014,12,21,6,일,1,0,0,0,0,17.0,16.0,8.0,7.0,13036,2167,511,2283,11541,1495,6503,354,183,5773,223,6533,2014,문화재청_궁능유적본부_4대궁_관람객_수_현황_2014년.csv
2014-12-22,2014,12,22,0,월,0,0,0,3,0,17.0,16.0,8.0,7.0,11661,0,0,0,8915,2746,7266,264,149,3868,114,4395,2014,문화재청_궁능유적본부_4대궁_관람객_수_현황_2014년.csv
2014-12-23,2014,12,23,1,화,0,1,1,0,0,17.0,16.0,8.0,7.0,0,3715,1289,2921,0,0,0,0,0,0,0,0,2014,문화재청_궁능유적본부_4대궁_관람객_수_현황_2014년.csv
2014-12-24,2014,12,24,2,수,0,0,0,0,0,17.0,16.0,8.0,7.0,13997,2323,647,2130,12336,1661,8789,178,55,4779,196,5208,2014,문화재청_궁능유적본부_4대궁_관람객_수_현황_2014년.csv
2014-12-25,2014,12,25,3,목,0,0,0,0,1,17.0,16.0,8.0,7.0,14281,3054,1008,3923,11247,3034,10817,213,115,2917,219,3464,2014,문화재청_궁능유적본부_4대궁_관람객_수_현황_2014년.csv
2014-12-26,2014,12,26,4,금,0,0,0,0,0,17.0,16.0,8.0,7.0,11386,2798,923,2412,9472,1914,5864,192,171,4811,348,5522,2014,문화재청_궁능유적본부_4대궁_관람객_수_현황_2014년.csv
2014-12-27,2014,12,27,5,토,1,0,0,0,0,17.0,16.0,8.0,7.0,16538,4184,1233,3553,13520,3018,10529,418,130,5238,223,6009,2014,문화재청_궁능유적본부_4대궁_관람객_수_현황_2014년.csv
2014-12-28,2014,12,28,6,일,1,0,0,0,0,17.0,16.0,8.0,7.0,14509,3743,1027,3015,12152,2357,9951,282,107,3932,237,4558,2014,문화재청_궁능유적본부_4대궁_관람객_수_현황_2014년.csv
2014-12-29,2014,12,29,0,월,0,0,0,3,0,17.0,16.0,8.0,7.0,14199,0,0,0,12245,1954,10534,135,128,3137,265,3665,2014,문화재청_궁능유적본부_4대궁_관람객_수_현황_2014년.csv
2014-12-30,2014,12,30,1,화,0,1,1,0,0,17.0,16.0,8.0,7.0,0,4417,1206,2984,0,0,0,0,0,0,0,0,2014,문화재청_궁능유적본부_4대궁_관람객_수_현황_2014년.csv
2014-12-31,2014,12,31,2,수,0,0,0,0,0,17.0,16.0,8.0,7.0,17757,4468,1721,3635,0,17757,12329,0,0,0,5428,5428,2014,문화재청_궁능유적본부_4대궁_관람객_수_현황_2014년.csv
2015-01-01,2015,1,1,3,목,0,0,0,0,1,17.0,16.0,8.0,7.0,15644,4100,1014,2349,13281,2363,10834,207,199,3907,497,4810,2015,문화재청_궁능유적본부_4대궁_관람객_수_현황_2015년.csv
2015-01-02,2015,1,2,4,금,0,0,0,0,0,17.0,16.0,8.0,7.0,12704,2704,806,3849,10676,2028,8654,125,84,3718,123,4050,2015,문화재청_궁능유적본부_4대궁_관람객_수_현황_2015년.csv
2015-01-03,2015,1,3,5,토,1,0,0,0,0,17.0,16.0,8.0,7.0,13565,3993,1179,3221,10429,3136,11431,142,46,1652,294,2134,2015,문화재청_궁능유적본부_4대궁_관람객_수_현황_2015년.csv
2015-01-04,2015,1,4,6,일,1,0,0,0,0,17.0,16.0,8.0,7.0,11218,3179,1409,3107,8939,2279,8472,378,113,2013,242,2746,2015,문화재청_궁능유적본부_4대궁_관람객_수_현황_2015년.csv
2015-01-05,2015,1,5,0,월,0,0,0,3,0,17.0,16.0,8.0,7.0,7632,0,0,0,6052,1580,5372,209,127,1805,119,2260,2015,문화재청_궁능유적본부_4대궁_관람객_수_현황_2015년.csv
2015-01-06,2015,1,6,1,화,0,1,1,0,0,17.0,16.0,8.0,7.0,0,2960,1018,1848,0,0,0,0,0,0,0,0,2015,문화재청_궁능유적본부_4대궁_관람객_수_현황_2015년.csv
2015-01-07,2015,1,7,2,수,0,0,0,0,0,17.0,16.0,8.0,7.0,7956,1329,393,1303,6566,1390,3682,49,57,3940,228,4274,2015,문화재청_궁능유적본부_4대궁_관람객_수_현황_2015년.csv
2015-01-08,2015,1,8,3,목,0,0,0,0,0,17.0,16.0,8.0,7.0,6628,1550,502,1495,5347,1281,4824,76,17,1711,0,1804,2015,문화재청_궁능유적본부_4대궁_관람객_수_현황_2015년.csv
2015-01-09,2015,1,9,4,금,0,0,0,0,0,17.0,16.0,8.0,7.0,6974,1953,760,1470,5467,1507,3770,173,53,2897,81,3204,2015,문화재청_궁능유적본부_4대궁_관람객_수_현황_2015년.csv
2015-01-10,2015,1,10,5,토,1,0,0,0,0,17.0,16.0,8.0,7.0,11648,3488,1295,3414,8763,2885,8881,313,23,2350,81,2767,2015,문화재청_궁능유적본부_4대궁_관람객_수_현황_2015년.csv
2015-01-11,2015,1,11,6,일,1,0,0,0,0,17.0,16.0,8.0,7.0,12520,3458,1324,2483,9705,2815,9795,312,219,2100,94,2725,2015,문화재청_궁능유적본부_4대궁_관람객_수_현황_2015년.csv
2015-01-12,2015,1,12,0,월,0,0,0,3,0,17.0,16.0,8.0,7.0,7853,0,0,0,6717,1136,4689,181,181,2738,64,3164,2015,문화재청_궁능유적본부_4대궁_관람객_수_현황_2015년.csv
2015-01-13,2015,1,13,1,화,0,1,1,0,0,17.0,16.0,8.0,7.0,0,2975,917,2002,0,0,0,0,0,0,0,0,2015,문화재청_궁능유적본부_4대궁_관람객_수_현황_2015년.csv
2015-01-14,2015,1,14,2,수,0,0,0,0,0,17.0,16.0,8.0,7.0,9384,1910,836,1744,7734,1650,6490,337,81,2384,92,2894,2015,문화재청_궁능유적본부_4대궁_관람객_수_현황_2015년.csv
2015-01-15,2015,1,15,3,목,0,0,0,0,0,17.0,16.0,8.0,7.0,8777,2281,969,1948,6342,2435,6490,88,175,1919,105,2287,2015,문화재청_궁능유적본부_4대궁_관람객_수_현황_2015년.csv
2015-01-16,2015,1,16,4,금,0,0,0,0,0,17.0,16.0,8.0,7.0,7232,1488,532,1273,6108,1124,3756,85,98,3124,169,3476,2015,문화재청_궁능유적본부_4대궁_관람객_수_현황_2015년.csv
2015-01-17,2015,1,17,5,토,1,0,0,0,0,17.0,16.0,8.0,7.0,13445,2985,1256,2899,10439,3006,10639,247,134,2319,106,2806,2015,문화재청_궁능유적본부_4대궁_관람객_수_현황_2015년.csv
2015-01-18,2015,1,18,6,일,1,0,0,0,0,17.0,16.0,8.0,7.0,12387,2982,1147,2571,9315,3072,7599,245,117,4148,278,4788,2015,문화재청_궁능유적본부_4대궁_관람객_수_현황_2015년.csv
2015-01-19,2015,1,19,0,월,0,0,0,3,0,17.0,16.0,8.0,7.0,9499,0,0,0,7727,1772,4734,55,96,4336,278,4765,2015,문화재청_궁능유적본부_4대궁_관람객_수_현황_2015년.csv
2015-01-20,2015,1,20,1,화,0,1,1,0,0,17.0,16.0,8.0,7.0,0,3052,1043,2624,0,0,0,0,0,0,0,0,2015,문화재청_궁능유적본부_4대궁_관람객_수_현황_2015년.csv
2015-01-21,2015,1,21,2,수,0,0,0,0,0,17.0,16.0,8.0,7.0,10296,2152,796,1835,8344,1952,5164,135,92,4800,105,5132,2015,문화재청_궁능유적본부_4대궁_관람객_수_현황_2015년.csv
2015-01-22,2015,1,22,3,목,0,0,0,0,0,17.0,16.0,8.0,7.0,9667,2185,817,1802,7755,1912,4299,55,41,5220,52,5368,2015,문화재청_궁능유적본부_4대궁_관람객_수_현황_2015년.csv
2015-01-23,2015,1,23,4,금,0,0,0,0,0,17.0,16.0,8.0,7.0,9784,2035,819,1857,7666,2118,4271,82,46,4413,972,5513,2015,문화재청_궁능유적본부_4대궁_관람객_수_현황_2015년.csv
2015-01-24,2015,1,24,5,토,1,0,0,0,0,17.0,16.0,8.0,7.0,16212,3956,1864,4362,12381,3831,10009,171,84,5794,154,6203,2015,문화재청_궁능유적본부_4대궁_관람객_수_현황_2015년.csv
2015-01-25,2015,1,25,6,일,1,0,0,0,0,17.0,16.0,8.0,7.0,14198,3670,1479,2500,11441,2757,9762,68,168,4175,25,4436,2015,문화재청_궁능유적본부_4대궁_관람객_수_현황_2015년.csv
2015-01-26,2015,1,26,0,월,0,0,0,3,0,17.0,16.0,8.0,7.0,10938,0,0,0,8820,2118,7762,120,67,2917,72,3176,2015,문화재청_궁능유적본부_4대궁_관람객_수_현황_2015년.csv
2015-01-27,2015,1,27,1,화,0,1,1,0,0,17.0,16.0,8.0,7.0,0,3265,803,2560,0,0,0,0,0,0,0,0,2015,문화재청_궁능유적본부_4대궁_관람객_수_현황_2015년.csv
2015-01-28,2015,1,28,2,수,0,0,0,1,0,17.0,16.0,8.0,7.0,18684,2569,0,2219,0,18684,11858,0,0,0,6826,6826,2015,문화재청_궁능유적본부_4대궁_관람객_수_현황_2015년.csv
2015-01-29,2015,1,29,3,목,0,0,0,0,0,17.0,16.0,8.0,7.0,12151,1980,801,1802,9912,2239,7935,92,151,3920,53,4216,2015,문화재청_궁능유적본부_4대궁_관람객_수_현황_2015년.csv
2015-01-30,2015,1,30,4,금,0,0,0,0,0,17.0,16.0,8.0,7.0,12075,1695,505,1648,9796,2279,4960,85,38,6951,41,7115,2015,문화재청_궁능유적본부_4대궁_관람객_수_현황_2015년.csv
2015-01-31,2015,1,31,5,토,1,0,0,0,0,17.0,16.0,8.0,7.0,15610,2949,1298,2963,12409,3201,10462,143,66,4835,104,5148,2015,문화재청_궁능유적본부_4대궁_관람객_수_현황_2015년.csv
2015-02-01,2015,2,1,6,일,1,0,0,0,0,17.0,16.0,8.0,7.0,15196,3016,1292,2636,12639,2557,10207,186,145,4461,197,4989,2015,문화재청_궁능유적본부_4대궁_관람객_수_현황_2015년.csv
2015-02-02,2015,2,2,0,월,0,0,0,3,0,17.0,16.0,8.0,7.0,11935,0,0,0,10508,1427,7388,148,141,4205,53,4547,2015,문화재청_궁능유적본부_4대궁_관람객_수_현황_2015년.csv
2015-02-03,2015,2,3,1,화,0,1,1,0,0,17.0,16.0,8.0,7.0,0,3393,1045,2078,0,0,0,0,0,0,0,0,2015,문화재청_궁능유적본부_4대궁_관람객_수_현황_2015년.csv
2015-02-04,2015,2,4,2,수,0,0,0,0,0,17.0,16.0,8.0,7.0,16628,2058,962,1520,14282,2346,9933,34,35,6587,39,6695,2015,문화재청_궁능유적본부_4대궁_관람객_수_현황_2015년.csv
2015-02-05,2015,2,5,3,목,0,0,0,0,0,17.0,16.0,8.0,7.0,13154,1672,783,1399,11669,1485,7564,153,138,5153,146,5590,2015,문화재청_궁능유적본부_4대궁_관람객_수_현황_2015년.csv
2015-02-06,2015,2,6,4,금,0,0,0,0,0,17.0,16.0,8.0,7.0,14706,1862,760,2020,12625,2081,4678,163,96,9495,274,10028,2015,문화재청_궁능유적본부_4대궁_관람객_수_현황_2015년.csv
2015-02-07,2015,2,7,5,토,1,0,0,0,0,17.0,16.0,8.0,7.0,18346,3460,1363,3474,15414,2932,10982,166,164,6727,307,7364,2015,문화재청_궁능유적본부_4대궁_관람객_수_현황_2015년.csv
2015-02-08,2015,2,8,6,일,1,0,0,0,0,17.0,16.0,8.0,7.0,13053,2034,656,1494,11645,1408,7276,116,163,5429,69,5777,2015,문화재청_궁능유적본부_4대궁_관람객_수_현황_2015년.csv
2015-02-09,2015,2,9,0,월,0,0,0,3,0,17.0,16.0,8.0,7.0,13426,0,0,0,11478,1948,6608,120,166,6432,100,6818,2015,문화재청_궁능유적본부_4대궁_관람객_수_현황_2015년.csv
2015-02-10,2015,2,10,1,화,0,1,1,0,0,17.0,16.0,8.0,7.0,0,3162,2934,2717,0,0,0,0,0,0,0,0,2015,문화재청_궁능유적본부_4대궁_관람객_수_현황_2015년.csv
2015-02-11,2015,2,11,2,수,0,0,0,0,0,17.0,16.0,8.0,7.0,16489,2289,2934,1576,14204,2285,13834,120,76,2361,98,2655,2015,문화재청_궁능유적본부_4대궁_관람객_수_현황_2015년.csv
2015-02-12,2015,2,12,3,목,0,0,0,0,0,17.0,16.0,8.0,7.0,14130,1743,2729,1547,12631,1499,7149,89,54,6689,149,6981,2015,문화재청_궁능유적본부_4대궁_관람객_수_현황_2015년.csv
2015-02-13,2015,2,13,4,금,0,0,0,0,0,17.0,16.0,8.0,7.0,12222,1989,2762,1487,10800,1422,10608,109,65,1375,65,1614,2015,문화재청_궁능유적본부_4대궁_관람객_수_현황_2015년.csv
2015-02-14,2015,2,14,5,토,1,0,0,0,0,17.0,16.0,8.0,7.0,16557,3614,3550,3259,13668,2889,10896,73,148,5363,77,5661,2015,문화재청_궁능유적본부_4대궁_관람객_수_현황_2015년.csv
2015-02-15,2015,2,15,6,일,1,0,0,0,0,17.0,16.0,8.0,7.0,15665,3731,3900,3204,12880,2785,9455,251,189,5620,150,6210,2015,문화재청_궁능유적본부_4대궁_관람객_수_현황_2015년.csv
2015-02-16,2015,2,16,0,월,0,0,0,3,0,17.0,16.0,8.0,7.0,7381,0,0,0,6705,676,4279,126,70,2847,59,3102,2015,문화재청_궁능유적본부_4대궁_관람객_수_현황_2015년.csv
2015-02-17,2015,2,17,1,화,0,1,1,0,0,17.0,16.0,8.0,7.0,0,2053,524,1903,0,0,0,0,0,0,0,0,2015,문화재청_궁능유적본부_4대궁_관람객_수_현황_2015년.csv
2015-02-18,2015,2,18,2,수,0,0,0,0,1,17.0,16.0,8.0,7.0,16614,2991,1139,2565,14065,2549,12987,193,161,3025,248,3627,2015,문화재청_궁능유적본부_4대궁_관람객_수_현황_2015년.csv
2015-02-19,2015,2,19,3,목,0,0,0,0,1,17.0,16.0,8.0,7.0,49408,11409,9900,12354,0,49408,41117,0,0,0,8291,8291,2015,문화재청_궁능유적본부_4대궁_관람객_수_현황_2015년.csv
2015-02-20,2015,2,20,4,금,0,0,0,0,1,17.0,16.0,8.0,7.0,40315,10187,6858,8572,26867,13448,31249,300,215,8200,351,9066,2015,문화재청_궁능유적본부_4대궁_관람객_수_현황_2015년.csv
2015-02-21,2015,2,21,5,토,1,0,0,0,0,17.0,16.0,8.0,7.0,15505,3227,840,2420,13126,2379,10344,148,92,4863,58,5161,2015,문화재청_궁능유적본부_4대궁_관람객_수_현황_2015년.csv
2015-02-22,2015,2,22,6,일,1,0,0,0,0,17.0,16.0,8.0,7.0,18774,3362,1473,3190,15853,2921,9104,188,168,9084,230,9670,2015,문화재청_궁능유적본부_4대궁_관람객_수_현황_2015년.csv
2015-02-23,2015,2,23,0,월,0,0,0,3,0,17.0,16.0,8.0,7.0,13170,0,0,0,11415,1755,5164,197,97,7472,240,8006,2015,문화재청_궁능유적본부_4대궁_관람객_수_현황_2015년.csv
2015-02-24,2015,2,24,1,화,0,1,1,0,0,17.0,16.0,8.0,7.0,0,4122,1124,3643,0,0,0,0,0,0,0,0,2015,문화재청_궁능유적본부_4대궁_관람객_수_현황_2015년.csv
2015-02-25,2015,2,25,2,수,0,0,0,0,0,17.0,16.0,8.0,7.0,21755,5568,2899,4726,0,21755,12541,0,0,0,9214,9214,2015,문화재청_궁능유적본부_4대궁_관람객_수_현황_2015년.csv
2015-02-26,2015,2,26,3,목,0,0,0,0,0,17.0,16.0,8.0,7.0,13626,2228,842,1666,11312,2314,5741,109,325,7420,31,7885,2015,문화재청_궁능유적본부_4대궁_관람객_수_현황_2015년.csv
2015-02-27,2015,2,27,4,금,0,0,0,0,0,17.0,16.0,8.0,7.0,13886,2403,786,1630,11713,2173,6017,99,192,7463,115,7869,2015,문화재청_궁능유적본부_4대궁_관람객_수_현황_2015년.csv
2015-02-28,2015,2,28,5,토,1,0,0,0,0,17.0,16.0,8.0,7.0,16493,3611,1416,3445,12711,3782,9033,265,234,6722,239,7460,2015,문화재청_궁능유적본부_4대궁_관람객_수_현황_2015년.csv
2015-03-01,2015,3,1,6,일,1,0,0,0,1,18.0,17.0,9.0,8.0,13880,3073,992,2006,11627,2253,8624,131,127,4614,384,5256,2015,문화재청_궁능유적본부_4대궁_관람객_수_현황_2015년.csv
2015-03-02,2015,3,2,0,월,0,0,0,3,0,18.0,17.0,9.0,8.0,9945,0,0,0,8706,1239,6293,261,406,2859,126,3652,2015,문화재청_궁능유적본부_4대궁_관람객_수_현황_2015년.csv
2015-03-03,2015,3,3,1,화,0,1,1,0,0,18.0,17.0,9.0,8.0,0,2234,371,1104,0,0,0,0,0,0,0,0,2015,문화재청_궁능유적본부_4대궁_관람객_수_현황_2015년.csv
2015-03-04,2015,3,4,2,수,0,0,0,0,0,18.0,17.0,9.0,8.0,10186,1624,419,723,9162,1024,4337,243,258,5191,157,5849,2015,문화재청_궁능유적본부_4대궁_관람객_수_현황_2015년.csv
2015-03-05,2015,3,5,3,목,0,0,0,0,0,18.0,17.0,9.0,8.0,8416,1659,553,952,7317,1099,3077,219,170,4746,204,5339,2015,문화재청_궁능유적본부_4대궁_관람객_수_현황_2015년.csv
2015-03-06,2015,3,6,4,금,0,0,0,0,0,18.0,17.0,9.0,8.0,9954,2293,802,1808,8731,1223,4619,120,126,4964,125,5335,2015,문화재청_궁능유적본부_4대궁_관람객_수_현황_2015년.csv
2015-03-07,2015,3,7,5,토,1,0,0,0,0,18.0,17.0,9.0,8.0,18340,4866,2550,4320,13167,5173,14751,281,254,2742,312,3589,2015,문화재청_궁능유적본부_4대궁_관람객_수_현황_2015년.csv
2015-03-08,2015,3,8,6,일,1,0,0,0,0,18.0,17.0,9.0,8.0,18286,5738,2949,3822,13781,4505,14600,298,224,2791,373,3686,2015,문화재청_궁능유적본부_4대궁_관람객_수_현황_2015년.csv
2015-03-09,2015,3,9,0,월,0,0,0,3,0,18.0,17.0,9.0,8.0,7989,0,0,0,7026,963,6228,101,162,1285,213,1761,2015,문화재청_궁능유적본부_4대궁_관람객_수_현황_2015년.csv
2015-03-10,2015,3,10,1,화,0,1,1,0,0,18.0,17.0,9.0,8.0,0,2616,352,1180,0,0,0,0,0,0,0,0,2015,문화재청_궁능유적본부_4대궁_관람객_수_현황_2015년.csv
2015-03-11,2015,3,11,2,수,0,0,0,0,0,18.0,17.0,9.0,8.0,9897,1627,520,1561,9138,759,7262,202,191,2071,171,2635,2015,문화재청_궁능유적본부_4대궁_관람객_수_현황_2015년.csv
2015-03-12,2015,3,12,3,목,0,0,0,0,0,18.0,17.0,9.0,8.0,8730,1620,569,958,7865,865,7179,127,257,1003,164,1551,2015,문화재청_궁능유적본부_4대궁_관람객_수_현황_2015년.csv
2015-03-13,2015,3,13,4,금,0,0,0,0,0,18.0,17.0,9.0,8.0,11218,2117,944,2713,10060,1158,7273,262,233,3402,48,3945,2015,문화재청_궁능유적본부_4대궁_관람객_수_현황_2015년.csv
2015-03-14,2015,3,14,5,토,1,0,0,0,0,18.0,17.0,9.0,8.0,19037,5555,2723,4448,15413,3624,16268,385,280,1928,176,2769,2015,문화재청_궁능유적본부_4대궁_관람객_수_현황_2015년.csv
2015-03-15,2015,3,15,6,일,1,0,0,0,0,18.0,17.0,9.0,8.0,15627,4986,2584,3857,12954,2673,11960,248,143,2923,353,3667,2015,문화재청_궁능유적본부_4대궁_관람객_수_현황_2015년.csv
2015-03-16,2015,3,16,0,월,0,0,0,3,0,18.0,17.0,9.0,8.0,11322,0,0,0,9945,1377,7257,222,327,3141,375,4065,2015,문화재청_궁능유적본부_4대궁_관람객_수_현황_2015년.csv
2015-03-17,2015,3,17,1,화,0,1,1,0,0,18.0,17.0,9.0,8.0,0,3374,909,2398,0,0,0,0,0,0,0,0,2015,문화재청_궁능유적본부_4대궁_관람객_수_현황_2015년.csv
2015-03-18,2015,3,18,2,수,0,0,0,0,0,18.0,17.0,9.0,8.0,11694,1694,490,1076,10548,1146,10525,71,58,1022,18,1169,2015,문화재청_궁능유적본부_4대궁_관람객_수_현황_2015년.csv
2015-03-19,2015,3,19,3,목,0,0,0,0,0,18.0,17.0,9.0,8.0,11447,2905,1378,2382,9843,1604,9669,206,219,1128,225,1778,2015,문화재청_궁능유적본부_4대궁_관람객_수_현황_2015년.csv
2015-03-20,2015,3,20,4,금,0,0,0,0,0,18.0,17.0,9.0,8.0,12461,3447,1331,2149,10967,1494,6859,120,286,4638,558,5602,2015,문화재청_궁능유적본부_4대궁_관람객_수_현황_2015년.csv
2015-03-21,2015,3,21,5,토,1,0,0,0,0,18.0,17.0,9.0,8.0,23998,6334,3083,5918,18701,5297,17079,480,245,5481,713,6919,2015,문화재청_궁능유적본부_4대궁_관람객_수_현황_2015년.csv
2015-03-22,2015,3,22,6,일,1,0,0,0,0,18.0,17.0,9.0,8.0,20787,5566,2097,3208,14951,5836,13883,297,246,6088,273,6904,2015,문화재청_궁능유적본부_4대궁_관람객_수_현황_2015년.csv
2015-03-23,2015,3,23,0,월,0,0,0,3,0,18.0,17.0,9.0,8.0,13761,0,0,0,10870,2891,9441,416,220,3408,276,4320,2015,문화재청_궁능유적본부_4대궁_관람객_수_현황_2015년.csv
2015-03-24,2015,3,24,1,화,0,1,1,0,0,18.0,17.0,9.0,8.0,0,4774,1174,2908,0,0,0,0,0,0,0,0,2015,문화재청_궁능유적본부_4대궁_관람객_수_현황_2015년.csv
2015-03-25,2015,3,25,2,수,0,0,0,1,0,18.0,17.0,9.0,8.0,22570,5607,0,3511,0,22570,17301,0,0,0,5269,5269,2015,문화재청_궁능유적본부_4대궁_관람객_수_현황_2015년.csv
2015-03-26,2015,3,26,3,목,0,0,0,0,0,18.0,17.0,9.0,8.0,15117,2822,1397,1862,12525,2592,7679,202,267,6712,257,7438,2015,문화재청_궁능유적본부_4대궁_관람객_수_현황_2015년.csv
2015-03-27,2015,3,27,4,금,0,0,0,0,0,18.0,17.0,9.0,8.0,15682,3462,1565,2481,13224,2458,9941,154,215,5116,256,5741,2015,문화재청_궁능유적본부_4대궁_관람객_수_현황_2015년.csv
2015-03-28,2015,3,28,5,토,1,0,0,0,0,18.0,17.0,9.0,8.0,25386,7227,3625,6185,18793,6593,20294,276,306,4224,286,5092,2015,문화재청_궁능유적본부_4대궁_관람객_수_현황_2015년.csv
2015-03-29,2015,3,29,6,일,1,0,0,0,0,18.0,17.0,9.0,8.0,24484,5922,2828,3450,19121,5363,18717,317,271,4940,239,5767,2015,문화재청_궁능유적본부_4대궁_관람객_수_현황_2015년.csv
2015-03-30,2015,3,30,0,월,0,0,0,3,0,18.0,17.0,9.0,8.0,15900,0,0,0,11998,3902,10906,245,240,4368,141,4994,2015,문화재청_궁능유적본부_4대궁_관람객_수_현황_2015년.csv
2015-03-31,2015,3,31,1,화,0,1,1,0,0,18.0,17.0,9.0,8.0,0,4901,1338,3563,0,0,0,0,0,0,0,0,2015,문화재청_궁능유적본부_4대궁_관람객_수_현황_2015년.csv
2015-04-01,2015,4,1,2,수,0,0,0,0,0,18.0,17.0,9.0,8.0,19054,4543,2042,2072,15398,3656,16392,231,282,2097,52,2662,2015,문화재청_궁능유적본부_4대궁_관람객_수_현황_2015년.csv
2015-04-02,2015,4,2,3,목,0,0,0,0,0,18.0,17.0,9.0,8.0,17598,4132,1652,2066,12298,5300,11388,396,498,4859,457,6210,2015,문화재청_궁능유적본부_4대궁_관람객_수_현황_2015년.csv
2015-04-03,2015,4,3,4,금,0,0,0,0,0,18.0,17.0,9.0,8.0,17371,4028,2294,2714,13608,3763,10679,531,279,5578,304,6692,2015,문화재청_궁능유적본부_4대궁_관람객_수_현황_2015년.csv
2015-04-04,2015,4,4,5,토,1,0,0,0,0,18.0,17.0,9.0,8.0,25646,8698,4740,5922,19236,6410,22229,666,377,2190,184,3417,2015,문화재청_궁능유적본부_4대궁_관람객_수_현황_2015년.csv
2015-04-05,2015,4,5,6,일,1,0,0,0,0,18.0,17.0,9.0,8.0,18242,5369,2236,3048,14933,3309,10172,394,206,7115,355,8070,2015,문화재청_궁능유적본부_4대궁_관람객_수_현황_2015년.csv
2015-04-06,2015,4,6,0,월,0,0,0,3,0,18.0,17.0,9.0,8.0,19513,0,0,0,15432,4081,10848,370,147,7534,614,8665,2015,문화재청_궁능유적본부_4대궁_관람객_수_현황_2015년.csv
2015-04-07,2015,4,7,1,화,0,1,1,0,0,18.0,17.0,9.0,8.0,0,7426,2228,3912,0,0,0,0,0,0,0,0,2015,문화재청_궁능유적본부_4대궁_관람객_수_현황_2015년.csv
2015-04-08,2015,4,8,2,수,0,0,0,0,0,18.0,17.0,9.0,8.0,23387,5475,2976,3978,15342,8045,16161,562,105,6132,427,7226,2015,문화재청_궁능유적본부_4대궁_관람객_수_현황_2015년.csv
2015-04-09,2015,4,9,3,목,0,0,0,0,0,18.0,17.0,9.0,8.0,19361,6700,3399,4361,13074,6287,13183,454,161,4912,651,6178,2015,문화재청_궁능유적본부_4대궁_관람객_수_현황_2015년.csv
2015-04-10,2015,4,10,4,금,0,0,0,0,0,18.0,17.0,9.0,8.0,21611,7227,4995,6094,15233,6378,15900,315,35,5311,50,5711,2015,문화재청_궁능유적본부_4대궁_관람객_수_현황_2015년.csv
2015-04-11,2015,4,11,5,토,1,0,0,0,0,18.0,17.0,9.0,8.0,31460,12548,9443,11434,23333,8127,23576,448,92,5885,1459,7884,2015,문화재청_궁능유적본부_4대궁_관람객_수_현황_2015년.csv
2015-04-12,2015,4,12,6,일,1,0,0,0,0,18.0,17.0,9.0,8.0,30051,10443,7242,9719,23098,6953,19441,218,75,10092,225,10610,2015,문화재청_궁능유적본부_4대궁_관람객_수_현황_2015년.csv
2015-04-13,2015,4,13,0,월,0,0,0,3,0,18.0,17.0,9.0,8.0,22361,0,0,0,14846,7515,13184,346,296,8364,171,9177,2015,문화재청_궁능유적본부_4대궁_관람객_수_현황_2015년.csv
2015-04-14,2015,4,14,1,화,0,1,1,0,0,18.0,17.0,9.0,8.0,0,7741,1536,3252,0,0,0,0,0,0,0,0,2015,문화재청_궁능유적본부_4대궁_관람객_수_현황_2015년.csv
2015-04-15,2015,4,15,2,수,0,0,0,0,0,18.0,17.0,9.0,8.0,28401,6134,2999,3551,19563,8838,18784,325,105,8694,493,9617,2015,문화재청_궁능유적본부_4대궁_관람객_수_현황_2015년.csv
2015-04-16,2015,4,16,3,목,0,0,0,0,0,18.0,17.0,9.0,8.0,18787,4025,1423,1765,12352,6435,9370,94,85,8881,357,9417,2015,문화재청_궁능유적본부_4대궁_관람객_수_현황_2015년.csv
2015-04-17,2015,4,17,4,금,0,0,0,0,0,18.0,17.0,9.0,8.0,26055,6922,3778,4720,17117,8938,13630,249,136,11884,156,12425,2015,문화재청_궁능유적본부_4대궁_관람객_수_현황_2015년.csv
2015-04-18,2015,4,18,5,토,1,0,0,0,0,18.0,17.0,9.0,8.0,27791,10481,5334,6678,22770,5021,15712,282,75,11537,185,12079,2015,문화재청_궁능유적본부_4대궁_관람객_수_현황_2015년.csv
2015-04-19,2015,4,19,6,일,1,0,0,0,0,18.0,17.0,9.0,8.0,17408,3635,1237,2264,15258,2150,9935,365,366,6640,102,7473,2015,문화재청_궁능유적본부_4대궁_관람객_수_현황_2015년.csv
2015-04-20,2015,4,20,0,월,0,0,0,3,0,18.0,17.0,9.0,8.0,21062,0,0,0,15547,5515,13325,227,321,6969,220,7737,2015,문화재청_궁능유적본부_4대궁_관람객_수_현황_2015년.csv
2015-04-21,2015,4,21,1,화,0,1,1,0,0,18.0,17.0,9.0,8.0,0,12166,3260,5853,0,0,0,0,0,0,0,0,2015,문화재청_궁능유적본부_4대궁_관람객_수_현황_2015년.csv
2015-04-22,2015,4,22,2,수,0,0,0,0,0,18.0,17.0,9.0,8.0,27906,6204,2077,3777,18707,9199,18016,559,119,8355,857,9890,2015,문화재청_궁능유적본부_4대궁_관람객_수_현황_2015년.csv
2015-04-23,2015,4,23,3,목,0,0,0,0,0,18.0,17.0,9.0,8.0,28115,6068,2152,2895,16652,11463,20779,351,225,6236,524,7336,2015,문화재청_궁능유적본부_4대궁_관람객_수_현황_2015년.csv
2015-04-24,2015,4,24,4,금,0,0,0,0,0,18.0,17.0,9.0,8.0,25422,6057,2447,3894,17149,8273,11042,687,369,13028,296,14380,2015,문화재청_궁능유적본부_4대궁_관람객_수_현황_2015년.csv
2015-04-25,2015,4,25,5,토,1,0,0,0,0,18.0,17.0,9.0,8.0,29127,8294,4797,7022,21792,7335,15985,472,241,11901,528,13142,2015,문화재청_궁능유적본부_4대궁_관람객_수_현황_2015년.csv
2015-04-26,2015,4,26,6,일,1,0,0,0,0,18.0,17.0,9.0,8.0,27856,7430,4241,5689,23651,4205,22476,196,110,4852,222,5380,2015,문화재청_궁능유적본부_4대궁_관람객_수_현황_2015년.csv
2015-04-27,2015,4,27,0,월,0,0,0,3,0,18.0,17.0,9.0,8.0,22021,0,0,0,15809,6212,18881,273,159,2617,91,3140,2015,문화재청_궁능유적본부_4대궁_관람객_수_현황_2015년.csv
2015-04-28,2015,4,28,1,화,0,1,1,0,0,18.0,17.0,9.0,8.0,0,11214,3186,5762,0,0,0,0,0,0,0,0,2015,문화재청_궁능유적본부_4대궁_관람객_수_현황_2015년.csv
2015-04-29,2015,4,29,2,수,0,0,0,0,0,18.0,17.0,9.0,8.0,26877,7508,3218,4460,0,26877,14444,0,0,0,12433,12433,2015,문화재청_궁능유적본부_4대궁_관람객_수_현황_2015년.csv
2015-04-30,2015,4,30,3,목,0,0,0,0,0,18.0,17.0,9.0,8.0,24403,5255,3240,3381,14207,10196,21374,171,114,2504,240,3029,2015,문화재청_궁능유적본부_4대궁_관람객_수_현황_2015년.csv
2015-05-01,2015,5,1,4,금,0,0,0,0,0,18.0,17.0,9.0,8.0,30014,8020,4495,5941,21840,8174,24332,397,104,4693,488,5682,2015,문화재청_궁능유적본부_4대궁_관람객_수_현황_2015년.csv
2015-05-02,2015,5,2,5,토,1,0,0,0,0,18.0,17.0,9.0,8.0,35847,12265,6986,7766,25332,10515,32315,455,159,2614,304,3532,2015,문화재청_궁능유적본부_4대궁_관람객_수_현황_2015년.csv
2015-05-03,2015,5,3,6,일,1,0,0,0,0,18.0,17.0,9.0,8.0,24204,9357,4857,4645,17344,6860,18264,268,134,3964,1574,5940,2015,문화재청_궁능유적본부_4대궁_관람객_수_현황_2015년.csv
2015-05-04,2015,5,4,0,월,0,0,0,0,0,18.0,17.0,9.0,8.0,28699,9450,5069,4506,20150,8549,19044,486,443,8107,619,9655,2015,문화재청_궁능유적본부_4대궁_관람객_수_현황_2015년.csv
2015-05-05,2015,5,5,1,화,0,1,0,0,1,18.0,17.0,9.0,8.0,30706,20401,9321,8052,11147,19559,27755,196,138,2513,104,2951,2015,문화재청_궁능유적본부_4대궁_관람객_수_현황_2015년.csv
2015-05-06,2015,5,6,2,수,0,0,0,0,0,18.0,17.0,9.0,8.0,18347,6110,4714,2634,10240,8107,11074,185,115,6677,296,7273,2015,문화재청_궁능유적본부_4대궁_관람객_수_현황_2015년.csv
2015-05-07,2015,5,7,3,목,0,0,0,0,0,18.0,17.0,9.0,8.0,17875,8598,5150,2680,10037,7838,14207,35,5,3582,46,3668,2015,문화재청_궁능유적본부_4대궁_관람객_수_현황_2015년.csv
2015-05-08,2015,5,8,4,금,0,0,0,0,0,18.0,17.0,9.0,8.0,18857,8036,5424,3719,10917,7940,11137,267,114,6880,459,7720,2015,문화재청_궁능유적본부_4대궁_관람객_수_현황_2015년.csv
2015-05-09,2015,5,9,5,토,1,0,0,0,0,18.0,17.0,9.0,8.0,25054,12168,5836,6851,18083,6971,17828,446,116,5903,761,7226,2015,문화재청_궁능유적본부_4대궁_관람객_수_현황_2015년.csv
2015-05-10,2015,5,10,6,일,1,0,0,0,0,18.0,17.0,9.0,8.0,21546,7711,5800,6200,16594,4952,15808,371,177,4974,216,5738,2015,문화재청_궁능유적본부_4대궁_관람객_수_현황_2015년.csv
2015-05-11,2015,5,11,0,월,0,0,0,3,0,18.0,17.0,9.0,8.0,18712,0,0,0,12140,6572,12404,564,217,5120,407,6308,2015,문화재청_궁능유적본부_4대궁_관람객_수_현황_2015년.csv
2015-05-12,2015,5,12,1,화,0,1,1,0,0,18.0,17.0,9.0,8.0,0,11325,4793,3420,0,0,0,0,0,0,0,0,2015,문화재청_궁능유적본부_4대궁_관람객_수_현황_2015년.csv
2015-05-13,2015,5,13,2,수,0,0,0,0,0,18.0,17.0,9.0,8.0,25282,7674,5391,3771,16644,8638,17978,302,94,6817,91,7304,2015,문화재청_궁능유적본부_4대궁_관람객_수_현황_2015년.csv
2015-05-14,2015,5,14,3,목,0,0,0,0,0,18.0,17.0,9.0,8.0,22054,6452,4804,3552,13583,8471,18722,484,203,2483,162,3332,2015,문화재청_궁능유적본부_4대궁_관람객_수_현황_2015년.csv
2015-05-15,2015,5,15,4,금,0,0,0,0,0,18.0,17.0,9.0,8.0,19855,6807,2845,4097,13304,6551,9945,446,122,9136,206,9910,2015,문화재청_궁능유적본부_4대궁_관람객_수_현황_2015년.csv
2015-05-16,2015,5,16,5,토,1,0,0,0,0,18.0,17.0,9.0,8.0,26206,7975,3510,6775,19426,6780,19529,553,170,5610,344,6677,2015,문화재청_궁능유적본부_4대궁_관람객_수_현황_2015년.csv
2015-05-17,2015,5,17,6,일,1,0,0,0,0,18.0,17.0,9.0,8.0,21604,6536,2860,5218,17757,3847,15757,201,148,5352,146,5847,2015,문화재청_궁능유적본부_4대궁_관람객_수_현황_2015년.csv
2015-05-18,2015,5,18,0,월,0,0,0,3,0,18.0,17.0,9.0,8.0,19880,0,0,0,14243,5637,15227,161,181,4194,117,4653,2015,문화재청_궁능유적본부_4대궁_관람객_수_현황_2015년.csv
2015-05-19,2015,5,19,1,화,0,1,1,0,0,18.0,17.0,9.0,8.0,0,8105,2347,3237,0,0,0,0,0,0,0,0,2015,문화재청_궁능유적본부_4대궁_관람객_수_현황_2015년.csv
2015-05-20,2015,5,20,2,수,0,0,0,0,0,18.0,17.0,9.0,8.0,27093,5087,2544,3655,16043,11050,19965,180,196,6415,337,7128,2015,문화재청_궁능유적본부_4대궁_관람객_수_현황_2015년.csv
2015-05-21,2015,5,21,3,목,0,0,0,0,0,18.0,17.0,9.0,8.0,24805,8456,2136,3752,15254,9551,22001,246,164,2194,200,2804,2015,문화재청_궁능유적본부_4대궁_관람객_수_현황_2015년.csv
2015-05-22,2015,5,22,4,금,0,0,0,0,0,18.0,17.0,9.0,8.0,21922,6079,3029,3652,13964,7958,16507,46,40,5284,45,5415,2015,문화재청_궁능유적본부_4대궁_관람객_수_현황_2015년.csv
2015-05-23,2015,5,23,5,토,1,0,0,0,0,18.0,17.0,9.0,8.0,32278,8232,3258,8713,23088,9190,25434,205,122,6240,277,6844,2015,문화재청_궁능유적본부_4대궁_관람객_수_현황_2015년.csv
2015-05-24,2015,5,24,6,일,1,0,0,0,0,18.0,17.0,9.0,8.0,33285,10323,4340,8828,24313,8972,22995,322,224,9567,177,10290,2015,문화재청_궁능유적본부_4대궁_관람객_수_현황_2015년.csv
2015-05-25,2015,5,25,0,월,0,0,0,0,1,18.0,17.0,9.0,8.0,25274,5977,2611,5090,18458,6816,15741,247,92,8932,262,9533,2015,문화재청_궁능유적본부_4대궁_관람객_수_현황_2015년.csv
2015-05-26,2015,5,26,1,화,0,1,1,0,0,18.0,17.0,9.0,8.0,0,4996,1013,3014,0,0,0,0,0,0,0,0,2015,문화재청_궁능유적본부_4대궁_관람객_수_현황_2015년.csv
2015-05-27,2015,5,27,2,수,0,0,0,0,0,18.0,17.0,9.0,8.0,23764,5970,3056,4329,0,23764,16634,0,0,0,7130,7130,2015,문화재청_궁능유적본부_4대궁_관람객_수_현황_2015년.csv
2015-05-28,2015,5,28,3,목,0,0,0,0,0,18.0,17.0,9.0,8.0,17639,3334,1349,2688,11251,6388,8740,296,63,8248,292,8899,2015,문화재청_궁능유적본부_4대궁_관람객_수_현황_2015년.csv
2015-05-29,2015,5,29,4,금,0,0,0,0,0,18.0,17.0,9.0,8.0,19728,3521,1748,8335,13038,6690,10434,223,150,8749,172,9294,2015,문화재청_궁능유적본부_4대궁_관람객_수_현황_2015년.csv
2015-05-30,2015,5,30,5,토,1,0,0,0,0,18.0,17.0,9.0,8.0,18777,4859,1752,11392,15449,3328,8901,246,156,9160,314,9876,2015,문화재청_궁능유적본부_4대궁_관람객_수_현황_2015년.csv
2015-05-31,2015,5,31,6,일,1,0,0,0,0,18.0,17.0,9.0,8.0,21841,4948,2143,4495,17551,4290,17258,379,226,3739,239,4583,2015,문화재청_궁능유적본부_4대궁_관람객_수_현황_2015년.csv
2015-06-01,2015,6,1,0,월,0,0,0,3,0,18.5,17.5,9.5,8.5,14206,0,0,0,11715,2491,11908,415,112,1502,269,2298,2015,문화재청_궁능유적본부_4대궁_관람객_수_현황_2015년.csv
2015-06-02,2015,6,2,1,화,0,1,1,0,0,18.5,17.5,9.5,8.5,0,5756,1438,3404,0,0,0,0,0,0,0,0,2015,문화재청_궁능유적본부_4대궁_관람객_수_현황_2015년.csv
2015-06-03,2015,6,3,2,수,0,0,0,0,0,18.5,17.5,9.5,8.5,14937,2869,855,2247,12635,2302,11510,145,118,3056,108,3427,2015,문화재청_궁능유적본부_4대궁_관람객_수_현황_2015년.csv
2015-06-04,2015,6,4,3,목,0,0,0,0,0,18.5,17.5,9.5,8.5,10012,2091,764,2117,8740,1272,6160,372,68,3257,155,3852,2015,문화재청_궁능유적본부_4대궁_관람객_수_현황_2015년.csv
2015-06-05,2015,6,5,4,금,0,0,0,0,0,18.5,17.5,9.5,8.5,10279,2342,516,1472,9110,1169,7579,331,139,1968,262,2700,2015,문화재청_궁능유적본부_4대궁_관람객_수_현황_2015년.csv
2015-06-06,2015,6,6,5,토,1,0,0,0,1,18.5,17.5,9.5,8.5,15315,3668,1341,3013,13202,2113,12981,439,118,1626,151,2334,2015,문화재청_궁능유적본부_4대궁_관람객_수_현황_2015년.csv
2015-06-07,2015,6,7,6,일,1,0,0,0,0,18.5,17.5,9.5,8.5,9400,3125,1065,2559,8258,1142,6615,269,56,2384,76,2785,2015,문화재청_궁능유적본부_4대궁_관람객_수_현황_2015년.csv
2015-06-08,2015,6,8,0,월,0,0,0,3,0,18.5,17.5,9.5,8.5,6568,0,0,0,5734,834,4340,237,122,1752,117,2228,2015,문화재청_궁능유적본부_4대궁_관람객_수_현황_2015년.csv
2015-06-09,2015,6,9,1,화,0,1,1,0,0,18.5,17.5,9.5,8.5,0,2510,689,1706,0,0,0,0,0,0,0,0,2015,문화재청_궁능유적본부_4대궁_관람객_수_현황_2015년.csv
2015-06-10,2015,6,10,2,수,0,0,0,0,0,18.5,17.5,9.5,8.5,5266,1591,583,1206,4651,615,4784,127,20,270,65,482,2015,문화재청_궁능유적본부_4대궁_관람객_수_현황_2015년.csv
2015-06-11,2015,6,11,3,목,0,0,0,0,0,18.5,17.5,9.5,8.5,4289,1356,534,1051,3731,558,2507,284,41,1408,49,1782,2015,문화재청_궁능유적본부_4대궁_관람객_수_현황_2015년.csv
2015-06-12,2015,6,12,4,금,0,0,0,0,0,18.5,17.5,9.5,8.5,3451,1757,552,1346,2957,494,2373,265,54,688,71,1078,2015,문화재청_궁능유적본부_4대궁_관람객_수_현황_2015년.csv
2015-06-13,2015,6,13,5,토,1,0,0,0,0,18.5,17.5,9.5,8.5,5557,2877,1006,1942,4620,937,4778,214,26,466,73,779,2015,문화재청_궁능유적본부_4대궁_관람객_수_현황_2015년.csv
2015-06-14,2015,6,14,6,일,1,0,0,0,0,18.5,17.5,9.5,8.5,4611,2753,948,1887,3690,921,3646,202,48,523,192,965,2015,문화재청_궁능유적본부_4대궁_관람객_수_현황_2015년.csv
2015-06-15,2015,6,15,0,월,0,0,0,3,0,18.5,17.5,9.5,8.5,2784,0,0,0,2381,403,2094,261,42,351,36,690,2015,문화재청_궁능유적본부_4대궁_관람객_수_현황_2015년.csv
2015-06-16,2015,6,16,1,화,0,1,1,0,0,18.5,17.5,9.5,8.5,0,1970,647,1211,0,0,0,0,0,0,0,0,2015,문화재청_궁능유적본부_4대궁_관람객_수_현황_2015년.csv
2015-06-17,2015,6,17,2,수,0,0,0,0,0,18.5,17.5,9.5,8.5,2383,1451,498,881,1828,555,1973,181,26,177,26,410,2015,문화재청_궁능유적본부_4대궁_관람객_수_현황_2015년.csv
2015-06-18,2015,6,18,3,목,0,0,0,0,0,18.5,17.5,9.5,8.5,2533,1459,526,1086,1983,550,1887,286,44,269,47,646,2015,문화재청_궁능유적본부_4대궁_관람객_수_현황_2015년.csv
2015-06-19,2015,6,19,4,금,0,0,0,0,0,18.5,17.5,9.5,8.5,3176,1883,561,1082,2388,788,2096,593,24,387,76,1080,2015,문화재청_궁능유적본부_4대궁_관람객_수_현황_2015년.csv
2015-06-20,2015,6,20,5,토,1,0,0,0,0,18.5,17.5,9.5,8.5,1874,1185,335,992,1479,395,1555,97,11,183,28,319,2015,문화재청_궁능유적본부_4대궁_관람객_수_현황_2015년.csv
2015-06-21,2015,6,21,6,일,1,0,0,0,0,18.5,17.5,9.5,8.5,6009,3345,1343,2328,4308,1701,5511,184,36,164,114,498,2015,문화재청_궁능유적본부_4대궁_관람객_수_현황_2015년.csv
2015-06-22,2015,6,22,0,월,0,0,0,3,0,18.5,17.5,9.5,8.5,2856,0,0,0,2220,636,2612,106,4,128,6,244,2015,문화재청_궁능유적본부_4대궁_관람객_수_현황_2015년.csv
2015-06-23,2015,6,23,1,화,0,1,1,0,0,18.5,17.5,9.5,8.5,0,2136,797,1611,0,0,0,0,0,0,0,0,2015,문화재청_궁능유적본부_4대궁_관람객_수_현황_2015년.csv
2015-06-24,2015,6,24,2,수,0,0,0,0,0,18.5,17.5,9.5,8.5,3733,2831,1579,2295,0,3733,2987,0,0,0,746,746,2015,문화재청_궁능유적본부_4대궁_관람객_수_현황_2015년.csv
2015-06-25,2015,6,25,3,목,0,0,0,0,0,18.5,17.5,9.5,8.5,2545,1380,643,1371,1801,744,2153,156,18,156,62,392,2015,문화재청_궁능유적본부_4대궁_관람객_수_현황_2015년.csv
2015-06-26,2015,6,26,4,금,0,0,0,0,0,18.5,17.5,9.5,8.5,2351,1376,528,1136,1890,461,1757,130,3,384,77,594,2015,문화재청_궁능유적본부_4대궁_관람객_수_현황_2015년.csv
2015-06-27,2015,6,27,5,토,1,0,0,0,0,18.5,17.5,9.5,8.5,5858,3328,1390,2501,4501,1357,5406,148,20,244,40,452,2015,문화재청_궁능유적본부_4대궁_관람객_수_현황_2015년.csv
2015-06-28,2015,6,28,6,일,1,0,0,0,0,18.5,17.5,9.5,8.5,4576,2639,1220,1537,3546,1030,3880,321,61,224,90,696,2015,문화재청_궁능유적본부_4대궁_관람객_수_현황_2015년.csv
2015-06-29,2015,6,29,0,월,0,0,0,3,0,18.5,17.5,9.5,8.5,2432,0,0,0,1777,655,2087,175,14,120,36,345,2015,문화재청_궁능유적본부_4대궁_관람객_수_현황_2015년.csv
2015-06-30,2015,6,30,1,화,0,1,0,0,0,18.5,17.5,9.5,8.5,39845,1768,901,1310,39845,0,39845,0,0,0,0,0,2015,문화재청_궁능유적본부_4대궁_관람객_수_현황_2015년.csv
2015-07-01,2015,7,1,2,수,0,0,0,0,0,18.5,17.5,9.5,8.5,4096,2597,1520,2668,0,4096,2686,795,133,166,316,1410,2015,문화재청_궁능유적본부_4대궁_관람객_수_현황_2015년.csv
2015-07-02,2015,7,2,3,목,0,0,0,0,0,18.5,17.5,9.5,8.5,4905,3197,1706,3178,0,4905,3351,885,107,115,447,1554,2015,문화재청_궁능유적본부_4대궁_관람객_수_현황_2015년.csv
2015-07-03,2015,7,3,4,금,0,0,0,0,0,18.5,17.5,9.5,8.5,4891,3268,2164,3680,0,4891,3371,870,106,110,434,1520,2015,문화재청_궁능유적본부_4대궁_관람객_수_현황_2015년.csv
2015-07-04,2015,7,4,5,토,1,0,0,0,0,18.5,17.5,9.5,8.5,10300,7706,3507,5681,0,10300,8143,1208,124,223,602,2157,2015,문화재청_궁능유적본부_4대궁_관람객_수_현황_2015년.csv
2015-07-05,2015,7,5,6,일,1,0,0,0,0,18.5,17.5,9.5,8.5,10728,6151,3348,4492,0,10728,8784,1035,201,292,416,1944,2015,문화재청_궁능유적본부_4대궁_관람객_수_현황_2015년.csv
2015-07-06,2015,7,6,0,월,0,0,0,3,0,18.5,17.5,9.5,8.5,5297,0,0,0,0,5297,3720,865,121,101,490,1577,2015,문화재청_궁능유적본부_4대궁_관람객_수_현황_2015년.csv
2015-07-07,2015,7,7,1,화,0,1,1,0,0,18.5,17.5,9.5,8.5,0,4751,2519,3950,0,0,0,0,0,0,0,0,2015,문화재청_궁능유적본부_4대궁_관람객_수_현황_2015년.csv
2015-07-08,2015,7,8,2,수,0,0,0,0,0,18.5,17.5,9.5,8.5,5996,3521,2130,3190,0,5996,4323,933,116,109,515,1673,2015,문화재청_궁능유적본부_4대궁_관람객_수_현황_2015년.csv
2015-07-09,2015,7,9,3,목,0,0,0,0,0,18.5,17.5,9.5,8.5,5489,4097,2140,3382,0,5489,3568,1034,113,191,583,1921,2015,문화재청_궁능유적본부_4대궁_관람객_수_현황_2015년.csv
2015-07-10,2015,7,10,4,금,0,0,0,0,0,18.5,17.5,9.5,8.5,6347,3514,2296,3457,0,6347,3436,1661,139,293,818,2911,2015,문화재청_궁능유적본부_4대궁_관람객_수_현황_2015년.csv
2015-07-11,2015,7,11,5,토,1,0,0,0,0,18.5,17.5,9.5,8.5,9350,5049,2671,3847,0,9350,5805,1817,229,993,506,3545,2015,문화재청_궁능유적본부_4대궁_관람객_수_현황_2015년.csv
2015-07-12,2015,7,12,6,일,1,0,0,0,0,18.5,17.5,9.5,8.5,4582,2942,1605,1561,0,4582,3110,799,60,213,400,1472,2015,문화재청_궁능유적본부_4대궁_관람객_수_현황_2015년.csv
2015-07-13,2015,7,13,0,월,0,0,0,3,0,18.5,17.5,9.5,8.5,3648,0,0,0,0,3648,2048,853,98,205,444,1600,2015,문화재청_궁능유적본부_4대궁_관람객_수_현황_2015년.csv
2015-07-14,2015,7,14,1,화,0,1,1,0,0,18.5,17.5,9.5,8.5,0,4919,2572,3266,0,0,0,0,0,0,0,0,2015,문화재청_궁능유적본부_4대궁_관람객_수_현황_2015년.csv
2015-07-15,2015,7,15,2,수,0,0,0,0,0,18.5,17.5,9.5,8.5,4785,2927,1677,2604,0,4785,2383,1026,131,617,628,2402,2015,문화재청_궁능유적본부_4대궁_관람객_수_현황_2015년.csv
2015-07-16,2015,7,16,3,목,0,0,0,0,0,18.5,17.5,9.5,8.5,6001,3948,2054,3983,0,6001,3914,1007,75,386,619,2087,2015,문화재청_궁능유적본부_4대궁_관람객_수_현황_2015년.csv
2015-07-17,2015,7,17,4,금,0,0,0,0,0,18.5,17.5,9.5,8.5,6734,4742,2581,4013,0,6734,4125,1201,186,491,731,2609,2015,문화재청_궁능유적본부_4대궁_관람객_수_현황_2015년.csv
2015-07-18,2015,7,18,5,토,1,0,0,0,0,18.5,17.5,9.5,8.5,14768,7528,4307,6066,0,14768,10624,1432,149,1284,1279,4144,2015,문화재청_궁능유적본부_4대궁_관람객_수_현황_2015년.csv
2015-07-19,2015,7,19,6,일,1,0,0,0,0,18.5,17.5,9.5,8.5,14604,8351,4848,4640,0,14604,9916,1551,206,1423,1508,4688,2015,문화재청_궁능유적본부_4대궁_관람객_수_현황_2015년.csv
2015-07-20,2015,7,20,0,월,0,0,0,3,0,18.5,17.5,9.5,8.5,7761,0,0,0,0,7761,4732,1038,121,1078,792,3029,2015,문화재청_궁능유적본부_4대궁_관람객_수_현황_2015년.csv
2015-07-21,2015,7,21,1,화,0,1,1,0,0,18.5,17.5,9.5,8.5,0,5184,2352,3360,0,0,0,0,0,0,0,0,2015,문화재청_궁능유적본부_4대궁_관람객_수_현황_2015년.csv
2015-07-22,2015,7,22,2,수,0,0,0,0,0,18.5,17.5,9.5,8.5,6345,3953,1622,2868,0,6345,3300,1399,86,1235,325,3045,2015,문화재청_궁능유적본부_4대궁_관람객_수_현황_2015년.csv
2015-07-23,2015,7,23,3,목,0,0,0,0,0,18.5,17.5,9.5,8.5,6643,3363,1433,2511,0,6643,3001,1686,98,1637,221,3642,2015,문화재청_궁능유적본부_4대궁_관람객_수_현황_2015년.csv
2015-07-24,2015,7,24,4,금,0,0,0,0,0,18.5,17.5,9.5,8.5,4347,2657,1067,2075,0,4347,2203,360,61,1488,235,2144,2015,문화재청_궁능유적본부_4대궁_관람객_수_현황_2015년.csv
2015-07-25,2015,7,25,5,토,1,0,0,0,0,18.5,17.5,9.5,8.5,10108,4232,2567,3416,0,10108,6542,1053,174,1599,740,3566,2015,문화재청_궁능유적본부_4대궁_관람객_수_현황_2015년.csv
2015-07-26,2015,7,26,6,일,1,0,0,0,0,18.5,17.5,9.5,8.5,14440,7757,4024,5068,0,14440,10134,1097,111,2358,740,4306,2015,문화재청_궁능유적본부_4대궁_관람객_수_현황_2015년.csv
2015-07-27,2015,7,27,0,월,0,0,0,3,0,18.5,17.5,9.5,8.5,10589,0,0,0,0,10589,6588,1324,298,1893,486,4001,2015,문화재청_궁능유적본부_4대궁_관람객_수_현황_2015년.csv
2015-07-28,2015,7,28,1,화,0,1,1,0,0,18.5,17.5,9.5,8.5,0,7649,3218,5071,0,0,0,0,0,0,0,0,2015,문화재청_궁능유적본부_4대궁_관람객_수_현황_2015년.csv
2015-07-29,2015,7,29,2,수,0,0,0,0,0,18.5,17.5,9.5,8.5,11669,7570,2450,5424,0,11669,6612,1472,305,2738,542,5057,2015,문화재청_궁능유적본부_4대궁_관람객_수_현황_2015년.csv
2015-07-30,2015,7,30,3,목,0,0,0,0,0,18.5,17.5,9.5,8.5,11877,6147,3084,4989,0,11877,6624,1617,166,2249,1221,5253,2015,문화재청_궁능유적본부_4대궁_관람객_수_현황_2015년.csv
2015-07-31,2015,7,31,4,금,0,0,0,0,0,18.5,17.5,9.5,8.5,12747,6279,3380,4866,0,12747,7887,1063,234,2790,773,4860,2015,문화재청_궁능유적본부_4대궁_관람객_수_현황_2015년.csv
2015-08-01,2015,8,1,5,토,1,0,0,0,0,18.5,17.5,9.5,8.5,13375,4570,1852,4454,10000,3375,10640,639,57,1822,217,2735,2015,문화재청_궁능유적본부_4대궁_관람객_수_현황_2015년.csv
2015-08-02,2015,8,2,6,일,1,0,0,0,0,18.5,17.5,9.5,8.5,14235,4794,1770,3863,9721,4514,12334,179,38,1590,94,1901,2015,문화재청_궁능유적본부_4대궁_관람객_수_현황_2015년.csv
2015-08-03,2015,8,3,0,월,0,0,0,3,0,18.5,17.5,9.5,8.5,14868,0,0,0,8980,5888,13652,284,93,728,111,1216,2015,문화재청_궁능유적본부_4대궁_관람객_수_현황_2015년.csv
2015-08-04,2015,8,4,1,화,0,1,1,0,0,18.5,17.5,9.5,8.5,0,6412,1935,4407,0,0,0,0,0,0,0,0,2015,문화재청_궁능유적본부_4대궁_관람객_수_현황_2015년.csv
2015-08-05,2015,8,5,2,수,0,0,0,0,0,18.5,17.5,9.5,8.5,12328,3079,1242,2813,8061,4267,10915,221,43,1018,131,1413,2015,문화재청_궁능유적본부_4대궁_관람객_수_현황_2015년.csv
2015-08-06,2015,8,6,3,목,0,0,0,0,0,18.5,17.5,9.5,8.5,8656,2616,914,2708,5823,2833,7634,102,66,634,220,1022,2015,문화재청_궁능유적본부_4대궁_관람객_수_현황_2015년.csv
2015-08-07,2015,8,7,4,금,0,0,0,0,0,18.5,17.5,9.5,8.5,6478,2166,891,2167,4461,2017,4361,217,52,1777,71,2117,2015,문화재청_궁능유적본부_4대궁_관람객_수_현황_2015년.csv
2015-08-08,2015,8,8,5,토,1,0,0,0,0,18.5,17.5,9.5,8.5,11118,2970,1107,3538,8089,3029,8848,269,69,1839,93,2270,2015,문화재청_궁능유적본부_4대궁_관람객_수_현황_2015년.csv
2015-08-09,2015,8,9,6,일,1,0,0,0,0,18.5,17.5,9.5,8.5,10234,3382,1291,3579,7500,2734,7082,229,50,2777,96,3152,2015,문화재청_궁능유적본부_4대궁_관람객_수_현황_2015년.csv
2015-08-10,2015,8,10,0,월,0,0,0,3,0,18.5,17.5,9.5,8.5,9514,0,0,0,6983,2531,6104,219,28,3161,2,3410,2015,문화재청_궁능유적본부_4대궁_관람객_수_현황_2015년.csv
2015-08-11,2015,8,11,1,화,0,1,1,0,0,18.5,17.5,9.5,8.5,0,4540,3749,3679,0,0,0,0,0,0,0,0,2015,문화재청_궁능유적본부_4대궁_관람객_수_현황_2015년.csv
2015-08-12,2015,8,12,2,수,0,0,0,0,0,18.5,17.5,9.5,8.5,12446,2451,3257,2923,9469,2977,9894,224,14,2241,73,2552,2015,문화재청_궁능유적본부_4대궁_관람객_수_현황_2015년.csv
2015-08-13,2015,8,13,3,목,0,0,0,0,0,18.5,17.5,9.5,8.5,10457,2946,3330,3688,7917,2540,5499,190,109,4492,167,4958,2015,문화재청_궁능유적본부_4대궁_관람객_수_현황_2015년.csv
2015-08-14,2015,8,14,4,금,0,0,0,0,0,18.5,17.5,9.5,8.5,29423,17155,12254,17552,251,29172,19284,1812,220,6248,1859,10139,2015,문화재청_궁능유적본부_4대궁_관람객_수_현황_2015년.csv
2015-08-15,2015,8,15,5,토,1,0,0,0,1,18.5,17.5,9.5,8.5,41705,15071,10838,20079,250,41455,31995,1296,335,5934,2145,9710,2015,문화재청_궁능유적본부_4대궁_관람객_수_현황_2015년.csv
2015-08-16,2015,8,16,6,일,1,0,0,0,0,18.5,17.5,9.5,8.5,21665,10858,8079,8595,101,21564,13415,1374,216,5473,1187,8250,2015,문화재청_궁능유적본부_4대궁_관람객_수_현황_2015년.csv
2015-08-17,2015,8,17,0,월,0,0,0,3,0,18.5,17.5,9.5,8.5,9681,0,0,0,7385,2296,6816,278,178,2276,133,2865,2015,문화재청_궁능유적본부_4대궁_관람객_수_현황_2015년.csv
2015-08-18,2015,8,18,1,화,0,1,1,0,0,18.5,17.5,9.5,8.5,0,4521,3549,3507,0,0,0,0,0,0,0,0,2015,문화재청_궁능유적본부_4대궁_관람객_수_현황_2015년.csv
2015-08-19,2015,8,19,2,수,0,0,0,0,0,18.5,17.5,9.5,8.5,14963,2749,3216,2577,10954,4009,10672,337,114,3650,190,4291,2015,문화재청_궁능유적본부_4대궁_관람객_수_현황_2015년.csv
2015-08-20,2015,8,20,3,목,0,0,0,0,0,18.5,17.5,9.5,8.5,11972,2400,3157,2788,8733,3239,8246,202,90,3348,86,3726,2015,문화재청_궁능유적본부_4대궁_관람객_수_현황_2015년.csv
2015-08-21,2015,8,21,4,금,0,0,0,0,0,18.5,17.5,9.5,8.5,10620,2701,3333,2356,8189,2431,7780,225,128,2403,84,2840,2015,문화재청_궁능유적본부_4대궁_관람객_수_현황_2015년.csv
2015-08-22,2015,8,22,5,토,1,0,0,0,0,18.5,17.5,9.5,8.5,17799,4376,4346,4951,13718,4081,9864,318,131,7305,181,7935,2015,문화재청_궁능유적본부_4대궁_관람객_수_현황_2015년.csv
2015-08-23,2015,8,23,6,일,1,0,0,0,0,18.5,17.5,9.5,8.5,13405,3831,3932,3857,10788,2617,10071,403,105,2698,128,3334,2015,문화재청_궁능유적본부_4대궁_관람객_수_현황_2015년.csv
2015-08-24,2015,8,24,0,월,0,0,0,3,0,18.5,17.5,9.5,8.5,10729,0,0,0,8928,1801,6922,248,167,3320,72,3807,2015,문화재청_궁능유적본부_4대궁_관람객_수_현황_2015년.csv
2015-08-25,2015,8,25,1,화,0,1,1,0,0,18.5,17.5,9.5,8.5,0,3376,3108,1944,0,0,0,0,0,0,0,0,2015,문화재청_궁능유적본부_4대궁_관람객_수_현황_2015년.csv
2015-08-26,2015,8,26,2,수,0,0,0,0,0,18.5,17.5,9.5,8.5,22182,4943,7385,4476,250,21932,5730,1960,322,12977,1193,16452,2015,문화재청_궁능유적본부_4대궁_관람객_수_현황_2015년.csv
2015-08-27,2015,8,27,3,목,0,0,0,0,0,18.5,17.5,9.5,8.5,15445,2892,3711,2778,12936,2509,5604,391,97,9255,98,9841,2015,문화재청_궁능유적본부_4대궁_관람객_수_현황_2015년.csv
2015-08-28,2015,8,28,4,금,0,0,0,0,0,18.5,17.5,9.5,8.5,9545,2671,935,2588,7830,1715,5015,153,84,4147,146,4530,2015,문화재청_궁능유적본부_4대궁_관람객_수_현황_2015년.csv
2015-08-29,2015,8,29,5,토,1,0,0,0,0,18.5,17.5,9.5,8.5,16176,5201,2501,5398,11729,4447,10375,530,102,4703,466,5801,2015,문화재청_궁능유적본부_4대궁_관람객_수_현황_2015년.csv
2015-08-30,2015,8,30,6,일,1,0,0,0,0,18.5,17.5,9.5,8.5,13601,4726,1899,3925,10329,3272,10664,331,18,2408,180,2937,2015,문화재청_궁능유적본부_4대궁_관람객_수_현황_2015년.csv
2015-08-31,2015,8,31,0,월,0,0,0,3,0,18.5,17.5,9.5,8.5,8713,0,0,0,6674,2039,5886,268,100,2359,100,2827,2015,문화재청_궁능유적본부_4대궁_관람객_수_현황_2015년.csv
2015-09-01,2015,9,1,1,화,0,1,1,0,0,18.0,17.0,9.0,8.0,0,3140,831,2657,0,0,0,0,0,0,0,0,2015,문화재청_궁능유적본부_4대궁_관람객_수_현황_2015년.csv
2015-09-02,2015,9,2,2,수,0,0,0,0,0,18.0,17.0,9.0,8.0,11759,1719,726,1784,8679,3080,10288,193,81,1161,36,1471,2015,문화재청_궁능유적본부_4대궁_관람객_수_현황_2015년.csv
2015-09-03,2015,9,3,3,목,0,0,0,0,0,18.0,17.0,9.0,8.0,12657,3101,859,2386,8991,3666,10442,275,110,1621,209,2215,2015,문화재청_궁능유적본부_4대궁_관람객_수_현황_2015년.csv
2015-09-04,2015,9,4,4,금,0,0,0,0,0,18.0,17.0,9.0,8.0,11930,2332,933,2431,9205,2725,6089,233,59,5281,268,5841,2015,문화재청_궁능유적본부_4대궁_관람객_수_현황_2015년.csv
2015-09-05,2015,9,5,5,토,1,0,0,0,0,18.0,17.0,9.0,8.0,14948,3974,1705,4324,11100,3848,11853,328,112,2542,113,3095,2015,문화재청_궁능유적본부_4대궁_관람객_수_현황_2015년.csv
2015-09-06,2015,9,6,6,일,1,0,0,0,0,18.0,17.0,9.0,8.0,14680,5746,2164,4537,11277,3403,12894,355,131,1191,109,1786,2015,문화재청_궁능유적본부_4대궁_관람객_수_현황_2015년.csv
2015-09-07,2015,9,7,0,월,0,0,0,3,0,18.0,17.0,9.0,8.0,11435,0,0,0,8711,2724,6886,532,163,3704,150,4549,2015,문화재청_궁능유적본부_4대궁_관람객_수_현황_2015년.csv
2015-09-08,2015,9,8,1,화,0,1,1,0,0,18.0,17.0,9.0,8.0,0,6215,1582,3576,0,0,0,0,0,0,0,0,2015,문화재청_궁능유적본부_4대궁_관람객_수_현황_2015년.csv
2015-09-09,2015,9,9,2,수,0,0,0,0,0,18.0,17.0,9.0,8.0,11366,2896,1416,3781,8578,2788,5835,244,134,4922,231,5531,2015,문화재청_궁능유적본부_4대궁_관람객_수_현황_2015년.csv
2015-09-10,2015,9,10,3,목,0,0,0,0,0,18.0,17.0,9.0,8.0,11209,2402,1473,2624,7907,3302,7518,445,106,2765,375,3691,2015,문화재청_궁능유적본부_4대궁_관람객_수_현황_2015년.csv
2015-09-11,2015,9,11,4,금,0,0,0,0,0,18.0,17.0,9.0,8.0,10931,2429,1146,2256,7541,3390,8341,118,38,2367,67,2590,2015,문화재청_궁능유적본부_4대궁_관람객_수_현황_2015년.csv
2015-09-12,2015,9,12,5,토,1,0,0,0,0,18.0,17.0,9.0,8.0,20566,5486,2215,6564,13451,7115,15785,543,226,3816,196,4781,2015,문화재청_궁능유적본부_4대궁_관람객_수_현황_2015년.csv
2015-09-13,2015,9,13,6,일,1,0,0,0,0,18.0,17.0,9.0,8.0,16106,6030,2454,5971,12169,3937,10890,285,142,4710,79,5216,2015,문화재청_궁능유적본부_4대궁_관람객_수_현황_2015년.csv
2015-09-14,2015,9,14,0,월,0,0,0,3,0,18.0,17.0,9.0,8.0,11789,0,0,0,9008,2781,6101,158,137,5291,102,5688,2015,문화재청_궁능유적본부_4대궁_관람객_수_현황_2015년.csv
2015-09-15,2015,9,15,1,화,0,1,1,0,0,18.0,17.0,9.0,8.0,0,4801,1542,3951,0,0,0,0,0,0,0,0,2015,문화재청_궁능유적본부_4대궁_관람객_수_현황_2015년.csv
2015-09-16,2015,9,16,2,수,0,0,0,0,0,18.0,17.0,9.0,8.0,18183,3066,1286,2818,11375,6808,9722,267,123,7861,210,8461,2015,문화재청_궁능유적본부_4대궁_관람객_수_현황_2015년.csv
2015-09-17,2015,9,17,3,목,0,0,0,0,0,18.0,17.0,9.0,8.0,51228,3782,1891,3700,43994,7234,43467,343,231,6937,250,7761,2015,문화재청_궁능유적본부_4대궁_관람객_수_현황_2015년.csv
2015-09-18,2015,9,18,4,금,0,0,0,0,0,18.0,17.0,9.0,8.0,14941,3555,1955,3229,10012,4929,7947,359,188,6335,112,6994,2015,문화재청_궁능유적본부_4대궁_관람객_수_현황_2015년.csv
2015-09-19,2015,9,19,5,토,1,0,0,0,0,18.0,17.0,9.0,8.0,21909,6268,2532,8563,16063,5846,12554,404,154,8668,129,9355,2015,문화재청_궁능유적본부_4대궁_관람객_수_현황_2015년.csv
2015-09-20,2015,9,20,6,일,1,0,0,0,0,18.0,17.0,9.0,8.0,17611,6706,2219,6412,13105,4506,14814,285,287,1978,247,2797,2015,문화재청_궁능유적본부_4대궁_관람객_수_현황_2015년.csv
2015-09-21,2015,9,21,0,월,0,0,0,3,0,18.0,17.0,9.0,8.0,15509,0,0,0,11713,3796,9641,333,556,4733,246,5868,2015,문화재청_궁능유적본부_4대궁_관람객_수_현황_2015년.csv
2015-09-22,2015,9,22,1,화,0,1,1,0,0,18.0,17.0,9.0,8.0,0,6987,1508,4662,0,0,0,0,0,0,0,0,2015,문화재청_궁능유적본부_4대궁_관람객_수_현황_2015년.csv
2015-09-23,2015,9,23,2,수,0,0,0,0,0,18.0,17.0,9.0,8.0,17012,3437,1098,3945,11374,5638,11773,202,116,4872,49,5239,2015,문화재청_궁능유적본부_4대궁_관람객_수_현황_2015년.csv
2015-09-24,2015,9,24,3,목,0,0,0,0,0,18.0,17.0,9.0,8.0,14678,2765,1045,3437,8077,6601,10209,319,91,3786,273,4469,2015,문화재청_궁능유적본부_4대궁_관람객_수_현황_2015년.csv
2015-09-25,2015,9,25,4,금,0,0,0,0,0,18.0,17.0,9.0,8.0,11836,2772,1031,3342,8195,3641,6437,112,61,5107,119,5399,2015,문화재청_궁능유적본부_4대궁_관람객_수_현황_2015년.csv
2015-09-26,2015,9,26,5,토,1,0,0,0,1,18.0,17.0,9.0,8.0,21255,5592,2049,5185,15488,5767,16262,309,94,4342,248,4993,2015,문화재청_궁능유적본부_4대궁_관람객_수_현황_2015년.csv
2015-09-27,2015,9,27,6,일,1,0,0,0,1,18.0,17.0,9.0,8.0,70580,15925,9218,14432,0,70580,48696,1408,992,14415,5069,21884,2015,문화재청_궁능유적본부_4대궁_관람객_수_현황_2015년.csv
2015-09-28,2015,9,28,0,월,0,0,0,0,1,18.0,17.0,9.0,8.0,60974,10781,6083,9348,24327,36647,57217,288,113,3005,351,3757,2015,문화재청_궁능유적본부_4대궁_관람객_수_현황_2015년.csv
2015-09-29,2015,9,29,1,화,0,1,0,0,1,18.0,17.0,9.0,8.0,21324,9360,4839,7523,13020,8304,19371,165,53,1636,99,1953,2015,문화재청_궁능유적본부_4대궁_관람객_수_현황_2015년.csv
2015-09-30,2015,9,30,2,수,0,0,0,0,0,18.0,17.0,9.0,8.0,16680,5481,2315,4504,0,16680,6784,1260,403,7442,791,9896,2015,문화재청_궁능유적본부_4대궁_관람객_수_현황_2015년.csv
2015-10-01,2015,10,1,3,목,0,0,0,0,0,18.0,17.0,9.0,8.0,10824,2033,432,1117,7955,2869,7464,77,42,3162,79,3360,2015,문화재청_궁능유적본부_4대궁_관람객_수_현황_2015년.csv
2015-10-02,2015,10,2,4,금,0,0,0,0,0,18.0,17.0,9.0,8.0,23938,4603,1669,3528,17313,6625,17588,250,47,5925,128,6350,2015,문화재청_궁능유적본부_4대궁_관람객_수_현황_2015년.csv
2015-10-03,2015,10,3,5,토,1,0,0,0,1,18.0,17.0,9.0,8.0,33814,7925,3126,8357,24343,9471,26327,342,185,6533,427,7487,2015,문화재청_궁능유적본부_4대궁_관람객_수_현황_2015년.csv
2015-10-04,2015,10,4,6,일,1,0,0,0,0,18.0,17.0,9.0,8.0,22963,7478,2884,5994,18588,4375,16693,193,132,5462,483,6270,2015,문화재청_궁능유적본부_4대궁_관람객_수_현황_2015년.csv
2015-10-05,2015,10,5,0,월,0,0,0,3,0,18.0,17.0,9.0,8.0,22276,0,0,0,16053,6223,14221,176,84,7552,243,8055,2015,문화재청_궁능유적본부_4대궁_관람객_수_현황_2015년.csv
2015-10-06,2015,10,6,1,화,0,1,1,0,0,18.0,17.0,9.0,8.0,0,9671,2433,3993,0,0,0,0,0,0,0,0,2015,문화재청_궁능유적본부_4대궁_관람객_수_현황_2015년.csv
2015-10-07,2015,10,7,2,수,0,0,0,0,0,18.0,17.0,9.0,8.0,20249,4707,1594,3228,11504,8745,18809,118,27,740,555,1440,2015,문화재청_궁능유적본부_4대궁_관람객_수_현황_2015년.csv
2015-10-08,2015,10,8,3,목,0,0,0,0,0,18.0,17.0,9.0,8.0,16226,4743,2753,3901,8398,7828,14876,294,80,871,105,1350,2015,문화재청_궁능유적본부_4대궁_관람객_수_현황_2015년.csv
2015-10-09,2015,10,9,4,금,0,0,0,0,1,18.0,17.0,9.0,8.0,40236,11680,5280,9706,21760,18476,36228,220,147,3308,333,4008,2015,문화재청_궁능유적본부_4대궁_관람객_수_현황_2015년.csv
2015-10-10,2015,10,10,5,토,1,0,0,0,0,18.0,17.0,9.0,8.0,21654,8034,2638,6099,14745,6909,20081,277,121,947,228,1573,2015,문화재청_궁능유적본부_4대궁_관람객_수_현황_2015년.csv
2015-10-11,2015,10,11,6,일,1,0,0,0,0,18.0,17.0,9.0,8.0,15169,6138,1795,4288,12040,3129,9188,371,241,5087,282,5981,2015,문화재청_궁능유적본부_4대궁_관람객_수_현황_2015년.csv
2015-10-12,2015,10,12,0,월,0,0,0,3,0,18.0,17.0,9.0,8.0,15650,0,0,0,10042,5608,11113,392,175,3688,282,4537,2015,문화재청_궁능유적본부_4대궁_관람객_수_현황_2015년.csv
2015-10-13,2015,10,13,1,화,0,1,1,0,0,18.0,17.0,9.0,8.0,0,10885,3289,5887,0,0,0,0,0,0,0,0,2015,문화재청_궁능유적본부_4대궁_관람객_수_현황_2015년.csv
2015-10-14,2015,10,14,2,수,0,0,0,0,0,18.0,17.0,9.0,8.0,22083,6699,2529,3901,11719,10364,17626,255,118,3790,294,4457,2015,문화재청_궁능유적본부_4대궁_관람객_수_현황_2015년.csv
2015-10-15,2015,10,15,3,목,0,0,0,0,0,18.0,17.0,9.0,8.0,22518,6180,2497,4711,10996,11522,16511,278,189,4943,597,6007,2015,문화재청_궁능유적본부_4대궁_관람객_수_현황_2015년.csv
2015-10-16,2015,10,16,4,금,0,0,0,0,0,18.0,17.0,9.0,8.0,20318,7692,5160,6027,11686,8632,11808,339,186,7558,427,8510,2015,문화재청_궁능유적본부_4대궁_관람객_수_현황_2015년.csv
2015-10-17,2015,10,17,5,토,1,0,0,0,0,18.0,17.0,9.0,8.0,28616,10763,6315,8443,20620,7996,17158,947,528,9451,532,11458,2015,문화재청_궁능유적본부_4대궁_관람객_수_현황_2015년.csv
2015-10-18,2015,10,18,6,일,1,0,0,0,0,18.0,17.0,9.0,8.0,22453,10494,6468,6677,17062,5391,13344,900,230,7431,548,9109,2015,문화재청_궁능유적본부_4대궁_관람객_수_현황_2015년.csv
2015-10-19,2015,10,19,0,월,0,0,0,3,0,18.0,17.0,9.0,8.0,16374,0,0,0,12022,4352,8298,332,201,7154,389,8076,2015,문화재청_궁능유적본부_4대궁_관람객_수_현황_2015년.csv
2015-10-20,2015,10,20,1,화,0,1,1,0,0,18.0,17.0,9.0,8.0,0,10696,4896,5278,0,0,0,0,0,0,0,0,2015,문화재청_궁능유적본부_4대궁_관람객_수_현황_2015년.csv
2015-10-21,2015,10,21,2,수,0,0,0,0,0,18.0,17.0,9.0,8.0,23732,6628,4248,4444,13815,9917,13512,571,238,9212,199,10220,2015,문화재청_궁능유적본부_4대궁_관람객_수_현황_2015년.csv
2015-10-22,2015,10,22,3,목,0,0,0,0,0,18.0,17.0,9.0,8.0,21722,6395,4236,4291,12195,9527,12028,609,250,8238,597,9694,2015,문화재청_궁능유적본부_4대궁_관람객_수_현황_2015년.csv
2015-10-23,2015,10,23,4,금,0,0,0,0,0,18.0,17.0,9.0,8.0,21714,9160,5172,5000,12730,8984,12984,379,258,7459,634,8730,2015,문화재청_궁능유적본부_4대궁_관람객_수_현황_2015년.csv
2015-10-24,2015,10,24,5,토,1,0,0,0,0,18.0,17.0,9.0,8.0,27962,13234,7436,11235,21472,6490,16556,624,131,10085,566,11406,2015,문화재청_궁능유적본부_4대궁_관람객_수_현황_2015년.csv
2015-10-25,2015,10,25,6,일,1,0,0,0,0,18.0,17.0,9.0,8.0,26856,12494,8067,10349,20165,6691,17163,693,222,8322,456,9693,2015,문화재청_궁능유적본부_4대궁_관람객_수_현황_2015년.csv
2015-10-26,2015,10,26,0,월,0,0,0,3,0,18.0,17.0,9.0,8.0,18234,0,0,0,13169,5065,8326,718,573,8354,263,9908,2015,문화재청_궁능유적본부_4대궁_관람객_수_현황_2015년.csv
2015-10-27,2015,10,27,1,화,0,1,1,0,0,18.0,17.0,9.0,8.0,0,11723,4832,5352,0,0,0,0,0,0,0,0,2015,문화재청_궁능유적본부_4대궁_관람객_수_현황_2015년.csv
2015-10-28,2015,10,28,2,수,0,0,0,0,0,18.0,17.0,9.0,8.0,29610,13712,8063,8776,157,29453,12736,2657,842,10875,2500,16874,2015,문화재청_궁능유적본부_4대궁_관람객_수_현황_2015년.csv
2015-10-29,2015,10,29,3,목,0,0,0,0,0,18.0,17.0,9.0,8.0,19071,9784,4491,4856,12444,6627,9293,726,688,7746,618,9778,2015,문화재청_궁능유적본부_4대궁_관람객_수_현황_2015년.csv
2015-10-30,2015,10,30,4,금,0,0,0,0,0,18.0,17.0,9.0,8.0,17360,10354,6012,7040,12097,5263,8694,612,289,7322,443,8666,2015,문화재청_궁능유적본부_4대궁_관람객_수_현황_2015년.csv
2015-10-31,2015,10,31,5,토,1,0,0,0,0,18.0,17.0,9.0,8.0,25226,15974,8696,14034,19387,5839,15016,984,244,8572,410,10210,2015,문화재청_궁능유적본부_4대궁_관람객_수_현황_2015년.csv
2015-11-01,2015,11,1,6,일,1,0,0,0,0,17.0,16.0,8.0,7.0,18784,13506,6778,9071,15231,3553,12182,741,341,5108,412,6602,2015,문화재청_궁능유적본부_4대궁_관람객_수_현황_2015년.csv
2015-11-02,2015,11,2,0,월,0,0,0,3,0,17.0,16.0,8.0,7.0,12986,0,0,0,9970,3016,5853,374,455,6020,284,7133,2015,문화재청_궁능유적본부_4대궁_관람객_수_현황_2015년.csv
2015-11-03,2015,11,3,1,화,0,1,1,0,0,17.0,16.0,8.0,7.0,0,9133,2833,5383,0,0,0,0,0,0,0,0,2015,문화재청_궁능유적본부_4대궁_관람객_수_현황_2015년.csv
2015-11-04,2015,11,4,2,수,0,0,0,0,0,17.0,16.0,8.0,7.0,16709,8624,2667,4317,11949,4760,7983,1103,433,6899,291,8726,2015,문화재청_궁능유적본부_4대궁_관람객_수_현황_2015년.csv
2015-11-05,2015,11,5,3,목,0,0,0,0,0,17.0,16.0,8.0,7.0,14915,8278,2338,4804,10627,4288,7297,650,294,6042,632,7618,2015,문화재청_궁능유적본부_4대궁_관람객_수_현황_2015년.csv
2015-11-06,2015,11,6,4,금,0,0,0,0,0,17.0,16.0,8.0,7.0,14377,9884,2936,4557,10524,3853,8498,285,280,5102,212,5879,2015,문화재청_궁능유적본부_4대궁_관람객_수_현황_2015년.csv
2015-11-07,2015,11,7,5,토,1,0,0,0,0,17.0,16.0,8.0,7.0,11882,6248,1491,4746,9858,2024,4919,512,299,5615,537,6963,2015,문화재청_궁능유적본부_4대궁_관람객_수_현황_2015년.csv
2015-11-08,2015,11,8,6,일,1,0,0,0,0,17.0,16.0,8.0,7.0,12079,6796,1859,5092,10298,1781,5583,490,223,5567,216,6496,2015,문화재청_궁능유적본부_4대궁_관람객_수_현황_2015년.csv
2015-11-09,2015,11,9,0,월,0,0,0,3,0,17.0,16.0,8.0,7.0,12056,0,0,0,10225,1831,5104,269,243,6257,183,6952,2015,문화재청_궁능유적본부_4대궁_관람객_수_현황_2015년.csv
2015-11-10,2015,11,10,1,화,0,1,1,0,0,17.0,16.0,8.0,7.0,0,8447,2981,6775,0,0,0,0,0,0,0,0,2015,문화재청_궁능유적본부_4대궁_관람객_수_현황_2015년.csv
2015-11-11,2015,11,11,2,수,0,0,0,0,0,17.0,16.0,8.0,7.0,16006,6095,2944,5713,12131,3875,7737,339,278,7440,212,8269,2015,문화재청_궁능유적본부_4대궁_관람객_수_현황_2015년.csv
2015-11-12,2015,11,12,3,목,0,0,0,0,0,17.0,16.0,8.0,7.0,16967,7320,3585,6417,11228,5739,10706,260,278,5311,412,6261,2015,문화재청_궁능유적본부_4대궁_관람객_수_현황_2015년.csv
2015-11-13,2015,11,13,4,금,0,0,0,0,0,17.0,16.0,8.0,7.0,10348,3817,1419,3018,8408,1940,3938,114,70,6093,133,6410,2015,문화재청_궁능유적본부_4대궁_관람객_수_현황_2015년.csv
2015-11-14,2015,11,14,5,토,1,0,0,0,0,17.0,16.0,8.0,7.0,15076,8328,3721,7661,10958,4118,9708,482,264,4266,356,5368,2015,문화재청_궁능유적본부_4대궁_관람객_수_현황_2015년.csv
2015-11-15,2015,11,15,6,일,1,0,0,0,0,17.0,16.0,8.0,7.0,21883,11966,7206,12547,18210,3673,12914,605,347,7756,261,8969,2015,문화재청_궁능유적본부_4대궁_관람객_수_현황_2015년.csv
2015-11-16,2015,11,16,0,월,0,0,0,3,0,17.0,16.0,8.0,7.0,12283,0,0,0,10439,1844,5112,240,261,6393,277,7171,2015,문화재청_궁능유적본부_4대궁_관람객_수_현황_2015년.csv
2015-11-17,2015,11,17,1,화,0,1,1,0,0,17.0,16.0,8.0,7.0,0,8679,3362,6982,0,0,0,0,0,0,0,0,2015,문화재청_궁능유적본부_4대궁_관람객_수_현황_2015년.csv
2015-11-18,2015,11,18,2,수,0,0,0,0,0,17.0,16.0,8.0,7.0,11671,2451,595,2193,9617,2054,5881,437,346,4679,328,5790,2015,문화재청_궁능유적본부_4대궁_관람객_수_현황_2015년.csv
2015-11-19,2015,11,19,3,목,0,0,0,0,0,17.0,16.0,8.0,7.0,14192,4203,1560,3627,10956,3236,5744,414,198,7597,239,8448,2015,문화재청_궁능유적본부_4대궁_관람객_수_현황_2015년.csv
2015-11-20,2015,11,20,4,금,0,0,0,0,0,17.0,16.0,8.0,7.0,15167,4995,1722,4710,10972,4195,6948,329,227,7342,321,8219,2015,문화재청_궁능유적본부_4대궁_관람객_수_현황_2015년.csv
2015-11-21,2015,11,21,5,토,1,0,0,0,0,17.0,16.0,8.0,7.0,21077,9626,4539,11162,16957,4120,12204,430,373,7555,515,8873,2015,문화재청_궁능유적본부_4대궁_관람객_수_현황_2015년.csv
2015-11-22,2015,11,22,6,일,1,0,0,0,0,17.0,16.0,8.0,7.0,17516,7368,3518,8868,14309,3207,10044,369,538,6227,338,7472,2015,문화재청_궁능유적본부_4대궁_관람객_수_현황_2015년.csv
2015-11-23,2015,11,23,0,월,0,0,0,3,0,17.0,16.0,8.0,7.0,9961,0,0,0,7538,2423,5430,134,90,4148,159,4531,2015,문화재청_궁능유적본부_4대궁_관람객_수_현황_2015년.csv
2015-11-24,2015,11,24,1,화,0,1,1,0,0,17.0,16.0,8.0,7.0,0,6545,1315,3946,0,0,0,0,0,0,0,0,2015,문화재청_궁능유적본부_4대궁_관람객_수_현황_2015년.csv
2015-11-25,2015,11,25,2,수,0,0,0,0,0,17.0,16.0,8.0,7.0,15228,4763,1530,3987,0,15228,5196,507,283,8768,474,10032,2015,문화재청_궁능유적본부_4대궁_관람객_수_현황_2015년.csv
2015-11-26,2015,11,26,3,목,0,0,0,0,0,17.0,16.0,8.0,7.0,44630,2237,730,1747,41730,2900,37802,263,344,5880,341,6828,2015,문화재청_궁능유적본부_4대궁_관람객_수_현황_2015년.csv
2015-11-27,2015,11,27,4,금,0,0,0,0,0,17.0,16.0,8.0,7.0,11638,2581,683,2272,9147,2491,4809,344,127,5962,396,6829,2015,문화재청_궁능유적본부_4대궁_관람객_수_현황_2015년.csv
2015-11-28,2015,11,28,5,토,1,0,0,0,0,17.0,16.0,8.0,7.0,16809,6182,1312,5080,13001,3808,7807,261,159,8254,328,9002,2015,문화재청_궁능유적본부_4대궁_관람객_수_현황_2015년.csv
2015-11-29,2015,11,29,6,일,1,0,0,0,0,17.0,16.0,8.0,7.0,11232,2811,700,2756,9571,1661,4551,289,187,5816,389,6681,2015,문화재청_궁능유적본부_4대궁_관람객_수_현황_2015년.csv
2015-11-30,2015,11,30,0,월,0,0,0,3,0,17.0,16.0,8.0,7.0,12288,0,0,0,8416,3872,5810,324,267,5636,251,6478,2015,문화재청_궁능유적본부_4대궁_관람객_수_현황_2015년.csv
2015-12-01,2015,12,1,1,화,0,1,1,0,0,17.0,16.0,8.0,7.0,0,4249,1290,3115,0,0,0,0,0,0,0,0,2015,문화재청_궁능유적본부_4대궁_관람객_수_현황_2015년.csv
2015-12-02,2015,12,2,2,수,0,0,0,0,0,17.0,16.0,8.0,7.0,7751,1278,311,1322,6311,1440,3223,59,191,4204,74,4528,2015,문화재청_궁능유적본부_4대궁_관람객_수_현황_2015년.csv
2015-12-03,2015,12,3,3,목,0,0,0,0,0,17.0,16.0,8.0,7.0,8277,1870,561,1464,6684,1593,3753,158,104,4040,222,4524,2015,문화재청_궁능유적본부_4대궁_관람객_수_현황_2015년.csv
2015-12-04,2015,12,4,4,금,0,0,0,0,0,17.0,16.0,8.0,7.0,10033,2855,709,2043,7396,2637,4579,433,431,4318,272,5454,2015,문화재청_궁능유적본부_4대궁_관람객_수_현황_2015년.csv
2015-12-05,2015,12,5,5,토,1,0,0,0,0,17.0,16.0,8.0,7.0,11971,3437,1328,3400,9601,2370,6461,414,393,4484,219,5510,2015,문화재청_궁능유적본부_4대궁_관람객_수_현황_2015년.csv
2015-12-06,2015,12,6,6,일,1,0,0,0,0,17.0,16.0,8.0,7.0,13403,4221,1121,3471,11309,2094,7435,641,430,4513,384,5968,2015,문화재청_궁능유적본부_4대궁_관람객_수_현황_2015년.csv
2015-12-07,2015,12,7,0,월,0,0,0,3,0,17.0,16.0,8.0,7.0,9342,0,0,0,7318,2024,3553,401,355,4645,388,5789,2015,문화재청_궁능유적본부_4대궁_관람객_수_현황_2015년.csv
2015-12-08,2015,12,8,1,화,0,1,1,0,0,17.0,16.0,8.0,7.0,0,4764,1204,3815,0,0,0,0,0,0,0,0,2015,문화재청_궁능유적본부_4대궁_관람객_수_현황_2015년.csv
2015-12-09,2015,12,9,2,수,0,0,0,0,0,17.0,16.0,8.0,7.0,13290,2774,1568,1996,9406,3884,6072,337,355,6441,85,7218,2015,문화재청_궁능유적본부_4대궁_관람객_수_현황_2015년.csv
2015-12-10,2015,12,10,3,목,0,0,0,0,0,17.0,16.0,8.0,7.0,11113,1724,1195,2094,6659,4454,5168,264,206,5159,316,5945,2015,문화재청_궁능유적본부_4대궁_관람객_수_현황_2015년.csv
2015-12-11,2015,12,11,4,금,0,0,0,0,0,17.0,16.0,8.0,7.0,10429,3555,1023,2409,7817,2612,5721,151,99,4129,329,4708,2015,문화재청_궁능유적본부_4대궁_관람객_수_현황_2015년.csv
2015-12-12,2015,12,12,5,토,1,0,0,0,0,17.0,16.0,8.0,7.0,16190,4536,1964,6153,12878,3312,8836,254,165,6597,338,7354,2015,문화재청_궁능유적본부_4대궁_관람객_수_현황_2015년.csv
2015-12-13,2015,12,13,6,일,1,0,0,0,0,17.0,16.0,8.0,7.0,15587,5034,1807,4853,12691,2896,8873,485,299,5788,142,6714,2015,문화재청_궁능유적본부_4대궁_관람객_수_현황_2015년.csv
2015-12-14,2015,12,14,0,월,0,0,0,3,0,17.0,16.0,8.0,7.0,7863,0,0,0,6222,1641,2645,96,338,4514,270,5218,2015,문화재청_궁능유적본부_4대궁_관람객_수_현황_2015년.csv
2015-12-15,2015,12,15,1,화,0,1,1,0,0,17.0,16.0,8.0,7.0,0,3313,759,2752,0,0,0,0,0,0,0,0,2015,문화재청_궁능유적본부_4대궁_관람객_수_현황_2015년.csv
2015-12-16,2015,12,16,2,수,0,0,0,0,0,17.0,16.0,8.0,7.0,10951,1824,477,1252,8871,2080,3772,300,97,6513,269,7179,2015,문화재청_궁능유적본부_4대궁_관람객_수_현황_2015년.csv
2015-12-17,2015,12,17,3,목,0,0,0,0,0,17.0,16.0,8.0,7.0,10227,1798,491,1283,7579,2648,4272,212,166,5244,333,5955,2015,문화재청_궁능유적본부_4대궁_관람객_수_현황_2015년.csv
2015-12-18,2015,12,18,4,금,0,0,0,0,0,17.0,16.0,8.0,7.0,9972,1948,648,1826,7961,2011,3767,186,225,5480,314,6205,2015,문화재청_궁능유적본부_4대궁_관람객_수_현황_2015년.csv
2015-12-19,2015,12,19,5,토,1,0,0,0,0,17.0,16.0,8.0,7.0,13687,4428,1328,4692,11319,2368,6260,826,436,5799,366,7427,2015,문화재청_궁능유적본부_4대궁_관람객_수_현황_2015년.csv
2015-12-20,2015,12,20,6,일,1,0,0,0,0,17.0,16.0,8.0,7.0,14282,3916,1041,4049,11205,3077,7562,306,242,5724,448,6720,2015,문화재청_궁능유적본부_4대궁_관람객_수_현황_2015년.csv
2015-12-21,2015,12,21,0,월,0,0,0,3,0,17.0,16.0,8.0,7.0,10833,0,0,0,8472,2361,4203,301,124,5774,431,6630,2015,문화재청_궁능유적본부_4대궁_관람객_수_현황_2015년.csv
2015-12-22,2015,12,22,1,화,0,1,1,0,0,17.0,16.0,8.0,7.0,0,4344,1217,2989,0,0,0,0,0,0,0,0,2015,문화재청_궁능유적본부_4대궁_관람객_수_현황_2015년.csv
2015-12-23,2015,12,23,2,수,0,0,0,0,0,17.0,16.0,8.0,7.0,11829,2306,682,1972,10086,1743,4221,270,108,6908,322,7608,2015,문화재청_궁능유적본부_4대궁_관람객_수_현황_2015년.csv
2015-12-24,2015,12,24,3,목,0,0,0,0,0,17.0,16.0,8.0,7.0,12133,2130,833,2672,9286,2847,5245,265,101,6131,391,6888,2015,문화재청_궁능유적본부_4대궁_관람객_수_현황_2015년.csv
2015-12-25,2015,12,25,4,금,0,0,0,0,1,17.0,16.0,8.0,7.0,19238,4985,1425,6711,13608,5630,11741,313,163,6288,733,7497,2015,문화재청_궁능유적본부_4대궁_관람객_수_현황_2015년.csv
2015-12-26,2015,12,26,5,토,1,0,0,0,0,17.0,16.0,8.0,7.0,16994,4807,1371,5260,13506,3488,9330,426,165,6194,879,7664,2015,문화재청_궁능유적본부_4대궁_관람객_수_현황_2015년.csv
2015-12-27,2015,12,27,6,일,1,0,0,0,0,17.0,16.0,8.0,7.0,13185,3744,840,2876,10483,2702,7135,464,199,5205,182,6050,2015,문화재청_궁능유적본부_4대궁_관람객_수_현황_2015년.csv
2015-12-28,2015,12,28,0,월,0,0,0,3,0,17.0,16.0,8.0,7.0,10756,0,0,0,8519,2237,4734,585,417,4802,218,6022,2015,문화재청_궁능유적본부_4대궁_관람객_수_현황_2015년.csv
2015-12-29,2015,12,29,1,화,0,1,1,0,0,17.0,16.0,8.0,7.0,0,5123,856,3317,0,0,0,0,0,0,0,0,2015,문화재청_궁능유적본부_4대궁_관람객_수_현황_2015년.csv
2015-12-30,2015,12,30,2,수,0,0,0,0,0,17.0,16.0,8.0,7.0,17518,5122,2156,3564,0,17518,4565,656,1122,9895,1280,12953,2015,문화재청_궁능유적본부_4대궁_관람객_수_현황_2015년.csv
2015-12-31,2015,12,31,3,목,0,0,0,0,0,17.0,16.0,8.0,7.0,12486,2995,750,2596,10583,1903,5835,350,410,5513,378,6651,2015,문화재청_궁능유적본부_4대궁_관람객_수_현황_2015년.csv
2016-01-01,2016,1,1,4,금,0,0,0,0,1,17.0,16.0,8.0,7.0,23233,6231,1947,5560,17512,5721,15247,460,380,6678,468,7986,2016,문화재청_궁능유적본부_4대궁_관람객_수_현황_2016년.csv
2016-01-02,2016,1,2,5,토,1,0,0,0,0,17.0,16.0,8.0,7.0,24339,6303,2377,5959,16708,7631,16387,280,238,6969,465,7952,2016,문화재청_궁능유적본부_4대궁_관람객_수_현황_2016년.csv
2016-01-03,2016,1,3,6,일,1,0,0,0,0,17.0,16.0,8.0,7.0,11950,4569,1434,3587,9132,2818,7279,274,189,3879,329,4671,2016,문화재청_궁능유적본부_4대궁_관람객_수_현황_2016년.csv
2016-01-04,2016,1,4,0,월,0,0,0,3,0,17.0,16.0,8.0,7.0,7842,0,0,0,5716,2126,4189,170,103,2866,514,3653,2016,문화재청_궁능유적본부_4대궁_관람객_수_현황_2016년.csv
2016-01-05,2016,1,5,1,화,0,1,1,0,0,17.0,16.0,8.0,7.0,0,3714,852,2297,0,0,0,0,0,0,0,0,2016,문화재청_궁능유적본부_4대궁_관람객_수_현황_2016년.csv
2016-01-06,2016,1,6,2,수,0,0,0,0,0,17.0,16.0,8.0,7.0,9369,1705,536,1843,7348,2021,4142,222,206,4620,179,5227,2016,문화재청_궁능유적본부_4대궁_관람객_수_현황_2016년.csv
2016-01-07,2016,1,7,3,목,0,0,0,0,0,17.0,16.0,8.0,7.0,8384,2057,689,1879,6726,1658,3477,222,87,4375,223,4907,2016,문화재청_궁능유적본부_4대궁_관람객_수_현황_2016년.csv
2016-01-08,2016,1,8,4,금,0,0,0,0,0,17.0,16.0,8.0,7.0,7199,1742,536,1770,5837,1362,3121,155,73,3596,254,4078,2016,문화재청_궁능유적본부_4대궁_관람객_수_현황_2016년.csv
2016-01-09,2016,1,9,5,토,1,0,0,0,0,17.0,16.0,8.0,7.0,12812,2888,1175,3490,9776,3036,6616,265,73,5470,388,6196,2016,문화재청_궁능유적본부_4대궁_관람객_수_현황_2016년.csv
2016-01-10,2016,1,10,6,일,1,0,0,0,0,17.0,16.0,8.0,7.0,13401,3709,1134,3154,10766,2635,7456,303,198,5210,234,5945,2016,문화재청_궁능유적본부_4대궁_관람객_수_현황_2016년.csv
2016-01-11,2016,1,11,0,월,0,0,0,3,0,17.0,16.0,8.0,7.0,8136,0,0,0,6614,1522,3859,43,135,3853,246,4277,2016,문화재청_궁능유적본부_4대궁_관람객_수_현황_2016년.csv
2016-01-12,2016,1,12,1,화,0,1,1,0,0,17.0,16.0,8.0,7.0,0,3261,701,2104,0,0,0,0,0,0,0,0,2016,문화재청_궁능유적본부_4대궁_관람객_수_현황_2016년.csv
2016-01-13,2016,1,13,2,수,0,0,0,0,0,17.0,16.0,8.0,7.0,8920,1666,468,1595,7502,1418,3460,156,111,4955,238,5460,2016,문화재청_궁능유적본부_4대궁_관람객_수_현황_2016년.csv
2016-01-14,2016,1,14,3,목,0,0,0,0,0,17.0,16.0,8.0,7.0,8791,2180,714,1535,7032,1759,3205,244,118,5061,163,5586,2016,문화재청_궁능유적본부_4대궁_관람객_수_현황_2016년.csv
2016-01-15,2016,1,15,4,금,0,0,0,0,0,17.0,16.0,8.0,7.0,8616,1960,721,1896,6980,1636,3571,115,119,4570,241,5045,2016,문화재청_궁능유적본부_4대궁_관람객_수_현황_2016년.csv
2016-01-16,2016,1,16,5,토,1,0,0,0,0,17.0,16.0,8.0,7.0,14578,3393,1263,3895,11255,3323,8604,267,154,5234,319,5974,2016,문화재청_궁능유적본부_4대궁_관람객_수_현황_2016년.csv
2016-01-17,2016,1,17,6,일,1,0,0,0,0,17.0,16.0,8.0,7.0,12960,3758,1129,3506,10335,2625,7040,238,101,5273,308,5920,2016,문화재청_궁능유적본부_4대궁_관람객_수_현황_2016년.csv
2016-01-18,2016,1,18,0,월,0,0,0,3,0,17.0,16.0,8.0,7.0,8332,0,0,0,7052,1280,2967,168,115,4896,186,5365,2016,문화재청_궁능유적본부_4대궁_관람객_수_현황_2016년.csv
2016-01-19,2016,1,19,1,화,0,1,1,0,0,17.0,16.0,8.0,7.0,0,2393,241,1906,0,0,0,0,0,0,0,0,2016,문화재청_궁능유적본부_4대궁_관람객_수_현황_2016년.csv
2016-01-20,2016,1,20,2,수,0,0,0,0,0,17.0,16.0,8.0,7.0,12477,1071,249,896,11287,1190,2574,133,104,9338,328,9903,2016,문화재청_궁능유적본부_4대궁_관람객_수_현황_2016년.csv
2016-01-21,2016,1,21,3,목,0,0,0,0,0,17.0,16.0,8.0,7.0,9970,1357,440,1189,8745,1225,2901,118,95,6684,172,7069,2016,문화재청_궁능유적본부_4대궁_관람객_수_현황_2016년.csv
2016-01-22,2016,1,22,4,금,0,0,0,0,0,17.0,16.0,8.0,7.0,10100,1325,349,1411,8748,1352,2691,109,151,7018,131,7409,2016,문화재청_궁능유적본부_4대궁_관람객_수_현황_2016년.csv
2016-01-23,2016,1,23,5,토,1,0,0,0,0,17.0,16.0,8.0,7.0,12544,1728,390,1690,11016,1528,3551,155,130,8572,136,8993,2016,문화재청_궁능유적본부_4대궁_관람객_수_현황_2016년.csv
2016-01-24,2016,1,24,6,일,1,0,0,0,0,17.0,16.0,8.0,7.0,11306,1457,230,994,10184,1122,2766,367,182,7761,230,8540,2016,문화재청_궁능유적본부_4대궁_관람객_수_현황_2016년.csv
2016-01-25,2016,1,25,0,월,0,0,0,3,0,17.0,16.0,8.0,7.0,11217,0,0,0,10067,1150,3151,91,74,7772,129,8066,2016,문화재청_궁능유적본부_4대궁_관람객_수_현황_2016년.csv
2016-01-26,2016,1,26,1,화,0,1,1,0,0,17.0,16.0,8.0,7.0,0,3272,804,2689,0,0,0,0,0,0,0,0,2016,문화재청_궁능유적본부_4대궁_관람객_수_현황_2016년.csv
2016-01-27,2016,1,27,2,수,0,0,0,0,0,17.0,16.0,8.0,7.0,19022,2379,1791,2657,0,19022,3574,679,585,12679,1505,15448,2016,문화재청_궁능유적본부_4대궁_관람객_수_현황_2016년.csv
2016-01-28,2016,1,28,3,목,0,0,0,0,0,17.0,16.0,8.0,7.0,14117,1898,845,1748,11902,2215,4934,174,57,8444,508,9183,2016,문화재청_궁능유적본부_4대궁_관람객_수_현황_2016년.csv
2016-01-29,2016,1,29,4,금,0,0,0,0,0,17.0,16.0,8.0,7.0,13720,2127,644,1654,11343,2377,4145,157,204,8867,347,9575,2016,문화재청_궁능유적본부_4대궁_관람객_수_현황_2016년.csv
2016-01-30,2016,1,30,5,토,1,0,0,0,0,17.0,16.0,8.0,7.0,19657,3438,1275,3262,16649,3008,7620,244,173,11271,349,12037,2016,문화재청_궁능유적본부_4대궁_관람객_수_현황_2016년.csv
2016-01-31,2016,1,31,6,일,1,0,0,0,0,17.0,16.0,8.0,7.0,14851,2511,805,2391,12771,2080,5495,233,230,8565,328,9356,2016,문화재청_궁능유적본부_4대궁_관람객_수_현황_2016년.csv
2016-02-01,2016,2,1,0,월,0,0,0,3,0,17.0,16.0,8.0,7.0,12162,0,0,0,10823,1339,2908,193,382,8540,139,9254,2016,문화재청_궁능유적본부_4대궁_관람객_수_현황_2016년.csv
2016-02-02,2016,2,2,1,화,0,1,1,0,0,17.0,16.0,8.0,7.0,0,2748,661,2107,0,0,0,0,0,0,0,0,2016,문화재청_궁능유적본부_4대궁_관람객_수_현황_2016년.csv
2016-02-03,2016,2,3,2,수,0,0,0,0,0,17.0,16.0,8.0,7.0,12054,1394,472,1458,10686,1368,2382,236,302,8903,231,9672,2016,문화재청_궁능유적본부_4대궁_관람객_수_현황_2016년.csv
2016-02-04,2016,2,4,3,목,0,0,0,0,0,17.0,16.0,8.0,7.0,8722,1246,466,1513,7550,1172,1930,172,114,6356,150,6792,2016,문화재청_궁능유적본부_4대궁_관람객_수_현황_2016년.csv
2016-02-05,2016,2,5,4,금,0,0,0,0,0,17.0,16.0,8.0,7.0,6590,1052,433,1430,5631,959,2186,191,43,4017,153,4404,2016,문화재청_궁능유적본부_4대궁_관람객_수_현황_2016년.csv
2016-02-06,2016,2,6,5,토,1,0,0,0,0,17.0,16.0,8.0,7.0,10258,2331,837,2133,8644,1614,4161,457,151,5201,288,6097,2016,문화재청_궁능유적본부_4대궁_관람객_수_현황_2016년.csv
2016-02-07,2016,2,7,6,일,1,0,0,0,1,17.0,16.0,8.0,7.0,15147,3728,1059,2627,12994,2153,6940,419,152,7157,479,8207,2016,문화재청_궁능유적본부_4대궁_관람객_수_현황_2016년.csv
2016-02-08,2016,2,8,0,월,0,0,0,0,1,17.0,16.0,8.0,7.0,35035,12093,4880,8263,0,35035,17588,1125,777,13476,2069,17447,2016,문화재청_궁능유적본부_4대궁_관람객_수_현황_2016년.csv
2016-02-09,2016,2,9,1,화,0,1,0,0,1,17.0,16.0,8.0,7.0,21863,8059,3586,6478,16545,5318,14942,178,76,6253,414,6921,2016,문화재청_궁능유적본부_4대궁_관람객_수_현황_2016년.csv
2016-02-10,2016,2,10,2,수,0,0,0,0,1,17.0,16.0,8.0,7.0,21521,6501,2993,5298,17294,4227,11777,321,247,8925,251,9744,2016,문화재청_궁능유적본부_4대궁_관람객_수_현황_2016년.csv
2016-02-11,2016,2,11,3,목,0,0,0,0,0,17.0,16.0,8.0,7.0,12991,2462,886,2063,10750,2241,4394,136,85,8021,355,8597,2016,문화재청_궁능유적본부_4대궁_관람객_수_현황_2016년.csv
2016-02-12,2016,2,12,4,금,0,0,0,0,0,17.0,16.0,8.0,7.0,11162,1237,277,1155,9615,1547,2875,55,121,7865,246,8287,2016,문화재청_궁능유적본부_4대궁_관람객_수_현황_2016년.csv
2016-02-13,2016,2,13,5,토,1,0,0,0,0,17.0,16.0,8.0,7.0,15905,3263,1175,3196,13589,2316,6661,114,190,8593,347,9244,2016,문화재청_궁능유적본부_4대궁_관람객_수_현황_2016년.csv
2016-02-14,2016,2,14,6,일,1,0,0,0,0,17.0,16.0,8.0,7.0,13275,2725,673,1860,11360,1915,4449,249,179,8238,160,8826,2016,문화재청_궁능유적본부_4대궁_관람객_수_현황_2016년.csv
2016-02-15,2016,2,15,0,월,0,0,0,3,0,17.0,16.0,8.0,7.0,12645,0,0,0,10866,1779,3433,163,190,8646,213,9212,2016,문화재청_궁능유적본부_4대궁_관람객_수_현황_2016년.csv
2016-02-16,2016,2,16,1,화,0,1,1,0,0,17.0,16.0,8.0,7.0,0,3796,846,2541,0,0,0,0,0,0,0,0,2016,문화재청_궁능유적본부_4대궁_관람객_수_현황_2016년.csv
2016-02-17,2016,2,17,2,수,0,0,0,0,0,17.0,16.0,8.0,7.0,16480,2426,832,2028,13726,2754,4910,208,239,10853,270,11570,2016,문화재청_궁능유적본부_4대궁_관람객_수_현황_2016년.csv
2016-02-18,2016,2,18,3,목,0,0,0,0,0,17.0,16.0,8.0,7.0,15151,2565,873,2213,12364,2787,5053,357,202,9063,476,10098,2016,문화재청_궁능유적본부_4대궁_관람객_수_현황_2016년.csv
2016-02-19,2016,2,19,4,금,0,0,0,0,0,17.0,16.0,8.0,7.0,12979,2574,806,1994,10324,2655,4980,153,214,7397,235,7999,2016,문화재청_궁능유적본부_4대궁_관람객_수_현황_2016년.csv
2016-02-20,2016,2,20,5,토,1,0,0,0,0,17.0,16.0,8.0,7.0,16300,5059,1850,3913,12606,3694,8525,433,192,6585,565,7775,2016,문화재청_궁능유적본부_4대궁_관람객_수_현황_2016년.csv
2016-02-21,2016,2,21,6,일,1,0,0,0,0,17.0,16.0,8.0,7.0,15198,4078,1370,2944,11761,3437,8153,249,188,6027,581,7045,2016,문화재청_궁능유적본부_4대궁_관람객_수_현황_2016년.csv
2016-02-22,2016,2,22,0,월,0,0,0,3,0,17.0,16.0,8.0,7.0,10136,0,0,0,7845,2291,5248,224,195,4135,334,4888,2016,문화재청_궁능유적본부_4대궁_관람객_수_현황_2016년.csv
2016-02-23,2016,2,23,1,화,0,1,1,0,0,17.0,16.0,8.0,7.0,0,4387,1159,3037,0,0,0,0,0,0,0,0,2016,문화재청_궁능유적본부_4대궁_관람객_수_현황_2016년.csv
2016-02-24,2016,2,24,2,수,0,0,0,0,0,17.0,16.0,8.0,7.0,12402,3816,2044,3165,0,12402,3971,715,535,6866,315,8431,2016,문화재청_궁능유적본부_4대궁_관람객_수_현황_2016년.csv
2016-02-25,2016,2,25,3,목,0,0,0,0,0,17.0,16.0,8.0,7.0,11119,2229,867,1711,8414,2705,6176,416,311,4071,145,4943,2016,문화재청_궁능유적본부_4대궁_관람객_수_현황_2016년.csv
2016-02-26,2016,2,26,4,금,0,0,0,0,0,17.0,16.0,8.0,7.0,10874,2444,847,2471,7926,2948,5738,293,277,4347,219,5136,2016,문화재청_궁능유적본부_4대궁_관람객_수_현황_2016년.csv
2016-02-27,2016,2,27,5,토,1,0,0,0,0,17.0,16.0,8.0,7.0,16098,4386,1800,4137,11837,4261,10081,461,267,4863,426,6017,2016,문화재청_궁능유적본부_4대궁_관람객_수_현황_2016년.csv
2016-02-28,2016,2,28,6,일,1,0,0,0,0,17.0,16.0,8.0,7.0,12521,3442,1257,3098,9577,2944,7505,429,292,3855,440,5016,2016,문화재청_궁능유적본부_4대궁_관람객_수_현황_2016년.csv
2016-02-29,2016,2,29,0,월,0,0,0,3,0,17.0,16.0,8.0,7.0,8673,0,0,0,6541,2132,4134,273,302,3790,174,4539,2016,문화재청_궁능유적본부_4대궁_관람객_수_현황_2016년.csv
2016-03-01,2016,3,1,1,화,0,1,0,0,1,18.0,17.0,9.0,8.0,8447,5178,3910,3045,5477,2970,6108,164,130,1906,139,2339,2016,문화재청_궁능유적본부_4대궁_관람객_수_현황_2016년.csv
2016-03-02,2016,3,2,2,수,0,0,0,0,0,18.0,17.0,9.0,8.0,7004,1354,2801,1492,6096,908,2227,175,161,4141,300,4777,2016,문화재청_궁능유적본부_4대궁_관람객_수_현황_2016년.csv
2016-03-03,2016,3,3,3,목,0,0,0,0,0,18.0,17.0,9.0,8.0,7009,1812,3188,1814,6015,994,2431,344,353,3650,231,4578,2016,문화재청_궁능유적본부_4대궁_관람객_수_현황_2016년.csv
2016-03-04,2016,3,4,4,금,0,0,0,0,0,18.0,17.0,9.0,8.0,10689,2485,3471,2296,9312,1377,3203,408,294,6454,330,7486,2016,문화재청_궁능유적본부_4대궁_관람객_수_현황_2016년.csv
2016-03-05,2016,3,5,5,토,1,0,0,0,0,18.0,17.0,9.0,8.0,6580,1486,2806,1825,5760,820,2347,266,248,3392,327,4233,2016,문화재청_궁능유적본부_4대궁_관람객_수_현황_2016년.csv
2016-03-06,2016,3,6,6,일,1,0,0,0,0,18.0,17.0,9.0,8.0,16183,4519,4374,3352,13102,3081,9686,538,266,5071,622,6497,2016,문화재청_궁능유적본부_4대궁_관람객_수_현황_2016년.csv
2016-03-07,2016,3,7,0,월,0,0,0,3,0,18.0,17.0,9.0,8.0,9683,0,0,0,8665,1018,3523,486,234,5311,129,6160,2016,문화재청_궁능유적본부_4대궁_관람객_수_현황_2016년.csv
2016-03-08,2016,3,8,1,화,0,1,1,0,0,18.0,17.0,9.0,8.0,0,3517,2948,2002,0,0,0,0,0,0,0,0,2016,문화재청_궁능유적본부_4대궁_관람객_수_현황_2016년.csv
2016-03-09,2016,3,9,2,수,0,0,0,0,0,18.0,17.0,9.0,8.0,10695,1705,2900,1429,9771,924,3036,383,342,6798,136,7659,2016,문화재청_궁능유적본부_4대궁_관람객_수_현황_2016년.csv
2016-03-10,2016,3,10,3,목,0,0,0,0,0,18.0,17.0,9.0,8.0,8985,1622,2820,1232,8054,931,3134,131,301,5120,299,5851,2016,문화재청_궁능유적본부_4대궁_관람객_수_현황_2016년.csv
2016-03-11,2016,3,11,4,금,0,0,0,0,0,18.0,17.0,9.0,8.0,10539,2072,2971,2030,9155,1384,2952,383,501,6181,522,7587,2016,문화재청_궁능유적본부_4대궁_관람객_수_현황_2016년.csv
2016-03-12,2016,3,12,5,토,1,0,0,0,0,18.0,17.0,9.0,8.0,16774,4927,3863,3851,13023,3751,9253,895,526,5639,461,7521,2016,문화재청_궁능유적본부_4대궁_관람객_수_현황_2016년.csv
2016-03-13,2016,3,13,6,일,1,0,0,0,0,18.0,17.0,9.0,8.0,14123,4224,3635,2966,11635,2488,7050,754,480,5446,393,7073,2016,문화재청_궁능유적본부_4대궁_관람객_수_현황_2016년.csv
2016-03-14,2016,3,14,0,월,0,0,0,3,0,18.0,17.0,9.0,8.0,11296,0,0,0,10124,1172,4047,757,269,5790,433,7249,2016,문화재청_궁능유적본부_4대궁_관람객_수_현황_2016년.csv
2016-03-15,2016,3,15,1,화,0,1,1,0,0,18.0,17.0,9.0,8.0,0,4170,3436,2635,0,0,0,0,0,0,0,0,2016,문화재청_궁능유적본부_4대궁_관람객_수_현황_2016년.csv
2016-03-16,2016,3,16,2,수,0,0,0,0,0,18.0,17.0,9.0,8.0,14348,2266,3475,2108,12882,1466,3845,728,734,8670,371,10503,2016,문화재청_궁능유적본부_4대궁_관람객_수_현황_2016년.csv
2016-03-17,2016,3,17,3,목,0,0,0,0,0,18.0,17.0,9.0,8.0,11821,2825,3278,2145,10230,1591,3273,405,621,7004,518,8548,2016,문화재청_궁능유적본부_4대궁_관람객_수_현황_2016년.csv
2016-03-18,2016,3,18,4,금,0,0,0,0,0,18.0,17.0,9.0,8.0,12499,2716,3461,2853,10711,1788,4372,578,347,6894,308,8127,2016,문화재청_궁능유적본부_4대궁_관람객_수_현황_2016년.csv
2016-03-19,2016,3,19,5,토,1,0,0,0,0,18.0,17.0,9.0,8.0,26664,7620,6283,7561,18470,8194,17149,856,474,7782,403,9515,2016,문화재청_궁능유적본부_4대궁_관람객_수_현황_2016년.csv
2016-03-20,2016,3,20,6,일,1,0,0,0,0,18.0,17.0,9.0,8.0,21957,7377,5552,5406,16353,5604,13663,417,422,7204,251,8294,2016,문화재청_궁능유적본부_4대궁_관람객_수_현황_2016년.csv
2016-03-21,2016,3,21,0,월,0,0,0,3,0,18.0,17.0,9.0,8.0,13609,0,0,0,11931,1678,4830,730,614,7011,424,8779,2016,문화재청_궁능유적본부_4대궁_관람객_수_현황_2016년.csv
2016-03-22,2016,3,22,1,화,0,1,1,0,0,18.0,17.0,9.0,8.0,0,6285,3828,3299,0,0,0,0,0,0,0,0,2016,문화재청_궁능유적본부_4대궁_관람객_수_현황_2016년.csv
2016-03-23,2016,3,23,2,수,0,0,0,0,0,18.0,17.0,9.0,8.0,16643,3763,3456,2502,13896,2747,6052,459,239,9453,440,10591,2016,문화재청_궁능유적본부_4대궁_관람객_수_현황_2016년.csv
2016-03-24,2016,3,24,3,목,0,0,0,0,0,18.0,17.0,9.0,8.0,15414,3989,3654,2387,12176,3238,5802,402,293,8532,385,9612,2016,문화재청_궁능유적본부_4대궁_관람객_수_현황_2016년.csv
2016-03-25,2016,3,25,4,금,0,0,0,0,0,18.0,17.0,9.0,8.0,14882,3989,3654,2754,12128,2754,6259,328,123,7900,272,8623,2016,문화재청_궁능유적본부_4대궁_관람객_수_현황_2016년.csv
2016-03-26,2016,3,26,5,토,1,0,0,0,0,18.0,17.0,9.0,8.0,26183,8620,5941,5762,19543,6640,14573,855,466,9965,324,11610,2016,문화재청_궁능유적본부_4대궁_관람객_수_현황_2016년.csv
2016-03-27,2016,3,27,6,일,1,0,0,0,0,18.0,17.0,9.0,8.0,22144,8072,5659,4990,18183,3961,10449,755,836,9402,702,11695,2016,문화재청_궁능유적본부_4대궁_관람객_수_현황_2016년.csv
2016-03-28,2016,3,28,0,월,0,0,0,3,0,18.0,17.0,9.0,8.0,15993,0,0,0,12967,3026,6368,498,699,7573,855,9625,2016,문화재청_궁능유적본부_4대궁_관람객_수_현황_2016년.csv
2016-03-29,2016,3,29,1,화,0,1,1,0,0,18.0,17.0,9.0,8.0,0,7484,3993,3868,0,0,0,0,0,0,0,0,2016,문화재청_궁능유적본부_4대궁_관람객_수_현황_2016년.csv
2016-03-30,2016,3,30,2,수,0,0,0,0,0,18.0,17.0,9.0,8.0,21531,11262,7393,6127,166,21365,6234,1736,868,11542,1151,15297,2016,문화재청_궁능유적본부_4대궁_관람객_수_현황_2016년.csv
2016-03-31,2016,3,31,3,목,0,0,0,0,0,18.0,17.0,9.0,8.0,18502,5347,4654,3421,14887,3615,6100,679,398,10767,558,12402,2016,문화재청_궁능유적본부_4대궁_관람객_수_현황_2016년.csv
2016-04-01,2016,4,1,4,금,0,0,0,0,0,18.0,17.0,9.0,8.0,17400,6898,5546,5121,13556,3844,8240,219,249,8180,512,9160,2016,문화재청_궁능유적본부_4대궁_관람객_수_현황_2016년.csv
2016-04-02,2016,4,2,5,토,1,0,0,0,0,18.0,17.0,9.0,8.0,28929,14059,9392,9362,21868,7061,16369,781,412,10539,828,12560,2016,문화재청_궁능유적본부_4대궁_관람객_수_현황_2016년.csv
2016-04-03,2016,4,3,6,일,1,0,0,0,0,18.0,17.0,9.0,8.0,18691,8816,5192,3662,15116,3575,8223,467,350,9154,497,10468,2016,문화재청_궁능유적본부_4대궁_관람객_수_현황_2016년.csv
2016-04-04,2016,4,4,0,월,0,0,0,3,0,18.0,17.0,9.0,8.0,18301,0,0,0,13920,4381,8215,719,528,7896,943,10086,2016,문화재청_궁능유적본부_4대궁_관람객_수_현황_2016년.csv
2016-04-05,2016,4,5,1,화,0,1,1,0,0,18.0,17.0,9.0,8.0,0,12869,4978,5956,0,0,0,0,0,0,0,0,2016,문화재청_궁능유적본부_4대궁_관람객_수_현황_2016년.csv
2016-04-06,2016,4,6,2,수,0,0,0,0,0,18.0,17.0,9.0,8.0,19956,9281,4232,5631,14052,5904,9640,792,161,9084,279,10316,2016,문화재청_궁능유적본부_4대궁_관람객_수_현황_2016년.csv
2016-04-07,2016,4,7,3,목,0,0,0,0,0,18.0,17.0,9.0,8.0,17867,7843,3187,4301,11976,5891,7872,569,302,8572,552,9995,2016,문화재청_궁능유적본부_4대궁_관람객_수_현황_2016년.csv
2016-04-08,2016,4,8,4,금,0,0,0,0,0,18.0,17.0,9.0,8.0,19022,7655,4602,6194,12928,6094,8851,512,226,8540,893,10171,2016,문화재청_궁능유적본부_4대궁_관람객_수_현황_2016년.csv
2016-04-09,2016,4,9,5,토,1,0,0,0,0,18.0,17.0,9.0,8.0,27742,13008,6736,7640,21218,6524,13838,438,409,12084,973,13904,2016,문화재청_궁능유적본부_4대궁_관람객_수_현황_2016년.csv
2016-04-10,2016,4,10,6,일,1,0,0,0,0,18.0,17.0,9.0,8.0,23486,11881,6206,6638,18309,5177,12030,758,555,9133,1010,11456,2016,문화재청_궁능유적본부_4대궁_관람객_수_현황_2016년.csv
2016-04-11,2016,4,11,0,월,0,0,0,3,0,18.0,17.0,9.0,8.0,18846,0,0,0,13988,4858,8270,884,453,8381,858,10576,2016,문화재청_궁능유적본부_4대궁_관람객_수_현황_2016년.csv
2016-04-12,2016,4,12,1,화,0,1,1,0,0,18.0,17.0,9.0,8.0,0,12107,3877,6576,0,0,0,0,0,0,0,0,2016,문화재청_궁능유적본부_4대궁_관람객_수_현황_2016년.csv
2016-04-13,2016,4,13,2,수,0,0,0,0,1,18.0,17.0,9.0,8.0,27439,10516,5020,6096,22153,5286,11184,927,470,13819,1039,16255,2016,문화재청_궁능유적본부_4대궁_관람객_수_현황_2016년.csv
2016-04-14,2016,4,14,3,목,0,0,0,0,0,18.0,17.0,9.0,8.0,87684,6571,2330,3228,82309,5375,74375,564,352,11811,582,13309,2016,문화재청_궁능유적본부_4대궁_관람객_수_현황_2016년.csv
2016-04-15,2016,4,15,4,금,0,0,0,0,0,18.0,17.0,9.0,8.0,19436,8685,3151,5416,14087,5349,7789,480,372,9915,880,11647,2016,문화재청_궁능유적본부_4대궁_관람객_수_현황_2016년.csv
2016-04-16,2016,4,16,5,토,1,0,0,0,0,18.0,17.0,9.0,8.0,23523,7136,3097,4597,19673,3850,8432,662,507,12841,1081,15091,2016,문화재청_궁능유적본부_4대궁_관람객_수_현황_2016년.csv
2016-04-17,2016,4,17,6,일,1,0,0,0,0,18.0,17.0,9.0,8.0,25349,6243,2998,4325,21919,3430,9039,632,372,14542,764,16310,2016,문화재청_궁능유적본부_4대궁_관람객_수_현황_2016년.csv
2016-04-18,2016,4,18,0,월,0,0,0,3,0,18.0,17.0,9.0,8.0,19778,0,0,0,14977,4801,7812,630,447,10426,463,11966,2016,문화재청_궁능유적본부_4대궁_관람객_수_현황_2016년.csv
2016-04-19,2016,4,19,1,화,0,1,1,0,0,18.0,17.0,9.0,8.0,0,10710,3355,6919,0,0,0,0,0,0,0,0,2016,문화재청_궁능유적본부_4대궁_관람객_수_현황_2016년.csv
2016-04-20,2016,4,20,2,수,0,0,0,0,0,18.0,17.0,9.0,8.0,28764,5771,2110,3528,16787,11977,13929,319,355,13464,697,14835,2016,문화재청_궁능유적본부_4대궁_관람객_수_현황_2016년.csv
2016-04-21,2016,4,21,3,목,0,0,0,0,0,18.0,17.0,9.0,8.0,23080,5331,1526,2773,12749,10331,11534,437,601,9930,578,11546,2016,문화재청_궁능유적본부_4대궁_관람객_수_현황_2016년.csv
2016-04-22,2016,4,22,4,금,0,0,0,0,0,18.0,17.0,9.0,8.0,21253,6204,1880,3841,13710,7543,10290,414,191,9798,560,10963,2016,문화재청_궁능유적본부_4대궁_관람객_수_현황_2016년.csv
2016-04-23,2016,4,23,5,토,1,0,0,0,0,18.0,17.0,9.0,8.0,26373,7787,3394,6389,21522,4851,11564,580,473,13194,562,14809,2016,문화재청_궁능유적본부_4대궁_관람객_수_현황_2016년.csv
2016-04-24,2016,4,24,6,일,1,0,0,0,0,18.0,17.0,9.0,8.0,21519,7106,3431,5708,17729,3790,9737,654,301,10023,804,11782,2016,문화재청_궁능유적본부_4대궁_관람객_수_현황_2016년.csv
2016-04-25,2016,4,25,0,월,0,0,0,3,0,18.0,17.0,9.0,8.0,20319,0,0,0,12677,7642,9309,897,213,9053,847,11010,2016,문화재청_궁능유적본부_4대궁_관람객_수_현황_2016년.csv
2016-04-26,2016,4,26,1,화,0,1,1,0,0,18.0,17.0,9.0,8.0,0,13477,2606,7854,0,0,0,0,0,0,0,0,2016,문화재청_궁능유적본부_4대궁_관람객_수_현황_2016년.csv
2016-04-27,2016,4,27,2,수,0,0,0,0,0,18.0,17.0,9.0,8.0,30415,13899,4943,7974,0,30415,14615,572,152,14398,678,15800,2016,문화재청_궁능유적본부_4대궁_관람객_수_현황_2016년.csv
2016-04-28,2016,4,28,3,목,0,0,0,0,0,18.0,17.0,9.0,8.0,25120,7602,2115,4309,13762,11358,13912,374,108,10097,629,11208,2016,문화재청_궁능유적본부_4대궁_관람객_수_현황_2016년.csv
2016-04-29,2016,4,29,4,금,0,0,0,0,0,18.0,17.0,9.0,8.0,23518,7703,3303,5467,14504,9014,12186,690,278,9376,988,11332,2016,문화재청_궁능유적본부_4대궁_관람객_수_현황_2016년.csv
2016-04-30,2016,4,30,5,토,1,0,0,0,0,18.0,17.0,9.0,8.0,28935,9468,5112,7495,22520,6415,13689,874,445,12958,969,15246,2016,문화재청_궁능유적본부_4대궁_관람객_수_현황_2016년.csv
2016-05-01,2016,5,1,6,일,1,0,0,0,0,18.0,17.0,9.0,8.0,26423,9708,5787,6442,20778,5645,13517,846,393,10671,996,12906,2016,문화재청_궁능유적본부_4대궁_관람객_수_현황_2016년.csv
2016-05-02,2016,5,2,0,월,0,0,0,0,0,18.0,17.0,9.0,8.0,17601,2846,2883,1845,12300,5301,7781,1299,605,7339,577,9820,2016,문화재청_궁능유적본부_4대궁_관람객_수_현황_2016년.csv
2016-05-03,2016,5,3,1,화,0,1,0,0,0,18.0,17.0,9.0,8.0,2888,4249,3578,2556,2375,513,960,59,19,1810,40,1928,2016,문화재청_궁능유적본부_4대궁_관람객_수_현황_2016년.csv
2016-05-04,2016,5,4,2,수,0,0,0,0,0,18.0,17.0,9.0,8.0,22849,5371,5908,5114,12799,10050,13766,423,493,7557,610,9083,2016,문화재청_궁능유적본부_4대궁_관람객_수_현황_2016년.csv
2016-05-05,2016,5,5,3,목,0,0,0,0,1,18.0,17.0,9.0,8.0,81148,28015,25494,23232,363,80785,54577,6195,2123,13724,4529,26571,2016,문화재청_궁능유적본부_4대궁_관람객_수_현황_2016년.csv
2016-05-06,2016,5,6,4,금,0,0,0,0,1,18.0,17.0,9.0,8.0,16462,14156,9257,11127,368,16094,8781,295,169,6706,511,7681,2016,문화재청_궁능유적본부_4대궁_관람객_수_현황_2016년.csv
2016-05-07,2016,5,7,5,토,1,0,0,0,0,18.0,17.0,9.0,8.0,77854,20011,16134,17661,397,77457,55294,2837,931,13599,5193,22560,2016,문화재청_궁능유적본부_4대궁_관람객_수_현황_2016년.csv
2016-05-08,2016,5,8,6,일,1,0,0,0,0,18.0,17.0,9.0,8.0,28049,19146,11342,11940,326,27723,16424,1882,415,8391,937,11625,2016,문화재청_궁능유적본부_4대궁_관람객_수_현황_2016년.csv
2016-05-09,2016,5,9,0,월,0,0,0,3,0,18.0,17.0,9.0,8.0,14016,0,0,0,8766,5250,7468,520,206,5525,297,6548,2016,문화재청_궁능유적본부_4대궁_관람객_수_현황_2016년.csv
2016-05-10,2016,5,10,1,화,0,1,1,0,0,18.0,17.0,9.0,8.0,0,6649,3202,3827,0,0,0,0,0,0,0,0,2016,문화재청_궁능유적본부_4대궁_관람객_수_현황_2016년.csv
2016-05-11,2016,5,11,2,수,0,0,0,0,0,18.0,17.0,9.0,8.0,26043,4970,4538,3984,14756,11287,13773,692,319,10934,325,12270,2016,문화재청_궁능유적본부_4대궁_관람객_수_현황_2016년.csv
2016-05-12,2016,5,12,3,목,0,0,0,0,0,18.0,17.0,9.0,8.0,21679,8096,4305,3865,11572,10107,12367,982,318,7572,440,9312,2016,문화재청_궁능유적본부_4대궁_관람객_수_현황_2016년.csv
2016-05-13,2016,5,13,4,금,0,0,0,0,0,18.0,17.0,9.0,8.0,26643,6837,5379,5800,14170,12473,15089,320,319,9718,1197,11554,2016,문화재청_궁능유적본부_4대궁_관람객_수_현황_2016년.csv
2016-05-14,2016,5,14,5,토,1,0,0,0,1,18.0,17.0,9.0,8.0,27528,10327,6161,8132,20336,7192,14999,1017,429,10435,648,12529,2016,문화재청_궁능유적본부_4대궁_관람객_수_현황_2016년.csv
2016-05-15,2016,5,15,6,일,1,0,0,0,0,18.0,17.0,9.0,8.0,14180,5127,3817,3253,11406,2774,6490,278,129,6551,732,7690,2016,문화재청_궁능유적본부_4대궁_관람객_수_현황_2016년.csv
2016-05-16,2016,5,16,0,월,0,0,0,3,0,18.0,17.0,9.0,8.0,19532,0,0,0,13226,6306,8090,936,611,9274,621,11442,2016,문화재청_궁능유적본부_4대궁_관람객_수_현황_2016년.csv
2016-05-17,2016,5,17,1,화,0,1,1,0,0,18.0,17.0,9.0,8.0,0,9664,4225,5310,0,0,0,0,0,0,0,0,2016,문화재청_궁능유적본부_4대궁_관람객_수_현황_2016년.csv
2016-05-18,2016,5,18,2,수,0,0,0,0,0,18.0,17.0,9.0,8.0,25251,5360,3307,4151,15619,9632,12550,269,237,11981,214,12701,2016,문화재청_궁능유적본부_4대궁_관람객_수_현황_2016년.csv
2016-05-19,2016,5,19,3,목,0,0,0,0,0,18.0,17.0,9.0,8.0,20162,5983,3609,3373,11778,8384,10518,569,276,8461,338,9644,2016,문화재청_궁능유적본부_4대궁_관람객_수_현황_2016년.csv
2016-05-20,2016,5,20,4,금,0,0,0,0,0,18.0,17.0,9.0,8.0,19705,5638,4164,4400,11615,8090,10471,349,294,8042,549,9234,2016,문화재청_궁능유적본부_4대궁_관람객_수_현황_2016년.csv
2016-05-21,2016,5,21,5,토,1,0,0,0,0,18.0,17.0,9.0,8.0,24929,8048,4791,6590,18012,6917,12274,573,273,11005,804,12655,2016,문화재청_궁능유적본부_4대궁_관람객_수_현황_2016년.csv
2016-05-22,2016,5,22,6,일,1,0,0,0,0,18.0,17.0,9.0,8.0,19426,6248,4200,4286,14641,4785,10000,778,337,7546,765,9426,2016,문화재청_궁능유적본부_4대궁_관람객_수_현황_2016년.csv
2016-05-23,2016,5,23,0,월,0,0,0,3,0,18.0,17.0,9.0,8.0,15883,0,0,0,11694,4189,8222,725,326,6191,419,7661,2016,문화재청_궁능유적본부_4대궁_관람객_수_현황_2016년.csv
2016-05-24,2016,5,24,1,화,0,1,1,0,0,18.0,17.0,9.0,8.0,0,6337,2846,4471,0,0,0,0,0,0,0,0,2016,문화재청_궁능유적본부_4대궁_관람객_수_현황_2016년.csv
2016-05-25,2016,5,25,2,수,0,0,0,0,0,18.0,17.0,9.0,8.0,26723,10077,3588,7953,246,26477,11524,1118,490,11877,1714,15199,2016,문화재청_궁능유적본부_4대궁_관람객_수_현황_2016년.csv
2016-05-26,2016,5,26,3,목,0,0,0,0,0,18.0,17.0,9.0,8.0,20264,5160,3633,3516,13367,6897,9722,564,164,8777,1037,10542,2016,문화재청_궁능유적본부_4대궁_관람객_수_현황_2016년.csv
2016-05-27,2016,5,27,4,금,0,0,0,0,0,18.0,17.0,9.0,8.0,21511,5807,4327,9320,13500,8011,11347,621,175,8784,584,10164,2016,문화재청_궁능유적본부_4대궁_관람객_수_현황_2016년.csv
2016-05-28,2016,5,28,5,토,1,0,0,0,0,18.0,17.0,9.0,8.0,26690,7738,4922,14543,17526,9164,14333,989,764,9336,1268,12357,2016,문화재청_궁능유적본부_4대궁_관람객_수_현황_2016년.csv
2016-05-29,2016,5,29,6,일,1,0,0,0,0,18.0,17.0,9.0,8.0,20502,6158,4258,4857,14893,5609,11058,399,328,8141,576,9444,2016,문화재청_궁능유적본부_4대궁_관람객_수_현황_2016년.csv
2016-05-30,2016,5,30,0,월,0,0,0,3,0,18.0,17.0,9.0,8.0,18012,0,0,0,13701,4311,7060,1374,1022,7647,909,10952,2016,문화재청_궁능유적본부_4대궁_관람객_수_현황_2016년.csv
2016-05-31,2016,5,31,1,화,0,1,1,0,0,18.0,17.0,9.0,8.0,0,6467,3192,4378,0,0,0,0,0,0,0,0,2016,문화재청_궁능유적본부_4대궁_관람객_수_현황_2016년.csv
2016-06-01,2016,6,1,2,수,0,0,0,0,0,18.5,17.5,9.5,8.5,17309,3938,2809,2829,12305,5004,8678,316,128,7658,529,8631,2016,문화재청_궁능유적본부_4대궁_관람객_수_현황_2016년.csv
2016-06-02,2016,6,2,3,목,0,0,0,0,0,18.5,17.5,9.5,8.5,15067,3826,2865,3040,10763,4304,7287,649,186,6265,680,7780,2016,문화재청_궁능유적본부_4대궁_관람객_수_현황_2016년.csv
2016-06-03,2016,6,3,4,금,0,0,0,0,0,18.5,17.5,9.5,8.5,13312,4859,1552,4535,9636,3676,5198,441,162,6736,775,8114,2016,문화재청_궁능유적본부_4대궁_관람객_수_현황_2016년.csv
2016-06-04,2016,6,4,5,토,1,0,0,0,0,18.5,17.5,9.5,8.5,24682,7222,2584,8163,18438,6244,13895,602,421,9005,759,10787,2016,문화재청_궁능유적본부_4대궁_관람객_수_현황_2016년.csv
2016-06-05,2016,6,5,6,일,1,0,0,0,0,18.5,17.5,9.5,8.5,25810,8006,2809,9222,19304,6506,15967,552,261,8562,468,9843,2016,문화재청_궁능유적본부_4대궁_관람객_수_현황_2016년.csv
2016-06-06,2016,6,6,0,월,0,0,0,0,1,18.5,17.5,9.5,8.5,20763,5744,2106,6519,14713,6050,12171,859,320,6347,1066,8592,2016,문화재청_궁능유적본부_4대궁_관람객_수_현황_2016년.csv
2016-06-07,2016,6,7,1,화,0,1,1,0,0,18.5,17.5,9.5,8.5,0,5446,1457,8058,0,0,0,0,0,0,0,0,2016,문화재청_궁능유적본부_4대궁_관람객_수_현황_2016년.csv
2016-06-08,2016,6,8,2,수,0,0,0,0,0,18.5,17.5,9.5,8.5,17103,3161,938,4234,12895,4208,6618,444,190,9068,783,10485,2016,문화재청_궁능유적본부_4대궁_관람객_수_현황_2016년.csv
2016-06-09,2016,6,9,3,목,0,0,0,0,0,18.5,17.5,9.5,8.5,17827,3780,1080,4121,12623,5204,7607,469,206,9044,501,10220,2016,문화재청_궁능유적본부_4대궁_관람객_수_현황_2016년.csv
2016-06-10,2016,6,10,4,금,0,0,0,0,0,18.5,17.5,9.5,8.5,16919,4282,1130,4983,13677,3242,5183,789,459,9453,1035,11736,2016,문화재청_궁능유적본부_4대궁_관람객_수_현황_2016년.csv
2016-06-11,2016,6,11,5,토,1,0,0,0,0,18.5,17.5,9.5,8.5,19639,5814,1576,5932,15628,4011,8728,599,507,9069,736,10911,2016,문화재청_궁능유적본부_4대궁_관람객_수_현황_2016년.csv
2016-06-12,2016,6,12,6,일,1,0,0,0,0,18.5,17.5,9.5,8.5,18075,11038,5336,6071,14880,3195,8197,333,182,8786,577,9878,2016,문화재청_궁능유적본부_4대궁_관람객_수_현황_2016년.csv
2016-06-13,2016,6,13,0,월,0,0,0,3,0,18.5,17.5,9.5,8.5,13640,0,0,0,11595,2045,4685,487,210,7807,451,8955,2016,문화재청_궁능유적본부_4대궁_관람객_수_현황_2016년.csv
2016-06-14,2016,6,14,1,화,0,1,1,0,0,18.5,17.5,9.5,8.5,0,9857,5208,5078,0,0,0,0,0,0,0,0,2016,문화재청_궁능유적본부_4대궁_관람객_수_현황_2016년.csv
2016-06-15,2016,6,15,2,수,0,0,0,0,0,18.5,17.5,9.5,8.5,17343,2510,526,2711,15196,2147,4356,53,131,12482,321,12987,2016,문화재청_궁능유적본부_4대궁_관람객_수_현황_2016년.csv
2016-06-16,2016,6,16,3,목,0,0,0,0,0,18.5,17.5,9.5,8.5,16696,3065,838,5056,13954,2742,5474,616,190,9967,449,11222,2016,문화재청_궁능유적본부_4대궁_관람객_수_현황_2016년.csv
2016-06-17,2016,6,17,4,금,0,0,0,0,0,18.5,17.5,9.5,8.5,15315,3718,1025,4906,12121,3194,6125,543,220,8050,377,9190,2016,문화재청_궁능유적본부_4대궁_관람객_수_현황_2016년.csv
2016-06-18,2016,6,18,5,토,1,0,0,0,0,18.5,17.5,9.5,8.5,21211,5462,1912,7703,17267,3944,9215,504,237,10330,925,11996,2016,문화재청_궁능유적본부_4대궁_관람객_수_현황_2016년.csv
2016-06-19,2016,6,19,6,일,1,0,0,0,0,18.5,17.5,9.5,8.5,17886,5118,1591,5396,14640,3246,8950,579,211,7663,483,8936,2016,문화재청_궁능유적본부_4대궁_관람객_수_현황_2016년.csv
2016-06-20,2016,6,20,0,월,0,0,0,3,0,18.5,17.5,9.5,8.5,14519,0,0,0,12370,2149,4894,806,249,8081,489,9625,2016,문화재청_궁능유적본부_4대궁_관람객_수_현황_2016년.csv
2016-06-21,2016,6,21,1,화,0,1,1,0,0,18.5,17.5,9.5,8.5,0,6013,1185,7194,0,0,0,0,0,0,0,0,2016,문화재청_궁능유적본부_4대궁_관람객_수_현황_2016년.csv
2016-06-22,2016,6,22,2,수,0,0,0,0,0,18.5,17.5,9.5,8.5,82750,2325,450,2671,80465,2285,72560,490,314,8962,424,10190,2016,문화재청_궁능유적본부_4대궁_관람객_수_현황_2016년.csv
2016-06-23,2016,6,23,3,목,0,0,0,0,0,18.5,17.5,9.5,8.5,16568,3688,908,4006,13322,3246,6520,725,139,8776,408,10048,2016,문화재청_궁능유적본부_4대궁_관람객_수_현황_2016년.csv
2016-06-24,2016,6,24,4,금,0,0,0,0,0,18.5,17.5,9.5,8.5,14682,3343,836,3490,12370,2312,3868,725,344,9113,632,10814,2016,문화재청_궁능유적본부_4대궁_관람객_수_현황_2016년.csv
2016-06-25,2016,6,25,5,토,1,0,0,0,0,18.5,17.5,9.5,8.5,23589,6407,2101,8399,18982,4607,11169,1088,388,10555,389,12420,2016,문화재청_궁능유적본부_4대궁_관람객_수_현황_2016년.csv
2016-06-26,2016,6,26,6,일,1,0,0,0,0,18.5,17.5,9.5,8.5,19001,5246,1571,5859,15579,3422,8110,416,202,9569,704,10891,2016,문화재청_궁능유적본부_4대궁_관람객_수_현황_2016년.csv
2016-06-27,2016,6,27,0,월,0,0,0,3,0,18.5,17.5,9.5,8.5,18270,0,0,0,15217,3053,5825,786,262,11119,278,12445,2016,문화재청_궁능유적본부_4대궁_관람객_수_현황_2016년.csv
2016-06-28,2016,6,28,1,화,0,1,1,0,0,18.5,17.5,9.5,8.5,0,6603,1211,6284,0,0,0,0,0,0,0,0,2016,문화재청_궁능유적본부_4대궁_관람객_수_현황_2016년.csv
2016-06-29,2016,6,29,2,수,0,0,0,0,0,18.5,17.5,9.5,8.5,24484,5849,2238,8914,0,24484,6598,1227,514,15045,1100,17886,2016,문화재청_궁능유적본부_4대궁_관람객_수_현황_2016년.csv
2016-06-30,2016,6,30,3,목,0,0,0,0,0,18.5,17.5,9.5,8.5,17076,3240,792,4325,14425,2651,5557,310,87,10920,202,11519,2016,문화재청_궁능유적본부_4대궁_관람객_수_현황_2016년.csv
2016-07-01,2016,7,1,4,금,0,0,0,0,0,18.5,17.5,9.5,8.5,12189,2005,480,2546,10608,1581,3030,164,88,8446,461,9159,2016,문화재청_궁능유적본부_4대궁_관람객_수_현황_2016년.csv
2016-07-02,2016,7,2,5,토,1,0,0,0,0,18.5,17.5,9.5,8.5,22910,4837,1498,6988,19474,3436,8721,624,308,12618,639,14189,2016,문화재청_궁능유적본부_4대궁_관람객_수_현황_2016년.csv
2016-07-03,2016,7,3,6,일,1,0,0,0,0,18.5,17.5,9.5,8.5,19975,4869,1714,5564,16690,3285,8490,597,248,10155,485,11485,2016,문화재청_궁능유적본부_4대궁_관람객_수_현황_2016년.csv
2016-07-04,2016,7,4,0,월,0,0,0,3,0,18.5,17.5,9.5,8.5,13343,0,0,0,11793,1550,3526,508,91,9040,178,9817,2016,문화재청_궁능유적본부_4대궁_관람객_수_현황_2016년.csv
2016-07-05,2016,7,5,1,화,0,1,1,0,0,18.5,17.5,9.5,8.5,0,2287,491,3387,0,0,0,0,0,0,0,0,2016,문화재청_궁능유적본부_4대궁_관람객_수_현황_2016년.csv
2016-07-06,2016,7,6,2,수,0,0,0,0,0,18.5,17.5,9.5,8.5,19998,3259,788,3961,17380,2618,5887,840,244,12785,242,14111,2016,문화재청_궁능유적본부_4대궁_관람객_수_현황_2016년.csv
2016-07-07,2016,7,7,3,목,0,0,0,0,0,18.5,17.5,9.5,8.5,18395,2783,1128,3888,15860,2535,5399,633,162,11565,636,12996,2016,문화재청_궁능유적본부_4대궁_관람객_수_현황_2016년.csv
2016-07-08,2016,7,8,4,금,0,0,0,0,0,18.5,17.5,9.5,8.5,17396,3513,1230,4597,14529,2867,5023,709,257,11002,405,12373,2016,문화재청_궁능유적본부_4대궁_관람객_수_현황_2016년.csv
2016-07-09,2016,7,9,5,토,1,0,0,0,0,18.5,17.5,9.5,8.5,21864,4320,1123,6499,18363,3501,7707,700,248,12469,740,14157,2016,문화재청_궁능유적본부_4대궁_관람객_수_현황_2016년.csv
2016-07-10,2016,7,10,6,일,1,0,0,0,0,18.5,17.5,9.5,8.5,19706,3687,972,4699,16914,2792,11099,511,257,7291,548,8607,2016,문화재청_궁능유적본부_4대궁_관람객_수_현황_2016년.csv
2016-07-11,2016,7,11,0,월,0,0,0,3,0,18.5,17.5,9.5,8.5,17342,0,0,0,14745,2597,3939,609,411,11534,849,13403,2016,문화재청_궁능유적본부_4대궁_관람객_수_현황_2016년.csv
2016-07-12,2016,7,12,1,화,0,1,1,0,0,18.5,17.5,9.5,8.5,0,5453,1032,5920,0,0,0,0,0,0,0,0,2016,문화재청_궁능유적본부_4대궁_관람객_수_현황_2016년.csv
2016-07-13,2016,7,13,2,수,0,0,0,0,0,18.5,17.5,9.5,8.5,20643,2817,623,3927,17630,3013,5524,571,236,13794,518,15119,2016,문화재청_궁능유적본부_4대궁_관람객_수_현황_2016년.csv
2016-07-14,2016,7,14,3,목,0,0,0,0,0,18.5,17.5,9.5,8.5,18977,2353,635,3702,16238,2739,6862,375,135,11250,355,12115,2016,문화재청_궁능유적본부_4대궁_관람객_수_현황_2016년.csv
2016-07-15,2016,7,15,4,금,0,0,0,0,0,18.5,17.5,9.5,8.5,22259,2799,1078,4621,18804,3455,5722,831,275,14929,502,16537,2016,문화재청_궁능유적본부_4대궁_관람객_수_현황_2016년.csv
2016-07-16,2016,7,16,5,토,1,0,0,0,0,18.5,17.5,9.5,8.5,20386,2827,2920,4346,17807,2579,7375,279,178,11806,748,13011,2016,문화재청_궁능유적본부_4대궁_관람객_수_현황_2016년.csv
2016-07-17,2016,7,17,6,일,1,0,0,0,0,18.5,17.5,9.5,8.5,27333,5347,4025,5344,22967,4366,13197,388,367,12841,540,14136,2016,문화재청_궁능유적본부_4대궁_관람객_수_현황_2016년.csv
2016-07-18,2016,7,18,0,월,0,0,0,3,0,18.5,17.5,9.5,8.5,24979,0,0,0,21549,3430,11213,431,438,12377,520,13766,2016,문화재청_궁능유적본부_4대궁_관람객_수_현황_2016년.csv
2016-07-19,2016,7,19,1,화,0,1,1,0,0,18.5,17.5,9.5,8.5,0,5725,3316,5829,0,0,0,0,0,0,0,0,2016,문화재청_궁능유적본부_4대궁_관람객_수_현황_2016년.csv
2016-07-20,2016,7,20,2,수,0,0,0,0,0,18.5,17.5,9.5,8.5,24150,2143,2674,3225,20993,3157,10474,340,64,12948,324,13676,2016,문화재청_궁능유적본부_4대궁_관람객_수_현황_2016년.csv
2016-07-21,2016,7,21,3,목,0,0,0,0,0,18.5,17.5,9.5,8.5,21206,3043,2719,3701,17971,3235,8211,547,183,11726,539,12995,2016,문화재청_궁능유적본부_4대궁_관람객_수_현황_2016년.csv
2016-07-22,2016,7,22,4,금,0,0,0,0,0,18.5,17.5,9.5,8.5,21312,2412,2909,3390,18182,3130,7436,191,106,13202,377,13876,2016,문화재청_궁능유적본부_4대궁_관람객_수_현황_2016년.csv
2016-07-23,2016,7,23,5,토,1,0,0,0,0,18.5,17.5,9.5,8.5,23980,3638,3574,5583,19783,4197,10576,330,178,12348,548,13404,2016,문화재청_궁능유적본부_4대궁_관람객_수_현황_2016년.csv
2016-07-24,2016,7,24,6,일,1,0,0,0,0,18.5,17.5,9.5,8.5,22783,3725,3198,4892,18995,3788,9799,450,265,11938,331,12984,2016,문화재청_궁능유적본부_4대궁_관람객_수_현황_2016년.csv
2016-07-25,2016,7,25,0,월,0,0,0,3,0,18.5,17.5,9.5,8.5,21045,0,0,0,17619,3426,8802,341,283,11299,320,12243,2016,문화재청_궁능유적본부_4대궁_관람객_수_현황_2016년.csv
2016-07-26,2016,7,26,1,화,0,1,1,0,0,18.5,17.5,9.5,8.5,0,5334,3322,7077,0,0,0,0,0,0,0,0,2016,문화재청_궁능유적본부_4대궁_관람객_수_현황_2016년.csv
2016-07-27,2016,7,27,2,수,0,0,0,0,0,18.5,17.5,9.5,8.5,27738,4874,3694,7412,2459,25279,9145,926,475,16203,989,18593,2016,문화재청_궁능유적본부_4대궁_관람객_수_현황_2016년.csv
2016-07-28,2016,7,28,3,목,0,0,0,0,0,18.5,17.5,9.5,8.5,21433,3027,3299,6011,17361,4072,9684,446,161,10978,164,11749,2016,문화재청_궁능유적본부_4대궁_관람객_수_현황_2016년.csv
2016-07-29,2016,7,29,4,금,0,0,0,0,0,18.5,17.5,9.5,8.5,19865,2764,3237,4034,16624,3241,8997,135,98,10546,89,10868,2016,문화재청_궁능유적본부_4대궁_관람객_수_현황_2016년.csv
2016-07-30,2016,7,30,5,토,1,0,0,0,0,18.5,17.5,9.5,8.5,26109,4151,3522,6632,20931,5178,12500,525,227,12268,589,13609,2016,문화재청_궁능유적본부_4대궁_관람객_수_현황_2016년.csv
2016-07-31,2016,7,31,6,일,1,0,0,0,0,18.5,17.5,9.5,8.5,26266,4335,3574,5905,21685,4581,12527,274,135,12529,801,13739,2016,문화재청_궁능유적본부_4대궁_관람객_수_현황_2016년.csv
2016-08-01,2016,8,1,0,월,0,0,0,3,0,18.5,17.5,9.5,8.5,25947,0,0,0,20524,5423,13252,559,279,11197,660,12695,2016,문화재청_궁능유적본부_4대궁_관람객_수_현황_2016년.csv
2016-08-02,2016,8,2,1,화,0,1,1,0,0,18.5,17.5,9.5,8.5,0,7952,4329,7684,0,0,0,0,0,0,0,0,2016,문화재청_궁능유적본부_4대궁_관람객_수_현황_2016년.csv
2016-08-03,2016,8,3,2,수,0,0,0,0,0,18.5,17.5,9.5,8.5,24759,3709,3111,5504,20168,4591,11405,365,200,12332,457,13354,2016,문화재청_궁능유적본부_4대궁_관람객_수_현황_2016년.csv
2016-08-04,2016,8,4,3,목,0,0,0,0,0,18.5,17.5,9.5,8.5,19602,3100,2853,4488,16174,3428,9278,472,112,9446,294,10324,2016,문화재청_궁능유적본부_4대궁_관람객_수_현황_2016년.csv
2016-08-05,2016,8,5,4,금,0,0,0,0,0,18.5,17.5,9.5,8.5,21124,2639,3418,3786,17641,3483,8727,218,162,11782,235,12397,2016,문화재청_궁능유적본부_4대궁_관람객_수_현황_2016년.csv
2016-08-06,2016,8,6,5,토,1,0,0,0,0,18.5,17.5,9.5,8.5,27201,3374,3318,5570,22781,4420,11048,211,405,14997,540,16153,2016,문화재청_궁능유적본부_4대궁_관람객_수_현황_2016년.csv
2016-08-07,2016,8,7,6,일,1,0,0,0,0,18.5,17.5,9.5,8.5,19401,3155,3092,4718,15964,3437,10018,285,260,8633,205,9383,2016,문화재청_궁능유적본부_4대궁_관람객_수_현황_2016년.csv
2016-08-08,2016,8,8,0,월,0,0,0,3,0,18.5,17.5,9.5,8.5,21359,0,0,0,18268,3091,9145,443,188,11341,242,12214,2016,문화재청_궁능유적본부_4대궁_관람객_수_현황_2016년.csv
2016-08-09,2016,8,9,1,화,0,1,1,0,0,18.5,17.5,9.5,8.5,0,5926,2638,4809,0,0,0,0,0,0,0,0,2016,문화재청_궁능유적본부_4대궁_관람객_수_현황_2016년.csv
2016-08-10,2016,8,10,2,수,0,0,0,0,0,18.5,17.5,9.5,8.5,22882,2286,2206,4198,19446,3436,10198,303,300,11305,776,12684,2016,문화재청_궁능유적본부_4대궁_관람객_수_현황_2016년.csv
2016-08-11,2016,8,11,3,목,0,0,0,0,0,18.5,17.5,9.5,8.5,19882,2649,2411,4194,16688,3194,7088,508,195,11647,444,12794,2016,문화재청_궁능유적본부_4대궁_관람객_수_현황_2016년.csv
2016-08-12,2016,8,12,4,금,0,0,0,0,0,18.5,17.5,9.5,8.5,20237,2397,3051,3672,16950,3287,8764,362,247,10569,295,11473,2016,문화재청_궁능유적본부_4대궁_관람객_수_현황_2016년.csv
2016-08-13,2016,8,13,5,토,1,0,0,0,0,18.5,17.5,9.5,8.5,22825,3517,3234,6125,18430,4395,10843,330,219,11026,407,11982,2016,문화재청_궁능유적본부_4대궁_관람객_수_현황_2016년.csv
2016-08-14,2016,8,14,6,일,1,0,0,0,0,18.5,17.5,9.5,8.5,24728,4363,3651,6401,19743,4985,12124,322,405,11384,493,12604,2016,문화재청_궁능유적본부_4대궁_관람객_수_현황_2016년.csv
2016-08-15,2016,8,15,0,월,0,0,0,0,1,18.5,17.5,9.5,8.5,21807,2979,838,5029,16997,4810,12456,355,274,8371,351,9351,2016,문화재청_궁능유적본부_4대궁_관람객_수_현황_2016년.csv
2016-08-16,2016,8,16,1,화,0,1,1,0,0,18.5,17.5,9.5,8.5,0,7187,2320,4740,0,0,0,0,0,0,0,0,2016,문화재청_궁능유적본부_4대궁_관람객_수_현황_2016년.csv
2016-08-17,2016,8,17,2,수,0,0,0,0,0,18.5,17.5,9.5,8.5,21519,2056,2206,3490,18090,3429,7492,393,542,12699,393,14027,2016,문화재청_궁능유적본부_4대궁_관람객_수_현황_2016년.csv
2016-08-18,2016,8,18,3,목,0,0,0,0,0,18.5,17.5,9.5,8.5,19435,2046,2435,4362,15404,4031,9152,262,354,9353,314,10283,2016,문화재청_궁능유적본부_4대궁_관람객_수_현황_2016년.csv
2016-08-19,2016,8,19,4,금,0,0,0,0,0,18.5,17.5,9.5,8.5,18295,2243,3201,4411,15610,2685,8486,211,210,9215,173,9809,2016,문화재청_궁능유적본부_4대궁_관람객_수_현황_2016년.csv
2016-08-20,2016,8,20,5,토,1,0,0,0,0,18.5,17.5,9.5,8.5,19053,3403,1119,5447,15438,3615,7596,316,484,10288,369,11457,2016,문화재청_궁능유적본부_4대궁_관람객_수_현황_2016년.csv
2016-08-21,2016,8,21,6,일,1,0,0,0,0,18.5,17.5,9.5,8.5,17140,2996,834,4407,14001,3139,7002,270,174,9395,299,10138,2016,문화재청_궁능유적본부_4대궁_관람객_수_현황_2016년.csv
2016-08-22,2016,8,22,0,월,0,0,0,3,0,18.5,17.5,9.5,8.5,14935,0,0,0,12886,2049,4429,358,338,9373,437,10506,2016,문화재청_궁능유적본부_4대궁_관람객_수_현황_2016년.csv
2016-08-23,2016,8,23,1,화,0,1,1,0,0,18.5,17.5,9.5,8.5,0,4717,663,4289,0,0,0,0,0,0,0,0,2016,문화재청_궁능유적본부_4대궁_관람객_수_현황_2016년.csv
2016-08-24,2016,8,24,2,수,0,0,0,0,0,18.5,17.5,9.5,8.5,17776,3537,623,2969,14688,3088,6095,245,212,11015,209,11681,2016,문화재청_궁능유적본부_4대궁_관람객_수_현황_2016년.csv
2016-08-25,2016,8,25,3,목,0,0,0,0,0,18.5,17.5,9.5,8.5,14727,2320,640,3177,11998,2729,5339,221,218,8695,254,9388,2016,문화재청_궁능유적본부_4대궁_관람객_수_현황_2016년.csv
2016-08-26,2016,8,26,4,금,0,0,0,0,0,18.5,17.5,9.5,8.5,13933,2974,1122,4319,11648,2285,6125,202,137,7299,170,7808,2016,문화재청_궁능유적본부_4대궁_관람객_수_현황_2016년.csv
2016-08-27,2016,8,27,5,토,1,0,0,0,0,18.5,17.5,9.5,8.5,21628,6444,2905,8181,16992,4636,11018,533,434,9175,468,10610,2016,문화재청_궁능유적본부_4대궁_관람객_수_현황_2016년.csv
2016-08-28,2016,8,28,6,일,1,0,0,0,0,18.5,17.5,9.5,8.5,17386,4870,1645,5475,13836,3550,9164,387,302,7112,421,8222,2016,문화재청_궁능유적본부_4대궁_관람객_수_현황_2016년.csv
2016-08-29,2016,8,29,0,월,0,0,0,3,0,18.5,17.5,9.5,8.5,12420,0,0,0,9805,2615,6501,302,131,5355,131,5919,2016,문화재청_궁능유적본부_4대궁_관람객_수_현황_2016년.csv
2016-08-30,2016,8,30,1,화,0,1,1,0,0,18.5,17.5,9.5,8.5,0,5714,1706,5545,0,0,0,0,0,0,0,0,2016,문화재청_궁능유적본부_4대궁_관람객_수_현황_2016년.csv
2016-08-31,2016,8,31,2,수,0,0,0,0,0,18.5,17.5,9.5,8.5,8449,1905,705,3390,0,8449,2590,265,234,4773,587,5859,2016,문화재청_궁능유적본부_4대궁_관람객_수_현황_2016년.csv
2016-09-01,2016,9,1,3,목,0,0,0,0,0,18.0,17.0,9.0,8.0,12192,2619,995,4147,9297,2895,5667,355,157,5830,183,6525,2016,문화재청_궁능유적본부_4대궁_관람객_수_현황_2016년.csv
2016-09-02,2016,9,2,4,금,0,0,0,0,0,18.0,17.0,9.0,8.0,12415,2982,911,3701,9523,2892,5978,175,130,5890,242,6437,2016,문화재청_궁능유적본부_4대궁_관람객_수_현황_2016년.csv
2016-09-03,2016,9,3,5,토,1,0,0,0,0,18.0,17.0,9.0,8.0,19675,5325,2207,7528,14359,5316,11199,461,246,7281,488,8476,2016,문화재청_궁능유적본부_4대궁_관람객_수_현황_2016년.csv
2016-09-04,2016,9,4,6,일,1,0,0,0,0,18.0,17.0,9.0,8.0,15857,5736,1689,5419,12057,3800,8614,687,393,5767,396,7243,2016,문화재청_궁능유적본부_4대궁_관람객_수_현황_2016년.csv
2016-09-05,2016,9,5,0,월,0,0,0,3,0,18.0,17.0,9.0,8.0,11226,0,0,0,8314,2912,5399,589,502,4513,223,5827,2016,문화재청_궁능유적본부_4대궁_관람객_수_현황_2016년.csv
2016-09-06,2016,9,6,1,화,0,1,1,0,0,18.0,17.0,9.0,8.0,0,5541,1220,4667,0,0,0,0,0,0,0,0,2016,문화재청_궁능유적본부_4대궁_관람객_수_현황_2016년.csv
2016-09-07,2016,9,7,2,수,0,0,0,0,0,18.0,17.0,9.0,8.0,14639,3565,919,3573,9811,4828,6729,383,489,6752,286,7910,2016,문화재청_궁능유적본부_4대궁_관람객_수_현황_2016년.csv
2016-09-08,2016,9,8,3,목,0,0,0,0,0,18.0,17.0,9.0,8.0,14697,2489,722,3502,10892,3805,4863,441,429,8570,394,9834,2016,문화재청_궁능유적본부_4대궁_관람객_수_현황_2016년.csv
2016-09-09,2016,9,9,4,금,0,0,0,0,0,18.0,17.0,9.0,8.0,13877,3300,981,4644,9264,4613,7631,280,250,5301,415,6246,2016,문화재청_궁능유적본부_4대궁_관람객_수_현황_2016년.csv
2016-09-10,2016,9,10,5,토,1,0,0,0,0,18.0,17.0,9.0,8.0,19199,5881,2123,7755,13324,5875,11588,663,566,5980,402,7611,2016,문화재청_궁능유적본부_4대궁_관람객_수_현황_2016년.csv
2016-09-11,2016,9,11,6,일,1,0,0,0,0,18.0,17.0,9.0,8.0,15547,5590,1717,6490,11341,4206,8856,455,296,5110,830,6691,2016,문화재청_궁능유적본부_4대궁_관람객_수_현황_2016년.csv
2016-09-12,2016,9,12,0,월,0,0,0,3,0,18.0,17.0,9.0,8.0,10344,0,0,0,7594,2750,5138,555,188,4247,216,5206,2016,문화재청_궁능유적본부_4대궁_관람객_수_현황_2016년.csv
2016-09-13,2016,9,13,1,화,0,1,1,0,0,18.0,17.0,9.0,8.0,0,4272,1064,4354,0,0,0,0,0,0,0,0,2016,문화재청_궁능유적본부_4대궁_관람객_수_현황_2016년.csv
2016-09-14,2016,9,14,2,수,0,0,0,0,1,18.0,17.0,9.0,8.0,22787,6683,2257,6971,17084,5703,14572,385,138,7091,601,8215,2016,문화재청_궁능유적본부_4대궁_관람객_수_현황_2016년.csv
2016-09-15,2016,9,15,3,목,0,0,0,0,1,18.0,17.0,9.0,8.0,91347,27267,17980,24143,0,91347,70573,895,1089,15837,2953,20774,2016,문화재청_궁능유적본부_4대궁_관람객_수_현황_2016년.csv
2016-09-16,2016,9,16,4,금,0,0,0,0,1,18.0,17.0,9.0,8.0,36603,13140,7496,15638,25924,10679,28088,347,131,7284,753,8515,2016,문화재청_궁능유적본부_4대궁_관람객_수_현황_2016년.csv
2016-09-17,2016,9,17,5,토,1,0,0,0,0,18.0,17.0,9.0,8.0,26252,8624,4059,11607,17309,8943,18970,781,315,5677,509,7282,2016,문화재청_궁능유적본부_4대궁_관람객_수_현황_2016년.csv
2016-09-18,2016,9,18,6,일,1,0,0,0,0,18.0,17.0,9.0,8.0,16824,7289,2917,7979,11502,5322,11907,328,163,4093,333,4917,2016,문화재청_궁능유적본부_4대궁_관람객_수_현황_2016년.csv
2016-09-19,2016,9,19,0,월,0,0,0,3,0,18.0,17.0,9.0,8.0,12817,0,0,0,10137,2680,6865,437,295,4736,484,5952,2016,문화재청_궁능유적본부_4대궁_관람객_수_현황_2016년.csv
2016-09-20,2016,9,20,1,화,0,1,1,0,0,18.0,17.0,9.0,8.0,0,6751,1808,7182,0,0,0,0,0,0,0,0,2016,문화재청_궁능유적본부_4대궁_관람객_수_현황_2016년.csv
2016-09-21,2016,9,21,2,수,0,0,0,0,0,18.0,17.0,9.0,8.0,21170,4102,1715,5251,13318,7852,11360,511,471,8376,452,9810,2016,문화재청_궁능유적본부_4대궁_관람객_수_현황_2016년.csv
2016-09-22,2016,9,22,3,목,0,0,0,0,0,18.0,17.0,9.0,8.0,18048,4279,1403,5271,10278,7770,12294,578,320,4353,503,5754,2016,문화재청_궁능유적본부_4대궁_관람객_수_현황_2016년.csv
2016-09-23,2016,9,23,4,금,0,0,0,0,0,18.0,17.0,9.0,8.0,16856,5199,1756,6157,11012,5844,7739,606,485,7385,641,9117,2016,문화재청_궁능유적본부_4대궁_관람객_수_현황_2016년.csv
2016-09-24,2016,9,24,5,토,1,0,0,0,0,18.0,17.0,9.0,8.0,33791,8339,5473,11412,22451,11340,22569,757,425,8760,1280,11222,2016,문화재청_궁능유적본부_4대궁_관람객_수_현황_2016년.csv
2016-09-25,2016,9,25,6,일,1,0,0,0,0,18.0,17.0,9.0,8.0,23819,6671,4682,8103,16601,7218,16367,532,319,5892,709,7452,2016,문화재청_궁능유적본부_4대궁_관람객_수_현황_2016년.csv
2016-09-26,2016,9,26,0,월,0,0,0,3,0,18.0,17.0,9.0,8.0,21075,0,0,0,14612,6463,10114,710,863,8029,1359,10961,2016,문화재청_궁능유적본부_4대궁_관람객_수_현황_2016년.csv
2016-09-27,2016,9,27,1,화,0,1,1,0,0,18.0,17.0,9.0,8.0,0,5175,3216,5415,0,0,0,0,0,0,0,0,2016,문화재청_궁능유적본부_4대궁_관람객_수_현황_2016년.csv
2016-09-28,2016,9,28,2,수,0,0,0,0,0,18.0,17.0,9.0,8.0,28014,21665,5241,11927,2621,25393,18251,724,481,7100,1458,9763,2016,문화재청_궁능유적본부_4대궁_관람객_수_현황_2016년.csv
2016-09-29,2016,9,29,3,목,0,0,0,0,0,18.0,17.0,9.0,8.0,21782,5079,3869,7675,12115,9667,14944,717,260,5307,554,6838,2016,문화재청_궁능유적본부_4대궁_관람객_수_현황_2016년.csv
2016-09-30,2016,9,30,4,금,0,0,0,0,0,18.0,17.0,9.0,8.0,21424,6216,5186,8049,12746,8678,14645,495,140,5652,492,6779,2016,문화재청_궁능유적본부_4대궁_관람객_수_현황_2016년.csv
2016-10-01,2016,10,1,5,토,1,0,0,0,0,18.0,17.0,9.0,8.0,39095,9289,5666,11539,24501,14594,26591,774,323,10047,1360,12504,2016,문화재청_궁능유적본부_4대궁_관람객_수_현황_2016년.csv
2016-10-02,2016,10,2,6,일,1,0,0,0,0,18.0,17.0,9.0,8.0,23476,5420,3609,7148,19752,3724,11130,289,179,10861,1017,12346,2016,문화재청_궁능유적본부_4대궁_관람객_수_현황_2016년.csv
2016-10-03,2016,10,3,0,월,0,0,0,0,1,18.0,17.0,9.0,8.0,38779,8501,3030,11113,27592,11187,25672,656,294,11342,815,13107,2016,문화재청_궁능유적본부_4대궁_관람객_수_현황_2016년.csv
2016-10-04,2016,10,4,1,화,0,1,1,0,0,18.0,17.0,9.0,8.0,0,10205,4169,5289,0,0,0,0,0,0,0,0,2016,문화재청_궁능유적본부_4대궁_관람객_수_현황_2016년.csv
2016-10-05,2016,10,5,2,수,0,0,0,0,0,18.0,17.0,9.0,8.0,28356,5490,3687,3449,20322,8034,15536,446,97,11800,477,12820,2016,문화재청_궁능유적본부_4대궁_관람객_수_현황_2016년.csv
2016-10-06,2016,10,6,3,목,0,0,0,0,0,18.0,17.0,9.0,8.0,25102,7004,4563,3486,14517,10585,16829,395,129,7069,680,8273,2016,문화재청_궁능유적본부_4대궁_관람객_수_현황_2016년.csv
2016-10-07,2016,10,7,4,금,0,0,0,0,0,18.0,17.0,9.0,8.0,21090,5364,4728,3517,12745,8345,15140,253,42,5395,260,5950,2016,문화재청_궁능유적본부_4대궁_관람객_수_현황_2016년.csv
2016-10-08,2016,10,8,5,토,1,0,0,0,0,18.0,17.0,9.0,8.0,30072,9166,4888,6891,16722,13350,23295,377,267,5237,896,6777,2016,문화재청_궁능유적본부_4대궁_관람객_수_현황_2016년.csv
2016-10-09,2016,10,9,6,일,1,0,0,0,1,18.0,17.0,9.0,8.0,27983,9503,5403,5742,17763,10220,21952,781,518,3801,931,6031,2016,문화재청_궁능유적본부_4대궁_관람객_수_현황_2016년.csv
2016-10-10,2016,10,10,0,월,0,0,0,3,0,18.0,17.0,9.0,8.0,22797,0,0,0,14833,7964,12644,1189,563,7437,964,10153,2016,문화재청_궁능유적본부_4대궁_관람객_수_현황_2016년.csv
2016-10-11,2016,10,11,1,화,0,1,1,0,0,18.0,17.0,9.0,8.0,0,11411,4462,6089,0,0,0,0,0,0,0,0,2016,문화재청_궁능유적본부_4대궁_관람객_수_현황_2016년.csv
2016-10-12,2016,10,12,2,수,0,0,0,0,0,18.0,17.0,9.0,8.0,28147,9096,4592,5480,2575,25572,15590,1104,365,8864,2224,12557,2016,문화재청_궁능유적본부_4대궁_관람객_수_현황_2016년.csv
2016-10-13,2016,10,13,3,목,0,0,0,0,0,18.0,17.0,9.0,8.0,26137,7556,4673,4252,12730,13407,18758,646,273,5769,691,7379,2016,문화재청_궁능유적본부_4대궁_관람객_수_현황_2016년.csv
2016-10-14,2016,10,14,4,금,0,0,0,0,0,18.0,17.0,9.0,8.0,29899,7545,5034,4940,15785,14114,21701,474,644,6147,933,8198,2016,문화재청_궁능유적본부_4대궁_관람객_수_현황_2016년.csv
2016-10-15,2016,10,15,5,토,1,0,0,0,0,18.0,17.0,9.0,8.0,34296,10093,5468,7732,20665,13631,26100,954,490,6279,473,8196,2016,문화재청_궁능유적본부_4대궁_관람객_수_현황_2016년.csv
2016-10-16,2016,10,16,6,일,1,0,0,0,0,18.0,17.0,9.0,8.0,21742,6605,4179,3932,15699,6043,15657,346,355,4136,1248,6085,2016,문화재청_궁능유적본부_4대궁_관람객_수_현황_2016년.csv
2016-10-17,2016,10,17,0,월,0,0,0,3,0,18.0,17.0,9.0,8.0,20726,0,0,0,13489,7237,14576,768,383,4410,589,6150,2016,문화재청_궁능유적본부_4대궁_관람객_수_현황_2016년.csv
2016-10-18,2016,10,18,1,화,0,1,1,0,0,18.0,17.0,9.0,8.0,0,10342,4722,6344,0,0,0,0,0,0,0,0,2016,문화재청_궁능유적본부_4대궁_관람객_수_현황_2016년.csv
2016-10-19,2016,10,19,2,수,0,0,0,0,0,18.0,17.0,9.0,8.0,28771,7811,3350,4838,16573,12198,19915,376,272,7179,1029,8856,2016,문화재청_궁능유적본부_4대궁_관람객_수_현황_2016년.csv
2016-10-20,2016,10,20,3,목,0,0,0,0,0,18.0,17.0,9.0,8.0,28111,8143,3527,4509,14514,13597,20940,433,147,5904,687,7171,2016,문화재청_궁능유적본부_4대궁_관람객_수_현황_2016년.csv
2016-10-21,2016,10,21,4,금,0,0,0,0,0,18.0,17.0,9.0,8.0,34842,9842,6492,5675,16574,18268,26133,306,354,6974,1075,8709,2016,문화재청_궁능유적본부_4대궁_관람객_수_현황_2016년.csv
2016-10-22,2016,10,22,5,토,1,0,0,0,0,18.0,17.0,9.0,8.0,42729,13324,6519,10549,25654,17075,30494,519,225,10418,1073,12235,2016,문화재청_궁능유적본부_4대궁_관람객_수_현황_2016년.csv
2016-10-23,2016,10,23,6,일,1,0,0,0,0,18.0,17.0,9.0,8.0,23819,8776,4357,5125,16709,7110,16116,655,288,6189,571,7703,2016,문화재청_궁능유적본부_4대궁_관람객_수_현황_2016년.csv
2016-10-24,2016,10,24,0,월,0,0,0,3,0,18.0,17.0,9.0,8.0,22324,0,0,0,14746,7578,15730,744,365,4583,902,6594,2016,문화재청_궁능유적본부_4대궁_관람객_수_현황_2016년.csv
2016-10-25,2016,10,25,1,화,0,1,1,0,0,18.0,17.0,9.0,8.0,0,10381,3469,5280,0,0,0,0,0,0,0,0,2016,문화재청_궁능유적본부_4대궁_관람객_수_현황_2016년.csv
2016-10-26,2016,10,26,2,수,0,0,0,0,0,18.0,17.0,9.0,8.0,32101,12984,6323,10265,2757,29344,18869,1195,810,7688,3539,13232,2016,문화재청_궁능유적본부_4대궁_관람객_수_현황_2016년.csv
2016-10-27,2016,10,27,3,목,0,0,0,0,0,18.0,17.0,9.0,8.0,28283,9949,4756,6219,15258,13025,20010,746,203,6353,971,8273,2016,문화재청_궁능유적본부_4대궁_관람객_수_현황_2016년.csv
2016-10-28,2016,10,28,4,금,0,0,0,0,0,18.0,17.0,9.0,8.0,27352,9193,5500,10124,14440,12912,20681,670,396,4450,1155,6671,2016,문화재청_궁능유적본부_4대궁_관람객_수_현황_2016년.csv
2016-10-29,2016,10,29,5,토,1,0,0,0,0,18.0,17.0,9.0,8.0,27180,13163,4688,12508,18594,8586,19888,679,224,5336,1053,7292,2016,문화재청_궁능유적본부_4대궁_관람객_수_현황_2016년.csv
2016-10-30,2016,10,30,6,일,1,0,0,0,0,18.0,17.0,9.0,8.0,24723,13136,4965,8385,17873,6850,16727,433,200,6413,950,7996,2016,문화재청_궁능유적본부_4대궁_관람객_수_현황_2016년.csv
2016-10-31,2016,10,31,0,월,0,0,0,3,0,18.0,17.0,9.0,8.0,11851,0,0,0,9220,2631,6199,358,243,3796,1255,5652,2016,문화재청_궁능유적본부_4대궁_관람객_수_현황_2016년.csv
2016-11-01,2016,11,1,1,화,0,1,1,0,0,17.0,16.0,8.0,7.0,0,9768,2538,4611,0,0,0,0,0,0,0,0,2016,문화재청_궁능유적본부_4대궁_관람객_수_현황_2016년.csv
2016-11-02,2016,11,2,2,수,0,0,0,0,0,17.0,16.0,8.0,7.0,14523,9712,1601,2771,9763,4760,8265,597,231,5099,331,6258,2016,문화재청_궁능유적본부_4대궁_관람객_수_현황_2016년.csv
2016-11-03,2016,11,3,3,목,0,0,0,0,0,17.0,16.0,8.0,7.0,14303,9202,2337,4499,9278,5025,9157,802,246,3534,564,5146,2016,문화재청_궁능유적본부_4대궁_관람객_수_현황_2016년.csv
2016-11-04,2016,11,4,4,금,0,0,0,0,0,17.0,16.0,8.0,7.0,14590,9793,2655,4749,9764,4826,8485,577,298,4349,881,6105,2016,문화재청_궁능유적본부_4대궁_관람객_수_현황_2016년.csv
2016-11-05,2016,11,5,5,토,1,0,0,0,0,17.0,16.0,8.0,7.0,22668,13725,4971,9609,15099,7569,15936,774,364,5079,515,6732,2016,문화재청_궁능유적본부_4대궁_관람객_수_현황_2016년.csv
2016-11-06,2016,11,6,6,일,1,0,0,0,0,17.0,16.0,8.0,7.0,20235,13619,5809,8474,14245,5990,13344,569,299,4939,1084,6891,2016,문화재청_궁능유적본부_4대궁_관람객_수_현황_2016년.csv
2016-11-07,2016,11,7,0,월,0,0,0,3,0,17.0,16.0,8.0,7.0,13053,0,0,0,9399,3654,6625,848,509,4616,455,6428,2016,문화재청_궁능유적본부_4대궁_관람객_수_현황_2016년.csv
2016-11-08,2016,11,8,1,화,0,1,1,0,0,17.0,16.0,8.0,7.0,0,10314,2891,5956,0,0,0,0,0,0,0,0,2016,문화재청_궁능유적본부_4대궁_관람객_수_현황_2016년.csv
2016-11-09,2016,11,9,2,수,0,0,0,0,0,17.0,16.0,8.0,7.0,14133,7103,2243,3997,10121,4012,7641,457,291,5124,620,6492,2016,문화재청_궁능유적본부_4대궁_관람객_수_현황_2016년.csv
2016-11-10,2016,11,10,3,목,0,0,0,0,0,17.0,16.0,8.0,7.0,12419,6703,1742,3946,8665,3754,7684,201,133,3552,849,4735,2016,문화재청_궁능유적본부_4대궁_관람객_수_현황_2016년.csv
2016-11-11,2016,11,11,4,금,0,0,0,0,0,17.0,16.0,8.0,7.0,15688,8914,2821,5896,11343,4345,7148,567,495,6475,1003,8540,2016,문화재청_궁능유적본부_4대궁_관람객_수_현황_2016년.csv
2016-11-12,2016,11,12,5,토,1,0,0,0,0,17.0,16.0,8.0,7.0,11715,11221,4558,5929,8274,3441,7312,548,166,3089,600,4403,2016,문화재청_궁능유적본부_4대궁_관람객_수_현황_2016년.csv
2016-11-13,2016,11,13,6,일,1,0,0,0,0,17.0,16.0,8.0,7.0,19163,11870,4857,8689,14038,5125,11508,512,340,5352,1451,7655,2016,문화재청_궁능유적본부_4대궁_관람객_수_현황_2016년.csv
2016-11-14,2016,11,14,0,월,0,0,0,3,0,17.0,16.0,8.0,7.0,10432,0,0,0,8540,1892,4439,532,282,4787,392,5993,2016,문화재청_궁능유적본부_4대궁_관람객_수_현황_2016년.csv
2016-11-15,2016,11,15,1,화,0,1,1,0,0,17.0,16.0,8.0,7.0,0,10669,2457,5153,0,0,0,0,0,0,0,0,2016,문화재청_궁능유적본부_4대궁_관람객_수_현황_2016년.csv
2016-11-16,2016,11,16,2,수,0,0,0,0,0,17.0,16.0,8.0,7.0,15954,5652,2217,4384,12377,3577,8870,338,156,5523,1067,7084,2016,문화재청_궁능유적본부_4대궁_관람객_수_현황_2016년.csv
2016-11-17,2016,11,17,3,목,0,0,0,0,0,17.0,16.0,8.0,7.0,13510,6191,2586,4656,9114,4396,7249,456,348,4617,840,6261,2016,문화재청_궁능유적본부_4대궁_관람객_수_현황_2016년.csv
2016-11-18,2016,11,18,4,금,0,0,0,0,0,17.0,16.0,8.0,7.0,12837,5506,2042,4719,9420,3417,7122,275,176,4948,316,5715,2016,문화재청_궁능유적본부_4대궁_관람객_수_현황_2016년.csv
2016-11-19,2016,11,19,5,토,1,0,0,0,0,17.0,16.0,8.0,7.0,11142,7595,3770,6837,8477,2665,6751,256,164,3440,531,4391,2016,문화재청_궁능유적본부_4대궁_관람객_수_현황_2016년.csv
2016-11-20,2016,11,20,6,일,1,0,0,0,0,17.0,16.0,8.0,7.0,18961,8516,4693,7485,13640,5321,14053,407,373,3255,873,4908,2016,문화재청_궁능유적본부_4대궁_관람객_수_현황_2016년.csv
2016-11-21,2016,11,21,0,월,0,0,0,3,0,17.0,16.0,8.0,7.0,11604,0,0,0,8961,2643,4775,650,465,5043,671,6829,2016,문화재청_궁능유적본부_4대궁_관람객_수_현황_2016년.csv
2016-11-22,2016,11,22,1,화,0,1,1,0,0,17.0,16.0,8.0,7.0,0,5539,1433,3510,0,0,0,0,0,0,0,0,2016,문화재청_궁능유적본부_4대궁_관람객_수_현황_2016년.csv
2016-11-23,2016,11,23,2,수,0,0,0,0,0,17.0,16.0,8.0,7.0,12483,3224,659,2255,9700,2783,6682,474,260,4385,682,5801,2016,문화재청_궁능유적본부_4대궁_관람객_수_현황_2016년.csv
2016-11-24,2016,11,24,3,목,0,0,0,0,0,17.0,16.0,8.0,7.0,9009,2967,608,2116,7264,1745,4977,356,284,2964,428,4032,2016,문화재청_궁능유적본부_4대궁_관람객_수_현황_2016년.csv
2016-11-25,2016,11,25,4,금,0,0,0,0,0,17.0,16.0,8.0,7.0,10975,4127,871,2522,8437,2538,4857,504,192,4732,690,6118,2016,문화재청_궁능유적본부_4대궁_관람객_수_현황_2016년.csv
2016-11-26,2016,11,26,5,토,1,0,0,0,0,17.0,16.0,8.0,7.0,4978,3921,1114,2473,3944,1034,2445,186,297,1675,375,2533,2016,문화재청_궁능유적본부_4대궁_관람객_수_현황_2016년.csv
2016-11-27,2016,11,27,6,일,1,0,0,0,0,17.0,16.0,8.0,7.0,13274,4569,1247,3863,10540,2734,7595,232,90,4509,848,5679,2016,문화재청_궁능유적본부_4대궁_관람객_수_현황_2016년.csv
2016-11-28,2016,11,28,0,월,0,0,0,3,0,17.0,16.0,8.0,7.0,10487,0,0,0,8163,2324,5523,394,244,3985,341,4964,2016,문화재청_궁능유적본부_4대궁_관람객_수_현황_2016년.csv
2016-11-29,2016,11,29,1,화,0,1,1,0,0,17.0,16.0,8.0,7.0,0,4384,1112,3504,0,0,0,0,0,0,0,0,2016,문화재청_궁능유적본부_4대궁_관람객_수_현황_2016년.csv
2016-11-30,2016,11,30,2,수,0,0,0,0,0,17.0,16.0,8.0,7.0,14928,4537,2095,3681,0,14928,6508,581,559,5274,2006,8420,2016,문화재청_궁능유적본부_4대궁_관람객_수_현황_2016년.csv
2016-12-01,2016,12,1,3,목,0,0,0,0,0,17.0,16.0,8.0,7.0,9433,3065,914,2008,6053,3380,5857,618,199,2366,393,3576,2016,문화재청_궁능유적본부_4대궁_관람객_수_현황_2016년.csv
2016-12-02,2016,12,2,4,금,0,0,0,0,0,17.0,16.0,8.0,7.0,10311,3131,842,2470,7474,2837,4751,536,204,4314,506,5560,2016,문화재청_궁능유적본부_4대궁_관람객_수_현황_2016년.csv
2016-12-03,2016,12,3,5,토,1,0,0,0,0,17.0,16.0,8.0,7.0,6172,4414,1233,3022,4820,1352,3191,183,226,2232,340,2981,2016,문화재청_궁능유적본부_4대궁_관람객_수_현황_2016년.csv
2016-12-04,2016,12,4,6,일,1,0,0,0,0,17.0,16.0,8.0,7.0,12498,4911,1088,3552,9665,2833,7654,549,419,3223,653,4844,2016,문화재청_궁능유적본부_4대궁_관람객_수_현황_2016년.csv
2016-12-05,2016,12,5,0,월,0,0,0,3,0,17.0,16.0,8.0,7.0,12535,0,0,0,6919,5616,7695,618,343,3442,437,4840,2016,문화재청_궁능유적본부_4대궁_관람객_수_현황_2016년.csv
2016-12-06,2016,12,6,1,화,0,1,1,0,0,17.0,16.0,8.0,7.0,0,3217,835,4046,0,0,0,0,0,0,0,0,2016,문화재청_궁능유적본부_4대궁_관람객_수_현황_2016년.csv
2016-12-07,2016,12,7,2,수,0,0,0,0,0,17.0,16.0,8.0,7.0,9267,2013,713,1907,6987,2280,4585,488,126,3346,722,4682,2016,문화재청_궁능유적본부_4대궁_관람객_수_현황_2016년.csv
2016-12-08,2016,12,8,3,목,0,0,0,0,0,17.0,16.0,8.0,7.0,10813,2926,1047,3013,7180,3633,5397,606,265,3249,1296,5416,2016,문화재청_궁능유적본부_4대궁_관람객_수_현황_2016년.csv
2016-12-09,2016,12,9,4,금,0,0,0,0,0,17.0,16.0,8.0,7.0,10264,3596,829,2568,7267,2997,5704,638,132,2503,1287,4560,2016,문화재청_궁능유적본부_4대궁_관람객_수_현황_2016년.csv
2016-12-10,2016,12,10,5,토,1,0,0,0,0,17.0,16.0,8.0,7.0,5652,3550,1084,2910,4342,1310,2827,360,129,1608,728,2825,2016,문화재청_궁능유적본부_4대궁_관람객_수_현황_2016년.csv
2016-12-11,2016,12,11,6,일,1,0,0,0,0,17.0,16.0,8.0,7.0,13698,3732,944,2765,11144,2554,7508,915,121,4128,1026,6190,2016,문화재청_궁능유적본부_4대궁_관람객_수_현황_2016년.csv
2016-12-12,2016,12,12,0,월,0,0,0,3,0,17.0,16.0,8.0,7.0,10509,0,0,0,7471,3038,5085,549,160,3959,756,5424,2016,문화재청_궁능유적본부_4대궁_관람객_수_현황_2016년.csv
2016-12-13,2016,12,13,1,화,0,1,1,0,0,17.0,16.0,8.0,7.0,0,4708,774,3448,0,0,0,0,0,0,0,0,2016,문화재청_궁능유적본부_4대궁_관람객_수_현황_2016년.csv
2016-12-14,2016,12,14,2,수,0,0,0,0,0,17.0,16.0,8.0,7.0,12085,2290,653,1612,7549,4536,6303,477,153,4290,862,5782,2016,문화재청_궁능유적본부_4대궁_관람객_수_현황_2016년.csv
2016-12-15,2016,12,15,3,목,0,0,0,0,0,17.0,16.0,8.0,7.0,9593,2380,776,2446,6175,3418,5777,419,91,3179,127,3816,2016,문화재청_궁능유적본부_4대궁_관람객_수_현황_2016년.csv
2016-12-16,2016,12,16,4,금,0,0,0,0,0,17.0,16.0,8.0,7.0,10193,2972,548,2052,7482,2711,3967,622,113,4314,1177,6226,2016,문화재청_궁능유적본부_4대궁_관람객_수_현황_2016년.csv
2016-12-17,2016,12,17,5,토,1,0,0,0,0,17.0,16.0,8.0,7.0,8277,3433,1182,3639,6156,2121,4555,553,203,2354,612,3722,2016,문화재청_궁능유적본부_4대궁_관람객_수_현황_2016년.csv
2016-12-18,2016,12,18,6,일,1,0,0,0,0,17.0,16.0,8.0,7.0,13664,3903,963,3758,10694,2970,7817,750,219,3849,1029,5847,2016,문화재청_궁능유적본부_4대궁_관람객_수_현황_2016년.csv
2016-12-19,2016,12,19,0,월,0,0,0,3,0,17.0,16.0,8.0,7.0,10733,0,0,0,8071,2662,6394,701,223,2659,756,4339,2016,문화재청_궁능유적본부_4대궁_관람객_수_현황_2016년.csv
2016-12-20,2016,12,20,1,화,0,1,1,0,0,17.0,16.0,8.0,7.0,0,4943,1265,3770,0,0,0,0,0,0,0,0,2016,문화재청_궁능유적본부_4대궁_관람객_수_현황_2016년.csv
2016-12-21,2016,12,21,2,수,0,0,0,0,0,17.0,16.0,8.0,7.0,10720,2243,523,2156,8141,2579,4654,381,110,5380,195,6066,2016,문화재청_궁능유적본부_4대궁_관람객_수_현황_2016년.csv
2016-12-22,2016,12,22,3,목,0,0,0,0,0,17.0,16.0,8.0,7.0,7303,1516,358,1093,5286,2017,4483,323,35,2174,288,2820,2016,문화재청_궁능유적본부_4대궁_관람객_수_현황_2016년.csv
2016-12-23,2016,12,23,4,금,0,0,0,0,0,17.0,16.0,8.0,7.0,11018,2441,887,1735,8530,2488,3916,347,185,5782,788,7102,2016,문화재청_궁능유적본부_4대궁_관람객_수_현황_2016년.csv
2016-12-24,2016,12,24,5,토,1,0,0,0,0,17.0,16.0,8.0,7.0,10359,3378,795,2530,8135,2224,5436,392,265,3614,652,4923,2016,문화재청_궁능유적본부_4대궁_관람객_수_현황_2016년.csv
2016-12-25,2016,12,25,6,일,1,0,0,0,1,17.0,16.0,8.0,7.0,15251,4078,1160,3818,11978,3273,8058,547,169,5639,838,7193,2016,문화재청_궁능유적본부_4대궁_관람객_수_현황_2016년.csv
2016-12-26,2016,12,26,0,월,0,0,0,3,0,17.0,16.0,8.0,7.0,12055,0,0,0,9823,2232,5026,553,224,5225,1027,7029,2016,문화재청_궁능유적본부_4대궁_관람객_수_현황_2016년.csv
2016-12-27,2016,12,27,1,화,0,1,1,0,0,17.0,16.0,8.0,7.0,0,5228,860,3218,0,0,0,0,0,0,0,0,2016,문화재청_궁능유적본부_4대궁_관람객_수_현황_2016년.csv
2016-12-28,2016,12,28,2,수,0,0,0,0,0,17.0,16.0,8.0,7.0,15270,3539,1422,3925,0,15270,6161,758,457,5080,2814,9109,2016,문화재청_궁능유적본부_4대궁_관람객_수_현황_2016년.csv
2016-12-29,2016,12,29,3,목,0,0,0,0,0,17.0,16.0,8.0,7.0,10097,2945,547,2238,8072,2025,5203,229,125,3904,636,4894,2016,문화재청_궁능유적본부_4대궁_관람객_수_현황_2016년.csv
2016-12-30,2016,12,30,4,금,0,0,0,0,0,17.0,16.0,8.0,7.0,12490,2891,584,2283,10223,2267,5515,583,203,4902,1287,6975,2016,문화재청_궁능유적본부_4대궁_관람객_수_현황_2016년.csv
2016-12-31,2016,12,31,5,토,1,0,0,0,0,17.0,16.0,8.0,7.0,13167,4198,1018,1314,9830,3337,7798,449,129,3981,810,5369,2016,문화재청_궁능유적본부_4대궁_관람객_수_현황_2016년.csv
2017-01-01,2017,1,1,6,일,1,0,0,0,1,17.0,16.0,8.0,7.0,18647,5163,1394,4494,13622,5025,11143,434,330,6004,736,7504,2017,문화재청_궁능유적본부_4대궁_관람객_수_현황_2017년.csv
2017-01-02,2017,1,2,0,월,0,0,0,3,0,17.0,16.0,8.0,7.0,11679,0,0,0,9030,2649,6474,189,124,4195,697,5205,2017,문화재청_궁능유적본부_4대궁_관람객_수_현황_2017년.csv
2017-01-03,2017,1,3,1,화,0,1,1,0,0,17.0,16.0,8.0,7.0,0,5041,988,3680,0,0,0,0,0,0,0,0,2017,문화재청_궁능유적본부_4대궁_관람객_수_현황_2017년.csv
2017-01-04,2017,1,4,2,수,0,0,0,0,0,17.0,16.0,8.0,7.0,9719,2606,794,2995,6970,2749,5154,351,159,3529,526,4565,2017,문화재청_궁능유적본부_4대궁_관람객_수_현황_2017년.csv
2017-01-05,2017,1,5,3,목,0,0,0,0,0,17.0,16.0,8.0,7.0,8386,2591,772,2593,5933,2453,5136,419,170,2254,407,3250,2017,문화재청_궁능유적본부_4대궁_관람객_수_현황_2017년.csv
2017-01-06,2017,1,6,4,금,0,0,0,0,0,17.0,16.0,8.0,7.0,9513,3046,919,3352,6864,2649,4912,349,166,3548,538,4601,2017,문화재청_궁능유적본부_4대궁_관람객_수_현황_2017년.csv
2017-01-07,2017,1,7,5,토,1,0,0,0,0,17.0,16.0,8.0,7.0,11155,4242,1511,5324,7326,3829,7665,319,90,2607,474,3490,2017,문화재청_궁능유적본부_4대궁_관람객_수_현황_2017년.csv
2017-01-08,2017,1,8,6,일,1,0,0,0,0,17.0,16.0,8.0,7.0,12209,4325,1424,4506,8568,3641,8548,137,146,2874,504,3661,2017,문화재청_궁능유적본부_4대궁_관람객_수_현황_2017년.csv
2017-01-09,2017,1,9,0,월,0,0,0,3,0,17.0,16.0,8.0,7.0,8082,0,0,0,5708,2374,4445,379,142,2915,201,3637,2017,문화재청_궁능유적본부_4대궁_관람객_수_현황_2017년.csv
2017-01-10,2017,1,10,1,화,0,1,1,0,0,17.0,16.0,8.0,7.0,0,4196,672,3322,0,0,0,0,0,0,0,0,2017,문화재청_궁능유적본부_4대궁_관람객_수_현황_2017년.csv
2017-01-11,2017,1,11,2,수,0,0,0,0,0,17.0,16.0,8.0,7.0,8030,1911,403,1966,6134,1896,3872,135,83,3744,196,4158,2017,문화재청_궁능유적본부_4대궁_관람객_수_현황_2017년.csv
2017-01-12,2017,1,12,3,목,0,0,0,0,0,17.0,16.0,8.0,7.0,8016,1612,458,1870,6010,2006,4283,224,127,2650,732,3733,2017,문화재청_궁능유적본부_4대궁_관람객_수_현황_2017년.csv
2017-01-13,2017,1,13,4,금,0,0,0,0,0,17.0,16.0,8.0,7.0,7715,1943,565,2090,5944,1771,2950,233,114,3621,797,4765,2017,문화재청_궁능유적본부_4대궁_관람객_수_현황_2017년.csv
2017-01-14,2017,1,14,5,토,1,0,0,0,0,17.0,16.0,8.0,7.0,8706,2195,533,2402,6668,2038,3799,240,142,3955,570,4907,2017,문화재청_궁능유적본부_4대궁_관람객_수_현황_2017년.csv
2017-01-15,2017,1,15,6,일,1,0,0,0,0,17.0,16.0,8.0,7.0,11350,2667,492,2325,8859,2491,4736,385,153,5262,814,6614,2017,문화재청_궁능유적본부_4대궁_관람객_수_현황_2017년.csv
2017-01-16,2017,1,16,0,월,0,0,0,3,0,17.0,16.0,8.0,7.0,9278,0,0,0,7296,1982,3570,167,154,4808,579,5708,2017,문화재청_궁능유적본부_4대궁_관람객_수_현황_2017년.csv
2017-01-17,2017,1,17,1,화,0,1,1,0,0,17.0,16.0,8.0,7.0,0,4003,644,3588,0,0,0,0,0,0,0,0,2017,문화재청_궁능유적본부_4대궁_관람객_수_현황_2017년.csv
2017-01-18,2017,1,18,2,수,0,0,0,0,0,17.0,16.0,8.0,7.0,13146,2109,476,2712,10238,2908,3829,446,163,8038,670,9317,2017,문화재청_궁능유적본부_4대궁_관람객_수_현황_2017년.csv
2017-01-19,2017,1,19,3,목,0,0,0,0,0,17.0,16.0,8.0,7.0,11190,2139,528,2720,8192,2998,6260,275,120,4195,340,4930,2017,문화재청_궁능유적본부_4대궁_관람객_수_현황_2017년.csv
2017-01-20,2017,1,20,4,금,0,0,0,0,0,17.0,16.0,8.0,7.0,11346,3349,1258,3008,8774,2572,4981,203,160,5495,507,6365,2017,문화재청_궁능유적본부_4대궁_관람객_수_현황_2017년.csv
2017-01-21,2017,1,21,5,토,1,0,0,0,0,17.0,16.0,8.0,7.0,12612,3106,889,1996,9405,3207,7080,218,139,4673,502,5532,2017,문화재청_궁능유적본부_4대궁_관람객_수_현황_2017년.csv
2017-01-22,2017,1,22,6,일,1,0,0,0,0,17.0,16.0,8.0,7.0,14243,3678,961,3501,11461,2782,6564,173,82,6958,466,7679,2017,문화재청_궁능유적본부_4대궁_관람객_수_현황_2017년.csv
2017-01-23,2017,1,23,0,월,0,0,0,3,0,17.0,16.0,8.0,7.0,9162,0,0,0,7570,1592,3039,57,117,5377,572,6123,2017,문화재청_궁능유적본부_4대궁_관람객_수_현황_2017년.csv
2017-01-24,2017,1,24,1,화,0,1,1,0,0,17.0,16.0,8.0,7.0,0,3271,383,2556,0,0,0,0,0,0,0,0,2017,문화재청_궁능유적본부_4대궁_관람객_수_현황_2017년.csv
2017-01-25,2017,1,25,2,수,0,0,0,0,0,17.0,16.0,8.0,7.0,9408,2854,1087,3037,0,9408,2668,549,172,5095,924,6740,2017,문화재청_궁능유적본부_4대궁_관람객_수_현황_2017년.csv
2017-01-26,2017,1,26,3,목,0,0,0,0,0,17.0,16.0,8.0,7.0,6522,1293,432,2006,5172,1350,3538,263,69,2450,202,2984,2017,문화재청_궁능유적본부_4대궁_관람객_수_현황_2017년.csv
2017-01-27,2017,1,27,4,금,0,0,0,0,1,17.0,16.0,8.0,7.0,11557,2688,672,2920,8948,2609,6465,383,51,3939,719,5092,2017,문화재청_궁능유적본부_4대궁_관람객_수_현황_2017년.csv
2017-01-28,2017,1,28,5,토,1,0,0,0,1,17.0,16.0,8.0,7.0,40634,13127,6461,9459,0,40634,25964,775,287,8139,5469,14670,2017,문화재청_궁능유적본부_4대궁_관람객_수_현황_2017년.csv
2017-01-29,2017,1,29,6,일,1,0,0,0,1,17.0,16.0,8.0,7.0,16353,3857,1085,4187,13186,3167,6877,595,57,7822,1002,9476,2017,문화재청_궁능유적본부_4대궁_관람객_수_현황_2017년.csv
2017-01-30,2017,1,30,0,월,0,0,0,0,1,17.0,16.0,8.0,7.0,18204,3642,1160,2723,13638,4566,11285,442,31,5618,828,6919,2017,문화재청_궁능유적본부_4대궁_관람객_수_현황_2017년.csv
2017-01-31,2017,1,31,1,화,0,1,1,0,0,17.0,16.0,8.0,7.0,0,4314,623,3462,0,0,0,0,0,0,0,0,2017,문화재청_궁능유적본부_4대궁_관람객_수_현황_2017년.csv
2017-02-01,2017,2,1,2,수,0,0,0,0,0,17.0,16.0,8.0,7.0,14798,1924,526,2570,12279,2519,4901,403,102,8663,729,9897,2017,문화재청_궁능유적본부_4대궁_관람객_수_현황_2017년.csv
2017-02-02,2017,2,2,3,목,0,0,0,0,0,17.0,16.0,8.0,7.0,12542,1808,581,2569,10014,2528,4550,400,114,7024,454,7992,2017,문화재청_궁능유적본부_4대궁_관람객_수_현황_2017년.csv
2017-02-03,2017,2,3,4,금,0,0,0,0,0,17.0,16.0,8.0,7.0,12944,2610,810,3025,10148,2796,5228,101,95,7039,481,7716,2017,문화재청_궁능유적본부_4대궁_관람객_수_현황_2017년.csv
2017-02-04,2017,2,4,5,토,1,0,0,0,0,17.0,16.0,8.0,7.0,14254,3497,1195,5156,10226,4028,7608,260,250,5573,563,6646,2017,문화재청_궁능유적본부_4대궁_관람객_수_현황_2017년.csv
2017-02-05,2017,2,5,6,일,1,0,0,0,0,17.0,16.0,8.0,7.0,12358,2209,581,2989,9776,2582,6741,279,246,4193,899,5617,2017,문화재청_궁능유적본부_4대궁_관람객_수_현황_2017년.csv
2017-02-06,2017,2,6,0,월,0,0,0,3,0,17.0,16.0,8.0,7.0,12382,0,0,0,9972,2410,5952,626,179,5029,596,6430,2017,문화재청_궁능유적본부_4대궁_관람객_수_현황_2017년.csv
2017-02-07,2017,2,7,1,화,0,1,1,0,0,17.0,16.0,8.0,7.0,0,4459,877,3269,0,0,0,0,0,0,0,0,2017,문화재청_궁능유적본부_4대궁_관람객_수_현황_2017년.csv
2017-02-08,2017,2,8,2,수,0,0,0,0,0,17.0,16.0,8.0,7.0,12001,2165,602,2360,9563,2438,5134,298,327,5466,776,6867,2017,문화재청_궁능유적본부_4대궁_관람객_수_현황_2017년.csv
2017-02-09,2017,2,9,3,목,0,0,0,0,0,17.0,16.0,8.0,7.0,9482,1578,441,1884,7351,2131,4266,267,237,4017,695,5216,2017,문화재청_궁능유적본부_4대궁_관람객_수_현황_2017년.csv
2017-02-10,2017,2,10,4,금,0,0,0,0,0,17.0,16.0,8.0,7.0,9065,1662,507,1890,7194,1871,2962,375,204,4981,543,6103,2017,문화재청_궁능유적본부_4대궁_관람객_수_현황_2017년.csv
2017-02-11,2017,2,11,5,토,1,0,0,0,0,17.0,16.0,8.0,7.0,10132,2845,970,4210,7182,2950,5680,301,171,3157,823,4452,2017,문화재청_궁능유적본부_4대궁_관람객_수_현황_2017년.csv
2017-02-12,2017,2,12,6,일,1,0,0,0,0,17.0,16.0,8.0,7.0,12987,3177,1213,4002,9173,3814,7028,501,407,4103,948,5959,2017,문화재청_궁능유적본부_4대궁_관람객_수_현황_2017년.csv
2017-02-13,2017,2,13,0,월,0,0,0,3,0,17.0,16.0,8.0,7.0,9378,0,0,0,6648,2730,4915,201,160,3540,562,4463,2017,문화재청_궁능유적본부_4대궁_관람객_수_현황_2017년.csv
2017-02-14,2017,2,14,1,화,0,1,1,0,0,17.0,16.0,8.0,7.0,0,5133,1081,4015,0,0,0,0,0,0,0,0,2017,문화재청_궁능유적본부_4대궁_관람객_수_현황_2017년.csv
2017-02-15,2017,2,15,2,수,0,0,0,0,0,17.0,16.0,8.0,7.0,11754,2457,943,3217,8333,3421,5615,229,295,4775,840,6139,2017,문화재청_궁능유적본부_4대궁_관람객_수_현황_2017년.csv
2017-02-16,2017,2,16,3,목,0,0,0,0,0,17.0,16.0,8.0,7.0,10708,2299,774,3063,7429,3279,4869,250,265,4442,882,5839,2017,문화재청_궁능유적본부_4대궁_관람객_수_현황_2017년.csv
2017-02-17,2017,2,17,4,금,0,0,0,0,0,17.0,16.0,8.0,7.0,12113,2464,765,2940,8673,3440,5562,434,242,5048,827,6551,2017,문화재청_궁능유적본부_4대궁_관람객_수_현황_2017년.csv
2017-02-18,2017,2,18,5,토,1,0,0,0,0,17.0,16.0,8.0,7.0,14693,4108,1523,4923,9999,4694,8933,358,219,4466,717,5760,2017,문화재청_궁능유적본부_4대궁_관람객_수_현황_2017년.csv
2017-02-19,2017,2,19,6,일,1,0,0,0,0,17.0,16.0,8.0,7.0,14352,3594,1135,4854,9471,4881,9488,408,226,3144,1086,4864,2017,문화재청_궁능유적본부_4대궁_관람객_수_현황_2017년.csv
2017-02-20,2017,2,20,0,월,0,0,0,3,0,17.0,16.0,8.0,7.0,9386,0,0,0,6828,2558,5726,387,221,2655,397,3660,2017,문화재청_궁능유적본부_4대궁_관람객_수_현황_2017년.csv
2017-02-21,2017,2,21,1,화,0,1,1,0,0,17.0,16.0,8.0,7.0,0,5370,1108,4112,0,0,0,0,0,0,0,0,2017,문화재청_궁능유적본부_4대궁_관람객_수_현황_2017년.csv
2017-02-22,2017,2,22,2,수,0,0,0,0,0,17.0,16.0,8.0,7.0,9219,2322,712,2639,0,9219,2314,447,277,5151,1030,6905,2017,문화재청_궁능유적본부_4대궁_관람객_수_현황_2017년.csv
2017-02-23,2017,2,23,3,목,0,0,0,0,0,17.0,16.0,8.0,7.0,10990,2610,752,2804,7740,3250,6584,487,249,3027,643,4406,2017,문화재청_궁능유적본부_4대궁_관람객_수_현황_2017년.csv
2017-02-24,2017,2,24,4,금,0,0,0,0,0,17.0,16.0,8.0,7.0,11789,2807,771,3575,8080,3709,8048,218,172,2792,559,3741,2017,문화재청_궁능유적본부_4대궁_관람객_수_현황_2017년.csv
2017-02-25,2017,2,25,5,토,1,0,0,0,0,17.0,16.0,8.0,7.0,15628,4788,1989,7523,10372,5256,10034,347,267,4030,950,5594,2017,문화재청_궁능유적본부_4대궁_관람객_수_현황_2017년.csv
2017-02-26,2017,2,26,6,일,1,0,0,0,0,17.0,16.0,8.0,7.0,18451,5808,2699,7175,12293,6158,14029,554,243,2979,646,4422,2017,문화재청_궁능유적본부_4대궁_관람객_수_현황_2017년.csv
2017-02-27,2017,2,27,0,월,0,0,0,3,0,17.0,16.0,8.0,7.0,13065,0,0,0,7935,5130,8847,338,256,2962,662,4218,2017,문화재청_궁능유적본부_4대궁_관람객_수_현황_2017년.csv
2017-02-28,2017,2,28,1,화,0,1,1,0,0,17.0,16.0,8.0,7.0,0,5887,1633,6088,0,0,0,0,0,0,0,0,2017,문화재청_궁능유적본부_4대궁_관람객_수_현황_2017년.csv
2017-03-01,2017,3,1,2,수,0,0,1,0,1,18.0,17.0,9.0,8.0,0,6157,2190,5159,0,0,0,0,0,0,0,0,2017,문화재청_궁능유적본부_4대궁_관람객_수_현황_2017년.csv
2017-03-02,2017,3,2,3,목,0,0,0,0,0,18.0,17.0,9.0,8.0,9333,1710,576,2155,7616,1717,5162,152,161,3532,326,4171,2017,문화재청_궁능유적본부_4대궁_관람객_수_현황_2017년.csv
2017-03-03,2017,3,3,4,금,0,0,0,0,0,18.0,17.0,9.0,8.0,9067,2421,912,2433,7093,1974,4165,189,240,4073,400,4902,2017,문화재청_궁능유적본부_4대궁_관람객_수_현황_2017년.csv
2017-03-04,2017,3,4,5,토,1,0,0,0,0,18.0,17.0,9.0,8.0,12699,4543,2438,4543,8542,4157,9043,439,287,2685,245,3656,2017,문화재청_궁능유적본부_4대궁_관람객_수_현황_2017년.csv
2017-03-05,2017,3,5,6,일,1,0,0,0,0,18.0,17.0,9.0,8.0,15341,4327,1953,4534,10466,4875,9577,614,402,3859,889,5764,2017,문화재청_궁능유적본부_4대궁_관람객_수_현황_2017년.csv
2017-03-06,2017,3,6,0,월,0,0,0,3,0,18.0,17.0,9.0,8.0,9145,0,0,0,7416,1729,4465,385,475,3167,653,4680,2017,문화재청_궁능유적본부_4대궁_관람객_수_현황_2017년.csv
2017-03-07,2017,3,7,1,화,0,1,1,0,0,18.0,17.0,9.0,8.0,0,3346,647,2395,0,0,0,0,0,0,0,0,2017,문화재청_궁능유적본부_4대궁_관람객_수_현황_2017년.csv
2017-03-08,2017,3,8,2,수,0,0,0,0,0,18.0,17.0,9.0,8.0,8425,1742,512,2636,6756,1669,4306,391,263,3013,452,4119,2017,문화재청_궁능유적본부_4대궁_관람객_수_현황_2017년.csv
2017-03-09,2017,3,9,3,목,0,0,0,0,0,18.0,17.0,9.0,8.0,9018,1977,659,1841,7109,1909,4584,329,390,2842,873,4434,2017,문화재청_궁능유적본부_4대궁_관람객_수_현황_2017년.csv
2017-03-10,2017,3,10,4,금,0,0,0,0,0,18.0,17.0,9.0,8.0,3893,1464,796,2774,2997,896,1430,350,305,1483,325,2463,2017,문화재청_궁능유적본부_4대궁_관람객_수_현황_2017년.csv
2017-03-11,2017,3,11,5,토,1,0,0,0,0,18.0,17.0,9.0,8.0,12093,4998,2514,4692,8251,3842,8992,541,268,1914,378,3101,2017,문화재청_궁능유적본부_4대궁_관람객_수_현황_2017년.csv
2017-03-12,2017,3,12,6,일,1,0,0,0,0,18.0,17.0,9.0,8.0,12512,4739,1875,4755,9365,3147,7732,516,436,2928,900,4780,2017,문화재청_궁능유적본부_4대궁_관람객_수_현황_2017년.csv
2017-03-13,2017,3,13,0,월,0,0,0,3,0,18.0,17.0,9.0,8.0,8112,0,0,0,5822,2290,5012,523,327,1190,1060,3100,2017,문화재청_궁능유적본부_4대궁_관람객_수_현황_2017년.csv
2017-03-14,2017,3,14,1,화,0,1,1,0,0,18.0,17.0,9.0,8.0,0,4854,976,3282,0,0,0,0,0,0,0,0,2017,문화재청_궁능유적본부_4대궁_관람객_수_현황_2017년.csv
2017-03-15,2017,3,15,2,수,0,0,0,0,0,18.0,17.0,9.0,8.0,8622,2759,942,2749,6295,2327,5827,490,208,1103,994,2795,2017,문화재청_궁능유적본부_4대궁_관람객_수_현황_2017년.csv
2017-03-16,2017,3,16,3,목,0,0,0,0,0,18.0,17.0,9.0,8.0,7564,2503,977,2655,5520,2044,5091,449,502,1039,483,2473,2017,문화재청_궁능유적본부_4대궁_관람객_수_현황_2017년.csv
2017-03-17,2017,3,17,4,금,0,0,0,0,0,18.0,17.0,9.0,8.0,8069,3497,978,3163,5813,2256,4137,1024,498,1336,1074,3932,2017,문화재청_궁능유적본부_4대궁_관람객_수_현황_2017년.csv
2017-03-18,2017,3,18,5,토,1,0,0,0,0,18.0,17.0,9.0,8.0,14710,6095,2741,5391,9818,4892,11091,880,409,1045,1285,3619,2017,문화재청_궁능유적본부_4대궁_관람객_수_현황_2017년.csv
2017-03-19,2017,3,19,6,일,1,0,0,0,0,18.0,17.0,9.0,8.0,16487,6312,2920,6744,10543,5944,12367,1096,612,907,1505,4120,2017,문화재청_궁능유적본부_4대궁_관람객_수_현황_2017년.csv
2017-03-20,2017,3,20,0,월,0,0,0,3,0,18.0,17.0,9.0,8.0,7900,0,0,0,6063,1837,4208,972,505,953,1262,3692,2017,문화재청_궁능유적본부_4대궁_관람객_수_현황_2017년.csv
2017-03-21,2017,3,21,1,화,0,1,1,0,0,18.0,17.0,9.0,8.0,0,3930,1041,3022,0,0,0,0,0,0,0,0,2017,문화재청_궁능유적본부_4대궁_관람객_수_현황_2017년.csv
2017-03-22,2017,3,22,2,수,0,0,0,0,0,18.0,17.0,9.0,8.0,8483,3108,1190,2837,5873,2610,5604,727,305,597,1250,2879,2017,문화재청_궁능유적본부_4대궁_관람객_수_현황_2017년.csv
2017-03-23,2017,3,23,3,목,0,0,0,0,0,18.0,17.0,9.0,8.0,7933,2843,940,3292,5105,2828,5420,366,225,863,1059,2513,2017,문화재청_궁능유적본부_4대궁_관람객_수_현황_2017년.csv
2017-03-24,2017,3,24,4,금,0,0,0,0,0,18.0,17.0,9.0,8.0,8631,4110,1164,3266,5633,2998,4500,1308,421,780,1622,4131,2017,문화재청_궁능유적본부_4대궁_관람객_수_현황_2017년.csv
2017-03-25,2017,3,25,5,토,1,0,0,0,0,18.0,17.0,9.0,8.0,14452,6266,2463,5014,9080,5372,10584,1199,383,902,1384,3868,2017,문화재청_궁능유적본부_4대궁_관람객_수_현황_2017년.csv
2017-03-26,2017,3,26,6,일,1,0,0,0,0,18.0,17.0,9.0,8.0,16044,6469,2298,5331,10567,5477,11982,1285,490,816,1471,4062,2017,문화재청_궁능유적본부_4대궁_관람객_수_현황_2017년.csv
2017-03-27,2017,3,27,0,월,0,0,0,3,0,18.0,17.0,9.0,8.0,9088,0,0,0,6708,2380,4919,1527,318,1016,1308,4169,2017,문화재청_궁능유적본부_4대궁_관람객_수_현황_2017년.csv
2017-03-28,2017,3,28,1,화,0,1,1,0,0,18.0,17.0,9.0,8.0,0,5350,1304,3534,0,0,0,0,0,0,0,0,2017,문화재청_궁능유적본부_4대궁_관람객_수_현황_2017년.csv
2017-03-29,2017,3,29,2,수,0,0,0,0,0,18.0,17.0,9.0,8.0,11134,7771,3967,5924,0,11134,5332,1592,672,161,3377,5802,2017,문화재청_궁능유적본부_4대궁_관람객_수_현황_2017년.csv
2017-03-30,2017,3,30,3,목,0,0,0,0,0,18.0,17.0,9.0,8.0,9812,4232,1715,3048,6376,3436,5947,1096,364,844,1561,3865,2017,문화재청_궁능유적본부_4대궁_관람객_수_현황_2017년.csv
2017-03-31,2017,3,31,4,금,0,0,0,0,0,18.0,17.0,9.0,8.0,6637,2724,711,2225,4471,2166,3666,881,263,320,1507,2971,2017,문화재청_궁능유적본부_4대궁_관람객_수_현황_2017년.csv
2017-04-01,2017,4,1,5,토,1,0,0,0,0,18.0,17.0,9.0,8.0,18408,8032,3067,5003,12095,6313,11517,1347,465,1086,3993,6891,2017,문화재청_궁능유적본부_4대궁_관람객_수_현황_2017년.csv
2017-04-02,2017,4,2,6,일,1,0,0,0,0,18.0,17.0,9.0,8.0,18583,9436,4289,6161,12211,6372,14029,1187,367,940,2060,4554,2017,문화재청_궁능유적본부_4대궁_관람객_수_현황_2017년.csv
2017-04-03,2017,4,3,0,월,0,0,0,3,0,18.0,17.0,9.0,8.0,13745,0,0,0,8996,4749,8943,1391,381,1137,1893,4802,2017,문화재청_궁능유적본부_4대궁_관람객_수_현황_2017년.csv
2017-04-04,2017,4,4,1,화,0,1,1,0,0,18.0,17.0,9.0,8.0,0,10085,3032,4775,0,0,0,0,0,0,0,0,2017,문화재청_궁능유적본부_4대궁_관람객_수_현황_2017년.csv
2017-04-05,2017,4,5,2,수,0,0,0,0,0,18.0,17.0,9.0,8.0,10713,4306,801,2119,5142,5571,7052,724,271,653,2013,3661,2017,문화재청_궁능유적본부_4대궁_관람객_수_현황_2017년.csv
2017-04-06,2017,4,6,3,목,0,0,0,0,0,18.0,17.0,9.0,8.0,11622,5242,1369,2955,6906,4716,7188,1387,158,1306,1583,4434,2017,문화재청_궁능유적본부_4대궁_관람객_수_현황_2017년.csv
2017-04-07,2017,4,7,4,금,0,0,0,0,0,18.0,17.0,9.0,8.0,15275,8065,3587,5806,7907,7368,10245,1131,352,1170,2377,5030,2017,문화재청_궁능유적본부_4대궁_관람객_수_현황_2017년.csv
2017-04-08,2017,4,8,5,토,1,0,0,0,0,18.0,17.0,9.0,8.0,22145,12572,7169,7708,13920,8225,16909,1589,231,1202,2214,5236,2017,문화재청_궁능유적본부_4대궁_관람객_수_현황_2017년.csv
2017-04-09,2017,4,9,6,일,1,0,0,0,0,18.0,17.0,9.0,8.0,21505,11951,7115,8770,13479,8026,17570,1150,212,764,1809,3935,2017,문화재청_궁능유적본부_4대궁_관람객_수_현황_2017년.csv
2017-04-10,2017,4,10,0,월,0,0,0,3,0,18.0,17.0,9.0,8.0,14860,0,0,0,8388,6472,11783,925,99,958,1095,3077,2017,문화재청_궁능유적본부_4대궁_관람객_수_현황_2017년.csv
2017-04-11,2017,4,11,1,화,0,1,1,0,0,18.0,17.0,9.0,8.0,0,10737,4269,6873,0,0,0,0,0,0,0,0,2017,문화재청_궁능유적본부_4대궁_관람객_수_현황_2017년.csv
2017-04-12,2017,4,12,2,수,0,0,0,0,0,18.0,17.0,9.0,8.0,19094,8081,3783,6100,8888,10206,13885,1194,181,947,2887,5209,2017,문화재청_궁능유적본부_4대궁_관람객_수_현황_2017년.csv
2017-04-13,2017,4,13,3,목,0,0,0,0,0,18.0,17.0,9.0,8.0,17026,7914,3413,5084,8141,8885,11841,2382,284,409,2110,5185,2017,문화재청_궁능유적본부_4대궁_관람객_수_현황_2017년.csv
2017-04-14,2017,4,14,4,금,0,0,0,0,0,18.0,17.0,9.0,8.0,11619,5311,1745,3134,6215,5404,6952,2504,193,840,1130,4667,2017,문화재청_궁능유적본부_4대궁_관람객_수_현황_2017년.csv
2017-04-15,2017,4,15,5,토,1,0,0,0,0,18.0,17.0,9.0,8.0,22092,10733,5443,7435,14784,7308,14563,3227,340,553,3409,7529,2017,문화재청_궁능유적본부_4대궁_관람객_수_현황_2017년.csv
2017-04-16,2017,4,16,6,일,1,0,0,0,0,18.0,17.0,9.0,8.0,23966,8562,8140,7543,16081,7885,16684,2862,389,1557,2474,7282,2017,문화재청_궁능유적본부_4대궁_관람객_수_현황_2017년.csv
2017-04-17,2017,4,17,0,월,0,0,0,3,0,18.0,17.0,9.0,8.0,13828,0,0,0,8156,5672,10018,1601,209,681,1319,3810,2017,문화재청_궁능유적본부_4대궁_관람객_수_현황_2017년.csv
2017-04-18,2017,4,18,1,화,0,1,1,0,0,18.0,17.0,9.0,8.0,0,8560,4742,3729,0,0,0,0,0,0,0,0,2017,문화재청_궁능유적본부_4대궁_관람객_수_현황_2017년.csv
2017-04-19,2017,4,19,2,수,0,0,0,0,0,18.0,17.0,9.0,8.0,22021,7242,5013,4425,10692,11329,16802,1939,197,613,2470,5219,2017,문화재청_궁능유적본부_4대궁_관람객_수_현황_2017년.csv
2017-04-20,2017,4,20,3,목,0,0,0,0,0,18.0,17.0,9.0,8.0,19448,6508,5038,3303,9296,10152,14781,2395,285,1271,716,4667,2017,문화재청_궁능유적본부_4대궁_관람객_수_현황_2017년.csv
2017-04-21,2017,4,21,4,금,0,0,0,0,0,18.0,17.0,9.0,8.0,18197,7503,5944,4891,9755,8442,13025,1354,550,937,2331,5172,2017,문화재청_궁능유적본부_4대궁_관람객_수_현황_2017년.csv
2017-04-22,2017,4,22,5,토,1,0,0,0,0,18.0,17.0,9.0,8.0,18962,9266,8059,8617,12230,6732,13871,1976,277,1031,1807,5091,2017,문화재청_궁능유적본부_4대궁_관람객_수_현황_2017년.csv
2017-04-23,2017,4,23,6,일,1,0,0,0,0,18.0,17.0,9.0,8.0,21874,8402,7789,7295,14805,7069,16905,1600,237,494,2638,4969,2017,문화재청_궁능유적본부_4대궁_관람객_수_현황_2017년.csv
2017-04-24,2017,4,24,0,월,0,0,0,3,0,18.0,17.0,9.0,8.0,21451,0,0,0,11976,9475,15127,2208,202,779,3135,6324,2017,문화재청_궁능유적본부_4대궁_관람객_수_현황_2017년.csv
2017-04-25,2017,4,25,1,화,0,1,1,0,0,18.0,17.0,9.0,8.0,0,7600,5724,7842,0,0,0,0,0,0,0,0,2017,문화재청_궁능유적본부_4대궁_관람객_수_현황_2017년.csv
2017-04-26,2017,4,26,2,수,0,0,0,0,0,18.0,17.0,9.0,8.0,17739,10830,7827,9064,3077,14662,12980,1357,287,144,2971,4759,2017,문화재청_궁능유적본부_4대궁_관람객_수_현황_2017년.csv
2017-04-27,2017,4,27,3,목,0,0,0,0,0,18.0,17.0,9.0,8.0,23114,6769,6561,5866,7121,15993,20889,1051,107,411,656,2225,2017,문화재청_궁능유적본부_4대궁_관람객_수_현황_2017년.csv
2017-04-28,2017,4,28,4,금,0,0,0,0,0,18.0,17.0,9.0,8.0,15709,6272,2863,5565,5102,10607,12443,1374,123,507,1262,3266,2017,문화재청_궁능유적본부_4대궁_관람객_수_현황_2017년.csv
2017-04-29,2017,4,29,5,토,1,0,0,0,0,18.0,17.0,9.0,8.0,19564,8875,7152,9252,11950,7614,15977,1494,123,536,1434,3587,2017,문화재청_궁능유적본부_4대궁_관람객_수_현황_2017년.csv
2017-04-30,2017,4,30,6,일,1,0,0,0,0,18.0,17.0,9.0,8.0,23888,8184,5932,7891,16043,7845,19658,1584,151,910,1585,4230,2017,문화재청_궁능유적본부_4대궁_관람객_수_현황_2017년.csv
2017-05-01,2017,5,1,0,월,0,0,0,0,0,18.0,17.0,9.0,8.0,21051,5274,3306,3852,12984,8067,18098,1263,127,556,1007,2953,2017,문화재청_궁능유적본부_4대궁_관람객_수_현황_2017년.csv
2017-05-02,2017,5,2,1,화,0,1,0,0,0,18.0,17.0,9.0,8.0,10166,8385,5831,5937,6508,3658,9381,274,26,200,285,785,2017,문화재청_궁능유적본부_4대궁_관람객_수_현황_2017년.csv
2017-05-03,2017,5,3,2,수,0,0,0,0,1,18.0,17.0,9.0,8.0,30984,10135,7418,9983,16365,14619,28527,944,267,520,726,2457,2017,문화재청_궁능유적본부_4대궁_관람객_수_현황_2017년.csv
2017-05-04,2017,5,4,3,목,0,0,0,0,0,18.0,17.0,9.0,8.0,29041,9666,5995,9007,15083,13958,26109,893,364,632,1043,2932,2017,문화재청_궁능유적본부_4대궁_관람객_수_현황_2017년.csv
2017-05-05,2017,5,5,4,금,0,0,0,0,1,18.0,17.0,9.0,8.0,38668,12556,9060,11896,14339,24329,33348,1039,329,315,3637,5320,2017,문화재청_궁능유적본부_4대궁_관람객_수_현황_2017년.csv
2017-05-06,2017,5,6,5,토,1,0,0,0,0,18.0,17.0,9.0,8.0,18857,9116,5513,6795,10419,8438,16707,811,141,409,789,2150,2017,문화재청_궁능유적본부_4대궁_관람객_수_현황_2017년.csv
2017-05-07,2017,5,7,6,일,1,0,0,0,0,18.0,17.0,9.0,8.0,13518,5255,3719,4722,8850,4668,11969,542,81,273,653,1549,2017,문화재청_궁능유적본부_4대궁_관람객_수_현황_2017년.csv
2017-05-08,2017,5,8,0,월,0,0,0,3,0,18.0,17.0,9.0,8.0,5732,0,0,0,2705,3027,4809,337,72,309,205,923,2017,문화재청_궁능유적본부_4대궁_관람객_수_현황_2017년.csv
2017-05-09,2017,5,9,1,화,0,1,0,0,1,18.0,17.0,9.0,8.0,4231,5886,1424,3488,1929,2302,3863,146,14,94,114,368,2017,문화재청_궁능유적본부_4대궁_관람객_수_현황_2017년.csv
2017-05-10,2017,5,10,2,수,0,0,0,0,0,18.0,17.0,9.0,8.0,14585,5074,2074,3688,3702,10883,12571,688,128,385,813,2014,2017,문화재청_궁능유적본부_4대궁_관람객_수_현황_2017년.csv
2017-05-11,2017,5,11,3,목,0,0,0,0,0,18.0,17.0,9.0,8.0,14851,7190,2223,4603,5836,9015,13350,387,47,174,893,1501,2017,문화재청_궁능유적본부_4대궁_관람객_수_현황_2017년.csv
2017-05-12,2017,5,12,4,금,0,0,0,0,0,18.0,17.0,9.0,8.0,14773,7372,2563,5029,4457,10316,12916,1066,86,186,519,1857,2017,문화재청_궁능유적본부_4대궁_관람객_수_현황_2017년.csv
2017-05-13,2017,5,13,5,토,1,0,0,0,0,18.0,17.0,9.0,8.0,11384,5640,1742,4255,7025,4359,8475,791,215,658,1245,2909,2017,문화재청_궁능유적본부_4대궁_관람객_수_현황_2017년.csv
2017-05-14,2017,5,14,6,일,1,0,0,0,0,18.0,17.0,9.0,8.0,17242,7602,3057,7307,10259,6983,14393,938,157,612,1142,2849,2017,문화재청_궁능유적본부_4대궁_관람객_수_현황_2017년.csv
2017-05-15,2017,5,15,0,월,0,0,0,3,0,18.0,17.0,9.0,8.0,12649,0,0,0,5353,7296,8721,1575,393,350,1610,3928,2017,문화재청_궁능유적본부_4대궁_관람객_수_현황_2017년.csv
2017-05-16,2017,5,16,1,화,0,1,1,0,0,18.0,17.0,9.0,8.0,0,7131,2273,4783,0,0,0,0,0,0,0,0,2017,문화재청_궁능유적본부_4대궁_관람객_수_현황_2017년.csv
2017-05-17,2017,5,17,2,수,0,0,0,0,0,18.0,17.0,9.0,8.0,15865,5157,2084,4603,4988,10877,13057,1307,81,307,1113,2808,2017,문화재청_궁능유적본부_4대궁_관람객_수_현황_2017년.csv
2017-05-18,2017,5,18,3,목,0,0,0,0,0,18.0,17.0,9.0,8.0,14433,4819,1677,4459,5351,9082,10603,1339,122,534,1835,3830,2017,문화재청_궁능유적본부_4대궁_관람객_수_현황_2017년.csv
2017-05-19,2017,5,19,4,금,0,0,0,0,0,18.0,17.0,9.0,8.0,14954,5532,2584,5263,5630,9324,12142,1315,54,339,1104,2812,2017,문화재청_궁능유적본부_4대궁_관람객_수_현황_2017년.csv
2017-05-20,2017,5,20,5,토,1,0,0,0,0,18.0,17.0,9.0,8.0,16968,6912,2870,7887,9760,7208,13025,1206,173,880,1684,3943,2017,문화재청_궁능유적본부_4대궁_관람객_수_현황_2017년.csv
2017-05-21,2017,5,21,6,일,1,0,0,0,0,18.0,17.0,9.0,8.0,13957,5491,3810,7387,8706,5251,10413,1227,137,631,1549,3544,2017,문화재청_궁능유적본부_4대궁_관람객_수_현황_2017년.csv
2017-05-22,2017,5,22,0,월,0,0,0,3,0,18.0,17.0,9.0,8.0,10235,0,0,0,4640,5595,6649,1533,217,430,1406,3586,2017,문화재청_궁능유적본부_4대궁_관람객_수_현황_2017년.csv
2017-05-23,2017,5,23,1,화,0,1,1,0,0,18.0,17.0,9.0,8.0,0,5524,2421,4308,0,0,0,0,0,0,0,0,2017,문화재청_궁능유적본부_4대궁_관람객_수_현황_2017년.csv
2017-05-24,2017,5,24,2,수,0,0,0,0,0,18.0,17.0,9.0,8.0,14127,4214,4135,4914,4724,9403,11712,764,96,369,1186,2415,2017,문화재청_궁능유적본부_4대궁_관람객_수_현황_2017년.csv
2017-05-25,2017,5,25,3,목,0,0,0,0,0,18.0,17.0,9.0,8.0,11975,4630,1997,4219,5047,6928,8372,1117,168,872,1446,3603,2017,문화재청_궁능유적본부_4대궁_관람객_수_현황_2017년.csv
2017-05-26,2017,5,26,4,금,0,0,0,0,0,18.0,17.0,9.0,8.0,12596,5853,4419,9285,5548,7048,9225,1455,196,999,721,3371,2017,문화재청_궁능유적본부_4대궁_관람객_수_현황_2017년.csv
2017-05-27,2017,5,27,5,토,1,0,0,0,0,18.0,17.0,9.0,8.0,16733,6508,6377,12922,10102,6631,11867,1444,183,1295,1944,4866,2017,문화재청_궁능유적본부_4대궁_관람객_수_현황_2017년.csv
2017-05-28,2017,5,28,6,일,1,0,0,0,0,18.0,17.0,9.0,8.0,14268,5839,4649,7228,9030,5238,10251,1431,404,1314,868,4017,2017,문화재청_궁능유적본부_4대궁_관람객_수_현황_2017년.csv
2017-05-29,2017,5,29,0,월,0,0,0,3,0,18.0,17.0,9.0,8.0,12092,0,0,0,5595,6497,7424,1964,244,866,1594,4668,2017,문화재청_궁능유적본부_4대궁_관람객_수_현황_2017년.csv
2017-05-30,2017,5,30,1,화,0,1,1,0,0,18.0,17.0,9.0,8.0,0,5807,2571,3968,0,0,0,0,0,0,0,0,2017,문화재청_궁능유적본부_4대궁_관람객_수_현황_2017년.csv
2017-05-31,2017,5,31,2,수,0,0,0,0,0,18.0,17.0,9.0,8.0,12416,8105,3823,7460,0,12416,7053,1154,461,171,3577,5363,2017,문화재청_궁능유적본부_4대궁_관람객_수_현황_2017년.csv
2017-06-01,2017,6,1,3,목,0,0,0,0,0,18.5,17.5,9.5,8.5,8787,4164,2361,4032,3878,4909,5903,1202,128,679,875,2884,2017,문화재청_궁능유적본부_4대궁_관람객_수_현황_2017년.csv
2017-06-02,2017,6,2,4,금,0,0,0,0,0,18.5,17.5,9.5,8.5,7114,4240,3807,2667,3931,3183,4662,831,137,720,764,2452,2017,문화재청_궁능유적본부_4대궁_관람객_수_현황_2017년.csv
2017-06-03,2017,6,3,5,토,1,0,0,0,0,18.5,17.5,9.5,8.5,14431,6022,5951,5106,8459,5972,11266,1134,223,502,1306,3165,2017,문화재청_궁능유적본부_4대궁_관람객_수_현황_2017년.csv
2017-06-04,2017,6,4,6,일,1,0,0,0,0,18.5,17.5,9.5,8.5,13511,5766,2276,4523,8622,4889,10507,889,121,874,1120,3004,2017,문화재청_궁능유적본부_4대궁_관람객_수_현황_2017년.csv
2017-06-05,2017,6,5,0,월,0,0,0,3,0,18.5,17.5,9.5,8.5,10131,0,0,0,5649,4482,7359,1083,129,500,1060,2772,2017,문화재청_궁능유적본부_4대궁_관람객_수_현황_2017년.csv
2017-06-06,2017,6,6,1,화,0,1,0,0,1,18.5,17.5,9.5,8.5,8075,6202,2285,4359,4684,3391,6942,432,35,200,466,1133,2017,문화재청_궁능유적본부_4대궁_관람객_수_현황_2017년.csv
2017-06-07,2017,6,7,2,수,0,0,0,0,0,18.5,17.5,9.5,8.5,6655,1472,495,4641,2732,3923,4851,510,46,176,1072,1804,2017,문화재청_궁능유적본부_4대궁_관람객_수_현황_2017년.csv
2017-06-08,2017,6,8,3,목,0,0,0,0,0,18.5,17.5,9.5,8.5,12030,3063,1029,3407,6531,5499,9614,569,150,600,1097,2416,2017,문화재청_궁능유적본부_4대궁_관람객_수_현황_2017년.csv
2017-06-09,2017,6,9,4,금,0,0,0,0,0,18.5,17.5,9.5,8.5,8021,3976,1158,3362,4034,3987,5648,578,157,310,1328,2373,2017,문화재청_궁능유적본부_4대궁_관람객_수_현황_2017년.csv
2017-06-10,2017,6,10,5,토,1,0,0,0,0,18.5,17.5,9.5,8.5,13507,6111,2367,9231,8754,4753,10035,1005,195,616,1656,3472,2017,문화재청_궁능유적본부_4대궁_관람객_수_현황_2017년.csv
2017-06-11,2017,6,11,6,일,1,0,0,0,0,18.5,17.5,9.5,8.5,12709,5245,1858,6225,8268,4441,9450,1594,148,360,1157,3259,2017,문화재청_궁능유적본부_4대궁_관람객_수_현황_2017년.csv
2017-06-12,2017,6,12,0,월,0,0,0,3,0,18.5,17.5,9.5,8.5,7343,0,0,0,4332,3011,4865,990,184,624,680,2478,2017,문화재청_궁능유적본부_4대궁_관람객_수_현황_2017년.csv
2017-06-13,2017,6,13,1,화,0,1,1,0,0,18.5,17.5,9.5,8.5,0,5373,1044,3544,0,0,0,0,0,0,0,0,2017,문화재청_궁능유적본부_4대궁_관람객_수_현황_2017년.csv
2017-06-14,2017,6,14,2,수,0,0,0,0,0,18.5,17.5,9.5,8.5,9220,2828,1071,3017,4846,4374,6347,962,176,481,1254,2873,2017,문화재청_궁능유적본부_4대궁_관람객_수_현황_2017년.csv
2017-06-15,2017,6,15,3,목,0,0,0,0,0,18.5,17.5,9.5,8.5,7771,2898,1049,3516,4832,2939,4701,864,159,332,1715,3070,2017,문화재청_궁능유적본부_4대궁_관람객_수_현황_2017년.csv
2017-06-16,2017,6,16,4,금,0,0,0,0,0,18.5,17.5,9.5,8.5,6416,3451,801,2763,4227,2189,3880,846,128,841,721,2536,2017,문화재청_궁능유적본부_4대궁_관람객_수_현황_2017년.csv
2017-06-17,2017,6,17,5,토,1,0,0,0,0,18.5,17.5,9.5,8.5,12092,5302,2061,5940,8122,3970,8240,1187,213,697,1755,3852,2017,문화재청_궁능유적본부_4대궁_관람객_수_현황_2017년.csv
2017-06-18,2017,6,18,6,일,1,0,0,0,0,18.5,17.5,9.5,8.5,9903,4034,3314,4433,6944,2959,6632,794,135,916,1426,3271,2017,문화재청_궁능유적본부_4대궁_관람객_수_현황_2017년.csv
2017-06-19,2017,6,19,0,월,0,0,0,3,0,18.5,17.5,9.5,8.5,6250,0,0,0,4001,2249,4102,591,152,207,1198,2148,2017,문화재청_궁능유적본부_4대궁_관람객_수_현황_2017년.csv
2017-06-20,2017,6,20,1,화,0,1,1,0,0,18.5,17.5,9.5,8.5,0,4517,2132,2901,0,0,0,0,0,0,0,0,2017,문화재청_궁능유적본부_4대궁_관람객_수_현황_2017년.csv
2017-06-21,2017,6,21,2,수,0,0,0,0,0,18.5,17.5,9.5,8.5,7732,2660,1408,2496,4371,3361,5103,1102,100,463,964,2629,2017,문화재청_궁능유적본부_4대궁_관람객_수_현황_2017년.csv
2017-06-22,2017,6,22,3,목,0,0,0,0,0,18.5,17.5,9.5,8.5,7122,2839,1587,3022,4215,2907,4571,935,118,766,732,2551,2017,문화재청_궁능유적본부_4대궁_관람객_수_현황_2017년.csv
2017-06-23,2017,6,23,4,금,0,0,0,0,0,18.5,17.5,9.5,8.5,7265,2838,2873,2979,4724,2541,5036,276,96,429,1428,2229,2017,문화재청_궁능유적본부_4대궁_관람객_수_현황_2017년.csv
2017-06-24,2017,6,24,5,토,1,0,0,0,0,18.5,17.5,9.5,8.5,13504,5503,4911,5240,8973,4531,9253,993,252,830,2176,4251,2017,문화재청_궁능유적본부_4대궁_관람객_수_현황_2017년.csv
2017-06-25,2017,6,25,6,일,1,0,0,0,0,18.5,17.5,9.5,8.5,10979,3988,3114,5184,8334,2645,6800,1464,191,656,1868,4179,2017,문화재청_궁능유적본부_4대궁_관람객_수_현황_2017년.csv
2017-06-26,2017,6,26,0,월,0,0,0,3,0,18.5,17.5,9.5,8.5,7953,0,0,0,5648,2305,4581,1625,108,572,1067,3372,2017,문화재청_궁능유적본부_4대궁_관람객_수_현황_2017년.csv
2017-06-27,2017,6,27,1,화,0,1,1,0,0,18.5,17.5,9.5,8.5,0,4360,1936,3492,0,0,0,0,0,0,0,0,2017,문화재청_궁능유적본부_4대궁_관람객_수_현황_2017년.csv
2017-06-28,2017,6,28,2,수,0,0,0,0,0,18.5,17.5,9.5,8.5,12197,5015,871,6341,0,12197,5598,998,438,267,4896,6599,2017,문화재청_궁능유적본부_4대궁_관람객_수_현황_2017년.csv
2017-06-29,2017,6,29,3,목,0,0,0,0,0,18.5,17.5,9.5,8.5,9102,2575,1666,2780,5953,3149,5212,1055,86,870,1879,3890,2017,문화재청_궁능유적본부_4대궁_관람객_수_현황_2017년.csv
2017-06-30,2017,6,30,4,금,0,0,0,0,0,18.5,17.5,9.5,8.5,6595,3078,3174,2857,4539,2056,4138,793,171,366,1127,2457,2017,문화재청_궁능유적본부_4대궁_관람객_수_현황_2017년.csv
2017-07-01,2017,7,1,5,토,1,0,0,0,0,18.5,17.5,9.5,8.5,12629,4197,4687,5272,8690,3939,8591,1414,174,747,1703,4038,2017,문화재청_궁능유적본부_4대궁_관람객_수_현황_2017년.csv
2017-07-02,2017,7,2,6,일,1,0,0,0,0,18.5,17.5,9.5,8.5,7568,2945,771,2955,5841,1727,5231,848,58,487,944,2337,2017,문화재청_궁능유적본부_4대궁_관람객_수_현황_2017년.csv
2017-07-03,2017,7,3,0,월,0,0,0,3,0,18.5,17.5,9.5,8.5,5847,0,0,0,4366,1481,3379,331,131,582,1424,2468,2017,문화재청_궁능유적본부_4대궁_관람객_수_현황_2017년.csv
2017-07-04,2017,7,4,1,화,0,1,1,0,0,18.5,17.5,9.5,8.5,0,3587,802,3267,0,0,0,0,0,0,0,0,2017,문화재청_궁능유적본부_4대궁_관람객_수_현황_2017년.csv
2017-07-05,2017,7,5,2,수,0,0,0,0,0,18.5,17.5,9.5,8.5,6311,2475,586,2638,4403,1908,4346,485,101,462,917,1965,2017,문화재청_궁능유적본부_4대궁_관람객_수_현황_2017년.csv
2017-07-06,2017,7,6,3,목,0,0,0,0,0,18.5,17.5,9.5,8.5,6401,2159,593,2217,4461,1940,3843,656,79,409,1414,2558,2017,문화재청_궁능유적본부_4대궁_관람객_수_현황_2017년.csv
2017-07-07,2017,7,7,4,금,0,0,0,0,0,18.5,17.5,9.5,8.5,7345,2181,649,2798,5642,1703,4128,1032,77,583,1525,3217,2017,문화재청_궁능유적본부_4대궁_관람객_수_현황_2017년.csv
2017-07-08,2017,7,8,5,토,1,0,0,0,0,18.5,17.5,9.5,8.5,10319,4288,914,4198,7453,2866,7201,1064,102,474,1478,3118,2017,문화재청_궁능유적본부_4대궁_관람객_수_현황_2017년.csv
2017-07-09,2017,7,9,6,일,1,0,0,0,0,18.5,17.5,9.5,8.5,9174,3766,892,3484,6438,2736,6135,807,236,967,1029,3039,2017,문화재청_궁능유적본부_4대궁_관람객_수_현황_2017년.csv
2017-07-10,2017,7,10,0,월,0,0,0,3,0,18.5,17.5,9.5,8.5,2483,0,0,0,2016,467,824,398,174,529,558,1659,2017,문화재청_궁능유적본부_4대궁_관람객_수_현황_2017년.csv
2017-07-11,2017,7,11,1,화,0,1,1,0,0,18.5,17.5,9.5,8.5,0,4233,769,3456,0,0,0,0,0,0,0,0,2017,문화재청_궁능유적본부_4대궁_관람객_수_현황_2017년.csv
2017-07-12,2017,7,12,2,수,0,0,0,0,0,18.5,17.5,9.5,8.5,7502,2333,511,3014,5214,2288,4331,1546,109,718,798,3171,2017,문화재청_궁능유적본부_4대궁_관람객_수_현황_2017년.csv
2017-07-13,2017,7,13,3,목,0,0,0,0,0,18.5,17.5,9.5,8.5,6181,2100,571,2642,4276,1905,3703,1245,181,277,775,2478,2017,문화재청_궁능유적본부_4대궁_관람객_수_현황_2017년.csv
2017-07-14,2017,7,14,4,금,0,0,0,0,0,18.5,17.5,9.5,8.5,6279,2444,992,2782,4365,1914,4143,505,96,714,821,2136,2017,문화재청_궁능유적본부_4대궁_관람객_수_현황_2017년.csv
2017-07-15,2017,7,15,5,토,1,0,0,0,0,18.5,17.5,9.5,8.5,8494,3215,822,3086,6162,2332,5100,1287,217,450,1440,3394,2017,문화재청_궁능유적본부_4대궁_관람객_수_현황_2017년.csv
2017-07-16,2017,7,16,6,일,1,0,0,0,0,18.5,17.5,9.5,8.5,14221,3882,3941,4446,10609,3612,11564,778,95,575,1209,2657,2017,문화재청_궁능유적본부_4대궁_관람객_수_현황_2017년.csv
2017-07-17,2017,7,17,0,월,0,0,0,3,0,18.5,17.5,9.5,8.5,10329,0,0,0,7609,2720,7793,317,134,713,1372,2536,2017,문화재청_궁능유적본부_4대궁_관람객_수_현황_2017년.csv
2017-07-18,2017,7,18,1,화,0,1,1,0,0,18.5,17.5,9.5,8.5,0,3760,2603,3159,0,0,0,0,0,0,0,0,2017,문화재청_궁능유적본부_4대궁_관람객_수_현황_2017년.csv
2017-07-19,2017,7,19,2,수,0,0,0,0,0,18.5,17.5,9.5,8.5,10903,2261,2363,2464,7622,3281,9108,393,23,349,1030,1795,2017,문화재청_궁능유적본부_4대궁_관람객_수_현황_2017년.csv
2017-07-20,2017,7,20,3,목,0,0,0,0,0,18.5,17.5,9.5,8.5,8851,2346,2447,2133,6713,2138,7205,630,24,398,594,1646,2017,문화재청_궁능유적본부_4대궁_관람객_수_현황_2017년.csv
2017-07-21,2017,7,21,4,금,0,0,0,0,0,18.5,17.5,9.5,8.5,10199,2138,3175,2266,7592,2607,7731,597,89,683,1099,2468,2017,문화재청_궁능유적본부_4대궁_관람객_수_현황_2017년.csv
2017-07-22,2017,7,22,5,토,1,0,0,0,0,18.5,17.5,9.5,8.5,12764,3062,4111,4318,9269,3495,9977,746,86,441,1514,2787,2017,문화재청_궁능유적본부_4대궁_관람객_수_현황_2017년.csv
2017-07-23,2017,7,23,6,일,1,0,0,0,0,18.5,17.5,9.5,8.5,7906,1631,3130,2401,6530,1376,6030,490,129,265,992,1876,2017,문화재청_궁능유적본부_4대궁_관람객_수_현황_2017년.csv
2017-07-24,2017,7,24,0,월,0,0,0,3,0,18.5,17.5,9.5,8.5,10321,0,0,0,7797,2524,7105,788,235,1106,1087,3216,2017,문화재청_궁능유적본부_4대궁_관람객_수_현황_2017년.csv
2017-07-25,2017,7,25,1,화,0,1,1,0,0,18.5,17.5,9.5,8.5,0,3873,2822,2837,0,0,0,0,0,0,0,0,2017,문화재청_궁능유적본부_4대궁_관람객_수_현황_2017년.csv
2017-07-26,2017,7,26,2,수,0,0,0,0,0,18.5,17.5,9.5,8.5,13394,4287,2413,4013,3319,10075,10902,1160,263,253,816,2492,2017,문화재청_궁능유적본부_4대궁_관람객_수_현황_2017년.csv
2017-07-27,2017,7,27,3,목,0,0,0,0,0,18.5,17.5,9.5,8.5,11730,2429,3237,3964,7942,3788,8929,721,69,435,1576,2801,2017,문화재청_궁능유적본부_4대궁_관람객_수_현황_2017년.csv
2017-07-28,2017,7,28,4,금,0,0,0,0,0,18.5,17.5,9.5,8.5,9012,2505,3520,2542,6570,2442,7360,467,68,277,840,1652,2017,문화재청_궁능유적본부_4대궁_관람객_수_현황_2017년.csv
2017-07-29,2017,7,29,5,토,1,0,0,0,0,18.5,17.5,9.5,8.5,16440,4498,4733,6199,11894,4546,13050,1085,192,513,1600,3390,2017,문화재청_궁능유적본부_4대궁_관람객_수_현황_2017년.csv
2017-07-30,2017,7,30,6,일,1,0,0,0,0,18.5,17.5,9.5,8.5,12238,4745,1548,5538,7936,4302,9845,380,117,865,1031,2393,2017,문화재청_궁능유적본부_4대궁_관람객_수_현황_2017년.csv
2017-07-31,2017,7,31,0,월,0,0,0,3,0,18.5,17.5,9.5,8.5,8565,0,0,0,5650,2915,6479,373,135,777,801,2086,2017,문화재청_궁능유적본부_4대궁_관람객_수_현황_2017년.csv
2017-08-01,2017,8,1,1,화,0,1,1,0,0,18.5,17.5,9.5,8.5,0,5942,1684,4713,0,0,0,0,0,0,0,0,2017,문화재청_궁능유적본부_4대궁_관람객_수_현황_2017년.csv
2017-08-02,2017,8,2,2,수,0,0,0,0,0,18.5,17.5,9.5,8.5,10234,3301,986,3434,6538,3696,7846,581,165,574,1068,2388,2017,문화재청_궁능유적본부_4대궁_관람객_수_현황_2017년.csv
2017-08-03,2017,8,3,3,목,0,0,0,0,0,18.5,17.5,9.5,8.5,9372,3366,781,3212,5824,3548,7259,470,166,569,908,2113,2017,문화재청_궁능유적본부_4대궁_관람객_수_현황_2017년.csv
2017-08-04,2017,8,4,4,금,0,0,0,0,0,18.5,17.5,9.5,8.5,8353,2990,1045,3192,5352,3001,6146,740,146,448,873,2207,2017,문화재청_궁능유적본부_4대궁_관람객_수_현황_2017년.csv
2017-08-05,2017,8,5,5,토,1,0,0,0,0,18.5,17.5,9.5,8.5,8932,3268,946,3434,6248,2684,6183,679,226,516,1328,2749,2017,문화재청_궁능유적본부_4대궁_관람객_수_현황_2017년.csv
2017-08-06,2017,8,6,6,일,1,0,0,0,0,18.5,17.5,9.5,8.5,8152,2633,659,2993,5159,2993,6435,514,89,320,794,1717,2017,문화재청_궁능유적본부_4대궁_관람객_수_현황_2017년.csv
2017-08-07,2017,8,7,0,월,0,0,0,3,0,18.5,17.5,9.5,8.5,6123,0,0,0,4082,2041,4292,488,111,567,665,1831,2017,문화재청_궁능유적본부_4대궁_관람객_수_현황_2017년.csv
2017-08-08,2017,8,8,1,화,0,1,1,0,0,18.5,17.5,9.5,8.5,0,3993,1073,3306,0,0,0,0,0,0,0,0,2017,문화재청_궁능유적본부_4대궁_관람객_수_현황_2017년.csv
2017-08-09,2017,8,9,2,수,0,0,0,0,0,18.5,17.5,9.5,8.5,8061,2666,774,3306,5170,2891,7116,183,26,244,492,945,2017,문화재청_궁능유적본부_4대궁_관람객_수_현황_2017년.csv
2017-08-10,2017,8,10,3,목,0,0,0,0,0,18.5,17.5,9.5,8.5,6711,2204,626,3475,4354,2357,5499,349,81,281,501,1212,2017,문화재청_궁능유적본부_4대궁_관람객_수_현황_2017년.csv
2017-08-11,2017,8,11,4,금,0,0,0,0,0,18.5,17.5,9.5,8.5,8057,2730,1009,2495,5179,2878,6463,608,186,403,397,1594,2017,문화재청_궁능유적본부_4대궁_관람객_수_현황_2017년.csv
2017-08-12,2017,8,12,5,토,1,0,0,0,0,18.5,17.5,9.5,8.5,13062,4189,1185,3333,8564,4498,10128,778,356,483,1317,2934,2017,문화재청_궁능유적본부_4대궁_관람객_수_현황_2017년.csv
2017-08-13,2017,8,13,6,일,1,0,0,0,0,18.5,17.5,9.5,8.5,18433,5177,5020,4055,12364,6069,15690,650,417,519,1157,2743,2017,문화재청_궁능유적본부_4대궁_관람객_수_현황_2017년.csv
2017-08-14,2017,8,14,0,월,0,0,0,3,0,18.5,17.5,9.5,8.5,12537,0,0,0,8968,3569,9703,573,541,782,938,2834,2017,문화재청_궁능유적본부_4대궁_관람객_수_현황_2017년.csv
2017-08-15,2017,8,15,1,화,0,1,0,0,1,18.5,17.5,9.5,8.5,3397,2676,3077,2081,2065,1332,2726,304,40,84,243,671,2017,문화재청_궁능유적본부_4대궁_관람객_수_현황_2017년.csv
2017-08-16,2017,8,16,2,수,0,0,0,0,0,18.5,17.5,9.5,8.5,12148,2999,2286,3130,8399,3749,10053,357,318,536,884,2095,2017,문화재청_궁능유적본부_4대궁_관람객_수_현황_2017년.csv
2017-08-17,2017,8,17,3,목,0,0,0,0,0,18.5,17.5,9.5,8.5,11340,3143,2298,3911,8406,2934,8646,424,374,686,1210,2694,2017,문화재청_궁능유적본부_4대궁_관람객_수_현황_2017년.csv
2017-08-18,2017,8,18,4,금,0,0,0,0,0,18.5,17.5,9.5,8.5,11086,2972,3692,3102,8167,2919,8772,965,295,439,615,2314,2017,문화재청_궁능유적본부_4대궁_관람객_수_현황_2017년.csv
2017-08-19,2017,8,19,5,토,1,0,0,0,0,18.5,17.5,9.5,8.5,18395,4332,4792,6140,12356,6039,14734,1337,329,838,1157,3661,2017,문화재청_궁능유적본부_4대궁_관람객_수_현황_2017년.csv
2017-08-20,2017,8,20,6,일,1,0,0,0,0,18.5,17.5,9.5,8.5,9687,2507,688,2687,7320,2367,8173,484,87,278,665,1514,2017,문화재청_궁능유적본부_4대궁_관람객_수_현황_2017년.csv
2017-08-21,2017,8,21,0,월,0,0,0,3,0,18.5,17.5,9.5,8.5,10555,0,0,0,8137,2418,7911,758,264,442,1180,2644,2017,문화재청_궁능유적본부_4대궁_관람객_수_현황_2017년.csv
2017-08-22,2017,8,22,1,화,0,1,1,0,0,18.5,17.5,9.5,8.5,0,3990,1346,3445,0,0,0,0,0,0,0,0,2017,문화재청_궁능유적본부_4대궁_관람객_수_현황_2017년.csv
2017-08-23,2017,8,23,2,수,0,0,0,0,0,18.5,17.5,9.5,8.5,13012,1570,501,1756,6600,6412,11965,260,43,100,644,1047,2017,문화재청_궁능유적본부_4대궁_관람객_수_현황_2017년.csv
2017-08-24,2017,8,24,3,목,0,0,0,0,0,18.5,17.5,9.5,8.5,7976,1403,426,1846,6311,1665,5974,409,154,505,934,2002,2017,문화재청_궁능유적본부_4대궁_관람객_수_현황_2017년.csv
2017-08-25,2017,8,25,4,금,0,0,0,0,0,18.5,17.5,9.5,8.5,13634,3084,891,3328,8937,4697,11611,644,205,371,803,2023,2017,문화재청_궁능유적본부_4대궁_관람객_수_현황_2017년.csv
2017-08-26,2017,8,26,5,토,1,0,0,0,0,18.5,17.5,9.5,8.5,19030,5194,2112,6740,13358,5672,15876,959,163,409,1623,3154,2017,문화재청_궁능유적본부_4대궁_관람객_수_현황_2017년.csv
2017-08-27,2017,8,27,6,일,1,0,0,0,0,18.5,17.5,9.5,8.5,17609,4762,1944,5156,12261,5348,14576,847,254,535,1397,3033,2017,문화재청_궁능유적본부_4대궁_관람객_수_현황_2017년.csv
2017-08-28,2017,8,28,0,월,0,0,0,3,0,18.5,17.5,9.5,8.5,9564,0,0,0,7528,2036,7119,747,340,424,934,2445,2017,문화재청_궁능유적본부_4대궁_관람객_수_현황_2017년.csv
2017-08-29,2017,8,29,1,화,0,1,1,0,0,18.5,17.5,9.5,8.5,0,5109,1516,3872,0,0,0,0,0,0,0,0,2017,문화재청_궁능유적본부_4대궁_관람객_수_현황_2017년.csv
2017-08-30,2017,8,30,2,수,0,0,0,0,0,18.5,17.5,9.5,8.5,11704,5846,2926,6645,3161,8543,7254,759,273,325,3093,4450,2017,문화재청_궁능유적본부_4대궁_관람객_수_현황_2017년.csv
2017-08-31,2017,8,31,3,목,0,0,0,0,0,18.5,17.5,9.5,8.5,10674,2912,1226,4449,7544,3130,8567,456,225,361,1065,2107,2017,문화재청_궁능유적본부_4대궁_관람객_수_현황_2017년.csv
2017-09-01,2017,9,1,4,금,0,0,0,0,0,18.0,17.0,9.0,8.0,12123,3183,1099,4896,7677,4446,10052,587,244,268,972,2071,2017,문화재청_궁능유적본부_4대궁_관람객_수_현황_2017년.csv
2017-09-02,2017,9,2,5,토,1,0,0,0,0,18.0,17.0,9.0,8.0,20152,5707,2553,9596,13656,6496,16518,1089,299,443,1803,3634,2017,문화재청_궁능유적본부_4대궁_관람객_수_현황_2017년.csv
2017-09-03,2017,9,3,6,일,1,0,0,0,0,18.0,17.0,9.0,8.0,16854,5301,1883,7664,8522,8332,13237,404,160,476,2577,3617,2017,문화재청_궁능유적본부_4대궁_관람객_수_현황_2017년.csv
2017-09-04,2017,9,4,0,월,0,0,0,3,0,18.0,17.0,9.0,8.0,10177,0,0,0,4666,5511,6970,248,45,127,2787,3207,2017,문화재청_궁능유적본부_4대궁_관람객_수_현황_2017년.csv
2017-09-05,2017,9,5,1,화,0,1,1,0,0,18.0,17.0,9.0,8.0,0,4723,1316,4239,0,0,0,0,0,0,0,0,2017,문화재청_궁능유적본부_4대궁_관람객_수_현황_2017년.csv
2017-09-06,2017,9,6,2,수,0,0,0,0,0,18.0,17.0,9.0,8.0,10013,2888,952,2865,3830,6183,7857,593,219,477,867,2156,2017,문화재청_궁능유적본부_4대궁_관람객_수_현황_2017년.csv
2017-09-07,2017,9,7,3,목,0,0,0,0,0,18.0,17.0,9.0,8.0,9656,7391,1343,3886,4467,5189,7898,345,84,278,1051,1758,2017,문화재청_궁능유적본부_4대궁_관람객_수_현황_2017년.csv
2017-09-08,2017,9,8,4,금,0,0,0,0,0,18.0,17.0,9.0,8.0,9908,3393,1105,4424,5149,4759,6465,780,168,429,2066,3443,2017,문화재청_궁능유적본부_4대궁_관람객_수_현황_2017년.csv
2017-09-09,2017,9,9,5,토,1,0,0,0,0,18.0,17.0,9.0,8.0,15222,6052,2266,8939,9616,5606,12650,1025,178,361,1008,2572,2017,문화재청_궁능유적본부_4대궁_관람객_수_현황_2017년.csv
2017-09-10,2017,9,10,6,일,1,0,0,0,0,18.0,17.0,9.0,8.0,13434,5203,2090,6886,8412,5022,10830,1040,263,411,890,2604,2017,문화재청_궁능유적본부_4대궁_관람객_수_현황_2017년.csv
2017-09-11,2017,9,11,0,월,0,0,0,3,0,18.0,17.0,9.0,8.0,6949,0,0,0,3992,2957,5510,419,230,120,670,1439,2017,문화재청_궁능유적본부_4대궁_관람객_수_현황_2017년.csv
2017-09-12,2017,9,12,1,화,0,1,1,0,0,18.0,17.0,9.0,8.0,0,5405,1466,4115,0,0,0,0,0,0,0,0,2017,문화재청_궁능유적본부_4대궁_관람객_수_현황_2017년.csv
2017-09-13,2017,9,13,2,수,0,0,0,0,0,18.0,17.0,9.0,8.0,10157,4636,1260,3827,4922,5235,7694,564,251,444,1204,2463,2017,문화재청_궁능유적본부_4대궁_관람객_수_현황_2017년.csv
2017-09-14,2017,9,14,3,목,0,0,0,0,0,18.0,17.0,9.0,8.0,10147,3812,1378,4265,4912,5235,8282,514,123,252,976,1865,2017,문화재청_궁능유적본부_4대궁_관람객_수_현황_2017년.csv
2017-09-15,2017,9,15,4,금,0,0,0,0,0,18.0,17.0,9.0,8.0,8605,3851,2128,5034,4563,4042,6154,1062,267,363,759,2451,2017,문화재청_궁능유적본부_4대궁_관람객_수_현황_2017년.csv
2017-09-16,2017,9,16,5,토,1,0,0,0,0,18.0,17.0,9.0,8.0,18640,6519,2757,9484,10991,7649,15605,1137,251,419,1228,3035,2017,문화재청_궁능유적본부_4대궁_관람객_수_현황_2017년.csv
2017-09-17,2017,9,17,6,일,1,0,0,0,0,18.0,17.0,9.0,8.0,19073,5684,2403,7406,12567,6506,16462,425,335,435,1416,2611,2017,문화재청_궁능유적본부_4대궁_관람객_수_현황_2017년.csv
2017-09-18,2017,9,18,0,월,0,0,0,3,0,18.0,17.0,9.0,8.0,12344,0,0,0,8310,4034,10070,476,221,301,1276,2274,2017,문화재청_궁능유적본부_4대궁_관람객_수_현황_2017년.csv
2017-09-19,2017,9,19,1,화,0,1,1,0,0,18.0,17.0,9.0,8.0,0,4579,1097,3403,0,0,0,0,0,0,0,0,2017,문화재청_궁능유적본부_4대궁_관람객_수_현황_2017년.csv
2017-09-20,2017,9,20,2,수,0,0,0,0,0,18.0,17.0,9.0,8.0,17990,4017,1549,4147,8309,9681,16373,691,169,156,601,1617,2017,문화재청_궁능유적본부_4대궁_관람객_수_현황_2017년.csv
2017-09-21,2017,9,21,3,목,0,0,0,0,0,18.0,17.0,9.0,8.0,16889,4100,1851,4467,8525,8364,15051,539,107,233,959,1838,2017,문화재청_궁능유적본부_4대궁_관람객_수_현황_2017년.csv
2017-09-22,2017,9,22,4,금,0,0,0,0,0,18.0,17.0,9.0,8.0,15918,4467,1670,5430,8798,7120,13642,158,86,198,1834,2276,2017,문화재청_궁능유적본부_4대궁_관람객_수_현황_2017년.csv
2017-09-23,2017,9,23,5,토,1,0,0,0,0,18.0,17.0,9.0,8.0,22567,6927,2392,8517,13013,9554,19103,1083,170,480,1731,3464,2017,문화재청_궁능유적본부_4대궁_관람객_수_현황_2017년.csv
2017-09-24,2017,9,24,6,일,1,0,0,0,0,18.0,17.0,9.0,8.0,16352,5381,1958,6243,11191,5161,13651,536,180,484,1501,2701,2017,문화재청_궁능유적본부_4대궁_관람객_수_현황_2017년.csv
2017-09-25,2017,9,25,0,월,0,0,0,3,0,18.0,17.0,9.0,8.0,12489,0,0,0,7330,5159,10411,402,147,320,1209,2078,2017,문화재청_궁능유적본부_4대궁_관람객_수_현황_2017년.csv
2017-09-26,2017,9,26,1,화,0,1,1,0,0,18.0,17.0,9.0,8.0,0,6175,1770,5282,0,0,0,0,0,0,0,0,2017,문화재청_궁능유적본부_4대궁_관람객_수_현황_2017년.csv
2017-09-27,2017,9,27,2,수,0,0,0,0,0,18.0,17.0,9.0,8.0,16954,10277,2096,6046,3169,13785,11488,1912,285,170,3099,5466,2017,문화재청_궁능유적본부_4대궁_관람객_수_현황_2017년.csv
2017-09-28,2017,9,28,3,목,0,0,0,0,0,18.0,17.0,9.0,8.0,17317,4368,1270,4497,6090,11227,16087,214,335,149,532,1230,2017,문화재청_궁능유적본부_4대궁_관람객_수_현황_2017년.csv
2017-09-29,2017,9,29,4,금,0,0,0,0,0,18.0,17.0,9.0,8.0,12722,3073,1233,4550,6078,6644,11794,273,25,161,469,928,2017,문화재청_궁능유적본부_4대궁_관람객_수_현황_2017년.csv
2017-09-30,2017,9,30,5,토,1,0,0,0,0,18.0,17.0,9.0,8.0,23628,8876,5429,17090,3389,20239,18284,981,405,240,3718,5344,2017,문화재청_궁능유적본부_4대궁_관람객_수_현황_2017년.csv
2017-10-01,2017,10,1,6,일,1,0,0,0,0,18.0,17.0,9.0,8.0,34564,11528,4568,10099,0,34564,30553,1039,347,426,2199,4011,2017,문화재청_궁능유적본부_4대궁_관람객_수_현황_2017년.csv
2017-10-02,2017,10,2,0,월,0,0,0,0,1,18.0,17.0,9.0,8.0,58459,13967,9013,13763,0,58459,41788,3714,491,1487,10979,16671,2017,문화재청_궁능유적본부_4대궁_관람객_수_현황_2017년.csv
2017-10-03,2017,10,3,1,화,0,1,0,0,1,18.0,17.0,9.0,8.0,55771,17726,13322,17301,0,55771,45803,1689,574,1731,5974,9968,2017,문화재청_궁능유적본부_4대궁_관람객_수_현황_2017년.csv
2017-10-04,2017,10,4,2,수,0,0,0,0,1,18.0,17.0,9.0,8.0,101369,32277,24418,33138,0,101369,89921,2644,462,644,7698,11448,2017,문화재청_궁능유적본부_4대궁_관람객_수_현황_2017년.csv
2017-10-05,2017,10,5,3,목,0,0,0,0,1,18.0,17.0,9.0,8.0,147861,42668,29984,172417,0,147861,130966,3827,2224,1276,9568,16895,2017,문화재청_궁능유적본부_4대궁_관람객_수_현황_2017년.csv
2017-10-06,2017,10,6,4,금,0,0,0,0,1,18.0,17.0,9.0,8.0,103060,39183,20292,54027,0,103060,91780,2156,1150,1629,6345,11280,2017,문화재청_궁능유적본부_4대궁_관람객_수_현황_2017년.csv
2017-10-07,2017,10,7,5,토,1,0,0,0,0,18.0,17.0,9.0,8.0,87236,34061,20226,42762,0,87236,78115,1771,737,1238,5375,9121,2017,문화재청_궁능유적본부_4대궁_관람객_수_현황_2017년.csv
2017-10-08,2017,10,8,6,일,1,0,0,0,0,18.0,17.0,9.0,8.0,59488,26235,14594,27336,0,59488,52906,1141,853,355,4233,6582,2017,문화재청_궁능유적본부_4대궁_관람객_수_현황_2017년.csv
2017-10-09,2017,10,9,0,월,0,0,0,0,1,18.0,17.0,9.0,8.0,39288,14764,8557,15122,0,39288,34800,1027,314,508,2639,4488,2017,문화재청_궁능유적본부_4대궁_관람객_수_현황_2017년.csv
2017-10-10,2017,10,10,1,화,0,1,1,0,0,18.0,17.0,9.0,8.0,0,3414,910,2262,0,0,0,0,0,0,0,0,2017,문화재청_궁능유적본부_4대궁_관람객_수_현황_2017년.csv
2017-10-11,2017,10,11,2,수,0,0,0,0,0,18.0,17.0,9.0,8.0,8387,2427,864,2656,2023,6364,7623,281,33,119,331,764,2017,문화재청_궁능유적본부_4대궁_관람객_수_현황_2017년.csv
2017-10-12,2017,10,12,3,목,0,0,0,0,0,18.0,17.0,9.0,8.0,12934,6206,1188,3652,4927,8007,11565,474,128,282,485,1369,2017,문화재청_궁능유적본부_4대궁_관람객_수_현황_2017년.csv
2017-10-13,2017,10,13,4,금,0,0,0,0,0,18.0,17.0,9.0,8.0,12474,6199,1955,8796,4784,7690,10298,300,212,540,1124,2176,2017,문화재청_궁능유적본부_4대궁_관람객_수_현황_2017년.csv
2017-10-14,2017,10,14,5,토,1,0,0,0,0,18.0,17.0,9.0,8.0,18774,9000,3390,18348,10938,7836,15775,760,210,477,1552,2999,2017,문화재청_궁능유적본부_4대궁_관람객_수_현황_2017년.csv
2017-10-15,2017,10,15,6,일,1,0,0,0,0,18.0,17.0,9.0,8.0,17220,9008,3607,8564,10524,6696,14140,899,263,374,1544,3080,2017,문화재청_궁능유적본부_4대궁_관람객_수_현황_2017년.csv
2017-10-16,2017,10,16,0,월,0,0,0,3,0,18.0,17.0,9.0,8.0,12316,0,0,0,6552,5764,9061,909,302,678,1366,3255,2017,문화재청_궁능유적본부_4대궁_관람객_수_현황_2017년.csv
2017-10-17,2017,10,17,1,화,0,1,1,0,0,18.0,17.0,9.0,8.0,0,10575,2428,5313,0,0,0,0,0,0,0,0,2017,문화재청_궁능유적본부_4대궁_관람객_수_현황_2017년.csv
2017-10-18,2017,10,18,2,수,0,0,0,0,0,18.0,17.0,9.0,8.0,18795,7265,2138,5324,6881,11914,15178,1081,286,376,1874,3617,2017,문화재청_궁능유적본부_4대궁_관람객_수_현황_2017년.csv
2017-10-19,2017,10,19,3,목,0,0,0,0,0,18.0,17.0,9.0,8.0,17645,8640,2954,5501,6755,10890,14598,669,142,353,1883,3047,2017,문화재청_궁능유적본부_4대궁_관람객_수_현황_2017년.csv
2017-10-20,2017,10,20,4,금,0,0,0,0,0,18.0,17.0,9.0,8.0,18820,8902,3130,8230,7408,11412,14555,1013,268,520,2464,4265,2017,문화재청_궁능유적본부_4대궁_관람객_수_현황_2017년.csv
2017-10-21,2017,10,21,5,토,1,0,0,0,0,18.0,17.0,9.0,8.0,24076,13061,4523,12564,14717,9359,19345,1423,232,833,2243,4731,2017,문화재청_궁능유적본부_4대궁_관람객_수_현황_2017년.csv
2017-10-22,2017,10,22,6,일,1,0,0,0,0,18.0,17.0,9.0,8.0,20847,10322,4701,10425,13401,7446,16779,1619,258,374,1817,4068,2017,문화재청_궁능유적본부_4대궁_관람객_수_현황_2017년.csv
2017-10-23,2017,10,23,0,월,0,0,0,3,0,18.0,17.0,9.0,8.0,13191,0,0,0,6607,6584,10579,815,170,285,1342,2612,2017,문화재청_궁능유적본부_4대궁_관람객_수_현황_2017년.csv
2017-10-24,2017,10,24,1,화,0,1,1,0,0,18.0,17.0,9.0,8.0,0,13022,3646,7958,0,0,0,0,0,0,0,0,2017,문화재청_궁능유적본부_4대궁_관람객_수_현황_2017년.csv
2017-10-25,2017,10,25,2,수,0,0,0,0,0,18.0,17.0,9.0,8.0,20702,15906,6626,12605,0,20702,14927,614,699,312,4150,5775,2017,문화재청_궁능유적본부_4대궁_관람객_수_현황_2017년.csv
2017-10-26,2017,10,26,3,목,0,0,0,0,0,18.0,17.0,9.0,8.0,18163,10041,2425,5448,7518,10645,14327,1358,245,378,1855,3836,2017,문화재청_궁능유적본부_4대궁_관람객_수_현황_2017년.csv
2017-10-27,2017,10,27,4,금,0,0,0,0,0,18.0,17.0,9.0,8.0,16836,9362,3367,6902,7868,8968,13694,995,275,259,1613,3142,2017,문화재청_궁능유적본부_4대궁_관람객_수_현황_2017년.csv
2017-10-28,2017,10,28,5,토,1,0,0,0,0,18.0,17.0,9.0,8.0,26378,14579,5833,13455,14979,11399,21848,1314,169,316,2731,4530,2017,문화재청_궁능유적본부_4대궁_관람객_수_현황_2017년.csv
2017-10-29,2017,10,29,6,일,1,0,0,0,0,18.0,17.0,9.0,8.0,25492,13820,5514,10584,14258,11234,20703,1582,229,701,2277,4789,2017,문화재청_궁능유적본부_4대궁_관람객_수_현황_2017년.csv
2017-10-30,2017,10,30,0,월,0,0,0,3,0,18.0,17.0,9.0,8.0,12070,0,0,0,7080,4990,8854,1403,204,301,1308,3216,2017,문화재청_궁능유적본부_4대궁_관람객_수_현황_2017년.csv
2017-10-31,2017,10,31,1,화,0,1,1,0,0,18.0,17.0,9.0,8.0,0,12827,3569,6853,0,0,0,0,0,0,0,0,2017,문화재청_궁능유적본부_4대궁_관람객_수_현황_2017년.csv
2017-11-01,2017,11,1,2,수,0,0,0,0,0,17.0,16.0,8.0,7.0,12333,9213,2568,5422,6172,6161,9764,735,141,143,1550,2569,2017,문화재청_궁능유적본부_4대궁_관람객_수_현황_2017년.csv
2017-11-02,2017,11,2,3,목,0,0,0,0,0,17.0,16.0,8.0,7.0,13244,12427,1937,4951,6442,6802,10447,731,204,515,1347,2797,2017,문화재청_궁능유적본부_4대궁_관람객_수_현황_2017년.csv
2017-11-03,2017,11,3,4,금,0,0,0,0,0,17.0,16.0,8.0,7.0,11862,9770,2620,6881,6770,5092,8376,1141,289,236,1820,3486,2017,문화재청_궁능유적본부_4대궁_관람객_수_현황_2017년.csv
2017-11-04,2017,11,4,5,토,1,0,0,0,0,17.0,16.0,8.0,7.0,28044,18096,7150,13991,14910,13134,22465,1832,476,382,2889,5579,2017,문화재청_궁능유적본부_4대궁_관람객_수_현황_2017년.csv
2017-11-05,2017,11,5,6,일,1,0,0,0,0,17.0,16.0,8.0,7.0,19067,15095,6587,11838,12531,6536,15261,1026,221,365,2194,3806,2017,문화재청_궁능유적본부_4대궁_관람객_수_현황_2017년.csv
2017-11-06,2017,11,6,0,월,0,0,0,3,0,17.0,16.0,8.0,7.0,10317,0,0,0,6117,4200,8006,745,249,386,931,2311,2017,문화재청_궁능유적본부_4대궁_관람객_수_현황_2017년.csv
2017-11-07,2017,11,7,1,화,0,1,1,0,0,17.0,16.0,8.0,7.0,0,10341,3644,6769,0,0,0,0,0,0,0,0,2017,문화재청_궁능유적본부_4대궁_관람객_수_현황_2017년.csv
2017-11-08,2017,11,8,2,수,0,0,0,0,0,17.0,16.0,8.0,7.0,10189,9294,2787,5786,5651,4538,7565,1118,261,305,940,2624,2017,문화재청_궁능유적본부_4대궁_관람객_수_현황_2017년.csv
2017-11-09,2017,11,9,3,목,0,0,0,0,0,17.0,16.0,8.0,7.0,12233,9869,3695,6458,6337,5896,9930,471,83,384,1365,2303,2017,문화재청_궁능유적본부_4대궁_관람객_수_현황_2017년.csv
2017-11-10,2017,11,10,4,금,0,0,0,0,0,17.0,16.0,8.0,7.0,9132,7975,1961,4708,5480,3652,7268,535,73,300,956,1864,2017,문화재청_궁능유적본부_4대궁_관람객_수_현황_2017년.csv
2017-11-11,2017,11,11,5,토,1,0,0,0,0,17.0,16.0,8.0,7.0,20109,13816,6944,12948,12007,8102,17304,713,246,404,1442,2805,2017,문화재청_궁능유적본부_4대궁_관람객_수_현황_2017년.csv
2017-11-12,2017,11,12,6,일,1,0,0,0,0,17.0,16.0,8.0,7.0,17346,13517,7323,10930,11445,5901,14825,723,132,238,1428,2521,2017,문화재청_궁능유적본부_4대궁_관람객_수_현황_2017년.csv
2017-11-13,2017,11,13,0,월,0,0,0,3,0,17.0,16.0,8.0,7.0,7978,0,0,0,5346,2632,5593,980,276,299,830,2385,2017,문화재청_궁능유적본부_4대궁_관람객_수_현황_2017년.csv
2017-11-14,2017,11,14,1,화,0,1,1,0,0,17.0,16.0,8.0,7.0,0,8310,3273,5197,0,0,0,0,0,0,0,0,2017,문화재청_궁능유적본부_4대궁_관람객_수_현황_2017년.csv
2017-11-15,2017,11,15,2,수,0,0,0,0,0,17.0,16.0,8.0,7.0,8843,5345,2326,3771,5231,3612,6752,803,199,122,967,2091,2017,문화재청_궁능유적본부_4대궁_관람객_수_현황_2017년.csv
2017-11-16,2017,11,16,3,목,0,0,0,0,0,17.0,16.0,8.0,7.0,8874,5406,1861,3624,4481,4393,7058,317,98,395,1006,1816,2017,문화재청_궁능유적본부_4대궁_관람객_수_현황_2017년.csv
2017-11-17,2017,11,17,4,금,0,0,0,0,0,17.0,16.0,8.0,7.0,7552,4730,1387,3747,4620,2932,5068,470,415,449,1150,2484,2017,문화재청_궁능유적본부_4대궁_관람객_수_현황_2017년.csv
2017-11-18,2017,11,18,5,토,1,0,0,0,0,17.0,16.0,8.0,7.0,13685,6811,2855,7679,8950,4735,10838,968,140,705,1034,2847,2017,문화재청_궁능유적본부_4대궁_관람객_수_현황_2017년.csv
2017-11-19,2017,11,19,6,일,1,0,0,0,0,17.0,16.0,8.0,7.0,10351,5405,2252,5049,6663,3688,7988,864,260,473,766,2363,2017,문화재청_궁능유적본부_4대궁_관람객_수_현황_2017년.csv
2017-11-20,2017,11,20,0,월,0,0,0,3,0,17.0,16.0,8.0,7.0,7606,0,0,0,3943,3663,5907,666,108,304,621,1699,2017,문화재청_궁능유적본부_4대궁_관람객_수_현황_2017년.csv
2017-11-21,2017,11,21,1,화,0,1,1,0,0,17.0,16.0,8.0,7.0,0,4925,1602,4006,0,0,0,0,0,0,0,0,2017,문화재청_궁능유적본부_4대궁_관람객_수_현황_2017년.csv
2017-11-22,2017,11,22,2,수,0,0,0,0,0,17.0,16.0,8.0,7.0,7266,3410,1027,2711,4496,2770,5575,782,112,145,652,1691,2017,문화재청_궁능유적본부_4대궁_관람객_수_현황_2017년.csv
2017-11-23,2017,11,23,3,목,0,0,0,0,0,17.0,16.0,8.0,7.0,6501,3183,838,2318,3949,2552,4833,430,205,143,890,1668,2017,문화재청_궁능유적본부_4대궁_관람객_수_현황_2017년.csv
2017-11-24,2017,11,24,4,금,0,0,0,0,0,17.0,16.0,8.0,7.0,8612,3871,1079,3317,5584,3028,6404,873,153,390,792,2208,2017,문화재청_궁능유적본부_4대궁_관람객_수_현황_2017년.csv
2017-11-25,2017,11,25,5,토,1,0,0,0,0,17.0,16.0,8.0,7.0,8126,4084,1274,4246,5696,2430,5694,914,195,357,966,2432,2017,문화재청_궁능유적본부_4대궁_관람객_수_현황_2017년.csv
2017-11-26,2017,11,26,6,일,1,0,0,0,0,17.0,16.0,8.0,7.0,11683,5180,2459,5853,7796,3887,9365,545,191,643,939,2318,2017,문화재청_궁능유적본부_4대궁_관람객_수_현황_2017년.csv
2017-11-27,2017,11,27,0,월,0,0,0,3,0,17.0,16.0,8.0,7.0,6263,0,0,0,3739,2524,4950,599,58,330,326,1313,2017,문화재청_궁능유적본부_4대궁_관람객_수_현황_2017년.csv
2017-11-28,2017,11,28,1,화,0,1,1,0,0,17.0,16.0,8.0,7.0,0,3675,1246,3149,0,0,0,0,0,0,0,0,2017,문화재청_궁능유적본부_4대궁_관람객_수_현황_2017년.csv
2017-11-29,2017,11,29,2,수,0,0,0,0,0,17.0,16.0,8.0,7.0,7322,4931,1821,3969,0,7322,3868,628,423,575,1828,3454,2017,문화재청_궁능유적본부_4대궁_관람객_수_현황_2017년.csv
2017-11-30,2017,11,30,3,목,0,0,0,0,0,17.0,16.0,8.0,7.0,6373,2311,632,1919,3949,2424,4230,583,84,417,1059,2143,2017,문화재청_궁능유적본부_4대궁_관람객_수_현황_2017년.csv
2017-12-01,2017,12,1,4,금,0,0,0,0,0,17.0,16.0,8.0,7.0,6190,2504,648,2043,3744,2446,4484,713,91,361,541,1706,2017,문화재청_궁능유적본부_4대궁_관람객_수_현황_2017년.csv
2017-12-02,2017,12,2,5,토,1,0,0,0,0,17.0,16.0,8.0,7.0,11622,4711,2016,5564,8205,3417,8498,1196,148,239,1541,3124,2017,문화재청_궁능유적본부_4대궁_관람객_수_현황_2017년.csv
2017-12-03,2017,12,3,6,일,1,0,0,0,0,17.0,16.0,8.0,7.0,9224,3947,1532,4898,6452,2772,7157,876,109,502,580,2067,2017,문화재청_궁능유적본부_4대궁_관람객_수_현황_2017년.csv
2017-12-04,2017,12,4,0,월,0,0,0,3,0,17.0,16.0,8.0,7.0,6271,0,0,0,3718,2553,4656,707,82,367,459,1615,2017,문화재청_궁능유적본부_4대궁_관람객_수_현황_2017년.csv
2017-12-05,2017,12,5,1,화,0,1,1,0,0,17.0,16.0,8.0,7.0,0,2783,585,3286,0,0,0,0,0,0,0,0,2017,문화재청_궁능유적본부_4대궁_관람객_수_현황_2017년.csv
2017-12-06,2017,12,6,2,수,0,0,0,0,0,17.0,16.0,8.0,7.0,7558,1657,732,2394,3753,3805,5877,860,31,298,492,1681,2017,문화재청_궁능유적본부_4대궁_관람객_수_현황_2017년.csv
2017-12-07,2017,12,7,3,목,0,0,0,0,0,17.0,16.0,8.0,7.0,8519,4766,802,2020,3821,4698,7142,411,36,310,620,1377,2017,문화재청_궁능유적본부_4대궁_관람객_수_현황_2017년.csv
2017-12-08,2017,12,8,4,금,0,0,0,0,0,17.0,16.0,8.0,7.0,6942,2289,756,2566,3987,2955,4791,863,72,462,754,2151,2017,문화재청_궁능유적본부_4대궁_관람객_수_현황_2017년.csv
2017-12-09,2017,12,9,5,토,1,0,0,0,0,17.0,16.0,8.0,7.0,11145,4103,1558,5215,7870,3275,8744,315,62,752,1272,2401,2017,문화재청_궁능유적본부_4대궁_관람객_수_현황_2017년.csv
2017-12-10,2017,12,10,6,일,1,0,0,0,0,17.0,16.0,8.0,7.0,8389,4049,1745,3523,6256,2133,5972,712,132,526,1047,2417,2017,문화재청_궁능유적본부_4대궁_관람객_수_현황_2017년.csv
2017-12-11,2017,12,11,0,월,0,0,0,3,0,17.0,16.0,8.0,7.0,6852,0,0,0,3905,2947,4915,312,72,539,1014,1937,2017,문화재청_궁능유적본부_4대궁_관람객_수_현황_2017년.csv
2017-12-12,2017,12,12,1,화,0,1,1,0,0,17.0,16.0,8.0,7.0,0,2026,420,1914,0,0,0,0,0,0,0,0,2017,문화재청_궁능유적본부_4대궁_관람객_수_현황_2017년.csv
2017-12-13,2017,12,13,2,수,0,0,0,0,0,17.0,16.0,8.0,7.0,6475,1792,658,1498,4436,2039,4197,1697,63,56,462,2278,2017,문화재청_궁능유적본부_4대궁_관람객_수_현황_2017년.csv
2017-12-14,2017,12,14,3,목,0,0,0,0,0,17.0,16.0,8.0,7.0,6037,1982,469,1577,4218,1819,3678,76,55,785,1443,2359,2017,문화재청_궁능유적본부_4대궁_관람객_수_현황_2017년.csv
2017-12-15,2017,12,15,4,금,0,0,0,0,0,17.0,16.0,8.0,7.0,7958,2460,640,1933,4371,3587,5483,781,51,953,690,2475,2017,문화재청_궁능유적본부_4대궁_관람객_수_현황_2017년.csv
2017-12-16,2017,12,16,5,토,1,0,0,0,0,17.0,16.0,8.0,7.0,9677,3423,1160,3595,7209,2468,6127,791,168,1093,1498,3550,2017,문화재청_궁능유적본부_4대궁_관람객_수_현황_2017년.csv
2017-12-17,2017,12,17,6,일,1,0,0,0,0,17.0,16.0,8.0,7.0,7761,2603,738,3194,5905,1856,4927,912,96,588,1238,2834,2017,문화재청_궁능유적본부_4대궁_관람객_수_현황_2017년.csv
2017-12-18,2017,12,18,0,월,0,0,0,2,0,17.0,16.0,8.0,7.0,8441,0,0,30,5023,3418,5836,1198,170,277,960,2605,2017,문화재청_궁능유적본부_4대궁_관람객_수_현황_2017년.csv
2017-12-19,2017,12,19,1,화,0,1,1,0,0,17.0,16.0,8.0,7.0,0,3239,866,3278,0,0,0,0,0,0,0,0,2017,문화재청_궁능유적본부_4대궁_관람객_수_현황_2017년.csv
2017-12-20,2017,12,20,2,수,0,0,0,0,0,17.0,16.0,8.0,7.0,6661,1766,750,2048,4501,2160,3872,1130,118,153,1388,2789,2017,문화재청_궁능유적본부_4대궁_관람객_수_현황_2017년.csv
2017-12-21,2017,12,21,3,목,0,0,0,0,0,17.0,16.0,8.0,7.0,6985,2872,908,3220,4659,2326,4814,128,86,607,1350,2171,2017,문화재청_궁능유적본부_4대궁_관람객_수_현황_2017년.csv
2017-12-22,2017,12,22,4,금,0,0,0,0,0,17.0,16.0,8.0,7.0,7412,2447,893,3408,5198,2214,4834,1246,21,668,643,2578,2017,문화재청_궁능유적본부_4대궁_관람객_수_현황_2017년.csv
2017-12-23,2017,12,23,5,토,1,0,0,0,0,17.0,16.0,8.0,7.0,12392,4257,1496,6743,8501,3891,9534,1378,44,569,867,2858,2017,문화재청_궁능유적본부_4대궁_관람객_수_현황_2017년.csv
2017-12-24,2017,12,24,6,일,1,0,0,0,0,17.0,16.0,8.0,7.0,5937,2050,649,3322,4407,1530,4201,544,28,403,761,1736,2017,문화재청_궁능유적본부_4대궁_관람객_수_현황_2017년.csv
2017-12-25,2017,12,25,0,월,0,0,0,0,1,17.0,16.0,8.0,7.0,14147,2638,1114,4286,9723,4424,9377,1115,68,1869,1718,4770,2017,문화재청_궁능유적본부_4대궁_관람객_수_현황_2017년.csv
2017-12-26,2017,12,26,1,화,0,1,1,0,0,17.0,16.0,8.0,7.0,0,3587,1106,2834,0,0,0,0,0,0,0,0,2017,문화재청_궁능유적본부_4대궁_관람객_수_현황_2017년.csv
2017-12-27,2017,12,27,2,수,0,0,0,0,0,17.0,16.0,8.0,7.0,9157,2875,1099,3622,0,9157,3866,1079,580,687,2945,5291,2017,문화재청_궁능유적본부_4대궁_관람객_수_현황_2017년.csv
2017-12-28,2017,12,28,3,목,0,0,0,0,0,17.0,16.0,8.0,7.0,7864,2288,823,3240,5417,2447,4881,1152,216,607,1008,2983,2017,문화재청_궁능유적본부_4대궁_관람객_수_현황_2017년.csv
2017-12-29,2017,12,29,4,금,0,0,0,0,0,17.0,16.0,8.0,7.0,9062,3135,896,4138,6268,2794,5077,1402,251,846,1486,3985,2017,문화재청_궁능유적본부_4대궁_관람객_수_현황_2017년.csv
2017-12-30,2017,12,30,5,토,1,0,0,0,0,17.0,16.0,8.0,7.0,12650,3591,1288,4704,9030,3620,8956,906,143,903,1742,3694,2017,문화재청_궁능유적본부_4대궁_관람객_수_현황_2017년.csv
2017-12-31,2017,12,31,6,일,1,0,0,0,0,17.0,16.0,8.0,7.0,15262,4906,2059,8994,11032,4230,12715,1014,141,597,795,2547,2017,문화재청_궁능유적본부_4대궁_관람객_수_현황_2017년.csv
2018-01-01,2018,1,1,0,월,0,0,0,0,1,17.0,16.0,8.0,7.0,15108,3703,1505,2877,10239,4869,12567,659,249,460,1173,2541,2018,문화재청_궁능유적본부_4대궁_관람객_수_현황_2018년.csv
2018-01-02,2018,1,2,1,화,0,1,1,0,0,17.0,16.0,8.0,7.0,0,3519,875,3103,0,0,0,0,0,0,0,0,2018,문화재청_궁능유적본부_4대궁_관람객_수_현황_2018년.csv
2018-01-03,2018,1,3,2,수,0,0,0,0,0,17.0,16.0,8.0,7.0,6701,1808,484,3260,4625,2076,5149,313,52,551,636,1552,2018,문화재청_궁능유적본부_4대궁_관람객_수_현황_2018년.csv
2018-01-04,2018,1,4,3,목,0,0,0,0,0,17.0,16.0,8.0,7.0,5084,1917,619,2493,3375,1709,3711,485,126,107,655,1373,2018,문화재청_궁능유적본부_4대궁_관람객_수_현황_2018년.csv
2018-01-05,2018,1,5,4,금,0,0,0,0,0,17.0,16.0,8.0,7.0,5547,2003,622,2755,3758,1789,4253,333,121,205,635,1294,2018,문화재청_궁능유적본부_4대궁_관람객_수_현황_2018년.csv
2018-01-06,2018,1,6,5,토,1,0,0,0,0,17.0,16.0,8.0,7.0,8704,3073,1225,5006,5796,2908,7323,243,56,437,645,1381,2018,문화재청_궁능유적본부_4대궁_관람객_수_현황_2018년.csv
2018-01-07,2018,1,7,6,일,1,0,0,0,0,17.0,16.0,8.0,7.0,8278,3106,1087,4508,5196,3082,6792,293,187,326,680,1486,2018,문화재청_궁능유적본부_4대궁_관람객_수_현황_2018년.csv
2018-01-08,2018,1,8,0,월,0,0,0,3,0,17.0,16.0,8.0,7.0,4773,0,0,0,2877,1896,3632,283,103,135,620,1141,2018,문화재청_궁능유적본부_4대궁_관람객_수_현황_2018년.csv
2018-01-09,2018,1,9,1,화,0,1,1,0,0,17.0,16.0,8.0,7.0,0,2475,642,2289,0,0,0,0,0,0,0,0,2018,문화재청_궁능유적본부_4대궁_관람객_수_현황_2018년.csv
2018-01-10,2018,1,10,2,수,0,0,0,0,0,17.0,16.0,8.0,7.0,4092,1475,463,1784,2662,1430,2915,558,54,206,359,1177,2018,문화재청_궁능유적본부_4대궁_관람객_수_현황_2018년.csv
2018-01-11,2018,1,11,3,목,0,0,0,0,0,17.0,16.0,8.0,7.0,3485,1390,288,1541,2200,1285,2058,511,52,132,732,1427,2018,문화재청_궁능유적본부_4대궁_관람객_수_현황_2018년.csv
2018-01-12,2018,1,12,4,금,0,0,0,0,0,17.0,16.0,8.0,7.0,3499,1116,297,1748,2497,1002,1829,389,89,341,851,1670,2018,문화재청_궁능유적본부_4대궁_관람객_수_현황_2018년.csv
2018-01-13,2018,1,13,5,토,1,0,0,0,0,17.0,16.0,8.0,7.0,7170,2511,908,4402,4732,2438,5308,786,94,256,726,1862,2018,문화재청_궁능유적본부_4대궁_관람객_수_현황_2018년.csv
2018-01-14,2018,1,14,6,일,1,0,0,0,0,17.0,16.0,8.0,7.0,8361,3297,1406,4908,5388,2973,6743,672,57,345,544,1618,2018,문화재청_궁능유적본부_4대궁_관람객_수_현황_2018년.csv
2018-01-15,2018,1,15,0,월,0,0,0,3,0,17.0,16.0,8.0,7.0,5313,0,0,0,3255,2058,4496,256,27,238,296,817,2018,문화재청_궁능유적본부_4대궁_관람객_수_현황_2018년.csv
2018-01-16,2018,1,16,1,화,0,1,1,0,0,17.0,16.0,8.0,7.0,0,2155,598,2887,0,0,0,0,0,0,0,0,2018,문화재청_궁능유적본부_4대궁_관람객_수_현황_2018년.csv
2018-01-17,2018,1,17,2,수,0,0,0,0,0,17.0,16.0,8.0,7.0,5236,1851,583,2601,3215,2021,4240,337,29,409,221,996,2018,문화재청_궁능유적본부_4대궁_관람객_수_현황_2018년.csv
2018-01-18,2018,1,18,3,목,0,0,0,0,0,17.0,16.0,8.0,7.0,5461,1885,542,2546,3343,2118,4269,560,19,270,343,1192,2018,문화재청_궁능유적본부_4대궁_관람객_수_현황_2018년.csv
2018-01-19,2018,1,19,4,금,0,0,0,0,0,17.0,16.0,8.0,7.0,6556,1784,829,2831,3421,3135,5732,175,15,204,430,824,2018,문화재청_궁능유적본부_4대궁_관람객_수_현황_2018년.csv
2018-01-20,2018,1,20,5,토,1,0,0,0,0,17.0,16.0,8.0,7.0,11493,3505,1379,6013,7250,4243,10090,627,26,365,385,1403,2018,문화재청_궁능유적본부_4대궁_관람객_수_현황_2018년.csv
2018-01-21,2018,1,21,6,일,1,0,0,0,0,17.0,16.0,8.0,7.0,10003,3606,1361,5105,6184,3819,8074,335,147,414,1033,1929,2018,문화재청_궁능유적본부_4대궁_관람객_수_현황_2018년.csv
2018-01-22,2018,1,22,0,월,0,0,0,3,0,17.0,16.0,8.0,7.0,5288,0,0,0,3152,2136,3635,392,141,504,616,1653,2018,문화재청_궁능유적본부_4대궁_관람객_수_현황_2018년.csv
2018-01-23,2018,1,23,1,화,0,1,1,0,0,17.0,16.0,8.0,7.0,0,1878,431,1911,0,0,0,0,0,0,0,0,2018,문화재청_궁능유적본부_4대궁_관람객_수_현황_2018년.csv
2018-01-24,2018,1,24,2,수,0,0,0,0,0,17.0,16.0,8.0,7.0,3043,742,168,1235,2037,1006,1773,350,87,278,555,1270,2018,문화재청_궁능유적본부_4대궁_관람객_수_현황_2018년.csv
2018-01-25,2018,1,25,3,목,0,0,0,0,0,17.0,16.0,8.0,7.0,3323,899,154,2717,2318,1005,1748,417,84,257,817,1575,2018,문화재청_궁능유적본부_4대궁_관람객_수_현황_2018년.csv
2018-01-26,2018,1,26,4,금,0,0,0,0,0,17.0,16.0,8.0,7.0,3433,741,147,1750,2424,1009,1805,437,90,236,865,1628,2018,문화재청_궁능유적본부_4대궁_관람객_수_현황_2018년.csv
2018-01-27,2018,1,27,5,토,1,0,0,0,0,17.0,16.0,8.0,7.0,6629,2003,627,3794,4538,2091,4488,622,142,452,925,2141,2018,문화재청_궁능유적본부_4대궁_관람객_수_현황_2018년.csv
2018-01-28,2018,1,28,6,일,1,0,0,0,0,17.0,16.0,8.0,7.0,6853,2311,615,3446,4768,2085,5096,444,92,491,730,1757,2018,문화재청_궁능유적본부_4대궁_관람객_수_현황_2018년.csv
2018-01-29,2018,1,29,0,월,0,0,0,3,0,17.0,16.0,8.0,7.0,4911,0,0,0,3530,1381,3367,223,69,731,521,1544,2018,문화재청_궁능유적본부_4대궁_관람객_수_현황_2018년.csv
2018-01-30,2018,1,30,1,화,0,1,1,0,0,17.0,16.0,8.0,7.0,0,1976,519,3134,0,0,0,0,0,0,0,0,2018,문화재청_궁능유적본부_4대궁_관람객_수_현황_2018년.csv
2018-01-31,2018,1,31,2,수,0,0,0,0,0,17.0,16.0,8.0,7.0,6551,3706,1922,3969,0,6551,3118,451,243,646,2093,3433,2018,문화재청_궁능유적본부_4대궁_관람객_수_현황_2018년.csv
2018-02-01,2018,2,1,3,목,0,0,0,0,0,17.0,16.0,8.0,7.0,4762,1454,567,2185,3127,1635,3146,259,108,649,600,1616,2018,문화재청_궁능유적본부_4대궁_관람객_수_현황_2018년.csv
2018-02-02,2018,2,2,4,금,0,0,0,0,0,17.0,16.0,8.0,7.0,4947,1390,619,2863,3376,1571,3404,385,155,340,663,1543,2018,문화재청_궁능유적본부_4대궁_관람객_수_현황_2018년.csv
2018-02-03,2018,2,3,5,토,1,0,0,0,0,17.0,16.0,8.0,7.0,6380,2186,848,3746,4563,1817,4729,297,96,522,736,1651,2018,문화재청_궁능유적본부_4대궁_관람객_수_현황_2018년.csv
2018-02-04,2018,2,4,6,일,1,0,0,0,0,17.0,16.0,8.0,7.0,5913,1834,605,2808,4275,1638,4175,199,93,530,916,1738,2018,문화재청_궁능유적본부_4대궁_관람객_수_현황_2018년.csv
2018-02-05,2018,2,5,0,월,0,0,0,3,0,17.0,16.0,8.0,7.0,4156,0,0,0,2984,1172,2787,270,133,557,409,1369,2018,문화재청_궁능유적본부_4대궁_관람객_수_현황_2018년.csv
2018-02-06,2018,2,6,1,화,0,1,1,0,0,17.0,16.0,8.0,7.0,0,1749,392,2098,0,0,0,0,0,0,0,0,2018,문화재청_궁능유적본부_4대궁_관람객_수_현황_2018년.csv
2018-02-07,2018,2,7,2,수,0,0,0,0,0,17.0,16.0,8.0,7.0,4798,1131,437,1818,3391,1407,3524,272,75,360,567,1274,2018,문화재청_궁능유적본부_4대궁_관람객_수_현황_2018년.csv
2018-02-08,2018,2,8,3,목,0,0,0,0,0,17.0,16.0,8.0,7.0,6325,1629,575,2780,4396,1929,3722,168,96,1330,1009,2603,2018,문화재청_궁능유적본부_4대궁_관람객_수_현황_2018년.csv
2018-02-09,2018,2,9,4,금,0,0,0,0,0,17.0,16.0,8.0,7.0,5760,1764,667,2633,4198,1562,4001,409,59,706,585,1759,2018,문화재청_궁능유적본부_4대궁_관람객_수_현황_2018년.csv
2018-02-10,2018,2,10,5,토,1,0,0,0,0,17.0,16.0,8.0,7.0,8634,2952,1224,4791,5917,2717,6104,629,185,912,804,2530,2018,문화재청_궁능유적본부_4대궁_관람객_수_현황_2018년.csv
2018-02-11,2018,2,11,6,일,1,0,0,0,0,17.0,16.0,8.0,7.0,7795,2745,812,3196,5619,2176,5020,712,255,889,919,2775,2018,문화재청_궁능유적본부_4대궁_관람객_수_현황_2018년.csv
2018-02-12,2018,2,12,0,월,0,0,0,3,0,17.0,16.0,8.0,7.0,5207,0,0,0,3696,1511,3801,534,136,375,361,1406,2018,문화재청_궁능유적본부_4대궁_관람객_수_현황_2018년.csv
2018-02-13,2018,2,13,1,화,0,1,1,0,0,17.0,16.0,8.0,7.0,0,2891,839,2882,0,0,0,0,0,0,0,0,2018,문화재청_궁능유적본부_4대궁_관람객_수_현황_2018년.csv
2018-02-14,2018,2,14,2,수,0,0,0,0,0,17.0,16.0,8.0,7.0,5550,1419,623,2046,3926,1624,3637,720,36,754,403,1913,2018,문화재청_궁능유적본부_4대궁_관람객_수_현황_2018년.csv
2018-02-15,2018,2,15,3,목,0,0,0,0,1,17.0,16.0,8.0,7.0,17488,6367,3658,5690,0,17488,10880,2177,485,1356,2590,6608,2018,문화재청_궁능유적본부_4대궁_관람객_수_현황_2018년.csv
2018-02-16,2018,2,16,4,금,0,0,0,0,1,17.0,16.0,8.0,7.0,34481,19117,12237,10543,0,34481,27564,1960,466,1891,2600,6917,2018,문화재청_궁능유적본부_4대궁_관람객_수_현황_2018년.csv
2018-02-17,2018,2,17,5,토,1,0,0,0,1,17.0,16.0,8.0,7.0,52494,13999,9575,10082,0,52494,41749,3420,618,2757,3950,10745,2018,문화재청_궁능유적본부_4대궁_관람객_수_현황_2018년.csv
2018-02-18,2018,2,18,6,일,1,0,0,0,0,17.0,16.0,8.0,7.0,19411,8214,5104,7734,0,19411,13432,1299,211,1203,3266,5979,2018,문화재청_궁능유적본부_4대궁_관람객_수_현황_2018년.csv
2018-02-19,2018,2,19,0,월,0,0,0,3,0,17.0,16.0,8.0,7.0,10686,0,0,0,6784,3902,6316,924,94,1555,1797,4370,2018,문화재청_궁능유적본부_4대궁_관람객_수_현황_2018년.csv
2018-02-20,2018,2,20,1,화,0,1,1,0,0,17.0,16.0,8.0,7.0,0,4232,1344,3923,0,0,0,0,0,0,0,0,2018,문화재청_궁능유적본부_4대궁_관람객_수_현황_2018년.csv
2018-02-21,2018,2,21,2,수,0,0,0,0,0,17.0,16.0,8.0,7.0,13039,2430,1044,3233,6708,6331,8595,626,116,1968,1734,4444,2018,문화재청_궁능유적본부_4대궁_관람객_수_현황_2018년.csv
2018-02-22,2018,2,22,3,목,0,0,0,0,0,17.0,16.0,8.0,7.0,9875,2290,1039,3280,6010,3865,6408,244,164,1655,1404,3467,2018,문화재청_궁능유적본부_4대궁_관람객_수_현황_2018년.csv
2018-02-23,2018,2,23,4,금,0,0,0,0,0,17.0,16.0,8.0,7.0,9417,2634,975,3227,5823,3594,5463,762,140,1617,1435,3954,2018,문화재청_궁능유적본부_4대궁_관람객_수_현황_2018년.csv
2018-02-24,2018,2,24,5,토,1,0,0,0,0,17.0,16.0,8.0,7.0,13724,4532,1903,6256,8227,5497,10638,298,105,1111,1572,3086,2018,문화재청_궁능유적본부_4대궁_관람객_수_현황_2018년.csv
2018-02-25,2018,2,25,6,일,1,0,0,0,0,17.0,16.0,8.0,7.0,12687,4399,2428,5845,7283,5404,10082,546,179,804,1076,2605,2018,문화재청_궁능유적본부_4대궁_관람객_수_현황_2018년.csv
2018-02-26,2018,2,26,0,월,0,0,0,3,0,17.0,16.0,8.0,7.0,8421,0,0,0,4933,3488,6057,450,127,765,1022,2364,2018,문화재청_궁능유적본부_4대궁_관람객_수_현황_2018년.csv
2018-02-27,2018,2,27,1,화,0,1,1,0,0,17.0,16.0,8.0,7.0,0,4766,1278,3983,0,0,0,0,0,0,0,0,2018,문화재청_궁능유적본부_4대궁_관람객_수_현황_2018년.csv
2018-02-28,2018,2,28,2,수,0,0,0,0,0,17.0,16.0,8.0,7.0,6579,2179,990,2559,0,6579,2522,635,389,607,2426,4057,2018,문화재청_궁능유적본부_4대궁_관람객_수_현황_2018년.csv
2018-03-01,2018,3,1,3,목,0,0,0,0,1,18.0,17.0,9.0,8.0,9572,3522,1428,4808,5162,4410,7732,472,100,549,719,1840,2018,문화재청_궁능유적본부_4대궁_관람객_수_현황_2018년.csv
2018-03-02,2018,3,2,4,금,0,0,0,0,0,18.0,17.0,9.0,8.0,7504,2386,881,2807,4189,3315,5787,232,112,615,758,1717,2018,문화재청_궁능유적본부_4대궁_관람객_수_현황_2018년.csv
2018-03-03,2018,3,3,5,토,1,0,0,0,0,18.0,17.0,9.0,8.0,15885,6018,3229,7330,9153,6732,13763,490,122,711,799,2122,2018,문화재청_궁능유적본부_4대궁_관람객_수_현황_2018년.csv
2018-03-04,2018,3,4,6,일,1,0,0,0,0,18.0,17.0,9.0,8.0,7779,3151,1225,3661,4879,2900,6167,306,170,358,778,1612,2018,문화재청_궁능유적본부_4대궁_관람객_수_현황_2018년.csv
2018-03-05,2018,3,5,0,월,0,0,0,3,0,18.0,17.0,9.0,8.0,4990,0,0,0,3381,1609,3107,722,112,491,558,1883,2018,문화재청_궁능유적본부_4대궁_관람객_수_현황_2018년.csv
2018-03-06,2018,3,6,1,화,0,1,1,0,0,18.0,17.0,9.0,8.0,0,3366,1213,3167,0,0,0,0,0,0,0,0,2018,문화재청_궁능유적본부_4대궁_관람객_수_현황_2018년.csv
2018-03-07,2018,3,7,2,수,0,0,0,0,0,18.0,17.0,9.0,8.0,6747,2644,926,2376,4213,2534,4442,686,315,460,844,2305,2018,문화재청_궁능유적본부_4대궁_관람객_수_현황_2018년.csv
2018-03-08,2018,3,8,3,목,0,0,0,0,0,18.0,17.0,9.0,8.0,5357,1613,612,2010,3643,1714,3875,273,155,337,717,1482,2018,문화재청_궁능유적본부_4대궁_관람객_수_현황_2018년.csv
2018-03-09,2018,3,9,4,금,0,0,0,0,0,18.0,17.0,9.0,8.0,8037,2344,849,2653,5357,2680,4764,730,310,576,1657,3273,2018,문화재청_궁능유적본부_4대궁_관람객_수_현황_2018년.csv
2018-03-10,2018,3,10,5,토,1,0,0,0,0,18.0,17.0,9.0,8.0,14761,5598,2326,6610,9204,5557,11504,819,270,1047,1121,3257,2018,문화재청_궁능유적본부_4대궁_관람객_수_현황_2018년.csv
2018-03-11,2018,3,11,6,일,1,0,0,0,0,18.0,17.0,9.0,8.0,14018,5512,2654,6039,8480,5538,11730,416,178,651,1043,2288,2018,문화재청_궁능유적본부_4대궁_관람객_수_현황_2018년.csv
2018-03-12,2018,3,12,0,월,0,0,0,3,0,18.0,17.0,9.0,8.0,7807,0,0,0,4732,3075,5390,598,252,537,1030,2417,2018,문화재청_궁능유적본부_4대궁_관람객_수_현황_2018년.csv
2018-03-13,2018,3,13,1,화,0,1,1,0,0,18.0,17.0,9.0,8.0,0,4099,1213,3783,0,0,0,0,0,0,0,0,2018,문화재청_궁능유적본부_4대궁_관람객_수_현황_2018년.csv
2018-03-14,2018,3,14,2,수,0,0,0,0,0,18.0,17.0,9.0,8.0,9333,3090,1450,3710,5697,3636,7137,617,45,529,1005,2196,2018,문화재청_궁능유적본부_4대궁_관람객_수_현황_2018년.csv
2018-03-15,2018,3,15,3,목,0,0,0,0,0,18.0,17.0,9.0,8.0,4057,1379,404,2207,2724,1333,2702,268,85,394,608,1355,2018,문화재청_궁능유적본부_4대궁_관람객_수_현황_2018년.csv
2018-03-16,2018,3,16,4,금,0,0,0,0,0,18.0,17.0,9.0,8.0,9355,3126,1363,4669,5609,3746,6178,960,400,821,996,3177,2018,문화재청_궁능유적본부_4대궁_관람객_수_현황_2018년.csv
2018-03-17,2018,3,17,5,토,1,0,0,0,0,18.0,17.0,9.0,8.0,19412,6473,3566,9161,11655,7757,16266,609,154,944,1439,3146,2018,문화재청_궁능유적본부_4대궁_관람객_수_현황_2018년.csv
2018-03-18,2018,3,18,6,일,1,0,0,0,0,18.0,17.0,9.0,8.0,14933,5416,2218,5959,9430,5503,11011,574,320,900,2128,3922,2018,문화재청_궁능유적본부_4대궁_관람객_수_현황_2018년.csv
2018-03-19,2018,3,19,0,월,0,0,0,3,0,18.0,17.0,9.0,8.0,6895,0,0,0,4595,2300,3747,608,400,439,1701,3148,2018,문화재청_궁능유적본부_4대궁_관람객_수_현황_2018년.csv
2018-03-20,2018,3,20,1,화,0,1,1,0,0,18.0,17.0,9.0,8.0,0,4063,1067,3303,0,0,0,0,0,0,0,0,2018,문화재청_궁능유적본부_4대궁_관람객_수_현황_2018년.csv
2018-03-21,2018,3,21,2,수,0,0,0,0,0,18.0,17.0,9.0,8.0,7362,1862,528,2031,4364,2998,5043,507,315,530,967,2319,2018,문화재청_궁능유적본부_4대궁_관람객_수_현황_2018년.csv
2018-03-22,2018,3,22,3,목,0,0,0,0,0,18.0,17.0,9.0,8.0,11132,3250,1159,3480,6705,4427,7625,746,273,992,1496,3507,2018,문화재청_궁능유적본부_4대궁_관람객_수_현황_2018년.csv
2018-03-23,2018,3,23,4,금,0,0,0,0,0,18.0,17.0,9.0,8.0,10267,3384,1314,3991,5610,4657,7422,689,336,474,1346,2845,2018,문화재청_궁능유적본부_4대궁_관람객_수_현황_2018년.csv
2018-03-24,2018,3,24,5,토,1,0,0,0,0,18.0,17.0,9.0,8.0,16957,6664,2906,8633,10354,6603,13051,1235,542,500,1629,3906,2018,문화재청_궁능유적본부_4대궁_관람객_수_현황_2018년.csv
2018-03-25,2018,3,25,6,일,1,0,0,0,0,18.0,17.0,9.0,8.0,16321,5855,2388,6236,10299,6022,12251,1160,272,761,1877,4070,2018,문화재청_궁능유적본부_4대궁_관람객_수_현황_2018년.csv
2018-03-26,2018,3,26,0,월,0,0,0,3,0,18.0,17.0,9.0,8.0,11953,0,0,0,6528,5425,9267,657,205,224,1600,2686,2018,문화재청_궁능유적본부_4대궁_관람객_수_현황_2018년.csv
2018-03-27,2018,3,27,1,화,0,1,1,0,0,18.0,17.0,9.0,8.0,0,5653,1330,3824,0,0,0,0,0,0,0,0,2018,문화재청_궁능유적본부_4대궁_관람객_수_현황_2018년.csv
2018-03-28,2018,3,28,2,수,0,0,0,0,0,18.0,17.0,9.0,8.0,10161,6774,3217,7486,0,10161,4801,413,310,873,3764,5360,2018,문화재청_궁능유적본부_4대궁_관람객_수_현황_2018년.csv
2018-03-29,2018,3,29,3,목,0,0,0,0,0,18.0,17.0,9.0,8.0,10738,3620,1553,3608,6765,3973,7384,238,128,1210,1778,3354,2018,문화재청_궁능유적본부_4대궁_관람객_수_현황_2018년.csv
2018-03-30,2018,3,30,4,금,0,0,0,0,0,18.0,17.0,9.0,8.0,13875,5273,2338,5983,7815,6060,10692,150,160,1327,1546,3183,2018,문화재청_궁능유적본부_4대궁_관람객_수_현황_2018년.csv
2018-03-31,2018,3,31,5,토,1,0,0,0,0,18.0,17.0,9.0,8.0,22534,9043,4765,10189,13657,8877,17656,1142,276,579,2881,4878,2018,문화재청_궁능유적본부_4대궁_관람객_수_현황_2018년.csv
2018-04-01,2018,4,1,6,일,1,0,0,0,0,18.0,17.0,9.0,8.0,18584,7172,3456,7670,11139,7445,13922,1104,410,696,2452,4662,2018,문화재청_궁능유적본부_4대궁_관람객_수_현황_2018년.csv
2018-04-02,2018,4,2,0,월,0,0,0,3,0,18.0,17.0,9.0,8.0,12725,0,0,0,7984,4741,9431,841,364,533,1556,3294,2018,문화재청_궁능유적본부_4대궁_관람객_수_현황_2018년.csv
2018-04-03,2018,4,3,1,화,0,1,1,0,0,18.0,17.0,9.0,8.0,0,11131,3364,5436,0,0,0,0,0,0,0,0,2018,문화재청_궁능유적본부_4대궁_관람객_수_현황_2018년.csv
2018-04-04,2018,4,4,2,수,0,0,0,0,0,18.0,17.0,9.0,8.0,15931,5610,3094,6093,8089,7842,12313,466,144,621,2387,3618,2018,문화재청_궁능유적본부_4대궁_관람객_수_현황_2018년.csv
2018-04-05,2018,4,5,3,목,0,0,0,0,0,18.0,17.0,9.0,8.0,8298,3181,1151,1754,4597,3701,5396,458,156,385,1903,2902,2018,문화재청_궁능유적본부_4대궁_관람객_수_현황_2018년.csv
2018-04-06,2018,4,6,4,금,0,0,0,0,0,18.0,17.0,9.0,8.0,16817,6137,2534,3601,9615,7202,11526,1093,332,948,2918,5291,2018,문화재청_궁능유적본부_4대궁_관람객_수_현황_2018년.csv
2018-04-07,2018,4,7,5,토,1,0,0,0,0,18.0,17.0,9.0,8.0,21781,9850,4782,6236,12549,9232,16945,902,320,620,2994,4836,2018,문화재청_궁능유적본부_4대궁_관람객_수_현황_2018년.csv
2018-04-08,2018,4,8,6,일,1,0,0,0,0,18.0,17.0,9.0,8.0,15727,7483,3921,4718,9791,5936,12387,909,92,697,1642,3340,2018,문화재청_궁능유적본부_4대궁_관람객_수_현황_2018년.csv
2018-04-09,2018,4,9,0,월,0,0,0,3,0,18.0,17.0,9.0,8.0,14369,0,0,0,8240,6129,11532,917,99,240,1581,2837,2018,문화재청_궁능유적본부_4대궁_관람객_수_현황_2018년.csv
2018-04-10,2018,4,10,1,화,0,1,1,0,0,18.0,17.0,9.0,8.0,0,8610,3948,5752,0,0,0,0,0,0,0,0,2018,문화재청_궁능유적본부_4대궁_관람객_수_현황_2018년.csv
2018-04-11,2018,4,11,2,수,0,0,0,0,0,18.0,17.0,9.0,8.0,16911,7506,3000,4869,8395,8516,13180,471,147,835,2278,3731,2018,문화재청_궁능유적본부_4대궁_관람객_수_현황_2018년.csv
2018-04-12,2018,4,12,3,목,0,0,0,0,0,18.0,17.0,9.0,8.0,16729,6445,3090,5449,7838,8891,13729,841,96,235,1828,3000,2018,문화재청_궁능유적본부_4대궁_관람객_수_현황_2018년.csv
2018-04-13,2018,4,13,4,금,0,0,0,0,0,18.0,17.0,9.0,8.0,18114,6865,3714,6127,8548,9566,14095,579,141,598,2701,4019,2018,문화재청_궁능유적본부_4대궁_관람객_수_현황_2018년.csv
2018-04-14,2018,4,14,5,토,1,0,0,0,0,18.0,17.0,9.0,8.0,13244,5825,2251,4116,8734,4510,9894,467,163,574,2146,3350,2018,문화재청_궁능유적본부_4대궁_관람객_수_현황_2018년.csv
2018-04-15,2018,4,15,6,일,1,0,0,0,0,18.0,17.0,9.0,8.0,20742,8926,4596,6699,13378,7364,15949,903,177,400,3313,4793,2018,문화재청_궁능유적본부_4대궁_관람객_수_현황_2018년.csv
2018-04-16,2018,4,16,0,월,0,0,0,3,0,18.0,17.0,9.0,8.0,15798,0,0,0,8698,7100,12310,1116,133,179,2060,3488,2018,문화재청_궁능유적본부_4대궁_관람객_수_현황_2018년.csv
2018-04-17,2018,4,17,1,화,0,1,1,0,0,18.0,17.0,9.0,8.0,0,11286,4215,5522,0,0,0,0,0,0,0,0,2018,문화재청_궁능유적본부_4대궁_관람객_수_현황_2018년.csv
2018-04-18,2018,4,18,2,수,0,0,0,0,0,18.0,17.0,9.0,8.0,19585,6784,3075,4720,7593,11992,16495,402,82,341,2265,3090,2018,문화재청_궁능유적본부_4대궁_관람객_수_현황_2018년.csv
2018-04-19,2018,4,19,3,목,0,0,0,0,0,18.0,17.0,9.0,8.0,14897,5646,2427,4283,6033,8864,11519,957,141,299,1981,3378,2018,문화재청_궁능유적본부_4대궁_관람객_수_현황_2018년.csv
2018-04-20,2018,4,20,4,금,0,0,0,0,0,18.0,17.0,9.0,8.0,14305,6573,2030,4411,7205,7100,11025,859,177,364,1880,3280,2018,문화재청_궁능유적본부_4대궁_관람객_수_현황_2018년.csv
2018-04-21,2018,4,21,5,토,1,0,0,0,0,18.0,17.0,9.0,8.0,22101,9471,4747,9084,13468,8633,17930,959,241,361,2610,4171,2018,문화재청_궁능유적본부_4대궁_관람객_수_현황_2018년.csv
2018-04-22,2018,4,22,6,일,1,0,0,0,0,18.0,17.0,9.0,8.0,12972,5149,2326,3900,8346,4626,9587,578,525,270,2012,3385,2018,문화재청_궁능유적본부_4대궁_관람객_수_현황_2018년.csv
2018-04-23,2018,4,23,0,월,0,0,0,3,0,18.0,17.0,9.0,8.0,5091,0,0,0,2065,3026,3970,233,131,197,560,1121,2018,문화재청_궁능유적본부_4대궁_관람객_수_현황_2018년.csv
2018-04-24,2018,4,24,1,화,0,1,1,0,0,18.0,17.0,9.0,8.0,0,10568,2359,5991,0,0,0,0,0,0,0,0,2018,문화재청_궁능유적본부_4대궁_관람객_수_현황_2018년.csv
2018-04-25,2018,4,25,2,수,0,0,0,0,0,18.0,17.0,9.0,8.0,14441,11608,5588,9756,0,14441,8046,992,250,1852,3301,6395,2018,문화재청_궁능유적본부_4대궁_관람객_수_현황_2018년.csv
2018-04-26,2018,4,26,3,목,0,0,0,0,0,18.0,17.0,9.0,8.0,19543,7820,2502,5195,6110,13433,16622,608,174,484,1655,2921,2018,문화재청_궁능유적본부_4대궁_관람객_수_현황_2018년.csv
2018-04-27,2018,4,27,4,금,0,0,0,0,0,18.0,17.0,9.0,8.0,18907,7033,3079,4794,7721,11186,16376,358,21,409,1743,2531,2018,문화재청_궁능유적본부_4대궁_관람객_수_현황_2018년.csv
2018-04-28,2018,4,28,5,토,1,0,0,0,0,18.0,17.0,9.0,8.0,24286,11183,7737,8838,13939,10347,19426,882,207,551,3220,4860,2018,문화재청_궁능유적본부_4대궁_관람객_수_현황_2018년.csv
2018-04-29,2018,4,29,6,일,1,0,0,0,0,18.0,17.0,9.0,8.0,25604,10266,7353,7563,16986,8618,20749,1135,388,545,2787,4855,2018,문화재청_궁능유적본부_4대궁_관람객_수_현황_2018년.csv
2018-04-30,2018,4,30,0,월,0,0,0,0,0,18.0,17.0,9.0,8.0,21422,3167,3274,1750,13594,7828,16926,480,174,692,3150,4496,2018,문화재청_궁능유적본부_4대궁_관람객_수_현황_2018년.csv
2018-05-01,2018,5,1,1,화,0,1,0,0,0,18.0,17.0,9.0,8.0,13889,11375,6146,7398,9090,4799,12663,526,126,279,295,1226,2018,문화재청_궁능유적본부_4대궁_관람객_수_현황_2018년.csv
2018-05-02,2018,5,2,2,수,0,0,0,0,0,18.0,17.0,9.0,8.0,15583,3150,3548,2540,7480,8103,13751,471,61,365,935,1832,2018,문화재청_궁능유적본부_4대궁_관람객_수_현황_2018년.csv
2018-05-03,2018,5,3,3,목,0,0,0,0,0,18.0,17.0,9.0,8.0,16581,6897,3815,3684,8621,7960,14310,414,218,463,1176,2271,2018,문화재청_궁능유적본부_4대궁_관람객_수_현황_2018년.csv
2018-05-04,2018,5,4,4,금,0,0,0,0,0,18.0,17.0,9.0,8.0,20902,8098,7285,7302,10734,10168,18891,690,293,274,754,2011,2018,문화재청_궁능유적본부_4대궁_관람객_수_현황_2018년.csv
2018-05-05,2018,5,5,5,토,1,0,0,0,1,18.0,17.0,9.0,8.0,43061,15058,9466,13095,15455,27606,39959,752,206,292,1852,3102,2018,문화재청_궁능유적본부_4대궁_관람객_수_현황_2018년.csv
2018-05-06,2018,5,6,6,일,1,0,0,0,0,18.0,17.0,9.0,8.0,16730,6407,5614,6670,11276,5454,14177,613,189,279,1472,2553,2018,문화재청_궁능유적본부_4대궁_관람객_수_현황_2018년.csv
2018-05-07,2018,5,7,0,월,0,0,0,0,1,18.0,17.0,9.0,8.0,21085,8750,3155,5605,11341,9744,18257,1028,129,451,1220,2828,2018,문화재청_궁능유적본부_4대궁_관람객_수_현황_2018년.csv
2018-05-08,2018,5,8,1,화,0,1,1,0,0,18.0,17.0,9.0,8.0,0,6326,2813,3808,0,0,0,0,0,0,0,0,2018,문화재청_궁능유적본부_4대궁_관람객_수_현황_2018년.csv
2018-05-09,2018,5,9,2,수,0,0,0,0,0,18.0,17.0,9.0,8.0,16279,6361,3317,5938,5173,11106,13328,1121,136,347,1347,2951,2018,문화재청_궁능유적본부_4대궁_관람객_수_현황_2018년.csv
2018-05-10,2018,5,10,3,목,0,0,0,0,0,18.0,17.0,9.0,8.0,14434,6340,2907,4540,5238,9196,11881,390,109,475,1579,2553,2018,문화재청_궁능유적본부_4대궁_관람객_수_현황_2018년.csv
2018-05-11,2018,5,11,4,금,0,0,0,0,0,18.0,17.0,9.0,8.0,16948,7151,4330,13804,5995,10953,14092,966,130,205,1555,2856,2018,문화재청_궁능유적본부_4대궁_관람객_수_현황_2018년.csv
2018-05-12,2018,5,12,5,토,1,0,0,0,0,18.0,17.0,9.0,8.0,8426,3826,1529,6359,5305,3121,5957,499,96,567,1307,2469,2018,문화재청_궁능유적본부_4대궁_관람객_수_현황_2018년.csv
2018-05-13,2018,5,13,6,일,1,0,0,0,0,18.0,17.0,9.0,8.0,18319,8899,3819,7864,11400,6919,15403,923,185,718,1090,2916,2018,문화재청_궁능유적본부_4대궁_관람객_수_현황_2018년.csv
2018-05-14,2018,5,14,0,월,0,0,0,3,0,18.0,17.0,9.0,8.0,14838,0,0,0,6466,8372,11244,1079,308,416,1791,3594,2018,문화재청_궁능유적본부_4대궁_관람객_수_현황_2018년.csv
2018-05-15,2018,5,15,1,화,0,1,1,0,0,18.0,17.0,9.0,8.0,0,8734,3995,7707,0,0,0,0,0,0,0,0,2018,문화재청_궁능유적본부_4대궁_관람객_수_현황_2018년.csv
2018-05-16,2018,5,16,2,수,0,0,0,0,0,18.0,17.0,9.0,8.0,10186,2990,363,2905,3521,6665,8510,483,73,481,639,1676,2018,문화재청_궁능유적본부_4대궁_관람객_수_현황_2018년.csv
2018-05-17,2018,5,17,3,목,0,0,0,0,0,18.0,17.0,9.0,8.0,10610,4246,1534,3219,3607,7003,8934,169,83,452,972,1676,2018,문화재청_궁능유적본부_4대궁_관람객_수_현황_2018년.csv
2018-05-18,2018,5,18,4,금,0,0,0,0,0,18.0,17.0,9.0,8.0,13536,5207,2184,6782,4467,9069,11885,503,49,272,827,1651,2018,문화재청_궁능유적본부_4대궁_관람객_수_현황_2018년.csv
2018-05-19,2018,5,19,5,토,1,0,0,0,0,18.0,17.0,9.0,8.0,23980,11085,4962,10847,13293,10687,20898,761,167,509,1645,3082,2018,문화재청_궁능유적본부_4대궁_관람객_수_현황_2018년.csv
2018-05-20,2018,5,20,6,일,1,0,0,0,0,18.0,17.0,9.0,8.0,24522,9550,5461,9797,15594,8928,22128,588,199,410,1197,2394,2018,문화재청_궁능유적본부_4대궁_관람객_수_현황_2018년.csv
2018-05-21,2018,5,21,0,월,0,0,0,3,0,18.0,17.0,9.0,8.0,19909,0,0,0,11657,8252,17561,743,225,389,991,2348,2018,문화재청_궁능유적본부_4대궁_관람객_수_현황_2018년.csv
2018-05-22,2018,5,22,1,화,0,1,0,0,1,18.0,17.0,9.0,8.0,10048,7517,4280,7796,5698,4350,8891,516,120,100,421,1157,2018,문화재청_궁능유적본부_4대궁_관람객_수_현황_2018년.csv
2018-05-23,2018,5,23,2,수,0,0,0,0,0,18.0,17.0,9.0,8.0,12944,4012,2158,5753,5906,7038,11555,481,92,267,549,1389,2018,문화재청_궁능유적본부_4대궁_관람객_수_현황_2018년.csv
2018-05-24,2018,5,24,3,목,0,0,0,0,0,18.0,17.0,9.0,8.0,12904,4206,2194,5204,6115,6789,11090,541,121,446,706,1814,2018,문화재청_궁능유적본부_4대궁_관람객_수_현황_2018년.csv
2018-05-25,2018,5,25,4,금,0,0,0,0,0,18.0,17.0,9.0,8.0,16369,5372,3094,5871,8641,7728,14091,667,103,496,1012,2278,2018,문화재청_궁능유적본부_4대궁_관람객_수_현황_2018년.csv
2018-05-26,2018,5,26,5,토,1,0,0,0,0,18.0,17.0,9.0,8.0,23257,6831,5199,9384,14684,8573,19354,1006,264,748,1885,3903,2018,문화재청_궁능유적본부_4대궁_관람객_수_현황_2018년.csv
2018-05-27,2018,5,27,6,일,1,0,0,0,0,18.0,17.0,9.0,8.0,20515,6187,3583,7458,13537,6978,17458,808,149,670,1430,3057,2018,문화재청_궁능유적본부_4대궁_관람객_수_현황_2018년.csv
2018-05-28,2018,5,28,0,월,0,0,0,2,0,18.0,17.0,9.0,8.0,13136,0,0,30,7582,5554,10045,734,201,192,1964,3091,2018,문화재청_궁능유적본부_4대궁_관람객_수_현황_2018년.csv
2018-05-29,2018,5,29,1,화,0,1,1,0,0,18.0,17.0,9.0,8.0,0,6595,1846,5808,0,0,0,0,0,0,0,0,2018,문화재청_궁능유적본부_4대궁_관람객_수_현황_2018년.csv
2018-05-30,2018,5,30,2,수,0,0,0,0,0,18.0,17.0,9.0,8.0,11807,6365,3776,9017,2007,9800,7873,295,226,728,2685,3934,2018,문화재청_궁능유적본부_4대궁_관람객_수_현황_2018년.csv
2018-05-31,2018,5,31,3,목,0,0,0,0,0,18.0,17.0,9.0,8.0,15687,4157,1913,4616,7063,8624,13031,344,149,375,1788,2656,2018,문화재청_궁능유적본부_4대궁_관람객_수_현황_2018년.csv
2018-06-01,2018,6,1,4,금,0,0,0,0,0,18.5,17.5,9.5,8.5,15250,4362,3204,4495,8735,6515,12397,729,130,862,1132,2853,2018,문화재청_궁능유적본부_4대궁_관람객_수_현황_2018년.csv
2018-06-02,2018,6,2,5,토,1,0,0,0,0,18.5,17.5,9.5,8.5,19577,5371,4974,7714,12783,6794,15736,1341,288,690,1522,3841,2018,문화재청_궁능유적본부_4대궁_관람객_수_현황_2018년.csv
2018-06-03,2018,6,3,6,일,1,0,0,0,0,18.5,17.5,9.5,8.5,12813,4846,1802,5452,8316,4497,9982,1064,99,777,891,2831,2018,문화재청_궁능유적본부_4대궁_관람객_수_현황_2018년.csv
2018-06-04,2018,6,4,0,월,0,0,0,3,0,18.5,17.5,9.5,8.5,9752,0,0,0,5628,4124,7299,718,143,813,779,2453,2018,문화재청_궁능유적본부_4대궁_관람객_수_현황_2018년.csv
2018-06-05,2018,6,5,1,화,0,1,0,0,0,18.5,17.5,9.5,8.5,524,5294,1446,4674,0,524,519,0,0,0,5,5,2018,문화재청_궁능유적본부_4대궁_관람객_수_현황_2018년.csv
2018-06-06,2018,6,6,2,수,0,0,0,0,1,18.5,17.5,9.5,8.5,14271,5480,2490,6271,8822,5449,11542,559,39,848,1283,2729,2018,문화재청_궁능유적본부_4대궁_관람객_수_현황_2018년.csv
2018-06-07,2018,6,7,3,목,0,0,0,0,0,18.5,17.5,9.5,8.5,8999,2959,1229,2728,4710,4289,6565,245,68,648,1473,2434,2018,문화재청_궁능유적본부_4대궁_관람객_수_현황_2018년.csv
2018-06-08,2018,6,8,4,금,0,0,0,0,0,18.5,17.5,9.5,8.5,10162,3918,1531,3970,5814,4348,7378,269,164,776,1575,2784,2018,문화재청_궁능유적본부_4대궁_관람객_수_현황_2018년.csv
2018-06-09,2018,6,9,5,토,1,0,0,0,0,18.5,17.5,9.5,8.5,16536,5745,2405,6563,10100,6436,12728,820,191,1113,1684,3808,2018,문화재청_궁능유적본부_4대궁_관람객_수_현황_2018년.csv
2018-06-10,2018,6,10,6,일,1,0,0,0,0,18.5,17.5,9.5,8.5,13951,5223,2034,5851,8922,5029,10248,1684,324,873,822,3703,2018,문화재청_궁능유적본부_4대궁_관람객_수_현황_2018년.csv
2018-06-11,2018,6,11,0,월,0,0,0,3,0,18.5,17.5,9.5,8.5,10092,0,0,0,6427,3665,7407,1374,234,374,703,2685,2018,문화재청_궁능유적본부_4대궁_관람객_수_현황_2018년.csv
2018-06-12,2018,6,12,1,화,0,1,0,0,0,18.5,17.5,9.5,8.5,665,5450,1526,4452,0,665,659,0,0,0,6,6,2018,문화재청_궁능유적본부_4대궁_관람객_수_현황_2018년.csv
2018-06-13,2018,6,13,2,수,0,0,0,0,1,18.5,17.5,9.5,8.5,16107,4701,2179,5598,9328,6779,12015,2095,254,691,1052,4092,2018,문화재청_궁능유적본부_4대궁_관람객_수_현황_2018년.csv
2018-06-14,2018,6,14,3,목,0,0,0,0,0,18.5,17.5,9.5,8.5,9064,2515,927,3020,5429,3635,6532,627,152,637,1116,2532,2018,문화재청_궁능유적본부_4대궁_관람객_수_현황_2018년.csv
2018-06-15,2018,6,15,4,금,0,0,0,0,0,18.5,17.5,9.5,8.5,12256,3513,1432,4454,7292,4964,7931,1645,281,889,1510,4325,2018,문화재청_궁능유적본부_4대궁_관람객_수_현황_2018년.csv
2018-06-16,2018,6,16,5,토,1,0,0,0,0,18.5,17.5,9.5,8.5,18575,6255,2580,7353,13357,5218,13004,1574,410,1471,2116,5571,2018,문화재청_궁능유적본부_4대궁_관람객_수_현황_2018년.csv
2018-06-17,2018,6,17,6,일,1,0,0,0,0,18.5,17.5,9.5,8.5,20312,4944,2593,6439,14347,5965,16730,701,78,758,2045,3582,2018,문화재청_궁능유적본부_4대궁_관람객_수_현황_2018년.csv
2018-06-18,2018,6,18,0,월,0,0,0,3,0,18.5,17.5,9.5,8.5,12218,0,0,0,7730,4488,9286,883,75,206,1768,2932,2018,문화재청_궁능유적본부_4대궁_관람객_수_현황_2018년.csv
2018-06-19,2018,6,19,1,화,0,1,0,0,0,18.5,17.5,9.5,8.5,478,5559,1758,4736,0,478,259,0,0,0,219,219,2018,문화재청_궁능유적본부_4대궁_관람객_수_현황_2018년.csv
2018-06-20,2018,6,20,2,수,0,0,0,0,0,18.5,17.5,9.5,8.5,15767,6020,1299,3974,9816,5951,11169,1049,326,681,2542,4598,2018,문화재청_궁능유적본부_4대궁_관람객_수_현황_2018년.csv
2018-06-21,2018,6,21,3,목,0,0,0,0,0,18.5,17.5,9.5,8.5,13285,3031,1373,3585,8207,5078,10364,888,112,360,1561,2921,2018,문화재청_궁능유적본부_4대궁_관람객_수_현황_2018년.csv
2018-06-22,2018,6,22,4,금,0,0,0,0,0,18.5,17.5,9.5,8.5,13253,2610,2080,3138,9505,3748,10533,234,202,328,1956,2720,2018,문화재청_궁능유적본부_4대궁_관람객_수_현황_2018년.csv
2018-06-23,2018,6,23,5,토,1,0,0,0,0,18.5,17.5,9.5,8.5,20774,5154,5021,7399,13811,6963,17132,787,102,474,2279,3642,2018,문화재청_궁능유적본부_4대궁_관람객_수_현황_2018년.csv
2018-06-24,2018,6,24,6,일,1,0,0,0,0,18.5,17.5,9.5,8.5,15626,3988,2144,4732,11518,4108,11764,766,278,1131,1687,3862,2018,문화재청_궁능유적본부_4대궁_관람객_수_현황_2018년.csv
2018-06-25,2018,6,25,0,월,0,0,0,3,0,18.5,17.5,9.5,8.5,12040,0,0,0,8476,3564,7725,1859,247,376,1833,4315,2018,문화재청_궁능유적본부_4대궁_관람객_수_현황_2018년.csv
2018-06-26,2018,6,26,1,화,0,1,0,0,0,18.5,17.5,9.5,8.5,254,1571,695,1535,0,254,247,0,0,0,7,7,2018,문화재청_궁능유적본부_4대궁_관람객_수_현황_2018년.csv
2018-06-27,2018,6,27,2,수,0,0,0,0,0,18.5,17.5,9.5,8.5,13699,4986,2748,6102,1906,11793,8148,381,361,704,4105,5551,2018,문화재청_궁능유적본부_4대궁_관람객_수_현황_2018년.csv
2018-06-28,2018,6,28,3,목,0,0,0,0,0,18.5,17.5,9.5,8.5,14302,2544,1174,2717,9697,4605,12053,510,133,602,1004,2249,2018,문화재청_궁능유적본부_4대궁_관람객_수_현황_2018년.csv
2018-06-29,2018,6,29,4,금,0,0,0,0,0,18.5,17.5,9.5,8.5,13829,3072,1861,3090,9758,4071,10726,890,127,606,1480,3103,2018,문화재청_궁능유적본부_4대궁_관람객_수_현황_2018년.csv
2018-06-30,2018,6,30,5,토,1,0,0,0,0,18.5,17.5,9.5,8.5,15075,3654,3276,4055,11446,3629,11452,872,245,1390,1116,3623,2018,문화재청_궁능유적본부_4대궁_관람객_수_현황_2018년.csv
2018-07-01,2018,7,1,6,일,1,0,0,0,0,18.5,17.5,9.5,8.5,5208,1146,362,1469,3745,1463,3250,864,118,324,652,1958,2018,문화재청_궁능유적본부_4대궁_관람객_수_현황_2018년.csv
2018-07-02,2018,7,2,0,월,0,0,0,3,0,18.5,17.5,9.5,8.5,6657,0,0,0,4777,1880,3840,790,99,484,1444,2817,2018,문화재청_궁능유적본부_4대궁_관람객_수_현황_2018년.csv
2018-07-03,2018,7,3,1,화,0,1,0,0,0,18.5,17.5,9.5,8.5,222,4341,973,3225,0,222,218,0,0,0,4,4,2018,문화재청_궁능유적본부_4대궁_관람객_수_현황_2018년.csv
2018-07-04,2018,7,4,2,수,0,0,0,0,0,18.5,17.5,9.5,8.5,10802,2657,883,2503,7400,3402,8097,563,42,753,1347,2705,2018,문화재청_궁능유적본부_4대궁_관람객_수_현황_2018년.csv
2018-07-05,2018,7,5,3,목,0,0,0,0,0,18.5,17.5,9.5,8.5,10059,2395,655,2657,6083,3976,7091,680,123,669,1496,2968,2018,문화재청_궁능유적본부_4대궁_관람객_수_현황_2018년.csv
2018-07-06,2018,7,6,4,금,0,0,0,0,0,18.5,17.5,9.5,8.5,10795,3460,1012,4693,7185,3610,7080,1562,195,1174,784,3715,2018,문화재청_궁능유적본부_4대궁_관람객_수_현황_2018년.csv
2018-07-07,2018,7,7,5,토,1,0,0,0,0,18.5,17.5,9.5,8.5,15378,5029,2026,6057,10626,4752,11554,914,176,643,2091,3824,2018,문화재청_궁능유적본부_4대궁_관람객_수_현황_2018년.csv
2018-07-08,2018,7,8,6,일,1,0,0,0,0,18.5,17.5,9.5,8.5,13916,4532,1895,5589,9451,4465,10273,825,330,1351,1137,3643,2018,문화재청_궁능유적본부_4대궁_관람객_수_현황_2018년.csv
2018-07-09,2018,7,9,0,월,0,0,0,3,0,18.5,17.5,9.5,8.5,6263,0,0,0,4582,1681,3825,533,260,503,1142,2438,2018,문화재청_궁능유적본부_4대궁_관람객_수_현황_2018년.csv
2018-07-10,2018,7,10,1,화,0,1,0,0,0,18.5,17.5,9.5,8.5,502,3544,1063,3506,0,502,501,0,0,0,1,1,2018,문화재청_궁능유적본부_4대궁_관람객_수_현황_2018년.csv
2018-07-11,2018,7,11,2,수,0,0,0,0,0,18.5,17.5,9.5,8.5,11853,2325,743,2997,7910,3943,7688,521,183,1066,2395,4165,2018,문화재청_궁능유적본부_4대궁_관람객_수_현황_2018년.csv
2018-07-12,2018,7,12,3,목,0,0,0,0,0,18.5,17.5,9.5,8.5,14161,2358,906,2843,9679,4482,10836,1214,161,470,1480,3325,2018,문화재청_궁능유적본부_4대궁_관람객_수_현황_2018년.csv
2018-07-13,2018,7,13,4,금,0,0,0,0,0,18.5,17.5,9.5,8.5,9451,2368,701,3283,5846,3605,6549,860,111,1177,754,2902,2018,문화재청_궁능유적본부_4대궁_관람객_수_현황_2018년.csv
2018-07-14,2018,7,14,5,토,1,0,0,0,0,18.5,17.5,9.5,8.5,12956,4093,1250,5786,8255,4701,9167,1384,222,1046,1137,3789,2018,문화재청_궁능유적본부_4대궁_관람객_수_현황_2018년.csv
2018-07-15,2018,7,15,6,일,1,0,0,0,0,18.5,17.5,9.5,8.5,13211,3150,796,3693,9398,3813,9950,1181,352,893,835,3261,2018,문화재청_궁능유적본부_4대궁_관람객_수_현황_2018년.csv
2018-07-16,2018,7,16,0,월,0,0,0,3,0,18.5,17.5,9.5,8.5,10077,0,0,0,7346,2731,6823,965,231,937,1121,3254,2018,문화재청_궁능유적본부_4대궁_관람객_수_현황_2018년.csv
2018-07-17,2018,7,17,1,화,0,1,0,0,0,18.5,17.5,9.5,8.5,138,3558,827,3627,0,138,136,0,0,0,2,2,2018,문화재청_궁능유적본부_4대궁_관람객_수_현황_2018년.csv
2018-07-18,2018,7,18,2,수,0,0,0,0,0,18.5,17.5,9.5,8.5,9925,1884,654,2213,6804,3121,6733,1037,71,944,1140,3192,2018,문화재청_궁능유적본부_4대궁_관람객_수_현황_2018년.csv
2018-07-19,2018,7,19,3,목,0,0,0,0,0,18.5,17.5,9.5,8.5,9383,1674,388,2287,6213,3170,6259,747,116,671,1590,3124,2018,문화재청_궁능유적본부_4대궁_관람객_수_현황_2018년.csv
2018-07-20,2018,7,20,4,금,0,0,0,0,0,18.5,17.5,9.5,8.5,8117,1580,401,2363,5269,2848,5795,521,82,754,965,2322,2018,문화재청_궁능유적본부_4대궁_관람객_수_현황_2018년.csv
2018-07-21,2018,7,21,5,토,1,0,0,0,0,18.5,17.5,9.5,8.5,9986,2533,632,3941,7282,2704,7187,814,124,575,1286,2799,2018,문화재청_궁능유적본부_4대궁_관람객_수_현황_2018년.csv
2018-07-22,2018,7,22,6,일,1,0,0,0,0,18.5,17.5,9.5,8.5,11646,2044,1285,2439,8866,2780,9327,412,98,835,974,2319,2018,문화재청_궁능유적본부_4대궁_관람객_수_현황_2018년.csv
2018-07-23,2018,7,23,0,월,0,0,0,3,0,18.5,17.5,9.5,8.5,9156,0,0,0,7107,2049,6206,734,102,1337,777,2950,2018,문화재청_궁능유적본부_4대궁_관람객_수_현황_2018년.csv
2018-07-24,2018,7,24,1,화,0,1,0,0,0,18.5,17.5,9.5,8.5,253,2651,992,2349,0,253,243,0,0,0,10,10,2018,문화재청_궁능유적본부_4대궁_관람객_수_현황_2018년.csv
2018-07-25,2018,7,25,2,수,0,0,0,0,0,18.5,17.5,9.5,8.5,11919,2214,1313,2978,2036,9883,7199,451,290,824,3155,4720,2018,문화재청_궁능유적본부_4대궁_관람객_수_현황_2018년.csv
2018-07-26,2018,7,26,3,목,0,0,0,0,0,18.5,17.5,9.5,8.5,9523,1606,771,2506,6946,2577,7145,499,76,1038,765,2378,2018,문화재청_궁능유적본부_4대궁_관람객_수_현황_2018년.csv
2018-07-27,2018,7,27,4,금,0,0,0,0,0,18.5,17.5,9.5,8.5,9807,1793,1116,1902,7187,2620,7493,318,199,1009,788,2314,2018,문화재청_궁능유적본부_4대궁_관람객_수_현황_2018년.csv
2018-07-28,2018,7,28,5,토,1,0,0,0,0,18.5,17.5,9.5,8.5,12984,2234,2639,3232,9748,3236,9924,621,135,1608,696,3060,2018,문화재청_궁능유적본부_4대궁_관람객_수_현황_2018년.csv
2018-07-29,2018,7,29,6,일,1,0,0,0,0,18.5,17.5,9.5,8.5,13899,2796,1536,3861,10460,3439,10134,648,181,1044,1892,3765,2018,문화재청_궁능유적본부_4대궁_관람객_수_현황_2018년.csv
2018-07-30,2018,7,30,0,월,0,0,0,2,0,18.5,17.5,9.5,8.5,12660,0,0,29,9575,3085,9864,607,190,943,1056,2796,2018,문화재청_궁능유적본부_4대궁_관람객_수_현황_2018년.csv
2018-07-31,2018,7,31,1,화,0,1,0,0,0,18.5,17.5,9.5,8.5,197,3683,1634,3620,0,197,195,0,0,0,2,2,2018,문화재청_궁능유적본부_4대궁_관람객_수_현황_2018년.csv
2018-08-01,2018,8,1,2,수,0,0,0,0,0,18.5,17.5,9.5,8.5,11750,1647,1089,2424,8923,2827,9257,571,200,669,1053,2493,2018,문화재청_궁능유적본부_4대궁_관람객_수_현황_2018년.csv
2018-08-02,2018,8,2,3,목,0,0,0,0,0,18.5,17.5,9.5,8.5,12013,1788,1254,2675,9476,2537,9591,626,165,578,1053,2422,2018,문화재청_궁능유적본부_4대궁_관람객_수_현황_2018년.csv
2018-08-03,2018,8,3,4,금,0,0,0,0,0,18.5,17.5,9.5,8.5,12027,2188,1729,2627,9223,2804,9201,1139,216,767,704,2826,2018,문화재청_궁능유적본부_4대궁_관람객_수_현황_2018년.csv
2018-08-04,2018,8,4,5,토,1,0,0,0,0,18.5,17.5,9.5,8.5,14011,2578,2868,3721,10738,3273,11034,880,252,873,972,2977,2018,문화재청_궁능유적본부_4대궁_관람객_수_현황_2018년.csv
2018-08-05,2018,8,5,6,일,1,0,0,0,0,18.5,17.5,9.5,8.5,8147,2366,613,3204,5653,2494,6152,454,85,430,1026,1995,2018,문화재청_궁능유적본부_4대궁_관람객_수_현황_2018년.csv
2018-08-06,2018,8,6,0,월,0,0,0,3,0,18.5,17.5,9.5,8.5,7940,0,0,0,5375,2565,5085,582,139,858,1276,2855,2018,문화재청_궁능유적본부_4대궁_관람객_수_현황_2018년.csv
2018-08-07,2018,8,7,1,화,0,1,0,0,0,18.5,17.5,9.5,8.5,168,3752,835,3518,0,168,155,0,0,0,13,13,2018,문화재청_궁능유적본부_4대궁_관람객_수_현황_2018년.csv
2018-08-08,2018,8,8,2,수,0,0,0,0,0,18.5,17.5,9.5,8.5,8976,2042,521,2623,6426,2550,5969,408,115,1167,1317,3007,2018,문화재청_궁능유적본부_4대궁_관람객_수_현황_2018년.csv
2018-08-09,2018,8,9,3,목,0,0,0,0,0,18.5,17.5,9.5,8.5,8374,2167,479,2816,5377,2997,6179,309,212,448,1226,2195,2018,문화재청_궁능유적본부_4대궁_관람객_수_현황_2018년.csv
2018-08-10,2018,8,10,4,금,0,0,0,0,0,18.5,17.5,9.5,8.5,8333,2426,700,2641,5608,2725,5797,481,202,1151,702,2536,2018,문화재청_궁능유적본부_4대궁_관람객_수_현황_2018년.csv
2018-08-11,2018,8,11,5,토,1,0,0,0,0,18.5,17.5,9.5,8.5,11205,3035,834,4299,8298,2907,8780,143,124,1006,1152,2425,2018,문화재청_궁능유적본부_4대궁_관람객_수_현황_2018년.csv
2018-08-12,2018,8,12,6,일,1,0,0,0,0,18.5,17.5,9.5,8.5,10444,3171,929,3784,7175,3269,8208,519,371,505,841,2236,2018,문화재청_궁능유적본부_4대궁_관람객_수_현황_2018년.csv
2018-08-13,2018,8,13,0,월,0,0,0,3,0,18.5,17.5,9.5,8.5,9762,0,0,0,7269,2493,6535,944,546,514,1223,3227,2018,문화재청_궁능유적본부_4대궁_관람객_수_현황_2018년.csv
2018-08-14,2018,8,14,1,화,0,1,0,0,0,18.5,17.5,9.5,8.5,17,4838,849,3771,0,17,14,0,0,0,3,3,2018,문화재청_궁능유적본부_4대궁_관람객_수_현황_2018년.csv
2018-08-15,2018,8,15,2,수,0,0,0,0,1,18.5,17.5,9.5,8.5,11102,2846,661,3243,7466,3636,7436,1010,421,1072,1163,3666,2018,문화재청_궁능유적본부_4대궁_관람객_수_현황_2018년.csv
2018-08-16,2018,8,16,3,목,0,0,0,0,0,18.5,17.5,9.5,8.5,8953,2108,518,2557,6016,2937,6223,565,307,551,1307,2730,2018,문화재청_궁능유적본부_4대궁_관람객_수_현황_2018년.csv
2018-08-17,2018,8,17,4,금,0,0,0,0,0,18.5,17.5,9.5,8.5,9715,2443,814,3757,6888,2827,7731,1131,33,426,394,1984,2018,문화재청_궁능유적본부_4대궁_관람객_수_현황_2018년.csv
2018-08-18,2018,8,18,5,토,1,0,0,0,0,18.5,17.5,9.5,8.5,14045,4415,1597,5969,9682,4363,10080,1261,246,694,1764,3965,2018,문화재청_궁능유적본부_4대궁_관람객_수_현황_2018년.csv
2018-08-19,2018,8,19,6,일,1,0,0,0,0,18.5,17.5,9.5,8.5,12085,3616,1244,5143,8387,3698,8965,681,289,1525,625,3120,2018,문화재청_궁능유적본부_4대궁_관람객_수_현황_2018년.csv
2018-08-20,2018,8,20,0,월,0,0,0,3,0,18.5,17.5,9.5,8.5,9688,0,0,0,6708,2980,7407,362,194,1118,607,2281,2018,문화재청_궁능유적본부_4대궁_관람객_수_현황_2018년.csv
2018-08-21,2018,8,21,1,화,0,1,0,0,0,18.5,17.5,9.5,8.5,10,4096,1016,3545,0,10,8,0,0,0,2,2,2018,문화재청_궁능유적본부_4대궁_관람객_수_현황_2018년.csv
2018-08-22,2018,8,22,2,수,0,0,0,0,0,18.5,17.5,9.5,8.5,9502,2484,646,2855,7100,2402,6639,601,149,1538,575,2863,2018,문화재청_궁능유적본부_4대궁_관람객_수_현황_2018년.csv
2018-08-23,2018,8,23,3,목,0,0,0,0,0,18.5,17.5,9.5,8.5,7535,1324,631,1943,5685,1850,4827,274,93,663,1678,2708,2018,문화재청_궁능유적본부_4대궁_관람객_수_현황_2018년.csv
2018-08-24,2018,8,24,4,금,0,0,0,0,0,18.5,17.5,9.5,8.5,5923,989,597,1941,4442,1481,3882,333,136,1110,462,2041,2018,문화재청_궁능유적본부_4대궁_관람객_수_현황_2018년.csv
2018-08-25,2018,8,25,5,토,1,0,0,0,0,18.5,17.5,9.5,8.5,16450,4629,1714,6783,11212,5238,13164,316,157,1802,1011,3286,2018,문화재청_궁능유적본부_4대궁_관람객_수_현황_2018년.csv
2018-08-26,2018,8,26,6,일,1,0,0,0,0,18.5,17.5,9.5,8.5,11672,3851,1377,4883,8340,3332,8745,304,347,792,1484,2927,2018,문화재청_궁능유적본부_4대궁_관람객_수_현황_2018년.csv
2018-08-27,2018,8,27,0,월,0,0,0,3,0,18.5,17.5,9.5,8.5,7465,0,0,0,5695,1770,4445,730,219,1306,765,3020,2018,문화재청_궁능유적본부_4대궁_관람객_수_현황_2018년.csv
2018-08-28,2018,8,28,1,화,0,1,0,0,0,18.5,17.5,9.5,8.5,117,2646,506,2003,0,117,117,0,0,0,0,0,2018,문화재청_궁능유적본부_4대궁_관람객_수_현황_2018년.csv
2018-08-29,2018,8,29,2,수,0,0,0,0,0,18.5,17.5,9.5,8.5,7510,2755,1531,3885,0,7510,2979,452,187,1265,2627,4531,2018,문화재청_궁능유적본부_4대궁_관람객_수_현황_2018년.csv
2018-08-30,2018,8,30,3,목,0,0,0,0,0,18.5,17.5,9.5,8.5,8710,2370,760,2565,5778,2932,7000,500,216,391,603,1710,2018,문화재청_궁능유적본부_4대궁_관람객_수_현황_2018년.csv
2018-08-31,2018,8,31,4,금,0,0,0,0,0,18.5,17.5,9.5,8.5,9603,2515,931,3574,6378,3225,7325,647,246,491,894,2278,2018,문화재청_궁능유적본부_4대궁_관람객_수_현황_2018년.csv
2018-09-01,2018,9,1,5,토,1,0,0,0,0,18.0,17.0,9.0,8.0,14349,4640,1994,5884,9063,5286,11008,825,100,1909,507,3341,2018,문화재청_궁능유적본부_4대궁_관람객_수_현황_2018년.csv
2018-09-02,2018,9,2,6,일,1,0,0,0,0,18.0,17.0,9.0,8.0,11898,4680,1848,5166,8130,3768,9948,365,121,486,978,1950,2018,문화재청_궁능유적본부_4대궁_관람객_수_현황_2018년.csv
2018-09-03,2018,9,3,0,월,0,0,0,3,0,18.0,17.0,9.0,8.0,7297,0,0,0,4602,2695,4443,455,248,900,1251,2854,2018,문화재청_궁능유적본부_4대궁_관람객_수_현황_2018년.csv
2018-09-04,2018,9,4,1,화,0,1,0,0,0,18.0,17.0,9.0,8.0,262,5617,1404,3742,0,262,260,0,0,0,2,2,2018,문화재청_궁능유적본부_4대궁_관람객_수_현황_2018년.csv
2018-09-05,2018,9,5,2,수,0,0,0,0,0,18.0,17.0,9.0,8.0,12409,2994,1328,3554,5809,6600,10955,540,105,450,359,1454,2018,문화재청_궁능유적본부_4대궁_관람객_수_현황_2018년.csv
2018-09-06,2018,9,6,3,목,0,0,0,0,0,18.0,17.0,9.0,8.0,10044,3539,1118,4053,5364,4680,8079,204,93,819,849,1965,2018,문화재청_궁능유적본부_4대궁_관람객_수_현황_2018년.csv
2018-09-07,2018,9,7,4,금,0,0,0,0,0,18.0,17.0,9.0,8.0,9859,3363,1238,4809,5945,3914,7107,471,265,608,1408,2752,2018,문화재청_궁능유적본부_4대궁_관람객_수_현황_2018년.csv
2018-09-08,2018,9,8,5,토,1,0,0,0,0,18.0,17.0,9.0,8.0,17761,5839,2538,9900,10571,7190,14570,1085,130,802,1174,3191,2018,문화재청_궁능유적본부_4대궁_관람객_수_현황_2018년.csv
2018-09-09,2018,9,9,6,일,1,0,0,0,0,18.0,17.0,9.0,8.0,14289,5282,2455,7138,9481,4808,12790,584,91,394,430,1499,2018,문화재청_궁능유적본부_4대궁_관람객_수_현황_2018년.csv
2018-09-10,2018,9,10,0,월,0,0,0,3,0,18.0,17.0,9.0,8.0,9988,0,0,0,5831,4157,8177,633,229,513,436,1811,2018,문화재청_궁능유적본부_4대궁_관람객_수_현황_2018년.csv
2018-09-11,2018,9,11,1,화,0,1,0,0,0,18.0,17.0,9.0,8.0,401,5963,2069,5313,0,401,391,0,0,0,10,10,2018,문화재청_궁능유적본부_4대궁_관람객_수_현황_2018년.csv
2018-09-12,2018,9,12,2,수,0,0,0,0,0,18.0,17.0,9.0,8.0,13228,3601,1264,4361,5998,7230,10510,554,205,1117,842,2718,2018,문화재청_궁능유적본부_4대궁_관람객_수_현황_2018년.csv
2018-09-13,2018,9,13,3,목,0,0,0,0,0,18.0,17.0,9.0,8.0,13847,3763,1372,4125,6355,7492,11187,651,113,615,1281,2660,2018,문화재청_궁능유적본부_4대궁_관람객_수_현황_2018년.csv
2018-09-14,2018,9,14,4,금,0,0,0,0,0,18.0,17.0,9.0,8.0,11543,3935,1641,3981,6155,5388,9523,456,120,810,634,2020,2018,문화재청_궁능유적본부_4대궁_관람객_수_현황_2018년.csv
2018-09-15,2018,9,15,5,토,1,0,0,0,0,18.0,17.0,9.0,8.0,17668,5955,2260,7511,10612,7056,13110,1170,285,1064,2039,4558,2018,문화재청_궁능유적본부_4대궁_관람객_수_현황_2018년.csv
2018-09-16,2018,9,16,6,일,1,0,0,0,0,18.0,17.0,9.0,8.0,16048,4563,4637,4073,11462,4586,13566,652,114,683,1033,2482,2018,문화재청_궁능유적본부_4대궁_관람객_수_현황_2018년.csv
2018-09-17,2018,9,17,0,월,0,0,0,3,0,18.0,17.0,9.0,8.0,16340,0,0,0,9779,6561,14014,564,134,823,805,2326,2018,문화재청_궁능유적본부_4대궁_관람객_수_현황_2018년.csv
2018-09-18,2018,9,18,1,화,0,1,0,0,0,18.0,17.0,9.0,8.0,403,7025,3946,5734,0,403,378,0,0,0,25,25,2018,문화재청_궁능유적본부_4대궁_관람객_수_현황_2018년.csv
2018-09-19,2018,9,19,2,수,0,0,0,0,0,18.0,17.0,9.0,8.0,18327,3504,3592,3395,9350,8977,15438,1004,84,1363,438,2889,2018,문화재청_궁능유적본부_4대궁_관람객_수_현황_2018년.csv
2018-09-20,2018,9,20,3,목,0,0,0,0,0,18.0,17.0,9.0,8.0,13746,2015,2172,2820,6530,7216,12259,650,42,231,564,1487,2018,문화재청_궁능유적본부_4대궁_관람객_수_현황_2018년.csv
2018-09-21,2018,9,21,4,금,0,0,0,0,0,18.0,17.0,9.0,8.0,9917,2198,3420,3206,6232,3685,8848,138,12,562,357,1069,2018,문화재청_궁능유적본부_4대궁_관람객_수_현황_2018년.csv
2018-09-22,2018,9,22,5,토,1,0,0,0,0,18.0,17.0,9.0,8.0,29985,9141,7973,8952,3624,26361,19043,1516,839,2604,5983,10942,2018,문화재청_궁능유적본부_4대궁_관람객_수_현황_2018년.csv
2018-09-23,2018,9,23,6,일,1,0,0,0,1,18.0,17.0,9.0,8.0,33930,12585,10381,15085,3775,30155,26781,1663,1154,743,3589,7149,2018,문화재청_궁능유적본부_4대궁_관람객_수_현황_2018년.csv
2018-09-24,2018,9,24,0,월,0,0,0,0,1,18.0,17.0,9.0,8.0,95513,32273,21357,24912,3903,91610,73518,6326,3122,2816,9731,21995,2018,문화재청_궁능유적본부_4대궁_관람객_수_현황_2018년.csv
2018-09-25,2018,9,25,1,화,0,1,0,0,1,18.0,17.0,9.0,8.0,103568,45828,23388,28964,3879,99689,91667,2823,1075,1474,6529,11901,2018,문화재청_궁능유적본부_4대궁_관람객_수_현황_2018년.csv
2018-09-26,2018,9,26,2,수,0,0,0,0,1,18.0,17.0,9.0,8.0,77641,24709,14768,18339,3525,74116,65583,1800,687,2499,7072,12058,2018,문화재청_궁능유적본부_4대궁_관람객_수_현황_2018년.csv
2018-09-27,2018,9,27,3,목,0,0,0,0,0,18.0,17.0,9.0,8.0,11126,2940,3296,3675,7604,3522,10037,84,22,477,506,1089,2018,문화재청_궁능유적본부_4대궁_관람객_수_현황_2018년.csv
2018-09-28,2018,9,28,4,금,0,0,0,0,0,18.0,17.0,9.0,8.0,13469,3915,4995,4319,8394,5075,11676,632,69,630,462,1793,2018,문화재청_궁능유적본부_4대궁_관람객_수_현황_2018년.csv
2018-09-29,2018,9,29,5,토,1,0,0,0,0,18.0,17.0,9.0,8.0,21518,7001,6405,10390,13653,7865,19268,530,146,740,834,2250,2018,문화재청_궁능유적본부_4대궁_관람객_수_현황_2018년.csv
2018-09-30,2018,9,30,6,일,1,0,0,0,0,18.0,17.0,9.0,8.0,16268,6259,3121,7206,10167,6101,14199,379,115,704,871,2069,2018,문화재청_궁능유적본부_4대궁_관람객_수_현황_2018년.csv
2018-10-01,2018,10,1,0,월,0,0,0,3,0,18.0,17.0,9.0,8.0,10857,0,0,0,6552,4305,8464,336,200,833,1024,2393,2018,문화재청_궁능유적본부_4대궁_관람객_수_현황_2018년.csv
2018-10-02,2018,10,2,1,화,0,1,0,0,0,18.0,17.0,9.0,8.0,424,6771,2123,6507,0,424,411,0,0,0,13,13,2018,문화재청_궁능유적본부_4대궁_관람객_수_현황_2018년.csv
2018-10-03,2018,10,3,2,수,0,0,0,0,1,18.0,17.0,9.0,8.0,25113,9202,4288,10977,16159,8954,20480,370,127,2482,1654,4633,2018,문화재청_궁능유적본부_4대궁_관람객_수_현황_2018년.csv
2018-10-04,2018,10,4,3,목,0,0,0,0,0,18.0,17.0,9.0,8.0,15547,5504,1827,4831,8964,6583,12567,271,206,2167,336,2980,2018,문화재청_궁능유적본부_4대궁_관람객_수_현황_2018년.csv
2018-10-05,2018,10,5,4,금,0,0,0,0,0,18.0,17.0,9.0,8.0,7994,2031,522,2456,4277,3717,6380,237,75,641,661,1614,2018,문화재청_궁능유적본부_4대궁_관람객_수_현황_2018년.csv
2018-10-06,2018,10,6,5,토,1,0,0,0,0,18.0,17.0,9.0,8.0,9817,3936,1248,5566,6984,2833,8126,288,71,887,445,1691,2018,문화재청_궁능유적본부_4대궁_관람객_수_현황_2018년.csv
2018-10-07,2018,10,7,6,일,1,0,0,0,0,18.0,17.0,9.0,8.0,23240,9186,4383,9935,14635,8605,19202,642,419,1260,1717,4038,2018,문화재청_궁능유적본부_4대궁_관람객_수_현황_2018년.csv
2018-10-08,2018,10,8,0,월,0,0,0,3,0,18.0,17.0,9.0,8.0,19243,0,0,0,10381,8862,15769,664,442,994,1374,3474,2018,문화재청_궁능유적본부_4대궁_관람객_수_현황_2018년.csv
2018-10-09,2018,10,9,1,화,0,1,0,0,1,18.0,17.0,9.0,8.0,19641,9839,4665,13183,9747,9894,18479,136,113,303,610,1162,2018,문화재청_궁능유적본부_4대궁_관람객_수_현황_2018년.csv
2018-10-10,2018,10,10,2,수,0,0,0,0,0,18.0,17.0,9.0,8.0,14041,4353,1208,4648,5569,8472,11924,251,134,1094,638,2117,2018,문화재청_궁능유적본부_4대궁_관람객_수_현황_2018년.csv
2018-10-11,2018,10,11,3,목,0,0,0,0,0,18.0,17.0,9.0,8.0,17757,4817,1715,5107,6335,11422,15321,402,172,420,1442,2436,2018,문화재청_궁능유적본부_4대궁_관람객_수_현황_2018년.csv
2018-10-12,2018,10,12,4,금,0,0,0,0,0,18.0,17.0,9.0,8.0,16519,6073,2985,7402,8009,8510,12689,407,239,1640,1544,3830,2018,문화재청_궁능유적본부_4대궁_관람객_수_현황_2018년.csv
2018-10-13,2018,10,13,5,토,1,0,0,0,0,18.0,17.0,9.0,8.0,26321,10153,3873,14365,13751,12570,22723,665,358,1435,1140,3598,2018,문화재청_궁능유적본부_4대궁_관람객_수_현황_2018년.csv
2018-10-14,2018,10,14,6,일,1,0,0,0,0,18.0,17.0,9.0,8.0,20706,8319,3499,10469,12960,7746,18094,692,246,341,1333,2612,2018,문화재청_궁능유적본부_4대궁_관람객_수_현황_2018년.csv
2018-10-15,2018,10,15,0,월,0,0,0,3,0,18.0,17.0,9.0,8.0,15918,0,0,0,8796,7122,11497,771,689,1705,1256,4421,2018,문화재청_궁능유적본부_4대궁_관람객_수_현황_2018년.csv
2018-10-16,2018,10,16,1,화,0,1,0,0,0,18.0,17.0,9.0,8.0,177,12267,3719,6168,0,177,159,0,0,0,18,18,2018,문화재청_궁능유적본부_4대궁_관람객_수_현황_2018년.csv
2018-10-17,2018,10,17,2,수,0,0,0,0,0,18.0,17.0,9.0,8.0,23518,8083,2397,5104,10113,13405,19662,443,145,2194,1074,3856,2018,문화재청_궁능유적본부_4대궁_관람객_수_현황_2018년.csv
2018-10-18,2018,10,18,3,목,0,0,0,0,0,18.0,17.0,9.0,8.0,19128,7218,2940,6039,8080,11048,16209,185,174,1133,1427,2919,2018,문화재청_궁능유적본부_4대궁_관람객_수_현황_2018년.csv
2018-10-19,2018,10,19,4,금,0,0,0,0,0,18.0,17.0,9.0,8.0,21575,10521,5007,7610,9318,12257,17503,265,306,1045,2456,4072,2018,문화재청_궁능유적본부_4대궁_관람객_수_현황_2018년.csv
2018-10-20,2018,10,20,5,토,1,0,0,0,0,18.0,17.0,9.0,8.0,29098,15218,6563,15104,17073,12025,23206,1077,420,2292,2103,5892,2018,문화재청_궁능유적본부_4대궁_관람객_수_현황_2018년.csv
2018-10-21,2018,10,21,6,일,1,0,0,0,0,18.0,17.0,9.0,8.0,25923,13862,7159,13074,17916,8007,20262,1330,239,1494,2598,5661,2018,문화재청_궁능유적본부_4대궁_관람객_수_현황_2018년.csv
2018-10-22,2018,10,22,0,월,0,0,0,3,0,18.0,17.0,9.0,8.0,19642,0,0,0,11327,8315,14238,1624,505,959,2316,5404,2018,문화재청_궁능유적본부_4대궁_관람객_수_현황_2018년.csv
2018-10-23,2018,10,23,1,화,0,1,0,0,0,18.0,17.0,9.0,8.0,241,10692,3054,6514,0,241,226,0,0,0,15,15,2018,문화재청_궁능유적본부_4대궁_관람객_수_현황_2018년.csv
2018-10-24,2018,10,24,2,수,0,0,0,0,0,18.0,17.0,9.0,8.0,24751,10317,3937,7768,13179,11572,19291,1265,370,1882,1943,5460,2018,문화재청_궁능유적본부_4대궁_관람객_수_현황_2018년.csv
2018-10-25,2018,10,25,3,목,0,0,0,0,0,18.0,17.0,9.0,8.0,23642,10538,4595,8868,12694,10948,18295,315,180,1399,3453,5347,2018,문화재청_궁능유적본부_4대궁_관람객_수_현황_2018년.csv
2018-10-26,2018,10,26,4,금,0,0,0,0,0,18.0,17.0,9.0,8.0,15926,6173,2624,4832,9570,6356,13593,470,192,501,1170,2333,2018,문화재청_궁능유적본부_4대궁_관람객_수_현황_2018년.csv
2018-10-27,2018,10,27,5,토,1,0,0,0,0,18.0,17.0,9.0,8.0,31827,17043,10077,14570,20827,11000,25277,1308,301,1978,2963,6550,2018,문화재청_궁능유적본부_4대궁_관람객_수_현황_2018년.csv
2018-10-28,2018,10,28,6,일,1,0,0,0,0,18.0,17.0,9.0,8.0,20044,11171,5357,8477,14641,5403,15266,605,285,959,2929,4778,2018,문화재청_궁능유적본부_4대궁_관람객_수_현황_2018년.csv
2018-10-29,2018,10,29,0,월,0,0,0,3,0,18.0,17.0,9.0,8.0,20834,0,0,0,12986,7848,15097,1318,333,941,3145,5737,2018,문화재청_궁능유적본부_4대궁_관람객_수_현황_2018년.csv
2018-10-30,2018,10,30,1,화,0,1,0,0,0,18.0,17.0,9.0,8.0,533,12774,4451,8313,0,533,518,0,0,0,15,15,2018,문화재청_궁능유적본부_4대궁_관람객_수_현황_2018년.csv
2018-10-31,2018,10,31,2,수,0,0,0,0,0,18.0,17.0,9.0,8.0,21944,17567,8195,10293,2582,19362,13780,829,405,2766,4164,8164,2018,문화재청_궁능유적본부_4대궁_관람객_수_현황_2018년.csv
2018-11-01,2018,11,1,3,목,0,0,0,0,0,17.0,16.0,8.0,7.0,19363,9602,3633,7600,11063,8300,15081,591,111,1616,1964,4282,2018,문화재청_궁능유적본부_4대궁_관람객_수_현황_2018년.csv
2018-11-02,2018,11,2,4,금,0,0,0,0,0,17.0,16.0,8.0,7.0,21893,10953,5729,9138,13371,8522,17581,593,226,1456,2037,4312,2018,문화재청_궁능유적본부_4대궁_관람객_수_현황_2018년.csv
2018-11-03,2018,11,3,5,토,1,0,0,0,0,17.0,16.0,8.0,7.0,28582,17072,11336,16556,19430,9152,23061,534,271,1823,2893,5521,2018,문화재청_궁능유적본부_4대궁_관람객_수_현황_2018년.csv
2018-11-04,2018,11,4,6,일,1,0,0,0,0,17.0,16.0,8.0,7.0,19624,16137,8967,12234,12896,6728,16764,494,209,844,1313,2860,2018,문화재청_궁능유적본부_4대궁_관람객_수_현황_2018년.csv
2018-11-05,2018,11,5,0,월,0,0,0,3,0,17.0,16.0,8.0,7.0,16453,0,0,0,10103,6350,11745,1164,246,692,2606,4708,2018,문화재청_궁능유적본부_4대궁_관람객_수_현황_2018년.csv
2018-11-06,2018,11,6,1,화,0,1,0,0,0,17.0,16.0,8.0,7.0,550,11139,3896,7820,0,550,541,0,0,0,9,9,2018,문화재청_궁능유적본부_4대궁_관람객_수_현황_2018년.csv
2018-11-07,2018,11,7,2,수,0,0,0,0,0,17.0,16.0,8.0,7.0,17302,6485,2131,4941,11178,6124,12795,954,235,1222,2096,4507,2018,문화재청_궁능유적본부_4대궁_관람객_수_현황_2018년.csv
2018-11-08,2018,11,8,3,목,0,0,0,0,0,17.0,16.0,8.0,7.0,6817,3952,1010,2555,3775,3042,5251,60,112,582,812,1566,2018,문화재청_궁능유적본부_4대궁_관람객_수_현황_2018년.csv
2018-11-09,2018,11,9,4,금,0,0,0,0,0,17.0,16.0,8.0,7.0,15478,9050,3299,7617,9138,6340,11751,498,108,840,2281,3727,2018,문화재청_궁능유적본부_4대궁_관람객_수_현황_2018년.csv
2018-11-10,2018,11,10,5,토,1,0,0,0,0,17.0,16.0,8.0,7.0,21053,12977,5658,13221,12936,8117,15712,1315,284,1597,2145,5341,2018,문화재청_궁능유적본부_4대궁_관람객_수_현황_2018년.csv
2018-11-11,2018,11,11,6,일,1,0,0,0,0,17.0,16.0,8.0,7.0,16704,10189,3594,8822,10930,5774,13882,747,161,848,1066,2822,2018,문화재청_궁능유적본부_4대궁_관람객_수_현황_2018년.csv
2018-11-12,2018,11,12,0,월,0,0,0,3,0,17.0,16.0,8.0,7.0,11729,0,0,0,8221,3508,8044,1354,269,637,1425,3685,2018,문화재청_궁능유적본부_4대궁_관람객_수_현황_2018년.csv
2018-11-13,2018,11,13,1,화,0,1,0,0,0,17.0,16.0,8.0,7.0,479,9860,2871,6865,0,479,455,0,0,0,24,24,2018,문화재청_궁능유적본부_4대궁_관람객_수_현황_2018년.csv
2018-11-14,2018,11,14,2,수,0,0,0,0,0,17.0,16.0,8.0,7.0,12566,6166,2149,5430,7850,4716,7608,1401,289,1772,1496,4958,2018,문화재청_궁능유적본부_4대궁_관람객_수_현황_2018년.csv
2018-11-15,2018,11,15,3,목,0,0,0,0,0,17.0,16.0,8.0,7.0,12603,6158,2018,5441,7199,5404,10968,135,72,410,1018,1635,2018,문화재청_궁능유적본부_4대궁_관람객_수_현황_2018년.csv
2018-11-16,2018,11,16,4,금,0,0,0,0,0,17.0,16.0,8.0,7.0,14272,5486,1615,5322,8590,5682,10477,999,177,1645,974,3795,2018,문화재청_궁능유적본부_4대궁_관람객_수_현황_2018년.csv
2018-11-17,2018,11,17,5,토,1,0,0,0,0,17.0,16.0,8.0,7.0,19315,9100,3649,12030,12408,6907,15002,597,336,1722,1658,4313,2018,문화재청_궁능유적본부_4대궁_관람객_수_현황_2018년.csv
2018-11-18,2018,11,18,6,일,1,0,0,0,0,17.0,16.0,8.0,7.0,15401,8222,3176,8656,10091,5310,12607,790,214,503,1287,2794,2018,문화재청_궁능유적본부_4대궁_관람객_수_현황_2018년.csv
2018-11-19,2018,11,19,0,월,0,0,0,3,0,17.0,16.0,8.0,7.0,10087,0,0,0,6981,3106,6787,621,209,1240,1230,3300,2018,문화재청_궁능유적본부_4대궁_관람객_수_현황_2018년.csv
2018-11-20,2018,11,20,1,화,0,1,0,0,0,17.0,16.0,8.0,7.0,659,6058,1824,5103,0,659,634,0,0,0,25,25,2018,문화재청_궁능유적본부_4대궁_관람객_수_현황_2018년.csv
2018-11-21,2018,11,21,2,수,0,0,0,0,0,17.0,16.0,8.0,7.0,9285,2762,819,3167,6142,3143,5653,487,77,1891,1177,3632,2018,문화재청_궁능유적본부_4대궁_관람객_수_현황_2018년.csv
2018-11-22,2018,11,22,3,목,0,0,0,0,0,17.0,16.0,8.0,7.0,10824,9055,1000,4015,6162,4662,8739,163,168,514,1240,2085,2018,문화재청_궁능유적본부_4대궁_관람객_수_현황_2018년.csv
2018-11-23,2018,11,23,4,금,0,0,0,0,0,17.0,16.0,8.0,7.0,12327,3751,1056,4185,7364,4963,10042,514,152,992,627,2285,2018,문화재청_궁능유적본부_4대궁_관람객_수_현황_2018년.csv
2018-11-24,2018,11,24,5,토,1,0,0,0,0,17.0,16.0,8.0,7.0,13629,4626,1770,6237,8884,4745,10421,747,199,1041,1221,3208,2018,문화재청_궁능유적본부_4대궁_관람객_수_현황_2018년.csv
2018-11-25,2018,11,25,6,일,1,0,0,0,0,17.0,16.0,8.0,7.0,14250,4862,1899,6819,9924,4326,11213,564,277,756,1440,3037,2018,문화재청_궁능유적본부_4대궁_관람객_수_현황_2018년.csv
2018-11-26,2018,11,26,0,월,0,0,0,3,0,17.0,16.0,8.0,7.0,10565,0,0,0,7011,3554,6483,1350,208,1663,861,4082,2018,문화재청_궁능유적본부_4대궁_관람객_수_현황_2018년.csv
2018-11-27,2018,11,27,1,화,0,1,0,0,0,17.0,16.0,8.0,7.0,642,4447,1236,3637,0,642,626,0,0,0,16,16,2018,문화재청_궁능유적본부_4대궁_관람객_수_현황_2018년.csv
2018-11-28,2018,11,28,2,수,0,0,0,0,0,17.0,16.0,8.0,7.0,13570,4270,2042,5162,0,13570,5983,823,776,1888,4100,7587,2018,문화재청_궁능유적본부_4대궁_관람객_수_현황_2018년.csv
2018-11-29,2018,11,29,3,목,0,0,0,0,0,17.0,16.0,8.0,7.0,9192,2459,822,3457,5335,3857,6550,323,107,1224,988,2642,2018,문화재청_궁능유적본부_4대궁_관람객_수_현황_2018년.csv
2018-11-30,2018,11,30,4,금,0,0,0,0,0,17.0,16.0,8.0,7.0,11025,2603,930,3337,6603,4422,7983,767,195,1036,1044,3042,2018,문화재청_궁능유적본부_4대궁_관람객_수_현황_2018년.csv
2018-12-01,2018,12,1,5,토,1,0,0,0,0,17.0,16.0,8.0,7.0,15046,4734,2043,7758,10209,4837,11638,791,182,863,1572,3408,2018,문화재청_궁능유적본부_4대궁_관람객_수_현황_2018년.csv
2018-12-02,2018,12,2,6,일,1,0,0,0,0,17.0,16.0,8.0,7.0,12981,4085,1452,5348,8781,4200,10022,656,318,747,1238,2959,2018,문화재청_궁능유적본부_4대궁_관람객_수_현황_2018년.csv
2018-12-03,2018,12,3,0,월,0,0,0,3,0,17.0,16.0,8.0,7.0,9526,0,0,0,6843,2683,4644,506,281,675,3420,4882,2018,문화재청_궁능유적본부_4대궁_관람객_수_현황_2018년.csv
2018-12-04,2018,12,4,1,화,0,1,0,0,0,17.0,16.0,8.0,7.0,426,3570,1042,3504,0,426,402,0,0,0,24,24,2018,문화재청_궁능유적본부_4대궁_관람객_수_현황_2018년.csv
2018-12-05,2018,12,5,2,수,0,0,0,0,0,17.0,16.0,8.0,7.0,9473,1746,650,2427,6295,3178,6350,502,215,1812,594,3123,2018,문화재청_궁능유적본부_4대궁_관람객_수_현황_2018년.csv
2018-12-06,2018,12,6,3,목,0,0,0,0,0,17.0,16.0,8.0,7.0,10672,1974,899,3344,0,10672,4194,790,327,1361,4000,6478,2018,문화재청_궁능유적본부_4대궁_관람객_수_현황_2018년.csv
2018-12-07,2018,12,7,4,금,0,0,0,0,0,17.0,16.0,8.0,7.0,6209,1942,363,2291,4443,1766,4406,228,182,479,914,1803,2018,문화재청_궁능유적본부_4대궁_관람객_수_현황_2018년.csv
2018-12-08,2018,12,8,5,토,1,0,0,0,0,17.0,16.0,8.0,7.0,11139,2649,644,5634,7829,3310,8836,724,189,535,855,2303,2018,문화재청_궁능유적본부_4대궁_관람객_수_현황_2018년.csv
2018-12-09,2018,12,9,6,일,1,0,0,0,0,17.0,16.0,8.0,7.0,8975,2449,650,4786,7035,1940,6125,671,177,514,1488,2850,2018,문화재청_궁능유적본부_4대궁_관람객_수_현황_2018년.csv
2018-12-10,2018,12,10,0,월,0,0,0,3,0,17.0,16.0,8.0,7.0,8808,0,0,0,5494,3314,6319,736,116,423,1214,2489,2018,문화재청_궁능유적본부_4대궁_관람객_수_현황_2018년.csv
2018-12-11,2018,12,11,1,화,0,1,0,0,0,17.0,16.0,8.0,7.0,277,3040,932,5770,0,277,274,0,0,0,3,3,2018,문화재청_궁능유적본부_4대궁_관람객_수_현황_2018년.csv
2018-12-12,2018,12,12,2,수,0,0,0,0,0,17.0,16.0,8.0,7.0,9414,1839,577,3818,6396,3018,6349,1095,41,651,1278,3065,2018,문화재청_궁능유적본부_4대궁_관람객_수_현황_2018년.csv
2018-12-13,2018,12,13,3,목,0,0,0,0,0,17.0,16.0,8.0,7.0,7726,2062,707,4487,5363,2363,6127,690,9,170,730,1599,2018,문화재청_궁능유적본부_4대궁_관람객_수_현황_2018년.csv
2018-12-14,2018,12,14,4,금,0,0,0,0,0,17.0,16.0,8.0,7.0,8253,1671,799,3061,5595,2658,5663,191,149,361,1889,2590,2018,문화재청_궁능유적본부_4대궁_관람객_수_현황_2018년.csv
2018-12-15,2018,12,15,5,토,1,0,0,0,0,17.0,16.0,8.0,7.0,13877,3746,1222,7984,10366,3511,8070,1151,273,2032,2351,5807,2018,문화재청_궁능유적본부_4대궁_관람객_수_현황_2018년.csv
2018-12-16,2018,12,16,6,일,1,0,0,0,0,17.0,16.0,8.0,7.0,10416,2768,863,6076,7888,2528,7862,227,194,1181,952,2554,2018,문화재청_궁능유적본부_4대궁_관람객_수_현황_2018년.csv
2018-12-17,2018,12,17,0,월,0,0,0,3,0,17.0,16.0,8.0,7.0,9652,0,0,0,6767,2885,7343,880,101,543,785,2309,2018,문화재청_궁능유적본부_4대궁_관람객_수_현황_2018년.csv
2018-12-18,2018,12,18,1,화,0,1,0,0,0,17.0,16.0,8.0,7.0,277,3457,1103,4935,0,277,275,2,0,0,0,2,2018,문화재청_궁능유적본부_4대궁_관람객_수_현황_2018년.csv
2018-12-19,2018,12,19,2,수,0,0,0,0,0,17.0,16.0,8.0,7.0,10928,1898,822,4306,7554,3374,7584,906,65,1192,1181,3344,2018,문화재청_궁능유적본부_4대궁_관람객_수_현황_2018년.csv
2018-12-20,2018,12,20,3,목,0,0,0,0,0,17.0,16.0,8.0,7.0,8790,1977,762,3852,5733,3057,6190,511,66,1558,465,2600,2018,문화재청_궁능유적본부_4대궁_관람객_수_현황_2018년.csv
2018-12-21,2018,12,21,4,금,0,0,0,0,0,17.0,16.0,8.0,7.0,8740,2316,666,4146,5646,3094,6214,336,160,1033,997,2526,2018,문화재청_궁능유적본부_4대궁_관람객_수_현황_2018년.csv
2018-12-22,2018,12,22,5,토,1,0,0,0,0,17.0,16.0,8.0,7.0,13630,4176,1382,8528,9212,4418,10442,414,177,1283,1314,3188,2018,문화재청_궁능유적본부_4대궁_관람객_수_현황_2018년.csv
2018-12-23,2018,12,23,6,일,1,0,0,0,0,17.0,16.0,8.0,7.0,14104,4099,1399,7467,9663,4441,10720,265,195,707,2217,3384,2018,문화재청_궁능유적본부_4대궁_관람객_수_현황_2018년.csv
2018-12-24,2018,12,24,0,월,0,0,0,3,0,17.0,16.0,8.0,7.0,11772,0,0,0,8285,3487,7583,1290,159,1289,1451,4189,2018,문화재청_궁능유적본부_4대궁_관람객_수_현황_2018년.csv
2018-12-25,2018,12,25,1,화,0,1,0,0,1,17.0,16.0,8.0,7.0,8220,4259,1414,9764,5923,2297,6210,494,94,510,912,2010,2018,문화재청_궁능유적본부_4대궁_관람객_수_현황_2018년.csv
2018-12-26,2018,12,26,2,수,0,0,0,0,0,17.0,16.0,8.0,7.0,10314,3591,1464,4814,0,10314,4227,606,322,1650,3509,6087,2018,문화재청_궁능유적본부_4대궁_관람객_수_현황_2018년.csv
2018-12-27,2018,12,27,3,목,0,0,0,0,0,17.0,16.0,8.0,7.0,7484,1528,543,29289,5213,2271,4144,854,209,736,1541,3340,2018,문화재청_궁능유적본부_4대궁_관람객_수_현황_2018년.csv
2018-12-28,2018,12,28,4,금,0,0,0,0,0,17.0,16.0,8.0,7.0,8659,2026,333,2269,6086,2573,6642,13,66,382,1556,2017,2018,문화재청_궁능유적본부_4대궁_관람객_수_현황_2018년.csv
2018-12-29,2018,12,29,5,토,1,0,0,0,0,17.0,16.0,8.0,7.0,12930,2725,788,4869,9639,3291,8580,596,227,889,2638,4350,2018,문화재청_궁능유적본부_4대궁_관람객_수_현황_2018년.csv
2018-12-30,2018,12,30,6,일,1,0,0,0,0,17.0,16.0,8.0,7.0,13762,3768,830,5503,10497,3265,10096,764,174,801,1927,3666,2018,문화재청_궁능유적본부_4대궁_관람객_수_현황_2018년.csv
2018-12-31,2018,12,31,0,월,0,0,0,3,0,17.0,16.0,8.0,7.0,13832,0,0,0,10482,3350,8236,1747,417,1091,2341,5596,2018,문화재청_궁능유적본부_4대궁_관람객_수_현황_2018년.csv
2019-01-01,2019,1,1,1,화,0,1,0,0,1,17.0,16.0,8.0,7.0,9898,4117,1603,5059,7035,2863,7937,202,147,844,768,1961,2019,문화재청_궁능유적본부_4대궁_관람객_수_현황_2019년.csv
2019-01-02,2019,1,2,2,수,0,0,0,0,0,17.0,16.0,8.0,7.0,8062,2123,756,3333,5634,2428,6350,459,183,285,785,1712,2019,문화재청_궁능유적본부_4대궁_관람객_수_현황_2019년.csv
2019-01-03,2019,1,3,3,목,0,0,0,0,0,17.0,16.0,8.0,7.0,7646,2009,878,3861,5160,2486,6209,42,99,143,1153,1437,2019,문화재청_궁능유적본부_4대궁_관람객_수_현황_2019년.csv
2019-01-04,2019,1,4,4,금,0,0,0,0,0,17.0,16.0,8.0,7.0,7018,2063,993,4099,4341,2677,5630,457,163,146,622,1388,2019,문화재청_궁능유적본부_4대궁_관람객_수_현황_2019년.csv
2019-01-05,2019,1,5,5,토,1,0,0,0,0,17.0,16.0,8.0,7.0,9565,2256,1669,6674,6366,3199,8607,274,52,355,277,958,2019,문화재청_궁능유적본부_4대궁_관람객_수_현황_2019년.csv
2019-01-06,2019,1,6,6,일,1,0,0,0,0,17.0,16.0,8.0,7.0,7673,2262,1399,5939,5179,2494,6423,301,160,132,657,1250,2019,문화재청_궁능유적본부_4대궁_관람객_수_현황_2019년.csv
2019-01-07,2019,1,7,0,월,0,0,0,3,0,17.0,16.0,8.0,7.0,6002,0,0,0,4172,1830,4190,180,103,382,1147,1812,2019,문화재청_궁능유적본부_4대궁_관람객_수_현황_2019년.csv
2019-01-08,2019,1,8,1,화,0,1,0,0,0,17.0,16.0,8.0,7.0,315,2453,853,4124,0,315,297,0,0,0,18,18,2019,문화재청_궁능유적본부_4대궁_관람객_수_현황_2019년.csv
2019-01-09,2019,1,9,2,수,0,0,0,0,0,17.0,16.0,8.0,7.0,6235,1270,688,3009,4129,2106,4307,487,44,722,675,1928,2019,문화재청_궁능유적본부_4대궁_관람객_수_현황_2019년.csv
2019-01-10,2019,1,10,3,목,0,0,0,0,0,17.0,16.0,8.0,7.0,6236,1561,897,4400,3599,2637,4922,236,91,219,768,1314,2019,문화재청_궁능유적본부_4대궁_관람객_수_현황_2019년.csv
2019-01-11,2019,1,11,4,금,0,0,0,0,0,17.0,16.0,8.0,7.0,7199,1865,1087,4782,4661,2538,4167,452,63,556,1961,3032,2019,문화재청_궁능유적본부_4대궁_관람객_수_현황_2019년.csv
2019-01-12,2019,1,12,5,토,1,0,0,0,0,17.0,16.0,8.0,7.0,12149,3167,2163,7161,7173,4976,9337,406,111,1301,994,2812,2019,문화재청_궁능유적본부_4대궁_관람객_수_현황_2019년.csv
2019-01-13,2019,1,13,6,일,1,0,0,0,0,17.0,16.0,8.0,7.0,9732,3033,1661,5446,6391,3341,8354,455,103,120,700,1378,2019,문화재청_궁능유적본부_4대궁_관람객_수_현황_2019년.csv
2019-01-14,2019,1,14,0,월,0,0,0,3,0,17.0,16.0,8.0,7.0,5429,0,0,0,3726,1703,4190,177,105,400,557,1239,2019,문화재청_궁능유적본부_4대궁_관람객_수_현황_2019년.csv
2019-01-15,2019,1,15,1,화,0,1,0,0,0,17.0,16.0,8.0,7.0,23,2512,704,2843,0,23,22,0,0,0,1,1,2019,문화재청_궁능유적본부_4대궁_관람객_수_현황_2019년.csv
2019-01-16,2019,1,16,2,수,0,0,0,0,0,17.0,16.0,8.0,7.0,7247,1430,708,3494,4951,2296,5282,379,47,1036,503,1965,2019,문화재청_궁능유적본부_4대궁_관람객_수_현황_2019년.csv
2019-01-17,2019,1,17,3,목,0,0,0,0,0,17.0,16.0,8.0,7.0,6411,1545,985,4117,4271,2140,5092,479,26,233,581,1319,2019,문화재청_궁능유적본부_4대궁_관람객_수_현황_2019년.csv
2019-01-18,2019,1,18,4,금,0,0,0,0,0,17.0,16.0,8.0,7.0,6734,1817,1208,4485,4448,2286,5471,501,66,88,608,1263,2019,문화재청_궁능유적본부_4대궁_관람객_수_현황_2019년.csv
2019-01-19,2019,1,19,5,토,1,0,0,0,0,17.0,16.0,8.0,7.0,11434,3300,2456,7089,7563,3871,9897,218,169,340,810,1537,2019,문화재청_궁능유적본부_4대궁_관람객_수_현황_2019년.csv
2019-01-20,2019,1,20,6,일,1,0,0,0,0,17.0,16.0,8.0,7.0,9574,2885,1477,5705,6335,3239,7246,289,119,771,1149,2328,2019,문화재청_궁능유적본부_4대궁_관람객_수_현황_2019년.csv
2019-01-21,2019,1,21,0,월,0,0,0,3,0,17.0,16.0,8.0,7.0,6443,0,0,0,4308,2135,5206,2,9,394,832,1237,2019,문화재청_궁능유적본부_4대궁_관람객_수_현황_2019년.csv
2019-01-22,2019,1,22,1,화,0,1,0,0,0,17.0,16.0,8.0,7.0,22,3019,1324,6005,0,22,18,4,0,0,0,4,2019,문화재청_궁능유적본부_4대궁_관람객_수_현황_2019년.csv
2019-01-23,2019,1,23,2,수,0,0,0,0,0,17.0,16.0,8.0,7.0,7986,1614,1095,4748,5464,2522,6072,344,70,876,624,1914,2019,문화재청_궁능유적본부_4대궁_관람객_수_현황_2019년.csv
2019-01-24,2019,1,24,3,목,0,0,0,0,0,17.0,16.0,8.0,7.0,7845,1772,1327,5113,5289,2556,5708,11,14,1577,535,2137,2019,문화재청_궁능유적본부_4대궁_관람객_수_현황_2019년.csv
2019-01-25,2019,1,25,4,금,0,0,0,0,0,17.0,16.0,8.0,7.0,7933,1789,1144,4153,5383,2550,5423,279,113,1046,1072,2510,2019,문화재청_궁능유적본부_4대궁_관람객_수_현황_2019년.csv
2019-01-26,2019,1,26,5,토,1,0,0,0,0,17.0,16.0,8.0,7.0,12784,3027,2330,5891,8561,4223,8908,391,47,1769,1669,3876,2019,문화재청_궁능유적본부_4대궁_관람객_수_현황_2019년.csv
2019-01-27,2019,1,27,6,일,1,0,0,0,0,17.0,16.0,8.0,7.0,11251,3141,1930,6132,7632,3619,9337,301,86,1012,515,1914,2019,문화재청_궁능유적본부_4대궁_관람객_수_현황_2019년.csv
2019-01-28,2019,1,28,0,월,0,0,0,3,0,17.0,16.0,8.0,7.0,7643,0,0,0,5109,2534,4957,231,134,1211,1110,2686,2019,문화재청_궁능유적본부_4대궁_관람객_수_현황_2019년.csv
2019-01-29,2019,1,29,1,화,0,1,0,0,0,17.0,16.0,8.0,7.0,379,2854,1367,5077,0,379,366,0,0,0,13,13,2019,문화재청_궁능유적본부_4대궁_관람객_수_현황_2019년.csv
2019-01-30,2019,1,30,2,수,0,0,0,0,0,17.0,16.0,8.0,7.0,11302,3944,2462,5256,0,11302,5029,904,643,1219,3507,6273,2019,문화재청_궁능유적본부_4대궁_관람객_수_현황_2019년.csv
2019-01-31,2019,1,31,3,목,0,0,0,0,0,17.0,16.0,8.0,7.0,5317,900,617,2537,3337,1980,4159,42,36,581,499,1158,2019,문화재청_궁능유적본부_4대궁_관람객_수_현황_2019년.csv
2019-02-01,2019,2,1,4,금,0,0,0,0,0,17.0,16.0,8.0,7.0,4874,1017,660,3427,3001,1873,2641,276,61,1029,867,2233,2019,문화재청_궁능유적본부_4대궁_관람객_수_현황_2019년.csv
2019-02-02,2019,2,2,5,토,1,0,0,0,0,17.0,16.0,8.0,7.0,16665,4979,3890,6383,0,16665,10336,2040,424,1164,2701,6329,2019,문화재청_궁능유적본부_4대궁_관람객_수_현황_2019년.csv
2019-02-03,2019,2,3,6,일,1,0,0,0,0,17.0,16.0,8.0,7.0,8513,1922,1318,3312,0,8513,3828,695,396,902,2692,4685,2019,문화재청_궁능유적본부_4대궁_관람객_수_현황_2019년.csv
2019-02-04,2019,2,4,0,월,0,0,0,0,1,17.0,16.0,8.0,7.0,33192,10289,7140,9615,0,33192,25519,2104,642,1368,3559,7673,2019,문화재청_궁능유적본부_4대궁_관람객_수_현황_2019년.csv
2019-02-05,2019,2,5,1,화,0,1,0,0,1,17.0,16.0,8.0,7.0,67146,19237,16032,19876,0,67146,55387,1430,1285,2246,6798,11759,2019,문화재청_궁능유적본부_4대궁_관람객_수_현황_2019년.csv
2019-02-06,2019,2,6,2,수,0,0,0,0,1,17.0,16.0,8.0,7.0,51510,13522,9500,14405,0,51510,41653,1768,379,3482,4228,9857,2019,문화재청_궁능유적본부_4대궁_관람객_수_현황_2019년.csv
2019-02-07,2019,2,7,3,목,0,0,0,0,0,17.0,16.0,8.0,7.0,9442,1587,879,2590,6429,3013,5598,180,56,1761,1847,3844,2019,문화재청_궁능유적본부_4대궁_관람객_수_현황_2019년.csv
2019-02-08,2019,2,8,4,금,0,0,0,0,0,17.0,16.0,8.0,7.0,9098,1429,903,3180,6426,2672,3920,163,169,1565,3281,5178,2019,문화재청_궁능유적본부_4대궁_관람객_수_현황_2019년.csv
2019-02-09,2019,2,9,5,토,1,0,0,0,0,17.0,16.0,8.0,7.0,14110,2626,1705,4810,9586,4524,8172,1559,162,2281,1936,5938,2019,문화재청_궁능유적본부_4대궁_관람객_수_현황_2019년.csv
2019-02-10,2019,2,10,6,일,1,0,0,0,0,17.0,16.0,8.0,7.0,11252,2338,1216,3813,7647,3605,7179,1010,352,1689,1022,4073,2019,문화재청_궁능유적본부_4대궁_관람객_수_현황_2019년.csv
2019-02-11,2019,2,11,0,월,0,0,0,2,0,17.0,16.0,8.0,7.0,9454,0,0,2,7081,2373,4083,1601,269,2877,624,5371,2019,문화재청_궁능유적본부_4대궁_관람객_수_현황_2019년.csv
2019-02-12,2019,2,12,1,화,0,1,0,0,0,17.0,16.0,8.0,7.0,301,3075,1193,4852,0,301,285,0,0,0,16,16,2019,문화재청_궁능유적본부_4대궁_관람객_수_현황_2019년.csv
2019-02-13,2019,2,13,2,수,0,0,0,0,0,17.0,16.0,8.0,7.0,9680,1844,979,3400,6379,3301,6504,1093,90,1645,348,3176,2019,문화재청_궁능유적본부_4대궁_관람객_수_현황_2019년.csv
2019-02-14,2019,2,14,3,목,0,0,0,0,0,17.0,16.0,8.0,7.0,8435,1601,1375,4081,5219,3216,4712,542,241,1682,1258,3723,2019,문화재청_궁능유적본부_4대궁_관람객_수_현황_2019년.csv
2019-02-15,2019,2,15,4,금,0,0,0,0,0,17.0,16.0,8.0,7.0,7121,2065,1217,2809,4440,2681,5110,740,142,801,328,2011,2019,문화재청_궁능유적본부_4대궁_관람객_수_현황_2019년.csv
2019-02-16,2019,2,16,5,토,1,0,0,0,0,17.0,16.0,8.0,7.0,12819,3807,2553,7040,8750,4069,8086,282,279,2355,1817,4733,2019,문화재청_궁능유적본부_4대궁_관람객_수_현황_2019년.csv
2019-02-17,2019,2,17,6,일,1,0,0,0,0,17.0,16.0,8.0,7.0,11207,3555,2248,5328,6918,4289,8784,585,217,719,902,2423,2019,문화재청_궁능유적본부_4대궁_관람객_수_현황_2019년.csv
2019-02-18,2019,2,18,0,월,0,0,0,3,0,17.0,16.0,8.0,7.0,8211,0,0,0,5509,2702,5538,691,244,634,1104,2673,2019,문화재청_궁능유적본부_4대궁_관람객_수_현황_2019년.csv
2019-02-19,2019,2,19,1,화,0,1,0,0,0,17.0,16.0,8.0,7.0,342,3443,1578,3843,0,342,327,0,0,0,15,15,2019,문화재청_궁능유적본부_4대궁_관람객_수_현황_2019년.csv
2019-02-20,2019,2,20,2,수,0,0,0,0,0,17.0,16.0,8.0,7.0,8546,2134,1353,3343,4700,3846,6776,417,77,1118,158,1770,2019,문화재청_궁능유적본부_4대궁_관람객_수_현황_2019년.csv
2019-02-21,2019,2,21,3,목,0,0,0,0,0,17.0,16.0,8.0,7.0,9005,2572,1331,4224,5382,3623,5939,221,183,993,1669,3066,2019,문화재청_궁능유적본부_4대궁_관람객_수_현황_2019년.csv
2019-02-22,2019,2,22,4,금,0,0,0,0,0,17.0,16.0,8.0,7.0,7996,2640,1756,4503,4436,3560,5431,435,199,559,1372,2565,2019,문화재청_궁능유적본부_4대궁_관람객_수_현황_2019년.csv
2019-02-23,2019,2,23,5,토,1,0,0,0,0,17.0,16.0,8.0,7.0,14631,4847,4363,8980,9031,5600,11030,404,184,1918,1095,3601,2019,문화재청_궁능유적본부_4대궁_관람객_수_현황_2019년.csv
2019-02-24,2019,2,24,6,일,1,0,0,0,0,17.0,16.0,8.0,7.0,12297,4552,3200,7635,8142,4155,9743,639,384,755,776,2554,2019,문화재청_궁능유적본부_4대궁_관람객_수_현황_2019년.csv
2019-02-25,2019,2,25,0,월,0,0,0,3,0,17.0,16.0,8.0,7.0,7337,0,0,0,4659,2678,5129,452,254,989,513,2208,2019,문화재청_궁능유적본부_4대궁_관람객_수_현황_2019년.csv
2019-02-26,2019,2,26,1,화,0,1,0,0,0,17.0,16.0,8.0,7.0,564,4524,2204,6402,0,564,547,0,0,0,17,17,2019,문화재청_궁능유적본부_4대궁_관람객_수_현황_2019년.csv
2019-02-27,2019,2,27,2,수,0,0,0,0,0,17.0,16.0,8.0,7.0,11591,4630,3168,4212,0,11591,4780,571,264,2437,3539,6811,2019,문화재청_궁능유적본부_4대궁_관람객_수_현황_2019년.csv
2019-02-28,2019,2,28,3,목,0,0,0,0,0,17.0,16.0,8.0,7.0,8291,2857,1855,5315,4382,3909,6747,138,114,369,923,1544,2019,문화재청_궁능유적본부_4대궁_관람객_수_현황_2019년.csv
2019-03-01,2019,3,1,4,금,0,0,0,0,1,18.0,17.0,9.0,8.0,30025,12961,8516,17789,0,30025,23546,784,566,1163,3966,6479,2019,문화재청_궁능유적본부_4대궁_관람객_수_현황_2019년.csv
2019-03-02,2019,3,2,5,토,1,0,0,0,0,18.0,17.0,9.0,8.0,18860,6327,3918,11159,12146,6714,15068,696,230,1757,1109,3792,2019,문화재청_궁능유적본부_4대궁_관람객_수_현황_2019년.csv
2019-03-03,2019,3,3,6,일,1,0,0,0,0,18.0,17.0,9.0,8.0,11043,3991,2058,6204,6784,4259,9249,470,96,502,726,1794,2019,문화재청_궁능유적본부_4대궁_관람객_수_현황_2019년.csv
2019-03-04,2019,3,4,0,월,0,0,0,3,0,18.0,17.0,9.0,8.0,6875,0,0,0,4932,1943,3474,992,108,1456,845,3401,2019,문화재청_궁능유적본부_4대궁_관람객_수_현황_2019년.csv
2019-03-05,2019,3,5,1,화,0,1,0,0,0,18.0,17.0,9.0,8.0,361,2786,754,2977,0,361,361,0,0,0,0,0,2019,문화재청_궁능유적본부_4대궁_관람객_수_현황_2019년.csv
2019-03-06,2019,3,6,2,수,0,0,0,0,0,18.0,17.0,9.0,8.0,7704,1284,567,2082,4483,3221,5133,124,185,1561,701,2571,2019,문화재청_궁능유적본부_4대궁_관람객_수_현황_2019년.csv
2019-03-07,2019,3,7,3,목,0,0,0,0,0,18.0,17.0,9.0,8.0,8965,1914,1030,4525,5314,3651,5823,531,204,470,1937,3142,2019,문화재청_궁능유적본부_4대궁_관람객_수_현황_2019년.csv
2019-03-08,2019,3,8,4,금,0,0,0,0,0,18.0,17.0,9.0,8.0,8814,2514,1377,5168,5830,2984,4244,657,148,1340,2425,4570,2019,문화재청_궁능유적본부_4대궁_관람객_수_현황_2019년.csv
2019-03-09,2019,3,9,5,토,1,0,0,0,0,18.0,17.0,9.0,8.0,17800,5727,3492,8601,10254,7546,13810,1359,341,1273,1017,3990,2019,문화재청_궁능유적본부_4대궁_관람객_수_현황_2019년.csv
2019-03-10,2019,3,10,6,일,1,0,0,0,0,18.0,17.0,9.0,8.0,11452,3924,2280,6623,7096,4356,9230,457,255,434,1076,2222,2019,문화재청_궁능유적본부_4대궁_관람객_수_현황_2019년.csv
2019-03-11,2019,3,11,0,월,0,0,0,3,0,18.0,17.0,9.0,8.0,8217,0,0,0,5098,3119,5546,388,196,466,1621,2671,2019,문화재청_궁능유적본부_4대궁_관람객_수_현황_2019년.csv
2019-03-12,2019,3,12,1,화,0,1,0,0,0,18.0,17.0,9.0,8.0,230,2908,730,3593,0,230,223,0,0,0,7,7,2019,문화재청_궁능유적본부_4대궁_관람객_수_현황_2019년.csv
2019-03-13,2019,3,13,2,수,0,0,0,0,0,18.0,17.0,9.0,8.0,10739,2198,1033,4118,6740,3999,6317,510,400,2930,582,4422,2019,문화재청_궁능유적본부_4대궁_관람객_수_현황_2019년.csv
2019-03-14,2019,3,14,3,목,0,0,0,0,0,18.0,17.0,9.0,8.0,9330,2299,1015,5165,5835,3495,5382,612,357,1434,1545,3948,2019,문화재청_궁능유적본부_4대궁_관람객_수_현황_2019년.csv
2019-03-15,2019,3,15,4,금,0,0,0,0,0,18.0,17.0,9.0,8.0,8807,2070,874,3940,5418,3389,5462,514,308,1245,1278,3345,2019,문화재청_궁능유적본부_4대궁_관람객_수_현황_2019년.csv
2019-03-16,2019,3,16,5,토,1,0,0,0,0,18.0,17.0,9.0,8.0,16612,5490,3035,7376,11135,5477,11147,346,326,2538,2255,5465,2019,문화재청_궁능유적본부_4대궁_관람객_수_현황_2019년.csv
2019-03-17,2019,3,17,6,일,1,0,0,0,0,18.0,17.0,9.0,8.0,14681,5607,3349,7751,9565,5116,11028,747,469,1236,1201,3653,2019,문화재청_궁능유적본부_4대궁_관람객_수_현황_2019년.csv
2019-03-18,2019,3,18,0,월,0,0,0,3,0,18.0,17.0,9.0,8.0,11742,0,0,0,7729,4013,6010,1049,357,2508,1818,5732,2019,문화재청_궁능유적본부_4대궁_관람객_수_현황_2019년.csv
2019-03-19,2019,3,19,1,화,0,1,0,0,0,18.0,17.0,9.0,8.0,503,4894,1893,7466,0,503,487,0,0,0,16,16,2019,문화재청_궁능유적본부_4대궁_관람객_수_현황_2019년.csv
2019-03-20,2019,3,20,2,수,0,0,0,0,0,18.0,17.0,9.0,8.0,11085,2153,522,2988,7369,3716,3496,818,285,3340,3146,7589,2019,문화재청_궁능유적본부_4대궁_관람객_수_현황_2019년.csv
2019-03-21,2019,3,21,3,목,0,0,0,0,0,18.0,17.0,9.0,8.0,11169,2537,1127,3646,7077,4092,5806,818,425,2169,1951,5363,2019,문화재청_궁능유적본부_4대궁_관람객_수_현황_2019년.csv
2019-03-22,2019,3,22,4,금,0,0,0,0,0,18.0,17.0,9.0,8.0,13528,3813,2055,5667,8792,4736,7246,1734,618,2520,1410,6282,2019,문화재청_궁능유적본부_4대궁_관람객_수_현황_2019년.csv
2019-03-23,2019,3,23,5,토,1,0,0,0,0,18.0,17.0,9.0,8.0,16430,4212,2386,6932,10505,5925,10191,1114,491,3845,789,6239,2019,문화재청_궁능유적본부_4대궁_관람객_수_현황_2019년.csv
2019-03-24,2019,3,24,6,일,1,0,0,0,0,18.0,17.0,9.0,8.0,16592,6466,3814,8820,10571,6021,11966,637,526,1899,1564,4626,2019,문화재청_궁능유적본부_4대궁_관람객_수_현황_2019년.csv
2019-03-25,2019,3,25,0,월,0,0,0,3,0,18.0,17.0,9.0,8.0,13915,0,0,0,8803,5112,7247,815,486,3457,1910,6668,2019,문화재청_궁능유적본부_4대궁_관람객_수_현황_2019년.csv
2019-03-26,2019,3,26,1,화,0,1,0,0,0,18.0,17.0,9.0,8.0,350,6030,2173,7800,0,350,341,0,0,0,9,9,2019,문화재청_궁능유적본부_4대궁_관람객_수_현황_2019년.csv
2019-03-27,2019,3,27,2,수,0,0,0,0,0,18.0,17.0,9.0,8.0,13687,6615,3295,7581,0,13687,6871,545,625,2720,2926,6816,2019,문화재청_궁능유적본부_4대궁_관람객_수_현황_2019년.csv
2019-03-28,2019,3,28,3,목,0,0,0,0,0,18.0,17.0,9.0,8.0,14452,3489,1818,6289,9260,5192,8839,612,313,2427,2261,5613,2019,문화재청_궁능유적본부_4대궁_관람객_수_현황_2019년.csv
2019-03-29,2019,3,29,4,금,0,0,0,0,0,18.0,17.0,9.0,8.0,15928,5143,2862,7761,8934,6994,9866,507,461,2854,2240,6062,2019,문화재청_궁능유적본부_4대궁_관람객_수_현황_2019년.csv
2019-03-30,2019,3,30,5,토,1,0,0,0,0,18.0,17.0,9.0,8.0,16579,4914,2217,5912,11176,5403,9092,940,362,4662,1523,7487,2019,문화재청_궁능유적본부_4대궁_관람객_수_현황_2019년.csv
2019-03-31,2019,3,31,6,일,1,0,0,0,0,18.0,17.0,9.0,8.0,15851,5537,2561,6060,10032,5819,10816,1269,408,1501,1857,5035,2019,문화재청_궁능유적본부_4대궁_관람객_수_현황_2019년.csv
2019-04-01,2019,4,1,0,월,0,0,0,3,0,18.0,17.0,9.0,8.0,17383,0,0,0,9734,7649,9163,2181,458,2736,2845,8220,2019,문화재청_궁능유적본부_4대궁_관람객_수_현황_2019년.csv
2019-04-02,2019,4,2,1,화,0,1,0,0,0,18.0,17.0,9.0,8.0,389,7893,3342,8592,0,389,381,0,0,0,8,8,2019,문화재청_궁능유적본부_4대궁_관람객_수_현황_2019년.csv
2019-04-03,2019,4,3,2,수,0,0,0,0,0,18.0,17.0,9.0,8.0,18668,5886,2703,7534,9906,8762,13202,1054,216,2948,1248,5466,2019,문화재청_궁능유적본부_4대궁_관람객_수_현황_2019년.csv
2019-04-04,2019,4,4,3,목,0,0,0,0,0,18.0,17.0,9.0,8.0,16649,6041,3616,7922,9009,7640,11835,963,166,1728,1957,4814,2019,문화재청_궁능유적본부_4대궁_관람객_수_현황_2019년.csv
2019-04-05,2019,4,5,4,금,0,0,0,0,0,18.0,17.0,9.0,8.0,17834,6539,4444,7859,10572,7262,11219,891,430,2183,3111,6615,2019,문화재청_궁능유적본부_4대궁_관람객_수_현황_2019년.csv
2019-04-06,2019,4,6,5,토,1,0,0,0,0,18.0,17.0,9.0,8.0,21952,8489,5062,8027,13903,8049,15028,942,194,2362,3426,6924,2019,문화재청_궁능유적본부_4대궁_관람객_수_현황_2019년.csv
2019-04-07,2019,4,7,6,일,1,0,0,0,0,18.0,17.0,9.0,8.0,25396,11820,9275,12171,13754,11642,19378,937,205,1186,3690,6018,2019,문화재청_궁능유적본부_4대궁_관람객_수_현황_2019년.csv
2019-04-08,2019,4,8,0,월,0,0,0,3,0,18.0,17.0,9.0,8.0,17478,0,0,0,10532,6946,12188,256,33,3306,1695,5290,2019,문화재청_궁능유적본부_4대궁_관람객_수_현황_2019년.csv
2019-04-09,2019,4,9,1,화,0,1,0,0,0,18.0,17.0,9.0,8.0,439,8270,3304,7726,0,439,430,0,0,0,9,9,2019,문화재청_궁능유적본부_4대궁_관람객_수_현황_2019년.csv
2019-04-10,2019,4,10,2,수,0,0,0,0,0,18.0,17.0,9.0,8.0,17803,4618,2187,4270,9960,7843,11856,448,85,3444,1970,5947,2019,문화재청_궁능유적본부_4대궁_관람객_수_현황_2019년.csv
2019-04-11,2019,4,11,3,목,0,0,0,0,0,18.0,17.0,9.0,8.0,19671,7139,4663,10490,10589,9082,13483,674,165,1732,3617,6188,2019,문화재청_궁능유적본부_4대궁_관람객_수_현황_2019년.csv
2019-04-12,2019,4,12,4,금,0,0,0,0,0,18.0,17.0,9.0,8.0,21894,7924,5360,11991,12211,9683,12757,616,88,4110,4323,9137,2019,문화재청_궁능유적본부_4대궁_관람객_수_현황_2019년.csv
2019-04-13,2019,4,13,5,토,1,0,0,0,0,18.0,17.0,9.0,8.0,27984,12415,10845,16216,17056,10928,21893,731,414,3174,1772,6091,2019,문화재청_궁능유적본부_4대궁_관람객_수_현황_2019년.csv
2019-04-14,2019,4,14,6,일,1,0,0,0,0,18.0,17.0,9.0,8.0,15163,5275,3109,6176,10438,4725,8801,1223,193,2043,2903,6362,2019,문화재청_궁능유적본부_4대궁_관람객_수_현황_2019년.csv
2019-04-15,2019,4,15,0,월,0,0,0,3,0,18.0,17.0,9.0,8.0,23208,0,0,0,13845,9363,15709,2205,203,2575,2516,7499,2019,문화재청_궁능유적본부_4대궁_관람객_수_현황_2019년.csv
2019-04-16,2019,4,16,1,화,0,1,0,0,0,18.0,17.0,9.0,8.0,270,10103,4473,11751,0,270,256,0,0,0,14,14,2019,문화재청_궁능유적본부_4대궁_관람객_수_현황_2019년.csv
2019-04-17,2019,4,17,2,수,0,0,0,0,0,18.0,17.0,9.0,8.0,24164,6575,3621,10541,11984,12180,17635,388,56,4334,1751,6529,2019,문화재청_궁능유적본부_4대궁_관람객_수_현황_2019년.csv
2019-04-18,2019,4,18,3,목,0,0,0,0,0,18.0,17.0,9.0,8.0,19884,5719,2569,6028,8958,10926,14315,503,71,2678,2317,5569,2019,문화재청_궁능유적본부_4대궁_관람객_수_현황_2019년.csv
2019-04-19,2019,4,19,4,금,0,0,0,0,0,18.0,17.0,9.0,8.0,20456,5923,3094,8906,11117,9339,14467,1173,164,3334,1318,5989,2019,문화재청_궁능유적본부_4대궁_관람객_수_현황_2019년.csv
2019-04-20,2019,4,20,5,토,1,0,0,0,0,18.0,17.0,9.0,8.0,24701,9802,7099,14059,16283,8418,18480,445,131,3481,2164,6221,2019,문화재청_궁능유적본부_4대궁_관람객_수_현황_2019년.csv
2019-04-21,2019,4,21,6,일,1,0,0,0,0,18.0,17.0,9.0,8.0,20070,7448,4889,8927,13040,7030,15990,1090,351,1570,1069,4080,2019,문화재청_궁능유적본부_4대궁_관람객_수_현황_2019년.csv
2019-04-22,2019,4,22,0,월,0,0,0,3,0,18.0,17.0,9.0,8.0,19427,0,0,0,11068,8359,12953,1056,208,3459,1751,6474,2019,문화재청_궁능유적본부_4대궁_관람객_수_현황_2019년.csv
2019-04-23,2019,4,23,1,화,0,1,0,0,0,18.0,17.0,9.0,8.0,157,10293,3643,9174,0,157,137,0,0,0,20,20,2019,문화재청_궁능유적본부_4대궁_관람객_수_현황_2019년.csv
2019-04-24,2019,4,24,2,수,0,0,0,0,0,18.0,17.0,9.0,8.0,20570,10002,5418,11757,0,20570,10896,494,512,5028,3640,9674,2019,문화재청_궁능유적본부_4대궁_관람객_수_현황_2019년.csv
2019-04-25,2019,4,25,3,목,0,0,0,0,0,18.0,17.0,9.0,8.0,18694,5158,1209,4532,6735,11959,14689,640,102,2298,965,4005,2019,문화재청_궁능유적본부_4대궁_관람객_수_현황_2019년.csv
2019-04-26,2019,4,26,4,금,0,0,0,0,0,18.0,17.0,9.0,8.0,21089,4727,2310,5764,8446,12643,14856,784,160,3293,1996,6233,2019,문화재청_궁능유적본부_4대궁_관람객_수_현황_2019년.csv
2019-04-27,2019,4,27,5,토,1,0,0,0,0,18.0,17.0,9.0,8.0,32390,12453,7621,16148,20351,12039,25438,2248,311,2914,1479,6952,2019,문화재청_궁능유적본부_4대궁_관람객_수_현황_2019년.csv
2019-04-28,2019,4,28,6,일,1,0,0,0,0,18.0,17.0,9.0,8.0,27462,9053,4658,10246,18684,8778,19675,1534,429,2843,2981,7787,2019,문화재청_궁능유적본부_4대궁_관람객_수_현황_2019년.csv
2019-04-29,2019,4,29,0,월,0,0,0,0,0,18.0,17.0,9.0,8.0,25391,2592,1177,4155,14469,10922,19868,1150,582,794,2997,5523,2019,문화재청_궁능유적본부_4대궁_관람객_수_현황_2019년.csv
2019-04-30,2019,4,30,1,화,0,1,0,0,0,18.0,17.0,9.0,8.0,14342,9438,3946,11366,9401,4941,10097,569,500,1685,1491,4245,2019,문화재청_궁능유적본부_4대궁_관람객_수_현황_2019년.csv
2019-05-01,2019,5,1,2,수,0,0,0,0,0,18.0,17.0,9.0,8.0,38069,11335,6255,13391,18249,19820,31402,771,632,2779,2485,6667,2019,문화재청_궁능유적본부_4대궁_관람객_수_현황_2019년.csv
2019-05-02,2019,5,2,3,목,0,0,0,0,0,18.0,17.0,9.0,8.0,27304,7767,3074,9304,16229,11075,22856,1268,586,923,1671,4448,2019,문화재청_궁능유적본부_4대궁_관람객_수_현황_2019년.csv
2019-05-03,2019,5,3,4,금,0,0,0,0,0,18.0,17.0,9.0,8.0,28749,9938,4506,11876,13849,14900,22818,1174,581,2120,2056,5931,2019,문화재청_궁능유적본부_4대궁_관람객_수_현황_2019년.csv
2019-05-04,2019,5,4,5,토,1,0,0,0,0,18.0,17.0,9.0,8.0,30845,11401,6711,13273,18631,12214,27606,625,401,505,1708,3239,2019,문화재청_궁능유적본부_4대궁_관람객_수_현황_2019년.csv
2019-05-05,2019,5,5,6,일,1,0,0,0,1,18.0,17.0,9.0,8.0,44441,11962,8130,13696,14999,29442,41140,588,240,1509,964,3301,2019,문화재청_궁능유적본부_4대궁_관람객_수_현황_2019년.csv
2019-05-06,2019,5,6,0,월,0,0,0,0,1,18.0,17.0,9.0,8.0,20096,8385,3965,8586,11191,8905,14586,636,92,1881,2901,5510,2019,문화재청_궁능유적본부_4대궁_관람객_수_현황_2019년.csv
2019-05-07,2019,5,7,1,화,0,1,0,0,0,18.0,17.0,9.0,8.0,469,6834,2476,8733,0,469,455,0,0,0,14,14,2019,문화재청_궁능유적본부_4대궁_관람객_수_현황_2019년.csv
2019-05-08,2019,5,8,2,수,0,0,0,0,0,18.0,17.0,9.0,8.0,16599,5641,2176,7407,6636,9963,12823,700,93,2638,345,3776,2019,문화재청_궁능유적본부_4대궁_관람객_수_현황_2019년.csv
2019-05-09,2019,5,9,3,목,0,0,0,0,0,18.0,17.0,9.0,8.0,17262,5891,2818,9027,5836,11426,14511,152,17,1828,754,2751,2019,문화재청_궁능유적본부_4대궁_관람객_수_현황_2019년.csv
2019-05-10,2019,5,10,4,금,0,0,0,0,0,18.0,17.0,9.0,8.0,18799,6505,4181,10637,6639,12160,15547,262,67,1676,1247,3252,2019,문화재청_궁능유적본부_4대궁_관람객_수_현황_2019년.csv
2019-05-11,2019,5,11,5,토,1,0,0,0,0,18.0,17.0,9.0,8.0,20384,8789,5659,12089,11536,8848,15288,538,109,3386,1063,5096,2019,문화재청_궁능유적본부_4대궁_관람객_수_현황_2019년.csv
2019-05-12,2019,5,12,6,일,1,0,0,0,1,18.0,17.0,9.0,8.0,16661,6990,3537,8584,9254,7407,13168,1185,175,1379,754,3493,2019,문화재청_궁능유적본부_4대궁_관람객_수_현황_2019년.csv
2019-05-13,2019,5,13,0,월,0,0,0,3,0,18.0,17.0,9.0,8.0,14933,0,0,0,6503,8430,11172,1074,428,1558,701,3761,2019,문화재청_궁능유적본부_4대궁_관람객_수_현황_2019년.csv
2019-05-14,2019,5,14,1,화,0,1,0,0,0,18.0,17.0,9.0,8.0,203,7156,2959,9518,0,203,185,0,0,0,18,18,2019,문화재청_궁능유적본부_4대궁_관람객_수_현황_2019년.csv
2019-05-15,2019,5,15,2,수,0,0,0,0,0,18.0,17.0,9.0,8.0,20410,5135,2466,7789,7508,12902,15738,685,164,3443,380,4672,2019,문화재청_궁능유적본부_4대궁_관람객_수_현황_2019년.csv
2019-05-16,2019,5,16,3,목,0,0,0,0,0,18.0,17.0,9.0,8.0,16367,4594,2177,6051,6732,9635,11534,762,241,2734,1096,4833,2019,문화재청_궁능유적본부_4대궁_관람객_수_현황_2019년.csv
2019-05-17,2019,5,17,4,금,0,0,0,0,0,18.0,17.0,9.0,8.0,19349,5992,3294,8312,7731,11618,12738,932,251,2531,2897,6611,2019,문화재청_궁능유적본부_4대궁_관람객_수_현황_2019년.csv
2019-05-18,2019,5,18,5,토,1,0,0,0,0,18.0,17.0,9.0,8.0,22571,9403,5644,13091,12884,9687,17563,965,310,2330,1403,5008,2019,문화재청_궁능유적본부_4대궁_관람객_수_현황_2019년.csv
2019-05-19,2019,5,19,6,일,1,0,0,0,0,18.0,17.0,9.0,8.0,10913,4039,1305,4585,7551,3362,7918,595,195,1195,1010,2995,2019,문화재청_궁능유적본부_4대궁_관람객_수_현황_2019년.csv
2019-05-20,2019,5,20,0,월,0,0,0,3,0,18.0,17.0,9.0,8.0,17083,0,0,0,9870,7213,11383,1251,328,3112,1009,5700,2019,문화재청_궁능유적본부_4대궁_관람객_수_현황_2019년.csv
2019-05-21,2019,5,21,1,화,0,1,0,0,0,18.0,17.0,9.0,8.0,118,8336,3116,11418,0,118,111,0,0,0,7,7,2019,문화재청_궁능유적본부_4대궁_관람객_수_현황_2019년.csv
2019-05-22,2019,5,22,2,수,0,0,0,0,0,18.0,17.0,9.0,8.0,21711,5032,3206,8216,9877,11834,17571,1120,232,1970,818,4140,2019,문화재청_궁능유적본부_4대궁_관람객_수_현황_2019년.csv
2019-05-23,2019,5,23,3,목,0,0,0,0,0,18.0,17.0,9.0,8.0,16560,4112,2112,7483,8008,8552,11153,926,195,1953,2333,5407,2019,문화재청_궁능유적본부_4대궁_관람객_수_현황_2019년.csv
2019-05-24,2019,5,24,4,금,0,0,0,0,0,18.0,17.0,9.0,8.0,17993,5221,2552,7267,9167,8826,13571,441,166,2567,1248,4422,2019,문화재청_궁능유적본부_4대궁_관람객_수_현황_2019년.csv
2019-05-25,2019,5,25,5,토,1,0,0,0,0,18.0,17.0,9.0,8.0,26196,6769,4892,13775,16065,10131,20706,1089,156,3383,862,5490,2019,문화재청_궁능유적본부_4대궁_관람객_수_현황_2019년.csv
2019-05-26,2019,5,26,6,일,1,0,0,0,0,18.0,17.0,9.0,8.0,19660,5585,3070,9984,12001,7659,16022,813,252,716,1857,3638,2019,문화재청_궁능유적본부_4대궁_관람객_수_현황_2019년.csv
2019-05-27,2019,5,27,0,월,0,0,0,3,0,18.0,17.0,9.0,8.0,10128,0,0,0,6239,3889,5820,1095,188,1962,1063,4308,2019,문화재청_궁능유적본부_4대궁_관람객_수_현황_2019년.csv
2019-05-28,2019,5,28,1,화,0,1,0,0,0,18.0,17.0,9.0,8.0,266,6839,2344,9925,0,266,244,0,0,0,22,22,2019,문화재청_궁능유적본부_4대궁_관람객_수_현황_2019년.csv
2019-05-29,2019,5,29,2,수,0,0,0,0,0,18.0,17.0,9.0,8.0,25121,7132,4810,19044,1282,23839,17051,505,364,2922,4279,8070,2019,문화재청_궁능유적본부_4대궁_관람객_수_현황_2019년.csv
2019-05-30,2019,5,30,3,목,0,0,0,0,0,18.0,17.0,9.0,8.0,16821,4137,2092,7298,8996,7825,11896,1446,352,2375,752,4925,2019,문화재청_궁능유적본부_4대궁_관람객_수_현황_2019년.csv
2019-05-31,2019,5,31,4,금,0,0,0,0,0,18.0,17.0,9.0,8.0,17933,4165,2465,7981,9826,8107,14692,522,429,1288,1002,3241,2019,문화재청_궁능유적본부_4대궁_관람객_수_현황_2019년.csv
2019-06-01,2019,6,1,5,토,1,0,0,0,0,18.5,17.5,9.5,8.5,24907,6604,4056,12244,15858,9049,19863,1080,34,2089,1841,5044,2019,문화재청_궁능유적본부_4대궁_관람객_수_현황_2019년.csv
2019-06-02,2019,6,2,6,일,1,0,0,0,0,18.5,17.5,9.5,8.5,15867,5480,2528,8312,9414,6453,13005,552,118,1297,895,2862,2019,문화재청_궁능유적본부_4대궁_관람객_수_현황_2019년.csv
2019-06-03,2019,6,3,0,월,0,0,0,3,0,18.5,17.5,9.5,8.5,14944,0,0,0,6895,8049,10428,513,32,1344,2627,4516,2019,문화재청_궁능유적본부_4대궁_관람객_수_현황_2019년.csv
2019-06-04,2019,6,4,1,화,0,1,0,0,0,18.5,17.5,9.5,8.5,159,6760,2660,8080,0,159,147,0,0,0,12,12,2019,문화재청_궁능유적본부_4대궁_관람객_수_현황_2019년.csv
2019-06-05,2019,6,5,2,수,0,0,0,0,0,18.5,17.5,9.5,8.5,15847,4230,1611,6892,7418,8429,12452,537,128,1551,1179,3395,2019,문화재청_궁능유적본부_4대궁_관람객_수_현황_2019년.csv
2019-06-06,2019,6,6,3,목,0,0,0,0,1,18.5,17.5,9.5,8.5,24744,5965,3214,14100,13048,11696,20798,593,172,761,2420,3946,2019,문화재청_궁능유적본부_4대궁_관람객_수_현황_2019년.csv
2019-06-07,2019,6,7,4,금,0,0,0,0,0,18.5,17.5,9.5,8.5,12749,3693,1915,7441,7874,4875,10087,427,147,1307,781,2662,2019,문화재청_궁능유적본부_4대궁_관람객_수_현황_2019년.csv
2019-06-08,2019,6,8,5,토,1,0,0,0,0,18.5,17.5,9.5,8.5,29785,8470,5096,14225,16136,13649,25727,508,110,1177,2263,4058,2019,문화재청_궁능유적본부_4대궁_관람객_수_현황_2019년.csv
2019-06-09,2019,6,9,6,일,1,0,0,0,0,18.5,17.5,9.5,8.5,15719,5205,2005,7502,9052,6667,12390,329,79,1632,1289,3329,2019,문화재청_궁능유적본부_4대궁_관람객_수_현황_2019년.csv
2019-06-10,2019,6,10,0,월,0,0,0,3,0,18.5,17.5,9.5,8.5,10018,0,0,0,5684,4334,6980,562,93,2002,381,3038,2019,문화재청_궁능유적본부_4대궁_관람객_수_현황_2019년.csv
2019-06-11,2019,6,11,1,화,0,1,0,0,0,18.5,17.5,9.5,8.5,253,5770,1845,8768,0,253,246,0,0,0,7,7,2019,문화재청_궁능유적본부_4대궁_관람객_수_현황_2019년.csv
2019-06-12,2019,6,12,2,수,0,0,0,0,0,18.5,17.5,9.5,8.5,17035,3651,1552,5945,8897,8138,9303,1050,293,3172,3217,7732,2019,문화재청_궁능유적본부_4대궁_관람객_수_현황_2019년.csv
2019-06-13,2019,6,13,3,목,0,0,0,0,0,18.5,17.5,9.5,8.5,15019,3289,1328,6045,8153,6866,9953,710,167,2544,1645,5066,2019,문화재청_궁능유적본부_4대궁_관람객_수_현황_2019년.csv
2019-06-14,2019,6,14,4,금,0,0,0,0,0,18.5,17.5,9.5,8.5,14843,3567,1590,6147,7895,6948,9778,325,135,2527,2078,5065,2019,문화재청_궁능유적본부_4대궁_관람객_수_현황_2019년.csv
2019-06-15,2019,6,15,5,토,1,0,0,0,0,18.5,17.5,9.5,8.5,20319,6141,3811,8843,12157,8162,14610,434,203,3376,1696,5709,2019,문화재청_궁능유적본부_4대궁_관람객_수_현황_2019년.csv
2019-06-16,2019,6,16,6,일,1,0,0,0,0,18.5,17.5,9.5,8.5,19869,5061,2645,6984,12706,7163,14615,815,231,1282,2926,5254,2019,문화재청_궁능유적본부_4대궁_관람객_수_현황_2019년.csv
2019-06-17,2019,6,17,0,월,0,0,0,3,0,18.5,17.5,9.5,8.5,11007,0,0,0,8642,2365,6873,578,213,1884,1459,4134,2019,문화재청_궁능유적본부_4대궁_관람객_수_현황_2019년.csv
2019-06-18,2019,6,18,1,화,0,1,0,0,0,18.5,17.5,9.5,8.5,195,4465,1189,6594,0,195,193,0,0,0,2,2,2019,문화재청_궁능유적본부_4대궁_관람객_수_현황_2019년.csv
2019-06-19,2019,6,19,2,수,0,0,0,0,0,18.5,17.5,9.5,8.5,17050,3211,1521,5977,2085,14965,8261,956,434,2926,4473,8789,2019,문화재청_궁능유적본부_4대궁_관람객_수_현황_2019년.csv
2019-06-20,2019,6,20,3,목,0,0,0,0,0,18.5,17.5,9.5,8.5,16436,3290,1348,5935,10140,6296,10133,627,118,3860,1698,6303,2019,문화재청_궁능유적본부_4대궁_관람객_수_현황_2019년.csv
2019-06-21,2019,6,21,4,금,0,0,0,0,0,18.5,17.5,9.5,8.5,17319,3407,1378,6430,11041,6278,14325,644,114,1025,1211,2994,2019,문화재청_궁능유적본부_4대궁_관람객_수_현황_2019년.csv
2019-06-22,2019,6,22,5,토,1,0,0,0,0,18.5,17.5,9.5,8.5,23612,5575,3761,9221,16014,7598,18142,1385,187,2591,1307,5470,2019,문화재청_궁능유적본부_4대궁_관람객_수_현황_2019년.csv
2019-06-23,2019,6,23,6,일,1,0,0,0,0,18.5,17.5,9.5,8.5,19722,4904,2445,6370,13139,6583,15687,1234,267,1688,846,4035,2019,문화재청_궁능유적본부_4대궁_관람객_수_현황_2019년.csv
2019-06-24,2019,6,24,0,월,0,0,0,3,0,18.5,17.5,9.5,8.5,13226,0,0,0,8103,5123,8987,1922,279,1300,738,4239,2019,문화재청_궁능유적본부_4대궁_관람객_수_현황_2019년.csv
2019-06-25,2019,6,25,1,화,0,1,0,0,0,18.5,17.5,9.5,8.5,180,4802,1503,5512,0,180,171,0,0,0,9,9,2019,문화재청_궁능유적본부_4대궁_관람객_수_현황_2019년.csv
2019-06-26,2019,6,26,2,수,0,0,0,0,0,18.5,17.5,9.5,8.5,15350,4946,2430,6921,0,15350,7098,534,393,3226,4099,8252,2019,문화재청_궁능유적본부_4대궁_관람객_수_현황_2019년.csv
2019-06-27,2019,6,27,3,목,0,0,0,0,0,18.5,17.5,9.5,8.5,11298,2471,1109,5020,7229,4069,7469,1417,228,976,1208,3829,2019,문화재청_궁능유적본부_4대궁_관람객_수_현황_2019년.csv
2019-06-28,2019,6,28,4,금,0,0,0,0,0,18.5,17.5,9.5,8.5,13410,2769,1173,5358,8364,5046,9685,1794,219,724,988,3725,2019,문화재청_궁능유적본부_4대궁_관람객_수_현황_2019년.csv
2019-06-29,2019,6,29,5,토,1,0,0,0,0,18.5,17.5,9.5,8.5,15526,4687,3131,7175,10188,5338,12266,730,195,1191,1144,3260,2019,문화재청_궁능유적본부_4대궁_관람객_수_현황_2019년.csv
2019-06-30,2019,6,30,6,일,1,0,0,0,0,18.5,17.5,9.5,8.5,13487,4587,1905,5109,8315,5172,11645,409,51,615,767,1842,2019,문화재청_궁능유적본부_4대궁_관람객_수_현황_2019년.csv
2019-07-01,2019,7,1,0,월,0,0,0,3,0,18.5,17.5,9.5,8.5,13434,0,0,0,8752,4682,10250,162,38,2960,24,3184,2019,문화재청_궁능유적본부_4대궁_관람객_수_현황_2019년.csv
2019-07-02,2019,7,2,1,화,0,1,0,0,0,18.5,17.5,9.5,8.5,300,4822,1808,5838,0,300,300,0,0,0,0,0,2019,문화재청_궁능유적본부_4대궁_관람객_수_현황_2019년.csv
2019-07-03,2019,7,3,2,수,0,0,0,0,0,18.5,17.5,9.5,8.5,12618,2567,1265,5102,7900,4718,9983,460,25,1185,965,2635,2019,문화재청_궁능유적본부_4대궁_관람객_수_현황_2019년.csv
2019-07-04,2019,7,4,3,목,0,0,0,0,0,18.5,17.5,9.5,8.5,12268,2437,1147,4065,7151,5117,9885,540,42,802,999,2383,2019,문화재청_궁능유적본부_4대궁_관람객_수_현황_2019년.csv
2019-07-05,2019,7,5,4,금,0,0,0,0,0,18.5,17.5,9.5,8.5,12958,2371,963,3509,7991,4967,9340,1099,56,1503,960,3618,2019,문화재청_궁능유적본부_4대궁_관람객_수_현황_2019년.csv
2019-07-06,2019,7,6,5,토,1,0,0,0,0,18.5,17.5,9.5,8.5,16230,3883,2219,5182,10127,6103,13408,687,28,2076,31,2822,2019,문화재청_궁능유적본부_4대궁_관람객_수_현황_2019년.csv
2019-07-07,2019,7,7,6,일,1,0,0,0,0,18.5,17.5,9.5,8.5,14501,3830,1624,4802,8594,5907,11281,300,73,1578,1269,3220,2019,문화재청_궁능유적본부_4대궁_관람객_수_현황_2019년.csv
2019-07-08,2019,7,8,0,월,0,0,0,3,0,18.5,17.5,9.5,8.5,13101,0,0,0,8061,5040,9122,66,7,2318,1588,3979,2019,문화재청_궁능유적본부_4대궁_관람객_수_현황_2019년.csv
2019-07-09,2019,7,9,1,화,0,1,0,0,0,18.5,17.5,9.5,8.5,332,4708,1691,5684,0,332,318,0,0,0,14,14,2019,문화재청_궁능유적본부_4대궁_관람객_수_현황_2019년.csv
2019-07-10,2019,7,10,2,수,0,0,0,0,0,18.5,17.5,9.5,8.5,13040,2628,1274,4505,8460,4580,8766,506,67,3347,354,4274,2019,문화재청_궁능유적본부_4대궁_관람객_수_현황_2019년.csv
2019-07-11,2019,7,11,3,목,0,0,0,0,0,18.5,17.5,9.5,8.5,12595,2342,834,5304,7416,5179,8989,359,159,1915,1173,3606,2019,문화재청_궁능유적본부_4대궁_관람객_수_현황_2019년.csv
2019-07-12,2019,7,12,4,금,0,0,0,0,0,18.5,17.5,9.5,8.5,13065,2976,1698,6534,8267,4798,8460,177,22,2799,1607,4605,2019,문화재청_궁능유적본부_4대궁_관람객_수_현황_2019년.csv
2019-07-13,2019,7,13,5,토,1,0,0,0,0,18.5,17.5,9.5,8.5,18236,4972,2999,7912,11857,6379,13086,54,14,3338,1744,5150,2019,문화재청_궁능유적본부_4대궁_관람객_수_현황_2019년.csv
2019-07-14,2019,7,14,6,일,1,0,0,0,0,18.5,17.5,9.5,8.5,16841,4017,1778,5407,10307,6534,13890,325,251,1826,549,2951,2019,문화재청_궁능유적본부_4대궁_관람객_수_현황_2019년.csv
2019-07-15,2019,7,15,0,월,0,0,0,3,0,18.5,17.5,9.5,8.5,10133,0,0,0,6502,3631,7665,590,88,1715,75,2468,2019,문화재청_궁능유적본부_4대궁_관람객_수_현황_2019년.csv
2019-07-16,2019,7,16,1,화,0,1,0,0,0,18.5,17.5,9.5,8.5,243,4116,1294,5912,0,243,224,0,0,0,19,19,2019,문화재청_궁능유적본부_4대궁_관람객_수_현황_2019년.csv
2019-07-17,2019,7,17,2,수,0,0,0,0,0,18.5,17.5,9.5,8.5,13538,2621,1039,4391,7990,5548,10232,404,80,2326,496,3306,2019,문화재청_궁능유적본부_4대궁_관람객_수_현황_2019년.csv
2019-07-18,2019,7,18,3,목,0,0,0,0,0,18.5,17.5,9.5,8.5,12395,2252,992,4166,7168,5227,7873,620,69,2721,1112,4522,2019,문화재청_궁능유적본부_4대궁_관람객_수_현황_2019년.csv
2019-07-19,2019,7,19,4,금,0,0,0,0,0,18.5,17.5,9.5,8.5,10386,2254,921,3154,6535,3851,6444,1635,163,884,1260,3942,2019,문화재청_궁능유적본부_4대궁_관람객_수_현황_2019년.csv
2019-07-20,2019,7,20,5,토,1,0,0,0,0,18.5,17.5,9.5,8.5,15622,3491,1784,5659,10378,5244,13102,803,138,928,651,2520,2019,문화재청_궁능유적본부_4대궁_관람객_수_현황_2019년.csv
2019-07-21,2019,7,21,6,일,1,0,0,0,0,18.5,17.5,9.5,8.5,14196,3593,1261,4641,9630,4566,11637,528,44,746,1241,2559,2019,문화재청_궁능유적본부_4대궁_관람객_수_현황_2019년.csv
2019-07-22,2019,7,22,0,월,0,0,0,3,0,18.5,17.5,9.5,8.5,14395,0,0,0,8865,5530,11032,146,89,1313,1815,3363,2019,문화재청_궁능유적본부_4대궁_관람객_수_현황_2019년.csv
2019-07-23,2019,7,23,1,화,0,1,0,0,0,18.5,17.5,9.5,8.5,385,4313,1370,5508,0,385,365,0,0,0,20,20,2019,문화재청_궁능유적본부_4대궁_관람객_수_현황_2019년.csv
2019-07-24,2019,7,24,2,수,0,0,0,0,0,18.5,17.5,9.5,8.5,13658,1937,895,3641,8874,4784,9705,225,90,3215,423,3953,2019,문화재청_궁능유적본부_4대궁_관람객_수_현황_2019년.csv
2019-07-25,2019,7,25,3,목,0,0,0,0,0,18.5,17.5,9.5,8.5,10665,1799,684,3226,7221,3444,7365,976,110,1316,898,3300,2019,문화재청_궁능유적본부_4대궁_관람객_수_현황_2019년.csv
2019-07-26,2019,7,26,4,금,0,0,0,0,0,18.5,17.5,9.5,8.5,9155,1618,709,2760,6730,2425,6783,21,3,1429,919,2372,2019,문화재청_궁능유적본부_4대궁_관람객_수_현황_2019년.csv
2019-07-27,2019,7,27,5,토,1,0,0,0,0,18.5,17.5,9.5,8.5,19612,3509,1796,5171,13546,6066,14194,921,177,2530,1790,5418,2019,문화재청_궁능유적본부_4대궁_관람객_수_현황_2019년.csv
2019-07-28,2019,7,28,6,일,1,0,0,0,0,18.5,17.5,9.5,8.5,12475,2637,1179,4080,8782,3693,8377,764,128,2155,1051,4098,2019,문화재청_궁능유적본부_4대궁_관람객_수_현황_2019년.csv
2019-07-29,2019,7,29,0,월,0,0,0,3,0,18.5,17.5,9.5,8.5,18831,0,0,0,11775,7056,14126,916,172,1880,1737,4705,2019,문화재청_궁능유적본부_4대궁_관람객_수_현황_2019년.csv
2019-07-30,2019,7,30,1,화,0,1,0,0,0,18.5,17.5,9.5,8.5,12,6000,1891,6644,0,12,6,0,0,0,6,6,2019,문화재청_궁능유적본부_4대궁_관람객_수_현황_2019년.csv
2019-07-31,2019,7,31,2,수,0,0,0,0,0,18.5,17.5,9.5,8.5,15992,2995,1603,6642,3286,12706,8435,926,349,3012,3270,7557,2019,문화재청_궁능유적본부_4대궁_관람객_수_현황_2019년.csv
2019-08-01,2019,8,1,3,목,0,0,0,0,0,18.5,17.5,9.5,8.5,18597,3639,1852,6887,12486,6111,15980,619,54,504,1440,2617,2019,문화재청_궁능유적본부_4대궁_관람객_수_현황_2019년.csv
2019-08-02,2019,8,2,4,금,0,0,0,0,0,18.5,17.5,9.5,8.5,18986,3762,1915,5634,12613,6373,16645,90,35,1002,1214,2341,2019,문화재청_궁능유적본부_4대궁_관람객_수_현황_2019년.csv
2019-08-03,2019,8,3,5,토,1,0,0,0,0,18.5,17.5,9.5,8.5,19909,3265,2164,5051,14489,5420,15930,889,122,2372,596,3979,2019,문화재청_궁능유적본부_4대궁_관람객_수_현황_2019년.csv
2019-08-04,2019,8,4,6,일,1,0,0,0,0,18.5,17.5,9.5,8.5,12917,3049,1263,3887,8563,4354,9474,613,231,1510,1089,3443,2019,문화재청_궁능유적본부_4대궁_관람객_수_현황_2019년.csv
2019-08-05,2019,8,5,0,월,0,0,0,3,0,18.5,17.5,9.5,8.5,12356,0,0,0,7708,4648,9331,689,238,1398,700,3025,2019,문화재청_궁능유적본부_4대궁_관람객_수_현황_2019년.csv
2019-08-06,2019,8,6,1,화,0,1,0,0,0,18.5,17.5,9.5,8.5,11,4929,1080,4394,-1,12,11,0,0,0,0,0,2019,문화재청_궁능유적본부_4대궁_관람객_수_현황_2019년.csv
2019-08-07,2019,8,7,2,수,0,0,0,0,0,18.5,17.5,9.5,8.5,13194,2387,1118,4240,8716,4478,10119,281,99,2083,612,3075,2019,문화재청_궁능유적본부_4대궁_관람객_수_현황_2019년.csv
2019-08-08,2019,8,8,3,목,0,0,0,0,0,18.5,17.5,9.5,8.5,14009,2947,1151,3740,8629,5380,9999,638,289,1110,1973,4010,2019,문화재청_궁능유적본부_4대궁_관람객_수_현황_2019년.csv
2019-08-09,2019,8,9,4,금,0,0,0,0,0,18.5,17.5,9.5,8.5,12440,2267,1384,4339,7783,4657,8609,606,227,1964,1034,3831,2019,문화재청_궁능유적본부_4대궁_관람객_수_현황_2019년.csv
2019-08-10,2019,8,10,5,토,1,0,0,0,0,18.5,17.5,9.5,8.5,19898,3790,2647,5213,0,19898,8596,1076,658,4704,4864,11302,2019,문화재청_궁능유적본부_4대궁_관람객_수_현황_2019년.csv
2019-08-11,2019,8,11,6,일,1,0,0,0,0,18.5,17.5,9.5,8.5,15727,3904,2011,4856,0,15727,8040,963,745,2682,3297,7687,2019,문화재청_궁능유적본부_4대궁_관람객_수_현황_2019년.csv
2019-08-12,2019,8,12,0,월,0,0,0,3,0,18.5,17.5,9.5,8.5,9251,0,0,0,0,9251,3409,611,412,2741,2078,5842,2019,문화재청_궁능유적본부_4대궁_관람객_수_현황_2019년.csv
2019-08-13,2019,8,13,1,화,0,1,0,0,0,18.5,17.5,9.5,8.5,138,7757,2551,5650,0,138,127,0,0,0,11,11,2019,문화재청_궁능유적본부_4대궁_관람객_수_현황_2019년.csv
2019-08-14,2019,8,14,2,수,0,0,0,0,0,18.5,17.5,9.5,8.5,19688,3523,1816,4341,0,19688,8357,1404,1152,4875,3900,11331,2019,문화재청_궁능유적본부_4대궁_관람객_수_현황_2019년.csv
2019-08-15,2019,8,15,3,목,0,0,0,0,1,18.5,17.5,9.5,8.5,14991,4473,2641,11289,0,14991,7131,1225,618,1940,4077,7860,2019,문화재청_궁능유적본부_4대궁_관람객_수_현황_2019년.csv
2019-08-16,2019,8,16,4,금,0,0,0,0,0,18.5,17.5,9.5,8.5,16230,5283,3121,7707,0,16230,8236,880,571,3406,3137,7994,2019,문화재청_궁능유적본부_4대궁_관람객_수_현황_2019년.csv
2019-08-17,2019,8,17,5,토,1,0,0,0,0,18.5,17.5,9.5,8.5,22999,6603,5301,10258,0,22999,10118,1442,752,5933,4754,12881,2019,문화재청_궁능유적본부_4대궁_관람객_수_현황_2019년.csv
2019-08-18,2019,8,18,6,일,1,0,0,0,0,18.5,17.5,9.5,8.5,19538,6071,3998,9876,0,19538,9350,882,462,5228,3616,10188,2019,문화재청_궁능유적본부_4대궁_관람객_수_현황_2019년.csv
2019-08-19,2019,8,19,0,월,0,0,0,3,0,18.5,17.5,9.5,8.5,15912,0,0,0,0,15912,7760,804,372,3753,3223,8152,2019,문화재청_궁능유적본부_4대궁_관람객_수_현황_2019년.csv
2019-08-20,2019,8,20,1,화,0,1,0,0,0,18.5,17.5,9.5,8.5,214,6606,2993,10712,0,214,205,0,0,0,9,9,2019,문화재청_궁능유적본부_4대궁_관람객_수_현황_2019년.csv
2019-08-21,2019,8,21,2,수,0,0,0,0,0,18.5,17.5,9.5,8.5,18896,3780,2038,5529,0,18896,8911,971,547,5344,3123,9985,2019,문화재청_궁능유적본부_4대궁_관람객_수_현황_2019년.csv
2019-08-22,2019,8,22,3,목,0,0,0,0,0,18.5,17.5,9.5,8.5,14675,3699,2205,7239,0,14675,6990,604,407,3477,3197,7685,2019,문화재청_궁능유적본부_4대궁_관람객_수_현황_2019년.csv
2019-08-23,2019,8,23,4,금,0,0,0,0,0,18.5,17.5,9.5,8.5,18746,4406,2807,7702,0,18746,8319,851,610,5329,3637,10427,2019,문화재청_궁능유적본부_4대궁_관람객_수_현황_2019년.csv
2019-08-24,2019,8,24,5,토,1,0,0,0,0,18.5,17.5,9.5,8.5,28790,8063,5898,12837,0,28790,14136,1273,923,7644,4814,14654,2019,문화재청_궁능유적본부_4대궁_관람객_수_현황_2019년.csv
2019-08-25,2019,8,25,6,일,1,0,0,0,0,18.5,17.5,9.5,8.5,21988,8240,4629,10173,0,21988,10484,1106,775,4692,4931,11504,2019,문화재청_궁능유적본부_4대궁_관람객_수_현황_2019년.csv
2019-08-26,2019,8,26,0,월,0,0,0,3,0,18.5,17.5,9.5,8.5,11851,0,0,0,7281,4570,8232,286,157,2202,974,3619,2019,문화재청_궁능유적본부_4대궁_관람객_수_현황_2019년.csv
2019-08-27,2019,8,27,1,화,0,1,0,0,0,18.5,17.5,9.5,8.5,363,6298,1954,6516,0,363,338,0,0,0,25,25,2019,문화재청_궁능유적본부_4대궁_관람객_수_현황_2019년.csv
2019-08-28,2019,8,28,2,수,0,0,0,0,0,18.5,17.5,9.5,8.5,16536,4557,2476,7736,0,16536,8179,720,782,3753,3102,8357,2019,문화재청_궁능유적본부_4대궁_관람객_수_현황_2019년.csv
2019-08-29,2019,8,29,3,목,0,0,0,0,0,18.5,17.5,9.5,8.5,8099,1397,923,3497,5033,3066,5408,226,72,1819,574,2691,2019,문화재청_궁능유적본부_4대궁_관람객_수_현황_2019년.csv
2019-08-30,2019,8,30,4,금,0,0,0,0,0,18.5,17.5,9.5,8.5,12168,3300,1635,5874,7141,5027,9247,375,204,1980,362,2921,2019,문화재청_궁능유적본부_4대궁_관람객_수_현황_2019년.csv
2019-08-31,2019,8,31,5,토,1,0,0,0,0,18.5,17.5,9.5,8.5,15862,5030,3912,9084,9556,6306,12987,379,94,1618,784,2875,2019,문화재청_궁능유적본부_4대궁_관람객_수_현황_2019년.csv
2019-09-01,2019,9,1,6,일,1,0,0,0,0,18.0,17.0,9.0,8.0,15255,4492,2344,7479,9030,6225,11647,445,156,1991,1016,3608,2019,문화재청_궁능유적본부_4대궁_관람객_수_현황_2019년.csv
2019-09-02,2019,9,2,0,월,0,0,0,3,0,18.0,17.0,9.0,8.0,10727,0,0,0,5770,4957,7895,384,125,771,1552,2832,2019,문화재청_궁능유적본부_4대궁_관람객_수_현황_2019년.csv
2019-09-03,2019,9,3,1,화,0,1,0,0,0,18.0,17.0,9.0,8.0,337,4706,1932,6072,0,337,331,0,0,0,6,6,2019,문화재청_궁능유적본부_4대궁_관람객_수_현황_2019년.csv
2019-09-04,2019,9,4,2,수,0,0,0,0,0,18.0,17.0,9.0,8.0,9489,1562,648,2324,5290,4199,5252,348,220,2546,1123,4237,2019,문화재청_궁능유적본부_4대궁_관람객_수_현황_2019년.csv
2019-09-05,2019,9,5,3,목,0,0,0,0,0,18.0,17.0,9.0,8.0,8830,1442,540,2974,5018,3812,5772,435,103,1822,698,3058,2019,문화재청_궁능유적본부_4대궁_관람객_수_현황_2019년.csv
2019-09-06,2019,9,6,4,금,0,0,0,0,0,18.0,17.0,9.0,8.0,12316,2279,901,4768,7454,4862,7583,904,212,2503,1114,4733,2019,문화재청_궁능유적본부_4대궁_관람객_수_현황_2019년.csv
2019-09-07,2019,9,7,5,토,1,0,0,0,0,18.0,17.0,9.0,8.0,657,61,36,153,548,109,415,37,16,179,10,242,2019,문화재청_궁능유적본부_4대궁_관람객_수_현황_2019년.csv
2019-09-08,2019,9,8,6,일,1,0,0,0,0,18.0,17.0,9.0,8.0,13564,2693,2205,6709,8045,5519,10951,360,124,1474,655,2613,2019,문화재청_궁능유적본부_4대궁_관람객_수_현황_2019년.csv
2019-09-09,2019,9,9,0,월,0,0,0,3,0,18.0,17.0,9.0,8.0,11024,0,0,0,5541,5483,9193,347,85,648,751,1831,2019,문화재청_궁능유적본부_4대궁_관람객_수_현황_2019년.csv
2019-09-10,2019,9,10,1,화,0,1,0,0,0,18.0,17.0,9.0,8.0,134,3079,638,3132,0,134,108,0,0,0,26,26,2019,문화재청_궁능유적본부_4대궁_관람객_수_현황_2019년.csv
2019-09-11,2019,9,11,2,수,0,0,0,0,0,18.0,17.0,9.0,8.0,12174,3219,1242,4824,6482,5692,9925,351,32,1481,385,2249,2019,문화재청_궁능유적본부_4대궁_관람객_수_현황_2019년.csv
2019-09-12,2019,9,12,3,목,0,0,0,0,1,18.0,17.0,9.0,8.0,36367,12046,6687,9789,3658,32709,25962,1613,1066,3653,4073,10405,2019,문화재청_궁능유적본부_4대궁_관람객_수_현황_2019년.csv
2019-09-13,2019,9,13,4,금,0,0,0,0,1,18.0,17.0,9.0,8.0,134187,48499,23727,26153,4013,130174,106601,6904,1619,8574,10489,27586,2019,문화재청_궁능유적본부_4대궁_관람객_수_현황_2019년.csv
2019-09-14,2019,9,14,5,토,1,0,0,0,1,18.0,17.0,9.0,8.0,93184,32602,14798,19734,3791,89393,63819,6840,2286,5217,15022,29365,2019,문화재청_궁능유적본부_4대궁_관람객_수_현황_2019년.csv
2019-09-15,2019,9,15,6,일,1,0,0,0,0,18.0,17.0,9.0,8.0,51546,25025,8757,16011,2629,48917,30923,2700,1537,7628,8758,20623,2019,문화재청_궁능유적본부_4대궁_관람객_수_현황_2019년.csv
2019-09-16,2019,9,16,0,월,0,0,0,3,0,18.0,17.0,9.0,8.0,10478,0,0,0,5543,4935,7876,712,72,1192,626,2602,2019,문화재청_궁능유적본부_4대궁_관람객_수_현황_2019년.csv
2019-09-17,2019,9,17,1,화,0,1,0,0,0,18.0,17.0,9.0,8.0,103,6206,2407,7534,0,103,71,0,0,0,32,32,2019,문화재청_궁능유적본부_4대궁_관람객_수_현황_2019년.csv
2019-09-18,2019,9,18,2,수,0,0,0,0,0,18.0,17.0,9.0,8.0,19290,3739,1906,6319,8446,10844,14623,795,228,2699,945,4667,2019,문화재청_궁능유적본부_4대궁_관람객_수_현황_2019년.csv
2019-09-19,2019,9,19,3,목,0,0,0,0,0,18.0,17.0,9.0,8.0,18177,3378,1968,7344,8073,10104,13026,244,18,3390,1499,5151,2019,문화재청_궁능유적본부_4대궁_관람객_수_현황_2019년.csv
2019-09-20,2019,9,20,4,금,0,0,0,0,0,18.0,17.0,9.0,8.0,17375,4777,2693,7715,8840,8535,10815,559,69,2689,3243,6560,2019,문화재청_궁능유적본부_4대궁_관람객_수_현황_2019년.csv
2019-09-21,2019,9,21,5,토,1,0,0,0,0,18.0,17.0,9.0,8.0,25455,6928,4412,12046,13253,12202,20036,533,87,2215,2584,5419,2019,문화재청_궁능유적본부_4대궁_관람객_수_현황_2019년.csv
2019-09-22,2019,9,22,6,일,1,0,0,0,0,18.0,17.0,9.0,8.0,15404,3473,1162,4706,10972,4432,11033,644,265,1183,2279,4371,2019,문화재청_궁능유적본부_4대궁_관람객_수_현황_2019년.csv
2019-09-23,2019,9,23,0,월,0,0,0,3,0,18.0,17.0,9.0,8.0,17645,0,0,0,10127,7518,15790,173,83,431,1168,1855,2019,문화재청_궁능유적본부_4대궁_관람객_수_현황_2019년.csv
2019-09-24,2019,9,24,1,화,0,1,0,0,0,18.0,17.0,9.0,8.0,118,8202,3013,8733,0,118,108,0,0,0,10,10,2019,문화재청_궁능유적본부_4대궁_관람객_수_현황_2019년.csv
2019-09-25,2019,9,25,2,수,0,0,0,0,0,18.0,17.0,9.0,8.0,24252,8437,4118,12103,2088,22164,13560,1055,524,4704,4409,10692,2019,문화재청_궁능유적본부_4대궁_관람객_수_현황_2019년.csv
2019-09-26,2019,9,26,3,목,0,0,0,0,0,18.0,17.0,9.0,8.0,19242,4893,2489,6859,9080,10162,14514,835,182,1459,2252,4728,2019,문화재청_궁능유적본부_4대궁_관람객_수_현황_2019년.csv
2019-09-27,2019,9,27,4,금,0,0,0,0,0,18.0,17.0,9.0,8.0,21973,5083,1883,8243,11607,10366,17676,935,148,1698,1516,4297,2019,문화재청_궁능유적본부_4대궁_관람객_수_현황_2019년.csv
2019-09-28,2019,9,28,5,토,1,0,0,0,0,18.0,17.0,9.0,8.0,26729,7610,5345,10797,16329,10400,21412,935,239,1343,2800,5317,2019,문화재청_궁능유적본부_4대궁_관람객_수_현황_2019년.csv
2019-09-29,2019,9,29,6,일,1,0,0,0,0,18.0,17.0,9.0,8.0,22228,7386,3181,8192,14892,7336,19639,191,74,1076,1248,2589,2019,문화재청_궁능유적본부_4대궁_관람객_수_현황_2019년.csv
2019-09-30,2019,9,30,0,월,0,0,0,3,0,18.0,17.0,9.0,8.0,21101,0,0,0,10755,10346,17468,397,521,1774,941,3633,2019,문화재청_궁능유적본부_4대궁_관람객_수_현황_2019년.csv
2019-10-01,2019,10,1,1,화,0,1,0,0,0,18.0,17.0,9.0,8.0,270,8230,2938,8292,0,270,251,0,0,0,19,19,2019,문화재청_궁능유적본부_4대궁_관람객_수_현황_2019년.csv
2019-10-02,2019,10,2,2,수,0,0,0,0,0,18.0,17.0,9.0,8.0,22241,3668,1059,3011,14493,7748,17403,264,226,3559,789,4838,2019,문화재청_궁능유적본부_4대궁_관람객_수_현황_2019년.csv
2019-10-03,2019,10,3,3,목,0,0,0,0,1,18.0,17.0,9.0,8.0,22060,6804,3743,11797,14119,7941,19347,210,71,1737,695,2713,2019,문화재청_궁능유적본부_4대궁_관람객_수_현황_2019년.csv
2019-10-04,2019,10,4,4,금,0,0,0,0,0,18.0,17.0,9.0,8.0,27394,7216,3524,10435,17065,10329,22342,319,52,3543,1138,5052,2019,문화재청_궁능유적본부_4대궁_관람객_수_현황_2019년.csv
2019-10-05,2019,10,5,5,토,1,0,0,0,0,18.0,17.0,9.0,8.0,27427,8961,4706,11683,17138,10289,23448,359,218,2077,1325,3979,2019,문화재청_궁능유적본부_4대궁_관람객_수_현황_2019년.csv
2019-10-06,2019,10,6,6,일,1,0,0,0,0,18.0,17.0,9.0,8.0,19529,9398,3507,8829,11918,7611,17143,397,30,1513,446,2386,2019,문화재청_궁능유적본부_4대궁_관람객_수_현황_2019년.csv
2019-10-07,2019,10,7,0,월,0,0,0,3,0,18.0,17.0,9.0,8.0,6398,0,0,0,3673,2725,5462,156,42,532,206,936,2019,문화재청_궁능유적본부_4대궁_관람객_수_현황_2019년.csv
2019-10-08,2019,10,8,1,화,0,1,0,0,0,18.0,17.0,9.0,8.0,249,9172,2641,11022,0,249,220,0,0,0,29,29,2019,문화재청_궁능유적본부_4대궁_관람객_수_현황_2019년.csv
2019-10-09,2019,10,9,2,수,0,0,0,0,1,18.0,17.0,9.0,8.0,19244,9874,5066,12797,9869,9375,17324,222,19,997,682,1920,2019,문화재청_궁능유적본부_4대궁_관람객_수_현황_2019년.csv
2019-10-10,2019,10,10,3,목,0,0,0,0,0,18.0,17.0,9.0,8.0,16886,9116,1687,6849,7888,8998,11825,858,121,2407,1675,5061,2019,문화재청_궁능유적본부_4대궁_관람객_수_현황_2019년.csv
2019-10-11,2019,10,11,4,금,0,0,0,0,0,18.0,17.0,9.0,8.0,18914,6076,3500,8889,8399,10515,17248,294,45,248,1079,1666,2019,문화재청_궁능유적본부_4대궁_관람객_수_현황_2019년.csv
2019-10-12,2019,10,12,5,토,1,0,0,0,0,18.0,17.0,9.0,8.0,23887,9133,5325,16160,13528,10359,18581,596,159,1638,2913,5306,2019,문화재청_궁능유적본부_4대궁_관람객_수_현황_2019년.csv
2019-10-13,2019,10,13,6,일,1,0,0,0,0,18.0,17.0,9.0,8.0,21975,7979,3820,12404,13189,8786,17328,544,328,1119,2656,4647,2019,문화재청_궁능유적본부_4대궁_관람객_수_현황_2019년.csv
2019-10-14,2019,10,14,0,월,0,0,0,3,0,18.0,17.0,9.0,8.0,16121,0,0,0,8984,7137,12241,822,344,840,1874,3880,2019,문화재청_궁능유적본부_4대궁_관람객_수_현황_2019년.csv
2019-10-15,2019,10,15,1,화,0,1,0,0,0,18.0,17.0,9.0,8.0,267,10220,3048,10790,0,267,263,0,0,0,4,4,2019,문화재청_궁능유적본부_4대궁_관람객_수_현황_2019년.csv
2019-10-16,2019,10,16,2,수,0,0,0,0,0,18.0,17.0,9.0,8.0,23305,7014,1872,8832,9814,13491,17955,342,50,2232,2726,5350,2019,문화재청_궁능유적본부_4대궁_관람객_수_현황_2019년.csv
2019-10-17,2019,10,17,3,목,0,0,0,0,0,18.0,17.0,9.0,8.0,22734,6514,2245,9189,9618,13116,18711,239,108,1903,1773,4023,2019,문화재청_궁능유적본부_4대궁_관람객_수_현황_2019년.csv
2019-10-18,2019,10,18,4,금,0,0,0,0,0,18.0,17.0,9.0,8.0,22703,8541,3408,11489,9320,13383,17580,429,284,1322,3088,5123,2019,문화재청_궁능유적본부_4대궁_관람객_수_현황_2019년.csv
2019-10-19,2019,10,19,5,토,1,0,0,0,0,18.0,17.0,9.0,8.0,24110,13373,6385,15331,14698,9412,17187,735,294,3015,2879,6923,2019,문화재청_궁능유적본부_4대궁_관람객_수_현황_2019년.csv
2019-10-20,2019,10,20,6,일,1,0,0,0,0,18.0,17.0,9.0,8.0,25856,10747,4547,11737,16629,9227,21310,749,234,2175,1388,4546,2019,문화재청_궁능유적본부_4대궁_관람객_수_현황_2019년.csv
2019-10-21,2019,10,21,0,월,0,0,0,3,0,18.0,17.0,9.0,8.0,19991,0,0,0,11187,8804,18363,93,66,735,734,1628,2019,문화재청_궁능유적본부_4대궁_관람객_수_현황_2019년.csv
2019-10-22,2019,10,22,1,화,0,1,0,0,0,18.0,17.0,9.0,8.0,153,12268,3356,12456,0,153,134,0,0,0,19,19,2019,문화재청_궁능유적본부_4대궁_관람객_수_현황_2019년.csv
2019-10-23,2019,10,23,2,수,0,0,0,0,0,18.0,17.0,9.0,8.0,24180,7341,2863,10225,12761,11419,20280,404,132,2104,1260,3900,2019,문화재청_궁능유적본부_4대궁_관람객_수_현황_2019년.csv
2019-10-24,2019,10,24,3,목,0,0,0,0,0,18.0,17.0,9.0,8.0,24664,8864,3133,10061,13705,10959,19242,417,183,2485,2337,5422,2019,문화재청_궁능유적본부_4대궁_관람객_수_현황_2019년.csv
2019-10-25,2019,10,25,4,금,0,0,0,0,0,18.0,17.0,9.0,8.0,25077,9913,4787,16800,13408,11669,20638,167,200,2346,1726,4439,2019,문화재청_궁능유적본부_4대궁_관람객_수_현황_2019년.csv
2019-10-26,2019,10,26,5,토,1,0,0,0,0,18.0,17.0,9.0,8.0,31912,14968,7045,27538,19955,11957,26930,729,133,2711,1409,4982,2019,문화재청_궁능유적본부_4대궁_관람객_수_현황_2019년.csv
2019-10-27,2019,10,27,6,일,1,0,0,0,0,18.0,17.0,9.0,8.0,27016,13764,6390,17011,17757,9259,20236,356,187,3101,3136,6780,2019,문화재청_궁능유적본부_4대궁_관람객_수_현황_2019년.csv
2019-10-28,2019,10,28,0,월,0,0,0,3,0,18.0,17.0,9.0,8.0,20157,0,0,0,12270,7887,13521,833,197,3655,1951,6636,2019,문화재청_궁능유적본부_4대궁_관람객_수_현황_2019년.csv
2019-10-29,2019,10,29,1,화,0,1,0,0,0,18.0,17.0,9.0,8.0,344,13115,3278,11743,0,344,334,0,0,0,10,10,2019,문화재청_궁능유적본부_4대궁_관람객_수_현황_2019년.csv
2019-10-30,2019,10,30,2,수,0,0,0,0,0,18.0,17.0,9.0,8.0,26458,16954,6794,16077,1499,24959,14329,1187,549,5537,4856,12129,2019,문화재청_궁능유적본부_4대궁_관람객_수_현황_2019년.csv
2019-10-31,2019,10,31,3,목,0,0,0,0,0,18.0,17.0,9.0,8.0,21321,9187,2913,10241,11508,9813,17114,721,11,2730,745,4207,2019,문화재청_궁능유적본부_4대궁_관람객_수_현황_2019년.csv
2019-11-01,2019,11,1,4,금,0,0,0,0,0,17.0,16.0,8.0,7.0,19258,10426,3477,9840,11049,8209,15652,1453,98,843,1212,3606,2019,문화재청_궁능유적본부_4대궁_관람객_수_현황_2019년.csv
2019-11-02,2019,11,2,5,토,1,0,0,0,0,17.0,16.0,8.0,7.0,28978,17817,8052,16892,18550,10428,21688,1569,149,4020,1552,7290,2019,문화재청_궁능유적본부_4대궁_관람객_수_현황_2019년.csv
2019-11-03,2019,11,3,6,일,1,0,0,0,0,17.0,16.0,8.0,7.0,23797,14295,6842,14522,15507,8290,19896,468,218,319,2896,3901,2019,문화재청_궁능유적본부_4대궁_관람객_수_현황_2019년.csv
2019-11-04,2019,11,4,0,월,0,0,0,3,0,17.0,16.0,8.0,7.0,16807,0,0,0,10542,6265,13084,817,247,618,2041,3723,2019,문화재청_궁능유적본부_4대궁_관람객_수_현황_2019년.csv
2019-11-05,2019,11,5,1,화,0,1,0,0,0,17.0,16.0,8.0,7.0,424,11610,4158,11842,0,424,404,0,0,0,20,20,2019,문화재청_궁능유적본부_4대궁_관람객_수_현황_2019년.csv
2019-11-06,2019,11,6,2,수,0,0,0,0,0,17.0,16.0,8.0,7.0,20166,9885,3369,10437,12273,7893,16295,786,382,1149,1554,3871,2019,문화재청_궁능유적본부_4대궁_관람객_수_현황_2019년.csv
2019-11-07,2019,11,7,3,목,0,0,0,0,0,17.0,16.0,8.0,7.0,14426,9269,3736,10476,7881,6545,10326,528,91,2237,1244,4100,2019,문화재청_궁능유적본부_4대궁_관람객_수_현황_2019년.csv
2019-11-08,2019,11,8,4,금,0,0,0,0,0,17.0,16.0,8.0,7.0,14906,10508,3911,10002,8052,6854,12343,500,172,1207,684,2563,2019,문화재청_궁능유적본부_4대궁_관람객_수_현황_2019년.csv
2019-11-09,2019,11,9,5,토,1,0,0,0,0,17.0,16.0,8.0,7.0,24376,18020,9607,18733,13324,11052,19221,661,151,2954,1389,5155,2019,문화재청_궁능유적본부_4대궁_관람객_수_현황_2019년.csv
2019-11-10,2019,11,10,6,일,1,0,0,0,0,17.0,16.0,8.0,7.0,19053,15315,7054,12965,11545,7508,15395,1130,76,854,1598,3658,2019,문화재청_궁능유적본부_4대궁_관람객_수_현황_2019년.csv
2019-11-11,2019,11,11,0,월,0,0,0,3,0,17.0,16.0,8.0,7.0,14266,0,0,0,8112,6154,10981,737,115,948,1485,3285,2019,문화재청_궁능유적본부_4대궁_관람객_수_현황_2019년.csv
2019-11-12,2019,11,12,1,화,0,1,0,0,0,17.0,16.0,8.0,7.0,316,10214,4419,13227,0,316,309,0,0,0,7,7,2019,문화재청_궁능유적본부_4대궁_관람객_수_현황_2019년.csv
2019-11-13,2019,11,13,2,수,0,0,0,0,0,17.0,16.0,8.0,7.0,11259,4329,1381,4131,6596,4663,8228,1116,70,935,910,3031,2019,문화재청_궁능유적본부_4대궁_관람객_수_현황_2019년.csv
2019-11-14,2019,11,14,3,목,0,0,0,0,0,17.0,16.0,8.0,7.0,13242,5225,2380,6887,7168,6074,10938,368,109,658,1169,2304,2019,문화재청_궁능유적본부_4대궁_관람객_수_현황_2019년.csv
2019-11-15,2019,11,15,4,금,0,0,0,0,0,17.0,16.0,8.0,7.0,10285,3903,1126,4678,5603,4682,8295,273,77,669,971,1990,2019,문화재청_궁능유적본부_4대궁_관람객_수_현황_2019년.csv
2019-11-16,2019,11,16,5,토,1,0,0,0,0,17.0,16.0,8.0,7.0,20955,11724,7102,19017,12405,8550,18521,760,111,711,852,2434,2019,문화재청_궁능유적본부_4대궁_관람객_수_현황_2019년.csv
2019-11-17,2019,11,17,6,일,1,0,0,0,0,17.0,16.0,8.0,7.0,11288,4598,1538,6246,7205,4083,8220,351,76,1288,1353,3068,2019,문화재청_궁능유적본부_4대궁_관람객_수_현황_2019년.csv
2019-11-18,2019,11,18,0,월,0,0,0,3,0,17.0,16.0,8.0,7.0,13232,0,0,0,7573,5659,10462,465,112,1204,989,2770,2019,문화재청_궁능유적본부_4대궁_관람객_수_현황_2019년.csv
2019-11-19,2019,11,19,1,화,0,1,0,0,0,17.0,16.0,8.0,7.0,351,5759,1473,7370,0,351,351,0,0,0,0,0,2019,문화재청_궁능유적본부_4대궁_관람객_수_현황_2019년.csv
2019-11-20,2019,11,20,2,수,0,0,0,0,0,17.0,16.0,8.0,7.0,13559,3905,1382,5725,7497,6062,11104,393,111,621,1330,2455,2019,문화재청_궁능유적본부_4대궁_관람객_수_현황_2019년.csv
2019-11-21,2019,11,21,3,목,0,0,0,0,0,17.0,16.0,8.0,7.0,12166,4068,1590,7359,6966,5200,9284,136,54,1604,1088,2882,2019,문화재청_궁능유적본부_4대궁_관람객_수_현황_2019년.csv
2019-11-22,2019,11,22,4,금,0,0,0,0,0,17.0,16.0,8.0,7.0,14519,4685,2332,8108,7507,7012,11072,524,86,1460,1377,3447,2019,문화재청_궁능유적본부_4대궁_관람객_수_현황_2019년.csv
2019-11-23,2019,11,23,5,토,1,0,0,0,0,17.0,16.0,8.0,7.0,20354,7753,5132,14239,11600,8754,16502,647,102,1696,1407,3852,2019,문화재청_궁능유적본부_4대궁_관람객_수_현황_2019년.csv
2019-11-24,2019,11,24,6,일,1,0,0,0,0,17.0,16.0,8.0,7.0,13554,4905,2146,6892,8946,4608,9319,413,96,1391,2335,4235,2019,문화재청_궁능유적본부_4대궁_관람객_수_현황_2019년.csv
2019-11-25,2019,11,25,0,월,0,0,0,3,0,17.0,16.0,8.0,7.0,11577,0,0,0,7085,4492,8000,934,113,785,1745,3577,2019,문화재청_궁능유적본부_4대궁_관람객_수_현황_2019년.csv
2019-11-26,2019,11,26,1,화,0,1,0,0,0,17.0,16.0,8.0,7.0,499,5867,2269,9062,0,499,488,0,0,0,11,11,2019,문화재청_궁능유적본부_4대궁_관람객_수_현황_2019년.csv
2019-11-27,2019,11,27,2,수,0,0,0,0,0,17.0,16.0,8.0,7.0,17274,7437,3120,9383,0,17274,8956,985,544,3428,3361,8318,2019,문화재청_궁능유적본부_4대궁_관람객_수_현황_2019년.csv
2019-11-28,2019,11,28,3,목,0,0,0,0,0,17.0,16.0,8.0,7.0,13798,3425,1485,5717,7252,6546,9979,462,50,1303,2004,3819,2019,문화재청_궁능유적본부_4대궁_관람객_수_현황_2019년.csv
2019-11-29,2019,11,29,4,금,0,0,0,0,0,17.0,16.0,8.0,7.0,12796,3298,1870,6843,6857,5939,10489,287,15,496,1509,2307,2019,문화재청_궁능유적본부_4대궁_관람객_수_현황_2019년.csv
2019-11-30,2019,11,30,5,토,1,0,0,0,0,17.0,16.0,8.0,7.0,16894,6218,2950,8786,10303,6591,11812,601,95,1452,2934,5082,2019,문화재청_궁능유적본부_4대궁_관람객_수_현황_2019년.csv
2019-12-01,2019,12,1,6,일,1,0,0,0,0,17.0,16.0,8.0,7.0,9089,2859,772,3047,6347,2742,5332,503,128,1717,1409,3757,2019,문화재청_궁능유적본부_4대궁_관람객_수_현황_2019년.csv
2019-12-02,2019,12,2,0,월,0,0,0,3,0,17.0,16.0,8.0,7.0,11515,0,0,0,5944,5571,8062,519,74,1272,1588,3453,2019,문화재청_궁능유적본부_4대궁_관람객_수_현황_2019년.csv
2019-12-03,2019,12,3,1,화,0,1,0,0,0,17.0,16.0,8.0,7.0,409,3213,831,5857,0,409,401,0,0,0,8,8,2019,문화재청_궁능유적본부_4대궁_관람객_수_현황_2019년.csv
2019-12-04,2019,12,4,2,수,0,0,0,0,0,17.0,16.0,8.0,7.0,9926,2285,919,4441,5528,4398,6630,210,77,1718,1291,3296,2019,문화재청_궁능유적본부_4대궁_관람객_수_현황_2019년.csv
2019-12-05,2019,12,5,3,목,0,0,0,0,0,17.0,16.0,8.0,7.0,9361,1893,559,2616,5174,4187,6995,95,38,882,1351,2366,2019,문화재청_궁능유적본부_4대궁_관람객_수_현황_2019년.csv
2019-12-06,2019,12,6,4,금,0,0,0,0,0,17.0,16.0,8.0,7.0,10204,1952,647,3036,5516,4688,6982,469,135,1644,974,3222,2019,문화재청_궁능유적본부_4대궁_관람객_수_현황_2019년.csv
2019-12-07,2019,12,7,5,토,1,0,0,0,0,17.0,16.0,8.0,7.0,13894,3373,1332,6376,9066,4828,9765,202,113,2011,1803,4129,2019,문화재청_궁능유적본부_4대궁_관람객_수_현황_2019년.csv
2019-12-08,2019,12,8,6,일,1,0,0,0,0,17.0,16.0,8.0,7.0,13487,4175,1366,5743,9023,4464,9169,357,203,2004,1754,4318,2019,문화재청_궁능유적본부_4대궁_관람객_수_현황_2019년.csv
2019-12-09,2019,12,9,0,월,0,0,0,3,0,17.0,16.0,8.0,7.0,10825,0,0,0,5910,4915,8322,549,146,857,951,2503,2019,문화재청_궁능유적본부_4대궁_관람객_수_현황_2019년.csv
2019-12-10,2019,12,10,1,화,0,1,0,0,0,17.0,16.0,8.0,7.0,253,2948,722,4723,0,253,229,0,0,0,24,24,2019,문화재청_궁능유적본부_4대궁_관람객_수_현황_2019년.csv
2019-12-11,2019,12,11,2,수,0,0,0,0,0,17.0,16.0,8.0,7.0,11438,1663,681,3859,5910,5528,7821,1166,41,1159,1251,3617,2019,문화재청_궁능유적본부_4대궁_관람객_수_현황_2019년.csv
2019-12-12,2019,12,12,3,목,0,0,0,0,0,17.0,16.0,8.0,7.0,10275,1443,601,4717,6089,4186,7897,215,67,951,1145,2378,2019,문화재청_궁능유적본부_4대궁_관람객_수_현황_2019년.csv
2019-12-13,2019,12,13,4,금,0,0,0,0,0,17.0,16.0,8.0,7.0,11487,2074,926,4652,7137,4350,8564,724,55,1229,915,2923,2019,문화재청_궁능유적본부_4대궁_관람객_수_현황_2019년.csv
2019-12-14,2019,12,14,5,토,1,0,0,0,0,17.0,16.0,8.0,7.0,15685,4164,2063,7650,9315,6370,11208,686,86,2500,1205,4477,2019,문화재청_궁능유적본부_4대궁_관람객_수_현황_2019년.csv
2019-12-15,2019,12,15,6,일,1,0,0,0,0,17.0,16.0,8.0,7.0,15663,4259,1747,6461,9684,5979,12519,125,134,1533,1352,3144,2019,문화재청_궁능유적본부_4대궁_관람객_수_현황_2019년.csv
2019-12-16,2019,12,16,0,월,0,0,0,3,0,17.0,16.0,8.0,7.0,12138,0,0,0,6663,5475,9724,270,77,870,1197,2414,2019,문화재청_궁능유적본부_4대궁_관람객_수_현황_2019년.csv
2019-12-17,2019,12,17,1,화,0,1,0,0,0,17.0,16.0,8.0,7.0,221,2621,861,6022,0,221,221,0,0,0,0,0,2019,문화재청_궁능유적본부_4대궁_관람객_수_현황_2019년.csv
2019-12-18,2019,12,18,2,수,0,0,0,0,0,17.0,16.0,8.0,7.0,12348,2262,833,5314,7189,5159,9351,261,113,1269,1354,2997,2019,문화재청_궁능유적본부_4대궁_관람객_수_현황_2019년.csv
2019-12-19,2019,12,19,3,목,0,0,0,0,0,17.0,16.0,8.0,7.0,10901,1807,850,4174,5912,4989,7227,135,28,1866,1645,3674,2019,문화재청_궁능유적본부_4대궁_관람객_수_현황_2019년.csv
2019-12-20,2019,12,20,4,금,0,0,0,0,0,17.0,16.0,8.0,7.0,12149,1976,744,4109,6843,5306,7855,514,83,1925,1772,4294,2019,문화재청_궁능유적본부_4대궁_관람객_수_현황_2019년.csv
2019-12-21,2019,12,21,5,토,1,0,0,0,0,17.0,16.0,8.0,7.0,13000,3048,1062,5630,8551,4449,9633,358,139,1795,1075,3367,2019,문화재청_궁능유적본부_4대궁_관람객_수_현황_2019년.csv
2019-12-22,2019,12,22,6,일,1,0,0,0,0,17.0,16.0,8.0,7.0,14965,3666,1528,6370,9631,5334,10118,1040,169,1610,2028,4847,2019,문화재청_궁능유적본부_4대궁_관람객_수_현황_2019년.csv
2019-12-23,2019,12,23,0,월,0,0,0,3,0,17.0,16.0,8.0,7.0,11944,0,0,0,7974,3970,7173,1354,129,1504,1784,4771,2019,문화재청_궁능유적본부_4대궁_관람객_수_현황_2019년.csv
2019-12-24,2019,12,24,1,화,0,1,0,0,0,17.0,16.0,8.0,7.0,390,4451,1275,6561,0,390,373,0,0,0,17,17,2019,문화재청_궁능유적본부_4대궁_관람객_수_현황_2019년.csv
2019-12-25,2019,12,25,2,수,0,0,0,0,1,17.0,16.0,8.0,7.0,23518,5327,2966,12707,0,23518,12301,1221,531,4687,4778,11217,2019,문화재청_궁능유적본부_4대궁_관람객_수_현황_2019년.csv
2019-12-26,2019,12,26,3,목,0,0,0,0,0,17.0,16.0,8.0,7.0,11113,2244,972,3818,6900,4213,7544,629,131,1311,1498,3569,2019,문화재청_궁능유적본부_4대궁_관람객_수_현황_2019년.csv
2019-12-27,2019,12,27,4,금,0,0,0,0,0,17.0,16.0,8.0,7.0,12023,2276,843,4126,7694,4329,8637,835,115,1070,1366,3386,2019,문화재청_궁능유적본부_4대궁_관람객_수_현황_2019년.csv
2019-12-28,2019,12,28,5,토,1,0,0,0,0,17.0,16.0,8.0,7.0,18137,4017,1785,6968,11311,6826,13631,1016,80,1771,1639,4506,2019,문화재청_궁능유적본부_4대궁_관람객_수_현황_2019년.csv
2019-12-29,2019,12,29,6,일,1,0,0,0,0,17.0,16.0,8.0,7.0,16608,4500,1401,5762,10416,6192,12807,354,107,1358,1982,3801,2019,문화재청_궁능유적본부_4대궁_관람객_수_현황_2019년.csv
2019-12-30,2019,12,30,0,월,0,0,0,3,0,17.0,16.0,8.0,7.0,16504,0,0,0,11505,4999,13073,548,177,432,2274,3431,2019,문화재청_궁능유적본부_4대궁_관람객_수_현황_2019년.csv
2019-12-31,2019,12,31,1,화,0,1,0,0,0,17.0,16.0,8.0,7.0,176,9861,798,3654,0,176,170,0,0,0,6,6,2019,문화재청_궁능유적본부_4대궁_관람객_수_현황_2019년.csv
2020-01-01,2020,1,1,2,수,0,0,0,0,1,17.0,16.0,8.0,7.0,19158,3630,1394,3800,11632,7526,13521,635,107,2957,1938,5637,2020,문화재청_궁능원_관람객_수_현황(2020년).csv
2020-01-02,2020,1,2,3,목,0,0,0,0,0,17.0,16.0,8.0,7.0,10956,2162,840,3033,6908,4048,8242,274,64,1259,1117,2714,2020,문화재청_궁능원_관람객_수_현황(2020년).csv
2020-01-03,2020,1,3,4,금,0,0,0,0,0,17.0,16.0,8.0,7.0,10465,2209,870,3708,5956,4509,8013,482,93,190,1687,2452,2020,문화재청_궁능원_관람객_수_현황(2020년).csv
2020-01-04,2020,1,4,5,토,1,0,0,0,0,17.0,16.0,8.0,7.0,13001,3280,1608,5987,7625,5376,10375,509,102,1036,979,2626,2020,문화재청_궁능원_관람객_수_현황(2020년).csv
2020-01-05,2020,1,5,6,일,1,0,0,0,0,17.0,16.0,8.0,7.0,11476,2827,1268,4882,7068,4408,9232,227,105,1148,764,2244,2020,문화재청_궁능원_관람객_수_현황(2020년).csv
2020-01-06,2020,1,6,0,월,0,0,0,3,0,17.0,16.0,8.0,7.0,6137,0,0,0,3971,2166,4149,120,119,1149,600,1988,2020,문화재청_궁능원_관람객_수_현황(2020년).csv
2020-01-07,2020,1,7,1,화,0,1,0,0,0,17.0,16.0,8.0,7.0,182,1279,372,1746,0,182,178,0,0,0,4,4,2020,문화재청_궁능원_관람객_수_현황(2020년).csv
2020-01-08,2020,1,8,2,수,0,0,0,0,0,17.0,16.0,8.0,7.0,9642,1312,515,2802,6552,3090,5301,191,118,2362,1670,4341,2020,문화재청_궁능원_관람객_수_현황(2020년).csv
2020-01-09,2020,1,9,3,목,0,0,0,0,0,17.0,16.0,8.0,7.0,8322,1685,831,3908,4985,3337,5577,491,142,1116,996,2745,2020,문화재청_궁능원_관람객_수_현황(2020년).csv
2020-01-10,2020,1,10,4,금,0,0,0,0,0,17.0,16.0,8.0,7.0,10351,1629,778,3894,6546,3805,7598,121,68,1978,586,2753,2020,문화재청_궁능원_관람객_수_현황(2020년).csv
2020-01-11,2020,1,11,5,토,1,0,0,0,0,17.0,16.0,8.0,7.0,11426,2935,1462,6415,6562,4864,9343,102,30,1012,939,2083,2020,문화재청_궁능원_관람객_수_현황(2020년).csv
2020-01-12,2020,1,12,6,일,1,0,0,0,0,17.0,16.0,8.0,7.0,12772,2885,1244,5042,8461,4311,10206,307,81,354,1824,2566,2020,문화재청_궁능원_관람객_수_현황(2020년).csv
2020-01-13,2020,1,13,0,월,0,0,0,3,0,17.0,16.0,8.0,7.0,8067,0,0,0,5264,2803,4942,361,62,993,1709,3125,2020,문화재청_궁능원_관람객_수_현황(2020년).csv
2020-01-14,2020,1,14,1,화,0,1,0,0,0,17.0,16.0,8.0,7.0,50,3105,887,4986,0,50,50,0,0,0,0,0,2020,문화재청_궁능원_관람객_수_현황(2020년).csv
2020-01-15,2020,1,15,2,수,0,0,0,0,0,17.0,16.0,8.0,7.0,9782,1561,655,3283,5963,3819,7884,228,9,366,1295,1898,2020,문화재청_궁능원_관람객_수_현황(2020년).csv
2020-01-16,2020,1,16,3,목,0,0,0,0,0,17.0,16.0,8.0,7.0,8769,1578,698,3671,4791,3978,7314,266,53,568,568,1455,2020,문화재청_궁능원_관람객_수_현황(2020년).csv
2020-01-17,2020,1,17,4,금,0,0,0,0,0,17.0,16.0,8.0,7.0,9394,1600,767,4257,5658,3736,7668,43,11,1332,340,1726,2020,문화재청_궁능원_관람객_수_현황(2020년).csv
2020-01-18,2020,1,18,5,토,1,0,0,0,0,17.0,16.0,8.0,7.0,13948,2925,1504,5770,8936,5012,9754,451,68,2207,1468,4194,2020,문화재청_궁능원_관람객_수_현황(2020년).csv
2020-01-19,2020,1,19,6,일,1,0,0,0,0,17.0,16.0,8.0,7.0,11994,2451,981,5510,7627,4367,9773,327,92,1101,701,2221,2020,문화재청_궁능원_관람객_수_현황(2020년).csv
2020-01-20,2020,1,20,0,월,0,0,0,3,0,17.0,16.0,8.0,7.0,9590,0,0,0,5908,3682,7634,181,120,790,865,1956,2020,문화재청_궁능원_관람객_수_현황(2020년).csv
2020-01-21,2020,1,21,1,화,0,1,0,0,0,17.0,16.0,8.0,7.0,7,3011,870,4663,0,7,7,0,0,0,0,0,2020,문화재청_궁능원_관람객_수_현황(2020년).csv
2020-01-22,2020,1,22,2,수,0,0,0,0,0,17.0,16.0,8.0,7.0,6988,1020,709,3322,4411,2577,4280,223,145,1655,685,2708,2020,문화재청_궁능원_관람객_수_현황(2020년).csv
2020-01-23,2020,1,23,3,목,0,0,0,0,0,17.0,16.0,8.0,7.0,6457,986,621,3515,4384,2073,4183,220,90,976,988,2274,2020,문화재청_궁능원_관람객_수_현황(2020년).csv
2020-01-24,2020,1,24,4,금,0,0,0,0,1,17.0,16.0,8.0,7.0,19951,6702,3534,6484,0,19951,11030,803,411,4225,3482,8921,2020,문화재청_궁능원_관람객_수_현황(2020년).csv
2020-01-25,2020,1,25,5,토,1,0,0,0,1,17.0,16.0,8.0,7.0,54684,16211,9984,13583,0,54684,47713,1016,514,2646,2795,6971,2020,문화재청_궁능원_관람객_수_현황(2020년).csv
2020-01-26,2020,1,26,6,일,1,0,0,0,1,17.0,16.0,8.0,7.0,44828,19123,8037,13055,0,44828,23732,3193,1894,5728,10281,21096,2020,문화재청_궁능원_관람객_수_현황(2020년).csv
2020-01-27,2020,1,27,0,월,0,0,0,0,1,17.0,16.0,8.0,7.0,34023,5147,2694,4992,0,34023,15242,2725,437,6348,9271,18781,2020,문화재청_궁능원_관람객_수_현황(2020년).csv
2020-01-28,2020,1,28,1,화,0,1,0,0,0,17.0,16.0,8.0,7.0,353,2344,640,3581,0,353,349,0,0,0,4,4,2020,문화재청_궁능원_관람객_수_현황(2020년).csv
2020-01-29,2020,1,29,2,수,0,0,0,0,0,17.0,16.0,8.0,7.0,12292,2845,1227,5326,0,12292,3839,533,414,1985,5521,8453,2020,문화재청_궁능원_관람객_수_현황(2020년).csv
2020-01-30,2020,1,30,3,목,0,0,0,0,0,17.0,16.0,8.0,7.0,6692,1347,637,4268,4020,2672,5336,423,14,411,508,1356,2020,문화재청_궁능원_관람객_수_현황(2020년).csv
2020-01-31,2020,1,31,4,금,0,0,0,0,0,17.0,16.0,8.0,7.0,6227,1346,493,3576,3494,2733,5169,238,9,231,580,1058,2020,문화재청_궁능원_관람객_수_현황(2020년).csv
2020-02-01,2020,2,1,5,토,1,0,0,0,0,17.0,16.0,8.0,7.0,6494,1915,787,3058,3767,2727,5284,67,136,445,562,1210,2020,문화재청_궁능원_관람객_수_현황(2020년).csv
2020-02-02,2020,2,2,6,일,1,0,0,0,0,17.0,16.0,8.0,7.0,6425,1635,631,2633,3913,2512,4653,357,144,580,691,1772,2020,문화재청_궁능원_관람객_수_현황(2020년).csv
2020-02-03,2020,2,3,0,월,0,0,0,3,0,17.0,16.0,8.0,7.0,4653,0,0,0,3022,1631,4010,31,34,62,516,643,2020,문화재청_궁능원_관람객_수_현황(2020년).csv
2020-02-04,2020,2,4,1,화,0,1,0,0,0,17.0,16.0,8.0,7.0,174,1764,510,3207,0,174,166,0,0,0,8,8,2020,문화재청_궁능원_관람객_수_현황(2020년).csv
2020-02-05,2020,2,5,2,수,0,0,0,0,0,17.0,16.0,8.0,7.0,4009,832,257,1749,2417,1592,2943,189,103,150,624,1066,2020,문화재청_궁능원_관람객_수_현황(2020년).csv
2020-02-06,2020,2,6,3,목,0,0,0,0,0,17.0,16.0,8.0,7.0,4186,844,326,2242,2340,1846,3014,187,251,67,667,1172,2020,문화재청_궁능원_관람객_수_현황(2020년).csv
2020-02-07,2020,2,7,4,금,0,0,0,0,0,17.0,16.0,8.0,7.0,4296,959,384,2533,2203,2093,3559,197,52,74,414,737,2020,문화재청_궁능원_관람객_수_현황(2020년).csv
2020-02-08,2020,2,8,5,토,1,0,0,0,0,17.0,16.0,8.0,7.0,5977,1559,689,2750,3750,2227,4742,238,84,72,841,1235,2020,문화재청_궁능원_관람객_수_현황(2020년).csv
2020-02-09,2020,2,9,6,일,1,0,0,0,0,17.0,16.0,8.0,7.0,5608,1777,710,2502,3569,2039,4336,240,198,179,655,1272,2020,문화재청_궁능원_관람객_수_현황(2020년).csv
2020-02-10,2020,2,10,0,월,0,0,0,3,0,17.0,16.0,8.0,7.0,5222,0,0,0,3108,2114,3965,207,191,414,445,1257,2020,문화재청_궁능원_관람객_수_현황(2020년).csv
2020-02-11,2020,2,11,1,화,0,1,0,0,0,17.0,16.0,8.0,7.0,132,2264,941,3905,0,132,131,0,0,0,1,1,2020,문화재청_궁능원_관람객_수_현황(2020년).csv
2020-02-12,2020,2,12,2,수,0,0,0,0,0,17.0,16.0,8.0,7.0,2411,458,207,1207,1433,978,1528,194,91,132,466,883,2020,문화재청_궁능원_관람객_수_현황(2020년).csv
2020-02-13,2020,2,13,3,목,0,0,0,0,0,17.0,16.0,8.0,7.0,5144,1096,637,2795,2535,2609,3834,180,162,203,765,1310,2020,문화재청_궁능원_관람객_수_현황(2020년).csv
2020-02-14,2020,2,14,4,금,0,0,0,0,0,17.0,16.0,8.0,7.0,5153,1491,762,3752,2720,2433,4538,42,12,159,402,615,2020,문화재청_궁능원_관람객_수_현황(2020년).csv
2020-02-15,2020,2,15,5,토,1,0,0,0,0,17.0,16.0,8.0,7.0,6391,1771,1078,3059,3763,2628,5499,108,63,55,666,892,2020,문화재청_궁능원_관람객_수_현황(2020년).csv
2020-02-16,2020,2,16,6,일,1,0,0,0,0,17.0,16.0,8.0,7.0,3666,1643,789,1638,2442,1224,3023,26,31,68,518,643,2020,문화재청_궁능원_관람객_수_현황(2020년).csv
2020-02-17,2020,2,17,0,월,0,0,0,3,0,17.0,16.0,8.0,7.0,3881,0,0,0,2232,1649,3056,207,145,117,356,825,2020,문화재청_궁능원_관람객_수_현황(2020년).csv
2020-02-18,2020,2,18,1,화,0,1,0,0,0,17.0,16.0,8.0,7.0,210,1710,732,2605,0,210,207,0,0,0,3,3,2020,문화재청_궁능원_관람객_수_현황(2020년).csv
2020-02-19,2020,2,19,2,수,0,0,0,0,0,17.0,16.0,8.0,7.0,4349,956,593,2728,2410,1939,3541,185,127,99,397,808,2020,문화재청_궁능원_관람객_수_현황(2020년).csv
2020-02-20,2020,2,20,3,목,0,0,0,0,0,17.0,16.0,8.0,7.0,3905,1089,681,3456,2052,1853,3308,266,82,0,249,597,2020,문화재청_궁능원_관람객_수_현황(2020년).csv
2020-02-21,2020,2,21,4,금,0,0,0,0,0,17.0,16.0,8.0,7.0,3104,823,371,2175,1961,1143,2364,280,35,34,391,740,2020,문화재청_궁능원_관람객_수_현황(2020년).csv
2020-02-22,2020,2,22,5,토,1,0,0,0,0,17.0,16.0,8.0,7.0,3854,895,382,1328,2370,1484,3344,75,83,219,133,510,2020,문화재청_궁능원_관람객_수_현황(2020년).csv
2020-02-23,2020,2,23,6,일,1,0,0,0,0,17.0,16.0,8.0,7.0,3935,1349,711,729,2713,1222,3563,90,34,148,100,372,2020,문화재청_궁능원_관람객_수_현황(2020년).csv
2020-02-24,2020,2,24,0,월,0,0,0,3,0,17.0,16.0,8.0,7.0,2613,0,0,0,1771,842,2307,35,2,4,265,306,2020,문화재청_궁능원_관람객_수_현황(2020년).csv
2020-02-25,2020,2,25,1,화,0,1,0,0,0,17.0,16.0,8.0,7.0,12,651,219,1004,0,12,11,0,0,0,1,1,2020,문화재청_궁능원_관람객_수_현황(2020년).csv
2020-02-26,2020,2,26,2,수,0,0,0,0,0,17.0,16.0,8.0,7.0,2537,1528,1075,3376,0,2537,1175,268,304,97,693,1362,2020,문화재청_궁능원_관람객_수_현황(2020년).csv
2020-02-27,2020,2,27,3,목,0,0,0,0,0,17.0,16.0,8.0,7.0,1538,718,627,2579,935,603,1310,92,35,0,101,228,2020,문화재청_궁능원_관람객_수_현황(2020년).csv
2020-02-28,2020,2,28,4,금,0,0,0,0,0,17.0,16.0,8.0,7.0,682,219,149,626,426,256,610,8,4,53,7,72,2020,문화재청_궁능원_관람객_수_현황(2020년).csv
2020-02-29,2020,2,29,5,토,1,0,0,0,0,17.0,16.0,8.0,7.0,1408,862,813,1092,946,462,1309,29,14,15,41,99,2020,문화재청_궁능원_관람객_수_현황(2020년).csv
2020-03-01,2020,3,1,6,일,1,0,0,0,1,18.0,17.0,9.0,8.0,1113,457,368,638,685,428,927,107,15,22,42,186,2020,문화재청_궁능원_관람객_수_현황(2020년).csv
2020-03-02,2020,3,2,0,월,0,0,0,3,0,18.0,17.0,9.0,8.0,753,0,0,0,478,275,571,128,26,0,28,182,2020,문화재청_궁능원_관람객_수_현황(2020년).csv
2020-03-03,2020,3,3,1,화,0,1,0,0,0,18.0,17.0,9.0,8.0,35,621,494,2399,0,35,35,0,0,0,0,0,2020,문화재청_궁능원_관람객_수_현황(2020년).csv
2020-03-04,2020,3,4,2,수,0,0,0,0,0,18.0,17.0,9.0,8.0,610,276,252,1487,368,242,486,98,13,4,9,124,2020,문화재청_궁능원_관람객_수_현황(2020년).csv
2020-03-05,2020,3,5,3,목,0,0,0,0,0,18.0,17.0,9.0,8.0,767,367,409,2212,478,289,648,43,12,5,59,119,2020,문화재청_궁능원_관람객_수_현황(2020년).csv
2020-03-06,2020,3,6,4,금,0,0,0,0,0,18.0,17.0,9.0,8.0,765,409,436,2495,424,341,659,56,14,2,34,106,2020,문화재청_궁능원_관람객_수_현황(2020년).csv
2020-03-07,2020,3,7,5,토,1,0,0,0,0,18.0,17.0,9.0,8.0,1422,884,787,1232,958,464,1340,58,2,9,13,82,2020,문화재청_궁능원_관람객_수_현황(2020년).csv
2020-03-08,2020,3,8,6,일,1,0,0,0,0,18.0,17.0,9.0,8.0,2019,1393,1265,1426,1323,696,1989,21,3,1,5,30,2020,문화재청_궁능원_관람객_수_현황(2020년).csv
2020-03-09,2020,3,9,0,월,0,0,0,3,0,18.0,17.0,9.0,8.0,807,0,0,0,427,380,769,18,0,2,18,38,2020,문화재청_궁능원_관람객_수_현황(2020년).csv
2020-03-10,2020,3,10,1,화,0,1,0,0,0,18.0,17.0,9.0,8.0,1,177,173,726,0,1,1,0,0,0,0,0,2020,문화재청_궁능원_관람객_수_현황(2020년).csv
2020-03-11,2020,3,11,2,수,0,0,0,0,0,18.0,17.0,9.0,8.0,755,623,637,2569,396,359,733,11,0,2,9,22,2020,문화재청_궁능원_관람객_수_현황(2020년).csv
2020-03-12,2020,3,12,3,목,0,0,0,0,0,18.0,17.0,9.0,8.0,602,541,619,3019,324,278,575,12,0,0,15,27,2020,문화재청_궁능원_관람객_수_현황(2020년).csv
2020-03-13,2020,3,13,4,금,0,0,0,0,0,18.0,17.0,9.0,8.0,626,431,510,2547,306,320,595,10,9,0,12,31,2020,문화재청_궁능원_관람객_수_현황(2020년).csv
2020-03-14,2020,3,14,5,토,1,0,0,0,0,18.0,17.0,9.0,8.0,1808,1025,893,1214,1028,780,1761,36,3,1,7,47,2020,문화재청_궁능원_관람객_수_현황(2020년).csv
2020-03-15,2020,3,15,6,일,1,0,0,0,0,18.0,17.0,9.0,8.0,1341,949,762,764,870,471,1322,11,0,0,8,19,2020,문화재청_궁능원_관람객_수_현황(2020년).csv
2020-03-16,2020,3,16,0,월,0,0,0,3,0,18.0,17.0,9.0,8.0,691,0,0,0,391,300,662,24,0,0,5,29,2020,문화재청_궁능원_관람객_수_현황(2020년).csv
2020-03-17,2020,3,17,1,화,0,1,0,0,0,18.0,17.0,9.0,8.0,19,400,486,2196,0,19,19,0,0,0,0,0,2020,문화재청_궁능원_관람객_수_현황(2020년).csv
2020-03-18,2020,3,18,2,수,0,0,0,0,0,18.0,17.0,9.0,8.0,1048,811,1000,3631,499,549,1037,8,2,1,0,11,2020,문화재청_궁능원_관람객_수_현황(2020년).csv
2020-03-19,2020,3,19,3,목,0,0,0,0,0,18.0,17.0,9.0,8.0,242,195,237,1534,123,119,231,6,0,0,5,11,2020,문화재청_궁능원_관람객_수_현황(2020년).csv
2020-03-20,2020,3,20,4,금,0,0,0,0,0,18.0,17.0,9.0,8.0,945,883,870,3524,480,465,941,0,0,2,2,4,2020,문화재청_궁능원_관람객_수_현황(2020년).csv
2020-03-21,2020,3,21,5,토,1,0,0,0,0,18.0,17.0,9.0,8.0,2450,2198,1685,1898,1677,773,2421,22,3,0,4,29,2020,문화재청_궁능원_관람객_수_현황(2020년).csv
2020-03-22,2020,3,22,6,일,1,0,0,0,0,18.0,17.0,9.0,8.0,2834,2564,1867,2159,1864,970,2764,30,3,0,37,70,2020,문화재청_궁능원_관람객_수_현황(2020년).csv
2020-03-23,2020,3,23,0,월,0,0,0,3,0,18.0,17.0,9.0,8.0,1008,0,0,0,545,463,989,6,2,2,9,19,2020,문화재청_궁능원_관람객_수_현황(2020년).csv
2020-03-24,2020,3,24,1,화,0,1,0,0,0,18.0,17.0,9.0,8.0,13,1556,1429,4692,0,13,13,0,0,0,0,0,2020,문화재청_궁능원_관람객_수_현황(2020년).csv
2020-03-25,2020,3,25,2,수,0,0,0,0,0,18.0,17.0,9.0,8.0,2040,3253,3050,7159,0,2040,1923,47,20,18,32,117,2020,문화재청_궁능원_관람객_수_현황(2020년).csv
2020-03-26,2020,3,26,3,목,0,0,0,0,0,18.0,17.0,9.0,8.0,621,837,965,3880,380,241,607,6,2,2,4,14,2020,문화재청_궁능원_관람객_수_현황(2020년).csv
2020-03-27,2020,3,27,4,금,0,0,0,0,0,18.0,17.0,9.0,8.0,1003,1298,1198,3532,511,492,982,15,0,1,5,21,2020,문화재청_궁능원_관람객_수_현황(2020년).csv
2020-03-28,2020,3,28,5,토,1,0,0,0,0,18.0,17.0,9.0,8.0,2839,3039,2180,2516,1754,1085,2783,35,0,0,21,56,2020,문화재청_궁능원_관람객_수_현황(2020년).csv
2020-03-29,2020,3,29,6,일,1,0,0,0,0,18.0,17.0,9.0,8.0,2946,3513,2806,2501,1935,1011,2915,5,1,0,25,31,2020,문화재청_궁능원_관람객_수_현황(2020년).csv
2020-03-30,2020,3,30,0,월,0,0,0,3,0,18.0,17.0,9.0,8.0,1320,0,0,0,715,605,1314,6,0,0,0,6,2020,문화재청_궁능원_관람객_수_현황(2020년).csv
2020-03-31,2020,3,31,1,화,0,1,0,0,0,18.0,17.0,9.0,8.0,18,1875,1945,4993,0,18,18,0,0,0,0,0,2020,문화재청_궁능원_관람객_수_현황(2020년).csv
2020-04-01,2020,4,1,2,수,0,0,0,0,0,18.0,17.0,9.0,8.0,949,1312,1537,5097,557,392,943,0,0,2,4,6,2020,문화재청_궁능원_관람객_수_현황(2020년).csv
2020-04-02,2020,4,2,3,목,0,0,0,0,0,18.0,17.0,9.0,8.0,1093,1572,1660,5189,636,457,1086,6,0,0,1,7,2020,문화재청_궁능원_관람객_수_현황(2020년).csv
2020-04-03,2020,4,3,4,금,0,0,0,0,0,18.0,17.0,9.0,8.0,1271,1648,1653,5441,636,635,1266,2,0,1,2,5,2020,문화재청_궁능원_관람객_수_현황(2020년).csv
2020-04-04,2020,4,4,5,토,1,0,0,0,0,18.0,17.0,9.0,8.0,2793,3167,2536,3272,1845,948,2757,19,0,2,15,36,2020,문화재청_궁능원_관람객_수_현황(2020년).csv
2020-04-05,2020,4,5,6,일,1,0,0,0,0,18.0,17.0,9.0,8.0,2568,2717,2282,2649,1642,926,2544,18,0,3,3,24,2020,문화재청_궁능원_관람객_수_현황(2020년).csv
2020-04-06,2020,4,6,0,월,0,0,0,3,0,18.0,17.0,9.0,8.0,1044,0,0,0,506,538,1023,9,0,3,9,21,2020,문화재청_궁능원_관람객_수_현황(2020년).csv
2020-04-07,2020,4,7,1,화,0,1,0,0,0,18.0,17.0,9.0,8.0,21,1137,1318,5519,0,21,21,0,0,0,0,0,2020,문화재청_궁능원_관람객_수_현황(2020년).csv
2020-04-08,2020,4,8,2,수,0,0,0,0,0,18.0,17.0,9.0,8.0,981,1090,1262,5042,510,471,978,3,0,0,0,3,2020,문화재청_궁능원_관람객_수_현황(2020년).csv
2020-04-09,2020,4,9,3,목,0,0,0,0,0,18.0,17.0,9.0,8.0,979,1203,1200,4876,484,495,968,2,0,0,9,11,2020,문화재청_궁능원_관람객_수_현황(2020년).csv
2020-04-10,2020,4,10,4,금,0,0,0,0,0,18.0,17.0,9.0,8.0,1217,1156,1060,4724,531,686,1210,5,0,1,1,7,2020,문화재청_궁능원_관람객_수_현황(2020년).csv
2020-04-11,2020,4,11,5,토,1,0,0,0,0,18.0,17.0,9.0,8.0,2703,2277,1836,2936,1590,1113,2664,29,0,0,10,39,2020,문화재청_궁능원_관람객_수_현황(2020년).csv
2020-04-12,2020,4,12,6,일,1,0,0,0,0,18.0,17.0,9.0,8.0,2240,1888,1572,2890,1267,973,2211,19,0,0,10,29,2020,문화재청_궁능원_관람객_수_현황(2020년).csv
2020-04-13,2020,4,13,0,월,0,0,0,3,0,18.0,17.0,9.0,8.0,1165,0,0,0,630,535,1149,13,0,0,3,16,2020,문화재청_궁능원_관람객_수_현황(2020년).csv
2020-04-14,2020,4,14,1,화,0,1,0,0,0,18.0,17.0,9.0,8.0,65,1421,1377,5224,0,65,65,0,0,0,0,0,2020,문화재청_궁능원_관람객_수_현황(2020년).csv
2020-04-15,2020,4,15,2,수,0,0,0,0,1,18.0,17.0,9.0,8.0,2742,2704,2009,2851,1605,1137,2724,14,0,0,4,18,2020,문화재청_궁능원_관람객_수_현황(2020년).csv
2020-04-16,2020,4,16,3,목,0,0,0,0,0,18.0,17.0,9.0,8.0,1000,987,1083,4723,472,528,989,10,0,0,1,11,2020,문화재청_궁능원_관람객_수_현황(2020년).csv
2020-04-17,2020,4,17,4,금,0,0,0,0,0,18.0,17.0,9.0,8.0,313,425,344,1327,123,190,308,2,0,0,3,5,2020,문화재청_궁능원_관람객_수_현황(2020년).csv
2020-04-18,2020,4,18,5,토,1,0,0,0,0,18.0,17.0,9.0,8.0,4108,3549,2740,4053,2563,1545,4061,21,0,2,24,47,2020,문화재청_궁능원_관람객_수_현황(2020년).csv
2020-04-19,2020,4,19,6,일,1,0,0,0,0,18.0,17.0,9.0,8.0,1310,1344,893,1236,805,505,1300,0,1,4,5,10,2020,문화재청_궁능원_관람객_수_현황(2020년).csv
2020-04-20,2020,4,20,0,월,0,0,0,3,0,18.0,17.0,9.0,8.0,435,0,0,0,240,195,435,0,0,0,0,0,2020,문화재청_궁능원_관람객_수_현황(2020년).csv
2020-04-21,2020,4,21,1,화,0,1,0,0,0,18.0,17.0,9.0,8.0,52,766,635,2860,0,52,52,0,0,0,0,0,2020,문화재청_궁능원_관람객_수_현황(2020년).csv
2020-04-22,2020,4,22,2,수,0,0,0,0,0,18.0,17.0,9.0,8.0,393,339,335,1685,182,211,385,6,0,2,0,8,2020,문화재청_궁능원_관람객_수_현황(2020년).csv
2020-04-23,2020,4,23,3,목,0,0,0,0,0,18.0,17.0,9.0,8.0,805,814,783,3822,473,332,795,0,0,8,2,10,2020,문화재청_궁능원_관람객_수_현황(2020년).csv
2020-04-24,2020,4,24,4,금,0,0,0,0,0,18.0,17.0,9.0,8.0,1244,1024,996,3880,601,643,1243,1,0,0,0,1,2020,문화재청_궁능원_관람객_수_현황(2020년).csv
2020-04-25,2020,4,25,5,토,1,0,0,0,0,18.0,17.0,9.0,8.0,3854,2814,1943,3326,2192,1662,3839,6,0,0,9,15,2020,문화재청_궁능원_관람객_수_현황(2020년).csv
2020-04-26,2020,4,26,6,일,1,0,0,0,0,18.0,17.0,9.0,8.0,4493,3491,2306,3599,2706,1787,4471,6,0,4,12,22,2020,문화재청_궁능원_관람객_수_현황(2020년).csv
2020-04-27,2020,4,27,0,월,0,0,0,3,0,18.0,17.0,9.0,8.0,1204,0,0,0,638,566,1188,6,0,8,2,16,2020,문화재청_궁능원_관람객_수_현황(2020년).csv
2020-04-28,2020,4,28,1,화,0,1,0,0,0,18.0,17.0,9.0,8.0,61,1525,1406,4195,0,61,61,0,0,0,0,0,2020,문화재청_궁능원_관람객_수_현황(2020년).csv
2020-04-29,2020,4,29,2,수,0,0,0,0,0,18.0,17.0,9.0,8.0,1089,3725,2916,9340,0,1089,1004,19,11,7,48,85,2020,문화재청_궁능원_관람객_수_현황(2020년).csv
2020-04-30,2020,4,30,3,목,0,0,0,0,1,18.0,17.0,9.0,8.0,6741,5254,3778,5096,4025,2716,6710,10,2,2,17,31,2020,문화재청_궁능원_관람객_수_현황(2020년).csv
2020-05-01,2020,5,1,4,금,0,0,0,0,0,18.0,17.0,9.0,8.0,7062,4508,3122,4508,3983,3079,7002,14,0,2,44,60,2020,문화재청_궁능원_관람객_수_현황(2020년).csv
2020-05-02,2020,5,2,5,토,1,0,0,0,0,18.0,17.0,9.0,8.0,6851,4369,2928,4613,4162,2689,6841,7,0,3,0,10,2020,문화재청_궁능원_관람객_수_현황(2020년).csv
2020-05-03,2020,5,3,6,일,1,0,0,0,0,18.0,17.0,9.0,8.0,4572,3406,2408,3571,2690,1882,4531,26,0,5,10,41,2020,문화재청_궁능원_관람객_수_현황(2020년).csv
2020-05-04,2020,5,4,0,월,0,0,0,3,0,18.0,17.0,9.0,8.0,3115,0,0,0,1897,1218,3099,13,0,0,3,16,2020,문화재청_궁능원_관람객_수_현황(2020년).csv
2020-05-05,2020,5,5,1,화,0,1,0,0,1,18.0,17.0,9.0,8.0,29,5170,3521,4668,0,29,29,0,0,0,0,0,2020,문화재청_궁능원_관람객_수_현황(2020년).csv
2020-05-06,2020,5,6,2,수,0,0,0,0,0,18.0,17.0,9.0,8.0,1167,1174,1141,4089,551,616,1153,4,0,0,10,14,2020,문화재청_궁능원_관람객_수_현황(2020년).csv
2020-05-07,2020,5,7,3,목,0,0,0,0,0,18.0,17.0,9.0,8.0,1106,1127,1172,4410,563,543,1101,5,0,0,0,5,2020,문화재청_궁능원_관람객_수_현황(2020년).csv
2020-05-08,2020,5,8,4,금,0,0,0,0,0,18.0,17.0,9.0,8.0,1343,1101,975,3874,570,773,1337,6,0,0,0,6,2020,문화재청_궁능원_관람객_수_현황(2020년).csv
2020-05-09,2020,5,9,5,토,1,0,0,0,0,18.0,17.0,9.0,8.0,967,851,557,1168,457,510,967,0,0,0,0,0,2020,문화재청_궁능원_관람객_수_현황(2020년).csv
2020-05-10,2020,5,10,6,일,1,0,0,0,0,18.0,17.0,9.0,8.0,3033,2508,1775,3213,1779,1254,3015,9,0,0,9,18,2020,문화재청_궁능원_관람객_수_현황(2020년).csv
2020-05-11,2020,5,11,0,월,0,0,0,3,0,18.0,17.0,9.0,8.0,998,0,0,0,485,513,997,0,0,1,0,1,2020,문화재청_궁능원_관람객_수_현황(2020년).csv
2020-05-12,2020,5,12,1,화,0,1,0,0,0,18.0,17.0,9.0,8.0,41,1228,926,3919,0,41,41,0,0,0,0,0,2020,문화재청_궁능원_관람객_수_현황(2020년).csv
2020-05-13,2020,5,13,2,수,0,0,0,0,0,18.0,17.0,9.0,8.0,1209,1185,1148,5021,605,604,1187,3,0,4,15,22,2020,문화재청_궁능원_관람객_수_현황(2020년).csv
2020-05-14,2020,5,14,3,목,0,0,0,0,0,18.0,17.0,9.0,8.0,861,874,991,4303,423,438,859,0,0,0,2,2,2020,문화재청_궁능원_관람객_수_현황(2020년).csv
2020-05-15,2020,5,15,4,금,0,0,0,0,0,18.0,17.0,9.0,8.0,263,317,258,1512,112,151,260,0,0,0,3,3,2020,문화재청_궁능원_관람객_수_현황(2020년).csv
2020-05-16,2020,5,16,5,토,1,0,0,0,0,18.0,17.0,9.0,8.0,2392,2320,1641,3353,1480,912,2384,4,0,3,1,8,2020,문화재청_궁능원_관람객_수_현황(2020년).csv
2020-05-17,2020,5,17,6,일,1,0,0,0,0,18.0,17.0,9.0,8.0,2841,2415,1699,3093,1685,1156,2814,8,0,0,19,27,2020,문화재청_궁능원_관람객_수_현황(2020년).csv
2020-05-18,2020,5,18,0,월,0,0,0,3,0,18.0,17.0,9.0,8.0,517,0,0,0,247,270,503,12,0,0,2,14,2020,문화재청_궁능원_관람객_수_현황(2020년).csv
2020-05-19,2020,5,19,1,화,0,1,0,0,0,18.0,17.0,9.0,8.0,30,590,632,3376,0,30,30,0,0,0,0,0,2020,문화재청_궁능원_관람객_수_현황(2020년).csv
2020-05-20,2020,5,20,2,수,0,0,0,0,0,18.0,17.0,9.0,8.0,1249,1285,1185,5045,624,625,1249,0,0,0,0,0,2020,문화재청_궁능원_관람객_수_현황(2020년).csv
2020-05-21,2020,5,21,3,목,0,0,0,0,0,18.0,17.0,9.0,8.0,1206,1092,1179,4998,591,615,1194,0,0,0,12,12,2020,문화재청_궁능원_관람객_수_현황(2020년).csv
2020-05-22,2020,5,22,4,금,0,0,0,0,0,18.0,17.0,9.0,8.0,1287,1242,1076,5351,589,698,1278,7,0,0,2,9,2020,문화재청_궁능원_관람객_수_현황(2020년).csv
2020-05-23,2020,5,23,5,토,1,0,0,0,0,18.0,17.0,9.0,8.0,4278,3282,2426,4925,2221,2057,4250,7,0,4,17,28,2020,문화재청_궁능원_관람객_수_현황(2020년).csv
2020-05-24,2020,5,24,6,일,1,0,0,0,0,18.0,17.0,9.0,8.0,2886,2411,1552,3268,1651,1235,2867,16,0,0,3,19,2020,문화재청_궁능원_관람객_수_현황(2020년).csv
2020-05-25,2020,5,25,0,월,0,0,0,3,0,18.0,17.0,9.0,8.0,1145,0,0,0,592,553,1143,2,0,0,0,2,2020,문화재청_궁능원_관람객_수_현황(2020년).csv
2020-05-26,2020,5,26,1,화,0,1,0,0,0,18.0,17.0,9.0,8.0,18,1037,925,4246,0,18,18,0,0,0,0,0,2020,문화재청_궁능원_관람객_수_현황(2020년).csv
2020-05-27,2020,5,27,2,수,0,0,0,0,0,18.0,17.0,9.0,8.0,2173,3288,3037,8656,0,2173,2051,36,19,21,46,122,2020,문화재청_궁능원_관람객_수_현황(2020년).csv
2020-05-28,2020,5,28,3,목,0,0,0,0,0,18.0,17.0,9.0,8.0,1157,1075,1007,5161,518,639,1154,3,0,0,0,3,2020,문화재청_궁능원_관람객_수_현황(2020년).csv
2020-05-29,2020,5,29,4,금,0,0,0,0,0,18.0,17.0,9.0,8.0,978,1085,830,3948,466,512,973,5,0,0,0,5,2020,문화재청_궁능원_관람객_수_현황(2020년).csv
2020-05-30,2020,5,30,5,토,1,0,1,3,0,18.0,17.0,9.0,8.0,0,0,0,0,0,0,0,0,0,0,0,0,2020,filled_missing_dates
2020-05-31,2020,5,31,6,일,1,0,1,3,0,18.0,17.0,9.0,8.0,0,0,0,0,0,0,0,0,0,0,0,0,2020,filled_missing_dates
2020-06-01,2020,6,1,0,월,0,0,1,3,0,18.5,17.5,9.5,8.5,0,0,0,0,0,0,0,0,0,0,0,0,2020,filled_missing_dates
2020-06-02,2020,6,2,1,화,0,1,1,3,0,18.5,17.5,9.5,8.5,0,0,0,0,0,0,0,0,0,0,0,0,2020,filled_missing_dates
2020-06-03,2020,6,3,2,수,0,0,1,3,0,18.5,17.5,9.5,8.5,0,0,0,0,0,0,0,0,0,0,0,0,2020,filled_missing_dates
2020-06-04,2020,6,4,3,목,0,0,1,3,0,18.5,17.5,9.5,8.5,0,0,0,0,0,0,0,0,0,0,0,0,2020,filled_missing_dates
2020-06-05,2020,6,5,4,금,0,0,1,3,0,18.5,17.5,9.5,8.5,0,0,0,0,0,0,0,0,0,0,0,0,2020,filled_missing_dates
2020-06-06,2020,6,6,5,토,1,0,1,3,1,18.5,17.5,9.5,8.5,0,0,0,0,0,0,0,0,0,0,0,0,2020,filled_missing_dates
2020-06-07,2020,6,7,6,일,1,0,1,3,0,18.5,17.5,9.5,8.5,0,0,0,0,0,0,0,0,0,0,0,0,2020,filled_missing_dates
2020-06-08,2020,6,8,0,월,0,0,1,3,0,18.5,17.5,9.5,8.5,0,0,0,0,0,0,0,0,0,0,0,0,2020,filled_missing_dates
2020-06-09,2020,6,9,1,화,0,1,1,3,0,18.5,17.5,9.5,8.5,0,0,0,0,0,0,0,0,0,0,0,0,2020,filled_missing_dates
2020-06-10,2020,6,10,2,수,0,0,1,3,0,18.5,17.5,9.5,8.5,0,0,0,0,0,0,0,0,0,0,0,0,2020,filled_missing_dates
2020-06-11,2020,6,11,3,목,0,0,1,3,0,18.5,17.5,9.5,8.5,0,0,0,0,0,0,0,0,0,0,0,0,2020,filled_missing_dates
2020-06-12,2020,6,12,4,금,0,0,1,3,0,18.5,17.5,9.5,8.5,0,0,0,0,0,0,0,0,0,0,0,0,2020,filled_missing_dates
2020-06-13,2020,6,13,5,토,1,0,1,3,0,18.5,17.5,9.5,8.5,0,0,0,0,0,0,0,0,0,0,0,0,2020,filled_missing_dates
2020-06-14,2020,6,14,6,일,1,0,1,3,0,18.5,17.5,9.5,8.5,0,0,0,0,0,0,0,0,0,0,0,0,2020,filled_missing_dates
2020-06-15,2020,6,15,0,월,0,0,1,3,0,18.5,17.5,9.5,8.5,0,0,0,0,0,0,0,0,0,0,0,0,2020,filled_missing_dates
2020-06-16,2020,6,16,1,화,0,1,1,3,0,18.5,17.5,9.5,8.5,0,0,0,0,0,0,0,0,0,0,0,0,2020,filled_missing_dates
2020-06-17,2020,6,17,2,수,0,0,1,3,0,18.5,17.5,9.5,8.5,0,0,0,0,0,0,0,0,0,0,0,0,2020,filled_missing_dates
2020-06-18,2020,6,18,3,목,0,0,1,3,0,18.5,17.5,9.5,8.5,0,0,0,0,0,0,0,0,0,0,0,0,2020,filled_missing_dates
2020-06-19,2020,6,19,4,금,0,0,1,3,0,18.5,17.5,9.5,8.5,0,0,0,0,0,0,0,0,0,0,0,0,2020,filled_missing_dates
2020-06-20,2020,6,20,5,토,1,0,1,3,0,18.5,17.5,9.5,8.5,0,0,0,0,0,0,0,0,0,0,0,0,2020,filled_missing_dates
2020-06-21,2020,6,21,6,일,1,0,1,3,0,18.5,17.5,9.5,8.5,0,0,0,0,0,0,0,0,0,0,0,0,2020,filled_missing_dates
2020-06-22,2020,6,22,0,월,0,0,1,3,0,18.5,17.5,9.5,8.5,0,0,0,0,0,0,0,0,0,0,0,0,2020,filled_missing_dates
2020-06-23,2020,6,23,1,화,0,1,1,3,0,18.5,17.5,9.5,8.5,0,0,0,0,0,0,0,0,0,0,0,0,2020,filled_missing_dates
2020-06-24,2020,6,24,2,수,0,0,1,3,0,18.5,17.5,9.5,8.5,0,0,0,0,0,0,0,0,0,0,0,0,2020,filled_missing_dates
2020-06-25,2020,6,25,3,목,0,0,1,3,0,18.5,17.5,9.5,8.5,0,0,0,0,0,0,0,0,0,0,0,0,2020,filled_missing_dates
2020-06-26,2020,6,26,4,금,0,0,1,3,0,18.5,17.5,9.5,8.5,0,0,0,0,0,0,0,0,0,0,0,0,2020,filled_missing_dates
2020-06-27,2020,6,27,5,토,1,0,1,3,0,18.5,17.5,9.5,8.5,0,0,0,0,0,0,0,0,0,0,0,0,2020,filled_missing_dates
2020-06-28,2020,6,28,6,일,1,0,1,3,0,18.5,17.5,9.5,8.5,0,0,0,0,0,0,0,0,0,0,0,0,2020,filled_missing_dates
2020-06-29,2020,6,29,0,월,0,0,1,3,0,18.5,17.5,9.5,8.5,0,0,0,0,0,0,0,0,0,0,0,0,2020,filled_missing_dates
2020-06-30,2020,6,30,1,화,0,1,1,3,0,18.5,17.5,9.5,8.5,0,0,0,0,0,0,0,0,0,0,0,0,2020,filled_missing_dates
2020-07-01,2020,7,1,2,수,0,0,1,3,0,18.5,17.5,9.5,8.5,0,0,0,0,0,0,0,0,0,0,0,0,2020,filled_missing_dates
2020-07-02,2020,7,2,3,목,0,0,1,3,0,18.5,17.5,9.5,8.5,0,0,0,0,0,0,0,0,0,0,0,0,2020,filled_missing_dates
2020-07-03,2020,7,3,4,금,0,0,1,3,0,18.5,17.5,9.5,8.5,0,0,0,0,0,0,0,0,0,0,0,0,2020,filled_missing_dates
2020-07-04,2020,7,4,5,토,1,0,1,3,0,18.5,17.5,9.5,8.5,0,0,0,0,0,0,0,0,0,0,0,0,2020,filled_missing_dates
2020-07-05,2020,7,5,6,일,1,0,1,3,0,18.5,17.5,9.5,8.5,0,0,0,0,0,0,0,0,0,0,0,0,2020,filled_missing_dates
2020-07-06,2020,7,6,0,월,0,0,1,3,0,18.5,17.5,9.5,8.5,0,0,0,0,0,0,0,0,0,0,0,0,2020,filled_missing_dates
2020-07-07,2020,7,7,1,화,0,1,1,3,0,18.5,17.5,9.5,8.5,0,0,0,0,0,0,0,0,0,0,0,0,2020,filled_missing_dates
2020-07-08,2020,7,8,2,수,0,0,1,3,0,18.5,17.5,9.5,8.5,0,0,0,0,0,0,0,0,0,0,0,0,2020,filled_missing_dates
2020-07-09,2020,7,9,3,목,0,0,1,3,0,18.5,17.5,9.5,8.5,0,0,0,0,0,0,0,0,0,0,0,0,2020,filled_missing_dates
2020-07-10,2020,7,10,4,금,0,0,1,3,0,18.5,17.5,9.5,8.5,0,0,0,0,0,0,0,0,0,0,0,0,2020,filled_missing_dates
2020-07-11,2020,7,11,5,토,1,0,1,3,0,18.5,17.5,9.5,8.5,0,0,0,0,0,0,0,0,0,0,0,0,2020,filled_missing_dates
2020-07-12,2020,7,12,6,일,1,0,1,3,0,18.5,17.5,9.5,8.5,0,0,0,0,0,0,0,0,0,0,0,0,2020,filled_missing_dates
2020-07-13,2020,7,13,0,월,0,0,1,3,0,18.5,17.5,9.5,8.5,0,0,0,0,0,0,0,0,0,0,0,0,2020,filled_missing_dates
2020-07-14,2020,7,14,1,화,0,1,1,3,0,18.5,17.5,9.5,8.5,0,0,0,0,0,0,0,0,0,0,0,0,2020,filled_missing_dates
2020-07-15,2020,7,15,2,수,0,0,1,3,0,18.5,17.5,9.5,8.5,0,0,0,0,0,0,0,0,0,0,0,0,2020,filled_missing_dates
2020-07-16,2020,7,16,3,목,0,0,1,3,0,18.5,17.5,9.5,8.5,0,0,0,0,0,0,0,0,0,0,0,0,2020,filled_missing_dates
2020-07-17,2020,7,17,4,금,0,0,1,3,0,18.5,17.5,9.5,8.5,0,0,0,0,0,0,0,0,0,0,0,0,2020,filled_missing_dates
2020-07-18,2020,7,18,5,토,1,0,1,3,0,18.5,17.5,9.5,8.5,0,0,0,0,0,0,0,0,0,0,0,0,2020,filled_missing_dates
2020-07-19,2020,7,19,6,일,1,0,1,3,0,18.5,17.5,9.5,8.5,0,0,0,0,0,0,0,0,0,0,0,0,2020,filled_missing_dates
2020-07-20,2020,7,20,0,월,0,0,1,3,0,18.5,17.5,9.5,8.5,0,0,0,0,0,0,0,0,0,0,0,0,2020,filled_missing_dates
2020-07-21,2020,7,21,1,화,0,1,1,3,0,18.5,17.5,9.5,8.5,0,0,0,0,0,0,0,0,0,0,0,0,2020,filled_missing_dates
2020-07-22,2020,7,22,2,수,0,0,0,0,0,18.5,17.5,9.5,8.5,587,468,378,1904,327,260,577,9,0,0,1,10,2020,문화재청_궁능원_관람객_수_현황(2020년).csv
2020-07-23,2020,7,23,3,목,0,0,0,0,0,18.5,17.5,9.5,8.5,375,327,170,637,268,107,369,0,0,0,6,6,2020,문화재청_궁능원_관람객_수_현황(2020년).csv
2020-07-24,2020,7,24,4,금,0,0,0,0,0,18.5,17.5,9.5,8.5,850,490,579,2153,460,390,841,6,0,0,3,9,2020,문화재청_궁능원_관람객_수_현황(2020년).csv
2020-07-25,2020,7,25,5,토,1,0,0,0,0,18.5,17.5,9.5,8.5,4069,1850,1837,4105,2255,1814,4024,27,2,0,16,45,2020,문화재청_궁능원_관람객_수_현황(2020년).csv
2020-07-26,2020,7,26,6,일,1,0,0,0,0,18.5,17.5,9.5,8.5,3090,1679,1499,3494,1914,1176,3067,12,0,0,11,23,2020,문화재청_궁능원_관람객_수_현황(2020년).csv
2020-07-27,2020,7,27,0,월,0,0,0,3,0,18.5,17.5,9.5,8.5,863,0,0,0,485,378,858,2,0,0,3,5,2020,문화재청_궁능원_관람객_수_현황(2020년).csv
2020-07-28,2020,7,28,1,화,0,1,0,0,0,18.5,17.5,9.5,8.5,3,885,668,2863,0,3,3,0,0,0,0,0,2020,문화재청_궁능원_관람객_수_현황(2020년).csv
2020-07-29,2020,7,29,2,수,0,0,0,0,0,18.5,17.5,9.5,8.5,962,1062,844,2502,0,962,920,12,0,3,27,42,2020,문화재청_궁능원_관람객_수_현황(2020년).csv
2020-07-30,2020,7,30,3,목,0,0,0,0,0,18.5,17.5,9.5,8.5,1405,808,732,3250,776,629,1395,9,0,0,1,10,2020,문화재청_궁능원_관람객_수_현황(2020년).csv
2020-07-31,2020,7,31,4,금,0,0,0,0,0,18.5,17.5,9.5,8.5,1697,1001,827,2843,1001,696,1677,10,0,0,10,20,2020,문화재청_궁능원_관람객_수_현황(2020년).csv
2020-08-01,2020,8,1,5,토,1,0,0,0,0,18.5,17.5,9.5,8.5,1731,1111,833,2250,1183,548,1722,9,0,0,0,9,2020,문화재청_궁능원_관람객_수_현황(2020년).csv
2020-08-02,2020,8,2,6,일,1,0,0,0,0,18.5,17.5,9.5,8.5,1425,827,361,1210,947,478,1375,4,0,8,38,50,2020,문화재청_궁능원_관람객_수_현황(2020년).csv
2020-08-03,2020,8,3,0,월,0,0,0,3,0,18.5,17.5,9.5,8.5,1438,0,0,0,1018,420,1363,3,0,8,64,75,2020,문화재청_궁능원_관람객_수_현황(2020년).csv
2020-08-04,2020,8,4,1,화,0,1,0,0,0,18.5,17.5,9.5,8.5,3,1159,811,2792,0,3,3,0,0,0,0,0,2020,문화재청_궁능원_관람객_수_현황(2020년).csv
2020-08-05,2020,8,5,2,수,0,0,0,0,0,18.5,17.5,9.5,8.5,1164,774,439,1747,664,500,1151,5,0,0,8,13,2020,문화재청_궁능원_관람객_수_현황(2020년).csv
2020-08-06,2020,8,6,3,목,0,0,0,0,0,18.5,17.5,9.5,8.5,1165,716,586,2890,629,536,1150,7,0,0,8,15,2020,문화재청_궁능원_관람객_수_현황(2020년).csv
2020-08-07,2020,8,7,4,금,0,0,0,0,0,18.5,17.5,9.5,8.5,2047,1134,803,3481,1142,905,1998,13,0,8,28,49,2020,문화재청_궁능원_관람객_수_현황(2020년).csv
2020-08-08,2020,8,8,5,토,1,0,0,0,0,18.5,17.5,9.5,8.5,2849,1470,1144,2716,1713,1136,2800,17,0,4,28,49,2020,문화재청_궁능원_관람객_수_현황(2020년).csv
2020-08-09,2020,8,9,6,일,1,0,0,0,0,18.5,17.5,9.5,8.5,516,403,261,705,343,173,506,6,0,0,4,10,2020,문화재청_궁능원_관람객_수_현황(2020년).csv
2020-08-10,2020,8,10,0,월,0,0,0,3,0,18.5,17.5,9.5,8.5,1072,0,0,0,600,472,1052,6,0,3,11,20,2020,문화재청_궁능원_관람객_수_현황(2020년).csv
2020-08-11,2020,8,11,1,화,0,1,0,0,0,18.5,17.5,9.5,8.5,183,976,730,2624,0,183,183,0,0,0,0,0,2020,문화재청_궁능원_관람객_수_현황(2020년).csv
2020-08-12,2020,8,12,2,수,0,0,0,0,0,18.5,17.5,9.5,8.5,1992,1216,808,2689,889,1103,1961,13,0,1,17,31,2020,문화재청_궁능원_관람객_수_현황(2020년).csv
2020-08-13,2020,8,13,3,목,0,0,0,0,0,18.5,17.5,9.5,8.5,1687,908,781,2540,823,864,1679,0,1,0,7,8,2020,문화재청_궁능원_관람객_수_현황(2020년).csv
2020-08-14,2020,8,14,4,금,0,0,0,0,0,18.5,17.5,9.5,8.5,1826,917,679,2623,829,997,1810,9,0,3,4,16,2020,문화재청_궁능원_관람객_수_현황(2020년).csv
2020-08-15,2020,8,15,5,토,1,0,0,0,1,18.5,17.5,9.5,8.5,3484,1405,1472,4093,0,3484,3281,123,3,8,69,203,2020,문화재청_궁능원_관람객_수_현황(2020년).csv
2020-08-16,2020,8,16,6,일,1,0,0,0,0,18.5,17.5,9.5,8.5,3644,2224,2115,3756,0,3644,3464,86,14,12,68,180,2020,문화재청_궁능원_관람객_수_현황(2020년).csv
2020-08-17,2020,8,17,0,월,0,0,0,0,1,18.5,17.5,9.5,8.5,1666,1137,894,2816,0,1666,1568,82,0,0,16,98,2020,문화재청_궁능원_관람객_수_현황(2020년).csv
2020-08-18,2020,8,18,1,화,0,1,0,0,0,18.5,17.5,9.5,8.5,72,601,406,1330,0,72,70,0,0,0,2,2,2020,문화재청_궁능원_관람객_수_현황(2020년).csv
2020-08-19,2020,8,19,2,수,0,0,0,0,0,18.5,17.5,9.5,8.5,405,343,328,919,235,170,389,16,0,0,0,16,2020,문화재청_궁능원_관람객_수_현황(2020년).csv
2020-08-20,2020,8,20,3,목,0,0,0,0,0,18.5,17.5,9.5,8.5,307,337,344,1065,165,142,302,5,0,0,0,5,2020,문화재청_궁능원_관람객_수_현황(2020년).csv
2020-08-21,2020,8,21,4,금,0,0,0,0,0,18.5,17.5,9.5,8.5,309,213,269,763,152,157,280,0,0,0,29,29,2020,문화재청_궁능원_관람객_수_현황(2020년).csv
2020-08-22,2020,8,22,5,토,1,0,0,0,0,18.5,17.5,9.5,8.5,467,279,241,457,197,270,461,4,0,0,2,6,2020,문화재청_궁능원_관람객_수_현황(2020년).csv
2020-08-23,2020,8,23,6,일,1,0,0,0,0,18.5,17.5,9.5,8.5,565,451,546,671,376,189,507,37,0,0,21,58,2020,문화재청_궁능원_관람객_수_현황(2020년).csv
2020-08-24,2020,8,24,0,월,0,0,0,3,0,18.5,17.5,9.5,8.5,278,0,0,0,161,117,251,12,0,0,15,27,2020,문화재청_궁능원_관람객_수_현황(2020년).csv
2020-08-25,2020,8,25,1,화,0,1,0,0,0,18.5,17.5,9.5,8.5,13,127,303,614,0,13,4,0,0,0,9,9,2020,문화재청_궁능원_관람객_수_현황(2020년).csv
2020-08-26,2020,8,26,2,수,0,0,0,0,0,18.5,17.5,9.5,8.5,344,407,378,900,0,344,265,64,0,0,15,79,2020,문화재청_궁능원_관람객_수_현황(2020년).csv
2020-08-27,2020,8,27,3,목,0,0,0,0,0,18.5,17.5,9.5,8.5,114,62,192,754,64,50,107,7,0,0,0,7,2020,문화재청_궁능원_관람객_수_현황(2020년).csv
2020-08-28,2020,8,28,4,금,0,0,0,0,0,18.5,17.5,9.5,8.5,221,132,229,852,116,105,214,5,0,0,2,7,2020,문화재청_궁능원_관람객_수_현황(2020년).csv
2020-08-29,2020,8,29,5,토,1,0,0,0,0,18.5,17.5,9.5,8.5,252,272,225,465,186,66,240,11,0,0,1,12,2020,문화재청_궁능원_관람객_수_현황(2020년).csv
2020-08-30,2020,8,30,6,일,1,0,0,0,0,18.5,17.5,9.5,8.5,346,331,350,510,227,119,328,10,0,2,6,18,2020,문화재청_궁능원_관람객_수_현황(2020년).csv
2020-08-31,2020,8,31,0,월,0,0,0,3,0,18.5,17.5,9.5,8.5,216,0,0,0,140,76,194,17,0,3,2,22,2020,문화재청_궁능원_관람객_수_현황(2020년).csv
2020-09-01,2020,9,1,1,화,0,1,0,0,0,18.0,17.0,9.0,8.0,27,217,382,1241,0,27,27,0,0,0,0,0,2020,문화재청_궁능원_관람객_수_현황(2020년).csv
2020-09-02,2020,9,2,2,수,0,0,0,0,0,18.0,17.0,9.0,8.0,115,99,151,559,55,60,115,0,0,0,0,0,2020,문화재청_궁능원_관람객_수_현황(2020년).csv
2020-09-03,2020,9,3,3,목,0,0,0,1,0,18.0,17.0,9.0,8.0,252,0,277,1823,138,114,230,16,0,0,6,22,2020,문화재청_궁능원_관람객_수_현황(2020년).csv
2020-09-04,2020,9,4,4,금,0,0,0,0,0,18.0,17.0,9.0,8.0,536,341,586,2180,314,222,513,23,0,0,0,23,2020,문화재청_궁능원_관람객_수_현황(2020년).csv
2020-09-05,2020,9,5,5,토,1,0,0,0,0,18.0,17.0,9.0,8.0,1062,774,797,1272,658,404,1039,17,0,4,2,23,2020,문화재청_궁능원_관람객_수_현황(2020년).csv
2020-09-06,2020,9,6,6,일,1,0,0,0,0,18.0,17.0,9.0,8.0,781,696,664,799,505,276,765,12,0,2,2,16,2020,문화재청_궁능원_관람객_수_현황(2020년).csv
2020-09-07,2020,9,7,0,월,0,0,0,3,0,18.0,17.0,9.0,8.0,52,0,0,0,32,20,52,0,0,0,0,0,2020,문화재청_궁능원_관람객_수_현황(2020년).csv
2020-09-08,2020,9,8,1,화,0,1,0,0,0,18.0,17.0,9.0,8.0,8,370,852,2973,0,8,8,0,0,0,0,0,2020,문화재청_궁능원_관람객_수_현황(2020년).csv
2020-09-09,2020,9,9,2,수,0,0,0,0,0,18.0,17.0,9.0,8.0,305,258,382,2189,165,140,295,3,0,3,4,10,2020,문화재청_궁능원_관람객_수_현황(2020년).csv
2020-09-10,2020,9,10,3,목,0,0,0,0,0,18.0,17.0,9.0,8.0,470,399,719,2553,273,197,466,1,0,2,1,4,2020,문화재청_궁능원_관람객_수_현황(2020년).csv
2020-09-11,2020,9,11,4,금,0,0,0,0,0,18.0,17.0,9.0,8.0,521,356,489,2236,248,273,518,3,0,0,0,3,2020,문화재청_궁능원_관람객_수_현황(2020년).csv
2020-09-12,2020,9,12,5,토,1,0,0,0,0,18.0,17.0,9.0,8.0,1112,843,673,1122,661,451,1076,17,3,2,14,36,2020,문화재청_궁능원_관람객_수_현황(2020년).csv
2020-09-13,2020,9,13,6,일,1,0,0,0,0,18.0,17.0,9.0,8.0,2371,1835,1667,2331,1593,778,2343,18,1,0,9,28,2020,문화재청_궁능원_관람객_수_현황(2020년).csv
2020-09-14,2020,9,14,0,월,0,0,0,3,0,18.0,17.0,9.0,8.0,559,0,0,0,305,254,559,0,0,0,0,0,2020,문화재청_궁능원_관람객_수_현황(2020년).csv
2020-09-15,2020,9,15,1,화,0,1,0,0,0,18.0,17.0,9.0,8.0,10,567,709,3201,0,10,10,0,0,0,0,0,2020,문화재청_궁능원_관람객_수_현황(2020년).csv
2020-09-16,2020,9,16,2,수,0,0,0,0,0,18.0,17.0,9.0,8.0,399,255,417,2193,253,146,389,7,0,0,3,10,2020,문화재청_궁능원_관람객_수_현황(2020년).csv
2020-09-17,2020,9,17,3,목,0,0,0,0,0,18.0,17.0,9.0,8.0,706,442,657,3156,467,239,697,8,1,0,0,9,2020,문화재청_궁능원_관람객_수_현황(2020년).csv
2020-09-18,2020,9,18,4,금,0,0,0,0,0,18.0,17.0,9.0,8.0,1366,771,947,3845,907,459,1351,9,0,0,6,15,2020,문화재청_궁능원_관람객_수_현황(2020년).csv
2020-09-19,2020,9,19,5,토,1,0,0,0,0,18.0,17.0,9.0,8.0,3733,2012,1939,3218,2613,1120,3680,22,0,0,31,53,2020,문화재청_궁능원_관람객_수_현황(2020년).csv
2020-09-20,2020,9,20,6,일,1,0,0,0,0,18.0,17.0,9.0,8.0,3231,2073,2014,2783,2134,1097,3194,15,1,2,19,37,2020,문화재청_궁능원_관람객_수_현황(2020년).csv
2020-09-21,2020,9,21,0,월,0,0,0,3,0,18.0,17.0,9.0,8.0,1052,0,0,0,720,332,1034,13,0,2,3,18,2020,문화재청_궁능원_관람객_수_현황(2020년).csv
2020-09-22,2020,9,22,1,화,0,1,0,0,0,18.0,17.0,9.0,8.0,14,915,965,4683,0,14,14,0,0,0,0,0,2020,문화재청_궁능원_관람객_수_현황(2020년).csv
2020-09-23,2020,9,23,2,수,0,0,0,0,0,18.0,17.0,9.0,8.0,1330,758,902,3687,915,415,1319,5,0,2,4,11,2020,문화재청_궁능원_관람객_수_현황(2020년).csv
2020-09-24,2020,9,24,3,목,0,0,0,0,0,18.0,17.0,9.0,8.0,1348,708,840,3899,973,375,1328,17,0,0,3,20,2020,문화재청_궁능원_관람객_수_현황(2020년).csv
2020-09-25,2020,9,25,4,금,0,0,0,0,0,18.0,17.0,9.0,8.0,1834,818,929,3604,1263,571,1814,12,1,0,7,20,2020,문화재청_궁능원_관람객_수_현황(2020년).csv
2020-09-26,2020,9,26,5,토,1,0,0,0,0,18.0,17.0,9.0,8.0,5615,2204,2239,4632,3733,1882,5585,5,0,6,19,30,2020,문화재청_궁능원_관람객_수_현황(2020년).csv
2020-09-27,2020,9,27,6,일,1,0,0,0,0,18.0,17.0,9.0,8.0,4833,2198,2120,3760,3256,1577,4775,32,2,8,16,58,2020,문화재청_궁능원_관람객_수_현황(2020년).csv
2020-09-28,2020,9,28,0,월,0,0,0,3,0,18.0,17.0,9.0,8.0,1751,0,0,0,1280,471,1737,14,0,0,0,14,2020,문화재청_궁능원_관람객_수_현황(2020년).csv
2020-09-29,2020,9,29,1,화,0,1,0,0,0,18.0,17.0,9.0,8.0,100,1042,960,3541,0,100,100,0,0,0,0,0,2020,문화재청_궁능원_관람객_수_현황(2020년).csv
2020-09-30,2020,9,30,2,수,0,0,0,0,1,18.0,17.0,9.0,8.0,7829,3204,2714,3355,1518,6311,7451,119,2,19,238,378,2020,문화재청_궁능원_관람객_수_현황(2020년).csv
2020-10-01,2020,10,1,3,목,0,0,0,0,1,18.0,17.0,9.0,8.0,12822,3671,3882,5105,7370,5452,12141,237,2,44,398,681,2020,문화재청_궁능원_관람객_수_현황(2020년).csv
2020-10-02,2020,10,2,4,금,0,0,0,0,1,18.0,17.0,9.0,8.0,9763,3305,2879,5183,5933,3830,9654,38,0,2,69,109,2020,문화재청_궁능원_관람객_수_현황(2020년).csv
2020-10-03,2020,10,3,5,토,1,0,1,1,1,18.0,17.0,9.0,8.0,0,3543,3416,0,0,0,0,0,0,0,0,0,2020,문화재청_궁능원_관람객_수_현황(2020년).csv
2020-10-04,2020,10,4,6,일,1,0,0,0,0,18.0,17.0,9.0,8.0,6046,2276,2043,3183,3796,2250,5947,37,4,32,26,99,2020,문화재청_궁능원_관람객_수_현황(2020년).csv
2020-10-05,2020,10,5,0,월,0,0,0,3,0,18.0,17.0,9.0,8.0,2055,0,0,0,1489,566,2038,8,0,5,4,17,2020,문화재청_궁능원_관람객_수_현황(2020년).csv
2020-10-06,2020,10,6,1,화,0,1,0,0,0,18.0,17.0,9.0,8.0,95,993,1054,4436,0,95,95,0,0,0,0,0,2020,문화재청_궁능원_관람객_수_현황(2020년).csv
2020-10-07,2020,10,7,2,수,0,0,0,0,0,18.0,17.0,9.0,8.0,2744,894,992,4275,2081,663,2719,9,0,2,14,25,2020,문화재청_궁능원_관람객_수_현황(2020년).csv
2020-10-08,2020,10,8,3,목,0,0,0,0,0,18.0,17.0,9.0,8.0,3089,959,1170,4336,2233,856,3087,2,0,0,0,2,2020,문화재청_궁능원_관람객_수_현황(2020년).csv
2020-10-09,2020,10,9,4,금,0,0,1,1,1,18.0,17.0,9.0,8.0,0,3504,3512,0,0,0,0,0,0,0,0,0,2020,문화재청_궁능원_관람객_수_현황(2020년).csv
2020-10-10,2020,10,10,5,토,1,0,0,0,0,18.0,17.0,9.0,8.0,6084,3256,3540,6030,3124,2960,5989,72,0,3,20,95,2020,문화재청_궁능원_관람객_수_현황(2020년).csv
2020-10-11,2020,10,11,6,일,1,0,0,0,0,18.0,17.0,9.0,8.0,7018,2643,2603,4557,4187,2831,6939,42,0,3,34,79,2020,문화재청_궁능원_관람객_수_현황(2020년).csv
2020-10-12,2020,10,12,0,월,0,0,0,0,0,18.0,17.0,9.0,8.0,2673,555,567,2448,1950,723,2646,16,0,3,8,27,2020,문화재청_궁능원_관람객_수_현황(2020년).csv
2020-10-13,2020,10,13,1,화,0,1,0,0,0,18.0,17.0,9.0,8.0,2453,1042,1288,4392,1936,517,2426,8,2,4,13,27,2020,문화재청_궁능원_관람객_수_현황(2020년).csv
2020-10-14,2020,10,14,2,수,0,0,0,0,0,18.0,17.0,9.0,8.0,3033,1091,1461,4707,2199,834,3008,13,0,5,7,25,2020,문화재청_궁능원_관람객_수_현황(2020년).csv
2020-10-15,2020,10,15,3,목,0,0,0,0,0,18.0,17.0,9.0,8.0,3038,1089,1124,4812,2259,779,3019,8,0,1,10,19,2020,문화재청_궁능원_관람객_수_현황(2020년).csv
2020-10-16,2020,10,16,4,금,0,0,0,0,0,18.0,17.0,9.0,8.0,3668,1309,1536,4386,2326,1342,3612,41,0,5,10,56,2020,문화재청_궁능원_관람객_수_현황(2020년).csv
2020-10-17,2020,10,17,5,토,1,0,0,0,0,18.0,17.0,9.0,8.0,8864,3947,4451,8452,5462,3402,8703,113,11,23,14,161,2020,문화재청_궁능원_관람객_수_현황(2020년).csv
2020-10-18,2020,10,18,6,일,1,0,0,0,0,18.0,17.0,9.0,8.0,8218,3445,3856,6033,5151,3067,8114,58,4,13,29,104,2020,문화재청_궁능원_관람객_수_현황(2020년).csv
2020-10-19,2020,10,19,0,월,0,0,0,3,0,18.0,17.0,9.0,8.0,3242,0,0,0,2461,781,3194,31,0,13,4,48,2020,문화재청_궁능원_관람객_수_현황(2020년).csv
2020-10-20,2020,10,20,1,화,0,1,0,0,0,18.0,17.0,9.0,8.0,26,1730,1949,5888,0,26,24,0,0,0,2,2,2020,문화재청_궁능원_관람객_수_현황(2020년).csv
2020-10-21,2020,10,21,2,수,0,0,0,0,0,18.0,17.0,9.0,8.0,3303,1393,1710,16533,2453,850,3277,11,0,5,10,26,2020,문화재청_궁능원_관람객_수_현황(2020년).csv
2020-10-22,2020,10,22,3,목,0,0,0,0,0,18.0,17.0,9.0,8.0,3197,1498,1966,5465,2430,767,3171,18,0,3,5,26,2020,문화재청_궁능원_관람객_수_현황(2020년).csv
2020-10-23,2020,10,23,4,금,0,0,0,0,0,18.0,17.0,9.0,8.0,3952,1791,2341,5526,2618,1334,3896,34,0,6,16,56,2020,문화재청_궁능원_관람객_수_현황(2020년).csv
2020-10-24,2020,10,24,5,토,1,0,0,0,0,18.0,17.0,9.0,8.0,11135,5021,6233,10475,6384,4751,10850,239,4,8,34,285,2020,문화재청_궁능원_관람객_수_현황(2020년).csv
2020-10-25,2020,10,25,6,일,1,0,0,0,0,18.0,17.0,9.0,8.0,10811,5293,5887,11126,6562,4249,10562,178,2,10,59,249,2020,문화재청_궁능원_관람객_수_현황(2020년).csv
2020-10-26,2020,10,26,0,월,0,0,0,3,0,18.0,17.0,9.0,8.0,4250,0,0,0,3003,1247,4191,52,0,3,4,59,2020,문화재청_궁능원_관람객_수_현황(2020년).csv
2020-10-27,2020,10,27,1,화,0,1,0,0,0,18.0,17.0,9.0,8.0,34,2717,2764,8146,0,34,34,0,0,0,0,0,2020,문화재청_궁능원_관람객_수_현황(2020년).csv
2020-10-28,2020,10,28,2,수,0,0,0,0,0,18.0,17.0,9.0,8.0,6095,5923,5397,13841,1525,4570,5959,62,5,16,53,136,2020,문화재청_궁능원_관람객_수_현황(2020년).csv
2020-10-29,2020,10,29,3,목,0,0,0,0,0,18.0,17.0,9.0,8.0,4599,2809,3012,8643,3089,1510,4578,15,0,4,2,21,2020,문화재청_궁능원_관람객_수_현황(2020년).csv
2020-10-30,2020,10,30,4,금,0,0,0,0,0,18.0,17.0,9.0,8.0,5182,3022,3332,9597,3323,1859,5108,60,0,7,7,74,2020,문화재청_궁능원_관람객_수_현황(2020년).csv
2020-10-31,2020,10,31,5,토,1,0,0,0,0,18.0,17.0,9.0,8.0,13174,8107,8983,18158,8423,4751,12948,172,0,15,39,226,2020,문화재청_궁능원_관람객_수_현황(2020년).csv
2020-11-01,2020,11,1,6,일,1,0,0,0,0,17.0,16.0,8.0,7.0,3937,2745,2411,7961,2876,1061,3845,64,8,4,16,92,2020,문화재청_궁능원_관람객_수_현황(2020년).csv
2020-11-02,2020,11,2,0,월,0,0,0,3,0,17.0,16.0,8.0,7.0,4491,0,0,0,3189,1302,4448,27,0,2,14,43,2020,문화재청_궁능원_관람객_수_현황(2020년).csv
2020-11-03,2020,11,3,1,화,0,1,0,0,0,17.0,16.0,8.0,7.0,175,2724,2742,6765,0,175,175,0,0,0,0,0,2020,문화재청_궁능원_관람객_수_현황(2020년).csv
2020-11-04,2020,11,4,2,수,0,0,0,0,0,17.0,16.0,8.0,7.0,3826,2666,2761,6832,2729,1097,3767,37,6,2,14,59,2020,문화재청_궁능원_관람객_수_현황(2020년).csv
2020-11-05,2020,11,5,3,목,0,0,0,0,0,17.0,16.0,8.0,7.0,4481,3085,3214,6620,2959,1522,4454,13,0,11,3,27,2020,문화재청_궁능원_관람객_수_현황(2020년).csv
2020-11-06,2020,11,6,4,금,0,0,0,0,0,17.0,16.0,8.0,7.0,4714,2928,3190,8854,2983,1731,4670,41,0,1,2,44,2020,문화재청_궁능원_관람객_수_현황(2020년).csv
2020-11-07,2020,11,7,5,토,1,0,0,0,0,17.0,16.0,8.0,7.0,10730,7744,9789,17796,6912,3818,10474,198,3,22,33,256,2020,문화재청_궁능원_관람객_수_현황(2020년).csv
2020-11-08,2020,11,8,6,일,1,0,0,0,0,17.0,16.0,8.0,7.0,10976,7424,8292,14261,7078,3898,10681,209,0,27,59,295,2020,문화재청_궁능원_관람객_수_현황(2020년).csv
2020-11-09,2020,11,9,0,월,0,0,0,3,0,17.0,16.0,8.0,7.0,3977,0,0,0,2898,1079,3920,46,2,0,9,57,2020,문화재청_궁능원_관람객_수_현황(2020년).csv
2020-11-10,2020,11,10,1,화,0,1,0,0,0,17.0,16.0,8.0,7.0,97,3260,3546,8457,0,97,97,0,0,0,0,0,2020,문화재청_궁능원_관람객_수_현황(2020년).csv
2020-11-11,2020,11,11,2,수,0,0,0,0,0,17.0,16.0,8.0,7.0,4964,3364,3487,9181,3101,1863,4887,51,2,13,11,77,2020,문화재청_궁능원_관람객_수_현황(2020년).csv
2020-11-12,2020,11,12,3,목,0,0,0,0,0,17.0,16.0,8.0,7.0,4791,3083,3258,8646,3016,1775,4764,12,1,7,7,27,2020,문화재청_궁능원_관람객_수_현황(2020년).csv
2020-11-13,2020,11,13,4,금,0,0,0,0,0,17.0,16.0,8.0,7.0,4601,2541,3056,8659,3168,1433,4531,46,2,9,13,70,2020,문화재청_궁능원_관람객_수_현황(2020년).csv
2020-11-14,2020,11,14,5,토,1,0,0,0,0,17.0,16.0,8.0,7.0,10128,6094,7277,12984,6113,4015,9890,149,4,22,63,238,2020,문화재청_궁능원_관람객_수_현황(2020년).csv
2020-11-15,2020,11,15,6,일,1,0,0,0,0,17.0,16.0,8.0,7.0,8845,5352,6183,11744,5653,3192,8762,59,0,14,10,83,2020,문화재청_궁능원_관람객_수_현황(2020년).csv
2020-11-16,2020,11,16,0,월,0,0,0,3,0,17.0,16.0,8.0,7.0,4390,0,0,0,3080,1310,4354,28,0,8,0,36,2020,문화재청_궁능원_관람객_수_현황(2020년).csv
2020-11-17,2020,11,17,1,화,0,1,0,0,0,17.0,16.0,8.0,7.0,98,2321,2581,6617,0,98,98,0,0,0,0,0,2020,문화재청_궁능원_관람객_수_현황(2020년).csv
2020-11-18,2020,11,18,2,수,0,0,0,0,0,17.0,16.0,8.0,7.0,2049,1159,1165,5090,1562,487,2039,4,0,0,6,10,2020,문화재청_궁능원_관람객_수_현황(2020년).csv
2020-11-19,2020,11,19,3,목,0,0,0,0,0,17.0,16.0,8.0,7.0,1782,581,568,2322,1524,258,1765,11,0,1,5,17,2020,문화재청_궁능원_관람객_수_현황(2020년).csv
2020-11-20,2020,11,20,4,금,0,0,0,0,0,17.0,16.0,8.0,7.0,2666,1101,1060,3651,2019,647,2610,37,0,14,5,56,2020,문화재청_궁능원_관람객_수_현황(2020년).csv
2020-11-21,2020,11,21,5,토,1,0,0,0,0,17.0,16.0,8.0,7.0,5635,2775,2902,7283,3736,1899,5537,54,5,23,16,98,2020,문화재청_궁능원_관람객_수_현황(2020년).csv
2020-11-22,2020,11,22,6,일,1,0,0,0,0,17.0,16.0,8.0,7.0,4239,1807,1792,4083,2955,1284,4192,27,4,3,13,47,2020,문화재청_궁능원_관람객_수_현황(2020년).csv
2020-11-23,2020,11,23,0,월,0,0,0,3,0,17.0,16.0,8.0,7.0,2505,0,0,0,1993,512,2483,18,0,4,0,22,2020,문화재청_궁능원_관람객_수_현황(2020년).csv
2020-11-24,2020,11,24,1,화,0,1,0,0,0,17.0,16.0,8.0,7.0,33,1053,767,3508,0,33,33,0,0,0,0,0,2020,문화재청_궁능원_관람객_수_현황(2020년).csv
2020-11-25,2020,11,25,2,수,0,0,0,0,0,17.0,16.0,8.0,7.0,3258,2080,1734,5370,1399,1859,3192,36,0,4,26,66,2020,문화재청_궁능원_관람객_수_현황(2020년).csv
2020-11-26,2020,11,26,3,목,0,0,0,0,0,17.0,16.0,8.0,7.0,2203,837,864,3547,1755,448,2183,19,0,1,0,20,2020,문화재청_궁능원_관람객_수_현황(2020년).csv
2020-11-27,2020,11,27,4,금,0,0,0,0,0,17.0,16.0,8.0,7.0,2126,729,624,3209,1741,385,2086,30,2,2,6,40,2020,문화재청_궁능원_관람객_수_현황(2020년).csv
2020-11-28,2020,11,28,5,토,1,0,0,0,0,17.0,16.0,8.0,7.0,2937,987,818,2197,2302,635,2864,48,2,3,20,73,2020,문화재청_궁능원_관람객_수_현황(2020년).csv
2020-11-29,2020,11,29,6,일,1,0,0,0,0,17.0,16.0,8.0,7.0,2538,847,717,1757,2022,516,2512,23,0,3,0,26,2020,문화재청_궁능원_관람객_수_현황(2020년).csv
2020-11-30,2020,11,30,0,월,0,0,0,3,0,17.0,16.0,8.0,7.0,1527,0,0,0,1294,233,1521,6,0,0,0,6,2020,문화재청_궁능원_관람객_수_현황(2020년).csv
2020-12-01,2020,12,1,1,화,0,1,0,0,0,17.0,16.0,8.0,7.0,23,633,612,2614,0,23,23,0,0,0,0,0,2020,문화재청_궁능원_관람객_수_현황(2020년).csv
2020-12-02,2020,12,2,2,수,0,0,0,0,0,17.0,16.0,8.0,7.0,1692,473,501,2851,1418,274,1662,20,0,4,6,30,2020,문화재청_궁능원_관람객_수_현황(2020년).csv
2020-12-03,2020,12,3,3,목,0,0,0,0,0,17.0,16.0,8.0,7.0,1648,484,490,2727,1345,303,1635,10,0,3,0,13,2020,문화재청_궁능원_관람객_수_현황(2020년).csv
2020-12-04,2020,12,4,4,금,0,0,0,0,0,17.0,16.0,8.0,7.0,1952,441,459,2509,1655,297,1925,24,0,0,3,27,2020,문화재청_궁능원_관람객_수_현황(2020년).csv
2020-12-05,2020,12,5,5,토,1,0,0,0,0,17.0,16.0,8.0,7.0,2670,958,1090,1876,2157,513,2649,12,0,4,5,21,2020,문화재청_궁능원_관람객_수_현황(2020년).csv
2020-12-06,2020,12,6,6,일,1,0,0,0,0,17.0,16.0,8.0,7.0,2908,1082,1241,1702,2261,647,2860,31,0,16,1,48,2020,문화재청_궁능원_관람객_수_현황(2020년).csv
2020-12-07,2020,12,7,0,월,0,0,0,3,0,17.0,16.0,8.0,7.0,1078,0,0,0,867,211,1072,1,0,0,5,6,2020,문화재청_궁능원_관람객_수_현황(2020년).csv
2020-12-08,2020,12,8,1,화,0,1,0,0,0,17.0,16.0,8.0,7.0,41,391,479,2350,0,41,41,0,0,0,0,0,2020,문화재청_궁능원_관람객_수_현황(2020년).csv
2020-12-09,2020,12,9,2,수,0,0,0,0,0,17.0,16.0,8.0,7.0,972,277,530,2491,770,202,955,17,0,0,0,17,2020,문화재청_궁능원_관람객_수_현황(2020년).csv
2020-12-10,2020,12,10,3,목,0,0,0,0,0,17.0,16.0,8.0,7.0,1036,299,508,2542,810,226,1025,11,0,0,0,11,2020,문화재청_궁능원_관람객_수_현황(2020년).csv
2020-12-11,2020,12,11,4,금,0,0,0,0,0,17.0,16.0,8.0,7.0,1641,364,456,2232,1387,254,1623,18,0,0,0,18,2020,문화재청_궁능원_관람객_수_현황(2020년).csv
2020-12-12,2020,12,12,5,토,1,0,0,0,0,17.0,16.0,8.0,7.0,2555,803,771,1304,2094,461,2507,35,4,0,9,48,2020,문화재청_궁능원_관람객_수_현황(2020년).csv
2020-12-13,2020,12,13,6,일,1,0,0,0,0,17.0,16.0,8.0,7.0,2462,1235,1185,1288,2014,448,2407,30,1,4,20,55,2020,문화재청_궁능원_관람객_수_현황(2020년).csv
2020-12-14,2020,12,14,0,월,0,0,0,3,0,17.0,16.0,8.0,7.0,541,0,0,0,460,81,527,10,0,0,4,14,2020,문화재청_궁능원_관람객_수_현황(2020년).csv
2020-12-15,2020,12,15,1,화,0,1,0,0,0,17.0,16.0,8.0,7.0,10,214,310,1113,0,10,10,0,0,0,0,0,2020,문화재청_궁능원_관람객_수_현황(2020년).csv
2020-12-16,2020,12,16,2,수,0,0,0,0,0,17.0,16.0,8.0,7.0,586,160,216,1127,488,98,578,8,0,0,0,8,2020,문화재청_궁능원_관람객_수_현황(2020년).csv
2020-12-17,2020,12,17,3,목,0,0,0,0,0,17.0,16.0,8.0,7.0,1613,171,342,1451,1486,127,1600,13,0,0,0,13,2020,문화재청_궁능원_관람객_수_현황(2020년).csv
2020-12-18,2020,12,18,4,금,0,0,0,0,0,17.0,16.0,8.0,7.0,1593,1530,462,1537,1396,197,1561,16,5,0,11,32,2020,문화재청_궁능원_관람객_수_현황(2020년).csv
2020-12-19,2020,12,19,5,토,1,0,0,0,0,17.0,16.0,8.0,7.0,668,505,414,614,418,250,623,37,0,4,4,45,2020,문화재청_궁능원_관람객_수_현황(2020년).csv
2020-12-20,2020,12,20,6,일,1,0,0,0,0,17.0,16.0,8.0,7.0,838,546,530,790,526,312,813,18,0,5,2,25,2020,문화재청_궁능원_관람객_수_현황(2020년).csv
2020-12-21,2020,12,21,0,월,0,0,0,3,0,17.0,16.0,8.0,7.0,914,0,0,0,704,210,894,20,0,0,0,20,2020,문화재청_궁능원_관람객_수_현황(2020년).csv
2020-12-22,2020,12,22,1,화,0,1,0,0,0,17.0,16.0,8.0,7.0,11,414,528,2166,0,11,11,0,0,0,0,0,2020,문화재청_궁능원_관람객_수_현황(2020년).csv
2020-12-23,2020,12,23,2,수,0,0,0,0,0,17.0,16.0,8.0,7.0,419,263,408,2027,217,202,414,5,0,0,0,5,2020,문화재청_궁능원_관람객_수_현황(2020년).csv
2020-12-24,2020,12,24,3,목,0,0,0,0,0,17.0,16.0,8.0,7.0,506,378,439,1588,276,230,497,9,0,0,0,9,2020,문화재청_궁능원_관람객_수_현황(2020년).csv
2020-12-25,2020,12,25,4,금,0,0,0,0,1,17.0,16.0,8.0,7.0,1213,860,745,1607,803,410,1193,18,2,0,0,20,2020,문화재청_궁능원_관람객_수_현황(2020년).csv
2020-12-26,2020,12,26,5,토,1,0,0,0,0,17.0,16.0,8.0,7.0,1312,971,856,1967,843,469,1264,45,0,0,3,48,2020,문화재청_궁능원_관람객_수_현황(2020년).csv
2020-12-27,2020,12,27,6,일,1,0,0,0,0,17.0,16.0,8.0,7.0,1244,836,805,1273,790,454,1201,14,2,6,21,43,2020,문화재청_궁능원_관람객_수_현황(2020년).csv
2020-12-28,2020,12,28,0,월,0,0,0,3,0,17.0,16.0,8.0,7.0,736,0,0,0,419,317,718,18,0,0,0,18,2020,문화재청_궁능원_관람객_수_현황(2020년).csv
2020-12-29,2020,12,29,1,화,0,1,0,0,0,17.0,16.0,8.0,7.0,21,409,393,1597,0,21,21,0,0,0,0,0,2020,문화재청_궁능원_관람객_수_현황(2020년).csv
2020-12-30,2020,12,30,2,수,0,0,0,0,0,17.0,16.0,8.0,7.0,335,383,398,1072,0,335,320,11,0,0,4,15,2020,문화재청_궁능원_관람객_수_현황(2020년).csv
2020-12-31,2020,12,31,3,목,0,0,0,0,0,17.0,16.0,8.0,7.0,332,218,273,1201,170,162,312,15,0,3,2,20,2020,문화재청_궁능원_관람객_수_현황(2020년).csv
2021-01-01,2021,1,1,4,금,0,0,0,0,1,17.0,16.0,8.0,7.0,1583,770,697,988,1043,540,1565,4,0,0,14,18,2021,문화재청_궁능원_관람객_수_현황(2021년).csv
2021-01-02,2021,1,2,5,토,1,0,0,0,0,17.0,16.0,8.0,7.0,1376,804,654,1071,869,507,1366,10,0,0,0,10,2021,문화재청_궁능원_관람객_수_현황(2021년).csv
2021-01-03,2021,1,3,6,일,1,0,0,0,0,17.0,16.0,8.0,7.0,1028,630,560,801,604,424,1002,14,0,0,12,26,2021,문화재청_궁능원_관람객_수_현황(2021년).csv
2021-01-04,2021,1,4,0,월,0,0,0,3,0,17.0,16.0,8.0,7.0,317,0,0,0,148,169,314,3,0,0,0,3,2021,문화재청_궁능원_관람객_수_현황(2021년).csv
2021-01-05,2021,1,5,1,화,0,1,0,0,0,17.0,16.0,8.0,7.0,26,334,386,1239,0,26,25,0,0,0,1,1,2021,문화재청_궁능원_관람객_수_현황(2021년).csv
2021-01-06,2021,1,6,2,수,0,0,0,0,0,17.0,16.0,8.0,7.0,237,240,326,1271,114,123,231,6,0,0,0,6,2021,문화재청_궁능원_관람객_수_현황(2021년).csv
2021-01-07,2021,1,7,3,목,0,0,0,0,0,17.0,16.0,8.0,7.0,565,911,603,1077,323,242,557,5,0,0,3,8,2021,문화재청_궁능원_관람객_수_현황(2021년).csv
2021-01-08,2021,1,8,4,금,0,0,0,0,0,17.0,16.0,8.0,7.0,190,233,198,663,99,91,188,1,0,0,1,2,2021,문화재청_궁능원_관람객_수_현황(2021년).csv
2021-01-09,2021,1,9,5,토,1,0,0,0,0,17.0,16.0,8.0,7.0,478,557,348,554,303,175,466,10,0,0,2,12,2021,문화재청_궁능원_관람객_수_현황(2021년).csv
2021-01-10,2021,1,10,6,일,1,0,0,0,0,17.0,16.0,8.0,7.0,860,744,591,733,550,310,847,9,0,1,3,13,2021,문화재청_궁능원_관람객_수_현황(2021년).csv
2021-01-11,2021,1,11,0,월,0,0,0,3,0,17.0,16.0,8.0,7.0,244,0,0,0,121,123,236,0,0,0,8,8,2021,문화재청_궁능원_관람객_수_현황(2021년).csv
2021-01-12,2021,1,12,1,화,0,1,0,0,0,17.0,16.0,8.0,7.0,6,392,530,2027,0,6,6,0,0,0,0,0,2021,문화재청_궁능원_관람객_수_현황(2021년).csv
2021-01-13,2021,1,13,2,수,0,0,0,0,0,17.0,16.0,8.0,7.0,1013,1136,966,2259,534,479,1009,2,0,0,2,4,2021,문화재청_궁능원_관람객_수_현황(2021년).csv
2021-01-14,2021,1,14,3,목,0,0,0,0,0,17.0,16.0,8.0,7.0,619,623,692,2532,300,319,618,0,0,0,1,1,2021,문화재청_궁능원_관람객_수_현황(2021년).csv
2021-01-15,2021,1,15,4,금,0,0,0,0,0,17.0,16.0,8.0,7.0,452,357,393,1897,250,202,444,5,0,0,3,8,2021,문화재청_궁능원_관람객_수_현황(2021년).csv
2021-01-16,2021,1,16,5,토,1,0,0,0,0,17.0,16.0,8.0,7.0,1391,921,766,1208,844,547,1391,0,0,0,0,0,2021,문화재청_궁능원_관람객_수_현황(2021년).csv
2021-01-17,2021,1,17,6,일,1,0,0,0,0,17.0,16.0,8.0,7.0,1173,866,752,1003,731,442,1155,17,0,0,1,18,2021,문화재청_궁능원_관람객_수_현황(2021년).csv
2021-01-18,2021,1,18,0,월,0,0,0,3,0,17.0,16.0,8.0,7.0,966,0,0,0,532,434,952,11,0,2,1,14,2021,문화재청_궁능원_관람객_수_현황(2021년).csv
2021-01-19,2021,1,19,1,화,0,1,0,0,0,17.0,16.0,8.0,7.0,7,515,444,1573,0,7,7,0,0,0,0,0,2021,문화재청_궁능원_관람객_수_현황(2021년).csv
2021-01-20,2021,1,20,2,수,0,0,0,0,0,17.0,16.0,8.0,7.0,707,492,599,2214,337,370,702,5,0,0,0,5,2021,문화재청_궁능원_관람객_수_현황(2021년).csv
2021-01-21,2021,1,21,3,목,0,0,0,0,0,17.0,16.0,8.0,7.0,432,308,323,1848,192,240,427,4,0,0,1,5,2021,문화재청_궁능원_관람객_수_현황(2021년).csv
2021-01-22,2021,1,22,4,금,0,0,0,0,0,17.0,16.0,8.0,7.0,625,423,465,3052,370,255,611,10,0,4,0,14,2021,문화재청_궁능원_관람객_수_현황(2021년).csv
2021-01-23,2021,1,23,5,토,1,0,0,0,0,17.0,16.0,8.0,7.0,2657,1454,1291,2788,1654,1003,2627,14,0,5,11,30,2021,문화재청_궁능원_관람객_수_현황(2021년).csv
2021-01-24,2021,1,24,6,일,1,0,0,0,0,17.0,16.0,8.0,7.0,3992,1781,1726,2866,2396,1596,3936,51,0,0,5,56,2021,문화재청_궁능원_관람객_수_현황(2021년).csv
2021-01-25,2021,1,25,0,월,0,0,0,3,0,17.0,16.0,8.0,7.0,1123,0,0,0,563,560,1113,7,0,0,3,10,2021,문화재청_궁능원_관람객_수_현황(2021년).csv
2021-01-26,2021,1,26,1,화,0,1,0,0,0,17.0,16.0,8.0,7.0,7,415,343,1458,0,7,7,0,0,0,0,0,2021,문화재청_궁능원_관람객_수_현황(2021년).csv
2021-01-27,2021,1,27,2,수,0,0,0,0,0,17.0,16.0,8.0,7.0,1693,1750,1494,4322,0,1693,1658,28,0,2,5,35,2021,문화재청_궁능원_관람객_수_현황(2021년).csv
2021-01-28,2021,1,28,3,목,0,0,0,0,0,17.0,16.0,8.0,7.0,619,660,518,1520,344,275,605,10,0,4,0,14,2021,문화재청_궁능원_관람객_수_현황(2021년).csv
2021-01-29,2021,1,29,4,금,0,0,0,0,0,17.0,16.0,8.0,7.0,324,262,232,1081,151,173,321,3,0,0,0,3,2021,문화재청_궁능원_관람객_수_현황(2021년).csv
2021-01-30,2021,1,30,5,토,1,0,0,0,0,17.0,16.0,8.0,7.0,2221,1499,1082,1868,1385,836,2203,16,0,2,0,18,2021,문화재청_궁능원_관람객_수_현황(2021년).csv
2021-01-31,2021,1,31,6,일,1,0,0,0,0,17.0,16.0,8.0,7.0,2802,1366,1145,2243,1690,1112,2745,37,0,5,15,57,2021,문화재청_궁능원_관람객_수_현황(2021년).csv
2021-02-01,2021,2,1,0,월,0,0,0,3,0,17.0,16.0,8.0,7.0,656,0,0,0,322,334,651,1,0,0,4,5,2021,문화재청_궁능원_관람객_수_현황(2021년).csv
2021-02-02,2021,2,2,1,화,0,1,0,0,0,17.0,16.0,8.0,7.0,29,476,420,1580,0,29,29,0,0,0,0,0,2021,문화재청_궁능원_관람객_수_현황(2021년).csv
2021-02-03,2021,2,3,2,수,0,0,0,0,0,17.0,16.0,8.0,7.0,520,417,446,2022,220,300,509,6,0,2,3,11,2021,문화재청_궁능원_관람객_수_현황(2021년).csv
2021-02-04,2021,2,4,3,목,0,0,0,0,0,17.0,16.0,8.0,7.0,1002,1145,978,2277,477,525,993,5,0,3,1,9,2021,문화재청_궁능원_관람객_수_현황(2021년).csv
2021-02-05,2021,2,5,4,금,0,0,0,0,0,17.0,16.0,8.0,7.0,780,576,509,2771,386,394,770,5,0,0,5,10,2021,문화재청_궁능원_관람객_수_현황(2021년).csv
2021-02-06,2021,2,6,5,토,1,0,0,0,0,17.0,16.0,8.0,7.0,2512,1615,1290,3536,1559,953,2449,36,0,5,22,63,2021,문화재청_궁능원_관람객_수_현황(2021년).csv
2021-02-07,2021,2,7,6,일,1,0,0,0,0,17.0,16.0,8.0,7.0,2300,1387,1017,2378,1314,986,2275,24,0,1,0,25,2021,문화재청_궁능원_관람객_수_현황(2021년).csv
2021-02-08,2021,2,8,0,월,0,0,0,3,0,17.0,16.0,8.0,7.0,640,0,0,0,305,335,632,7,0,1,0,8,2021,문화재청_궁능원_관람객_수_현황(2021년).csv
2021-02-09,2021,2,9,1,화,0,1,0,0,0,17.0,16.0,8.0,7.0,13,819,649,1746,0,13,5,0,0,0,8,8,2021,문화재청_궁능원_관람객_수_현황(2021년).csv
2021-02-10,2021,2,10,2,수,0,0,0,0,0,17.0,16.0,8.0,7.0,942,649,635,2858,413,529,936,6,0,0,0,6,2021,문화재청_궁능원_관람객_수_현황(2021년).csv
2021-02-11,2021,2,11,3,목,0,0,0,0,1,17.0,16.0,8.0,7.0,5375,2172,1488,3840,2727,2648,5225,105,1,18,26,150,2021,문화재청_궁능원_관람객_수_현황(2021년).csv
2021-02-12,2021,2,12,4,금,0,0,0,0,1,17.0,16.0,8.0,7.0,10389,4079,3331,5040,6235,4154,10049,195,0,46,99,340,2021,문화재청_궁능원_관람객_수_현황(2021년).csv
2021-02-13,2021,2,13,5,토,1,0,0,0,1,17.0,16.0,8.0,7.0,9882,4095,3311,6125,5759,4123,9617,146,0,20,99,265,2021,문화재청_궁능원_관람객_수_현황(2021년).csv
2021-02-14,2021,2,14,6,일,1,0,0,0,0,17.0,16.0,8.0,7.0,4618,2030,1552,3054,2638,1980,4519,74,0,13,12,99,2021,문화재청_궁능원_관람객_수_현황(2021년).csv
2021-02-15,2021,2,15,0,월,0,0,0,3,0,17.0,16.0,8.0,7.0,749,0,0,0,309,440,742,4,0,0,3,7,2021,문화재청_궁능원_관람객_수_현황(2021년).csv
2021-02-16,2021,2,16,1,화,0,1,0,0,0,17.0,16.0,8.0,7.0,2,745,584,1677,0,2,2,0,0,0,0,0,2021,문화재청_궁능원_관람객_수_현황(2021년).csv
2021-02-17,2021,2,17,2,수,0,0,0,0,0,17.0,16.0,8.0,7.0,441,299,288,1376,175,266,415,16,0,3,7,26,2021,문화재청_궁능원_관람객_수_현황(2021년).csv
2021-02-18,2021,2,18,3,목,0,0,0,0,0,17.0,16.0,8.0,7.0,570,425,427,2209,256,314,558,6,2,4,0,12,2021,문화재청_궁능원_관람객_수_현황(2021년).csv
2021-02-19,2021,2,19,4,금,0,0,0,0,0,17.0,16.0,8.0,7.0,1264,771,710,3297,560,704,1217,36,0,6,5,47,2021,문화재청_궁능원_관람객_수_현황(2021년).csv
2021-02-20,2021,2,20,5,토,1,0,0,0,0,17.0,16.0,8.0,7.0,4074,2234,2048,6590,2416,1658,3967,87,0,8,12,107,2021,문화재청_궁능원_관람객_수_현황(2021년).csv
2021-02-21,2021,2,21,6,일,1,0,0,0,0,17.0,16.0,8.0,7.0,4666,2477,2204,4983,2762,1904,4607,37,0,13,9,59,2021,문화재청_궁능원_관람객_수_현황(2021년).csv
2021-02-22,2021,2,22,0,월,0,0,0,3,0,17.0,16.0,8.0,7.0,1735,0,0,0,759,976,1709,19,0,4,3,26,2021,문화재청_궁능원_관람객_수_현황(2021년).csv
2021-02-23,2021,2,23,1,화,0,1,1,0,0,17.0,16.0,8.0,7.0,0,902,814,3464,0,0,0,0,0,0,0,0,2021,문화재청_궁능원_관람객_수_현황(2021년).csv
2021-02-24,2021,2,24,2,수,0,0,0,0,0,17.0,16.0,8.0,7.0,2360,2556,2134,5984,0,2360,2301,27,4,5,23,59,2021,문화재청_궁능원_관람객_수_현황(2021년).csv
2021-02-25,2021,2,25,3,목,0,0,0,0,0,17.0,16.0,8.0,7.0,1381,758,799,3699,578,803,1368,3,0,9,1,13,2021,문화재청_궁능원_관람객_수_현황(2021년).csv
2021-02-26,2021,2,26,4,금,0,0,0,0,0,17.0,16.0,8.0,7.0,2000,1183,1475,5075,957,1043,1978,18,0,2,2,22,2021,문화재청_궁능원_관람객_수_현황(2021년).csv
2021-02-27,2021,2,27,5,토,1,0,0,0,0,17.0,16.0,8.0,7.0,6168,3001,2745,5991,3547,2621,6069,93,0,3,3,99,2021,문화재청_궁능원_관람객_수_현황(2021년).csv
2021-02-28,2021,2,28,6,일,1,0,0,0,0,17.0,16.0,8.0,7.0,6997,2677,2467,5485,4150,2847,6882,100,0,2,13,115,2021,문화재청_궁능원_관람객_수_현황(2021년).csv
2021-03-01,2021,3,1,0,월,0,0,0,0,1,18.0,17.0,9.0,8.0,397,281,115,580,194,203,397,0,0,0,0,0,2021,문화재청_궁능원_관람객_수_현황(2021년).csv
2021-03-02,2021,3,2,1,화,0,1,0,0,0,18.0,17.0,9.0,8.0,25,627,673,2646,0,25,25,0,0,0,0,0,2021,문화재청_궁능원_관람객_수_현황(2021년).csv
2021-03-03,2021,3,3,2,수,0,0,0,0,0,18.0,17.0,9.0,8.0,923,701,774,3911,494,429,894,25,0,4,0,29,2021,문화재청_궁능원_관람객_수_현황(2021년).csv
2021-03-04,2021,3,4,3,목,0,0,0,0,0,18.0,17.0,9.0,8.0,745,629,644,3683,384,361,730,13,0,0,2,15,2021,문화재청_궁능원_관람객_수_현황(2021년).csv
2021-03-05,2021,3,5,4,금,0,0,0,0,0,18.0,17.0,9.0,8.0,1320,972,981,5007,668,652,1284,36,0,0,0,36,2021,문화재청_궁능원_관람객_수_현황(2021년).csv
2021-03-06,2021,3,6,5,토,1,0,0,0,0,18.0,17.0,9.0,8.0,4111,2058,1679,3939,2342,1769,4016,90,0,5,0,95,2021,문화재청_궁능원_관람객_수_현황(2021년).csv
2021-03-07,2021,3,7,6,일,1,0,0,0,0,18.0,17.0,9.0,8.0,5171,2348,2140,3961,2927,2244,5091,58,0,10,12,80,2021,문화재청_궁능원_관람객_수_현황(2021년).csv
2021-03-08,2021,3,8,0,월,0,0,0,3,0,18.0,17.0,9.0,8.0,1202,0,0,0,605,597,1193,7,0,2,0,9,2021,문화재청_궁능원_관람객_수_현황(2021년).csv
2021-03-09,2021,3,9,1,화,0,1,0,0,0,18.0,17.0,9.0,8.0,13,906,882,4643,0,13,13,0,0,0,0,0,2021,문화재청_궁능원_관람객_수_현황(2021년).csv
2021-03-10,2021,3,10,2,수,0,0,0,0,0,18.0,17.0,9.0,8.0,1205,994,923,4776,623,582,1179,23,0,1,2,26,2021,문화재청_궁능원_관람객_수_현황(2021년).csv
2021-03-11,2021,3,11,3,목,0,0,0,0,0,18.0,17.0,9.0,8.0,968,811,867,4450,491,477,955,8,0,0,5,13,2021,문화재청_궁능원_관람객_수_현황(2021년).csv
2021-03-12,2021,3,12,4,금,0,0,0,0,0,18.0,17.0,9.0,8.0,750,678,594,3866,359,391,736,6,0,4,4,14,2021,문화재청_궁능원_관람객_수_현황(2021년).csv
2021-03-13,2021,3,13,5,토,1,0,0,0,0,18.0,17.0,9.0,8.0,5668,2967,2209,6507,3130,2538,5572,76,0,11,9,96,2021,문화재청_궁능원_관람객_수_현황(2021년).csv
2021-03-14,2021,3,14,6,일,1,0,0,0,0,18.0,17.0,9.0,8.0,4611,2488,2003,3947,2698,1913,4543,60,1,6,1,68,2021,문화재청_궁능원_관람객_수_현황(2021년).csv
2021-03-15,2021,3,15,0,월,0,0,0,3,0,18.0,17.0,9.0,8.0,1024,0,0,0,565,459,1023,1,0,0,0,1,2021,문화재청_궁능원_관람객_수_현황(2021년).csv
2021-03-16,2021,3,16,1,화,0,1,0,0,0,18.0,17.0,9.0,8.0,14,1218,1081,4754,0,14,14,0,0,0,0,0,2021,문화재청_궁능원_관람객_수_현황(2021년).csv
2021-03-17,2021,3,17,2,수,0,0,0,0,0,18.0,17.0,9.0,8.0,1254,1367,1142,5424,650,604,1230,24,0,0,0,24,2021,문화재청_궁능원_관람객_수_현황(2021년).csv
2021-03-18,2021,3,18,3,목,0,0,0,0,0,18.0,17.0,9.0,8.0,1071,1975,1361,5361,551,520,1064,6,0,1,0,7,2021,문화재청_궁능원_관람객_수_현황(2021년).csv
2021-03-19,2021,3,19,4,금,0,0,0,0,0,18.0,17.0,9.0,8.0,1704,2899,2027,6106,889,815,1651,49,0,2,2,53,2021,문화재청_궁능원_관람객_수_현황(2021년).csv
2021-03-20,2021,3,20,5,토,1,0,0,0,0,18.0,17.0,9.0,8.0,1899,2502,1440,2791,1091,808,1878,21,0,0,0,21,2021,문화재청_궁능원_관람객_수_현황(2021년).csv
2021-03-21,2021,3,21,6,일,1,0,0,0,0,18.0,17.0,9.0,8.0,3596,5827,2932,3421,1934,1662,3548,37,0,8,3,48,2021,문화재청_궁능원_관람객_수_현황(2021년).csv
2021-03-22,2021,3,22,0,월,0,0,0,3,0,18.0,17.0,9.0,8.0,1626,0,0,0,847,779,1602,22,0,2,0,24,2021,문화재청_궁능원_관람객_수_현황(2021년).csv
2021-03-23,2021,3,23,1,화,0,1,0,0,0,18.0,17.0,9.0,8.0,4,5181,3012,6248,0,4,4,0,0,0,0,0,2021,문화재청_궁능원_관람객_수_현황(2021년).csv
2021-03-24,2021,3,24,2,수,0,0,0,0,0,18.0,17.0,9.0,8.0,1638,4952,3118,6698,845,793,1618,15,0,5,0,20,2021,문화재청_궁능원_관람객_수_현황(2021년).csv
2021-03-25,2021,3,25,3,목,0,0,0,0,0,18.0,17.0,9.0,8.0,1936,5944,3554,7105,998,938,1904,25,0,7,0,32,2021,문화재청_궁능원_관람객_수_현황(2021년).csv
2021-03-26,2021,3,26,4,금,0,0,0,0,0,18.0,17.0,9.0,8.0,1933,6636,3925,6889,971,962,1908,21,0,0,4,25,2021,문화재청_궁능원_관람객_수_현황(2021년).csv
2021-03-27,2021,3,27,5,토,1,0,0,0,0,18.0,17.0,9.0,8.0,1752,4080,1954,2773,997,755,1710,39,0,3,0,42,2021,문화재청_궁능원_관람객_수_현황(2021년).csv
2021-03-28,2021,3,28,6,일,1,0,0,0,0,18.0,17.0,9.0,8.0,2493,4791,2594,3289,1406,1087,2424,61,0,1,7,69,2021,문화재청_궁능원_관람객_수_현황(2021년).csv
2021-03-29,2021,3,29,0,월,0,0,0,3,0,18.0,17.0,9.0,8.0,1608,0,0,0,807,801,1572,22,0,0,14,36,2021,문화재청_궁능원_관람객_수_현황(2021년).csv
2021-03-30,2021,3,30,1,화,0,1,0,0,0,18.0,17.0,9.0,8.0,16,4391,3552,7453,0,16,16,0,0,0,0,0,2021,문화재청_궁능원_관람객_수_현황(2021년).csv
2021-03-31,2021,3,31,2,수,0,0,0,0,0,18.0,17.0,9.0,8.0,4991,16419,8856,17360,0,4991,4887,73,2,7,22,104,2021,문화재청_궁능원_관람객_수_현황(2021년).csv
2021-04-01,2021,4,1,3,목,0,0,0,0,0,18.0,17.0,9.0,8.0,4689,4519,4336,10253,3265,1424,4665,19,0,1,4,24,2021,문화재청_궁능원_관람객_수_현황(2021년).csv
2021-04-02,2021,4,2,4,금,0,0,0,0,0,18.0,17.0,9.0,8.0,5084,4620,4168,10164,3290,1794,5055,19,1,2,7,29,2021,문화재청_궁능원_관람객_수_현황(2021년).csv
2021-04-03,2021,4,3,5,토,1,0,0,0,0,18.0,17.0,9.0,8.0,2156,1397,688,1696,1790,366,2148,8,0,0,0,8,2021,문화재청_궁능원_관람객_수_현황(2021년).csv
2021-04-04,2021,4,4,6,일,1,0,0,0,0,18.0,17.0,9.0,8.0,8670,5854,5245,7420,5597,3073,8575,83,0,7,5,95,2021,문화재청_궁능원_관람객_수_현황(2021년).csv
2021-04-05,2021,4,5,0,월,0,0,0,3,0,18.0,17.0,9.0,8.0,2890,0,0,0,1559,1331,2852,20,3,9,6,38,2021,문화재청_궁능원_관람객_수_현황(2021년).csv
2021-04-06,2021,4,6,1,화,0,1,0,0,0,18.0,17.0,9.0,8.0,10,2917,2658,7952,0,10,10,0,0,0,0,0,2021,문화재청_궁능원_관람객_수_현황(2021년).csv
2021-04-07,2021,4,7,2,수,0,0,0,0,0,18.0,17.0,9.0,8.0,3978,2349,2464,7277,2826,1152,3956,12,0,0,10,22,2021,문화재청_궁능원_관람객_수_현황(2021년).csv
2021-04-08,2021,4,8,3,목,0,0,0,0,0,18.0,17.0,9.0,8.0,3672,2290,2312,7440,2687,985,3653,11,0,0,8,19,2021,문화재청_궁능원_관람객_수_현황(2021년).csv
2021-04-09,2021,4,9,4,금,0,0,0,0,0,18.0,17.0,9.0,8.0,4034,2508,2532,7690,2782,1252,4011,20,0,1,2,23,2021,문화재청_궁능원_관람객_수_현황(2021년).csv
2021-04-10,2021,4,10,5,토,1,0,0,0,0,18.0,17.0,9.0,8.0,10245,5800,5253,8030,6581,3664,10103,107,18,15,2,142,2021,문화재청_궁능원_관람객_수_현황(2021년).csv
2021-04-11,2021,4,11,6,일,1,0,0,0,0,18.0,17.0,9.0,8.0,9064,4621,4289,5993,5816,3248,8884,160,4,5,11,180,2021,문화재청_궁능원_관람객_수_현황(2021년).csv
2021-04-12,2021,4,12,0,월,0,0,0,3,0,18.0,17.0,9.0,8.0,507,0,0,0,273,234,498,9,0,0,0,9,2021,문화재청_궁능원_관람객_수_현황(2021년).csv
2021-04-13,2021,4,13,1,화,0,1,0,0,0,18.0,17.0,9.0,8.0,5,1511,1259,5698,0,5,5,0,0,0,0,0,2021,문화재청_궁능원_관람객_수_현황(2021년).csv
2021-04-14,2021,4,14,2,수,0,0,0,0,0,18.0,17.0,9.0,8.0,3253,1551,1392,6381,2488,765,3245,7,0,1,0,8,2021,문화재청_궁능원_관람객_수_현황(2021년).csv
2021-04-15,2021,4,15,3,목,0,0,0,0,0,18.0,17.0,9.0,8.0,3369,1487,1734,6950,2608,761,3358,7,0,0,4,11,2021,문화재청_궁능원_관람객_수_현황(2021년).csv
2021-04-16,2021,4,16,4,금,0,0,0,0,0,18.0,17.0,9.0,8.0,2755,1048,921,2718,2257,498,2722,23,1,8,1,33,2021,문화재청_궁능원_관람객_수_현황(2021년).csv
2021-04-17,2021,4,17,5,토,1,0,0,0,0,18.0,17.0,9.0,8.0,6516,2735,2187,4657,4549,1967,6116,351,4,5,40,400,2021,문화재청_궁능원_관람객_수_현황(2021년).csv
2021-04-18,2021,4,18,6,일,1,0,0,0,0,18.0,17.0,9.0,8.0,9177,4177,3910,5813,5994,3183,9039,126,4,3,5,138,2021,문화재청_궁능원_관람객_수_현황(2021년).csv
2021-04-19,2021,4,19,0,월,0,0,0,3,0,18.0,17.0,9.0,8.0,1980,0,0,0,1124,856,1946,12,0,3,19,34,2021,문화재청_궁능원_관람객_수_현황(2021년).csv
2021-04-20,2021,4,20,1,화,0,1,0,0,0,18.0,17.0,9.0,8.0,11,1761,1786,6810,0,11,11,0,0,0,0,0,2021,문화재청_궁능원_관람객_수_현황(2021년).csv
2021-04-21,2021,4,21,2,수,0,0,0,0,0,18.0,17.0,9.0,8.0,3140,1591,1569,6441,2447,693,3133,6,0,0,1,7,2021,문화재청_궁능원_관람객_수_현황(2021년).csv
2021-04-22,2021,4,22,3,목,0,0,0,0,0,18.0,17.0,9.0,8.0,3035,1373,1343,5041,2338,697,3022,8,0,3,2,13,2021,문화재청_궁능원_관람객_수_현황(2021년).csv
2021-04-23,2021,4,23,4,금,0,0,0,0,0,18.0,17.0,9.0,8.0,3395,1549,1350,4942,2604,791,3358,17,0,1,19,37,2021,문화재청_궁능원_관람객_수_현황(2021년).csv
2021-04-24,2021,4,24,5,토,1,0,0,0,0,18.0,17.0,9.0,8.0,8962,3823,3754,6788,5823,3139,8721,205,2,13,21,241,2021,문화재청_궁능원_관람객_수_현황(2021년).csv
2021-04-25,2021,4,25,6,일,1,0,0,0,0,18.0,17.0,9.0,8.0,8773,4005,3734,6186,5654,3119,8612,127,4,11,19,161,2021,문화재청_궁능원_관람객_수_현황(2021년).csv
2021-04-26,2021,4,26,0,월,0,0,0,3,0,18.0,17.0,9.0,8.0,1709,0,0,0,877,832,1694,11,0,0,4,15,2021,문화재청_궁능원_관람객_수_현황(2021년).csv
2021-04-27,2021,4,27,1,화,0,1,0,0,0,18.0,17.0,9.0,8.0,4,1523,1324,5239,0,4,4,0,0,0,0,0,2021,문화재청_궁능원_관람객_수_현황(2021년).csv
2021-04-28,2021,4,28,2,수,0,0,0,0,0,18.0,17.0,9.0,8.0,4644,3524,2942,9096,1708,2936,4560,45,7,7,25,84,2021,문화재청_궁능원_관람객_수_현황(2021년).csv
2021-04-29,2021,4,29,3,목,0,0,0,0,0,18.0,17.0,9.0,8.0,3159,1367,1152,4493,2366,793,3129,26,0,4,0,30,2021,문화재청_궁능원_관람객_수_현황(2021년).csv
2021-04-30,2021,4,30,4,금,0,0,0,0,0,18.0,17.0,9.0,8.0,1257,1191,1101,5235,570,687,1209,42,0,2,4,48,2021,문화재청_궁능원_관람객_수_현황(2021년).csv
2021-05-01,2021,5,1,5,토,1,0,0,0,0,18.0,17.0,9.0,8.0,4443,1737,1403,3044,3095,1348,4323,99,0,8,13,120,2021,문화재청_궁능원_관람객_수_현황(2021년).csv
2021-05-02,2021,5,2,6,일,1,0,0,0,0,18.0,17.0,9.0,8.0,10559,4512,4703,7104,6449,4110,10497,52,3,7,0,62,2021,문화재청_궁능원_관람객_수_현황(2021년).csv
2021-05-03,2021,5,3,0,월,0,0,0,0,0,18.0,17.0,9.0,8.0,5001,1077,1012,2004,3233,1768,4959,30,2,5,5,42,2021,문화재청_궁능원_관람객_수_현황(2021년).csv
2021-05-04,2021,5,4,1,화,0,1,0,0,0,18.0,17.0,9.0,8.0,1697,787,582,3219,1475,222,1697,0,0,0,0,0,2021,문화재청_궁능원_관람객_수_현황(2021년).csv
2021-05-05,2021,5,5,2,수,0,0,0,0,1,18.0,17.0,9.0,8.0,15295,6127,5680,9489,8180,7115,15207,64,3,8,13,88,2021,문화재청_궁능원_관람객_수_현황(2021년).csv
2021-05-06,2021,5,6,3,목,0,0,0,0,0,18.0,17.0,9.0,8.0,4943,1936,1945,6629,3077,1866,4890,46,1,2,4,53,2021,문화재청_궁능원_관람객_수_현황(2021년).csv
2021-05-07,2021,5,7,4,금,0,0,0,0,0,18.0,17.0,9.0,8.0,3689,1366,1054,4529,2458,1231,3676,10,0,0,3,13,2021,문화재청_궁능원_관람객_수_현황(2021년).csv
2021-05-08,2021,5,8,5,토,1,0,0,0,0,18.0,17.0,9.0,8.0,6036,2565,1874,4322,3883,2153,5957,67,4,4,4,79,2021,문화재청_궁능원_관람객_수_현황(2021년).csv
2021-05-09,2021,5,9,6,일,1,0,0,0,0,18.0,17.0,9.0,8.0,9229,3585,3667,5769,5379,3850,9052,128,9,7,33,177,2021,문화재청_궁능원_관람객_수_현황(2021년).csv
2021-05-10,2021,5,10,0,월,0,0,0,3,0,18.0,17.0,9.0,8.0,779,0,0,0,378,401,779,0,0,0,0,0,2021,문화재청_궁능원_관람객_수_현황(2021년).csv
2021-05-11,2021,5,11,1,화,0,1,0,0,0,18.0,17.0,9.0,8.0,9,1704,1677,6667,0,9,9,0,0,0,0,0,2021,문화재청_궁능원_관람객_수_현황(2021년).csv
2021-05-12,2021,5,12,2,수,0,0,0,0,0,18.0,17.0,9.0,8.0,3546,1329,1418,3651,2540,1006,3528,11,0,0,7,18,2021,문화재청_궁능원_관람객_수_현황(2021년).csv
2021-05-13,2021,5,13,3,목,0,0,0,0,0,18.0,17.0,9.0,8.0,3530,1244,1229,4687,2462,1068,3451,62,1,0,16,79,2021,문화재청_궁능원_관람객_수_현황(2021년).csv
2021-05-14,2021,5,14,4,금,0,0,0,0,0,18.0,17.0,9.0,8.0,3820,1364,1118,5410,2468,1352,3770,40,2,0,8,50,2021,문화재청_궁능원_관람객_수_현황(2021년).csv
2021-05-15,2021,5,15,5,토,1,0,0,0,0,18.0,17.0,9.0,8.0,4226,1759,1287,3213,2996,1230,4122,99,1,2,2,104,2021,문화재청_궁능원_관람객_수_현황(2021년).csv
2021-05-16,2021,5,16,6,일,1,0,0,0,0,18.0,17.0,9.0,8.0,2239,747,485,1350,1786,453,2211,28,0,0,0,28,2021,문화재청_궁능원_관람객_수_현황(2021년).csv
2021-05-17,2021,5,17,0,월,0,0,0,3,0,18.0,17.0,9.0,8.0,740,0,0,0,450,290,730,8,0,2,0,10,2021,문화재청_궁능원_관람객_수_현황(2021년).csv
2021-05-18,2021,5,18,1,화,0,1,0,0,0,18.0,17.0,9.0,8.0,9,1901,1738,6300,0,9,9,0,0,0,0,0,2021,문화재청_궁능원_관람객_수_현황(2021년).csv
2021-05-19,2021,5,19,2,수,0,0,0,0,1,18.0,17.0,9.0,8.0,12478,4807,4641,7610,6880,5598,12427,24,13,10,4,51,2021,문화재청_궁능원_관람객_수_현황(2021년).csv
2021-05-20,2021,5,20,3,목,0,0,0,0,0,18.0,17.0,9.0,8.0,2493,814,646,3482,2004,489,2476,11,0,6,0,17,2021,문화재청_궁능원_관람객_수_현황(2021년).csv
2021-05-21,2021,5,21,4,금,0,0,0,0,0,18.0,17.0,9.0,8.0,3338,1085,952,3383,2428,910,3294,21,0,3,20,44,2021,문화재청_궁능원_관람객_수_현황(2021년).csv
2021-05-22,2021,5,22,5,토,1,0,0,0,0,18.0,17.0,9.0,8.0,10897,3977,3926,7424,6424,4473,10772,99,4,3,19,125,2021,문화재청_궁능원_관람객_수_현황(2021년).csv
2021-05-23,2021,5,23,6,일,1,0,0,0,0,18.0,17.0,9.0,8.0,8979,2964,2564,5189,5288,3691,8817,98,5,8,51,162,2021,문화재청_궁능원_관람객_수_현황(2021년).csv
2021-05-24,2021,5,24,0,월,0,0,0,3,0,18.0,17.0,9.0,8.0,1631,0,0,0,916,715,1603,12,0,5,11,28,2021,문화재청_궁능원_관람객_수_현황(2021년).csv
2021-05-25,2021,5,25,1,화,0,1,0,0,0,18.0,17.0,9.0,8.0,13,1154,1048,3540,0,13,13,0,0,0,0,0,2021,문화재청_궁능원_관람객_수_현황(2021년).csv
2021-05-26,2021,5,26,2,수,0,0,0,0,0,18.0,17.0,9.0,8.0,4762,3422,3372,7090,1744,3018,4692,55,0,3,12,70,2021,문화재청_궁능원_관람객_수_현황(2021년).csv
2021-05-27,2021,5,27,3,목,0,0,0,0,0,18.0,17.0,9.0,8.0,2757,812,603,2551,2161,596,2721,28,2,1,5,36,2021,문화재청_궁능원_관람객_수_현황(2021년).csv
2021-05-28,2021,5,28,4,금,0,0,0,0,0,18.0,17.0,9.0,8.0,3129,875,881,3386,2317,812,3053,48,10,7,11,76,2021,문화재청_궁능원_관람객_수_현황(2021년).csv
2021-05-29,2021,5,29,5,토,1,0,0,0,0,18.0,17.0,9.0,8.0,7581,2572,2091,4967,4695,2886,7417,149,2,3,10,164,2021,문화재청_궁능원_관람객_수_현황(2021년).csv
2021-05-30,2021,5,30,6,일,1,0,0,0,0,18.0,17.0,9.0,8.0,9053,3125,3009,6324,5643,3410,8839,150,11,16,37,214,2021,문화재청_궁능원_관람객_수_현황(2021년).csv
2021-05-31,2021,5,31,0,월,0,0,0,3,0,18.0,17.0,9.0,8.0,1449,0,0,0,821,628,1394,37,3,5,10,55,2021,문화재청_궁능원_관람객_수_현황(2021년).csv
2021-06-01,2021,6,1,1,화,0,1,0,0,0,18.5,17.5,9.5,8.5,14,1285,1032,4404,0,14,14,0,0,0,0,0,2021,문화재청_궁능원_관람객_수_현황(2021년).csv
2021-06-02,2021,6,2,2,수,0,0,0,0,0,18.5,17.5,9.5,8.5,1176,1144,961,3546,599,577,1143,20,3,2,8,33,2021,문화재청_궁능원_관람객_수_현황(2021년).csv
2021-06-03,2021,6,3,3,목,0,0,0,0,0,18.5,17.5,9.5,8.5,450,501,414,2060,261,189,449,0,0,1,0,1,2021,문화재청_궁능원_관람객_수_현황(2021년).csv
2021-06-04,2021,6,4,4,금,0,0,0,0,0,18.5,17.5,9.5,8.5,1925,1488,1499,4749,1010,915,1885,23,2,3,12,40,2021,문화재청_궁능원_관람객_수_현황(2021년).csv
2021-06-05,2021,6,5,5,토,1,0,0,0,0,18.5,17.5,9.5,8.5,6999,3293,2993,5577,3977,3022,6875,95,1,8,20,124,2021,문화재청_궁능원_관람객_수_현황(2021년).csv
2021-06-06,2021,6,6,6,일,1,0,0,0,1,18.5,17.5,9.5,8.5,5378,2732,2058,3808,2916,2462,5314,22,5,13,24,64,2021,문화재청_궁능원_관람객_수_현황(2021년).csv
2021-06-07,2021,6,7,0,월,0,0,0,3,0,18.5,17.5,9.5,8.5,1404,0,0,0,853,551,1377,17,0,1,9,27,2021,문화재청_궁능원_관람객_수_현황(2021년).csv
2021-06-08,2021,6,8,1,화,0,1,0,0,0,18.5,17.5,9.5,8.5,9,1349,961,3653,0,9,9,0,0,0,0,0,2021,문화재청_궁능원_관람객_수_현황(2021년).csv
2021-06-09,2021,6,9,2,수,0,0,0,0,0,18.5,17.5,9.5,8.5,1052,965,803,2931,626,426,1044,6,2,0,0,8,2021,문화재청_궁능원_관람객_수_현황(2021년).csv
2021-06-10,2021,6,10,3,목,0,0,0,0,0,18.5,17.5,9.5,8.5,920,940,729,2958,515,405,896,18,0,2,4,24,2021,문화재청_궁능원_관람객_수_현황(2021년).csv
2021-06-11,2021,6,11,4,금,0,0,0,0,0,18.5,17.5,9.5,8.5,1254,943,844,4093,775,479,1216,28,1,2,7,38,2021,문화재청_궁능원_관람객_수_현황(2021년).csv
2021-06-12,2021,6,12,5,토,1,0,0,0,0,18.5,17.5,9.5,8.5,4706,2481,2294,4000,2669,2037,4597,79,5,1,24,109,2021,문화재청_궁능원_관람객_수_현황(2021년).csv
2021-06-13,2021,6,13,6,일,1,0,0,0,0,18.5,17.5,9.5,8.5,3941,2001,1796,2908,2240,1701,3837,79,3,3,19,104,2021,문화재청_궁능원_관람객_수_현황(2021년).csv
2021-06-14,2021,6,14,0,월,0,0,0,3,0,18.5,17.5,9.5,8.5,1256,0,0,0,742,514,1232,20,0,4,0,24,2021,문화재청_궁능원_관람객_수_현황(2021년).csv
2021-06-15,2021,6,15,1,화,0,1,0,0,0,18.5,17.5,9.5,8.5,5,1097,764,2887,0,5,5,0,0,0,0,0,2021,문화재청_궁능원_관람객_수_현황(2021년).csv
2021-06-16,2021,6,16,2,수,0,0,0,0,0,18.5,17.5,9.5,8.5,1701,1167,1089,3687,907,794,1691,8,0,2,0,10,2021,문화재청_궁능원_관람객_수_현황(2021년).csv
2021-06-17,2021,6,17,3,목,0,0,0,0,0,18.5,17.5,9.5,8.5,1475,1176,988,4219,792,683,1453,17,0,3,2,22,2021,문화재청_궁능원_관람객_수_현황(2021년).csv
2021-06-18,2021,6,18,4,금,0,0,0,0,0,18.5,17.5,9.5,8.5,1262,925,854,2249,707,555,1245,11,0,3,3,17,2021,문화재청_궁능원_관람객_수_현황(2021년).csv
2021-06-19,2021,6,19,5,토,1,0,0,0,0,18.5,17.5,9.5,8.5,5760,2707,2828,5154,3291,2469,5596,133,9,7,15,164,2021,문화재청_궁능원_관람객_수_현황(2021년).csv
2021-06-20,2021,6,20,6,일,1,0,0,0,0,18.5,17.5,9.5,8.5,4855,2190,2017,3330,2694,2161,4781,55,0,17,2,74,2021,문화재청_궁능원_관람객_수_현황(2021년).csv
2021-06-21,2021,6,21,0,월,0,0,0,3,0,18.5,17.5,9.5,8.5,1932,0,0,0,917,1015,1874,37,9,6,6,58,2021,문화재청_궁능원_관람객_수_현황(2021년).csv
2021-06-22,2021,6,22,1,화,0,1,0,0,0,18.5,17.5,9.5,8.5,16,1347,1044,4887,0,16,16,0,0,0,0,0,2021,문화재청_궁능원_관람객_수_현황(2021년).csv
2021-06-23,2021,6,23,2,수,0,0,0,0,0,18.5,17.5,9.5,8.5,1419,1111,947,4458,674,745,1393,17,3,1,5,26,2021,문화재청_궁능원_관람객_수_현황(2021년).csv
2021-06-24,2021,6,24,3,목,0,0,0,0,0,18.5,17.5,9.5,8.5,1894,1113,1180,3574,823,1071,1867,14,0,4,9,27,2021,문화재청_궁능원_관람객_수_현황(2021년).csv
2021-06-25,2021,6,25,4,금,0,0,0,0,0,18.5,17.5,9.5,8.5,1850,1394,1254,5321,893,957,1800,39,0,4,7,50,2021,문화재청_궁능원_관람객_수_현황(2021년).csv
2021-06-26,2021,6,26,5,토,1,0,0,0,0,18.5,17.5,9.5,8.5,5330,2658,2447,5368,3077,2253,5269,55,1,3,2,61,2021,문화재청_궁능원_관람객_수_현황(2021년).csv
2021-06-27,2021,6,27,6,일,1,0,0,0,0,18.5,17.5,9.5,8.5,4477,2044,1902,3642,2491,1986,4396,52,5,12,12,81,2021,문화재청_궁능원_관람객_수_현황(2021년).csv
2021-06-28,2021,6,28,0,월,0,0,0,3,0,18.5,17.5,9.5,8.5,1622,0,0,0,781,841,1598,23,0,0,1,24,2021,문화재청_궁능원_관람객_수_현황(2021년).csv
2021-06-29,2021,6,29,1,화,0,1,0,0,0,18.5,17.5,9.5,8.5,4,1112,786,4106,0,4,4,0,0,0,0,0,2021,문화재청_궁능원_관람객_수_현황(2021년).csv
2021-06-30,2021,6,30,2,수,0,0,0,0,0,18.5,17.5,9.5,8.5,1801,1657,1376,3394,0,1801,1635,127,6,8,25,166,2021,문화재청_궁능원_관람객_수_현황(2021년).csv
2021-07-01,2021,7,1,3,목,0,0,0,0,0,18.5,17.5,9.5,8.5,1020,1048,877,2811,480,540,1003,17,0,0,0,17,2021,문화재청_궁능원_관람객_수_현황(2021년).csv
2021-07-02,2021,7,2,4,금,0,0,0,0,0,18.5,17.5,9.5,8.5,1155,1004,796,3108,563,592,1125,25,0,0,5,30,2021,문화재청_궁능원_관람객_수_현황(2021년).csv
2021-07-03,2021,7,3,5,토,1,0,0,0,0,18.5,17.5,9.5,8.5,2373,1532,915,3184,1323,1050,2287,79,2,0,5,86,2021,문화재청_궁능원_관람객_수_현황(2021년).csv
2021-07-04,2021,7,4,6,일,1,0,0,0,0,18.5,17.5,9.5,8.5,1450,1156,707,1513,862,588,1395,42,2,2,9,55,2021,문화재청_궁능원_관람객_수_현황(2021년).csv
2021-07-05,2021,7,5,0,월,0,0,0,3,0,18.5,17.5,9.5,8.5,1477,0,0,0,688,789,1412,36,1,8,20,65,2021,문화재청_궁능원_관람객_수_현황(2021년).csv
2021-07-06,2021,7,6,1,화,0,1,0,0,0,18.5,17.5,9.5,8.5,5,1277,947,4505,0,5,5,0,0,0,0,0,2021,문화재청_궁능원_관람객_수_현황(2021년).csv
2021-07-07,2021,7,7,2,수,0,0,0,0,0,18.5,17.5,9.5,8.5,889,820,674,4607,443,446,856,27,0,6,0,33,2021,문화재청_궁능원_관람객_수_현황(2021년).csv
2021-07-08,2021,7,8,3,목,0,0,0,0,0,18.5,17.5,9.5,8.5,689,530,561,3423,405,284,669,17,1,2,0,20,2021,문화재청_궁능원_관람객_수_현황(2021년).csv
2021-07-09,2021,7,9,4,금,0,0,0,0,0,18.5,17.5,9.5,8.5,718,749,652,3623,349,369,681,28,0,3,6,37,2021,문화재청_궁능원_관람객_수_현황(2021년).csv
2021-07-10,2021,7,10,5,토,1,0,0,0,0,18.5,17.5,9.5,8.5,1630,1248,1057,2643,909,721,1564,49,4,2,11,66,2021,문화재청_궁능원_관람객_수_현황(2021년).csv
2021-07-11,2021,7,11,6,일,1,0,0,0,0,18.5,17.5,9.5,8.5,1260,1064,734,2056,702,558,1229,24,4,0,3,31,2021,문화재청_궁능원_관람객_수_현황(2021년).csv
2021-07-12,2021,7,12,0,월,0,0,0,3,0,18.5,17.5,9.5,8.5,529,0,0,0,274,255,505,22,2,0,0,24,2021,문화재청_궁능원_관람객_수_현황(2021년).csv
2021-07-13,2021,7,13,1,화,0,1,1,0,0,18.5,17.5,9.5,8.5,0,414,478,2397,0,0,0,0,0,0,0,0,2021,문화재청_궁능원_관람객_수_현황(2021년).csv
2021-07-14,2021,7,14,2,수,0,0,0,0,0,18.5,17.5,9.5,8.5,331,355,347,2228,186,145,320,7,0,0,4,11,2021,문화재청_궁능원_관람객_수_현황(2021년).csv
2021-07-15,2021,7,15,3,목,0,0,0,0,0,18.5,17.5,9.5,8.5,320,365,354,1525,157,163,304,13,0,0,3,16,2021,문화재청_궁능원_관람객_수_현황(2021년).csv
2021-07-16,2021,7,16,4,금,0,0,0,0,0,18.5,17.5,9.5,8.5,280,305,354,1657,144,136,272,5,0,0,3,8,2021,문화재청_궁능원_관람객_수_현황(2021년).csv
2021-07-17,2021,7,17,5,토,1,0,0,0,0,18.5,17.5,9.5,8.5,869,732,667,2156,508,361,844,18,0,0,7,25,2021,문화재청_궁능원_관람객_수_현황(2021년).csv
2021-07-18,2021,7,18,6,일,1,0,0,0,0,18.5,17.5,9.5,8.5,919,891,591,1566,482,437,877,23,0,2,17,42,2021,문화재청_궁능원_관람객_수_현황(2021년).csv
2021-07-19,2021,7,19,0,월,0,0,0,3,0,18.5,17.5,9.5,8.5,343,0,0,0,195,148,327,14,0,2,0,16,2021,문화재청_궁능원_관람객_수_현황(2021년).csv
2021-07-20,2021,7,20,1,화,0,1,0,0,0,18.5,17.5,9.5,8.5,3,432,451,2035,0,3,3,0,0,0,0,0,2021,문화재청_궁능원_관람객_수_현황(2021년).csv
2021-07-21,2021,7,21,2,수,0,0,0,0,0,18.5,17.5,9.5,8.5,325,223,309,1559,161,164,304,18,0,0,3,21,2021,문화재청_궁능원_관람객_수_현황(2021년).csv
2021-07-22,2021,7,22,3,목,0,0,0,0,0,18.5,17.5,9.5,8.5,303,202,275,2122,154,149,291,12,0,0,0,12,2021,문화재청_궁능원_관람객_수_현황(2021년).csv
2021-07-23,2021,7,23,4,금,0,0,0,0,0,18.5,17.5,9.5,8.5,275,263,261,1910,130,145,261,10,0,0,4,14,2021,문화재청_궁능원_관람객_수_현황(2021년).csv
2021-07-24,2021,7,24,5,토,1,0,0,0,0,18.5,17.5,9.5,8.5,545,540,462,1428,316,229,527,13,0,2,3,18,2021,문화재청_궁능원_관람객_수_현황(2021년).csv
2021-07-25,2021,7,25,6,일,1,0,0,0,0,18.5,17.5,9.5,8.5,577,424,398,1204,348,229,548,13,3,2,11,29,2021,문화재청_궁능원_관람객_수_현황(2021년).csv
2021-07-26,2021,7,26,0,월,0,0,0,3,0,18.5,17.5,9.5,8.5,343,0,0,0,186,157,324,16,0,0,3,19,2021,문화재청_궁능원_관람객_수_현황(2021년).csv
2021-07-27,2021,7,27,1,화,0,1,0,0,0,18.5,17.5,9.5,8.5,5,372,407,1620,0,5,5,0,0,0,0,0,2021,문화재청_궁능원_관람객_수_현황(2021년).csv
2021-07-28,2021,7,28,2,수,0,0,0,0,0,18.5,17.5,9.5,8.5,950,740,769,2520,0,950,885,42,2,11,10,65,2021,문화재청_궁능원_관람객_수_현황(2021년).csv
2021-07-29,2021,7,29,3,목,0,0,0,0,0,18.5,17.5,9.5,8.5,506,432,412,2073,263,243,484,16,0,2,4,22,2021,문화재청_궁능원_관람객_수_현황(2021년).csv
2021-07-30,2021,7,30,4,금,0,0,0,0,0,18.5,17.5,9.5,8.5,550,450,402,2128,273,277,526,17,0,4,3,24,2021,문화재청_궁능원_관람객_수_현황(2021년).csv
2021-07-31,2021,7,31,5,토,1,0,0,0,0,18.5,17.5,9.5,8.5,997,705,606,2182,604,393,928,46,0,0,23,69,2021,문화재청_궁능원_관람객_수_현황(2021년).csv
2021-08-01,2021,8,1,6,일,1,0,0,0,0,18.5,17.5,9.5,8.5,1135,793,528,1636,718,417,1088,27,4,5,11,47,2021,문화재청_궁능원_관람객_수_현황(2021년).csv
2021-08-02,2021,8,2,0,월,0,0,0,3,0,18.5,17.5,9.5,8.5,1474,0,0,0,864,610,1406,34,0,0,34,68,2021,문화재청_궁능원_관람객_수_현황(2021년).csv
2021-08-03,2021,8,3,1,화,0,1,0,0,0,18.5,17.5,9.5,8.5,3,905,627,2800,0,3,3,0,0,0,0,0,2021,문화재청_궁능원_관람객_수_현황(2021년).csv
2021-08-04,2021,8,4,2,수,0,0,0,0,0,18.5,17.5,9.5,8.5,963,723,524,2524,568,395,944,15,3,1,0,19,2021,문화재청_궁능원_관람객_수_현황(2021년).csv
2021-08-05,2021,8,5,3,목,0,0,0,0,0,18.5,17.5,9.5,8.5,1285,721,530,2211,927,358,1255,18,2,4,6,30,2021,문화재청_궁능원_관람객_수_현황(2021년).csv
2021-08-06,2021,8,6,4,금,0,0,0,0,0,18.5,17.5,9.5,8.5,778,621,518,3114,424,354,766,5,0,0,7,12,2021,문화재청_궁능원_관람객_수_현황(2021년).csv
2021-08-07,2021,8,7,5,토,1,0,0,0,0,18.5,17.5,9.5,8.5,1367,1065,948,2583,777,590,1289,49,0,2,27,78,2021,문화재청_궁능원_관람객_수_현황(2021년).csv
2021-08-08,2021,8,8,6,일,1,0,0,0,0,18.5,17.5,9.5,8.5,1105,833,610,1775,651,454,1051,32,0,6,16,54,2021,문화재청_궁능원_관람객_수_현황(2021년).csv
2021-08-09,2021,8,9,0,월,0,0,0,3,0,18.5,17.5,9.5,8.5,776,0,0,0,437,339,741,24,2,0,9,35,2021,문화재청_궁능원_관람객_수_현황(2021년).csv
2021-08-10,2021,8,10,1,화,0,1,0,0,0,18.5,17.5,9.5,8.5,3,699,608,1425,0,3,3,0,0,0,0,0,2021,문화재청_궁능원_관람객_수_현황(2021년).csv
2021-08-11,2021,8,11,2,수,0,0,0,0,0,18.5,17.5,9.5,8.5,853,607,674,541,426,427,841,8,0,0,4,12,2021,문화재청_궁능원_관람객_수_현황(2021년).csv
2021-08-12,2021,8,12,3,목,0,0,0,0,0,18.5,17.5,9.5,8.5,878,654,608,3026,426,452,829,26,0,8,15,49,2021,문화재청_궁능원_관람객_수_현황(2021년).csv
2021-08-13,2021,8,13,4,금,0,0,0,0,0,18.5,17.5,9.5,8.5,1114,756,670,4433,558,556,1093,15,0,6,0,21,2021,문화재청_궁능원_관람객_수_현황(2021년).csv
2021-08-14,2021,8,14,5,토,1,0,1,1,0,18.5,17.5,9.5,8.5,0,1647,1595,0,0,0,0,0,0,0,0,0,2021,문화재청_궁능원_관람객_수_현황(2021년).csv
2021-08-15,2021,8,15,6,일,1,0,1,1,1,18.5,17.5,9.5,8.5,0,1768,1739,0,0,0,0,0,0,0,0,0,2021,문화재청_궁능원_관람객_수_현황(2021년).csv
2021-08-16,2021,8,16,0,월,0,0,0,3,1,18.5,17.5,9.5,8.5,2368,0,0,0,1313,1055,2321,34,0,8,5,47,2021,문화재청_궁능원_관람객_수_현황(2021년).csv
2021-08-17,2021,8,17,1,화,0,1,0,0,0,18.5,17.5,9.5,8.5,15,964,698,2596,0,15,15,0,0,0,0,0,2021,문화재청_궁능원_관람객_수_현황(2021년).csv
2021-08-18,2021,8,18,2,수,0,0,0,0,0,18.5,17.5,9.5,8.5,883,710,648,3146,472,411,854,18,2,0,9,29,2021,문화재청_궁능원_관람객_수_현황(2021년).csv
2021-08-19,2021,8,19,3,목,0,0,0,0,0,18.5,17.5,9.5,8.5,1096,852,896,3536,561,535,1082,7,0,1,6,14,2021,문화재청_궁능원_관람객_수_현황(2021년).csv
2021-08-20,2021,8,20,4,금,0,0,0,0,0,18.5,17.5,9.5,8.5,1112,832,759,3492,566,546,1090,16,2,0,4,22,2021,문화재청_궁능원_관람객_수_현황(2021년).csv
2021-08-21,2021,8,21,5,토,1,0,0,0,0,18.5,17.5,9.5,8.5,1278,878,774,1926,790,488,1257,12,0,2,7,21,2021,문화재청_궁능원_관람객_수_현황(2021년).csv
2021-08-22,2021,8,22,6,일,1,0,0,0,0,18.5,17.5,9.5,8.5,3383,1942,1704,3983,1918,1465,3312,49,4,5,13,71,2021,문화재청_궁능원_관람객_수_현황(2021년).csv
2021-08-23,2021,8,23,0,월,0,0,0,3,0,18.5,17.5,9.5,8.5,508,0,0,0,272,236,499,8,0,1,0,9,2021,문화재청_궁능원_관람객_수_현황(2021년).csv
2021-08-24,2021,8,24,1,화,0,1,0,0,0,18.5,17.5,9.5,8.5,3,509,369,1341,0,3,3,0,0,0,0,0,2021,문화재청_궁능원_관람객_수_현황(2021년).csv
2021-08-25,2021,8,25,2,수,0,0,0,0,0,18.5,17.5,9.5,8.5,2207,2826,1341,3772,0,2207,2066,106,2,5,28,141,2021,문화재청_궁능원_관람객_수_현황(2021년).csv
2021-08-26,2021,8,26,3,목,0,0,0,0,0,18.5,17.5,9.5,8.5,991,791,668,3671,485,506,944,41,0,3,3,47,2021,문화재청_궁능원_관람객_수_현황(2021년).csv
2021-08-27,2021,8,27,4,금,0,0,0,0,0,18.5,17.5,9.5,8.5,686,552,557,3621,356,330,643,29,0,0,14,43,2021,문화재청_궁능원_관람객_수_현황(2021년).csv
2021-08-28,2021,8,28,5,토,1,0,0,0,0,18.5,17.5,9.5,8.5,4413,2197,2074,5690,2695,1718,4195,173,2,4,39,218,2021,문화재청_궁능원_관람객_수_현황(2021년).csv
2021-08-29,2021,8,29,6,일,1,0,0,0,0,18.5,17.5,9.5,8.5,4240,2067,1908,4371,2553,1687,4125,111,2,2,0,115,2021,문화재청_궁능원_관람객_수_현황(2021년).csv
2021-08-30,2021,8,30,0,월,0,0,0,3,0,18.5,17.5,9.5,8.5,1337,0,0,0,756,581,1280,56,0,1,0,57,2021,문화재청_궁능원_관람객_수_현황(2021년).csv
2021-08-31,2021,8,31,1,화,0,1,0,0,0,18.5,17.5,9.5,8.5,7,412,291,1114,0,7,7,0,0,0,0,0,2021,문화재청_궁능원_관람객_수_현황(2021년).csv
2021-09-01,2021,9,1,2,수,0,0,0,0,0,18.0,17.0,9.0,8.0,154,672,772,3946,68,86,146,8,0,0,0,8,2021,문화재청_궁능원_관람객_수_현황(2021년).csv
2021-09-02,2021,9,2,3,목,0,0,0,0,0,18.0,17.0,9.0,8.0,14,865,957,4363,0,14,14,0,0,0,0,0,2021,문화재청_궁능원_관람객_수_현황(2021년).csv
2021-09-03,2021,9,3,4,금,0,0,0,0,0,18.0,17.0,9.0,8.0,1419,1114,1144,6265,795,624,1379,31,2,4,3,40,2021,문화재청_궁능원_관람객_수_현황(2021년).csv
2021-09-04,2021,9,4,5,토,1,0,0,0,0,18.0,17.0,9.0,8.0,6077,2696,2834,6504,3487,2590,5938,136,0,3,0,139,2021,문화재청_궁능원_관람객_수_현황(2021년).csv
2021-09-05,2021,9,5,6,일,1,0,0,0,0,18.0,17.0,9.0,8.0,5890,2461,2397,5084,3226,2664,5624,211,4,14,37,266,2021,문화재청_궁능원_관람객_수_현황(2021년).csv
2021-09-06,2021,9,6,0,월,0,0,0,3,0,18.0,17.0,9.0,8.0,1225,0,0,0,712,513,1094,115,-1,3,14,131,2021,문화재청_궁능원_관람객_수_현황(2021년).csv
2021-09-07,2021,9,7,1,화,0,1,0,0,0,18.0,17.0,9.0,8.0,2,340,209,1339,0,2,2,0,0,0,0,0,2021,문화재청_궁능원_관람객_수_현황(2021년).csv
2021-09-08,2021,9,8,2,수,0,0,0,0,0,18.0,17.0,9.0,8.0,1185,1054,1037,5211,661,524,1162,20,0,2,1,23,2021,문화재청_궁능원_관람객_수_현황(2021년).csv
2021-09-09,2021,9,9,3,목,0,0,0,0,0,18.0,17.0,9.0,8.0,1105,1022,930,4729,576,529,1087,16,0,2,0,18,2021,문화재청_궁능원_관람객_수_현황(2021년).csv
2021-09-10,2021,9,10,4,금,0,0,0,0,0,18.0,17.0,9.0,8.0,1405,1028,982,4824,731,674,1374,27,1,0,3,31,2021,문화재청_궁능원_관람객_수_현황(2021년).csv
2021-09-11,2021,9,11,5,토,1,0,0,0,0,18.0,17.0,9.0,8.0,5229,2343,2474,6303,2816,2413,5129,70,0,15,15,100,2021,문화재청_궁능원_관람객_수_현황(2021년).csv
2021-09-12,2021,9,12,6,일,1,0,0,0,0,18.0,17.0,9.0,8.0,4705,2087,2073,4616,2466,2239,4635,66,2,2,0,70,2021,문화재청_궁능원_관람객_수_현황(2021년).csv
2021-09-13,2021,9,13,0,월,0,0,0,3,0,18.0,17.0,9.0,8.0,1060,0,0,0,541,519,1045,13,0,2,0,15,2021,문화재청_궁능원_관람객_수_현황(2021년).csv
2021-09-14,2021,9,14,1,화,0,1,0,0,0,18.0,17.0,9.0,8.0,24,1020,966,4426,0,24,24,0,0,0,0,0,2021,문화재청_궁능원_관람객_수_현황(2021년).csv
2021-09-15,2021,9,15,2,수,0,0,0,0,0,18.0,17.0,9.0,8.0,1045,930,921,4359,489,556,1035,8,2,0,0,10,2021,문화재청_궁능원_관람객_수_현황(2021년).csv
2021-09-16,2021,9,16,3,목,0,0,0,0,0,18.0,17.0,9.0,8.0,1013,943,908,4871,501,512,1008,3,0,2,0,5,2021,문화재청_궁능원_관람객_수_현황(2021년).csv
2021-09-17,2021,9,17,4,금,0,0,0,0,0,18.0,17.0,9.0,8.0,1262,979,991,4787,638,624,1235,27,0,0,0,27,2021,문화재청_궁능원_관람객_수_현황(2021년).csv
2021-09-18,2021,9,18,5,토,1,0,0,0,0,18.0,17.0,9.0,8.0,6593,2940,2927,7315,3693,2900,6293,197,5,9,89,300,2021,문화재청_궁능원_관람객_수_현황(2021년).csv
2021-09-19,2021,9,19,6,일,1,0,0,0,0,18.0,17.0,9.0,8.0,10642,3597,3670,7597,5920,4722,10139,253,5,25,220,503,2021,문화재청_궁능원_관람객_수_현황(2021년).csv
2021-09-20,2021,9,20,0,월,0,0,0,0,1,18.0,17.0,9.0,8.0,15281,3484,3637,6938,8310,6971,14679,284,6,26,286,602,2021,문화재청_궁능원_관람객_수_현황(2021년).csv
2021-09-21,2021,9,21,1,화,0,1,0,0,1,18.0,17.0,9.0,8.0,10628,4557,5366,7510,5858,4770,10241,133,2,35,217,387,2021,문화재청_궁능원_관람객_수_현황(2021년).csv
2021-09-22,2021,9,22,2,수,0,0,0,0,1,18.0,17.0,9.0,8.0,10838,4453,4691,8199,5583,5255,10705,79,2,8,44,133,2021,문화재청_궁능원_관람객_수_현황(2021년).csv
2021-09-23,2021,9,23,3,목,0,0,0,0,0,18.0,17.0,9.0,8.0,2537,1338,1494,5719,1292,1245,2474,27,0,6,30,63,2021,문화재청_궁능원_관람객_수_현황(2021년).csv
2021-09-24,2021,9,24,4,금,0,0,0,0,0,18.0,17.0,9.0,8.0,2189,1411,1480,5965,1078,1111,2157,21,0,3,8,32,2021,문화재청_궁능원_관람객_수_현황(2021년).csv
2021-09-25,2021,9,25,5,토,1,0,0,0,0,18.0,17.0,9.0,8.0,6518,2886,2834,8166,3366,3152,6361,104,5,6,42,157,2021,문화재청_궁능원_관람객_수_현황(2021년).csv
2021-09-26,2021,9,26,6,일,1,0,0,0,0,18.0,17.0,9.0,8.0,6255,2664,2932,6271,3181,3074,6183,64,0,2,6,72,2021,문화재청_궁능원_관람객_수_현황(2021년).csv
2021-09-27,2021,9,27,0,월,0,0,0,3,0,18.0,17.0,9.0,8.0,1362,0,0,0,671,691,1349,13,0,0,0,13,2021,문화재청_궁능원_관람객_수_현황(2021년).csv
2021-09-28,2021,9,28,1,화,0,1,0,0,0,18.0,17.0,9.0,8.0,18,1252,1002,6316,0,18,18,0,0,0,0,0,2021,문화재청_궁능원_관람객_수_현황(2021년).csv
2021-09-29,2021,9,29,2,수,0,0,0,0,0,18.0,17.0,9.0,8.0,952,1106,986,3057,0,952,920,19,0,1,12,32,2021,문화재청_궁능원_관람객_수_현황(2021년).csv
2021-09-30,2021,9,30,3,목,0,0,0,0,0,18.0,17.0,9.0,8.0,1573,1155,1242,6183,702,871,1559,11,0,0,3,14,2021,문화재청_궁능원_관람객_수_현황(2021년).csv
2021-10-01,2021,10,1,4,금,0,0,0,0,0,18.0,17.0,9.0,8.0,2646,1285,1368,6000,835,1811,2614,26,0,4,2,32,2021,문화재청_궁능원_관람객_수_현황(2021년).csv
2021-10-02,2021,10,2,5,토,1,0,0,1,0,18.0,17.0,9.0,8.0,10416,3518,29,0,4048,6368,10315,82,2,8,9,101,2021,문화재청_궁능원_관람객_수_현황(2021년).csv
2021-10-03,2021,10,3,6,일,1,0,0,2,1,18.0,17.0,9.0,8.0,11782,3957,0,0,5228,6554,11651,83,2,11,35,131,2021,문화재청_궁능원_관람객_수_현황(2021년).csv
2021-10-04,2021,10,4,0,월,0,0,0,0,1,18.0,17.0,9.0,8.0,5211,1536,1026,4161,1906,3305,5159,35,6,4,7,52,2021,문화재청_궁능원_관람객_수_현황(2021년).csv
2021-10-05,2021,10,5,1,화,0,1,0,3,0,18.0,17.0,9.0,8.0,6,0,0,0,0,6,6,0,0,0,0,0,2021,문화재청_궁능원_관람객_수_현황(2021년).csv
2021-10-06,2021,10,6,2,수,0,0,0,0,0,18.0,17.0,9.0,8.0,1437,636,558,3112,355,1082,1414,16,0,0,7,23,2021,문화재청_궁능원_관람객_수_현황(2021년).csv
2021-10-07,2021,10,7,3,목,0,0,0,0,0,18.0,17.0,9.0,8.0,1634,1062,933,4804,522,1112,1623,6,0,4,1,11,2021,문화재청_궁능원_관람객_수_현황(2021년).csv
2021-10-08,2021,10,8,4,금,0,0,0,0,0,18.0,17.0,9.0,8.0,1443,959,655,3220,477,966,1408,21,0,4,10,35,2021,문화재청_궁능원_관람객_수_현황(2021년).csv
2021-10-09,2021,10,9,5,토,1,0,0,0,1,18.0,17.0,9.0,8.0,10540,3913,4199,12401,5421,5119,10352,136,7,7,38,188,2021,문화재청_궁능원_관람객_수_현황(2021년).csv
2021-10-10,2021,10,10,6,일,1,0,0,0,0,18.0,17.0,9.0,8.0,4646,1965,1825,4314,2639,2007,4581,54,0,7,4,65,2021,문화재청_궁능원_관람객_수_현황(2021년).csv
2021-10-11,2021,10,11,0,월,0,0,0,0,1,18.0,17.0,9.0,8.0,9735,2886,2410,6989,4907,4828,9675,44,4,4,8,60,2021,문화재청_궁능원_관람객_수_현황(2021년).csv
2021-10-12,2021,10,12,1,화,0,1,0,3,0,18.0,17.0,9.0,8.0,229,0,0,0,0,229,229,0,0,0,0,0,2021,문화재청_궁능원_관람객_수_현황(2021년).csv
2021-10-13,2021,10,13,2,수,0,0,0,0,0,18.0,17.0,9.0,8.0,2140,1726,1599,6683,1042,1098,2130,10,0,0,0,10,2021,문화재청_궁능원_관람객_수_현황(2021년).csv
2021-10-14,2021,10,14,3,목,0,0,0,0,0,18.0,17.0,9.0,8.0,1981,1636,1424,6720,970,1011,1972,9,0,0,0,9,2021,문화재청_궁능원_관람객_수_현황(2021년).csv
2021-10-15,2021,10,15,4,금,0,0,0,0,0,18.0,17.0,9.0,8.0,2032,1307,1133,6615,956,1076,2011,21,0,0,0,21,2021,문화재청_궁능원_관람객_수_현황(2021년).csv
2021-10-16,2021,10,16,5,토,1,0,0,0,0,18.0,17.0,9.0,8.0,6744,2924,2594,7043,3284,3460,6643,77,3,12,9,101,2021,문화재청_궁능원_관람객_수_현황(2021년).csv
2021-10-17,2021,10,17,6,일,1,0,0,0,0,18.0,17.0,9.0,8.0,6696,2833,2482,5881,3355,3341,6573,91,4,7,21,123,2021,문화재청_궁능원_관람객_수_현황(2021년).csv
2021-10-18,2021,10,18,0,월,0,0,0,0,0,18.0,17.0,9.0,8.0,2122,778,444,2204,1101,1021,2087,30,0,0,5,35,2021,문화재청_궁능원_관람객_수_현황(2021년).csv
2021-10-19,2021,10,19,1,화,0,1,0,0,0,18.0,17.0,9.0,8.0,1538,1499,1181,5843,686,852,1531,6,1,0,0,7,2021,문화재청_궁능원_관람객_수_현황(2021년).csv
2021-10-20,2021,10,20,2,수,0,0,0,0,0,18.0,17.0,9.0,8.0,2198,1675,1520,6551,1091,1107,2174,13,0,6,5,24,2021,문화재청_궁능원_관람객_수_현황(2021년).csv
2021-10-21,2021,10,21,3,목,0,0,0,0,0,18.0,17.0,9.0,8.0,4031,1702,1481,6698,2329,1702,3966,42,3,2,18,65,2021,문화재청_궁능원_관람객_수_현황(2021년).csv
2021-10-22,2021,10,22,4,금,0,0,0,0,0,18.0,17.0,9.0,8.0,5542,2149,1930,7718,2938,2604,5478,44,0,4,16,64,2021,문화재청_궁능원_관람객_수_현황(2021년).csv
2021-10-23,2021,10,23,5,토,1,0,0,0,0,18.0,17.0,9.0,8.0,14105,5669,5561,13345,7720,6385,13885,158,0,23,39,220,2021,문화재청_궁능원_관람객_수_현황(2021년).csv
2021-10-24,2021,10,24,6,일,1,0,0,0,0,18.0,17.0,9.0,8.0,13902,5380,4852,10031,7644,6258,13721,137,5,9,30,181,2021,문화재청_궁능원_관람객_수_현황(2021년).csv
2021-10-25,2021,10,25,0,월,0,0,0,3,0,18.0,17.0,9.0,8.0,4502,0,0,0,2618,1884,4474,27,0,1,0,28,2021,문화재청_궁능원_관람객_수_현황(2021년).csv
2021-10-26,2021,10,26,1,화,0,1,0,0,0,18.0,17.0,9.0,8.0,20,2933,2436,8556,0,20,20,0,0,0,0,0,2021,문화재청_궁능원_관람객_수_현황(2021년).csv
2021-10-27,2021,10,27,2,수,0,0,0,0,0,18.0,17.0,9.0,8.0,7216,5731,5032,10985,1036,6180,7122,60,5,9,20,94,2021,문화재청_궁능원_관람객_수_현황(2021년).csv
2021-10-28,2021,10,28,3,목,0,0,0,0,0,18.0,17.0,9.0,8.0,5408,2968,2915,10023,3130,2278,5382,19,0,4,3,26,2021,문화재청_궁능원_관람객_수_현황(2021년).csv
2021-10-29,2021,10,29,4,금,0,0,0,0,0,18.0,17.0,9.0,8.0,5922,3109,3145,10108,3373,2549,5890,27,1,0,4,32,2021,문화재청_궁능원_관람객_수_현황(2021년).csv
2021-10-30,2021,10,30,5,토,1,0,0,0,0,18.0,17.0,9.0,8.0,14832,8550,9063,17122,8874,5958,14660,103,9,16,44,172,2021,문화재청_궁능원_관람객_수_현황(2021년).csv
2021-10-31,2021,10,31,6,일,1,0,0,0,0,18.0,17.0,9.0,8.0,15852,9140,10227,16211,9095,6757,15707,107,7,14,17,145,2021,문화재청_궁능원_관람객_수_현황(2021년).csv
2021-11-01,2021,11,1,0,월,0,0,0,3,0,17.0,16.0,8.0,7.0,5522,0,0,0,3448,2074,5443,54,2,7,16,79,2021,문화재청_궁능원_관람객_수_현황(2021년).csv
2021-11-02,2021,11,2,1,화,0,1,0,0,0,17.0,16.0,8.0,7.0,48,5513,5634,12159,0,48,47,0,0,0,1,1,2021,문화재청_궁능원_관람객_수_현황(2021년).csv
2021-11-03,2021,11,3,2,수,0,0,0,0,0,17.0,16.0,8.0,7.0,6415,4978,5309,11545,3628,2787,6342,68,2,1,2,73,2021,문화재청_궁능원_관람객_수_현황(2021년).csv
2021-11-04,2021,11,4,3,목,0,0,0,0,0,17.0,16.0,8.0,7.0,5849,4738,4648,10581,3390,2459,5757,33,2,5,52,92,2021,문화재청_궁능원_관람객_수_현황(2021년).csv
2021-11-05,2021,11,5,4,금,0,0,0,0,0,17.0,16.0,8.0,7.0,7657,5856,6706,13299,4084,3573,7571,70,1,2,13,86,2021,문화재청_궁능원_관람객_수_현황(2021년).csv
2021-11-06,2021,11,6,5,토,1,0,0,0,0,17.0,16.0,8.0,7.0,21008,13681,14910,24099,11089,9919,20782,168,7,22,29,226,2021,문화재청_궁능원_관람객_수_현황(2021년).csv
2021-11-07,2021,11,7,6,일,1,0,0,0,0,17.0,16.0,8.0,7.0,21858,12781,13871,20553,12447,9411,21716,104,9,15,14,142,2021,문화재청_궁능원_관람객_수_현황(2021년).csv
2021-11-08,2021,11,8,0,월,0,0,0,3,0,17.0,16.0,8.0,7.0,2476,0,0,0,1701,775,2467,7,0,0,2,9,2021,문화재청_궁능원_관람객_수_현황(2021년).csv
2021-11-09,2021,11,9,1,화,0,1,0,0,0,17.0,16.0,8.0,7.0,17,2016,1428,3189,0,17,17,0,0,0,0,0,2021,문화재청_궁능원_관람객_수_현황(2021년).csv
2021-11-10,2021,11,10,2,수,0,0,0,0,0,17.0,16.0,8.0,7.0,4590,3249,2512,6889,2664,1926,4556,23,2,1,8,34,2021,문화재청_궁능원_관람객_수_현황(2021년).csv
2021-11-11,2021,11,11,3,목,0,0,0,0,0,17.0,16.0,8.0,7.0,5228,3566,3190,8713,3003,2225,5206,18,0,4,0,22,2021,문화재청_궁능원_관람객_수_현황(2021년).csv
2021-11-12,2021,11,12,4,금,0,0,0,0,0,17.0,16.0,8.0,7.0,5811,3774,3095,8687,3451,2360,5723,78,1,7,2,88,2021,문화재청_궁능원_관람객_수_현황(2021년).csv
2021-11-13,2021,11,13,5,토,1,0,0,0,0,17.0,16.0,8.0,7.0,13510,7127,7564,15938,7779,5731,13401,71,14,7,17,109,2021,문화재청_궁능원_관람객_수_현황(2021년).csv
2021-11-14,2021,11,14,6,일,1,0,0,0,0,17.0,16.0,8.0,7.0,13908,7021,7562,13861,8176,5732,13761,105,7,7,28,147,2021,문화재청_궁능원_관람객_수_현황(2021년).csv
2021-11-15,2021,11,15,0,월,0,0,0,3,0,17.0,16.0,8.0,7.0,5729,0,0,0,3580,2149,5669,50,1,2,7,60,2021,문화재청_궁능원_관람객_수_현황(2021년).csv
2021-11-16,2021,11,16,1,화,0,1,0,0,0,17.0,16.0,8.0,7.0,206,3848,3527,10887,0,206,206,0,0,0,0,0,2021,문화재청_궁능원_관람객_수_현황(2021년).csv
2021-11-17,2021,11,17,2,수,0,0,0,0,0,17.0,16.0,8.0,7.0,5143,3477,3076,9428,2955,2188,5043,40,1,6,53,100,2021,문화재청_궁능원_관람객_수_현황(2021년).csv
2021-11-18,2021,11,18,3,목,0,0,0,0,0,17.0,16.0,8.0,7.0,5154,2436,2141,8599,2602,2552,5112,38,0,0,4,42,2021,문화재청_궁능원_관람객_수_현황(2021년).csv
2021-11-19,2021,11,19,4,금,0,0,0,0,0,17.0,16.0,8.0,7.0,5507,3183,2782,9230,3204,2303,5363,79,2,5,58,144,2021,문화재청_궁능원_관람객_수_현황(2021년).csv
2021-11-20,2021,11,20,5,토,1,0,0,0,0,17.0,16.0,8.0,7.0,10409,5205,5580,14975,6070,4339,10210,170,6,9,14,199,2021,문화재청_궁능원_관람객_수_현황(2021년).csv
2021-11-21,2021,11,21,6,일,1,0,0,0,0,17.0,16.0,8.0,7.0,7727,3958,3808,8508,4614,3113,7641,75,9,2,0,86,2021,문화재청_궁능원_관람객_수_현황(2021년).csv
2021-11-22,2021,11,22,0,월,0,0,0,3,0,17.0,16.0,8.0,7.0,3071,0,0,0,2055,1016,3026,38,0,7,0,45,2021,문화재청_궁능원_관람객_수_현황(2021년).csv
2021-11-23,2021,11,23,1,화,0,1,0,0,0,17.0,16.0,8.0,7.0,73,1625,1024,5251,0,73,73,0,0,0,0,0,2021,문화재청_궁능원_관람객_수_현황(2021년).csv
2021-11-24,2021,11,24,2,수,0,0,0,0,0,17.0,16.0,8.0,7.0,5101,4694,2581,8901,1036,4065,4877,112,15,58,39,224,2021,문화재청_궁능원_관람객_수_현황(2021년).csv
2021-11-25,2021,11,25,3,목,0,0,0,0,0,17.0,16.0,8.0,7.0,3776,1840,1260,7094,2180,1596,3756,18,0,2,0,20,2021,문화재청_궁능원_관람객_수_현황(2021년).csv
2021-11-26,2021,11,26,4,금,0,0,0,0,0,17.0,16.0,8.0,7.0,4176,1701,1152,7330,2204,1972,4125,45,0,0,6,51,2021,문화재청_궁능원_관람객_수_현황(2021년).csv
2021-11-27,2021,11,27,5,토,1,0,0,0,0,17.0,16.0,8.0,7.0,8962,3720,3246,10847,5288,3674,8863,75,5,10,9,99,2021,문화재청_궁능원_관람객_수_현황(2021년).csv
2021-11-28,2021,11,28,6,일,1,0,0,0,0,17.0,16.0,8.0,7.0,8625,3515,2694,9067,5318,3307,8467,95,4,28,31,158,2021,문화재청_궁능원_관람객_수_현황(2021년).csv
2021-11-29,2021,11,29,0,월,0,0,0,3,0,17.0,16.0,8.0,7.0,4092,0,0,0,2305,1787,4040,45,1,1,5,52,2021,문화재청_궁능원_관람객_수_현황(2021년).csv
2021-11-30,2021,11,30,1,화,0,1,0,0,0,17.0,16.0,8.0,7.0,87,717,297,2535,0,87,87,0,0,0,0,0,2021,문화재청_궁능원_관람객_수_현황(2021년).csv
2021-12-01,2021,12,1,2,수,0,0,0,0,0,17.0,16.0,8.0,7.0,1412,875,601,4692,590,822,1388,19,0,2,3,24,2021,문화재청_궁능원_관람객_수_현황(2021년).csv
2021-12-02,2021,12,2,3,목,0,0,0,0,0,17.0,16.0,8.0,7.0,1869,1009,533,4847,609,1260,1835,18,4,9,3,34,2021,문화재청_궁능원_관람객_수_현황(2021년).csv
2021-12-03,2021,12,3,4,금,0,0,0,0,0,17.0,16.0,8.0,7.0,2481,1007,821,4954,888,1593,2429,21,0,8,23,52,2021,문화재청_궁능원_관람객_수_현황(2021년).csv
2021-12-04,2021,12,4,5,토,1,0,0,0,0,17.0,16.0,8.0,7.0,4627,2345,1756,7342,2802,1825,4454,127,16,10,20,173,2021,문화재청_궁능원_관람객_수_현황(2021년).csv
2021-12-05,2021,12,5,6,일,1,0,0,0,0,17.0,16.0,8.0,7.0,4884,2399,1672,6200,2942,1942,4751,103,0,4,26,133,2021,문화재청_궁능원_관람객_수_현황(2021년).csv
2021-12-06,2021,12,6,0,월,0,0,0,3,0,17.0,16.0,8.0,7.0,1745,0,0,0,791,954,1719,19,0,1,6,26,2021,문화재청_궁능원_관람객_수_현황(2021년).csv
2021-12-07,2021,12,7,1,화,0,1,0,0,0,17.0,16.0,8.0,7.0,50,1256,1292,6727,0,50,50,0,0,0,0,0,2021,문화재청_궁능원_관람객_수_현황(2021년).csv
2021-12-08,2021,12,8,2,수,0,0,0,0,0,17.0,16.0,8.0,7.0,2050,1179,989,6245,770,1280,2027,20,3,0,0,23,2021,문화재청_궁능원_관람객_수_현황(2021년).csv
2021-12-09,2021,12,9,3,목,0,0,0,0,0,17.0,16.0,8.0,7.0,1611,1061,742,5664,661,950,1598,13,0,0,0,13,2021,문화재청_궁능원_관람객_수_현황(2021년).csv
2021-12-10,2021,12,10,4,금,0,0,0,0,0,17.0,16.0,8.0,7.0,1280,753,707,4242,470,810,1259,16,0,0,5,21,2021,문화재청_궁능원_관람객_수_현황(2021년).csv
2021-12-11,2021,12,11,5,토,1,0,0,0,0,17.0,16.0,8.0,7.0,4321,2193,1722,6957,2346,1975,4248,57,3,2,11,73,2021,문화재청_궁능원_관람객_수_현황(2021년).csv
2021-12-12,2021,12,12,6,일,1,0,0,0,0,17.0,16.0,8.0,7.0,3724,1853,1172,3856,2073,1651,3706,17,1,0,0,18,2021,문화재청_궁능원_관람객_수_현황(2021년).csv
2021-12-13,2021,12,13,0,월,0,0,0,3,0,17.0,16.0,8.0,7.0,1374,0,0,0,541,833,1346,25,2,0,1,28,2021,문화재청_궁능원_관람객_수_현황(2021년).csv
2021-12-14,2021,12,14,1,화,0,1,0,0,0,17.0,16.0,8.0,7.0,52,970,724,6465,0,52,52,0,0,0,0,0,2021,문화재청_궁능원_관람객_수_현황(2021년).csv
2021-12-15,2021,12,15,2,수,0,0,0,0,0,17.0,16.0,8.0,7.0,1633,804,641,5067,579,1054,1558,24,0,25,26,75,2021,문화재청_궁능원_관람객_수_현황(2021년).csv
2021-12-16,2021,12,16,3,목,0,0,0,0,0,17.0,16.0,8.0,7.0,1420,986,979,5504,601,819,1386,22,0,2,10,34,2021,문화재청_궁능원_관람객_수_현황(2021년).csv
2021-12-17,2021,12,17,4,금,0,0,0,0,0,17.0,16.0,8.0,7.0,1335,552,357,2674,344,991,1301,21,0,10,3,34,2021,문화재청_궁능원_관람객_수_현황(2021년).csv
2021-12-18,2021,12,18,5,토,1,0,0,0,0,17.0,16.0,8.0,7.0,1899,1086,829,3512,1056,843,1835,52,2,6,4,64,2021,문화재청_궁능원_관람객_수_현황(2021년).csv
2021-12-19,2021,12,19,6,일,1,0,0,0,0,17.0,16.0,8.0,7.0,3974,2351,1854,3858,2218,1756,3868,89,5,2,10,106,2021,문화재청_궁능원_관람객_수_현황(2021년).csv
2021-12-20,2021,12,20,0,월,0,0,0,3,0,17.0,16.0,8.0,7.0,1613,0,0,0,743,870,1585,26,0,2,0,28,2021,문화재청_궁능원_관람객_수_현황(2021년).csv
2021-12-21,2021,12,21,1,화,0,1,0,0,0,17.0,16.0,8.0,7.0,87,1133,829,6564,0,87,87,0,0,0,0,0,2021,문화재청_궁능원_관람객_수_현황(2021년).csv
2021-12-22,2021,12,22,2,수,0,0,0,0,0,17.0,16.0,8.0,7.0,2602,789,730,8221,1719,883,2572,28,1,0,1,30,2021,문화재청_궁능원_관람객_수_현황(2021년).csv
2021-12-23,2021,12,23,3,목,0,0,0,0,0,17.0,16.0,8.0,7.0,1529,907,838,2295,696,833,1498,26,0,3,2,31,2021,문화재청_궁능원_관람객_수_현황(2021년).csv
2021-12-24,2021,12,24,4,금,0,0,0,0,0,17.0,16.0,8.0,7.0,1936,795,606,1399,653,1283,1888,31,0,5,12,48,2021,문화재청_궁능원_관람객_수_현황(2021년).csv
2021-12-25,2021,12,25,5,토,1,0,0,0,1,17.0,16.0,8.0,7.0,1753,877,565,3004,860,893,1705,36,1,11,0,48,2021,문화재청_궁능원_관람객_수_현황(2021년).csv
2021-12-26,2021,12,26,6,일,1,0,0,0,0,17.0,16.0,8.0,7.0,1048,580,347,1765,566,482,994,29,2,3,20,54,2021,문화재청_궁능원_관람객_수_현황(2021년).csv
2021-12-27,2021,12,27,0,월,0,0,0,3,0,17.0,16.0,8.0,7.0,1005,0,0,0,520,485,971,18,0,0,16,34,2021,문화재청_궁능원_관람객_수_현황(2021년).csv
2021-12-28,2021,12,28,1,화,0,1,0,0,0,17.0,16.0,8.0,7.0,153,4671,679,4102,0,153,153,0,0,0,0,0,2021,문화재청_궁능원_관람객_수_현황(2021년).csv
2021-12-29,2021,12,29,2,수,0,0,0,0,0,17.0,16.0,8.0,7.0,2706,2116,1537,6247,0,2706,2566,85,2,4,49,140,2021,문화재청_궁능원_관람객_수_현황(2021년).csv
2021-12-30,2021,12,30,3,목,0,0,0,0,0,17.0,16.0,8.0,7.0,1567,914,652,4083,698,869,1522,21,0,3,21,45,2021,문화재청_궁능원_관람객_수_현황(2021년).csv
2021-12-31,2021,12,31,4,금,0,0,0,0,0,17.0,16.0,8.0,7.0,1262,618,110,3464,563,699,1213,29,0,0,20,49,2021,문화재청_궁능원_관람객_수_현황(2021년).csv
2022-01-01,2022,1,1,5,토,1,0,0,1,1,17.0,16.0,8.0,7.0,4868,1590,0,3575,2882,1986,4792,49,7,7,13,76,2022,문화재청_궁능원_관람객_수_현황(2022년).csv
2022-01-02,2022,1,2,6,일,1,0,0,1,0,17.0,16.0,8.0,7.0,3650,1637,0,4297,2095,1555,3554,71,6,7,12,96,2022,문화재청_궁능원_관람객_수_현황(2022년).csv
2022-01-03,2022,1,3,0,월,0,0,0,3,0,17.0,16.0,8.0,7.0,1370,0,0,0,631,739,1336,26,0,3,5,34,2022,문화재청_궁능원_관람객_수_현황(2022년).csv
2022-01-04,2022,1,4,1,화,0,1,0,1,0,17.0,16.0,8.0,7.0,183,889,0,4122,0,183,183,0,0,0,0,0,2022,문화재청_궁능원_관람객_수_현황(2022년).csv
2022-01-05,2022,1,5,2,수,0,0,0,1,0,17.0,16.0,8.0,7.0,1387,600,0,4713,508,879,1359,26,0,0,2,28,2022,문화재청_궁능원_관람객_수_현황(2022년).csv
2022-01-06,2022,1,6,3,목,0,0,0,1,0,17.0,16.0,8.0,7.0,1573,800,0,4811,666,907,1554,15,0,4,0,19,2022,문화재청_궁능원_관람객_수_현황(2022년).csv
2022-01-07,2022,1,7,4,금,0,0,0,0,0,17.0,16.0,8.0,7.0,1828,879,812,4954,699,1129,1796,31,0,1,0,32,2022,문화재청_궁능원_관람객_수_현황(2022년).csv
2022-01-08,2022,1,8,5,토,1,0,0,0,0,17.0,16.0,8.0,7.0,3496,1503,1312,5841,1714,1782,3441,31,2,5,17,55,2022,문화재청_궁능원_관람객_수_현황(2022년).csv
2022-01-09,2022,1,9,6,일,1,0,0,0,0,17.0,16.0,8.0,7.0,3018,1421,1076,4342,1517,1501,2980,24,2,10,2,38,2022,문화재청_궁능원_관람객_수_현황(2022년).csv
2022-01-10,2022,1,10,0,월,0,0,0,3,0,17.0,16.0,8.0,7.0,1525,0,0,0,634,891,1497,26,0,0,2,28,2022,문화재청_궁능원_관람객_수_현황(2022년).csv
2022-01-11,2022,1,11,1,화,0,1,0,0,0,17.0,16.0,8.0,7.0,86,886,592,4545,0,86,86,0,0,0,0,0,2022,문화재청_궁능원_관람객_수_현황(2022년).csv
2022-01-12,2022,1,12,2,수,0,0,0,0,0,17.0,16.0,8.0,7.0,1289,618,522,3588,492,797,1268,21,0,0,0,21,2022,문화재청_궁능원_관람객_수_현황(2022년).csv
2022-01-13,2022,1,13,3,목,0,0,0,0,0,17.0,16.0,8.0,7.0,1156,569,471,3498,426,730,1142,13,0,1,0,14,2022,문화재청_궁능원_관람객_수_현황(2022년).csv
2022-01-14,2022,1,14,4,금,0,0,0,0,0,17.0,16.0,8.0,7.0,1436,792,598,4484,601,835,1426,5,3,2,0,10,2022,문화재청_궁능원_관람객_수_현황(2022년).csv
2022-01-15,2022,1,15,5,토,1,0,0,0,0,17.0,16.0,8.0,7.0,3443,1463,84,5575,1770,1673,3405,24,0,7,7,38,2022,문화재청_궁능원_관람객_수_현황(2022년).csv
2022-01-16,2022,1,16,6,일,1,0,0,1,0,17.0,16.0,8.0,7.0,3355,1442,0,4245,1733,1622,3311,38,2,4,0,44,2022,문화재청_궁능원_관람객_수_현황(2022년).csv
2022-01-17,2022,1,17,0,월,0,0,0,3,0,17.0,16.0,8.0,7.0,1241,0,0,0,541,700,1216,24,0,0,1,25,2022,문화재청_궁능원_관람객_수_현황(2022년).csv
2022-01-18,2022,1,18,1,화,0,1,1,0,0,17.0,16.0,8.0,7.0,0,1021,755,4790,0,0,0,0,0,0,0,0,2022,문화재청_궁능원_관람객_수_현황(2022년).csv
2022-01-19,2022,1,19,2,수,0,0,0,0,0,17.0,16.0,8.0,7.0,2636,1636,1619,4019,1392,1244,2563,63,0,2,8,73,2022,문화재청_궁능원_관람객_수_현황(2022년).csv
2022-01-20,2022,1,20,3,목,0,0,0,0,0,17.0,16.0,8.0,7.0,2076,1245,1044,4892,880,1196,2040,21,0,3,12,36,2022,문화재청_궁능원_관람객_수_현황(2022년).csv
2022-01-21,2022,1,21,4,금,0,0,0,0,0,17.0,16.0,8.0,7.0,1673,998,917,5000,753,920,1652,14,0,3,4,21,2022,문화재청_궁능원_관람객_수_현황(2022년).csv
2022-01-22,2022,1,22,5,토,1,0,0,0,0,17.0,16.0,8.0,7.0,4272,1850,1760,6932,2202,2070,4170,44,0,0,58,102,2022,문화재청_궁능원_관람객_수_현황(2022년).csv
2022-01-23,2022,1,23,6,일,1,0,0,0,0,17.0,16.0,8.0,7.0,4660,1903,1840,5057,2420,2240,4579,46,0,10,25,81,2022,문화재청_궁능원_관람객_수_현황(2022년).csv
2022-01-24,2022,1,24,0,월,0,0,0,3,0,17.0,16.0,8.0,7.0,1788,0,0,0,787,1001,1756,29,0,3,0,32,2022,문화재청_궁능원_관람객_수_현황(2022년).csv
2022-01-25,2022,1,25,1,화,0,1,0,0,0,17.0,16.0,8.0,7.0,4,813,487,3642,0,4,4,0,0,0,0,0,2022,문화재청_궁능원_관람객_수_현황(2022년).csv
2022-01-26,2022,1,26,2,수,0,0,0,0,0,17.0,16.0,8.0,7.0,3223,2246,1898,6629,0,3223,3141,44,4,20,14,82,2022,문화재청_궁능원_관람객_수_현황(2022년).csv
2022-01-27,2022,1,27,3,목,0,0,0,0,0,17.0,16.0,8.0,7.0,1278,785,693,4723,498,780,1255,22,1,0,0,23,2022,문화재청_궁능원_관람객_수_현황(2022년).csv
2022-01-28,2022,1,28,4,금,0,0,0,0,0,17.0,16.0,8.0,7.0,1233,763,699,4644,515,718,1202,27,0,3,1,31,2022,문화재청_궁능원_관람객_수_현황(2022년).csv
2022-01-29,2022,1,29,5,토,1,0,0,0,0,17.0,16.0,8.0,7.0,3558,1410,1157,4307,1855,1703,3491,42,1,6,18,67,2022,문화재청_궁능원_관람객_수_현황(2022년).csv
2022-01-30,2022,1,30,6,일,1,0,0,0,0,17.0,16.0,8.0,7.0,5945,1950,1812,4836,3517,2428,5784,135,1,7,18,161,2022,문화재청_궁능원_관람객_수_현황(2022년).csv
2022-01-31,2022,1,31,0,월,0,0,0,0,1,17.0,16.0,8.0,7.0,8814,2348,1695,4253,5109,3705,8534,147,7,10,116,280,2022,문화재청_궁능원_관람객_수_현황(2022년).csv
2022-02-01,2022,2,1,1,화,0,1,0,0,1,17.0,16.0,8.0,7.0,10586,5229,4518,6506,6493,4093,10430,117,0,0,39,156,2022,문화재청_궁능원_관람객_수_현황(2022년).csv
2022-02-02,2022,2,2,2,수,0,0,0,0,1,17.0,16.0,8.0,7.0,6613,2766,2561,5177,3474,3139,6513,70,2,10,18,100,2022,문화재청_궁능원_관람객_수_현황(2022년).csv
2022-02-03,2022,2,3,3,목,0,0,0,3,0,17.0,16.0,8.0,7.0,156,0,0,0,0,156,156,0,0,0,0,0,2022,문화재청_궁능원_관람객_수_현황(2022년).csv
2022-02-04,2022,2,4,4,금,0,0,0,0,0,17.0,16.0,8.0,7.0,1479,880,646,4125,559,920,1463,11,0,5,0,16,2022,문화재청_궁능원_관람객_수_현황(2022년).csv
2022-02-05,2022,2,5,5,토,1,0,0,0,0,17.0,16.0,8.0,7.0,2110,1228,852,4073,998,1112,2076,24,2,1,7,34,2022,문화재청_궁능원_관람객_수_현황(2022년).csv
2022-02-06,2022,2,6,6,일,1,0,0,0,0,17.0,16.0,8.0,7.0,2421,1182,1135,3277,1207,1214,2361,47,0,10,3,60,2022,문화재청_궁능원_관람객_수_현황(2022년).csv
2022-02-07,2022,2,7,0,월,0,0,0,3,0,17.0,16.0,8.0,7.0,1046,0,0,0,427,619,1025,16,1,4,0,21,2022,문화재청_궁능원_관람객_수_현황(2022년).csv
2022-02-08,2022,2,8,1,화,0,1,0,0,0,17.0,16.0,8.0,7.0,100,1148,957,5638,0,100,100,0,0,0,0,0,2022,문화재청_궁능원_관람객_수_현황(2022년).csv
2022-02-09,2022,2,9,2,수,0,0,0,0,0,17.0,16.0,8.0,7.0,1484,819,826,5785,546,938,1456,24,0,2,2,28,2022,문화재청_궁능원_관람객_수_현황(2022년).csv
2022-02-10,2022,2,10,3,목,0,0,0,0,0,17.0,16.0,8.0,7.0,1772,829,834,6841,587,1185,1750,17,2,2,1,22,2022,문화재청_궁능원_관람객_수_현황(2022년).csv
2022-02-11,2022,2,11,4,금,0,0,0,0,0,17.0,16.0,8.0,7.0,1942,855,876,6014,678,1264,1921,19,0,2,0,21,2022,문화재청_궁능원_관람객_수_현황(2022년).csv
2022-02-12,2022,2,12,5,토,1,0,0,0,0,17.0,16.0,8.0,7.0,4527,2106,2068,8336,2208,2319,4457,56,1,11,2,70,2022,문화재청_궁능원_관람객_수_현황(2022년).csv
2022-02-13,2022,2,13,6,일,1,0,0,0,0,17.0,16.0,8.0,7.0,4361,1854,1786,5118,2158,2203,4324,31,4,2,0,37,2022,문화재청_궁능원_관람객_수_현황(2022년).csv
2022-02-14,2022,2,14,0,월,0,0,0,3,0,17.0,16.0,8.0,7.0,1544,0,0,0,626,918,1534,6,2,2,0,10,2022,문화재청_궁능원_관람객_수_현황(2022년).csv
2022-02-15,2022,2,15,1,화,0,1,0,0,0,17.0,16.0,8.0,7.0,75,864,730,3886,0,75,75,0,0,0,0,0,2022,문화재청_궁능원_관람객_수_현황(2022년).csv
2022-02-16,2022,2,16,2,수,0,0,0,0,0,17.0,16.0,8.0,7.0,1030,527,475,4241,378,652,1021,9,0,0,0,9,2022,문화재청_궁능원_관람객_수_현황(2022년).csv
2022-02-17,2022,2,17,3,목,0,0,0,0,0,17.0,16.0,8.0,7.0,1170,508,599,3866,395,775,1151,16,0,2,1,19,2022,문화재청_궁능원_관람객_수_현황(2022년).csv
2022-02-18,2022,2,18,4,금,0,0,0,0,0,17.0,16.0,8.0,7.0,1695,825,841,6091,624,1071,1675,19,0,0,1,20,2022,문화재청_궁능원_관람객_수_현황(2022년).csv
2022-02-19,2022,2,19,5,토,1,0,0,0,0,17.0,16.0,8.0,7.0,3212,1650,1212,5898,1663,1549,3153,51,3,0,5,59,2022,문화재청_궁능원_관람객_수_현황(2022년).csv
2022-02-20,2022,2,20,6,일,1,0,0,0,0,17.0,16.0,8.0,7.0,2568,1227,1022,3807,1224,1344,2499,53,0,3,13,69,2022,문화재청_궁능원_관람객_수_현황(2022년).csv
2022-02-21,2022,2,21,0,월,0,0,0,3,0,17.0,16.0,8.0,7.0,1336,0,0,0,621,715,1298,34,2,2,0,38,2022,문화재청_궁능원_관람객_수_현황(2022년).csv
2022-02-22,2022,2,22,1,화,0,1,0,0,0,17.0,16.0,8.0,7.0,82,833,758,4701,0,82,82,0,0,0,0,0,2022,문화재청_궁능원_관람객_수_현황(2022년).csv
2022-02-23,2022,2,23,2,수,0,0,0,0,0,17.0,16.0,8.0,7.0,2756,1699,1201,5542,0,2756,2482,202,3,21,48,274,2022,문화재청_궁능원_관람객_수_현황(2022년).csv
2022-02-24,2022,2,24,3,목,0,0,0,0,0,17.0,16.0,8.0,7.0,1568,708,796,5265,534,1034,1536,26,0,1,5,32,2022,문화재청_궁능원_관람객_수_현황(2022년).csv
2022-02-25,2022,2,25,4,금,0,0,0,0,0,17.0,16.0,8.0,7.0,2191,962,939,7904,906,1285,2131,56,4,0,0,60,2022,문화재청_궁능원_관람객_수_현황(2022년).csv
2022-02-26,2022,2,26,5,토,1,0,0,0,0,17.0,16.0,8.0,7.0,3284,1448,1047,6062,1566,1718,3237,47,0,0,0,47,2022,문화재청_궁능원_관람객_수_현황(2022년).csv
2022-02-27,2022,2,27,6,일,1,0,0,0,0,17.0,16.0,8.0,7.0,6221,2366,2306,6291,2929,3292,6091,96,0,3,31,130,2022,문화재청_궁능원_관람객_수_현황(2022년).csv
2022-02-28,2022,2,28,0,월,0,0,0,3,0,17.0,16.0,8.0,7.0,3018,0,0,0,1441,1577,2941,68,0,2,7,77,2022,문화재청_궁능원_관람객_수_현황(2022년).csv
2022-03-01,2022,3,1,1,화,0,1,0,0,1,18.0,17.0,9.0,8.0,4502,2076,1675,8266,2141,2361,4389,61,0,0,52,113,2022,문화재청_궁능원_관람객_수_현황(2022년).csv
2022-03-02,2022,3,2,2,수,0,0,0,0,0,18.0,17.0,9.0,8.0,115,782,892,3552,0,115,115,0,0,0,0,0,2022,문화재청_궁능원_관람객_수_현황(2022년).csv
2022-03-03,2022,3,3,3,목,0,0,0,0,0,18.0,17.0,9.0,8.0,1476,797,932,4839,611,865,1445,27,0,4,0,31,2022,문화재청_궁능원_관람객_수_현황(2022년).csv
2022-03-04,2022,3,4,4,금,0,0,0,0,0,18.0,17.0,9.0,8.0,1330,651,629,4547,520,810,1285,40,2,1,2,45,2022,문화재청_궁능원_관람객_수_현황(2022년).csv
2022-03-05,2022,3,5,5,토,1,0,0,0,0,18.0,17.0,9.0,8.0,3609,1677,1432,3605,1940,1669,3455,135,3,2,14,154,2022,문화재청_궁능원_관람객_수_현황(2022년).csv
2022-03-06,2022,3,6,6,일,1,0,0,0,0,18.0,17.0,9.0,8.0,3870,1917,1664,3906,2133,1737,3747,97,9,3,14,123,2022,문화재청_궁능원_관람객_수_현황(2022년).csv
2022-03-07,2022,3,7,0,월,0,0,0,3,0,18.0,17.0,9.0,8.0,1158,0,0,0,528,630,1122,30,0,2,4,36,2022,문화재청_궁능원_관람객_수_현황(2022년).csv
2022-03-08,2022,3,8,1,화,0,1,0,0,0,18.0,17.0,9.0,8.0,116,1036,1023,5464,0,116,116,0,0,0,0,0,2022,문화재청_궁능원_관람객_수_현황(2022년).csv
2022-03-09,2022,3,9,2,수,0,0,0,0,1,18.0,17.0,9.0,8.0,6020,2866,2647,4820,3046,2974,5926,63,6,7,18,94,2022,문화재청_궁능원_관람객_수_현황(2022년).csv
2022-03-10,2022,3,10,3,목,0,0,0,0,0,18.0,17.0,9.0,8.0,1400,781,825,5073,576,824,1388,7,0,2,3,12,2022,문화재청_궁능원_관람객_수_현황(2022년).csv
2022-03-11,2022,3,11,4,금,0,0,0,0,0,18.0,17.0,9.0,8.0,2015,996,1102,5559,805,1210,1962,34,2,1,16,53,2022,문화재청_궁능원_관람객_수_현황(2022년).csv
2022-03-12,2022,3,12,5,토,1,0,0,0,0,18.0,17.0,9.0,8.0,6352,2780,2508,5649,3260,3092,6198,130,7,11,6,154,2022,문화재청_궁능원_관람객_수_현황(2022년).csv
2022-03-13,2022,3,13,6,일,1,0,0,0,0,18.0,17.0,9.0,8.0,1983,1163,907,2072,1081,902,1919,52,2,8,2,64,2022,문화재청_궁능원_관람객_수_현황(2022년).csv
2022-03-14,2022,3,14,0,월,0,0,0,3,0,18.0,17.0,9.0,8.0,602,0,0,0,346,256,590,5,0,5,2,12,2022,문화재청_궁능원_관람객_수_현황(2022년).csv
2022-03-15,2022,3,15,1,화,0,1,0,0,0,18.0,17.0,9.0,8.0,140,1170,1234,6640,0,140,140,0,0,0,0,0,2022,문화재청_궁능원_관람객_수_현황(2022년).csv
2022-03-16,2022,3,16,2,수,0,0,0,0,0,18.0,17.0,9.0,8.0,1896,994,1112,5789,832,1064,1870,22,0,4,0,26,2022,문화재청_궁능원_관람객_수_현황(2022년).csv
2022-03-17,2022,3,17,3,목,0,0,0,0,0,18.0,17.0,9.0,8.0,1277,857,937,5564,501,776,1261,16,0,0,0,16,2022,문화재청_궁능원_관람객_수_현황(2022년).csv
2022-03-18,2022,3,18,4,금,0,0,0,0,0,18.0,17.0,9.0,8.0,1329,734,725,3947,509,820,1266,59,1,0,3,63,2022,문화재청_궁능원_관람객_수_현황(2022년).csv
2022-03-19,2022,3,19,5,토,1,0,0,0,0,18.0,17.0,9.0,8.0,1998,1210,921,2649,1031,967,1911,53,4,2,28,87,2022,문화재청_궁능원_관람객_수_현황(2022년).csv
2022-03-20,2022,3,20,6,일,1,0,0,0,0,18.0,17.0,9.0,8.0,5361,2856,2308,4082,2660,2701,5223,123,2,1,12,138,2022,문화재청_궁능원_관람객_수_현황(2022년).csv
2022-03-21,2022,3,21,0,월,0,0,0,3,0,18.0,17.0,9.0,8.0,1532,0,0,0,738,794,1506,21,2,0,3,26,2022,문화재청_궁능원_관람객_수_현황(2022년).csv
2022-03-22,2022,3,22,1,화,0,1,0,0,0,18.0,17.0,9.0,8.0,81,3074,1901,6214,0,81,81,0,0,0,0,0,2022,문화재청_궁능원_관람객_수_현황(2022년).csv
2022-03-23,2022,3,23,2,수,0,0,0,0,0,18.0,17.0,9.0,8.0,1619,2793,1148,4137,488,1131,1587,22,0,4,6,32,2022,문화재청_궁능원_관람객_수_현황(2022년).csv
2022-03-24,2022,3,24,3,목,0,0,0,0,0,18.0,17.0,9.0,8.0,1647,4842,1549,5062,612,1035,1607,38,0,1,1,40,2022,문화재청_궁능원_관람객_수_현황(2022년).csv
2022-03-25,2022,3,25,4,금,0,0,0,0,0,18.0,17.0,9.0,8.0,2132,1936,1414,6013,964,1168,2039,80,3,1,9,93,2022,문화재청_궁능원_관람객_수_현황(2022년).csv
2022-03-26,2022,3,26,5,토,1,0,0,0,0,18.0,17.0,9.0,8.0,5125,3152,2474,5509,2518,2607,5009,111,2,3,0,116,2022,문화재청_궁능원_관람객_수_현황(2022년).csv
2022-03-27,2022,3,27,6,일,1,0,0,0,0,18.0,17.0,9.0,8.0,8810,5824,4257,6622,4294,4516,8664,122,3,17,4,146,2022,문화재청_궁능원_관람객_수_현황(2022년).csv
2022-03-28,2022,3,28,0,월,0,0,0,3,0,18.0,17.0,9.0,8.0,2510,0,0,0,1287,1223,2453,39,1,12,5,57,2022,문화재청_궁능원_관람객_수_현황(2022년).csv
2022-03-29,2022,3,29,1,화,0,1,0,0,0,18.0,17.0,9.0,8.0,150,3636,2812,7392,0,150,150,0,0,0,0,0,2022,문화재청_궁능원_관람객_수_현황(2022년).csv
2022-03-30,2022,3,30,2,수,0,0,0,0,0,18.0,17.0,9.0,8.0,3711,5206,3668,8841,0,3711,3581,74,4,12,40,130,2022,문화재청_궁능원_관람객_수_현황(2022년).csv
2022-03-31,2022,3,31,3,목,0,0,0,0,0,18.0,17.0,9.0,8.0,2384,3198,2326,7649,1074,1310,2367,16,1,0,0,17,2022,문화재청_궁능원_관람객_수_현황(2022년).csv
2022-04-01,2022,4,1,4,금,0,0,0,0,0,18.0,17.0,9.0,8.0,5826,5948,4233,8639,3046,2780,5754,61,2,4,5,72,2022,문화재청_궁능원_관람객_수_현황(2022년).csv
2022-04-02,2022,4,2,5,토,1,0,0,0,0,18.0,17.0,9.0,8.0,14967,13269,9175,10600,8325,6642,14753,197,7,7,3,214,2022,문화재청_궁능원_관람객_수_현황(2022년).csv
2022-04-03,2022,4,3,6,일,1,0,0,0,0,18.0,17.0,9.0,8.0,14228,13948,9068,9017,7718,6510,13637,542,5,11,33,591,2022,문화재청_궁능원_관람객_수_현황(2022년).csv
2022-04-04,2022,4,4,0,월,0,0,0,3,0,18.0,17.0,9.0,8.0,4024,0,0,0,2076,1948,3947,71,3,0,3,77,2022,문화재청_궁능원_관람객_수_현황(2022년).csv
2022-04-05,2022,4,5,1,화,0,1,0,0,0,18.0,17.0,9.0,8.0,107,7948,5815,9732,0,107,107,0,0,0,0,0,2022,문화재청_궁능원_관람객_수_현황(2022년).csv
2022-04-06,2022,4,6,2,수,0,0,0,0,0,18.0,17.0,9.0,8.0,5880,7444,5556,10144,3252,2628,5748,118,1,2,11,132,2022,문화재청_궁능원_관람객_수_현황(2022년).csv
2022-04-07,2022,4,7,3,목,0,0,0,0,0,18.0,17.0,9.0,8.0,5456,6164,5210,11118,3023,2433,5324,106,5,12,9,132,2022,문화재청_궁능원_관람객_수_현황(2022년).csv
2022-04-08,2022,4,8,4,금,0,0,0,0,0,18.0,17.0,9.0,8.0,8453,8718,7133,13279,4151,4302,8149,193,13,58,40,304,2022,문화재청_궁능원_관람객_수_현황(2022년).csv
2022-04-09,2022,4,9,5,토,1,0,0,0,0,18.0,17.0,9.0,8.0,19984,12904,11619,15302,10542,9442,19241,648,15,23,57,743,2022,문화재청_궁능원_관람객_수_현황(2022년).csv
2022-04-10,2022,4,10,6,일,1,0,0,0,0,18.0,17.0,9.0,8.0,20228,12260,10312,12701,8935,11293,19228,343,4,37,616,1000,2022,문화재청_궁능원_관람객_수_현황(2022년).csv
2022-04-11,2022,4,11,0,월,0,0,0,3,0,18.0,17.0,9.0,8.0,5491,0,0,0,2742,2749,5256,211,0,7,17,235,2022,문화재청_궁능원_관람객_수_현황(2022년).csv
2022-04-12,2022,4,12,1,화,0,1,0,0,0,18.0,17.0,9.0,8.0,163,4358,4133,9357,0,163,163,0,0,0,0,0,2022,문화재청_궁능원_관람객_수_현황(2022년).csv
2022-04-13,2022,4,13,2,수,0,0,0,0,0,18.0,17.0,9.0,8.0,3180,1655,1121,5242,2080,1100,3058,74,0,6,42,122,2022,문화재청_궁능원_관람객_수_현황(2022년).csv
2022-04-14,2022,4,14,3,목,0,0,0,0,0,18.0,17.0,9.0,8.0,4417,2040,1832,6328,2483,1934,4261,128,1,8,19,156,2022,문화재청_궁능원_관람객_수_현황(2022년).csv
2022-04-15,2022,4,15,4,금,0,0,0,0,0,18.0,17.0,9.0,8.0,6228,3536,3268,9653,3368,2860,5990,159,9,9,61,238,2022,문화재청_궁능원_관람객_수_현황(2022년).csv
2022-04-16,2022,4,16,5,토,1,0,0,0,0,18.0,17.0,9.0,8.0,16691,7045,7079,12670,8797,7894,16371,239,10,19,52,320,2022,문화재청_궁능원_관람객_수_현황(2022년).csv
2022-04-17,2022,4,17,6,일,1,0,0,0,0,18.0,17.0,9.0,8.0,13476,5637,5567,9110,7097,6379,13015,357,0,13,91,461,2022,문화재청_궁능원_관람객_수_현황(2022년).csv
2022-04-18,2022,4,18,0,월,0,0,0,3,0,18.0,17.0,9.0,8.0,3574,0,0,0,1923,1651,3379,171,2,5,17,195,2022,문화재청_궁능원_관람객_수_현황(2022년).csv
2022-04-19,2022,4,19,1,화,0,1,0,0,0,18.0,17.0,9.0,8.0,154,3369,2804,9499,0,154,154,0,0,0,0,0,2022,문화재청_궁능원_관람객_수_현황(2022년).csv
2022-04-20,2022,4,20,2,수,0,0,0,0,0,18.0,17.0,9.0,8.0,4998,2892,2274,7974,3012,1986,4855,117,8,13,5,143,2022,문화재청_궁능원_관람객_수_현황(2022년).csv
2022-04-21,2022,4,21,3,목,0,0,0,0,0,18.0,17.0,9.0,8.0,5257,2968,2304,8690,2800,2457,5038,185,10,15,9,219,2022,문화재청_궁능원_관람객_수_현황(2022년).csv
2022-04-22,2022,4,22,4,금,0,0,0,0,0,18.0,17.0,9.0,8.0,4475,2344,1590,5659,2579,1896,4326,101,5,4,39,149,2022,문화재청_궁능원_관람객_수_현황(2022년).csv
2022-04-23,2022,4,23,5,토,1,0,0,0,0,18.0,17.0,9.0,8.0,15034,6305,6389,11338,7860,7174,14566,365,28,20,55,468,2022,문화재청_궁능원_관람객_수_현황(2022년).csv
2022-04-24,2022,4,24,6,일,1,0,0,0,0,18.0,17.0,9.0,8.0,10861,4687,4483,6818,6260,4601,10482,272,12,13,82,379,2022,문화재청_궁능원_관람객_수_현황(2022년).csv
2022-04-25,2022,4,25,0,월,0,0,0,2,0,18.0,17.0,9.0,8.0,3324,0,0,11,1535,1789,3184,116,0,0,24,140,2022,문화재청_궁능원_관람객_수_현황(2022년).csv
2022-04-26,2022,4,26,1,화,0,1,0,0,0,18.0,17.0,9.0,8.0,155,2785,2093,7215,0,155,155,0,0,0,0,0,2022,문화재청_궁능원_관람객_수_현황(2022년).csv
2022-04-27,2022,4,27,2,수,0,0,0,0,0,18.0,17.0,9.0,8.0,3342,6172,4840,12309,1245,2097,3195,97,2,4,44,147,2022,문화재청_궁능원_관람객_수_현황(2022년).csv
2022-04-28,2022,4,28,3,목,0,0,0,0,0,18.0,17.0,9.0,8.0,5863,2570,2162,8529,3084,2779,5627,209,2,2,23,236,2022,문화재청_궁능원_관람객_수_현황(2022년).csv
2022-04-29,2022,4,29,4,금,0,0,0,0,0,18.0,17.0,9.0,8.0,6612,2492,1976,8475,2935,3677,6440,133,10,14,15,172,2022,문화재청_궁능원_관람객_수_현황(2022년).csv
2022-04-30,2022,4,30,5,토,1,0,0,0,0,18.0,17.0,9.0,8.0,15383,5788,4532,11181,7370,8013,14986,355,16,10,16,397,2022,문화재청_궁능원_관람객_수_현황(2022년).csv
2022-05-01,2022,5,1,6,일,1,0,0,0,0,18.0,17.0,9.0,8.0,14836,5436,4091,7983,8087,6749,14408,369,7,16,36,428,2022,문화재청_궁능원_관람객_수_현황(2022년).csv
2022-05-02,2022,5,2,0,월,0,0,0,2,0,18.0,17.0,9.0,8.0,4323,0,0,11,2156,2167,3954,327,3,8,31,369,2022,문화재청_궁능원_관람객_수_현황(2022년).csv
2022-05-03,2022,5,3,1,화,0,1,0,0,0,18.0,17.0,9.0,8.0,150,3902,2553,10058,0,150,150,0,0,0,0,0,2022,문화재청_궁능원_관람객_수_현황(2022년).csv
2022-05-04,2022,5,4,2,수,0,0,0,0,0,18.0,17.0,9.0,8.0,10675,3362,2809,10898,4619,6056,10416,202,12,10,35,259,2022,문화재청_궁능원_관람객_수_현황(2022년).csv
2022-05-05,2022,5,5,3,목,0,0,0,0,1,18.0,17.0,9.0,8.0,43157,11504,9423,18960,2608,40549,41698,905,30,218,306,1459,2022,문화재청_궁능원_관람객_수_현황(2022년).csv
2022-05-06,2022,5,6,4,금,0,0,0,0,0,18.0,17.0,9.0,8.0,18531,5609,4448,12293,8583,9948,18113,346,8,20,44,418,2022,문화재청_궁능원_관람객_수_현황(2022년).csv
2022-05-07,2022,5,7,5,토,1,0,0,0,0,18.0,17.0,9.0,8.0,17822,5751,4633,10626,9144,8678,17289,357,28,35,113,533,2022,문화재청_궁능원_관람객_수_현황(2022년).csv
2022-05-08,2022,5,8,6,일,1,0,0,0,1,18.0,17.0,9.0,8.0,11482,3914,2256,5319,6394,5088,11202,219,5,19,37,280,2022,문화재청_궁능원_관람객_수_현황(2022년).csv
2022-05-09,2022,5,9,0,월,0,0,0,2,0,18.0,17.0,9.0,8.0,3987,0,0,29,1841,2146,3838,133,0,1,15,149,2022,문화재청_궁능원_관람객_수_현황(2022년).csv
2022-05-10,2022,5,10,1,화,0,1,0,0,0,18.0,17.0,9.0,8.0,9985,3897,2989,10133,0,9985,9537,339,6,43,60,448,2022,문화재청_궁능원_관람객_수_현황(2022년).csv
2022-05-11,2022,5,11,2,수,0,0,0,0,0,18.0,17.0,9.0,8.0,14224,2581,1955,9873,0,14224,13495,487,6,50,186,729,2022,문화재청_궁능원_관람객_수_현황(2022년).csv
2022-05-12,2022,5,12,3,목,0,0,0,0,0,18.0,17.0,9.0,8.0,13993,2722,2103,8728,0,13993,13187,552,13,66,175,806,2022,문화재청_궁능원_관람객_수_현황(2022년).csv
2022-05-13,2022,5,13,4,금,0,0,0,0,0,18.0,17.0,9.0,8.0,18936,4833,3241,10214,0,18936,18255,528,23,36,94,681,2022,문화재청_궁능원_관람객_수_현황(2022년).csv
2022-05-14,2022,5,14,5,토,1,0,0,0,0,18.0,17.0,9.0,8.0,33964,6458,5578,12790,0,33964,32875,514,23,190,362,1089,2022,문화재청_궁능원_관람객_수_현황(2022년).csv
2022-05-15,2022,5,15,6,일,1,0,0,0,0,18.0,17.0,9.0,8.0,35657,5832,4312,9925,0,35657,34039,911,42,229,436,1618,2022,문화재청_궁능원_관람객_수_현황(2022년).csv
2022-05-16,2022,5,16,0,월,0,0,0,0,0,18.0,17.0,9.0,8.0,18214,1423,722,3352,0,18214,17468,622,12,42,70,746,2022,문화재청_궁능원_관람객_수_현황(2022년).csv
2022-05-17,2022,5,17,1,화,0,1,0,0,0,18.0,17.0,9.0,8.0,17016,2924,2049,8659,0,17016,16359,423,17,94,123,657,2022,문화재청_궁능원_관람객_수_현황(2022년).csv
2022-05-18,2022,5,18,2,수,0,0,0,0,0,18.0,17.0,9.0,8.0,18793,2563,1672,8902,0,18793,17929,539,28,118,179,864,2022,문화재청_궁능원_관람객_수_현황(2022년).csv
2022-05-19,2022,5,19,3,목,0,0,0,0,0,18.0,17.0,9.0,8.0,21732,3064,2056,8993,0,21732,20542,701,31,187,271,1190,2022,문화재청_궁능원_관람객_수_현황(2022년).csv
2022-05-20,2022,5,20,4,금,0,0,0,0,0,18.0,17.0,9.0,8.0,23922,3020,2542,10462,0,23922,22760,768,31,143,220,1162,2022,문화재청_궁능원_관람객_수_현황(2022년).csv
2022-05-21,2022,5,21,5,토,1,0,0,0,0,18.0,17.0,9.0,8.0,40370,5674,5326,13402,0,40370,38124,1157,107,321,661,2246,2022,문화재청_궁능원_관람객_수_현황(2022년).csv
2022-05-22,2022,5,22,6,일,1,0,0,0,0,18.0,17.0,9.0,8.0,29612,4940,4571,9021,0,29612,28323,964,22,94,209,1289,2022,문화재청_궁능원_관람객_수_현황(2022년).csv
2022-05-23,2022,5,23,0,월,0,0,0,2,0,18.0,17.0,9.0,8.0,7367,0,0,7,2698,4669,7192,147,0,6,22,175,2022,문화재청_궁능원_관람객_수_현황(2022년).csv
2022-05-24,2022,5,24,1,화,0,1,0,0,0,18.0,17.0,9.0,8.0,1541,2948,1665,8303,0,1541,1537,0,0,0,4,4,2022,문화재청_궁능원_관람객_수_현황(2022년).csv
2022-05-25,2022,5,25,2,수,0,0,0,0,0,18.0,17.0,9.0,8.0,17122,4415,2654,10395,2581,14541,16056,705,15,83,263,1066,2022,문화재청_궁능원_관람객_수_현황(2022년).csv
2022-05-26,2022,5,26,3,목,0,0,0,0,0,18.0,17.0,9.0,8.0,10799,2328,1665,9259,5095,5704,10668,108,5,4,14,131,2022,문화재청_궁능원_관람객_수_현황(2022년).csv
2022-05-27,2022,5,27,4,금,0,0,0,0,0,18.0,17.0,9.0,8.0,14126,2978,2321,9516,5391,8735,13784,261,17,19,45,342,2022,문화재청_궁능원_관람객_수_현황(2022년).csv
2022-05-28,2022,5,28,5,토,1,0,0,0,0,18.0,17.0,9.0,8.0,20829,4710,4486,10561,9492,11337,20127,501,31,37,133,702,2022,문화재청_궁능원_관람객_수_현황(2022년).csv
2022-05-29,2022,5,29,6,일,1,0,0,0,0,18.0,17.0,9.0,8.0,18461,4335,3138,7001,8708,9753,17890,404,18,40,109,571,2022,문화재청_궁능원_관람객_수_현황(2022년).csv
2022-05-30,2022,5,30,0,월,0,0,0,3,0,18.0,17.0,9.0,8.0,7260,0,0,0,2504,4756,7120,120,0,6,14,140,2022,문화재청_궁능원_관람객_수_현황(2022년).csv
2022-05-31,2022,5,31,1,화,0,1,0,0,0,18.0,17.0,9.0,8.0,1096,3637,2425,8835,0,1096,1094,0,0,0,2,2,2022,문화재청_궁능원_관람객_수_현황(2022년).csv
2022-06-01,2022,6,1,2,수,0,0,0,0,1,18.5,17.5,9.5,8.5,15214,4334,3195,7751,5951,9263,14822,324,1,31,36,392,2022,문화재청_궁능원_관람객_수_현황(2022년).csv
2022-06-02,2022,6,2,3,목,0,0,0,0,0,18.5,17.5,9.5,8.5,7886,2248,1460,7543,2779,5107,7662,147,0,7,70,224,2022,문화재청_궁능원_관람객_수_현황(2022년).csv
2022-06-03,2022,6,3,4,금,0,0,0,0,0,18.5,17.5,9.5,8.5,8090,2325,1823,7665,2656,5434,7701,302,8,17,62,389,2022,문화재청_궁능원_관람객_수_현황(2022년).csv
2022-06-04,2022,6,4,5,토,1,0,0,0,0,18.5,17.5,9.5,8.5,20399,5052,4912,11629,9590,10809,19940,377,15,11,56,459,2022,문화재청_궁능원_관람객_수_현황(2022년).csv
2022-06-05,2022,6,5,6,일,1,0,0,0,0,18.5,17.5,9.5,8.5,26062,6120,5189,11403,12176,13886,25510,331,3,21,197,552,2022,문화재청_궁능원_관람객_수_현황(2022년).csv
2022-06-06,2022,6,6,0,월,0,0,0,0,1,18.5,17.5,9.5,8.5,14949,3623,2290,6394,6987,7962,14699,201,3,11,35,250,2022,문화재청_궁능원_관람객_수_현황(2022년).csv
2022-06-07,2022,6,7,1,화,0,1,0,2,0,18.5,17.5,9.5,8.5,1010,0,0,24,0,1010,1003,0,0,0,7,7,2022,문화재청_궁능원_관람객_수_현황(2022년).csv
2022-06-08,2022,6,8,2,수,0,0,0,0,0,18.5,17.5,9.5,8.5,9267,2533,1607,8004,3134,6133,8988,243,0,4,32,279,2022,문화재청_궁능원_관람객_수_현황(2022년).csv
2022-06-09,2022,6,9,3,목,0,0,0,0,0,18.5,17.5,9.5,8.5,7293,1796,1231,6074,2328,4965,7183,91,1,9,9,110,2022,문화재청_궁능원_관람객_수_현황(2022년).csv
2022-06-10,2022,6,10,4,금,0,0,0,0,0,18.5,17.5,9.5,8.5,6713,2499,1726,7950,2783,3930,6448,217,6,7,35,265,2022,문화재청_궁능원_관람객_수_현황(2022년).csv
2022-06-11,2022,6,11,5,토,1,0,0,0,0,18.5,17.5,9.5,8.5,15236,3991,3730,9617,6663,8573,14805,364,11,16,40,431,2022,문화재청_궁능원_관람객_수_현황(2022년).csv
2022-06-12,2022,6,12,6,일,1,0,0,0,0,18.5,17.5,9.5,8.5,13737,3349,2328,6783,6075,7662,13220,383,3,1,130,517,2022,문화재청_궁능원_관람객_수_현황(2022년).csv
2022-06-13,2022,6,13,0,월,0,0,0,2,0,18.5,17.5,9.5,8.5,6462,0,0,40,2810,3652,6172,269,2,0,19,290,2022,문화재청_궁능원_관람객_수_현황(2022년).csv
2022-06-14,2022,6,14,1,화,0,1,1,0,0,18.5,17.5,9.5,8.5,0,3193,1692,6927,0,0,0,0,0,0,0,0,2022,문화재청_궁능원_관람객_수_현황(2022년).csv
2022-06-15,2022,6,15,2,수,0,0,0,0,0,18.5,17.5,9.5,8.5,5964,1494,868,3844,2193,3771,5646,236,2,5,75,318,2022,문화재청_궁능원_관람객_수_현황(2022년).csv
2022-06-16,2022,6,16,3,목,0,0,0,0,0,18.5,17.5,9.5,8.5,8386,2165,1543,7141,3188,5198,7849,470,4,21,42,537,2022,문화재청_궁능원_관람객_수_현황(2022년).csv
2022-06-17,2022,6,17,4,금,0,0,0,0,0,18.5,17.5,9.5,8.5,6494,2487,1585,7946,2905,3589,6063,298,1,6,126,431,2022,문화재청_궁능원_관람객_수_현황(2022년).csv
2022-06-18,2022,6,18,5,토,1,0,0,0,0,18.5,17.5,9.5,8.5,15152,3825,3342,10425,7136,8016,14440,549,10,28,125,712,2022,문화재청_궁능원_관람객_수_현황(2022년).csv
2022-06-19,2022,6,19,6,일,1,0,0,0,0,18.5,17.5,9.5,8.5,13169,3456,2321,7952,6430,6739,12576,412,15,36,130,593,2022,문화재청_궁능원_관람객_수_현황(2022년).csv
2022-06-20,2022,6,20,0,월,0,0,0,3,0,18.5,17.5,9.5,8.5,6938,0,0,0,3332,3606,6543,338,2,9,46,395,2022,문화재청_궁능원_관람객_수_현황(2022년).csv
2022-06-21,2022,6,21,1,화,0,1,1,0,0,18.5,17.5,9.5,8.5,0,2666,1394,5932,0,0,0,0,0,0,0,0,2022,문화재청_궁능원_관람객_수_현황(2022년).csv
2022-06-22,2022,6,22,2,수,0,0,0,0,0,18.5,17.5,9.5,8.5,6285,1929,1275,6539,2925,3360,5727,369,2,37,150,558,2022,문화재청_궁능원_관람객_수_현황(2022년).csv
2022-06-23,2022,6,23,3,목,0,0,0,0,0,18.5,17.5,9.5,8.5,3906,1066,465,3260,1301,2605,3646,190,3,1,66,260,2022,문화재청_궁능원_관람객_수_현황(2022년).csv
2022-06-24,2022,6,24,4,금,0,0,0,0,0,18.5,17.5,9.5,8.5,7317,2001,1470,8328,3051,4266,6944,289,8,10,66,373,2022,문화재청_궁능원_관람객_수_현황(2022년).csv
2022-06-25,2022,6,25,5,토,1,0,0,0,0,18.5,17.5,9.5,8.5,11444,3379,2679,9326,5671,5773,11090,296,9,24,25,354,2022,문화재청_궁능원_관람객_수_현황(2022년).csv
2022-06-26,2022,6,26,6,일,1,0,0,0,0,18.5,17.5,9.5,8.5,10065,2629,1525,6118,5166,4899,9532,398,7,13,115,533,2022,문화재청_궁능원_관람객_수_현황(2022년).csv
2022-06-27,2022,6,27,0,월,0,0,0,3,0,18.5,17.5,9.5,8.5,4211,0,0,0,2029,2182,3811,334,2,11,53,400,2022,문화재청_궁능원_관람객_수_현황(2022년).csv
2022-06-28,2022,6,28,1,화,0,1,1,0,0,18.5,17.5,9.5,8.5,0,1544,890,5447,0,0,0,0,0,0,0,0,2022,문화재청_궁능원_관람객_수_현황(2022년).csv
2022-06-29,2022,6,29,2,수,0,0,0,0,0,18.5,17.5,9.5,8.5,6093,1945,1065,5041,0,6093,4926,790,37,168,172,1167,2022,문화재청_궁능원_관람객_수_현황(2022년).csv
2022-06-30,2022,6,30,3,목,0,0,0,0,0,18.5,17.5,9.5,8.5,1713,513,1415,1949,882,831,1636,70,0,0,7,77,2022,문화재청_궁능원_관람객_수_현황(2022년).csv
2022-07-01,2022,7,1,4,금,0,0,0,0,0,18.5,17.5,9.5,8.5,5136,1407,1073,6466,2713,2423,4628,464,3,22,19,508,2022,문화재청_궁능원_관람객_수_현황(2022년).csv
2022-07-02,2022,7,2,5,토,1,0,0,0,0,18.5,17.5,9.5,8.5,8525,2706,2177,7085,3990,4535,8030,398,12,20,65,495,2022,문화재청_궁능원_관람객_수_현황(2022년).csv
2022-07-03,2022,7,3,6,일,1,0,0,0,0,18.5,17.5,9.5,8.5,7568,1985,1084,4543,3858,3710,7191,306,6,10,55,377,2022,문화재청_궁능원_관람객_수_현황(2022년).csv
2022-07-04,2022,7,4,0,월,0,0,0,3,0,18.5,17.5,9.5,8.5,4108,0,0,0,1842,2266,3904,176,1,6,21,204,2022,문화재청_궁능원_관람객_수_현황(2022년).csv
2022-07-05,2022,7,5,1,화,0,1,1,0,0,18.5,17.5,9.5,8.5,0,1481,758,5518,0,0,0,0,0,0,0,0,2022,문화재청_궁능원_관람객_수_현황(2022년).csv
2022-07-06,2022,7,6,2,수,0,0,0,0,0,18.5,17.5,9.5,8.5,3880,1012,563,4307,1868,2012,3540,319,0,5,16,340,2022,문화재청_궁능원_관람객_수_현황(2022년).csv
2022-07-07,2022,7,7,3,목,0,0,0,0,0,18.5,17.5,9.5,8.5,3646,910,651,4388,1879,1767,3100,454,8,12,72,546,2022,문화재청_궁능원_관람객_수_현황(2022년).csv
2022-07-08,2022,7,8,4,금,0,0,0,0,0,18.5,17.5,9.5,8.5,4962,1245,1070,6040,2123,2839,4592,308,4,6,52,370,2022,문화재청_궁능원_관람객_수_현황(2022년).csv
2022-07-09,2022,7,9,5,토,1,0,0,0,0,18.5,17.5,9.5,8.5,9236,2479,2009,7388,4841,4395,8492,548,9,39,148,744,2022,문화재청_궁능원_관람객_수_현황(2022년).csv
2022-07-10,2022,7,10,6,일,1,0,0,0,0,18.5,17.5,9.5,8.5,8010,1829,1159,4246,4016,3994,7515,386,6,19,84,495,2022,문화재청_궁능원_관람객_수_현황(2022년).csv
2022-07-11,2022,7,11,0,월,0,0,0,3,0,18.5,17.5,9.5,8.5,3885,0,0,0,1914,1971,3458,275,1,16,135,427,2022,문화재청_궁능원_관람객_수_현황(2022년).csv
2022-07-12,2022,7,12,1,화,0,1,1,0,0,18.5,17.5,9.5,8.5,0,2263,1269,7108,0,0,0,0,0,0,0,0,2022,문화재청_궁능원_관람객_수_현황(2022년).csv
2022-07-13,2022,7,13,2,수,0,0,0,0,0,18.5,17.5,9.5,8.5,2131,436,213,3654,895,1236,2042,72,0,7,10,89,2022,문화재청_궁능원_관람객_수_현황(2022년).csv
2022-07-14,2022,7,14,3,목,0,0,0,0,0,18.5,17.5,9.5,8.5,5511,1548,1075,6801,2599,2912,5022,426,0,8,55,489,2022,문화재청_궁능원_관람객_수_현황(2022년).csv
2022-07-15,2022,7,15,4,금,0,0,0,0,0,18.5,17.5,9.5,8.5,5000,1489,1084,6879,2646,2354,4201,598,4,18,179,799,2022,문화재청_궁능원_관람객_수_현황(2022년).csv
2022-07-16,2022,7,16,5,토,1,0,0,0,0,18.5,17.5,9.5,8.5,7996,2506,1766,6701,4106,3890,7248,537,21,26,164,748,2022,문화재청_궁능원_관람객_수_현황(2022년).csv
2022-07-17,2022,7,17,6,일,1,0,0,0,0,18.5,17.5,9.5,8.5,9588,2456,1643,6232,4865,4723,8963,394,29,31,171,625,2022,문화재청_궁능원_관람객_수_현황(2022년).csv
2022-07-18,2022,7,18,0,월,0,0,0,3,0,18.5,17.5,9.5,8.5,4410,0,0,0,2003,2407,4006,337,7,10,50,404,2022,문화재청_궁능원_관람객_수_현황(2022년).csv
2022-07-19,2022,7,19,1,화,0,1,1,0,0,18.5,17.5,9.5,8.5,0,2016,1039,5934,0,0,0,0,0,0,0,0,2022,문화재청_궁능원_관람객_수_현황(2022년).csv
2022-07-20,2022,7,20,2,수,0,0,0,0,0,18.5,17.5,9.5,8.5,4914,1371,1012,6287,2193,2721,4419,404,5,17,69,495,2022,문화재청_궁능원_관람객_수_현황(2022년).csv
2022-07-21,2022,7,21,3,목,0,0,0,0,0,18.5,17.5,9.5,8.5,4724,1675,1306,7110,2187,2537,4341,366,1,5,11,383,2022,문화재청_궁능원_관람객_수_현황(2022년).csv
2022-07-22,2022,7,22,4,금,0,0,0,0,0,18.5,17.5,9.5,8.5,4960,2156,1747,6670,2347,2613,4415,457,8,26,54,545,2022,문화재청_궁능원_관람객_수_현황(2022년).csv
2022-07-23,2022,7,23,5,토,1,0,0,0,0,18.5,17.5,9.5,8.5,9929,3643,2549,7947,4895,5034,9370,489,11,21,38,559,2022,문화재청_궁능원_관람객_수_현황(2022년).csv
2022-07-24,2022,7,24,6,일,1,0,0,0,0,18.5,17.5,9.5,8.5,8906,3364,2482,6994,4662,4244,8512,293,13,16,72,394,2022,문화재청_궁능원_관람객_수_현황(2022년).csv
2022-07-25,2022,7,25,0,월,0,0,0,2,0,18.5,17.5,9.5,8.5,6770,0,0,35,3544,3226,6233,455,5,25,52,537,2022,문화재청_궁능원_관람객_수_현황(2022년).csv
2022-07-26,2022,7,26,1,화,0,1,1,0,0,18.5,17.5,9.5,8.5,0,2628,1542,5780,0,0,0,0,0,0,0,0,2022,문화재청_궁능원_관람객_수_현황(2022년).csv
2022-07-27,2022,7,27,2,수,0,0,0,0,0,18.5,17.5,9.5,8.5,8682,3698,2513,9365,0,8682,6948,1006,24,209,495,1734,2022,문화재청_궁능원_관람객_수_현황(2022년).csv
2022-07-28,2022,7,28,3,목,0,0,0,0,0,18.5,17.5,9.5,8.5,5297,1915,1564,6285,2308,2989,5029,231,2,10,25,268,2022,문화재청_궁능원_관람객_수_현황(2022년).csv
2022-07-29,2022,7,29,4,금,0,0,0,0,0,18.5,17.5,9.5,8.5,5976,1779,1556,6828,3777,2199,5565,322,2,6,81,411,2022,문화재청_궁능원_관람객_수_현황(2022년).csv
2022-07-30,2022,7,30,5,토,1,0,0,0,0,18.5,17.5,9.5,8.5,6900,2582,1969,6542,3811,3089,6417,409,12,4,58,483,2022,문화재청_궁능원_관람객_수_현황(2022년).csv
2022-07-31,2022,7,31,6,일,1,0,0,0,0,18.5,17.5,9.5,8.5,7261,5258,1595,4844,4227,3034,6784,369,10,13,85,477,2022,문화재청_궁능원_관람객_수_현황(2022년).csv
2022-08-01,2022,8,1,0,월,0,0,0,3,0,18.5,17.5,9.5,8.5,9014,0,0,0,5303,3711,8719,253,9,29,4,295,2022,문화재청_궁능원_관람객_수_현황(2022년).csv
2022-08-02,2022,8,2,1,화,0,1,1,0,0,18.5,17.5,9.5,8.5,0,3193,1747,7171,0,0,0,0,0,0,0,0,2022,문화재청_궁능원_관람객_수_현황(2022년).csv
2022-08-03,2022,8,3,2,수,0,0,0,0,0,18.5,17.5,9.5,8.5,7451,2107,1523,7764,4211,3240,7000,410,1,11,29,451,2022,문화재청_궁능원_관람객_수_현황(2022년).csv
2022-08-04,2022,8,4,3,목,0,0,0,0,0,18.5,17.5,9.5,8.5,6317,2171,1462,7943,3359,2958,5956,338,5,8,10,361,2022,문화재청_궁능원_관람객_수_현황(2022년).csv
2022-08-05,2022,8,5,4,금,0,0,0,0,0,18.5,17.5,9.5,8.5,4956,1825,1421,8016,2665,2291,4518,191,4,11,232,438,2022,문화재청_궁능원_관람객_수_현황(2022년).csv
2022-08-06,2022,8,6,5,토,1,0,0,0,0,18.5,17.5,9.5,8.5,8346,2191,1798,8783,4315,4031,7779,451,3,30,83,567,2022,문화재청_궁능원_관람객_수_현황(2022년).csv
2022-08-07,2022,8,7,6,일,1,0,0,0,0,18.5,17.5,9.5,8.5,8751,2228,1570,7874,4348,4403,8438,269,12,31,1,313,2022,문화재청_궁능원_관람객_수_현황(2022년).csv
2022-08-08,2022,8,8,0,월,0,0,0,2,0,18.5,17.5,9.5,8.5,2857,0,0,15,1643,1214,2657,154,13,3,30,200,2022,문화재청_궁능원_관람객_수_현황(2022년).csv
2022-08-09,2022,8,9,1,화,0,1,1,0,0,18.5,17.5,9.5,8.5,0,893,371,1617,0,0,0,0,0,0,0,0,2022,문화재청_궁능원_관람객_수_현황(2022년).csv
2022-08-10,2022,8,10,2,수,0,0,0,0,0,18.5,17.5,9.5,8.5,6283,1924,1318,6747,3034,3249,5296,654,33,9,291,987,2022,문화재청_궁능원_관람객_수_현황(2022년).csv
2022-08-11,2022,8,11,3,목,0,0,0,0,0,18.5,17.5,9.5,8.5,4465,1594,1219,5793,2207,2258,4132,299,26,8,0,333,2022,문화재청_궁능원_관람객_수_현황(2022년).csv
2022-08-12,2022,8,12,4,금,0,0,0,0,0,18.5,17.5,9.5,8.5,6137,2430,1711,6294,3126,3011,5220,820,27,21,49,917,2022,문화재청_궁능원_관람객_수_현황(2022년).csv
2022-08-13,2022,8,13,5,토,1,0,0,0,0,18.5,17.5,9.5,8.5,6737,2507,1909,6280,3682,3055,6096,517,34,36,54,641,2022,문화재청_궁능원_관람객_수_현황(2022년).csv
2022-08-14,2022,8,14,6,일,1,0,0,0,0,18.5,17.5,9.5,8.5,12101,3505,2408,6169,6462,5639,11539,451,26,53,32,562,2022,문화재청_궁능원_관람객_수_현황(2022년).csv
2022-08-15,2022,8,15,0,월,0,0,0,0,1,18.5,17.5,9.5,8.5,11510,2683,1244,5192,5139,6371,10713,636,18,37,106,797,2022,문화재청_궁능원_관람객_수_현황(2022년).csv
2022-08-16,2022,8,16,1,화,0,1,1,3,0,18.5,17.5,9.5,8.5,0,0,0,0,0,0,0,0,0,0,0,0,2022,문화재청_궁능원_관람객_수_현황(2022년).csv
2022-08-17,2022,8,17,2,수,0,0,0,0,0,18.5,17.5,9.5,8.5,6085,2457,1456,5598,2983,3102,5531,516,26,12,0,554,2022,문화재청_궁능원_관람객_수_현황(2022년).csv
2022-08-18,2022,8,18,3,목,0,0,0,0,0,18.5,17.5,9.5,8.5,6947,2363,1656,7402,3043,3904,6069,732,60,18,68,878,2022,문화재청_궁능원_관람객_수_현황(2022년).csv
2022-08-19,2022,8,19,4,금,0,0,0,0,0,18.5,17.5,9.5,8.5,3863,1346,897,3815,1746,2117,3485,282,6,90,0,378,2022,문화재청_궁능원_관람객_수_현황(2022년).csv
2022-08-20,2022,8,20,5,토,1,0,0,0,0,18.5,17.5,9.5,8.5,8686,3116,2837,6759,4513,4173,7880,741,43,11,11,806,2022,문화재청_궁능원_관람객_수_현황(2022년).csv
2022-08-21,2022,8,21,6,일,1,0,0,0,0,18.5,17.5,9.5,8.5,9332,3154,2111,4796,4968,4364,8558,606,57,37,74,774,2022,문화재청_궁능원_관람객_수_현황(2022년).csv
2022-08-22,2022,8,22,0,월,0,0,0,3,0,18.5,17.5,9.5,8.5,5460,0,0,0,2804,2656,4908,484,37,22,9,552,2022,문화재청_궁능원_관람객_수_현황(2022년).csv
2022-08-23,2022,8,23,1,화,0,1,1,0,0,18.5,17.5,9.5,8.5,0,2668,1867,6252,0,0,0,0,0,0,0,0,2022,문화재청_궁능원_관람객_수_현황(2022년).csv
2022-08-24,2022,8,24,2,수,0,0,0,0,0,18.5,17.5,9.5,8.5,6523,2114,1705,6946,3071,3452,5818,645,24,15,21,705,2022,문화재청_궁능원_관람객_수_현황(2022년).csv
2022-08-25,2022,8,25,3,목,0,0,0,0,0,18.5,17.5,9.5,8.5,4419,1548,1176,4116,2052,2367,3973,369,18,15,44,446,2022,문화재청_궁능원_관람객_수_현황(2022년).csv
2022-08-26,2022,8,26,4,금,0,0,0,0,0,18.5,17.5,9.5,8.5,6881,2540,1948,7415,3405,3476,6414,426,21,13,7,467,2022,문화재청_궁능원_관람객_수_현황(2022년).csv
2022-08-27,2022,8,27,5,토,1,0,0,0,0,18.5,17.5,9.5,8.5,16020,5398,5197,10808,7861,8159,15194,683,43,49,51,826,2022,문화재청_궁능원_관람객_수_현황(2022년).csv
2022-08-28,2022,8,28,6,일,1,0,0,0,0,18.5,17.5,9.5,8.5,14791,4514,3847,8207,7059,7732,13999,630,46,47,69,792,2022,문화재청_궁능원_관람객_수_현황(2022년).csv
2022-08-29,2022,8,29,0,월,0,0,0,3,0,18.5,17.5,9.5,8.5,6213,0,0,0,2760,3453,5904,266,13,9,21,309,2022,문화재청_궁능원_관람객_수_현황(2022년).csv
2022-08-30,2022,8,30,1,화,0,1,1,0,0,18.5,17.5,9.5,8.5,0,1203,735,2436,0,0,0,0,0,0,0,0,2022,문화재청_궁능원_관람객_수_현황(2022년).csv
2022-08-31,2022,8,31,2,수,0,0,0,0,0,18.5,17.5,9.5,8.5,11136,5010,3772,8112,0,11136,9036,1299,88,290,423,2100,2022,문화재청_궁능원_관람객_수_현황(2022년).csv
2022-09-01,2022,9,1,3,목,0,0,0,0,0,18.0,17.0,9.0,8.0,9156,2123,1629,7164,5041,4115,8777,336,29,9,5,379,2022,문화재청_궁능원_관람객_수_현황(2022년).csv
2022-09-02,2022,9,2,4,금,0,0,0,0,0,18.0,17.0,9.0,8.0,10705,2492,1837,7657,5443,5262,10076,442,33,38,116,629,2022,문화재청_궁능원_관람객_수_현황(2022년).csv
2022-09-03,2022,9,3,5,토,1,0,0,0,0,18.0,17.0,9.0,8.0,17413,4878,4305,10515,9442,7971,16329,887,58,36,103,1084,2022,문화재청_궁능원_관람객_수_현황(2022년).csv
2022-09-04,2022,9,4,6,일,1,0,0,0,0,18.0,17.0,9.0,8.0,6787,1658,887,2646,4628,2159,6427,339,10,5,6,360,2022,문화재청_궁능원_관람객_수_현황(2022년).csv
2022-09-05,2022,9,5,0,월,0,0,0,3,0,18.0,17.0,9.0,8.0,1732,0,0,0,527,1205,1509,166,7,21,29,223,2022,문화재청_궁능원_관람객_수_현황(2022년).csv
2022-09-06,2022,9,6,1,화,0,1,1,0,0,18.0,17.0,9.0,8.0,0,2012,2033,7435,0,0,0,0,0,0,0,0,2022,문화재청_궁능원_관람객_수_현황(2022년).csv
2022-09-07,2022,9,7,2,수,0,0,0,0,0,18.0,17.0,9.0,8.0,9460,2864,1575,7972,5278,4182,8619,702,13,31,95,841,2022,문화재청_궁능원_관람객_수_현황(2022년).csv
2022-09-08,2022,9,8,3,목,0,0,0,0,0,18.0,17.0,9.0,8.0,9019,2319,1850,7679,5062,3957,7988,833,39,22,137,1031,2022,문화재청_궁능원_관람객_수_현황(2022년).csv
2022-09-09,2022,9,9,4,금,0,0,0,0,1,18.0,17.0,9.0,8.0,35131,9454,16987,12480,2668,32463,29903,2422,253,778,1775,5228,2022,문화재청_궁능원_관람객_수_현황(2022년).csv
2022-09-10,2022,9,10,5,토,1,0,0,0,1,18.0,17.0,9.0,8.0,70999,21566,19016,18593,2700,68299,60330,4009,630,1891,4139,10669,2022,문화재청_궁능원_관람객_수_현황(2022년).csv
2022-09-11,2022,9,11,6,일,1,0,0,0,1,18.0,17.0,9.0,8.0,72605,18902,17455,17371,2699,69906,64221,3378,477,1271,3258,8384,2022,문화재청_궁능원_관람객_수_현황(2022년).csv
2022-09-12,2022,9,12,0,월,0,0,0,0,1,18.0,17.0,9.0,8.0,50324,14246,11365,12767,2610,47714,45977,1978,208,745,1416,4347,2022,문화재청_궁능원_관람객_수_현황(2022년).csv
2022-09-13,2022,9,13,1,화,0,1,1,2,0,18.0,17.0,9.0,8.0,0,0,0,11,0,0,0,0,0,0,0,0,2022,문화재청_궁능원_관람객_수_현황(2022년).csv
2022-09-14,2022,9,14,2,수,0,0,0,0,0,18.0,17.0,9.0,8.0,10998,2517,1707,7953,4928,6070,10463,492,17,8,18,535,2022,문화재청_궁능원_관람객_수_현황(2022년).csv
2022-09-15,2022,9,15,3,목,0,0,0,0,0,18.0,17.0,9.0,8.0,11646,2625,2129,7511,5191,6455,11230,359,29,9,19,416,2022,문화재청_궁능원_관람객_수_현황(2022년).csv
2022-09-16,2022,9,16,4,금,0,0,0,0,0,18.0,17.0,9.0,8.0,10386,2560,1648,8701,4980,5406,9914,420,26,11,15,472,2022,문화재청_궁능원_관람객_수_현황(2022년).csv
2022-09-17,2022,9,17,5,토,1,0,0,0,0,18.0,17.0,9.0,8.0,18256,4538,4255,10852,9069,9187,17291,823,56,40,46,965,2022,문화재청_궁능원_관람객_수_현황(2022년).csv
2022-09-18,2022,9,18,6,일,1,0,0,0,0,18.0,17.0,9.0,8.0,16602,4263,3268,6765,8843,7759,15512,734,62,42,252,1090,2022,문화재청_궁능원_관람객_수_현황(2022년).csv
2022-09-19,2022,9,19,0,월,0,0,0,3,0,18.0,17.0,9.0,8.0,8757,0,0,0,3566,5191,8181,486,26,28,36,576,2022,문화재청_궁능원_관람객_수_현황(2022년).csv
2022-09-20,2022,9,20,1,화,0,1,1,0,0,18.0,17.0,9.0,8.0,0,4765,2906,10127,0,0,0,0,0,0,0,0,2022,문화재청_궁능원_관람객_수_현황(2022년).csv
2022-09-21,2022,9,21,2,수,0,0,0,0,0,18.0,17.0,9.0,8.0,15805,3952,2455,9455,6709,9096,15174,555,21,7,48,631,2022,문화재청_궁능원_관람객_수_현황(2022년).csv
2022-09-22,2022,9,22,3,목,0,0,0,0,0,18.0,17.0,9.0,8.0,14792,3490,2313,9439,6265,8527,14157,526,39,19,51,635,2022,문화재청_궁능원_관람객_수_현황(2022년).csv
2022-09-23,2022,9,23,4,금,0,0,0,0,0,18.0,17.0,9.0,8.0,16249,3748,3075,10348,6383,9866,15574,599,36,15,25,675,2022,문화재청_궁능원_관람객_수_현황(2022년).csv
2022-09-24,2022,9,24,5,토,1,0,0,0,0,18.0,17.0,9.0,8.0,26669,6578,5972,20676,12711,13958,25416,874,69,49,261,1253,2022,문화재청_궁능원_관람객_수_현황(2022년).csv
2022-09-25,2022,9,25,6,일,1,0,0,0,0,18.0,17.0,9.0,8.0,22474,5423,4549,10772,11448,11026,21583,755,53,46,37,891,2022,문화재청_궁능원_관람객_수_현황(2022년).csv
2022-09-26,2022,9,26,0,월,0,0,0,2,0,18.0,17.0,9.0,8.0,10997,0,0,26,4070,6927,10254,553,19,28,143,743,2022,문화재청_궁능원_관람객_수_현황(2022년).csv
2022-09-27,2022,9,27,1,화,0,1,1,0,0,18.0,17.0,9.0,8.0,0,5352,4367,11234,0,0,0,0,0,0,0,0,2022,문화재청_궁능원_관람객_수_현황(2022년).csv
2022-09-28,2022,9,28,2,수,0,0,0,0,0,18.0,17.0,9.0,8.0,26158,6723,4092,15959,2617,23541,23195,1811,107,321,724,2963,2022,문화재청_궁능원_관람객_수_현황(2022년).csv
2022-09-29,2022,9,29,3,목,0,0,0,0,0,18.0,17.0,9.0,8.0,13835,3788,2059,9287,5998,7837,13194,522,32,17,70,641,2022,문화재청_궁능원_관람객_수_현황(2022년).csv
2022-09-30,2022,9,30,4,금,0,0,0,0,0,18.0,17.0,9.0,8.0,14366,3450,3083,11417,6240,8126,13323,743,34,51,215,1043,2022,문화재청_궁능원_관람객_수_현황(2022년).csv
2022-10-01,2022,10,1,5,토,1,0,0,0,0,18.0,17.0,9.0,8.0,28517,7508,7239,16600,14021,14496,27309,962,50,49,147,1208,2022,문화재청_궁능원_관람객_수_현황(2022년).csv
2022-10-02,2022,10,2,6,일,1,0,0,0,0,18.0,17.0,9.0,8.0,30711,6925,5200,11807,15695,15016,29919,675,52,58,7,792,2022,문화재청_궁능원_관람객_수_현황(2022년).csv
2022-10-03,2022,10,3,0,월,0,0,0,0,1,18.0,17.0,9.0,8.0,8921,2065,872,4157,5440,3481,8325,504,11,23,58,596,2022,문화재청_궁능원_관람객_수_현황(2022년).csv
2022-10-04,2022,10,4,1,화,0,1,0,0,0,18.0,17.0,9.0,8.0,6681,3352,1514,5391,4229,2452,6226,389,21,8,37,455,2022,문화재청_궁능원_관람객_수_현황(2022년).csv
2022-10-05,2022,10,5,2,수,0,0,0,0,0,18.0,17.0,9.0,8.0,19054,4357,2623,10948,6927,12127,18325,660,10,32,27,729,2022,문화재청_궁능원_관람객_수_현황(2022년).csv
2022-10-06,2022,10,6,3,목,0,0,0,0,0,18.0,17.0,9.0,8.0,16180,3652,2333,10646,6236,9944,15016,1002,41,22,99,1164,2022,문화재청_궁능원_관람객_수_현황(2022년).csv
2022-10-07,2022,10,7,4,금,0,0,0,0,0,18.0,17.0,9.0,8.0,19314,4512,3717,12409,7161,12153,18665,554,51,28,16,649,2022,문화재청_궁능원_관람객_수_현황(2022년).csv
2022-10-08,2022,10,8,5,토,1,0,0,0,0,18.0,17.0,9.0,8.0,36316,8338,9041,19674,16781,19535,34814,1238,123,40,101,1502,2022,문화재청_궁능원_관람객_수_현황(2022년).csv
2022-10-09,2022,10,9,6,일,1,0,0,0,1,18.0,17.0,9.0,8.0,17035,4224,2655,5790,10005,7030,16304,548,125,24,34,731,2022,문화재청_궁능원_관람객_수_현황(2022년).csv
2022-10-10,2022,10,10,0,월,0,0,0,0,1,18.0,17.0,9.0,8.0,16640,4224,2029,5933,7252,9388,15694,802,38,17,89,946,2022,문화재청_궁능원_관람객_수_현황(2022년).csv
2022-10-11,2022,10,11,1,화,0,1,1,3,0,18.0,17.0,9.0,8.0,0,0,0,0,0,0,0,0,0,0,0,0,2022,문화재청_궁능원_관람객_수_현황(2022년).csv
2022-10-12,2022,10,12,2,수,0,0,0,0,0,18.0,17.0,9.0,8.0,22798,6323,3182,11683,8150,14648,21428,1090,86,40,154,1370,2022,문화재청_궁능원_관람객_수_현황(2022년).csv
2022-10-13,2022,10,13,3,목,0,0,0,0,0,18.0,17.0,9.0,8.0,20502,5096,3845,10751,7372,13130,19692,649,82,28,51,810,2022,문화재청_궁능원_관람객_수_현황(2022년).csv
2022-10-14,2022,10,14,4,금,0,0,0,0,0,18.0,17.0,9.0,8.0,21328,4764,4764,12832,7474,13854,19984,1011,116,53,164,1344,2022,문화재청_궁능원_관람객_수_현황(2022년).csv
2022-10-15,2022,10,15,5,토,1,0,0,0,0,18.0,17.0,9.0,8.0,29721,6155,7484,17705,14207,15514,28178,1086,196,38,223,1543,2022,문화재청_궁능원_관람객_수_현황(2022년).csv
2022-10-16,2022,10,16,6,일,1,0,0,0,0,18.0,17.0,9.0,8.0,25978,7003,5073,12216,12609,13369,24812,938,170,35,23,1166,2022,문화재청_궁능원_관람객_수_현황(2022년).csv
2022-10-17,2022,10,17,0,월,0,0,0,3,0,18.0,17.0,9.0,8.0,15148,0,0,0,6312,8836,13766,1189,60,29,104,1382,2022,문화재청_궁능원_관람객_수_현황(2022년).csv
2022-10-18,2022,10,18,1,화,0,1,1,0,0,18.0,17.0,9.0,8.0,0,9602,3763,13350,0,0,0,0,0,0,0,0,2022,문화재청_궁능원_관람객_수_현황(2022년).csv
2022-10-19,2022,10,19,2,수,0,0,0,0,0,18.0,17.0,9.0,8.0,21877,5727,3488,12064,8419,13458,20657,1037,75,65,43,1220,2022,문화재청_궁능원_관람객_수_현황(2022년).csv
2022-10-20,2022,10,20,3,목,0,0,0,0,0,18.0,17.0,9.0,8.0,24689,6770,3973,12625,8158,16531,23468,1009,73,40,99,1221,2022,문화재청_궁능원_관람객_수_현황(2022년).csv
2022-10-21,2022,10,21,4,금,0,0,0,0,0,18.0,17.0,9.0,8.0,25485,8287,6406,12340,9184,16301,22912,2331,87,41,114,2573,2022,문화재청_궁능원_관람객_수_현황(2022년).csv
2022-10-22,2022,10,22,5,토,1,0,0,0,0,18.0,17.0,9.0,8.0,31387,11199,9453,22991,14874,16513,29693,1445,87,47,115,1694,2022,문화재청_궁능원_관람객_수_현황(2022년).csv
2022-10-23,2022,10,23,6,일,1,0,0,0,0,18.0,17.0,9.0,8.0,29074,11107,7905,16659,15422,13652,27692,1005,96,66,215,1382,2022,문화재청_궁능원_관람객_수_현황(2022년).csv
2022-10-24,2022,10,24,0,월,0,0,0,2,0,18.0,17.0,9.0,8.0,16260,0,0,41,6139,10121,15402,748,71,10,29,858,2022,문화재청_궁능원_관람객_수_현황(2022년).csv
2022-10-25,2022,10,25,1,화,0,1,1,0,0,18.0,17.0,9.0,8.0,0,9334,5079,15438,0,0,0,0,0,0,0,0,2022,문화재청_궁능원_관람객_수_현황(2022년).csv
2022-10-26,2022,10,26,2,수,0,0,0,0,0,18.0,17.0,9.0,8.0,38156,14393,10234,22020,2617,35539,34078,2163,171,459,1285,4078,2022,문화재청_궁능원_관람객_수_현황(2022년).csv
2022-10-27,2022,10,27,3,목,0,0,0,0,0,18.0,17.0,9.0,8.0,21918,8773,6053,14862,8560,13358,20821,789,70,38,200,1097,2022,문화재청_궁능원_관람객_수_현황(2022년).csv
2022-10-28,2022,10,28,4,금,0,0,0,0,0,18.0,17.0,9.0,8.0,24677,8948,7791,19233,10100,14577,23150,1218,95,63,151,1527,2022,문화재청_궁능원_관람객_수_현황(2022년).csv
2022-10-29,2022,10,29,5,토,1,0,0,0,0,18.0,17.0,9.0,8.0,34543,15111,12453,28076,17541,17002,33064,1162,153,64,100,1479,2022,문화재청_궁능원_관람객_수_현황(2022년).csv
2022-10-30,2022,10,30,6,일,1,0,0,0,0,18.0,17.0,9.0,8.0,30396,13848,10994,19367,15251,15145,29131,929,77,60,199,1265,2022,문화재청_궁능원_관람객_수_현황(2022년).csv
2022-10-31,2022,10,31,0,월,0,0,0,3,0,18.0,17.0,9.0,8.0,14513,0,0,0,6409,8104,13839,614,41,16,3,674,2022,문화재청_궁능원_관람객_수_현황(2022년).csv
2022-11-01,2022,11,1,1,화,0,1,1,0,0,17.0,16.0,8.0,7.0,0,9392,6637,16040,0,0,0,0,0,0,0,0,2022,문화재청_궁능원_관람객_수_현황(2022년).csv
2022-11-02,2022,11,2,2,수,0,0,0,0,0,17.0,16.0,8.0,7.0,20977,8180,6317,14398,7936,13041,20161,673,71,41,31,816,2022,문화재청_궁능원_관람객_수_현황(2022년).csv
2022-11-03,2022,11,3,3,목,0,0,0,0,0,17.0,16.0,8.0,7.0,17946,7711,4922,12974,7703,10243,16863,837,98,39,109,1083,2022,문화재청_궁능원_관람객_수_현황(2022년).csv
2022-11-04,2022,11,4,4,금,0,0,0,0,0,17.0,16.0,8.0,7.0,20125,8062,5573,13912,8238,11887,19164,681,94,27,159,961,2022,문화재청_궁능원_관람객_수_현황(2022년).csv
2022-11-05,2022,11,5,5,토,1,0,0,0,0,17.0,16.0,8.0,7.0,28908,14930,11777,23173,14424,14484,27303,1136,164,76,229,1605,2022,문화재청_궁능원_관람객_수_현황(2022년).csv
2022-11-06,2022,11,6,6,일,1,0,0,0,0,17.0,16.0,8.0,7.0,27137,13152,11658,18664,13712,13425,25942,928,81,104,82,1195,2022,문화재청_궁능원_관람객_수_현황(2022년).csv
2022-11-07,2022,11,7,0,월,0,0,0,3,0,17.0,16.0,8.0,7.0,11911,0,0,0,5092,6819,11008,614,27,30,232,903,2022,문화재청_궁능원_관람객_수_현황(2022년).csv
2022-11-08,2022,11,8,1,화,0,1,1,0,0,17.0,16.0,8.0,7.0,0,9491,6092,15192,0,0,0,0,0,0,0,0,2022,문화재청_궁능원_관람객_수_현황(2022년).csv
2022-11-09,2022,11,9,2,수,0,0,0,0,0,17.0,16.0,8.0,7.0,14768,7895,4666,13553,5425,9343,13801,514,20,27,406,967,2022,문화재청_궁능원_관람객_수_현황(2022년).csv
2022-11-10,2022,11,10,3,목,0,0,0,0,0,17.0,16.0,8.0,7.0,12025,6621,4413,13443,4515,7510,11266,603,23,26,107,759,2022,문화재청_궁능원_관람객_수_현황(2022년).csv
2022-11-11,2022,11,11,4,금,0,0,0,0,0,17.0,16.0,8.0,7.0,14369,7774,5790,15992,5793,8576,13292,937,55,43,42,1077,2022,문화재청_궁능원_관람객_수_현황(2022년).csv
2022-11-12,2022,11,12,5,토,1,0,0,0,0,17.0,16.0,8.0,7.0,14778,8099,5784,11360,7114,7664,14001,592,63,35,87,777,2022,문화재청_궁능원_관람객_수_현황(2022년).csv
2022-11-13,2022,11,13,6,일,1,0,0,0,0,17.0,16.0,8.0,7.0,16708,8511,5956,14205,8175,8533,15613,777,69,63,186,1095,2022,문화재청_궁능원_관람객_수_현황(2022년).csv
2022-11-14,2022,11,14,0,월,0,0,0,2,0,17.0,16.0,8.0,7.0,10913,0,0,25,4573,6340,9934,720,40,35,184,979,2022,문화재청_궁능원_관람객_수_현황(2022년).csv
2022-11-15,2022,11,15,1,화,0,1,1,0,0,17.0,16.0,8.0,7.0,0,5783,3650,11642,0,0,0,0,0,0,0,0,2022,문화재청_궁능원_관람객_수_현황(2022년).csv
2022-11-16,2022,11,16,2,수,0,0,0,0,0,17.0,16.0,8.0,7.0,10521,4896,3303,11494,4209,6312,9501,871,38,66,45,1020,2022,문화재청_궁능원_관람객_수_현황(2022년).csv
2022-11-17,2022,11,17,3,목,0,0,0,0,0,17.0,16.0,8.0,7.0,11227,4597,3492,12527,4375,6852,10723,462,23,16,3,504,2022,문화재청_궁능원_관람객_수_현황(2022년).csv
2022-11-18,2022,11,18,4,금,0,0,0,0,0,17.0,16.0,8.0,7.0,11101,5195,3620,13335,4871,6230,10200,703,53,65,80,901,2022,문화재청_궁능원_관람객_수_현황(2022년).csv
2022-11-19,2022,11,19,5,토,1,0,0,0,0,17.0,16.0,8.0,7.0,19495,8782,7907,17298,9015,10480,17966,1119,121,56,233,1529,2022,문화재청_궁능원_관람객_수_현황(2022년).csv
2022-11-20,2022,11,20,6,일,1,0,0,0,0,17.0,16.0,8.0,7.0,18205,7971,6839,13747,8723,9482,17146,741,76,88,154,1059,2022,문화재청_궁능원_관람객_수_현황(2022년).csv
2022-11-21,2022,11,21,0,월,0,0,0,3,0,17.0,16.0,8.0,7.0,11093,0,0,0,5778,5315,10232,714,89,40,18,861,2022,문화재청_궁능원_관람객_수_현황(2022년).csv
2022-11-22,2022,11,22,1,화,0,1,1,0,0,17.0,16.0,8.0,7.0,0,4291,2290,10953,0,0,0,0,0,0,0,0,2022,문화재청_궁능원_관람객_수_현황(2022년).csv
2022-11-23,2022,11,23,2,수,0,0,0,0,0,17.0,16.0,8.0,7.0,10064,4258,2365,10770,3989,6075,9416,557,45,35,11,648,2022,문화재청_궁능원_관람객_수_현황(2022년).csv
2022-11-24,2022,11,24,3,목,0,0,0,0,0,17.0,16.0,8.0,7.0,10111,3667,2290,11542,3809,6302,9321,542,74,45,129,790,2022,문화재청_궁능원_관람객_수_현황(2022년).csv
2022-11-25,2022,11,25,4,금,0,0,0,0,0,17.0,16.0,8.0,7.0,10823,3773,2507,13029,4798,6025,9609,863,74,30,247,1214,2022,문화재청_궁능원_관람객_수_현황(2022년).csv
2022-11-26,2022,11,26,5,토,1,0,0,0,0,17.0,16.0,8.0,7.0,15527,5779,4287,12570,7304,8223,13933,1127,113,94,260,1594,2022,문화재청_궁능원_관람객_수_현황(2022년).csv
2022-11-27,2022,11,27,6,일,1,0,0,0,0,17.0,16.0,8.0,7.0,14611,4609,3185,9670,6876,7735,13361,777,109,89,275,1250,2022,문화재청_궁능원_관람객_수_현황(2022년).csv
2022-11-28,2022,11,28,0,월,0,0,0,3,0,17.0,16.0,8.0,7.0,6329,0,0,0,2754,3575,5726,520,25,30,28,603,2022,문화재청_궁능원_관람객_수_현황(2022년).csv
2022-11-29,2022,11,29,1,화,0,1,1,0,0,17.0,16.0,8.0,7.0,0,3250,1277,7599,0,0,0,0,0,0,0,0,2022,문화재청_궁능원_관람객_수_현황(2022년).csv
2022-11-30,2022,11,30,2,수,0,0,0,0,0,17.0,16.0,8.0,7.0,9524,3072,1504,5835,0,9524,7276,1035,97,194,922,2248,2022,문화재청_궁능원_관람객_수_현황(2022년).csv
2022-12-01,2022,12,1,3,목,0,0,0,0,0,17.0,16.0,8.0,7.0,5355,1351,748,4679,2134,3221,4706,541,40,14,54,649,2022,문화재청_궁능원_관람객_수_현황(2022년).csv
2022-12-02,2022,12,2,4,금,0,0,0,0,0,17.0,16.0,8.0,7.0,8121,1758,769,6295,3194,4927,7103,782,43,79,114,1018,2022,문화재청_궁능원_관람객_수_현황(2022년).csv
2022-12-03,2022,12,3,5,토,1,0,0,0,0,17.0,16.0,8.0,7.0,11129,3485,1978,9186,5666,5463,9746,1007,128,58,190,1383,2022,문화재청_궁능원_관람객_수_현황(2022년).csv
2022-12-04,2022,12,4,6,일,1,0,0,0,0,17.0,16.0,8.0,7.0,9166,2415,1202,4645,4742,4424,8440,567,57,54,48,726,2022,문화재청_궁능원_관람객_수_현황(2022년).csv
2022-12-05,2022,12,5,0,월,0,0,0,3,0,17.0,16.0,8.0,7.0,6611,0,0,0,2950,3661,6014,314,39,7,237,597,2022,문화재청_궁능원_관람객_수_현황(2022년).csv
2022-12-06,2022,12,6,1,화,0,1,1,0,0,17.0,16.0,8.0,7.0,0,2660,1209,5956,0,0,0,0,0,0,0,0,2022,문화재청_궁능원_관람객_수_현황(2022년).csv
2022-12-07,2022,12,7,2,수,0,0,0,0,0,17.0,16.0,8.0,7.0,7386,1879,930,6416,3082,4304,6360,896,41,60,29,1026,2022,문화재청_궁능원_관람객_수_현황(2022년).csv
2022-12-08,2022,12,8,3,목,0,0,0,0,0,17.0,16.0,8.0,7.0,8803,1866,1053,7972,3105,5698,8128,467,26,85,97,675,2022,문화재청_궁능원_관람객_수_현황(2022년).csv
2022-12-09,2022,12,9,4,금,0,0,0,0,0,17.0,16.0,8.0,7.0,7090,2021,1109,7990,3326,3764,6270,626,49,99,46,820,2022,문화재청_궁능원_관람객_수_현황(2022년).csv
2022-12-10,2022,12,10,5,토,1,0,0,0,0,17.0,16.0,8.0,7.0,12933,3535,2034,10291,6404,6529,11365,1117,143,82,226,1568,2022,문화재청_궁능원_관람객_수_현황(2022년).csv
2022-12-11,2022,12,11,6,일,1,0,0,0,0,17.0,16.0,8.0,7.0,12379,3514,1857,6898,6524,5855,11022,858,157,163,179,1357,2022,문화재청_궁능원_관람객_수_현황(2022년).csv
2022-12-12,2022,12,12,0,월,0,0,0,3,0,17.0,16.0,8.0,7.0,9090,0,0,0,3309,5781,8114,820,57,47,52,976,2022,문화재청_궁능원_관람객_수_현황(2022년).csv
2022-12-13,2022,12,13,1,화,0,1,1,0,0,17.0,16.0,8.0,7.0,0,2552,1218,6540,0,0,0,0,0,0,0,0,2022,문화재청_궁능원_관람객_수_현황(2022년).csv
2022-12-14,2022,12,14,2,수,0,0,0,0,0,17.0,16.0,8.0,7.0,5656,1098,738,3831,2585,3071,4797,590,49,175,45,859,2022,문화재청_궁능원_관람객_수_현황(2022년).csv
2022-12-15,2022,12,15,3,목,0,0,0,0,0,17.0,16.0,8.0,7.0,5717,1606,1084,4463,2646,3071,5076,444,18,15,164,641,2022,문화재청_궁능원_관람객_수_현황(2022년).csv
2022-12-16,2022,12,16,4,금,0,0,0,0,0,17.0,16.0,8.0,7.0,7118,1858,1058,4941,3257,3861,5607,1046,72,234,159,1511,2022,문화재청_궁능원_관람객_수_현황(2022년).csv
2022-12-17,2022,12,17,5,토,1,0,0,0,0,17.0,16.0,8.0,7.0,9930,2698,1270,5699,5213,4717,8605,717,138,68,402,1325,2022,문화재청_궁능원_관람객_수_현황(2022년).csv
2022-12-18,2022,12,18,6,일,1,0,0,0,0,17.0,16.0,8.0,7.0,7517,1840,753,3439,4308,3209,6414,882,50,100,71,1103,2022,문화재청_궁능원_관람객_수_현황(2022년).csv
2022-12-19,2022,12,19,0,월,0,0,0,3,0,17.0,16.0,8.0,7.0,6315,0,0,0,3412,2903,5241,878,58,45,93,1074,2022,문화재청_궁능원_관람객_수_현황(2022년).csv
2022-12-20,2022,12,20,1,화,0,1,1,0,0,17.0,16.0,8.0,7.0,0,3193,1281,6265,0,0,0,0,0,0,0,0,2022,문화재청_궁능원_관람객_수_현황(2022년).csv
2022-12-21,2022,12,21,2,수,0,0,0,0,0,17.0,16.0,8.0,7.0,8768,2996,1627,5859,4401,4367,8065,616,28,52,7,703,2022,문화재청_궁능원_관람객_수_현황(2022년).csv
2022-12-22,2022,12,22,3,목,0,0,0,0,0,17.0,16.0,8.0,7.0,5678,1699,678,3882,3362,2316,4496,893,50,58,181,1182,2022,문화재청_궁능원_관람객_수_현황(2022년).csv
2022-12-23,2022,12,23,4,금,0,0,0,0,0,17.0,16.0,8.0,7.0,4681,1011,442,2825,2410,2271,3841,732,23,65,20,840,2022,문화재청_궁능원_관람객_수_현황(2022년).csv
2022-12-24,2022,12,24,5,토,1,0,0,0,0,17.0,16.0,8.0,7.0,8303,2293,1139,5269,4791,3512,6984,925,41,202,151,1319,2022,문화재청_궁능원_관람객_수_현황(2022년).csv
2022-12-25,2022,12,25,6,일,1,0,0,0,1,17.0,16.0,8.0,7.0,10193,2292,1297,5511,5557,4636,8658,1071,75,103,286,1535,2022,문화재청_궁능원_관람객_수_현황(2022년).csv
2022-12-26,2022,12,26,0,월,0,0,0,3,0,17.0,16.0,8.0,7.0,9599,0,0,0,5265,4334,7558,1785,126,73,57,2041,2022,문화재청_궁능원_관람객_수_현황(2022년).csv
2022-12-27,2022,12,27,1,화,0,1,1,0,0,17.0,16.0,8.0,7.0,0,4198,1738,7875,0,0,0,0,0,0,0,0,2022,문화재청_궁능원_관람객_수_현황(2022년).csv
2022-12-28,2022,12,28,2,수,0,0,0,0,0,17.0,16.0,8.0,7.0,17209,4760,1981,7531,0,17209,9951,3189,633,896,2540,7258,2022,문화재청_궁능원_관람객_수_현황(2022년).csv
2022-12-29,2022,12,29,3,목,0,0,0,0,0,17.0,16.0,8.0,7.0,9480,2440,1096,6577,4909,4571,8197,1040,123,96,24,1283,2022,문화재청_궁능원_관람객_수_현황(2022년).csv
2022-12-30,2022,12,30,4,금,0,0,0,0,0,17.0,16.0,8.0,7.0,9257,2519,1430,7072,4801,4456,8453,551,79,124,50,804,2022,문화재청_궁능원_관람객_수_현황(2022년).csv
2022-12-31,2022,12,31,5,토,1,0,0,0,0,17.0,16.0,8.0,7.0,11662,2939,1512,7328,6007,5655,10325,1027,145,127,38,1337,2022,문화재청_궁능원_관람객_수_현황(2022년).csv
2023-01-01,2023,1,1,6,일,1,0,0,0,1,17.0,16.0,8.0,7.0,12514,3090,1732,5035,6399,6115,11075,900,157,279,103,1439,2023,문화재청_궁능원_관람객_수_현황(2023년).csv
2023-01-02,2023,1,2,0,월,0,0,0,3,0,17.0,16.0,8.0,7.0,6708,0,0,0,3410,3298,5879,545,70,176,38,829,2023,문화재청_궁능원_관람객_수_현황(2023년).csv
2023-01-03,2023,1,3,1,화,0,1,1,0,0,17.0,16.0,8.0,7.0,0,2534,1064,6282,0,0,0,0,0,0,0,0,2023,문화재청_궁능원_관람객_수_현황(2023년).csv
2023-01-04,2023,1,4,2,수,0,0,0,0,0,17.0,16.0,8.0,7.0,7058,1646,949,6028,3410,3648,6186,639,73,132,28,872,2023,문화재청_궁능원_관람객_수_현황(2023년).csv
2023-01-05,2023,1,5,3,목,0,0,0,0,0,17.0,16.0,8.0,7.0,6094,1785,987,6405,2913,3181,5298,651,74,44,27,796,2023,문화재청_궁능원_관람객_수_현황(2023년).csv
2023-01-06,2023,1,6,4,금,0,0,0,0,0,17.0,16.0,8.0,7.0,5911,1764,991,6436,2731,3180,5204,483,50,46,128,707,2023,문화재청_궁능원_관람객_수_현황(2023년).csv
2023-01-07,2023,1,7,5,토,1,0,0,0,0,17.0,16.0,8.0,7.0,8212,2662,1601,6853,4164,4048,7411,550,82,77,92,801,2023,문화재청_궁능원_관람객_수_현황(2023년).csv
2023-01-08,2023,1,8,6,일,1,0,0,0,0,17.0,16.0,8.0,7.0,11209,2701,1489,5312,5099,6110,10257,619,113,170,50,952,2023,문화재청_궁능원_관람객_수_현황(2023년).csv
2023-01-09,2023,1,9,0,월,0,0,0,3,0,17.0,16.0,8.0,7.0,6456,0,0,0,3116,3340,6020,298,58,29,51,436,2023,문화재청_궁능원_관람객_수_현황(2023년).csv
2023-01-10,2023,1,10,1,화,0,1,1,0,0,17.0,16.0,8.0,7.0,0,2882,1469,7902,0,0,0,0,0,0,0,0,2023,문화재청_궁능원_관람객_수_현황(2023년).csv
2023-01-11,2023,1,11,2,수,0,0,0,0,0,17.0,16.0,8.0,7.0,6517,1910,1230,8286,2919,3598,5883,434,49,35,116,634,2023,문화재청_궁능원_관람객_수_현황(2023년).csv
2023-01-12,2023,1,12,3,목,0,0,0,0,0,17.0,16.0,8.0,7.0,6591,2177,1355,8273,2754,3837,6115,333,55,69,19,476,2023,문화재청_궁능원_관람객_수_현황(2023년).csv
2023-01-13,2023,1,13,4,금,0,0,0,0,0,17.0,16.0,8.0,7.0,3374,1239,585,4718,1629,1745,2909,354,27,70,14,465,2023,문화재청_궁능원_관람객_수_현황(2023년).csv
2023-01-14,2023,1,14,5,토,1,0,0,0,0,17.0,16.0,8.0,7.0,5610,1970,1148,5816,2730,2880,5158,354,63,19,16,452,2023,문화재청_궁능원_관람객_수_현황(2023년).csv
2023-01-15,2023,1,15,6,일,1,0,0,0,0,17.0,16.0,8.0,7.0,5943,1843,966,3507,2981,2962,5237,474,67,87,78,706,2023,문화재청_궁능원_관람객_수_현황(2023년).csv
2023-01-16,2023,1,16,0,월,0,0,0,3,0,17.0,16.0,8.0,7.0,5706,0,0,0,2559,3147,5279,347,34,37,9,427,2023,문화재청_궁능원_관람객_수_현황(2023년).csv
2023-01-17,2023,1,17,1,화,0,1,1,0,0,17.0,16.0,8.0,7.0,0,1986,856,6142,0,0,0,0,0,0,0,0,2023,문화재청_궁능원_관람객_수_현황(2023년).csv
2023-01-18,2023,1,18,2,수,0,0,0,0,0,17.0,16.0,8.0,7.0,5259,1409,873,6243,2249,3010,4756,354,29,50,70,503,2023,문화재청_궁능원_관람객_수_현황(2023년).csv
2023-01-19,2023,1,19,3,목,0,0,0,0,0,17.0,16.0,8.0,7.0,3545,1003,689,6071,1672,1873,3023,355,20,65,82,522,2023,문화재청_궁능원_관람객_수_현황(2023년).csv
2023-01-20,2023,1,20,4,금,0,0,0,0,0,17.0,16.0,8.0,7.0,3634,1082,537,3316,1568,2066,2915,498,30,89,102,719,2023,문화재청_궁능원_관람객_수_현황(2023년).csv
2023-01-21,2023,1,21,5,토,1,0,0,0,1,17.0,16.0,8.0,7.0,21158,3906,1171,5065,0,21158,15092,2539,568,797,2162,6066,2023,문화재청_궁능원_관람객_수_현황(2023년).csv
2023-01-22,2023,1,22,6,일,1,0,0,0,1,17.0,16.0,8.0,7.0,51388,8326,2442,7293,0,51388,36741,5121,1238,2384,5904,14647,2023,문화재청_궁능원_관람객_수_현황(2023년).csv
2023-01-23,2023,1,23,0,월,0,0,0,0,1,17.0,16.0,8.0,7.0,72372,9814,2800,8421,0,72372,57847,4272,1001,2409,6843,14525,2023,문화재청_궁능원_관람객_수_현황(2023년).csv
2023-01-24,2023,1,24,1,화,0,1,0,0,1,17.0,16.0,8.0,7.0,9876,1894,396,1944,0,9876,6378,716,136,470,2176,3498,2023,문화재청_궁능원_관람객_수_현황(2023년).csv
2023-01-25,2023,1,25,2,수,0,0,1,3,0,17.0,16.0,8.0,7.0,0,0,0,0,0,0,0,0,0,0,0,0,2023,문화재청_궁능원_관람객_수_현황(2023년).csv
2023-01-26,2023,1,26,3,목,0,0,0,0,0,17.0,16.0,8.0,7.0,7784,2442,1391,4553,3995,3789,6924,563,23,146,128,860,2023,문화재청_궁능원_관람객_수_현황(2023년).csv
2023-01-27,2023,1,27,4,금,0,0,0,0,0,17.0,16.0,8.0,7.0,5019,1610,629,4501,2628,2391,4165,499,51,213,91,854,2023,문화재청_궁능원_관람객_수_현황(2023년).csv
2023-01-28,2023,1,28,5,토,1,0,0,0,0,17.0,16.0,8.0,7.0,7375,2237,1216,5704,3576,3799,6830,300,51,163,31,545,2023,문화재청_궁능원_관람객_수_현황(2023년).csv
2023-01-29,2023,1,29,6,일,1,0,0,0,0,17.0,16.0,8.0,7.0,9254,2429,1395,5828,4030,5224,8348,568,68,177,93,906,2023,문화재청_궁능원_관람객_수_현황(2023년).csv
2023-01-30,2023,1,30,0,월,0,0,0,3,0,17.0,16.0,8.0,7.0,5572,0,0,0,2286,3286,5182,197,35,72,86,390,2023,문화재청_궁능원_관람객_수_현황(2023년).csv
2023-01-31,2023,1,31,1,화,0,1,1,0,0,17.0,16.0,8.0,7.0,0,2315,1260,6681,0,0,0,0,0,0,0,0,2023,문화재청_궁능원_관람객_수_현황(2023년).csv
2023-02-01,2023,2,1,2,수,0,0,0,0,0,17.0,16.0,8.0,7.0,5875,1449,925,6096,2341,3534,5317,291,56,147,64,558,2023,문화재청_궁능원_관람객_수_현황(2023년).csv
2023-02-02,2023,2,2,3,목,0,0,0,0,0,17.0,16.0,8.0,7.0,5214,1462,990,6147,2267,2947,4783,319,57,47,8,431,2023,문화재청_궁능원_관람객_수_현황(2023년).csv
2023-02-03,2023,2,3,4,금,0,0,0,0,0,17.0,16.0,8.0,7.0,5557,1611,1356,6273,2368,3189,5063,349,78,57,10,494,2023,문화재청_궁능원_관람객_수_현황(2023년).csv
2023-02-04,2023,2,4,5,토,1,0,0,0,0,17.0,16.0,8.0,7.0,11339,3671,2881,12060,5213,6126,10819,358,74,46,42,520,2023,문화재청_궁능원_관람객_수_현황(2023년).csv
2023-02-05,2023,2,5,6,일,1,0,0,0,0,17.0,16.0,8.0,7.0,11530,3009,2559,6153,5074,6456,10733,437,68,192,100,797,2023,문화재청_궁능원_관람객_수_현황(2023년).csv
2023-02-06,2023,2,6,0,월,0,0,0,3,0,17.0,16.0,8.0,7.0,6401,0,0,0,2990,3411,5642,434,89,100,136,759,2023,문화재청_궁능원_관람객_수_현황(2023년).csv
2023-02-07,2023,2,7,1,화,0,1,1,0,0,17.0,16.0,8.0,7.0,0,2527,1394,8102,0,0,0,0,0,0,0,0,2023,문화재청_궁능원_관람객_수_현황(2023년).csv
2023-02-08,2023,2,8,2,수,0,0,0,0,0,17.0,16.0,8.0,7.0,6616,1801,1178,7291,2570,4046,5962,463,77,55,59,654,2023,문화재청_궁능원_관람객_수_현황(2023년).csv
2023-02-09,2023,2,9,3,목,0,0,0,0,0,17.0,16.0,8.0,7.0,5875,1876,1311,8024,2476,3399,5314,346,111,91,13,561,2023,문화재청_궁능원_관람객_수_현황(2023년).csv
2023-02-10,2023,2,10,4,금,0,0,0,0,0,17.0,16.0,8.0,7.0,5887,1650,1176,6888,2470,3417,5404,311,60,62,50,483,2023,문화재청_궁능원_관람객_수_현황(2023년).csv
2023-02-11,2023,2,11,5,토,1,0,0,0,0,17.0,16.0,8.0,7.0,13747,4272,3111,10683,6054,7693,12524,798,117,184,124,1223,2023,문화재청_궁능원_관람객_수_현황(2023년).csv
2023-02-12,2023,2,12,6,일,1,0,0,0,0,17.0,16.0,8.0,7.0,14071,3139,1927,6810,6099,7972,13154,591,116,140,70,917,2023,문화재청_궁능원_관람객_수_현황(2023년).csv
2023-02-13,2023,2,13,0,월,0,0,0,3,0,17.0,16.0,8.0,7.0,7268,0,0,0,3113,4155,6832,270,82,76,8,436,2023,문화재청_궁능원_관람객_수_현황(2023년).csv
2023-02-14,2023,2,14,1,화,0,1,1,0,0,17.0,16.0,8.0,7.0,0,3217,1734,8709,0,0,0,0,0,0,0,0,2023,문화재청_궁능원_관람객_수_현황(2023년).csv
2023-02-15,2023,2,15,2,수,0,0,0,0,0,17.0,16.0,8.0,7.0,8029,2197,1206,7418,3229,4800,7417,388,86,119,19,612,2023,문화재청_궁능원_관람객_수_현황(2023년).csv
2023-02-16,2023,2,16,3,목,0,0,0,0,0,17.0,16.0,8.0,7.0,6914,1847,1026,5363,2790,4124,6153,371,114,100,176,761,2023,문화재청_궁능원_관람객_수_현황(2023년).csv
2023-02-17,2023,2,17,4,금,0,0,0,0,0,17.0,16.0,8.0,7.0,9035,2668,1697,8891,3849,5186,8115,709,149,52,10,920,2023,문화재청_궁능원_관람객_수_현황(2023년).csv
2023-02-18,2023,2,18,5,토,1,0,0,0,0,17.0,16.0,8.0,7.0,14227,3659,2443,9937,6363,7864,13375,637,117,68,30,852,2023,문화재청_궁능원_관람객_수_현황(2023년).csv
2023-02-19,2023,2,19,6,일,1,0,0,0,0,17.0,16.0,8.0,7.0,13351,3575,2031,6289,6298,7053,12303,752,158,96,42,1048,2023,문화재청_궁능원_관람객_수_현황(2023년).csv
2023-02-20,2023,2,20,0,월,0,0,0,3,0,17.0,16.0,8.0,7.0,7205,0,0,0,3117,4088,6402,536,111,124,32,803,2023,문화재청_궁능원_관람객_수_현황(2023년).csv
2023-02-21,2023,2,21,1,화,0,1,1,0,0,17.0,16.0,8.0,7.0,0,2876,1515,8438,0,0,0,0,0,0,0,0,2023,문화재청_궁능원_관람객_수_현황(2023년).csv
2023-02-22,2023,2,22,2,수,0,0,0,0,0,17.0,16.0,8.0,7.0,13995,4974,1306,9996,0,13995,10248,1139,641,753,1214,3747,2023,문화재청_궁능원_관람객_수_현황(2023년).csv
2023-02-23,2023,2,23,3,목,0,0,0,0,0,17.0,16.0,8.0,7.0,8490,2431,1587,10784,3338,5152,7764,394,184,110,38,726,2023,문화재청_궁능원_관람객_수_현황(2023년).csv
2023-02-24,2023,2,24,4,금,0,0,0,0,0,17.0,16.0,8.0,7.0,9960,2814,1848,9032,4250,5710,8715,580,288,90,287,1245,2023,문화재청_궁능원_관람객_수_현황(2023년).csv
2023-02-25,2023,2,25,5,토,1,0,0,0,0,17.0,16.0,8.0,7.0,19468,4388,3113,10076,7518,11950,18101,845,252,101,169,1367,2023,문화재청_궁능원_관람객_수_현황(2023년).csv
2023-02-26,2023,2,26,6,일,1,0,0,0,0,17.0,16.0,8.0,7.0,16785,4630,2326,8394,7623,9162,15080,1082,161,379,83,1705,2023,문화재청_궁능원_관람객_수_현황(2023년).csv
2023-02-27,2023,2,27,0,월,0,0,0,3,0,17.0,16.0,8.0,7.0,12260,0,0,0,4630,7630,11602,409,106,101,42,658,2023,문화재청_궁능원_관람객_수_현황(2023년).csv
2023-02-28,2023,2,28,1,화,0,1,1,0,0,17.0,16.0,8.0,7.0,0,3648,2022,8655,0,0,0,0,0,0,0,0,2023,문화재청_궁능원_관람객_수_현황(2023년).csv
2023-03-01,2023,3,1,2,수,0,0,0,0,1,18.0,17.0,9.0,8.0,16095,4336,3319,10071,6166,9929,15107,651,175,108,54,988,2023,문화재청_궁능원_관람객_수_현황(2023년).csv
2023-03-02,2023,3,2,3,목,0,0,0,0,0,18.0,17.0,9.0,8.0,5828,1573,1243,6620,2275,3553,5287,333,118,34,56,541,2023,문화재청_궁능원_관람객_수_현황(2023년).csv
2023-03-03,2023,3,3,4,금,0,0,0,0,0,18.0,17.0,9.0,8.0,6883,1979,1781,8158,3058,3825,5984,619,204,48,28,899,2023,문화재청_궁능원_관람객_수_현황(2023년).csv
2023-03-04,2023,3,4,5,토,1,0,0,0,0,18.0,17.0,9.0,8.0,17301,4941,5816,10594,7653,9648,15404,1192,279,138,288,1897,2023,문화재청_궁능원_관람객_수_현황(2023년).csv
2023-03-05,2023,3,5,6,일,1,0,0,0,0,18.0,17.0,9.0,8.0,14866,4717,4129,6768,7085,7781,13456,1007,245,107,51,1410,2023,문화재청_궁능원_관람객_수_현황(2023년).csv
2023-03-06,2023,3,6,0,월,0,0,0,3,0,18.0,17.0,9.0,8.0,7900,0,0,0,3316,4584,6171,1104,251,226,148,1729,2023,문화재청_궁능원_관람객_수_현황(2023년).csv
2023-03-07,2023,3,7,1,화,0,1,1,0,0,18.0,17.0,9.0,8.0,0,3699,2634,10321,0,0,0,0,0,0,0,0,2023,문화재청_궁능원_관람객_수_현황(2023년).csv
2023-03-08,2023,3,8,2,수,0,0,0,0,0,18.0,17.0,9.0,8.0,5801,2120,1728,7888,3293,2508,4449,732,352,151,117,1352,2023,문화재청_궁능원_관람객_수_현황(2023년).csv
2023-03-09,2023,3,9,3,목,0,0,0,0,0,18.0,17.0,9.0,8.0,7509,1970,1673,7486,3392,4117,6111,1007,185,47,159,1398,2023,문화재청_궁능원_관람객_수_현황(2023년).csv
2023-03-10,2023,3,10,4,금,0,0,0,0,0,18.0,17.0,9.0,8.0,9506,3385,3157,10820,4454,5052,8220,857,262,125,42,1286,2023,문화재청_궁능원_관람객_수_현황(2023년).csv
2023-03-11,2023,3,11,5,토,1,0,0,0,0,18.0,17.0,9.0,8.0,19895,6499,7599,12335,9326,10569,18151,1176,357,103,108,1744,2023,문화재청_궁능원_관람객_수_현황(2023년).csv
2023-03-12,2023,3,12,6,일,1,0,0,0,0,18.0,17.0,9.0,8.0,5761,2121,1519,2854,3118,2643,4486,872,153,176,74,1275,2023,문화재청_궁능원_관람객_수_현황(2023년).csv
2023-03-13,2023,3,13,0,월,0,0,0,3,0,18.0,17.0,9.0,8.0,9225,0,0,0,4787,4438,6951,1377,333,308,256,2274,2023,문화재청_궁능원_관람객_수_현황(2023년).csv
2023-03-14,2023,3,14,1,화,0,1,1,0,0,18.0,17.0,9.0,8.0,0,4537,2598,10085,0,0,0,0,0,0,0,0,2023,문화재청_궁능원_관람객_수_현황(2023년).csv
2023-03-15,2023,3,15,2,수,0,0,0,0,0,18.0,17.0,9.0,8.0,9874,2831,1909,7834,4175,5699,7897,1111,370,241,255,1977,2023,문화재청_궁능원_관람객_수_현황(2023년).csv
2023-03-16,2023,3,16,3,목,0,0,0,0,0,18.0,17.0,9.0,8.0,9664,2916,2046,8706,3967,5697,8365,741,267,200,91,1299,2023,문화재청_궁능원_관람객_수_현황(2023년).csv
2023-03-17,2023,3,17,4,금,0,0,0,0,0,18.0,17.0,9.0,8.0,9699,3639,3133,9545,4633,5066,8324,847,314,164,50,1375,2023,문화재청_궁능원_관람객_수_현황(2023년).csv
2023-03-18,2023,3,18,5,토,1,0,0,0,0,18.0,17.0,9.0,8.0,22041,7963,8457,14131,10029,12012,20133,1163,354,130,261,1908,2023,문화재청_궁능원_관람객_수_현황(2023년).csv
2023-03-19,2023,3,19,6,일,1,0,0,0,0,18.0,17.0,9.0,8.0,21518,6950,6002,9275,9510,12008,19274,1161,555,148,380,2244,2023,문화재청_궁능원_관람객_수_현황(2023년).csv
2023-03-20,2023,3,20,0,월,0,0,0,3,0,18.0,17.0,9.0,8.0,11131,0,0,0,5487,5644,8824,1398,424,327,158,2307,2023,문화재청_궁능원_관람객_수_현황(2023년).csv
2023-03-21,2023,3,21,1,화,0,1,1,0,0,18.0,17.0,9.0,8.0,0,5714,3390,11252,0,0,0,0,0,0,0,0,2023,문화재청_궁능원_관람객_수_현황(2023년).csv
2023-03-22,2023,3,22,2,수,0,0,0,0,0,18.0,17.0,9.0,8.0,12003,4528,3211,11039,5238,6765,10064,1028,380,285,246,1939,2023,문화재청_궁능원_관람객_수_현황(2023년).csv
2023-03-23,2023,3,23,3,목,0,0,0,0,0,18.0,17.0,9.0,8.0,9754,4154,2799,10070,4468,5286,7970,1384,185,112,103,1784,2023,문화재청_궁능원_관람객_수_현황(2023년).csv
2023-03-24,2023,3,24,4,금,0,0,0,0,0,18.0,17.0,9.0,8.0,11583,5827,4446,11070,5852,5731,9865,1083,200,402,33,1718,2023,문화재청_궁능원_관람객_수_현황(2023년).csv
2023-03-25,2023,3,25,5,토,1,0,0,0,0,18.0,17.0,9.0,8.0,25449,14824,12341,14865,11482,13967,23237,1542,416,172,82,2212,2023,문화재청_궁능원_관람객_수_현황(2023년).csv
2023-03-26,2023,3,26,6,일,1,0,0,0,0,18.0,17.0,9.0,8.0,23913,18401,12079,10715,11310,12603,21278,1672,440,139,384,2635,2023,문화재청_궁능원_관람객_수_현황(2023년).csv
2023-03-27,2023,3,27,0,월,0,0,0,3,0,18.0,17.0,9.0,8.0,13334,0,0,0,6529,6805,11168,1498,366,252,50,2166,2023,문화재청_궁능원_관람객_수_현황(2023년).csv
2023-03-28,2023,3,28,1,화,0,1,1,0,0,18.0,17.0,9.0,8.0,0,11005,6245,12509,0,0,0,0,0,0,0,0,2023,문화재청_궁능원_관람객_수_현황(2023년).csv
2023-03-29,2023,3,29,2,수,0,0,0,0,0,18.0,17.0,9.0,8.0,32251,22147,13833,20940,0,32251,18623,4493,2377,2588,4170,13628,2023,문화재청_궁능원_관람객_수_현황(2023년).csv
2023-03-30,2023,3,30,3,목,0,0,0,0,0,18.0,17.0,9.0,8.0,15001,10764,9810,14789,6112,8889,13324,1052,280,202,143,1677,2023,문화재청_궁능원_관람객_수_현황(2023년).csv
2023-03-31,2023,3,31,4,금,0,0,0,0,0,18.0,17.0,9.0,8.0,18119,11576,9524,16963,7384,10735,15586,1638,226,431,238,2533,2023,문화재청_궁능원_관람객_수_현황(2023년).csv
2023-04-01,2023,4,1,5,토,1,0,0,0,0,18.0,17.0,9.0,8.0,30099,19521,18011,21035,13720,16379,27490,1665,284,520,140,2609,2023,문화재청_궁능원_관람객_수_현황(2023년).csv
2023-04-02,2023,4,2,6,일,1,0,0,0,0,18.0,17.0,9.0,8.0,27946,19936,14733,15952,12375,15571,25126,2058,273,294,195,2820,2023,문화재청_궁능원_관람객_수_현황(2023년).csv
2023-04-03,2023,4,3,0,월,0,0,0,3,0,18.0,17.0,9.0,8.0,23210,0,0,0,8532,14678,19799,2545,268,333,265,3411,2023,문화재청_궁능원_관람객_수_현황(2023년).csv
2023-04-04,2023,4,4,1,화,0,1,1,0,0,18.0,17.0,9.0,8.0,0,9845,5915,13773,0,0,0,0,0,0,0,0,2023,문화재청_궁능원_관람객_수_현황(2023년).csv
2023-04-05,2023,4,5,2,수,0,0,0,0,0,18.0,17.0,9.0,8.0,8005,1855,821,3175,4666,3339,7249,530,39,84,103,756,2023,문화재청_궁능원_관람객_수_현황(2023년).csv
2023-04-06,2023,4,6,3,목,0,0,0,0,0,18.0,17.0,9.0,8.0,15530,4427,2135,6031,8157,7373,13154,1467,68,520,321,2376,2023,문화재청_궁능원_관람객_수_현황(2023년).csv
2023-04-07,2023,4,7,4,금,0,0,0,0,0,18.0,17.0,9.0,8.0,28588,7655,5018,13001,11889,16699,24689,3182,145,227,345,3899,2023,문화재청_궁능원_관람객_수_현황(2023년).csv
2023-04-08,2023,4,8,5,토,1,0,0,0,0,18.0,17.0,9.0,8.0,31906,12336,10610,13491,15480,16426,28488,2281,165,735,237,3418,2023,문화재청_궁능원_관람객_수_현황(2023년).csv
2023-04-09,2023,4,9,6,일,1,0,0,0,0,18.0,17.0,9.0,8.0,27327,9506,7773,11267,14019,13308,24424,2048,127,200,528,2903,2023,문화재청_궁능원_관람객_수_현황(2023년).csv
2023-04-10,2023,4,10,0,월,0,0,0,3,0,18.0,17.0,9.0,8.0,18466,0,0,0,7526,10940,15714,2181,86,232,253,2752,2023,문화재청_궁능원_관람객_수_현황(2023년).csv
2023-04-11,2023,4,11,1,화,0,1,1,0,0,18.0,17.0,9.0,8.0,0,5242,1574,6036,0,0,0,0,0,0,0,0,2023,문화재청_궁능원_관람객_수_현황(2023년).csv
2023-04-12,2023,4,12,2,수,0,0,0,0,0,18.0,17.0,9.0,8.0,22430,7294,3245,9745,9812,12618,19271,2100,158,473,428,3159,2023,문화재청_궁능원_관람객_수_현황(2023년).csv
2023-04-13,2023,4,13,3,목,0,0,0,0,0,18.0,17.0,9.0,8.0,19322,5381,2885,9305,8312,11010,17345,1552,98,128,199,1977,2023,문화재청_궁능원_관람객_수_현황(2023년).csv
2023-04-14,2023,4,14,4,금,0,0,0,0,0,18.0,17.0,9.0,8.0,20964,5977,3681,11964,9357,11607,18209,1798,128,467,362,2755,2023,문화재청_궁능원_관람객_수_현황(2023년).csv
2023-04-15,2023,4,15,5,토,1,0,0,0,0,18.0,17.0,9.0,8.0,20197,7280,5527,9632,10943,9254,17837,1578,195,467,120,2360,2023,문화재청_궁능원_관람객_수_현황(2023년).csv
2023-04-16,2023,4,16,6,일,1,0,0,0,0,18.0,17.0,9.0,8.0,25081,7622,4653,8661,12767,12314,22405,1767,229,186,494,2676,2023,문화재청_궁능원_관람객_수_현황(2023년).csv
2023-04-17,2023,4,17,0,월,0,0,0,3,0,18.0,17.0,9.0,8.0,16067,0,0,0,6611,9456,13348,2303,114,190,112,2719,2023,문화재청_궁능원_관람객_수_현황(2023년).csv
2023-04-18,2023,4,18,1,화,0,1,1,0,0,18.0,17.0,9.0,8.0,0,6068,2435,8290,0,0,0,0,0,0,0,0,2023,문화재청_궁능원_관람객_수_현황(2023년).csv
2023-04-19,2023,4,19,2,수,0,0,0,0,0,18.0,17.0,9.0,8.0,18719,6512,3528,12721,8151,10568,16864,1252,131,318,154,1855,2023,문화재청_궁능원_관람객_수_현황(2023년).csv
2023-04-20,2023,4,20,3,목,0,0,0,0,0,18.0,17.0,9.0,8.0,18791,5163,2578,11037,8285,10506,16959,1099,119,345,269,1832,2023,문화재청_궁능원_관람객_수_현황(2023년).csv
2023-04-21,2023,4,21,4,금,0,0,0,0,0,18.0,17.0,9.0,8.0,18821,5910,3518,12881,8531,10290,16451,1624,135,175,436,2370,2023,문화재청_궁능원_관람객_수_현황(2023년).csv
2023-04-22,2023,4,22,5,토,1,0,0,0,0,18.0,17.0,9.0,8.0,28100,8938,7539,13863,14047,14053,25080,2064,251,479,226,3020,2023,문화재청_궁능원_관람객_수_현황(2023년).csv
2023-04-23,2023,4,23,6,일,1,0,0,0,0,18.0,17.0,9.0,8.0,25088,8169,4810,10257,12460,12628,23078,1310,207,161,332,2010,2023,문화재청_궁능원_관람객_수_현황(2023년).csv
2023-04-24,2023,4,24,0,월,0,0,0,3,0,18.0,17.0,9.0,8.0,19128,0,0,0,6483,12645,15949,2036,128,704,311,3179,2023,문화재청_궁능원_관람객_수_현황(2023년).csv
2023-04-25,2023,4,25,1,화,0,1,1,0,0,18.0,17.0,9.0,8.0,0,5173,2035,6329,0,0,0,0,0,0,0,0,2023,문화재청_궁능원_관람객_수_현황(2023년).csv
2023-04-26,2023,4,26,2,수,0,0,0,0,0,18.0,17.0,9.0,8.0,34721,7819,2366,12320,0,34721,26245,4821,873,758,2024,8476,2023,문화재청_궁능원_관람객_수_현황(2023년).csv
2023-04-27,2023,4,27,3,목,0,0,0,0,0,18.0,17.0,9.0,8.0,16986,5848,3117,13400,5838,11148,15252,1199,73,136,326,1734,2023,문화재청_궁능원_관람객_수_현황(2023년).csv
2023-04-28,2023,4,28,4,금,0,0,0,0,0,18.0,17.0,9.0,8.0,23192,6608,4065,13198,6492,16700,21419,1317,85,309,62,1773,2023,문화재청_궁능원_관람객_수_현황(2023년).csv
2023-04-29,2023,4,29,5,토,1,0,0,0,0,18.0,17.0,9.0,8.0,14751,5377,3846,7968,7675,7076,12823,934,143,706,145,1928,2023,문화재청_궁능원_관람객_수_현황(2023년).csv
2023-04-30,2023,4,30,6,일,1,0,0,0,0,18.0,17.0,9.0,8.0,32872,10609,6358,12161,14787,18085,29056,2240,346,1129,101,3816,2023,문화재청_궁능원_관람객_수_현황(2023년).csv
2023-05-01,2023,5,1,0,월,0,0,0,0,0,18.0,17.0,9.0,8.0,32275,5865,2856,4038,12468,19807,28517,2278,399,582,499,3758,2023,문화재청_궁능원_관람객_수_현황(2023년).csv
2023-05-02,2023,5,2,1,화,0,1,0,0,0,18.0,17.0,9.0,8.0,6008,8033,4155,12486,3058,2950,4904,699,109,254,42,1104,2023,문화재청_궁능원_관람객_수_현황(2023년).csv
2023-05-03,2023,5,3,2,수,0,0,0,0,0,18.0,17.0,9.0,8.0,28139,6391,3823,11841,9644,18495,25261,1642,587,286,363,2878,2023,문화재청_궁능원_관람객_수_현황(2023년).csv
2023-05-04,2023,5,4,3,목,0,0,0,0,0,18.0,17.0,9.0,8.0,21995,7458,3808,11015,8484,13511,18631,1790,982,546,46,3364,2023,문화재청_궁능원_관람객_수_현황(2023년).csv
2023-05-05,2023,5,5,4,금,0,0,0,0,1,18.0,17.0,9.0,8.0,12875,3513,1539,4212,5838,7037,10840,597,440,227,771,2035,2023,문화재청_궁능원_관람객_수_현황(2023년).csv
2023-05-06,2023,5,6,5,토,1,0,0,0,0,18.0,17.0,9.0,8.0,13806,3571,4188,5485,7858,5948,12472,701,277,181,175,1334,2023,문화재청_궁능원_관람객_수_현황(2023년).csv
2023-05-07,2023,5,7,6,일,1,0,0,0,0,18.0,17.0,9.0,8.0,26672,7670,4044,9881,12375,14297,23972,1787,294,549,70,2700,2023,문화재청_궁능원_관람객_수_현황(2023년).csv
2023-05-08,2023,5,8,0,월,0,0,0,3,0,18.0,17.0,9.0,8.0,16040,0,0,0,5661,10379,13377,1737,162,138,626,2663,2023,문화재청_궁능원_관람객_수_현황(2023년).csv
2023-05-09,2023,5,9,1,화,0,1,1,0,0,18.0,17.0,9.0,8.0,0,7401,4326,12073,0,0,0,0,0,0,0,0,2023,문화재청_궁능원_관람객_수_현황(2023년).csv
2023-05-10,2023,5,10,2,수,0,0,0,0,0,18.0,17.0,9.0,8.0,21373,5383,2939,11833,7607,13766,19666,1268,188,163,88,1707,2023,문화재청_궁능원_관람객_수_현황(2023년).csv
2023-05-11,2023,5,11,3,목,0,0,0,0,0,18.0,17.0,9.0,8.0,19227,4997,3213,12110,7864,11363,17865,1022,102,137,101,1362,2023,문화재청_궁능원_관람객_수_현황(2023년).csv
2023-05-12,2023,5,12,4,금,0,0,0,0,0,18.0,17.0,9.0,8.0,23701,6555,4942,12752,8712,14989,22135,861,199,350,156,1566,2023,문화재청_궁능원_관람객_수_현황(2023년).csv
2023-05-13,2023,5,13,5,토,1,0,0,0,0,18.0,17.0,9.0,8.0,29974,8397,6329,13966,13877,16097,27510,1439,271,561,193,2464,2023,문화재청_궁능원_관람객_수_현황(2023년).csv
2023-05-14,2023,5,14,6,일,1,0,0,0,0,18.0,17.0,9.0,8.0,23872,6970,4129,9862,11461,12411,22391,1033,277,144,27,1481,2023,문화재청_궁능원_관람객_수_현황(2023년).csv
2023-05-15,2023,5,15,0,월,0,0,0,3,0,18.0,17.0,9.0,8.0,18656,0,0,0,5245,13411,16405,1389,158,378,326,2251,2023,문화재청_궁능원_관람객_수_현황(2023년).csv
2023-05-16,2023,5,16,1,화,0,1,1,0,0,18.0,17.0,9.0,8.0,0,7150,2970,10320,0,0,0,0,0,0,0,0,2023,문화재청_궁능원_관람객_수_현황(2023년).csv
2023-05-17,2023,5,17,2,수,0,0,0,0,0,18.0,17.0,9.0,8.0,23724,4840,2614,10778,8150,15574,21710,1571,218,131,94,2014,2023,문화재청_궁능원_관람객_수_현황(2023년).csv
2023-05-18,2023,5,18,3,목,0,0,0,0,0,18.0,17.0,9.0,8.0,17569,4709,2228,8783,7133,10436,15061,1080,171,277,980,2508,2023,문화재청_궁능원_관람객_수_현황(2023년).csv
2023-05-19,2023,5,19,4,금,0,0,0,0,0,18.0,17.0,9.0,8.0,20739,6040,3826,12658,8804,11935,18786,1351,217,158,227,1953,2023,문화재청_궁능원_관람객_수_현황(2023년).csv
2023-05-20,2023,5,20,5,토,1,0,0,0,0,18.0,17.0,9.0,8.0,27054,7503,5473,13092,13288,13766,23497,2769,384,266,138,3557,2023,문화재청_궁능원_관람객_수_현황(2023년).csv
2023-05-21,2023,5,21,6,일,1,0,0,0,0,18.0,17.0,9.0,8.0,24864,6893,4171,9169,11495,13369,22989,1141,237,234,263,1875,2023,문화재청_궁능원_관람객_수_현황(2023년).csv
2023-05-22,2023,5,22,0,월,0,0,0,3,0,18.0,17.0,9.0,8.0,14809,0,0,0,5097,9712,13391,1077,116,105,120,1418,2023,문화재청_궁능원_관람객_수_현황(2023년).csv
2023-05-23,2023,5,23,1,화,0,1,1,0,0,18.0,17.0,9.0,8.0,0,6325,2759,11163,0,0,0,0,0,0,0,0,2023,문화재청_궁능원_관람객_수_현황(2023년).csv
2023-05-24,2023,5,24,2,수,0,0,0,0,0,18.0,17.0,9.0,8.0,22239,4650,2341,12110,8409,13830,19867,1761,234,186,191,2372,2023,문화재청_궁능원_관람객_수_현황(2023년).csv
2023-05-25,2023,5,25,3,목,0,0,0,0,0,18.0,17.0,9.0,8.0,18185,4261,2367,10521,7786,10399,16482,1351,131,122,99,1703,2023,문화재청_궁능원_관람객_수_현황(2023년).csv
2023-05-26,2023,5,26,4,금,0,0,0,0,0,18.0,17.0,9.0,8.0,18761,4371,2461,10737,8290,10471,15998,1827,326,339,271,2763,2023,문화재청_궁능원_관람객_수_현황(2023년).csv
2023-05-27,2023,5,27,5,토,1,0,0,0,1,18.0,17.0,9.0,8.0,19385,3941,2565,6203,10536,8849,17463,1348,251,158,165,1922,2023,문화재청_궁능원_관람객_수_현황(2023년).csv
2023-05-28,2023,5,28,6,일,1,0,0,0,0,18.0,17.0,9.0,8.0,11849,3229,1777,5422,6921,4928,10528,873,196,110,142,1321,2023,문화재청_궁능원_관람객_수_현황(2023년).csv
2023-05-29,2023,5,29,0,월,0,0,0,0,1,18.0,17.0,9.0,8.0,19726,4370,2633,8214,8627,11099,17055,2271,200,190,10,2671,2023,문화재청_궁능원_관람객_수_현황(2023년).csv
2023-05-30,2023,5,30,1,화,0,1,1,2,0,18.0,17.0,9.0,8.0,0,0,0,25,0,0,0,0,0,0,0,0,2023,문화재청_궁능원_관람객_수_현황(2023년).csv
2023-05-31,2023,5,31,2,수,0,0,0,0,0,18.0,17.0,9.0,8.0,45507,6533,4363,13208,2727,42780,36882,4121,534,1206,2764,8625,2023,문화재청_궁능원_관람객_수_현황(2023년).csv
2023-06-01,2023,6,1,3,목,0,0,0,0,0,18.5,17.5,9.5,8.5,15037,3966,2448,10593,4458,10579,12894,1031,102,88,922,2143,2023,문화재청_궁능원_관람객_수_현황(2023년).csv
2023-06-02,2023,6,2,4,금,0,0,0,0,0,18.5,17.5,9.5,8.5,14199,4184,2957,10142,4796,9403,12310,1558,121,126,84,1889,2023,문화재청_궁능원_관람객_수_현황(2023년).csv
2023-06-03,2023,6,3,5,토,1,0,0,0,0,18.5,17.5,9.5,8.5,22661,6157,5208,12684,10485,12176,19477,1765,315,529,575,3184,2023,문화재청_궁능원_관람객_수_현황(2023년).csv
2023-06-04,2023,6,4,6,일,1,0,0,0,0,18.5,17.5,9.5,8.5,25039,5999,4649,10747,10787,14252,22373,1364,288,568,446,2666,2023,문화재청_궁능원_관람객_수_현황(2023년).csv
2023-06-05,2023,6,5,0,월,0,0,0,3,0,18.5,17.5,9.5,8.5,18786,0,0,0,8367,10419,16435,1603,219,437,92,2351,2023,문화재청_궁능원_관람객_수_현황(2023년).csv
2023-06-06,2023,6,6,1,화,0,1,0,0,1,18.5,17.5,9.5,8.5,16265,6844,4684,10638,6833,9432,15295,534,98,109,229,970,2023,문화재청_궁능원_관람객_수_현황(2023년).csv
2023-06-07,2023,6,7,2,수,0,0,1,0,0,18.5,17.5,9.5,8.5,0,5703,2503,10239,0,0,0,0,0,0,0,0,2023,문화재청_궁능원_관람객_수_현황(2023년).csv
2023-06-08,2023,6,8,3,목,0,0,0,0,0,18.5,17.5,9.5,8.5,12018,2830,1465,7964,4612,7406,10318,1342,116,206,36,1700,2023,문화재청_궁능원_관람객_수_현황(2023년).csv
2023-06-09,2023,6,9,4,금,0,0,0,0,0,18.5,17.5,9.5,8.5,14437,3642,1944,8664,6813,7624,12051,1675,224,303,184,2386,2023,문화재청_궁능원_관람객_수_현황(2023년).csv
2023-06-10,2023,6,10,5,토,1,0,0,0,0,18.5,17.5,9.5,8.5,18047,5163,3206,9458,8070,9977,14718,2123,340,789,77,3329,2023,문화재청_궁능원_관람객_수_현황(2023년).csv
2023-06-11,2023,6,11,6,일,1,0,0,0,0,18.5,17.5,9.5,8.5,15174,4301,2677,7228,7398,7776,12641,1276,391,645,221,2533,2023,문화재청_궁능원_관람객_수_현황(2023년).csv
2023-06-12,2023,6,12,0,월,0,0,0,3,0,18.5,17.5,9.5,8.5,13439,0,0,0,5344,8095,10825,1616,301,319,378,2614,2023,문화재청_궁능원_관람객_수_현황(2023년).csv
2023-06-13,2023,6,13,1,화,0,1,1,0,0,18.5,17.5,9.5,8.5,0,5232,2338,10178,0,0,0,0,0,0,0,0,2023,문화재청_궁능원_관람객_수_현황(2023년).csv
2023-06-14,2023,6,14,2,수,0,0,0,0,0,18.5,17.5,9.5,8.5,13020,3215,1701,7939,4793,8227,9303,1865,273,862,717,3717,2023,문화재청_궁능원_관람객_수_현황(2023년).csv
2023-06-15,2023,6,15,3,목,0,0,0,0,0,18.5,17.5,9.5,8.5,13081,3359,1868,9980,5240,7841,11155,1345,177,307,97,1926,2023,문화재청_궁능원_관람객_수_현황(2023년).csv
2023-06-16,2023,6,16,4,금,0,0,0,0,0,18.5,17.5,9.5,8.5,13634,3418,1912,9647,5249,8385,11419,1633,258,216,108,2215,2023,문화재청_궁능원_관람객_수_현황(2023년).csv
2023-06-17,2023,6,17,5,토,1,0,0,0,0,18.5,17.5,9.5,8.5,17470,5126,3581,10874,8194,9276,14717,1688,392,634,39,2753,2023,문화재청_궁능원_관람객_수_현황(2023년).csv
2023-06-18,2023,6,18,6,일,1,0,0,0,0,18.5,17.5,9.5,8.5,14375,4155,2200,5900,6697,7678,11907,1443,409,424,192,2468,2023,문화재청_궁능원_관람객_수_현황(2023년).csv
2023-06-19,2023,6,19,0,월,0,0,0,2,0,18.5,17.5,9.5,8.5,11490,0,0,1212,4863,6627,9058,1850,205,311,66,2432,2023,문화재청_궁능원_관람객_수_현황(2023년).csv
2023-06-20,2023,6,20,1,화,0,1,1,0,0,18.5,17.5,9.5,8.5,0,4787,2148,7357,0,0,0,0,0,0,0,0,2023,문화재청_궁능원_관람객_수_현황(2023년).csv
2023-06-21,2023,6,21,2,수,0,0,0,0,0,18.5,17.5,9.5,8.5,9619,2409,1225,5844,4013,5606,7191,1295,193,470,470,2428,2023,문화재청_궁능원_관람객_수_현황(2023년).csv
2023-06-22,2023,6,22,3,목,0,0,0,0,0,18.5,17.5,9.5,8.5,17737,3912,2160,8850,4485,13252,15324,1496,135,481,301,2413,2023,문화재청_궁능원_관람객_수_현황(2023년).csv
2023-06-23,2023,6,23,4,금,0,0,0,0,0,18.5,17.5,9.5,8.5,13434,3517,1998,9868,6108,7326,10310,2169,186,691,78,3124,2023,문화재청_궁능원_관람객_수_현황(2023년).csv
2023-06-24,2023,6,24,5,토,1,0,0,0,0,18.5,17.5,9.5,8.5,17372,4665,3311,8569,7977,9395,15102,1372,339,462,97,2270,2023,문화재청_궁능원_관람객_수_현황(2023년).csv
2023-06-25,2023,6,25,6,일,1,0,0,0,0,18.5,17.5,9.5,8.5,16562,3809,1903,5991,6735,9827,14190,1359,329,545,139,2372,2023,문화재청_궁능원_관람객_수_현황(2023년).csv
2023-06-26,2023,6,26,0,월,0,0,0,3,0,18.5,17.5,9.5,8.5,7925,0,0,0,3614,4311,7088,597,93,147,0,837,2023,문화재청_궁능원_관람객_수_현황(2023년).csv
2023-06-27,2023,6,27,1,화,0,1,1,0,0,18.5,17.5,9.5,8.5,0,5058,2120,8610,0,0,0,0,0,0,0,0,2023,문화재청_궁능원_관람객_수_현황(2023년).csv
2023-06-28,2023,6,28,2,수,0,0,0,0,0,18.5,17.5,9.5,8.5,25442,5502,2959,9415,0,25442,17329,2987,650,1180,3296,8113,2023,문화재청_궁능원_관람객_수_현황(2023년).csv
2023-06-29,2023,6,29,3,목,0,0,0,0,0,18.5,17.5,9.5,8.5,2976,893,251,2492,1625,1351,2722,182,25,45,2,254,2023,문화재청_궁능원_관람객_수_현황(2023년).csv
2023-06-30,2023,6,30,4,금,0,0,0,0,0,18.5,17.5,9.5,8.5,11713,2855,1490,6356,5511,6202,8796,2088,200,231,398,2917,2023,문화재청_궁능원_관람객_수_현황(2023년).csv
2023-07-01,2023,7,1,5,토,1,0,0,0,0,18.5,17.5,9.5,8.5,12566,3320,3377,6022,5718,6848,10174,1656,254,450,32,2392,2023,문화재청_궁능원_관람객_수_현황(2023년).csv
2023-07-02,2023,7,2,6,일,1,0,0,0,0,18.5,17.5,9.5,8.5,13678,3277,2489,5115,6257,7421,11773,1081,220,489,115,1905,2023,문화재청_궁능원_관람객_수_현황(2023년).csv
2023-07-03,2023,7,3,0,월,0,0,0,3,0,18.5,17.5,9.5,8.5,9511,0,0,0,4134,5377,7506,1191,156,227,431,2005,2023,문화재청_궁능원_관람객_수_현황(2023년).csv
2023-07-04,2023,7,4,1,화,0,1,1,0,0,18.5,17.5,9.5,8.5,0,2825,1370,4623,0,0,0,0,0,0,0,0,2023,문화재청_궁능원_관람객_수_현황(2023년).csv
2023-07-05,2023,7,5,2,수,0,0,0,0,0,18.5,17.5,9.5,8.5,11549,2600,1473,7687,4770,6779,8624,1572,186,687,480,2925,2023,문화재청_궁능원_관람객_수_현황(2023년).csv
2023-07-06,2023,7,6,3,목,0,0,0,0,0,18.5,17.5,9.5,8.5,10339,2141,1288,5096,4226,6113,8287,1293,161,514,84,2052,2023,문화재청_궁능원_관람객_수_현황(2023년).csv
2023-07-07,2023,7,7,4,금,0,0,0,0,0,18.5,17.5,9.5,8.5,10816,2584,1366,6265,4980,5836,8158,1755,267,296,340,2658,2023,문화재청_궁능원_관람객_수_현황(2023년).csv
2023-07-08,2023,7,8,5,토,1,0,0,0,0,18.5,17.5,9.5,8.5,15601,4054,2853,7806,7024,8577,12638,1886,379,398,300,2963,2023,문화재청_궁능원_관람객_수_현황(2023년).csv
2023-07-09,2023,7,9,6,일,1,0,0,0,0,18.5,17.5,9.5,8.5,8196,2051,1329,3604,3851,4345,6043,1201,266,405,281,2153,2023,문화재청_궁능원_관람객_수_현황(2023년).csv
2023-07-10,2023,7,10,0,월,0,0,0,3,0,18.5,17.5,9.5,8.5,11153,0,0,0,4836,6317,8583,1431,245,652,242,2570,2023,문화재청_궁능원_관람객_수_현황(2023년).csv
2023-07-11,2023,7,11,1,화,0,1,1,0,0,18.5,17.5,9.5,8.5,0,1747,612,3379,0,0,0,0,0,0,0,0,2023,문화재청_궁능원_관람객_수_현황(2023년).csv
2023-07-12,2023,7,12,2,수,0,0,0,0,0,18.5,17.5,9.5,8.5,13584,3955,1355,6675,5789,7795,10506,1894,268,781,135,3078,2023,문화재청_궁능원_관람객_수_현황(2023년).csv
2023-07-13,2023,7,13,3,목,0,0,0,0,0,18.5,17.5,9.5,8.5,4174,1276,561,2677,1854,2320,3202,602,98,122,150,972,2023,문화재청_궁능원_관람객_수_현황(2023년).csv
2023-07-14,2023,7,14,4,금,0,0,0,0,0,18.5,17.5,9.5,8.5,6574,1384,650,3265,3178,3396,4115,1499,202,286,472,2459,2023,문화재청_궁능원_관람객_수_현황(2023년).csv
2023-07-15,2023,7,15,5,토,1,0,0,0,0,18.5,17.5,9.5,8.5,11698,2961,1746,6154,6031,5667,8364,1989,461,780,104,3334,2023,문화재청_궁능원_관람객_수_현황(2023년).csv
2023-07-16,2023,7,16,6,일,1,0,0,0,0,18.5,17.5,9.5,8.5,14964,3849,1835,5050,7919,7045,8515,2586,886,1602,1375,6449,2023,문화재청_궁능원_관람객_수_현황(2023년).csv
2023-07-17,2023,7,17,0,월,0,0,0,2,0,18.5,17.5,9.5,8.5,13521,0,0,969,7898,5623,11283,1235,262,324,417,2238,2023,문화재청_궁능원_관람객_수_현황(2023년).csv
2023-07-18,2023,7,18,1,화,0,1,1,0,0,18.5,17.5,9.5,8.5,0,3201,1834,5112,0,0,0,0,0,0,0,0,2023,문화재청_궁능원_관람객_수_현황(2023년).csv
2023-07-19,2023,7,19,2,수,0,0,0,0,0,18.5,17.5,9.5,8.5,19393,2464,1326,6035,12773,6620,15882,1839,236,817,619,3511,2023,문화재청_궁능원_관람객_수_현황(2023년).csv
2023-07-20,2023,7,20,3,목,0,0,0,0,0,18.5,17.5,9.5,8.5,9558,1987,1096,5659,4104,5454,6760,1525,181,603,489,2798,2023,문화재청_궁능원_관람객_수_현황(2023년).csv
2023-07-21,2023,7,21,4,금,0,0,0,0,0,18.5,17.5,9.5,8.5,9167,2351,1094,4700,3937,5230,6950,1289,189,373,366,2217,2023,문화재청_궁능원_관람객_수_현황(2023년).csv
2023-07-22,2023,7,22,5,토,1,0,0,0,0,18.5,17.5,9.5,8.5,11723,3027,1360,5106,5595,6128,8961,1323,367,655,417,2762,2023,문화재청_궁능원_관람객_수_현황(2023년).csv
2023-07-23,2023,7,23,6,일,1,0,0,0,0,18.5,17.5,9.5,8.5,6575,1743,977,2965,3339,3236,4967,1101,169,267,71,1608,2023,문화재청_궁능원_관람객_수_현황(2023년).csv
2023-07-24,2023,7,24,0,월,0,0,0,3,0,18.5,17.5,9.5,8.5,12075,0,0,0,5856,6219,9355,1567,377,539,237,2720,2023,문화재청_궁능원_관람객_수_현황(2023년).csv
2023-07-25,2023,7,25,1,화,0,1,1,0,0,18.5,17.5,9.5,8.5,0,3867,1801,6308,0,0,0,0,0,0,0,0,2023,문화재청_궁능원_관람객_수_현황(2023년).csv
2023-07-26,2023,7,26,2,수,0,0,0,0,0,18.5,17.5,9.5,8.5,23612,4277,2830,8493,0,23612,12884,5363,1031,1184,3150,10728,2023,문화재청_궁능원_관람객_수_현황(2023년).csv
2023-07-27,2023,7,27,3,목,0,0,0,0,0,18.5,17.5,9.5,8.5,14077,2863,1582,5842,4475,9602,10546,2428,211,586,306,3531,2023,문화재청_궁능원_관람객_수_현황(2023년).csv
2023-07-28,2023,7,28,4,금,0,0,0,0,0,18.5,17.5,9.5,8.5,12380,2309,1460,4918,4949,7431,10175,1284,227,638,56,2205,2023,문화재청_궁능원_관람객_수_현황(2023년).csv
2023-07-29,2023,7,29,5,토,1,0,0,0,0,18.5,17.5,9.5,8.5,14700,3428,2170,5407,6877,7823,11145,2458,342,505,250,3555,2023,문화재청_궁능원_관람객_수_현황(2023년).csv
2023-07-30,2023,7,30,6,일,1,0,0,0,0,18.5,17.5,9.5,8.5,14335,3215,1573,4227,6371,7964,7102,3338,497,908,2490,7233,2023,문화재청_궁능원_관람객_수_현황(2023년).csv
2023-07-31,2023,7,31,0,월,0,0,0,3,0,18.5,17.5,9.5,8.5,15118,0,0,0,6608,8510,11650,1793,371,807,497,3468,2023,문화재청_궁능원_관람객_수_현황(2023년).csv
2023-08-01,2023,8,1,1,화,0,1,1,0,0,18.5,17.5,9.5,8.5,0,4081,2028,5186,0,0,0,0,0,0,0,0,2023,문화재청_궁능원_관람객_수_현황(2023년).csv
2023-08-02,2023,8,2,2,수,0,0,0,0,0,18.5,17.5,9.5,8.5,12058,2230,1439,4458,5819,6239,9444,1208,352,793,261,2614,2023,문화재청_궁능원_관람객_수_현황(2023년).csv
2023-08-03,2023,8,3,3,목,0,0,0,0,0,18.5,17.5,9.5,8.5,10292,2225,1360,5022,4884,5408,7772,1114,301,620,485,2520,2023,문화재청_궁능원_관람객_수_현황(2023년).csv
2023-08-04,2023,8,4,4,금,0,0,0,0,0,18.5,17.5,9.5,8.5,9508,2149,1367,4785,4533,4975,7250,1188,369,448,253,2258,2023,문화재청_궁능원_관람객_수_현황(2023년).csv
2023-08-05,2023,8,5,5,토,1,0,0,0,0,18.5,17.5,9.5,8.5,9734,2406,1557,4426,5090,4644,7287,1296,380,517,254,2447,2023,문화재청_궁능원_관람객_수_현황(2023년).csv
2023-08-06,2023,8,6,6,일,1,0,0,0,0,18.5,17.5,9.5,8.5,9726,2164,1365,3859,5002,4724,7040,1152,456,763,315,2686,2023,문화재청_궁능원_관람객_수_현황(2023년).csv
2023-08-07,2023,8,7,0,월,0,0,0,3,0,18.5,17.5,9.5,8.5,9131,0,0,0,4112,5019,6810,1077,446,761,37,2321,2023,문화재청_궁능원_관람객_수_현황(2023년).csv
2023-08-08,2023,8,8,1,화,0,1,1,0,0,18.5,17.5,9.5,8.5,0,3982,1705,4465,0,0,0,0,0,0,0,0,2023,문화재청_궁능원_관람객_수_현황(2023년).csv
2023-08-09,2023,8,9,2,수,0,0,0,0,0,18.5,17.5,9.5,8.5,13058,3117,1744,6710,5623,7435,10079,1252,548,747,432,2979,2023,문화재청_궁능원_관람객_수_현황(2023년).csv
2023-08-10,2023,8,10,3,목,0,0,0,0,0,18.5,17.5,9.5,8.5,2926,682,230,1039,1379,1547,1336,460,184,163,783,1590,2023,문화재청_궁능원_관람객_수_현황(2023년).csv
2023-08-11,2023,8,11,4,금,0,0,0,0,0,18.5,17.5,9.5,8.5,6126,1393,1000,3757,2856,3270,4759,671,275,390,31,1367,2023,문화재청_궁능원_관람객_수_현황(2023년).csv
2023-08-12,2023,8,12,5,토,1,0,0,0,0,18.5,17.5,9.5,8.5,16508,5530,2975,8106,7570,8938,12372,2348,687,747,354,4136,2023,문화재청_궁능원_관람객_수_현황(2023년).csv
2023-08-13,2023,8,13,6,일,1,0,0,0,0,18.5,17.5,9.5,8.5,21232,5283,3480,7609,8348,12884,17802,1688,749,566,427,3430,2023,문화재청_궁능원_관람객_수_현황(2023년).csv
2023-08-14,2023,8,14,0,월,0,0,0,3,0,18.5,17.5,9.5,8.5,16375,0,0,0,6630,9745,12428,2317,727,687,216,3947,2023,문화재청_궁능원_관람객_수_현황(2023년).csv
2023-08-15,2023,8,15,1,화,0,1,0,0,1,18.5,17.5,9.5,8.5,11680,5517,2854,8141,4916,6764,8984,1320,480,378,518,2696,2023,문화재청_궁능원_관람객_수_현황(2023년).csv
2023-08-16,2023,8,16,2,수,0,0,1,0,0,18.5,17.5,9.5,8.5,0,4244,1803,6328,0,0,0,0,0,0,0,0,2023,문화재청_궁능원_관람객_수_현황(2023년).csv
2023-08-17,2023,8,17,3,목,0,0,0,0,0,18.5,17.5,9.5,8.5,11720,2675,1337,6230,5002,6718,7264,1957,757,1362,380,4456,2023,문화재청_궁능원_관람객_수_현황(2023년).csv
2023-08-18,2023,8,18,4,금,0,0,0,0,0,18.5,17.5,9.5,8.5,10501,2499,1557,5723,4995,5506,5333,2505,699,754,1210,5168,2023,문화재청_궁능원_관람객_수_현황(2023년).csv
2023-08-19,2023,8,19,5,토,1,0,0,0,0,18.5,17.5,9.5,8.5,13234,3308,2220,7621,6701,6533,8656,1968,783,1431,396,4578,2023,문화재청_궁능원_관람객_수_현황(2023년).csv
2023-08-20,2023,8,20,6,일,1,0,0,0,0,18.5,17.5,9.5,8.5,12361,3440,1888,5752,5968,6393,6530,2795,806,969,1261,5831,2023,문화재청_궁능원_관람객_수_현황(2023년).csv
2023-08-21,2023,8,21,0,월,0,0,0,3,0,18.5,17.5,9.5,8.5,10013,0,0,0,4905,5108,6789,1541,636,735,312,3224,2023,문화재청_궁능원_관람객_수_현황(2023년).csv
2023-08-22,2023,8,22,1,화,0,1,1,0,0,18.5,17.5,9.5,8.5,0,3291,1176,4736,0,0,0,0,0,0,0,0,2023,문화재청_궁능원_관람객_수_현황(2023년).csv
2023-08-23,2023,8,23,2,수,0,0,0,0,0,18.5,17.5,9.5,8.5,6393,1218,629,2639,3281,3112,4255,891,444,646,157,2138,2023,문화재청_궁능원_관람객_수_현황(2023년).csv
2023-08-24,2023,8,24,3,목,0,0,0,0,0,18.5,17.5,9.5,8.5,10756,2568,1493,7413,5460,5296,6621,1991,546,1091,507,4135,2023,문화재청_궁능원_관람객_수_현황(2023년).csv
2023-08-25,2023,8,25,4,금,0,0,0,0,0,18.5,17.5,9.5,8.5,11657,2710,1555,7610,5941,5716,8705,1361,518,700,373,2952,2023,문화재청_궁능원_관람객_수_현황(2023년).csv
2023-08-26,2023,8,26,5,토,1,0,0,0,0,18.5,17.5,9.5,8.5,16811,4198,3828,8675,8288,8523,12471,2057,672,945,666,4340,2023,문화재청_궁능원_관람객_수_현황(2023년).csv
2023-08-27,2023,8,27,6,일,1,0,0,0,0,18.5,17.5,9.5,8.5,15373,4361,2322,6754,7864,7509,11718,1864,660,877,254,3655,2023,문화재청_궁능원_관람객_수_현황(2023년).csv
2023-08-28,2023,8,28,0,월,0,0,0,3,0,18.5,17.5,9.5,8.5,7946,0,0,0,3965,3981,3176,2295,548,581,1346,4770,2023,문화재청_궁능원_관람객_수_현황(2023년).csv
2023-08-29,2023,8,29,1,화,0,1,1,0,0,18.5,17.5,9.5,8.5,0,1928,880,3035,0,0,0,0,0,0,0,0,2023,문화재청_궁능원_관람객_수_현황(2023년).csv
2023-08-30,2023,8,30,2,수,0,0,0,0,0,18.5,17.5,9.5,8.5,21712,4459,2743,9500,0,21712,11568,5199,929,1375,2641,10144,2023,문화재청_궁능원_관람객_수_현황(2023년).csv
2023-08-31,2023,8,31,3,목,0,0,0,0,0,18.5,17.5,9.5,8.5,11434,2983,1632,8659,4751,6683,8367,1779,394,492,402,3067,2023,문화재청_궁능원_관람객_수_현황(2023년).csv
2023-09-01,2023,9,1,4,금,0,0,0,0,0,18.0,17.0,9.0,8.0,15646,3159,1949,7755,8195,7451,11918,1668,559,1004,497,3728,2023,문화재청_궁능원_관람객_수_현황(2023년).csv
2023-09-02,2023,9,2,5,토,1,0,0,0,0,18.0,17.0,9.0,8.0,21183,4912,4031,9867,11616,9567,17039,2236,601,830,477,4144,2023,문화재청_궁능원_관람객_수_현황(2023년).csv
2023-09-03,2023,9,3,6,일,1,0,0,0,0,18.0,17.0,9.0,8.0,18186,4504,2571,6719,9792,8394,11520,3764,489,1615,798,6666,2023,문화재청_궁능원_관람객_수_현황(2023년).csv
2023-09-04,2023,9,4,0,월,0,0,0,3,0,18.0,17.0,9.0,8.0,13438,0,0,0,5702,7736,9658,2291,521,456,512,3780,2023,문화재청_궁능원_관람객_수_현황(2023년).csv
2023-09-05,2023,9,5,1,화,0,1,1,0,0,18.0,17.0,9.0,8.0,0,5179,2020,7131,0,0,0,0,0,0,0,0,2023,문화재청_궁능원_관람객_수_현황(2023년).csv
2023-09-06,2023,9,6,2,수,0,0,0,0,0,18.0,17.0,9.0,8.0,17500,3210,1566,5647,8172,9328,13842,2044,703,632,279,3658,2023,문화재청_궁능원_관람객_수_현황(2023년).csv
2023-09-07,2023,9,7,3,목,0,0,0,0,0,18.0,17.0,9.0,8.0,15876,3456,1846,7139,8370,7506,12786,1818,472,647,153,3090,2023,문화재청_궁능원_관람객_수_현황(2023년).csv
2023-09-08,2023,9,8,4,금,0,0,0,0,0,18.0,17.0,9.0,8.0,16727,3700,2121,7406,7948,8779,14019,1235,531,707,235,2708,2023,문화재청_궁능원_관람객_수_현황(2023년).csv
2023-09-09,2023,9,9,5,토,1,0,0,0,0,18.0,17.0,9.0,8.0,20684,5399,4360,9686,10656,10028,16724,2151,707,618,484,3960,2023,문화재청_궁능원_관람객_수_현황(2023년).csv
2023-09-10,2023,9,10,6,일,1,0,0,0,0,18.0,17.0,9.0,8.0,19934,4740,2961,7404,10397,9537,16271,2003,649,511,500,3663,2023,문화재청_궁능원_관람객_수_현황(2023년).csv
2023-09-11,2023,9,11,0,월,0,0,0,3,0,18.0,17.0,9.0,8.0,13473,0,0,0,5537,7936,10443,1676,445,761,148,3030,2023,문화재청_궁능원_관람객_수_현황(2023년).csv
2023-09-12,2023,9,12,1,화,0,1,1,0,0,18.0,17.0,9.0,8.0,0,6224,2564,9680,0,0,0,0,0,0,0,0,2023,문화재청_궁능원_관람객_수_현황(2023년).csv
2023-09-13,2023,9,13,2,수,0,0,0,0,0,18.0,17.0,9.0,8.0,15960,2553,1167,3657,7088,8872,13835,1374,409,196,146,2125,2023,문화재청_궁능원_관람객_수_현황(2023년).csv
2023-09-14,2023,9,14,3,목,0,0,0,0,0,18.0,17.0,9.0,8.0,18484,4285,2498,9242,9238,9246,14441,2441,616,637,349,4043,2023,문화재청_궁능원_관람객_수_현황(2023년).csv
2023-09-15,2023,9,15,4,금,0,0,0,0,0,18.0,17.0,9.0,8.0,14258,3289,2140,8368,7393,6865,11959,1181,376,561,181,2299,2023,문화재청_궁능원_관람객_수_현황(2023년).csv
2023-09-16,2023,9,16,5,토,1,0,0,0,0,18.0,17.0,9.0,8.0,20065,5033,3521,10465,11854,8211,14892,2666,1124,673,710,5173,2023,문화재청_궁능원_관람객_수_현황(2023년).csv
2023-09-17,2023,9,17,6,일,1,0,0,0,0,18.0,17.0,9.0,8.0,20117,4743,2850,8454,10901,9216,15555,2163,1056,545,798,4562,2023,문화재청_궁능원_관람객_수_현황(2023년).csv
2023-09-18,2023,9,18,0,월,0,0,0,3,0,18.0,17.0,9.0,8.0,17427,0,0,0,6866,10561,13659,2355,640,451,322,3768,2023,문화재청_궁능원_관람객_수_현황(2023년).csv
2023-09-19,2023,9,19,1,화,0,1,1,0,0,18.0,17.0,9.0,8.0,0,5663,2736,10707,0,0,0,0,0,0,0,0,2023,문화재청_궁능원_관람객_수_현황(2023년).csv
2023-09-20,2023,9,20,2,수,0,0,0,0,0,18.0,17.0,9.0,8.0,12380,1912,827,3573,6173,6207,10597,904,329,420,130,1783,2023,문화재청_궁능원_관람객_수_현황(2023년).csv
2023-09-21,2023,9,21,3,목,0,0,0,0,0,18.0,17.0,9.0,8.0,21112,4149,2949,11988,9721,11391,14421,2754,682,1857,1398,6691,2023,문화재청_궁능원_관람객_수_현황(2023년).csv
2023-09-22,2023,9,22,4,금,0,0,0,0,0,18.0,17.0,9.0,8.0,20944,4149,2662,13022,9003,11941,17268,2349,466,565,296,3676,2023,문화재청_궁능원_관람객_수_현황(2023년).csv
2023-09-23,2023,9,23,5,토,1,0,0,0,0,18.0,17.0,9.0,8.0,23296,6280,5262,14837,12087,11209,17012,3224,736,807,1517,6284,2023,문화재청_궁능원_관람객_수_현황(2023년).csv
2023-09-24,2023,9,24,6,일,1,0,0,0,0,18.0,17.0,9.0,8.0,21417,5815,4049,10916,10996,10421,17115,1648,625,774,1255,4302,2023,문화재청_궁능원_관람객_수_현황(2023년).csv
2023-09-25,2023,9,25,0,월,0,0,0,3,0,18.0,17.0,9.0,8.0,12579,0,0,0,4539,8040,10157,1413,338,637,34,2422,2023,문화재청_궁능원_관람객_수_현황(2023년).csv
2023-09-26,2023,9,26,1,화,0,1,1,0,0,18.0,17.0,9.0,8.0,0,2760,1026,6294,0,0,0,0,0,0,0,0,2023,문화재청_궁능원_관람객_수_현황(2023년).csv
2023-09-27,2023,9,27,2,수,0,0,0,0,0,18.0,17.0,9.0,8.0,15563,4315,3024,11911,2900,12663,11381,1512,531,1142,997,4182,2023,문화재청_궁능원_관람객_수_현황(2023년).csv
2023-09-28,2023,9,28,3,목,0,0,0,0,1,18.0,17.0,9.0,8.0,52519,11530,10532,19750,2900,49619,37682,4490,1886,3535,4926,14837,2023,문화재청_궁능원_관람객_수_현황(2023년).csv
2023-09-29,2023,9,29,4,금,0,0,0,0,1,18.0,17.0,9.0,8.0,116261,24988,34728,31990,2900,113361,78101,10126,5449,9054,13531,38160,2023,문화재청_궁능원_관람객_수_현황(2023년).csv
2023-09-30,2023,9,30,5,토,1,0,0,0,1,18.0,17.0,9.0,8.0,111826,20590,24544,27787,2900,108926,77305,10963,4476,9001,10081,34521,2023,문화재청_궁능원_관람객_수_현황(2023년).csv
2023-10-01,2023,10,1,6,일,1,0,0,0,0,18.0,17.0,9.0,8.0,138334,26851,31227,50250,2900,135434,109997,10129,2789,7834,7585,28337,2023,문화재청_궁능원_관람객_수_현황(2023년).csv
2023-10-02,2023,10,2,0,월,0,0,0,0,1,18.0,17.0,9.0,8.0,98355,25601,22465,29967,0,98355,75352,8939,1976,6996,5092,23003,2023,문화재청_궁능원_관람객_수_현황(2023년).csv
2023-10-03,2023,10,3,1,화,0,1,0,0,1,18.0,17.0,9.0,8.0,50295,20668,15306,23253,0,50295,38876,4408,724,4056,2231,11419,2023,문화재청_궁능원_관람객_수_현황(2023년).csv
2023-10-04,2023,10,4,2,수,0,0,1,3,0,18.0,17.0,9.0,8.0,0,0,0,0,0,0,0,0,0,0,0,0,2023,문화재청_궁능원_관람객_수_현황(2023년).csv
2023-10-05,2023,10,5,3,목,0,0,0,0,0,18.0,17.0,9.0,8.0,18137,5205,2844,13848,8738,9399,14548,1506,266,1230,587,3589,2023,문화재청_궁능원_관람객_수_현황(2023년).csv
2023-10-06,2023,10,6,4,금,0,0,0,0,0,18.0,17.0,9.0,8.0,20085,5245,3372,14772,8821,11264,16719,1679,452,898,337,3366,2023,문화재청_궁능원_관람객_수_현황(2023년).csv
2023-10-07,2023,10,7,5,토,1,0,0,0,0,18.0,17.0,9.0,8.0,30086,8816,6754,17985,14847,15239,25718,2134,775,1032,427,4368,2023,문화재청_궁능원_관람객_수_현황(2023년).csv
2023-10-08,2023,10,8,6,일,1,0,0,0,0,18.0,17.0,9.0,8.0,34291,8945,6744,17784,16624,17667,30498,1937,1049,517,290,3793,2023,문화재청_궁능원_관람객_수_현황(2023년).csv
2023-10-09,2023,10,9,0,월,0,0,0,0,1,18.0,17.0,9.0,8.0,26174,7277,4251,14362,11046,15128,21255,2346,600,572,1401,4919,2023,문화재청_궁능원_관람객_수_현황(2023년).csv
2023-10-10,2023,10,10,1,화,0,1,1,3,0,18.0,17.0,9.0,8.0,0,0,0,0,0,0,0,0,0,0,0,0,2023,문화재청_궁능원_관람객_수_현황(2023년).csv
2023-10-11,2023,10,11,2,수,0,0,0,0,0,18.0,17.0,9.0,8.0,25001,5807,2790,14125,9450,15551,18752,2756,381,1755,1357,6249,2023,문화재청_궁능원_관람객_수_현황(2023년).csv
2023-10-12,2023,10,12,3,목,0,0,0,0,0,18.0,17.0,9.0,8.0,22184,5909,3064,13453,9408,12776,18776,1876,416,886,230,3408,2023,문화재청_궁능원_관람객_수_현황(2023년).csv
2023-10-13,2023,10,13,4,금,0,0,0,0,0,18.0,17.0,9.0,8.0,22747,5915,3843,20167,10104,12643,19397,1784,572,414,580,3350,2023,문화재청_궁능원_관람객_수_현황(2023년).csv
2023-10-14,2023,10,14,5,토,1,0,0,0,0,18.0,17.0,9.0,8.0,24136,6709,4893,18056,12355,11781,19975,2346,625,691,499,4161,2023,문화재청_궁능원_관람객_수_현황(2023년).csv
2023-10-15,2023,10,15,6,일,1,0,0,0,0,18.0,17.0,9.0,8.0,20380,9314,6153,15797,9601,10779,16119,2176,649,414,1022,4261,2023,문화재청_궁능원_관람객_수_현황(2023년).csv
2023-10-16,2023,10,16,0,월,0,0,0,0,0,18.0,17.0,9.0,8.0,26221,3104,1449,4739,9134,17087,22307,2884,512,324,194,3914,2023,문화재청_궁능원_관람객_수_현황(2023년).csv
2023-10-17,2023,10,17,1,화,0,1,0,0,0,18.0,17.0,9.0,8.0,8102,8107,4747,16703,3560,4542,4827,1771,193,166,1145,3275,2023,문화재청_궁능원_관람객_수_현황(2023년).csv
2023-10-18,2023,10,18,2,수,0,0,0,0,0,18.0,17.0,9.0,8.0,32719,7144,4293,15860,12018,20701,28433,2667,427,751,441,4286,2023,문화재청_궁능원_관람객_수_현황(2023년).csv
2023-10-19,2023,10,19,3,목,0,0,0,0,0,18.0,17.0,9.0,8.0,22902,5016,2181,11779,9398,13504,19846,1510,250,985,311,3056,2023,문화재청_궁능원_관람객_수_현황(2023년).csv
2023-10-20,2023,10,20,4,금,0,0,0,0,0,18.0,17.0,9.0,8.0,30551,8518,4623,15435,13051,17500,26279,2420,519,957,376,4272,2023,문화재청_궁능원_관람객_수_현황(2023년).csv
2023-10-21,2023,10,21,5,토,1,0,0,0,0,18.0,17.0,9.0,8.0,38839,13079,8875,23305,17848,20991,25526,6294,1626,2466,2927,13313,2023,문화재청_궁능원_관람객_수_현황(2023년).csv
2023-10-22,2023,10,22,6,일,1,0,0,0,0,18.0,17.0,9.0,8.0,35968,12131,7030,18313,16646,19322,31257,2816,670,572,653,4711,2023,문화재청_궁능원_관람객_수_현황(2023년).csv
2023-10-23,2023,10,23,0,월,0,0,0,3,0,18.0,17.0,9.0,8.0,27306,0,0,0,9927,17379,21319,4054,450,603,880,5987,2023,문화재청_궁능원_관람객_수_현황(2023년).csv
2023-10-24,2023,10,24,1,화,0,1,1,0,0,18.0,17.0,9.0,8.0,0,11789,5358,17709,0,0,0,0,0,0,0,0,2023,문화재청_궁능원_관람객_수_현황(2023년).csv
2023-10-25,2023,10,25,2,수,0,0,0,0,0,18.0,17.0,9.0,8.0,55880,17764,15425,27402,2900,52980,36421,4613,1848,6540,6458,19459,2023,문화재청_궁능원_관람객_수_현황(2023년).csv
2023-10-26,2023,10,26,3,목,0,0,0,0,0,18.0,17.0,9.0,8.0,30023,8417,4593,15681,12071,17952,25934,2428,404,796,461,4089,2023,문화재청_궁능원_관람객_수_현황(2023년).csv
2023-10-27,2023,10,27,4,금,0,0,0,0,0,18.0,17.0,9.0,8.0,32145,10557,7414,20280,13253,18892,28261,2186,525,650,523,3884,2023,문화재청_궁능원_관람객_수_현황(2023년).csv
2023-10-28,2023,10,28,5,토,1,0,0,0,0,18.0,17.0,9.0,8.0,44856,15866,14438,27784,20184,24672,40320,2883,400,588,665,4536,2023,문화재청_궁능원_관람객_수_현황(2023년).csv
2023-10-29,2023,10,29,6,일,1,0,0,0,0,18.0,17.0,9.0,8.0,40032,17439,13315,26831,18842,21190,28263,4350,1524,3212,2683,11769,2023,문화재청_궁능원_관람객_수_현황(2023년).csv
2023-10-30,2023,10,30,0,월,0,0,0,3,0,18.0,17.0,9.0,8.0,24654,0,0,0,10561,14093,20290,2836,423,682,423,4364,2023,문화재청_궁능원_관람객_수_현황(2023년).csv
2023-10-31,2023,10,31,1,화,0,1,1,0,0,18.0,17.0,9.0,8.0,0,12876,8218,21121,0,0,0,0,0,0,0,0,2023,문화재청_궁능원_관람객_수_현황(2023년).csv
2023-11-01,2023,11,1,2,수,0,0,0,0,0,17.0,16.0,8.0,7.0,23340,8210,4863,16525,7732,15608,19497,1885,424,1186,348,3843,2023,문화재청_궁능원_관람객_수_현황(2023년).csv
2023-11-02,2023,11,2,3,목,0,0,0,0,0,17.0,16.0,8.0,7.0,22026,11119,8462,21040,8982,13044,18671,2396,500,339,120,3355,2023,문화재청_궁능원_관람객_수_현황(2023년).csv
2023-11-03,2023,11,3,4,금,0,0,0,0,0,17.0,16.0,8.0,7.0,20985,8932,5477,18821,8033,12952,18065,1448,685,311,476,2920,2023,문화재청_궁능원_관람객_수_현황(2023년).csv
2023-11-04,2023,11,4,5,토,1,0,0,0,0,17.0,16.0,8.0,7.0,34255,18076,15359,30455,15959,18296,29684,1856,1074,1217,424,4571,2023,문화재청_궁능원_관람객_수_현황(2023년).csv
2023-11-05,2023,11,5,6,일,1,0,0,0,0,17.0,16.0,8.0,7.0,16200,7769,5375,12673,8718,7482,12891,1373,341,1103,492,3309,2023,문화재청_궁능원_관람객_수_현황(2023년).csv
2023-11-06,2023,11,6,0,월,0,0,0,3,0,17.0,16.0,8.0,7.0,15773,0,0,0,6414,9359,12681,1851,355,616,270,3092,2023,문화재청_궁능원_관람객_수_현황(2023년).csv
2023-11-07,2023,11,7,1,화,0,1,1,0,0,17.0,16.0,8.0,7.0,0,9782,5351,13888,0,0,0,0,0,0,0,0,2023,문화재청_궁능원_관람객_수_현황(2023년).csv
2023-11-08,2023,11,8,2,수,0,0,0,0,0,17.0,16.0,8.0,7.0,22792,8108,5301,17869,8528,14264,19019,2284,475,674,340,3773,2023,문화재청_궁능원_관람객_수_현황(2023년).csv
2023-11-09,2023,11,9,3,목,0,0,0,0,0,17.0,16.0,8.0,7.0,16913,7061,3974,14530,7069,9844,12819,2074,419,1222,379,4094,2023,문화재청_궁능원_관람객_수_현황(2023년).csv
2023-11-10,2023,11,10,4,금,0,0,0,0,0,17.0,16.0,8.0,7.0,16765,6611,3670,13195,7644,9121,11769,2576,317,916,1187,4996,2023,문화재청_궁능원_관람객_수_현황(2023년).csv
2023-11-11,2023,11,11,5,토,1,0,0,0,0,17.0,16.0,8.0,7.0,21504,9716,6357,17862,10625,10879,18285,1485,490,951,293,3219,2023,문화재청_궁능원_관람객_수_현황(2023년).csv
2023-11-12,2023,11,12,6,일,1,0,0,0,0,17.0,16.0,8.0,7.0,19539,7826,4174,12026,9747,9792,16515,1509,483,438,594,3024,2023,문화재청_궁능원_관람객_수_현황(2023년).csv
2023-11-13,2023,11,13,0,월,0,0,0,3,0,17.0,16.0,8.0,7.0,15008,0,0,0,6759,8249,8604,2873,422,1809,1300,6404,2023,문화재청_궁능원_관람객_수_현황(2023년).csv
2023-11-14,2023,11,14,1,화,0,1,1,0,0,17.0,16.0,8.0,7.0,0,7326,3840,12486,0,0,0,0,0,0,0,0,2023,문화재청_궁능원_관람객_수_현황(2023년).csv
2023-11-15,2023,11,15,2,수,0,0,0,0,0,17.0,16.0,8.0,7.0,16698,4988,4755,13788,7473,9225,13661,1817,454,466,300,3037,2023,문화재청_궁능원_관람객_수_현황(2023년).csv
2023-11-16,2023,11,16,3,목,0,0,0,0,0,17.0,16.0,8.0,7.0,8200,2569,1056,4164,3988,4212,6993,773,87,175,172,1207,2023,문화재청_궁능원_관람객_수_현황(2023년).csv
2023-11-17,2023,11,17,4,금,0,0,0,0,0,17.0,16.0,8.0,7.0,16109,4783,2140,10701,7150,8959,12356,2203,509,819,222,3753,2023,문화재청_궁능원_관람객_수_현황(2023년).csv
2023-11-18,2023,11,18,5,토,1,0,0,0,0,17.0,16.0,8.0,7.0,20132,6390,3951,12375,9801,10331,16239,1613,661,1218,401,3893,2023,문화재청_궁능원_관람객_수_현황(2023년).csv
2023-11-19,2023,11,19,6,일,1,0,0,0,0,17.0,16.0,8.0,7.0,19964,6408,4149,11079,9786,10178,16663,1459,566,633,643,3301,2023,문화재청_궁능원_관람객_수_현황(2023년).csv
2023-11-20,2023,11,20,0,월,0,0,0,3,0,17.0,16.0,8.0,7.0,16811,0,0,0,6447,10364,13378,2160,473,479,321,3433,2023,문화재청_궁능원_관람객_수_현황(2023년).csv
2023-11-21,2023,11,21,1,화,0,1,1,0,0,17.0,16.0,8.0,7.0,0,6319,2649,14677,0,0,0,0,0,0,0,0,2023,문화재청_궁능원_관람객_수_현황(2023년).csv
2023-11-22,2023,11,22,2,수,0,0,0,0,0,17.0,16.0,8.0,7.0,15652,4306,2150,13280,6300,9352,12255,1975,392,583,447,3397,2023,문화재청_궁능원_관람객_수_현황(2023년).csv
2023-11-23,2023,11,23,3,목,0,0,0,0,0,17.0,16.0,8.0,7.0,15325,4257,2032,13139,6228,9097,11940,1947,510,604,324,3385,2023,문화재청_궁능원_관람객_수_현황(2023년).csv
2023-11-24,2023,11,24,4,금,0,0,0,0,0,17.0,16.0,8.0,7.0,19576,3671,1485,9390,13286,6290,16194,1423,992,902,65,3382,2023,문화재청_궁능원_관람객_수_현황(2023년).csv
2023-11-25,2023,11,25,5,토,1,0,0,0,0,17.0,16.0,8.0,7.0,17407,4939,2460,10358,9340,8067,11731,1988,978,1165,1545,5676,2023,문화재청_궁능원_관람객_수_현황(2023년).csv
2023-11-26,2023,11,26,6,일,1,0,0,0,0,17.0,16.0,8.0,7.0,17162,4485,2233,9091,8510,8652,13835,1504,552,654,617,3327,2023,문화재청_궁능원_관람객_수_현황(2023년).csv
2023-11-27,2023,11,27,0,월,0,0,0,3,0,17.0,16.0,8.0,7.0,9355,0,0,0,4600,4755,7174,865,478,438,400,2181,2023,문화재청_궁능원_관람객_수_현황(2023년).csv
2023-11-28,2023,11,28,1,화,0,1,1,0,0,17.0,16.0,8.0,7.0,0,4151,1657,8305,0,0,0,0,0,0,0,0,2023,문화재청_궁능원_관람객_수_현황(2023년).csv
2023-11-29,2023,11,29,2,수,0,0,0,0,0,17.0,16.0,8.0,7.0,21102,5321,3636,11728,0,21102,11922,2194,1170,3504,2312,9180,2023,문화재청_궁능원_관람객_수_현황(2023년).csv
2023-11-30,2023,11,30,3,목,0,0,0,0,0,17.0,16.0,8.0,7.0,9683,1931,913,6200,4112,5571,6117,2590,260,349,367,3566,2023,문화재청_궁능원_관람객_수_현황(2023년).csv
2023-12-01,2023,12,1,4,금,0,0,0,0,0,17.0,16.0,8.0,7.0,10284,1917,970,7215,4104,6180,7779,1524,248,474,259,2505,2023,문화재청_궁능원_관람객_수_현황(2023년).csv
2023-12-02,2023,12,2,5,토,1,0,0,0,0,17.0,16.0,8.0,7.0,14477,3568,2004,10796,7113,7364,11838,1535,393,397,314,2639,2023,문화재청_궁능원_관람객_수_현황(2023년).csv
2023-12-03,2023,12,3,6,일,1,0,0,0,0,17.0,16.0,8.0,7.0,12269,3334,1773,7725,6771,5498,8993,1693,483,752,348,3276,2023,문화재청_궁능원_관람객_수_현황(2023년).csv
2023-12-04,2023,12,4,0,월,0,0,0,3,0,17.0,16.0,8.0,7.0,10410,0,0,0,4590,5820,7242,1748,365,597,458,3168,2023,문화재청_궁능원_관람객_수_현황(2023년).csv
2023-12-05,2023,12,5,1,화,0,1,1,0,0,17.0,16.0,8.0,7.0,0,3837,1638,9867,0,0,0,0,0,0,0,0,2023,문화재청_궁능원_관람객_수_현황(2023년).csv
2023-12-06,2023,12,6,2,수,0,0,0,0,0,17.0,16.0,8.0,7.0,8733,1356,740,6904,3217,5516,6213,1379,261,738,142,2520,2023,문화재청_궁능원_관람객_수_현황(2023년).csv
2023-12-07,2023,12,7,3,목,0,0,0,0,0,17.0,16.0,8.0,7.0,11077,2057,1325,10421,4296,6781,8596,1221,356,540,364,2481,2023,문화재청_궁능원_관람객_수_현황(2023년).csv
2023-12-08,2023,12,8,4,금,0,0,0,0,0,17.0,16.0,8.0,7.0,10308,2444,1421,11862,4677,5631,7220,1326,443,1066,253,3088,2023,문화재청_궁능원_관람객_수_현황(2023년).csv
2023-12-09,2023,12,9,5,토,1,0,0,0,0,17.0,16.0,8.0,7.0,19684,4325,2863,13564,8881,10803,16407,2035,348,532,362,3277,2023,문화재청_궁능원_관람객_수_현황(2023년).csv
2023-12-10,2023,12,10,6,일,1,0,0,0,0,17.0,16.0,8.0,7.0,17369,3673,2123,9940,7527,9842,14706,1167,389,913,194,2663,2023,문화재청_궁능원_관람객_수_현황(2023년).csv
2023-12-11,2023,12,11,0,월,0,0,0,3,0,17.0,16.0,8.0,7.0,6106,0,0,0,2735,3371,4574,925,166,307,134,1532,2023,문화재청_궁능원_관람객_수_현황(2023년).csv
2023-12-12,2023,12,12,1,화,0,1,1,0,0,17.0,16.0,8.0,7.0,0,3456,1606,10106,0,0,0,0,0,0,0,0,2023,문화재청_궁능원_관람객_수_현황(2023년).csv
2023-12-13,2023,12,13,2,수,0,0,0,0,0,17.0,16.0,8.0,7.0,12660,2334,1357,11181,4536,8124,9954,1425,203,524,554,2706,2023,문화재청_궁능원_관람객_수_현황(2023년).csv
2023-12-14,2023,12,14,3,목,0,0,0,0,0,17.0,16.0,8.0,7.0,6878,975,549,4189,3253,3625,4847,1210,192,473,156,2031,2023,문화재청_궁능원_관람객_수_현황(2023년).csv
2023-12-15,2023,12,15,4,금,0,0,0,0,0,17.0,16.0,8.0,7.0,5526,910,501,4212,2569,2957,3867,646,178,686,149,1659,2023,문화재청_궁능원_관람객_수_현황(2023년).csv
2023-12-16,2023,12,16,5,토,1,0,0,0,0,17.0,16.0,8.0,7.0,13850,2178,935,6402,6796,7054,10336,1686,323,1040,465,3514,2023,문화재청_궁능원_관람객_수_현황(2023년).csv
2023-12-17,2023,12,17,6,일,1,0,0,0,0,17.0,16.0,8.0,7.0,8867,1583,691,3533,4934,3933,5804,1552,300,919,292,3063,2023,문화재청_궁능원_관람객_수_현황(2023년).csv
2023-12-18,2023,12,18,0,월,0,0,0,3,0,17.0,16.0,8.0,7.0,10784,0,0,0,4507,6277,7085,1665,292,1425,317,3699,2023,문화재청_궁능원_관람객_수_현황(2023년).csv
2023-12-19,2023,12,19,1,화,0,1,1,0,0,17.0,16.0,8.0,7.0,0,2657,903,6731,0,0,0,0,0,0,0,0,2023,문화재청_궁능원_관람객_수_현황(2023년).csv
2023-12-20,2023,12,20,2,수,0,0,0,0,0,17.0,16.0,8.0,7.0,10402,1899,930,5030,4560,5842,6835,2020,157,830,560,3567,2023,문화재청_궁능원_관람객_수_현황(2023년).csv
2023-12-21,2023,12,21,3,목,0,0,0,0,0,17.0,16.0,8.0,7.0,6683,725,426,3587,3113,3570,3948,1461,133,758,383,2735,2023,문화재청_궁능원_관람객_수_현황(2023년).csv
2023-12-22,2023,12,22,4,금,0,0,0,0,0,17.0,16.0,8.0,7.0,6851,860,528,4149,3238,3613,4540,1020,143,905,243,2311,2023,문화재청_궁능원_관람객_수_현황(2023년).csv
2023-12-23,2023,12,23,5,토,1,0,0,0,0,17.0,16.0,8.0,7.0,13627,2221,1205,6607,6303,7324,10454,2274,153,650,96,3173,2023,문화재청_궁능원_관람객_수_현황(2023년).csv
2023-12-24,2023,12,24,6,일,1,0,0,0,0,17.0,16.0,8.0,7.0,18049,3532,1941,11500,9522,8527,13955,2206,235,1522,131,4094,2023,문화재청_궁능원_관람객_수_현황(2023년).csv
2023-12-25,2023,12,25,0,월,0,0,0,0,1,17.0,16.0,8.0,7.0,17611,3191,1777,8952,8559,9052,12771,2427,223,1451,739,4840,2023,문화재청_궁능원_관람객_수_현황(2023년).csv
2023-12-26,2023,12,26,1,화,0,1,1,3,0,17.0,16.0,8.0,7.0,0,0,0,0,0,0,0,0,0,0,0,0,2023,문화재청_궁능원_관람객_수_현황(2023년).csv
2023-12-27,2023,12,27,2,수,0,0,0,0,0,17.0,16.0,8.0,7.0,25416,4208,3556,12353,0,25416,12588,2665,1987,4510,3666,12828,2023,문화재청_궁능원_관람객_수_현황(2023년).csv
2023-12-28,2023,12,28,3,목,0,0,0,0,0,17.0,16.0,8.0,7.0,13529,2441,1729,9471,6035,7494,5759,4384,465,1629,1292,7770,2023,문화재청_궁능원_관람객_수_현황(2023년).csv
2023-12-29,2023,12,29,4,금,0,0,0,0,0,17.0,16.0,8.0,7.0,14557,2611,1337,8570,6952,7605,8919,3320,446,1507,365,5638,2023,문화재청_궁능원_관람객_수_현황(2023년).csv
2023-12-30,2023,12,30,5,토,1,0,0,0,0,17.0,16.0,8.0,7.0,15334,4287,2738,6431,8319,7015,9354,3645,329,1435,571,5980,2023,문화재청_궁능원_관람객_수_현황(2023년).csv
2023-12-31,2023,12,31,6,일,1,0,0,0,0,17.0,16.0,8.0,7.0,16703,3320,1786,7473,9356,7347,9089,4070,408,2184,952,7614,2023,문화재청_궁능원_관람객_수_현황(2023년).csv
2024-01-01,2024,1,1,0,월,0,0,0,0,1,17.0,16.0,8.0,7.0,20449,3445,1803,5559,9398,11051,12904,4843,537,1461,704,7545,2024,문화재청_궁능원_관람객_수_현황(2024년).csv
2024-01-02,2024,1,2,1,화,0,1,1,3,0,17.0,16.0,8.0,7.0,0,0,0,0,0,0,0,0,0,0,0,0,2024,문화재청_궁능원_관람객_수_현황(2024년).csv
2024-01-03,2024,1,3,2,수,0,0,0,0,0,17.0,16.0,8.0,7.0,9756,1928,1072,6581,4747,5009,6038,1904,483,572,759,3718,2024,문화재청_궁능원_관람객_수_현황(2024년).csv
2024-01-04,2024,1,4,3,목,0,0,0,0,0,17.0,16.0,8.0,7.0,9545,1917,1148,9420,4327,5218,6311,1975,453,408,398,3234,2024,문화재청_궁능원_관람객_수_현황(2024년).csv
2024-01-05,2024,1,5,4,금,0,0,0,0,0,17.0,16.0,8.0,7.0,9326,1880,1166,8471,3966,5360,5946,2324,488,308,260,3380,2024,문화재청_궁능원_관람객_수_현황(2024년).csv
2024-01-06,2024,1,6,5,토,1,0,0,0,0,17.0,16.0,8.0,7.0,13293,3689,2167,9770,6196,7097,10219,1786,415,622,251,3074,2024,문화재청_궁능원_관람객_수_현황(2024년).csv
2024-01-07,2024,1,7,6,일,1,0,0,0,0,17.0,16.0,8.0,7.0,10146,2215,1134,4729,4749,5397,7728,1227,474,507,210,2418,2024,문화재청_궁능원_관람객_수_현황(2024년).csv
2024-01-08,2024,1,8,0,월,0,0,0,3,0,17.0,16.0,8.0,7.0,7191,0,0,0,3409,3782,5179,971,177,516,348,2012,2024,문화재청_궁능원_관람객_수_현황(2024년).csv
2024-01-09,2024,1,9,1,화,0,1,1,0,0,17.0,16.0,8.0,7.0,0,3584,2098,6208,0,0,0,0,0,0,0,0,2024,문화재청_궁능원_관람객_수_현황(2024년).csv
2024-01-10,2024,1,10,2,수,0,0,0,0,0,17.0,16.0,8.0,7.0,8801,1964,1346,8822,3752,5049,4725,2199,206,496,1175,4076,2024,문화재청_궁능원_관람객_수_현황(2024년).csv
2024-01-11,2024,1,11,3,목,0,0,0,0,0,17.0,16.0,8.0,7.0,8006,1678,1015,8494,3313,4693,4744,2261,132,765,104,3262,2024,문화재청_궁능원_관람객_수_현황(2024년).csv
2024-01-12,2024,1,12,4,금,0,0,0,0,0,17.0,16.0,8.0,7.0,8552,1905,1013,8178,3584,4968,6493,1168,143,429,319,2059,2024,문화재청_궁능원_관람객_수_현황(2024년).csv
2024-01-13,2024,1,13,5,토,1,0,0,0,0,17.0,16.0,8.0,7.0,14250,3187,2110,11303,6875,7375,11756,1047,220,897,330,2494,2024,문화재청_궁능원_관람객_수_현황(2024년).csv
2024-01-14,2024,1,14,6,일,1,0,0,0,0,17.0,16.0,8.0,7.0,6701,1480,929,4690,3361,3340,4232,1756,123,415,175,2469,2024,문화재청_궁능원_관람객_수_현황(2024년).csv
2024-01-15,2024,1,15,0,월,0,0,0,3,0,17.0,16.0,8.0,7.0,8300,0,0,0,3966,4334,6133,921,199,655,392,2167,2024,문화재청_궁능원_관람객_수_현황(2024년).csv
2024-01-16,2024,1,16,1,화,0,1,1,0,0,17.0,16.0,8.0,7.0,0,2272,1333,7759,0,0,0,0,0,0,0,0,2024,문화재청_궁능원_관람객_수_현황(2024년).csv
2024-01-17,2024,1,17,2,수,0,0,0,0,0,17.0,16.0,8.0,7.0,8034,1505,906,4630,3725,4309,6053,961,131,588,301,1981,2024,문화재청_궁능원_관람객_수_현황(2024년).csv
2024-01-18,2024,1,18,3,목,0,0,0,0,0,17.0,16.0,8.0,7.0,10060,2149,1601,7815,4275,5785,7418,1025,159,561,897,2642,2024,문화재청_궁능원_관람객_수_현황(2024년).csv
2024-01-19,2024,1,19,4,금,0,0,0,0,0,17.0,16.0,8.0,7.0,9212,1798,1382,9655,3818,5394,4750,1953,794,1427,288,4462,2024,문화재청_궁능원_관람객_수_현황(2024년).csv
2024-01-20,2024,1,20,5,토,1,0,0,0,0,17.0,16.0,8.0,7.0,12782,2461,1328,8882,6004,6778,9834,1449,213,1052,234,2948,2024,문화재청_궁능원_관람객_수_현황(2024년).csv
2024-01-21,2024,1,21,6,일,1,0,0,0,0,17.0,16.0,8.0,7.0,11098,2195,1293,6372,5113,5985,8906,1173,192,680,147,2192,2024,문화재청_궁능원_관람객_수_현황(2024년).csv
2024-01-22,2024,1,22,0,월,0,0,0,3,0,17.0,16.0,8.0,7.0,6167,0,0,0,2913,3254,4329,731,179,619,309,1838,2024,문화재청_궁능원_관람객_수_현황(2024년).csv
2024-01-23,2024,1,23,1,화,0,1,1,0,0,17.0,16.0,8.0,7.0,0,1303,419,3499,0,0,0,0,0,0,0,0,2024,문화재청_궁능원_관람객_수_현황(2024년).csv
2024-01-24,2024,1,24,2,수,0,0,0,0,0,17.0,16.0,8.0,7.0,6511,795,402,4341,2901,3610,4389,915,118,882,207,2122,2024,문화재청_궁능원_관람객_수_현황(2024년).csv
2024-01-25,2024,1,25,3,목,0,0,0,0,0,17.0,16.0,8.0,7.0,8100,1180,700,5749,3781,4319,5300,1368,139,884,409,2800,2024,문화재청_궁능원_관람객_수_현황(2024년).csv
2024-01-26,2024,1,26,4,금,0,0,0,0,0,17.0,16.0,8.0,7.0,9122,1364,982,7672,3986,5136,4298,2109,244,1021,1450,4824,2024,문화재청_궁능원_관람객_수_현황(2024년).csv
2024-01-27,2024,1,27,5,토,1,0,0,0,0,17.0,16.0,8.0,7.0,15379,2756,1771,11850,7103,8276,12984,1199,221,818,157,2395,2024,문화재청_궁능원_관람객_수_현황(2024년).csv
2024-01-28,2024,1,28,6,일,1,0,0,0,0,17.0,16.0,8.0,7.0,13719,2720,1653,7839,6490,7229,10461,1078,312,1324,544,3258,2024,문화재청_궁능원_관람객_수_현황(2024년).csv
2024-01-29,2024,1,29,0,월,0,0,0,2,0,17.0,16.0,8.0,7.0,9159,0,0,81,4004,5155,6843,1022,187,955,152,2316,2024,문화재청_궁능원_관람객_수_현황(2024년).csv
2024-01-30,2024,1,30,1,화,0,1,1,0,0,17.0,16.0,8.0,7.0,0,2994,1549,10825,0,0,0,0,0,0,0,0,2024,문화재청_궁능원_관람객_수_현황(2024년).csv
2024-01-31,2024,1,31,2,수,0,0,0,0,0,17.0,16.0,8.0,7.0,21206,4110,3116,14196,0,21206,11896,1555,1206,3731,2818,9310,2024,문화재청_궁능원_관람객_수_현황(2024년).csv
2024-02-01,2024,2,1,3,목,0,0,0,0,0,17.0,16.0,8.0,7.0,9373,1478,1100,9714,3729,5644,6839,1006,152,728,648,2534,2024,문화재청_궁능원_관람객_수_현황(2024년).csv
2024-02-02,2024,2,2,4,금,0,0,0,0,0,17.0,16.0,8.0,7.0,9716,1821,1185,10649,4113,5603,4539,1160,675,2146,1196,5177,2024,문화재청_궁능원_관람객_수_현황(2024년).csv
2024-02-03,2024,2,3,5,토,1,0,0,0,0,17.0,16.0,8.0,7.0,13273,3311,1979,11108,6288,6985,9482,1351,391,1618,431,3791,2024,문화재청_궁능원_관람객_수_현황(2024년).csv
2024-02-04,2024,2,4,6,일,1,0,0,0,0,17.0,16.0,8.0,7.0,13760,3144,2211,8922,6129,7631,11619,1071,240,821,9,2141,2024,문화재청_궁능원_관람객_수_현황(2024년).csv
2024-02-05,2024,2,5,0,월,0,0,0,3,0,17.0,16.0,8.0,7.0,5941,0,0,0,2704,3237,3118,1747,188,737,151,2823,2024,문화재청_궁능원_관람객_수_현황(2024년).csv
2024-02-06,2024,2,6,1,화,0,1,1,0,0,17.0,16.0,8.0,7.0,0,2668,1238,9014,0,0,0,0,0,0,0,0,2024,문화재청_궁능원_관람객_수_현황(2024년).csv
2024-02-07,2024,2,7,2,수,0,0,0,0,0,17.0,16.0,8.0,7.0,7343,1116,839,8643,3152,4191,3430,1861,156,625,1271,3913,2024,문화재청_궁능원_관람객_수_현황(2024년).csv
2024-02-08,2024,2,8,3,목,0,0,0,0,0,17.0,16.0,8.0,7.0,7268,1368,885,8019,3095,4173,5020,975,139,702,432,2248,2024,문화재청_궁능원_관람객_수_현황(2024년).csv
2024-02-09,2024,2,9,4,금,0,0,0,0,1,17.0,16.0,8.0,7.0,50076,5483,3905,12577,0,50076,34417,3327,1613,4743,5976,15659,2024,문화재청_궁능원_관람객_수_현황(2024년).csv
2024-02-10,2024,2,10,5,토,1,0,0,0,1,17.0,16.0,8.0,7.0,87055,11168,15555,16611,0,87055,46321,7044,3799,12036,17855,40734,2024,문화재청_궁능원_관람객_수_현황(2024년).csv
2024-02-11,2024,2,11,6,일,1,0,0,0,1,17.0,16.0,8.0,7.0,95722,10750,8514,17765,0,95722,57430,7761,4020,7574,18937,38292,2024,문화재청_궁능원_관람객_수_현황(2024년).csv
2024-02-12,2024,2,12,0,월,0,0,0,0,1,17.0,16.0,8.0,7.0,83724,10969,9391,17616,0,83724,50988,8644,2834,11072,10186,32736,2024,문화재청_궁능원_관람객_수_현황(2024년).csv
2024-02-13,2024,2,13,1,화,0,1,1,3,0,17.0,16.0,8.0,7.0,0,0,0,0,0,0,0,0,0,0,0,0,2024,문화재청_궁능원_관람객_수_현황(2024년).csv
2024-02-14,2024,2,14,2,수,0,0,0,0,0,17.0,16.0,8.0,7.0,15620,2708,1830,11373,7620,8000,10947,1121,146,1981,1425,4673,2024,문화재청_궁능원_관람객_수_현황(2024년).csv
2024-02-15,2024,2,15,3,목,0,0,0,0,0,17.0,16.0,8.0,7.0,5625,831,393,2888,3126,2499,3525,521,110,971,498,2100,2024,문화재청_궁능원_관람객_수_현황(2024년).csv
2024-02-16,2024,2,16,4,금,0,0,0,0,0,17.0,16.0,8.0,7.0,15142,2612,1766,10326,7184,7958,9932,1368,431,2351,1060,5210,2024,문화재청_궁능원_관람객_수_현황(2024년).csv
2024-02-17,2024,2,17,5,토,1,0,0,0,0,17.0,16.0,8.0,7.0,19747,4872,3340,12773,9465,10282,14072,3465,373,1144,693,5675,2024,문화재청_궁능원_관람객_수_현황(2024년).csv
2024-02-18,2024,2,18,6,일,1,0,0,0,0,17.0,16.0,8.0,7.0,15125,2838,1593,5877,7018,8107,9264,2312,387,1811,1351,5861,2024,문화재청_궁능원_관람객_수_현황(2024년).csv
2024-02-19,2024,2,19,0,월,0,0,0,3,0,17.0,16.0,8.0,7.0,8201,0,0,0,3664,4537,5905,1176,316,620,184,2296,2024,문화재청_궁능원_관람객_수_현황(2024년).csv
2024-02-20,2024,2,20,1,화,0,1,1,0,0,17.0,16.0,8.0,7.0,0,3252,1234,8429,0,0,0,0,0,0,0,0,2024,문화재청_궁능원_관람객_수_현황(2024년).csv
2024-02-21,2024,2,21,2,수,0,0,0,0,0,17.0,16.0,8.0,7.0,5579,792,436,2797,2544,3035,2446,1310,252,285,1286,3133,2024,문화재청_궁능원_관람객_수_현황(2024년).csv
2024-02-22,2024,2,22,3,목,0,0,0,0,0,17.0,16.0,8.0,7.0,11075,3336,2177,6547,5122,5953,8014,1135,403,939,584,3061,2024,문화재청_궁능원_관람객_수_현황(2024년).csv
2024-02-23,2024,2,23,4,금,0,0,0,0,0,17.0,16.0,8.0,7.0,11168,2955,1671,9051,5275,5893,6551,2279,722,1033,583,4617,2024,문화재청_궁능원_관람객_수_현황(2024년).csv
2024-02-24,2024,2,24,5,토,1,0,0,0,0,17.0,16.0,8.0,7.0,16992,4167,2574,10433,8468,8524,13040,1383,923,861,785,3952,2024,문화재청_궁능원_관람객_수_현황(2024년).csv
2024-02-25,2024,2,25,6,일,1,0,0,0,0,17.0,16.0,8.0,7.0,14485,3260,1883,6716,6846,7639,10883,1658,451,1096,397,3602,2024,문화재청_궁능원_관람객_수_현황(2024년).csv
2024-02-26,2024,2,26,0,월,0,0,0,3,0,17.0,16.0,8.0,7.0,12787,0,0,0,5272,7515,7187,2203,601,1419,1377,5600,2024,문화재청_궁능원_관람객_수_현황(2024년).csv
2024-02-27,2024,2,27,1,화,0,1,1,0,0,17.0,16.0,8.0,7.0,0,4405,2058,11960,0,0,0,0,0,0,0,0,2024,문화재청_궁능원_관람객_수_현황(2024년).csv
2024-02-28,2024,2,28,2,수,0,0,0,0,0,17.0,16.0,8.0,7.0,27058,6258,7428,13829,0,27058,17011,2446,1440,3171,2990,10047,2024,문화재청_궁능원_관람객_수_현황(2024년).csv
2024-02-29,2024,2,29,3,목,0,0,0,0,0,17.0,16.0,8.0,7.0,11553,2889,1565,10725,4680,6873,7584,2915,313,372,369,3969,2024,문화재청_궁능원_관람객_수_현황(2024년).csv
2024-03-01,2024,3,1,4,금,0,0,0,0,1,18.0,17.0,9.0,8.0,17072,3777,2171,8944,8591,8481,13763,1176,440,1278,415,3309,2024,문화재청_궁능원_관람객_수_현황(2024년).csv
2024-03-02,2024,3,2,5,토,1,0,0,0,0,18.0,17.0,9.0,8.0,19074,3691,2021,8118,9581,9493,12247,3250,488,1679,1410,6827,2024,문화재청_궁능원_관람객_수_현황(2024년).csv
2024-03-03,2024,3,3,6,일,1,0,0,0,0,18.0,17.0,9.0,8.0,12730,3313,1704,5828,5977,6753,9491,1614,618,555,452,3239,2024,문화재청_궁능원_관람객_수_현황(2024년).csv
2024-03-04,2024,3,4,0,월,0,0,0,3,0,18.0,17.0,9.0,8.0,9414,0,0,0,4128,5286,6360,1665,292,618,479,3054,2024,문화재청_궁능원_관람객_수_현황(2024년).csv
2024-03-05,2024,3,5,1,화,0,1,1,0,0,18.0,17.0,9.0,8.0,0,2733,1156,8777,0,0,0,0,0,0,0,0,2024,문화재청_궁능원_관람객_수_현황(2024년).csv
2024-03-06,2024,3,6,2,수,0,0,0,0,0,18.0,17.0,9.0,8.0,12435,2463,1343,8702,5195,7240,8933,2007,702,546,247,3502,2024,문화재청_궁능원_관람객_수_현황(2024년).csv
2024-03-07,2024,3,7,3,목,0,0,0,0,0,18.0,17.0,9.0,8.0,10659,1681,894,6435,4558,6101,3440,2337,763,1838,2281,7219,2024,문화재청_궁능원_관람객_수_현황(2024년).csv
2024-03-08,2024,3,8,4,금,0,0,0,0,0,18.0,17.0,9.0,8.0,12141,2607,1153,7650,5865,6276,8706,1591,613,927,304,3435,2024,문화재청_궁능원_관람객_수_현황(2024년).csv
2024-03-09,2024,3,9,5,토,1,0,0,0,0,18.0,17.0,9.0,8.0,19015,4785,2787,10490,9480,9535,13530,3295,863,841,486,5485,2024,문화재청_궁능원_관람객_수_현황(2024년).csv
2024-03-10,2024,3,10,6,일,1,0,0,0,0,18.0,17.0,9.0,8.0,17472,4808,2878,8120,8448,9024,12772,2371,868,651,810,4700,2024,문화재청_궁능원_관람객_수_현황(2024년).csv
2024-03-11,2024,3,11,0,월,0,0,0,3,0,18.0,17.0,9.0,8.0,12591,0,0,0,6031,6560,6980,2533,671,1132,1275,5611,2024,문화재청_궁능원_관람객_수_현황(2024년).csv
2024-03-12,2024,3,12,1,화,0,1,1,0,0,18.0,17.0,9.0,8.0,0,3546,1290,8225,0,0,0,0,0,0,0,0,2024,문화재청_궁능원_관람객_수_현황(2024년).csv
2024-03-13,2024,3,13,2,수,0,0,0,0,0,18.0,17.0,9.0,8.0,15647,4038,1792,7477,7559,8088,10828,2620,821,1143,235,4819,2024,문화재청_궁능원_관람객_수_현황(2024년).csv
2024-03-14,2024,3,14,3,목,0,0,0,0,0,18.0,17.0,9.0,8.0,14501,3877,1963,9820,6169,8332,11365,1814,520,477,325,3136,2024,문화재청_궁능원_관람객_수_현황(2024년).csv
2024-03-15,2024,3,15,4,금,0,0,0,0,0,18.0,17.0,9.0,8.0,13959,4942,2236,10379,6588,7371,7681,3025,666,1887,700,6278,2024,문화재청_궁능원_관람객_수_현황(2024년).csv
2024-03-16,2024,3,16,5,토,1,0,0,0,0,18.0,17.0,9.0,8.0,25250,9758,5382,14133,12165,13085,19970,3042,870,1019,349,5280,2024,문화재청_궁능원_관람객_수_현황(2024년).csv
2024-03-17,2024,3,17,6,일,1,0,0,0,0,18.0,17.0,9.0,8.0,19042,6705,3638,7724,9023,10019,14171,2723,1007,583,558,4871,2024,문화재청_궁능원_관람객_수_현황(2024년).csv
2024-03-18,2024,3,18,0,월,0,0,0,3,0,18.0,17.0,9.0,8.0,17943,0,0,0,8521,9422,12992,3097,881,584,389,4951,2024,문화재청_궁능원_관람객_수_현황(2024년).csv
2024-03-19,2024,3,19,1,화,0,1,1,0,0,18.0,17.0,9.0,8.0,0,5166,1711,7882,0,0,0,0,0,0,0,0,2024,문화재청_궁능원_관람객_수_현황(2024년).csv
2024-03-20,2024,3,20,2,수,0,0,0,0,0,18.0,17.0,9.0,8.0,18843,4634,1967,8518,9050,9793,13173,3897,741,579,453,5670,2024,문화재청_궁능원_관람객_수_현황(2024년).csv
2024-03-21,2024,3,21,3,목,0,0,0,0,0,18.0,17.0,9.0,8.0,17196,5466,2235,9495,7995,9201,11868,2645,863,931,889,5328,2024,문화재청_궁능원_관람객_수_현황(2024년).csv
2024-03-22,2024,3,22,4,금,0,0,0,0,0,18.0,17.0,9.0,8.0,15852,5233,1870,9340,7151,8701,11547,2687,800,600,218,4305,2024,문화재청_궁능원_관람객_수_현황(2024년).csv
2024-03-23,2024,3,23,5,토,1,0,0,0,0,18.0,17.0,9.0,8.0,31041,12400,7108,15409,14334,16707,23523,4800,925,881,912,7518,2024,문화재청_궁능원_관람객_수_현황(2024년).csv
2024-03-24,2024,3,24,6,일,1,0,0,0,0,18.0,17.0,9.0,8.0,26038,12952,7462,10630,12350,13688,15945,5285,2179,2277,352,10093,2024,문화재청_궁능원_관람객_수_현황(2024년).csv
2024-03-25,2024,3,25,0,월,0,0,0,3,0,18.0,17.0,9.0,8.0,18380,0,0,0,8399,9981,12229,3802,997,652,700,6151,2024,문화재청_궁능원_관람객_수_현황(2024년).csv
2024-03-26,2024,3,26,1,화,0,1,1,0,0,18.0,17.0,9.0,8.0,0,7916,3480,11680,0,0,0,0,0,0,0,0,2024,문화재청_궁능원_관람객_수_현황(2024년).csv
2024-03-27,2024,3,27,2,수,0,0,0,0,0,18.0,17.0,9.0,8.0,52706,16020,13910,20708,0,52706,23911,6326,3950,9592,8927,28795,2024,문화재청_궁능원_관람객_수_현황(2024년).csv
2024-03-28,2024,3,28,3,목,0,0,0,0,0,18.0,17.0,9.0,8.0,15928,5123,2215,7488,7363,8565,10167,2949,718,1532,562,5761,2024,문화재청_궁능원_관람객_수_현황(2024년).csv
2024-03-29,2024,3,29,4,금,0,0,0,0,0,18.0,17.0,9.0,8.0,16598,6330,2939,6574,7383,9215,10953,3828,770,549,498,5645,2024,문화재청_궁능원_관람객_수_현황(2024년).csv
2024-03-30,2024,3,30,5,토,1,0,0,0,0,18.0,17.0,9.0,8.0,29031,16108,11146,14812,14130,14901,15171,9978,920,1645,1317,13860,2024,문화재청_궁능원_관람객_수_현황(2024년).csv
2024-03-31,2024,3,31,6,일,1,0,0,0,0,18.0,17.0,9.0,8.0,28477,17384,11452,13715,13846,14631,21476,4560,829,1041,571,7001,2024,문화재청_궁능원_관람객_수_현황(2024년).csv
2024-04-01,2024,4,1,0,월,0,0,0,3,0,18.0,17.0,9.0,8.0,24656,0,0,0,10930,13726,16406,5127,602,1619,902,8250,2024,문화재청_궁능원_관람객_수_현황(2024년).csv
2024-04-02,2024,4,2,1,화,0,1,1,0,0,18.0,17.0,9.0,8.0,0,14639,8603,17680,0,0,0,0,0,0,0,0,2024,문화재청_궁능원_관람객_수_현황(2024년).csv
2024-04-03,2024,4,3,2,수,0,0,0,0,0,18.0,17.0,9.0,8.0,26626,8984,4786,12436,9718,16908,20754,3232,522,1458,660,5872,2024,문화재청_궁능원_관람객_수_현황(2024년).csv
2024-04-04,2024,4,4,3,목,0,0,0,0,0,18.0,17.0,9.0,8.0,25845,9742,6899,18580,9661,16184,19826,3175,369,1935,540,6019,2024,문화재청_궁능원_관람객_수_현황(2024년).csv
2024-04-05,2024,4,5,4,금,0,0,0,0,0,18.0,17.0,9.0,8.0,25298,12114,7977,18297,11464,13834,18410,3720,479,2084,605,6888,2024,문화재청_궁능원_관람객_수_현황(2024년).csv
2024-04-06,2024,4,6,5,토,1,0,0,0,0,18.0,17.0,9.0,8.0,33919,17098,14396,24667,16160,17759,23690,5276,1445,2016,1492,10229,2024,문화재청_궁능원_관람객_수_현황(2024년).csv
2024-04-07,2024,4,7,6,일,1,0,0,0,0,18.0,17.0,9.0,8.0,31583,14868,11431,17012,14287,17296,21257,5152,1296,2405,1473,10326,2024,문화재청_궁능원_관람객_수_현황(2024년).csv
2024-04-08,2024,4,8,0,월,0,0,0,3,0,18.0,17.0,9.0,8.0,22191,0,0,0,10251,11940,10791,6375,308,1533,3184,11400,2024,문화재청_궁능원_관람객_수_현황(2024년).csv
2024-04-09,2024,4,9,1,화,0,1,1,0,0,18.0,17.0,9.0,8.0,0,11131,6747,18763,0,0,0,0,0,0,0,0,2024,문화재청_궁능원_관람객_수_현황(2024년).csv
2024-04-10,2024,4,10,2,수,0,0,0,0,1,18.0,17.0,9.0,8.0,35774,13225,9168,15940,15962,19812,29862,4656,225,657,374,5912,2024,문화재청_궁능원_관람객_수_현황(2024년).csv
2024-04-11,2024,4,11,3,목,0,0,0,0,0,18.0,17.0,9.0,8.0,18766,6490,3759,12814,7700,11066,14448,3156,213,815,134,4318,2024,문화재청_궁능원_관람객_수_현황(2024년).csv
2024-04-12,2024,4,12,4,금,0,0,0,0,0,18.0,17.0,9.0,8.0,22551,7370,4393,14564,9801,12750,13350,3371,1275,2107,2448,9201,2024,문화재청_궁능원_관람객_수_현황(2024년).csv
2024-04-13,2024,4,13,5,토,1,0,0,0,0,18.0,17.0,9.0,8.0,30701,11413,7520,15316,14714,15987,18286,2777,397,549,8692,12415,2024,문화재청_궁능원_관람객_수_현황(2024년).csv
2024-04-14,2024,4,14,6,일,1,0,0,0,0,18.0,17.0,9.0,8.0,25173,8366,5491,9697,11597,13576,20375,3248,444,686,420,4798,2024,문화재청_궁능원_관람객_수_현황(2024년).csv
2024-04-15,2024,4,15,0,월,0,0,0,3,0,18.0,17.0,9.0,8.0,11128,0,0,0,5163,5965,5361,4115,544,429,679,5767,2024,문화재청_궁능원_관람객_수_현황(2024년).csv
2024-04-16,2024,4,16,1,화,0,1,1,0,0,18.0,17.0,9.0,8.0,0,8641,3277,13836,0,0,0,0,0,0,0,0,2024,문화재청_궁능원_관람객_수_현황(2024년).csv
2024-04-17,2024,4,17,2,수,0,0,0,0,0,18.0,17.0,9.0,8.0,28446,5832,2995,13360,10465,17981,23497,3717,300,789,143,4949,2024,문화재청_궁능원_관람객_수_현황(2024년).csv
2024-04-18,2024,4,18,3,목,0,0,0,0,0,18.0,17.0,9.0,8.0,21079,6693,3354,11585,7980,13099,17699,2639,229,459,53,3380,2024,문화재청_궁능원_관람객_수_현황(2024년).csv
2024-04-19,2024,4,19,4,금,0,0,0,0,0,18.0,17.0,9.0,8.0,20643,6514,3521,13279,8792,11851,15483,2610,355,1549,646,5160,2024,문화재청_궁능원_관람객_수_현황(2024년).csv
2024-04-20,2024,4,20,5,토,1,0,0,0,0,18.0,17.0,9.0,8.0,18104,5682,2947,8507,9072,9032,14211,2281,364,1138,110,3893,2024,문화재청_궁능원_관람객_수_현황(2024년).csv
2024-04-21,2024,4,21,6,일,1,0,0,0,0,18.0,17.0,9.0,8.0,25753,8045,4457,10178,11885,13868,21327,2850,410,654,512,4426,2024,문화재청_궁능원_관람객_수_현황(2024년).csv
2024-04-22,2024,4,22,0,월,0,0,0,3,0,18.0,17.0,9.0,8.0,22271,0,0,0,7909,14362,17824,3198,287,532,430,4447,2024,문화재청_궁능원_관람객_수_현황(2024년).csv
2024-04-23,2024,4,23,1,화,0,1,1,0,0,18.0,17.0,9.0,8.0,0,8908,3680,15277,0,0,0,0,0,0,0,0,2024,문화재청_궁능원_관람객_수_현황(2024년).csv
2024-04-24,2024,4,24,2,수,0,0,0,0,0,18.0,17.0,9.0,8.0,39502,7441,5468,15574,0,39502,17230,4005,1698,11616,4953,22272,2024,문화재청_궁능원_관람객_수_현황(2024년).csv
2024-04-25,2024,4,25,3,목,0,0,0,0,0,18.0,17.0,9.0,8.0,22121,6398,3112,13350,8224,13897,17744,2871,383,751,372,4377,2024,문화재청_궁능원_관람객_수_현황(2024년).csv
2024-04-26,2024,4,26,4,금,0,0,0,0,0,18.0,17.0,9.0,8.0,18866,6106,3843,14447,7830,11036,15302,2320,473,572,199,3564,2024,문화재청_궁능원_관람객_수_현황(2024년).csv
2024-04-27,2024,4,27,5,토,1,0,0,0,0,18.0,17.0,9.0,8.0,27211,9077,6432,16948,13222,13989,18723,4742,1572,1874,300,8488,2024,문화재청_궁능원_관람객_수_현황(2024년).csv
2024-04-28,2024,4,28,6,일,1,0,0,0,0,18.0,17.0,9.0,8.0,23381,8076,4603,10257,11185,12196,14395,2830,2057,1463,2636,8986,2024,문화재청_궁능원_관람객_수_현황(2024년).csv
2024-04-29,2024,4,29,0,월,0,0,0,0,0,18.0,17.0,9.0,8.0,19971,2431,994,4677,9379,10592,10833,4419,1594,1872,1253,9138,2024,문화재청_궁능원_관람객_수_현황(2024년).csv
2024-04-30,2024,4,30,1,화,0,1,0,0,0,18.0,17.0,9.0,8.0,6514,7818,3955,13930,3671,2843,4471,954,323,571,195,2043,2024,문화재청_궁능원_관람객_수_현황(2024년).csv
2024-05-01,2024,5,1,2,수,0,0,0,0,0,18.0,17.0,9.0,8.0,35139,8915,6111,14779,13619,21520,23203,5822,1719,2533,1862,11936,2024,문화재청_궁능원_관람객_수_현황(2024년).csv
2024-05-02,2024,5,2,3,목,0,0,0,0,0,18.0,17.0,9.0,8.0,21408,6526,3849,13951,10153,11255,12743,3820,1520,3108,217,8665,2024,문화재청_궁능원_관람객_수_현황(2024년).csv
2024-05-03,2024,5,3,4,금,0,0,0,0,0,18.0,17.0,9.0,8.0,22938,7051,3986,13776,8992,13946,14040,3058,1845,2741,1254,8898,2024,문화재청_궁능원_관람객_수_현황(2024년).csv
2024-05-04,2024,5,4,5,토,1,0,0,0,0,18.0,17.0,9.0,8.0,33255,9860,7313,16913,15575,17680,27368,2569,1535,1691,92,5887,2024,문화재청_궁능원_관람객_수_현황(2024년).csv
2024-05-05,2024,5,5,6,일,1,0,0,0,1,18.0,17.0,9.0,8.0,10184,3660,1663,4357,4485,5699,6515,1943,370,474,882,3669,2024,문화재청_궁능원_관람객_수_현황(2024년).csv
2024-05-06,2024,5,6,0,월,0,0,0,0,1,18.0,17.0,9.0,8.0,13416,3675,1384,5201,6565,6851,6268,3485,785,1450,1428,7148,2024,문화재청_궁능원_관람객_수_현황(2024년).csv
2024-05-07,2024,5,7,1,화,0,1,1,3,0,18.0,17.0,9.0,8.0,0,0,0,0,0,0,0,0,0,0,0,0,2024,문화재청_궁능원_관람객_수_현황(2024년).csv
2024-05-08,2024,5,8,2,수,0,0,0,0,0,18.0,17.0,9.0,8.0,31183,6537,3537,15499,10803,20380,20607,5801,1271,2017,1487,10576,2024,문화재청_궁능원_관람객_수_현황(2024년).csv
2024-05-09,2024,5,9,3,목,0,0,0,0,0,18.0,17.0,9.0,8.0,22613,6095,4014,14250,9939,12674,16330,3785,1163,1274,61,6283,2024,문화재청_궁능원_관람객_수_현황(2024년).csv
2024-05-10,2024,5,10,4,금,0,0,0,0,0,18.0,17.0,9.0,8.0,25860,9357,3746,15107,10264,15596,21636,2796,306,402,720,4224,2024,문화재청_궁능원_관람객_수_현황(2024년).csv
2024-05-11,2024,5,11,5,토,1,0,0,0,0,18.0,17.0,9.0,8.0,19747,5078,2331,8585,11088,8659,13283,3089,359,1625,1391,6464,2024,문화재청_궁능원_관람객_수_현황(2024년).csv
2024-05-12,2024,5,12,6,일,1,0,0,0,0,18.0,17.0,9.0,8.0,29257,8007,4610,14476,14524,14733,19156,4846,1475,2138,1642,10101,2024,문화재청_궁능원_관람객_수_현황(2024년).csv
2024-05-13,2024,5,13,0,월,0,0,0,3,0,18.0,17.0,9.0,8.0,18144,0,0,0,7574,10570,10019,3812,1341,1672,1300,8125,2024,문화재청_궁능원_관람객_수_현황(2024년).csv
2024-05-14,2024,5,14,1,화,0,1,1,0,0,18.0,17.0,9.0,8.0,0,8830,5036,16211,0,0,0,0,0,0,0,0,2024,문화재청_궁능원_관람객_수_현황(2024년).csv
2024-05-15,2024,5,15,2,수,0,0,0,0,1,18.0,17.0,9.0,8.0,24856,5773,3004,9073,2610,22246,17794,2776,1242,2969,75,7062,2024,문화재청_궁능원_관람객_수_현황(2024년).csv
2024-05-16,2024,5,16,3,목,0,0,0,0,0,18.0,17.0,9.0,8.0,34272,7939,5819,18348,3220,31052,20641,3574,3229,3544,3284,13631,2024,문화재청_궁능원_관람객_수_현황(2024년).csv
2024-05-17,2024,5,17,4,금,0,0,0,0,0,18.0,17.0,9.0,8.0,30634,11292,6810,19496,0,30634,18632,3800,1735,3238,3229,12002,2024,문화재청_궁능원_관람객_수_현황(2024년).csv
2024-05-18,2024,5,18,5,토,1,0,0,0,0,18.0,17.0,9.0,8.0,50579,10874,12319,24260,0,50579,34751,5222,1570,3958,5078,15828,2024,문화재청_궁능원_관람객_수_현황(2024년).csv
2024-05-19,2024,5,19,6,일,1,0,0,0,0,18.0,17.0,9.0,8.0,40029,9810,9372,16545,0,40029,24076,3026,2010,5365,5552,15953,2024,문화재청_궁능원_관람객_수_현황(2024년).csv
2024-05-20,2024,5,20,0,월,0,0,0,3,0,18.0,17.0,9.0,8.0,19378,0,0,0,7522,11856,14402,3045,477,703,751,4976,2024,문화재청_궁능원_관람객_수_현황(2024년).csv
2024-05-21,2024,5,21,1,화,0,1,1,0,0,18.0,17.0,9.0,8.0,0,7080,2754,12895,0,0,0,0,0,0,0,0,2024,문화재청_궁능원_관람객_수_현황(2024년).csv
2024-05-22,2024,5,22,2,수,0,0,0,0,0,18.0,17.0,9.0,8.0,29253,5559,3144,12817,11476,17777,16947,6336,1450,2635,1885,12306,2024,문화재청_궁능원_관람객_수_현황(2024년).csv
2024-05-23,2024,5,23,3,목,0,0,0,0,0,18.0,17.0,9.0,8.0,24316,5336,457,13552,10097,14219,15731,3326,1514,2148,1597,8585,2024,문화재청_궁능원_관람객_수_현황(2024년).csv
2024-05-24,2024,5,24,4,금,0,0,0,0,0,18.0,17.0,9.0,8.0,27947,6037,3297,19209,11555,16392,17508,4160,2031,2129,2119,10439,2024,문화재청_궁능원_관람객_수_현황(2024년).csv
2024-05-25,2024,5,25,5,토,1,0,0,0,0,18.0,17.0,9.0,8.0,29328,8086,5546,22758,16317,13011,24182,2714,632,704,1096,5146,2024,문화재청_궁능원_관람객_수_현황(2024년).csv
2024-05-26,2024,5,26,6,일,1,0,0,0,0,18.0,17.0,9.0,8.0,19874,4970,2243,6846,11121,8753,16989,1872,370,405,238,2885,2024,문화재청_궁능원_관람객_수_현황(2024년).csv
2024-05-27,2024,5,27,0,월,0,0,0,3,0,18.0,17.0,9.0,8.0,20479,0,0,0,8410,12069,15318,2764,499,1082,816,5161,2024,문화재청_궁능원_관람객_수_현황(2024년).csv
2024-05-28,2024,5,28,1,화,0,1,1,0,0,18.0,17.0,9.0,8.0,0,5721,3569,14782,0,0,0,0,0,0,0,0,2024,문화재청_궁능원_관람객_수_현황(2024년).csv
2024-05-29,2024,5,29,2,수,0,0,0,0,0,18.0,17.0,9.0,8.0,50560,9167,6554,19402,3299,47261,31381,5384,2136,5617,6042,19179,2024,문화재청_궁능원_관람객_수_현황(2024년).csv
2024-05-30,2024,5,30,3,목,0,0,0,0,0,18.0,17.0,9.0,8.0,23060,4655,2840,14100,10317,12743,19332,2059,294,509,866,3728,2024,문화재청_궁능원_관람객_수_현황(2024년).csv
2024-05-31,2024,5,31,4,금,0,0,0,0,0,18.0,17.0,9.0,8.0,19896,4749,2437,13472,10363,9533,16471,2087,430,470,438,3425,2024,문화재청_궁능원_관람객_수_현황(2024년).csv
2024-06-01,2024,6,1,5,토,1,0,0,0,0,18.5,17.5,9.5,8.5,30849,6993,5026,11078,15356,15493,26071,2722,513,725,818,4778,2024,문화재청_궁능원_관람객_수_현황(2024년).csv
2024-06-02,2024,6,2,6,일,1,0,0,0,0,18.5,17.5,9.5,8.5,23973,5847,3358,9875,13016,10957,19227,3552,485,388,321,4746,2024,문화재청_궁능원_관람객_수_현황(2024년).csv
2024-06-03,2024,6,3,0,월,0,0,0,3,0,18.5,17.5,9.5,8.5,18625,0,0,0,6101,12524,14179,2604,363,1033,446,4446,2024,문화재청_궁능원_관람객_수_현황(2024년).csv
2024-06-04,2024,6,4,1,화,0,1,1,0,0,18.5,17.5,9.5,8.5,0,6390,2758,11284,0,0,0,0,0,0,0,0,2024,문화재청_궁능원_관람객_수_현황(2024년).csv
2024-06-05,2024,6,5,2,수,0,0,0,0,0,18.5,17.5,9.5,8.5,16189,3833,1936,11182,6789,9400,7137,5316,549,1668,1519,9052,2024,문화재청_궁능원_관람객_수_현황(2024년).csv
2024-06-06,2024,6,6,3,목,0,0,0,0,1,18.5,17.5,9.5,8.5,27513,7596,5032,14154,12679,14834,19639,3949,1307,2236,382,7874,2024,문화재청_궁능원_관람객_수_현황(2024년).csv
2024-06-07,2024,6,7,4,금,0,0,0,0,0,18.5,17.5,9.5,8.5,23968,5759,3484,13522,10726,13242,20339,1857,509,1131,132,3629,2024,문화재청_궁능원_관람객_수_현황(2024년).csv
2024-06-08,2024,6,8,5,토,1,0,0,0,0,18.5,17.5,9.5,8.5,18354,4960,3554,11924,10110,8244,15412,1624,360,773,185,2942,2024,문화재청_궁능원_관람객_수_현황(2024년).csv
2024-06-09,2024,6,9,6,일,1,0,0,0,0,18.5,17.5,9.5,8.5,23883,5323,3225,8331,11086,12797,18225,3216,564,1253,625,5658,2024,문화재청_궁능원_관람객_수_현황(2024년).csv
2024-06-10,2024,6,10,0,월,0,0,0,3,0,18.5,17.5,9.5,8.5,15684,0,0,0,6664,9020,11461,2458,364,659,742,4223,2024,문화재청_궁능원_관람객_수_현황(2024년).csv
2024-06-11,2024,6,11,1,화,0,1,1,0,0,18.5,17.5,9.5,8.5,0,5782,1928,8814,0,0,0,0,0,0,0,0,2024,문화재청_궁능원_관람객_수_현황(2024년).csv
2024-06-12,2024,6,12,2,수,0,0,0,0,0,18.5,17.5,9.5,8.5,17286,3737,1634,9216,6817,10469,8444,3380,1486,2262,1714,8842,2024,문화재청_궁능원_관람객_수_현황(2024년).csv
2024-06-13,2024,6,13,3,목,0,0,0,0,0,18.5,17.5,9.5,8.5,13809,3267,1472,7458,6156,7653,10005,2491,342,578,393,3804,2024,문화재청_궁능원_관람객_수_현황(2024년).csv
2024-06-14,2024,6,14,4,금,0,0,0,0,0,18.5,17.5,9.5,8.5,16234,3884,1815,9042,7072,9162,12380,2240,691,573,350,3854,2024,문화재청_궁능원_관람객_수_현황(2024년).csv
2024-06-15,2024,6,15,5,토,1,0,0,0,0,18.5,17.5,9.5,8.5,20510,5392,3120,10586,10532,9978,15485,2667,622,1265,471,5025,2024,문화재청_궁능원_관람객_수_현황(2024년).csv
2024-06-16,2024,6,16,6,일,1,0,0,0,0,18.5,17.5,9.5,8.5,19187,5893,2544,7456,9056,10131,15302,2504,508,507,366,3885,2024,문화재청_궁능원_관람객_수_현황(2024년).csv
2024-06-17,2024,6,17,0,월,0,0,0,3,0,18.5,17.5,9.5,8.5,18281,0,0,0,7419,10862,14091,2568,494,607,521,4190,2024,문화재청_궁능원_관람객_수_현황(2024년).csv
2024-06-18,2024,6,18,1,화,0,1,1,0,0,18.5,17.5,9.5,8.5,0,5483,1859,7638,0,0,0,0,0,0,0,0,2024,문화재청_궁능원_관람객_수_현황(2024년).csv
2024-06-19,2024,6,19,2,수,0,0,0,0,0,18.5,17.5,9.5,8.5,16929,3042,1236,6510,6818,10111,12902,2689,485,580,273,4027,2024,문화재청_궁능원_관람객_수_현황(2024년).csv
2024-06-20,2024,6,20,3,목,0,0,0,0,0,18.5,17.5,9.5,8.5,13611,2817,1187,6303,6567,7044,10149,2145,381,661,275,3462,2024,문화재청_궁능원_관람객_수_현황(2024년).csv
2024-06-21,2024,6,21,4,금,0,0,0,0,0,18.5,17.5,9.5,8.5,13637,3703,1377,6957,6500,7137,9572,2241,597,807,420,4065,2024,문화재청_궁능원_관람객_수_현황(2024년).csv
2024-06-22,2024,6,22,5,토,1,0,0,0,0,18.5,17.5,9.5,8.5,12736,3131,1932,7189,7236,5500,9425,1613,501,986,211,3311,2024,문화재청_궁능원_관람객_수_현황(2024년).csv
2024-06-23,2024,6,23,6,일,1,0,0,0,0,18.5,17.5,9.5,8.5,20817,4870,2327,7152,10159,10658,15637,3169,610,916,485,5180,2024,문화재청_궁능원_관람객_수_현황(2024년).csv
2024-06-24,2024,6,24,0,월,0,0,0,3,0,18.5,17.5,9.5,8.5,15961,0,0,0,7597,8364,6637,4784,993,2164,1383,9324,2024,문화재청_궁능원_관람객_수_현황(2024년).csv
2024-06-25,2024,6,25,1,화,0,1,1,0,0,18.5,17.5,9.5,8.5,0,5938,2265,10664,0,0,0,0,0,0,0,0,2024,문화재청_궁능원_관람객_수_현황(2024년).csv
2024-06-26,2024,6,26,2,수,0,0,0,0,0,18.5,17.5,9.5,8.5,25110,5487,4512,12618,0,25110,11941,3564,1870,4259,3476,13169,2024,문화재청_궁능원_관람객_수_현황(2024년).csv
2024-06-27,2024,6,27,3,목,0,0,0,0,0,18.5,17.5,9.5,8.5,15243,3073,1501,9280,6870,8373,7422,3918,388,2075,1440,7821,2024,문화재청_궁능원_관람객_수_현황(2024년).csv
2024-06-28,2024,6,28,4,금,0,0,0,0,0,18.5,17.5,9.5,8.5,16272,3189,1545,7408,7223,9049,6786,2960,318,731,5477,9486,2024,문화재청_궁능원_관람객_수_현황(2024년).csv
2024-06-29,2024,6,29,5,토,1,0,0,0,0,18.5,17.5,9.5,8.5,20644,4691,2129,8681,9740,10904,9873,5965,1004,2337,1465,10771,2024,문화재청_궁능원_관람객_수_현황(2024년).csv
2024-06-30,2024,6,30,6,일,1,0,0,0,0,18.5,17.5,9.5,8.5,13585,3444,1733,5607,6744,6841,9924,1945,329,806,581,3661,2024,문화재청_궁능원_관람객_수_현황(2024년).csv
2024-07-01,2024,7,1,0,월,0,0,0,3,0,18.5,17.5,9.5,8.5,13842,0,0,0,6285,7557,9509,2104,278,1311,640,4333,2024,문화재청_궁능원_관람객_수_현황(2024년).csv
2024-07-02,2024,7,2,1,화,0,1,1,0,0,18.5,17.5,9.5,8.5,0,1492,509,2617,0,0,0,0,0,0,0,0,2024,문화재청_궁능원_관람객_수_현황(2024년).csv
2024-07-03,2024,7,3,2,수,0,0,0,0,0,18.5,17.5,9.5,8.5,18454,3648,1692,16106,8555,9899,7012,5163,382,3255,2642,11442,2024,문화재청_궁능원_관람객_수_현황(2024년).csv
2024-07-04,2024,7,4,3,목,0,0,0,0,0,18.5,17.5,9.5,8.5,12915,2823,1179,7298,5864,7051,9385,1851,216,1076,387,3530,2024,문화재청_궁능원_관람객_수_현황(2024년).csv
2024-07-05,2024,7,5,4,금,0,0,0,0,0,18.5,17.5,9.5,8.5,13993,4171,1571,9251,6504,7489,10575,1933,388,876,221,3418,2024,문화재청_궁능원_관람객_수_현황(2024년).csv
2024-07-06,2024,7,6,5,토,1,0,0,0,0,18.5,17.5,9.5,8.5,15095,3407,1904,8214,7281,7814,11462,1996,387,848,402,3633,2024,문화재청_궁능원_관람객_수_현황(2024년).csv
2024-07-07,2024,7,7,6,일,1,0,0,0,0,18.5,17.5,9.5,8.5,19394,3965,2053,6676,7961,11433,14947,2641,402,961,443,4447,2024,문화재청_궁능원_관람객_수_현황(2024년).csv
2024-07-08,2024,7,8,0,월,0,0,0,3,0,18.5,17.5,9.5,8.5,9361,0,0,0,5604,3757,6788,1077,261,693,542,2573,2024,문화재청_궁능원_관람객_수_현황(2024년).csv
2024-07-09,2024,7,9,1,화,0,1,1,0,0,18.5,17.5,9.5,8.5,0,4100,1495,8338,0,0,0,0,0,0,0,0,2024,문화재청_궁능원_관람객_수_현황(2024년).csv
2024-07-10,2024,7,10,2,수,0,0,0,0,0,18.5,17.5,9.5,8.5,13465,2681,1117,7415,6629,6836,6009,4758,320,904,1474,7456,2024,문화재청_궁능원_관람객_수_현황(2024년).csv
2024-07-11,2024,7,11,3,목,0,0,0,0,0,18.5,17.5,9.5,8.5,12726,2700,1279,7325,5892,6834,9181,1992,277,901,375,3545,2024,문화재청_궁능원_관람객_수_현황(2024년).csv
2024-07-12,2024,7,12,4,금,0,0,0,0,0,18.5,17.5,9.5,8.5,13080,2637,1373,10596,6195,6885,8667,2487,427,914,585,4413,2024,문화재청_궁능원_관람객_수_현황(2024년).csv
2024-07-13,2024,7,13,5,토,1,0,0,0,0,18.5,17.5,9.5,8.5,17678,3686,2380,9173,8461,9217,12030,3646,608,1066,328,5648,2024,문화재청_궁능원_관람객_수_현황(2024년).csv
2024-07-14,2024,7,14,6,일,1,0,0,0,0,18.5,17.5,9.5,8.5,15213,3366,1759,6647,7478,7735,9162,2680,878,873,1620,6051,2024,문화재청_궁능원_관람객_수_현황(2024년).csv
2024-07-15,2024,7,15,0,월,0,0,0,3,0,18.5,17.5,9.5,8.5,23452,0,0,0,16471,6981,14261,1800,507,1234,5650,9191,2024,문화재청_궁능원_관람객_수_현황(2024년).csv
2024-07-16,2024,7,16,1,화,0,1,1,0,0,18.5,17.5,9.5,8.5,0,3673,1371,6791,0,0,0,0,0,0,0,0,2024,문화재청_궁능원_관람객_수_현황(2024년).csv
2024-07-17,2024,7,17,2,수,0,0,0,0,0,18.5,17.5,9.5,8.5,9962,1485,622,4948,5304,4658,6709,1635,147,1130,341,3253,2024,문화재청_궁능원_관람객_수_현황(2024년).csv
2024-07-18,2024,7,18,3,목,0,0,0,0,0,18.5,17.5,9.5,8.5,5353,811,439,2621,3079,2274,3487,968,144,556,198,1866,2024,문화재청_궁능원_관람객_수_현황(2024년).csv
2024-07-19,2024,7,19,4,금,0,0,0,0,0,18.5,17.5,9.5,8.5,16455,1980,1454,8158,7625,8830,11206,2588,318,1762,581,5249,2024,문화재청_궁능원_관람객_수_현황(2024년).csv
2024-07-20,2024,7,20,5,토,1,0,0,0,0,18.5,17.5,9.5,8.5,14819,3315,1694,8754,7483,7336,7533,3377,418,2105,1386,7286,2024,문화재청_궁능원_관람객_수_현황(2024년).csv
2024-07-21,2024,7,21,6,일,1,0,0,0,0,18.5,17.5,9.5,8.5,14510,3252,1556,6980,7011,7499,10644,2136,371,1022,337,3866,2024,문화재청_궁능원_관람객_수_현황(2024년).csv
2024-07-22,2024,7,22,0,월,0,0,0,3,0,18.5,17.5,9.5,8.5,17059,0,0,0,12532,4527,13707,1395,265,743,949,3352,2024,문화재청_궁능원_관람객_수_현황(2024년).csv
2024-07-23,2024,7,23,1,화,0,1,1,0,0,18.5,17.5,9.5,8.5,0,3416,1297,7092,0,0,0,0,0,0,0,0,2024,문화재청_궁능원_관람객_수_현황(2024년).csv
2024-07-24,2024,7,24,2,수,0,0,0,0,0,18.5,17.5,9.5,8.5,14628,2238,1098,7280,7055,7573,7237,2977,1329,2482,603,7391,2024,문화재청_궁능원_관람객_수_현황(2024년).csv
2024-07-25,2024,7,25,3,목,0,0,0,0,0,18.5,17.5,9.5,8.5,10952,1838,1054,6397,5638,5314,7470,1561,293,1297,331,3482,2024,문화재청_궁능원_관람객_수_현황(2024년).csv
2024-07-26,2024,7,26,4,금,0,0,0,0,0,18.5,17.5,9.5,8.5,10078,1868,900,6207,4669,5409,3871,2614,325,1910,1358,6207,2024,문화재청_궁능원_관람객_수_현황(2024년).csv
2024-07-27,2024,7,27,5,토,1,0,0,0,0,18.5,17.5,9.5,8.5,14201,2634,1294,7544,7142,7059,9855,2437,509,1045,355,4346,2024,문화재청_궁능원_관람객_수_현황(2024년).csv
2024-07-28,2024,7,28,6,일,1,0,0,0,0,18.5,17.5,9.5,8.5,16689,3546,2018,7761,8612,8077,12203,2044,490,1421,531,4486,2024,문화재청_궁능원_관람객_수_현황(2024년).csv
2024-07-29,2024,7,29,0,월,0,0,0,3,0,18.5,17.5,9.5,8.5,18592,0,0,0,9008,9584,13644,2079,593,1828,448,4948,2024,문화재청_궁능원_관람객_수_현황(2024년).csv
2024-07-30,2024,7,30,1,화,0,1,1,0,0,18.5,17.5,9.5,8.5,0,4992,2278,9953,0,0,0,0,0,0,0,0,2024,문화재청_궁능원_관람객_수_현황(2024년).csv
2024-07-31,2024,7,31,2,수,0,0,0,0,0,18.5,17.5,9.5,8.5,22925,4407,2816,13879,0,22925,10704,3077,1124,4241,3779,12221,2024,문화재청_궁능원_관람객_수_현황(2024년).csv
2024-08-01,2024,8,1,3,목,0,0,0,0,0,18.5,17.5,9.5,8.5,13712,3103,1600,9764,7200,6512,10065,1943,261,1008,435,3647,2024,문화재청_궁능원_관람객_수_현황(2024년).csv
2024-08-02,2024,8,2,4,금,0,0,0,0,0,18.5,17.5,9.5,8.5,13870,2940,1602,10102,7174,6696,10269,1983,349,857,412,3601,2024,문화재청_궁능원_관람객_수_현황(2024년).csv
2024-08-03,2024,8,3,5,토,1,0,0,0,0,18.5,17.5,9.5,8.5,14404,2884,1622,10881,7827,6577,8590,2988,395,1979,452,5814,2024,문화재청_궁능원_관람객_수_현황(2024년).csv
2024-08-04,2024,8,4,6,일,1,0,0,0,0,18.5,17.5,9.5,8.5,11101,2417,1124,7396,5916,5185,7626,1703,449,976,347,3475,2024,문화재청_궁능원_관람객_수_현황(2024년).csv
2024-08-05,2024,8,5,0,월,0,0,0,3,0,18.5,17.5,9.5,8.5,11612,0,0,0,5990,5622,7698,2200,438,993,283,3914,2024,문화재청_궁능원_관람객_수_현황(2024년).csv
2024-08-06,2024,8,6,1,화,0,1,1,0,0,18.5,17.5,9.5,8.5,0,3849,1650,6082,0,0,0,0,0,0,0,0,2024,문화재청_궁능원_관람객_수_현황(2024년).csv
2024-08-07,2024,8,7,2,수,0,0,0,0,0,18.5,17.5,9.5,8.5,13448,2099,1049,4888,7025,6423,9074,1829,499,1567,479,4374,2024,문화재청_궁능원_관람객_수_현황(2024년).csv
2024-08-08,2024,8,8,3,목,0,0,0,0,0,18.5,17.5,9.5,8.5,11455,2446,1407,5453,5838,5617,7612,1933,505,1161,244,3843,2024,문화재청_궁능원_관람객_수_현황(2024년).csv
2024-08-09,2024,8,9,4,금,0,0,0,0,0,18.5,17.5,9.5,8.5,12069,2574,1126,5894,6043,6026,8007,1950,557,1179,376,4062,2024,문화재청_궁능원_관람객_수_현황(2024년).csv
2024-08-10,2024,8,10,5,토,1,0,0,0,0,18.5,17.5,9.5,8.5,16180,2604,1736,7067,7834,8346,9339,3254,589,2690,308,6841,2024,문화재청_궁능원_관람객_수_현황(2024년).csv
2024-08-11,2024,8,11,6,일,1,0,0,0,0,18.5,17.5,9.5,8.5,13692,3519,1543,4571,7203,6489,9385,1898,971,1087,351,4307,2024,문화재청_궁능원_관람객_수_현황(2024년).csv
2024-08-12,2024,8,12,0,월,0,0,0,3,0,18.5,17.5,9.5,8.5,14560,0,0,0,7883,6677,9278,2230,1021,1886,145,5282,2024,문화재청_궁능원_관람객_수_현황(2024년).csv
2024-08-13,2024,8,13,1,화,0,1,1,0,0,18.5,17.5,9.5,8.5,0,4528,1456,5506,0,0,0,0,0,0,0,0,2024,문화재청_궁능원_관람객_수_현황(2024년).csv
2024-08-14,2024,8,14,2,수,0,0,0,0,0,18.5,17.5,9.5,8.5,16490,2612,959,4658,7449,9041,7324,4095,992,1226,2853,9166,2024,문화재청_궁능원_관람객_수_현황(2024년).csv
2024-08-15,2024,8,15,3,목,0,0,0,0,1,18.5,17.5,9.5,8.5,16392,3409,1923,6807,8334,8058,8105,4132,757,1241,2157,8287,2024,문화재청_궁능원_관람객_수_현황(2024년).csv
2024-08-16,2024,8,16,4,금,0,0,0,0,0,18.5,17.5,9.5,8.5,12584,2992,1418,5594,6636,5948,8156,1904,984,1055,485,4428,2024,문화재청_궁능원_관람객_수_현황(2024년).csv
2024-08-17,2024,8,17,5,토,1,0,0,0,0,18.5,17.5,9.5,8.5,14143,3264,1719,5846,7675,6468,9243,2505,738,1356,301,4900,2024,문화재청_궁능원_관람객_수_현황(2024년).csv
2024-08-18,2024,8,18,6,일,1,0,0,0,0,18.5,17.5,9.5,8.5,13228,3090,1344,4175,6635,6593,8766,2392,574,1257,239,4462,2024,문화재청_궁능원_관람객_수_현황(2024년).csv
2024-08-19,2024,8,19,0,월,0,0,0,3,0,18.5,17.5,9.5,8.5,12489,0,0,0,5268,7221,8699,1789,624,1152,225,3790,2024,문화재청_궁능원_관람객_수_현황(2024년).csv
2024-08-20,2024,8,20,1,화,0,1,1,0,0,18.5,17.5,9.5,8.5,0,4143,1419,4548,0,0,0,0,0,0,0,0,2024,문화재청_궁능원_관람객_수_현황(2024년).csv
2024-08-21,2024,8,21,2,수,0,0,0,0,0,18.5,17.5,9.5,8.5,10045,1747,711,3869,5166,4879,7036,1330,435,809,435,3009,2024,문화재청_궁능원_관람객_수_현황(2024년).csv
2024-08-22,2024,8,22,3,목,0,0,0,0,0,18.5,17.5,9.5,8.5,12590,2307,969,4518,6921,5669,8205,1932,702,1350,401,4385,2024,문화재청_궁능원_관람객_수_현황(2024년).csv
2024-08-23,2024,8,23,4,금,0,0,0,0,0,18.5,17.5,9.5,8.5,14444,2666,1200,6372,7131,7313,7302,3052,637,2106,1347,7142,2024,문화재청_궁능원_관람객_수_현황(2024년).csv
2024-08-24,2024,8,24,5,토,1,0,0,0,0,18.5,17.5,9.5,8.5,15746,3670,1891,5865,8316,7430,10616,2344,648,1621,517,5130,2024,문화재청_궁능원_관람객_수_현황(2024년).csv
2024-08-25,2024,8,25,6,일,1,0,0,0,0,18.5,17.5,9.5,8.5,14939,4610,1537,4814,7682,7257,10245,2307,690,1274,423,4694,2024,문화재청_궁능원_관람객_수_현황(2024년).csv
2024-08-26,2024,8,26,0,월,0,0,0,3,0,18.5,17.5,9.5,8.5,13581,0,0,0,6958,6623,9145,2259,688,1136,353,4436,2024,문화재청_궁능원_관람객_수_현황(2024년).csv
2024-08-27,2024,8,27,1,화,0,1,1,0,0,18.5,17.5,9.5,8.5,0,4730,1958,7476,0,0,0,0,0,0,0,0,2024,문화재청_궁능원_관람객_수_현황(2024년).csv
2024-08-28,2024,8,28,2,수,0,0,0,0,0,18.5,17.5,9.5,8.5,27010,4600,3747,8666,0,27010,10615,4648,2659,5330,3758,16395,2024,문화재청_궁능원_관람객_수_현황(2024년).csv
2024-08-29,2024,8,29,3,목,0,0,0,0,0,18.5,17.5,9.5,8.5,11738,2513,1109,5834,5688,6050,8209,1730,401,1120,278,3529,2024,문화재청_궁능원_관람객_수_현황(2024년).csv
2024-08-30,2024,8,30,4,금,0,0,0,0,0,18.5,17.5,9.5,8.5,10409,2257,1357,6848,5303,5106,7022,1849,405,851,282,3387,2024,문화재청_궁능원_관람객_수_현황(2024년).csv
2024-08-31,2024,8,31,5,토,1,0,0,0,0,18.5,17.5,9.5,8.5,14358,3810,2298,7983,7291,7067,10279,2124,502,1056,397,4079,2024,문화재청_궁능원_관람객_수_현황(2024년).csv
2024-09-01,2024,9,1,6,일,1,0,0,0,0,18.0,17.0,9.0,8.0,13043,3576,1881,6014,7305,5738,9405,2393,506,542,197,3638,2024,문화재청_궁능원_관람객_수_현황(2024년).csv
2024-09-02,2024,9,2,0,월,0,0,0,3,0,18.0,17.0,9.0,8.0,13324,0,0,0,6383,6941,9689,2391,422,565,257,3635,2024,문화재청_궁능원_관람객_수_현황(2024년).csv
2024-09-03,2024,9,3,1,화,0,1,1,0,0,18.0,17.0,9.0,8.0,0,5354,1959,8134,0,0,0,0,0,0,0,0,2024,문화재청_궁능원_관람객_수_현황(2024년).csv
2024-09-04,2024,9,4,2,수,0,0,0,0,0,18.0,17.0,9.0,8.0,19430,3247,1735,6453,7179,12251,15554,2309,700,623,244,3876,2024,문화재청_궁능원_관람객_수_현황(2024년).csv
2024-09-05,2024,9,5,3,목,0,0,0,0,0,18.0,17.0,9.0,8.0,12365,2900,1181,4785,5218,7147,7710,2579,407,567,1102,4655,2024,문화재청_궁능원_관람객_수_현황(2024년).csv
2024-09-06,2024,9,6,4,금,0,0,0,0,0,18.0,17.0,9.0,8.0,13897,3376,1903,6819,6164,7733,10705,1848,588,521,235,3192,2024,문화재청_궁능원_관람객_수_현황(2024년).csv
2024-09-07,2024,9,7,5,토,1,0,0,0,0,18.0,17.0,9.0,8.0,18588,5064,3079,10101,9854,8734,13375,2780,777,1389,267,5213,2024,문화재청_궁능원_관람객_수_현황(2024년).csv
2024-09-08,2024,9,8,6,일,1,0,0,0,0,18.0,17.0,9.0,8.0,17164,4765,2196,5981,8790,8374,11075,3416,732,599,1342,6089,2024,문화재청_궁능원_관람객_수_현황(2024년).csv
2024-09-09,2024,9,9,0,월,0,0,0,3,0,18.0,17.0,9.0,8.0,14333,0,0,0,6693,7640,10969,2115,617,417,215,3364,2024,문화재청_궁능원_관람객_수_현황(2024년).csv
2024-09-10,2024,9,10,1,화,0,1,1,0,0,18.0,17.0,9.0,8.0,0,5335,1921,6320,0,0,0,0,0,0,0,0,2024,문화재청_궁능원_관람객_수_현황(2024년).csv
2024-09-11,2024,9,11,2,수,0,0,0,0,0,18.0,17.0,9.0,8.0,17951,2784,1377,5416,8482,9469,14354,2163,694,394,346,3597,2024,문화재청_궁능원_관람객_수_현황(2024년).csv
2024-09-12,2024,9,12,3,목,0,0,0,0,0,18.0,17.0,9.0,8.0,12185,1741,921,5653,6446,5739,10099,1286,244,299,257,2086,2024,문화재청_궁능원_관람객_수_현황(2024년).csv
2024-09-13,2024,9,13,4,금,0,0,0,0,0,18.0,17.0,9.0,8.0,11638,1786,1195,4531,7102,4536,9188,1457,204,627,162,2450,2024,문화재청_궁능원_관람객_수_현황(2024년).csv
2024-09-14,2024,9,14,5,토,1,0,0,0,0,18.0,17.0,9.0,8.0,33611,7150,5517,10367,3300,30311,19593,3866,2192,3549,4411,14018,2024,문화재청_궁능원_관람객_수_현황(2024년).csv
2024-09-15,2024,9,15,6,일,1,0,0,0,0,18.0,17.0,9.0,8.0,59791,8397,9551,10084,3300,56491,34068,6482,3948,6937,8356,25723,2024,문화재청_궁능원_관람객_수_현황(2024년).csv
2024-09-16,2024,9,16,0,월,0,0,0,0,1,18.0,17.0,9.0,8.0,102612,13755,12513,11838,0,102612,55615,15923,6705,14749,9620,46997,2024,문화재청_궁능원_관람객_수_현황(2024년).csv
2024-09-17,2024,9,17,1,화,0,1,0,0,1,18.0,17.0,9.0,8.0,62255,14727,14332,13853,0,62255,35749,6804,3943,7052,8707,26506,2024,문화재청_궁능원_관람객_수_현황(2024년).csv
2024-09-18,2024,9,18,2,수,0,0,0,0,1,18.0,17.0,9.0,8.0,42417,10523,7998,9681,3300,39117,26013,5745,1761,3907,4991,16404,2024,문화재청_궁능원_관람객_수_현황(2024년).csv
2024-09-19,2024,9,19,3,목,0,0,1,3,0,18.0,17.0,9.0,8.0,0,0,0,0,0,0,0,0,0,0,0,0,2024,문화재청_궁능원_관람객_수_현황(2024년).csv
2024-09-20,2024,9,20,4,금,0,0,0,0,0,18.0,17.0,9.0,8.0,13257,2299,1332,4390,7381,5876,8908,2274,396,566,1113,4349,2024,문화재청_궁능원_관람객_수_현황(2024년).csv
2024-09-21,2024,9,21,5,토,1,0,0,0,0,18.0,17.0,9.0,8.0,18784,4803,3430,10495,11228,7556,15508,1750,593,704,229,3276,2024,문화재청_궁능원_관람객_수_현황(2024년).csv
2024-09-22,2024,9,22,6,일,1,0,0,0,0,18.0,17.0,9.0,8.0,28764,6532,4253,11312,14751,14013,23695,2827,1148,748,346,5069,2024,문화재청_궁능원_관람객_수_현황(2024년).csv
2024-09-23,2024,9,23,0,월,0,0,0,3,0,18.0,17.0,9.0,8.0,18393,0,0,0,7971,10422,10400,3107,809,1469,2608,7993,2024,문화재청_궁능원_관람객_수_현황(2024년).csv
2024-09-24,2024,9,24,1,화,0,1,1,0,0,18.0,17.0,9.0,8.0,0,5595,3636,13097,0,0,0,0,0,0,0,0,2024,문화재청_궁능원_관람객_수_현황(2024년).csv
2024-09-25,2024,9,25,2,수,0,0,0,0,0,18.0,17.0,9.0,8.0,39724,9035,10677,16022,3300,36424,24903,3713,1816,4740,4552,14821,2024,문화재청_궁능원_관람객_수_현황(2024년).csv
2024-09-26,2024,9,26,3,목,0,0,0,0,0,18.0,17.0,9.0,8.0,28245,4179,2392,10122,11239,17006,24190,2312,549,625,569,4055,2024,문화재청_궁능원_관람객_수_현황(2024년).csv
2024-09-27,2024,9,27,4,금,0,0,0,0,0,18.0,17.0,9.0,8.0,21978,5126,3270,12121,11597,10381,17479,2837,593,652,417,4499,2024,문화재청_궁능원_관람객_수_현황(2024년).csv
2024-09-28,2024,9,28,5,토,1,0,0,0,0,18.0,17.0,9.0,8.0,27888,7351,5695,18429,15632,12256,22914,2781,786,865,542,4974,2024,문화재청_궁능원_관람객_수_현황(2024년).csv
2024-09-29,2024,9,29,6,일,1,0,0,0,0,18.0,17.0,9.0,8.0,25736,6727,4647,14520,13956,11780,20874,2571,804,1102,385,4862,2024,문화재청_궁능원_관람객_수_현황(2024년).csv
2024-09-30,2024,9,30,0,월,0,0,0,3,0,18.0,17.0,9.0,8.0,22392,0,0,0,8685,13707,17865,2801,439,942,345,4527,2024,문화재청_궁능원_관람객_수_현황(2024년).csv
2024-10-01,2024,10,1,1,화,0,1,1,0,1,18.0,17.0,9.0,8.0,0,9411,6161,19241,0,0,0,0,0,0,0,0,2024,문화재청_궁능원_관람객_수_현황(2024년).csv
2024-10-02,2024,10,2,2,수,0,0,0,0,0,18.0,17.0,9.0,8.0,29129,6821,3859,12559,13752,15377,23697,2676,606,2005,145,5432,2024,문화재청_궁능원_관람객_수_현황(2024년).csv
2024-10-03,2024,10,3,3,목,0,0,0,0,1,18.0,17.0,9.0,8.0,44163,10555,8155,30489,21626,22537,33272,5727,1304,3473,387,10891,2024,문화재청_궁능원_관람객_수_현황(2024년).csv
2024-10-04,2024,10,4,4,금,0,0,0,0,0,18.0,17.0,9.0,8.0,34046,7337,4694,20169,15477,18569,21940,6433,510,4612,551,12106,2024,문화재청_궁능원_관람객_수_현황(2024년).csv
2024-10-05,2024,10,5,5,토,1,0,0,0,0,18.0,17.0,9.0,8.0,33141,8995,6952,22223,17421,15720,28387,2500,490,1204,560,4754,2024,문화재청_궁능원_관람객_수_현황(2024년).csv
2024-10-06,2024,10,6,6,일,1,0,0,0,0,18.0,17.0,9.0,8.0,24626,6125,3749,12129,13005,11621,19384,2526,577,1438,701,5242,2024,문화재청_궁능원_관람객_수_현황(2024년).csv
2024-10-07,2024,10,7,0,월,0,0,0,3,0,18.0,17.0,9.0,8.0,16672,0,0,0,7066,9606,12869,2419,343,784,257,3803,2024,문화재청_궁능원_관람객_수_현황(2024년).csv
2024-10-08,2024,10,8,1,화,0,1,1,0,0,18.0,17.0,9.0,8.0,0,10704,4465,17824,0,0,0,0,0,0,0,0,2024,문화재청_궁능원_관람객_수_현황(2024년).csv
2024-10-09,2024,10,9,2,수,0,0,0,0,1,18.0,17.0,9.0,8.0,34648,10466,8987,23427,14861,19787,29778,3287,513,538,532,4870,2024,문화재청_궁능원_관람객_수_현황(2024년).csv
2024-10-10,2024,10,10,3,목,0,0,0,0,0,18.0,17.0,9.0,8.0,24992,6750,4994,13690,10849,14143,21585,2192,300,705,210,3407,2024,문화재청_궁능원_관람객_수_현황(2024년).csv
2024-10-11,2024,10,11,4,금,0,0,0,0,0,18.0,17.0,9.0,8.0,33907,6898,5095,16866,11488,22419,29965,2389,558,479,516,3942,2024,문화재청_궁능원_관람객_수_현황(2024년).csv
2024-10-12,2024,10,12,5,토,1,0,0,0,0,18.0,17.0,9.0,8.0,37318,9464,8766,23268,17519,19799,26905,4354,2803,2715,541,10413,2024,문화재청_궁능원_관람객_수_현황(2024년).csv
2024-10-13,2024,10,13,6,일,1,0,0,0,0,18.0,17.0,9.0,8.0,33541,9167,6930,16565,15670,17871,27679,2893,1314,1004,651,5862,2024,문화재청_궁능원_관람객_수_현황(2024년).csv
2024-10-14,2024,10,14,0,월,0,0,0,3,0,18.0,17.0,9.0,8.0,24713,0,0,0,8624,16089,19975,2912,862,651,313,4738,2024,문화재청_궁능원_관람객_수_현황(2024년).csv
2024-10-15,2024,10,15,1,화,0,1,1,0,0,18.0,17.0,9.0,8.0,0,8591,3990,14407,0,0,0,0,0,0,0,0,2024,문화재청_궁능원_관람객_수_현황(2024년).csv
2024-10-16,2024,10,16,2,수,0,0,0,0,0,18.0,17.0,9.0,8.0,36629,6553,3755,15723,13308,23321,24151,6757,1522,2420,1779,12478,2024,문화재청_궁능원_관람객_수_현황(2024년).csv
2024-10-17,2024,10,17,3,목,0,0,0,0,0,18.0,17.0,9.0,8.0,31325,6660,3887,15906,12535,18790,26424,2993,485,577,846,4901,2024,문화재청_궁능원_관람객_수_현황(2024년).csv
2024-10-18,2024,10,18,4,금,0,0,0,0,0,18.0,17.0,9.0,8.0,17312,3493,1733,5898,8183,9129,11522,3188,285,901,1416,5790,2024,문화재청_궁능원_관람객_수_현황(2024년).csv
2024-10-19,2024,10,19,5,토,1,0,0,0,0,18.0,17.0,9.0,8.0,39306,11035,8414,22756,18606,20700,25060,7148,968,2622,3508,14246,2024,문화재청_궁능원_관람객_수_현황(2024년).csv
2024-10-20,2024,10,20,6,일,1,0,0,0,0,18.0,17.0,9.0,8.0,35579,9815,6810,18105,17038,18541,30343,3208,691,637,700,5236,2024,문화재청_궁능원_관람객_수_현황(2024년).csv
2024-10-21,2024,10,21,0,월,0,0,0,3,0,18.0,17.0,9.0,8.0,24145,0,0,0,10020,14125,11828,6036,850,1812,3619,12317,2024,문화재청_궁능원_관람객_수_현황(2024년).csv
2024-10-22,2024,10,22,1,화,0,1,1,0,0,18.0,17.0,9.0,8.0,0,5619,1544,6359,0,0,0,0,0,0,0,0,2024,문화재청_궁능원_관람객_수_현황(2024년).csv
2024-10-23,2024,10,23,2,수,0,0,0,0,0,18.0,17.0,9.0,8.0,33842,7594,4997,14361,14039,19803,24317,4924,1836,1537,1228,9525,2024,문화재청_궁능원_관람객_수_현황(2024년).csv
2024-10-24,2024,10,24,3,목,0,0,0,0,0,18.0,17.0,9.0,8.0,32108,8092,4579,17017,13076,19032,27317,2551,677,954,609,4791,2024,문화재청_궁능원_관람객_수_현황(2024년).csv
2024-10-25,2024,10,25,4,금,0,0,0,0,0,18.0,17.0,9.0,8.0,33691,9112,6439,16745,13722,19969,29062,2545,597,988,499,4629,2024,문화재청_궁능원_관람객_수_현황(2024년).csv
2024-10-26,2024,10,26,5,토,1,0,0,0,0,18.0,17.0,9.0,8.0,43901,13742,11596,26012,19967,23934,34525,5361,589,797,2629,9376,2024,문화재청_궁능원_관람객_수_현황(2024년).csv
2024-10-27,2024,10,27,6,일,1,0,0,0,0,18.0,17.0,9.0,8.0,34072,10050,6973,11255,16449,17623,29372,2667,521,839,673,4700,2024,문화재청_궁능원_관람객_수_현황(2024년).csv
2024-10-28,2024,10,28,0,월,0,0,0,3,0,18.0,17.0,9.0,8.0,25696,0,0,0,10567,15129,16677,5292,555,646,2526,9019,2024,문화재청_궁능원_관람객_수_현황(2024년).csv
2024-10-29,2024,10,29,1,화,0,1,1,0,0,18.0,17.0,9.0,8.0,0,10650,5911,16470,0,0,0,0,0,0,0,0,2024,문화재청_궁능원_관람객_수_현황(2024년).csv
2024-10-30,2024,10,30,2,수,0,0,0,0,0,18.0,17.0,9.0,8.0,46230,17872,21496,26954,0,46230,27751,4889,2368,4153,7069,18479,2024,문화재청_궁능원_관람객_수_현황(2024년).csv
2024-10-31,2024,10,31,3,목,0,0,0,0,0,18.0,17.0,9.0,8.0,27069,9185,6428,17385,10082,16987,22908,2498,423,739,501,4161,2024,문화재청_궁능원_관람객_수_현황(2024년).csv
2024-11-01,2024,11,1,4,금,0,0,0,0,0,17.0,16.0,8.0,7.0,22547,8269,6401,16609,8262,14285,13344,4312,523,1579,2789,9203,2024,문화재청_궁능원_관람객_수_현황(2024년).csv
2024-11-02,2024,11,2,5,토,1,0,0,0,0,17.0,16.0,8.0,7.0,31940,17015,16453,22484,15250,16690,27248,2567,709,623,793,4692,2024,문화재청_궁능원_관람객_수_현황(2024년).csv
2024-11-03,2024,11,3,6,일,1,0,0,0,0,17.0,16.0,8.0,7.0,31477,14806,13348,21609,14039,17438,20680,4289,3194,1852,1462,10797,2024,문화재청_궁능원_관람객_수_현황(2024년).csv
2024-11-04,2024,11,4,0,월,0,0,0,3,0,17.0,16.0,8.0,7.0,23238,0,0,0,9376,13862,18072,3305,817,427,617,5166,2024,문화재청_궁능원_관람객_수_현황(2024년).csv
2024-11-05,2024,11,5,1,화,0,1,1,0,0,17.0,16.0,8.0,7.0,0,12847,8532,18184,0,0,0,0,0,0,0,0,2024,문화재청_궁능원_관람객_수_현황(2024년).csv
2024-11-06,2024,11,6,2,수,0,0,0,0,0,17.0,16.0,8.0,7.0,23861,8580,5779,16165,9173,14688,19324,2760,655,617,505,4537,2024,문화재청_궁능원_관람객_수_현황(2024년).csv
2024-11-07,2024,11,7,3,목,0,0,0,0,0,17.0,16.0,8.0,7.0,22851,9252,5411,15684,7751,15100,16655,3011,457,522,2206,6196,2024,문화재청_궁능원_관람객_수_현황(2024년).csv
2024-11-08,2024,11,8,4,금,0,0,0,0,0,17.0,16.0,8.0,7.0,23049,10790,6310,18614,8823,14226,19456,2209,586,511,287,3593,2024,문화재청_궁능원_관람객_수_현황(2024년).csv
2024-11-09,2024,11,9,5,토,1,0,0,0,0,17.0,16.0,8.0,7.0,38489,18989,15582,22212,14625,23864,34246,2585,569,696,393,4243,2024,문화재청_궁능원_관람객_수_현황(2024년).csv
2024-11-10,2024,11,10,6,일,1,0,0,0,0,17.0,16.0,8.0,7.0,28517,18285,13363,20534,12708,15809,24943,2042,575,527,430,3574,2024,문화재청_궁능원_관람객_수_현황(2024년).csv
2024-11-11,2024,11,11,0,월,0,0,0,3,0,17.0,16.0,8.0,7.0,23000,0,0,0,8842,14158,12458,4565,730,2655,2592,10542,2024,문화재청_궁능원_관람객_수_현황(2024년).csv
2024-11-12,2024,11,12,1,화,0,1,1,0,0,17.0,16.0,8.0,7.0,0,177,6002,18683,0,0,0,0,0,0,0,0,2024,문화재청_궁능원_관람객_수_현황(2024년).csv
2024-11-13,2024,11,13,2,수,0,0,0,0,0,17.0,16.0,8.0,7.0,21559,9596,6468,17769,8166,13393,12104,3210,1458,1461,3326,9455,2024,문화재청_궁능원_관람객_수_현황(2024년).csv
2024-11-14,2024,11,14,3,목,0,0,0,0,0,17.0,16.0,8.0,7.0,16338,7944,4364,12855,6686,9652,13156,2001,370,526,285,3182,2024,문화재청_궁능원_관람객_수_현황(2024년).csv
2024-11-15,2024,11,15,4,금,0,0,0,0,0,17.0,16.0,8.0,7.0,21881,8701,6523,19566,9174,12707,17919,2436,466,712,348,3962,2024,문화재청_궁능원_관람객_수_현황(2024년).csv
2024-11-16,2024,11,16,5,토,1,0,0,0,0,17.0,16.0,8.0,7.0,26886,11956,9779,18523,11712,15174,22738,1994,691,981,482,4148,2024,문화재청_궁능원_관람객_수_현황(2024년).csv
2024-11-17,2024,11,17,6,일,1,0,0,0,0,17.0,16.0,8.0,7.0,24239,10678,8943,16008,11316,12923,16146,3042,1907,1712,1432,8093,2024,문화재청_궁능원_관람객_수_현황(2024년).csv
2024-11-18,2024,11,18,0,월,0,0,0,3,0,17.0,16.0,8.0,7.0,14504,0,0,0,6885,7619,10216,2528,661,624,475,4288,2024,문화재청_궁능원_관람객_수_현황(2024년).csv
2024-11-19,2024,11,19,1,화,0,1,0,0,0,17.0,16.0,8.0,7.0,6394,8569,4518,13724,6394,0,6394,0,0,0,0,0,2024,문화재청_궁능원_관람객_수_현황(2024년).csv
2024-11-20,2024,11,20,2,수,0,0,0,0,0,17.0,16.0,8.0,7.0,17018,6645,3396,12228,5818,11200,8794,3009,1464,1364,2387,8224,2024,문화재청_궁능원_관람객_수_현황(2024년).csv
2024-11-21,2024,11,21,3,목,0,0,0,0,0,17.0,16.0,8.0,7.0,13581,5835,3558,13646,5606,7975,10615,1623,445,707,191,2966,2024,문화재청_궁능원_관람객_수_현황(2024년).csv
2024-11-22,2024,11,22,4,금,0,0,0,0,0,17.0,16.0,8.0,7.0,21033,9698,3693,17416,11114,9919,15571,2014,505,918,2025,5462,2024,문화재청_궁능원_관람객_수_현황(2024년).csv
2024-11-23,2024,11,23,5,토,1,0,0,0,0,17.0,16.0,8.0,7.0,26148,12947,8348,19647,11440,14708,21718,2495,777,765,393,4430,2024,문화재청_궁능원_관람객_수_현황(2024년).csv
2024-11-24,2024,11,24,6,일,1,0,0,0,0,17.0,16.0,8.0,7.0,20980,8007,6807,13347,9732,11248,16851,2383,726,655,365,4129,2024,문화재청_궁능원_관람객_수_현황(2024년).csv
2024-11-25,2024,11,25,0,월,0,0,0,3,0,17.0,16.0,8.0,7.0,17243,0,0,0,6994,10249,13163,1981,697,812,590,4080,2024,문화재청_궁능원_관람객_수_현황(2024년).csv
2024-11-26,2024,11,26,1,화,0,1,1,0,0,17.0,16.0,8.0,7.0,0,4778,1614,5787,0,0,0,0,0,0,0,0,2024,문화재청_궁능원_관람객_수_현황(2024년).csv
2024-11-27,2024,11,27,2,수,0,0,0,0,0,17.0,16.0,8.0,7.0,30033,6864,4414,3819,1024,29009,12902,3836,2263,3630,7402,17131,2024,문화재청_궁능원_관람객_수_현황(2024년).csv
2024-11-28,2024,11,28,3,목,0,0,0,2,0,17.0,16.0,8.0,7.0,10417,0,0,3219,5887,4530,7092,2367,234,268,456,3325,2024,문화재청_궁능원_관람객_수_현황(2024년).csv
2024-11-29,2024,11,29,4,금,0,0,0,2,0,17.0,16.0,8.0,7.0,13766,0,0,5088,6085,7681,9909,2315,385,737,420,3857,2024,문화재청_궁능원_관람객_수_현황(2024년).csv
2024-11-30,2024,11,30,5,토,1,0,0,2,0,17.0,16.0,8.0,7.0,18359,0,0,8038,8680,9679,10254,3604,572,475,3454,8105,2024,문화재청_궁능원_관람객_수_현황(2024년).csv
2024-12-01,2024,12,1,6,일,1,0,0,2,0,17.0,16.0,8.0,7.0,15674,0,0,5288,7732,7942,11956,2351,489,565,313,3718,2024,문화재청_궁능원_관람객_수_현황(2024년).csv
2024-12-02,2024,12,2,0,월,0,0,0,3,0,17.0,16.0,8.0,7.0,12621,0,0,0,4696,7925,6617,2996,301,669,2038,6004,2024,문화재청_궁능원_관람객_수_현황(2024년).csv
2024-12-03,2024,12,3,1,화,0,1,1,0,0,17.0,16.0,8.0,7.0,0,5102,2334,8168,0,0,0,0,0,0,0,0,2024,문화재청_궁능원_관람객_수_현황(2024년).csv
2024-12-04,2024,12,4,2,수,0,0,0,0,0,17.0,16.0,8.0,7.0,10482,2177,1372,7711,4635,5847,7352,1651,444,584,451,3130,2024,문화재청_궁능원_관람객_수_현황(2024년).csv
2024-12-05,2024,12,5,3,목,0,0,0,0,0,17.0,16.0,8.0,7.0,9922,2164,1518,8029,4179,5743,4186,2340,467,1534,1395,5736,2024,문화재청_궁능원_관람객_수_현황(2024년).csv
2024-12-06,2024,12,6,4,금,0,0,0,0,0,17.0,16.0,8.0,7.0,9933,2724,1373,6992,4693,5240,7254,1300,282,669,428,2679,2024,문화재청_궁능원_관람객_수_현황(2024년).csv
2024-12-07,2024,12,7,5,토,1,0,0,0,0,17.0,16.0,8.0,7.0,11659,3386,2396,7382,5619,6040,6646,2581,422,777,1233,5013,2024,문화재청_궁능원_관람객_수_현황(2024년).csv
2024-12-08,2024,12,8,6,일,1,0,0,0,0,17.0,16.0,8.0,7.0,11045,3036,2010,5540,5169,5876,8287,1385,278,686,409,2758,2024,문화재청_궁능원_관람객_수_현황(2024년).csv
2024-12-09,2024,12,9,0,월,0,0,0,3,0,17.0,16.0,8.0,7.0,10702,0,0,0,4250,6452,7701,1621,308,503,569,3001,2024,문화재청_궁능원_관람객_수_현황(2024년).csv
2024-12-10,2024,12,10,1,화,0,1,1,0,0,17.0,16.0,8.0,7.0,0,4089,1996,8607,0,0,0,0,0,0,0,0,2024,문화재청_궁능원_관람객_수_현황(2024년).csv
2024-12-11,2024,12,11,2,수,0,0,0,0,0,17.0,16.0,8.0,7.0,11132,2248,1405,9126,4803,6329,7954,1558,320,964,336,3178,2024,문화재청_궁능원_관람객_수_현황(2024년).csv
2024-12-12,2024,12,12,3,목,0,0,0,0,0,17.0,16.0,8.0,7.0,9729,2324,1079,7594,3639,6090,5367,2269,278,414,1401,4362,2024,문화재청_궁능원_관람객_수_현황(2024년).csv
2024-12-13,2024,12,13,4,금,0,0,0,0,0,17.0,16.0,8.0,7.0,9862,3149,1544,7704,4157,5705,7404,1297,282,451,428,2458,2024,문화재청_궁능원_관람객_수_현황(2024년).csv
2024-12-14,2024,12,14,5,토,1,0,0,0,0,17.0,16.0,8.0,7.0,11204,3771,1901,6588,5196,6008,8485,1509,336,599,275,2719,2024,문화재청_궁능원_관람객_수_현황(2024년).csv
2024-12-15,2024,12,15,6,일,1,0,0,0,0,17.0,16.0,8.0,7.0,13815,3762,2081,5695,6010,7805,7914,3207,416,632,1646,5901,2024,문화재청_궁능원_관람객_수_현황(2024년).csv
2024-12-16,2024,12,16,0,월,0,0,0,3,0,17.0,16.0,8.0,7.0,10264,0,0,0,3912,6352,4291,2494,315,1543,1621,5973,2024,문화재청_궁능원_관람객_수_현황(2024년).csv
2024-12-17,2024,12,17,1,화,0,1,1,0,0,17.0,16.0,8.0,7.0,0,5595,1549,8356,0,0,0,0,0,0,0,0,2024,문화재청_궁능원_관람객_수_현황(2024년).csv
2024-12-18,2024,12,18,2,수,0,0,0,0,0,17.0,16.0,8.0,7.0,10887,2864,1052,6021,5333,5554,7569,1700,259,712,647,3318,2024,문화재청_궁능원_관람객_수_현황(2024년).csv
2024-12-19,2024,12,19,3,목,0,0,0,0,0,17.0,16.0,8.0,7.0,9978,2616,1098,5954,4130,5848,7349,1400,124,509,596,2629,2024,문화재청_궁능원_관람객_수_현황(2024년).csv
2024-12-20,2024,12,20,4,금,0,0,0,0,0,17.0,16.0,8.0,7.0,10339,2920,1165,7669,4463,5876,7944,1452,171,530,242,2395,2024,문화재청_궁능원_관람객_수_현황(2024년).csv
2024-12-21,2024,12,21,5,토,1,0,0,0,0,17.0,16.0,8.0,7.0,12855,4486,1910,7628,5891,6964,9673,1866,224,628,464,3182,2024,문화재청_궁능원_관람객_수_현황(2024년).csv
2024-12-22,2024,12,22,6,일,1,0,0,0,0,17.0,16.0,8.0,7.0,13647,3477,1361,5410,6322,7325,9611,2406,236,704,690,4036,2024,문화재청_궁능원_관람객_수_현황(2024년).csv
2024-12-23,2024,12,23,0,월,0,0,0,3,0,17.0,16.0,8.0,7.0,13347,0,0,0,5945,7402,9779,2325,169,707,367,3568,2024,문화재청_궁능원_관람객_수_현황(2024년).csv
2024-12-24,2024,12,24,1,화,0,1,1,0,0,17.0,16.0,8.0,7.0,0,5622,1868,8616,0,0,0,0,0,0,0,0,2024,문화재청_궁능원_관람객_수_현황(2024년).csv
2024-12-25,2024,12,25,2,수,0,0,0,0,1,17.0,16.0,8.0,7.0,34364,7954,4593,15361,0,34364,16810,3531,1537,5249,7237,17554,2024,문화재청_궁능원_관람객_수_현황(2024년).csv
2024-12-26,2024,12,26,3,목,0,0,0,0,0,17.0,16.0,8.0,7.0,13284,3420,1777,6459,5879,7405,7968,2986,1211,636,483,5316,2024,문화재청_궁능원_관람객_수_현황(2024년).csv
2024-12-27,2024,12,27,4,금,0,0,0,0,0,17.0,16.0,8.0,7.0,13348,3895,1598,6961,6171,7177,7226,3353,417,642,1710,6122,2024,문화재청_궁능원_관람객_수_현황(2024년).csv
2024-12-28,2024,12,28,5,토,1,0,0,0,0,17.0,16.0,8.0,7.0,15426,4803,2768,10267,7022,8404,7584,3350,892,1931,1669,7842,2024,문화재청_궁능원_관람객_수_현황(2024년).csv
2024-12-29,2024,12,29,6,일,1,0,0,0,0,17.0,16.0,8.0,7.0,16811,4656,2393,8764,8155,8656,12321,2249,712,829,700,4490,2024,문화재청_궁능원_관람객_수_현황(2024년).csv
2024-12-30,2024,12,30,0,월,0,0,0,3,0,17.0,16.0,8.0,7.0,17300,0,0,0,8078,9222,12371,2475,804,820,830,4929,2024,문화재청_궁능원_관람객_수_현황(2024년).csv
2024-12-31,2024,12,31,1,화,0,1,1,0,0,17.0,16.0,8.0,7.0,0,6132,2317,8712,0,0,0,0,0,0,0,0,2024,문화재청_궁능원_관람객_수_현황(2024년).csv
2025-01-01,2025,1,1,2,수,0,0,0,0,1,17.0,16.0,8.0,7.0,19914,4381,3034,10296,9214,10700,15384,2282,821,685,742,4530,2025,국가유산청 궁능유적본부_4대궁 관람객 수 현황_20251231.csv
2025-01-02,2025,1,2,3,목,0,0,0,0,0,17.0,16.0,8.0,7.0,11184,3092,1437,7410,5178,6006,4661,2656,575,1815,1477,6523,2025,국가유산청 궁능유적본부_4대궁 관람객 수 현황_20251231.csv
2025-01-03,2025,1,3,4,금,0,0,0,0,0,17.0,16.0,8.0,7.0,10996,2306,1092,6881,4814,6182,7369,2057,727,507,336,3627,2025,국가유산청 궁능유적본부_4대궁 관람객 수 현황_20251231.csv
2025-01-04,2025,1,4,5,토,1,0,0,0,0,17.0,16.0,8.0,7.0,12247,3763,2676,10519,5436,6811,9474,1526,567,384,296,2773,2025,국가유산청 궁능유적본부_4대궁 관람객 수 현황_20251231.csv
2025-01-05,2025,1,5,6,일,1,0,0,0,0,17.0,16.0,8.0,7.0,10849,4366,3074,4893,5308,5541,8564,1340,167,420,358,2285,2025,국가유산청 궁능유적본부_4대궁 관람객 수 현황_20251231.csv
2025-01-06,2025,1,6,0,월,0,0,0,3,0,17.0,16.0,8.0,7.0,8908,0,0,0,3564,5344,6299,1293,320,563,433,2609,2025,국가유산청 궁능유적본부_4대궁 관람객 수 현황_20251231.csv
2025-01-07,2025,1,7,1,화,0,1,1,0,0,17.0,16.0,8.0,7.0,0,3690,1348,6151,0,0,0,0,0,0,0,0,2025,국가유산청 궁능유적본부_4대궁 관람객 수 현황_20251231.csv
2025-01-08,2025,1,8,2,수,0,0,0,0,0,17.0,16.0,8.0,7.0,8343,1671,1100,5722,3481,4862,4601,1832,210,387,1313,3742,2025,국가유산청 궁능유적본부_4대궁 관람객 수 현황_20251231.csv
2025-01-09,2025,1,9,3,목,0,0,0,0,0,17.0,16.0,8.0,7.0,5606,929,525,2911,2838,2768,2657,1011,129,595,1214,2949,2025,국가유산청 궁능유적본부_4대궁 관람객 수 현황_20251231.csv
2025-01-10,2025,1,10,4,금,0,0,0,0,0,17.0,16.0,8.0,7.0,7485,1244,586,4252,2945,4540,3302,2260,140,446,1337,4183,2025,국가유산청 궁능유적본부_4대궁 관람객 수 현황_20251231.csv
2025-01-11,2025,1,11,5,토,1,0,0,0,0,17.0,16.0,8.0,7.0,10373,2546,1617,7898,4331,6042,5310,1192,222,1404,2245,5063,2025,국가유산청 궁능유적본부_4대궁 관람객 수 현황_20251231.csv
2025-01-12,2025,1,12,6,일,1,0,0,0,0,17.0,16.0,8.0,7.0,11046,2578,1867,6255,4923,6123,8573,1227,425,496,325,2473,2025,국가유산청 궁능유적본부_4대궁 관람객 수 현황_20251231.csv
2025-01-13,2025,1,13,0,월,0,0,0,3,0,17.0,16.0,8.0,7.0,9960,0,0,0,3939,6021,7685,1066,300,503,406,2275,2025,국가유산청 궁능유적본부_4대궁 관람객 수 현황_20251231.csv
2025-01-14,2025,1,14,1,화,0,1,1,0,0,17.0,16.0,8.0,7.0,0,3592,2922,6401,0,0,0,0,0,0,0,0,2025,국가유산청 궁능유적본부_4대궁 관람객 수 현황_20251231.csv
2025-01-15,2025,1,15,2,수,0,0,0,0,0,17.0,16.0,8.0,7.0,8581,2034,2069,6051,3691,4890,3509,2248,188,472,2164,5072,2025,국가유산청 궁능유적본부_4대궁 관람객 수 현황_20251231.csv
2025-01-16,2025,1,16,3,목,0,0,0,0,0,17.0,16.0,8.0,7.0,7390,1672,2051,7309,3201,4189,3365,1906,278,1466,375,4025,2025,국가유산청 궁능유적본부_4대궁 관람객 수 현황_20251231.csv
2025-01-17,2025,1,17,4,금,0,0,0,0,0,17.0,16.0,8.0,7.0,9605,1978,1444,8781,4046,5559,6915,1480,193,774,243,2690,2025,국가유산청 궁능유적본부_4대궁 관람객 수 현황_20251231.csv
2025-01-18,2025,1,18,5,토,1,0,0,0,0,17.0,16.0,8.0,7.0,12692,3032,2796,12748,5722,6970,9996,1199,228,794,475,2696,2025,국가유산청 궁능유적본부_4대궁 관람객 수 현황_20251231.csv
2025-01-19,2025,1,19,6,일,1,0,0,0,0,17.0,16.0,8.0,7.0,12161,3199,2316,8757,5268,6893,9853,1158,263,637,250,2308,2025,국가유산청 궁능유적본부_4대궁 관람객 수 현황_20251231.csv
2025-01-20,2025,1,20,0,월,0,0,0,3,0,17.0,16.0,8.0,7.0,10705,0,0,0,4086,6619,5462,1930,1116,847,1350,5243,2025,국가유산청 궁능유적본부_4대궁 관람객 수 현황_20251231.csv
2025-01-21,2025,1,21,1,화,0,1,1,0,0,17.0,16.0,8.0,7.0,0,3515,1572,7839,0,0,0,0,0,0,0,0,2025,국가유산청 궁능유적본부_4대궁 관람객 수 현황_20251231.csv
2025-01-22,2025,1,22,2,수,0,0,0,0,0,17.0,16.0,8.0,7.0,9050,1980,927,8105,3472,5578,3945,1826,261,1807,1211,5105,2025,국가유산청 궁능유적본부_4대궁 관람객 수 현황_20251231.csv
2025-01-23,2025,1,23,3,목,0,0,0,0,0,17.0,16.0,8.0,7.0,8263,1842,1149,7837,3110,5153,3645,1418,255,1698,1247,4618,2025,국가유산청 궁능유적본부_4대궁 관람객 수 현황_20251231.csv
2025-01-24,2025,1,24,4,금,0,0,0,0,0,17.0,16.0,8.0,7.0,8150,1847,1188,8491,3070,5080,6249,655,102,797,347,1901,2025,국가유산청 궁능유적본부_4대궁 관람객 수 현황_20251231.csv
2025-01-25,2025,1,25,5,토,1,0,0,0,0,17.0,16.0,8.0,7.0,35234,6966,6212,13395,0,35234,21010,4798,1218,4727,3481,14224,2025,국가유산청 궁능유적본부_4대궁 관람객 수 현황_20251231.csv
2025-01-26,2025,1,26,6,일,1,0,0,0,0,17.0,16.0,8.0,7.0,63067,10026,10576,12184,0,63067,39533,8043,3349,7746,4396,23534,2025,국가유산청 궁능유적본부_4대궁 관람객 수 현황_20251231.csv
2025-01-27,2025,1,27,0,월,0,0,0,0,1,17.0,16.0,8.0,7.0,35910,6752,7923,8283,0,35910,21156,3630,798,3732,6594,14754,2025,국가유산청 궁능유적본부_4대궁 관람객 수 현황_20251231.csv
2025-01-28,2025,1,28,1,화,0,1,0,0,1,17.0,16.0,8.0,7.0,46680,9787,9335,9654,0,46680,24449,6326,2195,5790,7920,22231,2025,국가유산청 궁능유적본부_4대궁 관람객 수 현황_20251231.csv
2025-01-29,2025,1,29,2,수,0,0,0,0,1,17.0,16.0,8.0,7.0,70072,20494,17702,13147,0,70072,35751,7057,2666,10016,14582,34321,2025,국가유산청 궁능유적본부_4대궁 관람객 수 현황_20251231.csv
2025-01-30,2025,1,30,3,목,0,0,0,0,1,17.0,16.0,8.0,7.0,56575,14907,13205,12356,0,56575,27287,5169,1960,10097,12062,29288,2025,국가유산청 궁능유적본부_4대궁 관람객 수 현황_20251231.csv
2025-01-31,2025,1,31,4,금,0,0,1,3,0,17.0,16.0,8.0,7.0,0,0,0,0,0,0,0,0,0,0,0,0,2025,국가유산청 궁능유적본부_4대궁 관람객 수 현황_20251231.csv
2025-02-01,2025,2,1,5,토,1,0,0,0,0,17.0,16.0,8.0,7.0,18761,4883,3877,12433,8645,10116,12200,1225,119,2859,2358,6561,2025,국가유산청 궁능유적본부_4대궁 관람객 수 현황_20251231.csv
2025-02-02,2025,2,2,6,일,1,0,0,0,0,17.0,16.0,8.0,7.0,13781,4737,2876,9102,6210,7571,11331,898,148,1185,219,2450,2025,국가유산청 궁능유적본부_4대궁 관람객 수 현황_20251231.csv
2025-02-03,2025,2,3,0,월,0,0,0,3,0,17.0,16.0,8.0,7.0,9225,0,0,0,4067,5158,6148,1746,129,871,331,3077,2025,국가유산청 궁능유적본부_4대궁 관람객 수 현황_20251231.csv
2025-02-04,2025,2,4,1,화,0,1,1,0,0,17.0,16.0,8.0,7.0,0,1916,742,4218,0,0,0,0,0,0,0,0,2025,국가유산청 궁능유적본부_4대궁 관람객 수 현황_20251231.csv
2025-02-05,2025,2,5,2,수,0,0,0,0,0,17.0,16.0,8.0,7.0,8745,1179,675,4276,3849,4896,5802,976,277,1198,492,2943,2025,국가유산청 궁능유적본부_4대궁 관람객 수 현황_20251231.csv
2025-02-06,2025,2,6,3,목,0,0,0,0,0,17.0,16.0,8.0,7.0,8699,1253,610,5204,3789,4910,6375,811,179,884,450,2324,2025,국가유산청 궁능유적본부_4대궁 관람객 수 현황_20251231.csv
2025-02-07,2025,2,7,4,금,0,0,0,0,0,17.0,16.0,8.0,7.0,8049,1744,748,3955,3590,4459,4037,1662,313,707,1330,4012,2025,국가유산청 궁능유적본부_4대궁 관람객 수 현황_20251231.csv
2025-02-08,2025,2,8,5,토,1,0,0,0,0,17.0,16.0,8.0,7.0,10705,3031,1523,7145,4613,6092,6299,2120,356,656,1274,4406,2025,국가유산청 궁능유적본부_4대궁 관람객 수 현황_20251231.csv
2025-02-09,2025,2,9,6,일,1,0,0,0,0,17.0,16.0,8.0,7.0,11485,2689,1735,6594,5120,6365,8727,1171,484,706,397,2758,2025,국가유산청 궁능유적본부_4대궁 관람객 수 현황_20251231.csv
2025-02-10,2025,2,10,0,월,0,0,0,3,0,17.0,16.0,8.0,7.0,11012,0,0,0,4395,6617,8658,1246,481,495,132,2354,2025,국가유산청 궁능유적본부_4대궁 관람객 수 현황_20251231.csv
2025-02-11,2025,2,11,1,화,0,1,1,0,0,17.0,16.0,8.0,7.0,0,4622,2153,9069,0,0,0,0,0,0,0,0,2025,국가유산청 궁능유적본부_4대궁 관람객 수 현황_20251231.csv
2025-02-12,2025,2,12,2,수,0,0,0,0,0,17.0,16.0,8.0,7.0,10010,2457,1359,5434,3420,6590,8282,820,191,610,107,1728,2025,국가유산청 궁능유적본부_4대궁 관람객 수 현황_20251231.csv
2025-02-13,2025,2,13,3,목,0,0,0,0,0,17.0,16.0,8.0,7.0,9957,2488,1809,8894,3914,6043,8380,941,241,241,154,1577,2025,국가유산청 궁능유적본부_4대궁 관람객 수 현황_20251231.csv
2025-02-14,2025,2,14,4,금,0,0,0,0,0,17.0,16.0,8.0,7.0,11140,3176,2283,11572,4701,6439,9202,1080,236,471,151,1938,2025,국가유산청 궁능유적본부_4대궁 관람객 수 현황_20251231.csv
2025-02-15,2025,2,15,5,토,1,0,0,0,0,17.0,16.0,8.0,7.0,14448,4486,3489,15458,6549,7899,10156,2145,336,428,1383,4292,2025,국가유산청 궁능유적본부_4대궁 관람객 수 현황_20251231.csv
2025-02-16,2025,2,16,6,일,1,0,0,0,0,17.0,16.0,8.0,7.0,15126,4223,3408,10035,6638,8488,10095,1268,1297,1271,1195,5031,2025,국가유산청 궁능유적본부_4대궁 관람객 수 현황_20251231.csv
2025-02-17,2025,2,17,0,월,0,0,0,3,0,17.0,16.0,8.0,7.0,11946,0,0,0,4910,7036,6817,1667,382,1668,1412,5129,2025,국가유산청 궁능유적본부_4대궁 관람객 수 현황_20251231.csv
2025-02-18,2025,2,18,1,화,0,1,1,0,0,17.0,16.0,8.0,7.0,0,3167,1558,7697,0,0,0,0,0,0,0,0,2025,국가유산청 궁능유적본부_4대궁 관람객 수 현황_20251231.csv
2025-02-19,2025,2,19,2,수,0,0,0,0,0,17.0,16.0,8.0,7.0,10374,2190,1455,6290,4416,5958,6039,2345,338,338,1314,4335,2025,국가유산청 궁능유적본부_4대궁 관람객 수 현황_20251231.csv
2025-02-20,2025,2,20,3,목,0,0,0,0,0,17.0,16.0,8.0,7.0,9193,2359,1379,8000,3975,5218,5548,2067,257,252,1069,3645,2025,국가유산청 궁능유적본부_4대궁 관람객 수 현황_20251231.csv
2025-02-21,2025,2,21,4,금,0,0,0,0,0,17.0,16.0,8.0,7.0,10150,2693,1195,7768,4568,5582,7230,1065,289,337,1229,2920,2025,국가유산청 궁능유적본부_4대궁 관람객 수 현황_20251231.csv
2025-02-22,2025,2,22,5,토,1,0,0,0,0,17.0,16.0,8.0,7.0,13592,4146,2784,10401,6050,7542,8349,3178,456,431,1178,5243,2025,국가유산청 궁능유적본부_4대궁 관람객 수 현황_20251231.csv
2025-02-23,2025,2,23,6,일,1,0,0,0,0,17.0,16.0,8.0,7.0,14332,3584,2078,6134,6275,8057,8484,2287,738,1503,1320,5848,2025,국가유산청 궁능유적본부_4대궁 관람객 수 현황_20251231.csv
2025-02-24,2025,2,24,0,월,0,0,0,2,0,17.0,16.0,8.0,7.0,12030,0,0,154,4930,7100,9609,1302,469,417,233,2421,2025,국가유산청 궁능유적본부_4대궁 관람객 수 현황_20251231.csv
2025-02-25,2025,2,25,1,화,0,1,1,0,0,17.0,16.0,8.0,7.0,0,3947,1521,8244,0,0,0,0,0,0,0,0,2025,국가유산청 궁능유적본부_4대궁 관람객 수 현황_20251231.csv
2025-02-26,2025,2,26,2,수,0,0,0,0,0,17.0,16.0,8.0,7.0,23949,7752,6316,14501,0,23949,11660,3165,2389,3764,2971,12289,2025,국가유산청 궁능유적본부_4대궁 관람객 수 현황_20251231.csv
2025-02-27,2025,2,27,3,목,0,0,0,0,0,17.0,16.0,8.0,7.0,12037,3627,2481,12324,4752,7285,8067,2106,310,400,1154,3970,2025,국가유산청 궁능유적본부_4대궁 관람객 수 현황_20251231.csv
2025-02-28,2025,2,28,4,금,0,0,0,0,0,17.0,16.0,8.0,7.0,13862,3377,2303,10932,5318,8544,8504,4288,297,475,298,5358,2025,국가유산청 궁능유적본부_4대궁 관람객 수 현황_20251231.csv
2025-03-01,2025,3,1,5,토,1,0,0,0,1,18.0,17.0,9.0,8.0,18510,6649,4206,5606,8221,10289,14275,3282,304,381,268,4235,2025,국가유산청 궁능유적본부_4대궁 관람객 수 현황_20251231.csv
2025-03-02,2025,3,2,6,일,1,0,0,0,0,18.0,17.0,9.0,8.0,16066,4574,3204,7918,7646,8420,13769,1193,380,429,295,2297,2025,국가유산청 궁능유적본부_4대궁 관람객 수 현황_20251231.csv
2025-03-03,2025,3,3,0,월,0,0,0,0,1,18.0,17.0,9.0,8.0,11268,3878,2085,7448,5588,5680,8403,1416,396,623,430,2865,2025,국가유산청 궁능유적본부_4대궁 관람객 수 현황_20251231.csv
2025-03-04,2025,3,4,1,화,0,1,1,3,0,18.0,17.0,9.0,8.0,0,0,0,0,0,0,0,0,0,0,0,0,2025,국가유산청 궁능유적본부_4대궁 관람객 수 현황_20251231.csv
2025-03-05,2025,3,5,2,수,0,0,0,0,0,18.0,17.0,9.0,8.0,10412,2955,1880,7738,4053,6359,4915,2598,1468,1200,231,5497,2025,국가유산청 궁능유적본부_4대궁 관람객 수 현황_20251231.csv
2025-03-06,2025,3,6,3,목,0,0,0,0,0,18.0,17.0,9.0,8.0,11043,3189,1703,8641,4546,6497,6225,3425,583,592,218,4818,2025,국가유산청 궁능유적본부_4대궁 관람객 수 현황_20251231.csv
2025-03-07,2025,3,7,4,금,0,0,0,0,0,18.0,17.0,9.0,8.0,10013,2919,2340,9503,4444,5569,7622,1372,522,427,70,2391,2025,국가유산청 궁능유적본부_4대궁 관람객 수 현황_20251231.csv
2025-03-08,2025,3,8,5,토,1,0,0,0,0,18.0,17.0,9.0,8.0,16257,5813,5649,14930,6997,9260,10558,1536,593,1363,2207,5699,2025,국가유산청 궁능유적본부_4대궁 관람객 수 현황_20251231.csv
2025-03-09,2025,3,9,6,일,1,0,0,0,0,18.0,17.0,9.0,8.0,16151,5592,4839,8415,7478,8673,12442,2386,695,438,190,3709,2025,국가유산청 궁능유적본부_4대궁 관람객 수 현황_20251231.csv
2025-03-10,2025,3,10,0,월,0,0,0,3,0,18.0,17.0,9.0,8.0,12893,0,0,0,5611,7282,9148,2254,668,504,319,3745,2025,국가유산청 궁능유적본부_4대궁 관람객 수 현황_20251231.csv
2025-03-11,2025,3,11,1,화,0,1,1,0,0,18.0,17.0,9.0,8.0,0,6295,3199,11529,0,0,0,0,0,0,0,0,2025,국가유산청 궁능유적본부_4대궁 관람객 수 현황_20251231.csv
2025-03-12,2025,3,12,2,수,0,0,0,0,0,18.0,17.0,9.0,8.0,13500,3548,1904,8065,5910,7590,8924,3193,676,490,217,4576,2025,국가유산청 궁능유적본부_4대궁 관람객 수 현황_20251231.csv
2025-03-13,2025,3,13,3,목,0,0,0,0,0,18.0,17.0,9.0,8.0,12805,3234,2248,9310,5125,7680,5456,3313,1473,1365,1198,7349,2025,국가유산청 궁능유적본부_4대궁 관람객 수 현황_20251231.csv
2025-03-14,2025,3,14,4,금,0,0,0,0,0,18.0,17.0,9.0,8.0,14464,5690,3928,12872,6594,7870,7184,3507,1650,864,1259,7280,2025,국가유산청 궁능유적본부_4대궁 관람객 수 현황_20251231.csv
2025-03-15,2025,3,15,5,토,1,0,0,0,0,18.0,17.0,9.0,8.0,21319,7345,8587,6002,9811,11508,13430,3344,1826,1680,1039,7889,2025,국가유산청 궁능유적본부_4대궁 관람객 수 현황_20251231.csv
2025-03-16,2025,3,16,6,일,1,0,0,0,0,18.0,17.0,9.0,8.0,10935,3934,3176,4456,5280,5655,5858,2742,604,1557,174,5077,2025,국가유산청 궁능유적본부_4대궁 관람객 수 현황_20251231.csv
2025-03-17,2025,3,17,0,월,0,0,0,3,0,18.0,17.0,9.0,8.0,15325,0,0,0,6998,8327,6777,4934,797,1625,1192,8548,2025,국가유산청 궁능유적본부_4대궁 관람객 수 현황_20251231.csv
2025-03-18,2025,3,18,1,화,0,1,1,0,0,18.0,17.0,9.0,8.0,0,5153,2485,6236,0,0,0,0,0,0,0,0,2025,국가유산청 궁능유적본부_4대궁 관람객 수 현황_20251231.csv
2025-03-19,2025,3,19,2,수,0,0,0,0,0,18.0,17.0,9.0,8.0,14655,4640,2562,8345,6643,8012,7567,4783,766,400,1139,7088,2025,국가유산청 궁능유적본부_4대궁 관람객 수 현황_20251231.csv
2025-03-20,2025,3,20,3,목,0,0,0,0,0,18.0,17.0,9.0,8.0,18280,5159,2647,10638,7412,10868,9476,5318,824,1474,1188,8804,2025,국가유산청 궁능유적본부_4대궁 관람객 수 현황_20251231.csv
2025-03-21,2025,3,21,4,금,0,0,0,0,0,18.0,17.0,9.0,8.0,17615,6735,3716,13391,7460,10155,13497,2199,1052,599,268,4118,2025,국가유산청 궁능유적본부_4대궁 관람객 수 현황_20251231.csv
2025-03-22,2025,3,22,5,토,1,0,0,0,0,18.0,17.0,9.0,8.0,21236,9980,8356,15215,9881,11355,16347,2678,1061,584,566,4889,2025,국가유산청 궁능유적본부_4대궁 관람객 수 현황_20251231.csv
2025-03-23,2025,3,23,6,일,1,0,0,0,0,18.0,17.0,9.0,8.0,19164,8455,6523,9826,8838,10326,14389,2648,674,1115,338,4775,2025,국가유산청 궁능유적본부_4대궁 관람객 수 현황_20251231.csv
2025-03-24,2025,3,24,0,월,0,0,0,3,0,18.0,17.0,9.0,8.0,20787,0,0,0,8059,12728,10604,5411,1589,1648,1535,10183,2025,국가유산청 궁능유적본부_4대궁 관람객 수 현황_20251231.csv
2025-03-25,2025,3,25,1,화,0,1,1,0,0,18.0,17.0,9.0,8.0,0,8750,3181,10096,0,0,0,0,0,0,0,0,2025,국가유산청 궁능유적본부_4대궁 관람객 수 현황_20251231.csv
2025-03-26,2025,3,26,2,수,0,0,0,0,0,18.0,17.0,9.0,8.0,36165,13708,16227,17636,0,36165,17387,4835,2488,6118,5337,18778,2025,국가유산청 궁능유적본부_4대궁 관람객 수 현황_20251231.csv
2025-03-27,2025,3,27,3,목,0,0,0,0,0,18.0,17.0,9.0,8.0,14680,5492,2407,10207,6466,8214,7211,3533,875,1508,1553,7469,2025,국가유산청 궁능유적본부_4대궁 관람객 수 현황_20251231.csv
2025-03-28,2025,3,28,4,금,0,0,0,0,0,18.0,17.0,9.0,8.0,18753,6594,4140,12032,8116,10637,9538,4129,1967,1697,1422,9215,2025,국가유산청 궁능유적본부_4대궁 관람객 수 현황_20251231.csv
2025-03-29,2025,3,29,5,토,1,0,0,0,0,18.0,17.0,9.0,8.0,17449,7652,4837,9846,8103,9346,9446,3561,868,1911,1663,8003,2025,국가유산청 궁능유적본부_4대궁 관람객 수 현황_20251231.csv
2025-03-30,2025,3,30,6,일,1,0,0,0,0,18.0,17.0,9.0,8.0,18390,8042,5177,5907,8074,10316,8035,5026,1174,1737,2418,10355,2025,국가유산청 궁능유적본부_4대궁 관람객 수 현황_20251231.csv
2025-03-31,2025,3,31,0,월,0,0,0,3,0,18.0,17.0,9.0,8.0,22161,0,0,0,9393,12768,9565,5477,1583,2801,2735,12596,2025,국가유산청 궁능유적본부_4대궁 관람객 수 현황_20251231.csv
2025-04-01,2025,4,1,1,화,0,1,1,0,0,18.0,17.0,9.0,8.0,0,12516,6884,14206,0,0,0,0,0,0,0,0,2025,국가유산청 궁능유적본부_4대궁 관람객 수 현황_20251231.csv
2025-04-02,2025,4,2,2,수,0,0,0,0,0,18.0,17.0,9.0,8.0,24578,8234,4629,10881,9635,14943,13870,5502,1373,1875,1958,10708,2025,국가유산청 궁능유적본부_4대궁 관람객 수 현황_20251231.csv
2025-04-03,2025,4,3,3,목,0,0,0,0,0,18.0,17.0,9.0,8.0,22378,9758,6156,13817,8741,13637,10586,8618,514,1705,955,11792,2025,국가유산청 궁능유적본부_4대궁 관람객 수 현황_20251231.csv
2025-04-04,2025,4,4,4,금,0,0,1,2,0,18.0,17.0,9.0,8.0,0,0,2137,0,0,0,0,0,0,0,0,0,2025,국가유산청 궁능유적본부_4대궁 관람객 수 현황_20251231.csv
2025-04-05,2025,4,5,5,토,1,0,0,0,0,18.0,17.0,9.0,8.0,10735,5614,3169,4969,5294,5441,7787,1737,278,751,182,2948,2025,국가유산청 궁능유적본부_4대궁 관람객 수 현황_20251231.csv
2025-04-06,2025,4,6,6,일,1,0,0,0,0,18.0,17.0,9.0,8.0,32771,18750,12994,13486,13987,18784,16979,8091,1543,3070,3088,15792,2025,국가유산청 궁능유적본부_4대궁 관람객 수 현황_20251231.csv
2025-04-07,2025,4,7,0,월,0,0,0,3,0,18.0,17.0,9.0,8.0,32961,0,0,0,12488,20473,17660,7573,2203,2680,2845,15301,2025,국가유산청 궁능유적본부_4대궁 관람객 수 현황_20251231.csv
2025-04-08,2025,4,8,1,화,0,1,1,0,0,18.0,17.0,9.0,8.0,0,19239,9475,20428,0,0,0,0,0,0,0,0,2025,국가유산청 궁능유적본부_4대궁 관람객 수 현황_20251231.csv
2025-04-09,2025,4,9,2,수,0,0,0,0,0,18.0,17.0,9.0,8.0,26135,11342,5868,16008,10328,15807,15177,5345,1268,1515,2830,10958,2025,국가유산청 궁능유적본부_4대궁 관람객 수 현황_20251231.csv
2025-04-10,2025,4,10,3,목,0,0,0,0,0,18.0,17.0,9.0,8.0,22847,11035,7023,18661,9400,13447,11883,4824,1242,2444,2454,10964,2025,국가유산청 궁능유적본부_4대궁 관람객 수 현황_20251231.csv
2025-04-11,2025,4,11,4,금,0,0,0,0,0,18.0,17.0,9.0,8.0,30591,12066,10715,25265,11268,19323,17152,6105,1251,2567,3516,13439,2025,국가유산청 궁능유적본부_4대궁 관람객 수 현황_20251231.csv
2025-04-12,2025,4,12,5,토,1,0,0,0,0,18.0,17.0,9.0,8.0,21899,12021,6837,10595,9961,11938,14383,6147,293,577,499,7516,2025,국가유산청 궁능유적본부_4대궁 관람객 수 현황_20251231.csv
2025-04-13,2025,4,13,6,일,1,0,0,0,0,18.0,17.0,9.0,8.0,16408,7473,2576,5472,7547,8861,8267,6755,272,886,228,8141,2025,국가유산청 궁능유적본부_4대궁 관람객 수 현황_20251231.csv
2025-04-14,2025,4,14,0,월,0,0,0,3,0,18.0,17.0,9.0,8.0,15293,0,0,0,6059,9234,10432,3456,244,399,762,4861,2025,국가유산청 궁능유적본부_4대궁 관람객 수 현황_20251231.csv
2025-04-15,2025,4,15,1,화,0,1,1,0,0,18.0,17.0,9.0,8.0,0,13065,6262,16659,0,0,0,0,0,0,0,0,2025,국가유산청 궁능유적본부_4대궁 관람객 수 현황_20251231.csv
2025-04-16,2025,4,16,2,수,0,0,0,0,0,18.0,17.0,9.0,8.0,34339,8462,4949,17336,13090,21249,26180,6129,340,767,923,8159,2025,국가유산청 궁능유적본부_4대궁 관람객 수 현황_20251231.csv
2025-04-17,2025,4,17,3,목,0,0,0,0,0,18.0,17.0,9.0,8.0,27367,8962,5192,13788,10346,17021,13929,9647,233,1102,2456,13438,2025,국가유산청 궁능유적본부_4대궁 관람객 수 현황_20251231.csv
2025-04-18,2025,4,18,4,금,0,0,0,0,0,18.0,17.0,9.0,8.0,25488,8032,5258,14815,9936,15552,13681,6220,1277,2774,1536,11807,2025,국가유산청 궁능유적본부_4대궁 관람객 수 현황_20251231.csv
2025-04-19,2025,4,19,5,토,1,0,0,0,0,18.0,17.0,9.0,8.0,17750,2080,3805,8689,8421,9329,10825,3498,223,1788,1416,6925,2025,국가유산청 궁능유적본부_4대궁 관람객 수 현황_20251231.csv
2025-04-20,2025,4,20,6,일,1,0,0,1,0,18.0,17.0,9.0,8.0,36710,0,7250,15475,15599,21111,20929,11815,407,1803,1756,15781,2025,국가유산청 궁능유적본부_4대궁 관람객 수 현황_20251231.csv
2025-04-21,2025,4,21,0,월,0,0,0,3,0,18.0,17.0,9.0,8.0,28696,0,0,0,11377,17319,21215,6044,235,822,380,7481,2025,국가유산청 궁능유적본부_4대궁 관람객 수 현황_20251231.csv
2025-04-22,2025,4,22,1,화,0,1,1,0,0,18.0,17.0,9.0,8.0,0,4498,1553,5014,0,0,0,0,0,0,0,0,2025,국가유산청 궁능유적본부_4대궁 관람객 수 현황_20251231.csv
2025-04-23,2025,4,23,2,수,0,0,0,0,0,18.0,17.0,9.0,8.0,30451,8728,5237,15725,11549,18902,23797,4899,312,893,550,6654,2025,국가유산청 궁능유적본부_4대궁 관람객 수 현황_20251231.csv
2025-04-24,2025,4,24,3,목,0,0,0,0,0,18.0,17.0,9.0,8.0,24398,6857,4892,14469,9134,15264,17492,5247,223,1035,401,6906,2025,국가유산청 궁능유적본부_4대궁 관람객 수 현황_20251231.csv
2025-04-25,2025,4,25,4,금,0,0,0,0,0,18.0,17.0,9.0,8.0,24889,7213,5974,15066,9575,15314,15184,6937,260,1102,1406,9705,2025,국가유산청 궁능유적본부_4대궁 관람객 수 현황_20251231.csv
2025-04-26,2025,4,26,5,토,1,0,0,0,0,18.0,17.0,9.0,8.0,34876,10906,12371,19441,14925,19951,25789,5434,389,1842,1422,9087,2025,국가유산청 궁능유적본부_4대궁 관람객 수 현황_20251231.csv
2025-04-27,2025,4,27,6,일,1,0,0,0,0,18.0,17.0,9.0,8.0,29462,9547,9266,12720,12029,17433,17962,7289,584,464,3163,11500,2025,국가유산청 궁능유적본부_4대궁 관람객 수 현황_20251231.csv
2025-04-28,2025,4,28,0,월,0,0,0,0,0,18.0,17.0,9.0,8.0,26202,3648,2401,4303,9071,17131,14570,6030,1531,1426,2645,11632,2025,국가유산청 궁능유적본부_4대궁 관람객 수 현황_20251231.csv
2025-04-29,2025,4,29,1,화,0,1,0,0,0,18.0,17.0,9.0,8.0,6966,8715,5959,14559,3268,3698,3924,2363,226,318,135,3042,2025,국가유산청 궁능유적본부_4대궁 관람객 수 현황_20251231.csv
2025-04-30,2025,4,30,2,수,0,0,0,0,0,18.0,17.0,9.0,8.0,45618,15125,15946,20474,0,45618,27342,3788,1151,5794,7543,18276,2025,국가유산청 궁능유적본부_4대궁 관람객 수 현황_20251231.csv
2025-05-01,2025,5,1,3,목,0,0,0,0,0,18.0,17.0,9.0,8.0,15990,3963,3747,11269,5444,10546,13401,1569,119,667,234,2589,2025,국가유산청 궁능유적본부_4대궁 관람객 수 현황_20251231.csv
2025-05-02,2025,5,2,4,금,0,0,0,0,0,18.0,17.0,9.0,8.0,38091,11513,8792,16684,15879,22212,19951,6688,1451,7148,2853,18140,2025,국가유산청 궁능유적본부_4대궁 관람객 수 현황_20251231.csv
2025-05-03,2025,5,3,5,토,1,0,0,0,0,18.0,17.0,9.0,8.0,30610,8795,9029,14059,13718,16892,24989,2884,479,1777,481,5621,2025,국가유산청 궁능유적본부_4대궁 관람객 수 현황_20251231.csv
2025-05-04,2025,5,4,6,일,1,0,0,0,0,18.0,17.0,9.0,8.0,48027,19618,20133,23983,21213,26814,41307,3244,921,2117,438,6720,2025,국가유산청 궁능유적본부_4대궁 관람객 수 현황_20251231.csv
2025-05-05,2025,5,5,0,월,0,0,0,0,1,18.0,17.0,9.0,8.0,42224,12409,10769,16267,13043,29181,28420,6172,1728,1825,4079,13804,2025,국가유산청 궁능유적본부_4대궁 관람객 수 현황_20251231.csv
2025-05-06,2025,5,6,1,화,0,1,0,0,1,18.0,17.0,9.0,8.0,21032,11072,9308,14105,9239,11793,18733,1589,126,309,275,2299,2025,국가유산청 궁능유적본부_4대궁 관람객 수 현황_20251231.csv
2025-05-07,2025,5,7,2,수,0,0,1,3,0,18.0,17.0,9.0,8.0,0,0,0,0,0,0,0,0,0,0,0,0,2025,국가유산청 궁능유적본부_4대궁 관람객 수 현황_20251231.csv
2025-05-08,2025,5,8,3,목,0,0,0,0,0,18.0,17.0,9.0,8.0,25633,6378,4192,12248,10913,14720,15571,7676,232,424,1730,10062,2025,국가유산청 궁능유적본부_4대궁 관람객 수 현황_20251231.csv
2025-05-09,2025,5,9,4,금,0,0,0,0,0,18.0,17.0,9.0,8.0,10996,2787,1314,4742,5565,5431,8951,1169,235,259,382,2045,2025,국가유산청 궁능유적본부_4대궁 관람객 수 현황_20251231.csv
2025-05-10,2025,5,10,5,토,1,0,0,0,0,18.0,17.0,9.0,8.0,18389,5605,4489,8027,10166,8223,13197,3003,239,533,1417,5192,2025,국가유산청 궁능유적본부_4대궁 관람객 수 현황_20251231.csv
2025-05-11,2025,5,11,6,일,1,0,0,0,0,18.0,17.0,9.0,8.0,32606,9829,7652,12573,15655,16951,26746,3696,382,1145,637,5860,2025,국가유산청 궁능유적본부_4대궁 관람객 수 현황_20251231.csv
2025-05-12,2025,5,12,0,월,0,0,0,2,0,18.0,17.0,9.0,8.0,24980,0,0,41,9097,15883,14562,6459,411,1490,2058,10418,2025,국가유산청 궁능유적본부_4대궁 관람객 수 현황_20251231.csv
2025-05-13,2025,5,13,1,화,0,1,1,0,0,18.0,17.0,9.0,8.0,0,10334,5836,14410,0,0,0,0,0,0,0,0,2025,국가유산청 궁능유적본부_4대궁 관람객 수 현황_20251231.csv
2025-05-14,2025,5,14,2,수,0,0,0,0,0,18.0,17.0,9.0,8.0,30088,7312,4385,12295,11023,19065,19900,5000,1380,1504,2304,10188,2025,국가유산청 궁능유적본부_4대궁 관람객 수 현황_20251231.csv
2025-05-15,2025,5,15,3,목,0,0,0,0,0,18.0,17.0,9.0,8.0,22748,5492,3786,12239,8489,14259,19199,2144,246,674,485,3549,2025,국가유산청 궁능유적본부_4대궁 관람객 수 현황_20251231.csv
2025-05-16,2025,5,16,4,금,0,0,0,0,0,18.0,17.0,9.0,8.0,17144,4504,2005,6076,8012,9132,14632,1660,161,344,347,2512,2025,국가유산청 궁능유적본부_4대궁 관람객 수 현황_20251231.csv
2025-05-17,2025,5,17,5,토,1,0,0,0,0,18.0,17.0,9.0,8.0,35080,11888,8629,14021,16395,18685,24774,6676,573,1670,1387,10306,2025,국가유산청 궁능유적본부_4대궁 관람객 수 현황_20251231.csv
2025-05-18,2025,5,18,6,일,1,0,0,0,0,18.0,17.0,9.0,8.0,32448,9006,8146,13268,15542,16906,20956,6440,581,701,3770,11492,2025,국가유산청 궁능유적본부_4대궁 관람객 수 현황_20251231.csv
2025-05-19,2025,5,19,0,월,0,0,0,3,0,18.0,17.0,9.0,8.0,20144,0,0,0,7891,12253,15144,2928,425,1107,540,5000,2025,국가유산청 궁능유적본부_4대궁 관람객 수 현황_20251231.csv
2025-05-20,2025,5,20,1,화,0,1,1,0,0,18.0,17.0,9.0,8.0,0,8448,3706,10772,0,0,0,0,0,0,0,0,2025,국가유산청 궁능유적본부_4대궁 관람객 수 현황_20251231.csv
2025-05-21,2025,5,21,2,수,0,0,0,0,0,18.0,17.0,9.0,8.0,28270,6198,3279,10957,11095,17175,22705,4062,379,627,497,5565,2025,국가유산청 궁능유적본부_4대궁 관람객 수 현황_20251231.csv
2025-05-22,2025,5,22,3,목,0,0,0,0,0,18.0,17.0,9.0,8.0,25551,5458,2994,10133,10711,14840,20714,2869,348,1218,402,4837,2025,국가유산청 궁능유적본부_4대궁 관람객 수 현황_20251231.csv
2025-05-23,2025,5,23,4,금,0,0,0,0,0,18.0,17.0,9.0,8.0,25892,6170,3459,15986,11215,14677,15964,3823,630,2808,2667,9928,2025,국가유산청 궁능유적본부_4대궁 관람객 수 현황_20251231.csv
2025-05-24,2025,5,24,5,토,1,0,0,0,0,18.0,17.0,9.0,8.0,33204,7491,7616,18461,15675,17529,23113,6503,522,824,2242,10091,2025,국가유산청 궁능유적본부_4대궁 관람객 수 현황_20251231.csv
2025-05-25,2025,5,25,6,일,1,0,0,0,0,18.0,17.0,9.0,8.0,30564,9233,6287,12236,15076,15488,26382,2731,420,479,552,4182,2025,국가유산청 궁능유적본부_4대궁 관람객 수 현황_20251231.csv
2025-05-26,2025,5,26,0,월,0,0,0,3,0,18.0,17.0,9.0,8.0,22173,0,0,0,8168,14005,17034,3195,279,1118,547,5139,2025,국가유산청 궁능유적본부_4대궁 관람객 수 현황_20251231.csv
2025-05-27,2025,5,27,1,화,0,1,1,0,0,18.0,17.0,9.0,8.0,0,9011,3702,11974,0,0,0,0,0,0,0,0,2025,국가유산청 궁능유적본부_4대궁 관람객 수 현황_20251231.csv
2025-05-28,2025,5,28,2,수,0,0,0,0,0,18.0,17.0,9.0,8.0,42476,16453,19622,17363,2433,40043,23139,4278,1669,6678,6712,19337,2025,국가유산청 궁능유적본부_4대궁 관람객 수 현황_20251231.csv
2025-05-29,2025,5,29,3,목,0,0,0,0,0,18.0,17.0,9.0,8.0,22948,5361,2876,10456,9491,13457,18932,2716,242,606,452,4016,2025,국가유산청 궁능유적본부_4대궁 관람객 수 현황_20251231.csv
2025-05-30,2025,5,30,4,금,0,0,0,0,0,18.0,17.0,9.0,8.0,25038,5453,3458,10539,10217,14821,20962,2451,276,975,374,4076,2025,국가유산청 궁능유적본부_4대궁 관람객 수 현황_20251231.csv
2025-05-31,2025,5,31,5,토,1,0,0,0,0,18.0,17.0,9.0,8.0,34388,7668,6909,14012,15690,18698,22143,4800,2421,3419,1605,12245,2025,국가유산청 궁능유적본부_4대궁 관람객 수 현황_20251231.csv
2025-06-01,2025,6,1,6,일,1,0,0,0,0,18.5,17.5,9.5,8.5,29869,7387,5066,8955,13754,16115,17717,5843,2002,2089,2218,12152,2025,국가유산청 궁능유적본부_4대궁 관람객 수 현황_20251231.csv
2025-06-02,2025,6,2,0,월,0,0,0,3,0,18.5,17.5,9.5,8.5,18036,0,0,0,7287,10749,13800,3065,313,635,223,4236,2025,국가유산청 궁능유적본부_4대궁 관람객 수 현황_20251231.csv
2025-06-03,2025,6,3,1,화,0,1,0,0,1,18.5,17.5,9.5,8.5,17317,9237,5579,12687,7618,9699,14505,1926,185,444,257,2812,2025,국가유산청 궁능유적본부_4대궁 관람객 수 현황_20251231.csv
2025-06-04,2025,6,4,2,수,0,0,1,0,0,18.5,17.5,9.5,8.5,0,9043,3462,11061,0,0,0,0,0,0,0,0,2025,국가유산청 궁능유적본부_4대궁 관람객 수 현황_20251231.csv
2025-06-05,2025,6,5,3,목,0,0,0,0,0,18.5,17.5,9.5,8.5,27012,5454,3398,10038,11712,15300,21592,3525,253,1152,490,5420,2025,국가유산청 궁능유적본부_4대궁 관람객 수 현황_20251231.csv
2025-06-06,2025,6,6,4,금,0,0,0,0,1,18.5,17.5,9.5,8.5,39700,10304,9265,15644,18745,20955,27625,8630,402,615,2428,12075,2025,국가유산청 궁능유적본부_4대궁 관람객 수 현황_20251231.csv
2025-06-07,2025,6,7,5,토,1,0,0,0,0,18.5,17.5,9.5,8.5,39052,8841,7549,14832,18480,20572,28802,6490,527,568,2665,10250,2025,국가유산청 궁능유적본부_4대궁 관람객 수 현황_20251231.csv
2025-06-08,2025,6,8,6,일,1,0,0,0,0,18.5,17.5,9.5,8.5,29408,6621,4418,7531,13465,15943,19044,5147,1389,1524,2304,10364,2025,국가유산청 궁능유적본부_4대궁 관람객 수 현황_20251231.csv
2025-06-09,2025,6,9,0,월,0,0,0,2,0,18.5,17.5,9.5,8.5,17205,0,0,52,6982,10223,9868,5323,206,420,1388,7337,2025,국가유산청 궁능유적본부_4대궁 관람객 수 현황_20251231.csv
2025-06-10,2025,6,10,1,화,0,1,1,0,0,18.5,17.5,9.5,8.5,0,9279,3723,10982,0,0,0,0,0,0,0,0,2025,국가유산청 궁능유적본부_4대궁 관람객 수 현황_20251231.csv
2025-06-11,2025,6,11,2,수,0,0,0,0,0,18.5,17.5,9.5,8.5,25529,4825,2647,9329,12087,13442,14975,4543,480,2378,3153,10554,2025,국가유산청 궁능유적본부_4대궁 관람객 수 현황_20251231.csv
2025-06-12,2025,6,12,3,목,0,0,0,0,0,18.5,17.5,9.5,8.5,21837,4967,2071,8855,10598,11239,11826,4629,869,2077,2436,10011,2025,국가유산청 궁능유적본부_4대궁 관람객 수 현황_20251231.csv
2025-06-13,2025,6,13,4,금,0,0,0,0,0,18.5,17.5,9.5,8.5,21642,4843,2552,9221,11207,10435,14317,3994,260,1650,1421,7325,2025,국가유산청 궁능유적본부_4대궁 관람객 수 현황_20251231.csv
2025-06-14,2025,6,14,5,토,1,0,0,0,0,18.5,17.5,9.5,8.5,26698,9523,6284,11354,13129,13569,16681,6418,824,1307,1468,10017,2025,국가유산청 궁능유적본부_4대궁 관람객 수 현황_20251231.csv
2025-06-15,2025,6,15,6,일,1,0,0,0,0,18.5,17.5,9.5,8.5,22546,5420,2725,6383,11525,11021,15077,3628,549,1773,1519,7469,2025,국가유산청 궁능유적본부_4대궁 관람객 수 현황_20251231.csv
2025-06-16,2025,6,16,0,월,0,0,0,3,0,18.5,17.5,9.5,8.5,18028,0,0,0,7507,10521,13617,3144,262,559,446,4411,2025,국가유산청 궁능유적본부_4대궁 관람객 수 현황_20251231.csv
2025-06-17,2025,6,17,1,화,0,1,1,0,0,18.5,17.5,9.5,8.5,0,7059,2697,9119,0,0,0,0,0,0,0,0,2025,국가유산청 궁능유적본부_4대궁 관람객 수 현황_20251231.csv
2025-06-18,2025,6,18,2,수,0,0,0,0,0,18.5,17.5,9.5,8.5,24140,4996,2223,8142,10021,14119,11086,8194,510,2985,1365,13054,2025,국가유산청 궁능유적본부_4대궁 관람객 수 현황_20251231.csv
2025-06-19,2025,6,19,3,목,0,0,0,0,0,18.5,17.5,9.5,8.5,20335,4075,1783,6895,9227,11108,10777,4766,459,2593,1740,9558,2025,국가유산청 궁능유적본부_4대궁 관람객 수 현황_20251231.csv
2025-06-20,2025,6,20,4,금,0,0,0,0,0,18.5,17.5,9.5,8.5,8826,1953,687,3707,4383,4443,5276,2669,163,398,320,3550,2025,국가유산청 궁능유적본부_4대궁 관람객 수 현황_20251231.csv
2025-06-21,2025,6,21,5,토,1,0,0,0,0,18.5,17.5,9.5,8.5,24605,6607,5083,11573,12135,12470,13779,5129,2699,2178,820,10826,2025,국가유산청 궁능유적본부_4대궁 관람객 수 현황_20251231.csv
2025-06-22,2025,6,22,6,일,1,0,0,0,0,18.5,17.5,9.5,8.5,27152,6200,4521,8160,11232,15920,13034,5363,2054,3387,3314,14118,2025,국가유산청 궁능유적본부_4대궁 관람객 수 현황_20251231.csv
2025-06-23,2025,6,23,0,월,0,0,0,3,0,18.5,17.5,9.5,8.5,20259,0,0,0,9159,11100,11358,5039,405,1909,1548,8901,2025,국가유산청 궁능유적본부_4대궁 관람객 수 현황_20251231.csv
2025-06-24,2025,6,24,1,화,0,1,1,0,0,18.5,17.5,9.5,8.5,0,7640,3235,10956,0,0,0,0,0,0,0,0,2025,국가유산청 궁능유적본부_4대궁 관람객 수 현황_20251231.csv
2025-06-25,2025,6,25,2,수,0,0,0,0,0,18.5,17.5,9.5,8.5,33761,5640,7186,10796,0,33761,16690,5143,2101,4818,5009,17071,2025,국가유산청 궁능유적본부_4대궁 관람객 수 현황_20251231.csv
2025-06-26,2025,6,26,3,목,0,0,0,0,0,18.5,17.5,9.5,8.5,30216,4663,2850,10689,12155,18061,23115,4782,356,1153,810,7101,2025,국가유산청 궁능유적본부_4대궁 관람객 수 현황_20251231.csv
2025-06-27,2025,6,27,4,금,0,0,0,0,0,18.5,17.5,9.5,8.5,22434,4322,2723,13179,9357,13077,11759,4424,1816,2521,1914,10675,2025,국가유산청 궁능유적본부_4대궁 관람객 수 현황_20251231.csv
2025-06-28,2025,6,28,5,토,1,0,0,0,0,18.5,17.5,9.5,8.5,21949,5618,4096,9129,8927,13022,11848,6558,451,969,2123,10101,2025,국가유산청 궁능유적본부_4대궁 관람객 수 현황_20251231.csv
2025-06-29,2025,6,29,6,일,1,0,0,0,0,18.5,17.5,9.5,8.5,19362,4831,3367,6458,8356,11006,14145,3013,406,1282,516,5217,2025,국가유산청 궁능유적본부_4대궁 관람객 수 현황_20251231.csv
2025-06-30,2025,6,30,0,월,0,0,0,3,0,18.5,17.5,9.5,8.5,17104,0,0,0,6905,10199,8039,4098,637,2499,1831,9065,2025,국가유산청 궁능유적본부_4대궁 관람객 수 현황_20251231.csv
2025-07-01,2025,7,1,1,화,0,1,1,0,0,18.5,17.5,9.5,8.5,0,5910,1561,6003,0,0,0,0,0,0,0,0,2025,국가유산청 궁능유적본부_4대궁 관람객 수 현황_20251231.csv
2025-07-02,2025,7,2,2,수,0,0,0,0,0,18.5,17.5,9.5,8.5,22706,2785,1420,6492,10558,12148,12387,4304,1246,2904,1865,10319,2025,국가유산청 궁능유적본부_4대궁 관람객 수 현황_20251231.csv
2025-07-03,2025,7,3,3,목,0,0,0,0,0,18.5,17.5,9.5,8.5,16720,3427,1364,6609,7271,9449,9402,3818,261,2861,378,7318,2025,국가유산청 궁능유적본부_4대궁 관람객 수 현황_20251231.csv
2025-07-04,2025,7,4,4,금,0,0,0,0,0,18.5,17.5,9.5,8.5,18639,2958,1667,6618,7220,11419,9807,4799,339,2162,1532,8832,2025,국가유산청 궁능유적본부_4대궁 관람객 수 현황_20251231.csv
2025-07-05,2025,7,5,5,토,1,0,0,0,0,18.5,17.5,9.5,8.5,17574,3827,2846,7843,8679,8895,9628,3903,391,2272,1380,7946,2025,국가유산청 궁능유적본부_4대궁 관람객 수 현황_20251231.csv
2025-07-06,2025,7,6,6,일,1,0,0,0,0,18.5,17.5,9.5,8.5,17352,3381,2063,5460,7983,9369,9221,4306,349,2015,1461,8131,2025,국가유산청 궁능유적본부_4대궁 관람객 수 현황_20251231.csv
2025-07-07,2025,7,7,0,월,0,0,0,3,0,18.5,17.5,9.5,8.5,24644,0,0,0,15054,9590,15388,3645,1318,2502,1791,9256,2025,국가유산청 궁능유적본부_4대궁 관람객 수 현황_20251231.csv
2025-07-08,2025,7,8,1,화,0,1,1,0,0,18.5,17.5,9.5,8.5,0,4045,1060,4128,0,0,0,0,0,0,0,0,2025,국가유산청 궁능유적본부_4대궁 관람객 수 현황_20251231.csv
2025-07-09,2025,7,9,2,수,0,0,0,0,0,18.5,17.5,9.5,8.5,15883,2237,875,3630,7421,8462,6679,4870,251,2527,1556,9204,2025,국가유산청 궁능유적본부_4대궁 관람객 수 현황_20251231.csv
2025-07-10,2025,7,10,3,목,0,0,0,0,0,18.5,17.5,9.5,8.5,15409,1969,1010,3730,7186,8223,8254,3358,1038,2418,341,7155,2025,국가유산청 궁능유적본부_4대궁 관람객 수 현황_20251231.csv
2025-07-11,2025,7,11,4,금,0,0,0,0,0,18.5,17.5,9.5,8.5,15155,2135,1062,4084,6853,8302,6296,4675,313,2253,1618,8859,2025,국가유산청 궁능유적본부_4대궁 관람객 수 현황_20251231.csv
2025-07-12,2025,7,12,5,토,1,0,0,0,0,18.5,17.5,9.5,8.5,21022,3406,2057,5357,9055,11967,10392,4842,1104,2519,2165,10630,2025,국가유산청 궁능유적본부_4대궁 관람객 수 현황_20251231.csv
2025-07-13,2025,7,13,6,일,1,0,0,0,0,18.5,17.5,9.5,8.5,18439,3154,1732,4345,8909,9530,10283,4023,458,2037,1638,8156,2025,국가유산청 궁능유적본부_4대궁 관람객 수 현황_20251231.csv
2025-07-14,2025,7,14,0,월,0,0,0,2,0,18.5,17.5,9.5,8.5,16867,0,0,99,8013,8854,9861,3605,296,2237,868,7006,2025,국가유산청 궁능유적본부_4대궁 관람객 수 현황_20251231.csv
2025-07-15,2025,7,15,1,화,0,1,1,0,0,18.5,17.5,9.5,8.5,0,5941,2448,8051,0,0,0,0,0,0,0,0,2025,국가유산청 궁능유적본부_4대궁 관람객 수 현황_20251231.csv
2025-07-16,2025,7,16,2,수,0,0,0,0,0,18.5,17.5,9.5,8.5,14668,2296,844,4827,6723,7945,7542,3992,310,1279,1545,7126,2025,국가유산청 궁능유적본부_4대궁 관람객 수 현황_20251231.csv
2025-07-17,2025,7,17,3,목,0,0,0,0,0,18.5,17.5,9.5,8.5,9757,2399,865,5553,5197,4560,4514,2995,139,1725,384,5243,2025,국가유산청 궁능유적본부_4대궁 관람객 수 현황_20251231.csv
2025-07-18,2025,7,18,4,금,0,0,0,0,0,18.5,17.5,9.5,8.5,20185,2374,1117,4848,14507,5678,13729,2577,867,2013,999,6456,2025,국가유산청 궁능유적본부_4대궁 관람객 수 현황_20251231.csv
2025-07-19,2025,7,19,5,토,1,0,0,0,0,18.5,17.5,9.5,8.5,14754,3414,2283,6023,7534,7220,7786,3345,424,1865,1334,6968,2025,국가유산청 궁능유적본부_4대궁 관람객 수 현황_20251231.csv
2025-07-20,2025,7,20,6,일,1,0,0,0,0,18.5,17.5,9.5,8.5,19524,3859,2269,5593,8726,10798,9509,3833,948,3637,1597,10015,2025,국가유산청 궁능유적본부_4대궁 관람객 수 현황_20251231.csv
2025-07-21,2025,7,21,0,월,0,0,0,3,0,18.5,17.5,9.5,8.5,14800,0,0,0,6910,7890,6169,4346,567,2426,1292,8631,2025,국가유산청 궁능유적본부_4대궁 관람객 수 현황_20251231.csv
2025-07-22,2025,7,22,1,화,0,1,1,0,0,18.5,17.5,9.5,8.5,0,4615,1984,5457,0,0,0,0,0,0,0,0,2025,국가유산청 궁능유적본부_4대궁 관람객 수 현황_20251231.csv
2025-07-23,2025,7,23,2,수,0,0,0,0,0,18.5,17.5,9.5,8.5,16513,2539,1376,4713,7690,8823,7991,2665,411,3125,2321,8522,2025,국가유산청 궁능유적본부_4대궁 관람객 수 현황_20251231.csv
2025-07-24,2025,7,24,3,목,0,0,0,0,0,18.5,17.5,9.5,8.5,11800,2353,1308,4690,5326,6474,6219,2144,291,1899,1247,5581,2025,국가유산청 궁능유적본부_4대궁 관람객 수 현황_20251231.csv
2025-07-25,2025,7,25,4,금,0,0,0,0,0,18.5,17.5,9.5,8.5,9976,1741,1061,3992,4785,5191,4551,2778,333,910,1404,5425,2025,국가유산청 궁능유적본부_4대궁 관람객 수 현황_20251231.csv
2025-07-26,2025,7,26,5,토,1,0,0,0,0,18.5,17.5,9.5,8.5,12893,2464,1809,3951,6233,6660,5432,2790,1011,2229,1431,7461,2025,국가유산청 궁능유적본부_4대궁 관람객 수 현황_20251231.csv
2025-07-27,2025,7,27,6,일,1,0,0,0,0,18.5,17.5,9.5,8.5,13053,2970,1643,3203,6184,6869,5225,3552,363,2097,1816,7828,2025,국가유산청 궁능유적본부_4대궁 관람객 수 현황_20251231.csv
2025-07-28,2025,7,28,0,월,0,0,0,3,0,18.5,17.5,9.5,8.5,12607,0,0,0,6572,6035,5977,3351,486,2192,601,6630,2025,국가유산청 궁능유적본부_4대궁 관람객 수 현황_20251231.csv
2025-07-29,2025,7,29,1,화,0,1,1,0,0,18.5,17.5,9.5,8.5,0,4698,1748,4760,0,0,0,0,0,0,0,0,2025,국가유산청 궁능유적본부_4대궁 관람객 수 현황_20251231.csv
2025-07-30,2025,7,30,2,수,0,0,0,0,0,18.5,17.5,9.5,8.5,41248,5121,2320,5796,0,41248,14584,13017,399,9637,3611,26664,2025,국가유산청 궁능유적본부_4대궁 관람객 수 현황_20251231.csv
2025-07-31,2025,7,31,3,목,0,0,0,0,0,18.5,17.5,9.5,8.5,13842,2877,1744,5611,6329,7513,9299,2646,405,1044,448,4543,2025,국가유산청 궁능유적본부_4대궁 관람객 수 현황_20251231.csv
2025-08-01,2025,8,1,4,금,0,0,0,0,0,18.5,17.5,9.5,8.5,12426,2976,1486,5986,6648,5778,6075,3197,509,1981,664,6351,2025,국가유산청 궁능유적본부_4대궁 관람객 수 현황_20251231.csv
2025-08-02,2025,8,2,5,토,1,0,0,0,0,18.5,17.5,9.5,8.5,14830,3451,2235,4710,7033,7797,6245,3470,1407,2273,1435,8585,2025,국가유산청 궁능유적본부_4대궁 관람객 수 현황_20251231.csv
2025-08-03,2025,8,3,6,일,1,0,0,0,0,18.5,17.5,9.5,8.5,13278,3541,1827,4102,7552,5726,7155,3355,424,1218,1126,6123,2025,국가유산청 궁능유적본부_4대궁 관람객 수 현황_20251231.csv
2025-08-04,2025,8,4,0,월,0,0,0,3,0,18.5,17.5,9.5,8.5,12547,0,0,0,6502,6045,6007,4613,590,1102,235,6540,2025,국가유산청 궁능유적본부_4대궁 관람객 수 현황_20251231.csv
2025-08-05,2025,8,5,1,화,0,1,1,0,0,18.5,17.5,9.5,8.5,0,5112,1932,5752,0,0,0,0,0,0,0,0,2025,국가유산청 궁능유적본부_4대궁 관람객 수 현황_20251231.csv
2025-08-06,2025,8,6,2,수,0,0,0,0,0,18.5,17.5,9.5,8.5,10017,2134,1139,3727,5487,4530,4832,2758,355,1764,308,5185,2025,국가유산청 궁능유적본부_4대궁 관람객 수 현황_20251231.csv
2025-08-07,2025,8,7,3,목,0,0,0,0,0,18.5,17.5,9.5,8.5,15513,3427,1544,5598,7888,7625,6372,4374,613,3055,1099,9141,2025,국가유산청 궁능유적본부_4대궁 관람객 수 현황_20251231.csv
2025-08-08,2025,8,8,4,금,0,0,0,0,0,18.5,17.5,9.5,8.5,14910,3118,1476,6796,6753,8157,7640,3401,1514,2224,131,7270,2025,국가유산청 궁능유적본부_4대궁 관람객 수 현황_20251231.csv
2025-08-09,2025,8,9,5,토,1,0,0,0,0,18.5,17.5,9.5,8.5,17941,4361,3091,8823,8840,9101,9469,3688,1559,2018,1207,8472,2025,국가유산청 궁능유적본부_4대궁 관람객 수 현황_20251231.csv
2025-08-10,2025,8,10,6,일,1,0,0,0,0,18.5,17.5,9.5,8.5,20645,4698,2815,5463,9250,11395,8949,9175,1136,1151,234,11696,2025,국가유산청 궁능유적본부_4대궁 관람객 수 현황_20251231.csv
2025-08-11,2025,8,11,0,월,0,0,0,3,0,18.5,17.5,9.5,8.5,19576,0,0,0,9018,10558,9901,3982,1215,2587,1891,9675,2025,국가유산청 궁능유적본부_4대궁 관람객 수 현황_20251231.csv
2025-08-12,2025,8,12,1,화,0,1,1,0,0,18.5,17.5,9.5,8.5,0,6712,2912,8560,0,0,0,0,0,0,0,0,2025,국가유산청 궁능유적본부_4대궁 관람객 수 현황_20251231.csv
2025-08-13,2025,8,13,2,수,0,0,0,0,0,18.5,17.5,9.5,8.5,8487,1698,508,3490,4617,3870,3472,3224,454,1126,211,5015,2025,국가유산청 궁능유적본부_4대궁 관람객 수 현황_20251231.csv
2025-08-14,2025,8,14,3,목,0,0,0,0,0,18.5,17.5,9.5,8.5,16133,3250,1674,8507,7969,8164,5683,3903,1993,3138,1416,10450,2025,국가유산청 궁능유적본부_4대궁 관람객 수 현황_20251231.csv
2025-08-15,2025,8,15,4,금,0,0,0,0,1,18.5,17.5,9.5,8.5,20185,5703,3723,15020,10625,9560,10111,4247,1744,2426,1657,10074,2025,국가유산청 궁능유적본부_4대궁 관람객 수 현황_20251231.csv
2025-08-16,2025,8,16,5,토,1,0,0,0,0,18.5,17.5,9.5,8.5,21215,5307,3821,11848,10871,10344,13540,3082,741,2514,1338,7675,2025,국가유산청 궁능유적본부_4대궁 관람객 수 현황_20251231.csv
2025-08-17,2025,8,17,6,일,1,0,0,0,0,18.5,17.5,9.5,8.5,16997,4520,2316,6700,8020,8977,8514,3413,1514,2358,1198,8483,2025,국가유산청 궁능유적본부_4대궁 관람객 수 현황_20251231.csv
2025-08-18,2025,8,18,0,월,0,0,0,3,0,18.5,17.5,9.5,8.5,12514,0,0,0,6072,6442,5558,3065,570,2085,1236,6956,2025,국가유산청 궁능유적본부_4대궁 관람객 수 현황_20251231.csv
2025-08-19,2025,8,19,1,화,0,1,1,0,0,18.5,17.5,9.5,8.5,0,5632,1961,7231,0,0,0,0,0,0,0,0,2025,국가유산청 궁능유적본부_4대궁 관람객 수 현황_20251231.csv
2025-08-20,2025,8,20,2,수,0,0,0,0,0,18.5,17.5,9.5,8.5,15421,3607,1405,6290,6970,8451,5694,4210,725,2291,2501,9727,2025,국가유산청 궁능유적본부_4대궁 관람객 수 현황_20251231.csv
2025-08-21,2025,8,21,3,목,0,0,0,0,0,18.5,17.5,9.5,8.5,15520,2950,1321,6103,7124,8396,6344,6052,580,2300,244,9176,2025,국가유산청 궁능유적본부_4대궁 관람객 수 현황_20251231.csv
2025-08-22,2025,8,22,4,금,0,0,0,0,0,18.5,17.5,9.5,8.5,12550,2955,1462,5969,6154,6396,4843,3160,721,2258,1568,7707,2025,국가유산청 궁능유적본부_4대궁 관람객 수 현황_20251231.csv
2025-08-23,2025,8,23,5,토,1,0,0,0,0,18.5,17.5,9.5,8.5,17541,4453,2592,8674,8703,8838,8948,4461,648,2098,1386,8593,2025,국가유산청 궁능유적본부_4대궁 관람객 수 현황_20251231.csv
2025-08-24,2025,8,24,6,일,1,0,0,0,0,18.5,17.5,9.5,8.5,13718,3227,1658,5192,6638,7080,6077,3228,1147,2016,1250,7641,2025,국가유산청 궁능유적본부_4대궁 관람객 수 현황_20251231.csv
2025-08-25,2025,8,25,0,월,0,0,0,3,0,18.5,17.5,9.5,8.5,12557,0,0,0,6149,6408,5173,3193,558,2263,1370,7384,2025,국가유산청 궁능유적본부_4대궁 관람객 수 현황_20251231.csv
2025-08-26,2025,8,26,1,화,0,1,1,0,0,18.5,17.5,9.5,8.5,0,5069,1714,7294,0,0,0,0,0,0,0,0,2025,국가유산청 궁능유적본부_4대궁 관람객 수 현황_20251231.csv
2025-08-27,2025,8,27,2,수,0,0,0,0,0,18.5,17.5,9.5,8.5,28361,7136,5327,17554,0,28361,11331,5813,2788,4908,3521,17030,2025,국가유산청 궁능유적본부_4대궁 관람객 수 현황_20251231.csv
2025-08-28,2025,8,28,3,목,0,0,0,0,0,18.5,17.5,9.5,8.5,14656,3043,1628,6347,6275,8381,5595,3876,1503,2393,1289,9061,2025,국가유산청 궁능유적본부_4대궁 관람객 수 현황_20251231.csv
2025-08-29,2025,8,29,4,금,0,0,0,0,0,18.5,17.5,9.5,8.5,12051,2725,1194,6063,5475,6576,4920,3275,1448,2182,226,7131,2025,국가유산청 궁능유적본부_4대궁 관람객 수 현황_20251231.csv
2025-08-30,2025,8,30,5,토,1,0,0,0,0,18.5,17.5,9.5,8.5,14156,3866,2802,8529,6946,7210,6044,3473,1379,2018,1242,8112,2025,국가유산청 궁능유적본부_4대궁 관람객 수 현황_20251231.csv
2025-08-31,2025,8,31,6,일,1,0,0,0,0,18.5,17.5,9.5,8.5,12840,3786,2070,5544,6465,6375,6577,4908,422,564,369,6263,2025,국가유산청 궁능유적본부_4대궁 관람객 수 현황_20251231.csv
2025-09-01,2025,9,1,0,월,0,0,0,3,0,18.0,17.0,9.0,8.0,10765,0,0,0,5198,5567,3986,3377,384,2796,222,6779,2025,국가유산청 궁능유적본부_4대궁 관람객 수 현황_20251231.csv
2025-09-02,2025,9,2,1,화,0,1,1,0,0,18.0,17.0,9.0,8.0,0,7191,1733,9561,0,0,0,0,0,0,0,0,2025,국가유산청 궁능유적본부_4대궁 관람객 수 현황_20251231.csv
2025-09-03,2025,9,3,2,수,0,0,0,0,0,18.0,17.0,9.0,8.0,21116,3392,1460,7492,10496,10620,11522,7515,682,683,714,9594,2025,국가유산청 궁능유적본부_4대궁 관람객 수 현황_20251231.csv
2025-09-04,2025,9,4,3,목,0,0,0,0,0,18.0,17.0,9.0,8.0,13430,3118,1375,8050,8332,5098,8212,3082,322,445,1369,5218,2025,국가유산청 궁능유적본부_4대궁 관람객 수 현황_20251231.csv
2025-09-05,2025,9,5,4,금,0,0,0,0,0,18.0,17.0,9.0,8.0,20247,4204,1676,8689,10095,10152,10153,4163,698,1600,3633,10094,2025,국가유산청 궁능유적본부_4대궁 관람객 수 현황_20251231.csv
2025-09-06,2025,9,6,5,토,1,0,0,0,0,18.0,17.0,9.0,8.0,15242,3958,2207,7527,8957,6285,8924,3118,446,2549,205,6318,2025,국가유산청 궁능유적본부_4대궁 관람객 수 현황_20251231.csv
2025-09-07,2025,9,7,6,일,1,0,0,0,0,18.0,17.0,9.0,8.0,20616,5710,3985,10264,11988,8628,12914,4060,587,1651,1404,7702,2025,국가유산청 궁능유적본부_4대궁 관람객 수 현황_20251231.csv
2025-09-08,2025,9,8,0,월,0,0,0,3,0,18.0,17.0,9.0,8.0,15514,0,0,0,7037,8477,6078,5160,717,1577,1982,9436,2025,국가유산청 궁능유적본부_4대궁 관람객 수 현황_20251231.csv
2025-09-09,2025,9,9,1,화,0,1,1,0,0,18.0,17.0,9.0,8.0,0,6388,3094,11861,0,0,0,0,0,0,0,0,2025,국가유산청 궁능유적본부_4대궁 관람객 수 현황_20251231.csv
2025-09-10,2025,9,10,2,수,0,0,0,0,0,18.0,17.0,9.0,8.0,23885,3814,2467,10728,11997,11888,12383,5261,1926,2799,1516,11502,2025,국가유산청 궁능유적본부_4대궁 관람객 수 현황_20251231.csv
2025-09-11,2025,9,11,3,목,0,0,0,0,0,18.0,17.0,9.0,8.0,19819,4113,2194,10234,10143,9676,11704,4009,1551,1094,1461,8115,2025,국가유산청 궁능유적본부_4대궁 관람객 수 현황_20251231.csv
2025-09-12,2025,9,12,4,금,0,0,0,0,0,18.0,17.0,9.0,8.0,19888,4441,2591,10984,10595,9293,11395,3356,1692,1634,1811,8493,2025,국가유산청 궁능유적본부_4대궁 관람객 수 현황_20251231.csv
2025-09-13,2025,9,13,5,토,1,0,0,0,0,18.0,17.0,9.0,8.0,24884,5105,5454,12401,12635,12249,14264,3706,1751,4779,384,10620,2025,국가유산청 궁능유적본부_4대궁 관람객 수 현황_20251231.csv
2025-09-14,2025,9,14,6,일,1,0,0,0,0,18.0,17.0,9.0,8.0,27287,5998,4747,10202,14701,12586,16275,4238,2124,2661,1989,11012,2025,국가유산청 궁능유적본부_4대궁 관람객 수 현황_20251231.csv
2025-09-15,2025,9,15,0,월,0,0,0,3,0,18.0,17.0,9.0,8.0,20763,0,0,0,9044,11719,10866,8167,678,725,327,9897,2025,국가유산청 궁능유적본부_4대궁 관람객 수 현황_20251231.csv
2025-09-16,2025,9,16,1,화,0,1,1,0,0,18.0,17.0,9.0,8.0,0,6022,1877,9174,0,0,0,0,0,0,0,0,2025,국가유산청 궁능유적본부_4대궁 관람객 수 현황_20251231.csv
2025-09-17,2025,9,17,2,수,0,0,0,0,0,18.0,17.0,9.0,8.0,16456,2351,1080,6825,8979,7477,9719,3659,427,867,1784,6737,2025,국가유산청 궁능유적본부_4대궁 관람객 수 현황_20251231.csv
2025-09-18,2025,9,18,3,목,0,0,0,0,0,18.0,17.0,9.0,8.0,23872,5158,2945,11252,12757,11115,14172,4951,786,2257,1706,9700,2025,국가유산청 궁능유적본부_4대궁 관람객 수 현황_20251231.csv
2025-09-19,2025,9,19,4,금,0,0,0,0,0,18.0,17.0,9.0,8.0,18457,3851,1910,6590,10753,7704,9683,4164,1303,1552,1755,8774,2025,국가유산청 궁능유적본부_4대궁 관람객 수 현황_20251231.csv
2025-09-20,2025,9,20,5,토,1,0,0,0,0,18.0,17.0,9.0,8.0,30393,7238,8018,15972,15408,14985,19057,4787,1662,2274,2613,11336,2025,국가유산청 궁능유적본부_4대궁 관람객 수 현황_20251231.csv
2025-09-21,2025,9,21,6,일,1,0,0,0,0,18.0,17.0,9.0,8.0,31766,6938,6562,12239,16384,15382,17593,7466,2098,1938,2671,14173,2025,국가유산청 궁능유적본부_4대궁 관람객 수 현황_20251231.csv
2025-09-22,2025,9,22,0,월,0,0,0,3,0,18.0,17.0,9.0,8.0,22321,0,0,0,9808,12513,11471,5407,1802,3149,492,10850,2025,국가유산청 궁능유적본부_4대궁 관람객 수 현황_20251231.csv
2025-09-23,2025,9,23,1,화,0,1,1,0,0,18.0,17.0,9.0,8.0,0,8499,3735,13269,0,0,0,0,0,0,0,0,2025,국가유산청 궁능유적본부_4대궁 관람객 수 현황_20251231.csv
2025-09-24,2025,9,24,2,수,0,0,0,0,0,18.0,17.0,9.0,8.0,21195,6310,2793,8482,3026,18169,10251,3750,1059,4261,1874,10944,2025,국가유산청 궁능유적본부_4대궁 관람객 수 현황_20251231.csv
2025-09-25,2025,9,25,3,목,0,0,0,0,0,18.0,17.0,9.0,8.0,24808,5150,3285,14040,13829,10979,14411,5494,717,2570,1616,10397,2025,국가유산청 궁능유적본부_4대궁 관람객 수 현황_20251231.csv
2025-09-26,2025,9,26,4,금,0,0,0,0,0,18.0,17.0,9.0,8.0,21387,5275,4448,11626,11983,9404,14409,4550,540,550,1338,6978,2025,국가유산청 궁능유적본부_4대궁 관람객 수 현황_20251231.csv
2025-09-27,2025,9,27,5,토,1,0,0,0,0,18.0,17.0,9.0,8.0,27064,6680,7525,14662,15040,12024,17359,4473,678,1675,2879,9705,2025,국가유산청 궁능유적본부_4대궁 관람객 수 현황_20251231.csv
2025-09-28,2025,9,28,6,일,1,0,0,0,0,18.0,17.0,9.0,8.0,14925,4188,3911,5631,9284,5641,11448,2420,336,499,222,3477,2025,국가유산청 궁능유적본부_4대궁 관람객 수 현황_20251231.csv
2025-09-29,2025,9,29,0,월,0,0,0,3,0,18.0,17.0,9.0,8.0,20564,0,0,0,8410,12154,9892,4635,1474,2175,2388,10672,2025,국가유산청 궁능유적본부_4대궁 관람객 수 현황_20251231.csv
2025-09-30,2025,9,30,1,화,0,1,1,0,0,18.0,17.0,9.0,8.0,0,9324,4180,12360,0,0,0,0,0,0,0,0,2025,국가유산청 궁능유적본부_4대궁 관람객 수 현황_20251231.csv
2025-10-01,2025,10,1,2,수,0,0,0,0,0,18.0,17.0,9.0,8.0,12802,4117,3505,11392,6589,6213,7733,2456,164,1090,1359,5069,2025,국가유산청 궁능유적본부_4대궁 관람객 수 현황_20251231.csv
2025-10-02,2025,10,2,3,목,0,0,0,0,0,18.0,17.0,9.0,8.0,14002,4705,3997,12371,6772,7230,6594,3940,59,1570,1839,7408,2025,국가유산청 궁능유적본부_4대궁 관람객 수 현황_20251231.csv
2025-10-03,2025,10,3,4,금,0,0,0,0,1,18.0,17.0,9.0,8.0,41317,17644,13346,18253,0,41317,21516,7709,1410,6810,3872,19801,2025,국가유산청 궁능유적본부_4대궁 관람객 수 현황_20251231.csv
2025-10-04,2025,10,4,5,토,1,0,0,0,0,18.0,17.0,9.0,8.0,67265,20761,20682,21647,0,67265,36817,9544,2862,9404,8638,30448,2025,국가유산청 궁능유적본부_4대궁 관람객 수 현황_20251231.csv
2025-10-05,2025,10,5,6,일,1,0,0,0,1,18.0,17.0,9.0,8.0,65993,15120,15822,13470,0,65993,31936,10607,3299,11502,8649,34057,2025,국가유산청 궁능유적본부_4대궁 관람객 수 현황_20251231.csv
2025-10-06,2025,10,6,0,월,0,0,0,0,1,18.0,17.0,9.0,8.0,62486,18491,13400,14649,0,62486,31756,7254,3001,8892,11583,30730,2025,국가유산청 궁능유적본부_4대궁 관람객 수 현황_20251231.csv
2025-10-07,2025,10,7,1,화,0,1,0,0,1,18.0,17.0,9.0,8.0,49155,36258,22843,25234,0,49155,28314,6444,2113,6147,6137,20841,2025,국가유산청 궁능유적본부_4대궁 관람객 수 현황_20251231.csv
2025-10-08,2025,10,8,2,수,0,0,0,0,1,18.0,17.0,9.0,8.0,126362,56508,58122,49985,0,126362,69443,17779,6248,16359,16533,56919,2025,국가유산청 궁능유적본부_4대궁 관람객 수 현황_20251231.csv
2025-10-09,2025,10,9,3,목,0,0,0,0,1,18.0,17.0,9.0,8.0,98771,44893,44822,33267,0,98771,66427,12495,3469,10532,5848,32344,2025,국가유산청 궁능유적본부_4대궁 관람객 수 현황_20251231.csv
2025-10-10,2025,10,10,4,금,0,0,0,0,0,18.0,17.0,9.0,8.0,8977,4389,1999,3668,4660,4317,6608,1584,105,393,287,2369,2025,국가유산청 궁능유적본부_4대궁 관람객 수 현황_20251231.csv
2025-10-11,2025,10,11,5,토,1,0,0,0,0,18.0,17.0,9.0,8.0,15191,6318,5913,12544,7629,7562,11003,3082,410,318,378,4188,2025,국가유산청 궁능유적본부_4대궁 관람객 수 현황_20251231.csv
2025-10-12,2025,10,12,6,일,1,0,0,0,0,18.0,17.0,9.0,8.0,17055,6630,7203,11749,8452,8603,11976,2044,520,1216,1299,5079,2025,국가유산청 궁능유적본부_4대궁 관람객 수 현황_20251231.csv
2025-10-13,2025,10,13,0,월,0,0,0,3,0,18.0,17.0,9.0,8.0,6969,0,0,0,3236,3733,3265,1430,373,697,1204,3704,2025,국가유산청 궁능유적본부_4대궁 관람객 수 현황_20251231.csv
2025-10-14,2025,10,14,1,화,0,1,1,0,0,18.0,17.0,9.0,8.0,0,7297,2802,10783,0,0,0,0,0,0,0,0,2025,국가유산청 궁능유적본부_4대궁 관람객 수 현황_20251231.csv
2025-10-15,2025,10,15,2,수,0,0,0,0,0,18.0,17.0,9.0,8.0,22536,5458,2840,14597,8330,14206,14707,5906,646,955,322,7829,2025,국가유산청 궁능유적본부_4대궁 관람객 수 현황_20251231.csv
2025-10-16,2025,10,16,3,목,0,0,0,0,0,18.0,17.0,9.0,8.0,20423,6187,3422,15097,8071,12352,12895,3855,445,1661,1567,7528,2025,국가유산청 궁능유적본부_4대궁 관람객 수 현황_20251231.csv
2025-10-17,2025,10,17,4,금,0,0,0,0,0,18.0,17.0,9.0,8.0,23923,6727,4100,14361,9281,14642,11762,3264,2317,2765,3815,12161,2025,국가유산청 궁능유적본부_4대궁 관람객 수 현황_20251231.csv
2025-10-18,2025,10,18,5,토,1,0,0,0,0,18.0,17.0,9.0,8.0,27101,9083,8834,17995,13928,13173,16653,8033,783,712,920,10448,2025,국가유산청 궁능유적본부_4대궁 관람객 수 현황_20251231.csv
2025-10-19,2025,10,19,6,일,1,0,0,0,0,18.0,17.0,9.0,8.0,29402,10667,8004,16461,13943,15459,16665,4398,1723,3529,3087,12737,2025,국가유산청 궁능유적본부_4대궁 관람객 수 현황_20251231.csv
2025-10-20,2025,10,20,0,월,0,0,0,3,0,18.0,17.0,9.0,8.0,24635,0,0,0,10552,14083,11344,8604,2190,546,1951,13291,2025,국가유산청 궁능유적본부_4대궁 관람객 수 현황_20251231.csv
2025-10-21,2025,10,21,1,화,0,1,1,0,0,18.0,17.0,9.0,8.0,0,12410,5627,13688,0,0,0,0,0,0,0,0,2025,국가유산청 궁능유적본부_4대궁 관람객 수 현황_20251231.csv
2025-10-22,2025,10,22,2,수,0,0,0,0,0,18.0,17.0,9.0,8.0,34171,8641,5005,17368,13268,20903,17033,10126,750,2592,3670,17138,2025,국가유산청 궁능유적본부_4대궁 관람객 수 현황_20251231.csv
2025-10-23,2025,10,23,3,목,0,0,0,0,0,18.0,17.0,9.0,8.0,26575,7980,5244,14688,9889,16686,16311,5382,1596,1688,1598,10264,2025,국가유산청 궁능유적본부_4대궁 관람객 수 현황_20251231.csv
2025-10-24,2025,10,24,4,금,0,0,0,0,0,18.0,17.0,9.0,8.0,27529,8118,6575,18610,12153,15376,13391,7672,823,3604,2039,14138,2025,국가유산청 궁능유적본부_4대궁 관람객 수 현황_20251231.csv
2025-10-25,2025,10,25,5,토,1,0,0,0,0,18.0,17.0,9.0,8.0,32526,11757,13069,25201,16832,15694,21648,4724,673,3786,1695,10878,2025,국가유산청 궁능유적본부_4대궁 관람객 수 현황_20251231.csv
2025-10-26,2025,10,26,6,일,1,0,0,0,0,18.0,17.0,9.0,8.0,25781,9381,6998,13388,11603,14178,14965,4215,1456,2580,2565,10816,2025,국가유산청 궁능유적본부_4대궁 관람객 수 현황_20251231.csv
2025-10-27,2025,10,27,0,월,0,0,0,3,0,18.0,17.0,9.0,8.0,29857,0,0,0,11089,18768,17743,5970,1534,3297,1313,12114,2025,국가유산청 궁능유적본부_4대궁 관람객 수 현황_20251231.csv
2025-10-28,2025,10,28,1,화,0,1,1,0,0,18.0,17.0,9.0,8.0,0,13569,6040,16976,0,0,0,0,0,0,0,0,2025,국가유산청 궁능유적본부_4대궁 관람객 수 현황_20251231.csv
2025-10-29,2025,10,29,2,수,0,0,0,0,0,18.0,17.0,9.0,8.0,58096,16671,13578,23243,40,58056,31724,9191,2574,8235,6372,26372,2025,국가유산청 궁능유적본부_4대궁 관람객 수 현황_20251231.csv
2025-10-30,2025,10,30,3,목,0,0,0,0,0,18.0,17.0,9.0,8.0,37306,14183,11592,22563,40,37266,20706,5526,2021,5594,3459,16600,2025,국가유산청 궁능유적본부_4대궁 관람객 수 현황_20251231.csv
2025-10-31,2025,10,31,4,금,0,0,0,0,0,18.0,17.0,9.0,8.0,46176,16228,14742,23599,40,46136,22313,8244,2565,8057,4997,23863,2025,국가유산청 궁능유적본부_4대궁 관람객 수 현황_20251231.csv
2025-11-01,2025,11,1,5,토,1,0,0,0,0,17.0,16.0,8.0,7.0,45543,30654,32171,34984,0,45543,24235,7642,2749,6596,4321,21308,2025,국가유산청 궁능유적본부_4대궁 관람객 수 현황_20251231.csv
2025-11-02,2025,11,2,6,일,1,0,0,0,0,17.0,16.0,8.0,7.0,40066,20771,29687,33181,0,40066,22839,6948,1465,5420,3394,17227,2025,국가유산청 궁능유적본부_4대궁 관람객 수 현황_20251231.csv
2025-11-03,2025,11,3,0,월,0,0,0,3,0,17.0,16.0,8.0,7.0,29223,0,0,0,0,29223,16426,4092,1933,4223,2549,12797,2025,국가유산청 궁능유적본부_4대궁 관람객 수 현황_20251231.csv
2025-11-04,2025,11,4,1,화,0,1,1,0,0,17.0,16.0,8.0,7.0,0,45452,19159,37056,0,0,0,0,0,0,0,0,2025,국가유산청 궁능유적본부_4대궁 관람객 수 현황_20251231.csv
2025-11-05,2025,11,5,2,수,0,0,0,0,0,17.0,16.0,8.0,7.0,43347,25878,18113,34792,0,43347,23457,6026,2199,8243,3422,19890,2025,국가유산청 궁능유적본부_4대궁 관람객 수 현황_20251231.csv
2025-11-06,2025,11,6,3,목,0,0,0,0,0,17.0,16.0,8.0,7.0,31022,21589,16565,36027,0,31022,18641,4859,1256,3057,3209,12381,2025,국가유산청 궁능유적본부_4대궁 관람객 수 현황_20251231.csv
2025-11-07,2025,11,7,4,금,0,0,0,0,0,17.0,16.0,8.0,7.0,36947,19613,21526,22697,0,36947,19732,6431,2320,3317,5147,17215,2025,국가유산청 궁능유적본부_4대궁 관람객 수 현황_20251231.csv
2025-11-08,2025,11,8,5,토,1,0,0,0,0,17.0,16.0,8.0,7.0,62517,44669,36877,66257,0,62517,27899,10773,4495,11933,7417,34618,2025,국가유산청 궁능유적본부_4대궁 관람객 수 현황_20251231.csv
2025-11-09,2025,11,9,6,일,1,0,0,0,0,17.0,16.0,8.0,7.0,54810,39365,34541,42187,0,54810,29377,8313,3418,6766,6936,25433,2025,국가유산청 궁능유적본부_4대궁 관람객 수 현황_20251231.csv
2025-11-10,2025,11,10,0,월,0,0,0,2,0,17.0,16.0,8.0,7.0,26137,0,0,33,11716,14421,16321,4709,1529,2954,624,9816,2025,국가유산청 궁능유적본부_4대궁 관람객 수 현황_20251231.csv
2025-11-11,2025,11,11,1,화,0,1,1,0,0,17.0,16.0,8.0,7.0,0,12825,9247,20760,0,0,0,0,0,0,0,0,2025,국가유산청 궁능유적본부_4대궁 관람객 수 현황_20251231.csv
2025-11-12,2025,11,12,2,수,0,0,0,0,0,17.0,16.0,8.0,7.0,25802,10255,7252,21702,12171,13631,20381,3847,582,562,430,5421,2025,국가유산청 궁능유적본부_4대궁 관람객 수 현황_20251231.csv
2025-11-13,2025,11,13,3,목,0,0,0,0,0,17.0,16.0,8.0,7.0,19669,11161,7036,18028,9366,10303,11834,3560,1337,1563,1375,7835,2025,국가유산청 궁능유적본부_4대궁 관람객 수 현황_20251231.csv
2025-11-14,2025,11,14,4,금,0,0,0,0,0,17.0,16.0,8.0,7.0,23357,11396,7447,20965,10258,13099,14232,5611,546,834,2134,9125,2025,국가유산청 궁능유적본부_4대궁 관람객 수 현황_20251231.csv
2025-11-15,2025,11,15,5,토,1,0,0,0,0,17.0,16.0,8.0,7.0,35397,16581,16414,35712,15968,19429,24689,7436,609,841,1822,10708,2025,국가유산청 궁능유적본부_4대궁 관람객 수 현황_20251231.csv
2025-11-16,2025,11,16,6,일,1,0,0,0,0,17.0,16.0,8.0,7.0,30521,14151,13919,24970,13928,16593,25253,2533,683,1357,695,5268,2025,국가유산청 궁능유적본부_4대궁 관람객 수 현황_20251231.csv
2025-11-17,2025,11,17,0,월,0,0,0,3,0,17.0,16.0,8.0,7.0,18696,0,0,0,9005,9691,13614,3007,447,845,783,5082,2025,국가유산청 궁능유적본부_4대궁 관람객 수 현황_20251231.csv
2025-11-18,2025,11,18,1,화,0,1,1,0,0,17.0,16.0,8.0,7.0,0,7718,4544,11684,0,0,0,0,0,0,0,0,2025,국가유산청 궁능유적본부_4대궁 관람객 수 현황_20251231.csv
2025-11-19,2025,11,19,2,수,0,0,0,0,0,17.0,16.0,8.0,7.0,15601,6292,4353,12672,8284,7317,11252,2738,470,591,550,4349,2025,국가유산청 궁능유적본부_4대궁 관람객 수 현황_20251231.csv
2025-11-20,2025,11,20,3,목,0,0,0,0,0,17.0,16.0,8.0,7.0,16843,6649,4043,14589,7381,9462,10302,3221,1344,1664,312,6541,2025,국가유산청 궁능유적본부_4대궁 관람객 수 현황_20251231.csv
2025-11-21,2025,11,21,4,금,0,0,0,0,0,17.0,16.0,8.0,7.0,18063,6788,4167,14955,8336,9727,8484,4445,2163,907,2064,9579,2025,국가유산청 궁능유적본부_4대궁 관람객 수 현황_20251231.csv
2025-11-22,2025,11,22,5,토,1,0,0,0,0,17.0,16.0,8.0,7.0,28600,9613,10374,22909,12906,15694,18349,3393,1895,2557,2406,10251,2025,국가유산청 궁능유적본부_4대궁 관람객 수 현황_20251231.csv
2025-11-23,2025,11,23,6,일,1,0,0,0,0,17.0,16.0,8.0,7.0,21760,8046,6747,16114,10391,11369,13217,3470,1985,1586,1502,8543,2025,국가유산청 궁능유적본부_4대궁 관람객 수 현황_20251231.csv
2025-11-24,2025,11,24,0,월,0,0,0,3,0,17.0,16.0,8.0,7.0,19806,0,0,0,8216,11590,14799,3257,637,851,262,5007,2025,국가유산청 궁능유적본부_4대궁 관람객 수 현황_20251231.csv
2025-11-25,2025,11,25,1,화,0,1,1,0,0,17.0,16.0,8.0,7.0,0,5182,1968,8818,0,0,0,0,0,0,0,0,2025,국가유산청 궁능유적본부_4대궁 관람객 수 현황_20251231.csv
2025-11-26,2025,11,26,2,수,0,0,0,0,0,17.0,16.0,8.0,7.0,49126,11351,10019,17032,0,49126,22254,8727,3279,9372,5494,26872,2025,국가유산청 궁능유적본부_4대궁 관람객 수 현황_20251231.csv
2025-11-27,2025,11,27,3,목,0,0,0,0,0,17.0,16.0,8.0,7.0,6966,2519,975,6726,3385,3581,4141,1077,120,234,1394,2825,2025,국가유산청 궁능유적본부_4대궁 관람객 수 현황_20251231.csv
2025-11-28,2025,11,28,4,금,0,0,0,0,0,17.0,16.0,8.0,7.0,18016,4850,2566,10410,8007,10009,13488,2808,475,786,459,4528,2025,국가유산청 궁능유적본부_4대궁 관람객 수 현황_20251231.csv
2025-11-29,2025,11,29,5,토,1,0,0,0,0,17.0,16.0,8.0,7.0,21534,6180,4791,14357,9913,11621,12244,3413,1688,1918,2271,9290,2025,국가유산청 궁능유적본부_4대궁 관람객 수 현황_20251231.csv
2025-11-30,2025,11,30,6,일,1,0,0,0,0,17.0,16.0,8.0,7.0,18917,6224,4517,12546,8672,10245,12128,2157,1532,1648,1452,6789,2025,국가유산청 궁능유적본부_4대궁 관람객 수 현황_20251231.csv
2025-12-01,2025,12,1,0,월,0,0,0,3,0,17.0,16.0,8.0,7.0,12464,0,0,0,5394,7070,8367,2738,394,542,423,4097,2025,국가유산청 궁능유적본부_4대궁 관람객 수 현황_20251231.csv
2025-12-02,2025,12,2,1,화,0,1,1,0,0,17.0,16.0,8.0,7.0,0,5429,1433,7507,0,0,0,0,0,0,0,0,2025,국가유산청 궁능유적본부_4대궁 관람객 수 현황_20251231.csv
2025-12-03,2025,12,3,2,수,0,0,0,0,0,17.0,16.0,8.0,7.0,12061,2125,694,4736,5082,6979,5823,2978,571,1468,1221,6238,2025,국가유산청 궁능유적본부_4대궁 관람객 수 현황_20251231.csv
2025-12-04,2025,12,4,3,목,0,0,0,0,0,17.0,16.0,8.0,7.0,9240,1983,849,6144,4275,4965,6213,1776,467,395,389,3027,2025,국가유산청 궁능유적본부_4대궁 관람객 수 현황_20251231.csv
2025-12-05,2025,12,5,4,금,0,0,0,0,0,17.0,16.0,8.0,7.0,23715,3063,1161,6274,19000,4715,20672,1625,242,520,656,3043,2025,국가유산청 궁능유적본부_4대궁 관람객 수 현황_20251231.csv
2025-12-06,2025,12,6,5,토,1,0,0,0,0,17.0,16.0,8.0,7.0,14533,4209,2209,9007,6913,7620,6519,5020,513,593,1888,8014,2025,국가유산청 궁능유적본부_4대궁 관람객 수 현황_20251231.csv
2025-12-07,2025,12,7,6,일,1,0,0,0,0,17.0,16.0,8.0,7.0,17876,4716,3149,9185,8063,9813,9710,3038,1582,2228,1318,8166,2025,국가유산청 궁능유적본부_4대궁 관람객 수 현황_20251231.csv
2025-12-08,2025,12,8,0,월,0,0,0,3,0,17.0,16.0,8.0,7.0,12062,0,0,0,5373,6689,7204,1796,256,1525,1281,4858,2025,국가유산청 궁능유적본부_4대궁 관람객 수 현황_20251231.csv
2025-12-09,2025,12,9,1,화,0,1,1,0,0,17.0,16.0,8.0,7.0,0,3861,2002,9520,0,0,0,0,0,0,0,0,2025,국가유산청 궁능유적본부_4대궁 관람객 수 현황_20251231.csv
2025-12-10,2025,12,10,2,수,0,0,0,0,0,17.0,16.0,8.0,7.0,12351,2780,1244,8812,5383,6968,8592,2132,490,857,280,3759,2025,국가유산청 궁능유적본부_4대궁 관람객 수 현황_20251231.csv
2025-12-11,2025,12,11,3,목,0,0,0,0,0,17.0,16.0,8.0,7.0,11212,2225,1039,8029,4610,6602,5277,4832,214,570,319,5935,2025,국가유산청 궁능유적본부_4대궁 관람객 수 현황_20251231.csv
2025-12-12,2025,12,12,4,금,0,0,0,0,0,17.0,16.0,8.0,7.0,13414,2499,1287,8672,5594,7820,6840,1655,1312,2174,1433,6574,2025,국가유산청 궁능유적본부_4대궁 관람객 수 현황_20251231.csv
2025-12-13,2025,12,13,5,토,1,0,0,0,0,17.0,16.0,8.0,7.0,9760,2447,1480,6641,4663,5097,4401,3920,342,676,421,5359,2025,국가유산청 궁능유적본부_4대궁 관람객 수 현황_20251231.csv
2025-12-14,2025,12,14,6,일,1,0,0,0,0,17.0,16.0,8.0,7.0,15490,3891,2093,8112,7412,8078,7343,3190,1527,1648,1782,8147,2025,국가유산청 궁능유적본부_4대궁 관람객 수 현황_20251231.csv
2025-12-15,2025,12,15,0,월,0,0,0,3,0,17.0,16.0,8.0,7.0,16383,0,0,0,6055,10328,12988,1904,737,542,212,3395,2025,국가유산청 궁능유적본부_4대궁 관람객 수 현황_20251231.csv
2025-12-16,2025,12,16,1,화,0,1,1,0,0,17.0,16.0,8.0,7.0,0,2830,800,5148,0,0,0,0,0,0,0,0,2025,국가유산청 궁능유적본부_4대궁 관람객 수 현황_20251231.csv
2025-12-17,2025,12,17,2,수,0,0,0,0,0,17.0,16.0,8.0,7.0,15191,2573,1320,9830,6482,8709,8771,3161,1236,1866,157,6420,2025,국가유산청 궁능유적본부_4대궁 관람객 수 현황_20251231.csv
2025-12-18,2025,12,18,3,목,0,0,0,0,0,17.0,16.0,8.0,7.0,12215,2852,1261,9249,5255,6960,6569,2598,881,1694,473,5646,2025,국가유산청 궁능유적본부_4대궁 관람객 수 현황_20251231.csv
2025-12-19,2025,12,19,4,금,0,0,0,0,0,17.0,16.0,8.0,7.0,13635,2768,1612,10273,5809,7826,7322,5325,233,472,283,6313,2025,국가유산청 궁능유적본부_4대궁 관람객 수 현황_20251231.csv
2025-12-20,2025,12,20,5,토,1,0,0,0,0,17.0,16.0,8.0,7.0,14663,3502,2275,10646,6435,8228,12010,1498,324,548,283,2653,2025,국가유산청 궁능유적본부_4대궁 관람객 수 현황_20251231.csv
2025-12-21,2025,12,21,6,일,1,0,0,0,0,17.0,16.0,8.0,7.0,17252,3476,2104,7099,7747,9505,9622,3383,1339,2473,435,7630,2025,국가유산청 궁능유적본부_4대궁 관람객 수 현황_20251231.csv
2025-12-22,2025,12,22,0,월,0,0,0,3,0,17.0,16.0,8.0,7.0,14476,0,0,0,6412,8064,8573,3351,1708,576,268,5903,2025,국가유산청 궁능유적본부_4대궁 관람객 수 현황_20251231.csv
2025-12-23,2025,12,23,1,화,0,1,1,0,0,17.0,16.0,8.0,7.0,0,3587,884,4894,0,0,0,0,0,0,0,0,2025,국가유산청 궁능유적본부_4대궁 관람객 수 현황_20251231.csv
2025-12-24,2025,12,24,2,수,0,0,0,0,0,17.0,16.0,8.0,7.0,16435,2964,1267,9189,7333,9102,8860,3933,1178,2382,82,7575,2025,국가유산청 궁능유적본부_4대궁 관람객 수 현황_20251231.csv
2025-12-25,2025,12,25,3,목,0,0,0,0,1,17.0,16.0,8.0,7.0,17907,3572,1620,8651,8174,9733,10176,3397,1153,1872,1309,7731,2025,국가유산청 궁능유적본부_4대궁 관람객 수 현황_20251231.csv
2025-12-26,2025,12,26,4,금,0,0,0,0,0,17.0,16.0,8.0,7.0,12005,2374,730,4886,5970,6035,7242,2586,1310,788,79,4763,2025,국가유산청 궁능유적본부_4대궁 관람객 수 현황_20251231.csv
2025-12-27,2025,12,27,5,토,1,0,0,0,0,17.0,16.0,8.0,7.0,17756,3774,1995,8604,8848,8908,13173,2634,461,1278,210,4583,2025,국가유산청 궁능유적본부_4대궁 관람객 수 현황_20251231.csv
2025-12-28,2025,12,28,6,일,1,0,0,0,0,17.0,16.0,8.0,7.0,18256,4364,2109,8260,9383,8873,10983,5563,750,696,264,7273,2025,국가유산청 궁능유적본부_4대궁 관람객 수 현황_20251231.csv
2025-12-29,2025,12,29,0,월,0,0,0,3,0,17.0,16.0,8.0,7.0,16428,0,0,0,8385,8043,11627,2648,801,966,386,4801,2025,국가유산청 궁능유적본부_4대궁 관람객 수 현황_20251231.csv
2025-12-30,2025,12,30,1,화,0,1,1,0,0,17.0,16.0,8.0,7.0,0,6089,1651,9849,0,0,0,0,0,0,0,0,2025,국가유산청 궁능유적본부_4대궁 관람객 수 현황_20251231.csv
2025-12-31,2025,12,31,2,수,0,0,0,0,0,17.0,16.0,8.0,7.0,25409,6990,4975,6790,0,25409,10685,3702,2039,4535,4448,14724,2025,국가유산청 궁능유적본부_4대궁 관람객 수 현황_20251231.csv
