date,year,month,day,dow,dow_name,is_weekend,is_regular_closed_tuesday,station,close_hour,last_entry_hour,scheduled_open_hours_nominal,scheduled_entry_hours_nominal,ydst_pm10_all_hours,ydst_pm10_count_all_hours,ydst_pm10_open_hours,ydst_pm10_count_open_hours,ydst_pm10_entry_hours,ydst_pm10_count_entry_hours,ydst_pm10_high,source_files
2009-01-01,2009,1,1,3,목,0,0,108,17.0,16.0,8.0,7.0,43.73913043478261,23,43.0,8,43.142857142857146,7,0,ENV_YDST_108_HR_2009_2009_2017.csv
2009-01-02,2009,1,2,4,금,0,0,108,17.0,16.0,8.0,7.0,45.75,24,52.25,8,53.57142857142857,7,0,ENV_YDST_108_HR_2009_2009_2017.csv
2009-01-03,2009,1,3,5,토,1,0,108,17.0,16.0,8.0,7.0,46.833333333333336,24,56.75,8,61.42857142857143,7,0,ENV_YDST_108_HR_2009_2009_2017.csv
2009-01-04,2009,1,4,6,일,1,0,108,17.0,16.0,8.0,7.0,40.083333333333336,24,42.875,8,44.0,7,0,ENV_YDST_108_HR_2009_2009_2017.csv
2009-01-05,2009,1,5,0,월,0,0,108,17.0,16.0,8.0,7.0,58.541666666666664,24,62.75,8,63.0,7,0,ENV_YDST_108_HR_2009_2009_2017.csv
2009-01-06,2009,1,6,1,화,0,1,108,17.0,16.0,8.0,7.0,96.0,24,109.0,8,107.28571428571429,7,1,ENV_YDST_108_HR_2009_2009_2017.csv
2009-01-07,2009,1,7,2,수,0,0,108,17.0,16.0,8.0,7.0,83.125,24,94.5,8,98.57142857142857,7,1,ENV_YDST_108_HR_2009_2009_2017.csv
2009-01-08,2009,1,8,3,목,0,0,108,17.0,16.0,8.0,7.0,72.20833333333333,24,93.125,8,98.28571428571429,7,1,ENV_YDST_108_HR_2009_2009_2017.csv
2009-01-09,2009,1,9,4,금,0,0,108,17.0,16.0,8.0,7.0,65.25,24,52.25,8,52.42857142857143,7,0,ENV_YDST_108_HR_2009_2009_2017.csv
2009-01-10,2009,1,10,5,토,1,0,108,17.0,16.0,8.0,7.0,54.083333333333336,24,62.375,8,64.42857142857143,7,0,ENV_YDST_108_HR_2009_2009_2017.csv
2009-01-11,2009,1,11,6,일,1,0,108,17.0,16.0,8.0,7.0,41.5,24,36.5,8,36.0,7,0,ENV_YDST_108_HR_2009_2009_2017.csv
2009-01-12,2009,1,12,0,월,0,0,108,17.0,16.0,8.0,7.0,52.916666666666664,24,55.25,8,56.285714285714285,7,0,ENV_YDST_108_HR_2009_2009_2017.csv
2009-01-13,2009,1,13,1,화,0,1,108,17.0,16.0,8.0,7.0,42.541666666666664,24,46.125,8,45.857142857142854,7,0,ENV_YDST_108_HR_2009_2009_2017.csv
2009-01-14,2009,1,14,2,수,0,0,108,17.0,16.0,8.0,7.0,62.416666666666664,24,65.75,8,65.28571428571429,7,0,ENV_YDST_108_HR_2009_2009_2017.csv
2009-01-15,2009,1,15,3,목,0,0,108,17.0,16.0,8.0,7.0,38.583333333333336,24,32.875,8,32.42857142857143,7,0,ENV_YDST_108_HR_2009_2009_2017.csv
2009-01-16,2009,1,16,4,금,0,0,108,17.0,16.0,8.0,7.0,53.791666666666664,24,55.625,8,52.285714285714285,7,0,ENV_YDST_108_HR_2009_2009_2017.csv
2009-01-17,2009,1,17,5,토,1,0,108,17.0,16.0,8.0,7.0,94.125,24,85.625,8,84.28571428571429,7,1,ENV_YDST_108_HR_2009_2009_2017.csv
2009-01-18,2009,1,18,6,일,1,0,108,17.0,16.0,8.0,7.0,108.54166666666667,24,87.75,8,85.0,7,1,ENV_YDST_108_HR_2009_2009_2017.csv
2009-01-19,2009,1,19,0,월,0,0,108,17.0,16.0,8.0,7.0,81.79166666666667,24,56.625,8,59.285714285714285,7,0,ENV_YDST_108_HR_2009_2009_2017.csv
2009-01-20,2009,1,20,1,화,0,1,108,17.0,16.0,8.0,7.0,48.5,24,47.0,8,48.0,7,0,ENV_YDST_108_HR_2009_2009_2017.csv
2009-01-21,2009,1,21,2,수,0,0,108,17.0,16.0,8.0,7.0,56.125,24,57.875,8,60.0,7,0,ENV_YDST_108_HR_2009_2009_2017.csv
2009-01-22,2009,1,22,3,목,0,0,108,17.0,16.0,8.0,7.0,61.0,24,66.375,8,66.28571428571429,7,0,ENV_YDST_108_HR_2009_2009_2017.csv
2009-01-23,2009,1,23,4,금,0,0,108,17.0,16.0,8.0,7.0,73.875,24,96.75,8,99.57142857142857,7,1,ENV_YDST_108_HR_2009_2009_2017.csv
2009-01-24,2009,1,24,5,토,1,0,108,17.0,16.0,8.0,7.0,44.333333333333336,24,39.125,8,38.714285714285715,7,0,ENV_YDST_108_HR_2009_2009_2017.csv
2009-01-25,2009,1,25,6,일,1,0,108,17.0,16.0,8.0,7.0,46.958333333333336,24,42.5,8,43.714285714285715,7,0,ENV_YDST_108_HR_2009_2009_2017.csv
2009-01-26,2009,1,26,0,월,0,0,108,17.0,16.0,8.0,7.0,33.083333333333336,24,32.75,8,33.142857142857146,7,0,ENV_YDST_108_HR_2009_2009_2017.csv
2009-01-27,2009,1,27,1,화,0,1,108,17.0,16.0,8.0,7.0,45.541666666666664,24,42.375,8,41.285714285714285,7,0,ENV_YDST_108_HR_2009_2009_2017.csv
2009-01-28,2009,1,28,2,수,0,0,108,17.0,16.0,8.0,7.0,45.583333333333336,24,42.25,8,43.0,7,0,ENV_YDST_108_HR_2009_2009_2017.csv
2009-01-29,2009,1,29,3,목,0,0,108,17.0,16.0,8.0,7.0,58.666666666666664,24,45.625,8,43.857142857142854,7,0,ENV_YDST_108_HR_2009_2009_2017.csv
2009-01-30,2009,1,30,4,금,0,0,108,17.0,16.0,8.0,7.0,38.708333333333336,24,28.25,8,29.571428571428573,7,0,ENV_YDST_108_HR_2009_2009_2017.csv
2009-01-31,2009,1,31,5,토,1,0,108,17.0,16.0,8.0,7.0,21.458333333333332,24,23.75,8,23.857142857142858,7,0,ENV_YDST_108_HR_2009_2009_2017.csv
2009-02-01,2009,2,1,6,일,1,0,108,17.0,16.0,8.0,7.0,27.041666666666668,24,22.375,8,21.714285714285715,7,0,ENV_YDST_108_HR_2009_2009_2017.csv
2009-02-02,2009,2,2,0,월,0,0,108,17.0,16.0,8.0,7.0,48.75,24,49.0,8,51.857142857142854,7,0,ENV_YDST_108_HR_2009_2009_2017.csv
2009-02-03,2009,2,3,1,화,0,1,108,17.0,16.0,8.0,7.0,75.08333333333333,24,64.125,8,65.57142857142857,7,0,ENV_YDST_108_HR_2009_2009_2017.csv
2009-02-04,2009,2,4,2,수,0,0,108,17.0,16.0,8.0,7.0,104.16666666666667,24,97.375,8,92.14285714285714,7,1,ENV_YDST_108_HR_2009_2009_2017.csv
2009-02-05,2009,2,5,3,목,0,0,108,17.0,16.0,8.0,7.0,103.41666666666667,24,88.25,8,86.71428571428571,7,1,ENV_YDST_108_HR_2009_2009_2017.csv
2009-02-06,2009,2,6,4,금,0,0,108,17.0,16.0,8.0,7.0,142.66666666666666,24,140.125,8,138.14285714285714,7,1,ENV_YDST_108_HR_2009_2009_2017.csv
2009-02-07,2009,2,7,5,토,1,0,108,17.0,16.0,8.0,7.0,141.625,24,135.125,8,129.71428571428572,7,1,ENV_YDST_108_HR_2009_2009_2017.csv
2009-02-08,2009,2,8,6,일,1,0,108,17.0,16.0,8.0,7.0,103.08333333333333,24,113.75,8,115.57142857142857,7,1,ENV_YDST_108_HR_2009_2009_2017.csv
2009-02-09,2009,2,9,0,월,0,0,108,17.0,16.0,8.0,7.0,52.458333333333336,24,52.625,8,52.57142857142857,7,0,ENV_YDST_108_HR_2009_2009_2017.csv
2009-02-10,2009,2,10,1,화,0,1,108,17.0,16.0,8.0,7.0,62.25,24,71.5,8,72.85714285714286,7,0,ENV_YDST_108_HR_2009_2009_2017.csv
2009-02-11,2009,2,11,2,수,0,0,108,17.0,16.0,8.0,7.0,170.45833333333334,24,202.0,8,203.42857142857142,7,1,ENV_YDST_108_HR_2009_2009_2017.csv
2009-02-12,2009,2,12,3,목,0,0,108,17.0,16.0,8.0,7.0,159.54166666666666,24,158.25,8,166.14285714285714,7,1,ENV_YDST_108_HR_2009_2009_2017.csv
2009-02-13,2009,2,13,4,금,0,0,108,17.0,16.0,8.0,7.0,46.708333333333336,24,30.625,8,33.42857142857143,7,0,ENV_YDST_108_HR_2009_2009_2017.csv
2009-02-14,2009,2,14,5,토,1,0,108,17.0,16.0,8.0,7.0,74.45833333333333,24,78.375,8,81.28571428571429,7,0,ENV_YDST_108_HR_2009_2009_2017.csv
2009-02-15,2009,2,15,6,일,1,0,108,17.0,16.0,8.0,7.0,54.666666666666664,24,42.875,8,40.57142857142857,7,0,ENV_YDST_108_HR_2009_2009_2017.csv
2009-02-16,2009,2,16,0,월,0,0,108,17.0,16.0,8.0,7.0,33.083333333333336,24,43.75,8,44.714285714285715,7,0,ENV_YDST_108_HR_2009_2009_2017.csv
2009-02-17,2009,2,17,1,화,0,1,108,17.0,16.0,8.0,7.0,32.375,24,35.5,8,36.142857142857146,7,0,ENV_YDST_108_HR_2009_2009_2017.csv
2009-02-18,2009,2,18,2,수,0,0,108,17.0,16.0,8.0,7.0,34.75,24,38.625,8,36.57142857142857,7,0,ENV_YDST_108_HR_2009_2009_2017.csv
2009-02-19,2009,2,19,3,목,0,0,108,17.0,16.0,8.0,7.0,55.916666666666664,24,46.0,8,43.857142857142854,7,0,ENV_YDST_108_HR_2009_2009_2017.csv
2009-02-20,2009,2,20,4,금,0,0,108,17.0,16.0,8.0,7.0,237.33333333333334,24,554.25,8,579.4285714285714,7,1,ENV_YDST_108_HR_2009_2009_2017.csv
2009-02-21,2009,2,21,5,토,1,0,108,17.0,16.0,8.0,7.0,94.625,24,104.5,8,105.85714285714286,7,1,ENV_YDST_108_HR_2009_2009_2017.csv
2009-02-22,2009,2,22,6,일,1,0,108,17.0,16.0,8.0,7.0,78.79166666666667,24,71.375,8,72.28571428571429,7,0,ENV_YDST_108_HR_2009_2009_2017.csv
2009-02-23,2009,2,23,0,월,0,0,108,17.0,16.0,8.0,7.0,57.875,24,44.0,8,42.285714285714285,7,0,ENV_YDST_108_HR_2009_2009_2017.csv
2009-02-24,2009,2,24,1,화,0,1,108,17.0,16.0,8.0,7.0,42.583333333333336,24,45.875,8,44.142857142857146,7,0,ENV_YDST_108_HR_2009_2009_2017.csv
2009-02-25,2009,2,25,2,수,0,0,108,17.0,16.0,8.0,7.0,63.5,24,77.125,8,80.14285714285714,7,0,ENV_YDST_108_HR_2009_2009_2017.csv
2009-02-26,2009,2,26,3,목,0,0,108,17.0,16.0,8.0,7.0,46.0,24,50.5,8,52.142857142857146,7,0,ENV_YDST_108_HR_2009_2009_2017.csv
2009-02-27,2009,2,27,4,금,0,0,108,17.0,16.0,8.0,7.0,52.666666666666664,24,50.75,8,53.285714285714285,7,0,ENV_YDST_108_HR_2009_2009_2017.csv
2009-02-28,2009,2,28,5,토,1,0,108,17.0,16.0,8.0,7.0,62.416666666666664,24,66.5,8,70.42857142857143,7,0,ENV_YDST_108_HR_2009_2009_2017.csv
2009-03-01,2009,3,1,6,일,1,0,108,18.0,17.0,9.0,8.0,53.666666666666664,24,48.77777777777778,9,49.875,8,0,ENV_YDST_108_HR_2009_2009_2017.csv
2009-03-02,2009,3,2,0,월,0,0,108,18.0,17.0,9.0,8.0,40.208333333333336,24,31.11111111111111,9,31.75,8,0,ENV_YDST_108_HR_2009_2009_2017.csv
2009-03-03,2009,3,3,1,화,0,1,108,18.0,17.0,9.0,8.0,35.958333333333336,24,28.555555555555557,9,28.25,8,0,ENV_YDST_108_HR_2009_2009_2017.csv
2009-03-04,2009,3,4,2,수,0,0,108,18.0,17.0,9.0,8.0,82.75,24,83.55555555555556,9,83.625,8,1,ENV_YDST_108_HR_2009_2009_2017.csv
2009-03-05,2009,3,5,3,목,0,0,108,18.0,17.0,9.0,8.0,59.875,24,46.77777777777778,9,52.125,8,0,ENV_YDST_108_HR_2009_2009_2017.csv
2009-03-06,2009,3,6,4,금,0,0,108,18.0,17.0,9.0,8.0,59.083333333333336,24,85.55555555555556,9,92.875,8,1,ENV_YDST_108_HR_2009_2009_2017.csv
2009-03-07,2009,3,7,5,토,1,0,108,18.0,17.0,9.0,8.0,33.708333333333336,24,35.55555555555556,9,36.625,8,0,ENV_YDST_108_HR_2009_2009_2017.csv
2009-03-08,2009,3,8,6,일,1,0,108,18.0,17.0,9.0,8.0,36.458333333333336,24,38.666666666666664,9,40.375,8,0,ENV_YDST_108_HR_2009_2009_2017.csv
2009-03-09,2009,3,9,0,월,0,0,108,18.0,17.0,9.0,8.0,54.625,24,53.0,9,52.0,8,0,ENV_YDST_108_HR_2009_2009_2017.csv
2009-03-10,2009,3,10,1,화,0,1,108,18.0,17.0,9.0,8.0,53.083333333333336,24,38.333333333333336,9,38.25,8,0,ENV_YDST_108_HR_2009_2009_2017.csv
2009-03-11,2009,3,11,2,수,0,0,108,18.0,17.0,9.0,8.0,40.791666666666664,24,33.888888888888886,9,34.0,8,0,ENV_YDST_108_HR_2009_2009_2017.csv
2009-03-12,2009,3,12,3,목,0,0,108,18.0,17.0,9.0,8.0,46.125,24,46.0,9,46.75,8,0,ENV_YDST_108_HR_2009_2009_2017.csv
2009-03-13,2009,3,13,4,금,0,0,108,18.0,17.0,9.0,8.0,30.25,24,25.666666666666668,9,18.75,8,0,ENV_YDST_108_HR_2009_2009_2017.csv
2009-03-14,2009,3,14,5,토,1,0,108,18.0,17.0,9.0,8.0,91.125,24,83.55555555555556,9,88.125,8,1,ENV_YDST_108_HR_2009_2009_2017.csv
2009-03-15,2009,3,15,6,일,1,0,108,18.0,17.0,9.0,8.0,64.45833333333333,24,72.77777777777777,9,72.0,8,0,ENV_YDST_108_HR_2009_2009_2017.csv
2009-03-16,2009,3,16,0,월,0,0,108,18.0,17.0,9.0,8.0,151.29166666666666,24,166.33333333333334,9,166.125,8,1,ENV_YDST_108_HR_2009_2009_2017.csv
2009-03-17,2009,3,17,1,화,0,1,108,18.0,17.0,9.0,8.0,252.0,24,277.8888888888889,9,283.125,8,1,ENV_YDST_108_HR_2009_2009_2017.csv
2009-03-18,2009,3,18,2,수,0,0,108,18.0,17.0,9.0,8.0,40.375,24,46.666666666666664,9,47.375,8,0,ENV_YDST_108_HR_2009_2009_2017.csv
2009-03-19,2009,3,19,3,목,0,0,108,18.0,17.0,9.0,8.0,38.375,24,41.666666666666664,9,41.25,8,0,ENV_YDST_108_HR_2009_2009_2017.csv
2009-03-20,2009,3,20,4,금,0,0,108,18.0,17.0,9.0,8.0,31.541666666666668,24,33.111111111111114,9,30.75,8,0,ENV_YDST_108_HR_2009_2009_2017.csv
2009-03-21,2009,3,21,5,토,1,0,108,18.0,17.0,9.0,8.0,65.95833333333333,24,61.333333333333336,9,61.125,8,0,ENV_YDST_108_HR_2009_2009_2017.csv
2009-03-22,2009,3,22,6,일,1,0,108,18.0,17.0,9.0,8.0,42.5,24,44.0,9,40.5,8,0,ENV_YDST_108_HR_2009_2009_2017.csv
2009-03-23,2009,3,23,0,월,0,0,108,18.0,17.0,9.0,8.0,38.916666666666664,24,39.111111111111114,9,40.625,8,0,ENV_YDST_108_HR_2009_2009_2017.csv
2009-03-24,2009,3,24,1,화,0,1,108,18.0,17.0,9.0,8.0,39.5,24,35.77777777777778,9,34.875,8,0,ENV_YDST_108_HR_2009_2009_2017.csv
2009-03-25,2009,3,25,2,수,0,0,108,18.0,17.0,9.0,8.0,55.791666666666664,24,64.11111111111111,9,64.0,8,0,ENV_YDST_108_HR_2009_2009_2017.csv
2009-03-26,2009,3,26,3,목,0,0,108,18.0,17.0,9.0,8.0,46.666666666666664,24,45.77777777777778,9,47.25,8,0,ENV_YDST_108_HR_2009_2009_2017.csv
2009-03-27,2009,3,27,4,금,0,0,108,18.0,17.0,9.0,8.0,46.125,24,38.44444444444444,9,39.0,8,0,ENV_YDST_108_HR_2009_2009_2017.csv
2009-03-28,2009,3,28,5,토,1,0,108,18.0,17.0,9.0,8.0,47.958333333333336,24,53.333333333333336,9,53.875,8,0,ENV_YDST_108_HR_2009_2009_2017.csv
2009-03-29,2009,3,29,6,일,1,0,108,18.0,17.0,9.0,8.0,43.916666666666664,24,38.666666666666664,9,38.625,8,0,ENV_YDST_108_HR_2009_2009_2017.csv
2009-03-30,2009,3,30,0,월,0,0,108,18.0,17.0,9.0,8.0,34.04761904761905,21,49.42857142857143,9,49.42857142857143,8,0,ENV_YDST_108_HR_2009_2009_2017.csv
2009-03-31,2009,3,31,1,화,0,1,108,18.0,17.0,9.0,8.0,62.666666666666664,24,62.77777777777778,9,58.75,8,0,ENV_YDST_108_HR_2009_2009_2017.csv
2009-04-01,2009,4,1,2,수,0,0,108,18.0,17.0,9.0,8.0,81.125,24,67.77777777777777,9,69.875,8,0,ENV_YDST_108_HR_2009_2009_2017.csv
2009-04-02,2009,4,2,3,목,0,0,108,18.0,17.0,9.0,8.0,67.58333333333333,24,68.44444444444444,9,68.125,8,0,ENV_YDST_108_HR_2009_2009_2017.csv
2009-04-03,2009,4,3,4,금,0,0,108,18.0,17.0,9.0,8.0,50.166666666666664,24,63.77777777777778,9,66.375,8,0,ENV_YDST_108_HR_2009_2009_2017.csv
2009-04-04,2009,4,4,5,토,1,0,108,18.0,17.0,9.0,8.0,55.541666666666664,24,56.77777777777778,9,55.875,8,0,ENV_YDST_108_HR_2009_2009_2017.csv
2009-04-05,2009,4,5,6,일,1,0,108,18.0,17.0,9.0,8.0,92.54166666666667,24,100.22222222222223,9,102.0,8,1,ENV_YDST_108_HR_2009_2009_2017.csv
2009-04-06,2009,4,6,0,월,0,0,108,18.0,17.0,9.0,8.0,92.41666666666667,24,89.77777777777777,9,89.375,8,1,ENV_YDST_108_HR_2009_2009_2017.csv
2009-04-07,2009,4,7,1,화,0,1,108,18.0,17.0,9.0,8.0,126.54166666666667,24,136.22222222222223,9,139.375,8,1,ENV_YDST_108_HR_2009_2009_2017.csv
2009-04-08,2009,4,8,2,수,0,0,108,18.0,17.0,9.0,8.0,123.68181818181819,22,127.71428571428571,8,126.0,7,1,ENV_YDST_108_HR_2009_2009_2017.csv
2009-04-09,2009,4,9,3,목,0,0,108,18.0,17.0,9.0,8.0,136.14285714285714,21,143.33333333333334,8,144.2,7,1,ENV_YDST_108_HR_2009_2009_2017.csv
2009-04-10,2009,4,10,4,금,0,0,108,18.0,17.0,9.0,8.0,148.45454545454547,22,152.57142857142858,8,164.0,7,1,ENV_YDST_108_HR_2009_2009_2017.csv
2009-04-11,2009,4,11,5,토,1,0,108,18.0,17.0,9.0,8.0,112.65217391304348,23,108.75,9,111.71428571428571,8,1,ENV_YDST_108_HR_2009_2009_2017.csv
2009-04-12,2009,4,12,6,일,1,0,108,18.0,17.0,9.0,8.0,114.29411764705883,17,115.5,2,115.5,2,1,ENV_YDST_108_HR_2009_2009_2017.csv
2009-04-13,2009,4,13,0,월,0,0,108,18.0,17.0,9.0,8.0,87.78260869565217,23,89.75,9,93.14285714285714,8,1,ENV_YDST_108_HR_2009_2009_2017.csv
2009-04-14,2009,4,14,1,화,0,1,108,18.0,17.0,9.0,8.0,41.583333333333336,24,33.333333333333336,9,33.875,8,0,ENV_YDST_108_HR_2009_2009_2017.csv
2009-04-15,2009,4,15,2,수,0,0,108,18.0,17.0,9.0,8.0,37.75,24,38.77777777777778,9,40.75,8,0,ENV_YDST_108_HR_2009_2009_2017.csv
2009-04-16,2009,4,16,3,목,0,0,108,18.0,17.0,9.0,8.0,24.333333333333332,18,24.0,8,23.714285714285715,7,0,ENV_YDST_108_HR_2009_2009_2017.csv
2009-04-17,2009,4,17,4,금,0,0,108,18.0,17.0,9.0,8.0,44.458333333333336,24,50.333333333333336,9,50.25,8,0,ENV_YDST_108_HR_2009_2009_2017.csv
2009-04-18,2009,4,18,5,토,1,0,108,18.0,17.0,9.0,8.0,48.625,24,47.44444444444444,9,49.0,8,0,ENV_YDST_108_HR_2009_2009_2017.csv
2009-04-19,2009,4,19,6,일,1,0,108,18.0,17.0,9.0,8.0,47.869565217391305,23,51.55555555555556,9,52.5,8,0,ENV_YDST_108_HR_2009_2009_2017.csv
2009-04-20,2009,4,20,0,월,0,0,108,18.0,17.0,9.0,8.0,34.04347826086956,23,30.875,9,30.875,8,0,ENV_YDST_108_HR_2009_2009_2017.csv
2009-04-21,2009,4,21,1,화,0,1,108,18.0,17.0,9.0,8.0,27.291666666666668,24,38.0,9,38.375,8,0,ENV_YDST_108_HR_2009_2009_2017.csv
2009-04-22,2009,4,22,2,수,0,0,108,18.0,17.0,9.0,8.0,25.875,24,21.0,9,20.75,8,0,ENV_YDST_108_HR_2009_2009_2017.csv
2009-04-23,2009,4,23,3,목,0,0,108,18.0,17.0,9.0,8.0,43.041666666666664,24,39.22222222222222,9,37.375,8,0,ENV_YDST_108_HR_2009_2009_2017.csv
2009-04-24,2009,4,24,4,금,0,0,108,18.0,17.0,9.0,8.0,31.083333333333332,24,28.555555555555557,9,29.125,8,0,ENV_YDST_108_HR_2009_2009_2017.csv
2009-04-25,2009,4,25,5,토,1,0,108,18.0,17.0,9.0,8.0,24.208333333333332,24,22.88888888888889,9,22.875,8,0,ENV_YDST_108_HR_2009_2009_2017.csv
2009-04-26,2009,4,26,6,일,1,0,108,18.0,17.0,9.0,8.0,10.909090909090908,22,15.444444444444445,9,15.75,8,0,ENV_YDST_108_HR_2009_2009_2017.csv
2009-04-27,2009,4,27,0,월,0,0,108,18.0,17.0,9.0,8.0,29.541666666666668,24,40.888888888888886,9,39.0,8,0,ENV_YDST_108_HR_2009_2009_2017.csv
2009-04-28,2009,4,28,1,화,0,1,108,18.0,17.0,9.0,8.0,49.708333333333336,24,61.0,9,63.25,8,0,ENV_YDST_108_HR_2009_2009_2017.csv
2009-04-29,2009,4,29,2,수,0,0,108,18.0,17.0,9.0,8.0,52.208333333333336,24,64.66666666666667,9,67.375,8,0,ENV_YDST_108_HR_2009_2009_2017.csv
2009-04-30,2009,4,30,3,목,0,0,108,18.0,17.0,9.0,8.0,54.416666666666664,24,61.44444444444444,9,62.125,8,0,ENV_YDST_108_HR_2009_2009_2017.csv
2009-05-01,2009,5,1,4,금,0,0,108,18.0,17.0,9.0,8.0,44.291666666666664,24,44.22222222222222,9,44.25,8,0,ENV_YDST_108_HR_2009_2009_2017.csv
2009-05-02,2009,5,2,5,토,1,0,108,18.0,17.0,9.0,8.0,32.916666666666664,24,30.77777777777778,9,31.875,8,0,ENV_YDST_108_HR_2009_2009_2017.csv
2009-05-03,2009,5,3,6,일,1,0,108,18.0,17.0,9.0,8.0,34.791666666666664,24,33.77777777777778,9,33.875,8,0,ENV_YDST_108_HR_2009_2009_2017.csv
2009-05-04,2009,5,4,0,월,0,0,108,18.0,17.0,9.0,8.0,50.625,24,60.77777777777778,9,60.625,8,0,ENV_YDST_108_HR_2009_2009_2017.csv
2009-05-05,2009,5,5,1,화,0,1,108,18.0,17.0,9.0,8.0,71.75,24,82.44444444444444,9,80.375,8,1,ENV_YDST_108_HR_2009_2009_2017.csv
2009-05-06,2009,5,6,2,수,0,0,108,18.0,17.0,9.0,8.0,90.5,24,110.88888888888889,9,108.375,8,1,ENV_YDST_108_HR_2009_2009_2017.csv
2009-05-07,2009,5,7,3,목,0,0,108,18.0,17.0,9.0,8.0,71.25,24,76.44444444444444,9,75.5,8,0,ENV_YDST_108_HR_2009_2009_2017.csv
2009-05-08,2009,5,8,4,금,0,0,108,18.0,17.0,9.0,8.0,103.16666666666667,24,114.44444444444444,9,110.75,8,1,ENV_YDST_108_HR_2009_2009_2017.csv
2009-05-09,2009,5,9,5,토,1,0,108,18.0,17.0,9.0,8.0,78.70833333333333,24,92.88888888888889,9,98.625,8,1,ENV_YDST_108_HR_2009_2009_2017.csv
2009-05-10,2009,5,10,6,일,1,0,108,18.0,17.0,9.0,8.0,53.0,24,52.333333333333336,9,51.375,8,0,ENV_YDST_108_HR_2009_2009_2017.csv
2009-05-11,2009,5,11,0,월,0,0,108,18.0,17.0,9.0,8.0,37.708333333333336,24,36.666666666666664,9,36.0,8,0,ENV_YDST_108_HR_2009_2009_2017.csv
2009-05-12,2009,5,12,1,화,0,1,108,18.0,17.0,9.0,8.0,29.291666666666668,24,19.88888888888889,9,17.25,8,0,ENV_YDST_108_HR_2009_2009_2017.csv
2009-05-13,2009,5,13,2,수,0,0,108,18.0,17.0,9.0,8.0,75.33333333333333,24,99.88888888888889,9,98.0,8,1,ENV_YDST_108_HR_2009_2009_2017.csv
2009-05-14,2009,5,14,3,목,0,0,108,18.0,17.0,9.0,8.0,67.875,24,78.88888888888889,9,80.5,8,0,ENV_YDST_108_HR_2009_2009_2017.csv
2009-05-15,2009,5,15,4,금,0,0,108,18.0,17.0,9.0,8.0,90.81818181818181,22,101.0,9,97.375,8,1,ENV_YDST_108_HR_2009_2009_2017.csv
2009-05-16,2009,5,16,5,토,1,0,108,18.0,17.0,9.0,8.0,22.166666666666668,24,10.11111111111111,9,10.25,8,0,ENV_YDST_108_HR_2009_2009_2017.csv
2009-05-17,2009,5,17,6,일,1,0,108,18.0,17.0,9.0,8.0,27.17391304347826,23,33.77777777777778,9,31.125,8,0,ENV_YDST_108_HR_2009_2009_2017.csv
2009-05-18,2009,5,18,0,월,0,0,108,18.0,17.0,9.0,8.0,80.83333333333333,24,78.33333333333333,9,76.875,8,0,ENV_YDST_108_HR_2009_2009_2017.csv
2009-05-19,2009,5,19,1,화,0,1,108,18.0,17.0,9.0,8.0,96.04166666666667,24,94.77777777777777,9,93.625,8,1,ENV_YDST_108_HR_2009_2009_2017.csv
2009-05-20,2009,5,20,2,수,0,0,108,18.0,17.0,9.0,8.0,95.95833333333333,24,85.55555555555556,9,83.875,8,1,ENV_YDST_108_HR_2009_2009_2017.csv
2009-05-21,2009,5,21,3,목,0,0,108,18.0,17.0,9.0,8.0,37.291666666666664,24,13.88888888888889,9,14.25,8,0,ENV_YDST_108_HR_2009_2009_2017.csv
2009-05-22,2009,5,22,4,금,0,0,108,18.0,17.0,9.0,8.0,30.125,24,35.44444444444444,9,33.375,8,0,ENV_YDST_108_HR_2009_2009_2017.csv
2009-05-23,2009,5,23,5,토,1,0,108,18.0,17.0,9.0,8.0,52.833333333333336,24,45.55555555555556,9,44.375,8,0,ENV_YDST_108_HR_2009_2009_2017.csv
2009-05-24,2009,5,24,6,일,1,0,108,18.0,17.0,9.0,8.0,55.625,24,46.333333333333336,9,46.375,8,0,ENV_YDST_108_HR_2009_2009_2017.csv
2009-05-25,2009,5,25,0,월,0,0,108,18.0,17.0,9.0,8.0,54.875,24,54.333333333333336,9,56.875,8,0,ENV_YDST_108_HR_2009_2009_2017.csv
2009-05-26,2009,5,26,1,화,0,1,108,18.0,17.0,9.0,8.0,48.833333333333336,24,45.0,9,46.5,8,0,ENV_YDST_108_HR_2009_2009_2017.csv
2009-05-27,2009,5,27,2,수,0,0,108,18.0,17.0,9.0,8.0,39.75,24,38.111111111111114,9,38.125,8,0,ENV_YDST_108_HR_2009_2009_2017.csv
2009-05-28,2009,5,28,3,목,0,0,108,18.0,17.0,9.0,8.0,35.0,24,38.44444444444444,9,38.375,8,0,ENV_YDST_108_HR_2009_2009_2017.csv
2009-05-29,2009,5,29,4,금,0,0,108,18.0,17.0,9.0,8.0,33.166666666666664,24,39.333333333333336,9,40.125,8,0,ENV_YDST_108_HR_2009_2009_2017.csv
2009-05-30,2009,5,30,5,토,1,0,108,18.0,17.0,9.0,8.0,42.208333333333336,24,54.44444444444444,9,53.0,8,0,ENV_YDST_108_HR_2009_2009_2017.csv
2009-05-31,2009,5,31,6,일,1,0,108,18.0,17.0,9.0,8.0,57.625,24,56.111111111111114,9,54.875,8,0,ENV_YDST_108_HR_2009_2009_2017.csv
2009-06-01,2009,6,1,0,월,0,0,108,18.5,17.5,9.5,8.5,101.0,24,87.0,10,81.88888888888889,9,1,ENV_YDST_108_HR_2009_2009_2017.csv
2009-06-02,2009,6,2,1,화,0,1,108,18.5,17.5,9.5,8.5,105.45833333333333,24,74.7,10,74.33333333333333,9,0,ENV_YDST_108_HR_2009_2009_2017.csv
2009-06-03,2009,6,3,2,수,0,0,108,18.5,17.5,9.5,8.5,52.125,24,43.4,10,41.888888888888886,9,0,ENV_YDST_108_HR_2009_2009_2017.csv
2009-06-04,2009,6,4,3,목,0,0,108,18.5,17.5,9.5,8.5,64.45833333333333,24,66.2,10,66.33333333333333,9,0,ENV_YDST_108_HR_2009_2009_2017.csv
2009-06-05,2009,6,5,4,금,0,0,108,18.5,17.5,9.5,8.5,47.583333333333336,24,43.5,10,43.111111111111114,9,0,ENV_YDST_108_HR_2009_2009_2017.csv
2009-06-06,2009,6,6,5,토,1,0,108,18.5,17.5,9.5,8.5,34.583333333333336,24,36.7,10,34.333333333333336,9,0,ENV_YDST_108_HR_2009_2009_2017.csv
2009-06-07,2009,6,7,6,일,1,0,108,18.5,17.5,9.5,8.5,37.958333333333336,24,35.8,10,35.44444444444444,9,0,ENV_YDST_108_HR_2009_2009_2017.csv
2009-06-08,2009,6,8,0,월,0,0,108,18.5,17.5,9.5,8.5,52.208333333333336,24,53.2,10,50.0,9,0,ENV_YDST_108_HR_2009_2009_2017.csv
2009-06-09,2009,6,9,1,화,0,1,108,18.5,17.5,9.5,8.5,52.291666666666664,24,46.3,10,46.333333333333336,9,0,ENV_YDST_108_HR_2009_2009_2017.csv
2009-06-10,2009,6,10,2,수,0,0,108,18.5,17.5,9.5,8.5,27.583333333333332,24,23.3,10,21.0,9,0,ENV_YDST_108_HR_2009_2009_2017.csv
2009-06-11,2009,6,11,3,목,0,0,108,18.5,17.5,9.5,8.5,42.166666666666664,24,40.6,10,39.44444444444444,9,0,ENV_YDST_108_HR_2009_2009_2017.csv
2009-06-12,2009,6,12,4,금,0,0,108,18.5,17.5,9.5,8.5,39.875,24,43.2,10,42.55555555555556,9,0,ENV_YDST_108_HR_2009_2009_2017.csv
2009-06-13,2009,6,13,5,토,1,0,108,18.5,17.5,9.5,8.5,43.708333333333336,24,45.8,10,46.77777777777778,9,0,ENV_YDST_108_HR_2009_2009_2017.csv
2009-06-14,2009,6,14,6,일,1,0,108,18.5,17.5,9.5,8.5,45.375,24,44.3,10,44.333333333333336,9,0,ENV_YDST_108_HR_2009_2009_2017.csv
2009-06-15,2009,6,15,0,월,0,0,108,18.5,17.5,9.5,8.5,50.0,24,52.7,10,52.333333333333336,9,0,ENV_YDST_108_HR_2009_2009_2017.csv
2009-06-16,2009,6,16,1,화,0,1,108,18.5,17.5,9.5,8.5,44.666666666666664,24,45.0,10,45.44444444444444,9,0,ENV_YDST_108_HR_2009_2009_2017.csv
2009-06-17,2009,6,17,2,수,0,0,108,18.5,17.5,9.5,8.5,51.666666666666664,24,55.0,10,55.22222222222222,9,0,ENV_YDST_108_HR_2009_2009_2017.csv
2009-06-18,2009,6,18,3,목,0,0,108,18.5,17.5,9.5,8.5,53.458333333333336,24,44.2,10,43.111111111111114,9,0,ENV_YDST_108_HR_2009_2009_2017.csv
2009-06-19,2009,6,19,4,금,0,0,108,18.5,17.5,9.5,8.5,45.125,24,48.0,10,48.666666666666664,9,0,ENV_YDST_108_HR_2009_2009_2017.csv
2009-06-20,2009,6,20,5,토,1,0,108,18.5,17.5,9.5,8.5,20.416666666666668,24,21.5,10,21.88888888888889,9,0,ENV_YDST_108_HR_2009_2009_2017.csv
2009-06-21,2009,6,21,6,일,1,0,108,18.5,17.5,9.5,8.5,27.869565217391305,23,32.55555555555556,10,29.5,9,0,ENV_YDST_108_HR_2009_2009_2017.csv
2009-06-22,2009,6,22,0,월,0,0,108,18.5,17.5,9.5,8.5,41.0,24,49.0,10,47.77777777777778,9,0,ENV_YDST_108_HR_2009_2009_2017.csv
2009-06-23,2009,6,23,1,화,0,1,108,18.5,17.5,9.5,8.5,52.958333333333336,24,53.1,10,53.0,9,0,ENV_YDST_108_HR_2009_2009_2017.csv
2009-06-24,2009,6,24,2,수,0,0,108,18.5,17.5,9.5,8.5,56.583333333333336,24,51.9,10,50.22222222222222,9,0,ENV_YDST_108_HR_2009_2009_2017.csv
2009-06-25,2009,6,25,3,목,0,0,108,18.5,17.5,9.5,8.5,43.333333333333336,24,39.0,10,39.77777777777778,9,0,ENV_YDST_108_HR_2009_2009_2017.csv
2009-06-26,2009,6,26,4,금,0,0,108,18.5,17.5,9.5,8.5,50.08695652173913,23,51.4,10,51.55555555555556,9,0,ENV_YDST_108_HR_2009_2009_2017.csv
2009-06-27,2009,6,27,5,토,1,0,108,18.5,17.5,9.5,8.5,44.916666666666664,24,45.9,10,47.22222222222222,9,0,ENV_YDST_108_HR_2009_2009_2017.csv
2009-06-28,2009,6,28,6,일,1,0,108,18.5,17.5,9.5,8.5,23.416666666666668,24,20.0,10,17.88888888888889,9,0,ENV_YDST_108_HR_2009_2009_2017.csv
2009-06-29,2009,6,29,0,월,0,0,108,18.5,17.5,9.5,8.5,25.75,24,20.6,10,18.333333333333332,9,0,ENV_YDST_108_HR_2009_2009_2017.csv
2009-06-30,2009,6,30,1,화,0,1,108,18.5,17.5,9.5,8.5,41.958333333333336,24,51.0,10,49.333333333333336,9,0,ENV_YDST_108_HR_2009_2009_2017.csv
2009-07-01,2009,7,1,2,수,0,0,108,18.5,17.5,9.5,8.5,35.666666666666664,24,29.7,10,28.666666666666668,9,0,ENV_YDST_108_HR_2009_2009_2017.csv
2009-07-02,2009,7,2,3,목,0,0,108,18.5,17.5,9.5,8.5,43.0,13,,8,,7,0,ENV_YDST_108_HR_2009_2009_2017.csv
2009-07-03,2009,7,3,4,금,0,0,108,18.5,17.5,9.5,8.5,48.958333333333336,24,49.1,10,50.111111111111114,9,0,ENV_YDST_108_HR_2009_2009_2017.csv
2009-07-04,2009,7,4,5,토,1,0,108,18.5,17.5,9.5,8.5,52.833333333333336,24,47.1,10,46.77777777777778,9,0,ENV_YDST_108_HR_2009_2009_2017.csv
2009-07-05,2009,7,5,6,일,1,0,108,18.5,17.5,9.5,8.5,56.458333333333336,24,50.6,10,47.888888888888886,9,0,ENV_YDST_108_HR_2009_2009_2017.csv
2009-07-06,2009,7,6,0,월,0,0,108,18.5,17.5,9.5,8.5,64.08333333333333,24,63.3,10,63.55555555555556,9,0,ENV_YDST_108_HR_2009_2009_2017.csv
2009-07-07,2009,7,7,1,화,0,1,108,18.5,17.5,9.5,8.5,49.0,24,31.8,10,33.111111111111114,9,0,ENV_YDST_108_HR_2009_2009_2017.csv
2009-07-08,2009,7,8,2,수,0,0,108,18.5,17.5,9.5,8.5,46.125,24,45.6,10,42.77777777777778,9,0,ENV_YDST_108_HR_2009_2009_2017.csv
2009-07-09,2009,7,9,3,목,0,0,108,18.5,17.5,9.5,8.5,30.714285714285715,21,11.714285714285714,10,11.666666666666666,9,0,ENV_YDST_108_HR_2009_2009_2017.csv
2009-07-10,2009,7,10,4,금,0,0,108,18.5,17.5,9.5,8.5,42.916666666666664,24,50.5,10,50.888888888888886,9,0,ENV_YDST_108_HR_2009_2009_2017.csv
2009-07-11,2009,7,11,5,토,1,0,108,18.5,17.5,9.5,8.5,57.833333333333336,24,51.5,10,51.22222222222222,9,0,ENV_YDST_108_HR_2009_2009_2017.csv
2009-07-12,2009,7,12,6,일,1,0,108,18.5,17.5,9.5,8.5,23.25,8,,0,,0,0,ENV_YDST_108_HR_2009_2009_2017.csv
2009-07-13,2009,7,13,0,월,0,0,108,18.5,17.5,9.5,8.5,18.90909090909091,22,22.3,10,20.333333333333332,9,0,ENV_YDST_108_HR_2009_2009_2017.csv
2009-07-14,2009,7,14,1,화,0,1,108,18.5,17.5,9.5,8.5,10.045454545454545,22,8.11111111111111,10,8.375,9,0,ENV_YDST_108_HR_2009_2009_2017.csv
2009-07-15,2009,7,15,2,수,0,0,108,18.5,17.5,9.5,8.5,48.875,24,57.4,10,55.888888888888886,9,0,ENV_YDST_108_HR_2009_2009_2017.csv
2009-07-16,2009,7,16,3,목,0,0,108,18.5,17.5,9.5,8.5,56.666666666666664,24,43.1,10,40.888888888888886,9,0,ENV_YDST_108_HR_2009_2009_2017.csv
2009-07-17,2009,7,17,4,금,0,0,108,18.5,17.5,9.5,8.5,29.625,24,27.6,10,26.333333333333332,9,0,ENV_YDST_108_HR_2009_2009_2017.csv
2009-07-18,2009,7,18,5,토,1,0,108,18.5,17.5,9.5,8.5,22.083333333333332,24,23.0,10,21.333333333333332,9,0,ENV_YDST_108_HR_2009_2009_2017.csv
2009-07-19,2009,7,19,6,일,1,0,108,18.5,17.5,9.5,8.5,62.125,24,78.1,10,77.77777777777777,9,0,ENV_YDST_108_HR_2009_2009_2017.csv
2009-07-20,2009,7,20,0,월,0,0,108,18.5,17.5,9.5,8.5,77.20833333333333,24,78.5,10,81.22222222222223,9,0,ENV_YDST_108_HR_2009_2009_2017.csv
2009-07-21,2009,7,21,1,화,0,1,108,18.5,17.5,9.5,8.5,43.458333333333336,24,36.7,10,35.55555555555556,9,0,ENV_YDST_108_HR_2009_2009_2017.csv
2009-07-22,2009,7,22,2,수,0,0,108,18.5,17.5,9.5,8.5,41.833333333333336,24,39.3,10,39.44444444444444,9,0,ENV_YDST_108_HR_2009_2009_2017.csv
2009-07-23,2009,7,23,3,목,0,0,108,18.5,17.5,9.5,8.5,39.916666666666664,24,43.7,10,43.22222222222222,9,0,ENV_YDST_108_HR_2009_2009_2017.csv
2009-07-24,2009,7,24,4,금,0,0,108,18.5,17.5,9.5,8.5,25.041666666666668,24,22.8,10,23.666666666666668,9,0,ENV_YDST_108_HR_2009_2009_2017.csv
2009-07-25,2009,7,25,5,토,1,0,108,18.5,17.5,9.5,8.5,10.565217391304348,23,9.333333333333334,10,8.75,9,0,ENV_YDST_108_HR_2009_2009_2017.csv
2009-07-26,2009,7,26,6,일,1,0,108,18.5,17.5,9.5,8.5,13.041666666666666,24,11.1,10,11.0,9,0,ENV_YDST_108_HR_2009_2009_2017.csv
2009-07-27,2009,7,27,0,월,0,0,108,18.5,17.5,9.5,8.5,30.083333333333332,24,32.6,10,30.88888888888889,9,0,ENV_YDST_108_HR_2009_2009_2017.csv
2009-07-28,2009,7,28,1,화,0,1,108,18.5,17.5,9.5,8.5,25.958333333333332,24,22.0,10,22.666666666666668,9,0,ENV_YDST_108_HR_2009_2009_2017.csv
2009-07-29,2009,7,29,2,수,0,0,108,18.5,17.5,9.5,8.5,19.75,24,19.8,10,17.88888888888889,9,0,ENV_YDST_108_HR_2009_2009_2017.csv
2009-07-30,2009,7,30,3,목,0,0,108,18.5,17.5,9.5,8.5,33.625,24,41.3,10,40.77777777777778,9,0,ENV_YDST_108_HR_2009_2009_2017.csv
2009-07-31,2009,7,31,4,금,0,0,108,18.5,17.5,9.5,8.5,41.041666666666664,24,48.4,10,49.888888888888886,9,0,ENV_YDST_108_HR_2009_2009_2017.csv
2009-08-01,2009,8,1,5,토,1,0,108,18.5,17.5,9.5,8.5,39.94117647058823,17,46.8,6,46.8,6,0,ENV_YDST_108_HR_2009_2009_2017.csv
2009-08-02,2009,8,2,6,일,1,0,108,18.5,17.5,9.5,8.5,40.083333333333336,24,41.6,10,41.0,9,0,ENV_YDST_108_HR_2009_2009_2017.csv
2009-08-03,2009,8,3,0,월,0,0,108,18.5,17.5,9.5,8.5,36.833333333333336,24,34.9,10,35.111111111111114,9,0,ENV_YDST_108_HR_2009_2009_2017.csv
2009-08-04,2009,8,4,1,화,0,1,108,18.5,17.5,9.5,8.5,29.333333333333332,24,29.5,10,29.555555555555557,9,0,ENV_YDST_108_HR_2009_2009_2017.csv
2009-08-05,2009,8,5,2,수,0,0,108,18.5,17.5,9.5,8.5,17.166666666666668,24,17.0,10,16.666666666666668,9,0,ENV_YDST_108_HR_2009_2009_2017.csv
2009-08-06,2009,8,6,3,목,0,0,108,18.5,17.5,9.5,8.5,15.958333333333334,24,18.5,10,18.0,9,0,ENV_YDST_108_HR_2009_2009_2017.csv
2009-08-07,2009,8,7,4,금,0,0,108,18.5,17.5,9.5,8.5,13.958333333333334,24,13.7,10,13.0,9,0,ENV_YDST_108_HR_2009_2009_2017.csv
2009-08-08,2009,8,8,5,토,1,0,108,18.5,17.5,9.5,8.5,15.782608695652174,23,14.88888888888889,10,15.25,9,0,ENV_YDST_108_HR_2009_2009_2017.csv
2009-08-09,2009,8,9,6,일,1,0,108,18.5,17.5,9.5,8.5,10.772727272727273,22,10.444444444444445,10,10.625,9,0,ENV_YDST_108_HR_2009_2009_2017.csv
2009-08-10,2009,8,10,0,월,0,0,108,18.5,17.5,9.5,8.5,12.478260869565217,23,13.7,10,13.666666666666666,9,0,ENV_YDST_108_HR_2009_2009_2017.csv
2009-08-11,2009,8,11,1,화,0,1,108,18.5,17.5,9.5,8.5,9.80952380952381,21,11.5,10,12.0,9,0,ENV_YDST_108_HR_2009_2009_2017.csv
2009-08-12,2009,8,12,2,수,0,0,108,18.5,17.5,9.5,8.5,11.6,5,16.0,8,16.0,7,0,ENV_YDST_108_HR_2009_2009_2017.csv
2009-08-13,2009,8,13,3,목,0,0,108,18.5,17.5,9.5,8.5,42.958333333333336,24,34.9,10,33.0,9,0,ENV_YDST_108_HR_2009_2009_2017.csv
2009-08-14,2009,8,14,4,금,0,0,108,18.5,17.5,9.5,8.5,82.83333333333333,24,73.9,10,72.22222222222223,9,0,ENV_YDST_108_HR_2009_2009_2017.csv
2009-08-15,2009,8,15,5,토,1,0,108,18.5,17.5,9.5,8.5,74.20833333333333,24,96.5,10,93.33333333333333,9,1,ENV_YDST_108_HR_2009_2009_2017.csv
2009-08-16,2009,8,16,6,일,1,0,108,18.5,17.5,9.5,8.5,50.833333333333336,24,26.6,10,27.11111111111111,9,0,ENV_YDST_108_HR_2009_2009_2017.csv
2009-08-17,2009,8,17,0,월,0,0,108,18.5,17.5,9.5,8.5,28.75,24,29.3,10,29.0,9,0,ENV_YDST_108_HR_2009_2009_2017.csv
2009-08-18,2009,8,18,1,화,0,1,108,18.5,17.5,9.5,8.5,39.416666666666664,24,47.7,10,45.666666666666664,9,0,ENV_YDST_108_HR_2009_2009_2017.csv
2009-08-19,2009,8,19,2,수,0,0,108,18.5,17.5,9.5,8.5,37.416666666666664,24,36.5,10,38.111111111111114,9,0,ENV_YDST_108_HR_2009_2009_2017.csv
2009-08-20,2009,8,20,3,목,0,0,108,18.5,17.5,9.5,8.5,27.166666666666668,24,27.4,10,26.666666666666668,9,0,ENV_YDST_108_HR_2009_2009_2017.csv
2009-08-21,2009,8,21,4,금,0,0,108,18.5,17.5,9.5,8.5,30.958333333333332,24,31.5,10,31.444444444444443,9,0,ENV_YDST_108_HR_2009_2009_2017.csv
2009-08-22,2009,8,22,5,토,1,0,108,18.5,17.5,9.5,8.5,34.083333333333336,24,34.6,10,33.55555555555556,9,0,ENV_YDST_108_HR_2009_2009_2017.csv
2009-08-23,2009,8,23,6,일,1,0,108,18.5,17.5,9.5,8.5,38.416666666666664,24,34.5,10,34.888888888888886,9,0,ENV_YDST_108_HR_2009_2009_2017.csv
2009-08-24,2009,8,24,0,월,0,0,108,18.5,17.5,9.5,8.5,29.625,24,24.1,10,24.11111111111111,9,0,ENV_YDST_108_HR_2009_2009_2017.csv
2009-08-25,2009,8,25,1,화,0,1,108,18.5,17.5,9.5,8.5,36.81818181818182,22,39.625,10,33.285714285714285,9,0,ENV_YDST_108_HR_2009_2009_2017.csv
2009-08-26,2009,8,26,2,수,0,0,108,18.5,17.5,9.5,8.5,41.833333333333336,24,35.7,10,36.55555555555556,9,0,ENV_YDST_108_HR_2009_2009_2017.csv
2009-08-27,2009,8,27,3,목,0,0,108,18.5,17.5,9.5,8.5,18.695652173913043,23,18.11111111111111,10,18.75,9,0,ENV_YDST_108_HR_2009_2009_2017.csv
2009-08-28,2009,8,28,4,금,0,0,108,18.5,17.5,9.5,8.5,32.458333333333336,24,33.4,10,35.55555555555556,9,0,ENV_YDST_108_HR_2009_2009_2017.csv
2009-08-29,2009,8,29,5,토,1,0,108,18.5,17.5,9.5,8.5,22.583333333333332,24,19.1,10,19.555555555555557,9,0,ENV_YDST_108_HR_2009_2009_2017.csv
2009-08-30,2009,8,30,6,일,1,0,108,18.5,17.5,9.5,8.5,14.458333333333334,24,13.9,10,13.88888888888889,9,0,ENV_YDST_108_HR_2009_2009_2017.csv
2009-08-31,2009,8,31,0,월,0,0,108,18.5,17.5,9.5,8.5,14.958333333333334,24,14.4,10,13.88888888888889,9,0,ENV_YDST_108_HR_2009_2009_2017.csv
2009-09-01,2009,9,1,1,화,0,1,108,18.0,17.0,9.0,8.0,14.791666666666666,24,12.777777777777779,9,12.125,8,0,ENV_YDST_108_HR_2009_2009_2017.csv
2009-09-02,2009,9,2,2,수,0,0,108,18.0,17.0,9.0,8.0,15.875,24,16.555555555555557,9,15.75,8,0,ENV_YDST_108_HR_2009_2009_2017.csv
2009-09-03,2009,9,3,3,목,0,0,108,18.0,17.0,9.0,8.0,21.916666666666668,24,20.77777777777778,9,18.875,8,0,ENV_YDST_108_HR_2009_2009_2017.csv
2009-09-04,2009,9,4,4,금,0,0,108,18.0,17.0,9.0,8.0,27.0,24,21.77777777777778,9,20.5,8,0,ENV_YDST_108_HR_2009_2009_2017.csv
2009-09-05,2009,9,5,5,토,1,0,108,18.0,17.0,9.0,8.0,37.666666666666664,24,36.55555555555556,9,34.875,8,0,ENV_YDST_108_HR_2009_2009_2017.csv
2009-09-06,2009,9,6,6,일,1,0,108,18.0,17.0,9.0,8.0,45.25,24,44.22222222222222,9,45.375,8,0,ENV_YDST_108_HR_2009_2009_2017.csv
2009-09-07,2009,9,7,0,월,0,0,108,18.0,17.0,9.0,8.0,42.708333333333336,24,51.77777777777778,9,52.125,8,0,ENV_YDST_108_HR_2009_2009_2017.csv
2009-09-08,2009,9,8,1,화,0,1,108,18.0,17.0,9.0,8.0,16.291666666666668,24,12.555555555555555,9,11.5,8,0,ENV_YDST_108_HR_2009_2009_2017.csv
2009-09-09,2009,9,9,2,수,0,0,108,18.0,17.0,9.0,8.0,41.041666666666664,24,45.77777777777778,9,46.0,8,0,ENV_YDST_108_HR_2009_2009_2017.csv
2009-09-10,2009,9,10,3,목,0,0,108,18.0,17.0,9.0,8.0,36.125,24,40.0,9,40.625,8,0,ENV_YDST_108_HR_2009_2009_2017.csv
2009-09-11,2009,9,11,4,금,0,0,108,18.0,17.0,9.0,8.0,43.875,24,44.0,9,43.25,8,0,ENV_YDST_108_HR_2009_2009_2017.csv
2009-09-12,2009,9,12,5,토,1,0,108,18.0,17.0,9.0,8.0,17.42105263157895,19,16.4,9,16.4,8,0,ENV_YDST_108_HR_2009_2009_2017.csv
2009-09-13,2009,9,13,6,일,1,0,108,18.0,17.0,9.0,8.0,30.0,24,32.77777777777778,9,33.375,8,0,ENV_YDST_108_HR_2009_2009_2017.csv
2009-09-14,2009,9,14,0,월,0,0,108,18.0,17.0,9.0,8.0,41.041666666666664,24,46.888888888888886,9,47.375,8,0,ENV_YDST_108_HR_2009_2009_2017.csv
2009-09-15,2009,9,15,1,화,0,1,108,18.0,17.0,9.0,8.0,47.625,24,56.111111111111114,9,56.875,8,0,ENV_YDST_108_HR_2009_2009_2017.csv
2009-09-16,2009,9,16,2,수,0,0,108,18.0,17.0,9.0,8.0,48.958333333333336,24,48.111111111111114,9,48.125,8,0,ENV_YDST_108_HR_2009_2009_2017.csv
2009-09-17,2009,9,17,3,목,0,0,108,18.0,17.0,9.0,8.0,49.416666666666664,24,49.55555555555556,9,47.875,8,0,ENV_YDST_108_HR_2009_2009_2017.csv
2009-09-18,2009,9,18,4,금,0,0,108,18.0,17.0,9.0,8.0,45.083333333333336,24,49.77777777777778,9,50.875,8,0,ENV_YDST_108_HR_2009_2009_2017.csv
2009-09-19,2009,9,19,5,토,1,0,108,18.0,17.0,9.0,8.0,23.083333333333332,24,21.77777777777778,9,21.75,8,0,ENV_YDST_108_HR_2009_2009_2017.csv
2009-09-20,2009,9,20,6,일,1,0,108,18.0,17.0,9.0,8.0,20.708333333333332,24,20.11111111111111,9,19.25,8,0,ENV_YDST_108_HR_2009_2009_2017.csv
2009-09-21,2009,9,21,0,월,0,0,108,18.0,17.0,9.0,8.0,25.958333333333332,24,18.666666666666668,9,18.625,8,0,ENV_YDST_108_HR_2009_2009_2017.csv
2009-09-22,2009,9,22,1,화,0,1,108,18.0,17.0,9.0,8.0,74.45833333333333,24,94.66666666666667,9,95.625,8,1,ENV_YDST_108_HR_2009_2009_2017.csv
2009-09-23,2009,9,23,2,수,0,0,108,18.0,17.0,9.0,8.0,64.70833333333333,24,63.0,9,62.5,8,0,ENV_YDST_108_HR_2009_2009_2017.csv
2009-09-24,2009,9,24,3,목,0,0,108,18.0,17.0,9.0,8.0,60.958333333333336,24,50.22222222222222,9,49.875,8,0,ENV_YDST_108_HR_2009_2009_2017.csv
2009-09-25,2009,9,25,4,금,0,0,108,18.0,17.0,9.0,8.0,74.58333333333333,24,68.88888888888889,9,69.5,8,0,ENV_YDST_108_HR_2009_2009_2017.csv
2009-09-26,2009,9,26,5,토,1,0,108,18.0,17.0,9.0,8.0,50.083333333333336,24,27.0,9,27.25,8,0,ENV_YDST_108_HR_2009_2009_2017.csv
2009-09-27,2009,9,27,6,일,1,0,108,18.0,17.0,9.0,8.0,29.541666666666668,24,30.88888888888889,9,30.25,8,0,ENV_YDST_108_HR_2009_2009_2017.csv
2009-09-28,2009,9,28,0,월,0,0,108,18.0,17.0,9.0,8.0,34.0,24,34.44444444444444,9,34.625,8,0,ENV_YDST_108_HR_2009_2009_2017.csv
2009-09-29,2009,9,29,1,화,0,1,108,18.0,17.0,9.0,8.0,42.458333333333336,24,24.88888888888889,9,24.25,8,0,ENV_YDST_108_HR_2009_2009_2017.csv
2009-09-30,2009,9,30,2,수,0,0,108,18.0,17.0,9.0,8.0,34.291666666666664,24,24.22222222222222,9,24.875,8,0,ENV_YDST_108_HR_2009_2009_2017.csv
2009-10-01,2009,10,1,3,목,0,0,108,18.0,17.0,9.0,8.0,27.208333333333332,24,25.88888888888889,9,26.375,8,0,ENV_YDST_108_HR_2009_2009_2017.csv
2009-10-02,2009,10,2,4,금,0,0,108,18.0,17.0,9.0,8.0,34.833333333333336,24,38.888888888888886,9,40.0,8,0,ENV_YDST_108_HR_2009_2009_2017.csv
2009-10-03,2009,10,3,5,토,1,0,108,18.0,17.0,9.0,8.0,23.0,24,23.0,9,23.375,8,0,ENV_YDST_108_HR_2009_2009_2017.csv
2009-10-04,2009,10,4,6,일,1,0,108,18.0,17.0,9.0,8.0,13.777777777777779,18,14.222222222222221,9,14.25,8,0,ENV_YDST_108_HR_2009_2009_2017.csv
2009-10-05,2009,10,5,0,월,0,0,108,18.0,17.0,9.0,8.0,21.583333333333332,24,22.444444444444443,9,22.5,8,0,ENV_YDST_108_HR_2009_2009_2017.csv
2009-10-06,2009,10,6,1,화,0,1,108,18.0,17.0,9.0,8.0,30.416666666666668,24,32.77777777777778,9,33.375,8,0,ENV_YDST_108_HR_2009_2009_2017.csv
2009-10-07,2009,10,7,2,수,0,0,108,18.0,17.0,9.0,8.0,22.875,24,23.77777777777778,9,24.625,8,0,ENV_YDST_108_HR_2009_2009_2017.csv
2009-10-08,2009,10,8,3,목,0,0,108,18.0,17.0,9.0,8.0,13.833333333333334,24,15.11111111111111,9,15.0,8,0,ENV_YDST_108_HR_2009_2009_2017.csv
2009-10-09,2009,10,9,4,금,0,0,108,18.0,17.0,9.0,8.0,22.958333333333332,24,26.555555555555557,9,25.75,8,0,ENV_YDST_108_HR_2009_2009_2017.csv
2009-10-10,2009,10,10,5,토,1,0,108,18.0,17.0,9.0,8.0,37.875,24,39.666666666666664,9,40.0,8,0,ENV_YDST_108_HR_2009_2009_2017.csv
2009-10-11,2009,10,11,6,일,1,0,108,18.0,17.0,9.0,8.0,45.708333333333336,24,38.77777777777778,9,38.5,8,0,ENV_YDST_108_HR_2009_2009_2017.csv
2009-10-12,2009,10,12,0,월,0,0,108,18.0,17.0,9.0,8.0,45.208333333333336,24,44.111111111111114,9,46.125,8,0,ENV_YDST_108_HR_2009_2009_2017.csv
2009-10-13,2009,10,13,1,화,0,1,108,18.0,17.0,9.0,8.0,51.10526315789474,19,56.666666666666664,9,58.5,8,0,ENV_YDST_108_HR_2009_2009_2017.csv
2009-10-14,2009,10,14,2,수,0,0,108,18.0,17.0,9.0,8.0,28.652173913043477,23,22.77777777777778,9,21.375,8,0,ENV_YDST_108_HR_2009_2009_2017.csv
2009-10-15,2009,10,15,3,목,0,0,108,18.0,17.0,9.0,8.0,45.583333333333336,24,43.333333333333336,9,44.625,8,0,ENV_YDST_108_HR_2009_2009_2017.csv
2009-10-16,2009,10,16,4,금,0,0,108,18.0,17.0,9.0,8.0,48.1,20,51.22222222222222,9,52.5,8,0,ENV_YDST_108_HR_2009_2009_2017.csv
2009-10-17,2009,10,17,5,토,1,0,108,18.0,17.0,9.0,8.0,49.75,12,34.833333333333336,9,35.6,8,0,ENV_YDST_108_HR_2009_2009_2017.csv
2009-10-18,2009,10,18,6,일,1,0,108,18.0,17.0,9.0,8.0,48.875,24,52.77777777777778,9,55.0,8,0,ENV_YDST_108_HR_2009_2009_2017.csv
2009-10-19,2009,10,19,0,월,0,0,108,18.0,17.0,9.0,8.0,36.15,20,40.888888888888886,9,42.125,8,0,ENV_YDST_108_HR_2009_2009_2017.csv
2009-10-20,2009,10,20,1,화,0,1,108,18.0,17.0,9.0,8.0,130.29166666666666,24,202.33333333333334,9,214.25,8,1,ENV_YDST_108_HR_2009_2009_2017.csv
2009-10-21,2009,10,21,2,수,0,0,108,18.0,17.0,9.0,8.0,56.041666666666664,24,61.666666666666664,9,61.75,8,0,ENV_YDST_108_HR_2009_2009_2017.csv
2009-10-22,2009,10,22,3,목,0,0,108,18.0,17.0,9.0,8.0,52.333333333333336,24,53.44444444444444,9,51.875,8,0,ENV_YDST_108_HR_2009_2009_2017.csv
2009-10-23,2009,10,23,4,금,0,0,108,18.0,17.0,9.0,8.0,75.38888888888889,18,62.77777777777778,9,59.0,8,0,ENV_YDST_108_HR_2009_2009_2017.csv
2009-10-24,2009,10,24,5,토,1,0,108,18.0,17.0,9.0,8.0,72.5,24,62.0,9,61.5,8,0,ENV_YDST_108_HR_2009_2009_2017.csv
2009-10-25,2009,10,25,6,일,1,0,108,18.0,17.0,9.0,8.0,66.375,24,64.0,9,62.875,8,0,ENV_YDST_108_HR_2009_2009_2017.csv
2009-10-26,2009,10,26,0,월,0,0,108,18.0,17.0,9.0,8.0,82.91666666666667,24,84.44444444444444,9,85.25,8,1,ENV_YDST_108_HR_2009_2009_2017.csv
2009-10-27,2009,10,27,1,화,0,1,108,18.0,17.0,9.0,8.0,74.66666666666667,24,66.44444444444444,9,66.0,8,0,ENV_YDST_108_HR_2009_2009_2017.csv
2009-10-28,2009,10,28,2,수,0,0,108,18.0,17.0,9.0,8.0,75.29166666666667,24,70.77777777777777,9,71.375,8,0,ENV_YDST_108_HR_2009_2009_2017.csv
2009-10-29,2009,10,29,3,목,0,0,108,18.0,17.0,9.0,8.0,63.5,24,63.888888888888886,9,66.625,8,0,ENV_YDST_108_HR_2009_2009_2017.csv
2009-10-30,2009,10,30,4,금,0,0,108,18.0,17.0,9.0,8.0,77.625,24,74.88888888888889,9,74.625,8,0,ENV_YDST_108_HR_2009_2009_2017.csv
2009-10-31,2009,10,31,5,토,1,0,108,18.0,17.0,9.0,8.0,50.708333333333336,24,54.55555555555556,9,56.125,8,0,ENV_YDST_108_HR_2009_2009_2017.csv
2009-11-01,2009,11,1,6,일,1,0,108,17.0,16.0,8.0,7.0,36.95652173913044,23,37.125,8,37.57142857142857,7,0,ENV_YDST_108_HR_2009_2009_2017.csv
2009-11-02,2009,11,2,0,월,0,0,108,17.0,16.0,8.0,7.0,31.916666666666668,24,36.0,8,36.714285714285715,7,0,ENV_YDST_108_HR_2009_2009_2017.csv
2009-11-03,2009,11,3,1,화,0,1,108,17.0,16.0,8.0,7.0,28.291666666666668,24,30.0,8,30.142857142857142,7,0,ENV_YDST_108_HR_2009_2009_2017.csv
2009-11-04,2009,11,4,2,수,0,0,108,17.0,16.0,8.0,7.0,40.416666666666664,24,50.125,8,49.42857142857143,7,0,ENV_YDST_108_HR_2009_2009_2017.csv
2009-11-05,2009,11,5,3,목,0,0,108,17.0,16.0,8.0,7.0,52.291666666666664,24,54.75,8,53.285714285714285,7,0,ENV_YDST_108_HR_2009_2009_2017.csv
2009-11-06,2009,11,6,4,금,0,0,108,17.0,16.0,8.0,7.0,74.25,24,60.0,8,64.28571428571429,7,0,ENV_YDST_108_HR_2009_2009_2017.csv
2009-11-07,2009,11,7,5,토,1,0,108,17.0,16.0,8.0,7.0,56.041666666666664,24,54.375,8,56.142857142857146,7,0,ENV_YDST_108_HR_2009_2009_2017.csv
2009-11-08,2009,11,8,6,일,1,0,108,17.0,16.0,8.0,7.0,18.47826086956522,23,13.857142857142858,8,13.333333333333334,7,0,ENV_YDST_108_HR_2009_2009_2017.csv
2009-11-09,2009,11,9,0,월,0,0,108,17.0,16.0,8.0,7.0,15.5,24,15.875,8,16.142857142857142,7,0,ENV_YDST_108_HR_2009_2009_2017.csv
2009-11-10,2009,11,10,1,화,0,1,108,17.0,16.0,8.0,7.0,7.181818181818182,22,9.0,8,9.166666666666666,7,0,ENV_YDST_108_HR_2009_2009_2017.csv
2009-11-11,2009,11,11,2,수,0,0,108,17.0,16.0,8.0,7.0,7.7,20,9.5,8,9.285714285714286,7,0,ENV_YDST_108_HR_2009_2009_2017.csv
2009-11-12,2009,11,12,3,목,0,0,108,17.0,16.0,8.0,7.0,13.375,24,15.75,8,16.285714285714285,7,0,ENV_YDST_108_HR_2009_2009_2017.csv
2009-11-13,2009,11,13,4,금,0,0,108,17.0,16.0,8.0,7.0,11.727272727272727,22,10.5,8,10.142857142857142,7,0,ENV_YDST_108_HR_2009_2009_2017.csv
2009-11-14,2009,11,14,5,토,1,0,108,17.0,16.0,8.0,7.0,32.125,24,54.5,8,58.57142857142857,7,0,ENV_YDST_108_HR_2009_2009_2017.csv
2009-11-15,2009,11,15,6,일,1,0,108,17.0,16.0,8.0,7.0,28.083333333333332,24,19.375,8,19.571428571428573,7,0,ENV_YDST_108_HR_2009_2009_2017.csv
2009-11-16,2009,11,16,0,월,0,0,108,17.0,16.0,8.0,7.0,25.625,24,26.25,8,26.571428571428573,7,0,ENV_YDST_108_HR_2009_2009_2017.csv
2009-11-17,2009,11,17,1,화,0,1,108,17.0,16.0,8.0,7.0,28.083333333333332,24,30.0,8,31.285714285714285,7,0,ENV_YDST_108_HR_2009_2009_2017.csv
2009-11-18,2009,11,18,2,수,0,0,108,17.0,16.0,8.0,7.0,26.153846153846153,13,23.5,7,24.4,6,0,ENV_YDST_108_HR_2009_2009_2017.csv
2009-11-19,2009,11,19,3,목,0,0,108,17.0,16.0,8.0,7.0,39.333333333333336,24,42.125,8,43.0,7,0,ENV_YDST_108_HR_2009_2009_2017.csv
2009-11-20,2009,11,20,4,금,0,0,108,17.0,16.0,8.0,7.0,32.541666666666664,24,33.125,8,33.285714285714285,7,0,ENV_YDST_108_HR_2009_2009_2017.csv
2009-11-21,2009,11,21,5,토,1,0,108,17.0,16.0,8.0,7.0,42.083333333333336,24,42.625,8,43.57142857142857,7,0,ENV_YDST_108_HR_2009_2009_2017.csv
2009-11-22,2009,11,22,6,일,1,0,108,17.0,16.0,8.0,7.0,35.041666666666664,24,37.75,8,39.57142857142857,7,0,ENV_YDST_108_HR_2009_2009_2017.csv
2009-11-23,2009,11,23,0,월,0,0,108,17.0,16.0,8.0,7.0,56.083333333333336,24,57.5,8,54.57142857142857,7,0,ENV_YDST_108_HR_2009_2009_2017.csv
2009-11-24,2009,11,24,1,화,0,1,108,17.0,16.0,8.0,7.0,81.83333333333333,24,80.125,8,81.85714285714286,7,0,ENV_YDST_108_HR_2009_2009_2017.csv
2009-11-25,2009,11,25,2,수,0,0,108,17.0,16.0,8.0,7.0,66.58333333333333,24,66.125,8,68.71428571428571,7,0,ENV_YDST_108_HR_2009_2009_2017.csv
2009-11-26,2009,11,26,3,목,0,0,108,17.0,16.0,8.0,7.0,57.875,24,42.75,8,41.714285714285715,7,0,ENV_YDST_108_HR_2009_2009_2017.csv
2009-11-27,2009,11,27,4,금,0,0,108,17.0,16.0,8.0,7.0,88.25,24,85.25,8,83.57142857142857,7,1,ENV_YDST_108_HR_2009_2009_2017.csv
2009-11-28,2009,11,28,5,토,1,0,108,17.0,16.0,8.0,7.0,135.16666666666666,24,143.5,8,144.85714285714286,7,1,ENV_YDST_108_HR_2009_2009_2017.csv
2009-11-29,2009,11,29,6,일,1,0,108,17.0,16.0,8.0,7.0,34.0,24,26.25,8,25.285714285714285,7,0,ENV_YDST_108_HR_2009_2009_2017.csv
2009-11-30,2009,11,30,0,월,0,0,108,17.0,16.0,8.0,7.0,58.916666666666664,24,44.125,8,45.57142857142857,7,0,ENV_YDST_108_HR_2009_2009_2017.csv
2009-12-01,2009,12,1,1,화,0,1,108,17.0,16.0,8.0,7.0,88.75,24,87.125,8,84.85714285714286,7,1,ENV_YDST_108_HR_2009_2009_2017.csv
2009-12-02,2009,12,2,2,수,0,0,108,17.0,16.0,8.0,7.0,124.375,24,129.625,8,128.85714285714286,7,1,ENV_YDST_108_HR_2009_2009_2017.csv
2009-12-03,2009,12,3,3,목,0,0,108,17.0,16.0,8.0,7.0,72.04166666666667,24,46.875,8,48.142857142857146,7,0,ENV_YDST_108_HR_2009_2009_2017.csv
2009-12-04,2009,12,4,4,금,0,0,108,17.0,16.0,8.0,7.0,66.58333333333333,24,66.25,8,67.42857142857143,7,0,ENV_YDST_108_HR_2009_2009_2017.csv
2009-12-05,2009,12,5,5,토,1,0,108,17.0,16.0,8.0,7.0,35.041666666666664,24,26.75,8,28.142857142857142,7,0,ENV_YDST_108_HR_2009_2009_2017.csv
2009-12-06,2009,12,6,6,일,1,0,108,17.0,16.0,8.0,7.0,16.583333333333332,24,14.5,8,14.571428571428571,7,0,ENV_YDST_108_HR_2009_2009_2017.csv
2009-12-07,2009,12,7,0,월,0,0,108,17.0,16.0,8.0,7.0,43.708333333333336,24,54.0,8,51.857142857142854,7,0,ENV_YDST_108_HR_2009_2009_2017.csv
2009-12-08,2009,12,8,1,화,0,1,108,17.0,16.0,8.0,7.0,67.83333333333333,24,74.375,8,76.71428571428571,7,0,ENV_YDST_108_HR_2009_2009_2017.csv
2009-12-09,2009,12,9,2,수,0,0,108,17.0,16.0,8.0,7.0,49.291666666666664,24,48.875,8,52.142857142857146,7,0,ENV_YDST_108_HR_2009_2009_2017.csv
2009-12-10,2009,12,10,3,목,0,0,108,17.0,16.0,8.0,7.0,20.708333333333332,24,22.125,8,23.142857142857142,7,0,ENV_YDST_108_HR_2009_2009_2017.csv
2009-12-11,2009,12,11,4,금,0,0,108,17.0,16.0,8.0,7.0,19.541666666666668,24,27.875,8,27.142857142857142,7,0,ENV_YDST_108_HR_2009_2009_2017.csv
2009-12-12,2009,12,12,5,토,1,0,108,17.0,16.0,8.0,7.0,38.875,24,41.125,8,40.285714285714285,7,0,ENV_YDST_108_HR_2009_2009_2017.csv
2009-12-13,2009,12,13,6,일,1,0,108,17.0,16.0,8.0,7.0,54.333333333333336,24,54.5,8,56.285714285714285,7,0,ENV_YDST_108_HR_2009_2009_2017.csv
2009-12-14,2009,12,14,0,월,0,0,108,17.0,16.0,8.0,7.0,25.166666666666668,24,21.5,8,22.285714285714285,7,0,ENV_YDST_108_HR_2009_2009_2017.csv
2009-12-15,2009,12,15,1,화,0,1,108,17.0,16.0,8.0,7.0,32.625,24,34.125,8,33.0,7,0,ENV_YDST_108_HR_2009_2009_2017.csv
2009-12-16,2009,12,16,2,수,0,0,108,17.0,16.0,8.0,7.0,38.041666666666664,24,37.0,8,35.57142857142857,7,0,ENV_YDST_108_HR_2009_2009_2017.csv
2009-12-17,2009,12,17,3,목,0,0,108,17.0,16.0,8.0,7.0,36.791666666666664,24,36.625,8,35.57142857142857,7,0,ENV_YDST_108_HR_2009_2009_2017.csv
2009-12-18,2009,12,18,4,금,0,0,108,17.0,16.0,8.0,7.0,35.541666666666664,24,34.75,8,35.57142857142857,7,0,ENV_YDST_108_HR_2009_2009_2017.csv
2009-12-19,2009,12,19,5,토,1,0,108,17.0,16.0,8.0,7.0,54.666666666666664,24,47.375,8,40.57142857142857,7,0,ENV_YDST_108_HR_2009_2009_2017.csv
2009-12-20,2009,12,20,6,일,1,0,108,17.0,16.0,8.0,7.0,76.625,24,73.0,8,72.0,7,0,ENV_YDST_108_HR_2009_2009_2017.csv
2009-12-21,2009,12,21,0,월,0,0,108,17.0,16.0,8.0,7.0,50.25,24,48.75,8,48.714285714285715,7,0,ENV_YDST_108_HR_2009_2009_2017.csv
2009-12-22,2009,12,22,1,화,0,1,108,17.0,16.0,8.0,7.0,53.875,24,62.125,8,63.714285714285715,7,0,ENV_YDST_108_HR_2009_2009_2017.csv
2009-12-23,2009,12,23,2,수,0,0,108,17.0,16.0,8.0,7.0,78.5,24,76.625,8,77.0,7,0,ENV_YDST_108_HR_2009_2009_2017.csv
2009-12-24,2009,12,24,3,목,0,0,108,17.0,16.0,8.0,7.0,100.5,24,85.0,8,83.85714285714286,7,1,ENV_YDST_108_HR_2009_2009_2017.csv
2009-12-25,2009,12,25,4,금,0,0,108,17.0,16.0,8.0,7.0,264.9166666666667,24,113.375,8,95.57142857142857,7,1,ENV_YDST_108_HR_2009_2009_2017.csv
2009-12-26,2009,12,26,5,토,1,0,108,17.0,16.0,8.0,7.0,218.125,24,106.875,8,107.28571428571429,7,1,ENV_YDST_108_HR_2009_2009_2017.csv
2009-12-27,2009,12,27,6,일,1,0,108,17.0,16.0,8.0,7.0,78.95833333333333,24,76.375,8,76.14285714285714,7,0,ENV_YDST_108_HR_2009_2009_2017.csv
2009-12-28,2009,12,28,0,월,0,0,108,17.0,16.0,8.0,7.0,58.25,24,53.0,8,55.42857142857143,7,0,ENV_YDST_108_HR_2009_2009_2017.csv
2009-12-29,2009,12,29,1,화,0,1,108,17.0,16.0,8.0,7.0,46.0,24,49.625,8,49.42857142857143,7,0,ENV_YDST_108_HR_2009_2009_2017.csv
2009-12-30,2009,12,30,2,수,0,0,108,17.0,16.0,8.0,7.0,115.54166666666667,24,125.5,8,130.0,7,1,ENV_YDST_108_HR_2009_2009_2017.csv
2009-12-31,2009,12,31,3,목,0,0,108,17.0,16.0,8.0,7.0,40.458333333333336,24,35.5,8,38.0,7,0,ENV_YDST_108_HR_2009_2009_2017.csv
2010-01-01,2010,1,1,4,금,0,0,108,17.0,16.0,8.0,7.0,31.916666666666668,24,33.625,8,33.42857142857143,7,0,"ENV_YDST_108_HR_2009_2009_2017.csv,ENV_YDST_108_HR_2010_2010_2017.csv"
2010-01-02,2010,1,2,5,토,1,0,108,17.0,16.0,8.0,7.0,46.958333333333336,24,37.875,8,35.57142857142857,7,0,ENV_YDST_108_HR_2010_2010_2017.csv
2010-01-03,2010,1,3,6,일,1,0,108,17.0,16.0,8.0,7.0,46.916666666666664,24,39.625,8,39.0,7,0,ENV_YDST_108_HR_2010_2010_2017.csv
2010-01-04,2010,1,4,0,월,0,0,108,17.0,16.0,8.0,7.0,38.458333333333336,24,22.875,8,21.571428571428573,7,0,ENV_YDST_108_HR_2010_2010_2017.csv
2010-01-05,2010,1,5,1,화,0,1,108,17.0,16.0,8.0,7.0,49.75,24,53.125,8,54.714285714285715,7,0,ENV_YDST_108_HR_2010_2010_2017.csv
2010-01-06,2010,1,6,2,수,0,0,108,17.0,16.0,8.0,7.0,35.333333333333336,24,38.125,8,39.285714285714285,7,0,ENV_YDST_108_HR_2010_2010_2017.csv
2010-01-07,2010,1,7,3,목,0,0,108,17.0,16.0,8.0,7.0,55.041666666666664,24,67.75,8,70.14285714285714,7,0,ENV_YDST_108_HR_2010_2010_2017.csv
2010-01-08,2010,1,8,4,금,0,0,108,17.0,16.0,8.0,7.0,74.83333333333333,24,77.625,8,81.57142857142857,7,0,ENV_YDST_108_HR_2010_2010_2017.csv
2010-01-09,2010,1,9,5,토,1,0,108,17.0,16.0,8.0,7.0,71.70833333333333,24,70.875,8,73.71428571428571,7,0,ENV_YDST_108_HR_2010_2010_2017.csv
2010-01-10,2010,1,10,6,일,1,0,108,17.0,16.0,8.0,7.0,59.041666666666664,24,44.625,8,39.57142857142857,7,0,ENV_YDST_108_HR_2010_2010_2017.csv
2010-01-11,2010,1,11,0,월,0,0,108,17.0,16.0,8.0,7.0,71.45833333333333,24,75.875,8,76.28571428571429,7,0,ENV_YDST_108_HR_2010_2010_2017.csv
2010-01-12,2010,1,12,1,화,0,1,108,17.0,16.0,8.0,7.0,35.708333333333336,24,29.5,8,30.714285714285715,7,0,ENV_YDST_108_HR_2010_2010_2017.csv
2010-01-13,2010,1,13,2,수,0,0,108,17.0,16.0,8.0,7.0,35.375,24,36.625,8,38.0,7,0,ENV_YDST_108_HR_2010_2010_2017.csv
2010-01-14,2010,1,14,3,목,0,0,108,17.0,16.0,8.0,7.0,43.041666666666664,24,49.25,8,49.0,7,0,ENV_YDST_108_HR_2010_2010_2017.csv
2010-01-15,2010,1,15,4,금,0,0,108,17.0,16.0,8.0,7.0,49.958333333333336,24,52.75,8,51.857142857142854,7,0,ENV_YDST_108_HR_2010_2010_2017.csv
2010-01-16,2010,1,16,5,토,1,0,108,17.0,16.0,8.0,7.0,53.083333333333336,24,51.625,8,53.285714285714285,7,0,ENV_YDST_108_HR_2010_2010_2017.csv
2010-01-17,2010,1,17,6,일,1,0,108,17.0,16.0,8.0,7.0,47.541666666666664,24,51.625,8,55.714285714285715,7,0,ENV_YDST_108_HR_2010_2010_2017.csv
2010-01-18,2010,1,18,0,월,0,0,108,17.0,16.0,8.0,7.0,69.95833333333333,24,76.5,8,76.0,7,0,ENV_YDST_108_HR_2010_2010_2017.csv
2010-01-19,2010,1,19,1,화,0,1,108,17.0,16.0,8.0,7.0,84.30434782608695,23,77.375,8,77.0,7,0,ENV_YDST_108_HR_2010_2010_2017.csv
2010-01-20,2010,1,20,2,수,0,0,108,17.0,16.0,8.0,7.0,50.041666666666664,24,46.125,8,46.0,7,0,ENV_YDST_108_HR_2010_2010_2017.csv
2010-01-21,2010,1,21,3,목,0,0,108,17.0,16.0,8.0,7.0,41.083333333333336,24,43.25,8,43.142857142857146,7,0,ENV_YDST_108_HR_2010_2010_2017.csv
2010-01-22,2010,1,22,4,금,0,0,108,17.0,16.0,8.0,7.0,39.333333333333336,24,37.125,8,36.285714285714285,7,0,ENV_YDST_108_HR_2010_2010_2017.csv
2010-01-23,2010,1,23,5,토,1,0,108,17.0,16.0,8.0,7.0,48.208333333333336,24,52.875,8,53.285714285714285,7,0,ENV_YDST_108_HR_2010_2010_2017.csv
2010-01-24,2010,1,24,6,일,1,0,108,17.0,16.0,8.0,7.0,54.75,24,53.125,8,52.714285714285715,7,0,ENV_YDST_108_HR_2010_2010_2017.csv
2010-01-25,2010,1,25,0,월,0,0,108,17.0,16.0,8.0,7.0,131.0,24,191.625,8,202.85714285714286,7,1,ENV_YDST_108_HR_2010_2010_2017.csv
2010-01-26,2010,1,26,1,화,0,1,108,17.0,16.0,8.0,7.0,57.083333333333336,24,61.875,8,61.57142857142857,7,0,ENV_YDST_108_HR_2010_2010_2017.csv
2010-01-27,2010,1,27,2,수,0,0,108,17.0,16.0,8.0,7.0,47.041666666666664,24,59.5,8,58.714285714285715,7,0,ENV_YDST_108_HR_2010_2010_2017.csv
2010-01-28,2010,1,28,3,목,0,0,108,17.0,16.0,8.0,7.0,50.958333333333336,24,71.25,8,70.57142857142857,7,0,ENV_YDST_108_HR_2010_2010_2017.csv
2010-01-29,2010,1,29,4,금,0,0,108,17.0,16.0,8.0,7.0,43.916666666666664,24,45.0,8,45.57142857142857,7,0,ENV_YDST_108_HR_2010_2010_2017.csv
2010-01-30,2010,1,30,5,토,1,0,108,17.0,16.0,8.0,7.0,75.75,24,85.375,8,84.42857142857143,7,1,ENV_YDST_108_HR_2010_2010_2017.csv
2010-01-31,2010,1,31,6,일,1,0,108,17.0,16.0,8.0,7.0,93.875,24,90.875,8,87.57142857142857,7,1,ENV_YDST_108_HR_2010_2010_2017.csv
2010-02-01,2010,2,1,0,월,0,0,108,17.0,16.0,8.0,7.0,106.875,24,123.75,8,128.14285714285714,7,1,ENV_YDST_108_HR_2010_2010_2017.csv
2010-02-02,2010,2,2,1,화,0,1,108,17.0,16.0,8.0,7.0,25.5,24,24.125,8,24.142857142857142,7,0,ENV_YDST_108_HR_2010_2010_2017.csv
2010-02-03,2010,2,3,2,수,0,0,108,17.0,16.0,8.0,7.0,40.666666666666664,24,34.125,8,34.142857142857146,7,0,ENV_YDST_108_HR_2010_2010_2017.csv
2010-02-04,2010,2,4,3,목,0,0,108,17.0,16.0,8.0,7.0,46.375,24,45.5,8,47.142857142857146,7,0,ENV_YDST_108_HR_2010_2010_2017.csv
2010-02-05,2010,2,5,4,금,0,0,108,17.0,16.0,8.0,7.0,35.17391304347826,23,35.42857142857143,8,37.166666666666664,7,0,ENV_YDST_108_HR_2010_2010_2017.csv
2010-02-06,2010,2,6,5,토,1,0,108,17.0,16.0,8.0,7.0,46.833333333333336,24,53.25,8,54.42857142857143,7,0,ENV_YDST_108_HR_2010_2010_2017.csv
2010-02-07,2010,2,7,6,일,1,0,108,17.0,16.0,8.0,7.0,43.583333333333336,24,42.625,8,45.57142857142857,7,0,ENV_YDST_108_HR_2010_2010_2017.csv
2010-02-08,2010,2,8,0,월,0,0,108,17.0,16.0,8.0,7.0,42.5,24,44.375,8,46.285714285714285,7,0,ENV_YDST_108_HR_2010_2010_2017.csv
2010-02-09,2010,2,9,1,화,0,1,108,17.0,16.0,8.0,7.0,47.541666666666664,24,47.25,8,46.0,7,0,ENV_YDST_108_HR_2010_2010_2017.csv
2010-02-10,2010,2,10,2,수,0,0,108,17.0,16.0,8.0,7.0,30.541666666666668,24,35.75,8,36.57142857142857,7,0,ENV_YDST_108_HR_2010_2010_2017.csv
2010-02-11,2010,2,11,3,목,0,0,108,17.0,16.0,8.0,7.0,9.090909090909092,22,8.571428571428571,8,8.0,7,0,ENV_YDST_108_HR_2010_2010_2017.csv
2010-02-12,2010,2,12,4,금,0,0,108,17.0,16.0,8.0,7.0,17.0,24,16.5,8,16.428571428571427,7,0,ENV_YDST_108_HR_2010_2010_2017.csv
2010-02-13,2010,2,13,5,토,1,0,108,17.0,16.0,8.0,7.0,31.5,24,30.0,8,30.142857142857142,7,0,ENV_YDST_108_HR_2010_2010_2017.csv
2010-02-14,2010,2,14,6,일,1,0,108,17.0,16.0,8.0,7.0,32.666666666666664,24,28.5,8,28.714285714285715,7,0,ENV_YDST_108_HR_2010_2010_2017.csv
2010-02-15,2010,2,15,0,월,0,0,108,17.0,16.0,8.0,7.0,56.625,24,51.5,8,49.57142857142857,7,0,ENV_YDST_108_HR_2010_2010_2017.csv
2010-02-16,2010,2,16,1,화,0,1,108,17.0,16.0,8.0,7.0,42.458333333333336,24,42.75,8,43.57142857142857,7,0,ENV_YDST_108_HR_2010_2010_2017.csv
2010-02-17,2010,2,17,2,수,0,0,108,17.0,16.0,8.0,7.0,49.166666666666664,24,52.375,8,51.714285714285715,7,0,ENV_YDST_108_HR_2010_2010_2017.csv
2010-02-18,2010,2,18,3,목,0,0,108,17.0,16.0,8.0,7.0,61.541666666666664,24,66.25,8,66.85714285714286,7,0,ENV_YDST_108_HR_2010_2010_2017.csv
2010-02-19,2010,2,19,4,금,0,0,108,17.0,16.0,8.0,7.0,55.583333333333336,24,61.125,8,64.42857142857143,7,0,ENV_YDST_108_HR_2010_2010_2017.csv
2010-02-20,2010,2,20,5,토,1,0,108,17.0,16.0,8.0,7.0,71.66666666666667,24,78.125,8,78.42857142857143,7,0,ENV_YDST_108_HR_2010_2010_2017.csv
2010-02-21,2010,2,21,6,일,1,0,108,17.0,16.0,8.0,7.0,59.5,24,57.125,8,59.42857142857143,7,0,ENV_YDST_108_HR_2010_2010_2017.csv
2010-02-22,2010,2,22,0,월,0,0,108,17.0,16.0,8.0,7.0,59.875,24,71.125,8,72.57142857142857,7,0,ENV_YDST_108_HR_2010_2010_2017.csv
2010-02-23,2010,2,23,1,화,0,1,108,17.0,16.0,8.0,7.0,75.25,24,67.25,8,68.57142857142857,7,0,ENV_YDST_108_HR_2010_2010_2017.csv
2010-02-24,2010,2,24,2,수,0,0,108,17.0,16.0,8.0,7.0,71.16666666666667,24,65.625,8,70.71428571428571,7,0,ENV_YDST_108_HR_2010_2010_2017.csv
2010-02-25,2010,2,25,3,목,0,0,108,17.0,16.0,8.0,7.0,35.0,23,18.428571428571427,8,20.333333333333332,7,0,ENV_YDST_108_HR_2010_2010_2017.csv
2010-02-26,2010,2,26,4,금,0,0,108,17.0,16.0,8.0,7.0,31.5,24,21.0,8,20.0,7,0,ENV_YDST_108_HR_2010_2010_2017.csv
2010-02-27,2010,2,27,5,토,1,0,108,17.0,16.0,8.0,7.0,36.208333333333336,24,26.875,8,25.142857142857142,7,0,ENV_YDST_108_HR_2010_2010_2017.csv
2010-02-28,2010,2,28,6,일,1,0,108,17.0,16.0,8.0,7.0,54.5,24,53.375,8,51.857142857142854,7,0,ENV_YDST_108_HR_2010_2010_2017.csv
2010-03-01,2010,3,1,0,월,0,0,108,18.0,17.0,9.0,8.0,42.5,12,,9,,8,0,ENV_YDST_108_HR_2010_2010_2017.csv
2010-03-02,2010,3,2,1,화,0,1,108,18.0,17.0,9.0,8.0,27.68421052631579,19,27.555555555555557,9,29.5,8,0,ENV_YDST_108_HR_2010_2010_2017.csv
2010-03-03,2010,3,3,2,수,0,0,108,18.0,17.0,9.0,8.0,85.83333333333333,24,87.77777777777777,9,88.375,8,1,ENV_YDST_108_HR_2010_2010_2017.csv
2010-03-04,2010,3,4,3,목,0,0,108,18.0,17.0,9.0,8.0,33.833333333333336,24,32.0,9,33.25,8,0,ENV_YDST_108_HR_2010_2010_2017.csv
2010-03-05,2010,3,5,4,금,0,0,108,18.0,17.0,9.0,8.0,35.916666666666664,24,27.22222222222222,9,27.125,8,0,ENV_YDST_108_HR_2010_2010_2017.csv
2010-03-06,2010,3,6,5,토,1,0,108,18.0,17.0,9.0,8.0,61.04347826086956,23,64.55555555555556,9,67.5,8,0,ENV_YDST_108_HR_2010_2010_2017.csv
2010-03-07,2010,3,7,6,일,1,0,108,18.0,17.0,9.0,8.0,13.826086956521738,23,14.333333333333334,9,14.0,8,0,ENV_YDST_108_HR_2010_2010_2017.csv
2010-03-08,2010,3,8,0,월,0,0,108,18.0,17.0,9.0,8.0,12.73913043478261,23,12.777777777777779,9,12.125,8,0,ENV_YDST_108_HR_2010_2010_2017.csv
2010-03-09,2010,3,9,1,화,0,1,108,18.0,17.0,9.0,8.0,18.875,24,19.333333333333332,9,18.125,8,0,ENV_YDST_108_HR_2010_2010_2017.csv
2010-03-10,2010,3,10,2,수,0,0,108,18.0,17.0,9.0,8.0,26.0,24,31.77777777777778,9,32.375,8,0,ENV_YDST_108_HR_2010_2010_2017.csv
2010-03-11,2010,3,11,3,목,0,0,108,18.0,17.0,9.0,8.0,43.041666666666664,24,45.0,9,43.625,8,0,ENV_YDST_108_HR_2010_2010_2017.csv
2010-03-12,2010,3,12,4,금,0,0,108,18.0,17.0,9.0,8.0,72.45833333333333,24,64.55555555555556,9,56.625,8,0,ENV_YDST_108_HR_2010_2010_2017.csv
2010-03-13,2010,3,13,5,토,1,0,108,18.0,17.0,9.0,8.0,121.41666666666667,24,147.55555555555554,9,150.375,8,1,ENV_YDST_108_HR_2010_2010_2017.csv
2010-03-14,2010,3,14,6,일,1,0,108,18.0,17.0,9.0,8.0,91.8695652173913,23,101.33333333333333,9,94.375,8,1,ENV_YDST_108_HR_2010_2010_2017.csv
2010-03-15,2010,3,15,0,월,0,0,108,18.0,17.0,9.0,8.0,98.8695652173913,23,16.375,9,16.142857142857142,8,0,ENV_YDST_108_HR_2010_2010_2017.csv
2010-03-16,2010,3,16,1,화,0,1,108,18.0,17.0,9.0,8.0,241.66666666666666,24,243.0,9,267.125,8,1,ENV_YDST_108_HR_2010_2010_2017.csv
2010-03-17,2010,3,17,2,수,0,0,108,18.0,17.0,9.0,8.0,46.291666666666664,24,42.333333333333336,9,42.5,8,0,ENV_YDST_108_HR_2010_2010_2017.csv
2010-03-18,2010,3,18,3,목,0,0,108,18.0,17.0,9.0,8.0,40.291666666666664,24,40.333333333333336,9,40.75,8,0,ENV_YDST_108_HR_2010_2010_2017.csv
2010-03-19,2010,3,19,4,금,0,0,108,18.0,17.0,9.0,8.0,43.25,24,35.111111111111114,9,33.25,8,0,ENV_YDST_108_HR_2010_2010_2017.csv
2010-03-20,2010,3,20,5,토,1,0,108,18.0,17.0,9.0,8.0,103.5,24,63.888888888888886,9,60.25,8,0,ENV_YDST_108_HR_2010_2010_2017.csv
2010-03-21,2010,3,21,6,일,1,0,108,18.0,17.0,9.0,8.0,42.791666666666664,24,45.333333333333336,9,46.25,8,0,ENV_YDST_108_HR_2010_2010_2017.csv
2010-03-22,2010,3,22,0,월,0,0,108,18.0,17.0,9.0,8.0,44.583333333333336,24,54.77777777777778,9,58.0,8,0,ENV_YDST_108_HR_2010_2010_2017.csv
2010-03-23,2010,3,23,1,화,0,1,108,18.0,17.0,9.0,8.0,46.666666666666664,24,53.0,9,52.75,8,0,ENV_YDST_108_HR_2010_2010_2017.csv
2010-03-24,2010,3,24,2,수,0,0,108,18.0,17.0,9.0,8.0,71.45833333333333,24,75.0,9,72.0,8,0,ENV_YDST_108_HR_2010_2010_2017.csv
2010-03-25,2010,3,25,3,목,0,0,108,18.0,17.0,9.0,8.0,52.625,24,41.111111111111114,9,42.0,8,0,ENV_YDST_108_HR_2010_2010_2017.csv
2010-03-26,2010,3,26,4,금,0,0,108,18.0,17.0,9.0,8.0,46.208333333333336,24,45.44444444444444,9,42.75,8,0,ENV_YDST_108_HR_2010_2010_2017.csv
2010-03-27,2010,3,27,5,토,1,0,108,18.0,17.0,9.0,8.0,85.58333333333333,24,88.55555555555556,9,87.25,8,1,ENV_YDST_108_HR_2010_2010_2017.csv
2010-03-28,2010,3,28,6,일,1,0,108,18.0,17.0,9.0,8.0,55.0,24,34.77777777777778,9,34.625,8,0,ENV_YDST_108_HR_2010_2010_2017.csv
2010-03-29,2010,3,29,0,월,0,0,108,18.0,17.0,9.0,8.0,53.291666666666664,24,51.77777777777778,9,51.625,8,0,ENV_YDST_108_HR_2010_2010_2017.csv
2010-03-30,2010,3,30,1,화,0,1,108,18.0,17.0,9.0,8.0,56.916666666666664,24,52.333333333333336,9,51.625,8,0,ENV_YDST_108_HR_2010_2010_2017.csv
2010-03-31,2010,3,31,2,수,0,0,108,18.0,17.0,9.0,8.0,29.25,24,21.333333333333332,9,22.125,8,0,ENV_YDST_108_HR_2010_2010_2017.csv
2010-04-01,2010,4,1,3,목,0,0,108,18.0,17.0,9.0,8.0,57.75,24,46.111111111111114,9,36.5,8,0,ENV_YDST_108_HR_2010_2010_2017.csv
2010-04-02,2010,4,2,4,금,0,0,108,18.0,17.0,9.0,8.0,92.25,24,107.0,9,110.125,8,1,ENV_YDST_108_HR_2010_2010_2017.csv
2010-04-03,2010,4,3,5,토,1,0,108,18.0,17.0,9.0,8.0,72.04166666666667,24,79.55555555555556,9,82.0,8,0,ENV_YDST_108_HR_2010_2010_2017.csv
2010-04-04,2010,4,4,6,일,1,0,108,18.0,17.0,9.0,8.0,49.791666666666664,24,55.55555555555556,9,55.25,8,0,ENV_YDST_108_HR_2010_2010_2017.csv
2010-04-05,2010,4,5,0,월,0,0,108,18.0,17.0,9.0,8.0,40.666666666666664,24,33.888888888888886,9,35.0,8,0,ENV_YDST_108_HR_2010_2010_2017.csv
2010-04-06,2010,4,6,1,화,0,1,108,18.0,17.0,9.0,8.0,44.166666666666664,24,46.44444444444444,9,47.75,8,0,ENV_YDST_108_HR_2010_2010_2017.csv
2010-04-07,2010,4,7,2,수,0,0,108,18.0,17.0,9.0,8.0,36.583333333333336,24,31.22222222222222,9,30.0,8,0,ENV_YDST_108_HR_2010_2010_2017.csv
2010-04-08,2010,4,8,3,목,0,0,108,18.0,17.0,9.0,8.0,56.708333333333336,24,60.888888888888886,9,60.875,8,0,ENV_YDST_108_HR_2010_2010_2017.csv
2010-04-09,2010,4,9,4,금,0,0,108,18.0,17.0,9.0,8.0,44.041666666666664,24,41.111111111111114,9,40.25,8,0,ENV_YDST_108_HR_2010_2010_2017.csv
2010-04-10,2010,4,10,5,토,1,0,108,18.0,17.0,9.0,8.0,51.833333333333336,24,59.44444444444444,9,61.625,8,0,ENV_YDST_108_HR_2010_2010_2017.csv
2010-04-11,2010,4,11,6,일,1,0,108,18.0,17.0,9.0,8.0,25.708333333333332,24,29.88888888888889,9,28.625,8,0,ENV_YDST_108_HR_2010_2010_2017.csv
2010-04-12,2010,4,12,0,월,0,0,108,18.0,17.0,9.0,8.0,29.958333333333332,24,31.11111111111111,9,30.0,8,0,ENV_YDST_108_HR_2010_2010_2017.csv
2010-04-13,2010,4,13,1,화,0,1,108,18.0,17.0,9.0,8.0,32.52173913043478,23,46.666666666666664,9,48.75,8,0,ENV_YDST_108_HR_2010_2010_2017.csv
2010-04-14,2010,4,14,2,수,0,0,108,18.0,17.0,9.0,8.0,34.833333333333336,24,37.111111111111114,9,37.5,8,0,ENV_YDST_108_HR_2010_2010_2017.csv
2010-04-15,2010,4,15,3,목,0,0,108,18.0,17.0,9.0,8.0,41.416666666666664,24,36.44444444444444,9,35.375,8,0,ENV_YDST_108_HR_2010_2010_2017.csv
2010-04-16,2010,4,16,4,금,0,0,108,18.0,17.0,9.0,8.0,72.66666666666667,24,72.44444444444444,9,75.25,8,0,ENV_YDST_108_HR_2010_2010_2017.csv
2010-04-17,2010,4,17,5,토,1,0,108,18.0,17.0,9.0,8.0,47.875,24,45.55555555555556,9,46.75,8,0,ENV_YDST_108_HR_2010_2010_2017.csv
2010-04-18,2010,4,18,6,일,1,0,108,18.0,17.0,9.0,8.0,56.541666666666664,24,60.888888888888886,9,60.0,8,0,ENV_YDST_108_HR_2010_2010_2017.csv
2010-04-19,2010,4,19,0,월,0,0,108,18.0,17.0,9.0,8.0,51.416666666666664,24,51.333333333333336,9,52.0,8,0,ENV_YDST_108_HR_2010_2010_2017.csv
2010-04-20,2010,4,20,1,화,0,1,108,18.0,17.0,9.0,8.0,52.125,24,55.0,9,57.5,8,0,ENV_YDST_108_HR_2010_2010_2017.csv
2010-04-21,2010,4,21,2,수,0,0,108,18.0,17.0,9.0,8.0,31.833333333333332,24,37.22222222222222,9,36.875,8,0,ENV_YDST_108_HR_2010_2010_2017.csv
2010-04-22,2010,4,22,3,목,0,0,108,18.0,17.0,9.0,8.0,11.869565217391305,23,8.875,9,8.571428571428571,8,0,ENV_YDST_108_HR_2010_2010_2017.csv
2010-04-23,2010,4,23,4,금,0,0,108,18.0,17.0,9.0,8.0,21.416666666666668,24,24.555555555555557,9,24.0,8,0,ENV_YDST_108_HR_2010_2010_2017.csv
2010-04-24,2010,4,24,5,토,1,0,108,18.0,17.0,9.0,8.0,50.958333333333336,24,52.55555555555556,9,51.875,8,0,ENV_YDST_108_HR_2010_2010_2017.csv
2010-04-25,2010,4,25,6,일,1,0,108,18.0,17.0,9.0,8.0,61.5,24,55.111111111111114,9,56.5,8,0,ENV_YDST_108_HR_2010_2010_2017.csv
2010-04-26,2010,4,26,0,월,0,0,108,18.0,17.0,9.0,8.0,44.25,24,50.22222222222222,9,53.375,8,0,ENV_YDST_108_HR_2010_2010_2017.csv
2010-04-27,2010,4,27,1,화,0,1,108,18.0,17.0,9.0,8.0,34.166666666666664,24,35.22222222222222,9,35.875,8,0,ENV_YDST_108_HR_2010_2010_2017.csv
2010-04-28,2010,4,28,2,수,0,0,108,18.0,17.0,9.0,8.0,36.666666666666664,24,44.666666666666664,9,48.5,8,0,ENV_YDST_108_HR_2010_2010_2017.csv
2010-04-29,2010,4,29,3,목,0,0,108,18.0,17.0,9.0,8.0,55.375,24,64.66666666666667,9,66.125,8,0,ENV_YDST_108_HR_2010_2010_2017.csv
2010-04-30,2010,4,30,4,금,0,0,108,18.0,17.0,9.0,8.0,47.166666666666664,24,27.22222222222222,9,29.0,8,0,ENV_YDST_108_HR_2010_2010_2017.csv
2010-05-01,2010,5,1,5,토,1,0,108,18.0,17.0,9.0,8.0,37.75,24,34.44444444444444,9,33.375,8,0,ENV_YDST_108_HR_2010_2010_2017.csv
2010-05-02,2010,5,2,6,일,1,0,108,18.0,17.0,9.0,8.0,59.875,24,68.55555555555556,9,66.875,8,0,ENV_YDST_108_HR_2010_2010_2017.csv
2010-05-03,2010,5,3,0,월,0,0,108,18.0,17.0,9.0,8.0,86.125,24,87.11111111111111,9,88.125,8,1,ENV_YDST_108_HR_2010_2010_2017.csv
2010-05-04,2010,5,4,1,화,0,1,108,18.0,17.0,9.0,8.0,80.95833333333333,24,68.11111111111111,9,70.875,8,0,ENV_YDST_108_HR_2010_2010_2017.csv
2010-05-05,2010,5,5,2,수,0,0,108,18.0,17.0,9.0,8.0,73.75,24,73.66666666666667,9,74.75,8,0,ENV_YDST_108_HR_2010_2010_2017.csv
2010-05-06,2010,5,6,3,목,0,0,108,18.0,17.0,9.0,8.0,32.43478260869565,23,40.111111111111114,9,39.75,8,0,ENV_YDST_108_HR_2010_2010_2017.csv
2010-05-07,2010,5,7,4,금,0,0,108,18.0,17.0,9.0,8.0,38.5,24,34.0,9,32.875,8,0,ENV_YDST_108_HR_2010_2010_2017.csv
2010-05-08,2010,5,8,5,토,1,0,108,18.0,17.0,9.0,8.0,60.041666666666664,24,63.111111111111114,9,62.5,8,0,ENV_YDST_108_HR_2010_2010_2017.csv
2010-05-09,2010,5,9,6,일,1,0,108,18.0,17.0,9.0,8.0,72.04166666666667,24,68.44444444444444,9,67.625,8,0,ENV_YDST_108_HR_2010_2010_2017.csv
2010-05-10,2010,5,10,0,월,0,0,108,18.0,17.0,9.0,8.0,84.58333333333333,24,84.88888888888889,9,79.5,8,1,ENV_YDST_108_HR_2010_2010_2017.csv
2010-05-11,2010,5,11,1,화,0,1,108,18.0,17.0,9.0,8.0,58.25,24,79.44444444444444,9,81.875,8,0,ENV_YDST_108_HR_2010_2010_2017.csv
2010-05-12,2010,5,12,2,수,0,0,108,18.0,17.0,9.0,8.0,49.833333333333336,24,49.77777777777778,9,48.375,8,0,ENV_YDST_108_HR_2010_2010_2017.csv
2010-05-13,2010,5,13,3,목,0,0,108,18.0,17.0,9.0,8.0,61.041666666666664,24,60.333333333333336,9,62.25,8,0,ENV_YDST_108_HR_2010_2010_2017.csv
2010-05-14,2010,5,14,4,금,0,0,108,18.0,17.0,9.0,8.0,36.1,20,37.6,8,34.5,7,0,ENV_YDST_108_HR_2010_2010_2017.csv
2010-05-15,2010,5,15,5,토,1,0,108,18.0,17.0,9.0,8.0,48.833333333333336,24,44.55555555555556,9,45.25,8,0,ENV_YDST_108_HR_2010_2010_2017.csv
2010-05-16,2010,5,16,6,일,1,0,108,18.0,17.0,9.0,8.0,39.875,24,37.44444444444444,9,36.625,8,0,ENV_YDST_108_HR_2010_2010_2017.csv
2010-05-17,2010,5,17,0,월,0,0,108,18.0,17.0,9.0,8.0,53.0,24,59.55555555555556,9,57.5,8,0,ENV_YDST_108_HR_2010_2010_2017.csv
2010-05-18,2010,5,18,1,화,0,1,108,18.0,17.0,9.0,8.0,17.416666666666668,24,9.88888888888889,9,10.25,8,0,ENV_YDST_108_HR_2010_2010_2017.csv
2010-05-19,2010,5,19,2,수,0,0,108,18.0,17.0,9.0,8.0,69.08333333333333,24,80.77777777777777,9,76.625,8,0,ENV_YDST_108_HR_2010_2010_2017.csv
2010-05-20,2010,5,20,3,목,0,0,108,18.0,17.0,9.0,8.0,135.45833333333334,24,147.88888888888889,9,149.5,8,1,ENV_YDST_108_HR_2010_2010_2017.csv
2010-05-21,2010,5,21,4,금,0,0,108,18.0,17.0,9.0,8.0,146.20833333333334,24,149.66666666666666,9,151.5,8,1,ENV_YDST_108_HR_2010_2010_2017.csv
2010-05-22,2010,5,22,5,토,1,0,108,18.0,17.0,9.0,8.0,98.5,24,121.22222222222223,9,113.375,8,1,ENV_YDST_108_HR_2010_2010_2017.csv
2010-05-23,2010,5,23,6,일,1,0,108,18.0,17.0,9.0,8.0,10.80952380952381,21,7.714285714285714,9,7.833333333333333,8,0,ENV_YDST_108_HR_2010_2010_2017.csv
2010-05-24,2010,5,24,0,월,0,0,108,18.0,17.0,9.0,8.0,15.421052631578947,19,7.571428571428571,9,7.5,8,0,ENV_YDST_108_HR_2010_2010_2017.csv
2010-05-25,2010,5,25,1,화,0,1,108,18.0,17.0,9.0,8.0,45.833333333333336,24,46.0,9,49.875,8,0,ENV_YDST_108_HR_2010_2010_2017.csv
2010-05-26,2010,5,26,2,수,0,0,108,18.0,17.0,9.0,8.0,21.526315789473685,19,10.4,9,10.75,8,0,ENV_YDST_108_HR_2010_2010_2017.csv
2010-05-27,2010,5,27,3,목,0,0,108,18.0,17.0,9.0,8.0,19.318181818181817,22,19.666666666666668,9,18.25,8,0,ENV_YDST_108_HR_2010_2010_2017.csv
2010-05-28,2010,5,28,4,금,0,0,108,18.0,17.0,9.0,8.0,38.75,24,50.22222222222222,9,48.0,8,0,ENV_YDST_108_HR_2010_2010_2017.csv
2010-05-29,2010,5,29,5,토,1,0,108,18.0,17.0,9.0,8.0,38.791666666666664,24,38.333333333333336,9,37.375,8,0,ENV_YDST_108_HR_2010_2010_2017.csv
2010-05-30,2010,5,30,6,일,1,0,108,18.0,17.0,9.0,8.0,26.875,24,28.444444444444443,9,26.875,8,0,ENV_YDST_108_HR_2010_2010_2017.csv
2010-05-31,2010,5,31,0,월,0,0,108,18.0,17.0,9.0,8.0,24.958333333333332,24,22.88888888888889,9,21.75,8,0,ENV_YDST_108_HR_2010_2010_2017.csv
2010-06-01,2010,6,1,1,화,0,1,108,18.5,17.5,9.5,8.5,26.791666666666668,24,20.7,10,17.0,9,0,ENV_YDST_108_HR_2010_2010_2017.csv
2010-06-02,2010,6,2,2,수,0,0,108,18.5,17.5,9.5,8.5,42.125,24,39.9,10,38.0,9,0,ENV_YDST_108_HR_2010_2010_2017.csv
2010-06-03,2010,6,3,3,목,0,0,108,18.5,17.5,9.5,8.5,42.291666666666664,24,39.0,10,38.44444444444444,9,0,ENV_YDST_108_HR_2010_2010_2017.csv
2010-06-04,2010,6,4,4,금,0,0,108,18.5,17.5,9.5,8.5,37.75,24,39.0,10,38.77777777777778,9,0,ENV_YDST_108_HR_2010_2010_2017.csv
2010-06-05,2010,6,5,5,토,1,0,108,18.5,17.5,9.5,8.5,40.583333333333336,24,42.9,10,41.888888888888886,9,0,ENV_YDST_108_HR_2010_2010_2017.csv
2010-06-06,2010,6,6,6,일,1,0,108,18.5,17.5,9.5,8.5,39.666666666666664,24,47.9,10,48.22222222222222,9,0,ENV_YDST_108_HR_2010_2010_2017.csv
2010-06-07,2010,6,7,0,월,0,0,108,18.5,17.5,9.5,8.5,32.458333333333336,24,29.5,10,27.77777777777778,9,0,ENV_YDST_108_HR_2010_2010_2017.csv
2010-06-08,2010,6,8,1,화,0,1,108,18.5,17.5,9.5,8.5,29.5,24,22.9,10,20.555555555555557,9,0,ENV_YDST_108_HR_2010_2010_2017.csv
2010-06-09,2010,6,9,2,수,0,0,108,18.5,17.5,9.5,8.5,49.625,24,54.3,10,53.888888888888886,9,0,ENV_YDST_108_HR_2010_2010_2017.csv
2010-06-10,2010,6,10,3,목,0,0,108,18.5,17.5,9.5,8.5,76.70833333333333,24,71.0,10,71.11111111111111,9,0,ENV_YDST_108_HR_2010_2010_2017.csv
2010-06-11,2010,6,11,4,금,0,0,108,18.5,17.5,9.5,8.5,49.5,24,35.9,10,36.44444444444444,9,0,ENV_YDST_108_HR_2010_2010_2017.csv
2010-06-12,2010,6,12,5,토,1,0,108,18.5,17.5,9.5,8.5,23.541666666666668,24,17.1,10,18.0,9,0,ENV_YDST_108_HR_2010_2010_2017.csv
2010-06-13,2010,6,13,6,일,1,0,108,18.5,17.5,9.5,8.5,21.666666666666668,24,20.2,10,19.0,9,0,ENV_YDST_108_HR_2010_2010_2017.csv
2010-06-14,2010,6,14,0,월,0,0,108,18.5,17.5,9.5,8.5,27.333333333333332,24,24.3,10,22.444444444444443,9,0,ENV_YDST_108_HR_2010_2010_2017.csv
2010-06-15,2010,6,15,1,화,0,1,108,18.5,17.5,9.5,8.5,23.166666666666668,24,26.7,10,26.0,9,0,ENV_YDST_108_HR_2010_2010_2017.csv
2010-06-16,2010,6,16,2,수,0,0,108,18.5,17.5,9.5,8.5,42.916666666666664,24,46.2,10,44.666666666666664,9,0,ENV_YDST_108_HR_2010_2010_2017.csv
2010-06-17,2010,6,17,3,목,0,0,108,18.5,17.5,9.5,8.5,140.66666666666666,24,150.6,10,146.66666666666666,9,1,ENV_YDST_108_HR_2010_2010_2017.csv
2010-06-18,2010,6,18,4,금,0,0,108,18.5,17.5,9.5,8.5,122.29166666666667,24,110.6,10,112.22222222222223,9,1,ENV_YDST_108_HR_2010_2010_2017.csv
2010-06-19,2010,6,19,5,토,1,0,108,18.5,17.5,9.5,8.5,73.0,24,66.5,10,71.77777777777777,9,0,ENV_YDST_108_HR_2010_2010_2017.csv
2010-06-20,2010,6,20,6,일,1,0,108,18.5,17.5,9.5,8.5,41.541666666666664,24,33.9,10,34.333333333333336,9,0,ENV_YDST_108_HR_2010_2010_2017.csv
2010-06-21,2010,6,21,0,월,0,0,108,18.5,17.5,9.5,8.5,53.583333333333336,24,57.3,10,57.333333333333336,9,0,ENV_YDST_108_HR_2010_2010_2017.csv
2010-06-22,2010,6,22,1,화,0,1,108,18.5,17.5,9.5,8.5,52.208333333333336,24,47.9,10,48.333333333333336,9,0,ENV_YDST_108_HR_2010_2010_2017.csv
2010-06-23,2010,6,23,2,수,0,0,108,18.5,17.5,9.5,8.5,40.791666666666664,24,40.3,10,41.0,9,0,ENV_YDST_108_HR_2010_2010_2017.csv
2010-06-24,2010,6,24,3,목,0,0,108,18.5,17.5,9.5,8.5,50.208333333333336,24,67.6,10,65.66666666666667,9,0,ENV_YDST_108_HR_2010_2010_2017.csv
2010-06-25,2010,6,25,4,금,0,0,108,18.5,17.5,9.5,8.5,66.33333333333333,24,72.1,10,73.0,9,0,ENV_YDST_108_HR_2010_2010_2017.csv
2010-06-26,2010,6,26,5,토,1,0,108,18.5,17.5,9.5,8.5,33.166666666666664,24,31.1,10,32.111111111111114,9,0,ENV_YDST_108_HR_2010_2010_2017.csv
2010-06-27,2010,6,27,6,일,1,0,108,18.5,17.5,9.5,8.5,19.391304347826086,23,19.1,10,17.555555555555557,9,0,ENV_YDST_108_HR_2010_2010_2017.csv
2010-06-28,2010,6,28,0,월,0,0,108,18.5,17.5,9.5,8.5,47.166666666666664,12,44.0,2,44.0,2,0,ENV_YDST_108_HR_2010_2010_2017.csv
2010-06-29,2010,6,29,1,화,0,1,108,18.5,17.5,9.5,8.5,53.458333333333336,24,49.2,10,49.55555555555556,9,0,ENV_YDST_108_HR_2010_2010_2017.csv
2010-06-30,2010,6,30,2,수,0,0,108,18.5,17.5,9.5,8.5,41.875,24,32.6,10,31.666666666666668,9,0,ENV_YDST_108_HR_2010_2010_2017.csv
2010-07-01,2010,7,1,3,목,0,0,108,18.5,17.5,9.5,8.5,56.869565217391305,23,55.0,9,55.0,9,0,ENV_YDST_108_HR_2010_2010_2017.csv
2010-07-02,2010,7,2,4,금,0,0,108,18.5,17.5,9.5,8.5,47.333333333333336,24,40.8,10,42.0,9,0,ENV_YDST_108_HR_2010_2010_2017.csv
2010-07-03,2010,7,3,5,토,1,0,108,18.5,17.5,9.5,8.5,34.541666666666664,24,34.6,10,33.55555555555556,9,0,ENV_YDST_108_HR_2010_2010_2017.csv
2010-07-04,2010,7,4,6,일,1,0,108,18.5,17.5,9.5,8.5,18.541666666666668,24,16.1,10,16.22222222222222,9,0,ENV_YDST_108_HR_2010_2010_2017.csv
2010-07-05,2010,7,5,0,월,0,0,108,18.5,17.5,9.5,8.5,37.142857142857146,14,34.0,6,34.0,6,0,ENV_YDST_108_HR_2010_2010_2017.csv
2010-07-06,2010,7,6,1,화,0,1,108,18.5,17.5,9.5,8.5,62.84615384615385,13,62.5,9,65.71428571428571,8,0,ENV_YDST_108_HR_2010_2010_2017.csv
2010-07-07,2010,7,7,2,수,0,0,108,18.5,17.5,9.5,8.5,59.916666666666664,24,54.6,10,55.0,9,0,ENV_YDST_108_HR_2010_2010_2017.csv
2010-07-08,2010,7,8,3,목,0,0,108,18.5,17.5,9.5,8.5,38.875,24,40.3,10,40.77777777777778,9,0,ENV_YDST_108_HR_2010_2010_2017.csv
2010-07-09,2010,7,9,4,금,0,0,108,18.5,17.5,9.5,8.5,34.541666666666664,24,30.5,10,29.88888888888889,9,0,ENV_YDST_108_HR_2010_2010_2017.csv
2010-07-10,2010,7,10,5,토,1,0,108,18.5,17.5,9.5,8.5,38.666666666666664,24,37.8,10,37.0,9,0,ENV_YDST_108_HR_2010_2010_2017.csv
2010-07-11,2010,7,11,6,일,1,0,108,18.5,17.5,9.5,8.5,25.73913043478261,23,18.7,10,19.666666666666668,9,0,ENV_YDST_108_HR_2010_2010_2017.csv
2010-07-12,2010,7,12,0,월,0,0,108,18.5,17.5,9.5,8.5,21.708333333333332,24,18.8,10,17.77777777777778,9,0,ENV_YDST_108_HR_2010_2010_2017.csv
2010-07-13,2010,7,13,1,화,0,1,108,18.5,17.5,9.5,8.5,23.458333333333332,24,20.7,10,18.0,9,0,ENV_YDST_108_HR_2010_2010_2017.csv
2010-07-14,2010,7,14,2,수,0,0,108,18.5,17.5,9.5,8.5,30.0,24,34.4,10,33.44444444444444,9,0,ENV_YDST_108_HR_2010_2010_2017.csv
2010-07-15,2010,7,15,3,목,0,0,108,18.5,17.5,9.5,8.5,51.25,24,48.7,10,48.111111111111114,9,0,ENV_YDST_108_HR_2010_2010_2017.csv
2010-07-16,2010,7,16,4,금,0,0,108,18.5,17.5,9.5,8.5,29.681818181818183,22,18.2,10,19.333333333333332,9,0,ENV_YDST_108_HR_2010_2010_2017.csv
2010-07-17,2010,7,17,5,토,1,0,108,18.5,17.5,9.5,8.5,7.875,8,7.25,10,6.666666666666667,9,0,ENV_YDST_108_HR_2010_2010_2017.csv
2010-07-18,2010,7,18,6,일,1,0,108,18.5,17.5,9.5,8.5,11.916666666666666,24,13.2,10,12.88888888888889,9,0,ENV_YDST_108_HR_2010_2010_2017.csv
2010-07-19,2010,7,19,0,월,0,0,108,18.5,17.5,9.5,8.5,18.791666666666668,24,20.4,10,20.88888888888889,9,0,ENV_YDST_108_HR_2010_2010_2017.csv
2010-07-20,2010,7,20,1,화,0,1,108,18.5,17.5,9.5,8.5,21.68421052631579,19,21.714285714285715,9,21.714285714285715,9,0,ENV_YDST_108_HR_2010_2010_2017.csv
2010-07-21,2010,7,21,2,수,0,0,108,18.5,17.5,9.5,8.5,21.666666666666668,24,24.8,10,24.666666666666668,9,0,ENV_YDST_108_HR_2010_2010_2017.csv
2010-07-22,2010,7,22,3,목,0,0,108,18.5,17.5,9.5,8.5,15.789473684210526,19,18.125,9,18.285714285714285,8,0,ENV_YDST_108_HR_2010_2010_2017.csv
2010-07-23,2010,7,23,4,금,0,0,108,18.5,17.5,9.5,8.5,12.727272727272727,11,18.0,4,18.0,3,0,ENV_YDST_108_HR_2010_2010_2017.csv
2010-07-24,2010,7,24,5,토,1,0,108,18.5,17.5,9.5,8.5,46.578947368421055,19,51.5,10,51.666666666666664,9,0,ENV_YDST_108_HR_2010_2010_2017.csv
2010-07-25,2010,7,25,6,일,1,0,108,18.5,17.5,9.5,8.5,19.375,24,17.4,10,18.22222222222222,9,0,ENV_YDST_108_HR_2010_2010_2017.csv
2010-07-26,2010,7,26,0,월,0,0,108,18.5,17.5,9.5,8.5,13.708333333333334,24,13.0,10,12.666666666666666,9,0,ENV_YDST_108_HR_2010_2010_2017.csv
2010-07-27,2010,7,27,1,화,0,1,108,18.5,17.5,9.5,8.5,18.583333333333332,24,20.0,10,20.11111111111111,9,0,ENV_YDST_108_HR_2010_2010_2017.csv
2010-07-28,2010,7,28,2,수,0,0,108,18.5,17.5,9.5,8.5,17.75,24,18.4,10,19.22222222222222,9,0,ENV_YDST_108_HR_2010_2010_2017.csv
2010-07-29,2010,7,29,3,목,0,0,108,18.5,17.5,9.5,8.5,21.041666666666668,24,21.2,10,21.666666666666668,9,0,ENV_YDST_108_HR_2010_2010_2017.csv
2010-07-30,2010,7,30,4,금,0,0,108,18.5,17.5,9.5,8.5,33.541666666666664,24,43.6,10,43.333333333333336,9,0,ENV_YDST_108_HR_2010_2010_2017.csv
2010-07-31,2010,7,31,5,토,1,0,108,18.5,17.5,9.5,8.5,44.791666666666664,24,63.0,10,65.11111111111111,9,0,ENV_YDST_108_HR_2010_2010_2017.csv
2010-08-01,2010,8,1,6,일,1,0,108,18.5,17.5,9.5,8.5,46.0,24,52.4,10,52.666666666666664,9,0,ENV_YDST_108_HR_2010_2010_2017.csv
2010-08-02,2010,8,2,0,월,0,0,108,18.5,17.5,9.5,8.5,34.875,24,34.6,10,34.333333333333336,9,0,ENV_YDST_108_HR_2010_2010_2017.csv
2010-08-03,2010,8,3,1,화,0,1,108,18.5,17.5,9.5,8.5,34.416666666666664,24,36.2,10,35.888888888888886,9,0,ENV_YDST_108_HR_2010_2010_2017.csv
2010-08-04,2010,8,4,2,수,0,0,108,18.5,17.5,9.5,8.5,59.125,24,63.1,10,63.333333333333336,9,0,ENV_YDST_108_HR_2010_2010_2017.csv
2010-08-05,2010,8,5,3,목,0,0,108,18.5,17.5,9.5,8.5,40.875,24,36.2,10,35.22222222222222,9,0,ENV_YDST_108_HR_2010_2010_2017.csv
2010-08-06,2010,8,6,4,금,0,0,108,18.5,17.5,9.5,8.5,16.625,24,15.3,10,15.666666666666666,9,0,ENV_YDST_108_HR_2010_2010_2017.csv
2010-08-07,2010,8,7,5,토,1,0,108,18.5,17.5,9.5,8.5,12.75,4,,0,,0,0,ENV_YDST_108_HR_2010_2010_2017.csv
2010-08-08,2010,8,8,6,일,1,0,108,18.5,17.5,9.5,8.5,24.5,24,24.0,10,23.555555555555557,9,0,ENV_YDST_108_HR_2010_2010_2017.csv
2010-08-09,2010,8,9,0,월,0,0,108,18.5,17.5,9.5,8.5,29.0,24,32.7,10,32.44444444444444,9,0,ENV_YDST_108_HR_2010_2010_2017.csv
2010-08-10,2010,8,10,1,화,0,1,108,18.5,17.5,9.5,8.5,25.666666666666668,18,20.0,10,20.0,9,0,ENV_YDST_108_HR_2010_2010_2017.csv
2010-08-11,2010,8,11,2,수,0,0,108,18.5,17.5,9.5,8.5,12.6,20,12.3,10,13.0,9,0,ENV_YDST_108_HR_2010_2010_2017.csv
2010-08-12,2010,8,12,3,목,0,0,108,18.5,17.5,9.5,8.5,37.333333333333336,24,40.1,10,40.888888888888886,9,0,ENV_YDST_108_HR_2010_2010_2017.csv
2010-08-13,2010,8,13,4,금,0,0,108,18.5,17.5,9.5,8.5,45.5625,16,39.0,10,38.375,9,0,ENV_YDST_108_HR_2010_2010_2017.csv
2010-08-14,2010,8,14,5,토,1,0,108,18.5,17.5,9.5,8.5,70.72727272727273,11,63.5,9,63.5,9,0,ENV_YDST_108_HR_2010_2010_2017.csv
2010-08-15,2010,8,15,6,일,1,0,108,18.5,17.5,9.5,8.5,37.785714285714285,14,27.11111111111111,10,25.5,9,0,ENV_YDST_108_HR_2010_2010_2017.csv
2010-08-16,2010,8,16,0,월,0,0,108,18.5,17.5,9.5,8.5,62.541666666666664,24,61.4,10,62.333333333333336,9,0,ENV_YDST_108_HR_2010_2010_2017.csv
2010-08-17,2010,8,17,1,화,0,1,108,18.5,17.5,9.5,8.5,51.208333333333336,24,51.9,10,52.22222222222222,9,0,ENV_YDST_108_HR_2010_2010_2017.csv
2010-08-18,2010,8,18,2,수,0,0,108,18.5,17.5,9.5,8.5,30.42105263157895,19,20.7,10,19.333333333333332,9,0,ENV_YDST_108_HR_2010_2010_2017.csv
2010-08-19,2010,8,19,3,목,0,0,108,18.5,17.5,9.5,8.5,24.05,20,23.9,10,23.22222222222222,9,0,ENV_YDST_108_HR_2010_2010_2017.csv
2010-08-20,2010,8,20,4,금,0,0,108,18.5,17.5,9.5,8.5,31.416666666666668,24,34.1,10,33.888888888888886,9,0,ENV_YDST_108_HR_2010_2010_2017.csv
2010-08-21,2010,8,21,5,토,1,0,108,18.5,17.5,9.5,8.5,31.875,24,32.7,10,33.22222222222222,9,0,ENV_YDST_108_HR_2010_2010_2017.csv
2010-08-22,2010,8,22,6,일,1,0,108,18.5,17.5,9.5,8.5,28.291666666666668,24,24.7,10,24.77777777777778,9,0,ENV_YDST_108_HR_2010_2010_2017.csv
2010-08-23,2010,8,23,0,월,0,0,108,18.5,17.5,9.5,8.5,18.75,12,11.333333333333334,3,11.333333333333334,3,0,ENV_YDST_108_HR_2010_2010_2017.csv
2010-08-24,2010,8,24,1,화,0,1,108,18.5,17.5,9.5,8.5,,0,,3,,2,0,ENV_YDST_108_HR_2010_2010_2017.csv
2010-08-25,2010,8,25,2,수,0,0,108,18.5,17.5,9.5,8.5,11.666666666666666,9,,1,,0,0,ENV_YDST_108_HR_2010_2010_2017.csv
2010-08-26,2010,8,26,3,목,0,0,108,18.5,17.5,9.5,8.5,13.952380952380953,21,16.0,10,16.22222222222222,9,0,ENV_YDST_108_HR_2010_2010_2017.csv
2010-08-27,2010,8,27,4,금,0,0,108,18.5,17.5,9.5,8.5,21.45,20,26.7,10,26.444444444444443,9,0,ENV_YDST_108_HR_2010_2010_2017.csv
2010-08-28,2010,8,28,5,토,1,0,108,18.5,17.5,9.5,8.5,14.666666666666666,12,13.571428571428571,10,13.5,9,0,ENV_YDST_108_HR_2010_2010_2017.csv
2010-08-29,2010,8,29,6,일,1,0,108,18.5,17.5,9.5,8.5,13.285714285714286,7,,4,,3,0,ENV_YDST_108_HR_2010_2010_2017.csv
2010-08-30,2010,8,30,0,월,0,0,108,18.5,17.5,9.5,8.5,20.52173913043478,23,20.22222222222222,10,19.125,9,0,ENV_YDST_108_HR_2010_2010_2017.csv
2010-08-31,2010,8,31,1,화,0,1,108,18.5,17.5,9.5,8.5,38.416666666666664,24,42.7,10,43.22222222222222,9,0,ENV_YDST_108_HR_2010_2010_2017.csv
2010-09-01,2010,9,1,2,수,0,0,108,18.0,17.0,9.0,8.0,16.565217391304348,23,18.5,9,18.285714285714285,8,0,ENV_YDST_108_HR_2010_2010_2017.csv
2010-09-02,2010,9,2,3,목,0,0,108,18.0,17.0,9.0,8.0,13.0,23,8.444444444444445,9,7.375,8,0,ENV_YDST_108_HR_2010_2010_2017.csv
2010-09-03,2010,9,3,4,금,0,0,108,18.0,17.0,9.0,8.0,21.217391304347824,23,24.666666666666668,9,25.625,8,0,ENV_YDST_108_HR_2010_2010_2017.csv
2010-09-04,2010,9,4,5,토,1,0,108,18.0,17.0,9.0,8.0,23.666666666666668,24,24.333333333333332,9,24.25,8,0,ENV_YDST_108_HR_2010_2010_2017.csv
2010-09-05,2010,9,5,6,일,1,0,108,18.0,17.0,9.0,8.0,26.045454545454547,22,32.333333333333336,9,34.25,8,0,ENV_YDST_108_HR_2010_2010_2017.csv
2010-09-06,2010,9,6,0,월,0,0,108,18.0,17.0,9.0,8.0,13.142857142857142,21,14.75,9,14.571428571428571,8,0,ENV_YDST_108_HR_2010_2010_2017.csv
2010-09-07,2010,9,7,1,화,0,1,108,18.0,17.0,9.0,8.0,17.318181818181817,22,15.666666666666666,9,15.375,8,0,ENV_YDST_108_HR_2010_2010_2017.csv
2010-09-08,2010,9,8,2,수,0,0,108,18.0,17.0,9.0,8.0,22.652173913043477,23,21.77777777777778,9,21.0,8,0,ENV_YDST_108_HR_2010_2010_2017.csv
2010-09-09,2010,9,9,3,목,0,0,108,18.0,17.0,9.0,8.0,23.428571428571427,21,28.0,9,28.285714285714285,8,0,ENV_YDST_108_HR_2010_2010_2017.csv
2010-09-10,2010,9,10,4,금,0,0,108,18.0,17.0,9.0,8.0,,0,,0,,0,0,ENV_YDST_108_HR_2010_2010_2017.csv
2010-09-11,2010,9,11,5,토,1,0,108,18.0,17.0,9.0,8.0,11.75,16,13.333333333333334,9,12.2,8,0,ENV_YDST_108_HR_2010_2010_2017.csv
2010-09-12,2010,9,12,6,일,1,0,108,18.0,17.0,9.0,8.0,17.157894736842106,19,13.4,9,12.75,8,0,ENV_YDST_108_HR_2010_2010_2017.csv
2010-09-13,2010,9,13,0,월,0,0,108,18.0,17.0,9.0,8.0,52.52173913043478,23,46.77777777777778,9,47.375,8,0,ENV_YDST_108_HR_2010_2010_2017.csv
2010-09-14,2010,9,14,1,화,0,1,108,18.0,17.0,9.0,8.0,53.47826086956522,23,46.77777777777778,9,50.125,8,0,ENV_YDST_108_HR_2010_2010_2017.csv
2010-09-15,2010,9,15,2,수,0,0,108,18.0,17.0,9.0,8.0,33.333333333333336,24,23.88888888888889,9,25.375,8,0,ENV_YDST_108_HR_2010_2010_2017.csv
2010-09-16,2010,9,16,3,목,0,0,108,18.0,17.0,9.0,8.0,35.75,24,30.0,9,30.75,8,0,ENV_YDST_108_HR_2010_2010_2017.csv
2010-09-17,2010,9,17,4,금,0,0,108,18.0,17.0,9.0,8.0,46.791666666666664,24,51.22222222222222,9,54.75,8,0,ENV_YDST_108_HR_2010_2010_2017.csv
2010-09-18,2010,9,18,5,토,1,0,108,18.0,17.0,9.0,8.0,37.291666666666664,24,35.22222222222222,9,35.875,8,0,ENV_YDST_108_HR_2010_2010_2017.csv
2010-09-19,2010,9,19,6,일,1,0,108,18.0,17.0,9.0,8.0,32.82608695652174,23,30.22222222222222,9,31.375,8,0,ENV_YDST_108_HR_2010_2010_2017.csv
2010-09-20,2010,9,20,0,월,0,0,108,18.0,17.0,9.0,8.0,21.35,20,18.714285714285715,9,19.166666666666668,8,0,ENV_YDST_108_HR_2010_2010_2017.csv
2010-09-21,2010,9,21,1,화,0,1,108,18.0,17.0,9.0,8.0,27.857142857142858,14,30.2,5,30.2,5,0,ENV_YDST_108_HR_2010_2010_2017.csv
2010-09-22,2010,9,22,2,수,0,0,108,18.0,17.0,9.0,8.0,10.9,10,7.75,9,8.333333333333334,8,0,ENV_YDST_108_HR_2010_2010_2017.csv
2010-09-23,2010,9,23,3,목,0,0,108,18.0,17.0,9.0,8.0,13.947368421052632,19,13.125,9,12.857142857142858,8,0,ENV_YDST_108_HR_2010_2010_2017.csv
2010-09-24,2010,9,24,4,금,0,0,108,18.0,17.0,9.0,8.0,22.08695652173913,23,18.25,9,18.428571428571427,8,0,ENV_YDST_108_HR_2010_2010_2017.csv
2010-09-25,2010,9,25,5,토,1,0,108,18.0,17.0,9.0,8.0,19.625,24,17.11111111111111,9,17.375,8,0,ENV_YDST_108_HR_2010_2010_2017.csv
2010-09-26,2010,9,26,6,일,1,0,108,18.0,17.0,9.0,8.0,19.73913043478261,23,15.555555555555555,9,15.625,8,0,ENV_YDST_108_HR_2010_2010_2017.csv
2010-09-27,2010,9,27,0,월,0,0,108,18.0,17.0,9.0,8.0,23.458333333333332,24,23.333333333333332,9,23.625,8,0,ENV_YDST_108_HR_2010_2010_2017.csv
2010-09-28,2010,9,28,1,화,0,1,108,18.0,17.0,9.0,8.0,35.5,24,20.666666666666668,9,20.625,8,0,ENV_YDST_108_HR_2010_2010_2017.csv
2010-09-29,2010,9,29,2,수,0,0,108,18.0,17.0,9.0,8.0,32.0,24,34.55555555555556,9,34.0,8,0,ENV_YDST_108_HR_2010_2010_2017.csv
2010-09-30,2010,9,30,3,목,0,0,108,18.0,17.0,9.0,8.0,36.588235294117645,17,39.75,9,41.285714285714285,8,0,ENV_YDST_108_HR_2010_2010_2017.csv
2010-10-01,2010,10,1,4,금,0,0,108,18.0,17.0,9.0,8.0,37.88235294117647,17,37.333333333333336,9,38.375,8,0,ENV_YDST_108_HR_2010_2010_2017.csv
2010-10-02,2010,10,2,5,토,1,0,108,18.0,17.0,9.0,8.0,26.416666666666668,24,27.444444444444443,9,28.0,8,0,ENV_YDST_108_HR_2010_2010_2017.csv
2010-10-03,2010,10,3,6,일,1,0,108,18.0,17.0,9.0,8.0,18.272727272727273,22,24.77777777777778,9,23.875,8,0,ENV_YDST_108_HR_2010_2010_2017.csv
2010-10-04,2010,10,4,0,월,0,0,108,18.0,17.0,9.0,8.0,17.25,24,18.0,9,18.125,8,0,ENV_YDST_108_HR_2010_2010_2017.csv
2010-10-05,2010,10,5,1,화,0,1,108,18.0,17.0,9.0,8.0,26.73913043478261,23,20.75,9,20.142857142857142,8,0,ENV_YDST_108_HR_2010_2010_2017.csv
2010-10-06,2010,10,6,2,수,0,0,108,18.0,17.0,9.0,8.0,38.041666666666664,24,38.55555555555556,9,38.75,8,0,ENV_YDST_108_HR_2010_2010_2017.csv
2010-10-07,2010,10,7,3,목,0,0,108,18.0,17.0,9.0,8.0,45.65217391304348,23,30.77777777777778,9,31.75,8,0,ENV_YDST_108_HR_2010_2010_2017.csv
2010-10-08,2010,10,8,4,금,0,0,108,18.0,17.0,9.0,8.0,29.130434782608695,23,18.77777777777778,9,19.875,8,0,ENV_YDST_108_HR_2010_2010_2017.csv
2010-10-09,2010,10,9,5,토,1,0,108,18.0,17.0,9.0,8.0,15.772727272727273,22,13.444444444444445,9,12.375,8,0,ENV_YDST_108_HR_2010_2010_2017.csv
2010-10-10,2010,10,10,6,일,1,0,108,18.0,17.0,9.0,8.0,40.833333333333336,24,45.55555555555556,9,44.375,8,0,ENV_YDST_108_HR_2010_2010_2017.csv
2010-10-11,2010,10,11,0,월,0,0,108,18.0,17.0,9.0,8.0,63.291666666666664,24,67.11111111111111,9,64.625,8,0,ENV_YDST_108_HR_2010_2010_2017.csv
2010-10-12,2010,10,12,1,화,0,1,108,18.0,17.0,9.0,8.0,47.625,24,46.22222222222222,9,48.25,8,0,ENV_YDST_108_HR_2010_2010_2017.csv
2010-10-13,2010,10,13,2,수,0,0,108,18.0,17.0,9.0,8.0,44.416666666666664,24,52.22222222222222,9,50.875,8,0,ENV_YDST_108_HR_2010_2010_2017.csv
2010-10-14,2010,10,14,3,목,0,0,108,18.0,17.0,9.0,8.0,37.541666666666664,24,36.0,9,36.0,8,0,ENV_YDST_108_HR_2010_2010_2017.csv
2010-10-15,2010,10,15,4,금,0,0,108,18.0,17.0,9.0,8.0,32.81818181818182,11,26.666666666666668,4,26.666666666666668,4,0,ENV_YDST_108_HR_2010_2010_2017.csv
2010-10-18,2010,10,18,0,월,0,0,108,18.0,17.0,9.0,8.0,55.833333333333336,6,,3,,2,0,ENV_YDST_108_HR_2010_2010_2017.csv
2010-10-19,2010,10,19,1,화,0,1,108,18.0,17.0,9.0,8.0,65.29166666666667,24,57.22222222222222,9,53.875,8,0,ENV_YDST_108_HR_2010_2010_2017.csv
2010-10-20,2010,10,20,2,수,0,0,108,18.0,17.0,9.0,8.0,84.29166666666667,24,87.88888888888889,9,90.75,8,1,ENV_YDST_108_HR_2010_2010_2017.csv
2010-10-21,2010,10,21,3,목,0,0,108,18.0,17.0,9.0,8.0,44.91304347826087,23,49.55555555555556,9,49.375,8,0,ENV_YDST_108_HR_2010_2010_2017.csv
2010-10-22,2010,10,22,4,금,0,0,108,18.0,17.0,9.0,8.0,22.217391304347824,23,22.555555555555557,9,23.0,8,0,ENV_YDST_108_HR_2010_2010_2017.csv
2010-10-23,2010,10,23,5,토,1,0,108,18.0,17.0,9.0,8.0,30.375,24,25.22222222222222,9,24.75,8,0,ENV_YDST_108_HR_2010_2010_2017.csv
2010-10-24,2010,10,24,6,일,1,0,108,18.0,17.0,9.0,8.0,36.458333333333336,24,29.11111111111111,9,27.875,8,0,ENV_YDST_108_HR_2010_2010_2017.csv
2010-10-25,2010,10,25,0,월,0,0,108,18.0,17.0,9.0,8.0,57.125,16,45.333333333333336,4,41.5,3,0,ENV_YDST_108_HR_2010_2010_2017.csv
2010-10-26,2010,10,26,1,화,0,1,108,18.0,17.0,9.0,8.0,30.904761904761905,21,33.22222222222222,9,34.0,8,0,ENV_YDST_108_HR_2010_2010_2017.csv
2010-10-27,2010,10,27,2,수,0,0,108,18.0,17.0,9.0,8.0,27.416666666666668,24,26.77777777777778,9,26.875,8,0,ENV_YDST_108_HR_2010_2010_2017.csv
2010-10-28,2010,10,28,3,목,0,0,108,18.0,17.0,9.0,8.0,38.291666666666664,24,41.888888888888886,9,41.125,8,0,ENV_YDST_108_HR_2010_2010_2017.csv
2010-10-29,2010,10,29,4,금,0,0,108,18.0,17.0,9.0,8.0,44.291666666666664,24,40.888888888888886,9,39.625,8,0,ENV_YDST_108_HR_2010_2010_2017.csv
2010-10-30,2010,10,30,5,토,1,0,108,18.0,17.0,9.0,8.0,38.0,24,27.77777777777778,9,28.5,8,0,ENV_YDST_108_HR_2010_2010_2017.csv
2010-10-31,2010,10,31,6,일,1,0,108,18.0,17.0,9.0,8.0,28.875,24,27.333333333333332,9,28.125,8,0,ENV_YDST_108_HR_2010_2010_2017.csv
2010-11-01,2010,11,1,0,월,0,0,108,17.0,16.0,8.0,7.0,50.833333333333336,24,55.375,8,54.857142857142854,7,0,ENV_YDST_108_HR_2010_2010_2017.csv
2010-11-02,2010,11,2,1,화,0,1,108,17.0,16.0,8.0,7.0,43.375,24,44.75,8,45.142857142857146,7,0,ENV_YDST_108_HR_2010_2010_2017.csv
2010-11-03,2010,11,3,2,수,0,0,108,17.0,16.0,8.0,7.0,37.666666666666664,24,40.875,8,40.42857142857143,7,0,ENV_YDST_108_HR_2010_2010_2017.csv
2010-11-04,2010,11,4,3,목,0,0,108,17.0,16.0,8.0,7.0,75.20833333333333,24,74.375,8,71.28571428571429,7,0,ENV_YDST_108_HR_2010_2010_2017.csv
2010-11-05,2010,11,5,4,금,0,0,108,17.0,16.0,8.0,7.0,131.25,24,137.5,8,134.57142857142858,7,1,ENV_YDST_108_HR_2010_2010_2017.csv
2010-11-06,2010,11,6,5,토,1,0,108,17.0,16.0,8.0,7.0,191.20833333333334,24,193.25,8,192.42857142857142,7,1,ENV_YDST_108_HR_2010_2010_2017.csv
2010-11-07,2010,11,7,6,일,1,0,108,17.0,16.0,8.0,7.0,168.875,24,159.25,8,160.71428571428572,7,1,ENV_YDST_108_HR_2010_2010_2017.csv
2010-11-08,2010,11,8,0,월,0,0,108,17.0,16.0,8.0,7.0,16.63157894736842,19,16.875,8,17.285714285714285,7,0,ENV_YDST_108_HR_2010_2010_2017.csv
2010-11-09,2010,11,9,1,화,0,1,108,17.0,16.0,8.0,7.0,18.75,24,18.625,8,17.428571428571427,7,0,ENV_YDST_108_HR_2010_2010_2017.csv
2010-11-10,2010,11,10,2,수,0,0,108,17.0,16.0,8.0,7.0,23.75,24,21.125,8,21.0,7,0,ENV_YDST_108_HR_2010_2010_2017.csv
2010-11-11,2010,11,11,3,목,0,0,108,17.0,16.0,8.0,7.0,150.58333333333334,24,54.375,8,52.285714285714285,7,0,ENV_YDST_108_HR_2010_2010_2017.csv
2010-11-12,2010,11,12,4,금,0,0,108,17.0,16.0,8.0,7.0,98.66666666666667,24,23.875,8,23.857142857142858,7,0,ENV_YDST_108_HR_2010_2010_2017.csv
2010-11-13,2010,11,13,5,토,1,0,108,17.0,16.0,8.0,7.0,83.66666666666667,24,39.0,8,38.57142857142857,7,0,ENV_YDST_108_HR_2010_2010_2017.csv
2010-11-14,2010,11,14,6,일,1,0,108,17.0,16.0,8.0,7.0,43.708333333333336,24,14.875,8,15.142857142857142,7,0,ENV_YDST_108_HR_2010_2010_2017.csv
2010-11-15,2010,11,15,0,월,0,0,108,17.0,16.0,8.0,7.0,24.541666666666668,24,27.125,8,26.857142857142858,7,0,ENV_YDST_108_HR_2010_2010_2017.csv
2010-11-16,2010,11,16,1,화,0,1,108,17.0,16.0,8.0,7.0,28.083333333333332,24,33.25,8,33.42857142857143,7,0,ENV_YDST_108_HR_2010_2010_2017.csv
2010-11-17,2010,11,17,2,수,0,0,108,17.0,16.0,8.0,7.0,55.56521739130435,23,55.125,8,54.857142857142854,7,0,ENV_YDST_108_HR_2010_2010_2017.csv
2010-11-18,2010,11,18,3,목,0,0,108,17.0,16.0,8.0,7.0,60.208333333333336,24,59.625,8,62.285714285714285,7,0,ENV_YDST_108_HR_2010_2010_2017.csv
2010-11-19,2010,11,19,4,금,0,0,108,17.0,16.0,8.0,7.0,69.54545454545455,22,71.16666666666667,8,73.2,7,0,ENV_YDST_108_HR_2010_2010_2017.csv
2010-11-20,2010,11,20,5,토,1,0,108,17.0,16.0,8.0,7.0,67.125,24,58.25,8,60.142857142857146,7,0,ENV_YDST_108_HR_2010_2010_2017.csv
2010-11-21,2010,11,21,6,일,1,0,108,17.0,16.0,8.0,7.0,82.0,24,69.875,8,67.57142857142857,7,0,ENV_YDST_108_HR_2010_2010_2017.csv
2010-11-22,2010,11,22,0,월,0,0,108,17.0,16.0,8.0,7.0,37.375,24,24.5,8,25.285714285714285,7,0,ENV_YDST_108_HR_2010_2010_2017.csv
2010-11-23,2010,11,23,1,화,0,1,108,17.0,16.0,8.0,7.0,32.666666666666664,24,26.75,8,27.571428571428573,7,0,ENV_YDST_108_HR_2010_2010_2017.csv
2010-11-24,2010,11,24,2,수,0,0,108,17.0,16.0,8.0,7.0,49.375,24,52.75,8,54.42857142857143,7,0,ENV_YDST_108_HR_2010_2010_2017.csv
2010-11-25,2010,11,25,3,목,0,0,108,17.0,16.0,8.0,7.0,63.333333333333336,24,72.25,8,72.42857142857143,7,0,ENV_YDST_108_HR_2010_2010_2017.csv
2010-11-26,2010,11,26,4,금,0,0,108,17.0,16.0,8.0,7.0,34.5,24,33.375,8,33.857142857142854,7,0,ENV_YDST_108_HR_2010_2010_2017.csv
2010-11-27,2010,11,27,5,토,1,0,108,17.0,16.0,8.0,7.0,76.79166666666667,24,82.25,8,54.57142857142857,7,1,ENV_YDST_108_HR_2010_2010_2017.csv
2010-11-28,2010,11,28,6,일,1,0,108,17.0,16.0,8.0,7.0,73.58333333333333,24,59.0,8,58.714285714285715,7,0,ENV_YDST_108_HR_2010_2010_2017.csv
2010-11-29,2010,11,29,0,월,0,0,108,17.0,16.0,8.0,7.0,44.583333333333336,24,40.875,8,41.142857142857146,7,0,ENV_YDST_108_HR_2010_2010_2017.csv
2010-11-30,2010,11,30,1,화,0,1,108,17.0,16.0,8.0,7.0,114.0,24,110.375,8,102.57142857142857,7,1,ENV_YDST_108_HR_2010_2010_2017.csv
2010-12-01,2010,12,1,2,수,0,0,108,17.0,16.0,8.0,7.0,173.125,24,177.25,8,181.14285714285714,7,1,ENV_YDST_108_HR_2010_2010_2017.csv
2010-12-02,2010,12,2,3,목,0,0,108,17.0,16.0,8.0,7.0,104.33333333333333,24,95.25,8,92.85714285714286,7,1,ENV_YDST_108_HR_2010_2010_2017.csv
2010-12-03,2010,12,3,4,금,0,0,108,17.0,16.0,8.0,7.0,98.66666666666667,24,40.5,8,42.285714285714285,7,0,ENV_YDST_108_HR_2010_2010_2017.csv
2010-12-04,2010,12,4,5,토,1,0,108,17.0,16.0,8.0,7.0,40.083333333333336,24,43.625,8,42.714285714285715,7,0,ENV_YDST_108_HR_2010_2010_2017.csv
2010-12-05,2010,12,5,6,일,1,0,108,17.0,16.0,8.0,7.0,51.5,24,49.25,8,48.0,7,0,ENV_YDST_108_HR_2010_2010_2017.csv
2010-12-06,2010,12,6,0,월,0,0,108,17.0,16.0,8.0,7.0,59.5,24,62.625,8,66.14285714285714,7,0,ENV_YDST_108_HR_2010_2010_2017.csv
2010-12-07,2010,12,7,1,화,0,1,108,17.0,16.0,8.0,7.0,34.291666666666664,24,36.625,8,37.857142857142854,7,0,ENV_YDST_108_HR_2010_2010_2017.csv
2010-12-08,2010,12,8,2,수,0,0,108,17.0,16.0,8.0,7.0,38.041666666666664,24,43.875,8,43.57142857142857,7,0,ENV_YDST_108_HR_2010_2010_2017.csv
2010-12-09,2010,12,9,3,목,0,0,108,17.0,16.0,8.0,7.0,38.583333333333336,24,41.75,8,44.42857142857143,7,0,ENV_YDST_108_HR_2010_2010_2017.csv
2010-12-10,2010,12,10,4,금,0,0,108,17.0,16.0,8.0,7.0,63.333333333333336,24,43.875,8,43.57142857142857,7,0,ENV_YDST_108_HR_2010_2010_2017.csv
2010-12-11,2010,12,11,5,토,1,0,108,17.0,16.0,8.0,7.0,80.66666666666667,24,33.5,8,35.57142857142857,7,0,ENV_YDST_108_HR_2010_2010_2017.csv
2010-12-12,2010,12,12,6,일,1,0,108,17.0,16.0,8.0,7.0,21.333333333333332,24,22.5,8,22.285714285714285,7,0,ENV_YDST_108_HR_2010_2010_2017.csv
2010-12-13,2010,12,13,0,월,0,0,108,17.0,16.0,8.0,7.0,34.166666666666664,24,30.5,8,28.571428571428573,7,0,ENV_YDST_108_HR_2010_2010_2017.csv
2010-12-14,2010,12,14,1,화,0,1,108,17.0,16.0,8.0,7.0,34.708333333333336,24,26.5,8,26.142857142857142,7,0,ENV_YDST_108_HR_2010_2010_2017.csv
2010-12-15,2010,12,15,2,수,0,0,108,17.0,16.0,8.0,7.0,42.041666666666664,24,51.875,8,51.857142857142854,7,0,ENV_YDST_108_HR_2010_2010_2017.csv
2010-12-16,2010,12,16,3,목,0,0,108,17.0,16.0,8.0,7.0,42.041666666666664,24,39.0,8,39.285714285714285,7,0,ENV_YDST_108_HR_2010_2010_2017.csv
2010-12-17,2010,12,17,4,금,0,0,108,17.0,16.0,8.0,7.0,69.29166666666667,24,69.125,8,67.57142857142857,7,0,ENV_YDST_108_HR_2010_2010_2017.csv
2010-12-18,2010,12,18,5,토,1,0,108,17.0,16.0,8.0,7.0,94.08333333333333,24,87.625,8,86.42857142857143,7,1,ENV_YDST_108_HR_2010_2010_2017.csv
2010-12-19,2010,12,19,6,일,1,0,108,17.0,16.0,8.0,7.0,81.625,24,78.125,8,78.42857142857143,7,0,ENV_YDST_108_HR_2010_2010_2017.csv
2010-12-20,2010,12,20,0,월,0,0,108,17.0,16.0,8.0,7.0,141.75,24,161.0,8,156.42857142857142,7,1,ENV_YDST_108_HR_2010_2010_2017.csv
2010-12-21,2010,12,21,1,화,0,1,108,17.0,16.0,8.0,7.0,115.16666666666667,24,132.5,8,140.28571428571428,7,1,ENV_YDST_108_HR_2010_2010_2017.csv
2010-12-22,2010,12,22,2,수,0,0,108,17.0,16.0,8.0,7.0,64.08333333333333,24,65.25,8,64.71428571428571,7,0,ENV_YDST_108_HR_2010_2010_2017.csv
2010-12-23,2010,12,23,3,목,0,0,108,17.0,16.0,8.0,7.0,74.5,24,70.375,8,75.57142857142857,7,0,ENV_YDST_108_HR_2010_2010_2017.csv
2010-12-24,2010,12,24,4,금,0,0,108,17.0,16.0,8.0,7.0,48.916666666666664,24,60.875,8,63.0,7,0,ENV_YDST_108_HR_2010_2010_2017.csv
2010-12-25,2010,12,25,5,토,1,0,108,17.0,16.0,8.0,7.0,37.166666666666664,24,38.5,8,38.57142857142857,7,0,ENV_YDST_108_HR_2010_2010_2017.csv
2010-12-26,2010,12,26,6,일,1,0,108,17.0,16.0,8.0,7.0,50.25,24,60.5,8,62.857142857142854,7,0,ENV_YDST_108_HR_2010_2010_2017.csv
2010-12-27,2010,12,27,0,월,0,0,108,17.0,16.0,8.0,7.0,52.291666666666664,24,61.375,8,62.857142857142854,7,0,ENV_YDST_108_HR_2010_2010_2017.csv
2010-12-28,2010,12,28,1,화,0,1,108,17.0,16.0,8.0,7.0,57.083333333333336,24,64.0,8,63.57142857142857,7,0,ENV_YDST_108_HR_2010_2010_2017.csv
2010-12-29,2010,12,29,2,수,0,0,108,17.0,16.0,8.0,7.0,38.05882352941177,17,36.375,8,35.857142857142854,7,0,ENV_YDST_108_HR_2010_2010_2017.csv
2010-12-30,2010,12,30,3,목,0,0,108,17.0,16.0,8.0,7.0,44.111111111111114,9,33.5,5,24.0,4,0,ENV_YDST_108_HR_2010_2010_2017.csv
2010-12-31,2010,12,31,4,금,0,0,108,17.0,16.0,8.0,7.0,41.166666666666664,24,36.0,8,36.42857142857143,7,0,ENV_YDST_108_HR_2010_2010_2017.csv
2011-01-01,2011,1,1,5,토,1,0,108,17.0,16.0,8.0,7.0,55.0,24,57.625,8,57.285714285714285,7,0,"ENV_YDST_108_HR_2010_2010_2017.csv,ENV_YDST_108_HR_2011_2011_2017.csv"
2011-01-02,2011,1,2,6,일,1,0,108,17.0,16.0,8.0,7.0,61.25,24,66.125,8,69.0,7,0,ENV_YDST_108_HR_2011_2011_2017.csv
2011-01-03,2011,1,3,0,월,0,0,108,17.0,16.0,8.0,7.0,62.75,24,75.75,8,77.71428571428571,7,0,ENV_YDST_108_HR_2011_2011_2017.csv
2011-01-04,2011,1,4,1,화,0,1,108,17.0,16.0,8.0,7.0,57.375,24,57.625,8,58.857142857142854,7,0,ENV_YDST_108_HR_2011_2011_2017.csv
2011-01-05,2011,1,5,2,수,0,0,108,17.0,16.0,8.0,7.0,41.291666666666664,24,49.375,8,49.42857142857143,7,0,ENV_YDST_108_HR_2011_2011_2017.csv
2011-01-06,2011,1,6,3,목,0,0,108,17.0,16.0,8.0,7.0,36.75,24,30.25,8,30.285714285714285,7,0,ENV_YDST_108_HR_2011_2011_2017.csv
2011-01-07,2011,1,7,4,금,0,0,108,17.0,16.0,8.0,7.0,39.666666666666664,24,38.75,8,40.42857142857143,7,0,ENV_YDST_108_HR_2011_2011_2017.csv
2011-01-08,2011,1,8,5,토,1,0,108,17.0,16.0,8.0,7.0,53.666666666666664,24,65.5,8,64.42857142857143,7,0,ENV_YDST_108_HR_2011_2011_2017.csv
2011-01-09,2011,1,9,6,일,1,0,108,17.0,16.0,8.0,7.0,44.208333333333336,24,30.75,8,32.714285714285715,7,0,ENV_YDST_108_HR_2011_2011_2017.csv
2011-01-10,2011,1,10,0,월,0,0,108,17.0,16.0,8.0,7.0,37.666666666666664,24,32.625,8,32.142857142857146,7,0,ENV_YDST_108_HR_2011_2011_2017.csv
2011-01-11,2011,1,11,1,화,0,1,108,17.0,16.0,8.0,7.0,55.125,24,70.75,8,73.28571428571429,7,0,ENV_YDST_108_HR_2011_2011_2017.csv
2011-01-12,2011,1,12,2,수,0,0,108,17.0,16.0,8.0,7.0,39.166666666666664,24,32.625,8,33.857142857142854,7,0,ENV_YDST_108_HR_2011_2011_2017.csv
2011-01-13,2011,1,13,3,목,0,0,108,17.0,16.0,8.0,7.0,41.583333333333336,24,42.5,8,40.42857142857143,7,0,ENV_YDST_108_HR_2011_2011_2017.csv
2011-01-14,2011,1,14,4,금,0,0,108,17.0,16.0,8.0,7.0,57.25,24,58.0,8,58.857142857142854,7,0,ENV_YDST_108_HR_2011_2011_2017.csv
2011-01-15,2011,1,15,5,토,1,0,108,17.0,16.0,8.0,7.0,46.75,24,33.125,8,31.428571428571427,7,0,ENV_YDST_108_HR_2011_2011_2017.csv
2011-01-16,2011,1,16,6,일,1,0,108,17.0,16.0,8.0,7.0,31.875,24,29.625,8,29.714285714285715,7,0,ENV_YDST_108_HR_2011_2011_2017.csv
2011-01-17,2011,1,17,0,월,0,0,108,17.0,16.0,8.0,7.0,30.666666666666668,24,28.875,8,29.142857142857142,7,0,ENV_YDST_108_HR_2011_2011_2017.csv
2011-01-18,2011,1,18,1,화,0,1,108,17.0,16.0,8.0,7.0,38.416666666666664,24,44.0,8,45.714285714285715,7,0,ENV_YDST_108_HR_2011_2011_2017.csv
2011-01-19,2011,1,19,2,수,0,0,108,17.0,16.0,8.0,7.0,39.75,24,40.875,8,41.714285714285715,7,0,ENV_YDST_108_HR_2011_2011_2017.csv
2011-01-20,2011,1,20,3,목,0,0,108,17.0,16.0,8.0,7.0,44.5,24,44.25,8,42.57142857142857,7,0,ENV_YDST_108_HR_2011_2011_2017.csv
2011-01-21,2011,1,21,4,금,0,0,108,17.0,16.0,8.0,7.0,41.208333333333336,24,39.625,8,39.857142857142854,7,0,ENV_YDST_108_HR_2011_2011_2017.csv
2011-01-22,2011,1,22,5,토,1,0,108,17.0,16.0,8.0,7.0,39.333333333333336,24,44.125,8,46.714285714285715,7,0,ENV_YDST_108_HR_2011_2011_2017.csv
2011-01-23,2011,1,23,6,일,1,0,108,17.0,16.0,8.0,7.0,48.041666666666664,24,45.25,8,45.857142857142854,7,0,ENV_YDST_108_HR_2011_2011_2017.csv
2011-01-24,2011,1,24,0,월,0,0,108,17.0,16.0,8.0,7.0,50.25,24,46.75,8,46.0,7,0,ENV_YDST_108_HR_2011_2011_2017.csv
2011-01-25,2011,1,25,1,화,0,1,108,17.0,16.0,8.0,7.0,43.833333333333336,24,50.0,8,51.714285714285715,7,0,ENV_YDST_108_HR_2011_2011_2017.csv
2011-01-26,2011,1,26,2,수,0,0,108,17.0,16.0,8.0,7.0,39.666666666666664,24,41.125,8,41.42857142857143,7,0,ENV_YDST_108_HR_2011_2011_2017.csv
2011-01-27,2011,1,27,3,목,0,0,108,17.0,16.0,8.0,7.0,37.416666666666664,24,36.5,8,37.57142857142857,7,0,ENV_YDST_108_HR_2011_2011_2017.csv
2011-01-28,2011,1,28,4,금,0,0,108,17.0,16.0,8.0,7.0,42.125,24,40.5,8,40.142857142857146,7,0,ENV_YDST_108_HR_2011_2011_2017.csv
2011-01-29,2011,1,29,5,토,1,0,108,17.0,16.0,8.0,7.0,33.708333333333336,24,35.125,8,35.42857142857143,7,0,ENV_YDST_108_HR_2011_2011_2017.csv
2011-01-30,2011,1,30,6,일,1,0,108,17.0,16.0,8.0,7.0,38.208333333333336,24,42.5,8,43.285714285714285,7,0,ENV_YDST_108_HR_2011_2011_2017.csv
2011-01-31,2011,1,31,0,월,0,0,108,17.0,16.0,8.0,7.0,38.958333333333336,24,42.625,8,43.0,7,0,ENV_YDST_108_HR_2011_2011_2017.csv
2011-02-01,2011,2,1,1,화,0,1,108,17.0,16.0,8.0,7.0,64.41666666666667,24,63.25,8,65.42857142857143,7,0,ENV_YDST_108_HR_2011_2011_2017.csv
2011-02-02,2011,2,2,2,수,0,0,108,17.0,16.0,8.0,7.0,100.91666666666667,24,87.25,8,86.85714285714286,7,1,ENV_YDST_108_HR_2011_2011_2017.csv
2011-02-03,2011,2,3,3,목,0,0,108,17.0,16.0,8.0,7.0,131.25,24,125.875,8,125.71428571428571,7,1,ENV_YDST_108_HR_2011_2011_2017.csv
2011-02-04,2011,2,4,4,금,0,0,108,17.0,16.0,8.0,7.0,152.95833333333334,24,165.25,8,167.28571428571428,7,1,ENV_YDST_108_HR_2011_2011_2017.csv
2011-02-05,2011,2,5,5,토,1,0,108,17.0,16.0,8.0,7.0,145.79166666666666,24,127.0,8,127.57142857142857,7,1,ENV_YDST_108_HR_2011_2011_2017.csv
2011-02-06,2011,2,6,6,일,1,0,108,17.0,16.0,8.0,7.0,147.5,24,146.625,8,152.0,7,1,ENV_YDST_108_HR_2011_2011_2017.csv
2011-02-07,2011,2,7,0,월,0,0,108,17.0,16.0,8.0,7.0,127.29166666666667,24,140.0,8,148.42857142857142,7,1,ENV_YDST_108_HR_2011_2011_2017.csv
2011-02-08,2011,2,8,1,화,0,1,108,17.0,16.0,8.0,7.0,62.375,24,68.0,8,70.28571428571429,7,0,ENV_YDST_108_HR_2011_2011_2017.csv
2011-02-09,2011,2,9,2,수,0,0,108,17.0,16.0,8.0,7.0,49.791666666666664,24,44.125,8,45.0,7,0,ENV_YDST_108_HR_2011_2011_2017.csv
2011-02-10,2011,2,10,3,목,0,0,108,17.0,16.0,8.0,7.0,52.791666666666664,24,63.25,8,64.57142857142857,7,0,ENV_YDST_108_HR_2011_2011_2017.csv
2011-02-11,2011,2,11,4,금,0,0,108,17.0,16.0,8.0,7.0,61.583333333333336,24,69.625,8,72.85714285714286,7,0,ENV_YDST_108_HR_2011_2011_2017.csv
2011-02-12,2011,2,12,5,토,1,0,108,17.0,16.0,8.0,7.0,47.833333333333336,24,47.75,8,48.142857142857146,7,0,ENV_YDST_108_HR_2011_2011_2017.csv
2011-02-13,2011,2,13,6,일,1,0,108,17.0,16.0,8.0,7.0,49.958333333333336,24,53.75,8,53.714285714285715,7,0,ENV_YDST_108_HR_2011_2011_2017.csv
2011-02-14,2011,2,14,0,월,0,0,108,17.0,16.0,8.0,7.0,54.916666666666664,24,60.625,8,60.42857142857143,7,0,ENV_YDST_108_HR_2011_2011_2017.csv
2011-02-15,2011,2,15,1,화,0,1,108,17.0,16.0,8.0,7.0,65.83333333333333,24,80.625,8,83.57142857142857,7,0,ENV_YDST_108_HR_2011_2011_2017.csv
2011-02-16,2011,2,16,2,수,0,0,108,17.0,16.0,8.0,7.0,59.958333333333336,24,65.875,8,68.42857142857143,7,0,ENV_YDST_108_HR_2011_2011_2017.csv
2011-02-17,2011,2,17,3,목,0,0,108,17.0,16.0,8.0,7.0,66.04166666666667,24,66.125,8,68.14285714285714,7,0,ENV_YDST_108_HR_2011_2011_2017.csv
2011-02-18,2011,2,18,4,금,0,0,108,17.0,16.0,8.0,7.0,89.125,24,75.75,8,74.85714285714286,7,0,ENV_YDST_108_HR_2011_2011_2017.csv
2011-02-19,2011,2,19,5,토,1,0,108,17.0,16.0,8.0,7.0,84.29166666666667,24,72.125,8,75.85714285714286,7,0,ENV_YDST_108_HR_2011_2011_2017.csv
2011-02-20,2011,2,20,6,일,1,0,108,17.0,16.0,8.0,7.0,57.208333333333336,24,55.625,8,59.714285714285715,7,0,ENV_YDST_108_HR_2011_2011_2017.csv
2011-02-21,2011,2,21,0,월,0,0,108,17.0,16.0,8.0,7.0,38.958333333333336,24,37.875,8,37.42857142857143,7,0,ENV_YDST_108_HR_2011_2011_2017.csv
2011-02-22,2011,2,22,1,화,0,1,108,17.0,16.0,8.0,7.0,61.833333333333336,24,62.375,8,58.0,7,0,ENV_YDST_108_HR_2011_2011_2017.csv
2011-02-23,2011,2,23,2,수,0,0,108,17.0,16.0,8.0,7.0,81.04166666666667,24,87.75,8,90.28571428571429,7,1,ENV_YDST_108_HR_2011_2011_2017.csv
2011-02-24,2011,2,24,3,목,0,0,108,17.0,16.0,8.0,7.0,49.166666666666664,24,53.0,8,53.42857142857143,7,0,ENV_YDST_108_HR_2011_2011_2017.csv
2011-02-25,2011,2,25,4,금,0,0,108,17.0,16.0,8.0,7.0,47.833333333333336,24,37.5,8,37.142857142857146,7,0,ENV_YDST_108_HR_2011_2011_2017.csv
2011-02-26,2011,2,26,5,토,1,0,108,17.0,16.0,8.0,7.0,41.375,24,34.5,8,33.57142857142857,7,0,ENV_YDST_108_HR_2011_2011_2017.csv
2011-02-27,2011,2,27,6,일,1,0,108,17.0,16.0,8.0,7.0,42.42857142857143,14,24.0,8,24.0,7,0,ENV_YDST_108_HR_2011_2011_2017.csv
2011-02-28,2011,2,28,0,월,0,0,108,17.0,16.0,8.0,7.0,10.090909090909092,22,9.125,8,8.857142857142858,7,0,ENV_YDST_108_HR_2011_2011_2017.csv
2011-03-01,2011,3,1,1,화,0,1,108,18.0,17.0,9.0,8.0,29.333333333333332,24,41.888888888888886,9,41.625,8,0,ENV_YDST_108_HR_2011_2011_2017.csv
2011-03-02,2011,3,2,2,수,0,0,108,18.0,17.0,9.0,8.0,28.416666666666668,24,26.666666666666668,9,27.625,8,0,ENV_YDST_108_HR_2011_2011_2017.csv
2011-03-03,2011,3,3,3,목,0,0,108,18.0,17.0,9.0,8.0,30.541666666666668,24,34.77777777777778,9,36.125,8,0,ENV_YDST_108_HR_2011_2011_2017.csv
2011-03-04,2011,3,4,4,금,0,0,108,18.0,17.0,9.0,8.0,40.875,24,45.77777777777778,9,46.375,8,0,ENV_YDST_108_HR_2011_2011_2017.csv
2011-03-05,2011,3,5,5,토,1,0,108,18.0,17.0,9.0,8.0,44.416666666666664,24,46.666666666666664,9,46.375,8,0,ENV_YDST_108_HR_2011_2011_2017.csv
2011-03-06,2011,3,6,6,일,1,0,108,18.0,17.0,9.0,8.0,53.791666666666664,24,58.22222222222222,9,56.5,8,0,ENV_YDST_108_HR_2011_2011_2017.csv
2011-03-07,2011,3,7,0,월,0,0,108,18.0,17.0,9.0,8.0,52.0,24,45.0,9,48.125,8,0,ENV_YDST_108_HR_2011_2011_2017.csv
2011-03-08,2011,3,8,1,화,0,1,108,18.0,17.0,9.0,8.0,42.0,24,52.55555555555556,9,51.375,8,0,ENV_YDST_108_HR_2011_2011_2017.csv
2011-03-09,2011,3,9,2,수,0,0,108,18.0,17.0,9.0,8.0,44.25,24,51.666666666666664,9,52.25,8,0,ENV_YDST_108_HR_2011_2011_2017.csv
2011-03-10,2011,3,10,3,목,0,0,108,18.0,17.0,9.0,8.0,47.583333333333336,24,40.333333333333336,9,39.375,8,0,ENV_YDST_108_HR_2011_2011_2017.csv
2011-03-11,2011,3,11,4,금,0,0,108,18.0,17.0,9.0,8.0,54.5,24,49.888888888888886,9,51.625,8,0,ENV_YDST_108_HR_2011_2011_2017.csv
2011-03-12,2011,3,12,5,토,1,0,108,18.0,17.0,9.0,8.0,68.0,24,71.33333333333333,9,73.875,8,0,ENV_YDST_108_HR_2011_2011_2017.csv
2011-03-13,2011,3,13,6,일,1,0,108,18.0,17.0,9.0,8.0,51.875,24,55.888888888888886,9,53.75,8,0,ENV_YDST_108_HR_2011_2011_2017.csv
2011-03-14,2011,3,14,0,월,0,0,108,18.0,17.0,9.0,8.0,71.83333333333333,24,82.11111111111111,9,82.75,8,1,ENV_YDST_108_HR_2011_2011_2017.csv
2011-03-15,2011,3,15,1,화,0,1,108,18.0,17.0,9.0,8.0,70.80952380952381,21,62.333333333333336,8,67.0,7,0,ENV_YDST_108_HR_2011_2011_2017.csv
2011-03-16,2011,3,16,2,수,0,0,108,18.0,17.0,9.0,8.0,37.625,24,37.111111111111114,9,36.75,8,0,ENV_YDST_108_HR_2011_2011_2017.csv
2011-03-17,2011,3,17,3,목,0,0,108,18.0,17.0,9.0,8.0,36.0,24,39.55555555555556,9,38.625,8,0,ENV_YDST_108_HR_2011_2011_2017.csv
2011-03-18,2011,3,18,4,금,0,0,108,18.0,17.0,9.0,8.0,41.916666666666664,24,41.0,9,40.125,8,0,ENV_YDST_108_HR_2011_2011_2017.csv
2011-03-19,2011,3,19,5,토,1,0,108,18.0,17.0,9.0,8.0,288.9166666666667,24,350.0,9,336.875,8,1,ENV_YDST_108_HR_2011_2011_2017.csv
2011-03-20,2011,3,20,6,일,1,0,108,18.0,17.0,9.0,8.0,199.04166666666666,24,63.666666666666664,9,69.375,8,0,ENV_YDST_108_HR_2011_2011_2017.csv
2011-03-21,2011,3,21,0,월,0,0,108,18.0,17.0,9.0,8.0,160.79166666666666,24,188.66666666666666,9,182.5,8,1,ENV_YDST_108_HR_2011_2011_2017.csv
2011-03-22,2011,3,22,1,화,0,1,108,18.0,17.0,9.0,8.0,43.833333333333336,24,41.55555555555556,9,40.625,8,0,ENV_YDST_108_HR_2011_2011_2017.csv
2011-03-23,2011,3,23,2,수,0,0,108,18.0,17.0,9.0,8.0,44.791666666666664,24,48.333333333333336,9,48.0,8,0,ENV_YDST_108_HR_2011_2011_2017.csv
2011-03-24,2011,3,24,3,목,0,0,108,18.0,17.0,9.0,8.0,51.125,24,50.77777777777778,9,51.875,8,0,ENV_YDST_108_HR_2011_2011_2017.csv
2011-03-25,2011,3,25,4,금,0,0,108,18.0,17.0,9.0,8.0,47.416666666666664,24,52.77777777777778,9,53.75,8,0,ENV_YDST_108_HR_2011_2011_2017.csv
2011-03-26,2011,3,26,5,토,1,0,108,18.0,17.0,9.0,8.0,43.666666666666664,24,42.22222222222222,9,41.75,8,0,ENV_YDST_108_HR_2011_2011_2017.csv
2011-03-27,2011,3,27,6,일,1,0,108,18.0,17.0,9.0,8.0,40.583333333333336,24,31.77777777777778,9,33.125,8,0,ENV_YDST_108_HR_2011_2011_2017.csv
2011-03-28,2011,3,28,0,월,0,0,108,18.0,17.0,9.0,8.0,48.708333333333336,24,49.0,9,51.875,8,0,ENV_YDST_108_HR_2011_2011_2017.csv
2011-03-29,2011,3,29,1,화,0,1,108,18.0,17.0,9.0,8.0,61.333333333333336,24,61.888888888888886,9,61.75,8,0,ENV_YDST_108_HR_2011_2011_2017.csv
2011-03-30,2011,3,30,2,수,0,0,108,18.0,17.0,9.0,8.0,83.16666666666667,24,78.66666666666667,9,75.0,8,0,ENV_YDST_108_HR_2011_2011_2017.csv
2011-03-31,2011,3,31,3,목,0,0,108,18.0,17.0,9.0,8.0,123.08333333333333,24,130.88888888888889,9,129.375,8,1,ENV_YDST_108_HR_2011_2011_2017.csv
2011-04-01,2011,4,1,4,금,0,0,108,18.0,17.0,9.0,8.0,80.54166666666667,24,72.88888888888889,9,74.625,8,0,ENV_YDST_108_HR_2011_2011_2017.csv
2011-04-02,2011,4,2,5,토,1,0,108,18.0,17.0,9.0,8.0,86.16666666666667,24,71.55555555555556,9,69.25,8,0,ENV_YDST_108_HR_2011_2011_2017.csv
2011-04-03,2011,4,3,6,일,1,0,108,18.0,17.0,9.0,8.0,80.66666666666667,24,65.66666666666667,9,65.25,8,0,ENV_YDST_108_HR_2011_2011_2017.csv
2011-04-04,2011,4,4,0,월,0,0,108,18.0,17.0,9.0,8.0,71.375,24,78.33333333333333,9,78.25,8,0,ENV_YDST_108_HR_2011_2011_2017.csv
2011-04-05,2011,4,5,1,화,0,1,108,18.0,17.0,9.0,8.0,58.791666666666664,24,63.0,9,64.875,8,0,ENV_YDST_108_HR_2011_2011_2017.csv
2011-04-06,2011,4,6,2,수,0,0,108,18.0,17.0,9.0,8.0,55.291666666666664,24,56.22222222222222,9,59.75,8,0,ENV_YDST_108_HR_2011_2011_2017.csv
2011-04-07,2011,4,7,3,목,0,0,108,18.0,17.0,9.0,8.0,19.25,24,15.222222222222221,9,16.375,8,0,ENV_YDST_108_HR_2011_2011_2017.csv
2011-04-08,2011,4,8,4,금,0,0,108,18.0,17.0,9.0,8.0,42.916666666666664,24,45.77777777777778,9,47.125,8,0,ENV_YDST_108_HR_2011_2011_2017.csv
2011-04-09,2011,4,9,5,토,1,0,108,18.0,17.0,9.0,8.0,74.83333333333333,24,73.22222222222223,9,71.625,8,0,ENV_YDST_108_HR_2011_2011_2017.csv
2011-04-10,2011,4,10,6,일,1,0,108,18.0,17.0,9.0,8.0,97.66666666666667,24,93.33333333333333,9,91.75,8,1,ENV_YDST_108_HR_2011_2011_2017.csv
2011-04-11,2011,4,11,0,월,0,0,108,18.0,17.0,9.0,8.0,75.45833333333333,24,68.22222222222223,9,68.5,8,0,ENV_YDST_108_HR_2011_2011_2017.csv
2011-04-12,2011,4,12,1,화,0,1,108,18.0,17.0,9.0,8.0,62.166666666666664,24,65.66666666666667,9,68.75,8,0,ENV_YDST_108_HR_2011_2011_2017.csv
2011-04-13,2011,4,13,2,수,0,0,108,18.0,17.0,9.0,8.0,72.04166666666667,24,75.33333333333333,9,75.125,8,0,ENV_YDST_108_HR_2011_2011_2017.csv
2011-04-14,2011,4,14,3,목,0,0,108,18.0,17.0,9.0,8.0,68.875,24,67.88888888888889,9,69.125,8,0,ENV_YDST_108_HR_2011_2011_2017.csv
2011-04-15,2011,4,15,4,금,0,0,108,18.0,17.0,9.0,8.0,53.875,24,54.888888888888886,9,54.75,8,0,ENV_YDST_108_HR_2011_2011_2017.csv
2011-04-16,2011,4,16,5,토,1,0,108,18.0,17.0,9.0,8.0,77.33333333333333,24,63.44444444444444,9,63.25,8,0,ENV_YDST_108_HR_2011_2011_2017.csv
2011-04-17,2011,4,17,6,일,1,0,108,18.0,17.0,9.0,8.0,72.79166666666667,24,66.77777777777777,9,65.625,8,0,ENV_YDST_108_HR_2011_2011_2017.csv
2011-04-18,2011,4,18,0,월,0,0,108,18.0,17.0,9.0,8.0,29.25,24,18.22222222222222,9,18.125,8,0,ENV_YDST_108_HR_2011_2011_2017.csv
2011-04-19,2011,4,19,1,화,0,1,108,18.0,17.0,9.0,8.0,38.208333333333336,24,34.888888888888886,9,33.375,8,0,ENV_YDST_108_HR_2011_2011_2017.csv
2011-04-20,2011,4,20,2,수,0,0,108,18.0,17.0,9.0,8.0,72.125,24,61.22222222222222,9,59.625,8,0,ENV_YDST_108_HR_2011_2011_2017.csv
2011-04-21,2011,4,21,3,목,0,0,108,18.0,17.0,9.0,8.0,56.25,24,55.111111111111114,9,56.375,8,0,ENV_YDST_108_HR_2011_2011_2017.csv
2011-04-22,2011,4,22,4,금,0,0,108,18.0,17.0,9.0,8.0,27.714285714285715,21,14.285714285714286,9,14.5,8,0,ENV_YDST_108_HR_2011_2011_2017.csv
2011-04-23,2011,4,23,5,토,1,0,108,18.0,17.0,9.0,8.0,34.95652173913044,23,43.77777777777778,9,44.25,8,0,ENV_YDST_108_HR_2011_2011_2017.csv
2011-04-24,2011,4,24,6,일,1,0,108,18.0,17.0,9.0,8.0,44.166666666666664,24,41.55555555555556,9,43.125,8,0,ENV_YDST_108_HR_2011_2011_2017.csv
2011-04-25,2011,4,25,0,월,0,0,108,18.0,17.0,9.0,8.0,46.541666666666664,24,51.44444444444444,9,51.0,8,0,ENV_YDST_108_HR_2011_2011_2017.csv
2011-04-26,2011,4,26,1,화,0,1,108,18.0,17.0,9.0,8.0,22.375,24,21.333333333333332,9,21.625,8,0,ENV_YDST_108_HR_2011_2011_2017.csv
2011-04-27,2011,4,27,2,수,0,0,108,18.0,17.0,9.0,8.0,24.666666666666668,24,22.0,9,22.25,8,0,ENV_YDST_108_HR_2011_2011_2017.csv
2011-04-28,2011,4,28,3,목,0,0,108,18.0,17.0,9.0,8.0,20.318181818181817,22,17.625,9,14.857142857142858,8,0,ENV_YDST_108_HR_2011_2011_2017.csv
2011-04-29,2011,4,29,4,금,0,0,108,18.0,17.0,9.0,8.0,46.0,24,42.55555555555556,9,42.0,8,0,ENV_YDST_108_HR_2011_2011_2017.csv
2011-04-30,2011,4,30,5,토,1,0,108,18.0,17.0,9.0,8.0,43.0,3,62.0,5,62.0,5,0,ENV_YDST_108_HR_2011_2011_2017.csv
2011-05-01,2011,5,1,6,일,1,0,108,18.0,17.0,9.0,8.0,162.83333333333334,24,183.88888888888889,9,186.5,8,1,ENV_YDST_108_HR_2011_2011_2017.csv
2011-05-02,2011,5,2,0,월,0,0,108,18.0,17.0,9.0,8.0,292.5,24,279.22222222222223,9,295.375,8,1,ENV_YDST_108_HR_2011_2011_2017.csv
2011-05-03,2011,5,3,1,화,0,1,108,18.0,17.0,9.0,8.0,237.41666666666666,24,311.22222222222223,9,324.625,8,1,ENV_YDST_108_HR_2011_2011_2017.csv
2011-05-04,2011,5,4,2,수,0,0,108,18.0,17.0,9.0,8.0,60.458333333333336,24,67.33333333333333,9,69.625,8,0,ENV_YDST_108_HR_2011_2011_2017.csv
2011-05-05,2011,5,5,3,목,0,0,108,18.0,17.0,9.0,8.0,60.125,24,61.111111111111114,9,58.875,8,0,ENV_YDST_108_HR_2011_2011_2017.csv
2011-05-06,2011,5,6,4,금,0,0,108,18.0,17.0,9.0,8.0,55.166666666666664,24,40.111111111111114,9,41.125,8,0,ENV_YDST_108_HR_2011_2011_2017.csv
2011-05-07,2011,5,7,5,토,1,0,108,18.0,17.0,9.0,8.0,48.625,24,65.0,9,61.5,8,0,ENV_YDST_108_HR_2011_2011_2017.csv
2011-05-08,2011,5,8,6,일,1,0,108,18.0,17.0,9.0,8.0,65.16666666666667,24,58.111111111111114,9,55.5,8,0,ENV_YDST_108_HR_2011_2011_2017.csv
2011-05-09,2011,5,9,0,월,0,0,108,18.0,17.0,9.0,8.0,56.388888888888886,18,45.44444444444444,9,48.0,8,0,ENV_YDST_108_HR_2011_2011_2017.csv
2011-05-10,2011,5,10,1,화,0,1,108,18.0,17.0,9.0,8.0,17.608695652173914,23,19.444444444444443,9,19.75,8,0,ENV_YDST_108_HR_2011_2011_2017.csv
2011-05-11,2011,5,11,2,수,0,0,108,18.0,17.0,9.0,8.0,10.130434782608695,23,9.333333333333334,9,9.375,8,0,ENV_YDST_108_HR_2011_2011_2017.csv
2011-05-12,2011,5,12,3,목,0,0,108,18.0,17.0,9.0,8.0,85.20833333333333,24,23.88888888888889,9,23.875,8,0,ENV_YDST_108_HR_2011_2011_2017.csv
2011-05-13,2011,5,13,4,금,0,0,108,18.0,17.0,9.0,8.0,114.95,20,86.0,9,86.0,8,1,ENV_YDST_108_HR_2011_2011_2017.csv
2011-05-14,2011,5,14,5,토,1,0,108,18.0,17.0,9.0,8.0,94.54166666666667,24,107.77777777777777,9,110.375,8,1,ENV_YDST_108_HR_2011_2011_2017.csv
2011-05-15,2011,5,15,6,일,1,0,108,18.0,17.0,9.0,8.0,100.70833333333333,24,104.0,9,102.875,8,1,ENV_YDST_108_HR_2011_2011_2017.csv
2011-05-16,2011,5,16,0,월,0,0,108,18.0,17.0,9.0,8.0,79.75,24,60.888888888888886,9,64.0,8,0,ENV_YDST_108_HR_2011_2011_2017.csv
2011-05-17,2011,5,17,1,화,0,1,108,18.0,17.0,9.0,8.0,42.76190476190476,21,35.666666666666664,9,37.2,8,0,ENV_YDST_108_HR_2011_2011_2017.csv
2011-05-18,2011,5,18,2,수,0,0,108,18.0,17.0,9.0,8.0,52.333333333333336,24,59.888888888888886,9,59.875,8,0,ENV_YDST_108_HR_2011_2011_2017.csv
2011-05-19,2011,5,19,3,목,0,0,108,18.0,17.0,9.0,8.0,44.0,24,47.44444444444444,9,48.5,8,0,ENV_YDST_108_HR_2011_2011_2017.csv
2011-05-20,2011,5,20,4,금,0,0,108,18.0,17.0,9.0,8.0,19.8,10,7.0,9,,8,0,ENV_YDST_108_HR_2011_2011_2017.csv
2011-05-21,2011,5,21,5,토,1,0,108,18.0,17.0,9.0,8.0,28.791666666666668,24,33.44444444444444,9,34.625,8,0,ENV_YDST_108_HR_2011_2011_2017.csv
2011-05-22,2011,5,22,6,일,1,0,108,18.0,17.0,9.0,8.0,29.0,24,28.444444444444443,9,26.375,8,0,ENV_YDST_108_HR_2011_2011_2017.csv
2011-05-23,2011,5,23,0,월,0,0,108,18.0,17.0,9.0,8.0,57.916666666666664,24,65.44444444444444,9,63.75,8,0,ENV_YDST_108_HR_2011_2011_2017.csv
2011-05-24,2011,5,24,1,화,0,1,108,18.0,17.0,9.0,8.0,77.58333333333333,24,75.11111111111111,9,75.0,8,0,ENV_YDST_108_HR_2011_2011_2017.csv
2011-05-25,2011,5,25,2,수,0,0,108,18.0,17.0,9.0,8.0,88.79166666666667,24,77.88888888888889,9,78.0,8,0,ENV_YDST_108_HR_2011_2011_2017.csv
2011-05-26,2011,5,26,3,목,0,0,108,18.0,17.0,9.0,8.0,53.5,24,51.666666666666664,9,53.5,8,0,ENV_YDST_108_HR_2011_2011_2017.csv
2011-05-27,2011,5,27,4,금,0,0,108,18.0,17.0,9.0,8.0,38.833333333333336,24,29.88888888888889,9,28.875,8,0,ENV_YDST_108_HR_2011_2011_2017.csv
2011-05-28,2011,5,28,5,토,1,0,108,18.0,17.0,9.0,8.0,56.541666666666664,24,53.111111111111114,9,54.125,8,0,ENV_YDST_108_HR_2011_2011_2017.csv
2011-05-29,2011,5,29,6,일,1,0,108,18.0,17.0,9.0,8.0,57.416666666666664,24,45.77777777777778,9,42.0,8,0,ENV_YDST_108_HR_2011_2011_2017.csv
2011-05-30,2011,5,30,0,월,0,0,108,18.0,17.0,9.0,8.0,71.625,24,75.22222222222223,9,79.75,8,0,ENV_YDST_108_HR_2011_2011_2017.csv
2011-05-31,2011,5,31,1,화,0,1,108,18.0,17.0,9.0,8.0,50.22222222222222,18,47.77777777777778,9,47.125,8,0,ENV_YDST_108_HR_2011_2011_2017.csv
2011-06-01,2011,6,1,2,수,0,0,108,18.5,17.5,9.5,8.5,56.72727272727273,11,36.0,9,31.4,8,0,ENV_YDST_108_HR_2011_2011_2017.csv
2011-06-02,2011,6,2,3,목,0,0,108,18.5,17.5,9.5,8.5,99.66666666666667,24,99.3,10,98.77777777777777,9,1,ENV_YDST_108_HR_2011_2011_2017.csv
2011-06-03,2011,6,3,4,금,0,0,108,18.5,17.5,9.5,8.5,74.0,24,54.0,10,56.44444444444444,9,0,ENV_YDST_108_HR_2011_2011_2017.csv
2011-06-04,2011,6,4,5,토,1,0,108,18.5,17.5,9.5,8.5,50.25,24,47.8,10,46.0,9,0,ENV_YDST_108_HR_2011_2011_2017.csv
2011-06-05,2011,6,5,6,일,1,0,108,18.5,17.5,9.5,8.5,56.875,24,57.8,10,58.333333333333336,9,0,ENV_YDST_108_HR_2011_2011_2017.csv
2011-06-06,2011,6,6,0,월,0,0,108,18.5,17.5,9.5,8.5,47.0,24,47.7,10,47.77777777777778,9,0,ENV_YDST_108_HR_2011_2011_2017.csv
2011-06-07,2011,6,7,1,화,0,1,108,18.5,17.5,9.5,8.5,51.333333333333336,24,61.8,10,60.888888888888886,9,0,ENV_YDST_108_HR_2011_2011_2017.csv
2011-06-08,2011,6,8,2,수,0,0,108,18.5,17.5,9.5,8.5,53.285714285714285,21,51.8,10,52.44444444444444,9,0,ENV_YDST_108_HR_2011_2011_2017.csv
2011-06-09,2011,6,9,3,목,0,0,108,18.5,17.5,9.5,8.5,40.31578947368421,19,37.9,10,35.666666666666664,9,0,ENV_YDST_108_HR_2011_2011_2017.csv
2011-06-10,2011,6,10,4,금,0,0,108,18.5,17.5,9.5,8.5,61.041666666666664,24,61.6,10,62.44444444444444,9,0,ENV_YDST_108_HR_2011_2011_2017.csv
2011-06-11,2011,6,11,5,토,1,0,108,18.5,17.5,9.5,8.5,53.166666666666664,24,59.7,10,60.22222222222222,9,0,ENV_YDST_108_HR_2011_2011_2017.csv
2011-06-12,2011,6,12,6,일,1,0,108,18.5,17.5,9.5,8.5,58.75,24,60.1,10,60.22222222222222,9,0,ENV_YDST_108_HR_2011_2011_2017.csv
2011-06-13,2011,6,13,0,월,0,0,108,18.5,17.5,9.5,8.5,43.083333333333336,24,47.6,10,47.77777777777778,9,0,ENV_YDST_108_HR_2011_2011_2017.csv
2011-06-14,2011,6,14,1,화,0,1,108,18.5,17.5,9.5,8.5,47.791666666666664,24,52.8,10,52.888888888888886,9,0,ENV_YDST_108_HR_2011_2011_2017.csv
2011-06-15,2011,6,15,2,수,0,0,108,18.5,17.5,9.5,8.5,57.0,24,56.3,10,54.44444444444444,9,0,ENV_YDST_108_HR_2011_2011_2017.csv
2011-06-16,2011,6,16,3,목,0,0,108,18.5,17.5,9.5,8.5,41.041666666666664,24,26.5,10,26.22222222222222,9,0,ENV_YDST_108_HR_2011_2011_2017.csv
2011-06-17,2011,6,17,4,금,0,0,108,18.5,17.5,9.5,8.5,37.208333333333336,24,38.9,10,34.666666666666664,9,0,ENV_YDST_108_HR_2011_2011_2017.csv
2011-06-18,2011,6,18,5,토,1,0,108,18.5,17.5,9.5,8.5,57.375,24,52.5,10,51.888888888888886,9,0,ENV_YDST_108_HR_2011_2011_2017.csv
2011-06-19,2011,6,19,6,일,1,0,108,18.5,17.5,9.5,8.5,52.666666666666664,24,52.4,10,49.333333333333336,9,0,ENV_YDST_108_HR_2011_2011_2017.csv
2011-06-20,2011,6,20,0,월,0,0,108,18.5,17.5,9.5,8.5,69.33333333333333,24,73.1,10,75.44444444444444,9,0,ENV_YDST_108_HR_2011_2011_2017.csv
2011-06-21,2011,6,21,1,화,0,1,108,18.5,17.5,9.5,8.5,45.208333333333336,24,39.8,10,40.333333333333336,9,0,ENV_YDST_108_HR_2011_2011_2017.csv
2011-06-22,2011,6,22,2,수,0,0,108,18.5,17.5,9.5,8.5,33.666666666666664,24,33.9,10,35.55555555555556,9,0,ENV_YDST_108_HR_2011_2011_2017.csv
2011-06-23,2011,6,23,3,목,0,0,108,18.5,17.5,9.5,8.5,17.875,24,15.1,10,14.555555555555555,9,0,ENV_YDST_108_HR_2011_2011_2017.csv
2011-06-24,2011,6,24,4,금,0,0,108,18.5,17.5,9.5,8.5,17.833333333333332,24,12.7,10,12.777777777777779,9,0,ENV_YDST_108_HR_2011_2011_2017.csv
2011-06-25,2011,6,25,5,토,1,0,108,18.5,17.5,9.5,8.5,6.684210526315789,19,7.444444444444445,10,7.625,9,0,ENV_YDST_108_HR_2011_2011_2017.csv
2011-06-26,2011,6,26,6,일,1,0,108,18.5,17.5,9.5,8.5,9.894736842105264,19,13.333333333333334,10,6.25,9,0,ENV_YDST_108_HR_2011_2011_2017.csv
2011-06-27,2011,6,27,0,월,0,0,108,18.5,17.5,9.5,8.5,24.458333333333332,24,31.8,10,31.666666666666668,9,0,ENV_YDST_108_HR_2011_2011_2017.csv
2011-06-28,2011,6,28,1,화,0,1,108,18.5,17.5,9.5,8.5,69.54166666666667,24,77.6,10,78.33333333333333,9,0,ENV_YDST_108_HR_2011_2011_2017.csv
2011-06-29,2011,6,29,2,수,0,0,108,18.5,17.5,9.5,8.5,70.33333333333333,9,,0,,0,0,ENV_YDST_108_HR_2011_2011_2017.csv
2011-06-30,2011,6,30,3,목,0,0,108,18.5,17.5,9.5,8.5,47.916666666666664,24,19.2,10,18.77777777777778,9,0,ENV_YDST_108_HR_2011_2011_2017.csv
2011-07-01,2011,7,1,4,금,0,0,108,18.5,17.5,9.5,8.5,30.833333333333332,24,35.6,10,36.111111111111114,9,0,ENV_YDST_108_HR_2011_2011_2017.csv
2011-07-02,2011,7,2,5,토,1,0,108,18.5,17.5,9.5,8.5,66.54166666666667,24,80.6,10,77.66666666666667,9,0,ENV_YDST_108_HR_2011_2011_2017.csv
2011-07-03,2011,7,3,6,일,1,0,108,18.5,17.5,9.5,8.5,36.11764705882353,17,17.666666666666668,7,17.666666666666668,7,0,ENV_YDST_108_HR_2011_2011_2017.csv
2011-07-04,2011,7,4,0,월,0,0,108,18.5,17.5,9.5,8.5,41.125,24,49.2,10,50.333333333333336,9,0,ENV_YDST_108_HR_2011_2011_2017.csv
2011-07-05,2011,7,5,1,화,0,1,108,18.5,17.5,9.5,8.5,57.041666666666664,24,54.9,10,55.44444444444444,9,0,ENV_YDST_108_HR_2011_2011_2017.csv
2011-07-06,2011,7,6,2,수,0,0,108,18.5,17.5,9.5,8.5,56.541666666666664,24,47.5,10,47.666666666666664,9,0,ENV_YDST_108_HR_2011_2011_2017.csv
2011-07-07,2011,7,7,3,목,0,0,108,18.5,17.5,9.5,8.5,46.91304347826087,23,40.44444444444444,10,40.44444444444444,9,0,ENV_YDST_108_HR_2011_2011_2017.csv
2011-07-08,2011,7,8,4,금,0,0,108,18.5,17.5,9.5,8.5,26.583333333333332,24,29.4,10,30.0,9,0,ENV_YDST_108_HR_2011_2011_2017.csv
2011-07-09,2011,7,9,5,토,1,0,108,18.5,17.5,9.5,8.5,21.82608695652174,23,19.3,10,18.88888888888889,9,0,ENV_YDST_108_HR_2011_2011_2017.csv
2011-07-10,2011,7,10,6,일,1,0,108,18.5,17.5,9.5,8.5,25.0,22,17.5,10,17.5,9,0,ENV_YDST_108_HR_2011_2011_2017.csv
2011-07-11,2011,7,11,0,월,0,0,108,18.5,17.5,9.5,8.5,13.130434782608695,23,13.777777777777779,10,13.625,9,0,ENV_YDST_108_HR_2011_2011_2017.csv
2011-07-12,2011,7,12,1,화,0,1,108,18.5,17.5,9.5,8.5,12.291666666666666,24,9.1,10,8.333333333333334,9,0,ENV_YDST_108_HR_2011_2011_2017.csv
2011-07-13,2011,7,13,2,수,0,0,108,18.5,17.5,9.5,8.5,16.25,24,18.7,10,18.11111111111111,9,0,ENV_YDST_108_HR_2011_2011_2017.csv
2011-07-14,2011,7,14,3,목,0,0,108,18.5,17.5,9.5,8.5,14.8,20,15.375,10,15.285714285714286,9,0,ENV_YDST_108_HR_2011_2011_2017.csv
2011-07-15,2011,7,15,4,금,0,0,108,18.5,17.5,9.5,8.5,19.263157894736842,19,19.875,10,19.875,9,0,ENV_YDST_108_HR_2011_2011_2017.csv
2011-07-16,2011,7,16,5,토,1,0,108,18.5,17.5,9.5,8.5,23.9375,16,18.625,10,18.142857142857142,9,0,ENV_YDST_108_HR_2011_2011_2017.csv
2011-07-17,2011,7,17,6,일,1,0,108,18.5,17.5,9.5,8.5,24.0,18,23.11111111111111,10,22.75,9,0,ENV_YDST_108_HR_2011_2011_2017.csv
2011-07-18,2011,7,18,0,월,0,0,108,18.5,17.5,9.5,8.5,21.1,20,23.125,10,23.125,9,0,ENV_YDST_108_HR_2011_2011_2017.csv
2011-07-19,2011,7,19,1,화,0,1,108,18.5,17.5,9.5,8.5,22.529411764705884,17,17.125,10,17.428571428571427,9,0,ENV_YDST_108_HR_2011_2011_2017.csv
2011-07-20,2011,7,20,2,수,0,0,108,18.5,17.5,9.5,8.5,28.714285714285715,14,29.0,10,29.0,9,0,ENV_YDST_108_HR_2011_2011_2017.csv
2011-07-21,2011,7,21,3,목,0,0,108,18.5,17.5,9.5,8.5,24.6,20,23.4,10,22.22222222222222,9,0,ENV_YDST_108_HR_2011_2011_2017.csv
2011-07-22,2011,7,22,4,금,0,0,108,18.5,17.5,9.5,8.5,39.791666666666664,24,40.6,10,40.333333333333336,9,0,ENV_YDST_108_HR_2011_2011_2017.csv
2011-07-23,2011,7,23,5,토,1,0,108,18.5,17.5,9.5,8.5,60.608695652173914,23,68.0,10,69.875,9,0,ENV_YDST_108_HR_2011_2011_2017.csv
2011-07-24,2011,7,24,6,일,1,0,108,18.5,17.5,9.5,8.5,60.38095238095238,21,59.857142857142854,10,58.333333333333336,9,0,ENV_YDST_108_HR_2011_2011_2017.csv
2011-07-25,2011,7,25,0,월,0,0,108,18.5,17.5,9.5,8.5,36.30434782608695,23,32.333333333333336,10,33.0,9,0,ENV_YDST_108_HR_2011_2011_2017.csv
2011-07-26,2011,7,26,1,화,0,1,108,18.5,17.5,9.5,8.5,46.75,16,43.714285714285715,8,43.714285714285715,8,0,ENV_YDST_108_HR_2011_2011_2017.csv
2011-07-28,2011,7,28,3,목,0,0,108,18.5,17.5,9.5,8.5,,0,,0,,0,0,ENV_YDST_108_HR_2011_2011_2017.csv
2011-07-29,2011,7,29,4,금,0,0,108,18.5,17.5,9.5,8.5,38.76923076923077,13,34.125,10,33.0,9,0,ENV_YDST_108_HR_2011_2011_2017.csv
2011-07-30,2011,7,30,5,토,1,0,108,18.5,17.5,9.5,8.5,45.52173913043478,23,45.2,10,45.888888888888886,9,0,ENV_YDST_108_HR_2011_2011_2017.csv
2011-07-31,2011,7,31,6,일,1,0,108,18.5,17.5,9.5,8.5,31.0,15,41.2,10,41.2,9,0,ENV_YDST_108_HR_2011_2011_2017.csv
2011-08-01,2011,8,1,0,월,0,0,108,18.5,17.5,9.5,8.5,26.0,17,28.714285714285715,10,26.333333333333332,9,0,ENV_YDST_108_HR_2011_2011_2017.csv
2011-08-02,2011,8,2,1,화,0,1,108,18.5,17.5,9.5,8.5,17.0,13,18.666666666666668,10,18.666666666666668,9,0,ENV_YDST_108_HR_2011_2011_2017.csv
2011-08-03,2011,8,3,2,수,0,0,108,18.5,17.5,9.5,8.5,25.181818181818183,22,26.444444444444443,10,26.444444444444443,9,0,ENV_YDST_108_HR_2011_2011_2017.csv
2011-08-04,2011,8,4,3,목,0,0,108,18.5,17.5,9.5,8.5,31.59090909090909,22,31.0,10,32.77777777777778,9,0,ENV_YDST_108_HR_2011_2011_2017.csv
2011-08-05,2011,8,5,4,금,0,0,108,18.5,17.5,9.5,8.5,31.772727272727273,22,30.625,10,28.428571428571427,9,0,ENV_YDST_108_HR_2011_2011_2017.csv
2011-08-06,2011,8,6,5,토,1,0,108,18.5,17.5,9.5,8.5,23.95,20,20.75,10,20.75,9,0,ENV_YDST_108_HR_2011_2011_2017.csv
2011-08-07,2011,8,7,6,일,1,0,108,18.5,17.5,9.5,8.5,18.176470588235293,17,16.857142857142858,10,15.666666666666666,9,0,ENV_YDST_108_HR_2011_2011_2017.csv
2011-08-08,2011,8,8,0,월,0,0,108,18.5,17.5,9.5,8.5,34.0,13,24.6,10,24.6,9,0,ENV_YDST_108_HR_2011_2011_2017.csv
2011-08-09,2011,8,9,1,화,0,1,108,18.5,17.5,9.5,8.5,49.75,20,36.111111111111114,10,39.5,9,0,ENV_YDST_108_HR_2011_2011_2017.csv
2011-08-10,2011,8,10,2,수,0,0,108,18.5,17.5,9.5,8.5,34.82608695652174,23,40.9,10,41.77777777777778,9,0,ENV_YDST_108_HR_2011_2011_2017.csv
2011-08-11,2011,8,11,3,목,0,0,108,18.5,17.5,9.5,8.5,25.083333333333332,24,26.3,10,27.555555555555557,9,0,ENV_YDST_108_HR_2011_2011_2017.csv
2011-08-12,2011,8,12,4,금,0,0,108,18.5,17.5,9.5,8.5,27.954545454545453,22,29.8,10,30.333333333333332,9,0,ENV_YDST_108_HR_2011_2011_2017.csv
2011-08-13,2011,8,13,5,토,1,0,108,18.5,17.5,9.5,8.5,16.7,20,17.88888888888889,10,17.88888888888889,9,0,ENV_YDST_108_HR_2011_2011_2017.csv
2011-08-14,2011,8,14,6,일,1,0,108,18.5,17.5,9.5,8.5,44.25,24,43.2,10,43.666666666666664,9,0,ENV_YDST_108_HR_2011_2011_2017.csv
2011-08-15,2011,8,15,0,월,0,0,108,18.5,17.5,9.5,8.5,53.708333333333336,24,44.2,10,45.888888888888886,9,0,ENV_YDST_108_HR_2011_2011_2017.csv
2011-08-16,2011,8,16,1,화,0,1,108,18.5,17.5,9.5,8.5,68.80952380952381,21,62.7,10,66.11111111111111,9,0,ENV_YDST_108_HR_2011_2011_2017.csv
2011-08-17,2011,8,17,2,수,0,0,108,18.5,17.5,9.5,8.5,28.928571428571427,14,34.625,10,34.625,9,0,ENV_YDST_108_HR_2011_2011_2017.csv
2011-08-18,2011,8,18,3,목,0,0,108,18.5,17.5,9.5,8.5,21.466666666666665,15,22.6,10,25.25,9,0,ENV_YDST_108_HR_2011_2011_2017.csv
2011-08-19,2011,8,19,4,금,0,0,108,18.5,17.5,9.5,8.5,36.2,20,37.857142857142854,10,35.5,9,0,ENV_YDST_108_HR_2011_2011_2017.csv
2011-08-20,2011,8,20,5,토,1,0,108,18.5,17.5,9.5,8.5,50.083333333333336,24,47.7,10,47.333333333333336,9,0,ENV_YDST_108_HR_2011_2011_2017.csv
2011-08-21,2011,8,21,6,일,1,0,108,18.5,17.5,9.5,8.5,27.956521739130434,23,24.0,10,23.77777777777778,9,0,ENV_YDST_108_HR_2011_2011_2017.csv
2011-08-22,2011,8,22,0,월,0,0,108,18.5,17.5,9.5,8.5,37.34782608695652,23,36.4,10,35.666666666666664,9,0,ENV_YDST_108_HR_2011_2011_2017.csv
2011-08-23,2011,8,23,1,화,0,1,108,18.5,17.5,9.5,8.5,25.652173913043477,23,33.6,10,35.666666666666664,9,0,ENV_YDST_108_HR_2011_2011_2017.csv
2011-08-24,2011,8,24,2,수,0,0,108,18.5,17.5,9.5,8.5,18.952380952380953,21,20.875,10,21.857142857142858,9,0,ENV_YDST_108_HR_2011_2011_2017.csv
2011-08-25,2011,8,25,3,목,0,0,108,18.5,17.5,9.5,8.5,25.9,20,23.666666666666668,10,22.125,9,0,ENV_YDST_108_HR_2011_2011_2017.csv
2011-08-26,2011,8,26,4,금,0,0,108,18.5,17.5,9.5,8.5,18.941176470588236,17,16.0,10,16.0,9,0,ENV_YDST_108_HR_2011_2011_2017.csv
2011-08-27,2011,8,27,5,토,1,0,108,18.5,17.5,9.5,8.5,25.8,15,23.333333333333332,10,23.333333333333332,9,0,ENV_YDST_108_HR_2011_2011_2017.csv
2011-08-28,2011,8,28,6,일,1,0,108,18.5,17.5,9.5,8.5,33.85,20,31.25,10,30.428571428571427,9,0,ENV_YDST_108_HR_2011_2011_2017.csv
2011-08-29,2011,8,29,0,월,0,0,108,18.5,17.5,9.5,8.5,49.36363636363637,22,55.888888888888886,10,57.0,9,0,ENV_YDST_108_HR_2011_2011_2017.csv
2011-08-30,2011,8,30,1,화,0,1,108,18.5,17.5,9.5,8.5,38.36363636363637,22,38.0,10,38.0,9,0,ENV_YDST_108_HR_2011_2011_2017.csv
2011-08-31,2011,8,31,2,수,0,0,108,18.5,17.5,9.5,8.5,30.291666666666668,24,33.4,10,35.0,9,0,ENV_YDST_108_HR_2011_2011_2017.csv
2011-09-01,2011,9,1,3,목,0,0,108,18.0,17.0,9.0,8.0,42.78260869565217,23,47.5,9,44.714285714285715,8,0,ENV_YDST_108_HR_2011_2011_2017.csv
2011-09-02,2011,9,2,4,금,0,0,108,18.0,17.0,9.0,8.0,43.22727272727273,22,37.875,9,39.285714285714285,8,0,ENV_YDST_108_HR_2011_2011_2017.csv
2011-09-03,2011,9,3,5,토,1,0,108,18.0,17.0,9.0,8.0,22.785714285714285,14,23.333333333333332,9,20.6,8,0,ENV_YDST_108_HR_2011_2011_2017.csv
2011-09-04,2011,9,4,6,일,1,0,108,18.0,17.0,9.0,8.0,19.26086956521739,23,20.0,9,18.375,8,0,ENV_YDST_108_HR_2011_2011_2017.csv
2011-09-05,2011,9,5,0,월,0,0,108,18.0,17.0,9.0,8.0,28.4,20,25.285714285714285,9,26.833333333333332,8,0,ENV_YDST_108_HR_2011_2011_2017.csv
2011-09-06,2011,9,6,1,화,0,1,108,18.0,17.0,9.0,8.0,42.72727272727273,22,50.0,9,50.375,8,0,ENV_YDST_108_HR_2011_2011_2017.csv
2011-09-07,2011,9,7,2,수,0,0,108,18.0,17.0,9.0,8.0,45.470588235294116,17,59.0,9,59.0,8,0,ENV_YDST_108_HR_2011_2011_2017.csv
2011-09-08,2011,9,8,3,목,0,0,108,18.0,17.0,9.0,8.0,33.75,12,45.333333333333336,6,59.5,5,0,ENV_YDST_108_HR_2011_2011_2017.csv
2011-09-09,2011,9,9,4,금,0,0,108,18.0,17.0,9.0,8.0,24.666666666666668,12,27.666666666666668,9,27.0,8,0,ENV_YDST_108_HR_2011_2011_2017.csv
2011-09-10,2011,9,10,5,토,1,0,108,18.0,17.0,9.0,8.0,29.36842105263158,19,32.44444444444444,9,33.125,8,0,ENV_YDST_108_HR_2011_2011_2017.csv
2011-09-11,2011,9,11,6,일,1,0,108,18.0,17.0,9.0,8.0,22.625,8,19.25,9,19.25,8,0,ENV_YDST_108_HR_2011_2011_2017.csv
2011-09-12,2011,9,12,0,월,0,0,108,18.0,17.0,9.0,8.0,19.266666666666666,15,20.0,9,18.5,8,0,ENV_YDST_108_HR_2011_2011_2017.csv
2011-09-13,2011,9,13,1,화,0,1,108,18.0,17.0,9.0,8.0,23.35,20,22.142857142857142,9,21.333333333333332,8,0,ENV_YDST_108_HR_2011_2011_2017.csv
2011-09-14,2011,9,14,2,수,0,0,108,18.0,17.0,9.0,8.0,30.454545454545453,22,30.0,9,29.875,8,0,ENV_YDST_108_HR_2011_2011_2017.csv
2011-09-15,2011,9,15,3,목,0,0,108,18.0,17.0,9.0,8.0,30.391304347826086,23,29.11111111111111,9,29.625,8,0,ENV_YDST_108_HR_2011_2011_2017.csv
2011-09-16,2011,9,16,4,금,0,0,108,18.0,17.0,9.0,8.0,42.77272727272727,22,46.44444444444444,9,46.75,8,0,ENV_YDST_108_HR_2011_2011_2017.csv
2011-09-17,2011,9,17,5,토,1,0,108,18.0,17.0,9.0,8.0,37.904761904761905,21,41.0,9,40.625,8,0,ENV_YDST_108_HR_2011_2011_2017.csv
2011-09-18,2011,9,18,6,일,1,0,108,18.0,17.0,9.0,8.0,14.416666666666666,12,14.4,9,14.4,8,0,ENV_YDST_108_HR_2011_2011_2017.csv
2011-09-19,2011,9,19,0,월,0,0,108,18.0,17.0,9.0,8.0,17.05,20,16.0,9,16.5,8,0,ENV_YDST_108_HR_2011_2011_2017.csv
2011-09-20,2011,9,20,1,화,0,1,108,18.0,17.0,9.0,8.0,14.0,19,16.428571428571427,9,16.428571428571427,8,0,ENV_YDST_108_HR_2011_2011_2017.csv
2011-09-21,2011,9,21,2,수,0,0,108,18.0,17.0,9.0,8.0,19.294117647058822,17,24.5,9,24.333333333333332,8,0,ENV_YDST_108_HR_2011_2011_2017.csv
2011-09-22,2011,9,22,3,목,0,0,108,18.0,17.0,9.0,8.0,24.533333333333335,15,28.375,9,28.375,8,0,ENV_YDST_108_HR_2011_2011_2017.csv
2011-09-23,2011,9,23,4,금,0,0,108,18.0,17.0,9.0,8.0,48.0,12,41.875,9,41.875,8,0,ENV_YDST_108_HR_2011_2011_2017.csv
2011-09-24,2011,9,24,5,토,1,0,108,18.0,17.0,9.0,8.0,51.04545454545455,22,43.0,9,43.857142857142854,8,0,ENV_YDST_108_HR_2011_2011_2017.csv
2011-09-25,2011,9,25,6,일,1,0,108,18.0,17.0,9.0,8.0,54.958333333333336,24,52.22222222222222,9,51.75,8,0,ENV_YDST_108_HR_2011_2011_2017.csv
2011-09-26,2011,9,26,0,월,0,0,108,18.0,17.0,9.0,8.0,51.916666666666664,24,53.0,9,52.75,8,0,ENV_YDST_108_HR_2011_2011_2017.csv
2011-09-27,2011,9,27,1,화,0,1,108,18.0,17.0,9.0,8.0,39.25,24,36.333333333333336,9,37.125,8,0,ENV_YDST_108_HR_2011_2011_2017.csv
2011-09-28,2011,9,28,2,수,0,0,108,18.0,17.0,9.0,8.0,23.541666666666668,24,20.555555555555557,9,21.5,8,0,ENV_YDST_108_HR_2011_2011_2017.csv
2011-09-29,2011,9,29,3,목,0,0,108,18.0,17.0,9.0,8.0,17.714285714285715,21,15.571428571428571,9,16.0,8,0,ENV_YDST_108_HR_2011_2011_2017.csv
2011-09-30,2011,9,30,4,금,0,0,108,18.0,17.0,9.0,8.0,23.583333333333332,24,16.77777777777778,9,17.5,8,0,ENV_YDST_108_HR_2011_2011_2017.csv
2011-10-01,2011,10,1,5,토,1,0,108,18.0,17.0,9.0,8.0,21.91304347826087,23,23.444444444444443,9,23.875,8,0,ENV_YDST_108_HR_2011_2011_2017.csv
2011-10-02,2011,10,2,6,일,1,0,108,18.0,17.0,9.0,8.0,22.09090909090909,22,22.0,9,21.375,8,0,ENV_YDST_108_HR_2011_2011_2017.csv
2011-10-03,2011,10,3,0,월,0,0,108,18.0,17.0,9.0,8.0,26.565217391304348,23,27.555555555555557,9,27.375,8,0,ENV_YDST_108_HR_2011_2011_2017.csv
2011-10-04,2011,10,4,1,화,0,1,108,18.0,17.0,9.0,8.0,31.782608695652176,23,37.22222222222222,9,36.0,8,0,ENV_YDST_108_HR_2011_2011_2017.csv
2011-10-05,2011,10,5,2,수,0,0,108,18.0,17.0,9.0,8.0,44.27272727272727,22,50.5,9,50.57142857142857,8,0,ENV_YDST_108_HR_2011_2011_2017.csv
2011-10-06,2011,10,6,3,목,0,0,108,18.0,17.0,9.0,8.0,49.458333333333336,24,55.666666666666664,9,59.625,8,0,ENV_YDST_108_HR_2011_2011_2017.csv
2011-10-07,2011,10,7,4,금,0,0,108,18.0,17.0,9.0,8.0,51.5,24,50.333333333333336,9,50.125,8,0,ENV_YDST_108_HR_2011_2011_2017.csv
2011-10-08,2011,10,8,5,토,1,0,108,18.0,17.0,9.0,8.0,53.166666666666664,24,54.0,9,55.875,8,0,ENV_YDST_108_HR_2011_2011_2017.csv
2011-10-09,2011,10,9,6,일,1,0,108,18.0,17.0,9.0,8.0,52.25,24,49.888888888888886,9,52.375,8,0,ENV_YDST_108_HR_2011_2011_2017.csv
2011-10-10,2011,10,10,0,월,0,0,108,18.0,17.0,9.0,8.0,64.47826086956522,23,63.22222222222222,9,62.25,8,0,ENV_YDST_108_HR_2011_2011_2017.csv
2011-10-11,2011,10,11,1,화,0,1,108,18.0,17.0,9.0,8.0,50.833333333333336,24,47.77777777777778,9,48.375,8,0,ENV_YDST_108_HR_2011_2011_2017.csv
2011-10-12,2011,10,12,2,수,0,0,108,18.0,17.0,9.0,8.0,54.166666666666664,24,66.77777777777777,9,65.875,8,0,ENV_YDST_108_HR_2011_2011_2017.csv
2011-10-13,2011,10,13,3,목,0,0,108,18.0,17.0,9.0,8.0,58.09090909090909,22,60.666666666666664,9,61.75,8,0,ENV_YDST_108_HR_2011_2011_2017.csv
2011-10-14,2011,10,14,4,금,0,0,108,18.0,17.0,9.0,8.0,47.869565217391305,23,34.0,9,34.375,8,0,ENV_YDST_108_HR_2011_2011_2017.csv
2011-10-15,2011,10,15,5,토,1,0,108,18.0,17.0,9.0,8.0,45.46153846153846,13,43.75,5,43.75,5,0,ENV_YDST_108_HR_2011_2011_2017.csv
2011-10-16,2011,10,16,6,일,1,0,108,18.0,17.0,9.0,8.0,22.294117647058822,17,27.88888888888889,9,28.5,8,0,ENV_YDST_108_HR_2011_2011_2017.csv
2011-10-17,2011,10,17,0,월,0,0,108,18.0,17.0,9.0,8.0,29.608695652173914,23,34.666666666666664,9,34.875,8,0,ENV_YDST_108_HR_2011_2011_2017.csv
2011-10-18,2011,10,18,1,화,0,1,108,18.0,17.0,9.0,8.0,33.958333333333336,24,36.44444444444444,9,35.375,8,0,ENV_YDST_108_HR_2011_2011_2017.csv
2011-10-19,2011,10,19,2,수,0,0,108,18.0,17.0,9.0,8.0,34.083333333333336,24,33.0,9,33.875,8,0,ENV_YDST_108_HR_2011_2011_2017.csv
2011-10-20,2011,10,20,3,목,0,0,108,18.0,17.0,9.0,8.0,25.17391304347826,23,23.5,9,25.428571428571427,8,0,ENV_YDST_108_HR_2011_2011_2017.csv
2011-10-21,2011,10,21,4,금,0,0,108,18.0,17.0,9.0,8.0,23.17391304347826,23,18.625,9,18.625,8,0,ENV_YDST_108_HR_2011_2011_2017.csv
2011-10-22,2011,10,22,5,토,1,0,108,18.0,17.0,9.0,8.0,21.363636363636363,22,17.714285714285715,9,16.166666666666668,8,0,ENV_YDST_108_HR_2011_2011_2017.csv
2011-10-23,2011,10,23,6,일,1,0,108,18.0,17.0,9.0,8.0,30.88888888888889,18,29.25,9,28.428571428571427,8,0,ENV_YDST_108_HR_2011_2011_2017.csv
2011-10-24,2011,10,24,0,월,0,0,108,18.0,17.0,9.0,8.0,37.5,24,50.44444444444444,9,51.5,8,0,ENV_YDST_108_HR_2011_2011_2017.csv
2011-10-25,2011,10,25,1,화,0,1,108,18.0,17.0,9.0,8.0,19.77777777777778,18,19.0,9,17.2,8,0,ENV_YDST_108_HR_2011_2011_2017.csv
2011-10-26,2011,10,26,2,수,0,0,108,18.0,17.0,9.0,8.0,31.5,16,41.285714285714285,9,42.166666666666664,8,0,ENV_YDST_108_HR_2011_2011_2017.csv
2011-10-27,2011,10,27,3,목,0,0,108,18.0,17.0,9.0,8.0,39.44444444444444,9,17.666666666666668,7,17.666666666666668,6,0,ENV_YDST_108_HR_2011_2011_2017.csv
2011-10-28,2011,10,28,4,금,0,0,108,18.0,17.0,9.0,8.0,48.083333333333336,24,43.333333333333336,9,42.25,8,0,ENV_YDST_108_HR_2011_2011_2017.csv
2011-10-29,2011,10,29,5,토,1,0,108,18.0,17.0,9.0,8.0,41.833333333333336,24,35.888888888888886,9,37.875,8,0,ENV_YDST_108_HR_2011_2011_2017.csv
2011-10-30,2011,10,30,6,일,1,0,108,18.0,17.0,9.0,8.0,35.86363636363637,22,23.0,9,22.5,8,0,ENV_YDST_108_HR_2011_2011_2017.csv
2011-10-31,2011,10,31,0,월,0,0,108,18.0,17.0,9.0,8.0,56.166666666666664,24,62.55555555555556,9,63.375,8,0,ENV_YDST_108_HR_2011_2011_2017.csv
2011-11-01,2011,11,1,1,화,0,1,108,17.0,16.0,8.0,7.0,47.95,20,38.0,8,40.5,7,0,ENV_YDST_108_HR_2011_2011_2017.csv
2011-11-02,2011,11,2,2,수,0,0,108,17.0,16.0,8.0,7.0,55.5,8,41.0,3,,2,0,ENV_YDST_108_HR_2011_2011_2017.csv
2011-11-03,2011,11,3,3,목,0,0,108,17.0,16.0,8.0,7.0,59.416666666666664,24,52.875,8,53.285714285714285,7,0,ENV_YDST_108_HR_2011_2011_2017.csv
2011-11-04,2011,11,4,4,금,0,0,108,17.0,16.0,8.0,7.0,41.75,24,48.625,8,47.857142857142854,7,0,ENV_YDST_108_HR_2011_2011_2017.csv
2011-11-05,2011,11,5,5,토,1,0,108,17.0,16.0,8.0,7.0,19.041666666666668,24,23.625,8,22.571428571428573,7,0,ENV_YDST_108_HR_2011_2011_2017.csv
2011-11-06,2011,11,6,6,일,1,0,108,17.0,16.0,8.0,7.0,10.578947368421053,19,8.833333333333334,8,8.6,7,0,ENV_YDST_108_HR_2011_2011_2017.csv
2011-11-07,2011,11,7,0,월,0,0,108,17.0,16.0,8.0,7.0,21.857142857142858,21,25.714285714285715,8,23.666666666666668,7,0,ENV_YDST_108_HR_2011_2011_2017.csv
2011-11-08,2011,11,8,1,화,0,1,108,17.0,16.0,8.0,7.0,35.93333333333333,15,34.5,6,34.5,6,0,ENV_YDST_108_HR_2011_2011_2017.csv
2011-11-09,2011,11,9,2,수,0,0,108,17.0,16.0,8.0,7.0,25.133333333333333,15,36.0,8,36.0,7,0,ENV_YDST_108_HR_2011_2011_2017.csv
2011-11-10,2011,11,10,3,목,0,0,108,17.0,16.0,8.0,7.0,19.136363636363637,22,20.375,8,20.571428571428573,7,0,ENV_YDST_108_HR_2011_2011_2017.csv
2011-11-11,2011,11,11,4,금,0,0,108,17.0,16.0,8.0,7.0,21.833333333333332,24,19.5,8,19.0,7,0,ENV_YDST_108_HR_2011_2011_2017.csv
2011-11-12,2011,11,12,5,토,1,0,108,17.0,16.0,8.0,7.0,47.083333333333336,24,48.875,8,49.0,7,0,ENV_YDST_108_HR_2011_2011_2017.csv
2011-11-13,2011,11,13,6,일,1,0,108,17.0,16.0,8.0,7.0,78.16666666666667,24,67.5,8,69.57142857142857,7,0,ENV_YDST_108_HR_2011_2011_2017.csv
2011-11-14,2011,11,14,0,월,0,0,108,17.0,16.0,8.0,7.0,36.391304347826086,23,43.5,8,44.42857142857143,7,0,ENV_YDST_108_HR_2011_2011_2017.csv
2011-11-15,2011,11,15,1,화,0,1,108,17.0,16.0,8.0,7.0,36.95652173913044,23,44.875,8,44.857142857142854,7,0,ENV_YDST_108_HR_2011_2011_2017.csv
2011-11-16,2011,11,16,2,수,0,0,108,17.0,16.0,8.0,7.0,45.916666666666664,24,47.875,8,50.0,7,0,ENV_YDST_108_HR_2011_2011_2017.csv
2011-11-17,2011,11,17,3,목,0,0,108,17.0,16.0,8.0,7.0,52.40909090909091,22,56.0,8,55.57142857142857,7,0,ENV_YDST_108_HR_2011_2011_2017.csv
2011-11-18,2011,11,18,4,금,0,0,108,17.0,16.0,8.0,7.0,36.041666666666664,24,26.125,8,27.142857142857142,7,0,ENV_YDST_108_HR_2011_2011_2017.csv
2011-11-19,2011,11,19,5,토,1,0,108,17.0,16.0,8.0,7.0,25.55,20,21.4,8,24.25,7,0,ENV_YDST_108_HR_2011_2011_2017.csv
2011-11-20,2011,11,20,6,일,1,0,108,17.0,16.0,8.0,7.0,18.714285714285715,21,17.0,8,17.666666666666668,7,0,ENV_YDST_108_HR_2011_2011_2017.csv
2011-11-21,2011,11,21,0,월,0,0,108,17.0,16.0,8.0,7.0,18.944444444444443,18,19.714285714285715,8,19.714285714285715,7,0,ENV_YDST_108_HR_2011_2011_2017.csv
2011-11-22,2011,11,22,1,화,0,1,108,17.0,16.0,8.0,7.0,32.473684210526315,19,35.875,8,34.142857142857146,7,0,ENV_YDST_108_HR_2011_2011_2017.csv
2011-11-23,2011,11,23,2,수,0,0,108,17.0,16.0,8.0,7.0,31.5,22,35.75,8,37.857142857142854,7,0,ENV_YDST_108_HR_2011_2011_2017.csv
2011-11-24,2011,11,24,3,목,0,0,108,17.0,16.0,8.0,7.0,19.130434782608695,23,20.25,8,20.571428571428573,7,0,ENV_YDST_108_HR_2011_2011_2017.csv
2011-11-25,2011,11,25,4,금,0,0,108,17.0,16.0,8.0,7.0,35.78260869565217,23,45.0,8,43.714285714285715,7,0,ENV_YDST_108_HR_2011_2011_2017.csv
2011-11-26,2011,11,26,5,토,1,0,108,17.0,16.0,8.0,7.0,49.08695652173913,23,50.42857142857143,8,50.333333333333336,7,0,ENV_YDST_108_HR_2011_2011_2017.csv
2011-11-27,2011,11,27,6,일,1,0,108,17.0,16.0,8.0,7.0,37.416666666666664,24,35.75,8,34.42857142857143,7,0,ENV_YDST_108_HR_2011_2011_2017.csv
2011-11-28,2011,11,28,0,월,0,0,108,17.0,16.0,8.0,7.0,40.583333333333336,24,40.75,8,40.285714285714285,7,0,ENV_YDST_108_HR_2011_2011_2017.csv
2011-11-29,2011,11,29,1,화,0,1,108,17.0,16.0,8.0,7.0,41.608695652173914,23,52.625,8,53.857142857142854,7,0,ENV_YDST_108_HR_2011_2011_2017.csv
2011-11-30,2011,11,30,2,수,0,0,108,17.0,16.0,8.0,7.0,9.923076923076923,13,7.8,8,7.8,7,0,ENV_YDST_108_HR_2011_2011_2017.csv
2011-12-01,2011,12,1,3,목,0,0,108,17.0,16.0,8.0,7.0,10.4375,16,9.0,8,9.0,7,0,ENV_YDST_108_HR_2011_2011_2017.csv
2011-12-02,2011,12,2,4,금,0,0,108,17.0,16.0,8.0,7.0,14.35,20,16.0,8,16.0,7,0,ENV_YDST_108_HR_2011_2011_2017.csv
2011-12-03,2011,12,3,5,토,1,0,108,17.0,16.0,8.0,7.0,12.421052631578947,19,16.0,8,16.0,7,0,ENV_YDST_108_HR_2011_2011_2017.csv
2011-12-04,2011,12,4,6,일,1,0,108,17.0,16.0,8.0,7.0,31.545454545454547,22,46.125,8,46.142857142857146,7,0,ENV_YDST_108_HR_2011_2011_2017.csv
2011-12-05,2011,12,5,0,월,0,0,108,17.0,16.0,8.0,7.0,26.375,24,21.0,8,19.714285714285715,7,0,ENV_YDST_108_HR_2011_2011_2017.csv
2011-12-06,2011,12,6,1,화,0,1,108,17.0,16.0,8.0,7.0,34.5,24,32.375,8,32.857142857142854,7,0,ENV_YDST_108_HR_2011_2011_2017.csv
2011-12-07,2011,12,7,2,수,0,0,108,17.0,16.0,8.0,7.0,62.833333333333336,24,61.75,8,63.42857142857143,7,0,ENV_YDST_108_HR_2011_2011_2017.csv
2011-12-08,2011,12,8,3,목,0,0,108,17.0,16.0,8.0,7.0,57.75,24,55.0,8,55.857142857142854,7,0,ENV_YDST_108_HR_2011_2011_2017.csv
2011-12-09,2011,12,9,4,금,0,0,108,17.0,16.0,8.0,7.0,34.791666666666664,24,33.125,8,32.285714285714285,7,0,ENV_YDST_108_HR_2011_2011_2017.csv
2011-12-10,2011,12,10,5,토,1,0,108,17.0,16.0,8.0,7.0,26.26086956521739,23,28.125,8,27.428571428571427,7,0,ENV_YDST_108_HR_2011_2011_2017.csv
2011-12-11,2011,12,11,6,일,1,0,108,17.0,16.0,8.0,7.0,36.608695652173914,23,35.0,8,35.57142857142857,7,0,ENV_YDST_108_HR_2011_2011_2017.csv
2011-12-12,2011,12,12,0,월,0,0,108,17.0,16.0,8.0,7.0,44.5,24,40.0,8,43.285714285714285,7,0,ENV_YDST_108_HR_2011_2011_2017.csv
2011-12-13,2011,12,13,1,화,0,1,108,17.0,16.0,8.0,7.0,43.666666666666664,24,44.375,8,44.57142857142857,7,0,ENV_YDST_108_HR_2011_2011_2017.csv
2011-12-14,2011,12,14,2,수,0,0,108,17.0,16.0,8.0,7.0,66.21739130434783,23,68.25,8,70.85714285714286,7,0,ENV_YDST_108_HR_2011_2011_2017.csv
2011-12-15,2011,12,15,3,목,0,0,108,17.0,16.0,8.0,7.0,26.208333333333332,24,21.0,8,21.571428571428573,7,0,ENV_YDST_108_HR_2011_2011_2017.csv
2011-12-16,2011,12,16,4,금,0,0,108,17.0,16.0,8.0,7.0,31.833333333333332,24,40.25,8,40.57142857142857,7,0,ENV_YDST_108_HR_2011_2011_2017.csv
2011-12-17,2011,12,17,5,토,1,0,108,17.0,16.0,8.0,7.0,31.875,24,29.5,8,30.714285714285715,7,0,ENV_YDST_108_HR_2011_2011_2017.csv
2011-12-18,2011,12,18,6,일,1,0,108,17.0,16.0,8.0,7.0,35.833333333333336,24,37.125,8,38.0,7,0,ENV_YDST_108_HR_2011_2011_2017.csv
2011-12-19,2011,12,19,0,월,0,0,108,17.0,16.0,8.0,7.0,31.708333333333332,24,34.375,8,35.57142857142857,7,0,ENV_YDST_108_HR_2011_2011_2017.csv
2011-12-20,2011,12,20,1,화,0,1,108,17.0,16.0,8.0,7.0,39.875,24,41.375,8,41.714285714285715,7,0,ENV_YDST_108_HR_2011_2011_2017.csv
2011-12-21,2011,12,21,2,수,0,0,108,17.0,16.0,8.0,7.0,50.583333333333336,24,56.5,8,59.285714285714285,7,0,ENV_YDST_108_HR_2011_2011_2017.csv
2011-12-22,2011,12,22,3,목,0,0,108,17.0,16.0,8.0,7.0,41.208333333333336,24,45.5,8,47.42857142857143,7,0,ENV_YDST_108_HR_2011_2011_2017.csv
2011-12-23,2011,12,23,4,금,0,0,108,17.0,16.0,8.0,7.0,28.666666666666668,24,28.0,8,27.285714285714285,7,0,ENV_YDST_108_HR_2011_2011_2017.csv
2011-12-24,2011,12,24,5,토,1,0,108,17.0,16.0,8.0,7.0,27.0,24,31.25,8,33.0,7,0,ENV_YDST_108_HR_2011_2011_2017.csv
2011-12-25,2011,12,25,6,일,1,0,108,17.0,16.0,8.0,7.0,21.958333333333332,24,18.0,8,18.0,7,0,ENV_YDST_108_HR_2011_2011_2017.csv
2011-12-26,2011,12,26,0,월,0,0,108,17.0,16.0,8.0,7.0,24.958333333333332,24,23.375,8,23.142857142857142,7,0,ENV_YDST_108_HR_2011_2011_2017.csv
2011-12-27,2011,12,27,1,화,0,1,108,17.0,16.0,8.0,7.0,44.25,24,40.375,8,38.714285714285715,7,0,ENV_YDST_108_HR_2011_2011_2017.csv
2011-12-28,2011,12,28,2,수,0,0,108,17.0,16.0,8.0,7.0,64.0,24,62.5,8,62.714285714285715,7,0,ENV_YDST_108_HR_2011_2011_2017.csv
2011-12-29,2011,12,29,3,목,0,0,108,17.0,16.0,8.0,7.0,100.0,15,101.0,6,101.0,6,1,ENV_YDST_108_HR_2011_2011_2017.csv
2011-12-30,2011,12,30,4,금,0,0,108,17.0,16.0,8.0,7.0,91.0,11,91.25,6,91.33333333333333,5,1,ENV_YDST_108_HR_2011_2011_2017.csv
2011-12-31,2011,12,31,5,토,1,0,108,17.0,16.0,8.0,7.0,99.29166666666667,24,102.875,8,105.0,7,1,ENV_YDST_108_HR_2011_2011_2017.csv
2012-01-01,2012,1,1,6,일,1,0,108,17.0,16.0,8.0,7.0,72.41666666666667,24,71.625,8,71.57142857142857,7,0,"ENV_YDST_108_HR_2011_2011_2017.csv,ENV_YDST_108_HR_2012_2012_2017.csv"
2012-01-02,2012,1,2,0,월,0,0,108,17.0,16.0,8.0,7.0,88.5,24,97.375,8,97.71428571428571,7,1,ENV_YDST_108_HR_2012_2012_2017.csv
2012-01-03,2012,1,3,1,화,0,1,108,17.0,16.0,8.0,7.0,86.91666666666667,24,86.625,8,89.14285714285714,7,1,ENV_YDST_108_HR_2012_2012_2017.csv
2012-01-04,2012,1,4,2,수,0,0,108,17.0,16.0,8.0,7.0,62.791666666666664,24,67.625,8,70.42857142857143,7,0,ENV_YDST_108_HR_2012_2012_2017.csv
2012-01-05,2012,1,5,3,목,0,0,108,17.0,16.0,8.0,7.0,42.833333333333336,24,39.875,8,42.714285714285715,7,0,ENV_YDST_108_HR_2012_2012_2017.csv
2012-01-06,2012,1,6,4,금,0,0,108,17.0,16.0,8.0,7.0,50.125,24,42.5,8,43.285714285714285,7,0,ENV_YDST_108_HR_2012_2012_2017.csv
2012-01-07,2012,1,7,5,토,1,0,108,17.0,16.0,8.0,7.0,79.875,24,76.375,8,77.14285714285714,7,0,ENV_YDST_108_HR_2012_2012_2017.csv
2012-01-08,2012,1,8,6,일,1,0,108,17.0,16.0,8.0,7.0,76.45833333333333,24,75.125,8,80.42857142857143,7,0,ENV_YDST_108_HR_2012_2012_2017.csv
2012-01-09,2012,1,9,0,월,0,0,108,17.0,16.0,8.0,7.0,104.125,24,109.625,8,106.42857142857143,7,1,ENV_YDST_108_HR_2012_2012_2017.csv
2012-01-10,2012,1,10,1,화,0,1,108,17.0,16.0,8.0,7.0,85.95833333333333,24,73.625,8,74.57142857142857,7,0,ENV_YDST_108_HR_2012_2012_2017.csv
2012-01-11,2012,1,11,2,수,0,0,108,17.0,16.0,8.0,7.0,56.5,24,59.25,8,60.285714285714285,7,0,ENV_YDST_108_HR_2012_2012_2017.csv
2012-01-12,2012,1,12,3,목,0,0,108,17.0,16.0,8.0,7.0,46.04347826086956,23,50.42857142857143,8,52.833333333333336,7,0,ENV_YDST_108_HR_2012_2012_2017.csv
2012-01-13,2012,1,13,4,금,0,0,108,17.0,16.0,8.0,7.0,57.125,24,88.5,8,91.28571428571429,7,1,ENV_YDST_108_HR_2012_2012_2017.csv
2012-01-14,2012,1,14,5,토,1,0,108,17.0,16.0,8.0,7.0,37.416666666666664,24,48.5,8,50.42857142857143,7,0,ENV_YDST_108_HR_2012_2012_2017.csv
2012-01-15,2012,1,15,6,일,1,0,108,17.0,16.0,8.0,7.0,43.708333333333336,24,46.125,8,47.142857142857146,7,0,ENV_YDST_108_HR_2012_2012_2017.csv
2012-01-16,2012,1,16,0,월,0,0,108,17.0,16.0,8.0,7.0,43.958333333333336,24,41.75,8,44.0,7,0,ENV_YDST_108_HR_2012_2012_2017.csv
2012-01-17,2012,1,17,1,화,0,1,108,17.0,16.0,8.0,7.0,46.333333333333336,24,41.25,8,43.57142857142857,7,0,ENV_YDST_108_HR_2012_2012_2017.csv
2012-01-18,2012,1,18,2,수,0,0,108,17.0,16.0,8.0,7.0,105.125,24,109.375,8,106.57142857142857,7,1,ENV_YDST_108_HR_2012_2012_2017.csv
2012-01-19,2012,1,19,3,목,0,0,108,17.0,16.0,8.0,7.0,47.583333333333336,24,30.0,8,31.714285714285715,7,0,ENV_YDST_108_HR_2012_2012_2017.csv
2012-01-20,2012,1,20,4,금,0,0,108,17.0,16.0,8.0,7.0,14.958333333333334,24,21.625,8,22.428571428571427,7,0,ENV_YDST_108_HR_2012_2012_2017.csv
2012-01-21,2012,1,21,5,토,1,0,108,17.0,16.0,8.0,7.0,39.333333333333336,24,23.625,8,24.0,7,0,ENV_YDST_108_HR_2012_2012_2017.csv
2012-01-22,2012,1,22,6,일,1,0,108,17.0,16.0,8.0,7.0,61.583333333333336,24,37.0,8,37.42857142857143,7,0,ENV_YDST_108_HR_2012_2012_2017.csv
2012-01-23,2012,1,23,0,월,0,0,108,17.0,16.0,8.0,7.0,26.833333333333332,24,21.625,8,22.285714285714285,7,0,ENV_YDST_108_HR_2012_2012_2017.csv
2012-01-24,2012,1,24,1,화,0,1,108,17.0,16.0,8.0,7.0,24.541666666666668,24,19.625,8,20.285714285714285,7,0,ENV_YDST_108_HR_2012_2012_2017.csv
2012-01-25,2012,1,25,2,수,0,0,108,17.0,16.0,8.0,7.0,27.791666666666668,24,23.5,8,24.714285714285715,7,0,ENV_YDST_108_HR_2012_2012_2017.csv
2012-01-26,2012,1,26,3,목,0,0,108,17.0,16.0,8.0,7.0,41.291666666666664,24,40.125,8,37.857142857142854,7,0,ENV_YDST_108_HR_2012_2012_2017.csv
2012-01-27,2012,1,27,4,금,0,0,108,17.0,16.0,8.0,7.0,81.0,24,82.25,8,84.28571428571429,7,1,ENV_YDST_108_HR_2012_2012_2017.csv
2012-01-28,2012,1,28,5,토,1,0,108,17.0,16.0,8.0,7.0,38.125,24,38.375,8,38.142857142857146,7,0,ENV_YDST_108_HR_2012_2012_2017.csv
2012-01-29,2012,1,29,6,일,1,0,108,17.0,16.0,8.0,7.0,43.166666666666664,24,42.0,8,43.285714285714285,7,0,ENV_YDST_108_HR_2012_2012_2017.csv
2012-01-30,2012,1,30,0,월,0,0,108,17.0,16.0,8.0,7.0,35.708333333333336,24,40.25,8,41.142857142857146,7,0,ENV_YDST_108_HR_2012_2012_2017.csv
2012-01-31,2012,1,31,1,화,0,1,108,17.0,16.0,8.0,7.0,40.791666666666664,24,48.625,8,45.0,7,0,ENV_YDST_108_HR_2012_2012_2017.csv
2012-02-01,2012,2,1,2,수,0,0,108,17.0,16.0,8.0,7.0,44.666666666666664,24,40.75,8,43.0,7,0,ENV_YDST_108_HR_2012_2012_2017.csv
2012-02-02,2012,2,2,3,목,0,0,108,17.0,16.0,8.0,7.0,42.625,24,41.75,8,41.142857142857146,7,0,ENV_YDST_108_HR_2012_2012_2017.csv
2012-02-03,2012,2,3,4,금,0,0,108,17.0,16.0,8.0,7.0,34.125,24,34.625,8,35.42857142857143,7,0,ENV_YDST_108_HR_2012_2012_2017.csv
2012-02-04,2012,2,4,5,토,1,0,108,17.0,16.0,8.0,7.0,47.5,24,47.125,8,49.142857142857146,7,0,ENV_YDST_108_HR_2012_2012_2017.csv
2012-02-05,2012,2,5,6,일,1,0,108,17.0,16.0,8.0,7.0,40.166666666666664,24,38.5,8,41.857142857142854,7,0,ENV_YDST_108_HR_2012_2012_2017.csv
2012-02-06,2012,2,6,0,월,0,0,108,17.0,16.0,8.0,7.0,37.541666666666664,24,28.75,8,29.285714285714285,7,0,ENV_YDST_108_HR_2012_2012_2017.csv
2012-02-07,2012,2,7,1,화,0,1,108,17.0,16.0,8.0,7.0,87.08333333333333,24,132.125,8,142.71428571428572,7,1,ENV_YDST_108_HR_2012_2012_2017.csv
2012-02-08,2012,2,8,2,수,0,0,108,17.0,16.0,8.0,7.0,39.666666666666664,24,46.375,8,47.42857142857143,7,0,ENV_YDST_108_HR_2012_2012_2017.csv
2012-02-09,2012,2,9,3,목,0,0,108,17.0,16.0,8.0,7.0,32.333333333333336,24,36.75,8,37.42857142857143,7,0,ENV_YDST_108_HR_2012_2012_2017.csv
2012-02-10,2012,2,10,4,금,0,0,108,17.0,16.0,8.0,7.0,36.291666666666664,24,41.75,8,42.857142857142854,7,0,ENV_YDST_108_HR_2012_2012_2017.csv
2012-02-11,2012,2,11,5,토,1,0,108,17.0,16.0,8.0,7.0,28.333333333333332,24,31.0,8,31.714285714285715,7,0,ENV_YDST_108_HR_2012_2012_2017.csv
2012-02-12,2012,2,12,6,일,1,0,108,17.0,16.0,8.0,7.0,28.375,24,27.25,8,28.571428571428573,7,0,ENV_YDST_108_HR_2012_2012_2017.csv
2012-02-13,2012,2,13,0,월,0,0,108,17.0,16.0,8.0,7.0,39.458333333333336,24,26.25,8,26.428571428571427,7,0,ENV_YDST_108_HR_2012_2012_2017.csv
2012-02-14,2012,2,14,1,화,0,1,108,17.0,16.0,8.0,7.0,73.79166666666667,24,60.625,8,63.714285714285715,7,0,ENV_YDST_108_HR_2012_2012_2017.csv
2012-02-15,2012,2,15,2,수,0,0,108,17.0,16.0,8.0,7.0,59.333333333333336,24,48.25,8,49.0,7,0,ENV_YDST_108_HR_2012_2012_2017.csv
2012-02-16,2012,2,16,3,목,0,0,108,17.0,16.0,8.0,7.0,46.125,24,48.625,8,48.0,7,0,ENV_YDST_108_HR_2012_2012_2017.csv
2012-02-17,2012,2,17,4,금,0,0,108,17.0,16.0,8.0,7.0,41.166666666666664,24,46.375,8,44.57142857142857,7,0,ENV_YDST_108_HR_2012_2012_2017.csv
2012-02-18,2012,2,18,5,토,1,0,108,17.0,16.0,8.0,7.0,37.416666666666664,24,38.125,8,38.285714285714285,7,0,ENV_YDST_108_HR_2012_2012_2017.csv
2012-02-19,2012,2,19,6,일,1,0,108,17.0,16.0,8.0,7.0,30.333333333333332,24,32.0,8,32.42857142857143,7,0,ENV_YDST_108_HR_2012_2012_2017.csv
2012-02-20,2012,2,20,0,월,0,0,108,17.0,16.0,8.0,7.0,42.041666666666664,24,47.375,8,46.285714285714285,7,0,ENV_YDST_108_HR_2012_2012_2017.csv
2012-02-21,2012,2,21,1,화,0,1,108,17.0,16.0,8.0,7.0,74.75,24,76.5,8,74.57142857142857,7,0,ENV_YDST_108_HR_2012_2012_2017.csv
2012-02-22,2012,2,22,2,수,0,0,108,17.0,16.0,8.0,7.0,67.79166666666667,24,53.25,8,55.714285714285715,7,0,ENV_YDST_108_HR_2012_2012_2017.csv
2012-02-23,2012,2,23,3,목,0,0,108,17.0,16.0,8.0,7.0,51.791666666666664,24,42.5,8,43.142857142857146,7,0,ENV_YDST_108_HR_2012_2012_2017.csv
2012-02-24,2012,2,24,4,금,0,0,108,17.0,16.0,8.0,7.0,77.66666666666667,24,52.0,8,49.142857142857146,7,0,ENV_YDST_108_HR_2012_2012_2017.csv
2012-02-25,2012,2,25,5,토,1,0,108,17.0,16.0,8.0,7.0,65.41666666666667,24,54.375,8,59.0,7,0,ENV_YDST_108_HR_2012_2012_2017.csv
2012-02-26,2012,2,26,6,일,1,0,108,17.0,16.0,8.0,7.0,40.291666666666664,24,37.625,8,38.42857142857143,7,0,ENV_YDST_108_HR_2012_2012_2017.csv
2012-02-27,2012,2,27,0,월,0,0,108,17.0,16.0,8.0,7.0,40.166666666666664,24,44.875,8,47.57142857142857,7,0,ENV_YDST_108_HR_2012_2012_2017.csv
2012-02-28,2012,2,28,1,화,0,1,108,17.0,16.0,8.0,7.0,37.958333333333336,24,40.5,8,41.42857142857143,7,0,ENV_YDST_108_HR_2012_2012_2017.csv
2012-02-29,2012,2,29,2,수,0,0,108,17.0,16.0,8.0,7.0,36.5,24,26.875,8,27.285714285714285,7,0,ENV_YDST_108_HR_2012_2012_2017.csv
2012-03-01,2012,3,1,3,목,0,0,108,18.0,17.0,9.0,8.0,46.916666666666664,24,52.666666666666664,9,53.75,8,0,ENV_YDST_108_HR_2012_2012_2017.csv
2012-03-02,2012,3,2,4,금,0,0,108,18.0,17.0,9.0,8.0,43.529411764705884,17,36.833333333333336,7,36.833333333333336,7,0,ENV_YDST_108_HR_2012_2012_2017.csv
2012-03-03,2012,3,3,5,토,1,0,108,18.0,17.0,9.0,8.0,16.125,24,16.666666666666668,9,14.25,8,0,ENV_YDST_108_HR_2012_2012_2017.csv
2012-03-04,2012,3,4,6,일,1,0,108,18.0,17.0,9.0,8.0,15.875,24,15.555555555555555,9,15.625,8,0,ENV_YDST_108_HR_2012_2012_2017.csv
2012-03-05,2012,3,5,0,월,0,0,108,18.0,17.0,9.0,8.0,9.0,24,11.11111111111111,9,11.375,8,0,ENV_YDST_108_HR_2012_2012_2017.csv
2012-03-06,2012,3,6,1,화,0,1,108,18.0,17.0,9.0,8.0,49.791666666666664,24,69.66666666666667,9,61.5,8,0,ENV_YDST_108_HR_2012_2012_2017.csv
2012-03-07,2012,3,7,2,수,0,0,108,18.0,17.0,9.0,8.0,55.083333333333336,24,51.44444444444444,9,51.625,8,0,ENV_YDST_108_HR_2012_2012_2017.csv
2012-03-08,2012,3,8,3,목,0,0,108,18.0,17.0,9.0,8.0,47.041666666666664,24,45.44444444444444,9,47.625,8,0,ENV_YDST_108_HR_2012_2012_2017.csv
2012-03-09,2012,3,9,4,금,0,0,108,18.0,17.0,9.0,8.0,39.208333333333336,24,36.22222222222222,9,36.5,8,0,ENV_YDST_108_HR_2012_2012_2017.csv
2012-03-10,2012,3,10,5,토,1,0,108,18.0,17.0,9.0,8.0,29.416666666666668,24,36.0,9,35.125,8,0,ENV_YDST_108_HR_2012_2012_2017.csv
2012-03-11,2012,3,11,6,일,1,0,108,18.0,17.0,9.0,8.0,36.708333333333336,24,28.555555555555557,9,28.375,8,0,ENV_YDST_108_HR_2012_2012_2017.csv
2012-03-12,2012,3,12,0,월,0,0,108,18.0,17.0,9.0,8.0,25.25,24,23.444444444444443,9,23.75,8,0,ENV_YDST_108_HR_2012_2012_2017.csv
2012-03-13,2012,3,13,1,화,0,1,108,18.0,17.0,9.0,8.0,45.791666666666664,24,60.666666666666664,9,61.5,8,0,ENV_YDST_108_HR_2012_2012_2017.csv
2012-03-14,2012,3,14,2,수,0,0,108,18.0,17.0,9.0,8.0,49.333333333333336,24,39.22222222222222,9,37.125,8,0,ENV_YDST_108_HR_2012_2012_2017.csv
2012-03-15,2012,3,15,3,목,0,0,108,18.0,17.0,9.0,8.0,52.791666666666664,24,37.888888888888886,9,38.75,8,0,ENV_YDST_108_HR_2012_2012_2017.csv
2012-03-16,2012,3,16,4,금,0,0,108,18.0,17.0,9.0,8.0,41.458333333333336,24,49.22222222222222,9,50.875,8,0,ENV_YDST_108_HR_2012_2012_2017.csv
2012-03-17,2012,3,17,5,토,1,0,108,18.0,17.0,9.0,8.0,28.17391304347826,23,32.77777777777778,9,29.75,8,0,ENV_YDST_108_HR_2012_2012_2017.csv
2012-03-18,2012,3,18,6,일,1,0,108,18.0,17.0,9.0,8.0,49.458333333333336,24,49.666666666666664,9,49.125,8,0,ENV_YDST_108_HR_2012_2012_2017.csv
2012-03-19,2012,3,19,0,월,0,0,108,18.0,17.0,9.0,8.0,21.333333333333332,24,17.0,9,16.125,8,0,ENV_YDST_108_HR_2012_2012_2017.csv
2012-03-20,2012,3,20,1,화,0,1,108,18.0,17.0,9.0,8.0,32.916666666666664,24,37.22222222222222,9,35.0,8,0,ENV_YDST_108_HR_2012_2012_2017.csv
2012-03-21,2012,3,21,2,수,0,0,108,18.0,17.0,9.0,8.0,36.25,24,35.55555555555556,9,35.375,8,0,ENV_YDST_108_HR_2012_2012_2017.csv
2012-03-22,2012,3,22,3,목,0,0,108,18.0,17.0,9.0,8.0,70.95833333333333,24,73.88888888888889,9,69.25,8,0,ENV_YDST_108_HR_2012_2012_2017.csv
2012-03-23,2012,3,23,4,금,0,0,108,18.0,17.0,9.0,8.0,34.21739130434783,23,16.333333333333332,9,17.5,8,0,ENV_YDST_108_HR_2012_2012_2017.csv
2012-03-24,2012,3,24,5,토,1,0,108,18.0,17.0,9.0,8.0,20.041666666666668,24,21.77777777777778,9,22.0,8,0,ENV_YDST_108_HR_2012_2012_2017.csv
2012-03-25,2012,3,25,6,일,1,0,108,18.0,17.0,9.0,8.0,55.5,24,75.0,9,79.625,8,0,ENV_YDST_108_HR_2012_2012_2017.csv
2012-03-26,2012,3,26,0,월,0,0,108,18.0,17.0,9.0,8.0,37.958333333333336,24,45.77777777777778,9,46.875,8,0,ENV_YDST_108_HR_2012_2012_2017.csv
2012-03-27,2012,3,27,1,화,0,1,108,18.0,17.0,9.0,8.0,46.333333333333336,24,44.111111111111114,9,42.875,8,0,ENV_YDST_108_HR_2012_2012_2017.csv
2012-03-28,2012,3,28,2,수,0,0,108,18.0,17.0,9.0,8.0,105.29166666666667,24,113.66666666666667,9,112.0,8,1,ENV_YDST_108_HR_2012_2012_2017.csv
2012-03-29,2012,3,29,3,목,0,0,108,18.0,17.0,9.0,8.0,79.08333333333333,24,68.44444444444444,9,69.0,8,0,ENV_YDST_108_HR_2012_2012_2017.csv
2012-03-30,2012,3,30,4,금,0,0,108,18.0,17.0,9.0,8.0,49.75,24,49.333333333333336,9,48.625,8,0,ENV_YDST_108_HR_2012_2012_2017.csv
2012-03-31,2012,3,31,5,토,1,0,108,18.0,17.0,9.0,8.0,74.16666666666667,24,102.55555555555556,9,90.375,8,1,ENV_YDST_108_HR_2012_2012_2017.csv
2012-04-01,2012,4,1,6,일,1,0,108,18.0,17.0,9.0,8.0,86.70833333333333,24,93.66666666666667,9,93.25,8,1,ENV_YDST_108_HR_2012_2012_2017.csv
2012-04-02,2012,4,2,0,월,0,0,108,18.0,17.0,9.0,8.0,82.25,24,101.55555555555556,9,103.25,8,1,ENV_YDST_108_HR_2012_2012_2017.csv
2012-04-03,2012,4,3,1,화,0,1,108,18.0,17.0,9.0,8.0,21.52173913043478,23,19.25,9,17.428571428571427,8,0,ENV_YDST_108_HR_2012_2012_2017.csv
2012-04-04,2012,4,4,2,수,0,0,108,18.0,17.0,9.0,8.0,77.29166666666667,24,93.22222222222223,9,88.125,8,1,ENV_YDST_108_HR_2012_2012_2017.csv
2012-04-05,2012,4,5,3,목,0,0,108,18.0,17.0,9.0,8.0,43.291666666666664,24,51.44444444444444,9,53.0,8,0,ENV_YDST_108_HR_2012_2012_2017.csv
2012-04-06,2012,4,6,4,금,0,0,108,18.0,17.0,9.0,8.0,34.666666666666664,24,35.44444444444444,9,37.25,8,0,ENV_YDST_108_HR_2012_2012_2017.csv
2012-04-07,2012,4,7,5,토,1,0,108,18.0,17.0,9.0,8.0,36.875,24,34.0,9,33.0,8,0,ENV_YDST_108_HR_2012_2012_2017.csv
2012-04-08,2012,4,8,6,일,1,0,108,18.0,17.0,9.0,8.0,53.75,24,66.0,9,64.625,8,0,ENV_YDST_108_HR_2012_2012_2017.csv
2012-04-09,2012,4,9,0,월,0,0,108,18.0,17.0,9.0,8.0,75.95833333333333,24,79.77777777777777,9,80.125,8,0,ENV_YDST_108_HR_2012_2012_2017.csv
2012-04-10,2012,4,10,1,화,0,1,108,18.0,17.0,9.0,8.0,88.58333333333333,24,93.55555555555556,9,98.25,8,1,ENV_YDST_108_HR_2012_2012_2017.csv
2012-04-11,2012,4,11,2,수,0,0,108,18.0,17.0,9.0,8.0,19.125,24,23.555555555555557,9,22.25,8,0,ENV_YDST_108_HR_2012_2012_2017.csv
2012-04-12,2012,4,12,3,목,0,0,108,18.0,17.0,9.0,8.0,43.833333333333336,24,50.111111111111114,9,49.125,8,0,ENV_YDST_108_HR_2012_2012_2017.csv
2012-04-13,2012,4,13,4,금,0,0,108,18.0,17.0,9.0,8.0,50.916666666666664,24,56.22222222222222,9,56.5,8,0,ENV_YDST_108_HR_2012_2012_2017.csv
2012-04-14,2012,4,14,5,토,1,0,108,18.0,17.0,9.0,8.0,50.75,24,47.333333333333336,9,48.5,8,0,ENV_YDST_108_HR_2012_2012_2017.csv
2012-04-15,2012,4,15,6,일,1,0,108,18.0,17.0,9.0,8.0,36.375,24,38.44444444444444,9,37.875,8,0,ENV_YDST_108_HR_2012_2012_2017.csv
2012-04-16,2012,4,16,0,월,0,0,108,18.0,17.0,9.0,8.0,40.208333333333336,24,47.77777777777778,9,47.25,8,0,ENV_YDST_108_HR_2012_2012_2017.csv
2012-04-17,2012,4,17,1,화,0,1,108,18.0,17.0,9.0,8.0,52.291666666666664,24,57.77777777777778,9,56.375,8,0,ENV_YDST_108_HR_2012_2012_2017.csv
2012-04-18,2012,4,18,2,수,0,0,108,18.0,17.0,9.0,8.0,47.291666666666664,24,44.0,9,44.375,8,0,ENV_YDST_108_HR_2012_2012_2017.csv
2012-04-19,2012,4,19,3,목,0,0,108,18.0,17.0,9.0,8.0,49.166666666666664,24,34.888888888888886,9,34.875,8,0,ENV_YDST_108_HR_2012_2012_2017.csv
2012-04-20,2012,4,20,4,금,0,0,108,18.0,17.0,9.0,8.0,38.125,24,32.0,9,31.5,8,0,ENV_YDST_108_HR_2012_2012_2017.csv
2012-04-21,2012,4,21,5,토,1,0,108,18.0,17.0,9.0,8.0,14.31578947368421,19,10.555555555555555,9,11.375,8,0,ENV_YDST_108_HR_2012_2012_2017.csv
2012-04-22,2012,4,22,6,일,1,0,108,18.0,17.0,9.0,8.0,9.0,17,5.166666666666667,9,4.6,8,0,ENV_YDST_108_HR_2012_2012_2017.csv
2012-04-23,2012,4,23,0,월,0,0,108,18.0,17.0,9.0,8.0,77.66666666666667,24,90.88888888888889,9,85.5,8,1,ENV_YDST_108_HR_2012_2012_2017.csv
2012-04-24,2012,4,24,1,화,0,1,108,18.0,17.0,9.0,8.0,71.91666666666667,24,51.22222222222222,9,51.25,8,0,ENV_YDST_108_HR_2012_2012_2017.csv
2012-04-25,2012,4,25,2,수,0,0,108,18.0,17.0,9.0,8.0,46.666666666666664,24,43.0,9,45.75,8,0,ENV_YDST_108_HR_2012_2012_2017.csv
2012-04-26,2012,4,26,3,목,0,0,108,18.0,17.0,9.0,8.0,22.08695652173913,23,26.11111111111111,9,25.375,8,0,ENV_YDST_108_HR_2012_2012_2017.csv
2012-04-27,2012,4,27,4,금,0,0,108,18.0,17.0,9.0,8.0,41.333333333333336,24,45.666666666666664,9,45.375,8,0,ENV_YDST_108_HR_2012_2012_2017.csv
2012-04-28,2012,4,28,5,토,1,0,108,18.0,17.0,9.0,8.0,42.458333333333336,24,46.888888888888886,9,46.75,8,0,ENV_YDST_108_HR_2012_2012_2017.csv
2012-04-29,2012,4,29,6,일,1,0,108,18.0,17.0,9.0,8.0,46.75,24,44.333333333333336,9,42.375,8,0,ENV_YDST_108_HR_2012_2012_2017.csv
2012-04-30,2012,4,30,0,월,0,0,108,18.0,17.0,9.0,8.0,36.666666666666664,24,35.111111111111114,9,36.625,8,0,ENV_YDST_108_HR_2012_2012_2017.csv
2012-05-01,2012,5,1,1,화,0,1,108,18.0,17.0,9.0,8.0,20.75,24,19.555555555555557,9,18.25,8,0,ENV_YDST_108_HR_2012_2012_2017.csv
2012-05-02,2012,5,2,2,수,0,0,108,18.0,17.0,9.0,8.0,15.375,24,12.777777777777779,9,12.25,8,0,ENV_YDST_108_HR_2012_2012_2017.csv
2012-05-03,2012,5,3,3,목,0,0,108,18.0,17.0,9.0,8.0,10.791666666666666,24,14.222222222222221,9,14.375,8,0,ENV_YDST_108_HR_2012_2012_2017.csv
2012-05-04,2012,5,4,4,금,0,0,108,18.0,17.0,9.0,8.0,44.791666666666664,24,33.888888888888886,9,30.25,8,0,ENV_YDST_108_HR_2012_2012_2017.csv
2012-05-05,2012,5,5,5,토,1,0,108,18.0,17.0,9.0,8.0,87.45833333333333,24,101.44444444444444,9,105.125,8,1,ENV_YDST_108_HR_2012_2012_2017.csv
2012-05-06,2012,5,6,6,일,1,0,108,18.0,17.0,9.0,8.0,52.708333333333336,24,53.77777777777778,9,53.75,8,0,ENV_YDST_108_HR_2012_2012_2017.csv
2012-05-07,2012,5,7,0,월,0,0,108,18.0,17.0,9.0,8.0,54.473684210526315,19,56.75,5,60.666666666666664,4,0,ENV_YDST_108_HR_2012_2012_2017.csv
2012-05-08,2012,5,8,1,화,0,1,108,18.0,17.0,9.0,8.0,61.5,24,58.0,9,57.375,8,0,ENV_YDST_108_HR_2012_2012_2017.csv
2012-05-09,2012,5,9,2,수,0,0,108,18.0,17.0,9.0,8.0,93.79166666666667,24,96.0,9,97.5,8,1,ENV_YDST_108_HR_2012_2012_2017.csv
2012-05-10,2012,5,10,3,목,0,0,108,18.0,17.0,9.0,8.0,57.708333333333336,24,57.77777777777778,9,56.375,8,0,ENV_YDST_108_HR_2012_2012_2017.csv
2012-05-11,2012,5,11,4,금,0,0,108,18.0,17.0,9.0,8.0,23.541666666666668,24,29.555555555555557,9,28.25,8,0,ENV_YDST_108_HR_2012_2012_2017.csv
2012-05-12,2012,5,12,5,토,1,0,108,18.0,17.0,9.0,8.0,38.5,24,40.111111111111114,9,37.625,8,0,ENV_YDST_108_HR_2012_2012_2017.csv
2012-05-13,2012,5,13,6,일,1,0,108,18.0,17.0,9.0,8.0,58.125,24,64.22222222222223,9,63.75,8,0,ENV_YDST_108_HR_2012_2012_2017.csv
2012-05-14,2012,5,14,0,월,0,0,108,18.0,17.0,9.0,8.0,44.958333333333336,24,46.111111111111114,9,48.25,8,0,ENV_YDST_108_HR_2012_2012_2017.csv
2012-05-15,2012,5,15,1,화,0,1,108,18.0,17.0,9.0,8.0,47.791666666666664,24,49.77777777777778,9,50.0,8,0,ENV_YDST_108_HR_2012_2012_2017.csv
2012-05-16,2012,5,16,2,수,0,0,108,18.0,17.0,9.0,8.0,60.916666666666664,24,62.333333333333336,9,63.375,8,0,ENV_YDST_108_HR_2012_2012_2017.csv
2012-05-17,2012,5,17,3,목,0,0,108,18.0,17.0,9.0,8.0,49.8125,16,60.0,5,60.0,5,0,ENV_YDST_108_HR_2012_2012_2017.csv
2012-05-18,2012,5,18,4,금,0,0,108,18.0,17.0,9.0,8.0,47.791666666666664,24,46.0,9,47.5,8,0,ENV_YDST_108_HR_2012_2012_2017.csv
2012-05-19,2012,5,19,5,토,1,0,108,18.0,17.0,9.0,8.0,42.91304347826087,23,42.75,9,45.57142857142857,8,0,ENV_YDST_108_HR_2012_2012_2017.csv
2012-05-20,2012,5,20,6,일,1,0,108,18.0,17.0,9.0,8.0,42.708333333333336,24,49.0,9,48.75,8,0,ENV_YDST_108_HR_2012_2012_2017.csv
2012-05-21,2012,5,21,0,월,0,0,108,18.0,17.0,9.0,8.0,40.875,24,35.333333333333336,9,36.25,8,0,ENV_YDST_108_HR_2012_2012_2017.csv
2012-05-22,2012,5,22,1,화,0,1,108,18.0,17.0,9.0,8.0,37.291666666666664,24,33.77777777777778,9,32.625,8,0,ENV_YDST_108_HR_2012_2012_2017.csv
2012-05-23,2012,5,23,2,수,0,0,108,18.0,17.0,9.0,8.0,41.86363636363637,22,44.333333333333336,9,47.375,8,0,ENV_YDST_108_HR_2012_2012_2017.csv
2012-05-24,2012,5,24,3,목,0,0,108,18.0,17.0,9.0,8.0,53.59090909090909,22,66.11111111111111,9,65.25,8,0,ENV_YDST_108_HR_2012_2012_2017.csv
2012-05-25,2012,5,25,4,금,0,0,108,18.0,17.0,9.0,8.0,61.291666666666664,24,70.88888888888889,9,67.0,8,0,ENV_YDST_108_HR_2012_2012_2017.csv
2012-05-26,2012,5,26,5,토,1,0,108,18.0,17.0,9.0,8.0,72.875,24,54.0,9,55.0,8,0,ENV_YDST_108_HR_2012_2012_2017.csv
2012-05-27,2012,5,27,6,일,1,0,108,18.0,17.0,9.0,8.0,43.56521739130435,23,38.25,9,38.57142857142857,8,0,ENV_YDST_108_HR_2012_2012_2017.csv
2012-05-28,2012,5,28,0,월,0,0,108,18.0,17.0,9.0,8.0,52.09090909090909,22,55.888888888888886,9,55.0,8,0,ENV_YDST_108_HR_2012_2012_2017.csv
2012-05-29,2012,5,29,1,화,0,1,108,18.0,17.0,9.0,8.0,41.541666666666664,24,39.77777777777778,9,39.625,8,0,ENV_YDST_108_HR_2012_2012_2017.csv
2012-05-30,2012,5,30,2,수,0,0,108,18.0,17.0,9.0,8.0,42.52173913043478,23,47.0,9,47.857142857142854,8,0,ENV_YDST_108_HR_2012_2012_2017.csv
2012-05-31,2012,5,31,3,목,0,0,108,18.0,17.0,9.0,8.0,43.5,24,40.22222222222222,9,40.75,8,0,ENV_YDST_108_HR_2012_2012_2017.csv
2012-06-01,2012,6,1,4,금,0,0,108,18.5,17.5,9.5,8.5,50.375,24,48.9,10,50.333333333333336,9,0,ENV_YDST_108_HR_2012_2012_2017.csv
2012-06-02,2012,6,2,5,토,1,0,108,18.5,17.5,9.5,8.5,45.375,24,50.1,10,46.44444444444444,9,0,ENV_YDST_108_HR_2012_2012_2017.csv
2012-06-03,2012,6,3,6,일,1,0,108,18.5,17.5,9.5,8.5,43.5,22,39.888888888888886,10,40.5,9,0,ENV_YDST_108_HR_2012_2012_2017.csv
2012-06-04,2012,6,4,0,월,0,0,108,18.5,17.5,9.5,8.5,42.541666666666664,24,45.8,10,46.666666666666664,9,0,ENV_YDST_108_HR_2012_2012_2017.csv
2012-06-05,2012,6,5,1,화,0,1,108,18.5,17.5,9.5,8.5,34.31818181818182,22,38.22222222222222,10,39.0,9,0,ENV_YDST_108_HR_2012_2012_2017.csv
2012-06-06,2012,6,6,2,수,0,0,108,18.5,17.5,9.5,8.5,50.90909090909091,22,54.0,10,50.75,9,0,ENV_YDST_108_HR_2012_2012_2017.csv
2012-06-07,2012,6,7,3,목,0,0,108,18.5,17.5,9.5,8.5,93.20833333333333,24,91.7,10,90.33333333333333,9,1,ENV_YDST_108_HR_2012_2012_2017.csv
2012-06-08,2012,6,8,4,금,0,0,108,18.5,17.5,9.5,8.5,50.875,24,59.7,10,61.77777777777778,9,0,ENV_YDST_108_HR_2012_2012_2017.csv
2012-06-09,2012,6,9,5,토,1,0,108,18.5,17.5,9.5,8.5,48.75,24,48.4,10,46.55555555555556,9,0,ENV_YDST_108_HR_2012_2012_2017.csv
2012-06-10,2012,6,10,6,일,1,0,108,18.5,17.5,9.5,8.5,55.583333333333336,24,50.1,10,50.333333333333336,9,0,ENV_YDST_108_HR_2012_2012_2017.csv
2012-06-11,2012,6,11,0,월,0,0,108,18.5,17.5,9.5,8.5,28.416666666666668,24,29.2,10,28.444444444444443,9,0,ENV_YDST_108_HR_2012_2012_2017.csv
2012-06-12,2012,6,12,1,화,0,1,108,18.5,17.5,9.5,8.5,30.65,20,45.285714285714285,10,46.666666666666664,9,0,ENV_YDST_108_HR_2012_2012_2017.csv
2012-06-13,2012,6,13,2,수,0,0,108,18.5,17.5,9.5,8.5,26.80952380952381,21,29.6,10,27.11111111111111,9,0,ENV_YDST_108_HR_2012_2012_2017.csv
2012-06-14,2012,6,14,3,목,0,0,108,18.5,17.5,9.5,8.5,23.083333333333332,24,24.7,10,24.555555555555557,9,0,ENV_YDST_108_HR_2012_2012_2017.csv
2012-06-15,2012,6,15,4,금,0,0,108,18.5,17.5,9.5,8.5,21.458333333333332,24,26.1,10,26.22222222222222,9,0,ENV_YDST_108_HR_2012_2012_2017.csv
2012-06-16,2012,6,16,5,토,1,0,108,18.5,17.5,9.5,8.5,28.291666666666668,24,30.2,10,29.22222222222222,9,0,ENV_YDST_108_HR_2012_2012_2017.csv
2012-06-17,2012,6,17,6,일,1,0,108,18.5,17.5,9.5,8.5,40.541666666666664,24,33.7,10,33.888888888888886,9,0,ENV_YDST_108_HR_2012_2012_2017.csv
2012-06-18,2012,6,18,0,월,0,0,108,18.5,17.5,9.5,8.5,51.333333333333336,21,65.33333333333333,10,64.0,9,0,ENV_YDST_108_HR_2012_2012_2017.csv
2012-06-19,2012,6,19,1,화,0,1,108,18.5,17.5,9.5,8.5,49.5,12,66.5,3,66.5,3,0,ENV_YDST_108_HR_2012_2012_2017.csv
2012-06-20,2012,6,20,2,수,0,0,108,18.5,17.5,9.5,8.5,21.214285714285715,14,17.666666666666668,5,14.0,4,0,ENV_YDST_108_HR_2012_2012_2017.csv
2012-06-21,2012,6,21,3,목,0,0,108,18.5,17.5,9.5,8.5,49.75,24,53.6,10,52.44444444444444,9,0,ENV_YDST_108_HR_2012_2012_2017.csv
2012-06-22,2012,6,22,4,금,0,0,108,18.5,17.5,9.5,8.5,40.916666666666664,24,42.1,10,43.22222222222222,9,0,ENV_YDST_108_HR_2012_2012_2017.csv
2012-06-23,2012,6,23,5,토,1,0,108,18.5,17.5,9.5,8.5,29.458333333333332,24,34.8,10,34.77777777777778,9,0,ENV_YDST_108_HR_2012_2012_2017.csv
2012-06-24,2012,6,24,6,일,1,0,108,18.5,17.5,9.5,8.5,49.208333333333336,24,59.0,10,58.666666666666664,9,0,ENV_YDST_108_HR_2012_2012_2017.csv
2012-06-25,2012,6,25,0,월,0,0,108,18.5,17.5,9.5,8.5,23.791666666666668,24,24.7,10,24.666666666666668,9,0,ENV_YDST_108_HR_2012_2012_2017.csv
2012-06-26,2012,6,26,1,화,0,1,108,18.5,17.5,9.5,8.5,13.125,24,15.9,10,15.555555555555555,9,0,ENV_YDST_108_HR_2012_2012_2017.csv
2012-06-27,2012,6,27,2,수,0,0,108,18.5,17.5,9.5,8.5,9.91304347826087,23,12.3,10,12.333333333333334,9,0,ENV_YDST_108_HR_2012_2012_2017.csv
2012-06-28,2012,6,28,3,목,0,0,108,18.5,17.5,9.5,8.5,19.375,24,18.4,10,15.555555555555555,9,0,ENV_YDST_108_HR_2012_2012_2017.csv
2012-06-29,2012,6,29,4,금,0,0,108,18.5,17.5,9.5,8.5,37.208333333333336,24,29.2,10,26.333333333333332,9,0,ENV_YDST_108_HR_2012_2012_2017.csv
2012-06-30,2012,6,30,5,토,1,0,108,18.5,17.5,9.5,8.5,11.318181818181818,22,8.875,10,8.285714285714286,9,0,ENV_YDST_108_HR_2012_2012_2017.csv
2012-07-01,2012,7,1,6,일,1,0,108,18.5,17.5,9.5,8.5,46.875,24,44.3,10,42.77777777777778,9,0,ENV_YDST_108_HR_2012_2012_2017.csv
2012-07-02,2012,7,2,0,월,0,0,108,18.5,17.5,9.5,8.5,29.166666666666668,24,27.9,10,27.88888888888889,9,0,ENV_YDST_108_HR_2012_2012_2017.csv
2012-07-03,2012,7,3,1,화,0,1,108,18.5,17.5,9.5,8.5,21.11764705882353,17,21.75,9,21.75,9,0,ENV_YDST_108_HR_2012_2012_2017.csv
2012-07-04,2012,7,4,2,수,0,0,108,18.5,17.5,9.5,8.5,53.69565217391305,23,63.8,10,62.77777777777778,9,0,ENV_YDST_108_HR_2012_2012_2017.csv
2012-07-05,2012,7,5,3,목,0,0,108,18.5,17.5,9.5,8.5,29.5,24,24.2,10,24.88888888888889,9,0,ENV_YDST_108_HR_2012_2012_2017.csv
2012-07-06,2012,7,6,4,금,0,0,108,18.5,17.5,9.5,8.5,9.0,2,,2,,2,0,ENV_YDST_108_HR_2012_2012_2017.csv
2012-07-07,2012,7,7,5,토,1,0,108,18.5,17.5,9.5,8.5,20.565217391304348,23,19.333333333333332,10,18.375,9,0,ENV_YDST_108_HR_2012_2012_2017.csv
2012-07-08,2012,7,8,6,일,1,0,108,18.5,17.5,9.5,8.5,30.916666666666668,24,36.0,10,36.888888888888886,9,0,ENV_YDST_108_HR_2012_2012_2017.csv
2012-07-09,2012,7,9,0,월,0,0,108,18.5,17.5,9.5,8.5,37.583333333333336,24,40.6,10,40.0,9,0,ENV_YDST_108_HR_2012_2012_2017.csv
2012-07-10,2012,7,10,1,화,0,1,108,18.5,17.5,9.5,8.5,43.0,24,45.4,10,45.333333333333336,9,0,ENV_YDST_108_HR_2012_2012_2017.csv
2012-07-11,2012,7,11,2,수,0,0,108,18.5,17.5,9.5,8.5,22.791666666666668,24,19.8,10,18.555555555555557,9,0,ENV_YDST_108_HR_2012_2012_2017.csv
2012-07-12,2012,7,12,3,목,0,0,108,18.5,17.5,9.5,8.5,37.833333333333336,24,38.7,10,37.44444444444444,9,0,ENV_YDST_108_HR_2012_2012_2017.csv
2012-07-13,2012,7,13,4,금,0,0,108,18.5,17.5,9.5,8.5,51.27272727272727,11,35.0,3,35.0,2,0,ENV_YDST_108_HR_2012_2012_2017.csv
2012-07-14,2012,7,14,5,토,1,0,108,18.5,17.5,9.5,8.5,14.8,20,9.625,10,10.0,9,0,ENV_YDST_108_HR_2012_2012_2017.csv
2012-07-15,2012,7,15,6,일,1,0,108,18.5,17.5,9.5,8.5,8.5625,16,9.666666666666666,10,8.2,9,0,ENV_YDST_108_HR_2012_2012_2017.csv
2012-07-16,2012,7,16,0,월,0,0,108,18.5,17.5,9.5,8.5,14.318181818181818,22,12.777777777777779,10,11.0,9,0,ENV_YDST_108_HR_2012_2012_2017.csv
2012-07-17,2012,7,17,1,화,0,1,108,18.5,17.5,9.5,8.5,25.5,24,23.8,10,23.555555555555557,9,0,ENV_YDST_108_HR_2012_2012_2017.csv
2012-07-18,2012,7,18,2,수,0,0,108,18.5,17.5,9.5,8.5,20.91304347826087,23,20.11111111111111,10,21.25,9,0,ENV_YDST_108_HR_2012_2012_2017.csv
2012-07-19,2012,7,19,3,목,0,0,108,18.5,17.5,9.5,8.5,13.826086956521738,23,12.11111111111111,10,11.375,9,0,ENV_YDST_108_HR_2012_2012_2017.csv
2012-07-20,2012,7,20,4,금,0,0,108,18.5,17.5,9.5,8.5,26.434782608695652,23,29.666666666666668,10,28.375,9,0,ENV_YDST_108_HR_2012_2012_2017.csv
2012-07-21,2012,7,21,5,토,1,0,108,18.5,17.5,9.5,8.5,45.208333333333336,24,41.4,10,39.77777777777778,9,0,ENV_YDST_108_HR_2012_2012_2017.csv
2012-07-22,2012,7,22,6,일,1,0,108,18.5,17.5,9.5,8.5,33.833333333333336,24,22.6,10,23.77777777777778,9,0,ENV_YDST_108_HR_2012_2012_2017.csv
2012-07-23,2012,7,23,0,월,0,0,108,18.5,17.5,9.5,8.5,17.454545454545453,22,16.88888888888889,10,17.875,9,0,ENV_YDST_108_HR_2012_2012_2017.csv
2012-07-24,2012,7,24,1,화,0,1,108,18.5,17.5,9.5,8.5,17.0,23,18.7,10,19.333333333333332,9,0,ENV_YDST_108_HR_2012_2012_2017.csv
2012-07-25,2012,7,25,2,수,0,0,108,18.5,17.5,9.5,8.5,21.571428571428573,21,25.555555555555557,10,27.125,9,0,ENV_YDST_108_HR_2012_2012_2017.csv
2012-07-26,2012,7,26,3,목,0,0,108,18.5,17.5,9.5,8.5,20.545454545454547,22,23.6,10,24.444444444444443,9,0,ENV_YDST_108_HR_2012_2012_2017.csv
2012-07-27,2012,7,27,4,금,0,0,108,18.5,17.5,9.5,8.5,30.26086956521739,23,31.8,10,31.88888888888889,9,0,ENV_YDST_108_HR_2012_2012_2017.csv
2012-07-28,2012,7,28,5,토,1,0,108,18.5,17.5,9.5,8.5,27.75,24,28.4,10,27.77777777777778,9,0,ENV_YDST_108_HR_2012_2012_2017.csv
2012-07-29,2012,7,29,6,일,1,0,108,18.5,17.5,9.5,8.5,15.333333333333334,21,14.375,10,14.571428571428571,9,0,ENV_YDST_108_HR_2012_2012_2017.csv
2012-07-30,2012,7,30,0,월,0,0,108,18.5,17.5,9.5,8.5,16.0,11,19.5,2,19.5,2,0,ENV_YDST_108_HR_2012_2012_2017.csv
2012-07-31,2012,7,31,1,화,0,1,108,18.5,17.5,9.5,8.5,20.27777777777778,18,20.11111111111111,10,20.875,9,0,ENV_YDST_108_HR_2012_2012_2017.csv
2012-08-01,2012,8,1,2,수,0,0,108,18.5,17.5,9.5,8.5,29.894736842105264,19,32.625,10,31.285714285714285,9,0,ENV_YDST_108_HR_2012_2012_2017.csv
2012-08-02,2012,8,2,3,목,0,0,108,18.5,17.5,9.5,8.5,16.6,20,18.125,10,19.857142857142858,9,0,ENV_YDST_108_HR_2012_2012_2017.csv
2012-08-03,2012,8,3,4,금,0,0,108,18.5,17.5,9.5,8.5,18.41176470588235,17,20.857142857142858,10,21.833333333333332,9,0,ENV_YDST_108_HR_2012_2012_2017.csv
2012-08-04,2012,8,4,5,토,1,0,108,18.5,17.5,9.5,8.5,22.72222222222222,18,26.714285714285715,10,25.5,9,0,ENV_YDST_108_HR_2012_2012_2017.csv
2012-08-05,2012,8,5,6,일,1,0,108,18.5,17.5,9.5,8.5,21.727272727272727,22,20.8,10,20.77777777777778,9,0,ENV_YDST_108_HR_2012_2012_2017.csv
2012-08-06,2012,8,6,0,월,0,0,108,18.5,17.5,9.5,8.5,25.0,22,27.333333333333332,10,27.375,9,0,ENV_YDST_108_HR_2012_2012_2017.csv
2012-08-07,2012,8,7,1,화,0,1,108,18.5,17.5,9.5,8.5,17.0,18,21.0,10,23.0,9,0,ENV_YDST_108_HR_2012_2012_2017.csv
2012-08-08,2012,8,8,2,수,0,0,108,18.5,17.5,9.5,8.5,26.208333333333332,24,26.9,10,25.22222222222222,9,0,ENV_YDST_108_HR_2012_2012_2017.csv
2012-08-09,2012,8,9,3,목,0,0,108,18.5,17.5,9.5,8.5,38.291666666666664,24,39.4,10,40.0,9,0,ENV_YDST_108_HR_2012_2012_2017.csv
2012-08-10,2012,8,10,4,금,0,0,108,18.5,17.5,9.5,8.5,28.583333333333332,24,35.0,10,36.0,9,0,ENV_YDST_108_HR_2012_2012_2017.csv
2012-08-11,2012,8,11,5,토,1,0,108,18.5,17.5,9.5,8.5,34.608695652173914,23,28.8,10,26.11111111111111,9,0,ENV_YDST_108_HR_2012_2012_2017.csv
2012-08-12,2012,8,12,6,일,1,0,108,18.5,17.5,9.5,8.5,29.45,20,26.625,10,29.857142857142858,9,0,ENV_YDST_108_HR_2012_2012_2017.csv
2012-08-13,2012,8,13,0,월,0,0,108,18.5,17.5,9.5,8.5,18.75,16,21.75,10,20.857142857142858,9,0,ENV_YDST_108_HR_2012_2012_2017.csv
2012-08-14,2012,8,14,1,화,0,1,108,18.5,17.5,9.5,8.5,22.85,20,29.0,10,31.285714285714285,9,0,ENV_YDST_108_HR_2012_2012_2017.csv
2012-08-15,2012,8,15,2,수,0,0,108,18.5,17.5,9.5,8.5,20.5,2,,0,,0,0,ENV_YDST_108_HR_2012_2012_2017.csv
2012-08-16,2012,8,16,3,목,0,0,108,18.5,17.5,9.5,8.5,31.4375,16,28.666666666666668,10,26.125,9,0,ENV_YDST_108_HR_2012_2012_2017.csv
2012-08-17,2012,8,17,4,금,0,0,108,18.5,17.5,9.5,8.5,23.217391304347824,23,19.77777777777778,10,20.875,9,0,ENV_YDST_108_HR_2012_2012_2017.csv
2012-08-18,2012,8,18,5,토,1,0,108,18.5,17.5,9.5,8.5,20.227272727272727,22,17.666666666666668,10,18.25,9,0,ENV_YDST_108_HR_2012_2012_2017.csv
2012-08-19,2012,8,19,6,일,1,0,108,18.5,17.5,9.5,8.5,14.35,20,14.333333333333334,10,14.75,9,0,ENV_YDST_108_HR_2012_2012_2017.csv
2012-08-20,2012,8,20,0,월,0,0,108,18.5,17.5,9.5,8.5,10.166666666666666,18,12.428571428571429,10,12.428571428571429,9,0,ENV_YDST_108_HR_2012_2012_2017.csv
2012-08-21,2012,8,21,1,화,0,1,108,18.5,17.5,9.5,8.5,11.461538461538462,13,11.666666666666666,10,11.666666666666666,9,0,ENV_YDST_108_HR_2012_2012_2017.csv
2012-08-22,2012,8,22,2,수,0,0,108,18.5,17.5,9.5,8.5,25.857142857142858,7,26.5,3,17.0,2,0,ENV_YDST_108_HR_2012_2012_2017.csv
2012-08-23,2012,8,23,3,목,0,0,108,18.5,17.5,9.5,8.5,20.235294117647058,17,10.0,10,10.0,9,0,ENV_YDST_108_HR_2012_2012_2017.csv
2012-08-24,2012,8,24,4,금,0,0,108,18.5,17.5,9.5,8.5,15.833333333333334,18,15.714285714285714,10,15.714285714285714,9,0,ENV_YDST_108_HR_2012_2012_2017.csv
2012-08-25,2012,8,25,5,토,1,0,108,18.5,17.5,9.5,8.5,18.42105263157895,19,23.5,10,23.5,9,0,ENV_YDST_108_HR_2012_2012_2017.csv
2012-08-26,2012,8,26,6,일,1,0,108,18.5,17.5,9.5,8.5,24.90909090909091,22,19.666666666666668,10,20.875,9,0,ENV_YDST_108_HR_2012_2012_2017.csv
2012-08-27,2012,8,27,0,월,0,0,108,18.5,17.5,9.5,8.5,16.31578947368421,19,17.555555555555557,10,18.0,9,0,ENV_YDST_108_HR_2012_2012_2017.csv
2012-08-28,2012,8,28,1,화,0,1,108,18.5,17.5,9.5,8.5,14.85,20,14.333333333333334,10,15.125,9,0,ENV_YDST_108_HR_2012_2012_2017.csv
2012-08-29,2012,8,29,2,수,0,0,108,18.5,17.5,9.5,8.5,37.095238095238095,21,38.55555555555556,10,39.75,9,0,ENV_YDST_108_HR_2012_2012_2017.csv
2012-08-30,2012,8,30,3,목,0,0,108,18.5,17.5,9.5,8.5,32.63636363636363,22,27.375,10,27.375,9,0,ENV_YDST_108_HR_2012_2012_2017.csv
2012-08-31,2012,8,31,4,금,0,0,108,18.5,17.5,9.5,8.5,30.0,21,17.22222222222222,10,16.5,9,0,ENV_YDST_108_HR_2012_2012_2017.csv
2012-09-01,2012,9,1,5,토,1,0,108,18.0,17.0,9.0,8.0,51.65217391304348,23,53.44444444444444,9,53.625,8,0,ENV_YDST_108_HR_2012_2012_2017.csv
2012-09-02,2012,9,2,6,일,1,0,108,18.0,17.0,9.0,8.0,26.869565217391305,23,19.375,9,19.857142857142858,8,0,ENV_YDST_108_HR_2012_2012_2017.csv
2012-09-03,2012,9,3,0,월,0,0,108,18.0,17.0,9.0,8.0,48.583333333333336,24,45.666666666666664,9,45.625,8,0,ENV_YDST_108_HR_2012_2012_2017.csv
2012-09-04,2012,9,4,1,화,0,1,108,18.0,17.0,9.0,8.0,34.0,21,22.11111111111111,9,22.625,8,0,ENV_YDST_108_HR_2012_2012_2017.csv
2012-09-05,2012,9,5,2,수,0,0,108,18.0,17.0,9.0,8.0,19.5,18,22.857142857142858,9,21.833333333333332,8,0,ENV_YDST_108_HR_2012_2012_2017.csv
2012-09-06,2012,9,6,3,목,0,0,108,18.0,17.0,9.0,8.0,28.94736842105263,19,27.857142857142858,9,27.857142857142858,8,0,ENV_YDST_108_HR_2012_2012_2017.csv
2012-09-07,2012,9,7,4,금,0,0,108,18.0,17.0,9.0,8.0,29.125,24,24.88888888888889,9,24.625,8,0,ENV_YDST_108_HR_2012_2012_2017.csv
2012-09-08,2012,9,8,5,토,1,0,108,18.0,17.0,9.0,8.0,14.529411764705882,17,18.25,9,19.0,8,0,ENV_YDST_108_HR_2012_2012_2017.csv
2012-09-09,2012,9,9,6,일,1,0,108,18.0,17.0,9.0,8.0,21.88888888888889,18,22.375,9,20.714285714285715,8,0,ENV_YDST_108_HR_2012_2012_2017.csv
2012-09-10,2012,9,10,0,월,0,0,108,18.0,17.0,9.0,8.0,34.0,22,37.285714285714285,9,37.285714285714285,8,0,ENV_YDST_108_HR_2012_2012_2017.csv
2012-09-11,2012,9,11,1,화,0,1,108,18.0,17.0,9.0,8.0,18.88235294117647,17,21.2,9,19.0,8,0,ENV_YDST_108_HR_2012_2012_2017.csv
2012-09-12,2012,9,12,2,수,0,0,108,18.0,17.0,9.0,8.0,24.363636363636363,22,31.0,9,30.428571428571427,8,0,ENV_YDST_108_HR_2012_2012_2017.csv
2012-09-13,2012,9,13,3,목,0,0,108,18.0,17.0,9.0,8.0,26.90909090909091,22,20.285714285714285,9,20.0,8,0,ENV_YDST_108_HR_2012_2012_2017.csv
2012-09-14,2012,9,14,4,금,0,0,108,18.0,17.0,9.0,8.0,23.695652173913043,23,20.77777777777778,9,20.25,8,0,ENV_YDST_108_HR_2012_2012_2017.csv
2012-09-15,2012,9,15,5,토,1,0,108,18.0,17.0,9.0,8.0,23.857142857142858,21,19.875,9,19.285714285714285,8,0,ENV_YDST_108_HR_2012_2012_2017.csv
2012-09-16,2012,9,16,6,일,1,0,108,18.0,17.0,9.0,8.0,14.444444444444445,18,18.571428571428573,9,19.166666666666668,8,0,ENV_YDST_108_HR_2012_2012_2017.csv
2012-09-17,2012,9,17,0,월,0,0,108,18.0,17.0,9.0,8.0,8.272727272727273,11,6.333333333333333,9,6.333333333333333,8,0,ENV_YDST_108_HR_2012_2012_2017.csv
2012-09-18,2012,9,18,1,화,0,1,108,18.0,17.0,9.0,8.0,30.09090909090909,22,33.0,9,32.75,8,0,ENV_YDST_108_HR_2012_2012_2017.csv
2012-09-19,2012,9,19,2,수,0,0,108,18.0,17.0,9.0,8.0,30.125,24,31.22222222222222,9,31.5,8,0,ENV_YDST_108_HR_2012_2012_2017.csv
2012-09-20,2012,9,20,3,목,0,0,108,18.0,17.0,9.0,8.0,32.666666666666664,12,30.0,6,30.0,6,0,ENV_YDST_108_HR_2012_2012_2017.csv
2012-09-21,2012,9,21,4,금,0,0,108,18.0,17.0,9.0,8.0,53.0,1,,1,,1,0,ENV_YDST_108_HR_2012_2012_2017.csv
2012-09-22,2012,9,22,5,토,1,0,108,18.0,17.0,9.0,8.0,31.916666666666668,24,28.666666666666668,9,29.375,8,0,ENV_YDST_108_HR_2012_2012_2017.csv
2012-09-23,2012,9,23,6,일,1,0,108,18.0,17.0,9.0,8.0,29.59090909090909,22,27.375,9,26.0,8,0,ENV_YDST_108_HR_2012_2012_2017.csv
2012-09-24,2012,9,24,0,월,0,0,108,18.0,17.0,9.0,8.0,27.85,20,28.75,9,28.428571428571427,8,0,ENV_YDST_108_HR_2012_2012_2017.csv
2012-09-25,2012,9,25,1,화,0,1,108,18.0,17.0,9.0,8.0,27.75,24,24.88888888888889,9,24.625,8,0,ENV_YDST_108_HR_2012_2012_2017.csv
2012-09-26,2012,9,26,2,수,0,0,108,18.0,17.0,9.0,8.0,35.04347826086956,23,27.75,9,29.0,8,0,ENV_YDST_108_HR_2012_2012_2017.csv
2012-09-27,2012,9,27,3,목,0,0,108,18.0,17.0,9.0,8.0,27.125,24,20.444444444444443,9,20.25,8,0,ENV_YDST_108_HR_2012_2012_2017.csv
2012-09-28,2012,9,28,4,금,0,0,108,18.0,17.0,9.0,8.0,24.857142857142858,21,28.625,9,30.142857142857142,8,0,ENV_YDST_108_HR_2012_2012_2017.csv
2012-09-29,2012,9,29,5,토,1,0,108,18.0,17.0,9.0,8.0,18.333333333333332,21,14.25,9,14.714285714285714,8,0,ENV_YDST_108_HR_2012_2012_2017.csv
2012-09-30,2012,9,30,6,일,1,0,108,18.0,17.0,9.0,8.0,20.761904761904763,21,20.0,9,19.125,8,0,ENV_YDST_108_HR_2012_2012_2017.csv
2012-10-01,2012,10,1,0,월,0,0,108,18.0,17.0,9.0,8.0,21.318181818181817,22,15.777777777777779,9,15.875,8,0,ENV_YDST_108_HR_2012_2012_2017.csv
2012-10-02,2012,10,2,1,화,0,1,108,18.0,17.0,9.0,8.0,23.8,20,20.833333333333332,9,20.833333333333332,8,0,ENV_YDST_108_HR_2012_2012_2017.csv
2012-10-03,2012,10,3,2,수,0,0,108,18.0,17.0,9.0,8.0,22.583333333333332,24,15.777777777777779,9,15.0,8,0,ENV_YDST_108_HR_2012_2012_2017.csv
2012-10-04,2012,10,4,3,목,0,0,108,18.0,17.0,9.0,8.0,24.82608695652174,23,27.444444444444443,9,27.5,8,0,ENV_YDST_108_HR_2012_2012_2017.csv
2012-10-05,2012,10,5,4,금,0,0,108,18.0,17.0,9.0,8.0,32.958333333333336,24,34.44444444444444,9,34.0,8,0,ENV_YDST_108_HR_2012_2012_2017.csv
2012-10-06,2012,10,6,5,토,1,0,108,18.0,17.0,9.0,8.0,39.833333333333336,24,42.22222222222222,9,41.125,8,0,ENV_YDST_108_HR_2012_2012_2017.csv
2012-10-07,2012,10,7,6,일,1,0,108,18.0,17.0,9.0,8.0,32.72727272727273,22,23.714285714285715,9,23.714285714285715,8,0,ENV_YDST_108_HR_2012_2012_2017.csv
2012-10-08,2012,10,8,0,월,0,0,108,18.0,17.0,9.0,8.0,22.869565217391305,23,22.625,9,22.142857142857142,8,0,ENV_YDST_108_HR_2012_2012_2017.csv
2012-10-09,2012,10,9,1,화,0,1,108,18.0,17.0,9.0,8.0,29.875,24,25.555555555555557,9,23.875,8,0,ENV_YDST_108_HR_2012_2012_2017.csv
2012-10-10,2012,10,10,2,수,0,0,108,18.0,17.0,9.0,8.0,36.30769230769231,13,34.6,5,34.6,5,0,ENV_YDST_108_HR_2012_2012_2017.csv
2012-10-11,2012,10,11,3,목,0,0,108,18.0,17.0,9.0,8.0,18.40909090909091,22,18.22222222222222,9,18.75,8,0,ENV_YDST_108_HR_2012_2012_2017.csv
2012-10-12,2012,10,12,4,금,0,0,108,18.0,17.0,9.0,8.0,33.130434782608695,23,32.25,9,32.25,8,0,ENV_YDST_108_HR_2012_2012_2017.csv
2012-10-13,2012,10,13,5,토,1,0,108,18.0,17.0,9.0,8.0,37.791666666666664,24,39.0,9,37.375,8,0,ENV_YDST_108_HR_2012_2012_2017.csv
2012-10-14,2012,10,14,6,일,1,0,108,18.0,17.0,9.0,8.0,41.416666666666664,24,39.666666666666664,9,39.5,8,0,ENV_YDST_108_HR_2012_2012_2017.csv
2012-10-15,2012,10,15,0,월,0,0,108,18.0,17.0,9.0,8.0,37.791666666666664,24,38.0,9,37.75,8,0,ENV_YDST_108_HR_2012_2012_2017.csv
2012-10-16,2012,10,16,1,화,0,1,108,18.0,17.0,9.0,8.0,34.43478260869565,23,33.5,9,33.42857142857143,8,0,ENV_YDST_108_HR_2012_2012_2017.csv
2012-10-17,2012,10,17,2,수,0,0,108,18.0,17.0,9.0,8.0,21.714285714285715,21,13.666666666666666,9,13.0,8,0,ENV_YDST_108_HR_2012_2012_2017.csv
2012-10-18,2012,10,18,3,목,0,0,108,18.0,17.0,9.0,8.0,22.375,24,23.22222222222222,9,23.375,8,0,ENV_YDST_108_HR_2012_2012_2017.csv
2012-10-19,2012,10,19,4,금,0,0,108,18.0,17.0,9.0,8.0,44.5,24,47.55555555555556,9,46.375,8,0,ENV_YDST_108_HR_2012_2012_2017.csv
2012-10-20,2012,10,20,5,토,1,0,108,18.0,17.0,9.0,8.0,47.458333333333336,24,46.888888888888886,9,48.625,8,0,ENV_YDST_108_HR_2012_2012_2017.csv
2012-10-21,2012,10,21,6,일,1,0,108,18.0,17.0,9.0,8.0,47.541666666666664,24,49.111111111111114,9,47.5,8,0,ENV_YDST_108_HR_2012_2012_2017.csv
2012-10-22,2012,10,22,0,월,0,0,108,18.0,17.0,9.0,8.0,38.21739130434783,23,26.0,9,26.714285714285715,8,0,ENV_YDST_108_HR_2012_2012_2017.csv
2012-10-23,2012,10,23,1,화,0,1,108,18.0,17.0,9.0,8.0,18.958333333333332,24,16.88888888888889,9,16.625,8,0,ENV_YDST_108_HR_2012_2012_2017.csv
2012-10-24,2012,10,24,2,수,0,0,108,18.0,17.0,9.0,8.0,27.708333333333332,24,30.444444444444443,9,31.25,8,0,ENV_YDST_108_HR_2012_2012_2017.csv
2012-10-25,2012,10,25,3,목,0,0,108,18.0,17.0,9.0,8.0,35.375,24,44.888888888888886,9,44.0,8,0,ENV_YDST_108_HR_2012_2012_2017.csv
2012-10-26,2012,10,26,4,금,0,0,108,18.0,17.0,9.0,8.0,54.708333333333336,24,55.333333333333336,9,53.5,8,0,ENV_YDST_108_HR_2012_2012_2017.csv
2012-10-27,2012,10,27,5,토,1,0,108,18.0,17.0,9.0,8.0,31.166666666666668,24,19.555555555555557,9,19.375,8,0,ENV_YDST_108_HR_2012_2012_2017.csv
2012-10-28,2012,10,28,6,일,1,0,108,18.0,17.0,9.0,8.0,29.681818181818183,22,36.44444444444444,9,37.625,8,0,ENV_YDST_108_HR_2012_2012_2017.csv
2012-10-29,2012,10,29,0,월,0,0,108,18.0,17.0,9.0,8.0,35.333333333333336,24,35.22222222222222,9,34.75,8,0,ENV_YDST_108_HR_2012_2012_2017.csv
2012-10-30,2012,10,30,1,화,0,1,108,18.0,17.0,9.0,8.0,49.25,24,57.77777777777778,9,58.25,8,0,ENV_YDST_108_HR_2012_2012_2017.csv
2012-10-31,2012,10,31,2,수,0,0,108,18.0,17.0,9.0,8.0,42.791666666666664,24,36.44444444444444,9,36.625,8,0,ENV_YDST_108_HR_2012_2012_2017.csv
2012-11-01,2012,11,1,3,목,0,0,108,17.0,16.0,8.0,7.0,32.083333333333336,24,34.875,8,36.285714285714285,7,0,ENV_YDST_108_HR_2012_2012_2017.csv
2012-11-02,2012,11,2,4,금,0,0,108,17.0,16.0,8.0,7.0,29.782608695652176,23,22.571428571428573,8,23.0,7,0,ENV_YDST_108_HR_2012_2012_2017.csv
2012-11-03,2012,11,3,5,토,1,0,108,17.0,16.0,8.0,7.0,40.916666666666664,24,42.375,8,43.142857142857146,7,0,ENV_YDST_108_HR_2012_2012_2017.csv
2012-11-04,2012,11,4,6,일,1,0,108,17.0,16.0,8.0,7.0,23.958333333333332,24,19.375,8,20.428571428571427,7,0,ENV_YDST_108_HR_2012_2012_2017.csv
2012-11-05,2012,11,5,0,월,0,0,108,17.0,16.0,8.0,7.0,29.5,24,25.25,8,26.714285714285715,7,0,ENV_YDST_108_HR_2012_2012_2017.csv
2012-11-06,2012,11,6,1,화,0,1,108,17.0,16.0,8.0,7.0,43.833333333333336,24,37.375,8,30.142857142857142,7,0,ENV_YDST_108_HR_2012_2012_2017.csv
2012-11-07,2012,11,7,2,수,0,0,108,17.0,16.0,8.0,7.0,63.333333333333336,24,56.125,8,57.857142857142854,7,0,ENV_YDST_108_HR_2012_2012_2017.csv
2012-11-08,2012,11,8,3,목,0,0,108,17.0,16.0,8.0,7.0,82.33333333333333,24,80.25,8,76.57142857142857,7,0,ENV_YDST_108_HR_2012_2012_2017.csv
2012-11-09,2012,11,9,4,금,0,0,108,17.0,16.0,8.0,7.0,71.83333333333333,24,58.75,8,61.142857142857146,7,0,ENV_YDST_108_HR_2012_2012_2017.csv
2012-11-10,2012,11,10,5,토,1,0,108,17.0,16.0,8.0,7.0,34.458333333333336,24,44.25,8,43.285714285714285,7,0,ENV_YDST_108_HR_2012_2012_2017.csv
2012-11-11,2012,11,11,6,일,1,0,108,17.0,16.0,8.0,7.0,16.529411764705884,17,14.8,8,12.75,7,0,ENV_YDST_108_HR_2012_2012_2017.csv
2012-11-12,2012,11,12,0,월,0,0,108,17.0,16.0,8.0,7.0,34.625,24,34.75,8,34.857142857142854,7,0,ENV_YDST_108_HR_2012_2012_2017.csv
2012-11-13,2012,11,13,1,화,0,1,108,17.0,16.0,8.0,7.0,26.708333333333332,24,21.375,8,21.285714285714285,7,0,ENV_YDST_108_HR_2012_2012_2017.csv
2012-11-14,2012,11,14,2,수,0,0,108,17.0,16.0,8.0,7.0,25.625,24,23.125,8,23.714285714285715,7,0,ENV_YDST_108_HR_2012_2012_2017.csv
2012-11-15,2012,11,15,3,목,0,0,108,17.0,16.0,8.0,7.0,33.0,24,31.25,8,32.285714285714285,7,0,ENV_YDST_108_HR_2012_2012_2017.csv
2012-11-16,2012,11,16,4,금,0,0,108,17.0,16.0,8.0,7.0,45.625,24,50.375,8,55.285714285714285,7,0,ENV_YDST_108_HR_2012_2012_2017.csv
2012-11-17,2012,11,17,5,토,1,0,108,17.0,16.0,8.0,7.0,27.434782608695652,23,27.75,8,30.428571428571427,7,0,ENV_YDST_108_HR_2012_2012_2017.csv
2012-11-18,2012,11,18,6,일,1,0,108,17.0,16.0,8.0,7.0,21.833333333333332,24,17.125,8,16.0,7,0,ENV_YDST_108_HR_2012_2012_2017.csv
2012-11-19,2012,11,19,0,월,0,0,108,17.0,16.0,8.0,7.0,35.5,24,31.25,8,30.142857142857142,7,0,ENV_YDST_108_HR_2012_2012_2017.csv
2012-11-20,2012,11,20,1,화,0,1,108,17.0,16.0,8.0,7.0,42.333333333333336,24,31.875,8,32.0,7,0,ENV_YDST_108_HR_2012_2012_2017.csv
2012-11-21,2012,11,21,2,수,0,0,108,17.0,16.0,8.0,7.0,56.458333333333336,24,57.75,8,56.857142857142854,7,0,ENV_YDST_108_HR_2012_2012_2017.csv
2012-11-22,2012,11,22,3,목,0,0,108,17.0,16.0,8.0,7.0,65.08333333333333,24,61.0,8,61.42857142857143,7,0,ENV_YDST_108_HR_2012_2012_2017.csv
2012-11-23,2012,11,23,4,금,0,0,108,17.0,16.0,8.0,7.0,59.5,24,50.25,8,49.714285714285715,7,0,ENV_YDST_108_HR_2012_2012_2017.csv
2012-11-24,2012,11,24,5,토,1,0,108,17.0,16.0,8.0,7.0,29.333333333333332,24,19.25,8,19.714285714285715,7,0,ENV_YDST_108_HR_2012_2012_2017.csv
2012-11-25,2012,11,25,6,일,1,0,108,17.0,16.0,8.0,7.0,38.416666666666664,24,35.0,8,33.857142857142854,7,0,ENV_YDST_108_HR_2012_2012_2017.csv
2012-11-26,2012,11,26,0,월,0,0,108,17.0,16.0,8.0,7.0,26.958333333333332,24,26.375,8,28.0,7,0,ENV_YDST_108_HR_2012_2012_2017.csv
2012-11-27,2012,11,27,1,화,0,1,108,17.0,16.0,8.0,7.0,25.916666666666668,24,23.375,8,24.714285714285715,7,0,ENV_YDST_108_HR_2012_2012_2017.csv
2012-11-28,2012,11,28,2,수,0,0,108,17.0,16.0,8.0,7.0,113.70833333333333,24,135.5,8,121.57142857142857,7,1,ENV_YDST_108_HR_2012_2012_2017.csv
2012-11-29,2012,11,29,3,목,0,0,108,17.0,16.0,8.0,7.0,31.625,24,32.125,8,33.714285714285715,7,0,ENV_YDST_108_HR_2012_2012_2017.csv
2012-11-30,2012,11,30,4,금,0,0,108,17.0,16.0,8.0,7.0,41.291666666666664,24,48.875,8,46.857142857142854,7,0,ENV_YDST_108_HR_2012_2012_2017.csv
2012-12-01,2012,12,1,5,토,1,0,108,17.0,16.0,8.0,7.0,33.708333333333336,24,33.625,8,34.142857142857146,7,0,ENV_YDST_108_HR_2012_2012_2017.csv
2012-12-02,2012,12,2,6,일,1,0,108,17.0,16.0,8.0,7.0,28.541666666666668,24,30.375,8,28.428571428571427,7,0,ENV_YDST_108_HR_2012_2012_2017.csv
2012-12-03,2012,12,3,0,월,0,0,108,17.0,16.0,8.0,7.0,43.291666666666664,24,43.0,8,47.0,7,0,ENV_YDST_108_HR_2012_2012_2017.csv
2012-12-04,2012,12,4,1,화,0,1,108,17.0,16.0,8.0,7.0,23.291666666666668,24,19.875,8,19.857142857142858,7,0,ENV_YDST_108_HR_2012_2012_2017.csv
2012-12-05,2012,12,5,2,수,0,0,108,17.0,16.0,8.0,7.0,31.083333333333332,24,38.5,8,39.57142857142857,7,0,ENV_YDST_108_HR_2012_2012_2017.csv
2012-12-06,2012,12,6,3,목,0,0,108,17.0,16.0,8.0,7.0,27.291666666666668,24,27.625,8,15.142857142857142,7,0,ENV_YDST_108_HR_2012_2012_2017.csv
2012-12-07,2012,12,7,4,금,0,0,108,17.0,16.0,8.0,7.0,35.166666666666664,24,35.0,8,34.714285714285715,7,0,ENV_YDST_108_HR_2012_2012_2017.csv
2012-12-08,2012,12,8,5,토,1,0,108,17.0,16.0,8.0,7.0,25.291666666666668,24,21.75,8,21.571428571428573,7,0,ENV_YDST_108_HR_2012_2012_2017.csv
2012-12-09,2012,12,9,6,일,1,0,108,17.0,16.0,8.0,7.0,33.333333333333336,24,31.625,8,31.142857142857142,7,0,ENV_YDST_108_HR_2012_2012_2017.csv
2012-12-10,2012,12,10,0,월,0,0,108,17.0,16.0,8.0,7.0,40.04347826086956,23,39.375,8,40.285714285714285,7,0,ENV_YDST_108_HR_2012_2012_2017.csv
2012-12-11,2012,12,11,1,화,0,1,108,17.0,16.0,8.0,7.0,56.416666666666664,24,56.0,8,58.857142857142854,7,0,ENV_YDST_108_HR_2012_2012_2017.csv
2012-12-12,2012,12,12,2,수,0,0,108,17.0,16.0,8.0,7.0,65.45833333333333,24,71.375,8,74.14285714285714,7,0,ENV_YDST_108_HR_2012_2012_2017.csv
2012-12-13,2012,12,13,3,목,0,0,108,17.0,16.0,8.0,7.0,72.875,24,70.25,8,70.85714285714286,7,0,ENV_YDST_108_HR_2012_2012_2017.csv
2012-12-14,2012,12,14,4,금,0,0,108,17.0,16.0,8.0,7.0,38.65217391304348,23,30.857142857142858,8,30.857142857142858,7,0,ENV_YDST_108_HR_2012_2012_2017.csv
2012-12-15,2012,12,15,5,토,1,0,108,17.0,16.0,8.0,7.0,15.217391304347826,23,14.25,8,15.0,7,0,ENV_YDST_108_HR_2012_2012_2017.csv
2012-12-16,2012,12,16,6,일,1,0,108,17.0,16.0,8.0,7.0,46.791666666666664,24,47.5,8,47.57142857142857,7,0,ENV_YDST_108_HR_2012_2012_2017.csv
2012-12-17,2012,12,17,0,월,0,0,108,17.0,16.0,8.0,7.0,63.791666666666664,24,75.625,8,81.0,7,0,ENV_YDST_108_HR_2012_2012_2017.csv
2012-12-18,2012,12,18,1,화,0,1,108,17.0,16.0,8.0,7.0,34.5,24,38.5,8,40.57142857142857,7,0,ENV_YDST_108_HR_2012_2012_2017.csv
2012-12-19,2012,12,19,2,수,0,0,108,17.0,16.0,8.0,7.0,37.958333333333336,24,37.625,8,37.857142857142854,7,0,ENV_YDST_108_HR_2012_2012_2017.csv
2012-12-20,2012,12,20,3,목,0,0,108,17.0,16.0,8.0,7.0,61.541666666666664,24,73.375,8,73.14285714285714,7,0,ENV_YDST_108_HR_2012_2012_2017.csv
2012-12-21,2012,12,21,4,금,0,0,108,17.0,16.0,8.0,7.0,60.75,24,48.875,8,48.857142857142854,7,0,ENV_YDST_108_HR_2012_2012_2017.csv
2012-12-22,2012,12,22,5,토,1,0,108,17.0,16.0,8.0,7.0,62.875,24,74.0,8,73.28571428571429,7,0,ENV_YDST_108_HR_2012_2012_2017.csv
2012-12-23,2012,12,23,6,일,1,0,108,17.0,16.0,8.0,7.0,24.791666666666668,24,20.0,8,20.857142857142858,7,0,ENV_YDST_108_HR_2012_2012_2017.csv
2012-12-24,2012,12,24,0,월,0,0,108,17.0,16.0,8.0,7.0,29.125,24,33.625,8,32.714285714285715,7,0,ENV_YDST_108_HR_2012_2012_2017.csv
2012-12-25,2012,12,25,1,화,0,1,108,17.0,16.0,8.0,7.0,37.375,24,39.25,8,41.57142857142857,7,0,ENV_YDST_108_HR_2012_2012_2017.csv
2012-12-26,2012,12,26,2,수,0,0,108,17.0,16.0,8.0,7.0,31.333333333333332,24,28.625,8,27.428571428571427,7,0,ENV_YDST_108_HR_2012_2012_2017.csv
2012-12-27,2012,12,27,3,목,0,0,108,17.0,16.0,8.0,7.0,46.541666666666664,24,54.625,8,56.714285714285715,7,0,ENV_YDST_108_HR_2012_2012_2017.csv
2012-12-28,2012,12,28,4,금,0,0,108,17.0,16.0,8.0,7.0,42.541666666666664,24,45.875,8,46.714285714285715,7,0,ENV_YDST_108_HR_2012_2012_2017.csv
2012-12-29,2012,12,29,5,토,1,0,108,17.0,16.0,8.0,7.0,51.125,24,53.875,8,50.0,7,0,ENV_YDST_108_HR_2012_2012_2017.csv
2012-12-30,2012,12,30,6,일,1,0,108,17.0,16.0,8.0,7.0,27.583333333333332,24,18.75,8,19.857142857142858,7,0,ENV_YDST_108_HR_2012_2012_2017.csv
2012-12-31,2012,12,31,0,월,0,0,108,17.0,16.0,8.0,7.0,25.791666666666668,24,23.0,8,23.0,7,0,ENV_YDST_108_HR_2012_2012_2017.csv
2013-01-01,2013,1,1,1,화,0,1,108,17.0,16.0,8.0,7.0,40.833333333333336,24,35.0,8,34.285714285714285,7,0,"ENV_YDST_108_HR_2012_2012_2017.csv,ENV_YDST_108_HR_2013_2013_2017.csv"
2013-01-02,2013,1,2,2,수,0,0,108,17.0,16.0,8.0,7.0,22.333333333333332,24,17.625,8,17.714285714285715,7,0,ENV_YDST_108_HR_2013_2013_2017.csv
2013-01-03,2013,1,3,3,목,0,0,108,17.0,16.0,8.0,7.0,30.416666666666668,24,29.25,8,28.714285714285715,7,0,ENV_YDST_108_HR_2013_2013_2017.csv
2013-01-04,2013,1,4,4,금,0,0,108,17.0,16.0,8.0,7.0,40.458333333333336,24,41.25,8,40.57142857142857,7,0,ENV_YDST_108_HR_2013_2013_2017.csv
2013-01-05,2013,1,5,5,토,1,0,108,17.0,16.0,8.0,7.0,53.583333333333336,24,56.125,8,59.0,7,0,ENV_YDST_108_HR_2013_2013_2017.csv
2013-01-06,2013,1,6,6,일,1,0,108,17.0,16.0,8.0,7.0,91.08333333333333,24,95.5,8,95.85714285714286,7,1,ENV_YDST_108_HR_2013_2013_2017.csv
2013-01-07,2013,1,7,0,월,0,0,108,17.0,16.0,8.0,7.0,67.83333333333333,24,76.75,8,79.42857142857143,7,0,ENV_YDST_108_HR_2013_2013_2017.csv
2013-01-08,2013,1,8,1,화,0,1,108,17.0,16.0,8.0,7.0,62.541666666666664,24,66.5,8,69.42857142857143,7,0,ENV_YDST_108_HR_2013_2013_2017.csv
2013-01-09,2013,1,9,2,수,0,0,108,17.0,16.0,8.0,7.0,33.875,24,25.875,8,26.571428571428573,7,0,ENV_YDST_108_HR_2013_2013_2017.csv
2013-01-10,2013,1,10,3,목,0,0,108,17.0,16.0,8.0,7.0,36.5,24,37.5,8,37.0,7,0,ENV_YDST_108_HR_2013_2013_2017.csv
2013-01-11,2013,1,11,4,금,0,0,108,17.0,16.0,8.0,7.0,49.583333333333336,24,47.625,8,48.142857142857146,7,0,ENV_YDST_108_HR_2013_2013_2017.csv
2013-01-12,2013,1,12,5,토,1,0,108,17.0,16.0,8.0,7.0,103.875,24,90.75,8,83.14285714285714,7,1,ENV_YDST_108_HR_2013_2013_2017.csv
2013-01-13,2013,1,13,6,일,1,0,108,17.0,16.0,8.0,7.0,146.66666666666666,24,129.75,8,139.42857142857142,7,1,ENV_YDST_108_HR_2013_2013_2017.csv
2013-01-14,2013,1,14,0,월,0,0,108,17.0,16.0,8.0,7.0,111.125,24,112.75,8,112.71428571428571,7,1,ENV_YDST_108_HR_2013_2013_2017.csv
2013-01-15,2013,1,15,1,화,0,1,108,17.0,16.0,8.0,7.0,112.375,24,103.5,8,102.57142857142857,7,1,ENV_YDST_108_HR_2013_2013_2017.csv
2013-01-16,2013,1,16,2,수,0,0,108,17.0,16.0,8.0,7.0,87.125,24,73.25,8,79.14285714285714,7,0,ENV_YDST_108_HR_2013_2013_2017.csv
2013-01-17,2013,1,17,3,목,0,0,108,17.0,16.0,8.0,7.0,112.75,24,119.0,8,117.0,7,1,ENV_YDST_108_HR_2013_2013_2017.csv
2013-01-18,2013,1,18,4,금,0,0,108,17.0,16.0,8.0,7.0,53.5,24,53.125,8,55.285714285714285,7,0,ENV_YDST_108_HR_2013_2013_2017.csv
2013-01-19,2013,1,19,5,토,1,0,108,17.0,16.0,8.0,7.0,71.83333333333333,24,64.0,8,60.0,7,0,ENV_YDST_108_HR_2013_2013_2017.csv
2013-01-20,2013,1,20,6,일,1,0,108,17.0,16.0,8.0,7.0,107.0,24,107.875,8,109.85714285714286,7,1,ENV_YDST_108_HR_2013_2013_2017.csv
2013-01-21,2013,1,21,0,월,0,0,108,17.0,16.0,8.0,7.0,32.19047619047619,21,18.375,8,20.0,7,0,ENV_YDST_108_HR_2013_2013_2017.csv
2013-01-22,2013,1,22,1,화,0,1,108,17.0,16.0,8.0,7.0,11.458333333333334,24,8.25,8,7.857142857142857,7,0,ENV_YDST_108_HR_2013_2013_2017.csv
2013-01-23,2013,1,23,2,수,0,0,108,17.0,16.0,8.0,7.0,29.458333333333332,24,23.875,8,21.285714285714285,7,0,ENV_YDST_108_HR_2013_2013_2017.csv
2013-01-24,2013,1,24,3,목,0,0,108,17.0,16.0,8.0,7.0,62.0,24,95.0,8,93.57142857142857,7,1,ENV_YDST_108_HR_2013_2013_2017.csv
2013-01-25,2013,1,25,4,금,0,0,108,17.0,16.0,8.0,7.0,28.833333333333332,24,32.125,8,33.285714285714285,7,0,ENV_YDST_108_HR_2013_2013_2017.csv
2013-01-26,2013,1,26,5,토,1,0,108,17.0,16.0,8.0,7.0,29.166666666666668,24,27.75,8,28.0,7,0,ENV_YDST_108_HR_2013_2013_2017.csv
2013-01-27,2013,1,27,6,일,1,0,108,17.0,16.0,8.0,7.0,31.5,24,23.75,8,23.428571428571427,7,0,ENV_YDST_108_HR_2013_2013_2017.csv
2013-01-28,2013,1,28,0,월,0,0,108,17.0,16.0,8.0,7.0,47.56521739130435,23,55.75,8,55.42857142857143,7,0,ENV_YDST_108_HR_2013_2013_2017.csv
2013-01-29,2013,1,29,1,화,0,1,108,17.0,16.0,8.0,7.0,62.916666666666664,24,65.5,8,65.42857142857143,7,0,ENV_YDST_108_HR_2013_2013_2017.csv
2013-01-30,2013,1,30,2,수,0,0,108,17.0,16.0,8.0,7.0,68.625,24,65.25,8,66.57142857142857,7,0,ENV_YDST_108_HR_2013_2013_2017.csv
2013-01-31,2013,1,31,3,목,0,0,108,17.0,16.0,8.0,7.0,71.875,24,64.125,8,64.85714285714286,7,0,ENV_YDST_108_HR_2013_2013_2017.csv
2013-02-01,2013,2,1,4,금,0,0,108,17.0,16.0,8.0,7.0,35.52173913043478,23,16.714285714285715,8,17.5,7,0,ENV_YDST_108_HR_2013_2013_2017.csv
2013-02-02,2013,2,2,5,토,1,0,108,17.0,16.0,8.0,7.0,35.166666666666664,24,31.5,8,33.285714285714285,7,0,ENV_YDST_108_HR_2013_2013_2017.csv
2013-02-03,2013,2,3,6,일,1,0,108,17.0,16.0,8.0,7.0,25.333333333333332,24,30.25,8,30.285714285714285,7,0,ENV_YDST_108_HR_2013_2013_2017.csv
2013-02-04,2013,2,4,0,월,0,0,108,17.0,16.0,8.0,7.0,27.166666666666668,24,21.5,8,18.285714285714285,7,0,ENV_YDST_108_HR_2013_2013_2017.csv
2013-02-05,2013,2,5,1,화,0,1,108,17.0,16.0,8.0,7.0,51.041666666666664,24,52.125,8,53.714285714285715,7,0,ENV_YDST_108_HR_2013_2013_2017.csv
2013-02-06,2013,2,6,2,수,0,0,108,17.0,16.0,8.0,7.0,47.625,24,38.75,8,39.0,7,0,ENV_YDST_108_HR_2013_2013_2017.csv
2013-02-07,2013,2,7,3,목,0,0,108,17.0,16.0,8.0,7.0,38.208333333333336,24,34.75,8,34.714285714285715,7,0,ENV_YDST_108_HR_2013_2013_2017.csv
2013-02-08,2013,2,8,4,금,0,0,108,17.0,16.0,8.0,7.0,38.5,24,37.375,8,36.42857142857143,7,0,ENV_YDST_108_HR_2013_2013_2017.csv
2013-02-09,2013,2,9,5,토,1,0,108,17.0,16.0,8.0,7.0,43.75,24,37.375,8,37.857142857142854,7,0,ENV_YDST_108_HR_2013_2013_2017.csv
2013-02-10,2013,2,10,6,일,1,0,108,17.0,16.0,8.0,7.0,47.041666666666664,24,49.625,8,51.0,7,0,ENV_YDST_108_HR_2013_2013_2017.csv
2013-02-11,2013,2,11,0,월,0,0,108,17.0,16.0,8.0,7.0,28.708333333333332,24,28.125,8,28.714285714285715,7,0,ENV_YDST_108_HR_2013_2013_2017.csv
2013-02-12,2013,2,12,1,화,0,1,108,17.0,16.0,8.0,7.0,35.666666666666664,24,41.0,8,40.57142857142857,7,0,ENV_YDST_108_HR_2013_2013_2017.csv
2013-02-13,2013,2,13,2,수,0,0,108,17.0,16.0,8.0,7.0,46.875,24,51.625,8,50.42857142857143,7,0,ENV_YDST_108_HR_2013_2013_2017.csv
2013-02-14,2013,2,14,3,목,0,0,108,17.0,16.0,8.0,7.0,66.625,24,59.5,8,60.285714285714285,7,0,ENV_YDST_108_HR_2013_2013_2017.csv
2013-02-15,2013,2,15,4,금,0,0,108,17.0,16.0,8.0,7.0,52.625,24,54.25,8,59.42857142857143,7,0,ENV_YDST_108_HR_2013_2013_2017.csv
2013-02-16,2013,2,16,5,토,1,0,108,17.0,16.0,8.0,7.0,34.0,24,33.5,8,34.0,7,0,ENV_YDST_108_HR_2013_2013_2017.csv
2013-02-17,2013,2,17,6,일,1,0,108,17.0,16.0,8.0,7.0,40.708333333333336,24,39.875,8,40.57142857142857,7,0,ENV_YDST_108_HR_2013_2013_2017.csv
2013-02-18,2013,2,18,0,월,0,0,108,17.0,16.0,8.0,7.0,47.708333333333336,24,50.0,8,50.142857142857146,7,0,ENV_YDST_108_HR_2013_2013_2017.csv
2013-02-19,2013,2,19,1,화,0,1,108,17.0,16.0,8.0,7.0,32.5,24,26.625,8,24.428571428571427,7,0,ENV_YDST_108_HR_2013_2013_2017.csv
2013-02-20,2013,2,20,2,수,0,0,108,17.0,16.0,8.0,7.0,31.095238095238095,21,28.5,8,28.714285714285715,7,0,ENV_YDST_108_HR_2013_2013_2017.csv
2013-02-21,2013,2,21,3,목,0,0,108,17.0,16.0,8.0,7.0,34.5,24,30.0,8,28.714285714285715,7,0,ENV_YDST_108_HR_2013_2013_2017.csv
2013-02-22,2013,2,22,4,금,0,0,108,17.0,16.0,8.0,7.0,57.625,24,92.75,8,101.0,7,1,ENV_YDST_108_HR_2013_2013_2017.csv
2013-02-23,2013,2,23,5,토,1,0,108,17.0,16.0,8.0,7.0,37.041666666666664,24,41.875,8,42.857142857142854,7,0,ENV_YDST_108_HR_2013_2013_2017.csv
2013-02-24,2013,2,24,6,일,1,0,108,17.0,16.0,8.0,7.0,43.916666666666664,24,38.25,8,42.0,7,0,ENV_YDST_108_HR_2013_2013_2017.csv
2013-02-25,2013,2,25,0,월,0,0,108,17.0,16.0,8.0,7.0,41.916666666666664,24,41.375,8,41.0,7,0,ENV_YDST_108_HR_2013_2013_2017.csv
2013-02-26,2013,2,26,1,화,0,1,108,17.0,16.0,8.0,7.0,53.791666666666664,24,53.875,8,57.714285714285715,7,0,ENV_YDST_108_HR_2013_2013_2017.csv
2013-02-27,2013,2,27,2,수,0,0,108,17.0,16.0,8.0,7.0,67.58333333333333,24,65.375,8,68.14285714285714,7,0,ENV_YDST_108_HR_2013_2013_2017.csv
2013-02-28,2013,2,28,3,목,0,0,108,17.0,16.0,8.0,7.0,82.58333333333333,24,66.875,8,70.14285714285714,7,0,ENV_YDST_108_HR_2013_2013_2017.csv
2013-03-01,2013,3,1,4,금,0,0,108,18.0,17.0,9.0,8.0,54.291666666666664,24,64.33333333333333,9,66.875,8,0,ENV_YDST_108_HR_2013_2013_2017.csv
2013-03-02,2013,3,2,5,토,1,0,108,18.0,17.0,9.0,8.0,34.208333333333336,24,30.666666666666668,9,30.5,8,0,ENV_YDST_108_HR_2013_2013_2017.csv
2013-03-03,2013,3,3,6,일,1,0,108,18.0,17.0,9.0,8.0,37.0,24,29.88888888888889,9,28.625,8,0,ENV_YDST_108_HR_2013_2013_2017.csv
2013-03-04,2013,3,4,0,월,0,0,108,18.0,17.0,9.0,8.0,69.04166666666667,24,72.55555555555556,9,74.75,8,0,ENV_YDST_108_HR_2013_2013_2017.csv
2013-03-05,2013,3,5,1,화,0,1,108,18.0,17.0,9.0,8.0,88.95833333333333,24,78.66666666666667,9,80.125,8,0,ENV_YDST_108_HR_2013_2013_2017.csv
2013-03-06,2013,3,6,2,수,0,0,108,18.0,17.0,9.0,8.0,75.29166666666667,24,66.22222222222223,9,61.125,8,0,ENV_YDST_108_HR_2013_2013_2017.csv
2013-03-07,2013,3,7,3,목,0,0,108,18.0,17.0,9.0,8.0,133.45833333333334,24,128.66666666666666,9,120.5,8,1,ENV_YDST_108_HR_2013_2013_2017.csv
2013-03-08,2013,3,8,4,금,0,0,108,18.0,17.0,9.0,8.0,135.91666666666666,24,122.0,9,114.0,8,1,ENV_YDST_108_HR_2013_2013_2017.csv
2013-03-09,2013,3,9,5,토,1,0,108,18.0,17.0,9.0,8.0,150.08333333333334,24,146.22222222222223,9,143.5,8,1,ENV_YDST_108_HR_2013_2013_2017.csv
2013-03-10,2013,3,10,6,일,1,0,108,18.0,17.0,9.0,8.0,51.708333333333336,24,31.666666666666668,9,31.0,8,0,ENV_YDST_108_HR_2013_2013_2017.csv
2013-03-11,2013,3,11,0,월,0,0,108,18.0,17.0,9.0,8.0,42.666666666666664,24,39.55555555555556,9,38.625,8,0,ENV_YDST_108_HR_2013_2013_2017.csv
2013-03-12,2013,3,12,1,화,0,1,108,18.0,17.0,9.0,8.0,56.166666666666664,24,52.666666666666664,9,55.25,8,0,ENV_YDST_108_HR_2013_2013_2017.csv
2013-03-13,2013,3,13,2,수,0,0,108,18.0,17.0,9.0,8.0,25.130434782608695,23,21.875,9,19.714285714285715,8,0,ENV_YDST_108_HR_2013_2013_2017.csv
2013-03-14,2013,3,14,3,목,0,0,108,18.0,17.0,9.0,8.0,21.708333333333332,24,26.22222222222222,9,24.875,8,0,ENV_YDST_108_HR_2013_2013_2017.csv
2013-03-15,2013,3,15,4,금,0,0,108,18.0,17.0,9.0,8.0,43.375,24,54.22222222222222,9,51.5,8,0,ENV_YDST_108_HR_2013_2013_2017.csv
2013-03-16,2013,3,16,5,토,1,0,108,18.0,17.0,9.0,8.0,35.541666666666664,24,36.44444444444444,9,34.125,8,0,ENV_YDST_108_HR_2013_2013_2017.csv
2013-03-17,2013,3,17,6,일,1,0,108,18.0,17.0,9.0,8.0,46.375,24,53.111111111111114,9,55.0,8,0,ENV_YDST_108_HR_2013_2013_2017.csv
2013-03-18,2013,3,18,0,월,0,0,108,18.0,17.0,9.0,8.0,26.041666666666668,24,32.77777777777778,9,32.0,8,0,ENV_YDST_108_HR_2013_2013_2017.csv
2013-03-19,2013,3,19,1,화,0,1,108,18.0,17.0,9.0,8.0,46.625,24,55.22222222222222,9,53.625,8,0,ENV_YDST_108_HR_2013_2013_2017.csv
2013-03-20,2013,3,20,2,수,0,0,108,18.0,17.0,9.0,8.0,28.869565217391305,23,13.875,9,12.714285714285714,8,0,ENV_YDST_108_HR_2013_2013_2017.csv
2013-03-21,2013,3,21,3,목,0,0,108,18.0,17.0,9.0,8.0,42.875,24,44.888888888888886,9,45.625,8,0,ENV_YDST_108_HR_2013_2013_2017.csv
2013-03-22,2013,3,22,4,금,0,0,108,18.0,17.0,9.0,8.0,44.916666666666664,24,46.666666666666664,9,47.0,8,0,ENV_YDST_108_HR_2013_2013_2017.csv
2013-03-23,2013,3,23,5,토,1,0,108,18.0,17.0,9.0,8.0,61.083333333333336,24,62.44444444444444,9,60.875,8,0,ENV_YDST_108_HR_2013_2013_2017.csv
2013-03-24,2013,3,24,6,일,1,0,108,18.0,17.0,9.0,8.0,43.625,24,46.0,9,46.125,8,0,ENV_YDST_108_HR_2013_2013_2017.csv
2013-03-25,2013,3,25,0,월,0,0,108,18.0,17.0,9.0,8.0,45.333333333333336,15,44.666666666666664,3,44.666666666666664,3,0,ENV_YDST_108_HR_2013_2013_2017.csv
2013-03-26,2013,3,26,1,화,0,1,108,18.0,17.0,9.0,8.0,45.75,24,47.22222222222222,9,47.375,8,0,ENV_YDST_108_HR_2013_2013_2017.csv
2013-03-27,2013,3,27,2,수,0,0,108,18.0,17.0,9.0,8.0,40.833333333333336,24,38.55555555555556,9,39.625,8,0,ENV_YDST_108_HR_2013_2013_2017.csv
2013-03-28,2013,3,28,3,목,0,0,108,18.0,17.0,9.0,8.0,37.916666666666664,24,47.22222222222222,9,45.75,8,0,ENV_YDST_108_HR_2013_2013_2017.csv
2013-03-29,2013,3,29,4,금,0,0,108,18.0,17.0,9.0,8.0,43.25,24,44.111111111111114,9,43.5,8,0,ENV_YDST_108_HR_2013_2013_2017.csv
2013-03-30,2013,3,30,5,토,1,0,108,18.0,17.0,9.0,8.0,43.583333333333336,24,47.77777777777778,9,49.625,8,0,ENV_YDST_108_HR_2013_2013_2017.csv
2013-03-31,2013,3,31,6,일,1,0,108,18.0,17.0,9.0,8.0,43.375,24,43.22222222222222,9,42.125,8,0,ENV_YDST_108_HR_2013_2013_2017.csv
2013-04-01,2013,4,1,0,월,0,0,108,18.0,17.0,9.0,8.0,62.833333333333336,24,62.77777777777778,9,64.625,8,0,ENV_YDST_108_HR_2013_2013_2017.csv
2013-04-02,2013,4,2,1,화,0,1,108,18.0,17.0,9.0,8.0,34.458333333333336,24,17.22222222222222,9,17.625,8,0,ENV_YDST_108_HR_2013_2013_2017.csv
2013-04-03,2013,4,3,2,수,0,0,108,18.0,17.0,9.0,8.0,57.833333333333336,24,65.11111111111111,9,64.875,8,0,ENV_YDST_108_HR_2013_2013_2017.csv
2013-04-04,2013,4,4,3,목,0,0,108,18.0,17.0,9.0,8.0,113.33333333333333,24,112.11111111111111,9,105.5,8,1,ENV_YDST_108_HR_2013_2013_2017.csv
2013-04-05,2013,4,5,4,금,0,0,108,18.0,17.0,9.0,8.0,148.20833333333334,24,118.22222222222223,9,110.875,8,1,ENV_YDST_108_HR_2013_2013_2017.csv
2013-04-06,2013,4,6,5,토,1,0,108,18.0,17.0,9.0,8.0,85.0,17,42.5,9,47.57142857142857,8,0,ENV_YDST_108_HR_2013_2013_2017.csv
2013-04-07,2013,4,7,6,일,1,0,108,18.0,17.0,9.0,8.0,18.818181818181817,22,19.77777777777778,9,19.375,8,0,ENV_YDST_108_HR_2013_2013_2017.csv
2013-04-08,2013,4,8,0,월,0,0,108,18.0,17.0,9.0,8.0,45.333333333333336,24,52.111111111111114,9,52.625,8,0,ENV_YDST_108_HR_2013_2013_2017.csv
2013-04-09,2013,4,9,1,화,0,1,108,18.0,17.0,9.0,8.0,62.875,24,72.55555555555556,9,78.375,8,0,ENV_YDST_108_HR_2013_2013_2017.csv
2013-04-10,2013,4,10,2,수,0,0,108,18.0,17.0,9.0,8.0,29.541666666666668,24,28.11111111111111,9,29.25,8,0,ENV_YDST_108_HR_2013_2013_2017.csv
2013-04-11,2013,4,11,3,목,0,0,108,18.0,17.0,9.0,8.0,38.5,24,38.55555555555556,9,40.875,8,0,ENV_YDST_108_HR_2013_2013_2017.csv
2013-04-12,2013,4,12,4,금,0,0,108,18.0,17.0,9.0,8.0,31.541666666666668,24,30.333333333333332,9,29.625,8,0,ENV_YDST_108_HR_2013_2013_2017.csv
2013-04-13,2013,4,13,5,토,1,0,108,18.0,17.0,9.0,8.0,46.958333333333336,24,42.666666666666664,9,39.625,8,0,ENV_YDST_108_HR_2013_2013_2017.csv
2013-04-14,2013,4,14,6,일,1,0,108,18.0,17.0,9.0,8.0,64.41666666666667,24,61.333333333333336,9,63.125,8,0,ENV_YDST_108_HR_2013_2013_2017.csv
2013-04-15,2013,4,15,0,월,0,0,108,18.0,17.0,9.0,8.0,54.041666666666664,24,63.0,9,62.875,8,0,ENV_YDST_108_HR_2013_2013_2017.csv
2013-04-16,2013,4,16,1,화,0,1,108,18.0,17.0,9.0,8.0,58.833333333333336,24,71.33333333333333,9,72.5,8,0,ENV_YDST_108_HR_2013_2013_2017.csv
2013-04-17,2013,4,17,2,수,0,0,108,18.0,17.0,9.0,8.0,43.75,24,44.22222222222222,9,45.0,8,0,ENV_YDST_108_HR_2013_2013_2017.csv
2013-04-18,2013,4,18,3,목,0,0,108,18.0,17.0,9.0,8.0,55.875,24,56.333333333333336,9,56.125,8,0,ENV_YDST_108_HR_2013_2013_2017.csv
2013-04-19,2013,4,19,4,금,0,0,108,18.0,17.0,9.0,8.0,36.291666666666664,24,32.888888888888886,9,31.875,8,0,ENV_YDST_108_HR_2013_2013_2017.csv
2013-04-20,2013,4,20,5,토,1,0,108,18.0,17.0,9.0,8.0,31.75,24,13.777777777777779,9,12.25,8,0,ENV_YDST_108_HR_2013_2013_2017.csv
2013-04-21,2013,4,21,6,일,1,0,108,18.0,17.0,9.0,8.0,60.791666666666664,24,49.77777777777778,9,48.625,8,0,ENV_YDST_108_HR_2013_2013_2017.csv
2013-04-22,2013,4,22,0,월,0,0,108,18.0,17.0,9.0,8.0,68.08333333333333,24,58.888888888888886,9,60.125,8,0,ENV_YDST_108_HR_2013_2013_2017.csv
2013-04-23,2013,4,23,1,화,0,1,108,18.0,17.0,9.0,8.0,48.21739130434783,23,51.0,9,52.125,8,0,ENV_YDST_108_HR_2013_2013_2017.csv
2013-04-24,2013,4,24,2,수,0,0,108,18.0,17.0,9.0,8.0,39.81818181818182,22,40.44444444444444,9,41.125,8,0,ENV_YDST_108_HR_2013_2013_2017.csv
2013-04-25,2013,4,25,3,목,0,0,108,18.0,17.0,9.0,8.0,60.291666666666664,24,42.666666666666664,9,46.5,8,0,ENV_YDST_108_HR_2013_2013_2017.csv
2013-04-26,2013,4,26,4,금,0,0,108,18.0,17.0,9.0,8.0,47.04347826086956,23,36.375,9,35.57142857142857,8,0,ENV_YDST_108_HR_2013_2013_2017.csv
2013-04-27,2013,4,27,5,토,1,0,108,18.0,17.0,9.0,8.0,52.083333333333336,24,52.666666666666664,9,52.75,8,0,ENV_YDST_108_HR_2013_2013_2017.csv
2013-04-28,2013,4,28,6,일,1,0,108,18.0,17.0,9.0,8.0,37.583333333333336,24,36.666666666666664,9,38.0,8,0,ENV_YDST_108_HR_2013_2013_2017.csv
2013-04-29,2013,4,29,0,월,0,0,108,18.0,17.0,9.0,8.0,39.833333333333336,24,26.333333333333332,9,25.375,8,0,ENV_YDST_108_HR_2013_2013_2017.csv
2013-04-30,2013,4,30,1,화,0,1,108,18.0,17.0,9.0,8.0,59.333333333333336,24,49.44444444444444,9,47.0,8,0,ENV_YDST_108_HR_2013_2013_2017.csv
2013-05-01,2013,5,1,2,수,0,0,108,18.0,17.0,9.0,8.0,42.25,24,37.888888888888886,9,36.75,8,0,ENV_YDST_108_HR_2013_2013_2017.csv
2013-05-02,2013,5,2,3,목,0,0,108,18.0,17.0,9.0,8.0,37.291666666666664,24,39.888888888888886,9,41.5,8,0,ENV_YDST_108_HR_2013_2013_2017.csv
2013-05-03,2013,5,3,4,금,0,0,108,18.0,17.0,9.0,8.0,43.5,24,42.111111111111114,9,40.375,8,0,ENV_YDST_108_HR_2013_2013_2017.csv
2013-05-04,2013,5,4,5,토,1,0,108,18.0,17.0,9.0,8.0,63.5,24,57.111111111111114,9,56.875,8,0,ENV_YDST_108_HR_2013_2013_2017.csv
2013-05-05,2013,5,5,6,일,1,0,108,18.0,17.0,9.0,8.0,53.75,24,52.333333333333336,9,55.0,8,0,ENV_YDST_108_HR_2013_2013_2017.csv
2013-05-06,2013,5,6,0,월,0,0,108,18.0,17.0,9.0,8.0,51.208333333333336,24,55.44444444444444,9,55.75,8,0,ENV_YDST_108_HR_2013_2013_2017.csv
2013-05-07,2013,5,7,1,화,0,1,108,18.0,17.0,9.0,8.0,67.16666666666667,24,74.66666666666667,9,70.375,8,0,ENV_YDST_108_HR_2013_2013_2017.csv
2013-05-08,2013,5,8,2,수,0,0,108,18.0,17.0,9.0,8.0,59.041666666666664,24,43.333333333333336,9,43.125,8,0,ENV_YDST_108_HR_2013_2013_2017.csv
2013-05-09,2013,5,9,3,목,0,0,108,18.0,17.0,9.0,8.0,62.375,24,65.33333333333333,9,67.875,8,0,ENV_YDST_108_HR_2013_2013_2017.csv
2013-05-10,2013,5,10,4,금,0,0,108,18.0,17.0,9.0,8.0,36.63636363636363,22,25.857142857142858,9,23.666666666666668,8,0,ENV_YDST_108_HR_2013_2013_2017.csv
2013-05-11,2013,5,11,5,토,1,0,108,18.0,17.0,9.0,8.0,72.41666666666667,24,74.22222222222223,9,76.75,8,0,ENV_YDST_108_HR_2013_2013_2017.csv
2013-05-12,2013,5,12,6,일,1,0,108,18.0,17.0,9.0,8.0,107.79166666666667,24,106.0,9,105.125,8,1,ENV_YDST_108_HR_2013_2013_2017.csv
2013-05-13,2013,5,13,0,월,0,0,108,18.0,17.0,9.0,8.0,76.125,24,65.0,9,65.75,8,0,ENV_YDST_108_HR_2013_2013_2017.csv
2013-05-14,2013,5,14,1,화,0,1,108,18.0,17.0,9.0,8.0,54.833333333333336,24,48.0,9,47.875,8,0,ENV_YDST_108_HR_2013_2013_2017.csv
2013-05-15,2013,5,15,2,수,0,0,108,18.0,17.0,9.0,8.0,57.75,24,60.0,9,60.625,8,0,ENV_YDST_108_HR_2013_2013_2017.csv
2013-05-16,2013,5,16,3,목,0,0,108,18.0,17.0,9.0,8.0,21.0,24,21.11111111111111,9,20.875,8,0,ENV_YDST_108_HR_2013_2013_2017.csv
2013-05-17,2013,5,17,4,금,0,0,108,18.0,17.0,9.0,8.0,25.916666666666668,24,24.444444444444443,9,23.875,8,0,ENV_YDST_108_HR_2013_2013_2017.csv
2013-05-18,2013,5,18,5,토,1,0,108,18.0,17.0,9.0,8.0,42.666666666666664,24,52.55555555555556,9,52.375,8,0,ENV_YDST_108_HR_2013_2013_2017.csv
2013-05-19,2013,5,19,6,일,1,0,108,18.0,17.0,9.0,8.0,16.0,23,7.875,9,6.857142857142857,8,0,ENV_YDST_108_HR_2013_2013_2017.csv
2013-05-20,2013,5,20,0,월,0,0,108,18.0,17.0,9.0,8.0,41.0,24,40.333333333333336,9,37.875,8,0,ENV_YDST_108_HR_2013_2013_2017.csv
2013-05-21,2013,5,21,1,화,0,1,108,18.0,17.0,9.0,8.0,47.291666666666664,24,47.666666666666664,9,50.25,8,0,ENV_YDST_108_HR_2013_2013_2017.csv
2013-05-22,2013,5,22,2,수,0,0,108,18.0,17.0,9.0,8.0,62.125,24,66.77777777777777,9,62.25,8,0,ENV_YDST_108_HR_2013_2013_2017.csv
2013-05-23,2013,5,23,3,목,0,0,108,18.0,17.0,9.0,8.0,102.5,24,100.33333333333333,9,94.0,8,1,ENV_YDST_108_HR_2013_2013_2017.csv
2013-05-24,2013,5,24,4,금,0,0,108,18.0,17.0,9.0,8.0,97.20833333333333,24,101.55555555555556,9,100.375,8,1,ENV_YDST_108_HR_2013_2013_2017.csv
2013-05-25,2013,5,25,5,토,1,0,108,18.0,17.0,9.0,8.0,89.04166666666667,24,98.0,9,96.0,8,1,ENV_YDST_108_HR_2013_2013_2017.csv
2013-05-26,2013,5,26,6,일,1,0,108,18.0,17.0,9.0,8.0,89.58333333333333,24,102.66666666666667,9,100.5,8,1,ENV_YDST_108_HR_2013_2013_2017.csv
2013-05-27,2013,5,27,0,월,0,0,108,18.0,17.0,9.0,8.0,57.78260869565217,23,74.33333333333333,9,77.0,8,0,ENV_YDST_108_HR_2013_2013_2017.csv
2013-05-28,2013,5,28,1,화,0,1,108,18.0,17.0,9.0,8.0,13.91304347826087,23,12.222222222222221,9,11.5,8,0,ENV_YDST_108_HR_2013_2013_2017.csv
2013-05-29,2013,5,29,2,수,0,0,108,18.0,17.0,9.0,8.0,34.125,24,19.88888888888889,9,19.0,8,0,ENV_YDST_108_HR_2013_2013_2017.csv
2013-05-30,2013,5,30,3,목,0,0,108,18.0,17.0,9.0,8.0,73.16666666666667,24,75.77777777777777,9,75.125,8,0,ENV_YDST_108_HR_2013_2013_2017.csv
2013-05-31,2013,5,31,4,금,0,0,108,18.0,17.0,9.0,8.0,65.125,24,58.888888888888886,9,57.0,8,0,ENV_YDST_108_HR_2013_2013_2017.csv
2013-06-01,2013,6,1,5,토,1,0,108,18.5,17.5,9.5,8.5,60.875,24,61.7,10,62.55555555555556,9,0,ENV_YDST_108_HR_2013_2013_2017.csv
2013-06-02,2013,6,2,6,일,1,0,108,18.5,17.5,9.5,8.5,51.833333333333336,24,45.8,10,42.77777777777778,9,0,ENV_YDST_108_HR_2013_2013_2017.csv
2013-06-03,2013,6,3,0,월,0,0,108,18.5,17.5,9.5,8.5,55.25,24,72.1,10,73.11111111111111,9,0,ENV_YDST_108_HR_2013_2013_2017.csv
2013-06-04,2013,6,4,1,화,0,1,108,18.5,17.5,9.5,8.5,37.875,24,43.0,10,41.55555555555556,9,0,ENV_YDST_108_HR_2013_2013_2017.csv
2013-06-05,2013,6,5,2,수,0,0,108,18.5,17.5,9.5,8.5,43.666666666666664,24,51.6,10,52.333333333333336,9,0,ENV_YDST_108_HR_2013_2013_2017.csv
2013-06-06,2013,6,6,3,목,0,0,108,18.5,17.5,9.5,8.5,38.25,24,36.3,10,36.0,9,0,ENV_YDST_108_HR_2013_2013_2017.csv
2013-06-07,2013,6,7,4,금,0,0,108,18.5,17.5,9.5,8.5,42.78260869565217,23,49.888888888888886,10,50.875,9,0,ENV_YDST_108_HR_2013_2013_2017.csv
2013-06-08,2013,6,8,5,토,1,0,108,18.5,17.5,9.5,8.5,54.916666666666664,24,63.6,10,61.333333333333336,9,0,ENV_YDST_108_HR_2013_2013_2017.csv
2013-06-09,2013,6,9,6,일,1,0,108,18.5,17.5,9.5,8.5,38.583333333333336,24,35.7,10,36.888888888888886,9,0,ENV_YDST_108_HR_2013_2013_2017.csv
2013-06-10,2013,6,10,0,월,0,0,108,18.5,17.5,9.5,8.5,31.785714285714285,14,31.0,4,31.0,4,0,ENV_YDST_108_HR_2013_2013_2017.csv
2013-06-11,2013,6,11,1,화,0,1,108,18.5,17.5,9.5,8.5,23.708333333333332,24,27.6,10,27.11111111111111,9,0,ENV_YDST_108_HR_2013_2013_2017.csv
2013-06-12,2013,6,12,2,수,0,0,108,18.5,17.5,9.5,8.5,12.25,24,9.5,10,8.666666666666666,9,0,ENV_YDST_108_HR_2013_2013_2017.csv
2013-06-13,2013,6,13,3,목,0,0,108,18.5,17.5,9.5,8.5,44.041666666666664,24,44.5,10,42.55555555555556,9,0,ENV_YDST_108_HR_2013_2013_2017.csv
2013-06-14,2013,6,14,4,금,0,0,108,18.5,17.5,9.5,8.5,57.041666666666664,24,59.4,10,59.44444444444444,9,0,ENV_YDST_108_HR_2013_2013_2017.csv
2013-06-15,2013,6,15,5,토,1,0,108,18.5,17.5,9.5,8.5,40.25,24,36.4,10,37.888888888888886,9,0,ENV_YDST_108_HR_2013_2013_2017.csv
2013-06-16,2013,6,16,6,일,1,0,108,18.5,17.5,9.5,8.5,30.043478260869566,23,26.1,10,27.666666666666668,9,0,ENV_YDST_108_HR_2013_2013_2017.csv
2013-06-17,2013,6,17,0,월,0,0,108,18.5,17.5,9.5,8.5,31.61904761904762,21,33.25,10,33.25,9,0,ENV_YDST_108_HR_2013_2013_2017.csv
2013-06-18,2013,6,18,1,화,0,1,108,18.5,17.5,9.5,8.5,27.238095238095237,21,26.77777777777778,10,24.375,9,0,ENV_YDST_108_HR_2013_2013_2017.csv
2013-06-19,2013,6,19,2,수,0,0,108,18.5,17.5,9.5,8.5,39.5,22,39.8,10,38.44444444444444,9,0,ENV_YDST_108_HR_2013_2013_2017.csv
2013-06-20,2013,6,20,3,목,0,0,108,18.5,17.5,9.5,8.5,50.52173913043478,23,58.5,10,59.111111111111114,9,0,ENV_YDST_108_HR_2013_2013_2017.csv
2013-06-21,2013,6,21,4,금,0,0,108,18.5,17.5,9.5,8.5,48.608695652173914,23,56.22222222222222,10,58.125,9,0,ENV_YDST_108_HR_2013_2013_2017.csv
2013-06-22,2013,6,22,5,토,1,0,108,18.5,17.5,9.5,8.5,55.04545454545455,22,73.75,10,74.57142857142857,9,0,ENV_YDST_108_HR_2013_2013_2017.csv
2013-06-23,2013,6,23,6,일,1,0,108,18.5,17.5,9.5,8.5,44.61904761904762,21,35.0,10,35.25,9,0,ENV_YDST_108_HR_2013_2013_2017.csv
2013-06-24,2013,6,24,0,월,0,0,108,18.5,17.5,9.5,8.5,52.30434782608695,23,61.55555555555556,10,60.0,9,0,ENV_YDST_108_HR_2013_2013_2017.csv
2013-06-25,2013,6,25,1,화,0,1,108,18.5,17.5,9.5,8.5,54.55,20,56.7,10,54.44444444444444,9,0,ENV_YDST_108_HR_2013_2013_2017.csv
2013-06-26,2013,6,26,2,수,0,0,108,18.5,17.5,9.5,8.5,47.45,20,49.666666666666664,10,47.0,9,0,ENV_YDST_108_HR_2013_2013_2017.csv
2013-06-27,2013,6,27,3,목,0,0,108,18.5,17.5,9.5,8.5,42.19047619047619,21,48.44444444444444,10,43.5,9,0,ENV_YDST_108_HR_2013_2013_2017.csv
2013-06-28,2013,6,28,4,금,0,0,108,18.5,17.5,9.5,8.5,46.15,20,49.22222222222222,10,50.0,9,0,ENV_YDST_108_HR_2013_2013_2017.csv
2013-06-29,2013,6,29,5,토,1,0,108,18.5,17.5,9.5,8.5,38.38095238095238,21,46.75,10,47.714285714285715,9,0,ENV_YDST_108_HR_2013_2013_2017.csv
2013-06-30,2013,6,30,6,일,1,0,108,18.5,17.5,9.5,8.5,52.458333333333336,24,49.0,10,46.111111111111114,9,0,ENV_YDST_108_HR_2013_2013_2017.csv
2013-07-01,2013,7,1,0,월,0,0,108,18.5,17.5,9.5,8.5,49.083333333333336,12,49.666666666666664,5,49.666666666666664,4,0,ENV_YDST_108_HR_2013_2013_2017.csv
2013-07-02,2013,7,2,1,화,0,1,108,18.5,17.5,9.5,8.5,23.0,1,,0,,0,0,ENV_YDST_108_HR_2013_2013_2017.csv
2013-07-03,2013,7,3,2,수,0,0,108,18.5,17.5,9.5,8.5,28.6,10,33.4,6,34.25,5,0,ENV_YDST_108_HR_2013_2013_2017.csv
2013-07-04,2013,7,4,3,목,0,0,108,18.5,17.5,9.5,8.5,49.523809523809526,21,61.22222222222222,10,61.22222222222222,9,0,ENV_YDST_108_HR_2013_2013_2017.csv
2013-07-05,2013,7,5,4,금,0,0,108,18.5,17.5,9.5,8.5,43.095238095238095,21,56.7,10,56.111111111111114,9,0,ENV_YDST_108_HR_2013_2013_2017.csv
2013-07-06,2013,7,6,5,토,1,0,108,18.5,17.5,9.5,8.5,57.56521739130435,23,66.33333333333333,10,66.0,9,0,ENV_YDST_108_HR_2013_2013_2017.csv
2013-07-07,2013,7,7,6,일,1,0,108,18.5,17.5,9.5,8.5,49.45454545454545,22,53.75,10,53.75,9,0,ENV_YDST_108_HR_2013_2013_2017.csv
2013-07-08,2013,7,8,0,월,0,0,108,18.5,17.5,9.5,8.5,21.0,3,,2,,2,0,ENV_YDST_108_HR_2013_2013_2017.csv
2013-07-09,2013,7,9,1,화,0,1,108,18.5,17.5,9.5,8.5,35.8,20,37.75,10,37.75,9,0,ENV_YDST_108_HR_2013_2013_2017.csv
2013-07-10,2013,7,10,2,수,0,0,108,18.5,17.5,9.5,8.5,45.57142857142857,21,35.625,10,36.285714285714285,9,0,ENV_YDST_108_HR_2013_2013_2017.csv
2013-07-11,2013,7,11,3,목,0,0,108,18.5,17.5,9.5,8.5,33.22727272727273,22,27.8,10,28.11111111111111,9,0,ENV_YDST_108_HR_2013_2013_2017.csv
2013-07-12,2013,7,12,4,금,0,0,108,18.5,17.5,9.5,8.5,30.227272727272727,22,34.666666666666664,10,34.125,9,0,ENV_YDST_108_HR_2013_2013_2017.csv
2013-07-13,2013,7,13,5,토,1,0,108,18.5,17.5,9.5,8.5,21.285714285714285,14,23.6,10,23.6,9,0,ENV_YDST_108_HR_2013_2013_2017.csv
2013-07-14,2013,7,14,6,일,1,0,108,18.5,17.5,9.5,8.5,20.307692307692307,13,15.0,6,15.0,6,0,ENV_YDST_108_HR_2013_2013_2017.csv
2013-07-17,2013,7,17,2,수,0,0,108,18.5,17.5,9.5,8.5,24.5,4,16.0,2,,1,0,ENV_YDST_108_HR_2013_2013_2017.csv
2013-07-18,2013,7,18,3,목,0,0,108,18.5,17.5,9.5,8.5,43.81818181818182,11,51.5,10,51.5,9,0,ENV_YDST_108_HR_2013_2013_2017.csv
2013-07-19,2013,7,19,4,금,0,0,108,18.5,17.5,9.5,8.5,22.11111111111111,18,21.428571428571427,10,21.428571428571427,9,0,ENV_YDST_108_HR_2013_2013_2017.csv
2013-07-20,2013,7,20,5,토,1,0,108,18.5,17.5,9.5,8.5,23.72222222222222,18,22.11111111111111,10,21.5,9,0,ENV_YDST_108_HR_2013_2013_2017.csv
2013-07-21,2013,7,21,6,일,1,0,108,18.5,17.5,9.5,8.5,25.9,20,27.5,10,25.714285714285715,9,0,ENV_YDST_108_HR_2013_2013_2017.csv
2013-07-22,2013,7,22,0,월,0,0,108,18.5,17.5,9.5,8.5,32.78947368421053,19,32.2,10,30.25,9,0,ENV_YDST_108_HR_2013_2013_2017.csv
2013-07-23,2013,7,23,1,화,0,1,108,18.5,17.5,9.5,8.5,30.8,20,28.444444444444443,10,27.75,9,0,ENV_YDST_108_HR_2013_2013_2017.csv
2013-07-24,2013,7,24,2,수,0,0,108,18.5,17.5,9.5,8.5,38.68181818181818,22,33.888888888888886,10,33.375,9,0,ENV_YDST_108_HR_2013_2013_2017.csv
2013-07-25,2013,7,25,3,목,0,0,108,18.5,17.5,9.5,8.5,79.95833333333333,24,76.4,10,79.33333333333333,9,0,ENV_YDST_108_HR_2013_2013_2017.csv
2013-07-26,2013,7,26,4,금,0,0,108,18.5,17.5,9.5,8.5,97.58333333333333,24,82.2,10,84.11111111111111,9,1,ENV_YDST_108_HR_2013_2013_2017.csv
2013-07-27,2013,7,27,5,토,1,0,108,18.5,17.5,9.5,8.5,52.458333333333336,24,49.0,10,48.666666666666664,9,0,ENV_YDST_108_HR_2013_2013_2017.csv
2013-07-28,2013,7,28,6,일,1,0,108,18.5,17.5,9.5,8.5,38.95454545454545,22,31.375,10,31.375,9,0,ENV_YDST_108_HR_2013_2013_2017.csv
2013-07-29,2013,7,29,0,월,0,0,108,18.5,17.5,9.5,8.5,61.625,24,63.3,10,67.11111111111111,9,0,ENV_YDST_108_HR_2013_2013_2017.csv
2013-07-30,2013,7,30,1,화,0,1,108,18.5,17.5,9.5,8.5,41.208333333333336,24,37.1,10,39.22222222222222,9,0,ENV_YDST_108_HR_2013_2013_2017.csv
2013-07-31,2013,7,31,2,수,0,0,108,18.5,17.5,9.5,8.5,41.04545454545455,22,51.875,10,55.0,9,0,ENV_YDST_108_HR_2013_2013_2017.csv
2013-08-01,2013,8,1,3,목,0,0,108,18.5,17.5,9.5,8.5,33.69565217391305,23,39.55555555555556,10,37.625,9,0,ENV_YDST_108_HR_2013_2013_2017.csv
2013-08-02,2013,8,2,4,금,0,0,108,18.5,17.5,9.5,8.5,36.73913043478261,23,31.11111111111111,10,30.5,9,0,ENV_YDST_108_HR_2013_2013_2017.csv
2013-08-03,2013,8,3,5,토,1,0,108,18.5,17.5,9.5,8.5,21.136363636363637,22,15.5,10,16.333333333333332,9,0,ENV_YDST_108_HR_2013_2013_2017.csv
2013-08-04,2013,8,4,6,일,1,0,108,18.5,17.5,9.5,8.5,39.166666666666664,24,40.3,10,39.333333333333336,9,0,ENV_YDST_108_HR_2013_2013_2017.csv
2013-08-05,2013,8,5,0,월,0,0,108,18.5,17.5,9.5,8.5,45.0,17,32.125,9,32.125,9,0,ENV_YDST_108_HR_2013_2013_2017.csv
2013-08-06,2013,8,6,1,화,0,1,108,18.5,17.5,9.5,8.5,36.1,10,45.666666666666664,6,45.666666666666664,5,0,ENV_YDST_108_HR_2013_2013_2017.csv
2013-08-07,2013,8,7,2,수,0,0,108,18.5,17.5,9.5,8.5,41.8421052631579,19,42.3,10,41.0,9,0,ENV_YDST_108_HR_2013_2013_2017.csv
2013-08-08,2013,8,8,3,목,0,0,108,18.5,17.5,9.5,8.5,51.75,24,59.6,10,58.333333333333336,9,0,ENV_YDST_108_HR_2013_2013_2017.csv
2013-08-09,2013,8,9,4,금,0,0,108,18.5,17.5,9.5,8.5,78.16666666666667,24,80.3,10,80.33333333333333,9,0,ENV_YDST_108_HR_2013_2013_2017.csv
2013-08-10,2013,8,10,5,토,1,0,108,18.5,17.5,9.5,8.5,74.75,24,69.1,10,72.11111111111111,9,0,ENV_YDST_108_HR_2013_2013_2017.csv
2013-08-11,2013,8,11,6,일,1,0,108,18.5,17.5,9.5,8.5,48.708333333333336,24,43.8,10,42.888888888888886,9,0,ENV_YDST_108_HR_2013_2013_2017.csv
2013-08-12,2013,8,12,0,월,0,0,108,18.5,17.5,9.5,8.5,33.791666666666664,24,38.2,10,37.55555555555556,9,0,ENV_YDST_108_HR_2013_2013_2017.csv
2013-08-13,2013,8,13,1,화,0,1,108,18.5,17.5,9.5,8.5,21.63157894736842,19,22.555555555555557,10,22.625,9,0,ENV_YDST_108_HR_2013_2013_2017.csv
2013-08-14,2013,8,14,2,수,0,0,108,18.5,17.5,9.5,8.5,23.333333333333332,15,27.166666666666668,10,26.4,9,0,ENV_YDST_108_HR_2013_2013_2017.csv
2013-08-15,2013,8,15,3,목,0,0,108,18.5,17.5,9.5,8.5,24.11764705882353,17,21.5,10,19.4,9,0,ENV_YDST_108_HR_2013_2013_2017.csv
2013-08-16,2013,8,16,4,금,0,0,108,18.5,17.5,9.5,8.5,25.928571428571427,14,25.6,10,28.25,9,0,ENV_YDST_108_HR_2013_2013_2017.csv
2013-08-17,2013,8,17,5,토,1,0,108,18.5,17.5,9.5,8.5,29.736842105263158,19,33.55555555555556,10,31.875,9,0,ENV_YDST_108_HR_2013_2013_2017.csv
2013-08-18,2013,8,18,6,일,1,0,108,18.5,17.5,9.5,8.5,46.05,20,55.857142857142854,10,63.0,9,0,ENV_YDST_108_HR_2013_2013_2017.csv
2013-08-19,2013,8,19,0,월,0,0,108,18.5,17.5,9.5,8.5,36.94444444444444,18,39.833333333333336,8,42.2,7,0,ENV_YDST_108_HR_2013_2013_2017.csv
2013-08-20,2013,8,20,1,화,0,1,108,18.5,17.5,9.5,8.5,38.43478260869565,23,44.888888888888886,10,44.75,9,0,ENV_YDST_108_HR_2013_2013_2017.csv
2013-08-21,2013,8,21,2,수,0,0,108,18.5,17.5,9.5,8.5,46.166666666666664,18,44.77777777777778,10,45.375,9,0,ENV_YDST_108_HR_2013_2013_2017.csv
2013-08-22,2013,8,22,3,목,0,0,108,18.5,17.5,9.5,8.5,49.5,14,45.0,7,45.0,7,0,ENV_YDST_108_HR_2013_2013_2017.csv
2013-08-23,2013,8,23,4,금,0,0,108,18.5,17.5,9.5,8.5,43.8,5,,3,,2,0,ENV_YDST_108_HR_2013_2013_2017.csv
2013-08-24,2013,8,24,5,토,1,0,108,18.5,17.5,9.5,8.5,34.73913043478261,23,34.2,10,34.22222222222222,9,0,ENV_YDST_108_HR_2013_2013_2017.csv
2013-08-25,2013,8,25,6,일,1,0,108,18.5,17.5,9.5,8.5,33.333333333333336,24,22.9,10,23.555555555555557,9,0,ENV_YDST_108_HR_2013_2013_2017.csv
2013-08-26,2013,8,26,0,월,0,0,108,18.5,17.5,9.5,8.5,30.75,24,28.1,10,27.11111111111111,9,0,ENV_YDST_108_HR_2013_2013_2017.csv
2013-08-27,2013,8,27,1,화,0,1,108,18.5,17.5,9.5,8.5,57.0,21,65.25,10,64.85714285714286,9,0,ENV_YDST_108_HR_2013_2013_2017.csv
2013-08-28,2013,8,28,2,수,0,0,108,18.5,17.5,9.5,8.5,60.708333333333336,24,53.1,10,54.22222222222222,9,0,ENV_YDST_108_HR_2013_2013_2017.csv
2013-08-29,2013,8,29,3,목,0,0,108,18.5,17.5,9.5,8.5,54.57142857142857,21,43.875,10,36.42857142857143,9,0,ENV_YDST_108_HR_2013_2013_2017.csv
2013-08-30,2013,8,30,4,금,0,0,108,18.5,17.5,9.5,8.5,34.09090909090909,22,36.666666666666664,10,38.125,9,0,ENV_YDST_108_HR_2013_2013_2017.csv
2013-08-31,2013,8,31,5,토,1,0,108,18.5,17.5,9.5,8.5,31.476190476190474,21,30.75,10,30.75,9,0,ENV_YDST_108_HR_2013_2013_2017.csv
2013-09-01,2013,9,1,6,일,1,0,108,18.0,17.0,9.0,8.0,27.55,20,20.0,9,20.571428571428573,8,0,ENV_YDST_108_HR_2013_2013_2017.csv
2013-09-02,2013,9,2,0,월,0,0,108,18.0,17.0,9.0,8.0,33.89473684210526,19,29.428571428571427,9,30.5,8,0,ENV_YDST_108_HR_2013_2013_2017.csv
2013-09-03,2013,9,3,1,화,0,1,108,18.0,17.0,9.0,8.0,25.8,20,23.125,9,23.428571428571427,8,0,ENV_YDST_108_HR_2013_2013_2017.csv
2013-09-04,2013,9,4,2,수,0,0,108,18.0,17.0,9.0,8.0,28.142857142857142,14,29.0,9,29.0,8,0,ENV_YDST_108_HR_2013_2013_2017.csv
2013-09-05,2013,9,5,3,목,0,0,108,18.0,17.0,9.0,8.0,27.8,15,29.428571428571427,9,27.833333333333332,8,0,ENV_YDST_108_HR_2013_2013_2017.csv
2013-09-06,2013,9,6,4,금,0,0,108,18.0,17.0,9.0,8.0,37.75,16,51.6,9,51.6,8,0,ENV_YDST_108_HR_2013_2013_2017.csv
2013-09-07,2013,9,7,5,토,1,0,108,18.0,17.0,9.0,8.0,27.454545454545453,11,21.0,9,21.0,8,0,ENV_YDST_108_HR_2013_2013_2017.csv
2013-09-08,2013,9,8,6,일,1,0,108,18.0,17.0,9.0,8.0,48.1,20,51.42857142857143,9,46.333333333333336,8,0,ENV_YDST_108_HR_2013_2013_2017.csv
2013-09-09,2013,9,9,0,월,0,0,108,18.0,17.0,9.0,8.0,59.27272727272727,11,61.0,9,,8,0,ENV_YDST_108_HR_2013_2013_2017.csv
2013-09-10,2013,9,10,1,화,0,1,108,18.0,17.0,9.0,8.0,74.38888888888889,18,77.77777777777777,9,74.125,8,0,ENV_YDST_108_HR_2013_2013_2017.csv
2013-09-11,2013,9,11,2,수,0,0,108,18.0,17.0,9.0,8.0,36.625,16,23.25,9,23.25,8,0,ENV_YDST_108_HR_2013_2013_2017.csv
2013-09-12,2013,9,12,3,목,0,0,108,18.0,17.0,9.0,8.0,39.95454545454545,22,37.285714285714285,9,37.166666666666664,8,0,ENV_YDST_108_HR_2013_2013_2017.csv
2013-09-13,2013,9,13,4,금,0,0,108,18.0,17.0,9.0,8.0,23.91304347826087,23,14.125,9,13.285714285714286,8,0,ENV_YDST_108_HR_2013_2013_2017.csv
2013-09-14,2013,9,14,5,토,1,0,108,18.0,17.0,9.0,8.0,27.7,10,,9,,8,0,ENV_YDST_108_HR_2013_2013_2017.csv
2013-09-15,2013,9,15,6,일,1,0,108,18.0,17.0,9.0,8.0,28.1,20,30.0,9,27.166666666666668,8,0,ENV_YDST_108_HR_2013_2013_2017.csv
2013-09-16,2013,9,16,0,월,0,0,108,18.0,17.0,9.0,8.0,28.1,20,26.0,9,26.0,8,0,ENV_YDST_108_HR_2013_2013_2017.csv
2013-09-17,2013,9,17,1,화,0,1,108,18.0,17.0,9.0,8.0,25.55,20,22.444444444444443,9,21.375,8,0,ENV_YDST_108_HR_2013_2013_2017.csv
2013-09-18,2013,9,18,2,수,0,0,108,18.0,17.0,9.0,8.0,43.291666666666664,24,39.22222222222222,9,36.875,8,0,ENV_YDST_108_HR_2013_2013_2017.csv
2013-09-19,2013,9,19,3,목,0,0,108,18.0,17.0,9.0,8.0,43.375,24,39.666666666666664,9,38.75,8,0,ENV_YDST_108_HR_2013_2013_2017.csv
2013-09-20,2013,9,20,4,금,0,0,108,18.0,17.0,9.0,8.0,44.416666666666664,24,38.77777777777778,9,39.25,8,0,ENV_YDST_108_HR_2013_2013_2017.csv
2013-09-21,2013,9,21,5,토,1,0,108,18.0,17.0,9.0,8.0,34.208333333333336,24,31.22222222222222,9,31.25,8,0,ENV_YDST_108_HR_2013_2013_2017.csv
2013-09-22,2013,9,22,6,일,1,0,108,18.0,17.0,9.0,8.0,20.583333333333332,24,13.555555555555555,9,13.375,8,0,ENV_YDST_108_HR_2013_2013_2017.csv
2013-09-23,2013,9,23,0,월,0,0,108,18.0,17.0,9.0,8.0,26.708333333333332,24,24.666666666666668,9,23.125,8,0,ENV_YDST_108_HR_2013_2013_2017.csv
2013-09-24,2013,9,24,1,화,0,1,108,18.0,17.0,9.0,8.0,30.375,24,21.0,9,22.0,8,0,ENV_YDST_108_HR_2013_2013_2017.csv
2013-09-25,2013,9,25,2,수,0,0,108,18.0,17.0,9.0,8.0,20.958333333333332,24,19.0,9,17.875,8,0,ENV_YDST_108_HR_2013_2013_2017.csv
2013-09-26,2013,9,26,3,목,0,0,108,18.0,17.0,9.0,8.0,23.0,24,20.555555555555557,9,19.375,8,0,ENV_YDST_108_HR_2013_2013_2017.csv
2013-09-27,2013,9,27,4,금,0,0,108,18.0,17.0,9.0,8.0,34.458333333333336,24,35.22222222222222,9,33.375,8,0,ENV_YDST_108_HR_2013_2013_2017.csv
2013-09-28,2013,9,28,5,토,1,0,108,18.0,17.0,9.0,8.0,46.958333333333336,24,45.55555555555556,9,44.25,8,0,ENV_YDST_108_HR_2013_2013_2017.csv
2013-09-29,2013,9,29,6,일,1,0,108,18.0,17.0,9.0,8.0,17.125,24,12.88888888888889,9,12.75,8,0,ENV_YDST_108_HR_2013_2013_2017.csv
2013-09-30,2013,9,30,0,월,0,0,108,18.0,17.0,9.0,8.0,9.714285714285714,21,7.142857142857143,9,6.666666666666667,8,0,ENV_YDST_108_HR_2013_2013_2017.csv
2013-10-01,2013,10,1,1,화,0,1,108,18.0,17.0,9.0,8.0,22.0,24,18.11111111111111,9,17.375,8,0,ENV_YDST_108_HR_2013_2013_2017.csv
2013-10-02,2013,10,2,2,수,0,0,108,18.0,17.0,9.0,8.0,37.208333333333336,24,34.44444444444444,9,36.5,8,0,ENV_YDST_108_HR_2013_2013_2017.csv
2013-10-03,2013,10,3,3,목,0,0,108,18.0,17.0,9.0,8.0,23.5,24,21.555555555555557,9,20.875,8,0,ENV_YDST_108_HR_2013_2013_2017.csv
2013-10-04,2013,10,4,4,금,0,0,108,18.0,17.0,9.0,8.0,36.416666666666664,24,32.888888888888886,9,31.5,8,0,ENV_YDST_108_HR_2013_2013_2017.csv
2013-10-05,2013,10,5,5,토,1,0,108,18.0,17.0,9.0,8.0,26.333333333333332,24,17.11111111111111,9,17.625,8,0,ENV_YDST_108_HR_2013_2013_2017.csv
2013-10-06,2013,10,6,6,일,1,0,108,18.0,17.0,9.0,8.0,13.25,24,13.444444444444445,9,13.375,8,0,ENV_YDST_108_HR_2013_2013_2017.csv
2013-10-07,2013,10,7,0,월,0,0,108,18.0,17.0,9.0,8.0,15.521739130434783,23,12.777777777777779,9,10.75,8,0,ENV_YDST_108_HR_2013_2013_2017.csv
2013-10-08,2013,10,8,1,화,0,1,108,18.0,17.0,9.0,8.0,18.047619047619047,21,17.11111111111111,9,18.375,8,0,ENV_YDST_108_HR_2013_2013_2017.csv
2013-10-09,2013,10,9,2,수,0,0,108,18.0,17.0,9.0,8.0,17.916666666666668,24,13.777777777777779,9,13.25,8,0,ENV_YDST_108_HR_2013_2013_2017.csv
2013-10-10,2013,10,10,3,목,0,0,108,18.0,17.0,9.0,8.0,30.625,24,24.0,9,23.5,8,0,ENV_YDST_108_HR_2013_2013_2017.csv
2013-10-11,2013,10,11,4,금,0,0,108,18.0,17.0,9.0,8.0,27.3,20,32.375,9,33.714285714285715,8,0,ENV_YDST_108_HR_2013_2013_2017.csv
2013-10-12,2013,10,12,5,토,1,0,108,18.0,17.0,9.0,8.0,26.833333333333332,24,25.77777777777778,9,24.5,8,0,ENV_YDST_108_HR_2013_2013_2017.csv
2013-10-13,2013,10,13,6,일,1,0,108,18.0,17.0,9.0,8.0,37.041666666666664,24,35.22222222222222,9,34.625,8,0,ENV_YDST_108_HR_2013_2013_2017.csv
2013-10-14,2013,10,14,0,월,0,0,108,18.0,17.0,9.0,8.0,37.0,24,38.55555555555556,9,38.5,8,0,ENV_YDST_108_HR_2013_2013_2017.csv
2013-10-15,2013,10,15,1,화,0,1,108,18.0,17.0,9.0,8.0,29.526315789473685,19,18.5,9,18.5,8,0,ENV_YDST_108_HR_2013_2013_2017.csv
2013-10-16,2013,10,16,2,수,0,0,108,18.0,17.0,9.0,8.0,17.708333333333332,24,16.88888888888889,9,16.125,8,0,ENV_YDST_108_HR_2013_2013_2017.csv
2013-10-17,2013,10,17,3,목,0,0,108,18.0,17.0,9.0,8.0,28.5625,16,30.142857142857142,7,30.142857142857142,7,0,ENV_YDST_108_HR_2013_2013_2017.csv
2013-10-18,2013,10,18,4,금,0,0,108,18.0,17.0,9.0,8.0,26.608695652173914,23,27.666666666666668,9,27.375,8,0,ENV_YDST_108_HR_2013_2013_2017.csv
2013-10-19,2013,10,19,5,토,1,0,108,18.0,17.0,9.0,8.0,23.125,24,21.0,9,20.5,8,0,ENV_YDST_108_HR_2013_2013_2017.csv
2013-10-20,2013,10,20,6,일,1,0,108,18.0,17.0,9.0,8.0,18.375,24,17.666666666666668,9,16.875,8,0,ENV_YDST_108_HR_2013_2013_2017.csv
2013-10-21,2013,10,21,0,월,0,0,108,18.0,17.0,9.0,8.0,14.583333333333334,24,18.555555555555557,9,17.5,8,0,ENV_YDST_108_HR_2013_2013_2017.csv
2013-10-22,2013,10,22,1,화,0,1,108,18.0,17.0,9.0,8.0,16.333333333333332,24,23.444444444444443,9,22.875,8,0,ENV_YDST_108_HR_2013_2013_2017.csv
2013-10-23,2013,10,23,2,수,0,0,108,18.0,17.0,9.0,8.0,20.333333333333332,24,21.333333333333332,9,21.0,8,0,ENV_YDST_108_HR_2013_2013_2017.csv
2013-10-24,2013,10,24,3,목,0,0,108,18.0,17.0,9.0,8.0,39.083333333333336,24,49.111111111111114,9,47.375,8,0,ENV_YDST_108_HR_2013_2013_2017.csv
2013-10-25,2013,10,25,4,금,0,0,108,18.0,17.0,9.0,8.0,45.666666666666664,24,47.44444444444444,9,45.0,8,0,ENV_YDST_108_HR_2013_2013_2017.csv
2013-10-26,2013,10,26,5,토,1,0,108,18.0,17.0,9.0,8.0,44.208333333333336,24,45.0,9,46.0,8,0,ENV_YDST_108_HR_2013_2013_2017.csv
2013-10-27,2013,10,27,6,일,1,0,108,18.0,17.0,9.0,8.0,49.25,24,54.44444444444444,9,54.5,8,0,ENV_YDST_108_HR_2013_2013_2017.csv
2013-10-28,2013,10,28,0,월,0,0,108,18.0,17.0,9.0,8.0,55.5,24,60.77777777777778,9,60.375,8,0,ENV_YDST_108_HR_2013_2013_2017.csv
2013-10-29,2013,10,29,1,화,0,1,108,18.0,17.0,9.0,8.0,62.583333333333336,24,65.77777777777777,9,68.375,8,0,ENV_YDST_108_HR_2013_2013_2017.csv
2013-10-30,2013,10,30,2,수,0,0,108,18.0,17.0,9.0,8.0,31.208333333333332,24,38.22222222222222,9,37.0,8,0,ENV_YDST_108_HR_2013_2013_2017.csv
2013-10-31,2013,10,31,3,목,0,0,108,18.0,17.0,9.0,8.0,43.541666666666664,24,59.55555555555556,9,58.375,8,0,ENV_YDST_108_HR_2013_2013_2017.csv
2013-11-01,2013,11,1,4,금,0,0,108,17.0,16.0,8.0,7.0,48.958333333333336,24,46.75,8,45.857142857142854,7,0,ENV_YDST_108_HR_2013_2013_2017.csv
2013-11-02,2013,11,2,5,토,1,0,108,17.0,16.0,8.0,7.0,46.708333333333336,24,41.5,8,44.857142857142854,7,0,ENV_YDST_108_HR_2013_2013_2017.csv
2013-11-03,2013,11,3,6,일,1,0,108,17.0,16.0,8.0,7.0,51.0,24,52.375,8,51.285714285714285,7,0,ENV_YDST_108_HR_2013_2013_2017.csv
2013-11-04,2013,11,4,0,월,0,0,108,17.0,16.0,8.0,7.0,53.125,24,48.25,8,47.285714285714285,7,0,ENV_YDST_108_HR_2013_2013_2017.csv
2013-11-05,2013,11,5,1,화,0,1,108,17.0,16.0,8.0,7.0,54.166666666666664,24,57.0,8,57.57142857142857,7,0,ENV_YDST_108_HR_2013_2013_2017.csv
2013-11-06,2013,11,6,2,수,0,0,108,17.0,16.0,8.0,7.0,59.291666666666664,24,72.5,8,74.28571428571429,7,0,ENV_YDST_108_HR_2013_2013_2017.csv
2013-11-07,2013,11,7,3,목,0,0,108,17.0,16.0,8.0,7.0,45.833333333333336,24,44.625,8,46.0,7,0,ENV_YDST_108_HR_2013_2013_2017.csv
2013-11-08,2013,11,8,4,금,0,0,108,17.0,16.0,8.0,7.0,24.208333333333332,24,29.125,8,31.428571428571427,7,0,ENV_YDST_108_HR_2013_2013_2017.csv
2013-11-09,2013,11,9,5,토,1,0,108,17.0,16.0,8.0,7.0,27.583333333333332,24,34.25,8,33.285714285714285,7,0,ENV_YDST_108_HR_2013_2013_2017.csv
2013-11-10,2013,11,10,6,일,1,0,108,17.0,16.0,8.0,7.0,17.90909090909091,22,22.25,8,22.0,7,0,ENV_YDST_108_HR_2013_2013_2017.csv
2013-11-11,2013,11,11,0,월,0,0,108,17.0,16.0,8.0,7.0,32.125,24,38.125,8,39.42857142857143,7,0,ENV_YDST_108_HR_2013_2013_2017.csv
2013-11-12,2013,11,12,1,화,0,1,108,17.0,16.0,8.0,7.0,22.875,24,22.5,8,22.0,7,0,ENV_YDST_108_HR_2013_2013_2017.csv
2013-11-13,2013,11,13,2,수,0,0,108,17.0,16.0,8.0,7.0,38.291666666666664,24,36.125,8,36.142857142857146,7,0,ENV_YDST_108_HR_2013_2013_2017.csv
2013-11-14,2013,11,14,3,목,0,0,108,17.0,16.0,8.0,7.0,47.333333333333336,24,51.125,8,53.0,7,0,ENV_YDST_108_HR_2013_2013_2017.csv
2013-11-15,2013,11,15,4,금,0,0,108,17.0,16.0,8.0,7.0,67.45833333333333,24,68.375,8,65.71428571428571,7,0,ENV_YDST_108_HR_2013_2013_2017.csv
2013-11-16,2013,11,16,5,토,1,0,108,17.0,16.0,8.0,7.0,77.83333333333333,24,68.0,8,68.28571428571429,7,0,ENV_YDST_108_HR_2013_2013_2017.csv
2013-11-17,2013,11,17,6,일,1,0,108,17.0,16.0,8.0,7.0,13.5,16,12.5,8,12.571428571428571,7,0,ENV_YDST_108_HR_2013_2013_2017.csv
2013-11-18,2013,11,18,0,월,0,0,108,17.0,16.0,8.0,7.0,18.041666666666668,24,17.0,8,16.285714285714285,7,0,ENV_YDST_108_HR_2013_2013_2017.csv
2013-11-19,2013,11,19,1,화,0,1,108,17.0,16.0,8.0,7.0,24.375,24,26.75,8,27.142857142857142,7,0,ENV_YDST_108_HR_2013_2013_2017.csv
2013-11-20,2013,11,20,2,수,0,0,108,17.0,16.0,8.0,7.0,23.791666666666668,24,19.125,8,19.285714285714285,7,0,ENV_YDST_108_HR_2013_2013_2017.csv
2013-11-21,2013,11,21,3,목,0,0,108,17.0,16.0,8.0,7.0,24.75,24,21.875,8,22.0,7,0,ENV_YDST_108_HR_2013_2013_2017.csv
2013-11-22,2013,11,22,4,금,0,0,108,17.0,16.0,8.0,7.0,58.25,24,66.25,8,61.142857142857146,7,0,ENV_YDST_108_HR_2013_2013_2017.csv
2013-11-23,2013,11,23,5,토,1,0,108,17.0,16.0,8.0,7.0,106.0,24,101.625,8,102.14285714285714,7,1,ENV_YDST_108_HR_2013_2013_2017.csv
2013-11-24,2013,11,24,6,일,1,0,108,17.0,16.0,8.0,7.0,95.58333333333333,24,102.5,8,99.57142857142857,7,1,ENV_YDST_108_HR_2013_2013_2017.csv
2013-11-25,2013,11,25,0,월,0,0,108,17.0,16.0,8.0,7.0,22.25,24,20.0,8,20.714285714285715,7,0,ENV_YDST_108_HR_2013_2013_2017.csv
2013-11-26,2013,11,26,1,화,0,1,108,17.0,16.0,8.0,7.0,29.0,24,37.0,8,37.714285714285715,7,0,ENV_YDST_108_HR_2013_2013_2017.csv
2013-11-27,2013,11,27,2,수,0,0,108,17.0,16.0,8.0,7.0,24.166666666666668,24,24.125,8,23.428571428571427,7,0,ENV_YDST_108_HR_2013_2013_2017.csv
2013-11-28,2013,11,28,3,목,0,0,108,17.0,16.0,8.0,7.0,59.0,24,84.625,8,88.28571428571429,7,1,ENV_YDST_108_HR_2013_2013_2017.csv
2013-11-29,2013,11,29,4,금,0,0,108,17.0,16.0,8.0,7.0,51.583333333333336,24,58.25,8,59.0,7,0,ENV_YDST_108_HR_2013_2013_2017.csv
2013-11-30,2013,11,30,5,토,1,0,108,17.0,16.0,8.0,7.0,48.75,24,49.625,8,51.285714285714285,7,0,ENV_YDST_108_HR_2013_2013_2017.csv
2013-12-01,2013,12,1,6,일,1,0,108,17.0,16.0,8.0,7.0,58.916666666666664,24,64.75,8,68.14285714285714,7,0,ENV_YDST_108_HR_2013_2013_2017.csv
2013-12-02,2013,12,2,0,월,0,0,108,17.0,16.0,8.0,7.0,63.166666666666664,24,64.0,8,61.285714285714285,7,0,ENV_YDST_108_HR_2013_2013_2017.csv
2013-12-03,2013,12,3,1,화,0,1,108,17.0,16.0,8.0,7.0,85.625,24,76.5,8,77.85714285714286,7,0,ENV_YDST_108_HR_2013_2013_2017.csv
2013-12-04,2013,12,4,2,수,0,0,108,17.0,16.0,8.0,7.0,114.58333333333333,24,112.625,8,108.14285714285714,7,1,ENV_YDST_108_HR_2013_2013_2017.csv
2013-12-05,2013,12,5,3,목,0,0,108,17.0,16.0,8.0,7.0,131.58333333333334,24,142.625,8,137.14285714285714,7,1,ENV_YDST_108_HR_2013_2013_2017.csv
2013-12-06,2013,12,6,4,금,0,0,108,17.0,16.0,8.0,7.0,32.916666666666664,24,31.75,8,32.142857142857146,7,0,ENV_YDST_108_HR_2013_2013_2017.csv
2013-12-07,2013,12,7,5,토,1,0,108,17.0,16.0,8.0,7.0,33.291666666666664,24,37.625,8,37.57142857142857,7,0,ENV_YDST_108_HR_2013_2013_2017.csv
2013-12-08,2013,12,8,6,일,1,0,108,17.0,16.0,8.0,7.0,43.291666666666664,24,41.0,8,41.714285714285715,7,0,ENV_YDST_108_HR_2013_2013_2017.csv
2013-12-09,2013,12,9,0,월,0,0,108,17.0,16.0,8.0,7.0,35.5,24,27.75,8,30.0,7,0,ENV_YDST_108_HR_2013_2013_2017.csv
2013-12-10,2013,12,10,1,화,0,1,108,17.0,16.0,8.0,7.0,43.166666666666664,24,39.75,8,41.714285714285715,7,0,ENV_YDST_108_HR_2013_2013_2017.csv
2013-12-11,2013,12,11,2,수,0,0,108,17.0,16.0,8.0,7.0,28.2,15,19.0,2,,1,0,ENV_YDST_108_HR_2013_2013_2017.csv
2013-12-12,2013,12,12,3,목,0,0,108,17.0,16.0,8.0,7.0,30.25,16,34.142857142857146,7,34.142857142857146,7,0,ENV_YDST_108_HR_2013_2013_2017.csv
2013-12-13,2013,12,13,4,금,0,0,108,17.0,16.0,8.0,7.0,44.5625,16,55.375,8,60.142857142857146,7,0,ENV_YDST_108_HR_2013_2013_2017.csv
2013-12-14,2013,12,14,5,토,1,0,108,17.0,16.0,8.0,7.0,31.375,24,34.75,8,35.142857142857146,7,0,ENV_YDST_108_HR_2013_2013_2017.csv
2013-12-15,2013,12,15,6,일,1,0,108,17.0,16.0,8.0,7.0,33.875,24,33.125,8,32.42857142857143,7,0,ENV_YDST_108_HR_2013_2013_2017.csv
2013-12-16,2013,12,16,0,월,0,0,108,17.0,16.0,8.0,7.0,53.875,24,52.875,8,50.0,7,0,ENV_YDST_108_HR_2013_2013_2017.csv
2013-12-17,2013,12,17,1,화,0,1,108,17.0,16.0,8.0,7.0,52.166666666666664,24,49.0,8,45.857142857142854,7,0,ENV_YDST_108_HR_2013_2013_2017.csv
2013-12-18,2013,12,18,2,수,0,0,108,17.0,16.0,8.0,7.0,27.791666666666668,24,28.375,8,28.714285714285715,7,0,ENV_YDST_108_HR_2013_2013_2017.csv
2013-12-19,2013,12,19,3,목,0,0,108,17.0,16.0,8.0,7.0,36.958333333333336,24,28.375,8,29.285714285714285,7,0,ENV_YDST_108_HR_2013_2013_2017.csv
2013-12-20,2013,12,20,4,금,0,0,108,17.0,16.0,8.0,7.0,95.08333333333333,24,98.0,8,98.57142857142857,7,1,ENV_YDST_108_HR_2013_2013_2017.csv
2013-12-21,2013,12,21,5,토,1,0,108,17.0,16.0,8.0,7.0,87.45833333333333,24,104.0,8,106.57142857142857,7,1,ENV_YDST_108_HR_2013_2013_2017.csv
2013-12-22,2013,12,22,6,일,1,0,108,17.0,16.0,8.0,7.0,45.666666666666664,24,54.5,8,56.714285714285715,7,0,ENV_YDST_108_HR_2013_2013_2017.csv
2013-12-23,2013,12,23,0,월,0,0,108,17.0,16.0,8.0,7.0,37.333333333333336,24,38.625,8,38.42857142857143,7,0,ENV_YDST_108_HR_2013_2013_2017.csv
2013-12-24,2013,12,24,1,화,0,1,108,17.0,16.0,8.0,7.0,66.5,24,61.875,8,62.857142857142854,7,0,ENV_YDST_108_HR_2013_2013_2017.csv
2013-12-25,2013,12,25,2,수,0,0,108,17.0,16.0,8.0,7.0,80.95833333333333,24,66.5,8,69.42857142857143,7,0,ENV_YDST_108_HR_2013_2013_2017.csv
2013-12-26,2013,12,26,3,목,0,0,108,17.0,16.0,8.0,7.0,64.125,24,69.125,8,66.14285714285714,7,0,ENV_YDST_108_HR_2013_2013_2017.csv
2013-12-27,2013,12,27,4,금,0,0,108,17.0,16.0,8.0,7.0,54.0,24,62.5,8,67.71428571428571,7,0,ENV_YDST_108_HR_2013_2013_2017.csv
2013-12-28,2013,12,28,5,토,1,0,108,17.0,16.0,8.0,7.0,20.541666666666668,24,22.75,8,23.571428571428573,7,0,ENV_YDST_108_HR_2013_2013_2017.csv
2013-12-29,2013,12,29,6,일,1,0,108,17.0,16.0,8.0,7.0,29.333333333333332,24,30.25,8,30.714285714285715,7,0,ENV_YDST_108_HR_2013_2013_2017.csv
2013-12-30,2013,12,30,0,월,0,0,108,17.0,16.0,8.0,7.0,83.79166666666667,24,93.625,8,93.0,7,1,ENV_YDST_108_HR_2013_2013_2017.csv
2013-12-31,2013,12,31,1,화,0,1,108,17.0,16.0,8.0,7.0,111.625,24,108.25,8,102.57142857142857,7,1,ENV_YDST_108_HR_2013_2013_2017.csv
2014-01-01,2014,1,1,2,수,0,0,108,17.0,16.0,8.0,7.0,127.29166666666667,24,98.25,8,97.71428571428571,7,1,"ENV_YDST_108_HR_2013_2013_2017.csv,ENV_YDST_108_HR_2014_2014_2017.csv"
2014-01-02,2014,1,2,3,목,0,0,108,17.0,16.0,8.0,7.0,58.5,24,38.125,8,40.0,7,0,ENV_YDST_108_HR_2014_2014_2017.csv
2014-01-03,2014,1,3,4,금,0,0,108,17.0,16.0,8.0,7.0,58.416666666666664,24,61.375,8,62.714285714285715,7,0,ENV_YDST_108_HR_2014_2014_2017.csv
2014-01-04,2014,1,4,5,토,1,0,108,17.0,16.0,8.0,7.0,52.541666666666664,24,58.875,8,58.857142857142854,7,0,ENV_YDST_108_HR_2014_2014_2017.csv
2014-01-05,2014,1,5,6,일,1,0,108,17.0,16.0,8.0,7.0,44.791666666666664,24,47.75,8,49.57142857142857,7,0,ENV_YDST_108_HR_2014_2014_2017.csv
2014-01-06,2014,1,6,0,월,0,0,108,17.0,16.0,8.0,7.0,65.95833333333333,24,61.25,8,61.57142857142857,7,0,ENV_YDST_108_HR_2014_2014_2017.csv
2014-01-07,2014,1,7,1,화,0,1,108,17.0,16.0,8.0,7.0,86.625,24,78.875,8,79.0,7,0,ENV_YDST_108_HR_2014_2014_2017.csv
2014-01-08,2014,1,8,2,수,0,0,108,17.0,16.0,8.0,7.0,72.66666666666667,24,97.5,8,102.28571428571429,7,1,ENV_YDST_108_HR_2014_2014_2017.csv
2014-01-09,2014,1,9,3,목,0,0,108,17.0,16.0,8.0,7.0,22.791666666666668,24,27.75,8,29.142857142857142,7,0,ENV_YDST_108_HR_2014_2014_2017.csv
2014-01-10,2014,1,10,4,금,0,0,108,17.0,16.0,8.0,7.0,34.041666666666664,24,34.5,8,32.714285714285715,7,0,ENV_YDST_108_HR_2014_2014_2017.csv
2014-01-11,2014,1,11,5,토,1,0,108,17.0,16.0,8.0,7.0,51.958333333333336,24,44.5,8,47.0,7,0,ENV_YDST_108_HR_2014_2014_2017.csv
2014-01-12,2014,1,12,6,일,1,0,108,17.0,16.0,8.0,7.0,63.291666666666664,24,79.5,8,85.57142857142857,7,0,ENV_YDST_108_HR_2014_2014_2017.csv
2014-01-13,2014,1,13,0,월,0,0,108,17.0,16.0,8.0,7.0,33.583333333333336,24,32.0,8,31.142857142857142,7,0,ENV_YDST_108_HR_2014_2014_2017.csv
2014-01-14,2014,1,14,1,화,0,1,108,17.0,16.0,8.0,7.0,45.708333333333336,24,49.375,8,48.42857142857143,7,0,ENV_YDST_108_HR_2014_2014_2017.csv
2014-01-15,2014,1,15,2,수,0,0,108,17.0,16.0,8.0,7.0,56.083333333333336,24,55.625,8,56.0,7,0,ENV_YDST_108_HR_2014_2014_2017.csv
2014-01-16,2014,1,16,3,목,0,0,108,17.0,16.0,8.0,7.0,105.25,24,98.625,8,91.14285714285714,7,1,ENV_YDST_108_HR_2014_2014_2017.csv
2014-01-17,2014,1,17,4,금,0,0,108,17.0,16.0,8.0,7.0,124.45833333333333,24,129.25,8,138.42857142857142,7,1,ENV_YDST_108_HR_2014_2014_2017.csv
2014-01-18,2014,1,18,5,토,1,0,108,17.0,16.0,8.0,7.0,64.04166666666667,24,57.375,8,58.714285714285715,7,0,ENV_YDST_108_HR_2014_2014_2017.csv
2014-01-19,2014,1,19,6,일,1,0,108,17.0,16.0,8.0,7.0,50.208333333333336,24,46.5,8,46.857142857142854,7,0,ENV_YDST_108_HR_2014_2014_2017.csv
2014-01-20,2014,1,20,0,월,0,0,108,17.0,16.0,8.0,7.0,64.91666666666667,24,78.5,8,71.85714285714286,7,0,ENV_YDST_108_HR_2014_2014_2017.csv
2014-01-21,2014,1,21,1,화,0,1,108,17.0,16.0,8.0,7.0,112.66666666666667,24,108.75,8,104.28571428571429,7,1,ENV_YDST_108_HR_2014_2014_2017.csv
2014-01-22,2014,1,22,2,수,0,0,108,17.0,16.0,8.0,7.0,97.79166666666667,24,99.25,8,107.42857142857143,7,1,ENV_YDST_108_HR_2014_2014_2017.csv
2014-01-23,2014,1,23,3,목,0,0,108,17.0,16.0,8.0,7.0,56.75,24,61.125,8,60.285714285714285,7,0,ENV_YDST_108_HR_2014_2014_2017.csv
2014-01-24,2014,1,24,4,금,0,0,108,17.0,16.0,8.0,7.0,62.375,24,60.25,8,59.857142857142854,7,0,ENV_YDST_108_HR_2014_2014_2017.csv
2014-01-25,2014,1,25,5,토,1,0,108,17.0,16.0,8.0,7.0,49.541666666666664,24,42.75,8,43.857142857142854,7,0,ENV_YDST_108_HR_2014_2014_2017.csv
2014-01-26,2014,1,26,6,일,1,0,108,17.0,16.0,8.0,7.0,38.291666666666664,24,36.375,8,37.714285714285715,7,0,ENV_YDST_108_HR_2014_2014_2017.csv
2014-01-27,2014,1,27,0,월,0,0,108,17.0,16.0,8.0,7.0,41.17391304347826,23,45.875,8,45.714285714285715,7,0,ENV_YDST_108_HR_2014_2014_2017.csv
2014-01-28,2014,1,28,1,화,0,1,108,17.0,16.0,8.0,7.0,31.652173913043477,23,41.57142857142857,8,43.333333333333336,7,0,ENV_YDST_108_HR_2014_2014_2017.csv
2014-01-29,2014,1,29,2,수,0,0,108,17.0,16.0,8.0,7.0,40.166666666666664,24,41.5,8,42.285714285714285,7,0,ENV_YDST_108_HR_2014_2014_2017.csv
2014-01-30,2014,1,30,3,목,0,0,108,17.0,16.0,8.0,7.0,47.6,10,57.0,3,,2,0,ENV_YDST_108_HR_2014_2014_2017.csv
2014-01-31,2014,1,31,4,금,0,0,108,17.0,16.0,8.0,7.0,22.625,24,20.625,8,21.428571428571427,7,0,ENV_YDST_108_HR_2014_2014_2017.csv
2014-02-01,2014,2,1,5,토,1,0,108,17.0,16.0,8.0,7.0,25.208333333333332,24,40.5,8,41.285714285714285,7,0,ENV_YDST_108_HR_2014_2014_2017.csv
2014-02-02,2014,2,2,6,일,1,0,108,17.0,16.0,8.0,7.0,19.625,24,20.125,8,19.857142857142858,7,0,ENV_YDST_108_HR_2014_2014_2017.csv
2014-02-03,2014,2,3,0,월,0,0,108,17.0,16.0,8.0,7.0,70.29166666666667,24,99.625,8,108.14285714285714,7,1,ENV_YDST_108_HR_2014_2014_2017.csv
2014-02-04,2014,2,4,1,화,0,1,108,17.0,16.0,8.0,7.0,43.583333333333336,24,42.625,8,42.714285714285715,7,0,ENV_YDST_108_HR_2014_2014_2017.csv
2014-02-05,2014,2,5,2,수,0,0,108,17.0,16.0,8.0,7.0,46.75,24,46.75,8,46.714285714285715,7,0,ENV_YDST_108_HR_2014_2014_2017.csv
2014-02-06,2014,2,6,3,목,0,0,108,17.0,16.0,8.0,7.0,46.166666666666664,24,47.625,8,45.714285714285715,7,0,ENV_YDST_108_HR_2014_2014_2017.csv
2014-02-07,2014,2,7,4,금,0,0,108,17.0,16.0,8.0,7.0,15.708333333333334,24,13.125,8,13.428571428571429,7,0,ENV_YDST_108_HR_2014_2014_2017.csv
2014-02-08,2014,2,8,5,토,1,0,108,17.0,16.0,8.0,7.0,11.333333333333334,24,13.375,8,13.142857142857142,7,0,ENV_YDST_108_HR_2014_2014_2017.csv
2014-02-09,2014,2,9,6,일,1,0,108,17.0,16.0,8.0,7.0,20.458333333333332,24,17.375,8,17.428571428571427,7,0,ENV_YDST_108_HR_2014_2014_2017.csv
2014-02-10,2014,2,10,0,월,0,0,108,17.0,16.0,8.0,7.0,24.291666666666668,24,17.125,8,16.714285714285715,7,0,ENV_YDST_108_HR_2014_2014_2017.csv
2014-02-11,2014,2,11,1,화,0,1,108,17.0,16.0,8.0,7.0,17.458333333333332,24,12.0,8,12.571428571428571,7,0,ENV_YDST_108_HR_2014_2014_2017.csv
2014-02-12,2014,2,12,2,수,0,0,108,17.0,16.0,8.0,7.0,22.125,24,18.375,8,17.714285714285715,7,0,ENV_YDST_108_HR_2014_2014_2017.csv
2014-02-13,2014,2,13,3,목,0,0,108,17.0,16.0,8.0,7.0,23.5,24,18.125,8,18.142857142857142,7,0,ENV_YDST_108_HR_2014_2014_2017.csv
2014-02-14,2014,2,14,4,금,0,0,108,17.0,16.0,8.0,7.0,17.416666666666668,24,16.0,8,15.142857142857142,7,0,ENV_YDST_108_HR_2014_2014_2017.csv
2014-02-15,2014,2,15,5,토,1,0,108,17.0,16.0,8.0,7.0,29.5,24,25.375,8,24.714285714285715,7,0,ENV_YDST_108_HR_2014_2014_2017.csv
2014-02-16,2014,2,16,6,일,1,0,108,17.0,16.0,8.0,7.0,56.708333333333336,24,59.125,8,56.714285714285715,7,0,ENV_YDST_108_HR_2014_2014_2017.csv
2014-02-17,2014,2,17,0,월,0,0,108,17.0,16.0,8.0,7.0,83.04347826086956,23,102.42857142857143,8,102.66666666666667,7,1,ENV_YDST_108_HR_2014_2014_2017.csv
2014-02-18,2014,2,18,1,화,0,1,108,17.0,16.0,8.0,7.0,23.083333333333332,24,24.75,8,23.571428571428573,7,0,ENV_YDST_108_HR_2014_2014_2017.csv
2014-02-19,2014,2,19,2,수,0,0,108,17.0,16.0,8.0,7.0,30.333333333333332,24,27.875,8,26.857142857142858,7,0,ENV_YDST_108_HR_2014_2014_2017.csv
2014-02-20,2014,2,20,3,목,0,0,108,17.0,16.0,8.0,7.0,63.083333333333336,24,76.875,8,74.57142857142857,7,0,ENV_YDST_108_HR_2014_2014_2017.csv
2014-02-21,2014,2,21,4,금,0,0,108,17.0,16.0,8.0,7.0,63.625,24,52.625,8,55.42857142857143,7,0,ENV_YDST_108_HR_2014_2014_2017.csv
2014-02-22,2014,2,22,5,토,1,0,108,17.0,16.0,8.0,7.0,97.29166666666667,24,98.625,8,98.57142857142857,7,1,ENV_YDST_108_HR_2014_2014_2017.csv
2014-02-23,2014,2,23,6,일,1,0,108,17.0,16.0,8.0,7.0,105.33333333333333,24,99.125,8,98.57142857142857,7,1,ENV_YDST_108_HR_2014_2014_2017.csv
2014-02-24,2014,2,24,0,월,0,0,108,17.0,16.0,8.0,7.0,161.66666666666666,24,169.25,8,168.0,7,1,ENV_YDST_108_HR_2014_2014_2017.csv
2014-02-25,2014,2,25,1,화,0,1,108,17.0,16.0,8.0,7.0,180.95833333333334,24,192.75,8,198.28571428571428,7,1,ENV_YDST_108_HR_2014_2014_2017.csv
2014-02-26,2014,2,26,2,수,0,0,108,17.0,16.0,8.0,7.0,131.66666666666666,24,146.5,8,150.85714285714286,7,1,ENV_YDST_108_HR_2014_2014_2017.csv
2014-02-27,2014,2,27,3,목,0,0,108,17.0,16.0,8.0,7.0,116.91666666666667,24,116.25,8,116.0,7,1,ENV_YDST_108_HR_2014_2014_2017.csv
2014-02-28,2014,2,28,4,금,0,0,108,17.0,16.0,8.0,7.0,114.125,24,122.375,8,119.0,7,1,ENV_YDST_108_HR_2014_2014_2017.csv
2014-03-01,2014,3,1,5,토,1,0,108,18.0,17.0,9.0,8.0,96.33333333333333,24,104.11111111111111,9,107.625,8,1,ENV_YDST_108_HR_2014_2014_2017.csv
2014-03-02,2014,3,2,6,일,1,0,108,18.0,17.0,9.0,8.0,36.375,24,23.88888888888889,9,21.25,8,0,ENV_YDST_108_HR_2014_2014_2017.csv
2014-03-03,2014,3,3,0,월,0,0,108,18.0,17.0,9.0,8.0,57.791666666666664,24,64.0,9,61.25,8,0,ENV_YDST_108_HR_2014_2014_2017.csv
2014-03-04,2014,3,4,1,화,0,1,108,18.0,17.0,9.0,8.0,86.54166666666667,24,85.22222222222223,9,83.875,8,1,ENV_YDST_108_HR_2014_2014_2017.csv
2014-03-05,2014,3,5,2,수,0,0,108,18.0,17.0,9.0,8.0,47.642857142857146,14,41.4,6,41.4,6,0,ENV_YDST_108_HR_2014_2014_2017.csv
2014-03-06,2014,3,6,3,목,0,0,108,18.0,17.0,9.0,8.0,35.8,20,36.0,9,36.375,8,0,ENV_YDST_108_HR_2014_2014_2017.csv
2014-03-07,2014,3,7,4,금,0,0,108,18.0,17.0,9.0,8.0,34.291666666666664,24,39.666666666666664,9,37.75,8,0,ENV_YDST_108_HR_2014_2014_2017.csv
2014-03-08,2014,3,8,5,토,1,0,108,18.0,17.0,9.0,8.0,44.416666666666664,24,54.0,9,56.0,8,0,ENV_YDST_108_HR_2014_2014_2017.csv
2014-03-09,2014,3,9,6,일,1,0,108,18.0,17.0,9.0,8.0,39.666666666666664,24,35.111111111111114,9,36.5,8,0,ENV_YDST_108_HR_2014_2014_2017.csv
2014-03-10,2014,3,10,0,월,0,0,108,18.0,17.0,9.0,8.0,42.333333333333336,24,42.77777777777778,9,43.75,8,0,ENV_YDST_108_HR_2014_2014_2017.csv
2014-03-11,2014,3,11,1,화,0,1,108,18.0,17.0,9.0,8.0,51.583333333333336,24,48.44444444444444,9,44.25,8,0,ENV_YDST_108_HR_2014_2014_2017.csv
2014-03-12,2014,3,12,2,수,0,0,108,18.0,17.0,9.0,8.0,39.041666666666664,24,38.77777777777778,9,38.375,8,0,ENV_YDST_108_HR_2014_2014_2017.csv
2014-03-13,2014,3,13,3,목,0,0,108,18.0,17.0,9.0,8.0,46.041666666666664,24,43.666666666666664,9,44.875,8,0,ENV_YDST_108_HR_2014_2014_2017.csv
2014-03-14,2014,3,14,4,금,0,0,108,18.0,17.0,9.0,8.0,61.291666666666664,24,67.33333333333333,9,63.875,8,0,ENV_YDST_108_HR_2014_2014_2017.csv
2014-03-15,2014,3,15,5,토,1,0,108,18.0,17.0,9.0,8.0,100.375,24,103.55555555555556,9,96.875,8,1,ENV_YDST_108_HR_2014_2014_2017.csv
2014-03-16,2014,3,16,6,일,1,0,108,18.0,17.0,9.0,8.0,100.45833333333333,24,94.22222222222223,9,94.125,8,1,ENV_YDST_108_HR_2014_2014_2017.csv
2014-03-17,2014,3,17,0,월,0,0,108,18.0,17.0,9.0,8.0,66.04166666666667,24,57.55555555555556,9,58.625,8,0,ENV_YDST_108_HR_2014_2014_2017.csv
2014-03-18,2014,3,18,1,화,0,1,108,18.0,17.0,9.0,8.0,136.08333333333334,24,219.11111111111111,9,216.125,8,1,ENV_YDST_108_HR_2014_2014_2017.csv
2014-03-19,2014,3,19,2,수,0,0,108,18.0,17.0,9.0,8.0,130.625,24,111.77777777777777,9,105.125,8,1,ENV_YDST_108_HR_2014_2014_2017.csv
2014-03-20,2014,3,20,3,목,0,0,108,18.0,17.0,9.0,8.0,75.41666666666667,24,51.333333333333336,9,50.625,8,0,ENV_YDST_108_HR_2014_2014_2017.csv
2014-03-21,2014,3,21,4,금,0,0,108,18.0,17.0,9.0,8.0,32.416666666666664,24,30.11111111111111,9,29.25,8,0,ENV_YDST_108_HR_2014_2014_2017.csv
2014-03-22,2014,3,22,5,토,1,0,108,18.0,17.0,9.0,8.0,59.041666666666664,24,66.55555555555556,9,68.5,8,0,ENV_YDST_108_HR_2014_2014_2017.csv
2014-03-23,2014,3,23,6,일,1,0,108,18.0,17.0,9.0,8.0,83.54166666666667,24,83.77777777777777,9,85.0,8,1,ENV_YDST_108_HR_2014_2014_2017.csv
2014-03-24,2014,3,24,0,월,0,0,108,18.0,17.0,9.0,8.0,55.0,24,47.77777777777778,9,51.0,8,0,ENV_YDST_108_HR_2014_2014_2017.csv
2014-03-25,2014,3,25,1,화,0,1,108,18.0,17.0,9.0,8.0,57.333333333333336,24,67.33333333333333,9,66.25,8,0,ENV_YDST_108_HR_2014_2014_2017.csv
2014-03-26,2014,3,26,2,수,0,0,108,18.0,17.0,9.0,8.0,65.83333333333333,24,69.33333333333333,9,68.375,8,0,ENV_YDST_108_HR_2014_2014_2017.csv
2014-03-27,2014,3,27,3,목,0,0,108,18.0,17.0,9.0,8.0,91.04166666666667,24,99.22222222222223,9,100.5,8,1,ENV_YDST_108_HR_2014_2014_2017.csv
2014-03-28,2014,3,28,4,금,0,0,108,18.0,17.0,9.0,8.0,117.20833333333333,24,124.44444444444444,9,128.625,8,1,ENV_YDST_108_HR_2014_2014_2017.csv
2014-03-29,2014,3,29,5,토,1,0,108,18.0,17.0,9.0,8.0,52.416666666666664,24,56.333333333333336,9,59.125,8,0,ENV_YDST_108_HR_2014_2014_2017.csv
2014-03-30,2014,3,30,6,일,1,0,108,18.0,17.0,9.0,8.0,38.791666666666664,24,33.22222222222222,9,29.75,8,0,ENV_YDST_108_HR_2014_2014_2017.csv
2014-03-31,2014,3,31,0,월,0,0,108,18.0,17.0,9.0,8.0,67.33333333333333,24,72.44444444444444,9,71.125,8,0,ENV_YDST_108_HR_2014_2014_2017.csv
2014-04-01,2014,4,1,1,화,0,1,108,18.0,17.0,9.0,8.0,78.20833333333333,24,76.88888888888889,9,76.375,8,0,ENV_YDST_108_HR_2014_2014_2017.csv
2014-04-02,2014,4,2,2,수,0,0,108,18.0,17.0,9.0,8.0,66.70833333333333,24,66.11111111111111,9,67.625,8,0,ENV_YDST_108_HR_2014_2014_2017.csv
2014-04-03,2014,4,3,3,목,0,0,108,18.0,17.0,9.0,8.0,59.65217391304348,23,66.55555555555556,9,68.5,8,0,ENV_YDST_108_HR_2014_2014_2017.csv
2014-04-04,2014,4,4,4,금,0,0,108,18.0,17.0,9.0,8.0,29.0,17,30.22222222222222,9,29.25,8,0,ENV_YDST_108_HR_2014_2014_2017.csv
2014-04-05,2014,4,5,5,토,1,0,108,18.0,17.0,9.0,8.0,44.375,24,50.44444444444444,9,49.0,8,0,ENV_YDST_108_HR_2014_2014_2017.csv
2014-04-06,2014,4,6,6,일,1,0,108,18.0,17.0,9.0,8.0,42.875,24,38.333333333333336,9,36.125,8,0,ENV_YDST_108_HR_2014_2014_2017.csv
2014-04-07,2014,4,7,0,월,0,0,108,18.0,17.0,9.0,8.0,70.79166666666667,24,83.77777777777777,9,82.25,8,1,ENV_YDST_108_HR_2014_2014_2017.csv
2014-04-08,2014,4,8,1,화,0,1,108,18.0,17.0,9.0,8.0,50.791666666666664,24,64.44444444444444,9,64.75,8,0,ENV_YDST_108_HR_2014_2014_2017.csv
2014-04-09,2014,4,9,2,수,0,0,108,18.0,17.0,9.0,8.0,69.0,24,85.33333333333333,9,85.75,8,1,ENV_YDST_108_HR_2014_2014_2017.csv
2014-04-10,2014,4,10,3,목,0,0,108,18.0,17.0,9.0,8.0,61.375,24,72.33333333333333,9,70.75,8,0,ENV_YDST_108_HR_2014_2014_2017.csv
2014-04-11,2014,4,11,4,금,0,0,108,18.0,17.0,9.0,8.0,69.54166666666667,24,67.0,9,67.5,8,0,ENV_YDST_108_HR_2014_2014_2017.csv
2014-04-12,2014,4,12,5,토,1,0,108,18.0,17.0,9.0,8.0,76.29166666666667,24,83.11111111111111,9,82.875,8,1,ENV_YDST_108_HR_2014_2014_2017.csv
2014-04-13,2014,4,13,6,일,1,0,108,18.0,17.0,9.0,8.0,74.58333333333333,24,74.0,9,70.625,8,0,ENV_YDST_108_HR_2014_2014_2017.csv
2014-04-14,2014,4,14,0,월,0,0,108,18.0,17.0,9.0,8.0,71.0,24,69.55555555555556,9,70.875,8,0,ENV_YDST_108_HR_2014_2014_2017.csv
2014-04-15,2014,4,15,1,화,0,1,108,18.0,17.0,9.0,8.0,78.70833333333333,24,84.44444444444444,9,84.625,8,1,ENV_YDST_108_HR_2014_2014_2017.csv
2014-04-16,2014,4,16,2,수,0,0,108,18.0,17.0,9.0,8.0,157.58333333333334,24,194.0,9,194.125,8,1,ENV_YDST_108_HR_2014_2014_2017.csv
2014-04-17,2014,4,17,3,목,0,0,108,18.0,17.0,9.0,8.0,94.25,24,109.77777777777777,9,107.0,8,1,ENV_YDST_108_HR_2014_2014_2017.csv
2014-04-18,2014,4,18,4,금,0,0,108,18.0,17.0,9.0,8.0,62.875,24,72.66666666666667,9,71.625,8,0,ENV_YDST_108_HR_2014_2014_2017.csv
2014-04-19,2014,4,19,5,토,1,0,108,18.0,17.0,9.0,8.0,48.458333333333336,24,38.888888888888886,9,39.25,8,0,ENV_YDST_108_HR_2014_2014_2017.csv
2014-04-20,2014,4,20,6,일,1,0,108,18.0,17.0,9.0,8.0,41.083333333333336,24,43.0,9,42.25,8,0,ENV_YDST_108_HR_2014_2014_2017.csv
2014-04-21,2014,4,21,0,월,0,0,108,18.0,17.0,9.0,8.0,55.875,24,59.333333333333336,9,61.25,8,0,ENV_YDST_108_HR_2014_2014_2017.csv
2014-04-22,2014,4,22,1,화,0,1,108,18.0,17.0,9.0,8.0,60.5,24,62.77777777777778,9,61.375,8,0,ENV_YDST_108_HR_2014_2014_2017.csv
2014-04-23,2014,4,23,2,수,0,0,108,18.0,17.0,9.0,8.0,87.375,24,91.22222222222223,9,90.5,8,1,ENV_YDST_108_HR_2014_2014_2017.csv
2014-04-24,2014,4,24,3,목,0,0,108,18.0,17.0,9.0,8.0,117.70833333333333,24,119.77777777777777,9,124.0,8,1,ENV_YDST_108_HR_2014_2014_2017.csv
2014-04-25,2014,4,25,4,금,0,0,108,18.0,17.0,9.0,8.0,67.625,24,84.33333333333333,9,86.375,8,1,ENV_YDST_108_HR_2014_2014_2017.csv
2014-04-26,2014,4,26,5,토,1,0,108,18.0,17.0,9.0,8.0,54.458333333333336,24,66.0,9,67.125,8,0,ENV_YDST_108_HR_2014_2014_2017.csv
2014-04-27,2014,4,27,6,일,1,0,108,18.0,17.0,9.0,8.0,26.583333333333332,24,21.555555555555557,9,21.625,8,0,ENV_YDST_108_HR_2014_2014_2017.csv
2014-04-28,2014,4,28,0,월,0,0,108,18.0,17.0,9.0,8.0,13.391304347826088,23,12.125,9,13.428571428571429,8,0,ENV_YDST_108_HR_2014_2014_2017.csv
2014-04-29,2014,4,29,1,화,0,1,108,18.0,17.0,9.0,8.0,17.523809523809526,21,20.77777777777778,9,14.75,8,0,ENV_YDST_108_HR_2014_2014_2017.csv
2014-04-30,2014,4,30,2,수,0,0,108,18.0,17.0,9.0,8.0,26.916666666666668,24,21.22222222222222,9,20.375,8,0,ENV_YDST_108_HR_2014_2014_2017.csv
2014-05-01,2014,5,1,3,목,0,0,108,18.0,17.0,9.0,8.0,55.25,24,56.666666666666664,9,57.5,8,0,ENV_YDST_108_HR_2014_2014_2017.csv
2014-05-02,2014,5,2,4,금,0,0,108,18.0,17.0,9.0,8.0,83.04166666666667,24,88.0,9,83.75,8,1,ENV_YDST_108_HR_2014_2014_2017.csv
2014-05-03,2014,5,3,5,토,1,0,108,18.0,17.0,9.0,8.0,31.208333333333332,24,35.333333333333336,9,34.0,8,0,ENV_YDST_108_HR_2014_2014_2017.csv
2014-05-04,2014,5,4,6,일,1,0,108,18.0,17.0,9.0,8.0,43.958333333333336,24,57.44444444444444,9,58.5,8,0,ENV_YDST_108_HR_2014_2014_2017.csv
2014-05-05,2014,5,5,0,월,0,0,108,18.0,17.0,9.0,8.0,41.416666666666664,24,47.22222222222222,9,46.875,8,0,ENV_YDST_108_HR_2014_2014_2017.csv
2014-05-06,2014,5,6,1,화,0,1,108,18.0,17.0,9.0,8.0,45.833333333333336,24,47.666666666666664,9,47.875,8,0,ENV_YDST_108_HR_2014_2014_2017.csv
2014-05-07,2014,5,7,2,수,0,0,108,18.0,17.0,9.0,8.0,49.541666666666664,24,65.44444444444444,9,64.875,8,0,ENV_YDST_108_HR_2014_2014_2017.csv
2014-05-08,2014,5,8,3,목,0,0,108,18.0,17.0,9.0,8.0,33.5,24,33.666666666666664,9,33.625,8,0,ENV_YDST_108_HR_2014_2014_2017.csv
2014-05-09,2014,5,9,4,금,0,0,108,18.0,17.0,9.0,8.0,47.541666666666664,24,49.77777777777778,9,51.75,8,0,ENV_YDST_108_HR_2014_2014_2017.csv
2014-05-10,2014,5,10,5,토,1,0,108,18.0,17.0,9.0,8.0,41.0,24,35.111111111111114,9,34.875,8,0,ENV_YDST_108_HR_2014_2014_2017.csv
2014-05-11,2014,5,11,6,일,1,0,108,18.0,17.0,9.0,8.0,33.958333333333336,24,37.0,9,35.375,8,0,ENV_YDST_108_HR_2014_2014_2017.csv
2014-05-12,2014,5,12,0,월,0,0,108,18.0,17.0,9.0,8.0,40.083333333333336,24,37.0,9,34.375,8,0,ENV_YDST_108_HR_2014_2014_2017.csv
2014-05-13,2014,5,13,1,화,0,1,108,18.0,17.0,9.0,8.0,93.45833333333333,24,87.33333333333333,9,86.5,8,1,ENV_YDST_108_HR_2014_2014_2017.csv
2014-05-14,2014,5,14,2,수,0,0,108,18.0,17.0,9.0,8.0,82.41666666666667,24,70.22222222222223,9,69.0,8,0,ENV_YDST_108_HR_2014_2014_2017.csv
2014-05-15,2014,5,15,3,목,0,0,108,18.0,17.0,9.0,8.0,52.25,24,52.666666666666664,9,53.25,8,0,ENV_YDST_108_HR_2014_2014_2017.csv
2014-05-16,2014,5,16,4,금,0,0,108,18.0,17.0,9.0,8.0,57.25,24,52.44444444444444,9,52.5,8,0,ENV_YDST_108_HR_2014_2014_2017.csv
2014-05-17,2014,5,17,5,토,1,0,108,18.0,17.0,9.0,8.0,59.25,24,75.77777777777777,9,78.75,8,0,ENV_YDST_108_HR_2014_2014_2017.csv
2014-05-18,2014,5,18,6,일,1,0,108,18.0,17.0,9.0,8.0,53.791666666666664,24,59.22222222222222,9,58.875,8,0,ENV_YDST_108_HR_2014_2014_2017.csv
2014-05-19,2014,5,19,0,월,0,0,108,18.0,17.0,9.0,8.0,60.833333333333336,24,71.11111111111111,9,71.625,8,0,ENV_YDST_108_HR_2014_2014_2017.csv
2014-05-20,2014,5,20,1,화,0,1,108,18.0,17.0,9.0,8.0,73.75,24,79.88888888888889,9,79.375,8,0,ENV_YDST_108_HR_2014_2014_2017.csv
2014-05-21,2014,5,21,2,수,0,0,108,18.0,17.0,9.0,8.0,61.666666666666664,24,58.22222222222222,9,57.375,8,0,ENV_YDST_108_HR_2014_2014_2017.csv
2014-05-22,2014,5,22,3,목,0,0,108,18.0,17.0,9.0,8.0,51.5,24,56.888888888888886,9,53.75,8,0,ENV_YDST_108_HR_2014_2014_2017.csv
2014-05-23,2014,5,23,4,금,0,0,108,18.0,17.0,9.0,8.0,74.04166666666667,24,85.88888888888889,9,83.75,8,1,ENV_YDST_108_HR_2014_2014_2017.csv
2014-05-24,2014,5,24,5,토,1,0,108,18.0,17.0,9.0,8.0,67.20833333333333,24,72.55555555555556,9,69.5,8,0,ENV_YDST_108_HR_2014_2014_2017.csv
2014-05-25,2014,5,25,6,일,1,0,108,18.0,17.0,9.0,8.0,51.166666666666664,24,48.55555555555556,9,50.625,8,0,ENV_YDST_108_HR_2014_2014_2017.csv
2014-05-26,2014,5,26,0,월,0,0,108,18.0,17.0,9.0,8.0,83.45833333333333,24,125.44444444444444,9,130.625,8,1,ENV_YDST_108_HR_2014_2014_2017.csv
2014-05-27,2014,5,27,1,화,0,1,108,18.0,17.0,9.0,8.0,166.79166666666666,24,182.22222222222223,9,180.625,8,1,ENV_YDST_108_HR_2014_2014_2017.csv
2014-05-28,2014,5,28,2,수,0,0,108,18.0,17.0,9.0,8.0,186.0,24,190.33333333333334,9,185.625,8,1,ENV_YDST_108_HR_2014_2014_2017.csv
2014-05-29,2014,5,29,3,목,0,0,108,18.0,17.0,9.0,8.0,140.0,24,142.33333333333334,9,151.625,8,1,ENV_YDST_108_HR_2014_2014_2017.csv
2014-05-30,2014,5,30,4,금,0,0,108,18.0,17.0,9.0,8.0,78.0,24,83.55555555555556,9,81.625,8,1,ENV_YDST_108_HR_2014_2014_2017.csv
2014-05-31,2014,5,31,5,토,1,0,108,18.0,17.0,9.0,8.0,116.25,24,144.88888888888889,9,135.875,8,1,ENV_YDST_108_HR_2014_2014_2017.csv
2014-06-01,2014,6,1,6,일,1,0,108,18.5,17.5,9.5,8.5,93.16666666666667,24,93.8,10,93.55555555555556,9,1,ENV_YDST_108_HR_2014_2014_2017.csv
2014-06-02,2014,6,2,0,월,0,0,108,18.5,17.5,9.5,8.5,85.54166666666667,24,84.7,10,85.22222222222223,9,1,ENV_YDST_108_HR_2014_2014_2017.csv
2014-06-03,2014,6,3,1,화,0,1,108,18.5,17.5,9.5,8.5,27.666666666666668,24,14.7,10,14.777777777777779,9,0,ENV_YDST_108_HR_2014_2014_2017.csv
2014-06-04,2014,6,4,2,수,0,0,108,18.5,17.5,9.5,8.5,20.666666666666668,24,17.3,10,17.333333333333332,9,0,ENV_YDST_108_HR_2014_2014_2017.csv
2014-06-05,2014,6,5,3,목,0,0,108,18.5,17.5,9.5,8.5,18.25,24,13.8,10,14.11111111111111,9,0,ENV_YDST_108_HR_2014_2014_2017.csv
2014-06-06,2014,6,6,4,금,0,0,108,18.5,17.5,9.5,8.5,28.0,24,29.8,10,27.77777777777778,9,0,ENV_YDST_108_HR_2014_2014_2017.csv
2014-06-07,2014,6,7,5,토,1,0,108,18.5,17.5,9.5,8.5,37.041666666666664,24,40.8,10,41.77777777777778,9,0,ENV_YDST_108_HR_2014_2014_2017.csv
2014-06-08,2014,6,8,6,일,1,0,108,18.5,17.5,9.5,8.5,32.166666666666664,24,32.0,10,31.88888888888889,9,0,ENV_YDST_108_HR_2014_2014_2017.csv
2014-06-09,2014,6,9,0,월,0,0,108,18.5,17.5,9.5,8.5,41.083333333333336,24,42.8,10,41.77777777777778,9,0,ENV_YDST_108_HR_2014_2014_2017.csv
2014-06-10,2014,6,10,1,화,0,1,108,18.5,17.5,9.5,8.5,35.86363636363637,22,31.9,10,30.22222222222222,9,0,ENV_YDST_108_HR_2014_2014_2017.csv
2014-06-11,2014,6,11,2,수,0,0,108,18.5,17.5,9.5,8.5,21.23076923076923,13,18.625,8,19.285714285714285,7,0,ENV_YDST_108_HR_2014_2014_2017.csv
2014-06-12,2014,6,12,3,목,0,0,108,18.5,17.5,9.5,8.5,25.90909090909091,11,21.0,6,19.6,5,0,ENV_YDST_108_HR_2014_2014_2017.csv
2014-06-13,2014,6,13,4,금,0,0,108,18.5,17.5,9.5,8.5,53.041666666666664,24,48.4,10,48.22222222222222,9,0,ENV_YDST_108_HR_2014_2014_2017.csv
2014-06-14,2014,6,14,5,토,1,0,108,18.5,17.5,9.5,8.5,41.458333333333336,24,46.5,10,47.0,9,0,ENV_YDST_108_HR_2014_2014_2017.csv
2014-06-15,2014,6,15,6,일,1,0,108,18.5,17.5,9.5,8.5,42.75,24,41.5,10,42.333333333333336,9,0,ENV_YDST_108_HR_2014_2014_2017.csv
2014-06-16,2014,6,16,0,월,0,0,108,18.5,17.5,9.5,8.5,38.958333333333336,24,35.5,10,34.666666666666664,9,0,ENV_YDST_108_HR_2014_2014_2017.csv
2014-06-17,2014,6,17,1,화,0,1,108,18.5,17.5,9.5,8.5,76.58333333333333,24,82.0,10,77.88888888888889,9,1,ENV_YDST_108_HR_2014_2014_2017.csv
2014-06-18,2014,6,18,2,수,0,0,108,18.5,17.5,9.5,8.5,57.958333333333336,24,65.0,10,63.44444444444444,9,0,ENV_YDST_108_HR_2014_2014_2017.csv
2014-06-19,2014,6,19,3,목,0,0,108,18.5,17.5,9.5,8.5,52.583333333333336,24,42.1,10,41.666666666666664,9,0,ENV_YDST_108_HR_2014_2014_2017.csv
2014-06-20,2014,6,20,4,금,0,0,108,18.5,17.5,9.5,8.5,52.291666666666664,24,54.2,10,54.333333333333336,9,0,ENV_YDST_108_HR_2014_2014_2017.csv
2014-06-21,2014,6,21,5,토,1,0,108,18.5,17.5,9.5,8.5,23.291666666666668,24,26.7,10,24.333333333333332,9,0,ENV_YDST_108_HR_2014_2014_2017.csv
2014-06-22,2014,6,22,6,일,1,0,108,18.5,17.5,9.5,8.5,22.041666666666668,24,23.6,10,22.555555555555557,9,0,ENV_YDST_108_HR_2014_2014_2017.csv
2014-06-23,2014,6,23,0,월,0,0,108,18.5,17.5,9.5,8.5,34.18181818181818,11,39.5,3,39.5,3,0,ENV_YDST_108_HR_2014_2014_2017.csv
2014-06-24,2014,6,24,1,화,0,1,108,18.5,17.5,9.5,8.5,36.666666666666664,24,39.4,10,41.0,9,0,ENV_YDST_108_HR_2014_2014_2017.csv
2014-06-25,2014,6,25,2,수,0,0,108,18.5,17.5,9.5,8.5,51.0,24,54.0,10,54.111111111111114,9,0,ENV_YDST_108_HR_2014_2014_2017.csv
2014-06-26,2014,6,26,3,목,0,0,108,18.5,17.5,9.5,8.5,46.208333333333336,24,49.3,10,49.22222222222222,9,0,ENV_YDST_108_HR_2014_2014_2017.csv
2014-06-27,2014,6,27,4,금,0,0,108,18.5,17.5,9.5,8.5,34.333333333333336,24,38.2,10,36.77777777777778,9,0,ENV_YDST_108_HR_2014_2014_2017.csv
2014-06-28,2014,6,28,5,토,1,0,108,18.5,17.5,9.5,8.5,38.17391304347826,23,36.888888888888886,10,36.75,9,0,ENV_YDST_108_HR_2014_2014_2017.csv
2014-06-29,2014,6,29,6,일,1,0,108,18.5,17.5,9.5,8.5,33.5,24,32.3,10,31.555555555555557,9,0,ENV_YDST_108_HR_2014_2014_2017.csv
2014-06-30,2014,6,30,0,월,0,0,108,18.5,17.5,9.5,8.5,36.583333333333336,24,40.6,10,41.333333333333336,9,0,ENV_YDST_108_HR_2014_2014_2017.csv
2014-07-01,2014,7,1,1,화,0,1,108,18.5,17.5,9.5,8.5,44.125,24,48.5,10,46.333333333333336,9,0,ENV_YDST_108_HR_2014_2014_2017.csv
2014-07-02,2014,7,2,2,수,0,0,108,18.5,17.5,9.5,8.5,78.45833333333333,24,90.6,10,83.44444444444444,9,1,ENV_YDST_108_HR_2014_2014_2017.csv
2014-07-03,2014,7,3,3,목,0,0,108,18.5,17.5,9.5,8.5,22.041666666666668,24,21.7,10,22.555555555555557,9,0,ENV_YDST_108_HR_2014_2014_2017.csv
2014-07-04,2014,7,4,4,금,0,0,108,18.5,17.5,9.5,8.5,18.26086956521739,23,18.3,10,18.22222222222222,9,0,ENV_YDST_108_HR_2014_2014_2017.csv
2014-07-05,2014,7,5,5,토,1,0,108,18.5,17.5,9.5,8.5,32.208333333333336,24,41.6,10,43.111111111111114,9,0,ENV_YDST_108_HR_2014_2014_2017.csv
2014-07-06,2014,7,6,6,일,1,0,108,18.5,17.5,9.5,8.5,26.833333333333332,24,22.8,10,23.333333333333332,9,0,ENV_YDST_108_HR_2014_2014_2017.csv
2014-07-07,2014,7,7,0,월,0,0,108,18.5,17.5,9.5,8.5,36.625,24,45.9,10,45.22222222222222,9,0,ENV_YDST_108_HR_2014_2014_2017.csv
2014-07-08,2014,7,8,1,화,0,1,108,18.5,17.5,9.5,8.5,30.0,24,31.4,10,31.444444444444443,9,0,ENV_YDST_108_HR_2014_2014_2017.csv
2014-07-09,2014,7,9,2,수,0,0,108,18.5,17.5,9.5,8.5,22.291666666666668,24,20.7,10,21.666666666666668,9,0,ENV_YDST_108_HR_2014_2014_2017.csv
2014-07-10,2014,7,10,3,목,0,0,108,18.5,17.5,9.5,8.5,34.43478260869565,23,48.2,10,48.77777777777778,9,0,ENV_YDST_108_HR_2014_2014_2017.csv
2014-07-11,2014,7,11,4,금,0,0,108,18.5,17.5,9.5,8.5,61.75,24,56.7,10,53.77777777777778,9,0,ENV_YDST_108_HR_2014_2014_2017.csv
2014-07-12,2014,7,12,5,토,1,0,108,18.5,17.5,9.5,8.5,77.625,24,80.5,10,82.11111111111111,9,0,ENV_YDST_108_HR_2014_2014_2017.csv
2014-07-13,2014,7,13,6,일,1,0,108,18.5,17.5,9.5,8.5,55.0,24,51.7,10,51.888888888888886,9,0,ENV_YDST_108_HR_2014_2014_2017.csv
2014-07-14,2014,7,14,0,월,0,0,108,18.5,17.5,9.5,8.5,80.875,24,78.5,10,77.88888888888889,9,0,ENV_YDST_108_HR_2014_2014_2017.csv
2014-07-15,2014,7,15,1,화,0,1,108,18.5,17.5,9.5,8.5,90.33333333333333,24,85.1,10,84.0,9,1,ENV_YDST_108_HR_2014_2014_2017.csv
2014-07-16,2014,7,16,2,수,0,0,108,18.5,17.5,9.5,8.5,54.25,24,45.8,10,45.333333333333336,9,0,ENV_YDST_108_HR_2014_2014_2017.csv
2014-07-17,2014,7,17,3,목,0,0,108,18.5,17.5,9.5,8.5,22.916666666666668,24,28.9,10,28.555555555555557,9,0,ENV_YDST_108_HR_2014_2014_2017.csv
2014-07-18,2014,7,18,4,금,0,0,108,18.5,17.5,9.5,8.5,17.047619047619047,21,17.5,10,17.11111111111111,9,0,ENV_YDST_108_HR_2014_2014_2017.csv
2014-07-19,2014,7,19,5,토,1,0,108,18.5,17.5,9.5,8.5,45.583333333333336,24,55.5,10,55.55555555555556,9,0,ENV_YDST_108_HR_2014_2014_2017.csv
2014-07-20,2014,7,20,6,일,1,0,108,18.5,17.5,9.5,8.5,57.416666666666664,24,62.3,10,61.44444444444444,9,0,ENV_YDST_108_HR_2014_2014_2017.csv
2014-07-21,2014,7,21,0,월,0,0,108,18.5,17.5,9.5,8.5,53.541666666666664,24,61.7,10,63.333333333333336,9,0,ENV_YDST_108_HR_2014_2014_2017.csv
2014-07-22,2014,7,22,1,화,0,1,108,18.5,17.5,9.5,8.5,19.25,24,23.4,10,22.77777777777778,9,0,ENV_YDST_108_HR_2014_2014_2017.csv
2014-07-23,2014,7,23,2,수,0,0,108,18.5,17.5,9.5,8.5,19.0,24,21.9,10,21.444444444444443,9,0,ENV_YDST_108_HR_2014_2014_2017.csv
2014-07-24,2014,7,24,3,목,0,0,108,18.5,17.5,9.5,8.5,12.304347826086957,23,11.4,10,11.444444444444445,9,0,ENV_YDST_108_HR_2014_2014_2017.csv
2014-07-25,2014,7,25,4,금,0,0,108,18.5,17.5,9.5,8.5,17.695652173913043,23,21.4,10,22.444444444444443,9,0,ENV_YDST_108_HR_2014_2014_2017.csv
2014-07-26,2014,7,26,5,토,1,0,108,18.5,17.5,9.5,8.5,33.083333333333336,24,27.7,10,25.666666666666668,9,0,ENV_YDST_108_HR_2014_2014_2017.csv
2014-07-27,2014,7,27,6,일,1,0,108,18.5,17.5,9.5,8.5,82.08333333333333,24,68.6,10,70.77777777777777,9,0,ENV_YDST_108_HR_2014_2014_2017.csv
2014-07-28,2014,7,28,0,월,0,0,108,18.5,17.5,9.5,8.5,61.041666666666664,24,47.2,10,47.55555555555556,9,0,ENV_YDST_108_HR_2014_2014_2017.csv
2014-07-29,2014,7,29,1,화,0,1,108,18.5,17.5,9.5,8.5,41.708333333333336,24,22.2,10,21.88888888888889,9,0,ENV_YDST_108_HR_2014_2014_2017.csv
2014-07-30,2014,7,30,2,수,0,0,108,18.5,17.5,9.5,8.5,27.75,24,30.8,10,31.0,9,0,ENV_YDST_108_HR_2014_2014_2017.csv
2014-07-31,2014,7,31,3,목,0,0,108,18.5,17.5,9.5,8.5,27.695652173913043,23,34.8,10,34.77777777777778,9,0,ENV_YDST_108_HR_2014_2014_2017.csv
2014-08-01,2014,8,1,4,금,0,0,108,18.5,17.5,9.5,8.5,16.541666666666668,24,15.1,10,16.0,9,0,ENV_YDST_108_HR_2014_2014_2017.csv
2014-08-02,2014,8,2,5,토,1,0,108,18.5,17.5,9.5,8.5,13.833333333333334,24,16.2,10,16.11111111111111,9,0,ENV_YDST_108_HR_2014_2014_2017.csv
2014-08-03,2014,8,3,6,일,1,0,108,18.5,17.5,9.5,8.5,9.666666666666666,24,9.1,10,9.444444444444445,9,0,ENV_YDST_108_HR_2014_2014_2017.csv
2014-08-04,2014,8,4,0,월,0,0,108,18.5,17.5,9.5,8.5,11.375,24,10.3,10,9.777777777777779,9,0,ENV_YDST_108_HR_2014_2014_2017.csv
2014-08-05,2014,8,5,1,화,0,1,108,18.5,17.5,9.5,8.5,48.041666666666664,24,66.2,10,65.33333333333333,9,0,ENV_YDST_108_HR_2014_2014_2017.csv
2014-08-06,2014,8,6,2,수,0,0,108,18.5,17.5,9.5,8.5,45.416666666666664,24,39.0,10,38.77777777777778,9,0,ENV_YDST_108_HR_2014_2014_2017.csv
2014-08-07,2014,8,7,3,목,0,0,108,18.5,17.5,9.5,8.5,43.541666666666664,24,42.9,10,40.666666666666664,9,0,ENV_YDST_108_HR_2014_2014_2017.csv
2014-08-08,2014,8,8,4,금,0,0,108,18.5,17.5,9.5,8.5,23.625,24,16.3,10,16.77777777777778,9,0,ENV_YDST_108_HR_2014_2014_2017.csv
2014-08-09,2014,8,9,5,토,1,0,108,18.5,17.5,9.5,8.5,20.166666666666668,24,23.5,10,23.22222222222222,9,0,ENV_YDST_108_HR_2014_2014_2017.csv
2014-08-10,2014,8,10,6,일,1,0,108,18.5,17.5,9.5,8.5,11.636363636363637,22,9.5,10,9.666666666666666,9,0,ENV_YDST_108_HR_2014_2014_2017.csv
2014-08-11,2014,8,11,0,월,0,0,108,18.5,17.5,9.5,8.5,25.083333333333332,24,27.4,10,26.555555555555557,9,0,ENV_YDST_108_HR_2014_2014_2017.csv
2014-08-12,2014,8,12,1,화,0,1,108,18.5,17.5,9.5,8.5,58.583333333333336,24,56.2,10,55.888888888888886,9,0,ENV_YDST_108_HR_2014_2014_2017.csv
2014-08-13,2014,8,13,2,수,0,0,108,18.5,17.5,9.5,8.5,72.79166666666667,24,73.3,10,77.11111111111111,9,0,ENV_YDST_108_HR_2014_2014_2017.csv
2014-08-14,2014,8,14,3,목,0,0,108,18.5,17.5,9.5,8.5,29.041666666666668,24,29.2,10,29.77777777777778,9,0,ENV_YDST_108_HR_2014_2014_2017.csv
2014-08-15,2014,8,15,4,금,0,0,108,18.5,17.5,9.5,8.5,33.208333333333336,24,27.0,10,25.88888888888889,9,0,ENV_YDST_108_HR_2014_2014_2017.csv
2014-08-16,2014,8,16,5,토,1,0,108,18.5,17.5,9.5,8.5,39.875,24,43.7,10,44.333333333333336,9,0,ENV_YDST_108_HR_2014_2014_2017.csv
2014-08-17,2014,8,17,6,일,1,0,108,18.5,17.5,9.5,8.5,32.69565217391305,23,33.6,10,35.44444444444444,9,0,ENV_YDST_108_HR_2014_2014_2017.csv
2014-08-18,2014,8,18,0,월,0,0,108,18.5,17.5,9.5,8.5,15.4,10,13.0,2,13.0,2,0,ENV_YDST_108_HR_2014_2014_2017.csv
2014-08-19,2014,8,19,1,화,0,1,108,18.5,17.5,9.5,8.5,21.266666666666666,15,15.4,10,12.666666666666666,9,0,ENV_YDST_108_HR_2014_2014_2017.csv
2014-08-20,2014,8,20,2,수,0,0,108,18.5,17.5,9.5,8.5,34.666666666666664,24,29.4,10,28.77777777777778,9,0,ENV_YDST_108_HR_2014_2014_2017.csv
2014-08-21,2014,8,21,3,목,0,0,108,18.5,17.5,9.5,8.5,21.55,20,9.0,10,9.0,9,0,ENV_YDST_108_HR_2014_2014_2017.csv
2014-08-22,2014,8,22,4,금,0,0,108,18.5,17.5,9.5,8.5,69.83333333333333,24,86.8,10,81.88888888888889,9,1,ENV_YDST_108_HR_2014_2014_2017.csv
2014-08-23,2014,8,23,5,토,1,0,108,18.5,17.5,9.5,8.5,81.0,24,87.1,10,89.33333333333333,9,1,ENV_YDST_108_HR_2014_2014_2017.csv
2014-08-24,2014,8,24,6,일,1,0,108,18.5,17.5,9.5,8.5,56.0,24,53.8,10,52.111111111111114,9,0,ENV_YDST_108_HR_2014_2014_2017.csv
2014-08-25,2014,8,25,0,월,0,0,108,18.5,17.5,9.5,8.5,51.2,15,40.666666666666664,6,40.666666666666664,6,0,ENV_YDST_108_HR_2014_2014_2017.csv
2014-08-26,2014,8,26,1,화,0,1,108,18.5,17.5,9.5,8.5,13.333333333333334,6,28.0,1,,0,0,ENV_YDST_108_HR_2014_2014_2017.csv
2014-08-27,2014,8,27,2,수,0,0,108,18.5,17.5,9.5,8.5,10.285714285714286,21,11.1,10,10.555555555555555,9,0,ENV_YDST_108_HR_2014_2014_2017.csv
2014-08-28,2014,8,28,3,목,0,0,108,18.5,17.5,9.5,8.5,17.833333333333332,24,17.9,10,16.77777777777778,9,0,ENV_YDST_108_HR_2014_2014_2017.csv
2014-08-29,2014,8,29,4,금,0,0,108,18.5,17.5,9.5,8.5,25.818181818181817,22,23.8,10,22.444444444444443,9,0,ENV_YDST_108_HR_2014_2014_2017.csv
2014-08-30,2014,8,30,5,토,1,0,108,18.5,17.5,9.5,8.5,19.6,15,11.9,10,11.666666666666666,9,0,ENV_YDST_108_HR_2014_2014_2017.csv
2014-08-31,2014,8,31,6,일,1,0,108,18.5,17.5,9.5,8.5,24.208333333333332,24,19.7,10,19.444444444444443,9,0,ENV_YDST_108_HR_2014_2014_2017.csv
2014-09-01,2014,9,1,0,월,0,0,108,18.0,17.0,9.0,8.0,31.333333333333332,24,28.22222222222222,9,26.875,8,0,ENV_YDST_108_HR_2014_2014_2017.csv
2014-09-02,2014,9,2,1,화,0,1,108,18.0,17.0,9.0,8.0,19.708333333333332,24,18.88888888888889,9,19.25,8,0,ENV_YDST_108_HR_2014_2014_2017.csv
2014-09-03,2014,9,3,2,수,0,0,108,18.0,17.0,9.0,8.0,6.833333333333333,18,6.875,9,6.142857142857143,8,0,ENV_YDST_108_HR_2014_2014_2017.csv
2014-09-04,2014,9,4,3,목,0,0,108,18.0,17.0,9.0,8.0,16.47826086956522,23,18.11111111111111,9,16.375,8,0,ENV_YDST_108_HR_2014_2014_2017.csv
2014-09-05,2014,9,5,4,금,0,0,108,18.0,17.0,9.0,8.0,27.041666666666668,24,29.22222222222222,9,29.875,8,0,ENV_YDST_108_HR_2014_2014_2017.csv
2014-09-06,2014,9,6,5,토,1,0,108,18.0,17.0,9.0,8.0,32.875,24,36.0,9,35.5,8,0,ENV_YDST_108_HR_2014_2014_2017.csv
2014-09-07,2014,9,7,6,일,1,0,108,18.0,17.0,9.0,8.0,44.583333333333336,24,44.0,9,42.875,8,0,ENV_YDST_108_HR_2014_2014_2017.csv
2014-09-08,2014,9,8,0,월,0,0,108,18.0,17.0,9.0,8.0,47.958333333333336,24,51.44444444444444,9,50.625,8,0,ENV_YDST_108_HR_2014_2014_2017.csv
2014-09-09,2014,9,9,1,화,0,1,108,18.0,17.0,9.0,8.0,65.625,24,57.888888888888886,9,63.125,8,0,ENV_YDST_108_HR_2014_2014_2017.csv
2014-09-10,2014,9,10,2,수,0,0,108,18.0,17.0,9.0,8.0,26.291666666666668,24,26.666666666666668,9,26.5,8,0,ENV_YDST_108_HR_2014_2014_2017.csv
2014-09-11,2014,9,11,3,목,0,0,108,18.0,17.0,9.0,8.0,34.5,24,34.55555555555556,9,34.875,8,0,ENV_YDST_108_HR_2014_2014_2017.csv
2014-09-12,2014,9,12,4,금,0,0,108,18.0,17.0,9.0,8.0,36.0,24,35.111111111111114,9,34.75,8,0,ENV_YDST_108_HR_2014_2014_2017.csv
2014-09-13,2014,9,13,5,토,1,0,108,18.0,17.0,9.0,8.0,21.0,24,16.333333333333332,9,16.125,8,0,ENV_YDST_108_HR_2014_2014_2017.csv
2014-09-14,2014,9,14,6,일,1,0,108,18.0,17.0,9.0,8.0,14.625,24,12.88888888888889,9,13.125,8,0,ENV_YDST_108_HR_2014_2014_2017.csv
2014-09-15,2014,9,15,0,월,0,0,108,18.0,17.0,9.0,8.0,36.791666666666664,24,38.77777777777778,9,38.25,8,0,ENV_YDST_108_HR_2014_2014_2017.csv
2014-09-16,2014,9,16,1,화,0,1,108,18.0,17.0,9.0,8.0,34.541666666666664,24,33.111111111111114,9,32.625,8,0,ENV_YDST_108_HR_2014_2014_2017.csv
2014-09-17,2014,9,17,2,수,0,0,108,18.0,17.0,9.0,8.0,49.583333333333336,24,52.888888888888886,9,52.375,8,0,ENV_YDST_108_HR_2014_2014_2017.csv
2014-09-18,2014,9,18,3,목,0,0,108,18.0,17.0,9.0,8.0,22.541666666666668,24,20.444444444444443,9,20.125,8,0,ENV_YDST_108_HR_2014_2014_2017.csv
2014-09-19,2014,9,19,4,금,0,0,108,18.0,17.0,9.0,8.0,29.458333333333332,24,24.22222222222222,9,24.25,8,0,ENV_YDST_108_HR_2014_2014_2017.csv
2014-09-20,2014,9,20,5,토,1,0,108,18.0,17.0,9.0,8.0,30.416666666666668,24,22.666666666666668,9,23.5,8,0,ENV_YDST_108_HR_2014_2014_2017.csv
2014-09-21,2014,9,21,6,일,1,0,108,18.0,17.0,9.0,8.0,31.791666666666668,24,26.666666666666668,9,26.75,8,0,ENV_YDST_108_HR_2014_2014_2017.csv
2014-09-22,2014,9,22,0,월,0,0,108,18.0,17.0,9.0,8.0,27.291666666666668,24,24.555555555555557,9,25.5,8,0,ENV_YDST_108_HR_2014_2014_2017.csv
2014-09-23,2014,9,23,1,화,0,1,108,18.0,17.0,9.0,8.0,22.041666666666668,24,22.88888888888889,9,23.25,8,0,ENV_YDST_108_HR_2014_2014_2017.csv
2014-09-24,2014,9,24,2,수,0,0,108,18.0,17.0,9.0,8.0,16.454545454545453,22,13.75,9,14.428571428571429,8,0,ENV_YDST_108_HR_2014_2014_2017.csv
2014-09-25,2014,9,25,3,목,0,0,108,18.0,17.0,9.0,8.0,21.416666666666668,24,11.88888888888889,9,11.125,8,0,ENV_YDST_108_HR_2014_2014_2017.csv
2014-09-26,2014,9,26,4,금,0,0,108,18.0,17.0,9.0,8.0,27.818181818181817,22,15.857142857142858,7,15.857142857142858,7,0,ENV_YDST_108_HR_2014_2014_2017.csv
2014-09-27,2014,9,27,5,토,1,0,108,18.0,17.0,9.0,8.0,32.208333333333336,24,30.333333333333332,9,29.625,8,0,ENV_YDST_108_HR_2014_2014_2017.csv
2014-09-28,2014,9,28,6,일,1,0,108,18.0,17.0,9.0,8.0,39.916666666666664,24,37.0,9,35.25,8,0,ENV_YDST_108_HR_2014_2014_2017.csv
2014-09-29,2014,9,29,0,월,0,0,108,18.0,17.0,9.0,8.0,42.125,24,39.22222222222222,9,41.625,8,0,ENV_YDST_108_HR_2014_2014_2017.csv
2014-09-30,2014,9,30,1,화,0,1,108,18.0,17.0,9.0,8.0,23.0,24,14.11111111111111,9,14.5,8,0,ENV_YDST_108_HR_2014_2014_2017.csv
2014-10-01,2014,10,1,2,수,0,0,108,18.0,17.0,9.0,8.0,23.0,23,30.555555555555557,9,29.25,8,0,ENV_YDST_108_HR_2014_2014_2017.csv
2014-10-02,2014,10,2,3,목,0,0,108,18.0,17.0,9.0,8.0,32.208333333333336,24,32.0,9,32.375,8,0,ENV_YDST_108_HR_2014_2014_2017.csv
2014-10-03,2014,10,3,4,금,0,0,108,18.0,17.0,9.0,8.0,22.958333333333332,24,21.77777777777778,9,21.75,8,0,ENV_YDST_108_HR_2014_2014_2017.csv
2014-10-04,2014,10,4,5,토,1,0,108,18.0,17.0,9.0,8.0,20.0,24,16.22222222222222,9,16.5,8,0,ENV_YDST_108_HR_2014_2014_2017.csv
2014-10-05,2014,10,5,6,일,1,0,108,18.0,17.0,9.0,8.0,16.875,24,19.22222222222222,9,19.5,8,0,ENV_YDST_108_HR_2014_2014_2017.csv
2014-10-06,2014,10,6,0,월,0,0,108,18.0,17.0,9.0,8.0,18.91304347826087,23,20.333333333333332,9,19.125,8,0,ENV_YDST_108_HR_2014_2014_2017.csv
2014-10-07,2014,10,7,1,화,0,1,108,18.0,17.0,9.0,8.0,32.791666666666664,24,41.888888888888886,9,41.5,8,0,ENV_YDST_108_HR_2014_2014_2017.csv
2014-10-08,2014,10,8,2,수,0,0,108,18.0,17.0,9.0,8.0,35.375,24,35.55555555555556,9,34.25,8,0,ENV_YDST_108_HR_2014_2014_2017.csv
2014-10-09,2014,10,9,3,목,0,0,108,18.0,17.0,9.0,8.0,43.041666666666664,24,38.888888888888886,9,37.625,8,0,ENV_YDST_108_HR_2014_2014_2017.csv
2014-10-10,2014,10,10,4,금,0,0,108,18.0,17.0,9.0,8.0,42.041666666666664,24,47.111111111111114,9,49.75,8,0,ENV_YDST_108_HR_2014_2014_2017.csv
2014-10-11,2014,10,11,5,토,1,0,108,18.0,17.0,9.0,8.0,28.041666666666668,24,29.666666666666668,9,29.625,8,0,ENV_YDST_108_HR_2014_2014_2017.csv
2014-10-12,2014,10,12,6,일,1,0,108,18.0,17.0,9.0,8.0,30.5,24,27.77777777777778,9,27.5,8,0,ENV_YDST_108_HR_2014_2014_2017.csv
2014-10-13,2014,10,13,0,월,0,0,108,18.0,17.0,9.0,8.0,25.125,24,23.555555555555557,9,25.0,8,0,ENV_YDST_108_HR_2014_2014_2017.csv
2014-10-14,2014,10,14,1,화,0,1,108,18.0,17.0,9.0,8.0,24.541666666666668,24,30.444444444444443,9,28.875,8,0,ENV_YDST_108_HR_2014_2014_2017.csv
2014-10-15,2014,10,15,2,수,0,0,108,18.0,17.0,9.0,8.0,33.291666666666664,24,41.888888888888886,9,41.875,8,0,ENV_YDST_108_HR_2014_2014_2017.csv
2014-10-16,2014,10,16,3,목,0,0,108,18.0,17.0,9.0,8.0,38.583333333333336,24,49.77777777777778,9,49.125,8,0,ENV_YDST_108_HR_2014_2014_2017.csv
2014-10-17,2014,10,17,4,금,0,0,108,18.0,17.0,9.0,8.0,32.75,24,40.77777777777778,9,41.625,8,0,ENV_YDST_108_HR_2014_2014_2017.csv
2014-10-18,2014,10,18,5,토,1,0,108,18.0,17.0,9.0,8.0,39.708333333333336,24,43.22222222222222,9,40.125,8,0,ENV_YDST_108_HR_2014_2014_2017.csv
2014-10-19,2014,10,19,6,일,1,0,108,18.0,17.0,9.0,8.0,55.583333333333336,24,59.0,9,58.25,8,0,ENV_YDST_108_HR_2014_2014_2017.csv
2014-10-20,2014,10,20,0,월,0,0,108,18.0,17.0,9.0,8.0,27.75,24,18.333333333333332,9,18.25,8,0,ENV_YDST_108_HR_2014_2014_2017.csv
2014-10-21,2014,10,21,1,화,0,1,108,18.0,17.0,9.0,8.0,13.636363636363637,22,9.375,9,9.428571428571429,8,0,ENV_YDST_108_HR_2014_2014_2017.csv
2014-10-22,2014,10,22,2,수,0,0,108,18.0,17.0,9.0,8.0,14.958333333333334,24,18.555555555555557,9,18.875,8,0,ENV_YDST_108_HR_2014_2014_2017.csv
2014-10-23,2014,10,23,3,목,0,0,108,18.0,17.0,9.0,8.0,30.125,24,35.333333333333336,9,32.625,8,0,ENV_YDST_108_HR_2014_2014_2017.csv
2014-10-24,2014,10,24,4,금,0,0,108,18.0,17.0,9.0,8.0,41.083333333333336,24,40.666666666666664,9,39.875,8,0,ENV_YDST_108_HR_2014_2014_2017.csv
2014-10-25,2014,10,25,5,토,1,0,108,18.0,17.0,9.0,8.0,48.583333333333336,24,49.77777777777778,9,50.375,8,0,ENV_YDST_108_HR_2014_2014_2017.csv
2014-10-26,2014,10,26,6,일,1,0,108,18.0,17.0,9.0,8.0,34.666666666666664,24,26.88888888888889,9,27.625,8,0,ENV_YDST_108_HR_2014_2014_2017.csv
2014-10-27,2014,10,27,0,월,0,0,108,18.0,17.0,9.0,8.0,44.166666666666664,24,38.111111111111114,9,36.25,8,0,ENV_YDST_108_HR_2014_2014_2017.csv
2014-10-28,2014,10,28,1,화,0,1,108,18.0,17.0,9.0,8.0,60.791666666666664,24,64.22222222222223,9,64.5,8,0,ENV_YDST_108_HR_2014_2014_2017.csv
2014-10-29,2014,10,29,2,수,0,0,108,18.0,17.0,9.0,8.0,57.625,24,61.77777777777778,9,60.0,8,0,ENV_YDST_108_HR_2014_2014_2017.csv
2014-10-30,2014,10,30,3,목,0,0,108,18.0,17.0,9.0,8.0,61.125,24,57.888888888888886,9,58.625,8,0,ENV_YDST_108_HR_2014_2014_2017.csv
2014-10-31,2014,10,31,4,금,0,0,108,18.0,17.0,9.0,8.0,47.958333333333336,24,40.888888888888886,9,44.5,8,0,ENV_YDST_108_HR_2014_2014_2017.csv
2014-11-01,2014,11,1,5,토,1,0,108,17.0,16.0,8.0,7.0,37.0,24,36.625,8,38.0,7,0,ENV_YDST_108_HR_2014_2014_2017.csv
2014-11-02,2014,11,2,6,일,1,0,108,17.0,16.0,8.0,7.0,57.541666666666664,24,37.125,8,38.0,7,0,ENV_YDST_108_HR_2014_2014_2017.csv
2014-11-03,2014,11,3,0,월,0,0,108,17.0,16.0,8.0,7.0,39.708333333333336,24,32.75,8,33.42857142857143,7,0,ENV_YDST_108_HR_2014_2014_2017.csv
2014-11-04,2014,11,4,1,화,0,1,108,17.0,16.0,8.0,7.0,31.25,24,32.875,8,33.714285714285715,7,0,ENV_YDST_108_HR_2014_2014_2017.csv
2014-11-05,2014,11,5,2,수,0,0,108,17.0,16.0,8.0,7.0,28.916666666666668,24,34.25,8,34.857142857142854,7,0,ENV_YDST_108_HR_2014_2014_2017.csv
2014-11-06,2014,11,6,3,목,0,0,108,17.0,16.0,8.0,7.0,55.666666666666664,24,60.75,8,57.57142857142857,7,0,ENV_YDST_108_HR_2014_2014_2017.csv
2014-11-07,2014,11,7,4,금,0,0,108,17.0,16.0,8.0,7.0,50.0,24,62.125,8,61.714285714285715,7,0,ENV_YDST_108_HR_2014_2014_2017.csv
2014-11-08,2014,11,8,5,토,1,0,108,17.0,16.0,8.0,7.0,57.958333333333336,24,63.375,8,64.0,7,0,ENV_YDST_108_HR_2014_2014_2017.csv
2014-11-09,2014,11,9,6,일,1,0,108,17.0,16.0,8.0,7.0,57.25,24,60.125,8,61.57142857142857,7,0,ENV_YDST_108_HR_2014_2014_2017.csv
2014-11-10,2014,11,10,0,월,0,0,108,17.0,16.0,8.0,7.0,53.791666666666664,24,60.25,8,62.142857142857146,7,0,ENV_YDST_108_HR_2014_2014_2017.csv
2014-11-11,2014,11,11,1,화,0,1,108,17.0,16.0,8.0,7.0,64.29166666666667,24,73.5,8,72.57142857142857,7,0,ENV_YDST_108_HR_2014_2014_2017.csv
2014-11-12,2014,11,12,2,수,0,0,108,17.0,16.0,8.0,7.0,44.958333333333336,24,26.625,8,27.285714285714285,7,0,ENV_YDST_108_HR_2014_2014_2017.csv
2014-11-13,2014,11,13,3,목,0,0,108,17.0,16.0,8.0,7.0,90.75,24,67.625,8,69.85714285714286,7,0,ENV_YDST_108_HR_2014_2014_2017.csv
2014-11-14,2014,11,14,4,금,0,0,108,17.0,16.0,8.0,7.0,29.875,24,31.5,8,32.42857142857143,7,0,ENV_YDST_108_HR_2014_2014_2017.csv
2014-11-15,2014,11,15,5,토,1,0,108,17.0,16.0,8.0,7.0,36.26086956521739,23,37.857142857142854,8,37.857142857142854,7,0,ENV_YDST_108_HR_2014_2014_2017.csv
2014-11-16,2014,11,16,6,일,1,0,108,17.0,16.0,8.0,7.0,43.208333333333336,24,43.0,8,44.714285714285715,7,0,ENV_YDST_108_HR_2014_2014_2017.csv
2014-11-17,2014,11,17,0,월,0,0,108,17.0,16.0,8.0,7.0,38.5,22,34.0,8,33.8,7,0,ENV_YDST_108_HR_2014_2014_2017.csv
2014-11-18,2014,11,18,1,화,0,1,108,17.0,16.0,8.0,7.0,37.375,24,34.125,8,35.42857142857143,7,0,ENV_YDST_108_HR_2014_2014_2017.csv
2014-11-19,2014,11,19,2,수,0,0,108,17.0,16.0,8.0,7.0,51.75,24,54.375,8,55.42857142857143,7,0,ENV_YDST_108_HR_2014_2014_2017.csv
2014-11-20,2014,11,20,3,목,0,0,108,17.0,16.0,8.0,7.0,60.21739130434783,23,62.25,8,62.857142857142854,7,0,ENV_YDST_108_HR_2014_2014_2017.csv
2014-11-21,2014,11,21,4,금,0,0,108,17.0,16.0,8.0,7.0,57.083333333333336,24,58.875,8,61.0,7,0,ENV_YDST_108_HR_2014_2014_2017.csv
2014-11-22,2014,11,22,5,토,1,0,108,17.0,16.0,8.0,7.0,45.208333333333336,24,45.875,8,44.142857142857146,7,0,ENV_YDST_108_HR_2014_2014_2017.csv
2014-11-23,2014,11,23,6,일,1,0,108,17.0,16.0,8.0,7.0,63.833333333333336,24,52.375,8,53.0,7,0,ENV_YDST_108_HR_2014_2014_2017.csv
2014-11-24,2014,11,24,0,월,0,0,108,17.0,16.0,8.0,7.0,66.83333333333333,24,62.625,8,57.0,7,0,ENV_YDST_108_HR_2014_2014_2017.csv
2014-11-25,2014,11,25,1,화,0,1,108,17.0,16.0,8.0,7.0,28.125,24,18.625,8,19.428571428571427,7,0,ENV_YDST_108_HR_2014_2014_2017.csv
2014-11-26,2014,11,26,2,수,0,0,108,17.0,16.0,8.0,7.0,27.458333333333332,24,26.25,8,25.285714285714285,7,0,ENV_YDST_108_HR_2014_2014_2017.csv
2014-11-27,2014,11,27,3,목,0,0,108,17.0,16.0,8.0,7.0,45.541666666666664,24,44.25,8,44.142857142857146,7,0,ENV_YDST_108_HR_2014_2014_2017.csv
2014-11-28,2014,11,28,4,금,0,0,108,17.0,16.0,8.0,7.0,26.166666666666668,24,23.75,8,24.857142857142858,7,0,ENV_YDST_108_HR_2014_2014_2017.csv
2014-11-29,2014,11,29,5,토,1,0,108,17.0,16.0,8.0,7.0,18.17391304347826,23,22.375,8,22.714285714285715,7,0,ENV_YDST_108_HR_2014_2014_2017.csv
2014-11-30,2014,11,30,6,일,1,0,108,17.0,16.0,8.0,7.0,13.458333333333334,24,9.0,8,9.0,7,0,ENV_YDST_108_HR_2014_2014_2017.csv
2014-12-01,2014,12,1,0,월,0,0,108,17.0,16.0,8.0,7.0,50.958333333333336,24,79.0,8,84.57142857142857,7,0,ENV_YDST_108_HR_2014_2014_2017.csv
2014-12-02,2014,12,2,1,화,0,1,108,17.0,16.0,8.0,7.0,104.875,24,78.75,8,85.14285714285714,7,0,ENV_YDST_108_HR_2014_2014_2017.csv
2014-12-03,2014,12,3,2,수,0,0,108,17.0,16.0,8.0,7.0,26.666666666666668,24,29.75,8,32.0,7,0,ENV_YDST_108_HR_2014_2014_2017.csv
2014-12-04,2014,12,4,3,목,0,0,108,17.0,16.0,8.0,7.0,48.708333333333336,24,58.75,8,58.142857142857146,7,0,ENV_YDST_108_HR_2014_2014_2017.csv
2014-12-05,2014,12,5,4,금,0,0,108,17.0,16.0,8.0,7.0,35.375,24,39.125,8,39.714285714285715,7,0,ENV_YDST_108_HR_2014_2014_2017.csv
2014-12-06,2014,12,6,5,토,1,0,108,17.0,16.0,8.0,7.0,37.666666666666664,24,49.625,8,48.857142857142854,7,0,ENV_YDST_108_HR_2014_2014_2017.csv
2014-12-07,2014,12,7,6,일,1,0,108,17.0,16.0,8.0,7.0,47.541666666666664,24,51.125,8,52.142857142857146,7,0,ENV_YDST_108_HR_2014_2014_2017.csv
2014-12-08,2014,12,8,0,월,0,0,108,17.0,16.0,8.0,7.0,44.666666666666664,24,51.625,8,53.142857142857146,7,0,ENV_YDST_108_HR_2014_2014_2017.csv
2014-12-09,2014,12,9,1,화,0,1,108,17.0,16.0,8.0,7.0,52.791666666666664,24,53.625,8,54.0,7,0,ENV_YDST_108_HR_2014_2014_2017.csv
2014-12-10,2014,12,10,2,수,0,0,108,17.0,16.0,8.0,7.0,47.791666666666664,24,57.75,8,59.57142857142857,7,0,ENV_YDST_108_HR_2014_2014_2017.csv
2014-12-11,2014,12,11,3,목,0,0,108,17.0,16.0,8.0,7.0,50.875,24,53.875,8,57.857142857142854,7,0,ENV_YDST_108_HR_2014_2014_2017.csv
2014-12-12,2014,12,12,4,금,0,0,108,17.0,16.0,8.0,7.0,43.291666666666664,24,43.5,8,45.0,7,0,ENV_YDST_108_HR_2014_2014_2017.csv
2014-12-13,2014,12,13,5,토,1,0,108,17.0,16.0,8.0,7.0,33.208333333333336,24,36.75,8,38.42857142857143,7,0,ENV_YDST_108_HR_2014_2014_2017.csv
2014-12-14,2014,12,14,6,일,1,0,108,17.0,16.0,8.0,7.0,34.416666666666664,24,33.5,8,33.42857142857143,7,0,ENV_YDST_108_HR_2014_2014_2017.csv
2014-12-15,2014,12,15,0,월,0,0,108,17.0,16.0,8.0,7.0,45.541666666666664,24,49.625,8,51.857142857142854,7,0,ENV_YDST_108_HR_2014_2014_2017.csv
2014-12-16,2014,12,16,1,화,0,1,108,17.0,16.0,8.0,7.0,35.083333333333336,24,37.5,8,40.142857142857146,7,0,ENV_YDST_108_HR_2014_2014_2017.csv
2014-12-17,2014,12,17,2,수,0,0,108,17.0,16.0,8.0,7.0,24.625,24,29.75,8,28.285714285714285,7,0,ENV_YDST_108_HR_2014_2014_2017.csv
2014-12-18,2014,12,18,3,목,0,0,108,17.0,16.0,8.0,7.0,30.25,24,34.625,8,35.42857142857143,7,0,ENV_YDST_108_HR_2014_2014_2017.csv
2014-12-19,2014,12,19,4,금,0,0,108,17.0,16.0,8.0,7.0,42.54545454545455,22,44.166666666666664,8,42.6,7,0,ENV_YDST_108_HR_2014_2014_2017.csv
2014-12-20,2014,12,20,5,토,1,0,108,17.0,16.0,8.0,7.0,32.791666666666664,24,39.25,8,41.0,7,0,ENV_YDST_108_HR_2014_2014_2017.csv
2014-12-21,2014,12,21,6,일,1,0,108,17.0,16.0,8.0,7.0,21.083333333333332,24,21.5,8,21.142857142857142,7,0,ENV_YDST_108_HR_2014_2014_2017.csv
2014-12-22,2014,12,22,0,월,0,0,108,17.0,16.0,8.0,7.0,32.78260869565217,23,48.5,8,50.285714285714285,7,0,ENV_YDST_108_HR_2014_2014_2017.csv
2014-12-23,2014,12,23,1,화,0,1,108,17.0,16.0,8.0,7.0,40.083333333333336,24,40.875,8,39.57142857142857,7,0,ENV_YDST_108_HR_2014_2014_2017.csv
2014-12-24,2014,12,24,2,수,0,0,108,17.0,16.0,8.0,7.0,56.791666666666664,24,82.0,8,84.28571428571429,7,1,ENV_YDST_108_HR_2014_2014_2017.csv
2014-12-25,2014,12,25,3,목,0,0,108,17.0,16.0,8.0,7.0,35.5,24,43.375,8,40.285714285714285,7,0,ENV_YDST_108_HR_2014_2014_2017.csv
2014-12-26,2014,12,26,4,금,0,0,108,17.0,16.0,8.0,7.0,41.958333333333336,24,48.375,8,48.0,7,0,ENV_YDST_108_HR_2014_2014_2017.csv
2014-12-27,2014,12,27,5,토,1,0,108,17.0,16.0,8.0,7.0,47.208333333333336,24,51.5,8,49.142857142857146,7,0,ENV_YDST_108_HR_2014_2014_2017.csv
2014-12-28,2014,12,28,6,일,1,0,108,17.0,16.0,8.0,7.0,52.833333333333336,24,55.625,8,56.285714285714285,7,0,ENV_YDST_108_HR_2014_2014_2017.csv
2014-12-29,2014,12,29,0,월,0,0,108,17.0,16.0,8.0,7.0,108.83333333333333,24,91.75,8,80.57142857142857,7,1,ENV_YDST_108_HR_2014_2014_2017.csv
2014-12-30,2014,12,30,1,화,0,1,108,17.0,16.0,8.0,7.0,119.5,24,142.875,8,150.85714285714286,7,1,ENV_YDST_108_HR_2014_2014_2017.csv
2014-12-31,2014,12,31,2,수,0,0,108,17.0,16.0,8.0,7.0,43.75,24,41.625,8,41.714285714285715,7,0,ENV_YDST_108_HR_2014_2014_2017.csv
2015-01-01,2015,1,1,3,목,0,0,108,17.0,16.0,8.0,7.0,80.04166666666667,24,78.625,8,83.85714285714286,7,0,"ENV_YDST_108_HR_2014_2014_2017.csv,ENV_YDST_108_HR_2015_2015_2017.csv"
2015-01-02,2015,1,2,4,금,0,0,108,17.0,16.0,8.0,7.0,38.958333333333336,24,47.125,8,46.142857142857146,7,0,ENV_YDST_108_HR_2015_2015_2017.csv
2015-01-03,2015,1,3,5,토,1,0,108,17.0,16.0,8.0,7.0,39.625,24,48.125,8,48.57142857142857,7,0,ENV_YDST_108_HR_2015_2015_2017.csv
2015-01-04,2015,1,4,6,일,1,0,108,17.0,16.0,8.0,7.0,43.125,24,37.875,8,37.0,7,0,ENV_YDST_108_HR_2015_2015_2017.csv
2015-01-05,2015,1,5,0,월,0,0,108,17.0,16.0,8.0,7.0,74.33333333333333,24,74.375,8,70.85714285714286,7,0,ENV_YDST_108_HR_2015_2015_2017.csv
2015-01-06,2015,1,6,1,화,0,1,108,17.0,16.0,8.0,7.0,51.666666666666664,24,55.5,8,56.42857142857143,7,0,ENV_YDST_108_HR_2015_2015_2017.csv
2015-01-07,2015,1,7,2,수,0,0,108,17.0,16.0,8.0,7.0,42.208333333333336,24,56.125,8,55.857142857142854,7,0,ENV_YDST_108_HR_2015_2015_2017.csv
2015-01-08,2015,1,8,3,목,0,0,108,17.0,16.0,8.0,7.0,49.375,24,52.75,8,52.0,7,0,ENV_YDST_108_HR_2015_2015_2017.csv
2015-01-09,2015,1,9,4,금,0,0,108,17.0,16.0,8.0,7.0,46.041666666666664,24,56.5,8,56.714285714285715,7,0,ENV_YDST_108_HR_2015_2015_2017.csv
2015-01-10,2015,1,10,5,토,1,0,108,17.0,16.0,8.0,7.0,38.583333333333336,24,45.75,8,48.714285714285715,7,0,ENV_YDST_108_HR_2015_2015_2017.csv
2015-01-11,2015,1,11,6,일,1,0,108,17.0,16.0,8.0,7.0,46.916666666666664,24,52.125,8,52.857142857142854,7,0,ENV_YDST_108_HR_2015_2015_2017.csv
2015-01-12,2015,1,12,0,월,0,0,108,17.0,16.0,8.0,7.0,46.541666666666664,24,46.875,8,45.57142857142857,7,0,ENV_YDST_108_HR_2015_2015_2017.csv
2015-01-13,2015,1,13,1,화,0,1,108,17.0,16.0,8.0,7.0,49.333333333333336,24,47.875,8,49.857142857142854,7,0,ENV_YDST_108_HR_2015_2015_2017.csv
2015-01-14,2015,1,14,2,수,0,0,108,17.0,16.0,8.0,7.0,72.58333333333333,24,70.75,8,65.0,7,0,ENV_YDST_108_HR_2015_2015_2017.csv
2015-01-15,2015,1,15,3,목,0,0,108,17.0,16.0,8.0,7.0,65.43478260869566,23,65.71428571428571,8,67.16666666666667,7,0,ENV_YDST_108_HR_2015_2015_2017.csv
2015-01-16,2015,1,16,4,금,0,0,108,17.0,16.0,8.0,7.0,88.70833333333333,24,76.75,8,75.85714285714286,7,0,ENV_YDST_108_HR_2015_2015_2017.csv
2015-01-17,2015,1,17,5,토,1,0,108,17.0,16.0,8.0,7.0,41.791666666666664,24,31.75,8,32.0,7,0,ENV_YDST_108_HR_2015_2015_2017.csv
2015-01-18,2015,1,18,6,일,1,0,108,17.0,16.0,8.0,7.0,31.833333333333332,24,38.375,8,38.57142857142857,7,0,ENV_YDST_108_HR_2015_2015_2017.csv
2015-01-19,2015,1,19,0,월,0,0,108,17.0,16.0,8.0,7.0,69.04166666666667,24,74.125,8,76.85714285714286,7,0,ENV_YDST_108_HR_2015_2015_2017.csv
2015-01-20,2015,1,20,1,화,0,1,108,17.0,16.0,8.0,7.0,45.375,24,50.375,8,51.57142857142857,7,0,ENV_YDST_108_HR_2015_2015_2017.csv
2015-01-21,2015,1,21,2,수,0,0,108,17.0,16.0,8.0,7.0,55.708333333333336,24,55.875,8,56.714285714285715,7,0,ENV_YDST_108_HR_2015_2015_2017.csv
2015-01-22,2015,1,22,3,목,0,0,108,17.0,16.0,8.0,7.0,46.125,24,44.625,8,48.57142857142857,7,0,ENV_YDST_108_HR_2015_2015_2017.csv
2015-01-23,2015,1,23,4,금,0,0,108,17.0,16.0,8.0,7.0,41.083333333333336,24,61.0,8,60.857142857142854,7,0,ENV_YDST_108_HR_2015_2015_2017.csv
2015-01-24,2015,1,24,5,토,1,0,108,17.0,16.0,8.0,7.0,51.125,24,53.75,8,53.142857142857146,7,0,ENV_YDST_108_HR_2015_2015_2017.csv
2015-01-25,2015,1,25,6,일,1,0,108,17.0,16.0,8.0,7.0,58.375,24,60.625,8,62.42857142857143,7,0,ENV_YDST_108_HR_2015_2015_2017.csv
2015-01-26,2015,1,26,0,월,0,0,108,17.0,16.0,8.0,7.0,42.583333333333336,24,43.75,8,44.142857142857146,7,0,ENV_YDST_108_HR_2015_2015_2017.csv
2015-01-27,2015,1,27,1,화,0,1,108,17.0,16.0,8.0,7.0,53.333333333333336,24,46.0,8,46.857142857142854,7,0,ENV_YDST_108_HR_2015_2015_2017.csv
2015-01-28,2015,1,28,2,수,0,0,108,17.0,16.0,8.0,7.0,47.291666666666664,24,52.5,8,51.0,7,0,ENV_YDST_108_HR_2015_2015_2017.csv
2015-01-29,2015,1,29,3,목,0,0,108,17.0,16.0,8.0,7.0,48.125,24,45.0,8,43.142857142857146,7,0,ENV_YDST_108_HR_2015_2015_2017.csv
2015-01-30,2015,1,30,4,금,0,0,108,17.0,16.0,8.0,7.0,46.75,24,58.0,8,60.0,7,0,ENV_YDST_108_HR_2015_2015_2017.csv
2015-01-31,2015,1,31,5,토,1,0,108,17.0,16.0,8.0,7.0,45.541666666666664,24,52.0,8,51.714285714285715,7,0,ENV_YDST_108_HR_2015_2015_2017.csv
2015-02-01,2015,2,1,6,일,1,0,108,17.0,16.0,8.0,7.0,31.958333333333332,24,28.5,8,29.571428571428573,7,0,ENV_YDST_108_HR_2015_2015_2017.csv
2015-02-02,2015,2,2,0,월,0,0,108,17.0,16.0,8.0,7.0,47.583333333333336,24,56.125,8,56.714285714285715,7,0,ENV_YDST_108_HR_2015_2015_2017.csv
2015-02-03,2015,2,3,1,화,0,1,108,17.0,16.0,8.0,7.0,58.916666666666664,24,60.375,8,58.714285714285715,7,0,ENV_YDST_108_HR_2015_2015_2017.csv
2015-02-04,2015,2,4,2,수,0,0,108,17.0,16.0,8.0,7.0,81.54166666666667,24,75.125,8,77.42857142857143,7,0,ENV_YDST_108_HR_2015_2015_2017.csv
2015-02-05,2015,2,5,3,목,0,0,108,17.0,16.0,8.0,7.0,99.08333333333333,24,114.0,8,114.57142857142857,7,1,ENV_YDST_108_HR_2015_2015_2017.csv
2015-02-06,2015,2,6,4,금,0,0,108,17.0,16.0,8.0,7.0,56.25,24,60.625,8,61.285714285714285,7,0,ENV_YDST_108_HR_2015_2015_2017.csv
2015-02-07,2015,2,7,5,토,1,0,108,17.0,16.0,8.0,7.0,46.875,24,48.625,8,48.857142857142854,7,0,ENV_YDST_108_HR_2015_2015_2017.csv
2015-02-08,2015,2,8,6,일,1,0,108,17.0,16.0,8.0,7.0,128.04166666666666,24,168.5,8,172.0,7,1,ENV_YDST_108_HR_2015_2015_2017.csv
2015-02-09,2015,2,9,0,월,0,0,108,17.0,16.0,8.0,7.0,47.375,24,55.0,8,54.857142857142854,7,0,ENV_YDST_108_HR_2015_2015_2017.csv
2015-02-10,2015,2,10,1,화,0,1,108,17.0,16.0,8.0,7.0,106.625,24,118.625,8,117.28571428571429,7,1,ENV_YDST_108_HR_2015_2015_2017.csv
2015-02-11,2015,2,11,2,수,0,0,108,17.0,16.0,8.0,7.0,102.375,24,102.875,8,110.28571428571429,7,1,ENV_YDST_108_HR_2015_2015_2017.csv
2015-02-12,2015,2,12,3,목,0,0,108,17.0,16.0,8.0,7.0,48.291666666666664,24,53.375,8,50.57142857142857,7,0,ENV_YDST_108_HR_2015_2015_2017.csv
2015-02-13,2015,2,13,4,금,0,0,108,17.0,16.0,8.0,7.0,35.958333333333336,24,39.75,8,39.42857142857143,7,0,ENV_YDST_108_HR_2015_2015_2017.csv
2015-02-14,2015,2,14,5,토,1,0,108,17.0,16.0,8.0,7.0,56.166666666666664,24,62.125,8,61.285714285714285,7,0,ENV_YDST_108_HR_2015_2015_2017.csv
2015-02-15,2015,2,15,6,일,1,0,108,17.0,16.0,8.0,7.0,75.75,24,73.25,8,74.71428571428571,7,0,ENV_YDST_108_HR_2015_2015_2017.csv
2015-02-16,2015,2,16,0,월,0,0,108,17.0,16.0,8.0,7.0,44.291666666666664,24,35.875,8,37.42857142857143,7,0,ENV_YDST_108_HR_2015_2015_2017.csv
2015-02-17,2015,2,17,1,화,0,1,108,17.0,16.0,8.0,7.0,63.041666666666664,24,86.875,8,90.14285714285714,7,1,ENV_YDST_108_HR_2015_2015_2017.csv
2015-02-18,2015,2,18,2,수,0,0,108,17.0,16.0,8.0,7.0,62.125,24,60.75,8,61.285714285714285,7,0,ENV_YDST_108_HR_2015_2015_2017.csv
2015-02-19,2015,2,19,3,목,0,0,108,17.0,16.0,8.0,7.0,61.333333333333336,24,61.0,8,63.0,7,0,ENV_YDST_108_HR_2015_2015_2017.csv
2015-02-20,2015,2,20,4,금,0,0,108,17.0,16.0,8.0,7.0,48.625,24,49.5,8,51.142857142857146,7,0,ENV_YDST_108_HR_2015_2015_2017.csv
2015-02-21,2015,2,21,5,토,1,0,108,17.0,16.0,8.0,7.0,26.869565217391305,23,21.0,8,22.571428571428573,7,0,ENV_YDST_108_HR_2015_2015_2017.csv
2015-02-22,2015,2,22,6,일,1,0,108,17.0,16.0,8.0,7.0,233.5,24,110.125,8,95.85714285714286,7,1,ENV_YDST_108_HR_2015_2015_2017.csv
2015-02-23,2015,2,23,0,월,0,0,108,17.0,16.0,8.0,7.0,658.2083333333334,24,613.0,8,639.2857142857143,7,1,ENV_YDST_108_HR_2015_2015_2017.csv
2015-02-24,2015,2,24,1,화,0,1,108,17.0,16.0,8.0,7.0,122.25,24,109.375,8,109.85714285714286,7,1,ENV_YDST_108_HR_2015_2015_2017.csv
2015-02-25,2015,2,25,2,수,0,0,108,17.0,16.0,8.0,7.0,78.125,24,81.875,8,82.42857142857143,7,1,ENV_YDST_108_HR_2015_2015_2017.csv
2015-02-26,2015,2,26,3,목,0,0,108,17.0,16.0,8.0,7.0,39.125,24,45.375,8,47.285714285714285,7,0,ENV_YDST_108_HR_2015_2015_2017.csv
2015-02-27,2015,2,27,4,금,0,0,108,17.0,16.0,8.0,7.0,32.0,24,31.625,8,32.857142857142854,7,0,ENV_YDST_108_HR_2015_2015_2017.csv
2015-02-28,2015,2,28,5,토,1,0,108,17.0,16.0,8.0,7.0,41.875,24,40.375,8,39.857142857142854,7,0,ENV_YDST_108_HR_2015_2015_2017.csv
2015-03-01,2015,3,1,6,일,1,0,108,18.0,17.0,9.0,8.0,104.79166666666667,24,94.33333333333333,9,77.625,8,1,ENV_YDST_108_HR_2015_2015_2017.csv
2015-03-02,2015,3,2,0,월,0,0,108,18.0,17.0,9.0,8.0,97.79166666666667,24,96.77777777777777,9,97.875,8,1,ENV_YDST_108_HR_2015_2015_2017.csv
2015-03-03,2015,3,3,1,화,0,1,108,18.0,17.0,9.0,8.0,53.75,24,47.888888888888886,9,50.125,8,0,ENV_YDST_108_HR_2015_2015_2017.csv
2015-03-04,2015,3,4,2,수,0,0,108,18.0,17.0,9.0,8.0,51.291666666666664,24,58.77777777777778,9,58.5,8,0,ENV_YDST_108_HR_2015_2015_2017.csv
2015-03-05,2015,3,5,3,목,0,0,108,18.0,17.0,9.0,8.0,42.416666666666664,24,43.333333333333336,9,43.0,8,0,ENV_YDST_108_HR_2015_2015_2017.csv
2015-03-06,2015,3,6,4,금,0,0,108,18.0,17.0,9.0,8.0,43.083333333333336,24,45.55555555555556,9,44.125,8,0,ENV_YDST_108_HR_2015_2015_2017.csv
2015-03-07,2015,3,7,5,토,1,0,108,18.0,17.0,9.0,8.0,47.666666666666664,24,52.22222222222222,9,52.5,8,0,ENV_YDST_108_HR_2015_2015_2017.csv
2015-03-08,2015,3,8,6,일,1,0,108,18.0,17.0,9.0,8.0,80.54166666666667,24,83.88888888888889,9,82.125,8,1,ENV_YDST_108_HR_2015_2015_2017.csv
2015-03-09,2015,3,9,0,월,0,0,108,18.0,17.0,9.0,8.0,84.5,24,60.44444444444444,9,60.75,8,0,ENV_YDST_108_HR_2015_2015_2017.csv
2015-03-10,2015,3,10,1,화,0,1,108,18.0,17.0,9.0,8.0,43.958333333333336,24,54.44444444444444,9,53.5,8,0,ENV_YDST_108_HR_2015_2015_2017.csv
2015-03-11,2015,3,11,2,수,0,0,108,18.0,17.0,9.0,8.0,48.041666666666664,24,72.44444444444444,9,70.375,8,0,ENV_YDST_108_HR_2015_2015_2017.csv
2015-03-12,2015,3,12,3,목,0,0,108,18.0,17.0,9.0,8.0,37.625,24,50.0,9,51.125,8,0,ENV_YDST_108_HR_2015_2015_2017.csv
2015-03-13,2015,3,13,4,금,0,0,108,18.0,17.0,9.0,8.0,45.291666666666664,24,43.111111111111114,9,44.0,8,0,ENV_YDST_108_HR_2015_2015_2017.csv
2015-03-14,2015,3,14,5,토,1,0,108,18.0,17.0,9.0,8.0,37.708333333333336,24,46.111111111111114,9,43.375,8,0,ENV_YDST_108_HR_2015_2015_2017.csv
2015-03-15,2015,3,15,6,일,1,0,108,18.0,17.0,9.0,8.0,40.791666666666664,24,46.333333333333336,9,47.625,8,0,ENV_YDST_108_HR_2015_2015_2017.csv
2015-03-16,2015,3,16,0,월,0,0,108,18.0,17.0,9.0,8.0,90.125,24,87.77777777777777,9,80.5,8,1,ENV_YDST_108_HR_2015_2015_2017.csv
2015-03-17,2015,3,17,1,화,0,1,108,18.0,17.0,9.0,8.0,132.33333333333334,24,119.22222222222223,9,125.375,8,1,ENV_YDST_108_HR_2015_2015_2017.csv
2015-03-18,2015,3,18,2,수,0,0,108,18.0,17.0,9.0,8.0,71.625,24,56.666666666666664,9,58.25,8,0,ENV_YDST_108_HR_2015_2015_2017.csv
2015-03-19,2015,3,19,3,목,0,0,108,18.0,17.0,9.0,8.0,54.25,24,59.55555555555556,9,57.5,8,0,ENV_YDST_108_HR_2015_2015_2017.csv
2015-03-20,2015,3,20,4,금,0,0,108,18.0,17.0,9.0,8.0,105.125,24,118.66666666666667,9,116.0,8,1,ENV_YDST_108_HR_2015_2015_2017.csv
2015-03-21,2015,3,21,5,토,1,0,108,18.0,17.0,9.0,8.0,182.45833333333334,24,184.44444444444446,9,176.625,8,1,ENV_YDST_108_HR_2015_2015_2017.csv
2015-03-22,2015,3,22,6,일,1,0,108,18.0,17.0,9.0,8.0,150.29166666666666,24,175.33333333333334,9,171.0,8,1,ENV_YDST_108_HR_2015_2015_2017.csv
2015-03-23,2015,3,23,0,월,0,0,108,18.0,17.0,9.0,8.0,60.958333333333336,24,76.22222222222223,9,76.375,8,0,ENV_YDST_108_HR_2015_2015_2017.csv
2015-03-24,2015,3,24,1,화,0,1,108,18.0,17.0,9.0,8.0,46.083333333333336,24,54.888888888888886,9,54.125,8,0,ENV_YDST_108_HR_2015_2015_2017.csv
2015-03-25,2015,3,25,2,수,0,0,108,18.0,17.0,9.0,8.0,43.375,24,58.77777777777778,9,58.0,8,0,ENV_YDST_108_HR_2015_2015_2017.csv
2015-03-26,2015,3,26,3,목,0,0,108,18.0,17.0,9.0,8.0,45.833333333333336,24,66.66666666666667,9,67.625,8,0,ENV_YDST_108_HR_2015_2015_2017.csv
2015-03-27,2015,3,27,4,금,0,0,108,18.0,17.0,9.0,8.0,57.666666666666664,24,80.0,9,81.25,8,0,ENV_YDST_108_HR_2015_2015_2017.csv
2015-03-28,2015,3,28,5,토,1,0,108,18.0,17.0,9.0,8.0,46.833333333333336,24,53.666666666666664,9,55.0,8,0,ENV_YDST_108_HR_2015_2015_2017.csv
2015-03-29,2015,3,29,6,일,1,0,108,18.0,17.0,9.0,8.0,67.95833333333333,24,78.66666666666667,9,73.875,8,0,ENV_YDST_108_HR_2015_2015_2017.csv
2015-03-30,2015,3,30,0,월,0,0,108,18.0,17.0,9.0,8.0,160.08333333333334,24,188.55555555555554,9,183.875,8,1,ENV_YDST_108_HR_2015_2015_2017.csv
2015-03-31,2015,3,31,1,화,0,1,108,18.0,17.0,9.0,8.0,104.16666666666667,24,92.11111111111111,9,91.375,8,1,ENV_YDST_108_HR_2015_2015_2017.csv
2015-04-01,2015,4,1,2,수,0,0,108,18.0,17.0,9.0,8.0,21.5,24,17.22222222222222,9,16.25,8,0,ENV_YDST_108_HR_2015_2015_2017.csv
2015-04-02,2015,4,2,3,목,0,0,108,18.0,17.0,9.0,8.0,23.318181818181817,22,32.77777777777778,9,33.0,8,0,ENV_YDST_108_HR_2015_2015_2017.csv
2015-04-03,2015,4,3,4,금,0,0,108,18.0,17.0,9.0,8.0,41.0,15,42.0,9,41.375,8,0,ENV_YDST_108_HR_2015_2015_2017.csv
2015-04-04,2015,4,4,5,토,1,0,108,18.0,17.0,9.0,8.0,16.842105263157894,19,15.444444444444445,9,15.0,8,0,ENV_YDST_108_HR_2015_2015_2017.csv
2015-04-05,2015,4,5,6,일,1,0,108,18.0,17.0,9.0,8.0,13.833333333333334,24,15.11111111111111,9,15.375,8,0,ENV_YDST_108_HR_2015_2015_2017.csv
2015-04-06,2015,4,6,0,월,0,0,108,18.0,17.0,9.0,8.0,60.083333333333336,24,91.44444444444444,9,88.25,8,1,ENV_YDST_108_HR_2015_2015_2017.csv
2015-04-07,2015,4,7,1,화,0,1,108,18.0,17.0,9.0,8.0,41.708333333333336,24,37.888888888888886,9,36.75,8,0,ENV_YDST_108_HR_2015_2015_2017.csv
2015-04-08,2015,4,8,2,수,0,0,108,18.0,17.0,9.0,8.0,29.041666666666668,24,34.888888888888886,9,33.25,8,0,ENV_YDST_108_HR_2015_2015_2017.csv
2015-04-09,2015,4,9,3,목,0,0,108,18.0,17.0,9.0,8.0,48.833333333333336,24,57.888888888888886,9,54.625,8,0,ENV_YDST_108_HR_2015_2015_2017.csv
2015-04-10,2015,4,10,4,금,0,0,108,18.0,17.0,9.0,8.0,54.916666666666664,24,67.33333333333333,9,67.125,8,0,ENV_YDST_108_HR_2015_2015_2017.csv
2015-04-11,2015,4,11,5,토,1,0,108,18.0,17.0,9.0,8.0,68.54166666666667,24,80.66666666666667,9,82.0,8,0,ENV_YDST_108_HR_2015_2015_2017.csv
2015-04-12,2015,4,12,6,일,1,0,108,18.0,17.0,9.0,8.0,46.833333333333336,24,46.77777777777778,9,48.625,8,0,ENV_YDST_108_HR_2015_2015_2017.csv
2015-04-13,2015,4,13,0,월,0,0,108,18.0,17.0,9.0,8.0,25.791666666666668,24,33.888888888888886,9,34.75,8,0,ENV_YDST_108_HR_2015_2015_2017.csv
2015-04-14,2015,4,14,1,화,0,1,108,18.0,17.0,9.0,8.0,18.26086956521739,23,14.11111111111111,9,14.625,8,0,ENV_YDST_108_HR_2015_2015_2017.csv
2015-04-15,2015,4,15,2,수,0,0,108,18.0,17.0,9.0,8.0,42.791666666666664,24,49.888888888888886,9,46.875,8,0,ENV_YDST_108_HR_2015_2015_2017.csv
2015-04-16,2015,4,16,3,목,0,0,108,18.0,17.0,9.0,8.0,79.75,24,59.333333333333336,9,63.5,8,0,ENV_YDST_108_HR_2015_2015_2017.csv
2015-04-17,2015,4,17,4,금,0,0,108,18.0,17.0,9.0,8.0,76.75,24,75.33333333333333,9,74.875,8,0,ENV_YDST_108_HR_2015_2015_2017.csv
2015-04-18,2015,4,18,5,토,1,0,108,18.0,17.0,9.0,8.0,61.083333333333336,24,54.55555555555556,9,54.875,8,0,ENV_YDST_108_HR_2015_2015_2017.csv
2015-04-19,2015,4,19,6,일,1,0,108,18.0,17.0,9.0,8.0,29.958333333333332,24,27.444444444444443,9,28.25,8,0,ENV_YDST_108_HR_2015_2015_2017.csv
2015-04-20,2015,4,20,0,월,0,0,108,18.0,17.0,9.0,8.0,12.8,20,9.666666666666666,9,8.375,8,0,ENV_YDST_108_HR_2015_2015_2017.csv
2015-04-21,2015,4,21,1,화,0,1,108,18.0,17.0,9.0,8.0,45.875,24,57.22222222222222,9,57.25,8,0,ENV_YDST_108_HR_2015_2015_2017.csv
2015-04-22,2015,4,22,2,수,0,0,108,18.0,17.0,9.0,8.0,73.54166666666667,24,78.66666666666667,9,78.0,8,0,ENV_YDST_108_HR_2015_2015_2017.csv
2015-04-23,2015,4,23,3,목,0,0,108,18.0,17.0,9.0,8.0,67.04166666666667,24,69.66666666666667,9,70.625,8,0,ENV_YDST_108_HR_2015_2015_2017.csv
2015-04-24,2015,4,24,4,금,0,0,108,18.0,17.0,9.0,8.0,71.95833333333333,24,82.44444444444444,9,84.25,8,1,ENV_YDST_108_HR_2015_2015_2017.csv
2015-04-25,2015,4,25,5,토,1,0,108,18.0,17.0,9.0,8.0,69.625,24,81.44444444444444,9,83.375,8,1,ENV_YDST_108_HR_2015_2015_2017.csv
2015-04-26,2015,4,26,6,일,1,0,108,18.0,17.0,9.0,8.0,56.916666666666664,24,69.44444444444444,9,66.875,8,0,ENV_YDST_108_HR_2015_2015_2017.csv
2015-04-27,2015,4,27,0,월,0,0,108,18.0,17.0,9.0,8.0,65.29166666666667,24,64.88888888888889,9,65.125,8,0,ENV_YDST_108_HR_2015_2015_2017.csv
2015-04-28,2015,4,28,1,화,0,1,108,18.0,17.0,9.0,8.0,44.25,24,40.77777777777778,9,41.125,8,0,ENV_YDST_108_HR_2015_2015_2017.csv
2015-04-29,2015,4,29,2,수,0,0,108,18.0,17.0,9.0,8.0,42.416666666666664,24,33.333333333333336,9,33.875,8,0,ENV_YDST_108_HR_2015_2015_2017.csv
2015-04-30,2015,4,30,3,목,0,0,108,18.0,17.0,9.0,8.0,27.166666666666668,24,23.333333333333332,9,22.5,8,0,ENV_YDST_108_HR_2015_2015_2017.csv
2015-05-01,2015,5,1,4,금,0,0,108,18.0,17.0,9.0,8.0,40.208333333333336,24,43.0,9,44.125,8,0,ENV_YDST_108_HR_2015_2015_2017.csv
2015-05-02,2015,5,2,5,토,1,0,108,18.0,17.0,9.0,8.0,36.958333333333336,24,39.0,9,38.25,8,0,ENV_YDST_108_HR_2015_2015_2017.csv
2015-05-03,2015,5,3,6,일,1,0,108,18.0,17.0,9.0,8.0,25.772727272727273,22,23.857142857142858,9,23.857142857142858,8,0,ENV_YDST_108_HR_2015_2015_2017.csv
2015-05-04,2015,5,4,0,월,0,0,108,18.0,17.0,9.0,8.0,56.291666666666664,24,81.0,9,83.875,8,1,ENV_YDST_108_HR_2015_2015_2017.csv
2015-05-05,2015,5,5,1,화,0,1,108,18.0,17.0,9.0,8.0,40.285714285714285,21,45.714285714285715,9,46.0,8,0,ENV_YDST_108_HR_2015_2015_2017.csv
2015-05-06,2015,5,6,2,수,0,0,108,18.0,17.0,9.0,8.0,48.541666666666664,24,58.333333333333336,9,58.5,8,0,ENV_YDST_108_HR_2015_2015_2017.csv
2015-05-07,2015,5,7,3,목,0,0,108,18.0,17.0,9.0,8.0,41.91304347826087,23,58.125,9,55.714285714285715,8,0,ENV_YDST_108_HR_2015_2015_2017.csv
2015-05-08,2015,5,8,4,금,0,0,108,18.0,17.0,9.0,8.0,53.666666666666664,24,57.55555555555556,9,55.0,8,0,ENV_YDST_108_HR_2015_2015_2017.csv
2015-05-09,2015,5,9,5,토,1,0,108,18.0,17.0,9.0,8.0,41.208333333333336,24,50.111111111111114,9,49.5,8,0,ENV_YDST_108_HR_2015_2015_2017.csv
2015-05-10,2015,5,10,6,일,1,0,108,18.0,17.0,9.0,8.0,39.375,24,41.77777777777778,9,43.25,8,0,ENV_YDST_108_HR_2015_2015_2017.csv
2015-05-11,2015,5,11,0,월,0,0,108,18.0,17.0,9.0,8.0,41.041666666666664,24,49.666666666666664,9,49.375,8,0,ENV_YDST_108_HR_2015_2015_2017.csv
2015-05-12,2015,5,12,1,화,0,1,108,18.0,17.0,9.0,8.0,36.791666666666664,24,54.888888888888886,9,52.75,8,0,ENV_YDST_108_HR_2015_2015_2017.csv
2015-05-13,2015,5,13,2,수,0,0,108,18.0,17.0,9.0,8.0,67.58333333333333,24,93.33333333333333,9,92.0,8,1,ENV_YDST_108_HR_2015_2015_2017.csv
2015-05-14,2015,5,14,3,목,0,0,108,18.0,17.0,9.0,8.0,55.791666666666664,24,59.111111111111114,9,57.375,8,0,ENV_YDST_108_HR_2015_2015_2017.csv
2015-05-15,2015,5,15,4,금,0,0,108,18.0,17.0,9.0,8.0,96.375,24,103.66666666666667,9,104.5,8,1,ENV_YDST_108_HR_2015_2015_2017.csv
2015-05-16,2015,5,16,5,토,1,0,108,18.0,17.0,9.0,8.0,55.625,24,59.111111111111114,9,58.625,8,0,ENV_YDST_108_HR_2015_2015_2017.csv
2015-05-17,2015,5,17,6,일,1,0,108,18.0,17.0,9.0,8.0,53.5,24,46.0,9,47.5,8,0,ENV_YDST_108_HR_2015_2015_2017.csv
2015-05-18,2015,5,18,0,월,0,0,108,18.0,17.0,9.0,8.0,42.0,24,45.22222222222222,9,46.375,8,0,ENV_YDST_108_HR_2015_2015_2017.csv
2015-05-19,2015,5,19,1,화,0,1,108,18.0,17.0,9.0,8.0,45.75,24,61.888888888888886,9,62.75,8,0,ENV_YDST_108_HR_2015_2015_2017.csv
2015-05-20,2015,5,20,2,수,0,0,108,18.0,17.0,9.0,8.0,42.333333333333336,24,32.77777777777778,9,32.875,8,0,ENV_YDST_108_HR_2015_2015_2017.csv
2015-05-21,2015,5,21,3,목,0,0,108,18.0,17.0,9.0,8.0,42.75,24,48.0,9,46.0,8,0,ENV_YDST_108_HR_2015_2015_2017.csv
2015-05-22,2015,5,22,4,금,0,0,108,18.0,17.0,9.0,8.0,52.625,24,52.44444444444444,9,51.25,8,0,ENV_YDST_108_HR_2015_2015_2017.csv
2015-05-23,2015,5,23,5,토,1,0,108,18.0,17.0,9.0,8.0,45.666666666666664,24,45.333333333333336,9,46.0,8,0,ENV_YDST_108_HR_2015_2015_2017.csv
2015-05-24,2015,5,24,6,일,1,0,108,18.0,17.0,9.0,8.0,29.625,24,30.0,9,28.875,8,0,ENV_YDST_108_HR_2015_2015_2017.csv
2015-05-25,2015,5,25,0,월,0,0,108,18.0,17.0,9.0,8.0,43.958333333333336,24,53.333333333333336,9,53.125,8,0,ENV_YDST_108_HR_2015_2015_2017.csv
2015-05-26,2015,5,26,1,화,0,1,108,18.0,17.0,9.0,8.0,43.666666666666664,24,51.77777777777778,9,52.25,8,0,ENV_YDST_108_HR_2015_2015_2017.csv
2015-05-27,2015,5,27,2,수,0,0,108,18.0,17.0,9.0,8.0,39.125,24,41.55555555555556,9,40.25,8,0,ENV_YDST_108_HR_2015_2015_2017.csv
2015-05-28,2015,5,28,3,목,0,0,108,18.0,17.0,9.0,8.0,39.833333333333336,24,54.333333333333336,9,55.5,8,0,ENV_YDST_108_HR_2015_2015_2017.csv
2015-05-29,2015,5,29,4,금,0,0,108,18.0,17.0,9.0,8.0,47.791666666666664,24,60.888888888888886,9,61.125,8,0,ENV_YDST_108_HR_2015_2015_2017.csv
2015-05-30,2015,5,30,5,토,1,0,108,18.0,17.0,9.0,8.0,37.625,24,42.888888888888886,9,44.0,8,0,ENV_YDST_108_HR_2015_2015_2017.csv
2015-05-31,2015,5,31,6,일,1,0,108,18.0,17.0,9.0,8.0,42.75,24,35.111111111111114,9,32.0,8,0,ENV_YDST_108_HR_2015_2015_2017.csv
2015-06-01,2015,6,1,0,월,0,0,108,18.5,17.5,9.5,8.5,42.375,24,36.6,10,37.0,9,0,ENV_YDST_108_HR_2015_2015_2017.csv
2015-06-02,2015,6,2,1,화,0,1,108,18.5,17.5,9.5,8.5,39.375,24,45.9,10,43.111111111111114,9,0,ENV_YDST_108_HR_2015_2015_2017.csv
2015-06-03,2015,6,3,2,수,0,0,108,18.5,17.5,9.5,8.5,42.583333333333336,24,48.5,10,47.333333333333336,9,0,ENV_YDST_108_HR_2015_2015_2017.csv
2015-06-04,2015,6,4,3,목,0,0,108,18.5,17.5,9.5,8.5,40.0,23,48.666666666666664,10,48.25,9,0,ENV_YDST_108_HR_2015_2015_2017.csv
2015-06-05,2015,6,5,4,금,0,0,108,18.5,17.5,9.5,8.5,37.45454545454545,22,28.22222222222222,10,28.75,9,0,ENV_YDST_108_HR_2015_2015_2017.csv
2015-06-06,2015,6,6,5,토,1,0,108,18.5,17.5,9.5,8.5,29.833333333333332,24,33.1,10,30.77777777777778,9,0,ENV_YDST_108_HR_2015_2015_2017.csv
2015-06-07,2015,6,7,6,일,1,0,108,18.5,17.5,9.5,8.5,27.875,24,35.9,10,34.44444444444444,9,0,ENV_YDST_108_HR_2015_2015_2017.csv
2015-06-08,2015,6,8,0,월,0,0,108,18.5,17.5,9.5,8.5,37.208333333333336,24,54.4,10,54.333333333333336,9,0,ENV_YDST_108_HR_2015_2015_2017.csv
2015-06-09,2015,6,9,1,화,0,1,108,18.5,17.5,9.5,8.5,42.625,24,51.2,10,51.111111111111114,9,0,ENV_YDST_108_HR_2015_2015_2017.csv
2015-06-10,2015,6,10,2,수,0,0,108,18.5,17.5,9.5,8.5,45.583333333333336,24,52.2,10,47.55555555555556,9,0,ENV_YDST_108_HR_2015_2015_2017.csv
2015-06-11,2015,6,11,3,목,0,0,108,18.5,17.5,9.5,8.5,35.333333333333336,24,38.3,10,39.888888888888886,9,0,ENV_YDST_108_HR_2015_2015_2017.csv
2015-06-12,2015,6,12,4,금,0,0,108,18.5,17.5,9.5,8.5,41.583333333333336,24,54.7,10,52.44444444444444,9,0,ENV_YDST_108_HR_2015_2015_2017.csv
2015-06-13,2015,6,13,5,토,1,0,108,18.5,17.5,9.5,8.5,67.91666666666667,24,84.9,10,84.66666666666667,9,1,ENV_YDST_108_HR_2015_2015_2017.csv
2015-06-14,2015,6,14,6,일,1,0,108,18.5,17.5,9.5,8.5,32.53846153846154,13,12.5,3,14.0,2,0,ENV_YDST_108_HR_2015_2015_2017.csv
2015-06-15,2015,6,15,0,월,0,0,108,18.5,17.5,9.5,8.5,34.35294117647059,17,45.5,7,44.2,6,0,ENV_YDST_108_HR_2015_2015_2017.csv
2015-06-16,2015,6,16,1,화,0,1,108,18.5,17.5,9.5,8.5,43.40909090909091,22,56.0,10,58.125,9,0,ENV_YDST_108_HR_2015_2015_2017.csv
2015-06-17,2015,6,17,2,수,0,0,108,18.5,17.5,9.5,8.5,35.291666666666664,24,37.2,10,37.666666666666664,9,0,ENV_YDST_108_HR_2015_2015_2017.csv
2015-06-18,2015,6,18,3,목,0,0,108,18.5,17.5,9.5,8.5,25.26086956521739,23,26.4,10,26.444444444444443,9,0,ENV_YDST_108_HR_2015_2015_2017.csv
2015-06-19,2015,6,19,4,금,0,0,108,18.5,17.5,9.5,8.5,21.708333333333332,24,26.0,10,25.11111111111111,9,0,ENV_YDST_108_HR_2015_2015_2017.csv
2015-06-20,2015,6,20,5,토,1,0,108,18.5,17.5,9.5,8.5,46.0,10,51.0,2,51.0,2,0,ENV_YDST_108_HR_2015_2015_2017.csv
2015-06-21,2015,6,21,6,일,1,0,108,18.5,17.5,9.5,8.5,16.958333333333332,24,17.4,10,14.11111111111111,9,0,ENV_YDST_108_HR_2015_2015_2017.csv
2015-06-22,2015,6,22,0,월,0,0,108,18.5,17.5,9.5,8.5,28.916666666666668,24,35.7,10,35.44444444444444,9,0,ENV_YDST_108_HR_2015_2015_2017.csv
2015-06-23,2015,6,23,1,화,0,1,108,18.5,17.5,9.5,8.5,31.791666666666668,24,35.6,10,34.77777777777778,9,0,ENV_YDST_108_HR_2015_2015_2017.csv
2015-06-24,2015,6,24,2,수,0,0,108,18.5,17.5,9.5,8.5,37.041666666666664,24,46.4,10,46.22222222222222,9,0,ENV_YDST_108_HR_2015_2015_2017.csv
2015-06-25,2015,6,25,3,목,0,0,108,18.5,17.5,9.5,8.5,35.625,24,40.9,10,41.77777777777778,9,0,ENV_YDST_108_HR_2015_2015_2017.csv
2015-06-26,2015,6,26,4,금,0,0,108,18.5,17.5,9.5,8.5,10.1,20,12.142857142857142,10,12.142857142857142,9,0,ENV_YDST_108_HR_2015_2015_2017.csv
2015-06-27,2015,6,27,5,토,1,0,108,18.5,17.5,9.5,8.5,10.695652173913043,23,10.7,10,10.88888888888889,9,0,ENV_YDST_108_HR_2015_2015_2017.csv
2015-06-28,2015,6,28,6,일,1,0,108,18.5,17.5,9.5,8.5,20.869565217391305,23,26.8,10,27.555555555555557,9,0,ENV_YDST_108_HR_2015_2015_2017.csv
2015-06-29,2015,6,29,0,월,0,0,108,18.5,17.5,9.5,8.5,24.333333333333332,24,33.8,10,34.333333333333336,9,0,ENV_YDST_108_HR_2015_2015_2017.csv
2015-06-30,2015,6,30,1,화,0,1,108,18.5,17.5,9.5,8.5,28.541666666666668,24,34.9,10,35.0,9,0,ENV_YDST_108_HR_2015_2015_2017.csv
2015-07-01,2015,7,1,2,수,0,0,108,18.5,17.5,9.5,8.5,34.208333333333336,24,34.8,10,33.333333333333336,9,0,ENV_YDST_108_HR_2015_2015_2017.csv
2015-07-02,2015,7,2,3,목,0,0,108,18.5,17.5,9.5,8.5,47.5,24,41.5,10,42.888888888888886,9,0,ENV_YDST_108_HR_2015_2015_2017.csv
2015-07-03,2015,7,3,4,금,0,0,108,18.5,17.5,9.5,8.5,38.541666666666664,24,32.1,10,32.888888888888886,9,0,ENV_YDST_108_HR_2015_2015_2017.csv
2015-07-04,2015,7,4,5,토,1,0,108,18.5,17.5,9.5,8.5,28.458333333333332,24,28.8,10,26.0,9,0,ENV_YDST_108_HR_2015_2015_2017.csv
2015-07-05,2015,7,5,6,일,1,0,108,18.5,17.5,9.5,8.5,28.75,24,30.1,10,30.444444444444443,9,0,ENV_YDST_108_HR_2015_2015_2017.csv
2015-07-06,2015,7,6,0,월,0,0,108,18.5,17.5,9.5,8.5,28.375,24,33.0,10,31.555555555555557,9,0,ENV_YDST_108_HR_2015_2015_2017.csv
2015-07-07,2015,7,7,1,화,0,1,108,18.5,17.5,9.5,8.5,30.833333333333332,24,33.9,10,33.55555555555556,9,0,ENV_YDST_108_HR_2015_2015_2017.csv
2015-07-08,2015,7,8,2,수,0,0,108,18.5,17.5,9.5,8.5,7.882352941176471,17,8.333333333333334,10,8.875,9,0,ENV_YDST_108_HR_2015_2015_2017.csv
2015-07-09,2015,7,9,3,목,0,0,108,18.5,17.5,9.5,8.5,10.380952380952381,21,12.7,10,12.444444444444445,9,0,ENV_YDST_108_HR_2015_2015_2017.csv
2015-07-10,2015,7,10,4,금,0,0,108,18.5,17.5,9.5,8.5,20.458333333333332,24,19.7,10,17.11111111111111,9,0,ENV_YDST_108_HR_2015_2015_2017.csv
2015-07-11,2015,7,11,5,토,1,0,108,18.5,17.5,9.5,8.5,25.375,24,25.6,10,23.0,9,0,ENV_YDST_108_HR_2015_2015_2017.csv
2015-07-12,2015,7,12,6,일,1,0,108,18.5,17.5,9.5,8.5,9.941176470588236,17,10.0,10,10.0,9,0,ENV_YDST_108_HR_2015_2015_2017.csv
2015-07-13,2015,7,13,0,월,0,0,108,18.5,17.5,9.5,8.5,35.88235294117647,17,33.2,10,29.555555555555557,9,0,ENV_YDST_108_HR_2015_2015_2017.csv
2015-07-14,2015,7,14,1,화,0,1,108,18.5,17.5,9.5,8.5,57.5,24,62.7,10,62.888888888888886,9,0,ENV_YDST_108_HR_2015_2015_2017.csv
2015-07-15,2015,7,15,2,수,0,0,108,18.5,17.5,9.5,8.5,44.625,24,41.6,10,43.888888888888886,9,0,ENV_YDST_108_HR_2015_2015_2017.csv
2015-07-16,2015,7,16,3,목,0,0,108,18.5,17.5,9.5,8.5,11.15,20,15.4,10,15.0,9,0,ENV_YDST_108_HR_2015_2015_2017.csv
2015-07-17,2015,7,17,4,금,0,0,108,18.5,17.5,9.5,8.5,9.761904761904763,21,11.1,10,11.333333333333334,9,0,ENV_YDST_108_HR_2015_2015_2017.csv
2015-07-18,2015,7,18,5,토,1,0,108,18.5,17.5,9.5,8.5,27.25,24,39.6,10,37.22222222222222,9,0,ENV_YDST_108_HR_2015_2015_2017.csv
2015-07-19,2015,7,19,6,일,1,0,108,18.5,17.5,9.5,8.5,21.416666666666668,24,15.2,10,14.666666666666666,9,0,ENV_YDST_108_HR_2015_2015_2017.csv
2015-07-20,2015,7,20,0,월,0,0,108,18.5,17.5,9.5,8.5,18.25,24,19.0,10,20.555555555555557,9,0,ENV_YDST_108_HR_2015_2015_2017.csv
2015-07-21,2015,7,21,1,화,0,1,108,18.5,17.5,9.5,8.5,21.958333333333332,24,29.0,10,29.11111111111111,9,0,ENV_YDST_108_HR_2015_2015_2017.csv
2015-07-22,2015,7,22,2,수,0,0,108,18.5,17.5,9.5,8.5,32.26086956521739,23,47.8,10,50.44444444444444,9,0,ENV_YDST_108_HR_2015_2015_2017.csv
2015-07-23,2015,7,23,3,목,0,0,108,18.5,17.5,9.5,8.5,31.1,20,36.9,10,36.111111111111114,9,0,ENV_YDST_108_HR_2015_2015_2017.csv
2015-07-24,2015,7,24,4,금,0,0,108,18.5,17.5,9.5,8.5,13.25,24,13.0,10,12.222222222222221,9,0,ENV_YDST_108_HR_2015_2015_2017.csv
2015-07-25,2015,7,25,5,토,1,0,108,18.5,17.5,9.5,8.5,15.916666666666666,24,19.1,10,19.22222222222222,9,0,ENV_YDST_108_HR_2015_2015_2017.csv
2015-07-26,2015,7,26,6,일,1,0,108,18.5,17.5,9.5,8.5,15.333333333333334,24,18.3,10,18.88888888888889,9,0,ENV_YDST_108_HR_2015_2015_2017.csv
2015-07-27,2015,7,27,0,월,0,0,108,18.5,17.5,9.5,8.5,31.166666666666668,24,40.8,10,38.666666666666664,9,0,ENV_YDST_108_HR_2015_2015_2017.csv
2015-07-28,2015,7,28,1,화,0,1,108,18.5,17.5,9.5,8.5,29.333333333333332,24,27.5,10,26.666666666666668,9,0,ENV_YDST_108_HR_2015_2015_2017.csv
2015-07-29,2015,7,29,2,수,0,0,108,18.5,17.5,9.5,8.5,34.333333333333336,24,29.0,10,25.22222222222222,9,0,ENV_YDST_108_HR_2015_2015_2017.csv
2015-07-30,2015,7,30,3,목,0,0,108,18.5,17.5,9.5,8.5,64.20833333333333,24,76.6,10,77.33333333333333,9,0,ENV_YDST_108_HR_2015_2015_2017.csv
2015-07-31,2015,7,31,4,금,0,0,108,18.5,17.5,9.5,8.5,55.333333333333336,24,63.7,10,65.55555555555556,9,0,ENV_YDST_108_HR_2015_2015_2017.csv
2015-08-01,2015,8,1,5,토,1,0,108,18.5,17.5,9.5,8.5,44.416666666666664,24,52.5,10,53.666666666666664,9,0,ENV_YDST_108_HR_2015_2015_2017.csv
2015-08-02,2015,8,2,6,일,1,0,108,18.5,17.5,9.5,8.5,33.111111111111114,9,35.0,4,,3,0,ENV_YDST_108_HR_2015_2015_2017.csv
2015-08-03,2015,8,3,0,월,0,0,108,18.5,17.5,9.5,8.5,25.083333333333332,24,26.8,10,27.666666666666668,9,0,ENV_YDST_108_HR_2015_2015_2017.csv
2015-08-04,2015,8,4,1,화,0,1,108,18.5,17.5,9.5,8.5,23.625,24,25.6,10,25.22222222222222,9,0,ENV_YDST_108_HR_2015_2015_2017.csv
2015-08-05,2015,8,5,2,수,0,0,108,18.5,17.5,9.5,8.5,30.291666666666668,24,23.2,10,23.666666666666668,9,0,ENV_YDST_108_HR_2015_2015_2017.csv
2015-08-06,2015,8,6,3,목,0,0,108,18.5,17.5,9.5,8.5,31.75,24,35.2,10,34.333333333333336,9,0,ENV_YDST_108_HR_2015_2015_2017.csv
2015-08-07,2015,8,7,4,금,0,0,108,18.5,17.5,9.5,8.5,35.9375,16,39.857142857142854,8,39.857142857142854,8,0,ENV_YDST_108_HR_2015_2015_2017.csv
2015-08-08,2015,8,8,5,토,1,0,108,18.5,17.5,9.5,8.5,35.333333333333336,6,37.6,6,37.6,6,0,ENV_YDST_108_HR_2015_2015_2017.csv
2015-08-09,2015,8,9,6,일,1,0,108,18.5,17.5,9.5,8.5,15.722222222222221,18,14.2,10,13.88888888888889,9,0,ENV_YDST_108_HR_2015_2015_2017.csv
2015-08-10,2015,8,10,0,월,0,0,108,18.5,17.5,9.5,8.5,26.043478260869566,23,31.1,10,29.88888888888889,9,0,ENV_YDST_108_HR_2015_2015_2017.csv
2015-08-11,2015,8,11,1,화,0,1,108,18.5,17.5,9.5,8.5,54.0,24,59.9,10,60.333333333333336,9,0,ENV_YDST_108_HR_2015_2015_2017.csv
2015-08-12,2015,8,12,2,수,0,0,108,18.5,17.5,9.5,8.5,45.541666666666664,24,43.6,10,42.55555555555556,9,0,ENV_YDST_108_HR_2015_2015_2017.csv
2015-08-13,2015,8,13,3,목,0,0,108,18.5,17.5,9.5,8.5,38.733333333333334,15,43.333333333333336,7,43.333333333333336,7,0,ENV_YDST_108_HR_2015_2015_2017.csv
2015-08-14,2015,8,14,4,금,0,0,108,18.5,17.5,9.5,8.5,29.25,16,30.6,10,29.666666666666668,9,0,ENV_YDST_108_HR_2015_2015_2017.csv
2015-08-15,2015,8,15,5,토,1,0,108,18.5,17.5,9.5,8.5,58.916666666666664,24,62.2,10,60.44444444444444,9,0,ENV_YDST_108_HR_2015_2015_2017.csv
2015-08-16,2015,8,16,6,일,1,0,108,18.5,17.5,9.5,8.5,74.94117647058823,17,62.5,9,62.5,9,0,ENV_YDST_108_HR_2015_2015_2017.csv
2015-08-17,2015,8,17,0,월,0,0,108,18.5,17.5,9.5,8.5,21.823529411764707,17,24.3,10,24.0,9,0,ENV_YDST_108_HR_2015_2015_2017.csv
2015-08-18,2015,8,18,1,화,0,1,108,18.5,17.5,9.5,8.5,17.375,24,14.5,10,14.666666666666666,9,0,ENV_YDST_108_HR_2015_2015_2017.csv
2015-08-19,2015,8,19,2,수,0,0,108,18.5,17.5,9.5,8.5,32.041666666666664,24,33.9,10,33.44444444444444,9,0,ENV_YDST_108_HR_2015_2015_2017.csv
2015-08-20,2015,8,20,3,목,0,0,108,18.5,17.5,9.5,8.5,34.75,24,32.5,10,31.444444444444443,9,0,ENV_YDST_108_HR_2015_2015_2017.csv
2015-08-21,2015,8,21,4,금,0,0,108,18.5,17.5,9.5,8.5,28.0,24,31.4,10,32.888888888888886,9,0,ENV_YDST_108_HR_2015_2015_2017.csv
2015-08-22,2015,8,22,5,토,1,0,108,18.5,17.5,9.5,8.5,37.041666666666664,24,46.2,10,47.666666666666664,9,0,ENV_YDST_108_HR_2015_2015_2017.csv
2015-08-23,2015,8,23,6,일,1,0,108,18.5,17.5,9.5,8.5,34.166666666666664,24,34.8,10,35.0,9,0,ENV_YDST_108_HR_2015_2015_2017.csv
2015-08-24,2015,8,24,0,월,0,0,108,18.5,17.5,9.5,8.5,25.73913043478261,23,29.3,10,31.555555555555557,9,0,ENV_YDST_108_HR_2015_2015_2017.csv
2015-08-25,2015,8,25,1,화,0,1,108,18.5,17.5,9.5,8.5,5.294117647058823,17,6.571428571428571,10,5.833333333333333,9,0,ENV_YDST_108_HR_2015_2015_2017.csv
2015-08-26,2015,8,26,2,수,0,0,108,18.5,17.5,9.5,8.5,11.909090909090908,22,16.0,10,15.333333333333334,9,0,ENV_YDST_108_HR_2015_2015_2017.csv
2015-08-27,2015,8,27,3,목,0,0,108,18.5,17.5,9.5,8.5,21.25,24,24.3,10,23.666666666666668,9,0,ENV_YDST_108_HR_2015_2015_2017.csv
2015-08-28,2015,8,28,4,금,0,0,108,18.5,17.5,9.5,8.5,24.666666666666668,24,32.0,10,32.888888888888886,9,0,ENV_YDST_108_HR_2015_2015_2017.csv
2015-08-29,2015,8,29,5,토,1,0,108,18.5,17.5,9.5,8.5,28.916666666666668,24,30.8,10,28.444444444444443,9,0,ENV_YDST_108_HR_2015_2015_2017.csv
2015-08-30,2015,8,30,6,일,1,0,108,18.5,17.5,9.5,8.5,28.666666666666668,24,31.6,10,31.555555555555557,9,0,ENV_YDST_108_HR_2015_2015_2017.csv
2015-08-31,2015,8,31,0,월,0,0,108,18.5,17.5,9.5,8.5,29.208333333333332,24,27.0,10,27.22222222222222,9,0,ENV_YDST_108_HR_2015_2015_2017.csv
2015-09-01,2015,9,1,1,화,0,1,108,18.0,17.0,9.0,8.0,19.875,24,22.444444444444443,9,23.0,8,0,ENV_YDST_108_HR_2015_2015_2017.csv
2015-09-02,2015,9,2,2,수,0,0,108,18.0,17.0,9.0,8.0,20.714285714285715,14,27.0,6,27.0,6,0,ENV_YDST_108_HR_2015_2015_2017.csv
2015-09-03,2015,9,3,3,목,0,0,108,18.0,17.0,9.0,8.0,18.357142857142858,14,18.142857142857142,7,18.142857142857142,7,0,ENV_YDST_108_HR_2015_2015_2017.csv
2015-09-04,2015,9,4,4,금,0,0,108,18.0,17.0,9.0,8.0,44.0,5,,1,,0,0,ENV_YDST_108_HR_2015_2015_2017.csv
2015-09-05,2015,9,5,5,토,1,0,108,18.0,17.0,9.0,8.0,28.75,24,22.333333333333332,9,23.0,8,0,ENV_YDST_108_HR_2015_2015_2017.csv
2015-09-06,2015,9,6,6,일,1,0,108,18.0,17.0,9.0,8.0,11.043478260869565,23,8.222222222222221,9,8.375,8,0,ENV_YDST_108_HR_2015_2015_2017.csv
2015-09-07,2015,9,7,0,월,0,0,108,18.0,17.0,9.0,8.0,10.863636363636363,22,11.555555555555555,9,12.125,8,0,ENV_YDST_108_HR_2015_2015_2017.csv
2015-09-08,2015,9,8,1,화,0,1,108,18.0,17.0,9.0,8.0,10.956521739130435,23,10.666666666666666,9,10.875,8,0,ENV_YDST_108_HR_2015_2015_2017.csv
2015-09-09,2015,9,9,2,수,0,0,108,18.0,17.0,9.0,8.0,14.434782608695652,23,16.0,9,15.125,8,0,ENV_YDST_108_HR_2015_2015_2017.csv
2015-09-10,2015,9,10,3,목,0,0,108,18.0,17.0,9.0,8.0,28.333333333333332,24,32.666666666666664,9,31.5,8,0,ENV_YDST_108_HR_2015_2015_2017.csv
2015-09-11,2015,9,11,4,금,0,0,108,18.0,17.0,9.0,8.0,38.5,24,42.22222222222222,9,43.375,8,0,ENV_YDST_108_HR_2015_2015_2017.csv
2015-09-12,2015,9,12,5,토,1,0,108,18.0,17.0,9.0,8.0,19.833333333333332,24,22.333333333333332,9,22.0,8,0,ENV_YDST_108_HR_2015_2015_2017.csv
2015-09-13,2015,9,13,6,일,1,0,108,18.0,17.0,9.0,8.0,19.541666666666668,24,18.11111111111111,9,18.25,8,0,ENV_YDST_108_HR_2015_2015_2017.csv
2015-09-14,2015,9,14,0,월,0,0,108,18.0,17.0,9.0,8.0,30.041666666666668,24,32.0,9,31.125,8,0,ENV_YDST_108_HR_2015_2015_2017.csv
2015-09-15,2015,9,15,1,화,0,1,108,18.0,17.0,9.0,8.0,23.041666666666668,24,21.444444444444443,9,22.0,8,0,ENV_YDST_108_HR_2015_2015_2017.csv
2015-09-16,2015,9,16,2,수,0,0,108,18.0,17.0,9.0,8.0,14.26086956521739,23,13.666666666666666,9,13.625,8,0,ENV_YDST_108_HR_2015_2015_2017.csv
2015-09-17,2015,9,17,3,목,0,0,108,18.0,17.0,9.0,8.0,10.380952380952381,21,12.666666666666666,9,12.625,8,0,ENV_YDST_108_HR_2015_2015_2017.csv
2015-09-18,2015,9,18,4,금,0,0,108,18.0,17.0,9.0,8.0,17.434782608695652,23,17.444444444444443,9,16.75,8,0,ENV_YDST_108_HR_2015_2015_2017.csv
2015-09-19,2015,9,19,5,토,1,0,108,18.0,17.0,9.0,8.0,29.833333333333332,24,32.666666666666664,9,32.75,8,0,ENV_YDST_108_HR_2015_2015_2017.csv
2015-09-20,2015,9,20,6,일,1,0,108,18.0,17.0,9.0,8.0,42.75,24,46.333333333333336,9,46.25,8,0,ENV_YDST_108_HR_2015_2015_2017.csv
2015-09-21,2015,9,21,0,월,0,0,108,18.0,17.0,9.0,8.0,42.291666666666664,24,43.55555555555556,9,44.5,8,0,ENV_YDST_108_HR_2015_2015_2017.csv
2015-09-22,2015,9,22,1,화,0,1,108,18.0,17.0,9.0,8.0,37.0,24,35.666666666666664,9,36.125,8,0,ENV_YDST_108_HR_2015_2015_2017.csv
2015-09-23,2015,9,23,2,수,0,0,108,18.0,17.0,9.0,8.0,35.375,24,29.88888888888889,9,30.125,8,0,ENV_YDST_108_HR_2015_2015_2017.csv
2015-09-24,2015,9,24,3,목,0,0,108,18.0,17.0,9.0,8.0,33.833333333333336,24,27.666666666666668,9,27.5,8,0,ENV_YDST_108_HR_2015_2015_2017.csv
2015-09-25,2015,9,25,4,금,0,0,108,18.0,17.0,9.0,8.0,32.166666666666664,24,24.555555555555557,9,23.0,8,0,ENV_YDST_108_HR_2015_2015_2017.csv
2015-09-26,2015,9,26,5,토,1,0,108,18.0,17.0,9.0,8.0,44.833333333333336,24,42.44444444444444,9,43.5,8,0,ENV_YDST_108_HR_2015_2015_2017.csv
2015-09-27,2015,9,27,6,일,1,0,108,18.0,17.0,9.0,8.0,31.666666666666668,24,32.55555555555556,9,34.0,8,0,ENV_YDST_108_HR_2015_2015_2017.csv
2015-09-28,2015,9,28,0,월,0,0,108,18.0,17.0,9.0,8.0,29.208333333333332,24,29.11111111111111,9,28.625,8,0,ENV_YDST_108_HR_2015_2015_2017.csv
2015-09-29,2015,9,29,1,화,0,1,108,18.0,17.0,9.0,8.0,20.75,24,16.333333333333332,9,15.75,8,0,ENV_YDST_108_HR_2015_2015_2017.csv
2015-09-30,2015,9,30,2,수,0,0,108,18.0,17.0,9.0,8.0,15.833333333333334,24,17.11111111111111,9,17.75,8,0,ENV_YDST_108_HR_2015_2015_2017.csv
2015-10-01,2015,10,1,3,목,0,0,108,18.0,17.0,9.0,8.0,13.91304347826087,23,13.0,9,12.571428571428571,8,0,ENV_YDST_108_HR_2015_2015_2017.csv
2015-10-02,2015,10,2,4,금,0,0,108,18.0,17.0,9.0,8.0,31.347826086956523,23,45.44444444444444,9,46.375,8,0,ENV_YDST_108_HR_2015_2015_2017.csv
2015-10-03,2015,10,3,5,토,1,0,108,18.0,17.0,9.0,8.0,41.458333333333336,24,58.333333333333336,9,61.75,8,0,ENV_YDST_108_HR_2015_2015_2017.csv
2015-10-04,2015,10,4,6,일,1,0,108,18.0,17.0,9.0,8.0,25.833333333333332,24,29.11111111111111,9,29.75,8,0,ENV_YDST_108_HR_2015_2015_2017.csv
2015-10-05,2015,10,5,0,월,0,0,108,18.0,17.0,9.0,8.0,26.916666666666668,24,33.22222222222222,9,34.75,8,0,ENV_YDST_108_HR_2015_2015_2017.csv
2015-10-06,2015,10,6,1,화,0,1,108,18.0,17.0,9.0,8.0,28.416666666666668,24,37.0,9,36.125,8,0,ENV_YDST_108_HR_2015_2015_2017.csv
2015-10-07,2015,10,7,2,수,0,0,108,18.0,17.0,9.0,8.0,40.791666666666664,24,49.666666666666664,9,48.625,8,0,ENV_YDST_108_HR_2015_2015_2017.csv
2015-10-08,2015,10,8,3,목,0,0,108,18.0,17.0,9.0,8.0,49.25,24,50.111111111111114,9,51.875,8,0,ENV_YDST_108_HR_2015_2015_2017.csv
2015-10-09,2015,10,9,4,금,0,0,108,18.0,17.0,9.0,8.0,32.25,24,34.666666666666664,9,35.0,8,0,ENV_YDST_108_HR_2015_2015_2017.csv
2015-10-10,2015,10,10,5,토,1,0,108,18.0,17.0,9.0,8.0,19.041666666666668,24,23.0,9,21.625,8,0,ENV_YDST_108_HR_2015_2015_2017.csv
2015-10-11,2015,10,11,6,일,1,0,108,18.0,17.0,9.0,8.0,12.958333333333334,24,17.444444444444443,9,17.75,8,0,ENV_YDST_108_HR_2015_2015_2017.csv
2015-10-12,2015,10,12,0,월,0,0,108,18.0,17.0,9.0,8.0,18.25,24,23.0,9,22.25,8,0,ENV_YDST_108_HR_2015_2015_2017.csv
2015-10-13,2015,10,13,1,화,0,1,108,18.0,17.0,9.0,8.0,32.5,24,41.888888888888886,9,42.625,8,0,ENV_YDST_108_HR_2015_2015_2017.csv
2015-10-14,2015,10,14,2,수,0,0,108,18.0,17.0,9.0,8.0,47.25,24,46.666666666666664,9,44.75,8,0,ENV_YDST_108_HR_2015_2015_2017.csv
2015-10-15,2015,10,15,3,목,0,0,108,18.0,17.0,9.0,8.0,54.666666666666664,24,52.44444444444444,9,52.25,8,0,ENV_YDST_108_HR_2015_2015_2017.csv
2015-10-16,2015,10,16,4,금,0,0,108,18.0,17.0,9.0,8.0,61.458333333333336,24,66.33333333333333,9,66.125,8,0,ENV_YDST_108_HR_2015_2015_2017.csv
2015-10-17,2015,10,17,5,토,1,0,108,18.0,17.0,9.0,8.0,55.583333333333336,24,53.77777777777778,9,55.375,8,0,ENV_YDST_108_HR_2015_2015_2017.csv
2015-10-18,2015,10,18,6,일,1,0,108,18.0,17.0,9.0,8.0,68.0,24,72.22222222222223,9,70.875,8,0,ENV_YDST_108_HR_2015_2015_2017.csv
2015-10-19,2015,10,19,0,월,0,0,108,18.0,17.0,9.0,8.0,93.5,24,80.11111111111111,9,77.375,8,0,ENV_YDST_108_HR_2015_2015_2017.csv
2015-10-20,2015,10,20,1,화,0,1,108,18.0,17.0,9.0,8.0,90.70833333333333,24,95.0,9,93.375,8,1,ENV_YDST_108_HR_2015_2015_2017.csv
2015-10-21,2015,10,21,2,수,0,0,108,18.0,17.0,9.0,8.0,108.29166666666667,24,116.0,9,110.25,8,1,ENV_YDST_108_HR_2015_2015_2017.csv
2015-10-22,2015,10,22,3,목,0,0,108,18.0,17.0,9.0,8.0,72.54166666666667,24,57.77777777777778,9,53.5,8,0,ENV_YDST_108_HR_2015_2015_2017.csv
2015-10-23,2015,10,23,4,금,0,0,108,18.0,17.0,9.0,8.0,48.583333333333336,24,44.111111111111114,9,44.875,8,0,ENV_YDST_108_HR_2015_2015_2017.csv
2015-10-24,2015,10,24,5,토,1,0,108,18.0,17.0,9.0,8.0,32.458333333333336,24,38.22222222222222,9,37.875,8,0,ENV_YDST_108_HR_2015_2015_2017.csv
2015-10-25,2015,10,25,6,일,1,0,108,18.0,17.0,9.0,8.0,26.291666666666668,24,32.77777777777778,9,32.5,8,0,ENV_YDST_108_HR_2015_2015_2017.csv
2015-10-26,2015,10,26,0,월,0,0,108,18.0,17.0,9.0,8.0,29.0,24,31.22222222222222,9,30.875,8,0,ENV_YDST_108_HR_2015_2015_2017.csv
2015-10-27,2015,10,27,1,화,0,1,108,18.0,17.0,9.0,8.0,35.34782608695652,23,50.333333333333336,9,45.5,8,0,ENV_YDST_108_HR_2015_2015_2017.csv
2015-10-28,2015,10,28,2,수,0,0,108,18.0,17.0,9.0,8.0,29.833333333333332,24,40.22222222222222,9,39.375,8,0,ENV_YDST_108_HR_2015_2015_2017.csv
2015-10-29,2015,10,29,3,목,0,0,108,18.0,17.0,9.0,8.0,21.695652173913043,23,31.444444444444443,9,31.375,8,0,ENV_YDST_108_HR_2015_2015_2017.csv
2015-10-30,2015,10,30,4,금,0,0,108,18.0,17.0,9.0,8.0,27.375,24,38.888888888888886,9,37.0,8,0,ENV_YDST_108_HR_2015_2015_2017.csv
2015-10-31,2015,10,31,5,토,1,0,108,18.0,17.0,9.0,8.0,29.541666666666668,24,36.333333333333336,9,35.375,8,0,ENV_YDST_108_HR_2015_2015_2017.csv
2015-11-01,2015,11,1,6,일,1,0,108,17.0,16.0,8.0,7.0,36.5,24,37.125,8,37.714285714285715,7,0,ENV_YDST_108_HR_2015_2015_2017.csv
2015-11-02,2015,11,2,0,월,0,0,108,17.0,16.0,8.0,7.0,45.416666666666664,24,45.375,8,45.0,7,0,ENV_YDST_108_HR_2015_2015_2017.csv
2015-11-03,2015,11,3,1,화,0,1,108,17.0,16.0,8.0,7.0,63.5,24,69.5,8,69.71428571428571,7,0,ENV_YDST_108_HR_2015_2015_2017.csv
2015-11-04,2015,11,4,2,수,0,0,108,17.0,16.0,8.0,7.0,79.91666666666667,24,81.125,8,83.0,7,1,ENV_YDST_108_HR_2015_2015_2017.csv
2015-11-05,2015,11,5,3,목,0,0,108,17.0,16.0,8.0,7.0,70.0,24,65.125,8,69.71428571428571,7,0,ENV_YDST_108_HR_2015_2015_2017.csv
2015-11-06,2015,11,6,4,금,0,0,108,17.0,16.0,8.0,7.0,46.17391304347826,23,57.75,8,61.285714285714285,7,0,ENV_YDST_108_HR_2015_2015_2017.csv
2015-11-07,2015,11,7,5,토,1,0,108,17.0,16.0,8.0,7.0,9.294117647058824,17,10.0,8,10.0,7,0,ENV_YDST_108_HR_2015_2015_2017.csv
2015-11-08,2015,11,8,6,일,1,0,108,17.0,16.0,8.0,7.0,3.9,10,4.0,8,4.0,7,0,ENV_YDST_108_HR_2015_2015_2017.csv
2015-11-09,2015,11,9,0,월,0,0,108,17.0,16.0,8.0,7.0,12.434782608695652,23,13.25,8,13.285714285714286,7,0,ENV_YDST_108_HR_2015_2015_2017.csv
2015-11-10,2015,11,10,1,화,0,1,108,17.0,16.0,8.0,7.0,43.083333333333336,24,35.875,8,37.142857142857146,7,0,ENV_YDST_108_HR_2015_2015_2017.csv
2015-11-11,2015,11,11,2,수,0,0,108,17.0,16.0,8.0,7.0,38.583333333333336,24,31.125,8,30.571428571428573,7,0,ENV_YDST_108_HR_2015_2015_2017.csv
2015-11-12,2015,11,12,3,목,0,0,108,17.0,16.0,8.0,7.0,18.80952380952381,21,19.875,8,18.428571428571427,7,0,ENV_YDST_108_HR_2015_2015_2017.csv
2015-11-13,2015,11,13,4,금,0,0,108,17.0,16.0,8.0,7.0,9.954545454545455,22,11.5,8,12.428571428571429,7,0,ENV_YDST_108_HR_2015_2015_2017.csv
2015-11-14,2015,11,14,5,토,1,0,108,17.0,16.0,8.0,7.0,9.571428571428571,21,10.625,8,10.0,7,0,ENV_YDST_108_HR_2015_2015_2017.csv
2015-11-15,2015,11,15,6,일,1,0,108,17.0,16.0,8.0,7.0,16.583333333333332,24,18.5,8,16.857142857142858,7,0,ENV_YDST_108_HR_2015_2015_2017.csv
2015-11-16,2015,11,16,0,월,0,0,108,17.0,16.0,8.0,7.0,23.166666666666668,24,25.875,8,26.285714285714285,7,0,ENV_YDST_108_HR_2015_2015_2017.csv
2015-11-17,2015,11,17,1,화,0,1,108,17.0,16.0,8.0,7.0,18.291666666666668,24,18.5,8,18.142857142857142,7,0,ENV_YDST_108_HR_2015_2015_2017.csv
2015-11-18,2015,11,18,2,수,0,0,108,17.0,16.0,8.0,7.0,8.88888888888889,18,8.0,8,8.0,7,0,ENV_YDST_108_HR_2015_2015_2017.csv
2015-11-19,2015,11,19,3,목,0,0,108,17.0,16.0,8.0,7.0,16.42105263157895,19,15.25,8,15.428571428571429,7,0,ENV_YDST_108_HR_2015_2015_2017.csv
2015-11-20,2015,11,20,4,금,0,0,108,17.0,16.0,8.0,7.0,31.791666666666668,24,28.5,8,28.142857142857142,7,0,ENV_YDST_108_HR_2015_2015_2017.csv
2015-11-21,2015,11,21,5,토,1,0,108,17.0,16.0,8.0,7.0,43.25,24,50.125,8,49.57142857142857,7,0,ENV_YDST_108_HR_2015_2015_2017.csv
2015-11-22,2015,11,22,6,일,1,0,108,17.0,16.0,8.0,7.0,26.52173913043478,23,28.75,8,28.714285714285715,7,0,ENV_YDST_108_HR_2015_2015_2017.csv
2015-11-23,2015,11,23,0,월,0,0,108,17.0,16.0,8.0,7.0,13.916666666666666,12,13.2,7,12.0,6,0,ENV_YDST_108_HR_2015_2015_2017.csv
2015-11-24,2015,11,24,1,화,0,1,108,17.0,16.0,8.0,7.0,26.523809523809526,21,30.625,8,32.0,7,0,ENV_YDST_108_HR_2015_2015_2017.csv
2015-11-25,2015,11,25,2,수,0,0,108,17.0,16.0,8.0,7.0,12.421052631578947,19,10.75,8,10.285714285714286,7,0,ENV_YDST_108_HR_2015_2015_2017.csv
2015-11-26,2015,11,26,3,목,0,0,108,17.0,16.0,8.0,7.0,34.791666666666664,24,39.75,8,39.142857142857146,7,0,ENV_YDST_108_HR_2015_2015_2017.csv
2015-11-27,2015,11,27,4,금,0,0,108,17.0,16.0,8.0,7.0,37.041666666666664,24,32.5,8,34.714285714285715,7,0,ENV_YDST_108_HR_2015_2015_2017.csv
2015-11-28,2015,11,28,5,토,1,0,108,17.0,16.0,8.0,7.0,44.125,24,54.5,8,54.42857142857143,7,0,ENV_YDST_108_HR_2015_2015_2017.csv
2015-11-29,2015,11,29,6,일,1,0,108,17.0,16.0,8.0,7.0,36.375,24,33.25,8,32.857142857142854,7,0,ENV_YDST_108_HR_2015_2015_2017.csv
2015-11-30,2015,11,30,0,월,0,0,108,17.0,16.0,8.0,7.0,39.458333333333336,24,42.875,8,45.42857142857143,7,0,ENV_YDST_108_HR_2015_2015_2017.csv
2015-12-01,2015,12,1,1,화,0,1,108,17.0,16.0,8.0,7.0,48.208333333333336,24,53.5,8,55.714285714285715,7,0,ENV_YDST_108_HR_2015_2015_2017.csv
2015-12-02,2015,12,2,2,수,0,0,108,17.0,16.0,8.0,7.0,46.166666666666664,24,45.5,8,41.714285714285715,7,0,ENV_YDST_108_HR_2015_2015_2017.csv
2015-12-03,2015,12,3,3,목,0,0,108,17.0,16.0,8.0,7.0,21.956521739130434,23,17.0,8,16.666666666666668,7,0,ENV_YDST_108_HR_2015_2015_2017.csv
2015-12-04,2015,12,4,4,금,0,0,108,17.0,16.0,8.0,7.0,39.916666666666664,24,42.25,8,42.57142857142857,7,0,ENV_YDST_108_HR_2015_2015_2017.csv
2015-12-05,2015,12,5,5,토,1,0,108,17.0,16.0,8.0,7.0,31.75,24,29.625,8,30.714285714285715,7,0,ENV_YDST_108_HR_2015_2015_2017.csv
2015-12-06,2015,12,6,6,일,1,0,108,17.0,16.0,8.0,7.0,30.833333333333332,24,27.375,8,28.714285714285715,7,0,ENV_YDST_108_HR_2015_2015_2017.csv
2015-12-07,2015,12,7,0,월,0,0,108,17.0,16.0,8.0,7.0,45.0,23,53.625,8,55.857142857142854,7,0,ENV_YDST_108_HR_2015_2015_2017.csv
2015-12-08,2015,12,8,1,화,0,1,108,17.0,16.0,8.0,7.0,57.333333333333336,24,62.75,8,62.285714285714285,7,0,ENV_YDST_108_HR_2015_2015_2017.csv
2015-12-09,2015,12,9,2,수,0,0,108,17.0,16.0,8.0,7.0,60.458333333333336,24,58.625,8,57.714285714285715,7,0,ENV_YDST_108_HR_2015_2015_2017.csv
2015-12-10,2015,12,10,3,목,0,0,108,17.0,16.0,8.0,7.0,36.04347826086956,23,38.0,8,35.666666666666664,7,0,ENV_YDST_108_HR_2015_2015_2017.csv
2015-12-11,2015,12,11,4,금,0,0,108,17.0,16.0,8.0,7.0,29.458333333333332,24,35.625,8,35.714285714285715,7,0,ENV_YDST_108_HR_2015_2015_2017.csv
2015-12-12,2015,12,12,5,토,1,0,108,17.0,16.0,8.0,7.0,25.958333333333332,24,25.875,8,25.714285714285715,7,0,ENV_YDST_108_HR_2015_2015_2017.csv
2015-12-13,2015,12,13,6,일,1,0,108,17.0,16.0,8.0,7.0,34.916666666666664,24,34.0,8,34.857142857142854,7,0,ENV_YDST_108_HR_2015_2015_2017.csv
2015-12-14,2015,12,14,0,월,0,0,108,17.0,16.0,8.0,7.0,36.583333333333336,24,41.0,8,42.42857142857143,7,0,ENV_YDST_108_HR_2015_2015_2017.csv
2015-12-15,2015,12,15,1,화,0,1,108,17.0,16.0,8.0,7.0,51.625,24,59.5,8,59.142857142857146,7,0,ENV_YDST_108_HR_2015_2015_2017.csv
2015-12-16,2015,12,16,2,수,0,0,108,17.0,16.0,8.0,7.0,30.5,24,39.5,8,40.285714285714285,7,0,ENV_YDST_108_HR_2015_2015_2017.csv
2015-12-17,2015,12,17,3,목,0,0,108,17.0,16.0,8.0,7.0,19.5,24,20.75,8,22.285714285714285,7,0,ENV_YDST_108_HR_2015_2015_2017.csv
2015-12-18,2015,12,18,4,금,0,0,108,17.0,16.0,8.0,7.0,35.458333333333336,24,43.875,8,43.42857142857143,7,0,ENV_YDST_108_HR_2015_2015_2017.csv
2015-12-19,2015,12,19,5,토,1,0,108,17.0,16.0,8.0,7.0,58.333333333333336,24,54.625,8,57.42857142857143,7,0,ENV_YDST_108_HR_2015_2015_2017.csv
2015-12-20,2015,12,20,6,일,1,0,108,17.0,16.0,8.0,7.0,51.333333333333336,24,45.875,8,48.857142857142854,7,0,ENV_YDST_108_HR_2015_2015_2017.csv
2015-12-21,2015,12,21,0,월,0,0,108,17.0,16.0,8.0,7.0,43.75,24,45.125,8,43.285714285714285,7,0,ENV_YDST_108_HR_2015_2015_2017.csv
2015-12-22,2015,12,22,1,화,0,1,108,17.0,16.0,8.0,7.0,53.125,24,47.125,8,48.0,7,0,ENV_YDST_108_HR_2015_2015_2017.csv
2015-12-23,2015,12,23,2,수,0,0,108,17.0,16.0,8.0,7.0,46.63636363636363,22,50.0,8,53.857142857142854,7,0,ENV_YDST_108_HR_2015_2015_2017.csv
2015-12-24,2015,12,24,3,목,0,0,108,17.0,16.0,8.0,7.0,98.875,24,117.0,8,117.14285714285714,7,1,ENV_YDST_108_HR_2015_2015_2017.csv
2015-12-25,2015,12,25,4,금,0,0,108,17.0,16.0,8.0,7.0,30.291666666666668,24,26.375,8,28.428571428571427,7,0,ENV_YDST_108_HR_2015_2015_2017.csv
2015-12-26,2015,12,26,5,토,1,0,108,17.0,16.0,8.0,7.0,63.875,24,89.875,8,85.14285714285714,7,1,ENV_YDST_108_HR_2015_2015_2017.csv
2015-12-27,2015,12,27,6,일,1,0,108,17.0,16.0,8.0,7.0,30.666666666666668,24,28.25,8,30.857142857142858,7,0,ENV_YDST_108_HR_2015_2015_2017.csv
2015-12-28,2015,12,28,0,월,0,0,108,17.0,16.0,8.0,7.0,25.625,24,23.0,8,24.571428571428573,7,0,ENV_YDST_108_HR_2015_2015_2017.csv
2015-12-29,2015,12,29,1,화,0,1,108,17.0,16.0,8.0,7.0,54.583333333333336,24,56.75,8,58.142857142857146,7,0,ENV_YDST_108_HR_2015_2015_2017.csv
2015-12-30,2015,12,30,2,수,0,0,108,17.0,16.0,8.0,7.0,52.5,24,53.75,8,54.0,7,0,ENV_YDST_108_HR_2015_2015_2017.csv
2015-12-31,2015,12,31,3,목,0,0,108,17.0,16.0,8.0,7.0,54.43478260869565,23,45.5,8,44.0,7,0,ENV_YDST_108_HR_2015_2015_2017.csv
2016-01-01,2016,1,1,4,금,0,0,108,17.0,16.0,8.0,7.0,58.0,22,67.42857142857143,8,67.42857142857143,7,0,"ENV_YDST_108_HR_2015_2015_2017.csv,ENV_YDST_108_HR_2016_2016_2017.csv"
2016-01-02,2016,1,2,5,토,1,0,108,17.0,16.0,8.0,7.0,41.166666666666664,24,42.75,8,43.142857142857146,7,0,ENV_YDST_108_HR_2016_2016_2017.csv
2016-01-03,2016,1,3,6,일,1,0,108,17.0,16.0,8.0,7.0,82.58333333333333,24,79.875,8,77.0,7,0,ENV_YDST_108_HR_2016_2016_2017.csv
2016-01-04,2016,1,4,0,월,0,0,108,17.0,16.0,8.0,7.0,78.0,23,58.142857142857146,8,58.142857142857146,7,0,ENV_YDST_108_HR_2016_2016_2017.csv
2016-01-05,2016,1,5,1,화,0,1,108,17.0,16.0,8.0,7.0,30.5,24,30.375,8,31.0,7,0,ENV_YDST_108_HR_2016_2016_2017.csv
2016-01-06,2016,1,6,2,수,0,0,108,17.0,16.0,8.0,7.0,47.78260869565217,23,55.25,8,54.0,7,0,ENV_YDST_108_HR_2016_2016_2017.csv
2016-01-07,2016,1,7,3,목,0,0,108,17.0,16.0,8.0,7.0,41.791666666666664,24,39.75,8,41.0,7,0,ENV_YDST_108_HR_2016_2016_2017.csv
2016-01-08,2016,1,8,4,금,0,0,108,17.0,16.0,8.0,7.0,32.416666666666664,24,33.125,8,32.42857142857143,7,0,ENV_YDST_108_HR_2016_2016_2017.csv
2016-01-09,2016,1,9,5,토,1,0,108,17.0,16.0,8.0,7.0,39.43478260869565,23,42.285714285714285,8,44.833333333333336,7,0,ENV_YDST_108_HR_2016_2016_2017.csv
2016-01-10,2016,1,10,6,일,1,0,108,17.0,16.0,8.0,7.0,28.52173913043478,23,28.75,8,31.0,7,0,ENV_YDST_108_HR_2016_2016_2017.csv
2016-01-11,2016,1,11,0,월,0,0,108,17.0,16.0,8.0,7.0,40.041666666666664,24,43.75,8,44.57142857142857,7,0,ENV_YDST_108_HR_2016_2016_2017.csv
2016-01-12,2016,1,12,1,화,0,1,108,17.0,16.0,8.0,7.0,49.708333333333336,24,51.625,8,53.714285714285715,7,0,ENV_YDST_108_HR_2016_2016_2017.csv
2016-01-13,2016,1,13,2,수,0,0,108,17.0,16.0,8.0,7.0,34.875,24,37.875,8,37.57142857142857,7,0,ENV_YDST_108_HR_2016_2016_2017.csv
2016-01-14,2016,1,14,3,목,0,0,108,17.0,16.0,8.0,7.0,41.375,24,38.25,8,38.714285714285715,7,0,ENV_YDST_108_HR_2016_2016_2017.csv
2016-01-15,2016,1,15,4,금,0,0,108,17.0,16.0,8.0,7.0,41.0,24,34.625,8,32.0,7,0,ENV_YDST_108_HR_2016_2016_2017.csv
2016-01-16,2016,1,16,5,토,1,0,108,17.0,16.0,8.0,7.0,57.416666666666664,24,54.25,8,53.42857142857143,7,0,ENV_YDST_108_HR_2016_2016_2017.csv
2016-01-17,2016,1,17,6,일,1,0,108,17.0,16.0,8.0,7.0,61.0,24,57.0,8,56.42857142857143,7,0,ENV_YDST_108_HR_2016_2016_2017.csv
2016-01-18,2016,1,18,0,월,0,0,108,17.0,16.0,8.0,7.0,64.25,24,66.125,8,66.71428571428571,7,0,ENV_YDST_108_HR_2016_2016_2017.csv
2016-01-19,2016,1,19,1,화,0,1,108,17.0,16.0,8.0,7.0,45.625,24,62.125,8,64.0,7,0,ENV_YDST_108_HR_2016_2016_2017.csv
2016-01-20,2016,1,20,2,수,0,0,108,17.0,16.0,8.0,7.0,34.04347826086956,23,37.57142857142857,8,38.5,7,0,ENV_YDST_108_HR_2016_2016_2017.csv
2016-01-21,2016,1,21,3,목,0,0,108,17.0,16.0,8.0,7.0,46.166666666666664,24,46.125,8,48.57142857142857,7,0,ENV_YDST_108_HR_2016_2016_2017.csv
2016-01-22,2016,1,22,4,금,0,0,108,17.0,16.0,8.0,7.0,50.791666666666664,24,47.0,8,48.142857142857146,7,0,ENV_YDST_108_HR_2016_2016_2017.csv
2016-01-23,2016,1,23,5,토,1,0,108,17.0,16.0,8.0,7.0,32.666666666666664,24,41.0,8,41.142857142857146,7,0,ENV_YDST_108_HR_2016_2016_2017.csv
2016-01-24,2016,1,24,6,일,1,0,108,17.0,16.0,8.0,7.0,36.65217391304348,23,39.125,8,40.285714285714285,7,0,ENV_YDST_108_HR_2016_2016_2017.csv
2016-01-25,2016,1,25,0,월,0,0,108,17.0,16.0,8.0,7.0,47.333333333333336,24,44.625,8,45.142857142857146,7,0,ENV_YDST_108_HR_2016_2016_2017.csv
2016-01-26,2016,1,26,1,화,0,1,108,17.0,16.0,8.0,7.0,72.25,24,70.625,8,72.57142857142857,7,0,ENV_YDST_108_HR_2016_2016_2017.csv
2016-01-27,2016,1,27,2,수,0,0,108,17.0,16.0,8.0,7.0,56.08695652173913,23,55.57142857142857,8,57.333333333333336,7,0,ENV_YDST_108_HR_2016_2016_2017.csv
2016-01-28,2016,1,28,3,목,0,0,108,17.0,16.0,8.0,7.0,43.583333333333336,24,40.0,8,41.57142857142857,7,0,ENV_YDST_108_HR_2016_2016_2017.csv
2016-01-29,2016,1,29,4,금,0,0,108,17.0,16.0,8.0,7.0,36.958333333333336,24,42.875,8,43.142857142857146,7,0,ENV_YDST_108_HR_2016_2016_2017.csv
2016-01-30,2016,1,30,5,토,1,0,108,17.0,16.0,8.0,7.0,39.0,24,42.625,8,44.42857142857143,7,0,ENV_YDST_108_HR_2016_2016_2017.csv
2016-01-31,2016,1,31,6,일,1,0,108,17.0,16.0,8.0,7.0,38.25,24,30.75,8,31.428571428571427,7,0,ENV_YDST_108_HR_2016_2016_2017.csv
2016-02-01,2016,2,1,0,월,0,0,108,17.0,16.0,8.0,7.0,38.791666666666664,24,36.375,8,37.714285714285715,7,0,ENV_YDST_108_HR_2016_2016_2017.csv
2016-02-02,2016,2,2,1,화,0,1,108,17.0,16.0,8.0,7.0,41.791666666666664,24,40.375,8,40.57142857142857,7,0,ENV_YDST_108_HR_2016_2016_2017.csv
2016-02-03,2016,2,3,2,수,0,0,108,17.0,16.0,8.0,7.0,51.65217391304348,23,56.75,8,58.285714285714285,7,0,ENV_YDST_108_HR_2016_2016_2017.csv
2016-02-04,2016,2,4,3,목,0,0,108,17.0,16.0,8.0,7.0,50.666666666666664,24,52.875,8,54.285714285714285,7,0,ENV_YDST_108_HR_2016_2016_2017.csv
2016-02-05,2016,2,5,4,금,0,0,108,17.0,16.0,8.0,7.0,40.875,24,41.75,8,43.285714285714285,7,0,ENV_YDST_108_HR_2016_2016_2017.csv
2016-02-06,2016,2,6,5,토,1,0,108,17.0,16.0,8.0,7.0,46.391304347826086,23,46.625,8,47.714285714285715,7,0,ENV_YDST_108_HR_2016_2016_2017.csv
2016-02-07,2016,2,7,6,일,1,0,108,17.0,16.0,8.0,7.0,44.166666666666664,24,44.25,8,47.857142857142854,7,0,ENV_YDST_108_HR_2016_2016_2017.csv
2016-02-08,2016,2,8,0,월,0,0,108,17.0,16.0,8.0,7.0,58.65,20,67.25,8,56.714285714285715,7,0,ENV_YDST_108_HR_2016_2016_2017.csv
2016-02-09,2016,2,9,1,화,0,1,108,17.0,16.0,8.0,7.0,50.833333333333336,24,44.25,8,45.0,7,0,ENV_YDST_108_HR_2016_2016_2017.csv
2016-02-10,2016,2,10,2,수,0,0,108,17.0,16.0,8.0,7.0,31.5,24,29.5,8,30.857142857142858,7,0,ENV_YDST_108_HR_2016_2016_2017.csv
2016-02-11,2016,2,11,3,목,0,0,108,17.0,16.0,8.0,7.0,35.583333333333336,24,37.625,8,37.142857142857146,7,0,ENV_YDST_108_HR_2016_2016_2017.csv
2016-02-12,2016,2,12,4,금,0,0,108,17.0,16.0,8.0,7.0,27.391304347826086,23,21.625,8,23.0,7,0,ENV_YDST_108_HR_2016_2016_2017.csv
2016-02-13,2016,2,13,5,토,1,0,108,17.0,16.0,8.0,7.0,11.727272727272727,22,14.75,8,14.857142857142858,7,0,ENV_YDST_108_HR_2016_2016_2017.csv
2016-02-14,2016,2,14,6,일,1,0,108,17.0,16.0,8.0,7.0,25.91304347826087,23,34.375,8,32.57142857142857,7,0,ENV_YDST_108_HR_2016_2016_2017.csv
2016-02-15,2016,2,15,0,월,0,0,108,17.0,16.0,8.0,7.0,33.625,24,41.25,8,42.0,7,0,ENV_YDST_108_HR_2016_2016_2017.csv
2016-02-16,2016,2,16,1,화,0,1,108,17.0,16.0,8.0,7.0,28.0,24,38.0,8,39.714285714285715,7,0,ENV_YDST_108_HR_2016_2016_2017.csv
2016-02-17,2016,2,17,2,수,0,0,108,17.0,16.0,8.0,7.0,38.083333333333336,24,49.5,8,49.857142857142854,7,0,ENV_YDST_108_HR_2016_2016_2017.csv
2016-02-18,2016,2,18,3,목,0,0,108,17.0,16.0,8.0,7.0,41.958333333333336,24,49.5,8,48.142857142857146,7,0,ENV_YDST_108_HR_2016_2016_2017.csv
2016-02-19,2016,2,19,4,금,0,0,108,17.0,16.0,8.0,7.0,71.54166666666667,24,69.875,8,73.14285714285714,7,0,ENV_YDST_108_HR_2016_2016_2017.csv
2016-02-20,2016,2,20,5,토,1,0,108,17.0,16.0,8.0,7.0,43.041666666666664,24,51.875,8,52.857142857142854,7,0,ENV_YDST_108_HR_2016_2016_2017.csv
2016-02-21,2016,2,21,6,일,1,0,108,17.0,16.0,8.0,7.0,24.333333333333332,24,31.0,8,31.714285714285715,7,0,ENV_YDST_108_HR_2016_2016_2017.csv
2016-02-22,2016,2,22,0,월,0,0,108,17.0,16.0,8.0,7.0,43.708333333333336,24,44.5,8,38.57142857142857,7,0,ENV_YDST_108_HR_2016_2016_2017.csv
2016-02-23,2016,2,23,1,화,0,1,108,17.0,16.0,8.0,7.0,50.166666666666664,24,65.125,8,69.57142857142857,7,0,ENV_YDST_108_HR_2016_2016_2017.csv
2016-02-24,2016,2,24,2,수,0,0,108,17.0,16.0,8.0,7.0,34.833333333333336,24,46.625,8,48.285714285714285,7,0,ENV_YDST_108_HR_2016_2016_2017.csv
2016-02-25,2016,2,25,3,목,0,0,108,17.0,16.0,8.0,7.0,52.333333333333336,24,63.75,8,57.0,7,0,ENV_YDST_108_HR_2016_2016_2017.csv
2016-02-26,2016,2,26,4,금,0,0,108,17.0,16.0,8.0,7.0,47.625,24,37.25,8,36.857142857142854,7,0,ENV_YDST_108_HR_2016_2016_2017.csv
2016-02-27,2016,2,27,5,토,1,0,108,17.0,16.0,8.0,7.0,61.416666666666664,24,68.375,8,71.85714285714286,7,0,ENV_YDST_108_HR_2016_2016_2017.csv
2016-02-28,2016,2,28,6,일,1,0,108,17.0,16.0,8.0,7.0,38.125,24,45.125,8,48.57142857142857,7,0,ENV_YDST_108_HR_2016_2016_2017.csv
2016-02-29,2016,2,29,0,월,0,0,108,17.0,16.0,8.0,7.0,47.9375,16,65.2,6,65.25,5,0,ENV_YDST_108_HR_2016_2016_2017.csv
2016-03-01,2016,3,1,1,화,0,1,108,18.0,17.0,9.0,8.0,31.291666666666668,24,38.22222222222222,9,37.0,8,0,ENV_YDST_108_HR_2016_2016_2017.csv
2016-03-02,2016,3,2,2,수,0,0,108,18.0,17.0,9.0,8.0,35.875,24,47.77777777777778,9,45.25,8,0,ENV_YDST_108_HR_2016_2016_2017.csv
2016-03-03,2016,3,3,3,목,0,0,108,18.0,17.0,9.0,8.0,49.208333333333336,24,53.55555555555556,9,50.25,8,0,ENV_YDST_108_HR_2016_2016_2017.csv
2016-03-04,2016,3,4,4,금,0,0,108,18.0,17.0,9.0,8.0,57.5,24,60.333333333333336,9,60.625,8,0,ENV_YDST_108_HR_2016_2016_2017.csv
2016-03-05,2016,3,5,5,토,1,0,108,18.0,17.0,9.0,8.0,23.666666666666668,15,26.666666666666668,7,26.666666666666668,7,0,ENV_YDST_108_HR_2016_2016_2017.csv
2016-03-06,2016,3,6,6,일,1,0,108,18.0,17.0,9.0,8.0,87.95454545454545,22,106.88888888888889,9,106.375,8,1,ENV_YDST_108_HR_2016_2016_2017.csv
2016-03-07,2016,3,7,0,월,0,0,108,18.0,17.0,9.0,8.0,103.04166666666667,24,98.33333333333333,9,96.375,8,1,ENV_YDST_108_HR_2016_2016_2017.csv
2016-03-08,2016,3,8,1,화,0,1,108,18.0,17.0,9.0,8.0,75.16666666666667,24,48.111111111111114,9,49.375,8,0,ENV_YDST_108_HR_2016_2016_2017.csv
2016-03-09,2016,3,9,2,수,0,0,108,18.0,17.0,9.0,8.0,43.583333333333336,24,51.44444444444444,9,49.375,8,0,ENV_YDST_108_HR_2016_2016_2017.csv
2016-03-10,2016,3,10,3,목,0,0,108,18.0,17.0,9.0,8.0,35.0,24,42.44444444444444,9,43.625,8,0,ENV_YDST_108_HR_2016_2016_2017.csv
2016-03-11,2016,3,11,4,금,0,0,108,18.0,17.0,9.0,8.0,34.208333333333336,24,35.44444444444444,9,35.75,8,0,ENV_YDST_108_HR_2016_2016_2017.csv
2016-03-12,2016,3,12,5,토,1,0,108,18.0,17.0,9.0,8.0,42.708333333333336,24,51.0,9,49.5,8,0,ENV_YDST_108_HR_2016_2016_2017.csv
2016-03-13,2016,3,13,6,일,1,0,108,18.0,17.0,9.0,8.0,52.25,24,59.111111111111114,9,57.5,8,0,ENV_YDST_108_HR_2016_2016_2017.csv
2016-03-14,2016,3,14,0,월,0,0,108,18.0,17.0,9.0,8.0,58.708333333333336,24,65.66666666666667,9,65.5,8,0,ENV_YDST_108_HR_2016_2016_2017.csv
2016-03-15,2016,3,15,1,화,0,1,108,18.0,17.0,9.0,8.0,46.6,15,51.666666666666664,9,51.666666666666664,8,0,ENV_YDST_108_HR_2016_2016_2017.csv
2016-03-16,2016,3,16,2,수,0,0,108,18.0,17.0,9.0,8.0,53.375,24,73.88888888888889,9,74.875,8,0,ENV_YDST_108_HR_2016_2016_2017.csv
2016-03-17,2016,3,17,3,목,0,0,108,18.0,17.0,9.0,8.0,64.04166666666667,24,56.0,9,55.625,8,0,ENV_YDST_108_HR_2016_2016_2017.csv
2016-03-18,2016,3,18,4,금,0,0,108,18.0,17.0,9.0,8.0,55.375,24,48.888888888888886,9,50.125,8,0,ENV_YDST_108_HR_2016_2016_2017.csv
2016-03-19,2016,3,19,5,토,1,0,108,18.0,17.0,9.0,8.0,67.41666666666667,24,85.44444444444444,9,85.25,8,1,ENV_YDST_108_HR_2016_2016_2017.csv
2016-03-20,2016,3,20,6,일,1,0,108,18.0,17.0,9.0,8.0,74.16666666666667,24,75.55555555555556,9,73.0,8,0,ENV_YDST_108_HR_2016_2016_2017.csv
2016-03-21,2016,3,21,0,월,0,0,108,18.0,17.0,9.0,8.0,79.5,24,82.55555555555556,9,81.875,8,1,ENV_YDST_108_HR_2016_2016_2017.csv
2016-03-22,2016,3,22,1,화,0,1,108,18.0,17.0,9.0,8.0,65.16666666666667,24,67.66666666666667,9,68.0,8,0,ENV_YDST_108_HR_2016_2016_2017.csv
2016-03-23,2016,3,23,2,수,0,0,108,18.0,17.0,9.0,8.0,70.79166666666667,24,58.44444444444444,9,58.5,8,0,ENV_YDST_108_HR_2016_2016_2017.csv
2016-03-24,2016,3,24,3,목,0,0,108,18.0,17.0,9.0,8.0,38.583333333333336,24,36.888888888888886,9,35.625,8,0,ENV_YDST_108_HR_2016_2016_2017.csv
2016-03-25,2016,3,25,4,금,0,0,108,18.0,17.0,9.0,8.0,64.45833333333333,24,69.11111111111111,9,67.875,8,0,ENV_YDST_108_HR_2016_2016_2017.csv
2016-03-26,2016,3,26,5,토,1,0,108,18.0,17.0,9.0,8.0,61.0,24,68.66666666666667,9,67.875,8,0,ENV_YDST_108_HR_2016_2016_2017.csv
2016-03-27,2016,3,27,6,일,1,0,108,18.0,17.0,9.0,8.0,62.30434782608695,23,67.33333333333333,9,68.125,8,0,ENV_YDST_108_HR_2016_2016_2017.csv
2016-03-28,2016,3,28,0,월,0,0,108,18.0,17.0,9.0,8.0,62.666666666666664,24,70.66666666666667,9,69.375,8,0,ENV_YDST_108_HR_2016_2016_2017.csv
2016-03-29,2016,3,29,1,화,0,1,108,18.0,17.0,9.0,8.0,98.375,24,122.11111111111111,9,119.625,8,1,ENV_YDST_108_HR_2016_2016_2017.csv
2016-03-30,2016,3,30,2,수,0,0,108,18.0,17.0,9.0,8.0,86.58333333333333,24,101.88888888888889,9,106.25,8,1,ENV_YDST_108_HR_2016_2016_2017.csv
2016-03-31,2016,3,31,3,목,0,0,108,18.0,17.0,9.0,8.0,47.583333333333336,24,57.55555555555556,9,54.25,8,0,ENV_YDST_108_HR_2016_2016_2017.csv
2016-04-01,2016,4,1,4,금,0,0,108,18.0,17.0,9.0,8.0,67.20833333333333,24,83.55555555555556,9,80.875,8,1,ENV_YDST_108_HR_2016_2016_2017.csv
2016-04-02,2016,4,2,5,토,1,0,108,18.0,17.0,9.0,8.0,77.16666666666667,24,89.44444444444444,9,86.5,8,1,ENV_YDST_108_HR_2016_2016_2017.csv
2016-04-03,2016,4,3,6,일,1,0,108,18.0,17.0,9.0,8.0,39.291666666666664,24,33.55555555555556,9,36.0,8,0,ENV_YDST_108_HR_2016_2016_2017.csv
2016-04-04,2016,4,4,0,월,0,0,108,18.0,17.0,9.0,8.0,27.208333333333332,24,32.111111111111114,9,30.25,8,0,ENV_YDST_108_HR_2016_2016_2017.csv
2016-04-05,2016,4,5,1,화,0,1,108,18.0,17.0,9.0,8.0,60.625,24,80.22222222222223,9,78.5,8,0,ENV_YDST_108_HR_2016_2016_2017.csv
2016-04-06,2016,4,6,2,수,0,0,108,18.0,17.0,9.0,8.0,66.45833333333333,24,71.33333333333333,9,72.875,8,0,ENV_YDST_108_HR_2016_2016_2017.csv
2016-04-07,2016,4,7,3,목,0,0,108,18.0,17.0,9.0,8.0,35.541666666666664,24,46.55555555555556,9,44.125,8,0,ENV_YDST_108_HR_2016_2016_2017.csv
2016-04-08,2016,4,8,4,금,0,0,108,18.0,17.0,9.0,8.0,67.41666666666667,24,101.77777777777777,9,101.75,8,1,ENV_YDST_108_HR_2016_2016_2017.csv
2016-04-09,2016,4,9,5,토,1,0,108,18.0,17.0,9.0,8.0,102.83333333333333,24,129.55555555555554,9,129.25,8,1,ENV_YDST_108_HR_2016_2016_2017.csv
2016-04-10,2016,4,10,6,일,1,0,108,18.0,17.0,9.0,8.0,111.375,24,133.22222222222223,9,135.5,8,1,ENV_YDST_108_HR_2016_2016_2017.csv
2016-04-11,2016,4,11,0,월,0,0,108,18.0,17.0,9.0,8.0,44.75,24,43.0,9,41.125,8,0,ENV_YDST_108_HR_2016_2016_2017.csv
2016-04-12,2016,4,12,1,화,0,1,108,18.0,17.0,9.0,8.0,51.75,24,62.888888888888886,9,60.125,8,0,ENV_YDST_108_HR_2016_2016_2017.csv
2016-04-13,2016,4,13,2,수,0,0,108,18.0,17.0,9.0,8.0,47.25,24,46.888888888888886,9,46.25,8,0,ENV_YDST_108_HR_2016_2016_2017.csv
2016-04-14,2016,4,14,3,목,0,0,108,18.0,17.0,9.0,8.0,51.125,24,60.0,9,56.75,8,0,ENV_YDST_108_HR_2016_2016_2017.csv
2016-04-15,2016,4,15,4,금,0,0,108,18.0,17.0,9.0,8.0,50.416666666666664,24,62.666666666666664,9,58.0,8,0,ENV_YDST_108_HR_2016_2016_2017.csv
2016-04-16,2016,4,16,5,토,1,0,108,18.0,17.0,9.0,8.0,43.869565217391305,23,56.55555555555556,9,56.625,8,0,ENV_YDST_108_HR_2016_2016_2017.csv
2016-04-17,2016,4,17,6,일,1,0,108,18.0,17.0,9.0,8.0,56.21052631578947,19,80.22222222222223,9,80.375,8,0,ENV_YDST_108_HR_2016_2016_2017.csv
2016-04-18,2016,4,18,0,월,0,0,108,18.0,17.0,9.0,8.0,59.458333333333336,24,84.22222222222223,9,79.0,8,1,ENV_YDST_108_HR_2016_2016_2017.csv
2016-04-19,2016,4,19,1,화,0,1,108,18.0,17.0,9.0,8.0,41.916666666666664,24,53.111111111111114,9,51.125,8,0,ENV_YDST_108_HR_2016_2016_2017.csv
2016-04-20,2016,4,20,2,수,0,0,108,18.0,17.0,9.0,8.0,57.083333333333336,24,65.66666666666667,9,65.0,8,0,ENV_YDST_108_HR_2016_2016_2017.csv
2016-04-21,2016,4,21,3,목,0,0,108,18.0,17.0,9.0,8.0,22.791666666666668,24,18.88888888888889,9,16.375,8,0,ENV_YDST_108_HR_2016_2016_2017.csv
2016-04-22,2016,4,22,4,금,0,0,108,18.0,17.0,9.0,8.0,65.16666666666667,24,92.22222222222223,9,92.0,8,1,ENV_YDST_108_HR_2016_2016_2017.csv
2016-04-23,2016,4,23,5,토,1,0,108,18.0,17.0,9.0,8.0,174.125,24,167.77777777777777,9,172.75,8,1,ENV_YDST_108_HR_2016_2016_2017.csv
2016-04-24,2016,4,24,6,일,1,0,108,18.0,17.0,9.0,8.0,142.125,24,85.0,9,89.875,8,1,ENV_YDST_108_HR_2016_2016_2017.csv
2016-04-25,2016,4,25,0,월,0,0,108,18.0,17.0,9.0,8.0,68.58333333333333,24,86.44444444444444,9,87.75,8,1,ENV_YDST_108_HR_2016_2016_2017.csv
2016-04-26,2016,4,26,1,화,0,1,108,18.0,17.0,9.0,8.0,70.5,24,75.88888888888889,9,76.75,8,0,ENV_YDST_108_HR_2016_2016_2017.csv
2016-04-27,2016,4,27,2,수,0,0,108,18.0,17.0,9.0,8.0,44.375,24,44.22222222222222,9,46.125,8,0,ENV_YDST_108_HR_2016_2016_2017.csv
2016-04-28,2016,4,28,3,목,0,0,108,18.0,17.0,9.0,8.0,54.041666666666664,24,64.66666666666667,9,63.125,8,0,ENV_YDST_108_HR_2016_2016_2017.csv
2016-04-29,2016,4,29,4,금,0,0,108,18.0,17.0,9.0,8.0,58.25,24,69.88888888888889,9,67.875,8,0,ENV_YDST_108_HR_2016_2016_2017.csv
2016-04-30,2016,4,30,5,토,1,0,108,18.0,17.0,9.0,8.0,64.57894736842105,19,79.0,6,79.0,6,0,ENV_YDST_108_HR_2016_2016_2017.csv
2016-05-01,2016,5,1,6,일,1,0,108,18.0,17.0,9.0,8.0,42.291666666666664,24,40.0,9,40.75,8,0,ENV_YDST_108_HR_2016_2016_2017.csv
2016-05-02,2016,5,2,0,월,0,0,108,18.0,17.0,9.0,8.0,43.208333333333336,24,50.111111111111114,9,48.75,8,0,ENV_YDST_108_HR_2016_2016_2017.csv
2016-05-03,2016,5,3,1,화,0,1,108,18.0,17.0,9.0,8.0,19.583333333333332,24,19.0,9,18.75,8,0,ENV_YDST_108_HR_2016_2016_2017.csv
2016-05-04,2016,5,4,2,수,0,0,108,18.0,17.0,9.0,8.0,57.416666666666664,24,80.22222222222223,9,84.125,8,0,ENV_YDST_108_HR_2016_2016_2017.csv
2016-05-05,2016,5,5,3,목,0,0,108,18.0,17.0,9.0,8.0,51.333333333333336,24,58.77777777777778,9,58.625,8,0,ENV_YDST_108_HR_2016_2016_2017.csv
2016-05-06,2016,5,6,4,금,0,0,108,18.0,17.0,9.0,8.0,39.666666666666664,24,35.888888888888886,9,38.0,8,0,ENV_YDST_108_HR_2016_2016_2017.csv
2016-05-07,2016,5,7,5,토,1,0,108,18.0,17.0,9.0,8.0,71.46666666666667,15,52.0,6,54.0,5,0,ENV_YDST_108_HR_2016_2016_2017.csv
2016-05-08,2016,5,8,6,일,1,0,108,18.0,17.0,9.0,8.0,45.916666666666664,24,49.111111111111114,9,48.625,8,0,ENV_YDST_108_HR_2016_2016_2017.csv
2016-05-09,2016,5,9,0,월,0,0,108,18.0,17.0,9.0,8.0,51.0,24,58.888888888888886,9,60.125,8,0,ENV_YDST_108_HR_2016_2016_2017.csv
2016-05-10,2016,5,10,1,화,0,1,108,18.0,17.0,9.0,8.0,26.416666666666668,24,18.11111111111111,9,19.375,8,0,ENV_YDST_108_HR_2016_2016_2017.csv
2016-05-11,2016,5,11,2,수,0,0,108,18.0,17.0,9.0,8.0,25.375,24,35.22222222222222,9,33.0,8,0,ENV_YDST_108_HR_2016_2016_2017.csv
2016-05-12,2016,5,12,3,목,0,0,108,18.0,17.0,9.0,8.0,36.095238095238095,21,46.333333333333336,9,45.5,8,0,ENV_YDST_108_HR_2016_2016_2017.csv
2016-05-13,2016,5,13,4,금,0,0,108,18.0,17.0,9.0,8.0,36.666666666666664,24,23.555555555555557,9,22.75,8,0,ENV_YDST_108_HR_2016_2016_2017.csv
2016-05-14,2016,5,14,5,토,1,0,108,18.0,17.0,9.0,8.0,31.958333333333332,24,25.555555555555557,9,25.125,8,0,ENV_YDST_108_HR_2016_2016_2017.csv
2016-05-15,2016,5,15,6,일,1,0,108,18.0,17.0,9.0,8.0,35.63157894736842,19,37.333333333333336,9,39.375,8,0,ENV_YDST_108_HR_2016_2016_2017.csv
2016-05-16,2016,5,16,0,월,0,0,108,18.0,17.0,9.0,8.0,36.5,22,40.111111111111114,9,37.5,8,0,ENV_YDST_108_HR_2016_2016_2017.csv
2016-05-17,2016,5,17,1,화,0,1,108,18.0,17.0,9.0,8.0,58.041666666666664,24,61.111111111111114,9,62.25,8,0,ENV_YDST_108_HR_2016_2016_2017.csv
2016-05-18,2016,5,18,2,수,0,0,108,18.0,17.0,9.0,8.0,41.333333333333336,24,44.77777777777778,9,47.375,8,0,ENV_YDST_108_HR_2016_2016_2017.csv
2016-05-19,2016,5,19,3,목,0,0,108,18.0,17.0,9.0,8.0,34.75,24,40.888888888888886,9,41.625,8,0,ENV_YDST_108_HR_2016_2016_2017.csv
2016-05-20,2016,5,20,4,금,0,0,108,18.0,17.0,9.0,8.0,43.208333333333336,24,36.44444444444444,9,37.125,8,0,ENV_YDST_108_HR_2016_2016_2017.csv
2016-05-21,2016,5,21,5,토,1,0,108,18.0,17.0,9.0,8.0,32.541666666666664,24,34.333333333333336,9,33.875,8,0,ENV_YDST_108_HR_2016_2016_2017.csv
2016-05-22,2016,5,22,6,일,1,0,108,18.0,17.0,9.0,8.0,46.416666666666664,24,43.333333333333336,9,43.875,8,0,ENV_YDST_108_HR_2016_2016_2017.csv
2016-05-23,2016,5,23,0,월,0,0,108,18.0,17.0,9.0,8.0,59.583333333333336,24,68.11111111111111,9,65.125,8,0,ENV_YDST_108_HR_2016_2016_2017.csv
2016-05-24,2016,5,24,1,화,0,1,108,18.0,17.0,9.0,8.0,32.69565217391305,23,24.333333333333332,9,22.75,8,0,ENV_YDST_108_HR_2016_2016_2017.csv
2016-05-25,2016,5,25,2,수,0,0,108,18.0,17.0,9.0,8.0,79.75,24,87.44444444444444,9,86.625,8,1,ENV_YDST_108_HR_2016_2016_2017.csv
2016-05-26,2016,5,26,3,목,0,0,108,18.0,17.0,9.0,8.0,88.125,24,89.33333333333333,9,89.5,8,1,ENV_YDST_108_HR_2016_2016_2017.csv
2016-05-27,2016,5,27,4,금,0,0,108,18.0,17.0,9.0,8.0,68.75,24,68.44444444444444,9,67.375,8,0,ENV_YDST_108_HR_2016_2016_2017.csv
2016-05-28,2016,5,28,5,토,1,0,108,18.0,17.0,9.0,8.0,70.29166666666667,24,82.55555555555556,9,82.25,8,1,ENV_YDST_108_HR_2016_2016_2017.csv
2016-05-29,2016,5,29,6,일,1,0,108,18.0,17.0,9.0,8.0,72.20833333333333,24,67.55555555555556,9,67.125,8,0,ENV_YDST_108_HR_2016_2016_2017.csv
2016-05-30,2016,5,30,0,월,0,0,108,18.0,17.0,9.0,8.0,85.83333333333333,24,86.44444444444444,9,85.25,8,1,ENV_YDST_108_HR_2016_2016_2017.csv
2016-05-31,2016,5,31,1,화,0,1,108,18.0,17.0,9.0,8.0,69.83333333333333,24,70.88888888888889,9,71.625,8,0,ENV_YDST_108_HR_2016_2016_2017.csv
2016-06-01,2016,6,1,2,수,0,0,108,18.5,17.5,9.5,8.5,36.916666666666664,24,37.7,10,38.55555555555556,9,0,ENV_YDST_108_HR_2016_2016_2017.csv
2016-06-02,2016,6,2,3,목,0,0,108,18.5,17.5,9.5,8.5,35.25,24,48.4,10,48.666666666666664,9,0,ENV_YDST_108_HR_2016_2016_2017.csv
2016-06-03,2016,6,3,4,금,0,0,108,18.5,17.5,9.5,8.5,44.666666666666664,24,53.9,10,53.77777777777778,9,0,ENV_YDST_108_HR_2016_2016_2017.csv
2016-06-04,2016,6,4,5,토,1,0,108,18.5,17.5,9.5,8.5,46.541666666666664,24,52.2,10,51.666666666666664,9,0,ENV_YDST_108_HR_2016_2016_2017.csv
2016-06-05,2016,6,5,6,일,1,0,108,18.5,17.5,9.5,8.5,43.833333333333336,24,36.8,10,37.22222222222222,9,0,ENV_YDST_108_HR_2016_2016_2017.csv
2016-06-06,2016,6,6,0,월,0,0,108,18.5,17.5,9.5,8.5,20.52173913043478,23,25.8,10,25.88888888888889,9,0,ENV_YDST_108_HR_2016_2016_2017.csv
2016-06-07,2016,6,7,1,화,0,1,108,18.5,17.5,9.5,8.5,36.291666666666664,24,52.2,10,51.0,9,0,ENV_YDST_108_HR_2016_2016_2017.csv
2016-06-08,2016,6,8,2,수,0,0,108,18.5,17.5,9.5,8.5,38.125,24,49.3,10,50.0,9,0,ENV_YDST_108_HR_2016_2016_2017.csv
2016-06-09,2016,6,9,3,목,0,0,108,18.5,17.5,9.5,8.5,45.625,24,57.2,10,56.888888888888886,9,0,ENV_YDST_108_HR_2016_2016_2017.csv
2016-06-10,2016,6,10,4,금,0,0,108,18.5,17.5,9.5,8.5,54.083333333333336,24,69.5,10,70.77777777777777,9,0,ENV_YDST_108_HR_2016_2016_2017.csv
2016-06-11,2016,6,11,5,토,1,0,108,18.5,17.5,9.5,8.5,40.125,24,44.0,10,44.0,9,0,ENV_YDST_108_HR_2016_2016_2017.csv
2016-06-12,2016,6,12,6,일,1,0,108,18.5,17.5,9.5,8.5,23.083333333333332,24,21.3,10,21.555555555555557,9,0,ENV_YDST_108_HR_2016_2016_2017.csv
2016-06-13,2016,6,13,0,월,0,0,108,18.5,17.5,9.5,8.5,54.875,24,60.4,10,60.77777777777778,9,0,ENV_YDST_108_HR_2016_2016_2017.csv
2016-06-14,2016,6,14,1,화,0,1,108,18.5,17.5,9.5,8.5,46.833333333333336,24,65.8,10,69.44444444444444,9,0,ENV_YDST_108_HR_2016_2016_2017.csv
2016-06-15,2016,6,15,2,수,0,0,108,18.5,17.5,9.5,8.5,28.208333333333332,24,27.4,10,27.11111111111111,9,0,ENV_YDST_108_HR_2016_2016_2017.csv
2016-06-16,2016,6,16,3,목,0,0,108,18.5,17.5,9.5,8.5,19.266666666666666,15,17.666666666666668,6,17.666666666666668,6,0,ENV_YDST_108_HR_2016_2016_2017.csv
2016-06-17,2016,6,17,4,금,0,0,108,18.5,17.5,9.5,8.5,52.94444444444444,18,59.6,10,59.55555555555556,9,0,ENV_YDST_108_HR_2016_2016_2017.csv
2016-06-18,2016,6,18,5,토,1,0,108,18.5,17.5,9.5,8.5,58.0,24,58.6,10,58.44444444444444,9,0,ENV_YDST_108_HR_2016_2016_2017.csv
2016-06-19,2016,6,19,6,일,1,0,108,18.5,17.5,9.5,8.5,34.0,24,32.5,10,33.55555555555556,9,0,ENV_YDST_108_HR_2016_2016_2017.csv
2016-06-20,2016,6,20,0,월,0,0,108,18.5,17.5,9.5,8.5,47.25,24,64.9,10,64.11111111111111,9,0,ENV_YDST_108_HR_2016_2016_2017.csv
2016-06-21,2016,6,21,1,화,0,1,108,18.5,17.5,9.5,8.5,54.333333333333336,24,60.5,10,60.888888888888886,9,0,ENV_YDST_108_HR_2016_2016_2017.csv
2016-06-22,2016,6,22,2,수,0,0,108,18.5,17.5,9.5,8.5,69.86666666666666,15,68.33333333333333,7,68.33333333333333,7,0,ENV_YDST_108_HR_2016_2016_2017.csv
2016-06-23,2016,6,23,3,목,0,0,108,18.5,17.5,9.5,8.5,38.23809523809524,21,44.8,10,43.0,9,0,ENV_YDST_108_HR_2016_2016_2017.csv
2016-06-24,2016,6,24,4,금,0,0,108,18.5,17.5,9.5,8.5,37.916666666666664,24,24.2,10,24.444444444444443,9,0,ENV_YDST_108_HR_2016_2016_2017.csv
2016-06-25,2016,6,25,5,토,1,0,108,18.5,17.5,9.5,8.5,35.0,24,40.6,10,41.44444444444444,9,0,ENV_YDST_108_HR_2016_2016_2017.csv
2016-06-26,2016,6,26,6,일,1,0,108,18.5,17.5,9.5,8.5,28.0,24,25.3,10,24.444444444444443,9,0,ENV_YDST_108_HR_2016_2016_2017.csv
2016-06-27,2016,6,27,0,월,0,0,108,18.5,17.5,9.5,8.5,32.958333333333336,24,36.3,10,35.0,9,0,ENV_YDST_108_HR_2016_2016_2017.csv
2016-06-28,2016,6,28,1,화,0,1,108,18.5,17.5,9.5,8.5,54.708333333333336,24,71.2,10,71.0,9,0,ENV_YDST_108_HR_2016_2016_2017.csv
2016-06-29,2016,6,29,2,수,0,0,108,18.5,17.5,9.5,8.5,35.625,24,36.8,10,34.55555555555556,9,0,ENV_YDST_108_HR_2016_2016_2017.csv
2016-06-30,2016,6,30,3,목,0,0,108,18.5,17.5,9.5,8.5,29.565217391304348,23,35.7,10,36.333333333333336,9,0,ENV_YDST_108_HR_2016_2016_2017.csv
2016-07-01,2016,7,1,4,금,0,0,108,18.5,17.5,9.5,8.5,24.5,16,20.571428571428573,10,20.571428571428573,9,0,ENV_YDST_108_HR_2016_2016_2017.csv
2016-07-02,2016,7,2,5,토,1,0,108,18.5,17.5,9.5,8.5,13.6875,16,15.3,10,15.222222222222221,9,0,ENV_YDST_108_HR_2016_2016_2017.csv
2016-07-03,2016,7,3,6,일,1,0,108,18.5,17.5,9.5,8.5,32.666666666666664,24,39.0,10,39.333333333333336,9,0,ENV_YDST_108_HR_2016_2016_2017.csv
2016-07-04,2016,7,4,0,월,0,0,108,18.5,17.5,9.5,8.5,25.941176470588236,17,15.875,9,15.875,9,0,ENV_YDST_108_HR_2016_2016_2017.csv
2016-07-05,2016,7,5,1,화,0,1,108,18.5,17.5,9.5,8.5,11.681818181818182,22,12.6,10,12.333333333333334,9,0,ENV_YDST_108_HR_2016_2016_2017.csv
2016-07-06,2016,7,6,2,수,0,0,108,18.5,17.5,9.5,8.5,16.565217391304348,23,20.5,10,20.22222222222222,9,0,ENV_YDST_108_HR_2016_2016_2017.csv
2016-07-07,2016,7,7,3,목,0,0,108,18.5,17.5,9.5,8.5,34.5,24,45.7,10,44.55555555555556,9,0,ENV_YDST_108_HR_2016_2016_2017.csv
2016-07-08,2016,7,8,4,금,0,0,108,18.5,17.5,9.5,8.5,46.291666666666664,24,42.4,10,43.888888888888886,9,0,ENV_YDST_108_HR_2016_2016_2017.csv
2016-07-09,2016,7,9,5,토,1,0,108,18.5,17.5,9.5,8.5,33.375,24,33.5,10,33.333333333333336,9,0,ENV_YDST_108_HR_2016_2016_2017.csv
2016-07-10,2016,7,10,6,일,1,0,108,18.5,17.5,9.5,8.5,30.333333333333332,24,38.5,10,39.111111111111114,9,0,ENV_YDST_108_HR_2016_2016_2017.csv
2016-07-11,2016,7,11,0,월,0,0,108,18.5,17.5,9.5,8.5,45.125,24,52.7,10,50.22222222222222,9,0,ENV_YDST_108_HR_2016_2016_2017.csv
2016-07-12,2016,7,12,1,화,0,1,108,18.5,17.5,9.5,8.5,27.166666666666668,24,34.8,10,35.333333333333336,9,0,ENV_YDST_108_HR_2016_2016_2017.csv
2016-07-13,2016,7,13,2,수,0,0,108,18.5,17.5,9.5,8.5,26.958333333333332,24,37.2,10,37.77777777777778,9,0,ENV_YDST_108_HR_2016_2016_2017.csv
2016-07-14,2016,7,14,3,목,0,0,108,18.5,17.5,9.5,8.5,28.0,24,29.3,10,28.666666666666668,9,0,ENV_YDST_108_HR_2016_2016_2017.csv
2016-07-15,2016,7,15,4,금,0,0,108,18.5,17.5,9.5,8.5,15.333333333333334,24,18.4,10,18.666666666666668,9,0,ENV_YDST_108_HR_2016_2016_2017.csv
2016-07-16,2016,7,16,5,토,1,0,108,18.5,17.5,9.5,8.5,9.0,20,6.0,10,5.166666666666667,9,0,ENV_YDST_108_HR_2016_2016_2017.csv
2016-07-17,2016,7,17,6,일,1,0,108,18.5,17.5,9.5,8.5,11.954545454545455,22,13.4,10,13.222222222222221,9,0,ENV_YDST_108_HR_2016_2016_2017.csv
2016-07-18,2016,7,18,0,월,0,0,108,18.5,17.5,9.5,8.5,24.166666666666668,24,30.2,10,29.666666666666668,9,0,ENV_YDST_108_HR_2016_2016_2017.csv
2016-07-19,2016,7,19,1,화,0,1,108,18.5,17.5,9.5,8.5,31.041666666666668,24,28.3,10,28.555555555555557,9,0,ENV_YDST_108_HR_2016_2016_2017.csv
2016-07-20,2016,7,20,2,수,0,0,108,18.5,17.5,9.5,8.5,32.625,24,34.4,10,34.77777777777778,9,0,ENV_YDST_108_HR_2016_2016_2017.csv
2016-07-21,2016,7,21,3,목,0,0,108,18.5,17.5,9.5,8.5,25.791666666666668,24,33.9,10,33.44444444444444,9,0,ENV_YDST_108_HR_2016_2016_2017.csv
2016-07-22,2016,7,22,4,금,0,0,108,18.5,17.5,9.5,8.5,30.0,24,36.0,10,35.77777777777778,9,0,ENV_YDST_108_HR_2016_2016_2017.csv
2016-07-23,2016,7,23,5,토,1,0,108,18.5,17.5,9.5,8.5,35.208333333333336,24,41.8,10,42.666666666666664,9,0,ENV_YDST_108_HR_2016_2016_2017.csv
2016-07-24,2016,7,24,6,일,1,0,108,18.5,17.5,9.5,8.5,28.25,24,30.7,10,30.22222222222222,9,0,ENV_YDST_108_HR_2016_2016_2017.csv
2016-07-25,2016,7,25,0,월,0,0,108,18.5,17.5,9.5,8.5,35.125,24,39.9,10,40.55555555555556,9,0,ENV_YDST_108_HR_2016_2016_2017.csv
2016-07-26,2016,7,26,1,화,0,1,108,18.5,17.5,9.5,8.5,29.666666666666668,24,36.3,10,37.22222222222222,9,0,ENV_YDST_108_HR_2016_2016_2017.csv
2016-07-27,2016,7,27,2,수,0,0,108,18.5,17.5,9.5,8.5,28.26086956521739,23,33.2,10,33.77777777777778,9,0,ENV_YDST_108_HR_2016_2016_2017.csv
2016-07-28,2016,7,28,3,목,0,0,108,18.5,17.5,9.5,8.5,46.0,24,59.0,10,57.666666666666664,9,0,ENV_YDST_108_HR_2016_2016_2017.csv
2016-07-29,2016,7,29,4,금,0,0,108,18.5,17.5,9.5,8.5,55.125,8,,0,,0,0,ENV_YDST_108_HR_2016_2016_2017.csv
2016-07-30,2016,7,30,5,토,1,0,108,18.5,17.5,9.5,8.5,30.952380952380953,21,33.7,10,33.666666666666664,9,0,ENV_YDST_108_HR_2016_2016_2017.csv
2016-07-31,2016,7,31,6,일,1,0,108,18.5,17.5,9.5,8.5,27.875,24,28.9,10,30.11111111111111,9,0,ENV_YDST_108_HR_2016_2016_2017.csv
2016-08-01,2016,8,1,0,월,0,0,108,18.5,17.5,9.5,8.5,26.0,24,27.5,10,28.11111111111111,9,0,ENV_YDST_108_HR_2016_2016_2017.csv
2016-08-02,2016,8,2,1,화,0,1,108,18.5,17.5,9.5,8.5,21.94736842105263,19,22.3,10,22.22222222222222,9,0,ENV_YDST_108_HR_2016_2016_2017.csv
2016-08-03,2016,8,3,2,수,0,0,108,18.5,17.5,9.5,8.5,28.058823529411764,17,27.5,10,28.333333333333332,9,0,ENV_YDST_108_HR_2016_2016_2017.csv
2016-08-04,2016,8,4,3,목,0,0,108,18.5,17.5,9.5,8.5,24.416666666666668,24,26.7,10,27.666666666666668,9,0,ENV_YDST_108_HR_2016_2016_2017.csv
2016-08-05,2016,8,5,4,금,0,0,108,18.5,17.5,9.5,8.5,32.916666666666664,24,39.4,10,39.55555555555556,9,0,ENV_YDST_108_HR_2016_2016_2017.csv
2016-08-06,2016,8,6,5,토,1,0,108,18.5,17.5,9.5,8.5,47.25,24,57.0,10,57.666666666666664,9,0,ENV_YDST_108_HR_2016_2016_2017.csv
2016-08-07,2016,8,7,6,일,1,0,108,18.5,17.5,9.5,8.5,28.708333333333332,24,34.1,10,35.55555555555556,9,0,ENV_YDST_108_HR_2016_2016_2017.csv
2016-08-08,2016,8,8,0,월,0,0,108,18.5,17.5,9.5,8.5,34.625,24,40.1,10,40.333333333333336,9,0,ENV_YDST_108_HR_2016_2016_2017.csv
2016-08-09,2016,8,9,1,화,0,1,108,18.5,17.5,9.5,8.5,25.956521739130434,23,28.5,10,27.77777777777778,9,0,ENV_YDST_108_HR_2016_2016_2017.csv
2016-08-10,2016,8,10,2,수,0,0,108,18.5,17.5,9.5,8.5,45.375,24,38.8,10,39.111111111111114,9,0,ENV_YDST_108_HR_2016_2016_2017.csv
2016-08-11,2016,8,11,3,목,0,0,108,18.5,17.5,9.5,8.5,29.0,24,34.7,10,34.111111111111114,9,0,ENV_YDST_108_HR_2016_2016_2017.csv
2016-08-12,2016,8,12,4,금,0,0,108,18.5,17.5,9.5,8.5,37.75,24,46.6,10,45.77777777777778,9,0,ENV_YDST_108_HR_2016_2016_2017.csv
2016-08-13,2016,8,13,5,토,1,0,108,18.5,17.5,9.5,8.5,30.833333333333332,24,34.6,10,34.77777777777778,9,0,ENV_YDST_108_HR_2016_2016_2017.csv
2016-08-14,2016,8,14,6,일,1,0,108,18.5,17.5,9.5,8.5,28.333333333333332,24,27.0,10,26.88888888888889,9,0,ENV_YDST_108_HR_2016_2016_2017.csv
2016-08-15,2016,8,15,0,월,0,0,108,18.5,17.5,9.5,8.5,32.833333333333336,24,38.4,10,38.44444444444444,9,0,ENV_YDST_108_HR_2016_2016_2017.csv
2016-08-16,2016,8,16,1,화,0,1,108,18.5,17.5,9.5,8.5,41.125,24,45.9,10,46.888888888888886,9,0,ENV_YDST_108_HR_2016_2016_2017.csv
2016-08-17,2016,8,17,2,수,0,0,108,18.5,17.5,9.5,8.5,35.416666666666664,24,39.0,10,38.888888888888886,9,0,ENV_YDST_108_HR_2016_2016_2017.csv
2016-08-18,2016,8,18,3,목,0,0,108,18.5,17.5,9.5,8.5,45.166666666666664,24,51.8,10,53.22222222222222,9,0,ENV_YDST_108_HR_2016_2016_2017.csv
2016-08-19,2016,8,19,4,금,0,0,108,18.5,17.5,9.5,8.5,54.0,22,52.44444444444444,9,52.44444444444444,9,0,ENV_YDST_108_HR_2016_2016_2017.csv
2016-08-20,2016,8,20,5,토,1,0,108,18.5,17.5,9.5,8.5,28.541666666666668,24,24.3,10,24.88888888888889,9,0,ENV_YDST_108_HR_2016_2016_2017.csv
2016-08-21,2016,8,21,6,일,1,0,108,18.5,17.5,9.5,8.5,23.291666666666668,24,23.2,10,22.11111111111111,9,0,ENV_YDST_108_HR_2016_2016_2017.csv
2016-08-22,2016,8,22,0,월,0,0,108,18.5,17.5,9.5,8.5,24.083333333333332,24,25.2,10,24.77777777777778,9,0,ENV_YDST_108_HR_2016_2016_2017.csv
2016-08-23,2016,8,23,1,화,0,1,108,18.5,17.5,9.5,8.5,27.666666666666668,24,29.5,10,28.11111111111111,9,0,ENV_YDST_108_HR_2016_2016_2017.csv
2016-08-24,2016,8,24,2,수,0,0,108,18.5,17.5,9.5,8.5,31.166666666666668,24,29.0,10,28.444444444444443,9,0,ENV_YDST_108_HR_2016_2016_2017.csv
2016-08-25,2016,8,25,3,목,0,0,108,18.5,17.5,9.5,8.5,26.52173913043478,23,33.7,10,34.666666666666664,9,0,ENV_YDST_108_HR_2016_2016_2017.csv
2016-08-26,2016,8,26,4,금,0,0,108,18.5,17.5,9.5,8.5,12.090909090909092,22,14.666666666666666,10,13.875,9,0,ENV_YDST_108_HR_2016_2016_2017.csv
2016-08-27,2016,8,27,5,토,1,0,108,18.5,17.5,9.5,8.5,13.125,24,12.9,10,13.444444444444445,9,0,ENV_YDST_108_HR_2016_2016_2017.csv
2016-08-28,2016,8,28,6,일,1,0,108,18.5,17.5,9.5,8.5,8.818181818181818,22,8.555555555555555,10,8.25,9,0,ENV_YDST_108_HR_2016_2016_2017.csv
2016-08-29,2016,8,29,0,월,0,0,108,18.5,17.5,9.5,8.5,13.791666666666666,24,13.9,10,14.0,9,0,ENV_YDST_108_HR_2016_2016_2017.csv
2016-08-30,2016,8,30,1,화,0,1,108,18.5,17.5,9.5,8.5,28.666666666666668,18,30.555555555555557,10,30.555555555555557,9,0,ENV_YDST_108_HR_2016_2016_2017.csv
2016-08-31,2016,8,31,2,수,0,0,108,18.5,17.5,9.5,8.5,24.666666666666668,6,11.0,1,,0,0,ENV_YDST_108_HR_2016_2016_2017.csv
2016-09-01,2016,9,1,3,목,0,0,108,18.0,17.0,9.0,8.0,51.0,24,71.11111111111111,9,70.75,8,0,ENV_YDST_108_HR_2016_2016_2017.csv
2016-09-02,2016,9,2,4,금,0,0,108,18.0,17.0,9.0,8.0,20.444444444444443,9,13.0,9,10.0,8,0,ENV_YDST_108_HR_2016_2016_2017.csv
2016-09-03,2016,9,3,5,토,1,0,108,18.0,17.0,9.0,8.0,16.75,24,16.22222222222222,9,16.0,8,0,ENV_YDST_108_HR_2016_2016_2017.csv
2016-09-04,2016,9,4,6,일,1,0,108,18.0,17.0,9.0,8.0,17.375,24,16.22222222222222,9,15.875,8,0,ENV_YDST_108_HR_2016_2016_2017.csv
2016-09-05,2016,9,5,0,월,0,0,108,18.0,17.0,9.0,8.0,25.375,24,29.11111111111111,9,28.5,8,0,ENV_YDST_108_HR_2016_2016_2017.csv
2016-09-06,2016,9,6,1,화,0,1,108,18.0,17.0,9.0,8.0,49.25,24,48.888888888888886,9,48.875,8,0,ENV_YDST_108_HR_2016_2016_2017.csv
2016-09-07,2016,9,7,2,수,0,0,108,18.0,17.0,9.0,8.0,61.875,24,65.0,9,62.375,8,0,ENV_YDST_108_HR_2016_2016_2017.csv
2016-09-08,2016,9,8,3,목,0,0,108,18.0,17.0,9.0,8.0,36.5,16,39.75,4,39.75,4,0,ENV_YDST_108_HR_2016_2016_2017.csv
2016-09-09,2016,9,9,4,금,0,0,108,18.0,17.0,9.0,8.0,34.583333333333336,24,44.77777777777778,9,42.25,8,0,ENV_YDST_108_HR_2016_2016_2017.csv
2016-09-10,2016,9,10,5,토,1,0,108,18.0,17.0,9.0,8.0,31.375,24,29.11111111111111,9,28.625,8,0,ENV_YDST_108_HR_2016_2016_2017.csv
2016-09-11,2016,9,11,6,일,1,0,108,18.0,17.0,9.0,8.0,32.583333333333336,24,27.22222222222222,9,25.75,8,0,ENV_YDST_108_HR_2016_2016_2017.csv
2016-09-12,2016,9,12,0,월,0,0,108,18.0,17.0,9.0,8.0,24.0,23,24.875,9,26.285714285714285,8,0,ENV_YDST_108_HR_2016_2016_2017.csv
2016-09-13,2016,9,13,1,화,0,1,108,18.0,17.0,9.0,8.0,14.375,24,12.555555555555555,9,13.125,8,0,ENV_YDST_108_HR_2016_2016_2017.csv
2016-09-14,2016,9,14,2,수,0,0,108,18.0,17.0,9.0,8.0,25.130434782608695,23,34.111111111111114,9,34.75,8,0,ENV_YDST_108_HR_2016_2016_2017.csv
2016-09-15,2016,9,15,3,목,0,0,108,18.0,17.0,9.0,8.0,33.166666666666664,24,32.333333333333336,9,33.0,8,0,ENV_YDST_108_HR_2016_2016_2017.csv
2016-09-16,2016,9,16,4,금,0,0,108,18.0,17.0,9.0,8.0,39.666666666666664,24,40.333333333333336,9,39.375,8,0,ENV_YDST_108_HR_2016_2016_2017.csv
2016-09-17,2016,9,17,5,토,1,0,108,18.0,17.0,9.0,8.0,24.083333333333332,24,15.222222222222221,9,14.5,8,0,ENV_YDST_108_HR_2016_2016_2017.csv
2016-09-18,2016,9,18,6,일,1,0,108,18.0,17.0,9.0,8.0,19.208333333333332,24,17.77777777777778,9,17.5,8,0,ENV_YDST_108_HR_2016_2016_2017.csv
2016-09-19,2016,9,19,0,월,0,0,108,18.0,17.0,9.0,8.0,10.5,22,12.555555555555555,9,12.5,8,0,ENV_YDST_108_HR_2016_2016_2017.csv
2016-09-20,2016,9,20,1,화,0,1,108,18.0,17.0,9.0,8.0,13.875,24,15.333333333333334,9,15.0,8,0,ENV_YDST_108_HR_2016_2016_2017.csv
2016-09-21,2016,9,21,2,수,0,0,108,18.0,17.0,9.0,8.0,28.708333333333332,24,29.0,9,29.375,8,0,ENV_YDST_108_HR_2016_2016_2017.csv
2016-09-22,2016,9,22,3,목,0,0,108,18.0,17.0,9.0,8.0,32.91304347826087,23,33.75,9,34.0,8,0,ENV_YDST_108_HR_2016_2016_2017.csv
2016-09-23,2016,9,23,4,금,0,0,108,18.0,17.0,9.0,8.0,42.625,24,44.888888888888886,9,43.375,8,0,ENV_YDST_108_HR_2016_2016_2017.csv
2016-09-24,2016,9,24,5,토,1,0,108,18.0,17.0,9.0,8.0,52.208333333333336,24,47.55555555555556,9,44.375,8,0,ENV_YDST_108_HR_2016_2016_2017.csv
2016-09-25,2016,9,25,6,일,1,0,108,18.0,17.0,9.0,8.0,41.208333333333336,24,37.22222222222222,9,38.5,8,0,ENV_YDST_108_HR_2016_2016_2017.csv
2016-09-26,2016,9,26,0,월,0,0,108,18.0,17.0,9.0,8.0,35.75,24,40.77777777777778,9,41.625,8,0,ENV_YDST_108_HR_2016_2016_2017.csv
2016-09-27,2016,9,27,1,화,0,1,108,18.0,17.0,9.0,8.0,28.166666666666668,24,32.0,9,34.125,8,0,ENV_YDST_108_HR_2016_2016_2017.csv
2016-09-28,2016,9,28,2,수,0,0,108,18.0,17.0,9.0,8.0,27.375,24,30.0,9,28.75,8,0,ENV_YDST_108_HR_2016_2016_2017.csv
2016-09-29,2016,9,29,3,목,0,0,108,18.0,17.0,9.0,8.0,11.708333333333334,24,11.444444444444445,9,11.25,8,0,ENV_YDST_108_HR_2016_2016_2017.csv
2016-09-30,2016,9,30,4,금,0,0,108,18.0,17.0,9.0,8.0,25.583333333333332,24,28.555555555555557,9,27.25,8,0,ENV_YDST_108_HR_2016_2016_2017.csv
2016-10-01,2016,10,1,5,토,1,0,108,18.0,17.0,9.0,8.0,38.208333333333336,24,36.666666666666664,9,36.125,8,0,ENV_YDST_108_HR_2016_2016_2017.csv
2016-10-02,2016,10,2,6,일,1,0,108,18.0,17.0,9.0,8.0,26.285714285714285,21,21.333333333333332,9,21.333333333333332,8,0,ENV_YDST_108_HR_2016_2016_2017.csv
2016-10-03,2016,10,3,0,월,0,0,108,18.0,17.0,9.0,8.0,13.782608695652174,23,12.444444444444445,9,12.125,8,0,ENV_YDST_108_HR_2016_2016_2017.csv
2016-10-04,2016,10,4,1,화,0,1,108,18.0,17.0,9.0,8.0,25.0,24,27.666666666666668,9,27.875,8,0,ENV_YDST_108_HR_2016_2016_2017.csv
2016-10-05,2016,10,5,2,수,0,0,108,18.0,17.0,9.0,8.0,21.583333333333332,24,21.88888888888889,9,21.75,8,0,ENV_YDST_108_HR_2016_2016_2017.csv
2016-10-06,2016,10,6,3,목,0,0,108,18.0,17.0,9.0,8.0,35.375,24,40.22222222222222,9,39.75,8,0,ENV_YDST_108_HR_2016_2016_2017.csv
2016-10-07,2016,10,7,4,금,0,0,108,18.0,17.0,9.0,8.0,21.75,24,21.333333333333332,9,21.125,8,0,ENV_YDST_108_HR_2016_2016_2017.csv
2016-10-08,2016,10,8,5,토,1,0,108,18.0,17.0,9.0,8.0,18.73913043478261,23,22.444444444444443,9,21.75,8,0,ENV_YDST_108_HR_2016_2016_2017.csv
2016-10-09,2016,10,9,6,일,1,0,108,18.0,17.0,9.0,8.0,16.125,24,15.222222222222221,9,14.875,8,0,ENV_YDST_108_HR_2016_2016_2017.csv
2016-10-10,2016,10,10,0,월,0,0,108,18.0,17.0,9.0,8.0,24.041666666666668,24,22.333333333333332,9,20.125,8,0,ENV_YDST_108_HR_2016_2016_2017.csv
2016-10-11,2016,10,11,1,화,0,1,108,18.0,17.0,9.0,8.0,42.333333333333336,24,50.888888888888886,9,49.75,8,0,ENV_YDST_108_HR_2016_2016_2017.csv
2016-10-12,2016,10,12,2,수,0,0,108,18.0,17.0,9.0,8.0,48.56521739130435,23,50.55555555555556,9,53.625,8,0,ENV_YDST_108_HR_2016_2016_2017.csv
2016-10-13,2016,10,13,3,목,0,0,108,18.0,17.0,9.0,8.0,39.125,24,44.55555555555556,9,44.0,8,0,ENV_YDST_108_HR_2016_2016_2017.csv
2016-10-14,2016,10,14,4,금,0,0,108,18.0,17.0,9.0,8.0,58.25,24,71.44444444444444,9,67.0,8,0,ENV_YDST_108_HR_2016_2016_2017.csv
2016-10-15,2016,10,15,5,토,1,0,108,18.0,17.0,9.0,8.0,64.25,24,60.44444444444444,9,59.625,8,0,ENV_YDST_108_HR_2016_2016_2017.csv
2016-10-16,2016,10,16,6,일,1,0,108,18.0,17.0,9.0,8.0,46.166666666666664,24,43.666666666666664,9,44.5,8,0,ENV_YDST_108_HR_2016_2016_2017.csv
2016-10-17,2016,10,17,0,월,0,0,108,18.0,17.0,9.0,8.0,40.708333333333336,24,43.55555555555556,9,43.25,8,0,ENV_YDST_108_HR_2016_2016_2017.csv
2016-10-18,2016,10,18,1,화,0,1,108,18.0,17.0,9.0,8.0,49.0,24,49.111111111111114,9,48.125,8,0,ENV_YDST_108_HR_2016_2016_2017.csv
2016-10-19,2016,10,19,2,수,0,0,108,18.0,17.0,9.0,8.0,52.875,24,54.888888888888886,9,52.5,8,0,ENV_YDST_108_HR_2016_2016_2017.csv
2016-10-20,2016,10,20,3,목,0,0,108,18.0,17.0,9.0,8.0,52.375,24,68.11111111111111,9,66.875,8,0,ENV_YDST_108_HR_2016_2016_2017.csv
2016-10-21,2016,10,21,4,금,0,0,108,18.0,17.0,9.0,8.0,20.125,24,21.88888888888889,9,21.625,8,0,ENV_YDST_108_HR_2016_2016_2017.csv
2016-10-22,2016,10,22,5,토,1,0,108,18.0,17.0,9.0,8.0,33.041666666666664,24,38.666666666666664,9,36.0,8,0,ENV_YDST_108_HR_2016_2016_2017.csv
2016-10-23,2016,10,23,6,일,1,0,108,18.0,17.0,9.0,8.0,11.428571428571429,14,8.5,9,8.5,8,0,ENV_YDST_108_HR_2016_2016_2017.csv
2016-10-24,2016,10,24,0,월,0,0,108,18.0,17.0,9.0,8.0,13.916666666666666,24,14.444444444444445,9,14.25,8,0,ENV_YDST_108_HR_2016_2016_2017.csv
2016-10-25,2016,10,25,1,화,0,1,108,18.0,17.0,9.0,8.0,16.73913043478261,23,13.25,9,12.285714285714286,8,0,ENV_YDST_108_HR_2016_2016_2017.csv
2016-10-26,2016,10,26,2,수,0,0,108,18.0,17.0,9.0,8.0,34.041666666666664,24,38.333333333333336,9,38.875,8,0,ENV_YDST_108_HR_2016_2016_2017.csv
2016-10-27,2016,10,27,3,목,0,0,108,18.0,17.0,9.0,8.0,37.541666666666664,24,34.22222222222222,9,37.125,8,0,ENV_YDST_108_HR_2016_2016_2017.csv
2016-10-28,2016,10,28,4,금,0,0,108,18.0,17.0,9.0,8.0,34.708333333333336,24,35.44444444444444,9,32.625,8,0,ENV_YDST_108_HR_2016_2016_2017.csv
2016-10-29,2016,10,29,5,토,1,0,108,18.0,17.0,9.0,8.0,36.458333333333336,24,40.888888888888886,9,41.625,8,0,ENV_YDST_108_HR_2016_2016_2017.csv
2016-10-30,2016,10,30,6,일,1,0,108,18.0,17.0,9.0,8.0,32.625,24,26.333333333333332,9,26.375,8,0,ENV_YDST_108_HR_2016_2016_2017.csv
2016-10-31,2016,10,31,0,월,0,0,108,18.0,17.0,9.0,8.0,25.208333333333332,24,27.22222222222222,9,28.375,8,0,ENV_YDST_108_HR_2016_2016_2017.csv
2016-11-01,2016,11,1,1,화,0,1,108,17.0,16.0,8.0,7.0,23.541666666666668,24,31.125,8,29.714285714285715,7,0,ENV_YDST_108_HR_2016_2016_2017.csv
2016-11-02,2016,11,2,2,수,0,0,108,17.0,16.0,8.0,7.0,31.541666666666668,24,41.25,8,40.42857142857143,7,0,ENV_YDST_108_HR_2016_2016_2017.csv
2016-11-03,2016,11,3,3,목,0,0,108,17.0,16.0,8.0,7.0,39.25,24,44.0,8,43.142857142857146,7,0,ENV_YDST_108_HR_2016_2016_2017.csv
2016-11-04,2016,11,4,4,금,0,0,108,17.0,16.0,8.0,7.0,53.666666666666664,24,59.5,8,58.142857142857146,7,0,ENV_YDST_108_HR_2016_2016_2017.csv
2016-11-05,2016,11,5,5,토,1,0,108,17.0,16.0,8.0,7.0,64.5,24,63.5,8,61.0,7,0,ENV_YDST_108_HR_2016_2016_2017.csv
2016-11-06,2016,11,6,6,일,1,0,108,17.0,16.0,8.0,7.0,32.13636363636363,22,9.125,8,9.142857142857142,7,0,ENV_YDST_108_HR_2016_2016_2017.csv
2016-11-07,2016,11,7,0,월,0,0,108,17.0,16.0,8.0,7.0,30.791666666666668,24,38.5,8,34.714285714285715,7,0,ENV_YDST_108_HR_2016_2016_2017.csv
2016-11-08,2016,11,8,1,화,0,1,108,17.0,16.0,8.0,7.0,57.375,24,62.875,8,62.285714285714285,7,0,ENV_YDST_108_HR_2016_2016_2017.csv
2016-11-09,2016,11,9,2,수,0,0,108,17.0,16.0,8.0,7.0,37.583333333333336,24,45.875,8,47.714285714285715,7,0,ENV_YDST_108_HR_2016_2016_2017.csv
2016-11-10,2016,11,10,3,목,0,0,108,17.0,16.0,8.0,7.0,32.958333333333336,24,42.25,8,41.57142857142857,7,0,ENV_YDST_108_HR_2016_2016_2017.csv
2016-11-11,2016,11,11,4,금,0,0,108,17.0,16.0,8.0,7.0,47.375,24,69.125,8,67.28571428571429,7,0,ENV_YDST_108_HR_2016_2016_2017.csv
2016-11-12,2016,11,12,5,토,1,0,108,17.0,16.0,8.0,7.0,67.08333333333333,24,74.25,8,75.14285714285714,7,0,ENV_YDST_108_HR_2016_2016_2017.csv
2016-11-13,2016,11,13,6,일,1,0,108,17.0,16.0,8.0,7.0,54.416666666666664,24,51.875,8,51.857142857142854,7,0,ENV_YDST_108_HR_2016_2016_2017.csv
2016-11-14,2016,11,14,0,월,0,0,108,17.0,16.0,8.0,7.0,42.25,24,48.875,8,48.857142857142854,7,0,ENV_YDST_108_HR_2016_2016_2017.csv
2016-11-15,2016,11,15,1,화,0,1,108,17.0,16.0,8.0,7.0,52.791666666666664,24,59.375,8,59.714285714285715,7,0,ENV_YDST_108_HR_2016_2016_2017.csv
2016-11-16,2016,11,16,2,수,0,0,108,17.0,16.0,8.0,7.0,47.375,24,57.0,8,57.857142857142854,7,0,ENV_YDST_108_HR_2016_2016_2017.csv
2016-11-17,2016,11,17,3,목,0,0,108,17.0,16.0,8.0,7.0,47.25,16,50.75,5,50.75,5,0,ENV_YDST_108_HR_2016_2016_2017.csv
2016-11-18,2016,11,18,4,금,0,0,108,17.0,16.0,8.0,7.0,78.75,24,78.5,8,79.28571428571429,7,0,ENV_YDST_108_HR_2016_2016_2017.csv
2016-11-19,2016,11,19,5,토,1,0,108,17.0,16.0,8.0,7.0,45.55,20,61.5,5,66.0,4,0,ENV_YDST_108_HR_2016_2016_2017.csv
2016-11-20,2016,11,20,6,일,1,0,108,17.0,16.0,8.0,7.0,35.916666666666664,24,36.5,8,36.285714285714285,7,0,ENV_YDST_108_HR_2016_2016_2017.csv
2016-11-21,2016,11,21,0,월,0,0,108,17.0,16.0,8.0,7.0,54.666666666666664,24,57.5,8,58.0,7,0,ENV_YDST_108_HR_2016_2016_2017.csv
2016-11-22,2016,11,22,1,화,0,1,108,17.0,16.0,8.0,7.0,42.5,24,37.0,8,35.42857142857143,7,0,ENV_YDST_108_HR_2016_2016_2017.csv
2016-11-23,2016,11,23,2,수,0,0,108,17.0,16.0,8.0,7.0,42.041666666666664,24,51.125,8,54.142857142857146,7,0,ENV_YDST_108_HR_2016_2016_2017.csv
2016-11-24,2016,11,24,3,목,0,0,108,17.0,16.0,8.0,7.0,31.625,24,36.5,8,35.142857142857146,7,0,ENV_YDST_108_HR_2016_2016_2017.csv
2016-11-25,2016,11,25,4,금,0,0,108,17.0,16.0,8.0,7.0,34.625,24,38.0,8,36.857142857142854,7,0,ENV_YDST_108_HR_2016_2016_2017.csv
2016-11-26,2016,11,26,5,토,1,0,108,17.0,16.0,8.0,7.0,41.791666666666664,24,43.25,8,45.0,7,0,ENV_YDST_108_HR_2016_2016_2017.csv
2016-11-27,2016,11,27,6,일,1,0,108,17.0,16.0,8.0,7.0,54.333333333333336,24,43.125,8,42.857142857142854,7,0,ENV_YDST_108_HR_2016_2016_2017.csv
2016-11-28,2016,11,28,0,월,0,0,108,17.0,16.0,8.0,7.0,77.20833333333333,24,77.625,8,82.71428571428571,7,0,ENV_YDST_108_HR_2016_2016_2017.csv
2016-11-29,2016,11,29,1,화,0,1,108,17.0,16.0,8.0,7.0,37.083333333333336,24,42.375,8,42.57142857142857,7,0,ENV_YDST_108_HR_2016_2016_2017.csv
2016-11-30,2016,11,30,2,수,0,0,108,17.0,16.0,8.0,7.0,39.083333333333336,24,45.625,8,44.142857142857146,7,0,ENV_YDST_108_HR_2016_2016_2017.csv
2016-12-01,2016,12,1,3,목,0,0,108,17.0,16.0,8.0,7.0,45.083333333333336,24,45.875,8,48.57142857142857,7,0,ENV_YDST_108_HR_2016_2016_2017.csv
2016-12-02,2016,12,2,4,금,0,0,108,17.0,16.0,8.0,7.0,36.0,24,45.625,8,46.142857142857146,7,0,ENV_YDST_108_HR_2016_2016_2017.csv
2016-12-03,2016,12,3,5,토,1,0,108,17.0,16.0,8.0,7.0,46.583333333333336,24,51.375,8,50.857142857142854,7,0,ENV_YDST_108_HR_2016_2016_2017.csv
2016-12-04,2016,12,4,6,일,1,0,108,17.0,16.0,8.0,7.0,59.75,24,62.25,8,62.42857142857143,7,0,ENV_YDST_108_HR_2016_2016_2017.csv
2016-12-05,2016,12,5,0,월,0,0,108,17.0,16.0,8.0,7.0,64.08333333333333,24,81.5,8,80.71428571428571,7,1,ENV_YDST_108_HR_2016_2016_2017.csv
2016-12-06,2016,12,6,1,화,0,1,108,17.0,16.0,8.0,7.0,24.958333333333332,24,26.0,8,25.571428571428573,7,0,ENV_YDST_108_HR_2016_2016_2017.csv
2016-12-07,2016,12,7,2,수,0,0,108,17.0,16.0,8.0,7.0,46.708333333333336,24,48.375,8,44.714285714285715,7,0,ENV_YDST_108_HR_2016_2016_2017.csv
2016-12-08,2016,12,8,3,목,0,0,108,17.0,16.0,8.0,7.0,49.291666666666664,24,60.875,8,64.14285714285714,7,0,ENV_YDST_108_HR_2016_2016_2017.csv
2016-12-09,2016,12,9,4,금,0,0,108,17.0,16.0,8.0,7.0,27.083333333333332,24,33.375,8,34.0,7,0,ENV_YDST_108_HR_2016_2016_2017.csv
2016-12-10,2016,12,10,5,토,1,0,108,17.0,16.0,8.0,7.0,31.75,24,37.75,8,35.57142857142857,7,0,ENV_YDST_108_HR_2016_2016_2017.csv
2016-12-11,2016,12,11,6,일,1,0,108,17.0,16.0,8.0,7.0,29.083333333333332,24,28.375,8,30.285714285714285,7,0,ENV_YDST_108_HR_2016_2016_2017.csv
2016-12-12,2016,12,12,0,월,0,0,108,17.0,16.0,8.0,7.0,32.5,24,31.5,8,31.285714285714285,7,0,ENV_YDST_108_HR_2016_2016_2017.csv
2016-12-13,2016,12,13,1,화,0,1,108,17.0,16.0,8.0,7.0,51.083333333333336,24,59.25,8,60.142857142857146,7,0,ENV_YDST_108_HR_2016_2016_2017.csv
2016-12-14,2016,12,14,2,수,0,0,108,17.0,16.0,8.0,7.0,48.75,24,55.125,8,56.142857142857146,7,0,ENV_YDST_108_HR_2016_2016_2017.csv
2016-12-15,2016,12,15,3,목,0,0,108,17.0,16.0,8.0,7.0,37.208333333333336,24,35.75,8,36.714285714285715,7,0,ENV_YDST_108_HR_2016_2016_2017.csv
2016-12-16,2016,12,16,4,금,0,0,108,17.0,16.0,8.0,7.0,37.041666666666664,24,37.625,8,39.42857142857143,7,0,ENV_YDST_108_HR_2016_2016_2017.csv
2016-12-17,2016,12,17,5,토,1,0,108,17.0,16.0,8.0,7.0,53.666666666666664,24,56.125,8,54.714285714285715,7,0,ENV_YDST_108_HR_2016_2016_2017.csv
2016-12-18,2016,12,18,6,일,1,0,108,17.0,16.0,8.0,7.0,45.333333333333336,24,39.75,8,41.0,7,0,ENV_YDST_108_HR_2016_2016_2017.csv
2016-12-19,2016,12,19,0,월,0,0,108,17.0,16.0,8.0,7.0,30.130434782608695,23,27.428571428571427,8,25.333333333333332,7,0,ENV_YDST_108_HR_2016_2016_2017.csv
2016-12-20,2016,12,20,1,화,0,1,108,17.0,16.0,8.0,7.0,43.791666666666664,24,48.625,8,48.142857142857146,7,0,ENV_YDST_108_HR_2016_2016_2017.csv
2016-12-21,2016,12,21,2,수,0,0,108,17.0,16.0,8.0,7.0,30.208333333333332,24,34.375,8,34.857142857142854,7,0,ENV_YDST_108_HR_2016_2016_2017.csv
2016-12-22,2016,12,22,3,목,0,0,108,17.0,16.0,8.0,7.0,27.166666666666668,18,7.8,8,7.0,7,0,ENV_YDST_108_HR_2016_2016_2017.csv
2016-12-23,2016,12,23,4,금,0,0,108,17.0,16.0,8.0,7.0,47.833333333333336,24,47.375,8,46.857142857142854,7,0,ENV_YDST_108_HR_2016_2016_2017.csv
2016-12-24,2016,12,24,5,토,1,0,108,17.0,16.0,8.0,7.0,57.166666666666664,24,63.25,8,63.142857142857146,7,0,ENV_YDST_108_HR_2016_2016_2017.csv
2016-12-25,2016,12,25,6,일,1,0,108,17.0,16.0,8.0,7.0,45.875,24,48.125,8,50.285714285714285,7,0,ENV_YDST_108_HR_2016_2016_2017.csv
2016-12-26,2016,12,26,0,월,0,0,108,17.0,16.0,8.0,7.0,40.583333333333336,24,36.875,8,40.714285714285715,7,0,ENV_YDST_108_HR_2016_2016_2017.csv
2016-12-27,2016,12,27,1,화,0,1,108,17.0,16.0,8.0,7.0,37.5,24,32.5,8,33.857142857142854,7,0,ENV_YDST_108_HR_2016_2016_2017.csv
2016-12-28,2016,12,28,2,수,0,0,108,17.0,16.0,8.0,7.0,43.208333333333336,24,54.875,8,54.857142857142854,7,0,ENV_YDST_108_HR_2016_2016_2017.csv
2016-12-29,2016,12,29,3,목,0,0,108,17.0,16.0,8.0,7.0,34.708333333333336,24,50.625,8,53.142857142857146,7,0,ENV_YDST_108_HR_2016_2016_2017.csv
2016-12-30,2016,12,30,4,금,0,0,108,17.0,16.0,8.0,7.0,38.708333333333336,24,43.75,8,44.857142857142854,7,0,ENV_YDST_108_HR_2016_2016_2017.csv
2016-12-31,2016,12,31,5,토,1,0,108,17.0,16.0,8.0,7.0,47.375,24,45.75,8,44.857142857142854,7,0,ENV_YDST_108_HR_2016_2016_2017.csv
2017-01-01,2017,1,1,6,일,1,0,108,17.0,16.0,8.0,7.0,59.791666666666664,24,58.75,8,59.285714285714285,7,0,ENV_YDST_108_HR_2017_2017_2018.csv
2017-01-02,2017,1,2,0,월,0,0,108,17.0,16.0,8.0,7.0,87.625,24,72.875,8,66.71428571428571,7,0,ENV_YDST_108_HR_2017_2017_2018.csv
2017-01-03,2017,1,3,1,화,0,1,108,17.0,16.0,8.0,7.0,69.04347826086956,23,68.71428571428571,8,71.0,7,0,ENV_YDST_108_HR_2017_2017_2018.csv
2017-01-04,2017,1,4,2,수,0,0,108,17.0,16.0,8.0,7.0,47.125,24,63.875,8,65.85714285714286,7,0,ENV_YDST_108_HR_2017_2017_2018.csv
2017-01-05,2017,1,5,3,목,0,0,108,17.0,16.0,8.0,7.0,30.681818181818183,22,28.0,8,30.714285714285715,7,0,ENV_YDST_108_HR_2017_2017_2018.csv
2017-01-06,2017,1,6,4,금,0,0,108,17.0,16.0,8.0,7.0,20.736842105263158,19,19.875,8,19.0,7,0,ENV_YDST_108_HR_2017_2017_2018.csv
2017-01-07,2017,1,7,5,토,1,0,108,17.0,16.0,8.0,7.0,38.25,24,45.5,8,43.57142857142857,7,0,ENV_YDST_108_HR_2017_2017_2018.csv
2017-01-08,2017,1,8,6,일,1,0,108,17.0,16.0,8.0,7.0,24.916666666666668,24,22.625,8,21.428571428571427,7,0,ENV_YDST_108_HR_2017_2017_2018.csv
2017-01-09,2017,1,9,0,월,0,0,108,17.0,16.0,8.0,7.0,49.791666666666664,24,72.625,8,75.85714285714286,7,0,ENV_YDST_108_HR_2017_2017_2018.csv
2017-01-10,2017,1,10,1,화,0,1,108,17.0,16.0,8.0,7.0,30.625,24,39.125,8,39.57142857142857,7,0,ENV_YDST_108_HR_2017_2017_2018.csv
2017-01-11,2017,1,11,2,수,0,0,108,17.0,16.0,8.0,7.0,25.375,24,39.75,8,38.57142857142857,7,0,ENV_YDST_108_HR_2017_2017_2018.csv
2017-01-12,2017,1,12,3,목,0,0,108,17.0,16.0,8.0,7.0,29.375,24,36.25,8,37.0,7,0,ENV_YDST_108_HR_2017_2017_2018.csv
2017-01-13,2017,1,13,4,금,0,0,108,17.0,16.0,8.0,7.0,27.916666666666668,24,25.5,8,24.714285714285715,7,0,ENV_YDST_108_HR_2017_2017_2018.csv
2017-01-14,2017,1,14,5,토,1,0,108,17.0,16.0,8.0,7.0,49.791666666666664,24,37.625,8,37.714285714285715,7,0,ENV_YDST_108_HR_2017_2017_2018.csv
2017-01-15,2017,1,15,6,일,1,0,108,17.0,16.0,8.0,7.0,25.75,24,25.75,8,26.428571428571427,7,0,ENV_YDST_108_HR_2017_2017_2018.csv
2017-01-16,2017,1,16,0,월,0,0,108,17.0,16.0,8.0,7.0,40.708333333333336,24,42.5,8,44.714285714285715,7,0,ENV_YDST_108_HR_2017_2017_2018.csv
2017-01-17,2017,1,17,1,화,0,1,108,17.0,16.0,8.0,7.0,59.375,24,58.25,8,55.857142857142854,7,0,ENV_YDST_108_HR_2017_2017_2018.csv
2017-01-18,2017,1,18,2,수,0,0,108,17.0,16.0,8.0,7.0,79.875,24,90.875,8,90.28571428571429,7,1,ENV_YDST_108_HR_2017_2017_2018.csv
2017-01-19,2017,1,19,3,목,0,0,108,17.0,16.0,8.0,7.0,89.66666666666667,24,97.25,8,97.14285714285714,7,1,ENV_YDST_108_HR_2017_2017_2018.csv
2017-01-20,2017,1,20,4,금,0,0,108,17.0,16.0,8.0,7.0,51.291666666666664,24,54.25,8,55.285714285714285,7,0,ENV_YDST_108_HR_2017_2017_2018.csv
2017-01-21,2017,1,21,5,토,1,0,108,17.0,16.0,8.0,7.0,42.208333333333336,24,50.875,8,51.714285714285715,7,0,ENV_YDST_108_HR_2017_2017_2018.csv
2017-01-22,2017,1,22,6,일,1,0,108,17.0,16.0,8.0,7.0,76.625,24,87.625,8,93.28571428571429,7,1,ENV_YDST_108_HR_2017_2017_2018.csv
2017-01-23,2017,1,23,0,월,0,0,108,17.0,16.0,8.0,7.0,44.833333333333336,24,43.625,8,44.857142857142854,7,0,ENV_YDST_108_HR_2017_2017_2018.csv
2017-01-24,2017,1,24,1,화,0,1,108,17.0,16.0,8.0,7.0,33.583333333333336,24,36.75,8,38.42857142857143,7,0,ENV_YDST_108_HR_2017_2017_2018.csv
2017-01-25,2017,1,25,2,수,0,0,108,17.0,16.0,8.0,7.0,40.833333333333336,24,44.375,8,46.0,7,0,ENV_YDST_108_HR_2017_2017_2018.csv
2017-01-26,2017,1,26,3,목,0,0,108,17.0,16.0,8.0,7.0,52.0,24,56.625,8,56.857142857142854,7,0,ENV_YDST_108_HR_2017_2017_2018.csv
2017-01-27,2017,1,27,4,금,0,0,108,17.0,16.0,8.0,7.0,117.41666666666667,24,188.5,8,202.42857142857142,7,1,ENV_YDST_108_HR_2017_2017_2018.csv
2017-01-28,2017,1,28,5,토,1,0,108,17.0,16.0,8.0,7.0,29.125,24,29.75,8,31.0,7,0,ENV_YDST_108_HR_2017_2017_2018.csv
2017-01-29,2017,1,29,6,일,1,0,108,17.0,16.0,8.0,7.0,22.875,24,24.125,8,24.857142857142858,7,0,ENV_YDST_108_HR_2017_2017_2018.csv
2017-01-30,2017,1,30,0,월,0,0,108,17.0,16.0,8.0,7.0,41.958333333333336,24,35.75,8,37.0,7,0,ENV_YDST_108_HR_2017_2017_2018.csv
2017-01-31,2017,1,31,1,화,0,1,108,17.0,16.0,8.0,7.0,24.458333333333332,24,27.0,8,27.714285714285715,7,0,ENV_YDST_108_HR_2017_2017_2018.csv
2017-02-01,2017,2,1,2,수,0,0,108,17.0,16.0,8.0,7.0,31.708333333333332,24,40.75,8,41.57142857142857,7,0,ENV_YDST_108_HR_2017_2017_2018.csv
2017-02-02,2017,2,2,3,목,0,0,108,17.0,16.0,8.0,7.0,30.208333333333332,24,32.75,8,33.285714285714285,7,0,ENV_YDST_108_HR_2017_2017_2018.csv
2017-02-03,2017,2,3,4,금,0,0,108,17.0,16.0,8.0,7.0,60.083333333333336,24,70.5,8,69.42857142857143,7,0,ENV_YDST_108_HR_2017_2017_2018.csv
2017-02-04,2017,2,4,5,토,1,0,108,17.0,16.0,8.0,7.0,73.16666666666667,24,71.5,8,70.28571428571429,7,0,ENV_YDST_108_HR_2017_2017_2018.csv
2017-02-05,2017,2,5,6,일,1,0,108,17.0,16.0,8.0,7.0,56.541666666666664,24,25.625,8,27.428571428571427,7,0,ENV_YDST_108_HR_2017_2017_2018.csv
2017-02-06,2017,2,6,0,월,0,0,108,17.0,16.0,8.0,7.0,38.208333333333336,24,40.625,8,40.714285714285715,7,0,ENV_YDST_108_HR_2017_2017_2018.csv
2017-02-07,2017,2,7,1,화,0,1,108,17.0,16.0,8.0,7.0,34.958333333333336,24,42.625,8,40.57142857142857,7,0,ENV_YDST_108_HR_2017_2017_2018.csv
2017-02-08,2017,2,8,2,수,0,0,108,17.0,16.0,8.0,7.0,49.541666666666664,24,61.0,8,60.142857142857146,7,0,ENV_YDST_108_HR_2017_2017_2018.csv
2017-02-09,2017,2,9,3,목,0,0,108,17.0,16.0,8.0,7.0,52.375,24,67.5,8,69.42857142857143,7,0,ENV_YDST_108_HR_2017_2017_2018.csv
2017-02-10,2017,2,10,4,금,0,0,108,17.0,16.0,8.0,7.0,34.666666666666664,24,35.875,8,36.42857142857143,7,0,ENV_YDST_108_HR_2017_2017_2018.csv
2017-02-11,2017,2,11,5,토,1,0,108,17.0,16.0,8.0,7.0,29.208333333333332,24,35.875,8,36.285714285714285,7,0,ENV_YDST_108_HR_2017_2017_2018.csv
2017-02-12,2017,2,12,6,일,1,0,108,17.0,16.0,8.0,7.0,30.125,24,32.125,8,33.57142857142857,7,0,ENV_YDST_108_HR_2017_2017_2018.csv
2017-02-13,2017,2,13,0,월,0,0,108,17.0,16.0,8.0,7.0,36.875,24,47.125,8,48.0,7,0,ENV_YDST_108_HR_2017_2017_2018.csv
2017-02-14,2017,2,14,1,화,0,1,108,17.0,16.0,8.0,7.0,46.375,24,49.125,8,51.285714285714285,7,0,ENV_YDST_108_HR_2017_2017_2018.csv
2017-02-15,2017,2,15,2,수,0,0,108,17.0,16.0,8.0,7.0,51.625,24,54.0,8,52.285714285714285,7,0,ENV_YDST_108_HR_2017_2017_2018.csv
2017-02-16,2017,2,16,3,목,0,0,108,17.0,16.0,8.0,7.0,54.791666666666664,24,59.5,8,62.714285714285715,7,0,ENV_YDST_108_HR_2017_2017_2018.csv
2017-02-17,2017,2,17,4,금,0,0,108,17.0,16.0,8.0,7.0,41.75,24,66.375,8,65.85714285714286,7,0,ENV_YDST_108_HR_2017_2017_2018.csv
2017-02-18,2017,2,18,5,토,1,0,108,17.0,16.0,8.0,7.0,29.625,24,31.25,8,31.428571428571427,7,0,ENV_YDST_108_HR_2017_2017_2018.csv
2017-02-19,2017,2,19,6,일,1,0,108,17.0,16.0,8.0,7.0,38.583333333333336,24,36.375,8,36.142857142857146,7,0,ENV_YDST_108_HR_2017_2017_2018.csv
2017-02-20,2017,2,20,0,월,0,0,108,17.0,16.0,8.0,7.0,43.208333333333336,24,58.875,8,60.857142857142854,7,0,ENV_YDST_108_HR_2017_2017_2018.csv
2017-02-21,2017,2,21,1,화,0,1,108,17.0,16.0,8.0,7.0,44.125,24,47.25,8,47.57142857142857,7,0,ENV_YDST_108_HR_2017_2017_2018.csv
2017-02-22,2017,2,22,2,수,0,0,108,17.0,16.0,8.0,7.0,24.583333333333332,24,16.75,8,17.857142857142858,7,0,ENV_YDST_108_HR_2017_2017_2018.csv
2017-02-23,2017,2,23,3,목,0,0,108,17.0,16.0,8.0,7.0,33.25,24,35.5,8,36.57142857142857,7,0,ENV_YDST_108_HR_2017_2017_2018.csv
2017-02-24,2017,2,24,4,금,0,0,108,17.0,16.0,8.0,7.0,25.083333333333332,24,26.25,8,26.142857142857142,7,0,ENV_YDST_108_HR_2017_2017_2018.csv
2017-02-25,2017,2,25,5,토,1,0,108,17.0,16.0,8.0,7.0,39.875,24,36.25,8,37.714285714285715,7,0,ENV_YDST_108_HR_2017_2017_2018.csv
2017-02-26,2017,2,26,6,일,1,0,108,17.0,16.0,8.0,7.0,38.333333333333336,24,37.25,8,39.857142857142854,7,0,ENV_YDST_108_HR_2017_2017_2018.csv
2017-02-27,2017,2,27,0,월,0,0,108,17.0,16.0,8.0,7.0,31.416666666666668,24,35.625,8,37.285714285714285,7,0,ENV_YDST_108_HR_2017_2017_2018.csv
2017-02-28,2017,2,28,1,화,0,1,108,17.0,16.0,8.0,7.0,34.833333333333336,24,44.875,8,45.0,7,0,ENV_YDST_108_HR_2017_2017_2018.csv
2017-03-01,2017,3,1,2,수,0,0,108,18.0,17.0,9.0,8.0,42.916666666666664,24,54.77777777777778,9,55.25,8,0,ENV_YDST_108_HR_2017_2017_2018.csv
2017-03-02,2017,3,2,3,목,0,0,108,18.0,17.0,9.0,8.0,27.958333333333332,24,31.333333333333332,9,31.125,8,0,ENV_YDST_108_HR_2017_2017_2018.csv
2017-03-03,2017,3,3,4,금,0,0,108,18.0,17.0,9.0,8.0,37.125,24,51.666666666666664,9,50.25,8,0,ENV_YDST_108_HR_2017_2017_2018.csv
2017-03-04,2017,3,4,5,토,1,0,108,18.0,17.0,9.0,8.0,43.666666666666664,24,47.0,9,45.75,8,0,ENV_YDST_108_HR_2017_2017_2018.csv
2017-03-05,2017,3,5,6,일,1,0,108,18.0,17.0,9.0,8.0,46.458333333333336,24,53.44444444444444,9,50.875,8,0,ENV_YDST_108_HR_2017_2017_2018.csv
2017-03-06,2017,3,6,0,월,0,0,108,18.0,17.0,9.0,8.0,35.458333333333336,24,36.77777777777778,9,37.25,8,0,ENV_YDST_108_HR_2017_2017_2018.csv
2017-03-07,2017,3,7,1,화,0,1,108,18.0,17.0,9.0,8.0,29.73913043478261,23,32.44444444444444,9,33.125,8,0,ENV_YDST_108_HR_2017_2017_2018.csv
2017-03-08,2017,3,8,2,수,0,0,108,18.0,17.0,9.0,8.0,41.208333333333336,24,58.888888888888886,9,60.375,8,0,ENV_YDST_108_HR_2017_2017_2018.csv
2017-03-09,2017,3,9,3,목,0,0,108,18.0,17.0,9.0,8.0,45.375,24,53.77777777777778,9,53.625,8,0,ENV_YDST_108_HR_2017_2017_2018.csv
2017-03-10,2017,3,10,4,금,0,0,108,18.0,17.0,9.0,8.0,43.458333333333336,24,50.77777777777778,9,49.75,8,0,ENV_YDST_108_HR_2017_2017_2018.csv
2017-03-11,2017,3,11,5,토,1,0,108,18.0,17.0,9.0,8.0,49.333333333333336,24,57.333333333333336,9,53.75,8,0,ENV_YDST_108_HR_2017_2017_2018.csv
2017-03-12,2017,3,12,6,일,1,0,108,18.0,17.0,9.0,8.0,63.666666666666664,24,69.11111111111111,9,71.125,8,0,ENV_YDST_108_HR_2017_2017_2018.csv
2017-03-13,2017,3,13,0,월,0,0,108,18.0,17.0,9.0,8.0,56.25,24,51.44444444444444,9,51.375,8,0,ENV_YDST_108_HR_2017_2017_2018.csv
2017-03-14,2017,3,14,1,화,0,1,108,18.0,17.0,9.0,8.0,48.25,24,54.77777777777778,9,54.75,8,0,ENV_YDST_108_HR_2017_2017_2018.csv
2017-03-15,2017,3,15,2,수,0,0,108,18.0,17.0,9.0,8.0,37.041666666666664,24,41.55555555555556,9,39.5,8,0,ENV_YDST_108_HR_2017_2017_2018.csv
2017-03-16,2017,3,16,3,목,0,0,108,18.0,17.0,9.0,8.0,55.208333333333336,24,67.11111111111111,9,67.625,8,0,ENV_YDST_108_HR_2017_2017_2018.csv
2017-03-17,2017,3,17,4,금,0,0,108,18.0,17.0,9.0,8.0,62.666666666666664,24,77.44444444444444,9,79.25,8,0,ENV_YDST_108_HR_2017_2017_2018.csv
2017-03-18,2017,3,18,5,토,1,0,108,18.0,17.0,9.0,8.0,63.166666666666664,24,73.0,9,76.0,8,0,ENV_YDST_108_HR_2017_2017_2018.csv
2017-03-19,2017,3,19,6,일,1,0,108,18.0,17.0,9.0,8.0,59.666666666666664,24,64.0,9,62.0,8,0,ENV_YDST_108_HR_2017_2017_2018.csv
2017-03-20,2017,3,20,0,월,0,0,108,18.0,17.0,9.0,8.0,76.125,24,64.33333333333333,9,63.0,8,0,ENV_YDST_108_HR_2017_2017_2018.csv
2017-03-21,2017,3,21,1,화,0,1,108,18.0,17.0,9.0,8.0,79.58333333333333,24,60.22222222222222,9,62.375,8,0,ENV_YDST_108_HR_2017_2017_2018.csv
2017-03-22,2017,3,22,2,수,0,0,108,18.0,17.0,9.0,8.0,45.875,24,53.55555555555556,9,52.625,8,0,ENV_YDST_108_HR_2017_2017_2018.csv
2017-03-23,2017,3,23,3,목,0,0,108,18.0,17.0,9.0,8.0,63.791666666666664,24,75.11111111111111,9,75.125,8,0,ENV_YDST_108_HR_2017_2017_2018.csv
2017-03-24,2017,3,24,4,금,0,0,108,18.0,17.0,9.0,8.0,51.5,24,51.0,9,47.875,8,0,ENV_YDST_108_HR_2017_2017_2018.csv
2017-03-25,2017,3,25,5,토,1,0,108,18.0,17.0,9.0,8.0,52.333333333333336,24,49.888888888888886,9,50.75,8,0,ENV_YDST_108_HR_2017_2017_2018.csv
2017-03-26,2017,3,26,6,일,1,0,108,18.0,17.0,9.0,8.0,50.375,24,51.55555555555556,9,51.625,8,0,ENV_YDST_108_HR_2017_2017_2018.csv
2017-03-27,2017,3,27,0,월,0,0,108,18.0,17.0,9.0,8.0,62.083333333333336,24,72.44444444444444,9,78.625,8,0,ENV_YDST_108_HR_2017_2017_2018.csv
2017-03-28,2017,3,28,1,화,0,1,108,18.0,17.0,9.0,8.0,65.91666666666667,24,76.22222222222223,9,77.375,8,0,ENV_YDST_108_HR_2017_2017_2018.csv
2017-03-29,2017,3,29,2,수,0,0,108,18.0,17.0,9.0,8.0,48.291666666666664,24,52.888888888888886,9,51.25,8,0,ENV_YDST_108_HR_2017_2017_2018.csv
2017-03-30,2017,3,30,3,목,0,0,108,18.0,17.0,9.0,8.0,56.5,24,67.33333333333333,9,66.875,8,0,ENV_YDST_108_HR_2017_2017_2018.csv
2017-03-31,2017,3,31,4,금,0,0,108,18.0,17.0,9.0,8.0,48.63157894736842,19,56.42857142857143,9,56.42857142857143,8,0,ENV_YDST_108_HR_2017_2017_2018.csv
2017-04-01,2017,4,1,5,토,1,0,108,18.0,17.0,9.0,8.0,19.869565217391305,23,22.333333333333332,9,23.125,8,0,ENV_YDST_108_HR_2017_2017_2018.csv
2017-04-02,2017,4,2,6,일,1,0,108,18.0,17.0,9.0,8.0,38.875,24,43.22222222222222,9,41.125,8,0,ENV_YDST_108_HR_2017_2017_2018.csv
2017-04-03,2017,4,3,0,월,0,0,108,18.0,17.0,9.0,8.0,62.833333333333336,24,72.0,9,70.875,8,0,ENV_YDST_108_HR_2017_2017_2018.csv
2017-04-04,2017,4,4,1,화,0,1,108,18.0,17.0,9.0,8.0,60.125,24,66.88888888888889,9,67.125,8,0,ENV_YDST_108_HR_2017_2017_2018.csv
2017-04-05,2017,4,5,2,수,0,0,108,18.0,17.0,9.0,8.0,39.91304347826087,23,36.111111111111114,9,38.25,8,0,ENV_YDST_108_HR_2017_2017_2018.csv
2017-04-06,2017,4,6,3,목,0,0,108,18.0,17.0,9.0,8.0,23.0,23,29.444444444444443,9,29.25,8,0,ENV_YDST_108_HR_2017_2017_2018.csv
2017-04-07,2017,4,7,4,금,0,0,108,18.0,17.0,9.0,8.0,29.041666666666668,24,22.666666666666668,9,21.625,8,0,ENV_YDST_108_HR_2017_2017_2018.csv
2017-04-08,2017,4,8,5,토,1,0,108,18.0,17.0,9.0,8.0,50.166666666666664,24,56.0,9,55.0,8,0,ENV_YDST_108_HR_2017_2017_2018.csv
2017-04-09,2017,4,9,6,일,1,0,108,18.0,17.0,9.0,8.0,33.25,24,24.333333333333332,9,25.25,8,0,ENV_YDST_108_HR_2017_2017_2018.csv
2017-04-10,2017,4,10,0,월,0,0,108,18.0,17.0,9.0,8.0,24.75,24,19.77777777777778,9,20.75,8,0,ENV_YDST_108_HR_2017_2017_2018.csv
2017-04-11,2017,4,11,1,화,0,1,108,18.0,17.0,9.0,8.0,54.666666666666664,24,48.0,9,47.625,8,0,ENV_YDST_108_HR_2017_2017_2018.csv
2017-04-12,2017,4,12,2,수,0,0,108,18.0,17.0,9.0,8.0,67.0,24,75.55555555555556,9,73.875,8,0,ENV_YDST_108_HR_2017_2017_2018.csv
2017-04-13,2017,4,13,3,목,0,0,108,18.0,17.0,9.0,8.0,66.54166666666667,24,63.55555555555556,9,61.0,8,0,ENV_YDST_108_HR_2017_2017_2018.csv
2017-04-14,2017,4,14,4,금,0,0,108,18.0,17.0,9.0,8.0,51.791666666666664,24,44.111111111111114,9,44.5,8,0,ENV_YDST_108_HR_2017_2017_2018.csv
2017-04-15,2017,4,15,5,토,1,0,108,18.0,17.0,9.0,8.0,56.541666666666664,24,61.77777777777778,9,63.5,8,0,ENV_YDST_108_HR_2017_2017_2018.csv
2017-04-16,2017,4,16,6,일,1,0,108,18.0,17.0,9.0,8.0,50.875,24,51.333333333333336,9,52.5,8,0,ENV_YDST_108_HR_2017_2017_2018.csv
2017-04-17,2017,4,17,0,월,0,0,108,18.0,17.0,9.0,8.0,39.333333333333336,24,30.22222222222222,9,32.0,8,0,ENV_YDST_108_HR_2017_2017_2018.csv
2017-04-18,2017,4,18,1,화,0,1,108,18.0,17.0,9.0,8.0,30.5625,16,36.25,5,36.25,5,0,ENV_YDST_108_HR_2017_2017_2018.csv
2017-04-19,2017,4,19,2,수,0,0,108,18.0,17.0,9.0,8.0,77.16666666666667,24,79.77777777777777,9,83.0,8,0,ENV_YDST_108_HR_2017_2017_2018.csv
2017-04-20,2017,4,20,3,목,0,0,108,18.0,17.0,9.0,8.0,83.66666666666667,24,82.66666666666667,9,82.5,8,1,ENV_YDST_108_HR_2017_2017_2018.csv
2017-04-21,2017,4,21,4,금,0,0,108,18.0,17.0,9.0,8.0,64.54166666666667,24,67.44444444444444,9,66.125,8,0,ENV_YDST_108_HR_2017_2017_2018.csv
2017-04-22,2017,4,22,5,토,1,0,108,18.0,17.0,9.0,8.0,59.75,24,45.888888888888886,9,46.0,8,0,ENV_YDST_108_HR_2017_2017_2018.csv
2017-04-23,2017,4,23,6,일,1,0,108,18.0,17.0,9.0,8.0,46.041666666666664,24,45.77777777777778,9,47.0,8,0,ENV_YDST_108_HR_2017_2017_2018.csv
2017-04-24,2017,4,24,0,월,0,0,108,18.0,17.0,9.0,8.0,41.666666666666664,24,55.888888888888886,9,56.0,8,0,ENV_YDST_108_HR_2017_2017_2018.csv
2017-04-25,2017,4,25,1,화,0,1,108,18.0,17.0,9.0,8.0,44.888888888888886,18,50.0,4,48.5,3,0,ENV_YDST_108_HR_2017_2017_2018.csv
2017-04-26,2017,4,26,2,수,0,0,108,18.0,17.0,9.0,8.0,44.125,24,36.22222222222222,9,34.25,8,0,ENV_YDST_108_HR_2017_2017_2018.csv
2017-04-27,2017,4,27,3,목,0,0,108,18.0,17.0,9.0,8.0,46.708333333333336,24,54.333333333333336,9,51.5,8,0,ENV_YDST_108_HR_2017_2017_2018.csv
2017-04-28,2017,4,28,4,금,0,0,108,18.0,17.0,9.0,8.0,57.916666666666664,24,62.0,9,59.875,8,0,ENV_YDST_108_HR_2017_2017_2018.csv
2017-04-29,2017,4,29,5,토,1,0,108,18.0,17.0,9.0,8.0,56.958333333333336,24,57.0,9,60.75,8,0,ENV_YDST_108_HR_2017_2017_2018.csv
2017-04-30,2017,4,30,6,일,1,0,108,18.0,17.0,9.0,8.0,81.375,24,77.77777777777777,9,77.375,8,0,ENV_YDST_108_HR_2017_2017_2018.csv
2017-05-01,2017,5,1,0,월,0,0,108,18.0,17.0,9.0,8.0,79.95833333333333,24,63.0,9,61.875,8,0,ENV_YDST_108_HR_2017_2017_2018.csv
2017-05-02,2017,5,2,1,화,0,1,108,18.0,17.0,9.0,8.0,90.375,24,90.11111111111111,9,86.0,8,1,ENV_YDST_108_HR_2017_2017_2018.csv
2017-05-03,2017,5,3,2,수,0,0,108,18.0,17.0,9.0,8.0,63.375,24,72.33333333333333,9,69.25,8,0,ENV_YDST_108_HR_2017_2017_2018.csv
2017-05-04,2017,5,4,3,목,0,0,108,18.0,17.0,9.0,8.0,59.041666666666664,24,56.0,9,54.25,8,0,ENV_YDST_108_HR_2017_2017_2018.csv
2017-05-05,2017,5,5,4,금,0,0,108,18.0,17.0,9.0,8.0,45.13636363636363,22,42.57142857142857,9,42.0,8,0,ENV_YDST_108_HR_2017_2017_2018.csv
2017-05-06,2017,5,6,5,토,1,0,108,18.0,17.0,9.0,8.0,202.91666666666666,24,217.66666666666666,9,224.75,8,1,ENV_YDST_108_HR_2017_2017_2018.csv
2017-05-07,2017,5,7,6,일,1,0,108,18.0,17.0,9.0,8.0,90.91666666666667,24,117.11111111111111,9,121.0,8,1,ENV_YDST_108_HR_2017_2017_2018.csv
2017-05-08,2017,5,8,0,월,0,0,108,18.0,17.0,9.0,8.0,164.58333333333334,24,221.0,9,222.375,8,1,ENV_YDST_108_HR_2017_2017_2018.csv
2017-05-09,2017,5,9,1,화,0,1,108,18.0,17.0,9.0,8.0,128.33333333333334,24,135.88888888888889,9,140.125,8,1,ENV_YDST_108_HR_2017_2017_2018.csv
2017-05-10,2017,5,10,2,수,0,0,108,18.0,17.0,9.0,8.0,38.708333333333336,24,39.333333333333336,9,38.625,8,0,ENV_YDST_108_HR_2017_2017_2018.csv
2017-05-11,2017,5,11,3,목,0,0,108,18.0,17.0,9.0,8.0,62.833333333333336,24,69.22222222222223,9,68.125,8,0,ENV_YDST_108_HR_2017_2017_2018.csv
2017-05-12,2017,5,12,4,금,0,0,108,18.0,17.0,9.0,8.0,65.41666666666667,24,60.22222222222222,9,60.75,8,0,ENV_YDST_108_HR_2017_2017_2018.csv
2017-05-13,2017,5,13,5,토,1,0,108,18.0,17.0,9.0,8.0,46.93333333333333,15,38.833333333333336,7,38.833333333333336,7,0,ENV_YDST_108_HR_2017_2017_2018.csv
2017-05-14,2017,5,14,6,일,1,0,108,18.0,17.0,9.0,8.0,53.86363636363637,22,61.77777777777778,9,62.375,8,0,ENV_YDST_108_HR_2017_2017_2018.csv
2017-05-15,2017,5,15,0,월,0,0,108,18.0,17.0,9.0,8.0,43.791666666666664,24,52.77777777777778,9,56.125,8,0,ENV_YDST_108_HR_2017_2017_2018.csv
2017-05-16,2017,5,16,1,화,0,1,108,18.0,17.0,9.0,8.0,32.833333333333336,24,36.44444444444444,9,36.625,8,0,ENV_YDST_108_HR_2017_2017_2018.csv
2017-05-17,2017,5,17,2,수,0,0,108,18.0,17.0,9.0,8.0,34.583333333333336,24,39.888888888888886,9,39.375,8,0,ENV_YDST_108_HR_2017_2017_2018.csv
2017-05-18,2017,5,18,3,목,0,0,108,18.0,17.0,9.0,8.0,44.541666666666664,24,54.333333333333336,9,53.5,8,0,ENV_YDST_108_HR_2017_2017_2018.csv
2017-05-19,2017,5,19,4,금,0,0,108,18.0,17.0,9.0,8.0,43.708333333333336,24,49.22222222222222,9,48.625,8,0,ENV_YDST_108_HR_2017_2017_2018.csv
2017-05-20,2017,5,20,5,토,1,0,108,18.0,17.0,9.0,8.0,34.708333333333336,24,39.44444444444444,9,40.375,8,0,ENV_YDST_108_HR_2017_2017_2018.csv
2017-05-21,2017,5,21,6,일,1,0,108,18.0,17.0,9.0,8.0,27.958333333333332,24,25.22222222222222,9,25.75,8,0,ENV_YDST_108_HR_2017_2017_2018.csv
2017-05-22,2017,5,22,0,월,0,0,108,18.0,17.0,9.0,8.0,35.22727272727273,22,52.142857142857146,9,53.333333333333336,8,0,ENV_YDST_108_HR_2017_2017_2018.csv
2017-05-23,2017,5,23,1,화,0,1,108,18.0,17.0,9.0,8.0,30.208333333333332,24,34.888888888888886,9,35.75,8,0,ENV_YDST_108_HR_2017_2017_2018.csv
2017-05-24,2017,5,24,2,수,0,0,108,18.0,17.0,9.0,8.0,24.125,24,22.22222222222222,9,21.375,8,0,ENV_YDST_108_HR_2017_2017_2018.csv
2017-05-25,2017,5,25,3,목,0,0,108,18.0,17.0,9.0,8.0,35.73913043478261,23,41.625,9,41.285714285714285,8,0,ENV_YDST_108_HR_2017_2017_2018.csv
2017-05-26,2017,5,26,4,금,0,0,108,18.0,17.0,9.0,8.0,24.75,24,29.333333333333332,9,29.0,8,0,ENV_YDST_108_HR_2017_2017_2018.csv
2017-05-27,2017,5,27,5,토,1,0,108,18.0,17.0,9.0,8.0,31.041666666666668,24,33.22222222222222,9,33.75,8,0,ENV_YDST_108_HR_2017_2017_2018.csv
2017-05-28,2017,5,28,6,일,1,0,108,18.0,17.0,9.0,8.0,39.25,24,44.666666666666664,9,42.625,8,0,ENV_YDST_108_HR_2017_2017_2018.csv
2017-05-29,2017,5,29,0,월,0,0,108,18.0,17.0,9.0,8.0,59.458333333333336,24,72.0,9,73.0,8,0,ENV_YDST_108_HR_2017_2017_2018.csv
2017-05-30,2017,5,30,1,화,0,1,108,18.0,17.0,9.0,8.0,46.791666666666664,24,53.333333333333336,9,54.0,8,0,ENV_YDST_108_HR_2017_2017_2018.csv
2017-05-31,2017,5,31,2,수,0,0,108,18.0,17.0,9.0,8.0,33.208333333333336,24,41.22222222222222,9,40.75,8,0,ENV_YDST_108_HR_2017_2017_2018.csv
2017-06-01,2017,6,1,3,목,0,0,108,18.5,17.5,9.5,8.5,33.40909090909091,22,43.0,10,43.0,9,0,ENV_YDST_108_HR_2017_2017_2018.csv
2017-06-02,2017,6,2,4,금,0,0,108,18.5,17.5,9.5,8.5,28.208333333333332,24,29.8,10,29.0,9,0,ENV_YDST_108_HR_2017_2017_2018.csv
2017-06-03,2017,6,3,5,토,1,0,108,18.5,17.5,9.5,8.5,30.166666666666668,24,36.0,10,35.44444444444444,9,0,ENV_YDST_108_HR_2017_2017_2018.csv
2017-06-04,2017,6,4,6,일,1,0,108,18.5,17.5,9.5,8.5,27.25,24,24.5,10,24.11111111111111,9,0,ENV_YDST_108_HR_2017_2017_2018.csv
2017-06-05,2017,6,5,0,월,0,0,108,18.5,17.5,9.5,8.5,26.08695652173913,23,31.555555555555557,10,32.25,9,0,ENV_YDST_108_HR_2017_2017_2018.csv
2017-06-06,2017,6,6,1,화,0,1,108,18.5,17.5,9.5,8.5,18.375,24,23.6,10,24.555555555555557,9,0,ENV_YDST_108_HR_2017_2017_2018.csv
2017-06-07,2017,6,7,2,수,0,0,108,18.5,17.5,9.5,8.5,15.0,21,17.444444444444443,10,17.125,9,0,ENV_YDST_108_HR_2017_2017_2018.csv
2017-06-08,2017,6,8,3,목,0,0,108,18.5,17.5,9.5,8.5,34.25,24,44.0,10,45.22222222222222,9,0,ENV_YDST_108_HR_2017_2017_2018.csv
2017-06-09,2017,6,9,4,금,0,0,108,18.5,17.5,9.5,8.5,52.041666666666664,24,54.2,10,54.666666666666664,9,0,ENV_YDST_108_HR_2017_2017_2018.csv
2017-06-10,2017,6,10,5,토,1,0,108,18.5,17.5,9.5,8.5,43.333333333333336,24,36.3,10,37.888888888888886,9,0,ENV_YDST_108_HR_2017_2017_2018.csv
2017-06-11,2017,6,11,6,일,1,0,108,18.5,17.5,9.5,8.5,28.25,24,28.2,10,27.88888888888889,9,0,ENV_YDST_108_HR_2017_2017_2018.csv
2017-06-12,2017,6,12,0,월,0,0,108,18.5,17.5,9.5,8.5,27.0,24,27.9,10,25.88888888888889,9,0,ENV_YDST_108_HR_2017_2017_2018.csv
2017-06-13,2017,6,13,1,화,0,1,108,18.5,17.5,9.5,8.5,30.75,24,37.0,10,37.77777777777778,9,0,ENV_YDST_108_HR_2017_2017_2018.csv
2017-06-14,2017,6,14,2,수,0,0,108,18.5,17.5,9.5,8.5,40.458333333333336,24,46.9,10,47.333333333333336,9,0,ENV_YDST_108_HR_2017_2017_2018.csv
2017-06-15,2017,6,15,3,목,0,0,108,18.5,17.5,9.5,8.5,45.958333333333336,24,48.6,10,48.44444444444444,9,0,ENV_YDST_108_HR_2017_2017_2018.csv
2017-06-16,2017,6,16,4,금,0,0,108,18.5,17.5,9.5,8.5,59.083333333333336,24,69.3,10,67.22222222222223,9,0,ENV_YDST_108_HR_2017_2017_2018.csv
2017-06-17,2017,6,17,5,토,1,0,108,18.5,17.5,9.5,8.5,46.125,24,54.5,10,56.44444444444444,9,0,ENV_YDST_108_HR_2017_2017_2018.csv
2017-06-18,2017,6,18,6,일,1,0,108,18.5,17.5,9.5,8.5,39.5,24,39.1,10,39.22222222222222,9,0,ENV_YDST_108_HR_2017_2017_2018.csv
2017-06-19,2017,6,19,0,월,0,0,108,18.5,17.5,9.5,8.5,47.333333333333336,24,50.8,10,52.111111111111114,9,0,ENV_YDST_108_HR_2017_2017_2018.csv
2017-06-20,2017,6,20,1,화,0,1,108,18.5,17.5,9.5,8.5,43.916666666666664,24,51.3,10,50.666666666666664,9,0,ENV_YDST_108_HR_2017_2017_2018.csv
2017-06-21,2017,6,21,2,수,0,0,108,18.5,17.5,9.5,8.5,49.75,24,55.9,10,56.666666666666664,9,0,ENV_YDST_108_HR_2017_2017_2018.csv
2017-06-22,2017,6,22,3,목,0,0,108,18.5,17.5,9.5,8.5,35.541666666666664,24,41.9,10,42.44444444444444,9,0,ENV_YDST_108_HR_2017_2017_2018.csv
2017-06-23,2017,6,23,4,금,0,0,108,18.5,17.5,9.5,8.5,40.083333333333336,24,49.1,10,48.22222222222222,9,0,ENV_YDST_108_HR_2017_2017_2018.csv
2017-06-24,2017,6,24,5,토,1,0,108,18.5,17.5,9.5,8.5,35.458333333333336,24,38.9,10,38.888888888888886,9,0,ENV_YDST_108_HR_2017_2017_2018.csv
2017-06-25,2017,6,25,6,일,1,0,108,18.5,17.5,9.5,8.5,30.9,20,28.7,10,29.444444444444443,9,0,ENV_YDST_108_HR_2017_2017_2018.csv
2017-06-26,2017,6,26,0,월,0,0,108,18.5,17.5,9.5,8.5,16.272727272727273,11,18.375,9,18.375,9,0,ENV_YDST_108_HR_2017_2017_2018.csv
2017-06-27,2017,6,27,1,화,0,1,108,18.5,17.5,9.5,8.5,23.31578947368421,19,28.1,10,26.88888888888889,9,0,ENV_YDST_108_HR_2017_2017_2018.csv
2017-06-28,2017,6,28,2,수,0,0,108,18.5,17.5,9.5,8.5,37.733333333333334,15,43.2,6,43.2,6,0,ENV_YDST_108_HR_2017_2017_2018.csv
2017-06-29,2017,6,29,3,목,0,0,108,18.5,17.5,9.5,8.5,39.56521739130435,23,44.2,10,42.666666666666664,9,0,ENV_YDST_108_HR_2017_2017_2018.csv
2017-06-30,2017,6,30,4,금,0,0,108,18.5,17.5,9.5,8.5,45.541666666666664,24,48.0,10,48.888888888888886,9,0,ENV_YDST_108_HR_2017_2017_2018.csv
2017-07-01,2017,7,1,5,토,1,0,108,18.5,17.5,9.5,8.5,36.541666666666664,24,42.9,10,40.666666666666664,9,0,ENV_YDST_108_HR_2017_2017_2018.csv
2017-07-02,2017,7,2,6,일,1,0,108,18.5,17.5,9.5,8.5,21.772727272727273,22,19.8,10,18.77777777777778,9,0,ENV_YDST_108_HR_2017_2017_2018.csv
2017-07-03,2017,7,3,0,월,0,0,108,18.5,17.5,9.5,8.5,17.25,12,16.0,8,15.833333333333334,7,0,ENV_YDST_108_HR_2017_2017_2018.csv
2017-07-04,2017,7,4,1,화,0,1,108,18.5,17.5,9.5,8.5,27.666666666666668,24,28.5,10,28.333333333333332,9,0,ENV_YDST_108_HR_2017_2017_2018.csv
2017-07-05,2017,7,5,2,수,0,0,108,18.5,17.5,9.5,8.5,39.125,24,53.0,10,50.77777777777778,9,0,ENV_YDST_108_HR_2017_2017_2018.csv
2017-07-06,2017,7,6,3,목,0,0,108,18.5,17.5,9.5,8.5,46.05263157894737,19,48.9,10,48.0,9,0,ENV_YDST_108_HR_2017_2017_2018.csv
2017-07-07,2017,7,7,4,금,0,0,108,18.5,17.5,9.5,8.5,13.38888888888889,18,15.6,10,15.333333333333334,9,0,ENV_YDST_108_HR_2017_2017_2018.csv
2017-07-08,2017,7,8,5,토,1,0,108,18.5,17.5,9.5,8.5,22.434782608695652,23,26.11111111111111,10,26.75,9,0,ENV_YDST_108_HR_2017_2017_2018.csv
2017-07-09,2017,7,9,6,일,1,0,108,18.5,17.5,9.5,8.5,22.2,5,28.5,4,28.5,4,0,ENV_YDST_108_HR_2017_2017_2018.csv
2017-07-11,2017,7,11,1,화,0,1,108,18.5,17.5,9.5,8.5,37.8235294117647,17,34.6,10,30.444444444444443,9,0,ENV_YDST_108_HR_2017_2017_2018.csv
2017-07-12,2017,7,12,2,수,0,0,108,18.5,17.5,9.5,8.5,41.916666666666664,24,48.8,10,49.44444444444444,9,0,ENV_YDST_108_HR_2017_2017_2018.csv
2017-07-13,2017,7,13,3,목,0,0,108,18.5,17.5,9.5,8.5,42.791666666666664,24,49.4,10,48.22222222222222,9,0,ENV_YDST_108_HR_2017_2017_2018.csv
2017-07-14,2017,7,14,4,금,0,0,108,18.5,17.5,9.5,8.5,40.875,24,37.8,10,37.333333333333336,9,0,ENV_YDST_108_HR_2017_2017_2018.csv
2017-07-15,2017,7,15,5,토,1,0,108,18.5,17.5,9.5,8.5,17.82608695652174,23,18.4,10,19.0,9,0,ENV_YDST_108_HR_2017_2017_2018.csv
2017-07-16,2017,7,16,6,일,1,0,108,18.5,17.5,9.5,8.5,17.0,11,11.666666666666666,3,9.5,2,0,ENV_YDST_108_HR_2017_2017_2018.csv
2017-07-17,2017,7,17,0,월,0,0,108,18.5,17.5,9.5,8.5,17.954545454545453,22,19.88888888888889,10,19.88888888888889,9,0,ENV_YDST_108_HR_2017_2017_2018.csv
2017-07-18,2017,7,18,1,화,0,1,108,18.5,17.5,9.5,8.5,23.125,24,27.4,10,27.666666666666668,9,0,ENV_YDST_108_HR_2017_2017_2018.csv
2017-07-19,2017,7,19,2,수,0,0,108,18.5,17.5,9.5,8.5,32.916666666666664,24,34.0,10,33.0,9,0,ENV_YDST_108_HR_2017_2017_2018.csv
2017-07-20,2017,7,20,3,목,0,0,108,18.5,17.5,9.5,8.5,46.125,24,48.8,10,49.55555555555556,9,0,ENV_YDST_108_HR_2017_2017_2018.csv
2017-07-21,2017,7,21,4,금,0,0,108,18.5,17.5,9.5,8.5,50.416666666666664,24,53.2,10,53.888888888888886,9,0,ENV_YDST_108_HR_2017_2017_2018.csv
2017-07-22,2017,7,22,5,토,1,0,108,18.5,17.5,9.5,8.5,48.25,24,43.4,10,43.55555555555556,9,0,ENV_YDST_108_HR_2017_2017_2018.csv
2017-07-23,2017,7,23,6,일,1,0,108,18.5,17.5,9.5,8.5,45.0,9,,0,,0,0,ENV_YDST_108_HR_2017_2017_2018.csv
2017-07-24,2017,7,24,0,월,0,0,108,18.5,17.5,9.5,8.5,28.125,24,26.4,10,26.444444444444443,9,0,ENV_YDST_108_HR_2017_2017_2018.csv
2017-07-25,2017,7,25,1,화,0,1,108,18.5,17.5,9.5,8.5,25.90909090909091,22,19.1,10,19.666666666666668,9,0,ENV_YDST_108_HR_2017_2017_2018.csv
2017-07-26,2017,7,26,2,수,0,0,108,18.5,17.5,9.5,8.5,15.863636363636363,22,21.3,10,21.77777777777778,9,0,ENV_YDST_108_HR_2017_2017_2018.csv
2017-07-27,2017,7,27,3,목,0,0,108,18.5,17.5,9.5,8.5,26.041666666666668,24,29.1,10,28.22222222222222,9,0,ENV_YDST_108_HR_2017_2017_2018.csv
2017-07-28,2017,7,28,4,금,0,0,108,18.5,17.5,9.5,8.5,26.0,24,18.1,10,17.11111111111111,9,0,ENV_YDST_108_HR_2017_2017_2018.csv
2017-07-29,2017,7,29,5,토,1,0,108,18.5,17.5,9.5,8.5,13.375,24,12.1,10,12.666666666666666,9,0,ENV_YDST_108_HR_2017_2017_2018.csv
2017-07-30,2017,7,30,6,일,1,0,108,18.5,17.5,9.5,8.5,20.08695652173913,23,27.2,10,27.22222222222222,9,0,ENV_YDST_108_HR_2017_2017_2018.csv
2017-07-31,2017,7,31,0,월,0,0,108,18.5,17.5,9.5,8.5,20.416666666666668,24,13.4,10,14.0,9,0,ENV_YDST_108_HR_2017_2017_2018.csv
2017-08-01,2017,8,1,1,화,0,1,108,18.5,17.5,9.5,8.5,20.916666666666668,24,19.0,10,17.77777777777778,9,0,ENV_YDST_108_HR_2017_2017_2018.csv
2017-08-02,2017,8,2,2,수,0,0,108,18.5,17.5,9.5,8.5,32.75,24,29.4,10,27.77777777777778,9,0,ENV_YDST_108_HR_2017_2017_2018.csv
2017-08-03,2017,8,3,3,목,0,0,108,18.5,17.5,9.5,8.5,23.458333333333332,24,22.9,10,24.0,9,0,ENV_YDST_108_HR_2017_2017_2018.csv
2017-08-04,2017,8,4,4,금,0,0,108,18.5,17.5,9.5,8.5,22.863636363636363,22,27.9,10,27.555555555555557,9,0,ENV_YDST_108_HR_2017_2017_2018.csv
2017-08-05,2017,8,5,5,토,1,0,108,18.5,17.5,9.5,8.5,27.375,24,27.9,10,28.666666666666668,9,0,ENV_YDST_108_HR_2017_2017_2018.csv
2017-08-06,2017,8,6,6,일,1,0,108,18.5,17.5,9.5,8.5,22.791666666666668,24,17.6,10,17.0,9,0,ENV_YDST_108_HR_2017_2017_2018.csv
2017-08-07,2017,8,7,0,월,0,0,108,18.5,17.5,9.5,8.5,28.416666666666668,24,25.7,10,25.666666666666668,9,0,ENV_YDST_108_HR_2017_2017_2018.csv
2017-08-08,2017,8,8,1,화,0,1,108,18.5,17.5,9.5,8.5,37.208333333333336,24,41.3,10,42.22222222222222,9,0,ENV_YDST_108_HR_2017_2017_2018.csv
2017-08-09,2017,8,9,2,수,0,0,108,18.5,17.5,9.5,8.5,31.458333333333332,24,28.7,10,29.444444444444443,9,0,ENV_YDST_108_HR_2017_2017_2018.csv
2017-08-10,2017,8,10,3,목,0,0,108,18.5,17.5,9.5,8.5,7.315789473684211,19,6.6,10,6.444444444444445,9,0,ENV_YDST_108_HR_2017_2017_2018.csv
2017-08-11,2017,8,11,4,금,0,0,108,18.5,17.5,9.5,8.5,11.916666666666666,12,12.285714285714286,10,10.5,9,0,ENV_YDST_108_HR_2017_2017_2018.csv
2017-08-12,2017,8,12,5,토,1,0,108,18.5,17.5,9.5,8.5,9.7,20,10.7,10,10.88888888888889,9,0,ENV_YDST_108_HR_2017_2017_2018.csv
2017-08-13,2017,8,13,6,일,1,0,108,18.5,17.5,9.5,8.5,8.217391304347826,23,9.4,10,9.555555555555555,9,0,ENV_YDST_108_HR_2017_2017_2018.csv
2017-08-14,2017,8,14,0,월,0,0,108,18.5,17.5,9.5,8.5,7.190476190476191,21,9.222222222222221,10,9.222222222222221,9,0,ENV_YDST_108_HR_2017_2017_2018.csv
2017-08-15,2017,8,15,1,화,0,1,108,18.5,17.5,9.5,8.5,7.666666666666667,9,5.0,2,5.0,2,0,ENV_YDST_108_HR_2017_2017_2018.csv
2017-08-16,2017,8,16,2,수,0,0,108,18.5,17.5,9.5,8.5,8.166666666666666,12,9.571428571428571,10,9.571428571428571,9,0,ENV_YDST_108_HR_2017_2017_2018.csv
2017-08-17,2017,8,17,3,목,0,0,108,18.5,17.5,9.5,8.5,12.333333333333334,18,12.1,10,11.88888888888889,9,0,ENV_YDST_108_HR_2017_2017_2018.csv
2017-08-18,2017,8,18,4,금,0,0,108,18.5,17.5,9.5,8.5,24.083333333333332,24,24.5,10,23.333333333333332,9,0,ENV_YDST_108_HR_2017_2017_2018.csv
2017-08-19,2017,8,19,5,토,1,0,108,18.5,17.5,9.5,8.5,22.166666666666668,24,21.7,10,21.666666666666668,9,0,ENV_YDST_108_HR_2017_2017_2018.csv
2017-08-20,2017,8,20,6,일,1,0,108,18.5,17.5,9.5,8.5,10.083333333333334,24,7.5,10,7.333333333333333,9,0,ENV_YDST_108_HR_2017_2017_2018.csv
2017-08-21,2017,8,21,0,월,0,0,108,18.5,17.5,9.5,8.5,10.956521739130435,23,12.555555555555555,10,12.125,9,0,ENV_YDST_108_HR_2017_2017_2018.csv
2017-08-22,2017,8,22,1,화,0,1,108,18.5,17.5,9.5,8.5,15.0,11,13.0,3,13.0,3,0,ENV_YDST_108_HR_2017_2017_2018.csv
2017-08-23,2017,8,23,2,수,0,0,108,18.5,17.5,9.5,8.5,16.733333333333334,15,15.833333333333334,8,13.8,7,0,ENV_YDST_108_HR_2017_2017_2018.csv
2017-08-24,2017,8,24,3,목,0,0,108,18.5,17.5,9.5,8.5,15.869565217391305,23,17.444444444444443,10,17.444444444444443,9,0,ENV_YDST_108_HR_2017_2017_2018.csv
2017-08-25,2017,8,25,4,금,0,0,108,18.5,17.5,9.5,8.5,24.583333333333332,24,23.2,10,22.444444444444443,9,0,ENV_YDST_108_HR_2017_2017_2018.csv
2017-08-26,2017,8,26,5,토,1,0,108,18.5,17.5,9.5,8.5,23.291666666666668,24,25.0,10,24.555555555555557,9,0,ENV_YDST_108_HR_2017_2017_2018.csv
2017-08-27,2017,8,27,6,일,1,0,108,18.5,17.5,9.5,8.5,22.041666666666668,24,24.4,10,24.666666666666668,9,0,ENV_YDST_108_HR_2017_2017_2018.csv
2017-08-28,2017,8,28,0,월,0,0,108,18.5,17.5,9.5,8.5,24.625,24,31.7,10,32.44444444444444,9,0,ENV_YDST_108_HR_2017_2017_2018.csv
2017-08-29,2017,8,29,1,화,0,1,108,18.5,17.5,9.5,8.5,16.291666666666668,24,20.4,10,19.666666666666668,9,0,ENV_YDST_108_HR_2017_2017_2018.csv
2017-08-30,2017,8,30,2,수,0,0,108,18.5,17.5,9.5,8.5,23.708333333333332,24,28.4,10,29.333333333333332,9,0,ENV_YDST_108_HR_2017_2017_2018.csv
2017-08-31,2017,8,31,3,목,0,0,108,18.5,17.5,9.5,8.5,33.583333333333336,24,37.7,10,38.22222222222222,9,0,ENV_YDST_108_HR_2017_2017_2018.csv
2017-09-01,2017,9,1,4,금,0,0,108,18.0,17.0,9.0,8.0,21.652173913043477,23,19.875,9,19.875,8,0,ENV_YDST_108_HR_2017_2017_2018.csv
2017-09-02,2017,9,2,5,토,1,0,108,18.0,17.0,9.0,8.0,26.0,24,18.0,9,18.25,8,0,ENV_YDST_108_HR_2017_2017_2018.csv
2017-09-03,2017,9,3,6,일,1,0,108,18.0,17.0,9.0,8.0,30.5,24,25.77777777777778,9,25.375,8,0,ENV_YDST_108_HR_2017_2017_2018.csv
2017-09-04,2017,9,4,0,월,0,0,108,18.0,17.0,9.0,8.0,28.791666666666668,24,19.77777777777778,9,19.75,8,0,ENV_YDST_108_HR_2017_2017_2018.csv
2017-09-05,2017,9,5,1,화,0,1,108,18.0,17.0,9.0,8.0,24.458333333333332,24,23.666666666666668,9,24.25,8,0,ENV_YDST_108_HR_2017_2017_2018.csv
2017-09-06,2017,9,6,2,수,0,0,108,18.0,17.0,9.0,8.0,24.75,24,30.77777777777778,9,33.625,8,0,ENV_YDST_108_HR_2017_2017_2018.csv
2017-09-07,2017,9,7,3,목,0,0,108,18.0,17.0,9.0,8.0,33.291666666666664,24,37.666666666666664,9,37.375,8,0,ENV_YDST_108_HR_2017_2017_2018.csv
2017-09-08,2017,9,8,4,금,0,0,108,18.0,17.0,9.0,8.0,46.25,24,36.888888888888886,9,37.625,8,0,ENV_YDST_108_HR_2017_2017_2018.csv
2017-09-09,2017,9,9,5,토,1,0,108,18.0,17.0,9.0,8.0,53.875,24,60.44444444444444,9,60.75,8,0,ENV_YDST_108_HR_2017_2017_2018.csv
2017-09-10,2017,9,10,6,일,1,0,108,18.0,17.0,9.0,8.0,46.291666666666664,24,48.0,9,48.5,8,0,ENV_YDST_108_HR_2017_2017_2018.csv
2017-09-11,2017,9,11,0,월,0,0,108,18.0,17.0,9.0,8.0,25.083333333333332,12,15.333333333333334,3,15.333333333333334,3,0,ENV_YDST_108_HR_2017_2017_2018.csv
2017-09-12,2017,9,12,1,화,0,1,108,18.0,17.0,9.0,8.0,18.0,3,,0,,0,0,ENV_YDST_108_HR_2017_2017_2018.csv
2017-09-13,2017,9,13,2,수,0,0,108,18.0,17.0,9.0,8.0,24.125,24,28.666666666666668,9,28.125,8,0,ENV_YDST_108_HR_2017_2017_2018.csv
2017-09-14,2017,9,14,3,목,0,0,108,18.0,17.0,9.0,8.0,29.041666666666668,24,34.55555555555556,9,35.0,8,0,ENV_YDST_108_HR_2017_2017_2018.csv
2017-09-15,2017,9,15,4,금,0,0,108,18.0,17.0,9.0,8.0,15.458333333333334,24,18.333333333333332,9,18.0,8,0,ENV_YDST_108_HR_2017_2017_2018.csv
2017-09-16,2017,9,16,5,토,1,0,108,18.0,17.0,9.0,8.0,9.91304347826087,23,13.88888888888889,9,14.25,8,0,ENV_YDST_108_HR_2017_2017_2018.csv
2017-09-17,2017,9,17,6,일,1,0,108,18.0,17.0,9.0,8.0,9.590909090909092,22,12.5,9,12.714285714285714,8,0,ENV_YDST_108_HR_2017_2017_2018.csv
2017-09-18,2017,9,18,0,월,0,0,108,18.0,17.0,9.0,8.0,19.625,24,26.0,9,25.875,8,0,ENV_YDST_108_HR_2017_2017_2018.csv
2017-09-19,2017,9,19,1,화,0,1,108,18.0,17.0,9.0,8.0,58.0,21,79.33333333333333,9,78.875,8,0,ENV_YDST_108_HR_2017_2017_2018.csv
2017-09-20,2017,9,20,2,수,0,0,108,18.0,17.0,9.0,8.0,17.1875,16,17.444444444444443,9,17.0,8,0,ENV_YDST_108_HR_2017_2017_2018.csv
2017-09-21,2017,9,21,3,목,0,0,108,18.0,17.0,9.0,8.0,26.75,24,28.0,9,28.125,8,0,ENV_YDST_108_HR_2017_2017_2018.csv
2017-09-22,2017,9,22,4,금,0,0,108,18.0,17.0,9.0,8.0,30.0,24,28.666666666666668,9,28.25,8,0,ENV_YDST_108_HR_2017_2017_2018.csv
2017-09-23,2017,9,23,5,토,1,0,108,18.0,17.0,9.0,8.0,52.416666666666664,24,52.44444444444444,9,48.25,8,0,ENV_YDST_108_HR_2017_2017_2018.csv
2017-09-24,2017,9,24,6,일,1,0,108,18.0,17.0,9.0,8.0,59.541666666666664,24,64.77777777777777,9,65.125,8,0,ENV_YDST_108_HR_2017_2017_2018.csv
2017-09-25,2017,9,25,0,월,0,0,108,18.0,17.0,9.0,8.0,41.458333333333336,24,39.333333333333336,9,39.0,8,0,ENV_YDST_108_HR_2017_2017_2018.csv
2017-09-26,2017,9,26,1,화,0,1,108,18.0,17.0,9.0,8.0,43.875,24,44.44444444444444,9,43.25,8,0,ENV_YDST_108_HR_2017_2017_2018.csv
2017-09-27,2017,9,27,2,수,0,0,108,18.0,17.0,9.0,8.0,40.21739130434783,23,38.44444444444444,9,37.25,8,0,ENV_YDST_108_HR_2017_2017_2018.csv
2017-09-28,2017,9,28,3,목,0,0,108,18.0,17.0,9.0,8.0,20.75,24,24.77777777777778,9,20.75,8,0,ENV_YDST_108_HR_2017_2017_2018.csv
2017-09-29,2017,9,29,4,금,0,0,108,18.0,17.0,9.0,8.0,21.958333333333332,24,25.0,9,25.875,8,0,ENV_YDST_108_HR_2017_2017_2018.csv
2017-09-30,2017,9,30,5,토,1,0,108,18.0,17.0,9.0,8.0,34.166666666666664,24,38.888888888888886,9,37.875,8,0,ENV_YDST_108_HR_2017_2017_2018.csv
2017-10-01,2017,10,1,6,일,1,0,108,18.0,17.0,9.0,8.0,32.208333333333336,24,29.11111111111111,9,30.125,8,0,ENV_YDST_108_HR_2017_2017_2018.csv
2017-10-02,2017,10,2,0,월,0,0,108,18.0,17.0,9.0,8.0,17.869565217391305,23,14.444444444444445,9,14.125,8,0,ENV_YDST_108_HR_2017_2017_2018.csv
2017-10-03,2017,10,3,1,화,0,1,108,18.0,17.0,9.0,8.0,37.25,24,34.22222222222222,9,35.375,8,0,ENV_YDST_108_HR_2017_2017_2018.csv
2017-10-04,2017,10,4,2,수,0,0,108,18.0,17.0,9.0,8.0,23.291666666666668,24,20.11111111111111,9,20.625,8,0,ENV_YDST_108_HR_2017_2017_2018.csv
2017-10-05,2017,10,5,3,목,0,0,108,18.0,17.0,9.0,8.0,13.25,24,16.22222222222222,9,16.125,8,0,ENV_YDST_108_HR_2017_2017_2018.csv
2017-10-06,2017,10,6,4,금,0,0,108,18.0,17.0,9.0,8.0,12.695652173913043,23,14.666666666666666,9,15.25,8,0,ENV_YDST_108_HR_2017_2017_2018.csv
2017-10-07,2017,10,7,5,토,1,0,108,18.0,17.0,9.0,8.0,10.0625,16,7.428571428571429,9,7.428571428571429,8,0,ENV_YDST_108_HR_2017_2017_2018.csv
2017-10-08,2017,10,8,6,일,1,0,108,18.0,17.0,9.0,8.0,17.708333333333332,24,18.444444444444443,9,18.375,8,0,ENV_YDST_108_HR_2017_2017_2018.csv
2017-10-09,2017,10,9,0,월,0,0,108,18.0,17.0,9.0,8.0,23.208333333333332,24,23.11111111111111,9,23.125,8,0,ENV_YDST_108_HR_2017_2017_2018.csv
2017-10-10,2017,10,10,1,화,0,1,108,18.0,17.0,9.0,8.0,27.625,24,27.11111111111111,9,26.125,8,0,ENV_YDST_108_HR_2017_2017_2018.csv
2017-10-11,2017,10,11,2,수,0,0,108,18.0,17.0,9.0,8.0,10.631578947368421,19,7.5,9,7.142857142857143,8,0,ENV_YDST_108_HR_2017_2017_2018.csv
2017-10-12,2017,10,12,3,목,0,0,108,18.0,17.0,9.0,8.0,21.416666666666668,24,26.88888888888889,9,26.25,8,0,ENV_YDST_108_HR_2017_2017_2018.csv
2017-10-13,2017,10,13,4,금,0,0,108,18.0,17.0,9.0,8.0,26.5,24,32.111111111111114,9,32.625,8,0,ENV_YDST_108_HR_2017_2017_2018.csv
2017-10-14,2017,10,14,5,토,1,0,108,18.0,17.0,9.0,8.0,19.0,24,22.444444444444443,9,23.875,8,0,ENV_YDST_108_HR_2017_2017_2018.csv
2017-10-15,2017,10,15,6,일,1,0,108,18.0,17.0,9.0,8.0,20.833333333333332,24,18.88888888888889,9,19.75,8,0,ENV_YDST_108_HR_2017_2017_2018.csv
2017-10-16,2017,10,16,0,월,0,0,108,18.0,17.0,9.0,8.0,28.958333333333332,24,36.55555555555556,9,34.5,8,0,ENV_YDST_108_HR_2017_2017_2018.csv
2017-10-17,2017,10,17,1,화,0,1,108,18.0,17.0,9.0,8.0,35.916666666666664,24,35.666666666666664,9,36.0,8,0,ENV_YDST_108_HR_2017_2017_2018.csv
2017-10-18,2017,10,18,2,수,0,0,108,18.0,17.0,9.0,8.0,23.785714285714285,14,22.0,6,22.0,6,0,ENV_YDST_108_HR_2017_2017_2018.csv
2017-10-19,2017,10,19,3,목,0,0,108,18.0,17.0,9.0,8.0,15.375,24,11.444444444444445,9,11.5,8,0,ENV_YDST_108_HR_2017_2017_2018.csv
2017-10-20,2017,10,20,4,금,0,0,108,18.0,17.0,9.0,8.0,30.583333333333332,24,31.333333333333332,9,31.25,8,0,ENV_YDST_108_HR_2017_2017_2018.csv
2017-10-21,2017,10,21,5,토,1,0,108,18.0,17.0,9.0,8.0,37.25,24,37.55555555555556,9,38.125,8,0,ENV_YDST_108_HR_2017_2017_2018.csv
2017-10-22,2017,10,22,6,일,1,0,108,18.0,17.0,9.0,8.0,24.708333333333332,24,25.333333333333332,9,26.0,8,0,ENV_YDST_108_HR_2017_2017_2018.csv
2017-10-23,2017,10,23,0,월,0,0,108,18.0,17.0,9.0,8.0,22.5,24,24.77777777777778,9,24.125,8,0,ENV_YDST_108_HR_2017_2017_2018.csv
2017-10-24,2017,10,24,1,화,0,1,108,18.0,17.0,9.0,8.0,31.416666666666668,24,33.111111111111114,9,32.125,8,0,ENV_YDST_108_HR_2017_2017_2018.csv
2017-10-25,2017,10,25,2,수,0,0,108,18.0,17.0,9.0,8.0,36.583333333333336,24,37.111111111111114,9,37.625,8,0,ENV_YDST_108_HR_2017_2017_2018.csv
2017-10-26,2017,10,26,3,목,0,0,108,18.0,17.0,9.0,8.0,47.166666666666664,24,53.111111111111114,9,54.25,8,0,ENV_YDST_108_HR_2017_2017_2018.csv
2017-10-27,2017,10,27,4,금,0,0,108,18.0,17.0,9.0,8.0,53.583333333333336,24,59.0,9,60.75,8,0,ENV_YDST_108_HR_2017_2017_2018.csv
2017-10-28,2017,10,28,5,토,1,0,108,18.0,17.0,9.0,8.0,42.125,24,36.44444444444444,9,36.5,8,0,ENV_YDST_108_HR_2017_2017_2018.csv
2017-10-29,2017,10,29,6,일,1,0,108,18.0,17.0,9.0,8.0,64.33333333333333,24,83.55555555555556,9,82.875,8,1,ENV_YDST_108_HR_2017_2017_2018.csv
2017-10-30,2017,10,30,0,월,0,0,108,18.0,17.0,9.0,8.0,37.458333333333336,24,45.77777777777778,9,44.875,8,0,ENV_YDST_108_HR_2017_2017_2018.csv
2017-10-31,2017,10,31,1,화,0,1,108,18.0,17.0,9.0,8.0,33.875,24,43.111111111111114,9,43.25,8,0,ENV_YDST_108_HR_2017_2017_2018.csv
2017-11-01,2017,11,1,2,수,0,0,108,17.0,16.0,8.0,7.0,33.541666666666664,24,39.125,8,39.42857142857143,7,0,ENV_YDST_108_HR_2017_2017_2018.csv
2017-11-02,2017,11,2,3,목,0,0,108,17.0,16.0,8.0,7.0,40.958333333333336,24,52.375,8,53.142857142857146,7,0,ENV_YDST_108_HR_2017_2017_2018.csv
2017-11-03,2017,11,3,4,금,0,0,108,17.0,16.0,8.0,7.0,33.625,24,42.625,8,42.857142857142854,7,0,ENV_YDST_108_HR_2017_2017_2018.csv
2017-11-04,2017,11,4,5,토,1,0,108,17.0,16.0,8.0,7.0,49.125,24,53.125,8,54.285714285714285,7,0,ENV_YDST_108_HR_2017_2017_2018.csv
2017-11-05,2017,11,5,6,일,1,0,108,17.0,16.0,8.0,7.0,37.916666666666664,24,46.5,8,47.57142857142857,7,0,ENV_YDST_108_HR_2017_2017_2018.csv
2017-11-06,2017,11,6,0,월,0,0,108,17.0,16.0,8.0,7.0,31.125,24,35.375,8,34.285714285714285,7,0,ENV_YDST_108_HR_2017_2017_2018.csv
2017-11-07,2017,11,7,1,화,0,1,108,17.0,16.0,8.0,7.0,38.833333333333336,24,43.5,8,43.42857142857143,7,0,ENV_YDST_108_HR_2017_2017_2018.csv
2017-11-08,2017,11,8,2,수,0,0,108,17.0,16.0,8.0,7.0,53.26086956521739,23,85.28571428571429,8,91.16666666666667,7,1,ENV_YDST_108_HR_2017_2017_2018.csv
2017-11-09,2017,11,9,3,목,0,0,108,17.0,16.0,8.0,7.0,46.083333333333336,24,53.875,8,55.142857142857146,7,0,ENV_YDST_108_HR_2017_2017_2018.csv
2017-11-10,2017,11,10,4,금,0,0,108,17.0,16.0,8.0,7.0,37.916666666666664,24,43.0,8,46.57142857142857,7,0,ENV_YDST_108_HR_2017_2017_2018.csv
2017-11-11,2017,11,11,5,토,1,0,108,17.0,16.0,8.0,7.0,72.20833333333333,24,90.0,8,96.0,7,1,ENV_YDST_108_HR_2017_2017_2018.csv
2017-11-12,2017,11,12,6,일,1,0,108,17.0,16.0,8.0,7.0,28.583333333333332,24,33.125,8,34.0,7,0,ENV_YDST_108_HR_2017_2017_2018.csv
2017-11-13,2017,11,13,0,월,0,0,108,17.0,16.0,8.0,7.0,31.708333333333332,24,41.375,8,42.0,7,0,ENV_YDST_108_HR_2017_2017_2018.csv
2017-11-14,2017,11,14,1,화,0,1,108,17.0,16.0,8.0,7.0,44.416666666666664,24,42.75,8,42.57142857142857,7,0,ENV_YDST_108_HR_2017_2017_2018.csv
2017-11-15,2017,11,15,2,수,0,0,108,17.0,16.0,8.0,7.0,23.083333333333332,24,27.25,8,26.857142857142858,7,0,ENV_YDST_108_HR_2017_2017_2018.csv
2017-11-16,2017,11,16,3,목,0,0,108,17.0,16.0,8.0,7.0,20.875,24,25.375,8,25.142857142857142,7,0,ENV_YDST_108_HR_2017_2017_2018.csv
2017-11-17,2017,11,17,4,금,0,0,108,17.0,16.0,8.0,7.0,32.833333333333336,24,32.5,8,31.714285714285715,7,0,ENV_YDST_108_HR_2017_2017_2018.csv
2017-11-18,2017,11,18,5,토,1,0,108,17.0,16.0,8.0,7.0,35.958333333333336,24,35.5,8,34.57142857142857,7,0,ENV_YDST_108_HR_2017_2017_2018.csv
2017-11-19,2017,11,19,6,일,1,0,108,17.0,16.0,8.0,7.0,22.375,24,24.625,8,24.142857142857142,7,0,ENV_YDST_108_HR_2017_2017_2018.csv
2017-11-20,2017,11,20,0,월,0,0,108,17.0,16.0,8.0,7.0,30.708333333333332,24,31.125,8,30.428571428571427,7,0,ENV_YDST_108_HR_2017_2017_2018.csv
2017-11-21,2017,11,21,1,화,0,1,108,17.0,16.0,8.0,7.0,38.5,24,40.0,8,40.0,7,0,ENV_YDST_108_HR_2017_2017_2018.csv
2017-11-22,2017,11,22,2,수,0,0,108,17.0,16.0,8.0,7.0,54.625,24,57.25,8,52.285714285714285,7,0,ENV_YDST_108_HR_2017_2017_2018.csv
2017-11-23,2017,11,23,3,목,0,0,108,17.0,16.0,8.0,7.0,20.375,24,24.0,8,24.285714285714285,7,0,ENV_YDST_108_HR_2017_2017_2018.csv
2017-11-24,2017,11,24,4,금,0,0,108,17.0,16.0,8.0,7.0,17.125,24,19.125,8,19.285714285714285,7,0,ENV_YDST_108_HR_2017_2017_2018.csv
2017-11-25,2017,11,25,5,토,1,0,108,17.0,16.0,8.0,7.0,23.1875,16,28.142857142857142,7,28.142857142857142,7,0,ENV_YDST_108_HR_2017_2017_2018.csv
2017-11-26,2017,11,26,6,일,1,0,108,17.0,16.0,8.0,7.0,24.863636363636363,22,28.75,8,30.142857142857142,7,0,ENV_YDST_108_HR_2017_2017_2018.csv
2017-11-27,2017,11,27,0,월,0,0,108,17.0,16.0,8.0,7.0,36.791666666666664,24,39.5,8,38.714285714285715,7,0,ENV_YDST_108_HR_2017_2017_2018.csv
2017-11-28,2017,11,28,1,화,0,1,108,17.0,16.0,8.0,7.0,54.375,24,63.25,8,63.57142857142857,7,0,ENV_YDST_108_HR_2017_2017_2018.csv
2017-11-29,2017,11,29,2,수,0,0,108,17.0,16.0,8.0,7.0,50.875,24,51.25,8,50.142857142857146,7,0,ENV_YDST_108_HR_2017_2017_2018.csv
2017-11-30,2017,11,30,3,목,0,0,108,17.0,16.0,8.0,7.0,22.608695652173914,23,23.0,8,24.428571428571427,7,0,ENV_YDST_108_HR_2017_2017_2018.csv
2017-12-01,2017,12,1,4,금,0,0,108,17.0,16.0,8.0,7.0,21.083333333333332,24,24.625,8,24.857142857142858,7,0,ENV_YDST_108_HR_2017_2017_2018.csv
2017-12-02,2017,12,2,5,토,1,0,108,17.0,16.0,8.0,7.0,30.833333333333332,24,32.375,8,32.285714285714285,7,0,ENV_YDST_108_HR_2017_2017_2018.csv
2017-12-03,2017,12,3,6,일,1,0,108,17.0,16.0,8.0,7.0,37.25,24,35.25,8,32.42857142857143,7,0,ENV_YDST_108_HR_2017_2017_2018.csv
2017-12-04,2017,12,4,0,월,0,0,108,17.0,16.0,8.0,7.0,33.416666666666664,24,19.5,8,20.285714285714285,7,0,ENV_YDST_108_HR_2017_2017_2018.csv
2017-12-05,2017,12,5,1,화,0,1,108,17.0,16.0,8.0,7.0,14.7,10,18.0,3,18.0,3,0,ENV_YDST_108_HR_2017_2017_2018.csv
2017-12-06,2017,12,6,2,수,0,0,108,17.0,16.0,8.0,7.0,24.65,20,34.0,8,35.0,7,0,ENV_YDST_108_HR_2017_2017_2018.csv
2017-12-07,2017,12,7,3,목,0,0,108,17.0,16.0,8.0,7.0,33.0,24,32.75,8,34.0,7,0,ENV_YDST_108_HR_2017_2017_2018.csv
2017-12-08,2017,12,8,4,금,0,0,108,17.0,16.0,8.0,7.0,27.25,24,33.75,8,34.42857142857143,7,0,ENV_YDST_108_HR_2017_2017_2018.csv
2017-12-09,2017,12,9,5,토,1,0,108,17.0,16.0,8.0,7.0,32.791666666666664,24,42.25,8,42.857142857142854,7,0,ENV_YDST_108_HR_2017_2017_2018.csv
2017-12-10,2017,12,10,6,일,1,0,108,17.0,16.0,8.0,7.0,29.208333333333332,24,37.875,8,33.857142857142854,7,0,ENV_YDST_108_HR_2017_2017_2018.csv
2017-12-11,2017,12,11,0,월,0,0,108,17.0,16.0,8.0,7.0,48.08695652173913,23,50.625,8,53.0,7,0,ENV_YDST_108_HR_2017_2017_2018.csv
2017-12-12,2017,12,12,1,화,0,1,108,17.0,16.0,8.0,7.0,,0,,0,,0,0,ENV_YDST_108_HR_2017_2017_2018.csv
2017-12-17,2017,12,17,6,일,1,0,108,17.0,16.0,8.0,7.0,36.0,22,40.75,8,41.0,7,0,ENV_YDST_108_HR_2017_2017_2018.csv
2017-12-18,2017,12,18,0,월,0,0,108,17.0,16.0,8.0,7.0,49.5,24,56.875,8,52.285714285714285,7,0,ENV_YDST_108_HR_2017_2017_2018.csv
2017-12-19,2017,12,19,1,화,0,1,108,17.0,16.0,8.0,7.0,39.166666666666664,24,49.0,8,50.42857142857143,7,0,ENV_YDST_108_HR_2017_2017_2018.csv
2017-12-20,2017,12,20,2,수,0,0,108,17.0,16.0,8.0,7.0,40.733333333333334,15,51.333333333333336,7,51.333333333333336,7,0,ENV_YDST_108_HR_2017_2017_2018.csv
2017-12-21,2017,12,21,3,목,0,0,108,17.0,16.0,8.0,7.0,41.36363636363637,22,58.375,8,58.57142857142857,7,0,ENV_YDST_108_HR_2017_2017_2018.csv
2017-12-22,2017,12,22,4,금,0,0,108,17.0,16.0,8.0,7.0,46.041666666666664,24,58.875,8,59.142857142857146,7,0,ENV_YDST_108_HR_2017_2017_2018.csv
2017-12-23,2017,12,23,5,토,1,0,108,17.0,16.0,8.0,7.0,88.08333333333333,24,105.5,8,102.42857142857143,7,1,ENV_YDST_108_HR_2017_2017_2018.csv
2017-12-24,2017,12,24,6,일,1,0,108,17.0,16.0,8.0,7.0,68.84210526315789,19,50.0,8,50.0,7,0,ENV_YDST_108_HR_2017_2017_2018.csv
2017-12-25,2017,12,25,0,월,0,0,108,17.0,16.0,8.0,7.0,27.916666666666668,24,29.125,8,28.857142857142858,7,0,ENV_YDST_108_HR_2017_2017_2018.csv
2017-12-26,2017,12,26,1,화,0,1,108,17.0,16.0,8.0,7.0,23.90909090909091,22,26.0,8,27.857142857142858,7,0,ENV_YDST_108_HR_2017_2017_2018.csv
2017-12-27,2017,12,27,2,수,0,0,108,17.0,16.0,8.0,7.0,27.125,24,31.125,8,31.0,7,0,ENV_YDST_108_HR_2017_2017_2018.csv
2017-12-28,2017,12,28,3,목,0,0,108,17.0,16.0,8.0,7.0,40.041666666666664,24,51.75,8,53.285714285714285,7,0,ENV_YDST_108_HR_2017_2017_2018.csv
2017-12-29,2017,12,29,4,금,0,0,108,17.0,16.0,8.0,7.0,77.95833333333333,24,86.5,8,85.57142857142857,7,1,ENV_YDST_108_HR_2017_2017_2018.csv
2017-12-30,2017,12,30,5,토,1,0,108,17.0,16.0,8.0,7.0,101.29166666666667,24,113.125,8,110.85714285714286,7,1,ENV_YDST_108_HR_2017_2017_2018.csv
2017-12-31,2017,12,31,6,일,1,0,108,17.0,16.0,8.0,7.0,51.375,24,59.0,8,62.857142857142854,7,0,ENV_YDST_108_HR_2017_2017_2018.csv
2018-01-01,2018,1,1,0,월,0,0,108,17.0,16.0,8.0,7.0,37.625,24,46.5,8,45.57142857142857,7,0,ENV_YDST_108_HR_2018_2018_2019.csv
2018-01-02,2018,1,2,1,화,0,1,108,17.0,16.0,8.0,7.0,32.791666666666664,24,37.625,8,40.42857142857143,7,0,ENV_YDST_108_HR_2018_2018_2019.csv
2018-01-03,2018,1,3,2,수,0,0,108,17.0,16.0,8.0,7.0,31.416666666666668,24,42.625,8,43.285714285714285,7,0,ENV_YDST_108_HR_2018_2018_2019.csv
2018-01-04,2018,1,4,3,목,0,0,108,17.0,16.0,8.0,7.0,39.458333333333336,24,52.875,8,53.142857142857146,7,0,ENV_YDST_108_HR_2018_2018_2019.csv
2018-01-05,2018,1,5,4,금,0,0,108,17.0,16.0,8.0,7.0,45.583333333333336,24,58.25,8,61.285714285714285,7,0,ENV_YDST_108_HR_2018_2018_2019.csv
2018-01-06,2018,1,6,5,토,1,0,108,17.0,16.0,8.0,7.0,40.916666666666664,24,45.25,8,46.714285714285715,7,0,ENV_YDST_108_HR_2018_2018_2019.csv
2018-01-07,2018,1,7,6,일,1,0,108,17.0,16.0,8.0,7.0,42.083333333333336,24,53.5,8,54.285714285714285,7,0,ENV_YDST_108_HR_2018_2018_2019.csv
2018-01-08,2018,1,8,0,월,0,0,108,17.0,16.0,8.0,7.0,41.27272727272727,22,54.25,8,55.57142857142857,7,0,ENV_YDST_108_HR_2018_2018_2019.csv
2018-01-09,2018,1,9,1,화,0,1,108,17.0,16.0,8.0,7.0,35.541666666666664,24,42.125,8,44.42857142857143,7,0,ENV_YDST_108_HR_2018_2018_2019.csv
2018-01-10,2018,1,10,2,수,0,0,108,17.0,16.0,8.0,7.0,25.791666666666668,24,42.75,8,44.714285714285715,7,0,ENV_YDST_108_HR_2018_2018_2019.csv
2018-01-11,2018,1,11,3,목,0,0,108,17.0,16.0,8.0,7.0,28.791666666666668,24,36.625,8,37.142857142857146,7,0,ENV_YDST_108_HR_2018_2018_2019.csv
2018-01-12,2018,1,12,4,금,0,0,108,17.0,16.0,8.0,7.0,22.875,24,26.125,8,27.0,7,0,ENV_YDST_108_HR_2018_2018_2019.csv
2018-01-13,2018,1,13,5,토,1,0,108,17.0,16.0,8.0,7.0,43.458333333333336,24,50.875,8,49.142857142857146,7,0,ENV_YDST_108_HR_2018_2018_2019.csv
2018-01-14,2018,1,14,6,일,1,0,108,17.0,16.0,8.0,7.0,52.625,24,68.5,8,70.14285714285714,7,0,ENV_YDST_108_HR_2018_2018_2019.csv
2018-01-15,2018,1,15,0,월,0,0,108,17.0,16.0,8.0,7.0,53.791666666666664,24,57.5,8,54.142857142857146,7,0,ENV_YDST_108_HR_2018_2018_2019.csv
2018-01-16,2018,1,16,1,화,0,1,108,17.0,16.0,8.0,7.0,86.875,24,100.125,8,101.57142857142857,7,1,ENV_YDST_108_HR_2018_2018_2019.csv
2018-01-17,2018,1,17,2,수,0,0,108,17.0,16.0,8.0,7.0,79.83333333333333,24,83.25,8,85.0,7,1,ENV_YDST_108_HR_2018_2018_2019.csv
2018-01-18,2018,1,18,3,목,0,0,108,17.0,16.0,8.0,7.0,67.625,24,74.75,8,76.42857142857143,7,0,ENV_YDST_108_HR_2018_2018_2019.csv
2018-01-19,2018,1,19,4,금,0,0,108,17.0,16.0,8.0,7.0,50.083333333333336,24,56.5,8,57.285714285714285,7,0,ENV_YDST_108_HR_2018_2018_2019.csv
2018-01-20,2018,1,20,5,토,1,0,108,17.0,16.0,8.0,7.0,83.33333333333333,24,76.0,8,72.57142857142857,7,0,ENV_YDST_108_HR_2018_2018_2019.csv
2018-01-21,2018,1,21,6,일,1,0,108,17.0,16.0,8.0,7.0,56.80952380952381,21,53.0,8,56.142857142857146,7,0,ENV_YDST_108_HR_2018_2018_2019.csv
2018-01-22,2018,1,22,0,월,0,0,108,17.0,16.0,8.0,7.0,33.666666666666664,24,50.5,8,52.57142857142857,7,0,ENV_YDST_108_HR_2018_2018_2019.csv
2018-01-23,2018,1,23,1,화,0,1,108,17.0,16.0,8.0,7.0,19.772727272727273,22,22.142857142857142,8,22.0,7,0,ENV_YDST_108_HR_2018_2018_2019.csv
2018-01-24,2018,1,24,2,수,0,0,108,17.0,16.0,8.0,7.0,28.458333333333332,24,35.875,8,36.42857142857143,7,0,ENV_YDST_108_HR_2018_2018_2019.csv
2018-01-25,2018,1,25,3,목,0,0,108,17.0,16.0,8.0,7.0,23.291666666666668,24,27.25,8,27.285714285714285,7,0,ENV_YDST_108_HR_2018_2018_2019.csv
2018-01-26,2018,1,26,4,금,0,0,108,17.0,16.0,8.0,7.0,29.73913043478261,23,36.125,8,35.42857142857143,7,0,ENV_YDST_108_HR_2018_2018_2019.csv
2018-01-27,2018,1,27,5,토,1,0,108,17.0,16.0,8.0,7.0,38.833333333333336,24,53.125,8,53.285714285714285,7,0,ENV_YDST_108_HR_2018_2018_2019.csv
2018-01-28,2018,1,28,6,일,1,0,108,17.0,16.0,8.0,7.0,25.916666666666668,24,29.625,8,31.142857142857142,7,0,ENV_YDST_108_HR_2018_2018_2019.csv
2018-01-29,2018,1,29,0,월,0,0,108,17.0,16.0,8.0,7.0,42.125,24,52.375,8,50.714285714285715,7,0,ENV_YDST_108_HR_2018_2018_2019.csv
2018-01-30,2018,1,30,1,화,0,1,108,17.0,16.0,8.0,7.0,39.041666666666664,24,55.0,8,56.714285714285715,7,0,ENV_YDST_108_HR_2018_2018_2019.csv
2018-01-31,2018,1,31,2,수,0,0,108,17.0,16.0,8.0,7.0,34.666666666666664,24,41.75,8,43.42857142857143,7,0,ENV_YDST_108_HR_2018_2018_2019.csv
2018-02-01,2018,2,1,3,목,0,0,108,17.0,16.0,8.0,7.0,34.041666666666664,24,43.75,8,47.142857142857146,7,0,ENV_YDST_108_HR_2018_2018_2019.csv
2018-02-02,2018,2,2,4,금,0,0,108,17.0,16.0,8.0,7.0,43.166666666666664,24,68.0,8,71.14285714285714,7,0,ENV_YDST_108_HR_2018_2018_2019.csv
2018-02-03,2018,2,3,5,토,1,0,108,17.0,16.0,8.0,7.0,27.791666666666668,24,34.125,8,35.142857142857146,7,0,ENV_YDST_108_HR_2018_2018_2019.csv
2018-02-04,2018,2,4,6,일,1,0,108,17.0,16.0,8.0,7.0,31.0,22,42.25,8,44.0,7,0,ENV_YDST_108_HR_2018_2018_2019.csv
2018-02-05,2018,2,5,0,월,0,0,108,17.0,16.0,8.0,7.0,23.625,24,26.25,8,26.0,7,0,ENV_YDST_108_HR_2018_2018_2019.csv
2018-02-06,2018,2,6,1,화,0,1,108,17.0,16.0,8.0,7.0,27.541666666666668,24,28.875,8,29.857142857142858,7,0,ENV_YDST_108_HR_2018_2018_2019.csv
2018-02-07,2018,2,7,2,수,0,0,108,17.0,16.0,8.0,7.0,36.04347826086956,23,43.75,8,44.714285714285715,7,0,ENV_YDST_108_HR_2018_2018_2019.csv
2018-02-08,2018,2,8,3,목,0,0,108,17.0,16.0,8.0,7.0,41.666666666666664,24,56.875,8,59.42857142857143,7,0,ENV_YDST_108_HR_2018_2018_2019.csv
2018-02-09,2018,2,9,4,금,0,0,108,17.0,16.0,8.0,7.0,51.541666666666664,24,71.0,8,69.57142857142857,7,0,ENV_YDST_108_HR_2018_2018_2019.csv
2018-02-10,2018,2,10,5,토,1,0,108,17.0,16.0,8.0,7.0,54.69565217391305,23,90.125,8,96.57142857142857,7,1,ENV_YDST_108_HR_2018_2018_2019.csv
2018-02-11,2018,2,11,6,일,1,0,108,17.0,16.0,8.0,7.0,47.875,24,62.875,8,64.85714285714286,7,0,ENV_YDST_108_HR_2018_2018_2019.csv
2018-02-12,2018,2,12,0,월,0,0,108,17.0,16.0,8.0,7.0,45.583333333333336,24,55.375,8,55.142857142857146,7,0,ENV_YDST_108_HR_2018_2018_2019.csv
2018-02-13,2018,2,13,1,화,0,1,108,17.0,16.0,8.0,7.0,45.833333333333336,24,57.75,8,59.0,7,0,ENV_YDST_108_HR_2018_2018_2019.csv
2018-02-14,2018,2,14,2,수,0,0,108,17.0,16.0,8.0,7.0,55.791666666666664,24,73.625,8,70.85714285714286,7,0,ENV_YDST_108_HR_2018_2018_2019.csv
2018-02-15,2018,2,15,3,목,0,0,108,17.0,16.0,8.0,7.0,34.625,24,37.5,8,37.857142857142854,7,0,ENV_YDST_108_HR_2018_2018_2019.csv
2018-02-16,2018,2,16,4,금,0,0,108,17.0,16.0,8.0,7.0,37.916666666666664,24,49.625,8,51.714285714285715,7,0,ENV_YDST_108_HR_2018_2018_2019.csv
2018-02-17,2018,2,17,5,토,1,0,108,17.0,16.0,8.0,7.0,45.791666666666664,24,61.375,8,63.857142857142854,7,0,ENV_YDST_108_HR_2018_2018_2019.csv
2018-02-18,2018,2,18,6,일,1,0,108,17.0,16.0,8.0,7.0,34.166666666666664,24,46.0,8,45.857142857142854,7,0,ENV_YDST_108_HR_2018_2018_2019.csv
2018-02-19,2018,2,19,0,월,0,0,108,17.0,16.0,8.0,7.0,49.333333333333336,24,57.625,8,57.714285714285715,7,0,ENV_YDST_108_HR_2018_2018_2019.csv
2018-02-20,2018,2,20,1,화,0,1,108,17.0,16.0,8.0,7.0,51.041666666666664,24,55.25,8,57.714285714285715,7,0,ENV_YDST_108_HR_2018_2018_2019.csv
2018-02-21,2018,2,21,2,수,0,0,108,17.0,16.0,8.0,7.0,34.391304347826086,23,46.125,8,48.42857142857143,7,0,ENV_YDST_108_HR_2018_2018_2019.csv
2018-02-22,2018,2,22,3,목,0,0,108,17.0,16.0,8.0,7.0,38.791666666666664,24,54.625,8,58.0,7,0,ENV_YDST_108_HR_2018_2018_2019.csv
2018-02-23,2018,2,23,4,금,0,0,108,17.0,16.0,8.0,7.0,77.06666666666666,15,104.85714285714286,8,103.66666666666667,7,1,ENV_YDST_108_HR_2018_2018_2019.csv
2018-02-24,2018,2,24,5,토,1,0,108,17.0,16.0,8.0,7.0,60.083333333333336,24,67.875,8,70.57142857142857,7,0,ENV_YDST_108_HR_2018_2018_2019.csv
2018-02-25,2018,2,25,6,일,1,0,108,17.0,16.0,8.0,7.0,35.65217391304348,23,45.5,8,48.0,7,0,ENV_YDST_108_HR_2018_2018_2019.csv
2018-02-26,2018,2,26,0,월,0,0,108,17.0,16.0,8.0,7.0,51.375,24,73.875,8,73.57142857142857,7,0,ENV_YDST_108_HR_2018_2018_2019.csv
2018-02-27,2018,2,27,1,화,0,1,108,17.0,16.0,8.0,7.0,75.08333333333333,24,78.25,8,81.0,7,0,ENV_YDST_108_HR_2018_2018_2019.csv
2018-02-28,2018,2,28,2,수,0,0,108,17.0,16.0,8.0,7.0,92.66666666666667,3,,0,,0,0,ENV_YDST_108_HR_2018_2018_2019.csv
2018-03-01,2018,3,1,3,목,0,0,108,18.0,17.0,9.0,8.0,33.1,20,40.666666666666664,9,40.5,8,0,ENV_YDST_108_HR_2018_2018_2019.csv
2018-03-02,2018,3,2,4,금,0,0,108,18.0,17.0,9.0,8.0,65.08333333333333,24,91.33333333333333,9,92.375,8,1,ENV_YDST_108_HR_2018_2018_2019.csv
2018-03-03,2018,3,3,5,토,1,0,108,18.0,17.0,9.0,8.0,59.61904761904762,21,70.33333333333333,9,71.625,8,0,ENV_YDST_108_HR_2018_2018_2019.csv
2018-03-04,2018,3,4,6,일,1,0,108,18.0,17.0,9.0,8.0,24.210526315789473,19,23.444444444444443,9,24.875,8,0,ENV_YDST_108_HR_2018_2018_2019.csv
2018-03-05,2018,3,5,0,월,0,0,108,18.0,17.0,9.0,8.0,25.22222222222222,9,28.428571428571427,9,26.833333333333332,8,0,ENV_YDST_108_HR_2018_2018_2019.csv
2018-03-06,2018,3,6,1,화,0,1,108,18.0,17.0,9.0,8.0,30.3,20,47.333333333333336,9,48.75,8,0,ENV_YDST_108_HR_2018_2018_2019.csv
2018-03-07,2018,3,7,2,수,0,0,108,18.0,17.0,9.0,8.0,28.952380952380953,21,41.0,9,42.875,8,0,ENV_YDST_108_HR_2018_2018_2019.csv
2018-03-08,2018,3,8,3,목,0,0,108,18.0,17.0,9.0,8.0,24.863636363636363,22,27.444444444444443,9,24.25,8,0,ENV_YDST_108_HR_2018_2018_2019.csv
2018-03-09,2018,3,9,4,금,0,0,108,18.0,17.0,9.0,8.0,45.875,16,33.42857142857143,9,33.42857142857143,8,0,ENV_YDST_108_HR_2018_2018_2019.csv
2018-03-10,2018,3,10,5,토,1,0,108,18.0,17.0,9.0,8.0,32.26086956521739,23,46.44444444444444,9,49.25,8,0,ENV_YDST_108_HR_2018_2018_2019.csv
2018-03-11,2018,3,11,6,일,1,0,108,18.0,17.0,9.0,8.0,49.142857142857146,21,57.333333333333336,9,60.5,8,0,ENV_YDST_108_HR_2018_2018_2019.csv
2018-03-12,2018,3,12,0,월,0,0,108,18.0,17.0,9.0,8.0,74.83333333333333,24,96.77777777777777,9,94.25,8,1,ENV_YDST_108_HR_2018_2018_2019.csv
2018-03-13,2018,3,13,1,화,0,1,108,18.0,17.0,9.0,8.0,49.13636363636363,22,49.44444444444444,9,51.5,8,0,ENV_YDST_108_HR_2018_2018_2019.csv
2018-03-14,2018,3,14,2,수,0,0,108,18.0,17.0,9.0,8.0,26.1,20,34.888888888888886,9,35.875,8,0,ENV_YDST_108_HR_2018_2018_2019.csv
2018-03-15,2018,3,15,3,목,0,0,108,18.0,17.0,9.0,8.0,13.272727272727273,22,11.25,9,11.428571428571429,8,0,ENV_YDST_108_HR_2018_2018_2019.csv
2018-03-16,2018,3,16,4,금,0,0,108,18.0,17.0,9.0,8.0,26.333333333333332,12,29.666666666666668,9,30.75,8,0,ENV_YDST_108_HR_2018_2018_2019.csv
2018-03-17,2018,3,17,5,토,1,0,108,18.0,17.0,9.0,8.0,28.272727272727273,22,47.111111111111114,9,45.5,8,0,ENV_YDST_108_HR_2018_2018_2019.csv
2018-03-18,2018,3,18,6,일,1,0,108,18.0,17.0,9.0,8.0,40.75,24,48.44444444444444,9,48.5,8,0,ENV_YDST_108_HR_2018_2018_2019.csv
2018-03-19,2018,3,19,0,월,0,0,108,18.0,17.0,9.0,8.0,19.695652173913043,23,12.25,9,12.142857142857142,8,0,ENV_YDST_108_HR_2018_2018_2019.csv
2018-03-20,2018,3,20,1,화,0,1,108,18.0,17.0,9.0,8.0,15.347826086956522,23,24.77777777777778,9,26.75,8,0,ENV_YDST_108_HR_2018_2018_2019.csv
2018-03-21,2018,3,21,2,수,0,0,108,18.0,17.0,9.0,8.0,13.409090909090908,22,18.75,9,18.75,8,0,ENV_YDST_108_HR_2018_2018_2019.csv
2018-03-22,2018,3,22,3,목,0,0,108,18.0,17.0,9.0,8.0,37.208333333333336,24,54.77777777777778,9,55.75,8,0,ENV_YDST_108_HR_2018_2018_2019.csv
2018-03-23,2018,3,23,4,금,0,0,108,18.0,17.0,9.0,8.0,49.75,24,59.44444444444444,9,61.625,8,0,ENV_YDST_108_HR_2018_2018_2019.csv
2018-03-24,2018,3,24,5,토,1,0,108,18.0,17.0,9.0,8.0,84.47619047619048,21,87.22222222222223,9,88.125,8,1,ENV_YDST_108_HR_2018_2018_2019.csv
2018-03-26,2018,3,26,0,월,0,0,108,18.0,17.0,9.0,8.0,82.16666666666667,12,102.16666666666667,7,104.0,6,1,ENV_YDST_108_HR_2018_2018_2019.csv
2018-03-27,2018,3,27,1,화,0,1,108,18.0,17.0,9.0,8.0,75.875,24,84.22222222222223,9,85.25,8,1,ENV_YDST_108_HR_2018_2018_2019.csv
2018-03-28,2018,3,28,2,수,0,0,108,18.0,17.0,9.0,8.0,42.5,24,43.666666666666664,9,45.625,8,0,ENV_YDST_108_HR_2018_2018_2019.csv
2018-03-29,2018,3,29,3,목,0,0,108,18.0,17.0,9.0,8.0,52.125,24,68.77777777777777,9,68.125,8,0,ENV_YDST_108_HR_2018_2018_2019.csv
2018-03-30,2018,3,30,4,금,0,0,108,18.0,17.0,9.0,8.0,53.291666666666664,24,72.22222222222223,9,71.75,8,0,ENV_YDST_108_HR_2018_2018_2019.csv
2018-03-31,2018,3,31,5,토,1,0,108,18.0,17.0,9.0,8.0,48.25,24,68.22222222222223,9,71.75,8,0,ENV_YDST_108_HR_2018_2018_2019.csv
2018-04-01,2018,4,1,6,일,1,0,108,18.0,17.0,9.0,8.0,58.625,24,63.44444444444444,9,62.625,8,0,ENV_YDST_108_HR_2018_2018_2019.csv
2018-04-02,2018,4,2,0,월,0,0,108,18.0,17.0,9.0,8.0,63.708333333333336,24,78.55555555555556,9,78.5,8,0,ENV_YDST_108_HR_2018_2018_2019.csv
2018-04-03,2018,4,3,1,화,0,1,108,18.0,17.0,9.0,8.0,59.041666666666664,24,79.11111111111111,9,78.25,8,0,ENV_YDST_108_HR_2018_2018_2019.csv
2018-04-04,2018,4,4,2,수,0,0,108,18.0,17.0,9.0,8.0,18.428571428571427,14,21.714285714285715,9,23.666666666666668,8,0,ENV_YDST_108_HR_2018_2018_2019.csv
2018-04-05,2018,4,5,3,목,0,0,108,18.0,17.0,9.0,8.0,7.266666666666667,15,9.857142857142858,9,9.833333333333334,8,0,ENV_YDST_108_HR_2018_2018_2019.csv
2018-04-06,2018,4,6,4,금,0,0,108,18.0,17.0,9.0,8.0,116.76190476190476,21,184.75,9,168.14285714285714,8,1,ENV_YDST_108_HR_2018_2018_2019.csv
2018-04-07,2018,4,7,5,토,1,0,108,18.0,17.0,9.0,8.0,47.869565217391305,23,60.22222222222222,9,62.875,8,0,ENV_YDST_108_HR_2018_2018_2019.csv
2018-04-08,2018,4,8,6,일,1,0,108,18.0,17.0,9.0,8.0,23.125,24,35.22222222222222,9,37.125,8,0,ENV_YDST_108_HR_2018_2018_2019.csv
2018-04-09,2018,4,9,0,월,0,0,108,18.0,17.0,9.0,8.0,32.875,24,48.77777777777778,9,48.125,8,0,ENV_YDST_108_HR_2018_2018_2019.csv
2018-04-10,2018,4,10,1,화,0,1,108,18.0,17.0,9.0,8.0,38.041666666666664,24,61.55555555555556,9,63.5,8,0,ENV_YDST_108_HR_2018_2018_2019.csv
2018-04-11,2018,4,11,2,수,0,0,108,18.0,17.0,9.0,8.0,50.0,24,71.11111111111111,9,74.375,8,0,ENV_YDST_108_HR_2018_2018_2019.csv
2018-04-12,2018,4,12,3,목,0,0,108,18.0,17.0,9.0,8.0,48.18181818181818,22,68.33333333333333,9,70.75,8,0,ENV_YDST_108_HR_2018_2018_2019.csv
2018-04-13,2018,4,13,4,금,0,0,108,18.0,17.0,9.0,8.0,32.21739130434783,23,46.22222222222222,9,49.125,8,0,ENV_YDST_108_HR_2018_2018_2019.csv
2018-04-14,2018,4,14,5,토,1,0,108,18.0,17.0,9.0,8.0,16.333333333333332,24,12.666666666666666,9,12.75,8,0,ENV_YDST_108_HR_2018_2018_2019.csv
2018-04-15,2018,4,15,6,일,1,0,108,18.0,17.0,9.0,8.0,65.0,23,110.88888888888889,9,116.875,8,1,ENV_YDST_108_HR_2018_2018_2019.csv
2018-04-16,2018,4,16,0,월,0,0,108,18.0,17.0,9.0,8.0,37.18181818181818,22,52.888888888888886,9,54.5,8,0,ENV_YDST_108_HR_2018_2018_2019.csv
2018-04-17,2018,4,17,1,화,0,1,108,18.0,17.0,9.0,8.0,53.95238095238095,21,71.77777777777777,9,72.25,8,0,ENV_YDST_108_HR_2018_2018_2019.csv
2018-04-18,2018,4,18,2,수,0,0,108,18.0,17.0,9.0,8.0,57.26086956521739,23,58.22222222222222,9,58.875,8,0,ENV_YDST_108_HR_2018_2018_2019.csv
2018-04-19,2018,4,19,3,목,0,0,108,18.0,17.0,9.0,8.0,69.25,24,72.55555555555556,9,72.25,8,0,ENV_YDST_108_HR_2018_2018_2019.csv
2018-04-20,2018,4,20,4,금,0,0,108,18.0,17.0,9.0,8.0,84.0,24,101.11111111111111,9,101.375,8,1,ENV_YDST_108_HR_2018_2018_2019.csv
2018-04-21,2018,4,21,5,토,1,0,108,18.0,17.0,9.0,8.0,59.833333333333336,24,57.888888888888886,9,62.375,8,0,ENV_YDST_108_HR_2018_2018_2019.csv
2018-04-22,2018,4,22,6,일,1,0,108,18.0,17.0,9.0,8.0,30.75,24,44.333333333333336,9,46.25,8,0,ENV_YDST_108_HR_2018_2018_2019.csv
2018-04-23,2018,4,23,0,월,0,0,108,18.0,17.0,9.0,8.0,7.117647058823529,17,5.285714285714286,9,5.333333333333333,8,0,ENV_YDST_108_HR_2018_2018_2019.csv
2018-04-24,2018,4,24,1,화,0,1,108,18.0,17.0,9.0,8.0,12.8,15,19.25,9,20.428571428571427,8,0,ENV_YDST_108_HR_2018_2018_2019.csv
2018-04-25,2018,4,25,2,수,0,0,108,18.0,17.0,9.0,8.0,32.375,24,56.333333333333336,9,59.5,8,0,ENV_YDST_108_HR_2018_2018_2019.csv
2018-04-26,2018,4,26,3,목,0,0,108,18.0,17.0,9.0,8.0,41.72727272727273,22,58.666666666666664,9,60.875,8,0,ENV_YDST_108_HR_2018_2018_2019.csv
2018-04-27,2018,4,27,4,금,0,0,108,18.0,17.0,9.0,8.0,43.458333333333336,24,62.0,9,60.5,8,0,ENV_YDST_108_HR_2018_2018_2019.csv
2018-04-28,2018,4,28,5,토,1,0,108,18.0,17.0,9.0,8.0,47.82608695652174,23,51.22222222222222,9,52.875,8,0,ENV_YDST_108_HR_2018_2018_2019.csv
2018-04-29,2018,4,29,6,일,1,0,108,18.0,17.0,9.0,8.0,48.375,24,64.0,9,64.375,8,0,ENV_YDST_108_HR_2018_2018_2019.csv
2018-04-30,2018,4,30,0,월,0,0,108,18.0,17.0,9.0,8.0,65.625,24,78.66666666666667,9,80.0,8,0,ENV_YDST_108_HR_2018_2018_2019.csv
2018-05-01,2018,5,1,1,화,0,1,108,18.0,17.0,9.0,8.0,47.5,24,52.55555555555556,9,52.5,8,0,ENV_YDST_108_HR_2018_2018_2019.csv
2018-05-02,2018,5,2,2,수,0,0,108,18.0,17.0,9.0,8.0,36.1,20,29.88888888888889,9,32.375,8,0,ENV_YDST_108_HR_2018_2018_2019.csv
2018-05-03,2018,5,3,3,목,0,0,108,18.0,17.0,9.0,8.0,49.25,8,63.0,5,63.0,5,0,ENV_YDST_108_HR_2018_2018_2019.csv
2018-05-04,2018,5,4,4,금,0,0,108,18.0,17.0,9.0,8.0,39.56521739130435,23,62.22222222222222,9,63.875,8,0,ENV_YDST_108_HR_2018_2018_2019.csv
2018-05-05,2018,5,5,5,토,1,0,108,18.0,17.0,9.0,8.0,36.458333333333336,24,57.888888888888886,9,60.125,8,0,ENV_YDST_108_HR_2018_2018_2019.csv
2018-05-06,2018,5,6,6,일,1,0,108,18.0,17.0,9.0,8.0,15.894736842105264,19,12.222222222222221,9,11.5,8,0,ENV_YDST_108_HR_2018_2018_2019.csv
2018-05-07,2018,5,7,0,월,0,0,108,18.0,17.0,9.0,8.0,35.17391304347826,23,49.111111111111114,9,49.875,8,0,ENV_YDST_108_HR_2018_2018_2019.csv
2018-05-08,2018,5,8,1,화,0,1,108,18.0,17.0,9.0,8.0,34.46153846153846,13,39.55555555555556,9,41.125,8,0,ENV_YDST_108_HR_2018_2018_2019.csv
2018-05-09,2018,5,9,2,수,0,0,108,18.0,17.0,9.0,8.0,46.5,12,51.888888888888886,9,52.75,8,0,ENV_YDST_108_HR_2018_2018_2019.csv
2018-05-10,2018,5,10,3,목,0,0,108,18.0,17.0,9.0,8.0,39.3,20,57.77777777777778,9,60.5,8,0,ENV_YDST_108_HR_2018_2018_2019.csv
2018-05-11,2018,5,11,4,금,0,0,108,18.0,17.0,9.0,8.0,46.0,24,72.44444444444444,9,74.75,8,0,ENV_YDST_108_HR_2018_2018_2019.csv
2018-05-12,2018,5,12,5,토,1,0,108,18.0,17.0,9.0,8.0,25.17391304347826,23,9.875,9,10.142857142857142,8,0,ENV_YDST_108_HR_2018_2018_2019.csv
2018-05-13,2018,5,13,6,일,1,0,108,18.0,17.0,9.0,8.0,23.94736842105263,19,35.0,9,34.375,8,0,ENV_YDST_108_HR_2018_2018_2019.csv
2018-05-14,2018,5,14,0,월,0,0,108,18.0,17.0,9.0,8.0,58.65217391304348,23,82.77777777777777,9,81.25,8,1,ENV_YDST_108_HR_2018_2018_2019.csv
2018-05-15,2018,5,15,1,화,0,1,108,18.0,17.0,9.0,8.0,59.458333333333336,24,78.22222222222223,9,81.375,8,0,ENV_YDST_108_HR_2018_2018_2019.csv
2018-05-16,2018,5,16,2,수,0,0,108,18.0,17.0,9.0,8.0,34.75,12,16.0,4,16.0,4,0,ENV_YDST_108_HR_2018_2018_2019.csv
2018-05-17,2018,5,17,3,목,0,0,108,18.0,17.0,9.0,8.0,9.0,1,,0,,0,0,ENV_YDST_108_HR_2018_2018_2019.csv
2018-05-18,2018,5,18,4,금,0,0,108,18.0,17.0,9.0,8.0,11.222222222222221,9,13.166666666666666,9,13.8,8,0,ENV_YDST_108_HR_2018_2018_2019.csv
2018-05-19,2018,5,19,5,토,1,0,108,18.0,17.0,9.0,8.0,39.0,11,40.44444444444444,9,41.5,8,0,ENV_YDST_108_HR_2018_2018_2019.csv
2018-05-20,2018,5,20,6,일,1,0,108,18.0,17.0,9.0,8.0,24.53846153846154,13,25.77777777777778,9,25.125,8,0,ENV_YDST_108_HR_2018_2018_2019.csv
2018-05-21,2018,5,21,0,월,0,0,108,18.0,17.0,9.0,8.0,34.785714285714285,14,47.666666666666664,9,51.0,8,0,ENV_YDST_108_HR_2018_2018_2019.csv
2018-05-22,2018,5,22,1,화,0,1,108,18.0,17.0,9.0,8.0,26.545454545454547,22,45.44444444444444,9,49.25,8,0,ENV_YDST_108_HR_2018_2018_2019.csv
2018-05-23,2018,5,23,2,수,0,0,108,18.0,17.0,9.0,8.0,48.9,20,75.88888888888889,9,75.375,8,0,ENV_YDST_108_HR_2018_2018_2019.csv
2018-05-24,2018,5,24,3,목,0,0,108,18.0,17.0,9.0,8.0,90.5,24,126.55555555555556,9,128.125,8,1,ENV_YDST_108_HR_2018_2018_2019.csv
2018-05-25,2018,5,25,4,금,0,0,108,18.0,17.0,9.0,8.0,83.66666666666667,24,102.66666666666667,9,107.0,8,1,ENV_YDST_108_HR_2018_2018_2019.csv
2018-05-26,2018,5,26,5,토,1,0,108,18.0,17.0,9.0,8.0,65.77272727272727,22,101.28571428571429,9,103.5,8,1,ENV_YDST_108_HR_2018_2018_2019.csv
2018-05-27,2018,5,27,6,일,1,0,108,18.0,17.0,9.0,8.0,52.666666666666664,24,69.77777777777777,9,72.625,8,0,ENV_YDST_108_HR_2018_2018_2019.csv
2018-05-28,2018,5,28,0,월,0,0,108,18.0,17.0,9.0,8.0,53.25,20,71.88888888888889,9,71.875,8,0,ENV_YDST_108_HR_2018_2018_2019.csv
2018-05-29,2018,5,29,1,화,0,1,108,18.0,17.0,9.0,8.0,41.36363636363637,11,47.22222222222222,9,49.375,8,0,ENV_YDST_108_HR_2018_2018_2019.csv
2018-05-30,2018,5,30,2,수,0,0,108,18.0,17.0,9.0,8.0,33.6875,16,39.666666666666664,9,38.0,8,0,ENV_YDST_108_HR_2018_2018_2019.csv
2018-05-31,2018,5,31,3,목,0,0,108,18.0,17.0,9.0,8.0,45.8,20,67.88888888888889,9,69.75,8,0,ENV_YDST_108_HR_2018_2018_2019.csv
2018-06-01,2018,6,1,4,금,0,0,108,18.5,17.5,9.5,8.5,47.473684210526315,19,66.8,10,69.77777777777777,9,0,ENV_YDST_108_HR_2018_2018_2019.csv
2018-06-02,2018,6,2,5,토,1,0,108,18.5,17.5,9.5,8.5,33.0,21,46.0,10,49.55555555555556,9,0,ENV_YDST_108_HR_2018_2018_2019.csv
2018-06-03,2018,6,3,6,일,1,0,108,18.5,17.5,9.5,8.5,30.869565217391305,23,46.6,10,48.77777777777778,9,0,ENV_YDST_108_HR_2018_2018_2019.csv
2018-06-04,2018,6,4,0,월,0,0,108,18.5,17.5,9.5,8.5,32.083333333333336,24,46.1,10,48.22222222222222,9,0,ENV_YDST_108_HR_2018_2018_2019.csv
2018-06-05,2018,6,5,1,화,0,1,108,18.5,17.5,9.5,8.5,35.25,24,40.6,10,40.0,9,0,ENV_YDST_108_HR_2018_2018_2019.csv
2018-06-06,2018,6,6,2,수,0,0,108,18.5,17.5,9.5,8.5,39.291666666666664,24,48.9,10,50.888888888888886,9,0,ENV_YDST_108_HR_2018_2018_2019.csv
2018-06-07,2018,6,7,3,목,0,0,108,18.5,17.5,9.5,8.5,36.458333333333336,24,43.9,10,43.666666666666664,9,0,ENV_YDST_108_HR_2018_2018_2019.csv
2018-06-08,2018,6,8,4,금,0,0,108,18.5,17.5,9.5,8.5,27.708333333333332,24,32.0,10,31.77777777777778,9,0,ENV_YDST_108_HR_2018_2018_2019.csv
2018-06-09,2018,6,9,5,토,1,0,108,18.5,17.5,9.5,8.5,32.5,24,37.9,10,38.333333333333336,9,0,ENV_YDST_108_HR_2018_2018_2019.csv
2018-06-10,2018,6,10,6,일,1,0,108,18.5,17.5,9.5,8.5,11.625,16,14.0,10,14.666666666666666,9,0,ENV_YDST_108_HR_2018_2018_2019.csv
2018-06-11,2018,6,11,0,월,0,0,108,18.5,17.5,9.5,8.5,21.666666666666668,6,21.666666666666668,7,21.666666666666668,7,0,ENV_YDST_108_HR_2018_2018_2019.csv
2018-06-12,2018,6,12,1,화,0,1,108,18.5,17.5,9.5,8.5,14.5625,16,16.9,10,17.11111111111111,9,0,ENV_YDST_108_HR_2018_2018_2019.csv
2018-06-13,2018,6,13,2,수,0,0,108,18.5,17.5,9.5,8.5,23.08695652173913,23,31.7,10,29.88888888888889,9,0,ENV_YDST_108_HR_2018_2018_2019.csv
2018-06-14,2018,6,14,3,목,0,0,108,18.5,17.5,9.5,8.5,23.181818181818183,22,22.5,10,23.333333333333332,9,0,ENV_YDST_108_HR_2018_2018_2019.csv
2018-06-15,2018,6,15,4,금,0,0,108,18.5,17.5,9.5,8.5,7.714285714285714,7,7.0,6,,5,0,ENV_YDST_108_HR_2018_2018_2019.csv
2018-06-16,2018,6,16,5,토,1,0,108,18.5,17.5,9.5,8.5,25.9375,16,26.1,10,26.11111111111111,9,0,ENV_YDST_108_HR_2018_2018_2019.csv
2018-06-17,2018,6,17,6,일,1,0,108,18.5,17.5,9.5,8.5,32.0,24,39.6,10,40.77777777777778,9,0,ENV_YDST_108_HR_2018_2018_2019.csv
2018-06-18,2018,6,18,0,월,0,0,108,18.5,17.5,9.5,8.5,32.75,24,36.7,10,37.55555555555556,9,0,ENV_YDST_108_HR_2018_2018_2019.csv
2018-06-19,2018,6,19,1,화,0,1,108,18.5,17.5,9.5,8.5,30.75,24,33.6,10,33.888888888888886,9,0,ENV_YDST_108_HR_2018_2018_2019.csv
2018-06-20,2018,6,20,2,수,0,0,108,18.5,17.5,9.5,8.5,34.81818181818182,22,39.2,10,39.0,9,0,ENV_YDST_108_HR_2018_2018_2019.csv
2018-06-21,2018,6,21,3,목,0,0,108,18.5,17.5,9.5,8.5,32.208333333333336,24,33.8,10,34.111111111111114,9,0,ENV_YDST_108_HR_2018_2018_2019.csv
2018-06-22,2018,6,22,4,금,0,0,108,18.5,17.5,9.5,8.5,31.875,24,35.4,10,36.0,9,0,ENV_YDST_108_HR_2018_2018_2019.csv
2018-06-23,2018,6,23,5,토,1,0,108,18.5,17.5,9.5,8.5,31.625,24,31.6,10,30.333333333333332,9,0,ENV_YDST_108_HR_2018_2018_2019.csv
2018-06-24,2018,6,24,6,일,1,0,108,18.5,17.5,9.5,8.5,42.916666666666664,24,43.4,10,44.77777777777778,9,0,ENV_YDST_108_HR_2018_2018_2019.csv
2018-06-25,2018,6,25,0,월,0,0,108,18.5,17.5,9.5,8.5,41.625,24,42.2,10,40.333333333333336,9,0,ENV_YDST_108_HR_2018_2018_2019.csv
2018-06-26,2018,6,26,1,화,0,1,108,18.5,17.5,9.5,8.5,34.916666666666664,24,26.2,10,25.555555555555557,9,0,ENV_YDST_108_HR_2018_2018_2019.csv
2018-06-27,2018,6,27,2,수,0,0,108,18.5,17.5,9.5,8.5,25.57894736842105,19,31.4,10,31.0,9,0,ENV_YDST_108_HR_2018_2018_2019.csv
2018-06-28,2018,6,28,3,목,0,0,108,18.5,17.5,9.5,8.5,21.38888888888889,18,16.444444444444443,10,16.444444444444443,9,0,ENV_YDST_108_HR_2018_2018_2019.csv
2018-06-29,2018,6,29,4,금,0,0,108,18.5,17.5,9.5,8.5,28.157894736842106,19,24.6,10,24.22222222222222,9,0,ENV_YDST_108_HR_2018_2018_2019.csv
2018-06-30,2018,6,30,5,토,1,0,108,18.5,17.5,9.5,8.5,39.94736842105263,19,33.4,10,33.111111111111114,9,0,ENV_YDST_108_HR_2018_2018_2019.csv
2018-07-01,2018,7,1,6,일,1,0,108,18.5,17.5,9.5,8.5,7.2,10,7.285714285714286,10,7.333333333333333,9,0,ENV_YDST_108_HR_2018_2018_2019.csv
2018-07-02,2018,7,2,0,월,0,0,108,18.5,17.5,9.5,8.5,7.5,4,8.5,3,8.5,3,0,ENV_YDST_108_HR_2018_2018_2019.csv
2018-07-03,2018,7,3,1,화,0,1,108,18.5,17.5,9.5,8.5,10.222222222222221,9,10.25,10,10.25,9,0,ENV_YDST_108_HR_2018_2018_2019.csv
2018-07-04,2018,7,4,2,수,0,0,108,18.5,17.5,9.5,8.5,19.25,24,22.4,10,20.22222222222222,9,0,ENV_YDST_108_HR_2018_2018_2019.csv
2018-07-05,2018,7,5,3,목,0,0,108,18.5,17.5,9.5,8.5,15.318181818181818,22,14.666666666666666,10,14.125,9,0,ENV_YDST_108_HR_2018_2018_2019.csv
2018-07-06,2018,7,6,4,금,0,0,108,18.5,17.5,9.5,8.5,6.153846153846154,13,7.285714285714286,10,7.0,9,0,ENV_YDST_108_HR_2018_2018_2019.csv
2018-07-07,2018,7,7,5,토,1,0,108,18.5,17.5,9.5,8.5,12.533333333333333,15,9.666666666666666,10,9.75,9,0,ENV_YDST_108_HR_2018_2018_2019.csv
2018-07-08,2018,7,8,6,일,1,0,108,18.5,17.5,9.5,8.5,15.235294117647058,17,17.555555555555557,10,18.0,9,0,ENV_YDST_108_HR_2018_2018_2019.csv
2018-07-09,2018,7,9,0,월,0,0,108,18.5,17.5,9.5,8.5,9.411764705882353,17,9.0,10,9.333333333333334,9,0,ENV_YDST_108_HR_2018_2018_2019.csv
2018-07-10,2018,7,10,1,화,0,1,108,18.5,17.5,9.5,8.5,20.5,22,22.8,10,21.77777777777778,9,0,ENV_YDST_108_HR_2018_2018_2019.csv
2018-07-11,2018,7,11,2,수,0,0,108,18.5,17.5,9.5,8.5,24.083333333333332,24,21.6,10,22.0,9,0,ENV_YDST_108_HR_2018_2018_2019.csv
2018-07-12,2018,7,12,3,목,0,0,108,18.5,17.5,9.5,8.5,20.333333333333332,24,19.0,10,19.666666666666668,9,0,ENV_YDST_108_HR_2018_2018_2019.csv
2018-07-13,2018,7,13,4,금,0,0,108,18.5,17.5,9.5,8.5,16.041666666666668,24,14.2,10,14.0,9,0,ENV_YDST_108_HR_2018_2018_2019.csv
2018-07-14,2018,7,14,5,토,1,0,108,18.5,17.5,9.5,8.5,16.916666666666668,24,16.1,10,16.22222222222222,9,0,ENV_YDST_108_HR_2018_2018_2019.csv
2018-07-15,2018,7,15,6,일,1,0,108,18.5,17.5,9.5,8.5,19.956521739130434,23,19.8,10,19.666666666666668,9,0,ENV_YDST_108_HR_2018_2018_2019.csv
2018-07-16,2018,7,16,0,월,0,0,108,18.5,17.5,9.5,8.5,23.25,24,27.5,10,27.666666666666668,9,0,ENV_YDST_108_HR_2018_2018_2019.csv
2018-07-17,2018,7,17,1,화,0,1,108,18.5,17.5,9.5,8.5,26.166666666666668,24,30.4,10,30.444444444444443,9,0,ENV_YDST_108_HR_2018_2018_2019.csv
2018-07-18,2018,7,18,2,수,0,0,108,18.5,17.5,9.5,8.5,32.375,24,34.2,10,34.666666666666664,9,0,ENV_YDST_108_HR_2018_2018_2019.csv
2018-07-19,2018,7,19,3,목,0,0,108,18.5,17.5,9.5,8.5,25.125,24,23.8,10,22.77777777777778,9,0,ENV_YDST_108_HR_2018_2018_2019.csv
2018-07-20,2018,7,20,4,금,0,0,108,18.5,17.5,9.5,8.5,30.458333333333332,24,39.2,10,39.888888888888886,9,0,ENV_YDST_108_HR_2018_2018_2019.csv
2018-07-21,2018,7,21,5,토,1,0,108,18.5,17.5,9.5,8.5,33.130434782608695,23,42.2,10,41.666666666666664,9,0,ENV_YDST_108_HR_2018_2018_2019.csv
2018-07-22,2018,7,22,6,일,1,0,108,18.5,17.5,9.5,8.5,25.17391304347826,23,29.333333333333332,10,29.333333333333332,9,0,ENV_YDST_108_HR_2018_2018_2019.csv
2018-07-23,2018,7,23,0,월,0,0,108,18.5,17.5,9.5,8.5,28.333333333333332,24,31.8,10,31.11111111111111,9,0,ENV_YDST_108_HR_2018_2018_2019.csv
2018-07-24,2018,7,24,1,화,0,1,108,18.5,17.5,9.5,8.5,34.04347826086956,23,40.44444444444444,10,40.44444444444444,9,0,ENV_YDST_108_HR_2018_2018_2019.csv
2018-07-25,2018,7,25,2,수,0,0,108,18.5,17.5,9.5,8.5,24.19047619047619,21,25.125,10,25.0,9,0,ENV_YDST_108_HR_2018_2018_2019.csv
2018-07-26,2018,7,26,3,목,0,0,108,18.5,17.5,9.5,8.5,32.083333333333336,24,34.9,10,34.77777777777778,9,0,ENV_YDST_108_HR_2018_2018_2019.csv
2018-07-27,2018,7,27,4,금,0,0,108,18.5,17.5,9.5,8.5,35.041666666666664,24,42.5,10,42.666666666666664,9,0,ENV_YDST_108_HR_2018_2018_2019.csv
2018-07-28,2018,7,28,5,토,1,0,108,18.5,17.5,9.5,8.5,32.06666666666667,15,33.833333333333336,6,33.833333333333336,6,0,ENV_YDST_108_HR_2018_2018_2019.csv
2018-07-29,2018,7,29,6,일,1,0,108,18.5,17.5,9.5,8.5,11.68421052631579,19,11.555555555555555,10,10.25,9,0,ENV_YDST_108_HR_2018_2018_2019.csv
2018-07-30,2018,7,30,0,월,0,0,108,18.5,17.5,9.5,8.5,9.19047619047619,21,8.25,10,8.25,9,0,ENV_YDST_108_HR_2018_2018_2019.csv
2018-07-31,2018,7,31,1,화,0,1,108,18.5,17.5,9.5,8.5,17.636363636363637,22,21.555555555555557,10,20.0,9,0,ENV_YDST_108_HR_2018_2018_2019.csv
2018-08-01,2018,8,1,2,수,0,0,108,18.5,17.5,9.5,8.5,30.083333333333332,24,36.0,10,35.22222222222222,9,0,ENV_YDST_108_HR_2018_2018_2019.csv
2018-08-02,2018,8,2,3,목,0,0,108,18.5,17.5,9.5,8.5,35.583333333333336,24,36.0,10,34.666666666666664,9,0,ENV_YDST_108_HR_2018_2018_2019.csv
2018-08-03,2018,8,3,4,금,0,0,108,18.5,17.5,9.5,8.5,38.75,24,37.3,10,37.111111111111114,9,0,ENV_YDST_108_HR_2018_2018_2019.csv
2018-08-04,2018,8,4,5,토,1,0,108,18.5,17.5,9.5,8.5,22.083333333333332,24,23.1,10,24.0,9,0,ENV_YDST_108_HR_2018_2018_2019.csv
2018-08-05,2018,8,5,6,일,1,0,108,18.5,17.5,9.5,8.5,20.875,24,16.5,10,15.88888888888889,9,0,ENV_YDST_108_HR_2018_2018_2019.csv
2018-08-06,2018,8,6,0,월,0,0,108,18.5,17.5,9.5,8.5,25.875,24,26.0,10,24.555555555555557,9,0,ENV_YDST_108_HR_2018_2018_2019.csv
2018-08-07,2018,8,7,1,화,0,1,108,18.5,17.5,9.5,8.5,17.454545454545453,22,21.2,10,18.666666666666668,9,0,ENV_YDST_108_HR_2018_2018_2019.csv
2018-08-08,2018,8,8,2,수,0,0,108,18.5,17.5,9.5,8.5,21.416666666666668,24,19.2,10,19.444444444444443,9,0,ENV_YDST_108_HR_2018_2018_2019.csv
2018-08-09,2018,8,9,3,목,0,0,108,18.5,17.5,9.5,8.5,19.958333333333332,24,21.9,10,23.22222222222222,9,0,ENV_YDST_108_HR_2018_2018_2019.csv
2018-08-10,2018,8,10,4,금,0,0,108,18.5,17.5,9.5,8.5,16.5,22,11.4,10,10.222222222222221,9,0,ENV_YDST_108_HR_2018_2018_2019.csv
2018-08-11,2018,8,11,5,토,1,0,108,18.5,17.5,9.5,8.5,11.478260869565217,23,11.0,10,10.0,9,0,ENV_YDST_108_HR_2018_2018_2019.csv
2018-08-12,2018,8,12,6,일,1,0,108,18.5,17.5,9.5,8.5,14.565217391304348,23,14.8,10,14.666666666666666,9,0,ENV_YDST_108_HR_2018_2018_2019.csv
2018-08-13,2018,8,13,0,월,0,0,108,18.5,17.5,9.5,8.5,26.26086956521739,23,29.0,10,29.375,9,0,ENV_YDST_108_HR_2018_2018_2019.csv
2018-08-14,2018,8,14,1,화,0,1,108,18.5,17.5,9.5,8.5,22.0,22,27.333333333333332,10,27.333333333333332,9,0,ENV_YDST_108_HR_2018_2018_2019.csv
2018-08-15,2018,8,15,2,수,0,0,108,18.5,17.5,9.5,8.5,27.72222222222222,18,26.666666666666668,10,26.666666666666668,9,0,ENV_YDST_108_HR_2018_2018_2019.csv
2018-08-16,2018,8,16,3,목,0,0,108,18.5,17.5,9.5,8.5,8.444444444444445,18,7.333333333333333,10,7.375,9,0,ENV_YDST_108_HR_2018_2018_2019.csv
2018-08-17,2018,8,17,4,금,0,0,108,18.5,17.5,9.5,8.5,14.3,20,17.9,10,19.22222222222222,9,0,ENV_YDST_108_HR_2018_2018_2019.csv
2018-08-18,2018,8,18,5,토,1,0,108,18.5,17.5,9.5,8.5,18.375,16,18.7,10,19.555555555555557,9,0,ENV_YDST_108_HR_2018_2018_2019.csv
2018-08-19,2018,8,19,6,일,1,0,108,18.5,17.5,9.5,8.5,20.041666666666668,24,22.3,10,23.11111111111111,9,0,ENV_YDST_108_HR_2018_2018_2019.csv
2018-08-20,2018,8,20,0,월,0,0,108,18.5,17.5,9.5,8.5,28.916666666666668,24,29.6,10,27.77777777777778,9,0,ENV_YDST_108_HR_2018_2018_2019.csv
2018-08-21,2018,8,21,1,화,0,1,108,18.5,17.5,9.5,8.5,20.227272727272727,22,14.2,10,14.0,9,0,ENV_YDST_108_HR_2018_2018_2019.csv
2018-08-22,2018,8,22,2,수,0,0,108,18.5,17.5,9.5,8.5,20.0,24,23.8,10,23.333333333333332,9,0,ENV_YDST_108_HR_2018_2018_2019.csv
2018-08-23,2018,8,23,3,목,0,0,108,18.5,17.5,9.5,8.5,11.416666666666666,24,13.8,10,14.444444444444445,9,0,ENV_YDST_108_HR_2018_2018_2019.csv
2018-08-24,2018,8,24,4,금,0,0,108,18.5,17.5,9.5,8.5,7.5,18,9.0,10,9.25,9,0,ENV_YDST_108_HR_2018_2018_2019.csv
2018-08-25,2018,8,25,5,토,1,0,108,18.5,17.5,9.5,8.5,18.82608695652174,23,24.9,10,25.88888888888889,9,0,ENV_YDST_108_HR_2018_2018_2019.csv
2018-08-26,2018,8,26,6,일,1,0,108,18.5,17.5,9.5,8.5,14.91304347826087,23,19.9,10,20.666666666666668,9,0,ENV_YDST_108_HR_2018_2018_2019.csv
2018-08-27,2018,8,27,0,월,0,0,108,18.5,17.5,9.5,8.5,14.318181818181818,22,21.4,10,23.0,9,0,ENV_YDST_108_HR_2018_2018_2019.csv
2018-08-28,2018,8,28,1,화,0,1,108,18.5,17.5,9.5,8.5,17.63157894736842,19,24.0,10,25.666666666666668,9,0,ENV_YDST_108_HR_2018_2018_2019.csv
2018-08-29,2018,8,29,2,수,0,0,108,18.5,17.5,9.5,8.5,11.0,8,11.0,9,11.0,9,0,ENV_YDST_108_HR_2018_2018_2019.csv
2018-08-30,2018,8,30,3,목,0,0,108,18.5,17.5,9.5,8.5,25.22222222222222,9,23.5,5,23.666666666666668,4,0,ENV_YDST_108_HR_2018_2018_2019.csv
2018-08-31,2018,8,31,4,금,0,0,108,18.5,17.5,9.5,8.5,20.52173913043478,23,16.11111111111111,10,15.25,9,0,ENV_YDST_108_HR_2018_2018_2019.csv
2018-09-01,2018,9,1,5,토,1,0,108,18.0,17.0,9.0,8.0,15.304347826086957,23,19.5,9,20.857142857142858,8,0,ENV_YDST_108_HR_2018_2018_2019.csv
2018-09-02,2018,9,2,6,일,1,0,108,18.0,17.0,9.0,8.0,15.105263157894736,19,18.0,9,18.75,8,0,ENV_YDST_108_HR_2018_2018_2019.csv
2018-09-03,2018,9,3,0,월,0,0,108,18.0,17.0,9.0,8.0,17.2,20,25.444444444444443,9,24.875,8,0,ENV_YDST_108_HR_2018_2018_2019.csv
2018-09-04,2018,9,4,1,화,0,1,108,18.0,17.0,9.0,8.0,15.136363636363637,22,19.333333333333332,9,20.75,8,0,ENV_YDST_108_HR_2018_2018_2019.csv
2018-09-05,2018,9,5,2,수,0,0,108,18.0,17.0,9.0,8.0,23.434782608695652,23,29.88888888888889,9,31.625,8,0,ENV_YDST_108_HR_2018_2018_2019.csv
2018-09-06,2018,9,6,3,목,0,0,108,18.0,17.0,9.0,8.0,28.625,24,36.77777777777778,9,37.5,8,0,ENV_YDST_108_HR_2018_2018_2019.csv
2018-09-07,2018,9,7,4,금,0,0,108,18.0,17.0,9.0,8.0,24.3125,16,30.666666666666668,7,30.666666666666668,7,0,ENV_YDST_108_HR_2018_2018_2019.csv
2018-09-08,2018,9,8,5,토,1,0,108,18.0,17.0,9.0,8.0,19.636363636363637,22,19.666666666666668,9,19.375,8,0,ENV_YDST_108_HR_2018_2018_2019.csv
2018-09-09,2018,9,9,6,일,1,0,108,18.0,17.0,9.0,8.0,20.26086956521739,23,20.5,9,20.5,8,0,ENV_YDST_108_HR_2018_2018_2019.csv
2018-09-10,2018,9,10,0,월,0,0,108,18.0,17.0,9.0,8.0,12.35,20,14.666666666666666,9,14.625,8,0,ENV_YDST_108_HR_2018_2018_2019.csv
2018-09-11,2018,9,11,1,화,0,1,108,18.0,17.0,9.0,8.0,12.666666666666666,21,15.555555555555555,9,15.0,8,0,ENV_YDST_108_HR_2018_2018_2019.csv
2018-09-12,2018,9,12,2,수,0,0,108,18.0,17.0,9.0,8.0,14.782608695652174,23,17.22222222222222,9,16.875,8,0,ENV_YDST_108_HR_2018_2018_2019.csv
2018-09-13,2018,9,13,3,목,0,0,108,18.0,17.0,9.0,8.0,18.73913043478261,23,18.666666666666668,9,18.25,8,0,ENV_YDST_108_HR_2018_2018_2019.csv
2018-09-14,2018,9,14,4,금,0,0,108,18.0,17.0,9.0,8.0,17.291666666666668,24,17.333333333333332,9,17.625,8,0,ENV_YDST_108_HR_2018_2018_2019.csv
2018-09-15,2018,9,15,5,토,1,0,108,18.0,17.0,9.0,8.0,15.91304347826087,23,22.11111111111111,9,23.0,8,0,ENV_YDST_108_HR_2018_2018_2019.csv
2018-09-16,2018,9,16,6,일,1,0,108,18.0,17.0,9.0,8.0,31.458333333333332,24,34.22222222222222,9,34.125,8,0,ENV_YDST_108_HR_2018_2018_2019.csv
2018-09-17,2018,9,17,0,월,0,0,108,18.0,17.0,9.0,8.0,22.958333333333332,24,23.333333333333332,9,23.25,8,0,ENV_YDST_108_HR_2018_2018_2019.csv
2018-09-18,2018,9,18,1,화,0,1,108,18.0,17.0,9.0,8.0,31.083333333333332,24,37.55555555555556,9,38.5,8,0,ENV_YDST_108_HR_2018_2018_2019.csv
2018-09-19,2018,9,19,2,수,0,0,108,18.0,17.0,9.0,8.0,35.588235294117645,17,59.0,9,59.0,8,0,ENV_YDST_108_HR_2018_2018_2019.csv
2018-09-20,2018,9,20,3,목,0,0,108,18.0,17.0,9.0,8.0,15.928571428571429,14,8.0,9,6.5,8,0,ENV_YDST_108_HR_2018_2018_2019.csv
2018-09-21,2018,9,21,4,금,0,0,108,18.0,17.0,9.0,8.0,10.363636363636363,22,13.0,9,13.25,8,0,ENV_YDST_108_HR_2018_2018_2019.csv
2018-09-22,2018,9,22,5,토,1,0,108,18.0,17.0,9.0,8.0,28.083333333333332,24,33.22222222222222,9,33.375,8,0,ENV_YDST_108_HR_2018_2018_2019.csv
2018-09-23,2018,9,23,6,일,1,0,108,18.0,17.0,9.0,8.0,26.458333333333332,24,28.77777777777778,9,29.0,8,0,ENV_YDST_108_HR_2018_2018_2019.csv
2018-09-24,2018,9,24,0,월,0,0,108,18.0,17.0,9.0,8.0,14.208333333333334,24,14.0,9,14.75,8,0,ENV_YDST_108_HR_2018_2018_2019.csv
2018-09-25,2018,9,25,1,화,0,1,108,18.0,17.0,9.0,8.0,14.090909090909092,22,16.428571428571427,9,16.833333333333332,8,0,ENV_YDST_108_HR_2018_2018_2019.csv
2018-09-26,2018,9,26,2,수,0,0,108,18.0,17.0,9.0,8.0,10.05,20,9.666666666666666,9,9.5,8,0,ENV_YDST_108_HR_2018_2018_2019.csv
2018-09-27,2018,9,27,3,목,0,0,108,18.0,17.0,9.0,8.0,12.454545454545455,11,26.75,9,26.75,8,0,ENV_YDST_108_HR_2018_2018_2019.csv
2018-09-28,2018,9,28,4,금,0,0,108,18.0,17.0,9.0,8.0,16.75,20,19.11111111111111,9,19.375,8,0,ENV_YDST_108_HR_2018_2018_2019.csv
2018-09-29,2018,9,29,5,토,1,0,108,18.0,17.0,9.0,8.0,14.130434782608695,23,15.875,9,15.714285714285714,8,0,ENV_YDST_108_HR_2018_2018_2019.csv
2018-09-30,2018,9,30,6,일,1,0,108,18.0,17.0,9.0,8.0,18.227272727272727,22,24.0,9,24.5,8,0,ENV_YDST_108_HR_2018_2018_2019.csv
2018-10-01,2018,10,1,0,월,0,0,108,18.0,17.0,9.0,8.0,14.541666666666666,24,20.77777777777778,9,21.625,8,0,ENV_YDST_108_HR_2018_2018_2019.csv
2018-10-02,2018,10,2,1,화,0,1,108,18.0,17.0,9.0,8.0,22.75,24,27.0,9,27.5,8,0,ENV_YDST_108_HR_2018_2018_2019.csv
2018-10-03,2018,10,3,2,수,0,0,108,18.0,17.0,9.0,8.0,22.125,24,26.22222222222222,9,27.125,8,0,ENV_YDST_108_HR_2018_2018_2019.csv
2018-10-04,2018,10,4,3,목,0,0,108,18.0,17.0,9.0,8.0,19.52173913043478,23,21.88888888888889,9,21.875,8,0,ENV_YDST_108_HR_2018_2018_2019.csv
2018-10-05,2018,10,5,4,금,0,0,108,18.0,17.0,9.0,8.0,8.619047619047619,21,10.0,9,10.25,8,0,ENV_YDST_108_HR_2018_2018_2019.csv
2018-10-06,2018,10,6,5,토,1,0,108,18.0,17.0,9.0,8.0,6.4,15,6.333333333333333,9,5.8,8,0,ENV_YDST_108_HR_2018_2018_2019.csv
2018-10-07,2018,10,7,6,일,1,0,108,18.0,17.0,9.0,8.0,23.958333333333332,24,33.111111111111114,9,34.375,8,0,ENV_YDST_108_HR_2018_2018_2019.csv
2018-10-08,2018,10,8,0,월,0,0,108,18.0,17.0,9.0,8.0,22.416666666666668,24,27.11111111111111,9,27.25,8,0,ENV_YDST_108_HR_2018_2018_2019.csv
2018-10-09,2018,10,9,1,화,0,1,108,18.0,17.0,9.0,8.0,23.708333333333332,24,29.555555555555557,9,30.25,8,0,ENV_YDST_108_HR_2018_2018_2019.csv
2018-10-10,2018,10,10,2,수,0,0,108,18.0,17.0,9.0,8.0,11.666666666666666,12,11.0,7,11.0,6,0,ENV_YDST_108_HR_2018_2018_2019.csv
2018-10-11,2018,10,11,3,목,0,0,108,18.0,17.0,9.0,8.0,16.333333333333332,24,19.666666666666668,9,19.625,8,0,ENV_YDST_108_HR_2018_2018_2019.csv
2018-10-12,2018,10,12,4,금,0,0,108,18.0,17.0,9.0,8.0,20.2,15,21.833333333333332,7,21.833333333333332,7,0,ENV_YDST_108_HR_2018_2018_2019.csv
2018-10-13,2018,10,13,5,토,1,0,108,18.0,17.0,9.0,8.0,29.136363636363637,22,43.44444444444444,9,44.375,8,0,ENV_YDST_108_HR_2018_2018_2019.csv
2018-10-14,2018,10,14,6,일,1,0,108,18.0,17.0,9.0,8.0,32.904761904761905,21,46.44444444444444,9,49.125,8,0,ENV_YDST_108_HR_2018_2018_2019.csv
2018-10-15,2018,10,15,0,월,0,0,108,18.0,17.0,9.0,8.0,49.208333333333336,24,71.33333333333333,9,71.75,8,0,ENV_YDST_108_HR_2018_2018_2019.csv
2018-10-16,2018,10,16,1,화,0,1,108,18.0,17.0,9.0,8.0,38.708333333333336,24,59.333333333333336,9,60.75,8,0,ENV_YDST_108_HR_2018_2018_2019.csv
2018-10-17,2018,10,17,2,수,0,0,108,18.0,17.0,9.0,8.0,35.77777777777778,18,43.42857142857143,9,46.0,8,0,ENV_YDST_108_HR_2018_2018_2019.csv
2018-10-18,2018,10,18,3,목,0,0,108,18.0,17.0,9.0,8.0,22.38888888888889,18,34.77777777777778,9,36.0,8,0,ENV_YDST_108_HR_2018_2018_2019.csv
2018-10-19,2018,10,19,4,금,0,0,108,18.0,17.0,9.0,8.0,23.19047619047619,21,41.111111111111114,9,43.0,8,0,ENV_YDST_108_HR_2018_2018_2019.csv
2018-10-20,2018,10,20,5,토,1,0,108,18.0,17.0,9.0,8.0,37.0,24,57.888888888888886,9,59.375,8,0,ENV_YDST_108_HR_2018_2018_2019.csv
2018-10-21,2018,10,21,6,일,1,0,108,18.0,17.0,9.0,8.0,36.0,24,52.77777777777778,9,55.75,8,0,ENV_YDST_108_HR_2018_2018_2019.csv
2018-10-22,2018,10,22,0,월,0,0,108,18.0,17.0,9.0,8.0,43.5,24,65.66666666666667,9,66.875,8,0,ENV_YDST_108_HR_2018_2018_2019.csv
2018-10-23,2018,10,23,1,화,0,1,108,18.0,17.0,9.0,8.0,44.6875,16,65.33333333333333,4,65.33333333333333,4,0,ENV_YDST_108_HR_2018_2018_2019.csv
2018-10-24,2018,10,24,2,수,0,0,108,18.0,17.0,9.0,8.0,38.666666666666664,24,58.0,9,60.125,8,0,ENV_YDST_108_HR_2018_2018_2019.csv
2018-10-25,2018,10,25,3,목,0,0,108,18.0,17.0,9.0,8.0,35.625,24,55.111111111111114,9,56.875,8,0,ENV_YDST_108_HR_2018_2018_2019.csv
2018-10-26,2018,10,26,4,금,0,0,108,18.0,17.0,9.0,8.0,28.227272727272727,22,29.375,9,30.0,8,0,ENV_YDST_108_HR_2018_2018_2019.csv
2018-10-27,2018,10,27,5,토,1,0,108,18.0,17.0,9.0,8.0,25.09090909090909,22,42.666666666666664,9,44.875,8,0,ENV_YDST_108_HR_2018_2018_2019.csv
2018-10-28,2018,10,28,6,일,1,0,108,18.0,17.0,9.0,8.0,14.88888888888889,9,,0,,0,0,ENV_YDST_108_HR_2018_2018_2019.csv
2018-10-29,2018,10,29,0,월,0,0,108,18.0,17.0,9.0,8.0,15.666666666666666,18,22.0,9,22.75,8,0,ENV_YDST_108_HR_2018_2018_2019.csv
2018-10-30,2018,10,30,1,화,0,1,108,18.0,17.0,9.0,8.0,22.782608695652176,23,32.44444444444444,9,32.75,8,0,ENV_YDST_108_HR_2018_2018_2019.csv
2018-10-31,2018,10,31,2,수,0,0,108,18.0,17.0,9.0,8.0,22.136363636363637,22,33.666666666666664,9,34.5,8,0,ENV_YDST_108_HR_2018_2018_2019.csv
2018-11-01,2018,11,1,3,목,0,0,108,17.0,16.0,8.0,7.0,23.8125,16,39.0,2,39.0,2,0,ENV_YDST_108_HR_2018_2018_2019.csv
2018-11-02,2018,11,2,4,금,0,0,108,17.0,16.0,8.0,7.0,40.75,24,63.0,8,65.28571428571429,7,0,ENV_YDST_108_HR_2018_2018_2019.csv
2018-11-03,2018,11,3,5,토,1,0,108,17.0,16.0,8.0,7.0,45.458333333333336,24,65.125,8,69.28571428571429,7,0,ENV_YDST_108_HR_2018_2018_2019.csv
2018-11-04,2018,11,4,6,일,1,0,108,17.0,16.0,8.0,7.0,34.916666666666664,24,57.0,8,59.42857142857143,7,0,ENV_YDST_108_HR_2018_2018_2019.csv
2018-11-05,2018,11,5,0,월,0,0,108,17.0,16.0,8.0,7.0,54.08695652173913,23,56.42857142857143,8,57.833333333333336,7,0,ENV_YDST_108_HR_2018_2018_2019.csv
2018-11-06,2018,11,6,1,화,0,1,108,17.0,16.0,8.0,7.0,102.58333333333333,24,91.875,8,89.71428571428571,7,1,ENV_YDST_108_HR_2018_2018_2019.csv
2018-11-07,2018,11,7,2,수,0,0,108,17.0,16.0,8.0,7.0,80.625,24,58.375,8,58.714285714285715,7,0,ENV_YDST_108_HR_2018_2018_2019.csv
2018-11-08,2018,11,8,3,목,0,0,108,17.0,16.0,8.0,7.0,13.75,24,12.0,8,13.142857142857142,7,0,ENV_YDST_108_HR_2018_2018_2019.csv
2018-11-09,2018,11,9,4,금,0,0,108,17.0,16.0,8.0,7.0,36.541666666666664,24,34.0,8,27.142857142857142,7,0,ENV_YDST_108_HR_2018_2018_2019.csv
2018-11-10,2018,11,10,5,토,1,0,108,17.0,16.0,8.0,7.0,72.625,24,69.125,8,72.0,7,0,ENV_YDST_108_HR_2018_2018_2019.csv
2018-11-11,2018,11,11,6,일,1,0,108,17.0,16.0,8.0,7.0,75.66666666666667,24,87.875,8,90.14285714285714,7,1,ENV_YDST_108_HR_2018_2018_2019.csv
2018-11-12,2018,11,12,0,월,0,0,108,17.0,16.0,8.0,7.0,31.0,24,32.125,8,30.142857142857142,7,0,ENV_YDST_108_HR_2018_2018_2019.csv
2018-11-13,2018,11,13,1,화,0,1,108,17.0,16.0,8.0,7.0,40.291666666666664,24,47.75,8,50.714285714285715,7,0,ENV_YDST_108_HR_2018_2018_2019.csv
2018-11-14,2018,11,14,2,수,0,0,108,17.0,16.0,8.0,7.0,34.916666666666664,24,24.0,8,24.857142857142858,7,0,ENV_YDST_108_HR_2018_2018_2019.csv
2018-11-15,2018,11,15,3,목,0,0,108,17.0,16.0,8.0,7.0,49.375,24,44.5,8,45.0,7,0,ENV_YDST_108_HR_2018_2018_2019.csv
2018-11-16,2018,11,16,4,금,0,0,108,17.0,16.0,8.0,7.0,59.708333333333336,24,62.0,8,62.57142857142857,7,0,ENV_YDST_108_HR_2018_2018_2019.csv
2018-11-17,2018,11,17,5,토,1,0,108,17.0,16.0,8.0,7.0,35.125,24,33.625,8,33.0,7,0,ENV_YDST_108_HR_2018_2018_2019.csv
2018-11-18,2018,11,18,6,일,1,0,108,17.0,16.0,8.0,7.0,35.625,24,34.0,8,32.714285714285715,7,0,ENV_YDST_108_HR_2018_2018_2019.csv
2018-11-19,2018,11,19,0,월,0,0,108,17.0,16.0,8.0,7.0,57.75,24,62.875,8,61.142857142857146,7,0,ENV_YDST_108_HR_2018_2018_2019.csv
2018-11-20,2018,11,20,1,화,0,1,108,17.0,16.0,8.0,7.0,40.458333333333336,24,37.5,8,35.714285714285715,7,0,ENV_YDST_108_HR_2018_2018_2019.csv
2018-11-21,2018,11,21,2,수,0,0,108,17.0,16.0,8.0,7.0,35.958333333333336,24,28.5,8,30.285714285714285,7,0,ENV_YDST_108_HR_2018_2018_2019.csv
2018-11-22,2018,11,22,3,목,0,0,108,17.0,16.0,8.0,7.0,21.208333333333332,24,19.25,8,18.0,7,0,ENV_YDST_108_HR_2018_2018_2019.csv
2018-11-23,2018,11,23,4,금,0,0,108,17.0,16.0,8.0,7.0,24.041666666666668,24,20.875,8,21.857142857142858,7,0,ENV_YDST_108_HR_2018_2018_2019.csv
2018-11-24,2018,11,24,5,토,1,0,108,17.0,16.0,8.0,7.0,27.833333333333332,24,18.875,8,18.857142857142858,7,0,ENV_YDST_108_HR_2018_2018_2019.csv
2018-11-25,2018,11,25,6,일,1,0,108,17.0,16.0,8.0,7.0,53.541666666666664,24,54.625,8,53.57142857142857,7,0,ENV_YDST_108_HR_2018_2018_2019.csv
2018-11-26,2018,11,26,0,월,0,0,108,17.0,16.0,8.0,7.0,68.95833333333333,24,65.125,8,64.57142857142857,7,0,ENV_YDST_108_HR_2018_2018_2019.csv
2018-11-27,2018,11,27,1,화,0,1,108,17.0,16.0,8.0,7.0,106.0,24,92.5,8,91.57142857142857,7,1,ENV_YDST_108_HR_2018_2018_2019.csv
2018-11-28,2018,11,28,2,수,0,0,108,17.0,16.0,8.0,7.0,92.91666666666667,24,80.75,8,81.57142857142857,7,0,ENV_YDST_108_HR_2018_2018_2019.csv
2018-11-29,2018,11,29,3,목,0,0,108,17.0,16.0,8.0,7.0,63.166666666666664,24,70.375,8,68.85714285714286,7,0,ENV_YDST_108_HR_2018_2018_2019.csv
2018-11-30,2018,11,30,4,금,0,0,108,17.0,16.0,8.0,7.0,53.375,24,51.25,8,54.42857142857143,7,0,ENV_YDST_108_HR_2018_2018_2019.csv
2018-12-01,2018,12,1,5,토,1,0,108,17.0,16.0,8.0,7.0,45.541666666666664,24,45.375,8,46.285714285714285,7,0,ENV_YDST_108_HR_2018_2018_2019.csv
2018-12-02,2018,12,2,6,일,1,0,108,17.0,16.0,8.0,7.0,42.583333333333336,24,39.75,8,39.142857142857146,7,0,ENV_YDST_108_HR_2018_2018_2019.csv
2018-12-03,2018,12,3,0,월,0,0,108,17.0,16.0,8.0,7.0,43.04347826086956,23,52.375,8,53.0,7,0,ENV_YDST_108_HR_2018_2018_2019.csv
2018-12-04,2018,12,4,1,화,0,1,108,17.0,16.0,8.0,7.0,33.25,24,34.5,8,33.285714285714285,7,0,ENV_YDST_108_HR_2018_2018_2019.csv
2018-12-05,2018,12,5,2,수,0,0,108,17.0,16.0,8.0,7.0,26.541666666666668,24,31.625,8,30.142857142857142,7,0,ENV_YDST_108_HR_2018_2018_2019.csv
2018-12-06,2018,12,6,3,목,0,0,108,17.0,16.0,8.0,7.0,35.166666666666664,24,33.25,8,33.285714285714285,7,0,ENV_YDST_108_HR_2018_2018_2019.csv
2018-12-07,2018,12,7,4,금,0,0,108,17.0,16.0,8.0,7.0,23.875,24,17.75,8,18.0,7,0,ENV_YDST_108_HR_2018_2018_2019.csv
2018-12-08,2018,12,8,5,토,1,0,108,17.0,16.0,8.0,7.0,21.208333333333332,24,17.25,8,16.142857142857142,7,0,ENV_YDST_108_HR_2018_2018_2019.csv
2018-12-09,2018,12,9,6,일,1,0,108,17.0,16.0,8.0,7.0,20.666666666666668,24,17.375,8,16.714285714285715,7,0,ENV_YDST_108_HR_2018_2018_2019.csv
2018-12-10,2018,12,10,0,월,0,0,108,17.0,16.0,8.0,7.0,38.75,24,43.375,8,42.42857142857143,7,0,ENV_YDST_108_HR_2018_2018_2019.csv
2018-12-11,2018,12,11,1,화,0,1,108,17.0,16.0,8.0,7.0,45.833333333333336,24,46.25,8,47.857142857142854,7,0,ENV_YDST_108_HR_2018_2018_2019.csv
2018-12-12,2018,12,12,2,수,0,0,108,17.0,16.0,8.0,7.0,50.208333333333336,24,37.75,8,37.857142857142854,7,0,ENV_YDST_108_HR_2018_2018_2019.csv
2018-12-13,2018,12,13,3,목,0,0,108,17.0,16.0,8.0,7.0,43.833333333333336,24,57.625,8,58.57142857142857,7,0,ENV_YDST_108_HR_2018_2018_2019.csv
2018-12-14,2018,12,14,4,금,0,0,108,17.0,16.0,8.0,7.0,34.25,24,30.375,8,29.428571428571427,7,0,ENV_YDST_108_HR_2018_2018_2019.csv
2018-12-15,2018,12,15,5,토,1,0,108,17.0,16.0,8.0,7.0,70.95833333333333,24,68.625,8,67.14285714285714,7,0,ENV_YDST_108_HR_2018_2018_2019.csv
2018-12-16,2018,12,16,6,일,1,0,108,17.0,16.0,8.0,7.0,75.54166666666667,24,70.625,8,71.57142857142857,7,0,ENV_YDST_108_HR_2018_2018_2019.csv
2018-12-17,2018,12,17,0,월,0,0,108,17.0,16.0,8.0,7.0,82.20833333333333,24,97.25,8,100.57142857142857,7,1,ENV_YDST_108_HR_2018_2018_2019.csv
2018-12-18,2018,12,18,1,화,0,1,108,17.0,16.0,8.0,7.0,52.625,24,51.875,8,53.285714285714285,7,0,ENV_YDST_108_HR_2018_2018_2019.csv
2018-12-19,2018,12,19,2,수,0,0,108,17.0,16.0,8.0,7.0,51.916666666666664,24,52.375,8,55.285714285714285,7,0,ENV_YDST_108_HR_2018_2018_2019.csv
2018-12-20,2018,12,20,3,목,0,0,108,17.0,16.0,8.0,7.0,66.16666666666667,24,67.375,8,67.14285714285714,7,0,ENV_YDST_108_HR_2018_2018_2019.csv
2018-12-21,2018,12,21,4,금,0,0,108,17.0,16.0,8.0,7.0,86.04166666666667,24,67.125,8,64.0,7,0,ENV_YDST_108_HR_2018_2018_2019.csv
2018-12-22,2018,12,22,5,토,1,0,108,17.0,16.0,8.0,7.0,101.375,24,97.375,8,96.85714285714286,7,1,ENV_YDST_108_HR_2018_2018_2019.csv
2018-12-23,2018,12,23,6,일,1,0,108,17.0,16.0,8.0,7.0,56.458333333333336,24,42.0,8,43.142857142857146,7,0,ENV_YDST_108_HR_2018_2018_2019.csv
2018-12-24,2018,12,24,0,월,0,0,108,17.0,16.0,8.0,7.0,22.458333333333332,24,19.125,8,18.428571428571427,7,0,ENV_YDST_108_HR_2018_2018_2019.csv
2018-12-25,2018,12,25,1,화,0,1,108,17.0,16.0,8.0,7.0,37.291666666666664,24,42.625,8,41.142857142857146,7,0,ENV_YDST_108_HR_2018_2018_2019.csv
2018-12-26,2018,12,26,2,수,0,0,108,17.0,16.0,8.0,7.0,50.583333333333336,24,56.5,8,60.714285714285715,7,0,ENV_YDST_108_HR_2018_2018_2019.csv
2018-12-27,2018,12,27,3,목,0,0,108,17.0,16.0,8.0,7.0,27.083333333333332,24,25.75,8,25.142857142857142,7,0,ENV_YDST_108_HR_2018_2018_2019.csv
2018-12-28,2018,12,28,4,금,0,0,108,17.0,16.0,8.0,7.0,31.541666666666668,24,29.875,8,28.857142857142858,7,0,ENV_YDST_108_HR_2018_2018_2019.csv
2018-12-29,2018,12,29,5,토,1,0,108,17.0,16.0,8.0,7.0,31.625,24,35.0,8,35.285714285714285,7,0,ENV_YDST_108_HR_2018_2018_2019.csv
2018-12-30,2018,12,30,6,일,1,0,108,17.0,16.0,8.0,7.0,35.208333333333336,24,28.875,8,26.857142857142858,7,0,ENV_YDST_108_HR_2018_2018_2019.csv
2018-12-31,2018,12,31,0,월,0,0,108,17.0,16.0,8.0,7.0,54.833333333333336,24,66.0,8,70.42857142857143,7,0,ENV_YDST_108_HR_2018_2018_2019.csv
2019-01-01,2019,1,1,1,화,0,1,108,17.0,16.0,8.0,7.0,41.791666666666664,24,37.625,8,38.142857142857146,7,0,ENV_YDST_108_HR_2019_2019_2020.csv
2019-01-02,2019,1,2,2,수,0,0,108,17.0,16.0,8.0,7.0,37.125,24,33.0,8,33.714285714285715,7,0,ENV_YDST_108_HR_2019_2019_2020.csv
2019-01-03,2019,1,3,3,목,0,0,108,17.0,16.0,8.0,7.0,40.458333333333336,24,35.625,8,35.285714285714285,7,0,ENV_YDST_108_HR_2019_2019_2020.csv
2019-01-04,2019,1,4,4,금,0,0,108,17.0,16.0,8.0,7.0,76.30434782608695,23,99.85714285714286,8,97.33333333333333,7,1,ENV_YDST_108_HR_2019_2019_2020.csv
2019-01-05,2019,1,5,5,토,1,0,108,17.0,16.0,8.0,7.0,74.08333333333333,24,55.25,8,58.42857142857143,7,0,ENV_YDST_108_HR_2019_2019_2020.csv
2019-01-06,2019,1,6,6,일,1,0,108,17.0,16.0,8.0,7.0,47.25,24,57.25,8,58.42857142857143,7,0,ENV_YDST_108_HR_2019_2019_2020.csv
2019-01-07,2019,1,7,0,월,0,0,108,17.0,16.0,8.0,7.0,61.875,24,65.75,8,62.285714285714285,7,0,ENV_YDST_108_HR_2019_2019_2020.csv
2019-01-08,2019,1,8,1,화,0,1,108,17.0,16.0,8.0,7.0,46.041666666666664,24,40.75,8,40.42857142857143,7,0,ENV_YDST_108_HR_2019_2019_2020.csv
2019-01-09,2019,1,9,2,수,0,0,108,17.0,16.0,8.0,7.0,50.125,24,47.5,8,46.42857142857143,7,0,ENV_YDST_108_HR_2019_2019_2020.csv
2019-01-10,2019,1,10,3,목,0,0,108,17.0,16.0,8.0,7.0,61.208333333333336,24,69.25,8,71.28571428571429,7,0,ENV_YDST_108_HR_2019_2019_2020.csv
2019-01-11,2019,1,11,4,금,0,0,108,17.0,16.0,8.0,7.0,81.70833333333333,24,79.0,8,75.71428571428571,7,0,ENV_YDST_108_HR_2019_2019_2020.csv
2019-01-12,2019,1,12,5,토,1,0,108,17.0,16.0,8.0,7.0,110.95833333333333,24,122.25,8,124.14285714285714,7,1,ENV_YDST_108_HR_2019_2019_2020.csv
2019-01-13,2019,1,13,6,일,1,0,108,17.0,16.0,8.0,7.0,126.91666666666667,24,118.5,8,120.42857142857143,7,1,ENV_YDST_108_HR_2019_2019_2020.csv
2019-01-14,2019,1,14,0,월,0,0,108,17.0,16.0,8.0,7.0,179.95833333333334,24,190.25,8,185.42857142857142,7,1,ENV_YDST_108_HR_2019_2019_2020.csv
2019-01-15,2019,1,15,1,화,0,1,108,17.0,16.0,8.0,7.0,142.83333333333334,24,145.875,8,154.14285714285714,7,1,ENV_YDST_108_HR_2019_2019_2020.csv
2019-01-16,2019,1,16,2,수,0,0,108,17.0,16.0,8.0,7.0,44.583333333333336,24,37.75,8,39.57142857142857,7,0,ENV_YDST_108_HR_2019_2019_2020.csv
2019-01-17,2019,1,17,3,목,0,0,108,17.0,16.0,8.0,7.0,40.708333333333336,24,42.875,8,44.0,7,0,ENV_YDST_108_HR_2019_2019_2020.csv
2019-01-18,2019,1,18,4,금,0,0,108,17.0,16.0,8.0,7.0,62.208333333333336,24,56.0,8,50.142857142857146,7,0,ENV_YDST_108_HR_2019_2019_2020.csv
2019-01-19,2019,1,19,5,토,1,0,108,17.0,16.0,8.0,7.0,109.54166666666667,24,132.25,8,137.28571428571428,7,1,ENV_YDST_108_HR_2019_2019_2020.csv
2019-01-20,2019,1,20,6,일,1,0,108,17.0,16.0,8.0,7.0,73.41666666666667,24,50.125,8,50.714285714285715,7,0,ENV_YDST_108_HR_2019_2019_2020.csv
2019-01-21,2019,1,21,0,월,0,0,108,17.0,16.0,8.0,7.0,41.083333333333336,24,45.625,8,46.142857142857146,7,0,ENV_YDST_108_HR_2019_2019_2020.csv
2019-01-22,2019,1,22,1,화,0,1,108,17.0,16.0,8.0,7.0,58.0,24,55.5,8,57.42857142857143,7,0,ENV_YDST_108_HR_2019_2019_2020.csv
2019-01-23,2019,1,23,2,수,0,0,108,17.0,16.0,8.0,7.0,79.83333333333333,24,93.25,8,100.57142857142857,7,1,ENV_YDST_108_HR_2019_2019_2020.csv
2019-01-24,2019,1,24,3,목,0,0,108,17.0,16.0,8.0,7.0,42.708333333333336,24,41.625,8,42.285714285714285,7,0,ENV_YDST_108_HR_2019_2019_2020.csv
2019-01-25,2019,1,25,4,금,0,0,108,17.0,16.0,8.0,7.0,44.416666666666664,24,39.625,8,38.0,7,0,ENV_YDST_108_HR_2019_2019_2020.csv
2019-01-26,2019,1,26,5,토,1,0,108,17.0,16.0,8.0,7.0,44.666666666666664,24,41.5,8,41.857142857142854,7,0,ENV_YDST_108_HR_2019_2019_2020.csv
2019-01-27,2019,1,27,6,일,1,0,108,17.0,16.0,8.0,7.0,41.958333333333336,24,52.5,8,55.0,7,0,ENV_YDST_108_HR_2019_2019_2020.csv
2019-01-28,2019,1,28,0,월,0,0,108,17.0,16.0,8.0,7.0,64.20833333333333,24,80.0,8,81.0,7,0,ENV_YDST_108_HR_2019_2019_2020.csv
2019-01-29,2019,1,29,1,화,0,1,108,17.0,16.0,8.0,7.0,64.16666666666667,24,62.75,8,61.714285714285715,7,0,ENV_YDST_108_HR_2019_2019_2020.csv
2019-01-30,2019,1,30,2,수,0,0,108,17.0,16.0,8.0,7.0,63.125,24,66.75,8,69.0,7,0,ENV_YDST_108_HR_2019_2019_2020.csv
2019-01-31,2019,1,31,3,목,0,0,108,17.0,16.0,8.0,7.0,62.166666666666664,24,59.125,8,57.285714285714285,7,0,ENV_YDST_108_HR_2019_2019_2020.csv
2019-02-01,2019,2,1,4,금,0,0,108,17.0,16.0,8.0,7.0,36.375,24,34.375,8,33.857142857142854,7,0,ENV_YDST_108_HR_2019_2019_2020.csv
2019-02-02,2019,2,2,5,토,1,0,108,17.0,16.0,8.0,7.0,56.625,24,56.75,8,54.857142857142854,7,0,ENV_YDST_108_HR_2019_2019_2020.csv
2019-02-03,2019,2,3,6,일,1,0,108,17.0,16.0,8.0,7.0,48.791666666666664,24,36.25,8,37.0,7,0,ENV_YDST_108_HR_2019_2019_2020.csv
2019-02-04,2019,2,4,0,월,0,0,108,17.0,16.0,8.0,7.0,73.125,24,66.125,8,70.85714285714286,7,0,ENV_YDST_108_HR_2019_2019_2020.csv
2019-02-05,2019,2,5,1,화,0,1,108,17.0,16.0,8.0,7.0,67.375,24,60.375,8,55.714285714285715,7,0,ENV_YDST_108_HR_2019_2019_2020.csv
2019-02-06,2019,2,6,2,수,0,0,108,17.0,16.0,8.0,7.0,87.41666666666667,24,90.625,8,92.0,7,1,ENV_YDST_108_HR_2019_2019_2020.csv
2019-02-07,2019,2,7,3,목,0,0,108,17.0,16.0,8.0,7.0,58.916666666666664,24,45.75,8,47.57142857142857,7,0,ENV_YDST_108_HR_2019_2019_2020.csv
2019-02-08,2019,2,8,4,금,0,0,108,17.0,16.0,8.0,7.0,31.166666666666668,24,29.5,8,28.714285714285715,7,0,ENV_YDST_108_HR_2019_2019_2020.csv
2019-02-09,2019,2,9,5,토,1,0,108,17.0,16.0,8.0,7.0,35.916666666666664,24,29.0,8,29.142857142857142,7,0,ENV_YDST_108_HR_2019_2019_2020.csv
2019-02-10,2019,2,10,6,일,1,0,108,17.0,16.0,8.0,7.0,44.458333333333336,24,46.25,8,46.285714285714285,7,0,ENV_YDST_108_HR_2019_2019_2020.csv
2019-02-11,2019,2,11,0,월,0,0,108,17.0,16.0,8.0,7.0,42.958333333333336,24,34.25,8,34.42857142857143,7,0,ENV_YDST_108_HR_2019_2019_2020.csv
2019-02-12,2019,2,12,1,화,0,1,108,17.0,16.0,8.0,7.0,64.125,24,74.625,8,74.28571428571429,7,0,ENV_YDST_108_HR_2019_2019_2020.csv
2019-02-13,2019,2,13,2,수,0,0,108,17.0,16.0,8.0,7.0,44.916666666666664,24,38.625,8,40.57142857142857,7,0,ENV_YDST_108_HR_2019_2019_2020.csv
2019-02-14,2019,2,14,3,목,0,0,108,17.0,16.0,8.0,7.0,54.666666666666664,24,47.375,8,46.42857142857143,7,0,ENV_YDST_108_HR_2019_2019_2020.csv
2019-02-15,2019,2,15,4,금,0,0,108,17.0,16.0,8.0,7.0,52.958333333333336,24,46.75,8,47.714285714285715,7,0,ENV_YDST_108_HR_2019_2019_2020.csv
2019-02-16,2019,2,16,5,토,1,0,108,17.0,16.0,8.0,7.0,69.85,20,71.625,8,71.42857142857143,7,0,ENV_YDST_108_HR_2019_2019_2020.csv
2019-02-17,2019,2,17,6,일,1,0,108,17.0,16.0,8.0,7.0,43.166666666666664,24,32.375,8,32.714285714285715,7,0,ENV_YDST_108_HR_2019_2019_2020.csv
2019-02-18,2019,2,18,0,월,0,0,108,17.0,16.0,8.0,7.0,48.416666666666664,24,54.0,8,50.57142857142857,7,0,ENV_YDST_108_HR_2019_2019_2020.csv
2019-02-19,2019,2,19,1,화,0,1,108,17.0,16.0,8.0,7.0,53.041666666666664,24,60.25,8,61.142857142857146,7,0,ENV_YDST_108_HR_2019_2019_2020.csv
2019-02-20,2019,2,20,2,수,0,0,108,17.0,16.0,8.0,7.0,64.25,24,69.0,8,68.14285714285714,7,0,ENV_YDST_108_HR_2019_2019_2020.csv
2019-02-21,2019,2,21,3,목,0,0,108,17.0,16.0,8.0,7.0,89.19047619047619,21,82.0,8,84.5,7,1,ENV_YDST_108_HR_2019_2019_2020.csv
2019-02-22,2019,2,22,4,금,0,0,108,17.0,16.0,8.0,7.0,84.25,24,99.125,8,104.57142857142857,7,1,ENV_YDST_108_HR_2019_2019_2020.csv
2019-02-23,2019,2,23,5,토,1,0,108,17.0,16.0,8.0,7.0,73.91666666666667,24,84.875,8,88.28571428571429,7,1,ENV_YDST_108_HR_2019_2019_2020.csv
2019-02-24,2019,2,24,6,일,1,0,108,17.0,16.0,8.0,7.0,76.45833333333333,24,73.875,8,73.42857142857143,7,0,ENV_YDST_108_HR_2019_2019_2020.csv
2019-02-25,2019,2,25,0,월,0,0,108,17.0,16.0,8.0,7.0,94.625,24,93.75,8,96.28571428571429,7,1,ENV_YDST_108_HR_2019_2019_2020.csv
2019-02-26,2019,2,26,1,화,0,1,108,17.0,16.0,8.0,7.0,54.791666666666664,24,52.75,8,54.285714285714285,7,0,ENV_YDST_108_HR_2019_2019_2020.csv
2019-02-27,2019,2,27,2,수,0,0,108,17.0,16.0,8.0,7.0,75.70833333333333,24,76.5,8,68.42857142857143,7,0,ENV_YDST_108_HR_2019_2019_2020.csv
2019-02-28,2019,2,28,3,목,0,0,108,17.0,16.0,8.0,7.0,91.66666666666667,24,100.125,8,95.57142857142857,7,1,ENV_YDST_108_HR_2019_2019_2020.csv
2019-03-01,2019,3,1,4,금,0,0,108,18.0,17.0,9.0,8.0,126.20833333333333,24,131.55555555555554,9,129.125,8,1,ENV_YDST_108_HR_2019_2019_2020.csv
2019-03-02,2019,3,2,5,토,1,0,108,18.0,17.0,9.0,8.0,130.58333333333334,24,120.0,9,119.625,8,1,ENV_YDST_108_HR_2019_2019_2020.csv
2019-03-03,2019,3,3,6,일,1,0,108,18.0,17.0,9.0,8.0,121.0,24,91.33333333333333,9,89.0,8,1,ENV_YDST_108_HR_2019_2019_2020.csv
2019-03-04,2019,3,4,0,월,0,0,108,18.0,17.0,9.0,8.0,227.14285714285714,7,,9,,8,0,ENV_YDST_108_HR_2019_2019_2020.csv
2019-03-05,2019,3,5,1,화,0,1,108,18.0,17.0,9.0,8.0,197.04166666666666,24,191.66666666666666,9,192.75,8,1,ENV_YDST_108_HR_2019_2019_2020.csv
2019-03-06,2019,3,6,2,수,0,0,108,18.0,17.0,9.0,8.0,147.45833333333334,24,162.77777777777777,9,171.25,8,1,ENV_YDST_108_HR_2019_2019_2020.csv
2019-03-07,2019,3,7,3,목,0,0,108,18.0,17.0,9.0,8.0,61.25,24,43.888888888888886,9,42.75,8,0,ENV_YDST_108_HR_2019_2019_2020.csv
2019-03-08,2019,3,8,4,금,0,0,108,18.0,17.0,9.0,8.0,49.25,24,54.22222222222222,9,55.125,8,0,ENV_YDST_108_HR_2019_2019_2020.csv
2019-03-09,2019,3,9,5,토,1,0,108,18.0,17.0,9.0,8.0,51.125,24,58.111111111111114,9,57.75,8,0,ENV_YDST_108_HR_2019_2019_2020.csv
2019-03-10,2019,3,10,6,일,1,0,108,18.0,17.0,9.0,8.0,56.125,24,42.111111111111114,9,43.0,8,0,ENV_YDST_108_HR_2019_2019_2020.csv
2019-03-11,2019,3,11,0,월,0,0,108,18.0,17.0,9.0,8.0,75.04166666666667,24,84.55555555555556,9,82.75,8,1,ENV_YDST_108_HR_2019_2019_2020.csv
2019-03-12,2019,3,12,1,화,0,1,108,18.0,17.0,9.0,8.0,84.25,24,90.22222222222223,9,96.125,8,1,ENV_YDST_108_HR_2019_2019_2020.csv
2019-03-13,2019,3,13,2,수,0,0,108,18.0,17.0,9.0,8.0,34.791666666666664,24,43.888888888888886,9,42.75,8,0,ENV_YDST_108_HR_2019_2019_2020.csv
2019-03-14,2019,3,14,3,목,0,0,108,18.0,17.0,9.0,8.0,46.166666666666664,24,40.44444444444444,9,38.875,8,0,ENV_YDST_108_HR_2019_2019_2020.csv
2019-03-15,2019,3,15,4,금,0,0,108,18.0,17.0,9.0,8.0,55.875,24,58.888888888888886,9,60.0,8,0,ENV_YDST_108_HR_2019_2019_2020.csv
2019-03-16,2019,3,16,5,토,1,0,108,18.0,17.0,9.0,8.0,41.541666666666664,24,46.666666666666664,9,48.75,8,0,ENV_YDST_108_HR_2019_2019_2020.csv
2019-03-17,2019,3,17,6,일,1,0,108,18.0,17.0,9.0,8.0,34.833333333333336,24,24.444444444444443,9,24.0,8,0,ENV_YDST_108_HR_2019_2019_2020.csv
2019-03-18,2019,3,18,0,월,0,0,108,18.0,17.0,9.0,8.0,40.666666666666664,24,40.22222222222222,9,35.375,8,0,ENV_YDST_108_HR_2019_2019_2020.csv
2019-03-19,2019,3,19,1,화,0,1,108,18.0,17.0,9.0,8.0,69.77272727272727,22,69.0,9,64.33333333333333,8,0,ENV_YDST_108_HR_2019_2019_2020.csv
2019-03-20,2019,3,20,2,수,0,0,108,18.0,17.0,9.0,8.0,106.66666666666667,24,110.55555555555556,9,113.0,8,1,ENV_YDST_108_HR_2019_2019_2020.csv
2019-03-21,2019,3,21,3,목,0,0,108,18.0,17.0,9.0,8.0,37.0,24,37.333333333333336,9,37.5,8,0,ENV_YDST_108_HR_2019_2019_2020.csv
2019-03-22,2019,3,22,4,금,0,0,108,18.0,17.0,9.0,8.0,33.333333333333336,24,36.44444444444444,9,35.875,8,0,ENV_YDST_108_HR_2019_2019_2020.csv
2019-03-23,2019,3,23,5,토,1,0,108,18.0,17.0,9.0,8.0,24.0,24,26.666666666666668,9,27.375,8,0,ENV_YDST_108_HR_2019_2019_2020.csv
2019-03-24,2019,3,24,6,일,1,0,108,18.0,17.0,9.0,8.0,23.541666666666668,24,22.555555555555557,9,22.75,8,0,ENV_YDST_108_HR_2019_2019_2020.csv
2019-03-25,2019,3,25,0,월,0,0,108,18.0,17.0,9.0,8.0,40.333333333333336,24,51.888888888888886,9,50.375,8,0,ENV_YDST_108_HR_2019_2019_2020.csv
2019-03-26,2019,3,26,1,화,0,1,108,18.0,17.0,9.0,8.0,50.5,24,43.888888888888886,9,45.25,8,0,ENV_YDST_108_HR_2019_2019_2020.csv
2019-03-27,2019,3,27,2,수,0,0,108,18.0,17.0,9.0,8.0,84.16666666666667,24,75.55555555555556,9,75.875,8,0,ENV_YDST_108_HR_2019_2019_2020.csv
2019-03-28,2019,3,28,3,목,0,0,108,18.0,17.0,9.0,8.0,77.5,24,63.44444444444444,9,64.75,8,0,ENV_YDST_108_HR_2019_2019_2020.csv
2019-03-29,2019,3,29,4,금,0,0,108,18.0,17.0,9.0,8.0,32.666666666666664,21,30.166666666666668,9,26.2,8,0,ENV_YDST_108_HR_2019_2019_2020.csv
2019-03-30,2019,3,30,5,토,1,0,108,18.0,17.0,9.0,8.0,36.25,24,36.77777777777778,9,37.625,8,0,ENV_YDST_108_HR_2019_2019_2020.csv
2019-03-31,2019,3,31,6,일,1,0,108,18.0,17.0,9.0,8.0,38.875,24,49.666666666666664,9,52.75,8,0,ENV_YDST_108_HR_2019_2019_2020.csv
2019-04-01,2019,4,1,0,월,0,0,108,18.0,17.0,9.0,8.0,22.625,24,19.444444444444443,9,18.375,8,0,ENV_YDST_108_HR_2019_2019_2020.csv
2019-04-02,2019,4,2,1,화,0,1,108,18.0,17.0,9.0,8.0,30.166666666666668,24,27.0,9,26.625,8,0,ENV_YDST_108_HR_2019_2019_2020.csv
2019-04-03,2019,4,3,2,수,0,0,108,18.0,17.0,9.0,8.0,36.458333333333336,24,39.666666666666664,9,40.75,8,0,ENV_YDST_108_HR_2019_2019_2020.csv
2019-04-04,2019,4,4,3,목,0,0,108,18.0,17.0,9.0,8.0,32.125,24,30.333333333333332,9,31.25,8,0,ENV_YDST_108_HR_2019_2019_2020.csv
2019-04-05,2019,4,5,4,금,0,0,108,18.0,17.0,9.0,8.0,52.625,24,68.11111111111111,9,68.5,8,0,ENV_YDST_108_HR_2019_2019_2020.csv
2019-04-06,2019,4,6,5,토,1,0,108,18.0,17.0,9.0,8.0,48.625,24,61.22222222222222,9,60.0,8,0,ENV_YDST_108_HR_2019_2019_2020.csv
2019-04-07,2019,4,7,6,일,1,0,108,18.0,17.0,9.0,8.0,33.625,24,27.88888888888889,9,28.5,8,0,ENV_YDST_108_HR_2019_2019_2020.csv
2019-04-08,2019,4,8,0,월,0,0,108,18.0,17.0,9.0,8.0,33.083333333333336,24,27.666666666666668,9,27.875,8,0,ENV_YDST_108_HR_2019_2019_2020.csv
2019-04-09,2019,4,9,1,화,0,1,108,18.0,17.0,9.0,8.0,38.68181818181818,22,65.0,9,65.0,8,0,ENV_YDST_108_HR_2019_2019_2020.csv
2019-04-10,2019,4,10,2,수,0,0,108,18.0,17.0,9.0,8.0,8.523809523809524,21,9.25,9,9.428571428571429,8,0,ENV_YDST_108_HR_2019_2019_2020.csv
2019-04-11,2019,4,11,3,목,0,0,108,18.0,17.0,9.0,8.0,27.041666666666668,24,29.333333333333332,9,29.125,8,0,ENV_YDST_108_HR_2019_2019_2020.csv
2019-04-12,2019,4,12,4,금,0,0,108,18.0,17.0,9.0,8.0,48.666666666666664,24,44.55555555555556,9,45.375,8,0,ENV_YDST_108_HR_2019_2019_2020.csv
2019-04-13,2019,4,13,5,토,1,0,108,18.0,17.0,9.0,8.0,52.208333333333336,24,42.22222222222222,9,43.875,8,0,ENV_YDST_108_HR_2019_2019_2020.csv
2019-04-14,2019,4,14,6,일,1,0,108,18.0,17.0,9.0,8.0,37.125,24,41.888888888888886,9,42.25,8,0,ENV_YDST_108_HR_2019_2019_2020.csv
2019-04-15,2019,4,15,0,월,0,0,108,18.0,17.0,9.0,8.0,41.916666666666664,24,44.22222222222222,9,44.625,8,0,ENV_YDST_108_HR_2019_2019_2020.csv
2019-04-16,2019,4,16,1,화,0,1,108,18.0,17.0,9.0,8.0,47.916666666666664,24,44.0,9,46.375,8,0,ENV_YDST_108_HR_2019_2019_2020.csv
2019-04-17,2019,4,17,2,수,0,0,108,18.0,17.0,9.0,8.0,35.80952380952381,21,40.42857142857143,9,40.666666666666664,8,0,ENV_YDST_108_HR_2019_2019_2020.csv
2019-04-18,2019,4,18,3,목,0,0,108,18.0,17.0,9.0,8.0,41.0,24,31.22222222222222,9,29.625,8,0,ENV_YDST_108_HR_2019_2019_2020.csv
2019-04-19,2019,4,19,4,금,0,0,108,18.0,17.0,9.0,8.0,54.22222222222222,18,61.333333333333336,9,61.333333333333336,8,0,ENV_YDST_108_HR_2019_2019_2020.csv
2019-04-20,2019,4,20,5,토,1,0,108,18.0,17.0,9.0,8.0,39.75,20,28.2,9,25.75,8,0,ENV_YDST_108_HR_2019_2019_2020.csv
2019-04-21,2019,4,21,6,일,1,0,108,18.0,17.0,9.0,8.0,32.625,24,26.666666666666668,9,22.75,8,0,ENV_YDST_108_HR_2019_2019_2020.csv
2019-04-22,2019,4,22,0,월,0,0,108,18.0,17.0,9.0,8.0,71.625,24,68.66666666666667,9,66.875,8,0,ENV_YDST_108_HR_2019_2019_2020.csv
2019-04-23,2019,4,23,1,화,0,1,108,18.0,17.0,9.0,8.0,71.29166666666667,24,59.22222222222222,9,58.875,8,0,ENV_YDST_108_HR_2019_2019_2020.csv
2019-04-24,2019,4,24,2,수,0,0,108,18.0,17.0,9.0,8.0,53.375,24,46.888888888888886,9,45.625,8,0,ENV_YDST_108_HR_2019_2019_2020.csv
2019-04-25,2019,4,25,3,목,0,0,108,18.0,17.0,9.0,8.0,34.333333333333336,24,40.22222222222222,9,39.375,8,0,ENV_YDST_108_HR_2019_2019_2020.csv
2019-04-26,2019,4,26,4,금,0,0,108,18.0,17.0,9.0,8.0,16.782608695652176,23,14.625,9,14.142857142857142,8,0,ENV_YDST_108_HR_2019_2019_2020.csv
2019-04-27,2019,4,27,5,토,1,0,108,18.0,17.0,9.0,8.0,16.142857142857142,21,11.714285714285714,9,9.5,8,0,ENV_YDST_108_HR_2019_2019_2020.csv
2019-04-28,2019,4,28,6,일,1,0,108,18.0,17.0,9.0,8.0,18.08695652173913,23,17.125,9,16.857142857142858,8,0,ENV_YDST_108_HR_2019_2019_2020.csv
2019-04-29,2019,4,29,0,월,0,0,108,18.0,17.0,9.0,8.0,24.857142857142858,14,,9,,8,0,ENV_YDST_108_HR_2019_2019_2020.csv
2019-04-30,2019,4,30,1,화,0,1,108,18.0,17.0,9.0,8.0,33.76190476190476,21,32.666666666666664,9,32.0,8,0,ENV_YDST_108_HR_2019_2019_2020.csv
2019-05-01,2019,5,1,2,수,0,0,108,18.0,17.0,9.0,8.0,40.791666666666664,24,43.0,9,40.0,8,0,ENV_YDST_108_HR_2019_2019_2020.csv
2019-05-02,2019,5,2,3,목,0,0,108,18.0,17.0,9.0,8.0,41.875,24,32.22222222222222,9,31.625,8,0,ENV_YDST_108_HR_2019_2019_2020.csv
2019-05-03,2019,5,3,4,금,0,0,108,18.0,17.0,9.0,8.0,59.25,24,54.77777777777778,9,53.25,8,0,ENV_YDST_108_HR_2019_2019_2020.csv
2019-05-04,2019,5,4,5,토,1,0,108,18.0,17.0,9.0,8.0,91.375,24,87.88888888888889,9,88.875,8,1,ENV_YDST_108_HR_2019_2019_2020.csv
2019-05-05,2019,5,5,6,일,1,0,108,18.0,17.0,9.0,8.0,76.125,24,61.666666666666664,9,60.625,8,0,ENV_YDST_108_HR_2019_2019_2020.csv
2019-05-06,2019,5,6,0,월,0,0,108,18.0,17.0,9.0,8.0,35.125,24,38.44444444444444,9,39.875,8,0,ENV_YDST_108_HR_2019_2019_2020.csv
2019-05-07,2019,5,7,1,화,0,1,108,18.0,17.0,9.0,8.0,43.54545454545455,22,44.0,9,44.0,8,0,ENV_YDST_108_HR_2019_2019_2020.csv
2019-05-08,2019,5,8,2,수,0,0,108,18.0,17.0,9.0,8.0,44.458333333333336,24,44.111111111111114,9,40.375,8,0,ENV_YDST_108_HR_2019_2019_2020.csv
2019-05-09,2019,5,9,3,목,0,0,108,18.0,17.0,9.0,8.0,47.541666666666664,24,33.55555555555556,9,31.25,8,0,ENV_YDST_108_HR_2019_2019_2020.csv
2019-05-10,2019,5,10,4,금,0,0,108,18.0,17.0,9.0,8.0,57.833333333333336,24,69.22222222222223,9,67.0,8,0,ENV_YDST_108_HR_2019_2019_2020.csv
2019-05-11,2019,5,11,5,토,1,0,108,18.0,17.0,9.0,8.0,55.125,24,61.111111111111114,9,61.625,8,0,ENV_YDST_108_HR_2019_2019_2020.csv
2019-05-12,2019,5,12,6,일,1,0,108,18.0,17.0,9.0,8.0,51.875,24,45.666666666666664,9,41.875,8,0,ENV_YDST_108_HR_2019_2019_2020.csv
2019-05-13,2019,5,13,0,월,0,0,108,18.0,17.0,9.0,8.0,54.81818181818182,22,63.42857142857143,9,62.166666666666664,8,0,ENV_YDST_108_HR_2019_2019_2020.csv
2019-05-14,2019,5,14,1,화,0,1,108,18.0,17.0,9.0,8.0,39.208333333333336,24,36.0,9,34.0,8,0,ENV_YDST_108_HR_2019_2019_2020.csv
2019-05-15,2019,5,15,2,수,0,0,108,18.0,17.0,9.0,8.0,58.458333333333336,24,58.55555555555556,9,58.0,8,0,ENV_YDST_108_HR_2019_2019_2020.csv
2019-05-16,2019,5,16,3,목,0,0,108,18.0,17.0,9.0,8.0,57.625,24,53.0,9,54.0,8,0,ENV_YDST_108_HR_2019_2019_2020.csv
2019-05-17,2019,5,17,4,금,0,0,108,18.0,17.0,9.0,8.0,48.916666666666664,24,38.333333333333336,9,37.75,8,0,ENV_YDST_108_HR_2019_2019_2020.csv
2019-05-18,2019,5,18,5,토,1,0,108,18.0,17.0,9.0,8.0,29.17391304347826,23,17.25,9,18.714285714285715,8,0,ENV_YDST_108_HR_2019_2019_2020.csv
2019-05-19,2019,5,19,6,일,1,0,108,18.0,17.0,9.0,8.0,20.454545454545453,22,17.0,9,15.666666666666666,8,0,ENV_YDST_108_HR_2019_2019_2020.csv
2019-05-20,2019,5,20,0,월,0,0,108,18.0,17.0,9.0,8.0,21.916666666666668,24,20.11111111111111,9,21.375,8,0,ENV_YDST_108_HR_2019_2019_2020.csv
2019-05-21,2019,5,21,1,화,0,1,108,18.0,17.0,9.0,8.0,36.458333333333336,24,21.11111111111111,9,20.125,8,0,ENV_YDST_108_HR_2019_2019_2020.csv
2019-05-22,2019,5,22,2,수,0,0,108,18.0,17.0,9.0,8.0,43.0,24,27.77777777777778,9,27.0,8,0,ENV_YDST_108_HR_2019_2019_2020.csv
2019-05-23,2019,5,23,3,목,0,0,108,18.0,17.0,9.0,8.0,62.333333333333336,24,61.0,9,62.125,8,0,ENV_YDST_108_HR_2019_2019_2020.csv
2019-05-24,2019,5,24,4,금,0,0,108,18.0,17.0,9.0,8.0,65.83333333333333,24,56.888888888888886,9,54.875,8,0,ENV_YDST_108_HR_2019_2019_2020.csv
2019-05-25,2019,5,25,5,토,1,0,108,18.0,17.0,9.0,8.0,67.45833333333333,24,50.111111111111114,9,53.125,8,0,ENV_YDST_108_HR_2019_2019_2020.csv
2019-05-26,2019,5,26,6,일,1,0,108,18.0,17.0,9.0,8.0,33.083333333333336,24,31.0,9,30.75,8,0,ENV_YDST_108_HR_2019_2019_2020.csv
2019-05-27,2019,5,27,0,월,0,0,108,18.0,17.0,9.0,8.0,24.541666666666668,24,23.11111111111111,9,23.75,8,0,ENV_YDST_108_HR_2019_2019_2020.csv
2019-05-28,2019,5,28,1,화,0,1,108,18.0,17.0,9.0,8.0,14.363636363636363,22,10.0,9,9.0,8,0,ENV_YDST_108_HR_2019_2019_2020.csv
2019-05-29,2019,5,29,2,수,0,0,108,18.0,17.0,9.0,8.0,32.916666666666664,24,31.22222222222222,9,31.0,8,0,ENV_YDST_108_HR_2019_2019_2020.csv
2019-05-30,2019,5,30,3,목,0,0,108,18.0,17.0,9.0,8.0,35.833333333333336,24,35.666666666666664,9,33.75,8,0,ENV_YDST_108_HR_2019_2019_2020.csv
2019-05-31,2019,5,31,4,금,0,0,108,18.0,17.0,9.0,8.0,17.26086956521739,23,13.625,9,13.428571428571429,8,0,ENV_YDST_108_HR_2019_2019_2020.csv
2019-06-01,2019,6,1,5,토,1,0,108,18.5,17.5,9.5,8.5,30.916666666666668,24,28.3,10,28.333333333333332,9,0,ENV_YDST_108_HR_2019_2019_2020.csv
2019-06-02,2019,6,2,6,일,1,0,108,18.5,17.5,9.5,8.5,28.583333333333332,24,26.1,10,27.0,9,0,ENV_YDST_108_HR_2019_2019_2020.csv
2019-06-03,2019,6,3,0,월,0,0,108,18.5,17.5,9.5,8.5,29.541666666666668,24,25.0,10,24.22222222222222,9,0,ENV_YDST_108_HR_2019_2019_2020.csv
2019-06-04,2019,6,4,1,화,0,1,108,18.5,17.5,9.5,8.5,32.0,24,33.7,10,33.666666666666664,9,0,ENV_YDST_108_HR_2019_2019_2020.csv
2019-06-05,2019,6,5,2,수,0,0,108,18.5,17.5,9.5,8.5,42.916666666666664,24,49.9,10,51.0,9,0,ENV_YDST_108_HR_2019_2019_2020.csv
2019-06-06,2019,6,6,3,목,0,0,108,18.5,17.5,9.5,8.5,45.208333333333336,24,57.5,10,58.666666666666664,9,0,ENV_YDST_108_HR_2019_2019_2020.csv
2019-06-07,2019,6,7,4,금,0,0,108,18.5,17.5,9.5,8.5,12.909090909090908,22,7.625,10,7.714285714285714,9,0,ENV_YDST_108_HR_2019_2019_2020.csv
2019-06-08,2019,6,8,5,토,1,0,108,18.5,17.5,9.5,8.5,21.47826086956522,23,24.333333333333332,10,22.875,9,0,ENV_YDST_108_HR_2019_2019_2020.csv
2019-06-09,2019,6,9,6,일,1,0,108,18.5,17.5,9.5,8.5,34.31818181818182,22,29.4,10,30.444444444444443,9,0,ENV_YDST_108_HR_2019_2019_2020.csv
2019-06-10,2019,6,10,0,월,0,0,108,18.5,17.5,9.5,8.5,11.5625,16,9.0,10,5.0,9,0,ENV_YDST_108_HR_2019_2019_2020.csv
2019-06-11,2019,6,11,1,화,0,1,108,18.5,17.5,9.5,8.5,14.076923076923077,13,21.0,10,21.0,9,0,ENV_YDST_108_HR_2019_2019_2020.csv
2019-06-12,2019,6,12,2,수,0,0,108,18.5,17.5,9.5,8.5,21.5,24,27.2,10,27.333333333333332,9,0,ENV_YDST_108_HR_2019_2019_2020.csv
2019-06-13,2019,6,13,3,목,0,0,108,18.5,17.5,9.5,8.5,23.708333333333332,24,24.0,10,24.88888888888889,9,0,ENV_YDST_108_HR_2019_2019_2020.csv
2019-06-14,2019,6,14,4,금,0,0,108,18.5,17.5,9.5,8.5,25.916666666666668,24,17.3,10,16.88888888888889,9,0,ENV_YDST_108_HR_2019_2019_2020.csv
2019-06-15,2019,6,15,5,토,1,0,108,18.5,17.5,9.5,8.5,23.90909090909091,22,22.4,10,21.11111111111111,9,0,ENV_YDST_108_HR_2019_2019_2020.csv
2019-06-16,2019,6,16,6,일,1,0,108,18.5,17.5,9.5,8.5,14.65,20,11.0,10,10.333333333333334,9,0,ENV_YDST_108_HR_2019_2019_2020.csv
2019-06-17,2019,6,17,0,월,0,0,108,18.5,17.5,9.5,8.5,21.625,24,16.4,10,16.88888888888889,9,0,ENV_YDST_108_HR_2019_2019_2020.csv
2019-06-18,2019,6,18,1,화,0,1,108,18.5,17.5,9.5,8.5,32.6,20,29.11111111111111,10,31.5,9,0,ENV_YDST_108_HR_2019_2019_2020.csv
2019-06-19,2019,6,19,2,수,0,0,108,18.5,17.5,9.5,8.5,27.583333333333332,24,26.9,10,25.11111111111111,9,0,ENV_YDST_108_HR_2019_2019_2020.csv
2019-06-20,2019,6,20,3,목,0,0,108,18.5,17.5,9.5,8.5,23.958333333333332,24,22.2,10,20.666666666666668,9,0,ENV_YDST_108_HR_2019_2019_2020.csv
2019-06-21,2019,6,21,4,금,0,0,108,18.5,17.5,9.5,8.5,22.875,24,25.0,10,24.77777777777778,9,0,ENV_YDST_108_HR_2019_2019_2020.csv
2019-06-22,2019,6,22,5,토,1,0,108,18.5,17.5,9.5,8.5,10.65,20,8.571428571428571,10,7.833333333333333,9,0,ENV_YDST_108_HR_2019_2019_2020.csv
2019-06-23,2019,6,23,6,일,1,0,108,18.5,17.5,9.5,8.5,10.0,18,9.444444444444445,10,8.375,9,0,ENV_YDST_108_HR_2019_2019_2020.csv
2019-06-24,2019,6,24,0,월,0,0,108,18.5,17.5,9.5,8.5,19.73913043478261,23,21.4,10,20.77777777777778,9,0,ENV_YDST_108_HR_2019_2019_2020.csv
2019-06-25,2019,6,25,1,화,0,1,108,18.5,17.5,9.5,8.5,32.30434782608695,23,33.22222222222222,10,31.625,9,0,ENV_YDST_108_HR_2019_2019_2020.csv
2019-06-26,2019,6,26,2,수,0,0,108,18.5,17.5,9.5,8.5,28.125,24,30.7,10,30.0,9,0,ENV_YDST_108_HR_2019_2019_2020.csv
2019-06-27,2019,6,27,3,목,0,0,108,18.5,17.5,9.5,8.5,20.3125,16,12.0,10,12.0,9,0,ENV_YDST_108_HR_2019_2019_2020.csv
2019-06-28,2019,6,28,4,금,0,0,108,18.5,17.5,9.5,8.5,39.916666666666664,24,40.7,10,39.666666666666664,9,0,ENV_YDST_108_HR_2019_2019_2020.csv
2019-06-29,2019,6,29,5,토,1,0,108,18.5,17.5,9.5,8.5,27.789473684210527,19,23.833333333333332,10,22.8,9,0,ENV_YDST_108_HR_2019_2019_2020.csv
2019-06-30,2019,6,30,6,일,1,0,108,18.5,17.5,9.5,8.5,33.208333333333336,24,21.4,10,21.11111111111111,9,0,ENV_YDST_108_HR_2019_2019_2020.csv
2019-07-01,2019,7,1,0,월,0,0,108,18.5,17.5,9.5,8.5,30.875,24,22.5,10,23.11111111111111,9,0,ENV_YDST_108_HR_2019_2019_2020.csv
2019-07-02,2019,7,2,1,화,0,1,108,18.5,17.5,9.5,8.5,27.583333333333332,24,21.5,10,20.555555555555557,9,0,ENV_YDST_108_HR_2019_2019_2020.csv
2019-07-03,2019,7,3,2,수,0,0,108,18.5,17.5,9.5,8.5,28.291666666666668,24,23.9,10,23.11111111111111,9,0,ENV_YDST_108_HR_2019_2019_2020.csv
2019-07-04,2019,7,4,3,목,0,0,108,18.5,17.5,9.5,8.5,26.17391304347826,23,18.0,10,17.0,9,0,ENV_YDST_108_HR_2019_2019_2020.csv
2019-07-05,2019,7,5,4,금,0,0,108,18.5,17.5,9.5,8.5,29.791666666666668,24,36.7,10,35.44444444444444,9,0,ENV_YDST_108_HR_2019_2019_2020.csv
2019-07-06,2019,7,6,5,토,1,0,108,18.5,17.5,9.5,8.5,26.916666666666668,24,25.7,10,25.88888888888889,9,0,ENV_YDST_108_HR_2019_2019_2020.csv
2019-07-07,2019,7,7,6,일,1,0,108,18.5,17.5,9.5,8.5,16.25,24,11.7,10,12.0,9,0,ENV_YDST_108_HR_2019_2019_2020.csv
2019-07-08,2019,7,8,0,월,0,0,108,18.5,17.5,9.5,8.5,16.695652173913043,23,23.444444444444443,10,21.875,9,0,ENV_YDST_108_HR_2019_2019_2020.csv
2019-07-09,2019,7,9,1,화,0,1,108,18.5,17.5,9.5,8.5,13.0,24,15.9,10,15.777777777777779,9,0,ENV_YDST_108_HR_2019_2019_2020.csv
2019-07-10,2019,7,10,2,수,0,0,108,18.5,17.5,9.5,8.5,12.791666666666666,24,15.5,10,16.11111111111111,9,0,ENV_YDST_108_HR_2019_2019_2020.csv
2019-07-11,2019,7,11,3,목,0,0,108,18.5,17.5,9.5,8.5,7.75,20,10.714285714285714,10,11.333333333333334,9,0,ENV_YDST_108_HR_2019_2019_2020.csv
2019-07-12,2019,7,12,4,금,0,0,108,18.5,17.5,9.5,8.5,14.347826086956522,23,15.6,10,14.666666666666666,9,0,ENV_YDST_108_HR_2019_2019_2020.csv
2019-07-13,2019,7,13,5,토,1,0,108,18.5,17.5,9.5,8.5,31.625,24,28.3,10,27.0,9,0,ENV_YDST_108_HR_2019_2019_2020.csv
2019-07-14,2019,7,14,6,일,1,0,108,18.5,17.5,9.5,8.5,40.458333333333336,24,35.1,10,34.111111111111114,9,0,ENV_YDST_108_HR_2019_2019_2020.csv
2019-07-15,2019,7,15,0,월,0,0,108,18.5,17.5,9.5,8.5,39.4,20,46.57142857142857,9,46.57142857142857,8,0,ENV_YDST_108_HR_2019_2019_2020.csv
2019-07-16,2019,7,16,1,화,0,1,108,18.5,17.5,9.5,8.5,31.80952380952381,21,32.5,10,30.428571428571427,9,0,ENV_YDST_108_HR_2019_2019_2020.csv
2019-07-17,2019,7,17,2,수,0,0,108,18.5,17.5,9.5,8.5,53.208333333333336,24,52.2,10,51.0,9,0,ENV_YDST_108_HR_2019_2019_2020.csv
2019-07-18,2019,7,18,3,목,0,0,108,18.5,17.5,9.5,8.5,61.416666666666664,24,52.1,10,51.666666666666664,9,0,ENV_YDST_108_HR_2019_2019_2020.csv
2019-07-19,2019,7,19,4,금,0,0,108,18.5,17.5,9.5,8.5,34.791666666666664,24,21.0,10,20.444444444444443,9,0,ENV_YDST_108_HR_2019_2019_2020.csv
2019-07-20,2019,7,20,5,토,1,0,108,18.5,17.5,9.5,8.5,11.0,19,13.166666666666666,10,12.0,9,0,ENV_YDST_108_HR_2019_2019_2020.csv
2019-07-21,2019,7,21,6,일,1,0,108,18.5,17.5,9.5,8.5,16.428571428571427,21,12.333333333333334,10,12.25,9,0,ENV_YDST_108_HR_2019_2019_2020.csv
2019-07-22,2019,7,22,0,월,0,0,108,18.5,17.5,9.5,8.5,41.708333333333336,24,32.5,10,31.555555555555557,9,0,ENV_YDST_108_HR_2019_2019_2020.csv
2019-07-23,2019,7,23,1,화,0,1,108,18.5,17.5,9.5,8.5,22.25,24,16.5,10,15.88888888888889,9,0,ENV_YDST_108_HR_2019_2019_2020.csv
2019-07-24,2019,7,24,2,수,0,0,108,18.5,17.5,9.5,8.5,22.708333333333332,24,21.7,10,23.0,9,0,ENV_YDST_108_HR_2019_2019_2020.csv
2019-07-25,2019,7,25,3,목,0,0,108,18.5,17.5,9.5,8.5,25.52173913043478,23,20.333333333333332,10,21.125,9,0,ENV_YDST_108_HR_2019_2019_2020.csv
2019-07-26,2019,7,26,4,금,0,0,108,18.5,17.5,9.5,8.5,22.58823529411765,17,11.75,9,12.0,8,0,ENV_YDST_108_HR_2019_2019_2020.csv
2019-07-27,2019,7,27,5,토,1,0,108,18.5,17.5,9.5,8.5,21.91304347826087,23,18.77777777777778,10,15.5,9,0,ENV_YDST_108_HR_2019_2019_2020.csv
2019-07-28,2019,7,28,6,일,1,0,108,18.5,17.5,9.5,8.5,18.181818181818183,11,,2,,1,0,ENV_YDST_108_HR_2019_2019_2020.csv
2019-07-29,2019,7,29,0,월,0,0,108,18.5,17.5,9.5,8.5,14.041666666666666,24,14.7,10,13.666666666666666,9,0,ENV_YDST_108_HR_2019_2019_2020.csv
2019-07-30,2019,7,30,1,화,0,1,108,18.5,17.5,9.5,8.5,18.26086956521739,23,20.555555555555557,10,19.125,9,0,ENV_YDST_108_HR_2019_2019_2020.csv
2019-07-31,2019,7,31,2,수,0,0,108,18.5,17.5,9.5,8.5,22.0,8,24.5,7,27.0,6,0,ENV_YDST_108_HR_2019_2019_2020.csv
2019-08-01,2019,8,1,3,목,0,0,108,18.5,17.5,9.5,8.5,18.176470588235293,17,18.428571428571427,10,17.166666666666668,9,0,ENV_YDST_108_HR_2019_2019_2020.csv
2019-08-02,2019,8,2,4,금,0,0,108,18.5,17.5,9.5,8.5,19.608695652173914,23,18.555555555555557,10,17.625,9,0,ENV_YDST_108_HR_2019_2019_2020.csv
2019-08-03,2019,8,3,5,토,1,0,108,18.5,17.5,9.5,8.5,17.055555555555557,18,15.0,9,15.0,8,0,ENV_YDST_108_HR_2019_2019_2020.csv
2019-08-04,2019,8,4,6,일,1,0,108,18.5,17.5,9.5,8.5,27.954545454545453,22,36.111111111111114,10,36.111111111111114,9,0,ENV_YDST_108_HR_2019_2019_2020.csv
2019-08-05,2019,8,5,0,월,0,0,108,18.5,17.5,9.5,8.5,37.541666666666664,24,35.2,10,34.22222222222222,9,0,ENV_YDST_108_HR_2019_2019_2020.csv
2019-08-06,2019,8,6,1,화,0,1,108,18.5,17.5,9.5,8.5,25.958333333333332,24,22.1,10,21.11111111111111,9,0,ENV_YDST_108_HR_2019_2019_2020.csv
2019-08-07,2019,8,7,2,수,0,0,108,18.5,17.5,9.5,8.5,20.041666666666668,24,19.8,10,18.77777777777778,9,0,ENV_YDST_108_HR_2019_2019_2020.csv
2019-08-08,2019,8,8,3,목,0,0,108,18.5,17.5,9.5,8.5,40.416666666666664,24,38.0,10,38.77777777777778,9,0,ENV_YDST_108_HR_2019_2019_2020.csv
2019-08-09,2019,8,9,4,금,0,0,108,18.5,17.5,9.5,8.5,26.347826086956523,23,24.77777777777778,10,24.75,9,0,ENV_YDST_108_HR_2019_2019_2020.csv
2019-08-10,2019,8,10,5,토,1,0,108,18.5,17.5,9.5,8.5,26.916666666666668,24,35.1,10,37.111111111111114,9,0,ENV_YDST_108_HR_2019_2019_2020.csv
2019-08-11,2019,8,11,6,일,1,0,108,18.5,17.5,9.5,8.5,19.791666666666668,24,22.2,10,22.0,9,0,ENV_YDST_108_HR_2019_2019_2020.csv
2019-08-12,2019,8,12,0,월,0,0,108,18.5,17.5,9.5,8.5,21.875,24,21.8,10,22.22222222222222,9,0,ENV_YDST_108_HR_2019_2019_2020.csv
2019-08-13,2019,8,13,1,화,0,1,108,18.5,17.5,9.5,8.5,26.681818181818183,22,23.333333333333332,10,21.375,9,0,ENV_YDST_108_HR_2019_2019_2020.csv
2019-08-14,2019,8,14,2,수,0,0,108,18.5,17.5,9.5,8.5,18.043478260869566,23,15.2,10,14.333333333333334,9,0,ENV_YDST_108_HR_2019_2019_2020.csv
2019-08-15,2019,8,15,3,목,0,0,108,18.5,17.5,9.5,8.5,10.714285714285714,21,11.875,10,12.714285714285714,9,0,ENV_YDST_108_HR_2019_2019_2020.csv
2019-08-16,2019,8,16,4,금,0,0,108,18.5,17.5,9.5,8.5,15.761904761904763,21,16.0,10,15.285714285714286,9,0,ENV_YDST_108_HR_2019_2019_2020.csv
2019-08-17,2019,8,17,5,토,1,0,108,18.5,17.5,9.5,8.5,28.681818181818183,22,25.7,10,27.0,9,0,ENV_YDST_108_HR_2019_2019_2020.csv
2019-08-18,2019,8,18,6,일,1,0,108,18.5,17.5,9.5,8.5,24.25,24,22.7,10,21.77777777777778,9,0,ENV_YDST_108_HR_2019_2019_2020.csv
2019-08-19,2019,8,19,0,월,0,0,108,18.5,17.5,9.5,8.5,23.416666666666668,24,22.7,10,22.444444444444443,9,0,ENV_YDST_108_HR_2019_2019_2020.csv
2019-08-20,2019,8,20,1,화,0,1,108,18.5,17.5,9.5,8.5,27.791666666666668,24,28.9,10,28.22222222222222,9,0,ENV_YDST_108_HR_2019_2019_2020.csv
2019-08-21,2019,8,21,2,수,0,0,108,18.5,17.5,9.5,8.5,34.458333333333336,24,34.9,10,33.22222222222222,9,0,ENV_YDST_108_HR_2019_2019_2020.csv
2019-08-22,2019,8,22,3,목,0,0,108,18.5,17.5,9.5,8.5,38.708333333333336,24,34.1,10,33.666666666666664,9,0,ENV_YDST_108_HR_2019_2019_2020.csv
2019-08-23,2019,8,23,4,금,0,0,108,18.5,17.5,9.5,8.5,29.818181818181817,22,29.75,10,30.285714285714285,9,0,ENV_YDST_108_HR_2019_2019_2020.csv
2019-08-24,2019,8,24,5,토,1,0,108,18.5,17.5,9.5,8.5,22.291666666666668,24,25.0,10,26.22222222222222,9,0,ENV_YDST_108_HR_2019_2019_2020.csv
2019-08-25,2019,8,25,6,일,1,0,108,18.5,17.5,9.5,8.5,19.291666666666668,24,19.5,10,19.0,9,0,ENV_YDST_108_HR_2019_2019_2020.csv
2019-08-26,2019,8,26,0,월,0,0,108,18.5,17.5,9.5,8.5,27.0,24,25.4,10,24.88888888888889,9,0,ENV_YDST_108_HR_2019_2019_2020.csv
2019-08-27,2019,8,27,1,화,0,1,108,18.5,17.5,9.5,8.5,28.375,24,21.6,10,20.555555555555557,9,0,ENV_YDST_108_HR_2019_2019_2020.csv
2019-08-28,2019,8,28,2,수,0,0,108,18.5,17.5,9.5,8.5,27.4,15,29.666666666666668,7,29.666666666666668,7,0,ENV_YDST_108_HR_2019_2019_2020.csv
2019-09-02,2019,9,2,0,월,0,0,108,18.0,17.0,9.0,8.0,24.0,9,27.0,4,27.0,3,0,ENV_YDST_108_HR_2019_2019_2020.csv
2019-09-03,2019,9,3,1,화,0,1,108,18.0,17.0,9.0,8.0,25.47826086956522,23,29.22222222222222,9,28.625,8,0,ENV_YDST_108_HR_2019_2019_2020.csv
2019-09-04,2019,9,4,2,수,0,0,108,18.0,17.0,9.0,8.0,8.3,20,9.555555555555555,9,8.625,8,0,ENV_YDST_108_HR_2019_2019_2020.csv
2019-09-05,2019,9,5,3,목,0,0,108,18.0,17.0,9.0,8.0,10.647058823529411,17,12.75,8,12.75,7,0,ENV_YDST_108_HR_2019_2019_2020.csv
2019-09-06,2019,9,6,4,금,0,0,108,18.0,17.0,9.0,8.0,18.217391304347824,23,23.444444444444443,9,19.625,8,0,ENV_YDST_108_HR_2019_2019_2020.csv
2019-09-07,2019,9,7,5,토,1,0,108,18.0,17.0,9.0,8.0,10.956521739130435,23,12.625,9,10.285714285714286,8,0,ENV_YDST_108_HR_2019_2019_2020.csv
2019-09-08,2019,9,8,6,일,1,0,108,18.0,17.0,9.0,8.0,33.5,24,31.444444444444443,9,28.625,8,0,ENV_YDST_108_HR_2019_2019_2020.csv
2019-09-09,2019,9,9,0,월,0,0,108,18.0,17.0,9.0,8.0,36.208333333333336,24,38.44444444444444,9,41.125,8,0,ENV_YDST_108_HR_2019_2019_2020.csv
2019-09-10,2019,9,10,1,화,0,1,108,18.0,17.0,9.0,8.0,19.285714285714285,21,17.375,9,17.285714285714285,8,0,ENV_YDST_108_HR_2019_2019_2020.csv
2019-09-11,2019,9,11,2,수,0,0,108,18.0,17.0,9.0,8.0,16.347826086956523,23,20.0,9,19.0,8,0,ENV_YDST_108_HR_2019_2019_2020.csv
2019-09-12,2019,9,12,3,목,0,0,108,18.0,17.0,9.0,8.0,30.695652173913043,23,38.55555555555556,9,40.125,8,0,ENV_YDST_108_HR_2019_2019_2020.csv
2019-09-13,2019,9,13,4,금,0,0,108,18.0,17.0,9.0,8.0,19.0,22,21.25,9,15.142857142857142,8,0,ENV_YDST_108_HR_2019_2019_2020.csv
2019-09-14,2019,9,14,5,토,1,0,108,18.0,17.0,9.0,8.0,21.75,24,22.444444444444443,9,23.5,8,0,ENV_YDST_108_HR_2019_2019_2020.csv
2019-09-15,2019,9,15,6,일,1,0,108,18.0,17.0,9.0,8.0,20.0,20,13.333333333333334,9,14.8,8,0,ENV_YDST_108_HR_2019_2019_2020.csv
2019-09-16,2019,9,16,0,월,0,0,108,18.0,17.0,9.0,8.0,12.826086956521738,23,13.11111111111111,9,13.25,8,0,ENV_YDST_108_HR_2019_2019_2020.csv
2019-09-17,2019,9,17,1,화,0,1,108,18.0,17.0,9.0,8.0,17.65,20,18.0,9,18.0,8,0,ENV_YDST_108_HR_2019_2019_2020.csv
2019-09-18,2019,9,18,2,수,0,0,108,18.0,17.0,9.0,8.0,24.954545454545453,22,25.375,9,25.375,8,0,ENV_YDST_108_HR_2019_2019_2020.csv
2019-09-19,2019,9,19,3,목,0,0,108,18.0,17.0,9.0,8.0,19.142857142857142,21,19.285714285714285,9,20.833333333333332,8,0,ENV_YDST_108_HR_2019_2019_2020.csv
2019-09-20,2019,9,20,4,금,0,0,108,18.0,17.0,9.0,8.0,19.375,24,23.77777777777778,9,24.75,8,0,ENV_YDST_108_HR_2019_2019_2020.csv
2019-09-21,2019,9,21,5,토,1,0,108,18.0,17.0,9.0,8.0,17.25,16,24.625,9,24.625,8,0,ENV_YDST_108_HR_2019_2019_2020.csv
2019-09-22,2019,9,22,6,일,1,0,108,18.0,17.0,9.0,8.0,,0,,9,,8,0,ENV_YDST_108_HR_2019_2019_2020.csv
2019-09-23,2019,9,23,0,월,0,0,108,18.0,17.0,9.0,8.0,30.285714285714285,7,28.0,9,,8,0,ENV_YDST_108_HR_2019_2019_2020.csv
2019-09-24,2019,9,24,1,화,0,1,108,18.0,17.0,9.0,8.0,21.166666666666668,24,19.88888888888889,9,19.25,8,0,ENV_YDST_108_HR_2019_2019_2020.csv
2019-09-25,2019,9,25,2,수,0,0,108,18.0,17.0,9.0,8.0,29.5,24,25.88888888888889,9,24.75,8,0,ENV_YDST_108_HR_2019_2019_2020.csv
2019-09-26,2019,9,26,3,목,0,0,108,18.0,17.0,9.0,8.0,28.5,24,26.22222222222222,9,26.75,8,0,ENV_YDST_108_HR_2019_2019_2020.csv
2019-09-27,2019,9,27,4,금,0,0,108,18.0,17.0,9.0,8.0,20.391304347826086,23,17.375,9,16.714285714285715,8,0,ENV_YDST_108_HR_2019_2019_2020.csv
2019-09-28,2019,9,28,5,토,1,0,108,18.0,17.0,9.0,8.0,27.5,24,24.11111111111111,9,23.625,8,0,ENV_YDST_108_HR_2019_2019_2020.csv
2019-09-29,2019,9,29,6,일,1,0,108,18.0,17.0,9.0,8.0,38.333333333333336,24,31.11111111111111,9,30.875,8,0,ENV_YDST_108_HR_2019_2019_2020.csv
2019-09-30,2019,9,30,0,월,0,0,108,18.0,17.0,9.0,8.0,50.833333333333336,24,31.11111111111111,9,28.375,8,0,ENV_YDST_108_HR_2019_2019_2020.csv
2019-10-01,2019,10,1,1,화,0,1,108,18.0,17.0,9.0,8.0,44.958333333333336,24,35.44444444444444,9,35.25,8,0,ENV_YDST_108_HR_2019_2019_2020.csv
2019-10-02,2019,10,2,2,수,0,0,108,18.0,17.0,9.0,8.0,24.958333333333332,24,20.77777777777778,9,21.25,8,0,ENV_YDST_108_HR_2019_2019_2020.csv
2019-10-03,2019,10,3,3,목,0,0,108,18.0,17.0,9.0,8.0,9.31578947368421,19,6.0,9,6.2,8,0,ENV_YDST_108_HR_2019_2019_2020.csv
2019-10-04,2019,10,4,4,금,0,0,108,18.0,17.0,9.0,8.0,27.041666666666668,24,20.11111111111111,9,18.75,8,0,ENV_YDST_108_HR_2019_2019_2020.csv
2019-10-05,2019,10,5,5,토,1,0,108,18.0,17.0,9.0,8.0,36.0,23,36.0,9,37.0,8,0,ENV_YDST_108_HR_2019_2019_2020.csv
2019-10-06,2019,10,6,6,일,1,0,108,18.0,17.0,9.0,8.0,11.61111111111111,18,8.0,9,6.25,8,0,ENV_YDST_108_HR_2019_2019_2020.csv
2019-10-07,2019,10,7,0,월,0,0,108,18.0,17.0,9.0,8.0,13.75,24,11.88888888888889,9,12.375,8,0,ENV_YDST_108_HR_2019_2019_2020.csv
2019-10-08,2019,10,8,1,화,0,1,108,18.0,17.0,9.0,8.0,18.0,1,,0,,0,0,ENV_YDST_108_HR_2019_2019_2020.csv
2019-10-10,2019,10,10,3,목,0,0,108,18.0,17.0,9.0,8.0,27.347826086956523,23,24.444444444444443,9,23.125,8,0,ENV_YDST_108_HR_2019_2019_2020.csv
2019-10-11,2019,10,11,4,금,0,0,108,18.0,17.0,9.0,8.0,30.59090909090909,22,23.857142857142858,9,24.0,8,0,ENV_YDST_108_HR_2019_2019_2020.csv
2019-10-12,2019,10,12,5,토,1,0,108,18.0,17.0,9.0,8.0,21.52173913043478,23,20.75,9,20.571428571428573,8,0,ENV_YDST_108_HR_2019_2019_2020.csv
2019-10-13,2019,10,13,6,일,1,0,108,18.0,17.0,9.0,8.0,15.714285714285714,21,8.833333333333334,9,7.4,8,0,ENV_YDST_108_HR_2019_2019_2020.csv
2019-10-14,2019,10,14,0,월,0,0,108,18.0,17.0,9.0,8.0,27.541666666666668,24,25.0,9,25.75,8,0,ENV_YDST_108_HR_2019_2019_2020.csv
2019-10-15,2019,10,15,1,화,0,1,108,18.0,17.0,9.0,8.0,20.235294117647058,17,12.0,9,12.5,8,0,ENV_YDST_108_HR_2019_2019_2020.csv
2019-10-16,2019,10,16,2,수,0,0,108,18.0,17.0,9.0,8.0,25.47826086956522,23,17.75,9,17.428571428571427,8,0,ENV_YDST_108_HR_2019_2019_2020.csv
2019-10-17,2019,10,17,3,목,0,0,108,18.0,17.0,9.0,8.0,24.583333333333332,24,15.333333333333334,9,15.25,8,0,ENV_YDST_108_HR_2019_2019_2020.csv
2019-10-18,2019,10,18,4,금,0,0,108,18.0,17.0,9.0,8.0,17.5,20,9.5,9,8.4,8,0,ENV_YDST_108_HR_2019_2019_2020.csv
2019-10-19,2019,10,19,5,토,1,0,108,18.0,17.0,9.0,8.0,19.318181818181817,22,12.571428571428571,9,11.833333333333334,8,0,ENV_YDST_108_HR_2019_2019_2020.csv
2019-10-20,2019,10,20,6,일,1,0,108,18.0,17.0,9.0,8.0,35.791666666666664,24,26.77777777777778,9,27.125,8,0,ENV_YDST_108_HR_2019_2019_2020.csv
2019-10-21,2019,10,21,0,월,0,0,108,18.0,17.0,9.0,8.0,37.583333333333336,24,27.11111111111111,9,25.25,8,0,ENV_YDST_108_HR_2019_2019_2020.csv
2019-10-22,2019,10,22,1,화,0,1,108,18.0,17.0,9.0,8.0,35.91304347826087,23,20.11111111111111,9,19.375,8,0,ENV_YDST_108_HR_2019_2019_2020.csv
2019-10-23,2019,10,23,2,수,0,0,108,18.0,17.0,9.0,8.0,21.291666666666668,24,11.666666666666666,9,10.875,8,0,ENV_YDST_108_HR_2019_2019_2020.csv
2019-10-24,2019,10,24,3,목,0,0,108,18.0,17.0,9.0,8.0,22.583333333333332,24,18.0,9,17.875,8,0,ENV_YDST_108_HR_2019_2019_2020.csv
2019-10-25,2019,10,25,4,금,0,0,108,18.0,17.0,9.0,8.0,20.130434782608695,23,16.625,9,16.285714285714285,8,0,ENV_YDST_108_HR_2019_2019_2020.csv
2019-10-26,2019,10,26,5,토,1,0,108,18.0,17.0,9.0,8.0,22.708333333333332,24,17.0,9,17.25,8,0,ENV_YDST_108_HR_2019_2019_2020.csv
2019-10-27,2019,10,27,6,일,1,0,108,18.0,17.0,9.0,8.0,23.291666666666668,24,15.88888888888889,9,15.5,8,0,ENV_YDST_108_HR_2019_2019_2020.csv
2019-10-28,2019,10,28,0,월,0,0,108,18.0,17.0,9.0,8.0,31.333333333333332,24,26.77777777777778,9,26.875,8,0,ENV_YDST_108_HR_2019_2019_2020.csv
2019-10-29,2019,10,29,1,화,0,1,108,18.0,17.0,9.0,8.0,51.0,23,50.125,9,52.142857142857146,8,0,ENV_YDST_108_HR_2019_2019_2020.csv
2019-10-30,2019,10,30,2,수,0,0,108,18.0,17.0,9.0,8.0,22.708333333333332,24,16.0,9,15.0,8,0,ENV_YDST_108_HR_2019_2019_2020.csv
2019-10-31,2019,10,31,3,목,0,0,108,18.0,17.0,9.0,8.0,49.041666666666664,24,38.111111111111114,9,33.875,8,0,ENV_YDST_108_HR_2019_2019_2020.csv
2019-11-01,2019,11,1,4,금,0,0,108,17.0,16.0,8.0,7.0,85.66666666666667,18,49.5,8,50.57142857142857,7,0,ENV_YDST_108_HR_2019_2019_2020.csv
2019-11-02,2019,11,2,5,토,1,0,108,17.0,16.0,8.0,7.0,67.34782608695652,23,70.125,8,67.85714285714286,7,0,ENV_YDST_108_HR_2019_2019_2020.csv
2019-11-03,2019,11,3,6,일,1,0,108,17.0,16.0,8.0,7.0,51.333333333333336,24,47.375,8,53.0,7,0,ENV_YDST_108_HR_2019_2019_2020.csv
2019-11-04,2019,11,4,0,월,0,0,108,17.0,16.0,8.0,7.0,15.55,20,6.2,8,5.5,7,0,ENV_YDST_108_HR_2019_2019_2020.csv
2019-11-05,2019,11,5,1,화,0,1,108,17.0,16.0,8.0,7.0,32.041666666666664,24,28.625,8,30.0,7,0,ENV_YDST_108_HR_2019_2019_2020.csv
2019-11-06,2019,11,6,2,수,0,0,108,17.0,16.0,8.0,7.0,49.375,24,50.75,8,51.142857142857146,7,0,ENV_YDST_108_HR_2019_2019_2020.csv
2019-11-07,2019,11,7,3,목,0,0,108,17.0,16.0,8.0,7.0,44.958333333333336,24,38.375,8,37.57142857142857,7,0,ENV_YDST_108_HR_2019_2019_2020.csv
2019-11-08,2019,11,8,4,금,0,0,108,17.0,16.0,8.0,7.0,39.333333333333336,12,,1,,1,0,ENV_YDST_108_HR_2019_2019_2020.csv
2019-11-09,2019,11,9,5,토,1,0,108,17.0,16.0,8.0,7.0,46.458333333333336,24,44.375,8,47.142857142857146,7,0,ENV_YDST_108_HR_2019_2019_2020.csv
2019-11-10,2019,11,10,6,일,1,0,108,17.0,16.0,8.0,7.0,48.42857142857143,21,52.625,8,52.714285714285715,7,0,ENV_YDST_108_HR_2019_2019_2020.csv
2019-11-11,2019,11,11,0,월,0,0,108,17.0,16.0,8.0,7.0,28.666666666666668,24,21.75,8,21.428571428571427,7,0,ENV_YDST_108_HR_2019_2019_2020.csv
2019-11-12,2019,11,12,1,화,0,1,108,17.0,16.0,8.0,7.0,44.0,24,43.125,8,42.714285714285715,7,0,ENV_YDST_108_HR_2019_2019_2020.csv
2019-11-13,2019,11,13,2,수,0,0,108,17.0,16.0,8.0,7.0,41.25,24,54.5,8,56.285714285714285,7,0,ENV_YDST_108_HR_2019_2019_2020.csv
2019-11-14,2019,11,14,3,목,0,0,108,17.0,16.0,8.0,7.0,19.083333333333332,24,15.125,8,15.428571428571429,7,0,ENV_YDST_108_HR_2019_2019_2020.csv
2019-11-15,2019,11,15,4,금,0,0,108,17.0,16.0,8.0,7.0,30.125,16,35.0,4,,3,0,ENV_YDST_108_HR_2019_2019_2020.csv
2019-11-16,2019,11,16,5,토,1,0,108,17.0,16.0,8.0,7.0,40.041666666666664,24,34.25,8,34.857142857142854,7,0,ENV_YDST_108_HR_2019_2019_2020.csv
2019-11-17,2019,11,17,6,일,1,0,108,17.0,16.0,8.0,7.0,31.333333333333332,24,35.875,8,36.0,7,0,ENV_YDST_108_HR_2019_2019_2020.csv
2019-11-18,2019,11,18,0,월,0,0,108,17.0,16.0,8.0,7.0,62.458333333333336,24,111.125,8,101.0,7,1,ENV_YDST_108_HR_2019_2019_2020.csv
2019-11-19,2019,11,19,1,화,0,1,108,17.0,16.0,8.0,7.0,28.375,24,26.375,8,26.285714285714285,7,0,ENV_YDST_108_HR_2019_2019_2020.csv
2019-11-20,2019,11,20,2,수,0,0,108,17.0,16.0,8.0,7.0,24.73913043478261,23,22.142857142857142,8,19.666666666666668,7,0,ENV_YDST_108_HR_2019_2019_2020.csv
2019-11-21,2019,11,21,3,목,0,0,108,17.0,16.0,8.0,7.0,39.708333333333336,24,36.5,8,37.142857142857146,7,0,ENV_YDST_108_HR_2019_2019_2020.csv
2019-11-22,2019,11,22,4,금,0,0,108,17.0,16.0,8.0,7.0,42.291666666666664,24,36.5,8,38.714285714285715,7,0,ENV_YDST_108_HR_2019_2019_2020.csv
2019-11-23,2019,11,23,5,토,1,0,108,17.0,16.0,8.0,7.0,30.416666666666668,24,18.375,8,18.857142857142858,7,0,ENV_YDST_108_HR_2019_2019_2020.csv
2019-11-24,2019,11,24,6,일,1,0,108,17.0,16.0,8.0,7.0,34.708333333333336,24,42.875,8,39.57142857142857,7,0,ENV_YDST_108_HR_2019_2019_2020.csv
2019-11-25,2019,11,25,0,월,0,0,108,17.0,16.0,8.0,7.0,28.458333333333332,24,30.0,8,27.857142857142858,7,0,ENV_YDST_108_HR_2019_2019_2020.csv
2019-11-26,2019,11,26,1,화,0,1,108,17.0,16.0,8.0,7.0,29.0,24,15.0,8,13.857142857142858,7,0,ENV_YDST_108_HR_2019_2019_2020.csv
2019-11-27,2019,11,27,2,수,0,0,108,17.0,16.0,8.0,7.0,43.0,24,38.75,8,38.142857142857146,7,0,ENV_YDST_108_HR_2019_2019_2020.csv
2019-11-28,2019,11,28,3,목,0,0,108,17.0,16.0,8.0,7.0,44.5,24,43.875,8,47.42857142857143,7,0,ENV_YDST_108_HR_2019_2019_2020.csv
2019-11-29,2019,11,29,4,금,0,0,108,17.0,16.0,8.0,7.0,49.333333333333336,24,50.0,8,51.42857142857143,7,0,ENV_YDST_108_HR_2019_2019_2020.csv
2019-11-30,2019,11,30,5,토,1,0,108,17.0,16.0,8.0,7.0,44.5625,16,44.42857142857143,8,44.42857142857143,7,0,ENV_YDST_108_HR_2019_2019_2020.csv
2019-12-01,2019,12,1,6,일,1,0,108,17.0,16.0,8.0,7.0,49.17391304347826,23,58.25,8,58.142857142857146,7,0,ENV_YDST_108_HR_2019_2019_2020.csv
2019-12-02,2019,12,2,0,월,0,0,108,17.0,16.0,8.0,7.0,25.125,24,22.25,8,20.714285714285715,7,0,ENV_YDST_108_HR_2019_2019_2020.csv
2019-12-03,2019,12,3,1,화,0,1,108,17.0,16.0,8.0,7.0,29.541666666666668,24,30.375,8,31.142857142857142,7,0,ENV_YDST_108_HR_2019_2019_2020.csv
2019-12-04,2019,12,4,2,수,0,0,108,17.0,16.0,8.0,7.0,31.166666666666668,24,23.125,8,21.571428571428573,7,0,ENV_YDST_108_HR_2019_2019_2020.csv
2019-12-05,2019,12,5,3,목,0,0,108,17.0,16.0,8.0,7.0,27.041666666666668,24,19.875,8,18.428571428571427,7,0,ENV_YDST_108_HR_2019_2019_2020.csv
2019-12-06,2019,12,6,4,금,0,0,108,17.0,16.0,8.0,7.0,33.416666666666664,24,30.875,8,31.0,7,0,ENV_YDST_108_HR_2019_2019_2020.csv
2019-12-07,2019,12,7,5,토,1,0,108,17.0,16.0,8.0,7.0,58.666666666666664,24,54.625,8,51.42857142857143,7,0,ENV_YDST_108_HR_2019_2019_2020.csv
2019-12-08,2019,12,8,6,일,1,0,108,17.0,16.0,8.0,7.0,63.791666666666664,24,69.5,8,70.71428571428571,7,0,ENV_YDST_108_HR_2019_2019_2020.csv
2019-12-09,2019,12,9,0,월,0,0,108,17.0,16.0,8.0,7.0,77.75,24,87.625,8,87.85714285714286,7,1,ENV_YDST_108_HR_2019_2019_2020.csv
2019-12-10,2019,12,10,1,화,0,1,108,17.0,16.0,8.0,7.0,116.66666666666667,24,139.25,8,130.85714285714286,7,1,ENV_YDST_108_HR_2019_2019_2020.csv
2019-12-11,2019,12,11,2,수,0,0,108,17.0,16.0,8.0,7.0,84.70833333333333,24,116.375,8,121.0,7,1,ENV_YDST_108_HR_2019_2019_2020.csv
2019-12-12,2019,12,12,3,목,0,0,108,17.0,16.0,8.0,7.0,24.791666666666668,24,22.25,8,21.285714285714285,7,0,ENV_YDST_108_HR_2019_2019_2020.csv
2019-12-13,2019,12,13,4,금,0,0,108,17.0,16.0,8.0,7.0,29.916666666666668,24,33.0,8,33.714285714285715,7,0,ENV_YDST_108_HR_2019_2019_2020.csv
2019-12-14,2019,12,14,5,토,1,0,108,17.0,16.0,8.0,7.0,45.42857142857143,21,41.8,8,43.75,7,0,ENV_YDST_108_HR_2019_2019_2020.csv
2019-12-15,2019,12,15,6,일,1,0,108,17.0,16.0,8.0,7.0,39.458333333333336,24,33.0,8,32.714285714285715,7,0,ENV_YDST_108_HR_2019_2019_2020.csv
2019-12-16,2019,12,16,0,월,0,0,108,17.0,16.0,8.0,7.0,38.625,24,33.5,8,32.42857142857143,7,0,ENV_YDST_108_HR_2019_2019_2020.csv
2019-12-17,2019,12,17,1,화,0,1,108,17.0,16.0,8.0,7.0,35.166666666666664,24,34.625,8,36.0,7,0,ENV_YDST_108_HR_2019_2019_2020.csv
2019-12-18,2019,12,18,2,수,0,0,108,17.0,16.0,8.0,7.0,41.625,24,37.25,8,35.714285714285715,7,0,ENV_YDST_108_HR_2019_2019_2020.csv
2019-12-19,2019,12,19,3,목,0,0,108,17.0,16.0,8.0,7.0,31.125,24,21.25,8,21.428571428571427,7,0,ENV_YDST_108_HR_2019_2019_2020.csv
2019-12-20,2019,12,20,4,금,0,0,108,17.0,16.0,8.0,7.0,33.541666666666664,24,29.25,8,31.0,7,0,ENV_YDST_108_HR_2019_2019_2020.csv
2019-12-21,2019,12,21,5,토,1,0,108,17.0,16.0,8.0,7.0,42.416666666666664,24,44.375,8,42.857142857142854,7,0,ENV_YDST_108_HR_2019_2019_2020.csv
2019-12-22,2019,12,22,6,일,1,0,108,17.0,16.0,8.0,7.0,65.875,24,66.5,8,65.0,7,0,ENV_YDST_108_HR_2019_2019_2020.csv
2019-12-23,2019,12,23,0,월,0,0,108,17.0,16.0,8.0,7.0,61.583333333333336,24,63.0,8,64.14285714285714,7,0,ENV_YDST_108_HR_2019_2019_2020.csv
2019-12-24,2019,12,24,1,화,0,1,108,17.0,16.0,8.0,7.0,78.91666666666667,24,79.25,8,78.71428571428571,7,0,ENV_YDST_108_HR_2019_2019_2020.csv
2019-12-25,2019,12,25,2,수,0,0,108,17.0,16.0,8.0,7.0,60.708333333333336,24,63.0,8,64.14285714285714,7,0,ENV_YDST_108_HR_2019_2019_2020.csv
2019-12-26,2019,12,26,3,목,0,0,108,17.0,16.0,8.0,7.0,51.625,24,69.75,8,71.0,7,0,ENV_YDST_108_HR_2019_2019_2020.csv
2019-12-27,2019,12,27,4,금,0,0,108,17.0,16.0,8.0,7.0,36.458333333333336,24,37.5,8,38.857142857142854,7,0,ENV_YDST_108_HR_2019_2019_2020.csv
2019-12-28,2019,12,28,5,토,1,0,108,17.0,16.0,8.0,7.0,45.416666666666664,24,45.25,8,42.57142857142857,7,0,ENV_YDST_108_HR_2019_2019_2020.csv
2019-12-29,2019,12,29,6,일,1,0,108,17.0,16.0,8.0,7.0,48.5,24,44.625,8,44.42857142857143,7,0,ENV_YDST_108_HR_2019_2019_2020.csv
2019-12-30,2019,12,30,0,월,0,0,108,17.0,16.0,8.0,7.0,43.333333333333336,24,53.625,8,53.857142857142854,7,0,ENV_YDST_108_HR_2019_2019_2020.csv
2019-12-31,2019,12,31,1,화,0,1,108,17.0,16.0,8.0,7.0,31.708333333333332,24,18.25,8,18.285714285714285,7,0,ENV_YDST_108_HR_2019_2019_2020.csv
2020-01-01,2020,1,1,2,수,0,0,108,17.0,16.0,8.0,7.0,38.0,24,39.375,8,38.285714285714285,7,0,ENV_YDST_108_HR_2020_2020_2021.csv
2020-01-02,2020,1,2,3,목,0,0,108,17.0,16.0,8.0,7.0,67.20833333333333,24,69.375,8,68.42857142857143,7,0,ENV_YDST_108_HR_2020_2020_2021.csv
2020-01-03,2020,1,3,4,금,0,0,108,17.0,16.0,8.0,7.0,78.125,24,71.0,8,73.57142857142857,7,0,ENV_YDST_108_HR_2020_2020_2021.csv
2020-01-04,2020,1,4,5,토,1,0,108,17.0,16.0,8.0,7.0,63.416666666666664,24,68.0,8,71.85714285714286,7,0,ENV_YDST_108_HR_2020_2020_2021.csv
2020-01-05,2020,1,5,6,일,1,0,108,17.0,16.0,8.0,7.0,61.833333333333336,24,65.125,8,66.28571428571429,7,0,ENV_YDST_108_HR_2020_2020_2021.csv
2020-01-06,2020,1,6,0,월,0,0,108,17.0,16.0,8.0,7.0,47.583333333333336,24,52.75,8,54.0,7,0,ENV_YDST_108_HR_2020_2020_2021.csv
2020-01-07,2020,1,7,1,화,0,1,108,17.0,16.0,8.0,7.0,11.272727272727273,22,12.571428571428571,8,12.666666666666666,7,0,ENV_YDST_108_HR_2020_2020_2021.csv
2020-01-08,2020,1,8,2,수,0,0,108,17.0,16.0,8.0,7.0,30.291666666666668,24,28.75,8,27.714285714285715,7,0,ENV_YDST_108_HR_2020_2020_2021.csv
2020-01-09,2020,1,9,3,목,0,0,108,17.0,16.0,8.0,7.0,52.916666666666664,24,48.875,8,49.42857142857143,7,0,ENV_YDST_108_HR_2020_2020_2021.csv
2020-01-10,2020,1,10,4,금,0,0,108,17.0,16.0,8.0,7.0,73.41666666666667,24,92.625,8,94.71428571428571,7,1,ENV_YDST_108_HR_2020_2020_2021.csv
2020-01-11,2020,1,11,5,토,1,0,108,17.0,16.0,8.0,7.0,59.291666666666664,24,60.5,8,61.0,7,0,ENV_YDST_108_HR_2020_2020_2021.csv
2020-01-12,2020,1,12,6,일,1,0,108,17.0,16.0,8.0,7.0,54.0,24,51.375,8,54.285714285714285,7,0,ENV_YDST_108_HR_2020_2020_2021.csv
2020-01-13,2020,1,13,0,월,0,0,108,17.0,16.0,8.0,7.0,28.166666666666668,24,26.75,8,27.857142857142858,7,0,ENV_YDST_108_HR_2020_2020_2021.csv
2020-01-14,2020,1,14,1,화,0,1,108,17.0,16.0,8.0,7.0,33.916666666666664,24,39.875,8,39.0,7,0,ENV_YDST_108_HR_2020_2020_2021.csv
2020-01-15,2020,1,15,2,수,0,0,108,17.0,16.0,8.0,7.0,41.666666666666664,24,42.25,8,44.42857142857143,7,0,ENV_YDST_108_HR_2020_2020_2021.csv
2020-01-16,2020,1,16,3,목,0,0,108,17.0,16.0,8.0,7.0,42.083333333333336,24,44.25,8,44.142857142857146,7,0,ENV_YDST_108_HR_2020_2020_2021.csv
2020-01-17,2020,1,17,4,금,0,0,108,17.0,16.0,8.0,7.0,63.291666666666664,24,73.0,8,71.71428571428571,7,0,ENV_YDST_108_HR_2020_2020_2021.csv
2020-01-18,2020,1,18,5,토,1,0,108,17.0,16.0,8.0,7.0,69.33333333333333,24,87.75,8,90.71428571428571,7,1,ENV_YDST_108_HR_2020_2020_2021.csv
2020-01-19,2020,1,19,6,일,1,0,108,17.0,16.0,8.0,7.0,68.83333333333333,24,79.875,8,80.42857142857143,7,0,ENV_YDST_108_HR_2020_2020_2021.csv
2020-01-20,2020,1,20,0,월,0,0,108,17.0,16.0,8.0,7.0,56.75,24,45.75,8,43.285714285714285,7,0,ENV_YDST_108_HR_2020_2020_2021.csv
2020-01-21,2020,1,21,1,화,0,1,108,17.0,16.0,8.0,7.0,47.875,24,44.875,8,45.0,7,0,ENV_YDST_108_HR_2020_2020_2021.csv
2020-01-22,2020,1,22,2,수,0,0,108,17.0,16.0,8.0,7.0,50.583333333333336,24,53.375,8,53.57142857142857,7,0,ENV_YDST_108_HR_2020_2020_2021.csv
2020-01-23,2020,1,23,3,목,0,0,108,17.0,16.0,8.0,7.0,69.33333333333333,24,81.375,8,81.28571428571429,7,1,ENV_YDST_108_HR_2020_2020_2021.csv
2020-01-24,2020,1,24,4,금,0,0,108,17.0,16.0,8.0,7.0,80.83333333333333,24,71.875,8,70.57142857142857,7,0,ENV_YDST_108_HR_2020_2020_2021.csv
2020-01-25,2020,1,25,5,토,1,0,108,17.0,16.0,8.0,7.0,59.625,24,48.875,8,49.285714285714285,7,0,ENV_YDST_108_HR_2020_2020_2021.csv
2020-01-26,2020,1,26,6,일,1,0,108,17.0,16.0,8.0,7.0,29.541666666666668,24,23.875,8,24.714285714285715,7,0,ENV_YDST_108_HR_2020_2020_2021.csv
2020-01-27,2020,1,27,0,월,0,0,108,17.0,16.0,8.0,7.0,9.958333333333334,24,9.125,8,9.142857142857142,7,0,ENV_YDST_108_HR_2020_2020_2021.csv
2020-01-28,2020,1,28,1,화,0,1,108,17.0,16.0,8.0,7.0,11.208333333333334,24,9.875,8,9.142857142857142,7,0,ENV_YDST_108_HR_2020_2020_2021.csv
2020-01-29,2020,1,29,2,수,0,0,108,17.0,16.0,8.0,7.0,14.625,24,14.75,8,13.714285714285714,7,0,ENV_YDST_108_HR_2020_2020_2021.csv
2020-01-30,2020,1,30,3,목,0,0,108,17.0,16.0,8.0,7.0,16.5,24,14.375,8,13.428571428571429,7,0,ENV_YDST_108_HR_2020_2020_2021.csv
2020-01-31,2020,1,31,4,금,0,0,108,17.0,16.0,8.0,7.0,32.583333333333336,24,37.375,8,33.714285714285715,7,0,ENV_YDST_108_HR_2020_2020_2021.csv
2020-02-01,2020,2,1,5,토,1,0,108,17.0,16.0,8.0,7.0,83.625,24,83.625,8,82.42857142857143,7,1,ENV_YDST_108_HR_2020_2020_2021.csv
2020-02-02,2020,2,2,6,일,1,0,108,17.0,16.0,8.0,7.0,92.5,24,98.125,8,98.57142857142857,7,1,ENV_YDST_108_HR_2020_2020_2021.csv
2020-02-03,2020,2,3,0,월,0,0,108,17.0,16.0,8.0,7.0,30.708333333333332,24,29.125,8,29.285714285714285,7,0,ENV_YDST_108_HR_2020_2020_2021.csv
2020-02-04,2020,2,4,1,화,0,1,108,17.0,16.0,8.0,7.0,32.166666666666664,24,31.5,8,29.428571428571427,7,0,ENV_YDST_108_HR_2020_2020_2021.csv
2020-02-05,2020,2,5,2,수,0,0,108,17.0,16.0,8.0,7.0,27.375,24,26.75,8,26.857142857142858,7,0,ENV_YDST_108_HR_2020_2020_2021.csv
2020-02-06,2020,2,6,3,목,0,0,108,17.0,16.0,8.0,7.0,44.875,24,42.375,8,39.57142857142857,7,0,ENV_YDST_108_HR_2020_2020_2021.csv
2020-02-07,2020,2,7,4,금,0,0,108,17.0,16.0,8.0,7.0,44.416666666666664,24,38.0,8,36.285714285714285,7,0,ENV_YDST_108_HR_2020_2020_2021.csv
2020-02-08,2020,2,8,5,토,1,0,108,17.0,16.0,8.0,7.0,49.541666666666664,24,56.75,8,58.42857142857143,7,0,ENV_YDST_108_HR_2020_2020_2021.csv
2020-02-09,2020,2,9,6,일,1,0,108,17.0,16.0,8.0,7.0,41.958333333333336,24,38.75,8,36.57142857142857,7,0,ENV_YDST_108_HR_2020_2020_2021.csv
2020-02-10,2020,2,10,0,월,0,0,108,17.0,16.0,8.0,7.0,53.375,24,55.125,8,56.142857142857146,7,0,ENV_YDST_108_HR_2020_2020_2021.csv
2020-02-11,2020,2,11,1,화,0,1,108,17.0,16.0,8.0,7.0,66.70833333333333,24,65.125,8,65.85714285714286,7,0,ENV_YDST_108_HR_2020_2020_2021.csv
2020-02-12,2020,2,12,2,수,0,0,108,17.0,16.0,8.0,7.0,65.41666666666667,24,67.5,8,69.42857142857143,7,0,ENV_YDST_108_HR_2020_2020_2021.csv
2020-02-13,2020,2,13,3,목,0,0,108,17.0,16.0,8.0,7.0,87.75,24,103.75,8,105.28571428571429,7,1,ENV_YDST_108_HR_2020_2020_2021.csv
2020-02-14,2020,2,14,4,금,0,0,108,17.0,16.0,8.0,7.0,97.625,24,92.375,8,91.85714285714286,7,1,ENV_YDST_108_HR_2020_2020_2021.csv
2020-02-15,2020,2,15,5,토,1,0,108,17.0,16.0,8.0,7.0,78.375,24,56.625,8,56.42857142857143,7,0,ENV_YDST_108_HR_2020_2020_2021.csv
2020-02-16,2020,2,16,6,일,1,0,108,17.0,16.0,8.0,7.0,58.666666666666664,21,64.875,8,63.714285714285715,7,0,ENV_YDST_108_HR_2020_2020_2021.csv
2020-02-17,2020,2,17,0,월,0,0,108,17.0,16.0,8.0,7.0,43.55555555555556,9,,8,,7,0,ENV_YDST_108_HR_2020_2020_2021.csv
2020-02-18,2020,2,18,1,화,0,1,108,17.0,16.0,8.0,7.0,28.541666666666668,24,28.5,8,28.0,7,0,ENV_YDST_108_HR_2020_2020_2021.csv
2020-02-19,2020,2,19,2,수,0,0,108,17.0,16.0,8.0,7.0,41.5,24,41.375,8,40.857142857142854,7,0,ENV_YDST_108_HR_2020_2020_2021.csv
2020-02-20,2020,2,20,3,목,0,0,108,17.0,16.0,8.0,7.0,75.5,18,77.5,8,72.0,7,0,ENV_YDST_108_HR_2020_2020_2021.csv
2020-02-21,2020,2,21,4,금,0,0,108,17.0,16.0,8.0,7.0,77.52380952380952,21,97.2,8,107.5,7,1,ENV_YDST_108_HR_2020_2020_2021.csv
2020-02-22,2020,2,22,5,토,1,0,108,17.0,16.0,8.0,7.0,75.25,24,122.5,8,129.71428571428572,7,1,ENV_YDST_108_HR_2020_2020_2021.csv
2020-02-23,2020,2,23,6,일,1,0,108,17.0,16.0,8.0,7.0,24.458333333333332,24,19.625,8,19.142857142857142,7,0,ENV_YDST_108_HR_2020_2020_2021.csv
2020-02-24,2020,2,24,0,월,0,0,108,17.0,16.0,8.0,7.0,40.458333333333336,24,41.625,8,41.42857142857143,7,0,ENV_YDST_108_HR_2020_2020_2021.csv
2020-02-25,2020,2,25,1,화,0,1,108,17.0,16.0,8.0,7.0,30.695652173913043,23,18.0,8,18.0,7,0,ENV_YDST_108_HR_2020_2020_2021.csv
2020-02-26,2020,2,26,2,수,0,0,108,17.0,16.0,8.0,7.0,20.772727272727273,22,19.875,8,19.0,7,0,ENV_YDST_108_HR_2020_2020_2021.csv
2020-02-27,2020,2,27,3,목,0,0,108,17.0,16.0,8.0,7.0,16.714285714285715,21,11.8,8,10.0,7,0,ENV_YDST_108_HR_2020_2020_2021.csv
2020-02-28,2020,2,28,4,금,0,0,108,17.0,16.0,8.0,7.0,32.083333333333336,24,37.25,8,37.142857142857146,7,0,ENV_YDST_108_HR_2020_2020_2021.csv
2020-02-29,2020,2,29,5,토,1,0,108,17.0,16.0,8.0,7.0,25.083333333333332,24,18.625,8,17.714285714285715,7,0,ENV_YDST_108_HR_2020_2020_2021.csv
2020-03-01,2020,3,1,6,일,1,0,108,18.0,17.0,9.0,8.0,56.458333333333336,24,69.22222222222223,9,67.75,8,0,ENV_YDST_108_HR_2020_2020_2021.csv
2020-03-02,2020,3,2,0,월,0,0,108,18.0,17.0,9.0,8.0,41.708333333333336,24,36.22222222222222,9,36.125,8,0,ENV_YDST_108_HR_2020_2020_2021.csv
2020-03-03,2020,3,3,1,화,0,1,108,18.0,17.0,9.0,8.0,55.458333333333336,24,52.888888888888886,9,51.875,8,0,ENV_YDST_108_HR_2020_2020_2021.csv
2020-03-04,2020,3,4,2,수,0,0,108,18.0,17.0,9.0,8.0,52.666666666666664,24,62.333333333333336,9,59.625,8,0,ENV_YDST_108_HR_2020_2020_2021.csv
2020-03-05,2020,3,5,3,목,0,0,108,18.0,17.0,9.0,8.0,44.333333333333336,24,40.333333333333336,9,39.75,8,0,ENV_YDST_108_HR_2020_2020_2021.csv
2020-03-06,2020,3,6,4,금,0,0,108,18.0,17.0,9.0,8.0,48.291666666666664,24,43.44444444444444,9,42.625,8,0,ENV_YDST_108_HR_2020_2020_2021.csv
2020-03-07,2020,3,7,5,토,1,0,108,18.0,17.0,9.0,8.0,78.54166666666667,24,64.0,9,62.5,8,0,ENV_YDST_108_HR_2020_2020_2021.csv
2020-03-08,2020,3,8,6,일,1,0,108,18.0,17.0,9.0,8.0,72.66666666666667,24,63.888888888888886,9,62.875,8,0,ENV_YDST_108_HR_2020_2020_2021.csv
2020-03-09,2020,3,9,0,월,0,0,108,18.0,17.0,9.0,8.0,69.875,24,58.55555555555556,9,57.875,8,0,ENV_YDST_108_HR_2020_2020_2021.csv
2020-03-10,2020,3,10,1,화,0,1,108,18.0,17.0,9.0,8.0,57.958333333333336,24,30.88888888888889,9,33.25,8,0,ENV_YDST_108_HR_2020_2020_2021.csv
2020-03-11,2020,3,11,2,수,0,0,108,18.0,17.0,9.0,8.0,31.833333333333332,24,25.555555555555557,9,25.375,8,0,ENV_YDST_108_HR_2020_2020_2021.csv
2020-03-12,2020,3,12,3,목,0,0,108,18.0,17.0,9.0,8.0,32.083333333333336,24,29.11111111111111,9,29.25,8,0,ENV_YDST_108_HR_2020_2020_2021.csv
2020-03-13,2020,3,13,4,금,0,0,108,18.0,17.0,9.0,8.0,32.666666666666664,24,31.22222222222222,9,30.875,8,0,ENV_YDST_108_HR_2020_2020_2021.csv
2020-03-14,2020,3,14,5,토,1,0,108,18.0,17.0,9.0,8.0,42.958333333333336,24,33.0,9,31.125,8,0,ENV_YDST_108_HR_2020_2020_2021.csv
2020-03-15,2020,3,15,6,일,1,0,108,18.0,17.0,9.0,8.0,45.833333333333336,24,26.444444444444443,9,25.5,8,0,ENV_YDST_108_HR_2020_2020_2021.csv
2020-03-16,2020,3,16,0,월,0,0,108,18.0,17.0,9.0,8.0,25.333333333333332,24,23.77777777777778,9,24.375,8,0,ENV_YDST_108_HR_2020_2020_2021.csv
2020-03-17,2020,3,17,1,화,0,1,108,18.0,17.0,9.0,8.0,45.125,24,43.44444444444444,9,40.375,8,0,ENV_YDST_108_HR_2020_2020_2021.csv
2020-03-18,2020,3,18,2,수,0,0,108,18.0,17.0,9.0,8.0,67.45833333333333,24,64.22222222222223,9,69.375,8,0,ENV_YDST_108_HR_2020_2020_2021.csv
2020-03-19,2020,3,19,3,목,0,0,108,18.0,17.0,9.0,8.0,57.208333333333336,24,60.77777777777778,9,62.625,8,0,ENV_YDST_108_HR_2020_2020_2021.csv
2020-03-20,2020,3,20,4,금,0,0,108,18.0,17.0,9.0,8.0,30.708333333333332,24,32.77777777777778,9,33.125,8,0,ENV_YDST_108_HR_2020_2020_2021.csv
2020-03-21,2020,3,21,5,토,1,0,108,18.0,17.0,9.0,8.0,41.833333333333336,24,45.111111111111114,9,42.625,8,0,ENV_YDST_108_HR_2020_2020_2021.csv
2020-03-22,2020,3,22,6,일,1,0,108,18.0,17.0,9.0,8.0,41.208333333333336,24,19.333333333333332,9,18.0,8,0,ENV_YDST_108_HR_2020_2020_2021.csv
2020-03-23,2020,3,23,0,월,0,0,108,18.0,17.0,9.0,8.0,54.083333333333336,24,51.22222222222222,9,52.0,8,0,ENV_YDST_108_HR_2020_2020_2021.csv
2020-03-24,2020,3,24,1,화,0,1,108,18.0,17.0,9.0,8.0,64.04166666666667,24,54.0,9,52.125,8,0,ENV_YDST_108_HR_2020_2020_2021.csv
2020-03-25,2020,3,25,2,수,0,0,108,18.0,17.0,9.0,8.0,55.791666666666664,24,65.55555555555556,9,63.25,8,0,ENV_YDST_108_HR_2020_2020_2021.csv
2020-03-26,2020,3,26,3,목,0,0,108,18.0,17.0,9.0,8.0,57.833333333333336,24,58.44444444444444,9,59.25,8,0,ENV_YDST_108_HR_2020_2020_2021.csv
2020-03-27,2020,3,27,4,금,0,0,108,18.0,17.0,9.0,8.0,47.916666666666664,24,35.888888888888886,9,36.75,8,0,ENV_YDST_108_HR_2020_2020_2021.csv
2020-03-28,2020,3,28,5,토,1,0,108,18.0,17.0,9.0,8.0,30.083333333333332,24,23.0,9,21.75,8,0,ENV_YDST_108_HR_2020_2020_2021.csv
2020-03-29,2020,3,29,6,일,1,0,108,18.0,17.0,9.0,8.0,42.208333333333336,24,24.11111111111111,9,21.875,8,0,ENV_YDST_108_HR_2020_2020_2021.csv
2020-03-30,2020,3,30,0,월,0,0,108,18.0,17.0,9.0,8.0,59.95454545454545,22,58.857142857142854,9,55.5,8,0,ENV_YDST_108_HR_2020_2020_2021.csv
2020-03-31,2020,3,31,1,화,0,1,108,18.0,17.0,9.0,8.0,52.041666666666664,24,55.77777777777778,9,54.375,8,0,ENV_YDST_108_HR_2020_2020_2021.csv
2020-04-01,2020,4,1,2,수,0,0,108,18.0,17.0,9.0,8.0,81.66666666666667,24,95.11111111111111,9,96.0,8,1,ENV_YDST_108_HR_2020_2020_2021.csv
2020-04-02,2020,4,2,3,목,0,0,108,18.0,17.0,9.0,8.0,43.458333333333336,24,48.44444444444444,9,48.625,8,0,ENV_YDST_108_HR_2020_2020_2021.csv
2020-04-03,2020,4,3,4,금,0,0,108,18.0,17.0,9.0,8.0,63.0,24,64.33333333333333,9,64.375,8,0,ENV_YDST_108_HR_2020_2020_2021.csv
2020-04-04,2020,4,4,5,토,1,0,108,18.0,17.0,9.0,8.0,70.33333333333333,24,62.55555555555556,9,65.0,8,0,ENV_YDST_108_HR_2020_2020_2021.csv
2020-04-05,2020,4,5,6,일,1,0,108,18.0,17.0,9.0,8.0,48.583333333333336,24,59.888888888888886,9,59.375,8,0,ENV_YDST_108_HR_2020_2020_2021.csv
2020-04-06,2020,4,6,0,월,0,0,108,18.0,17.0,9.0,8.0,54.791666666666664,24,56.77777777777778,9,56.25,8,0,ENV_YDST_108_HR_2020_2020_2021.csv
2020-04-07,2020,4,7,1,화,0,1,108,18.0,17.0,9.0,8.0,55.75,24,59.44444444444444,9,56.75,8,0,ENV_YDST_108_HR_2020_2020_2021.csv
2020-04-08,2020,4,8,2,수,0,0,108,18.0,17.0,9.0,8.0,40.125,24,35.888888888888886,9,35.375,8,0,ENV_YDST_108_HR_2020_2020_2021.csv
2020-04-09,2020,4,9,3,목,0,0,108,18.0,17.0,9.0,8.0,47.916666666666664,24,37.333333333333336,9,35.75,8,0,ENV_YDST_108_HR_2020_2020_2021.csv
2020-04-10,2020,4,10,4,금,0,0,108,18.0,17.0,9.0,8.0,41.458333333333336,24,27.77777777777778,9,24.5,8,0,ENV_YDST_108_HR_2020_2020_2021.csv
2020-04-11,2020,4,11,5,토,1,0,108,18.0,17.0,9.0,8.0,40.708333333333336,24,33.888888888888886,9,32.125,8,0,ENV_YDST_108_HR_2020_2020_2021.csv
2020-04-12,2020,4,12,6,일,1,0,108,18.0,17.0,9.0,8.0,34.73913043478261,23,21.0,9,21.571428571428573,8,0,ENV_YDST_108_HR_2020_2020_2021.csv
2020-04-13,2020,4,13,0,월,0,0,108,18.0,17.0,9.0,8.0,20.454545454545453,22,11.571428571428571,9,10.5,8,0,ENV_YDST_108_HR_2020_2020_2021.csv
2020-04-14,2020,4,14,1,화,0,1,108,18.0,17.0,9.0,8.0,53.458333333333336,24,46.55555555555556,9,44.375,8,0,ENV_YDST_108_HR_2020_2020_2021.csv
2020-04-15,2020,4,15,2,수,0,0,108,18.0,17.0,9.0,8.0,77.85,20,92.0,9,90.75,8,1,ENV_YDST_108_HR_2020_2020_2021.csv
2020-04-16,2020,4,16,3,목,0,0,108,18.0,17.0,9.0,8.0,63.041666666666664,24,53.888888888888886,9,51.875,8,0,ENV_YDST_108_HR_2020_2020_2021.csv
2020-04-17,2020,4,17,4,금,0,0,108,18.0,17.0,9.0,8.0,46.916666666666664,24,32.333333333333336,9,31.875,8,0,ENV_YDST_108_HR_2020_2020_2021.csv
2020-04-18,2020,4,18,5,토,1,0,108,18.0,17.0,9.0,8.0,33.333333333333336,21,10.833333333333334,9,7.8,8,0,ENV_YDST_108_HR_2020_2020_2021.csv
2020-04-19,2020,4,19,6,일,1,0,108,18.0,17.0,9.0,8.0,27.958333333333332,24,21.333333333333332,9,20.875,8,0,ENV_YDST_108_HR_2020_2020_2021.csv
2020-04-20,2020,4,20,0,월,0,0,108,18.0,17.0,9.0,8.0,18.045454545454547,22,22.5,9,21.285714285714285,8,0,ENV_YDST_108_HR_2020_2020_2021.csv
2020-04-21,2020,4,21,1,화,0,1,108,18.0,17.0,9.0,8.0,32.625,24,39.0,9,40.125,8,0,ENV_YDST_108_HR_2020_2020_2021.csv
2020-04-22,2020,4,22,2,수,0,0,108,18.0,17.0,9.0,8.0,62.916666666666664,24,100.66666666666667,9,106.875,8,1,ENV_YDST_108_HR_2020_2020_2021.csv
2020-04-23,2020,4,23,3,목,0,0,108,18.0,17.0,9.0,8.0,40.291666666666664,24,37.77777777777778,9,37.25,8,0,ENV_YDST_108_HR_2020_2020_2021.csv
2020-04-24,2020,4,24,4,금,0,0,108,18.0,17.0,9.0,8.0,34.91304347826087,23,29.88888888888889,9,28.75,8,0,ENV_YDST_108_HR_2020_2020_2021.csv
2020-04-25,2020,4,25,5,토,1,0,108,18.0,17.0,9.0,8.0,50.608695652173914,23,57.77777777777778,9,57.0,8,0,ENV_YDST_108_HR_2020_2020_2021.csv
2020-04-26,2020,4,26,6,일,1,0,108,18.0,17.0,9.0,8.0,35.083333333333336,24,23.555555555555557,9,21.25,8,0,ENV_YDST_108_HR_2020_2020_2021.csv
2020-04-27,2020,4,27,0,월,0,0,108,18.0,17.0,9.0,8.0,37.208333333333336,24,30.333333333333332,9,29.875,8,0,ENV_YDST_108_HR_2020_2020_2021.csv
2020-04-28,2020,4,28,1,화,0,1,108,18.0,17.0,9.0,8.0,41.0,24,34.111111111111114,9,34.125,8,0,ENV_YDST_108_HR_2020_2020_2021.csv
2020-04-29,2020,4,29,2,수,0,0,108,18.0,17.0,9.0,8.0,54.625,24,41.0,9,40.5,8,0,ENV_YDST_108_HR_2020_2020_2021.csv
2020-04-30,2020,4,30,3,목,0,0,108,18.0,17.0,9.0,8.0,38.5,24,27.444444444444443,9,26.875,8,0,ENV_YDST_108_HR_2020_2020_2021.csv
2020-05-01,2020,5,1,4,금,0,0,108,18.0,17.0,9.0,8.0,49.208333333333336,24,52.666666666666664,9,53.25,8,0,ENV_YDST_108_HR_2020_2020_2021.csv
2020-05-02,2020,5,2,5,토,1,0,108,18.0,17.0,9.0,8.0,44.666666666666664,24,37.666666666666664,9,37.125,8,0,ENV_YDST_108_HR_2020_2020_2021.csv
2020-05-03,2020,5,3,6,일,1,0,108,18.0,17.0,9.0,8.0,28.17391304347826,23,23.666666666666668,9,24.75,8,0,ENV_YDST_108_HR_2020_2020_2021.csv
2020-05-04,2020,5,4,0,월,0,0,108,18.0,17.0,9.0,8.0,33.708333333333336,24,30.333333333333332,9,30.5,8,0,ENV_YDST_108_HR_2020_2020_2021.csv
2020-05-05,2020,5,5,1,화,0,1,108,18.0,17.0,9.0,8.0,34.25,24,34.77777777777778,9,37.875,8,0,ENV_YDST_108_HR_2020_2020_2021.csv
2020-05-06,2020,5,6,2,수,0,0,108,18.0,17.0,9.0,8.0,34.666666666666664,24,28.88888888888889,9,26.875,8,0,ENV_YDST_108_HR_2020_2020_2021.csv
2020-05-07,2020,5,7,3,목,0,0,108,18.0,17.0,9.0,8.0,33.75,24,29.0,9,27.875,8,0,ENV_YDST_108_HR_2020_2020_2021.csv
2020-05-08,2020,5,8,4,금,0,0,108,18.0,17.0,9.0,8.0,33.25,24,29.444444444444443,9,23.875,8,0,ENV_YDST_108_HR_2020_2020_2021.csv
2020-05-09,2020,5,9,5,토,1,0,108,18.0,17.0,9.0,8.0,18.541666666666668,24,6.666666666666667,9,6.375,8,0,ENV_YDST_108_HR_2020_2020_2021.csv
2020-05-10,2020,5,10,6,일,1,0,108,18.0,17.0,9.0,8.0,34.666666666666664,24,24.77777777777778,9,22.0,8,0,ENV_YDST_108_HR_2020_2020_2021.csv
2020-05-11,2020,5,11,0,월,0,0,108,18.0,17.0,9.0,8.0,96.54166666666667,24,99.66666666666667,9,97.75,8,1,ENV_YDST_108_HR_2020_2020_2021.csv
2020-05-12,2020,5,12,1,화,0,1,108,18.0,17.0,9.0,8.0,41.208333333333336,24,36.111111111111114,9,35.125,8,0,ENV_YDST_108_HR_2020_2020_2021.csv
2020-05-13,2020,5,13,2,수,0,0,108,18.0,17.0,9.0,8.0,33.333333333333336,24,32.44444444444444,9,30.75,8,0,ENV_YDST_108_HR_2020_2020_2021.csv
2020-05-14,2020,5,14,3,목,0,0,108,18.0,17.0,9.0,8.0,41.17391304347826,23,41.888888888888886,9,39.875,8,0,ENV_YDST_108_HR_2020_2020_2021.csv
2020-05-15,2020,5,15,4,금,0,0,108,18.0,17.0,9.0,8.0,34.958333333333336,24,27.22222222222222,9,29.25,8,0,ENV_YDST_108_HR_2020_2020_2021.csv
2020-05-16,2020,5,16,5,토,1,0,108,18.0,17.0,9.0,8.0,27.041666666666668,24,25.88888888888889,9,25.125,8,0,ENV_YDST_108_HR_2020_2020_2021.csv
2020-05-17,2020,5,17,6,일,1,0,108,18.0,17.0,9.0,8.0,43.5,24,27.666666666666668,9,26.25,8,0,ENV_YDST_108_HR_2020_2020_2021.csv
2020-05-18,2020,5,18,0,월,0,0,108,18.0,17.0,9.0,8.0,46.35,20,55.285714285714285,8,55.285714285714285,8,0,ENV_YDST_108_HR_2020_2020_2021.csv
2020-05-19,2020,5,19,1,화,0,1,108,18.0,17.0,9.0,8.0,21.58823529411765,17,13.0,9,13.0,8,0,ENV_YDST_108_HR_2020_2020_2021.csv
2020-05-20,2020,5,20,2,수,0,0,108,18.0,17.0,9.0,8.0,14.789473684210526,19,20.0,9,19.8,8,0,ENV_YDST_108_HR_2020_2020_2021.csv
2020-05-21,2020,5,21,3,목,0,0,108,18.0,17.0,9.0,8.0,23.416666666666668,24,16.444444444444443,9,15.75,8,0,ENV_YDST_108_HR_2020_2020_2021.csv
2020-05-22,2020,5,22,4,금,0,0,108,18.0,17.0,9.0,8.0,52.083333333333336,24,45.0,9,43.125,8,0,ENV_YDST_108_HR_2020_2020_2021.csv
2020-05-23,2020,5,23,5,토,1,0,108,18.0,17.0,9.0,8.0,50.40909090909091,22,45.333333333333336,9,44.625,8,0,ENV_YDST_108_HR_2020_2020_2021.csv
2020-05-24,2020,5,24,6,일,1,0,108,18.0,17.0,9.0,8.0,30.714285714285715,21,21.444444444444443,9,22.375,8,0,ENV_YDST_108_HR_2020_2020_2021.csv
2020-05-25,2020,5,25,0,월,0,0,108,18.0,17.0,9.0,8.0,43.458333333333336,24,36.666666666666664,9,35.375,8,0,ENV_YDST_108_HR_2020_2020_2021.csv
2020-05-26,2020,5,26,1,화,0,1,108,18.0,17.0,9.0,8.0,49.869565217391305,23,45.22222222222222,9,46.375,8,0,ENV_YDST_108_HR_2020_2020_2021.csv
2020-05-27,2020,5,27,2,수,0,0,108,18.0,17.0,9.0,8.0,19.61111111111111,18,14.6,9,14.6,8,0,ENV_YDST_108_HR_2020_2020_2021.csv
2020-05-28,2020,5,28,3,목,0,0,108,18.0,17.0,9.0,8.0,23.9,20,24.5,7,24.5,7,0,ENV_YDST_108_HR_2020_2020_2021.csv
2020-05-29,2020,5,29,4,금,0,0,108,18.0,17.0,9.0,8.0,30.083333333333332,24,36.77777777777778,9,38.0,8,0,ENV_YDST_108_HR_2020_2020_2021.csv
2020-05-30,2020,5,30,5,토,1,0,108,18.0,17.0,9.0,8.0,32.958333333333336,24,32.111111111111114,9,32.25,8,0,ENV_YDST_108_HR_2020_2020_2021.csv
2020-05-31,2020,5,31,6,일,1,0,108,18.0,17.0,9.0,8.0,33.5,24,37.333333333333336,9,38.25,8,0,ENV_YDST_108_HR_2020_2020_2021.csv
2020-06-01,2020,6,1,0,월,0,0,108,18.5,17.5,9.5,8.5,24.130434782608695,23,27.77777777777778,10,28.625,9,0,ENV_YDST_108_HR_2020_2020_2021.csv
2020-06-02,2020,6,2,1,화,0,1,108,18.5,17.5,9.5,8.5,49.8125,16,50.4,10,51.0,9,0,ENV_YDST_108_HR_2020_2020_2021.csv
2020-06-03,2020,6,3,2,수,0,0,108,18.5,17.5,9.5,8.5,57.142857142857146,21,46.22222222222222,10,41.625,9,0,ENV_YDST_108_HR_2020_2020_2021.csv
2020-06-04,2020,6,4,3,목,0,0,108,18.5,17.5,9.5,8.5,69.63636363636364,22,71.875,10,74.57142857142857,9,0,ENV_YDST_108_HR_2020_2020_2021.csv
2020-06-05,2020,6,5,4,금,0,0,108,18.5,17.5,9.5,8.5,43.57142857142857,21,23.11111111111111,10,24.125,9,0,ENV_YDST_108_HR_2020_2020_2021.csv
2020-06-06,2020,6,6,5,토,1,0,108,18.5,17.5,9.5,8.5,46.041666666666664,24,49.3,10,47.22222222222222,9,0,ENV_YDST_108_HR_2020_2020_2021.csv
2020-06-07,2020,6,7,6,일,1,0,108,18.5,17.5,9.5,8.5,42.625,24,37.8,10,37.111111111111114,9,0,ENV_YDST_108_HR_2020_2020_2021.csv
2020-06-08,2020,6,8,0,월,0,0,108,18.5,17.5,9.5,8.5,39.0,23,44.8,10,43.888888888888886,9,0,ENV_YDST_108_HR_2020_2020_2021.csv
2020-06-09,2020,6,9,1,화,0,1,108,18.5,17.5,9.5,8.5,46.833333333333336,24,57.0,10,58.22222222222222,9,0,ENV_YDST_108_HR_2020_2020_2021.csv
2020-06-10,2020,6,10,2,수,0,0,108,18.5,17.5,9.5,8.5,46.476190476190474,21,46.5,10,45.888888888888886,9,0,ENV_YDST_108_HR_2020_2020_2021.csv
2020-06-11,2020,6,11,3,목,0,0,108,18.5,17.5,9.5,8.5,30.692307692307693,13,18.4,10,18.4,9,0,ENV_YDST_108_HR_2020_2020_2021.csv
2020-06-12,2020,6,12,4,금,0,0,108,18.5,17.5,9.5,8.5,42.44444444444444,18,42.0,10,42.0,9,0,ENV_YDST_108_HR_2020_2020_2021.csv
2020-06-13,2020,6,13,5,토,1,0,108,18.5,17.5,9.5,8.5,51.714285714285715,21,54.77777777777778,10,50.0,9,0,ENV_YDST_108_HR_2020_2020_2021.csv
2020-06-14,2020,6,14,6,일,1,0,108,18.5,17.5,9.5,8.5,41.25,4,42.0,10,42.0,9,0,ENV_YDST_108_HR_2020_2020_2021.csv
2020-06-15,2020,6,15,0,월,0,0,108,18.5,17.5,9.5,8.5,35.4,20,17.714285714285715,10,19.0,9,0,ENV_YDST_108_HR_2020_2020_2021.csv
2020-06-16,2020,6,16,1,화,0,1,108,18.5,17.5,9.5,8.5,44.72222222222222,18,30.555555555555557,10,30.555555555555557,9,0,ENV_YDST_108_HR_2020_2020_2021.csv
2020-06-17,2020,6,17,2,수,0,0,108,18.5,17.5,9.5,8.5,38.46153846153846,13,41.5,10,45.142857142857146,9,0,ENV_YDST_108_HR_2020_2020_2021.csv
2020-06-18,2020,6,18,3,목,0,0,108,18.5,17.5,9.5,8.5,38.458333333333336,24,33.3,10,33.0,9,0,ENV_YDST_108_HR_2020_2020_2021.csv
2020-06-19,2020,6,19,4,금,0,0,108,18.5,17.5,9.5,8.5,30.318181818181817,22,32.125,10,30.857142857142858,9,0,ENV_YDST_108_HR_2020_2020_2021.csv
2020-06-20,2020,6,20,5,토,1,0,108,18.5,17.5,9.5,8.5,39.25,24,40.0,10,41.666666666666664,9,0,ENV_YDST_108_HR_2020_2020_2021.csv
2020-06-21,2020,6,21,6,일,1,0,108,18.5,17.5,9.5,8.5,39.095238095238095,21,27.25,10,25.714285714285715,9,0,ENV_YDST_108_HR_2020_2020_2021.csv
2020-06-22,2020,6,22,0,월,0,0,108,18.5,17.5,9.5,8.5,40.47826086956522,23,41.3,10,40.44444444444444,9,0,ENV_YDST_108_HR_2020_2020_2021.csv
2020-06-23,2020,6,23,1,화,0,1,108,18.5,17.5,9.5,8.5,45.095238095238095,21,52.0,10,53.285714285714285,9,0,ENV_YDST_108_HR_2020_2020_2021.csv
2020-06-24,2020,6,24,2,수,0,0,108,18.5,17.5,9.5,8.5,42.75,20,37.25,10,41.0,9,0,ENV_YDST_108_HR_2020_2020_2021.csv
2020-06-25,2020,6,25,3,목,0,0,108,18.5,17.5,9.5,8.5,24.736842105263158,19,34.6,10,33.5,9,0,ENV_YDST_108_HR_2020_2020_2021.csv
2020-06-26,2020,6,26,4,금,0,0,108,18.5,17.5,9.5,8.5,29.82608695652174,23,39.2,10,37.333333333333336,9,0,ENV_YDST_108_HR_2020_2020_2021.csv
2020-06-27,2020,6,27,5,토,1,0,108,18.5,17.5,9.5,8.5,27.555555555555557,18,33.0,10,33.0,9,0,ENV_YDST_108_HR_2020_2020_2021.csv
2020-06-28,2020,6,28,6,일,1,0,108,18.5,17.5,9.5,8.5,39.15,20,20.5,10,16.6,9,0,ENV_YDST_108_HR_2020_2020_2021.csv
2020-06-29,2020,6,29,0,월,0,0,108,18.5,17.5,9.5,8.5,47.89473684210526,19,42.888888888888886,10,46.0,9,0,ENV_YDST_108_HR_2020_2020_2021.csv
2020-06-30,2020,6,30,1,화,0,1,108,18.5,17.5,9.5,8.5,10.733333333333333,15,5.75,10,5.333333333333333,9,0,ENV_YDST_108_HR_2020_2020_2021.csv
2020-07-01,2020,7,1,2,수,0,0,108,18.5,17.5,9.5,8.5,24.3125,16,25.375,10,24.0,9,0,ENV_YDST_108_HR_2020_2020_2021.csv
2020-07-02,2020,7,2,3,목,0,0,108,18.5,17.5,9.5,8.5,35.5,6,35.5,10,35.5,9,0,ENV_YDST_108_HR_2020_2020_2021.csv
2020-07-03,2020,7,3,4,금,0,0,108,18.5,17.5,9.5,8.5,14.4,5,19.0,10,,9,0,ENV_YDST_108_HR_2020_2020_2021.csv
2020-07-04,2020,7,4,5,토,1,0,108,18.5,17.5,9.5,8.5,32.06666666666667,15,21.333333333333332,10,21.8,9,0,ENV_YDST_108_HR_2020_2020_2021.csv
2020-07-05,2020,7,5,6,일,1,0,108,18.5,17.5,9.5,8.5,32.18181818181818,22,23.5,10,22.857142857142858,9,0,ENV_YDST_108_HR_2020_2020_2021.csv
2020-07-06,2020,7,6,0,월,0,0,108,18.5,17.5,9.5,8.5,28.31578947368421,19,27.0,10,27.0,9,0,ENV_YDST_108_HR_2020_2020_2021.csv
2020-07-07,2020,7,7,1,화,0,1,108,18.5,17.5,9.5,8.5,34.294117647058826,17,28.6,10,26.5,9,0,ENV_YDST_108_HR_2020_2020_2021.csv
2020-07-08,2020,7,8,2,수,0,0,108,18.5,17.5,9.5,8.5,40.35,20,37.75,10,37.57142857142857,9,0,ENV_YDST_108_HR_2020_2020_2021.csv
2020-07-09,2020,7,9,3,목,0,0,108,18.5,17.5,9.5,8.5,45.5,2,38.0,10,38.0,9,0,ENV_YDST_108_HR_2020_2020_2021.csv
2020-07-10,2020,7,10,4,금,0,0,108,18.5,17.5,9.5,8.5,24.0,17,29.6,10,29.6,9,0,ENV_YDST_108_HR_2020_2020_2021.csv
2020-07-11,2020,7,11,5,토,1,0,108,18.5,17.5,9.5,8.5,7.888888888888889,18,7.75,10,8.142857142857142,9,0,ENV_YDST_108_HR_2020_2020_2021.csv
2020-07-12,2020,7,12,6,일,1,0,108,18.5,17.5,9.5,8.5,15.125,24,20.1,10,20.333333333333332,9,0,ENV_YDST_108_HR_2020_2020_2021.csv
2020-07-13,2020,7,13,0,월,0,0,108,18.5,17.5,9.5,8.5,8.8,20,7.111111111111111,10,7.5,9,0,ENV_YDST_108_HR_2020_2020_2021.csv
2020-07-14,2020,7,14,1,화,0,1,108,18.5,17.5,9.5,8.5,10.88888888888889,9,13.0,10,13.666666666666666,9,0,ENV_YDST_108_HR_2020_2020_2021.csv
2020-07-15,2020,7,15,2,수,0,0,108,18.5,17.5,9.5,8.5,12.857142857142858,21,14.4,10,15.11111111111111,9,0,ENV_YDST_108_HR_2020_2020_2021.csv
2020-07-16,2020,7,16,3,목,0,0,108,18.5,17.5,9.5,8.5,24.625,24,29.8,10,29.666666666666668,9,0,ENV_YDST_108_HR_2020_2020_2021.csv
2020-07-17,2020,7,17,4,금,0,0,108,18.5,17.5,9.5,8.5,38.5,18,42.375,10,38.142857142857146,9,0,ENV_YDST_108_HR_2020_2020_2021.csv
2020-07-18,2020,7,18,5,토,1,0,108,18.5,17.5,9.5,8.5,48.0,14,41.8,10,41.8,9,0,ENV_YDST_108_HR_2020_2020_2021.csv
2020-07-19,2020,7,19,6,일,1,0,108,18.5,17.5,9.5,8.5,,0,,10,,9,0,ENV_YDST_108_HR_2020_2020_2021.csv
2020-07-20,2020,7,20,0,월,0,0,108,18.5,17.5,9.5,8.5,22.1,10,23.2,10,23.5,9,0,ENV_YDST_108_HR_2020_2020_2021.csv
2020-07-21,2020,7,21,1,화,0,1,108,18.5,17.5,9.5,8.5,34.63157894736842,19,39.833333333333336,10,39.833333333333336,9,0,ENV_YDST_108_HR_2020_2020_2021.csv
2020-07-22,2020,7,22,2,수,0,0,108,18.5,17.5,9.5,8.5,42.8125,16,59.666666666666664,10,59.666666666666664,9,0,ENV_YDST_108_HR_2020_2020_2021.csv
2020-07-23,2020,7,23,3,목,0,0,108,18.5,17.5,9.5,8.5,24.6,5,,10,,9,0,ENV_YDST_108_HR_2020_2020_2021.csv
2020-07-24,2020,7,24,4,금,0,0,108,18.5,17.5,9.5,8.5,6.5,8,7.2,10,7.2,9,0,ENV_YDST_108_HR_2020_2020_2021.csv
2020-07-25,2020,7,25,5,토,1,0,108,18.5,17.5,9.5,8.5,6.666666666666667,9,9.333333333333334,10,5.5,9,0,ENV_YDST_108_HR_2020_2020_2021.csv
2020-07-26,2020,7,26,6,일,1,0,108,18.5,17.5,9.5,8.5,20.53846153846154,13,17.8,10,13.75,9,0,ENV_YDST_108_HR_2020_2020_2021.csv
2020-07-27,2020,7,27,0,월,0,0,108,18.5,17.5,9.5,8.5,21.09090909090909,11,25.0,10,25.0,9,0,ENV_YDST_108_HR_2020_2020_2021.csv
2020-07-28,2020,7,28,1,화,0,1,108,18.5,17.5,9.5,8.5,14.045454545454545,22,14.444444444444445,10,14.5,9,0,ENV_YDST_108_HR_2020_2020_2021.csv
2020-07-29,2020,7,29,2,수,0,0,108,18.5,17.5,9.5,8.5,12.434782608695652,23,10.555555555555555,10,9.875,9,0,ENV_YDST_108_HR_2020_2020_2021.csv
2020-07-30,2020,7,30,3,목,0,0,108,18.5,17.5,9.5,8.5,18.25,24,19.5,10,19.77777777777778,9,0,ENV_YDST_108_HR_2020_2020_2021.csv
2020-07-31,2020,7,31,4,금,0,0,108,18.5,17.5,9.5,8.5,20.416666666666668,24,22.5,10,23.11111111111111,9,0,ENV_YDST_108_HR_2020_2020_2021.csv
2020-08-01,2020,8,1,5,토,1,0,108,18.5,17.5,9.5,8.5,13.909090909090908,22,15.2,10,15.0,9,0,ENV_YDST_108_HR_2020_2020_2021.csv
2020-08-02,2020,8,2,6,일,1,0,108,18.5,17.5,9.5,8.5,9.923076923076923,13,8.0,6,8.0,6,0,ENV_YDST_108_HR_2020_2020_2021.csv
2020-08-06,2020,8,6,3,목,0,0,108,18.5,17.5,9.5,8.5,28.2,5,19.5,5,19.5,4,0,ENV_YDST_108_HR_2020_2020_2021.csv
2020-08-07,2020,8,7,4,금,0,0,108,18.5,17.5,9.5,8.5,44.55555555555556,18,44.5,10,47.2,9,0,ENV_YDST_108_HR_2020_2020_2021.csv
2020-08-08,2020,8,8,5,토,1,0,108,18.5,17.5,9.5,8.5,29.529411764705884,17,35.0,10,35.0,9,0,ENV_YDST_108_HR_2020_2020_2021.csv
2020-08-09,2020,8,9,6,일,1,0,108,18.5,17.5,9.5,8.5,31.5,12,23.0,10,25.5,9,0,ENV_YDST_108_HR_2020_2020_2021.csv
2020-08-10,2020,8,10,0,월,0,0,108,18.5,17.5,9.5,8.5,36.0,9,,10,,9,0,ENV_YDST_108_HR_2020_2020_2021.csv
2020-08-11,2020,8,11,1,화,0,1,108,18.5,17.5,9.5,8.5,33.4,15,42.285714285714285,10,43.666666666666664,9,0,ENV_YDST_108_HR_2020_2020_2021.csv
2020-08-12,2020,8,12,2,수,0,0,108,18.5,17.5,9.5,8.5,37.23076923076923,13,41.2,10,43.25,9,0,ENV_YDST_108_HR_2020_2020_2021.csv
2020-08-13,2020,8,13,3,목,0,0,108,18.5,17.5,9.5,8.5,41.666666666666664,15,35.125,10,30.285714285714285,9,0,ENV_YDST_108_HR_2020_2020_2021.csv
2020-08-14,2020,8,14,4,금,0,0,108,18.5,17.5,9.5,8.5,43.142857142857146,7,,10,,9,0,ENV_YDST_108_HR_2020_2020_2021.csv
2020-08-15,2020,8,15,5,토,1,0,108,18.5,17.5,9.5,8.5,,0,,10,,9,0,ENV_YDST_108_HR_2020_2020_2021.csv
2020-08-16,2020,8,16,6,일,1,0,108,18.5,17.5,9.5,8.5,,0,,10,,9,0,ENV_YDST_108_HR_2020_2020_2021.csv
2020-08-17,2020,8,17,0,월,0,0,108,18.5,17.5,9.5,8.5,44.0,5,45.25,10,37.0,9,0,ENV_YDST_108_HR_2020_2020_2021.csv
2020-08-18,2020,8,18,1,화,0,1,108,18.5,17.5,9.5,8.5,34.86666666666667,15,30.75,10,30.142857142857142,9,0,ENV_YDST_108_HR_2020_2020_2021.csv
2020-08-19,2020,8,19,2,수,0,0,108,18.5,17.5,9.5,8.5,55.18181818181818,11,53.2,10,58.25,9,0,ENV_YDST_108_HR_2020_2020_2021.csv
2020-08-20,2020,8,20,3,목,0,0,108,18.5,17.5,9.5,8.5,59.0,11,49.333333333333336,10,49.333333333333336,9,0,ENV_YDST_108_HR_2020_2020_2021.csv
2020-08-21,2020,8,21,4,금,0,0,108,18.5,17.5,9.5,8.5,39.0,11,41.0,10,41.0,9,0,ENV_YDST_108_HR_2020_2020_2021.csv
2020-08-22,2020,8,22,5,토,1,0,108,18.5,17.5,9.5,8.5,18.416666666666668,12,18.75,7,18.75,7,0,ENV_YDST_108_HR_2020_2020_2021.csv
2020-08-23,2020,8,23,6,일,1,0,108,18.5,17.5,9.5,8.5,18.583333333333332,12,16.8,10,18.5,9,0,ENV_YDST_108_HR_2020_2020_2021.csv
2020-08-24,2020,8,24,0,월,0,0,108,18.5,17.5,9.5,8.5,31.761904761904763,21,31.0,10,30.714285714285715,9,0,ENV_YDST_108_HR_2020_2020_2021.csv
2020-08-25,2020,8,25,1,화,0,1,108,18.5,17.5,9.5,8.5,49.733333333333334,15,37.0,10,35.4,9,0,ENV_YDST_108_HR_2020_2020_2021.csv
2020-08-26,2020,8,26,2,수,0,0,108,18.5,17.5,9.5,8.5,37.2,10,37.0,10,37.0,9,0,ENV_YDST_108_HR_2020_2020_2021.csv
2020-08-27,2020,8,27,3,목,0,0,108,18.5,17.5,9.5,8.5,40.916666666666664,12,33.666666666666664,10,33.666666666666664,9,0,ENV_YDST_108_HR_2020_2020_2021.csv
2020-08-28,2020,8,28,4,금,0,0,108,18.5,17.5,9.5,8.5,,0,,8,,7,0,ENV_YDST_108_HR_2020_2020_2021.csv
2020-08-29,2020,8,29,5,토,1,0,108,18.5,17.5,9.5,8.5,58.2,5,,10,,9,0,ENV_YDST_108_HR_2020_2020_2021.csv
2020-08-30,2020,8,30,6,일,1,0,108,18.5,17.5,9.5,8.5,21.2,10,25.0,10,24.666666666666668,9,0,ENV_YDST_108_HR_2020_2020_2021.csv
2020-08-31,2020,8,31,0,월,0,0,108,18.5,17.5,9.5,8.5,8.7,20,10.555555555555555,10,9.125,9,0,ENV_YDST_108_HR_2020_2020_2021.csv
2020-09-01,2020,9,1,1,화,0,1,108,18.0,17.0,9.0,8.0,15.666666666666666,24,18.22222222222222,9,17.375,8,0,ENV_YDST_108_HR_2020_2020_2021.csv
2020-09-02,2020,9,2,2,수,0,0,108,18.0,17.0,9.0,8.0,16.727272727272727,22,15.75,9,15.75,8,0,ENV_YDST_108_HR_2020_2020_2021.csv
2020-09-03,2020,9,3,3,목,0,0,108,18.0,17.0,9.0,8.0,15.588235294117647,17,11.285714285714286,9,11.0,8,0,ENV_YDST_108_HR_2020_2020_2021.csv
2020-09-04,2020,9,4,4,금,0,0,108,18.0,17.0,9.0,8.0,19.25,24,19.0,9,18.75,8,0,ENV_YDST_108_HR_2020_2020_2021.csv
2020-09-05,2020,9,5,5,토,1,0,108,18.0,17.0,9.0,8.0,27.625,24,30.444444444444443,9,29.875,8,0,ENV_YDST_108_HR_2020_2020_2021.csv
2020-09-06,2020,9,6,6,일,1,0,108,18.0,17.0,9.0,8.0,21.454545454545453,22,16.666666666666668,9,17.0,8,0,ENV_YDST_108_HR_2020_2020_2021.csv
2020-09-07,2020,9,7,0,월,0,0,108,18.0,17.0,9.0,8.0,9.166666666666666,12,8.833333333333334,9,7.8,8,0,ENV_YDST_108_HR_2020_2020_2021.csv
2020-09-08,2020,9,8,1,화,0,1,108,18.0,17.0,9.0,8.0,26.61904761904762,21,29.166666666666668,9,30.0,8,0,ENV_YDST_108_HR_2020_2020_2021.csv
2020-09-09,2020,9,9,2,수,0,0,108,18.0,17.0,9.0,8.0,26.818181818181817,22,25.714285714285715,9,25.714285714285715,8,0,ENV_YDST_108_HR_2020_2020_2021.csv
2020-09-10,2020,9,10,3,목,0,0,108,18.0,17.0,9.0,8.0,23.583333333333332,24,25.555555555555557,9,25.875,8,0,ENV_YDST_108_HR_2020_2020_2021.csv
2020-09-11,2020,9,11,4,금,0,0,108,18.0,17.0,9.0,8.0,22.666666666666668,24,20.88888888888889,9,21.125,8,0,ENV_YDST_108_HR_2020_2020_2021.csv
2020-09-12,2020,9,12,5,토,1,0,108,18.0,17.0,9.0,8.0,8.782608695652174,23,10.0,9,10.125,8,0,ENV_YDST_108_HR_2020_2020_2021.csv
2020-09-13,2020,9,13,6,일,1,0,108,18.0,17.0,9.0,8.0,12.625,16,20.285714285714285,9,21.333333333333332,8,0,ENV_YDST_108_HR_2020_2020_2021.csv
2020-09-14,2020,9,14,0,월,0,0,108,18.0,17.0,9.0,8.0,27.61904761904762,21,39.5,9,40.6,8,0,ENV_YDST_108_HR_2020_2020_2021.csv
2020-09-15,2020,9,15,1,화,0,1,108,18.0,17.0,9.0,8.0,42.578947368421055,19,29.5,9,30.0,8,0,ENV_YDST_108_HR_2020_2020_2021.csv
2020-09-16,2020,9,16,2,수,0,0,108,18.0,17.0,9.0,8.0,20.833333333333332,24,21.88888888888889,9,22.875,8,0,ENV_YDST_108_HR_2020_2020_2021.csv
2020-09-17,2020,9,17,3,목,0,0,108,18.0,17.0,9.0,8.0,20.75,20,24.11111111111111,9,24.0,8,0,ENV_YDST_108_HR_2020_2020_2021.csv
2020-09-18,2020,9,18,4,금,0,0,108,18.0,17.0,9.0,8.0,24.823529411764707,17,32.666666666666664,9,33.8,8,0,ENV_YDST_108_HR_2020_2020_2021.csv
2020-09-19,2020,9,19,5,토,1,0,108,18.0,17.0,9.0,8.0,23.176470588235293,17,20.666666666666668,9,21.0,8,0,ENV_YDST_108_HR_2020_2020_2021.csv
2020-09-20,2020,9,20,6,일,1,0,108,18.0,17.0,9.0,8.0,19.055555555555557,18,24.833333333333332,9,25.8,8,0,ENV_YDST_108_HR_2020_2020_2021.csv
2020-09-21,2020,9,21,0,월,0,0,108,18.0,17.0,9.0,8.0,24.045454545454547,22,29.125,9,27.857142857142858,8,0,ENV_YDST_108_HR_2020_2020_2021.csv
2020-09-22,2020,9,22,1,화,0,1,108,18.0,17.0,9.0,8.0,23.58823529411765,17,30.833333333333332,9,33.0,8,0,ENV_YDST_108_HR_2020_2020_2021.csv
2020-09-23,2020,9,23,2,수,0,0,108,18.0,17.0,9.0,8.0,11.125,16,15.571428571428571,9,16.5,8,0,ENV_YDST_108_HR_2020_2020_2021.csv
2020-09-24,2020,9,24,3,목,0,0,108,18.0,17.0,9.0,8.0,10.526315789473685,19,16.0,9,17.8,8,0,ENV_YDST_108_HR_2020_2020_2021.csv
2020-09-25,2020,9,25,4,금,0,0,108,18.0,17.0,9.0,8.0,13.80952380952381,21,21.0,9,22.5,8,0,ENV_YDST_108_HR_2020_2020_2021.csv
2020-09-26,2020,9,26,5,토,1,0,108,18.0,17.0,9.0,8.0,15.0,22,19.25,9,19.0,8,0,ENV_YDST_108_HR_2020_2020_2021.csv
2020-09-27,2020,9,27,6,일,1,0,108,18.0,17.0,9.0,8.0,15.619047619047619,21,19.428571428571427,9,21.0,8,0,ENV_YDST_108_HR_2020_2020_2021.csv
2020-09-28,2020,9,28,0,월,0,0,108,18.0,17.0,9.0,8.0,25.125,16,28.0,9,23.333333333333332,8,0,ENV_YDST_108_HR_2020_2020_2021.csv
2020-09-29,2020,9,29,1,화,0,1,108,18.0,17.0,9.0,8.0,41.57142857142857,21,41.285714285714285,9,42.0,8,0,ENV_YDST_108_HR_2020_2020_2021.csv
2020-09-30,2020,9,30,2,수,0,0,108,18.0,17.0,9.0,8.0,45.22222222222222,9,27.666666666666668,9,27.666666666666668,8,0,ENV_YDST_108_HR_2020_2020_2021.csv
2020-10-01,2020,10,1,3,목,0,0,108,18.0,17.0,9.0,8.0,30.6,15,40.166666666666664,9,35.0,8,0,ENV_YDST_108_HR_2020_2020_2021.csv
2020-10-02,2020,10,2,4,금,0,0,108,18.0,17.0,9.0,8.0,36.5,22,31.285714285714285,9,32.333333333333336,8,0,ENV_YDST_108_HR_2020_2020_2021.csv
2020-10-03,2020,10,3,5,토,1,0,108,18.0,17.0,9.0,8.0,53.3,20,37.4,9,36.5,8,0,ENV_YDST_108_HR_2020_2020_2021.csv
2020-10-04,2020,10,4,6,일,1,0,108,18.0,17.0,9.0,8.0,36.666666666666664,21,26.833333333333332,9,25.8,8,0,ENV_YDST_108_HR_2020_2020_2021.csv
2020-10-05,2020,10,5,0,월,0,0,108,18.0,17.0,9.0,8.0,30.782608695652176,23,36.125,9,35.142857142857146,8,0,ENV_YDST_108_HR_2020_2020_2021.csv
2020-10-06,2020,10,6,1,화,0,1,108,18.0,17.0,9.0,8.0,30.304347826086957,23,26.375,9,24.285714285714285,8,0,ENV_YDST_108_HR_2020_2020_2021.csv
2020-10-07,2020,10,7,2,수,0,0,108,18.0,17.0,9.0,8.0,32.130434782608695,23,29.75,9,31.714285714285715,8,0,ENV_YDST_108_HR_2020_2020_2021.csv
2020-10-08,2020,10,8,3,목,0,0,108,18.0,17.0,9.0,8.0,19.772727272727273,22,19.428571428571427,9,19.333333333333332,8,0,ENV_YDST_108_HR_2020_2020_2021.csv
2020-10-09,2020,10,9,4,금,0,0,108,18.0,17.0,9.0,8.0,20.666666666666668,21,26.714285714285715,9,26.333333333333332,8,0,ENV_YDST_108_HR_2020_2020_2021.csv
2020-10-10,2020,10,10,5,토,1,0,108,18.0,17.0,9.0,8.0,24.681818181818183,22,25.285714285714285,9,25.333333333333332,8,0,ENV_YDST_108_HR_2020_2020_2021.csv
2020-10-11,2020,10,11,6,일,1,0,108,18.0,17.0,9.0,8.0,36.86363636363637,22,31.571428571428573,9,31.666666666666668,8,0,ENV_YDST_108_HR_2020_2020_2021.csv
2020-10-12,2020,10,12,0,월,0,0,108,18.0,17.0,9.0,8.0,53.285714285714285,21,53.42857142857143,9,52.5,8,0,ENV_YDST_108_HR_2020_2020_2021.csv
2020-10-13,2020,10,13,1,화,0,1,108,18.0,17.0,9.0,8.0,35.08695652173913,23,33.125,9,32.57142857142857,8,0,ENV_YDST_108_HR_2020_2020_2021.csv
2020-10-14,2020,10,14,2,수,0,0,108,18.0,17.0,9.0,8.0,44.541666666666664,24,42.22222222222222,9,40.75,8,0,ENV_YDST_108_HR_2020_2020_2021.csv
2020-10-15,2020,10,15,3,목,0,0,108,18.0,17.0,9.0,8.0,45.8125,16,50.333333333333336,9,48.8,8,0,ENV_YDST_108_HR_2020_2020_2021.csv
2020-10-16,2020,10,16,4,금,0,0,108,18.0,17.0,9.0,8.0,51.583333333333336,24,54.333333333333336,9,53.875,8,0,ENV_YDST_108_HR_2020_2020_2021.csv
2020-10-17,2020,10,17,5,토,1,0,108,18.0,17.0,9.0,8.0,52.095238095238095,21,16.833333333333332,9,15.0,8,0,ENV_YDST_108_HR_2020_2020_2021.csv
2020-10-18,2020,10,18,6,일,1,0,108,18.0,17.0,9.0,8.0,44.608695652173914,23,40.625,9,39.57142857142857,8,0,ENV_YDST_108_HR_2020_2020_2021.csv
2020-10-19,2020,10,19,0,월,0,0,108,18.0,17.0,9.0,8.0,115.04545454545455,22,73.42857142857143,9,72.16666666666667,8,0,ENV_YDST_108_HR_2020_2020_2021.csv
2020-10-20,2020,10,20,1,화,0,1,108,18.0,17.0,9.0,8.0,122.25,24,82.0,9,84.25,8,1,ENV_YDST_108_HR_2020_2020_2021.csv
2020-10-21,2020,10,21,2,수,0,0,108,18.0,17.0,9.0,8.0,94.5,2,,9,,8,0,ENV_YDST_108_HR_2020_2020_2021.csv
2020-10-22,2020,10,22,3,목,0,0,108,18.0,17.0,9.0,8.0,98.20833333333333,24,141.33333333333334,9,141.0,8,1,ENV_YDST_108_HR_2020_2020_2021.csv
2020-10-23,2020,10,23,4,금,0,0,108,18.0,17.0,9.0,8.0,33.208333333333336,24,39.111111111111114,9,39.0,8,0,ENV_YDST_108_HR_2020_2020_2021.csv
2020-10-24,2020,10,24,5,토,1,0,108,18.0,17.0,9.0,8.0,36.75,24,35.77777777777778,9,35.25,8,0,ENV_YDST_108_HR_2020_2020_2021.csv
2020-10-25,2020,10,25,6,일,1,0,108,18.0,17.0,9.0,8.0,44.666666666666664,24,40.333333333333336,9,39.0,8,0,ENV_YDST_108_HR_2020_2020_2021.csv
2020-10-26,2020,10,26,0,월,0,0,108,18.0,17.0,9.0,8.0,70.70833333333333,24,71.33333333333333,9,71.875,8,0,ENV_YDST_108_HR_2020_2020_2021.csv
2020-10-27,2020,10,27,1,화,0,1,108,18.0,17.0,9.0,8.0,113.375,24,115.77777777777777,9,108.0,8,1,ENV_YDST_108_HR_2020_2020_2021.csv
2020-10-28,2020,10,28,2,수,0,0,108,18.0,17.0,9.0,8.0,67.71428571428571,21,32.0,9,32.6,8,0,ENV_YDST_108_HR_2020_2020_2021.csv
2020-10-29,2020,10,29,3,목,0,0,108,18.0,17.0,9.0,8.0,43.166666666666664,24,42.666666666666664,9,42.25,8,0,ENV_YDST_108_HR_2020_2020_2021.csv
2020-10-30,2020,10,30,4,금,0,0,108,18.0,17.0,9.0,8.0,57.291666666666664,24,49.77777777777778,9,49.125,8,0,ENV_YDST_108_HR_2020_2020_2021.csv
2020-10-31,2020,10,31,5,토,1,0,108,18.0,17.0,9.0,8.0,35.041666666666664,24,41.888888888888886,9,41.75,8,0,ENV_YDST_108_HR_2020_2020_2021.csv
2020-11-01,2020,11,1,6,일,1,0,108,17.0,16.0,8.0,7.0,68.25,24,38.875,8,35.57142857142857,7,0,ENV_YDST_108_HR_2020_2020_2021.csv
2020-11-02,2020,11,2,0,월,0,0,108,17.0,16.0,8.0,7.0,62.583333333333336,24,37.625,8,38.57142857142857,7,0,ENV_YDST_108_HR_2020_2020_2021.csv
2020-11-03,2020,11,3,1,화,0,1,108,17.0,16.0,8.0,7.0,28.833333333333332,24,30.5,8,30.714285714285715,7,0,ENV_YDST_108_HR_2020_2020_2021.csv
2020-11-04,2020,11,4,2,수,0,0,108,17.0,16.0,8.0,7.0,38.041666666666664,24,35.125,8,35.0,7,0,ENV_YDST_108_HR_2020_2020_2021.csv
2020-11-05,2020,11,5,3,목,0,0,108,17.0,16.0,8.0,7.0,52.583333333333336,24,47.25,8,46.57142857142857,7,0,ENV_YDST_108_HR_2020_2020_2021.csv
2020-11-06,2020,11,6,4,금,0,0,108,17.0,16.0,8.0,7.0,62.833333333333336,24,63.5,8,64.57142857142857,7,0,ENV_YDST_108_HR_2020_2020_2021.csv
2020-11-07,2020,11,7,5,토,1,0,108,17.0,16.0,8.0,7.0,112.20833333333333,24,121.875,8,119.85714285714286,7,1,ENV_YDST_108_HR_2020_2020_2021.csv
2020-11-08,2020,11,8,6,일,1,0,108,17.0,16.0,8.0,7.0,77.04166666666667,24,56.875,8,59.57142857142857,7,0,ENV_YDST_108_HR_2020_2020_2021.csv
2020-11-09,2020,11,9,0,월,0,0,108,17.0,16.0,8.0,7.0,33.708333333333336,24,37.375,8,38.714285714285715,7,0,ENV_YDST_108_HR_2020_2020_2021.csv
2020-11-10,2020,11,10,1,화,0,1,108,17.0,16.0,8.0,7.0,34.0,24,29.75,8,28.428571428571427,7,0,ENV_YDST_108_HR_2020_2020_2021.csv
2020-11-11,2020,11,11,2,수,0,0,108,17.0,16.0,8.0,7.0,60.52173913043478,23,64.375,8,65.57142857142857,7,0,ENV_YDST_108_HR_2020_2020_2021.csv
2020-11-12,2020,11,12,3,목,0,0,108,17.0,16.0,8.0,7.0,90.04166666666667,24,84.125,8,80.71428571428571,7,1,ENV_YDST_108_HR_2020_2020_2021.csv
2020-11-13,2020,11,13,4,금,0,0,108,17.0,16.0,8.0,7.0,114.29166666666667,24,101.75,8,101.85714285714286,7,1,ENV_YDST_108_HR_2020_2020_2021.csv
2020-11-14,2020,11,14,5,토,1,0,108,17.0,16.0,8.0,7.0,111.38095238095238,21,67.0,8,66.25,7,0,ENV_YDST_108_HR_2020_2020_2021.csv
2020-11-15,2020,11,15,6,일,1,0,108,17.0,16.0,8.0,7.0,116.45833333333333,24,122.875,8,125.42857142857143,7,1,ENV_YDST_108_HR_2020_2020_2021.csv
2020-11-16,2020,11,16,0,월,0,0,108,17.0,16.0,8.0,7.0,113.8,20,90.25,8,88.66666666666667,7,1,ENV_YDST_108_HR_2020_2020_2021.csv
2020-11-17,2020,11,17,1,화,0,1,108,17.0,16.0,8.0,7.0,88.875,24,79.125,8,73.85714285714286,7,0,ENV_YDST_108_HR_2020_2020_2021.csv
2020-11-18,2020,11,18,2,수,0,0,108,17.0,16.0,8.0,7.0,59.36363636363637,11,35.4,8,35.4,7,0,ENV_YDST_108_HR_2020_2020_2021.csv
2020-11-19,2020,11,19,3,목,0,0,108,17.0,16.0,8.0,7.0,40.25,12,,0,,0,0,ENV_YDST_108_HR_2020_2020_2021.csv
2020-11-20,2020,11,20,4,금,0,0,108,17.0,16.0,8.0,7.0,33.166666666666664,24,30.625,8,31.0,7,0,ENV_YDST_108_HR_2020_2020_2021.csv
2020-11-21,2020,11,21,5,토,1,0,108,17.0,16.0,8.0,7.0,45.54545454545455,22,34.0,8,29.2,7,0,ENV_YDST_108_HR_2020_2020_2021.csv
2020-11-22,2020,11,22,6,일,1,0,108,17.0,16.0,8.0,7.0,58.27272727272727,22,38.833333333333336,8,38.6,7,0,ENV_YDST_108_HR_2020_2020_2021.csv
2020-11-23,2020,11,23,0,월,0,0,108,17.0,16.0,8.0,7.0,41.27272727272727,22,34.166666666666664,8,32.4,7,0,ENV_YDST_108_HR_2020_2020_2021.csv
2020-11-24,2020,11,24,1,화,0,1,108,17.0,16.0,8.0,7.0,38.375,24,44.75,8,44.285714285714285,7,0,ENV_YDST_108_HR_2020_2020_2021.csv
2020-11-25,2020,11,25,2,수,0,0,108,17.0,16.0,8.0,7.0,58.833333333333336,24,56.875,8,54.142857142857146,7,0,ENV_YDST_108_HR_2020_2020_2021.csv
2020-11-26,2020,11,26,3,목,0,0,108,17.0,16.0,8.0,7.0,89.70833333333333,24,79.0,8,73.28571428571429,7,0,ENV_YDST_108_HR_2020_2020_2021.csv
2020-11-27,2020,11,27,4,금,0,0,108,17.0,16.0,8.0,7.0,64.83333333333333,24,43.875,8,45.714285714285715,7,0,ENV_YDST_108_HR_2020_2020_2021.csv
2020-11-28,2020,11,28,5,토,1,0,108,17.0,16.0,8.0,7.0,29.125,24,19.75,8,18.428571428571427,7,0,ENV_YDST_108_HR_2020_2020_2021.csv
2020-11-29,2020,11,29,6,일,1,0,108,17.0,16.0,8.0,7.0,36.333333333333336,24,38.625,8,37.714285714285715,7,0,ENV_YDST_108_HR_2020_2020_2021.csv
2020-11-30,2020,11,30,0,월,0,0,108,17.0,16.0,8.0,7.0,44.333333333333336,21,54.2,8,54.25,7,0,ENV_YDST_108_HR_2020_2020_2021.csv
2020-12-01,2020,12,1,1,화,0,1,108,17.0,16.0,8.0,7.0,42.5,24,36.375,8,35.42857142857143,7,0,ENV_YDST_108_HR_2020_2020_2021.csv
2020-12-02,2020,12,2,2,수,0,0,108,17.0,16.0,8.0,7.0,42.916666666666664,24,40.125,8,40.42857142857143,7,0,ENV_YDST_108_HR_2020_2020_2021.csv
2020-12-03,2020,12,3,3,목,0,0,108,17.0,16.0,8.0,7.0,35.875,24,39.25,8,37.57142857142857,7,0,ENV_YDST_108_HR_2020_2020_2021.csv
2020-12-04,2020,12,4,4,금,0,0,108,17.0,16.0,8.0,7.0,44.608695652173914,23,32.0,8,31.666666666666668,7,0,ENV_YDST_108_HR_2020_2020_2021.csv
2020-12-05,2020,12,5,5,토,1,0,108,17.0,16.0,8.0,7.0,54.5,24,54.875,8,54.857142857142854,7,0,ENV_YDST_108_HR_2020_2020_2021.csv
2020-12-06,2020,12,6,6,일,1,0,108,17.0,16.0,8.0,7.0,72.0,24,66.25,8,63.142857142857146,7,0,ENV_YDST_108_HR_2020_2020_2021.csv
2020-12-07,2020,12,7,0,월,0,0,108,17.0,16.0,8.0,7.0,82.375,24,77.875,8,80.71428571428571,7,0,ENV_YDST_108_HR_2020_2020_2021.csv
2020-12-08,2020,12,8,1,화,0,1,108,17.0,16.0,8.0,7.0,34.333333333333336,21,29.6,8,28.0,7,0,ENV_YDST_108_HR_2020_2020_2021.csv
2020-12-09,2020,12,9,2,수,0,0,108,17.0,16.0,8.0,7.0,54.541666666666664,24,55.625,8,53.57142857142857,7,0,ENV_YDST_108_HR_2020_2020_2021.csv
2020-12-10,2020,12,10,3,목,0,0,108,17.0,16.0,8.0,7.0,105.5,24,84.5,8,79.85714285714286,7,1,ENV_YDST_108_HR_2020_2020_2021.csv
2020-12-11,2020,12,11,4,금,0,0,108,17.0,16.0,8.0,7.0,172.6,5,,8,,7,0,ENV_YDST_108_HR_2020_2020_2021.csv
2020-12-12,2020,12,12,5,토,1,0,108,17.0,16.0,8.0,7.0,75.66666666666667,24,59.375,8,61.57142857142857,7,0,ENV_YDST_108_HR_2020_2020_2021.csv
2020-12-13,2020,12,13,6,일,1,0,108,17.0,16.0,8.0,7.0,51.791666666666664,24,59.0,8,64.42857142857143,7,0,ENV_YDST_108_HR_2020_2020_2021.csv
2020-12-14,2020,12,14,0,월,0,0,108,17.0,16.0,8.0,7.0,30.75,24,28.125,8,27.714285714285715,7,0,ENV_YDST_108_HR_2020_2020_2021.csv
2020-12-15,2020,12,15,1,화,0,1,108,17.0,16.0,8.0,7.0,24.25,24,21.125,8,20.714285714285715,7,0,ENV_YDST_108_HR_2020_2020_2021.csv
2020-12-16,2020,12,16,2,수,0,0,108,17.0,16.0,8.0,7.0,28.333333333333332,24,30.125,8,29.714285714285715,7,0,ENV_YDST_108_HR_2020_2020_2021.csv
2020-12-17,2020,12,17,3,목,0,0,108,17.0,16.0,8.0,7.0,34.041666666666664,24,31.75,8,32.42857142857143,7,0,ENV_YDST_108_HR_2020_2020_2021.csv
2020-12-18,2020,12,18,4,금,0,0,108,17.0,16.0,8.0,7.0,47.166666666666664,24,53.0,8,54.285714285714285,7,0,ENV_YDST_108_HR_2020_2020_2021.csv
2020-12-19,2020,12,19,5,토,1,0,108,17.0,16.0,8.0,7.0,35.166666666666664,24,33.375,8,31.571428571428573,7,0,ENV_YDST_108_HR_2020_2020_2021.csv
2020-12-20,2020,12,20,6,일,1,0,108,17.0,16.0,8.0,7.0,33.541666666666664,24,29.125,8,29.0,7,0,ENV_YDST_108_HR_2020_2020_2021.csv
2020-12-21,2020,12,21,0,월,0,0,108,17.0,16.0,8.0,7.0,55.333333333333336,24,56.125,8,57.142857142857146,7,0,ENV_YDST_108_HR_2020_2020_2021.csv
2020-12-22,2020,12,22,1,화,0,1,108,17.0,16.0,8.0,7.0,72.875,24,78.125,8,79.85714285714286,7,0,ENV_YDST_108_HR_2020_2020_2021.csv
2020-12-23,2020,12,23,2,수,0,0,108,17.0,16.0,8.0,7.0,100.66666666666667,24,108.75,8,110.0,7,1,ENV_YDST_108_HR_2020_2020_2021.csv
2020-12-24,2020,12,24,3,목,0,0,108,17.0,16.0,8.0,7.0,89.625,24,88.5,8,92.14285714285714,7,1,ENV_YDST_108_HR_2020_2020_2021.csv
2020-12-25,2020,12,25,4,금,0,0,108,17.0,16.0,8.0,7.0,36.333333333333336,24,33.25,8,32.57142857142857,7,0,ENV_YDST_108_HR_2020_2020_2021.csv
2020-12-26,2020,12,26,5,토,1,0,108,17.0,16.0,8.0,7.0,77.375,24,85.5,8,80.71428571428571,7,1,ENV_YDST_108_HR_2020_2020_2021.csv
2020-12-27,2020,12,27,6,일,1,0,108,17.0,16.0,8.0,7.0,95.75,24,85.375,8,87.14285714285714,7,1,ENV_YDST_108_HR_2020_2020_2021.csv
2020-12-28,2020,12,28,0,월,0,0,108,17.0,16.0,8.0,7.0,94.375,24,86.125,8,85.85714285714286,7,1,ENV_YDST_108_HR_2020_2020_2021.csv
2020-12-29,2020,12,29,1,화,0,1,108,17.0,16.0,8.0,7.0,97.16666666666667,24,108.625,8,105.57142857142857,7,1,ENV_YDST_108_HR_2020_2020_2021.csv
2020-12-30,2020,12,30,2,수,0,0,108,17.0,16.0,8.0,7.0,48.208333333333336,24,39.5,8,39.285714285714285,7,0,ENV_YDST_108_HR_2020_2020_2021.csv
2020-12-31,2020,12,31,3,목,0,0,108,17.0,16.0,8.0,7.0,34.041666666666664,24,33.875,8,33.857142857142854,7,0,ENV_YDST_108_HR_2020_2020_2021.csv
2021-01-01,2021,1,1,4,금,0,0,108,17.0,16.0,8.0,7.0,35.958333333333336,24,40.375,8,37.857142857142854,7,0,ENV_YDST_108_HR_2021_2021_2022.csv
2021-01-02,2021,1,2,5,토,1,0,108,17.0,16.0,8.0,7.0,41.25,24,31.5,8,27.0,7,0,ENV_YDST_108_HR_2021_2021_2022.csv
2021-01-03,2021,1,3,6,일,1,0,108,17.0,16.0,8.0,7.0,48.708333333333336,24,35.75,8,35.714285714285715,7,0,ENV_YDST_108_HR_2021_2021_2022.csv
2021-01-04,2021,1,4,0,월,0,0,108,17.0,16.0,8.0,7.0,48.708333333333336,24,50.25,8,50.857142857142854,7,0,ENV_YDST_108_HR_2021_2021_2022.csv
2021-01-05,2021,1,5,1,화,0,1,108,17.0,16.0,8.0,7.0,38.291666666666664,24,29.25,8,31.0,7,0,ENV_YDST_108_HR_2021_2021_2022.csv
2021-01-06,2021,1,6,2,수,0,0,108,17.0,16.0,8.0,7.0,30.15,20,26.5,8,24.857142857142858,7,0,ENV_YDST_108_HR_2021_2021_2022.csv
2021-01-07,2021,1,7,3,목,0,0,108,17.0,16.0,8.0,7.0,57.26315789473684,19,52.125,8,52.57142857142857,7,0,ENV_YDST_108_HR_2021_2021_2022.csv
2021-01-08,2021,1,8,4,금,0,0,108,17.0,16.0,8.0,7.0,27.458333333333332,24,23.875,8,23.571428571428573,7,0,ENV_YDST_108_HR_2021_2021_2022.csv
2021-01-09,2021,1,9,5,토,1,0,108,17.0,16.0,8.0,7.0,32.375,24,34.25,8,33.714285714285715,7,0,ENV_YDST_108_HR_2021_2021_2022.csv
2021-01-10,2021,1,10,6,일,1,0,108,17.0,16.0,8.0,7.0,47.041666666666664,24,54.125,8,54.57142857142857,7,0,ENV_YDST_108_HR_2021_2021_2022.csv
2021-01-11,2021,1,11,0,월,0,0,108,17.0,16.0,8.0,7.0,62.291666666666664,24,71.875,8,72.28571428571429,7,0,ENV_YDST_108_HR_2021_2021_2022.csv
2021-01-12,2021,1,12,1,화,0,1,108,17.0,16.0,8.0,7.0,85.70833333333333,24,90.25,8,87.57142857142857,7,1,ENV_YDST_108_HR_2021_2021_2022.csv
2021-01-13,2021,1,13,2,수,0,0,108,17.0,16.0,8.0,7.0,139.79166666666666,24,152.625,8,150.14285714285714,7,1,ENV_YDST_108_HR_2021_2021_2022.csv
2021-01-14,2021,1,14,3,목,0,0,108,17.0,16.0,8.0,7.0,106.25,24,68.125,8,68.14285714285714,7,0,ENV_YDST_108_HR_2021_2021_2022.csv
2021-01-15,2021,1,15,4,금,0,0,108,17.0,16.0,8.0,7.0,109.625,24,112.75,8,109.57142857142857,7,1,ENV_YDST_108_HR_2021_2021_2022.csv
2021-01-16,2021,1,16,5,토,1,0,108,17.0,16.0,8.0,7.0,71.08333333333333,24,64.5,8,66.85714285714286,7,0,ENV_YDST_108_HR_2021_2021_2022.csv
2021-01-17,2021,1,17,6,일,1,0,108,17.0,16.0,8.0,7.0,28.25,24,23.25,8,22.714285714285715,7,0,ENV_YDST_108_HR_2021_2021_2022.csv
2021-01-18,2021,1,18,0,월,0,0,108,17.0,16.0,8.0,7.0,52.916666666666664,24,71.875,8,75.85714285714286,7,0,ENV_YDST_108_HR_2021_2021_2022.csv
2021-01-19,2021,1,19,1,화,0,1,108,17.0,16.0,8.0,7.0,42.625,24,43.0,8,43.57142857142857,7,0,ENV_YDST_108_HR_2021_2021_2022.csv
2021-01-20,2021,1,20,2,수,0,0,108,17.0,16.0,8.0,7.0,57.791666666666664,24,50.125,8,46.57142857142857,7,0,ENV_YDST_108_HR_2021_2021_2022.csv
2021-01-21,2021,1,21,3,목,0,0,108,17.0,16.0,8.0,7.0,72.0,24,71.0,8,65.28571428571429,7,0,ENV_YDST_108_HR_2021_2021_2022.csv
2021-01-22,2021,1,22,4,금,0,0,108,17.0,16.0,8.0,7.0,71.04166666666667,24,69.125,8,66.85714285714286,7,0,ENV_YDST_108_HR_2021_2021_2022.csv
2021-01-23,2021,1,23,5,토,1,0,108,17.0,16.0,8.0,7.0,22.941176470588236,17,10.333333333333334,8,10.333333333333334,7,0,ENV_YDST_108_HR_2021_2021_2022.csv
2021-01-24,2021,1,24,6,일,1,0,108,17.0,16.0,8.0,7.0,19.25,20,15.4,8,13.75,7,0,ENV_YDST_108_HR_2021_2021_2022.csv
2021-01-25,2021,1,25,0,월,0,0,108,17.0,16.0,8.0,7.0,31.391304347826086,23,19.857142857142858,8,19.333333333333332,7,0,ENV_YDST_108_HR_2021_2021_2022.csv
2021-01-26,2021,1,26,1,화,0,1,108,17.0,16.0,8.0,7.0,71.22727272727273,22,88.125,8,76.42857142857143,7,1,ENV_YDST_108_HR_2021_2021_2022.csv
2021-01-27,2021,1,27,2,수,0,0,108,17.0,16.0,8.0,7.0,50.791666666666664,24,36.5,8,36.714285714285715,7,0,ENV_YDST_108_HR_2021_2021_2022.csv
2021-01-28,2021,1,28,3,목,0,0,108,17.0,16.0,8.0,7.0,51.333333333333336,24,68.75,8,69.42857142857143,7,0,ENV_YDST_108_HR_2021_2021_2022.csv
2021-01-29,2021,1,29,4,금,0,0,108,17.0,16.0,8.0,7.0,31.875,24,23.25,8,21.714285714285715,7,0,ENV_YDST_108_HR_2021_2021_2022.csv
2021-01-30,2021,1,30,5,토,1,0,108,17.0,16.0,8.0,7.0,71.20833333333333,24,95.25,8,95.0,7,1,ENV_YDST_108_HR_2021_2021_2022.csv
2021-01-31,2021,1,31,6,일,1,0,108,17.0,16.0,8.0,7.0,75.625,24,64.5,8,62.42857142857143,7,0,ENV_YDST_108_HR_2021_2021_2022.csv
2021-02-01,2021,2,1,0,월,0,0,108,17.0,16.0,8.0,7.0,99.125,24,92.875,8,80.42857142857143,7,1,ENV_YDST_108_HR_2021_2021_2022.csv
2021-02-02,2021,2,2,1,화,0,1,108,17.0,16.0,8.0,7.0,40.40909090909091,22,32.625,8,31.428571428571427,7,0,ENV_YDST_108_HR_2021_2021_2022.csv
2021-02-03,2021,2,3,2,수,0,0,108,17.0,16.0,8.0,7.0,48.69565217391305,23,47.75,8,47.42857142857143,7,0,ENV_YDST_108_HR_2021_2021_2022.csv
2021-02-04,2021,2,4,3,목,0,0,108,17.0,16.0,8.0,7.0,35.791666666666664,24,22.5,8,23.714285714285715,7,0,ENV_YDST_108_HR_2021_2021_2022.csv
2021-02-05,2021,2,5,4,금,0,0,108,17.0,16.0,8.0,7.0,40.458333333333336,24,48.5,8,49.714285714285715,7,0,ENV_YDST_108_HR_2021_2021_2022.csv
2021-02-06,2021,2,6,5,토,1,0,108,17.0,16.0,8.0,7.0,102.25,24,99.25,8,86.85714285714286,7,1,ENV_YDST_108_HR_2021_2021_2022.csv
2021-02-07,2021,2,7,6,일,1,0,108,17.0,16.0,8.0,7.0,122.83333333333333,24,115.5,8,126.71428571428571,7,1,ENV_YDST_108_HR_2021_2021_2022.csv
2021-02-08,2021,2,8,0,월,0,0,108,17.0,16.0,8.0,7.0,35.166666666666664,24,25.625,8,25.142857142857142,7,0,ENV_YDST_108_HR_2021_2021_2022.csv
2021-02-09,2021,2,9,1,화,0,1,108,17.0,16.0,8.0,7.0,31.125,24,27.125,8,27.0,7,0,ENV_YDST_108_HR_2021_2021_2022.csv
2021-02-10,2021,2,10,2,수,0,0,108,17.0,16.0,8.0,7.0,53.291666666666664,24,56.5,8,57.142857142857146,7,0,ENV_YDST_108_HR_2021_2021_2022.csv
2021-02-11,2021,2,11,3,목,0,0,108,17.0,16.0,8.0,7.0,104.20833333333333,24,93.125,8,91.28571428571429,7,1,ENV_YDST_108_HR_2021_2021_2022.csv
2021-02-12,2021,2,12,4,금,0,0,108,17.0,16.0,8.0,7.0,123.20833333333333,24,107.625,8,106.71428571428571,7,1,ENV_YDST_108_HR_2021_2021_2022.csv
2021-02-13,2021,2,13,5,토,1,0,108,17.0,16.0,8.0,7.0,117.91666666666667,24,114.75,8,113.14285714285714,7,1,ENV_YDST_108_HR_2021_2021_2022.csv
2021-02-14,2021,2,14,6,일,1,0,108,17.0,16.0,8.0,7.0,112.54166666666667,24,97.5,8,94.71428571428571,7,1,ENV_YDST_108_HR_2021_2021_2022.csv
2021-02-15,2021,2,15,0,월,0,0,108,17.0,16.0,8.0,7.0,83.65217391304348,23,30.0,8,29.666666666666668,7,0,ENV_YDST_108_HR_2021_2021_2022.csv
2021-02-16,2021,2,16,1,화,0,1,108,17.0,16.0,8.0,7.0,34.31578947368421,19,40.0,8,51.0,7,0,ENV_YDST_108_HR_2021_2021_2022.csv
2021-02-17,2021,2,17,2,수,0,0,108,17.0,16.0,8.0,7.0,64.375,24,76.5,8,75.42857142857143,7,0,ENV_YDST_108_HR_2021_2021_2022.csv
2021-02-18,2021,2,18,3,목,0,0,108,17.0,16.0,8.0,7.0,57.041666666666664,24,69.125,8,69.0,7,0,ENV_YDST_108_HR_2021_2021_2022.csv
2021-02-19,2021,2,19,4,금,0,0,108,17.0,16.0,8.0,7.0,65.79166666666667,24,64.125,8,63.0,7,0,ENV_YDST_108_HR_2021_2021_2022.csv
2021-02-20,2021,2,20,5,토,1,0,108,17.0,16.0,8.0,7.0,97.66666666666667,18,94.66666666666667,8,94.66666666666667,7,1,ENV_YDST_108_HR_2021_2021_2022.csv
2021-02-21,2021,2,21,6,일,1,0,108,17.0,16.0,8.0,7.0,109.79166666666667,24,95.875,8,96.71428571428571,7,1,ENV_YDST_108_HR_2021_2021_2022.csv
2021-02-22,2021,2,22,0,월,0,0,108,17.0,16.0,8.0,7.0,70.70833333333333,24,79.5,8,78.28571428571429,7,0,ENV_YDST_108_HR_2021_2021_2022.csv
2021-02-23,2021,2,23,1,화,0,1,108,17.0,16.0,8.0,7.0,68.16666666666667,24,76.625,8,79.14285714285714,7,0,ENV_YDST_108_HR_2021_2021_2022.csv
2021-02-24,2021,2,24,2,수,0,0,108,17.0,16.0,8.0,7.0,66.45833333333333,24,66.0,8,63.42857142857143,7,0,ENV_YDST_108_HR_2021_2021_2022.csv
2021-02-25,2021,2,25,3,목,0,0,108,17.0,16.0,8.0,7.0,71.95833333333333,24,73.625,8,73.0,7,0,ENV_YDST_108_HR_2021_2021_2022.csv
2021-02-26,2021,2,26,4,금,0,0,108,17.0,16.0,8.0,7.0,44.083333333333336,24,31.125,8,32.285714285714285,7,0,ENV_YDST_108_HR_2021_2021_2022.csv
2021-02-27,2021,2,27,5,토,1,0,108,17.0,16.0,8.0,7.0,23.272727272727273,22,17.0,8,15.2,7,0,ENV_YDST_108_HR_2021_2021_2022.csv
2021-02-28,2021,2,28,6,일,1,0,108,17.0,16.0,8.0,7.0,31.08695652173913,23,27.428571428571427,8,28.166666666666668,7,0,ENV_YDST_108_HR_2021_2021_2022.csv
2021-03-01,2021,3,1,0,월,0,0,108,18.0,17.0,9.0,8.0,30.666666666666668,18,15.571428571428571,9,15.571428571428571,8,0,ENV_YDST_108_HR_2021_2021_2022.csv
2021-03-02,2021,3,2,1,화,0,1,108,18.0,17.0,9.0,8.0,16.941176470588236,17,12.0,9,10.25,8,0,ENV_YDST_108_HR_2021_2021_2022.csv
2021-03-03,2021,3,3,2,수,0,0,108,18.0,17.0,9.0,8.0,54.916666666666664,24,55.44444444444444,9,54.0,8,0,ENV_YDST_108_HR_2021_2021_2022.csv
2021-03-04,2021,3,4,3,목,0,0,108,18.0,17.0,9.0,8.0,67.20833333333333,24,65.11111111111111,9,67.25,8,0,ENV_YDST_108_HR_2021_2021_2022.csv
2021-03-05,2021,3,5,4,금,0,0,108,18.0,17.0,9.0,8.0,56.208333333333336,24,49.44444444444444,9,51.5,8,0,ENV_YDST_108_HR_2021_2021_2022.csv
2021-03-06,2021,3,6,5,토,1,0,108,18.0,17.0,9.0,8.0,40.69565217391305,23,33.125,9,33.285714285714285,8,0,ENV_YDST_108_HR_2021_2021_2022.csv
2021-03-07,2021,3,7,6,일,1,0,108,18.0,17.0,9.0,8.0,35.476190476190474,21,45.666666666666664,9,43.2,8,0,ENV_YDST_108_HR_2021_2021_2022.csv
2021-03-08,2021,3,8,0,월,0,0,108,18.0,17.0,9.0,8.0,54.875,24,58.55555555555556,9,55.625,8,0,ENV_YDST_108_HR_2021_2021_2022.csv
2021-03-09,2021,3,9,1,화,0,1,108,18.0,17.0,9.0,8.0,60.958333333333336,24,65.88888888888889,9,64.625,8,0,ENV_YDST_108_HR_2021_2021_2022.csv
2021-03-10,2021,3,10,2,수,0,0,108,18.0,17.0,9.0,8.0,124.91666666666667,24,106.77777777777777,9,103.75,8,1,ENV_YDST_108_HR_2021_2021_2022.csv
2021-03-11,2021,3,11,3,목,0,0,108,18.0,17.0,9.0,8.0,160.41666666666666,24,165.33333333333334,9,170.375,8,1,ENV_YDST_108_HR_2021_2021_2022.csv
2021-03-12,2021,3,12,4,금,0,0,108,18.0,17.0,9.0,8.0,90.83333333333333,24,107.11111111111111,9,117.625,8,1,ENV_YDST_108_HR_2021_2021_2022.csv
2021-03-13,2021,3,13,5,토,1,0,108,18.0,17.0,9.0,8.0,71.45833333333333,24,74.33333333333333,9,73.625,8,0,ENV_YDST_108_HR_2021_2021_2022.csv
2021-03-14,2021,3,14,6,일,1,0,108,18.0,17.0,9.0,8.0,116.0,24,112.66666666666667,9,114.375,8,1,ENV_YDST_108_HR_2021_2021_2022.csv
2021-03-15,2021,3,15,0,월,0,0,108,18.0,17.0,9.0,8.0,127.73913043478261,23,129.77777777777777,9,131.125,8,1,ENV_YDST_108_HR_2021_2021_2022.csv
2021-03-16,2021,3,16,1,화,0,1,108,18.0,17.0,9.0,8.0,128.2,20,158.44444444444446,9,159.75,8,1,ENV_YDST_108_HR_2021_2021_2022.csv
2021-03-17,2021,3,17,2,수,0,0,108,18.0,17.0,9.0,8.0,123.29166666666667,24,119.22222222222223,9,119.875,8,1,ENV_YDST_108_HR_2021_2021_2022.csv
2021-03-18,2021,3,18,3,목,0,0,108,18.0,17.0,9.0,8.0,128.875,24,135.55555555555554,9,131.875,8,1,ENV_YDST_108_HR_2021_2021_2022.csv
2021-03-19,2021,3,19,4,금,0,0,108,18.0,17.0,9.0,8.0,89.25,24,63.55555555555556,9,61.875,8,0,ENV_YDST_108_HR_2021_2021_2022.csv
2021-03-20,2021,3,20,5,토,1,0,108,18.0,17.0,9.0,8.0,43.78260869565217,23,44.25,9,48.0,8,0,ENV_YDST_108_HR_2021_2021_2022.csv
2021-03-21,2021,3,21,6,일,1,0,108,18.0,17.0,9.0,8.0,59.583333333333336,24,46.77777777777778,9,49.375,8,0,ENV_YDST_108_HR_2021_2021_2022.csv
2021-03-22,2021,3,22,0,월,0,0,108,18.0,17.0,9.0,8.0,48.208333333333336,24,41.44444444444444,9,42.25,8,0,ENV_YDST_108_HR_2021_2021_2022.csv
2021-03-23,2021,3,23,1,화,0,1,108,18.0,17.0,9.0,8.0,107.95833333333333,24,119.55555555555556,9,117.125,8,1,ENV_YDST_108_HR_2021_2021_2022.csv
2021-03-24,2021,3,24,2,수,0,0,108,18.0,17.0,9.0,8.0,90.79166666666667,24,79.88888888888889,9,79.5,8,0,ENV_YDST_108_HR_2021_2021_2022.csv
2021-03-25,2021,3,25,3,목,0,0,108,18.0,17.0,9.0,8.0,91.625,24,91.88888888888889,9,85.625,8,1,ENV_YDST_108_HR_2021_2021_2022.csv
2021-03-26,2021,3,26,4,금,0,0,108,18.0,17.0,9.0,8.0,156.75,24,159.0,9,162.125,8,1,ENV_YDST_108_HR_2021_2021_2022.csv
2021-03-27,2021,3,27,5,토,1,0,108,18.0,17.0,9.0,8.0,111.9090909090909,22,111.88888888888889,9,114.0,8,1,ENV_YDST_108_HR_2021_2021_2022.csv
2021-03-28,2021,3,28,6,일,1,0,108,18.0,17.0,9.0,8.0,87.5,2,,9,,8,0,ENV_YDST_108_HR_2021_2021_2022.csv
2021-03-29,2021,3,29,0,월,0,0,108,18.0,17.0,9.0,8.0,372.375,24,369.22222222222223,9,388.375,8,1,ENV_YDST_108_HR_2021_2021_2022.csv
2021-03-30,2021,3,30,1,화,0,1,108,18.0,17.0,9.0,8.0,207.79166666666666,24,94.88888888888889,9,98.125,8,1,ENV_YDST_108_HR_2021_2021_2022.csv
2021-03-31,2021,3,31,2,수,0,0,108,18.0,17.0,9.0,8.0,50.8421052631579,19,46.44444444444444,9,46.125,8,0,ENV_YDST_108_HR_2021_2021_2022.csv
2021-04-01,2021,4,1,3,목,0,0,108,18.0,17.0,9.0,8.0,51.666666666666664,24,54.55555555555556,9,51.5,8,0,ENV_YDST_108_HR_2021_2021_2022.csv
2021-04-02,2021,4,2,4,금,0,0,108,18.0,17.0,9.0,8.0,56.75,24,52.77777777777778,9,51.125,8,0,ENV_YDST_108_HR_2021_2021_2022.csv
2021-04-03,2021,4,3,5,토,1,0,108,18.0,17.0,9.0,8.0,51.5,22,55.666666666666664,9,59.625,8,0,ENV_YDST_108_HR_2021_2021_2022.csv
2021-04-04,2021,4,4,6,일,1,0,108,18.0,17.0,9.0,8.0,21.0,14,22.5,9,23.0,8,0,ENV_YDST_108_HR_2021_2021_2022.csv
2021-04-05,2021,4,5,0,월,0,0,108,18.0,17.0,9.0,8.0,30.636363636363637,22,24.142857142857142,9,22.166666666666668,8,0,ENV_YDST_108_HR_2021_2021_2022.csv
2021-04-06,2021,4,6,1,화,0,1,108,18.0,17.0,9.0,8.0,51.625,24,55.55555555555556,9,52.75,8,0,ENV_YDST_108_HR_2021_2021_2022.csv
2021-04-07,2021,4,7,2,수,0,0,108,18.0,17.0,9.0,8.0,72.54166666666667,24,62.77777777777778,9,66.5,8,0,ENV_YDST_108_HR_2021_2021_2022.csv
2021-04-08,2021,4,8,3,목,0,0,108,18.0,17.0,9.0,8.0,41.30434782608695,23,39.0,9,38.857142857142854,8,0,ENV_YDST_108_HR_2021_2021_2022.csv
2021-04-09,2021,4,9,4,금,0,0,108,18.0,17.0,9.0,8.0,42.208333333333336,24,36.888888888888886,9,34.875,8,0,ENV_YDST_108_HR_2021_2021_2022.csv
2021-04-10,2021,4,10,5,토,1,0,108,18.0,17.0,9.0,8.0,44.0,23,53.125,9,51.42857142857143,8,0,ENV_YDST_108_HR_2021_2021_2022.csv
2021-04-11,2021,4,11,6,일,1,0,108,18.0,17.0,9.0,8.0,58.17391304347826,23,57.5,9,54.285714285714285,8,0,ENV_YDST_108_HR_2021_2021_2022.csv
2021-04-12,2021,4,12,0,월,0,0,108,18.0,17.0,9.0,8.0,63.125,24,65.0,9,64.75,8,0,ENV_YDST_108_HR_2021_2021_2022.csv
2021-04-13,2021,4,13,1,화,0,1,108,18.0,17.0,9.0,8.0,24.210526315789473,19,24.0,9,23.666666666666668,8,0,ENV_YDST_108_HR_2021_2021_2022.csv
2021-04-14,2021,4,14,2,수,0,0,108,18.0,17.0,9.0,8.0,46.31818181818182,22,38.42857142857143,9,36.0,8,0,ENV_YDST_108_HR_2021_2021_2022.csv
2021-04-15,2021,4,15,3,목,0,0,108,18.0,17.0,9.0,8.0,72.43478260869566,23,58.625,9,55.142857142857146,8,0,ENV_YDST_108_HR_2021_2021_2022.csv
2021-04-16,2021,4,16,4,금,0,0,108,18.0,17.0,9.0,8.0,100.72727272727273,22,107.28571428571429,9,71.33333333333333,8,1,ENV_YDST_108_HR_2021_2021_2022.csv
2021-04-17,2021,4,17,5,토,1,0,108,18.0,17.0,9.0,8.0,107.08333333333333,24,147.22222222222223,9,151.875,8,1,ENV_YDST_108_HR_2021_2021_2022.csv
2021-04-18,2021,4,18,6,일,1,0,108,18.0,17.0,9.0,8.0,49.57142857142857,21,41.714285714285715,9,40.166666666666664,8,0,ENV_YDST_108_HR_2021_2021_2022.csv
2021-04-19,2021,4,19,0,월,0,0,108,18.0,17.0,9.0,8.0,67.9,20,61.2,9,61.2,8,0,ENV_YDST_108_HR_2021_2021_2022.csv
2021-04-20,2021,4,20,1,화,0,1,108,18.0,17.0,9.0,8.0,78.75,24,87.0,9,87.75,8,1,ENV_YDST_108_HR_2021_2021_2022.csv
2021-04-21,2021,4,21,2,수,0,0,108,18.0,17.0,9.0,8.0,78.95833333333333,24,77.22222222222223,9,77.875,8,0,ENV_YDST_108_HR_2021_2021_2022.csv
2021-04-22,2021,4,22,3,목,0,0,108,18.0,17.0,9.0,8.0,79.58333333333333,24,73.77777777777777,9,75.0,8,0,ENV_YDST_108_HR_2021_2021_2022.csv
2021-04-23,2021,4,23,4,금,0,0,108,18.0,17.0,9.0,8.0,43.5,24,32.111111111111114,9,34.0,8,0,ENV_YDST_108_HR_2021_2021_2022.csv
2021-04-24,2021,4,24,5,토,1,0,108,18.0,17.0,9.0,8.0,23.217391304347824,23,22.125,9,20.285714285714285,8,0,ENV_YDST_108_HR_2021_2021_2022.csv
2021-04-25,2021,4,25,6,일,1,0,108,18.0,17.0,9.0,8.0,25.791666666666668,24,16.666666666666668,9,17.125,8,0,ENV_YDST_108_HR_2021_2021_2022.csv
2021-04-26,2021,4,26,0,월,0,0,108,18.0,17.0,9.0,8.0,28.5,24,32.333333333333336,9,30.375,8,0,ENV_YDST_108_HR_2021_2021_2022.csv
2021-04-27,2021,4,27,1,화,0,1,108,18.0,17.0,9.0,8.0,35.5,24,44.77777777777778,9,43.25,8,0,ENV_YDST_108_HR_2021_2021_2022.csv
2021-04-28,2021,4,28,2,수,0,0,108,18.0,17.0,9.0,8.0,57.291666666666664,24,71.0,9,72.125,8,0,ENV_YDST_108_HR_2021_2021_2022.csv
2021-04-29,2021,4,29,3,목,0,0,108,18.0,17.0,9.0,8.0,58.916666666666664,24,57.0,9,56.5,8,0,ENV_YDST_108_HR_2021_2021_2022.csv
2021-04-30,2021,4,30,4,금,0,0,108,18.0,17.0,9.0,8.0,40.708333333333336,24,31.333333333333332,9,27.25,8,0,ENV_YDST_108_HR_2021_2021_2022.csv
2021-05-01,2021,5,1,5,토,1,0,108,18.0,17.0,9.0,8.0,34.458333333333336,24,31.666666666666668,9,30.5,8,0,ENV_YDST_108_HR_2021_2021_2022.csv
2021-05-02,2021,5,2,6,일,1,0,108,18.0,17.0,9.0,8.0,18.59090909090909,22,19.428571428571427,9,18.833333333333332,8,0,ENV_YDST_108_HR_2021_2021_2022.csv
2021-05-03,2021,5,3,0,월,0,0,108,18.0,17.0,9.0,8.0,40.166666666666664,24,36.111111111111114,9,38.125,8,0,ENV_YDST_108_HR_2021_2021_2022.csv
2021-05-04,2021,5,4,1,화,0,1,108,18.0,17.0,9.0,8.0,37.708333333333336,24,42.0,9,40.375,8,0,ENV_YDST_108_HR_2021_2021_2022.csv
2021-05-05,2021,5,5,2,수,0,0,108,18.0,17.0,9.0,8.0,35.875,24,36.0,9,35.375,8,0,ENV_YDST_108_HR_2021_2021_2022.csv
2021-05-06,2021,5,6,3,목,0,0,108,18.0,17.0,9.0,8.0,56.166666666666664,24,59.111111111111114,9,57.125,8,0,ENV_YDST_108_HR_2021_2021_2022.csv
2021-05-07,2021,5,7,4,금,0,0,108,18.0,17.0,9.0,8.0,268.9166666666667,24,278.1111111111111,9,249.375,8,1,ENV_YDST_108_HR_2021_2021_2022.csv
2021-05-08,2021,5,8,5,토,1,0,108,18.0,17.0,9.0,8.0,408.875,24,318.6666666666667,9,325.875,8,1,ENV_YDST_108_HR_2021_2021_2022.csv
2021-05-09,2021,5,9,6,일,1,0,108,18.0,17.0,9.0,8.0,52.916666666666664,24,35.0,9,34.875,8,0,ENV_YDST_108_HR_2021_2021_2022.csv
2021-05-10,2021,5,10,0,월,0,0,108,18.0,17.0,9.0,8.0,26.666666666666668,24,25.22222222222222,9,26.0,8,0,ENV_YDST_108_HR_2021_2021_2022.csv
2021-05-11,2021,5,11,1,화,0,1,108,18.0,17.0,9.0,8.0,23.583333333333332,24,18.555555555555557,9,17.625,8,0,ENV_YDST_108_HR_2021_2021_2022.csv
2021-05-12,2021,5,12,2,수,0,0,108,18.0,17.0,9.0,8.0,23.291666666666668,24,17.666666666666668,9,16.625,8,0,ENV_YDST_108_HR_2021_2021_2022.csv
2021-05-13,2021,5,13,3,목,0,0,108,18.0,17.0,9.0,8.0,45.875,24,45.111111111111114,9,43.25,8,0,ENV_YDST_108_HR_2021_2021_2022.csv
2021-05-14,2021,5,14,4,금,0,0,108,18.0,17.0,9.0,8.0,56.416666666666664,24,48.55555555555556,9,49.25,8,0,ENV_YDST_108_HR_2021_2021_2022.csv
2021-05-15,2021,5,15,5,토,1,0,108,18.0,17.0,9.0,8.0,68.83333333333333,24,45.22222222222222,9,45.75,8,0,ENV_YDST_108_HR_2021_2021_2022.csv
2021-05-16,2021,5,16,6,일,1,0,108,18.0,17.0,9.0,8.0,14.347826086956522,23,8.875,9,6.428571428571429,8,0,ENV_YDST_108_HR_2021_2021_2022.csv
2021-05-17,2021,5,17,0,월,0,0,108,18.0,17.0,9.0,8.0,15.590909090909092,22,13.75,9,14.142857142857142,8,0,ENV_YDST_108_HR_2021_2021_2022.csv
2021-05-18,2021,5,18,1,화,0,1,108,18.0,17.0,9.0,8.0,39.416666666666664,24,54.22222222222222,9,57.125,8,0,ENV_YDST_108_HR_2021_2021_2022.csv
2021-05-19,2021,5,19,2,수,0,0,108,18.0,17.0,9.0,8.0,40.5,24,45.666666666666664,9,45.5,8,0,ENV_YDST_108_HR_2021_2021_2022.csv
2021-05-20,2021,5,20,3,목,0,0,108,18.0,17.0,9.0,8.0,27.5,24,23.333333333333332,9,23.5,8,0,ENV_YDST_108_HR_2021_2021_2022.csv
2021-05-21,2021,5,21,4,금,0,0,108,18.0,17.0,9.0,8.0,21.347826086956523,23,21.75,9,20.428571428571427,8,0,ENV_YDST_108_HR_2021_2021_2022.csv
2021-05-22,2021,5,22,5,토,1,0,108,18.0,17.0,9.0,8.0,38.04347826086956,23,26.75,9,27.857142857142858,8,0,ENV_YDST_108_HR_2021_2021_2022.csv
2021-05-23,2021,5,23,6,일,1,0,108,18.0,17.0,9.0,8.0,52.583333333333336,24,45.22222222222222,9,44.875,8,0,ENV_YDST_108_HR_2021_2021_2022.csv
2021-05-24,2021,5,24,0,월,0,0,108,18.0,17.0,9.0,8.0,103.83333333333333,24,82.0,9,70.5,8,1,ENV_YDST_108_HR_2021_2021_2022.csv
2021-05-25,2021,5,25,1,화,0,1,108,18.0,17.0,9.0,8.0,91.04166666666667,24,58.22222222222222,9,61.625,8,0,ENV_YDST_108_HR_2021_2021_2022.csv
2021-05-26,2021,5,26,2,수,0,0,108,18.0,17.0,9.0,8.0,44.083333333333336,24,35.333333333333336,9,33.875,8,0,ENV_YDST_108_HR_2021_2021_2022.csv
2021-05-27,2021,5,27,3,목,0,0,108,18.0,17.0,9.0,8.0,51.375,24,41.333333333333336,9,42.5,8,0,ENV_YDST_108_HR_2021_2021_2022.csv
2021-05-28,2021,5,28,4,금,0,0,108,18.0,17.0,9.0,8.0,65.23529411764706,17,25.0,8,11.333333333333334,7,0,ENV_YDST_108_HR_2021_2021_2022.csv
2021-05-29,2021,5,29,5,토,1,0,108,18.0,17.0,9.0,8.0,31.625,24,37.0,9,36.625,8,0,ENV_YDST_108_HR_2021_2021_2022.csv
2021-05-30,2021,5,30,6,일,1,0,108,18.0,17.0,9.0,8.0,33.46666666666667,15,35.25,9,32.333333333333336,8,0,ENV_YDST_108_HR_2021_2021_2022.csv
2021-05-31,2021,5,31,0,월,0,0,108,18.0,17.0,9.0,8.0,58.78947368421053,19,67.44444444444444,9,70.0,8,0,ENV_YDST_108_HR_2021_2021_2022.csv
2021-06-01,2021,6,1,1,화,0,1,108,18.5,17.5,9.5,8.5,50.458333333333336,24,44.4,10,45.666666666666664,9,0,ENV_YDST_108_HR_2021_2021_2022.csv
2021-06-02,2021,6,2,2,수,0,0,108,18.5,17.5,9.5,8.5,63.083333333333336,24,51.4,10,48.77777777777778,9,0,ENV_YDST_108_HR_2021_2021_2022.csv
2021-06-03,2021,6,3,3,목,0,0,108,18.5,17.5,9.5,8.5,46.25,24,49.7,10,51.111111111111114,9,0,ENV_YDST_108_HR_2021_2021_2022.csv
2021-06-04,2021,6,4,4,금,0,0,108,18.5,17.5,9.5,8.5,32.666666666666664,24,32.2,10,32.44444444444444,9,0,ENV_YDST_108_HR_2021_2021_2022.csv
2021-06-05,2021,6,5,5,토,1,0,108,18.5,17.5,9.5,8.5,54.916666666666664,24,56.2,10,56.44444444444444,9,0,ENV_YDST_108_HR_2021_2021_2022.csv
2021-06-06,2021,6,6,6,일,1,0,108,18.5,17.5,9.5,8.5,74.79166666666667,24,54.7,10,55.55555555555556,9,0,ENV_YDST_108_HR_2021_2021_2022.csv
2021-06-07,2021,6,7,0,월,0,0,108,18.5,17.5,9.5,8.5,41.666666666666664,24,36.8,10,36.55555555555556,9,0,ENV_YDST_108_HR_2021_2021_2022.csv
2021-06-08,2021,6,8,1,화,0,1,108,18.5,17.5,9.5,8.5,57.333333333333336,24,47.7,10,44.0,9,0,ENV_YDST_108_HR_2021_2021_2022.csv
2021-06-09,2021,6,9,2,수,0,0,108,18.5,17.5,9.5,8.5,44.5,24,40.3,10,39.111111111111114,9,0,ENV_YDST_108_HR_2021_2021_2022.csv
2021-06-10,2021,6,10,3,목,0,0,108,18.5,17.5,9.5,8.5,58.583333333333336,24,51.8,10,50.55555555555556,9,0,ENV_YDST_108_HR_2021_2021_2022.csv
2021-06-11,2021,6,11,4,금,0,0,108,18.5,17.5,9.5,8.5,28.916666666666668,24,24.8,10,25.22222222222222,9,0,ENV_YDST_108_HR_2021_2021_2022.csv
2021-06-12,2021,6,12,5,토,1,0,108,18.5,17.5,9.5,8.5,34.5,24,33.3,10,34.55555555555556,9,0,ENV_YDST_108_HR_2021_2021_2022.csv
2021-06-13,2021,6,13,6,일,1,0,108,18.5,17.5,9.5,8.5,35.75,24,44.8,10,45.55555555555556,9,0,ENV_YDST_108_HR_2021_2021_2022.csv
2021-06-14,2021,6,14,0,월,0,0,108,18.5,17.5,9.5,8.5,52.583333333333336,24,51.7,10,47.666666666666664,9,0,ENV_YDST_108_HR_2021_2021_2022.csv
2021-06-15,2021,6,15,1,화,0,1,108,18.5,17.5,9.5,8.5,41.666666666666664,24,30.3,10,32.55555555555556,9,0,ENV_YDST_108_HR_2021_2021_2022.csv
2021-06-16,2021,6,16,2,수,0,0,108,18.5,17.5,9.5,8.5,18.625,24,18.8,10,17.88888888888889,9,0,ENV_YDST_108_HR_2021_2021_2022.csv
2021-06-17,2021,6,17,3,목,0,0,108,18.5,17.5,9.5,8.5,24.125,24,24.7,10,23.444444444444443,9,0,ENV_YDST_108_HR_2021_2021_2022.csv
2021-06-18,2021,6,18,4,금,0,0,108,18.5,17.5,9.5,8.5,31.227272727272727,22,20.666666666666668,10,21.875,9,0,ENV_YDST_108_HR_2021_2021_2022.csv
2021-06-19,2021,6,19,5,토,1,0,108,18.5,17.5,9.5,8.5,65.29166666666667,24,56.4,10,57.77777777777778,9,0,ENV_YDST_108_HR_2021_2021_2022.csv
2021-06-20,2021,6,20,6,일,1,0,108,18.5,17.5,9.5,8.5,65.45454545454545,22,54.3,10,51.55555555555556,9,0,ENV_YDST_108_HR_2021_2021_2022.csv
2021-06-21,2021,6,21,0,월,0,0,108,18.5,17.5,9.5,8.5,56.90909090909091,22,36.55555555555556,10,36.125,9,0,ENV_YDST_108_HR_2021_2021_2022.csv
2021-06-22,2021,6,22,1,화,0,1,108,18.5,17.5,9.5,8.5,33.904761904761905,21,36.42857142857143,10,29.833333333333332,9,0,ENV_YDST_108_HR_2021_2021_2022.csv
2021-06-23,2021,6,23,2,수,0,0,108,18.5,17.5,9.5,8.5,21.842105263157894,19,25.166666666666668,9,25.166666666666668,8,0,ENV_YDST_108_HR_2021_2021_2022.csv
2021-06-24,2021,6,24,3,목,0,0,108,18.5,17.5,9.5,8.5,39.041666666666664,24,37.7,10,33.22222222222222,9,0,ENV_YDST_108_HR_2021_2021_2022.csv
2021-06-25,2021,6,25,4,금,0,0,108,18.5,17.5,9.5,8.5,52.166666666666664,24,40.7,10,40.111111111111114,9,0,ENV_YDST_108_HR_2021_2021_2022.csv
2021-06-26,2021,6,26,5,토,1,0,108,18.5,17.5,9.5,8.5,33.583333333333336,24,26.7,10,24.555555555555557,9,0,ENV_YDST_108_HR_2021_2021_2022.csv
2021-06-27,2021,6,27,6,일,1,0,108,18.5,17.5,9.5,8.5,25.0,24,20.7,10,19.0,9,0,ENV_YDST_108_HR_2021_2021_2022.csv
2021-06-28,2021,6,28,0,월,0,0,108,18.5,17.5,9.5,8.5,27.791666666666668,24,29.4,10,27.77777777777778,9,0,ENV_YDST_108_HR_2021_2021_2022.csv
2021-06-29,2021,6,29,1,화,0,1,108,18.5,17.5,9.5,8.5,38.333333333333336,24,41.7,10,34.333333333333336,9,0,ENV_YDST_108_HR_2021_2021_2022.csv
2021-06-30,2021,6,30,2,수,0,0,108,18.5,17.5,9.5,8.5,51.9,20,41.666666666666664,10,42.8,9,0,ENV_YDST_108_HR_2021_2021_2022.csv
2021-07-01,2021,7,1,3,목,0,0,108,18.5,17.5,9.5,8.5,42.666666666666664,24,37.6,10,36.22222222222222,9,0,ENV_YDST_108_HR_2021_2021_2022.csv
2021-07-02,2021,7,2,4,금,0,0,108,18.5,17.5,9.5,8.5,27.583333333333332,24,24.0,10,23.555555555555557,9,0,ENV_YDST_108_HR_2021_2021_2022.csv
2021-07-03,2021,7,3,5,토,1,0,108,18.5,17.5,9.5,8.5,16.818181818181817,22,19.8,10,19.77777777777778,9,0,ENV_YDST_108_HR_2021_2021_2022.csv
2021-07-04,2021,7,4,6,일,1,0,108,18.5,17.5,9.5,8.5,14.5,20,11.777777777777779,10,11.5,9,0,ENV_YDST_108_HR_2021_2021_2022.csv
2021-07-05,2021,7,5,0,월,0,0,108,18.5,17.5,9.5,8.5,27.25,24,27.3,10,24.88888888888889,9,0,ENV_YDST_108_HR_2021_2021_2022.csv
2021-07-06,2021,7,6,1,화,0,1,108,18.5,17.5,9.5,8.5,50.375,24,50.7,10,47.111111111111114,9,0,ENV_YDST_108_HR_2021_2021_2022.csv
2021-07-07,2021,7,7,2,수,0,0,108,18.5,17.5,9.5,8.5,55.45454545454545,22,28.25,10,28.571428571428573,9,0,ENV_YDST_108_HR_2021_2021_2022.csv
2021-07-08,2021,7,8,3,목,0,0,108,18.5,17.5,9.5,8.5,36.041666666666664,24,28.5,10,28.666666666666668,9,0,ENV_YDST_108_HR_2021_2021_2022.csv
2021-07-09,2021,7,9,4,금,0,0,108,18.5,17.5,9.5,8.5,20.791666666666668,24,21.5,10,21.555555555555557,9,0,ENV_YDST_108_HR_2021_2021_2022.csv
2021-07-10,2021,7,10,5,토,1,0,108,18.5,17.5,9.5,8.5,35.52173913043478,23,40.77777777777778,10,40.5,9,0,ENV_YDST_108_HR_2021_2021_2022.csv
2021-07-11,2021,7,11,6,일,1,0,108,18.5,17.5,9.5,8.5,44.0,24,43.0,10,42.111111111111114,9,0,ENV_YDST_108_HR_2021_2021_2022.csv
2021-07-12,2021,7,12,0,월,0,0,108,18.5,17.5,9.5,8.5,31.82608695652174,23,36.333333333333336,10,35.375,9,0,ENV_YDST_108_HR_2021_2021_2022.csv
2021-07-13,2021,7,13,1,화,0,1,108,18.5,17.5,9.5,8.5,41.17391304347826,23,31.0,10,29.0,9,0,ENV_YDST_108_HR_2021_2021_2022.csv
2021-07-14,2021,7,14,2,수,0,0,108,18.5,17.5,9.5,8.5,27.681818181818183,22,15.88888888888889,10,15.25,9,0,ENV_YDST_108_HR_2021_2021_2022.csv
2021-07-15,2021,7,15,3,목,0,0,108,18.5,17.5,9.5,8.5,24.65,20,26.428571428571427,10,26.0,9,0,ENV_YDST_108_HR_2021_2021_2022.csv
2021-07-16,2021,7,16,4,금,0,0,108,18.5,17.5,9.5,8.5,21.130434782608695,23,17.22222222222222,10,14.25,9,0,ENV_YDST_108_HR_2021_2021_2022.csv
2021-07-17,2021,7,17,5,토,1,0,108,18.5,17.5,9.5,8.5,19.75,24,19.7,10,19.88888888888889,9,0,ENV_YDST_108_HR_2021_2021_2022.csv
2021-07-18,2021,7,18,6,일,1,0,108,18.5,17.5,9.5,8.5,22.347826086956523,23,16.666666666666668,10,14.125,9,0,ENV_YDST_108_HR_2021_2021_2022.csv
2021-07-19,2021,7,19,0,월,0,0,108,18.5,17.5,9.5,8.5,21.285714285714285,21,24.555555555555557,10,25.75,9,0,ENV_YDST_108_HR_2021_2021_2022.csv
2021-07-20,2021,7,20,1,화,0,1,108,18.5,17.5,9.5,8.5,23.5,22,24.125,10,22.0,9,0,ENV_YDST_108_HR_2021_2021_2022.csv
2021-07-21,2021,7,21,2,수,0,0,108,18.5,17.5,9.5,8.5,26.0,19,14.166666666666666,10,14.2,9,0,ENV_YDST_108_HR_2021_2021_2022.csv
2021-07-22,2021,7,22,3,목,0,0,108,18.5,17.5,9.5,8.5,29.125,24,23.3,10,22.0,9,0,ENV_YDST_108_HR_2021_2021_2022.csv
2021-07-23,2021,7,23,4,금,0,0,108,18.5,17.5,9.5,8.5,35.916666666666664,24,27.4,10,26.444444444444443,9,0,ENV_YDST_108_HR_2021_2021_2022.csv
2021-07-24,2021,7,24,5,토,1,0,108,18.5,17.5,9.5,8.5,38.291666666666664,24,23.5,10,22.88888888888889,9,0,ENV_YDST_108_HR_2021_2021_2022.csv
2021-07-25,2021,7,25,6,일,1,0,108,18.5,17.5,9.5,8.5,27.375,24,20.2,10,19.77777777777778,9,0,ENV_YDST_108_HR_2021_2021_2022.csv
2021-07-26,2021,7,26,0,월,0,0,108,18.5,17.5,9.5,8.5,29.08695652173913,23,23.88888888888889,10,23.375,9,0,ENV_YDST_108_HR_2021_2021_2022.csv
2021-07-27,2021,7,27,1,화,0,1,108,18.5,17.5,9.5,8.5,28.75,24,25.6,10,23.555555555555557,9,0,ENV_YDST_108_HR_2021_2021_2022.csv
2021-07-28,2021,7,28,2,수,0,0,108,18.5,17.5,9.5,8.5,36.666666666666664,24,33.5,10,31.22222222222222,9,0,ENV_YDST_108_HR_2021_2021_2022.csv
2021-07-29,2021,7,29,3,목,0,0,108,18.5,17.5,9.5,8.5,47.458333333333336,24,49.9,10,51.111111111111114,9,0,ENV_YDST_108_HR_2021_2021_2022.csv
2021-07-30,2021,7,30,4,금,0,0,108,18.5,17.5,9.5,8.5,29.166666666666668,24,25.2,10,24.444444444444443,9,0,ENV_YDST_108_HR_2021_2021_2022.csv
2021-07-31,2021,7,31,5,토,1,0,108,18.5,17.5,9.5,8.5,25.565217391304348,23,23.3,10,22.333333333333332,9,0,ENV_YDST_108_HR_2021_2021_2022.csv
2021-08-01,2021,8,1,6,일,1,0,108,18.5,17.5,9.5,8.5,40.0,23,47.888888888888886,10,48.75,9,0,ENV_YDST_108_HR_2021_2021_2022.csv
2021-08-02,2021,8,2,0,월,0,0,108,18.5,17.5,9.5,8.5,19.894736842105264,19,19.666666666666668,10,19.6,9,0,ENV_YDST_108_HR_2021_2021_2022.csv
2021-08-03,2021,8,3,1,화,0,1,108,18.5,17.5,9.5,8.5,27.681818181818183,22,23.625,10,23.625,9,0,ENV_YDST_108_HR_2021_2021_2022.csv
2021-08-04,2021,8,4,2,수,0,0,108,18.5,17.5,9.5,8.5,24.454545454545453,22,21.375,10,19.857142857142858,9,0,ENV_YDST_108_HR_2021_2021_2022.csv
2021-08-05,2021,8,5,3,목,0,0,108,18.5,17.5,9.5,8.5,25.304347826086957,23,20.88888888888889,10,20.625,9,0,ENV_YDST_108_HR_2021_2021_2022.csv
2021-08-06,2021,8,6,4,금,0,0,108,18.5,17.5,9.5,8.5,19.727272727272727,22,15.333333333333334,10,15.333333333333334,9,0,ENV_YDST_108_HR_2021_2021_2022.csv
2021-08-07,2021,8,7,5,토,1,0,108,18.5,17.5,9.5,8.5,16.666666666666668,24,13.5,10,12.88888888888889,9,0,ENV_YDST_108_HR_2021_2021_2022.csv
2021-08-08,2021,8,8,6,일,1,0,108,18.5,17.5,9.5,8.5,23.19047619047619,21,22.125,10,23.571428571428573,9,0,ENV_YDST_108_HR_2021_2021_2022.csv
2021-08-09,2021,8,9,0,월,0,0,108,18.5,17.5,9.5,8.5,16.31578947368421,19,17.5,10,17.8,9,0,ENV_YDST_108_HR_2021_2021_2022.csv
2021-08-10,2021,8,10,1,화,0,1,108,18.5,17.5,9.5,8.5,19.956521739130434,23,18.1,10,17.88888888888889,9,0,ENV_YDST_108_HR_2021_2021_2022.csv
2021-08-11,2021,8,11,2,수,0,0,108,18.5,17.5,9.5,8.5,38.958333333333336,24,38.4,10,35.55555555555556,9,0,ENV_YDST_108_HR_2021_2021_2022.csv
2021-08-12,2021,8,12,3,목,0,0,108,18.5,17.5,9.5,8.5,36.916666666666664,24,29.7,10,28.666666666666668,9,0,ENV_YDST_108_HR_2021_2021_2022.csv
2021-08-13,2021,8,13,4,금,0,0,108,18.5,17.5,9.5,8.5,30.333333333333332,24,21.6,10,21.77777777777778,9,0,ENV_YDST_108_HR_2021_2021_2022.csv
2021-08-14,2021,8,14,5,토,1,0,108,18.5,17.5,9.5,8.5,15.782608695652174,23,11.777777777777779,10,11.75,9,0,ENV_YDST_108_HR_2021_2021_2022.csv
2021-08-15,2021,8,15,6,일,1,0,108,18.5,17.5,9.5,8.5,18.227272727272727,22,13.5,10,12.428571428571429,9,0,ENV_YDST_108_HR_2021_2021_2022.csv
2021-08-16,2021,8,16,0,월,0,0,108,18.5,17.5,9.5,8.5,22.652173913043477,23,15.222222222222221,10,13.75,9,0,ENV_YDST_108_HR_2021_2021_2022.csv
2021-08-17,2021,8,17,1,화,0,1,108,18.5,17.5,9.5,8.5,22.434782608695652,23,16.9,10,16.77777777777778,9,0,ENV_YDST_108_HR_2021_2021_2022.csv
2021-08-18,2021,8,18,2,수,0,0,108,18.5,17.5,9.5,8.5,19.0,17,19.6,10,20.25,9,0,ENV_YDST_108_HR_2021_2021_2022.csv
2021-08-19,2021,8,19,3,목,0,0,108,18.5,17.5,9.5,8.5,17.217391304347824,23,14.222222222222221,10,13.5,9,0,ENV_YDST_108_HR_2021_2021_2022.csv
2021-08-20,2021,8,20,4,금,0,0,108,18.5,17.5,9.5,8.5,23.125,24,20.4,10,19.666666666666668,9,0,ENV_YDST_108_HR_2021_2021_2022.csv
2021-08-21,2021,8,21,5,토,1,0,108,18.5,17.5,9.5,8.5,23.9,20,24.142857142857142,10,21.333333333333332,9,0,ENV_YDST_108_HR_2021_2021_2022.csv
2021-08-22,2021,8,22,6,일,1,0,108,18.5,17.5,9.5,8.5,26.17391304347826,23,26.77777777777778,10,26.75,9,0,ENV_YDST_108_HR_2021_2021_2022.csv
2021-08-23,2021,8,23,0,월,0,0,108,18.5,17.5,9.5,8.5,38.30434782608695,23,40.8,10,42.333333333333336,9,0,ENV_YDST_108_HR_2021_2021_2022.csv
2021-08-24,2021,8,24,1,화,0,1,108,18.5,17.5,9.5,8.5,18.65,20,23.875,10,24.857142857142858,9,0,ENV_YDST_108_HR_2021_2021_2022.csv
2021-08-25,2021,8,25,2,수,0,0,108,18.5,17.5,9.5,8.5,20.318181818181817,22,15.875,10,16.285714285714285,9,0,ENV_YDST_108_HR_2021_2021_2022.csv
2021-08-26,2021,8,26,3,목,0,0,108,18.5,17.5,9.5,8.5,46.0,24,45.0,10,43.111111111111114,9,0,ENV_YDST_108_HR_2021_2021_2022.csv
2021-08-27,2021,8,27,4,금,0,0,108,18.5,17.5,9.5,8.5,37.666666666666664,21,24.0,10,23.375,9,0,ENV_YDST_108_HR_2021_2021_2022.csv
2021-08-28,2021,8,28,5,토,1,0,108,18.5,17.5,9.5,8.5,44.5,24,41.0,10,39.111111111111114,9,0,ENV_YDST_108_HR_2021_2021_2022.csv
2021-08-29,2021,8,29,6,일,1,0,108,18.5,17.5,9.5,8.5,42.958333333333336,24,36.0,10,36.666666666666664,9,0,ENV_YDST_108_HR_2021_2021_2022.csv
2021-08-30,2021,8,30,0,월,0,0,108,18.5,17.5,9.5,8.5,45.291666666666664,24,40.0,10,37.55555555555556,9,0,ENV_YDST_108_HR_2021_2021_2022.csv
2021-08-31,2021,8,31,1,화,0,1,108,18.5,17.5,9.5,8.5,38.458333333333336,24,41.2,10,44.22222222222222,9,0,ENV_YDST_108_HR_2021_2021_2022.csv
2021-09-01,2021,9,1,2,수,0,0,108,18.0,17.0,9.0,8.0,9.2,20,8.857142857142858,9,8.833333333333334,8,0,ENV_YDST_108_HR_2021_2021_2022.csv
2021-09-02,2021,9,2,3,목,0,0,108,18.0,17.0,9.0,8.0,16.782608695652176,23,17.77777777777778,9,17.5,8,0,ENV_YDST_108_HR_2021_2021_2022.csv
2021-09-03,2021,9,3,4,금,0,0,108,18.0,17.0,9.0,8.0,16.695652173913043,23,11.0,9,10.875,8,0,ENV_YDST_108_HR_2021_2021_2022.csv
2021-09-04,2021,9,4,5,토,1,0,108,18.0,17.0,9.0,8.0,12.695652173913043,23,9.625,9,9.285714285714286,8,0,ENV_YDST_108_HR_2021_2021_2022.csv
2021-09-05,2021,9,5,6,일,1,0,108,18.0,17.0,9.0,8.0,13.473684210526315,19,14.833333333333334,9,15.4,8,0,ENV_YDST_108_HR_2021_2021_2022.csv
2021-09-06,2021,9,6,0,월,0,0,108,18.0,17.0,9.0,8.0,18.652173913043477,23,18.333333333333332,9,18.625,8,0,ENV_YDST_108_HR_2021_2021_2022.csv
2021-09-07,2021,9,7,1,화,0,1,108,18.0,17.0,9.0,8.0,14.73913043478261,23,15.777777777777779,9,16.375,8,0,ENV_YDST_108_HR_2021_2021_2022.csv
2021-09-08,2021,9,8,2,수,0,0,108,18.0,17.0,9.0,8.0,14.619047619047619,21,11.714285714285714,9,12.166666666666666,8,0,ENV_YDST_108_HR_2021_2021_2022.csv
2021-09-09,2021,9,9,3,목,0,0,108,18.0,17.0,9.0,8.0,39.56521739130435,23,29.5,9,29.714285714285715,8,0,ENV_YDST_108_HR_2021_2021_2022.csv
2021-09-10,2021,9,10,4,금,0,0,108,18.0,17.0,9.0,8.0,40.82608695652174,23,38.0,9,38.142857142857146,8,0,ENV_YDST_108_HR_2021_2021_2022.csv
2021-09-11,2021,9,11,5,토,1,0,108,18.0,17.0,9.0,8.0,36.291666666666664,24,36.77777777777778,9,35.125,8,0,ENV_YDST_108_HR_2021_2021_2022.csv
2021-09-12,2021,9,12,6,일,1,0,108,18.0,17.0,9.0,8.0,21.545454545454547,22,14.25,9,14.857142857142858,8,0,ENV_YDST_108_HR_2021_2021_2022.csv
2021-09-13,2021,9,13,0,월,0,0,108,18.0,17.0,9.0,8.0,25.416666666666668,24,23.22222222222222,9,22.5,8,0,ENV_YDST_108_HR_2021_2021_2022.csv
2021-09-14,2021,9,14,1,화,0,1,108,18.0,17.0,9.0,8.0,20.583333333333332,24,14.333333333333334,9,14.0,8,0,ENV_YDST_108_HR_2021_2021_2022.csv
2021-09-15,2021,9,15,2,수,0,0,108,18.0,17.0,9.0,8.0,16.25,24,16.0,9,16.0,8,0,ENV_YDST_108_HR_2021_2021_2022.csv
2021-09-16,2021,9,16,3,목,0,0,108,18.0,17.0,9.0,8.0,14.173913043478262,23,10.75,9,10.0,8,0,ENV_YDST_108_HR_2021_2021_2022.csv
2021-09-17,2021,9,17,4,금,0,0,108,18.0,17.0,9.0,8.0,14.666666666666666,21,11.571428571428571,9,12.5,8,0,ENV_YDST_108_HR_2021_2021_2022.csv
2021-09-18,2021,9,18,5,토,1,0,108,18.0,17.0,9.0,8.0,17.272727272727273,22,10.142857142857142,9,9.0,8,0,ENV_YDST_108_HR_2021_2021_2022.csv
2021-09-19,2021,9,19,6,일,1,0,108,18.0,17.0,9.0,8.0,13.695652173913043,23,13.777777777777779,9,13.625,8,0,ENV_YDST_108_HR_2021_2021_2022.csv
2021-09-20,2021,9,20,0,월,0,0,108,18.0,17.0,9.0,8.0,15.166666666666666,24,9.88888888888889,9,10.0,8,0,ENV_YDST_108_HR_2021_2021_2022.csv
2021-09-21,2021,9,21,1,화,0,1,108,18.0,17.0,9.0,8.0,22.0,23,16.375,9,15.571428571428571,8,0,ENV_YDST_108_HR_2021_2021_2022.csv
2021-09-22,2021,9,22,2,수,0,0,108,18.0,17.0,9.0,8.0,18.045454545454547,22,16.142857142857142,9,16.5,8,0,ENV_YDST_108_HR_2021_2021_2022.csv
2021-09-23,2021,9,23,3,목,0,0,108,18.0,17.0,9.0,8.0,18.0,24,16.555555555555557,9,16.75,8,0,ENV_YDST_108_HR_2021_2021_2022.csv
2021-09-24,2021,9,24,4,금,0,0,108,18.0,17.0,9.0,8.0,20.5,24,16.666666666666668,9,16.75,8,0,ENV_YDST_108_HR_2021_2021_2022.csv
2021-09-25,2021,9,25,5,토,1,0,108,18.0,17.0,9.0,8.0,11.521739130434783,23,12.444444444444445,9,12.75,8,0,ENV_YDST_108_HR_2021_2021_2022.csv
2021-09-26,2021,9,26,6,일,1,0,108,18.0,17.0,9.0,8.0,10.45,20,8.875,9,8.571428571428571,8,0,ENV_YDST_108_HR_2021_2021_2022.csv
2021-09-27,2021,9,27,0,월,0,0,108,18.0,17.0,9.0,8.0,13.863636363636363,22,16.0,9,15.333333333333334,8,0,ENV_YDST_108_HR_2021_2021_2022.csv
2021-09-28,2021,9,28,1,화,0,1,108,18.0,17.0,9.0,8.0,13.857142857142858,21,12.25,9,11.714285714285714,8,0,ENV_YDST_108_HR_2021_2021_2022.csv
2021-09-29,2021,9,29,2,수,0,0,108,18.0,17.0,9.0,8.0,19.166666666666668,24,13.666666666666666,9,13.5,8,0,ENV_YDST_108_HR_2021_2021_2022.csv
2021-09-30,2021,9,30,3,목,0,0,108,18.0,17.0,9.0,8.0,25.304347826086957,23,23.5,9,22.571428571428573,8,0,ENV_YDST_108_HR_2021_2021_2022.csv
2021-10-01,2021,10,1,4,금,0,0,108,18.0,17.0,9.0,8.0,38.91304347826087,23,33.0,9,32.0,8,0,ENV_YDST_108_HR_2021_2021_2022.csv
2021-10-02,2021,10,2,5,토,1,0,108,18.0,17.0,9.0,8.0,31.933333333333334,15,25.11111111111111,9,24.375,8,0,ENV_YDST_108_HR_2021_2021_2022.csv
2021-10-03,2021,10,3,6,일,1,0,108,18.0,17.0,9.0,8.0,39.541666666666664,24,30.666666666666668,9,30.375,8,0,ENV_YDST_108_HR_2021_2021_2022.csv
2021-10-04,2021,10,4,0,월,0,0,108,18.0,17.0,9.0,8.0,36.208333333333336,24,34.666666666666664,9,35.0,8,0,ENV_YDST_108_HR_2021_2021_2022.csv
2021-10-05,2021,10,5,1,화,0,1,108,18.0,17.0,9.0,8.0,32.625,24,29.88888888888889,9,30.0,8,0,ENV_YDST_108_HR_2021_2021_2022.csv
2021-10-06,2021,10,6,2,수,0,0,108,18.0,17.0,9.0,8.0,12.523809523809524,21,8.428571428571429,9,8.428571428571429,8,0,ENV_YDST_108_HR_2021_2021_2022.csv
2021-10-07,2021,10,7,3,목,0,0,108,18.0,17.0,9.0,8.0,17.130434782608695,23,17.25,9,16.571428571428573,8,0,ENV_YDST_108_HR_2021_2021_2022.csv
2021-10-08,2021,10,8,4,금,0,0,108,18.0,17.0,9.0,8.0,27.652173913043477,23,35.55555555555556,9,36.875,8,0,ENV_YDST_108_HR_2021_2021_2022.csv
2021-10-09,2021,10,9,5,토,1,0,108,18.0,17.0,9.0,8.0,13.80952380952381,21,10.285714285714286,9,10.285714285714286,8,0,ENV_YDST_108_HR_2021_2021_2022.csv
2021-10-10,2021,10,10,6,일,1,0,108,18.0,17.0,9.0,8.0,23.375,24,24.11111111111111,9,26.125,8,0,ENV_YDST_108_HR_2021_2021_2022.csv
2021-10-11,2021,10,11,0,월,0,0,108,18.0,17.0,9.0,8.0,24.708333333333332,24,20.11111111111111,9,20.25,8,0,ENV_YDST_108_HR_2021_2021_2022.csv
2021-10-12,2021,10,12,1,화,0,1,108,18.0,17.0,9.0,8.0,14.416666666666666,24,12.11111111111111,9,12.125,8,0,ENV_YDST_108_HR_2021_2021_2022.csv
2021-10-13,2021,10,13,2,수,0,0,108,18.0,17.0,9.0,8.0,15.4,20,13.333333333333334,9,10.2,8,0,ENV_YDST_108_HR_2021_2021_2022.csv
2021-10-14,2021,10,14,3,목,0,0,108,18.0,17.0,9.0,8.0,24.0,24,26.88888888888889,9,26.875,8,0,ENV_YDST_108_HR_2021_2021_2022.csv
2021-10-15,2021,10,15,4,금,0,0,108,18.0,17.0,9.0,8.0,26.083333333333332,24,23.11111111111111,9,22.625,8,0,ENV_YDST_108_HR_2021_2021_2022.csv
2021-10-16,2021,10,16,5,토,1,0,108,18.0,17.0,9.0,8.0,29.958333333333332,24,33.888888888888886,9,34.0,8,0,ENV_YDST_108_HR_2021_2021_2022.csv
2021-10-17,2021,10,17,6,일,1,0,108,18.0,17.0,9.0,8.0,20.80952380952381,21,11.166666666666666,9,11.0,8,0,ENV_YDST_108_HR_2021_2021_2022.csv
2021-10-18,2021,10,18,0,월,0,0,108,18.0,17.0,9.0,8.0,25.875,24,20.666666666666668,9,19.875,8,0,ENV_YDST_108_HR_2021_2021_2022.csv
2021-10-19,2021,10,19,1,화,0,1,108,18.0,17.0,9.0,8.0,43.666666666666664,24,37.44444444444444,9,37.25,8,0,ENV_YDST_108_HR_2021_2021_2022.csv
2021-10-20,2021,10,20,2,수,0,0,108,18.0,17.0,9.0,8.0,33.0,24,22.77777777777778,9,20.375,8,0,ENV_YDST_108_HR_2021_2021_2022.csv
2021-10-21,2021,10,21,3,목,0,0,108,18.0,17.0,9.0,8.0,34.791666666666664,24,33.111111111111114,9,31.5,8,0,ENV_YDST_108_HR_2021_2021_2022.csv
2021-10-22,2021,10,22,4,금,0,0,108,18.0,17.0,9.0,8.0,38.708333333333336,24,29.333333333333332,9,29.875,8,0,ENV_YDST_108_HR_2021_2021_2022.csv
2021-10-23,2021,10,23,5,토,1,0,108,18.0,17.0,9.0,8.0,39.458333333333336,24,35.55555555555556,9,35.875,8,0,ENV_YDST_108_HR_2021_2021_2022.csv
2021-10-24,2021,10,24,6,일,1,0,108,18.0,17.0,9.0,8.0,33.083333333333336,24,28.11111111111111,9,26.625,8,0,ENV_YDST_108_HR_2021_2021_2022.csv
2021-10-25,2021,10,25,0,월,0,0,108,18.0,17.0,9.0,8.0,30.791666666666668,24,24.333333333333332,9,24.625,8,0,ENV_YDST_108_HR_2021_2021_2022.csv
2021-10-26,2021,10,26,1,화,0,1,108,18.0,17.0,9.0,8.0,54.875,24,52.55555555555556,9,51.75,8,0,ENV_YDST_108_HR_2021_2021_2022.csv
2021-10-27,2021,10,27,2,수,0,0,108,18.0,17.0,9.0,8.0,61.0,24,49.44444444444444,9,52.625,8,0,ENV_YDST_108_HR_2021_2021_2022.csv
2021-10-28,2021,10,28,3,목,0,0,108,18.0,17.0,9.0,8.0,31.166666666666668,24,26.22222222222222,9,26.0,8,0,ENV_YDST_108_HR_2021_2021_2022.csv
2021-10-29,2021,10,29,4,금,0,0,108,18.0,17.0,9.0,8.0,21.47826086956522,23,11.875,9,10.714285714285714,8,0,ENV_YDST_108_HR_2021_2021_2022.csv
2021-10-30,2021,10,30,5,토,1,0,108,18.0,17.0,9.0,8.0,24.916666666666668,24,15.555555555555555,9,15.625,8,0,ENV_YDST_108_HR_2021_2021_2022.csv
2021-10-31,2021,10,31,6,일,1,0,108,18.0,17.0,9.0,8.0,39.166666666666664,24,33.77777777777778,9,34.5,8,0,ENV_YDST_108_HR_2021_2021_2022.csv
2021-11-01,2021,11,1,0,월,0,0,108,17.0,16.0,8.0,7.0,47.666666666666664,24,37.5,8,39.0,7,0,ENV_YDST_108_HR_2021_2021_2022.csv
2021-11-02,2021,11,2,1,화,0,1,108,17.0,16.0,8.0,7.0,47.916666666666664,24,45.0,8,44.42857142857143,7,0,ENV_YDST_108_HR_2021_2021_2022.csv
2021-11-03,2021,11,3,2,수,0,0,108,17.0,16.0,8.0,7.0,48.333333333333336,24,35.5,8,34.0,7,0,ENV_YDST_108_HR_2021_2021_2022.csv
2021-11-04,2021,11,4,3,목,0,0,108,17.0,16.0,8.0,7.0,67.25,24,63.5,8,62.857142857142854,7,0,ENV_YDST_108_HR_2021_2021_2022.csv
2021-11-05,2021,11,5,4,금,0,0,108,17.0,16.0,8.0,7.0,74.25,24,63.0,8,67.85714285714286,7,0,ENV_YDST_108_HR_2021_2021_2022.csv
2021-11-06,2021,11,6,5,토,1,0,108,17.0,16.0,8.0,7.0,63.416666666666664,24,47.25,8,47.57142857142857,7,0,ENV_YDST_108_HR_2021_2021_2022.csv
2021-11-07,2021,11,7,6,일,1,0,108,17.0,16.0,8.0,7.0,34.375,24,23.625,8,23.857142857142858,7,0,ENV_YDST_108_HR_2021_2021_2022.csv
2021-11-08,2021,11,8,0,월,0,0,108,17.0,16.0,8.0,7.0,15.043478260869565,23,17.5,8,17.714285714285715,7,0,ENV_YDST_108_HR_2021_2021_2022.csv
2021-11-09,2021,11,9,1,화,0,1,108,17.0,16.0,8.0,7.0,12.625,24,13.75,8,14.0,7,0,ENV_YDST_108_HR_2021_2021_2022.csv
2021-11-10,2021,11,10,2,수,0,0,108,17.0,16.0,8.0,7.0,19.130434782608695,23,14.857142857142858,8,15.666666666666666,7,0,ENV_YDST_108_HR_2021_2021_2022.csv
2021-11-11,2021,11,11,3,목,0,0,108,17.0,16.0,8.0,7.0,19.391304347826086,23,15.25,8,15.142857142857142,7,0,ENV_YDST_108_HR_2021_2021_2022.csv
2021-11-12,2021,11,12,4,금,0,0,108,17.0,16.0,8.0,7.0,20.363636363636363,22,13.5,8,11.4,7,0,ENV_YDST_108_HR_2021_2021_2022.csv
2021-11-13,2021,11,13,5,토,1,0,108,17.0,16.0,8.0,7.0,24.083333333333332,24,25.5,8,23.428571428571427,7,0,ENV_YDST_108_HR_2021_2021_2022.csv
2021-11-14,2021,11,14,6,일,1,0,108,17.0,16.0,8.0,7.0,52.166666666666664,24,45.0,8,42.42857142857143,7,0,ENV_YDST_108_HR_2021_2021_2022.csv
2021-11-15,2021,11,15,0,월,0,0,108,17.0,16.0,8.0,7.0,51.25,24,43.75,8,44.57142857142857,7,0,ENV_YDST_108_HR_2021_2021_2022.csv
2021-11-16,2021,11,16,1,화,0,1,108,17.0,16.0,8.0,7.0,44.291666666666664,24,41.25,8,39.285714285714285,7,0,ENV_YDST_108_HR_2021_2021_2022.csv
2021-11-17,2021,11,17,2,수,0,0,108,17.0,16.0,8.0,7.0,33.458333333333336,24,34.75,8,34.0,7,0,ENV_YDST_108_HR_2021_2021_2022.csv
2021-11-18,2021,11,18,3,목,0,0,108,17.0,16.0,8.0,7.0,55.833333333333336,24,58.625,8,53.0,7,0,ENV_YDST_108_HR_2021_2021_2022.csv
2021-11-19,2021,11,19,4,금,0,0,108,17.0,16.0,8.0,7.0,97.08333333333333,24,79.875,8,78.57142857142857,7,0,ENV_YDST_108_HR_2021_2021_2022.csv
2021-11-20,2021,11,20,5,토,1,0,108,17.0,16.0,8.0,7.0,142.08333333333334,24,129.0,8,133.14285714285714,7,1,ENV_YDST_108_HR_2021_2021_2022.csv
2021-11-21,2021,11,21,6,일,1,0,108,17.0,16.0,8.0,7.0,144.0,1,,0,,0,0,ENV_YDST_108_HR_2021_2021_2022.csv
2021-11-22,2021,11,22,0,월,0,0,108,17.0,16.0,8.0,7.0,33.285714285714285,7,,0,,0,0,ENV_YDST_108_HR_2021_2021_2022.csv
2021-11-23,2021,11,23,1,화,0,1,108,17.0,16.0,8.0,7.0,23.608695652173914,23,21.625,8,22.428571428571427,7,0,ENV_YDST_108_HR_2021_2021_2022.csv
2021-11-24,2021,11,24,2,수,0,0,108,17.0,16.0,8.0,7.0,24.791666666666668,24,26.25,8,25.428571428571427,7,0,ENV_YDST_108_HR_2021_2021_2022.csv
2021-11-25,2021,11,25,3,목,0,0,108,17.0,16.0,8.0,7.0,39.875,24,45.125,8,45.142857142857146,7,0,ENV_YDST_108_HR_2021_2021_2022.csv
2021-11-26,2021,11,26,4,금,0,0,108,17.0,16.0,8.0,7.0,25.0,24,22.25,8,21.142857142857142,7,0,ENV_YDST_108_HR_2021_2021_2022.csv
2021-11-27,2021,11,27,5,토,1,0,108,17.0,16.0,8.0,7.0,39.458333333333336,24,32.125,8,32.285714285714285,7,0,ENV_YDST_108_HR_2021_2021_2022.csv
2021-11-28,2021,11,28,6,일,1,0,108,17.0,16.0,8.0,7.0,58.458333333333336,24,46.125,8,46.42857142857143,7,0,ENV_YDST_108_HR_2021_2021_2022.csv
2021-11-29,2021,11,29,0,월,0,0,108,17.0,16.0,8.0,7.0,66.5,24,58.0,8,62.714285714285715,7,0,ENV_YDST_108_HR_2021_2021_2022.csv
2021-11-30,2021,11,30,1,화,0,1,108,17.0,16.0,8.0,7.0,32.708333333333336,24,23.875,8,24.142857142857142,7,0,ENV_YDST_108_HR_2021_2021_2022.csv
2021-12-01,2021,12,1,2,수,0,0,108,17.0,16.0,8.0,7.0,18.5,24,14.5,8,12.857142857142858,7,0,ENV_YDST_108_HR_2021_2021_2022.csv
2021-12-02,2021,12,2,3,목,0,0,108,17.0,16.0,8.0,7.0,24.375,24,26.375,8,24.571428571428573,7,0,ENV_YDST_108_HR_2021_2021_2022.csv
2021-12-03,2021,12,3,4,금,0,0,108,17.0,16.0,8.0,7.0,21.958333333333332,24,13.875,8,13.714285714285714,7,0,ENV_YDST_108_HR_2021_2021_2022.csv
2021-12-04,2021,12,4,5,토,1,0,108,17.0,16.0,8.0,7.0,21.083333333333332,24,19.75,8,20.857142857142858,7,0,ENV_YDST_108_HR_2021_2021_2022.csv
2021-12-05,2021,12,5,6,일,1,0,108,17.0,16.0,8.0,7.0,39.75,24,35.0,8,32.714285714285715,7,0,ENV_YDST_108_HR_2021_2021_2022.csv
2021-12-06,2021,12,6,0,월,0,0,108,17.0,16.0,8.0,7.0,49.0,24,40.0,8,40.142857142857146,7,0,ENV_YDST_108_HR_2021_2021_2022.csv
2021-12-07,2021,12,7,1,화,0,1,108,17.0,16.0,8.0,7.0,50.5,24,58.25,8,56.42857142857143,7,0,ENV_YDST_108_HR_2021_2021_2022.csv
2021-12-08,2021,12,8,2,수,0,0,108,17.0,16.0,8.0,7.0,39.833333333333336,24,35.375,8,34.857142857142854,7,0,ENV_YDST_108_HR_2021_2021_2022.csv
2021-12-09,2021,12,9,3,목,0,0,108,17.0,16.0,8.0,7.0,38.208333333333336,24,32.25,8,33.42857142857143,7,0,ENV_YDST_108_HR_2021_2021_2022.csv
2021-12-10,2021,12,10,4,금,0,0,108,17.0,16.0,8.0,7.0,31.916666666666668,24,34.125,8,31.142857142857142,7,0,ENV_YDST_108_HR_2021_2021_2022.csv
2021-12-11,2021,12,11,5,토,1,0,108,17.0,16.0,8.0,7.0,68.04166666666667,24,79.625,8,76.85714285714286,7,0,ENV_YDST_108_HR_2021_2021_2022.csv
2021-12-12,2021,12,12,6,일,1,0,108,17.0,16.0,8.0,7.0,44.666666666666664,24,40.75,8,45.142857142857146,7,0,ENV_YDST_108_HR_2021_2021_2022.csv
2021-12-13,2021,12,13,0,월,0,0,108,17.0,16.0,8.0,7.0,19.73913043478261,23,15.714285714285714,8,16.666666666666668,7,0,ENV_YDST_108_HR_2021_2021_2022.csv
2021-12-14,2021,12,14,1,화,0,1,108,17.0,16.0,8.0,7.0,34.875,24,38.25,8,39.142857142857146,7,0,ENV_YDST_108_HR_2021_2021_2022.csv
2021-12-15,2021,12,15,2,수,0,0,108,17.0,16.0,8.0,7.0,79.25,24,76.25,8,70.14285714285714,7,0,ENV_YDST_108_HR_2021_2021_2022.csv
2021-12-16,2021,12,16,3,목,0,0,108,17.0,16.0,8.0,7.0,84.83333333333333,24,84.25,8,86.57142857142857,7,1,ENV_YDST_108_HR_2021_2021_2022.csv
2021-12-17,2021,12,17,4,금,0,0,108,17.0,16.0,8.0,7.0,36.583333333333336,24,23.375,8,23.571428571428573,7,0,ENV_YDST_108_HR_2021_2021_2022.csv
2021-12-18,2021,12,18,5,토,1,0,108,17.0,16.0,8.0,7.0,25.08695652173913,23,28.0,8,24.0,7,0,ENV_YDST_108_HR_2021_2021_2022.csv
2021-12-19,2021,12,19,6,일,1,0,108,17.0,16.0,8.0,7.0,27.958333333333332,24,22.25,8,21.857142857142858,7,0,ENV_YDST_108_HR_2021_2021_2022.csv
2021-12-20,2021,12,20,0,월,0,0,108,17.0,16.0,8.0,7.0,50.083333333333336,24,50.75,8,48.142857142857146,7,0,ENV_YDST_108_HR_2021_2021_2022.csv
2021-12-21,2021,12,21,1,화,0,1,108,17.0,16.0,8.0,7.0,60.791666666666664,24,76.75,8,78.57142857142857,7,0,ENV_YDST_108_HR_2021_2021_2022.csv
2021-12-22,2021,12,22,2,수,0,0,108,17.0,16.0,8.0,7.0,33.95652173913044,23,34.857142857142854,8,34.166666666666664,7,0,ENV_YDST_108_HR_2021_2021_2022.csv
2021-12-23,2021,12,23,3,목,0,0,108,17.0,16.0,8.0,7.0,43.375,24,44.625,8,44.0,7,0,ENV_YDST_108_HR_2021_2021_2022.csv
2021-12-24,2021,12,24,4,금,0,0,108,17.0,16.0,8.0,7.0,53.36363636363637,22,60.833333333333336,8,60.833333333333336,7,0,ENV_YDST_108_HR_2021_2021_2022.csv
2021-12-25,2021,12,25,5,토,1,0,108,17.0,16.0,8.0,7.0,27.458333333333332,24,20.375,8,20.0,7,0,ENV_YDST_108_HR_2021_2021_2022.csv
2021-12-26,2021,12,26,6,일,1,0,108,17.0,16.0,8.0,7.0,19.208333333333332,24,15.375,8,15.428571428571429,7,0,ENV_YDST_108_HR_2021_2021_2022.csv
2021-12-27,2021,12,27,0,월,0,0,108,17.0,16.0,8.0,7.0,32.25,24,33.625,8,32.142857142857146,7,0,ENV_YDST_108_HR_2021_2021_2022.csv
2021-12-28,2021,12,28,1,화,0,1,108,17.0,16.0,8.0,7.0,59.125,24,60.875,8,59.714285714285715,7,0,ENV_YDST_108_HR_2021_2021_2022.csv
2021-12-29,2021,12,29,2,수,0,0,108,17.0,16.0,8.0,7.0,71.625,24,78.875,8,81.28571428571429,7,0,ENV_YDST_108_HR_2021_2021_2022.csv
2021-12-30,2021,12,30,3,목,0,0,108,17.0,16.0,8.0,7.0,30.5,24,24.625,8,25.142857142857142,7,0,ENV_YDST_108_HR_2021_2021_2022.csv
2021-12-31,2021,12,31,4,금,0,0,108,17.0,16.0,8.0,7.0,20.625,24,17.0,8,16.0,7,0,ENV_YDST_108_HR_2021_2021_2022.csv
2022-01-01,2022,1,1,5,토,1,0,108,17.0,16.0,8.0,7.0,33.041666666666664,24,30.875,8,30.142857142857142,7,0,ENV_YDST_108_HR_2022_2022_2023.csv
2022-01-02,2022,1,2,6,일,1,0,108,17.0,16.0,8.0,7.0,43.166666666666664,24,50.625,8,52.57142857142857,7,0,ENV_YDST_108_HR_2022_2022_2023.csv
2022-01-03,2022,1,3,0,월,0,0,108,17.0,16.0,8.0,7.0,28.125,24,31.875,8,31.142857142857142,7,0,ENV_YDST_108_HR_2022_2022_2023.csv
2022-01-04,2022,1,4,1,화,0,1,108,17.0,16.0,8.0,7.0,36.666666666666664,24,43.125,8,44.142857142857146,7,0,ENV_YDST_108_HR_2022_2022_2023.csv
2022-01-05,2022,1,5,2,수,0,0,108,17.0,16.0,8.0,7.0,50.5,24,47.0,8,46.714285714285715,7,0,ENV_YDST_108_HR_2022_2022_2023.csv
2022-01-06,2022,1,6,3,목,0,0,108,17.0,16.0,8.0,7.0,58.458333333333336,24,58.375,8,59.714285714285715,7,0,ENV_YDST_108_HR_2022_2022_2023.csv
2022-01-07,2022,1,7,4,금,0,0,108,17.0,16.0,8.0,7.0,66.125,24,69.75,8,73.0,7,0,ENV_YDST_108_HR_2022_2022_2023.csv
2022-01-08,2022,1,8,5,토,1,0,108,17.0,16.0,8.0,7.0,67.20833333333333,24,70.75,8,70.42857142857143,7,0,ENV_YDST_108_HR_2022_2022_2023.csv
2022-01-09,2022,1,9,6,일,1,0,108,17.0,16.0,8.0,7.0,129.95833333333334,24,138.75,8,140.85714285714286,7,1,ENV_YDST_108_HR_2022_2022_2023.csv
2022-01-10,2022,1,10,0,월,0,0,108,17.0,16.0,8.0,7.0,98.30434782608695,23,117.25,8,123.71428571428571,7,1,ENV_YDST_108_HR_2022_2022_2023.csv
2022-01-11,2022,1,11,1,화,0,1,108,17.0,16.0,8.0,7.0,34.458333333333336,24,24.25,8,24.0,7,0,ENV_YDST_108_HR_2022_2022_2023.csv
2022-01-12,2022,1,12,2,수,0,0,108,17.0,16.0,8.0,7.0,27.333333333333332,24,24.5,8,23.857142857142858,7,0,ENV_YDST_108_HR_2022_2022_2023.csv
2022-01-13,2022,1,13,3,목,0,0,108,17.0,16.0,8.0,7.0,28.75,24,31.125,8,30.714285714285715,7,0,ENV_YDST_108_HR_2022_2022_2023.csv
2022-01-14,2022,1,14,4,금,0,0,108,17.0,16.0,8.0,7.0,31.375,24,28.625,8,27.571428571428573,7,0,ENV_YDST_108_HR_2022_2022_2023.csv
2022-01-15,2022,1,15,5,토,1,0,108,17.0,16.0,8.0,7.0,50.958333333333336,24,53.375,8,52.42857142857143,7,0,ENV_YDST_108_HR_2022_2022_2023.csv
2022-01-16,2022,1,16,6,일,1,0,108,17.0,16.0,8.0,7.0,47.625,24,45.5,8,47.0,7,0,ENV_YDST_108_HR_2022_2022_2023.csv
2022-01-17,2022,1,17,0,월,0,0,108,17.0,16.0,8.0,7.0,29.714285714285715,21,25.833333333333332,8,25.833333333333332,7,0,ENV_YDST_108_HR_2022_2022_2023.csv
2022-01-18,2022,1,18,1,화,0,1,108,17.0,16.0,8.0,7.0,37.625,24,34.5,8,34.42857142857143,7,0,ENV_YDST_108_HR_2022_2022_2023.csv
2022-01-19,2022,1,19,2,수,0,0,108,17.0,16.0,8.0,7.0,55.958333333333336,24,66.75,8,64.71428571428571,7,0,ENV_YDST_108_HR_2022_2022_2023.csv
2022-01-20,2022,1,20,3,목,0,0,108,17.0,16.0,8.0,7.0,46.208333333333336,24,50.0,8,48.714285714285715,7,0,ENV_YDST_108_HR_2022_2022_2023.csv
2022-01-21,2022,1,21,4,금,0,0,108,17.0,16.0,8.0,7.0,43.666666666666664,24,38.5,8,38.0,7,0,ENV_YDST_108_HR_2022_2022_2023.csv
2022-01-22,2022,1,22,5,토,1,0,108,17.0,16.0,8.0,7.0,66.625,24,61.0,8,58.0,7,0,ENV_YDST_108_HR_2022_2022_2023.csv
2022-01-23,2022,1,23,6,일,1,0,108,17.0,16.0,8.0,7.0,79.625,24,74.25,8,72.28571428571429,7,0,ENV_YDST_108_HR_2022_2022_2023.csv
2022-01-24,2022,1,24,0,월,0,0,108,17.0,16.0,8.0,7.0,25.916666666666668,24,17.625,8,17.142857142857142,7,0,ENV_YDST_108_HR_2022_2022_2023.csv
2022-01-25,2022,1,25,1,화,0,1,108,17.0,16.0,8.0,7.0,34.833333333333336,24,35.5,8,33.42857142857143,7,0,ENV_YDST_108_HR_2022_2022_2023.csv
2022-01-26,2022,1,26,2,수,0,0,108,17.0,16.0,8.0,7.0,66.125,24,64.75,8,63.714285714285715,7,0,ENV_YDST_108_HR_2022_2022_2023.csv
2022-01-27,2022,1,27,3,목,0,0,108,17.0,16.0,8.0,7.0,63.625,24,67.5,8,68.57142857142857,7,0,ENV_YDST_108_HR_2022_2022_2023.csv
2022-01-28,2022,1,28,4,금,0,0,108,17.0,16.0,8.0,7.0,35.041666666666664,24,32.5,8,31.142857142857142,7,0,ENV_YDST_108_HR_2022_2022_2023.csv
2022-01-29,2022,1,29,5,토,1,0,108,17.0,16.0,8.0,7.0,31.291666666666668,24,28.75,8,30.285714285714285,7,0,ENV_YDST_108_HR_2022_2022_2023.csv
2022-01-30,2022,1,30,6,일,1,0,108,17.0,16.0,8.0,7.0,35.958333333333336,24,33.625,8,33.714285714285715,7,0,ENV_YDST_108_HR_2022_2022_2023.csv
2022-01-31,2022,1,31,0,월,0,0,108,17.0,16.0,8.0,7.0,40.458333333333336,24,46.25,8,45.857142857142854,7,0,ENV_YDST_108_HR_2022_2022_2023.csv
2022-02-01,2022,2,1,1,화,0,1,108,17.0,16.0,8.0,7.0,50.708333333333336,24,52.5,8,49.857142857142854,7,0,ENV_YDST_108_HR_2022_2022_2023.csv
2022-02-02,2022,2,2,2,수,0,0,108,17.0,16.0,8.0,7.0,36.833333333333336,24,28.0,8,29.142857142857142,7,0,ENV_YDST_108_HR_2022_2022_2023.csv
2022-02-03,2022,2,3,3,목,0,0,108,17.0,16.0,8.0,7.0,27.458333333333332,24,30.0,8,29.714285714285715,7,0,ENV_YDST_108_HR_2022_2022_2023.csv
2022-02-04,2022,2,4,4,금,0,0,108,17.0,16.0,8.0,7.0,24.875,24,24.75,8,23.285714285714285,7,0,ENV_YDST_108_HR_2022_2022_2023.csv
2022-02-05,2022,2,5,5,토,1,0,108,17.0,16.0,8.0,7.0,24.958333333333332,24,29.5,8,28.142857142857142,7,0,ENV_YDST_108_HR_2022_2022_2023.csv
2022-02-06,2022,2,6,6,일,1,0,108,17.0,16.0,8.0,7.0,22.958333333333332,24,22.75,8,22.428571428571427,7,0,ENV_YDST_108_HR_2022_2022_2023.csv
2022-02-07,2022,2,7,0,월,0,0,108,17.0,16.0,8.0,7.0,29.833333333333332,24,32.25,8,32.714285714285715,7,0,ENV_YDST_108_HR_2022_2022_2023.csv
2022-02-08,2022,2,8,1,화,0,1,108,17.0,16.0,8.0,7.0,32.833333333333336,24,32.375,8,33.42857142857143,7,0,ENV_YDST_108_HR_2022_2022_2023.csv
2022-02-09,2022,2,9,2,수,0,0,108,17.0,16.0,8.0,7.0,43.208333333333336,24,43.25,8,43.57142857142857,7,0,ENV_YDST_108_HR_2022_2022_2023.csv
2022-02-10,2022,2,10,3,목,0,0,108,17.0,16.0,8.0,7.0,54.166666666666664,24,51.875,8,53.142857142857146,7,0,ENV_YDST_108_HR_2022_2022_2023.csv
2022-02-11,2022,2,11,4,금,0,0,108,17.0,16.0,8.0,7.0,100.66666666666667,24,102.125,8,103.14285714285714,7,1,ENV_YDST_108_HR_2022_2022_2023.csv
2022-02-12,2022,2,12,5,토,1,0,108,17.0,16.0,8.0,7.0,100.33333333333333,24,91.0,8,96.14285714285714,7,1,ENV_YDST_108_HR_2022_2022_2023.csv
2022-02-13,2022,2,13,6,일,1,0,108,17.0,16.0,8.0,7.0,61.0,24,66.75,8,66.28571428571429,7,0,ENV_YDST_108_HR_2022_2022_2023.csv
2022-02-14,2022,2,14,0,월,0,0,108,17.0,16.0,8.0,7.0,49.458333333333336,24,54.25,8,47.714285714285715,7,0,ENV_YDST_108_HR_2022_2022_2023.csv
2022-02-15,2022,2,15,1,화,0,1,108,17.0,16.0,8.0,7.0,60.0,1,,0,,0,0,ENV_YDST_108_HR_2022_2022_2023.csv
2022-02-16,2022,2,16,2,수,0,0,108,17.0,16.0,8.0,7.0,32.43478260869565,23,36.5,8,35.285714285714285,7,0,ENV_YDST_108_HR_2022_2022_2023.csv
2022-02-17,2022,2,17,3,목,0,0,108,17.0,16.0,8.0,7.0,33.708333333333336,24,33.125,8,32.142857142857146,7,0,ENV_YDST_108_HR_2022_2022_2023.csv
2022-02-18,2022,2,18,4,금,0,0,108,17.0,16.0,8.0,7.0,50.095238095238095,21,48.285714285714285,7,48.285714285714285,7,0,ENV_YDST_108_HR_2022_2022_2023.csv
2022-02-19,2022,2,19,5,토,1,0,108,17.0,16.0,8.0,7.0,49.416666666666664,24,47.125,8,47.57142857142857,7,0,ENV_YDST_108_HR_2022_2022_2023.csv
2022-02-20,2022,2,20,6,일,1,0,108,17.0,16.0,8.0,7.0,35.958333333333336,24,40.75,8,39.57142857142857,7,0,ENV_YDST_108_HR_2022_2022_2023.csv
2022-02-21,2022,2,21,0,월,0,0,108,17.0,16.0,8.0,7.0,32.75,24,49.125,8,48.57142857142857,7,0,ENV_YDST_108_HR_2022_2022_2023.csv
2022-02-22,2022,2,22,1,화,0,1,108,17.0,16.0,8.0,7.0,34.25,24,41.125,8,40.714285714285715,7,0,ENV_YDST_108_HR_2022_2022_2023.csv
2022-02-23,2022,2,23,2,수,0,0,108,17.0,16.0,8.0,7.0,30.458333333333332,24,34.5,8,34.57142857142857,7,0,ENV_YDST_108_HR_2022_2022_2023.csv
2022-02-24,2022,2,24,3,목,0,0,108,17.0,16.0,8.0,7.0,32.958333333333336,24,40.875,8,40.285714285714285,7,0,ENV_YDST_108_HR_2022_2022_2023.csv
2022-02-25,2022,2,25,4,금,0,0,108,17.0,16.0,8.0,7.0,66.83333333333333,24,75.125,8,73.42857142857143,7,0,ENV_YDST_108_HR_2022_2022_2023.csv
2022-02-26,2022,2,26,5,토,1,0,108,17.0,16.0,8.0,7.0,62.041666666666664,24,46.75,8,49.142857142857146,7,0,ENV_YDST_108_HR_2022_2022_2023.csv
2022-02-27,2022,2,27,6,일,1,0,108,17.0,16.0,8.0,7.0,52.333333333333336,24,54.875,8,56.142857142857146,7,0,ENV_YDST_108_HR_2022_2022_2023.csv
2022-02-28,2022,2,28,0,월,0,0,108,17.0,16.0,8.0,7.0,45.916666666666664,24,48.375,8,48.142857142857146,7,0,ENV_YDST_108_HR_2022_2022_2023.csv
2022-03-01,2022,3,1,1,화,0,1,108,18.0,17.0,9.0,8.0,35.208333333333336,24,45.22222222222222,9,45.875,8,0,ENV_YDST_108_HR_2022_2022_2023.csv
2022-03-02,2022,3,2,2,수,0,0,108,18.0,17.0,9.0,8.0,28.958333333333332,24,36.888888888888886,9,37.125,8,0,ENV_YDST_108_HR_2022_2022_2023.csv
2022-03-03,2022,3,3,3,목,0,0,108,18.0,17.0,9.0,8.0,47.041666666666664,24,50.111111111111114,9,49.625,8,0,ENV_YDST_108_HR_2022_2022_2023.csv
2022-03-04,2022,3,4,4,금,0,0,108,18.0,17.0,9.0,8.0,83.08333333333333,24,103.55555555555556,9,101.75,8,1,ENV_YDST_108_HR_2022_2022_2023.csv
2022-03-05,2022,3,5,5,토,1,0,108,18.0,17.0,9.0,8.0,117.18181818181819,22,103.44444444444444,9,110.25,8,1,ENV_YDST_108_HR_2022_2022_2023.csv
2022-03-06,2022,3,6,6,일,1,0,108,18.0,17.0,9.0,8.0,49.666666666666664,24,58.888888888888886,9,61.25,8,0,ENV_YDST_108_HR_2022_2022_2023.csv
2022-03-07,2022,3,7,0,월,0,0,108,18.0,17.0,9.0,8.0,42.1875,16,50.142857142857146,9,50.142857142857146,8,0,ENV_YDST_108_HR_2022_2022_2023.csv
2022-03-08,2022,3,8,1,화,0,1,108,18.0,17.0,9.0,8.0,58.82608695652174,23,80.11111111111111,9,78.625,8,0,ENV_YDST_108_HR_2022_2022_2023.csv
2022-03-09,2022,3,9,2,수,0,0,108,18.0,17.0,9.0,8.0,62.958333333333336,24,77.88888888888889,9,71.875,8,0,ENV_YDST_108_HR_2022_2022_2023.csv
2022-03-10,2022,3,10,3,목,0,0,108,18.0,17.0,9.0,8.0,64.25,24,75.33333333333333,9,77.25,8,0,ENV_YDST_108_HR_2022_2022_2023.csv
2022-03-11,2022,3,11,4,금,0,0,108,18.0,17.0,9.0,8.0,70.08333333333333,24,81.22222222222223,9,76.25,8,1,ENV_YDST_108_HR_2022_2022_2023.csv
2022-03-12,2022,3,12,5,토,1,0,108,18.0,17.0,9.0,8.0,68.8695652173913,23,98.55555555555556,9,97.625,8,1,ENV_YDST_108_HR_2022_2022_2023.csv
2022-03-13,2022,3,13,6,일,1,0,108,18.0,17.0,9.0,8.0,15.3,20,16.0,9,14.875,8,0,ENV_YDST_108_HR_2022_2022_2023.csv
2022-03-14,2022,3,14,0,월,0,0,108,18.0,17.0,9.0,8.0,17.0,15,26.6,9,26.6,8,0,ENV_YDST_108_HR_2022_2022_2023.csv
2022-03-15,2022,3,15,1,화,0,1,108,18.0,17.0,9.0,8.0,42.416666666666664,24,53.22222222222222,9,49.0,8,0,ENV_YDST_108_HR_2022_2022_2023.csv
2022-03-16,2022,3,16,2,수,0,0,108,18.0,17.0,9.0,8.0,64.375,24,91.22222222222223,9,86.25,8,1,ENV_YDST_108_HR_2022_2022_2023.csv
2022-03-17,2022,3,17,3,목,0,0,108,18.0,17.0,9.0,8.0,59.0,21,61.333333333333336,9,60.0,8,0,ENV_YDST_108_HR_2022_2022_2023.csv
2022-03-18,2022,3,18,4,금,0,0,108,18.0,17.0,9.0,8.0,11.777777777777779,9,12.428571428571429,9,12.166666666666666,8,0,ENV_YDST_108_HR_2022_2022_2023.csv
2022-03-19,2022,3,19,5,토,1,0,108,18.0,17.0,9.0,8.0,11.75,8,11.75,9,9.666666666666666,8,0,ENV_YDST_108_HR_2022_2022_2023.csv
2022-03-20,2022,3,20,6,일,1,0,108,18.0,17.0,9.0,8.0,25.05263157894737,19,27.88888888888889,9,26.625,8,0,ENV_YDST_108_HR_2022_2022_2023.csv
2022-03-21,2022,3,21,0,월,0,0,108,18.0,17.0,9.0,8.0,33.44444444444444,18,52.111111111111114,9,51.5,8,0,ENV_YDST_108_HR_2022_2022_2023.csv
2022-03-22,2022,3,22,1,화,0,1,108,18.0,17.0,9.0,8.0,39.34782608695652,23,58.111111111111114,9,55.375,8,0,ENV_YDST_108_HR_2022_2022_2023.csv
2022-03-23,2022,3,23,2,수,0,0,108,18.0,17.0,9.0,8.0,32.26086956521739,23,41.125,9,41.857142857142854,8,0,ENV_YDST_108_HR_2022_2022_2023.csv
2022-03-24,2022,3,24,3,목,0,0,108,18.0,17.0,9.0,8.0,43.166666666666664,24,52.22222222222222,9,48.125,8,0,ENV_YDST_108_HR_2022_2022_2023.csv
2022-03-25,2022,3,25,4,금,0,0,108,18.0,17.0,9.0,8.0,66.41666666666667,24,78.22222222222223,9,77.25,8,0,ENV_YDST_108_HR_2022_2022_2023.csv
2022-03-26,2022,3,26,5,토,1,0,108,18.0,17.0,9.0,8.0,13.8125,16,14.75,9,9.666666666666666,8,0,ENV_YDST_108_HR_2022_2022_2023.csv
2022-03-27,2022,3,27,6,일,1,0,108,18.0,17.0,9.0,8.0,34.04545454545455,22,49.333333333333336,9,51.625,8,0,ENV_YDST_108_HR_2022_2022_2023.csv
2022-03-28,2022,3,28,0,월,0,0,108,18.0,17.0,9.0,8.0,41.04761904761905,21,58.333333333333336,9,56.5,8,0,ENV_YDST_108_HR_2022_2022_2023.csv
2022-03-29,2022,3,29,1,화,0,1,108,18.0,17.0,9.0,8.0,39.875,24,65.33333333333333,9,65.125,8,0,ENV_YDST_108_HR_2022_2022_2023.csv
2022-03-30,2022,3,30,2,수,0,0,108,18.0,17.0,9.0,8.0,35.17391304347826,23,51.666666666666664,9,55.5,8,0,ENV_YDST_108_HR_2022_2022_2023.csv
2022-03-31,2022,3,31,3,목,0,0,108,18.0,17.0,9.0,8.0,23.85,20,27.88888888888889,9,28.0,8,0,ENV_YDST_108_HR_2022_2022_2023.csv
2022-04-01,2022,4,1,4,금,0,0,108,18.0,17.0,9.0,8.0,41.27272727272727,11,43.0,9,42.285714285714285,8,0,ENV_YDST_108_HR_2022_2022_2023.csv
2022-04-02,2022,4,2,5,토,1,0,108,18.0,17.0,9.0,8.0,34.68181818181818,22,56.55555555555556,9,55.75,8,0,ENV_YDST_108_HR_2022_2022_2023.csv
2022-04-03,2022,4,3,6,일,1,0,108,18.0,17.0,9.0,8.0,45.21739130434783,23,65.75,9,64.42857142857143,8,0,ENV_YDST_108_HR_2022_2022_2023.csv
2022-04-04,2022,4,4,0,월,0,0,108,18.0,17.0,9.0,8.0,50.608695652173914,23,62.333333333333336,9,62.75,8,0,ENV_YDST_108_HR_2022_2022_2023.csv
2022-04-05,2022,4,5,1,화,0,1,108,18.0,17.0,9.0,8.0,40.869565217391305,23,64.11111111111111,9,64.875,8,0,ENV_YDST_108_HR_2022_2022_2023.csv
2022-04-06,2022,4,6,2,수,0,0,108,18.0,17.0,9.0,8.0,48.708333333333336,24,66.11111111111111,9,63.75,8,0,ENV_YDST_108_HR_2022_2022_2023.csv
2022-04-07,2022,4,7,3,목,0,0,108,18.0,17.0,9.0,8.0,41.08695652173913,23,57.0,9,56.375,8,0,ENV_YDST_108_HR_2022_2022_2023.csv
2022-04-08,2022,4,8,4,금,0,0,108,18.0,17.0,9.0,8.0,53.166666666666664,24,81.33333333333333,9,77.5,8,1,ENV_YDST_108_HR_2022_2022_2023.csv
2022-04-09,2022,4,9,5,토,1,0,108,18.0,17.0,9.0,8.0,57.416666666666664,24,81.0,9,76.875,8,1,ENV_YDST_108_HR_2022_2022_2023.csv
2022-04-10,2022,4,10,6,일,1,0,108,18.0,17.0,9.0,8.0,51.8,20,80.33333333333333,9,78.375,8,0,ENV_YDST_108_HR_2022_2022_2023.csv
2022-04-11,2022,4,11,0,월,0,0,108,18.0,17.0,9.0,8.0,35.625,24,45.22222222222222,9,45.5,8,0,ENV_YDST_108_HR_2022_2022_2023.csv
2022-04-12,2022,4,12,1,화,0,1,108,18.0,17.0,9.0,8.0,26.695652173913043,23,34.888888888888886,9,34.125,8,0,ENV_YDST_108_HR_2022_2022_2023.csv
2022-04-13,2022,4,13,2,수,0,0,108,18.0,17.0,9.0,8.0,13.6,20,9.571428571428571,9,9.5,8,0,ENV_YDST_108_HR_2022_2022_2023.csv
2022-04-14,2022,4,14,3,목,0,0,108,18.0,17.0,9.0,8.0,13.708333333333334,24,20.444444444444443,9,20.75,8,0,ENV_YDST_108_HR_2022_2022_2023.csv
2022-04-15,2022,4,15,4,금,0,0,108,18.0,17.0,9.0,8.0,31.9375,16,39.625,9,40.0,8,0,ENV_YDST_108_HR_2022_2022_2023.csv
2022-04-16,2022,4,16,5,토,1,0,108,18.0,17.0,9.0,8.0,38.21739130434783,23,56.666666666666664,9,56.5,8,0,ENV_YDST_108_HR_2022_2022_2023.csv
2022-04-17,2022,4,17,6,일,1,0,108,18.0,17.0,9.0,8.0,46.541666666666664,24,50.77777777777778,9,52.0,8,0,ENV_YDST_108_HR_2022_2022_2023.csv
2022-04-18,2022,4,18,0,월,0,0,108,18.0,17.0,9.0,8.0,51.041666666666664,24,54.0,9,55.75,8,0,ENV_YDST_108_HR_2022_2022_2023.csv
2022-04-19,2022,4,19,1,화,0,1,108,18.0,17.0,9.0,8.0,58.75,24,68.22222222222223,9,69.625,8,0,ENV_YDST_108_HR_2022_2022_2023.csv
2022-04-20,2022,4,20,2,수,0,0,108,18.0,17.0,9.0,8.0,59.75,24,51.666666666666664,9,53.125,8,0,ENV_YDST_108_HR_2022_2022_2023.csv
2022-04-21,2022,4,21,3,목,0,0,108,18.0,17.0,9.0,8.0,44.041666666666664,24,51.333333333333336,9,51.375,8,0,ENV_YDST_108_HR_2022_2022_2023.csv
2022-04-22,2022,4,22,4,금,0,0,108,18.0,17.0,9.0,8.0,50.30434782608695,23,51.44444444444444,9,49.625,8,0,ENV_YDST_108_HR_2022_2022_2023.csv
2022-04-23,2022,4,23,5,토,1,0,108,18.0,17.0,9.0,8.0,52.208333333333336,24,54.0,9,54.875,8,0,ENV_YDST_108_HR_2022_2022_2023.csv
2022-04-24,2022,4,24,6,일,1,0,108,18.0,17.0,9.0,8.0,52.541666666666664,24,59.111111111111114,9,57.5,8,0,ENV_YDST_108_HR_2022_2022_2023.csv
2022-04-25,2022,4,25,0,월,0,0,108,18.0,17.0,9.0,8.0,42.083333333333336,24,41.666666666666664,9,41.625,8,0,ENV_YDST_108_HR_2022_2022_2023.csv
2022-04-26,2022,4,26,1,화,0,1,108,18.0,17.0,9.0,8.0,47.791666666666664,24,52.888888888888886,9,49.875,8,0,ENV_YDST_108_HR_2022_2022_2023.csv
2022-04-27,2022,4,27,2,수,0,0,108,18.0,17.0,9.0,8.0,167.20833333333334,24,210.33333333333334,9,212.875,8,1,ENV_YDST_108_HR_2022_2022_2023.csv
2022-04-28,2022,4,28,3,목,0,0,108,18.0,17.0,9.0,8.0,79.33333333333333,24,106.33333333333333,9,104.375,8,1,ENV_YDST_108_HR_2022_2022_2023.csv
2022-04-29,2022,4,29,4,금,0,0,108,18.0,17.0,9.0,8.0,13.0,18,14.166666666666666,9,14.8,8,0,ENV_YDST_108_HR_2022_2022_2023.csv
2022-04-30,2022,4,30,5,토,1,0,108,18.0,17.0,9.0,8.0,24.58823529411765,17,24.22222222222222,9,25.5,8,0,ENV_YDST_108_HR_2022_2022_2023.csv
2022-05-01,2022,5,1,6,일,1,0,108,18.0,17.0,9.0,8.0,47.916666666666664,24,72.33333333333333,9,74.75,8,0,ENV_YDST_108_HR_2022_2022_2023.csv
2022-05-02,2022,5,2,0,월,0,0,108,18.0,17.0,9.0,8.0,45.333333333333336,24,53.666666666666664,9,55.375,8,0,ENV_YDST_108_HR_2022_2022_2023.csv
2022-05-03,2022,5,3,1,화,0,1,108,18.0,17.0,9.0,8.0,40.291666666666664,24,47.77777777777778,9,49.125,8,0,ENV_YDST_108_HR_2022_2022_2023.csv
2022-05-04,2022,5,4,2,수,0,0,108,18.0,17.0,9.0,8.0,41.25,24,60.333333333333336,9,60.125,8,0,ENV_YDST_108_HR_2022_2022_2023.csv
2022-05-05,2022,5,5,3,목,0,0,108,18.0,17.0,9.0,8.0,33.833333333333336,24,36.55555555555556,9,35.625,8,0,ENV_YDST_108_HR_2022_2022_2023.csv
2022-05-06,2022,5,6,4,금,0,0,108,18.0,17.0,9.0,8.0,38.541666666666664,24,43.55555555555556,9,43.625,8,0,ENV_YDST_108_HR_2022_2022_2023.csv
2022-05-07,2022,5,7,5,토,1,0,108,18.0,17.0,9.0,8.0,30.5,24,33.77777777777778,9,33.0,8,0,ENV_YDST_108_HR_2022_2022_2023.csv
2022-05-08,2022,5,8,6,일,1,0,108,18.0,17.0,9.0,8.0,20.0,24,19.444444444444443,9,19.5,8,0,ENV_YDST_108_HR_2022_2022_2023.csv
2022-05-09,2022,5,9,0,월,0,0,108,18.0,17.0,9.0,8.0,19.181818181818183,22,24.666666666666668,9,24.125,8,0,ENV_YDST_108_HR_2022_2022_2023.csv
2022-05-10,2022,5,10,1,화,0,1,108,18.0,17.0,9.0,8.0,29.125,24,32.333333333333336,9,30.875,8,0,ENV_YDST_108_HR_2022_2022_2023.csv
2022-05-11,2022,5,11,2,수,0,0,108,18.0,17.0,9.0,8.0,30.083333333333332,24,38.44444444444444,9,37.5,8,0,ENV_YDST_108_HR_2022_2022_2023.csv
2022-05-12,2022,5,12,3,목,0,0,108,18.0,17.0,9.0,8.0,33.291666666666664,24,38.44444444444444,9,36.875,8,0,ENV_YDST_108_HR_2022_2022_2023.csv
2022-05-13,2022,5,13,4,금,0,0,108,18.0,17.0,9.0,8.0,30.958333333333332,24,38.22222222222222,9,38.75,8,0,ENV_YDST_108_HR_2022_2022_2023.csv
2022-05-14,2022,5,14,5,토,1,0,108,18.0,17.0,9.0,8.0,34.791666666666664,24,45.0,9,45.875,8,0,ENV_YDST_108_HR_2022_2022_2023.csv
2022-05-15,2022,5,15,6,일,1,0,108,18.0,17.0,9.0,8.0,27.291666666666668,24,37.666666666666664,9,38.0,8,0,ENV_YDST_108_HR_2022_2022_2023.csv
2022-05-16,2022,5,16,0,월,0,0,108,18.0,17.0,9.0,8.0,32.583333333333336,24,45.44444444444444,9,44.5,8,0,ENV_YDST_108_HR_2022_2022_2023.csv
2022-05-17,2022,5,17,1,화,0,1,108,18.0,17.0,9.0,8.0,54.708333333333336,24,61.55555555555556,9,60.625,8,0,ENV_YDST_108_HR_2022_2022_2023.csv
2022-05-18,2022,5,18,2,수,0,0,108,18.0,17.0,9.0,8.0,61.0,24,59.55555555555556,9,57.25,8,0,ENV_YDST_108_HR_2022_2022_2023.csv
2022-05-19,2022,5,19,3,목,0,0,108,18.0,17.0,9.0,8.0,45.833333333333336,24,53.0,9,53.5,8,0,ENV_YDST_108_HR_2022_2022_2023.csv
2022-05-20,2022,5,20,4,금,0,0,108,18.0,17.0,9.0,8.0,38.083333333333336,24,44.888888888888886,9,44.125,8,0,ENV_YDST_108_HR_2022_2022_2023.csv
2022-05-21,2022,5,21,5,토,1,0,108,18.0,17.0,9.0,8.0,36.416666666666664,24,41.888888888888886,9,42.5,8,0,ENV_YDST_108_HR_2022_2022_2023.csv
2022-05-22,2022,5,22,6,일,1,0,108,18.0,17.0,9.0,8.0,38.416666666666664,24,43.111111111111114,9,42.875,8,0,ENV_YDST_108_HR_2022_2022_2023.csv
2022-05-23,2022,5,23,0,월,0,0,108,18.0,17.0,9.0,8.0,69.125,24,95.55555555555556,9,93.875,8,1,ENV_YDST_108_HR_2022_2022_2023.csv
2022-05-24,2022,5,24,1,화,0,1,108,18.0,17.0,9.0,8.0,35.52173913043478,23,40.111111111111114,9,39.625,8,0,ENV_YDST_108_HR_2022_2022_2023.csv
2022-05-25,2022,5,25,2,수,0,0,108,18.0,17.0,9.0,8.0,25.217391304347824,23,32.888888888888886,9,32.5,8,0,ENV_YDST_108_HR_2022_2022_2023.csv
2022-05-26,2022,5,26,3,목,0,0,108,18.0,17.0,9.0,8.0,25.47826086956522,23,35.44444444444444,9,35.25,8,0,ENV_YDST_108_HR_2022_2022_2023.csv
2022-05-27,2022,5,27,4,금,0,0,108,18.0,17.0,9.0,8.0,25.82608695652174,23,26.22222222222222,9,25.375,8,0,ENV_YDST_108_HR_2022_2022_2023.csv
2022-05-28,2022,5,28,5,토,1,0,108,18.0,17.0,9.0,8.0,34.583333333333336,24,53.0,9,50.625,8,0,ENV_YDST_108_HR_2022_2022_2023.csv
2022-05-29,2022,5,29,6,일,1,0,108,18.0,17.0,9.0,8.0,30.75,24,34.55555555555556,9,34.625,8,0,ENV_YDST_108_HR_2022_2022_2023.csv
2022-05-30,2022,5,30,0,월,0,0,108,18.0,17.0,9.0,8.0,27.434782608695652,23,36.0,9,37.875,8,0,ENV_YDST_108_HR_2022_2022_2023.csv
2022-05-31,2022,5,31,1,화,0,1,108,18.0,17.0,9.0,8.0,28.695652173913043,23,41.111111111111114,9,41.25,8,0,ENV_YDST_108_HR_2022_2022_2023.csv
2022-06-01,2022,6,1,2,수,0,0,108,18.5,17.5,9.5,8.5,25.875,24,32.7,10,32.55555555555556,9,0,ENV_YDST_108_HR_2022_2022_2023.csv
2022-06-02,2022,6,2,3,목,0,0,108,18.5,17.5,9.5,8.5,29.608695652173914,23,39.5,10,39.888888888888886,9,0,ENV_YDST_108_HR_2022_2022_2023.csv
2022-06-03,2022,6,3,4,금,0,0,108,18.5,17.5,9.5,8.5,39.666666666666664,24,57.3,10,55.44444444444444,9,0,ENV_YDST_108_HR_2022_2022_2023.csv
2022-06-04,2022,6,4,5,토,1,0,108,18.5,17.5,9.5,8.5,38.04347826086956,23,42.3,10,42.333333333333336,9,0,ENV_YDST_108_HR_2022_2022_2023.csv
2022-06-05,2022,6,5,6,일,1,0,108,18.5,17.5,9.5,8.5,25.041666666666668,24,24.5,10,24.77777777777778,9,0,ENV_YDST_108_HR_2022_2022_2023.csv
2022-06-06,2022,6,6,0,월,0,0,108,18.5,17.5,9.5,8.5,14.5,14,15.0,10,15.333333333333334,9,0,ENV_YDST_108_HR_2022_2022_2023.csv
2022-06-07,2022,6,7,1,화,0,1,108,18.5,17.5,9.5,8.5,11.75,12,14.25,10,14.428571428571429,9,0,ENV_YDST_108_HR_2022_2022_2023.csv
2022-06-08,2022,6,8,2,수,0,0,108,18.5,17.5,9.5,8.5,18.565217391304348,23,28.2,10,27.11111111111111,9,0,ENV_YDST_108_HR_2022_2022_2023.csv
2022-06-09,2022,6,9,3,목,0,0,108,18.5,17.5,9.5,8.5,23.583333333333332,24,28.3,10,28.22222222222222,9,0,ENV_YDST_108_HR_2022_2022_2023.csv
2022-06-10,2022,6,10,4,금,0,0,108,18.5,17.5,9.5,8.5,26.38095238095238,21,33.333333333333336,10,35.875,9,0,ENV_YDST_108_HR_2022_2022_2023.csv
2022-06-11,2022,6,11,5,토,1,0,108,18.5,17.5,9.5,8.5,27.38095238095238,21,33.0,10,31.0,9,0,ENV_YDST_108_HR_2022_2022_2023.csv
2022-06-12,2022,6,12,6,일,1,0,108,18.5,17.5,9.5,8.5,24.956521739130434,23,35.5,10,34.333333333333336,9,0,ENV_YDST_108_HR_2022_2022_2023.csv
2022-06-13,2022,6,13,0,월,0,0,108,18.5,17.5,9.5,8.5,28.1,20,33.25,10,33.25,9,0,ENV_YDST_108_HR_2022_2022_2023.csv
2022-06-14,2022,6,14,1,화,0,1,108,18.5,17.5,9.5,8.5,13.363636363636363,22,18.666666666666668,10,18.666666666666668,9,0,ENV_YDST_108_HR_2022_2022_2023.csv
2022-06-15,2022,6,15,2,수,0,0,108,18.5,17.5,9.5,8.5,13.272727272727273,22,12.444444444444445,10,11.625,9,0,ENV_YDST_108_HR_2022_2022_2023.csv
2022-06-16,2022,6,16,3,목,0,0,108,18.5,17.5,9.5,8.5,17.391304347826086,23,18.9,10,18.444444444444443,9,0,ENV_YDST_108_HR_2022_2022_2023.csv
2022-06-17,2022,6,17,4,금,0,0,108,18.5,17.5,9.5,8.5,25.285714285714285,21,30.285714285714285,10,33.5,9,0,ENV_YDST_108_HR_2022_2022_2023.csv
2022-06-18,2022,6,18,5,토,1,0,108,18.5,17.5,9.5,8.5,20.625,24,24.0,10,23.555555555555557,9,0,ENV_YDST_108_HR_2022_2022_2023.csv
2022-06-19,2022,6,19,6,일,1,0,108,18.5,17.5,9.5,8.5,26.291666666666668,24,28.1,10,28.444444444444443,9,0,ENV_YDST_108_HR_2022_2022_2023.csv
2022-06-20,2022,6,20,0,월,0,0,108,18.5,17.5,9.5,8.5,25.291666666666668,24,29.8,10,28.11111111111111,9,0,ENV_YDST_108_HR_2022_2022_2023.csv
2022-06-21,2022,6,21,1,화,0,1,108,18.5,17.5,9.5,8.5,29.571428571428573,21,39.7,10,38.44444444444444,9,0,ENV_YDST_108_HR_2022_2022_2023.csv
2022-06-22,2022,6,22,2,수,0,0,108,18.5,17.5,9.5,8.5,26.833333333333332,24,41.3,10,39.0,9,0,ENV_YDST_108_HR_2022_2022_2023.csv
2022-06-23,2022,6,23,3,목,0,0,108,18.5,17.5,9.5,8.5,27.375,24,31.9,10,33.666666666666664,9,0,ENV_YDST_108_HR_2022_2022_2023.csv
2022-06-24,2022,6,24,4,금,0,0,108,18.5,17.5,9.5,8.5,22.9375,16,20.11111111111111,10,20.0,9,0,ENV_YDST_108_HR_2022_2022_2023.csv
2022-06-25,2022,6,25,5,토,1,0,108,18.5,17.5,9.5,8.5,48.0,24,55.8,10,58.55555555555556,9,0,ENV_YDST_108_HR_2022_2022_2023.csv
2022-06-26,2022,6,26,6,일,1,0,108,18.5,17.5,9.5,8.5,23.666666666666668,24,26.8,10,26.444444444444443,9,0,ENV_YDST_108_HR_2022_2022_2023.csv
2022-06-27,2022,6,27,0,월,0,0,108,18.5,17.5,9.5,8.5,11.956521739130435,23,13.1,10,13.88888888888889,9,0,ENV_YDST_108_HR_2022_2022_2023.csv
2022-06-28,2022,6,28,1,화,0,1,108,18.5,17.5,9.5,8.5,17.375,24,21.9,10,22.77777777777778,9,0,ENV_YDST_108_HR_2022_2022_2023.csv
2022-06-29,2022,6,29,2,수,0,0,108,18.5,17.5,9.5,8.5,14.5,22,17.88888888888889,10,18.75,9,0,ENV_YDST_108_HR_2022_2022_2023.csv
2022-06-30,2022,6,30,3,목,0,0,108,18.5,17.5,9.5,8.5,6.1875,16,5.5,10,5.714285714285714,9,0,ENV_YDST_108_HR_2022_2022_2023.csv
2022-07-01,2022,7,1,4,금,0,0,108,18.5,17.5,9.5,8.5,19.565217391304348,23,23.0,10,23.0,9,0,ENV_YDST_108_HR_2022_2022_2023.csv
2022-07-02,2022,7,2,5,토,1,0,108,18.5,17.5,9.5,8.5,28.416666666666668,24,31.7,10,29.88888888888889,9,0,ENV_YDST_108_HR_2022_2022_2023.csv
2022-07-03,2022,7,3,6,일,1,0,108,18.5,17.5,9.5,8.5,35.875,24,43.6,10,42.888888888888886,9,0,ENV_YDST_108_HR_2022_2022_2023.csv
2022-07-04,2022,7,4,0,월,0,0,108,18.5,17.5,9.5,8.5,37.583333333333336,24,45.0,10,44.666666666666664,9,0,ENV_YDST_108_HR_2022_2022_2023.csv
2022-07-05,2022,7,5,1,화,0,1,108,18.5,17.5,9.5,8.5,34.083333333333336,24,52.7,10,51.77777777777778,9,0,ENV_YDST_108_HR_2022_2022_2023.csv
2022-07-06,2022,7,6,2,수,0,0,108,18.5,17.5,9.5,8.5,31.791666666666668,24,43.7,10,43.111111111111114,9,0,ENV_YDST_108_HR_2022_2022_2023.csv
2022-07-07,2022,7,7,3,목,0,0,108,18.5,17.5,9.5,8.5,22.238095238095237,21,22.1,10,21.22222222222222,9,0,ENV_YDST_108_HR_2022_2022_2023.csv
2022-07-08,2022,7,8,4,금,0,0,108,18.5,17.5,9.5,8.5,21.208333333333332,24,21.2,10,21.22222222222222,9,0,ENV_YDST_108_HR_2022_2022_2023.csv
2022-07-09,2022,7,9,5,토,1,0,108,18.5,17.5,9.5,8.5,23.0,23,24.9,10,24.666666666666668,9,0,ENV_YDST_108_HR_2022_2022_2023.csv
2022-07-10,2022,7,10,6,일,1,0,108,18.5,17.5,9.5,8.5,40.791666666666664,24,59.2,10,57.111111111111114,9,0,ENV_YDST_108_HR_2022_2022_2023.csv
2022-07-11,2022,7,11,0,월,0,0,108,18.5,17.5,9.5,8.5,26.818181818181817,22,38.5,10,41.333333333333336,9,0,ENV_YDST_108_HR_2022_2022_2023.csv
2022-07-12,2022,7,12,1,화,0,1,108,18.5,17.5,9.5,8.5,13.652173913043478,23,18.8,10,18.77777777777778,9,0,ENV_YDST_108_HR_2022_2022_2023.csv
2022-07-13,2022,7,13,2,수,0,0,108,18.5,17.5,9.5,8.5,16.583333333333332,24,16.6,10,17.88888888888889,9,0,ENV_YDST_108_HR_2022_2022_2023.csv
2022-07-14,2022,7,14,3,목,0,0,108,18.5,17.5,9.5,8.5,14.476190476190476,21,19.0,10,19.125,9,0,ENV_YDST_108_HR_2022_2022_2023.csv
2022-07-15,2022,7,15,4,금,0,0,108,18.5,17.5,9.5,8.5,24.416666666666668,24,31.0,10,31.22222222222222,9,0,ENV_YDST_108_HR_2022_2022_2023.csv
2022-07-16,2022,7,16,5,토,1,0,108,18.5,17.5,9.5,8.5,26.333333333333332,24,30.9,10,31.444444444444443,9,0,ENV_YDST_108_HR_2022_2022_2023.csv
2022-07-17,2022,7,17,6,일,1,0,108,18.5,17.5,9.5,8.5,26.166666666666668,24,27.3,10,28.444444444444443,9,0,ENV_YDST_108_HR_2022_2022_2023.csv
2022-07-18,2022,7,18,0,월,0,0,108,18.5,17.5,9.5,8.5,26.291666666666668,24,31.9,10,32.55555555555556,9,0,ENV_YDST_108_HR_2022_2022_2023.csv
2022-07-19,2022,7,19,1,화,0,1,108,18.5,17.5,9.5,8.5,33.541666666666664,24,44.4,10,43.77777777777778,9,0,ENV_YDST_108_HR_2022_2022_2023.csv
2022-07-20,2022,7,20,2,수,0,0,108,18.5,17.5,9.5,8.5,32.166666666666664,24,35.2,10,36.22222222222222,9,0,ENV_YDST_108_HR_2022_2022_2023.csv
2022-07-21,2022,7,21,3,목,0,0,108,18.5,17.5,9.5,8.5,13.095238095238095,21,12.555555555555555,10,12.375,9,0,ENV_YDST_108_HR_2022_2022_2023.csv
2022-07-22,2022,7,22,4,금,0,0,108,18.5,17.5,9.5,8.5,27.47826086956522,23,29.666666666666668,10,31.5,9,0,ENV_YDST_108_HR_2022_2022_2023.csv
2022-07-23,2022,7,23,5,토,1,0,108,18.5,17.5,9.5,8.5,33.791666666666664,24,34.3,10,34.666666666666664,9,0,ENV_YDST_108_HR_2022_2022_2023.csv
2022-07-24,2022,7,24,6,일,1,0,108,18.5,17.5,9.5,8.5,18.458333333333332,24,23.5,10,20.77777777777778,9,0,ENV_YDST_108_HR_2022_2022_2023.csv
2022-07-25,2022,7,25,0,월,0,0,108,18.5,17.5,9.5,8.5,24.181818181818183,22,24.9,10,23.555555555555557,9,0,ENV_YDST_108_HR_2022_2022_2023.csv
2022-07-26,2022,7,26,1,화,0,1,108,18.5,17.5,9.5,8.5,32.375,24,43.8,10,41.666666666666664,9,0,ENV_YDST_108_HR_2022_2022_2023.csv
2022-07-27,2022,7,27,2,수,0,0,108,18.5,17.5,9.5,8.5,39.04761904761905,21,38.2,10,38.22222222222222,9,0,ENV_YDST_108_HR_2022_2022_2023.csv
2022-07-28,2022,7,28,3,목,0,0,108,18.5,17.5,9.5,8.5,26.695652173913043,23,39.3,10,38.888888888888886,9,0,ENV_YDST_108_HR_2022_2022_2023.csv
2022-07-29,2022,7,29,4,금,0,0,108,18.5,17.5,9.5,8.5,25.125,24,31.9,10,30.444444444444443,9,0,ENV_YDST_108_HR_2022_2022_2023.csv
2022-07-30,2022,7,30,5,토,1,0,108,18.5,17.5,9.5,8.5,23.6,20,28.88888888888889,10,28.625,9,0,ENV_YDST_108_HR_2022_2022_2023.csv
2022-07-31,2022,7,31,6,일,1,0,108,18.5,17.5,9.5,8.5,13.181818181818182,22,17.0,10,17.0,9,0,ENV_YDST_108_HR_2022_2022_2023.csv
2022-08-01,2022,8,1,0,월,0,0,108,18.5,17.5,9.5,8.5,20.75,20,28.77777777777778,10,30.75,9,0,ENV_YDST_108_HR_2022_2022_2023.csv
2022-08-02,2022,8,2,1,화,0,1,108,18.5,17.5,9.5,8.5,17.09090909090909,11,21.2,10,21.2,9,0,ENV_YDST_108_HR_2022_2022_2023.csv
2022-08-03,2022,8,3,2,수,0,0,108,18.5,17.5,9.5,8.5,25.523809523809526,21,36.666666666666664,10,37.125,9,0,ENV_YDST_108_HR_2022_2022_2023.csv
2022-08-04,2022,8,4,3,목,0,0,108,18.5,17.5,9.5,8.5,21.35,20,25.0,10,24.75,9,0,ENV_YDST_108_HR_2022_2022_2023.csv
2022-08-05,2022,8,5,4,금,0,0,108,18.5,17.5,9.5,8.5,17.75,24,22.6,10,21.666666666666668,9,0,ENV_YDST_108_HR_2022_2022_2023.csv
2022-08-06,2022,8,6,5,토,1,0,108,18.5,17.5,9.5,8.5,33.04545454545455,22,41.25,10,43.142857142857146,9,0,ENV_YDST_108_HR_2022_2022_2023.csv
2022-08-07,2022,8,7,6,일,1,0,108,18.5,17.5,9.5,8.5,26.166666666666668,24,28.1,10,29.11111111111111,9,0,ENV_YDST_108_HR_2022_2022_2023.csv
2022-08-08,2022,8,8,0,월,0,0,108,18.5,17.5,9.5,8.5,24.666666666666668,15,22.0,6,22.0,5,0,ENV_YDST_108_HR_2022_2022_2023.csv
2022-08-09,2022,8,9,1,화,0,1,108,18.5,17.5,9.5,8.5,12.7,10,13.666666666666666,10,13.125,9,0,ENV_YDST_108_HR_2022_2022_2023.csv
2022-08-10,2022,8,10,2,수,0,0,108,18.5,17.5,9.5,8.5,19.9,20,24.1,10,25.555555555555557,9,0,ENV_YDST_108_HR_2022_2022_2023.csv
2022-08-11,2022,8,11,3,목,0,0,108,18.5,17.5,9.5,8.5,15.043478260869565,23,22.0,10,22.125,9,0,ENV_YDST_108_HR_2022_2022_2023.csv
2022-08-12,2022,8,12,4,금,0,0,108,18.5,17.5,9.5,8.5,26.708333333333332,24,34.1,10,31.666666666666668,9,0,ENV_YDST_108_HR_2022_2022_2023.csv
2022-08-13,2022,8,13,5,토,1,0,108,18.5,17.5,9.5,8.5,28.333333333333332,24,29.4,10,30.666666666666668,9,0,ENV_YDST_108_HR_2022_2022_2023.csv
2022-08-14,2022,8,14,6,일,1,0,108,18.5,17.5,9.5,8.5,22.833333333333332,24,24.7,10,24.666666666666668,9,0,ENV_YDST_108_HR_2022_2022_2023.csv
2022-08-15,2022,8,15,0,월,0,0,108,18.5,17.5,9.5,8.5,23.25,24,24.3,10,23.666666666666668,9,0,ENV_YDST_108_HR_2022_2022_2023.csv
2022-08-16,2022,8,16,1,화,0,1,108,18.5,17.5,9.5,8.5,24.363636363636363,22,26.9,10,27.666666666666668,9,0,ENV_YDST_108_HR_2022_2022_2023.csv
2022-08-17,2022,8,17,2,수,0,0,108,18.5,17.5,9.5,8.5,23.291666666666668,24,30.0,10,28.444444444444443,9,0,ENV_YDST_108_HR_2022_2022_2023.csv
2022-08-18,2022,8,18,3,목,0,0,108,18.5,17.5,9.5,8.5,23.227272727272727,22,33.6,10,34.111111111111114,9,0,ENV_YDST_108_HR_2022_2022_2023.csv
2022-08-19,2022,8,19,4,금,0,0,108,18.5,17.5,9.5,8.5,25.652173913043477,23,28.555555555555557,10,30.125,9,0,ENV_YDST_108_HR_2022_2022_2023.csv
2022-08-20,2022,8,20,5,토,1,0,108,18.5,17.5,9.5,8.5,25.40909090909091,22,27.22222222222222,10,26.125,9,0,ENV_YDST_108_HR_2022_2022_2023.csv
2022-08-21,2022,8,21,6,일,1,0,108,18.5,17.5,9.5,8.5,26.041666666666668,24,32.2,10,31.11111111111111,9,0,ENV_YDST_108_HR_2022_2022_2023.csv
2022-08-22,2022,8,22,0,월,0,0,108,18.5,17.5,9.5,8.5,24.5,24,23.6,10,23.77777777777778,9,0,ENV_YDST_108_HR_2022_2022_2023.csv
2022-08-23,2022,8,23,1,화,0,1,108,18.5,17.5,9.5,8.5,17.0,24,22.4,10,20.88888888888889,9,0,ENV_YDST_108_HR_2022_2022_2023.csv
2022-08-24,2022,8,24,2,수,0,0,108,18.5,17.5,9.5,8.5,18.09090909090909,22,18.88888888888889,10,18.88888888888889,9,0,ENV_YDST_108_HR_2022_2022_2023.csv
2022-08-25,2022,8,25,3,목,0,0,108,18.5,17.5,9.5,8.5,18.954545454545453,22,24.0,10,24.428571428571427,9,0,ENV_YDST_108_HR_2022_2022_2023.csv
2022-08-26,2022,8,26,4,금,0,0,108,18.5,17.5,9.5,8.5,31.583333333333332,24,43.2,10,44.55555555555556,9,0,ENV_YDST_108_HR_2022_2022_2023.csv
2022-08-27,2022,8,27,5,토,1,0,108,18.5,17.5,9.5,8.5,21.416666666666668,24,19.4,10,19.11111111111111,9,0,ENV_YDST_108_HR_2022_2022_2023.csv
2022-08-28,2022,8,28,6,일,1,0,108,18.5,17.5,9.5,8.5,17.583333333333332,24,19.8,10,19.666666666666668,9,0,ENV_YDST_108_HR_2022_2022_2023.csv
2022-08-29,2022,8,29,0,월,0,0,108,18.5,17.5,9.5,8.5,13.666666666666666,24,12.8,10,13.555555555555555,9,0,ENV_YDST_108_HR_2022_2022_2023.csv
2022-08-30,2022,8,30,1,화,0,1,108,18.5,17.5,9.5,8.5,7.619047619047619,21,8.555555555555555,10,8.875,9,0,ENV_YDST_108_HR_2022_2022_2023.csv
2022-08-31,2022,8,31,2,수,0,0,108,18.5,17.5,9.5,8.5,10.75,20,11.666666666666666,10,11.125,9,0,ENV_YDST_108_HR_2022_2022_2023.csv
2022-09-01,2022,9,1,3,목,0,0,108,18.0,17.0,9.0,8.0,18.875,24,26.555555555555557,9,26.25,8,0,ENV_YDST_108_HR_2022_2022_2023.csv
2022-09-02,2022,9,2,4,금,0,0,108,18.0,17.0,9.0,8.0,19.05,20,18.666666666666668,9,18.125,8,0,ENV_YDST_108_HR_2022_2022_2023.csv
2022-09-03,2022,9,3,5,토,1,0,108,18.0,17.0,9.0,8.0,13.391304347826088,23,20.333333333333332,9,20.875,8,0,ENV_YDST_108_HR_2022_2022_2023.csv
2022-09-04,2022,9,4,6,일,1,0,108,18.0,17.0,9.0,8.0,12.090909090909092,22,11.0,9,10.5,8,0,ENV_YDST_108_HR_2022_2022_2023.csv
2022-09-05,2022,9,5,0,월,0,0,108,18.0,17.0,9.0,8.0,6.384615384615385,13,8.6,9,8.6,8,0,ENV_YDST_108_HR_2022_2022_2023.csv
2022-09-06,2022,9,6,1,화,0,1,108,18.0,17.0,9.0,8.0,18.5,16,19.857142857142858,9,18.833333333333332,8,0,ENV_YDST_108_HR_2022_2022_2023.csv
2022-09-07,2022,9,7,2,수,0,0,108,18.0,17.0,9.0,8.0,31.25,24,33.666666666666664,9,33.875,8,0,ENV_YDST_108_HR_2022_2022_2023.csv
2022-09-08,2022,9,8,3,목,0,0,108,18.0,17.0,9.0,8.0,29.458333333333332,24,34.666666666666664,9,35.0,8,0,ENV_YDST_108_HR_2022_2022_2023.csv
2022-09-09,2022,9,9,4,금,0,0,108,18.0,17.0,9.0,8.0,22.4,20,21.555555555555557,9,21.375,8,0,ENV_YDST_108_HR_2022_2022_2023.csv
2022-09-10,2022,9,10,5,토,1,0,108,18.0,17.0,9.0,8.0,13.631578947368421,19,18.125,9,19.0,8,0,ENV_YDST_108_HR_2022_2022_2023.csv
2022-09-11,2022,9,11,6,일,1,0,108,18.0,17.0,9.0,8.0,20.333333333333332,24,21.555555555555557,9,22.25,8,0,ENV_YDST_108_HR_2022_2022_2023.csv
2022-09-12,2022,9,12,0,월,0,0,108,18.0,17.0,9.0,8.0,22.041666666666668,24,26.0,9,26.25,8,0,ENV_YDST_108_HR_2022_2022_2023.csv
2022-09-13,2022,9,13,1,화,0,1,108,18.0,17.0,9.0,8.0,19.25,24,21.77777777777778,9,22.25,8,0,ENV_YDST_108_HR_2022_2022_2023.csv
2022-09-14,2022,9,14,2,수,0,0,108,18.0,17.0,9.0,8.0,19.25,24,26.444444444444443,9,26.375,8,0,ENV_YDST_108_HR_2022_2022_2023.csv
2022-09-15,2022,9,15,3,목,0,0,108,18.0,17.0,9.0,8.0,21.0,24,24.555555555555557,9,24.375,8,0,ENV_YDST_108_HR_2022_2022_2023.csv
2022-09-16,2022,9,16,4,금,0,0,108,18.0,17.0,9.0,8.0,24.125,24,29.77777777777778,9,29.125,8,0,ENV_YDST_108_HR_2022_2022_2023.csv
2022-09-17,2022,9,17,5,토,1,0,108,18.0,17.0,9.0,8.0,20.869565217391305,23,26.22222222222222,9,25.875,8,0,ENV_YDST_108_HR_2022_2022_2023.csv
2022-09-18,2022,9,18,6,일,1,0,108,18.0,17.0,9.0,8.0,21.727272727272727,22,23.11111111111111,9,21.25,8,0,ENV_YDST_108_HR_2022_2022_2023.csv
2022-09-19,2022,9,19,0,월,0,0,108,18.0,17.0,9.0,8.0,15.578947368421053,19,9.0,9,9.0,8,0,ENV_YDST_108_HR_2022_2022_2023.csv
2022-09-20,2022,9,20,1,화,0,1,108,18.0,17.0,9.0,8.0,26.25,24,32.111111111111114,9,33.25,8,0,ENV_YDST_108_HR_2022_2022_2023.csv
2022-09-21,2022,9,21,2,수,0,0,108,18.0,17.0,9.0,8.0,29.75,24,42.44444444444444,9,43.625,8,0,ENV_YDST_108_HR_2022_2022_2023.csv
2022-09-22,2022,9,22,3,목,0,0,108,18.0,17.0,9.0,8.0,30.94736842105263,19,39.875,9,39.57142857142857,8,0,ENV_YDST_108_HR_2022_2022_2023.csv
2022-09-23,2022,9,23,4,금,0,0,108,18.0,17.0,9.0,8.0,25.61904761904762,21,37.375,9,38.285714285714285,8,0,ENV_YDST_108_HR_2022_2022_2023.csv
2022-09-24,2022,9,24,5,토,1,0,108,18.0,17.0,9.0,8.0,19.61904761904762,21,26.25,9,26.0,8,0,ENV_YDST_108_HR_2022_2022_2023.csv
2022-09-25,2022,9,25,6,일,1,0,108,18.0,17.0,9.0,8.0,23.708333333333332,24,27.88888888888889,9,27.875,8,0,ENV_YDST_108_HR_2022_2022_2023.csv
2022-09-26,2022,9,26,0,월,0,0,108,18.0,17.0,9.0,8.0,27.291666666666668,24,33.333333333333336,9,32.875,8,0,ENV_YDST_108_HR_2022_2022_2023.csv
2022-09-27,2022,9,27,1,화,0,1,108,18.0,17.0,9.0,8.0,26.52173913043478,23,29.444444444444443,9,29.625,8,0,ENV_YDST_108_HR_2022_2022_2023.csv
2022-09-28,2022,9,28,2,수,0,0,108,18.0,17.0,9.0,8.0,34.416666666666664,24,30.666666666666668,9,31.375,8,0,ENV_YDST_108_HR_2022_2022_2023.csv
2022-09-29,2022,9,29,3,목,0,0,108,18.0,17.0,9.0,8.0,53.54545454545455,22,54.0,9,55.666666666666664,8,0,ENV_YDST_108_HR_2022_2022_2023.csv
2022-09-30,2022,9,30,4,금,0,0,108,18.0,17.0,9.0,8.0,50.25,24,54.0,9,54.75,8,0,ENV_YDST_108_HR_2022_2022_2023.csv
2022-10-01,2022,10,1,5,토,1,0,108,18.0,17.0,9.0,8.0,47.833333333333336,24,48.888888888888886,9,51.75,8,0,ENV_YDST_108_HR_2022_2022_2023.csv
2022-10-02,2022,10,2,6,일,1,0,108,18.0,17.0,9.0,8.0,32.625,24,25.88888888888889,9,27.0,8,0,ENV_YDST_108_HR_2022_2022_2023.csv
2022-10-03,2022,10,3,0,월,0,0,108,18.0,17.0,9.0,8.0,14.291666666666666,24,13.666666666666666,9,13.125,8,0,ENV_YDST_108_HR_2022_2022_2023.csv
2022-10-04,2022,10,4,1,화,0,1,108,18.0,17.0,9.0,8.0,16.1,20,19.11111111111111,9,19.125,8,0,ENV_YDST_108_HR_2022_2022_2023.csv
2022-10-05,2022,10,5,2,수,0,0,108,18.0,17.0,9.0,8.0,19.818181818181817,22,24.22222222222222,9,22.875,8,0,ENV_YDST_108_HR_2022_2022_2023.csv
2022-10-06,2022,10,6,3,목,0,0,108,18.0,17.0,9.0,8.0,9.941176470588236,17,13.0,9,13.428571428571429,8,0,ENV_YDST_108_HR_2022_2022_2023.csv
2022-10-07,2022,10,7,4,금,0,0,108,18.0,17.0,9.0,8.0,14.61111111111111,18,16.375,9,17.142857142857142,8,0,ENV_YDST_108_HR_2022_2022_2023.csv
2022-10-08,2022,10,8,5,토,1,0,108,18.0,17.0,9.0,8.0,15.529411764705882,17,20.75,9,20.0,8,0,ENV_YDST_108_HR_2022_2022_2023.csv
2022-10-09,2022,10,9,6,일,1,0,108,18.0,17.0,9.0,8.0,10.631578947368421,19,11.25,9,12.285714285714286,8,0,ENV_YDST_108_HR_2022_2022_2023.csv
2022-10-10,2022,10,10,0,월,0,0,108,18.0,17.0,9.0,8.0,11.642857142857142,14,15.428571428571429,9,15.428571428571429,8,0,ENV_YDST_108_HR_2022_2022_2023.csv
2022-10-11,2022,10,11,1,화,0,1,108,18.0,17.0,9.0,8.0,24.36842105263158,19,34.22222222222222,9,34.625,8,0,ENV_YDST_108_HR_2022_2022_2023.csv
2022-10-12,2022,10,12,2,수,0,0,108,18.0,17.0,9.0,8.0,25.083333333333332,24,34.77777777777778,9,36.25,8,0,ENV_YDST_108_HR_2022_2022_2023.csv
2022-10-13,2022,10,13,3,목,0,0,108,18.0,17.0,9.0,8.0,23.5,24,28.444444444444443,9,28.5,8,0,ENV_YDST_108_HR_2022_2022_2023.csv
2022-10-14,2022,10,14,4,금,0,0,108,18.0,17.0,9.0,8.0,28.083333333333332,24,30.88888888888889,9,30.625,8,0,ENV_YDST_108_HR_2022_2022_2023.csv
2022-10-15,2022,10,15,5,토,1,0,108,18.0,17.0,9.0,8.0,33.416666666666664,24,36.44444444444444,9,37.125,8,0,ENV_YDST_108_HR_2022_2022_2023.csv
2022-10-16,2022,10,16,6,일,1,0,108,18.0,17.0,9.0,8.0,36.875,24,36.77777777777778,9,36.125,8,0,ENV_YDST_108_HR_2022_2022_2023.csv
2022-10-17,2022,10,17,0,월,0,0,108,18.0,17.0,9.0,8.0,31.59090909090909,22,32.375,9,33.285714285714285,8,0,ENV_YDST_108_HR_2022_2022_2023.csv
2022-10-18,2022,10,18,1,화,0,1,108,18.0,17.0,9.0,8.0,25.142857142857142,21,34.22222222222222,9,35.25,8,0,ENV_YDST_108_HR_2022_2022_2023.csv
2022-10-19,2022,10,19,2,수,0,0,108,18.0,17.0,9.0,8.0,27.375,24,41.44444444444444,9,42.5,8,0,ENV_YDST_108_HR_2022_2022_2023.csv
2022-10-20,2022,10,20,3,목,0,0,108,18.0,17.0,9.0,8.0,38.333333333333336,24,52.55555555555556,9,54.625,8,0,ENV_YDST_108_HR_2022_2022_2023.csv
2022-10-21,2022,10,21,4,금,0,0,108,18.0,17.0,9.0,8.0,49.25,24,54.55555555555556,9,56.625,8,0,ENV_YDST_108_HR_2022_2022_2023.csv
2022-10-22,2022,10,22,5,토,1,0,108,18.0,17.0,9.0,8.0,36.583333333333336,24,38.55555555555556,9,39.375,8,0,ENV_YDST_108_HR_2022_2022_2023.csv
2022-10-23,2022,10,23,6,일,1,0,108,18.0,17.0,9.0,8.0,37.5,24,44.333333333333336,9,47.0,8,0,ENV_YDST_108_HR_2022_2022_2023.csv
2022-10-24,2022,10,24,0,월,0,0,108,18.0,17.0,9.0,8.0,28.333333333333332,24,38.666666666666664,9,40.25,8,0,ENV_YDST_108_HR_2022_2022_2023.csv
2022-10-25,2022,10,25,1,화,0,1,108,18.0,17.0,9.0,8.0,21.705882352941178,17,29.0,9,29.75,8,0,ENV_YDST_108_HR_2022_2022_2023.csv
2022-10-26,2022,10,26,2,수,0,0,108,18.0,17.0,9.0,8.0,26.352941176470587,17,30.11111111111111,9,30.625,8,0,ENV_YDST_108_HR_2022_2022_2023.csv
2022-10-27,2022,10,27,3,목,0,0,108,18.0,17.0,9.0,8.0,30.916666666666668,24,43.77777777777778,9,44.875,8,0,ENV_YDST_108_HR_2022_2022_2023.csv
2022-10-28,2022,10,28,4,금,0,0,108,18.0,17.0,9.0,8.0,42.52173913043478,23,49.25,9,51.142857142857146,8,0,ENV_YDST_108_HR_2022_2022_2023.csv
2022-10-29,2022,10,29,5,토,1,0,108,18.0,17.0,9.0,8.0,26.75,24,31.555555555555557,9,32.75,8,0,ENV_YDST_108_HR_2022_2022_2023.csv
2022-10-30,2022,10,30,6,일,1,0,108,18.0,17.0,9.0,8.0,26.75,24,29.555555555555557,9,31.125,8,0,ENV_YDST_108_HR_2022_2022_2023.csv
2022-10-31,2022,10,31,0,월,0,0,108,18.0,17.0,9.0,8.0,26.875,24,29.11111111111111,9,28.375,8,0,ENV_YDST_108_HR_2022_2022_2023.csv
2022-11-01,2022,11,1,1,화,0,1,108,17.0,16.0,8.0,7.0,42.333333333333336,24,52.875,8,52.142857142857146,7,0,ENV_YDST_108_HR_2022_2022_2023.csv
2022-11-02,2022,11,2,2,수,0,0,108,17.0,16.0,8.0,7.0,33.0,24,49.25,8,50.857142857142854,7,0,ENV_YDST_108_HR_2022_2022_2023.csv
2022-11-03,2022,11,3,3,목,0,0,108,17.0,16.0,8.0,7.0,28.727272727272727,22,48.0,7,45.4,6,0,ENV_YDST_108_HR_2022_2022_2023.csv
2022-11-04,2022,11,4,4,금,0,0,108,17.0,16.0,8.0,7.0,26.541666666666668,24,37.25,8,34.285714285714285,7,0,ENV_YDST_108_HR_2022_2022_2023.csv
2022-11-05,2022,11,5,5,토,1,0,108,17.0,16.0,8.0,7.0,33.958333333333336,24,48.5,8,48.42857142857143,7,0,ENV_YDST_108_HR_2022_2022_2023.csv
2022-11-06,2022,11,6,6,일,1,0,108,17.0,16.0,8.0,7.0,29.0,24,43.625,8,44.142857142857146,7,0,ENV_YDST_108_HR_2022_2022_2023.csv
2022-11-07,2022,11,7,0,월,0,0,108,17.0,16.0,8.0,7.0,35.291666666666664,24,51.875,8,52.57142857142857,7,0,ENV_YDST_108_HR_2022_2022_2023.csv
2022-11-08,2022,11,8,1,화,0,1,108,17.0,16.0,8.0,7.0,40.166666666666664,24,42.5,8,41.57142857142857,7,0,ENV_YDST_108_HR_2022_2022_2023.csv
2022-11-09,2022,11,9,2,수,0,0,108,17.0,16.0,8.0,7.0,64.16666666666667,24,72.375,8,74.14285714285714,7,0,ENV_YDST_108_HR_2022_2022_2023.csv
2022-11-10,2022,11,10,3,목,0,0,108,17.0,16.0,8.0,7.0,69.125,24,79.75,8,77.42857142857143,7,0,ENV_YDST_108_HR_2022_2022_2023.csv
2022-11-11,2022,11,11,4,금,0,0,108,17.0,16.0,8.0,7.0,53.541666666666664,24,52.25,8,53.0,7,0,ENV_YDST_108_HR_2022_2022_2023.csv
2022-11-12,2022,11,12,5,토,1,0,108,17.0,16.0,8.0,7.0,47.04347826086956,23,53.875,8,55.857142857142854,7,0,ENV_YDST_108_HR_2022_2022_2023.csv
2022-11-13,2022,11,13,6,일,1,0,108,17.0,16.0,8.0,7.0,16.956521739130434,23,20.428571428571427,8,19.333333333333332,7,0,ENV_YDST_108_HR_2022_2022_2023.csv
2022-11-14,2022,11,14,0,월,0,0,108,17.0,16.0,8.0,7.0,22.833333333333332,24,39.25,8,40.57142857142857,7,0,ENV_YDST_108_HR_2022_2022_2023.csv
2022-11-15,2022,11,15,1,화,0,1,108,17.0,16.0,8.0,7.0,30.285714285714285,21,45.375,8,45.42857142857143,7,0,ENV_YDST_108_HR_2022_2022_2023.csv
2022-11-16,2022,11,16,2,수,0,0,108,17.0,16.0,8.0,7.0,27.45,20,43.125,8,43.42857142857143,7,0,ENV_YDST_108_HR_2022_2022_2023.csv
2022-11-17,2022,11,17,3,목,0,0,108,17.0,16.0,8.0,7.0,37.458333333333336,24,51.875,8,51.285714285714285,7,0,ENV_YDST_108_HR_2022_2022_2023.csv
2022-11-18,2022,11,18,4,금,0,0,108,17.0,16.0,8.0,7.0,38.041666666666664,24,50.0,8,50.857142857142854,7,0,ENV_YDST_108_HR_2022_2022_2023.csv
2022-11-19,2022,11,19,5,토,1,0,108,17.0,16.0,8.0,7.0,30.791666666666668,24,38.5,8,39.142857142857146,7,0,ENV_YDST_108_HR_2022_2022_2023.csv
2022-11-20,2022,11,20,6,일,1,0,108,17.0,16.0,8.0,7.0,29.916666666666668,24,36.0,8,37.714285714285715,7,0,ENV_YDST_108_HR_2022_2022_2023.csv
2022-11-21,2022,11,21,0,월,0,0,108,17.0,16.0,8.0,7.0,34.791666666666664,24,49.625,8,50.142857142857146,7,0,ENV_YDST_108_HR_2022_2022_2023.csv
2022-11-22,2022,11,22,1,화,0,1,108,17.0,16.0,8.0,7.0,52.208333333333336,24,57.25,8,58.0,7,0,ENV_YDST_108_HR_2022_2022_2023.csv
2022-11-23,2022,11,23,2,수,0,0,108,17.0,16.0,8.0,7.0,38.166666666666664,24,44.5,8,46.285714285714285,7,0,ENV_YDST_108_HR_2022_2022_2023.csv
2022-11-24,2022,11,24,3,목,0,0,108,17.0,16.0,8.0,7.0,48.125,24,63.375,8,64.14285714285714,7,0,ENV_YDST_108_HR_2022_2022_2023.csv
2022-11-25,2022,11,25,4,금,0,0,108,17.0,16.0,8.0,7.0,52.25,24,55.75,8,57.714285714285715,7,0,ENV_YDST_108_HR_2022_2022_2023.csv
2022-11-26,2022,11,26,5,토,1,0,108,17.0,16.0,8.0,7.0,62.90909090909091,22,96.625,8,100.28571428571429,7,1,ENV_YDST_108_HR_2022_2022_2023.csv
2022-11-27,2022,11,27,6,일,1,0,108,17.0,16.0,8.0,7.0,22.47826086956522,23,36.375,8,35.857142857142854,7,0,ENV_YDST_108_HR_2022_2022_2023.csv
2022-11-28,2022,11,28,0,월,0,0,108,17.0,16.0,8.0,7.0,30.208333333333332,24,43.5,8,43.857142857142854,7,0,ENV_YDST_108_HR_2022_2022_2023.csv
2022-11-29,2022,11,29,1,화,0,1,108,17.0,16.0,8.0,7.0,17.818181818181817,22,26.125,8,25.142857142857142,7,0,ENV_YDST_108_HR_2022_2022_2023.csv
2022-11-30,2022,11,30,2,수,0,0,108,17.0,16.0,8.0,7.0,23.291666666666668,24,42.0,8,42.714285714285715,7,0,ENV_YDST_108_HR_2022_2022_2023.csv
2022-12-01,2022,12,1,3,목,0,0,108,17.0,16.0,8.0,7.0,24.782608695652176,23,33.0,8,32.57142857142857,7,0,ENV_YDST_108_HR_2022_2022_2023.csv
2022-12-02,2022,12,2,4,금,0,0,108,17.0,16.0,8.0,7.0,22.833333333333332,24,31.625,8,31.142857142857142,7,0,ENV_YDST_108_HR_2022_2022_2023.csv
2022-12-03,2022,12,3,5,토,1,0,108,17.0,16.0,8.0,7.0,34.5,24,36.125,8,32.57142857142857,7,0,ENV_YDST_108_HR_2022_2022_2023.csv
2022-12-04,2022,12,4,6,일,1,0,108,17.0,16.0,8.0,7.0,17.26086956521739,23,14.5,8,13.142857142857142,7,0,ENV_YDST_108_HR_2022_2022_2023.csv
2022-12-05,2022,12,5,0,월,0,0,108,17.0,16.0,8.0,7.0,20.68421052631579,19,21.0,8,21.0,7,0,ENV_YDST_108_HR_2022_2022_2023.csv
2022-12-06,2022,12,6,1,화,0,1,108,17.0,16.0,8.0,7.0,30.0,24,35.0,8,37.142857142857146,7,0,ENV_YDST_108_HR_2022_2022_2023.csv
2022-12-07,2022,12,7,2,수,0,0,108,17.0,16.0,8.0,7.0,37.041666666666664,24,43.0,8,41.714285714285715,7,0,ENV_YDST_108_HR_2022_2022_2023.csv
2022-12-08,2022,12,8,3,목,0,0,108,17.0,16.0,8.0,7.0,30.916666666666668,24,35.0,8,37.0,7,0,ENV_YDST_108_HR_2022_2022_2023.csv
2022-12-09,2022,12,9,4,금,0,0,108,17.0,16.0,8.0,7.0,38.291666666666664,24,48.125,8,46.857142857142854,7,0,ENV_YDST_108_HR_2022_2022_2023.csv
2022-12-10,2022,12,10,5,토,1,0,108,17.0,16.0,8.0,7.0,36.291666666666664,24,38.375,8,39.142857142857146,7,0,ENV_YDST_108_HR_2022_2022_2023.csv
2022-12-11,2022,12,11,6,일,1,0,108,17.0,16.0,8.0,7.0,42.875,24,50.0,8,52.142857142857146,7,0,ENV_YDST_108_HR_2022_2022_2023.csv
2022-12-12,2022,12,12,0,월,0,0,108,17.0,16.0,8.0,7.0,33.17391304347826,23,44.25,8,46.57142857142857,7,0,ENV_YDST_108_HR_2022_2022_2023.csv
2022-12-13,2022,12,13,1,화,0,1,108,17.0,16.0,8.0,7.0,246.16666666666666,24,387.5,8,413.14285714285717,7,1,ENV_YDST_108_HR_2022_2022_2023.csv
2022-12-14,2022,12,14,2,수,0,0,108,17.0,16.0,8.0,7.0,60.375,24,67.5,8,70.85714285714286,7,0,ENV_YDST_108_HR_2022_2022_2023.csv
2022-12-15,2022,12,15,3,목,0,0,108,17.0,16.0,8.0,7.0,33.791666666666664,24,37.375,8,37.285714285714285,7,0,ENV_YDST_108_HR_2022_2022_2023.csv
2022-12-16,2022,12,16,4,금,0,0,108,17.0,16.0,8.0,7.0,31.041666666666668,24,28.5,8,29.428571428571427,7,0,ENV_YDST_108_HR_2022_2022_2023.csv
2022-12-17,2022,12,17,5,토,1,0,108,17.0,16.0,8.0,7.0,25.625,24,24.125,8,23.428571428571427,7,0,ENV_YDST_108_HR_2022_2022_2023.csv
2022-12-18,2022,12,18,6,일,1,0,108,17.0,16.0,8.0,7.0,22.708333333333332,24,28.625,8,29.0,7,0,ENV_YDST_108_HR_2022_2022_2023.csv
2022-12-19,2022,12,19,0,월,0,0,108,17.0,16.0,8.0,7.0,22.5,24,26.0,8,25.428571428571427,7,0,ENV_YDST_108_HR_2022_2022_2023.csv
2022-12-20,2022,12,20,1,화,0,1,108,17.0,16.0,8.0,7.0,32.6,20,40.4,8,41.75,7,0,ENV_YDST_108_HR_2022_2022_2023.csv
2022-12-21,2022,12,21,2,수,0,0,108,17.0,16.0,8.0,7.0,36.791666666666664,24,30.875,8,28.571428571428573,7,0,ENV_YDST_108_HR_2022_2022_2023.csv
2022-12-22,2022,12,22,3,목,0,0,108,17.0,16.0,8.0,7.0,32.208333333333336,24,26.75,8,26.428571428571427,7,0,ENV_YDST_108_HR_2022_2022_2023.csv
2022-12-23,2022,12,23,4,금,0,0,108,17.0,16.0,8.0,7.0,22.25,24,24.25,8,23.571428571428573,7,0,ENV_YDST_108_HR_2022_2022_2023.csv
2022-12-24,2022,12,24,5,토,1,0,108,17.0,16.0,8.0,7.0,29.791666666666668,24,35.875,8,35.0,7,0,ENV_YDST_108_HR_2022_2022_2023.csv
2022-12-25,2022,12,25,6,일,1,0,108,17.0,16.0,8.0,7.0,40.666666666666664,24,42.0,8,41.0,7,0,ENV_YDST_108_HR_2022_2022_2023.csv
2022-12-26,2022,12,26,0,월,0,0,108,17.0,16.0,8.0,7.0,46.04347826086956,23,62.142857142857146,8,62.0,7,0,ENV_YDST_108_HR_2022_2022_2023.csv
2022-12-27,2022,12,27,1,화,0,1,108,17.0,16.0,8.0,7.0,45.875,24,57.375,8,60.285714285714285,7,0,ENV_YDST_108_HR_2022_2022_2023.csv
2022-12-28,2022,12,28,2,수,0,0,108,17.0,16.0,8.0,7.0,34.708333333333336,24,33.625,8,33.0,7,0,ENV_YDST_108_HR_2022_2022_2023.csv
2022-12-29,2022,12,29,3,목,0,0,108,17.0,16.0,8.0,7.0,30.041666666666668,24,32.25,8,32.0,7,0,ENV_YDST_108_HR_2022_2022_2023.csv
2022-12-30,2022,12,30,4,금,0,0,108,17.0,16.0,8.0,7.0,34.166666666666664,24,35.875,8,36.714285714285715,7,0,ENV_YDST_108_HR_2022_2022_2023.csv
2022-12-31,2022,12,31,5,토,1,0,108,17.0,16.0,8.0,7.0,47.125,24,47.125,8,45.857142857142854,7,0,ENV_YDST_108_HR_2022_2022_2023.csv
2023-01-01,2023,1,1,6,일,1,0,108,17.0,16.0,8.0,7.0,56.791666666666664,24,67.875,8,70.14285714285714,7,0,ENV_YDST_108_HR_2023_2023_2024.csv
2023-01-02,2023,1,2,0,월,0,0,108,17.0,16.0,8.0,7.0,26.0,24,30.75,8,29.714285714285715,7,0,ENV_YDST_108_HR_2023_2023_2024.csv
2023-01-03,2023,1,3,1,화,0,1,108,17.0,16.0,8.0,7.0,29.916666666666668,24,33.875,8,35.42857142857143,7,0,ENV_YDST_108_HR_2023_2023_2024.csv
2023-01-04,2023,1,4,2,수,0,0,108,17.0,16.0,8.0,7.0,34.833333333333336,24,40.25,8,41.142857142857146,7,0,ENV_YDST_108_HR_2023_2023_2024.csv
2023-01-05,2023,1,5,3,목,0,0,108,17.0,16.0,8.0,7.0,46.541666666666664,24,54.25,8,55.142857142857146,7,0,ENV_YDST_108_HR_2023_2023_2024.csv
2023-01-06,2023,1,6,4,금,0,0,108,17.0,16.0,8.0,7.0,71.0,24,68.25,8,65.71428571428571,7,0,ENV_YDST_108_HR_2023_2023_2024.csv
2023-01-07,2023,1,7,5,토,1,0,108,17.0,16.0,8.0,7.0,120.58333333333333,24,128.5,8,125.85714285714286,7,1,ENV_YDST_108_HR_2023_2023_2024.csv
2023-01-08,2023,1,8,6,일,1,0,108,17.0,16.0,8.0,7.0,164.33333333333334,24,165.0,8,168.71428571428572,7,1,ENV_YDST_108_HR_2023_2023_2024.csv
2023-01-09,2023,1,9,0,월,0,0,108,17.0,16.0,8.0,7.0,108.41666666666667,24,136.875,8,142.14285714285714,7,1,ENV_YDST_108_HR_2023_2023_2024.csv
2023-01-10,2023,1,10,1,화,0,1,108,17.0,16.0,8.0,7.0,67.20833333333333,24,70.625,8,69.28571428571429,7,0,ENV_YDST_108_HR_2023_2023_2024.csv
2023-01-11,2023,1,11,2,수,0,0,108,17.0,16.0,8.0,7.0,75.25,24,79.0,8,80.28571428571429,7,0,ENV_YDST_108_HR_2023_2023_2024.csv
2023-01-12,2023,1,12,3,목,0,0,108,17.0,16.0,8.0,7.0,52.083333333333336,24,56.75,8,59.142857142857146,7,0,ENV_YDST_108_HR_2023_2023_2024.csv
2023-01-13,2023,1,13,4,금,0,0,108,17.0,16.0,8.0,7.0,16.208333333333332,24,10.25,8,9.714285714285714,7,0,ENV_YDST_108_HR_2023_2023_2024.csv
2023-01-14,2023,1,14,5,토,1,0,108,17.0,16.0,8.0,7.0,13.5,18,10.375,8,10.857142857142858,7,0,ENV_YDST_108_HR_2023_2023_2024.csv
2023-01-15,2023,1,15,6,일,1,0,108,17.0,16.0,8.0,7.0,18.214285714285715,14,14.428571428571429,8,13.0,7,0,ENV_YDST_108_HR_2023_2023_2024.csv
2023-01-16,2023,1,16,0,월,0,0,108,17.0,16.0,8.0,7.0,23.375,24,26.375,8,26.285714285714285,7,0,ENV_YDST_108_HR_2023_2023_2024.csv
2023-01-17,2023,1,17,1,화,0,1,108,17.0,16.0,8.0,7.0,33.291666666666664,24,39.125,8,37.857142857142854,7,0,ENV_YDST_108_HR_2023_2023_2024.csv
2023-01-18,2023,1,18,2,수,0,0,108,17.0,16.0,8.0,7.0,56.541666666666664,24,74.75,8,77.0,7,0,ENV_YDST_108_HR_2023_2023_2024.csv
2023-01-19,2023,1,19,3,목,0,0,108,17.0,16.0,8.0,7.0,72.625,24,72.125,8,70.71428571428571,7,0,ENV_YDST_108_HR_2023_2023_2024.csv
2023-01-20,2023,1,20,4,금,0,0,108,17.0,16.0,8.0,7.0,77.20833333333333,24,52.5,8,56.142857142857146,7,0,ENV_YDST_108_HR_2023_2023_2024.csv
2023-01-21,2023,1,21,5,토,1,0,108,17.0,16.0,8.0,7.0,28.375,24,30.5,8,31.428571428571427,7,0,ENV_YDST_108_HR_2023_2023_2024.csv
2023-01-22,2023,1,22,6,일,1,0,108,17.0,16.0,8.0,7.0,29.833333333333332,24,29.625,8,27.571428571428573,7,0,ENV_YDST_108_HR_2023_2023_2024.csv
2023-01-23,2023,1,23,0,월,0,0,108,17.0,16.0,8.0,7.0,59.666666666666664,24,63.5,8,61.42857142857143,7,0,ENV_YDST_108_HR_2023_2023_2024.csv
2023-01-24,2023,1,24,1,화,0,1,108,17.0,16.0,8.0,7.0,34.125,24,37.25,8,36.42857142857143,7,0,ENV_YDST_108_HR_2023_2023_2024.csv
2023-01-25,2023,1,25,2,수,0,0,108,17.0,16.0,8.0,7.0,24.125,24,27.375,8,28.0,7,0,ENV_YDST_108_HR_2023_2023_2024.csv
2023-01-26,2023,1,26,3,목,0,0,108,17.0,16.0,8.0,7.0,29.291666666666668,24,27.625,8,27.285714285714285,7,0,ENV_YDST_108_HR_2023_2023_2024.csv
2023-01-27,2023,1,27,4,금,0,0,108,17.0,16.0,8.0,7.0,47.625,24,40.0,8,41.0,7,0,ENV_YDST_108_HR_2023_2023_2024.csv
2023-01-28,2023,1,28,5,토,1,0,108,17.0,16.0,8.0,7.0,43.083333333333336,24,39.75,8,37.0,7,0,ENV_YDST_108_HR_2023_2023_2024.csv
2023-01-29,2023,1,29,6,일,1,0,108,17.0,16.0,8.0,7.0,52.416666666666664,24,47.125,8,44.57142857142857,7,0,ENV_YDST_108_HR_2023_2023_2024.csv
2023-01-30,2023,1,30,0,월,0,0,108,17.0,16.0,8.0,7.0,53.0,24,44.75,8,45.285714285714285,7,0,ENV_YDST_108_HR_2023_2023_2024.csv
2023-01-31,2023,1,31,1,화,0,1,108,17.0,16.0,8.0,7.0,41.375,24,46.5,8,46.285714285714285,7,0,ENV_YDST_108_HR_2023_2023_2024.csv
2023-02-01,2023,2,1,2,수,0,0,108,17.0,16.0,8.0,7.0,62.708333333333336,24,61.25,8,63.142857142857146,7,0,ENV_YDST_108_HR_2023_2023_2024.csv
2023-02-02,2023,2,2,3,목,0,0,108,17.0,16.0,8.0,7.0,50.958333333333336,24,57.375,8,57.285714285714285,7,0,ENV_YDST_108_HR_2023_2023_2024.csv
2023-02-03,2023,2,3,4,금,0,0,108,17.0,16.0,8.0,7.0,43.125,24,48.75,8,50.142857142857146,7,0,ENV_YDST_108_HR_2023_2023_2024.csv
2023-02-04,2023,2,4,5,토,1,0,108,17.0,16.0,8.0,7.0,38.25,24,48.25,8,49.0,7,0,ENV_YDST_108_HR_2023_2023_2024.csv
2023-02-05,2023,2,5,6,일,1,0,108,17.0,16.0,8.0,7.0,63.125,24,66.375,8,65.28571428571429,7,0,ENV_YDST_108_HR_2023_2023_2024.csv
2023-02-06,2023,2,6,0,월,0,0,108,17.0,16.0,8.0,7.0,70.08333333333333,24,71.375,8,68.71428571428571,7,0,ENV_YDST_108_HR_2023_2023_2024.csv
2023-02-07,2023,2,7,1,화,0,1,108,17.0,16.0,8.0,7.0,73.08333333333333,24,73.75,8,70.57142857142857,7,0,ENV_YDST_108_HR_2023_2023_2024.csv
2023-02-08,2023,2,8,2,수,0,0,108,17.0,16.0,8.0,7.0,70.45833333333333,24,71.0,8,73.71428571428571,7,0,ENV_YDST_108_HR_2023_2023_2024.csv
2023-02-09,2023,2,9,3,목,0,0,108,17.0,16.0,8.0,7.0,35.5,24,43.25,8,42.714285714285715,7,0,ENV_YDST_108_HR_2023_2023_2024.csv
2023-02-10,2023,2,10,4,금,0,0,108,17.0,16.0,8.0,7.0,21.333333333333332,24,23.5,8,24.0,7,0,ENV_YDST_108_HR_2023_2023_2024.csv
2023-02-11,2023,2,11,5,토,1,0,108,17.0,16.0,8.0,7.0,39.583333333333336,24,44.125,8,41.857142857142854,7,0,ENV_YDST_108_HR_2023_2023_2024.csv
2023-02-12,2023,2,12,6,일,1,0,108,17.0,16.0,8.0,7.0,67.5,24,68.625,8,65.57142857142857,7,0,ENV_YDST_108_HR_2023_2023_2024.csv
2023-02-13,2023,2,13,0,월,0,0,108,17.0,16.0,8.0,7.0,31.916666666666668,24,32.25,8,31.428571428571427,7,0,ENV_YDST_108_HR_2023_2023_2024.csv
2023-02-14,2023,2,14,1,화,0,1,108,17.0,16.0,8.0,7.0,41.083333333333336,24,50.125,8,50.42857142857143,7,0,ENV_YDST_108_HR_2023_2023_2024.csv
2023-02-15,2023,2,15,2,수,0,0,108,17.0,16.0,8.0,7.0,17.90909090909091,22,21.625,8,21.0,7,0,ENV_YDST_108_HR_2023_2023_2024.csv
2023-02-16,2023,2,16,3,목,0,0,108,17.0,16.0,8.0,7.0,25.833333333333332,24,28.75,8,29.571428571428573,7,0,ENV_YDST_108_HR_2023_2023_2024.csv
2023-02-17,2023,2,17,4,금,0,0,108,17.0,16.0,8.0,7.0,39.041666666666664,24,43.0,8,40.857142857142854,7,0,ENV_YDST_108_HR_2023_2023_2024.csv
2023-02-18,2023,2,18,5,토,1,0,108,17.0,16.0,8.0,7.0,74.58333333333333,24,69.75,8,65.0,7,0,ENV_YDST_108_HR_2023_2023_2024.csv
2023-02-19,2023,2,19,6,일,1,0,108,17.0,16.0,8.0,7.0,41.583333333333336,24,27.875,8,28.857142857142858,7,0,ENV_YDST_108_HR_2023_2023_2024.csv
2023-02-20,2023,2,20,0,월,0,0,108,17.0,16.0,8.0,7.0,46.125,24,62.5,8,66.28571428571429,7,0,ENV_YDST_108_HR_2023_2023_2024.csv
2023-02-21,2023,2,21,1,화,0,1,108,17.0,16.0,8.0,7.0,33.958333333333336,24,38.375,8,38.42857142857143,7,0,ENV_YDST_108_HR_2023_2023_2024.csv
2023-02-22,2023,2,22,2,수,0,0,108,17.0,16.0,8.0,7.0,39.5,24,52.125,8,52.857142857142854,7,0,ENV_YDST_108_HR_2023_2023_2024.csv
2023-02-23,2023,2,23,3,목,0,0,108,17.0,16.0,8.0,7.0,38.91304347826087,23,48.375,8,46.42857142857143,7,0,ENV_YDST_108_HR_2023_2023_2024.csv
2023-02-24,2023,2,24,4,금,0,0,108,17.0,16.0,8.0,7.0,43.0,24,54.25,8,57.285714285714285,7,0,ENV_YDST_108_HR_2023_2023_2024.csv
2023-02-25,2023,2,25,5,토,1,0,108,17.0,16.0,8.0,7.0,42.375,24,45.25,8,45.285714285714285,7,0,ENV_YDST_108_HR_2023_2023_2024.csv
2023-02-26,2023,2,26,6,일,1,0,108,17.0,16.0,8.0,7.0,38.083333333333336,24,38.625,8,39.142857142857146,7,0,ENV_YDST_108_HR_2023_2023_2024.csv
2023-02-27,2023,2,27,0,월,0,0,108,17.0,16.0,8.0,7.0,47.166666666666664,24,60.375,8,56.714285714285715,7,0,ENV_YDST_108_HR_2023_2023_2024.csv
2023-02-28,2023,2,28,1,화,0,1,108,17.0,16.0,8.0,7.0,33.5,24,39.75,8,41.57142857142857,7,0,ENV_YDST_108_HR_2023_2023_2024.csv
2023-03-01,2023,3,1,2,수,0,0,108,18.0,17.0,9.0,8.0,32.291666666666664,24,39.22222222222222,9,37.75,8,0,ENV_YDST_108_HR_2023_2023_2024.csv
2023-03-02,2023,3,2,3,목,0,0,108,18.0,17.0,9.0,8.0,60.208333333333336,24,84.0,9,86.0,8,1,ENV_YDST_108_HR_2023_2023_2024.csv
2023-03-03,2023,3,3,4,금,0,0,108,18.0,17.0,9.0,8.0,43.541666666666664,24,47.77777777777778,9,48.125,8,0,ENV_YDST_108_HR_2023_2023_2024.csv
2023-03-04,2023,3,4,5,토,1,0,108,18.0,17.0,9.0,8.0,64.79166666666667,24,73.55555555555556,9,69.375,8,0,ENV_YDST_108_HR_2023_2023_2024.csv
2023-03-05,2023,3,5,6,일,1,0,108,18.0,17.0,9.0,8.0,61.958333333333336,24,83.66666666666667,9,84.625,8,1,ENV_YDST_108_HR_2023_2023_2024.csv
2023-03-06,2023,3,6,0,월,0,0,108,18.0,17.0,9.0,8.0,49.333333333333336,24,59.666666666666664,9,58.375,8,0,ENV_YDST_108_HR_2023_2023_2024.csv
2023-03-07,2023,3,7,1,화,0,1,108,18.0,17.0,9.0,8.0,59.083333333333336,24,70.55555555555556,9,67.75,8,0,ENV_YDST_108_HR_2023_2023_2024.csv
2023-03-08,2023,3,8,2,수,0,0,108,18.0,17.0,9.0,8.0,60.708333333333336,24,65.55555555555556,9,64.125,8,0,ENV_YDST_108_HR_2023_2023_2024.csv
2023-03-09,2023,3,9,3,목,0,0,108,18.0,17.0,9.0,8.0,57.625,24,61.44444444444444,9,59.625,8,0,ENV_YDST_108_HR_2023_2023_2024.csv
2023-03-10,2023,3,10,4,금,0,0,108,18.0,17.0,9.0,8.0,95.58333333333333,24,107.44444444444444,9,105.0,8,1,ENV_YDST_108_HR_2023_2023_2024.csv
2023-03-11,2023,3,11,5,토,1,0,108,18.0,17.0,9.0,8.0,104.91666666666667,24,124.0,9,124.375,8,1,ENV_YDST_108_HR_2023_2023_2024.csv
2023-03-12,2023,3,12,6,일,1,0,108,18.0,17.0,9.0,8.0,55.04545454545455,22,31.857142857142858,9,23.833333333333332,8,0,ENV_YDST_108_HR_2023_2023_2024.csv
2023-03-13,2023,3,13,0,월,0,0,108,18.0,17.0,9.0,8.0,40.166666666666664,24,41.333333333333336,9,40.5,8,0,ENV_YDST_108_HR_2023_2023_2024.csv
2023-03-14,2023,3,14,1,화,0,1,108,18.0,17.0,9.0,8.0,47.708333333333336,24,66.22222222222223,9,66.625,8,0,ENV_YDST_108_HR_2023_2023_2024.csv
2023-03-15,2023,3,15,2,수,0,0,108,18.0,17.0,9.0,8.0,50.166666666666664,24,31.555555555555557,9,32.0,8,0,ENV_YDST_108_HR_2023_2023_2024.csv
2023-03-16,2023,3,16,3,목,0,0,108,18.0,17.0,9.0,8.0,74.45833333333333,24,70.44444444444444,9,70.375,8,0,ENV_YDST_108_HR_2023_2023_2024.csv
2023-03-17,2023,3,17,4,금,0,0,108,18.0,17.0,9.0,8.0,46.625,24,51.333333333333336,9,51.75,8,0,ENV_YDST_108_HR_2023_2023_2024.csv
2023-03-18,2023,3,18,5,토,1,0,108,18.0,17.0,9.0,8.0,64.45833333333333,24,62.44444444444444,9,58.875,8,0,ENV_YDST_108_HR_2023_2023_2024.csv
2023-03-19,2023,3,19,6,일,1,0,108,18.0,17.0,9.0,8.0,96.33333333333333,24,94.55555555555556,9,94.625,8,1,ENV_YDST_108_HR_2023_2023_2024.csv
2023-03-20,2023,3,20,0,월,0,0,108,18.0,17.0,9.0,8.0,81.875,24,85.88888888888889,9,85.5,8,1,ENV_YDST_108_HR_2023_2023_2024.csv
2023-03-21,2023,3,21,1,화,0,1,108,18.0,17.0,9.0,8.0,54.833333333333336,24,62.666666666666664,9,60.625,8,0,ENV_YDST_108_HR_2023_2023_2024.csv
2023-03-22,2023,3,22,2,수,0,0,108,18.0,17.0,9.0,8.0,62.458333333333336,24,86.66666666666667,9,85.25,8,1,ENV_YDST_108_HR_2023_2023_2024.csv
2023-03-23,2023,3,23,3,목,0,0,108,18.0,17.0,9.0,8.0,121.625,24,67.22222222222223,9,57.25,8,0,ENV_YDST_108_HR_2023_2023_2024.csv
2023-03-24,2023,3,24,4,금,0,0,108,18.0,17.0,9.0,8.0,165.125,24,171.33333333333334,9,169.0,8,1,ENV_YDST_108_HR_2023_2023_2024.csv
2023-03-25,2023,3,25,5,토,1,0,108,18.0,17.0,9.0,8.0,117.45833333333333,24,132.0,9,126.625,8,1,ENV_YDST_108_HR_2023_2023_2024.csv
2023-03-26,2023,3,26,6,일,1,0,108,18.0,17.0,9.0,8.0,72.08333333333333,24,65.22222222222223,9,64.75,8,0,ENV_YDST_108_HR_2023_2023_2024.csv
2023-03-27,2023,3,27,0,월,0,0,108,18.0,17.0,9.0,8.0,50.791666666666664,24,63.55555555555556,9,60.625,8,0,ENV_YDST_108_HR_2023_2023_2024.csv
2023-03-28,2023,3,28,1,화,0,1,108,18.0,17.0,9.0,8.0,64.95833333333333,24,73.0,9,68.125,8,0,ENV_YDST_108_HR_2023_2023_2024.csv
2023-03-29,2023,3,29,2,수,0,0,108,18.0,17.0,9.0,8.0,70.71428571428571,21,82.33333333333333,9,88.6,8,1,ENV_YDST_108_HR_2023_2023_2024.csv
2023-03-30,2023,3,30,3,목,0,0,108,18.0,17.0,9.0,8.0,90.0,24,103.44444444444444,9,100.875,8,1,ENV_YDST_108_HR_2023_2023_2024.csv
2023-03-31,2023,3,31,4,금,0,0,108,18.0,17.0,9.0,8.0,103.58333333333333,24,126.77777777777777,9,123.125,8,1,ENV_YDST_108_HR_2023_2023_2024.csv
2023-04-01,2023,4,1,5,토,1,0,108,18.0,17.0,9.0,8.0,87.66666666666667,24,107.33333333333333,9,107.125,8,1,ENV_YDST_108_HR_2023_2023_2024.csv
2023-04-02,2023,4,2,6,일,1,0,108,18.0,17.0,9.0,8.0,54.125,24,68.0,9,64.625,8,0,ENV_YDST_108_HR_2023_2023_2024.csv
2023-04-03,2023,4,3,0,월,0,0,108,18.0,17.0,9.0,8.0,51.791666666666664,24,78.88888888888889,9,76.75,8,0,ENV_YDST_108_HR_2023_2023_2024.csv
2023-04-04,2023,4,4,1,화,0,1,108,18.0,17.0,9.0,8.0,31.333333333333332,24,42.44444444444444,9,42.125,8,0,ENV_YDST_108_HR_2023_2023_2024.csv
2023-04-05,2023,4,5,2,수,0,0,108,18.0,17.0,9.0,8.0,15.714285714285714,14,10.625,9,10.571428571428571,8,0,ENV_YDST_108_HR_2023_2023_2024.csv
2023-04-06,2023,4,6,3,목,0,0,108,18.0,17.0,9.0,8.0,56.541666666666664,24,45.77777777777778,9,42.25,8,0,ENV_YDST_108_HR_2023_2023_2024.csv
2023-04-07,2023,4,7,4,금,0,0,108,18.0,17.0,9.0,8.0,95.85714285714286,21,83.55555555555556,9,81.375,8,1,ENV_YDST_108_HR_2023_2023_2024.csv
2023-04-08,2023,4,8,5,토,1,0,108,18.0,17.0,9.0,8.0,45.608695652173914,23,56.55555555555556,9,54.125,8,0,ENV_YDST_108_HR_2023_2023_2024.csv
2023-04-09,2023,4,9,6,일,1,0,108,18.0,17.0,9.0,8.0,67.66666666666667,24,93.22222222222223,9,93.75,8,1,ENV_YDST_108_HR_2023_2023_2024.csv
2023-04-10,2023,4,10,0,월,0,0,108,18.0,17.0,9.0,8.0,48.375,24,62.77777777777778,9,62.0,8,0,ENV_YDST_108_HR_2023_2023_2024.csv
2023-04-11,2023,4,11,1,화,0,1,108,18.0,17.0,9.0,8.0,51.458333333333336,24,44.0,9,43.375,8,0,ENV_YDST_108_HR_2023_2023_2024.csv
2023-04-12,2023,4,12,2,수,0,0,108,18.0,17.0,9.0,8.0,338.75,24,327.8888888888889,9,317.375,8,1,ENV_YDST_108_HR_2023_2023_2024.csv
2023-04-13,2023,4,13,3,목,0,0,108,18.0,17.0,9.0,8.0,230.95833333333334,24,236.44444444444446,9,240.875,8,1,ENV_YDST_108_HR_2023_2023_2024.csv
2023-04-14,2023,4,14,4,금,0,0,108,18.0,17.0,9.0,8.0,112.70833333333333,24,109.33333333333333,9,109.75,8,1,ENV_YDST_108_HR_2023_2023_2024.csv
2023-04-15,2023,4,15,5,토,1,0,108,18.0,17.0,9.0,8.0,60.916666666666664,24,51.333333333333336,9,47.75,8,0,ENV_YDST_108_HR_2023_2023_2024.csv
2023-04-16,2023,4,16,6,일,1,0,108,18.0,17.0,9.0,8.0,115.45833333333333,24,147.0,9,147.625,8,1,ENV_YDST_108_HR_2023_2023_2024.csv
2023-04-17,2023,4,17,0,월,0,0,108,18.0,17.0,9.0,8.0,119.25,24,119.11111111111111,9,117.75,8,1,ENV_YDST_108_HR_2023_2023_2024.csv
2023-04-18,2023,4,18,1,화,0,1,108,18.0,17.0,9.0,8.0,56.86363636363637,22,34.333333333333336,9,31.25,8,0,ENV_YDST_108_HR_2023_2023_2024.csv
2023-04-19,2023,4,19,2,수,0,0,108,18.0,17.0,9.0,8.0,44.40909090909091,22,59.333333333333336,9,54.5,8,0,ENV_YDST_108_HR_2023_2023_2024.csv
2023-04-20,2023,4,20,3,목,0,0,108,18.0,17.0,9.0,8.0,16.45,20,18.22222222222222,9,18.75,8,0,ENV_YDST_108_HR_2023_2023_2024.csv
2023-04-21,2023,4,21,4,금,0,0,108,18.0,17.0,9.0,8.0,61.166666666666664,24,77.0,9,73.25,8,0,ENV_YDST_108_HR_2023_2023_2024.csv
2023-04-22,2023,4,22,5,토,1,0,108,18.0,17.0,9.0,8.0,64.25,24,73.22222222222223,9,72.875,8,0,ENV_YDST_108_HR_2023_2023_2024.csv
2023-04-23,2023,4,23,6,일,1,0,108,18.0,17.0,9.0,8.0,57.916666666666664,24,95.11111111111111,9,96.625,8,1,ENV_YDST_108_HR_2023_2023_2024.csv
2023-04-24,2023,4,24,0,월,0,0,108,18.0,17.0,9.0,8.0,60.875,24,86.11111111111111,9,85.125,8,1,ENV_YDST_108_HR_2023_2023_2024.csv
2023-04-25,2023,4,25,1,화,0,1,108,18.0,17.0,9.0,8.0,31.125,24,34.888888888888886,9,36.25,8,0,ENV_YDST_108_HR_2023_2023_2024.csv
2023-04-26,2023,4,26,2,수,0,0,108,18.0,17.0,9.0,8.0,28.541666666666668,24,30.333333333333332,9,29.0,8,0,ENV_YDST_108_HR_2023_2023_2024.csv
2023-04-27,2023,4,27,3,목,0,0,108,18.0,17.0,9.0,8.0,42.875,24,63.0,9,58.875,8,0,ENV_YDST_108_HR_2023_2023_2024.csv
2023-04-28,2023,4,28,4,금,0,0,108,18.0,17.0,9.0,8.0,37.833333333333336,24,55.111111111111114,9,55.75,8,0,ENV_YDST_108_HR_2023_2023_2024.csv
2023-04-29,2023,4,29,5,토,1,0,108,18.0,17.0,9.0,8.0,24.3,20,27.166666666666668,9,16.8,8,0,ENV_YDST_108_HR_2023_2023_2024.csv
2023-04-30,2023,4,30,6,일,1,0,108,18.0,17.0,9.0,8.0,45.041666666666664,24,56.333333333333336,9,52.625,8,0,ENV_YDST_108_HR_2023_2023_2024.csv
2023-05-01,2023,5,1,0,월,0,0,108,18.0,17.0,9.0,8.0,62.888888888888886,9,,0,,0,0,ENV_YDST_108_HR_2023_2023_2024.csv
2023-11-30,2023,11,30,3,목,0,0,108,17.0,16.0,8.0,7.0,17.333333333333332,6,,0,,0,0,ENV_YDST_108_HR_2023_2023_2024.csv
2023-12-01,2023,12,1,4,금,0,0,108,17.0,16.0,8.0,7.0,24.833333333333332,24,27.875,8,28.285714285714285,7,0,ENV_YDST_108_HR_2023_2023_2024.csv
2023-12-02,2023,12,2,5,토,1,0,108,17.0,16.0,8.0,7.0,32.958333333333336,24,39.375,8,41.0,7,0,ENV_YDST_108_HR_2023_2023_2024.csv
2023-12-03,2023,12,3,6,일,1,0,108,17.0,16.0,8.0,7.0,37.291666666666664,24,43.75,8,45.57142857142857,7,0,ENV_YDST_108_HR_2023_2023_2024.csv
2023-12-04,2023,12,4,0,월,0,0,108,17.0,16.0,8.0,7.0,35.958333333333336,24,44.5,8,47.42857142857143,7,0,ENV_YDST_108_HR_2023_2023_2024.csv
2023-12-05,2023,12,5,1,화,0,1,108,17.0,16.0,8.0,7.0,34.791666666666664,24,34.5,8,34.142857142857146,7,0,ENV_YDST_108_HR_2023_2023_2024.csv
2023-12-06,2023,12,6,2,수,0,0,108,17.0,16.0,8.0,7.0,53.0,24,49.0,8,51.285714285714285,7,0,ENV_YDST_108_HR_2023_2023_2024.csv
2023-12-07,2023,12,7,3,목,0,0,108,17.0,16.0,8.0,7.0,69.70833333333333,24,81.25,8,73.85714285714286,7,1,ENV_YDST_108_HR_2023_2023_2024.csv
2023-12-08,2023,12,8,4,금,0,0,108,17.0,16.0,8.0,7.0,97.5,24,116.25,8,116.28571428571429,7,1,ENV_YDST_108_HR_2023_2023_2024.csv
2023-12-09,2023,12,9,5,토,1,0,108,17.0,16.0,8.0,7.0,72.875,24,77.125,8,73.42857142857143,7,0,ENV_YDST_108_HR_2023_2023_2024.csv
2023-12-10,2023,12,10,6,일,1,0,108,17.0,16.0,8.0,7.0,80.25,24,97.125,8,94.85714285714286,7,1,ENV_YDST_108_HR_2023_2023_2024.csv
2023-12-11,2023,12,11,0,월,0,0,108,17.0,16.0,8.0,7.0,8.0,9,5.5,8,5.5,7,0,ENV_YDST_108_HR_2023_2023_2024.csv
2023-12-12,2023,12,12,1,화,0,1,108,17.0,16.0,8.0,7.0,11.0,12,10.0,8,8.6,7,0,ENV_YDST_108_HR_2023_2023_2024.csv
2023-12-13,2023,12,13,2,수,0,0,108,17.0,16.0,8.0,7.0,13.916666666666666,24,17.625,8,17.428571428571427,7,0,ENV_YDST_108_HR_2023_2023_2024.csv
2023-12-14,2023,12,14,3,목,0,0,108,17.0,16.0,8.0,7.0,12.166666666666666,12,12.0,8,12.0,7,0,ENV_YDST_108_HR_2023_2023_2024.csv
2023-12-15,2023,12,15,4,금,0,0,108,17.0,16.0,8.0,7.0,6.909090909090909,11,5.8,8,5.25,7,0,ENV_YDST_108_HR_2023_2023_2024.csv
2023-12-16,2023,12,16,5,토,1,0,108,17.0,16.0,8.0,7.0,26.636363636363637,22,29.333333333333332,8,28.8,7,0,ENV_YDST_108_HR_2023_2023_2024.csv
2023-12-17,2023,12,17,6,일,1,0,108,17.0,16.0,8.0,7.0,16.458333333333332,24,17.375,8,18.142857142857142,7,0,ENV_YDST_108_HR_2023_2023_2024.csv
2023-12-18,2023,12,18,0,월,0,0,108,17.0,16.0,8.0,7.0,14.166666666666666,24,17.0,8,17.0,7,0,ENV_YDST_108_HR_2023_2023_2024.csv
2023-12-19,2023,12,19,1,화,0,1,108,17.0,16.0,8.0,7.0,22.541666666666668,24,28.0,8,27.571428571428573,7,0,ENV_YDST_108_HR_2023_2023_2024.csv
2023-12-20,2023,12,20,2,수,0,0,108,17.0,16.0,8.0,7.0,48.291666666666664,24,62.125,8,65.71428571428571,7,0,ENV_YDST_108_HR_2023_2023_2024.csv
2023-12-21,2023,12,21,3,목,0,0,108,17.0,16.0,8.0,7.0,22.708333333333332,24,26.375,8,26.428571428571427,7,0,ENV_YDST_108_HR_2023_2023_2024.csv
2023-12-22,2023,12,22,4,금,0,0,108,17.0,16.0,8.0,7.0,24.541666666666668,24,25.625,8,24.857142857142858,7,0,ENV_YDST_108_HR_2023_2023_2024.csv
2023-12-23,2023,12,23,5,토,1,0,108,17.0,16.0,8.0,7.0,30.5,24,32.125,8,31.857142857142858,7,0,ENV_YDST_108_HR_2023_2023_2024.csv
2023-12-24,2023,12,24,6,일,1,0,108,17.0,16.0,8.0,7.0,27.166666666666668,24,23.375,8,23.857142857142858,7,0,ENV_YDST_108_HR_2023_2023_2024.csv
2023-12-25,2023,12,25,0,월,0,0,108,17.0,16.0,8.0,7.0,31.75,24,28.875,8,29.857142857142858,7,0,ENV_YDST_108_HR_2023_2023_2024.csv
2023-12-26,2023,12,26,1,화,0,1,108,17.0,16.0,8.0,7.0,43.875,24,41.0,8,41.142857142857146,7,0,ENV_YDST_108_HR_2023_2023_2024.csv
2023-12-27,2023,12,27,2,수,0,0,108,17.0,16.0,8.0,7.0,72.375,24,74.375,8,70.42857142857143,7,0,ENV_YDST_108_HR_2023_2023_2024.csv
2023-12-28,2023,12,28,3,목,0,0,108,17.0,16.0,8.0,7.0,47.130434782608695,23,34.285714285714285,8,34.285714285714285,7,0,ENV_YDST_108_HR_2023_2023_2024.csv
2023-12-29,2023,12,29,4,금,0,0,108,17.0,16.0,8.0,7.0,40.875,24,45.625,8,44.857142857142854,7,0,ENV_YDST_108_HR_2023_2023_2024.csv
2023-12-30,2023,12,30,5,토,1,0,108,17.0,16.0,8.0,7.0,31.083333333333332,24,29.25,8,31.714285714285715,7,0,ENV_YDST_108_HR_2023_2023_2024.csv
2023-12-31,2023,12,31,6,일,1,0,108,17.0,16.0,8.0,7.0,22.8,20,12.2,8,11.75,7,0,ENV_YDST_108_HR_2023_2023_2024.csv
2024-01-01,2024,1,1,0,월,0,0,108,17.0,16.0,8.0,7.0,21.583333333333332,24,19.875,8,20.142857142857142,7,0,ENV_YDST_108_HR_2024_2024_2025.csv
2024-01-02,2024,1,2,1,화,0,1,108,17.0,16.0,8.0,7.0,38.166666666666664,24,37.875,8,39.42857142857143,7,0,ENV_YDST_108_HR_2024_2024_2025.csv
2024-01-03,2024,1,3,2,수,0,0,108,17.0,16.0,8.0,7.0,38.833333333333336,24,44.25,8,47.857142857142854,7,0,ENV_YDST_108_HR_2024_2024_2025.csv
2024-01-04,2024,1,4,3,목,0,0,108,17.0,16.0,8.0,7.0,56.208333333333336,24,59.5,8,60.857142857142854,7,0,ENV_YDST_108_HR_2024_2024_2025.csv
2024-01-05,2024,1,5,4,금,0,0,108,17.0,16.0,8.0,7.0,76.75,24,92.75,8,88.57142857142857,7,1,ENV_YDST_108_HR_2024_2024_2025.csv
2024-01-06,2024,1,6,5,토,1,0,108,17.0,16.0,8.0,7.0,24.666666666666668,24,18.0,8,17.571428571428573,7,0,ENV_YDST_108_HR_2024_2024_2025.csv
2024-01-07,2024,1,7,6,일,1,0,108,17.0,16.0,8.0,7.0,25.833333333333332,24,25.875,8,27.857142857142858,7,0,ENV_YDST_108_HR_2024_2024_2025.csv
2024-01-08,2024,1,8,0,월,0,0,108,17.0,16.0,8.0,7.0,23.5,24,28.875,8,28.857142857142858,7,0,ENV_YDST_108_HR_2024_2024_2025.csv
2024-01-09,2024,1,9,1,화,0,1,108,17.0,16.0,8.0,7.0,29.416666666666668,24,32.875,8,32.142857142857146,7,0,ENV_YDST_108_HR_2024_2024_2025.csv
2024-01-10,2024,1,10,2,수,0,0,108,17.0,16.0,8.0,7.0,60.708333333333336,24,58.25,8,58.285714285714285,7,0,ENV_YDST_108_HR_2024_2024_2025.csv
2024-01-11,2024,1,11,3,목,0,0,108,17.0,16.0,8.0,7.0,57.166666666666664,24,44.375,8,46.142857142857146,7,0,ENV_YDST_108_HR_2024_2024_2025.csv
2024-01-12,2024,1,12,4,금,0,0,108,17.0,16.0,8.0,7.0,53.458333333333336,24,50.875,8,53.57142857142857,7,0,ENV_YDST_108_HR_2024_2024_2025.csv
2024-01-13,2024,1,13,5,토,1,0,108,17.0,16.0,8.0,7.0,26.75,24,29.875,8,28.857142857142858,7,0,ENV_YDST_108_HR_2024_2024_2025.csv
2024-01-14,2024,1,14,6,일,1,0,108,17.0,16.0,8.0,7.0,31.583333333333332,24,30.375,8,30.857142857142858,7,0,ENV_YDST_108_HR_2024_2024_2025.csv
2024-01-15,2024,1,15,0,월,0,0,108,17.0,16.0,8.0,7.0,24.416666666666668,24,26.75,8,27.285714285714285,7,0,ENV_YDST_108_HR_2024_2024_2025.csv
2024-01-16,2024,1,16,1,화,0,1,108,17.0,16.0,8.0,7.0,31.375,24,35.0,8,35.142857142857146,7,0,ENV_YDST_108_HR_2024_2024_2025.csv
2024-01-17,2024,1,17,2,수,0,0,108,17.0,16.0,8.0,7.0,26.916666666666668,24,31.625,8,33.42857142857143,7,0,ENV_YDST_108_HR_2024_2024_2025.csv
2024-01-18,2024,1,18,3,목,0,0,108,17.0,16.0,8.0,7.0,20.875,24,22.375,8,22.714285714285715,7,0,ENV_YDST_108_HR_2024_2024_2025.csv
2024-01-19,2024,1,19,4,금,0,0,108,17.0,16.0,8.0,7.0,16.80952380952381,21,14.625,8,14.714285714285714,7,0,ENV_YDST_108_HR_2024_2024_2025.csv
2024-01-20,2024,1,20,5,토,1,0,108,17.0,16.0,8.0,7.0,7.785714285714286,14,5.857142857142857,8,5.666666666666667,7,0,ENV_YDST_108_HR_2024_2024_2025.csv
2024-01-21,2024,1,21,6,일,1,0,108,17.0,16.0,8.0,7.0,16.235294117647058,17,10.0,8,9.5,7,0,ENV_YDST_108_HR_2024_2024_2025.csv
2024-01-22,2024,1,22,0,월,0,0,108,17.0,16.0,8.0,7.0,33.75,24,29.375,8,28.428571428571427,7,0,ENV_YDST_108_HR_2024_2024_2025.csv
2024-01-23,2024,1,23,1,화,0,1,108,17.0,16.0,8.0,7.0,24.375,24,24.25,8,24.285714285714285,7,0,ENV_YDST_108_HR_2024_2024_2025.csv
2024-01-24,2024,1,24,2,수,0,0,108,17.0,16.0,8.0,7.0,27.458333333333332,24,27.625,8,27.142857142857142,7,0,ENV_YDST_108_HR_2024_2024_2025.csv
2024-01-25,2024,1,25,3,목,0,0,108,17.0,16.0,8.0,7.0,24.458333333333332,24,25.875,8,24.857142857142858,7,0,ENV_YDST_108_HR_2024_2024_2025.csv
2024-01-26,2024,1,26,4,금,0,0,108,17.0,16.0,8.0,7.0,31.375,24,39.125,8,37.285714285714285,7,0,ENV_YDST_108_HR_2024_2024_2025.csv
2024-01-27,2024,1,27,5,토,1,0,108,17.0,16.0,8.0,7.0,41.5,24,46.875,8,45.285714285714285,7,0,ENV_YDST_108_HR_2024_2024_2025.csv
2024-01-28,2024,1,28,6,일,1,0,108,17.0,16.0,8.0,7.0,28.875,24,26.75,8,27.428571428571427,7,0,ENV_YDST_108_HR_2024_2024_2025.csv
2024-01-29,2024,1,29,0,월,0,0,108,17.0,16.0,8.0,7.0,38.458333333333336,24,43.375,8,43.57142857142857,7,0,ENV_YDST_108_HR_2024_2024_2025.csv
2024-01-30,2024,1,30,1,화,0,1,108,17.0,16.0,8.0,7.0,51.541666666666664,24,52.75,8,54.857142857142854,7,0,ENV_YDST_108_HR_2024_2024_2025.csv
2024-01-31,2024,1,31,2,수,0,0,108,17.0,16.0,8.0,7.0,48.333333333333336,24,52.75,8,54.57142857142857,7,0,ENV_YDST_108_HR_2024_2024_2025.csv
2024-02-01,2024,2,1,3,목,0,0,108,17.0,16.0,8.0,7.0,81.82608695652173,23,92.25,8,95.14285714285714,7,1,ENV_YDST_108_HR_2024_2024_2025.csv
2024-02-02,2024,2,2,4,금,0,0,108,17.0,16.0,8.0,7.0,39.04545454545455,22,39.0,8,32.857142857142854,7,0,ENV_YDST_108_HR_2024_2024_2025.csv
2024-02-03,2024,2,3,5,토,1,0,108,17.0,16.0,8.0,7.0,28.916666666666668,24,19.875,8,19.428571428571427,7,0,ENV_YDST_108_HR_2024_2024_2025.csv
2024-02-04,2024,2,4,6,일,1,0,108,17.0,16.0,8.0,7.0,22.714285714285715,21,18.25,8,17.142857142857142,7,0,ENV_YDST_108_HR_2024_2024_2025.csv
2024-02-05,2024,2,5,0,월,0,0,108,17.0,16.0,8.0,7.0,8.2,15,5.6,8,5.75,7,0,ENV_YDST_108_HR_2024_2024_2025.csv
2024-02-06,2024,2,6,1,화,0,1,108,17.0,16.0,8.0,7.0,14.08695652173913,23,15.714285714285714,8,15.833333333333334,7,0,ENV_YDST_108_HR_2024_2024_2025.csv
2024-02-07,2024,2,7,2,수,0,0,108,17.0,16.0,8.0,7.0,34.583333333333336,24,35.125,8,35.57142857142857,7,0,ENV_YDST_108_HR_2024_2024_2025.csv
2024-02-08,2024,2,8,3,목,0,0,108,17.0,16.0,8.0,7.0,37.958333333333336,24,47.0,8,47.285714285714285,7,0,ENV_YDST_108_HR_2024_2024_2025.csv
2024-02-09,2024,2,9,4,금,0,0,108,17.0,16.0,8.0,7.0,33.125,24,36.75,8,38.0,7,0,ENV_YDST_108_HR_2024_2024_2025.csv
2024-02-10,2024,2,10,5,토,1,0,108,17.0,16.0,8.0,7.0,43.666666666666664,24,52.25,8,52.142857142857146,7,0,ENV_YDST_108_HR_2024_2024_2025.csv
2024-02-11,2024,2,11,6,일,1,0,108,17.0,16.0,8.0,7.0,68.79166666666667,24,49.0,8,46.285714285714285,7,0,ENV_YDST_108_HR_2024_2024_2025.csv
2024-02-12,2024,2,12,0,월,0,0,108,17.0,16.0,8.0,7.0,65.33333333333333,24,70.5,8,71.28571428571429,7,0,ENV_YDST_108_HR_2024_2024_2025.csv
2024-02-13,2024,2,13,1,화,0,1,108,17.0,16.0,8.0,7.0,73.04166666666667,24,83.125,8,86.14285714285714,7,1,ENV_YDST_108_HR_2024_2024_2025.csv
2024-02-14,2024,2,14,2,수,0,0,108,17.0,16.0,8.0,7.0,50.791666666666664,24,54.25,8,54.42857142857143,7,0,ENV_YDST_108_HR_2024_2024_2025.csv
2024-02-15,2024,2,15,3,목,0,0,108,17.0,16.0,8.0,7.0,18.047619047619047,21,10.0,8,10.25,7,0,ENV_YDST_108_HR_2024_2024_2025.csv
2024-02-16,2024,2,16,4,금,0,0,108,17.0,16.0,8.0,7.0,28.608695652173914,23,24.857142857142858,8,23.5,7,0,ENV_YDST_108_HR_2024_2024_2025.csv
2024-02-17,2024,2,17,5,토,1,0,108,17.0,16.0,8.0,7.0,36.208333333333336,24,29.0,8,27.142857142857142,7,0,ENV_YDST_108_HR_2024_2024_2025.csv
2024-02-18,2024,2,18,6,일,1,0,108,17.0,16.0,8.0,7.0,26.52173913043478,23,21.625,8,22.285714285714285,7,0,ENV_YDST_108_HR_2024_2024_2025.csv
2024-02-19,2024,2,19,0,월,0,0,108,17.0,16.0,8.0,7.0,12.157894736842104,19,12.625,8,12.428571428571429,7,0,ENV_YDST_108_HR_2024_2024_2025.csv
2024-02-20,2024,2,20,1,화,0,1,108,17.0,16.0,8.0,7.0,37.78947368421053,19,41.375,8,45.42857142857143,7,0,ENV_YDST_108_HR_2024_2024_2025.csv
2024-02-21,2024,2,21,2,수,0,0,108,17.0,16.0,8.0,7.0,5.375,8,5.666666666666667,8,5.666666666666667,7,0,ENV_YDST_108_HR_2024_2024_2025.csv
2024-02-22,2024,2,22,3,목,0,0,108,17.0,16.0,8.0,7.0,7.333333333333333,15,8.857142857142858,8,8.5,7,0,ENV_YDST_108_HR_2024_2024_2025.csv
2024-02-23,2024,2,23,4,금,0,0,108,17.0,16.0,8.0,7.0,11.136363636363637,22,13.571428571428571,8,13.833333333333334,7,0,ENV_YDST_108_HR_2024_2024_2025.csv
2024-02-24,2024,2,24,5,토,1,0,108,17.0,16.0,8.0,7.0,14.136363636363637,22,18.375,8,17.714285714285715,7,0,ENV_YDST_108_HR_2024_2024_2025.csv
2024-02-25,2024,2,25,6,일,1,0,108,17.0,16.0,8.0,7.0,14.208333333333334,24,11.0,8,11.571428571428571,7,0,ENV_YDST_108_HR_2024_2024_2025.csv
2024-02-26,2024,2,26,0,월,0,0,108,17.0,16.0,8.0,7.0,33.69565217391305,23,28.5,8,29.0,7,0,ENV_YDST_108_HR_2024_2024_2025.csv
2024-02-27,2024,2,27,1,화,0,1,108,17.0,16.0,8.0,7.0,18.958333333333332,24,25.25,8,24.714285714285715,7,0,ENV_YDST_108_HR_2024_2024_2025.csv
2024-02-28,2024,2,28,2,수,0,0,108,17.0,16.0,8.0,7.0,32.791666666666664,24,38.375,8,39.0,7,0,ENV_YDST_108_HR_2024_2024_2025.csv
2024-02-29,2024,2,29,3,목,0,0,108,17.0,16.0,8.0,7.0,51.625,24,44.375,8,42.42857142857143,7,0,ENV_YDST_108_HR_2024_2024_2025.csv
2024-03-01,2024,3,1,4,금,0,0,108,18.0,17.0,9.0,8.0,41.541666666666664,24,43.333333333333336,9,44.25,8,0,ENV_YDST_108_HR_2024_2024_2025.csv
2024-03-02,2024,3,2,5,토,1,0,108,18.0,17.0,9.0,8.0,41.666666666666664,24,47.22222222222222,9,48.875,8,0,ENV_YDST_108_HR_2024_2024_2025.csv
2024-03-03,2024,3,3,6,일,1,0,108,18.0,17.0,9.0,8.0,114.25,24,125.66666666666667,9,127.5,8,1,ENV_YDST_108_HR_2024_2024_2025.csv
2024-03-04,2024,3,4,0,월,0,0,108,18.0,17.0,9.0,8.0,69.79166666666667,24,48.333333333333336,9,45.0,8,0,ENV_YDST_108_HR_2024_2024_2025.csv
2024-03-05,2024,3,5,1,화,0,1,108,18.0,17.0,9.0,8.0,42.666666666666664,21,49.55555555555556,9,50.25,8,0,ENV_YDST_108_HR_2024_2024_2025.csv
2024-03-06,2024,3,6,2,수,0,0,108,18.0,17.0,9.0,8.0,14.333333333333334,21,18.333333333333332,9,18.0,8,0,ENV_YDST_108_HR_2024_2024_2025.csv
2024-03-07,2024,3,7,3,목,0,0,108,18.0,17.0,9.0,8.0,27.916666666666668,24,36.77777777777778,9,37.75,8,0,ENV_YDST_108_HR_2024_2024_2025.csv
2024-03-08,2024,3,8,4,금,0,0,108,18.0,17.0,9.0,8.0,42.208333333333336,24,41.77777777777778,9,43.125,8,0,ENV_YDST_108_HR_2024_2024_2025.csv
2024-03-09,2024,3,9,5,토,1,0,108,18.0,17.0,9.0,8.0,35.916666666666664,24,36.666666666666664,9,36.5,8,0,ENV_YDST_108_HR_2024_2024_2025.csv
2024-03-10,2024,3,10,6,일,1,0,108,18.0,17.0,9.0,8.0,29.625,24,37.888888888888886,9,38.5,8,0,ENV_YDST_108_HR_2024_2024_2025.csv
2024-03-11,2024,3,11,0,월,0,0,108,18.0,17.0,9.0,8.0,28.75,24,33.44444444444444,9,33.625,8,0,ENV_YDST_108_HR_2024_2024_2025.csv
2024-03-12,2024,3,12,1,화,0,1,108,18.0,17.0,9.0,8.0,26.208333333333332,24,26.555555555555557,9,25.625,8,0,ENV_YDST_108_HR_2024_2024_2025.csv
2024-03-13,2024,3,13,2,수,0,0,108,18.0,17.0,9.0,8.0,44.833333333333336,24,56.333333333333336,9,53.125,8,0,ENV_YDST_108_HR_2024_2024_2025.csv
2024-03-14,2024,3,14,3,목,0,0,108,18.0,17.0,9.0,8.0,57.916666666666664,24,64.33333333333333,9,63.75,8,0,ENV_YDST_108_HR_2024_2024_2025.csv
2024-03-15,2024,3,15,4,금,0,0,108,18.0,17.0,9.0,8.0,39.958333333333336,24,43.22222222222222,9,41.375,8,0,ENV_YDST_108_HR_2024_2024_2025.csv
2024-03-16,2024,3,16,5,토,1,0,108,18.0,17.0,9.0,8.0,37.26086956521739,23,49.888888888888886,9,50.25,8,0,ENV_YDST_108_HR_2024_2024_2025.csv
2024-03-17,2024,3,17,6,일,1,0,108,18.0,17.0,9.0,8.0,103.45833333333333,24,211.11111111111111,9,208.625,8,1,ENV_YDST_108_HR_2024_2024_2025.csv
2024-03-18,2024,3,18,0,월,0,0,108,18.0,17.0,9.0,8.0,27.5,20,35.44444444444444,9,36.0,8,0,ENV_YDST_108_HR_2024_2024_2025.csv
2024-03-19,2024,3,19,1,화,0,1,108,18.0,17.0,9.0,8.0,49.625,24,71.77777777777777,9,71.5,8,0,ENV_YDST_108_HR_2024_2024_2025.csv
2024-03-20,2024,3,20,2,수,0,0,108,18.0,17.0,9.0,8.0,39.666666666666664,24,41.77777777777778,9,40.875,8,0,ENV_YDST_108_HR_2024_2024_2025.csv
2024-03-21,2024,3,21,3,목,0,0,108,18.0,17.0,9.0,8.0,35.958333333333336,24,40.55555555555556,9,39.875,8,0,ENV_YDST_108_HR_2024_2024_2025.csv
2024-03-22,2024,3,22,4,금,0,0,108,18.0,17.0,9.0,8.0,42.666666666666664,24,56.333333333333336,9,56.0,8,0,ENV_YDST_108_HR_2024_2024_2025.csv
2024-03-23,2024,3,23,5,토,1,0,108,18.0,17.0,9.0,8.0,62.708333333333336,24,78.0,9,78.125,8,0,ENV_YDST_108_HR_2024_2024_2025.csv
2024-03-24,2024,3,24,6,일,1,0,108,18.0,17.0,9.0,8.0,39.291666666666664,24,51.44444444444444,9,48.625,8,0,ENV_YDST_108_HR_2024_2024_2025.csv
2024-03-25,2024,3,25,0,월,0,0,108,18.0,17.0,9.0,8.0,16.88888888888889,18,14.555555555555555,9,15.75,8,0,ENV_YDST_108_HR_2024_2024_2025.csv
2024-03-26,2024,3,26,1,화,0,1,108,18.0,17.0,9.0,8.0,12.23076923076923,13,19.2,9,16.25,8,0,ENV_YDST_108_HR_2024_2024_2025.csv
2024-03-27,2024,3,27,2,수,0,0,108,18.0,17.0,9.0,8.0,23.294117647058822,17,37.5,9,37.5,8,0,ENV_YDST_108_HR_2024_2024_2025.csv
2024-03-28,2024,3,28,3,목,0,0,108,18.0,17.0,9.0,8.0,18.818181818181817,22,18.0,9,17.5,8,0,ENV_YDST_108_HR_2024_2024_2025.csv
2024-03-29,2024,3,29,4,금,0,0,108,18.0,17.0,9.0,8.0,281.5416666666667,24,259.3333333333333,9,277.125,8,1,ENV_YDST_108_HR_2024_2024_2025.csv
2024-03-30,2024,3,30,5,토,1,0,108,18.0,17.0,9.0,8.0,104.20833333333333,24,118.66666666666667,9,107.375,8,1,ENV_YDST_108_HR_2024_2024_2025.csv
2024-03-31,2024,3,31,6,일,1,0,108,18.0,17.0,9.0,8.0,50.541666666666664,24,66.11111111111111,9,65.875,8,0,ENV_YDST_108_HR_2024_2024_2025.csv
2024-04-01,2024,4,1,0,월,0,0,108,18.0,17.0,9.0,8.0,49.17391304347826,23,67.44444444444444,9,66.5,8,0,ENV_YDST_108_HR_2024_2024_2025.csv
2024-04-02,2024,4,2,1,화,0,1,108,18.0,17.0,9.0,8.0,52.458333333333336,24,78.55555555555556,9,76.75,8,0,ENV_YDST_108_HR_2024_2024_2025.csv
2024-04-03,2024,4,3,2,수,0,0,108,18.0,17.0,9.0,8.0,36.458333333333336,24,40.111111111111114,9,40.75,8,0,ENV_YDST_108_HR_2024_2024_2025.csv
2024-04-04,2024,4,4,3,목,0,0,108,18.0,17.0,9.0,8.0,34.041666666666664,24,51.55555555555556,9,51.0,8,0,ENV_YDST_108_HR_2024_2024_2025.csv
2024-04-05,2024,4,5,4,금,0,0,108,18.0,17.0,9.0,8.0,43.041666666666664,24,55.111111111111114,9,54.0,8,0,ENV_YDST_108_HR_2024_2024_2025.csv
2024-04-06,2024,4,6,5,토,1,0,108,18.0,17.0,9.0,8.0,59.625,24,72.66666666666667,9,71.375,8,0,ENV_YDST_108_HR_2024_2024_2025.csv
2024-04-07,2024,4,7,6,일,1,0,108,18.0,17.0,9.0,8.0,55.30434782608695,23,73.55555555555556,9,70.875,8,0,ENV_YDST_108_HR_2024_2024_2025.csv
2024-04-08,2024,4,8,0,월,0,0,108,18.0,17.0,9.0,8.0,48.5,24,74.0,9,71.125,8,0,ENV_YDST_108_HR_2024_2024_2025.csv
2024-04-09,2024,4,9,1,화,0,1,108,18.0,17.0,9.0,8.0,49.18181818181818,22,54.0,9,51.375,8,0,ENV_YDST_108_HR_2024_2024_2025.csv
2024-04-10,2024,4,10,2,수,0,0,108,18.0,17.0,9.0,8.0,46.476190476190474,21,67.55555555555556,9,66.625,8,0,ENV_YDST_108_HR_2024_2024_2025.csv
2024-04-11,2024,4,11,3,목,0,0,108,18.0,17.0,9.0,8.0,52.125,24,67.0,9,64.375,8,0,ENV_YDST_108_HR_2024_2024_2025.csv
2024-04-12,2024,4,12,4,금,0,0,108,18.0,17.0,9.0,8.0,50.875,24,72.33333333333333,9,71.375,8,0,ENV_YDST_108_HR_2024_2024_2025.csv
2024-04-13,2024,4,13,5,토,1,0,108,18.0,17.0,9.0,8.0,48.75,20,76.11111111111111,9,73.625,8,0,ENV_YDST_108_HR_2024_2024_2025.csv
2024-04-14,2024,4,14,6,일,1,0,108,18.0,17.0,9.0,8.0,44.0,24,56.333333333333336,9,55.625,8,0,ENV_YDST_108_HR_2024_2024_2025.csv
2024-04-15,2024,4,15,0,월,0,0,108,18.0,17.0,9.0,8.0,23.61904761904762,21,18.875,9,20.714285714285715,8,0,ENV_YDST_108_HR_2024_2024_2025.csv
2024-04-16,2024,4,16,1,화,0,1,108,18.0,17.0,9.0,8.0,99.0,20,112.22222222222223,9,104.0,8,1,ENV_YDST_108_HR_2024_2024_2025.csv
2024-04-17,2024,4,17,2,수,0,0,108,18.0,17.0,9.0,8.0,149.58333333333334,24,178.11111111111111,9,165.5,8,1,ENV_YDST_108_HR_2024_2024_2025.csv
2024-04-18,2024,4,18,3,목,0,0,108,18.0,17.0,9.0,8.0,140.54166666666666,24,167.33333333333334,9,175.25,8,1,ENV_YDST_108_HR_2024_2024_2025.csv
2024-04-19,2024,4,19,4,금,0,0,108,18.0,17.0,9.0,8.0,103.75,24,118.11111111111111,9,117.625,8,1,ENV_YDST_108_HR_2024_2024_2025.csv
2024-04-20,2024,4,20,5,토,1,0,108,18.0,17.0,9.0,8.0,72.0,20,48.333333333333336,9,52.25,8,0,ENV_YDST_108_HR_2024_2024_2025.csv
2024-04-21,2024,4,21,6,일,1,0,108,18.0,17.0,9.0,8.0,26.176470588235293,17,23.11111111111111,9,22.0,8,0,ENV_YDST_108_HR_2024_2024_2025.csv
2024-04-22,2024,4,22,0,월,0,0,108,18.0,17.0,9.0,8.0,33.625,24,36.333333333333336,9,36.625,8,0,ENV_YDST_108_HR_2024_2024_2025.csv
2024-04-23,2024,4,23,1,화,0,1,108,18.0,17.0,9.0,8.0,22.375,24,30.11111111111111,9,31.125,8,0,ENV_YDST_108_HR_2024_2024_2025.csv
2024-04-24,2024,4,24,2,수,0,0,108,18.0,17.0,9.0,8.0,15.944444444444445,18,19.833333333333332,9,20.4,8,0,ENV_YDST_108_HR_2024_2024_2025.csv
2024-04-25,2024,4,25,3,목,0,0,108,18.0,17.0,9.0,8.0,30.875,24,39.55555555555556,9,36.375,8,0,ENV_YDST_108_HR_2024_2024_2025.csv
2024-04-26,2024,4,26,4,금,0,0,108,18.0,17.0,9.0,8.0,68.95833333333333,24,88.55555555555556,9,74.875,8,1,ENV_YDST_108_HR_2024_2024_2025.csv
2024-04-27,2024,4,27,5,토,1,0,108,18.0,17.0,9.0,8.0,51.25,24,71.0,9,72.25,8,0,ENV_YDST_108_HR_2024_2024_2025.csv
2024-04-28,2024,4,28,6,일,1,0,108,18.0,17.0,9.0,8.0,39.916666666666664,24,44.666666666666664,9,43.875,8,0,ENV_YDST_108_HR_2024_2024_2025.csv
2024-04-29,2024,4,29,0,월,0,0,108,18.0,17.0,9.0,8.0,46.5,24,51.888888888888886,9,53.25,8,0,ENV_YDST_108_HR_2024_2024_2025.csv
2024-04-30,2024,4,30,1,화,0,1,108,18.0,17.0,9.0,8.0,62.0,24,72.88888888888889,9,75.0,8,0,ENV_YDST_108_HR_2024_2024_2025.csv
2024-05-01,2024,5,1,2,수,0,0,108,18.0,17.0,9.0,8.0,32.416666666666664,24,29.88888888888889,9,29.75,8,0,ENV_YDST_108_HR_2024_2024_2025.csv
2024-05-02,2024,5,2,3,목,0,0,108,18.0,17.0,9.0,8.0,38.541666666666664,24,50.77777777777778,9,52.75,8,0,ENV_YDST_108_HR_2024_2024_2025.csv
2024-05-03,2024,5,3,4,금,0,0,108,18.0,17.0,9.0,8.0,47.791666666666664,24,56.666666666666664,9,56.375,8,0,ENV_YDST_108_HR_2024_2024_2025.csv
2024-05-04,2024,5,4,5,토,1,0,108,18.0,17.0,9.0,8.0,53.333333333333336,24,64.66666666666667,9,64.5,8,0,ENV_YDST_108_HR_2024_2024_2025.csv
2024-05-05,2024,5,5,6,일,1,0,108,18.0,17.0,9.0,8.0,25.3,20,18.77777777777778,9,20.375,8,0,ENV_YDST_108_HR_2024_2024_2025.csv
2024-05-06,2024,5,6,0,월,0,0,108,18.0,17.0,9.0,8.0,11.5,16,8.0,9,8.0,8,0,ENV_YDST_108_HR_2024_2024_2025.csv
2024-05-07,2024,5,7,1,화,0,1,108,18.0,17.0,9.0,8.0,23.636363636363637,22,16.571428571428573,9,16.666666666666668,8,0,ENV_YDST_108_HR_2024_2024_2025.csv
2024-05-08,2024,5,8,2,수,0,0,108,18.0,17.0,9.0,8.0,25.434782608695652,23,35.333333333333336,9,35.875,8,0,ENV_YDST_108_HR_2024_2024_2025.csv
2024-05-09,2024,5,9,3,목,0,0,108,18.0,17.0,9.0,8.0,34.5,24,44.44444444444444,9,43.875,8,0,ENV_YDST_108_HR_2024_2024_2025.csv
2024-05-10,2024,5,10,4,금,0,0,108,18.0,17.0,9.0,8.0,30.666666666666668,24,40.55555555555556,9,40.875,8,0,ENV_YDST_108_HR_2024_2024_2025.csv
2024-05-11,2024,5,11,5,토,1,0,108,18.0,17.0,9.0,8.0,23.217391304347824,23,35.22222222222222,9,38.125,8,0,ENV_YDST_108_HR_2024_2024_2025.csv
2024-05-12,2024,5,12,6,일,1,0,108,18.0,17.0,9.0,8.0,74.54166666666667,24,116.66666666666667,9,118.75,8,1,ENV_YDST_108_HR_2024_2024_2025.csv
2024-05-13,2024,5,13,0,월,0,0,108,18.0,17.0,9.0,8.0,33.5,24,42.77777777777778,9,42.625,8,0,ENV_YDST_108_HR_2024_2024_2025.csv
2024-05-14,2024,5,14,1,화,0,1,108,18.0,17.0,9.0,8.0,28.666666666666668,24,32.888888888888886,9,33.875,8,0,ENV_YDST_108_HR_2024_2024_2025.csv
2024-05-15,2024,5,15,2,수,0,0,108,18.0,17.0,9.0,8.0,36.5,16,43.857142857142854,9,43.857142857142854,8,0,ENV_YDST_108_HR_2024_2024_2025.csv
2024-05-16,2024,5,16,3,목,0,0,108,18.0,17.0,9.0,8.0,34.0625,16,38.666666666666664,9,39.625,8,0,ENV_YDST_108_HR_2024_2024_2025.csv
2024-05-17,2024,5,17,4,금,0,0,108,18.0,17.0,9.0,8.0,41.44444444444444,9,58.0,9,75.0,8,0,ENV_YDST_108_HR_2024_2024_2025.csv
2024-05-18,2024,5,18,5,토,1,0,108,18.0,17.0,9.0,8.0,27.708333333333332,24,33.0,9,32.125,8,0,ENV_YDST_108_HR_2024_2024_2025.csv
2024-05-19,2024,5,19,6,일,1,0,108,18.0,17.0,9.0,8.0,25.041666666666668,24,28.666666666666668,9,27.25,8,0,ENV_YDST_108_HR_2024_2024_2025.csv
2024-05-20,2024,5,20,0,월,0,0,108,18.0,17.0,9.0,8.0,29.916666666666668,24,30.666666666666668,9,31.875,8,0,ENV_YDST_108_HR_2024_2024_2025.csv
2024-05-21,2024,5,21,1,화,0,1,108,18.0,17.0,9.0,8.0,38.541666666666664,24,29.77777777777778,9,29.5,8,0,ENV_YDST_108_HR_2024_2024_2025.csv
2024-05-22,2024,5,22,2,수,0,0,108,18.0,17.0,9.0,8.0,47.708333333333336,24,44.888888888888886,9,45.875,8,0,ENV_YDST_108_HR_2024_2024_2025.csv
2024-05-23,2024,5,23,3,목,0,0,108,18.0,17.0,9.0,8.0,31.291666666666668,24,34.44444444444444,9,35.125,8,0,ENV_YDST_108_HR_2024_2024_2025.csv
2024-05-24,2024,5,24,4,금,0,0,108,18.0,17.0,9.0,8.0,33.541666666666664,24,41.111111111111114,9,42.125,8,0,ENV_YDST_108_HR_2024_2024_2025.csv
2024-05-25,2024,5,25,5,토,1,0,108,18.0,17.0,9.0,8.0,34.083333333333336,24,35.44444444444444,9,34.875,8,0,ENV_YDST_108_HR_2024_2024_2025.csv
2024-05-26,2024,5,26,6,일,1,0,108,18.0,17.0,9.0,8.0,26.636363636363637,22,30.444444444444443,9,32.25,8,0,ENV_YDST_108_HR_2024_2024_2025.csv
2024-05-27,2024,5,27,0,월,0,0,108,18.0,17.0,9.0,8.0,27.666666666666668,24,34.0,9,34.875,8,0,ENV_YDST_108_HR_2024_2024_2025.csv
2024-05-28,2024,5,28,1,화,0,1,108,18.0,17.0,9.0,8.0,17.666666666666668,24,16.88888888888889,9,17.375,8,0,ENV_YDST_108_HR_2024_2024_2025.csv
2024-05-29,2024,5,29,2,수,0,0,108,18.0,17.0,9.0,8.0,27.458333333333332,24,35.77777777777778,9,36.5,8,0,ENV_YDST_108_HR_2024_2024_2025.csv
2024-05-30,2024,5,30,3,목,0,0,108,18.0,17.0,9.0,8.0,26.666666666666668,24,28.333333333333332,9,27.375,8,0,ENV_YDST_108_HR_2024_2024_2025.csv
2024-05-31,2024,5,31,4,금,0,0,108,18.0,17.0,9.0,8.0,25.347826086956523,23,21.88888888888889,9,21.5,8,0,ENV_YDST_108_HR_2024_2024_2025.csv
2024-06-01,2024,6,1,5,토,1,0,108,18.5,17.5,9.5,8.5,27.375,24,28.4,10,27.555555555555557,9,0,ENV_YDST_108_HR_2024_2024_2025.csv
2024-06-02,2024,6,2,6,일,1,0,108,18.5,17.5,9.5,8.5,22.875,24,21.8,10,20.666666666666668,9,0,ENV_YDST_108_HR_2024_2024_2025.csv
2024-06-03,2024,6,3,0,월,0,0,108,18.5,17.5,9.5,8.5,20.0625,16,17.571428571428573,10,17.571428571428573,9,0,ENV_YDST_108_HR_2024_2024_2025.csv
2024-06-04,2024,6,4,1,화,0,1,108,18.5,17.5,9.5,8.5,18.47826086956522,23,25.1,10,23.333333333333332,9,0,ENV_YDST_108_HR_2024_2024_2025.csv
2024-06-05,2024,6,5,2,수,0,0,108,18.5,17.5,9.5,8.5,39.72727272727273,22,56.8,10,56.666666666666664,9,0,ENV_YDST_108_HR_2024_2024_2025.csv
2024-06-06,2024,6,6,3,목,0,0,108,18.5,17.5,9.5,8.5,43.291666666666664,24,57.0,10,54.111111111111114,9,0,ENV_YDST_108_HR_2024_2024_2025.csv
2024-06-07,2024,6,7,4,금,0,0,108,18.5,17.5,9.5,8.5,30.541666666666668,24,35.9,10,36.111111111111114,9,0,ENV_YDST_108_HR_2024_2024_2025.csv
2024-06-08,2024,6,8,5,토,1,0,108,18.5,17.5,9.5,8.5,21.458333333333332,24,20.6,10,21.11111111111111,9,0,ENV_YDST_108_HR_2024_2024_2025.csv
2024-06-09,2024,6,9,6,일,1,0,108,18.5,17.5,9.5,8.5,23.842105263157894,19,27.666666666666668,7,27.666666666666668,7,0,ENV_YDST_108_HR_2024_2024_2025.csv
2024-06-10,2024,6,10,0,월,0,0,108,18.5,17.5,9.5,8.5,44.333333333333336,24,54.9,10,54.333333333333336,9,0,ENV_YDST_108_HR_2024_2024_2025.csv
2024-06-11,2024,6,11,1,화,0,1,108,18.5,17.5,9.5,8.5,56.583333333333336,24,69.9,10,71.44444444444444,9,0,ENV_YDST_108_HR_2024_2024_2025.csv
2024-06-12,2024,6,12,2,수,0,0,108,18.5,17.5,9.5,8.5,31.391304347826086,23,42.6,10,43.111111111111114,9,0,ENV_YDST_108_HR_2024_2024_2025.csv
2024-06-13,2024,6,13,3,목,0,0,108,18.5,17.5,9.5,8.5,32.458333333333336,24,43.9,10,44.111111111111114,9,0,ENV_YDST_108_HR_2024_2024_2025.csv
2024-06-14,2024,6,14,4,금,0,0,108,18.5,17.5,9.5,8.5,35.25,24,48.0,10,48.111111111111114,9,0,ENV_YDST_108_HR_2024_2024_2025.csv
2024-06-15,2024,6,15,5,토,1,0,108,18.5,17.5,9.5,8.5,26.625,24,27.2,10,26.77777777777778,9,0,ENV_YDST_108_HR_2024_2024_2025.csv
2024-06-16,2024,6,16,6,일,1,0,108,18.5,17.5,9.5,8.5,22.125,24,23.9,10,23.666666666666668,9,0,ENV_YDST_108_HR_2024_2024_2025.csv
2024-06-17,2024,6,17,0,월,0,0,108,18.5,17.5,9.5,8.5,23.25,24,30.5,10,30.333333333333332,9,0,ENV_YDST_108_HR_2024_2024_2025.csv
2024-06-18,2024,6,18,1,화,0,1,108,18.5,17.5,9.5,8.5,26.416666666666668,24,37.0,10,37.22222222222222,9,0,ENV_YDST_108_HR_2024_2024_2025.csv
2024-06-19,2024,6,19,2,수,0,0,108,18.5,17.5,9.5,8.5,41.166666666666664,24,52.3,10,50.55555555555556,9,0,ENV_YDST_108_HR_2024_2024_2025.csv
2024-06-20,2024,6,20,3,목,0,0,108,18.5,17.5,9.5,8.5,42.958333333333336,24,48.5,10,49.111111111111114,9,0,ENV_YDST_108_HR_2024_2024_2025.csv
2024-06-21,2024,6,21,4,금,0,0,108,18.5,17.5,9.5,8.5,41.875,24,58.2,10,61.22222222222222,9,0,ENV_YDST_108_HR_2024_2024_2025.csv
2024-06-22,2024,6,22,5,토,1,0,108,18.5,17.5,9.5,8.5,28.833333333333332,24,35.1,10,36.22222222222222,9,0,ENV_YDST_108_HR_2024_2024_2025.csv
2024-06-23,2024,6,23,6,일,1,0,108,18.5,17.5,9.5,8.5,16.791666666666668,24,20.0,10,20.77777777777778,9,0,ENV_YDST_108_HR_2024_2024_2025.csv
2024-06-24,2024,6,24,0,월,0,0,108,18.5,17.5,9.5,8.5,48.95454545454545,22,60.75,10,60.75,9,0,ENV_YDST_108_HR_2024_2024_2025.csv
2024-06-25,2024,6,25,1,화,0,1,108,18.5,17.5,9.5,8.5,21.083333333333332,24,23.8,10,24.0,9,0,ENV_YDST_108_HR_2024_2024_2025.csv
2024-06-26,2024,6,26,2,수,0,0,108,18.5,17.5,9.5,8.5,25.625,24,35.6,10,34.77777777777778,9,0,ENV_YDST_108_HR_2024_2024_2025.csv
2024-06-27,2024,6,27,3,목,0,0,108,18.5,17.5,9.5,8.5,30.541666666666668,24,38.7,10,39.333333333333336,9,0,ENV_YDST_108_HR_2024_2024_2025.csv
2024-06-28,2024,6,28,4,금,0,0,108,18.5,17.5,9.5,8.5,40.291666666666664,24,44.7,10,45.111111111111114,9,0,ENV_YDST_108_HR_2024_2024_2025.csv
2024-06-29,2024,6,29,5,토,1,0,108,18.5,17.5,9.5,8.5,32.43478260869565,23,34.7,10,34.77777777777778,9,0,ENV_YDST_108_HR_2024_2024_2025.csv
2024-06-30,2024,6,30,6,일,1,0,108,18.5,17.5,9.5,8.5,20.545454545454547,22,24.7,10,24.444444444444443,9,0,ENV_YDST_108_HR_2024_2024_2025.csv
2024-07-01,2024,7,1,0,월,0,0,108,18.5,17.5,9.5,8.5,26.541666666666668,24,30.8,10,30.0,9,0,ENV_YDST_108_HR_2024_2024_2025.csv
2024-07-02,2024,7,2,1,화,0,1,108,18.5,17.5,9.5,8.5,18.26086956521739,23,16.444444444444443,10,17.875,9,0,ENV_YDST_108_HR_2024_2024_2025.csv
2024-07-03,2024,7,3,2,수,0,0,108,18.5,17.5,9.5,8.5,23.608695652173914,23,17.11111111111111,10,16.0,9,0,ENV_YDST_108_HR_2024_2024_2025.csv
2024-07-04,2024,7,4,3,목,0,0,108,18.5,17.5,9.5,8.5,39.666666666666664,24,40.3,10,40.333333333333336,9,0,ENV_YDST_108_HR_2024_2024_2025.csv
2024-07-05,2024,7,5,4,금,0,0,108,18.5,17.5,9.5,8.5,17.565217391304348,23,20.2,10,19.666666666666668,9,0,ENV_YDST_108_HR_2024_2024_2025.csv
2024-07-06,2024,7,6,5,토,1,0,108,18.5,17.5,9.5,8.5,27.958333333333332,24,28.6,10,28.444444444444443,9,0,ENV_YDST_108_HR_2024_2024_2025.csv
2024-07-07,2024,7,7,6,일,1,0,108,18.5,17.5,9.5,8.5,22.59090909090909,22,25.8,10,27.444444444444443,9,0,ENV_YDST_108_HR_2024_2024_2025.csv
2024-07-08,2024,7,8,0,월,0,0,108,18.5,17.5,9.5,8.5,10.681818181818182,22,9.0,10,9.125,9,0,ENV_YDST_108_HR_2024_2024_2025.csv
2024-07-09,2024,7,9,1,화,0,1,108,18.5,17.5,9.5,8.5,16.17391304347826,23,18.3,10,18.333333333333332,9,0,ENV_YDST_108_HR_2024_2024_2025.csv
2024-07-10,2024,7,10,2,수,0,0,108,18.5,17.5,9.5,8.5,13.73913043478261,23,15.9,10,16.333333333333332,9,0,ENV_YDST_108_HR_2024_2024_2025.csv
2024-07-11,2024,7,11,3,목,0,0,108,18.5,17.5,9.5,8.5,36.583333333333336,24,50.4,10,50.888888888888886,9,0,ENV_YDST_108_HR_2024_2024_2025.csv
2024-07-12,2024,7,12,4,금,0,0,108,18.5,17.5,9.5,8.5,37.125,24,44.8,10,42.77777777777778,9,0,ENV_YDST_108_HR_2024_2024_2025.csv
2024-07-13,2024,7,13,5,토,1,0,108,18.5,17.5,9.5,8.5,48.375,24,52.7,10,51.888888888888886,9,0,ENV_YDST_108_HR_2024_2024_2025.csv
2024-07-14,2024,7,14,6,일,1,0,108,18.5,17.5,9.5,8.5,34.083333333333336,24,30.9,10,32.0,9,0,ENV_YDST_108_HR_2024_2024_2025.csv
2024-07-15,2024,7,15,0,월,0,0,108,18.5,17.5,9.5,8.5,13.227272727272727,22,17.444444444444443,10,17.75,9,0,ENV_YDST_108_HR_2024_2024_2025.csv
2024-07-16,2024,7,16,1,화,0,1,108,18.5,17.5,9.5,8.5,14.26086956521739,23,17.2,10,18.555555555555557,9,0,ENV_YDST_108_HR_2024_2024_2025.csv
2024-07-17,2024,7,17,2,수,0,0,108,18.5,17.5,9.5,8.5,12.277777777777779,18,15.0,10,15.0,9,0,ENV_YDST_108_HR_2024_2024_2025.csv
2024-07-18,2024,7,18,3,목,0,0,108,18.5,17.5,9.5,8.5,10.95,20,7.25,10,7.25,9,0,ENV_YDST_108_HR_2024_2024_2025.csv
2024-07-19,2024,7,19,4,금,0,0,108,18.5,17.5,9.5,8.5,24.291666666666668,24,27.1,10,26.11111111111111,9,0,ENV_YDST_108_HR_2024_2024_2025.csv
2024-07-20,2024,7,20,5,토,1,0,108,18.5,17.5,9.5,8.5,17.2,20,18.714285714285715,10,19.0,9,0,ENV_YDST_108_HR_2024_2024_2025.csv
2024-07-21,2024,7,21,6,일,1,0,108,18.5,17.5,9.5,8.5,17.916666666666668,24,19.9,10,20.333333333333332,9,0,ENV_YDST_108_HR_2024_2024_2025.csv
2024-07-22,2024,7,22,0,월,0,0,108,18.5,17.5,9.5,8.5,16.0,1,,10,,9,0,ENV_YDST_108_HR_2024_2024_2025.csv
2024-07-23,2024,7,23,1,화,0,1,108,18.5,17.5,9.5,8.5,16.0,6,24.0,10,,9,0,ENV_YDST_108_HR_2024_2024_2025.csv
2024-07-24,2024,7,24,2,수,0,0,108,18.5,17.5,9.5,8.5,16.25,12,22.0,10,22.4,9,0,ENV_YDST_108_HR_2024_2024_2025.csv
2024-07-25,2024,7,25,3,목,0,0,108,18.5,17.5,9.5,8.5,20.681818181818183,22,24.555555555555557,10,23.625,9,0,ENV_YDST_108_HR_2024_2024_2025.csv
2024-07-26,2024,7,26,4,금,0,0,108,18.5,17.5,9.5,8.5,17.823529411764707,17,31.166666666666668,10,31.166666666666668,9,0,ENV_YDST_108_HR_2024_2024_2025.csv
2024-07-27,2024,7,27,5,토,1,0,108,18.5,17.5,9.5,8.5,17.954545454545453,22,24.0,10,24.714285714285715,9,0,ENV_YDST_108_HR_2024_2024_2025.csv
2024-07-28,2024,7,28,6,일,1,0,108,18.5,17.5,9.5,8.5,17.666666666666668,24,20.0,10,20.666666666666668,9,0,ENV_YDST_108_HR_2024_2024_2025.csv
2024-07-29,2024,7,29,0,월,0,0,108,18.5,17.5,9.5,8.5,18.125,24,22.2,10,22.11111111111111,9,0,ENV_YDST_108_HR_2024_2024_2025.csv
2024-07-30,2024,7,30,1,화,0,1,108,18.5,17.5,9.5,8.5,22.625,24,25.7,10,25.444444444444443,9,0,ENV_YDST_108_HR_2024_2024_2025.csv
2024-07-31,2024,7,31,2,수,0,0,108,18.5,17.5,9.5,8.5,16.130434782608695,23,16.3,10,16.444444444444443,9,0,ENV_YDST_108_HR_2024_2024_2025.csv
2024-08-01,2024,8,1,3,목,0,0,108,18.5,17.5,9.5,8.5,18.52173913043478,23,23.0,10,23.11111111111111,9,0,ENV_YDST_108_HR_2024_2024_2025.csv
2024-08-02,2024,8,2,4,금,0,0,108,18.5,17.5,9.5,8.5,24.875,24,25.7,10,24.11111111111111,9,0,ENV_YDST_108_HR_2024_2024_2025.csv
2024-08-03,2024,8,3,5,토,1,0,108,18.5,17.5,9.5,8.5,31.904761904761905,21,38.142857142857146,10,38.166666666666664,9,0,ENV_YDST_108_HR_2024_2024_2025.csv
2024-08-04,2024,8,4,6,일,1,0,108,18.5,17.5,9.5,8.5,29.708333333333332,24,33.6,10,32.77777777777778,9,0,ENV_YDST_108_HR_2024_2024_2025.csv
2024-08-05,2024,8,5,0,월,0,0,108,18.5,17.5,9.5,8.5,30.0,24,41.9,10,43.888888888888886,9,0,ENV_YDST_108_HR_2024_2024_2025.csv
2024-08-06,2024,8,6,1,화,0,1,108,18.5,17.5,9.5,8.5,17.454545454545453,22,21.7,10,21.666666666666668,9,0,ENV_YDST_108_HR_2024_2024_2025.csv
2024-08-07,2024,8,7,2,수,0,0,108,18.5,17.5,9.5,8.5,18.130434782608695,23,22.555555555555557,10,22.0,9,0,ENV_YDST_108_HR_2024_2024_2025.csv
2024-08-08,2024,8,8,3,목,0,0,108,18.5,17.5,9.5,8.5,18.875,24,22.9,10,22.333333333333332,9,0,ENV_YDST_108_HR_2024_2024_2025.csv
2024-08-09,2024,8,9,4,금,0,0,108,18.5,17.5,9.5,8.5,26.125,24,30.7,10,30.0,9,0,ENV_YDST_108_HR_2024_2024_2025.csv
2024-08-10,2024,8,10,5,토,1,0,108,18.5,17.5,9.5,8.5,32.041666666666664,24,34.7,10,35.55555555555556,9,0,ENV_YDST_108_HR_2024_2024_2025.csv
2024-08-11,2024,8,11,6,일,1,0,108,18.5,17.5,9.5,8.5,29.083333333333332,24,28.6,10,29.22222222222222,9,0,ENV_YDST_108_HR_2024_2024_2025.csv
2024-08-12,2024,8,12,0,월,0,0,108,18.5,17.5,9.5,8.5,29.041666666666668,24,32.0,10,31.444444444444443,9,0,ENV_YDST_108_HR_2024_2024_2025.csv
2024-08-13,2024,8,13,1,화,0,1,108,18.5,17.5,9.5,8.5,27.26086956521739,23,33.5,10,32.0,9,0,ENV_YDST_108_HR_2024_2024_2025.csv
2024-08-14,2024,8,14,2,수,0,0,108,18.5,17.5,9.5,8.5,26.0,22,33.4,10,33.55555555555556,9,0,ENV_YDST_108_HR_2024_2024_2025.csv
2024-08-15,2024,8,15,3,목,0,0,108,18.5,17.5,9.5,8.5,23.869565217391305,23,30.9,10,29.88888888888889,9,0,ENV_YDST_108_HR_2024_2024_2025.csv
2024-08-16,2024,8,16,4,금,0,0,108,18.5,17.5,9.5,8.5,21.541666666666668,24,22.8,10,22.22222222222222,9,0,ENV_YDST_108_HR_2024_2024_2025.csv
2024-08-17,2024,8,17,5,토,1,0,108,18.5,17.5,9.5,8.5,24.428571428571427,21,30.11111111111111,10,28.5,9,0,ENV_YDST_108_HR_2024_2024_2025.csv
2024-08-18,2024,8,18,6,일,1,0,108,18.5,17.5,9.5,8.5,23.238095238095237,21,25.25,10,24.142857142857142,9,0,ENV_YDST_108_HR_2024_2024_2025.csv
2024-08-19,2024,8,19,0,월,0,0,108,18.5,17.5,9.5,8.5,25.125,24,31.4,10,28.88888888888889,9,0,ENV_YDST_108_HR_2024_2024_2025.csv
2024-08-20,2024,8,20,1,화,0,1,108,18.5,17.5,9.5,8.5,27.125,24,27.4,10,28.22222222222222,9,0,ENV_YDST_108_HR_2024_2024_2025.csv
2024-08-21,2024,8,21,2,수,0,0,108,18.5,17.5,9.5,8.5,13.619047619047619,21,13.25,10,12.857142857142858,9,0,ENV_YDST_108_HR_2024_2024_2025.csv
2024-08-22,2024,8,22,3,목,0,0,108,18.5,17.5,9.5,8.5,15.761904761904763,21,17.25,10,17.25,9,0,ENV_YDST_108_HR_2024_2024_2025.csv
2024-08-23,2024,8,23,4,금,0,0,108,18.5,17.5,9.5,8.5,27.625,24,31.9,10,30.77777777777778,9,0,ENV_YDST_108_HR_2024_2024_2025.csv
2024-08-24,2024,8,24,5,토,1,0,108,18.5,17.5,9.5,8.5,40.130434782608695,23,47.55555555555556,10,46.75,9,0,ENV_YDST_108_HR_2024_2024_2025.csv
2024-08-25,2024,8,25,6,일,1,0,108,18.5,17.5,9.5,8.5,38.541666666666664,24,44.2,10,42.666666666666664,9,0,ENV_YDST_108_HR_2024_2024_2025.csv
2024-08-26,2024,8,26,0,월,0,0,108,18.5,17.5,9.5,8.5,34.833333333333336,24,41.6,10,42.0,9,0,ENV_YDST_108_HR_2024_2024_2025.csv
2024-08-27,2024,8,27,1,화,0,1,108,18.5,17.5,9.5,8.5,21.652173913043477,23,23.11111111111111,10,22.125,9,0,ENV_YDST_108_HR_2024_2024_2025.csv
2024-08-28,2024,8,28,2,수,0,0,108,18.5,17.5,9.5,8.5,14.583333333333334,24,20.1,10,19.333333333333332,9,0,ENV_YDST_108_HR_2024_2024_2025.csv
2024-08-29,2024,8,29,3,목,0,0,108,18.5,17.5,9.5,8.5,12.0,20,17.444444444444443,10,17.5,9,0,ENV_YDST_108_HR_2024_2024_2025.csv
2024-08-30,2024,8,30,4,금,0,0,108,18.5,17.5,9.5,8.5,14.173913043478262,23,16.8,10,16.22222222222222,9,0,ENV_YDST_108_HR_2024_2024_2025.csv
2024-08-31,2024,8,31,5,토,1,0,108,18.5,17.5,9.5,8.5,36.791666666666664,24,43.2,10,42.77777777777778,9,0,ENV_YDST_108_HR_2024_2024_2025.csv
2024-09-01,2024,9,1,6,일,1,0,108,18.0,17.0,9.0,8.0,30.130434782608695,23,36.44444444444444,9,37.375,8,0,ENV_YDST_108_HR_2024_2024_2025.csv
2024-09-02,2024,9,2,0,월,0,0,108,18.0,17.0,9.0,8.0,20.227272727272727,22,24.333333333333332,9,23.25,8,0,ENV_YDST_108_HR_2024_2024_2025.csv
2024-09-03,2024,9,3,1,화,0,1,108,18.0,17.0,9.0,8.0,13.619047619047619,21,19.11111111111111,9,19.375,8,0,ENV_YDST_108_HR_2024_2024_2025.csv
2024-09-04,2024,9,4,2,수,0,0,108,18.0,17.0,9.0,8.0,20.956521739130434,23,23.22222222222222,9,22.0,8,0,ENV_YDST_108_HR_2024_2024_2025.csv
2024-09-05,2024,9,5,3,목,0,0,108,18.0,17.0,9.0,8.0,21.75,24,21.333333333333332,9,23.125,8,0,ENV_YDST_108_HR_2024_2024_2025.csv
2024-09-06,2024,9,6,4,금,0,0,108,18.0,17.0,9.0,8.0,16.695652173913043,23,13.875,9,14.0,8,0,ENV_YDST_108_HR_2024_2024_2025.csv
2024-09-07,2024,9,7,5,토,1,0,108,18.0,17.0,9.0,8.0,22.833333333333332,24,31.444444444444443,9,29.75,8,0,ENV_YDST_108_HR_2024_2024_2025.csv
2024-09-08,2024,9,8,6,일,1,0,108,18.0,17.0,9.0,8.0,29.25,24,33.333333333333336,9,30.75,8,0,ENV_YDST_108_HR_2024_2024_2025.csv
2024-09-09,2024,9,9,0,월,0,0,108,18.0,17.0,9.0,8.0,29.541666666666668,24,32.55555555555556,9,32.25,8,0,ENV_YDST_108_HR_2024_2024_2025.csv
2024-09-10,2024,9,10,1,화,0,1,108,18.0,17.0,9.0,8.0,29.583333333333332,24,38.333333333333336,9,37.5,8,0,ENV_YDST_108_HR_2024_2024_2025.csv
2024-09-11,2024,9,11,2,수,0,0,108,18.0,17.0,9.0,8.0,32.5,24,39.77777777777778,9,40.5,8,0,ENV_YDST_108_HR_2024_2024_2025.csv
2024-09-12,2024,9,12,3,목,0,0,108,18.0,17.0,9.0,8.0,14.294117647058824,17,11.25,9,11.25,8,0,ENV_YDST_108_HR_2024_2024_2025.csv
2024-09-13,2024,9,13,4,금,0,0,108,18.0,17.0,9.0,8.0,14.826086956521738,23,20.444444444444443,9,21.75,8,0,ENV_YDST_108_HR_2024_2024_2025.csv
2024-09-14,2024,9,14,5,토,1,0,108,18.0,17.0,9.0,8.0,13.818181818181818,22,17.375,9,17.142857142857142,8,0,ENV_YDST_108_HR_2024_2024_2025.csv
2024-09-15,2024,9,15,6,일,1,0,108,18.0,17.0,9.0,8.0,15.3,20,17.666666666666668,9,18.25,8,0,ENV_YDST_108_HR_2024_2024_2025.csv
2024-09-16,2024,9,16,0,월,0,0,108,18.0,17.0,9.0,8.0,11.9375,16,16.333333333333332,9,15.8,8,0,ENV_YDST_108_HR_2024_2024_2025.csv
2024-09-17,2024,9,17,1,화,0,1,108,18.0,17.0,9.0,8.0,14.666666666666666,24,19.555555555555557,9,18.625,8,0,ENV_YDST_108_HR_2024_2024_2025.csv
2024-09-18,2024,9,18,2,수,0,0,108,18.0,17.0,9.0,8.0,20.652173913043477,23,22.555555555555557,9,23.625,8,0,ENV_YDST_108_HR_2024_2024_2025.csv
2024-09-19,2024,9,19,3,목,0,0,108,18.0,17.0,9.0,8.0,22.75,24,29.77777777777778,9,27.375,8,0,ENV_YDST_108_HR_2024_2024_2025.csv
2024-09-20,2024,9,20,4,금,0,0,108,18.0,17.0,9.0,8.0,16.75,20,13.142857142857142,9,14.166666666666666,8,0,ENV_YDST_108_HR_2024_2024_2025.csv
2024-09-21,2024,9,21,5,토,1,0,108,18.0,17.0,9.0,8.0,8.454545454545455,11,11.2,9,11.25,8,0,ENV_YDST_108_HR_2024_2024_2025.csv
2024-09-22,2024,9,22,6,일,1,0,108,18.0,17.0,9.0,8.0,11.222222222222221,9,12.857142857142858,9,13.0,8,0,ENV_YDST_108_HR_2024_2024_2025.csv
2024-09-23,2024,9,23,0,월,0,0,108,18.0,17.0,9.0,8.0,14.2,15,18.875,9,19.571428571428573,8,0,ENV_YDST_108_HR_2024_2024_2025.csv
2024-09-24,2024,9,24,1,화,0,1,108,18.0,17.0,9.0,8.0,16.41176470588235,17,23.5,9,23.428571428571427,8,0,ENV_YDST_108_HR_2024_2024_2025.csv
2024-09-25,2024,9,25,2,수,0,0,108,18.0,17.0,9.0,8.0,18.083333333333332,24,21.666666666666668,9,22.125,8,0,ENV_YDST_108_HR_2024_2024_2025.csv
2024-09-26,2024,9,26,3,목,0,0,108,18.0,17.0,9.0,8.0,18.318181818181817,22,23.25,9,23.285714285714285,8,0,ENV_YDST_108_HR_2024_2024_2025.csv
2024-09-27,2024,9,27,4,금,0,0,108,18.0,17.0,9.0,8.0,17.0,14,15.6,9,15.6,8,0,ENV_YDST_108_HR_2024_2024_2025.csv
2024-09-28,2024,9,28,5,토,1,0,108,18.0,17.0,9.0,8.0,13.26086956521739,23,19.875,9,20.714285714285715,8,0,ENV_YDST_108_HR_2024_2024_2025.csv
2024-09-29,2024,9,29,6,일,1,0,108,18.0,17.0,9.0,8.0,10.904761904761905,21,14.555555555555555,9,13.625,8,0,ENV_YDST_108_HR_2024_2024_2025.csv
2024-09-30,2024,9,30,0,월,0,0,108,18.0,17.0,9.0,8.0,17.235294117647058,17,25.4,9,21.0,8,0,ENV_YDST_108_HR_2024_2024_2025.csv
2024-10-01,2024,10,1,1,화,0,1,108,18.0,17.0,9.0,8.0,15.45,20,12.428571428571429,9,12.833333333333334,8,0,ENV_YDST_108_HR_2024_2024_2025.csv
2024-10-02,2024,10,2,2,수,0,0,108,18.0,17.0,9.0,8.0,18.166666666666668,18,25.88888888888889,9,24.875,8,0,ENV_YDST_108_HR_2024_2024_2025.csv
2024-10-03,2024,10,3,3,목,0,0,108,18.0,17.0,9.0,8.0,20.65,20,33.75,9,35.42857142857143,8,0,ENV_YDST_108_HR_2024_2024_2025.csv
2024-10-04,2024,10,4,4,금,0,0,108,18.0,17.0,9.0,8.0,24.058823529411764,17,35.125,9,36.285714285714285,8,0,ENV_YDST_108_HR_2024_2024_2025.csv
2024-10-05,2024,10,5,5,토,1,0,108,18.0,17.0,9.0,8.0,24.583333333333332,24,38.333333333333336,9,38.75,8,0,ENV_YDST_108_HR_2024_2024_2025.csv
2024-10-06,2024,10,6,6,일,1,0,108,18.0,17.0,9.0,8.0,20.666666666666668,24,28.0,9,27.25,8,0,ENV_YDST_108_HR_2024_2024_2025.csv
2024-10-07,2024,10,7,0,월,0,0,108,18.0,17.0,9.0,8.0,37.291666666666664,24,52.333333333333336,9,52.125,8,0,ENV_YDST_108_HR_2024_2024_2025.csv
2024-10-08,2024,10,8,1,화,0,1,108,18.0,17.0,9.0,8.0,47.15,20,60.25,9,64.42857142857143,8,0,ENV_YDST_108_HR_2024_2024_2025.csv
2024-10-09,2024,10,9,2,수,0,0,108,18.0,17.0,9.0,8.0,18.444444444444443,18,26.88888888888889,9,27.25,8,0,ENV_YDST_108_HR_2024_2024_2025.csv
2024-10-10,2024,10,10,3,목,0,0,108,18.0,17.0,9.0,8.0,23.217391304347824,23,32.77777777777778,9,33.875,8,0,ENV_YDST_108_HR_2024_2024_2025.csv
2024-10-11,2024,10,11,4,금,0,0,108,18.0,17.0,9.0,8.0,33.541666666666664,24,44.888888888888886,9,44.375,8,0,ENV_YDST_108_HR_2024_2024_2025.csv
2024-10-12,2024,10,12,5,토,1,0,108,18.0,17.0,9.0,8.0,34.916666666666664,24,42.666666666666664,9,44.5,8,0,ENV_YDST_108_HR_2024_2024_2025.csv
2024-10-13,2024,10,13,6,일,1,0,108,18.0,17.0,9.0,8.0,28.083333333333332,24,37.44444444444444,9,38.5,8,0,ENV_YDST_108_HR_2024_2024_2025.csv
2024-10-14,2024,10,14,0,월,0,0,108,18.0,17.0,9.0,8.0,20.041666666666668,24,24.88888888888889,9,26.125,8,0,ENV_YDST_108_HR_2024_2024_2025.csv
2024-10-15,2024,10,15,1,화,0,1,108,18.0,17.0,9.0,8.0,20.833333333333332,24,26.11111111111111,9,25.625,8,0,ENV_YDST_108_HR_2024_2024_2025.csv
2024-10-16,2024,10,16,2,수,0,0,108,18.0,17.0,9.0,8.0,38.125,24,53.111111111111114,9,53.875,8,0,ENV_YDST_108_HR_2024_2024_2025.csv
2024-10-17,2024,10,17,3,목,0,0,108,18.0,17.0,9.0,8.0,38.25,24,49.77777777777778,9,49.5,8,0,ENV_YDST_108_HR_2024_2024_2025.csv
2024-10-18,2024,10,18,4,금,0,0,108,18.0,17.0,9.0,8.0,20.238095238095237,21,23.142857142857142,9,23.142857142857142,8,0,ENV_YDST_108_HR_2024_2024_2025.csv
2024-10-19,2024,10,19,5,토,1,0,108,18.0,17.0,9.0,8.0,14.538461538461538,13,18.75,9,19.285714285714285,8,0,ENV_YDST_108_HR_2024_2024_2025.csv
2024-10-20,2024,10,20,6,일,1,0,108,18.0,17.0,9.0,8.0,27.5,12,34.125,9,34.57142857142857,8,0,ENV_YDST_108_HR_2024_2024_2025.csv
2024-10-21,2024,10,21,0,월,0,0,108,18.0,17.0,9.0,8.0,25.235294117647058,17,33.22222222222222,9,31.875,8,0,ENV_YDST_108_HR_2024_2024_2025.csv
2024-10-22,2024,10,22,1,화,0,1,108,18.0,17.0,9.0,8.0,11.272727272727273,22,10.5,9,10.5,8,0,ENV_YDST_108_HR_2024_2024_2025.csv
2024-10-23,2024,10,23,2,수,0,0,108,18.0,17.0,9.0,8.0,17.6875,16,22.0,9,20.285714285714285,8,0,ENV_YDST_108_HR_2024_2024_2025.csv
2024-10-24,2024,10,24,3,목,0,0,108,18.0,17.0,9.0,8.0,26.458333333333332,24,41.77777777777778,9,39.875,8,0,ENV_YDST_108_HR_2024_2024_2025.csv
2024-10-25,2024,10,25,4,금,0,0,108,18.0,17.0,9.0,8.0,29.333333333333332,24,41.0,9,41.25,8,0,ENV_YDST_108_HR_2024_2024_2025.csv
2024-10-26,2024,10,26,5,토,1,0,108,18.0,17.0,9.0,8.0,26.291666666666668,24,36.55555555555556,9,38.5,8,0,ENV_YDST_108_HR_2024_2024_2025.csv
2024-10-27,2024,10,27,6,일,1,0,108,18.0,17.0,9.0,8.0,25.541666666666668,24,28.0,9,28.25,8,0,ENV_YDST_108_HR_2024_2024_2025.csv
2024-10-28,2024,10,28,0,월,0,0,108,18.0,17.0,9.0,8.0,38.476190476190474,21,41.0,9,42.0,8,0,ENV_YDST_108_HR_2024_2024_2025.csv
2024-10-29,2024,10,29,1,화,0,1,108,18.0,17.0,9.0,8.0,20.8,15,24.0,9,22.75,8,0,ENV_YDST_108_HR_2024_2024_2025.csv
2024-10-30,2024,10,30,2,수,0,0,108,18.0,17.0,9.0,8.0,28.0,23,45.22222222222222,9,45.875,8,0,ENV_YDST_108_HR_2024_2024_2025.csv
2024-10-31,2024,10,31,3,목,0,0,108,18.0,17.0,9.0,8.0,32.958333333333336,24,47.0,9,48.0,8,0,ENV_YDST_108_HR_2024_2024_2025.csv
2024-11-01,2024,11,1,4,금,0,0,108,17.0,16.0,8.0,7.0,37.083333333333336,24,47.625,8,47.0,7,0,ENV_YDST_108_HR_2024_2024_2025.csv
2024-11-02,2024,11,2,5,토,1,0,108,17.0,16.0,8.0,7.0,31.041666666666668,24,43.0,8,43.857142857142854,7,0,ENV_YDST_108_HR_2024_2024_2025.csv
2024-11-03,2024,11,3,6,일,1,0,108,17.0,16.0,8.0,7.0,25.541666666666668,24,39.0,8,39.57142857142857,7,0,ENV_YDST_108_HR_2024_2024_2025.csv
2024-11-04,2024,11,4,0,월,0,0,108,17.0,16.0,8.0,7.0,23.5,22,30.875,8,30.0,7,0,ENV_YDST_108_HR_2024_2024_2025.csv
2024-11-05,2024,11,5,1,화,0,1,108,17.0,16.0,8.0,7.0,24.82608695652174,23,38.25,8,36.714285714285715,7,0,ENV_YDST_108_HR_2024_2024_2025.csv
2024-11-06,2024,11,6,2,수,0,0,108,17.0,16.0,8.0,7.0,26.304347826086957,23,40.125,8,39.42857142857143,7,0,ENV_YDST_108_HR_2024_2024_2025.csv
2024-11-07,2024,11,7,3,목,0,0,108,17.0,16.0,8.0,7.0,40.5,24,57.25,8,56.142857142857146,7,0,ENV_YDST_108_HR_2024_2024_2025.csv
2024-11-08,2024,11,8,4,금,0,0,108,17.0,16.0,8.0,7.0,30.625,24,45.125,8,44.714285714285715,7,0,ENV_YDST_108_HR_2024_2024_2025.csv
2024-11-09,2024,11,9,5,토,1,0,108,17.0,16.0,8.0,7.0,31.875,24,44.0,8,42.285714285714285,7,0,ENV_YDST_108_HR_2024_2024_2025.csv
2024-11-10,2024,11,10,6,일,1,0,108,17.0,16.0,8.0,7.0,26.25,24,34.0,8,32.142857142857146,7,0,ENV_YDST_108_HR_2024_2024_2025.csv
2024-11-11,2024,11,11,0,월,0,0,108,17.0,16.0,8.0,7.0,46.5,24,65.875,8,70.0,7,0,ENV_YDST_108_HR_2024_2024_2025.csv
2024-11-12,2024,11,12,1,화,0,1,108,17.0,16.0,8.0,7.0,33.166666666666664,24,40.75,8,40.285714285714285,7,0,ENV_YDST_108_HR_2024_2024_2025.csv
2024-11-13,2024,11,13,2,수,0,0,108,17.0,16.0,8.0,7.0,38.75,24,50.5,8,50.285714285714285,7,0,ENV_YDST_108_HR_2024_2024_2025.csv
2024-11-14,2024,11,14,3,목,0,0,108,17.0,16.0,8.0,7.0,31.833333333333332,24,36.75,8,36.714285714285715,7,0,ENV_YDST_108_HR_2024_2024_2025.csv
2024-11-15,2024,11,15,4,금,0,0,108,17.0,16.0,8.0,7.0,29.333333333333332,24,35.0,8,35.142857142857146,7,0,ENV_YDST_108_HR_2024_2024_2025.csv
2024-11-16,2024,11,16,5,토,1,0,108,17.0,16.0,8.0,7.0,20.782608695652176,23,27.625,8,27.571428571428573,7,0,ENV_YDST_108_HR_2024_2024_2025.csv
2024-11-17,2024,11,17,6,일,1,0,108,17.0,16.0,8.0,7.0,16.625,16,21.166666666666668,8,19.2,7,0,ENV_YDST_108_HR_2024_2024_2025.csv
2024-11-18,2024,11,18,0,월,0,0,108,17.0,16.0,8.0,7.0,10.666666666666666,9,14.333333333333334,8,14.333333333333334,7,0,ENV_YDST_108_HR_2024_2024_2025.csv
2024-11-19,2024,11,19,1,화,0,1,108,17.0,16.0,8.0,7.0,18.533333333333335,15,,8,,7,0,ENV_YDST_108_HR_2024_2024_2025.csv
2024-11-20,2024,11,20,2,수,0,0,108,17.0,16.0,8.0,7.0,35.708333333333336,24,52.625,8,52.0,7,0,ENV_YDST_108_HR_2024_2024_2025.csv
2024-11-21,2024,11,21,3,목,0,0,108,17.0,16.0,8.0,7.0,42.625,24,53.75,8,57.0,7,0,ENV_YDST_108_HR_2024_2024_2025.csv
2024-11-22,2024,11,22,4,금,0,0,108,17.0,16.0,8.0,7.0,29.25,24,32.375,8,31.714285714285715,7,0,ENV_YDST_108_HR_2024_2024_2025.csv
2024-11-23,2024,11,23,5,토,1,0,108,17.0,16.0,8.0,7.0,19.416666666666668,24,32.125,8,32.142857142857146,7,0,ENV_YDST_108_HR_2024_2024_2025.csv
2024-11-24,2024,11,24,6,일,1,0,108,17.0,16.0,8.0,7.0,17.904761904761905,21,27.375,8,25.571428571428573,7,0,ENV_YDST_108_HR_2024_2024_2025.csv
2024-11-25,2024,11,25,0,월,0,0,108,17.0,16.0,8.0,7.0,24.434782608695652,23,39.5,8,38.42857142857143,7,0,ENV_YDST_108_HR_2024_2024_2025.csv
2024-11-26,2024,11,26,1,화,0,1,108,17.0,16.0,8.0,7.0,11.1,10,10.6,8,10.6,7,0,ENV_YDST_108_HR_2024_2024_2025.csv
2024-11-27,2024,11,27,2,수,0,0,108,17.0,16.0,8.0,7.0,9.533333333333333,15,9.25,8,9.714285714285714,7,0,ENV_YDST_108_HR_2024_2024_2025.csv
2024-11-28,2024,11,28,3,목,0,0,108,17.0,16.0,8.0,7.0,17.25,24,21.75,8,20.857142857142858,7,0,ENV_YDST_108_HR_2024_2024_2025.csv
2024-11-29,2024,11,29,4,금,0,0,108,17.0,16.0,8.0,7.0,29.791666666666668,24,33.5,8,34.142857142857146,7,0,ENV_YDST_108_HR_2024_2024_2025.csv
2024-11-30,2024,11,30,5,토,1,0,108,17.0,16.0,8.0,7.0,24.666666666666668,24,31.625,8,31.0,7,0,ENV_YDST_108_HR_2024_2024_2025.csv
2024-12-01,2024,12,1,6,일,1,0,108,17.0,16.0,8.0,7.0,25.458333333333332,24,27.75,8,26.0,7,0,ENV_YDST_108_HR_2024_2024_2025.csv
2024-12-02,2024,12,2,0,월,0,0,108,17.0,16.0,8.0,7.0,35.666666666666664,24,53.625,8,48.57142857142857,7,0,ENV_YDST_108_HR_2024_2024_2025.csv
2024-12-03,2024,12,3,1,화,0,1,108,17.0,16.0,8.0,7.0,14.181818181818182,22,20.625,8,19.857142857142858,7,0,ENV_YDST_108_HR_2024_2024_2025.csv
2024-12-04,2024,12,4,2,수,0,0,108,17.0,16.0,8.0,7.0,20.916666666666668,24,28.5,8,27.428571428571427,7,0,ENV_YDST_108_HR_2024_2024_2025.csv
2024-12-05,2024,12,5,3,목,0,0,108,17.0,16.0,8.0,7.0,19.375,24,29.75,8,29.0,7,0,ENV_YDST_108_HR_2024_2024_2025.csv
2024-12-06,2024,12,6,4,금,0,0,108,17.0,16.0,8.0,7.0,25.041666666666668,24,37.125,8,37.42857142857143,7,0,ENV_YDST_108_HR_2024_2024_2025.csv
2024-12-07,2024,12,7,5,토,1,0,108,17.0,16.0,8.0,7.0,23.181818181818183,22,30.75,8,31.142857142857142,7,0,ENV_YDST_108_HR_2024_2024_2025.csv
2024-12-08,2024,12,8,6,일,1,0,108,17.0,16.0,8.0,7.0,22.25,24,30.875,8,30.285714285714285,7,0,ENV_YDST_108_HR_2024_2024_2025.csv
2024-12-09,2024,12,9,0,월,0,0,108,17.0,16.0,8.0,7.0,33.583333333333336,24,44.75,8,43.42857142857143,7,0,ENV_YDST_108_HR_2024_2024_2025.csv
2024-12-10,2024,12,10,1,화,0,1,108,17.0,16.0,8.0,7.0,37.041666666666664,24,45.625,8,46.142857142857146,7,0,ENV_YDST_108_HR_2024_2024_2025.csv
2024-12-11,2024,12,11,2,수,0,0,108,17.0,16.0,8.0,7.0,52.583333333333336,24,67.5,8,65.85714285714286,7,0,ENV_YDST_108_HR_2024_2024_2025.csv
2024-12-12,2024,12,12,3,목,0,0,108,17.0,16.0,8.0,7.0,40.041666666666664,24,43.125,8,43.57142857142857,7,0,ENV_YDST_108_HR_2024_2024_2025.csv
2024-12-13,2024,12,13,4,금,0,0,108,17.0,16.0,8.0,7.0,26.625,24,32.0,8,31.714285714285715,7,0,ENV_YDST_108_HR_2024_2024_2025.csv
2024-12-14,2024,12,14,5,토,1,0,108,17.0,16.0,8.0,7.0,26.916666666666668,24,34.75,8,35.0,7,0,ENV_YDST_108_HR_2024_2024_2025.csv
2024-12-15,2024,12,15,6,일,1,0,108,17.0,16.0,8.0,7.0,20.291666666666668,24,26.375,8,25.428571428571427,7,0,ENV_YDST_108_HR_2024_2024_2025.csv
2024-12-16,2024,12,16,0,월,0,0,108,17.0,16.0,8.0,7.0,27.875,24,39.625,8,40.714285714285715,7,0,ENV_YDST_108_HR_2024_2024_2025.csv
2024-12-17,2024,12,17,1,화,0,1,108,17.0,16.0,8.0,7.0,24.625,24,28.75,8,27.571428571428573,7,0,ENV_YDST_108_HR_2024_2024_2025.csv
2024-12-18,2024,12,18,2,수,0,0,108,17.0,16.0,8.0,7.0,29.125,24,35.5,8,35.42857142857143,7,0,ENV_YDST_108_HR_2024_2024_2025.csv
2024-12-19,2024,12,19,3,목,0,0,108,17.0,16.0,8.0,7.0,49.291666666666664,24,60.5,8,62.42857142857143,7,0,ENV_YDST_108_HR_2024_2024_2025.csv
2024-12-20,2024,12,20,4,금,0,0,108,17.0,16.0,8.0,7.0,48.916666666666664,24,59.625,8,57.857142857142854,7,0,ENV_YDST_108_HR_2024_2024_2025.csv
2024-12-21,2024,12,21,5,토,1,0,108,17.0,16.0,8.0,7.0,38.791666666666664,24,45.625,8,44.714285714285715,7,0,ENV_YDST_108_HR_2024_2024_2025.csv
2024-12-22,2024,12,22,6,일,1,0,108,17.0,16.0,8.0,7.0,20.91304347826087,23,23.75,8,22.714285714285715,7,0,ENV_YDST_108_HR_2024_2024_2025.csv
2024-12-23,2024,12,23,0,월,0,0,108,17.0,16.0,8.0,7.0,27.25,24,37.125,8,36.857142857142854,7,0,ENV_YDST_108_HR_2024_2024_2025.csv
2024-12-24,2024,12,24,1,화,0,1,108,17.0,16.0,8.0,7.0,30.0,24,35.625,8,34.57142857142857,7,0,ENV_YDST_108_HR_2024_2024_2025.csv
2024-12-25,2024,12,25,2,수,0,0,108,17.0,16.0,8.0,7.0,30.291666666666668,24,34.375,8,35.285714285714285,7,0,ENV_YDST_108_HR_2024_2024_2025.csv
2024-12-26,2024,12,26,3,목,0,0,108,17.0,16.0,8.0,7.0,58.291666666666664,24,74.375,8,74.42857142857143,7,0,ENV_YDST_108_HR_2024_2024_2025.csv
2024-12-27,2024,12,27,4,금,0,0,108,17.0,16.0,8.0,7.0,29.75,24,37.25,8,36.57142857142857,7,0,ENV_YDST_108_HR_2024_2024_2025.csv
2024-12-28,2024,12,28,5,토,1,0,108,17.0,16.0,8.0,7.0,29.458333333333332,24,38.625,8,39.285714285714285,7,0,ENV_YDST_108_HR_2024_2024_2025.csv
2024-12-29,2024,12,29,6,일,1,0,108,17.0,16.0,8.0,7.0,26.083333333333332,24,31.0,8,29.428571428571427,7,0,ENV_YDST_108_HR_2024_2024_2025.csv
2024-12-30,2024,12,30,0,월,0,0,108,17.0,16.0,8.0,7.0,47.791666666666664,24,55.625,8,53.42857142857143,7,0,ENV_YDST_108_HR_2024_2024_2025.csv
2024-12-31,2024,12,31,1,화,0,1,108,17.0,16.0,8.0,7.0,58.111111111111114,18,42.0,8,42.0,7,0,ENV_YDST_108_HR_2024_2024_2025.csv
2025-01-01,2025,1,1,2,수,0,0,108,17.0,16.0,8.0,7.0,44.041666666666664,24,46.875,8,43.714285714285715,7,0,ENV_YDST_108_HR_2025_2025_2026.csv
2025-01-02,2025,1,2,3,목,0,0,108,17.0,16.0,8.0,7.0,34.333333333333336,24,34.625,8,36.57142857142857,7,0,ENV_YDST_108_HR_2025_2025_2026.csv
2025-01-03,2025,1,3,4,금,0,0,108,17.0,16.0,8.0,7.0,23.875,24,28.25,8,28.142857142857142,7,0,ENV_YDST_108_HR_2025_2025_2026.csv
2025-01-04,2025,1,4,5,토,1,0,108,17.0,16.0,8.0,7.0,30.875,24,35.875,8,37.285714285714285,7,0,ENV_YDST_108_HR_2025_2025_2026.csv
2025-01-05,2025,1,5,6,일,1,0,108,17.0,16.0,8.0,7.0,27.708333333333332,24,22.875,8,21.285714285714285,7,0,ENV_YDST_108_HR_2025_2025_2026.csv
2025-01-06,2025,1,6,0,월,0,0,108,17.0,16.0,8.0,7.0,49.916666666666664,24,68.125,8,66.0,7,0,ENV_YDST_108_HR_2025_2025_2026.csv
2025-01-07,2025,1,7,1,화,0,1,108,17.0,16.0,8.0,7.0,29.458333333333332,24,35.75,8,35.714285714285715,7,0,ENV_YDST_108_HR_2025_2025_2026.csv
2025-01-08,2025,1,8,2,수,0,0,108,17.0,16.0,8.0,7.0,28.375,24,44.625,8,42.857142857142854,7,0,ENV_YDST_108_HR_2025_2025_2026.csv
2025-01-09,2025,1,9,3,목,0,0,108,17.0,16.0,8.0,7.0,36.666666666666664,24,33.0,8,31.571428571428573,7,0,ENV_YDST_108_HR_2025_2025_2026.csv
2025-01-10,2025,1,10,4,금,0,0,108,17.0,16.0,8.0,7.0,26.583333333333332,24,25.375,8,24.571428571428573,7,0,ENV_YDST_108_HR_2025_2025_2026.csv
2025-01-11,2025,1,11,5,토,1,0,108,17.0,16.0,8.0,7.0,28.208333333333332,24,34.625,8,36.42857142857143,7,0,ENV_YDST_108_HR_2025_2025_2026.csv
2025-01-12,2025,1,12,6,일,1,0,108,17.0,16.0,8.0,7.0,32.291666666666664,24,37.0,8,37.285714285714285,7,0,ENV_YDST_108_HR_2025_2025_2026.csv
2025-01-13,2025,1,13,0,월,0,0,108,17.0,16.0,8.0,7.0,48.625,24,58.125,8,58.857142857142854,7,0,ENV_YDST_108_HR_2025_2025_2026.csv
2025-01-14,2025,1,14,1,화,0,1,108,17.0,16.0,8.0,7.0,49.958333333333336,24,55.75,8,57.285714285714285,7,0,ENV_YDST_108_HR_2025_2025_2026.csv
2025-01-15,2025,1,15,2,수,0,0,108,17.0,16.0,8.0,7.0,34.5,24,46.5,8,48.42857142857143,7,0,ENV_YDST_108_HR_2025_2025_2026.csv
2025-01-16,2025,1,16,3,목,0,0,108,17.0,16.0,8.0,7.0,33.791666666666664,24,34.75,8,33.42857142857143,7,0,ENV_YDST_108_HR_2025_2025_2026.csv
2025-01-17,2025,1,17,4,금,0,0,108,17.0,16.0,8.0,7.0,52.333333333333336,24,63.875,8,64.57142857142857,7,0,ENV_YDST_108_HR_2025_2025_2026.csv
2025-01-18,2025,1,18,5,토,1,0,108,17.0,16.0,8.0,7.0,42.875,24,52.25,8,52.714285714285715,7,0,ENV_YDST_108_HR_2025_2025_2026.csv
2025-01-19,2025,1,19,6,일,1,0,108,17.0,16.0,8.0,7.0,37.166666666666664,24,40.125,8,41.142857142857146,7,0,ENV_YDST_108_HR_2025_2025_2026.csv
2025-01-20,2025,1,20,0,월,0,0,108,17.0,16.0,8.0,7.0,78.625,24,96.625,8,96.71428571428571,7,1,ENV_YDST_108_HR_2025_2025_2026.csv
2025-01-21,2025,1,21,1,화,0,1,108,17.0,16.0,8.0,7.0,112.875,24,112.875,8,111.85714285714286,7,1,ENV_YDST_108_HR_2025_2025_2026.csv
2025-01-22,2025,1,22,2,수,0,0,108,17.0,16.0,8.0,7.0,71.54166666666667,24,67.0,8,67.71428571428571,7,0,ENV_YDST_108_HR_2025_2025_2026.csv
2025-01-23,2025,1,23,3,목,0,0,108,17.0,16.0,8.0,7.0,44.583333333333336,24,42.0,8,44.0,7,0,ENV_YDST_108_HR_2025_2025_2026.csv
2025-01-24,2025,1,24,4,금,0,0,108,17.0,16.0,8.0,7.0,43.458333333333336,24,52.375,8,51.42857142857143,7,0,ENV_YDST_108_HR_2025_2025_2026.csv
2025-01-25,2025,1,25,5,토,1,0,108,17.0,16.0,8.0,7.0,18.0,24,17.125,8,16.285714285714285,7,0,ENV_YDST_108_HR_2025_2025_2026.csv
2025-01-26,2025,1,26,6,일,1,0,108,17.0,16.0,8.0,7.0,10.75,24,13.25,8,13.0,7,0,ENV_YDST_108_HR_2025_2025_2026.csv
2025-01-27,2025,1,27,0,월,0,0,108,17.0,16.0,8.0,7.0,56.95652173913044,23,137.28571428571428,8,133.33333333333334,7,1,ENV_YDST_108_HR_2025_2025_2026.csv
2025-01-28,2025,1,28,1,화,0,1,108,17.0,16.0,8.0,7.0,46.833333333333336,24,62.375,8,51.0,7,0,ENV_YDST_108_HR_2025_2025_2026.csv
2025-01-29,2025,1,29,2,수,0,0,108,17.0,16.0,8.0,7.0,32.75,24,40.25,8,39.857142857142854,7,0,ENV_YDST_108_HR_2025_2025_2026.csv
2025-01-30,2025,1,30,3,목,0,0,108,17.0,16.0,8.0,7.0,22.166666666666668,24,25.625,8,26.285714285714285,7,0,ENV_YDST_108_HR_2025_2025_2026.csv
2025-01-31,2025,1,31,4,금,0,0,108,17.0,16.0,8.0,7.0,30.583333333333332,24,33.375,8,33.0,7,0,ENV_YDST_108_HR_2025_2025_2026.csv
2025-02-01,2025,2,1,5,토,1,0,108,17.0,16.0,8.0,7.0,42.416666666666664,24,42.625,8,41.857142857142854,7,0,ENV_YDST_108_HR_2025_2025_2026.csv
2025-02-02,2025,2,2,6,일,1,0,108,17.0,16.0,8.0,7.0,39.916666666666664,24,38.625,8,39.42857142857143,7,0,ENV_YDST_108_HR_2025_2025_2026.csv
2025-02-03,2025,2,3,0,월,0,0,108,17.0,16.0,8.0,7.0,36.0,24,24.125,8,18.571428571428573,7,0,ENV_YDST_108_HR_2025_2025_2026.csv
2025-02-04,2025,2,4,1,화,0,1,108,17.0,16.0,8.0,7.0,22.608695652173914,23,21.0,8,21.714285714285715,7,0,ENV_YDST_108_HR_2025_2025_2026.csv
2025-02-05,2025,2,5,2,수,0,0,108,17.0,16.0,8.0,7.0,20.0,24,21.125,8,20.428571428571427,7,0,ENV_YDST_108_HR_2025_2025_2026.csv
2025-02-06,2025,2,6,3,목,0,0,108,17.0,16.0,8.0,7.0,23.875,24,29.5,8,26.428571428571427,7,0,ENV_YDST_108_HR_2025_2025_2026.csv
2025-02-07,2025,2,7,4,금,0,0,108,17.0,16.0,8.0,7.0,48.416666666666664,24,73.375,8,70.0,7,0,ENV_YDST_108_HR_2025_2025_2026.csv
2025-02-08,2025,2,8,5,토,1,0,108,17.0,16.0,8.0,7.0,28.75,24,28.25,8,26.714285714285715,7,0,ENV_YDST_108_HR_2025_2025_2026.csv
2025-02-09,2025,2,9,6,일,1,0,108,17.0,16.0,8.0,7.0,27.875,24,27.25,8,27.714285714285715,7,0,ENV_YDST_108_HR_2025_2025_2026.csv
2025-02-10,2025,2,10,0,월,0,0,108,17.0,16.0,8.0,7.0,24.958333333333332,24,29.875,8,29.571428571428573,7,0,ENV_YDST_108_HR_2025_2025_2026.csv
2025-02-11,2025,2,11,1,화,0,1,108,17.0,16.0,8.0,7.0,37.583333333333336,24,42.875,8,42.714285714285715,7,0,ENV_YDST_108_HR_2025_2025_2026.csv
2025-02-12,2025,2,12,2,수,0,0,108,17.0,16.0,8.0,7.0,32.166666666666664,24,36.625,8,34.714285714285715,7,0,ENV_YDST_108_HR_2025_2025_2026.csv
2025-02-13,2025,2,13,3,목,0,0,108,17.0,16.0,8.0,7.0,28.416666666666668,24,36.0,8,36.42857142857143,7,0,ENV_YDST_108_HR_2025_2025_2026.csv
2025-02-14,2025,2,14,4,금,0,0,108,17.0,16.0,8.0,7.0,66.70833333333333,24,73.25,8,70.0,7,0,ENV_YDST_108_HR_2025_2025_2026.csv
2025-02-15,2025,2,15,5,토,1,0,108,17.0,16.0,8.0,7.0,54.458333333333336,24,60.5,8,63.714285714285715,7,0,ENV_YDST_108_HR_2025_2025_2026.csv
2025-02-16,2025,2,16,6,일,1,0,108,17.0,16.0,8.0,7.0,55.916666666666664,24,47.125,8,43.285714285714285,7,0,ENV_YDST_108_HR_2025_2025_2026.csv
2025-02-17,2025,2,17,0,월,0,0,108,17.0,16.0,8.0,7.0,36.625,24,55.5,8,58.142857142857146,7,0,ENV_YDST_108_HR_2025_2025_2026.csv
2025-02-18,2025,2,18,1,화,0,1,108,17.0,16.0,8.0,7.0,26.666666666666668,24,36.5,8,38.714285714285715,7,0,ENV_YDST_108_HR_2025_2025_2026.csv
2025-02-19,2025,2,19,2,수,0,0,108,17.0,16.0,8.0,7.0,26.208333333333332,24,32.25,8,32.42857142857143,7,0,ENV_YDST_108_HR_2025_2025_2026.csv
2025-02-20,2025,2,20,3,목,0,0,108,17.0,16.0,8.0,7.0,27.625,24,31.5,8,31.0,7,0,ENV_YDST_108_HR_2025_2025_2026.csv
2025-02-21,2025,2,21,4,금,0,0,108,17.0,16.0,8.0,7.0,31.333333333333332,24,36.0,8,34.714285714285715,7,0,ENV_YDST_108_HR_2025_2025_2026.csv
2025-02-22,2025,2,22,5,토,1,0,108,17.0,16.0,8.0,7.0,30.958333333333332,24,38.375,8,37.0,7,0,ENV_YDST_108_HR_2025_2025_2026.csv
2025-02-23,2025,2,23,6,일,1,0,108,17.0,16.0,8.0,7.0,33.625,24,38.25,8,38.285714285714285,7,0,ENV_YDST_108_HR_2025_2025_2026.csv
2025-02-24,2025,2,24,0,월,0,0,108,17.0,16.0,8.0,7.0,31.958333333333332,24,35.5,8,35.857142857142854,7,0,ENV_YDST_108_HR_2025_2025_2026.csv
2025-02-25,2025,2,25,1,화,0,1,108,17.0,16.0,8.0,7.0,27.583333333333332,24,27.5,8,28.714285714285715,7,0,ENV_YDST_108_HR_2025_2025_2026.csv
2025-02-26,2025,2,26,2,수,0,0,108,17.0,16.0,8.0,7.0,56.833333333333336,24,65.125,8,65.0,7,0,ENV_YDST_108_HR_2025_2025_2026.csv
2025-02-27,2025,2,27,3,목,0,0,108,17.0,16.0,8.0,7.0,39.958333333333336,24,43.875,8,44.714285714285715,7,0,ENV_YDST_108_HR_2025_2025_2026.csv
2025-02-28,2025,2,28,4,금,0,0,108,17.0,16.0,8.0,7.0,44.083333333333336,24,50.125,8,52.714285714285715,7,0,ENV_YDST_108_HR_2025_2025_2026.csv
2025-03-01,2025,3,1,5,토,1,0,108,18.0,17.0,9.0,8.0,45.625,24,49.55555555555556,9,52.125,8,0,ENV_YDST_108_HR_2025_2025_2026.csv
2025-03-02,2025,3,2,6,일,1,0,108,18.0,17.0,9.0,8.0,44.111111111111114,18,42.55555555555556,9,42.5,8,0,ENV_YDST_108_HR_2025_2025_2026.csv
2025-03-03,2025,3,3,0,월,0,0,108,18.0,17.0,9.0,8.0,15.625,16,19.0,9,18.875,8,0,ENV_YDST_108_HR_2025_2025_2026.csv
2025-03-04,2025,3,4,1,화,0,1,108,18.0,17.0,9.0,8.0,12.0,19,10.88888888888889,9,11.25,8,0,ENV_YDST_108_HR_2025_2025_2026.csv
2025-03-05,2025,3,5,2,수,0,0,108,18.0,17.0,9.0,8.0,7.8,15,8.375,9,8.428571428571429,8,0,ENV_YDST_108_HR_2025_2025_2026.csv
2025-03-06,2025,3,6,3,목,0,0,108,18.0,17.0,9.0,8.0,41.625,24,48.22222222222222,9,47.625,8,0,ENV_YDST_108_HR_2025_2025_2026.csv
2025-03-07,2025,3,7,4,금,0,0,108,18.0,17.0,9.0,8.0,61.666666666666664,21,68.33333333333333,9,74.0,8,0,ENV_YDST_108_HR_2025_2025_2026.csv
2025-03-08,2025,3,8,5,토,1,0,108,18.0,17.0,9.0,8.0,49.958333333333336,24,50.888888888888886,9,51.0,8,0,ENV_YDST_108_HR_2025_2025_2026.csv
2025-03-09,2025,3,9,6,일,1,0,108,18.0,17.0,9.0,8.0,43.416666666666664,24,56.888888888888886,9,57.125,8,0,ENV_YDST_108_HR_2025_2025_2026.csv
2025-03-10,2025,3,10,0,월,0,0,108,18.0,17.0,9.0,8.0,54.708333333333336,24,68.11111111111111,9,68.75,8,0,ENV_YDST_108_HR_2025_2025_2026.csv
2025-03-11,2025,3,11,1,화,0,1,108,18.0,17.0,9.0,8.0,42.916666666666664,24,53.77777777777778,9,52.625,8,0,ENV_YDST_108_HR_2025_2025_2026.csv
2025-03-12,2025,3,12,2,수,0,0,108,18.0,17.0,9.0,8.0,31.73913043478261,23,43.44444444444444,9,44.75,8,0,ENV_YDST_108_HR_2025_2025_2026.csv
2025-03-13,2025,3,13,3,목,0,0,108,18.0,17.0,9.0,8.0,80.25,24,101.22222222222223,9,99.0,8,1,ENV_YDST_108_HR_2025_2025_2026.csv
2025-03-14,2025,3,14,4,금,0,0,108,18.0,17.0,9.0,8.0,62.208333333333336,24,72.77777777777777,9,69.25,8,0,ENV_YDST_108_HR_2025_2025_2026.csv
2025-03-15,2025,3,15,5,토,1,0,108,18.0,17.0,9.0,8.0,37.208333333333336,24,41.111111111111114,9,39.375,8,0,ENV_YDST_108_HR_2025_2025_2026.csv
2025-03-16,2025,3,16,6,일,1,0,108,18.0,17.0,9.0,8.0,31.304347826086957,23,36.5,9,34.142857142857146,8,0,ENV_YDST_108_HR_2025_2025_2026.csv
2025-03-17,2025,3,17,0,월,0,0,108,18.0,17.0,9.0,8.0,37.75,24,46.666666666666664,9,45.5,8,0,ENV_YDST_108_HR_2025_2025_2026.csv
2025-03-18,2025,3,18,1,화,0,1,108,18.0,17.0,9.0,8.0,26.208333333333332,24,21.0,9,20.125,8,0,ENV_YDST_108_HR_2025_2025_2026.csv
2025-03-19,2025,3,19,2,수,0,0,108,18.0,17.0,9.0,8.0,46.583333333333336,24,52.55555555555556,9,51.875,8,0,ENV_YDST_108_HR_2025_2025_2026.csv
2025-03-20,2025,3,20,3,목,0,0,108,18.0,17.0,9.0,8.0,54.375,24,59.0,9,56.625,8,0,ENV_YDST_108_HR_2025_2025_2026.csv
2025-03-21,2025,3,21,4,금,0,0,108,18.0,17.0,9.0,8.0,71.41666666666667,24,78.11111111111111,9,77.25,8,0,ENV_YDST_108_HR_2025_2025_2026.csv
2025-03-22,2025,3,22,5,토,1,0,108,18.0,17.0,9.0,8.0,65.0,24,81.88888888888889,9,80.875,8,1,ENV_YDST_108_HR_2025_2025_2026.csv
2025-03-23,2025,3,23,6,일,1,0,108,18.0,17.0,9.0,8.0,74.45833333333333,24,88.77777777777777,9,87.25,8,1,ENV_YDST_108_HR_2025_2025_2026.csv
2025-03-24,2025,3,24,0,월,0,0,108,18.0,17.0,9.0,8.0,84.875,24,92.11111111111111,9,88.0,8,1,ENV_YDST_108_HR_2025_2025_2026.csv
2025-03-25,2025,3,25,1,화,0,1,108,18.0,17.0,9.0,8.0,148.125,24,205.66666666666666,9,204.875,8,1,ENV_YDST_108_HR_2025_2025_2026.csv
2025-03-26,2025,3,26,2,수,0,0,108,18.0,17.0,9.0,8.0,124.875,24,148.22222222222223,9,148.0,8,1,ENV_YDST_108_HR_2025_2025_2026.csv
2025-03-27,2025,3,27,3,목,0,0,108,18.0,17.0,9.0,8.0,59.291666666666664,24,43.111111111111114,9,28.25,8,0,ENV_YDST_108_HR_2025_2025_2026.csv
2025-03-28,2025,3,28,4,금,0,0,108,18.0,17.0,9.0,8.0,38.958333333333336,24,46.22222222222222,9,44.5,8,0,ENV_YDST_108_HR_2025_2025_2026.csv
2025-03-29,2025,3,29,5,토,1,0,108,18.0,17.0,9.0,8.0,21.916666666666668,24,31.77777777777778,9,30.75,8,0,ENV_YDST_108_HR_2025_2025_2026.csv
2025-03-30,2025,3,30,6,일,1,0,108,18.0,17.0,9.0,8.0,24.833333333333332,24,32.44444444444444,9,33.75,8,0,ENV_YDST_108_HR_2025_2025_2026.csv
2025-03-31,2025,3,31,0,월,0,0,108,18.0,17.0,9.0,8.0,33.0,24,52.0,9,52.625,8,0,ENV_YDST_108_HR_2025_2025_2026.csv
2025-04-01,2025,4,1,1,화,0,1,108,18.0,17.0,9.0,8.0,52.083333333333336,24,67.33333333333333,9,68.375,8,0,ENV_YDST_108_HR_2025_2025_2026.csv
2025-04-02,2025,4,2,2,수,0,0,108,18.0,17.0,9.0,8.0,41.25,24,58.55555555555556,9,59.875,8,0,ENV_YDST_108_HR_2025_2025_2026.csv
2025-04-03,2025,4,3,3,목,0,0,108,18.0,17.0,9.0,8.0,31.125,24,37.0,9,35.375,8,0,ENV_YDST_108_HR_2025_2025_2026.csv
2025-04-04,2025,4,4,4,금,0,0,108,18.0,17.0,9.0,8.0,34.333333333333336,24,35.666666666666664,9,36.875,8,0,ENV_YDST_108_HR_2025_2025_2026.csv
2025-04-05,2025,4,5,5,토,1,0,108,18.0,17.0,9.0,8.0,18.363636363636363,22,13.125,9,14.0,8,0,ENV_YDST_108_HR_2025_2025_2026.csv
2025-04-06,2025,4,6,6,일,1,0,108,18.0,17.0,9.0,8.0,27.25,24,34.0,9,33.125,8,0,ENV_YDST_108_HR_2025_2025_2026.csv
2025-04-07,2025,4,7,0,월,0,0,108,18.0,17.0,9.0,8.0,47.625,24,54.888888888888886,9,53.875,8,0,ENV_YDST_108_HR_2025_2025_2026.csv
2025-04-08,2025,4,8,1,화,0,1,108,18.0,17.0,9.0,8.0,63.541666666666664,24,68.0,9,69.375,8,0,ENV_YDST_108_HR_2025_2025_2026.csv
2025-04-09,2025,4,9,2,수,0,0,108,18.0,17.0,9.0,8.0,47.583333333333336,24,52.333333333333336,9,55.375,8,0,ENV_YDST_108_HR_2025_2025_2026.csv
2025-04-10,2025,4,10,3,목,0,0,108,18.0,17.0,9.0,8.0,42.125,24,36.77777777777778,9,36.0,8,0,ENV_YDST_108_HR_2025_2025_2026.csv
2025-04-11,2025,4,11,4,금,0,0,108,18.0,17.0,9.0,8.0,49.291666666666664,24,55.22222222222222,9,55.25,8,0,ENV_YDST_108_HR_2025_2025_2026.csv
2025-04-12,2025,4,12,5,토,1,0,108,18.0,17.0,9.0,8.0,40.19047619047619,21,35.44444444444444,9,37.5,8,0,ENV_YDST_108_HR_2025_2025_2026.csv
2025-04-13,2025,4,13,6,일,1,0,108,18.0,17.0,9.0,8.0,55.35,20,91.11111111111111,9,99.625,8,1,ENV_YDST_108_HR_2025_2025_2026.csv
2025-04-14,2025,4,14,0,월,0,0,108,18.0,17.0,9.0,8.0,16.708333333333332,24,18.88888888888889,9,18.625,8,0,ENV_YDST_108_HR_2025_2025_2026.csv
2025-04-15,2025,4,15,1,화,0,1,108,18.0,17.0,9.0,8.0,24.208333333333332,24,32.666666666666664,9,32.875,8,0,ENV_YDST_108_HR_2025_2025_2026.csv
2025-04-16,2025,4,16,2,수,0,0,108,18.0,17.0,9.0,8.0,36.375,24,44.44444444444444,9,43.875,8,0,ENV_YDST_108_HR_2025_2025_2026.csv
2025-04-17,2025,4,17,3,목,0,0,108,18.0,17.0,9.0,8.0,59.958333333333336,24,66.44444444444444,9,66.125,8,0,ENV_YDST_108_HR_2025_2025_2026.csv
2025-04-18,2025,4,18,4,금,0,0,108,18.0,17.0,9.0,8.0,62.125,24,66.22222222222223,9,66.625,8,0,ENV_YDST_108_HR_2025_2025_2026.csv
2025-04-19,2025,4,19,5,토,1,0,108,18.0,17.0,9.0,8.0,39.76190476190476,21,17.714285714285715,9,17.714285714285715,8,0,ENV_YDST_108_HR_2025_2025_2026.csv
2025-04-20,2025,4,20,6,일,1,0,108,18.0,17.0,9.0,8.0,19.5,24,25.0,9,25.0,8,0,ENV_YDST_108_HR_2025_2025_2026.csv
2025-04-21,2025,4,21,0,월,0,0,108,18.0,17.0,9.0,8.0,25.166666666666668,24,29.0,9,28.625,8,0,ENV_YDST_108_HR_2025_2025_2026.csv
2025-04-22,2025,4,22,1,화,0,1,108,18.0,17.0,9.0,8.0,17.55,20,14.5,9,16.4,8,0,ENV_YDST_108_HR_2025_2025_2026.csv
2025-04-23,2025,4,23,2,수,0,0,108,18.0,17.0,9.0,8.0,21.714285714285715,7,36.0,9,,8,0,ENV_YDST_108_HR_2025_2025_2026.csv
2025-04-24,2025,4,24,3,목,0,0,108,18.0,17.0,9.0,8.0,42.625,24,43.111111111111114,9,41.5,8,0,ENV_YDST_108_HR_2025_2025_2026.csv
2025-04-25,2025,4,25,4,금,0,0,108,18.0,17.0,9.0,8.0,62.73913043478261,23,76.44444444444444,9,79.125,8,0,ENV_YDST_108_HR_2025_2025_2026.csv
2025-04-26,2025,4,26,5,토,1,0,108,18.0,17.0,9.0,8.0,36.666666666666664,24,44.888888888888886,9,45.25,8,0,ENV_YDST_108_HR_2025_2025_2026.csv
2025-04-27,2025,4,27,6,일,1,0,108,18.0,17.0,9.0,8.0,27.583333333333332,24,31.77777777777778,9,32.0,8,0,ENV_YDST_108_HR_2025_2025_2026.csv
2025-04-28,2025,4,28,0,월,0,0,108,18.0,17.0,9.0,8.0,37.791666666666664,24,46.111111111111114,9,46.375,8,0,ENV_YDST_108_HR_2025_2025_2026.csv
2025-04-29,2025,4,29,1,화,0,1,108,18.0,17.0,9.0,8.0,42.291666666666664,24,52.55555555555556,9,53.875,8,0,ENV_YDST_108_HR_2025_2025_2026.csv
2025-04-30,2025,4,30,2,수,0,0,108,18.0,17.0,9.0,8.0,44.416666666666664,24,51.333333333333336,9,52.0,8,0,ENV_YDST_108_HR_2025_2025_2026.csv
2025-05-01,2025,5,1,3,목,0,0,108,18.0,17.0,9.0,8.0,32.25,24,23.22222222222222,9,22.25,8,0,ENV_YDST_108_HR_2025_2025_2026.csv
2025-05-02,2025,5,2,4,금,0,0,108,18.0,17.0,9.0,8.0,25.875,24,33.111111111111114,9,32.875,8,0,ENV_YDST_108_HR_2025_2025_2026.csv
2025-05-03,2025,5,3,5,토,1,0,108,18.0,17.0,9.0,8.0,17.541666666666668,24,14.555555555555555,9,14.125,8,0,ENV_YDST_108_HR_2025_2025_2026.csv
2025-05-04,2025,5,4,6,일,1,0,108,18.0,17.0,9.0,8.0,37.916666666666664,24,50.666666666666664,9,51.625,8,0,ENV_YDST_108_HR_2025_2025_2026.csv
2025-05-05,2025,5,5,0,월,0,0,108,18.0,17.0,9.0,8.0,26.416666666666668,24,31.555555555555557,9,33.625,8,0,ENV_YDST_108_HR_2025_2025_2026.csv
2025-05-06,2025,5,6,1,화,0,1,108,18.0,17.0,9.0,8.0,19.958333333333332,24,25.444444444444443,9,26.375,8,0,ENV_YDST_108_HR_2025_2025_2026.csv
2025-05-07,2025,5,7,2,수,0,0,108,18.0,17.0,9.0,8.0,32.0,24,39.44444444444444,9,39.875,8,0,ENV_YDST_108_HR_2025_2025_2026.csv
2025-05-08,2025,5,8,3,목,0,0,108,18.0,17.0,9.0,8.0,53.375,24,61.77777777777778,9,55.25,8,0,ENV_YDST_108_HR_2025_2025_2026.csv
2025-05-09,2025,5,9,4,금,0,0,108,18.0,17.0,9.0,8.0,57.78260869565217,23,49.77777777777778,9,54.75,8,0,ENV_YDST_108_HR_2025_2025_2026.csv
2025-05-10,2025,5,10,5,토,1,0,108,18.0,17.0,9.0,8.0,19.772727272727273,22,19.88888888888889,9,18.75,8,0,ENV_YDST_108_HR_2025_2025_2026.csv
2025-05-11,2025,5,11,6,일,1,0,108,18.0,17.0,9.0,8.0,48.041666666666664,24,50.0,9,50.5,8,0,ENV_YDST_108_HR_2025_2025_2026.csv
2025-05-12,2025,5,12,0,월,0,0,108,18.0,17.0,9.0,8.0,41.583333333333336,24,44.22222222222222,9,44.75,8,0,ENV_YDST_108_HR_2025_2025_2026.csv
2025-05-13,2025,5,13,1,화,0,1,108,18.0,17.0,9.0,8.0,42.458333333333336,24,49.55555555555556,9,49.5,8,0,ENV_YDST_108_HR_2025_2025_2026.csv
2025-05-14,2025,5,14,2,수,0,0,108,18.0,17.0,9.0,8.0,40.208333333333336,24,45.77777777777778,9,46.0,8,0,ENV_YDST_108_HR_2025_2025_2026.csv
2025-05-15,2025,5,15,3,목,0,0,108,18.0,17.0,9.0,8.0,27.083333333333332,24,21.444444444444443,9,19.25,8,0,ENV_YDST_108_HR_2025_2025_2026.csv
2025-05-16,2025,5,16,4,금,0,0,108,18.0,17.0,9.0,8.0,30.529411764705884,17,21.75,8,21.75,8,0,ENV_YDST_108_HR_2025_2025_2026.csv
2025-05-17,2025,5,17,5,토,1,0,108,18.0,17.0,9.0,8.0,16.40909090909091,22,21.0,9,22.625,8,0,ENV_YDST_108_HR_2025_2025_2026.csv
2025-05-18,2025,5,18,6,일,1,0,108,18.0,17.0,9.0,8.0,33.875,24,33.888888888888886,9,33.625,8,0,ENV_YDST_108_HR_2025_2025_2026.csv
2025-05-19,2025,5,19,0,월,0,0,108,18.0,17.0,9.0,8.0,35.333333333333336,24,47.666666666666664,9,45.125,8,0,ENV_YDST_108_HR_2025_2025_2026.csv
2025-05-20,2025,5,20,1,화,0,1,108,18.0,17.0,9.0,8.0,17.916666666666668,24,21.444444444444443,9,20.625,8,0,ENV_YDST_108_HR_2025_2025_2026.csv
2025-05-21,2025,5,21,2,수,0,0,108,18.0,17.0,9.0,8.0,19.09090909090909,22,23.77777777777778,9,23.5,8,0,ENV_YDST_108_HR_2025_2025_2026.csv
2025-05-22,2025,5,22,3,목,0,0,108,18.0,17.0,9.0,8.0,22.583333333333332,24,26.0,9,24.625,8,0,ENV_YDST_108_HR_2025_2025_2026.csv
2025-05-23,2025,5,23,4,금,0,0,108,18.0,17.0,9.0,8.0,28.375,24,35.333333333333336,9,35.375,8,0,ENV_YDST_108_HR_2025_2025_2026.csv
2025-05-24,2025,5,24,5,토,1,0,108,18.0,17.0,9.0,8.0,20.291666666666668,24,19.22222222222222,9,19.75,8,0,ENV_YDST_108_HR_2025_2025_2026.csv
2025-05-25,2025,5,25,6,일,1,0,108,18.0,17.0,9.0,8.0,19.5,24,24.0,9,23.0,8,0,ENV_YDST_108_HR_2025_2025_2026.csv
2025-05-26,2025,5,26,0,월,0,0,108,18.0,17.0,9.0,8.0,39.666666666666664,24,45.111111111111114,9,43.25,8,0,ENV_YDST_108_HR_2025_2025_2026.csv
2025-05-27,2025,5,27,1,화,0,1,108,18.0,17.0,9.0,8.0,47.458333333333336,24,50.111111111111114,9,48.375,8,0,ENV_YDST_108_HR_2025_2025_2026.csv
2025-05-28,2025,5,28,2,수,0,0,108,18.0,17.0,9.0,8.0,44.041666666666664,24,56.0,9,54.25,8,0,ENV_YDST_108_HR_2025_2025_2026.csv
2025-05-29,2025,5,29,3,목,0,0,108,18.0,17.0,9.0,8.0,38.0,24,41.666666666666664,9,41.125,8,0,ENV_YDST_108_HR_2025_2025_2026.csv
2025-05-30,2025,5,30,4,금,0,0,108,18.0,17.0,9.0,8.0,41.0,24,43.0,9,42.5,8,0,ENV_YDST_108_HR_2025_2025_2026.csv
2025-05-31,2025,5,31,5,토,1,0,108,18.0,17.0,9.0,8.0,40.708333333333336,24,48.44444444444444,9,44.25,8,0,ENV_YDST_108_HR_2025_2025_2026.csv
2025-06-01,2025,6,1,6,일,1,0,108,18.5,17.5,9.5,8.5,48.375,24,50.4,10,51.0,9,0,ENV_YDST_108_HR_2025_2025_2026.csv
2025-06-02,2025,6,2,0,월,0,0,108,18.5,17.5,9.5,8.5,51.375,24,52.9,10,53.111111111111114,9,0,ENV_YDST_108_HR_2025_2025_2026.csv
2025-06-03,2025,6,3,1,화,0,1,108,18.5,17.5,9.5,8.5,43.083333333333336,24,40.5,10,41.333333333333336,9,0,ENV_YDST_108_HR_2025_2025_2026.csv
2025-06-04,2025,6,4,2,수,0,0,108,18.5,17.5,9.5,8.5,29.0,24,39.0,10,40.333333333333336,9,0,ENV_YDST_108_HR_2025_2025_2026.csv
2025-06-05,2025,6,5,3,목,0,0,108,18.5,17.5,9.5,8.5,25.583333333333332,24,31.5,10,32.111111111111114,9,0,ENV_YDST_108_HR_2025_2025_2026.csv
2025-06-06,2025,6,6,4,금,0,0,108,18.5,17.5,9.5,8.5,32.125,24,42.2,10,42.666666666666664,9,0,ENV_YDST_108_HR_2025_2025_2026.csv
2025-06-07,2025,6,7,5,토,1,0,108,18.5,17.5,9.5,8.5,39.75,24,50.7,10,50.77777777777778,9,0,ENV_YDST_108_HR_2025_2025_2026.csv
2025-06-08,2025,6,8,6,일,1,0,108,18.5,17.5,9.5,8.5,27.5,24,28.3,10,28.22222222222222,9,0,ENV_YDST_108_HR_2025_2025_2026.csv
2025-06-09,2025,6,9,0,월,0,0,108,18.5,17.5,9.5,8.5,30.833333333333332,24,40.2,10,40.55555555555556,9,0,ENV_YDST_108_HR_2025_2025_2026.csv
2025-06-10,2025,6,10,1,화,0,1,108,18.5,17.5,9.5,8.5,18.08695652173913,23,19.555555555555557,10,19.75,9,0,ENV_YDST_108_HR_2025_2025_2026.csv
2025-06-11,2025,6,11,2,수,0,0,108,18.5,17.5,9.5,8.5,25.625,24,30.8,10,30.88888888888889,9,0,ENV_YDST_108_HR_2025_2025_2026.csv
2025-06-12,2025,6,12,3,목,0,0,108,18.5,17.5,9.5,8.5,33.291666666666664,24,37.3,10,34.55555555555556,9,0,ENV_YDST_108_HR_2025_2025_2026.csv
2025-06-13,2025,6,13,4,금,0,0,108,18.5,17.5,9.5,8.5,41.25,24,51.0,10,51.44444444444444,9,0,ENV_YDST_108_HR_2025_2025_2026.csv
2025-06-14,2025,6,14,5,토,1,0,108,18.5,17.5,9.5,8.5,24.916666666666668,24,23.3,10,22.666666666666668,9,0,ENV_YDST_108_HR_2025_2025_2026.csv
2025-06-15,2025,6,15,6,일,1,0,108,18.5,17.5,9.5,8.5,25.75,24,25.0,10,26.11111111111111,9,0,ENV_YDST_108_HR_2025_2025_2026.csv
2025-06-16,2025,6,16,0,월,0,0,108,18.5,17.5,9.5,8.5,31.9,20,34.6,10,33.666666666666664,9,0,ENV_YDST_108_HR_2025_2025_2026.csv
2025-06-17,2025,6,17,1,화,0,1,108,18.5,17.5,9.5,8.5,43.166666666666664,24,49.0,10,48.44444444444444,9,0,ENV_YDST_108_HR_2025_2025_2026.csv
2025-06-18,2025,6,18,2,수,0,0,108,18.5,17.5,9.5,8.5,42.666666666666664,24,48.1,10,49.111111111111114,9,0,ENV_YDST_108_HR_2025_2025_2026.csv
2025-06-19,2025,6,19,3,목,0,0,108,18.5,17.5,9.5,8.5,34.833333333333336,24,41.6,10,43.0,9,0,ENV_YDST_108_HR_2025_2025_2026.csv
2025-06-20,2025,6,20,4,금,0,0,108,18.5,17.5,9.5,8.5,9.444444444444445,18,9.571428571428571,10,9.571428571428571,9,0,ENV_YDST_108_HR_2025_2025_2026.csv
2025-06-21,2025,6,21,5,토,1,0,108,18.5,17.5,9.5,8.5,20.083333333333332,24,20.4,10,19.444444444444443,9,0,ENV_YDST_108_HR_2025_2025_2026.csv
2025-06-22,2025,6,22,6,일,1,0,108,18.5,17.5,9.5,8.5,29.208333333333332,24,31.5,10,30.88888888888889,9,0,ENV_YDST_108_HR_2025_2025_2026.csv
2025-06-23,2025,6,23,0,월,0,0,108,18.5,17.5,9.5,8.5,32.0,19,42.57142857142857,10,42.57142857142857,9,0,ENV_YDST_108_HR_2025_2025_2026.csv
2025-06-24,2025,6,24,1,화,0,1,108,18.5,17.5,9.5,8.5,23.291666666666668,24,22.2,10,23.11111111111111,9,0,ENV_YDST_108_HR_2025_2025_2026.csv
2025-06-25,2025,6,25,2,수,0,0,108,18.5,17.5,9.5,8.5,10.916666666666666,24,13.7,10,13.777777777777779,9,0,ENV_YDST_108_HR_2025_2025_2026.csv
2025-06-26,2025,6,26,3,목,0,0,108,18.5,17.5,9.5,8.5,17.708333333333332,24,22.3,10,22.88888888888889,9,0,ENV_YDST_108_HR_2025_2025_2026.csv
2025-06-27,2025,6,27,4,금,0,0,108,18.5,17.5,9.5,8.5,28.958333333333332,24,33.6,10,33.22222222222222,9,0,ENV_YDST_108_HR_2025_2025_2026.csv
2025-06-28,2025,6,28,5,토,1,0,108,18.5,17.5,9.5,8.5,33.166666666666664,24,36.7,10,37.44444444444444,9,0,ENV_YDST_108_HR_2025_2025_2026.csv
2025-06-29,2025,6,29,6,일,1,0,108,18.5,17.5,9.5,8.5,19.55,20,17.0,10,16.555555555555557,9,0,ENV_YDST_108_HR_2025_2025_2026.csv
2025-06-30,2025,6,30,0,월,0,0,108,18.5,17.5,9.5,8.5,12.428571428571429,21,17.0,10,16.88888888888889,9,0,ENV_YDST_108_HR_2025_2025_2026.csv
2025-07-01,2025,7,1,1,화,0,1,108,18.5,17.5,9.5,8.5,11.083333333333334,24,14.0,10,14.222222222222221,9,0,ENV_YDST_108_HR_2025_2025_2026.csv
2025-07-02,2025,7,2,2,수,0,0,108,18.5,17.5,9.5,8.5,12.666666666666666,24,15.0,10,15.222222222222221,9,0,ENV_YDST_108_HR_2025_2025_2026.csv
2025-07-03,2025,7,3,3,목,0,0,108,18.5,17.5,9.5,8.5,23.083333333333332,24,27.9,10,27.555555555555557,9,0,ENV_YDST_108_HR_2025_2025_2026.csv
2025-07-04,2025,7,4,4,금,0,0,108,18.5,17.5,9.5,8.5,23.125,24,30.3,10,29.88888888888889,9,0,ENV_YDST_108_HR_2025_2025_2026.csv
2025-07-05,2025,7,5,5,토,1,0,108,18.5,17.5,9.5,8.5,22.083333333333332,24,26.4,10,26.555555555555557,9,0,ENV_YDST_108_HR_2025_2025_2026.csv
2025-07-06,2025,7,6,6,일,1,0,108,18.5,17.5,9.5,8.5,27.125,24,31.7,10,32.333333333333336,9,0,ENV_YDST_108_HR_2025_2025_2026.csv
2025-07-07,2025,7,7,0,월,0,0,108,18.5,17.5,9.5,8.5,45.083333333333336,24,54.1,10,50.77777777777778,9,0,ENV_YDST_108_HR_2025_2025_2026.csv
2025-07-08,2025,7,8,1,화,0,1,108,18.5,17.5,9.5,8.5,41.0,23,43.1,10,44.55555555555556,9,0,ENV_YDST_108_HR_2025_2025_2026.csv
2025-07-09,2025,7,9,2,수,0,0,108,18.5,17.5,9.5,8.5,20.458333333333332,24,26.9,10,27.22222222222222,9,0,ENV_YDST_108_HR_2025_2025_2026.csv
2025-07-10,2025,7,10,3,목,0,0,108,18.5,17.5,9.5,8.5,19.291666666666668,24,25.3,10,25.88888888888889,9,0,ENV_YDST_108_HR_2025_2025_2026.csv
2025-07-11,2025,7,11,4,금,0,0,108,18.5,17.5,9.5,8.5,10.125,24,7.2,10,6.333333333333333,9,0,ENV_YDST_108_HR_2025_2025_2026.csv
2025-07-12,2025,7,12,5,토,1,0,108,18.5,17.5,9.5,8.5,14.041666666666666,24,16.5,10,16.11111111111111,9,0,ENV_YDST_108_HR_2025_2025_2026.csv
2025-07-13,2025,7,13,6,일,1,0,108,18.5,17.5,9.5,8.5,31.166666666666668,24,38.3,10,38.666666666666664,9,0,ENV_YDST_108_HR_2025_2025_2026.csv
2025-07-14,2025,7,14,0,월,0,0,108,18.5,17.5,9.5,8.5,24.095238095238095,21,21.5,10,21.5,9,0,ENV_YDST_108_HR_2025_2025_2026.csv
2025-07-15,2025,7,15,1,화,0,1,108,18.5,17.5,9.5,8.5,11.363636363636363,22,14.2,10,13.88888888888889,9,0,ENV_YDST_108_HR_2025_2025_2026.csv
2025-07-16,2025,7,16,2,수,0,0,108,18.5,17.5,9.5,8.5,21.59090909090909,22,21.8,10,22.77777777777778,9,0,ENV_YDST_108_HR_2025_2025_2026.csv
2025-07-17,2025,7,17,3,목,0,0,108,18.5,17.5,9.5,8.5,9.5,6,14.0,8,10.0,7,0,ENV_YDST_108_HR_2025_2025_2026.csv
2025-07-18,2025,7,18,4,금,0,0,108,18.5,17.5,9.5,8.5,15.65,20,16.2,10,15.555555555555555,9,0,ENV_YDST_108_HR_2025_2025_2026.csv
2025-07-19,2025,7,19,5,토,1,0,108,18.5,17.5,9.5,8.5,13.333333333333334,9,12.0,4,14.5,3,0,ENV_YDST_108_HR_2025_2025_2026.csv
2025-07-20,2025,7,20,6,일,1,0,108,18.5,17.5,9.5,8.5,17.217391304347824,23,18.88888888888889,10,19.25,9,0,ENV_YDST_108_HR_2025_2025_2026.csv
2025-07-21,2025,7,21,0,월,0,0,108,18.5,17.5,9.5,8.5,19.375,24,18.0,10,18.88888888888889,9,0,ENV_YDST_108_HR_2025_2025_2026.csv
2025-07-22,2025,7,22,1,화,0,1,108,18.5,17.5,9.5,8.5,17.130434782608695,23,20.77777777777778,10,21.25,9,0,ENV_YDST_108_HR_2025_2025_2026.csv
2025-07-23,2025,7,23,2,수,0,0,108,18.5,17.5,9.5,8.5,18.38095238095238,21,21.2,10,21.666666666666668,9,0,ENV_YDST_108_HR_2025_2025_2026.csv
2025-07-24,2025,7,24,3,목,0,0,108,18.5,17.5,9.5,8.5,26.5,22,35.44444444444444,10,35.0,9,0,ENV_YDST_108_HR_2025_2025_2026.csv
2025-07-25,2025,7,25,4,금,0,0,108,18.5,17.5,9.5,8.5,32.791666666666664,24,39.7,10,39.666666666666664,9,0,ENV_YDST_108_HR_2025_2025_2026.csv
2025-07-26,2025,7,26,5,토,1,0,108,18.5,17.5,9.5,8.5,24.958333333333332,24,23.1,10,23.22222222222222,9,0,ENV_YDST_108_HR_2025_2025_2026.csv
2025-07-27,2025,7,27,6,일,1,0,108,18.5,17.5,9.5,8.5,25.227272727272727,22,19.875,10,19.0,9,0,ENV_YDST_108_HR_2025_2025_2026.csv
2025-07-28,2025,7,28,0,월,0,0,108,18.5,17.5,9.5,8.5,39.17391304347826,23,41.333333333333336,10,40.625,9,0,ENV_YDST_108_HR_2025_2025_2026.csv
2025-07-29,2025,7,29,1,화,0,1,108,18.5,17.5,9.5,8.5,41.130434782608695,23,46.5,10,45.44444444444444,9,0,ENV_YDST_108_HR_2025_2025_2026.csv
2025-07-30,2025,7,30,2,수,0,0,108,18.5,17.5,9.5,8.5,33.68181818181818,22,32.5,10,32.333333333333336,9,0,ENV_YDST_108_HR_2025_2025_2026.csv
2025-07-31,2025,7,31,3,목,0,0,108,18.5,17.5,9.5,8.5,29.91304347826087,23,37.22222222222222,10,37.0,9,0,ENV_YDST_108_HR_2025_2025_2026.csv
2025-08-01,2025,8,1,4,금,0,0,108,18.5,17.5,9.5,8.5,39.25,24,47.6,10,44.77777777777778,9,0,ENV_YDST_108_HR_2025_2025_2026.csv
2025-08-02,2025,8,2,5,토,1,0,108,18.5,17.5,9.5,8.5,32.208333333333336,24,39.0,10,39.333333333333336,9,0,ENV_YDST_108_HR_2025_2025_2026.csv
2025-08-03,2025,8,3,6,일,1,0,108,18.5,17.5,9.5,8.5,29.47826086956522,23,33.5,10,35.0,9,0,ENV_YDST_108_HR_2025_2025_2026.csv
2025-08-04,2025,8,4,0,월,0,0,108,18.5,17.5,9.5,8.5,20.545454545454547,22,18.0,10,16.0,9,0,ENV_YDST_108_HR_2025_2025_2026.csv
2025-08-05,2025,8,5,1,화,0,1,108,18.5,17.5,9.5,8.5,19.25,24,22.2,10,22.0,9,0,ENV_YDST_108_HR_2025_2025_2026.csv
2025-08-06,2025,8,6,2,수,0,0,108,18.5,17.5,9.5,8.5,22.789473684210527,19,28.0,10,28.0,9,0,ENV_YDST_108_HR_2025_2025_2026.csv
2025-08-07,2025,8,7,3,목,0,0,108,18.5,17.5,9.5,8.5,17.652173913043477,23,18.444444444444443,10,18.125,9,0,ENV_YDST_108_HR_2025_2025_2026.csv
2025-08-08,2025,8,8,4,금,0,0,108,18.5,17.5,9.5,8.5,28.75,24,40.4,10,43.0,9,0,ENV_YDST_108_HR_2025_2025_2026.csv
2025-08-09,2025,8,9,5,토,1,0,108,18.5,17.5,9.5,8.5,29.045454545454547,22,34.0,10,35.57142857142857,9,0,ENV_YDST_108_HR_2025_2025_2026.csv
2025-08-10,2025,8,10,6,일,1,0,108,18.5,17.5,9.5,8.5,23.666666666666668,24,25.1,10,25.0,9,0,ENV_YDST_108_HR_2025_2025_2026.csv
2025-08-11,2025,8,11,0,월,0,0,108,18.5,17.5,9.5,8.5,27.708333333333332,24,31.6,10,31.333333333333332,9,0,ENV_YDST_108_HR_2025_2025_2026.csv
2025-08-12,2025,8,12,1,화,0,1,108,18.5,17.5,9.5,8.5,22.083333333333332,24,18.6,10,18.666666666666668,9,0,ENV_YDST_108_HR_2025_2025_2026.csv
2025-08-13,2025,8,13,2,수,0,0,108,18.5,17.5,9.5,8.5,14.263157894736842,19,16.75,10,16.285714285714285,9,0,ENV_YDST_108_HR_2025_2025_2026.csv
2025-08-14,2025,8,14,3,목,0,0,108,18.5,17.5,9.5,8.5,13.833333333333334,18,14.6,10,15.75,9,0,ENV_YDST_108_HR_2025_2025_2026.csv
2025-08-15,2025,8,15,4,금,0,0,108,18.5,17.5,9.5,8.5,24.95,20,27.0,10,27.666666666666668,9,0,ENV_YDST_108_HR_2025_2025_2026.csv
2025-08-16,2025,8,16,5,토,1,0,108,18.5,17.5,9.5,8.5,15.368421052631579,19,17.0,10,18.0,9,0,ENV_YDST_108_HR_2025_2025_2026.csv
2025-08-17,2025,8,17,6,일,1,0,108,18.5,17.5,9.5,8.5,15.08695652173913,23,16.0,10,14.75,9,0,ENV_YDST_108_HR_2025_2025_2026.csv
2025-08-18,2025,8,18,0,월,0,0,108,18.5,17.5,9.5,8.5,26.875,24,26.3,10,25.88888888888889,9,0,ENV_YDST_108_HR_2025_2025_2026.csv
2025-08-19,2025,8,19,1,화,0,1,108,18.5,17.5,9.5,8.5,12.428571428571429,21,15.142857142857142,10,16.333333333333332,9,0,ENV_YDST_108_HR_2025_2025_2026.csv
2025-08-20,2025,8,20,2,수,0,0,108,18.5,17.5,9.5,8.5,15.791666666666666,24,15.9,10,15.666666666666666,9,0,ENV_YDST_108_HR_2025_2025_2026.csv
2025-08-21,2025,8,21,3,목,0,0,108,18.5,17.5,9.5,8.5,18.05,20,21.88888888888889,10,21.375,9,0,ENV_YDST_108_HR_2025_2025_2026.csv
2025-08-22,2025,8,22,4,금,0,0,108,18.5,17.5,9.5,8.5,16.857142857142858,21,19.0,10,19.375,9,0,ENV_YDST_108_HR_2025_2025_2026.csv
2025-08-23,2025,8,23,5,토,1,0,108,18.5,17.5,9.5,8.5,17.043478260869566,23,21.6,10,20.666666666666668,9,0,ENV_YDST_108_HR_2025_2025_2026.csv
2025-08-24,2025,8,24,6,일,1,0,108,18.5,17.5,9.5,8.5,21.75,24,24.1,10,23.555555555555557,9,0,ENV_YDST_108_HR_2025_2025_2026.csv
2025-08-25,2025,8,25,0,월,0,0,108,18.5,17.5,9.5,8.5,21.714285714285715,14,20.0,2,,1,0,ENV_YDST_108_HR_2025_2025_2026.csv
2025-08-26,2025,8,26,1,화,0,1,108,18.5,17.5,9.5,8.5,22.88888888888889,9,20.25,10,18.333333333333332,9,0,ENV_YDST_108_HR_2025_2025_2026.csv
2025-08-27,2025,8,27,2,수,0,0,108,18.5,17.5,9.5,8.5,21.041666666666668,24,24.8,10,22.0,9,0,ENV_YDST_108_HR_2025_2025_2026.csv
2025-08-28,2025,8,28,3,목,0,0,108,18.5,17.5,9.5,8.5,26.5,24,31.9,10,31.22222222222222,9,0,ENV_YDST_108_HR_2025_2025_2026.csv
2025-08-29,2025,8,29,4,금,0,0,108,18.5,17.5,9.5,8.5,21.952380952380953,21,29.125,10,24.142857142857142,9,0,ENV_YDST_108_HR_2025_2025_2026.csv
2025-08-30,2025,8,30,5,토,1,0,108,18.5,17.5,9.5,8.5,14.478260869565217,23,13.6,10,14.333333333333334,9,0,ENV_YDST_108_HR_2025_2025_2026.csv
2025-08-31,2025,8,31,6,일,1,0,108,18.5,17.5,9.5,8.5,23.791666666666668,24,27.1,10,26.0,9,0,ENV_YDST_108_HR_2025_2025_2026.csv
2025-09-01,2025,9,1,0,월,0,0,108,18.0,17.0,9.0,8.0,14.470588235294118,17,19.5,9,21.0,8,0,ENV_YDST_108_HR_2025_2025_2026.csv
2025-09-02,2025,9,2,1,화,0,1,108,18.0,17.0,9.0,8.0,18.5,24,19.77777777777778,9,20.375,8,0,ENV_YDST_108_HR_2025_2025_2026.csv
2025-09-03,2025,9,3,2,수,0,0,108,18.0,17.0,9.0,8.0,23.125,24,22.333333333333332,9,21.5,8,0,ENV_YDST_108_HR_2025_2025_2026.csv
2025-09-04,2025,9,4,3,목,0,0,108,18.0,17.0,9.0,8.0,14.61111111111111,18,15.142857142857142,9,14.5,8,0,ENV_YDST_108_HR_2025_2025_2026.csv
2025-09-05,2025,9,5,4,금,0,0,108,18.0,17.0,9.0,8.0,19.26086956521739,23,23.77777777777778,9,23.25,8,0,ENV_YDST_108_HR_2025_2025_2026.csv
2025-09-06,2025,9,6,5,토,1,0,108,18.0,17.0,9.0,8.0,21.19047619047619,21,26.428571428571427,9,24.0,8,0,ENV_YDST_108_HR_2025_2025_2026.csv
2025-09-07,2025,9,7,6,일,1,0,108,18.0,17.0,9.0,8.0,16.043478260869566,23,15.555555555555555,9,16.125,8,0,ENV_YDST_108_HR_2025_2025_2026.csv
2025-09-08,2025,9,8,0,월,0,0,108,18.0,17.0,9.0,8.0,27.291666666666668,24,32.44444444444444,9,31.75,8,0,ENV_YDST_108_HR_2025_2025_2026.csv
2025-09-09,2025,9,9,1,화,0,1,108,18.0,17.0,9.0,8.0,33.75,24,37.22222222222222,9,38.375,8,0,ENV_YDST_108_HR_2025_2025_2026.csv
2025-09-10,2025,9,10,2,수,0,0,108,18.0,17.0,9.0,8.0,26.041666666666668,24,25.11111111111111,9,25.625,8,0,ENV_YDST_108_HR_2025_2025_2026.csv
2025-09-11,2025,9,11,3,목,0,0,108,18.0,17.0,9.0,8.0,22.782608695652176,23,23.333333333333332,9,23.625,8,0,ENV_YDST_108_HR_2025_2025_2026.csv
2025-09-12,2025,9,12,4,금,0,0,108,18.0,17.0,9.0,8.0,17.333333333333332,24,21.22222222222222,9,21.125,8,0,ENV_YDST_108_HR_2025_2025_2026.csv
2025-09-13,2025,9,13,5,토,1,0,108,18.0,17.0,9.0,8.0,9.357142857142858,14,11.0,9,11.0,8,0,ENV_YDST_108_HR_2025_2025_2026.csv
2025-09-14,2025,9,14,6,일,1,0,108,18.0,17.0,9.0,8.0,13.285714285714286,21,15.125,9,15.142857142857142,8,0,ENV_YDST_108_HR_2025_2025_2026.csv
2025-09-15,2025,9,15,0,월,0,0,108,18.0,17.0,9.0,8.0,19.791666666666668,24,21.22222222222222,9,20.625,8,0,ENV_YDST_108_HR_2025_2025_2026.csv
2025-09-16,2025,9,16,1,화,0,1,108,18.0,17.0,9.0,8.0,26.15,20,34.285714285714285,9,34.285714285714285,8,0,ENV_YDST_108_HR_2025_2025_2026.csv
2025-09-17,2025,9,17,2,수,0,0,108,18.0,17.0,9.0,8.0,17.941176470588236,17,20.333333333333332,9,20.333333333333332,8,0,ENV_YDST_108_HR_2025_2025_2026.csv
2025-09-18,2025,9,18,3,목,0,0,108,18.0,17.0,9.0,8.0,12.857142857142858,21,13.11111111111111,9,12.625,8,0,ENV_YDST_108_HR_2025_2025_2026.csv
2025-09-19,2025,9,19,4,금,0,0,108,18.0,17.0,9.0,8.0,12.071428571428571,14,18.6,9,18.6,8,0,ENV_YDST_108_HR_2025_2025_2026.csv
2025-09-20,2025,9,20,5,토,1,0,108,18.0,17.0,9.0,8.0,8.25,16,7.75,9,7.75,8,0,ENV_YDST_108_HR_2025_2025_2026.csv
2025-09-21,2025,9,21,6,일,1,0,108,18.0,17.0,9.0,8.0,9.875,16,12.125,9,12.0,8,0,ENV_YDST_108_HR_2025_2025_2026.csv
2025-09-22,2025,9,22,0,월,0,0,108,18.0,17.0,9.0,8.0,12.0,23,14.88888888888889,9,14.375,8,0,ENV_YDST_108_HR_2025_2025_2026.csv
2025-09-23,2025,9,23,1,화,0,1,108,18.0,17.0,9.0,8.0,14.458333333333334,24,17.333333333333332,9,16.5,8,0,ENV_YDST_108_HR_2025_2025_2026.csv
2025-09-24,2025,9,24,2,수,0,0,108,18.0,17.0,9.0,8.0,15.130434782608695,23,20.77777777777778,9,20.75,8,0,ENV_YDST_108_HR_2025_2025_2026.csv
2025-09-25,2025,9,25,3,목,0,0,108,18.0,17.0,9.0,8.0,16.91304347826087,23,18.333333333333332,9,17.875,8,0,ENV_YDST_108_HR_2025_2025_2026.csv
2025-09-26,2025,9,26,4,금,0,0,108,18.0,17.0,9.0,8.0,32.083333333333336,24,36.666666666666664,9,34.75,8,0,ENV_YDST_108_HR_2025_2025_2026.csv
2025-09-27,2025,9,27,5,토,1,0,108,18.0,17.0,9.0,8.0,27.916666666666668,24,29.444444444444443,9,29.375,8,0,ENV_YDST_108_HR_2025_2025_2026.csv
2025-09-28,2025,9,28,6,일,1,0,108,18.0,17.0,9.0,8.0,19.681818181818183,22,11.285714285714286,9,11.666666666666666,8,0,ENV_YDST_108_HR_2025_2025_2026.csv
2025-09-29,2025,9,29,0,월,0,0,108,18.0,17.0,9.0,8.0,32.0,24,33.0,9,32.75,8,0,ENV_YDST_108_HR_2025_2025_2026.csv
2025-09-30,2025,9,30,1,화,0,1,108,18.0,17.0,9.0,8.0,37.291666666666664,24,43.0,9,43.625,8,0,ENV_YDST_108_HR_2025_2025_2026.csv
2025-10-01,2025,10,1,2,수,0,0,108,18.0,17.0,9.0,8.0,37.541666666666664,24,50.111111111111114,9,51.75,8,0,ENV_YDST_108_HR_2025_2025_2026.csv
2025-10-02,2025,10,2,3,목,0,0,108,18.0,17.0,9.0,8.0,29.708333333333332,24,31.22222222222222,9,31.125,8,0,ENV_YDST_108_HR_2025_2025_2026.csv
2025-10-03,2025,10,3,4,금,0,0,108,18.0,17.0,9.0,8.0,27.083333333333332,24,27.444444444444443,9,27.875,8,0,ENV_YDST_108_HR_2025_2025_2026.csv
2025-10-04,2025,10,4,5,토,1,0,108,18.0,17.0,9.0,8.0,12.08695652173913,23,13.11111111111111,9,13.875,8,0,ENV_YDST_108_HR_2025_2025_2026.csv
2025-10-05,2025,10,5,6,일,1,0,108,18.0,17.0,9.0,8.0,11.428571428571429,21,11.428571428571429,9,12.166666666666666,8,0,ENV_YDST_108_HR_2025_2025_2026.csv
2025-10-06,2025,10,6,0,월,0,0,108,18.0,17.0,9.0,8.0,8.0,12,4.5,9,4.5,8,0,ENV_YDST_108_HR_2025_2025_2026.csv
2025-10-07,2025,10,7,1,화,0,1,108,18.0,17.0,9.0,8.0,5.785714285714286,14,6.428571428571429,9,6.833333333333333,8,0,ENV_YDST_108_HR_2025_2025_2026.csv
2025-10-08,2025,10,8,2,수,0,0,108,18.0,17.0,9.0,8.0,12.19047619047619,21,12.75,9,11.571428571428571,8,0,ENV_YDST_108_HR_2025_2025_2026.csv
2025-10-09,2025,10,9,3,목,0,0,108,18.0,17.0,9.0,8.0,14.285714285714286,21,12.625,9,12.625,8,0,ENV_YDST_108_HR_2025_2025_2026.csv
2025-10-10,2025,10,10,4,금,0,0,108,18.0,17.0,9.0,8.0,7.75,16,9.142857142857142,9,9.142857142857142,8,0,ENV_YDST_108_HR_2025_2025_2026.csv
2025-10-11,2025,10,11,5,토,1,0,108,18.0,17.0,9.0,8.0,19.5625,16,23.77777777777778,9,23.875,8,0,ENV_YDST_108_HR_2025_2025_2026.csv
2025-10-12,2025,10,12,6,일,1,0,108,18.0,17.0,9.0,8.0,7.823529411764706,17,8.714285714285714,9,9.0,8,0,ENV_YDST_108_HR_2025_2025_2026.csv
2025-10-13,2025,10,13,0,월,0,0,108,18.0,17.0,9.0,8.0,6.1,10,7.25,9,7.25,8,0,ENV_YDST_108_HR_2025_2025_2026.csv
2025-10-14,2025,10,14,1,화,0,1,108,18.0,17.0,9.0,8.0,6.866666666666666,15,7.714285714285714,9,8.333333333333334,8,0,ENV_YDST_108_HR_2025_2025_2026.csv
2025-10-15,2025,10,15,2,수,0,0,108,18.0,17.0,9.0,8.0,10.578947368421053,19,14.571428571428571,9,14.571428571428571,8,0,ENV_YDST_108_HR_2025_2025_2026.csv
2025-10-16,2025,10,16,3,목,0,0,108,18.0,17.0,9.0,8.0,12.866666666666667,15,16.571428571428573,9,16.571428571428573,8,0,ENV_YDST_108_HR_2025_2025_2026.csv
2025-10-17,2025,10,17,4,금,0,0,108,18.0,17.0,9.0,8.0,14.75,20,17.22222222222222,9,17.75,8,0,ENV_YDST_108_HR_2025_2025_2026.csv
2025-10-18,2025,10,18,5,토,1,0,108,18.0,17.0,9.0,8.0,13.80952380952381,21,13.666666666666666,9,12.75,8,0,ENV_YDST_108_HR_2025_2025_2026.csv
2025-10-19,2025,10,19,6,일,1,0,108,18.0,17.0,9.0,8.0,18.047619047619047,21,17.25,9,15.571428571428571,8,0,ENV_YDST_108_HR_2025_2025_2026.csv
2025-10-20,2025,10,20,0,월,0,0,108,18.0,17.0,9.0,8.0,23.5,24,33.22222222222222,9,33.75,8,0,ENV_YDST_108_HR_2025_2025_2026.csv
2025-10-21,2025,10,21,1,화,0,1,108,18.0,17.0,9.0,8.0,28.25,24,34.55555555555556,9,36.125,8,0,ENV_YDST_108_HR_2025_2025_2026.csv
2025-10-22,2025,10,22,2,수,0,0,108,18.0,17.0,9.0,8.0,18.416666666666668,24,19.555555555555557,9,20.5,8,0,ENV_YDST_108_HR_2025_2025_2026.csv
2025-10-23,2025,10,23,3,목,0,0,108,18.0,17.0,9.0,8.0,11.833333333333334,18,13.857142857142858,9,14.5,8,0,ENV_YDST_108_HR_2025_2025_2026.csv
2025-10-24,2025,10,24,4,금,0,0,108,18.0,17.0,9.0,8.0,13.052631578947368,19,13.5,9,12.428571428571429,8,0,ENV_YDST_108_HR_2025_2025_2026.csv
2025-10-25,2025,10,25,5,토,1,0,108,18.0,17.0,9.0,8.0,22.208333333333332,24,21.22222222222222,9,20.125,8,0,ENV_YDST_108_HR_2025_2025_2026.csv
2025-10-26,2025,10,26,6,일,1,0,108,18.0,17.0,9.0,8.0,40.0,24,40.22222222222222,9,41.5,8,0,ENV_YDST_108_HR_2025_2025_2026.csv
2025-10-27,2025,10,27,0,월,0,0,108,18.0,17.0,9.0,8.0,29.458333333333332,24,36.77777777777778,9,36.25,8,0,ENV_YDST_108_HR_2025_2025_2026.csv
2025-10-28,2025,10,28,1,화,0,1,108,18.0,17.0,9.0,8.0,25.041666666666668,24,34.333333333333336,9,35.0,8,0,ENV_YDST_108_HR_2025_2025_2026.csv
2025-10-29,2025,10,29,2,수,0,0,108,18.0,17.0,9.0,8.0,28.666666666666668,24,37.77777777777778,9,38.25,8,0,ENV_YDST_108_HR_2025_2025_2026.csv
2025-10-30,2025,10,30,3,목,0,0,108,18.0,17.0,9.0,8.0,36.958333333333336,24,41.666666666666664,9,41.5,8,0,ENV_YDST_108_HR_2025_2025_2026.csv
2025-10-31,2025,10,31,4,금,0,0,108,18.0,17.0,9.0,8.0,38.041666666666664,24,42.0,9,42.75,8,0,ENV_YDST_108_HR_2025_2025_2026.csv
2025-11-01,2025,11,1,5,토,1,0,108,17.0,16.0,8.0,7.0,22.5,24,24.5,8,24.714285714285715,7,0,ENV_YDST_108_HR_2025_2025_2026.csv
2025-11-02,2025,11,2,6,일,1,0,108,17.0,16.0,8.0,7.0,29.434782608695652,23,58.0,8,60.42857142857143,7,0,ENV_YDST_108_HR_2025_2025_2026.csv
2025-11-03,2025,11,3,0,월,0,0,108,17.0,16.0,8.0,7.0,25.0,21,34.75,8,33.285714285714285,7,0,ENV_YDST_108_HR_2025_2025_2026.csv
2025-11-04,2025,11,4,1,화,0,1,108,17.0,16.0,8.0,7.0,31.041666666666668,24,45.75,8,45.42857142857143,7,0,ENV_YDST_108_HR_2025_2025_2026.csv
2025-11-05,2025,11,5,2,수,0,0,108,17.0,16.0,8.0,7.0,34.208333333333336,24,48.0,8,48.142857142857146,7,0,ENV_YDST_108_HR_2025_2025_2026.csv
2025-11-06,2025,11,6,3,목,0,0,108,17.0,16.0,8.0,7.0,55.541666666666664,24,69.25,8,69.71428571428571,7,0,ENV_YDST_108_HR_2025_2025_2026.csv
2025-11-07,2025,11,7,4,금,0,0,108,17.0,16.0,8.0,7.0,50.166666666666664,24,49.625,8,51.0,7,0,ENV_YDST_108_HR_2025_2025_2026.csv
2025-11-08,2025,11,8,5,토,1,0,108,17.0,16.0,8.0,7.0,26.0,24,22.375,8,21.571428571428573,7,0,ENV_YDST_108_HR_2025_2025_2026.csv
2025-11-09,2025,11,9,6,일,1,0,108,17.0,16.0,8.0,7.0,43.0,24,44.5,8,42.285714285714285,7,0,ENV_YDST_108_HR_2025_2025_2026.csv
2025-11-10,2025,11,10,0,월,0,0,108,17.0,16.0,8.0,7.0,21.916666666666668,24,30.5,8,28.428571428571427,7,0,ENV_YDST_108_HR_2025_2025_2026.csv
2025-11-11,2025,11,11,1,화,0,1,108,17.0,16.0,8.0,7.0,28.454545454545453,22,44.25,8,43.42857142857143,7,0,ENV_YDST_108_HR_2025_2025_2026.csv
2025-11-12,2025,11,12,2,수,0,0,108,17.0,16.0,8.0,7.0,34.916666666666664,24,44.375,8,45.42857142857143,7,0,ENV_YDST_108_HR_2025_2025_2026.csv
2025-11-13,2025,11,13,3,목,0,0,108,17.0,16.0,8.0,7.0,47.208333333333336,24,63.625,8,63.0,7,0,ENV_YDST_108_HR_2025_2025_2026.csv
2025-11-14,2025,11,14,4,금,0,0,108,17.0,16.0,8.0,7.0,35.125,24,37.25,8,37.57142857142857,7,0,ENV_YDST_108_HR_2025_2025_2026.csv
2025-11-15,2025,11,15,5,토,1,0,108,17.0,16.0,8.0,7.0,37.5,24,49.0,8,50.857142857142854,7,0,ENV_YDST_108_HR_2025_2025_2026.csv
2025-11-16,2025,11,16,6,일,1,0,108,17.0,16.0,8.0,7.0,36.916666666666664,24,41.0,8,41.142857142857146,7,0,ENV_YDST_108_HR_2025_2025_2026.csv
2025-11-17,2025,11,17,0,월,0,0,108,17.0,16.0,8.0,7.0,42.625,24,50.625,8,50.285714285714285,7,0,ENV_YDST_108_HR_2025_2025_2026.csv
2025-11-18,2025,11,18,1,화,0,1,108,17.0,16.0,8.0,7.0,31.666666666666668,24,36.125,8,35.0,7,0,ENV_YDST_108_HR_2025_2025_2026.csv
2025-11-19,2025,11,19,2,수,0,0,108,17.0,16.0,8.0,7.0,36.291666666666664,24,41.375,8,41.285714285714285,7,0,ENV_YDST_108_HR_2025_2025_2026.csv
2025-11-20,2025,11,20,3,목,0,0,108,17.0,16.0,8.0,7.0,46.083333333333336,24,64.5,8,62.857142857142854,7,0,ENV_YDST_108_HR_2025_2025_2026.csv
2025-11-21,2025,11,21,4,금,0,0,108,17.0,16.0,8.0,7.0,26.708333333333332,24,40.5,8,40.285714285714285,7,0,ENV_YDST_108_HR_2025_2025_2026.csv
2025-11-22,2025,11,22,5,토,1,0,108,17.0,16.0,8.0,7.0,39.25,16,44.857142857142854,8,44.857142857142854,7,0,ENV_YDST_108_HR_2025_2025_2026.csv
2025-11-23,2025,11,23,6,일,1,0,108,17.0,16.0,8.0,7.0,45.65217391304348,23,45.375,8,45.0,7,0,ENV_YDST_108_HR_2025_2025_2026.csv
2025-11-24,2025,11,24,0,월,0,0,108,17.0,16.0,8.0,7.0,62.25,24,54.75,8,51.285714285714285,7,0,ENV_YDST_108_HR_2025_2025_2026.csv
2025-11-25,2025,11,25,1,화,0,1,108,17.0,16.0,8.0,7.0,75.61904761904762,21,53.0,8,52.6,7,0,ENV_YDST_108_HR_2025_2025_2026.csv
2025-11-26,2025,11,26,2,수,0,0,108,17.0,16.0,8.0,7.0,50.875,24,42.875,8,44.0,7,0,ENV_YDST_108_HR_2025_2025_2026.csv
2025-11-27,2025,11,27,3,목,0,0,108,17.0,16.0,8.0,7.0,33.75,24,29.75,8,30.857142857142858,7,0,ENV_YDST_108_HR_2025_2025_2026.csv
2025-11-28,2025,11,28,4,금,0,0,108,17.0,16.0,8.0,7.0,22.333333333333332,24,29.375,8,28.571428571428573,7,0,ENV_YDST_108_HR_2025_2025_2026.csv
2025-11-29,2025,11,29,5,토,1,0,108,17.0,16.0,8.0,7.0,28.208333333333332,24,34.875,8,34.0,7,0,ENV_YDST_108_HR_2025_2025_2026.csv
2025-11-30,2025,11,30,6,일,1,0,108,17.0,16.0,8.0,7.0,89.29166666666667,24,107.25,8,104.14285714285714,7,1,ENV_YDST_108_HR_2025_2025_2026.csv
2025-12-01,2025,12,1,0,월,0,0,108,17.0,16.0,8.0,7.0,46.791666666666664,24,40.375,8,41.0,7,0,ENV_YDST_108_HR_2025_2025_2026.csv
2025-12-02,2025,12,2,1,화,0,1,108,17.0,16.0,8.0,7.0,16.142857142857142,21,22.625,8,22.285714285714285,7,0,ENV_YDST_108_HR_2025_2025_2026.csv
2025-12-03,2025,12,3,2,수,0,0,108,17.0,16.0,8.0,7.0,19.095238095238095,21,24.625,8,22.571428571428573,7,0,ENV_YDST_108_HR_2025_2025_2026.csv
2025-12-04,2025,12,4,3,목,0,0,108,17.0,16.0,8.0,7.0,26.916666666666668,24,35.25,8,35.0,7,0,ENV_YDST_108_HR_2025_2025_2026.csv
2025-12-05,2025,12,5,4,금,0,0,108,17.0,16.0,8.0,7.0,27.708333333333332,24,33.375,8,34.57142857142857,7,0,ENV_YDST_108_HR_2025_2025_2026.csv
2025-12-06,2025,12,6,5,토,1,0,108,17.0,16.0,8.0,7.0,27.375,24,28.375,8,27.714285714285715,7,0,ENV_YDST_108_HR_2025_2025_2026.csv
2025-12-07,2025,12,7,6,일,1,0,108,17.0,16.0,8.0,7.0,74.68181818181819,22,70.125,8,67.28571428571429,7,0,ENV_YDST_108_HR_2025_2025_2026.csv
2025-12-08,2025,12,8,0,월,0,0,108,17.0,16.0,8.0,7.0,37.666666666666664,21,38.0,8,39.166666666666664,7,0,ENV_YDST_108_HR_2025_2025_2026.csv
2025-12-09,2025,12,9,1,화,0,1,108,17.0,16.0,8.0,7.0,25.782608695652176,23,33.125,8,31.857142857142858,7,0,ENV_YDST_108_HR_2025_2025_2026.csv
2025-12-10,2025,12,10,2,수,0,0,108,17.0,16.0,8.0,7.0,37.458333333333336,24,41.75,8,38.857142857142854,7,0,ENV_YDST_108_HR_2025_2025_2026.csv
2025-12-11,2025,12,11,3,목,0,0,108,17.0,16.0,8.0,7.0,33.0,23,40.0,8,40.57142857142857,7,0,ENV_YDST_108_HR_2025_2025_2026.csv
2025-12-12,2025,12,12,4,금,0,0,108,17.0,16.0,8.0,7.0,19.875,24,29.375,8,28.857142857142858,7,0,ENV_YDST_108_HR_2025_2025_2026.csv
2025-12-13,2025,12,13,5,토,1,0,108,17.0,16.0,8.0,7.0,10.333333333333334,24,11.0,8,11.571428571428571,7,0,ENV_YDST_108_HR_2025_2025_2026.csv
2025-12-14,2025,12,14,6,일,1,0,108,17.0,16.0,8.0,7.0,25.083333333333332,24,23.25,8,22.571428571428573,7,0,ENV_YDST_108_HR_2025_2025_2026.csv
2025-12-15,2025,12,15,0,월,0,0,108,17.0,16.0,8.0,7.0,28.958333333333332,24,36.25,8,35.57142857142857,7,0,ENV_YDST_108_HR_2025_2025_2026.csv
2025-12-16,2025,12,16,1,화,0,1,108,17.0,16.0,8.0,7.0,31.791666666666668,24,32.75,8,32.142857142857146,7,0,ENV_YDST_108_HR_2025_2025_2026.csv
2025-12-17,2025,12,17,2,수,0,0,108,17.0,16.0,8.0,7.0,61.166666666666664,24,69.5,8,69.85714285714286,7,0,ENV_YDST_108_HR_2025_2025_2026.csv
2025-12-18,2025,12,18,3,목,0,0,108,17.0,16.0,8.0,7.0,28.041666666666668,24,40.125,8,41.142857142857146,7,0,ENV_YDST_108_HR_2025_2025_2026.csv
2025-12-19,2025,12,19,4,금,0,0,108,17.0,16.0,8.0,7.0,30.958333333333332,24,36.375,8,35.57142857142857,7,0,ENV_YDST_108_HR_2025_2025_2026.csv
2025-12-20,2025,12,20,5,토,1,0,108,17.0,16.0,8.0,7.0,41.791666666666664,24,49.25,8,46.0,7,0,ENV_YDST_108_HR_2025_2025_2026.csv
2025-12-21,2025,12,21,6,일,1,0,108,17.0,16.0,8.0,7.0,23.652173913043477,23,31.25,8,30.142857142857142,7,0,ENV_YDST_108_HR_2025_2025_2026.csv
2025-12-22,2025,12,22,0,월,0,0,108,17.0,16.0,8.0,7.0,29.25,24,37.375,8,37.0,7,0,ENV_YDST_108_HR_2025_2025_2026.csv
2025-12-23,2025,12,23,1,화,0,1,108,17.0,16.0,8.0,7.0,19.333333333333332,24,27.125,8,28.142857142857142,7,0,ENV_YDST_108_HR_2025_2025_2026.csv
2025-12-24,2025,12,24,2,수,0,0,108,17.0,16.0,8.0,7.0,22.52173913043478,23,24.428571428571427,8,21.833333333333332,7,0,ENV_YDST_108_HR_2025_2025_2026.csv
2025-12-25,2025,12,25,3,목,0,0,108,17.0,16.0,8.0,7.0,24.958333333333332,24,19.875,8,19.142857142857142,7,0,ENV_YDST_108_HR_2025_2025_2026.csv
2025-12-26,2025,12,26,4,금,0,0,108,17.0,16.0,8.0,7.0,18.5,24,23.875,8,22.571428571428573,7,0,ENV_YDST_108_HR_2025_2025_2026.csv
2025-12-27,2025,12,27,5,토,1,0,108,17.0,16.0,8.0,7.0,29.166666666666668,24,35.5,8,34.57142857142857,7,0,ENV_YDST_108_HR_2025_2025_2026.csv
2025-12-28,2025,12,28,6,일,1,0,108,17.0,16.0,8.0,7.0,41.791666666666664,24,45.375,8,44.57142857142857,7,0,ENV_YDST_108_HR_2025_2025_2026.csv
2025-12-29,2025,12,29,0,월,0,0,108,17.0,16.0,8.0,7.0,52.608695652173914,23,74.25,8,72.0,7,0,ENV_YDST_108_HR_2025_2025_2026.csv
2025-12-30,2025,12,30,1,화,0,1,108,17.0,16.0,8.0,7.0,17.454545454545453,22,20.5,8,19.571428571428573,7,0,ENV_YDST_108_HR_2025_2025_2026.csv
2025-12-31,2025,12,31,2,수,0,0,108,17.0,16.0,8.0,7.0,18.0,19,14.666666666666666,8,14.666666666666666,7,0,ENV_YDST_108_HR_2025_2025_2026.csv
