round_id,round_label,palace_group,program_idx,title,program_type_from_list,schedule_summary,image_url_from_list,image_alt,detail_url,detail_palace,detail_title,detail_category_in_title,status,program_type,participation_type,period,time,place,capacity,contact,detail_text,detail_image_url
28,11회,경복궁,706,2025년 국제심포지엄 및 시연회,공연,,https://www.kh.or.kr/jnrepo/upload/jnPrgFestivalProgram/202509/234bc5069cb04613a7e9da142a65c712_1759129048356.jpg,2025 줄타기 심포지엄,https://www.kh.or.kr/program/view/menu/1292?viewType=ach&idx=706&searchRound=28&searchStTime=&searchEnTime=&searchField=homeAll&searchText=,경복궁,2025년 국제심포지엄 및 시연회,공연,종료,공연,사전예약,2025-10-10~2025-10-10,,집옥재,,,"경복궁 집옥재에서 열리는 「 2025 줄타기 국제심포지엄 」 은 한국 줄타기의 유네스코 인류무형유산 등재 14 주년을 기념하는 자리입니다 . 국내외 전문가들이 모여 한국 줄타기의 전통과 해외 사례를 공유하며 그 가치를 새롭게 조명할 예정입니다 . 또한 집옥재 앞마당에서는 국가무형유산 줄타기보존회의 특별 공연이 마련되어 있어 , 한국 전통 줄타기의 진수를 현장에서 직접 경험하실 수 있습니다 . [ 행사안내 ]  행사기간 : 2025 년 10 월 10 일 ( 금 )  행사시간 : 14:00~16:40  행사장소 : 경복궁 집옥재 내부 _ 국제심포지엄 (14:00~15:50) 경복궁 집옥재 앞마당 _ 줄타기 시연회 (16:00~16:40)  참여인원 : 총 300 명 내외 * 경복궁 집옥재 내부에서 진행되는 국제심포지엄은 사전 예약에 따른 지정석으로만 진행됩니다 . 다만 집옥재 앞마당에서 열리는 줄타기 시연회는 누구나 자유롭게 보실 수 있습니다 .  관람연령 : 전 연령 가능 * 국제심포지엄은 좌석 지정제로 운영되는 행사로 , 48 개월 미만 아동은 보호자 동반하에 1 명까지만 입장이 가능합니다 . [ 프로그램 안내 ]  프로그램 안내 [ 참가자 등록 ] 국제심포지엄 참석자 등록 [ 개회식 ] 국가유산진흥원장 개회사 & 사진촬영 [ 세션 1] 한국의 줄타기 역사와 미래 [ 세션 2] 해외 줄타기의 스포츠 접목 및 무형유산으로써 활용 사례 [ 특별세션 ] 유네스코 인가 NGO 국가유산진흥원 활동 소개 [ 시연회 ] 국가무형유산 줄타기보존회 [ 사전접수 안내 ]  사전접수 안내 - 국제심포지엄 참가비 : 무료 * 경복궁 집옥재에서 열리는 국제심포지엄 및 시연회 행사는 무료지만 , 경복궁 입장 시 입장권을 별도로 구매하셔서 입장하셔야 합니다 . ( 한복 착용자는 무료 입장 가능 ) * 집옥재 심포지엄의 경우 사전예약하신분들은 집옥재 앞 교부처에서 좌석 배정표를 받으시고 입장하시면 됩니다 . ( 좌석 배정표는 선착순 지급 ) * 사전예약이 확정되신 참가자분들에게는 행사 2 일 전 안내 문자를 발송해 드립니다 . * 참가자 개인정보는 ( 참석 확인 , 안내사항 전달 ) 외에는 사용하지 않음을 알립니다 . - 사전접수처 : 구글예약 * 국가유산진흥원 홈페이지 및 웹포스터 QR( 링크 )  오픈일 : 2025. 9. 30.  행사 유의사항 - 관람 시 유의사항 * 행사 중 플래시 사용 , 삼각대 사용 , 음식물 반입을 금합니다 . - 우천 시 안내 * 국제심포지엄 행사는 예정대로 진행되며 , 줄타기 시연회는 다음날로 순연되어 진행될 수 있습니다 .",https://www.kh.or.kr/jnrepo/upload/jnPrgFestivalProgram/202509/234bc5069cb04613a7e9da142a65c712_1759129048356.jpg
28,11회,경복궁,693,경복궁 한복 연향,공식행사,,https://www.kh.or.kr/jnrepo/upload/jnPrgFestivalProgram/202509/914416a11fde4e04b79834fe3b970133_1757545440117.jpg,썸네일,https://www.kh.or.kr/program/view/menu/1292?viewType=ach&idx=693&searchRound=28&searchStTime=&searchEnTime=&searchField=homeAll&searchText=,경복궁,경복궁 한복 연향,공식행사,종료,공식행사,사전예약,2025-10-08~2025-10-09,,경복궁 일대,"일 1,500명",티켓문의 : 1588-7890 / 행사운영 : 1522-2295,,https://www.kh.or.kr/jnrepo/upload/jnPrgFestivalProgram/202509/914416a11fde4e04b79834fe3b970133_1757545440117.jpg
28,11회,경복궁,673,궁중문화축전 스탬프 투어(하반기),체험,,https://www.kh.or.kr/jnrepo/upload/jnPrgFestivalProgram/202509/9596313897234749a7209898641a93bb_1758178257328.jpg,썸네일,https://www.kh.or.kr/program/view/menu/1292?viewType=ach&idx=673&searchRound=28&searchStTime=&searchEnTime=&searchField=homeAll&searchText=,경복궁,궁중문화축전 스탬프 투어(하반기),체험,종료,체험,현장참여,2025-10-08~2025-10-12,,4대궁 및 종묘,,,"2025 가을 궁중문화축전 스탬프투어 4 대궁과 종묘를 5 일간 누비며 스탬프를 모아보세요 . 역사적 장소를 배경으로 추억도 쌓고 건강과 리워드는 덤으로 ! 궁중문화축전을 가장 알차게 즐길 수 있는 궁중문화축전 스탬프 투어 , 10 월 8 일부터 시작됩니다 . - 일시 : 10. 8.( 수 )~10. 12.( 일 ) 9:00~18:00 / 총 5 일간 - 장소 : 4 대궁 ( 경복궁 , 창덕궁 , 덕수궁 , 창경궁 ) 및 종묘 [ 참여 방법 ] ① 각 궁의 종합 안내소에서 스탬프 활동지를 수령합니다 . ( 경복궁 , 덕수궁 , 창덕궁 , 창경궁 종합안내소 / 활동지 소진 시 선착순 마감 ) ② 4 대궁 및 종묘의 스탬프 스팟 10 곳을 방문하여 스탬프를 획득합니다 . ③ 경복궁 종합안내소에서 완주 기념품을 수령합니다 . 구분 스탬프존 위치 경복궁(2개소) 집옥재 / 향원정 창덕궁(1개소) 낙선재 덕수궁(2개소) 정관헌 / 준명당 창경궁(3개소) 명정전 / 통명전 / 대온실 종묘(2개소) 정전 / 영녕전 * 스탬프 투어를 완주하신 분들께 광복 80 주년을 기념해 마련한 특별 기념품을 드립니다 . 독립운동의 역사를 담은 문화유산 활용 상품으로 그 의미를 함께 나누고자 합니다 . * 완주 기념품은 상품 재고에 따라 조기 종료될 수 있습니다 . [ 상품 ](선착순 증정) ① (1~50 등) 한국 광복군 서명문 태극기 보아털 담요 ② (51~100 등) 윤봉길 의사 선서문 텀블러 ③ (101~300 등) 독립운동가 기념 배지 ④ (300 등 ~) 태극기 엽서 + 볼펜 + 책갈피 세트 [ 유의사항 ] ① 궁별 입장료는 별도입니다 . ② 완주 기념품은 축전 기간 내 지정된 수령처 ( 경복궁 흥례문 광장 내 종합안내소 ) 에서만 지급됩니다 . ③ 기념품 중복 수령은 불가하며 1 인 1 회 참여만 가능합니다 . ④ 준비된 기념품 수량 소진 시 조기 마감될 수 있습니다 . ⑤ 부정 사용 적발 시 기념품 지급 제한됩니다 .",https://www.kh.or.kr/jnrepo/upload/jnPrgFestivalProgram/202509/9596313897234749a7209898641a93bb_1758178257328.jpg
28,11회,경복궁,660,수문장 교대의식(하반기),재현,"일,월,수,목,금,토 10:00 / 14:00",https://www.kh.or.kr/jnrepo/upload/jnPrgFestivalProgram/202509/0ba9317a9bbc4751a80a7eee7f48b92d_1758046092562.JPG,수문장 교대의식,https://www.kh.or.kr/program/view/menu/1292?viewType=ach&idx=660&searchRound=28&searchStTime=&searchEnTime=&searchField=homeAll&searchText=,경복궁,수문장 교대의식(하반기),재현,종료,재현,현장참여,2025-10-08~2025-10-12,"일,월,수,목,금,토 10:00 / 14:00",경복궁 홍례문 광장,,,"1. 행사명 : 수문장 교대의식 2. 행사기간 : 연중 * 경복궁 휴궁일 (화) 제외 3. 행사장소 : 경복궁 광화문 2002년 시작된 경복궁 수문장 교대의식은 조선시대 왕실 호위문화를 상징하는 대표적인 전통문화행사입니다. ‘조선왕조실록’예종(睿宗) 1년(1469) 수문장제도의 시행 기록을 역사적 근거로 하여 재구성된 이 행사는 당시의 복식 및 무기 등을 복원하여 조선 전기(前期) 군인들의 모습을 생생하게 재현하는 것에 초점을 맞추고 있습니다. 4. 수문장 교대의식 프로그램 안내 <상설행사> ○ 수문장 교대의식 - 가장 큰 규모를 자랑하는 수문장 교대의식은 1일 2회, 약 70명의 수문군과 15명의 취타대가 등장하며 진행됩니다. 수문장 교대의식은 수문장 군례 및 광화문 안전여부 확인, 근무 교대 순의 절차로 이루어 집니다. - 행사시간 : 10:00, 14:00(소요시간 20분) ○ 광화문 파수의식 - 광화문 파수의식은 1일 2회 진행되며, 약 15명의 광화문 파수군과 취타대가 등장합니다. 파수군의 무기 관리 및 근무 태도를 확인하는 '적간(摘奸)'을 통하여 광화문을 지키는 군사들을 점검하고 근무 교대합니다. - 행사시간 : 11:00, 13:00(소요시간 10분) ○ 광화문 입직근무 - 광화문에 파수군이 근무 서고 있는 것을 '입직근무'라고 지칭하고 있습니다. 수문장 교대의식과 광화문 파수의식 때 입직근무 교대를 하게 되며, 비 또는 눈이 오는 날에도 전통 비옷인 '우장(雨裝)'을 입고 광화문 근무를 섭니다. - 행사시간 : 교대의식 및 파수의식 후 광화문 입직근무(매시간) ○ 수문군 공개훈련 - 1일 2회 진행 되는 경복궁 협생문 앞에서 진행되는 수문군 공개훈련은 수문장 지휘 아래 근무 교대 연습 및 군사 훈련 등의 모습을 볼 수 있습니다. - 행사시간 : 09:35, 13:35(소요시간 15분)",https://www.kh.or.kr/jnrepo/upload/jnPrgFestivalProgram/202509/0ba9317a9bbc4751a80a7eee7f48b92d_1758046092562.JPG
28,11회,경복궁,659,2025년 경복궁 생과방(하반기),체험,"일,월,수,목,금,토 10:00 / 11:40 / 13:50 / 15:30",https://www.kh.or.kr/jnrepo/upload/jnPrgFestivalProgram/202509/b6ce630ed4fb4210acf34a1c87188832_1757556764615.JPG,썸네일,https://www.kh.or.kr/program/view/menu/1292?viewType=ach&idx=659&searchRound=28&searchStTime=&searchEnTime=&searchField=homeAll&searchText=,경복궁,2025년 경복궁 생과방(하반기),체험,종료,체험,사전예약,2025-10-08~2025-10-12,"일,월,수,목,금,토 10:00 / 11:40 / 13:50 / 15:30",경복궁 생과방,회차당 36명(1일 144명),행사문의 콜센터 : 1522-2295 | 티켓문의 : 티켓링크 고객센터 1588-7890,"경복궁 소주방 전각에 위치한 생과방'은 궁중의 육처소處所)가운데 하나이며, '국왕과 왕비의 후식과 별식을 준비하던 곳으로 '생물방' 혹은 '생것방'이라고도 불렸습니다. 경복궁 생과방 프로그램은 조선왕조실록의 내용을 토대로 실제 임금이 드셨던 궁중병과와 궁중약차를 오늘날에도 즐길 수 있도록 구성된 체험 프로그램 입니다. 1. 행사 기간 : 2025. 9. 3.(수) ~ 11. 3.(월) * 매주 수~월요일 운영 2. 행사 시간 * 회당 70분 내외 소요 ○ 1회차 10:00 ~ 11:10 ○ 2회차 11:40 ~ 12:50 ○ 3회차 13:50 ~ 15:00 ○ 4회차 15:30 ~ 16:40 3. 행사 장소 : 경복궁 생과방 4. 참여 인원 : 회차당 36명 / 1일 144명 5. 관람 연령 : 전 연령 체험 가능 * <경복궁 생과방>은 좌석 지정제로 운영되는 행사로, 48개월 미만 아동은 보호자 동반 하에 1명까지만 입장 가능합니다. 입장 시 반드시 관련 증빙자료 확인을 진행하며, 증빙자료 미소지 시 입장이 불가함을 안내드립니다. * 취학 연령 및 청소년(2007 ~ 2018년 출생자)은 일반인 1인과 동일한 티켓을 소지하여야 하며, 보호자 동반하여야 입장 가능합니다. 6. 행사 문의 ○ 행사안내 : 궁능 활용 프로그램 전화 상담실 (☎ 1522-2295) ○ 예매안내 : 티켓링크 전화 상담실 (☎ 1588-7890) 7. 예매 안내 * 본 안내 페이지 정독 후 모든 안내사항에 동의하시는 경우에만 응모 및 예매해주시기 바라며, 모든 예매자는 안내 내용을 숙지 및 동의하신 것으로 간주합니다. ○ 예매금액 : 1매 15,000원 *당첨 시 1인 최대 2매 예매 가능 ○ 예매처 : 티켓링크 (www.ticketlink.co.kr) ○ 예매방법 : 우선 예매권 추첨제(온라인) 및 전화 예매 - 우선 예매권 추첨제란? : 창덕궁 달빛기행 예매권 응모에 참여 후, 추첨을 통해 당첨된 분들만 예매에 참여하는 방식입니다. - 예매권 추첨응모 → 추첨 당첨자 발표 → 당첨자 우선 예매 → 잔여석 일반 예매(*선착순) ① 예매권 추첨 응모 : 응모 페이지 접속 및 로그인 → 매수 선택(1인 최대 1매) → 결제진행(0원) → 응모(예매)완료 * 한 ID당 1회 응모 가능하며, 당첨 시 1인 최대 2매 까지 예매 가능합니다. * 응모단계에서는 비용이 발생하지 않습니다. ② 추첨 당첨자 발표 : '국가유산진흥원 누리집 공지, 티켓링크 회원정보에 기입된 휴대폰 번호로 개별 안내 문자 발송 * 예매처 회원정보 내 휴대폰 번호를 사전에 확인·수정하시기 바랍니다. ③ 당첨자 우선 예매 : 예매페이지 접속 및 로그인 → 당첨자 인증(개인정보 입력) → 관람일자 및 회차 선택 → 클린예매 서비스 보안문자 입력 → 결제진행 및 예매완료 * 예매권 당첨자는 '당첨자 우선 예매' 기간 내 원하시는 날짜와 회차를 선착순으로 선택 및 예매할 수 있습니다. * 당첨자 우선 예매 기간 내 티켓 결제까지 완료해야 예약이 최종 확정됩니다. * 기한 내 티켓 결제를 완료하지 않은 경우 당첨이 취소되며, 이를 숙지하지 못해 발생하는 문제는 주최, 주관사, 티켓링크가 책임지지 않습니다. * 당첨자 우선 예매 페이지의 URL 무단 공유를 금하며, 부정 예매 적발 시 자동으로 예매가 취소됩니다. * 당첨자 ID와 예매자 ID가 다를 경우 자동으로 예매가 취소됩니다. * 당첨자 우선 예매를 통해 티켓을 구매하신 경우, 잔여석 일반 예매로 추가 구매가 어려운 점 양해 바랍니다. (ID 제한) ④ 잔여석 일반 예매 : 예매페이지 접속 및 로그인 → 관람일자 및 회차 선택 → 클린예매 서비스 보안문자 입력 → 결제진행 및 예매완료 * 당첨자 우선 예매 기간 종료 후 발생한 잔여석에 한하여 일반 예매(선착순)로 전환됩니다. * 1인 2매까지 예매 가능합니다. 8. 예매 일정 ○ 예매권 추첨 응모 : 2025. 8. 13.(수) 14:00 ~ 8. 19.(화) 23:59 / 7일간 ○ 추첨 당첨자 발표 : 2025. 8. 21.(목) 17:00 이후 ○ 당첨자 우선 예매 : 2025. 8. 22.(금) 14:00 ~ 8. 26.(화) 23:59 / 5일간 ○ 잔여석 일반 예매 : 2025. 8. 27.(수) 14:00 ~ 행사 전일 12:00까지 9. 전화 예매 ○ 예매대상 : 65세 이상(1960년 이전 출생자), 국가유공자, 장애인 ○ 예매처 : 티켓링크 전화 상담실(☎1588-7890) ○ 예매일시 : 2025. 8.27.(수) 14:00 ~ * 전화 상담실 운영시간 : 평일 10:00~19:00 (주말·공휴일 미운영) * 현장에서 증빙자료를 확인할 예정이오니 신분증(국가유공자증, 장애인복지카드 등)을 반드시 지참해주시기 바랍니다. * 전화 예매 및 할인 티켓은 예매자 본인 참여가 원칙이며 가족 양도가 불가합니다. ○ 할인 정보 - 장애의 정도가 심한 장애인(구 1~3급) : 본인 + 동반 1인 / 장애인 복지카드 / 50%할인 - 장애의 정도가 심하지 않은 장애인(구 4~6급) : 본인만 / 장애인 복지카드 / 50%할인 - 국가유공자 : 본인만 / 국가유공자증 / 50%할인 * 할인은 예매 시 적용 가능하며, 일반 권종으로 예매 후 현장에서 할인 적용(차액 환불)이 불가합니다. * 현장 확인 증빙자료 미지참 시 차액 결제, 환불, 행사 참여가 불가한 점 양해 부탁드립니다. 10. 예매 유의사항 [티켓 예매] ○ 본 행사의 티켓은 정식 예매처인 티켓링크를 통한 100% 사전예약 판매를 원칙으로 하며, 그 외의 경로나 현장 판매는 진행되지 않습니다. ○ 부정 예매 및 암표 거래 방지를 위해 신용카드 결제만 가능합니다. ○ 예매하신 본인 입장이 원칙이며, 타인 양도가 불가합니다. ○ 단, 가족 관계일 경우 예매자 및 양도받으실 가족 본인의 신분증과 가족 관계 증빙자료(주민등록등본 혹은 가족관계증명서) 지참 시에만 예외적으로 양도가 가능합니다. * 법적 정의(민법 제779조)에 따른 ‘가족’만 해당(배우자, 직계혈족, 형제자매) * 단, 전화 예매 및 할인 티켓은 예매자 본인 참여가 원칙이며 가족 양도 불가 ○ 본 행사는 생과방에 마련되는 예매확인처에서 본인확인을 진행합니다. 예매자 본인 명의와 일치하는 신분증(원본) 및 예매내역(예매번호)을 반드시 지참해주시기 바랍니다. ○ 실물 티켓은 별도로 제공되지 않습니다. ○ 부정한 방법(매크로 사용, 우선 예매 URL 공유 등)으로 예매하거나 불법 암표 매매 목적으로 구매하는 경우 적발 시 해당 티켓은 사전 통보 없이 예매 취소 및 사용을 제한할 수 있습니다. ○ 불법 암표 거래(프리미엄 티켓 판매, 티켓 양도 사기)로 선량한 예매자의 피해가 발생하고 있습니다. 이로 인한 문제 발생 시 행사 주최·주관사, 예매처는 책임지지 않습니다. 반드시 정식 예매처를 통해 예매해주시기 바랍니다. ○ 본 행사 진행 중 기록촬영으로 인해 관람객 초상이 노출되거나 촬영될 수 있으니 이 점 양해 부탁드립니다. [취소 및 환불] ○ 예매하신 티켓의 취소와 환불은 예매처의 규정을 준수합니다. ○ 취소 마감 시간(행사 전일 12:00) 이전 티켓 취소 시 100% 환불되며, 취소 수수료가 발생하지 않습니다. ○ 취소 마감 시간(행사 전일 12:00) 경과 후 티켓 취소 및 변경이 불가합니다. 11. 프로그램 안내 경복궁에서 마주한 특별한 시간 A Special Ocaasion Enjoyed in Gyeongbokgung Palace [궁중병과] ① 주악세트(다과 6종, 약차 1종)주악 : 복숭아·호두정과, 매작과, 잣박산, 금귤정과, 모과과편 ② 곶감쌈 세트(다과6종, 약차 1종) : 곶감쌈, 약과, 매작과, 흑임자·호박씨 다식, 복숭아정과, 모과과편 [궁중약차] ① 감길다(도라지, 감초, 귤피) ② 삼귤다(인삼, 귤피, 대추) ③ 제호다(매실) ④ 오미자다(오미자) 12. 접수 안내 ○ 접수 장소 : 경복궁 생과방 입구 예매확인처 ○ 접수 시간 - 1회차 09:55 - 2회차 11:35 - 3회차 13:45 - 4회차 15:25 * 각 회차별 행사 시작 시간 5분 전부터 접수 및 생과방 입장이 가능합니다. * 경복궁 입장 시, “경복궁 입장권”은 매표소에서 별도로 구매하신 후 입장하셔야 합니다. 13. 행사 유의사항 ○ 접수 시 유의사항 - 본 행사는 예매확인처에서 본인확인을 진행합니다. 예매자 본인 명의와 일치하는 신분증(원본) 및 예매내역(예매번호)을 반드시 지참해주시기 바랍니다. - 예매자 본인확인이 불가하거나 예매정보와 현장 참여자 정보가 다를 경우 입장이 제한됩니다. - 할인 예매 고객께서는 현장 확인 증빙자료를 반드시 지참해주시기 바랍니다. - 접수 시간이 경과하면 행사 참여에 제한이 있을 수 있습니다. ○ 관람 시 유의사항 - 행사 중 플래시 사용, 삼각대 사용, 음식물 반입을 금합니다. - 사전예매 시 선택하신 좌석과 궁중다과의 메뉴 변경은 불가합니다. - 거동이 불편하신 고객께서는 추후 연락드리는 운영사무국을 통해 휠체어 탑승 여부를 알려 주시기 바라며, 사전 협의 후 원하시는 경우에는 별도 야외 좌석으로 안내드릴 예정입니다. ○ 우천 시 안내 - 본 행사는 우천 시에도 취소 없이 운영됩니다. - 변동 및 안내사항은 문자로 우선 안내됩니다. 예매 전에 티켓링크 회원정보 상의 연락처를 반드시 확인하시기 바라며, 회원정보 오기재로 인한 불이익은 행사 주최·주관사, 티켓사에서 책임지지 않습니다. 14. 오시는 길 ○ 지하철 - <안국역> 3호선 1번 출구 - <광화문역> 5호선 2번 출구 - <경복궁역> 3호선 4번 출구 * 경복궁 동편 유료주차장(주차비 본인 부담) 이용이 가능합니다. 15. 티켓 문의 : 티켓링크 전화 상담실 ☎1588-7890 16. 행사문의 : 궁능 활용 프로그램 전화 상담실 1522-2295 주최 : 국가유산청 궁능유적본부 https://royal.khs.go.kr 주관 : 국가유산진흥원 https://www.kh.or.kr",https://www.kh.or.kr/jnrepo/upload/jnPrgFestivalProgram/202509/b6ce630ed4fb4210acf34a1c87188832_1757556764615.JPG
28,11회,경복궁,527,경복궁 왕가의 산책,재현,"일,수,목,금,토 11:30(50분) / 14:30(50분)",https://www.kh.or.kr/jnrepo/upload/jnPrgFestivalProgram/202408/92835afa0a214c7c9b433a19668a8f78_1724820270391.jpg,왕가,https://www.kh.or.kr/program/view/menu/1292?viewType=ach&idx=527&searchRound=28&searchStTime=&searchEnTime=&searchField=homeAll&searchText=,경복궁,경복궁 왕가의 산책,재현,종료,재현,현장참여,2025-10-08~2025-10-12,"일,수,목,금,토 11:30(50분) / 14:30(50분)",경복궁 일대,,,"왕과 함께하는 특별한 경복궁 산책 ! ‘ 왕가의 산책 ’ 은 국왕 , 왕비 , 왕세자 , 세자빈이 산선시위와 군사의 호위를 받으며 궁궐을 산책하는 모습을 재현한 행사입니다 . 조선시대 경복궁의 한 장면 속을 함께 거닐어 보는 건 어떨까요 ? * 산선시위 : 산 ( 우산 모양의 의잘물 ) 과 선 ( 부채 모양 의장물 ) 을 들고 임금을 호위하는 사람 [ 행사안내 ] - 일자 : 10. 8.(수) ~10. 12.(일) - 시간 : 11:30 / 14:30 (40분) - 산책 동선 : 건춘문(시작) - 향원정(포토타임) - 경회루(포토타임) - 근정전 - 퇴장(종료) [ 유의사항 ] - 야외 행사의 특성 상 행사당일 우천 예보 시 행사가 취소될 수 있습니다 . - 궁궐 내 모든 공간은 금역구역입니다 . - 문화유산 보호구역으로 음식물 , 인화물질 , 놀이기구의 반입이 제한됩니다 . - 행사 당일 언론 및 방송 취재가 있을 수 있으며 , 사전에 개별 고지 없이 촬영될 수 있음을 양해바랍니다 . - 행사 시 촬영한 사진 및 영상은 궁중문화축전의 공식 홍보 및 연구 , 발간 자료 등에 활용될 수 있습니다 . * 행사문의 : 궁능활용프로그램 전화상담실 (1522-2295)",https://www.kh.or.kr/jnrepo/upload/jnPrgFestivalProgram/202408/92835afa0a214c7c9b433a19668a8f78_1724820270391.jpg
28,11회,창덕궁,692,아침 궁을 깨우다,체험,,https://www.kh.or.kr/jnrepo/upload/jnPrgFestivalProgram/202509/9cdf4a0522b145b281ad3c7bd086ec03_1757545241348.jpg,썸네일,https://www.kh.or.kr/program/view/menu/1292?viewType=ach&idx=692&searchRound=28&searchStTime=&searchEnTime=&searchField=homeAll&searchText=,창덕궁,아침 궁을 깨우다,체험,종료,체험,사전예약,2025-10-08~2025-10-12,,창덕궁 일대,회당 40명,티켓문의 : 1588-7890 / 행사운영 : 1522-2295,,https://www.kh.or.kr/jnrepo/upload/jnPrgFestivalProgram/202509/9cdf4a0522b145b281ad3c7bd086ec03_1757545241348.jpg
28,11회,창덕궁,664,창덕궁 약다방(하반기),체험,"일,화,수,목,금,토 10:30 ~ 11:10",https://www.kh.or.kr/jnrepo/upload/jnPrgFestivalProgram/202509/f841f8d50d9d4aedbb29fee22cbbca7f_1757556034762.JPG,썸네일,https://www.kh.or.kr/program/view/menu/1292?viewType=ach&idx=664&searchRound=28&searchStTime=&searchEnTime=&searchField=homeAll&searchText=,창덕궁,창덕궁 약다방(하반기),체험,종료,체험,사전예약,2025-10-08~2025-10-12,"일,화,수,목,금,토 10:30 ~ 11:10 / 일,화,수,목,금,토 13:20 ~ 14:30 / 일,화,수,목,금,토 15:10 ~ 16:20",약방,"회차당 30명, 1일 90명",행사티켓 : 1588-7890 / 행사운영 : 1522-2295,"창덕궁 궐내각사의 고풍스러운 분위기 속에 자리하고 있는 약방은 내의원(內醫院)과 함께 궁중의 치료를 위해 왕실의 약재를 보관하고 관리하던 곳이었습니다. <창덕궁 약다방> 프로그램은 조선왕조실록의 내용을 토대로 궁중에서 사용되었던 약재와 약방 공간을 현대적으로 재해석하여, 오늘날에도 즐길 수 있도록 구성된 체험 프로그램 입니다. [행사 안내] 1. 행사기간 : 2025. 10. 1.(수) ~ 10. 23.(목) * 매주 화~일요일 운영 2. 행사시간 * 회당 70분 내외 소요 ○ 1회차 : 10:30 ~ 11:40 ○ 2회차 : 13:20 ~ 14:30 ○ 3회차 : 15:10 ~ 16:20 4. 행사장소 : 창덕궁 약방 5. 참여 인원 : 회차당 30명 / 1일 90명 6. 관람 연령 : 전 연령 체험 가능 *<창덕궁 약다방>은 좌석 지정제로 운영되는 행사로, 48개월 미만 아동은 보호자 동반 하에 1명까지만 입장 가능합니다. 입장 시 반드시 관련 증빙자료 확인 작업을 진행하며, 증빙자료 미소지 시 입장이 불가함을 안내드립니다. *48개월 이상 아동 및 청소년(2007년 ~ 2018년 출생자)은 일반인 1인과 동일한 티켓을 소지하여야 하며, 보호자 동반하여야 입장 가능합니다. 7. 행사 문의 ○ 행사안내 : 궁능 활용 프로그램 전화 상담실 (☎ 1522-2295) ○ 예매안내 : 티켓링크 전화 상담실 (☎ 1588-7890) [예매 안내] 본 안내 페이지 정독 후 모든 안내사항에 동의하시는 경우에만 응모 및 예매해주시기 바라며, 모든 예매자는 안내 내용을 숙지 및 동의하신 것으로 간주합니다. 1. 예매금액 : 1매 15,000원 *당첨 시 1인 최대 2매 예매 가능 2. 예매처 : 티켓링크 (www.ticketlink.co.kr) 3. 예매방법 : 우선 예매권 추첨제(온라인) 및 전화 예매 <우선 예매권 추첨제]> : 밤의 석조전 예매권 응모에 참여 후 추첨을 통해 당첨된 분들만 예매에 참여하는 방식 - 예매권 추첨 응모 → 추첨 당첨자 발표 → 당첨자 우선 예매 → 잔여석 일반 예매(*선착순) ① 예매권 추첨 응모 - 응모페이지 접속 및 로그인 → 매수 선택(1인 최대 1매) → 결제 진행(0원) → 응모 완료 * 한 ID당 1회 응모 가능하며, 당첨 시 1인 최대 2매 예매 가능합니다. * 응모단계에서는 비용이 발생하지 않습니다. ② 추첨 당첨자 발표 - ‘국가유산진흥원’ 홈페이지 공지 - 예매처 회원정보에 기입된 휴대폰 번호로 개별 안내 문자 발송 * 예매처 회원정보 내 휴대폰 번호를 사전에 확인·수정하시기 바랍니다. ③ 당첨자 우선 예매 - 예매페이지 접속 및 로그인 → 당첨자 인증(개인정보 입력) → 관람일자 및 회차 선택 → 클린예매 서비스 보안문자 입력 → 좌석, 예매 매수, 음료 선택(1인 최대 2매) → 결제진행 및 예매완료 * 예매권 당첨자는 ‘당첨자 우선 예매’ 기간 내 원하시는 회차 및 좌석을 선착순으로 선택 및 예매할 수 있습니다. * 당첨자 우선 예매 기간 내 티켓 결제를 완료해야 예약이 확정됩니다. * 기한 내 티켓 결제를 완료하지 않은 경우 당첨이 취소되며, 이를 숙지하지 못해 발생하는 문제는 주최, 주관사, 예매처가 책임지지 않습니다. * 당첨자 우선 예매 페이지의 URL 무단 공유를 금하며, 부정 예매 적발 시 자동으로 티켓이 취소됩니다. * 응모 정보와 결제 정보가 다를 경우 예매는 자동으로 취소됩니다. * 당첨자 우선 예매를 통해 티켓을 구매하신 경우, 잔여석 일반 예매 시 추가 구매가 어려운 점 양해 바랍니다. (ID 제한) ④ 잔여석 일반 예매 - 예매페이지 접속 및 로그인 → 관람일자 및 회차 선택 → 클린예매 서비스 보안문자 입력 → 좌석, 예매 매수, 음료 선택 → 결제진행 및 예매완료 * 당첨자 우선 예매 기간 종료 후 발생한 잔여석에 한하여 일반 예매(선착순)로 전환 * 1인 2매까지 예매 가능 [예매 일정] 1. 예매권 추첨 응모 : 2025. 9. 10.(수) 14:00 ~ 9. 16.(화) 23:59 / 7일간 2. 추첨 당첨자 발표 : 2025. 9. 18.(목) 17:00 이후 3. 당첨자 우선 예매 : 2025. 9. 19.(금) 14:00 ~ 9. 23.(화) 23:59 / 5일간 4. 잔여석 일반 예매 : 2025. 9. 24.(수) 14:00 ~ 행사 전일 12:00까지 5. 전화 예매 ○ 예매대상 : 65세 이상(1960년 이전 출생자), 국가유공자, 장애인 ○ 예매처 : 티켓링크 전화 상담실(☎1588-7890) ○ 예매일시 : 2025. 9. 24.(수) 14:00 ~ * 전화 상담실 운영시간 : 평일 10:00~19:00 (주말·공휴일 미운영) * 현장에서 증빙자료를 확인할 예정이오니 신분증(국가유공자증, 장애인복지카드 등)을 반드시 지참해주시기 바랍니다. * 전화 예매 및 할인 티켓은 예매자 본인 참여가 원칙이며 가족 양도가 불가합니다. [예매 유의사항] 1. 티켓 예매 ○ 본 행사의 티켓은 정식 예매처인 티켓링크를 통한 100% 사전예약 판매를 원칙으로 하며, 그 외의 경로나 현장 판매는 진행되지 않습니다. ○ 부정 예매 및 암표 거래 방지를 위해 신용카드 결제만 가능합니다. ○ 예매하신 본인 입장이 원칙이며, 타인 양도가 불가합니다. ○ 단, 가족 관계일 경우 예매자 및 양도받으실 가족 본인의 신분증과 가족 관계 증빙자료(주민등록등본 혹은 가족관계증명서) 지참 시에만 예외적으로 양도가 가능합니다. * 법적 정의(민법 제779조)에 따른 ‘가족’만 해당(배우자, 직계혈족, 형제자매) * 단, 전화 예매 및 할인 티켓은 예매자 본인 참여가 원칙이며 가족 양도 불가 ○ 본 행사는 창덕궁 약방에 마련되는 예매확인처에서 본인확인을 진행합니다. 예매자 본인 명의와 일치하는 신분증(원본) 및 예매내역(예매번호)을 반드시 지참해주시기 바랍니다. ○ 실물 티켓은 별도로 제공되지 않습니다. ○ 부정한 방법(매크로 사용, 우선 예매 URL 공유 등)으로 예매하거나 불법 암표 매매 목적으로 구매하는 경우 적발 시 해당 티켓은 사전 통보 없이 예매 취소 및 사용을 제한할 수 있습니다. ○ 불법 암표 거래(프리미엄 티켓 판매, 티켓 양도 사기)로 선량한 예매자의 피해가 발생하고 있습니다. 이로 인한 문제 발생 시 행사 주최·주관사, 예매처는 책임지지 않습니다. 반드시 정식 예매처를 통해 예매해주시기 바랍니다. ○ 본 행사 진행 중 기록촬영으로 인해 관람객 초상이 노출되거나 촬영될 수 있으니 이 점 양해 부탁드립니다. 2. 취소 및 환불 ○ 예매하신 티켓의 취소와 환불은 예매처의 규정을 준수합니다. ○ 취소 마감 시간(행사 전일 12:00) 이전 티켓 취소 시 100% 환불되며, 취소 수수료가 발생하지 않습니다. ○ 취소 마감 시간(행사 전일 12:00) 경과 후 티켓 취소 및 변경이 불가합니다. [프로그램 안내] 창덕궁에서 머무는 특별한 순간 A Special Moment at Changdeokgung Palace 1. 궁중병과 ① 호박란 세트 : 호박란, 매작과, 호박씨다식, 율란·조란, 잣박산, 금귤정과, 호두정과, 도라지정과 ② 배란 세트 : 배란, 매작과, 호박씨다식, 율란·조란, 잣박산, 곶감오림, 금귤정과, 도라지정과 2. 궁중약차 ① 궁온차 : 몸을 따뜻하게 하고 면역력을 올려주는 약차 ② 장생차 : 몸에 기운을 북돋아 불로장생을 돕는 약차 ③ 청온차 : 머리를 시원하게 하고, 속을 따뜻하게 하는 약차 ④ 오미자차 : 번열과 갈증 해소를 돕는 약차 [접수 안내] 1. 접수장소 : 창덕궁 약다방 입구 예매확인처 2. 접수시간 ○ 1회차 10:25 ○ 2회차 13:15 ○ 3회차 15:05 * 각 회차별 행사 시작 시간 5분 전부터 접수 및 약다방 입장이 가능합니다. * 창덕궁 입장 시, “창덕궁 입장권”은 매표소에서 별도로 구매하신 후 입장하셔야 합니다. [행사 유의사항] 1. 접수 시 유의사항 ○ 본 행사는 예매확인처에서 본인확인을 진행합니다. 예매자 본인 명의와 일치하는 신분증(원본) 및 예매내역(예매번호)을 반드시 지참해주시기 바랍니다. ○ 예매자 본인확인이 불가하거나 예매정보와 현장 참여자 정보가 다를 경우 입장이 제한됩니다. ○ 할인 예매 고객께서는 현장 확인 증빙자료를 반드시 지참해주시기 바랍니다. ○ 접수 시간이 경과하면 행사 참여에 제한이 있을 수 있습니다. 2. 관람 시 유의사항 ○ 행사 중 플래시 사용, 삼각대 사용, 음식물 반입을 금합니다. ○ 사전예매 시 선택하신 좌석과 궁중다과의 메뉴 변경은 불가합니다. ○ 거동이 불편하신 고객께서는 추후 연락드리는 운영사무국을 통해 휠체어 탑승 여부를 알려 주시기 바라며, 사전 협의 후 원하시는 경우에는 별도 야외 좌석으로 안내드릴 예정입니다. 3. 우천 시 안내 ○ 본 행사는 우천 시에도 취소 없이 운영됩니다. ○ 변동 및 안내사항은 문자로 우선 안내됩니다. 예매 전에 티켓링크 회원정보 상의 연락처를 반드시 확인하시기 바라며, 회원정보 오기재로 인한 불이익은 행사 주최·주관사, 티켓사에서 책임지지 않습니다. [오시는 길] ○ 지하철 : <3호선> 안국역 3번 출구, <1호선> 종로3가역 7번 출구 [티켓 문의] ○ 티켓링크 전화 상담실 ☎1588-7890 [행사 문의] 궁능 활용 프로그램 전화상담실 ☎1522-2295",https://www.kh.or.kr/jnrepo/upload/jnPrgFestivalProgram/202509/f841f8d50d9d4aedbb29fee22cbbca7f_1757556034762.JPG
28,11회,창덕궁,658,2025년 창덕궁 달빛기행(하반기),체험,"일,목,금,토 19:10 / 19:15 / 19:20 / 20:00 / 20:05 / 20:10",https://www.kh.or.kr/jnrepo/upload/jnPrgFestivalProgram/202509/d6beeb5e22e3468195ac42f9884d42e0_1757570387706.JPG,창덕궁 달빛기행,https://www.kh.or.kr/program/view/menu/1292?viewType=ach&idx=658&searchRound=28&searchStTime=&searchEnTime=&searchField=homeAll&searchText=,창덕궁,2025년 창덕궁 달빛기행(하반기),체험,종료,체험,사전예약,2025-10-09~2025-10-12,"일,목,금,토 19:10 / 19:15 / 19:20 / 20:00 / 20:05 / 20:10",창덕궁 일대,회차당 25명,행사문의 콜센터 : 1522-2295 | 티켓문의 : 티켓링크 고객센터 1588-7890,"MOONLIGHT TOUR AT CHANGDEOKGUNG PALACE 조선시대 왕들의 사랑을 가장 많이 받았던 궁, 창덕궁으로 여러분을 초대합니다. 은은한 달빛 아래 녹음이 어우러진 창덕궁에서 청사초롱에 불을 밝히고 궁궐 곳곳을 거닐며 숨은 옛이야기를 찾아 보세요. 1. 행사기간(Event Period) : 2025년 9월 4일(목) ~ 10월 26일(일) * 매주 목요일 ~ 일요일 운영 2. 행사시간(Event Time) ○ 1부 19:10 / 19:15 / 19:20 ○ 2부 20:00 / 20:05 / 20:10 * 회당 100분 내외 소요 3. 행사장소 : 창덕궁 일원 등 4. 참여인원 : 회차당 25명 / 1일 150명 5. 관람연령 : 7세 이상(2018년 이전 출생자) * <창덕궁 달빛기행>은 야간에 진행되는 행사로 미취학 연령(2019년 이후 출생자)는 안전상의 이유로 참여가 불가한 점 양해 부탁드립니다. * 취학 연령 및 청소년(2007년 ~ 2018년 출생자)은 반드시 보호자 동반하여야 입장 가능합니다. 6. 행사문의 : 궁능 활용 프로그램 전화 상담실 (1522-2295) 7. 예매안내 : 티켓링크 전화 상담실(1588-7890) ○ 본 안내 페이지 정독 후 모든 안내사항에 동의하시는 경우에만 응모 및 예매해주시기 바라며, 모든 예매자는 안내 내용을 숙지 및 동의하신 것으로 간주합니다. ○ 예매금액 : 1매 30,000원 * 추첨 당첨 시 1인 2매까지 예매 가능 ○ 예매처 : 티켓링크 www.ticketlink.co.kr ○ 예매 방법 : 우선 예매권 추첨제(온라인) 및 전화 예매 ○ 우선 예매권 추첨제란? : 창덕궁 달빛기행 예매권 응모에 참여 후, 추첨을 통해 당첨된 분들만 예매에 참여하는 방식입니다. - 예매권 추첨응모 → 추첨 당첨자 발표 → 당첨자 우선 예매 → 잔여석 일반 예매(*선착순) ① 예매권 추첨 응모 : 응모 페이지 접속 및 로그인 → 매수 선택(1인 최대 1매) → 결제진행(0원) → 응모(예매)완료 * 한 ID당 1회 응모 가능하며, 당첨 시 1인 최대 2매 까지 예매 가능합니다. * 응모단계에서는 비용이 발생하지 않습니다. ② 추첨 당첨자 발표 : '국가유산진흥원 누리집 공지, 티켓링크 회원정보에 기입된 휴대폰 번호로 개별 안내 문자 발송 * 예매처 회원정보 내 휴대폰 번호를 사전에 확인·수정하시기 바랍니다. ③ 당첨자 우선 예매 : 예매페이지 접속 및 로그인 → 당첨자 인증(개인정보 입력) → 관람일자 및 회차 선택 → 클린예매 서비스 보안문자 입력 → 결제진행 및 예매완료 * 예매권 당첨자는 '당첨자 우선 예매' 기간 내 원하시는 날짜와 회차를 선착순으로 선택 및 예매할 수 있습니다. * 당첨자 우선 예매 기간 내 티켓 결제까지 완료해야 예약이 최종 확정됩니다. * 기한 내 티켓 결제를 완료하지 않은 경우 당첨이 취소되며, 이를 숙지하지 못해 발생하는 문제는 주최, 주관사, 티켓링크가 책임지지 않습니다. * 당첨자 우선 예매 페이지의 URL 무단 공유를 금하며, 부정 예매 적발 시 자동으로 예매가 취소됩니다. * 당첨자 ID와 예매자 ID가 다를 경우 자동으로 예매가 취소됩니다. * 당첨자 우선 예매를 통해 티켓을 구매하신 경우, 잔여석 일반 예매로 추가 구매가 어려운 점 양해 바랍니다. (ID 제한) ④ 잔여석 일반 예매 : 예매페이지 접속 및 로그인 → 관람일자 및 회차 선택 → 클린예매 서비스 보안문자 입력 → 결제진행 및 예매완료 * 당첨자 우선 예매 기간 종료 후 발생한 잔여석에 한하여 일반 예매(선착순)로 전환됩니다. * 1인 2매까지 예매 가능합니다. 8. 예매 일정 ○ 예매권 추첨 응모 : 2025. 8. 13.(수) 14:00 ~ 8. 19.(화) 23:59 / 7일간 ○ 추첨 당첨자 발표 : 2025. 8. 21.(목) 17:00 ○ 당첨자 우선 예매 : 2025. 8. 22.(금) 14:00 ~ 8. 26.(화) 23:59 / 5일간 ○ 일반(잔여석) 예매 : 2025. 8. 27.(수) 14:00 ~ 행사 당일 10:00까지 9. 전화 예매 ○ 예매대상 : 65세 이상(1960년 이전 출생자), 국가유공자, 장애인 ○ 예매방법 : 티켓링크 전화 상담실(☎1588-7890) ○ 예매일시 : 2025. 8. 27.(수) 14:00 ~ - 전화 상담실 운영시간 : 평일 10:00~19:00 (주말·공휴일 미운영) - 현장에서 증빙자료를 확인할 예정이오니 신분증(국가유공자증, 장애인복지카드 등)을 반드시 지참해주시기 바랍니다. - 전화 예매 및 할인 티켓은 예매자 본인 참여가 원칙이며 가족 양도가 불가합니다. 10. 외국인 대상 행사 안내 ※ 외국인 대상 행사는 크리에이트립 사이트에서만 예매 가능 합니다.(외국인 전용) ○ 행사일자 : 9.28.(일) / 10.5.(일) / 10.12.(일) / 10.19.(일) / 4일간 24회 ○ 예매 사이트 : https://creatrip.com ○ 예매 일시 : 2025. 8. 27.(수) 9:00~ ○ 참가 대상 : 외국인(시민권자, 영주권자) - 동반 내국인은 참여가 불가 합니다. 11. 할인 정보 ○ 장애의 정도가 심한 장애인(구 1~3급) : 본인 + 동반 1인 / 장애인 복지카드 / 50%할인 ○ 장애의 정도가 심하지 않은 장애인(구 4~6급) : 본인만 / 장애인 복지카드 / 50%할인 ○ 국가유공자 : 본인만 / 국가유공자증 / 50%할인 * 할인은 예매 시 적용 가능하며, 일반 권종으로 예매 후 현장에서 할인 적용(차액 환불)이 불가합니다. * 현장 확인 증빙자료 미지참 시 차액 결제, 환불, 행사 참여가 불가한 점 양해 부탁드립니다. 12. 유의사항 (※ 예매 전에 꼭 확인해주세요) ○ 티켓 예매 - 본 행사의 티켓은 정식 예매처인 티켓링크를 통한 100% 사전예약 판매를 원칙으로 하며, 그 외의 경로나 현장 판매는 진행되지 않습니다. - 1인 최대 2매 예매 가능합니다. - 부정 예매 및 암표 거래 방지를 위해 신용카드 결제만 가능합니다. - 예매하신 본인 입장이 원칙이며 타인 양도가 불가합니다. 단, 가족 관계일 경우 예매자 및 양도받으실 가족 본인의 신분증과 가족 관계 증빙자료(주민등록등본 혹은 가족관계증명서) 지참 시에만 예외적으로 양도가 가능합니다. * 법적 정의(민법 제779조)에 따른 '가족'만 해당(배우자, 직계혈족, 형제자매) * 단, 전화 예매 및 할인 티켓은 예매자 본인 참여가 원칙이며 가족 양도 불가 - 본 행사는 현장에서 본인확인을 진행합니다. 예매자 본인 명의와 일치하는 신분증(원본) 및 예매내역(예매번호)을 반드시 지참해주시기 바랍니다. - 실물 티켓은 별도로 제공되지 않습니다. - 부정한 방법(매크로 사용, 우선 예매 URL 공유 등)으로 예매하거나 불법 암표 매매 목적으로 구매하는 경우 적발 시 해당 티켓은 사전 통보 없이 예매 취소 및 사용을 제한할 수 있습니다. - 불법 암표 거래(프리미엄 티켓 판매, 티켓 양도 사기)로 선량한 예매자의 피해가 발생하고 있습니다. 이로 인한 문제 발생 시 행사 주최·주관사, 티켓사는 책임지지 않습니다. 반드시 정식 예매처를 통해 예매해주시기 바랍니다. - 본 행사 진행 중 기록촬영으로 인해 관람객 초상이 노출되거나 촬영될 수 있으니 이 점 양지하시어 티켓을 예매하시길 바랍니다. ○ 취소 및 환불 - 예매하신 티켓의 취소와 환불은 예매처(티켓링크)의 규정을 준수합니다. - 취소마감시간(행사 전일 17시) 이전 티켓 취소 시 100% 환불되며, 취소 수수료가 발생하지 않습니다. - 취소 마감 시간(행사 전일 17시) 경과 후 티켓 취소 및 변경이 불가합니다. - 취소 마감 시간(행사 전일 17시)) ~ 티켓 판매 마감 시간(행사 당일 10시)에 구매하신 티켓 또한 취소 및 변경이 불가합니다. 13. 프로그램 안내 창덕궁의 달밤을 거닐며 다채로운 왕실 이야기를 전문가의 해설로 듣는 달빛 산책과 전통차를 곁들인 전통예술공연 청사초롱과 은은한 달빛 아래서 아름다운 창덕궁의 야경을 감상하실 수 있습니다. ○ 전통예술공연(* 공연 내용은 상황에 따라 변경 될 수 있습니다.) - 상량정(은은한 달빛 아래 청아한 소리 대금 독주) : 대금은 한국의 전통악기 중 가로로 비껴들고, 한쪽 끝부분에있는취구에 입술을 대고 입김을 불어 넣어 소리를 내는 대표적인 횡적 악기로 상량정달빛 아래 청아한 대금소리를 들을 수 있습니다. - 연경당(절제되고 우아한 동작 궁중정재) : 효명세자가 창건한 연경당에서 1828년(순조 28) 6월 1일 거행된 어머니 순원왕후의 사순을 축하하는 연경당진작례에서 공연되었던 정재중 보상무를 선보이며, 이외에도 다채로운 전통공연을 감상하실 수 있습니다. ○ 특별 프로그램 | 왕가의 산책 : 조선시대 왕과 왕비를 마주하는 시간 ○ 해설 탐방 안내 ① 금호문(집결) : 기존 돈화문에서 금호문으로 집결 위치가 바뀌었습니다. ② 금천교 : 돈화문과 진선문 사이 금천(禁川)을 가로질러 놓여있는 금천교는 현존하는 서울의 다리 가운데 가장 오래된 다리입니다. ③ 인정전 : 어진 정치를 펼친다는 뜻을 가진 인정전은 창덕궁의 정전으로 왕의 즉위식조회·외국 사신 접견 등 국가의 중요한 의식을 치르던 공식 의례 공간입니다. ④ 희정당 : 왕의 비공식적인 집무실인 희정당은 본래 숭문당이 었으나 1496년(연산 2년)에 '화평하고 느긋하여 잘 다스려지는 즐거운 정치' 라는 의미인 희정당(熙政堂)으로 바뀌었습니다. 지금의 희정당은 1917년 화재로 소실된 것을 1920년 경복궁의 강녕전을 옮겨 재건했습니다. 내부는 카펫, 유리창문, 샹들리에 등 서양식으로 꾸며져 있습니다. ⑤ 낙선재 : 낙선재는 1847년(헌종 13년)에 지은 공간으로 현종의 서재 겸 사랑채 였습니다. 현종은 평소 검소하면서도 선진 문물에 관심이 많았으며 단청을 하지 않은 낙선재의 모습에서 그 면모를 확인할 수 있습니다. ⑥ 상량정 : 낙선재 후원에 우뚝 서있는 육각형 누각으로 '시원한 곳에 오르다'라는 뜻을 가졌습니다. 은은한 달빛 아래에서 도심의 야경과 어우러진 대금의 청아한 소리를 들으실 수 있습니다. ⑦ 부용지·부용정 : 부용지는 '하늘은 둥글고 땅은 모나다'라는 '천원지방의 음양사상에 따라 조성된 왕실 연못입니다. 두개의 기둥이 연못에 떠있는 듯한 부용정을 볼 수 있습니다. ⑧ 애련지·애련정 : 숙종의 연꽃 사랑을 담은 애련지와 애련정을 볼 수 있습니다. 규모는 작지만 잔잔한 아름다움과 기품을 느낄 수 있습니다. ⑨ 연경당 : 아버지 순조에 대한 효명세자의 효심이 담긴 공간으로 궁궐 내에 사대부집과 유사한 형태로 지어진 주택입니다. 고종과 순종대에 이르러 주로 연회를 배풀고 외국 공사들을 접견하는 등 경사스러운 의례를 행하는 연회 공간으로 활용되었습니다. ⑩ 후원 숲길 : 후원 숲길을 되돌아 나오면 창덕궁의 정취와 함께 달빛기행의 여운을 느껴보세요. 14. 관람동선 안내 ① 금호문(집결) → ② 금천교 → ③ 인정전 → ④ 희정당 → ⑤ 낙선재 → ⑥ 상량정 → ⑦ 부용지 → ⑧ 애련지 → ⑨ 연경당 → ⑩ 후원 숲길 → ⑪ 금호문(해산) 15. 접수 안내 ○ 접수 장소 : 창덕궁 금호문 앞 <창덕궁 달빛기행> 예매확인처 ○ 접수 시간 : (1부) 18:50 부터~ / (2부) 19:30 부터~ - 각 회차별 행사 시작 시간 20분 전부터 가능합니다. 조별 5분 간격으로 입장하여 시간이 경과되면 참여에 제한이 있을 수 있으니 시간 준수 부탁드립니다. - 접수 시간 이전에 창덕궁에 일반관람을 하고자 하시는 경우, 창덕궁 매표소에서 별도 입장료를 지불하셔야 합니다. 단, 일반 관람이 끝난 후에는 퇴장한 후 다시 행사에 참여하셔야 합니다. 16. 참여 유의 사항 ○ 본 행사의 티켓은 정식 예매처인 티켓링크를 통한 100% 사전예약 판매를 원칙으로 하며, 그 외의 경로나 현장 판매는 진행되지 않습니다. ○ 예매자 본인확인이 불가하거나 예매정보와 현장 참여자 정보가 다를 경우 입장이 제한됩니다. ○ 할인 예매 고객께서는 현장 확인 증빙자료를 반드시 지참해주시기 바랍니다. ○ 접수 시간이 경과하면 행사 참여에 제한이 있을 수 있습니다. ○ 화장실의 위치가 멀기 때문에 행사 시작 후에는 화장실 이용이 어렵습니다. 행사 시작 전 미리 화장실을 이용하시길 권장드립니다. ○ 행사는 약 100분간 진행되며, 야간투어 행사로 편한 신발을 착용해주시기 바랍니다. 행사 중 플래시 사용, 삼각대 사용, 음식물 반입을 금합니다. ○ 거동이 불편하신 체험객은 궁능 활용 프로그램 전화 상담실로 행사 2일전까지 휠체어 탑승 여부를 알려 주시기 바라며, 동선에 계단이 포함된 관계로 사전 협의 후 별도 동선으로 안내드리는 점 양해 부탁드립니다. ○ '행사일' 행사 시간 내 5mm 이상 우천이 예보된 경우, 안전사고 예방 및 관람객 편의를 위하여 야외 동선이 일부 변경될 수 있습니다. ○ 1~4mm 예보시 행사 정상 진행. 단, 국가유산 보호를 위하여 일부 구역 관람이 제한될 수 있음 ○ 5mm이상 예보시 행사 취소. 개별 알림 및 전액 환불 ○ 변동 및 안내사항은 문자로 우선 안내됩니다. 예매 전에 티켓링크 회원정보 상의 연락처를 반드시 확인하시기 바라며, 회원정보 오기재로 인한 불이익은 행사 주최·주관사, 티켓사에서 책임지지 않습니다. 17. 오시는 길 ○ 지하철 : 3호선 안국역 3번 출구 - 도보 약 10분거리 위치 ○ 버스(서울돈화문국악당 정류장) - 간선 : 2109, 151, 162, 171, 172, 272, 710 - 지선 : 7025 18. 예매문의 ○ 티켓링크 고객센터 전화 상담실 1588-7890 ○ 행사문의 궁능 활용 프로그램 전화 상담실 1522-2295 19. 주최 : 국가유산청 궁능유적본부 https://royal.khs.go.kr 20. 주관 : 국가유산진흥원 https://www.kh.or.kr",https://www.kh.or.kr/jnrepo/upload/jnPrgFestivalProgram/202509/d6beeb5e22e3468195ac42f9884d42e0_1757570387706.JPG
28,11회,덕수궁,691,덕수궁 준명당 어린이 학교,체험,,https://www.kh.or.kr/jnrepo/upload/jnPrgFestivalProgram/202509/5a9d18b49ecc496bb004b2489dfb5740_1757544590579.jpg,썸네일,https://www.kh.or.kr/program/view/menu/1292?viewType=ach&idx=691&searchRound=28&searchStTime=&searchEnTime=&searchField=homeAll&searchText=,덕수궁,덕수궁 준명당 어린이 학교,체험,종료,체험,사전예약,2025-10-11~2025-10-12,,준명당,회당 25명,티켓문의 : 1588-7890 / 행사운영 : 1522-2295,"2025년 가을 궁중문화축전 준명당 어린이 학교 궁궐의 마지막 공주, 덕혜옹주.그녀가 자라던 덕수궁 어딘가에 조용하고 따스한 '황실 유치원'이 있었다면 어땠을까요?한복을 곱게 차려입은 아이들이 덕혜옹주의 동무가 되어 인사하고, 걷고, 웃으며 궁중의 하루를 살아봅니다. 왕실의 손님이 되어, 궁궐 속 다정한 시간을 느껴보세요. * 본 행사는 어린이 대상 프로그램입니다.(7세~10세/2015년~2018년 출생) * 본 행사는 직접 전통한복을 착용하고 참가하는 프로그램입니다.(궁 무료 입장) * 한복 착용 기준은 국가유산청 궁능유적본부 <한복무료관람 가이드라인>을 준용합니다. * 접수장소: 덕수궁 광명문 인근 <준명당 어린이 학교> 접수처 * 접수시간: (1회차) 09:30~10:00 (2회차) 12:30~13:00 (3회차) 15:30~16:00 * 접수방법: 티켓링크 모바일 티켓 확인(궁 무료 입장) * 각 회차별 행사 시작 시간 30분 전부터 접수가 가능합니다. * 원활한 접수 진행을 위해 최소 10분 전에 도착해주시기 바랍니다. * 동행하시는 학부모님의 경우 덕수궁 입장료(1,000원)를 별도 지불하셔야 합니다. * 오픈일정 : 2025.09.11 14:00 * 예매마감 : 관람일 전일 17시 * 취소마감 : 관람일 전일 17시 * 구매수량 : 1인 당 최대 2매 [할인대상] 장애인 50%할인대상 : 중증 (구 1~3급) : 본인 포함 2인 / 경증(구 4~6급) : 본인 한정 현장에서 예매자 신분증, 증빙서류 확인 후 입장 가능합니다. 국가유공자 본인 한정 50% 할인현장에서 예매자 신분증, 증빙서류 확인 후 입장 가능합니다.",https://www.kh.or.kr/jnrepo/upload/jnPrgFestivalProgram/202509/5a9d18b49ecc496bb004b2489dfb5740_1757544590579.jpg
28,11회,덕수궁,681,덕수궁 인문학 콘서트,공연,,https://www.kh.or.kr/jnrepo/upload/jnPrgFestivalProgram/202509/5f02557cf20d41279f3aed25fc9742d8_1757544918270.jpg,00,https://www.kh.or.kr/program/view/menu/1292?viewType=ach&idx=681&searchRound=28&searchStTime=&searchEnTime=&searchField=homeAll&searchText=,덕수궁,덕수궁 인문학 콘서트,공연,종료,공연,사전예약,2025-10-10~2025-10-11,,정관헌,회당 60명,티켓문의 : 1588-7890 / 행사운영 : 1522-2295,"2025년 가을 궁중문화축전 광복 80주년 기념 인문학 콘서트 10.10.(1일차) <제국을 거스른 노래들: 덕수궁과 한국근대가요>20세기 초 격동의 시대 속에서 울려 퍼진 한국 근대가요의 숨은 이야기를 다룬다.저항과 교류의 상징적 공간인 덕수궁을 중심으로 노래가 어떻게 제국의 권력에 맞서는 목소리가 되었는지, 또 동시에 민중의 일상과 감적을 비추는거울이 되었는지를 살펴보고, 희귀사료와 생생한 일화, 그리고 함께 듣는 노래들을 통해 음악이 어떻게 제국을 넘어서는 힘이자 한국 대중음악의 뿌리를 형성한 원천이었는지를 새롭게 조명한다.10.11.(2일차) <한국의 전통 가면극의 전문성, 예술성, 미학적 특성>한국 전통 가면극이 지닌 역사적 맥락과 예술적 가치, 그리고 현대적 의미를 탐구한다. * 본 행사는 사전예약(무료) 프로그램입니다. * 해당 티켓은 덕수궁 입장료가 포함되어있지 않습니다. * 접수시간 이후 예약부도(노쇼) 발생 시 현장접수를 진행합니다. * 접수장소: 덕수궁 대한문 앞 <덕수궁 인문학 콘서트> 예매확인처 * 접수시간: 14:20~14:50* 접수방법: 티켓링크 모바일 티켓 확인 * 각 회차별 행사 시작 시간 15분 전부터 정관헌 입장이 가능합니다. * 원활한 접수 진행을 위해 최소 10분 전에 도착해주시길 바랍니다. * 오픈일정 : 2025.09.11 14:00* 예매마감 : 관람일 전일 17시 * 취소마감 : 관람일 전일 17시 * 구매수량 : 1인 당 최대 4매",https://www.kh.or.kr/jnrepo/upload/jnPrgFestivalProgram/202509/5f02557cf20d41279f3aed25fc9742d8_1757544918270.jpg
28,11회,덕수궁,667,궁중문화축전 길놀이(덕수궁),공연,,https://www.kh.or.kr/jnrepo/upload/jnPrgFestivalProgram/202509/d273022bab2d41dfa36be129ed8bd528_1757554785908.jpg,썸네일,https://www.kh.or.kr/program/view/menu/1292?viewType=ach&idx=667&searchRound=28&searchStTime=&searchEnTime=&searchField=homeAll&searchText=,덕수궁,궁중문화축전 길놀이(덕수궁),공연,종료,공연,현장참여,2025-10-09~2025-10-09,,덕수궁 일대,,,"사자춤, 소고춤, 사물놀이 등 2025년 궁중문화축전의 흥을 더할 전통 길놀이를 궁궐 곳곳에서 만나보세요! 2025 가을 궁중문화축전 길놀이는 덕수궁과 창경궁에서 진행됩니다. <덕수궁> - 일정 : 2025. 10. 9.(목) 14시, 16시 - 동선: 덕수궁 일대 - 출연진: 강령탈춤보존회, 봉산탈춤보존회, 국가유산진흥원 예술단 등 - 공연구성: 합동 사자춤(강령, 봉산), 기접놀이, 소고춤, 사물 개인놀이 등 - 행사문의 ○ 궁능활용프로그램 콜센터 1522-2295 - 우천 시 취소 안내 ○ 행사 당일 오전 11시 기준 5mm 이상 예보될 경우(기상청 예보 기준) 행사가 취소되며, 궁중문화축전 SNS 채널을 통해 공지됩니다.",https://www.kh.or.kr/jnrepo/upload/jnPrgFestivalProgram/202509/d273022bab2d41dfa36be129ed8bd528_1757554785908.jpg
28,11회,덕수궁,666,덕수궁 밤의 석조전(하반기),체험,,https://www.kh.or.kr/jnrepo/upload/jnPrgFestivalProgram/202509/617d8e1d13604398af02c38ed4e35d4a_1757570238964.JPG,썸네일,https://www.kh.or.kr/program/view/menu/1292?viewType=ach&idx=666&searchRound=28&searchStTime=&searchEnTime=&searchField=homeAll&searchText=,덕수궁,덕수궁 밤의 석조전(하반기),체험,종료,체험,사전예약,2025-10-08~2025-10-12,,석조전,회차당 18명 /1일 54명,티켓문의 : 1588-7890 / 행사운영 : 1522-2295,"1. 행사 개요 ○ 행사명 : 2025년 덕수궁 밤의 석조전(상반기) ○ 행사일자 : 2025. 9. 10.(수) ~ 10. 26.(일) * 기간 중 매주 수~일요일 운영 ○ 행사시간 : (1회차) 18:15 ~ 19:45 / (2회차) 18:50 ~ 20:20 / (3회차) 19:25 ~ 20:55 * 회당 90분 내외 소요 ○ 행사장소 : 덕수궁 석조전 ○ 참여인원 : 회차당 18명 / 1일 54명 ○ 관람연령 : 7세 이상(2018년 이전 출생자) *<덕수궁 밤의 석조전>은 야간에 진행되는 행사로 미취학 연령(2019년 이후 출생자)는 안전상의 이유로 참여가 불가한 점 양해 부탁드립니다. * 취학 연령 및 청소년(2007년 ~ 2018년 출생자)은 반드시 보호자 동반하여야 입장 가능합니다. 2. 예매 안내 ★본 안내 페이지 정독 후 모든 안내사항에 동의하시는 경우에만 응모 및 예매해주시기 바라며, 모든 예매자는 안내 내용을 숙지 및 동의하신 것으로 간주합니다.★ ○ 예매금액 : 1매 26,000원 (*추첨 당첨시 1인 2매까지 예매 가능) ○ 예매처 : 티켓링크 (www.ticketlink.co.kr) ○ 예매방법 : 우선 예매권 추첨제(온라인) 및 전화 예매 [우선 예매권 추첨제] : 밤의 석조전 예매권 응모에 참여 후 추첨을 통해 당첨된 분들만 예매에 참여하는 방식 - 예매권 추첨 응모 → 추첨 당첨자 발표 → 당첨자 우선 예매 → 잔여석 일반 예매(*선착순) ① 예매권 추첨 응모 - 응모페이지 접속 및 로그인 → 매수 선택(1인 최대 1매) → 결제 진행(0원) → 응모 완료 * 한 ID당 1회 응모 가능하며, 당첨 시 1인 최대 2매 예매 가능합니다. * 응모단계에서는 비용이 발생하지 않습니다. ② 추첨 당첨자 발표 - ‘국가유산진흥원’ 홈페이지 공지 - 예매처 회원정보에 기입된 휴대폰 번호로 개별 안내 문자 발송 * 예매처 회원정보 내 휴대폰 번호를 사전에 확인·수정하시기 바랍니다. ③ 당첨자 우선 예매 - 예매페이지 접속 및 로그인 → 당첨자 인증(개인정보 입력) → 관람일자 및 회차 선택 → 클린예매 서비스 보안문자 입력 → 좌석, 예매 매수, 음료 선택(1인 최대 2매) → 결제진행 및 예매완료 * 예매권 당첨자는 ‘당첨자 우선 예매’ 기간 내 원하시는 회차 및 좌석을 선착순으로 선택 및 예매할 수 있습니다. * 당첨자 우선 예매 기간 내 티켓 결제를 완료해야 예약이 확정됩니다. * 기한 내 티켓 결제를 완료하지 않은 경우 당첨이 취소되며, 이를 숙지하지 못해 발생하는 문제는 주최, 주관사, 예매처가 책임지지 않습니다. * 당첨자 우선 예매 페이지의 URL 무단 공유를 금하며, 부정 예매 적발 시 자동으로 티켓이 취소됩니다. * 응모 정보와 결제 정보가 다를 경우 예매는 자동으로 취소됩니다. * 당첨자 우선 예매를 통해 티켓을 구매하신 경우, 잔여석 일반 예매 시 추가 구매가 어려운 점 양해 바랍니다. (ID 제한) ④ 잔여석 일반 예매 - 예매페이지 접속 및 로그인 → 관람일자 및 회차 선택 → 클린예매 서비스 보안문자 입력 → 좌석, 예매 매수, 음료 선택 → 결제진행 및 예매완료 * 당첨자 우선 예매 기간 종료 후 발생한 잔여석에 한하여 일반 예매(선착순)로 전환 * 1인 2매까지 예매 가능 3. 예매 일정 ○ 예매권 추첨 응모 : 2025. 8. 20.(수) 14:00 ~ 8. 26.(화) 23:59 ○ 추첨 당첨자 발표 : 2025. 8. 28.(목) 17:00 ○ 당첨자 우선 예매 : 2025. 8. 29.(금) 14:00 ~ 9. 2.(화) 23:59 ○ 잔여석 일반 예매 : 2025. 9. 3.(수) 14:00 ~ 행사 당일 10:00 4. 전화 예매 ○ 예매대상 : 65세 이상(1960년 이전 출생자), 국가유공자, 장애인 ○ 예매방법 : 티켓링크 전화 상담실(☎1588-7890) ○ 예매일시 : 2025. 9. 3.(수) 14:00 ~ *전화 상담실 운영시간 : 평일 10:00~19:00 (주말·공휴일 미운영) *주말 및 공휴일은 티켓링크 전화 상담실을 통한 예약 및 취소가 어려운 점 참고 바랍니다. *현장에서 증빙자료(국가유공자증, 장애인복지카드 등)를 확인하오니 신분증과 함께 반드시 지참해주시기 바랍니다. *전화 예매 및 할인 티켓은 예매자 본인 참여가 원칙이며 가족 양도가 불가합니다. *행사 기간 중 석조전 엘리베이터가 보수공사로 인해 이용이 어렵습니다. 휠체어 탑승객과 거동이 불편하신 관람객분들께서는 석조전 내부 관람동선(1~2층 계단 이동)과 엘리베이터 이용 제한사항을 사전에 양지하시어 티켓을 예매해주시기 바랍니다. 5. 할인 정보 ○ 장애의 정도가 심한 장애인(구 1~3급) : 본인 + 동반 1인 50%할인/ 장애인 복지카드 지참 ○ 장애의 정도가 심하지 않은 장애인(구 4~6급) : 본인만 50%할인 / 장애인 복지카드 지참 ○ 국가유공자 : 본인만 / 국가유공자증 / 50%할인 * 할인은 예매 시 적용 가능하며, 일반 권종으로 예매 후 현장에서 할인 적용(차액 환불)이 불가합니다. * 현장 확인 증빙자료 미지참 시 차액 결제, 환불, 행사 참여가 불가한 점 양해 부탁드립니다. 6. 예매시 유의사항 [티켓 예매] ○ 본 행사의 티켓은 정식 예매처인 예매처를 통한 100% 사전예약 판매를 원칙으로 하며, 그 외의 경로나 현장 판매는 진행되지 않습니다. ○ 1인 최대 2매 예매 가능합니다. ○ 부정 예매 및 암표 거래 방지를 위해 신용카드 결제만 가능합니다. ○ 예매하신 본인 입장이 원칙이며, 타인 양도가 불가합니다. ○ 단, 가족 관계일 경우 예매자 및 양도받으실 가족 본인의 신분증과 가족 관계 증빙자료(주민등록등본, 가족관계증명서) 지참 시에만 예외적으로 양도가 가능합니다. * 법적 정의(민법 제779조)에 따른 ‘가족’만 해당(배우자, 직계혈족, 형제자매) * 단, 전화 예매 및 할인 티켓은 예매자 본인 참여가 원칙이며 가족 양도 불가 ○ 본 행사는 덕수궁에 마련되는 예매확인처에서 본인확인을 진행합니다. 예매자 본인 명의와 일치하는 신분증(원본) 및 예매내역(예매번호)을 반드시 지참해주시기 바랍니다. ○ 실물 티켓은 별도로 제공되지 않습니다. ○ 부정한 방법(매크로 사용, 우선 예매 URL 공유 등)으로 예매하거나 불법 암표 매매 목적으로 구매하는 경우 적발 시 해당 티켓은 사전 통보 없이 예매 취소 및 사용을 제한할 수 있습니다. ○ 불법 암표 거래(프리미엄 티켓 판매, 티켓 양도 사기)로 선량한 예매자의 피해가 발생하고 있습니다. 이로 인한 문제 발생 시 행사 주최·주관사, 티켓사는 책임지지 않습니다. 반드시 정식 예매처를 통해 예매해주시기 바랍니다. ○ 본 행사 진행 중 기록촬영으로 인해 관람객 초상이 노출되거나 촬영될 수 있으니 이 점 양지하시어 티켓을 예매하시길 바랍니다. [취소 및 환불] ○ 예매하신 티켓의 취소와 환불은 예매처의 규정을 준수합니다. ○ 취소 마감 시간(행사 전일 17시) 이전 티켓 취소 시 100% 환불되며, 취소 수수료가 발생하지 않습니다. ○ 취소 마감 시간(행사 전일 17시) 경과 후 티켓 취소 및 변경이 불가합니다. ○ 행사 전일 오후 6시 ~ 행사 당일 오전 10시에 구매하신 티켓 또한 취소 및 변경이 불가합니다. 7. 프로그램 안내 ▶ 석조전 야간 탐방 : 덕수궁을 둘러싼 하늘이 고즈넉이 저물어갈 무렵, 환하게 밝혀진 석조전 탐방을 시작합니다. 해설사와 함께 대한제국 황실의 일상을 엿보고 석조전이 품고 있는 특별한 이야기를 들어보세요. [관람동선] ① (1층) 중앙홀 → ② (1층) 석조전 건립 → ③ (2층) 황실 가계 → ④ (2층) 황제 침실 → ⑤ (2층) 황제 서재 → ⑥ (2층) 황후 거실 → ⑦ (2층) 황후 침실 → ⑧ (2층) 테라스 카페 → ⑨ (1층) 접견실 → ⑩ (1층) 중앙홀 퇴장 *행사 기간 중 석조전 엘리베이터가 보수공사로 인해 이용이 어렵습니다. 휠체어 탑승객과 거동이 불편하신 관람객분들께서는 석조전 내부 관람동선(1~2층 계단 이동)과 엘리베이터 이용 제한사항을 사전에 양지하시어 티켓을 예매해주시기 바랍니다. ▶ 테라스 카페 체험 : 이국적인 분위기로 가득한 공간 석조전 테라스에서 작은 카페가 열립니다. 편안하게 들려오는 클래식 연주 속에서 황실 가배와 달콤한 디저트를 즐기는 순간을 선사합니다. * 테라스 카페는 2인 지정석으로 운영되며, 예매 시 선택하신 좌석은 예매 완료 후, 임의로 변경이 불가능합니다. [디저트] / 3종 제공 ○ 오얏꽃 카스테라 : 대한제국의 문장이자 ‘이화문’으로도 불리는 오얏꽃 문양을 새긴 카스테라입니다. ○ 쁘띠 피낭시에 : 가을 계절 재료인 ‘밤’을 고명으로 올려 만든 쁘띠 피낭시에입니다. ○ 흑임자 사브레 : ‘사브레’는 프랑스어로 ‘모래’라는 뜻으로, 모래처럼 바스러지는 식감에 고소한 흑임자를 더한 쿠키입니다. [음료] / 4종 중 택 1 ○ 가배(咖啡, 커피) : 당시 커피의 영어 발음에서 따온 말로 ‘가배차’, ‘가비차’로 불렸으며, 검은 색감과 쓴맛이 탕약과 비슷하다 하여 ‘양탕국’으로 불리기도 함. (따뜻한 커피 / 차가운 커피 중 선택 가능) ○ 온감차(溫甘茶) : 몸을 따뜻하게 해주는 4가지 재료 생강, 대추, 계피, 감초를 넣어 옅은 수정과 맛을 즐길 수 있는 건강차 (온음료) ○ 상심자차(桑椹子茶, 오디차) : 뽕나무의 열매를 ‘오디’라고 하며, 또 다른 이름으로 ‘상심자’라고 함. 상심자로 청을 담아 만든 건강차 (냉음료) * 예매 시 선택한 음료 1종이 제공되며, 현장에서의 변경은 불가합니다. ▶ 접견실 뮤지컬 관람 [뮤지컬 소개] 헤이그특사 파견 이후 강제로 퇴위한 ‘고종’과 황위를 물려받아 즉위하였으나 무력감에 빠진 ‘순종’, 그의 곁에서 위로와 용기를 전하는 ‘순정효황후’. 대한제국의 꿈을 담아 완공된 석조전안에서 다시 한 번대한의 이름을 이어나갈 다짐을 되새기는 1910년의 어느 날. 음악에 담아 전하는 대한민국 황실의 이야기가 펼쳐집니다. [출연진] 고종(박종원, 임재현) / 순종(김진철, 유민휘) / 순정효황후(배희진, 정수빈) *본 공연은 실존 인물을 바탕으로 각색 · 연출된 창작 뮤지컬 입니다. *공연 중 사진, 동영상 촬영, 녹음, 플래시 사용이 불가합니다. 8. 접수 안내 ○ 접수 장소 : 덕수궁 대한문 매표소 앞 <덕수궁 밤의 석조전> 예매확인처 ○ 접수 시간 : (1회차) 17:55~18:15 (2회차) 18:30~18:50 (3회차) 19:05~19:25 * 각 회차별 행사 시작 시간 20분 전부터 접수 및 덕수궁 입장이 가능합니다. * 원활한 접수 진행을 위해 최소 10분 전에 도착해주시기 바랍니다. * 접수 시간 이전에 덕수궁 입장(일반 관람)하고자 하시는 경우, 덕수궁 매표소에서 별도 입장료를 지불하셔야 합니다. 단, 일반 관람이 끝난 후 덕수궁을 퇴장하시어 접수시간 내에 대한문 접수처에 다시 방문하셔야 합니다. 9. 유의사항 안내 [접수 시 유의사항] ○ 본 행사는 예매확인처에서 본인확인을 진행합니다. 예매자 본인 명의와 일치하는 신분증(원본) 및 예매내역(예매번호)을 반드시 지참해주시기 바랍니다. ○ 예매자 본인확인이 불가하거나 예매정보와 현장 참여자 정보가 다를 경우 입장이 제한됩니다. ○ 할인 예매 고객께서는 현장 확인 증빙자료를 반드시 지참해주시기 바랍니다. ○ 접수 시간이 경과하면 행사 참여에 제한이 있을 수 있습니다. [관람 시 유의사항] ○ 석조전과 화장실의 위치가 멀기 때문에 행사 시작 후에는 화장실 이용이 어렵습니다. 행사 시작 전 미리 화장실을 이용하시길 권장드립니다. ○ 행사는 약 90분간 진행되며, 석조전 내부에서는 슬리퍼로 갈아신는 관계로 탈착이 편한 신발을 착용해주시기 바랍니다. ○ 행사 중 플래시 사용, 삼각대 사용, 음식물 반입을 금합니다. ○ 해설 중에는 녹음과 영상 촬영을 금합니다. 뮤지컬 중에는 사진 촬영 또한 불가하며, 무단 촬영 시 제재 및 삭제 조치가 있을 수 있습니다. ○ 행사 기간 중 석조전 엘리베이터가 보수공사로 인해 이용이 불가합니다. 휠체어 탑승객과 거동이 불편하신 관람객분들께서는 석조전 내부 관람동선(1~2층 계단 이동)과 엘리베이터 이용 제한사항을 사전에 양지하시어 티켓을 예매해주시기 바랍니다. [우천 시 안내] ○ 본 행사는 우천 시에도 취소 없이 운영됩니다. ○ 변동 및 안내사항은 문자로 우선 안내됩니다. 예매 전에 예매처 회원정보 상의 연락처를 반드시 확인하시기 바라며, 회원정보 오기재로 인한 불이익은 행사 주최·주관사, 예매처에서 책임지지 않습니다. 10. 오시는 길 ○ 지하철 : <시청역> 1호선 2번 출구, 2호선 12번 출구 * 덕수궁은 주차 이용이 불가능합니다. 대중교통 이용 바랍니다. 11. 문의 ○ 티켓 문의 : 예매처 전화상담실(☎1588-7890) - 운영 기간 : 평일(주말, 공휴일 제외) - 운영 시간 : 10:00~19:00 ○ 행사 문의 : 궁능 활용프로그램 전화상담실(☎1522-2295) [성수기] - 운영 기간 : 2025. 9. 4.~11. 9. (매주 월 제외) - 운영 시간 : 09:30~20:30(휴게시간X) [일반] - 운영 기간 : 성수기 운영기간 외(주말, 공휴일 제외) - 운영 시간 : 09:30~18:00(점심시간 12:00~13:00) ※ 성수기 운영기간 및 시간은 변동될 수 있습니다.",https://www.kh.or.kr/jnrepo/upload/jnPrgFestivalProgram/202509/617d8e1d13604398af02c38ed4e35d4a_1757570238964.JPG
28,11회,창경궁,690,동궐 장원서,체험,,https://www.kh.or.kr/jnrepo/upload/jnPrgFestivalProgram/202510/7d4a301129fc4284bcfa892b7b31bff5_1759306111057.jpg,썸네일,https://www.kh.or.kr/program/view/menu/1292?viewType=ach&idx=690&searchRound=28&searchStTime=&searchEnTime=&searchField=homeAll&searchText=,창경궁,동궐 장원서,체험,종료,체험,사전예약,2025-10-08~2025-10-12,,대온실,회당 24명,티켓문의 : 1588-7890 / 행사운영 : 1522-2295,"조선시대 왕실의 취향, 꽃으로 만나다 <동궐 장원서>는 조선시대 궁궐의 조경을 담당하던 장원서에서 가을 꽃으로 꾸며진 나만의 반려화분을 만드는 어르신 대상 프로그램입니다. 꽃을 사랑한 왕들의 기록부터 왕실에 과실과 화초를 공급했던 장원서 이야기까지, 우리나라 최초의 서양식 온실인 '창경궁 대온실'에서 꽃향기 만끽하며 마음을 위로하는 자신만의 취향을 만나보세요. <동궐 장원서>는 60세 이상 어르신을 위한 특화 프로그램입니다.60세 미만(1966년 이후 출생자)은 참여가 불가한 점 양해 부탁드립니다. 예매 시 부가정보 기입란에 실제참여자 정보를 기입해주시기 바랍니다. [접수안내] * 접수장소 : 창경궁 홍화문 앞 <궁중문화축전> 종합안내소 * 접수시간 : (1회차) 행사 당일 09:20~09:50 (2회차) 행사 당일 13:20~13:50 (3회차) 행사 당일 15:20~15:50 * 접수방법 : 티켓링크 모바일 티켓 확인(창경궁 입장권 구입 불필요) * 원활한 접수 진행을 위해 최소 20분 전에 도착해주시길 바랍니다. * 접수장소(홍화문)와 체험장소(대온실) 간 이동시간이 도보로 약 10분 가량 소요됩니다. [유의사항] * 본 행사는 예매확인처에서 본인확인을 진행합니다. * 예매자 본인 명의와 일치하는 신분증(원본) 및 예매내역(예매번호)을 반드시 지참하시길 바랍니다. * 회차별 접수 시간 경과 후 예매확인처에 방문할 경우 행사 참여에 제한이 있을 수 있습니다. * 오픈일정 : 2025.09.11 15:00 * 예매마감 : 관람일 전일 17시 * 취소마감 : 관람일 전일 17시 * 구매수량 : 1인 당 최대 4매",https://www.kh.or.kr/jnrepo/upload/jnPrgFestivalProgram/202510/7d4a301129fc4284bcfa892b7b31bff5_1759306111057.jpg
28,11회,창경궁,689,"조선의 밤, 하늘과 바람",체험,,https://www.kh.or.kr/jnrepo/upload/jnPrgFestivalProgram/202509/46cfe6807f4f40b58dcf166deb0b072c_1757544959300.jpg,썸네일,https://www.kh.or.kr/program/view/menu/1292?viewType=ach&idx=689&searchRound=28&searchStTime=&searchEnTime=&searchField=homeAll&searchText=,창경궁,"조선의 밤, 하늘과 바람",체험,종료,체험,사전예약,2025-10-11~2025-10-12,,창경궁 일대,회당 60명,티켓문의 : 1588-7890 / 행사운영 : 1522-2295,"2025년 가을 궁중문화축전 <조선의 밤, 하늘과 바람>하늘을 관측하고 시간을 측정했던 조선의 과학자들. 그들이 남긴 천문유산 속 숨은 이야기를 창경궁의 밤길을 따라 걸으며 만나보세요. 과학 커뮤니케이터의 해설을 들으며 조선이 하늘과 시간을 어떻게 이해했는지 직접 보고 듣고 따라가며 경험할 수 있습니다. * 접수장소: 창경궁 홍화문 옆 <궁중문화축전> 종합안내소 * 접수시간: 18:00~18:30 * 접수방법: 티켓링크 모바일 티켓 확인(궁 무료 입장)* 행사 시작 시간 30분 전부터 접수 가능하며, 시작 시간에 맞춰 해설사와 함께 입장합니다.* 원활한 접수 진행을 위해 최소 10분 전에 도착해주시길 바랍니다. * 오픈일정 : 2025.09.11 15:00 * 예매마감 : 관람일 전일 17시 * 취소마감 : 관람일 전일 17시 * 구매수량 : 1인 당 최대 2매 [할인대상] 장애인 50%할인대상 : 중증(구 1~3급) : 본인 포함 2인 / 경증(구 4~6급) : 본인 한정 현장에서 예매자 신분증, 증빙서류 확인 후 입장 가능합니다. 국가유공자 본인 한정 50% 할인 현장에서 예매자 신분증, 증빙서류 확인 후 입장 가능합니다",https://www.kh.or.kr/jnrepo/upload/jnPrgFestivalProgram/202509/46cfe6807f4f40b58dcf166deb0b072c_1757544959300.jpg
28,11회,창경궁,679,창경궁 시간여행,재현,,https://www.kh.or.kr/jnrepo/upload/jnPrgFestivalProgram/202510/d9df8ff0215042e59f11cc9b3046a615_1759369969479.JPG,썸네일,https://www.kh.or.kr/program/view/menu/1292?viewType=ach&idx=679&searchRound=28&searchStTime=&searchEnTime=&searchField=homeAll&searchText=,창경궁,창경궁 시간여행,재현,종료,재현,현장참여,2025-10-11~2025-10-12,,"명정문, 명정전, 경춘전, 통명전",,궁능 활용 프로그램 전화 상담실 (☎ 1522-2295),"창경궁, 조선시대 왕실의 일상을 담다 < 창 경 궁 시 간 여 행 > 창경궁은 창덕궁과 함께 동궐(東闕)로 불리며 왕실 가족들의 생활공간으로 사용하였던 곳입니다. 세 명의 대비를 위해 창경궁을 지어 올린 성종, 백성을 위해 몸소 곡식을 나누어준 영조, 삼간택에 임하는 어린 날의 정순왕후, 정조를 낳기 전 태교에 전념하는 혜경궁 홍씨 등 다채로운 궁중의 일상을 관객 여러분과 함께 만듭니다. 행사안내 행사 일자 2025. 10. 11 .(토)~10. 12.(일) 행사 시간 1 회 차 ▶ 1 1 : 0 0 ~ 1 3 : 0 0 ( 1 2 0 분 ) 2 회 차 ▶ 14:00~16:00 (120분) 행사 장소 창경궁 명정전, 명정문, 경춘전, 통명전 행 사내용 (본 행사는 역사적 기록을 바탕으로 재구성한 창작극입니다. 관람에 참고해주시길 바랍니다) 1. 임문휼민의 - 백성을 위로하는 왕 11:00 / 14:00 명정문 영조 25년(1749년), 가뭄과 홍수로 고통받던 백성을 위해 임금이 직접 나서 곡식을 나누어주며 구휼하는 장면이 펼쳐집니다. 관객 참여 : 각자의 사연을 임금께 아뢰고, 준비한 곡식을 받아 보세요. 2. 창성하고 경사스러운 날 11:30 / 14:30 명정전 성종 15년(1484년), 세 명의 대비를 위해 창경궁을 완공하고 이를 기념해 성대한 궁중연회를 선보입니다. 관객 참여 : 창경궁 완공의 주역인 관원과 일꾼이 되어 연회에 참여해보세요. *출연 : 국가유산진흥원 예술단 3. 용의 꿈을 풀어라 12:00 / 15:00 경춘전 장헌세자(사도세자)의 신비로운 꿈 이야기가 혜경궁 홍씨에게 전해집니다. 용이 여의주를 품고 방으로 들어오는 이야기를 듣고, 혜경궁 홍씨와 상궁들은 저마다 다양한 해몽을 내어놓습니다. 관객 참여 : 궁인 역할이 되어 혜경궁의 꿈을 해몽하도록 도움을 주기 4. 삼간택 – 총명한 왕비 찾기 12:30 / 15:30 통명전 삼간택에 오른 세 명의 후보에게 영조가 질문을 던지고, 김한구의 딸(정순왕후)이 총명한 대답으로 주위를 놀라게 합니다. 관객 참여 : 지혜로운 왕비를 찾기 위한 간택에 참여해주세요. *출연 : 화동정재예술단",https://www.kh.or.kr/jnrepo/upload/jnPrgFestivalProgram/202510/d9df8ff0215042e59f11cc9b3046a615_1759369969479.JPG
28,11회,창경궁,676,창경궁 물빛연화,체험,10.08 ~ 10.12 19:00 ~ 20:40,https://www.kh.or.kr/jnrepo/upload/jnPrgFestivalProgram/202510/2124f0333f6e4adf802c1d41ba761ec1_1759809376069.png,썸네일,https://www.kh.or.kr/program/view/menu/1292?viewType=ach&idx=676&searchRound=28&searchStTime=&searchEnTime=&searchField=homeAll&searchText=,창경궁,창경궁 물빛연화,체험,종료,체험,현장참여,2025-10-08~2025-10-12,10.08 ~ 10.12 19:00 ~ 20:40,창경궁 춘당지 일대,,궁능 활용 프로그램 전화 상담실 (☎ 1522-2295),"창경궁 물빛연화 부분상영 2025. 3. 7.(금) ~ 4. 13.(일) : 상영 시작시간(19:00) 2025. 5. 20.(화) ~ 9. 9.(화) : 상영 시작시간(20:00) 2025. 11. 9.(일) ~ 12. 31.(수) : 상영 시작시간(19:00) 창경궁 물빛연화 전체상영 2025. 4. 15.(화) ~ 5. 18.(일) : 상영 시작시간(20:00) 2025. 9. 10.(수) ~ 11. 8.(토) : 상영 시작시간(19:00) 1. 행사 소개 ○ 행사기간 : 2025. 3. 7.(금) ~ 12. 31.(수) * 휴궁일(월) 제외 ○ 행사시간 : 기간별 운영시간 상이 * 창경궁 입장마감: 20:00 ○ 행사장소 : 창경궁 춘당지 일대 ○ 관람방식 : 자유관람 ○ 행사안내 : 궁능 활용 프로그램 전화 상담실 (☎ 1522-2295) * 성수기(2025.4.1.~6.16./9.4.~11.9.): 9:30~20:30 (매주 월 제외) * 성수기 외 기간: 9:30-18:00 (주말, 공휴일 제외)/ 점심시간(12:00~13:00) 2. 연간 일정 ※ 창경궁 물빛연화는 전체/부분 상영으로 나누어 운영됩니다. 관람에 착오 없으시길 바랍니다. ※ 궁중문화축전 기간에는 휴궁일 없이 운영(4.28.(월), 10.10.(금)) 구분 일시 상영시작 시간 부분 상영 (2 경 , 5 경 제외 ) 3. 7.( 금 ) ∼ 4. 13.( 일 ) / 33 일 19:00 5. 20.( 화 ) ∼ 9. 9.( 화 ) / 97 일 20:00 11. 9.( 일 ) ∼ 12. 31.( 수 ) / 45 일 19:00 구분 일시 상영시작 시간 전체 상영 (1~8 경 전체 ) 4. 15.( 화 ) ∼ 5. 18.( 일 ) / 31 일 20:00 9. 10.( 수 ) ∼ 11. 8.( 토 ) / 53 일 19:00 3. 헹사 안내 ○ 제1경 대화의 물길 (진입로) - 물빛연화의 제1경‘대화의 물길’입니다. 한자어 ‘대화할 화(話)’를 모티브를 한 공간으로 궁과 함께 시간을 지내온 소나무가 빛과 함께 호흡을 이룹니다. 현재의 시간에서 잠시 벗어나 창경궁의 시간에서 궁과의 깊은 대화로 들어가게 됩니다. ○ 제2경 물빛연화 (대춘당지) - 물빛연화의 제2경‘물빛연화’ 입니다. 한자어 ‘피어날 화(花)’를 모티브로 창경궁의 보여지는 아름다움과 보이지 않는 아름다움 모든 것이 대춘당지의 물빛에 조화를 이룬다는 내용을 담았습니다. 창경궁의 희노애락을 물빛으로 수놓으며 조화와 공존의 꽃이 현대인의 내면에 작은 물빛으로 피어날 수 있도록 연출되었습니다. ○ 제3경 백발의 빛 (백송나무) - 물빛연화의 제3경은‘백발의 빛’입니다. 한자어 ‘채색할 화(畵)’를 모티브로 창경궁과 함께 세월을 보내온 백송나무를 궁의 백발로 빗대어 표현합니다. 백송의 백발이 빛깔로 채색되는 모습을 통해 화려하고 웅장했던 창경궁을 회상하게 됩니다. ○ 제4경 조화의 빛 (대온실) - 물빛연화의 제4경은‘조화의 빛’입니다. 한자어 빛날 화(華)에서 모티브를 얻었습니다. 대온실은 근대 건축의 선진성과 더불어 제국주의 문화침탈의 비극을 동시에 보여주는 역사적 시설입니다. 조명을 통해 물빛 위에 떠오른 보석함 같은 풍경을 연출하여 역사의 아픔을 딛고 이제는 전통과 근대가 공존하는 빛을 이루는 창경궁의 조화, 승화의 가치를 보여줍니다. ○ 제5경 물의 숨결 (소춘당지) - 물빛연화의 제 5경은‘물의 숨결’입니다. 한자어 예쁠 화(婲)에서 모티브를 얻었습니다. 창경궁의 나무숲 사이에 숨겨진 듯한 소춘당지의 잔잔한 수면 위에 떨리는 미세한 음과 빛의 울림은 창경궁에 깃든 희로애락의 기억과 감정을 느끼게 합니다. ○ 제6경 화평의 빛 (산책로) - 물빛연화의 제6경은‘화평의 빛’입니다. 한자어 화평할 화(訸)에서 모티브를 얻은 것으로 빛으로 수놓은 길을 따라 걸으며 승화의 기운을 느끼게 합니다. 현재를 살아가는 우리에게 지나온 시간, 현재의 순간 그리고 앞으로 미래의 기쁨과 아픔, 갈등이 화평의 빛을 걸으며 승화됨을 의미합니다. ○ 제7경 홍화의 물빛 (진출로) - 물빛연화의 제7경은 소생의 물빛입니다. 한자어 화합할 화(和)의 의미를 담은 공간으로 물빛연화를 통한 창경궁의 화합과 소생의 메시지를 전달하고 있습니다. 빛으로 만들어진 가상의 물길 위에 빛이 피어나고 창경궁의 문양이 새겨지며 새로운 소생의 기운을 느끼게 됩니다. ○ 제8경 영원한 궁 (진출로) - 물빛연화의 제8경은‘영원한 궁’입니다. 한자어 빛이 될 화(化)에서 모티브를 얻은 것으로 현실 세계로 돌아가기 전 궁과의 대화를 기억하고 궁의 찬란하고 조화의 기운을 다시 느끼게 됩니다. 붉게 물든 홍화의 물빛 위에 창경궁을 기억하는 문장들이 다양한 언어를 이룹니다. 창경궁의 빛의 언어들을 음미하며 내면에 스며든 창경궁의 조화의 빛을 바라보며 현실 세계로 돌아가게 됩니다. 4. 행사 유의사항 안내 ○ 관람 시 유의사항 - 창경궁 입장권(1,000원) 발권 후 관람이 가능합니다. - 창경궁 입장 마감 시간은 20:00이며, 안전 관리를 위해 퇴장 시간 30분 전부터 퇴장 유도하니 관람에 참고 바랍니다. - 궁궐 내 모든 공간은 금연구역입니다. - 국가유산 보호구역으로 음식물, 인화물질, 놀이기구의 반입이 제한됩니다. - 행사 당일 언론 및 방송 취재가 있을 수 있으며, 사전에 개별 고지 없이 촬영될 수 있음을 양해바랍니다. - 행사 시 촬영한 사진 및 영상은 궁능 활용 프로그램의 공식 홍보 및 연구, 발간 자료 등에 활용될 수 있습니다. 5. 오시는 길 ○ 서울시 종로구 창경궁로 185 창경궁 ○ 지하철 : 4호선 혜화역 4번 출구(도보 약 12분) 버스 - [서울대학교병원 하차(도보 약 1분)] 간선 100, 102, 104, 106, 107, 108, 140, 143, 150, 151, 160, 162, 171, 172, 272, 301, 710 - [창경궁·서울대학교병원 하차(도보 약 1분)] 간선 151, 171, 172, 272, 601",https://www.kh.or.kr/jnrepo/upload/jnPrgFestivalProgram/202510/2124f0333f6e4adf802c1d41ba761ec1_1759809376069.png
28,11회,창경궁,671,"동궐, 창경궁의 시간",전시,,https://www.kh.or.kr/jnrepo/upload/jnPrgFestivalProgram/202509/da40c7d0950b4a8b84b570f664b9fd18_1758756605724.jpg,썸네일,https://www.kh.or.kr/program/view/menu/1292?viewType=ach&idx=671&searchRound=28&searchStTime=&searchEnTime=&searchField=homeAll&searchText=,창경궁,"동궐, 창경궁의 시간",전시,종료,전시,현장참여,2025-10-08~2025-10-12,,"집복헌, 영춘헌",,행사문의 콜센터 : 1522-2295,"1. 전시명 : 「동궐, 창경궁의 시간」 2. 전시기간 ○ 집복헌 상설전시 : 2025. 9. 30.(화) 개관 (상시 운영) ○ 영춘헌 체험공간 : 2025. 9. 30.(화) ~ 11. 16.(일) ※ 매주 월요일 휴궁 / 추석(10. 6.(월)) 정상 운영 3. 관람시간 : 10:00 ~ 17:00 4. 전시장소 : 창경궁 집복헌, 영춘헌 5. 관람료 : 무료(창경궁 입장료 별도) 6. 주최/주관 : 국가유산청 궁능유적본부, 국가유산진흥원 7. 문의 : 1522-2295 8. 오시는 길 ○ 주소: (03072) 서울 종로구 창경궁로 185 ○ 교통편 - (지하철) 4호선 혜화역 4번출구 도보 12분 - (버스) <창경궁.서울대학교병원(중)> 정류장(01002) 간선 100, 102, 104, 106, 107, 108, 140, 143, 150, 151, 160, 162, 171, 172, 272, 301, 710 - (버스) <창경궁.서울대학교병원> 정류장(01224) 간선 151, 171, 172, 272, 601 <전시 소개> 600년 역사를 품은 동궐, 창경궁의 시간 속으로 창경궁은 조선의 이궁(離宮)으로, 창덕궁과 함께 경복궁 동쪽에 자리해 ‘동궐’이라 불렸습니다. 세종이 아버지 태종을 위해 지은 수강궁에서 시작된 창경궁은 왕실의 생활 공간이자 국정의 무대로서 중요한 역할을 해왔습니다. 그러나 일제강점기에는 ‘창경원’으로 격하되어 훼손의 아픔을 겪었고, 광복 이후 끊임없는 복원 노력을 거쳐 오늘날 다시 궁궐 본래의 위상을 되찾았습니다. 이번 상설 전시 「동궐, 창경궁의 시간」은 이처럼 파란만장한 600년의 역사를 되짚으며, 동궐 창경궁의 참모습을 조망합니다. 동궐도와 의궤, 사진 자료 등을 통해 창경궁의 건축과 공간, 왕실 생활을 생생하게 만나볼 수 있으며, 격하와 훼손의 과정을 지나 복원에 이르기까지 궁궐이 품은 시간을 한눈에 살펴볼 수 있습니다. 집복헌은 상설 전시관으로 꾸며져 창경궁의 역사적 변천을 차분히 보여주고, 영춘헌은 특별히 개방되어 전통 체험과 휴식을 즐길 수 있는 공간으로 운영됩니다. ‘헌종무신진찬의궤’ 속 궁중 연회를 AR로 체험하거나, 동궐도 속 전각을 찾아 완성하는 스티커 활동, 고즈넉한 궁궐 속 쉼터 등 다채로운 프로그램을 경험하실 수 있습니다. 「동궐, 창경궁의 시간」은 단순한 유적 관람을 넘어, 과거와 현재를 잇는 궁궐의 가치와 의미를 재발견하는 특별한 여정이 될 것입니다.",https://www.kh.or.kr/jnrepo/upload/jnPrgFestivalProgram/202509/da40c7d0950b4a8b84b570f664b9fd18_1758756605724.jpg
28,11회,창경궁,670,창경궁 야연,공연,"수,목 17:00~20:30(210분) / 공연 19:10~20:00(50분)",https://www.kh.or.kr/jnrepo/upload/jnPrgFestivalProgram/202509/efa916f84e8542b3b698d333db87c702_1757570131076.jpg,썸네일,https://www.kh.or.kr/program/view/menu/1292?viewType=ach&idx=670&searchRound=28&searchStTime=&searchEnTime=&searchField=homeAll&searchText=,창경궁,창경궁 야연,공연,종료,공연,사전예약,2025-10-08~2025-10-09,"수,목 17:00~20:30(210분) / 공연 19:10~20:00(50분)",창경궁 문정전 일원,,행사문의 콜센터 : 1522-2295 | 티켓문의 : 티켓링크 고객센터 1588-7890,"1. 행사 개요 ○ 행사명 : 2025년 창경궁 야연 ○ 행사일자 : 2025. 10. 3.(금) ~ 10. 9.(목) ○ 행사시간 : 17:00~20:30 (본 공연 19:10~20:00) ○ 행사장소 : 창경궁 문정전 일원 ○ 참여인원 : 1일 30팀 (체험객 1인 및 동반가족 2인 기준) 2. 예매 안내 ★본 안내 페이지 정독 후 모든 안내사항에 동의하시는 경우에만 예매해주시길 바라며, 모든 예매자는 안내 내용을 숙지 및 동의하신 것으로 간주합니다.★ ○ 예매금액 : 1매 50,000원 *1인 2매까지 예매 가능 *티켓 1매당 체험객 1인+동반가족 2인, 최대 3인 참여 가능 ○ 예매처 : 티켓링크 (www.ticketlink.co.kr) ○ 예매방법 : 온라인 사전 예매 또는 전화 예매 ○ 예매일정 : 2025. 9. 12.(금) 14:00부터 3. 전화 예매 ○ 예매대상 : 65세 이상(1960년 이전 출생자), 국가유공자, 장애인 ○ 예매방법 : 티켓링크 전화 상담실(☎1588-7890) ○ 예매일시 : 2025. 9. 12.(금) 14:00 ~ *전화 상담실 운영시간 : 평일 10:00~19:00 (주말·공휴일 휴무) *주말 및 공휴일은 티켓링크 전화 상담실을 통한 예약 및 취소가 어려운 점 참고 바랍니다. *현장에서 증빙자료(국가유공자증, 장애인복지카드 등)를 확인하오니 신분증과 함께 반드시 지참해주시기 바랍니다. *전화 예매 및 할인 티켓은 예매자 본인 참여가 원칙이며 가족 양도가 불가합니다. 4. 할인 정보 ○ 장애의 정도가 심한 장애인(구 1~3급) : 본인 + 동반 1인 50%할인/ 장애인 복지카드 지참 ○ 장애의 정도가 심하지 않은 장애인(구 4~6급) : 본인만 50%할인 / 장애인 복지카드 지참 ○ 국가유공자 : 본인만 50%할인 / 국가유공자증 지참 * 할인은 예매 시 적용 가능하며, 일반 권종으로 예매 후 현장에서 할인 적용(차액 환불)이 불가합니다. * 현장 확인 증빙자료 미지참 시 차액 결제, 환불, 행사 참여가 불가한 점 양해 부탁드립니다. 5. 예매시 유의사항 [티켓 예매] ○ 본 행사의 티켓은 정식 예매처인 티켓링크를 통한 100% 사전예약 판매를 원칙으로 하며, 그 외의 경로나 현장 판매는 진행되지 않습니다. ○ 1인 최대 2매 예매 가능합니다. ○ 부정 예매 및 암표 거래 방지를 위해 신용카드 결제만 가능합니다. ○ 예매하신 본인 입장이 원칙이며, 타인 양도가 불가합니다. ○ 단, 가족 관계일 경우 예매자 및 양도받으실 가족 본인의 신분증과 가족 관계 증빙자료(주민등록등본, 가족관계증명서) 지참 시에만 예외적으로 양도가 가능합니다. * 법적 정의(민법 제779조)에 따른 ‘가족’만 해당(배우자, 직계혈족, 형제자매) * 단, 전화 예매 및 할인 티켓은 예매자 본인 참여가 원칙이며 가족 양도 불가 ○ 본 행사는 창경궁에 마련되는 예매확인처에서 본인확인을 진행합니다. 예매자 본인 명의와 일치하는 신분증(원본) 및 예매내역(예매번호)을 반드시 지참해주시기 바랍니다. * 관직이 적힌 모바일 초대장도 가능 ○ 실물 티켓은 별도로 제공되지 않습니다. ○ 부정한 방법(매크로 사용, 우선 예매 URL 공유 등)으로 예매하거나 불법 암표 매매 목적으로 구매하는 경우 적발 시 해당 티켓은 사전 통보 없이 예매 취소 및 사용을 제한할 수 있습니다. ○ 불법 암표 거래(프리미엄 티켓 판매, 티켓 양도 사기)로 선량한 예매자의 피해가 발생하고 있습니다. 이로 인한 문제 발생 시 행사 주최·주관사, 티켓사는 책임지지 않습니다. 반드시 정식 예매처를 통해 예매해주시기 바랍니다. [취소 및 환불] ○ 예매하신 티켓의 취소와 환불은 예매처(티켓링크)의 규정을 준수합니다. ○ 취소 마감 시간(행사 전일 17시) 이전 티켓 취소 시 100% 환불되며, 취소 수수료가 발생하지 않습니다. ○ 취소 마감 시간(행사 전일 17시) 경과 후 티켓 취소 및 변경이 불가합니다. [초상권 안내] ○ ‘창경궁 야연’은 공식 기록을 위해 행사 기간 중 사진 촬영 및 영상 녹화가 진행됨을 알려드립니다. ○ 해당 자료는 SNS 홍보, 보도자료 및 내부 결과보고 등의 용도로 활용되며, 관람 참여 시 촬영 및 활용에 동의하는 것으로 간주하오니, 방문객 여러분의 많은 양해와 협조 부탁드립니다. * 사전에 촬영 거부 의사를 밝히시면 삭제 혹은 모자이크 처리 등 조치하겠습니다. 6. 프로그램 안내 ▶ 문무백관 및 외명부 체험 ○ 3정승 6판서 등 관직을 부여받아 관복을 입고 왕의 연회에 초대 받는 몰입감있는 체험 * 아버님: 단령, 사모 등 전통 의복 착용 및 메이크업 * 어머님: 당의, 치마, 비녀, 첩지 등 전통 의복 착용 및 메이크업 ▶ 궁중병과 체험 ○ 조선 왕실의 특별한 날에 즐겼던 궁중 전통 간식 체험 ○ 녹차약식, 곶감단지, 호두정과 등 다양한 병과 11종 제공 ▶ 궁중연회 및 공연관람 ○ 궁중 병과와 차를 즐기며 궁중정재 및 민속무용 관람 ○ <향발무>, <예도무>, <설장고춤> * 예도무: <무산향>, <춘앵전>을 하나로 엮은 창작무 ○ 생소한 궁중 의례와 공연을 보다 쉽게 즐길 수 있도록 모바일 자막 서비스 제공 ▶ 전문 사진작가 기념사진 촬영 ○ 장수사진: 의복을 갖춰입은 부모님의 모습을 전문 사진작가가 촬영하는 독사진 ○ 가족사진 * 공연 종료 후 무대 위 왕의 어좌와 고임상을 배경으로 촬영하는 가족 사진 * 효 체험(효잡이) 진행 중 단란한 가족의 모습을 기록하는 스냅 사진 ▶ 효 체험 ○ 효잡이: 자녀가 아닌 부모님이 돌잡이의 주인공이 되어보는 가족 참여형 이벤트 ○ 효심편지: 미래의 부모님께 마음을 전하는 편지 작성 (6개월/1년 뒤 발송) 7. 공연 관람 ○ 공연 좌석은 1인 지정석으로 운영되며, 예매 시 선택하신 좌석은 예매 완료 후 임의로 변경이 불가합니다. ○ 동반가족석은 예매 좌석 뒤편으로 2석이 마련되어 있습니다. ○ 공연 종료 후 왕의 어좌와 고임상 앞에서 찍는 가족사진은 1번 좌석부터 30번 좌석까지 순번으로 진행되오니, 좌석 예매 시 참고하시기 바랍니다. ○ 공연 전날 관직이 적힌 모바일 초대장이 발송되오니 공연장 입장 시 신분증과 함께 예매내역 또는 모바일 초대장을 보여주시기 바랍니다. 8. 접수 안내 ○ 접수 장소 : 창경궁 문정전 방면 예매 확인 부스 ○ 접수 시간 : 17:00~19:00 * 행사 시작 시간 20분 전부터 접수 가능합니다. * 원활한 접수 진행을 위해 최소 10분 전에 도착해주시기 바랍니다. * 체험객은 18시 이후 입장할 경우 사전에 안내된 체험 프로그램 참여가 어려울 수 있으며, 이로 인한 부분 환불은 불가합니다. 9. 유의사항 안내 [접수 시 유의사항] ○ 본 행사는 예매확인처에서 본인확인을 진행합니다. 예매자 본인 명의와 일치하는 신분증(원본) 및 예매내역(예매번호)을 반드시 지참해주시기 바랍니다. ○ 행사 전날 발송되는 관직이 적힌 모바일 초대장은 신분증과 함께 행사 입장 증빙 자료로 활용될 수 있습니다. ○ 예매자 본인확인이 불가하거나 예매정보와 현장 참여자 정보가 다를 경우 입장이 제한됩니다. ○ 할인 예매 고객께서는 현장 확인 증빙자료(복지카드, 국가유공자증 등)를 반드시 지참해주시기 바랍니다. ○ 접수 시간이 경과하면 행사 참여에 제한이 있을 수 있습니다. [관람 시 유의사항] ○ 창경궁 야연은 약 210분에 걸쳐 진행되며 체험객 1인(부모님)은 전통 복식으로 환복하셔야 하여 편한 옷과 신발을 착용해주세요. ○ 8세 취학아동 이상 관람이 가능하며, 취학아동 및 청소년은 반드시 보호자 동반하여 입장이 가능합니다. ○ 쾌적한 관람을 위해 공연 중 플래시와 삼각대 사용은 제한됩니다. 그 외에도 공연 감상에 방해가 되는 행동은 운영요원의 안내를 받으실 수 있습니다. ○ 문화유산 보호를 위해 창경궁 내 외부 음식물 반입이 금지됩니다. 행사 중 간단한 궁중 병과는 제공되오나, 식사대용으로는 부족할 수 있으니 방문 전 식사를 권장합니다. ○ 거동이 불편하신 고객께서는 추후 연락드리는 운영사무국을 통해 휠체어 탑승 여부를 알려 주시기 바랍니다. [우천 시 안내] ○ 행사 당일 오전 11시 기상청 예보 기준으로 우천 예보 시 행사가 취소되며, 개별 알림 후 전액 환불 처리됩니다. ○ 변동 및 안내사항은 문자로 우선 안내됩니다. 예매 전에 티켓링크 회원정보 상의 연락처를 반드시 확인하시기 바라며, 회원정보 오기재로 인한 불이익은 행사 주최·주관사, 티켓사에서 책임지지 않습니다. 10. 오시는 길 ○ 지하철 : 4호선 혜화역 4번출구에서 도보 약 12분 거리에 위치 * 성균관대 방면 300m 직진 후 창경궁, 종로 방향 300m 직진 ○ 버스: 서울대학교병원 하차 (중앙차로 버스정류장-종로 방면) * 간선 100,102,104,106,107,108, 140,143,150,151,160,162,171,172,272,301,710 창경궁·서울대학교병원 하차 * 간선 151,171,172,272,601 ○ 주차: 현재 주차가 불가하오니, 대중교통을 이용하여 주시기 바랍니다. * 창덕궁 돈화문 보수 공사 및 창경궁 복원을 위한 궐내각사 발굴조사 진행중(2025.1.5.~2026.12.31. 잠정 폐쇄) 11. 문의 ○ 티켓 문의 : 티켓링크 전화 상담실(☎1588-7890) * 평일 10시~19시 운영 * 토·일요일·공휴일 휴무 ○ 행사 문의 : 궁능 활용프로그램 전화상담실(☎1522-2295) * 2025.9.4.~11.9. 09:30~20:30 운영 * 매주 월요일 휴무 * 성수기 운영기간은 변동될 수 있습니다.",https://www.kh.or.kr/jnrepo/upload/jnPrgFestivalProgram/202509/efa916f84e8542b3b698d333db87c702_1757570131076.jpg
28,11회,창경궁,669,궁중놀이방(하반기),체험,,https://www.kh.or.kr/jnrepo/upload/jnPrgFestivalProgram/202509/19188ff5316545a887667d72a5fcd58a_1757554696877.jpg,썸네일,https://www.kh.or.kr/program/view/menu/1292?viewType=ach&idx=669&searchRound=28&searchStTime=&searchEnTime=&searchField=homeAll&searchText=,창경궁,궁중놀이방(하반기),체험,종료,체험,현장참여,2025-10-08~2025-10-12,,환경전,,,"궁중문화축전의 마스코트 궁이둥이가 운영하는 궁중놀이방은 창경궁 환경전에서 진행됩니다 . ' 궁중놀이방 ' 은 자원활동가 ‘ 궁 ( 宮 ) 이둥이 ’ 와 함께하는 소규모 체험 · 이벤트로 오전 10 시부터 오후 5 시까지 상설 운영됩니다 . *12:00 ~ 13:00 점심시간 미운영 공기놀이 , 제기차기 , 딱지치기 등 쉽고 간편하게 궁중 놀이를 즐길 수 있는 ‘ 궁이둥이를 이겨라 !’, 궁궐 관련 문제에서부터 역사 , 전래동화 등 다양한 문제를 맞혀보는 ‘ 궁퀴즈 ’, 궁중문화축전을 오랫동안 기억할 수 있도록 궁 곳곳에서 기념사진을 찍어주는 ‘ 궁생샷 ’ 까지 다양한 프로그램이 준비되어 있습니다 . 또 , 나만의 조선시대 인물 ( 캐릭터 ) 을 만드는 온라인 참여형 프로그램 ‘ 모두의 풍속도 ’ 를 현장에서 체험할 수 있습니다 . 즉석 체험 및 인쇄 , 밑그림 채색 등을 통해 풍속도 속 인물과 일상 속 소소한 모습을 그림으로 만들어 보세요 ! [ 행사안내 ] - 일자 : 2025. 10. 8.( 수 )~10. 12.( 일 ) - 시간 : 10:00~17:00 ※ 12:00~13:00 점심시간 미운영 - 장소 : 창경궁 환경전 - 참여인원 : 제한없음 [ 오시는 길 ] 서울 종로구 창경궁로 185 - 버스 : ① 간선 100, 102, 104, 106, 107, 108, 140, 143, 150, 151, 160, 162, 171, 172, 272, 301, 710 / 서울대학교병원 하차 ( 중앙차로 버스정류장 - 종로 방면 ) ② 간선 151, 171, 172, 272, 601 / 창경궁 · 서울대학교병원 하차 - 지하철 : 4 호선 혜화역 4 번출구에서 도보 약 12 분 ( 성균관대 방면 300m 직진 후 창경궁 , 종로 방향 300m 직진 ) - 주차 : 창경궁 주차장 ( 유료 ) * 주차장이 협소하므로 대중교통 이용을 권장드립니다 . [ 유의사항 ] - 궁중놀이방은 누구나 참여할 수 있으며 , 관람객 참여기회 확대를 위해 참여 횟수는 1 인 1 회로 한정합니다 . 준비된 재료가 소진될 경우 조기 마감될 수 있습니다 . - 궁궐 내 모든 공간은 금역구역입니다 . - 문화유산 보호구역으로 음식물 , 인화물질 , 놀이기구의 반입이 제한됩니다 . - 행사 당일 언론 및 방송 취재가 있을 수 있으며 , 사전에 개별 고지 없이 촬영될 수 있음을 양해바랍니다 . - 행사 시 촬영한 사진 및 영상은 궁중문화축전의 공식 홍보 및 연구 , 발간 자료 등에 활용될 수 있습니다 .",https://www.kh.or.kr/jnrepo/upload/jnPrgFestivalProgram/202509/19188ff5316545a887667d72a5fcd58a_1757554696877.jpg
28,11회,창경궁,668,궁중문화축전 길놀이(창경궁),공연,,https://www.kh.or.kr/jnrepo/upload/jnPrgFestivalProgram/202509/004634be9b794521964cacdd32f0a519_1757554746820.jpg,썸네일,https://www.kh.or.kr/program/view/menu/1292?viewType=ach&idx=668&searchRound=28&searchStTime=&searchEnTime=&searchField=homeAll&searchText=,창경궁,궁중문화축전 길놀이(창경궁),공연,종료,공연,현장참여,2025-10-12~2025-10-12,,창경궁 일대,,,"사자춤, 소고춤, 사물놀이 등 2025년 궁중문화축전의 흥을 더할 전통 길놀이를 궁궐 곳곳에서 만나보세요! 2025 가을 궁중문화축전 길놀이는 덕수궁과 창경궁에서 진행됩니다. <창경궁> - 일정 : 2025. 10. 12.(일) 13시, 16시 - 동선: 창경궁 양화당 앞마당 시작(문정문-광정문-관천대 인근) - 출연진: 강령탈춤보존회, 봉산탈춤보존회, 국가유산진흥원 예술단 등 - 공연구성: 합동 사자춤(강령, 봉산), 기접놀이, 소고춤, 사물 개인놀이 등 - 행사문의 ○ 궁능활용프로그램 콜센터 1522-2295 - 우천 시 취소 안내 ○ 행사 당일 오전 11시 기준 5mm 이상 예보될 경우(기상청 예보 기준) 행사가 취소되며, 궁중문화축전 SNS 채널을 통해 공지됩니다.",https://www.kh.or.kr/jnrepo/upload/jnPrgFestivalProgram/202509/004634be9b794521964cacdd32f0a519_1757554746820.jpg
28,11회,종묘,688,특별 굿즈 <궁패스 노리개>,온라인,,https://www.kh.or.kr/jnrepo/upload/jnPrgFestivalProgram/202509/c38ed0ab408b464aa315ed29a917feb9_1757544873959.jpg,썸네일,https://www.kh.or.kr/program/view/menu/1292?viewType=ach&idx=688&searchRound=28&searchStTime=&searchEnTime=&searchField=homeAll&searchText=,종묘,특별 굿즈 <궁패스 노리개>,온라인,종료,온라인,사전예약,2025-10-08~2025-10-12,,".경복궁, 창덕궁, 덕수궁, 창경궁, 경희궁, 종묘","2,000명",티켓문의 : 1588-7890 / 행사운영 : 1522-2295,"궁 마니아라면 놓칠 수 없는 컬렉션! 단 한 점으로 즐기는 서울의 5대궁과 종묘가을 궁중문화축전 기간(10. 8.(수)~10. 12.(일)) 기간 동안 서울의 5대궁과 종묘를 무제한으로 방문할 수 있는 특별 관람권 기능을 갖춘 궁중문화축전 특별 굿즈를 소개합니다.아름다운 노리개 형태의 한정판 굿즈와 함께 가벼운 마음으로 궁궐과 종묘를 마음껏 누벼보시길 바랍니다. [수령안내] ○ 수령장소(택일) ① 경복궁 흥례문 앞 <궁중문화축전> 종합안내소 ② 창경궁 홍화문 앞 <궁중문화축전> 종합안내소 ○ 수령기간: 2025. 10. 8.(수)~10. 12.(일) ○ 수령시간: 09:00~17:00 ○ 수령방법: 티켓링크 모바일 티켓 확인 후 실물굿즈 교환(최초 1회) [유의사항] ○ 본 상품은 수령처에서 본인확인을 진행합니다. 예매자 본인 명의와 일치하는 신분증(원본) 및 예매내역(예매번호)을 반드시 지참하시길 바랍니다. ○ 취소 마감 시간(10. 7.(화) 17시) 경과 후 티켓 취소 및 변경, 환불이 불가합니다. ○ 사용 개시일(10. 8.(수))부터는 실물굿즈 교환 후 환불이 불가합니다. ○ 수령 기간이 종료된 이후에는 본 상품을 수령하실 수 없습니 다. * 오픈일정 : 2025.09.11 낮 12:00 * 예매마감 : 2025.10.12 17:00 * 취소마감 : 2025.10.07 17:00 * 구매수량 : 1인 당 최대 4매",https://www.kh.or.kr/jnrepo/upload/jnPrgFestivalProgram/202509/c38ed0ab408b464aa315ed29a917feb9_1757544873959.jpg
28,11회,종묘,682,종묘 건축 탐험대,체험,,https://www.kh.or.kr/jnrepo/upload/jnPrgFestivalProgram/202509/d95eb86801434c87ad9affdfed512b1b_1757544996508.jpg,썸네일,https://www.kh.or.kr/program/view/menu/1292?viewType=ach&idx=682&searchRound=28&searchStTime=&searchEnTime=&searchField=homeAll&searchText=,종묘,종묘 건축 탐험대,체험,종료,체험,사전예약,2025-10-11~2025-10-12,,종묘 일대,회당 30명,행사티켓 : 1588-7890 / 행사운영 : 1522-2295,"2025년 가을 궁중문화축전 종묘 건축 탐험대 오랜 시간, 역사의 숨결을 간직해온 세계유산 종묘. 그 웅장한 공간 속에서, 드디어 복원된 정전의 새로운 모습을 만날 시간입니다.청소년을 위해 기획된 <종묘 건축 탐험대>는 단순한 관람을 넘어, 미션을 통해 살아 있는 역사의 현장을 직접 경험하는 프로그램입니다.종묘에 담긴 건축 기술과 선조들의 지혜를 배우고, 보이지 않는 곳에 숨겨진 이야기들을 찾아보세요.새롭게 빛나는 정전에서, 여러분의 멋진 탐험이 기다립니다. * 본 행사는 청소년 대상 프로그램입니다.(14세~18세/2007년~2014년 출생) * 실제 참여자의 정보를 추가정보에 기입해주시기 바랍니다. * 접수장소 : 종묘 외대문 앞 <궁중문화축전> 종합안내소 * 접수시간 : (1회차) 09:00~09:30 / (2회차) 12:00~12:30 / (3회차) 14:00~14:30 / (4회차) 16:00~16:30 * 접수방법: 티켓링크 모바일 티켓 확인(궁 무료 입장) * 행사 시작 시간 30분 전부터 접수 가능하며, 시작시간에 맞춰 해설사와 함께 입장합니다. * 원활한 접수 진행을 위해 최소 10분 전에 도착해주시길 바랍니다. * 해당 티켓은 종묘 입장료가 포함되어 있습니다. 단, 프로그램 종료 후 종묘 관람을 희망하시는 분들은 퇴장 없이 일반 관람은 가능하나 재입장은 불가합니다. * 오픈일정 : 2025.09.11 16:00 * 예매마감 : 관람일 전일 17시 * 취소마감 : 관람일 전일 17시 * 구매수량 : 1인 당 최대 2매 [할인 대상] 장애인 50%할인대상 : 중증(구 1~3급) : 본인 포함 2인 / 경증(구 4~6급) : 본인 한정 현장에서 예매자 신분증, 증빙서류 확인 후 입장 가능합니다. 국가유공자 본인 한정 50% 할인 현장에서 예매자 신분증, 증빙서류 확인 후 입장 가능합니다.",https://www.kh.or.kr/jnrepo/upload/jnPrgFestivalProgram/202509/d95eb86801434c87ad9affdfed512b1b_1757544996508.jpg
28,11회,종묘,678,종묘 인문학 콘서트,공연,수 15:30 ~ 16:40,https://www.kh.or.kr/jnrepo/upload/jnPrgFestivalProgram/202509/0521bda5eac24b92bd35d2a2f846a0e8_1757544895211.jpg,썸네일,https://www.kh.or.kr/program/view/menu/1292?viewType=ach&idx=678&searchRound=28&searchStTime=&searchEnTime=&searchField=homeAll&searchText=,종묘,종묘 인문학 콘서트,공연,종료,공연,사전예약,2025-10-08~2025-10-08,수 15:30 ~ 16:40,영녕전,250명,티켓문의 : 1588-7890 / 행사운영 : 1522-2295,"2025년 가을 궁중문화축전 종묘 인문학 콘서트 <정전 복원의 과정과 의미>600여년 동안 국가 공식 제사를 지냈고, 현재가지도 지내고 있는 세상 드문 공간 종묘.그 복잡한 소음의 거리 종로에 있지만 종묘 담벼락 사이 하나로 전혀 다른 세상이 펼쳐지는 신비로운 공간 종묘.우리는 종묘에 대해 얼마나 알고 있을까?종묘의 이모저모를 우리보다 외국에서 더 많은 호기심을 가지고 들여다보려는 이 기이함은 어디서 비롯되는 것일까?여전히 베일에 싸인 종묘, 그 안으로 들어가보자. * 본 행사는 사전예약(무료) 프로그램입니다. * 단, 해당 티켓은 종묘 입장료가 비포함되어 있습니다. * 접수시간 이후 예약부도(노쇼) 발생 시 현장접수를 진행합니다. * 접수장소: 종묘 영녕전 앞 < 종묘 인문학 콘서트> 예매확인처 * 접수시간: 14:40~15:20 * 접수방법: 티켓링크 모바일 티켓 확인 * 각 회차별 행사 시작 시간 30분 전부터 영녕전 입장이 가능합니다. * 원활한 접수 진행을 위해 최소 10분 전에 도착해주시길 바랍니다. * 오픈일정 : 2025.09.11 16:00 * 예매마감 : 관람일 전일 17시 * 취소마감 : 관람일 전일 17시 * 구매수량 : 1인 당 최대 4매",https://www.kh.or.kr/jnrepo/upload/jnPrgFestivalProgram/202509/0521bda5eac24b92bd35d2a2f846a0e8_1757544895211.jpg
28,11회,종묘,672,고궁음악회 '풍류에 제례악을 더하다',공연,"일,목,금,토 14:00 ~ 14:40",https://www.kh.or.kr/jnrepo/upload/jnPrgFestivalProgram/202509/2c91b82147fb412cbef37704754e4cf0_1759211701291.png,썸네일,https://www.kh.or.kr/program/view/menu/1292?viewType=ach&idx=672&searchRound=28&searchStTime=&searchEnTime=&searchField=homeAll&searchText=,종묘,고궁음악회 '풍류에 제례악을 더하다',공연,종료,공연,현장참여,2025-10-09~2025-10-12,"일,목,금,토 14:00 ~ 14:40 / 일,목,금,토 16:00 ~ 16:40",영녕전,,,"종묘 유네스코 세계유산 등재 30주년 기념 제례악 크로스오버 공연에 여러분을 초대합니다. 고궁음악회는 궁궐의 전각과 자연을 배경으로 전통예술뿐만 아니라 대중음악과 서양음악, 현대무용 등 다양한 장르와의 협연을 통해 전통문화의 외연을 확장하고 대중과의 소통을 강화하기 위한 노력을 지속하고 있습니다. 가을을 맞아 종묘의 별묘 영녕전에서, 종묘제례악의 원형부터 새롭게 창작한 크로스오버 무대까지 다채로운 공연을 즐겨보세요. 1. 공연개요 - 일자: 2025. 10. 9.(목)~10. 12.(일) / 4일 8회 - 시간: 14:00/16:00(50분, 1일 2회) - 장소: 종묘 영녕전 - 내용: 종묘제례악 크로스오버 공연 2. 세부내용 일 정 출 연 진 공연곡목 10. 9.( 목 ) 종묘제례악보존회 전폐희문 ( 보태평지무 ) 희문 , 기명 , 귀인 ( 보태명지무 ) 소무 , 독경 , 영관 ( 정대업지무 ) 10. 10.( 금 ) 세종국악 관현악단 국악관현악과 대금을 위한 협주곡 ‘ 비류 ’ 국악관현악과 첼로를 위한 협주곡 ‘ 희문 ’ 국악관현악을 위한 민요산책 10. 11.( 토 ) 음악그룹 ‘ 나무 ’ 거가출궁 신관례 < 전폐희문 > 초현례 / 아헌례 / 종헌례 < 소무 > 철변두 , 망료 < 영관 > 10. 12.( 일 ) 월드뮤직그룹 ‘ 공명 ’ 예악 / 아침의 소리 생애한조각 / 단회상 ( 짧은 영산회상 ) 구상나무 / 하얀달 기린자리 / 워커바웃 (Walkabout) * 프로그램은 아티스트의 사정에 따라 변경될 수 있습니다. * 행사문의: 국가유산진흥원 궁능활용사업 콜센터(1522-2295)",https://www.kh.or.kr/jnrepo/upload/jnPrgFestivalProgram/202509/2c91b82147fb412cbef37704754e4cf0_1759211701291.png
28,11회,온라인(기타),657,모두의 풍속도 2025,온라인,,https://www.kh.or.kr/jnrepo/upload/jnPrgFestivalProgram/202509/2c9997ba6d7745f5a475ed5f213db115_1757913001846.png,썸네일,https://www.kh.or.kr/program/view/menu/1292?viewType=ach&idx=657&searchRound=28&searchStTime=&searchEnTime=&searchField=homeAll&searchText=,온라인(기타),모두의 풍속도 2025,온라인,종료,온라인,현장참여,2025-10-08~2025-10-12,,온오프라인,,,"올해도 돌아온, 모두의 풍속도 2025 오픈! 조선시대의 화가 김홍도가 풍속화에 인물의 모습을 다채롭게 담아냈던 것처럼, 여러분도 일상 속 소소한 모습을 그림으로 만들어보세요. 모두의 풍속도의 그림은 콘텐츠의 재미와 표현의 자유를 위해 기 존 한 복 복 식 규 칙 을 따 르지 않았고, 나이나 성별에 관계 없이 머리 모양 및 의상을 조합할 수 있도록 했습니다. 자유롭게 꾸며 SNS에 업로드하거나 프로필 사진으로 활용해보세요! SNS 계정 통해 참여인증 이벤트도 응모해보세요. pungsokdo.com 참여기간 : 9.12.(금)~10.26.(일) 모두의 풍속도 공개 : 11월 말(예정) 모두의 풍속도 x 포토이즘 가을 궁중문화축전 기 간 (10 월 8 일 ~10 월 12 일 ) 에는 창경궁 궁중놀이방에 모두의 풍속도 포토부 스 가 설치되어 있어요. 특히 올해는 전국의 포토이즘 매장에서 10월 1일부터 14일까지 '모두의 풍속도' 특별 프레임 으로 네컷 사진을 촬영할 수 있으니 기대해주세요. * 궁금한 사항은 홈페이지(<알림마당<질문과 답변) 또는 메일 ( royalculture1@kh.or.kr )통해 문의해 주세요 . * 상업적 목적 ( 굿즈 제작 등 ) 으로 사용할 수 없으며 , 비상업적인 목적이라도 사용 범위가 개인 사용을 넘어서는 경우 ( 전시 , 배포 등 ) 사용 제한됩니다 .",https://www.kh.or.kr/jnrepo/upload/jnPrgFestivalProgram/202509/2c9997ba6d7745f5a475ed5f213db115_1757913001846.png
26,11회,경복궁,644,세종대왕자태실 태봉안행차 재현 행사,재현,금 14:00 ~ 15:00,https://www.kh.or.kr/jnrepo/upload/jnPrgFestivalProgram/202504/2bfa26674f64492aa40c12fc90a9d02a_1744629577610.jpg,-,https://www.kh.or.kr/program/view/menu/1292?viewType=ach&idx=644&searchRound=26&searchStTime=&searchEnTime=&searchField=homeAll&searchText=,경복궁,세종대왕자태실 태봉안행차 재현 행사,재현,종료,재현,현장참여,2025-05-02~2025-05-02,금 14:00 ~ 15:00,"교태전, 강녕전",,,성주군 진행 세종대왕자태실 태봉안행차 재현 행사,https://www.kh.or.kr/jnrepo/upload/jnPrgFestivalProgram/202504/2bfa26674f64492aa40c12fc90a9d02a_1744629577610.jpg
26,11회,경복궁,637,2025 봄 궁중문화축전 스탬프 투어,체험,04.26 ~ 05.04 09:00 ~ 18:00,https://www.kh.or.kr/jnrepo/upload/jnPrgFestivalProgram/202504/b97eed763ec64443abea3a8c41eb5e25_1745635456811.jpg,-,https://www.kh.or.kr/program/view/menu/1292?viewType=ach&idx=637&searchRound=26&searchStTime=&searchEnTime=&searchField=homeAll&searchText=,경복궁,2025 봄 궁중문화축전 스탬프 투어,체험,종료,체험,현장참여,2025-04-26~2025-05-04,04.26 ~ 05.04 09:00 ~ 18:00,"경복궁, 창덕궁, 덕수궁, 창경궁, 경희궁, 종묘",,,"5 대궁과 종묘를 9 일간 누비며 스탬프를 모아보세요 . 역사적 장소를 배경으로 추억도 쌓고 건강과 리워드는 덤으로 ! 궁중문화축전을 가장 알차게 즐기는 궁중문화축전 스탬프 투어 , 4 월 26 일부터 시작됩니다 . - 일시 : 4. 26.( 토 )~5. 4.( 일 ) 10:00~17:00/ 총 9 일 - 장소 : 5 대궁 및 종묘 [ 참여 방법 ] ① 각 궁의 종합 안내소에서 스탬프 활동지 수령 ( 경복궁 , 덕수궁 , 창덕궁 , 창경궁 종합안내소 / 활동지 소진 시 선착순 마감 ) ② 5 대궁 및 종묘의 스탬프 스팟 10 곳을 방문하여 스탬프 획득 ③ 경복궁 종합 안내소에서 리워드 수령 *리워드 이벤트는 상품 재고에 따라 조기 종료 될 수 있습니다. * 상품 1~50 등 우양산 51~100 등 경회루 텀블러 101~150 등 궁중문화축전 젓가락 151~300 등 2025 봄 궁중문화축전 발매트 300등~ 궁궐 입체 자석 ** 유의사항 ① 궁별 입장료는 별도입니다. ② 완주 기념품은 축전 기간 내 지정된 수령처 ( 경복궁 흥례문 광장 내 종합안내소 ) 에서만 지급 가능합니다. ③ 기념품 중복 수령은 불가하며 1 인 1 회 참여만 가능합니다. ④ 준비된 기념품 수량 소진 시 조기 마감될 수 있습니다. ⑤ 부정 사용 적발 시 기념품 지급 제외됩니다.",https://www.kh.or.kr/jnrepo/upload/jnPrgFestivalProgram/202504/b97eed763ec64443abea3a8c41eb5e25_1745635456811.jpg
26,11회,경복궁,630,열아홉 화협옹주의 꽃단장,체험,목 10:10 ~ 12:10,https://www.kh.or.kr/jnrepo/upload/jnPrgFestivalProgram/202504/a863bd6b72984ee0a7194d961243f9fe_1743934819437.jpg,-,https://www.kh.or.kr/program/view/menu/1292?viewType=ach&idx=630&searchRound=26&searchStTime=&searchEnTime=&searchField=homeAll&searchText=,경복궁,열아홉 화협옹주의 꽃단장,체험,종료,체험,사전예약,2025-05-01~2025-05-01,목 10:10 ~ 12:10,국립고궁박물관 B1 고궁배움터 교육실 1,,,열아홉 화협옹주의 꽃단장,https://www.kh.or.kr/jnrepo/upload/jnPrgFestivalProgram/202504/a863bd6b72984ee0a7194d961243f9fe_1743934819437.jpg
26,11회,경복궁,629,국립고궁박물관-어차 MZ 워크샵,체험,목 13:30 ~ 15:30,https://www.kh.or.kr/jnrepo/upload/jnPrgFestivalProgram/202504/057b11c7211f431987e4b525373f671a_1745071283214.jpg,-,https://www.kh.or.kr/program/view/menu/1292?viewType=ach&idx=629&searchRound=26&searchStTime=&searchEnTime=&searchField=homeAll&searchText=,경복궁,국립고궁박물관-어차 MZ 워크샵,체험,종료,체험,사전예약,2025-05-01~2025-05-01,목 13:30 ~ 15:30,국립고궁박물관 B1 고궁배움터 교육실 1,,,국립고궁박물관-어차 MZ 워크샵,https://www.kh.or.kr/jnrepo/upload/jnPrgFestivalProgram/202504/057b11c7211f431987e4b525373f671a_1745071283214.jpg
26,11회,경복궁,578,경복궁 수문장 교대의식,재현,"일,월,화,수,목,금,토 10:00(20분) / 14:00(20분)",https://www.kh.or.kr/jnrepo/upload/jnPrgFestivalProgram/202503/a43c31457a7d435cb4199e7bbdadecd0_1742217513382.jpg,수문장,https://www.kh.or.kr/program/view/menu/1292?viewType=ach&idx=578&searchRound=26&searchStTime=&searchEnTime=&searchField=homeAll&searchText=,경복궁,경복궁 수문장 교대의식,재현,종료,재현,현장참여,2025-04-25~2025-05-04,"일,월,화,수,목,금,토 10:00(20분) / 14:00(20분)",경복궁 흥례문 광장,,,"1. 행사명 : 수문장 교대의식 2. 행사기간 : 연중 * 경복궁 휴궁일 (화) 제외 3. 행사장소 : 경복궁 광화문 2002년 시작된 경복궁 수문장 교대의식은 조선시대 왕실 호위문화를 상징하는 대표적인 전통문화행사입니다. ‘조선왕조실록’예종(睿宗) 1년(1469) 수문장제도의 시행 기록을 역사적 근거로 하여 재구성된 이 행사는 당시의 복식 및 무기 등을 복원하여 조선 전기(前期) 군인들의 모습을 생생하게 재현하는 것에 초점을 맞추고 있습니다. 4. 수문장 교대의식 프로그램 안내 <상설행사> ○ 수문장 교대의식 - 가장 큰 규모를 자랑하는 수문장 교대의식은 1일 2회, 약 70명의 수문군과 15명의 취타대가 등장하며 진행됩니다. 수문장 교대의식은 수문장 군례 및 광화문 안전여부 확인, 근무 교대 순의 절차로 이루어 집니다. - 행사시간 : 10:00, 14:00(소요시간 20분) ○ 광화문 파수의식 - 광화문 파수의식은 1일 2회 진행되며, 약 15명의 광화문 파수군과 취타대가 등장합니다. 파수군의 무기 관리 및 근무 태도를 확인하는 '적간(摘奸)'을 통하여 광화문을 지키는 군사들을 점검하고 근무 교대합니다. - 행사시간 : 11:00, 13:00(소요시간 10분) ○ 광화문 입직근무 - 광화문에 파수군이 근무 서고 있는 것을 '입직근무'라고 지칭하고 있습니다. 수문장 교대의식과 광화문 파수의식 때 입직근무 교대를 하게 되며, 비 또는 눈이 오는 날에도 전통 비옷인 '우장(雨裝)'을 입고 광화문 근무를 섭니다. - 행사시간 : 교대의식 및 파수의식 후 광화문 입직근무(매시간) ○ 수문군 공개훈련 - 1일 2회 진행 되는 경복궁 협생문 앞에서 진행되는 수문군 공개훈련은 수문장 지휘 아래 근무 교대 연습 및 군사 훈련 등의 모습을 볼 수 있습니다. - 행사시간 : 09:35, 13:35(소요시간 15분) 수문장의 역사, 절차 등 자세한 사항은 '수문장 교대의식' 메뉴에서 확인 가능합니다.",https://www.kh.or.kr/jnrepo/upload/jnPrgFestivalProgram/202503/a43c31457a7d435cb4199e7bbdadecd0_1742217513382.jpg
26,11회,경복궁,577,경복궁 생과방,체험,04.16 ~ 06.23 10:00/11:40 ~ 13:50/15:30(70분),https://www.kh.or.kr/jnrepo/upload/jnPrgFestivalProgram/202503/1418530216d34c83b1f7dc1aaa7b7efe_1742217327696.JPG,생과방,https://www.kh.or.kr/program/view/menu/1292?viewType=ach&idx=577&searchRound=26&searchStTime=&searchEnTime=&searchField=homeAll&searchText=,경복궁,경복궁 생과방,체험,종료,체험,사전예약,2025-04-25~2025-05-04,04.16 ~ 06.23 10:00/11:40 ~ 13:50/15:30(70분),경복궁 생과방,,,"경복궁 소주방 전각에 위치한 생과방'은 궁중의 육처소處所)가운데 하나이며, '국왕과 왕비의 후식과 별식을 준비하던 곳으로 '생물방' 혹은 '생것방'이라고도 불렸습니다. 경복궁 생과방 프로그램은 조선왕조실록의 내용을 토대로 실제 임금이 드셨던 궁중병과와 궁중약차를 오늘날에도 즐길 수 있도록 구성된 체험 프로그램 입니다. 1. 행사 기간 : 2025. 4. 16.(수) ~ 6. 23.(월) * 매주 수~월요일 운영을 기본으로 하나, 위 행사기간 중 아래 일자는 동일 주간의 화요일에 대체 운영 * 5. 7.(수) → 5. 6.(화) 2. 행사 시간 : 1회차 10:00 ~ 11:10 / 2회차 11:40 ~ 12:50 / 3회차 13:50 ~ 15:00 / 4회차 15:30 ~ 16:40 * 회당 70분 내외 소요 3. 행사 장소 : 경복궁 생과방 4. 참여 인원 : 회차당 36명, 1일 144명 5. 관람 연령 : 전 연령 체험 가능 * <경복궁 생과방>은 좌석 지정제로 운영되는 행사로, 48개월 미만 아동은 보호자 동반 하에 1명까지만 입장 가능합니다. 입장 시 반드시 관련 증빙자료 확인 작업을 진행하며, 증빙자료 미소지 시 입장이 불가함을 안내드립니다. * 48개월 이상 아동 및 청소년(2007년 ~ 2018년 출생자)은 일반인 1인과 동일한 티켓을 소지하여야 하며, 보호자 동반하여야 입장 가능합니다. 6. 행사 문의 ○ 행사안내 : 궁능 활용 프로그램 전화 상담실 (☎ 1522-2295) ○ 예매안내 : 티켓링크 전화 상담실 (☎ 1588-7890) 7. 예매 안내 * 본 안내 페이지 정독 후 모든 안내사항에 동의하시는 경우에만 응모 및 예매해주시기 바라며, 모든 예매자는 안내 내용을 숙지 및 동의하신 것으로 간주합니다. ○ 예매금액 : 1매 15,000원 *당첨 시 1인 최대 2매 예매 가능 ○ 예매처 : 티켓링크 (www.ticketlink.co.kr) ○ 예매방법 : 우선 예매권 추첨제(온라인) 및 전화 예매 ○ 우선 예매권 추첨제 : 경복궁 생과방 예매권 응모에 참여 후 추첨을 통해 당첨된 분들만 예매에 참여하는 방식 - 예매권 추첨응모 → 추첨 당첨자 발표 → 당첨자 우선 예매 → 잔여석 일반 예매(*선착순) ① 예매권 추첨 응모 : 응모 페이지 접속 및 로그인 → 매수 선택(1인 최대 1매) → 결제진행(0원) → 응모(예매)완료 * 한 ID당 1회 응모 가능하며, 당첨 시 1인 최대 2매 까지 예매 가능합니다. * 응모단계에서는 비용이 발생하지 않습니다. ② 추첨 당첨자 발표 - ‘국가유산진흥원’ 누리집 공지 - 예매처 회원정보에 기입된 휴대폰 번호로 개별 안내 문자 발송 * 예매처 회원정보 내 휴대폰 번호를 사전에 확인·수정하시기 바랍니다. ③ 당첨자 우선 예매 : 예매페이지 접속 및 로그인 → 당첨자 인증(개인정보 입력) → 관람일자 및 회차 선택 → 클린예매 서비스 보안문자 입력 → 결제진행 및 예매완료 * 예매권 당첨자는 ‘당첨자 우선 예매’ 기간 내 원하는 회차 및 좌석을 선착순으로 선택 및 예매할 수 있습니다. * 당첨자 우선 예매 기간 내 티켓 결제까지 완료해야 예약이 최종 확정됩니다. * 기한 내 티켓 결제를 완료하지 않은 경우 당첨이 취소되며, 이를 숙지하지 못해 발생하는 문제는 행사 주최·주관사, 예매처가 책임지지 않습니다. * 당첨자 우선 예매 페이지의 URL 무단 공유를 금하며, 부정 예매 적발 시 자동으로 예매가 취소됩니다. * 당첨자 ID와 예매자 ID가 다를 경우 자동으로 예매가 취소됩니다. * 당첨자 우선 예매를 통해 티켓을 구매하신 경우, 잔여석 일반 예매로 추가 구매가 어려운 점 양해 바랍니다. (ID 제한) ④ 잔여석 일반 예매 : 예매페이지 접속 및 로그인 → 관람일자 및 회차 선택 → 클린예매 서비스 보안문자 입력 → 결제진행 및 예매완료 * 당첨자 우선 예매 기간 종료 후 발생한 잔여석에 한하여 일반 예매(선착순)로 전환됩니다. * 1인 2매까지 예매 가능합니다. 8. 예매 일정 ○ 예매권 추첨 응모 : 2025. 3. 26.(수) 14:00 ~ 4. 1.(화) 14:00 / 7일간 ○ 추첨 당첨자 발표 : 2025. 4. 3.(목) 17:00 이후 ○ 당첨자 우선 예매 : 2025. 4. 4.(금) 14:00 ~ 4. 7.(월) 23:59 / 4일간 ○ 잔여석 일반 예매 : 2025. 4. 9.(수) 14:00 ~ 행사 전일 12:00까지 9. 전화 예매 ○ 예매대상 : 65세 이상(1960년 이전 출생자), 국가유공자, 장애인 ○ 예매처 : 티켓링크 전화 상담실(☎1588-7890) ○ 예매일시 : 2025. 4. 9.(수) 14:00 ~ * 전화 상담실 운영시간 : 평일 10:00 ~ 19:00 (주말·공휴일 미운영) * 현장에서 증빙자료를 확인할 예정이오니 신분증(국가유공자증, 장애인복지카드 등)을 반드시 지참해주시기 바랍니다. * 전화 예매 및 할인 티켓은 예매자 본인 참여가 원칙이며 가족 양도가 불가합니다. 10. 할인 정보 ○ 장애의 정도가 심한 장애인(1~3급) : 본인 + 동반 1인 / 장애인 복지카드 / 50%할인 ○ 장애의 정도가 심하지 않은 장애인(4~6급) : 본인만 / 장애인 복지카드 / 50%할인 ○ 국가유공자 : 본인만 / 국가유공자증 / 50%할인 * 장애의 정도가 심한 장애인 = 구 1~3급 / 장애의 정도가 심하지 않은 장애인 = 구 4~6급 * 할인은 예매 시 적용 가능하며, 일반 권종으로 예매 후 현장에서 할인 적용(차액 환불)이 불가합니다. * 현장 확인 증빙자료 미지참 시 차액 결제, 환불, 행사 참여가 불가한 점 양해 부탁드립니다. 11. 예매 유의사항 [티켓 예매] ○ 본 행사의 티켓은 정식 예매처인 티켓링크를 통한 100% 사전예약 판매를 원칙으로 하며, 그 외의 경로나 현장 판매는 진행되지 않습니다. ○ 부정 예매 및 암표 거래 방지를 위해 신용카드 결제만 가능합니다. ○ 예매하신 본인 입장이 원칙이며, 타인 양도가 불가합니다. ○ 단, 가족 관계일 경우 예매자 및 양도받으실 가족 본인의 신분증과 가족 관계 증빙자료(주민등록등본 혹은 가족관계증명서) 지참 시에만 예외적으로 양도가 가능합니다. * 법적 정의(민법 제779조)에 따른 ‘가족’만 해당(배우자, 직계혈족, 형제자매) * 단, 전화 예매 및 할인 티켓은 예매자 본인 참여가 원칙이며 가족 양도 불가 ○ 본 행사는 생과방에 마련되는 예매확인처에서 본인확인을 진행합니다. 예매자 본인 명의와 일치하는 신분증(원본) 및 예매내역(예매번호)을 반드시 지참해주시기 바랍니다. ○ 실물 티켓은 별도로 제공되지 않습니다. ○ 부정한 방법(매크로 사용, 우선 예매 URL 공유 등)으로 예매하거나 불법 암표 매매 목적으로 구매하는 경우 적발 시 해당 티켓은 사전 통보 없이 예매 취소 및 사용을 제한할 수 있습니다. ○ 불법 암표 거래(프리미엄 티켓 판매, 티켓 양도 사기)로 선량한 예매자의 피해가 발생하고 있습니다. 이로 인한 문제 발생 시 행사 주최·주관사, 예매처는 책임지지 않습니다. 반드시 정식 예매처를 통해 예매해주시기 바랍니다. ○ 본 행사 진행 중 기록촬영으로 인해 관람객 초상이 노출되거나 촬영될 수 있으니 이 점 양해 부탁드립니다. [취소 및 환불] ○ 예매하신 티켓의 취소와 환불은 예매처의 규정을 준수합니다. ○ 취소 마감 시간(행사 전일 오전 12시) 이전 티켓 취소 시 100% 환불되며, 취소 수수료가 발생하지 않습니다. ○ 취소 마감 시간(행사 전일 오전 12시) 경과 후 티켓 취소 및 변경이 불가합니다. 13. 프로그램 안내 경복궁에서 마주한 특별한 시간 A Special Ocaasion Enjoyed in Gyeongbokgung Palace [궁중병과] ① 주악세트(다과 6종, 약차 1종) : 잣박산, 매작과, 주악, 다식, 사과정과, 오미자과편 ② 곶감오림 세트(다과6종, 약차 1종) : 잣박산, 오미자과편, 곶감오림, 금귤정과, 약과, 매작과 [궁중약차] ① 감국다(국화, 구기자) ② 삼귤다(인삼, 귤피, 대추) ③ 감길다(도라지, 감초, 귤피) ④ 오미자다(오미자) 14. 접수 안내 ○ 접수 장소 : 경복궁 생과방 입구 예매확인처 ○ 접수 시간 : (1회차)09:55, (2회차)11:35, (3회차)13:45, (4회차)15:25 - 각 회차별 행사 시작 시간 5분 전부터 접수 및 생과방 입장이 가능합니다. - 경복궁 입장 시, “경복궁 입장권”은 매표소에서 별도로 구매하신 후 입장하셔야 합니다. 15. 행사 유의사항 ○ 접수 시 유의사항 - 본 행사는 예매확인처에서 본인확인을 진행합니다. 예매자 본인 명의와 일치하는 신분증(원본) 및 예매내역(예매번호)을 반드시 지참해주시기 바랍니다. - 예매자 본인확인이 불가하거나 예매정보와 현장 참여자 정보가 다를 경우 입장이 제한됩니다. - 할인 예매 고객께서는 현장 확인 증빙자료를 반드시 지참해주시기 바랍니다. - 접수 시간이 경과하면 행사 참여에 제한이 있을 수 있습니다. ○ 관람 시 유의사항 - 행사 중 플래시 사용, 삼각대 사용, 음식물 반입을 금합니다. - 사전예매 시 선택하신 좌석과 궁중다과의 메뉴 변경은 불가합니다. - 거동이 불편하신 고객께서는 추후 연락드리는 운영사무국을 통해 휠체어 탑승 여부를 알려 주시기 바라며, 사전 협의 후 원하시는 경우에는 별도 야외 좌석으로 안내드릴 예정입니다. ○ 우천 시 안내 - 본 행사는 우천 시에도 취소 없이 운영됩니다. - 변동 및 안내사항은 문자로 우선 안내됩니다. 예매 전에 티켓링크 회원정보 상의 연락처를 반드시 확인하시기 바라며, 회원정보 오기재로 인한 불이익은 행사 주최·주관사, 티켓사에서 책임지지 않습니다. 16. 오시는 길 ○ 지하철 - <안국역> 3호선 1번 출구 - <광화문역> 5호선 2번 출구 - <경복궁역> 3호선 4번 출구 * 경복궁 동편 유료주차장(주차비 본인 부담) 이용이 가능합니다. 17. 예매문의 ○ 티켓링크 고객센터 전화 상담실 : 1588-7890 ○ 행사문의 궁능 활용 프로그램 전화 상담실 : 1522-2295 - 평일 (주말·공휴일 제외) : 10:00~19:00 - (성수기) 2025.4. 1.~6. 16., 2025. 9. 4.~11. 9. : 9:30 ~ 20:30(매주 월 제외/상시운영) - (일반) 성수기 운영기간 외(주말, 공휴일 제외) : 9:30~18:00(점심시간 12:00~13:00) * 성수기 운영기간은 변동 될 수 있습니다.",https://www.kh.or.kr/jnrepo/upload/jnPrgFestivalProgram/202503/1418530216d34c83b1f7dc1aaa7b7efe_1742217327696.JPG
26,11회,경복궁,576,경복궁 별빛야행,체험,"일,목,금,토 18:40(110분) / 19:40(110분)",https://www.kh.or.kr/jnrepo/upload/jnPrgFestivalProgram/202503/eec5cbd201c748a6b01e2233955e447f_1742216535954.jpg,별빛,https://www.kh.or.kr/program/view/menu/1292?viewType=ach&idx=576&searchRound=26&searchStTime=&searchEnTime=&searchField=homeAll&searchText=,경복궁,경복궁 별빛야행,체험,종료,체험,사전예약,2025-04-25~2025-05-04,"일,목,금,토 18:40(110분) / 19:40(110분)",경복궁 일원,,티켓문의 1588-7890 행사문의 1522-2295,"<예매 일정> ○ 예매권 추첨 응모 : 2025. 3. 13.(목) 14:00 ~ 3. 19.(수) 14:00 / 7일간 https://www.ticketlink.co.kr/product/55206 ○ 추첨 당첨자 발표 : 2025. 3. 20.(목) 17:00 이후 ○ 당첨자 우선 예매 : 2025. 3. 21.(금) 14:00 ~ 3. 24.(월) 23:59 / 4일간 ○ 잔여석 일반 예매 : 2025. 3. 26.(수) 14:00 ~ 행사 당일 10:00까지 경복궁 소주방에서 전통국악공연을 즐기며 임금님의 수라상을 맛보고, 전문가의 해설을 들으며 경복궁 북측 권역으로의 아름다운 야행을 시작합니다. 건청궁·향원정에 이르기까지 경복궁 별빛야행에서만 허락된 경복궁 북측 권역으로의 발걸음은 고궁의 고즈넉함을 온전히 느끼며, 경복궁만이 지닌 새로운 아름다움을 경험하는 특별한 감동을 선사할 것입니다. <행사 안내> 1. 행사 기간 : 2025. 4. 2.(수) ~ 5. 17.(토) * 4. 23.(수) ~ 4. 30.(수) 궁중문화축전 기간 동안 미운영됩니다. * 기간 중 매주 수~일요일 운영을 기본으로 하나, 아래 일자는 대체 운영됩니다. - (기존 일자) 4.30.(수) → (대체 일자) 5.5.(월) 2. 행사 시간 (* 회당 110분 내외 소요) ○ 1회차 - 18:40 ~ 20:30 ○ 2회차 - 19:40 ~ 21:30 3. 행사 장소 : 경복궁 일원 4. 참여 인원 : 회차당 38명 / 1일 76명 5. 관람 연령 : 7세 이상(2018년 이전 출생자) ○ <경복궁 별빛야행>은 야간에 진행되는 행사로 미취학 연령(2019년 이후 출생자) 아동은 안전상의 이유로 참여가 불가한 점 양해 부탁드립니다. ○ 취학 연령 아동 및 청소년(2007년 ~ 2018년 출생자)은 반드시 보호자 동반하여야 입장 가능합니다. 6. 행사 문의 ○ 행사안내 : 궁능 활용 프로그램 전화 상담실 (☎ 1522-2295) ○ 예매안내 : 티켓링크 전화 상담실 (☎ 1588-7890) <예매 안내> ○ 본 안내 페이지 정독 후 모든 안내사항에 동의하시는 경우에만 응모 및 예매해주시기 바라며, 모든 예매자는 안내 내용을 숙지 및 동의하신 것으로 간주합니다. 1. 예매금액 : 1매 60,000원 *당첨 시 1인 최대 2매 예매 가능 2. 예매처 : 티켓링크 (www.ticketlink.co.kr) 3. 예매방법 : 우선 예매권 추첨제(온라인) 및 전화 예매 ○ 우선 예매권 추첨제 : 경복궁 별빛야행 예매권 응모에 참여 후 추첨을 통해 당첨된 분들만 예매에 참여하는 방식 - 예매권 추첨 응모 → 추첨 당첨자 발표 → 당첨자 우선 예매 → 잔여석 일반 예매(*선착순) ① 예매권 추첨 응모 - 응모페이지 접속 및 로그인 → 매수 선택(1인 최대 1매) → 결제 진행(0원) → 응모 완료 * 한 ID당 1회 응모 가능하며, 당첨 시 1인 최대 2매 예매 가능합니다. * 응모단계에서는 비용이 발생하지 않습니다. ② 추첨 당첨자 발표 - ‘국가유산진흥원’ 누리집 공지 - 예매처 회원정보에 기입된 휴대폰 번호로 개별 안내 문자 발송 * 예매처 회원정보 내 휴대폰 번호를 사전에 확인·수정하시기 바랍니다. ③ 당첨자 우선 예매 - 예매페이지 접속 및 로그인 → 당첨자 인증(개인정보 입력) → 관람일자 및 회차 선택 → 클린예매 서비스 보안문자 입력 → 좌석, 예매 매수, 음료 선택(1인 최대 2매) → 결제진행 및 예매완료 * 예매권 당첨자는 ‘당첨자 우선 예매’ 기간 내 원하는 회차 및 좌석을 선착순으로 선택 및 예매할 수 있습니다. * 당첨자 우선 예매 기간 내 티켓 결제까지 완료해야 예약이 최종 확정됩니다. * 기한 내 티켓 결제를 완료하지 않은 경우 당첨이 취소되며, 이를 숙지하지 못해 발생하는 문제는 행사 주최·주관사, 예매처가 책임지지 않습니다. * 당첨자 우선 예매 페이지의 URL 무단 공유를 금하며, 부정 예매 적발 시 자동으로 예매가 취소됩니다. * 당첨자 ID와 예매자 ID가 다를 경우 자동으로 예매가 취소됩니다. * 당첨자 우선 예매를 통해 티켓을 구매하신 경우, 잔여석 일반 예매로 추가 구매가 어려운 점 양해 바랍니다. (ID 제한) ④ 잔여석 일반 예매 - 예매페이지 접속 및 로그인 → 관람일자 및 회차 선택 → 클린예매 서비스 보안문자 입력 → 좌석, 예매 매수, 음료 선택(1인 최대 2매) → 결제진행 및 예매완료 * 당첨자 우선 예매 기간 종료 후 발생한 잔여석에 한하여 일반 예매(선착순)로 전환됩니다. 4. 예매 일정 ○ 예매권 추첨 응모 : 2025. 3. 13.(목) 14:00 ~ 3. 19.(수) 14:00 / 7일간 ○ 추첨 당첨자 발표 : 2025. 3. 20.(목) 17:00 이후 ○ 당첨자 우선 예매 : 2025. 3. 21.(금) 14:00 ~ 3. 24.(월) 23:59 / 4일간 ○ 잔여석 일반 예매 : 2025. 3. 26.(수) 14:00 ~ 행사 당일 10:00까지 5. 전화 예매 ○ 예매대상 : 65세 이상(1960년 이전 출생자), 국가유공자, 장애인 ○ 예매처 : 티켓링크 전화 상담실 (☎1588-7890) ○ 예매일시 : 2025. 3. 26.(수) 14:00 ~ * 전화 상담실 운영시간 : 평일 10:00~19:00 (주말·공휴일 미운영) * 현장에서 증빙자료를 확인할 예정이오니 신분증(국가유공자증, 장애인복지카드 등)을 반드시 지참해주시기 바랍니다. * 전화 예매 및 할인 티켓은 예매자 본인 참여가 원칙이며 가족 양도가 불가합니다. 6. 할인 정보 * 할인은 예매 시 적용 가능하며, 일반 권종으로 예매 후 현장에서 할인 적용(차액 환불)이 불가합니다. * 현장 확인 증빙자료 미지참 시 차액 결제, 환불, 행사 참여가 불가한 점 양해 부탁드립니다. <예매 유의사항> [티켓 예매] ○ 본 행사의 티켓은 정식 예매처인 티켓링크를 통한 100% 사전 예약 판매를 원칙으로 하며, 그 외의 경로나 현장 판매는 진행되지 않습니다. ○ 부정 예매 및 암표 거래 방지를 위해 신용카드 결제만 가능합니다. ○ 예매하신 본인 입장이 원칙이며, 타인 양도가 불가합니다. ○ 단, 가족 관계일 경우 예매자 및 양도받으실 가족 본인의 신분증과 가족 관계 증빙자료(주민등록등본 혹은 가족관계증명서) 지참 시에만 예외적으로 양도가 가능합니다. * 법적 정의(민법 제779조)에 따른 ‘가족’만 해당(배우자, 직계혈족, 형제자매) * 단, 전화 예매 및 할인 티켓은 예매자 본인 참여가 원칙이며 가족 양도 불가 ○ 본 행사는 경복궁 계조당 앞에 마련되는 예매확인처에서 본인확인을 진행합니다. 예매자 본인 명의와 일치하는 신분증(원본) 및 예매내역(예매번호)을 반드시 지참하시길 바랍니다. ○ 실물 티켓은 별도로 제공되지 않습니다. ○ 부정한 방법(매크로 사용, 우선 예매 URL 공유 등)으로 예매하거나 불법 암표 매매 목적으로 구매하는 경우 적발 시 해당 티켓은 사전 통보 없이 예매 취소 및 사용을 제한할 수 있습니다. ○ 불법 암표 거래(프리미엄 티켓 판매, 티켓 양도 사기)로 선량한 예매자의 피해가 발생하고 있습니다. 이로 인한 문제 발생 시 행사 주최·주관사, 예매처는 책임지지 않습니다. 반드시 정식 예매처를 통해 예매하시길 바랍니다. ○ 본 행사 진행 중 기록촬영으로 인해 관람객 초상이 노출되거나 촬영될 수 있으니 이 점 양지하시어 티켓을 예매하시길 바랍니다. [취소 및 환불] ○ 예매하신 티켓의 취소와 환불은 예매처의 규정을 준수합니다. ○ 취소 마감 시간(행사 2일 전 17시) 이전 티켓 취소 시 100% 환불되며, 취소 수수료가 발생하지 않습니다. ○ 취소 마감 시간(행사 2일 전 17시) 경과 후 티켓 취소 및 변경이 불가합니다. ○ 취소 마감 시간(행사 2일 전 17시)) ~ 티켓 판매 마감 시간(행사 2일 전 18시)에 구매하신 티켓 또한 취소 및 변경이 불가합니다. <프로그램 안내> 1. 음식 구성 ○ 별빛야행(도슭소찬) - 1단 : 연근해물채, 저염명란젓, 오이송송이, 배추김치 - 2단 : 호두조림, 삼합장과, 더덕구이, 탕평채 - 3단 : 진지, 생선완자전, 애호박전, 너비아니 - 4단 : 석류 표고버섯탕 - 꽃별찬 : 전복초 - 후식 : 꽃인절미, 정과1종, 모약과, 오미자차 ○ 별빛야행(도슭소찬) 채식 - 1단 : 연근채, 장아찌, 오이송송이, 백김치 - 2단 : 호두조림, 탕평채, 삼합장과(버섯 2종, 무), 더덕구이 - 3단 : 진지, 새송이버섯전, 애호박전, 두부구이 - 4단 : 석류 표고버섯탕(채식육수) - 꽃별찬 : 근채(뿌리채소)초 - 후식 : 꽃인절미, 정과1종, 모약과, 오미자차 ※ 메뉴 구성은 상황에 따라 변경될 수 있습니다. ※ 알레르기 유발성 재료에 민감하신 고객께서는 참여 1일전까지 궁능 활용 프로그램 전화 상담실(1522-2295)를 통해 말씀해주시면 해당 메뉴 제외 후 제공해드립니다. ※ 주요 식재료 - 일반식 : 연근, 새우, 오이, 호두, 홍합, 소고기, 버섯, 계란, 잣, 젓갈(명란젓 등), 고춧가루, 참기름 등 - 채식 : 연근, 오이, 호두, 버섯, 고춧가루 등 <접수 안내> 1. 접수 장소 : 경복궁 계조당 앞 <경복궁 별빛야행> 예매확인처 2. 접수 시간 ○ 1회차 18:20 ~ 18:40 ○ 2회차 19:20 ~ 19:40 * 각 회차별 행사 시작 시간 20분 전부터 접수 및 입장이 가능합니다. * 원활한 접수 진행을 위해 최소 10분 전에 도착해주시길 바랍니다. * 접수 시간 이전에 경복궁 입장(일반 관람)을 하시는 경우, 경복궁 매표소에서 별도 입장료를 지불하셔야 합니다. 단, 일반 관람이 끝난 후 경복궁을 퇴장하시어 접수시간 내에 계조당 앞 접수처로 방문하셔야 합니다. <행사 유의사항> [접수 시 유의사항] ○ 본 행사는 예매확인처에서 본인확인을 진행합니다. 예매자 본인 명의와 일치하는 신분증(원본) 및 예매내역(예매번호)을 반드시 지참하시길 바랍니다. ○ 예매자 본인확인이 불가하거나 예매정보와 현장 참여자 정보가 다를 경우 입장이 제한됩니다. ○ 할인 예매 고객께서는 현장 확인 증빙자료를 반드시 지참하시길 바랍니다. ○ 회차별 접수 시간 경과 후 예매확인처에 방문할 경우 행사 참여에 제한이 있을 수 있습니다. [관람 시 유의사항] ○ 본 행사는 음식 체험(좌식 이용) 및 야간 해설 탐방이 약 110분간 진행됩니다. 편한 신발과 겉옷을 준비해 주십시오. ○ 행사 중 플래시 사용, 삼각대 사용, 음식물 반입을 금합니다. ○ 해설 중에는 녹음과 영상 촬영을 금합니다. 무단 촬영 시 제재 및 삭제 조치가 있을 수 있습니다. ○ 거동이 불편하신 고객께서는 추후 연락드리는 운영사무국을 통해 휠체어 탑승 여부를 알려 주시기 바라며, 별도 동선으로 안내드리는 점 양해 부탁드립니다. [우천 시 안내] ○ 본 행사는 행사 당일 오전 11시 기상청 예보를 기준으로 우천에 따른 행사 취소 또는 축소 운영이 결정됩니다. ○ 우천으로 인한 안내사항은 문자로 우선 안내됩니다. 예매 전에 티켓링크 회원정보 상의 연락처를 반드시 확인하시길 바라며, 회원정보 오기재로 인한 불이익은 행사 주최·주관사, 티켓사에서 책임지지 않습니다. ○ 1~4mm 예보시 행사 정상 진행(단, 국가유산 보호를 위하여 일부 구역 관람이 제한될 수 있음) ○ 5mm 이상 예보시 행사 취소(개별 알림 및 전액 환불) <오시는 길> 1. 지하철 ○ 3호선 <경복궁역> 4번 출구 도보 약 15분 ○ 3호선 <안국역> 1번 출구 도보 약 15분 ○ 5호선 <광화문역> 2번 출구 도보 약 17분 2. 버스 ○ 종로 11번 버스 <경복궁(01551) 또는 법련사(01720)> 하차 3. 주차 ○ 경복궁 동편 유료주차장(주차비 본인부담) 이용 가능 ○ 티켓 문의 : 티켓링크 전화 상담실 (☎1588-7890) - 평일 (주말·공휴일 제외) 10:00~19:00 ○ 행사 문의 : 궁능 활용 프로그램 전화상담실 (☎1522-2295) - 성수기 · 운영기간 : 2025. 4. 1. ~ 6. 16./ 2025. 9. 4. ~ 11. 9. * 매주 월 제외 · 운영시간 : 9:30 ~ 20:30(상시운영) - 일반 · 운영기간 : 2성수기 운영기간 외 * 주말, 공휴일 제외 · 운영시간 : 9:30 ~ 18:30(점심시간: 12:00~13:00) * 성수기 운영기간 및 시간은 변동 될 수 있습니다.",https://www.kh.or.kr/jnrepo/upload/jnPrgFestivalProgram/202503/eec5cbd201c748a6b01e2233955e447f_1742216535954.jpg
26,11회,경복궁,575,고궁음악회-100인의 ‘여민동락(與民同樂)’,공연,05.03 ~ 05.05 19:30 ~ 20:30,https://www.kh.or.kr/jnrepo/upload/jnPrgFestivalProgram/202503/f465a909ebab446aae38f670ce30e4d8_1742187992500.jpg,100인,https://www.kh.or.kr/program/view/menu/1292?viewType=ach&idx=575&searchRound=26&searchStTime=&searchEnTime=&searchField=homeAll&searchText=,경복궁,고궁음악회-100인의 ‘여민동락(與民同樂)’,공연,종료,공연,사전예약,2025-05-03~2025-05-05,05.03 ~ 05.05 19:30 ~ 20:30,경복궁 근정전,,,"고궁음악회 100 인의 여민동락 與民同樂 경복궁 근정전에서 국악 명인 100 인이 선보이는 웅장한 조선 왕실의 음악 ‘100 인의 여민동락 與民同樂 ’ 예매하러 가기 <<클릭 ‘ 여민동락 ’ 이란 ‘ 임금이 백성과 함께 더불어 즐긴다 ’ 라는 뜻으로 , 음악으로 세상을 화평하게 만들고자 했던 조선시대 궁중음악이 지향한 이상을 담고 있다 . ‘100 인의 여민동락 與民同樂 ’ 은 공연의 시작을 알리는 ‘ 대취타 ’ 부터 , 조선시대 대표 궁중음악인 ‘ 여민락 ’, 궁중무용 ‘ 춘앵전 ’, 줄풍류 ‘ 천년만세 ’, 종묘제례악 ‘ 전폐희문 ’, 정대업 중 ‘ 소무 ’, ‘ 영관 ’ 까지 조선 왕실 음악의 정수를 만나볼 수 있는 공연으로 구성하였다 . [ 출연진 ] 예술감독 성기숙 집사 곽태규 무용 박은영 장고 류경화 거문고 유영주 피리 진윤경 집박 김형섭 한국예술종합학교 전통예술원 가야금 김별이 김은서 권은선 박서영 박지영 서채원 오윤지 유서현 윤혜원 이선영 이시은 장지민 최민주 홍채련 거문고 김근영 김수민 김주안 배효은 신수아 오지연 이서준 이소윤 이재문 이태강 정서원 정홍주 황진호 대 금 김륜회 김이현 김준희 류원석 문정휘 박성빈 박준하 백순재 백승화 안병은 이건준 이유찬 이창준 정순혁 정지원 정지현 정현태 허가은 황우주 피 리 김가연 김보선 문인건 박진호 박창현 박채진 신승윤 신해인 엄찬주 오대주 오준서 이동준 이정윤 이태우 임성준 최시우 최현우 황돈규 해 금 고은비 김시연 맹은진 박시우 박지원 박해인 송지원 신 비 위예성 이수인 이유찬 이호연 전태희 정여원 천서영 아 쟁 이다윤 이예서 타 악 김도훈 김범준 김승우 박재현 배민호 서우석 서현준 이동윤 악 장 김민지 안형준 춘앵전 박지현 변서연 윤다은 이경진 일 무 김담휘 변서연 원정민 유혜리 프로그램 대취타 ( 大吹打 ) 대취타는 조선시대 궁중 연례 ( 宴禮 , 잔치 ) 에서 연주되었던 군악의 일종으로 , 왕의 행차나 군대의 행진 시에 연주되었다 . ' 명금일하대취타 ( 鳴金一下大吹打 )' 라는 구호와 함께 연주가 시작되며 , 태평소 , 나발 , 나각 , 용고 , 자바라 등의 구성으로 관악기와 타악기의 웅장하고 위엄 있는 조화가 인상적이다 . 여민락 ( 與民樂 ) 집박 : 김형섭 여민락은 ' 임금이 백성과 함께 즐긴다 ' 라는 뜻을 담은 조선시대 대표 궁중음악으로 , 궁중 행사에서 왕의 권위를 상징하는 곡으로 사용되었다 . 가야금 , 거문고 , 해금 , 피리 , 대금 , 타악기가 조화를 이루며 , 웅장하면서도 우아한 분위기를 자아낸다 . 춘앵전 ( 春鶯囀 ) 무용 : 박은영 춘앵전은 ‘ 봄날 버드나무 가지 위에서 노래하는 꾀꼬리 ’ 를 형상화한 춤으로 , 무용수는 화문석 ( 花紋席 , 꽃돗자리 ) 위에서 섬세하고 아름다운 춤사위를 펼치며 은은한 정취를 자아낸다 . 시적이고 느릿한 움직임 속에서 고고한 아름다움을 느낄 수 있다 . 천년만세 ( 千年萬歲 ) 거문고 : 유영주 세피리 : 진윤경 장고: 류경화 ‘ 천년만세 ’ 는 ' 수명이 천년만년 이어지기를 기원하는 의미 ' 를 담은 풍류음악이다 . 실내악 편성으로 연주하는 합주곡의 형태로 , 악곡의 길이가 짧다 . 경쾌한 세 개의 곡을 이어서 연주하는데 , < 계면가락도드리 〉 , 〈 양청도드리 〉 , 〈 우조가락도드리 〉 로 구성되어 있으며 각자 다른 빠르기로 색다른 흥취를 전해준다 . 종묘제례악 ( 宗廟祭禮樂 ) 중 전폐희문 · 소무 · 영관 집박 : 김형섭 집사: 곽태규 종묘제례악은 조선과 대한제국의 왕과 왕비 , 황제와 황후의 신주를 모신 종묘에서 거행되는 제례에서 사용하는 악 ( 樂 ) ‧ 가 ( 歌 ) ‧ 무 ( 舞 ) 를 말한다 . 이 중 ‘ 전폐희문 ( 奠幣禧門 )’ 은 신에게 예물을 바치는 의식에서 연주되는 곡으로 , 왕의 문덕 ( 文德 ) 을 찬양하는 일무 ( 佾舞 ) 와 함께 장엄하게 펼쳐진다 . 다음으로 왕의 무공 ( 武功 ) 을 찬양하는 정대업 ( 定大業 ) 중 ‘ 소무 ( 昭武 )’ 와 ‘ 영관 ( 永觀 )’ 이 연주되어 단조롭지만 웅장한 곡조를 통해 군주의 위엄과 조상의 권위를 드러낸다 .",https://www.kh.or.kr/jnrepo/upload/jnPrgFestivalProgram/202503/f465a909ebab446aae38f670ce30e4d8_1742187992500.jpg
26,11회,경복궁,574,궁중놀이방-경복궁,체험,,https://www.kh.or.kr/jnrepo/upload/jnPrgFestivalProgram/202503/cec39b9b33954be09ea784cbd3812aa7_1742187812203.jpg,궁중놀이방,https://www.kh.or.kr/program/view/menu/1292?viewType=ach&idx=574&searchRound=26&searchStTime=&searchEnTime=&searchField=homeAll&searchText=,경복궁,궁중놀이방-경복궁,체험,종료,체험,현장참여,2025-04-26~2025-05-04,,경복궁 집경당,,,"기와지붕 사이로 햇살이 살랑이고, 고궁 마당에는 조선의 바람이 머물러 있죠. 그 속에서 귀엽고 익살스러운 궁이둥이가 여러분을 기다리고 있어요! 궁중문화축전을 대표하는 마스코트 ‘궁이둥이’가 준비한 궁중놀이방 “궁궐에서 신나게 놀 준비 됐나요? 조선시대 속 아이들은 어떻게 놀았을까요?” 궁이둥이와 함께 전통 놀이를 즐기고 역사와 함께 재미까지 한가득 담아갈 수 있는 공간 궁중놀이방으로 관람객 여러분을 초대합니다. [프로그램 개요] - 운영 기간: 2025. 4. 26.(토)-5. 4.(일) - 운영 시간: 10:00 ~ 17:00(*12:00~13:00 점심시간 미운영) - 장소: 경복궁 집경당, 덕수궁 함녕전 - 참여 인원: 제한없음 [프로그램 안내] ** 궁이둥이를 이겨라! 공기놀이, 제기차기, 딱지치기 등 쉽고 간편한 궁중 놀이 대결! 과연, 궁이둥이를 이길 수 있을까요? 도전하세요! **궁퀴즈 궁궐, 역사, 전래동화 등 다양한 문제를 맞혀보는 재미있는 퀴즈 대결! 궁중문화와 친해질 수 있는 최고의 기회! ** 궁생샷 궁중문화축전을 오래도록 기억할 수 있도록, 궁 곳곳에서 특별한 기념사진을 찍어드립니다! 멋진 고궁 배경과 함께 소중한 순간을 남겨보세요. 궁중놀이방에서 재미도 배우고, 추억도 남기는 특별한 시간을 경험해보세요! [행사 유의사항] 프로그램 참여관련 유의사항 궁중놀이방은 누구나 참여할 수 있으며, 관람객 참여 확대를 위해 참여 횟수는 1인 1회로 한정합 니다. 준비된 재료가 소진될 경우 조기 마감될 수 있습니다. 궁궐 내 모든 공간은 금연 구역입니다. 국가유산 보호구역으로 음식물, 인화물질, 놀이기구의 반입이 제한됩니다. 행사 당일 언론 및 방송 취재가 있을 수 있으며, 사전에 개별 고지 없이 촬영될 수 있음을 양해바랍니다. 행사 시 촬영한 사진 및 영상은 궁중문화축전의 공식 홍보 및 연구, 발간 자료 등에 활용될 수 있습 니다. 오시는 길 ① 경복궁 서울시 종로구 사직로 161 -지하철- 3호선 <경복궁역> 5번 출구 3호선 <안국역> 1번 출구 5호선 <광화문역> 2번 출구 -버스- <경복궁> 하차 간선 109, 171, 272, 601, 606, 710 지선 1020, 7025 ② 덕수궁 서울시 중구 세종대로 99 -지하철- 1·2호선 <시청역> 2번 출구 5호선 <광화문역> 2번·6번 출구 -버스- <시청앞·덕수궁> 하차 간선 103, 150, 401, 402, 406 지선 1711, 7016, 7022 일반 790, 799 <서울신문사> 하차 간선 101, 150, 402, 501, 506, 708 지선 1711, 7016",https://www.kh.or.kr/jnrepo/upload/jnPrgFestivalProgram/202503/cec39b9b33954be09ea784cbd3812aa7_1742187812203.jpg
26,11회,경복궁,573,궁중문화축전 길놀이-경복궁,공연,토 14:30(50분) / 16:00(50분),https://www.kh.or.kr/jnrepo/upload/jnPrgFestivalProgram/202503/91842109d7b2402dbd1167ae130e22ac_1742187607186.jpg,길놀이,https://www.kh.or.kr/program/view/menu/1292?viewType=ach&idx=573&searchRound=26&searchStTime=&searchEnTime=&searchField=homeAll&searchText=,경복궁,궁중문화축전 길놀이-경복궁,공연,종료,공연,현장참여,2025-05-03~2025-05-03,토 14:30(50분) / 16:00(50분),국립고궁박물관~흥례문 광장,,,"신명나는 궁중문화축전 길놀이를 즐겨보세요! - 일시: 5 월 3일(토) 1회차-14:30, 2회차-16:00(각 회당 50분) - 장소: 경복궁 일대 - 동선: 국립고궁박물관 앞 마당→용성문 →흥례문 광장 →협생문",https://www.kh.or.kr/jnrepo/upload/jnPrgFestivalProgram/202503/91842109d7b2402dbd1167ae130e22ac_1742187607186.jpg
26,11회,경복궁,572,봄날의 경회루,체험,"일,월,화,수,목,금,토 11:00(90분) / 15:00(90분)",https://www.kh.or.kr/jnrepo/upload/jnPrgFestivalProgram/202503/552a0c8fabfa421faba64794a16b9048_1742187470235.jpg,경회루,https://www.kh.or.kr/program/view/menu/1292?viewType=ach&idx=572&searchRound=26&searchStTime=&searchEnTime=&searchField=homeAll&searchText=,경복궁,봄날의 경회루,체험,종료,체험,현장참여,2025-04-26~2025-05-04,"일,월,화,수,목,금,토 11:00(90분) / 15:00(90분)",경복궁 경회루,,,"우리가 되찾은 빛, 광복 80주년 기념 ‘봄날의 경회루’ 2025년은 대한민국이 광복 80주년을 맞이하는 뜻깊은 해입니다. 순국선열의 숭고한 독립운동 정신을 함께 기억하고 계승하기 위해 기획한 ‘봄날의 경회루’는 독립ᆞ국가유공자를 초청하여 진행하는 체험 프로그램입니다. 귀빈을 모시듯 경회루 누각에서 전통복식, 전통다과, 전통예술공연 등을 즐기는 호젓한 시간을 선사합니다. 봄날의 경회루에서 호국ᆞ보훈의 가치를 다시 한번 되새기는 소중한 시간을 가져보세요. [프로그램 안내] - 운영 기간: 2025. 4. 26.(토) ~ 5. 4.(일)/1일 2회(총 9일 18회) - 운영 시간: 1회차 11:00 ~ 12:30 2 회차 15:00 ~ 16:30 * 회당 90분 내외 소요 - 장소: 경복궁 경회루 - 참여 인원: 회차당 30명 / 1일 60명 - 내용: 광복 80주년 기념 독립ᆞ국가유공자 초청 체험 프로그램 - 참여 대상: 사전초청제(국가보훈대상자) - 프로그램 문의 행사안내 │ 궁능 활용 프로그램 전화 상담실 (☎ 1522-2295) 구분 주요내용 사전 접수 영추문 앞 집결 및 초청 명단 확인 의전 경회루까지 의전 ( 수문군 취타 ) 진행 인사말 환영 및 공로에 대한 감사 인사말 의상 체험 전통의상 환복 ( 도포 및 갓 체험 ) 공연관람 및 다과체험 전통공연 관람 및 다과 체험 자유 관람 자유시간 ( 사진 촬영 등 ) * 세부 내용은 현장 운영상황에 따라 변동될 수 있습니다 . [접수 안내] - 접수 장소: 경복궁 영추문 <봄날의 경회루> 접수처 - 접수 시간: 1회차 10:40 ~ 11:00 2 회차 1 4 : 40 ~ 15:00 * 각 회차별 행사 시작 시간 20분 전부터 접수 및 경복궁(영추문) 입장이 가능합니다. * 원활한 접수 진행을 위해 최소 10분 전에 도착해주시길 바랍니다. * 접수 시간 이전에 경복궁 입장(일반 관람)하고자 하시는 경우, 경복궁 매표소에서 별도 입장료를 지불하셔야 합니다. 단, 일반 관람이 끝난 후 경복궁을 퇴장하시어 접수시간 내에 <봄날의 경회루> 접수처에 다시 방문하셔야 합니다. [프로그램 관련 유의사항] 접수 시 유의사항 본 행사는 접수처에서 본인확인을 진행합니다. 예매자 본인 명의와 일치하는 신분증(원본) 및 국 가유공자증을 반드시 지참하시길 바랍니다. 본인확인이 불가하거나 사전초청 정보와 현장 참여자 정보가 다를 경우 입장이 제한됩니다. 회차별 접수 시간 경과 후 접수처에 방문할 경우 행사 참여에 제한이 있을 수 있습니다. 참여관련 유의사항 <봄날의 경회루>는 경회루 2층 누각에서 진행되는 행사로 휠체어 이용자는 안전상의 이유로 참여 가 불 가한 점 양해 부탁드립니다. 미취학 연령부터 청소년(2007~2025년 출생자)은 반드시 보호자 동반하여야 입장 가능합니다. 복식(의상)체험은 만 14세 이상부터 가능한 프로그램으로 아동용 복식(의상)은 준비되어 있지 않습니다. 복식은 성별과 무관한 도포 및 갓 체험으로 제공합니다. 궁궐 내 모든 공간은 금연 구역입니다. 문화유산 보호구역으로 음식물, 인화물질, 놀이기구의 반입이 제한됩니다. 행사 중 플래시 사용, 삼각대 사용, 음식물 반입을 금합니다. 행사 당일 언론 및 방송 취재가 있을 수 있으며, 사전에 개별 고지 없이 촬영될 수 있음을 양해 바랍니다. 행사 시 촬영한 사진 및 영상은 궁중문화축전의 공식 홍보 및 연구, 발간 자료 등에 활용될 수 있습 니다. 우천 시 안내 야외행사의 특성상 행사 당일 기상청 일기예보 기준 5mm 이상 우천 예보 시 행사가 취소될 수 있 습니다. 우천으로 인한 변동 및 안내사항은 문자로 우선 안내됩니다. 참여자의 연락처를 반드시 확인하시 길 바라며, 참여자 정보 오기재로 인한 불이익은 행사 주최·주관사에서 책임지지 않습니다. 오시는 길 서울 종로구 사직로 161 경복궁 경복궁 영추문 (봄날의 경회루 접수처) -버스- 109, 171, 272, 601, 606, 1020, 7025번 버스(경복궁 남측) 1020, 1711, 7016, 7018, 7022, 7212, 6011, 9703번 버스(경복궁 서측) -지하철- <경복궁역> 5번 출구(접수처까지 도보 약 10분) -주차- 경복궁 동편 주차장(유료) / (접수처까지 도보 약 20분 * 주차공간이 협소하므로 대중교통 이용을 권고드립니다. [행사 문의] - 궁능 활용 프로그램 전화상담실 ☎1522-2295 * 성수기: 2025. 4. 1.~ 6. 16., 2025. 9. 4.~11. 9. (매주 월 휴무) 09:30~20:30 (상시운영) * 일반: 성수기 운영기간 외 ( 주 말 , 공휴일 휴무) 09:30~18:00 ( 점심시간 12:00~13:00) * 성수기 운영기간 및 시간은 변동 될 수 있습니다.",https://www.kh.or.kr/jnrepo/upload/jnPrgFestivalProgram/202503/552a0c8fabfa421faba64794a16b9048_1742187470235.jpg
26,11회,경복궁,571,어린이 궁중문화축전-궁중직업실록,체험,05.02 ~ 05.04 10:00 ~ 17:30,https://www.kh.or.kr/jnrepo/upload/jnPrgFestivalProgram/202503/80c1384af9484869bca8afc5309937ed_1742187079860.jpg,어린이,https://www.kh.or.kr/program/view/menu/1292?viewType=ach&idx=571&searchRound=26&searchStTime=&searchEnTime=&searchField=homeAll&searchText=,경복궁,어린이 궁중문화축전-궁중직업실록,체험,종료,체험,현장참여,2025-05-02~2025-05-04,05.02 ~ 05.04 10:00 ~ 17:30,경복궁 동궁 권역,,,"경복궁 동궁 권역에서 진행하는 어린이 궁중문화축전 올해 어린이 궁중문화축전은 예약없이 즐길 수 있습니다 . 일시 : 5 월 2 일 -5 월 4 일 , 10:00~17:30 장소 : 경복궁 동궁 권역 운영방법 : 무료 / 현장참여제 [ 직업 체험 프로그램 ] 숙수 체험 의관 체험 침선장 체험 사관 체험 화원 체험 갑사 체험 취타대 체험 [ 궁중직업실록 어린이 놀이터 ] 빅북 동화구연 전통 연희공연 한글 블록 체험",https://www.kh.or.kr/jnrepo/upload/jnPrgFestivalProgram/202503/80c1384af9484869bca8afc5309937ed_1742187079860.jpg
26,11회,경복궁,570,K-Heritage마켓,체험,"일,월,화,수,목,금,토 10:00 ~ 17:00",https://www.kh.or.kr/jnrepo/upload/jnPrgFestivalProgram/202503/67d4d2816fa342dc9f608fc8fe456598_1742186948715.jpg,마켓,https://www.kh.or.kr/program/view/menu/1292?viewType=ach&idx=570&searchRound=26&searchStTime=&searchEnTime=&searchField=homeAll&searchText=,경복궁,K-Heritage마켓,체험,종료,체험,현장참여,2025-04-26~2025-05-04,"일,월,화,수,목,금,토 10:00 ~ 17:00",경복궁 흥례문 광장,,,"경복궁 흥례문광장에서 만나보는 전통 마켓 2025 봄 궁중문화축전 K-Heritage 마켓으로 여러분을 초대합니다. 국가유산을 소재로 한 K-Heritage 상품과 전통 먹거리, K-컬처를 소개하는 홍보존까지 볼거리가 가득한 K-Heritage마켓! 올봄 경복궁 흥례문광장에서 열리는 K-Heritage마켓에서 여러분의 오감을 가득 채워보세요. 전통 공예품의 고귀한 감각과 전통 먹거리의 매력을 느낄 수 있습니다. K-Heritage마켓에서 전통의 가치와 감성을 직접 느껴보시기 바랍니다. [프로그램 안내] - 운영 기간: 2025. 4. 26.(토) ~ 5. 4.(일) - 운영 시간: 10:00 ~ 17:00 *상설운영 - 장소: 경복궁 흥례문광장 - 관람 연령: 제한없음 - 행사 문의: 행사안내 │ 궁능 활용 프로그램 전화 상담실 (☎ 1522-2295) [프로그램 구성] 국가유산을 소재로 한 다양한 K-Heritage 상품 및 먹거리 판매, K-홍보존 운영 ○ 부스 안내 . 문화상품: 전승자, 소상공인, KHmall 등으로 구성된 전통 문화상품 판매존 . 먹거리: 전통 한식을 기반으로 한 간편식(다과류 등) 먹거리 판매 . 홍보부스: 국가유산 관련 진흥원 운영 사업 및 유관기관, 협업사 홍보 [프로그램 문의] - 궁능 활용 프로그램 전화상담실 ☎1522-2295 * 성수기: 2025. 4. 1.~ 6. 16., 2025. 9. 4.~11. 9. (매주 월 휴무) 09:30~20:30 (상시운영) * 일반: 성수기 운영기간 외 ( 주 말 , 공휴일 휴무) 09:30~18:00 ( 점심시간 12:00~13:00) * 성수기 운영기간 및 시간은 변동 될 수 있습니다.",https://www.kh.or.kr/jnrepo/upload/jnPrgFestivalProgram/202503/67d4d2816fa342dc9f608fc8fe456598_1742186948715.jpg
26,11회,경복궁,569,"시간여행, 세종-한밤의 시간여행",복합,"일,월,화,수,토 19:00 ~ 21:00",https://www.kh.or.kr/jnrepo/upload/jnPrgFestivalProgram/202503/1325f216bfc34876808ade41b38dfa7a_1742184999844.jpg,한밤,https://www.kh.or.kr/program/view/menu/1292?viewType=ach&idx=569&searchRound=26&searchStTime=&searchEnTime=&searchField=homeAll&searchText=,경복궁,"시간여행, 세종-한밤의 시간여행",복합,종료,복합,사전예약,2025-04-26~2025-04-30,"일,월,화,수,토 19:00 ~ 21:00",경복궁 북측권역,,,"2025 봄 궁중문화축전 <시간여행, 세종-한밤의 시간여행> 궁중문화축전 기간에만 특별하게 선보이는 경복궁 북측 권역 자유관람 2025년 봄밤, 고요했던 경복궁의 북문인 신무문이 열립니다. 경복궁의 후원 향원지와 집옥재, 건청궁 사이를 별처럼 수놓은 경관조명 사이로 한밤의 시간여행을 떠나보세요. 별빛 조명 사이로 자유롭게 경복궁을 거닐다 보면, 공연과 체험 등이 펼쳐지며 경복궁 곳곳에 숨어있는 세종의 꿈을 만나볼 수 있습니다. [행사 안내] - 행사 일자: 2025. 4. 26.(토)~4. 30.(수) - 행사 시간: 19:30~21:30(120분) - 행사 장소: 경복궁 북측 권역(향원지, 집옥재, 건청궁 일원) - 참여 인원: 일 600명(내국인 기준) * 외국인(200명) 별도 운영 - 관람 연령: 7세 이상(2018년 이전 출생자) * 미취학연령(2019년 이후 출생자) 아동은 안전상의 이유로 참여가 불가합니다. * 취학 연령 아동 및 청소년(2007년~2018년 출생자)은 반드시 보호자 동반하여야 입장이 가능합니다. - 행사 문의 행사안내 │ 궁능 활용 프로그램 전화 상담실(☎ 1522-2295) 예매안내 │ 티켓링크 전화 상담실(☎ 1588-7890) [예매 안내] 본 안내 페이지 정독 후 모든 안내사항에 동의하시는 경우에만 응모 및 예매해주시기 바라며, 모든 예매자는 안내 내용을 숙지 및 동의하신 것으로 간주합니다. - 예매금액: 1매 10,000원(1인 최대 4매 예매 가능) - 예매처: 티켓링크( 예매하러 가기 <<클릭 ) - 예매방법: 선착순 예매 - 예매일정: 2025. 4. 8.(화) 14:00 - 할인 정보 구분 할인 대상 현장 확인 증빙자료 할인율 장애의 정도가 심한 장애인 ( 구 1~3 급 ) 본인 + 동반 1 인 장애인복지카드 50% 장애의 정도가 심하지 않은 장애인 ( 구 4~6 급 ) 본인만 국가유공자 본인만 국가유공자증 * 할인은 예매 시 적용 가능하며 , 일반 권종으로 예매 후 현장에서 할인 적용 ( 차액 환불 ) 이 불가합니다 . * 현장 확인 증빙자료 미지참 시 차액 결제 , 환불 , 행사 참여가 불가한 점 양해 부탁드립니다 . 예매 유의사항 [티켓 예매] 본 행사의 내국인 대상 티켓은 정식 예매처인 티켓링크를 통한 100% 사전 예약 판매를 원 칙으로 하며, 그 외의 경로를 통한 판매는 진행되지 않습니다. 부정 예매 및 암표 거래 방지를 위해 신용카드 결제만 가능합니다. 예매하신 본인 입장이 원칙이며, 타인 양도가 불가합니다. 단, 가족 관계일 경우 예매자 및 양도받으실 가족 본인의 신분증과 가족 관계 증빙자료(주민등록등본 혹은 가족관계증명서) 지참 시에만 예외적으로 양도가 가능합니다. * 법적 정의(민법 제779조)에 따른 ‘가족’만 해당(배우자, 직계혈족, 형제자매) * 단, 전화 예매 및 할인 티켓은 예매자 본인 참여가 원칙이며 가족 양도 불가 본 행사는 신무문 앞에 마련되는 예매확인처에서 본인확인을 진행합니다. 예매자 본인 명 의와 일치하는 신분증(원본) 및 예매내역(예매번호)을 반드시 지참하시길 바랍니다. 실물 티켓은 별도로 제공되지 않습니다. 부정한 방법(매크로 사용, 우선 예매 URL 공유 등)으로 예매하거나 불법 암표 매매 목적으로 구매하는 경우 적발 시 해당 티켓은 사전 통보 없이 예매 취소 및 사용을 제한할 수 있습니다. 불법 암표 거래(프리미엄 티켓 판매, 티켓 양도 사기)로 선량한 예매자의 피해가 발생하고 있습니다. 이로 인한 문제 발생 시 행사 주최·주관사, 예매처는 책임지지 않습니다. 반드시 정식 예매처를 통해 예매하시길 바랍니다. 본 행사 진행 중 기록촬영으로 인해 관람객 초상이 노출되거나 촬영될 수 있으니 이 점 양 지하시어 티켓을 예매하시길 바랍니다. [취소 및 환불] 예매하신 티켓의 취소와 환불은 예매처의 규정을 준수합니다. 취 소 마감 시 간(행사 전일 17시) 경과 후 티켓 취소 및 변경이 불가합니다. [프로그램 안내] 자유관람 세종, 백성을 살피다 '뿌리깊은 나무'를 주제로 한 빛의 나무 조형물 전시 세종, 문자를 창제하다 '훈민정음'을 주제로 한 궁중문화축전 자음 조형물(LED) 세종, 별을 품다 '천상열차분야지도'를 주제로 에어돔 세종, 하늘에 묻다 '칠정산 내편' 을 주제로 한 레이저터널 세종, 조선을 비추다 포토존용 반딧불 조명 설치 공연 및 체험 세종, 태평성대를 부르다 세종의 업적과 태평성대를 기리는 기악 및 독무 공연 세종, 활자를 새기다 훈민정음 언해본을 목판으로 인출하는 체험 * 궁중문화축전 대표 프로그램 <시간여행, 세종> 행사기간(4. 26.(토)~4. 30.(수))에 경복궁을 방문하시면 세종시대 궁중일상을 재현한 공연과 상설체험을 즐기실 수 있습니다. [접수 안내] - 접수 장소: 경복궁 신무문 앞 <시간여행, 세종-한밤의 시간여행> 예매확인처 - 접수 시간: 행사 당일 18:30~20:30(행사 시작 이후에도 지연입장 가능) * 행사 당일 19:20부터 입장을 진행합니다. - 접수 방법: 티켓링크 모바일 티켓 확인(경복궁 입장권 구입 불필요) * 각 회차별 행사 시작 시간 60분 전부터 접수가 가능합니다. * 원활한 접수 진행을 위해 최소 30분 전에 도착해주시길 바랍니다. * 본 행사는 자유 관람으로 , 행사 시작 이후에 도착하셔도 접수 시간 내 지연입장이 가능합니다 . * 접수 시간 이전에 경복궁 입장(일반 관람)하고자 하시는 경우, 경복궁 매표소에서 별도 입장료를 지불하셔야 합니다. 단, 일반 관람이 끝난 후 경복궁을 퇴장하시어 접수시간 내에 신무문 접수처에 다시 방문하셔야 합니다. [행사 유의사항] 접수 시 유의사항 본 행사는 예매확인처에서 본인확인을 진행합니다. 예매자 본인 명의와 일치하는 신분증(원본) 및 예 매 내 역 ( 예 매 번호)을 반드시 지참하시길 바랍니다. 예매자 본인확인이 불가하거나 예매정보와 현장 참여자 정보가 다를 경우 입장이 제한됩니다. 할인 예매 고객께서는 현장 확인 증빙자료를 반드시 지참하시길 바랍니다. 접수 시간 경과 후 예매확인처에 방문할 경우 행사 참여에 제한이 있을 수 있습니다. 모바일 티켓은 예매 당일 카카오톡 또는 문자로 자동 발송되며, 티켓링크 모바일 티켓을 수령하지 못하셨을 경우 티켓링크 마이페이지에서 예매내역 확인 후 입장 가능합니다. 관람객의 안전을 위하여 티켓 확인 후 진행요원의 안내에 따라 신무문 앞에서 대기 후 진행요원의 안내에 따라 순차적으로 입장을 진행합니다. 관람 시 유의사항 7세 이상(2018년 이전 출생자) 참여 가능한 프로그램으로, 미취학연령(2019년 이후 출생자) 아동 은 안전상의 이유로 참여가 불가합니다. 취학 연령 아동 및 청소년(2007년~2018년 출생자)은 반드시 보호자 동반하여야 입장이 가능합니다. 행사 당일 별도의 경복궁 야간개장은 진행하지 않습니다. 집옥재 및 향원정 내부관람은 불가하며, 건청궁의 경우 프로그램이 진행되는 일부 구간만 관람이 가능합니다. 행사 중 플래시 사용, 삼각대 사용, 음식물 반입을 금합니다. 행사 당일 언론 및 방송 취재가 있을 수 있으며, 사전에 개별 고지 없이 촬영될 수 있음을 양해 바랍니다. 행사 시 촬영한 사진 및 영상은 궁중문화축전의 공식 홍보 및 연구, 발간 자료 등에 활용될 수 있습 니다. 우천 시 안내 행사 당일 오후 13시 기상청 예보를 기준으로, 행사 시간 내 우천이 예보된 경우, 안전사고 예방 및 관람객 편의를 위하여 행사가 취소될 수 있습니다. 우천으로 인한 변동 및 안내사항은 문자로 우선 안내됩니다. 예매 전에 티켓링크 회원정보 상의 연락처를 반드시 확인하시길 바라며, 회원정보 오기재로 인한 불이익은 행사 주최·주관사, 티켓사에 서 책임지지 않습니다. 오시는 길 경복궁 신무문 앞 (청와대 맞은편) 서울시 종로구 사직로 161 -지하철- 지하철 3호선 <경복궁역> 4번 출구(도보 15분 이동) 지하철 3호선 <안국역> 1번 출구(도보 20분 이동) -버스- 효자동 정류장 하차 지선 1711, 1020, 7018, 7016, 7022, 7212 청와대 정류장 하차 순환 01A -자가용- 경복궁 동편 주차장(유료) * 주차공간이 협소하므로 대중교통 이용을 권고드립니다. [티켓 문의] - 티켓링크 전화 상담실 ☎1588-7890 * 운영기간 평일 (주말·공휴일 제외) * 운영 시간 10:00~19:00 [행사 문의] - 궁능 활용 프로그램 전화상담실 ☎1522-2295 * 성수기: 2025. 4. 1.~ 6. 16., 2025. 9. 4.~11. 9. (매주 월 휴무) 09:30~20:30 (상시운영) * 일반: 성수기 운영기간 외 ( 주 말 , 공휴일 휴무) 09:30~18:00 ( 점심시간 12:00~13:00) * 성수기 운영기간 및 시간은 변동 될 수 있습니다.",https://www.kh.or.kr/jnrepo/upload/jnPrgFestivalProgram/202503/1325f216bfc34876808ade41b38dfa7a_1742184999844.jpg
26,11회,경복궁,568,"시간여행, 세종-궁중새내기",복합,"일,월,화,수,목,금,토 10:00 / 14:00",https://www.kh.or.kr/jnrepo/upload/jnPrgFestivalProgram/202503/02742747137f42d0a2dd9ac0edf37d20_1742184693459.jpg,새내기,https://www.kh.or.kr/program/view/menu/1292?viewType=ach&idx=568&searchRound=26&searchStTime=&searchEnTime=&searchField=homeAll&searchText=,경복궁,"시간여행, 세종-궁중새내기",복합,종료,복합,사전예약,2025-04-26~2025-04-30,"일,월,화,수,목,금,토 10:00 / 14:00",경복궁 일원,,,"2025 봄 궁중문화축전 <시간여행, 세종-궁중새내기> 눈 떠보니 내가 조선시대 궁중새내기? ‘궁중새내기’는 궁궐 수습생이 되어 전통복식을 입고 조선시대 궁중문화를 즐기는 관객 몰입형 체험 프로 그 램입니다. 세종대의 궁중연회를 준비하는 궁중새내기가 되어 경복궁으로 시간여행을 떠나보세요! [행사 안내] - 행사 일자: 2025. 4. 26.(토)~4. 30.(수) - 행사 시간: (1회차) 10:00~12:30(150분), ( 2 회 차 ) 1 4 : 0 0~16:30(150분) - 행사 장소: 경복궁 일대(시간여행 권역) - 참여 인원: 회당 160명(체험당 40명×4개 체험) - 관람 연령: 14세 이상(2011년 이전 출생자) - 행사 문의 행사안내 │ 궁능 활용 프로그램 전화 상담실(☎ 1522-2295) 예매안내 │ 티켓링크 전화 상담실(☎ 1588-7890) [예매 안내] 본 안내 페이지 정독 후 모든 안내사항에 동의하시는 경우에만 응모 및 예매해주시기 바라며, 모든 예매자는 안내 내용을 숙지 및 동의하신 것으로 간주합니다. - 예매금액: 1매 10,000원(1인 최대 4매 예매 가능) - 예매처: 티켓링크( 예매하러 가 기 <<클릭 ) - 예매방법: 선착순 예매 - 예매일정: 2025. 4. 8.(화) 14:00 - 할인 정보 구분 할인 대상 현장 확인 증빙자료 할인율 장애의 정도가 심한 장애인 ( 구 1~3 급 ) 본인 + 동반 1 인 장애인복지카드 50% 장애의 정도가 심하지 않은 장애인 ( 구 4~6 급 ) 본인만 국가유공자 본인만 국가유공자증 * 할인은 예매 시 적용 가능하며 , 일반 권종으로 예매 후 현장에서 할인 적용 ( 차액 환불 ) 이 불가합니다 . * 현장 확인 증빙자료 미지참 시 차액 결제 , 환불 , 행사 참여가 불가한 점 양해 부탁드립니다 . 예매 유의사항 [티켓 예매] 본 행사의 티켓은 정식 예매처인 티켓링크를 통한 100% 사전 예약 판매를 원칙으로 하며, 그 외의 경로나 현장 판매는 진행되지 않습니다. 부정 예매 및 암표 거래 방지를 위해 신용카드 결제만 가능합니다. 예매하신 본인 입장이 원칙이며, 타인 양도가 불가합니다. 단, 가족 관계일 경우 예매자 및 양도받으실 가족 본인의 신분증과 가족 관계 증빙자료(주민등록등본 혹은 가족관계증명서) 지참 시에만 예외적으로 양도가 가능합니다. * 법적 정의(민법 제779조)에 따른 ‘가족’만 해당(배우자, 직계혈족, 형제자매) * 단, 전화 예매 및 할인 티켓은 예매자 본인 참여가 원칙이며 가족 양도 불가 본 행사는 용성문 앞에 마련되는 예매확인처에서 본인확인을 진행합니다. 예매자 본인 명의와 일치하는 신분증(원본) 및 예매내역(예매번호)을 반드시 지참하시길 바랍니다. 실물 티켓은 별도로 제공되지 않습니다. 부정한 방법(매크로 사용, 우선 예매 URL 공유 등)으로 예매하거나 불법 암표 매매 목적으로 구매하는 경우 적발 시 해당 티켓은 사전 통보 없이 예매 취소 및 사용을 제한할 수 있습니다. 불법 암표 거래(프리미엄 티켓 판매, 티켓 양도 사기)로 선량한 예매자의 피해가 발생하고 있습니다. 이로 인한 문제 발생 시 행사 주최·주관사, 예매처는 책임지지 않습니다. 반드시 정식 예매처를 통해 예매하시길 바랍니다. 본 행사 진행 중 기록촬영으로 인해 관람객 초상이 노출되거나 촬영될 수 있으니 이 점 양지하시어 티켓을 예매하시길 바랍니다. [취소 및 환불] 예매하신 티켓의 취소와 환불은 예매처의 규정을 준수합니다. 취 소 및 티 켓 판매 마감 시간(행사 전일 17시) 경과 후 티켓 취소 및 변경이 불가합니다. [프로그램 안내] 행사순서 준비 (60 분 ) ≫ 공연 (30 분 ) ≫ 체험 (60 분 ) 접수 및 의상환복 일상재현 퍼포먼스 참여 궁중문화 체험 ( 택일 ) 행사준비 - 시간: (1회차) 10:00~11:00(60분) ( 2 회 차 ) 14:00~15:00(60분) - 장소: 경복궁 용성문 앞(환복소) - 내용: 참가자 확인, 궁중새내기 의상 환복 및 물품 지급 공연 - 시간: (1회차) 11:00~11:20(20분) ( 2 회 차 ) 15:00~15:20(20분) - 장소: 경복궁 근정전 - 내용: <시간여행, 세종-궁중 일상재현> 퍼포먼스 참여 * 경복궁 근정전에 세종대왕과 문무백관이 등장해 시간여행의 시작을 알립니다. 궁중새내기를 향한 세종 의 특명이 기다리고 있습니다. 체험(택일) - 시간: (1회차) 11:30~12:30(60분) ( 2 회 차 ) 15:30~16:30(60분) - 장소: 경복궁 내소주방, 자미당 터, 비현각, 융무루 터 - 내용: 궁중병과, 궁중무용, 궁중공예, 궁중회화 체험(택일) ① 궁중병과 각색당(사탕)을 켜켜이 쌓아 올리는 고임상을 만들어 세종대왕 나신 날의 탄신연을 준비합니다. - 장소: 경복궁 내소주방 - 강사: 이종민 (국가무형유산 조선왕조궁중음식 이수자) ② 궁중무용 세종대 현재의 모습을 갖추게 된 오방처용무를 배우며 백성을 위해 양로연을 준비한 세종대왕의 마음을 헤아려봅니다. - 장소: 경 복궁 자미당 터 - 강사: (사)국가무형유산 처용무보존회 ( 국 가 무 형유산 처용무 관리단체) ③ 궁중공예 세종 의 적장자인 세자(문종)의 가례를 준비하며 내명부에서 사용할 댕기를 만들어 봅니다. - 장소: 경복궁 비현각 - 강사: 박수영 (국가무형유산 금박장 이수자) ④ 궁중회화 궁중장식화로 사랑받은 ‘모란화접도’를 활용해 세종이 신하들에게 하사할 단오부채를 만들어 봅니다. - 장소: 경 복궁 융무루 터 - 강사: 정귀자 (서울시 무형유산 민화장 보유자) * 참고 이미지입니다. * 참고 이미지입니다. * 궁중문화축전 대표 프로그램 <시간여행, 세종> 행사기간(4. 26.(토)~4. 30.(수))에 경복궁을 방문하시면 세종시대 궁중일상을 재현한 공연과 상설체험을 즐기실 수 있습니다. [접수 안내] - 접수 장소: 경복궁 용성문 앞 <시간여행, 세종-궁중새내기> 예매확인처 ( 국 립 고 궁 박 물관 방향) - 접수 시간: (1회차) 행사 당일 09:30~10:00 ( 2 회 차 ) 행 사 당일 13:30~14:00 - 접수 방법: 티켓링크 모바일 티켓 확인 (경복궁 입장권 구입 불필요) * 각 회차별 행사 시작 시간 30분 전부터 접수가 가능합니다. * 원활한 접수 진행을 위해 최소 20분 전에 도착해주시길 바랍니다. * 접수 시간 이전에 경복궁 입장(일반 관람)하고자 하시는 경우, 경복궁 매표소에서 별도 입장료를 지불하셔야 합니다. 단, 일반 관람이 끝난 후 경복궁을 퇴장하시어 접수시간 내에 용성문 접수처에 다시 방문하셔야 합니다. [행사 유의사항] 접수 시 유의사항 본 행사는 예매확인처에서 본인확인을 진행합니다. 예매자 본인 명의와 일치하는 신분증(원본) 및 예매내역(예매번호)을 반드시 지참하시길 바랍니다. 예매자 본인확인이 불가하거나 예매정보와 현장 참여자 정보가 다를 경우 입장이 제한됩니다. 할인 예매 고객께서는 현장 확인 증빙자료를 반드시 지참하시길 바랍니다. 회차별 접수 시간 경과 후 예매확인처에 방문할 경우 행사 참여에 제한이 있을 수 있습니다. 모바일 티켓은 예매 당일 카카오톡 또는 문자로 자동 발송되며, 티켓링크 모바일 티켓을 수령하지 못하셨을 경우 티켓링크 마이페이지에서 예매내역 확인 후 입장 가능합니다. 관람객의 안전을 위하여 티켓 확인 후 진행요원의 안내에 따라 용성문 앞에서 환복 후 순차적으로 입장을 진행합니다. 프로그램 참여 및 관람 유의사항 궁궐 내 모든 공간은 금연 구역입니다. 14세 이상 참여 가능한 프로그램으로, 별도의 아동용 복식은 준비되어 있지 않습니다. 간편한 옷차림(반팔, 반바지)으로 오시면 더욱 원활하게 환복하실 수 있습니다. 간이 물품보관소가 준비되어 있으나 개인 귀중품의 분실 및 파손은 책임지지 않습니다. 행사장소와 화장실의 위치가 멀기 때문에 행사 시작 후에는 화장실 이용이 어렵습니다. 행사 시작 전 미리 화장실(고궁박물관 및 경복궁역)을 이용하시길 권장합니다. 행사 중 플래시 사용, 삼각대 사용, 음식물 반입을 금합니다. 행사 중에는 녹음과 영상, 사진 촬영을 금합니다. 무단 촬영 시 제재 및 삭제 조치가 있을 수 있습니다. 행사 당일 언론 및 방송 취재가 있을 수 있으며, 사전에 개별 고지 없이 촬영될 수 있음을 양해 바랍니다. 행사 시 촬영한 사진 및 영상은 궁중문화축전의 공식 홍보 및 연구, 발간 자료 등에 활용될 수 있습니다. [우천 시 안내] 행사 전일 오후 8시 기상청 예보를 기준으로, 행사 시간 내 우천이 예보된 경우, 안전사고 예방 및 관람객 편의를 위하여 행사가 취소될 수 있습니다. 우천으로 인한 변동 및 안내사항은 문자로 우선 안내됩니다. 예매 전에 티켓링크 회원정보 상의 연락처를 반드시 확인하시길 바라며, 회원정보 오기재로 인한 불이익은 행사 주최·주관사, 티켓사에서 책임지지 않습니다. [오시는 길] 경복궁 용성문 앞(국립고궁박물관 방향) 서울시 종로구 사직로 161 -지하철- 지하철 3호선 <경복궁역> 5번 출구 -버스- 경복궁 하차 간선 109, 171, 272, 601, 606, 710 지선 1020, 7025 덕성여중고 하차 간선 171, 272, 401, 406, 704, 710 지선 1020, 7025 -자가용- 경복궁 동편 주차장(유료) *주차공간이 협소하므로 대중교통 이용을 권고드립니다. [티켓 문의] - 티켓링크 전화 상담실 ☎1588-7890 * 운영기간 평일 (주말·공휴일 제외) * 운영 시간 10:00~19:00 [행사 문의] - 궁능 활용 프로그램 전화상담실 ☎1522-2295 * 성수기: 2025. 4. 1.~ 6. 16., 2025. 9. 4.~11. 9. (매주 월 휴무) 09:30~20:30 (상시운영) * 일반: 성수기 운영기간 외 ( 주 말 , 공휴일 휴무) 09:30~18:00 ( 점심시간 12:00~13:00) * 성수기 운영기간 및 시간은 변동 될 수 있습니다.",https://www.kh.or.kr/jnrepo/upload/jnPrgFestivalProgram/202503/02742747137f42d0a2dd9ac0edf37d20_1742184693459.jpg
26,11회,경복궁,567,"시간여행, 세종-궁중 일상재현",복합,"일,월,화,수,목,금,토 11:00 / 15:00",https://www.kh.or.kr/jnrepo/upload/jnPrgFestivalProgram/202503/076534fa772343febd532305c9f8abcf_1742184476605.jpg,일상재현,https://www.kh.or.kr/program/view/menu/1292?viewType=ach&idx=567&searchRound=26&searchStTime=&searchEnTime=&searchField=homeAll&searchText=,경복궁,"시간여행, 세종-궁중 일상재현",복합,종료,복합,현장참여,2025-04-26~2025-04-30,"일,월,화,수,목,금,토 11:00 / 15:00",경복궁 일원,,,"2025 년 궁중문화축전 < 시간여행 , 세종 - 궁중 일상재현 > 경복궁이 5 일간 조선시대로 돌아갑니다 . ‘ 세종대왕 나신 날 ’ 국가기념일 지정을 맞이하여 세종대를 배경으로 한 다채로운 궁중일상 재현극과 사전예약 없이 참여할 수 있는 상설체험을 통해 생생히 살아 숨쉬는 궁을 만나보세요 ! 행사 안내 행사 일자 2025. 4. 26.( 토 )~4. 30.( 수 ) 행사 시간 (1 회차 ) 11:00~13:30(150 분 ) (2 회차 ) 15:00~17:30(150 분 ) 행사 장소 경복궁 일대 ( 시간여행 권역 ) 참여 방법 현장 참여 행사 내용 ‘ 세종대왕 나신날 ’ 국가기념일 지정을 맞이하여 세종대왕의 다양한 업적을 스토리텔링한 재현 행사 프로그램 행사 문의 행사안내 │ 궁능 활용 프로그램 전화 상담실 ( ☎ 1522-2295) 프로그램 안내 행사순서 시작공연 (20 분 ) ≫ 관객참여 공연 (15 분 ) ≫ 주제공연 (20 분 ) ≫ 관객참여 공연 (15 분 ) 거점이동 공연 (140 분 ) 근정전 수정전 , 침전 , 소주방 권역 수정전 , 침전 , 소주방 권역 수정전 , 침전 , 소주방 권역 전 권역 공연 ( 일상재현극 ) 구분 장소 주요내용 공연시간 러닝 타임 1 회차 2 회차 중심 권역 (9) 근정전 (1) 근정전 ① [ 음악 / 시작공연 ] 백성을 위한 소리 , 훈민정음 세종이 훈민정음으로 지은 < 용비어천가 > 를 받아든 후 , 그 가사에 맞춘 음악과 춤으로 훈민정음의 의미를 널리 알린다 . 11:00 15:00 20 분 수정전 권역 (2) 수정전 ① [ 국방 / 주제공연 ] 국방이 튼튼한 나라 두만강 국경을 지키고 있는 김종서 장군이 병사들의 무예를 시연하며 빈틈없는 준비태세를 보고한다 . 11:30 12:30 15:30 16:30 20 분 수정전 일대 ② [ 애민 / 관객참여 ] 신문고를 울려라 새로 온 의금부 관원들과 함께 신문고에 대해 배우고 , 신문고를 자유롭게 두드리며 억울함을 호소해보자 . 11:10 12:10 13:00 15:10 16:10 17:00 15 분 침전 권역 (4) 강녕전 ① [ 정치 , 과학 / 주제공연 ] 조선의 시간과 우주 세종이 장영실과 관원들이 만들고 있는 기구들을 보며 조선이 스스로 시간을 측정하고 우주를 볼 수 있기를 고대한다 . 12:00 13:00 16:00 17:00 20 분 강녕전 일대 ② [ 한글 / 관객참여 ] 한글 자음을 배워라 집현전 관원들에게 한글의 자음을 만드는 원리를 배우고 나무토막을 이용해 직접 자음 모양을 만들어보자 . 11:40 12:40 13:20 15:40 16:40 17:20 15 분 자경전 ③ [ 복지 / 주제공연 ] 왕비가 베푼 양로연 세종의 뜻을 따라 양로연을 베푸는 소헌왕후 , 노인들까지 모두 궁궐로 초대해 극진히 대접한다 . 12:00 13:00 16:00 17:00 20 분 자경전 일대 ④ [ 의학 / 관객참여 ] 지 혜로운 의녀를 만나다 세종의 명으로 충실히 공부해온 왕실의 의녀들이 건강을 지킬 수 있는 전통의학지식을 알려준다 . 11:40 12:40 13:20 15:40 16:40 17:20 15 분 소주방 권역 (2) 인지당 터 ① [ 농업 / 주제공연 ] 농사를 짓는 임금 우리 풍토에 맞는 농사를 위해 < 농사직설 > 이란 책을 펴냈던 세종은 궁궐 후원에 직접 논밭을 만들고 농업기술을 실험하기로 한다 . 11:30 12:30 15:30 16:30 20 분 인지당 터 ② [ 농업 / 관객참여 ] 임금의 쌀을 옮겨라 세종이 지은 쌀이 창고에 가득 쌓여있다 . 사옹방의 관원들과 함께 무거운 쌀가마니를 옮겨보자 . 11:10 12:10 13:00 15:10 16:10 17:00 15 분 부가 권역 (2) 전권역 ② [ 일상 / 거점이동 ] 왕가의 산책 따스한 봄날 , 왕과 왕비가 신하들을 거느리고 경복궁 안을 산책한다 . 궁 안에 만나는 이들과 담소를 나누기도 하며 한가로이 여유를 즐긴다 . 11:20 15:20 140 분 전권역 ③ [ 일상 / 거점이동 ] 관원들의 수다 왕을 경호하는 내금위 , 궁궐의 음식을 책임지는 수라간 등 궁궐에서 다양한 일을 하는 관원들이 관객들을 만나 각자의 고민을 해결한다 . 11:20 15:20 140 분 체험 구분 장소 주요내용 체험시간 비고 상설 체험존 (3) 수정전 ① [ 한글 ] 훈민정음 목판인출 체험 10:00~ 17:00 상설 운영 ② [ 한글 ] 훈민정음 블록 판화 체험 ③ [ 한글 ] 세종어록 필사 체험 추천코스 구분 추천코스 ① 장소 근정전 수정전 강녕전 인지당 터 자경전 시간 11:00~ 11:20 11:30~ 11:50 12:00~ 12:20 12:30~ 12:5 0 13:00~ 13:20 15:00~ 15:20 15:30~ 15:50 16:00~ 16:20 16:30~ 16:50 17:00~ 17:20 주제 음악 국방 정치 , 과학 농업 복지 구분 추천코스 ② 장소 근정전 인지당 터 자경전 수정전 강녕전 시간 11:00~ 11:20 11:30~ 11:50 12:00~ 12:20 12:30~ 12:50 13:00~ 13:20 15:00~ 15:20 15:30~ 15:50 16:00~ 16:20 16:30~ 16:50 17:00~ 17:20 주제 음악 농업 복지 국방 정치 , 과학 [ 행사 문의 ] 궁능 활용 프로그램 전화상담실 ☎ 1522-2295 구분 운영기간 운영시간 성수기 2025. 4. 1.~ 6. 16. 2025. 9. 4.~11. 9. ( 매주 월 휴무 ) 09:30~20:30 ( 상시운영 ) 일 반 성수기 운영기간 외 ( 주말 , 공휴일 휴무 ) 09:30~18:00 ( 점심시간 12:00~13:00) * 성수기 운영기간 및 시간은 변동 될 수 있습니다 .",https://www.kh.or.kr/jnrepo/upload/jnPrgFestivalProgram/202503/076534fa772343febd532305c9f8abcf_1742184476605.jpg
26,11회,경복궁,566,2025년 궁중문화축전 개막제,공식행사,,https://www.kh.or.kr/jnrepo/upload/jnPrgFestivalProgram/202503/3d7f5ef9acb54c09b77b166969b6a6fb_1742184257701.jpg,25 개막제,https://www.kh.or.kr/program/view/menu/1292?viewType=ach&idx=566&searchRound=26&searchStTime=&searchEnTime=&searchField=homeAll&searchText=,경복궁,2025년 궁중문화축전 개막제,공식행사,종료,공식행사,사전예약,2025-04-25~2025-04-25,,경복궁 흥례문 광장,,,"2025년 궁중문화축전 개막제 ""꽃이다!"" 향기로운 봄밤, 경복궁 흥례문광장에서 올해로 개최 11주년을 맞이하는 궁중문화축전의 개막제가 펼쳐집니다. 얼어붙은 동토 위에서도 대자연의 섭리로 피어나는 꽃, 과거의 상처와 아픔을 딛고 피어나 더 향기로운 꽃처럼 궁중문화축전 관람객 여러분을 위한 특별한 행사를 선보입니다. [행사 안내] - 행 사 일 자: 202 5. 4. 25.(금) - 행사 시간: 19:30~20:40(70분) - 행사 장소: 경복궁 흥례문광장 - 참여 인원: 900명(사전예약자 기준) * 초대석 별도 운영 - 관람 연령: 제한없음 - 행사 문의 - 행사안내│ 궁능 활용 프로그램 전화 상담실(☎ 1522-2295) - 예매안내│ 티켓링크 전화 상담실(☎ 1588-7890) [예매 안내] 본 안내 페이지 정독 후 모든 안내사항에 동의하시는 경우에만 응모 및 예매해주시기 바라며, 모든 예매자는 안내 내용을 숙지 및 동의하신 것으로 간주합니다. - 예매금액: 무료(1인 최대 4매 예매 가능) - 예매처: 티켓링크( 예매하러 가기 <<클릭 ) - 예매방법: 선착순 예매 - 예매일정: 2025. 4. 8.(화) 12:00 - 예매 유의사항 [티켓 예매] 본 행사의 티켓은 정식 예매처인 티켓링크를 통한 100% 사전 예약 판매를 원칙으로 하며, 그 외의 경로를 통한 판매는 진행되지 않습니다. 예매하신 본인 입장이 원칙이며, 타인 양도가 불가합니다. 실물 티켓은 별도로 제공되지 않습니다. 부정한 방법(매크로 사용, 우선 예매 URL 공유 등)으로 예매하거나 불법 암표 매매 목적으 로 구매하는 경우 적발 시 해당 티켓은 사전 통보 없이 예매 취소 및 사용을 제한할 수 있습 니다. 불법 암표 거래(프리미엄 티켓 판매, 티켓 양도 사기)로 선량한 예매자의 피해가 발생하고 있습니다. 이로 인한 문제 발생 시 행사 주최·주관사, 예매처는 책임지지 않습니다. 반드시 정식 예매처를 통해 예매하시길 바랍니다. 본 행사 진행 중 기록촬영으로 인해 관람객 초상이 노출되거나 촬영될 수 있으니 이 점 양 지하시어 티켓을 예매하시길 바랍니다. [취소 및 환불] 예매하신 티켓의 취소와 환불은 예매처의 규정을 준수합니다. 취소 마감 시간(행사 전일 17시) 경과 후 티켓 취소 및 변경이 불가합니다. [프로그램 안내] 기획의도 국민이자 인류를 상징하는 ‘꽃’이란 상징물을 통해 역 경 을 극복하여 마침내 꽃을 피우는 태평성대의 모습을 다양한 공연으로 표현하여 희망의 메시지를 전달한 다 . 공연소개 축하공연 <봄노래 메들리> 해맑은 동심을 지닌 어린이들이 자유로운 율동을 곁들인 봄노래로 잠들어있던 경복궁의 봄밤을 깨운다. 출연 서울시소년소녀합창단 주제공연 “ 꽃이다 ” < 기미 ( 幾微 )> 과거의 상처와 아픔을 딛고 대자연의 섭리로 아 름답고 향기롭게 피어나는 꽃, 꽃이 피기 전 위대한 전조의 흥미진진함을 표현한다. 출연 우리소리바라지 서울시무용단 국가유산진흥원 예술단 < 개화 ( 開花 )> 모든 것이 풍족하고 즐겁기만 한 태평성대, 만발한 꽃처럼 분주하고 활기찬 궁궐의 하루를 엿보다. 출연 국립국악원 < 만개 ( 滿開 )> 꽃이 하나둘씩 피어나는 모습을 보며 설레는 마음으로 춤을 추다. 출연 서울시국악관현악단 꽃의 감상에 푹 빠져 너 나 할 것 없이 하나가 되어 즐기다. 출연 서 울 시 국악관현악단 서울시무용단 국가유산진흥원 예술단 < 완상 ( 玩賞 )> 온 국민이 염원하고 꿈꾸는 세상, 정의롭고 평화로운 세상이 오래오래 이어지기를 바라는 마음을 담아 화합을 노래한다. 출연 김소현(뮤지컬 배우) 송재선(오보이스트) 서울시소년소녀합창단 서울시국악관현악단 궁중문화축전의 성료와 더불어 찾아주신 이들의 무사안녕과 만가대길을 소원한다. 출연 김준수(소리꾼) 우리소리바라지 * 이 밖에도 궁중문화축전 개막 선포, <미리보는 궁중문화축전> 영상 상영 등 공식행사가 진행됩니다. 연출진 예술감독 고선웅 제작감독 김동현/ 무대감독 박연주/무대조감독 이도하 제작관리 이지은/협역조연출 김 시화 무대디자인 이태섭/영상디자인 이원호/조명디자인 박성희 출연진 서울시국악관현악단/서울시무용단/ 서울시소년소녀합창단 국립국악원 국가유산진흥원 예술단/우리소리바라지 김소현(뮤지컬 배우)/송재선(오보이스트)/김준수(소리꾼) <국립국악원> <서울시국악관현악단> <서울시무용단 > <서울시소년소녀합창단 > <국가유산진흥원 예술단 > <우리소리바라지 > 김소현, 뮤지컬배우 송재선, 오보이스트 김준수, 소리꾼 [접수 안내] - 접수 장소: 1. 경복궁 용성문 앞 <궁중문화축전 개막제> 예매확인처 2. 경 복 궁 협 생문 앞 <궁중문화축전 개막제> 예매확인처 * 행사 당일 광화문은 개방하지 않습니다. - 접수 시간: 행사 당일 18:30~19:10 * 행사 당일 19:00부터 입장을 진행합니다. - 접수 방법: 티켓링크 모바일 티켓 확인(경복궁 입장권 구입 불필요) * 전 좌석 동일등급 비지정좌석제입니다. * 행사 시작 시간 60분 전부터 접수가 가능합니다. * 원활한 접수 진행을 위해 최소 30분 전에 도착해주시길 바랍니다. * 접수 시간 이전에 경복궁 입장(일반 관람)하고자 하시는 경우, 경복궁 매표소에서 별도 입장료를 지불하셔야 합니다. 단, 일반 관람이 끝난 후 경복궁을 퇴장하시어 접수시간 내에 용성문 및 협생문 접수처에 다시 방문하셔야 합니다. 행사 유의사항 접수 시 유의사항 - 행사 당일 광화문은 개방하지 않습니다. - 경복궁 동편 주차장은 협생문, 지하철 3호선 경복궁역(5번 출구)은 용성문이 가깝습니다. - 모바일 티켓은 예매 당일 카카오톡 또는 문자로 자동 발송되며, 티켓링크 모바일 티켓을 수령하지 못 하셨을 경우 티켓링크 마이페이지에서 예매내역 확인 후 입장 가능합니다. - 관람객의 안전을 위하여 티켓 확인 후 진행요원의 안내에 따라 용성문 및 협생문 앞에서 대기 후 순 차적으로 입장을 진행합니다. - 접수 시간 경과 후 예매확인처에 방문할 경우 행사 참여에 제한이 있을 수 있습니다. 관람 시 유의사항 행사 당일 별도의 경복궁 야간개장은 진행하지 않습니다. 행사장소와 화장실의 위치가 멀기 때문에 행사 시작 후에는 화장실 이용이 어렵습니다. 행사 시작전 미리 화장실(경복궁 동편 주차장 및 경복궁역)을 이용하시길 권장합니다. 행사 중 플래시 사용, 삼각대 사용, 음식물 반입을 금합니다. 행사 중에는 녹음과 영상, 사진 촬영을 금합니다. 무단 촬영 시 제재 및 삭제 조치가 있을 수 있습니다. 행사 당일 언론 및 방송 취재가 있을 수 있으며, 사전에 개별 고지 없이 촬영될 수 있음을 양해 바랍니다. 행사 시 촬영한 사진 및 영상은 궁중문화축전의 공식 홍보 및 연구, 발간 자료 등에 활용될 수 있습니다. 우천 시 안내 행사 당일 오후 13시 기상청 예보를 기준으로 행사시간 내 우천이 예보된 경우, 안전사 고 예방 및 관람객 편의를 위하여 행사가 취소될 수 있습니다. 우천으로 인한 변동 및 안내사항은 문자로 우선 안내됩니다. 예매 전에 티켓링크 회원정보 상의 연락처를 반드시 확인하시길 바라며, 회원정보 오기재로 인한 불이익은 행사 주최·주관사, 티켓사에서 책임지지 않습니다. 오시는 길 경복궁 흥례문광장(용성문, 협생문) 서울시 종로구 사직로 161 -지하철- 지하철 3호선 <경복궁역> 5번 출구 -버스- 경복궁 하차 간선 109, 171, 272, 601, 606, 710 지선 1020, 7025 덕성여중고 하차 간선 171, 272, 401, 406, 704, 710 지선 1020, 7025 -자가용- 경복궁 동편 주차장(유료) * 주차공간이 협소하므로 대중교통 이용을 권고드립니다. [티켓 문의] - 티켓링크 전화 상담실 ☎1588-7890 * 운영기간 평일 (주말·공휴일 제외) * 운영 시간 10:00~19:00 [행사 문의] - 궁능 활용 프로그램 전화상담실 ☎1522-2295 * 성수기: 2025. 4. 1.~ 6. 16., 2025. 9. 4.~11. 9. (매주 월 휴무) 09:30~20:30 (상시운영) * 일반: 성수기 운영기간 외 ( 주 말 , 공휴일 휴무) 09:30~18:00 ( 점심시간 12:00~13:00) * 성수기 운영기간 및 시간은 변동 될 수 있습니다.",https://www.kh.or.kr/jnrepo/upload/jnPrgFestivalProgram/202503/3d7f5ef9acb54c09b77b166969b6a6fb_1742184257701.jpg
26,11회,창덕궁,638,2025 봄 궁중문화축전 스탬프 투어,체험,04.26 ~ 05.04 09:00 ~ 18:00,https://www.kh.or.kr/jnrepo/upload/jnPrgFestivalProgram/202504/cd8e199bf94546c8a26da3f1e2eece73_1745636179347.jpg,-,https://www.kh.or.kr/program/view/menu/1292?viewType=ach&idx=638&searchRound=26&searchStTime=&searchEnTime=&searchField=homeAll&searchText=,창덕궁,2025 봄 궁중문화축전 스탬프 투어,체험,종료,체험,현장참여,2025-04-26~2025-05-04,04.26 ~ 05.04 09:00 ~ 18:00,"경복궁, 창덕궁, 덕수궁, 창경궁, 경희궁, 종묘",,,"5 대궁과 종묘를 9 일간 누비며 스탬프를 모아보세요 . 역사적 장소를 배경으로 추억도 쌓고 건강과 리워드는 덤으로 ! 궁중문화축전을 가장 알차게 즐기는 궁중문화축전 스탬프 투어 , 4 월 26 일부터 시작됩니다 . - 일시 : 4. 26.( 토 )~5. 4.( 일 ) 10:00~17:00/ 총 9 일 - 장소 : 5 대궁 및 종묘 [ 참여 방법 ] ① 각 궁의 종합 안내소에서 스탬프 활동지 수령 ( 경복궁 , 덕수궁 , 창덕궁 , 창경궁 종합안내소 / 활동지 소진 시 선착순 마감 ) ② 5 대궁 및 종묘의 스탬프 스팟 10 곳을 방문하여 스탬프 획득 ③ 경복궁 종합 안내소에서 리워드 수령 *리워드 이벤트는 상품 재고에 따라 조기 종료 될 수 있습니다. * 상품 1~50 등 우양산 51~100 등 경회루 텀블러 101~150 등 궁중문화축전 젓가락 151~300 등 2025 봄 궁중문화축전 발매트 300등~ 궁궐 입체 자석 ** 유의사항 ① 궁별 입장료는 별도입니다. ② 완주 기념품은 축전 기간 내 지정된 수령처 ( 경복궁 흥례문 광장 내 종합안내소 ) 에서만 지급 가능합니다. ③ 기념품 중복 수령은 불가하며 1 인 1 회 참여만 가능합니다. ④ 준비된 기념품 수량 소진 시 조기 마감될 수 있습니다. ⑤ 부정 사용 적발 시 기념품 지급 제외됩니다.",https://www.kh.or.kr/jnrepo/upload/jnPrgFestivalProgram/202504/cd8e199bf94546c8a26da3f1e2eece73_1745636179347.jpg
26,11회,창덕궁,582,왕가의 산책,체험,"일,월,화,수,목,금,토 11:30 / 14:30",https://www.kh.or.kr/jnrepo/upload/jnPrgFestivalProgram/202504/9809ef9d73e94055871882175cb40bee_1744628465279.jpg,왕가의 산책,https://www.kh.or.kr/program/view/menu/1292?viewType=ach&idx=582&searchRound=26&searchStTime=&searchEnTime=&searchField=homeAll&searchText=,창덕궁,왕가의 산책,체험,종료,체험,현장참여,2025-04-26~2025-05-04,"일,월,화,수,목,금,토 11:30 / 14:30",창덕궁 일원,,,"2025년 봄 궁중문화축전 기간 특별행사 「왕가의 산책」 개요 가. 기간: 2025. 4.26.(토)~ 5. 4.(일) 11:30, 14:30(9일간, 1일 2 회) 나. 장소: 창덕궁 일원(인정전, 후원 등) 다. 내용: 왕, 왕비, 왕세자, 세자빈 행렬의 궁궐 거둥 장면 재 현 * 재현시기: 조선시대 후기 진행순서 구 분 시 간 내 용 출발지 이동 11:25 ～ 11:30 (14:25 ～ 14:30) 5’ 책고 → 금호문 ( 왕과 왕비 등이 호위무사와 신하들을 거느리고 등장 ) 행렬 이동 11:30 ～ 12:00 (14:30 ～ 15:00) 30’ 금호문 → 인정문 → 인정전 ( 월대 ) → 희정당 → 함양문 → 부용지 → 영화당 기념촬영 ( 포토타임 ) 12:00 ～ 12:15 (15:00 ～ 15:15) 15’ 영화당 앞 대열 / 관람객과 기념사진 촬영 진행 행렬이동 및 퇴장 12:15 ～ 12:35 (15:15 ～ 15:35) 20’ 영화당 → 함양문 → 숙장문 → 금호문",https://www.kh.or.kr/jnrepo/upload/jnPrgFestivalProgram/202504/9809ef9d73e94055871882175cb40bee_1744628465279.jpg
26,11회,창덕궁,581,창덕궁 달빛기행,체험,"일,목,금,토 19:20/19:25/19:30(100분) ~ 20:00/20:05/20:10(100분)",https://www.kh.or.kr/jnrepo/upload/jnPrgFestivalProgram/202503/6bcf6e6d02484049bf4618ae05d7452b_1742218468172.jpg,달빛,https://www.kh.or.kr/program/view/menu/1292?viewType=ach&idx=581&searchRound=26&searchStTime=&searchEnTime=&searchField=homeAll&searchText=,창덕궁,창덕궁 달빛기행,체험,종료,체험,사전예약,2025-04-25~2025-04-30,"일,목,금,토 19:20/19:25/19:30(100분) ~ 20:00/20:05/20:10(100분)",창덕궁 일원,,,,https://www.kh.or.kr/jnrepo/upload/jnPrgFestivalProgram/202503/6bcf6e6d02484049bf4618ae05d7452b_1742218468172.jpg
26,11회,창덕궁,580,왕비의 옷장,체험,04.30 ~ 05.04 10:00 ~ 17:00,https://www.kh.or.kr/jnrepo/upload/jnPrgFestivalProgram/202504/627f5d16ee3d434e9d38ad2c272c2dcc_1744182257727.jpg,성정각,https://www.kh.or.kr/program/view/menu/1292?viewType=ach&idx=580&searchRound=26&searchStTime=&searchEnTime=&searchField=homeAll&searchText=,창덕궁,왕비의 옷장,체험,종료,체험,사전예약,2025-04-30~2025-05-04,04.30 ~ 05.04 10:00 ~ 17:00,"홍문관, 규장각(궐내각사 내)",,,"왕비의 옷장 2025 봄 궁중문화축전 <왕비의 옷장> 은 아름다운 궁궐 창덕궁에서 우리 한복의 매력을 온전히 느낄 수 있는 한복 셀프 스튜디오 체험 프로그램입니다. 창덕궁 깊숙한 곳, 비밀스럽게 자리한 왕비의 옷장을 문을 열어보세요. 형형색색 아름다운 한복이 여러분을 맞이합니다. 왕비의 옷장 속 한복을 곱게 차려입고 고아한 인생 사진을 남겨보세요! 바로 오늘, 창덕궁에서 한복과 함께하는 특별한 이야기가 시작됩니다. 예매하러 가기 <<클릭 (4월 8일 15시 오픈) 행사 안내 행사 기간 2025. 4. 30.( 수 ) – 5. 4.( 일 ) 행사 시간 09:30~17:30( 운영시간 중 15 회차 운영 ) * 한복 착용 및 헤어 서비스 (30 분 )+ 스튜디오 이용 (60 분 ) * 총 90분 이상 소요 행사 장소 창덕궁 홍문관 , 규장각 참여 인원 회차당 2 팀 (2 인 1 팀 ) * 2 인 1 팀으로 운영되며 , 여성 복식 2 벌 제공 예정입니다 . 참여 연령 18 세 이상 행사 문의 행사안내 │ 궁능 활용 프로그램 전화 상담실 ( ☎ 1522-2295) 예매안내 │ 티켓링크 전화 상담실 ( ☎ 1588-7890) 예매 안내 본 안내 페이지 정독 후 모든 안내사항에 동의하시는 경우에만 응모 및 예매해주시기 바라며 , 모든 예매자는 안내 내용을 숙지 및 동의하신 것으로 간주합니다 . 예매금액 1 팀 5,000 원 (1 매당 2 인으로 이용할 수 있으며, 최대 1매 예매 가능 ) 예매처 티켓링크 (www.ticketlink.co.kr) 예매방법 선착순 예매 예매일정 2025 년 4 월 8 일 ( 화 ) 15 시 할 인 정보 구분 할인대상 현장 확인 증빙자료 할인율 장애인 1~3 급 본인 + 동반 1 인 장애인 복지카드 50% 장애인 4 급 이하 본인만 국가유공자 본인만 국가유공자 * 장애의 정도가 심한 장애인 = 구 1~3 급 / 장애의 정도가 심하지 않은 장애인 = 구 4~6 급 * 할인은 예매 시 적용 가능하며 , 일반 권종으로 예매 후 현장에서 할인 적용 ( 차액 환불 ) 이 불가합니다 . * 현장 확인 증빙자료 미지참 시 차액 결제 , 환불 , 행사 참여가 불가한 점 양해 부탁드립니다 . 예매 유의사항 [ 티켓 예매 ] - 본 행사의 티켓은 정 식 예매처인 티켓링크를 통한 100% 사전 예약 판매를 원칙으로 하며 , 그 외의 경로를 통한 판매는 진행되지 않습니다 . - 부정 예매 및 암표 거래 방지를 위해 신용카드 결제만 가능합니다 . - 예매하신 본인 입장이 원칙이며 , 타인 양도가 불가합니다 . - 본 행사는 창덕궁 금호문 건너편에 위치한 궁중문화축전 종합안내소(인포메이션)에서 본인확인을 진행합니다 . 예매자 본인 명의와 일치하는 신분증 ( 원본 ) 및 예매내역 ( 예매번호 ) 을 반드시 지참하시길 바랍니다 . - 실물 티켓은 별도로 제공되지 않습니다 . - 부정한 방법 ( 매크로 사용 , 우선 예매 URL 공유 등 ) 으로 예매하거나 불법 암표 매매 목적으로 구매하는 경우 적발 시 해당 티켓은 사전 통보 없이 예매 취소 및 사용을 제한할 수 있습니다 . - 불법 암표 거래 ( 프리미엄 티켓 판매 , 티켓 양도 사기 ) 로 선량한 예매자의 피해가 발생하고 있습니다 . 이로 인한 문제 발생 시 행사 주최 · 주관사 , 예매처는 책임지지 않습니다 . 반드시 정식 예매처를 통해 예매하시길 바랍니다 . - 본 행사 진행 중 기록촬영으로 인해 관람객 초상이 노출되거나 촬영될 수 있으니 이 점 양지하시어 티켓을 예매하시길 바랍니다 . [ 취소 및 환불 ] - 예매하신 티켓의 취소와 환불은 예매처의 규정을 준수합니다 . 취소 마감 시간 ( 행사 전일 17 시 ) 이전 티켓 취소 시 100% 환불되며 , 취소 수수료가 발생하지 않습니다 . - 취소 마감 시간 ( 행사 전일 17 시 ) 경과 후 티켓 취소 및 변경이 불가합니다 . 프로그램 안내 체험 순서 복식 환복 헤어 서비스 (30 분 ) → 검서청 촬영 (15 분 ) → 규장각 촬영 (15 분 ) 야외공간 촬영 (30 분 ) → 사복 환복 (30 분 ) * 순차에 따라 검서청 , 규장각 내부의 스튜디오를 이용하게 되며 , 팀별로 배정되는 스튜디오에 차이가 있을 수 있습니다 . 창덕궁에 마련된 셀프 스튜디오에서 자유롭게 포즈를 취하며 세상에 단 하나뿐인 추억 사진을 남겨보세요 ! 왕비의 옷장 전통 한복 대여 우리 전통 한복과 장신구로 아름답게 꾸며보세요! 왕비의 옷장 스튜디오 창덕궁에 마련된 셀프 스 튜디오에서 자유롭게 포즈를 취하며 세상에 단 하나뿐인 추억 사진을 남겨보세요 ! ① 창덕궁 규장각 고풍스럽고 절제 되어있는 왕비의 서재 공간 ② 창덕궁 규장각 뒤뜰 고즈넉한 자연의 아름다움을 느낄 수 있는 왕비의 정원 공간 접수 안내 접수 장소 창덕궁 금호문 앞 궁중문화축전 종합안내소(인포메이션) < 왕비의 옷장 > 예매확인처 접수 시간 각 회차별 시작 시간 30 분 전부터 접수 가능 * 원활한 접수 진행을 위해 최소 10 분 전에 도착해주시길 바랍니다 . * 원활한 진행을 위해 , 프로그램 시작 후 5 분이 지나 도착할 경우 프로그램 참여 및 티켓 환불이 불가합니다 . * 2인 1팀으로 운영되며, 여성 복식 2벌이 제공될 예정입니다. * 한복 사이즈 참고를 위해 요구정보에 신장과 상의 사이즈를 작성 부탁드립니다 . 한복 보유 사이즈 : 여성 (85~100) * 보유 중인 한복 사이즈를 참고하시어 프로그램 신청해주시기 바랍니다 . * 일부 사이즈의 신청자가 많을 시 비슷한 사이즈의 한복으로 대체하여 제공될 수 있습니다 . 행사 유의사항 [접수 시 유의사항] - 본 행사는 예매확인처에서 본인확인을 진행합니다 . 예매자 본인 명의와 일치하는 신분증 ( 원본 ) 및 예매내역 ( 예매번호 ) 을 반드시 지참하시길 바랍니다 . - 모바일 티켓은 관람일 전일 카카오톡 또는 문자로 자동 발송되며 , 티켓링크 모바일 티켓을 수령하지 못하셨을 경우 , 티켓링크 마이페이지에서 예매내역 확인 후 입장 가능합니다 . - 예매자 본인확인이 불가하거나 예매정보와 현장 참여자 정보가 다를 경우 입장이 제한됩니다 . 프로그램 시작 후 15 분 이상 경과하여 도착할 경우 , 행사 참여 및 티켓 환불이 불가합니다 . - 할인 예매 고객께서는 현장 확인 증빙자료를 반드시 지참하시길 바랍니다 . [프로그램 참여 및 관람 유의사항] - 궁궐 내 모든 공간은 금연 구역입니다 . - 국가유산 보호구역으로 음식물 , 인화물질 , 놀이기구의 반입이 제한됩니다 . - 본 행사는 한복 착용 후 조성된 스튜디오 공간에서 셀프로 체험하는 프로그램입니다 . - 본 행사에 서 제공하 는 한복은 성인 여성 기준으로 마련되어 있기 때문에 , 18 세 이상만 체험이 가능합니다 . - 본 행사는 2 인 1 팀으로 운영되며 여성 복식 2 벌이 제공됩니다 . - 창덕궁 내 주차시설이 없으니 대중교통을 이용하시기 바랍니다 . - 음식물 반입을 금하며 , 개인 부주의로 인한 사고 및 소지품 분실에 대해서는 책임지지 않습니다 . - 행사 당일 언론 및 방송 취재가 있을 수 있으며 , 사전에 개별 고지 없이 촬영될 수 있음을 양해 바랍니다 . - 행사 시 촬영한 사진 및 영상은 궁중문화축전의 공식 홍보 및 연구 , 발간 자료 등에 활용될 수 있습니다 . [우천 시 안내] - 행사 전일 20 시 기상청 예보를 기준으로, 행사시간 내 우천이 예보된 경우 안전사고 예방 및 관람객 편의를 위하여 프로그램이 축소운영될 수 있습니다.(야외체험 미운영) - 우천으로 인한 변동 및 안내사항은 문자로 우선 안내됩니다 . 예매 전에 티켓링크 회원정보 상의 연락처를 반드시 확인하시길 바라며 , 회원정보 오기재로 인한 불이익은 행사 주최 · 주관사 , 티켓사에서 책임지지 않습니다 . 오시는 길 서울 종로구 율곡로 99(창덕궁) [ 버스 ] 서울돈화문국악당 하차 간선 109, 151, 162, 171, 172, 272, 710 지선 7025 [ 지하철 ] 도보 5 분 3 호선 안국역 3 번 출구 도보 10 분 1·3·5 호선 종로 3 가역 7 번 출구 * 창덕궁은 별도의 주차장이 마련되어 있지 않습니다 , 대중교통을 이용하시기 바랍니다 . [ 티켓 문의 ] 티켓링크 전화 상담실 ☎ 1588-7890 운영기간 운영시간 평일 ( 주말 · 공휴일 제외 ) 10:00~19:00 [ 행사 문의 ] 궁능 활용 프로그램 전화상담실 ☎ 1522-2295 구분 운영기간 운영시간 성수기 2025. 4. 1.~ 6. 16. 2025. 9. 4.~11. 9. ( 매주 월 휴무 ) 09:30~20:30 ( 상시운영 ) 일 반 성수기 운영기간 외 ( 주말 , 공휴일 휴무 ) 09:30~18:00 ( 점심시간 12:00~13:00) * 성수기 운영기간 및 시간은 변동 될 수 있습니다 .",https://www.kh.or.kr/jnrepo/upload/jnPrgFestivalProgram/202504/627f5d16ee3d434e9d38ad2c272c2dcc_1744182257727.jpg
26,11회,창덕궁,579,아침 궁을 깨우다,체험,"일,수,목,금,토 07:30(120분) / 08:00(120분)",https://www.kh.or.kr/jnrepo/upload/jnPrgFestivalProgram/202503/0bfafc907160488a86b332e0ba280610_1742217855668.jpg,아침 궁,https://www.kh.or.kr/program/view/menu/1292?viewType=ach&idx=579&searchRound=26&searchStTime=&searchEnTime=&searchField=homeAll&searchText=,창덕궁,아침 궁을 깨우다,체험,종료,체험,사전예약,2025-04-30~2025-05-04,"일,수,목,금,토 07:30(120분) / 08:00(120분)",창덕궁 일원,,,"이른 아침의 창덕궁을 거니는 <아침 궁을 깨우다> 작년 궁중문화축전에서 첫 선을 보인 궁중문화축전 <아침 궁을 깨우다>가 여러분의 따뜻한 호응 속에 올해도 반가이 문을 엽니다. 창덕궁의 고즈넉한 길을 따라 펼쳐지는 고요한 아침 풍경 속에서 산책 가이드의 다정한 이야기가 우리의 궁궐 산책을 따스하게 이끌어줍니다. 쉽게 만나볼 수 없는 창덕궁의 아침, 함께 걸어볼까요? [행사 안내] - 행사 기간: 2025. 4. 30.(수) ~ 5. 4.(일) - 행사 시간: 1회차 07:30 2회차 08:00(각 120분간 진행) - 행사 장소: 창덕궁 일원 - 참여 인원: 회당 40명 - 관람 연령: 7세 이상(2018년 이전 출생자) *<아침 궁을 깨우다>는 2시간 동안 궁궐을 걷는 투어 프로그램이므로 미취학 연령(2019년 이후 출생자)은 안전상의 이유로 참여가 불가한 점 양해 부탁드립니다. * 취학 연령 및 청소년(2007년 ~ 2018년 출생자)은 반드시 보호자 1인이 동반하여야 참여 가능 합 니다. - 행 사 문 의 행사안내 │ 궁능 활용 프로그램 전화 상담실 (☎ 1522-2295) 예 매 안 내 │ 티켓링크 전화 상담실(☎ 1588-7890) [예매 안내] - 예매 금액: 1매 10,000원(1인 최대 2매 예매 가능) - 예매처: 티켓링크 ( 예매하러 가기 <<클릭 ) - 예매 방법: 선착순 예매 - 예매 일정: 2025년 4월 8일(화) 15시 - 할인 정보 구분 할인 대상 현장 확인 증빙자료 할인율 장애의 정도가 심한 장애인 ( 구 1~3 급 ) 본인 + 동반 1 인 장애인복지카드 50% 장애의 정도가 심하지 않은 장애인 ( 구 4~6 급 ) 본인만 국가유공자 본인만 국가유공자증 * 장애의 정도가 심한 장애인 = 구 1~3급 / 장애의 정도가 심하지 않은 장애인 = 구 4~6급 * 할인은 예매 시 적용 가능하며, 일반 권종으로 예매 후 현장에서 할인 적용(차액 환불)이 불가합니다. * 현장 확인 증빙자료 미지참 시 차액 결제, 환불, 행사 참여가 불가한 점 양해 부탁드립니다. [예매 유의사항] [티켓 예매] 본 행사의 티켓은 정식 예매처인 티켓링크를 통한 100% 사전 예약 판매를 원칙으로 하며, 그 외의 경로나 현장 판매는 진행되지 않습니다. 부정 예매 및 암표 거래 방지를 위해 신용카드 결제만 가능합니다. 예매하신 본인 입장이 원칙이며, 타인 양도가 불가합니다. 본 행사는 창덕궁 금호문 건너편에 위치한 예매확인처에서 본인확인을 진행합니다. 예매자 본인 명의와 일치하는 신분증(원본) 및 예매내역(예매번호)을 반드시 지참하시길 바랍니다. 실물 티켓은 별도로 제공되지 않습니다. 부정한 방법(매크로 사용, 우선 예매 URL 공유 등)으로 예매하거나 불법 암표 매매 목적으로 구매하는 경우 적발 시 해당 티켓은 사전 통보 없이 예매 취소 및 사용을 제한할 수 있습니다. 불법 암표 거래(프리미엄 티켓 판매, 티켓 양도 사기)로 선량한 예매자의 피해가 발생하고 있습니다. 이로 인한 문제 발생 시 행사 주최·주관사, 예매처는 책임지지 않습니다. 반드시 정식 예매처를 통해 예매하시길 바랍니다. 행사 시 촬영한 사진 및 영상은 궁중문화축전의 공식 홍보 및 연구, 발간 자료 등에 활용될 수 있습 니다. [취소 및 환불] 예매하신 티켓의 취소와 환불은 예매처의 규정을 준수합니다. 취소 마감 시간(행사 전일 12시) 이전 티켓 취소 시 100% 환불되며, 취소 수수료가 발생하지 않습니다. 취소 마감 시간(행사 전일 12시) 경과 후 티켓 취소 및 변경이 불가합니다. 취소 마감 시간(행사 전일 12시) ~ 티켓 판매 마감 시간(행사 전일 13시)에 구매하신 티켓 또한 취소 및 변경이 불가합니다. [프로그램 안내] 김서울 작가의 ‘오감을 열어 창덕궁을 걷는 시간’ 도시의 소음이 잦아드는 이른 아침, 창덕궁이 조용히 문을 엽니다. 고요 속에서 천천히 걸으며, 궁궐에 스며든 숨은 이야기와 감각을 깨워볼까요? 이번 산책은 궁궐이 조금 낯설었던 분들도 자연스럽게 그 아름다움 속으로 스며들 수 있는 시간입니다. 눈앞에 펼쳐지는 고궁의 풍경, 발끝에서 전해지는 흙의 감촉, 귀를 기울이면 들려오는 이슬 맺힌 기둥의 속삭임까지. 오감을 열어 창덕궁을 온전히 느껴보세요. 높게만 보였던 처마 아래에서 오래도록 자리를 지켜온 초석과 나무의 결을 느끼고, 궁궐의 구석구석을 거닐며, 고요한 아침 속에서 차분히 새겨지는 기억을 만나게 됩니다. 아침 햇살이 깃드는 시간, 창덕궁에서 함께 걸어볼까요? 김서울 작가 박물관과 유물, 유적의 이야기를 글로 풀어내는 박물관 전문 기고가. 《아주 사적인 궁궐 산책》, 《유물즈》, 《박물관 소풍》 등을 집필하며 박물관과 역사를 보다 친근하고 흥미롭게 전하고 있다. 산책 코스 금천교 – 인정전 – 선정전 – 성정각 – 낙선재 – 부용지 영역 – 연경당 – 관람지 영역 – 애련지 영역 <금천교> <인정전> <선정전> <성정각> <낙선재> <부용지 영역> <연경당> <관람지 영역> <애련지 영역> [접수 안내] - 접수 장소: 창덕궁 금호문 건너편 <아침 궁을 깨우다> 예매확인처 - 접수 시간: 1회차 07:10~07:30 2회차 00~00 * 행사 시작 시간 20분 전부터 접수 가능하며, 시작 시간에 맞춰 산책 가이드와 함께 입장합니다. * 사전예약자는 모바일티켓(스마트티켓) 확인 후 입장해주시기 바랍니다. * 원활한 접수 진행을 위해 최소 10분 전에 도착해주시길 바랍니다. * 해당 티켓은 창덕궁 입장료가 포함되어 있습니다. 단, 프로그램 종료 후 창덕궁 관람을 희망하시는 분들은 퇴장 없이 일반 관람은 가능하나 재입장은 불가합니다. [행사 유의사항] 접수 시 유의사항 본 행사는 예매확인처에서 본인확인을 진행합니다. 예매자 본인 명의와 일치하는 신분증(원본) 및 예매내역(예매번호)을 반드시 지참하시길 바랍니다. 모바일 티켓은 관람일 전일 카카오톡 또는 문자로 자동 발송되며, 티켓링크 모바일 티켓을 수령하 지 못하셨을 경우, 티켓링크 마이페이지에서 예매내역 확인 후 입장 가능합니다. 예매자 본인확인이 불가하거나 예매정보와 현장 참여자 정보가 다를 경우 입장이 제한됩니다. 할인 예매 고객께서는 현장 확인 증빙자료를 반드시 지참하시길 바랍니다. 프로그램 시작 후 15분 이상 경과하여 도착할 경우, 행사 참여 및 티켓 환불이 불가합니다. 접수 시 산책 가이드북, 무선 송수신기, 생수 1병이 제공되며 가벼운 산책을 위해 짐 보관 서비스 를 운영합니다. 프로그램 참여 및 관람 유의사항 궁궐 내 모든 공간은 금연 구역입니다. 야외행사의 특성상 행사 전일 20시 기상청 일기예보 기준 5mm 이상 우천예보 시 행사가 취소될 수 있습니다.(사전예매자 개별 안내) 예매 전에 티켓링크 회원정보상의 연락처를 반드시 확인하시길 바라며, 회원정보 오기재로 인한 불이익은 행사 주최·주관사, 티켓사에서 책임지지 않습니다. 창덕궁 후원은 비포장길이므로 안전상의 문제로 휠체어 이용 장애인은 참여가 어렵습니다. 국가유산 보호구역으로 음식물, 인화물질, 놀이기구의 반입이 제한됩니다. 행사 당일 언론 및 방송 취재가 있을 수 있으며, 사전에 개별 고지 없이 촬영될 수 있음을 양해바랍니다. 행사 시 촬영한 사진 및 영상은 궁중문화축전의 공식 홍보 및 연구, 발간 자료 등에 활용될 수 있습 니다. [오시는 길] 서울시 종로구 율곡로 99 창덕궁 - 접수 장소: 창덕궁 금호문 건너편 <아침 궁을 깨우다> 예매확인처 -지하철- 3호선 <안국역> 3번 출구(도보 약 5분) 1·3·5호선 <종로3가역> 7번 출구(도보 약 10분) -버스- <서울돈화문국악당> 하차 간선 109, 151, 162, 171, 172, 272, 710 지선 7025 *창덕궁은 주차 이용이 불가능합니다. 대중교통 이용 바랍니다. [티켓 문의] - 티켓링크 전화 상담실 ☎1588-7890 * 운영기간 평일 (주말·공휴일 제외) * 운영 시간 10:00~19:00 [행사 문의] - 궁능 활용 프로그램 전화상담실 ☎1522-2295 * 성수기: 2025. 4. 1.~ 6. 16., 2025. 9. 4.~11. 9. (매주 월 휴무) 09:30~20:30 (상시운영) * 일반: 성수기 운영기간 외 ( 주 말 , 공휴일 휴무) 09:30~18:00 ( 점심시간 12:00~13:00) * 성수기 운영기간 및 시간은 변동 될 수 있습니다.",https://www.kh.or.kr/jnrepo/upload/jnPrgFestivalProgram/202503/0bfafc907160488a86b332e0ba280610_1742217855668.jpg
26,11회,덕수궁,639,2025 봄 궁중문화축전 스탬프 투어,체험,04.26 ~ 05.04 09:00 ~ 18:00,https://www.kh.or.kr/jnrepo/upload/jnPrgFestivalProgram/202504/a911a0edf38f4ddeb9b2dbe737f063ab_1745635668436.jpg,-,https://www.kh.or.kr/program/view/menu/1292?viewType=ach&idx=639&searchRound=26&searchStTime=&searchEnTime=&searchField=homeAll&searchText=,덕수궁,2025 봄 궁중문화축전 스탬프 투어,체험,종료,체험,현장참여,2025-04-26~2025-05-04,04.26 ~ 05.04 09:00 ~ 18:00,"경복궁, 창덕궁, 덕수궁, 창경궁, 경희궁, 종묘",,,"5 대궁과 종묘를 9 일간 누비며 스탬프를 모아보세요 . 역사적 장소를 배경으로 추억도 쌓고 건강과 리워드는 덤으로 ! 궁중문화축전을 가장 알차게 즐기는 궁중문화축전 스탬프 투어 , 4 월 26 일부터 시작됩니다 . - 일시 : 4. 26.( 토 )~5. 4.( 일 ) 10:00~17:00/ 총 9 일 - 장소 : 5 대궁 및 종묘 [ 참여 방법 ] ① 각 궁의 종합 안내소에서 스탬프 활동지 수령 ( 경복궁 , 덕수궁 , 창덕궁 , 창경궁 종합안내소 / 활동지 소진 시 선착순 마감 ) ② 5 대궁 및 종묘의 스탬프 스팟 10 곳을 방문하여 스탬프 획득 ③ 경복궁 종합 안내소에서 리워드 수령 *리워드 이벤트는 상품 재고에 따라 조기 종료 될 수 있습니다. * 상품 1~50 등 우양산 51~100 등 경회루 텀블러 101~150 등 궁중문화축전 젓가락 151~300 등 2025 봄 궁중문화축전 발매트 300등~ 궁궐 입체 자석 ** 유의사항 ① 궁별 입장료는 별도입니다. ② 완주 기념품은 축전 기간 내 지정된 수령처 ( 경복궁 흥례문 광장 내 종합안내소 ) 에서만 지급 가능합니다. ③ 기념품 중복 수령은 불가하며 1 인 1 회 참여만 가능합니다. ④ 준비된 기념품 수량 소진 시 조기 마감될 수 있습니다. ⑤ 부정 사용 적발 시 기념품 지급 제외됩니다.",https://www.kh.or.kr/jnrepo/upload/jnPrgFestivalProgram/202504/a911a0edf38f4ddeb9b2dbe737f063ab_1745635668436.jpg
26,11회,덕수궁,631,"2025 덕수궁 특별전 ‘대한제국 황궁에 선 양관洋館 ­ 만나고, 간직하다.’",전시,,https://www.kh.or.kr/jnrepo/upload/jnPrgFestivalProgram/202504/e4930a0c15ee4b40a8d73e8fe80ad98b_1744182101848.jpg,-,https://www.kh.or.kr/program/view/menu/1292?viewType=ach&idx=631&searchRound=26&searchStTime=&searchEnTime=&searchField=homeAll&searchText=,덕수궁,"2025 덕수궁 특별전 ‘대한제국 황궁에 선 양관洋館 ­ 만나고, 간직하다.’",전시,종료,전시,현장참여,2025-04-25~2025-05-04,,덕수궁 돈덕전,,02-751-0755,"○ 전시명: 2025 덕수궁 특별전 ‘대한제국 황궁에 선 양관洋館 ­ 만나고, 간직하다.’ ○ 영문명 The Korean Empire's Palace, Built in Western Architecture : Receive and Treasure ○ 기간: 2025. 4. 22.(화) 12시 ~ 2025. 7. 13.(일) ○ 시간: 화~일 9:00~17:30(17시 입장마감) ○ 장소: 덕수궁 돈덕전 기획전시실, 정관헌 ○ 전시품: <석조전 철골콘크리트구조>, <대군주보>, <대황제폐하즉위예식의주>, <석조전 가구> 등 102건 147점 ○ 전시내용 개항으로 유입된 서양식 건축재료와 기술을 조명하고, 황실의 보물을 간직하고, 외국사절과 만남의 공간으로서의 덕수궁 양관의 역할을 살펴봅니다. 전시와 함께 외국사절이 황제를 만나는 돈덕전 폐현실과 황실의 보물을 간직했던 정관헌을 현장 연출을 통해 만나봅니다. ○ 문의: 궁능유적본부 덕수궁관리소(02-751-0755)",https://www.kh.or.kr/jnrepo/upload/jnPrgFestivalProgram/202504/e4930a0c15ee4b40a8d73e8fe80ad98b_1744182101848.jpg
26,11회,덕수궁,588,덕수궁 밤의 석조전,체험,,https://www.kh.or.kr/jnrepo/upload/jnPrgFestivalProgram/202503/17b3aec5d18f402bb4e09eba1ed1ecda_1742220764022.JPG,석조전,https://www.kh.or.kr/program/view/menu/1292?viewType=ach&idx=588&searchRound=26&searchStTime=&searchEnTime=&searchField=homeAll&searchText=,덕수궁,덕수궁 밤의 석조전,체험,종료,체험,사전예약,2025-04-25~2025-05-04,,덕수궁 석조전,,,"1. 행사 개요 ○ 행사명 : 2025년 덕수궁 밤의 석조전(상반기) ○ 행사일자 : 2025. 4. 8.(화) ~ 5. 25.(일) * 기간 중 매주 수~일요일 운영을 기본으로 하나, 아래 일자에는 동일 주간의 화요일에 대체 운영 * 4. 12.(토) → 4. 8.(화) * 5. 7.(수) → 5. 6.(화) * 5. 23.(금) → 5. 20.(화) ○ 행사시간 : (1회차) 18:15 / (2회차) 18:50 / (3회차) 19:25 * 회당 90분 내외 소요 ○ 행사장소 : 덕수궁 석조전 ○ 참여인원 : 회차당 18명 / 1일 54명 ○ 관람연령 : 7세 이상(2018년 이전 출생자) *<덕수궁 밤의 석조전>은 야간에 진행되는 행사로 미취학 연령(2019년 이후 출생자)는 안전상의 이유로 참여가 불가한 점 양해 부탁드립니다. * 취학 연령 및 청소년(2007년 ~ 2018년 출생자)은 반드시 보호자 동반하여야 입장 가능합니다. 2. 예매 안내 ★ 본 안내 페이지 정독 후 모든 안내사항에 동의하시는 경우에만 응모 및 예매해주시기 바라며, 모든 예매자는 안내 내용을 숙지 및 동의하신 것으로 간주합니다.★ ○ 예매금액 : 1매 26,000원 (*추첨 당첨시 1인 2매까지 예매 가능) ○ 예매처 : 티켓링크 (www.ticketlink.co.kr) ○ 예매방법 : 우선 예매권 추첨제(온라인) 및 전화 예매 [우선 예매권 추첨제] ○ 밤의 석조전 예매권 응모에 참여 후 추첨을 통해 당첨된 분들만 예매에 참여하는 방식 - 예매권 추첨 응모 → 추첨 당첨자 발표 → 당첨자 우선 예매 → 잔여석 일반 예매(*선착순) ① 예매권 추첨 응모 - 응모페이지 접속 및 로그인 → 매수 선택(1인 최대 1매) → 결제 진행(0원) → 응모 완료 * 한 ID당 1회 응모 가능하며, 당첨 시 1인 최대 2매 예매 가능합니다. * 응모단계에서는 비용이 발생하지 않습니다. ② 추첨 당첨자 발표 - ‘국가유산진흥원’ 홈페이지 공지 - 예매처 회원정보에 기입된 휴대폰 번호로 개별 안내 문자 발송 * 예매처 회원정보 내 휴대폰 번호를 사전에 확인·수정하시기 바랍니다. ③ 당첨자 우선 예매 - 예매페이지 접속 및 로그인 → 당첨자 인증(개인정보 입력) → 관람일자 및 회차 선택 → 클린예매 서비스 보안문자 입력 → 좌석, 예매 매수, 음료 선택(1인 최대 2매) → 결제진행 및 예매완료 * 예매권 당첨자는 ‘당첨자 우선 예매’ 기간 내 원하시는 회차 및 좌석을 선착순으로 선택 및 예매할 수 있습니다. * 당첨자 우선 예매 기간 내 티켓 결제를 완료해야 예약이 확정됩니다. * 기한 내 티켓 결제를 완료하지 않은 경우 당첨이 취소되며, 이를 숙지하지 못해 발생하는 문제는 주최, 주관사, 예매처가 책임지지 않습니다. * 당첨자 우선 예매 페이지의 URL 무단 공유를 금하며, 부정 예매 적발 시 자동으로 티켓이 취소됩니다. * 응모 정보와 결제 정보가 다를 경우 예매는 자동으로 취소됩니다. * 당첨자 우선 예매를 통해 티켓을 구매하신 경우, 잔여석 일반 예매 시 추가 구매가 어려운 점 양해 바랍니다. (ID 제한) ④ 잔여석 일반 예매 - 예매페이지 접속 및 로그인 → 관람일자 및 회차 선택 → 클린예매 서비스 보안문자 입력 → 좌석, 예매 매수, 음료 선택 → 결제진행 및 예매완료 * 당첨자 우선 예매 기간 종료 후 발생한 잔여석에 한하여 일반 예매(선착순)로 전환 * 1인 2매까지 예매 가능 3. 예매 일정 ○ 예매권 추첨 응모 : 2025. 3. 19.(수) 14:00 ~ 3. 25.(화) 23:59 / 7일간 ○ 추첨 당첨자 발표 : 2025. 3. 27.(목) 14:00 이후 ○ 당첨자 우선 예매 : 2025. 3. 28.(금) 14:00 ~ 3. 31.(월) 23:59 / 4일간 ○ 잔여석 일반 예매 : 2025. 4. 2.(수) 14:00 ~ 행사 당일 10:00까지 4. 전화 예매 ○ 예매대상 : 65세 이상(1960년 이전 출생자), 국가유공자, 장애인 ○ 예매방법 : 티켓링크 전화 상담실(☎1588-7890) ○ 예매일시 : 2025. 4. 2.(수) 14:00 ~ * 전화 상담실 운영시간 : 평일 10:00~19:00 (주말·공휴일 미운영) * 현장에서 증빙자료를 확인할 예정이오니 신분증(국가유공자증, 장애인복지카드 등)을 반드시 지참해주시기 바랍니다. * 전화 예매 및 할인 티켓은 예매자 본인 참여가 원칙이며 가족 양도가 불가합니다. 5. 할인 정보 ○ 장애의 정도가 심한 장애인(구 1~3급) : 본인 + 동반 1인 50%할인/ 장애인 복지카드 지참 ○ 장애의 정도가 심하지 않은 장애인(구 4~6급) : 본인만 50%할인 / 장애인 복지카드 지참 ○ 국가유공자 : 본인만 / 국가유공자증 / 50%할인 * 할인은 예매 시 적용 가능하며, 일반 권종으로 예매 후 현장에서 할인 적용(차액 환불)이 불가합니다. * 현장 확인 증빙자료 미지참 시 차액 결제, 환불, 행사 참여가 불가한 점 양해 부탁드립니다. 6. 예매시 유의사항 [티켓 예매] ○ 본 행사의 티켓은 정식 예매처인 예매처를 통한 100% 사전예약 판매를 원칙으로 하며, 그 외의 경로나 현장 판매는 진행되지 않습니다. ○ 1인 최대 2매 예매 가능합니다. ○ 부정 예매 및 암표 거래 방지를 위해 신용카드 결제만 가능합니다. ○ 예매하신 본인 입장이 원칙이며, 타인 양도가 불가합니다. ○ 단, 가족 관계일 경우 예매자 및 양도받으실 가족 본인의 신분증과 가족 관계 증빙자료(주민등록등본, 가족관계증명서) 지참 시에만 예외적으로 양도가 가능합니다. * 법적 정의(민법 제779조)에 따른 ‘가족’만 해당(배우자, 직계혈족, 형제자매) * 단, 전화 예매 및 할인 티켓은 예매자 본인 참여가 원칙이며 가족 양도 불가 ○ 본 행사는 덕수궁에 마련되는 예매확인처에서 본인확인을 진행합니다. 예매자 본인 명의와 일치하는 신분증(원본) 및 예매내역(예매번호)을 반드시 지참해주시기 바랍니다. ○ 실물 티켓은 별도로 제공되지 않습니다. ○ 부정한 방법(매크로 사용, 우선 예매 URL 공유 등)으로 예매하거나 불법 암표 매매 목적으로 구매하는 경우 적발 시 해당 티켓은 사전 통보 없이 예매 취소 및 사용을 제한할 수 있습니다. ○ 불법 암표 거래(프리미엄 티켓 판매, 티켓 양도 사기)로 선량한 예매자의 피해가 발생하고 있습니다. 이로 인한 문제 발생 시 행사 주최·주관사, 티켓사는 책임지지 않습니다. 반드시 정식 예매처를 통해 예매해주시기 바랍니다. ○ 본 행사 진행 중 기록촬영으로 인해 관람객 초상이 노출되거나 촬영될 수 있으니 이 점 양지하시어 티켓을 예매하시길 바랍니다. [취소 및 환불] ○ 예매하신 티켓의 취소와 환불은 예매처의 규정을 준수합니다. ○ 취소 마감 시간(행사 전일 17시) 이전 티켓 취소 시 100% 환불되며, 취소 수수료가 발생하지 않습니다. ○ 취소 마감 시간(행사 전일 17시) 경과 후 티켓 취소 및 변경이 불가합니다. ○ 행사 전일 오후 6시 ~ 행사 당일 오전 10시에 구매하신 티켓 또한 취소 및 변경이 불가합니다. 7. 프로그램 안내 ○ 석조전 야간 탐방 : 고즈넉한 덕수궁, 환하게 밝혀진 석조전 탐방을 시작합니다. 해설사와 함께 대한제국 황실의 일상을 엿보고 석조전이 품고 있는 특별한 이야기를 들어보세요. [관람동선] ① (1층) 중앙홀 → ② (1층) 석조전 건립 → ③ (2층) 황실 가계 → ④ (2층) 황제 침실 → ⑤ (2층) 황제 서재 → ⑥ (2층) 황후 거실 → ⑦ (2층) 황후 침실 → ⑧ (2층) 테라스 카페 → ⑨ (1층) 접견실 → ⑩ (1층) 중앙홀 퇴장 ○ 테라스 카페 체험 : 이국적인 분위기로 가득한 공간 석조전 테라스에서 작은 카페가 열립니다. 편안하게 들려오는 클래식 연주 속에서 황실 가배와 달콤한 디저트를 즐기는 순간을 선사합니다. * 테라스 카페는 2인 지정석으로 운영되며, 예매 시 선택하신 좌석은 예매 완료 후, 임의로 변경이 불가능합니다. [디저트] *3종 제공 - 오렌지 파운드케이크 : 재료를 1파운드씩 넣어 만든 데서 유래한 ‘파운드케이크’, 오렌지를 넣어 상큼함을 더했습니다. - 무화과 피낭시에 : 코코넛 럼에 절인 쫀득한 무화과 콤포트를 넣어만든 ‘피낭시에’입니다. - 흑임자 사브레 : ‘사브레’는 프랑스어로 ‘모래’라는 뜻으로, 모래철머 바스러지는 식감에 고소한 흑임자를 더한 쿠키입니다. [음료] *4종 중 택 1 - 가배(咖啡, 커피) : 당시 커피의 영어 발음에서 따온 말로 ‘가배차’, ‘가비차’로 불렸으며, 검은 색감과 쓴맛이 탕약과 비슷하다 하여 ‘양탕국’으로 불리기도 함. (따뜻한 커피 / 차가운 커피 중 선택 가능) - 온감차(溫甘茶) : 몸을 따뜻하게 해주는 4가지 재료 생강, 대추, 계피, 감초를 넣어 옅은 수정과 맛을 즐길 수 있는 건강차 (온음료) - 상심자차(桑椹子茶, 오디차) : 뽕나무의 열매를 ‘오디’라고 하며, 또 다른 이름으로 ‘상심자’라고 함. 상심자로 청을 담아 만든 건강차 (냉음료) * 예매 시 선택한 음료 1종이 제공되며, 현장에서의 변경은 불가합니다. ○ 접견실 뮤지컬 관람 [뮤지컬 소개] 헤이그특사 파견 이후 강제로 퇴위한 ‘고종’과 황위를 물려받아 즉위하였으나 무력감에 빠진 ‘순종’, 그의 곁에서 위로와 용기를 전하는 ‘순정효황후’. 대한제국의 꿈을 담아 완공된 석조전안에서 다시 한 번대한의 이름을 이어나갈 다짐을 되새기는 1910년의 어느 날. 음악에 담아 전하는 대한민국 황실의 이야기가 펼쳐집니다. [출연진] 고종(박종원, 임재현) / 순종(김진철, 유민휘) / 순정효황후(배희진, 정수빈) *본 공연은 실존 인물을 바탕으로 각색 · 연출된 창작 뮤지컬 입니다. *공연 중 사진, 동영상 촬영, 녹음, 플래시 사용이 불가합니다. 8. 접수 안내 ○ 접수 장소 : 덕수궁 대한문 매표소 앞 <덕수궁 밤의 석조전> 예매확인처 ○ 접수 시간 : (1회차) 17:55~18:15 (2회차) 18:30~18:50 (3회차) 19:05~19:25 * 각 회차별 행사 시작 시간 20분 전부터 접수 및 덕수궁 입장이 가능합니다. * 원활한 접수 진행을 위해 최소 10분 전에 도착해주시기 바랍니다. * 접수 시간 이전에 덕수궁 입장(일반 관람)하고자 하시는 경우, 덕수궁 매표소에서 별도 입장료를 지불하셔야 합니다. 단, 일반 관람이 끝난 후 덕수궁을 퇴장하시어 접수시간 내에 대한문 접수처에 다시 방문하셔야 합니다. 9. 유의사항 안내 [접수 시 유의사항] ○ 본 행사는 예매확인처에서 본인확인을 진행합니다. 예매자 본인 명의와 일치하는 신분증(원본) 및 예매내역(예매번호)을 반드시 지참해주시기 바랍니다. ○ 예매자 본인확인이 불가하거나 예매정보와 현장 참여자 정보가 다를 경우 입장이 제한됩니다. ○ 할인 예매 고객께서는 현장 확인 증빙자료를 반드시 지참해주시기 바랍니다. ○ 접수 시간이 경과하면 행사 참여에 제한이 있을 수 있습니다. [관람 시 유의사항] ○ 석조전과 화장실의 위치가 멀기 때문에 행사 시작 후에는 화장실 이용이 어렵습니다. 행사 시작 전 미리 화장실을 이용하시길 권장드립니다. ○ 행사는 약 90분간 진행되며, 석조전 내부에서는 슬리퍼로 갈아신는 관계로 탈착이 편한 신발을 착용해주시기 바랍니다. ○ 행사 중 플래시 사용, 삼각대 사용, 음식물 반입을 금합니다. ○ 해설 중에는 녹음과 영상 촬영을 금합니다. 뮤지컬 중에는 사진 촬영 또한 불가하며, 무단 촬영 시 제재 및 삭제 조치가 있을 수 있습니다. ○ 거동이 불편하신 고객께서는 추후 연락드리는 운영사무국을 통해 휠체어 탑승 여부를 알려 주시기 바라며, 동선에 계단이 포함된 관계로 사전 협의 후 별도 동선으로 안내드리는 점 양해 부탁드립니다. [우천 시 안내] ○ 본 행사는 우천 시에도 취소 없이 운영됩니다. ○ 변동 및 안내사항은 문자로 우선 안내됩니다. 예매 전에 예매처 회원정보 상의 연락처를 반드시 확인하시기 바라며, 회원정보 오기재로 인한 불이익은 행사 주최·주관사, 예매처에서 책임지지 않습니다. 10. 오시는 길 ○ 지하철 : <시청역> 1호선 2번 출구, 2호선 12번 출구 * 덕수궁은 주차 이용이 불가능합니다. 대중교통 이용 바랍니다. 11. 문의 ○ 티켓 문의 : 예매처 전화상담실(☎1588-7890) * 운영 기간 : 평일(주말, 공휴일 제외) * 운영 시간 : 10:00~19:00 ○ 행사 문의 : 궁능 활용프로그램 전화상담실(☎1522-2295) [성수기] * 운영 기간 : 2025. 4. 1.~ 6. 16. / 2025. 9. 4.~11. 9. (매주 월 제외) * 운영 시간 : 09:30~20:30(상시운영) [일반] * 운영 기간 : 성수기 운영기간 외(주말, 공휴일 제외) * 운영 시간 : 09:30~18:00(점심시간 12:00~13:00) ※ 성수기 운영기간 및 시간은 변동될 수 있습니다.",https://www.kh.or.kr/jnrepo/upload/jnPrgFestivalProgram/202503/17b3aec5d18f402bb4e09eba1ed1ecda_1742220764022.JPG
26,11회,덕수궁,587,궁중문화축전 길놀이-덕수궁,공연,토 14:00 / 16:00(50분),https://www.kh.or.kr/jnrepo/upload/jnPrgFestivalProgram/202503/94a448730fd04484ba5b5472bf1eb08c_1743145324957.jpg,궁중놀이방 덕수궁,https://www.kh.or.kr/program/view/menu/1292?viewType=ach&idx=587&searchRound=26&searchStTime=&searchEnTime=&searchField=homeAll&searchText=,덕수궁,궁중문화축전 길놀이-덕수궁,공연,종료,공연,현장참여,2025-04-26~2025-04-26,토 14:00 / 16:00(50분),덕수궁 석조전~광명문,,,"신명나는 궁중문화축전 길놀이를 즐겨보세요! - 일시: 4월 26일(토) 1회차-14:00, 2회차-16:00(각 회당 50분) - 장소: 덕수궁 일대 - 동선: 돈덕전(출발)→중화문 →광명문 →중화전→중화전 사잇길 →석조전",https://www.kh.or.kr/jnrepo/upload/jnPrgFestivalProgram/202503/94a448730fd04484ba5b5472bf1eb08c_1743145324957.jpg
26,11회,덕수궁,586,궁중놀이방-덕수궁,체험,,https://www.kh.or.kr/jnrepo/upload/jnPrgFestivalProgram/202503/af09b823ec1742748324933337431047_1742219706454.jpg,궁중놀이방,https://www.kh.or.kr/program/view/menu/1292?viewType=ach&idx=586&searchRound=26&searchStTime=&searchEnTime=&searchField=homeAll&searchText=,덕수궁,궁중놀이방-덕수궁,체험,종료,체험,현장참여,2025-04-26~2025-05-04,,덕수궁 함녕전,,,"기와지붕 사이로 햇살이 살랑이고, 고궁 마당에는 조선의 바람이 머물러 있죠. 그 속에서 귀엽고 익살스러운 궁이둥이가 여러분을 기다리고 있어요! 궁중문화축전을 대표하는 마스코트 ‘궁이둥이’가 준비한 궁중놀이방 “궁궐에서 신나게 놀 준비 됐나요? 조선시대 속 아이들은 어떻게 놀았을까요?” 궁이둥이와 함께 전통 놀이를 즐기고 역사와 함께 재미까지 한가득 담아갈 수 있는 공간 궁중놀이방으로 관람객 여러분을 초대합니다. [프로그램 개요] - 운영 기간: 2025. 4. 26.(토)-5. 4.(일) - 운영 시간: 10:00 ~ 17:00(*12:00~13:00 점심시간 미운영) - 장소: 경복궁 집경당, 덕수궁 함녕전 - 참여 인원: 제한없음 [프로그램 안내] ** 궁이둥이를 이겨라! 공기놀이, 제기차기, 딱지치기 등 쉽고 간편한 궁중 놀이 대결! 과연, 궁이둥이를 이길 수 있을까요? 도전하세요! **궁퀴즈 궁궐, 역사, 전래동화 등 다양한 문제를 맞혀보는 재미있는 퀴즈 대결! 궁중문화와 친해질 수 있는 최고의 기회! ** 궁생샷 궁중문화축전을 오래도록 기억할 수 있도록, 궁 곳곳에서 특별한 기념사진을 찍어드립니다! 멋진 고궁 배경과 함께 소중한 순간을 남겨보세요. 궁중놀이방에서 재미도 배우고, 추억도 남기는 특별한 시간을 경험해보세요! [행사 유의사항] 프로그램 참여관련 유의사항 궁중놀이방은 누구나 참여할 수 있으며, 관람객 참여 확대를 위해 참여 횟수는 1인 1회로 한정합 니다. 준비된 재료가 소진될 경우 조기 마감될 수 있습니다. 궁궐 내 모든 공간은 금연 구역입니다. 국가유산 보호구역으로 음식물, 인화물질, 놀이기구의 반입이 제한됩니다. 행사 당일 언론 및 방송 취재가 있을 수 있으며, 사전에 개별 고지 없이 촬영될 수 있음을 양해바랍니다. 행사 시 촬영한 사진 및 영상은 궁중문화축전의 공식 홍보 및 연구, 발간 자료 등에 활용될 수 있습 니다. 오시는 길 ① 경복궁 서울시 종로구 사직로 161 -지하철- 3호선 <경복궁역> 5번 출구 3호선 <안국역> 1번 출구 5호선 <광화문역> 2번 출구 -버스- <경복궁> 하차 간선 109, 171, 272, 601, 606, 710 지선 1020, 7025 ② 덕수궁 서울시 중구 세종대로 99 -지하철- 1·2호선 <시청역> 2번 출구 5호선 <광화문역> 2번·6번 출구 -버스- <시청앞·덕수궁> 하차 간선 103, 150, 401, 402, 406 지선 1711, 7016, 7022 일반 790, 799 <서울신문사> 하차 간선 101, 150, 402, 501, 506, 708 지선 1711, 7016",https://www.kh.or.kr/jnrepo/upload/jnPrgFestivalProgram/202503/af09b823ec1742748324933337431047_1742219706454.jpg
26,11회,덕수궁,585,황제의 식탁,체험,"일,목,금,토 13:00 / 18:30(80분)",https://www.kh.or.kr/jnrepo/upload/jnPrgFestivalProgram/202503/02abbc0071a549c6ab4263ff33a76124_1742219476214.JPG,황제의 식탁,https://www.kh.or.kr/program/view/menu/1292?viewType=ach&idx=585&searchRound=26&searchStTime=&searchEnTime=&searchField=homeAll&searchText=,덕수궁,황제의 식탁,체험,종료,체험,사전예약,2025-05-01~2025-05-04,"일,목,금,토 13:00 / 18:30(80분)",덕수궁 중명전,,,"' 황제의 식탁 ' 이 열리는 중명전은 1899 년쯤 대한제국 시절에 지어졌습니다 . 대한제국은 조선 말기인 1897 년 , 고종이 세운 황제국가로 자주적인 근대국가를 꿈꿨지만 , 안타깝게도 1910 년 일본에 국권을 빼앗긴 짧은 역사를 가지고 있습니다 중명전의 당시 이름은 수옥헌이었고 , 황제의 서재로 사용했습니다 . 하지만 1904 년 , 덕수궁에 큰 화재가 나서 주요 전각들이 대부분 잿더미가 되는 바람에 수옥헌이 황제의 임시 거처가 됩니다 . 그러면서 이름도 ' 중명전 ' 으로 바뀌었습니다 . ' 밝은 빛이 이어진다 ' 라는 뜻이 담긴 중명전은 이름처럼 밝고 화려한 국빈 연회들도 열렸지만 사실상 1905 년 일본이 한국의 외교권을 박탈하기 위해 강제로 체결되었던 ' 을사늑약 ' 이 체결된 비운의 장소이기도 합니다 . 일제강점기 이후에는 민간에서 활용하다가 , 2009 년에 복원공사를 거쳐 2010 년에 전시관으로 개관하기도 하였습니다 . 중명전은 아픈 과거의 기록을 가지고 있는 역사적 장소이긴 하지만 오늘 여러분들은 ‘ 황제의 식탁 ' 프로그램을 통해서 대한제국 당시의 불안정한 정세 속에서 나라의 위기를 극복하고 , 밝은 미래로 나아가려했던 황제의 의지와 당시의 외교문화를 엿볼 수 있는 시간이 되길 바랍니다 . - 일시 : 5. 1. ( 목 )~5. 3.( 토 ) 13:00, 18:30(80 분 ) / 총 3 일 장소 : 덕수궁 중명전 - 참여인원 : 120 명 ( 외국인 대상 ) - 운영방법 : 외국인 전용 프로그램으로 크리에이트립에서 예약 진행 본식 메뉴 전유어 , 편육 , 화양적 , 전복초 , 장김치 , 골동면 , 초간장 디저트 메뉴 원소병 , 생이 , 포도 , 연근 정과 , 도라지 정과",https://www.kh.or.kr/jnrepo/upload/jnPrgFestivalProgram/202503/02abbc0071a549c6ab4263ff33a76124_1742219476214.JPG
26,11회,덕수궁,584,풍류+디즈니,공연,"일,목 16:00 ~ 17:00(60분)",https://www.kh.or.kr/jnrepo/upload/jnPrgFestivalProgram/202503/7abdd27e70ab4c749e331f73194825fa_1743145471825.jpg,풍류+디즈니,https://www.kh.or.kr/program/view/menu/1292?viewType=ach&idx=584&searchRound=26&searchStTime=&searchEnTime=&searchField=homeAll&searchText=,덕수궁,풍류+디즈니,공연,종료,공연,현장참여,2025-04-27~2025-05-04,"일,목 16:00 ~ 17:00(60분)",덕수궁 즉조당,,,,https://www.kh.or.kr/jnrepo/upload/jnPrgFestivalProgram/202503/7abdd27e70ab4c749e331f73194825fa_1743145471825.jpg
26,11회,덕수궁,583,황실취미회,체험,,https://www.kh.or.kr/jnrepo/upload/jnPrgFestivalProgram/202503/99a34cf3ec224986a8654d9f7883930e_1742218727552.jpg,황실,https://www.kh.or.kr/program/view/menu/1292?viewType=ach&idx=583&searchRound=26&searchStTime=&searchEnTime=&searchField=homeAll&searchText=,덕수궁,황실취미회,체험,종료,체험,현장참여,2025-04-26~2025-05-04,,덕수궁 덕홍전,,,○ 행사일시 : 4. 26.( 토 )~5. 4.( 일 ) 10:00~19:00( 상설운영 )/ 총 9 일 ○ 행사장소 : 덕수궁 덕홍전 ○ 운영방법 : 무료 / 현장참여제 ○ 행사내용 : 고종의 취미와 여가생활 ( 사교클럽 ) 로 구성된 체험 프로그램 ○ 세부 프로그램 1. 고종의 사교클럽 -고종의 취미를 재구성한 포토존 -10:00~19:00 2. 양탕국 라운지 -고종이 즐겨 마셨던 양탕국 추출법 시연 -10:30/12:00/15:00/18:00 -회차 시작 10분 전부터 선착순으로 번호표를 제공합니다. (회당 100명) 3. 고종이 사랑한 음악 -덕홍전에서 펼쳐지는 작은 음악회 -다양한 장르의 음악을 즐겼던 고종의 노래를 들어보는 크로스오버 국악 공연(출연진: 프로젝트 상흠) -13:00/17:00 -고,https://www.kh.or.kr/jnrepo/upload/jnPrgFestivalProgram/202503/99a34cf3ec224986a8654d9f7883930e_1742218727552.jpg
26,11회,창경궁,640,2025 봄 궁중문화축전 스탬프 투어,체험,04.26 ~ 05.04 09:00 ~ 18:00,https://www.kh.or.kr/jnrepo/upload/jnPrgFestivalProgram/202504/444d79ed62d44749925b5026836df37b_1744625737906.jpg,-,https://www.kh.or.kr/program/view/menu/1292?viewType=ach&idx=640&searchRound=26&searchStTime=&searchEnTime=&searchField=homeAll&searchText=,창경궁,2025 봄 궁중문화축전 스탬프 투어,체험,종료,체험,현장참여,2025-04-26~2025-05-04,04.26 ~ 05.04 09:00 ~ 18:00,"경복궁, 창덕궁, 덕수궁, 창경궁, 경희궁, 종묘",,,"5 대궁과 종묘를 9 일간 누비며 스탬프를 모아보세요 . 역사적 장소를 배경으로 추억도 쌓고 건강과 리워드는 덤으로 ! 궁중문화축전을 가장 알차게 즐기는 궁중문화축전 스탬프 투어 , 4 월 26 일부터 시작됩니다 . - 일시 : 4. 26.( 토 )~5. 4.( 일 ) 10:00~17:00/ 총 9 일 - 장소 : 5 대궁 및 종묘 [ 참여 방법 ] ① 각 궁의 종합 안내소에서 스탬프 활동지 수령 ( 경복궁 , 덕수궁 , 창덕궁 , 창경궁 종합안내소 / 활동지 소진 시 선착순 마감 ) ② 5 대궁 및 종묘의 스탬프 스팟 10 곳을 방문하여 스탬프 획득 ③ 경복궁 종합 안내소에서 리워드 수령 *리워드 이벤트는 상품 재고에 따라 조기 종료 될 수 있습니다. * 상품 1~50 등 우양산 51~100 등 경회루 텀블러 101~150 등 궁중문화축전 젓가락 151~300 등 2025 봄 궁중문화축전 발매트 300등~ 궁궐 입체 자석 ** 유의사항 ① 궁별 입장료는 별도입니다. ② 완주 기념품은 축전 기간 내 지정된 수령처 ( 경복궁 흥례문 광장 내 종합안내소 ) 에서만 지급 가능합니다. ③ 기념품 중복 수령은 불가하며 1 인 1 회 참여만 가능합니다. ④ 준비된 기념품 수량 소진 시 조기 마감될 수 있습니다. ⑤ 부정 사용 적발 시 기념품 지급 제외됩니다.",https://www.kh.or.kr/jnrepo/upload/jnPrgFestivalProgram/202504/444d79ed62d44749925b5026836df37b_1744625737906.jpg
26,11회,창경궁,592,창경궁 물빛연화,체험,"일,월,화,수,목,금,토 20:00 ~ 21:00",https://www.kh.or.kr/jnrepo/upload/jnPrgFestivalProgram/202503/4b7fa7504b2941d984bc637906d73cf1_1742221796508.jpg,물빛연화,https://www.kh.or.kr/program/view/menu/1292?viewType=ach&idx=592&searchRound=26&searchStTime=&searchEnTime=&searchField=homeAll&searchText=,창경궁,창경궁 물빛연화,체험,종료,체험,현장참여,2025-04-26~2025-05-04,"일,월,화,수,목,금,토 20:00 ~ 21:00",창경궁 춘당지,,,"1. 행사 안내 ○ 행사기간 : 2025. 3. 7.(금) ~ 4. 13.(일) *휴궁일(월) 제외 * 해당 기간은 부분운영으로 운영됩니다. ○ 행사시간 : 19:00~21:00 * 창경궁 입장마감은 20:00입니다. ○ 행사장소 : 창경궁 춘당지 일대 ○ 관람방식 : 자유관람 2. 행사 문의 ○ 행사안내 : 궁능 활용 프로그램 전화 상담실 (☎ 1522-2295) - 성수기 · 운영기간 : 2025. 4. 1. ~ 6. 16./ 2025. 9. 4. ~ 11. 9. * 매주 월 제외 · 운영시간 : 9:30 ~ 20:30(상시운영) - 일반 · 운영기간 : 2성수기 운영기간 외 * 주말, 공휴일 제외 · 운영시간 : 9:30 ~ 18:30(점심시간: 12:00~13:00) * 성수기 운영기간 및 시간은 변동 될 수 있습니다. * 궁능사업실 궁중문화축전팀 (02-3210-4635) 3. 행사 안내 ○ 제1경 대화의 물길 (진입로) - 물빛연화의 제1경‘대화의 물길’입니다. 한자어 ‘대화할 화(話)’를 모티브를 한 공간으로 궁과 함께 시간을 지내온 소나무가 빛과 함께 호흡을 이룹니다. 현재의 시간에서 잠시 벗어나 창경궁의 시간에서 궁과의 깊은 대화로 들어가게 됩니다. ○ 제2경 물빛연화 (대춘당지) * 해당 구간은 전체상영 기간에만 운영됩니다. - 물빛연화의 제2경‘물빛연화’ 입니다. 한자어 ‘피어날 화(花)’를 모티브로 창경궁의 보여지는 아름다움과 보이지 않는 아름다움 모든 것이 대춘당지의 물빛에 조화를 이룬다는 내용을 담았습니다. 창경궁의 희노애락을 물빛으로 수놓으며 조화와 공존의 꽃이 현대인의 내면에 작은 물빛으로 피어날 수 있도록 연출되었습니다. ○ 제3경 백발의 빛 (백송나무) - 물빛연화의 제3경은‘백발의 빛’입니다. 한자어 ‘채색할 화(畵)’를 모티브로 창경궁과 함께 세월을 보내온 백송나무를 궁의 백발로 빗대어 표현합니다. 백송의 백발이 빛깔로 채색되는 모습을 통해 화려하고 웅장했던 창경궁을 회상하게 됩니다. ○ 제4경 조화의 빛 (대온실) - 물빛연화의 제4경은‘조화의 빛’입니다. 한자어 빛날 화(華)에서 모티브를 얻었습니다. 대온실은 근대 건축의 선진성과 더불어 제국주의 문화침탈의 비극을 동시에 보여주는 역사적 시설입니다. 조명을 통해 물빛 위에 떠오른 보석함 같은 풍경을 연출하여 역사의 아픔을 딛고 이제는 전통과 근대가 공존하는 빛을 이루는 창경궁의 조화, 승화의 가치를 보여줍니다. ○ 제5경 물의 숨결 (소춘당지) * 해당 구간은 전체상영 기간에만 운영됩니다. - 물빛연화의 제 5경은‘물의 숨결’입니다. 한자어 예쁠 화(婲)에서 모티브를 얻었습니다. 창경궁의 나무숲 사이에 숨겨진 듯한 소춘당지의 잔잔한 수면 위에 떨리는 미세한 음과 빛의 울림은 창경궁에 깃든 희로애락의 기억과 감정을 느끼게 합니다. ○ 제6경 화평의 빛 (산책로) - 물빛연화의 제6경은‘화평의 빛’입니다. 한자어 화평할 화(訸)에서 모티브를 얻은 것으로 빛으로 수놓은 길을 따라 걸으며 승화의 기운을 느끼게 합니다. 현재를 살아가는 우리에게 지나온 시간, 현재의 순간 그리고 앞으로 미래의 기쁨과 아픔, 갈등이 화평의 빛을 걸으며 승화됨을 의미합니다. ○ 제7경 홍화의 물빛 (진출로) - 물빛연화의 제7경은 소생의 물빛입니다. 한자어 화합할 화(和)의 의미를 담은 공간으로 물빛연화를 통한 창경궁의 화합과 소생의 메시지를 전달하고 있습니다. 빛으로 만들어진 가상의 물길 위에 빛이 피어나고 창경궁의 문양이 새겨지며 새로운 소생의 기운을 느끼게 됩니다. ○ 제8경 영원한 궁 (진출로) - 물빛연화의 제8경은‘영원한 궁’입니다. 한자어 빛이 될 화(化)에서 모티브를 얻은 것으로 현실 세계로 돌아가기 전 궁과의 대화를 기억하고 궁의 찬란하고 조화의 기운을 다시 느끼게 됩니다. 붉게 물든 홍화의 물빛 위에 창경궁을 기억하는 문장들이 다양한 언어를 이룹니다. 창경궁의 빛의 언어들을 음미하며 내면에 스며든 창경궁의 조화의 빛을 바라보며 현실 세계로 돌아가게 됩니다. 4. 행사 유의사항 안내 ○ 관람 시 유의사항 - 창경궁 입장권(1,000원) 발권 후 관람이 가능합니다. - 창경궁 입장 마감 시간은 20:00이며, 안전 관리를 위해 퇴장 시간 30분 전부터 퇴장을 유도하오니 관람에 참고 바랍니다. - 궁궐 내 모든 공간은 금연구역입니다. - 국가유산 보호구역으로 음식물, 인화물질, 놀이기구의 반입이 제한됩니다. - 행사 당일 언론 및 방송 취재가 있을 수 있으며, 사전에 개별 고지 없이 촬영될 수 있음을 양해바랍니다. - 행사 시 촬영한 사진 및 영상은 궁능 활용 프로그램의 공식 홍보 및 연구, 발간 자료 등에 활용될 수 있습니다. 5. 오시는 길 ○ 서울시 종로구 창경궁로 185 창경궁 ○ 지하철 : 4호선 혜화역 4번 출구(도보 약 12분) 버스 - [서울대학교병원 하차(도보 약 1분)] 간선 100, 102, 104, 106, 107, 108, 140, 143, 150, 151, 160, 162, 171, 172, 272, 301, 710 - [창경궁·서울대학교병원 하차(도보 약 1분)] 간선 151, 171, 172, 272, 601 6. 창경궁 물빛연화 전체 일정표 ○ 2025. 3. 7.(금) ~ 4. 13.(일) : 부분상영(6개 장소), 상영 시작시간(19:00) ○ 2025. 4. 15.(화) ~ 5. 18.(일) : 전체상영(8개 장소), 상영 시작시간(20:00) ○ 2025. 5. 20.(화) ~ 9. 9.(화) : 부분상영(6개 장소), 상영 시작시간(20:00) ○ 2025. 9. 10.(수) ~ 11. 8.(토) : 전체상영(8개 장소), 상영 시작시간(19:00) ○ 2025. 11. 9.(일) ~ 12. 31.(수) : 부분상영(6개 장소), 상영 시작시간(19:00)",https://www.kh.or.kr/jnrepo/upload/jnPrgFestivalProgram/202503/4b7fa7504b2941d984bc637906d73cf1_1742221796508.jpg
26,11회,창경궁,591,궁중문화축전 길놀이-창경궁,공연,일 14:00 / 16:00(50분),https://www.kh.or.kr/jnrepo/upload/jnPrgFestivalProgram/202503/645ab564265c4ce7b7bd365be6b14389_1742221551706.jpg,창경궁 길놀이,https://www.kh.or.kr/program/view/menu/1292?viewType=ach&idx=591&searchRound=26&searchStTime=&searchEnTime=&searchField=homeAll&searchText=,창경궁,궁중문화축전 길놀이-창경궁,공연,종료,공연,현장참여,2025-04-27~2025-04-27,일 14:00 / 16:00(50분),창경궁 통명전~종묘 사잇길,,,"신명나는 궁중문화축전 길놀이를 즐겨보세요! - 일시: 4월 27일 1회차-14:00, 2회차-16:00(각 회당 50분) - 장소: 창경궁 일대 - 동선: 통명전→양화당 →빈양문 →송문당→문정문 →명정문 옆길 →종묘 사잇길 →통명전",https://www.kh.or.kr/jnrepo/upload/jnPrgFestivalProgram/202503/645ab564265c4ce7b7bd365be6b14389_1742221551706.jpg
26,11회,창경궁,590,"한복 입은 그대, 반갑습니다",체험,04.30 ~ 05.04 10:00 ~ 17:00,https://www.kh.or.kr/jnrepo/upload/jnPrgFestivalProgram/202503/3bc3b7982dc74c37b01c7529fd03fe5e_1742221329902.jpg,양화당,https://www.kh.or.kr/program/view/menu/1292?viewType=ach&idx=590&searchRound=26&searchStTime=&searchEnTime=&searchField=homeAll&searchText=,창경궁,"한복 입은 그대, 반갑습니다",체험,종료,체험,사전예약,2025-04-30~2025-05-04,04.30 ~ 05.04 10:00 ~ 17:00,"창경궁 양화당, 경춘전(창덕궁 약방)",,,"2025 봄 궁중문화축전 <한복 입은 그대, 반갑습니다> 는 궁궐을 찾은 연인들을 위해 올봄 새롭게 선보이는 프로그램입니다. 전통 한복을 입고 조선시대 속 연인이 되어, 창경궁과 창덕궁 후원의 아름다운 풍경을 거닐어 보세요. 궁궐에서 여유롭게 즐기는 궁중다과와 커플 연서쓰기 체험까지! 한국의 전통과 낭만을 동시에 느낄 수 있는 <한복 입은 그대, 반갑습니다> 궁궐의 역사를 배경으로 연인과의 소중한 사랑을 확인할 수 있는 특별한 시간여행, 지금 바로 시작됩니다. [행사 안내] - 행사 기간: 2025. 4. 30.(수) ~ 5. 4.(일) - 행사 시간: (1회) 09:20 (2회) 09:50 (3회) 10:20 (4회) 13:20 (5회) 13:50 * 한복 착용 및 헤어 서비스(40분)+자유 관람(120분) - 행사 장소: 창경궁 경춘전, 양화당 ~ 창덕궁 일원 - 참여 인원: 회차당 6팀(2인 1팀) * 2인 1팀으로 운영되며, 남성 복식 1벌 + 여성 복식 1벌이 제공 * 동성끼리도 참여 가능하나, 한복 종류 변경 불가능 - 참가 연령: 18세 이상 - 행사 문의 행사안내│궁능 활용 프로그램 전화 상담실 (☎ 1522-2295) [예매안내] 예매금액 1매 10,000원(1매당 2인으로 이용할 수 있으며, 1인당 최대 1매 예매 가능) 예매처 (내국인) 티켓링크 ( 예매하러 가기 <<클릭) (외국인) Creatrip 크리에이트립 <<클릭 / 문의(help@creatrip.com) [프로그램 안내] 프로그램 운영 시간 회차 환복 / 헤어서비스 (40 분 ) 자유 관람 시간 (120 분 ) 1 회차 9:20~10:00 10:00~12:00 2 회차 9:50~10:30 10:30~12:30 3 회차 10:20~11:00 11:00~13:00 4 회차 13:20~14:00 14:00~16:00 5 회차 13:50~14:30 14:30~16:30 프로그램 참가자 특별 혜택 1. 창덕궁 후원 관람 입장위치 후원 입장 가능 시간 창덕궁 후원 입구 10:15/11:15 11:15 11:15/12:15 14:15/15:15 15:15 * 창덕궁 후원은 안내된 시간에만 입장이 가능하오니 , 입장 시간을 잘 확인해주시기 바랍니다 . 2. 궁중다과연, 궁중로망스 회차 장소 이용 가능 시간 1 회차 창덕궁 약방 ( 궐내각사 ) 회차별 체험 시간 내 최대 60분간 이용 가능 2 회차 3 회차 4 회차 5 회차 * 궁중다과연 , 궁중로망스는 < 한복 입은 그대 , 반갑습니다 > 프로그램 사전예약자에 한해 체험이 가능합니다 . [프로그램 안내] ① 한복 착용 및 헤어 서비스 (40 분 ) 한국의 전통의상 한복과 헤어 스타일링 서비스 제공 남성 복식 1 벌 + 여성 복식 1 벌 대여 * 2 인 1 팀으로 운영 * 동성끼리 참여 가능하나 , 한복 종류 변경 불가능 ② 창경궁 , 창덕궁 자유 관람 (120 분 ) 창경궁 ~ 창덕궁 후 원 자유 관람 혜택 제공 참가자 선호를 고려한 커플 맞춤 추천 데이트 코스 안내 궁궐의 숨겨진 포토존 추천 , 인생샷을 남길 수 있어요. ★ 추천 데이트 코스 ★ <사랑꾼인 그대, 반갑습니다> 경춘전/양화당→고궁만정(전시)→대춘당지 →부용지→ 희정당 →낙선재 →선원전 * 희정당: 왕과 왕비가 생활하던 공간으로 왕실 부부의 모습을 살펴보세요. <역사광인 그대, 반갑습니다> 경춘전/양화당→ 고궁만정(전시) →문정전→대춘당지→부용지→대조전→인정전 * 명정전: 창경궁의 정전으로, 명정전에서 진행하는 고궁만정 전시를 즐겨보세요. <자연인인 그대, 반갑습니다> 경춘전/양화당→고궁만정(전시)→대춘당지→관덕정→ 대온실 →존덕정→ 부용지 * 부용지 : 창덕궁 후원에 위치한 우리나라 전통 연못 부용지와 함께 자연 공간을 즐겨보자! ③ < 한복 입은 그대 , 반갑습니다 > 의 특별 이벤트 ! 궁중다과연 궁궐에서 즐기는 왕과 왕비의 다과 ! 궁중의 다과상을 맛보며 즐겨보세요. 궁중로망스 ‘ 내 마음을 담아 그대에게 편지 드리오리다 !’ 조선시대에는 사랑하는 이와 서간을 주고받거나 시를 지어 감정을 나누었습니다 . 궁중의 왕과 왕비 또한 그러했지요 . 궁궐의 고즈넉한 분위기 속 서로의 애정하는 마음을 담은 연서를 남겨보세요 ! [접수 안내] - 접수 장소: 창경궁 홍화문 앞 < 한복 입은 그대 , 반갑습니다 > 예매확인처 - 접수 시간: 각 회차별 시작 시간 30 분전부터 접수 가능 * 원활한 접수 진행을 위해 프로그램 시작 10 분 전에 도착해주시길 바랍니다 . * 프로그램 시작 후 10 분이 지나 도착할 경우 프로그램 참여 및 티켓 환불이 불가합니다 . * 창경궁 , 창덕궁 , 창덕궁 후원 입장권이 포함되어 있으며 , 창경궁과 창덕궁은 연결되어 있습니다 .( 함양문을 통해 이동 ) * 한복 사이즈 참고를 위해 요구정보에 신장과 상의 사이즈를 작성 부탁드립니다 . [ 한복 보유 사이즈 ] 여성 85~105 남성 85~110 * 보유 중인 한복 사이즈를 참고하시어 프로그램 신청해주시기 바랍니다 . * 일부 사이즈의 신청자가 많을 시 비슷한 사이즈의 한복으로 대체하여 제공될 수 있습니다 . [행사 유의사항] 본 행사는 한복 착용 후 자유롭게 관람하는 프로그램으로 , 해설 투어는 포함되지 않습니다 . 본 행사는 18 세 이상만 체험이 가능합니다 . 본 행사는 2 인 1 팀으로 운영되며 , 남성 복식 1 벌 , 여성 복식 1 벌이 제공됩니다 . ( 예 : 여성 2 분 참여 시 한 분은 반드시 남성 복식을 착용해야 함 ) 행사 전일 20 시 기상청 기준 1mm 이상 우천 예보 시 프로그램이 취소될 수 있으며 , 이 경우 예매자에게 개별 안내드릴 예정입니다 . 잘못된 연락처가 등록되어 있을 시 안내 문자 발송이 어려우니 최신 정보로 업데이트 요청드립니다 . 창경궁 내 주차시설이 협소하오니 대중교통을 이용하시기 바랍니다 . 개인 부주의로 인한 사고 및 소지품 분실에 대해서는 책임지지 않습니다 . 궁궐 내 모든 공간은 금연 구역입니다 . 국가유산 보호구역으로 음식물 , 인화물질 , 놀이기구의 반입이 제한됩니다 . 행사 당일 언론 및 방송 취재가 있을 수 있으며 , 사전에 개별 고지 없이 촬영될 수 있음을 양해 바랍니다 . 행사 시 촬영한 사진 및 영상은 궁중문화축전의 공식 홍보 및 연구 , 발간 자료 등에 활용될 수 있습니다 . 행사 중 플래시 사용 , 삼각대 사용 , 음식물 반입을 금합니다 . [우천 시 안내] - 행사 전일 20시 기상청 우천 예보 시 안전사고 예방 및 관람객 편의를 위하여 프로그램이 취소될 수 있습니다. - 우천으로 인한 변동 및 안내사항은 문자로 우선 안내됩니다. 예매 전에 티켓링크 회원정보상의 연락처를 반드시 확인하시길 바라며, 회원정보 오기재로 인한 불이익은 행사 주최, 주관사, 티켓사에서 책임지지 않습니다. 오시는 길 서울 종로구 창경궁로 185 [ 버스 ] 서울대학교병원 하차 ( 중앙차로 버스정류장 - 종로 방면 ) 간선 100, 102, 104, 106, 107, 108, 140, 143, 150, 151, 160, 162, 171, 172, 272, 301, 710 창경궁 · 서울대학교병원 하차 간선 151, 171, 172, 272, 601 [ 지하철 ] 도보 12 분 4 호선 혜화역 4 번출구 ( 성균관대 방면 300m 직진 후 창경궁 , 종로 방향 300m 직진 ) * 주차시설이 협소하오니 대중교통을 이용을 권고드립니다. [티켓 문의] - 티켓링크 전화 상담실 ☎1588-7890 * 운영기간 평일 (주말·공휴일 제외) * 운영 시간 10:00~19:00 [취소 및 환불] - 예매하신 티켓의 취소와 환불은 예매처의 규정을 준수합니다. - 취소 마감시간(행사 전일 17시) 이전 티켓 취소 시 100%환불되며, 취소 수수료가 발생하지 않습니다. - 취소 마감 시간(행사 전일 17시) 경과 후 티켓 취소 및 변경이 불가합니다. [행사 문의] - 궁능 활용 프로그램 전화상담실 ☎1522-2295 * 성수기: 2025. 4. 1.~ 6. 16., 2025. 9. 4.~11. 9. (매주 월 휴무) 09:30~20:30 (상시운영) * 일반: 성수기 운영기간 외 ( 주 말 , 공휴일 휴무) 09:30~18:00 ( 점심시간 12:00~13:00) * 성수기 운영기간 및 시간은 변동 될 수 있습니다.",https://www.kh.or.kr/jnrepo/upload/jnPrgFestivalProgram/202503/3bc3b7982dc74c37b01c7529fd03fe5e_1742221329902.jpg
26,11회,창경궁,589,고궁만정(古宮萬情),전시,"일,월,화,수,목,금,토 10:00 ~ 17:00",https://www.kh.or.kr/jnrepo/upload/jnPrgFestivalProgram/202503/7038d6be75e44bababde0008e94a18e3_1742221089204.jpg,함인정,https://www.kh.or.kr/program/view/menu/1292?viewType=ach&idx=589&searchRound=26&searchStTime=&searchEnTime=&searchField=homeAll&searchText=,창경궁,고궁만정(古宮萬情),전시,종료,전시,현장참여,2025-04-26~2025-05-04,"일,월,화,수,목,금,토 10:00 ~ 17:00","명정전, 함인정, 영춘헌, 집복헌",,,"클릭 → 고궁만정 온라인 리플릿 확인하기 아래의 이미지를 클릭하면 온라인 리플릿으로 이동합니다. 고궁에서 즐기는 만 가지 정취, 고궁만정(古宮萬情)🌸 사람의 숨결과 자연의 호흡이 고요히 맞닿는 곳, 창경궁 현존하는 조선의 5대 궁궐 중 가장 역사가 깊은 정전인 명정전을 중심으로 궁중문화의 다채로운 정취를 즐기는 《고궁만정》 전시가 열립니다. 국가무형유산 전승자의 전통 공예와 김경수, 류종대, 소소영 작가 등 현대적 감각으로 재해석한 작품들을 감상하실 수 있어요😀 봄날 창경궁과 어우러진 아름다운 작품들을 통해 궁중문화를 오늘의 감각으로 다시 바라볼 수 있는 시간이 될 수 있길 바랍니다🙌 - 고궁만정(古宮萬情) Embracing: Palace Atmospheres 전시기간｜2025. 4. 26.(토)–5. 4.(일) 전시시간｜10:00~17:00 - 참여작가 김경수 · 김경식 · 김정옥 · 김도형 · 류종대 · 박문열 · 박수영 · 백종환 · 소소영 · 안은선 · 양지윤 · 이백현 · 이정훈 · 이재만 · 조성민 · 조희화 - 전시감독｜이정은 큐레이터｜김은학, 한톨 코디네이터｜오혜수 공간 디자인｜컨트리뷰터스, 띵크앤메이크 그래픽 디자인｜매뉴얼 그래픽스 정원 조성｜스타일지음 제작 및 설치｜넥스디자인플래닝 사진｜언리얼스튜디오 고궁만정 온라인 리플릿 확인하기",https://www.kh.or.kr/jnrepo/upload/jnPrgFestivalProgram/202503/7038d6be75e44bababde0008e94a18e3_1742221089204.jpg
26,11회,경희궁,643,조선시대 경희궁 체험 <경희궁 별별 유생들>,체험,05.02 ~ 05.04 10:00/10:40 ~ 14:00/14:40,https://www.kh.or.kr/jnrepo/upload/jnPrgFestivalProgram/202504/760212f570fe4cf6868956f6ec26879d_1744629178587.jpg,-,https://www.kh.or.kr/program/view/menu/1292?viewType=ach&idx=643&searchRound=26&searchStTime=&searchEnTime=&searchField=homeAll&searchText=,경희궁,조선시대 경희궁 체험 <경희궁 별별 유생들>,체험,종료,체험,사전예약,2025-05-02~2025-05-04,05.02 ~ 05.04 10:00/10:40 ~ 14:00/14:40,"경희궁 일대(흥화문, 숭정전, 자정전, 서암, 태령전)",50명,"02-724-0236, 0197","▶ 경희궁에서 만나는 영조와의 특별한 체험 ! 조선시대 영조임금님의 생신을 축하하고 특별한 과거시험을 보기 위해 전국의 학생들이 경희궁에 모였습니다 . 영조임금님이 직접 출제하는 특별한 과거시험을 통과하기 위해 조선시대로 이동하여 다양한 미션과 체험을 수행해 볼까요 ? 따스한 봄 , 가정의 달 5 월을 맞아 경희궁에서 우리 가족 모두 특별한 체험을 경험할 수 있습니다 . 서울역사박물관은 초등학생 자녀를 동반한 가족을 대상으로 ‘ 궁중문화축전 ’ 주간에 2025 년 조선시대 경희궁 체험 ‘ 경희궁 별별 유생들 ’ 의 상반기 프로그램을 운영합니다 . 본 프로그램은 경희궁에서 영조와 함께하는 체험 수업으로 , 아이들이 한복을 입고 조선시대로 이동해 영조 임금이 출제하는 특별한 과거시험을 통과하기 위해 미션을 수행하고 경희궁의 역사와 구조를 스스로 이해할 수 있도록 구성하였습니다 . 2025 년 4 월 15 일 ( 화 ) 10 시부터 4 월 25 일 ( 금 ) 17 시까지 인터넷 선착순 접수를 통해 참여 가족을 모집하오니 관심 있는 가족의 많은 참여 바랍니다 . [ 모집 안내 ] ▢ 인터넷 선착순 접수 1) 서울역사박물관 홈페이지 → 교육 → 교육예약 → ‘ 경희궁 별별 유생들 ’ → 예약 신청 2) 서울시공공서비스예약 홈페이지 → 문화체험 → 교육체험 → ‘ 경희궁 별별 유생들 ’ → 예약 신청 ▢ 발표 : 개별 연락 문 의 : 서울역사박물관 교육대외협력과 02)724-0236, 0197 유 의 사 항 : 본 교육은 1 회로 종료되는 수업이며 , 전 차수별 교육 내용은 모두 동일합니다 . 본 프로그램 신청은 반드시 서울시 아이디 로 신청 부탁드립니다 . 본 프로그램은 신청기간 중 1 회만 신청이 가능하므로 대기자접수 상태에서는 다음 회차 접수가 불가능합니다 . 따라서 , 다음 회차 신청을 원하시는 경우 , 대기자접수하신 회차의 예약을 취소하셔야 신청이 가능합니다 . 본 교육은 가족 프로그램 으로 신청자 1 인을 1 가족으로 규정 하여 , 교재 및 교구는 자녀 인원당 지급 됩니다 . 본 프로그램은 초상권 활용에 동의하셔야 참여가 가능합니다 ( 미 동의시 교육 참여 불가 ). 교육 사진은 보고서 작성 , 교육 홍보 , 발간물 등의 자료로 활용될 수 있습니다 . 사전 연락 없이 교육 불참 시 , 향후 동일 교육에 6 개월간 참여가 제한 됩니다 . 초등학생 자녀 를 동반한 직계 가족만 참여 가능 합니다 . 본 프로그램 특성상 교육 대상에 해당하지 않는 미취학 아동 및 중 , 고등학생 등 자녀는 원활한 교육 운영을 위하여 프로그램 동반 및 참여가 예외 없이 불가한 점을 양해해 주시기 바랍니다 . 교육 취소 시 , 타 가족에게 임의 양도가 불가능합니다 .",https://www.kh.or.kr/jnrepo/upload/jnPrgFestivalProgram/202504/760212f570fe4cf6868956f6ec26879d_1744629178587.jpg
26,11회,경희궁,641,2025 봄 궁중문화축전 스탬프 투어,체험,04.26 ~ 05.04 09:00 ~ 18:00,https://www.kh.or.kr/jnrepo/upload/jnPrgFestivalProgram/202504/6d6a7567ed6848ce9a92bd4b156f9d65_1745635738281.jpg,-,https://www.kh.or.kr/program/view/menu/1292?viewType=ach&idx=641&searchRound=26&searchStTime=&searchEnTime=&searchField=homeAll&searchText=,경희궁,2025 봄 궁중문화축전 스탬프 투어,체험,종료,체험,현장참여,2025-04-26~2025-05-04,04.26 ~ 05.04 09:00 ~ 18:00,"경복궁, 창덕궁, 덕수궁, 창경궁, 경희궁, 종묘",,,"5 대궁과 종묘를 9 일간 누비며 스탬프를 모아보세요 . 역사적 장소를 배경으로 추억도 쌓고 건강과 리워드는 덤으로 ! 궁중문화축전을 가장 알차게 즐기는 궁중문화축전 스탬프 투어 , 4 월 26 일부터 시작됩니다 . - 일시 : 4. 26.( 토 )~5. 4.( 일 ) 10:00~17:00/ 총 9 일 - 장소 : 5 대궁 및 종묘 [ 참여 방법 ] ① 각 궁의 종합 안내소에서 스탬프 활동지 수령 ( 경복궁 , 덕수궁 , 창덕궁 , 창경궁 종합안내소 / 활동지 소진 시 선착순 마감 ) ② 5 대궁 및 종묘의 스탬프 스팟 10 곳을 방문하여 스탬프 획득 ③ 경복궁 종합 안내소에서 리워드 수령 *리워드 이벤트는 상품 재고에 따라 조기 종료 될 수 있습니다. * 상품 1~50 등 우양산 51~100 등 경회루 텀블러 101~150 등 궁중문화축전 젓가락 151~300 등 2025 봄 궁중문화축전 발매트 300등~ 궁궐 입체 자석 ** 유의사항 ① 궁별 입장료는 별도입니다. ② 완주 기념품은 축전 기간 내 지정된 수령처 ( 경복궁 흥례문 광장 내 종합안내소 ) 에서만 지급 가능합니다. ③ 기념품 중복 수령은 불가하며 1 인 1 회 참여만 가능합니다. ④ 준비된 기념품 수량 소진 시 조기 마감될 수 있습니다. ⑤ 부정 사용 적발 시 기념품 지급 제외됩니다.",https://www.kh.or.kr/jnrepo/upload/jnPrgFestivalProgram/202504/6d6a7567ed6848ce9a92bd4b156f9d65_1745635738281.jpg
26,11회,경희궁,595,궁중문화축전 길놀이-경희궁,공연,목 14:00(50분) / 16:00(50분),https://www.kh.or.kr/jnrepo/upload/jnPrgFestivalProgram/202503/b12c52c0a9444d71992b6668be5dfd1b_1742222295951.jpg,경희궁 일원,https://www.kh.or.kr/program/view/menu/1292?viewType=ach&idx=595&searchRound=26&searchStTime=&searchEnTime=&searchField=homeAll&searchText=,경희궁,궁중문화축전 길놀이-경희궁,공연,종료,공연,현장참여,2025-05-01~2025-05-01,목 14:00(50분) / 16:00(50분),경희궁 일원,,,"신명나는 궁중문화축전 길놀이를 즐겨보세요! - 일시: 5월 1일 1회차-14:00, 2회차-16:00 - 장소: 경희궁 - 동선: 흥화문(출발)→공터 길 →숭정문 앞 →경희궁 화장실 길→갈림길",https://www.kh.or.kr/jnrepo/upload/jnPrgFestivalProgram/202503/b12c52c0a9444d71992b6668be5dfd1b_1742222295951.jpg
26,11회,경희궁,594,경희궁 밤의 산책,복합,"일,월,토 19:30/19:40/19:50(100분) / ~21:00",https://www.kh.or.kr/jnrepo/upload/jnPrgFestivalProgram/202503/52df4c4d98be45858d97e99086c69811_1742222191626.JPG,경희궁,https://www.kh.or.kr/program/view/menu/1292?viewType=ach&idx=594&searchRound=26&searchStTime=&searchEnTime=&searchField=homeAll&searchText=,경희궁,경희궁 밤의 산책,복합,종료,복합,사전예약,2025-04-26~2025-04-28,"일,월,토 19:30/19:40/19:50(100분) / ~21:00",경희궁 일원,회당 35명,,"조선의 숨결이 깃든 경희궁의 밤을 걷다 .‘ 경희궁 밤의 산책 ’ 경희궁은 조선의 왕들이 사랑했던 궁궐입니다 . 숙종은 경희궁에 대한 애정을 담아 30 여 편의 시를 남겼고 , 영조는 ‘ 창덕궁에는 금까마귀가 빛나고 , 경희궁에는 옥토끼가 밝도다 ’ 라는 글을 남기기도 했습니다 . 2025 년 궁중문화축전을 맞아 , 경희궁의 최전성기를 담은 ‘ 서궐도안 ’ 을 바탕으로 한 특별 프로그램 ‘ 경희궁 밤의 산책 ’ 에 여러분을 초대합니다 . 해설사와 함께 경희궁 곳곳을 거닐며 역사 이야기를 듣고 , 아름다운 전통 공연을 감상하며 , 향긋한 전통차 한 잔의 여유를 즐겨보세요 . 고즈넉한 밤 , 경희궁에서 빛나는 역사와 문화를 만나는 특별한 시간에 여러분을 초대합니다 . [프로그램 안내] - 운영 일자: 2025. 4. 26.(토) ~ 4. 28.(월) - 운영 시간: 1회차 19:30/ 2회차 19:40/ 3회차 19:50 * 회차당 70분 - 장소: 경희궁 일원 - 참여인원: 회당 35명 - 참여 연령: 7세 이상(2018년 이전 출생자) * 해 당 행 사 는 야간에 진행되는 행사로 미취학 연령(2019년 이후 출생자)는 안전상의 이유로 참여가 불가한 점 양해 부탁드립니다. * 취학 연령 및 청소년(2007년 ~ 2018년 출생자)은 반드시 보호자 동반하여야 입장 가능합니 다. - 프로그램 문의 행사안내 │ 궁능 활용 프로그램 전화 상담실 (☎ 1522-2295) 예매안내 │ 티켓링크 전화 상담실(☎ 1588-7890) [예매 안내] 본 안내 페이지 정독 후 모든 안내사항에 동의하시는 경우에만 응모 및 예매해주시기 바라며, 모 든 예매자는 안내 내용을 숙지 및 동의하신 것으로 간주합니다. - 예매금액: 무료 - 예매처: 티켓링크 ( 예매하러 가기 <<클릭 ) - 예매방법: 선착순 예매 - 예매 일정: 2025. 4. 8.(화) 15:00 [전화 예매] - 예매대상: 65세 이상(1960년 이전 출생자), 국가유공자, 장애인 - 예매처: 티켓링크 전화 상담실(☎1588-7890) - 예매일시: 2025. 4. 8.(화) 15:00 ~ * 전화 상담실 운영시간 : 평일 10:00~19:00 (주말·공휴일 미운영) * 현장에서 증빙자료를 확인할 예정이오니 신분증(국가유공자증, 장애인복지카드 등)을 반드시 지참해주시기 바랍니다. * 전화 예매 및 할인 티켓은 예매자 본인 참여가 원칙이며 가족 양도가 불가합니다. 예매 유의사항 [티켓 예매] - 1인 최대 2매 예매 가능합니다. - 본 행사의 티켓은 정식 예매처인 티켓링크를 통한 100% 사전 예약 판매를 원칙으로 하며, 그 외의 경로나 현장 판매는 진행되지 않습니다. - 부정 예매 및 암표 거래 방지를 위해 신용카드 결제만 가능합니다. - 예 매하신 본인 입장이 원칙이며, 타인 양도가 불가합니다. - 단, 가족 관계일 경우 예매자 및 양도받으실 가족 본인의 신분증과 가족 관계 증빙자료(주 민 등록등본 혹은 가족관계증명서) 지참 시에만 예외적으로 양도가 가능합니다. * 법적 정의(민법 제779조)에 따른 ‘가족’만 해당(배우자, 직계혈족, 형제자매) * 단, 전화 예매 및 할인 티켓은 예매자 본인 참여가 원칙이며 가족 양도 불가 - 본 행사는 경희궁 흥화문에 위치한 접수처에서 모바일티켓(스마트티켓) 확인 후 입장합니 다 . - 실물 티켓은 별도로 제공되지 않습니다. - 부 정한 방법(매크로 사용, 우선 예매 URL 공유 등)으로 예매하거나 불법 암표 매매 목적으 로 구매하는 경우 적발 시 해당 티켓은 사전 통보 없이 예매 취소 및 사용을 제한할 수 있습 니다. - 불법 암표 거래(프리미엄 티켓 판매, 티켓 양도 사기)로 선량한 예매자의 피해가 발생하고 있 습니다. 이로 인한 문제 발생 시 행사 주최·주관사, 예매처는 책임지지 않습니다. 반드시 정식 예매처를 통해 예매하시길 바랍니다. - 본 행사 진행 중 기록촬영으로 인해 관람객 초상이 노출되거나 촬영될 수 있으니 이 점 양 지 하시어 티켓을 예매하시길 바랍니다. [취소 및 환불] - 예매하신 티켓의 취소와 환불은 예매처의 규정을 준수합니다. - 취소 마감 시간(행사 전일 17시) 이전 티켓 취소 시 100% 환불되며, 취소 수수료가 발생하 지 않습니다. - 취소 마감 시간(행사 전일 17시) 경과 후 티켓 취소 및 변경이 불가합니다. - 취소 마감 시간(행사 전일 17시) ~ 티켓 판매 마감 시간(행사 전일 18시)에 구매하신 티켓 또 한 취소 및 변경이 불가합니다. [프로그램 안내] 해설사 1회차: 박광일(역사 스토리텔러) 2회차: 이지영(역사 스토리텔러) 3회차: 김희정(역사 스토리텔러) [산책코스](70분) 1. 흥화문 2. 숭정전 3. 자정전 4. 서암 5. 태령전 [전통예술공연] [전통차 시음] [접수 안내] - 접수 장소: 경희궁 흥화문 앞 안내데스크 - 접수 시간: 1회차: 19:10~19:20/ 2 회차: 1 9 : 20~19:30/ 3회차: 19:30~19:40 * 각 회차별 행사 시작 시간 20분 전부터 접수 가능하며, 시작 시간에 맞춰 해설사와 함께 입장합니 다 . 원활한 접수 진행을 위해 시작시간 최소 10분 전에 도착해주시기 바랍니다. * 사전예약자는 모바일티켓(스마트티켓) 확인 후 입장해주시기 바랍니다. * 예매자 확인 후 안내요원을 따라 입장이 진행됩니다. * 모두의 안전을 위해 질서를 준수하여 주시기 바라며, 질서 유지를 위해 안내요원이 관람을 제지할 수 있습니다. [행사 유의사항] 접수 시 유의사항 - 본 행사는 예매확인처에서 본인확인을 진행합니다. 예매자 본인 명의와 일치하는 신분증(원본) 및 예매내역(예매번호)을 반드시 지참하시기 바랍니다. - 예매자 본인 확인이 불가하거나 예매정보와 현장 참여자 정보가 다를 경우 입장이 제한됩니다. - 모바일 티켓은 예매 시 카카오톡 또는 문자로 자동 발송되며, 티켓링크 모바일 티켓을 수령하지 못 하셨을 경우, 티켓링크 마이페이지에서 예매내역 확인 후 입장 가능합니다. - 15분 이상 경과하여 도착할 경우, 산책 합류가 불가합니다. 관람 시 유의사항 - 궁궐 내 모든 공간은 금연 구역입니다. - 국가유산 보호구역으로 음식물, 인화물질, 놀이기구의 반입이 제한됩니다. - 행사 당일 언론 및 방송 취재가 있을 수 있으며, 사전에 개별 고지 없이 촬영될 수 있음을 양해바랍 니 다. - 행사 시 촬영한 사진 및 영상은 국가유산진흥원의 공식 홍보 및 연구, 발간 자료 등에 활용될 수 있 습 니다. - 궁궐의 밤은 매우 쌀쌀하오니, 두꺼운 겉옷을 준비하시어 관람에 불편 없으시기 바랍니다. 우천 시 안내 - 야외행사의 특성 상 행사당일 13시 기상청 일기예보 기준 5mm 이상 우천예보 시 행사가 취소될 수 있습니다.(사전예매자 개별 안내) 예매 전에 티켓링크 회원정보 상의 연락처를 반드시 확인하시 길 바라며, 회원정보 오기재로 인한 불이익은 행사 주최·주관사, 티켓사에서 책임지지 않습니다. 오시는 길 서울 종로구 새문안로 45 경희궁 흥화문 * 대중교통을 이용하시면 경희궁까지 더 편리하게 오실 수 있습니다. -버스- 101, 470, 601, 704, 720, 741, N37(서울역사박물관·경교장·강북삼성병원 방면) 103, 150, 160, 260, 270, 271, 273, 370, 721, 6002(서울역사박물관·경희궁 앞 방면) -지하철- 5호선 광화문역 7번 출구 5호선 서대문역 4번 출구 -주차- 서울역사박물관 주차장(주차비 본인 부담) [티켓 문의] - 티켓링크 전화 상담실 ☎1588-7890 * 운영기간 평일 (주말·공휴일 제외) * 운영 시간 10:00~19:00 [행사 문의] - 궁능 활용 프로그램 전화상담실 ☎1522-2295 * 성수기: 2025. 4. 1.~ 6. 16., 2025. 9. 4.~11. 9. (매주 월 휴무) 09:30~20:30 (상시운영) * 일반: 성수기 운영기간 외 ( 주 말 , 공휴일 휴무) 09:30~18:00 ( 점심시간 12:00~13:00) * 성수기 운영기간 및 시간은 변동 될 수 있습니다.",https://www.kh.or.kr/jnrepo/upload/jnPrgFestivalProgram/202503/52df4c4d98be45858d97e99086c69811_1742222191626.JPG
26,11회,종묘,647,종묘대제 체험 프로그램관,체험,04.26 ~ 05.04 10:00 ~ 17:00,https://www.kh.or.kr/jnrepo/upload/jnPrgFestivalProgram/202504/35be09c678c0429b96f614d0ca11824d_1744992204938.jpg,-,https://www.kh.or.kr/program/view/menu/1292?viewType=ach&idx=647&searchRound=26&searchStTime=&searchEnTime=&searchField=homeAll&searchText=,종묘,종묘대제 체험 프로그램관,체험,종료,체험,현장참여,2025-04-26~2025-05-04,04.26 ~ 05.04 10:00 ~ 17:00,향대청 일대,,,"공지사항 사전예약 오픈 : 2025년 04월 18일(금) 14시 - 예매매수 : 1인 2매 제한 - 예매/취소 마감 : 5월 3일(토) 오후 5시 까지 「2025년 종묘대제 봉행」 티켓 관련 안내 - 행사 당일 종묘는 무료개방 됩니다. (입장료 무료) - 종묘 외대문 앞 접수데스크에서 예매내역 및 본인(신분증, 여권) 확인 후 사전예매자 비표로 교환하여 드립니다. - 예매티켓 양도는 원칙적으로 불가하나, 온라인예매의 경우만 직계가족 및 형제/자매에 한해 양도가 가능하며, 참가자 신분증, 증빙자료(등본, 가족관계증명서 등) 확인 후 입장이 가능합니다. - 전화예매의 경우 본인이 반드시 참석하셔야 합니다.(양도 불가) 운영정보 - 일시 : 2025년 05월 04일(일) - 시간 : 종묘대제 봉행 14시~16시, 부대행사 10시~17시 * 부대행사 : 4.26(토)~5.4.(일), 10시~17시 / 현장 무료 접수 - 장소 : 종묘 일원 사전예약 확인 - 시간 : 13시부터 접수 시작(14:00까지 미접수시 사전예약 취소) - 장소 : 종묘 외대문 앞 접수데스크 2001년 유네스코 인류무형문화유산으로 지정된 종묘대제는 조선왕조 역대 왕과 왕비의 신주(神主)를 모시고 올리는 제례의식입니다. 매년 5월 첫째 주 일요일, 조선 왕실의 품격 높은 의례와 음악, 무용이 어우러진 종묘대제가 진해되며 올해는 보수공사 완공으로 정전 봉행이 재개됩니다. 국가무형문화유산 지정 50주년을 맞은 종묘대제를 새롭게 단장한 정전에서 관람할 수 있는 특별한 기회에 많은 관심 바랍니다. 작품 상세정보 기획사 및 제작사 정보 주최 : 국가유산청 주관 : 국가유산진흥원 문의 : 티켓문의 : 1588-7890 / 행사운영 : 1522-2295",https://www.kh.or.kr/jnrepo/upload/jnPrgFestivalProgram/202504/35be09c678c0429b96f614d0ca11824d_1744992204938.jpg
26,11회,종묘,645,종묘대제,재현,"일,월,화,수,목,금,토 10:00 / 14:00",https://www.kh.or.kr/jnrepo/upload/jnPrgFestivalProgram/202504/f3057d6b5ee546f6867c7e3fad0935da_1744991676147.jpg,-,https://www.kh.or.kr/program/view/menu/1292?viewType=ach&idx=645&searchRound=26&searchStTime=&searchEnTime=&searchField=homeAll&searchText=,종묘,종묘대제,재현,종료,재현,사전예약,2025-05-04~2025-05-04,"일,월,화,수,목,금,토 10:00 / 14:00","영녕전, 정전",,,"공지사항 사전예약 오픈 : 2025년 04월 18일(금) 14시 - 예매매수 : 1인 2매 제한 - 예매/취소 마감 : 5월 3일(토) 오후 5시 까지 「2025년 종묘대제 봉행」 티켓 관련 안내 - 행사 당일 종묘는 무료개방 됩니다. (입장료 무료) - 종묘 외대문 앞 접수데스크에서 예매내역 및 본인(신분증, 여권) 확인 후 사전예매자 비표로 교환하여 드립니다. - 예매티켓 양도는 원칙적으로 불가하나, 온라인예매의 경우만 직계가족 및 형제/자매에 한해 양도가 가능하며, 참가자 신분증, 증빙자료(등본, 가족관계증명서 등) 확인 후 입장이 가능합니다. - 전화예매의 경우 본인이 반드시 참석하셔야 합니다.(양도 불가) 운영정보 - 일시 : 2025년 05월 04일(일) - 시간 : 종묘대제 봉행 14시~16시, 부대행사 10시~17시 * 부대행사 : 4.26(토)~5.4.(일), 10시~17시 / 현장 무료 접수 - 장소 : 종묘 일원 사전예약 확인 - 시간 : 13시부터 접수 시작(14:00까지 미접수시 사전예약 취소) - 장소 : 종묘 외대문 앞 접수데스크 2001년 유네스코 인류무형문화유산으로 지정된 종묘대제는 조선왕조 역대 왕과 왕비의 신주(神主)를 모시고 올리는 제례의식입니다. 매년 5월 첫째 주 일요일, 조선 왕실의 품격 높은 의례와 음악, 무용이 어우러진 종묘대제가 진해되며 올해는 보수공사 완공으로 정전 봉행이 재개됩니다. 국가무형문화유산 지정 50주년을 맞은 종묘대제를 새롭게 단장한 정전에서 관람할 수 있는 특별한 기회에 많은 관심 바랍니다. 작품 상세정보 기획사 및 제작사 정보 주최 : 국가유산청 주관 : 국가유산진흥원 문의 : 티켓문의 : 1588-7890 / 행사운영 : 1522-2295",https://www.kh.or.kr/jnrepo/upload/jnPrgFestivalProgram/202504/f3057d6b5ee546f6867c7e3fad0935da_1744991676147.jpg
26,11회,종묘,642,2025 봄 궁중문화축전 스탬프 투어,체험,04.26 ~ 05.04 09:00 ~ 18:00,https://www.kh.or.kr/jnrepo/upload/jnPrgFestivalProgram/202504/7d5b48678ea84ef1b1edbf2cb1da11b6_1745636161086.jpg,-,https://www.kh.or.kr/program/view/menu/1292?viewType=ach&idx=642&searchRound=26&searchStTime=&searchEnTime=&searchField=homeAll&searchText=,종묘,2025 봄 궁중문화축전 스탬프 투어,체험,종료,체험,현장참여,2025-04-26~2025-05-04,04.26 ~ 05.04 09:00 ~ 18:00,"경복궁, 창덕궁, 덕수궁, 창경궁, 경희궁, 종묘",,,"5 대궁과 종묘를 9 일간 누비며 스탬프를 모아보세요 . 역사적 장소를 배경으로 추억도 쌓고 건강과 리워드는 덤으로 ! 궁중문화축전을 가장 알차게 즐기는 궁중문화축전 스탬프 투어 , 4 월 26 일부터 시작됩니다 . - 일시 : 4. 26.( 토 )~5. 4.( 일 ) 10:00~17:00/ 총 9 일 - 장소 : 5 대궁 및 종묘 [ 참여 방법 ] ① 각 궁의 종합 안내소에서 스탬프 활동지 수령 ( 경복궁 , 덕수궁 , 창덕궁 , 창경궁 종합안내소 / 활동지 소진 시 선착순 마감 ) ② 5 대궁 및 종묘의 스탬프 스팟 10 곳을 방문하여 스탬프 획득 ③ 경복궁 종합 안내소에서 리워드 수령 *리워드 이벤트는 상품 재고에 따라 조기 종료 될 수 있습니다. * 상품 1~50 등 우양산 51~100 등 경회루 텀블러 101~150 등 궁중문화축전 젓가락 151~300 등 2025 봄 궁중문화축전 발매트 300등~ 궁궐 입체 자석 ** 유의사항 ① 궁별 입장료는 별도입니다. ② 완주 기념품은 축전 기간 내 지정된 수령처 ( 경복궁 흥례문 광장 내 종합안내소 ) 에서만 지급 가능합니다. ③ 기념품 중복 수령은 불가하며 1 인 1 회 참여만 가능합니다. ④ 준비된 기념품 수량 소진 시 조기 마감될 수 있습니다. ⑤ 부정 사용 적발 시 기념품 지급 제외됩니다.",https://www.kh.or.kr/jnrepo/upload/jnPrgFestivalProgram/202504/7d5b48678ea84ef1b1edbf2cb1da11b6_1745636161086.jpg
26,11회,종묘,635,종묘 묘현례 - 체험,체험,04.26 ~ 05.02 10:00 ~ 17:00,https://www.kh.or.kr/jnrepo/upload/jnPrgFestivalProgram/202504/6e590e5126034b29a0ff58ca27f02f67_1744435713387.jpg,-,https://www.kh.or.kr/program/view/menu/1292?viewType=ach&idx=635&searchRound=26&searchStTime=&searchEnTime=&searchField=homeAll&searchText=,종묘,종묘 묘현례 - 체험,체험,종료,체험,사전예약,2025-04-26~2025-05-02,04.26 ~ 05.02 10:00 ~ 17:00,종묘 정전 악공청,,,"종묘 묘현례-체험 예매하러 가기 <<클릭 [운영정보] * 행사명 : 2025년 종묘 묘현례-체험 <조선 왕실의 향, 부용향 만들기> * 기간 : 2025년 4월 26일(토)~2025년 5월 2일(금) * 시간 : 10:00~17:00 * 장소 : 종묘 정전 악공청 [예매정보] * 사전예약 오픈 : 2025년 4월 15일(화) 14시 * 예매매수 : ID당 1인 2매 * 예매마감 : 관람 전일 오후 5시까지 * 2025년 종묘 묘현례-체험 <조선 왕실의 향, 부용향 만들기>는 일부 수량만 사전예약(비지정 좌석)으로 운영하며, 현장접수 또한 진행하오니 관람객 분들의 많은 참여바랍니다. * 2025년 종묘 묘현례-체험 <세자·세자빈이 되어 사진 찍기>는 현장접수로만 운영 됩니다. [유의사항] * 본 티켓에는 종묘 입장료가 포함되어 있지 않습니다.(종묘 입장료 1,000원 별도) * 전화예매권은 양도가 불가능합니다.(예매자 필수 참석) * 단, 온라인 예매권은 직계가족 및 형제/자매에 한해 양도가 가능하며, 참가자 신분증, 증빙자료(등본, 가족관계증명서 등) 확인 후 입장이 가능합니다. 2025년 종묘 묘현례 묘현례는 왕비나 세자빈이 왕실 혼례를 마친 후, 조선 왕조 역대 왕과 왕비의 신주가 모셔진 종묘를 알현하는 의례입니다. 조선 시대 종묘에서 거행된 국가 의례 중 유실하게 왕실 여성이 참여한 의례라는 점에서 그 의미가 매우 깊습니다. 「2025년 종묘 묘현례」에서는 숙종 29년(1703년) 인원왕후의 묘현례를 주제로 의례 재현과 뮤지컬을 결합한 창작극 <묘현, 왕후의 기록>과 조선 왕실 문화를 체험할 수 있는 프로그램들을 선보입니다. 완연한 봄, 뜻깊은 왕실 행사에 여러분들을 초대하오니 많은 관심과 참여 부탁드립니다. 작품 상세정보 기획사 및 제작사 정보 주최 : 국가유산청 궁능유적본부 주관 : 국가유산진흥원 문의 : 티켓문의 : 1588-7890 / 행사운영 : 1522-2295",https://www.kh.or.kr/jnrepo/upload/jnPrgFestivalProgram/202504/6e590e5126034b29a0ff58ca27f02f67_1744435713387.jpg
26,11회,종묘,634,종묘 묘현례 - 창작극,공연,"일,월,화,수,토 13:00 / 16:00",https://www.kh.or.kr/jnrepo/upload/jnPrgFestivalProgram/202504/e990a89ae9034e249baf501e1fd477c9_1744435471346.jpg,-,https://www.kh.or.kr/program/view/menu/1292?viewType=ach&idx=634&searchRound=26&searchStTime=&searchEnTime=&searchField=homeAll&searchText=,종묘,종묘 묘현례 - 창작극,공연,종료,공연,사전예약,2025-04-26~2025-04-30,"일,월,화,수,토 13:00 / 16:00",종묘 영녕전,,,"예매하러 가기 <<클릭 [운영정보] * 행사명 : 2025년 종묘 묘현례-창작극 <묘현, 왕후의 기록> * 기간 : 2025년 4월 26일(토)~2025년 4월 30일(수) * 시간 : (1회) 13:00~13:45, (2회) 16:00~16:45 * 장소 : 종묘 영녕전 [예매 정보] * 예매오픈 : 2025년 4월 15일(화) 14시 * 예매매수 : ID당 1인 2매 * 예매마감 : 관람 전일 오후 5시까지 * 2025년 종묘 묘현례 - 창작극 <묘현, 왕후의 기록>은 일부 좌석만 사전예약(비지정 좌석)으로 운영하며, 현장접수 또한 진행하오니 관람객 분들의 많은 참여바랍니다. [유의사항] * 본 티켓에는 종묘 입장료가 포함되어 있지 않습니다.(종묘 입장료 1,000원 별도) * 전화예매권은 양도가 불가능합니다.(예매자 필수 참석) * 단, 온라인 예매권은 직계가족 및 형제/자매에 한해 양도가 가능하며, 참가자 신분증, 증빙자료(등본, 가족관계증명서 등) 확인 후 입장이 가능합니다. * 스마트안경을 통한 공연 자막(한글·영어)을 제공합니다. 공연 현장에서 요청 시 대여 가능하며, 사전 문의가 필요한 경우 궁능 활용 프로그램 전화상담실(T.1522-2295)로 연락주시기 바랍니다. (한글 자막 안경 10대, 영어 자막 안경 20대) 2025년 종묘 묘현례 묘현례는 왕비나 세자빈이 왕실 혼례를 마친 후, 조선 왕조 역대 왕과 왕비의 신주가 모셔진 종묘를 알현하는 의례입니다. 조선 시대 종묘에서 거행된 국가 의례 중 유실하게 왕실 여성이 참여한 의례라는 점에서 그 의미가 매우 깊습니다. 「2025년 종묘 묘현례」에서는 숙종 29년(1703년) 인원왕후의 묘현례를 주제로 의례 재현과 뮤지컬을 결합한 창작극 <묘현, 왕후의 기록>과 조선 왕실 문화를 체험할 수 있는 프로그램들을 선보입니다. 완연한 봄, 뜻깊은 왕실 행사에 여러분들을 초대하오니 많은 관심과 참여 부탁드립니다. 작품 상세정보 기획사 및 제작사 정보 주최 : 국가유산청 궁능유적본부 주관 : 국가유산진흥원 문의 : 티켓문의 : 1588-7890 / 행사운영 : 1522-2295",https://www.kh.or.kr/jnrepo/upload/jnPrgFestivalProgram/202504/e990a89ae9034e249baf501e1fd477c9_1744435471346.jpg
26,11회,종묘,633,종묘제례악 야간공연,공연,04.24 ~ 05.02 20:00 ~ 21:00,https://www.kh.or.kr/jnrepo/upload/jnPrgFestivalProgram/202504/57a2bef8e0104c78b31781b23a8436cc_1744435260357.jpg,-,https://www.kh.or.kr/program/view/menu/1292?viewType=ach&idx=633&searchRound=26&searchStTime=&searchEnTime=&searchField=homeAll&searchText=,종묘,종묘제례악 야간공연,공연,종료,공연,사전예약,2025-04-24~2025-05-02,04.24 ~ 05.02 20:00 ~ 21:00,정전,,,"예매일시 : 2025. 4. 7.(월) 14:00 ~ 예매하러 가기 <<클릭 <종묘제례악 야간공연>은 어둠이 내린 종묘에서 종묘제례악의 장엄한 선율과 절제된 춤사위를 그대로 재현하며, 밤하늘 아래에서 펼쳐지는 종묘제례악의 아름다움을 감상할 수 있는 공연 프로그램입니다. 1. 행사 개요 ○ 행사 기간 : 2025. 4. 24.(목) ~ 5. 2.(금) ○ 행사 시간 : 20:00 ~ 21:00 ○ 행사 장소 : 종묘 정전 일원 ○ 참여 인원 : 550명 ○ 관람 연령 : 7세 이상(2018년 이전 출생자) *<종묘제례악 야간공연>은 야간에 진행되는 행사로 미취학 연령(2019년 이후 출생자)는 안전상의 이유로 참여가 불가한 점 양해 부탁드립니다. * 취학 연령 및 청소년(2007년 ~ 2018년 출생자)은 반드시 보호자 동반하여야 입장 가능합니다. 2. 예매 안내 ※ 본 안내 페이지 정독 후 모든 안내사항에 동의하시는 경우에만 응모 및 예매해주시기 바라며, 모든 예매자는 안내 내용을 숙지 및 동의하신 것으로 간주합니다. ※ ○ 예매금액 : 1매 20,000원 *1인 최대 4매 예매 가능 ○ 예매처 : 티켓링크 (www.ticketlink.co.kr) ○ 예매방법 : 온라인 사전 예매 및 전화 예매 [인터넷 예매] ○ 예매일시 : 2025. 4. 7.(월) 14:00 ~ * 인터넷 예매자 연락처가 변경되거나 잘못 기입된 경우 사전 연락을 취하기 어려우니 티켓링크 계정의 개인 정보 연락처를 최신으로 변경해주시기 바랍니다. [전화 예매] ○ 예매대상: 65세 이상(1960년 이전 출생자), 국가유공자, 장애인 ○ 예 매 처: 티켓링크 전화 상담실(☎1588-7890) ○ 예매일시: 2025. 4. 7.(월) 14:00 ~ * 전화 상담실 운영시간 : 평일 10:00~19:00 (주말·공휴일 미운영) * 현장에서 증빙자료를 확인할 예정이오니 신분증(국가유공자증, 장애인복지카드 등)을 반드시 지참해주시기 바랍니다. * 전화 예매 및 할인 티켓은 예매자 본인 참여가 원칙이며 가족 양도가 불가합니다. [할인정보] ○ 장애의 정도가 심한 장애인(구 1~3급) : 본인 + 동반 1인 50%할인/ 장애인 복지카드 지참 ○ 장애의 정도가 심하지 않은 장애인(구 4~6급) : 본인만 50%할인 / 장애인 복지카드 지참 ○ 국가유공자 : 본인만 / 국가유공자증 / 50%할인 * 할인은 예매 시 적용 가능하며, 일반 권종으로 예매 후 현장에서 할인 적용(차액 환불)이 불가합니다. * 현장 확인 증빙자료 미지참 시 차액 결제, 환불, 행사 참여가 불가한 점 양해 부탁드립니다. 3. 예매시 유의사항 [티켓 예매] ○ 본 행사의 티켓은 정식 예매처인 예매처를 통한 100% 사전예약 판매를 원칙으로 하며, 그 외의 경로나 현장 판매는 진행되지 않습니다. ○ 부정 예매 및 암표 거래 방지를 위해 신용카드 결제만 가능합니다. ○ 예매하신 본인 입장이 원칙이며, 타인 양도가 불가합니다. ○ 단, 가족 관계일 경우 예매자 및 양도받으실 가족 본인의 신분증과 가족 관계 증빙자료(주민등록등본, 가족관계증명서) 지참 시에만 예외적으로 양도가 가능합니다. * 법적 정의(민법 제779조)에 따른 ‘가족’만 해당(배우자, 직계혈족, 형제자매) * 단, 전화 예매 및 할인 티켓은 예매자 본인 참여가 원칙이며 가족 양도 불가 ○ 본 행사는 종묘 외대문에 마련되는 예매확인처에서 본인확인을 진행합니다. 예매자 본인 명의와 일치하는 신분증(원본) 및 예매내역(예매번호)을 반드시 지참해주시기 바랍니다. ○ 실물 티켓은 별도로 제공되지 않습니다. ○ 부정한 방법(매크로 사용, 우선 예매 URL 공유 등)으로 예매하거나 불법 암표 매매 목적으로 구매하는 경우 적발 시 해당 티켓은 사전 통보 없이 예매 취소 및 사용을 제한할 수 있습니다. ○ 불법 암표 거래(프리미엄 티켓 판매, 티켓 양도 사기)로 선량한 예매자의 피해가 발생하고 있습니다. 이로 인한 문제 발생 시 행사 주최·주관사, 티켓사는 책임지지 않습니다. 반드시 정식 예매처를 통해 예매해주시기 바랍니다. ○ 본 행사 진행 중 기록촬영으로 인해 관람객 초상이 노출되거나 촬영될 수 있으니 이 점 양지하시어 티켓을 예매하시길 바랍니다. [취소 및 환불] ○ 예매하신 티켓의 취소와 환불은 예매처의 규정을 준수합니다. ○ 취소 마감 시간(행사 전일 17시) 이전 티켓 취소 시 100% 환불되며, 취소 수수료가 발생하지 않습니다. ○ 취소 마감 시간(행사 전일 17시) 경과 후 티켓 취소 및 변경이 불가합니다. ○ 행사 전일 오후 6시 ~ 행사 당일 오전 10시에 구매하신 티켓 또한 취소 및 변경이 불가합니다. 4. 프로그램 안내 <종묘제례악 宗廟祭禮樂> 「종묘제례악」은 조선시대의 악‧가‧무가 어우러진 궁중음악의 정수로, 세계적으로 그 우수성과 독창성을 인정받는다. 이번 「종묘제례악 야간 공연」은 제례의 규모를 줄이고 종묘제례악을 중심으로 연행된다. 종묘제례 절차마다 악대가 선왕을 찬양하는 보태평과 정대업을 연주하며, 선왕들의 문덕을 칭송하고 무공을 찬양하는 문무와 무무가 수반된다. <제례 절차 및 내용> 제례 내용 음악 일무 취위 ( 就位 ) 악사, 일무원, 제관들이 정해진 자리에 서는 절차 영신례 ( 迎新禮 ) 신을 맞이하는 의식 영신희문 문무 신관례 ( 晨祼禮 ) 향을 피우고 페백을 올리는 의식 전폐희문 문무 궤식례 ( 饋食禮 ) 제물을 올리는 의식 풍안지악 초헌례 ( 初獻禮 ) 신에게 첫 번째 잔을 올리는 의식 보태평지악 문무 아헌례 ( 亞獻禮 ) 신에게 두 번째 잔을 올리는 의식 정대업지악 무무 종헌례 ( 終獻禮 ) 신에게 세 번째 잔을 올리는 의식 정대업지악 무무 철변두 ( 撤籩豆 ) 제례에 쓴 제기를 거두는 의식 옹안지악 송신례 ( 送神禮 ) 신을 보내드리는 의식 흥안지악 <출연진> ○ 국가무형유산 종묘제례악보존회 ○ 집사 : 양명석(국가무형유산 종묘제례악보존회 전승교육사) ○ 등가-집박 : 채주병(국가무형유산 종묘제례악보존회 이수자) ○ 헌가-집박 : 김병오(국가무형유산 종묘제례악보존회 전승교육사) ○ 일무 지도 : 김영숙(국가무형유산 종묘제례악보존회 전승교육사) ○ 일무 진행 : 이미주(국가무형유산 종묘제례악보존회 이수자) <국가무형유산 종묘제례보존회> ○ 집 례 : 이상훈(국가무형유산 종묘제례보존회 이수자), 이병학(국가무형유산 종묘제례보존회 이수자), 이동성(국가무형유산 종묘제례보존회 이수자) <만든 사람들> ○ 연출 : 김지욱 ○ 조연출 : 김서연 국가유산청 궁능유적본부 ｜ 김흥년 윤지현 송진욱 김용식 이윤정 국가유산진흥원 ｜ 박준우 김은정 5. 좌석 : 공연 좌석은 자유석으로 운영되며, 객석 간 단차가 있습니다. 6. 접수 안내 ○ 접수 장소 : 종묘 외대문 앞 <종묘제례악 야간공연> 예매확인처 ○ 접수 시간 : 19:00 ~ 19:50*행사 시작 시간 60분 전부터 접수 및 종묘 입장이 가능합니다. * 원활한 접수 진행을 위해 최소 10분 전에 도착해주시길 바랍니다. * 접수 시간 이전에 종묘 입장(일반 관람)하고자 하시는 경우, 종묘 매표소에서 별도 입장료를 지불하셔야 합니다. 단, 일반 관람이 끝난 후 종묘를 퇴장하시어 접수시간 내에 외대문 접수처에 다시 방문하셔야 합니다. 7. 행사 유의사항 <접수 시 유의사항> ○ 본 행사는 예매확인처에서 본인확인을 진행합니다. 예매자 본인 명의와 일치하는 신분증(원본) 및 예매내역(예매번호)을 반드시 지참하시길 바랍니다. ○ 예매자 본인확인이 불가하거나 예매정보와 현장 참여자 정보가 다를 경우 입장이 제한됩니다. ○ 할인 예매 고객께서는 현장 확인 증빙자료를 반드시 지참하시길 바랍니다. ○ 접수 시간 경과 후 예매확인처에 방문할 경우 행사 참여에 제한이 있을 수 있습니다. <관람 시 유의사항> ○ 본 행사는 관람객과의 소통을 위해 악대와 일무원들이 관람석을 바라보도록 배치됩니다. ○ 종묘 정전과 화장실 간의 거리가 멀어 공연 중 화장실 이용이 어렵습니다. 행사 시작 전 미리 화장실을 이용하시길 권장합니다. ○ 행사 중 플래시 사용, 삼각대 사용, 음식물 반입을 금합니다. ○ 공연 중에는 녹음 및 영상 촬영을 금합니다. 무단 촬영 시 제재 및 삭제 조치가 있을 수 있습니다. ○ 거동이 불편하신 고객께서는 궁능 활용 프로그램 전화상담실로 행사 2일전까지 휠체어 탑승 여부를 알려 주시기 바라며, 사전 안내 후 별도 동선으로 안내드립니다. <우천 시 안내> ○ 본 행사는 우천 시 취소되며, 예매 금액은 개별 알림 및 전액 환불 처리 됩니다.(행사 당일 오전 11시 예보 기준) ○ 우천으로 인한 변동 및 안내사항은 문자로 우선 안내됩니다. 예매 전에 티켓링크 회원정보 상의 연락처를 반드시 확인하시길 바라며, 회원정보 오기재로 인한 불이익은 행사 주최·주관사, 티켓사에서 책임지지 않습니다. 8. 오시는 길 ○ 지하철 : <종로3가역> 1호선 11번 출구, 3·5호선 8번 출구 * 종묘는 인근 공영주차장(유료)만 이용 가능하여, 대중교통 이용 바랍니다. 9. 문의 ○ 티켓 문의 : 예매처 전화상담실(☎1588-7890) - 평일 (주말·공휴일 제외) : 10:00~19:00 ○ 행사문의 궁능 활용 프로그램 전화 상담실 : 1522-2295 - (성수기) 2025.4. 1.~6. 16., 2025. 9. 4.~11. 9. : 9:30 ~ 20:30(매주 월 제외/상시운영) - (일반) 성수기 운영기간 외(주말, 공휴일 제외) : 9:30~18:00(점심시간 12:00~13:00) * 성수기 운영기간은 변동 될 수 있습니다.",https://www.kh.or.kr/jnrepo/upload/jnPrgFestivalProgram/202504/57a2bef8e0104c78b31781b23a8436cc_1744435260357.jpg
23,10회,경복궁,526,"대한황실문화원 기획 프로그램 - 자경전, 왕(王)의 효심(孝心)으로 물들이다",복합,"일,수,목,금,토 10:00 ~ 17:00",https://www.kh.or.kr/jnrepo/upload/jnPrgFestivalProgram/202408/0286e54418dd4f46aec1832d57c6cbdd_1724820001433.jpg,황실문화원,https://www.kh.or.kr/program/view/menu/1292?viewType=ach&idx=526&searchRound=23&searchStTime=&searchEnTime=&searchField=homeAll&searchText=,경복궁,"대한황실문화원 기획 프로그램 - 자경전, 왕(王)의 효심(孝心)으로 물들이다",복합,종료,복합,현장참여,2024-10-09~2024-10-13,10:00~17:00,경복궁 자경전,,1522-2295,"2024 년 가을 궁중문화축전 대한황실문화원 기획 프로그램-자경전, 왕(王)의 효심(孝心)으로 물들이다 경복궁 자경전 ( 慈慶殿 ) 의 ‘ 자경 ’ 은 ‘ 어머니의 복을 누린다 ’ 라는 뜻으로 고종 4 년 1867 년 경복궁에 지은 전각으로 , 고종 10 년 화재로 불탄 것을 고종 25 년 1888 년에 고종이 양어머니인 신정왕후를 위해 재건한 건물입니다 . ( 사 ) 대한황실문화원 기획 프로그램 < 자경전 , 왕 ( 王 ) 의 효심 ( 孝心 ) 으로 물들이다 > 는 조 선 시 대 궁 중 의 일 상 을 주 제 로 한 전시와 시연을 통해 웃어른에 대한 공경과 효심을 표현하고자 합니다 . 2024 년 가을 , 경복궁에서 임금이자 아들로서 고종의 일상을 함께 돌아봅니다 . 행사 안내 행사 기간 2024. 10. 9.( 수 )~10. 13.( 일 ) 행사 시간 10:00~17:00( 상설운영 ) 행사 장소 경복궁 자경전 관람 연령 제한없음 행사 문의 행사안내 : 궁능 활용 프로그램 전화 상담실 ( ☎ 1522-2295) 1. 전시소개 도자기 아트 인형 전시 ‘ 조선 600 년의 색을 만들다 ’ 프로그램 안내 전시소개 도자아트인형전시 ‘ 조선 600 년의 색을 만들다 ’ 오주현 작가는 우리나라 도자 인형 1 세대 작가로 도자 인형이라는 특별한 장르에서 활동하며 , 특히 조선 시대의 생활상을 주제로 아름답고 고유한 우리 전통의 미를 알리고자 창작에 매진하고 있는 특별한 영역 속의 작가입니다 . 경복궁에서는 처음 열리는 이번 전시는 자경전의 옛 주인인 신정왕후에 대한 고종의 효심과 왕실 생활을 주제로 하고 있습니다 . 궁궐에서 거행된 ‘ 대례식 , ’ 궁중아악 ‘ 및 ’ 어의 ‘ 등의 모습을 재해석한 도자 인형을 통해서 그 시대의 궁중문화를 살펴볼 수 있는 흥미로운 시간이 될 것입니다 . - 전시일자 : 2024. 10. 9.( 수 )~10. 13.( 일 ) - 전시시간 : 10:00~17:00( 상설운영 ) - 전시장소 : 경복궁 자경전 - 전시주제 : 조선왕실 및 대한제국황실 일원을 주제로 한 도자기 아트 인형 전시 ( 대례식 , 궁중아악 , 왕의 일가 등 ) - 작품수량 : 총 55 점 - 전시작가 : 오주현 ( 도자아트인형작가 ) - 전시 큐레이터 : 오지은 - 갤러리 토커 : 김미숙 - 콘텐츠프로듀서 : 황현모 행사소개 왕의 문안 및 교지 수여 - 행사일자 : 2024. 10. 11.( 금 )~10. 13.( 일 ) - 행사시간 : 16:00~17:00(60 분 ) - 행사장소 : 경복궁 자경전 일원 - 행사내용 · 왕의 문안 : 고종이 자경전을 찾아 신정왕후에게 문안을 올리는 장면과 효심을 연출 · 교지 수여 : 고종이 관리의 품계 상향 교지를 수여하는 장면을 시연 · 퍼레이드 : 한복을 곱게 차려입은 출연진들의 자경전 및 경복궁 일대 순회 연출진 총감독 황현모 조연출 이현준 시나리오 정규훈 의상연출 박현주 (( 사 ) 한복기술진흥원 ) 무대감독 ( 퍼포먼스 ) 성국현 조연출 ( 퍼포먼스 ) 이경희 자문 ( 퍼포먼스 ) 황정원 행사 유의사항 안내 관람 시 유의사항 궁궐 내 모든 공간은 국가유산 보호구역으로 흡연 및 음식물 , 인화물질 , 놀이기구의 반입이 제한됩니다 . 행사중 녹음 및 영상 촬영 , 플래시 사용 , 삼각대 사용이 제한됩니다 . 행사 당일 언론 및 방송 취재가 있을 수 있으며 , 사전에 개별 고지 없이 촬영될 수 있음을 양해바랍니다 . 행사 시 촬영한 사진 및 영상은 궁중문화축전 및 ( 사 ) 대한황실문화원의 공식 홍보 및 연구 , 발간자료 등에 활용될 수 있습니다 . 우천 시 안내 행사 당일 오전 9 시 기상청 예보 기준 행사 시간 내 우천 예보 시 1~4mm 예보 시 행사 정상 진행 ( 단 , 국가유산 보호를 위하여 일부 구역 관람이 제한될 수 있음 ) 5mm 이상 예보 시 전시 정상 진행 / 시연 행사 취소 오시는 길 서울시 종로구 사직로 161 경복궁 자경전 지하철 3 호선 경복궁역 5 번 출구 ( 도보 약 12 분 ) 3 호선 안국역 1 번 출구 ( 도보 약 15 분 ) 5 호선 광화문역 2 번 출구 ( 도보 약 15 분 ) 버스 경복궁 하차 ( 도보 약 15 분 ) 간선 109, 171, 272, 601, 606, 710 지선 1020, 7025 덕성여중고 하차 ( 도보 약 20 분 ) 간선 171, 272, 401, 406, 704, 710 지선 1020, 7025 자가용 경복궁 주차장 ( 유료 )( 도보 약 10 분 ) * 주차장이 협소하오니 가급적 대중교통을 이용하시길 바랍니다 . 행사 문의 궁능 활용 프로그램 전화상담실 ☎ 1522-2295 - 9 시 30 분 ~18 시 운영 / 점심시간 12 시 ~13 시 매주 월요일 미운영",https://www.kh.or.kr/jnrepo/upload/jnPrgFestivalProgram/202408/0286e54418dd4f46aec1832d57c6cbdd_1724820001433.jpg
23,10회,경복궁,525,고궁 속 아름다운 한복 이야기 사진전,전시,"일,수,목,금,토 10:00 ~ 17:00",https://www.kh.or.kr/jnrepo/upload/jnPrgFestivalProgram/202410/b36846e8406e48e5ac675102f2df222d_1727925573977.jpg,고궁,https://www.kh.or.kr/program/view/menu/1292?viewType=ach&idx=525&searchRound=23&searchStTime=&searchEnTime=&searchField=homeAll&searchText=,경복궁,고궁 속 아름다운 한복 이야기 사진전,전시,종료,전시,현장참여,2024-10-09~2024-10-13,10:00~17:00,경복궁 계조당,,국가유산진흥원 궁능활용사업 콜센터(1522-2295),"궁중문화축전 「 고궁 속 아름다운 한복이야기 사진 공모전 」 수상작을 가을 축전 기간 (10. 9.~10. 13.) 동안 경복궁 계조당에서 전시합니다 . □ 행사안내 ○ 일정 : 2024. 10. 9. ( 수 ) ~10. 13.( 일 ) / 10:00~17:00 ( 축전 기간 상시 운영 ) ○ 장소 : 경복궁 계조당 ( 네이버 지도 클릭 ) * 경복궁 동편 주차장쪽 방향 진입 □ 세부내용 ○ 구성 : 궁중문화축전 「 고궁 속 아름다운 한복이야기 사진 공모전 」 수상작 50 점 전시 ○ 전시 주제 : 4 대 궁 ( 경복궁 , 창덕궁 , 창경궁 , 덕수궁 ) 및 종묘에서 한복을 입고 촬영한 인물 사진 ○ 전시작 : 대상 ( 국가유산청장상 ) 1 점 , 최우수상 ( 궁능유적본부장상 , 국가유산진흥원장상 ) 2 점 , 우수상 ( 국가유산진흥원장상 ) 3 점 , 장려상 ( 국가유산진흥원장상 ) 5 점 , 가작 39 점 대상 ‘ 경복궁 경안문에서 ’ ( 박태근 작 ) 우수상 ‘ 담소 ’( 김홍기 작 ) * 참고 □ 공모전 개요 ○ 공모명 : 궁중문화축전 고궁 속 아름다운 한복이야기 사진 공모전 ○ 응모자격 : 궁중문화축전에 관심 있는 대한민국 국민 , 국내 거주 외국인 ○ 공모주제 : 4 대궁 ( 경복궁 , 창덕궁 , 창경궁 , 덕수궁 ) 및 종묘에서 한복을 입고 촬영한 인물 사진 ○ 공모 일정 - 접수 : 2024. 8. 5.( 월 ) 9:00 ~ 2024. 9. 8.( 일 ) 23:59 - 심사 : 2024. 9. 9.( 월 ) ~ 9. 20.( 금 ) - 발표 : 2024. 9. 24.( 화 ) * 행사 문의 : 궁능활용프로그램 전화상담실( 1522-2295)",https://www.kh.or.kr/jnrepo/upload/jnPrgFestivalProgram/202410/b36846e8406e48e5ac675102f2df222d_1727925573977.jpg
23,10회,경복궁,524,"인문학 콘서트-한복, 천태만상",공연,"목,금 16:00 ~ 17:30",https://www.kh.or.kr/jnrepo/upload/jnPrgFestivalProgram/202408/fac20bb9050a46b7b9d83090efba1b3d_1724819672603.png,인문학,https://www.kh.or.kr/program/view/menu/1292?viewType=ach&idx=524&searchRound=23&searchStTime=&searchEnTime=&searchField=homeAll&searchText=,경복궁,"인문학 콘서트-한복, 천태만상",공연,종료,공연,사전예약,2024-10-10~2024-10-11,16:00~17:30,경복궁 흥복전 마당,회당 300명,궁능 활용 프로그램 전화상담실(1522-2295)/티켓문의 티켓링크 전화상담실(1588-7890),"가을 날 경복궁 흥복전 에서 진행하는 인문학 콘서트 '한복, 천태만상' 국가무형유산으로 지정된 ' 한복생활 ' 은 오랜 역사와 전통 속에서 다양한 형태로 지속하여 왔으며 우리 민족의 정체성과 가치를 대표해 온 생활관습입니다 . 특히 한복은 선인들이 남긴 기록화와 현대인들의 영화 속에서 치밀한 연출과 섬세한 묘사를 통해 등장하며 일상과 이상을 넘나드는 매개체 역할을 하기도 합니다 . 궁중에서 베푸는 잔치를 그린 진연의궤와 도병 ( 그림 병풍 ), 다양한 시대를 배경으로 한 사극 영화에서 한복은 신선하기도 , 담대하기도 한 방식으로 주제와 인물 , 사건을 그려냅니다 . 2024 년 가을 , 경복궁에서 한복이 그린 천 가지 모습과 만 가지 형상을 함께 돌아봅니다 . 1. 공연안내 - 일자 : 2024. 10. 10.( 목 )~10. 11.( 금 ) - 시간 : 16:00~17:30(90 분 ) - 장소 : 경복궁 흥복전 - 관람인원 : 회당 300 명 ( 사전예약 ) - 행사문의 : 궁능 활용 프로그램 전화상담실 ( ☎ 1522-2295) - 티켓문의 : 티켓링크 전화상담실 ( ☎ 1588-7890) 2. 예매안내 - 일정 : 2024 년 9 월 23 일 (월 ) 14 시 *예정 - 예매처 : 티켓링크 www.ticketlink.co.kr - 예매방법 : 온라인 사전예매 - 예매금액 : 무료 ( 선착순 , 1 인 최대 4 매 예매 가능 ) 3. 공연소개 사회자 서경덕 성신여자대학교 교양학부 교수 前 대통령 직속 국가브랜드위원회 위원 前 문화체육관광부 해외문화홍보원 자문위원 1 회차 (10. 10.( 목 )) - 주제 : 한복 , 거장의 미장센 - 내용 : 영화 속 미장센 요소로서 한복의 쓰임새 패널 권유진 영화 의상감독 영화 「 노량 」 , 「 한산 」 , 「 명량 」 , 「 광해 , 왕이 된 남자 」 , 「 최종병기 , 활 」 , 「 덕혜옹주 」 등 의상감독 넷플릭스 「 킹덤 」 의상감독 대종상 의상상 수상 ( 총 8 회 ) 공연 원초적 음악집단 이드 전통음악과 서양의 리듬을 결합한 퍼포먼스로 음악적 쾌감이라는 본능을 이끌어내는 창작국악그룹 남기문 기타 , 대피리 , 태평소 김유원 생황 , 피리 , 태평소 오영빈 피리 , 태평소 , 키보드 김진규 베이스 도경한 장구 , 드럼 2 회차 (10. 11.( 금 )) - 주제 : 한복 , 일상의 몽타주 - 내용 : 기록화 ( 의궤 , 도병 등 ) 속 직과 업을 상징하는 요소로서 한복의 쓰임새 강사 신병주 건국대학교 사학과 교수 前 외교통상부 외규장각도서 자문포럼 위원 前 서울대학교 규장각 학예연구사 KBS 「 역사저널 , 그날 」 출연 패널 이민주 한국학중앙연구원 전통한국연구소 연구원 前 한국학중앙연구원 왕실문헌연구실 책임연구원 前 경기도 무형문화재위원 前 성균관대학교 의상학과 외래교수 및 겸임교수 공연 국가유산진흥원 예술단 1981 년 창단 이후 가 ( 歌 ), 무 ( 舞 ), 악 ( 樂 ) 이 어우러진 전통예술공연을 선사하며 한국의 아름다움을 알리는 국내 최고의 전통무용단 4.‘ 아름다운 한복 입기 ’ 이벤트 참여 안내 인문학 콘서트 ‘ 한복 , 천태만상 ’ 사전예약 관람객 대상으로 우리 전통한복을 입고 프로그램에 참여하시면 우선석 착석 기회와 소정의 기념품을 드립니다 . ① 전통한복 우선석 : 회당 50 석 * 본 공연은 비지정석으로 운영되며 , 사전에 고지한 구역에 한해 회당 50 석 한정으로 전통한복 우선석을 운영합니다 . * 사전예약 관람객 중 전통한복을 착용하신 분이 먼저 착석할 수 있는 특별좌석입니다 . * 전통한복 우선석은 공연 시작 10 분 전까지 착석해주셔야 하며 , 15:50 이후에는 전석 비좌정석으로 운영합니다 . ② 기념품 : 수량 소진 시까지( 버선 누빔 지갑 *1인당 1개 지급) 5. 오시는 길 서울시 종로구 사직로 161 경복궁 흥복전 접수장소 경복궁 흥복전 앞 < 인문학 콘서트 > 예매확인처 지하철 3 호선 경복궁역 5 번 출구 ( 도보 약 12 분 ) 3 호선 안국역 1 번 출구 ( 도보 약 15 분 ) 5 호선 광화문역 2 번 출구 ( 도보 약 15 분 ) 버스 경복궁 하차 ( 도보 약 15 분 ) 간선 109, 171, 272, 601, 606, 710 지선 1020, 7025 덕성여중고 하차 ( 도보 약 20 분 ) 간선 171, 272, 401, 406, 704, 710 지선 1020, 7025 자가용 경복궁 주차장 ( 유료 )( 도보 약 10 분 ) * 주차장이 협소하오니 가급적 대중교통을 이용하시길 바랍니다 . 9. 접수안내 접수장소 : 경복궁 흥복전 앞 < 인문학 콘서트 > 예매확인처 접수시간 : 공연 당일 15:20~15:50( 예매자 별도 공지 ) 접수방법 : 티켓링크 모바일 티켓 ( 스마트 티켓 ) 확인 * 행사 시작 시간 40 분 전부터 접수 및 입장이 가능합니다 . * 경복궁 매표소 ( 경복궁 흥례문 광장 ) 부터 공연장소 ( 경복궁 흥복전 ) 까지는 도보로 수 분 이상 소요되므로 가급적 공연 시작 10 분 전까지 입장하여 주시기 바랍니다 . * 관람객의 안전을 위하여 티켓 확인 후 진행요원의 안내에 따라 흥복전 앞에서 대기 후 순차적으로 입장을 진행합니다 . * 고지된 접수시간 이후에 도착하신 경우 , 예약부도 ( 노쇼 ) 로 간주하여 현장접수를 진행합니다 . 10. 유의사항 예매 시 유의사항 * 전 좌석 동일등급 비지정좌석제입니다 . 단 , 회차별 50 석에 한해 한복착용자 우선 착석이 가능한 특별좌석 ( 한복 우선석 ) 을 운영합니다 . * 1 인 최대 4 매 예매 가능합니다 . * 접수시간 이후 예약부도 ( 노쇼 ) 발생 시 현장접수를 진행합니다 . * 본 행사의 티켓은 정식 예매처인 티켓링크를 통한 100% 사전예약 판매를 원칙으로 하며 , 그 외의 경로는 진행되지 않습니다 . * 예매하신 본인 입장이 원칙이며 , 타인 양도가 불가합니다 . 단 , 일반 예매에 한해 가족 관계일 경우 예매자 및 양도받으실 가족 본인의 신분증과 , 가족 관계 증빙자료 ( 주민등록등본 , 가족관계증명서 ) 지참 시에만 예외적으로 양도가 가능합니다 . * 실물 티켓은 별도로 제공되지 않습니다 . * 부정한 방법 ( 매크로 사용 , 우선 예매 URL 공유 등 ) 으로 예매하거나 불법 암표 매매 목적으로 구매하는 경우 적발 시 해당 티켓은 사전 통보 없이 예매 취소 및 사용을 제한할 수 있습니다 . * 불법 암표 거래 ( 프리미엄 티켓 판매 , 티켓 양도 사기 ) 로 선량한 예매자의 피해가 발생하고 있습니다 . 이로 인한 문제 발생 시 행사 주최 · 주관사 , 티켓사는 책임지지 않습니다 . 반드시 정식 예매처를 통해 예매해주시기 바랍니다 . * 예매하신 티켓의 취소는 예매처 ( 티켓링크 ) 를 통해 가능합니다 . 관람 시 유의사항 * 궁궐 내 모든 공간은 국가유산 보호구역으로 흡연 및 음식물 , 인화물질 , 놀이기구의 반입이 제한됩니다 . * 행사중 녹음 및 영상 촬영 , 플래시 사용 , 삼각대 사용이 제한됩니다 . * 거동이 불편하신 관람객께서는 궁능 활용 프로그램 전화상담실로 행사 2 일전까지 휠체어 탑승 여부를 알려 주시기 바라며 , 사전 협의 후 별도 동선으로 안내드리는 점 양해 부탁드립니다 . * 행사 당일 언론 및 방송 취재가 있을 수 있으며 , 사전에 개별 고지 없이 촬영될 수 있음을 양해바랍니다 . * 행사 시 촬영한 사진 및 영상은 궁중문화축전의 공식 홍보 및 연구 , 발간자료 등에 활용될 수 있습니다 . 우천 시 유의사항 행사 당일 오전 11 시 기상청 예보 기준 행사 시간 내 우천 예보 시 행사 취소 개별 알림 * 우천으로 인한 행사 취소 또는 변경 시 , 행사 당일 오전 11 시 기상청 예보를 기준으로 문자 안내드립니다 . * 예매 전에 티켓링크 회원정보 상의 연락처를 반드시 확인하시기 바라며 , 회원정보 오기재로 인한 불이익은 행사 주최 · 주관사 , 티켓사에서 책임지지 않습니다 . 11. 문의처 행사문의 궁능 활용 프로그램 전화상담실 ( ☎ 1522-2295) * 운영시간 : 화 ~ 일요일 09:30~18:00( 월요일 휴무 ) 티켓문의 티켓링크 전화상담실 ( ☎ 1588-7890) * 운영시간 : 평일 10:00~19:00( 토 ˙ 일요일 · 공휴일 휴무 ) 주요내용 스크린과 기록화 속 한복을 주제로 한 명사 초청 인문학 콘서트 일반관람석내 한복착용자를 대상으로 우선석 운영(회당50석 예정) 사전예약자 대상 한복 관련 기념품 증정 예약정보 9. 23.(월 ) 14시 티켓링크 오픈 예정",https://www.kh.or.kr/jnrepo/upload/jnPrgFestivalProgram/202408/fac20bb9050a46b7b9d83090efba1b3d_1724819672603.png
23,10회,경복궁,523,경복궁 상의원,체험,"일,수,목,금,토 10:00 ~ 17:00",https://www.kh.or.kr/jnrepo/upload/jnPrgFestivalProgram/202408/9b587dc2b32e4a58b1d988f97e5b06a4_1724734359528.jpg,상의원,https://www.kh.or.kr/program/view/menu/1292?viewType=ach&idx=523&searchRound=23&searchStTime=&searchEnTime=&searchField=homeAll&searchText=,경복궁,경복궁 상의원,체험,종료,체험,사전예약,2024-10-09~2024-10-13,10:00~17:00,수정전 및 융무루 터,"일 1,000명",,"경복궁 특별 한복 체험 공간 ‘ 경복궁 상의원 ’ 조선시대 왕실의 복식을 관장하던 경복궁 상의원이 돌아옵니다 ! 무형유산 장인과 함께하는 체험과 한복 소품 DIY, 색다른 일상극 등으로 전통 복식의 역사를 만나보아요 ! 1. 티켓오픈 2024 년 9 월 23 일 (월 ) 13 시 예정 티켓링크 * 관람권 : 유료 (10,000 원 ) / 한 ID 당 최대 2 매 예약가능 * 해당 티켓은 상의원 무형유산 체험에 해당됩니다 . * 이외 프로그램은 예약 없이 현장에서 참여가능합니다 . 2. 행사안내 - 일자 : 2024. 10. 9.( 수 )~10. 13.( 일 ) - 시간 : 10:00~17:00 - 장소 : 경복궁 일대 ( 야간개장 권역 ) - 참여인원 : 2,000 명 3. 세부내용 [ 한복을 알다 ] - 내용 : 한복의 역사와 제작과정을 알 수 있는 스토리보드 전시 - 장소 : 경복궁 근정전 회랑 - 시간 : 10:00~17:00( 상시운영 / 자유관람 ) [ 한복을 보다 ] - 내용 : 상의원 재현 공간 및 관련 인물들의 일상극 관람 - 장소 : 경복궁 수정전 내 · 외부 - 시간 : 10:00~17:00( 상설운영 ) [ 한복을 경험하다 ] ① 무형유산 키트 만들기 - 침선장 - 내용 : 침선장 저고리 보자기 키트 만들기 ( 김영숙 이수자 ) - 장소 : 경복궁 수정전 - 참여방법 : 사전예약 / 유료 (10,000 원 ) - 시간 : 10:00/13:00/15:30( 회차당 30 명 /90 분 ) ② 무형유산 키트 만들기 - 화혜장 - 내용 : 화혜장 꽃신 키트 만들기 ( 황덕성 이수자 ) - 장소 : 경복궁 수정전 - 참여방법 : 사전예약 / 유료 (10,000 원 ) - 시간 : 10:00/11:30/14:30/16:00( 회차당 30 명 /60 분 ) ③ 나만의 한복 소품 커스터마이징 ( 국가유산진흥원 x 오브젝트 ( 옵젵상가 )) - 내용 : 특별 제작 와펜을 활용한 버선 , 복주머니 꾸미기 - 장소 : 경복궁 융무루 터 - 시간 : 10:00~17:00( 상시운영 / 현장접수 ) ( 일 500 명 한정 ) [ 오시는길 ] 서울 종로구 사직로 161 경복궁 흥례문 앞 ( 한복연향 접수처 ) * 대중교통을 이용하시면 경복궁까지 더 편리하게 오실 수 있습니다 . - 버스 : 109, 171, 272, 601, 606, 1020, 7025 번 버스 ( 경복궁 남측 ),1020, 1711, 7016, 7018, 7022, 7212, 6011, 9703 번 버스 ( 경복궁 서측 ) - 지하철 : 경복궁역 5 번 출구 ( 접수처까지 도보 약 5 분 ) - 주차 : 경복궁 동편 주차장 ( 유료 )( 접수처까지 도보 약 10 분 ) [ 유의사항 ] - 야외행사의 특성 상 행사당일 우천예보 시 행사가취소될 수 있습니다 .( 사전예매자 개별 안내 ) - 궁궐 내 모든 공간은 금역구역입니다 . - 문화유산 보호구역으로 음식물 , 인화물질 , 놀이기구의 반입이 제한됩니다 . - 행사 당일 언론 및 방송 취재가 있을 수 있으며 , 사전에 개별 고지 없이 촬영될 수 있음을 양해바랍니다 . - 행사 시 촬영한 사진 및 영상은 궁중문화축전의 공식 홍보 및 연구 , 발간 자료 등에 활용될 수 있습니다 . * 티켓 및 행사문의 : 국가유산진흥원 궁능활용사업 콜센터 (1522-2295)",https://www.kh.or.kr/jnrepo/upload/jnPrgFestivalProgram/202408/9b587dc2b32e4a58b1d988f97e5b06a4_1724734359528.jpg
23,10회,경복궁,522,경복궁 한복 연향,복합,수 19:00 ~ 21:00,https://www.kh.or.kr/jnrepo/upload/jnPrgFestivalProgram/202408/81c4b752f57c4a04b96bde33292e1e82_1724733991607.jpg,한복,https://www.kh.or.kr/program/view/menu/1292?viewType=ach&idx=522&searchRound=23&searchStTime=&searchEnTime=&searchField=homeAll&searchText=,경복궁,경복궁 한복 연향,복합,종료,복합,사전예약,2024-10-09~2024-10-09,19:00~21:00,경복궁 일원,"2,000명",,"궁중문화축전 10 주년 기념 특별행사 ‘ 경복궁 한복연향 ’ 경복궁에서의 특별한 하루 ! 궁중문화축전 10 주년을 맞아 우리 전통 복식인 한복을 입고 즐기는 ‘ 경복궁 한복 연향 ’ 이 펼쳐집니다 . 고궁의 밤 , 우리 한복의 아름다움으로 축제를 함께 완성해주세요 ! 1. 티켓오픈 2024 년 9 월 23 일 ( 금 ) 12 시 예정 티켓링크 * 관람권 : 무료 / 한 ID 당 최대 4 매 예약가능 * 한복 착용자만 입장 가능 ( 사전 / 현장 동일 ) 2. 행사안내 - 일자 : 2024. 10. 9.( 수 ) - 시간 : 19:00~21:00 - 장소 : 경복궁 일대 ( 야간개장 권역 ) - 참여인원 : 2,000 명 3. 세부내용 [ 일상재현 프로그램 ] ① 왕가의 산책 - 내용 : 행사 권역 내 왕가의 산책 퍼포먼스 진행 - 장소 : (1 회차 ) 계조당 → 근정문 → 근정전 ( 포토타임 ) (2 회차 ) 교태전 → 수정전 → 경회루 ( 포토타임 ) - 시간 : (1 회차 ) 19:00~19:30 (2 회차 ) 20:00~20:30 ② 경복궁 상의원 일상재현 - 내용 : 재현된 상의원 공간에서 펼쳐지는 일상재현 퍼포먼스 - 장소 : 경복궁 수정전 - 시간 : 19:00~21:00( 상시운영 ) [ 체험 프로그램 - 한복 입고 시리즈 ] ① 한복 입고 DIY( 국가유산진흥원 x 오브젝트 ( 옵젵상가 )) - 내용 : 나만의 한복 소품 커스터마이징 체험 ( 버선 , 복주머니 ) - 장소 : 경복궁 융무루 터 - 시간 : 19:00~21:00( 상시운영 / 현장접수 ) ② 한복 입고 전통놀이 - 내용 : 한복 원단으로 만들어진 전통놀이 도구 체험 - 장소 : 경복궁 흠경각 - 시간 : 19:00~21:00( 상시운영 / 자유참여 ) ③ 한복 입고 그림찾기 - 내용 : 경복궁의 보물같은 장소를 찾아 떠나는 미션 여행 - 장소 : 경복궁 일원 - 시간 : 19:00~21:00( 상시운영 / 자유참여 ) [ 공연 프로그램 - 한복의 사계 ] - 내용 : 계절에 맞는 복식과 악기로 한복의 사계절을 표현한 버스킹 프로그램 - 장소 : 미정 - 시간 : 미정 [ 전시 프로그램 - 한복 , 미 ( 美 ) 의 역사 ] 내용 : 한복의 역사와 제작과정을 알 수 있는 스토리보드 전시 - 장소 : 경복궁 근정전 회랑 - 시간 : 19:00~21:00( 상시운영 / 자유참여 ) [ 이벤트 - 수상한 그림꾼 ] - 내용 : 궁궐을 돌아다니는 수상한 그림꾼을 찾아 나만의 한복 자화상을 부탁하세요 ! 오늘의 추억을 멋들어지게 그려줄 멋쟁이들입니다 ! - 장소 : 경복궁 일원 - 시간 : 19:00~21:00( 상시운영 / 자유참여 ) [ 오시는길 ] 서울 종로구 사직로 161 경복궁 흥례문 앞 ( 한복연향 접수처 ) * 대중교통을 이용하시면 경복궁까지 더 편리하게 오실 수 있습니다 . - 버스 : 109, 171, 272, 601, 606, 1020, 7025 번 버스 ( 경복궁 남측 ),1020, 1711, 7016, 7018, 7022, 7212, 6011, 9703 번 버스 ( 경복궁 서측 ) - 지하철 : 경복궁역 5 번 출구 ( 접수처까지 도보 약 5 분 ) - 주차 : 경복궁 동편 주차장 ( 유료 )( 접수처까지 도보 약 10 분 ) [ 입장안내 ] - 접수시간 : 18:00 부터 접수 시작 - 접수장소 : 경복궁 용성문 앞 ( 국립고궁박물관 방향 ) - 사전예약자 확인을 위하여 예매자 본인의 신분증을 필히 지참해주시기 바랍니다 . ( 주민등록증 , 운전면허증 , 여권 , 신분증 재발급 신청서 , 외국인등록증 ) * 관람권은 직계가족 및 형제 · 자매에 한하여 증빙자료 ( 등본 , 가족관계증명서 ) 제출 시 양도할 수 있습니다 . - 사전예약자도 한복 착용자만 입장 가능합니다 . - 한복 착용자에 한해 예약 없이 현장접수 가능합니다 . [ 유의사항 ] 경복궁 한복 연향은 한복 착용자만 입장이 가능합니다 . - 야외행사의 특성 상 행사당일 우천예보 시 행사가 취소될 수 있습니다 .( 사전예매자 개별 안내 ) - 궁궐 내 모든 공간은 금역구역입니다 . - 문화유산 보호구역으로 음식물 , 인화물질 , 놀이기구의 반입이 제한됩니다 . - 행사 당일 언론 및 방송 취재가 있을 수 있으며 , 사전에 개별 고지 없이 촬영될 수 있음을 양해바랍니다 . - 행사 시 촬영한 사진 및 영상은 궁중문화축전의 공식 홍보 및 연구 , 발간 자료 등에 활용될 수 있습니다 . * 티켓 및 행사문의 : 한국문화재재단 궁능활용사업 콜센터 (1522-2295)",https://www.kh.or.kr/jnrepo/upload/jnPrgFestivalProgram/202408/81c4b752f57c4a04b96bde33292e1e82_1724733991607.jpg
23,10회,경복궁,520,궁중문화축전 길놀이,공연,토 13:30 / 15:30,https://www.kh.or.kr/jnrepo/upload/jnPrgFestivalProgram/202408/b66c88ce010d4ef29b5959c85fb707f6_1724733372881.png,길놀이,https://www.kh.or.kr/program/view/menu/1292?viewType=ach&idx=520&searchRound=23&searchStTime=&searchEnTime=&searchField=homeAll&searchText=,경복궁,궁중문화축전 길놀이,공연,종료,공연,현장참여,2024-10-12~2024-10-12,토 13:30 / 15:30,"경복궁 일원, 창경궁 일원",,,"사자춤 , 소고춤 , 사물놀이 등 2024 년 궁중문화축전의 흥을 더할 전통 길놀이를 궁궐 곳곳에서 만나보세요 ! 2024 가을 궁중문화축전 길놀이는 경복궁과 창경궁에서 진행됩니다. <경복궁> - 일정 : 2024. 10. 12.( 토 ) 13:30, 15:30(30분간 진행) - 동선: 국립고궁박물관 앞 출발→ 용성문→ 흥례문 광장 (합동공연) → 협생문 - 출연진: 강령탈춤보존회, 봉산탈춤보존회, 국가유산진흥원 예술단 등 - 공연구성: 합동 사자춤(강령, 봉산), 기접놀이, 소고춤, 사물 개인놀이 등 <창경궁> - 일정 : 2024. 10. 13.( 일 ) 14시, 16시 - 동선: 창경궁 양화당 앞마당 시작(문정문-광정문-관천대 인근) - 출연진: 강령탈춤보존회, 봉산탈춤보존회, 국가유산진흥원 예술단 등 - 공연구성: 합동 사자춤(강령, 봉산), 기접놀이, 소고춤, 사물 개인놀이 등 - 행사문의 ○ 궁능활용프로그램 콜센터 1522-2295 - 우천 시 취소 안내 ○ 행사 당일 오전 11 시 기준 5mm 이상 예보될 경우 ( 기상청 예보 기준 ) 행사가 취소되며 , 궁중문화축전 SNS 채널을 통해 공지됩니다 .",https://www.kh.or.kr/jnrepo/upload/jnPrgFestivalProgram/202408/b66c88ce010d4ef29b5959c85fb707f6_1724733372881.png
23,10회,경복궁,518,고궁음악회 발레x수제천,공연,"일,목,금,토 19:00 ~ 20:10",https://www.kh.or.kr/jnrepo/upload/jnPrgFestivalProgram/202408/74787dd67dd647508c56f1f48b55ab3f_1724725777915.png,발레,https://www.kh.or.kr/program/view/menu/1292?viewType=ach&idx=518&searchRound=23&searchStTime=&searchEnTime=&searchField=homeAll&searchText=,경복궁,고궁음악회 발레x수제천,공연,종료,공연,사전예약,2024-10-10~2024-10-13,19:00~20:10,경복궁 집옥재 앞마당,,,"국내 티켓: 9월 23일 월요일 오후 3시 티켓링크 예약 시작 해외(외국인) 티켓: 9월 5일 목요일 오전 10시 크리에이트립 예약 시작 경복궁 집옥재 앞마당에서 만나는 국악과 발레의 크로스오버 공연 - 2년 연속 전 회차 매진으로 검증된 명품 공연 - K-Arts 발레단과 국악 명인들이 만나 펼치는 동서양의 고전 융합 무대(공연시간 70분) - 클래식 발레부터 컨템퍼러리 발레, '천상의 선율'이라 불리는 '수제천'부터 외국인에게 사랑받는 가야금 명곡 '침향무'까지 동서양 예술의 정수를 만나볼 수 있는 공연 - 공연에 대한 해설이 없는 음악회 입니다. (영어해설이 지원되지 않습니다.) 2024년 가을밤, 경복궁에서 수제천(壽齊天)과 발레가 다시 만나 오늘의 고전을 이어갑니다. 고궁음악회는 궁궐의 전각과 자연을 배경으로 전통예술 뿐만 아니라 대중음악과 서양음악, 현대무용 등 다양한 장르와의 협연을 통해 전통문화의 외연을 확장하고 대중과의 소통을 강화하기 위한 노력을 지속하고 있습니다. 2024년 하반기에는 우리 궁중음악인 수제천(壽齊天)과 서양 궁중무용인 발레의 협연을 경복궁 집옥재 앞마당에서 다시금 선보입니다. 붉은 홍주의를 입은 궁중악사의 선율 위로 천상의 발레리나들이 날아오르는 집옥재의 모습은 오랫동안 잊히지 않을 고궁의 멋진 가을밤을 선사할 것입니다. [프로그램] “첫째 마당: 발레 정재”(클래식 발레) ‘정재’는 궁중무용을 일컫는 말로써, 우리 국악 중 천상의 선율이라고 불리우는 수제천과 클래식 발레가 만나 21세기 궁중무용 장르의 새로운 발현인 발레정재를 제안한다. “둘째 마당: 발레 판타지”(로맨틱 발레) 판타지 세계를 그려내는 로맨틱 발레의 특징을 전통 음악들과의 융합으로 재현한다. 태평가 선율이 국악 중주로 노닐면 북악산 요정들의 춤이 화답하고, 이어서 판소리 소리꾼의 한바탕이 펼쳐진다. 환상적으로 펼쳐진 판타지 마당에서 정겨운 도깨비 춤이 침향무 연주와 한껏 어우러진다. “셋째 마당: 발레비나리”(컨템퍼러리 발레) 수룡음 연주가 판타지 세계에서 피날레 무대로의 전환을 맺어준다. 사물놀이 장단의 역동성과 젊은 무용수들의 컨템퍼러리 발레의 에너지가 상승효과를 일으키며 관객들에게 감사와 축원의 비나리를 선물한다. 연출: 조주현(한국예술종합학교 무용원 실기과 교수) 출연진: K-Arts 발레단, 수제천 프로젝트, 연희컴퍼니 유희 접수장소: 경복궁 신무문 앞 안내데스크 접수장소(경복궁 신무문 안내데스크)에서 관람 30분 전까지 대기하여 주시기 바랍니다. 접수장소에서 예매 내역을 확인 후 입장을 시작합니다. 프로그램의 원활한 진행과 안전 상의 이유로 프로그램이 시작된 이후에는 입장이 제한됩니다. 경복궁 내 주차 공간이 협소하오니 대중교통 이용을 권고드립니다. 오시는 길 버스 - 경복궁역 3번 출구 앞 '경복궁역 정류장'에서 1711, 1020, 7018, 7016, 7022, 7212번 버스 승차 후 '효자동 정류장'에서 하차 - '국립고궁박물관 정류장'에서 01A번 버스 승차 후 '청와대 정류장'에서 하차 지하철 - 3호선 경복궁역 4번 출구로 나와 도보 15분 이동 - 3호선 안국역 1번 출구로 나와 도보 20분 이동 * 경복궁 동편 유료 주차장 이용 가능(주차비 본인 부담) * 경복궁 신무문은 청와대 정문 맞은편에 위치하고 있으며, 경복궁 역에서 도보로 수분 소요되오니 가급적 공연 시작 30분 전 도착하시기 바랍니다. <유의사항> 7세 이상부터 참여가 가능합니다. (6세 이하 아동은 안전 상의 이유로 참여가 제한됩니다.) 공연 중 영상을 포함한 모든 사진 촬영과 음성 녹음은 금지되어 있으며, 공연 종료 후 커튼콜 시 삼각대/플래시를 사용하지 않는 사진 및 영상 촬영만 가능합니다. 행사 당일 언론 및 방송 취재가 있을 수 있으며, 사전에 고지없이 촬영될 수 있음을 양해 바랍니다. 행사 시 촬영한 사진 및 영상은 국가유산진흥원의 홍보 및 연구, 발간 자료 등에 활용될 수 있습니다. 궁궐 내 모든 공간은 금연구역입니다. 문화유산 보호구역으로 음식물, 인화물질, 놀이기구의 반입이 제한됩니다. 행사 당일 13시 기상청 기준 우천 예보 시 공연이 취소될 수 있으며, 이 경우 예매자에게 개별 안내해드릴 예정입니다.",https://www.kh.or.kr/jnrepo/upload/jnPrgFestivalProgram/202408/74787dd67dd647508c56f1f48b55ab3f_1724725777915.png
23,10회,경복궁,516,경복궁 생과방,체험,"일,월,수,목,금,토 10:00, 11:40 / 13:50, 15:30",https://www.kh.or.kr/jnrepo/upload/jnPrgFestivalProgram/202408/670ad368703347e58a3950a27c25eaf6_1724635146793.jpg,생과방,https://www.kh.or.kr/program/view/menu/1292?viewType=ach&idx=516&searchRound=23&searchStTime=&searchEnTime=&searchField=homeAll&searchText=,경복궁,경복궁 생과방,체험,종료,체험,사전예약,2024-09-04~2024-10-31,"일,월,수,목,금,토 10:00, 11:40 / 13:50, 15:30",생과방,,,"2024 경복궁 생과방 1. 행사 소개 경복궁 소주방 전각에 위치한 생과방 ' 은 궁중의 육처소 處所 ) 가운데 하나이며 , ' 국왕과 왕비의 후식과 별식을 준비하던 곳으로 ' 생물방 ' 혹은 ' 생것방 ' 이라고도 불렸습니다 . 경복궁 생과방 프로그램은 조선왕조실록의 내용을 토대로 실제 임금이 드셨던 궁중병과와 궁중약차를 오늘날에도 즐길 수 있도록 구성된 체험 프로그램 입니다 . 2. 행사 안내 ○ 행사기간 : 2024 년 9 월 4 일 ( 수 ) - 10 월 31 일 ( 목 ) * 경복궁 휴궁일 행사 미운영 ○ 행사장소 : 경복궁 생과방 ○ 행사시간 : 1 일 4 회 , 회당 70 분 소요 - 1 회 10:00 |2 회 11:40 |3 회 13:50 | 4 회 15:30 3. 예매 안내 ○ 예매일정 - 예매권 추첨 응모 : 2024. 8. 12.( 월 ) 14:00 ~ 8. 18.( 일 ) 23:59 - 추첨 당첨자 발표 : 2024. 8. 22.( 목 ) 14:00 이후 - 당첨자 우선 예매 : 2024. 8. 23.( 금 ) 17:00 ~ 8. 27.( 화 ) 15:00 - 잔여석 일반 예매 : 2024. 8. 28.( 수 ) 17:00 ~ ○ 예매금액 : 15,000 원 ( 궁중병과 세트 1 종 + 궁중약차 1 종 ) * 추첨 당첨 시 1 인 2 매 예매 가능 ○ 예매처 : 티켓링크 www.ticketlink.co.kr - URL : https://www.ticketlink.co.kr/product/51382 ○ 예매방법 : 예매권 추첨제 ① 예매권 추첨 응모 ② 추첨 당첨자 발표 ③ 당첨자 우선 예매 ④ 잔여석 일반예매 ( 선착순 ) 4. 유의 사항 [ 티켓 예매 ] ○ 본 행사의 티켓은 정식 예매처인 티켓링크를 통한 100% 사전예약 판매를 원칙으로 하며 , 그 외의 경로나 현장 판매는 진행되지 않습니다 . ○ 1 인 최대 2 매 예매 가능합니다 . ○ 부정 예매 및 암표 거래 방지를 위해 신용카드 결제만 가능합니다 . ○ 예매하신 본인 입장이 원칙이며 , 타인 양도가 불가합니다 . ○ 단 , 가족 관계일 경우 예매자 및 양도받으실 가족 본인의 신분증과 , 가족 관계 증빙자료 ( 주민등록등본 , 가족관계증명서 ) 지참 시에만 예외적으로 양도가 가능합니다 . * 법적 정의 ( 민법 제 779 조 ) 에 따른 ‘ 가족 ’ 만 해당 ( 배우자 , 직계혈족 , 형제자매 ) * 단 , 전화 예매 및 할인 티켓은 예매자 본인 참여가 원칙이며 가족 양도 불가 ○ 본 행사는 경복궁 생과방에 마련되는 예매확인처에서 본인확인을 진행합니다 . 예매자 본인 명의와 일치하는 신분증 ( 원본 ) 및 예매내역 ( 예매번호 ) 을 반드시 지참해주시기 바랍니다 . ○ 실물 티켓은 별도로 제공되지 않습니다 . ○ 부정한 방법 ( 매크로 사용 , 우선 예매 URL 공유 등 ) 으로 예매하거나 불법 암표 매매 목적으로 구매하는 경우 적발 시 해당 티켓은 사전 통보 없이 예매 취소 및 사용을 제한할 수 있습니다 . ○ 불법 암표 거래 ( 프리미엄 티켓 판매 , 티켓 양도 사기 ) 로 선량한 예매자의 피해가 발생하고 있습니다 . 이로 인한 문제 발생 시 행사 주최 · 주관사 , 티켓사는 책임지지 않습니다 . 반드시 정식 예매처를 통해 예매해주시기 바랍니다 . ○ 변동 및 안내사항은 문자로 우선 안내됩니다 . 예매 전에 티켓링크 회원정보 상의 연락처를 반드시 확인하시기 바라며 , 회원정보 오기재로 인한 불이익은 행사 주최 · 주관사 , 티켓사에서 책임지지 않습니다 . [ 취소 및 환불 ] ○ 예매하신 티켓의 취소와 환불은 예매처 ( 티켓링크 ) 의 규정을 준수합니다 . ○ 취소 마감 시간 ( 행사 전일 12 시 ) 이전 티켓 취소 시 100% 환불되며 , 취소 수수료가 발생하지 않습니다 . ○ 취소 마감 시간 ( 행사 전일 12 시 ) 경과 후 취소 및 변경이 불가하며 , 취소표 발생 시 행사 전일 오후 6 시 ~ 행사 당일 오전 10 시까지 취소할 수 없는 티켓을 예매할 수 있습니다 . 5. 프로그램 안내 < 대추인절미병 세트 > ○ 대추인절미병 , 곶감단지 , 참외정과 , 쌀엿강정 , 매작과 , 금귤정과 , 호두정과 - 대추인절미병 引切味餅 ( 대추 , 호두 , 밤 , 땅콩 , 참깨 ) : 『 음식디미방 』 , 『 조선무쌍신식요리제법 』 에 기록되어 있는 음식으로 맛과 영양을 위해 견과류를 넣고 , 설탕 대신 대추고를 넣어 고유의 단맛을 더했습니다 . - 곶감단지 ( 곶감 , 유자청 , 호두 , 계피가루 , 대추 ) : 곶감단지는 호두강정 , 곶감 , 잣 등을 다져 유자청으로 반죽하여 속을 채운 병과입니다 . 『 동의보감 』 에 따르면 곶감은 ' 몸의 허함을 보하고 위장을 든든하게 하여 체한것을 없애준다 ' 고 기록되어 있습니다 . - 참외 정과 ( 참외 , 박고지 ) : 정과는 ' 전과 ( 果 ) 라고도 하며 조선시대 장국상 , 큰상 , 제례음식에 반드시 쓰였습니다 . 특유의 향미를 가진 참외를 꿀이나 설탕에 재거나 졸여 만든 전통 과자입니다 . - 쌀엿강정 ( 쌀 , 유자청 , 오미자청 , 파래 ) : 쌀을 쪄서 말린 후 기름에 튀겨 엿으로 버무려 천연 색과 맛을 낸 강정입니다 . 1680 년경에 쓰여진 조리서 『 요록 』 에 등장하였으며 , 남녀노소 모두가 좋아하는 조선 시대 병과입니다 . - 매작과 ( 강황 , 파래 , 백련초 , 생강 ) : 궁중에서 ' 마치 매화나무에 참새가 앉아 있는 형상을 하고 있는 한과 ' 라는 의미로 불리었으며 천연 재료를 넣어 그 색과 모양이 다양한 전통 과자입니다 . - 금귤정과 ( 금귤 , 설탕 ) : 껍질째 먹는 과일인 금귤을 설탕에 조려 만든 진정과로 특유의 상큼한 향미와 쫀득한 식감을 가진 전통 다과 입니다 . - 호두정과 ( 호두 , 설탕 ) : 알이 굵고 단단한 호두를 골라 꿀을 넣어 조린 뒤 노릇하게 튀겨내 고소한 맛이 나는 전통과자입니다 . 각종 영양이 가득하여 건강에 좋을 뿐 아니라 , 두뇌 건강과 피부에 좋다고 알려져 있습니다 . 식감이 바삭하고 달콤해 남녀 모두가 좋아하는 별식입니다 . < 주악 세트 > ○ 주악 , 곶감단지 , 참외정과 , 쌀엿강정 , 매작과 , 금귤정과 , 호두정과 - 주악 ( 찹쌀 ) : 찹쌀가루로 만들어진 주악은 조선시대 귀한 손님이 왔을 때 올리던 음식입니다 . 궁중의 연향인 『 진찬의궤 ( 進饌儀軌 ) 』 에는 대추주악 · 감태주악 · 후추주악 · 계피주악 · 치작황 주악 등의 ' 각색 주악 ' 이 주로올려졌습니다 . - 곶감단지 ( 곶감 , 유자청 , 호두 , 계피가루 , 대추 ) : 곶감단지는 호두강정 , 곶감 , 잣 등을 다져 유자청으로 반죽하여 속을 채운 병과입니다 . 『 동의보감 』 에 따르면 곶감은 ' 몸의 허함을 보하고 위장을 든든하게 하여 체한것을 없애준다 ' 고 기록되어 있습니다 . - 참외 정과 ( 참외 , 박고지 ) : 정과는 전과 ( 果 ) 라고도 하며 조선시대 장국상 , 큰상 , 제례음식에 반드시 쓰였습니다 . 특유의 향미를 가진 참외를 꿀이나 설탕에 재거나 졸여 만든 전통 과자입니다 . - 쌀엿강정 ( 쌀 , 유자청 , 오미자청 , 파래 ) : 쌀을 쪄서 말린 후 기름에 튀겨 엿으로 버무려 천연 색과 맛을 낸 엿강정입니다 . 1680 년경에 쓰여진 조리서 『 요록 』 에 등장하였으며 , 남녀노소 모두가 좋아하는 조선시대 병과입니다 . - 매작과 ( 강황 , 파래 , 백련초 , 생강 ) : 궁중에서 ' 마치 매화나무에 참새가 앉아 있는 형상을 하고 있는 한과 ' 라는 의미로 불리었으며 천연 재료를 넣어 그 색과 모양이 다양한 전통 과자입니다 . - 금귤정과 ( 금귤 , 설탕 ) : 껍질째 먹는 과일인 금귤을 설탕에 조려 만든 진정과로 특유의 상큼한 향미와 쫀득한 식감을 가진 전통다과 입니다 . - 호두정과 ( 호두 , 설탕 ) : 알이 굵고 단단한 호두를 골라 꿀을 넣어 조린 뒤 노릇하게 튀겨내 고소한 맛이 나는 전통 과자입니다 . 각종 영양이 가득하여 건강에 좋을 뿐 아니라 , 두뇌 건강과 피부에 좋다고 알려져 있습니다 . 식감이 바삭하고 달콤해 남녀 모두가 좋아하는 별식입니다 . < 궁중약차 > ○ 사미다음 , 감국다 , 강계다 , 사물다 , 오미자다 , 제호다 - 사미다음 ( 인삼 , 귤피 , 생강 , 대추 ) : 몸을 보하는 인삼과 기의 순환을 돕는 귤피 , 몸을 따뜻하게 하는 생강을 사용하여 만든 약차입니다 . 조선왕조실록에는 한기가 엄습한 추운 겨울 , 당시 어의였던 허준이 선조 임금의 몸을 보하기위해 만들어 올린 약차로 기록되어 있습니다 . - 감국다 ( 국화 , 구기자 ) : 감국은 황국이라고도 하며 , 성미는 달고 쓰고 서늘하며 무독합니다 . 『 승정원 일기 』 에 숙종과 영조의 건강관리에 사용된 기록이 있으며 , 주로 번뇌가 있거나 화가 날때 마음을 차분히 가라앉히는 목적으로 사용되었습니다 . - 강계다 ( 생강 , 계피 , 귤피 , 대추 ) : 조선 왕실에서 평소 건강 관리나 기운을 보충할 목적으로 사용되었으며 , 영조 임금이 승하 직전에도 몸의 온기를 되살리기 위해 올렸던 약차입니다 . - 사물다 ( 숙지황 , 백작약 , 천궁 , 당귀 ) : 여성과 아이들의 보혈제로 쓰였던 사물탕의 약재를 차로 마실수 있게 만든 음료로 조선왕조실록을 살펴보면 정조의 원기를 보충하기 위한 약재로 쓰였던 기록이 있습니다 . - 오미자다 ( 오미자 ) : 다섯 가지 맛 ( 신맛 , 쓴맛 , 단맛 , 아린맛 , 짠맛 ) 을 가진 오미자로 만들었으며 중종의 번열과 갈증을 등을 넣은 왕실의 음료로 , 정조치료하기 위하여 올렸던 약차입니다 . - 제호다 ( 매실 ) : 제호차는 매실을 익혀 만든 오매 ( 烏梅 ) 와 사인 ( 砂仁 ), 초과 등을 넣은 왕실 음료로 , 정조 임금이 여름철에 신하들을 위해 하사한 기록이 있습니다 . 속을 따뜻하게 하는 효과가 있어 겉은 뜨겁고 속은 차가워지기 쉬운 여름철에 더욱 좋은 약차입니다 . 6. 오시는 길 ○ 3 호선 < 안국역 > 1 번 출구 ( 도보 약 20 분 ) ○ 5 호선 < 광화문역 > 2 번 출구 ( 도보 약 20 분 ) ○ 3 호선 < 경복궁역 > 4 번 출구 ( 도보 약 16 분 ) ○ 종로 11 번 버스 < 법련사 > 정류장 ○ 주차 : 경복궁 동편 유료주차장 ( 주차비 본인 부담 ) 이용 가능 7. 티켓 문의 : 궁능활용프로그램 콜센터 1522-2295 | www.kh.or.kr",https://www.kh.or.kr/jnrepo/upload/jnPrgFestivalProgram/202408/670ad368703347e58a3950a27c25eaf6_1724635146793.jpg
23,10회,경복궁,511,궁중문화축전 스탬프 투어,체험,"일,수,목,금,토 09:00 ~ 18:00",https://www.kh.or.kr/jnrepo/upload/jnPrgFestivalProgram/202408/bf5dd93e017246b68cc2bd9eb3b5063d_1724382870864.jpg,스탬프,https://www.kh.or.kr/program/view/menu/1292?viewType=ach&idx=511&searchRound=23&searchStTime=&searchEnTime=&searchField=homeAll&searchText=,경복궁,궁중문화축전 스탬프 투어,체험,종료,체험,현장참여,2024-10-09~2024-10-13,09:00~18:00,"경복궁, 창덕궁, 덕수궁, 창경궁, 종묘 일원",,,"2024 가을 궁중문화축전 스탬프 투어 4 대 궁과 종묘를 잇는 궁중문화축전 전용 스탬프 투어 프로그램 궁별 스탬프 장소에 비치된 도장을 찍어 활동지 속 아름다운 그림을 완성해주세요 ! 완주자에겐 특별한 리워드가 제공됩니다 . ★ 스탬프 투어 활동지 수령처 ★ - 경복궁 흥례문 앞 < 궁중문화축전 > 종합 안내부스 - 창경궁 홍화문 앞 <궁중문화축전> 종합 안내부스 ★ 스탬프 투어 완주 리워드 수령처 ★ - 경복궁 흥례문 앞 < 궁중문화축전 > 종합 안내부스 * 종합 안내부스 운영시간 : 10:00~17:00 ** 운영시간 이외에는 완주 기념품 수령이 불가합니다 . 1. 행사안내 - 일 자 : 2024. 10. 9.( 수 )~10. 13.( 일 ) - 시 간 : 09:00~18:00 - 장 소 : 경복궁 , 창덕궁 , 덕수궁 , 창경궁 , 종묘 - 참여방법 : 현장참여 2. 참여방법 ① 활동지 수령 (각 궁별 수령처 참고) ② 가을 궁중문화축전 지정 스팟 10 곳 방문 후 스탬프 획득 ③ 경복궁 흥례문 앞 < 궁중문화축전 > 종합안내부스에서 완료 리워드 수령 * 스탬프 투어 장소 10 1) 경복궁 수정전 2) 경복궁 흥복전 3) 경복궁 집옥재 4) 경복궁 계조당 5) 창덕궁 낙선재 6) 덕수궁 돈덕전 7) 창경궁 명정전 8) 창경궁 대춘당지 9) 종묘 북신문 ( 율곡로 ( 창경궁 - 종묘길 )) 10) 종묘 정전 ★ 스탬프 투어 완주 리워드 ( 선착순 증정 ) ★ - (1 등 ~30 등 ) 전통차 ( 새싹 보리차 ) 세트 - (31 등 ~50 등 ) 모두의 풍속도 변온 소주잔 세트 - (51 등 ~100 등 ) 먹 향 룸스프레이 - (101 등 ~150 등 ) 궁중문화축전 에코백 - 이후 모두의 풍속도 스티커 SET 증정 ○ 주의사항 - 궁별 입장료는 별도입니다 . - 완주 기념품은 축전 기간 내 지정된 수령처에서만 지급 가능합니다 . - 기념품 중복 수령은 불가하며 1 인 1 회 참여만 가능합니다 . - 준비된 기념품 수량 소진 시 조기 마감될 수 있습니다 . - 부정 사용 적발 시 기념품 지급이 제외됩니다 . ☎ 행사문의 : 국가유산진흥원 궁능활용사업 콜센터 1522-2295",https://www.kh.or.kr/jnrepo/upload/jnPrgFestivalProgram/202408/bf5dd93e017246b68cc2bd9eb3b5063d_1724382870864.jpg
23,10회,경복궁,328,수문장 교대의식,재현,"일,월,화,수,목,금,토 10:00 / 14:00",https://www.kh.or.kr/jnrepo/upload/jnPrgFestivalProgram/202304/f862b315f7b646098ac96d1a2f74a752_1681741485825.PNG,수문장,https://www.kh.or.kr/program/view/menu/1292?viewType=ach&idx=328&searchRound=23&searchStTime=&searchEnTime=&searchField=homeAll&searchText=,경복궁,수문장 교대의식,재현,종료,재현,현장참여,2024-10-09~2024-10-13,"일,월,화,수,목,금,토 10:00 / 14:00",경복궁 흥례문광장,현장참여,1522-2295,"수문장 교대의식 2002년부터 이어져오고 있는 경복궁 수문장 교대의식은 조선시대 왕실 호위문화를 상징하는 대표적인 전통문화행사입니다. ‘조선왕조실록’예종(睿宗) 1년(1469) 수문장제도의 시행 기록을 역사적 근거로 하여 재구성된 이 행사는 당시의 복식 및 무기 등을 복원하여 조선 전기(前期) 군인들의 모습을 생생하게 재현하는 것에 초점을 맞추고 있습니다. 수문장(守門將)이 기록상 최초로 등장하는 것은 세조(世祖) 7년(1462)이지만, 이때의 수문장은 임시직에 불과했기 때문에 정식으로 수문장이 임명된 예종 1년이 조선시대 수문장제도의 출발이라고 할 수 있습니다. 본래 중앙군의 5위(衛) 개편과 오위도총부(五衛都摠府) 설치 이후로 궁궐의 호위와 궁성문 파수(把守) 임무를 호군(護軍)이 모두 맡고 있었으나 예종 즉위 초 궁궐호위의 중요성이 강조되면서 수문장제도가 설치되어 궁궐 호위방식의 세분화가 이루어지게 되었습니다. 특히 궁궐과 도성의 입구를 지키는 수문장의 임무는 왕실의 안전과 가장 밀접했기 때문에, 매우 중요한 임무로 인식되었고 따라서 초기의 수문장들은 서반(西班) 4품 이상의 무관(武官) 중에서 병조(兵曹)의 추천을 받고 다시 국왕이 낙점(落點)을 하는 순서를 거쳐야지만 궁궐 입직을 서는 수문장으로 임명될 수 있었습니다. 이러한 수문장제도는 조선시대 법전(法典)인『경국대전(經國大典)』에서 정식으로 법제화(法制化) 되었으며 수문장의 임무도 단순히 문을 지키는 것에 국한하지 않고 국가에서 정한 표신(標信)으로 통행자들을 관리하거나 국왕의 외출로 공백이 생겼을 시 궁성문 개폐(開閉) 및 궁궐 문 열쇠를 수문장이 책임지는 등 수문장제도의 개념이 구체적으로 확정되었습니다. 수문장 교대의식 프로그램 안내 상설행사 1. 수문장 교대의식 : 10:00, 14:00(소요시간 20분) 2. 광화문 파수의식 : 11:00, 13:00(소요시간 10분) → 교대의식 및 파수의식 후 광화문 입직근무(매시간) 3. 수문군 공개훈련 : 09:35, 13:35(소요시간 15분)",https://www.kh.or.kr/jnrepo/upload/jnPrgFestivalProgram/202304/f862b315f7b646098ac96d1a2f74a752_1681741485825.PNG
23,10회,창덕궁,517,창덕궁 달빛기행,체험,"일,목,금,토 19:00/19:05/19:10 / 20:00/20:05/20:10",https://www.kh.or.kr/jnrepo/upload/jnPrgFestivalProgram/202408/ea4cc564a5574eaba72df3094e3491b9_1724635519147.jpg,달빛,https://www.kh.or.kr/program/view/menu/1292?viewType=ach&idx=517&searchRound=23&searchStTime=&searchEnTime=&searchField=homeAll&searchText=,창덕궁,창덕궁 달빛기행,체험,종료,체험,사전예약,2024-09-12~2024-11-10,"일,목,금,토 19:00/19:05/19:10 / 20:00/20:05/20:10",창덕궁 일원,,"궁능 활용 프로그램 전화 상담실 (1522-2295),","MOONLIGHT TOUR AT CHANGDEOKGUNG PALACE 조선시대 왕들의 사랑을 가장 많이 받았던 궁 , 창덕궁에 여러분을 초대합니다 . 은은한 달빛 아래 녹음이 어우러진 창덕궁에서 청사초롱으로 불을 밝히며 궁궐 곳곳 숨은 옛이야기를 찾아 보세요 . 1. 행사 기간 (Event Period) : 2024 년 9 월 12 일 ( 목 ) ~ 11 월 10 일 ( 일 ) * 매주 목요일 ~ 일요일 운영 2. 행사 시간 (Event Time) ○ 1 부 19:00 / 19:05 / 19:10 ○ 2 부 20:00 / 20:05 / 20:10 * 회당 100 분 내외 소요 3. 행사 장소 : 창덕궁 일원 등 4. 관람 연령 : 취학 아동 이상 (7 세 이상 ) * < 창덕궁 달빛기행 > 은 야간에 진행되는 행사로 미취학 아동은 안전상의 이유로 참여가 불가한 점 양해 부탁드립니다 . 더불어 , 취학아동 및 청소년은 반드시 보호자 동반하여 입장이 가능합니다 . 5. 행사 문의 : 궁능 활용 프로그램 전화 상담실 (1522-2295) 6. 예매 안내 : 티켓링크 전화 상담실 (1588-7890) ○ 본 안내 페이지 정독 후 모든 안내사항에 동의하시는 경우에만 응모 및 예매해주시기 바라며 , 모든 예매자는 안내 내용을 숙지 및 동의하신 것으로 간주합니다 . ○ 예매 금액 : 1 매 30,000 원 * 추첨 당첨 시 1 인 2 매까지 예매 가능 ○ 예매처 : 티켓링크 www.ticketlink.co.kr ○ 예매 방법 : 온라인 사전예매 / 우선 예매권 추첨제 ○ 우선 예매권 추첨제란 ? 창덕궁 달빛기행 예매권 응모에 참여 후 , 추첨을 통해 당첨된 분들만 예매에 참여하는 방식입니다 . - 예매권 추첨응모 → 추첨 당첨자 발표 → 당첨자 우선 예매 → 잔여석 일반 예매 (* 선착순 ) ① 예매권 추첨 응모 : 응모 페이지 접속 및 로그인 → 매수 선택 (1 인 최대 1 매 ) → 결제진행 (0 원 ) → 응모 ( 예매 ) 완료 * 한 ID 당 1 회 응모 가능하며 , 당첨 시 1 인 최대 2 매 까지 예매 가능합니다 . * 응모단계에서는 비용이 발생하지 않습니다 . ② 추첨 당첨자 발표 : ' 국가유산진흥원 누리집 공지 , 티켓링크 회원정보에 기입된 휴대폰 번호로 개별 안내 문자 발송 * 티켓링크 회원정보 내 휴대폰 번호를 사전에 확인 · 수정하시기 바랍니다 . ③ 당첨자 우선 예매 : 예매페이지 접속 및 로그인 → 당첨자 인증 ( 개인정보 입력 ) → 관람일자 및 회차 선택 → 클린예매 서비스 보안문자 입력 → 결제진행 및 예매완료 * 예매권 당첨자는 ' 당첨자 우선 예매 ' 기간 내 원하시는 날짜와 회차를 선착순으로 선택 및 예매할 수 있습니다 . * 당첨자 우선 예매 기간 내 티켓 결제를 완료해야 예약이 확정됩니다 . * 기한 내 티켓 결제를 완료하지 않은 경우 당첨이 취소되며 , 이를 숙지하지 못해 발생하는 문제는 주최 , 주관사 , 티켓링크가 책임지지 않습니다 . * 당첨자 우선 예매 페이지의 URL 무단 공유를 금하며 , 부정 예매 적발 시 자동으로 티켓이 취소됩니다 . * 응모 정보와 결제 정보가 다를 경우 예매는 자동으로 취소됩니다 . * 당첨자 우선 예매를 통해 티켓을 구매하신 경우 , 잔여석 일반 예매 시 추가 구매가 어려운 점 양해 바랍니다 .(ID 제한 ) ④ 잔여석 일반 예매 : 예매페이지 접속 및 로그인 → 관람일자 및 회차 선택 → 클린예매 서비스 보안문자 입력 → 결제진행 및 예매완료 * 당첨자 우선 예매 기간 종료 후 발생한 잔여석에 한하여 일반 예매 ( 선착순 ) 로 전환됩니다 . * 1 인 2 매까지 예매 가능합니다 . 7. 예매 일정 ○ 예매권 추첨 응모마감 : 2024. 8. 19.( 월 ) 14:00 ~ 8. 25.( 일 ) 23:59 ○ 추첨 당첨자 발표 : 2024. 8. 28.( 수 ) 14:00 ○ 당첨자 우선 예매 : 2024. 8. 29.( 목 ) 17:00 오픈 ○ 당첨자 우선 예매 마감 : 2024. 9. 5.( 목 ) 23:59 마감 ○ 일반 ( 잔여석 ) 예매 : 2024. 9. 6.( 금 ) 10:00 오픈 8. 전화 예매 ○ 예매대상 : 65 세 이상 국가유공자 · 장애인 ○ 예매방법 : 티켓링크 전화 상담실 (1588-7890) 전화 연락으로 예매 ○ 예매일시 : 2024. 8. 29.( 목 ) 17:00~ - 전화상담실 운영시간 : 평일 10:00~19:00 ( 토 · 일요일 · 공휴일 미운영 ) - 현장에서 증빙자료를 확인할 예정이오니 신분증 ( 국가유공자증 , 장애인복지카드 등 ) 을 반드시 지참해주시기 바랍니다 . - 단 , 전화 예매 및 할인 티켓은 예매자 본인 참여가 원칙이며 가족 양도 불가 9. 외국인 대상 행사 안내 ※ 외국인 대상 행사는 크리에이트립 사이트에서만 예매 가능 합니다 .( 외국인 전용 ) ○ 행사일자 : 10.20.( 일 ) / 10.27.( 일 ) / 11.3.( 일 )/3 일간 18 회 ○ 예매 사이트 : https://creatrip.com ○ 예매 일시 : 2024. 9. 9.( 월 ) 9:00~ ○ 참가 대상 : 외국인 ( 시민권자 , 영주권자 ) - 동반 내국인은 참여가 불가 합니다 . 10. 할인 정보 ○ 장애인 1~3 급 : 본인 + 동반 1 인 / 장애인 복지카드 / 50% 할인 ○ 장애인 4 급 이하 : 본인만 / 장애인 복지카드 / 50% 할인 ○ 국가유공자 : 본인만 / 국가유공자증 / 50% 할인 * 할인은 예매 시 적용 가능하며 , 일반 권종으로 예매 후 현장에서 할인 적용 ( 차액 환불 ) 이 불가합니다 . * 현장 확인 증빙자료 미지참 시 차액 결제 , 환불 , 행사 참여가 불가한 점 양해 부탁드립니다 . 11. 유의사항 ( ※ 예매 전에 꼭 확인해주세요 ) ○ 티켓 예매 - 본 행사의 티켓은 정식 예매처인 티켓링크를 통한 100% 사전예약 판매를 원칙으로 하며 , 그 외의 경로나 현장 판매는 진행되지 않습니다 . - 1 인 최대 2 매 예매 가능합니다 . - 부정 예매 및 암표 거래 방지를 위해 신용카드 결제만 가능합니다 . - 예매하신 본인 입장이 원칙이며 타인 양도가 불가합니다 . ( 단 , 가족관계일 경우 등본 / 가족관계증명서 등 증빙자료 현장 지참 시에만 예외적으로 양도가 가능합니다 .) * 법적 정의 ( 민법 제 779 조 ) 에 따른 ' 가족 ' 만 해당 ( 배우자 , 직계혈족 , 형제자매 ) * 단 , 전화 예매 및 할인 티켓은 예매자 본인 참여가 원칙이며 가족 양도 불가 - 본 행사는 현장에서 본인확인을 진행합니다 . 예매자 본인 명의와 일치하는 신분증 ( 원본 ) 및 예매내역 ( 예매번호 ) 을 반드시 지참해주시기 바랍니다 . - 실물 티켓은 별도로 제공되지 않습니다 . - 부정한 방법 ( 매크로 사용 , 우선 예매 URL 공유 등 ) 으로 예매하거나 불법 암표 매매 목적으로 구매하는 경우 적발 시 해당 티켓은 사전 통보 없이 예매 취소 및 사용을 제한할 수 있습니다 . - 불법 암표 거래 ( 프리미엄 티켓 판매 , 티켓 양도 사기 ) 로 선량한 예매자의 피해가 발생하고 있습니다 . 이로 인한 문제 발생 시 행사 주최 · 주관사 , 티켓사는 책임지지 않습니다 . 반드시 정식 예매처를 통해 예매해주시기 바랍니다 . ○ 취소 및 환불 - 예매하신 티켓의 취소와 환불은 예매처 ( 티켓링크 ) 의 규정을 준수합니다 . - 취소마감시간 ( 행사 전일 17 시 ) 이전 티켓 취소 시 100% 환불되며 , 취소 수수료가 발생하지 않습니다 . - 취소 마감시간 ( 행사 전일 17 시 ) 경과 후 취소 및 변경이 불가합니다 . ( 단 , 잔여석 발생시 행사 당일 10 시까지 취소할 수 없는 표를 예매할 수 있습니다 .) 12. 프로그램 안내 창덕궁의 달밤을 거닐며 다채로운 왕실 이야기를 전문가의 해설로 듣는 달빛 산책과 전통차를 곁들인 전통예술공연 청사초롱과 은은한 달빛 아래서 아름다운 창덕궁의 야경을 감상하실 수 있습니다 . ○ 전통예술공연 (* 공연 내용은 상황에 따라 변경 될 수 있습니다 .) - 상량정 ( 은은한 달빛 아래 청아한 소리 대금 독주 ) : 대금은 한국의 전통악기 중 가로로 비껴들고 , 한쪽 끝부분에있는취구에 입술을 대고 입김을 불어 넣어 소리를 내는 대표적인 횡적 악기로 상량정달빛 아래 청아한 대금소리를 들을 수 있습니다 . - 영화당 ( 술대로 울리는 현금 거문고 독주 ) : 고구려왕산악이 처음 만들었다구하는거문고는 현악기로 현금 ' 이라고 한다 . 대나무술대로 줄을 쳐서 소리를 내며 , 빠르고 느린 리듬을 조이고 풀어 연주하여 희노애락의 감정을 잘 표현한다 . - 연경당 ( 절제되고 우아한 동작 궁중정재 ) : 효명세자가 창건한 연경당에서 1828 년 ( 순조 28) 6 월 1 일 거행된 어머니 순원왕후의 사순을 축하하는 연경당진작례에서 공연되었던 정재중 박접무와보상무를 선보이며 , 이외에도 다채로운 전통공연을 감상하실 수 있습니다 . ○ 특별 프로그램 | 왕가의 산책 : 조선시대 왕과 왕비를 마주하는 시간 ○ 해설 탐방 안내 ① 돈화문 ( 집결 ) : 규모와 품위를 함께 갖춘 창덕궁의 정문입니다 . ② 금천교 : 돈화문과 진선문 사이 금천 ( 禁川 ) 을 가로질러 놓여있는 금천교는 현존하는 서울의 다리 가운데 가장 오래된 다리입니다 . ③ 인정전 : 어진 정치를 펼친다는 뜻을 가진 인정전은 창덕궁의 정전으로 왕의 즉위식조회 · 외국 사신 접견 등 국가의 중요한 의식을 치르던 공식 의례 공간입니다 . ④ 희정당 : 왕의 비공식적인 집무실인 희정당은 본래 숭문당이 었으나 1496 년 ( 연산 2 년 ) 에 ' 화평하고 느긋하여 잘 다스려지는 즐거운 정치 ' 라는 의미인 희정당 ( 熙政堂 ) 으로 바뀌었습니다 . 지금의 희정당은 1917 년 화재로 소실된 것을 1920 년 경복궁의 강녕전을 옮겨 재건했습니다 . 내부는 카펫 , 유리창문 , 샹들리에 등 서양식으로 꾸며져 있습니다 . ⑤ 낙선재 : 낙선재는 1847 년 ( 헌종 13 년 ) 에 지은 공간으로 현종의 서재 겸 사랑채 였습니다 . 현종은 평소 검소하면서도 선진 문물에 관심이 많았으며 단청을 하지 않은 낙선재의 모습에서 그 면모를 확인할 수 있습니다 . ⑥ 상량정 : 낙선재 후원에 우뚝 서있는 육각형 누각으로 ' 시원한 곳에 오르다 ' 라는 뜻을 가졌습니다 . 은은한 달빛 아래에서 도심의 야경과 어우러진 대금의 청아한 소리를 들으실 수 있습니다 . ⑦ 부용지 · 부용정 : 부용지는 ' 하늘은 둥글고 땅은 모나다 ' 라는 ' 천원지방의 음양사상에 따라 조성된 왕실 연못입니다 . 두개의 기둥이 연못에 떠있는 듯한 부용정을 볼 수 있습니다 . ⑧ 블로문 · 애련정 : 왕의 만수무강을 염원하여 세운 블로문을 지나면 숙종의 연꽃 사랑을 담은 애련지와 애련정을 볼 수 있습니다 . 규모는 작지만 잔잔한 아름다움과 기품을 느낄 수 있습니다 . ⑨ 연경당 : 아버지 순조에 대한 효명세자의 효심이 담긴 공간으로 궁궐 내에 사대부집과 유산한 형태로 지어진 주택입니다 . 고종과 순종대에 이르러 주로 연회를 배풀고 외국 공사들을 접견하는 등 경사스러운 의례를 행하는 연회 공간으로 활용되었습니다 . ⑩ 후원 숲길 : 후원 숲길을 되돌아 나오면 창덕궁의 정취와 함께 달빛기행의 여운을 느껴보세요 . 13. 관람동선 안내 ① 돈화문 ( 집결 ) → ② 금천교 → ③ 인정전 → ④ 희정당 → ⑤ 낙선재 → ⑥ 상량정 → ⑦ 부용지 → ⑧ 애련지 → ⑨ 연경당 → ⑩ 후원 숲길 → ⑪ 금호문 ( 해산 ) 14. 접수 안내 ○ 접수 장소 : 창덕궁 돈화문 앞 < 창덕궁 달빛기행 > 예매확인처 ○ 접수 시간 : (1 부 ) 18:40 부터 ~ / (2 부 ) 19:40 부터 ~ - 각 회차별 행사 시작 시간 20 분 전부터 가능합니다 . 조별 5 분 간격으로 입장하여 시간이 경과되면 참여에 제한이 있을 수 있으니 시간 준수 부탁드립니다 . - 접수 시간 이전에 창덕궁에 일반관람을 하고자 하시는 경우 , 창덕궁 매표소에서 별도 입장료를 지불하셔야 합니다 . 단 , 일반 관람이 끝난 후에는 퇴장한 후 다시 행사에 참여하셔야 합니다 . ※ 창덕궁 돈화문 보수시 접수 및 입장 장소는 금호문으로 변경 될수 있습니다 . 15. ' 아름다운 한복 입기 ' 이벤트 참여 안내 ○ < 창덕궁 달빛기행 > 참가자를 대상으로 예매한 날짜에 우리 한복을 입고 프로그램에 참여하시면 소정의 기념품을 드립니다 . (* 수량 소진시까지 ) 아름다운 한복 입기 이벤트 16. 참여 유의 사항 ○ 본 행사의 티켓은 정식 예매처인 티켓링크를 통한 100% 사전예약 판매를 원칙으로 하며 , 그 외의 경로나 현장 판매는 진행되지 않습니다 . ○ 예매자 본인확인이 불가하거나 예매정보와 현장 참여자 정보가 다를 경우 입장이 제한됩니다 . ○ 할인 예매 고객께서는 현장 확인 증빙자료를 반드시 지참해주시기 바랍니다 . ○ 접수 시간이 경과하면 행사 참여에 제한이 있을 수 있습니다 . ○ 화장실의 위치가 멀기 때문에 행사 시작 후에는 화장실 이용이 어렵습니다 . 행사 시작 전 미리 화장실을 이용하시길 권장드립니다 . ○ 행사는 약 100 분간 진행되며 , 야간투어 행사로 편한 신발을 착용해주시기 바랍니다 . 행사 중 플래시 사용 , 삼각대 사용 , 음식물 반입을 금합니다 . ○ 거동이 불편하신 체험객은 궁능 활용 프로그램 전화 상담실로 행사 2 일전까지 휠체어 탑승 여부를 알려 주시기 바라며 , 동선에 계단이 포함된 관계로 사전 협의 후 별도 동선으로 안내드리는 점 양해 부탁드립니다 . ○ 행사 시간 내 5mm 이상 우천이 예보된 경우 , 안전사고 예방 및 관람객 편의를 위하여 야외 동선이 일부 변경될 수 있습니다 . ○ 1~4mm 예보시 행사 정상 진행 . 단 , 국가유산 보호를 위하여 일부 구역 관람이 제한될 수 있음 ○ 5mm 이상 예보시 행사 취소 . 개별 알림 및 전액 환불 ○ 변동 및 안내사항은 문자로 우선 안내됩니다 . 예매 전에 티켓링크 회원정보 상의 연락처를 반드시 확인하시기 바라며 , 회원정보 오기재로 인한 불이익은 행사 주최 · 주관사 , 티켓사에서 책임지지 않습니다 . 17. 오시는 길 ○ 지하철 : 3 호선 안국역 3 번 출구 - 도보 약 10 분거리 위치 ○ 버스 ( 서울돈화문국악당 정류장 ) - 간선 : 2109, 151, 162, 171, 172, 272, 710 - 지선 : 7025 18. 예매문의 ○ 티켓링크 고객센터 전화 상담실 1588-7890 ○ 행사문의 궁능 활용 프로그램 전화 상담실 1522-2295 주최 : 국가유산청 궁능유적본부 https://royal.khs.go.kr 주관 : 국가유산진흥원 https://www .kh.or.kr",https://www.kh.or.kr/jnrepo/upload/jnPrgFestivalProgram/202408/ea4cc564a5574eaba72df3094e3491b9_1724635519147.jpg
23,10회,창덕궁,512,궁중문화축전 스탬프 투어,체험,"일,수,목,금,토 09:00 ~ 18:00",https://www.kh.or.kr/jnrepo/upload/jnPrgFestivalProgram/202408/8640d18a53614aa58ef2b214ee13c4a9_1724383425851.JPG,스탬프,https://www.kh.or.kr/program/view/menu/1292?viewType=ach&idx=512&searchRound=23&searchStTime=&searchEnTime=&searchField=homeAll&searchText=,창덕궁,궁중문화축전 스탬프 투어,체험,종료,체험,현장참여,2024-10-09~2024-10-13,09:00~18:00,"경복궁, 창덕궁, 덕수궁, 창경궁, 종묘 일원",,,"2024 가을 궁중문화축전 스탬프 투어 4 대 궁과 종묘를 잇는 궁중문화축전 전용 스탬프 투어 프로그램 궁별 스탬프 장소에 비치된 도장을 찍어 활동지 속 아름다운 그림을 완성해주세요 ! 완주자에겐 특별한 리워드가 제공됩니다 . ★ 스탬프 투어 활동지 수령처 ★ - 경복궁 흥례문 앞 < 궁중문화축전 > 종합 안내부스 - 창경궁 홍화문 앞 <궁중문화축전> 종합 안내부스 ★ 스탬프 투어 완주 리워드 수령처 ★ - 경복궁 흥례문 앞 < 궁중문화축전 > 종합 안내부스 * 종합 안내부스 운영시간 : 10:00~17:00 ** 운영시간 이외에는 완주 기념품 수령이 불가합니다 . 1. 행사안내 - 일 자 : 2024. 10. 9.( 수 )~10. 13.( 일 ) - 시 간 : 09:00~18:00 - 장 소 : 경복궁 , 창덕궁 , 덕수궁 , 창경궁 , 종묘 - 참여방법 : 현장참여 2. 참여방법 ① 활동지 수령 (각 궁별 수령처 참고) ② 가을 궁중문화축전 지정 스팟 10 곳 방문 후 스탬프 획득 ③ 경복궁 흥례문 앞 < 궁중문화축전 > 종합안내부스에서 완료 리워드 수령 * 스탬프 투어 장소 10 1) 경복궁 수정전 2) 경복궁 흥복전 3) 경복궁 집옥재 4) 경복궁 계조당 5) 창덕궁 낙선재 6) 덕수궁 돈덕전 7) 창경궁 명정전 8) 창경궁 대춘당지 9) 종묘 북신문 ( 율곡로 ( 창경궁 - 종묘길 )) 10) 종묘 정전 ★ 스탬프 투어 완주 리워드 ( 선착순 증정 ) ★ - (1 등 ~30 등 ) 전통차 ( 새싹 보리차 ) 세트 - (31 등 ~50 등 ) 모두의 풍속도 변온 소주잔 세트 - (51 등 ~100 등 ) 먹 향 룸스프레이 - (101 등 ~150 등 ) 궁중문화축전 에코백 - 이후 모두의 풍속도 스티커 SET 증정 ○ 주의사항 - 궁별 입장료는 별도입니다 . - 완주 기념품은 축전 기간 내 지정된 수령처에서만 지급 가능합니다 . - 기념품 중복 수령은 불가하며 1 인 1 회 참여만 가능합니다 . - 준비된 기념품 수량 소진 시 조기 마감될 수 있습니다 . - 부정 사용 적발 시 기념품 지급이 제외됩니다 . ☎ 행사문의 : 국가유산진흥원 궁능활용사업 콜센터 1522-2295",https://www.kh.or.kr/jnrepo/upload/jnPrgFestivalProgram/202408/8640d18a53614aa58ef2b214ee13c4a9_1724383425851.JPG
23,10회,창덕궁,508,아침 궁을 깨우다,체험,"일,수,목,금,토 07:30-09:30 / 08:00-10:00",https://www.kh.or.kr/jnrepo/upload/jnPrgFestivalProgram/202408/f0557ef134e2447899b88cb55e6d69ca_1724382092807.jpg,아침궁,https://www.kh.or.kr/program/view/menu/1292?viewType=ach&idx=508&searchRound=23&searchStTime=&searchEnTime=&searchField=homeAll&searchText=,창덕궁,아침 궁을 깨우다,체험,종료,체험,사전예약,2024-10-09~2024-10-13,"일,수,목,금,토 07:30-09:30 / 08:00-10:00",창덕궁 일원,,,"‘ 아침 궁을 깨우다 ’ 는 단풍 빛깔이 짙어지는 가을날 , 산책 가이드와 함께 창덕궁 후원 숲길을 천천히 걸으며 아침 풍경을 감상하는 산책 프로그램입니다 . 이른 아침 , 창덕궁의 문을 열고 들어가 오래도록 궁궐을 지키고 있었던 나무 , 문양을 따라 걸어봅니다 . 이시우 작가의 < 창덕궁 가을 나무 산책 >, 안지영 역사해설가의 < 다행다복 창덕궁 문양 산책 > 은 더 깊어진 창덕궁의 계절을 만날 좋은 기회가 될 겁니다 . 아무도 없는 궁궐의 아침 , 나무와 문양을 따라 걷는 시간이 여러분에게 더없이 즐거운 추억이 되기를 바랍니다 . 1. 티켓오픈 2024 년 9 월 23 일 ( 월 ) 13 시 티켓링크 * 관람권 : 유료 10,000 원 / 한 ID 당 최대 2 매 예약가능 2. 행사안내 - 일자 : 2024. 10. 9.( 수 )~10. 13.( 일 ) 시간 : (1 회차 )07:30~09:30/(2 회차 )08:00~10:00(120 분 ) - 장소 : 창덕궁 일대 - 참여인원 : 총 400 명 (1 회당 40 명 x1 일 2 회 x5 일 ) 3. 세부내용 [ 산책코스 ] ( 전각 ) 금천교 - 인정전 - 선정전 - 희정당 - 성정각 ( 후원 ) 부용지 영역 - 애련지 영역 - 관람지 영역 - 연경당 - 향나무 [ 산책 가이드 ] 이시우 작가 : 문화유산교육 전문가 , 숲해설가 . 서울의 다섯 궁궐을 매달 특별한 주제를 정해 산책하는 프로그램 ‘ 궁궐을 걷는 시간 ’ 을 진행하며 , 궁궐 산책과 우리 문화유산을 좋아하는 이들을 위한 뉴스레터 < 궁궐에서 온 편지 > 를 발행하고 있다 . 안지영 역사해설가 : 인문 , 역사 분야에서 최고로 인정받는 역사해설가 . 우리 궁궐을 비롯한 문화유산을 중심으로 다양한 투어와 강의를 기획하고 이야기한다 . 보다 많은 이들이 더 풍성하게 , 오롯이 창덕궁을 경험할 수 있도록 ‘ 다행다복 창덕궁 문양 산책 ’ 을 기획했다 . [ 프로그램 구성 ] -1 회차 : 산책 가이드 이시우의 < 창덕궁 가을 나무 산책 > -2 회차 : 산책 가이드 안지영의 < 다행다복 창덕궁 문양 산책 > ① 아무도 없는 궁궐의 아침 , 산책 가이드와 함께 걸으며 창덕궁의 아침을 온전히 즐겨봅니다 . ② 산책 코스가 일러스트로 표현된 산책 가이드북을 드립니다 . ③ 부용지에서 산책에 함께하는 분들과 사진 촬영 후 , 출력본을 드립니다 . ④ 산책을 마친 분들께 우리 고유의 맛을 담아낸 한과세트를 선물로 드립니다 .(1 인 1 개 한정 / 창덕궁 내 취식 불가 ) [ 입장안내 ] * 행사 시작 15 분 전부터 접수처에서 예매자 확인을 진행합니다 . 접수시간 : (1 회차 )07:15~07:30/(2 회차 )07:45~08:00 접수장소 : 창덕궁 돈화문 앞 ( 아침 궁을 깨우다 접수처 ) 사전예약자 확인을 위하여 티켓링크 모바일 티켓 및 예매자 본인의 신분증을 필히 지참해 주시기를 바랍니다 . ( 주민등록증 , 운전면허증 , 여권 , 신분증 재발급 신청서 , 외국인등록증 ) * 관람권은 직계가족 및 형제 · 자매에 한하여 증빙자료 ( 등본 , 가족관계증명서 ) 제출 시 양도할 수 있습니다 . 15 분 이상 지연 도착 시 산책 합류 및 티켓 환불이 불가합니다 . 접수 시 산책 가이드북 , 무선 송수신기 , 생수 1 병이 제공되며 가벼운 산책을 위해 짐 보관 서비스를 운영합니다 . - 공식 예매처 외 별도의 현장 접수는 진행하지 않습니다 . [ 유의사항 ] 본 프로그램의 티켓에는 창덕궁 입장권은 포함되어 있지 않습니다 ( 창덕궁 및 후원 재입장 불가 ). 야외행사의 특성상 행사 당일 기상청 일기에보 기준 5mm 이상 우천 예보 시 행사가 취소될 수 있습니다 ( 사전예매자 개별 안내 ). 창덕궁 후원은 비포장길임으로 안전상의 문제로 휠체어 사용 장애인은 참여가 어렵습니다 . 미취학 및 취학 아동의 경우 반드시 보호자 1 인의 동행 시 참여가 가능합니다 . 궁궐 내 모든 공간은 금연 구역입니다 . 문화유산 보호구역으로 음식물 , 인화물질 , 놀이기구의 반입이 제한됩니다 . 행사 당일 언론 및 방송 취재가 있을 수 있으며 , 사전에 개별 고지 없이 촬영될 수 있음을 양해 바랍니다 . 행사 시 촬영한 사진 및 영상은 궁중문화축전의 공식 홍보 및 연구 , 발간 자료 등에 활용될 수 있습니다 . * 티켓 및 행사문의 : 국가유산진흥원 궁능활용사업 콜센터 (1522-2295)",https://www.kh.or.kr/jnrepo/upload/jnPrgFestivalProgram/202408/f0557ef134e2447899b88cb55e6d69ca_1724382092807.jpg
23,10회,덕수궁,529,"월트 디즈니 협력 전시–미키 in 덕수궁: 아트, 경계를 넘어서",전시,"일,화,수,목,금,토 09:00 ~ 17:30",https://www.kh.or.kr/jnrepo/upload/jnPrgFestivalProgram/202408/71d5383435574e888162cb7a93223e39_1724823298548.png,미키,https://www.kh.or.kr/program/view/menu/1292?viewType=ach&idx=529&searchRound=23&searchStTime=&searchEnTime=&searchField=homeAll&searchText=,덕수궁,"월트 디즈니 협력 전시–미키 in 덕수궁: 아트, 경계를 넘어서",전시,종료,전시,현장참여,2024-10-09~2024-10-13,09:00~17:30,돈덕전,,,"9월28일부터 10월20일까지 덕수궁 돈덕전에서 진행하는 '미키 in 덕수궁: 아트, 경계를 넘어서' 이번 전시는 디즈니코리아와 국가유산청이 국가 유산의 새로운 가치 제고를 위해 체결한 업무협약의 일환으로 개최됩니다. 흑요석, 김세동, 성립, 부원, 강재원, 장진승, 박서우 등 떠오르는 젊은 아티스트 7인과 안유진, 이문현 등 국가무형유산 전공 작가들이 참여해 각자의 특유한 예술적 관점으로 서울을 방문한 ‘미키와 친구들’이 국가유산과 어우러진 모습을 표현할 예정입니다. 전시 기간동안 한국적 디자인 요소를 가미한 미키와 친구들 테마의 새로운 제품들도 주요 고궁 내 기프트 샵에서 만나볼 수 있으며, 의류, 가방, 모바일 액세서리, 엽서, 머그컵, 수저 세트 등이 판매될 예정입니다. 미키와 친구들이 서울을 여행하는 컨셉의 전시 '미키 in 덕수궁: 아트, 경계를 넘어서 (Mickey in the palace: art beyond boundaries)'가 열린다. 1928년 작<증기선 윌리(Steamboat Willie)>를 통해 등장한 '미키 마우스(Mickey Mouse)'는 월트디즈니 컴퍼니를 대표하는 상징이자 애니메이션 장르의 탄생 이래 전 세계인의 사랑을 받은 기념비적인 캐릭터다. 이번 전시는 월트디즈니 컴퍼니 코리아와 국가유산청과의 협업을 통해 한국의 대표적인 문화유산인 덕수궁에서 열린다. 덕수궁은 조선과 대한제국의 역사가 함께 깃들어 있는 곳으로, 전시가 열리는 돈덕전은 2023년에 재건된 건물이다. 돈덕전은 고종 즉위 40주년 기념행사인 '청경(Fw)예식'에 맞추어 지어진 서양식 건물로, 서구 열강과 대등하게 근대 국가로서의 주권을 수호하고자 하는 의지를 담아 유럽풍 양식으로 건축되었다. 황제 고종의 바람이 깃든 돈덕전은 본래 국빈급 외교 사절을 접견하는 장소였으나1920년경 일제에 의해 훼철된 것으로 알려졌다. 이러한 맥락에 따라 깊은 의미를 품은 덕수궁 돈덕전에서 세계적으로 큰 사랑과 관심을 받는 디즈니와 한국의 전통이 만나는 화합의 장을 펼치고자 한다. 전시는 서울을 여행하는 '미키 마우스'와 그의 친구인 '미니 마우스(Minnie Mouse), '도널드 덕(Donald Duck), 데이지 덕(Daisy Duck): '구피(Goofy) '플루토(Pluto), 칩 앤데일(Chip and Dale)'이 왕실 유산과 어우러진 모습을 표현하는 작업들로 꾸며진다. 이 캐릭터들은 남녀노소를 가리지 않는 일반 대중들의 즐거움을 추구하는 창립자 월트 디즈니의 예술적 상상력을 표상하며, 이로부터 건강한 사회적 가치를 창출하는 창의적이고도 혁신적인 문화 콘텐츠이다. 미키 in 덕수궁: 아트, 경계를 넘어서' 전시에는 강재원, 김세동(SAMBYPEN), 박서우, 부원, 성립, 흑요석(Nayoung Wooh), 장진승 7인의 작가와 국가무형유산 전공 작가인 단청장 이수자 안유진, 전통도예가 이문현 작가가 참여한다. 작가들은 각자 특유의 예술적 관점을 통해 '미키와 친구들'의 서울 방문과 그 경계 없는 다층적 교류의 가능성을 제시한다. ""미키 마우스'는 단순한 애니메이션의 캐릭터임을 넘어 그 자체로 어제와 오늘, 오늘과 내일을 잇는 매체이자 하나의 전 지구적 문화 현상으로서 승화되었다. 그와 같은 맥락에서 서울을 방문한 미키와 친구들'을 상상하는 예술가들은 전통과 동시대의 경계를 초월해 새로운 미적 경향의 가능성을 창출한다. 특히나 왕실문화와 대한제국 근대화의 상징인 덕수궁 돈덕전에서 열리는 전시 미키 in 덕수궁: 아트, 경계를 넘어서""는, 한국전통과 궁이 지닌 장소성에 대한 존중을 표하고 시공간의 축을 가로지르며 신조류의 예술적 맥락을 생성해 낸다. 이번 전시를 통해 디즈니의 클래식한 아이콘인 '미키와 친구들, 그리고 그들을 읽는 한국의 대표적인 예술가들의 작품을 한국 문화의 정수인 고궁에서 마주하면서 가장 한국적이면서도 가장 세계적인 특별한 아름다움을 경험할 수 있기를 기대한다.",https://www.kh.or.kr/jnrepo/upload/jnPrgFestivalProgram/202408/71d5383435574e888162cb7a93223e39_1724823298548.png
23,10회,덕수궁,528,덕수궁 밤의 석조전,체험,"일,화,수,목,금,토 18:15/18:50 / 19:25",https://www.kh.or.kr/jnrepo/upload/jnPrgFestivalProgram/202408/9b0db13445674289b056b0a4efcc8b6b_1724823008970.jpg,석조전,https://www.kh.or.kr/program/view/menu/1292?viewType=ach&idx=528&searchRound=23&searchStTime=&searchEnTime=&searchField=homeAll&searchText=,덕수궁,덕수궁 밤의 석조전,체험,종료,체험,사전예약,2024-09-24~2024-11-02,"일,화,수,목,금,토 18:15/18:50 / 19:25",석조전,,"궁능 활용프로그램 전화상담실(☎1522-2295) * 8. 7.(수) ~ 9. 9.(월) 매주 토, 일요일 휴무","2024 년 밤의 석조전 ( 하반기 ) 달빛 내리 앉은 가을 밤 덕수궁 가장 깊이 자리한 대한제국의 황궁 , 석조전의 문이 열립니다 . 해설사가 들려주는 대한제국 황실과 석조전의 역사 , 2 층 테라스에서 야경과 함께 즐기는 가배와 디저트 , 석조전에 담긴 고종의 꿈을 노래하는 창작 뮤지컬까지 대한제국의 어느 날로 돌아간 듯한 꿈같은 밤을 선사합니다 . □ 행사 개요 - 행 사 명 : 2024 년 밤의 석조전 ( 상반기 ) - 행사일자 : 9. 24.( 화 ) ~ 11. 2( 토 ) * 덕수궁 휴궁일 [ 매주 월요일 )] 행사 미운영 - 행사시간 : (1 회차 ) 18:15 / (2 부 ) 18:50 / (3 부 ) 19:25 * 회당 90 분 내외 소요 - 행사 장소 : 덕수궁 석조전 - 참여인원 : 회차당 18 명 / 1 일 54 명 - 관람연령 : 취학 아동 이상 (7 세 이상 ) *< 밤의 석조전 > 은 야간에 진행되는 행사로 미취학 아동은 안전상의 이유로 참여가 불가한 점 양해 부탁드립니다 . * 취학아동 및 청소년은 반드시 보호자 동반하여야 입장 가능합니다 . □ 예매 안내 본 안내 페이지 정독 후 모든 안내사항에 동의하시는 경우에만 응모 및 예매해주시기 바라며 , 모든 예매자는 안내 내용을 숙지 및 동의하신 것으로 간주합니다 . - 예매 금액 : 1 매 26,000 원 (* 추첨 당첨시 1 인 2 매까지 예매 가능 ) - 예매처 : 티켓링크 ( www.ticketlink.co.kr) - 예매방법 : 우선 예매권 추첨제 ( 온라인 ) 및 전화 예매 우선 예매권 추첨제 밤의 석조전 예매권 응모에 참여 후 추첨을 통해 당첨된 분들만 예매에 참여하는 방식 예매권 추첨 응모 → 추첨 당첨자 발표 → 당첨자 우선 예매 → 잔여석 일반 예매 * 선착순 ---------------------------------------------------------------------------------------------------- ① 예매권 추첨 응모 응모페이지 접속 및 로그인 → 매수 선택 (1 인 최대 1 매 ) → 결제 진행 (0 원 ) → 응모 완료 * 한 ID 당 1 회 응모 가능하며 , 당첨 시 1 인 최대 2 매 예매 가능합니다 . * 응모단계에서는 비용이 발생하지 않습니다 . ② 추첨 당첨자 발표 ▷ ‘ 국가유산진흥원 ’ 홈페이지 공지 ▷ 티켓링크 회원정보에 기입된 휴대폰 번호로 개별 안내 문자 발송 * 티켓링크 회원정보 내 휴대폰 번호를 사전에 확인 · 수정하시기 바랍니다 . ③ 당첨자 우선 예매 예매페이지 접속 및 로그인 → 당첨자 인증 ( 개인정보 입력 ) → 관람일자 및 회차 선택 클린예매 서비스 보안문자 입력 → 좌석 , 예매 매수 , 음료 선택 (1 인 최대 2 매 ) → 결제진행 및 예매완료 * 예매권 당첨자는 ‘ 당첨자 우선 예매 ’ 기간 내 원하시는 회차 및 좌석을 선착순으로 선택 및 예매할 수 있습니다 . * 당첨자 우선 예매 기간 내 티켓 결제를 완료해야 예약이 확정됩니다 . * 기한 내 티켓 결제를 완료하지 않은 경우 당첨이 취소되며 , 이를 숙지하지 못해 발생하는 문제는 주최 , 주관사 , 티켓링크가 책임지지 않습니다 . * 당첨자 우선 예매 페이지의 URL 무단 공유를 금하며 , 부정 예매 적발 시 자동으로 티켓이 취소됩니다 . * 응모 정보와 결제 정보가 다를 경우 예매는 자동으로 취소됩니다 . * 당첨자 우선 예매를 통해 티켓을 구매하신 경우 , 잔여석 일반 예매 시 추가 구매가 어려운 점 양해 바랍니다 . (ID 제한 ) ④ 잔여석 일반 예매 예매페이지 접속 및 로그인 → 관람일자 및 회차 선택 클린예매 서비스 보안문자 입력 → 좌석 , 예매 매수 , 음료 선택 → 결제진행 및 예매완료 * 당첨자 우선 예매 기간 종료 후 발생한 잔여석에 한하여 일반 예매 ( 선착순 ) 로 전환 *1 인 2 매까지 예매 가능 □ 예매 일정 - 예매권 추첨 응모 : 2024. 9. 3.( 화 ) 14:00 ~ 9. 9.( 월 ) 23:59 - 추첨 당첨자 발표 : 2024. 9. 11.( 수 ) 14:00 이후 - 당첨자 우선 예매 : 2024. 9. 12.( 목 ) 14:00 ~ 9. 17.( 화 ) 23:59 - 잔여석 일반 예매 : 2024. 9. 19.( 목 ) 14:00 ~ - 전화 예매 : 2024. 9. 19.( 목 ) 14:00 ~ □ 전화 예매 - 예매대상 : 65 세 이상 , 국가유공자 , 장애인 * 행사 참여일 기준으로 65 세 이상에 해당하시는 경우 예매가 가능합니다 . - 예매방법 : 티켓링크 전화 상담실 ( ☎ 1588-7890) - 예매일시 : 2024. 9. 19.( 목 ) 14:00 ~ * 전화 상담실 운영시간 : 평일 10:00~19:00 ( 주말 · 공휴일 미운영 ) * 현장에서 증빙자료를 확인할 예정이오니 신분증 ( 국가유공자증 , 장애인복지카드 등 ) 을 반드시 지참해주시기 바랍니다 . * 전화 예매 및 할인 티켓은 예매자 본인 참여가 원칙이며 가족 양도가 불가합니다 . □ 할인 정보 구분 할인 대상 현장 확인 증빙자료 할인율 장애인 1~3 급 본인 + 동반 1 인 장애인복지카드 50% 장애인 4 급 이하 본인만 국가유공자 본인만 국가유공자증 * 장애의 정도가 심한 장애인 = 구 1~3 급 / 장애의 정도가 심하지 않은 장애인 = 구 4~6 급 * 할인은 예매 시 적용 가능하며 , 일반 권종으로 예매 후 현장에서 할인 적용 ( 차액 환불 ) 이 불가합니다 . * 현장 확인 증빙자료 미지참 시 차액 결제 , 환불 , 행사 참여가 불가한 점 양해 부탁드립니다 . □ 예매시 유의사항 [ 티켓 예매 ] 본 행사의 티켓은 정식 예매처인 티켓링크를 통한 100% 사전예약 판매를 원칙으로 하며 , 그 외의 경로나 현장 판매는 진행되지 않습니다 . 1 인 최대 2 매 예매 가능합니다 . 부정 예매 및 암표 거래 방지를 위해 신용카드 결제만 가능합니다 . 예매하신 본인 입장이 원칙이며 , 타인 양도가 불가합니다 . 단 , 가족 관계일 경우 예매자 및 양도받으실 가족 본인의 신분증과 가족 관계 증빙자료 ( 주민등록등본 , 가족관계증명서 ) 지참 시에만 예외적으로 양도가 가능합니다 . * 법적 정의 ( 민법 제 779 조 ) 에 따른 ‘ 가족 ’ 만 해당 ( 배우자 , 직계혈족 , 형제자매 ) * 단 , 전화 예매 및 할인 티켓은 예매자 본인 참여가 원칙이며 가족 양도 불가 본 행사는 덕수궁에 마련되는 예매확인처에서 본인확인을 진행합니다 . 예매자 본인 명의와 일치하는 신분증 ( 원본 ) 및 예매내역 ( 예매번호 ) 을 반드시 지참해주시기 바랍니다 . 실물 티켓은 별도로 제공되지 않습니다 . 부정한 방법 ( 매크로 사용 , 우선 예매 URL 공유 등 ) 으로 예매하거나 불법 암표 매매 목적으로 구매하는 경우 적발 시 해당 티켓은 사전 통보 없이 예매 취소 및 사용을 제한할 수 있습니다 . 불법 암표 거래 ( 프리미엄 티켓 판매 , 티켓 양도 사기 ) 로 선량한 예매자의 피해가 발생하고 있습니다 . 이로 인한 문제 발생 시 행사 주최 · 주관사 , 티켓사는 책임지지 않습니다 . 반드시 정식 예매처를 통해 예매해주시기 바랍니다 . [ 취소 및 환불 ] 예매하신 티켓의 취소와 환불은 예매처 ( 티켓링크 ) 의 규정을 준수합니다 . 취소 마감 시간 ( 행사 전일 17 시 ) 이전 티켓 취소 시 100% 환불되며 , 취소 수수료가 발생하지 않습니다 . 취소 마감 시간 ( 행사 전일 17 시 ) 경과 후 티켓 취소 및 변경이 불가합니다 . 행사 전일 오후 6 시 ~ 행사 당일 오전 10 시에 구매하신 티켓 또한 취소 및 변경이 불가합니다 . □ 프로그램 안내 1) 석조전 야간 탐방 : 고즈넉한 덕수궁 , 환하게 밝혀진 석조전 탐방을 시작합니다 . 해설사와 함께 대한제국 황실의 일상을 엿보고 석조전이 품고 있는 특별한 이야기를 들어보세요 . ① (1 층 ) 중앙홀 - ② (1 층 ) 석조전 건립 - ③ (2 층 ) 황실 가계 - ④ (2 층 ) 황제 침실 - ⑤ (2 층 ) 황제 서재 - ⑥ (2 층 ) 황후 거실 - ⑦ (2 층 ) 황후 침실 - ⑧ (2 층 ) 테라스 카페 - ⑨ (1 층 ) 접견실 - ⑩ (1 층 ) 중앙홀 퇴장 2) 테라스 카페 체험 : 이국적인 분위기로 가득한 공간 석조전 테라스에서 작은 카페가 열립니다 . 편안하게 들려오는 클래식 연주속에서 황실 가배와 달콤한 디저트를 즐기는 순간을 선사합니다 . < 디저트 > *2 종 제공 피칸 타르트 : 메이플시럽의 달콤한과 호두 ( 피칸 ) 의 고소함을 한가득 담아 만든 타르트입니다 . 비지탕딘 : 휘낭시에와 같은 반죽을 사용하여 만든 보트 모양의 구움과자입니다 . < 음료 > *4 종 중 택 1 가배 ( 咖啡 , 커피 ) : 당시 커피의 영어 발음에서 따온 말로 ‘ 가배차 ’, ‘ 가비차 ’ 로 불렸으며 , 검은 색감과 쓴맛이 탕약과 비슷하다 하여 ‘ 양탕국 ’ 으로 불리기도 함 ( 따뜻한 커피 / 차가운 커피 중 선택 가능 ) 온감차 ( 溫甘茶 ) : 몸을 따뜻하게 해주는 4 가지 재료 생강 , 대추 , 계피 , 감초를 넣어 옅은 수정과 맛을 즐길 수 있는 건강차 ( 온음료 ) 상심자차 ( 桑椹子茶 , 오디차 ) : 뽕나무의 열매를 ‘ 오디 ’ 라고 하며 , 또 다른 이름으로 ‘ 상심자 ’ 라고 함 . 상심자로 청을 담아 만든 건강차 ( 냉음료 ) * 예매 시 선택한 음료 1 종이 제공되며 , 현장에서의 변경은 불가합니다 . 3) 접견실 뮤지컬 관람 : 대한제국의 황제 고종 , 나라의 운명을 걱정하던 그의 앞에 꿈인 듯 다시 나타난 명성황후의 모습 음악에 담아 전하는 대한제국 황실의 이야기가 펼쳐집니다 . □ 접수 안내 접수 장소 : 덕수궁 대한문 매표소 옆 < 밤의 석조전 > 접수데스크 접수 시간 : (1 회차 ) 17:55~18:15 (2 회차 ) 18:30~18:50 (3 회차 ) 19:05~19:25 * 각 회차별 행사 시작 시간 20 분 전부터 접수 및 덕수궁 입장이 가능합니다 . * 원활한 접수 진행을 위해 최소 10 분 전에 도착해주시기 바랍니다 . * 접수 시간 이전에 덕수궁 입장 ( 일반 관람 ) 하고자 하시는 경우 , 덕수궁 매표소에서 별도 입장료를 지불하셔야 합니다 . 단 , 일반 관람이 끝난 후 덕수궁을 퇴장하시어 접수시간 내에 대한문 접수처에 다시 방문하셔야 합니다 . □ 유의사항 안내 [ 접수 시 유의사항 ] 본 행사는 예매확인처에서 본인확인을 진행합니다 . 예매자 본인 명의와 일치하는 신분증 ( 원본 ) 및 예매내역 ( 예매번호 ) 을 반드시 지참해주시기 바랍니다 . 예매자 본인확인이 불가하거나 예매정보와 현장 참여자 정보가 다를 경우 입장이 제한됩니다 . 할인 예매 고객께서는 현장 확인 증빙자료를 반드시 지참해주시기 바랍니다 . 접수 시간이 경과하면 행사 참여에 제한이 있을 수 있습니다 . [ 관람 시 유의사항 ] 석조전과 화장실의 위치가 멀기 때문에 행사 시작 후에는 화장실 이용이 어렵습니다 . 행사 시작 전 미리 화장실을 이용하시길 권장드립니다 . 행사는 약 90 분간 진행되며 , 석조전 내부에서는 슬리퍼로 갈아신는 관계로 탈착이 편한 신발을 착용해주시기 바랍니다 . 행사 중 플래시 사용 , 삼각대 사용 , 음식물 반입을 금합니다 . 해설 중에는 녹음과 영상 촬영을 금합니다 . 뮤지컬 중에는 사진 촬영 또한 불가하며 , 무단 촬영 시 제재 및 삭제 조치가 있을 수 있습니다 . 거동이 불편하신 고객께서는 추후 연락드리는 운영사무국을 통해 휠체어 탑승 여부를 알려 주시기 바라며 , 동선에 계단이 포함된 관계로 사전 협의 후 별도 동선으로 안내드리는 점 양해 부탁드립니다 . [ 우천 시 안내 ] 본 행사는 우천 시에도 취소 없이 운영됩니다 . 변동 및 안내사항은 문자로 우선 안내됩니다 . 예매 전에 티켓링크 회원정보 상의 연락처를 반드시 확인하시기 바라며 , 회원정보 오기재로 인한 불이익은 행사 주최 · 주관사 , 티켓사에서 책임지지 않습니다 . □ 오시는 길 - 지하철 : < 시청역 > 1 호선 2 번 출구 , 2 호선 12 번 출구 * 덕수궁은 주차 이용이 불가능합니다 . 대중교통 이용 바랍니다 . □ 문의 - 티켓 문의 : 티켓링크 전화상담실 ( ☎ 1588-7890) *10 시 ~19 시 운영 / 주말 · 공휴일 미운영 - 행사 문의 : 궁능 활용프로그램 전화상담실 ( ☎ 1522-2295) * 8. 7.( 수 ) ~ 9. 9.( 월 ) 매주 토 , 일요일 휴무 * 9. 10.( 화 ) ~ 10. 20.( 일 ) 매주 월요일 휴무 * 10. 21.( 월 ) ~ 11. 8.( 금 ) 매주 토 , 일요일 휴무 * 9 시 30 분 ~18 시 운영 / 점심시간 12 시 ~13 시 □ ‘ 아름다운 한복입기 ’ 이벤트 참여 안내 < 밤의 석조전 > 참가자를 대상으로 예매하신 날짜에 우리 한복을 입고 프로그램에 참여하시면 소정의 기념품을 드립니다 . * 궁궐 한복 무료관람 가이드라인 준수",https://www.kh.or.kr/jnrepo/upload/jnPrgFestivalProgram/202408/9b0db13445674289b056b0a4efcc8b6b_1724823008970.jpg
23,10회,덕수궁,513,궁중문화축전 스탬프 투어,체험,"일,수,목,금,토 09:00 ~ 18:00",https://www.kh.or.kr/jnrepo/upload/jnPrgFestivalProgram/202408/7b10e281b14d45898186e7537e8fc212_1724383304933.JPG,스탬프,https://www.kh.or.kr/program/view/menu/1292?viewType=ach&idx=513&searchRound=23&searchStTime=&searchEnTime=&searchField=homeAll&searchText=,덕수궁,궁중문화축전 스탬프 투어,체험,종료,체험,현장참여,2024-10-09~2024-10-13,09:00~18:00,"경복궁, 창덕궁, 덕수궁, 창경궁, 종묘 일원",,,"2024 가을 궁중문화축전 스탬프 투어 4 대 궁과 종묘를 잇는 궁중문화축전 전용 스탬프 투어 프로그램 궁별 스탬프 장소에 비치된 도장을 찍어 활동지 속 아름다운 그림을 완성해주세요 ! 완주자에겐 특별한 리워드가 제공됩니다 . ★ 스탬프 투어 활동지 수령처 ★ - 경복궁 흥례문 앞 < 궁중문화축전 > 종합 안내부스 - 창경궁 홍화문 앞 <궁중문화축전> 종합 안내부스 ★ 스탬프 투어 완주 리워드 수령처 ★ - 경복궁 흥례문 앞 < 궁중문화축전 > 종합 안내부스 * 종합 안내부스 운영시간 : 10:00~17:00 ** 운영시간 이외에는 완주 기념품 수령이 불가합니다 . 1. 행사안내 - 일 자 : 2024. 10. 9.( 수 )~10. 13.( 일 ) - 시 간 : 09:00~18:00 - 장 소 : 경복궁 , 창덕궁 , 덕수궁 , 창경궁 , 종묘 - 참여방법 : 현장참여 2. 참여방법 ① 활동지 수령 (각 궁별 수령처 참고) ② 가을 궁중문화축전 지정 스팟 10 곳 방문 후 스탬프 획득 ③ 경복궁 흥례문 앞 < 궁중문화축전 > 종합안내부스에서 완료 리워드 수령 * 스탬프 투어 장소 10 1) 경복궁 수정전 2) 경복궁 흥복전 3) 경복궁 집옥재 4) 경복궁 계조당 5) 창덕궁 낙선재 6) 덕수궁 돈덕전 7) 창경궁 명정전 8) 창경궁 대춘당지 9) 종묘 북신문 ( 율곡로 ( 창경궁 - 종묘길 )) 10) 종묘 정전 ★ 스탬프 투어 완주 리워드 ( 선착순 증정 ) ★ - (1 등 ~30 등 ) 전통차 ( 새싹 보리차 ) 세트 - (31 등 ~50 등 ) 모두의 풍속도 변온 소주잔 세트 - (51 등 ~100 등 ) 먹 향 룸스프레이 - (101 등 ~150 등 ) 궁중문화축전 에코백 - 이후 모두의 풍속도 스티커 SET 증정 ○ 주의사항 - 궁별 입장료는 별도입니다 . - 완주 기념품은 축전 기간 내 지정된 수령처에서만 지급 가능합니다 . - 기념품 중복 수령은 불가하며 1 인 1 회 참여만 가능합니다 . - 준비된 기념품 수량 소진 시 조기 마감될 수 있습니다 . - 부정 사용 적발 시 기념품 지급이 제외됩니다 . ☎ 행사문의 : 국가유산진흥원 궁능활용사업 콜센터 1522-2295",https://www.kh.or.kr/jnrepo/upload/jnPrgFestivalProgram/202408/7b10e281b14d45898186e7537e8fc212_1724383304933.JPG
23,10회,창경궁,533,궁궐 일상모습 재현 및 체험,공연,"일,금,토 10:00 / 17:00",https://www.kh.or.kr/jnrepo/upload/jnPrgFestivalProgram/202408/ed38e11267ac4593b621a6810ac7cd37_1724824449425.JPG,일상,https://www.kh.or.kr/program/view/menu/1292?viewType=ach&idx=533&searchRound=23&searchStTime=&searchEnTime=&searchField=homeAll&searchText=,창경궁,궁궐 일상모습 재현 및 체험,공연,종료,공연,현장참여,2024-10-11~2024-10-13,"일,금,토 10:00 / 17:00",창경궁 일원,,,"2024 년 궁궐 일상모습 재현 및 체험 ' 중양절 ( 重陽節 )' 은 음력 9 월 9 일에 지내는 한국의 전통 명절로 한 해의 농사를 마무리하며 국화주나 국화차를 마시고 장수를 기원합니다 . 특히 조선시대에는 왕과 왕실 가족들에게 국화를 진상하거나 나이 많은 신하들에게 연회를 열어 주기도 하였고 민가에서도 국화전을 부쳐먹는 등 왕실과 민가 모두가 기념한 명절이라는 면에서 의미가 깊습니다 . ""2024 년 궁궐 일상모습 재현 및 체험 "" 에서는 특별히 창경궁에서 청므으로 ' 중양절 ' 을 주제로 현대적으로 재해석한 다양한 프로그램을 선보입니다 . 가을색 창경궁에서 중양절의 풍습을 즐기고 배워보세요 . I. 행사안내 1. 중양절 특별과거시험 ' 구일제 ' 체험 - 행사 기간 2024 년 10 월 11 일 ( 금 ) ~ 10 월 13 일 ( 토 ) - 행사 시간 (1 회차 ) 11:00~12:00, (2 회차 ) 15:00~16:00 - 행사 장소 창경궁 함인정 앞마당 - 참여 인원 회차당 50 명 / 1 일 100 명 * 현장관람 가능 - 참여 연령 1 회차 2 회차 10 월 12 일 ( 토 ) 성인 초등학생 ( 고학년 ) 10 월 13 일 ( 일 ) 성인 중고등학생 2. 국화 다례 체험 - 행사 기간 2024 년 10 월 12 일 ( 금 ) ~ 10 월 13 일 ( 토 ) - 행사 시간 * 각회차당 30분 내외 소요 1회차 10:00 2회차 11:00 3회차 13:00 4회차 14:00 5회차 15:00 6회차 16:00 - 행사 장소 창경궁 경춘전 - 참여 인원 회차당 22 명 * 잔여석에 한해 현장참여 가능 - 관람 연령 중학생 이상 (2010 년생 이상 ) *< 국화 다례 체험 > 은 온수 사용으로 인해 안전상의 이유로 연령 제한이 있음을 양해 부탁드립니다 . II. 예매 안내 1. 예매정보 - 예매 금액 ‘ 구일제 ’ 체험 5,000 원 * 창경궁 입장료 별도 국화 다례 체험 무료 * 창경궁 입장료 별도 - 예매처: 티켓링크 (www.ticketlink.co.kr) - 예매 방법: 온라인 예매 *1 인 2 매 가능 - 예매 오픈: 2024. 9. 25.( 수 ) 14:00 2. 할인 정보 구분 할인 대상 현장 확인 증빙자료 할인율 장애인 1~3 급 본인 + 동반 1 인 장애인복지카드 50% 장애인 4 급 이하 본인만 국가유공자 본인만 국가유공자증 * 장애의 정도가 심한 장애인 = 구 1~3 급 / 장애의 정도가 심하지 않은 장애인 = 구 4~6 급 * 할인은 예매 시 적용 가능하며 , 일반 권종으로 예매 후 현장에서 할인 적용 ( 차액 환불 ) 이 불가합니다 . * 현장 확인 증빙자료 미지참 시 차액 결제 , 환불 , 행사 참여가 불가한 점 양해 부탁드립니다 . 3. 예매 유의사항 [ 티켓예매 ] - 본 행사의 티켓은 정식 예매처인 티켓링크를 통한 사전예약 판매를 원칙으로 하며 , 그 외의 경로로는 진행되지 않습니다 . 다만 , 당일 잔여석에 한해 현장판매 ( 접수 ) 진행 예정입니다 . -1 인 최대 2 매 예매 가능합니다 . - 부정 예매 및 암표 거래 방지를 위해 신용카드 결제만 가능합니다 . - 예매하신 본인 입장이 원칙이며 , 타인 양도가 불가합니다 . 단 , 가족 관계일 경우 예매자 및 양도받으실 가족 본인의 신분증과 가족 관계 증빙자료 ( 주민등록등본 , 가족관계증명서 ) 지참 시에만 예외적으로 양도가 가능합니다 . * 법적 정의 ( 민법 제 779 조 ) 에 따른 ‘ 가족 ’ 만 해당 ( 배우자 , 직계혈족 , 형제자매 ) * 단 , 할인 티켓은 예매자 본인 참여가 원칙이며 가족 양도 불가 - 본 행사는 창경궁에 마련되는 접수처에서 본인확인을 진행합니다 . 예매자 본인 명의와 일치하는 신분증 ( 원본 ) 및 예매내역 ( 예매번호 ) 을 반드시 지참해주시기 바랍니다 . 실물 티켓은 별도로 제공되지 않습니다 . - 부정한 방법 ( 매크로 사용 , 우선 예매 URL 공유 등 ) 으로 예매하는 경우 적발 시 해당 티켓은 사전 통보 없이 예매 취소 및 사용을 제한할 수 있습니다 . - 불법 암표 거래 ( 프리미엄 티켓 판매 , 티켓 양도 사기 ) 로 선량한 예매자의 피해가 발생하고 있습니다 . 이로 인한 문제 발생 시 행사 주최 · 주관사 , 티켓사는 책임지지 않습니다 . 반드시 정식 예매처를 통해 예매해주시기 바랍니다 . [ 취소 및 환불 ] - 예매하신 티켓의 취소와 환불은 예매처 ( 티켓링크 ) 의 규정을 준수합니다 . - 티켓 판매 및 취소 마감 시간 ( 행사 전일 12 시 ) 이전 티켓 취소 시 100% 환불되며 , 취소 수수료가 발생하지 않습니다 . - 티켓 판매 및 취소 마감 시간 ( 행사 전일 12 시 ) 경과 후 티켓 취소 및 변경이 불가합니다 . III. 프로그램 안내 1. 사전 예매 프로그램 1) 구일제 체험 조선시대 유생이 되어 중양절 특별 과거시험인 ‘ 구일제 ’ 에 참여하는 프로그램입니다 . 특별 과거시험인 만큼 국왕이 직접 참여하며 장원급제자에게는 상품도 하사합니다 . 가을색 창경궁에서 유생 복식도 입어보고 역사도 배워보는 특별한 자리에 함께 하세요 . < 안내사항 > * 모든 참가자에게는 유생 복식 체험 및 미니 마패 키링 기념품이 제공됩니다 . * 경연은 중양절 , 구일제 및 국가유산 관련 퀴즈 ( 단답형 , ox 형 등 ) 로 진행됩니다 . * 경연우수자 ( 수상자 5 명 / 장원 1 명 , 급제 4 명 ) 에게는 별도 상품이 증정됩니다 . * 자리는 선착순 배정됩니다 . * 경연 참가자 외 현장 관람이 가능합니다 . < 일정 > 1 회차 / 2 회차 내용 10:00~10:50 / 14:00~14:50 접수 및 환복 10:50~11:00 / 14:50~15:00 참가자 ( 유생 ) 착석 11:00~11:40 / 15:00~15:40 구일제 재현극 및 골든벨 진행 11:40~12:00 / 15:40~16:00 장원급제자 시상 및 포토타임 등 * 세부일정은 상황에 따라 변경될 수 있습니다 . 2) 국화 다례 체험 중양절에는 국화차를 마시는 풍습이 있었습니다 . 국화는 꽃에 특유의 향과 은은한 단맛이 있어 차로 즐겨마시며 , ‘ 마음을 편안하게 하는 차 ’ 로 알려져 있습니다 . 창경궁 경춘전에서 중양절에 즐겼던 가을 국화차를 만나보세요 . < 체험 순서 > ㄱ . 국화차 이야기 - 중양절의 풍습과 중양절에 즐겨마셨던 가을 국화차에 대한 이야기를 나눠봅니다 . ㄴ . 전통 다례 시연 및 체험 - 다관 , 숙우 등 다기의 명칭과 활용법을 배우고 전통 다례를 체험합니다 . 3. 국화차 시음 - 잘 우러난 국화차의 향과 감칠맛을 느껴봅니다 . 2. 현장 참여 프로그램 1) 국화 포푸리 만들기 포푸리 (potpourri) 는 공간에 부드러운 자연적인 향을 더하기 위해 향이 좋은 천연 식물성 재료를 말려 만듭니다 . 중양절 국화를 넣은 천연 포푸리를 만들어 가을 향기를 담아가세요 . - 일시 : 10.11.( 금 )~10.13.( 일 ) 10:00~17:00 / 상설운영 - 장소 : 창경궁 영춘헌 앞 야외공간 2) 누름꽃 그립톡 만들기 꽃과 식물을 눌러서 만든 누름꽃을 사용하는 친환경 체험입니다 . 중양절 국화와 다양한 들꽃을 활용하여 자연의 아름다움을 가까이에서 느낄 수 있는 자신만의 그립톡을 만들어보세요 . - 일시 : 10.11.( 금 )~10.13.( 일 ) 10:00~17:00 / 상설운영 - 장소 : 창경궁 영춘헌 * 현장 참여 프로그램의 경우 별도 연령 제한은 없으나 , 5 세 이상 참여를 권합니다 . * 이외 참여시 100% 기념품 증정 현장 이벤트와 가을 국화 포토존도 진행됩니다 . IV. 접수 안내 1. ‘ 구일제 ’ 체험 - 접수 장소 창경궁 함인정 옆 < 궁궐 일상모습 재현 및 체험 > 접수처 - 접수 시간 1 회차 10:00 ~ 10:30, 2 회차 14:00 ~ 14:30 * 각 - 회차별 행사 시작 시간 1 시간 전부터 접수가 가능합니다 . * 원활한 진행을 위해 복식 환복 시간을 고려하여 최소 30 분 전에 도착해주시기 바랍니다 . 2. 국화 다례 체험 - 접수 장소 창경궁 경춘전 앞 - 접수 시간 1 회차 2 회차 3 회차 4 회차 5 회차 6 회차 9:40 10:40 12:40 13:40 14:40 15:40 * 각 회차별 행사 시작 시간 20 분 전부터 접수가 가능합니다 . V. 행사 유의사항 1. 접수 시 유의사항 - 본 행사는 예매확인처에서 본인확인을 진행합니다 . 예매자 본인 명의와 일치하는 신분증 ( 원본 ) 및 예매내역 ( 예매번호 ) 을 반드시 지참해주시기 바랍니다 . - 예매자 본인확인이 불가하거나 예매정보와 현장 참여자 정보가 다를 경우 입장이 제한됩니다 . - 할인 예매 고객께서는 현장 확인 증빙자료를 반드시 지참해주시기 바랍니다 . - 접수 시간이 경과하면 행사 참여에 제한이 있을 수 있습니다 . 2. 관람 시 유의사항 - 중간에 쉬는 시간이 없이 진행되기 때문에 행사 시작 후에는 화장실 이용이 어려울 수 있습니다 . 행사 시작 전 미리 화장실을 이용하시길 권장드립니다 . - 행사 중 플래시 사용 , 삼각대 사용 , 음식물 반입을 금합니다 . 3. 우천 시 안내 - 우천으로 인한 행사 취소 또는 변경 시 , 행사 전일 17 시 기상청 예보를 기준으로 문자 안내드립니다 . - 변동 및 안내사항은 문자로 우선 안내됩니다 . 예매 전에 티켓링크 회원정보 상의 연락처를 반드시 확인하시기 바라며 , 회원정보 오기재로 인한 불이익은 행사 주최 · 주관사 , 티켓사에서 책임지지 않습니다 . VI. 문의 1. 티켓 문의 : 티켓링크 전화 상담실 ☎ 1588-7890 - 평일 10 시 ~19 시 운영 - 주말 · 공휴일 미운영 2. 행사 문의 : 궁능 활용 프로그램 전화상담실 ☎ 1522-2295 - 9. 10.( 화 ) ~ 10. 20.( 일 ) 매주 월요일 휴무 - 9 시 30 분 ~18 시 운영 / 점심시간 12 시 ~13 시",https://www.kh.or.kr/jnrepo/upload/jnPrgFestivalProgram/202408/ed38e11267ac4593b621a6810ac7cd37_1724824449425.JPG
23,10회,창경궁,530,"고궁뮤지컬-복사꽃, 생각하니 슬프다",공연,"일,금,토 19:00 ~ 20:00",https://www.kh.or.kr/jnrepo/upload/jnPrgFestivalProgram/202408/ac28df491250411a97cb346c07b7c48a_1724823490948.jpg,복사꽃,https://www.kh.or.kr/program/view/menu/1292?viewType=ach&idx=530&searchRound=23&searchStTime=&searchEnTime=&searchField=homeAll&searchText=,창경궁,"고궁뮤지컬-복사꽃, 생각하니 슬프다",공연,종료,공연,사전예약,2024-10-11~2024-10-13,19:00~20:00,창경궁 명정전,회당 800명,"궁능 활용 프로그램 전화상담실(1522-2295), 티켓문의: 티켓링크 전화상담실(1588-7890)","2024 년 가을 궁중문화축전 '고궁 뮤지컬- 복사꽃 , 생각하니 슬프다 ’ * 9. 23.(월 ) 14시, 티켓링크 단독 판매예정 >> 예약링크 << 궁중문화축전 10 주년 기념 우수 프로그램 리뉴얼 ( 다시 보는 궁중문화축전 ) 창경궁 하늘에 복사꽃잎이 흩날리면 이곳의 가장 슬픈 이야기가 시작됩니다 . 아들을 죽인 아버지 영조 . 아버지의 죽음을 목격한 아들 정조 . 끝까지 아들을 지켰던 어머니 혜경궁 홍씨 . 그리고 이 모든 소용돌이의 중심에서 절규했던 남자 사도 . 처마 위에서 창경궁의 모든 역사를 내려다본 잡상들의 안내로 2024 년 가을 , 창경궁에서의 시간여행이 펼쳐집니다 . 1. 공연안내 - 일정 : 2024. 10. 11.( 금 )~10. 13.( 일 ) - 시간 : 19:00~20:00(60 분 ) - 장소 : 창경궁 명정전 - 관람인원 : 회당 800 명 ( 사전예약 ) - 관람연령 : 8 세 이상 관람가 (2017 년 포함 이전 출생자 관람 가능 / 미취학 아동 관람 불가 ) - 행사문의 : 궁능 활용 프로그램 전화상담실 ( ☎ 1522-2295) - 티켓문의 : 티켓링크 전화상담실 ( ☎ 1588-7890) 2. 예매안내 - 예매금액 : 1 매 20,000 원 (1 인 최대 4 매 예매 가능 , 창경궁 입장료 포함 ) - 예매일시 : 2024 년 9 월 23 일 (월 ) 14 시 - 예매처 : 티켓링크 www.ticketlink.co.kr 예매방법 ① 온라인 사전예매 ② 전화예매 - 예매대상 : 65 세 이상 , 국가유공자 , 장애인 - 예매방법 : 티켓링크 전화상담실 ( ☎ 1588 – 7890) 할인정보 구분 할인대상 증빙자료 할인율 장애의 정도가 심한 장 애인 ( 중증 , 구 1-3 급 ) 본인 + 동반 1 인 장애인 복지카드 50% 장애의 정도가 심하지 않은 장애인 ( 경증 , 구 4-6 급 ) 본인만 국가유공자 본인만 국가유공자증 * 행사 참여일 기준으로 65 세 이상에 해당하시는 경우 전화예매가 가능합니다 . * 현장에서 증빙자료를 확인할 예정이오니 신분증 ( 국가유공자증 , 장애인 복지카드 등 ) 을 반드시 지참해주시기 바랍니다 . * 할인권 및 전화 예매는 예매자 본인 참여가 원칙이며 가족 양도가 불가합니다 . 3. 공연소개 1752 년 , 창경궁 경춘전에 갓 태어난 아이의 울음소리가 들린다 . 역사의 소용돌이 속에서 태어나고 운명의 소용돌이에서 살아남은 조선의 22 대 왕 , 정조대왕 . 할아버지 영조는 아들 사도세자의 거듭된 기행에서 쌓인 분노와 실망을 내려두고 그에게서 새로운 희망을 찾으려 한다 . 한편 사도세자는 환영과 환청에 시달리며 천륜을 어기는 선택을 하게 되고 , 끝까지 자신의 아들을 지키려는 혜경궁 홍씨와 어린 정조의 앞날에 날선 정치의 소용돌이가 기다리고 있는데 … 4. 출연진 사도 “ 누가 내 마음을 알까 , 나는 점점 미쳐간다 ” 이동준 영조 “ 뒤주를 가져오라 ” 김신용 정조 “ 나는 사도세자의 아들이다 ” 김성현 혜경궁 홍씨 “ 그래도 살아야 한다 , 그래도 살아야 했다 ” 전수미 어린 정조 “ 아비를 살려주소서 ! 할바마마 !” 김두리 도창 / 잡상 “ 이 꽃은 이 궁궐에서 일어난 가장 슬픈 이야기 ” 오단해 잡상 김종선 권태진 설재영 윤이지 상궁 및 궁녀 김다인 백성애 신하 및 장군 곽영철 권순범 권일심 김민협 박상준 박영훈 신호성 이민규 전도현 최윤오 무용수 박기환(조안무) 이예진(조안무) 김도현 고성현 변영석 김성호 박지수 박세훈 황세웅 김다인 김연지 신민주 이수진 이은지 이차연 최승은 박서우 진찬연 무용단(생동감 크루) 김민지 김민채 김소라 김수민 구슬기 유한별 이송희 이유리 장민경 수문군 고동혁 김병조 김준섭 노세영 안성식 이상엽 장경수 장성훈 한만복 현재두 5. 연출진 총연출 조형제 협력연출 오준석 제작감독 김동영 구성작가 전수양 음악감독 김태근 , 장윤희 안무감독 지향원 무대감독 최정환 제작 PD 김윤혜 조연출 김소희 분장 이수민 의상 김미정 6. 좌석배치도 * 전 좌석 동일등급 지정좌석제입니다 . * 본 배치도는 예매 시 이해를 돕기 위한 이미지로 공연장소 ( 창경궁 명정전 ) 의 특성상 실제와 차이가 있을 수 있습니다 . * 지정좌석 외 좌석 간의 이동은 금지되어 있습니다 . 7. ‘ 아름다운 한복 입기 ’ 이벤트 참여 안내 뮤지컬 ‘ 복사꽃 , 생각하니 슬프다 ’ 사전예약 관람객 대상으로 우리 전통한복을 입고 프로그램에 참여하시면 소정의 기념품을 드립니다 . * 수량 소진 시까지 기념품: 버선 누빔 지갑 8. 오시는 길 서울시 종로구 창경궁로 185 창경궁 명정전 접수장소 창경궁 홍화문 앞(예정) < 궁중문화축전 > 종합안내소 지하철 4 호선 혜화역 4 번 출구 ( 도보 약 12 분 ) 버스 서울대학교병원 하차 ( 도보 약 1 분 ) 간선 100, 102, 104, 106, 107, 108, 140, 143, 150, 151, 160, 162, 171, 172, 272, 301, 710 창경궁 · 서울대학교병원 하차 ( 도보 약 1 분 ) 간선 151, 171, 172, 272, 601 자가용 창경궁 주차장 ( 유료 )( 도보 약 4 분 ) * 주차장이 협소하오니 가급적 대중교통을 이용하시길 바랍니다 . 9. 접수안내 접수장소 : 창경궁 홍화문 앞 < 궁중문화축전 > 종합안내소 접수시간 : 공연 당일 18:00~18:45( 예매자 별도 공지 ) 접수방법 : 티켓링크 모바일 티켓 ( 스마트 티켓 ) 확인 * 행사 시작 시간 60 분 전부터 접수 및 입장이 가능합니다 . * 접수시간 이전에 창경궁에 입장하고자 하시는 경우 , 창경궁 매표소에서 별도 입장료를 지불하셔야 합니다 . * 접수장소 ( 창경궁 홍화문 ) 부터 공연장소 ( 창경궁 명정전 ) 까지는 도보로 수 분 이상 소요되므로 가급적 공연 시작 20 분 전까지 입장하여 주시기 바랍니다 . * 관람객의 안전을 위하여 티켓 확인 후 진행요원의 안내에 따라 명정문 앞에서 대기 후 순차적으로 입장을 진행합니다 . * 고지된 접수시간 이후에 도착하신 경우 , 진행요원의 안내에 따라 지연입장이 진행되며 , 이 경우 관람 일부가 제한될 수 있습니다 . * 공식 예매처 외 별도의 현장접수는 진행하지 않습니다 . 10. 유의사항 예매 시 유의사항 * 전 좌석 동일등급 지정좌석제입니다 . * 1 인 최대 4 매 예매 가능합니다 . * 8 세 이상 관람 가능합니다 . 야간에 진행되는 공연의 특성상 미취학 아동은 안전상의 이유로 참여가 불가한 점 양해 부탁드리며 , 취학 아동 (8 세 이상 ) 및 청소년은 반드시 보호자와 함께 입장하여 주시기 바랍니다 . * 본 행사의 티켓은 정식 예매처인 티켓링크를 통한 100% 사전예약 판매를 원칙으로 하며 , 그 외의 경로나 현장 판매는 진행되지 않습니다 . * 예매하신 본인 입장이 원칙이며 , 타인 양도가 불가합니다 . 단 , 일반 예매에 한해 가족 관계일 경우 예매자 및 양도받으실 가족 본인의 신분증과 , 가족 관계 증빙자료 ( 주민등록등본 , 가족관계증명서 ) 지참 시에만 예외적으로 양도가 가능합니다 . * 할인권 및 전화 예매 시 예매자 본인 명의와 일치하는 신분증 ( 원본 ) 및 증빙자료 , 예매내역 ( 예매번호 ) 을 반드시 지참해주시기 바랍니다 . * 실물 티켓은 별도로 제공되지 않습니다 . * 부정한 방법 ( 매크로 사용 , 우선 예매 URL 공유 등 ) 으로 예매하거나 불법 암표 매매 목적으로 구매하는 경우 적발 시 해당 티켓은 사전 통보 없이 예매 취소 및 사용을 제한할 수 있습니다 . * 불법 암표 거래 ( 프리미엄 티켓 판매 , 티켓 양도 사기 ) 로 선량한 예매자의 피해가 발생하고 있습니다 . 이로 인한 문제 발생 시 행사 주최 · 주관사 , 티켓사는 책임지지 않습니다 . 반드시 정식 예매처를 통해 예매해주시기 바랍니다 . * 예매하신 티켓의 취소와 환불은 예매처 ( 티켓링크 ) 를 통해 가능합니다 . * 취소 마감 시간 ( 행사 전일 17 시 ) 이전 티켓 취소 시 100% 환불되며 , 취소 수수료가 발생하지 않습니다 . * 취소 마감 시간 ( 행사 전일 17 시 ) 경과 후 취소 및 변경이 불가하며 , 취소표 발생 시 행사 전일 오후 6 시 ~ 행사 당일 오전 10 시까지 취소할 수 없는 티켓을 예매할 수 있습니다 . 관람 시 유의사항 * 공연장소 ( 명정전 ) 와 화장실의 위치가 멀기 때문에 행사 시작 후에는 화장실 이용이 어렵습니다 . 행사 시작 전 미리 화장실을 이용하시길 권장드립니다 . * 궁궐 내 모든 공간은 국가유산 보호구역으로 흡연 및 음식물 , 인화물질 , 놀이기구의 반입이 제한됩니다 . * 행사중 녹음 및 영상 촬영 , 플래시 사용 , 삼각대 사용이 제한됩니다 . * 거동이 불편하신 관람객께서는 궁능 활용 프로그램 전화상담실로 행사 2 일전까지 휠체어 탑승 여부를 알려 주시기 바라며 , 사전 협의 후 별도 동선으로 안내드리는 점 양해 부탁드립니다 . * 행사 당일 언론 및 방송 취재가 있을 수 있으며 , 사전에 개별 고지 없이 촬영될 수 있음을 양해바랍니다 . * 행사 시 촬영한 사진 및 영상은 궁중문화축전의 공식 홍보 및 연구 , 발간자료 등에 활용될 수 있습니다 . 우천 시 유의사항 행사 당일 오전 11 시 기상청 예보 기준 행사 시간 내 우천 예보 시 행사 취소 개별 알림 및 전액 환불 * 우천으로 인한 행사 취소 또는 변경 시 , 행사 당일 오전 11 시 기상청 예보를 기준으로 문자 안내드립니다 . * 예매 전에 티켓링크 회원정보 상의 연락처를 반드시 확인하시기 바라며 , 회원정보 오기재로 인한 불이익은 행사 주최 · 주관사 , 티켓사에서 책임지지 않습니다 . 11. 문의처 행사문의 궁능 활용 프로그램 전화상담실 ( ☎ 1522-2295) * 운영시간 : 화 ~ 일요일 09:30~18:00( 월요일 휴무 ) 티켓문의 티켓링크 전화상담실 ( ☎ 1588-7890) * 운영시간 : 평일 10:00~19:00( 토 ˙ 일요일 · 공휴일 휴무 )",https://www.kh.or.kr/jnrepo/upload/jnPrgFestivalProgram/202408/ac28df491250411a97cb346c07b7c48a_1724823490948.jpg
23,10회,창경궁,521,궁중문화축전 길놀이,공연,일 14:00 / 16:00,https://www.kh.or.kr/jnrepo/upload/jnPrgFestivalProgram/202408/a18bfef5a53b4a55829d4e17340d30ba_1724733438248.png,길놀이,https://www.kh.or.kr/program/view/menu/1292?viewType=ach&idx=521&searchRound=23&searchStTime=&searchEnTime=&searchField=homeAll&searchText=,창경궁,궁중문화축전 길놀이,공연,종료,공연,현장참여,2024-10-13~2024-10-13,일 14:00 / 16:00,"경복궁 일원, 창경궁 일원",,,"사자춤 , 소고춤 , 사물놀이 등 2024 년 궁중문화축전의 흥을 더할 전통 길놀이를 궁궐 곳곳에서 만나보세요 ! 2024 가을 궁중문화축전 길놀이는 경복궁과 창경궁에서 진행됩니다. <창경궁> - 일정 : 2024. 10. 13.( 일 ) 14시, 16시 - 동선: 창경궁 양화당 앞마당 시작(문정문-광정문-관천대 인근) - 출연진: 강령탈춤보존회, 봉산탈춤보존회, 국가유산진흥원 예술단 등 - 공연구성: 합동 사자춤(강령, 봉산), 기접놀이, 소고춤, 사물 개인놀이 등 <경복궁> - 일정 : 2024. 10. 12.( 토 ) 13:30, 15:30(30분간 진행) - 동선: 국립고궁박물관 앞 출발→ 용성문→ 흥례문 광장 (합동공연) → 협생문 - 출연진: 강령탈춤보존회, 봉산탈춤보존회, 국가유산진흥원 예술단 등 - 공연구성: 합동 사자춤(강령, 봉산), 기접놀이, 소고춤, 사물 개인놀이 등 - 행사문의 ○ 궁능활용프로그램 콜센터 1522-2295 - 우천 시 취소 안내 ○ 행사 당일 오전 11 시 기준 5mm 이상 예보될 경우 ( 기상청 예보 기준 ) 행사가 취소되며 , 궁중문화축전 SNS 채널을 통해 공지됩니다 .",https://www.kh.or.kr/jnrepo/upload/jnPrgFestivalProgram/202408/a18bfef5a53b4a55829d4e17340d30ba_1724733438248.png
23,10회,창경궁,519,고궁음악회–풍류에 클래식을 더하다,공연,"수,목,금,토 13:00 / 16:00",https://www.kh.or.kr/jnrepo/upload/jnPrgFestivalProgram/202408/393194a7f0094901b72d1b6da0a022d9_1724732799015.jpg,클래식,https://www.kh.or.kr/program/view/menu/1292?viewType=ach&idx=519&searchRound=23&searchStTime=&searchEnTime=&searchField=homeAll&searchText=,창경궁,고궁음악회–풍류에 클래식을 더하다,공연,종료,공연,현장참여,2024-10-09~2024-10-12,"수,목,금,토 13:00 / 16:00",창경궁 통명전,,국가유산진흥원 궁능활용사업 콜센터(1522-2295),"넷플릭스 ‘ 킹덤 ’ 촬영지 통명전에서 열리는 창작국악 x 클래식 x 전통무용 K- 크로스오버 음악회에 여러분을 초대합니다 . 고궁음악회는 궁궐의 전각과 자연을 배경으로 전통예술뿐만 아니라 대중음악과 서양음악 , 현대무용 등 다양한 장르와의 협연을 통해 전통문화의 외연을 확장하고 대중과의 소통을 강화하기 위한 노력을 지속하고 있습니다 . 왕비의 침전이자 조선시대 궁중잔치가 열렸던 통명전에서 열리는 특별한 크로스오버 공연을 만나보세요 . 1. 공연개요 - 일자 : 2024. 10. 9.( 수 )~10. 12.( 토 ) / 4 일 8 회 - 시간 : 13:00/16:00(50 분 , 1 일 2 회 ) - 장소 : 창경궁 통명전 - 내용 : 국악창작곡에 클래식 악기와 전통무용을 더한 크로스오버 무대 2. 세부내용 [ 프로그램 ] 순서 곡명 비고 1 신한강수 박경훈 작곡 2 입춤 박경훈 편곡 3 신쾌지나 박경훈 작곡 4 감격시대 박경훈 작곡 5 만선 김면지 작사 박경훈 작곡 6 춘앵전 박경훈 편곡 7 꿈꾸다 김백찬 작곡 8 점프 김신원 작곡 9 사설난봉가 박경훈 편곡 * 프로그램 은 아티스트의 사정에 따라 변경될 수 있습니다 . [ 출연진 ] 앙상블 더 류 25 현 가야금 ( 백현정 ), 거문고 ( 김모래 ), 해금 ( 윤이슬 ), 피리 / 생황 / 태평소 ( 이근재 ), 건반 ( 신환희 ), 타악 ( 강준모 ), 경기소리(김민정) 전통무용 국가유산진흥원 예술단 첼로 박건우 이길재 이제헌 콘트라베이스 윤철원 [ 출연일정 ] 일정 시간 첼리스트 10. 9.( 수 ) 13 시 박건우 16 시 박건우 10. 10.( 목 ) 13 시 이길재 16 시 이제헌 10. 11.( 금 ) 13 시 이길재 16 시 이길재 10. 12.( 토 ) 13 시 이제헌 16 시 박건우 * 출연일정은 아티스트의 사정에 따라 변경될 수 있습니다 . * 행사문의 : 국가유산진흥원 궁능활용사업 콜센터 (1522-2295) 평일(10, 11일) 고궁음악 회 공연을 관람하시는 분에게는 시원한 궁가배(커피)음료를 드립니다. *회당 300명 선착순 증정",https://www.kh.or.kr/jnrepo/upload/jnPrgFestivalProgram/202408/393194a7f0094901b72d1b6da0a022d9_1724732799015.jpg
23,10회,창경궁,514,궁중문화축전 스탬프 투어,체험,"일,수,목,금,토 09:00 ~ 18:00",https://www.kh.or.kr/jnrepo/upload/jnPrgFestivalProgram/202408/1495c5328ff24c3881e7e02038eb390b_1724383128593.jpg,스탬프,https://www.kh.or.kr/program/view/menu/1292?viewType=ach&idx=514&searchRound=23&searchStTime=&searchEnTime=&searchField=homeAll&searchText=,창경궁,궁중문화축전 스탬프 투어,체험,종료,체험,현장참여,2024-10-09~2024-10-13,09:00~18:00,"경복궁, 창덕궁, 덕수궁, 창경궁, 종묘 일원",,,"2024 가을 궁중문화축전 스탬프 투어 4 대 궁과 종묘를 잇는 궁중문화축전 전용 스탬프 투어 프로그램 궁별 스탬프 장소에 비치된 도장을 찍어 활동지 속 아름다운 그림을 완성해주세요 ! 완주자에겐 특별한 리워드가 제공됩니다 . ★ 스탬프 투어 활동지 수령처 ★ - 경복궁 흥례문 앞 < 궁중문화축전 > 종합 안내부스 - 창경궁 홍화문 앞 <궁중문화축전> 종합 안내부스 ★ 스탬프 투어 완주 리워드 수령처 ★ - 경복궁 흥례문 앞 < 궁중문화축전 > 종합 안내부스 * 종합 안내부스 운영시간 : 10:00~17:00 ** 운영시간 이외에는 완주 기념품 수령이 불가합니다 . 1. 행사안내 - 일 자 : 2024. 10. 9.( 수 )~10. 13.( 일 ) - 시 간 : 09:00~18:00 - 장 소 : 경복궁 , 창덕궁 , 덕수궁 , 창경궁 , 종묘 - 참여방법 : 현장참여 2. 참여방법 ① 활동지 수령(각 궁별 수령처 참고) ② 가을 궁중문화축전 지정 스팟 10 곳 방문 후 스탬프 획득 ③ 경복궁 흥례문 앞 < 궁중문화축전 > 종합안내부스에서 완료 리워드 수령 * 스탬프 투어 장소 10 1) 경복궁 수정전 2) 경복궁 흥복전 3) 경복궁 집옥재 4) 경복궁 계조당 5) 창덕궁 낙선재 6) 덕수궁 돈덕전 7) 창경궁 명정전 8) 창경궁 대춘당지 9) 종묘 북신문 ( 율곡로 ( 창경궁 - 종묘길 )) 10) 종묘 정전 ★ 스탬프 투어 완주 리워드 ( 선착순 증정 ) ★ - (1 등 ~30 등 ) 전통차 ( 새싹 보리차 ) 세트 - (31 등 ~50 등 ) 모두의 풍속도 변온 소주잔 세트 - (51 등 ~100 등 ) 먹 향 룸스프레이 - (101 등 ~150 등 ) 궁중문화축전 에코백 - 이후 모두의 풍속도 스티커 SET 증정 ○ 주의사항 - 궁별 입장료는 별도입니다 . - 완주 기념품은 축전 기간 내 지정된 수령처에서만 지급 가능합니다 . - 기념품 중복 수령은 불가하며 1 인 1 회 참여만 가능합니다 . - 준비된 기념품 수량 소진 시 조기 마감될 수 있습니다 . - 부정 사용 적발 시 기념품 지급이 제외됩니다 . ☎ 행사문의 : 국가유산진흥원 궁능활용사업 콜센터 1522-2295",https://www.kh.or.kr/jnrepo/upload/jnPrgFestivalProgram/202408/1495c5328ff24c3881e7e02038eb390b_1724383128593.jpg
23,10회,창경궁,510,창경궁 물빛연화,체험,"일,수,목,금,토 19:00 ~ 21:00",https://www.kh.or.kr/jnrepo/upload/jnPrgFestivalProgram/202408/25b3bb608f0949ab9293845d094f8292_1724382482046.jpg,물빛연화,https://www.kh.or.kr/program/view/menu/1292?viewType=ach&idx=510&searchRound=23&searchStTime=&searchEnTime=&searchField=homeAll&searchText=,창경궁,창경궁 물빛연화,체험,종료,체험,현장참여,2024-10-09~2024-10-13,19:00~21:00,춘당지 일원,,,"창경궁 춘당지의 물이 조화의 빛으로 ... 일상의 도시공간을 벗어나 별빛과 달빛이 내려 앉은 창경궁은 시적인 공간이 되어 , 깊은 밤 창경의 궁을 빛으로 수놓은 물빛의 길을 따라 궁과의 깊은 대화로 들어가고 , 눈에 보이는 모든 것이 어둠 속에서 희미해지는 시간 시공간이 초월하며 공존하는 창경궁 속에서 완연한 조화의 빛을 느끼게 됩니다 . [ 기획의도 ] “ 맑은 물처럼 영롱한 빛이 창경궁 600 년의 시간을 흘러 과거와 현재가 공존하는 소통의 빛으로 피어나다 ” 물빛연화는 물은 모든 것을 통하게 하며 , 모든 것을 비추고 , 모든 것을 품는다는 메시지를 담아 창경궁을 흐르고 있는 물길에 빛을 비추어 현대를 살아가는 모든 이들에게 전하고자 합니다 . [ 코스별 설명 ] 제 1 경 대화의 물길 ( 진입로 ) 물빛연화의 제 1 경 ‘ 대화의 물길 ’ 입니다 . 한자어 ‘ 대화할 화 ( 話 )’ 를 모티브를 한 공간으로 궁과 함께 시간을 지내온 소나무가 빛과 함께 호흡을 이룹니다 . 현재의 시간에서 잠시 벗어나 창경궁의 시간에서 궁과의 깊은 대화로 들어가게 됩니다 . 제 2 경 물빛연화 ( 대춘당지 ) 물빛연화의 제 2 경 ‘ 물빛연화 ’ 입니다 . 한자어 ‘ 피어날 화 ( 華 )’ 를 모티브로 창경궁의 보여지는 아름다움과 보이지 않는 아름다움 모든 것이 대춘당지의 물빛에 조화를 이룬다는 내용을 담았습니다 . 창경궁의 희노애락을 물빛으로 수놓으며 조화와 공존의 꽃이 현대인의 내면에 작은 물빛으로 피어날 수 있도록 연출되었습니다 . 제 3 경 백발의 빛 ( 백송나무 ) 물빛연화의 제 3 경은 ‘ 백발의 빛 ’ 입니다 . 한자어 ‘ 채색할 화 ( 畵 )’ 를 모티브로 창경궁과 함께 세월을 보내온 백송나무를 궁의 백발로 빗대어 표현합니다 . 백송의 백발이 빛깔로 채색되는 모습을 통해 화려하고 웅장했던 창경궁을 회상하게 됩니다 . 제 4 경 조화의 빛 ( 대온실 ) 물빛연화의 제 4 경은 ‘ 조화의 빛 ’ 입니다 . 한자어 빛날 화 ( 華 ) 에서 모티브를 얻었습니다 . 대온실은 근대 건축의 선진성과 더불어 제국주의 문화침탈의 비극을 동시에 보여주는 역사적 시설입니다 . 조명을 통해 물빛 위에 떠오른 보석함 같은 풍경을 연출하여 역사의 아픔을 딛고 이제는 전통과 근대가 공존하는 빛을 이루는 창경궁의 조화 , 승화의 가치를 보여줍니다 . 제 5 경 물의 숨결 ( 소춘당지 ) 물빛연화의 제 5 경은 ‘ 물의 숨결 ’ 입니다 . 한자어 예쁠 화 ( 嬅 ) 에서 모티브를 얻었습니다 . 창경궁의 나무숲 사이에 숨겨진 듯한 소춘당지의 잔잔한 수면 위에 떨리는 미세한 음과 빛의 울림은 창경궁에 깃든 희로애락의 기억과 감정을 느끼게 합니다 . 제 6 경 화평의 빛 ( 산책로 ) 물빛연화의 제 6 경은 ‘ 화평의 빛 ’ 입니다 . 한자어 화평할 화 ( 訸 ) 에서 모티브를 얻은 것으로 빛으로 수놓은 길을 따라 걸으며 승화의 기운을 느끼게 합니다 . 현재를 살아가는 우리에게 지나온 시간 , 현재의 순간 그리고 앞으로 미래의 기쁨과 아픔 , 갈등이 화평의 빛을 걸으며 승화됨을 의미합니다 . 제 7 경 홍화의 물빛 ( 진출로 ) 물빛연화의 제 7 경은 소생의 물빛입니다 . 한자어 화합할 화 ( 和 ) 의 의미를 담은 공간으로 물빛연화를 통한 창경궁의 화합과 소생의 메시지를 전달하고 있습니다 . 빛으로 만들어진 가상의 물길 위에 빛이 피어나고 창경궁의 문양이 새겨지며 새로운 소생의 기운을 느끼게 됩니다 . 제 8 경 영원한 궁 ( 진출로 ) 물빛연화의 제 8 경은 ‘ 영원한 궁 ’ 입니다 . 한자어 빛이 될 화 ( 化 ) 에서 모티브를 얻은 것으로 현실 세계로 돌아가기 전 궁과의 대화를 기억하고 궁의 찬란하고 조화의 기운을 다시 느끼게 됩니다 . 붉게 물든 홍화의 물빛 위에 창경궁을 기억하는 문장들이 다양한 언어를 이룹니다 . 창경궁의 빛의 언어들을 음미하며 내면에 스며든 창경궁의 조화의 빛을 바라보며 현실 세계로 돌아가게 됩니다 .",https://www.kh.or.kr/jnrepo/upload/jnPrgFestivalProgram/202408/25b3bb608f0949ab9293845d094f8292_1724382482046.jpg
23,10회,창경궁,509,궁중놀이방,체험,"일,수,목,금,토 10:00 ~ 17:00",https://www.kh.or.kr/jnrepo/upload/jnPrgFestivalProgram/202408/4b5a87ba8da842c09261f54c8782e652_1724382340834.jpg,궁중놀이방,https://www.kh.or.kr/program/view/menu/1292?viewType=ach&idx=509&searchRound=23&searchStTime=&searchEnTime=&searchField=homeAll&searchText=,창경궁,궁중놀이방,체험,종료,체험,현장참여,2024-10-09~2024-10-13,10:00~17:00,환경전,,,"궁중문화축전의 마스코트 궁이둥이가 운영하는 궁중놀이방은 창경궁 환경전에서 진행됩니다. '궁중놀이방'은 자원활동가 ‘ 궁 ( 宮 ) 이둥이 ’ 와 함께하는 소규모 체험 · 이벤트로 오전 10 시부터 오후 5 시까지 상설 운영됩니다 . * 12:00 ~ 13:00 점심시간 미운영 공기놀이 , 제기차기 , 딱지치기 등 쉽고 간편하게 궁중 놀이를 즐길 수 있는 ‘ 궁이둥이를 이겨라 !’, 궁궐 관련 문제에서부터 역사 , 전래동화 등 다양한 문제를 맞혀보는 ‘ 궁퀴즈 ’, 궁중문화축전을 오랫동안 기억할 수 있도록 궁 곳곳에서 기념사진을 찍어주는 ‘ 궁생샷 ’ 까지 다양한 프로그램이 준비되어 있습니다 . 또 , 나만의 조선시대 인물 ( 캐릭터 ) 을 만드는 온라인 참여형 프로그램 ‘ 모두의 풍속도 ’ 를 현장에서 체험할 수 있습니다 . 즉석 체험 및 인쇄 , 밑그림 채색 등을 통해 풍속도 속 인물과 일상 속 소소한 모습을 그림으로 만들어 보세요 ! [ 행사안내 ] - 일자 : 2024. 10. 9.( 수 )~10. 13.( 일 ) - 시간 : 10:00~17:00 ※ 12:00~13:00 점심시간 미운영 - 장소 : 창경궁 환경전 - 참여인원 : 제한없음 [ 오시는 길 ] 서울 종로구 창경궁로 185 - 버스 : ① 간선 100, 102, 104, 106, 107, 108, 140, 143, 150, 151, 160, 162, 171, 172, 272, 301, 710 / 서울대학교병원 하차 ( 중앙차로 버스정류장 - 종로 방면 ) ② 간선 151, 171, 172, 272, 601 / 창경궁 · 서울대학교병원 하차 - 지하철 : 4 호선 혜화역 4 번출구에서 도보 약 12 분 ( 성균관대 방면 300m 직진 후 창경궁 , 종로 방향 300m 직진 ) - 주차 : 창경궁 주차장 ( 유료 ) * 주차장이 협소하므로 대중교통 이용을 권장드립니다 . [ 유의사항 ] - 궁중놀이방은 누구나 참여할 수 있으며 , 관람객 참여기회 확대를 위해 참여 횟수는 1 인 1 회로 한정합니다 . 준비된 재료가 소진될 경우 조기 마감될 수 있습니다 . - 궁궐 내 모든 공간은 금역구역입니다 . - 문화유산 보호구역으로 음식물 , 인화물질 , 놀이기구의 반입이 제한됩니다 . - 행사 당일 언론 및 방송 취재가 있을 수 있으며 , 사전에 개별 고지 없이 촬영될 수 있음을 양해바랍니다 . - 행사 시 촬영한 사진 및 영상은 궁중문화축전의 공식 홍보 및 연구 , 발간 자료 등에 활용될 수 있습니다 .",https://www.kh.or.kr/jnrepo/upload/jnPrgFestivalProgram/202408/4b5a87ba8da842c09261f54c8782e652_1724382340834.jpg
23,10회,종묘,515,궁중문화축전 스탬프 투어,체험,"일,수,목,금,토 09:00 ~ 18:00",https://www.kh.or.kr/jnrepo/upload/jnPrgFestivalProgram/202408/007fbf2e3e134d99a36052cc3d9e7220_1724383095704.jpg,스탬프,https://www.kh.or.kr/program/view/menu/1292?viewType=ach&idx=515&searchRound=23&searchStTime=&searchEnTime=&searchField=homeAll&searchText=,종묘,궁중문화축전 스탬프 투어,체험,종료,체험,현장참여,2024-10-09~2024-10-13,09:00~18:00,"경복궁, 창덕궁, 덕수궁, 창경궁, 종묘 일원",,,"2024 가을 궁중문화축전 스탬프 투어 4 대 궁과 종묘를 잇는 궁중문화축전 전용 스탬프 투어 프로그램 궁별 스탬프 장소에 비치된 도장을 찍어 활동지 속 아름다운 그림을 완성해주세요 ! 완주자에겐 특별한 리워드가 제공됩니다 . ★ 스탬프 투어 활동지 수령처 ★ - 경복궁 흥례문 앞 < 궁중문화축전 > 종합 안내부스 - 창경궁 홍화문 앞 <궁중문화축전> 종합 안내부스 ★ 스탬프 투어 완주 리워드 수령처 ★ - 경복궁 흥례문 앞 < 궁중문화축전 > 종합 안내부스 * 종합 안내부스 운영시간 : 10:00~17:00 ** 운영시간 이외에는 완주 기념품 수령이 불가합니다 . 1. 행사안내 - 일 자 : 2024. 10. 9.( 수 )~10. 13.( 일 ) - 시 간 : 09:00~18:00 - 장 소 : 경복궁 , 창덕궁 , 덕수궁 , 창경궁 , 종묘 - 참여방법 : 현장참여 2. 참여방법 ① 활동지 수령 (각 궁별 수령처 참고) ② 가을 궁중문화축전 지정 스팟 10 곳 방문 후 스탬프 획득 ③ 경복궁 흥례문 앞 < 궁중문화축전 > 종합안내부스에서 완료 리워드 수령 * 스탬프 투어 장소 10 1) 경복궁 수정전 2) 경복궁 흥복전 3) 경복궁 집옥재 4) 경복궁 계조당 5) 창덕궁 낙선재 6) 덕수궁 돈덕전 7) 창경궁 명정전 8) 창경궁 대춘당지 9) 종묘 북신문 ( 율곡로 ( 창경궁 - 종묘길 )) 10) 종묘 정전 ★ 스탬프 투어 완주 리워드 ( 선착순 증정 ) ★ - (1 등 ~30 등 ) 전통차 ( 새싹 보리차 ) 세트 - (31 등 ~50 등 ) 모두의 풍속도 변온 소주잔 세트 - (51 등 ~100 등 ) 먹 향 룸스프레이 - (101 등 ~150 등 ) 궁중문화축전 에코백 - 이후 모두의 풍속도 스티커 SET 증정 ○ 주의사항 - 궁별 입장료는 별도입니다 . - 완주 기념품은 축전 기간 내 지정된 수령처에서만 지급 가능합니다 . - 기념품 중복 수령은 불가하며 1 인 1 회 참여만 가능합니다 . - 준비된 기념품 수량 소진 시 조기 마감될 수 있습니다 . - 부정 사용 적발 시 기념품 지급이 제외됩니다 . ☎ 행사문의 : 국가유산진흥원 궁능활용사업 콜센터 1522-2295",https://www.kh.or.kr/jnrepo/upload/jnPrgFestivalProgram/202408/007fbf2e3e134d99a36052cc3d9e7220_1724383095704.jpg
23,10회,온라인(기타),532,한복 베스트 드레서 선발 이벤트,체험,"일,수,목,금,토 10:00 ~ 17:00",https://www.kh.or.kr/jnrepo/upload/jnPrgFestivalProgram/202409/218c5fbba25148f58ffcbad0f9e20912_1725271605354.jpg,베스트 드레서,https://www.kh.or.kr/program/view/menu/1292?viewType=ach&idx=532&searchRound=23&searchStTime=&searchEnTime=&searchField=homeAll&searchText=,온라인(기타),한복 베스트 드레서 선발 이벤트,체험,종료,체험,현장참여,2024-10-09~2024-10-13,10:00~17:00,"경복궁, 창덕궁, 덕수궁, 창경궁",,,"2024 년 가을 궁중문화축전에서 한복 베스트 드레서를 선발합니다 . 가을 축전기간 동안 전문 사진 작가가 자유롭게 4 대 궁을 돌아다니며 한복 베스트 드레서에 참가를 희망하는 분들을 촬영합니다 . 특히 , 경복궁 경회루 앞 이벤트 거점 사진존을 방문하면 예쁜 배경 아래 베스트 드레서 이벤트 참가가 가능합니다 . (* 거점 사진존 운영 시간 확인 ) 촬영한 사진과 영상은 룩북 콘텐츠 제작에 이용되며 , 제작된 콘텐츠는 향후 궁중문화축전 SNS 채널에 업로드하여 투표를 통해 일부 수상자를 선정합니다 . 나만의 한복을 뽐내고 싶은 분들의 많은 참여 부탁드립니다 ! □ 행사개요 ○ 이벤트 운영 일자 : 2024. 10. 9. ( 수 ) ~10. 13.( 일 ) / 10:00~17:00 ( 축전 기간 상시 운영 ) ○ 장소 : 경복궁 , 창덕궁 , 덕수궁 , 창경궁 일대 ○ 대상 : 한복을 입고 가을 궁중문화축전 현장에 방문한 사람 ○ 룩북 콘텐츠 제작 및 업로드 : 10 월 말 ○ 이벤트 수상자 발표 : 11 월 초 □ 거점 사진존 운영 ○ 일자 : 2024. 10. 9. ( 수 ) ~10. 13.( 일 ) / (1 회차 ) 10:00~11:00 (2 회차 ) 15:00~16:00 ○ 장소 : 경복궁 경회루 앞 ( 수정전 옆 ) □ 수상자 상품 ( 내부 선정 ) 왕이 될 상 3 명 : 네이버페이 상품권 10 만 원권 한복생활상 20 명 : 네이버페이 상품권 2 만 원권 ( 투표 선정 ) 한복과 어울림 상 3 명 : 네이버페이 상품권 5 만 원권 * 행사 문의 : 궁능활용프로그램 전화상담실 (1522-2295)",https://www.kh.or.kr/jnrepo/upload/jnPrgFestivalProgram/202409/218c5fbba25148f58ffcbad0f9e20912_1725271605354.jpg
23,10회,온라인(기타),531,모두의 풍속도 2024,체험,09.13 ~ 10.27 00:00 ~ 24:00,https://www.kh.or.kr/jnrepo/upload/jnPrgFestivalProgram/202408/38e9be524fde43c4bd10d9bdbe5ceb90_1724859824171.png,모풍,https://www.kh.or.kr/program/view/menu/1292?viewType=ach&idx=531&searchRound=23&searchStTime=&searchEnTime=&searchField=homeAll&searchText=,온라인(기타),모두의 풍속도 2024,체험,종료,체험,현장참여,2024-10-09~2024-10-13,09.13 ~ 10.27 00:00 ~ 24:00,https://pungsokdo.com,,,"올해도 돌아온 모두의 풍속도 ! 한국의 궁궐을 배경으로 누구나 쉽고 재밌게 풍속도 속 인물을 만들어보고 , 그 안에 깃든 이야기를 통해 소통하길 바라는 마음으로 만든 ' 모두의 풍속도 ' 조선시대의 화가 김홍도가 풍속화에 인물의 모습을 다채롭게 담아냈던 것처럼 , 여러분도 일상 속 소소한 모습을 그림으로 만들어보세요 . 모두의 풍속도 만들어 보기 <<클릭 모두의 풍속도 그림 활용 안내 모두의 풍속도의 그림은 콘텐츠의 재미와 표현의 자유를 위해 기존 한복 복식 규칙을 따르지 않았고 , 나이나 성별에 관계 없이 머리 모양 및 의상을 조합할 수 있도록 했습니다 . 자유롭게 꾸며 SNS 에 업로드하거나 프로필 사진으로 활용해보세요 ! 상업적 목적 ( 굿즈 제작 등 ) 으로 사용할 수 없으며 , 비상업적인 목적이더라도 사용 범위가 개인 사용을 넘어서는 경우 ( 전시 , 배포 등 ) 사용이 제한됩니다 . * 궁중문화축전 ( royalculture1@kh.or.kr ) 으로 문의해 주세요 . 모두의 풍속도 복식 안내 그림 속 복식이 궁금하다면 ? 아래 링크를 확인해 보세요 . 모두의 풍속도 복식 자세히 보기 <<클릭",https://www.kh.or.kr/jnrepo/upload/jnPrgFestivalProgram/202408/38e9be524fde43c4bd10d9bdbe5ceb90_1724859824171.png
20,10회,경복궁,486,궁중문화축전 길놀이(경복궁),공연,토 14:30 ~ 16:00,https://www.kh.or.kr/jnrepo/upload/jnPrgFestivalProgram/202404/2847249b7aa84337a9acacb7bb35a539_1712824917658.jpg,길놀이,https://www.kh.or.kr/program/view/menu/1292?viewType=ach&idx=486&searchRound=20&searchStTime=&searchEnTime=&searchField=homeAll&searchText=,경복궁,궁중문화축전 길놀이(경복궁),공연,종료,공연,현장참여,2024-05-04~2024-05-04,14:30~16:00,경복궁 일원,,,"사자춤 , 소고춤 , 사물놀이 등 2024 년 궁중문화축전의 흥을 더할 전통 길놀이를 궁궐 곳곳에서 만나보세요 ! 궁중문화축전 길놀이(경복궁) - 일정 : 5. 4.( 토 ) 14:30 - 동선: 흥례문 광장~광화문 광장 국립고궁박물관 앞 출발→ 용성문→협생문 → 흥례문 광장 (합동공연)→광화문광장 →광화문 ( 이순신장군동상 ) → 흥례문광장 날짜 궁 연계 행사 4. 27.( 토 ) 덕수궁 궁중놀이방 5. 1.( 수 ) 경희궁 경희궁을 만나다 5. 4.( 토 ) 경복궁 서울페스타 5. 5.( 일 ) 창경궁 어린이 궁중문화축전 - 행사문의 ○ 궁능활용프로그램 콜센터 1522-2295 - 우천 시 취소 안내 ○ 행사 당일 오전 11 시 기준 5mm 이상 예보될 경우 ( 기상청 예보 기준 ) 행사가 취소되며 , 한국문화재재단 SNS 채널을 통해 공지됩니다 .",https://www.kh.or.kr/jnrepo/upload/jnPrgFestivalProgram/202404/2847249b7aa84337a9acacb7bb35a539_1712824917658.jpg
20,10회,경복궁,485,"시간여행, 세종-마음으로, 궁",체험,"일,월,화,수,목,금,토 11:00 / 13:00",https://www.kh.or.kr/jnrepo/upload/jnPrgFestivalProgram/202404/713fbc489c2e4224b30979f2b806ce52_1712824009648.jpg,마음 궁,https://www.kh.or.kr/program/view/menu/1292?viewType=ach&idx=485&searchRound=20&searchStTime=&searchEnTime=&searchField=homeAll&searchText=,경복궁,"시간여행, 세종-마음으로, 궁",체험,종료,체험,현장참여,2024-05-04~2024-05-05,"일,월,화,수,목,금,토 11:00 / 13:00",경복궁 외소주방,회당 30명,,"< 프로그램 소개 > 세종의 애민정신을 다룬 이야기와 복합감각 콘텐츠를 결합한 배리어프리 (Barrier-free) 프로그램 < 주요내용 > 장소 내용 감각 소주방 골목 왕실 주방의 공간 느껴보기 (ASMR, 향 ) 청각 , 후각 외소주방 점술가를 만나다 ( 세종의 애민정신 이야기 ) 청각 악공을 만나다 ( 관현맹인전통예술단 ) 청각 촉각 체험 촉각 왕실 다과 체험 미각",https://www.kh.or.kr/jnrepo/upload/jnPrgFestivalProgram/202404/713fbc489c2e4224b30979f2b806ce52_1712824009648.jpg
20,10회,경복궁,484,K-Heritage 마켓,체험,"일,월,화,수,목,금,토 10:00 ~ 17:00",https://www.kh.or.kr/jnrepo/upload/jnPrgFestivalProgram/202404/4783a97976674300bf38db0619571ea1_1712823761959.jpg,헤리티지,https://www.kh.or.kr/program/view/menu/1292?viewType=ach&idx=484&searchRound=20&searchStTime=&searchEnTime=&searchField=homeAll&searchText=,경복궁,K-Heritage 마켓,체험,종료,체험,현장참여,2024-04-27~2024-05-05,10:00~17:00,경복궁 흥례문 광장,,,"< 프로그램 소개 > 무형유산 전승 및 전통 공예상품 판매 활성화를 위한 전통마켓 < 주요내용 > ① 공예품: 전승자 , 일반 소상공인 , KHmall 로 구성된 판매부스 운영 ② 먹거리: 궁중다과 및 전통음료 먹거리 판매 ③ 홍보부스: 유관기관 홍보부스 및 재단 내부 연계 부스 운영 참가자 목록(총 25개소) [공예] 1. 전승자 제와장 ( 김창대 보유자 ), 옹기장 ( 정영락 이수자 ), 유기장 ( 이지호 이수자 ), 소목장 ( 이재웅 이수자 ), 소목장 ( 이태발 이수자 ), 화혜장 ( 황덕성 이수자 ), 자수장 ( 윤정숙 이수자 ), 단청장 ( 양선희 전승교육사 ) 2. 일반 대림목공예 , 루월 , 은조맨션 , 핸드플러스 , 고고공방 , 쏘아 , 빛봄 , 플레이모빌 3. KHmall(한국문화재재단 문화상품관) [먹거리] 좋은날 , 티테라피 [홍보부스] 국가유산청 홍보관 , 국가유산진흥원 홍보관 , 국비발굴 홍보관 , 방문캠페인 홍보관 , 이어지교 홍보관 , 한국전통문화대학교 전통문화상품개발실 홍보관",https://www.kh.or.kr/jnrepo/upload/jnPrgFestivalProgram/202404/4783a97976674300bf38db0619571ea1_1712823761959.jpg
20,10회,경복궁,483,세종대왕자태실 태봉출 의식 재현,재현,화 14:00 ~ 16:00,https://www.kh.or.kr/jnrepo/upload/jnPrgFestivalProgram/202404/21deba72abe1458a9f5adf7cccdf411c_1712821934425.jpg,태봉안,https://www.kh.or.kr/program/view/menu/1292?viewType=ach&idx=483&searchRound=20&searchStTime=&searchEnTime=&searchField=homeAll&searchText=,경복궁,세종대왕자태실 태봉출 의식 재현,재현,종료,재현,현장참여,2024-04-30~2024-04-30,14:00~16:00,경복궁 교태전 및 강녕전,,,"< 주요내용 > 세종대왕자태실이 위치한 성주군이 진행하는 세종대왕자태실 태봉출의식 재현 행사 세태의식, 태봉지 낙점 및 교지선포, 누자 안치(태항아리를 누자에 안치) 순서 내용 장소 안내 및 인사 행사 안내 교태전 세태의식 세태 및 봉출의식 〃 강녕전 이동 출연자 및 관람객 이동 교태전 → 강녕전 태봉지 낙점 태봉지 낙점 및 교지선포 강녕전 누자안치 태항아리를 누자에 안치 〃",https://www.kh.or.kr/jnrepo/upload/jnPrgFestivalProgram/202404/21deba72abe1458a9f5adf7cccdf411c_1712821934425.jpg
20,10회,경복궁,464,어차 MZ 워크샵,체험,수 10:10 / 13:30,https://www.kh.or.kr/jnrepo/upload/jnPrgFestivalProgram/202404/53e23d3eee254b5ba7efa38112e5a6e6_1712243711700.JPG,어차,https://www.kh.or.kr/program/view/menu/1292?viewType=ach&idx=464&searchRound=20&searchStTime=&searchEnTime=&searchField=homeAll&searchText=,경복궁,어차 MZ 워크샵,체험,종료,체험,사전예약,2024-05-01~2024-05-01,수 10:10 / 13:30,국립고궁박물관 B1 고궁배움터 교육실 1,,,"< 주요내용 > 왕실 전용 리무진 , 순종황제 어차 만들기 체험 프로그램 <학습과정> 이론 학습: ∙ 대한제국에 대한 이해 - 근대문물 유입 시대적 배경 ∙ 왕실 가족 탈 것의 변화 - 가마 , 어마차 , 어차 체험 활동: ∙ 어차 구석구석 살펴보기 - 외관 ( 전면 , 옆면 , 후면 ) ∙ DIY 순종황제 어차 우드 키트 조립하기 ∙ 희정당 모형 시범 주행 * 만 19 세 이상 참여 가능",https://www.kh.or.kr/jnrepo/upload/jnPrgFestivalProgram/202404/53e23d3eee254b5ba7efa38112e5a6e6_1712243711700.JPG
20,10회,경복궁,462,"시간여행, 세종-궁중 일상재현",공연,"일,수,목,금,토 11:00 / 15:00",https://www.kh.or.kr/jnrepo/upload/jnPrgFestivalProgram/202404/3cbab2d103854f6da4b4d4d5b4e86993_1711963752613.png,시간여행 일상재,https://www.kh.or.kr/program/view/menu/1292?viewType=ach&idx=462&searchRound=20&searchStTime=&searchEnTime=&searchField=homeAll&searchText=,경복궁,"시간여행, 세종-궁중 일상재현",공연,종료,공연,현장참여,2024-05-01~2024-05-05,"일,수,목,금,토 11:00 / 15:00",경복궁 일원,현장참여,1522-2295,"시간여행, 세종-궁중 일상재현 5일간 경복궁이 조선시대로 돌아갑니다! 세종대를 배경으로 펼쳐지는 다양한 상황극을 통해 살아 숨쉬는 궁을 만나보세요! [행사개요] - 행사일시: 5. 1.(수)~5. 5.(일) 11:00/15:00(120분)/1일 2회(총 5일 10회) - 행사장소: 경복궁 일대(시간여행 권역) - 참여방법: 현 장참여 - 행사개요: 시간여행 권역에서 펼쳐지는 소규모 상황극 및 왕가의 산책 [공연구성] - (수정전 권역) 조선의 문예 - (침전 권역) 세종과 소헌왕후의 일상 - (소주방 권역) 세종과 조선의 백성 - (동궁 권역) 세자와 세자빈의 일상 - (부가 권역) 근정전 퍼포먼스 [공연 시간표] 구분 장소 주요내용 공연시간 러닝 타임 오전 오후 중 심 권 역 수정전 권역 수정전 박연이 만든 조선의 음률 11:50 15:50 (20 분 ) 수정전 뒤 집현전 학자들의 대화 11:30 12:10 15:30 16:10 (10 분 ) 수정전 권역 왕가의 산책 ( 세종 )* 11:20 15:20 (70 분 ) 침전 권역 만춘전 소헌왕후와 의녀 11:40 12:10 15:40 16:10 (10 분 ) 강녕전 세종과 대신들의 경연 11:30 12:00 15:30 16:00 (15 분 ) 흠경각 기술자를 선발하는 장영실 11:20 11:50 15:20 15:50 (10 분 ) 교태전 소헌왕후의 양로연 12:10 16:10 (20 분 ) 침전 권역 관원들의 수다 ( 관객 소통 )* 11:30 15:30 (60 분 ) 소주방 권역 내소주방 바깥길 세종이 농사지은 곡물 11:40 12:10 15:40 16:10 (10 분 ) 인지당터 명나라 사신 접대를 준비하는 재주꾼들 ( 관객참여 )* 11:30 15:30 (50 분 ) 소주방 권역 왕후의 산책 ( 소헌왕후 )* 11:20 15:20 (70 분 ) 동궁 권역 자선당 현덕빈의 태교 11:20 11:50 15:20 15:50 (10 분 ) 중광문 문종과 서운관 관리들 11:30 12:00 15:30 16:00 (15 분 ) 부가권역 근정전 하루를 여는 세종 11:00 15:00 (15 분 ) 세종의 명을 가슴에 새기다 12:40 16:40 (20 분 ) ※ 별 표시(*): 상시 운영 * 행사문의: 한국문화재재단 궁능활용사업 콜센터(1522-2295)",https://www.kh.or.kr/jnrepo/upload/jnPrgFestivalProgram/202404/3cbab2d103854f6da4b4d4d5b4e86993_1711963752613.png
20,10회,경복궁,459,"시간여행, 세종-궁중새내기",체험,"일,수,목,금,토 10:30 / 14:30",https://www.kh.or.kr/jnrepo/upload/jnPrgFestivalProgram/202404/b090388bc5fe4a90866361636a307870_1711962857395.png,"시간여행, 세종-궁중새내기",https://www.kh.or.kr/program/view/menu/1292?viewType=ach&idx=459&searchRound=20&searchStTime=&searchEnTime=&searchField=homeAll&searchText=,경복궁,"시간여행, 세종-궁중새내기",체험,종료,체험,사전예약,2024-05-01~2024-05-05,"일,수,목,금,토 10:30 / 14:30",경복궁 일원,160명,1522-2295,"시간여행, 세종-궁중새내기 눈 떠보니 내가 조선시대 궁중새내기? ‘궁중새내기’는 궁궐수습생이 되어 전통복식을 입고 조선시대 궁중문화를 즐기는 관객 몰입형 체험 프로그램입니다. 궁중문화축전 10주년을 맞아 5일간 경복궁이 세종대로 돌아갑니다. 궁중새내기가 되어 지금 경복궁으로 시간여행을 떠나보세요! 1. 티켓오픈 2024년 4월 5일(금) 15시 티켓링크 *관람권: 유료 10,000원 / 한 ID당 최대 4매 예약가능 2. 행사안내 - 일자: 2024. 5. 1.(수)~5. 5.(일) - 시간: (1회차)10:30~12:10/(2회차)14:30~16:10(100분/준비시간 30분 포함) - 장소: 경복궁 일대(시간여행 권역) - 참여인원: 1회 160명(체험 당 40명×4개 체험) 3. 세부내용 [프로그램 구성] - 준비(약 30분): 접수, 의상 환복 등 - 공연(10분): 근정전 퍼포먼스 - 체험(60분): 궁중문화 체험(택1) [ 준비(약 30분)] - 행사 시작 1시간 전부터 접수처에서 예매자 확인을 진행합니다. * 접수처: 경복궁 용성문 앞(국립고궁박물관 방향) - 운영요원의 안내에 따라 궁중새내기 복식으로 환복해주세요. * 의상 환복을 위해 준비시간이 최소 30분 이상 필요합니다. [공연(약 10분)] - 운영요원의 안내에 따라 근정전으로 이동해 시간여행 퍼포먼스를 관람합니다. - 근정전에 세종과 문무백관이 등장해 시간여행의 시작을 알립니다. - 관람구역에서 근정전에 등장하는 세종을 향해 예를 갖추어보세요. 시간여행의 추억을 남길 사진과 영상을 촬영하셔도 좋습니다. [체험(약 60분)] - 궁궐 수습생으로 본격적인 임무를 수행할 시간! - 운영요원의 안내에 따라 예매 시 선택한 체험(택1) 장소로 이동합니다. <궁중새내기 체험> ① 궁중음식 - 기쁜 일이 있는 날 귀한 분을 모시고 상에 올렸던 고임상을 만들어봅니다. * 고임상이란 잔치에 쓰는 음식을 높이 쌓아 올리는 상을 말합니다. - 경복궁의 주방 내소주방에서 조선시대로 돌아가 사탕을 고여 보세요. - 고임상 체험은 국가무형유산 궁중음식 보유자 정길자 선생님과 함께합니다. ② 궁중무예 - 조선시대 비밀병기라고 불렸던 전통화살 편전을 함께 만들어봅니다. * 애기살로도 불리는 편전(片箭)은 보통 화살보다 가볍고, 빠르고 멀리 날아가 조선시대 만드는 방법이 군사기밀로 다뤄졌습니다. - 조선시대 무(武)를 높인다는 의미로 지었던 전각 경복궁 융무루(隆武樓) 터에서 체험을 진행합니다. - 체험 중 간단한 전통무예 시범 관람이 포함되어 있습니다. - 전통화살 편전 체험은 국가무형유산 궁시장 보유자 유세현 선생님과 함께합니다. ③ 궁중무용 - 궁중잔치에서 즐겨 추었던 궁중무용 포구락을 함께 배워봅니다. * 포구락은 편을 갈라 노래하고 춤추며 차례로 공을 던져, 공이 구멍에 들어가면 상으로 꽃을 주고, 넣지 못하면 벌로 붓에 먹을 찍어 얼굴에 점을 찍는 놀이입니다. - 경복궁 아미산 옆에서 함께 전통 선율에 몸을 맡겨보세요. - 궁중무용 체험 참여자에게는 모두의 풍속도 상품(KHmall 판매)을 선물로 드립니다.(1인 1개 한정) - 포구락 체험은 전통무용 단체 굳 굿아트(예술 숲)과 함께합니다. ④ 궁중회화 - 전각의 아름다움과 위엄을 완성하는 전통단청을 함께 그려봅니다. * 단청은 전통 목조건축물에 여러 가지 색채로 그림과 무늬를 그리는 일을 말합니다. 단청은 장식 기능 뿐만 아니라 건물의 수명을 연장하는 역할도 했습니다. - 왕세자가 업무를 보고 공부를 했던 전각 비현각 마당에서 전각 지붕의 연화 단청을 직접 그려봅니다. - 단청 체험은 국가무형유산 단청장 이수자 안유진 선생님과 함께합니다. 궁중새내기 체험 외에도, ‘시간여행, 세종’(5. 1.(수)~5. 5.(일)) 행사기간에 경복궁을 방문하시면 궁 중 일 상 을 재 현 한 다 양 한 상황극과 현장 상설체험을 즐기실 수 있습니다. 궁중문화축전에 대한 자세한 내용은 공식 홈페이지를 참고하시기 바랍니다. www.chf.or.kr/fest [오시는길] 서울 종로구 사직로 161 경복궁 용성문 앞(궁중새내기 접수처) * 대중교통을 이용하시면 경복궁까지 더 편리하게 오실 수 있습니다. - 버스: 109, 171, 272, 601, 606, 1020, 7025번 버스(경복궁 남측),1020, 1711, 7016, 7018, 7022, 7212, 6011, 9703번 버스(경복궁 서측) - 지하철: 경복궁역 5번 출구(접수처까지 도보 약 5분) - 주차: 경복궁 동편 주차장(유료)(접수처까지 도보 약 10분) [입장안내] - 접수시간: (1회차)10:00~10:30/(2회차)14:00~14:30 - 접수장소: 경복궁 용성문 앞(국립고궁박물관 방향) - 사전예약자 확인을 위하여 예매자 본인의 신분증을 필히 지참해주시기 바랍니다. (주민등록증, 운전면허증, 여권, 신분증 재발급 신청서, 외국인등록증) * 관람권은 직계가족 및 형제·자매에 한하여 증빙자료(등본, 가족관계증명서) 제출 시 양도할 수 있습니다. - 접수 후 환복소(경복궁 용성문 앞)로 이동해 준비된 궁중새내기 복식으로 환복 후 프로그램이 진행됩니다. - 준비시간이 약 30분 이상 소요되는 프로그램으로, 지연 도착 시 프로그램 참여가 제한될 수 있습니다. - 공식 예매처 외 별도의 현장접수는 진행하지 않습니다. [유의사항] - 만 14세 이상 참여 가능한 프로그램으로 별도의 아동용 복식은 준비되어 있지 않습니다. - 간편한 옷차림(반팔, 반바지)으로 오시면 더욱 원활하게 궁중새내기 복식으로 환복하실수 있습니다. - 간이 물품보관소가 있으나 개인 귀중품의 분실 및 파손은 책임지지 않습니다. - 야외행사의 특성 상 행사당일 기상청 일기예보 기준 5mm 이상 우천예보 시 행사가취소될 수 있습니다.(사전예매자 개별 안내) - 궁궐 내 모든 공간은 금역구역입니다. - 문화유산 보호구역으로 음식물, 인화물질, 놀이기구의 반입이 제한됩니다. - 행사 당일 언론 및 방송 취재가 있을 수 있으며, 사전에 개별 고지 없이 촬영될 수 있음을 양해바랍니다. - 행사 시 촬영한 사진 및 영상은 궁중문화축전의 공식 홍보 및 연구, 발간 자료 등에 활용될 수 있습니다. * 티켓 및 행사문의: 한국문화재재단 궁능활용사업 콜센터(1522-2295)",https://www.kh.or.kr/jnrepo/upload/jnPrgFestivalProgram/202404/b090388bc5fe4a90866361636a307870_1711962857395.png
20,10회,경복궁,455,Gyeonghoeru Pavilion Special Tour: A Time Travel to the Joseon Dynasty,체험,"일,수,목,금,토 10:00/11:00 / 14:00/16:00",https://www.kh.or.kr/jnrepo/upload/jnPrgFestivalProgram/202404/91e120da34f94e7a96bfba3d632cb425_1711961539972.png,경복궁 경회루,https://www.kh.or.kr/program/view/menu/1292?viewType=ach&idx=455&searchRound=20&searchStTime=&searchEnTime=&searchField=homeAll&searchText=,경복궁,Gyeonghoeru Pavilion Special Tour: A Time Travel to the Joseon Dynasty,체험,종료,체험,사전예약,2024-05-01~2024-05-05,"일,수,목,금,토 10:00/11:00 / 14:00/16:00",경복궁 경회루,30명,02-3700-3900/help@creatrip.com,"* 본 프로그램은 외국인 전용 프로그램입니다. ( Exclusive Tickets for Foreigners) Book Now (Creatrip) 🗺️ Introduction - Experience the 2024 spring cultural heritage festival held at the 5 major palaces in Korea! - Reserve through Creatrip and get tickets exclusively for foreigners. - Tickets are first come, first served! - Experience Gyeongbokgung Palace in a unique way through hanbok experience, and traditional music performance. - Interpretation in English is available. Gyeonghoeru Pavilion Special Tour provides a special opportunity to enjoy Gyeongbokgung, which is a must-see destination for travelers in Korea. Only open to 30 people, don't miss out on the opportunity to visit Gyeonghoeru Pavilion in Gyeongbokgung Palace! This tour is a special experience program that includes an internal tour of Gyeonghoeru, which was a venue for royal banquets during the Joseon Dynasty. *Gyeongbokgung Palace Tour Guide (English, 10 minutes) You can take a tour inside the Gyeonghoeru with a professional English guide. *Hanbok Experience (10 minutes) Wear traditional Korean hanbok and take a stroll through Gyeongbokgung Palace to feel like you've gone back to the Joseon era. *Performance(20 minutes) A performance with a combination of three instruments, the content of the performance is the same, but the instrument arrangement varies each day [Performance Information] - Introduction to traditional music and instruments (around 5 minutes), Millennium Cheer (around 10 minutes), Yeongsan Hoesang (around 5 minutes) - Millennium Cheer: A representative Korean traditional instrumental piece that wishes for a lifespan of a thousand years - Yeongsan Hoesang: Representative cultural music enjoyed by Confucian scholars in the late Joseon Dynasty - Wednesday, May 1st ~ Friday, May 3rd: Haegeum, Yanggeum, Danso - Saturday, May 4th ~ Sunday, May 5th: Haegeum, Yanggeum, Gayageum Enjoy a performance where you can appreciate traditional music enjoyed in the royal court during the Joseon Dynasty. Sit at the pavilion and listen carefully to the music sound carried by the wind. * Gyeonghoeru Pavillion Free Tour (20 minutes) Capture special memories of your trip to Korea in photos at Gyeonghoeru Pavilion in Gyeongbokgung Palace. How To Use - Reservation Method: Pre-book with Create Trip (maximum 4 tickets per person) - Reservation Confirmation: Entry allowed after checking Create Trip reservation details on site - Sales Period: Reservations available until 23:59 (KST) two days before the event - Event Period: May 1, 2024 ~ May 5, 2024 / Open on Wednesday, Thursday, Friday, Saturday, Sunday - Special Note: On-site purchase of tickets to Gyeongbokgung Palace is required (1 person/KRW 3,000) - Viewing Time: Approximately 60 minutes - Viewing Course: Gyeongbokgung Palace Tour Guide (English, 10 minutes) - Hanbok Experience (10 minutes) - Performance Viewing (20 minutes) - Free Viewing (20 minutes) - Age Restriction: Ages 8 and above allowed (Under 8 not allowed for safety reasons) - Experience Time (limited to 30 people per session): Must arrive 5 minutes early Session 1 - 10:00 ~ 11:00 Session 2 - 11:00 ~ 12:00 Session 3 - 14:00 ~ 15:00 Session 4 - 16:00 ~ 17:00 Reservation Procedure 1) Please provide detailed information requested. 2) Once payment is completed, the reservation is confirmed immediately. 3) On-site registration location (in front of Hamhongmun Gate in Gyeonghoeru, Gyeongbokgung Palace) please wait until 5 minutes before viewing. We will start admission after confirming the reservation details at the registration location. Please present your Creatrip reservation details. During the event period, a separate registration location will be operated at 'Gyeongbokgung Gyeonghoeru (in front of Hamheungmun) *The ticket office at Gyeongbokgung Palace (Gyeonghoeru) is located about a 10-minute walk from the reception area. Things To Keep In Mind During Reservation - This event operates on a 100% advance reservation system, and there will be no on-site sales. - Participants can only join the schedule selected at the time of reservation. It is not possible to participate in a different schedule than the one reserved. - This event is for foreigner-only tickets. If a Korean purchases it, it may be cancelled without notice, and Koreans cannot participate in the event. (Accompanying foreigners is not allowed, but foreign passport holders can enter.) - To enter the event, please purchase a ticket to Gyeongbokgung Palace (KRW 3,000) at the Gyeongbokgung on-site ticket office. (Ticket purchase required) - If you have rented a hanbok from outside, admission to Gyeongbokgung Palace is free, and you can freely explore the palace after the event ends. - Foreigners under 18 or over 65 are eligible for free admission to Gyeongbokgung Palace. Please present your identification (passport) at the Gyeongbokgung ticket office for age verification. - This ticket cannot be purchased and used on the same day. - A maximum of 4 tickets per person can be reserved. If you purchase more than 4 tickets, the entire purchase may be cancelled. Also, the tickets reserved cannot be transferred between acquaintances. - Please enter the information of the booker and accompanying person at the time of reservation. If the information of the booker and accompanying person is different on-site, or if the reservation is made fraudulently, it will be void and no refund will be given upon discovery. - If found to be using fraudulent methods or purchasing tickets for the purpose of resale, the ticket may be canceled and use restricted without prior notice. - For reservation changes and inquiries, please contact help@creatrip.com. During Visit - On-site registration location (in front of Hamhongmun Gate in Gyeonghoeru, Gyeongbokgung Palace) please wait until 5 minutes before viewing. - We will start admission after confirming the reservation details at the registration location. Please present your Creatrip reservation details. - Hanbok experience will provide simple outerwear style clothing and traditional hats, and the actual experience may be different from the example photos. - There is no separate changing area at the event venue, so those who rented Hanbok from outside may not be able to participate in the 'Hanbok Experience' included in the event. - Only available for ages 8 and above. (Children under 8 are not allowed for safety reasons) Please be aware that there may be restrictions on entry if the entry time has elapsed. - This event involves approximately 60 minutes of walking, so please wear comfortable shoes. - The event time may change due to inclement weather or unavoidable circumstances, and full refunds will be provided before the event. - We are not responsible for accidents or loss of personal belongings due to personal negligence. - Food, tripods, flash photography, and other items with safety and facility damage concerns are not allowed to be brought in. - Pets are not allowed at the event. - All areas within the palace grounds are non-smoking areas. - There may be media coverage on the day of the event, and individual programs may be filmed without prior notice. - Photos and videos taken during the event may be used for promotion, research, publication materials, etc. by the Cultural Heritage Administration of Korea.",https://www.kh.or.kr/jnrepo/upload/jnPrgFestivalProgram/202404/91e120da34f94e7a96bfba3d632cb425_1711961539972.png
20,10회,경복궁,454,2024년 제10회 궁중문화축전 개막제,공식행사,금 19:30 ~ 20:40,https://www.kh.or.kr/jnrepo/upload/jnPrgFestivalProgram/202404/87dd4f0d1292481db0dbcba6de90fb7b_1711956531564.png,경복궁 근정전,https://www.kh.or.kr/program/view/menu/1292?viewType=ach&idx=454&searchRound=20&searchStTime=&searchEnTime=&searchField=homeAll&searchText=,경복궁,2024년 제10회 궁중문화축전 개막제,공식행사,종료,공식행사,사전예약,2024-04-26~2024-04-26,19:30~20:40,경복궁 근정전,600명,1522-2295,"2024년 궁중문화축전 개막제 ‘함께한 궁중문화 함께할 국가유산’ 2014년 첫 선을 보인 궁중문화축전이 2024년 10주년을 맞이합니다. 올해 궁중문화축전 개막제는 경복궁 근정전에서 궁궐의 아름다움과 K-전통문화의 품격을 담은 특별행사를 선보입니다. 1. 티켓오픈 2024년 4월 5일(금) 15시 티켓링크 *관람권: 무료 / 한 ID당 최대 4매 예약가능 2. 행사안내 - 행사일정: 2024. 4. 26.(금)/19:30~20:40(70분) - 행사장소: 경복궁 근정전 - 티켓오픈: 600매 ▷▶예매링크◀◁ 3. 세부내용 [기획의도] ‘뿌리 깊은 나무’ 궁중문화축전 10주년을 기념하여 세종 애민정신의 꽃이라 할 수 있는 훈민정음을 창제한 1446년으로 돌아가 백성들과 각국 사절들을 초청하여 가상의 <훈민정음 반포식>을 거행한다. [공연 소개] “가장 먼저 만나는 2024년 궁중문화축전” 올해 궁중문화축전의 대표 기획 공연인 <고궁음악회-100인의 치세지음 治世之音>,<고궁뮤지컬-세종, 1446> 하이라이트를 통해 개막제를 찾은 관객에게 가장 먼저 2024년 궁중문화축전을 선보인다. (출연: <고궁음악회-100인의 치세지음 治世之音> 팀, <고궁뮤지컬-세종, 1446> 팀) “벽사진경”( 궁중무용 처용무) 훈민정음 반포식에 세종이 입장하기 전 동서남북 사방의 처용이 나라의 중앙에 모여 나쁜 기운을 물리치고 복된 기운을 맞이하고자 춤추는 벽사진경(辟邪進慶)의 의식이다. (출연: 처용무보존회) “용비어천가”(종묘제례악 팔일무) 세종대왕 입장 후 훈민정음의 반포라는 국가대사를 종묘에 고하기 위해 추는 의식무. 원래 조선 초에는 궁중무로 육일무를 추었으나 이번 의식은 독립된 문자를 온 세상에 반포하는 행사이므로 64명 팔일무로 춘다. (출연: 아악일무보존회) “훈민정음 반포” 훈민정음은 1443년 12월에 창제되어 1446년 9월에 반포되었다. 그 과정에 최만리 등 일부 집현전 학자와 유생의 반대 등 어려움이 있었다. 이번에 궁중문화축전 10주년의 맞아 가상의 훈민정음 반포식을 개최한다. 훈민정음의 창제 의미와 유생들의 반대, 세종의 설득과 반포 등을 압축해서 표현한다. (출연: 세종 役 강신일, 반대 유생 役 윤영걸, 정인지 役 조의진) “북의 대합주” 훈민정음이 북소리처럼 온 세상에 퍼져나가기를 염원하는 축하공연. 궁중의 북춤과 민간의 북춤이 한 무대에 어우러지는 대합주로 훈민정음의 창제정신을 담았다. 세종대왕이 훈민정음 반포식에 민간의 백성들을 다수 초대하여 이 경사를 함께 누리고자 하였다고 가정한다. (출연: 국수호 디딤 무용단, 한국문화재재단 예술단) * 이밖에 궁중문화축전 개막 선포, 기념영상 상영 등 공식행사가 진행됩니다. 연출 | 박동우 총괄 안무 | 국수호 [출연진] <고궁음악회-100인의 치세지음 治世之音> 팀, <고궁뮤지컬-세종, 1446> 팀, 처용무보존회, 아악일무보존회, 종묘제례보존회, 국수호 디딤 무용단, 한국문화재재단 예술단, 우장례(사회) 이대연, 세종 役 강신일, 반대 유생 役 윤영걸, 정인지 役 조의진 [전통한복과 함께하는 궁중문화축전] ① 전통한복 특별 선물 증정 전통한복을 입고 궁중문화축전 개막제에 함께 해주세요! 개막제 사전예매자 중 전통한복을 입고 개막제에 참여해주신 분들께 소정의 선물을 드립니다. * 수령방법: 티켓 확인 후 흥례문 광장 내 종합안내소로 이동하여 선물 수령 * 수령장소: 궁중문화축전 경복궁 종합안내소(협생문 옆) * 특별선물: 색동 기념품(선착순 500개 한정 배부) * 유의사항: 전통한복 특별선물은 한복 착용자 본인에 한하여 드립니다.(1인 1개) ② 전통한복 우선석 운영 올해 궁중문화축전 개막제는 전통한복 우선석을 운영합니다.(200석 예정) 전통한복 우선석의 위치와 입장방법은 아래 내용을 참고해주시기 바랍니다. [객석 안내] - 본 행사는 비지정석이며, 사전에 고지한 구역의 전통한복 우선석을 운영합니다. * 전통한복 우선석: 개막제 입장권을 예매한 분 중 전통한복을 착용하신 분이먼저 착석하실 수 있는 특별좌석입니다.(200석 예정) - 전통한복 우선석은 행사 시작 10분 전까지 운영하며, 19:20 이후에는 전석 비지정석입니다 [오시는 길] 서울 종로구 사직로 161 경복궁 흥례문 광장(용성문, 협생문) * 행사 당일 광화문은 개방하지 않습니다. * 대중교통을 이용하시면 경복궁까지 더 편리하게 오실 수 있습니다. - 버스: 109, 171, 272, 601, 606, 1020, 7025번 버스(경복궁 남측),1020, 1711, 7016, 7018, 7022, 7212, 6011, 9703번 버스(경복궁 서측) - 지하철: 경복궁역 5번 출구 - 주차: 경복궁 동편 주차장(유료) [입장안내] - 입장절차 ① 행사 당일 18:40부터 티켓 확인(경복궁 용성문, 협생문 앞) ② 행사 당일 19:00부터 입장 진행(흥례문 광장 대기 후 순차 입장) * 경복궁 주차장은 협생문, 경복궁역(지하철 3호선)은 용성문이 가깝습니다. * 전통한복 착용 이벤트 선물을 배부하는 종합안내소는 협생문과 가깝습니다. * 행사 당일 광화문은 개방하지 않습니다. - 입장방법: 티켓링크 모바일 티켓 확인 * 관람객의 안전을 위하여 티켓 확인 후 진행요원의 안내에 따라 흥례문 광장에대기 후 순차적으로 입장을 진행합니다. * 전통한복 우선석의 경우 티켓 확인 후 종합안내소에서 이벤트 상품을 수령하고,진행요원의 안내에 따라 전통한복 우선석 대기줄에서 입장을 진행합니다. - 입장장소(경복궁 흥례문 광장)부터 행사장소(경복궁 근정전)는 도보로 수 분 소요되므로 가급적 행사 시작 10분 전까지 입장을 완료하여 주시기 바랍니다. - 행사장소의 특성 상 화장실 이용에 불편이 있을 수 있으니 입장 전 화장실 이용을 권고 드립니다. (경복궁 주차장, 경복궁역 화장실) - 고지된 입장시간 이후에 도착하신 경우 운영요원의 안내에 따라 지연입장이 진행되며, 이 경우 관람 일부가 제한될 수 있습니다. - 공식 예매처 외 별도의 현장접수는 진행하지 않습니다. [유의사항] - 공식 티켓 판매처인 티켓링크를 제외한 기타 경로를 통한 암표 매매는 위법 행위로 엄격히 금지하고 있습니다. - 불법 예매 또는 부정 거래로 확인된 회원의 경우 이후 진행되는 행사 예매가 불가하도록 조치할 예정입니다. - 행사 당일 별도의 경복궁 야간개장 행사는 진행하지 않습니다. - 본 행사는 전체 관람가이나 타인의 관람에 방해가 되는 경우 미취학 아동의 관람을 제한할 수 있습니다. - 야외행사의 특성 상 행사당일 기상청 일기예보 기준 5mm 이상 우천예보 시 행사가 취소될 수 있습니다.(사전예매자 개별 안내) - 궁궐 내 모든 공간은 금역구역입니다. - 문화유산 보호구역으로 음식물, 인화물질, 놀이기구의 반입이 제한됩니다. - 행사 당일 언론 및 방송 취재가 있을 수 있으며, 사전에 개별 고지 없이 촬영될 수 있음을 양해바랍니다. - 행사 시 촬영한 사진 및 영상은 궁중문화축전의 공식 홍보 및 연구, 발간 자료 등에 활용될 수 있습니다. * 티켓 및 행사문의: 한국문화재재단 궁능활용사업 콜센터(1522-2295)",https://www.kh.or.kr/jnrepo/upload/jnPrgFestivalProgram/202404/87dd4f0d1292481db0dbcba6de90fb7b_1711956531564.png
20,10회,경복궁,450,경복궁 별빛야행,체험,"일,월,수,목,금,토 18:40 / 19:40",https://www.kh.or.kr/jnrepo/upload/jnPrgFestivalProgram/202403/5ca5c45749ed4acdb5460b861cb49e37_1711684094599.jpg,별빛,https://www.kh.or.kr/program/view/menu/1292?viewType=ach&idx=450&searchRound=20&searchStTime=&searchEnTime=&searchField=homeAll&searchText=,경복궁,경복궁 별빛야행,체험,종료,체험,사전예약,2024-04-03~2024-05-04,"일,월,수,목,금,토 18:40 / 19:40",경복궁 일원,,,"별 가득한 밤, 경복궁 별빛야행에 여러분을 초대합니다. 은은한 별빛 아래 경복궁 소주방에서 국악공연을 즐기며 수라상을 맛보고 전문해설사와 함께 경복궁 별빛산책을 떠나볼까요. 장고, 집옥재와 팔우정, 건청궁을 거치며 궁궐의 옛 이야기를 마주하고 쏟아지는 별빛아래에서 향원정의 정취를 느껴보세요. 별 가득한 4월의 밤, 경복궁의 문이 열립니다. 1. 행사정보 ○ 행사기간 : 2024. 4. 3.(수) ~ 5. 4.(토) 매주 수~일요일 *월, 화 휴무/ 4.26. 궁중문화축전 개막식 휴무 * 5.2. ~ 5.4. 외국인 특별행사 운영 ○ 행사시간 : 1부 18:40 ~ 20:30 / 2부 19:40 ~ 21:30(110분) ○ 행사장소 : 경복궁 소주방, 북측전각 일대 ○ 행사내용 : 경복궁 소주방 궁중음식체험과 경복궁 북측권역 전각에 대한 해설을 들으며, 경복궁의 역사·문화·조경 등을 체험할 수 있는 야간 기행 ○ 참여인원 : 회당 34명 ○ 참가비 : (1인 기준) 60,000원 ○ 예매처 : 티켓링크(www.ticketlink.co.kr) / ID당 최대 2매 예약 가능 [별빛산책로] ○ 소주방→자경전·함화당→장고→집옥재→팔우정→건청궁→향원정 * (1부) 소주방∼장고: 궁중음식을 시식하고 장고에서 음식 관련 극을 감상 * (2부) 집옥재∼향원정: 고종의 이야기와 함께 경복궁 북측 권역 역사 탐방 ○ 외소주방 : 도슭수라상 궁중음식체험과 국악공연 관람 ○ 장고 : 장고마마와 나인의 작은 극 관람 ○ 집옥재·팔우정·건청궁 : 전각 및 내부 관람 ○ 향원정 : 취향교 건너 특별 관람 [도슭수라상] 귀한 손님을 위해 수라상을 내올리다. ‘도슭’은 도시락의 옛말로 왕과 왕비에게 올리던 최고의 일상식인 12첩 반상을 현대적으로 해석해 유기 도시락에 정갈히 나누어 담아낸 음식입니다. ○ 음식 구성 * 일반식 - 4단 : 홍시죽순채, 저염명란젓, 오이송송이, 배추김치 - 3단 : 호두조림, 삼합장과, 더덕구이, 탕평채 - 2단 : 진지, 생선완자전, 애호박전, 너비아니 - 1단 : 석류 표고버섯탕 - 꽃별찬 : 전복초 - 후식 : 꽃약과, 도라지정과, 콩송편, 곶감수정과 * 채식 - 4단 : 홍시죽순채, 장아찌, 오이송송이, 백김치 - 3단 : 호두조림, 삼합장과, 더덕구이, 탕평채 - 2단 : 진지, 새송이버섯전, 애호박전, 두부구이 - 1단 : 석류 표고버섯탕(채식육수) - 꽃별찬 : 근채초 - 후식 : 꽃인절미, 정과, 모약과, 오미자차 ※ 채식 메뉴를 희망하시는 분은 행사일 3일 전 티켓링크 콜센터(1588-7890)로 사전 신청 부탁드립니다. ※ 메뉴 구성은 상황에 따라 변경될 수 있습니다. ※ 원재료 표기 사항 - ※홍시죽순채 - 죽순/ 배추김치 - 새우젓/ 삼합장과 - 소고기, 홍합, 표고버섯(채식 -표고버섯, 양송이버섯, 무) / 너비아니 - 소고기 안심/ 전복초 - 전복/ 근채소- 연근, 감자, 당근, 산마/ 석류 표고버섯탕 – 소고기육수(채식-채수)/ 탕평채-청포묵/ 모약과 -밀가루 2. 예매안내 [온라인 예매] ○ 행사기간: 2024. 4. 3.(수) ~ 5. 4.(토) / 월,화 휴무, 궁중문화축전 개막식(4.26.) 휴무 ○ 행사시간: ID당 1회(당첨시 최대 1인 2매까지 예매 가능) ○ 참여인원: 회당 34명 ○ 참 가 비: 1인 60,000원 ○ 예매기간 1차) 2024. 3. 22.(금) 14시 (행사일:4.3.~4.21.) 2차) 2024. 4. 12.(금) 14시 (행사일:4.24.~) ○ 예 매 처: 티켓링크 *ID당 2매 가능 [전화예매] ○ 예매기간 1차) 2024. 3. 22.(금) 14시 (행사일:4.3.~4.21.) 2차) 2024. 4. 12.(금) 14시 (행사일:4.24.~) ○ 예매방법 * 티켓링크 콜센터 ☎1588-7890 * 평일 9:00 ~ 18:00 / 토,일요일, 공휴일 휴무 * 1인 최대 2매까지 예매 가능 * 예매자 본인은 필수 참석하여야 함 ○ 예매대상: 만65세 이상, 국가유공자, 장애인 [할인정보] ○ 장애인 50% 할인(1~3급은 본인 포함 2인, 4급 이하는 본인 한정) ○ 국가유공자 본인 한정 50% 할인 ※ 현장에서 예매자 신분증 및 증빙서류 확인 후 입장 가능하며, 본인 입장 필수 3. 예매 시 유의사항 ○ 경복궁 별빛야행은 야간에 진행되는 행사로 8세 이상부터 참여가 가능합니다. ○ 100% 사전예약제로 운영되며, 별도의 현장 판매는 진행되지 않습니다. ○ 아이디당 최대 2매까지 예매 가능합니다. ○ 예매하신 본인 입장이 원칙이며 타인 양도가 불가합니다. (가족관계일 경우 등본, 가족관계증명서 등 증빙자료 지참 시만 예외적으로 양도가 가능합니다.) ○ 만 65세 이상, 국가유공자, 장애인 전화예매의 경우 증빙자료를 필수로 지참하셔야 하며 신청자는 필수로 참석하여야 합니다. 현장 불참 시 취소되는 점 양해 부탁드립니다. ○ 행사 참여일 1일전 17시까지 취소와 환불이 가능하며, 마감 기간 경과 후 취소 및 변경은 불가합니다. 단, 취소표 발생 시 행사 당일 오전 10시까지 취소 불가한 티켓을 예매할 수 있습니다. 4. 관람 시 유의사항 ○ 접수장소는 경복궁 민속박물관 앞 안내데스크입니다. 행사 시작 20분 전부터 접수가 가능하오니 시간 준수 부탁드립니다. ○ 음식 체험 및 야간 해설 탐방이 110분에 걸쳐 진행되며 내부 관람도 포함되어 있으니 편한 신발과 겉옷을 준비해 주시기 바랍니다. 5. 우천시 안내사항 ○ 행사 당일 오전 11시 기상청 예보 기준으로 1~4mm 예보 시 행사는 정상 진행됩니다. 단, 문화재 보호를 위하여 일부 구역 관람이 제한될 수 있습니다. ○ 행사 당일 오전 11시 기상청 예보 기준으로 5mm 이상 예보 시 행사는 취소되며 개별 알림 후 전액 환불해드립니다. 6. 오시는 길 ○ 지하철 - 3호선 <안국역> 1번 출구 도보 13분 - 3호선 <경복궁역> 4번 출구 도보 16분 - 5호선 <광화문역> 2번 출구 도보 약 14분 ○ 버스 - 종로 11번 버스 <법련사> 정류장 ○ 주차 - 경복궁 동편 유료주차장 이용가능(주차비 본인 부담)",https://www.kh.or.kr/jnrepo/upload/jnPrgFestivalProgram/202403/5ca5c45749ed4acdb5460b861cb49e37_1711684094599.jpg
20,10회,경복궁,449,경복궁 생과방,체험,"일,월,수,목,금,토 10:00/11:40 / 13:50/15:30",https://www.kh.or.kr/jnrepo/upload/jnPrgFestivalProgram/202403/7a2a2f611ca243e4939a2bea604e799b_1711682790373.jpg,생과방,https://www.kh.or.kr/program/view/menu/1292?viewType=ach&idx=449&searchRound=20&searchStTime=&searchEnTime=&searchField=homeAll&searchText=,경복궁,경복궁 생과방,체험,종료,체험,사전예약,2024-04-17~2024-06-24,"일,월,수,목,금,토 10:00/11:40 / 13:50/15:30",경복궁 생과방,,,"경복궁 소주방 전각에 위치한 생과방'은 궁중의 육처소處所)가운데 하나이며, '국왕과 왕비의 후식과 별식을 준비하던 곳으로 '생물방' 혹은 '생것방'이라고도 불렸습니다. 경복궁 생과방 프로그램은 조선왕조실록의 내용을 토대로 실제 임금이 드셨던 궁중병과와 궁중약차를 오늘날에도 즐길 수 있도록 구성된 체험 프로그램 입니다. 1. 생과방 체험 안내 ○ 행사기간 : 2024년 4월 17일(수) - 6월 24일(월) * 매주 화요일 휴무 * 외국인 행사: 5. 1.(수)~5. 4.(토) ○ 행사장소 : 경복궁 생과방 ○ 행사시간 : 1일 4회, 회당 70분 - 1회 10:00 |2회 11:40 |3회 13:50 | 4회 15:30 2. 예매 안내 ○ 예매일시 - 1차 오픈 4월 03일(수), 오후 2시 * 대상일 : 2024. 4. 17. - 5. 20. - 2차 오픈 4월 30일(화) 오후 2시 * 대상일 : 2024. 5. 22-6.24. ○ 예매처 : 티켓링크 www.ticketlink.co.kr - URL : https://www.ticketlink.co.kr/product/49400 ○ 예매금액 : 15,000원(궁중병과 세트 1종 + 궁중약차 1종) * 1인 2매 예매 가능 ○ 참여방법 : 온라인 사전 예약 ① 예매 사이트(티켓링크) 접속 및 로그인 ② 참여 일자, 회차, 다과 세트, 좌석 선택 후 비용(카드) 결제 - (예매 시) 대추인절미병 세트 / 주악 세트 중 택 1 - 궁중약차는 현장에서 선택 후 수령 ③ 생과방 입구(안내처)에서 본인 확인▶ 약차 선택 후 차패 수령 ④ 좌석 안내 ▶ 약차 수령 및 차패 교환 ⑤ 궁중 다과 시식 및 시음 - 체험연령 미취학 아동 포함 전 연령 체험 가능 - 48개월 이상 아동 일반인 1인과 동일한 티켓 사전 결제 후 소지 필수 - 48개월 미만 아동 보호자와 동반 하에 입장 가능 ○ 전화예매 : 티켓링크 고객센터 1588-7890 - 예매대상 : 만 65세 이상, 장애인, 국가유공자 - 예약시간 : 평일 10:00~19:00, 주말·공휴일 휴무 * 현장에서 증빙자료를 확인 할 예정이오니, 신분증(경로우대증, 국가유공자증, 장애인복지카드 등)을 반드시 지참하여 주시기 바랍니다. ○ 할인정보 : 장애인 1-3급(동반 1인까지) 및 4급 이하(본인만)50% 할인, 국가유공자(본인만)50% 할인 * 현장에서 관련 증빙자료(복지카드/국가유공자 등) 확인 후 입장 가능 3. 안내사항 ○ 예매시 - 100% 사전예약제로 운영되며, 별도의 현장 판매는 진행되지 않습니다. - 온라인 할인권 및 전화 예매 티켓은 양도 불가합니다. (예매자 본인 참석 필수, 가족 양도 불가) - 현장에서의 궁중 병과 및 궁중 약차의 추가 주문은 불가합니다. - 현장에서 본인 확인을 진행하오니, 예매자 신분증(원본) 및 예매 내역(예매 번호)을 반드시 지참하셔야 합니다. (미 지참 시 입장이 제한됩니다.) - 예매하신 티켓 본인 입장이 원칙이며 지인 간의 양도가 불가합니다. 단, 가족관계일 경우 예약자 신분증과 증빙자료(주민등록등본, 가족관계증명서 등) 지참 시에만 예외적으로 양도가 가능합니다. - 행사 안내는 문자로 우선 안내 될 예정이오니, 회원 정보상의 연락처는 사전 확인 부탁드립니다. - 행사의 취소와 환불은 예약 사이트의 규정을 준수합니다. ○ 접수시 - 접수장소 : 경복궁 생과방 입구 접수처 - 접수시간 : 행사 시작 10분 전부터 접수 시작 - 예매자 신분증(원본) 및 예매 내역(예매 번호)을 반드시 지참하셔야 합니다. - 증빙 미지참 시 입장 불가하며, 현장에서 차액 지불은 불가능합니다. - 경복궁 입장권은 별도로 구매 후 입장하셔야 합니다. - 각 회차별 행사 시간 10분 전부터 접수 및 입장 가능합니다. - 삼각대 사용 불가, 음식물 반입 금지 ""즐겁고 안전한 생과방 체험을 위해 양해와 협조 부탁드립니다."" <대추인절미병 세트> ○ 대추인절미병, 곶감단지, 참외정과, 쌀엿강정, 매작과, 금귤정과, 호두정과 - 추인절미병引切味餅(대추, 호두, 밤, 땅콩, 참깨) : 『음식디미방』, 『조선무쌍신식요리제법』에 기록되어 있는 음식으로 맛과 영양을 위해 견과류를 넣고, 설탕 대신 대추고를 넣어 고유의 단맛을 더했습니다. - 곶감단지(곶감, 유자청, 호두, 계피가루, 대추) : 곶감단지는 호두강정, 곶감, 잣 등을 다져 유자청으로 반죽하여 속을 채운 병과입니다. 『동의보감』에 따르면 곶감은 '몸의 허함을 보하고 위장을 든든하게 하여 체한것을 없애준다'고 기록되어 있습니다. - 참외 정과(참외, 박고지) : 정과는 '전과(果)라고도 하며 조선시대 장국상, 큰상, 제례음식에 반드시 쓰였습니다. 특유의 향미를 가진 참외를 꿀이나 설탕에 재거나 졸여 만든 전통 과자입니다. - 쌀엿강정(쌀, 유자청, 오미자청, 파래) : 쌀을 쪄서 말린 후 기름에 튀겨 엿으로 버무려 천연 색과 맛을 낸 강정입니다. 1680년경에 쓰여진 조리서 『요록』에 등장하였으며, 남녀노소 모두가 좋아하는 조선 시대 병과입니다. - 매작과(강황, 파래, 백련초, 생강) : 궁중에서 '마치 매화나무에 참새가 앉아 있는 형상을 하고 있는 한과' 라는 의미로 불리었으며 천연 재료를 넣어 그 색과 모양이 다양한 전통 과자입니다. - 금귤정과(금귤, 설탕) : 껍질째 먹는 과일인 금귤을 설탕에 조려 만든 진정과로 특유의 상큼한 향미와 쫀득한 식감을 가진 전통 다과 입니다. - 호두정과(호두, 설탕) : 알이 굵고 단단한 호두를 골라 꿀을 넣어 조린 뒤 노릇하게 튀겨내 고소한 맛이 나는 전통과자입니다. 각종 영양이 가득하여 건강에 좋을 뿐 아니라, 두뇌 건강과 피부에 좋다고 알려져 있습니다. 식감이 바삭하고 달콤해 남녀 모두가 좋아하는 별식입니다. <주악 세트> ○ 주악, 곶감단지, 참외정과, 쌀엿강정, 매작과, 금귤정과, 호두정과 - 주악(찹쌀) : 찹쌀가루로 만들어진 주악은 조선시대 귀한 손님이 왔을 때 올리던 음식입니다. 궁중의 연향인 『진찬의궤(進饌儀軌)』에는 대추주악·감태주악·후추주악·계피주악·치작황 주악 등의 '각색 주악'이 주로올려졌습니다. - 곶감단지(곶감, 유자청, 호두, 계피가루, 대추) : 곶감단지는 호두강정, 곶감, 잣 등을 다져 유자청으로 반죽하여 속을 채운 병과입니다. 『동의보감』에 따르면 곶감은 '몸의 허함을 보하고 위장을 든든하게 하여 체한것을 없애준다'고 기록되어 있습니다. - 참외 정과(참외, 박고지) : 정과는 전과(果)라고도 하며 조선시대 장국상, 큰상, 제례음식에 반드시 쓰였습니다. 특유의 향미를 가진 참외를 꿀이나 설탕에 재거나 졸여 만든 전통 과자입니다. - 쌀엿강정(쌀, 유자청, 오미자청, 파래) : 쌀을 쪄서 말린 후 기름에 튀겨 엿으로 버무려 천연 색과 맛을 낸 엿강정입니다. 1680 년경에 쓰여진 조리서 『요록』에 등장하였으며, 남녀노소 모두가 좋아하는 조선시대 병과입니다. - 매작과(강황, 파래, 백련초, 생강) : 궁중에서 '마치 매화나무에 참새가 앉아 있는 형상을 하고 있는 한과' 라는 의미로 불리었으며 천연 재료를 넣어 그 색과 모양이 다양한 전통 과자입니다. - 금귤정과(금귤, 설탕) : 껍질째 먹는 과일인 금귤을 설탕에 조려 만든 진정과로 특유의 상큼한 향미와 쫀득한 식감을 가진 전통다과 입니다. - 호두정과(호두, 설탕) : 알이 굵고 단단한 호두를 골라 꿀을 넣어 조린 뒤 노릇하게 튀겨내 고소한 맛이 나는 전통 과자입니다. 각종 영양이 가득하여 건강에 좋을 뿐 아니라, 두뇌 건강과 피부에 좋다고 알려져 있습니다. 식감이 바삭하고 달콤해 남녀 모두가 좋아하는 별식입니다. <궁중약차> ○ 사미다음, 감국다, 강계다, 사물다, 오미자다, 제호다 - 사미다음(인삼, 귤피, 생강, 대추) : 몸을 보하는 인삼과 기의 순환을 돕는 귤피, 몸을 따뜻하게 하는 생강을 사용하여 만든 약차입니다. 조선왕조실록에는 한기가 엄습한 추운 겨울, 당시 어의였던 허준이 선조 임금의 몸을 보하기위해 만들어 올린 약차로 기록되어 있습니다. - 감국다(국화, 구기자) : 감국은 황국이라고도 하며, 성미는 달고 쓰고 서늘하며 무독합니다. 『승정원 일기』에 숙종과 영조의 건강관리에 사용된 기록이 있으며, 주로 번뇌가 있거나 화가 날때 마음을 차분히 가라앉히는 목적으로 사용되었습니다. - 강계다(생강,계피, 귤피, 대추) : 조선 왕실에서 평소 건강 관리나 기운을 보충할 목적으로 사용되었으며, 영조 임금이 승하 직전에도 몸의 온기를 되살리기 위해 올렸던 약차입니다. - 사물다(숙지황, 백작약, 천궁, 당귀) : 여성과 아이들의 보혈제로 쓰였던 사물탕의 약재를 차로 마실수 있게 만든 음료로 조선왕조실록을 살펴보면 정조의 원기를 보충하기 위한 약재로 쓰였던 기록 이 있습니다. - 오미자다(오미자) : 다섯 가지 맛(신맛, 쓴맛, 단맛, 아린맛, 짠맛)을 가진 오미자로 만들었으며 중종의 번열과 갈증을 등을 넣은 왕실의 음료로, 정조치료하기 위하여 올렸던 약차입니다. - 제호다(매실) : 제호차는 매실을 익혀 만든 오매(烏梅)와 사인(砂仁), 초과 등을 넣은 왕실 음료로, 정조 임금이 여름철에 신하들을 위해 하사한 기록이 있습니다. 속을 따뜻하게 하는 효과가 있어 겉은 뜨겁고 속은 차가워지기 쉬운 여름철에 더욱 좋은 약차입니다. 4. 오시는 길 ○ 3호선 <안국역> 1번 출구(도보 약 20분) ○ 5호선 <광화문역> 2번 출구(도보 약 20분) ○ 3호선 <경복궁역> 4번 출구(도보 약 16분) ○ 종로 11번 버스 <법련사> 정류장 ○ 주차 : 경복궁 동편 유료주차장(주차비 본인 부담) 이용 가능 5. 공지사항 ○ 100% 사전예약제로 운영되며, 별도의 현장 판매는 진행되지 않습니다. ○ 온라인 할인권 및 전화 예매 티켓은 지인간의 양도가 불가합니다. ○ (현장) 본인 확인을 위한 예매 관련 증빙자료를 필수로 지참하셔야 합니다. - 원본 신분증, 예매내역, 가족관계증명서(필요시) 등 ○ 경복궁 입장권은 별도로 구매 후 입장 하셔야 합니다. ○ 행사의 취소와 환불은 예약 사이트의 규정을 준수합니다. 6. 행사문의 : 궁능활용프로그램 콜센터 1522-2295 | www.chf.or.kr",https://www.kh.or.kr/jnrepo/upload/jnPrgFestivalProgram/202403/7a2a2f611ca243e4939a2bea604e799b_1711682790373.jpg
20,10회,경복궁,446,고궁음악회-100인의 치세지음 治世之音,공연,"일,토 19:30 ~ 20:20",https://www.kh.or.kr/jnrepo/upload/jnPrgFestivalProgram/202403/102eb4669d3c40a485284d98e712b95c_1711525766656.jpg,근정전,https://www.kh.or.kr/program/view/menu/1292?viewType=ach&idx=446&searchRound=20&searchStTime=&searchEnTime=&searchField=homeAll&searchText=,경복궁,고궁음악회-100인의 치세지음 治世之音,공연,종료,공연,사전예약,2024-05-04~2024-05-05,19:30~20:20,경복궁 근정전,1000명,,"2024 봄 궁중문화축전 고궁음악회 기획공연 < 고궁음악회 > 는 궁궐의 전각과 자연을 배경으로 전통예술뿐만 아니라 대중음악과 서양음악 , 현대무용 등 다양한 장르와의 협연을 통해서 전통문화의 외연을 확장하고 대중과의 소통을 강화하는 노력을 지속하고 있습니다 . 2024 년은 경복궁 근정전에서 가야금 , 대금 , 해금 연주자 100 인이 함께하는 ‘100 인의 치세지음 治世之音 ’ 공연을 새롭게 선보입니다 . 조선의 법궁인 경복궁에서 정전의 위엄과 100 인의 연주가 선사하는 웅장한 감동을 통해 문화유산의 가치를 느껴보시기 바랍니다 . 2024 년 4 월 5 일 ( 금 ) 17 시 티켓링크 * 관람권 : ( 선착순 유료 15,000 원 ) / 한 ID 당 최대 4 매 예약가능 공연 안내 - 일자 : 2024. 5. 4.( 토 ) ~ 5. 5.( 일 ) - 시간 : 19 :30 ~ 20:20 (50 분 공연 ) - 장소 : 경복궁 근정전 - 참여인원 : 회당 700 명 ( 사전예약 ) - 공연내용 : 경복궁 근정전에서 선보이는 가야금 , 대금 , 해금 연주자 100 인의 공연 - 관람특전 : 공연 종료 후 경복궁 야간관람 포함 - 접수데스크 : 경복궁 협생문 앞 안내데스크 * 공연일 18:50 부터 접수 시작 [ 예매정보 ] - 예매오픈 : 2024 년 4 월 5 일 ( 금 ) 17 시 ▷▶예매링크◀◁ - 예매매수 : ID 당 최대 4 매 - 예매마감 : 관람일 전일 17 시 - 취소마감 : 관람일 전일 17 시 ( 취소수수료 없음 / 취소마감일 이후 취소 불가 ) [ 안내사항 ] - 본 행사는 비지정석이며 , 당일 입장 순서에 따라 좌석 선택이 가능합니다 . - 할인권 및 전화예매 : 현장에서 신분증 및 증빙서류 확인 후 입장 가능하며 양도불가 ( 예매자 혹은 할인해당자 필수 참석 ) - 사전예약자는 모바일티켓 ( 스마트티켓 ) 확인 후 입장해주시기 바랍니다 . - 공연 후 경복궁 야간관람 (20:30~21:30) 이 포함된 가격이며 관람 구역은 현장 상황에 따라 조정될 수 있습니다 . - 취학 아동 이상 관람 가능합니다 . [ 할인정보 ] - 할인정보 : 장애인 50% 할인 (1~3 급 : 본인 포함 2 인 / 4 급이하 : 본인 한정 ), 국가유공자 본인 한정 50% 할인 - 전화예매 : 만 65 세 이상 , 장애인 , 국가유공자 대상 ( 티켓링크 고객센터 : 1588-7890) * 현장에서 증빙자료를 확인할 예정이오니 신분증 ( 국가유공자증 , 장애인 복지카드 등 ) 을 반드시 지참하여 주시기 바랍니다 . [ 프로그램 소개 ] ‘100 인의 치세지음 治世之音 ’ 세상을 다스리는 음악이라는 뜻으로 , 조선의 궁중음악이 지향한 바가 ‘ 치세지음 ’ 이다 . 음악으로 세상을 화평하게 만들고자 했던 , 조선시대의 ‘ 여민락 ( 임금이 백성과 함께 , 더불어 즐긴다는 뜻 )’ 정신이 담겨 있다 . ‘ 여민락 ’ 은 조선시대를 대표하는 악곡으로 , 이번 “100 인의 치세지음 ” 에서도 ‘ 여민락 ’ 의 일부를 연주한다 . “100 인의 치세지음 ” 은 조선시대의 궁중음악 ‘ 여민락 ’ 을 시작으로 , 한국음악 속의 ‘ 치세지음 ’ 정신을 느낄 수 있는 음악 , 정악 – 산조 – 창작곡을 1 시간으로 새롭게 구성하였다 . [ 출연진 ] 구성 및 예술감독 윤중강 가야금 이지영 ( 서울대학교 음악대학 국악과 교수 ) 대금 김정승 ( 서울대학교 음악대학 국악과 교수 ) 해금 노은아 ( 서울대학교 음악대학 국악과 교수 ) 서울대학교 국악과 재학생 및 졸업생 프로젝트 매니저 박진형 문화재청 궁능유적본부 송인헌 정명환 송진욱 고정주 오택근 김예진 한국문화재재단 궁능사업실 박 준 우 장 보 영 박 기 령 [ 프로그램 ] 여민락: 가야금, 대금, 해금 합주 변조두거: 대금 합주 침향무: 가야금 합주 지영희류 해금산조: 해금 합주 평조회상 ‘ 타령 · 군악 ’: 가야금 , 대금 , 해금 합주 오시는길 서울 종로구 사직로 161 경복궁 근정전 ※ 입 · 퇴장 게이트 및 접수데스크 : 경복궁 협생문 옆 안내데스크 경복궁 주차장을 이용하실 수 있으나 ( 유료 ) 협소하오니 , 대중교통 이용을 권장합니다 . ( 지하철 3 호선 경복궁역 5 번 출구 ) 입장 안내 - 티켓 수령일시 : 18:50~19:15 - 입장장소 : 경복궁 협생문 앞 안내데스크 - 사전예약자는 모바일티켓 ( 스마트티켓 ) 확인 후 입장해주시기 바랍니다 . - 티켓부스 예매자 확인 후 경복궁 흥례문 광장에서 안내요원을 따라 입장이 진행됩니다 . - 모두의 안전을 위해 질서를 준수하여 주시기 바라며 , 질서 유지를 위해 안내요원이 관람을 제지할 수 있습니다 . 사전예매 안내 - 사전예매 : 2024 년 4 월 5 일 ( 금 ) 17 시 - 예매매수 : ID 당 최대 4 매 - 티켓가격 : 15,000 원 유의사항 - 2024 년 고궁음악회 ‘100 인의 치세지음 治世之音 ’ 공연은 비지정좌석제로 운영되며 , 당일 입장 순서에 따라 좌석 선택이 가능합니다 . - 할인권 및 전화예매 : 현장에서 신분증 및 증빙서류 확인 후 입장 가능하며 양도가 불가합니다 .( 예매자 혹은 할인해당자 필수 참석 ) - 사전예약자는 모바일티켓 ( 스마트티켓 ) 확인 후 입장해주시기 바랍니다 . - 취학 아동 이상 관람 가능합니다 . ◎ 전화예매 안내 ( 할인권 ) - 할인권 예매는 전화예매만 가능하며 , 할인권은 양도가 불가능합니다 . ( 예매자 필수 참석 ) - 전화예매 : 만 65 세 이상 , 장애인 , 국가유공자 대상 ( 티켓링크 고객센터 : 1588-7890) - 할인정보 : 장애인 50% 할인 (1~3 급 : 본인 포함 2 인 / 4 급 이하 : 본인 한정 ), 국가유공자 본인 한정 50% 할인 - 현장에서 증빙자료를 확인할 예정이오니 신분증 ( 국가유공자증 , 장애인 복지카드 등 ) 을 반드시 지참하여 주시기 바랍니다 . - 현장에서 증빙서류를 지참하지 않거나 할인기준과 다른 경우 참가가 취소 조치되며 , 별도의 환불이 불가함을 알려드립니다 . ◎ 티켓 수령 및 입장 - 수령일시 : 공연일 당일 18:50~19:15( 예매자 별도 공지 ) - 수령장소 : 경복궁 협생문 앞 안내데스크 - 행사가 진행되는 근정전은 경복궁 안쪽에 자리하고 있어 도보로 수분 이상 소요되므로 이 점 미리 참고하여 되도록 행사 시작 30 분 전에 도착해주시기 바랍니다 . - 경복궁 내 주차 공간이 협소하오니 대중교통 이용을 권고 드립니다 . - 티켓부스 예매자 확인 후 경복궁 흥례문 광장에서 안내요원을 따라 입장이 진행됩니다 . - 모두의 안전을 위해 질서를 준수하여 주시기 바라며 , 질서 유지를 위해 안내요원이 관람을 제지할 수 있습니다 . ◎ 유의사항 - 공식 티켓 판매처인 티켓링크 티켓을 제외한 기타 경로 및 방법을 통한 암표 매매는 위법 행위로 엄격히 금지하고 있습니다 . - 불법 예매 또는 부정 거래로 확인된 회원의 경우 이후 진행되는 행사 예매가 불가하도록 조치할 예정입니다 . - 취소와 환불은 티켓링크의 규정을 준수합니다 .(* 취소 마감시간 : 공연 전일 17 시 ) - 플래시와 삼각대는 사용이 불가합니다 . - 공연 당일 오후 4 시 기상청 기준 5mm 이상 우천 예보 시 공연이 취소될 수 있으며 , 이 경우 예매자에게 개별 안내해드릴 예정입니다 . - 본 공연은 만 7 세 이상 관람가로 미취학 아동의 관람이 제한됩니다 . - 경복궁 내 모든 공간은 금연구역입니다 . - 문화재 보호 구역으로 음식물 , 인화물질 , 놀이기구의 반입이 제한됩니다 . 티켓 및 행사문의 : 한국문화재재단 궁능활용프로그램 콜센터 (1522-2295)",https://www.kh.or.kr/jnrepo/upload/jnPrgFestivalProgram/202403/102eb4669d3c40a485284d98e712b95c_1711525766656.jpg
20,10회,경복궁,445,"고궁뮤지컬-세종, 1446",공연,"일,월,화 19:30 ~ 21:20",https://www.kh.or.kr/jnrepo/upload/jnPrgFestivalProgram/202403/6b772a603ef04865b72646a7a7365c8d_1711524869977.jpg,세종,https://www.kh.or.kr/program/view/menu/1292?viewType=ach&idx=445&searchRound=20&searchStTime=&searchEnTime=&searchField=homeAll&searchText=,경복궁,"고궁뮤지컬-세종, 1446",공연,종료,공연,사전예약,2024-04-28~2024-04-30,19:30~21:20,경복궁 근정전,,한국문화재재단 궁능활용사업 콜센터(1522-2295),"2024 봄 궁중문화축전 고궁뮤지컬 - 세종 , 1446 역사상 가장 위대한 여정 뮤지컬 < 세종 , 1446> 경복궁 근정전 특별공연 2024 년 봄 , 경복궁 근정전에서 펼쳐지는 세종과 백성의 이야기 ! 2017 년 리저널 트라이아웃 공연 2018 년 영국 웨스트엔드 앤드류 로이드 웨버 The Other Place 쇼케이스 2018 년 초연 , 전 회차 전석 기립박수 ! 2019 년 한국뮤지컬어워즈 대상 노미네이트 2023 년 국내 최초 , 경복궁 근정전 고궁뮤지컬 박진감 넘치는 액션 , 강렬한 군무 < 세종 1446> 만의 특별한 넘버 ! 이야기의 백미를 더하는 ‘ 도창 ’ 해설과 오리지널 캐스트 정상윤 , 박유덕 , 남경주 등 80 여명의 출연진이 함께합니다 . 단 3 회 , 잊지 못할 감동의 시간으로 여러분을 초대합니다 . 2024 년 4 월 5 일 ( 금 ) 17 시 티켓링크 * 관람권 : ( 선착순 유료 20,000 원 ) / 한 ID 당 최대 4 매 예약가능 공연 안내 - 일 자 : 2024. 4. 28.( 일 )~4. 30.( 화 ) - 시 간 : 19:30~21:20(110 분 공연 ) - 장 소 : 경복궁 근정전 - 참여인원 : 회당 800 명 ( 사전예약 ) - 공연내용 : 고궁뮤지컬 - 세종 , 1446 - 접수데스크 : 경복궁 협생문 앞 안내데스크 * 공연일 18:40 부터 접수 시작 [ 예매정보 ] - 예매오픈 : 2024 년 4 월 5 일 ( 금 ) 17 시 - 예매매수 : ID 당 최대 4 매 - 예매마감 : 관람일 전일 17 시 - 취소마감 : 관람일 전일 17 시 ( 취소수수료 없음 / 취소마감일 이후 취소 불가 ) [ 안내사항 ] - 전 좌석 동일등급 지정좌석제입니다 . - 할인권 및 전화예매 : 현장에서 신분증 및 증빙서류 확인 후 입장 가능하며 양도불가 ( 예매자 혹은 할인해당자 필수 참석 ) - 사전예약자는 모바일티켓 ( 스마트티켓 ) 확인 후 입장해주시기 바랍니다 . - 취학 아동 이상 관람 가능합니다 . [ 할인정보 ] - 할인정보 : 장애인 50% 할인 (1~3 급 : 본인 포함 2 인 / 4 급이하 : 본인 한정 ), 국가유공자 본인 한정 50% 할인 - 전화예매 : 만 65 세 이상 , 장애인 , 국가유공자 대상 ( 티켓링크 고객센터 : 1588-7890) * 현장에서 증빙자료를 확인할 예정이오니 신분증 ( 국가유공자증 , 장애인 복지카드 등 ) 을 반드시 지참하여 주시기 바랍니다 . [ 프로그램 소개 ] < 고궁뮤지컬 - 세종 , 1446> 경복궁 근정전 특별공연 2024 년 봄 , 경복궁에서 펼쳐지는 세종과 백성들의 이야기 ★★★★★ “ 곱씹을수록 뜻깊은 작품 ” / TV 데일리 “ 애민군주 세종의 인간적 면모 , 한국적인 선율로 풀어낸 노랫말 "" / 한겨레 ” 영화의 한 장면을 연상케 하는 무술연기 , 서정적인 음악 , 화려한 의상은 관객의 눈과 귀를 즐겁게 했다 ” / 한국스포츠경제 “ 한국의 문화를 너무나 아름답게 표현한 뮤지컬 , 지루할 틈 없이 재밌다 ” / 관객리뷰 "" 이게 바로 뮤지컬이구나 "" 할 정도로 좋았다 ! / 콜리엣 샴버그 ( 영국 극작가 ) 태종 18 년 , 세자가 선위를 받고 왕위에 오르다 왕이 될 수 없었던 꼭두각시 왕 , 세종 세종 28 년 , 스물여덟 자에 조선을 바로 세우다 1446 년 세종은 눈을 잃고 백성은 눈을 뜨다 ! [ 줄거리 ] 1418 년 , 태종은 세자 양녕을 폐하고 충녕 ( 세종 ) 을 세자 자리에 올린다 . 태종이 선위를 하면서 어리둥절한 사이에 왕이 된 세종 . 태종은 세종의 뒤에서 대신들을 조정하며 정치의 끈을 놓지 않고 있다 . 평소 외척세력이 커지는 것을 경계했던 태종의 눈에 세종의 장인인 심온을 따르는 무리가 늘어나는 것이 포착되고 , 심온은 조작된 사건에 연루되어 죽임을 당한다 . 게다가 소헌왕후마저 죄인의 딸이라며 내쳐질 위기에 처하자 세종은 자신만의 정치를 하기 위해 아버지에게 맞선다 . 성군이 되고자 하는 세종 앞에는 수많은 걸림돌이 놓여 있는데 … . [ 출연진 ] 일정 세종 태종 소헌 전해운 양녕 / 영실 운검 도창 4. 28. 박유덕 남경주 김지유 이준혁 황민수 이지석 이봉근 4. 29. 정상윤 남경주 박소연 이준혁 김준영 이지석 이봉근 4. 30. 박유덕 김주호 박소연 이준혁 황민수 이지석 이봉근 < 만든이들 > 프로듀서 한승원 김종석 극본 김선미 작곡 / 연출 김은영 작곡 / 음악감독 임세영 안무 채현원 무술 김은정 무대디자인 김대한 소품디자인 김정란 의상디자인 이호준 분장디자인 김숙희 조명디자인 김준범 음향디자인 김주한 무대감독 진정민 제작무대감독 김유신 제작 PD 이범로 커뮤니케이션 이민영 ○ 세종 "" 나는 택하지 않았던 , 그 길 "" - 정상윤 , 박유덕 ○ 태종 "" 군주의 역린을 건드리면 어찌되는지 똑똑히 보아라 "" - 남경주 , 김주호 ○ 소헌왕후 "" 전하의 뜻이 길을 밝힐 것이옵니다 ."" - 박소연 , 김지유 ○ 전해운 "" 차가운 불길이 되어 이제 조선의 모든걸 집어 삼키리라 "" - 이준혁 ○ 양녕 "" 여인과 술이 아니고서는 이 피비린내를 어찌 견디란 말이냐 "" - 김준영 , 황민수 ○ 장영실 "" 천하게 태어나 큰 뜻을 품었으니 이 어찌 아니 기쁠까 "" - 김준영 , 황민수 ○ 운검 “ 조선을 지키는 검 ” - 이지석 ○ 도창 – 이봉근 오시는길 서울 종로구 사직로 161 경복궁 근정전 ※ 입 · 퇴장 게이트 및 접수데스크 : 경복궁 협생문 옆 안내데스크 경복궁 주차장을 이용하실 수 있으나 ( 유료 ) 협소하오니 , 대중교통 이용을 권장합니다 . ( 지하철 3 호선 경복궁역 5 번 출구 ) 입장 안내 - 티켓 수령 시간 : 18:40~19:15 - 입장장소 : 경복궁 협생문 앞 안내데스크 - 사전예약자는 모바일티켓 ( 스마트티켓 ) 확인 후 입장해주시기 바랍니다 . - 티켓부스 예매자 확인 후 경복궁 흥례문 광장에서 안내요원을 따라 입장이 진행됩니다 . - 모두의 안전을 위해 질서를 준수하여 주시기 바라며 , 질서 유지를 위해 안내요원이 관람을 제지할 수 있습니다 . 사전예매 안내 - 사전예매 : 2024 년 4 월 5 일 ( 금 ) 17 시 - 예매매수 : ID 당 최대 4 매 - 티켓가격 : 20,000 원 유의사항 - 전 좌석 동일등급 지정좌석제입니다 . - 할인권 및 전화예매 : 현장에서 신분증 및 증빙서류 확인 후 입장 가능하며 양도가 불가합니다 .( 예매자 혹은 할인해당자 필수 참석 ) - 사전예약자는 모바일티켓 ( 스마트티켓 ) 확인 후 입장해주시기 바랍니다 . - 취학 아동 이상 관람 가능합니다 . ◎ 전화예매 안내 ( 할인권 ) - 할인권 예매는 전화예매만 가능하며 , 할인권은 양도가 불가능합니다 . ( 예매자 필수 참석 ) - 전화예매 : 만 65 세 이상 , 장애인 , 국가유공자 대상 ( 티켓링크 고객센터 : 1588-7890) - 할인정보 : 장애인 50% 할인 (1~3 급 : 본인 포함 2 인 / 4 급 이하 : 본인 한정 ), 국가유공자 본인 한정 50% 할인 - 현장에서 증빙자료를 확인할 예정이오니 신분증 ( 국가유공자증 , 장애인 복지카드 등 ) 을 반드시 지참하여 주시기 바랍니다 . - 현장에서 증빙서류를 지참하지 않거나 할인기준과 다른 경우 참가가 취소 조치되며 , 별도의 환불이 불가함을 알려드립니다 . ◎ 티켓 수령 및 입장 - 수령일시 : 공연일 당일 18:40~19:15( 예매자 별도 공지 ) - 수령장소 : 경복궁 협생문 앞 안내데스크 - 행사가 진행되는 근정전은 경복궁 안쪽에 자리하고 있어 도보로 수분 이상 소요되므로 이 점 미리 참고하여 되도록 행사 시작 30 분 전에 도착해주시기 바랍니다 . - 경복궁 내 주차 공간이 협소하오니 대중교통 이용을 권고 드립니다 . - 티켓부스 예매자 확인 후 경복궁 흥례문 광장에서 안내요원을 따라 입장이 진행됩니다 . - 모두의 안전을 위해 질서를 준수하여 주시기 바라며 , 질서 유지를 위해 안내요원이 관람을 제지할 수 있습니다 . ◎ 유의사항 - 공식 티켓 판매처인 티켓링크 티켓을 제외한 기타 경로 및 방법을 통한 암표 매매는 위법 행위로 엄격히 금지하고 있습니다 . - 불법 예매 또는 부정 거래로 확인된 회원의 경우 이후 진행되는 행사 예매가 불가하도록 조치할 예정입니다 . - 취소와 환불은 티켓링크의 규정을 준수합니다 .(* 취소 마감시간 : 공연 전일 17 시 ) - 공연 중 영상을 포함한 모든 사진 촬영과 음성 녹음은 금지되어 있습니다 . - 공연 당일 오후 4 시 기상청 기준 5mm 이상 우천 예보 시 공연이 취소될 수 있으며 , 이 경우 예매자에게 개별 안내해드릴 예정입니다 . - 본 공연은 만 7 세 이상 관람가로 미취학 아동의 관람이 제한됩니다 . - 경복궁 내 모든 공간은 금연구역입니다 . - 문화재 보호 구역으로 음식물 , 인화물질 , 놀이기구의 반입이 제한됩니다 . 티켓 및 행사문의 : 한국문화재재단 궁능활용프로그램 콜센터 (1522-2295)",https://www.kh.or.kr/jnrepo/upload/jnPrgFestivalProgram/202403/6b772a603ef04865b72646a7a7365c8d_1711524869977.jpg
20,10회,경복궁,435,궁중문화축전 스탬프 투어,체험,"일,월,화,수,목,금,토 09:00 ~ 18:00",https://www.kh.or.kr/jnrepo/upload/jnPrgFestivalProgram/202403/688a1474c59747f2978f1f634085a28a_1711161606712.jpg,향원지,https://www.kh.or.kr/program/view/menu/1292?viewType=ach&idx=435&searchRound=20&searchStTime=&searchEnTime=&searchField=homeAll&searchText=,경복궁,궁중문화축전 스탬프 투어,체험,종료,체험,현장참여,2024-04-27~2024-05-05,09:00~18:00,"경복궁, 창덕궁, 덕수궁, 창경궁, 경희궁, 종묘",,,"2024 년 봄 궁중문화축전 스탬프 투어 5 대 궁과 종묘를 잇는 궁중문화축전 전용 스탬프 투어 프로그램 ○ 참여기간 : 2024. 4. 27. ~ 5. 5. ○ 참여방법 ① 앱 설치 및 로그인 - 구글 스토어 또는 앱스토어에서 ‘ 스탬프투어 ’ 를 검색하여 설치하고 , 회원가입 및 로그인 하기 (안드로이드 전용) 구글 플레이 스토어 다운로드 (아이폰 전용) 앱스토어 다운로드 ② ‘ 궁중문화축전 ’ 검색 - ‘ 궁중문화축전 스탬프 투어 ’ 검색하기 ③ 궁중문화축전 주요 스팟 20 곳 방문 후 스탬프 획득 ④ 완주 후 선물 신청 버튼을 누르고 개인 정보 입력 & 앱 내 후기 작성 - 선물 신청 시 완주자 대상 특별 이벤트 응모권 획득 ! ⑤ 궁중문화축전 종합안내부스에서 완주 기념품 현장 수령 ♥ 완주 기념품 안내 ♥ 궁중문화축전 모두의 풍속도 스티커 SET(3,000 원 상당 ) ♥ 완주 기념품 수령처 ♥ 1) 경복궁 흥례문 광장 내 종합안내부스 2) 창덕궁 돈화문 앞 종합안내부스 3) 덕수궁 광명문 앞 종합안내부스 4) 창경궁 홍화문 앞 종합안내부스 5) 북촌 코너갤러리 ♣ 완주자 대상 특별 이벤트 ♣ 행사 종료 후 스탬프투어를 완주해 주신 모든 분들 중 추첨을 통해 5 만원 상당의 모바일 상품권을 선물로 드립니다 ! ( 추첨 20 명 / 모바일 발송 ) * 당첨자 발표일 : 2024. 5. 10.( 금 ) * 궁중문화축전 인스타그램 당첨자 공지 및 개별 연락 예정입니다 . ○ 주의사항 - 궁별 입장료는 별도입니다 . - ‘ 스탬프 투어 ’ 앱 내에서 선물 신청 버튼을 눌러야 완주가 인정됩니다 . - 완주 기념품은 축전 기간 내 지정된 수령처에서만 지급 가능합니다 . - 기념품 중복 수령은 불가하며 1 인 1 회 참여만 가능합니다 . - 4 월 27 일 이후에 획득한 스탬프만 인정되며 , 이전에 획득한 스탬프는 인정되지 않습니다 . - 준비된 기념품 수량 소진 시 조기 마감될 수 있습니다 . - 완주자 대상 특별 이벤트 선물은 당첨자 발표 후 7 일 이내에 발송될 예정입니다 . - 부정 사용 시스템 적발 시 기념품 지급이 제외됩니다 . ☎ 행사문의 : 한국문화재재단 궁능활용사업 콜센터 1522-2295",https://www.kh.or.kr/jnrepo/upload/jnPrgFestivalProgram/202403/688a1474c59747f2978f1f634085a28a_1711161606712.jpg
20,10회,창덕궁,451,창덕궁 달빛기행,체험,"목,금,토 19:20 / 20:00",https://www.kh.or.kr/jnrepo/upload/jnPrgFestivalProgram/202403/6691e28a4f974eb6877b1c87539a26c2_1711684247437.jpg,달빛,https://www.kh.or.kr/program/view/menu/1292?viewType=ach&idx=451&searchRound=20&searchStTime=&searchEnTime=&searchField=homeAll&searchText=,창덕궁,창덕궁 달빛기행,체험,종료,체험,사전예약,2024-04-11~2024-06-02,"목,금,토 19:20 / 20:00",창덕궁 일원,,,"올해 15년째를 맞는 ｢창덕궁 달빛기행｣은 유네스코 세계문화유산 창덕궁에서 펼쳐지는 대표적인 고품격 문화행사입니다. 은은한 달빛 아래 청사초롱으로 길을 밝히며 창덕궁 곳곳의 숨은 옛이야기를 들을 수 있고, 후원을 거닐며 밤이 주는 고궁의 운치를 마음껏 만끽할 수 있습니다. 창덕궁 정문인 돈화문에서 출발해 진선문 · 인정전 · 희정당 · 낙선재 · 상량정 · 부용지 · 불로문 · 애련정 · 연경당 · 후원 숲길을 이동하며 창덕궁 달빛기행에서만 경험할 수 있는 특별한 감동을 선사할 것입니다.",https://www.kh.or.kr/jnrepo/upload/jnPrgFestivalProgram/202403/6691e28a4f974eb6877b1c87539a26c2_1711684247437.jpg
20,10회,창덕궁,448,고궁음악회-풍류에 정재를 더하다,공연,"일,월,화,수,목,금,토 14:00 / 16:00",https://www.kh.or.kr/jnrepo/upload/jnPrgFestivalProgram/202403/9e2ae51717bb4102a95e2400c8ec207b_1711682313280.jpg,박접무,https://www.kh.or.kr/program/view/menu/1292?viewType=ach&idx=448&searchRound=20&searchStTime=&searchEnTime=&searchField=homeAll&searchText=,창덕궁,고궁음악회-풍류에 정재를 더하다,공연,종료,공연,현장참여,2024-04-27~2024-05-05,"일,월,화,수,목,금,토 14:00 / 16:00",창덕궁 선정전 뒤뜰,,,"2024 년에도 아름다운 궁궐을 국악의 멋과 흥으로 채울 궁궐 특화 공연 , 고궁음악회의 상반기 일정을 공개합니다 . <풍류에 정재를 더하다> 1. 일정 : 4. 27.( 토 ) ~ 5. 5.( 일 ) / 14:00, 16:00(50 분 , 1 일 2 회 ) 2. 장소 : 창덕궁 선정전 뒤뜰 3. 프로그램 소개 < 고궁음악회 > 는 궁궐 특화 공연으로 궁궐의 장소성 및 권역별 특색을 활용하여 고품격 공연 관람 콘텐츠를 제공하고자 합니다 . 2024 년 상반기에는 상설공연 "" 풍류에 정재를 더하다 "" 를 통해 품격있는 궁중 악 · 가 · 무 공연을 선보입니다 . ○ 출연 : 한국문화재재단 예술단(예술감독 송미숙, 훈련장 양서윤) ○ 프로그램 □ 박접무 조선 순조 대 효명세자(추존 문조)가 창제한 춤으로 ‘호랑나비가 쌍쌍이 날아와 봄날의 정경을 노래한다’는 뜻의 창사를 부르는 궁중춤이다. 호랑나비를 군데군데 수놓은 화려한 의상을 입고 손에는 오색한삼을 끼고 나비가 날개짓 하듯 한삼을 뿌리는 것이 특징이다. □ 처용무 처용무는 나쁜 기운을 쫓고 왕실의 평안을 기원하는 춤이다. 동·서·남·북·중앙의 다섯 방향을 상징하는 색깔의 옷을 입으며, 긴 소매를 너울거리는 큰 팔 동작이 특징이다. □ 궁중검무 검무는 신라의 황창랑이라는 설화에 기인한 1인 가면무로, 삼국시대를 거쳐 고려와 조선, 현재에 이르기까지 그 맥을 이어오고 있는 춤이다. 조선시대 숙종 이후에는 가면을 벗고 여기(女技)가 추는 검무의 형태가 나타났다. 이후 정조 대 궁중정재로 정착되면서 궁중연향의 성격에 맞도록 연행 규모가 커지고 의상도 화려해지면서 공연형식도 더욱 예술적으로 발전하여 오늘에 이르고 있다. □ 춘앵전 1828년(순조 28) 6월 진작(進爵, 진연 때 술잔을 올리는 일)에서 효명세자(추존 문조)가 어머니 순원황후의 나이 40세를 경축하기 위하여 직접 지은 시를 부르며 추는 춤으로 궁중무의 대표로 꼽고 있다. 춘앵전은 봄날 버드나무 가지에서 노래한 꾀꼬리를 무용화한 것으로, 화문석(花紋席) 위에서 추어지는 시적(詩的)이고 유장(悠長, 침착하고 느릿함)한 춤사위에서 은은한 정취를 느낄 수 있는 작품이다. □ 가곡 조선 후기 양반, 사대부 등 지식인 계층의 사람들은 풍류방에서 시와 그림을 논하며 풍류를 즐겼는데 이때 함께 즐겼던 노래가 가곡이라고 한다. 가곡은 관현반주에 맞추어 시조시(時調詩)를 노래하는 우리 고유의 전통 성악곡이며, 남자가 부르는 남창가곡 26곡과 여자가 부르는 여창가곡 15곡이 한바탕을 이루는 큰 규모의 모음곡이다. □ 무고 무고는 고려시대부터 전하는 정재로, 『악학궤범』과 『고려사』에 의하면 고려 충렬왕 대 이혼(李混)이 바다에 떠있는 뗏목으로 큰 북을 만들고 춤을 췄다는 것에서 유래되었다. 무고(舞鼓: 큰북)를 중앙에 두고 청·홍·흑·백의 사방색 옷을 입은 4명의 무원이 북 주변을 돌거나, 북을 어르는 춤사위가 특징이다. 이러한 다양한 춤사위는 마치 두 마리의 용이 여의주를 갖고 다투는 것 같고, 또 한 쌍의 나비가 꽃을 어르는 것과 같은 양강(陽强)과 음유(陰柔)의 미를 보여주는 춤으로 손꼽히고 있다. 4. 행사문의 ○ 궁능활용프로그램 콜센터 1522-2295 ○ 한국문화재재단 고궁음악회 담당 02-3210-0799 5. 우천 시 취소 안내 ○ 행사 당일 오전 11 시 기준 5mm 이상 예보될 경우 ( 기상청 예보 기준 ) 행사가 취소되며 , 한국문화재재단 SNS 채널을 통해 공지됩니다 .",https://www.kh.or.kr/jnrepo/upload/jnPrgFestivalProgram/202403/9e2ae51717bb4102a95e2400c8ec207b_1711682313280.jpg
20,10회,창덕궁,442,아침 궁을 깨우다,체험,"월,화,수,목,금 08:00 ~ 10:00",https://www.kh.or.kr/jnrepo/upload/jnPrgFestivalProgram/202403/c5586e45d15d433c8617aecebb6aefe6_1711163411090.jpg,창덕궁,https://www.kh.or.kr/program/view/menu/1292?viewType=ach&idx=442&searchRound=20&searchStTime=&searchEnTime=&searchField=homeAll&searchText=,창덕궁,아침 궁을 깨우다,체험,종료,체험,사전예약,2024-04-29~2024-05-03,08:00~10:00,창덕궁 일원,1회차 당 50명(총 250명),1522-2295,"‘ 아침 궁을 깨우다 ’ 는 따스한 봄날 , 산책 가이드와 창덕궁 숲길을 천천히 걸어보며 아침 풍경을 감상해 보는 산책 투어 프로그램입니다 . 왕과 왕비의 봄날 산책길을 따라 창덕궁에 담긴 이야기를 나누며 평소 걸어보지 못했던 특별한 코스로 여러분을 안내합니다 . 일러스트 작가 moonysunny 의 감성을 담은 산책 가이드북을 통해 창덕궁의 아침을 온전히 즐기는 시간이 되기를 바랍니다 . 회화나무 , 살구와 매화꽃이 물든 창덕궁에서 만나 뵙기를 기대하겠습니다 . < 아침 궁을 깨우다 프롤로그 > 창덕궁의 아침이 밝았다 . 오늘은 왕과 왕비가 창덕궁의 봄날 풍경을 함께 즐기기 위해 아침 산책에 나서기로 한 날 . 이른 시간부터 둘은 봄 산책을 준비한다 . 왕과 왕비가 우선 향하는 곳은 창덕궁에서도 봄 풍경이 아름답기로 유명한 성정각과 낙선재 화계이다 . 다음으로는 왕의 정원인 후원으로 들어간다 . 봄 햇살 받아 반짝이는 연못의 윤슬과 하루가 다르게 색이 짙어지는 연둣빛 이파리가 왕과 왕비를 반긴다 . ‘2024 년 궁중문화축전 ’ 을 맞이해 왕과 왕비의 봄날 산책길을 따라가 본다 . < 산책 코스 > 왕과 왕비의 봄날 아침 산책 금호문-금천교-인정전-선정전-희정당-성정각-낙선재-부용지 영역-애련지 영역-관람지 영역-연경당-후원 숲길-향나무-금호문 < 산책 가이드 및 일러스트 작가 > 산책 가이드 : 이시우 작가 < 궁궐 걷는 법 > 저자 , 문화유산교육 전문가 . 서울의 다섯 궁궐을 매달 다른 주제로 산책하는 프로그램 ‘ 궁궐을 걷는 시간 ’ 을 진행하고 있다 . 왕과 왕비가 함께 보았을 조선의 봄날을 상상하며 창덕궁의 봄 풍경 속으로 여러분을 안내한다 . 일러스트 작가 : Moonysunny 서유선 작가 봄날의 감성을 담아낸 색감과 자연을 사랑하는 마음이 고스란히 담긴 작업으로 세상과 마주하는 일러스트 작가 . 이번 작업으로 자칫 지나칠 수 있는 창덕궁의 순간들이 사람들에게 닿을 수 있기를 바란다 . * 특별선물 궁중문화축전 ‘ 아침 궁을 깨우다 ’ 사전 예매자에게는 k-Heritage 마켓과 연계한 우리 고유의 맛과 기품이 살아있는 ‘ 좋은날 한과세트 ’ 를 선물로 드립니다 . (1 인 1 개 한정 ) < 오시는 길 > 서울 종로구 율곡로 99 창덕궁 대중교통을 이용하시면 창덕궁까지 더 편리하게 오실 수 있습니다 . * 버스 : 서울돈화문국악당 하차 간선 109, 151, 162, 171, 172, 272, 710 지선 7025 * 지하철 : 안국역 3 번 출구 ( 도보 약 5 분 ), 종로 3 가역 7 번 출구 ( 도보 약 10 분 ) * 주차시설이 없으니 대중교통을 이용하시기 바랍니다 . <입장 안내> - 입장 시간: 07:45~08:00 (운영요원 안내에 따라 입장) * 08:15 이내 도착한 사전예약자에 한하여 산책 합류가 가능합니다. (★15분 이후 도착 시 합류 및 티켓 환불 불가) - 입장 장소: 창덕궁 돈화문 앞 종합안내소(총 1곳) - 티켓확인방법: 티켓링크 모바일 티켓 확인 - 사전예약자 확인을 위하여 예매자 본인의 신분증을 반드시 지참해주시기 바랍니다. (주민등록증, 운전면허증, 여권, 신분증 재발급 신청서, 외국인등록증) * 가족관계에 한하여 증빙(등본, 가족관계증명서) 지참 시 양도할 수 있습니다. <사전예매 안내> - 사전예매: 온라인(티켓링크) / 2024. 4. 5.(금) 16:00 *예매하기 - 예매매수: 1인 최대 2매 - 티켓가격: 10,000원 <유의사항> - 본 프로그램의 티켓에 창덕궁 입장권은 포함되어 있지 않습니다.(돈화문으로 재입장 불가) - 야외 프로그램의 특성상 행사 당일 기상청 일기예보 기준 5mm 이상 우천 예보 시 행사가 취소될 수 있습니다. (홈페이지 수시 공지 및 사전 예매자 개별 안내) - 창덕궁 후원은 비포장길이므로 안전 상의 문제로 휠체어 이용 장애인은 참여가 어렵습니다. - 미취학 및 취학 아동의 경우 반드시 보호자 1인의 동행 시 참여가 가능합니다. - 궁궐 내 모든 공간은 금연 구역입니다. - 문화재 보호구역으로 음식물, 인화물질, 놀이 기구의 반입이 제한됩니다. 문의: 한국문화재재단 궁능활용사업 콜센터(1522-2295)",https://www.kh.or.kr/jnrepo/upload/jnPrgFestivalProgram/202403/c5586e45d15d433c8617aecebb6aefe6_1711163411090.jpg
20,10회,창덕궁,441,공생: 시공간의 중첩,전시,"일,월,화,수,목,금,토 09:00 ~ 18:00",https://www.kh.or.kr/jnrepo/upload/jnPrgFestivalProgram/202404/c0231485db024d9e84a5f9f0cfbffb2e_1713164656711.jpg,창덕궁,https://www.kh.or.kr/program/view/menu/1292?viewType=ach&idx=441&searchRound=20&searchStTime=&searchEnTime=&searchField=homeAll&searchText=,창덕궁,공생: 시공간의 중첩,전시,종료,전시,현장참여,2024-04-27~2024-05-05,09:00~18:00,"창덕궁 인정전, 선정전, 성정각, 희정당",,,"공생 : 시공간의 중첩 ’ 은 궁중문화축전에서 최초로 선보이는 전통 공예 전시입니다 . 이번 특별전은 과거와 현재 , 미래가 함께 숨 쉬는 공생의 장면을 담고 있습니다 . 빛의 향연과 색의 선율 그리고 먹의 기운을 키워드로 구성된 이번 전시는 한지장 , 단청장 , 소목장 등 국가무형문화재 전승자와 공예작가의 신작을 통해 한국의 미감을 담아내는 작품군을 선보이며 창덕궁의 아름다움을 보여줄 예정입니다 . ‘ 공생 : 시공간의 중첩 ’ 을 통해 창덕궁와 어우러진 전통 공예의 아름다움을 느껴보시기를 바랍니다 . 올해로 10 주년을 맞는 2024 년 궁중문화축전 창덕궁 특별전은 < 공생 : 시공간의 중첩 > 을 주제로 600 여 년의 세월이 머금은 것들을 이야기합니다 . 서울의 1405 년부터 2024 년까지 , 세어서 619 년 사이의 풍상은 무엇이었을까요 ? 반복되거나 잊히거나 튕겨져 나온 한국의 아름다움 , 그 친밀한 듯 난해한 주제는 어떻게 표현되어야 마땅할까요 ? 서울이 겪은 모든 시간성은 페스트리처럼 중첩되어 있습니다 . 무경계로 둘러싸인 시간과 공간의 중첩 , 나뭇가지가 부딪치는 소리와 꽃잎이 떨어지는 소리의 중첩 , 서로의 삶과 죽음을 파고드는 미묘한 형상들의 중첩 . 내력으로 가득한 담론의 풀밭을 걷다 보면 우리는 시간대에 따라 다르게 울려 퍼지는 이야기를 듣게 됩니다 . 이 전시를 구석구석 살펴보는 것은 이렇게 역사적인 도시에서 삶을 보낸다는 것이 어떤 의미인지를 돌아보는 일과 같습니다 . 우리의 드높은 정신성으로 가는 길에 새로 발견한 가치 , 말하자면 21 세기를 장식하는 일종의 탐지기이자 또 하나의 기록인 것입니다 . <전시 및 참여 작가> - 빛의 향연 I 인정전 국가무형문화재 한지장 보유자 안치용 국가무형문화재 소목장 이수자 김동규 국가유산수리기능자 배첩 장인 차병갑 한지공예 작가 권중모 - 색의 선율 I 선정전 국가무형문화재 단청장 전승교육사 최문정 국가무형문화재 소목장 이수자 김동규 국가유산수리기능자 배첩 장인 차병갑 금속공예 작가 고보형 (안성유기 협업) - 먹의 기운 I 성정각·희정당 국가무형문화재 염색장 이수자 윤영숙 전북무형문화재 선자장 보유자 방화선 금속공예 작가 김동해 < 전시 연계 상품 > 궁중문화축전 ‘ 공생 : 시공간의 중첩 ’ 을 관람하신 후 구매하실 수 있는 전시 굿즈가 마련되어 있습니다 . - 상품 구성 : 먹향 룸스프레이와 청보리새싹차 패키지 구매처 : 한국문화재재단 KHmall < 오시는 길 > 서울 종로구 율곡로 99 창덕궁 대중교통을 이용하시면 창덕궁까지 더 편리하게 오실 수 있습니다 . * 버스 : 서울돈화문국악당 하차 간선 109, 151, 162, 171, 172, 272, 710 지선 7025 * 지하철 : 안국역 3 번 출구 ( 도보 약 5 분 ), 종로 3 가역 7 번 출구 ( 도보 약 10 분 ) * 주차시설이 없으니 대중교통을 이용하시기 바랍니다 . < 유의사항 > - 본 프로그램은 궁패스 또는 창덕궁 입장권을 구매하셔야 관람하실 수 있습니다 . - 궁궐 내 모든 공간은 금연 구역입니다 . - 문화재 보호구역으로 음식물 , 인화물질 , 놀이 기구의 반입이 제한됩니다 . 문의 : 한국문화재재단 궁능활용사업 콜센터 (1522-2295)",https://www.kh.or.kr/jnrepo/upload/jnPrgFestivalProgram/202404/c0231485db024d9e84a5f9f0cfbffb2e_1713164656711.jpg
20,10회,창덕궁,436,궁중문화축전 스탬프 투어,체험,"일,월,화,수,목,금,토 09:00 ~ 18:00",https://www.kh.or.kr/jnrepo/upload/jnPrgFestivalProgram/202403/79267a910ae147d7b28677401f644322_1711163064826.jpg,향원지,https://www.kh.or.kr/program/view/menu/1292?viewType=ach&idx=436&searchRound=20&searchStTime=&searchEnTime=&searchField=homeAll&searchText=,창덕궁,궁중문화축전 스탬프 투어,체험,종료,체험,현장참여,2024-04-27~2024-05-05,09:00~18:00,"경복궁, 창덕궁, 덕수궁, 창경궁, 경희궁, 종묘",,,"2024 년 봄 궁중문화축전 스탬프 투어 5 대 궁과 종묘를 잇는 궁중문화축전 전용 스탬프 투어 프로그램 ○ 참여기간 : 2024. 4. 27. ~ 5. 5. ○ 참여방법 ① 앱 설치 및 로그인 - 구글 스토어 또는 앱스토어에서 ‘ 스탬프투어 ’ 를 검색하여 설치하고 , 회원가입 및 로그인 하기 (안드로이드 전용) 구글 플레이 스토어 다운로드 (아이폰 전용) 앱스토어 다운로드 ② ‘ 궁중문화축전 ’ 검색 - ‘ 궁중문화축전 스탬프 투어 ’ 검색하기 ③ 궁중문화축전 주요 스팟 20 곳 방문 후 스탬프 획득 ④ 완주 후 선물 신청 버튼을 누르고 개인 정보 입력 & 앱 내 후기 작성 - 선물 신청 시 완주자 대상 특별 이벤트 응모권 획득 ! ⑤ 궁중문화축전 종합안내부스에서 완주 기념품 현장 수령 ♥ 완주 기념품 안내 ♥ 궁중문화축전 모두의 풍속도 스티커 SET(3,000 원 상당 ) ♥ 완주 기념품 수령처 ♥ 1) 경복궁 흥례문 광장 내 종합안내부스 2) 창덕궁 돈화문 앞 종합안내부스 3) 덕수궁 광명문 앞 종합안내부스 4) 창경궁 홍화문 앞 종합안내부스 5) 북촌 코너갤러리 ♣ 완주자 대상 특별 이벤트 ♣ 행사 종료 후 스탬프투어를 완주해 주신 모든 분들 중 추첨을 통해 5 만원 상당의 모바일 상품권을 선물로 드립니다 ! ( 추첨 20 명 / 모바일 발송 ) * 당첨자 발표일 : 2024. 5. 10.( 금 ) * 궁중문화축전 인스타그램 당첨자 공지 및 개별 연락 예정입니다 . ○ 주의사항 - 궁별 입장료는 별도입니다 . - ‘ 스탬프 투어 ’ 앱 내에서 선물 신청 버튼을 눌러야 완주가 인정됩니다 . - 완주 기념품은 축전 기간 내 지정된 수령처에서만 지급 가능합니다 . - 기념품 중복 수령은 불가하며 1 인 1 회 참여만 가능합니다 . - 4 월 27 일 이후에 획득한 스탬프만 인정되며 , 이전에 획득한 스탬프는 인정되지 않습니다 . - 준비된 기념품 수량 소진 시 조기 마감될 수 있습니다 . - 완주자 대상 특별 이벤트 선물은 당첨자 발표 후 7 일 이내에 발송될 예정입니다 . - 부정 사용 시스템 적발 시 기념품 지급이 제외됩니다 . ☎ 행사문의 : 한국문화재재단 궁능활용사업 콜센터 1522-2295",https://www.kh.or.kr/jnrepo/upload/jnPrgFestivalProgram/202403/79267a910ae147d7b28677401f644322_1711163064826.jpg
20,10회,덕수궁,487,궁중문화축전 길놀이(덕수궁),공연,"일,월,화,수,목,금,토 14:00 / 16:00",https://www.kh.or.kr/jnrepo/upload/jnPrgFestivalProgram/202404/46d32e5629c0470ab770e5c74df6e766_1712824885523.jpg,길놀이,https://www.kh.or.kr/program/view/menu/1292?viewType=ach&idx=487&searchRound=20&searchStTime=&searchEnTime=&searchField=homeAll&searchText=,덕수궁,궁중문화축전 길놀이(덕수궁),공연,종료,공연,현장참여,2024-04-27~2024-04-27,"일,월,화,수,목,금,토 14:00 / 16:00",덕수궁 일원,,,"사자춤 , 소고춤 , 사물놀이 등 2024 년 궁중문화축전의 흥을 더할 전통 길놀이를 궁궐 곳곳에서 만나보세요 ! 궁중문화축전 길놀이(덕수궁) - 일정 : 4. 27.( 토 ) 14:00, 16:00 - 동선: 돈덕전~중화문~석조전 돈덕전 출발 → 중화문 → 광명문앞 (공연)→ 중화전 → 중화전 사잇길→석조전 ( 합동공연) - 합동 공연 / 10분 ( 기접놀이 , 무용단(장구 및 소고춤 ), 사물 개인놀이) 날짜 궁 연계 행사 4. 27.( 토 ) 덕수궁 궁중놀이방 5. 1.( 수 ) 경희궁 경희궁을 만나다 5. 4.( 토 ) 경복궁 서울페스타 5. 5.( 일 ) 창경궁 어린이 궁중문화축전 - 행사문의 ○ 궁능활용프로그램 콜센터 1522-2295 - 우천 시 취소 안내 ○ 행사 당일 오전 11 시 기준 5mm 이상 예보될 경우 ( 기상청 예보 기준 ) 행사가 취소되며 , 한국문화재재단 SNS 채널을 통해 공지됩니다 .",https://www.kh.or.kr/jnrepo/upload/jnPrgFestivalProgram/202404/46d32e5629c0470ab770e5c74df6e766_1712824885523.jpg
20,10회,덕수궁,480,'우리의 빛나는 청춘' - 한국전통문화대학교의 초대 -,전시,"일,월,화,수,목,금,토 09:00 ~ 17:30",https://www.kh.or.kr/jnrepo/upload/jnPrgFestivalProgram/202404/1d47854595bc4573b076541a714b9d39_1713769267176.png,전통,https://www.kh.or.kr/program/view/menu/1292?viewType=ach&idx=480&searchRound=20&searchStTime=&searchEnTime=&searchField=homeAll&searchText=,덕수궁,'우리의 빛나는 청춘' - 한국전통문화대학교의 초대 -,전시,종료,전시,사전예약,2024-04-27~2024-05-05,09:00~17:30,덕수궁 돈덕전,,010-9327-7224(10:00~17:00),"체험 · 공연 프로그램 사전예매는 아래 링크를 클릭하여 주시기 바랍니다 . ㅇ [ 체험 ] 전통화장품 ( 립밤 ) 만들기 체험 예매하러 가기 (2024. 4. 23. 14시 오픈) ㅇ [ 공연 ] 흑요석 작가와 함께하는 토크콘서트 예매하러 가기 (2024. 4. 24. 14시 오픈) < 우리의 빛나는 청춘 , 한국전통문화대학교의 초대 > 한국전통문화대학교가 덕수궁 돈덕전에서 ‘ 우리의 빛나는 청춘 ’ 을 주제로 전시 , 체험 , 공연을 준비하였습니다 . 봄꽃이 완연한 따뜻한 봄날 , 한국전통문화대학교가 마련한 행사에서 아름다운 추억을 만들어 보시기 바랍니다 . ‘ 美 , 전하다 ’ ▸ 전통문화 미래인재 양성을 위한 특수목적 국립대학인 한국전통문화대학교의 전통미술공예학과 학생 작품 전시회 ‘ 美 , 피어나다 ’ ▸ 화협옹주 묘에서 출토된 유물을 현대적으로 재해석한 전통화장품과 흑요석 작가의 신작 ‘ 화협옹주의 단장 ’ 을 선보이는 전시 ‘ 美 , 나누다 ’ ▸ 조선 왕실의 화장법에 대해 알아보고 , 천연색소를 활용한 립밤 만들기를 체험하는 프로그램 - ( 일정 ) 1 일차 : 4. 27.( 토 ) / 2 일차 : 5. 3.( 금 ) / 3 일차 : 5. 4.( 토 ) * 1 회 : 13:30~14:20, 2 회 : 15:30~16:20 ▸ ' 한국의 美 ' 를 그리는 흑요석 작가와 함께하는 토크콘서트 - ( 일정 ) 4. 30.( 화 ), 14:00 ~ 15:30 (90 분 ) 모든 프로그램은 무료로 운영됩니다 .",https://www.kh.or.kr/jnrepo/upload/jnPrgFestivalProgram/202404/1d47854595bc4573b076541a714b9d39_1713769267176.png
20,10회,덕수궁,452,덕수궁 밤의 석조전,체험,"일,화,수,목,금,토 18:15/18:50 / 19:25",https://www.kh.or.kr/jnrepo/upload/jnPrgFestivalProgram/202403/3c00033c9d16495cb510394e345af985_1711685000554.jpg,석조전,https://www.kh.or.kr/program/view/menu/1292?viewType=ach&idx=452&searchRound=20&searchStTime=&searchEnTime=&searchField=homeAll&searchText=,덕수궁,덕수궁 밤의 석조전,체험,종료,체험,사전예약,2024-04-16~2024-05-25,"일,화,수,목,금,토 18:15/18:50 / 19:25",덕수궁 석조전,,,"오얏꽃 흩날리는 봄밤, 석조전의 문이 열립니다. 해설사와 석조전에 담긴 황실의 역사를 만나고 석조전 테라스 카페에 준비된 가배(커피)와 서양 디저트를 맛보며, 귀빈을 맞이하던 접견실에서의 뮤지컬 공연 관람까지 궁궐의 낭만과 감동이 있는 덕수궁 석조전의 작은 연회에 여러분을 초대합니다. 1. 행사 개요 ○ 행사명 : 2024년 밤의 석조전(상반기) ○ 행사일자 : 4. 16.(화) ~ 5. 25(토) - 덕수궁 휴궁일[매주 월요일, 5월 7일(화)] 행사 미운영 - 5월 6일(월) 대체휴일 행사 정상운영 ○ 행사시간 : (1회차) 18:15 / (2부) 18:50 / (3부) 19:25 - 회당 90분 내외 소요 - 행사시간 20분 전부터 접수 시작(최소 10분전 도착 요망) ○ 행사장소 : 덕수궁 석조전 ○ 참여인원 : 회차당 18명 / 1일 54명 2. 예매 안내 ○ 예매방법 : 선착순 예매 / 1인 2매까지 가능(1매당 1인 입장) ○ 예매일시 : 2024. 4. 5.(금) 오후 2시부터 3. 온라인 예매 ○ 예매대상 : 일반 국민(내국인) ○ 예매처 : 티켓링크 ( https://www.ticketlink.co.kr/product/49408 ) ○ 전화 예매 - 예매 대상 : 만 65세 이상, 국가유공자, 장애인 * 현장에서 증빙자료를 확인할 예정이오니 신분증(국가유공자증, 장애인 복지카드 등)을 반드시 지참해주시기 바랍니다. - 예 매 처 : 티켓링크 고객센터(☎1588-7890) - 평일 오전 10시 ~ 오후 7시 운영 - 토요일, 일요일, 공휴일 휴무 ○ 외국인 예매 - 예매대상 : 외국인 - 예매처 : Creatrip (creatrip.com) 4. 예매시 유의사항 ○ 100% 사전예약제로 운영되며, 별도의 현장판매는 진행되지 않습니다. ○ ID당 최대 2매까지만 예매가 가능합니다, ○ 예매하신 본인 입장이 원칙이며, 타인 양도가 불가합니다. *가족관계일 경우 증빙자료(등본, 가족관계증명서 등) 지참시에만 예외적으로 양도가 가능합니다. ○ 예매사이트 내 회원정보(성명, 연락처)는 사전에 확인 부탁드립니다. ○ 예매자 신분증(원본) 및 예매내역(예매번호)을 꼭 지참하셔야 합니다. ○ 미취학 아동의 관람은 안전상의 이유로 불가한 점 양해 부탁드립니다. ○ 행사의 취소와 환불은 예약사이트 규정을 준수합니다. ○ 취소 마감시간(행사 전일 17시) 경과 후 취소 및 변경 불가합니다. ○ 행사 안내와 변동사항은 문자로 우선 안내될 예정입니다. 5. 할인 정보 구분 할인 대상 현장 확인 증빙자료 할인율 장애인 1~3 급 본인 + 동반 1 인 장애인복지카드 50% 장애인 4 급 이하 본인만 국가유공자 본인만 국가유공자증 6. 프로그램 안내 ○ 석조전 야간 탐방 : 고즈넉한 덕수궁, 환하게 밝혀진 석조전 탐방을 시작합니다. 해설사와 함께 대한제국 황실의 일상을 엿보고 석조전이 품고 있는 특별한 이야기를 들어보세요. ① (1층) 중앙홀 → ② (1층) 석조전 건립 → ③ (2층) 황실 가계 → ④ (2층) 황제 침실 → ⑤ (2층) 황제 서재 → ⑥ (2층) 황후 거실 → ⑦ (2층) 황후 침실 → ⑧ (2층) 테라스 카페 → ⑨ (1층) 접견실 → ⑩ (1층) 중앙홀 퇴장 ○ 테라스 카페 체험 : 이국적인 분위기로 가득한 공간 석조전 테라스에서 작은 카페가 열립니다. 편안하게 들려오는 클래식 연주속에서 황실 가배와 달콤한 디저트를 즐기는 순간을 선사합니다. <디저트> * 2종 제공 - 구겔호프 : 왕관모양의 파운드케이크로, 레몬맛의 상큼한 풍미를 느낄 수 있는 푹신하고 부드러운 유럽식 디저트 - 카카오 마들렌 : 카카오를 주재료로 하여 달콤 쌉살한 맛을 느낄 수 있는 프랑스식 티푸드 디저트 <음료> * 4종 중 택 1 - 가배(咖啡, 커피) : 당시 커피의 영어 발음에서 따온 말로 ‘가배차’, ‘가비차’로 불렸으며, 검은 색감과 쓴맛이 탕약과 비슷하다 하여 ‘양탕국’으로 불리기도 함 (따뜻한 커피 / 차가운 커피 중 선택 가능) - 온감차(溫甘茶) : 몸을 따뜻하게 해주는 4가지 재료 생강, 대추, 계피, 감초를 넣어 옅은 수정과 맛을 즐길 수 있는 건강차 (온음료) - 상심자차(桑椹子茶, 오디차) : 뽕나무의 열매를 ‘오디’라고 하며, 또 다른 이름으로 ‘상심자’라고 함. 상심자로 청을 담아 만든 건강차 (냉음료) ※ 예매 시 선택한 음료 1종이 제공되며, 현장에서의 변경은 불가합니다. ○ 접견실 뮤지컬 관람 : 대한제국의 황제 고종, 나라의 운명을 걱정하던 그의 앞에 꿈인 듯 다시 나타난 명성황후의 모습 음악에 담아 전하는 대한제국 황실의 이야기가 펼쳐집니다. 7. 접수 안내 ○ 접수장소 : 덕수궁 대한문 매표소 옆 <밤의 석조전> 접수데스크 ○ 접수시간 : 행사 시작 20분 전부터 접수 시작 *최소 10분 전 도착 요망 ○ 참여 유의사항 - 예매자 신분증(원본) 및 예매내역(예매번호)을 반드시 지참하셔야 합니다. - 증빙 미지참 시 입장 불가하며, 현장에서 차액 지불은 불가합니다. - 각 회차별 행사 시간 20분 전붙 접수 및 덕수궁 입장이 가능합니다. - 행사는 약 90분 동안 진행되며, 석조전 내부에서는 슬리퍼로 갈아 신는 관계로 탈착이 편한 신발을 착용해주시기 바랍니다. - 입장시간이 경과하면 행사 참여에 제한이 있을 수 있습니다. - 플래시 사용, 삼각대 사용, 음식물 반입을 금합니다. - 해설과 뮤지컬 중에는 녹음과 영상 촬영을 금합니다. 무단 촬영 시 제재가 있을 수 있습니다. 8. 오시는 길 ○ 지하철 : <시청역> 1호선 2번 출구, 2호선 12번 출구 * 덕수궁은 주차 이용이 불가능합니다. 대중교통 이용 바랍니다. 9. 문의 ○ 티켓 문의 : 티켓링크 고객센터(☎1588-7890) * 월~금요일 / 10시~19시 운영 ○ 행사 문의 : 궁능 활용프로그램 콜센터(☎1522-2295) * 화~일요일 / 9시 30분~18시 운영",https://www.kh.or.kr/jnrepo/upload/jnPrgFestivalProgram/202403/3c00033c9d16495cb510394e345af985_1711685000554.jpg
20,10회,덕수궁,437,궁중문화축전 스탬프 투어,체험,"일,월,화,수,목,금,토 09:00 ~ 18:00",https://www.kh.or.kr/jnrepo/upload/jnPrgFestivalProgram/202403/6c260495a1e1496cbc50132edd601ec5_1711162988324.jpg,향원지,https://www.kh.or.kr/program/view/menu/1292?viewType=ach&idx=437&searchRound=20&searchStTime=&searchEnTime=&searchField=homeAll&searchText=,덕수궁,궁중문화축전 스탬프 투어,체험,종료,체험,현장참여,2024-04-27~2024-05-05,09:00~18:00,"경복궁, 창덕궁, 덕수궁, 창경궁, 경희궁, 종묘",,,"2024 년 봄 궁중문화축전 스탬프 투어 5 대 궁과 종묘를 잇는 궁중문화축전 전용 스탬프 투어 프로그램 ○ 참여기간 : 2024. 4. 27. ~ 5. 5. ○ 참여방법 ① 앱 설치 및 로그인 - 구글 스토어 또는 앱스토어에서 ‘ 스탬프투어 ’ 를 검색하여 설치하고 , 회원가입 및 로그인 하기 (안드로이드 전용) 구글 플레이 스토어 다운로드 (아이폰 전용) 앱스토어 다운로드 ② ‘ 궁중문화축전 ’ 검색 - ‘ 궁중문화축전 스탬프 투어 ’ 검색하기 ③ 궁중문화축전 주요 스팟 20 곳 방문 후 스탬프 획득 ④ 완주 후 선물 신청 버튼을 누르고 개인 정보 입력 & 앱 내 후기 작성 - 선물 신청 시 완주자 대상 특별 이벤트 응모권 획득 ! ⑤ 궁중문화축전 종합안내부스에서 완주 기념품 현장 수령 ♥ 완주 기념품 안내 ♥ 궁중문화축전 모두의 풍속도 스티커 SET(3,000 원 상당 ) ♥ 완주 기념품 수령처 ♥ 1) 경복궁 흥례문 광장 내 종합안내부스 2) 창덕궁 돈화문 앞 종합안내부스 3) 덕수궁 광명문 앞 종합안내부스 4) 창경궁 홍화문 앞 종합안내부스 5) 북촌 코너갤러리 ♣ 완주자 대상 특별 이벤트 ♣ 행사 종료 후 스탬프투어를 완주해 주신 모든 분들 중 추첨을 통해 5 만원 상당의 모바일 상품권을 선물로 드립니다 ! ( 추첨 20 명 / 모바일 발송 ) * 당첨자 발표일 : 2024. 5. 10.( 금 ) * 궁중문화축전 인스타그램 당첨자 공지 및 개별 연락 예정입니다 . ○ 주의사항 - 궁별 입장료는 별도입니다 . - ‘ 스탬프 투어 ’ 앱 내에서 선물 신청 버튼을 눌러야 완주가 인정됩니다 . - 완주 기념품은 축전 기간 내 지정된 수령처에서만 지급 가능합니다 . - 기념품 중복 수령은 불가하며 1 인 1 회 참여만 가능합니다 . - 4 월 27 일 이후에 획득한 스탬프만 인정되며 , 이전에 획득한 스탬프는 인정되지 않습니다 . - 준비된 기념품 수량 소진 시 조기 마감될 수 있습니다 . - 완주자 대상 특별 이벤트 선물은 당첨자 발표 후 7 일 이내에 발송될 예정입니다 . - 부정 사용 시스템 적발 시 기념품 지급이 제외됩니다 . ☎ 행사문의 : 한국문화재재단 궁능활용사업 콜센터 1522-2295",https://www.kh.or.kr/jnrepo/upload/jnPrgFestivalProgram/202403/6c260495a1e1496cbc50132edd601ec5_1711162988324.jpg
20,10회,덕수궁,433,황실취미회,체험,"일,월,화,수,목,금,토 11:00 ~ 19:00",https://www.kh.or.kr/jnrepo/upload/jnPrgFestivalProgram/202403/51252a0e44dc43d394997c634245d45f_1711161183964.jpg,황실,https://www.kh.or.kr/program/view/menu/1292?viewType=ach&idx=433&searchRound=20&searchStTime=&searchEnTime=&searchField=homeAll&searchText=,덕수궁,황실취미회,체험,종료,체험,현장참여,2024-04-27~2024-05-05,11:00~19:00,덕수궁 정관헌,,,"< 황실취미회 > 2024 봄 궁중문화축전 황실취미회는 고종의 취미와 여가생활을 경험해볼 수 있는 상설 체험 프로그램 입니다 . 대한제국시기로 타임슬립한 정관헌에서 여유와 힐링을 느껴보시기 바랍니다 . < 프로그램 구성 > 1. 고종이 사랑한 가배 < 황실 양탕국 라운지 > ○ 주요내용 : 고종이 즐겼던 양탕국 추출 시연 및 시음 체험 진행 ○ 운영시간 : 11:00/14:00/16:00/18:00(1 일 4 회 , 회당 100 명 시음 진행 ) 2. 고종이 사랑한 취미 < 황실 당구장 > ○ 주요내용 : 당구 애호가인 고종과 순종이 되어 옥돌 체험하기 ○ 운영시간 : 11:00~19:00( 상설운영 , 자유참여 ) 3. 고종이 사랑한 음악 < 황실 PlayList> ○ 주요내용 : 고종이 즐겨듣던 음악 리스트 상설 송출 및 소규모 공연 진행 ○ 운영시간 : 11:00~19:00 ○ 상설 송출 곡 리스트 순번 곡 리스트 시 간 비 고 1 몽금포 타령 1 분 11 초 공연 연주곡 2 따오기 2 분 25 초 공연 연주곡 3 차이코프스키 ‘ 행진곡 ’ 2 분 5 초 4 피아졸라의 봄 4 분 29 초 5 비발디의 가을 3 악장 3 분 37 초 6 대한제국 애국가 1 뷴 52 초 7 로베르트 슈만 ‘ 이야기 그림책 ’ 15 분 15 초 8 프란츠 슈베르트 ‘ 송어 ’ 4 분 10 초 ※ 플레이 리스트는 현장 상황에 따라 변경될 수 있습니다 . [ 황실취미회 작은 음악회 ] 공연시간 : 4. 27.~5.5. 13:00/17:00(1 일 2 회 , 30 분 ) 공연장소 : 덕수궁 정관헌 출연진 : 컨템포러리 기타리스트 “ 상흠 ” 올라운더 퍼커니스트 “ 전수현 ” 얼터너티브 아쟁 연주자 “ 박영신 ” * 황실 PlayList 에 수록된 2 곡 ( 몽금포 타령 , 따오기 ) 의 실연주 포함하여 공연 예정 < 참여방법 > 무료 현장참여",https://www.kh.or.kr/jnrepo/upload/jnPrgFestivalProgram/202403/51252a0e44dc43d394997c634245d45f_1711161183964.jpg
20,10회,덕수궁,430,궁중놀이방,체험,"일,월,화,수,목,금,토 10:00 ~ 17:00",https://www.kh.or.kr/jnrepo/upload/jnPrgFestivalProgram/202403/68a7512450e24d00adf24a88efb76d99_1711159604417.jpg,궁중놀이방,https://www.kh.or.kr/program/view/menu/1292?viewType=ach&idx=430&searchRound=20&searchStTime=&searchEnTime=&searchField=homeAll&searchText=,덕수궁,궁중놀이방,체험,종료,체험,현장참여,2024-04-27~2024-05-05,10:00~17:00,"덕수궁 함녕전, 창경궁 경춘전",,,"덕수궁 함녕전과 창경궁 경춘전에서 각각 40 명의 자원활동가 ‘ 궁 ( 宮 ) 이둥이 ’ 와 함께하는 소규모 체험 · 이벤트 ‘ 궁중놀이방 ’ 이 오전 10 시부터 오후 5 시까지 상설 운영됩니다 . 공기놀이 , 제기차기 , 딱지치기 등 쉽고 간편하게 궁중 놀이를 즐길 수 있는 ‘ 궁이둥이를 이겨라 !’, 궁궐 관련 문제에서부터 역사 , 전래동화 등 다양한 문제를 맞혀보는 ‘ 궁퀴즈 ’, 궁중문화축전을 오랫동안 기억할 수 있도록 궁 곳곳에서 기념사진을 찍어주는 ‘ 궁생샷 ’ 까지 다양한 프로그램이 준비되어 있습니다 . 또 , 나만의 조선시대 인물 ( 캐릭터 ) 을 만드는 온라인 참여형 프로그램 ‘ 모두의 풍속도 ’ 를 현장에서 체험할 수 있습니다 . 즉석 체험 및 인쇄 , 밑그림 채색 등을 통해 풍속도 속 인물과 일상 속 소소한 모습을 그림으로 만들어 보세요 ! 궁중놀이방은 누구나 참여할 수 있으며 , 관람객 참여기회 확대를 위해 참여 횟수는 1 인 1 회로 한정합니다 . 준비된 재료가 소진될 경우 조기 마감될 수 있습니다 .",https://www.kh.or.kr/jnrepo/upload/jnPrgFestivalProgram/202403/68a7512450e24d00adf24a88efb76d99_1711159604417.jpg
20,10회,창경궁,488,궁중문화축전 길놀이(창경궁),공연,일 14:00 / 16:00,https://www.kh.or.kr/jnrepo/upload/jnPrgFestivalProgram/202404/ac9b029bbfa348998f24eead29b5735d_1712824974395.jpg,길놀이,https://www.kh.or.kr/program/view/menu/1292?viewType=ach&idx=488&searchRound=20&searchStTime=&searchEnTime=&searchField=homeAll&searchText=,창경궁,궁중문화축전 길놀이(창경궁),공연,종료,공연,현장참여,2024-05-05~2024-05-05,일 14:00 / 16:00,창경궁 일원,,,"사자춤 , 소고춤 , 사물놀이 등 2024 년 궁중문화축전의 흥을 더할 전통 길놀이를 궁궐 곳곳에서 만나보세요 ! 궁중문화축전 길놀이(창경궁) - 일정 : 5. 5.( 일 ) 14:00, 16:00(30분) - 동선: 통명전~광정문~양화당 통명전 앞 출발 → 광정문 → 함인정 → 양화당 합동공연 후 해산 - 합동 공연 / 10분 ( 기접놀이 , 무용단(장구 및 소고춤 ), 사물 개인놀이) 날짜 궁 연계 행사 4. 27.( 토 ) 덕수궁 궁중놀이방 5. 1.( 수 ) 경희궁 경희궁을 만나다 5. 4.( 토 ) 경복궁 서울페스타 5. 5.( 일 ) 창경궁 어린이 궁중문화축전 - 행사문의 ○ 궁능활용프로그램 콜센터 1522-2295 - 우천 시 취소 안내 ○ 행사 당일 오전 11 시 기준 5mm 이상 예보될 경우 ( 기상청 예보 기준 ) 행사가 취소되며 , 한국문화재재단 SNS 채널을 통해 공지됩니다 .",https://www.kh.or.kr/jnrepo/upload/jnPrgFestivalProgram/202404/ac9b029bbfa348998f24eead29b5735d_1712824974395.jpg
20,10회,창경궁,453,창경궁 물빛연화,체험,"일,월,화,수,목,금,토 19:30 ~ 21:00",https://www.kh.or.kr/jnrepo/upload/jnPrgFestivalProgram/202403/7a2923f2e51249b6b26b2fe7f4b686de_1711715164592.jpg,물빛연화,https://www.kh.or.kr/program/view/menu/1292?viewType=ach&idx=453&searchRound=20&searchStTime=&searchEnTime=&searchField=homeAll&searchText=,창경궁,창경궁 물빛연화,체험,종료,체험,현장참여,2024-04-27~2024-05-05,19:30~21:00,창경궁 춘당지 일원,,,"창경궁 춘당지의 물이 조화의 빛으로 ... 일상의 도시공간을 벗어나 별빛과 달빛이 내려 앉은 창경궁은 시적인 공간이 되어 , 깊은 밤 창경의 궁을 빛으로 수놓은 물빛의 길을 따라 궁과의 깊은 대화로 들어가고 , 눈에 보이는 모든 것이 어둠 속에서 희미해지는 시간 시공간이 초월하며 공존하는 창경궁 속에서 완연한 조화의 빛을 느끼게 됩니다 . [ 기획의도 ] “ 맑은 물처럼 영롱한 빛이 창경궁 600 년의 시간을 흘러 과거와 현재가 공존하는 소통의 빛으로 피어나다 ” 물빛연화는 물은 모든 것을 통하게 하며 , 모든 것을 비추고 , 모든 것을 품는다는 메시지를 담아 창경궁을 흐르고 있는 물길에 빛을 비추어 현대를 살아가는 모든 이들에게 전하고자 합니다 . [ 코스별 설명 ] 제 1 경 대화의 물길 ( 진입로 ) 물빛연화의 제 1 경 ‘ 대화의 물길 ’ 입니다 . 한자어 ‘ 대화할 화 ( 話 )’ 를 모티브를 한 공간으로 궁과 함께 시간을 지내온 소나무가 빛과 함께 호흡을 이룹니다 . 현재의 시간에서 잠시 벗어나 창경궁의 시간에서 궁과의 깊은 대화로 들어가게 됩니다 . 제 2 경 물빛연화 ( 대춘당지 ) 물빛연화의 제 2 경 ‘ 물빛연화 ’ 입니다 . 한자어 ‘ 피어날 화 ( 華 )’ 를 모티브로 창경궁의 보여지는 아름다움과 보이지 않는 아름다움 모든 것이 대춘당지의 물빛에 조화를 이룬다는 내용을 담았습니다 . 창경궁의 희노애락을 물빛으로 수놓으며 조화와 공존의 꽃이 현대인의 내면에 작은 물빛으로 피어날 수 있도록 연출되었습니다 . 제 3 경 백발의 빛 ( 백송나무 ) 물빛연화의 제 3 경은 ‘ 백발의 빛 ’ 입니다 . 한자어 ‘ 채색할 화 ( 畵 )’ 를 모티브로 창경궁과 함께 세월을 보내온 백송나무를 궁의 백발로 빗대어 표현합니다 . 백송의 백발이 빛깔로 채색되는 모습을 통해 화려하고 웅장했던 창경궁을 회상하게 됩니다 . 제 4 경 조화의 빛 ( 대온실 ) 물빛연화의 제 4 경은 ‘ 조화의 빛 ’ 입니다 . 한자어 빛날 화 ( 華 ) 에서 모티브를 얻었습니다 . 대온실은 근대 건축의 선진성과 더불어 제국주의 문화침탈의 비극을 동시에 보여주는 역사적 시설입니다 . 조명을 통해 물빛 위에 떠오른 보석함 같은 풍경을 연출하여 역사의 아픔을 딛고 이제는 전통과 근대가 공존하는 빛을 이루는 창경궁의 조화 , 승화의 가치를 보여줍니다 . 제 5 경 물의 숨결 ( 소춘당지 ) 물빛연화의 제 5 경은 ‘ 물의 숨결 ’ 입니다 . 한자어 예쁠 화 ( 嬅 ) 에서 모티브를 얻었습니다 . 창경궁의 나무숲 사이에 숨겨진 듯한 소춘당지의 잔잔한 수면 위에 떨리는 미세한 음과 빛의 울림은 창경궁에 깃든 희로애락의 기억과 감정을 느끼게 합니다 . 제 6 경 화평의 빛 ( 산책로 ) 물빛연화의 제 6 경은 ‘ 화평의 빛 ’ 입니다 . 한자어 화평할 화 ( 訸 ) 에서 모티브를 얻은 것으로 빛으로 수놓은 길을 따라 걸으며 승화의 기운을 느끼게 합니다 . 현재를 살아가는 우리에게 지나온 시간 , 현재의 순간 그리고 앞으로 미래의 기쁨과 아픔 , 갈등이 화평의 빛을 걸으며 승화됨을 의미합니다 . 제 7 경 홍화의 물빛 ( 진출로 ) 물빛연화의 제 7 경은 소생의 물빛입니다 . 한자어 화합할 화 ( 和 ) 의 의미를 담은 공간으로 물빛연화를 통한 창경궁의 화합과 소생의 메시지를 전달하고 있습니다 . 빛으로 만들어진 가상의 물길 위에 빛이 피어나고 창경궁의 문양이 새겨지며 새로운 소생의 기운을 느끼게 됩니다 . 제 8 경 영원한 궁 ( 진출로 ) 물빛연화의 제 8 경은 ‘ 영원한 궁 ’ 입니다 . 한자어 빛이 될 화 ( 化 ) 에서 모티브를 얻은 것으로 현실 세계로 돌아가기 전 궁과의 대화를 기억하고 궁의 찬란하고 조화의 기운을 다시 느끼게 됩니다 . 붉게 물든 홍화의 물빛 위에 창경궁을 기억하는 문장들이 다양한 언어를 이룹니다 . 창경궁의 빛의 언어들을 음미하며 내면에 스며든 창경궁의 조화의 빛을 바라보며 현실 세계로 돌아가게 됩니다 .",https://www.kh.or.kr/jnrepo/upload/jnPrgFestivalProgram/202403/7a2923f2e51249b6b26b2fe7f4b686de_1711715164592.jpg
20,10회,창경궁,438,궁중문화축전 스탬프 투어,체험,"일,월,화,수,목,금,토 09:00 ~ 18:00",https://www.kh.or.kr/jnrepo/upload/jnPrgFestivalProgram/202403/2840a5e9eb2d43dfb6db0b83c88a6f9a_1711162950379.jpg,창경궁,https://www.kh.or.kr/program/view/menu/1292?viewType=ach&idx=438&searchRound=20&searchStTime=&searchEnTime=&searchField=homeAll&searchText=,창경궁,궁중문화축전 스탬프 투어,체험,종료,체험,현장참여,2024-04-27~2024-05-05,09:00~18:00,"경복궁, 창덕궁, 덕수궁, 창경궁, 경희궁, 종묘",,,"2024 년 봄 궁중문화축전 스탬프 투어 5 대 궁과 종묘를 잇는 궁중문화축전 전용 스탬프 투어 프로그램 ○ 참여기간 : 2024. 4. 27. ~ 5. 5. ○ 참여방법 ① 앱 설치 및 로그인 - 구글 스토어 또는 앱스토어에서 ‘ 스탬프투어 ’ 를 검색하여 설치하고 , 회원가입 및 로그인 하기 (안드로이드 전용) 구글 플레이 스토어 다운로드 (아이폰 전용) 앱스토어 다운로드 ② ‘ 궁중문화축전 ’ 검색 - ‘ 궁중문화축전 스탬프 투어 ’ 검색하기 ③ 궁중문화축전 주요 스팟 20 곳 방문 후 스탬프 획득 ④ 완주 후 선물 신청 버튼을 누르고 개인 정보 입력 & 앱 내 후기 작성 - 선물 신청 시 완주자 대상 특별 이벤트 응모권 획득 ! ⑤ 궁중문화축전 종합안내부스에서 완주 기념품 현장 수령 ♥ 완주 기념품 안내 ♥ 궁중문화축전 모두의 풍속도 스티커 SET(3,000 원 상당 ) ♥ 완주 기념품 수령처 ♥ 1) 경복궁 흥례문 광장 내 종합안내부스 2) 창덕궁 돈화문 앞 종합안내부스 3) 덕수궁 광명문 앞 종합안내부스 4) 창경궁 홍화문 앞 종합안내부스 5) 북촌 코너갤러리 ♣ 완주자 대상 특별 이벤트 ♣ 행사 종료 후 스탬프투어를 완주해 주신 모든 분들 중 추첨을 통해 5 만원 상당의 모바일 상품권을 선물로 드립니다 ! ( 추첨 20 명 / 모바일 발송 ) * 당첨자 발표일 : 2024. 5. 10.( 금 ) * 궁중문화축전 인스타그램 당첨자 공지 및 개별 연락 예정입니다 . ○ 주의사항 - 궁별 입장료는 별도입니다 . - ‘ 스탬프 투어 ’ 앱 내에서 선물 신청 버튼을 눌러야 완주가 인정됩니다 . - 완주 기념품은 축전 기간 내 지정된 수령처에서만 지급 가능합니다 . - 기념품 중복 수령은 불가하며 1 인 1 회 참여만 가능합니다 . - 4 월 27 일 이후에 획득한 스탬프만 인정되며 , 이전에 획득한 스탬프는 인정되지 않습니다 . - 준비된 기념품 수량 소진 시 조기 마감될 수 있습니다 . - 완주자 대상 특별 이벤트 선물은 당첨자 발표 후 7 일 이내에 발송될 예정입니다 . - 부정 사용 시스템 적발 시 기념품 지급이 제외됩니다 . ☎ 행사문의 : 한국문화재재단 궁능활용사업 콜센터 1522-2295",https://www.kh.or.kr/jnrepo/upload/jnPrgFestivalProgram/202403/2840a5e9eb2d43dfb6db0b83c88a6f9a_1711162950379.jpg
20,10회,창경궁,432,어린이 궁중문화축전 <궁중직업실록>,체험,"일,월,화,수,목,금,토 10:00 ~ 17:30",https://www.kh.or.kr/jnrepo/upload/jnPrgFestivalProgram/202403/e1cc99cc3bb14b6b82efaad90b49daee_1711160886522.jpg,어린이,https://www.kh.or.kr/program/view/menu/1292?viewType=ach&idx=432&searchRound=20&searchStTime=&searchEnTime=&searchField=homeAll&searchText=,창경궁,어린이 궁중문화축전 <궁중직업실록>,체험,종료,체험,사전예약,2024-05-01~2024-05-05,10:00~17:30,창경궁 일원,,,"< 궁중직업실록 > 2024 봄 어린이 궁중문화축전 < 궁중직업실록 > 은 궁궐의 다양한 직업을 경험하며 , 선조들의 지혜와 삶의 방식을 알아가는 어린이 대상 프로그램입니다 . 체험 시 제공되는 휴대용 활동지와 함께 궁궐 일대를 누비며 , 우리 삶 속에 한걸음 더 가까워진 역사의 가치와 의미를 되새기는 시간이 되길 희망합니다 . < 티켓오픈 > 2024 년 4 월 5 일 ( 금 ) 16 시 티켓링크 * 관람권 : 선착순 무료 예매 / 한 ID 당 최대 2 매 예매가능 < 행사안내 > 1) 체험 프로그램 ( 일부 사전예약제 ) 숙수체험/의관체험/화원체험/역관체험/취타대 체험 [숙수 체험]-사전예약 클레이로 궁중 도시락 만들기 장소: 명정전 옆 공터 시간: 11:00/13:00/ 15:00/16:00( 40 분 소요 ) 인원: 회당 30명 * 저학년 이상 권장 [의관 체험]-사전 예약 진찰법을 알아보고 증상별 약첩 싸기 장소: 양화당 시간: 10:00/12:00/ 1 4 : 0 0 /16:00 (40 분 소요 ) 인원: 회당 30명 * 저학년 이상 권장 [화원 체험]-현장 접수 왕실 잔치 의궤도 완성하기 장소: 통명전 시간: 10:00~17:00 ( 상설운영, 30 분 소요 ) 인원: 회당 30명 * 저학년 이상 권장 [역관 체험]-현장 접수 언어를 번역하여 외교문서 완성하기 장소: 환경전 시간: 10:00~17: 0 0 ( 상설, 30 분 소요 ) 인원: 회당 30명 * 고학년 이상 권장 [취타대 체험]-현장 접수 조선시대 군악대의 악기를 배워 행진 참가하기 장소: 문정전~ 명정전 시간: 10:00/13:00 / 1 6 : 0 0 (90 분 소요 ) 인원: 회당 20명 * 저학년 이상 권장 2) 공연 프로그램 어린이 인형극 < 선녀와 나무꾼 > 전통설화 ‘ 선녀와 나무꾼 ’ 을 인형극으로 풀어낸 어린이 공연 장소: 통명전 월대 시간: 17:00~17:30 (30 분 ) 전 연령 대상, 자 유관람 전통연희 공연 < 사자춤 > 창경궁 곳곳에서 펼쳐지는 전통연희 공연 장소: 창경궁 일대 시간: 10:30/11:30/ 1 3 : 3 0 /15:30 (10 분 ) 전 연령 대상, 자유관 람 3) 투어 프로그램(사전 예약) 고궁 청소년 문화학교 < 창경궁 탐험대 > 해설사와 함께 창경궁 일대를 탐험하며 미 션 수 행 하 기 장소: 창경궁 홍화문 집결 시간: 10:00~12:00 (120 분 ) 인원: 회당 30명 * 고학년 이상 권장 4) 어린이 궁중문화축전 특별 행사 (5. 3.( 금 )) 조선호텔앤리조트 협력 프로그램 < 장고마 마 체험>-사전 예약 궁의 장고를 관리하는 장고마마에 대해 알아보고 조선 '백 깍두기' 담그기 체험 장소: 명정전 옆 공터 시간: 11:00/13:00/ 14 :3 0 / 16:00 (40 분 소요 ) 인원: 회당 30명 * 저학년 이상 권장 ★☆ 직업 체험 3 종 이상을 완료한 어린이에게는 특별 리워드 가 제공됩니다 ★☆ *1일 선착순 2 00 명(행사 기간 중 총 1,000명) 제공 < 입장안내 > - 입장시간 : 오전 9:00 분 이후부터 자유입장(창경궁 입장료 별도) - 사전예약 확인 및 활동지 수령처 : 창경궁 내 명정전 오른편 공터 * 활동지의 경우 사전예약 및 현장참여 모두 수령 가능합니다. - 티켓확인방법: 티켓링크 모바일 티켓 확인 - 사전예약자 확인을 위하여 예매자 본인의 신분증을 필히 지참해주시기 바랍니다 . ( 주민등록증 , 운전면허증 , 여권 , 신분증 재발급 신청서 , 외국인등록증 ) * 관람권은 직계가족 및 형제 · 자매에 한하여 증빙자료 ( 등본 , 가족관계증명서 ) 제출 시 양도할 수 있습니다 . - 사전예약 프로그램의 경우 체험 시작 전 10 분 이후 도착 시 예약부도 ( 노쇼 ) 로 간주하여 현장 접수를 진행합니다 . - 현장접수의 경우 각 프로그램이 진행되는 공간에서 개별로 진행됩니다. * 화원/역관/취타대의 경우 9:30분 부터 현장접수 시작 * 사전예약 노쇼에 대한 현장접수(숙수/의관/창경궁 탐험대) 체험 시작 10분 전 시작 < 유의사항 > - 어린이 궁중문화축전의 대상 연령은 체험별 난이도에 따른 권장 사항으로 전 연령 참여가 가능합니다. * 단독 참여가 불가능한 영유아의 경우 보호자 동반(최대 1인)이 가능합니다. - 본 행사 참여를 위한 창경궁 입장권 별도 구매가 필요합니다 .(1,000 원 ) - 야외 프로그램의 경우 행사 당일 오전 11 시 기상청 기준 5mm 이상 우천 예보 시 프로그램이 취소될 수 있습니다 .( 홈페이지 수시 공지 및 사전예매자 개별 안내 ) - 창경궁 내 휠체어 및 유아차 대여소가 운영되고 있습니다. * 수량이 한정적이므로 직접 지참하시기를 권고드립니다. - 궁궐 내 모든 공간은 금연구역입니다 . - 문화재 보호 구역으로 음식물 , 인화 물질 , 놀이기구의 반입이 제한됩니다 .",https://www.kh.or.kr/jnrepo/upload/jnPrgFestivalProgram/202403/e1cc99cc3bb14b6b82efaad90b49daee_1711160886522.jpg
20,10회,창경궁,431,궁중놀이방,체험,"일,월,화,수,목,금,토 10:00 ~ 17:00",https://www.kh.or.kr/jnrepo/upload/jnPrgFestivalProgram/202403/624f98248cb244a4847fda15070209ad_1711159416638.jpg,궁중놀이방,https://www.kh.or.kr/program/view/menu/1292?viewType=ach&idx=431&searchRound=20&searchStTime=&searchEnTime=&searchField=homeAll&searchText=,창경궁,궁중놀이방,체험,종료,체험,현장참여,2024-04-27~2024-05-05,10:00~17:00,"덕수궁 함녕전, 창경궁 경춘전",,,"덕수궁 함녕전과 창경궁 경춘전에서 각각 40 명의 자원활동가 ‘ 궁 ( 宮 ) 이둥이 ’ 와 함께하는 소규모 체험 · 이벤트 ‘ 궁중놀이방 ’ 이 오전 10 시부터 오후 5 시까지 상설 운영됩니다 . 공기놀이 , 제기차기 , 딱지치기 등 쉽고 간편하게 궁중 놀이를 즐길 수 있는 ‘ 궁이둥이를 이겨라 !’, 궁궐 관련 문제에서부터 역사 , 전래동화 등 다양한 문제를 맞혀보는 ‘ 궁퀴즈 ’, 궁중문화축전을 오랫동안 기억할 수 있도록 궁 곳곳에서 기념사진을 찍어주는 ‘ 궁생샷 ’ 까지 다양한 프로그램이 준비되어 있습니다 . 또 , 나만의 조선시대 인물 ( 캐릭터 ) 을 만드는 온라인 참여형 프로그램 ‘ 모두의 풍속도 ’ 를 현장에서 체험할 수 있습니다 . 즉석 체험 및 인쇄 , 밑그림 채색 등을 통해 풍속도 속 인물과 일상 속 소소한 모습을 그림으로 만들어 보세요 ! 궁중놀이방은 누구나 참여할 수 있으며 , 관람객 참여기회 확대를 위해 참여 횟수는 1 인 1 회로 한정합니다 . 준비된 재료가 소진될 경우 조기 마감될 수 있습니다 .",https://www.kh.or.kr/jnrepo/upload/jnPrgFestivalProgram/202403/624f98248cb244a4847fda15070209ad_1711159416638.jpg
20,10회,경희궁,489,궁중문화축전 길놀이(경희궁),공연,수 14:00 / 16:00,https://www.kh.or.kr/jnrepo/upload/jnPrgFestivalProgram/202404/17938fdfc33048f1bec5569cc573b899_1712824810077.jpg,길놀이,https://www.kh.or.kr/program/view/menu/1292?viewType=ach&idx=489&searchRound=20&searchStTime=&searchEnTime=&searchField=homeAll&searchText=,경희궁,궁중문화축전 길놀이(경희궁),공연,종료,공연,현장참여,2024-05-01~2024-05-01,수 14:00 / 16:00,경희궁 일원,,,"사자춤 , 소고춤 , 사물놀이 등 2024 년 궁중문화축전의 흥을 더할 전통 길놀이를 궁궐 곳곳에서 만나보세요 ! 궁중문화축전 길놀이(경희궁) - 일정 : 5. 1.( 수 ), 14:00/16:00(30분) - 동선: 흥화문~숭정문 앞 잔디광장 * 흥화문 (합동공연- 사자춤 )→퍼레이드 후 합동공연 - 합동 공연( 기접놀이 , 무용단(장구 및 소고춤 ), 사물 개인놀이 ) ) 날짜 궁 연계 행사 4. 27.( 토 ) 덕수궁 궁중놀이방 5. 1.( 수 ) 경희궁 경희궁을 만나다 5. 4.( 토 ) 경복궁 서울페스타 5. 5.( 일 ) 창경궁 어린이 궁중문화축전 - 행사문의 ○ 궁능활용프로그램 콜센터 1522-2295 - 우천 시 취소 안내 ○ 행사 당일 오전 11 시 기준 5mm 이상 예보될 경우 ( 기상청 예보 기준 ) 행사가 취소되며 , 한국문화재재단 SNS 채널을 통해 공지됩니다 .",https://www.kh.or.kr/jnrepo/upload/jnPrgFestivalProgram/202404/17938fdfc33048f1bec5569cc573b899_1712824810077.jpg
20,10회,경희궁,439,궁중문화축전 스탬프 투어,체험,"일,월,화,수,목,금,토 09:00 ~ 18:00",https://www.kh.or.kr/jnrepo/upload/jnPrgFestivalProgram/202403/c927b56e0e1a4271b7be6ed14482e61a_1711161806410.jpg,향원지,https://www.kh.or.kr/program/view/menu/1292?viewType=ach&idx=439&searchRound=20&searchStTime=&searchEnTime=&searchField=homeAll&searchText=,경희궁,궁중문화축전 스탬프 투어,체험,종료,체험,현장참여,2024-04-27~2024-05-05,09:00~18:00,"경복궁, 창덕궁, 덕수궁, 창경궁, 경희궁, 종묘",,,"2024 년 봄 궁중문화축전 스탬프 투어 5 대 궁과 종묘를 잇는 궁중문화축전 전용 스탬프 투어 프로그램 ○ 참여기간 : 2024. 4. 27. ~ 5. 5. ○ 참여방법 ① 앱 설치 및 로그인 - 구글 스토어 또는 앱스토어에서 ‘ 스탬프투어 ’ 를 검색하여 설치하고 , 회원가입 및 로그인 하기 (안드로이드 전용) 구글 플레이 스토어 다운로드 (아이폰 전용) 앱스토어 다운로드 ② ‘ 궁중문화축전 ’ 검색 - ‘ 궁중문화축전 스탬프 투어 ’ 검색하기 ③ 궁중문화축전 주요 스팟 20 곳 방문 후 스탬프 획득 ④ 완주 후 선물 신청 버튼을 누르고 개인 정보 입력 & 앱 내 후기 작성 - 선물 신청 시 완주자 대상 특별 이벤트 응모권 획득 ! ⑤ 궁중문화축전 종합안내부스에서 완주 기념품 현장 수령 ♥ 완주 기념품 안내 ♥ 궁중문화축전 모두의 풍속도 스티커 SET(3,000 원 상당 ) ♥ 완주 기념품 수령처 ♥ 1) 경복궁 흥례문 광장 내 종합안내부스 2) 창덕궁 돈화문 앞 종합안내부스 3) 덕수궁 광명문 앞 종합안내부스 4) 창경궁 홍화문 앞 종합안내부스 5) 북촌 코너갤러리 ♣ 완주자 대상 특별 이벤트 ♣ 행사 종료 후 스탬프투어를 완주해 주신 모든 분들 중 추첨을 통해 5 만원 상당의 모바일 상품권을 선물로 드립니다 ! ( 추첨 20 명 / 모바일 발송 ) * 당첨자 발표일 : 2024. 5. 10.( 금 ) * 궁중문화축전 인스타그램 당첨자 공지 및 개별 연락 예정입니다 . ○ 주의사항 - 궁별 입장료는 별도입니다 . - ‘ 스탬프 투어 ’ 앱 내에서 선물 신청 버튼을 눌러야 완주가 인정됩니다 . - 완주 기념품은 축전 기간 내 지정된 수령처에서만 지급 가능합니다 . - 기념품 중복 수령은 불가하며 1 인 1 회 참여만 가능합니다 . - 4 월 27 일 이후에 획득한 스탬프만 인정되며 , 이전에 획득한 스탬프는 인정되지 않습니다 . - 준비된 기념품 수량 소진 시 조기 마감될 수 있습니다 . - 완주자 대상 특별 이벤트 선물은 당첨자 발표 후 7 일 이내에 발송될 예정입니다 . - 부정 사용 시스템 적발 시 기념품 지급이 제외됩니다 . ☎ 행사문의 : 한국문화재재단 궁능활용사업 콜센터 1522-2295",https://www.kh.or.kr/jnrepo/upload/jnPrgFestivalProgram/202403/c927b56e0e1a4271b7be6ed14482e61a_1711161806410.jpg
20,10회,경희궁,429,경희궁을 만나다,전시,"일,수,목,금,토 10:00 ~ 17:00",https://www.kh.or.kr/jnrepo/upload/jnPrgFestivalProgram/202403/07ebbf8100ba4877b593a93d1c441bfb_1711162417851.jpg,경희궁,https://www.kh.or.kr/program/view/menu/1292?viewType=ach&idx=429&searchRound=20&searchStTime=&searchEnTime=&searchField=homeAll&searchText=,경희궁,경희궁을 만나다,전시,종료,전시,현장참여,2024-05-01~2024-05-05,10:00~17:00,경희궁 숭정문 앞 잔디광장,제한없음,,"경희궁을 만나다는 조선시대 서궐로 불렸던 경희궁을 살펴볼 수 있는 팝업 전시입니다 . 경희궁 숭정문 앞 잔디광장 곳곳에 전시 구조물이 설치되며 , 주변으로는 스툴을 활용한 휴식 공간을 마련해 쉬면서 편하게 전시를 즐길 수 있습니다 . 5. 1.( 수 ) 부터 5. 5.( 일 ) 까지 오전 10 시부터 오후 5 시까지 누구나 자율참여할 수 있습니다 . 잔디광장을 돌아다니며 관련 퀴즈를 풀어보는 활동을 통해 경희궁의 역사와 구조에 대해 쉽고 재미있게 경험하고 배울 수 있도록 구성되었습니다 . 퀴즈는 경희궁을 산책하다 보면 발견할 수 있는 ‘ 경희궁 이야기돌 ’ 과 종합 안내판을 읽으면 누구나 쉽게 이해하고 풀 수 있도록 만들었습니다 . ‘ 경희궁 이야기돌 ’ 은 낮은 사각 기둥 모양의 돌에 상판을 설치하고 , 상판 부분에 경희궁에 대한 다양한 정보를 적어 놓은 것이며 , 경희궁의 정전인 숭정전을 둘러싼 화랑에서 확인하실 수 있습니다 . 팻말을 뒤집어 나온 초성퀴즈 , OX 퀴즈 , 그림 맞추기 등 다양한 퀴즈를 통해 경희궁에 얽힌 흥미로운 이야기를 확인해 보세요 !",https://www.kh.or.kr/jnrepo/upload/jnPrgFestivalProgram/202403/07ebbf8100ba4877b593a93d1c441bfb_1711162417851.jpg
20,10회,경희궁,428,궁중문화축전X서울역사박물관 협업 프로그램,체험,"일,월,화,수,목,금,토 15:00 ~ 17:40",https://www.kh.or.kr/jnrepo/upload/jnPrgFestivalProgram/202403/b993fb6c587d4d37a1dc3c365091a879_1711158632905.jpg,방구왕,https://www.kh.or.kr/program/view/menu/1292?viewType=ach&idx=428&searchRound=20&searchStTime=&searchEnTime=&searchField=homeAll&searchText=,경희궁,궁중문화축전X서울역사박물관 협업 프로그램,체험,종료,체험,사전예약,2024-05-02~2024-05-05,15:00~17:40,"경희궁 전역, 서울역사박물관",,,"‘ 경희궁 탐험 ’ 과 ‘ 연희는 방구왕 ’ 은 어린이와 함께 방문하는 가족 단위 관람객을 위한 궁중문화축전과 서울역사박물관의 협업 프로그램입니다 . ‘ 경희궁 탐험 ’ 은 초등학생 자녀를 동반한 가족을 대상으로 하며 , 서울역사박물관의 기존 어린이 교육프로그램에 궁중문화축전만의 경희궁 탐험 활동지까지 체험할 수 있는 특별회차 ( 총 4 회 ) 로 운영됩니다 . <1, 2회차> ☞예매하러 가기 1-2 회차는 서울역사박물관의 ‘ 우리 따로 , 또 같이 ’ 와 연계하였으며 , 양육자와 어린이가 모두 교육의 주체가 되는 활동으로 구성되었습니다 . 양육자는 < 경희궁도 > 를 활용한 전통미술을 체험하고 , 어린이는 경희궁 숲체험과 탐험 등 신체활동을 통해 경희궁을 탐험합니다 . 5. 2.( 목 ) 부터 5. 3.( 금 ) 까지 오후 3 시부터 5 시 40 분까지 진행되며 , 회차당 15 가족의 사전 예약 신청자를 대상으로 진행됩니다 . <3, 4회차> ☞예매하러 가기 3-4 회차는 서울역사박물관의 ‘ 우리 가족 경희궁 탐험대 ’ 와 연계하였으며 , 서울역사박물관에서의 사전 학습을 바탕으로 경희궁으로 이동하여 가족 단위 미션을 해결하면서 경희궁의 역사와 구조를 스스로 이해할 수 있도록 구성하였습니다 . 5. 4.( 토 ) 부터 5. 5.( 일 ) 까지 오전 10 시 30 분부터 오후 12 시까지 진행되며 , 회차당 15 가족의 사전 예약 신청자를 대상으로 진행됩니다 . ‘ 연희는 방구왕 ’ 은 서울역사박물관 어린이날 행사와 연계하여 준비한 어린이 연희극이며 , 전통연희와 체험이 함께하는 즐거운 어린이날을 선사합니다 . 전래동화 방귀쟁이 며느리를 모티브로 새롭게 각색했으며 , 전통연희 탈춤 , 부포 , 사자춤 , 사물놀이 , 마술 등을 적절히 작품 속에 녹여내어 온 가족 모두가 즐길 수 있는 전통 연희극입니다 . 또 , 공연 중간 아이들이 장단에 맞추어 소고와 추임새를 직접 배우는 과정을 통해 국악 연주자가 되어 보는 체험도 준비되어 있습니다 . ※ 프로그램 구성 참고표 구분 프로그램 일정 장소 참여 방식 체험 경희궁 탐험 (1 회차 ) 5. 2.( 목 ) 15:00~17:40 경희궁 전역 , 서울역사박물관 사전 예약 경희궁 탐험 (2 회차 ) 5. 3.( 금 ) 15:00~17:40 경희궁 탐험 (3 회차 ) 5. 4.( 토 ) 10:30~12:00 경희궁 탐험 (4 회차 ) 5. 5.( 일 ) 10:30~12:00 공연 연희는 방구왕 5. 5.( 일 ) 13:00~14:00 서울역사박물관 현장 참여",https://www.kh.or.kr/jnrepo/upload/jnPrgFestivalProgram/202403/b993fb6c587d4d37a1dc3c365091a879_1711158632905.jpg
20,10회,종묘,482,종묘대제,재현,일 14:00 ~ 16:30,https://www.kh.or.kr/jnrepo/upload/jnPrgFestivalProgram/202404/36549e944eda41f4aa193306581520ec_1712806759068.png,종묘대제,https://www.kh.or.kr/program/view/menu/1292?viewType=ach&idx=482&searchRound=20&searchStTime=&searchEnTime=&searchField=homeAll&searchText=,종묘,종묘대제,재현,종료,재현,사전예약,2024-05-05~2024-05-05,14:00~16:30,종묘,,,"‘종묘대제(宗廟大祭)’는 국조오례의(國朝五禮儀)* 에 포함된 길례(吉禮)에 속하는 의례로 국왕이 직접 거행하는 가장 규모가 크고 중요한 제사입니다. 1969년 복원된 이래로 현재까지 그 명맥을 이어오고 있는 살아있는 문화유산행사이며, 2001년 유네스코 인류무형유산 대표목록으로 등재되었습니다. 2024년 종묘대제 제향은 5월 5일 일요일에 개최됩니다. * 국조오례의: 1474년에 편찬된 국가의 기본 예식인 오례, 즉 길례(吉禮),·흉례(凶禮),·군례(軍禮),·빈례(賓禮),·가례(嘉禮)에 대해 규정한 예전 제향 행사 외에도 다양한 체험과 전시를 준비하여 관람객들에게 풍성한 볼거리, 즐길거리를 제공하고 있습니다. ‘종묘제례악 체험관’에서는 종묘제례악에 사용된 악기를 직접 연주해 볼 수 있는 체험이 진행되며, ‘어린이 체험관’에서는 어린이 관람객을 대상으로는 캐릭터 색칠 놀이, 타투 스티커 붙이기 체험이 마련되어 있습니다. 또한, ‘신실재현 전시관’에서는 종묘제례에 쓰이는 제사상을 그대로 재현한 전시가 진행되며, 해설사의 해설을 들으며 관람할 수 있습니다. 티켓링크를 통해 150석 사전 예약을 진행할 예정 입니다. 사전예약 없이 종묘를 찾은 방문객들께서는 경내 2곳(영녕전 앞, 정전 앞)에서 스크린을 통해 생중계 관람이 가능합니다. <종묘대제 봉행> 일정: 5. 5.(일), 1 4:00~16:30 * 체험프로그램 운영 일정: 4. 27.( 토 ) ~ 5 . 5 . ( 일 ) 11:00~17:00",https://www.kh.or.kr/jnrepo/upload/jnPrgFestivalProgram/202404/36549e944eda41f4aa193306581520ec_1712806759068.png
20,10회,종묘,481,묘현례,공연,"일,월,화,수,목,금,토 13:00 / 16:00",https://www.kh.or.kr/jnrepo/upload/jnPrgFestivalProgram/202404/83c02d94ffa2469aa1641cd7a8150b97_1712806339575.png,묘현례,https://www.kh.or.kr/program/view/menu/1292?viewType=ach&idx=481&searchRound=20&searchStTime=&searchEnTime=&searchField=homeAll&searchText=,종묘,묘현례,공연,종료,공연,사전예약,2024-04-27~2024-05-01,"일,월,화,수,목,금,토 13:00 / 16:00",종묘,300,,"묘현례 공연 예약 묘현례 프로그램 체험 프로그램 예약 묘현례는 왕비나 세자빈이 왕실 혼례를 마친 후 조선왕조 역대 왕과 왕비의 신주가 모셔진 종묘를 알현하는 의례입니다. 조선시대 국가 의례 중 여성이 유일하게 참여한 의례라는 점에서 그 의미가 매우 깊습니다. 「2024년 종묘 묘현례」에서는 1703년에 행해진 인원왕후의 묘현례를 창작극과 의례재현을 결합한 새로운 공연 콘텐츠로 재구성하여 관람객들에게 선보입니다. 또한 다양한 체험 프로그램을 통해 조선왕실 여성 문화도 경험하실 수 있습니다. 일정: 4.27.(토)~5.1.(수), 1회- 13:00~13:40 (40분) 2회- 16:00~16:40 (40분) *부대프로그램: 4.27.(토)~5.3.(금), 11:00~17:00",https://www.kh.or.kr/jnrepo/upload/jnPrgFestivalProgram/202404/83c02d94ffa2469aa1641cd7a8150b97_1712806339575.png
20,10회,종묘,440,궁중문화축전 스탬프 투어,체험,"일,월,화,수,목,금,토 09:00 ~ 18:00",https://www.kh.or.kr/jnrepo/upload/jnPrgFestivalProgram/202403/ae972a3d9f6d47b4a71de9237a4ac7a0_1711161710099.jpg,종묘,https://www.kh.or.kr/program/view/menu/1292?viewType=ach&idx=440&searchRound=20&searchStTime=&searchEnTime=&searchField=homeAll&searchText=,종묘,궁중문화축전 스탬프 투어,체험,종료,체험,현장참여,2024-04-27~2024-05-05,09:00~18:00,"경복궁, 창덕궁, 덕수궁, 창경궁, 경희궁, 종묘",,,"2024 년 봄 궁중문화축전 스탬프 투어 5 대 궁과 종묘를 잇는 궁중문화축전 전용 스탬프 투어 프로그램 ○ 참여기간 : 2024. 4. 27. ~ 5. 5. ○ 참여방법 ① 앱 설치 및 로그인 - 구글 스토어 또는 앱스토어에서 ‘ 스탬프투어 ’ 를 검색하여 설치하고 , 회원가입 및 로그인 하기 (안드로이드 전용) 구글 플레이 스토어 다운로드 (아이폰 전용) 앱스토어 다운로드 ② ‘ 궁중문화축전 ’ 검색 - ‘ 궁중문화축전 스탬프 투어 ’ 검색하기 ③ 궁중문화축전 주요 스팟 20 곳 방문 후 스탬프 획득 ④ 완주 후 선물 신청 버튼을 누르고 개인 정보 입력 & 앱 내 후기 작성 - 선물 신청 시 완주자 대상 특별 이벤트 응모권 획득 ! ⑤ 궁중문화축전 종합안내부스에서 완주 기념품 현장 수령 ♥ 완주 기념품 안내 ♥ 궁중문화축전 모두의 풍속도 스티커 SET(3,000 원 상당 ) ♥ 완주 기념품 수령처 ♥ 1) 경복궁 흥례문 광장 내 종합안내부스 2) 창덕궁 돈화문 앞 종합안내부스 3) 덕수궁 광명문 앞 종합안내부스 4) 창경궁 홍화문 앞 종합안내부스 5) 북촌 코너갤러리 ♣ 완주자 대상 특별 이벤트 ♣ 행사 종료 후 스탬프투어를 완주해 주신 모든 분들 중 추첨을 통해 5 만원 상당의 모바일 상품권을 선물로 드립니다 ! ( 추첨 20 명 / 모바일 발송 ) * 당첨자 발표일 : 2024. 5. 10.( 금 ) * 궁중문화축전 인스타그램 당첨자 공지 및 개별 연락 예정입니다 . ○ 주의사항 - 궁별 입장료는 별도입니다 . - ‘ 스탬프 투어 ’ 앱 내에서 선물 신청 버튼을 눌러야 완주가 인정됩니다 . - 완주 기념품은 축전 기간 내 지정된 수령처에서만 지급 가능합니다 . - 기념품 중복 수령은 불가하며 1 인 1 회 참여만 가능합니다 . - 4 월 27 일 이후에 획득한 스탬프만 인정되며 , 이전에 획득한 스탬프는 인정되지 않습니다 . - 준비된 기념품 수량 소진 시 조기 마감될 수 있습니다 . - 완주자 대상 특별 이벤트 선물은 당첨자 발표 후 7 일 이내에 발송될 예정입니다 . - 부정 사용 시스템 적발 시 기념품 지급이 제외됩니다 . ☎ 행사문의 : 한국문화재재단 궁능활용사업 콜센터 1522-2295",https://www.kh.or.kr/jnrepo/upload/jnPrgFestivalProgram/202403/ae972a3d9f6d47b4a71de9237a4ac7a0_1711161710099.jpg
20,10회,온라인(기타),479,2024 궁중문화축전 10주년 기념 팝업스토어<궁 사이 궁>,체험,"일,월,화,수,목,금,토 10:00 ~ 18:00",https://www.kh.or.kr/jnrepo/upload/jnPrgFestivalProgram/202404/dd00b5cd77b84a11b82db661ad02e284_1713830460245.jpg,팝업,https://www.kh.or.kr/program/view/menu/1292?viewType=ach&idx=479&searchRound=20&searchStTime=&searchEnTime=&searchField=homeAll&searchText=,온라인(기타),2024 궁중문화축전 10주년 기념 팝업스토어<궁 사이 궁>,체험,종료,체험,현장참여,2024-04-23~2024-05-05,10:00~18:00,북촌 코너갤러리 및 가회헌,,,"1. 궁중문화축전 10 주년 기념 팝업스토어 < 궁 사이 궁 > 운영 개요 가 . 기간 : 2024.4.23.( 화 ) ~ 5.5.( 일 ) / 10:00 ~ 18:00 나 . 장소 : 북촌 코너갤러리 및 가회헌 ( 주소 : 서울 종로구 북촌로 5 길 18 코너갤러리 1 층 ) 다 . 내용 ㅇ 코너갤러리 - 궁중문화축전 전용 굿즈 전시 - 모두의 풍속도 캐릭터 만들기 체험 ( 태블릿 PC 이용 ) - 모두의 풍속도 등신대 포토존 (1 인 1 매 무료 인화 가능 ) ㅇ 가회헌 - 궁중문화축전 홍보존 ( 홍보물 및 홍보 영상 ) - 궁중문화축전 전용 굿즈 판매 - 궁중문화축전 특별관람권 궁패스 현장 판매 및 예약 구매자 수령(티켓링크) - 소규모 현장 이벤트 진행 ( 스티커 등 기념품 지급 ) - 스탬프 투어 경품 수령 2. 기타 홍보부스 운영 개요 ( 인천국제공항 ) 가 . 인천국제공항 제 1 여객터미널 (T1) 1 층 입국장 13 번 카운터 ㅇ 위치 : 제 1 여객터미널 (T1) 1 층 입국장 13 번 카운터 (A, B 입국장 사이 게이트 번호 2 번 근처 ) ㅇ 기간 : 2024.4.23.( 화 ) ~ 5.4.( 토 ) / 10:00 ~ 18:00 ㅇ 운영내용 : 궁패스 예약 구 매 자 수령(티켓링크, 해외 플랫폼 ) 및 엽서 , 스티커 제공 ㅇ 참고이미지 나 . 인천국제공항 (T1) 여행자센터 ㅇ 주소 : 인천 중구 공항로 271 제 1 여객터미널 교통센터 지하 1 층 ( 지하철역 방면 ) ㅇ 기간 : 2024.4.23.( 화 ) ~ 5.5.( 일 ) / 10:00 ~ 18:00 ㅇ 운영내용 : 궁패스 예약 구매자 수령(티켓링크), 궁패스 현장 판매 및 엽서 , 스티커 제공 ㅇ 참고 이미지",https://www.kh.or.kr/jnrepo/upload/jnPrgFestivalProgram/202404/dd00b5cd77b84a11b82db661ad02e284_1713830460245.jpg
13,9회,경복궁,388,제18회 한국문화재기능인작품전,전시,"일,월,화,목,금,토 09:00 ~ 21:30",https://www.kh.or.kr/jnrepo/upload/jnPrgFestivalProgram/202310/396022b763ee40adbacbc22ef1535b9f_1696404757639.png,한국문화재기능인작품전,https://www.kh.or.kr/program/view/menu/1292?viewType=ach&idx=388&searchRound=13&searchStTime=&searchEnTime=&searchField=homeAll&searchText=,경복궁,제18회 한국문화재기능인작품전,전시,종료,전시,현장참여,2023-10-13~2023-10-19,09:00~21:30,흥례문 회랑,,,제 18 회 한국문화재기능인작품전 한국문화재기능인작품전은 전통기법과 전통재료를 이용해 제작한 문화재수리기능자들의 개인 작품을 전시·시상하는 행사로 올해로 18회를 맞았다. 문화재수리기능인이 보유한 전통기능과 기술을 뽐낼 수 있는 장을 마련하여 기능향상의 동기를 부여하고 자긍심을 고취하기 위해 진행된다. ㅇ 일시 / 장소 : ( 작품전 ) ‘23. 10. 13.( 일 ) ~ 10. 19.( 화 ) / 경복궁 흥례문 회랑(예정) * 야간 미운영(10. 15.~10. 17.),https://www.kh.or.kr/jnrepo/upload/jnPrgFestivalProgram/202310/396022b763ee40adbacbc22ef1535b9f_1696404757639.png
13,9회,경복궁,384,궁중놀이방(경복궁),체험,"일,월,화,수,금,토 11:00 ~ 17:00",https://www.kh.or.kr/jnrepo/upload/jnPrgFestivalProgram/202310/9b9419091087483182fe5a11e2ac34e1_1696851949309.PNG,궁중놀이방,https://www.kh.or.kr/program/view/menu/1292?viewType=ach&idx=384&searchRound=13&searchStTime=&searchEnTime=&searchField=homeAll&searchText=,경복궁,궁중놀이방(경복궁),체험,종료,체험,현장참여,2023-10-13~2023-10-18,11:00~17:00,경복궁 집경당,,,"궁중놀이방(경복궁) 궁중놀이방은 자원활동가 궁(宮)이둥이와 함께하는 소규모 체험과 이벤트 공간입니다. 가장 가까 운 곳에서 궁이둥이를 만나보세요! · 운영시간: 11:00~17:00(준비시간 12:00~1 3:00) * 10. 15.(일) 11:00~13:00 운영 · 운영장소: 경복궁 집경당 · 참여방법: 현장참여(무료)(경복궁 입장료 별도) · 날짜별 운영프로그램 1. 10월 13일(금)~10월 15일(일) ➤ 궁생샷(사진), 전통 매듭 키링 만들기 체험 2. 10월 16일(월)~ 10월 18일(수) ➤ 궁이둥이를 이겨라(전통놀이), 궁퀴즈 3. 공통 프로그램 ➤ 모두의 풍속도 2023 체험(즉석 체험 및 인쇄, 밑그림 채색 등) · 유의사항: 관람객 참여기회 확대 를 위해 참여횟수는 1인 1회로 한정합니다. 준비된 재료가 소진될 경우 조기마감될 수 있습니다.",https://www.kh.or.kr/jnrepo/upload/jnPrgFestivalProgram/202310/9b9419091087483182fe5a11e2ac34e1_1696851949309.PNG
13,9회,경복궁,383,궁궐일상모습재현 및 체험-왕가의 산책,공연,"일,월,수,목,금,토 10:30 / 14:30",https://www.kh.or.kr/jnrepo/upload/jnPrgFestivalProgram/202310/49aaa9bfd3ec4bb59e12c042fadff2aa_1696334836932.jpg,왕가의 산책,https://www.kh.or.kr/program/view/menu/1292?viewType=ach&idx=383&searchRound=13&searchStTime=&searchEnTime=&searchField=homeAll&searchText=,경복궁,궁궐일상모습재현 및 체험-왕가의 산책,공연,종료,공연,현장참여,2023-10-08~2023-10-13,"일,월,수,목,금,토 10:30 / 14:30",경복궁 일원,,,"궁궐일상모습재현 및 체험- 왕가의 산책 10. 8.( 일 )~10. 13.( 금 ) (10. 10. 휴궁일 제외) 조선시대 왕과 왕비의 거둥을 함께 하며 궁궐(경복궁)의 아름다움을 느낄 수 있는 왕가의 산책 프로그램 *별도 예약 없이 현장관람 가능합니다. 1. 출발장소 : 경복궁 강녕전 2. 행사시간 : 10:30 ~ 14:30 * 휴궁일 ( 화 ) 제외 1 일 2 회 < 경복궁에서 펼쳐지는 왕가의 산책 > 하루 2 번 경복궁에서 왕가와 함께하는 특별한 산책이 펼쳐집니다 . 왕과 왕비 , 왕세자와 세자빈과 함께 걸으며 조선시대 궁궐의 일상을 즐겨보세요 . 함께 걷는 순간 , 여러분이 계시는 경복궁은 조선의 어느 좋은 날이 될 것입니다 . < 왕가의 산책 관람 및 사진촬영 > ○ 행사기간 : 2023. 10. 8.( 일 ) ~ 10. 13.( 금 ) * 휴궁일 ( 화 ) 제외 ○ 행사장소 : 경복궁 일원 ○ 출발장소 : 경복궁 강녕전 ○ 출발시간 : 10:30 / 14:30 (1 일 2 회 ) < 왕가의 산책 이동동선 > ○ 소요시간 : 약 45 분 ○ 오전 (10:30): 출발 - 강녕전 (10:30) → 포토타임 - 경회루 (10:40~10:55) → 도착 - 비현각 (~11:15) ○ 오후 (14:30) 출발 - 강녕전 (14:30) → 포토타임 - 향원정 (14:40-14:55) → 도착 - 비현각 (~15:15) < 프로그램 체험 안내 > ○ 왕가의 산책 관람 ○ 왕가와 사진 촬영 < 안내사항 > ○ 우천시 행사가 취소됩니다 . ○ 경복궁 입장객은 무료 관람하실 수 있습니다 . ○ 대열에 들어오시거나 행사에 방해되는 행동은 금지됩니다 . ○ 사진촬영시 배우 · 복식 등을 만지는 행위는 금지됩니다 . 3. 행사문의 ○ 한국문화재재단 Tel. 02-3210-0778",https://www.kh.or.kr/jnrepo/upload/jnPrgFestivalProgram/202310/49aaa9bfd3ec4bb59e12c042fadff2aa_1696334836932.jpg
13,9회,경복궁,382,2023 국가무형유산 합동 공개행사,공연,"수,토 15:00(구례향제줄풍류) ~ 14:00(가곡)/16:00(판소리)",https://www.kh.or.kr/jnrepo/upload/jnPrgFestivalProgram/202310/e68e36bad2a947f391e47ea1bcee14a6_1696410759424.png,구례,https://www.kh.or.kr/program/view/menu/1292?viewType=ach&idx=382&searchRound=13&searchStTime=&searchEnTime=&searchField=homeAll&searchText=,경복궁,2023 국가무형유산 합동 공개행사,공연,종료,공연,현장참여,2023-10-14~2023-10-18,15:00(구례향제줄풍류)~14:00(가곡)/16:00(판소리),경복궁 건춘문 일원,회차별 100명,,2023 국가무형유산 합동 공개행사 일정 내용 시간 10.14.(토) 구례향제줄풍류 15:00~16:30 (90분) 10.18.(수) 가곡(조순자) 14:00~15:30 (90분) 판소리 안숙선 16:00~17:30 (90분),https://www.kh.or.kr/jnrepo/upload/jnPrgFestivalProgram/202310/e68e36bad2a947f391e47ea1bcee14a6_1696410759424.png
13,9회,경복궁,381,궁중풍류,공연,"금,토 15:00 ~ 15:50",https://www.kh.or.kr/jnrepo/upload/jnPrgFestivalProgram/202310/6b907c6f5cd5479c80a8915e2864ce2e_1696851762851.PNG,궁중풍류,https://www.kh.or.kr/program/view/menu/1292?viewType=ach&idx=381&searchRound=13&searchStTime=&searchEnTime=&searchField=homeAll&searchText=,경복궁,궁중풍류,공연,종료,공연,현장참여,2023-10-13~2023-10-14,15:00~15:50,경복궁 수정전,,,"○ 행사일시 : 10. 13.( 금 )~10. 14.( 토 ) 15:00~15:50(1 일 1 회 /50 분 ) ○ 행사장소 : 경복궁 수정전 ○ 관람방법 : 현장관람 ○ 행사내용 : 다양한 장르의 신진 아티스트 공연 ○ 출 연 진 : 이음아트프로젝트 (1 일차 / 클래식 ), 휘영청 (2 일차 / 국악 ) <이음아트프로젝트 > 예술과 사람을 잇다, 이음아트프로젝트의 크로스오버 콘서트 다채로운 음색의 클래식 악기와 대중음악의 화려한 콜라보레이션! < 휘영청> ‘휘영청. 보름달이 휘영청 밝게 떠있다.’ 휘영청은 무엇인가가 떠오를 때 빛을 내며 환해지는 형상을 의미한다. 전통음악의 뜻을 가진 연주자들이 만나 각자 쌓아온 음악적 지식과 예술의 가치를 소통하며 밝게 떠오른다는 의미를 담고 있다. 가야금. 대금, 피리, 아쟁, 타악 연주자와 판소리 전공자로 구성되어 있으며 각자의 자리에서 다양하게 활동하는 연주자들이 모여 자신들이 가진 음악적 역량을 세상에 내보내면서 전문인으로 한 걸음 더 나아가는 것이 그들의 목표이다. ‘휘영청’ 이라는 뜻에 걸맞게 연주할 때 가장 빛날 수 있는 음악인으로 성장할 것이다.",https://www.kh.or.kr/jnrepo/upload/jnPrgFestivalProgram/202310/6b907c6f5cd5479c80a8915e2864ce2e_1696851762851.PNG
13,9회,경복궁,380,판소리로 듣는 궁 이야기,공연,"금,토 11:00-12:00 / 14:00-15:00",https://www.kh.or.kr/jnrepo/upload/jnPrgFestivalProgram/202310/981f292b53084628b7c888353460cb38_1696852105519.PNG,입과손,https://www.kh.or.kr/program/view/menu/1292?viewType=ach&idx=380&searchRound=13&searchStTime=&searchEnTime=&searchField=homeAll&searchText=,경복궁,판소리로 듣는 궁 이야기,공연,종료,공연,사전예약,2023-10-13~2023-10-14,"금,토 11:00-12:00 / 14:00-15:00",경복궁 흥복전,,궁능활용사업 콜센터(1522-2295),"판소리로 듣는 궁 이야기 일시: 10. 13.( 금 )~10. 14.( 토 ) (1 회차 )11:00~12:00 / (2 회차 )14:00~15:00 (60 분 ) 장소: 경복궁 흥복전 티켓오픈 : 2023 년 10 월 6 일 ( 금 ) 14 시 네이버예약 <<클릭 ‘ 판소리로 듣는 궁 이야기 ’ 는 경복궁의 복원 이야기를 담은 창작 판소리 공연입니다 . 달하 노피곰 도다샤 1395 년 , 조선의 정궁 경복궁 창건 . 한 왕조의 권위를 세상에 알리며 경북궁이 창건되었다 . 허나 그 궁은 창대한 시작과는 달리 그리 순탄치만은 않은 운명을 견뎌야만 했다 . 임진왜란으로 불길에 휩싸인 궁을 바라보며 피땀으로 그것을 쌓아올린 백성들은 뜬눈으로 밤을 지새우며 눈물을 흘렸다 . 그 참담한 모습을 고스란히 기억하는 이가 있었으니 … 세워지고 무너지고 , 세워지고 무너지기를 반복하는 궁의 끈질긴 생명력과 그것을 기억하는 이들에 대한 이야기 . 2023 년 현재까지도 서울 한복판에 자리 잡은 경복궁의 끈질긴 생명력 , 그리고 슬픈 역사를 담은 이야기가 판소리로 펼쳐진다 . < 공연장소 > 경복궁 흥복전 경복궁 흥복전은 고종의 경복궁 중건 (1866~1867 년 ) 때 왕의 경연 , 외국공사 접견 , 신하 소견 등을 위해 지어졌습니다 . 일제강점기 창덕궁 대조전 복구공사를 위한 목재 용도로 헐렸다가 (1917 년 ), 지난 2019 년 궁궐 복원정비 사업을 통해 100 여년 만에 우리 곁으로 다시 돌아왔습니다 . < 창작 · 출연 > 입과손스튜디오 객원연주 : 조선아 ( 가야금 ) 입과손스튜디오는 오랜 기간 판소리 창작 작업을 함께해 온 소리꾼과 고수가 모인 작업공동체이다 . 이번 궁중문화축전 공연에서는 소리꾼 이승희와 고수 김홍식 , 이향하 , 객원연주자 가야금 조선아가 함께한다 . 입과손은 판소리라는 연희양식이 가지고 있는 여러 가지 가능성을 다양한 각도에서 실험한다 . < 특별선물 > 궁중문화축전 ‘ 판소리로 만나는 궁 ’ 사전예매자에게는 4 대궁과 종묘의 아름다운 전각을 특별한 시각으로 포착한 ‘ 궁 큐브 ’ 를 선물로 드립니다 . (1 인 1 개 한정 ) < 오시는 길 > 서울 종로구 사직로 161 경복궁 흥복전 은 경복궁 매표소에서 도보로 수 분 소요됩니다 . ( 경복궁 입장권 별도 구매 ) 대중교통 을 이용하시면 공연장까지 더 편리하게 오실 수 있습니다 . * 버스 : 109, 171, 272, 601, 606, 1020, 7025 번 버스 ( 경복궁 남측 ), 1020, 1711, 7016, 7018, 7022, 7212, 6011, 9703 번 버스 ( 경복궁 서측 ) * 지하철 : 경복궁역 3 번 출구 ( 도보 약 15 분 ), 안국역 1 번 출구 ( 도보 약 20 분 ) * 주차 : 경복궁 동편 주차장 ( 유료 )( 도보 약 15 분 ) < 입장안내 > - 입장시간 : (1 회차 ) 10:30~10:50 / (2 회차 ) 13:30~13:50 - 입장장소 : 경복궁 흥복전 앞 등록데스크 ( 총 1 곳 ) - 사전예약자 확인을 위하여 예매자 본인의 신분증을 반드시 지참 해주시기 바랍니다 . ( 주민등록증 , 운전면허증 , 여권 , 신분증 재발급 신청서 , 외국인등록증 ) * 가족관계에 한하여 증빙 ( 등본 , 가족관계증명서 ) 지참 시 양도가 가능합니다 . ( 가족 외 타인양도 불가 ) - 공연당일 입장시간 이후 도착 시 예약부도 ( 노쇼 ) 로 간주 하여 현장접수를 진행합니다 . < 사전예매 안내 > - 사전예매 : 온라인 ( 네이버예약 ) / 2032. 10. 6.( 금 ) 14:00~ - 예매매수 : 1 인 최대 4 매 - 티켓가격 : 무료 ( 경복궁 입장료 별도 ) < 현장관람 안내 > - 현장관람 ( 착석 ) 은 사전예약자 예약부도 ( 노쇼 ) 상황에 따라 유동적으로 운영됩니다 . - 현장관람 ( 스탠딩 ) 은 별도 인원제한 없이 가능합니다 . < 유의사항 > - 본 공연은 흥복전 앞마당 관람구역 내 비지정석 입니다 . - 본 공연의 관람권에 경복궁 입장권은 포함되어 있지 않습니다 . - 야외공연의 특성 상 행사당일 기상청 일기예보 기준 5mm 이상 우천예보 시 행사가 취소될 수 있습니다 . ( 사전예매자 개별 안내 ) - 궁궐 내 모든 공간은 금연구역입니다 . - 문화재 보호구역으로 음식물 , 인화물질 , 놀이기구의 반입이 제한됩니다 . 문의 : 한국문화재재단 궁능활용사업 콜센터 (1522-2295)",https://www.kh.or.kr/jnrepo/upload/jnPrgFestivalProgram/202310/981f292b53084628b7c888353460cb38_1696852105519.PNG
13,9회,경복궁,378,아티스트가 사랑한 궁,공연,"화,수 19:00 ~ 20:10",https://www.kh.or.kr/jnrepo/upload/jnPrgFestivalProgram/202309/05b613fd1c264fc995ad0f11503b5828_1695278035111.jpg,23가을 아사궁,https://www.kh.or.kr/program/view/menu/1292?viewType=ach&idx=378&searchRound=13&searchStTime=&searchEnTime=&searchField=homeAll&searchText=,경복궁,아티스트가 사랑한 궁,공연,종료,공연,사전예약,2023-10-17~2023-10-18,19:00~20:10,경복궁 집옥재,,궁능활용사업 콜센터(1522-2295),"2023 가을 궁중문화축전 < 아티스트가 사랑한 궁> 일시: 10. 17.( 화 )~10. 18.( 수 ) 19:00~20:10(70 분 ) / 경복궁 집옥재 티켓오픈 : 2023 년 10 월 6 일 ( 금 ) 14 시 네이버예약 <<클릭 ‘ 아티스트가 사랑한 궁 ’ 은 아티스트와 함께 궁궐의 아름다움을 전하는 초청공연입니다 . 가을밤 , 특별한 선율이 흐르는 경복궁 집옥재 로 여러분을 초대합니다 . 1 일차 | 10. 17.( 화 ) 19:00~20:10(70 분 ) 가 을 을 만끽할 우리소리 우리음악의 정수를 만나다 출연 : 두번째달 , 김준수 , 하윤주 , 김무빈 드라마 < 궁 >, < 구르미 그린 달빛 > OST 등 한국적 정서를 음악에 담아내는 월드뮤직밴드 두번째달과 판소리계의 아이돌 김준수 , 정가 하윤주 , 경기민요 김무빈이 함께 펼치는 국악 컬래버레이션 공연 2 일차 | 10. 18.( 수 ) 19:00~20:10(70 분 ) 궁궐의 새로운 매력을 만나는 양방언의 프론티어 (Frontier) 출연 : 양방언 부산아시안게임 공식 주제곡 < 프론티어 (Frontier)>, 다큐멘터리 < 차마고도 (KBS)>, 영화 < 천년학 > 등 대중에게 익숙한 양방언의 음악을 피아노 , 현악 , 브라스 등 서양 악기와 태평소 등 동양 악기의 조화로운 멋을 통해 선보이는 크로스오버 공연 < 공연장소 > 경복궁 집옥재 ‘ 옥 ( 玉 ) 과 같이 귀한 보배를 모은다 [ 集 ]’ 라는 뜻의 경복궁 집옥재는 고종의 서재와 외국사신 접견 장소로 사용되었습니다 . 경복궁의 까만 밤을 은은하게 밝히는 집옥재의 특별한 시간을 < 아티스트가 사랑한 궁 > 에서 만나보세요 . < 오시는 길 > 서울 종로구 사직로 161 경복궁 공연장 입장은 신무문 으로만 가능합니다 . ( 청와대 정문 맞은편 ) ( 경복궁 흥례문광장 , 국립민속박물관 출입구 등 이용불가 ) 대중교통 을 이용하시면 공연장까지 더 편리하게 오실 수 있습니다 . * 버스 : 1711, 1020, 7018, 7016, 7022, 7212 번 버스 승차 후 효자동 정류장 하차, 종로 01 번 버스승차 후 청와대 정류장 하차 * 지하철 : 경복궁역 3 번 출구 ( 도보 약 20 분 ), 안국역 1 번 출구 ( 도보 약 25 분 ) * 주차 : 경복궁 동편 주차장 ( 유료 )( 도보 약 20 분 ) < 입장안내 > - 입장시간 : 공연당일 18:20~18:50 - 입장장소 : 경복궁 신무문 등록데스크 ( 총 1 곳 ) - 사전예약자 확인을 위하여 예매자 본인의 신분증을 반드시 지참 해주시기 바랍니다 . ( 주민등록증 , 운전면허증 , 여권 , 신분증 재발급 신청서 , 외국인등록증 ) * 가족관계에 한하여 증빙 ( 등본 , 가족관계증명서 ) 지참 시 양도가 가능합니다 . ( 가족 외 타인양도 불가 ) - 공연당일 18:50 이후 도착 시 예약부도 ( 노쇼 ) 로 간주 하여 현장접수를 진행합니다 . < 사전예매 안내 > - 사전예매 : 온라인 ( 네이버예약 ) / 2032. 10. 6.( 금 ) 14:00~ - 예매매수 : 1 인 최대 5 매 - 티켓가격 : 무료 < 현장접수 안내 > - 접수시간 : 공연당일 18:20~18:50 - 접수장소 : 경복궁 신무문 등록데스크 - 접수인원 : 1 일 100 명 예정 (1 인 최대 5 명 접수가능 ) - 유의사항 : 현장접수는 사전예약자 예약부도 ( 노쇼 ) 상황에 따라 접수인원이 변동될 수 있으며 , 착석이 어려우실 수 있습니다 . < 유의사항 > - 본 공연은 행사진행 및 안전상의 이유로 미취학 아동의 관람을 제한 합니다 . - 본 공연은 집옥재 앞마당 관람구역 내 비지정석 입니다 . - 공연당일 공연 관람구역 외 경복궁 야간관람은 불가 합니다 . - 야외공연의 특성 상 행사당일 오후 4 시 기상청 일기예보 기준 5mm 이상 우천예보 시 행사가 취소될 수 있습니다 . ( 사전예매자 개별 안내 ) - 궁궐 내 모든 공간은 금연구역입니다 . - 문화재 보호구역으로 음식물 , 인화물질 , 놀이기구의 반입이 제한됩니다 .",https://www.kh.or.kr/jnrepo/upload/jnPrgFestivalProgram/202309/05b613fd1c264fc995ad0f11503b5828_1695278035111.jpg
13,9회,경복궁,377,경복궁 생과방,체험,"일,월,화,수,목,금,토 10:00/11:40 / 13:50/15:30",https://www.kh.or.kr/jnrepo/upload/jnPrgFestivalProgram/202310/e86225f5761a4c2ca16f626c4331e1df_1696409733035.jpg,생과방,https://www.kh.or.kr/program/view/menu/1292?viewType=ach&idx=377&searchRound=13&searchStTime=&searchEnTime=&searchField=homeAll&searchText=,경복궁,경복궁 생과방,체험,종료,체험,사전예약,2023-09-07~2023-10-21,"일,월,화,수,목,금,토 10:00/11:40 / 13:50/15:30",경복궁 생과방,,궁능활용프로그램 콜센터 1522-2295,"경복궁 소주방 전각에 위치한 ‘생과방’은 궁중의 육처소(六處所) 가운데 하나이며, ‘국왕과 왕비’의 후식과 별식을 준비하던 곳으로 ‘생물방’ 혹은 ‘생것방’이라고도 불렸습니다. 경복궁 생과방 프로그램은 조선왕조실록의 내용을 토대로 실제 임금이 먹었던 궁중병과와 궁중약차를 오늘날에도 즐길 수 있도록 구성된 유료 체험 프로그램입니다.",https://www.kh.or.kr/jnrepo/upload/jnPrgFestivalProgram/202310/e86225f5761a4c2ca16f626c4331e1df_1696409733035.jpg
13,9회,경복궁,373,2023 고궁음악회 ‘풍류에 그루브를 더하다’,공연,"수,목,금,토 13:00, 16:00 ~ 19:30",https://www.kh.or.kr/jnrepo/upload/jnPrgFestivalProgram/202309/6e5f193796d84097befb5f03c1559cda_1695283321433.jpg,고궁음악회 그루브,https://www.kh.or.kr/program/view/menu/1292?viewType=ach&idx=373&searchRound=13&searchStTime=&searchEnTime=&searchField=homeAll&searchText=,경복궁,2023 고궁음악회 ‘풍류에 그루브를 더하다’,공연,종료,공연,현장참여,2023-10-13~2023-10-20,"13:00, 16:00~19:30",경복궁 수정전,,궁능활용프로그램 콜센터 1522-2295,"2023 고궁음악회 ‘ 풍류에 그루브를 더하다 ’ ‘ 고궁음악회 ’ 는 우리 궁의 장소적 특색을 살린 궁궐 특화 공연입니다 . 2023 년 하반기에는 상설공연 ‘ 풍류에 그루브 (Groove) 를 더하다 ’ 를 통해 국악 , 전통무용 등과 재즈를 다양하게 크로스오버한 수준급 공연을 선보입니다 . 1. 행사안내 ○ 공연내용 : 국악과 재즈의 크로스오버 공연 ○ 공연일시 : 2023. 10. 13.( 금 )~10. 14.( 토 ) (13:00, 16:00/ 일 2 회 ) 2023. 10. 18.( 수 )~10. 20.( 금 ) (13:00, 16:00, 19:30/ 일 3 회 ) ○ 러닝타임 : 약 60 분 ○ 공연장소 : 경복궁 수정전 ○ 공연방식 : 현장참여 ( 사전예매 없이 진행 / 무료 ) 2. 프로그램 및 출연진 안내 날짜 출연진 ( 재즈 / 국악 ) 사회 10.18.( 수 ) 10.19.( 목 ) ( 리듬앤브라스 ) 손성목 ( 색소폰 ) 김민수 ( 트럼본 / 보컬 ) 정다운 ( 트럼펫 ) 정구선 ( 베이스 ) 김희진 ( 드럼 ) 오윤희 ( 피아노 ) 이서진 ( 보컬 ) 김규현 ( 피리 ) 김한예지 ( 장구 ) 최광동 ( 장구 ) 정예주 ( 가야금 ) 이기수 ( 대금 ) 구민지 ( 정가 ) 최여완 ( 정가 ) 한국문화재재단 예술단 ( 무용 ) ( 정수민 , 송나영 , 도여정 , 이현희 , 조윤정 , 박다인 , 정송희 , 이유정 ) 구민지 최여완 10.13.( 금 ) 10.14.( 토 ) 10.20.( 금 ) ( 페이머스 ) 강환수 ( 베이스 ) 이은마루 ( 드럼 ) 김진수 ( 피아노 ) 임채희 ( 보컬 ) 3. 문의 ○ 행사문의 : 궁능활용프로그램 콜센터 1522-2295",https://www.kh.or.kr/jnrepo/upload/jnPrgFestivalProgram/202309/6e5f193796d84097befb5f03c1559cda_1695283321433.jpg
13,9회,경복궁,372,2023 고궁음악회 발레x수제천,공연,"목,금,토 19:00 ~ 20:10",https://www.kh.or.kr/jnrepo/upload/jnPrgFestivalProgram/202309/097c1516eb194761820b9d7fa7039984_1695274497968.jpg,발레x수제천 포스터,https://www.kh.or.kr/program/view/menu/1292?viewType=ach&idx=372&searchRound=13&searchStTime=&searchEnTime=&searchField=homeAll&searchText=,경복궁,2023 고궁음악회 발레x수제천,공연,종료,공연,사전예약,2023-10-12~2023-10-14,19:00~20:10,경복궁 집옥재 앞마당,,티켓문의 : 티켓링크 고객센터 1588-7890 /행사문의 : 궁능활용프로그램 콜센터 1522-2295,"‘ 고궁음악회 ’ 는 우리 궁의 장소적 특색을 살린 궁궐 특화 공연입니다 . 아름다운 가을밤 , 고즈넉한 궁궐에서 국악과 발레의 크로스오버 공연을 즐겨보세요 . 1. 행사안내 ○ 공연내용 : 국악과 발레의 크로스오버 공연 ○ 공연일시 : 2023. 10. 12.( 목 )~14.( 토 ) 19:00~20:10 / 3 일 3 회 ○ 러닝타임 : 70 분 ○ 공연장소 : 경복궁 집옥재 앞마당 2. 예매안내 ○ 예매금액 : 1 인 20,000 원 *ID 당 5 매 가능 ○ 예매오픈 : 2023. 9. 25.( 월 ) 14:00 ○ 인터넷 예매 - 예매처 : 티켓링크 https://www.ticketlink.co.kr/product/46029 ○ 전화예매 - 예매대상 : 만 65 세 이상 , 장애인 , 국가유공자 - 예매방법 : 티켓링크 고객센터 1588-7890 - 예매시간 : 평일 10:00~19:00 ○ 할인정보 - 장애인 : 50% 할인 (1~3 급 : 본인포함 2 인 , 4 급 이하 : 본인한정 ) - 국가유공자 : 본인 한정 50% 할인 * 현장에서 티켓 수령 시 , 증빙서류를 지참하지 않은 경우 참가 취소 조치되며 별도의 환불이 불가 함을 알려드립니다 . 3. 프로그램 안내 구분 주요내용 첫째 마당 - 발레정재 우리 국악 중 ‘ 천상의 선율 ’ 이라고 불리우는 수제천과 클래식 발레가 만나 21 세기 정재를 제안한다 . 태평성대를 기원하는 남창가곡 태평가로 발레정재를 시작한다 . 둘째 마당 - 발레판타지 로맨틱 발레의 특징을 전통 음악들과의 융합으로 재현한다 . 경복궁으로 내려온 북악산의 요정과 정겨운 도깨비들이 태평가 , 침향무 연주와 한껏 어우러지며 판소리가 의미를 더한다 . 셋째 마당 - 발레비나리 생황과 단소 병주인 수룡음에 이어 , 사물놀이 장단의 역동성과 젊은 무용수들의 컨템퍼러리 발레의 에너지가 상승효과를 일으킨다 . 관객들에게 감사와 축원의 비나리를 전하며 막을 내린다 . 4. 유의사항 ○ 티켓 및 관람 - 미취학 아동은 행사 진행 및 안전상의 이유로 참여가 불가능합니다 . - 100% 사전예약제로 운영되며 , 별도의 현장판매는 진행되지 않습니다 . - 본 행사는 비지정석이며 , 당일 입장 순서에 따라 좌석 선택이 가능합니다 . - 예매하신 본인 입장이 원칙이며 타인 양도가 불가합니다 . ※ 단 , 가족관계일 경우 증빙자료 ( 등본 , 가족관계증명서 ) 지참시만 예외적으로 양도가 가능합니다 . ( 인터넷 일반 예매 시에만 가능하며 , 전화예매 및 할인티켓의 경우 양도 불가 ) - 예매자 신분증 및 예매내역 ( 예매번호 ) 을 꼭 지참하셔야 합니다 .( 증빙 미지참시 입장불가 ) - 취소와 환불은 티켓링크의 규정을 준수합니다 .(* 취소 마감시간 : 공연 전일 5 시 전 ) - 플래시 사용 불가 / 삼각대 사용 불가 / 음식물 반입 금지 - 공연 관람객은 공연 구역에만 입장하실 수 있습니다 . 경복궁 야간개장 구역은 들어가실 수 없습니다 . ○ 접 수 - 접수장소 : 경복궁 신무문 안 접수데스크 - 접수시간 : 공연 당일 18:20 에 접수 시작 및 입장 5. 문의 ○ 티켓문의 : 티켓링크 고객센터 1588-7890 ○ 행사문의 : 궁능활용프로그램 콜센터 1522-2295",https://www.kh.or.kr/jnrepo/upload/jnPrgFestivalProgram/202309/097c1516eb194761820b9d7fa7039984_1695274497968.jpg
13,9회,경복궁,351,2023 세종대왕자 태실 태봉안의식(성주군),재현,화 14:00 ~ 15:00,https://www.kh.or.kr/jnrepo/upload/jnPrgFestivalProgram/202304/87f984b355a74feba413b4e3e5c8e75d_1682259232463.jpg,태봉안,https://www.kh.or.kr/program/view/menu/1292?viewType=ach&idx=351&searchRound=13&searchStTime=&searchEnTime=&searchField=homeAll&searchText=,경복궁,2023 세종대왕자 태실 태봉안의식(성주군),재현,종료,재현,현장참여,2023-05-02~2023-05-02,14:00~15:00,"교태전, 강녕전",,,"2023 세종대왕자 태실 태봉안의식(성주군)-태실의 나라, 새 길을 열다! 세종대왕태실이 위치한 성주군이 진행하는 세종대왕자 태실 태봉안의식을 재현 행사 세태의식(경복궁 교태전) 태봉지 낙점 및 교지 선포(경복궁 강녕전) 태를 누자에 안치하는 의식(경복궁 강녕전) 태 봉안 행렬(경복궁>>광화문 광장) 태 봉안 축하연(광화문 광장)",https://www.kh.or.kr/jnrepo/upload/jnPrgFestivalProgram/202304/87f984b355a74feba413b4e3e5c8e75d_1682259232463.jpg
13,9회,경복궁,334,고궁음악회-풍류에 그루브를 더하다,공연,"일,월,화,수,목,금,토 4. 29.-5. 2.11:00/15:00 ~ 5. 3.-6. 19:30-20:20",https://www.kh.or.kr/jnrepo/upload/jnPrgFestivalProgram/202304/2dde21d184344815a480a6c26be19d71_1682082400948.jpg,2023 고궁음악회,https://www.kh.or.kr/program/view/menu/1292?viewType=ach&idx=334&searchRound=13&searchStTime=&searchEnTime=&searchField=homeAll&searchText=,경복궁,고궁음악회-풍류에 그루브를 더하다,공연,종료,공연,현장참여,2023-04-29~2023-05-06,4. 29.-5. 2.11:00/15:00~5. 3.-6. 19:30-20:20,경복궁 수정전,,02-3210-0799,"2023년에도 아름다운 궁궐을 국악의 멋과 흥으로 채울 궁궐 특화 공연, 고궁음악회의 상반기 일정을 공개합니다. 특히 상반기 공연은 모두 현장관람으로 진행되어 전석 무료입니다.(궁 입장료 별도) 햇살 좋은 봄에 더욱 예쁜 궁궐에서 프리미엄 국악 공연을 즐겨보세요! 1. 행사명 : 풍류에 그루브(Groove)를 더하다 2. 일정 ○ 4. 29.(토) ~ 5.2.(화) / 11:00. 15:00 ○ 5. 3.(수) ~ 5. 6.(토) / 19:30 3. 장소 : 경복궁 수정전 4. 내용 : 재즈 선율을 기반으로 하여 국악, 전통무용 등과 다양한 콜라보 공연 5. 출연진 ○ (재즈) 리듬앤브라스, 페이머스 ○ (국악) 가야금(정예주), 대금(이기수), 장구(최광동), 정가(남/김재민), 정가(여/구민지) ○ 한국문화재재단 예술단 6. 행사문의 ○ 궁능활용프로그램 콜센터 1522-2295 ○ 한국문화재재단 고궁음악회 담당 02-3210-0799 7. 프로그램 소개 <고궁음악회>는 궁궐 특화 공연으로 궁궐의 장소성 및 권역별 특색을 활용하여 고품격 공연 관람 콘텐츠를 제공하고자 합니다. 2023년 상반기에는 상설공연 ""풍류에 그루브(Groove)을 더하다""를 통해 국악, 전통무용 등과 재즈를 다양하게 콜라보 한 수준급 공연을 선보입니다. Concert at Palace plans to provide the audience with a unique opportunity to enjoy the arts surrounded by the graceful ambiance of the traditional palce. Groove Meets Pungnyu will take place during the first half of the 2023, hosting A wide spectrum of musicians as well as dancers.(*Pungnyu is a Korean word that literally means wind flowing. It means appreciation of the arts and entertainment.) 구분 Time 날짜 Date 출연진 ( 재즈 ) Performer(Jazz) 출연진 ( 국악 ) Performer(Korean Traditional Music) 주간 Daytime 4.29. ( 토 /Sat) 리듬앤브라스 (Rhythm and brass) 정예주 ( 가야금 ) Jeong Yeju (Gayageum Zither) 이기수 ( 대금 ) Lee Kisoo (Daegeum Flute) 최광동 ( 장구 ) Choi Kwangdong (Janggu Drum) 김재민 ( 남 / 정가 ) Kim Jaemin (Classic Vocal Music of Korea/Man) 구민지 ( 여 / 정가 ) KooMinji (Classic Vocal Music of Korea/Woman) 4.30. ( 일 /Sun) 페이머스 (FAMoUS) 5.1. ( 월 /Mon) 페이머스 (FAMoUS) 5.2. ( 화 /Tue) 리듬앤브라스 (Rhythm and brass) 야간 Nighttime 5.3. ( 수 /Wed) 리듬앤브라스 (Rhythm and brass) 한국문화재재단 예술단 ( 무용 ) KCHF Performance Arts Group(Korean Dance) 5.4. ( 목 /Thu) 리듬앤브라스 (Rhythm and brass) 5.5. ( 금 /Fri) 페이머스 (FAMoUS) 5.6. ( 토 /Sat) 페이머스 (FAMoUS) 만든 사람들 (Art Director and Composer) 김청림 / 편곡 및 작곡 Kim Chunglim / Arrangement & Composition 김경숙 / 예술감독 Kim Kyungsook / Art director 양서윤 / 안무지도 훈련장 Yang Seoyoon / Director of choreography group 8. 우천 시 취소 안내 ○ 행사 당일 오전 11시 기준 5mm 이상 예보될 경우(기상청 예보 기준) 행사가 취소되며, 한국문화재재단 홈페이지 및 궁인 인스타그램을 통해 공지됩니다. [고궁음악회 상반기 공연 널리 소문내기 이벤트] 인스타그램 리그램 이벤트 참여하신 100분께 커피쿠폰 드려요! 1. 참여방법 ○ 궁인 인스타 계정(@goongin_official) 팔로우 ○ 필수 해시태그 달고 공유 캡처 또는 리그램 ○ 응원 댓글은 필수! 2. 이벤트 기간 : 5월 4일(목)까지 선착순 3. 필수 해시태그 #2023고궁음악회 #풍류에그루브를더하다 #풍류에힙을더하다",https://www.kh.or.kr/jnrepo/upload/jnPrgFestivalProgram/202304/2dde21d184344815a480a6c26be19d71_1682082400948.jpg
13,9회,경복궁,327,2023년 경복궁 별빛야행,체험,"일,수,목,금,토 18:40 / 19:40",https://www.kh.or.kr/jnrepo/upload/jnPrgFestivalProgram/202304/a8707fd884f84bc1a9a37a58d01adece_1681741386489.PNG,별빛,https://www.kh.or.kr/program/view/menu/1292?viewType=ach&idx=327&searchRound=13&searchStTime=&searchEnTime=&searchField=homeAll&searchText=,경복궁,2023년 경복궁 별빛야행,체험,종료,체험,사전예약,2023-04-29~2023-05-07,"일,수,목,금,토 18:40 / 19:40",경복궁 일원,,1522-2295,"○ 1차 예매 4.7(금) 14시 ~ | 행사기간 4.15. ~ 4.27. 예매 가능 ○ 2차 예매 4.21(금) 14시 ~ | 행사기간 4.29. ~ 5.13. 예매 가능 ○ 예매처 : 티켓링크 * 아이디당 2매 예약가능 * URL : http://www.ticketlink.co.kr/product/43385 봄 깊은 밤, 경복궁 별빛야행에 여러분을 초대합니다. 은은한 별빛 아래 경복궁 소주방에서 국악공연을 즐기며 임금님의 수라살을 맛보고, 전문해설사와 함께 경복궁 별빛산책을 떠나볼까요. 장고, 집옥재와 팔우정, 건청궁을 거치며 궁궐의 옛 이야기를 마주하고, 쏟아지는 별빛아래에서 고종이 거닐었던 향원정의 정취를 느껴보세요. 별 가득한 4월의 밤, 경복궁의 문이 열립니다. 1. 행사기간(Event Period) : 2023년 4월 15일 ~ 5월 13일 2. 행사시간(Event Time) ○ 1회 : 18:40 ~ 20:30 ○ 2회 : 19:40 ~ 21:30 3. 별빛 산책로 ○ 장고 관람 → 팔우정 관람 → 집옥재 관람 → 건청궁 관람 → 향원정 관람 → 퇴장 ○ 외소주방 : 도슭수라상과 궁중음식체험과 국악공연 ○ 장고 : 장고마마와 나인의 작은 극 관람 ○ 집옥재, 팔우정 : 내부관람 ○ 건청궁 : 해설사의 전각 설명 및 관람 ○ 향원정 : 취향교 건너 특별 관람 4. 도슭수라상 소개 ○ 귀한 손님을 위해 수라상을 내올리다 ○ '도슭'은 도시락의 옛말로 왕과 왕비에게 올리던 최고의 일상식인 12첩 반상을 현대적으로 해석해 합에 정갈히 나누어 담아낸 음식입니다. <도슭수라상>을 구성하는 열두가지 음식에는 선조들의 음식 철학인 음양오행과 함께 약과 음식은그 근원이 같다는 약식동원의 의미가 담겨 있습니다. <음식 구성> ○ 표고버섯 석류탕 ○ 진지, 너비아니, 호박전, 생선완자전 ○ 오이송송이, 호두조림, 더덕구이, 삼합정과 ○ 해물잣즙채, 탕평채, 저염명란젓, 김치 ○ 전복초, 모약과, 꽃인절미, 정과1종, 오미자차 5. 예매안내 ○ 판매일시 : 2023. 4. 7. / 14:00 ~ ○ 예매처 : 티켓링크 * 아이디당 2매 예약가능 * URL : http://www.ticketlink.co.kr/product/43385 ○ 행사기간 : 2023. 04. 15.(토) ~ 05. 13.(토) / 월, 화 휴무 * 축전 개막식 4. 28.(금) 휴무 ○ 행사시간 - (1회) 18:40 ~ 20:30 - (2회) 19:40 ~ 21:30 ○ 참여인원 : 회당 32명 ○ 참가비 : 1인 기준 60,000원 / 55,000원(시야제한석) ○ 전화예매 - 예매대상 : 만 65세 이상, 장애인, 국가유공자 * 티켓링크 : 1588-7890 ○ 할인정보 - 장애인 중증(1~3급) 동반 1인까지, 경증(4~6급) 본인만 50% 할인 - 국가유공자 (본인만) 50% 할인 * 현장에서 예매자 신분증 및 증빙서류 확인 후 입장 가능. 반드시 본인 입장. ○ 행사참여 안내 : 음식체험 및 야간 해설탐방이 110분에 걸쳐 진행되며 내부관람도 포함되어 있으니 편한 신발과 겉옷을 준비해 주시기 바랍니다. ○ 문의 : 티켓링크 1588-7890 / 행사문의 궁능활용프로그램 콜센터 1522-2295 6. 예매 시 유의사항 ○ 미취학 아동은 안전상의 이유로 참여가 불가합니다. ○ 100% 사전예약제로 운영되며, 별도의 현장판매는 진행되지 않습니다. ○ 아이디당 최대 2매까지 예매 가능합니다. ○ 예매하신 본인 입장이 원칙이며 타인 양도가 불가합니다. (가족관계일 경우 등본, 가족관계증명서 등 증빙자료 지참시만 예외적으로 양도가 가능합니다.) ○ 본 행사좌석은 현장 선착순으로 32인 1개조로 구성되어 관람이 진행됩니다. (시야제한좌석은 지정석입니다.) ○ 만 65세 이상, 국가유공자, 장애인 전화예매의 경우 증빙자료를 필수로 지참하셔야 하며 꼭 신청자는 참석 하여야 합니다. 현장에서 불참시 취소되는 점 양해 부탁드립니다. ○ 행사의 취소와 환불은 티켓링크 규정을 준수합니다. ○ 마감기간 경과 후 취소 및 변경은 불가합니다. ○ 관람시 유의사항 - 접수장소 : 경복궁 민속박물관 앞 안내데스크 - 접수시간 : 행사 시작 20분 전 시작 ○ 우천시 안내 - 행사 당일 오전 11시 기상청 예보 기준 - 1~4mm 예보 시 : 행사 정상진행(정상 진행에 대한 관람객 개별 문자 통지) - 5mm 이상 예보 시 : 행사 취소(관람객 개별 문자 통지 및 유선 연락)",https://www.kh.or.kr/jnrepo/upload/jnPrgFestivalProgram/202304/a8707fd884f84bc1a9a37a58d01adece_1681741386489.PNG
13,9회,경복궁,324,2023년 경복궁 생과방 - 경복궁에서 마주한 특별한 시간,체험,"일,월,화,수,목,금,토 10:00/11:40 / 13:50/15:30",https://www.kh.or.kr/jnrepo/upload/jnPrgFestivalProgram/202304/499f77fb62164b83b28d4ce905d9fe06_1681740827603.PNG,생과방,https://www.kh.or.kr/program/view/menu/1292?viewType=ach&idx=324&searchRound=13&searchStTime=&searchEnTime=&searchField=homeAll&searchText=,경복궁,2023년 경복궁 생과방 - 경복궁에서 마주한 특별한 시간,체험,종료,체험,사전예약,2023-04-28~2023-05-07,"일,월,화,수,목,금,토 10:00/11:40 / 13:50/15:30",경복궁 생과방,,1522-2295,"- 1차 예매 : 4월 11일(화) 13시 ~ / 행사기간 4.20 ~ 5.28 예매 가능 - 2차 예매 : 5월 19일(금) 13시 ~ / 행사기간 5.29~ 6.28 예매 가능 https://www.ticketlink.co . kr/product/43514 경복궁의 소주방 전각에 위치한 '생과방'은 궁중의 육처소 가운데 하나이며, '국왕과 왕비'의 후식과 별식을 준비하던 곳으로 '생물방' 혹은 '생것방'이라고도 불렸습니다. 경복궁 생과방 프로그램은 조선왕조실록의 내용을 토대로 실제 임금이 드셨던 궁중병과와 궁중약차를 오늘날에도 즐길 수 있도록 구성된 체험 프로그램입니다. 1. 생과방 체험 안내 ○ 기간 : 2023년 4월 20일 ~ 6월 28일 - 경복궁 휴궁일(매주 화요일)과 5월 31일(수) 제외됩니다. - 궁중문화축전 5월 2일(화)은 예외 ○ 체험시간(1일 4회 1회 70분) - 1회(10:00 ~ 11:10) - 2회(11:40 ~ 12:50) - 3회(13:50 ~ 15:00) - 4회(15:30 ~ 16:40) 2. 온라인 사전 예약 신청 [온라인예약] ○ 티켓링크 : 추후 공지 ○ 예매일자 - 1차 예매 : 4월 11일(화) 13시 ~ / 행사기간 4.20 ~ 5.28 예매 가능 - 2차 예매 : 5월 19일(금) 13시 ~ / 행사기간 5.29~ 6.28 예매 가능 ○ 사전결제(두 세트 모두 약차 1종 포함 가격) - 초두점증병 세트 15,000원 - 주악 세트 12,000원 [전화예약] ○ 예약대상 : 만 65세 이상, 장애인, 국가유공자 ○ 예약방법 : 티켓링크 고객센터(1588-7890) ○ 예약시간 : 평일 10:00~19:00 / 토·일·공휴일 휴무 - 1인 2매까지 예약 가능하며, 전화예약 또한 궁중다과 세트메뉴를 고르신 후 세트메뉴 가격을 선결제 해주셔야 전화예약이 확정됩니다. - 현장에서 증빙자료를 확인할 예정이오니 신분증(경로우대증, 국가유공자증, 장애인복지카드 등)을 반드시 지참하여 주시기 바랍니다. 3. 참여방법 ○ 예매 사이트(티켓링크)접속 ○ 일자, 회차, 세트 선택 후 비용(카드)결제 ○ 현장 안내소에서 궁중약차 선택 후 차패 수령 ○ 좌석 안내 및 배정 ○ 궁중다과 세트와 차패 교환 ○ 궁중다과 시식 및 시음 4. 공지사항 ○ 티켓예약 - '2023년 경복궁 생과방'은 현장 접수 없이 티켓링크를 통한 사전 예약을 원칙으로 하며, 1인 최대 2매까지 예약 가능합니다. - 2023년 경복궁 생과방은 사전결제 시스템의 도입에 따라 세트 메뉴의 가격을 선결제 해주셔야 예약 확정됩니다. - 현장에서의 궁중병과 및 궁중약차의 추가 주문은 불가합니다. (단, 궁중약차의 경우 뜨거운 물을 리필해드립니다.) - 본 행사는 현장에서 본인확인을 진행합니다. 예약자 본인 명의와 일치하는 신분증 확인이 어려울 경우, 입장이 제한되오니 반드시 신분증을 지참해 주세요. (암표 거래를 막기 위해 입장 시 본인확인을 철저하게 하고 있으니 많은 협조 부탁드립니다.) - 예약하신 티켓은 지인 간의 양도가 불가능합니다. 단, 가족관계일 경우 예약자 신분증과 증빙자료(등본, 가족관계증명서 등) 지참 시에만 예외적으로 양도 가능합니다. - 부정한 방법(매크로 사용 등)을 이용하거나 암표 매매 목적으로 구매하는 경우, 적발 시 해당 티켓에 대해 사전 통보 없이 예약 취소 및 사용이 제한 될 수 있습니다. ○ 전화예약 - 예약대상 : 만 65세 이상, 장애인, 국가유공자 - 예약방법 : 티켓링크 고객센터 1588-7890 - 예약시간 : 평일 10:00 ~ 19:00 / 토, 일요일, 공휴일 휴무 - 1인 2매까지 예약 가능하며, 전화예약 또한 궁중다과 세트메뉴를 고르신 후 세트메뉴 가격을 선결제 해주셔야 전화예약이 확정됩니다. - 현장에서 증빙자료를 확인 할 예정이오니 신분증(경로우대증, 국가유공자증, 장애인복지카드 등)을 반드시 지참하여 주시기 바랍니다 ○ 체험연령 - 미취학 아동 포함 전 연령 체험 가능. (48개월 이상일 경우 일반인 1인과 동일한 티켓을 사전 결제 후 소지하셔야 하며, 48개월 미만일 경우 보호자와 동반하여 입장 가능합니다.) 즐겁고 안전한 생과방 체험을 위해 안내드리오니 양해 부탁드립니다. [궁중의 약차와 병과를 즐기다] <생과방 다과> ○ 초두점증병 세트 - 초두점증병, 약과, 참외정과, 잣박산, 매엽과, 곶감단지 ○ 주악 세트 - 주악, 쌀엿강정, 매엽과, 금귤정과, 사과정과, 곶감단지 ○ 궁중약차 - 경옥다음, 삼귤다, 감국다, 담강다, 오미자차, 제호탕 ○ 초두점증병(炒豆粘甑餠) : 초두(炒豆)는 ‘볶은 팥’이라는 뜻으로 찹쌀가루에 밤, 대추, 잣을 넣고 팥고물과 함께 시루에 안쳐 쪄낸 떡입니다. 『진찬의궤』, 『진연의궤』에 수차례 기록되었으며, 고종의 오순 축하 잔치에도 오른 조선 왕실의 궁중 잔치 떡입니다. ○ 주악(造岳-조악) : 찹쌀가루로 만들어진 주악은 조선 시대 귀한 손님이 왔을 때 올리던 음식입니다. 궁중의 연향인 『진찬의궤』에는 대추주악, 감태주악, 후추주악, 계피주악, 치작황주악 등의 ‘각색 주악’이 주로 올려졌습니다. ○ 약과 : 약과는 유밀과(油蜜果)의 하나로 약이 되는 과자라는 뜻입니다. 음식디미방, 규합총서 등 옛 조리서에도 수록되어 있는데 1948년 『조선상식』에는 “조선에서 만드는 과자 가운데 가장 상품(上品)이며 온 정성을 들여 만드는 점에서 특색 있는 과자”라고 극찬하였습니다. ○ 잣박산(薄散) : 잣박산은 잣을 꿀이나 엿에 버무려 반듯하게 만든 엿강정으로, 조선시대 어의 전순의가 지은 요리서 『산가요록』에 기록되어 있습니다. 『동의보감』에 잣은 ‘성질이 조금 따뜻하며, 몸이 허하고 마른 데 주로 쓴다.’라고 기록되어 있습니다. ○ 쌀엿강정 : 쌀엿강정은 쌀을 쪄서 말린 후 기름에 튀겨 엿으로 버무린 엿강정입니다. 1680년경에 쓰여진 조리서 『요록(要錄)』에 등장하였으며, 남녀노소 모두가 좋아하는 조선시대 병과입니다. ○ 매엽과 : 궁중에서 ‘마치 매화나무에 참새가 앉아 있는 형상을 하고 있는 한과’라는 의미로 불리었던 매엽과(梅葉果)는 밀가루에 칼집을 넣은 후 기름에 튀겨 만드는데 치자나 생강 등 천연 재료를 섞어 그 색과 모양이 다양한 전통 과자입니다. ○ 곶감단지 : 곶감단지는 호두강정, 곶감, 잣 등을 다져 유자청으로 반죽하여 속을 채운 병과입니다. 『동의보감』에 따르면 곶감은 ‘몸의 허함을 보하고 위장을 든든하게 하여 체한 것을 없애준다’고 기록되어 있습니다. ○ 사과/금귤/참외정과 : 정과는 ‘전과(煎果)’라고도 하는데 조선시대 장국상, 큰상, 제례음식에 반드시 쓰였습니다. 사과, 참외, 금귤 등 특유의 향미를 가진 과일 등을 꿀이나 설탕에 재거나 졸여 만든 전통 과자입니다. ○ 경옥다음 : 경옥고(瓊玉膏)는 인삼, 복령, 지황, 꿀을 주재료 만든 약재로 ‘옥처럼 희귀한 약’이라는 뜻을 가지고 있습니다. 『승정원일기』에 따르면 영조의 원기회복을 위해 경옥고를 복용하셨다고 합니다. 경옥다음(瓊玉茶飮)은 경옥고의 귀한약재를 차로 마실 수 있게 만든 음료입니다. ○ 삼귤다(蔘橘茶) : 『조선왕조실록』에 따르면 기의 흐름을 순조롭게 하는 귤껍질(橘皮·귤피)에 기를 보하는 인삼을 더한 차로 병을 다스리기도 했다는 기록이 남아있을 만큼 귤껍질을 이용한 차는 조선시대 내내 주요한 약재로 사용되었습니다. ○ 감국다 : 감국은 황국이라고도 하며, 성미는 달고 쓰고 서늘하며 무독합니다. 『승정원일기』에 따르면 숙종과 영조가 건강을 위해 곁에 두고 마셨는데, 주로 번뇌가 있거나 화가 날 때 마음을 차분히 가라앉히고자 마셨습니다. ○ 담강다(淡薑茶) : 『동의보감』에서는 ‘생강은 담(痰)을 없애고 기(氣)를 내린다’고 기록되어 있습니다. 소화불능을 앓은 순조 임금의 건강을 위해 생강과 꿀로 만든 차를 올렸으며, 식후에 소화를 돕고 담을 삭여주는 목적으로 즐겨 마셨습니다. ○ 오미자다(五味子茶): 오미자는 신맛, 쓴맛, 단맛, 아린맛, 짠맛 다섯 가지의 맛을 갖고 있어 오미자라 불리는데 과일로 직접 먹기보다 차로 만들어 먹는 것이 영양 흡수에 좋습니다. 조선시대 중종이 번열과 갈증을 치료하기 위해 차로 만들어 올려졌던 약차입니다. ○ 제호탕(醍醐湯) : 제호탕은 매실을 익혀 만든 오매(烏梅)와 사인(砂仁), 초과(草果) 등을 넣은 왕실의 음료입니다. 속을 따뜻하게 하는 효과가 있어 겉은 뜨겁고 속은 차가워지기 쉬운 여름철에 더욱 좋습니다. 정조 임금이 여름철에 신하들을 위해 제호탕을 하사한 기록이 있습니다. 5. 방역 관리 지침 : 경복궁 생과방은 관람객들의 안전을 위해 방역을 철저히 관리하고, 곳곳에 손 소독제를 비치하여 관람객들이 안심하고 이용하실 수 있도록 조치하고 있습니다.",https://www.kh.or.kr/jnrepo/upload/jnPrgFestivalProgram/202304/499f77fb62164b83b28d4ce905d9fe06_1681740827603.PNG
13,9회,경복궁,322,2023년 궁중문화축전 개막제,공식행사,금 19:30 ~ 21:00,https://www.kh.or.kr/jnrepo/upload/jnPrgFestivalProgram/202304/d0ca3fbba8fc4413beab1516e2ea3358_1681711860440.JPG,개막제 참고사진,https://www.kh.or.kr/program/view/menu/1292?viewType=ach&idx=322&searchRound=13&searchStTime=&searchEnTime=&searchField=homeAll&searchText=,경복궁,2023년 궁중문화축전 개막제,공식행사,종료,공식행사,사전예약,2023-04-28~2023-04-28,19:30~21:00,경복궁 흥례문 광장,"사전예약 600명, 현장참여 200명(예정)",02-3210-3506,"창경궁 명칭환원 40주년 기념 2023년 궁중문화축전 개막제 티켓오픈 : 2023년 4월 19일(수) 13시 티켓링크 (전석 무료) 다시 찾는, 궁 창경궁 명칭환원 40주년을 맞아 궁중문화축전의 아홉 번째 문을 엽니다. ‘다시 되찾은 궁’의 이야기를 전하는 뜻깊은 자리에 반가운 걸음으로 궁을 방문해 함께해주세요. 주요구성 개막퍼레이드 ‘꿈의 길을 열다’, ‘궁을 다시 찾다’ 광화문이 열리며 궁중문화축전의 시작을 알리는 퍼레이드가 입장합니다. 개막퍼포먼 스 ‘궁을 깨우다’ 궁궐의 잡상과 처용무를 모티브로 한 창작퍼포먼스를 선보입니다. 주제공연 ‘대합창’, ‘신(新) 궁중연희’ 어린이합창단과 <고궁뮤지컬-세종 1446> 출연진이 함께하는 합창에 이어 축전의 개막을 축하하기 위한 2023년 ‘신(新) 궁중연희’가 진행됩니다. 출연진 사회 : 뮤지컬 배우 남경주, 아나운서 김경미(영어) 축하공연 : 크로스오버 그룹 라포엠 한국예술종합학교 전통예술원 무용과, <고궁뮤지컬-세종 1446>, 포스댄스컴퍼니&신한대태권도융합학부, 점핑엔젤스, 원주시자원봉사청소년합창단, 안동MBC어린이합창단, 앙겔로스 합창단, 김선정 늘숨무용단, 마담 패밀리, 프로젝트 악, 아름드리 무용단, 생동감크루 X in 풍류 사전행사 4월 28일(금) 14:00~14:40 / 창경궁 창경궁 명칭환원 40주년 기념 퍼레이드 스타벅스 코리아와 함께하는 커피 나눔 행사 환경을 생각하는 마음을 담아 개인 텀블러 지참 해주세요. 개인 텀블러를 소지한 분들께 따뜻한 커피를 무료로 나눠드립니다. (선착순 700잔 한정/티켓수령처 옆) 공식 유튜브 채널을 통해 ‘2023년 궁중문화축전 개막제’가 생 중계될 예정입니다. youtube.com/c/궁능TV 오시는 길 서울 종로구 사직로 161 경복궁 흥례문 광장 경복궁 주차장을 이용하실 수 있으나(유료) 협소하오니,대중교통 이용을 권고드립니다. (지하철 3호선 경복궁역 5번 출구) 티켓확인 안내 - 확인일시 : 4월 28일(금) 19:00~19:20 - 확인장소 : 경복궁 용성문, 협생문 등록데스크(총 2곳) - 사전예약자 확인을 위하여 예매자 본인의 신분증을 필히 지참해주시기 바랍니다. - 행사장(흥례문 장광) 입장은 당일 19:00부터 가능하며, 행사 전 현장이 혼잡하오니되도록 행사 시작 10분 전까지 입장하여 주시기 바랍니다. 유의사항 - 본 행사는 전체 관람가이나 타인의 관람에 방해가 되는 경우 미취학 아동의 관람을 제한할 수 있습니다. - 본 행사는 비지정석이며, 당일 별도 현장접수를 통해 현장참여도 가능합니다. - 궁궐 내 모든 공간은 금연구역입니다. - 문화재 보호 구역으로 음식물, 인화물질, 놀이기구의 반입이 제한됩니다. 티켓 문의 : 티켓링크 고객센터(1588-7890) 행사 문의 : 한국문화재재단 궁능활용사업 콜센터(1522-2295)",https://www.kh.or.kr/jnrepo/upload/jnPrgFestivalProgram/202304/d0ca3fbba8fc4413beab1516e2ea3358_1681711860440.JPG
13,9회,경복궁,321,궁중문화축전X신비아파트 프로모션,체험,"일,금,토 10:00 ~ 18:00",https://www.kh.or.kr/jnrepo/upload/jnPrgFestivalProgram/202304/3f4fcb5bc1da4675bf94d550895f45b3_1681479376660.png,신비아파트,https://www.kh.or.kr/program/view/menu/1292?viewType=ach&idx=321&searchRound=13&searchStTime=&searchEnTime=&searchField=homeAll&searchText=,경복궁,궁중문화축전X신비아파트 프로모션,체험,종료,체험,현장참여,2023-04-29~2023-05-07,10:00~18:00,경복궁 흥례문광장,,,"대한민국 대표 K- 애니메이션 ' 신비아파트 ' 가 2023 봄 궁중문화축전에 상륙하다 ! * 4. 29./4. 30./5. 5./5. 6./5. 7. * 5. 5.(금) 부스 운영은 우천으로 인해 취소 되었습니다. 2016 년 TV 시리즈를 시작으로 극장판 , 뮤지컬 , 완구 , 게임 , 웹드라마까지 큰 사랑을 받고 있는 신비아파트 신비아파트로 이사 온 하리 , 두리 남매와 신비아파트에서 102 년 동안 살고 있는 도깨비 ' 신비 ' 가 만나 귀신들의 원혼을 풀어주고 세상을 구하는 이야기로 , 상상력을 자극하는 모험 , 화려한 액션과 마음을 울리는 귀신들의 사연까지 그 동안 국내에 없었던 호러 판타지 애니메이션 장르를 새롭게 개척한 콘텐츠입니다 . 올 여름 , 티빙 오리지널로 공개 예정인 [ 신비아파트 특별판 : 조선퇴마실록 ] 은 조선시대로 떨어진 하리와 아이들이 아기 도깨비 금비와 함께 경복궁을 배경으로 귀신과 맞서 싸우는 내용이 펼쳐집니다 . 매년 봄과 가을 궁중문화축전이 열리는 조선의 법궁 경복궁에서 올 봄 궁중문화축전과 신비아파트의 콜라보레이션이 진행됩니다 . 한국을 넘어 일본 , 태국 , 대만 , 인도네시아 , 싱가포르 등 해외에도 진출한 신비아파트를 경복궁 흥례문 광장에서 만나보세요 . · 상시 / 선착순 이벤트 프로그램 ① SNS 인증 이벤트 (1 일 300 명 , 선착순 AR 카드 13 탄 1 팩 증정 ) - 신비 갓 만들기 → 포토존 인증샷 - 내 맘대로 경복궁 귀신 만들기 → 미니 포토존 인증샷 ② 고스트헌터 게임 이벤트 (1 일 100 명 , 선착순 강림 이모티콘 증정 ) - 경복궁에 숨어든 고스트를 찾아라 - KT 신비 키즈폰 대여 서비스 연계 (KT 지원 ) · 캐릭터 탈인형 이벤트 ① 신비 / 금비 캐릭터 1 일 4 회 운영 - 11:00-18:00 운영",https://www.kh.or.kr/jnrepo/upload/jnPrgFestivalProgram/202304/3f4fcb5bc1da4675bf94d550895f45b3_1681479376660.png
13,9회,경복궁,318,궁중풍류,공연,"일,수,목,금,토 11:00 / 15:00(5월 7일 야간 특별공연)",https://www.kh.or.kr/jnrepo/upload/jnPrgFestivalProgram/202304/426aafc57a374d6393421d0d2706ebf5_1680603982211.jpg,나뷔,https://www.kh.or.kr/program/view/menu/1292?viewType=ach&idx=318&searchRound=13&searchStTime=&searchEnTime=&searchField=homeAll&searchText=,경복궁,궁중풍류,공연,종료,공연,현장참여,2023-05-03~2023-05-07,"일,수,목,금,토 11:00 / 15:00(5월 7일 야간 특별공연)",경복궁 수정전,별도의 인원제한 없음,,"주간공연 : 5. 3.(수)~5. 7.(일) 11:00~12:00/15:00~16:00 1일 2회(60분) * 1, 2회차 공연 내용 동일 * 다양한 장르의 아티스트가 총 5일간 경복궁 수정전에서 특별한 공연을 선보입니다. (1일차 | 5. 3.(수)) 크로스오버 앙상블 무아, 창작뮤지컬 갈라(이정화, 박민성, 정욱진 출연) (2일차 | 5. 4.(목) ) 팝페라그룹 아인스, 우리음악연구회 일하 (3일차 | 5. 5.(금)) 케이락컴퍼니 , 이음아트프로젝트 (4일차 | 5. 6.(토)) 트리오온, 국악앙상블 피어나 (5일차 | 5. 7.(일)) 팝페라그룹 스페스, 연희그룹 연화 5. 3.(수) 무아(MUA), 뮤지컬 갈라(박민성 배우, 이정화 배우, 정욱진 배우) 무 아(MUA ) : 궁에서 듣는 크로스오버 콘서트, 크로스오버 음악으로 즐겨보는 선비의 풍류, '포의풍류 in 경복궁' 뮤지컬 갈라 : 유명 뮤지컬 넘버를 함께 할 수 있는 기회, 뮤지컬 '지킬 앤 하이드'의 'take me as I am' 외 6곡 공연 5. 4.(목) 아인스(Eins Art), 우리음악연구회 '일하' 아인스(Eins Art) : 테너, 바리톤 총 4명의 젊고 실력 있는 성악가들로 구성된 팝페라그룹! 남녀노소 외국인 누구나 좋아하는 성악, 뮤지컬, 영화음악, K-POP! 우리음악연구회 '일하' : 우리나라의 전통 판소리를 여러 소 리꾼이 함께하는 단막극, 그리고 20세기에 창작 민요 공연 5. 5.(금) 케이락컴퍼니, 이음아트프로젝트 케이락컴퍼니 : 전통음악과 세계음악 속 명작들을 균형감 있게 융합한 창작작품! 아리랑과 클래식, 재즈, 탱고 등 다양하게 조합하고 해석하여, 익숙하면서 세련된 느낌을 가질 수 있고 다양한 감정을 느낄 수 있는 공연 콘텐츠 이음아트프로젝트 : 예술과 사람을 잇다, 이음아트프로젝트의 크로스오버 콘서트, 다채로운 음색의 클래식 악기와 대중음악의 화려한 콜라보레이션! 5. 6.(토) 트리오 온, 국악앙상블 피어나 트리오 온 : 최정상급 연주자들로 구성된 피아노 트리오 정통 클래식 연주자들이 펼치는 친숙한 클래식 곡과 영화 음악 국악앙상블 피어나 : 음악으로 사람들의 마음 속에 꽃 한송이 피어나도록 연주하 는 3인조 국악팀 '피어나'의 특별 공연 5. 7.(일) 팝페라그룹 스페스, 연희그룹 연화 팝페라그룹 스페스 : 대한민국의 멋을 팝페라로 풀어내다. 다양한 장르의 노래를 한무대에서 관객과 소통하며 만들어 가는 그룹 전통그룹 연화 : 전통연희의 현대적 창작에 앞장서는 신세대 연희그룹. 가•무•악이 함께하는 신명의 연희 한 판! 특별공연 : 5. 7.(일) 19:30~20:30 (60분) / 경복궁 야간관람 연계 경복궁을 감싸는 따뜻한 첼로의 선율 봄바람이 살랑 부는 기분 좋은 이 계절, 조선의 건국이념이 담긴 경복궁에서 대한민국 최고의 첼리스트 양성원의 수준 높은 클래식 연주를 만나볼 수 있습니다. 동서양의 조화를 느낄 수 있는 이번 공연에서는 멘델스존과 슈베르츠 등 대중들에게 익숙한 곡들을 선보입니다. 아름다운 경복궁의 야경과 함께하는 이번 공연은 여러분에게 특별한 추억을 선사할 것입니다. 첼리스트 양성원은 현재 연세대학교 교수로 재임 중이며 평창대관령음악제 예술감독으로서 대한민국 클래식계를 이끌어 가고 있는 연주자입니다. * 연주곡 Felix Mendelssohn - Variations Concertantes Op. 17 F.Schubert – Arpeggiones Sonata in a Minor D.821",https://www.kh.or.kr/jnrepo/upload/jnPrgFestivalProgram/202304/426aafc57a374d6393421d0d2706ebf5_1680603982211.jpg
13,9회,경복궁,313,궁궐 퍼레이드-경복궁,공연,토 11:00 / 14:30,https://www.kh.or.kr/jnrepo/upload/jnPrgFestivalProgram/202304/3d1c6c6556374666b8b44212c2fff331_1680832968886.JPG,남수정무용단,https://www.kh.or.kr/program/view/menu/1292?viewType=ach&idx=313&searchRound=13&searchStTime=&searchEnTime=&searchField=homeAll&searchText=,경복궁,궁궐 퍼레이드-경복궁,공연,종료,공연,현장참여,2023-04-29~2023-04-29,토 11:00 / 14:30,5대궁(궁별 날짜 및 공연시간 상이),별도 제한인원 없음,,"궁궐 퍼레이드 서울 5대궁을 장식하는 화려한 군무의 향연 1. 창경궁 양화당 앞(4. 28.금, 14시) 우리나라 전통 연희공연과 한국창작무용을 퍼레이드 형식으로 구성한 창경궁 명칭환원 40주념 기념공연. 2 0 2 3 궁 중 문 화 축 전 의 시 작 을 알 리며 우리나라 고유의 춤을 젊은 무용가와 함께 현대적으로 재해석한 궁궐 퍼포먼스 출연: 포스댄스컴퍼니, 전통타악연구소, 고양예고 아름드리무용단 , 점핑엔젤스, 마담패밀리, 프로젝트 악, 김선정무용단 2. 경복궁 흥례문 광장(4. 29.토, 11시/14시 30분) 조선의 법궁이자 대한민국을 대표하는 문화유산인 경복궁 흥례문 광장에서 펼쳐지는 창작 한국무용공연을 비롯한 전통연희, 태권도퍼포먼스, 컨템포러리 댄스 퍼포먼스등의 퍼레이드 공연 출연: YIU댄스프로젝트 , 의정부태랑학회, 프로젝트 악, 전통타악연구소 3. 창덕궁 낙선재 앞(4. 30.일, 11시/14시) 창덕궁에서 즐기는 전통 타악 퍼포먼스, 한국 전통무용, 태권도 품새동작과 댄스동작을 리드미컬하게 융합한 태권도 퍼포먼스 그리고 춤과 음악이 어우러져 색다른 감동을 선사하는 댄스퍼포먼스 등 전통과 현대가 공존하는 퍼레이드 공연 출연: 한국전통예술단 아울, 대경대학교 꽃피우리, 김영아무용단, 아트지 4. 경희궁 숭정문 앞(5. 5.금, 경희궁 11시) 어린이날을 맞이하여 경희궁에서 만나볼 수 있는 어린이 치어리딩 공연과 경찰과 도둑놀이를 모티브로한 태권도퍼포먼스, 아름다운 창작 한국무용, 전통풍물장단을 현대적인 형식에 담은 연희 퍼포먼스 등 퍼레이드 공연 출연: 레인보우치어, 전통타악연구소, 상지대학교 태권도시범단, 고양예고 아름드리무용단 5. 덕수궁 중화문 뒤(5. 6.토, 11시/14시) 덕수궁에서 펼쳐지는 전통적인 소리(아리랑)와 몸짓을 화려한 퍼포먼스로 풀어낸 뮤지컬 퍼레이드, 창작한국무용, 댄스퍼포먼스, 퓨전국악에 맞춰 유려한 무술을 선보이는 무예 퍼포먼스 등 전통과 현대가 공존하는 퍼레이드 공연 출연: 팀 랩터스, 점핑엔젤스, YIU댄스프로젝트 , 아리아라리",https://www.kh.or.kr/jnrepo/upload/jnPrgFestivalProgram/202304/3d1c6c6556374666b8b44212c2fff331_1680832968886.JPG
13,9회,경복궁,312,어린이 궁중문화축전,체험,"일,금,토 11:00 ~ 17:00",https://www.kh.or.kr/jnrepo/upload/jnPrgFestivalProgram/202304/dd740c2bf68445c0a828ae37600a9f64_1680601551598.jpg,어린이 궁축,https://www.kh.or.kr/program/view/menu/1292?viewType=ach&idx=312&searchRound=13&searchStTime=&searchEnTime=&searchField=homeAll&searchText=,경복궁,어린이 궁중문화축전,체험,종료,체험,사전예약,2023-05-05~2023-05-07,11:00~17:00,"경복궁 숙설소 터, 집경당, 흥복전, 경회루 등",프로그램별 상이,,"어린이 궁중문화축전 1. 어린이 과거시험 * 티 켓 링 크 사전예약(4. 19.오픈예정) 일시: 5 . 5 . ( 금 ) - 5 . 6 . ( 토 ) 11:00-11:50/1 3 : 0 0 - 1 3 : 5 0/ 1 5 : 0 0 - 1 5 : 5 0 <세종 인재를 뽑다>는 공연 관람을 넘어 연극과 체험이 융합된 새로운 개념의 관객 참여형 연극입니다. ①오문오답 ②그림을 그리시오 ③시를 지으시오를 통해 과거시험을 체험하며, 시험 종료 후 입격증 수여, 실력이 출중한 선비 3명을 뽑아 어사모와 장원급제 복을 입게 됩니다. 시험이 끝난 후 방방례를 통해 세종대왕님과 경회루 한 바퀴를 돌아보세요. 2. 궁중OX퀴즈 일시: 5. 5 .(금)-5. 7.(일) 12:30-12:50/ 1 4 : 3 0 - 1 4 : 5 0/ 16:30-16:50 승정원 승지들과 함께 조선의 궁중문화에 대해 알아보는 재미있는 OX 퀴즈 대회입니다. 현장접수를 통해 참여 가능하며 가족, 친구, 연인들과 함께 궁중문화에 대해 알아가는 건 어떨까요? 최종 생존자에게는 왕의 선물이 기다리고 있습니다. 3. 전통문양 페이스 페인팅 일시: 5. 5.(금)-5. 7.(일) 11:00-17:00 화창한 봄날, 궁궐에서 볼 수 있는 신수, 답도, 잡상, 단청 무늬를 얼굴, 손등에 그려보고, 궁궐 곳곳 그려진 아름다운 우리 전통문양을 찾으며 '2023 봄 궁중문화축전'을 즐겨 보세요. 숙설소 터에 오시면 누구나 참여 가능합니다. 4. 공연 날짜 시간 출연진 5. 5.( 금 ) 12:00~12:30 퍼포먼스 그룹 솔타 14:00~14:30 궁중 퍼레이드 16:00~16:30 퍼포먼스 그룹 솔타 5. 6.( 토 ) 12:00~12:30 월간서커스 - 더프레젠트쇼 14:00~14:30 광대브라더스 - 조선예술보부상 5. 7.( 일 ) 12:00~12:30 전통타악연구소",https://www.kh.or.kr/jnrepo/upload/jnPrgFestivalProgram/202304/dd740c2bf68445c0a828ae37600a9f64_1680601551598.jpg
13,9회,경복궁,311,고궁뮤지컬-세종 1446,공연,"일,월,화,토 19:30 ~ 21:00",https://www.kh.or.kr/jnrepo/upload/jnPrgFestivalProgram/202304/980287b6886a409abc5c2f33a67723de_1680600040937.jpg,세종,https://www.kh.or.kr/program/view/menu/1292?viewType=ach&idx=311&searchRound=13&searchStTime=&searchEnTime=&searchField=homeAll&searchText=,경복궁,고궁뮤지컬-세종 1446,공연,종료,공연,사전예약,2023-04-29~2023-05-02,19:30~21:00,경복궁 근정전,회당 700명,,"고궁뮤지컬-세종 1446 역사상 가장 위대한 여정 뮤지컬 <세종 1446> 경복궁 근정전 특별공연 2023년 봄, 경복궁에서 펼쳐지는 세종과 백성들의 이야기 티켓오픈 : 2023년 4월 19일(수) 14시 티켓링크 R석 20,000원 / S석 10,000원 2017년 리저널 트라이아웃 공연 2018년 영국 웨스트엔드 앤드류 로이드 웨버 The Other Place 쇼케이스 2018년 초연, 전 회차 전석 기립박수! 2019년 한국뮤지컬어워즈 대상 노미네이트 국내 최초, 경복궁 근정전에서 펼쳐지는 고궁뮤지컬 박친감 넘치는 액션, 강렬한 군무 <세종 1446>만의 특별한 넘버! 경복궁 근정전에서 선보이는 이번 <세종 1446>은 소리꾼 이봉근이 ‘도창’역으로 새롭게 참여하고, 오리지널 캐스트 박유덕, 정상윤, 남경주 등 50여명의 출연진이 함께합니다. 단 4회, 잊지 못할 감동의 시간으로 여러분을 초대합니다. ★★★★★ “곱씹을수록 뜻깊은 작품” / TV데일리 “애민군주 세종의 인간적 면모, 한국적인 선율로 풀어낸 노랫말"" / 한겨레 ”영화의 한 장면을 연상케 하는 무술연기, 서정적인 음악, 화려한 의상은 관객의 눈과 귀를 즐겁게 했다” / 한국스포츠경제 “한국의 문화를 너무나 아름답게 표현한 뮤지컬, 지루할 틈 없이 재밌다” / 관객리뷰 ""이게 바로 뮤지컬이구나"" 할 정도로 좋았다! / 콜리엣 샴버그 (영국 극작가) 태종 18년, 세자가 선위를 받고 왕위에 오르다 왕이 될 수 없었던 꼭두각시 왕, 세종 세종 28년, 스물여덟 자에 조선을 바로 세우다 1446년 세종은 눈을 잃고 백성은 눈을 뜨다! 세종대왕의 마지막 어명 “나는 들판의 이름 없는 꽃들을 부르고자 이 글자를 만든다” “훈민정음은 1446년 세종대왕이 반포한 우리말입니다.” “나랏말싸미 듕귁에 달아 문자와를 서로 사맛디 아니할쎄 이런 전차로 어린백성이 니르고저 할빼이셔도 마참내 제 뜻을 능히펴지 못할놈이 하니다. 내이를 어여삐 녀겨 새로 스물여덟자를 맹가노니 사람마다 수비니겨 날로쓰매 편아케 하고저 할 따라미니라.” -세종 28년(1446년), 훈민정음 해례본 * 줄거리 * 1418년, 태종은 방탕한 생활을 일삼는 세자 양녕을 폐하고 서책에 빠져 사는 충령을 세자 자리에 올린다. 게다가 태종은 세자교육을 받지 않은 충령에게 선위까지 해버린다. 어리둥절한 사이에 왕이 된 충령. 하지만 태종은 충령의 뒤에서 대신들을 조정하며 정치의 끈을 놓지 않고 있다. 그런데 평소 외척세력이 커지는 것을 경계했던 태종의 눈에 충령의 장인인 심온을 따르는 무리가 늘어나는 것이 포착된다. 이에 심온은 조작된 사건에 연루되어 죽임을 당한다. 자신의 무능으로 인해 장인이 억울하게 죽게 되었다고 자책하는 충령. 게다가 아내마저도 죄인의 딸이라며 내쳐질 위기에 처하자 용단을 내린다. 자신만의 정치를 하기 위해 아버지에게 맞서는 충령. 그는 결국 아버지의 손에서 벗어나 용상을 지켜낸다. 그러나 충령 앞에는 수많은 걸림돌이 놓여 있는데... * 출연진 * 1회차 | 4월 29일(토) 세종 - 정상윤 / 태종 - 남경주 / 소헌 - 박소연 / 전해운 - 이준혁 / 영실 - 황민수 / 도창 - 이봉근 2회차 | 4월 30일(일) 세종 - 박유덕 / 태 종 - 남경주 / 소헌 - 김지유 / 전해운 - 이준혁 / 영실 - 김준영 / 도창 - 이봉근 3회차 | 5월 1일(월) 세종 - 정 상 윤 / 태 종 - 김주호 / 소헌 - 김지유 / 전해운 - 장지후 / 영실 - 황민수 / 도창 - 이봉근 4회차 | 5월 2일(화 ) 세종 - 박유덕 / 태 종 - 남경주 / 소헌 - 박소연 / 전해운 - 이준혁 / 영실 - 김준영 / 도창 - 이봉근 나는 택하지 않았던, 그 길 세종 박유덕 정상윤 군주의 역린을 건드리면 어찌되는지 똑똑히 보아라 태종 남경주 김주호 전하의 뜻이 길을 밝힐 것이옵니다. 소헌왕후 박소연 김지유 차가운 불길이 되어 이제 조선의 모든걸 집어 삼키리라 전해운 이준혁 장지후 여인과 술이 아니고서는 이 피비린내를 어찌 견디란 말이냐 양녕 황민수 김준영 천하게 태어나 큰 뜻을 품었으니 이 어찌 아니 기쁠까 장영실 황민수 김준영 * CREATIVE TEAM * 프로듀서 한승원 김종석 극본 김선미 작곡/연출 김은영 작곡/음악감독 임세영 안무 채현원 무술 김은정 무대디자인 김대한 소품디자인 김정란 의상디자인 이호준 분장디자인 김숙희 조명디자인 김준범 음향디자인 김주한 무대감독 진정민 제작무대감독 김유신 제작PD 이범로 오시는 길 서울 종로구 사직로 161 경복궁 근정전 경복궁 주차장을 이용하실 수 있으나(유료) 협소하오니,대중교통 이용을 권고드립니다. (지하철 3호선 경복궁역 5번 출구) 티켓확인 안내 - 확인일시 : 공연일 당일 19:00~19:15(예매자 별도 공지) - 확인장소 : 경복궁 흥례문 광장 내 궁중문화축전 안내부스 - 사전예약자 확인을 위하여 예매자 본인의 신분증을 필히 지참해주시기 바랍니다. - 할인권을 제외한 관람권은 직계가족 및 형제·자매에 한하여 증빙자료 제출 시양도할 수 있습니다. * 증빙자료 : 양도받은 분의 신분증, 예매자와 가족 관계를 확인할 수 있는 서류(등본, 가족관계증명서 중 1개) - 행사가 진행되는 경복궁 근정전은 티켓수령처에서 도보로 수분 이상 소요되므로,이점 미리 참고하여 되도록 행사 시작 30분 전에 도착해주시기 바랍니다. 좌석 안내 - 공연 좌석은 R, S 2개 등급으로 구분되며, 해당 구역 내 비지정석입니다. - 티켓부스 예매자 확인 후 경복궁 흥례문광장에서 안내요원을 따라 입장이 진행됩니다. - 모두의 안전을 위해 질서를 준수하여 주시기 바라며, 질서 유지를 위해 안내요원이 관람을 제지할 수 있습니다. 할인 안내 - 할인권 예매는 전화예매만 가능하며, 할인권은 양도할 수 없습니다.(예매자 필수 참석/티켓링크 고객센터 : 1588-7890) - 할인정보 : 장애인 50% 할인(1~3급 : 본인 포함 2인 / 4급 이하 : 본인 한정), 국가유공자 본인 한정 50% 할인 - 현장에서 증빙자료를 확인할 예정이오니 신분증을 반드시 지참하여 주시기 바랍니다.(국가유공자증, 장애인 복지카드 등) - 현장에서 증빙서류를 지참하지 않거나 할인기준과 다른 경우 예매 취소 조치되며,별도의 환불이 불가함을 알려드립니다. 유의사항 - 공연 중 영상을 포함한 모든 사진 촬영과 음성 녹음은 금지되어 있습니다. - 공연 당일 오후 4시 기상청 기준 5mm 이상 우천 예보 시 공연이 취소될 수 있으며,이 경우 예매자에게 개별 안내해드릴 예정입니다. - 본 공연은 만 7세 이상 관람가로 미취학 아동의 관람이 제한됩니다. - 경복궁 내 모든 공간은 금연구역입니다. - 문화재 보호 구역으로 음식물, 인화물질, 놀이기구의 반입이 제한됩니다. 티켓 문의 : 티켓링크 고객센터(1588-7890) 행사 문의 : 한국문화재재단 궁능활용사업 콜센터(1522-2295)",https://www.kh.or.kr/jnrepo/upload/jnPrgFestivalProgram/202304/980287b6886a409abc5c2f33a67723de_1680600040937.jpg
13,9회,창덕궁,374,창덕궁 달빛기행,체험,"일,목,금,토 19:00 / 19:50",https://www.kh.or.kr/jnrepo/upload/jnPrgFestivalProgram/202309/5eda7120456e4617b530e74c44f8e4a8_1695274225965.jpg,달빛,https://www.kh.or.kr/program/view/menu/1292?viewType=ach&idx=374&searchRound=13&searchStTime=&searchEnTime=&searchField=homeAll&searchText=,창덕궁,창덕궁 달빛기행,체험,종료,체험,사전예약,2023-09-07~2023-10-22,"일,목,금,토 19:00 / 19:50",창덕궁 일원,,궁능활용프로그램 콜센터 1522-2295,"창덕궁 달빛기행은 은은한 달빛아래 녹음이 어우러진 창덕궁에서 전문해설사와 함께 궁궐의 곳곳을 관람하며, 각 전각에 대한 해설과 전통예술공연을 관람할 수 있는 프로그램입니다. 시간: 매주 목, 금, 토, 일요일 19:00/19:05/19:10/19:50/19:55/20:00",https://www.kh.or.kr/jnrepo/upload/jnPrgFestivalProgram/202309/5eda7120456e4617b530e74c44f8e4a8_1695274225965.jpg
13,9회,창덕궁,329,왕후의 선물-창덕궁 약방 다과체험(LG 생활건강),체험,"일,월,화,수,목,금,토 10:30/12:30 / 14:30/16:30",https://www.kh.or.kr/jnrepo/upload/jnPrgFestivalProgram/202304/d3ff9740dfdc496386e57f91e7309d82_1682044076920.jpg,다과 이미지,https://www.kh.or.kr/program/view/menu/1292?viewType=ach&idx=329&searchRound=13&searchStTime=&searchEnTime=&searchField=homeAll&searchText=,창덕궁,왕후의 선물-창덕궁 약방 다과체험(LG 생활건강),체험,종료,체험,사전예약,2023-04-29~2023-05-07,"일,월,화,수,목,금,토 10:30/12:30 / 14:30/16:30",창덕궁 궐내각사 약방,회차당 14명,,"왕후의 선물-창덕궁 약방 다과체험(LG 생활건강) * 사전예약 링크 : https://booking.naver.com/booking/12/bizes/883333 2023. 4. 29.(토) ~ 5. 7.(일), 총 9 일간 운영/ 1일 4회차 운영 (1회차 60분) ①10:30~11:30 / ② 12:30~13:30 / ③ 14:30~15:30 / ④ 16:30~17:30 주요내용 궁중음식이수자 조은희 셰프와 협업한 궁중다과체험 , 전승공예품 및 한방재료 전시 등이 마련된 공간 경험 그 외 외부 한방차 시음부스, 궁의 봄을 느낄 수 있는 조경 포토존 등 조은희 셰프 국가무형문화재 제38호 조 선왕조 궁중음식 이수자이자 ‘ 온 지 음 ’ 맛 공 장 방 장 인 셰프 ※미쉐린 가이드 서울 2022",https://www.kh.or.kr/jnrepo/upload/jnPrgFestivalProgram/202304/d3ff9740dfdc496386e57f91e7309d82_1682044076920.jpg
13,9회,창덕궁,326,2023 창덕궁 달빛기행,체험,"일,목,금,토 19:20 / 20:00",https://www.kh.or.kr/jnrepo/upload/jnPrgFestivalProgram/202304/cbc77803d1bc41508d5f4085858ed15a_1681741248792.PNG,달빛기행,https://www.kh.or.kr/program/view/menu/1292?viewType=ach&idx=326&searchRound=13&searchStTime=&searchEnTime=&searchField=homeAll&searchText=,창덕궁,2023 창덕궁 달빛기행,체험,종료,체험,사전예약,2023-04-28~2023-05-07,"일,목,금,토 19:20 / 20:00",창덕궁 일원,,1522-2295,"조선시대 왕들의 사랑을 가장 많이 받았던 궁, 창덕궁에 여러분을 초대합니다. 은은한 달빛 아래 녹음이 어우러진 창덕궁에서 청사초롱으로 불을 밝히며 궁궐 곳곳 숨은 옛이야기를 찾아보세요. <창덕궁 달빛기행>이 여러분을 기다립니다. ○ 예매 오픈 - 1차 : 2023년 4월 6일(목) 16:00 - 2차 : 2023년 4월 20일(목) 16:00 ○ 예매처 : 티켓링크 ticketlink.co.kr http://www.ticketlink.co.kr/product/43384 ○ 예매문의 : 티켓링크 고객센터 1588-7890 1. 행사 안내 ○ 행사일정 : 2023.4.13.(목) ~ 6.4.(일) | 매주 목·금·토·일요일 ○ 입장시간 - 1부 : 19:20 (19:20/19:25/19:30) - 2부 : 20:00 (20:00/20:05/20:10) * 현장접수 순으로 선착순 조별 5분 간격 입장 ○ 참여인원 : 1일 150명 (회차당 25명) ○ 관람시간 : 약 100분 소요 ○ 연령제한 : 8세 이상 관람가능 (취학아동·청소년 보호자 동반) ○ 행사문의 : 1522-2295 2. 예매안내 [1차 예매안내 (선착순 예매)] ○ 예매일시 : 2023. 4. 6.(목) 16:00 ~ ○ 예매일자 : 2023. 4.13.(목) ~ 4.28.(금) / 매주 목·금·토·일요일 - 4.29.(목) ∼ 4.30.(금) : 사회적배려대상자 초청 행사일 제외 ○ 예매시간 1부 19:20 2부 20:00 - 입장시간 1부 (19:20, 19:25, 19:30), 2부(20:00, 20:05, 20:10) - 현장접수 순서에 따라 선착순으로 입장시간 지정, 조별 5분 간격 입장 - 입장인원 : 1일 150명(회차당 25명) ○ 예매인원 : ID당 2매까지 예매 가능 / 단, 1매당 1인만 입장가능 [2차 예매안내 (선착순 예매)] ○ 예매일시 : 2023. 4. 20.(목) 16:00 ~ ○ 예매일자 : 2023. 5.4.(목) ~ 6.4.(금) / 매주 목,금,토,일요일 - 5.11.(목) ∼ 5.12.(금) : 인근 대학 축제일정 제외 ○ 예매시간 1부 19:20 | 2부 20:00 - 입장시간 1부 (19:20, 19:25, 19:30), 2부(20:00, 20:05, 20:10) - 현장접수 순서에 따라 선착순으로 입장시간 지정, 조별 5분 간격 입장 - 입장인원 : 1일 150명(회차당 25명) 3. 예매방법 * 예매 안내 및 유의사항을 정독하신 후 예매하시기 바랍니다 ○ 인터넷 예매 - 참가비 : 1인 30,000원 - 예매처 : 티켓링크 http://www.ticketlink.co.kr/ * http://www.ticketlink.co.kr/product/43384 * 인터넷 예매자 연락처가 변경되거나 잘못 기입된 경우 사전 연락을 취하기 어려우므로, 티켓링크 계정의 개인 정보 연락처를 최신으로 변경해 주시기 바랍니다. ○ 전화예매 - 예매대상 : 만 65세 이상・장애인・국가유공자 - 예매방법 : 1588-7890 - 예매시간 : 평일 10:00 ~ 19:00 / 토・일요일 및 공휴일 휴무 * 1인 2매까지 예약 가능합니다. * 현장에서 증빙자료를 확인할 예정이오니 신분증(국가유공자증, 장애인복지카드 등)을 반드시 지참하여 주시기 바랍니다. ○ 할인정보 - 장애인 50% 할인 중증(1~3급) 본인 포함 2인, 경증 (4급이하) 본인 한정 - 국가유공자 본인 한정 50% 할인 * 현장에서 티켓 수령 시, 증빙서류를 지참하지 않은 경우 달빛기행의 참가가 취소 조치되며 별도의 환불이 불가함을 알려드립니다. 4. 문의 ○ 예매문의 : 티켓링크 고객센터 1588-7890 ○ 행사문의 : 1522-2295 5. 유의사항 * 예매 전에 꼭 확인해주세요. ○ <창덕궁 달빛기행>은 지인 간의 양도가 불가능합니다. - 단, 직계가족 및 형제/자매에 한해 참가자 신분증 및 증빙자료(등본, 가족관계증명서 등) 지참시에만 예외적으로 양도가 가능합니다. ○ <창덕궁 달빛기행>은 1부 19:20 2부 20:00 로 나누어 예매가 진행되며, 현장 접수 - 순서에 따라 입장 시간이 지정되어 운영되어니 예매 시 참고하여 주세요. (조별 5분 간격으로 입장) - 1부제, 2부제 입장 시간 변경은 불가하오니 양해 부탁드립니다. ○ <창덕궁 달빛기행>은 취학 아동 이상 관람이 가능합니다. 또한 반드시 보호자가 동반하여야 입장 가능하오니 예매시 참고하여 주세요. ○ <창덕궁 달빛기행>은 반드시 편안한 신발 착용, 따듯한 겉옷을 준비해주세요. - 약 100분을 도보로 이동하는 행사로, 가파른 계단을 오르내리고, 고르지 못한 길을 걸어야 합니다. 반드시 편안한 운동화를 착용하여 주세요. ○ 우천시 취소 안내 - 행사 당일 오전 11시 기준 5mm 이상 예보될 경우(기상청 예보 기준) - 행사가 취소됩니다. 우천 시 취소 안내 후 전액 환불을 해드리며 재편성은 어려운 점 양해 부탁드립니다.",https://www.kh.or.kr/jnrepo/upload/jnPrgFestivalProgram/202304/cbc77803d1bc41508d5f4085858ed15a_1681741248792.PNG
13,9회,창덕궁,319,낭만궁궐 기담극장,공연,"일,월,화,수 18:50 / 20:20",https://www.kh.or.kr/jnrepo/upload/jnPrgFestivalProgram/202304/4699ef370474472493f832f258af6514_1680604567100.jpg,낙선재 야경,https://www.kh.or.kr/program/view/menu/1292?viewType=ach&idx=319&searchRound=13&searchStTime=&searchEnTime=&searchField=homeAll&searchText=,창덕궁,낭만궁궐 기담극장,공연,종료,공연,사전예약,2023-04-30~2023-05-03,"일,월,화,수 18:50 / 20:20",창덕궁 낙선재,회차당 50명,,"사전예약 4. 20.(목) 14:00 티켓링크 (전석 1만원) 낭만궁궐 기담극장 창덕궁 낙선재에서 만나는 봄밤의 속삭임 ○ 공연일시 : 2023. 4. 30.(일) ~ 5. 3.(수) 4일간 1일 2회 - (1회) 18:50~20:20 (2회) 20:20~21:50 ○ 공연장소 : 창덕궁 낙선재 ○ 공연형태 : 이동형 연극 ○ 시놉시스 선을 즐기라는 낙선재, 건강하게 오래 살라는 수강재, 후세를 낳으라는 기원을 담은 석복헌. 방자와 별감 사이에 오간 러브레터를 주제로 한 ’방자별감 연서(수강재)‘, ‘노비들의 고단한 삶의 모습을 우화적으로 보여주는 ’삼구일두귀(석복헌)‘, 각각의 공간에서 현씨 집안의 두 형제와 그들의 아내 간 좌충우돌 결혼사를 다룬 ’현씨양웅쌍린기(낙선재)‘ 이야기가 전개된다. ○ 출 연 진 : 김선화, 김곽경희, 김정환, 서정식, 추현종, 김하진, 안연주, 김류하, 김경환, 최정산",https://www.kh.or.kr/jnrepo/upload/jnPrgFestivalProgram/202304/4699ef370474472493f832f258af6514_1680604567100.jpg
13,9회,창덕궁,314,궁궐 퍼레이드-창덕궁,공연,일 11:00 / 14:00,https://www.kh.or.kr/jnrepo/upload/jnPrgFestivalProgram/202304/b2ecb7300686481fac9b1e81532e7f45_1680833176062.jpg,아울,https://www.kh.or.kr/program/view/menu/1292?viewType=ach&idx=314&searchRound=13&searchStTime=&searchEnTime=&searchField=homeAll&searchText=,창덕궁,궁궐 퍼레이드-창덕궁,공연,종료,공연,현장참여,2023-04-30~2023-04-30,일 11:00 / 14:00,5대궁(궁별 날짜 및 공연시간 상이),별도 제한인원 없음,,"궁궐 퍼레이드 서울 5대궁을 장식하는 화려한 군무의 향연 1. 창경궁 양화당 앞(4. 28.금, 14시) 우리나라 전통 연희공연과 한국창작무용을 퍼레이드 형식으로 구성한 창경궁 명칭환원 40주념 기념공연. 2 0 2 3 궁 중 문 화 축 전 의 시 작 을 알 리며 우리나라 고유의 춤을 젊은 무용가와 함께 현대적으로 재해석한 궁궐 퍼포먼스 출연: 포스댄스컴퍼니, 전통타악연구소, 고양예고 아름드리무용단 , 점핑엔젤스, 마담패밀리, 프로젝트 악, 김선정무용단 2. 경복궁 흥례문 광장(4. 29.토, 11시/14시 30분) 조선의 법궁이자 대한민국을 대표하는 문화유산인 경복궁 흥례문 광장에서 펼쳐지는 창작 한국무용공연을 비롯한 전통연희, 태권도퍼포먼스, 컨템포러리 댄스 퍼포먼스등의 퍼레이드 공연 출연: YIU댄스프로젝트 , 의정부태랑학회, 프로젝트 악, 전통타악연구소 3. 창덕궁 낙선재 앞(4. 30.일, 11시/14시) 창덕궁에서 즐기는 전통 타악 퍼포먼스, 한국 전통무용, 태권도 품새동작과 댄스동작을 리드미컬하게 융합한 태권도 퍼포먼스 그리고 춤과 음악이 어우러져 색다른 감동을 선사하는 댄스퍼포먼스 등 전통과 현대가 공존하는 퍼레이드 공연 출연: 한국전통예술단 아울, 대경대학교 꽃피우리, 김영아무용단, 아트지 4. 경희궁 숭정문 앞(5. 5.금, 경희궁 11시) 어린이날을 맞이하여 경희궁에서 만나볼 수 있는 어린이 치어리딩 공연과 경찰과 도둑놀이를 모티브로한 태권도퍼포먼스, 아름다운 창작 한국무용, 전통풍물장단을 현대적인 형식에 담은 연희 퍼포먼스 등 퍼레이드 공연 출연: 레인보우치어, 전통타악연구소, 상지대학교 태권도시범단, 고양예고 아름드리무용단 5. 덕수궁 중화문 뒤(5. 6.토, 11시/14시) 덕수궁에서 펼쳐지는 전통적인 소리(아리랑)와 몸짓을 화려한 퍼포먼스로 풀어낸 뮤지컬 퍼레이드, 창작한국무용, 댄스퍼포먼스, 퓨전국악에 맞춰 유려한 무술을 선보이는 무예 퍼포먼스 등 전통과 현대가 공존하는 퍼레이드 공연 출연: 팀 랩터스, 점핑엔젤스, YIU댄스프로젝트 , 아리아라리",https://www.kh.or.kr/jnrepo/upload/jnPrgFestivalProgram/202304/b2ecb7300686481fac9b1e81532e7f45_1680833176062.jpg
13,9회,덕수궁,375,덕수궁 밤의 석조전,체험,"일,화,수,목,금,토 18:20-19:50/18:50-20:25 ~ 19:25-21:00",https://www.kh.or.kr/jnrepo/upload/jnPrgFestivalProgram/202309/14ef5d1fe7a64360be39c207a4b9255c_1695267881198.jpg,석조전,https://www.kh.or.kr/program/view/menu/1292?viewType=ach&idx=375&searchRound=13&searchStTime=&searchEnTime=&searchField=homeAll&searchText=,덕수궁,덕수궁 밤의 석조전,체험,종료,체험,사전예약,2023-10-06~2023-11-02,18:20-19:50/18:50-20:25~19:25-21:00,덕수궁 석조전,,궁능활용프로그램 콜센터 1522-2295,"<밤의 석조전>은 전문 해설사와 함께하는 '석조전 야간 탐방'과 클래식 연주를 들으며 고종이 사랑했던 가배차(커피)와 디저트를 즐기는 '테라스 카페 체험', 고종 황제의 이야기를 담은 '고종-대한의 꿈' 뮤지컬 공연 관람으로 구성되어 있는 덕수궁 야간 관람 프로그램입니다. 2021년 시범 사업을 시작으로 높은 만족도와 호응에 힘입어 2022년 정식 개최되었으며, 2023년에는 상·하반기 연 2회로 진행될 예정입니다. 궁인의 안내에 따라 대한제국 황실의 이야기를 품은 덕수궁 석조전으로 시간 여행을 떠나는 특별한 경험을 선사합니다.",https://www.kh.or.kr/jnrepo/upload/jnPrgFestivalProgram/202309/14ef5d1fe7a64360be39c207a4b9255c_1695267881198.jpg
13,9회,덕수궁,338,오얏꽃 개화만리,체험,"목,금,토 11:00-11:50/14:00-14:50/16:00 ~ 16:50",https://www.kh.or.kr/jnrepo/upload/jnPrgFestivalProgram/202304/23b10de6d72144f5b015ab42d18910bf_1682082679577.jpg,오얏꽃,https://www.kh.or.kr/program/view/menu/1292?viewType=ach&idx=338&searchRound=13&searchStTime=&searchEnTime=&searchField=homeAll&searchText=,덕수궁,오얏꽃 개화만리,체험,종료,체험,사전예약,2023-05-04~2023-05-06,11:00-11:50/14:00-14:50/16:00~16:50,덕수궁 정관헌,회차당 30명(현장접수 20명),,"2023 봄 궁중문화축전 오얏꽃 개화만리 1900 년 , 파리 만국박람회 회의를 시작합니다 ! 티켓오픈 : 2023 년 4 월 20 일 ( 목 ) 15 시 티켓링크 관람권 : 무료 한 ID 당 최대 2 매 예약가능 지금으로부터 123 년 전 , 고종황제의 명으로 < 프랑스 파리 만국박람회 > 출품 회의를 위해 대한제국 관료들이 모였다 . [ 오얏꽃 개화만리 ] 는 세계와 소통하고자 했던 대한제국 , 그날의 풍광을 재해석한 극콘서트다 . [ 오얏꽃 개화만리 ] 와 함께 직접 대한제국 관료가 되어 우리 문화가 세계로 나아가던 과정에 동참해 보자 . 공연 일자 : 5. 4.( 목 ) ~ 5. 6.( 토 ) 3 일간 공연 시간 : 11:00/ 14:00/ 16:00 (50 분 ) ※ 단 , 5. 4.( 목 ) 은 오후만 진행 (14:00/16:00) 참여인원 : 1 회 50 명 정원 / 사전예약 30 명 현장접수 20 명 오시는 길 서울 중구 세종대로 99 덕수궁 티켓수령 안내 - 수령일시 : 공연일 당일 공연 시작 30 분 ~10 분 전부터 수령 가능합니다 . ※ 행사 당일 10 분 전까지 티켓 수령 장소에서 티켓을 수령하지 않을 경우 사전예약이 취소됩니다 . - 수령장소 : 덕수궁 정관헌 앞 안내소 - 사전예약자 확인을 위하여 예매자 본인의 신분증을 필히 지참해주시기 바랍니다 . - 관람권은 직계가족 및 형제 · 자매에 한하여 증빙자료 제출 시 양도할 수 있습니다 . * 증빙자료 : 양도받은 분의 신분증 , 예매자와 가족 관계를 확인할 수 있는 서류 ( 등본 , 가족관계증명서 중 1 개 ) - 행사 시작 30 분 전부터 입장이 가능하며 , 사전예약자 먼저 입장합니다 . 좌석은 비지정석 ( 자유좌석 ) 입니다 . 유의사항 - 오얏꽃 개화만리 공연은 환복 체험과 함께 진행됩니다 .(4 회차 , 7 회차 공연 제외 ) - 사전예약 (30 명 ) 과 현장 접수 (20 명 ) 가 함께 이루어지며 사전예약 인원 미달 및 현장에서 불참석자 (No-Show) 가 발생할 경우 공석은 현장에서 접수 받습니다 . - 공연 중 영상을 포함한 모든 사진 촬영과 음성 녹음은 금지되어 있습니다 . - 공연 당일 오후 9 시 기상청 기준 5mm 이상 우천 예보 시 공연이 취소될 수 있으며 , 이 경우 예매자에게 개별 안내해드릴 예정입니다 . - 행사가 진행되는 정관헌은 덕수궁 전각 안쪽에 자리하고 있어 도보로 수분 이상 소요되며 , 환복 등 체험을 위해 사전 준비가 필요하니 이 점을 미리 참고하여 되도록 행사 30 분 전에 도착해주시기 바랍니다 . - 창경궁 내 모든 공간은 금연구역입니다 . - 문화재 보호 구역으로 음식물 , 인화물질 , 놀이기구의 반입이 제한됩니다 . 티켓 문의 : 티켓링크 고객센터 (1588-7890) 행사 문의 : 한국문화재재단 궁능활용사업 콜센터 (1522-2295)",https://www.kh.or.kr/jnrepo/upload/jnPrgFestivalProgram/202304/23b10de6d72144f5b015ab42d18910bf_1682082679577.jpg
13,9회,덕수궁,335,고궁음악회-풍류에 힙을 더하다,공연,"일,금,토 12:00 ~ 12:50",https://www.kh.or.kr/jnrepo/upload/jnPrgFestivalProgram/202304/614903b7e7f0488b9bb95ecfcf179423_1682080993453.jpg,힙을 더하다,https://www.kh.or.kr/program/view/menu/1292?viewType=ach&idx=335&searchRound=13&searchStTime=&searchEnTime=&searchField=homeAll&searchText=,덕수궁,고궁음악회-풍류에 힙을 더하다,공연,종료,공연,현장참여,2023-05-05~2023-05-07,12:00~12:50,덕수궁 즉조당 앞마당,,02-3210-0799,"2023년에도 아름다운 궁궐을 국악의 멋과 흥으로 채울 궁궐 특화 공연, 고궁음악회의 상반기 일정을 공개합니다. 특히 상반기 공연은 모두 현장관람으로 진행되어 전석 무료입니다.(궁 입장료 별도) 햇살 좋은 봄에 더욱 예쁜 궁궐에서 프리미엄 국악 공연을 즐겨보세요! 1. 행사명 : 풍류에 힙(Hip)을 더하다 2. 일정 : 5. 5.(금) ~ 5. 28.(일) / 매주 금, 토, 일 12:00 3. 장소 : 덕수궁 즉조당 앞마당 4. 내용 : 흥겨운 퓨전국악 공연 5. 출연진 : 풍악광대놀이, 이상밴드, 경성구락부, 이드 6. 행사문의 ○ 궁능활용프로그램 콜센터 1522-2295 ○ 한국문화재재단 고궁음악회 담당 02-3210-0799 7. 프로그램 소개 <고궁음악회>는 궁궐 특화 공연으로 궁궐의 장소성 및 권역별 특색을 활용하여 고품격 공연 관람 콘텐츠를 제공하고자 합니다. 2023년 상반기에는 상설공연 ""풍류에 힙(Hip)을 더하다""를 통해 흥겨운 퓨전 국악 공연을 선보입니다. Concert at Palace plans to provide the audience with a unique opportunity to enjoy the arts surrounded by the graceful ambiance of the traditional palce. During the first half of the year, Hip Pungynu will take place featuring fusion music performance. (*Pungnyu is a Korean word that literally means wind flowing. It means appreciation of the arts and entertainment.) 날짜 Date 출연진 Performer 사회 MC 5.5. ~ 5.7. ( 금 ~ 일 / Fri ~ Sun) 풍악 광대놀이 Pungak Kwandae Nori 서진실 Seo Jinsil (5. 6. 이다연 Lee Dayeon) 5.12. ~ 5. 14. ( 금 ~ 일 / Fri ~ Sun) 이상밴드 GUGAK_E_SANG 5.19. ~ 5. 21. ( 금 ~ 일 / Fri ~ Sun) 경성 구락부 Gyeongseong Gurakbu 이다연 Lee Dayeon (5.26. 서진실 Seo Jinsil) 5.26. ~ 5. 28. ( 금 ~ 일 / Fri ~ Sun) 이드 The Korean Band ID 8. 우천 시 취소 안내 ○ 행사 당일 오전 11시 기준 5mm 이상 예보될 경우(기상청 예보 기준) 행사가 취소되며, 한국문화재재단 SNS 채널을 통해 공지됩니다. [고궁음악회 상반기 공연 널리 소문내기 이벤트] 인스타그램 리그램 이벤트 참여하신 100분께 커피쿠폰 드려요! 1. 참여방법 ○ 궁인 인스타 계정(@goongin_official) 팔로우 ○ 필수 해시태그 달고 공유 캡처 또는 리그램 ○ 응원 댓글은 필수! 2. 이벤트 기간 : 5월 4일(목)까지 선착순 3. 필수 해시태그 #2023고궁음악회 #풍류에그루브를더하다 #풍류에힙을더하다",https://www.kh.or.kr/jnrepo/upload/jnPrgFestivalProgram/202304/614903b7e7f0488b9bb95ecfcf179423_1682080993453.jpg
13,9회,덕수궁,325,"밤의 석조전 - 오얏꽃 흩날리는 봄밤, 대한제국 황실의 문이 열립니다.",체험,"일,월,화,수,목,금,토 18:20/18:50 / 19:25",https://www.kh.or.kr/jnrepo/upload/jnPrgFestivalProgram/202304/2e29a61a2a434c63b97d9549afef537b_1681741061623.PNG,석조전,https://www.kh.or.kr/program/view/menu/1292?viewType=ach&idx=325&searchRound=13&searchStTime=&searchEnTime=&searchField=homeAll&searchText=,덕수궁,"밤의 석조전 - 오얏꽃 흩날리는 봄밤, 대한제국 황실의 문이 열립니다.",체험,종료,체험,사전예약,2023-04-28~2023-05-04,"일,월,화,수,목,금,토 18:20/18:50 / 19:25",덕수궁 석조전,,1522-2295,"○ 예매일시 : 2023년 4월 4일(화) 오후 2시 ○ 예매금액 : 1인 26,000원 *ID당 2매 가능 ○ 예매처 : 티켓링크 www.ticketlink.co.kr ※ 예매 시 좌석 및 음료 선택 http://www.ticketlink.co.kr/product/43375 오얏꽃 흩날리는 봄밤, 대한제국 황실의 문이 열립니다. 전문 해설사가 들려주는 석조전에 담긴 황실 역사와 야외 테라스 카페에 준비된 가배차(커피)와 서양 디저트, 귀빈을 맞이하던 접결실에서의 뮤지컬 공연까지 궁궐의 낭만과 감동이 있는 덕수궁 석조전의 작은 연회에 여러분을 초대합니다. 1. 행사안내 * 내국인 행사(한국어 해설)만 진행합니다. ○ 행사일정 : 2023. 4. 11.(화) ~ 5.11.(목) / 총 24일(기간 중 화~일) * 덕수궁 휴궁일(월), 궁중문화축전 기간(5.5.~5.7.) 제외 ○ 행사시간 : 1회 18:20, 2회 18:50, 3회 19:25(회당 90분 내외) * 행사 시작 20분 전부터 접수 시작 * 각 회차 별 행사시간 10분 전까진 대한문 도착 ○ 행사장소 : 덕수궁 석조전 2. 예매안내 ○ 예매일시 : 2023년 4월 4일(화) 오후 2시 ○ 예매금액 : 1인 26,000원 *ID당 2매 가능 ○ 예매처 : 티켓링크 www.ticketlink.co.kr ※ 예매 시 좌석 및 음료 선택 - http://www.ticketlink.co.kr/product/43375 ○ 전화예매 - 예매대상 : 만 65세 이상 · 장애인 · 국가유공자 - 예매방법 : 티켓링크 고객센터 1588-7890 - 예매시간 : 평일 10:00 ~ 19:00 / 토 · 일요일 · 공휴일 휴무 ○ 할인정보 - 장애인: 50% 할인(1~3급/본인포함 2인, 4급이하/본인한정) - 국가유공자: 본인 한정 50% 할인 * 현장에서 티켓 수령 시, 증빙서류를 지참하지 않은 경우 참가가 취소 조치되며 별도의 환불이 불가함을 알려드립니다. 3. 프로그램 안내 ○ 석조전 야간 탐방 - 고즈넉한 덕수궁, 환하게 밝혀진 석조전 역사 탐방을 시작합니다. 전문 해설사와 함께 대한제국 황실의 일상을 엿보고, 석조전이 품고 있는 특별한 이야기를 들어보세요. ○ 석조전 테라스 카페 체험 - 이국적 분위기로 가득한 공간, 석조전 테라스에서 작은 연회가 열립니다. 편하게 들려오는 클래식 연주와 황실 가배 그리고 달콤한 디저트까지 소중한 사람과 특별한 시간을 나누는 기회가 되시기를 바랍니다. ※ 테라스 카페 메뉴 - 살구 타르트 : 바삭한 타르트지에 달콤한 아몬드 크림을 채우고 살구와 크럼블을 올려 구운 프랑스식 디저트 - 파트 드 후류이 : 망고와 라즈베리 두가지 맛 젤리 층으로 만들어진 프랑스식 과일젤리. - 가배(coffee) : 당시 커피의 영어 발음에서 따온 말로 '가배차' 또는 '가비차'로 불렸으며, 검은 색감과 쓴맛이 탕약과 비슷하다 하여 '약탕국'으로 불리기도 함. - 상심자차(오디) : 통나무의 열매 또는 이를 건조시킨 약재를 '오디'라고 하며, 새콤달콤하고 향긋한 향이 나는 건강차 ※ 가배와 상심자차 중 한가지의 음료를 선택하실 수 있습니다. ○ 접견실 뮤지컬 공연 <고종–대한의 꿈> - 대한제국의 황궁인 석조전의 건물이 준공되는 날 밤. 나라의 운명을 걱정하던 고종 앞에 꿈인 듯, 다시 나타난 명성황후의 모습... 음악에 담아 전하는 대한제국 황실 이야기가 펼쳐집니다. ○ 프로그램 동선 - 석조전 입장 → 석조전 건립 → 황실가제 → 황제침실 → 황제서재 → 황후거실 → 황후침실 → 테라스 이동 → 대식당 → 접견실 → 퇴장 ※ 테라스 좌석은 2인석으로 운영됩니다. 4. 유의사항 ○ 예매시 - 미취학 아동은 행사 진행 및 안전상의 이유로 참여가 불가능합니다. - 100% 사전예약제로 운영되며, 별도의 현장판매는 진행되지 않습니다. - ID당 최대 2매까지만 예매가 가능합니다. - 본 행사는 지정석이며, 좌석은 2인석으로 운영됩니다. (16인 1개조로 구성) - 예매하신 본인 입장이 원칙이며 타인 양도가 불가합니다. ※가족관계일 경우 증빙자료(등본, 가족관계증명서) 지참시만 예외적으로 양도가 가능합니다. - 예매자 신분증(원본) 및 예매내역(예매번호)을 꼭 지참하셔야 합니다. - 증빙 미지참시 입장불가, 현장에서 차액 지불 불가 - 행사의 취소와 환불은 티켓링크의 규정을 준수합니다.(*취소 마감시간 : 행사 전일 5시 전) ○ 접수시 - 접수장소 : 덕수궁 대한문 매표소 옆 <밤의 석조전> 안내데스크 - 접수시간 : 행사 시작 20분 전 매표소 앞 안내데스크에서 접수 시작 *회차별 행사시간 10분 전까진 대한문 도착* - 행사는 약 90분에 걸쳐 진행되며 내부관람도 포함되어 있으니 편한 신발을 착용해주시 기 바랍니다. - 입장시간이 경과되면 입장에 제한이 있을 수 있습니다. - 플래시 사용 불가 / 삼각대 사용 불가 / 음식물 반입 금지 5. 문의 ○ 티켓문의 : 티켓링크 고객센터 1588-7890 ○ 행사문의 : 궁능활용프로그램 콜센터 1522-2295 한국문화재재단 밤의 석조전 02-3210-4685",https://www.kh.or.kr/jnrepo/upload/jnPrgFestivalProgram/202304/2e29a61a2a434c63b97d9549afef537b_1681741061623.PNG
13,9회,덕수궁,320,아티스트가 사랑한 궁,공연,"일,금,토 19:30 ~ 20:40",https://www.kh.or.kr/jnrepo/upload/jnPrgFestivalProgram/202304/b6e9d6f24f23418186e6efb3cb2d6fff_1681711009817.JPG,양방언,https://www.kh.or.kr/program/view/menu/1292?viewType=ach&idx=320&searchRound=13&searchStTime=&searchEnTime=&searchField=homeAll&searchText=,덕수궁,아티스트가 사랑한 궁,공연,종료,공연,현장참여,2023-05-05~2023-05-07,19:30~20:40,덕수궁 중화전,1000명(현장참여),,"아티스트가 사랑한 궁 아티스트와 함께 궁의 아름다움을 전하는 초청 공연 5. 5.(금)~5. 7.(일) 19:30~80:40(70분) 1일차 | 5. 5.(금) 양방언 한국의 아름다운 궁에서 펼쳐지는 피아니스트 양방언의 공연 피아노, 기타, 베이스, 현악, 브라스 등 서양 악기와 태평소 등 동양 악기의 조화로운 멋. 다큐멘터리 차마고도(KBS), 영화 천년학, 온라인게임 아이온, 애니메이션 십이국기(NHK), 천년여우-여우비 등 CF, 방송을 통해 귀에 익숙한 그의 솔로앨범과 OST 대표곡들을 음반과는 또 다른 매력으로 아름다운 봄의 궁에서 여러분께 다가갑니다. 2일차 | 5. 6.(토) 두번째달, 김준수, 하윤주, 김무빈 봄을 만끽할 우리소리 우리음악의 정수를 만나다! 드라마 ‘궁’, ‘구르미 그린 달빛’ OST 등 한국적 정서를 음악에 담아내는 월드뮤직밴드 두번째달과 판소리계의 아이돌 김준수, 정가 하윤주, 경기민요의 김무빈이 함께 펼치는 국악 콜라보레이션 공연. 네 아티스트가 봄이 오는 소리를 전합니다. 3일차 | 5. 7.(일) 작곡가 겸 피아니스트 이루마 이루마의 음악과 함께 만드는 봄날 궁의 정취와 추억 국내 투어 뿐 아니라 시드니 오페라 하우스, 카네기홀, 링컨센터 등 세계 유명 공연장을 전석 매진시키고, 코로나 기간에도 미국 빌보드 클래시컬 차트 20주이상 1위에 오르며 명실상부한 글로벌 뮤지션으로 인정받은 이루마가 이번 2023년 궁중문화축전의 그 마지막 무대를 장식합니다. 한국적이고 서정적인 피아노 선율로 전 세계에서 사랑받고 있는 이루마의 피아노 연주가 덕수궁의 경관과 어우러져 그동안 볼수 없었던 특별한 시간을 선사할 이번 공연에서는 그의 대표곡 ‘Kiss the rain’과 ‘River flows in You’를 비롯해 이번 5월에 발매 예정인 새 앨범 수록곡도 국내 최초로 선보일 예정입니다.",https://www.kh.or.kr/jnrepo/upload/jnPrgFestivalProgram/202304/b6e9d6f24f23418186e6efb3cb2d6fff_1681711009817.JPG
13,9회,덕수궁,315,궁궐 퍼레이드-덕수궁,공연,토 11:00 / 14:00,https://www.kh.or.kr/jnrepo/upload/jnPrgFestivalProgram/202304/9ecbafb241ec4ca7b8838ab648326e37_1680834056274.jpg,아리아라리,https://www.kh.or.kr/program/view/menu/1292?viewType=ach&idx=315&searchRound=13&searchStTime=&searchEnTime=&searchField=homeAll&searchText=,덕수궁,궁궐 퍼레이드-덕수궁,공연,종료,공연,현장참여,2023-05-06~2023-05-06,토 11:00 / 14:00,5대궁(궁별 날짜 및 공연시간 상이),별도 제한인원 없음,,"궁궐 퍼레이드 서울 5대궁을 장식하는 화려한 군무의 향연 1. 창경궁 양화당 앞(4. 28.금, 14시) 우리나라 전통 연희공연과 한국창작무용을 퍼레이드 형식으로 구성한 창경궁 명칭환원 40주념 기념공연. 2 0 2 3 궁 중 문 화 축 전 의 시 작 을 알 리며 우리나라 고유의 춤을 젊은 무용가와 함께 현대적으로 재해석한 궁궐 퍼포먼스 출연: 포스댄스컴퍼니, 전통타악연구소, 고양예고 아름드리무용단 , 점핑엔젤스, 마담패밀리, 프로젝트 악, 김선정무용단 2. 경복궁 흥례문 광장(4. 29.토, 11시/14시 30분) 조선의 법궁이자 대한민국을 대표하는 문화유산인 경복궁 흥례문 광장에서 펼쳐지는 창작 한국무용공연을 비롯한 전통연희, 태권도퍼포먼스, 컨템포러리 댄스 퍼포먼스등의 퍼레이드 공연 출연: YIU댄스프로젝트 , 의정부태랑학회, 프로젝트 악, 전통타악연구소 3. 창덕궁 낙선재 앞(4. 30.일, 11시/14시) 창덕궁에서 즐기는 전통 타악 퍼포먼스, 한국 전통무용, 태권도 품새동작과 댄스동작을 리드미컬하게 융합한 태권도 퍼포먼스 그리고 춤과 음악이 어우러져 색다른 감동을 선사하는 댄스퍼포먼스 등 전통과 현대가 공존하는 퍼레이드 공연 출연: 한국전통예술단 아울, 대경대학교 꽃피우리, 김영아무용단, 아트지 4. 경희궁 숭정문 앞(5. 5.금, 경희궁 11시) 어린이날을 맞이하여 경희궁에서 만나볼 수 있는 어린이 치어리딩 공연과 경찰과 도둑놀이를 모티브로한 태권도퍼포먼스, 아름다운 창작 한국무용, 전통풍물장단을 현대적인 형식에 담은 연희 퍼포먼스 등 퍼레이드 공연 출연: 레인보우치어, 전통타악연구소, 상지대학교 태권도시범단, 고양예고 아름드리무용단 5. 덕수궁 중화문 뒤(5. 6.토, 11시/14시) 덕수궁에서 펼쳐지는 전통적인 소리(아리랑)와 몸짓을 화려한 퍼포먼스로 풀어낸 뮤지컬 퍼레이드, 창작한국무용, 댄스퍼포먼스, 퓨전국악에 맞춰 유려한 무술을 선보이는 무예 퍼포먼스 등 전통과 현대가 공존하는 퍼레이드 공연 출연: 팀 랩터스, 점핑엔젤스, YIU댄스프로젝트 , 아리아라리",https://www.kh.or.kr/jnrepo/upload/jnPrgFestivalProgram/202304/9ecbafb241ec4ca7b8838ab648326e37_1680834056274.jpg
13,9회,창경궁,387,"창경궁 명칭 환원 40주년 기념 사진전 《다시 찾는, 궁》",전시,"일,월,화,수,금,토 10:00 ~ 18:00",https://www.kh.or.kr/jnrepo/upload/jnPrgFestivalProgram/202310/a56c8a330a454c73947a18b3f75bf77d_1696336984527.jpg,창경궁 전경,https://www.kh.or.kr/program/view/menu/1292?viewType=ach&idx=387&searchRound=13&searchStTime=&searchEnTime=&searchField=homeAll&searchText=,창경궁,"창경궁 명칭 환원 40주년 기념 사진전 《다시 찾는, 궁》",전시,종료,전시,현장참여,2023-10-13~2023-10-18,10:00~18:00,창경궁 환경전,,,"창경궁 명칭 환원 40주년 기념 사진전 《다시 찾는, 궁》 주 제 세부내용 [1 부 ] 조선시대 속 창경궁 전시내용 그림과 글로 기록된 조선시대 창경궁의 모습 탐구 전시작품 동궐도 부분도 , 진찬의궤 궁중연회 등 [2 부 ] 빼앗긴 고궁 전시내용 창경원 격하에 따른 궁궐과 왕실의 권위 하락 전시작품 이왕가 박물관 , 창경원 동물원 등 [3 부 ] 명칭환원 및 복원공사 전시내용 명칭환원에 따라 옛 모습을 되찾는 창경궁 전시작품 창경궁 복원 계획 , 복원 현장 등 [4 부 ] 다시 찾는 , 궁 전시내용 다시 찾은 궁을 만끽하는 우리의 모습 전시작품 중건기념 경축행사 , 대온실 개방 등 ○ 연계 콘텐츠 - ( 온라인 ) 창경궁 문자도를 활용한 SNS 사생대회 개최 , 당선작 온라인 전시 - ( 오프라인 ) 전시장 내 창경궁 < 기억저장소 > 조성 및 N 번째 관람객 이벤트 진행",https://www.kh.or.kr/jnrepo/upload/jnPrgFestivalProgram/202310/a56c8a330a454c73947a18b3f75bf77d_1696336984527.jpg
13,9회,창경궁,385,궁중놀이방(창경궁),체험,"일,월,화,수,금,토 11:00 ~ 17:00",https://www.kh.or.kr/jnrepo/upload/jnPrgFestivalProgram/202310/d50cd4283441498baea2a540894b4356_1696335281352.png,궁중놀이방,https://www.kh.or.kr/program/view/menu/1292?viewType=ach&idx=385&searchRound=13&searchStTime=&searchEnTime=&searchField=homeAll&searchText=,창경궁,궁중놀이방(창경궁),체험,종료,체험,현장참여,2023-10-13~2023-10-18,11:00~17:00,"경복궁 집경당, 창경궁 경춘전",,,"궁중놀이방(창경궁) 궁중놀이방은 자원활동가 궁(宮)이둥이와 함께하는 소규모 체험과 이벤트 공간입니다. 가장 가까 운 곳에서 궁이둥이를 만나보세요! · 운영시간: 11:00~17:00(준비시간 12:00~1 3:00) · 운영장소: 창경궁 경춘전 · 참여방법: 현장참여(무료)(경복궁 입장료 별도) · 날짜별 운영프로그램 1. 10월 13일(금)~10월 15일(일) ➤ 궁이둥이를 이겨라(전통놀이), 궁퀴즈 2. 10월 16일(월)~ 10월 18일(수) ➤ 궁생샷(사진), 전통 매듭 키링 만들기 체험 3. 공통 프로그램 ➤ 모두의 풍속도 2023 체험(즉석 체험 및 인쇄, 밑그림 채색 등) ➤ 문화유산 멀티미디어북 열람(효, 쉼이 깃든 궁궐 창경궁) · 유의사항: 관람객 참여기회 확대 를 위해 참여횟수는 1인 1회로 한정합니다. 준비된 재료가 소진될 경우 조기마감될 수 있습니다.",https://www.kh.or.kr/jnrepo/upload/jnPrgFestivalProgram/202310/d50cd4283441498baea2a540894b4356_1696335281352.png
13,9회,창경궁,379,"인문학 콘서트 <창경궁, 우리의 유산>",공연,"월,화 16:00 ~ 17:30",https://www.kh.or.kr/jnrepo/upload/jnPrgFestivalProgram/202309/ef222ee181914bdf8b215137f65c68dd_1695281516090.jpg,창경궁 인문학,https://www.kh.or.kr/program/view/menu/1292?viewType=ach&idx=379&searchRound=13&searchStTime=&searchEnTime=&searchField=homeAll&searchText=,창경궁,"인문학 콘서트 <창경궁, 우리의 유산>",공연,종료,공연,사전예약,2023-10-16~2023-10-17,16:00~17:30,창경궁 통명전,회당 300명,궁능활용사업 콜센터(1522-2296),"2023 가을 궁중문화축전 인문학 콘서트 < 창경궁 , 우리의 유산> 창경궁은 세종이 즉위하면서 상왕인 태종을 모시기 위하여 지은 궁으로 , 1483 년 건립되었으며 수강궁을 확장하여 세운 별궁이기도 한 창경궁은 왕실 가족을 모시며 내전을 중심으로 한 생활 공간으로 활용되었습니다 . 창경궁은 영조가 사도세자를 뒤주에 가두어 죽인 일 , 정조가 승하한 일 등 크고 작은 궁중 비극이 일어난 곳이기도 한데 , 그 중 일제강점기에 동물원과 식물원 , 이왕가박물관이 들어서 , 이름도 ‘ 창경원 ’( 昌慶苑 ) 으로 격하되는 수난을 겪은 궁입니다 . 하지만 1963 년 1 월에 사적으 로 지정되었고 , 1983 년에는 동물원과 식물원을 서울대공원으로 옮기고 이름도 창경궁으로 되찾았습니다 . 조선의 5 대 궁궐 중 하나로서 효의 의미를 갖고있는 창경궁 ! 일제에 의해 격하되었던 창경궁의 환원을 기리며 그날의 시간으로 돌어가봅니다 . □ 티켓오픈: 2023 년 10 월 6 일 ( 금 ) 14 시 네이버 예약 <<클릭 * 관람권 : 선착순 무료 예매 / 한 ID 당 최대 4 매 예약가능 현장관람 가능 ( 스텐딩석 ) ** 노쇼좌석에 한해 착석 가능 사전예약을 하신 분께 창경궁 명칭환원 40 주년 기념 특별 기념품 피규어 키링을 드립니다. □ 상세내용 - 일정 : 2023. 10. 16.( 월 ) ~ 17.( 화 ) - 시간 : 16:00 ~ 17:30(90 분간 진행) - 장소 : 창경궁 통명전 - 참여인원 : 회당 300 명 정원 / 1 일 1 회 진행 1 회차 (10.16.) 궁궐 저널, 그날 - 강사 - 큰별쌤, 최태성 ( 한국사 강사 ) EBS 한국사 강사 - 공연 - 한국문화재재단 예술단 가 ( 歌 ), 무 ( 舞 ), 악 ( 樂 ) 이 어우러진 전통공연을 선사하며 한 국 의 아 름 다 움 을 알 리 는 국 내 최고의 전통 무용단 2 회차 (10.17.) 되찾은 이름의 역사 , 창경궁 명칭 환원의 의미 - 강사 - 썬킴 ( 역사 스토리텔러 ) 거침없는 세계사 저자 , EBS 오디오 어학당 < 썬킴의 조선왕조 실록홈즈 > 출연 등 - 공연 - 창작국악그룹 더미소 가야금병창을 중심으로 국악기와 서양 악기의 조화로 전통음악의 현대적인 재해석을 목표로 하는 창작국악팀 - 사회자 - 서경덕 ( 성신여자대학교 교수 ) 문화체육관광부 해외문화홍보원 자문위원 역임 등 □ 티켓 확인 안내 * 공연일 당일 공연 시작 30 분 ~10 분 전부터 수령 가능합니다 . - 장소 : 창경궁 홍화문 앞 궁중문화축전 안내 부스 사전예약자 확인을 위하여 예매자 본인의 신분증을 필히 지참해주시기 바랍니다 . 관람권은 직계가족 및 형제 · 자매에 한하여 증빙자료 제출 시 양도할 수 있습니다 . * 증빙자료 : 양도받은 분의 신분증 , 예매자와 가족 관계를 확인할 수 있는 서류 ( 등본 , 가족관계증명서 중 1 부 ) □ 유의사항 공연 당일 오전 11 시 기상청 기준 5mm 이상 우천 예보 시 공연이 취소될 수 있으며 , 이 경우 예매자에게 개별 안내해드릴 예정입니다. 창경궁 내 모든 공간은 금연구역입니다 . 문화재 보호 구역으로 음식물 , 인화물질 , 놀이기구의 반입이 제한됩니다 . 티켓 및 행사문의 : 한국문화재재단 궁능활용사업 콜센터 (1522-2296)",https://www.kh.or.kr/jnrepo/upload/jnPrgFestivalProgram/202309/ef222ee181914bdf8b215137f65c68dd_1695281516090.jpg
13,9회,창경궁,376,"문화유산 멀티미디어북 <효, 쉼이 깃든 궁궐 창경궁>",체험,"일,월,화,수,목,금,토 00:00 ~ 00:00",https://www.kh.or.kr/jnrepo/upload/jnPrgFestivalProgram/202309/0023b094c2d647fc8198b5bb65a7f880_1695272754675.png,창경궁 멀티미디어북,https://www.kh.or.kr/program/view/menu/1292?viewType=ach&idx=376&searchRound=13&searchStTime=&searchEnTime=&searchField=homeAll&searchText=,창경궁,"문화유산 멀티미디어북 <효, 쉼이 깃든 궁궐 창경궁>",체험,종료,체험,온라인,2023-10-11~2023-12-31,00:00~00:00,https://eb.chf.or.kr:8004/,,,"📖 바 로 가 기 (클릭) 📖 문화유산 멀티미디어북 <효, 쉼이 깃든 궁궐, 창경궁> 창경궁의 아름다운 전각들을 한국의 전통 도깨비가 일러스트와 사진을 통해서 자세히 소개하고, 다양한 멀티미디어 게임을 통하여 온라인에서도 창경궁의 역사와 문화를 느끼고 이해할 수 있도록 체험 기회를 제공합니다.",https://www.kh.or.kr/jnrepo/upload/jnPrgFestivalProgram/202309/0023b094c2d647fc8198b5bb65a7f880_1695272754675.png
13,9회,창경궁,332,춘당의 시간-이어지고,전시,"일,월,화,수,금,토 19:00 / 20:00",https://www.kh.or.kr/jnrepo/upload/jnPrgFestivalProgram/202304/ae99cc030ac84daa899de78cf1a988bd_1682036531453.JPG,춘당지 미디어파사드,https://www.kh.or.kr/program/view/menu/1292?viewType=ach&idx=332&searchRound=13&searchStTime=&searchEnTime=&searchField=homeAll&searchText=,창경궁,춘당의 시간-이어지고,전시,종료,전시,현장참여,2023-10-13~2023-10-18,"일,월,화,수,금,토 19:00 / 20:00","창경궁 후원(대춘당지, 백송나무, 소춘당지)",현장참여,02-6450-3834,"[ 참고사항] '춘당의 시간-이어지고' 멀티미디어 콘텐츠 전시는 사전예약 없이 현장에서 관람하실 수 있으며, 창경궁 입장료(대인 기준 1,000원)는 별도입니다. 역사와 자연이 연결된 본연이 시간이 이어지고! 조선왕조의 숨결이 아름다운 춘당의 시간으로 ○ 기간 : 2023. 10. 13.(금)-10. 18.(수) ○ 장소 : 창경궁 후원(대춘당지→백송나무→소춘당지/약 40분 코스) ○ 시간: - 춘당지 권역 19:00~20:40(세부 운영시간 별도) * 대춘당지: 19:00/19:30/20:00/20:30(10분) / * 소춘당지: 19:25/20:25(5분) / * 백송나무·대온실: 19:00∼20:40(상설 조명연출)",https://www.kh.or.kr/jnrepo/upload/jnPrgFestivalProgram/202304/ae99cc030ac84daa899de78cf1a988bd_1682036531453.JPG
13,9회,창경궁,323,2023년 창경궁 야연,체험,"일,화,수,목,금,토 16:00 ~ 20:30",https://www.kh.or.kr/jnrepo/upload/jnPrgFestivalProgram/202304/6e8cb7bc5fc84aec8e70f95db4081cc7_1681740523021.PNG,창경궁 야연,https://www.kh.or.kr/program/view/menu/1292?viewType=ach&idx=323&searchRound=13&searchStTime=&searchEnTime=&searchField=homeAll&searchText=,창경궁,2023년 창경궁 야연,체험,종료,체험,사전예약,2023-05-02~2023-05-07,16:00~20:30,창경궁 문정전,,1522-2295,"조선시대 어느 좋은 밤에 잔치를 베푸오니 부모님을 고이 업고 창경궁에 드소서. 창경궁 문정전에서 펼쳐지는 밤의 연회 <창경궁 야연>에 부모님을 초대합니다. <창경궁 야연>은 부모님 중 1인이 체험자로 직접 참여하고 가족들이 관람객이 되어 즐기는 프로그램입니다. 체험자는 국왕의 초대를 받은 고위 문무관(남성) 또는 정경부인(여성)이 되어 전통복식을 착용하고 궁궐 잔치의 주빈이 되는 특별한 경험을 하게 됩니다. 1. 행사안내 ○ 행사일정 : 2023. 5. 2.(화) ~ 5. 19.(금) / 총 16일(기간 중 화~일) * 창경궁 휴궁일(월) [5.8.(월), 5.15.(월)] 제외 ○ 행사시간 : 1일 1회 / 16:00 ~ 20:30 (본행사 19:00~19:40) - 본 행사 전 복식착용, 메이크업 등 사전 준비로 인해 소요시간이 긴 점 알려드립니다. * 부모님 참여객 입장 16:00 ~ 16:30 (가족 관람객 동행 가능) * 가족 관람객 입장 18:00 전 ○ 행사장소 : 창경궁 문정전(창경궁 홍화문 입장) 2. 프로그램 안내 ○ 주요 프로그램 안내 - 전통복식 착용 및 궁중메이크업(머리 포함) * 남성 : 단령, 사모 등 / 여성 : 당의, 치마, 비녀, 첩지 등 - 사진촬영 및 액자 기념품 발송 * 장수사진(독사진), 가족사진 촬영 및 보정 후 원본파일 이메일 발송, 장수사진 혹은 가족사진 중 선택하여 추후 액자로 발송해 드립니다. (액자크기 : 15*20cm가량) - 전통공연(포구락, 가야금 병창) ○ 식사 및 다과 - 본 행사 진행 전 도시락 2인분이 제공됩니다. (부/모 체험객 1인, 동반가족 1인) - 간단한 다과와 차가 제공됩니다. ○ 프로그램 참여 안내 - 전통의복 착용 및 분장, 장수사진 촬영 : 체험객 1인 - 가족사진 촬영 및 공연관람 : 동반 가족 4인포함 총 5인까지 3. 예매안내 ○ 예매일시 : 2023년 4월 19일(수) 오후 2시부터 ○ 예매금액 : 1매 100,000원 *ID당 2매 가능 ○ 예매처 : 티켓링크 www.ticketlink.co.kr * 티켓링크에서 <창경궁 야연> 검색 ○ 전화예매 - 예매대상 : 만 65세 이상 · 장애인 · 국가유공자 - 예매방법 : 티켓링크 고객센터 1588-7890 - 예매시간 : 평일 10:00 ~ 19:00 / 토 · 일요일 · 공휴일 휴무 ○ 할인정보 - 장애인: 50% 할인(1~3급 : 본인포함 2인, 4급이하 : 본인한정) - 국가유공자: 본인 한정 50% 할인 * 현장에서 티켓 수령 시, 증빙서류를 지참하지 않은 경우 차액분을 결제하여야 입장 가능합니다. 4. 유의사항 ○ 예매시 주의사항 - 100% 사전예약제로 운영되며, 별도의 현장판매는 진행되지 않습니다. - ID당 최대 2매까지만 예매가 가능합니다. - 예매하신 본인 입장이 원칙이며 타인 양도가 불가합니다. * 가족관계일 경우 증빙자료(등본, 가족관계증명서) 지참시만 예외적으로 양도가 가능합니다. - 예매자 신분증(원본) 및 예매내역(예매번호)을 꼭 지참하셔야 합니다. - 행사의 취소와 환불은 티켓링크의 규정을 준수합니다.(*취소 마감시간 : 행사 전일 17시 전) * 암표거래를 막기 위해 입장시 본인 확인을 철저하게 하오니 많은 협조 바랍니다. 5. 입/퇴장안내 ○ 입장시 - 입장장소 : 창경궁 정문 홍화문 - 입장시간 : 체험객 16:00 ~ 16:30까지 / 가족관람객 18:00까지 홍화문 안내소 접수 및 입장 * 체험객 입장시 가족관람객 동반 가능 - 입장시간이 경과되면 입장에 제한이 있을 수 있습니다. - 플래시 사용 불가 / 삼각대 사용 불가 / 음식물 반입 금지 ○ 퇴장시 - 퇴장장소 : 창경궁 정문 홍화문 - 퇴장시간 : 21:00 전 6. 기타 안내 ○ 우천시 - 행사 당일 오전 11시 기상청 예보 기준 - 1~3mm 미만 예보시 : 행사 정상 진행 - 3mm 이상 예보시 : 행사 취소 및 개별알림, 전액 환불 7. 문의 ○ 티켓문의 : 티켓링크 고객센터 1588-7890 ○ 행사문의 : 궁능활용프로그램 콜센터 1522-2295 ○ 창경궁 야연 누리집 : https://yayeon.modoo.at/",https://www.kh.or.kr/jnrepo/upload/jnPrgFestivalProgram/202304/6e8cb7bc5fc84aec8e70f95db4081cc7_1681740523021.PNG
13,9회,창경궁,316,궁궐 퍼레이드-창경궁,공연,금 14:00 ~ 14:40,https://www.kh.or.kr/jnrepo/upload/jnPrgFestivalProgram/202304/2f126336f15d4646aeaed8bf20959a9a_1680833005548.jpg,고양예고 아름드리,https://www.kh.or.kr/program/view/menu/1292?viewType=ach&idx=316&searchRound=13&searchStTime=&searchEnTime=&searchField=homeAll&searchText=,창경궁,궁궐 퍼레이드-창경궁,공연,종료,공연,현장참여,2023-10-13~2023-10-13,14:00~14:40,5대궁(궁별 날짜 및 공연시간 상이),별도 제한인원 없음,,"궁궐 퍼레이드 서울 5대궁을 장식하는 화려한 군무의 향연 1. 창경궁 양화당 앞(4. 28.금, 14시) 우리나라 전통 연희공연과 한국창작무용을 퍼레이드 형식으로 구성한 창경궁 명칭환원 40주념 기념공연. 2 0 2 3 궁 중 문 화 축 전 의 시 작 을 알 리며 우리나라 고유의 춤을 젊은 무용가와 함께 현대적으로 재해석한 궁궐 퍼포먼스 출연: 포스댄스컴퍼니, 전통타악연구소, 고양예고 아름드리무용단 , 점핑엔젤스, 마담패밀리, 프로젝트 악, 김선정무용단 2. 경복궁 흥례문 광장(4. 29.토, 11시/14시 30분) 조선의 법궁이자 대한민국을 대표하는 문화유산인 경복궁 흥례문 광장에서 펼쳐지는 창작 한국무용공연을 비롯한 전통연희, 태권도퍼포먼스, 컨템포러리 댄스 퍼포먼스등의 퍼레이드 공연 출연: YIU댄스프로젝트 , 의정부태랑학회, 프로젝트 악, 전통타악연구소 3. 창덕궁 낙선재 앞(4. 30.일, 11시/14시) 창덕궁에서 즐기는 전통 타악 퍼포먼스, 한국 전통무용, 태권도 품새동작과 댄스동작을 리드미컬하게 융합한 태권도 퍼포먼스 그리고 춤과 음악이 어우러져 색다른 감동을 선사하는 댄스퍼포먼스 등 전통과 현대가 공존하는 퍼레이드 공연 출연: 한국전통예술단 아울, 대경대학교 꽃피우리, 김영아무용단, 아트지 4. 경희궁 숭정문 앞(5. 5.금, 경희궁 11시) 어린이날을 맞이하여 경희궁에서 만나볼 수 있는 어린이 치어리딩 공연과 경찰과 도둑놀이를 모티브로한 태권도퍼포먼스, 아름다운 창작 한국무용, 전통풍물장단을 현대적인 형식에 담은 연희 퍼포먼스 등 퍼레이드 공연 출연: 레인보우치어, 전통타악연구소, 상지대학교 태권도시범단, 고양예고 아름드리무용단 5. 덕수궁 중화문 뒤(5. 6.토, 11시/14시) 덕수궁에서 펼쳐지는 전통적인 소리(아리랑)와 몸짓을 화려한 퍼포먼스로 풀어낸 뮤지컬 퍼레이드, 창작한국무용, 댄스퍼포먼스, 퓨전국악에 맞춰 유려한 무술을 선보이는 무예 퍼포먼스 등 전통과 현대가 공존하는 퍼레이드 공연 출연: 팀 랩터스, 점핑엔젤스, YIU댄스프로젝트 , 아리아라리",https://www.kh.or.kr/jnrepo/upload/jnPrgFestivalProgram/202304/2f126336f15d4646aeaed8bf20959a9a_1680833005548.jpg
13,9회,창경궁,310,"시간여행-영조, 홍화문을 열다",재현,"화,수,목,금,토 10:00 ~ 17:20(프로그램 회차별 상이)",https://www.kh.or.kr/jnrepo/upload/jnPrgFestivalProgram/202304/fcb689a523f041acb15edb2f8bb65e7b_1680597886835.jpg,영조,https://www.kh.or.kr/program/view/menu/1292?viewType=ach&idx=310&searchRound=13&searchStTime=&searchEnTime=&searchField=homeAll&searchText=,창경궁,"시간여행-영조, 홍화문을 열다",재현,종료,재현,사전예약,2023-05-02~2023-05-06,10:00~17:20(프로그램 회차별 상이),창경궁 일원,100,02-3210-4805,"시간여행-영조, 홍화문을 열다 * 티켓링크 사전예약 4. 19.(수) 오픈예정 영조가 백성들을 만나기 위해 열었던 홍화문이 <2023 봄 궁중문화축전>으로 다시 한번 활짝 열립니다. 창경궁은 5월 2일부터 6일까지 5일간 1743년으로 시간 여행이 생생하게 펼쳐집니다. 50번째 생일을 맞이하여 오순 어연례가 진행되는 창경궁에서 영 조 의 발 자 취 를 따 라 걸 으 며 조선시대 궁중문화를 체험해보세요. 궁중연향 준비과정은 사전 공모로 선발된 궁중새내기와 민간가객이 함께합니다. <1 일 차-연향을 논하다, 사전예약> 영조의 오순 어연례 결정 과정을 극으로 구성한 관객 참여형 공연이 펼쳐집니다 . 1 일 2 회 70 분씩 진행되며 , 사전 예약자들은 리시버를 통해 극을 관람할 수 있습니다 . 예약없이 방문한 관람객을 위한 인스타그램 라이브 방송도 진행됩니다 . - 시간 : 1부 12:00-13:20 /2부 15:00-16:20 <2~4 일 차> 사전 공모를 통해 선발된 480 명의 궁중 새내기들이 영조의 오순 어연례 준비를 위해 궁중 음식 · 회화 · 춤 등을 체험합니다. 또한 전통 공연을 관람하고 민간가객 뽑는 체험 프로그램을 진행합니다 . - 시간: 1회차 10:00-13:00/ 2회차 13:00-16:00/ 3회차 15:00-18:00 * 함인정 공연 1회차 12:20-12:50/ 2회차 13:00-16:00/ 3회차 17:20-17:50 - 궁중음식 체험: 명정전 오른편 우물터에 마련된 숙설소 ( 임시 주방 ) 에서 어연례 고임상 만들기 진행 - 궁중회화 체험: 경춘전에서 전통의궤 전문가가 선보이는 궁중의궤 기록과정 ( 궁중연향도 ) 재현과 궁궐 그림 그리기 프로그램 - 궁중무용 체험: 통명전 월대에서 향발 등 궁중정재 공연을 관람하며 포구락을 직접 배우는 프로그램 - 장악원 , 가객을 초빙하다: 함인정 인근에서 궁중연향을 맞아 초청된 민간가객의 판소리 , 탈춤 , 소리꾼 등 버스킹 공연 관람 < 5 일 차> 춘당지 근처에서 영조의 오순 어연례 재현 행사 및 식후 공연이 펼쳐집니다 . 식후 공연에서는 민간가객 중 관람객 투표를 통해 선발된 팀의 공연과 축하공연 등을 관람할 수 있습니다 . - 시간: 1회차 14-15:00 / 2회차 16:00-17:00 * 상설 프로그램: 영춘헌에서 진행되는 궁중복식* 체험 (궁궐 AR 캐릭터 6 종- 문관 , 대령숙수 , 나인 , 무동 , 무관 등 )",https://www.kh.or.kr/jnrepo/upload/jnPrgFestivalProgram/202304/fcb689a523f041acb15edb2f8bb65e7b_1680597886835.jpg
13,9회,경희궁,317,궁궐 퍼레이드-경희궁,공연,금 11:00 ~ 11:30,https://www.kh.or.kr/jnrepo/upload/jnPrgFestivalProgram/202304/5f2ca60aaaba44d0b48d3bdadebe9802_1680833482882.jpg,전통타악 연구소,https://www.kh.or.kr/program/view/menu/1292?viewType=ach&idx=317&searchRound=13&searchStTime=&searchEnTime=&searchField=homeAll&searchText=,경희궁,궁궐 퍼레이드-경희궁,공연,종료,공연,현장참여,2023-05-05~2023-05-05,11:00~11:30,5대궁(궁별 날짜 및 공연시간 상이),별도 제한인원 없음,,"궁궐 퍼레이드 서울 5대궁을 장식하는 화려한 군무의 향연 1. 창경궁 양화당 앞(4. 28.금, 14시) 우리나라 전통 연희공연과 한국창작무용을 퍼레이드 형식으로 구성한 창경궁 명칭환원 40주념 기념공연. 2 0 2 3 궁 중 문 화 축 전 의 시 작 을 알 리며 우리나라 고유의 춤을 젊은 무용가와 함께 현대적으로 재해석한 궁궐 퍼포먼스 출연: 포스댄스컴퍼니, 전통타악연구소, 고양예고 아름드리무용단 , 점핑엔젤스, 마담패밀리, 프로젝트 악, 김선정무용단 2. 경복궁 흥례문 광장(4. 29.토, 11시/14시 30분) 조선의 법궁이자 대한민국을 대표하는 문화유산인 경복궁 흥례문 광장에서 펼쳐지는 창작 한국무용공연을 비롯한 전통연희, 태권도퍼포먼스, 컨템포러리 댄스 퍼포먼스등의 퍼레이드 공연 출연: YIU댄스프로젝트 , 의정부태랑학회, 프로젝트 악, 전통타악연구소 3. 창덕궁 낙선재 앞(4. 30.일, 11시/14시) 창덕궁에서 즐기는 전통 타악 퍼포먼스, 한국 전통무용, 태권도 품새동작과 댄스동작을 리드미컬하게 융합한 태권도 퍼포먼스 그리고 춤과 음악이 어우러져 색다른 감동을 선사하는 댄스퍼포먼스 등 전통과 현대가 공존하는 퍼레이드 공연 출연: 한국전통예술단 아울, 대경대학교 꽃피우리, 김영아무용단, 아트지 4. 경희궁 숭정문 앞(5. 5.금, 경희궁 11시) 어린이날을 맞이하여 경희궁에서 만나볼 수 있는 어린이 치어리딩 공연과 경찰과 도둑놀이를 모티브로한 태권도퍼포먼스, 아름다운 창작 한국무용, 전통풍물장단을 현대적인 형식에 담은 연희 퍼포먼스 등 퍼레이드 공연 출연: 레인보우치어, 전통타악연구소, 상지대학교 태권도시범단, 고양예고 아름드리무용단 5. 덕수궁 중화문 뒤(5. 6.토, 11시/14시) 덕수궁에서 펼쳐지는 전통적인 소리(아리랑)와 몸짓을 화려한 퍼포먼스로 풀어낸 뮤지컬 퍼레이드, 창작한국무용, 댄스퍼포먼스, 퓨전국악에 맞춰 유려한 무술을 선보이는 무예 퍼포먼스 등 전통과 현대가 공존하는 퍼레이드 공연 출연: 팀 랩터스, 점핑엔젤스, YIU댄스프로젝트 , 아리아라리",https://www.kh.or.kr/jnrepo/upload/jnPrgFestivalProgram/202304/5f2ca60aaaba44d0b48d3bdadebe9802_1680833482882.jpg
13,9회,종묘,333,"2023년 종묘 묘현례 - 1703 조선의 왕비, 문안드립니다",공연,"일,월,금,토 13:00 / 16:00",https://www.kh.or.kr/jnrepo/upload/jnPrgFestivalProgram/202304/e2a9f713c0174ab4a13c1e833a9d284e_1682037124809.JPG,묘현례,https://www.kh.or.kr/program/view/menu/1292?viewType=ach&idx=333&searchRound=13&searchStTime=&searchEnTime=&searchField=homeAll&searchText=,종묘,"2023년 종묘 묘현례 - 1703 조선의 왕비, 문안드립니다",공연,종료,공연,사전예약,2023-04-28~2023-05-01,"일,월,금,토 13:00 / 16:00",종묘 영녕전,"사전예약, 현장참여(선착순)",1522-2295,"묘현례는 왕비나 세자빈이 왕실 혼례를 마친 후 조선왕조 역대 왕과 왕비의 신주가 모셔진 종묘를 알현하는 의례입니다. 조선시대 국가의례 중 왕실 여성이 유일하게 참여한 의례라는 점에서 그 의미가 매우 깊습니다. 「2023년 종묘 묘현례」에서는 1703년에 행해진 인원왕후의 묘현례를 창작극과 의례재현을 결합한 새로운 공연 콘텐츠로 재구성하여 관람객들에게 선보입니다. 완연한 봄, 뜻깊은 왕실 행사에 여러분들을 초대하오니 많은 관심 부탁드립니다. 1703년 묘현례 당일, 의례를 앞둔 인원왕후와 주변 인물들의 이야기 1. 행사안내 ○ 행사기간 : 2023년 4월 28일(금) ~ 5월 1일(월) ○ 행사시간 : 1부 13:00~13:40, 2부 16:00~16:40 * 공연 시작 30분 전부터 접수 시작 ○ 관람안내 : 사전예약과 현장접수 ○ 행사장소 : 종묘 영녕전 ○ 행사내용 숙종 조선의 제19대 임금, 최초의 묘현례 시행 “오늘 중전이 묘현례를 행하는 것은 오래된 논의가 전통이 되는 자리가 될 것이다.” 인원왕후 숙종의 세 번째 왕비, 가례 후 묘현을 한 최초의 왕비 “선대왕들께 인사를 드리고 오늘에야 진정 왕실의 가족이 되었습니다.” 세자 훗날 조선의 제20대 임금 경종, 병자년 세자빈의 묘현례 시행 “빈과 함께 알현한 후 저의 마음에 어린아이 같던 마음을 놓게 되고, 세자로서 종묘사직에 대한 책임감이 들었습니다.” 세자빈 훗날 단의왕후, 병자년 묘현례 시행 “처음 묘현례를 드릴 때 저는 너무 경직되어 며칠간 목이며, 다리며 안 아픈 곳이 없었더랍니다.” 전기수 조선 후기에 소설을 직업적으로 낭독하던 이야기꾼 “저 종묘사직만 아는 눈치 없는 고양이…” 금손 숙종이 아끼며 곁에 두고 키운 고양이 “내 집사가 누군지 알면 생각이 달라질걸? 냐앙.” [묘현례의 절차] 국왕 사배 : 국왕과 문무백관이 국궁사배로 선대왕께 인사를 올림 - 지극한 존경심으로 영령 앞에 몸을 굽히는 것을 국궁이라 하며, 네 번 절하는 것을 사배라고 합니다. 엎드려 한 번 절하고 앉은 채로 다시 머리를 조아리며 절하는 방식으로 네 번 반복하고 일어납니다. 국왕 소차 이동 : 문무백관 퇴장 후, 국왕이 소차로 들어감 - 당시 신하는 왕비의 얼굴을 볼 수 없었기 때문에 문무백관들은 왕비가 입장하기 전 모두 퇴장합니다. 왕비 알묘 : 왕비가 선대왕과 왕비께 공식적으로 인사를 올림 - 왕비가 국궁사배를 행합니다. 묘현례 절차 중 가장 작은 부분을 차지하고 있으나 조선시대 종묘에서 행해지는 국가의례 중 왕실 여성이 참여하는 유일한 행사로 매우 깊은 의미를 지니고 있습니다. 왕비 퇴장 : 인사를 마친 왕비가 동문 밖으로 퇴장함 - 국궁사배를 마친 왕비가 동문으로 퇴장하는데, 이때 제례에 참여한 모든 여관 또한 퇴장합니다. 2. 예매안내 ○ 예매일시 : 2023년 4월 21일(금) 14시 ○ 예매처 : 티켓링크(www.ticketlink.co.kr) ○ 예매링크 : https://www.ticketlink.co.kr/product/43667 ○ 예매금액 : 무료(1인 2매 예매 가능) * 사전예약자에 한해 기념품을 드립니다. ○ 전화예매 대상 : 만 65세 이상, 국가유공자, 장애인 * 티켓링크 고객센터 1588-7890 / 평일 10:00~19:00(주말 및 공휴일 휴무) ○ 한 ID당 최대 2매까지만 예매가 가능합니다. ○ 예매하신 본인 입장이 원칙이며, 타인 양도가 불가합니다. ○ 당일 오전 9시 예보를 기준으로 5mm 이상 우천 시 행사가 취소될 수 있으며, 개별로 안내문자가 발송됩니다. 3. 접수안내 ○ 접수장소 : 종묘 영녕전 앞 접수 데스크 ○ 접수시간 : 공연 시작 전 30분 전부터 접수 시작 ○ 예매자 신분증(원본) 및 예매내역(예매번호)을 반드시 지참하셔야 합니다. ○ 관람일 당일 현장접수도 가능합니다.(선착순 입장) ○ 공연시간 10분 전부터 입장 가능합니다. 4. 부대행사 - 조선 왕실 여성문화 체험 ○ 전통 화장품 만들기 - 장소 : 정전 악공청 - 시간 : 11시, 12시, 14시, 15시 / 한정 수량 ○ 왕후가 되어 사진 찍어보기 : 포토존에서 기념사진을 남겨보세요! - 장소 : 영녕전 악공청 - 시간 : 11:00~17:00 / 상설 운영 [인스타그램 현장 인증 이벤트] 「2023년 종묘 묘현례」공연 관람과 체험 프로그램 참여를 인증하신 분들에게 커피 기프티콘을 쏩니다! *한정 수량 ○ 인증방법 - 하나. <1703 조선의 왕비, 문안드립니다> 공연 관람 인증사진 남기기(필수) - 둘. 체험 혹은 전시 프로그램 참여 후 인증사진 남기기(택1 필수) - 셋. 인스타그램에 인증사진과 함께 행사 후기 남기기(@goongin_official 태그 필수) 5. 유의사항 ○ 종묘 내 모든 공간은 금연구역입니다. ○ 문화재 보호구역으로 애완동물 및 취식물의 반입이 제한됩니다. ○ 공연 관람 시 삼각대 반입이 제한됩니다. 6. 문의 ○ 예매 문의(티켓링크) : 1588-7890 / 월~금 10:00~19:00 ○ 궁능 활용 프로그램 콜센터 : 1522-2295 / 화~일 09:30~18:00 ○ 한국문화재재단 종묘 묘현례 : 02-3210-4803",https://www.kh.or.kr/jnrepo/upload/jnPrgFestivalProgram/202304/e2a9f713c0174ab4a13c1e833a9d284e_1682037124809.JPG
13,9회,종묘,330,종묘대제,재현,일 11:00 ~ 17:00,https://www.kh.or.kr/jnrepo/upload/jnPrgFestivalProgram/202304/89b679de747c4563a9668458db3f1033_1681822245600.jpg,종묘대제,https://www.kh.or.kr/program/view/menu/1292?viewType=ach&idx=330&searchRound=13&searchStTime=&searchEnTime=&searchField=homeAll&searchText=,종묘,종묘대제,재현,종료,재현,사전예약,2023-05-07~2023-05-07,11:00~17:00,종묘,150명 내외,,"1. 2023 종묘대제 ○ 일자 : 2023년 5월 7일 일요일 ○ 시간 - 종묘대제 봉행 : 14:00 ~ 16:00 - 부대행사 : 11:00 ~ 17:00 ○ 장소 : 종묘 영녕전 및 종묘 일원 ○ 내용 : 종묘제례 봉행(일무 및 제례악 포함) 및 체험행사, 유튜브 생중계 등 ○ 관람료 : 무료(무료 입장) ○ 주최 : 문화재청 국립무형유산원 ○ 주관 : 한국문화재재단, 종묘대제봉행위원회(종묘제례보존회, 종묘제례악보존회) 2. 행사 안내 ○ 영녕전 : 종묘제례 봉행(일무 및 제례악 포함) - 영녕전 관람석 : 온라인 사전예약 - 종묘 영녕전 일대 : 일반 무료관람 / 대형 모니터(2개소) 설치 및 실황 중계 ○ 체험 행사 - 신실 재현 전시관 - 제례악기 체험 - 어린이 체험존(일무 색칠하기 운영) 3. 예매 안내 ○ 예매일 : 5.2(화) 14시 ○ 예매처 : 티켓링크 www.ticketlink.co.kr - http://www.ticketlink.co.kr/product/43828 - 1인 2매, 150명 / 비지정 좌석 *공석 발생 시 선착순 입장 가능 4. 문의 ○ 행사문의 콜센터 : 1522-2295 ○ 한국문화재재단 종묘대제 담당 : 02-3210-4806",https://www.kh.or.kr/jnrepo/upload/jnPrgFestivalProgram/202304/89b679de747c4563a9668458db3f1033_1681822245600.jpg
13,9회,사직단,371,사직단 재현용품 전시,전시,"일,월,화,수,목,금,토 08:30 ~ 16:00",https://www.kh.or.kr/jnrepo/upload/jnPrgFestivalProgram/202305/ead43c5bac4b487ab11de50efe00b958_1682991230733.jpg,사직단,https://www.kh.or.kr/program/view/menu/1292?viewType=ach&idx=371&searchRound=13&searchStTime=&searchEnTime=&searchField=homeAll&searchText=,사직단,사직단 재현용품 전시,전시,종료,전시,현장참여,2023-04-29~2023-05-07,08:30~16:00,사직단 전사,,,"사직단 재현용품 전시 일정: 연중 시간: 8:30-16:00 관람요금: 무료 장소: 사직단 전사청 사직단의 복원된 전각에 사직대제 재현 영상과 복식, 제기 제수 모형 등을 전시",https://www.kh.or.kr/jnrepo/upload/jnPrgFestivalProgram/202305/ead43c5bac4b487ab11de50efe00b958_1682991230733.jpg
13,9회,온라인(기타),386,모두의 풍속도 2023,체험,"일,월,화,수,목,금,토 00:00 ~ 24:00",https://www.kh.or.kr/jnrepo/upload/jnPrgFestivalProgram/202310/35d80b9c2e244b338517436377ba5757_1696335847926.jpg,모풍,https://www.kh.or.kr/program/view/menu/1292?viewType=ach&idx=386&searchRound=13&searchStTime=&searchEnTime=&searchField=homeAll&searchText=,온라인(기타),모두의 풍속도 2023,체험,종료,체험,온라인,2023-09-27~2023-10-31,00:00~24:00,온라인,,,"한국의 고궁을 배경으로 누구나 쉽고 재밌게 풍속도 속 인물을 만들어보고, 그 안에 깃든 이야기를 통해 소통하길 바라는 마음으로 기획한 '모두의 풍속도' 2021년 선보인 모두의 풍속도는 여러분이 즐겁게 참여해주신 덕분에, 올해 세 번째 '모두의 풍속도'를 열었습니다. 조선시대 김홍도가 풍속화에 인물의 모습을 다채롭게 담아냈던 것처럼, 여러분도 일상 속 소소한 모습을 그림으로 만들어보세요. < 모두의 풍속도 바로가기 >",https://www.kh.or.kr/jnrepo/upload/jnPrgFestivalProgram/202310/35d80b9c2e244b338517436377ba5757_1696335847926.jpg
9,8회,경복궁,307,모두의 한복 (국가무형문화재 ‘한복생활’ 지정 기념행사),공식행사,15:00 ~ 16:00,https://www.kh.or.kr/jnrepo/upload/jnPrgFestivalProgram/202210/68998a5379c643f58ee885dc3b22b0b9_1664596908850.jpg,정월 초하루,https://www.kh.or.kr/program/view/menu/1292?viewType=ach&idx=307&searchRound=9&searchStTime=&searchEnTime=&searchField=homeAll&searchText=,경복궁,모두의 한복 (국가무형문화재 ‘한복생활’ 지정 기념행사),공식행사,종료,공식행사,현장참여,2022-10-01~2022-10-01,15:00~16:00,경복궁 흥복전,인원제한 없음,,"2022년 새롭게 국가무형유산으로 지정된 모두의 ‘한복생활’을 이야기하다! 2022년 7월 20일, ‘한복생활’이 국가무형유산으로 지정되었습니다. ‘한복생활’은 오랜 역사와 전통 속에서 다양한 형태로 지속하여 왔으며, 우리 민족의 정체성과 가치를 대표해 온 전통생활관습이자 전통지식입니다. ‘한복생활’은 바지·저고리 또는 치마·저고리로 이루어진 2부식 구조와 옷고름을 갖추고 있는 한복을 지어, 치마-저고리, 바지-저고리 착용 순서에 따라 입고, 예절·격식·형식이 필요한 의례·관습·놀이 등에 맞춰 향유하는 문화를 뜻합니다. 한복은 우리 민족에게 단순한 의복이 아니라 가족 공동체의 안녕을 기원하고, 예를 갖추는 중요한 매개체이기에 매우 중요한 무형적 자산입니다. ‘한복생활’은 한반도 전역에서 온 국민이 전승·향유하고 있는 문화라는 점에서 이미 지정된 ‘김치 담그기’, ‘장 담그기’ 등과 같이 특정 보유자와 보유단체는 인정하지 않는 공동체종목으로 지정하였습니다.",https://www.kh.or.kr/jnrepo/upload/jnPrgFestivalProgram/202210/68998a5379c643f58ee885dc3b22b0b9_1664596908850.jpg
9,8회,경복궁,306,2022년 세종학당 집현전 한국어 교실,체험,14:00 ~ 16:30,https://www.kh.or.kr/jnrepo/upload/jnPrgFestivalProgram/202209/af470535ddc24d13b1fa1989c08520f8_1664441439617.jpg,집현전 한국어교실,https://www.kh.or.kr/program/view/menu/1292?viewType=ach&idx=306&searchRound=9&searchStTime=&searchEnTime=&searchField=homeAll&searchText=,경복궁,2022년 세종학당 집현전 한국어 교실,체험,종료,체험,사전예약,2022-10-07~2022-10-21,14:00~16:30,"수정전,흥복전",1회 당 30명,02-3276-0775,"한글날 맞이, 집현전에서 한국어와 한국문화를 배우다 한글날을 맞아 한글 창제의 의미를 되새기고, 궁중 문화와 같은 고급 한국문화를 즐길 수 있기를 기대합니다. 일시: 2022. 10. 7., 14., 21. 1일 1회(총 3회), 14:00~17:00",https://www.kh.or.kr/jnrepo/upload/jnPrgFestivalProgram/202209/af470535ddc24d13b1fa1989c08520f8_1664441439617.jpg
9,8회,경복궁,304,만들어보자궁(宮),체험,10:00 ~ 20:30,https://www.kh.or.kr,,https://www.kh.or.kr/program/view/menu/1292?viewType=ach&idx=304&searchRound=9&searchStTime=&searchEnTime=&searchField=homeAll&searchText=,경복궁,만들어보자궁(宮),체험,종료,체험,현장참여,2022-10-01~2022-10-09,10:00~20:30,흥례문 광장,,,"경복궁을 주제로 한 어린이 대상 브릭 전시 및 체험 프로그램 광화문, 근정전, 향원정 등 경복궁 대표 전각을 브릭으로 만나보세요.",https://www.kh.or.kr
9,8회,경복궁,302,무형문화재 이수자 지원 공연,공연,16:00 ~ 17:00,https://www.kh.or.kr,,https://www.kh.or.kr/program/view/menu/1292?viewType=ach&idx=302&searchRound=9&searchStTime=&searchEnTime=&searchField=homeAll&searchText=,경복궁,무형문화재 이수자 지원 공연,공연,종료,공연,현장참여,2022-10-05~2022-10-06,16:00~17:00,집옥재 앞마당,,,국가무형문화재 이수자 공모 선정 팀의 특별 공연 10. 5.(수)~10. 6.(목) 16:00-17:00 10. 7.(금) 12:00~13:00,https://www.kh.or.kr
9,8회,경복궁,301,위대한 유산,공연,12:00 ~ 16:30,https://www.kh.or.kr/jnrepo/upload/jnPrgFestivalProgram/202209/9a0f0c23fede49d5862abaf742fee0dc_1664351542539.jpg,위대한 유산(줄타기),https://www.kh.or.kr/program/view/menu/1292?viewType=ach&idx=301&searchRound=9&searchStTime=&searchEnTime=&searchField=homeAll&searchText=,경복궁,위대한 유산,공연,종료,공연,현장참여,2022-10-02~2022-10-09,12:00~16:30,"숙설소 터(줄타기), 강녕전(발탈, 가사)",관람 제한 없음,02-3011-2152,"국가긴급보호무형문화재 줄타기, 발탈, 가사 종목 전승자 공연 줄타기(숙설소 터) 10. 2.(일)~10. 3.(월) 12:00~12:30 발탈(강녕전) 10. 8.(토)~10. 9.(일) 13:00~13:30 가사(강녕전) 10. 8.(토)~10. 9.(일) 16:00~16:30 가사 발탈 줄타기",https://www.kh.or.kr/jnrepo/upload/jnPrgFestivalProgram/202209/9a0f0c23fede49d5862abaf742fee0dc_1664351542539.jpg
9,8회,경복궁,299,"오, 케이 탈춤",공연,15:00(11:00) ~ 18:30(17:30),https://www.kh.or.kr/jnrepo/upload/jnPrgFestivalProgram/202209/01c5995f46ab4395a5f245a10e561f5c_1664205211783.jpg,탈춤 사진,https://www.kh.or.kr/program/view/menu/1292?viewType=ach&idx=299&searchRound=9&searchStTime=&searchEnTime=&searchField=homeAll&searchText=,경복궁,"오, 케이 탈춤",공연,종료,공연,현장참여,2022-10-07~2022-10-09,15:00(11:00)~18:30(17:30),경복궁 용성문 인근,현장참여,02-3210-3506,"오, 케이 탈춤 ㅇ 행사소개 : '한국의 탈춤' 유네스코 인류무형문화유산 등재 기원 공연 ㅇ 행사장소 : 경복궁 용성문 인근 ㅇ 공연시간 : 약 30분 ㅇ 행사일정 - 10.7.(금) 15:00 / 동래야류(부산) - 10.7.(금) 16:00 / 북청사자놀음(서울) - 10.7.(금) 17:00 / 고성오광대(경남 고성) - 10.7.(금) 18:00 / 송파산대놀이(서울) - 10.8.(토) 11:00 / 양주별산대(경기 양주) - 10.8.( 토 ) 13:00 / 수영야류(부산) - 10.8.( 토 ) 15:00 / 강령탈춤(서울) - 10.8.( 토 ) 17:00 / 은율탈춤(인천) - 10.9.(일) 11:00 / 가산오광대(경남 사천) - 10.9.(일) 13:00 / 강릉관노가면극(강릉) - 10.9.(일) 15:00 / 하외별신굿탈놀이(경북 안동) - 10.9.(일) 17:00 / 통영오광대(경남 통영)",https://www.kh.or.kr/jnrepo/upload/jnPrgFestivalProgram/202209/01c5995f46ab4395a5f245a10e561f5c_1664205211783.jpg
9,8회,경복궁,297,청각장애인 대상 맞춤형 관람행사,체험,13:00 ~ 17:30,https://www.kh.or.kr/jnrepo/upload/jnPrgFestivalProgram/202209/4698b936ed9b4a9dae7dff6e40a6cf49_1663349799059.PNG,사진,https://www.kh.or.kr/program/view/menu/1292?viewType=ach&idx=297&searchRound=9&searchStTime=&searchEnTime=&searchField=homeAll&searchText=,경복궁,청각장애인 대상 맞춤형 관람행사,체험,종료,체험,현장참여,2022-10-08~2022-10-08,13:00~17:30,경복궁 일원,20명,,"2022년 청각장애인 대상 맞춤형 관람행사 '궁궐 나들이 체험을 통한 문화유산 향유' - 행사일정 : 10.8.(토) 13:00~17:30 - 행사내용 : 수어 해설영상 관람, 퀴즈 및 임무수행 등 궁궐 나들이 체험 - 참여인원 : 청각장애 가족 20명 - 참여방법 : 별도 모집(시립서대문농아인복지관) - 행사장소 : 경복궁 일원(실내행사 : 흥복전)",https://www.kh.or.kr/jnrepo/upload/jnPrgFestivalProgram/202209/4698b936ed9b4a9dae7dff6e40a6cf49_1663349799059.PNG
9,8회,경복궁,293,고궁책방(고궁책방-고종의 초대),체험,10:00 ~ 16:00(16:00~17:30),https://www.kh.or.kr/jnrepo/upload/jnPrgFestivalProgram/202209/8cb4d7397dd3424bb7d3dd9da75fef29_1663231643052.jpg,포스터,https://www.kh.or.kr/program/view/menu/1292?viewType=ach&idx=293&searchRound=9&searchStTime=&searchEnTime=&searchField=homeAll&searchText=,경복궁,고궁책방(고궁책방-고종의 초대),체험,종료,체험,사전예약,2022-10-01~2022-10-10,10:00~16:00(16:00~17:30),"경복궁 집옥재, 팔우정, 협길당","현장참여, 사전예약(고종의 초대)",02-3210-4683,"[티켓수령 방법 변경 안내] - 티켓 수령장소: 경복궁 집옥재 앞 안내소 - 티켓 수령은 14시 30분에서 15시 30분까지 가능합니다. - 공연 당일 30분 전까지 티켓수령장소에서 티켓을 수령하지 않고 연락이 불가할 시에는 사전예약이 취소됩니다. - 객석 오픈은 공연시작 1시간 전부터 가능합니다. - 티켓 수령 시 예매번호 또는 예매자 본인 신분증+휴대폰 번호 뒷자리를 확인해주셔야 티켓 수령이 가능합니다. 원활한 티켓 수령을 위해 신분증, 예매내역서 혹은 SMS(예매번호가 포함된 메시지)등을 지참하시기 바랍니다. - 경복궁 입장권은 별도로 구매하여야 하며, 행사가 진행되는 집옥재는 도보로 수분 이상 소요되오니 이 점 참고하시어 미리 도착해주시기 바랍니다. 초대장 청명한 가을 하늘 아래 아름다운 궁궐 전각을 배경으로 고종황제를 만나는 특별한 시간. 책과 음악, 이야기가 있는 인문학콘서트 <고종의 초대>에서 여러분의 참석을 기다립니다. <고궁책방>소개 '옥처럼 귀한 보물을 모은다'는 뜻의 '집옥재'는 조선시대 고종이 서재로 사용하며 외국 사신들을 접견하던 장소입니다. 고종은 이곳에서 책을 읽기도 하고, 사색의 시간을 가지기도 하였습니다. 고궁 속 도서관이라는 특별한 가치를 바탕으로 2016년에 일반인에게 처음 공개했으나, 현재는 일부 기간에만 공개하고 있습니다. 이번 기회를 통해 아름다운 궁궐 속 고즈넉한 고종의 공간을 직접 둘러볼 수 있도록 9일간 '고궁책방'을 엽니다. 또한 고궁책방에서는 전통매듭 책갈피 만들기, 나를 만나는 사색의 시간 가지기, 고종의 서재에서 책 읽어보기 등 다양한 체험 프로그램이 마련되어 있습니다. 누구나 자유롭게 체험할 수 있습니다. 1. 일시 : 2022. 10 .1.(토) ~ 10. 9.(일) / 10:00 ~ 16:00 2. 장소 : 경복궁 집옥재, 팔우정, 협길당 3. 참여안내 ○ 현장참여 ○ 단, 전각이 협소하여 대기가 발생 할 수 있습니다. ○ 집옥재는 상시 개방이 아닌 일부 기간에만 공개하고 있습니다. ※ 집옥재, 팔우정 개방 기간 : 9. 28.(수) ~ 11. 7.(월) *휴궁일 제외 <고종의 초대> 소개 '고궁책방'이 열리는 기간 중 3일간 인문학콘서트<고종의 초대>를 진행합니다. 집옥재가 다시 열리는 것을 기념하여 고종이 사랑하고 아꼈던 것들에 대해 전문가와 함께 이야기를 나눠보는 시간을 가집니다. 대한제국 시기 고종의 근대문물에 대한 해박한 지식과 관심을 엿볼 수 있는 '생활문화', '책', '과학' 3가지의 주제로 열리며, 강연과 대담 후에는 클래식 공연을 직접 선보입니다. 1. 일시 : 2022. 10. 7.(금) ~ 10. 9.(일) / 16:00 ~ 17:30(90분) 2. 장소 : 경복궁 집옥재 앞마당 3. 출연진 및 회차별 주제 ※ 출연진은 사정에 따라 변경 될 수 있습니다. ※ 사전예매를 통해 참석하신 분께는 소정의 음료 및 기념품을 제공합니다. ○ 10월 7일(금) / 1회 - 주제 : 고종이 사랑한 생활문화 - 사회 : 오유경 아나운서 - 패널 : 주영하 교수 ○ 10월 8일(토) / 2회 - 주제 : 고종이 사랑한 책 - 사회 : 김태훈 팝칼럼니스트 - 패널 : 윤지양 작가 ○ 10월 9일(일) / 3회 - 주제 : 고종이 사랑한 과학 - 사회 : 김태훈 팝칼럼니스트 - 패널 : 김상욱 물리학자 4. 예약 안내 ○ 예약일시 : 2022년 9월 22일(목) 14:00 ~ ○ 예매처 : 인터파크 티켓 - https://tickets.interpark.com/goods/22012722 ○ 관람료 : 선착순 무료(회차당 300명, 비지정석) /경복궁 입장권 별도구매 ○ 문의사항 : 02-3210-4683 / royalculture1@chf.or.kr - 문의 가능 시간 : 평일 11:00 ~ 16:00(점심시간 12:00 ~ 13:00)제외 5. 유의사항 ※ 아래의 유의사항을 꼭 읽어보시고 예매하시기 바랍니다. ※ 예매자는 본 안내 페이지의 모든 내용을 숙지 및 동의한 것으로 간주합니다. ○ 예약방법 : 궁중문화를 체험하고 싶은 일반 국민(미취학 아동 제외) ○ 티켓예매 - 티켓 예매 기간 : 9월 22일(목) 공연 전일 17시까지 - 예매 티켓 수령은 14시 30분에서 15시 30분까지 가능합니다. - <고종의 초대>는 사전예약이 원칙이며, 사전예약 인원 미달 및 현장에서 불참석자(No-Show)가 발생할 경우 공석은 현장에서 접수 받습니다. - 관람 신청일 부득이한 사정으로 관람이 불가능 하신 분들은 다른 분들의 관람을 위해 행사 전일 오후 17시까지 인터파크 홈페이지로 취소 바랍니다. ○ 티켓 수령 - 티켓 수령장소 : 경복궁 집옥재 앞 안내소 - 티켓 수령은 14 시 30 분에서 15 시 30 분까지 가능합니다 . - 공연 당일 30 분전까지 수령장소에서 티켓을 수령하지 않고 부재중시에 사전예약이 취소됩니다 . - 객석 오픈은 공연시작 1 시간 전부터 가능합니다 . - 티켓 수령 시 예매번호 또는 예매자 본인 신분증 + 휴대폰 번호 뒷자리를 확인해주셔야 티켓 수령이 가능합니다 . 원활한 티켓 수령을 위해 신분증 , 예매내역서 혹은 SMS( 예매번호가 포함된 메시지 ) 등을 지참하시기 바랍니다 . - 경복궁 입장료는 별도로 구매하여야 하며 , 행사가 진행되는 집옥재는 도보로 수분 이상 소요되오니 이 점 참고하시어 미리 도착해주시기 바랍니다 . ○ 행사 취소 및 변동관련 - 야외공간에서 진행되는 프로그램 특성상 회차별 2시간 전 1mm 이상 우천시 행사가 취소될 수 있는 점 양해 부탁드리며, 행사 취소 시 집결 2시간 전 안내메시지를 통해 발송 드리겠습니다. 또한 행사 시점 정부 방역수칙 및 궁궐 운영지침에 따라 운영사항이 변동 될 수 있습니다.",https://www.kh.or.kr/jnrepo/upload/jnPrgFestivalProgram/202209/8cb4d7397dd3424bb7d3dd9da75fef29_1663231643052.jpg
9,8회,경복궁,292,수라간 시식공감,체험,18:00 ~ 21:00,https://www.kh.or.kr/jnrepo/upload/jnPrgFestivalProgram/202209/ded646b429f249c8b1d4e9e9ec93660b_1662393822067.jpg,수라간 시식공감,https://www.kh.or.kr/program/view/menu/1292?viewType=ach&idx=292&searchRound=9&searchStTime=&searchEnTime=&searchField=homeAll&searchText=,경복궁,수라간 시식공감,체험,종료,체험,사전예약,2022-10-01~2022-10-16,18:00~21:00,"경복궁 내·외소주방, 생과방 권역",1일 4회(회당 30명),,"궁중문화를 보고 먹고 즐기고 감동한다는 ‘ 視 ( 공간 ), 食 ( 음식 ), 公 ( 공연 ), 感 ( 감동 )’ 을 주제로 궁중의 부엌 소주방에서 궁중음식문화를 직접 체험해보는 전통문화 복합체험 프로그램 - ‘ 밤의 생과방 ’( 국악공연 ), ‘ 식도락 × 시식공감 ’( 궁중수라 시식 ), ‘ 주방골목 ’( 간식 체험 ) 등 ○ 일시 : 2022. 10. 1.( 토 )~10. 16.( 일 ) * 10.11.( 화 ) 제외/ 1 8 : 0 0 ~ 2 1 : 0 0 ○ 장소 : 경복궁 내 · 외소주방 , 생과방 권역 ○ 참여인원 : 1 일 4 회 / 회당 30 명 ○ 참가비용 : 25,000 원 (1 인 최대 4 매 예매가능 ) ○ 예약방법 : 선착순 및 추첨제 ( 인터파크티켓 ) - ( 선착순 ) 9.19.( 월 ) 14 시 오픈 / 행사기간 : 10.1.( 토 )~10.6.( 목 ) - ( 추첨제 ) 9.19.( 월 ) 16 시 오픈 / 행사기간 : 10.7.( 금 ), 10.12.( 수 )~10.16.( 일 ) * 추첨제 예매기간 : 9.19.( 월 )~9.22.( 목 ) / 추첨제 발표 : 9.23.( 금 )",https://www.kh.or.kr/jnrepo/upload/jnPrgFestivalProgram/202209/ded646b429f249c8b1d4e9e9ec93660b_1662393822067.jpg
9,8회,경복궁,291,아티스트가 사랑한 궁(경회루 특별관람 연계),공연,10:00 ~ 16:00,https://www.kh.or.kr/jnrepo/upload/jnPrgFestivalProgram/202209/84e5b44ae7e94a7888051899686d82c6_1662392516481.jpg,아사궁 오프라인 썸네일,https://www.kh.or.kr/program/view/menu/1292?viewType=ach&idx=291&searchRound=9&searchStTime=&searchEnTime=&searchField=homeAll&searchText=,경복궁,아티스트가 사랑한 궁(경회루 특별관람 연계),공연,종료,공연,사전예약,2022-10-01~2022-10-09,10:00~16:00,경회루,,,"특별한 공간에서 펼쳐지는 특별한 만남, 아티스트가 사랑한 궁 '아티스트가 사랑한 궁'은 아티스트와 함께 궁궐 전각의 의미와 아름다움을 전달하는 공연입니다. 코로나19로 온라인으로 진행되었던 '아사궁'이 <2022 가을 궁중문화축전>을 맞아 직접 여러분을 만납니다. 이번 '아사궁'은 조선시대 궁중연회 장소였던 경복궁 경회루에서 국악 아티스트와 함께 합니다. 전문해설사의 안내를 따라 경회루 내부를 둘러보고 누각에 앉아 바람에 실려오는 선율에 귀를 기울여보세요. 깊어가는 가을, 경회루로 여러분을 초대합니다. 1. 행사 일정 : 2022.10.1.(토) ~ 10. 9.(일) 2. 입장시간 : 10:00 / 11:00 / 14:00 / 16:00 (관람시간 약 50분) 3. 인원 : 30명 4. 가격 : 무료(경복궁 입장권 구매 별도) 5. 프로그램 안내 ○ 함홍문 앞에서 관람 5분 전까지 대기하여 주시기 바랍니다. ○ 경회루 특별관람이 시작되면 입장할 수 없습니다. ○ 행사구성 : 경복궁 전문해설사의 해설 → 경회루 내부 자유관광 → 국악 아티스트 특별공연 ○ 특별선물 : 사전예매자에게는 '채화'를 친환경 옷감으로 재해석한 단풍잎 책갈피 겸 브로치를 선물로 드립니다. (1인 1개 한정 / 현장수령) ○ '아티스트가 사랑한 궁'은 1일 2팀, 9일간 총 18팀의 아티스트와 함께합니다. ○ 10. 1.(토) - 오전 : 최혜림 외 / 아쟁, 가야금, 기타 - 오후 : 김철진 외 / 가야금, 장구 ○ 10. 2.(일) - 오전 : 정소희 외 / 대금, 장구 - 오후 : 오드리(3인조) / 가야금 ○ 10. 3.(월) - 오전 : 김용성 외 / 가야금, 아쟁, 북, 장구 - 오후 : 조미현 외 / 피리, 가야금, 대금 ○ 10. 4.(화) - 오전 : 송경근 / 훈 - 오후 : 김나영 외 / 가야금, 피리, 바이올린 ○ 10. 5.(수) - 오전 : 오병옥 외 / 대금, 기타 - 오후 : 안나래 / 가야금 ○ 10. 6.(목) - 오전 : 이석호 외 / 대금, 생황 - 오후 : 삐리뿌(3인조) / 피리, 베이스 ○ 10. 7.(금) - 오전 : 김동근 외 / 퉁소, 대금, 장구 - 오후 : 곽재혁 외 / 피리, 장구 ○ 10. 8.(토) - 오전 : 한지수 외 / 생황, 기타 - 오후 : 주보라 외 / 가야금, 하프 ○ 10. 9.(일) - 오전 : 성한여름 외 / 아쟁, 장구 - 오후 : 강지은 외 / 해금, 가야금 6. 예매안내 ○ 티켓오픈 : 2022. 9. 23.(금) 14:00 ○ 티켓예매 : 인터파크티켓 - https://tickets.interpark.com/goods/22012711 ○ 예약방법 : 선착순 ○ 예약인원 : 1인당 최대 2매 ○ 티켓문의 : 1544-1555 7. 공지사항 (예매자는 본 안내 페이지의 모든 내용을 숙지 및 동의한 것으로 간주합니다.) ○ 관람연령 - 본 행사는 취학 아동 이상 참여가 가능합니다. - 미취학 아동은 행사 진행 및 안전상의 이유로 참여가 불가능한 점 양해 부탁드립니다. ○ 티켓예매 - 본행사의 티켓은 인터파크를 통한 사전예약을 원칙으로 하며, 그 외의 경로로는 판매하지 않습니다. - 별도의 현장판매는 진행되지 않습니다. - 예매하신 본인 입장이 원칙이며 타인 양도가 불가합니다. - 단, 가족관계일 경우, 등본, 가족관계증명서 등 증빙자료 현장 지참 시에만 예외적으로 양도가 가능합니다. ○ 티켓취소 - 티켓취소는 관람일 전일 오후 5시 이전까지 가능합니다. - 마감시간 경과 후 취소 및 변경은 불가합니다. - 예약 후에 사정 변경으로 관람이 불가능한 경우 반드시 예약 취소를 하여야 합니다. - 예약을 취소하지 않을 경우 추후 경회루 관람이 제한될 수 있습니다. ○ 참여안내 - 경회루 특별관람이 시작되면 입장할 수 없습니다. - 문화재 보호 및 원활한 관람을 위해 문화재 해설사의 인솔 하에 관람하며, 외국어 해설은 하지 않습니다. - 플래시와 삼각대는 사용이 불가하며, 음식물 반입 금지입니다. ○ 코로나19 방역안내 - 마스크 착용 및 관람객 간의 거리 유지 등 방역수칙을 준수해주시기 바랍니다.",https://www.kh.or.kr/jnrepo/upload/jnPrgFestivalProgram/202209/84e5b44ae7e94a7888051899686d82c6_1662392516481.jpg
9,8회,경복궁,290,고궁음악회 - 발레x수제천,공연,19:00 ~ 20:00,https://www.kh.or.kr/jnrepo/upload/jnPrgFestivalProgram/202209/6bf543f2d5aa4bb98b43aa15f33f8ce4_1663347196990.PNG,포스터,https://www.kh.or.kr/program/view/menu/1292?viewType=ach&idx=290&searchRound=9&searchStTime=&searchEnTime=&searchField=homeAll&searchText=,경복궁,고궁음악회 - 발레x수제천,공연,종료,공연,사전예약,2022-10-01~2022-10-02,19:00~20:00,경복궁 집옥재 앞마당,1일 1회(회당 400명),02-3210-0799,"[우천취소 공연 환불 안내] <고궁음악회-발레x수제천> 10/2(일) 공연이 우천으로 부득이하게 취소되었습니다. 사전 예매자 분들께는 취소수수료 없이 환불을 진행해드릴 예정입니다. 환불 절차는 금주(~10.7.) 중 완료될 예정이며, 카드사 및 은행 업무처리에 따라 최종 환불 처리에 3~4일이 추가 소요될 수 있다는 점 양해 부탁드립니다. 사전 예매자 여러분의 너른 이해에 다시 한 번 감사드립니다. 고궁음악회 - 발레 x 수제천 국악 장단 ( 수제천 , 침향무 , 설장구 등 ) 에 한국예술종합학교 발레단이 선보이는 국악과 발레의 크로스오버 공연 ○ 일시 : 2022. 10. 1.( 토 )~10. 2.( 일). 19:00~20:00 ○ 장소 : 경복궁 집옥재 앞마당 ○ 참여인원 : 1 일 1 회 / 회당 400 명 ○ 관람료 : 10,000 원 (1 인 최대 5 매 예매가능 ) ○ 예약방법 : 선착순 예매 / 2022. 9.22.( 목 ) 15 시 오픈 ( 인터파크티켓 )",https://www.kh.or.kr/jnrepo/upload/jnPrgFestivalProgram/202209/6bf543f2d5aa4bb98b43aa15f33f8ce4_1663347196990.PNG
9,8회,경복궁,289,고궁청소년문화학교,체험,09:30 ~ 11:30,https://www.kh.or.kr/jnrepo/upload/jnPrgFestivalProgram/202209/a255e987a4994a8aa98f743302bb3c37_1663253975482.jpg,고궁청소년문화학교,https://www.kh.or.kr/program/view/menu/1292?viewType=ach&idx=289&searchRound=9&searchStTime=&searchEnTime=&searchField=homeAll&searchText=,경복궁,고궁청소년문화학교,체험,종료,체험,사전예약,2022-10-01~2022-10-09,09:30~11:30,"4대궁, 종묘",회당 40명/총 400명,02-6450-3859,"<신나는 역사배움터 고궁과 종묘로 모이자!> 고궁청소년문화학교는 초등학생들이 고궁의 역사를 바로 알고 궁중 문화를 직접 체험해보는 프로그램으로, 궁궐의 역사와 사건, 인물, 궁중 문화 등을 들려주는 이론 강의와 현장답사, 체험학습 등으로 구성되어 있습니다. 10. 1.(토) 창덕궁, 10. 2.(일) 경복궁, 10. 3.(월) 덕수궁, 10. 8.(토) 창경궁, 10. 9.(일) 종묘에서 3~4학년 1개조, 5~6학년 1개조, 총 2개조를 1회씩 운영합니다.(조별 선착순 40명) - 세부 장소 : 경복궁(수정전, 흥복전), 창덕궁(궐내각사 내 규장각, 약방), 덕수궁(함녕전, 정관헌), 창경궁(환경전, 통명전), 종묘(향대청, 악공청)",https://www.kh.or.kr/jnrepo/upload/jnPrgFestivalProgram/202209/a255e987a4994a8aa98f743302bb3c37_1663253975482.jpg
9,8회,경복궁,288,어린이 궁중문화축전,체험,10:00 ~ 17:00,https://www.kh.or.kr/jnrepo/upload/jnPrgFestivalProgram/202210/73a9b858b54b4602aa410e93debf6c9a_1664684551944.jpg,어린이 궁중문화축전,https://www.kh.or.kr/program/view/menu/1292?viewType=ach&idx=288&searchRound=9&searchStTime=&searchEnTime=&searchField=homeAll&searchText=,경복궁,어린이 궁중문화축전,체험,종료,체험,현장참여,2022-10-01~2022-10-03,10:00~17:00,경복궁 숙설소 터,1일 총 900명,,"가을 궁중문화축전을 맞이하여 궁으로 온 어린이들 중 뛰어난 인재를 선발하기 위하여 '어린이 궁중문화축전'이 열린다. 문과·무과·잡과 등 다양한 방면에서 '통(通)'을 얻어 과거에 급제할 끼많은 어린이들! 경복궁으로 모여라! 5개 이상의 '통'도장을 모으면 특별한 선물을 드립니다. - 일정: 2022. 10. 1.(토)~3.(월), 10:00~17:00(12:00~13:00 휴식시간) - 참여방법: 10시부터 현장접수로 진행되며 16:30 현장접수 마감(프로그램 참여는 17시까지 가능) - 장소: 경복궁 숙설소 터 * 본 프로그램은 무료로 진행됩니다. * 미취학 어린이 및 초등학생까지 참여를 권장합니다.",https://www.kh.or.kr/jnrepo/upload/jnPrgFestivalProgram/202210/73a9b858b54b4602aa410e93debf6c9a_1664684551944.jpg
9,8회,경복궁,287,정오의 궁산책,공식행사,12:00 ~ 13:00,https://www.kh.or.kr/jnrepo/upload/jnPrgFestivalProgram/202209/91600173f5f6446e92e53efef3ad1252_1662352205068.jpg,정오의 궁산책,https://www.kh.or.kr/program/view/menu/1292?viewType=ach&idx=287&searchRound=9&searchStTime=&searchEnTime=&searchField=homeAll&searchText=,경복궁,정오의 궁산책,공식행사,종료,공식행사,현장참여,2022-10-04~2022-10-07,12:00~13:00,경복궁 고궁박물관 옆 잔디마당,회차당 250명,,정오의 궁산책 궁에서 즐기는 휴식과 문화예술! 평일 정오에 궁을 방문한 직장인을 대상으로 진행하는 소규모 공연 프로그램으로 다양한 장르의 볼거리들을 통해 관람객에게 활력을 불어넣으며 휴식과 문화예술 장으로서 궁궐의 가치를 제고,https://www.kh.or.kr/jnrepo/upload/jnPrgFestivalProgram/202209/91600173f5f6446e92e53efef3ad1252_1662352205068.jpg
9,8회,경복궁,284,사방신을 찾아라,체험,11:00 ~ 16:00,https://www.kh.or.kr/jnrepo/upload/jnPrgFestivalProgram/202209/76546e97e26f48bb94525c8e1db45448_1662351217355.jpg,사방신을 찾아라,https://www.kh.or.kr/program/view/menu/1292?viewType=ach&idx=284&searchRound=9&searchStTime=&searchEnTime=&searchField=homeAll&searchText=,경복궁,사방신을 찾아라,체험,종료,체험,현장참여,2022-10-01~2022-10-09,11:00~16:00,경복궁 일대,"1일 280명, 기간 내 총 2,520명",,"경복궁을 수호하는 사방신(청룡, 백호, 주작, 현무)이 매시 정각 경복궁에 나타나 시민들에게 미션을 주고 성공하면 특별한 선물을 증정하는 이벤트 경복궁을 수호하는 사방신(청룡, 백호, 주작, 현무)이 궁중문화축전을 맞이하여 경복궁에 나타났다. 이들을 발견하면 특별한 미션과 함께 선물을 준다는데... 11시부터 16시까지 매시 정각 무작위로 장소에 나타나며, 해당 장소는 궁중문화축전 인스타그램에 스토리로 안내됩니다.",https://www.kh.or.kr/jnrepo/upload/jnPrgFestivalProgram/202209/76546e97e26f48bb94525c8e1db45448_1662351217355.jpg
9,8회,경복궁,283,궁중놀이방,체험,10:00 ~ 17:00,https://www.kh.or.kr/jnrepo/upload/jnPrgFestivalProgram/202210/17ca20cceb314524b7529c1c50454579_1664686209732.jpg,궁중놀이방,https://www.kh.or.kr/program/view/menu/1292?viewType=ach&idx=283&searchRound=9&searchStTime=&searchEnTime=&searchField=homeAll&searchText=,경복궁,궁중놀이방,체험,종료,체험,현장참여,2022-10-01~2022-10-09,10:00~17:00,집경당,1일 200명,,"<궁중놀이방> ○ 기간 : 2022. 10. 1.(토) ~ 10. 9.(일), 10:00 ~ 17:00 / 상시 운영 ○ 장소 : 경복궁 집경당 행각 내·외부 ○ 내용 : 궁(宮)이둥이와 함께 궁중놀이인 쌍륙, 칠교, 공기놀이 등을 전각 내부에서 즐길 수 있는 프로그램 ○ 관람인원 : 1일 200명, 총 1,800명 / 현장 진행(무료)",https://www.kh.or.kr/jnrepo/upload/jnPrgFestivalProgram/202210/17ca20cceb314524b7529c1c50454579_1664686209732.jpg
9,8회,경복궁,274,"심쿵쉼궁 - 궁을 읽다, 보다, 느끼다",공식행사,10:00 ~ 17:00,https://www.kh.or.kr/jnrepo/upload/jnPrgFestivalProgram/202209/9db37e77da0643aa84268f2c85447632_1662347180028.jpg,심쿵쉼궁,https://www.kh.or.kr/program/view/menu/1292?viewType=ach&idx=274&searchRound=9&searchStTime=&searchEnTime=&searchField=homeAll&searchText=,경복궁,"심쿵쉼궁 - 궁을 읽다, 보다, 느끼다",공식행사,종료,공식행사,현장참여,2022-10-01~2022-10-09,10:00~17:00,"경복궁 집옥재, 향원정",제한 없음,,"심쿵쉼궁 - 궁을 읽다, 보다, 느끼다 궁에서의 쉼을 주제로 휴식 공간을 조성한 체험 프로그램 궁을 읽다 10. 1.(토)~10. 9.(일) 10:00~17:00 - 독서의 계절인 가을, 고종의 서재이자 외국사신들을 접견했던 집옥재에서 책을 읽고 휴식 할 수 있는 공간 조성 궁을 보다 10. 1.(토)~10. 9.(일) 10:00~17:00 - 왕과 왕비가 휴식을 취하던 향원정에서 잠시 앉아 명상 및 사색을 할 수 있는 공간 조성 궁을 느끼다 10. 1.(토)~10. 9.(일) 10:00~17:00 - 3년에 걸쳐 복원을 완료한 향원정의 의미를 담아 왕과 왕비가 추수부용루에서 바라보았던 위치에 자이언트 플라워를 설치하여 사진찍고 아로마테라피를 할 수 있는 공간 조성",https://www.kh.or.kr/jnrepo/upload/jnPrgFestivalProgram/202209/9db37e77da0643aa84268f2c85447632_1662347180028.jpg
9,8회,경복궁,272,천하제일 쌍륙대전,체험,13:00 ~ 17:00,https://www.kh.or.kr/jnrepo/upload/jnPrgFestivalProgram/202209/d484f966b1244b5c833416bcb4f0389b_1662343627892.jpg,천하제일 쌍륙대전,https://www.kh.or.kr/program/view/menu/1292?viewType=ach&idx=272&searchRound=9&searchStTime=&searchEnTime=&searchField=homeAll&searchText=,경복궁,천하제일 쌍륙대전,체험,종료,체험,사전예약,2022-10-08~2022-10-09,13:00~17:00,경복궁 빈궁소주방 터,"1팀 최대 6명, 1일 16팀",royalculture1@chf.or.kr 02-3210-4621,,https://www.kh.or.kr/jnrepo/upload/jnPrgFestivalProgram/202209/d484f966b1244b5c833416bcb4f0389b_1662343627892.jpg
9,8회,경복궁,268,경복궁 타임스코프,체험,10:00 ~ 17:00,https://www.kh.or.kr/jnrepo/upload/jnPrgFestivalProgram/202205/9f85e29fefcd4f6e8df5b6a05295876e_1652860266841.png,타임스코프,https://www.kh.or.kr/program/view/menu/1292?viewType=ach&idx=268&searchRound=9&searchStTime=&searchEnTime=&searchField=homeAll&searchText=,경복궁,경복궁 타임스코프,체험,종료,체험,현장참여,2022-05-04~2022-10-31,10:00~17:00,경복궁 흥례문 동편 회랑,제한없음,02-2270-1282,"1. 행사안내 ○ 행사일정 : 2022. 5. 4.(수) ~ 2022. 10. 31.(월) ○ 관람요일 : 휴궁일(화요일)제외 ○ 관람시간 : 10:00~17:00 ○ 위치 : 경복궁 흥례문을 지나 오른쪽 회랑 ○ 문의 : 02-2270-1282 2. 프로그램안내 ○ <경복궁 시간여행 - 「타임스코프」>는 3D로 재현한 조선시대의 경복궁을 VR과 AR로 체험할 수 있는 프로그램입니다. ○ 육조거리 시간 여행을 통해 조선시대 육조거리와 왕의 행렬, 광화문과 2층 내부 관람. ○ 경회루에서 수려한 풍광을 보며 뱃놀이, 불꽃놀이, 경회루 2층 관람. ○ 취향교 위와 향원정 앞 관람 후 고즈넉한 자연을 품은 향원정에서 사계절의 풍경 변화 관람. 3. 이벤트 안내 ○ 경복궁 시간여행 - 「타임스코프」 & 천록 증강현실(AR)체험 사진을 해시태그와 함께 sns에 공유하면 추첨을 통해 매주 15명에게 ‘조선왕실등 만들기 키트’ 증정 - 이벤트 참여 방법 Step1 : 경복궁 타임스코프 체험하기 Step2 : 체험인증 사진 또는 행사장 곳곳 사진 찍기 Step3 : 천록 증강현실(AR) 체험사진 or 캡쳐 찍기 Step4 : 촬영한 사진을 체험후기와 함께 SNS 업로드 - 반드시 해시태그 #한양도성타임머신 #경복궁타임스코프 #경복궁시간여행 달아주세요. - 생생한 체험후기와 사진을 올려주시면 당첨확율 UP!!",https://www.kh.or.kr/jnrepo/upload/jnPrgFestivalProgram/202205/9f85e29fefcd4f6e8df5b6a05295876e_1652860266841.png
9,8회,경복궁,208,경복궁 수문장 교대의식,재현,월 10:00 / 14:00,https://www.kh.or.kr/jnrepo/upload/jnPrgFestivalProgram/202205/416afaf7c7384a60aacb999ee04b5689_1651901894982.jpg,수문장 교대의식 사진,https://www.kh.or.kr/program/view/menu/1292?viewType=ach&idx=208&searchRound=9&searchStTime=&searchEnTime=&searchField=homeAll&searchText=,경복궁,경복궁 수문장 교대의식,재현,종료,재현,현장참여,2022-01-01~2022-12-31,월 10:00 / 14:00,흥례문 광장,,,"경복궁 수문장 경복궁 흥례문 광장 상시진행 10:00, 14:00 (각 20분) 경복궁에서 만나는 조선 전기 수문장 수문장은 흥인지문, 숭례문 등 도성의 문과 임금이 생활하는 궁궐의 문을 지키는 책임자로 4품 이상의 무관 중에서 왕이 직접 임명했습니다. 정해진 절차에 따라 광화문을 여닫고 근무교대를 통해 국가의 중심인 국왕과 왕실을 호위함으로써 나라의 안정에 기여했습니다. 2002년부터 이어져 오는 경복궁 수문장 교대의식은 수문장 제도가 정비된 15세기 조선 전기를 배경으로 고증을 거친 복식과 의장물, 장엄한 의식을 재현합니다. 수문장 교대의식 자세한 내용 보기",https://www.kh.or.kr/jnrepo/upload/jnPrgFestivalProgram/202205/416afaf7c7384a60aacb999ee04b5689_1651901894982.jpg
9,8회,경복궁,206,경복궁 생과방,체험,10:00 ~ 15:30,https://www.kh.or.kr/jnrepo/upload/jnPrgFestivalProgram/202205/b68623af51a74d679895bdac41f6dd9d_1651901854541.jpg,경복궁 생과방 이미지,https://www.kh.or.kr/program/view/menu/1292?viewType=ach&idx=206&searchRound=9&searchStTime=&searchEnTime=&searchField=homeAll&searchText=,경복궁,경복궁 생과방,체험,종료,체험,사전예약,2022-09-07~2022-10-20,10:00~15:30,경복궁 생과방,1일 4회(회당 30명),02-3210-4807,"경복궁 생과방 2022. 9. 7.~10. 20. 10:00~17:00/ 사전예매(9. 15. 오픈)/ 유료 *모든 체험은 사전예약으로 진행됩니다. *궁궐 입장료 별도 있습니다. 궁궐 속 비밀공간에서 즐기는 특별한 시간 창밖을 바라보며 여유롭게 차를 마시는 이곳은 경복궁의 비밀공간, 생과방입니다. 생과방은 궁중의 육처소(六處所) 가운데 하나로 국왕과 왕비의 후식과 별식을 준비하던 곳이며 조선 왕조실록 내용을 토대로 실제 임금이 먹었던 궁중병과와 약차를 오늘날도 즐길 수 있도록 구성한 유료 체험 프로그램입니다.",https://www.kh.or.kr/jnrepo/upload/jnPrgFestivalProgram/202205/b68623af51a74d679895bdac41f6dd9d_1651901854541.jpg
9,8회,창덕궁,281,창덕궁 고건물 빛·바람 들이기,체험,09:00 ~ 17:00,https://www.kh.or.kr/jnrepo/upload/jnPrgFestivalProgram/202209/810ab1c052904c16b8d9aab1053c06d5_1662350554472.jpg,창덕궁 고건물 빛·바람 들이기,https://www.kh.or.kr/program/view/menu/1292?viewType=ach&idx=281&searchRound=9&searchStTime=&searchEnTime=&searchField=homeAll&searchText=,창덕궁,창덕궁 고건물 빛·바람 들이기,체험,종료,체험,현장참여,2022-10-06~2022-10-09,09:00~17:00,"창덕궁 희정당, 낙선재, 궐내각사(일부)",현장참여,,"창덕궁 고건물 빛·바람 들이기 10.6.(목 )~10.9(일 ) 09:00~17:00 행사내용 : 평소 비공개된 창덕궁 전각의 창호를 개방하여 궁궐 내부 공간 관람 기회 제공 참여방법 : 현장관람 행사장소 : 희정당, 낙선재, 궐내각사(일부)",https://www.kh.or.kr/jnrepo/upload/jnPrgFestivalProgram/202209/810ab1c052904c16b8d9aab1053c06d5_1662350554472.jpg
9,8회,창덕궁,279,창덕궁 돈화문 수문장 호위의식,재현,09:00 ~ 18:00,https://www.kh.or.kr/jnrepo/upload/jnPrgFestivalProgram/202209/ff7c0afe7f3b42e1a5463ab381e820ad_1662350238565.jpg,창덕궁 돈화문 수문장 교대의식,https://www.kh.or.kr/program/view/menu/1292?viewType=ach&idx=279&searchRound=9&searchStTime=&searchEnTime=&searchField=homeAll&searchText=,창덕궁,창덕궁 돈화문 수문장 호위의식,재현,종료,재현,현장참여,2022-10-01~2022-10-16,09:00~18:00,돈화문,-,,<돈화문 수문장 호위의식> ˙ 행사일정: 2022. 10. 1.(토) ~ 10. 16.(일) ˙ 행사시간: 10:00 / 14:00 / 20분 ˙ 행사내용: 돈화문 호위군 사열 및 교대의식 <돈화문 파수의식> ˙ 행사일정: 2022. 10. 1.(토) ~ 10. 16.(일) ˙ 행사시간: 11:00 / 13:00 / 10분 ˙ 행사내용: 돈화문 파수군 입직근무 교대 <돈화문 입직근무> ˙ 행사일정: 2022. 10. 1.(토) ~ 10. 16.(일) ˙ 행사시간: 10:00 ~ 14:00 / 호위의식(파수의식) 이후 ˙ 행사내용: 수문장 및 파수군의 근무 재현,https://www.kh.or.kr/jnrepo/upload/jnPrgFestivalProgram/202209/ff7c0afe7f3b42e1a5463ab381e820ad_1662350238565.jpg
9,8회,창덕궁,277,창덕궁 달빛기행,체험,19:00 ~ 20:05,https://www.kh.or.kr/jnrepo/upload/jnPrgFestivalProgram/202209/ae8ed391edf7412d9204d4dc127f4e05_1662348997476.jpg,궁중문화축전 in 달빛기행,https://www.kh.or.kr/program/view/menu/1292?viewType=ach&idx=277&searchRound=9&searchStTime=&searchEnTime=&searchField=homeAll&searchText=,창덕궁,창덕궁 달빛기행,체험,종료,체험,사전예약,2022-09-01~2022-10-28,19:00~20:05,창덕궁 일대,회차별 25명,02-3210-4804,"○ 추첨제 응모 기간 : 2022. 9. 15.(목) 16:00 ~ 9. 18.(일) 23:59 ○ 당첨자 발표 : 2022. 9. 21.(수) 14:00 ○ 당첨자 결제 기한 : 2022. 9. 21.(수) ~ 9. 24.(토) 23:59 ○ 예매운영 : 인터파크 티켓 온라인 사전응모 ○ 링크 : https://tickets.interpark.com/goods/22012114 창덕궁 달빛기행 추첨제 예매 안내 <창덕궁 달빛기행>은 공정한 티켓 구매를 위해 추첨제 방식을 도입합니다. 응모 순서는 선정에 영향을 주지 않습니다. 사이트 접속이 어려우신 경우 응모기간 내 사이트 접속이 원활하신 시간에 재접속해 응모해주세요. 추첨제 응모시 별도의 결제비용은 발생하지 않습니다. 다만, 선정 이후 티켓 구매를 완료하셔야 행사 참여가 가능하오니 이점 유의하시기 바랍니다. ■ 1차 예매 기간(9월 행사/9.1.~9.25.)에 티켓을 구매하신 분들은 추첨대상에서 제외됩니다. - 중복 참여 시 당첨내역은 취소되며, 9월 21일(수) 추첨제 선정자 발표 후 선착순 예매에 참여한 경우에도 당첨내역이 취소되오니, 중복 예매가 되지 않도록 주의하여 주시기 바랍니다. (ID당 1회만 참여가능) ■ 안내페이지의 모든 내용을 숙지 및 동의한 것으로 간주합니다. ■ 본 페이지는 추첨 응모 페이지로 참여 확정이 아님을 유의하시기 바랍니다. 공정한 프로그램을 사용해 무작위 추첨을 진행하며, 당첨자에 한해 행사 참여가 가능합니다. ■ 응모 초반에는 온라인 응모 및 고객센터 연결이 어려울 수 있으니, 잠시 기다리신 후 기간 내 재시도 부탁드립니다. 참여자분들의 양해 부탁드립니다. ■ ID당 한 번의 응모 기회가 있으며, 일반권과 가족권 중 선택하여 한번만 참여 가능합니다. (중복 참여 후 당첨 시 당첨내역은 취소처리 될 예정입니다.) ■ 궁중문화축전 기간에 운영되는 창덕궁 달빛기행은 기존 프로그램 구성과 동일합니다. 다만, 제공되는 기념품이 변동될 수 있으며, 공급현황에 따라 변경될수 있습니다. 양해부탁드립니다.. ■ 추첨제 당첨대상자가 9월 선착순 예매에 참여하였을 경우 추첨 내역은 취소됩니다. * 1차 미결제분 발생 시, 예비당첨자 결제를 운영할 예정이며, 이후 미결제분은 일반 티켓으로 전환되어 판매하며 구매는 기존 <2022 창덕궁 달빛기행> 페이지에서 구매 가능합니다. ■ 미결제분 구매 가능 일자 : 추후 공지 예정 ■ 10월 14일(금) '2022년 서울무형문화축제' 진행으로 접수처가 다소 혼잡할수 있습니다. 양해부탁드립니다. [행사정보] 1. 행사명 : 2022 창덕궁 달빛기행 2. 행사일정 : 2022. 10. 1. (토) ~ 10. 28.(금) ※ 10월 14일(금) '2022년 서울무형문화축제' 진행으로 접수처가 다소 혼잡할수 있습니다. 양해부탁드립니다. 3. 관람요일 : 매주 목, 금, 토, 일요일 4. 입장시간 : (관람시간 약 90분) 19:00 /19:05 / 19:30 / 19:35 / 20:00 / 20:05 5. 행사장소 : 창덕궁 일원 6. 참가비 : 1인 30,000원 7. 관람연령 : 취학아동 이상 참여 가능 [응모 권종 소개] ※ 권종별 중복 응모 불가합니다. ID당 1회 응모 가능합니다. 1. 일반권 - 일반권 응모 후 선정 시 1인 2매까지 구매가 가능합니다. - 행사 입장 시 대표 예매자의 신분증만 확인합니다. 2. 가족권 - 가족권 응모 후 선정 시 1인 4매까지 구매가 가능합니다. - 단, 가족권의 경우 증빙서류(등본, 가족관계증명서 등)를 통해 직계가족 및 형제・자매임을 확인 후 입장하실 수 있습니다. - 필요 증빙서류 1) 성인가족으로 구성된 경우 : 예매자&동반자 전원 신분증 + 증빙서류(등본 또는 가족관계증명서) 2) 아동・청소년이 포함된 경우 : 예매자&동반하는 성인의 신분증 + 증빙서류(등본 또는 가족관계증명서) [참여 방법] 1. 추첨제 응모하기(ID당 1회 응모 가능) ① 참여 가능한 일자와 회차를 선택해 주세요. ② 응모 권종(일반권 또는 가족권)을 선택해주세요. ③ 참가인원에 상관 없이 1매 선택 후 0원 결제하면 응모 완료! 2. 당첨자 발표 ① 인터파크 회원정보에 기입된 핸드폰 번호로 당첨확인문자가 발송됩니다. ② 당첨자는 한국문화재재단 홈페이지를 통해서도 확인 가능합니다. 3. 결제 URL 수신 및 예매하기 ① 인터파크 회원정보에 기입된 핸드폰 번호로 결제 URL이 발송됩니다. ② 결제 URL로 접속해주세요. (URL 공유 금지. 부정예매 발생 시 자동 취소됩니다) ③ 응모 시 사용했던 인터파크 ID로 로그인 해주세요. 응모 시 정보와 다를 경우 자동 취소됩니다. ④ 당첨 된 일자와 회차를 선택해주세요. 오예매(당첨회차 외 다른 회차 선택)시 자동 취소됩니다. ⑤ 결제가 완료되면 예약이 확정됩니다. * 응모 후 당첨자가 장애인, 국가유공자일 경우 할인 적용이 가능합니다. * 할인정보 - 장애인 50% 할인 (1~3급/ 본인 포함 2인, 4~6급/ 본인 한정) - 국가유공자 50% 할인 (본인 한정) [전화 예매 안내] ※ 전화예매는 추첨제 방식이 아닌 선착순으로 예매가 진행됩니다. 전화예매 대상과 일정 및 방법을 꼭 확인해 주세요. ※ 전화예매 대상자가 추첨제에 응모해 당첨될 경우, 전화예매로 구매는 어려운 점 양해 부탁드립니다. - 예매 대상 : 만 65세 이상, 장애인, 국가유공자 - 예매 기간 : 2022. 9.15. 16:00 ~ - 참여 일정 : 2022. 10. 1.(토) ~ 10. 28.(금) / 매주 목, 금, 토, 일요일 - 예매 방법 ① 전화예매 대상에 해당하시는지 확인해주세요 ② 원하시는 일자와 회차를 선택해주세요. 1인 최대 2매까지 예매가 가능합니다. ③ 1544-1555 인터파크 고객센터로 전화해 예매를 진행해주세요. [응모 및 예매 시 유의사항] * <창덕궁 달빛기행> 추첨제는 인터파크 티켓 홈페이지를 통해 응모하실 수 있습니다. * 추첨제 응모는 티켓 구매를 위한 사전 단계일 뿐, 예약 확정이 아님을 유의해주세요. * <창덕궁 달빛기행> 추첨제는 ID당 한 번의 응모 기회가 있으며, 권종별 중복 응모가 불가합니다. * 당첨자는 결제 기한 내 결제를 완료해야하며, 기한 이후 예매가 불가합니다. * 본 행사의 티켓은 인터파크를 통한 사전예약을 원칙으로 하며, 그 외의 경로로는 판매하지 않습니다. * 부정한 방법(예:매크로 사용 등)을 이용하거나 암표 매매 목적으로 구매하는 경우 적발 시 해당 티켓에 대해 사전 통보 없이 예매 취소 및 사용을 제한할 수 있습니다. [티켓 양도 관련] * <창덕궁 달빛기행> 티켓은 지인 간의 양도가 불가능합니다. * 단, 직계가족 및 형제・자매에 한해 증빙자료(등본, 가족관계증명서 등) 지참시에만 예외적으로 양도가 가능합니다. [티켓 중고거래 금지] * 본 행사는 당첨자명과 예매자명, 대표관람자 성명이 모두 일치해야 하며, 본인확인을 위해 현장에서 신분증 확인 후 입장이 가능합니다. * 개인 간 거래(판매, 일정교환 등)시 예매자 정보 불일치로 입장이 어렵습니다. [입장 및 관람 유의사항] * 입장 시 신분증과 증빙서류 확인을 진행합니다. 꼭 신분증과 증빙서류를 지참해주세요. * <창덕궁 달빛기행>은 야간에 진행되는 행사로 취학 아동 이상 참여가 가능합니다. 미취학 아동은 공연 진행 및 안전상의 이유로 참여가 불가한 점 깊은 양해 부탁드립니다. * 취학 아동의 경우 보호자 동반 없이 입장이 불가한 점 깊은 양해 부탁드립니다. * 입장시간이 경과되면 입장이 불가하므로 입장시간 준수 부탁드립니다. * 행사 진행 중 카메라 삼각대와 플래시 사용은 엄격히 금지하며 취식물 또한 반입이 금지됩니다. * 원활한 탐방을 위해 편안한 신발을 착용해 주세요. [결제 시 유의사항] * 핸드폰 소액결제로 결제 시 간혹 결제오류가 발생하고 있습니다. 가급적 다른 결제수단을 선택해주시기 바랍니다.",https://www.kh.or.kr/jnrepo/upload/jnPrgFestivalProgram/202209/ae8ed391edf7412d9204d4dc127f4e05_1662348997476.jpg
9,8회,덕수궁,294,희원希願 :바라는 것願이 말言이 아니라 문紋에 나타나 있네,전시,09:30 / 18:30(20:30),https://www.kh.or.kr/jnrepo/upload/jnPrgFestivalProgram/202209/5bbda96acb2f46b6bf1c4c8637c70389_1663345981322.jpg,포스터,https://www.kh.or.kr/program/view/menu/1292?viewType=ach&idx=294&searchRound=9&searchStTime=&searchEnTime=&searchField=homeAll&searchText=,덕수궁,희원希願 :바라는 것願이 말言이 아니라 문紋에 나타나 있네,전시,종료,전시,현장참여,2022-09-23~2022-10-09,09:30 / 18:30(20:30),"덕수궁 덕홍전, 함녕전 행각",현장참여,02-3011-2163,"2022년 이수자 지원 사업 <희원希願 :‘바라는 것願이 말言이 아니라 문紋(무늬)에 나타나 있네’> ○ 전시기간 : 2022. 9. 23.(금) ~ 10. 9.(일) ○ 관람시간 : - 9.23.(금) ~ 9.30.(금) 09:30 ~ 18:30[9.26.(월) 휴무] - 10.1.(토) ~ 10.8.(토) 09:30 ~ 20:30[야간운영] - 10.9.(일) 09:30 ~ 18:30 ○ 전시장소 : 덕수궁 덕홍전 및 함녕전 행각 ○ 관람요금 : 무료(덕수궁 입장료 별도) ○ 전시내용 : 국가무형문화재 이수자들의 지속적인 전승 역량 강화와 전승 활동 활성화를 위해 2022년 이수자 지원 사업 <희원希願 :‘바라는 것願이 말言이 아니라 문紋(무늬)에 나타나 있네’> 전시를 개최합니다. 우리나라 근현대사를 간직한 덕수궁에 지금의 미감으로 재해석한 전통무늬와 전승공예품이 어우러진 ‘희원의 공간’을 구성하였습니다. 덕홍전과 함녕전 행각, 그리고 덕수궁 곳곳을 살피며 몇백 년을 이어온 우리 궁중 문화의 정수를 즐기실 수 있습니다. ○ 참여작가 : 총 23명 - 곽금원, 권영진, 김대성, 김범용, 김영숙, 김영순, 김창호, 박건영, 박 남중, 방효주, 안유진, 오영순, 이맹호, 이연욱, 이재성, 이지연, 이지호, 정영락, 정재훈, 조상옥, 최예찬, 허성자, 홍승연 ○ 행사주최 : 국립무형유산원 ○ 행사주관 : 한국문화재재단 - 총괄감독 : 박진영 - 공간기획 : 뷰로 드 끌로디아 - 공간시공 : 카리스디자인인테리어 - 그래픽디자인/영상 : 글자와 기록사이 - 사진/어시스던트 : 박우진, 장정환",https://www.kh.or.kr/jnrepo/upload/jnPrgFestivalProgram/202209/5bbda96acb2f46b6bf1c4c8637c70389_1663345981322.jpg
9,8회,덕수궁,276,고궁음악회 - 덕수궁 풍류,공연,16:00 ~ 17:00,https://www.kh.or.kr/jnrepo/upload/jnPrgFestivalProgram/202209/185f38fd59364028bbfe08fd96291700_1663346116212.PNG,고궁음악회 - 덕수궁 풍류,https://www.kh.or.kr/program/view/menu/1292?viewType=ach&idx=276&searchRound=9&searchStTime=&searchEnTime=&searchField=homeAll&searchText=,덕수궁,고궁음악회 - 덕수궁 풍류,공연,종료,공연,사전예약,2022-10-03~2022-10-07,16:00~17:00,즉조당 앞마당,600,02-3210-0799,"[노올량 공연 안내] 10/3(월) 우천으로 취소된 노올량 공연이 10/8(토) 로 변경되었습니다. 전석 현장관람 으로 진행되오니 많은 관람 부탁드립니다. - 공연일정 : 10/8(토) 16:00~17:00 / 덕수궁 즉조당 앞마당 - 참여방법 : 전석 현장관람(비지정석 / 덕수궁 입장료 별도) ※ 기존 노올량 공연(10/3(월)) 예매자에 한하여 덕수궁 풍류 기념품(휴대용 방석)을 드립니다. 예매자 분들의 너른 이해에 감사드립니다. [궁중문화축전] X 고궁음악회 덕수궁 풍류 '고궁음악회'는 고궁의 장소적 특색을 살린 고궁 특화 공연입니다. '고궁음악회'에서는 전통예술 공연뿐만 아니라 대중음악, 현대무용 등 타 장르와의 콜라보를 통해 다채로운 예술체험을 선보이고, 궁궐에 적합한 공연형식을 개발해 고궁의 새로운 모습을 제안하고 있습니다. 2022년 하반기 기획공연으로 색깔있는 다섯 국악 그룹의 공연을 덕수궁 즉조당 앞마당에서 선보입니다. 1. 일시 : 2022. 10. 4.(화) ~ 10. 8.(토) / 5일간 2. 시간 : 16:00 ~ 17:00 / 1일 1회 3. 장소 : 덕수궁 즉조당 앞마당 4. 예매오픈 : 2022. 9. 22 16:00 ~ 5. 예매안내 : https://tickets.interpark.com/goods/22012691 6. 회차별 프로그램 ○ 10. 4. 화요일 / 입과손스튜디오 - '입과손스튜디오'는 오래 기간 판소리 작업을 함께해온 소리꾼과 고수가 모인 작업공동체이다. 판소리라는 연희양식이 가지고 있는 여러 가지 가능성을 다양한 각도에서 실험하며, 그 안의 예술적 요소들을 선택적으로 확장 또는 변형하는 작업과 연구를 통해 판소리 창작의 무한한 가능성을 확인하는 한편, '판소리란 무엇인가'를 끊임없이 묻고 그에 대해 보다 깊고 폭넓게 고민해 보려 한다. ○ 10. 5. 수요일 / 앙상블 더류 X 경기소리꾼 전영랑 - '앙상블 더류'는 가야금, 거문고, 해금, 피리, 타악, 피아노, 보컬로 구성된 국악그룹으로 매년 새롭고 참신한 기획과 더류만의 음악적 특색을 살린 순수 창작곡 레퍼토리로 관객들을 만나고 있다. 보통의 우리 삶의 다양한 스토리를 개성이 묻어나는 창작곡과 독창적인 공연 콘셉트로 풀어냄 대중 친화적인 공연을 지향한다. - 경기소리꾼 '전영랑'은 국가무형문화재 경기민요 이수자로 전통을 올바르게 잇고 늘 음악적 새로움을 추구하는 실력 있는 젊은 경기명창이다. 공연, 방송, 앨범 등 다양한 분야에서 활발한 예술 활동을 통해 대중들에게 우리 소리의 매력을 알리고자 활동하고 있다. ○ 10. 6. 목요일 / 잠비나이 - '잠비나이'는 전통음악을 기반으로 국악기와 양약기를 혼용하여 한국의 전통 음악과 여러 현대음악의 장르들이 부딪힘 없이 어우러지도록 새로운 음악을 창조하는 5인조 아티스트 그룹이다. 압도적인 감흥을 불러일으키는 라이브 공연을 중심으로 전 세계에서 많은 주목을 받으며, 호주 PIAF와 같은 종합 예술축제에서부터 미국의 Coachella, 영국 Glastonbury, 스페인 Primavera Sound, 덴마크 ROSKILDE, 프랑스 HELLFEST와 같은 초대형 뮤직 페스티벌, 그리고 2018 평창 동계올림픽의 폐막식 무대에 이르기까지, 전 세계 각지에서 스펙트럼 넓은 공연을 펼치고 있다. ○ 10. 7. 금요일 / 블랙스트링 - '블랙스트링'은 한국 전통악기와 음악을 기반으로 하고 있지만 보편적 감성으로 자유롭게 장르의 경계를 허물며 연주자의 즉흥성을 극대화하는 연주를 보여주는 그룹이다. 현대적이고 독특한 블랙스트링만의 아름다움이 담긴 레퍼토리를 선보이고 있으며 거문고 명인 허윤정을 주축으로, 기타리스트 오정수, 대금 연주자 이아람, 타악 연주자이자 소리꾼인 황민왕이 함께 하고 있다. ○ 10. 8. 토요일 / 노올량 * 10. 3. 우천으로 공연날짜 변경 - '노올량'은 한국전통음악을 기반으로 다양한 음악적 경험과 역량을 가진 민소윤을 주축으로 2018년 결성되었다. 구성원의 다채로운 예술적 경험과 꿈을 더해 함께 음악을 만들고 공연하며, 예술적 실험과 가치를 나누고자 모인 노올량은 [섬 아리랑 프로젝트]를 시작으로 [명절에 듣기 좋은 국악], [귀한 선물], [세대별 아리랑] 등 세상의 다양한 이야기를 '노올량'만의 색을 입힌 작품들로 발표하고 있으며, 깊이 있는 예술적 접근과 더불어 시대에 공감하는 콘텐츠를 선보이고 있다. 7. 관람안내 ○ 덕수궁 즉조당 앞마당 관람 구역 내 좌석(비지정석)을 사전예약으로 운영 ○ 예약방법 : 인터파크 티켓 * 선착순(1인 최대 5매) ○ 행사 시작 1시간 전부터 덕수궁 내 안내데스크에서 사전예약자 확인을 진행합니다. ○ 사전 예매를 하지 못하신 분들은 야외에서 자유롭게 관람하실 수 있습니다. ○ 사전 예약자에 한해 기념품이 제공됩니다. ○ 덕수궁 입장료 1,000원은 별도 입니다. 8. 유의사항 ○ 예매자의 신분증을 필히 지참해 주시기 바랍니다. ○ 덕수궁 내의 모든 공간은 금연 구역입니다. ○ 문화재 보호 구역으로 음식물, 인화물질, 놀이(운동)기구의 반입이 제한됩니다. ○ 관람 시 삼각대 사용이 금지되오니 주의 부탁드립니다. ○ 코로나19방역 지침에 따라 50명 이상 공연 및 행사 관람 시 실외 마스크 필수 착용 부탁드립니다. 9. 우천 시 안내 ○ 야외 공연 특성 상 당일 오전 9시 예보(기상청)을 기준으로 5mm 이상 우천 시 행사가 취소될 수 있는 점 양해 부탁드립니다. ○ 행사 취소 시 개별 안내문자가 발송됩니다. ○ 10 월 3 일 ( 월 ) 노올량 공연은 우천으로 인해 취소되었으며 10 월 8 일 ( 토 ) 로 변경되어 진행됨을 안내드립니다 . 사전예약자분들은 증정품 수령이 가능하되 , 선착순으로 입장이 진행됩니다 . 10. 문의 ○ 티켓문의 : 인터파크 1544-1555 ○ 행사문의 : 한국문화재재단 02-3210-0799/4805",https://www.kh.or.kr/jnrepo/upload/jnPrgFestivalProgram/202209/185f38fd59364028bbfe08fd96291700_1663346116212.PNG
9,8회,창경궁,300,"창경궁, 1752",공연,12:30 ~ 13:30,https://www.kh.or.kr/jnrepo/upload/jnPrgFestivalProgram/202209/e88c0ac8263344de89838d0fd158000e_1664206307411.jpg,"창경궁, 1752",https://www.kh.or.kr/program/view/menu/1292?viewType=ach&idx=300&searchRound=9&searchStTime=&searchEnTime=&searchField=homeAll&searchText=,창경궁,"창경궁, 1752",공연,종료,공연,사전예약,2022-10-01~2022-10-05,12:30~13:30,창경궁 일원,현장참여,02-3210-4802,"[사전예약 안내] - 일시: 2022년 9월 27일(화) 14:00 - 관람료: 선착순 무료 - 티켓오픈 : 2022년 9월 27일 14:00 ※ 일부 관람석을 사전예약으로 운영합니다. ※ 사전 예약자에 한해 기념품(호패)을 제공합니다. 1. 행사 개요 ○ 행사일정 : 2022. 10. 1.(토) ~ 10. 5.(수) ○ 행사시간 : 12:30~13:30(1일 1회 운영) ○ 행사장소 : 창경궁 일원(통명전, 경춘전, 환경전) 2. 행사 구성 ○ 역사배경: 영조 시대(정조탄생일) ○ 구성내용 - 제 1막. 왕실의 슬픔, 세손의 예장(禮葬) - 제 2막. 왕의 일상, 정치를 이어가다. (준천과 석척기우제) - 제 3막. 왕실의 희망, 왕과 세자의 화해 - 제 4막. 왕가의 산책(통명전→환경전→경춘전→문정전→통명전) ※ 왕가의 산책 동선은 사정에 따라 변경될 수 있습니다. 3. 사전 예약안내 ○ 일시: 2022년 9월 27일(화) 14:00 ○ 예매처: 인터파크 티켓(링크 전달예정) ○ 관람료: 선착순 무료 - 위 티켓에는 창경궁 관람료가 포함되어 있습니다. - <2022 궁궐일상모습 재현 및 체험>은 일부 사전예약(비지정 좌석)으로 진행되며, 구매 매수 제한 없습니다. ○ 예매인원: 10월 1일부터 3일은 50명씩, 4일부터 5일은 100명씩 4. 접수 및 관람안내 ○ 행사 시작 30분 전 창경궁 홍화문 앞에 설치된 안내소에서 사전 예약자 확인 - 입장은 공연 시작 10분 전부터 가능합니다. 5. 티켓 취소 마감시간 ○ 행사 전일 오후 3시 전까지 취소가 가능합니다. ○ 일정 상 부득이하게 참가 못 하실 경우 티켓 취소를 부탁드립니다. 6. 관람 유의사항 ○ 전 연령 참여 가능합니다. 안전한 관람을 위하여 미취학아동의 경우 반드시 보호자 동반하셔야 입장 가능합니다. ○ 예매자의 신분증을 필히 지참해 주시기 바랍니다. ○ 내국인 행사(한국어 해설)만 진행합니다. ○ 예매하신 티켓은 지인 간의 양도가 불가능합니다. 단, 가족관계일 경우 증빙자료(등본, 가족관계증명서 등) 지참 시에만 양도가 가능합니다. 7. 우천 시 안내 ○ 야외 공연 특성 상 당일 오전 11시 예보(기상청)를 기준으로 1mm 이상 우천 시 행사가 취소될 수 있는 점 양해 부탁드리며, 행사 취소 시 개별로 안내문자가 발송됩니다. 8 코로나19 확산 방지를 위한 관람 안내 ○ 발열 또는 호흡기 증상이 있으신 경우 방문을 삼가 주시기 바랍니다. ○ 현장 접수 시 다른 사람과 적정 거리를 유지하며 현장 스태프의 안내를 따라주시기 바랍니다. * 방역수칙은 정부 및 관할 당국의 방역 수칙 및 사회적 거리 두기 단계에 따라 사전 예고 없이 변경될 수 있습니다. 9. 행사 문의 ○ 한국문화재재단 궁궐 일상모습재현 및 체험 담당 ☎02-3210-4802",https://www.kh.or.kr/jnrepo/upload/jnPrgFestivalProgram/202209/e88c0ac8263344de89838d0fd158000e_1664206307411.jpg
9,8회,창경궁,282,역사와 함께하는 창경궁 나무이야기,체험,14:00 ~ 15:00,https://www.kh.or.kr/jnrepo/upload/jnPrgFestivalProgram/202209/e1d672594f9a429db0dc0267b31e4aa7_1662350683694.jpg,역사와 함께하는 창경궁 나무이야기,https://www.kh.or.kr/program/view/menu/1292?viewType=ach&idx=282&searchRound=9&searchStTime=&searchEnTime=&searchField=homeAll&searchText=,창경궁,역사와 함께하는 창경궁 나무이야기,체험,종료,체험,현장참여,2022-10-01~2022-10-09,14:00~15:00,"창경궁 궐내각사, 춘당지",20명,02-762-4868,"□ 프로그램 개요 ㅇ 기 간 : 2022. 4. 2.(토)~ 11.27.(일), 매주 토·일요일 14:00~15:00 - ※ 코로나-19 위기상황 또는 기관사정에 따라 운영기간 및 시간 변동 가능 ㅇ 장 소 : 창경궁 일원( 춘당지 및 궐내각사터 일대 수목 중심) ㅇ 대 상 : 창경궁 일반 관람객 현장 선착순 20명 이내 ㅇ 참 가 비 : 무료(단 창경궁 입장료 별도) ㅇ 시작장소 : 창경궁 옥천교 앞 ㅇ 해설 지역 - 매주 토요일 : 춘당지 수목 중심 해설 - 매주 일요일 : 궐내각사 수목 중심 해설 ※ 참여를 원하시는 분은 코로나19 예방 지침에 따라 마스크를 꼭 착용해주시기바랍니다.",https://www.kh.or.kr/jnrepo/upload/jnPrgFestivalProgram/202209/e1d672594f9a429db0dc0267b31e4aa7_1662350683694.jpg
9,8회,창경궁,269,춘당지 미디어파사드 '홍화에서 춘당까지',전시,19:00 ~ 20:30(상세시간 확인),https://www.kh.or.kr/jnrepo/upload/jnPrgFestivalProgram/202205/16e0a455d91d40b8ae8981b6df803406_1652924428438.png,홍화에서 춘당까지,https://www.kh.or.kr/program/view/menu/1292?viewType=ach&idx=269&searchRound=9&searchStTime=&searchEnTime=&searchField=homeAll&searchText=,창경궁,춘당지 미디어파사드 '홍화에서 춘당까지',전시,종료,전시,현장참여,2022-10-01~2022-10-09,19:00~20:30(상세시간 확인),창경궁 춘당지,제한없음,02-3210-3506,"춘당지 미디어파사드 '홍화에서 춘당까지' - 행사일정 : 10.1.(토)~10.9.(일) - 행사시간 : 19:00/19:20/19:40/20:00/20:20 (1일 5회/각 10분) - 행사내용 : 조선의 태평성대 및 백성에 대한 애민을 기원하는 내용을 담은 미디어파사드 - 참여방법 : 현장관람 (창경궁 입장권 구매 별도/대인 기준 1,000원) * 별도의 야간관람 사전예약 없이 관람권 구매 후 입장할 수 있습니다. (입장마감 20시) - 행사장소 : 대춘당지",https://www.kh.or.kr/jnrepo/upload/jnPrgFestivalProgram/202205/16e0a455d91d40b8ae8981b6df803406_1652924428438.png
9,8회,창경궁,258,창경궁 야연,체험,16:00 ~ 21:00,https://www.kh.or.kr/jnrepo/upload/jnPrgFestivalProgram/202205/7720ef7518bb4885885a8f02ff99c649_1651904203889.png,창경궁 야연,https://www.kh.or.kr/program/view/menu/1292?viewType=ach&idx=258&searchRound=9&searchStTime=&searchEnTime=&searchField=homeAll&searchText=,창경궁,창경궁 야연,체험,종료,체험,사전예약,2022-10-01~2022-10-06,16:00~21:00,통명전,,,"부모님에게 공경하는 마음을 전하고, 조부모와 손자 등 가족 간 화합하는 복합 콘텐츠 효의 한마당 창경궁 문정전에서 펼쳐지는 밤의 연희, <창경궁 야연>에 부모님을 초대합니다. 부모님과 함께 뜻깊은 하루를 만들어 보시길 바랍니다. 1. 행사 안내 ○ 행사일정 : 2022. 9. 16.(목) ~ 10. 6.(목) / 매주 월요일 휴무(궁중문화축전 기간 10. 3.(월) 진행) ○ 행사시간 : 1일 1회 17:00~21:00(회당 240분 내외) ○ 행사장소 : 창경궁 통명전 2. 프로그램 안내 ○ 전통의상 착용 및 분장(헤어 및 메이크업) - 국왕으로부터 야연에 초대 받은 고위 문무관과 정경부인이 되어 조선시대 전통 복식을 착용하고 행사의 주빈이 되는 특별한 경험을 합니다. ※ 남성: 단령, 사모 등 / 여성 : 당의, 치마, 비녀, 첩지 등 ○ 장수사진(독사진) 및 가족사진 촬영 - 부모님의 장수를 기원하는 장수사진(독사진) 촬영, 창경궁에서 경험하는 가족과의 소중한 순간을 촬영해 드립니다. ※ 원본사진은 이메일로 전송해드리며, 장수사진 혹은 가족사진 중 선택하여 추후 액자로 제작하여 발송해드립니다. (액자크기: 6*8인치(15*20cm)) ○ 궁중병과 체험 ○ 포구락 및 가곡 공연 관람 - 궁중에서 행해진 재밌는 놀이를 춤으로 형상화한 ‘포구락’과 ‘가곡’ 공연을 통해 궁궐의 정취를 만끽해 보세요. <프로그램 참여 안내> ○ 전통의복 착용 및 분장, 장수사진 촬영 : 체험객 1인 ○ 궁중병과 체험 : 체험객 및 동행 가족 1인 ○ 가족사진 촬영 및 공연 관람 : 그 외 가족 3. 예매안내 ○ 인터넷예매 - 참가비 : 1매 100,000원(신청자 외 최대 4인 참가) *ID당 2매 가능 - 예매처 : 인터파크 ticket.interpark.com ○ 전화예매 - 예매 대상: 만 65세 이상, 장애인, 국가유공자 대상 - 예매 방법: 지역번호 없이 1544-1555 - 예매 시간: 평일 09:00~18:00 / 토,일,공휴일 휴무 * 1인 2매까지 예약 가능합니다. * 현장에서 예매자 신분증(국가유공자증, 장애인복지카드 등) 확인 후 입장 가능합니다. ○ 할인 정보 - 장애인 1-6급(본인) 50% 할인 - 국가유공자(본인) 50% 할인 4. 예매 공지 사항 ○ 체험/관람 연령 - 본 행사는 부모님께 감사한 마음을 전하기 위해 마련된 효도 프로그램입니다. (체험객은 부모님만 참여 가능합니다.) - 안전한 관람을 위하여 미취학아동의 경우 반드시 보호자가 동반하셔야 입장 가능합니다. ○ 티켓 예매 - 본 행사의 티켓은 인터파크를 통한 사전예약을 원칙으로 하며, 그 외의 경로로는 판매하지 않습니다. - <창경궁 야연> 티켓은‘1인 체험객 + 최대 4인 가족 관람객, 총 5인’을 포함합니다. 가족 관람객이 4인 이하여도 잔여 관람객에 대한 것은 환불하지 않습니다. - 예매하신 티켓은 지인 간의 양도가 불가능합니다. 단, 가족관계일 경우 예매자의 신분증 및 증빙자료(등본, 가족관계증명서 등) 지참 시에만 양도가 가능합니다. - 불법 거래(프리미엄 티켓 판매, 티켓 양도 사기)로 선량한 예매자의 피해가 발생하고 있습니다. 이로 인한 문제 발생 시 행사 주최, 주관사 및 예매처는 책임지지 않습니다. 반드시 정식 예매처를 통해 예매해 주시기 바랍니다. - 단체 예매 및 여행사 판매가 불가합니다. ○ 티켓 수령 - 본 행사는 현장에서 본인 확인을 진행합니다. 예매자의 신분증을 필히 지참해 주세요. - 할인을 받으신 경우 관련된 증빙자료를 반드시 제시하셔야 합니다. - 예매 티켓 수령 및 입장은 16시 부터 가능합니다. 원활한 행사 진행을 위하여 체험객 1인 17시 까지, 가족 관람객은 18시 30분까지 입장 부탁드립니다. - 원활한 행사 진행을 위하여 입장 시간 준수 부탁드립니다. ○ 티켓 취소 마감 시간 - 행사 3일 전까지 취소가 가능하며, 예약을 취소하실 때는 다른 이용객이 이용할 수 있도록 미리 취소해 주시기 바랍니다. ○ 유의사항 - 예매자의 신분증을 필히 지참해 주시기 바랍니다. * 장애인과 국가유공자의 경우 증빙서류도 포함하여 지참해 주시기 바랍니다. - 티켓을 현장에서 수령하실 때 예매자 본인이 가지 않으셔도 대리인이 수령하실 수 있으나, 예매자명 및 예매자 연락처, 예매번호와 가족관계증명서를 지참하여 확인해 주셔야 수령 가능합니다. - 암표 거래를 막기 위해 입장 시 본인 확인을 철저하게 하고 있으니 많은 협조 부탁드립니다. - <창경궁 야연>은 행사장에 휠체어 좌석이 마련되어 있습니다. 휠체어석 사용여부 관련한 내용은 행사 전 문자로 개별 안내드릴 예정입니다. 최소한 공연 시작 30분 전까지 오셔서 티켓을 수령하신 후 행사운영요원의 안내를 받아 이동하시기 바랍니다. - 인터넷 예매자 연락처가 변경되거나 잘못 기입된 경우 사전 연락을 취하기 어려우니, 인터파크 계정의 개인 정보 연락처를 최신으로 변경해 주시길 바랍니다. - 행사 시점 정부의 방역 수칙에 따라 운영 사항이 변동될 수 있습니다. ※ 우천 시 안내 - 행사 당일 오전 11시 기상청 예보 기준 - 1~4mm 예보 시 : 행사 정상 진행. - 5mm 이상 예보 시 : 행사 취소 및 개별알림, 전액 환불 5. 코로나19 확산 방지를 위한 관람 안내 ○ 궁중병과 체험 시간을 제외하고는 모든 구역에서 마스크 착용을 부탁드립니다. ○ 발열 또는 호흡기 증상이 있으신 경우 방문을 삼가 주시기 바랍니다. * 방역수칙은 정부 및 관할 당국의 방역 수칙 및 사회적 거리 두기 단계에 따라 사전 예고 없이 변경될 수 있습니다.",https://www.kh.or.kr/jnrepo/upload/jnPrgFestivalProgram/202205/7720ef7518bb4885885a8f02ff99c649_1651904203889.png
9,8회,종묘,296,종묘대제 제수진설 체험행사,체험,11:00 ~ 18:00(상세시간 확인),https://www.kh.or.kr/jnrepo/upload/jnPrgFestivalProgram/202209/d396e6cf17b94e8d92bfa6eca6d767c9_1663349324686.jpg,썸네일,https://www.kh.or.kr/program/view/menu/1292?viewType=ach&idx=296&searchRound=9&searchStTime=&searchEnTime=&searchField=homeAll&searchText=,종묘,종묘대제 제수진설 체험행사,체험,종료,체험,사전예약,2022-10-01~2022-10-01,11:00~18:00(상세시간 확인),"종묘 영녕전, 전사청",12명,02-2174-3602,"종묘대제 제수진설 체험행사 - 행사일정 : 10.1.(토), 11:00~13:00, 16:00~18:00 - 행사내용 : 종묘대제 제수 진설(제복 착용, 제례 체험 등) 체험 행사 - 참여인원 : 회차당 12명 - 참여대상 : 초등학생 3~6학년(학부모 참관) - 참여방법 : 사전예약(종묘관리소 누리집 / 9.26.(월) 14시) - 행사장소 : 재궁, 영녕전, 전사청 일원",https://www.kh.or.kr/jnrepo/upload/jnPrgFestivalProgram/202209/d396e6cf17b94e8d92bfa6eca6d767c9_1663349324686.jpg
9,8회,종묘,280,해설과 함께하는 종묘 모형 만들기,체험,11:00 / 14:40(상세시간 확인),https://www.kh.or.kr/jnrepo/upload/jnPrgFestivalProgram/202209/3b7ed2acf472491ea9644ce1b124de7e_1662350395717.jpg,해설과 함께하는 종묘 모형 만들기,https://www.kh.or.kr/program/view/menu/1292?viewType=ach&idx=280&searchRound=9&searchStTime=&searchEnTime=&searchField=homeAll&searchText=,종묘,해설과 함께하는 종묘 모형 만들기,체험,종료,체험,사전예약,2022-10-08~2022-10-08,11:00 / 14:40(상세시간 확인),종묘,25명,02-2174-3602,"해설과 함께하는 종묘 정전 모형 만들기 - 행사일정 : 10. 8.(토 ) 11:00~11:40, 14:00~14:40 - 사전예약: 10. 5.(수) 14부터 예약 가능 - 행사내용 : 정전 모형 만들기 및 현장답사 프로그램 - 참여인원 : 회차당 25명 - 참여대상 : 초 등학생 - 참여방법 : 사전예약(10.3.(월) 14시 / 종묘관리소 누리집 참여자 접수 및 종로구 가족센터 협업) - 행사장소 : 향대청, 정전, 영녕전 등 예약 바로가기",https://www.kh.or.kr/jnrepo/upload/jnPrgFestivalProgram/202209/3b7ed2acf472491ea9644ce1b124de7e_1662350395717.jpg
9,8회,온라인(기타),285,아티스트가 사랑한 궁(온라인),공연,00:00 ~ 24:00,https://www.kh.or.kr/jnrepo/upload/jnPrgFestivalProgram/202210/aa7b051e5fea4303a595f444db01c1cb_1664687909602.jpg,아티스트가 사랑한 궁(온라인),https://www.kh.or.kr/program/view/menu/1292?viewType=ach&idx=285&searchRound=9&searchStTime=&searchEnTime=&searchField=homeAll&searchText=,온라인(기타),아티스트가 사랑한 궁(온라인),공연,종료,공연,현장참여,2022-10-01~2022-12-31,00:00~24:00,"창덕궁, 창경궁",-,,"궁의 아름다움을 아티스트와 함께 전하는 궁중문화축전 유튜브 대표 콘텐츠! 깊어가는 가을, 가장 아름다운 궁의 모습을 젋은 국악아티스트와 함께 만나보세요. 창덕궁과 창경궁에서 선보이는 온라인 공연입니다. * 10. 1.(토) 20시 박다울, <비밀의 정원> 공개 @창덕궁 후원 * 10. 8.(토) 김다혜 x 황규창, <황무지> 공개 @창경궁 ▽ 박다울 퍼포먼스 영상 바로보기(10. 1. 공개) ▽ ▽ 김다혜 x 황규창 퍼포먼스 영상 바로보기(10. 8. 공개) ▽",https://www.kh.or.kr/jnrepo/upload/jnPrgFestivalProgram/202210/aa7b051e5fea4303a595f444db01c1cb_1664687909602.jpg
9,8회,온라인(기타),275,궁중문화축전을 집으로 배달합니다,체험,00:00 ~ 24:00,https://www.kh.or.kr/jnrepo/upload/jnPrgFestivalProgram/202209/6b2321ee8d624615a9267e28279f2b57_1663206920384.png,궁중문화축전을 집으로 배달합니다,https://www.kh.or.kr/program/view/menu/1292?viewType=ach&idx=275&searchRound=9&searchStTime=&searchEnTime=&searchField=homeAll&searchText=,온라인(기타),궁중문화축전을 집으로 배달합니다,체험,종료,체험,사전예약,2022-10-01~2022-10-09,00:00~24:00,-,,,"“똑똑똑, 궁중문화축전이 배달왔습니다!” 한가위를 맞아 왕이 전하는 하사품으로 만나는 궁중문화축전 조선시대 전통놀이 ‘쌍륙’을 오늘 날 보드게임으로 재해석한 ‘신(新)쌍륙’이 한가위를 맞아 더욱 새로운 모습으로 돌아왔습니다. 이번 ‘신(新)쌍륙’은 우리나라의 전통 포장법인 보자기를 활용하여 가을의 정취를 흠뻑 느낄 수 있는 고운 자태로 탄생하였습니다. ‘신(新)쌍륙’과 함께 궁에 직접 오지 않고도 우리의 전통문화와 궁중문화축전을 언제 어디서나 즐겨보세요. 공고 및 모집 : 2022. 9. 9.(금) 09:00 ~ 9. 23.(금) 18:00 선정자 발표 : 2022. 9. 27.(화) / 홈페이지 공고 배송일 : 2022. 9. 29.(목, 예정)",https://www.kh.or.kr/jnrepo/upload/jnPrgFestivalProgram/202209/6b2321ee8d624615a9267e28279f2b57_1663206920384.png
9,8회,온라인(기타),273,모두의 풍속도 2022,체험,00:00 ~ 24:00,https://www.kh.or.kr/jnrepo/upload/jnPrgFestivalProgram/202209/3dc09772493b468ca0f6402ea94802a1_1663346249369.PNG,모두의 풍속도,https://www.kh.or.kr/program/view/menu/1292?viewType=ach&idx=273&searchRound=9&searchStTime=&searchEnTime=&searchField=homeAll&searchText=,온라인(기타),모두의 풍속도 2022,체험,종료,체험,현장참여,2022-09-16~2022-10-31,00:00~24:00,온라인,제한없음,,"모두의 풍속도는? 궁궐을 배경으로 누구나 쉽고 재밌게 풍속도 속 인물을 만들며, 소통하길 바라는 마음으로 '모두의 풍속도'를 기획했답니다. 작년에 많은 분이 즐겁게 참여해주신 덕분에, 올해 두 번째 '모두의 풍속도'를 열 수 있었어요! (짝짝) 조선시대 김홍도가 풍속화에 인물의 모습을 다채롭게 담아냈던 것 처럼, 여러분도 일상 속 소소한 모습을 담아 그림을 만들어보세요. pungsokdo.com 참여기간 : 9.16.(금)~10.31.(월) 모두의 풍속도 공개 : 11월말(예정)",https://www.kh.or.kr/jnrepo/upload/jnPrgFestivalProgram/202209/3dc09772493b468ca0f6402ea94802a1_1663346249369.PNG
8,7회,경복궁,228,"궁, 기록보관소",전시,10:00 ~ 18:00,https://www.kh.or.kr/jnrepo/upload/jnPrgFestivalProgram/202109/6715dc33125c49cc8c24233433866bd9_1632195315275.png,궁기록보관소,https://www.kh.or.kr/program/view/menu/1292?viewType=ach&idx=228&searchRound=8&searchStTime=&searchEnTime=&searchField=homeAll&searchText=,경복궁,"궁, 기록보관소",전시,종료,전시,현장참여,2021-10-16~2021-10-24,10:00~18:00,경복궁 근정전 회랑,,,"<궁, 기록보관소> 전시 종료 안내 10.16.(토) ~ 10.24.(일) 전시가 모두 종료되었습니다. 관람해주셔서 감사합니다. 궁, 기록보관소 경복궁 근정전 회랑 | 2021.10.16.(토)~10.24.(일) 10:00~18:00 *경복궁 야간개장 진행 시 21:00까지 연장 운영됩니다. *세부일정은 추후 안내될 예정이며, 상황에 따라 세부 내용 및 일정, 시간은 변경될 수 있습니다. *경복궁 입장권은 별도로 구매하셔야 합니다. 궁을 즐기는 21가지 방법 사진과 수필, 영상, 그림 등 궁을 즐기는 다양한 방법들이 경복궁에 기록됩니다. 제5회 궁능활용사업 공모전을 통해 수상한 ‘그냥공주가 창경궁을 즐기는 방법’부터 ‘궁을 정복하는 퍼즐’까지 5대 궁궐과 종묘 일원을 배경으로 시민이 직접 담아낸 다양한 ‘궁을 즐기는 방법’ 21가지를 전시로 선보입니다. 경복궁을 오가며 만날 이번 전시를 통해 내가 몰랐던 새로운 방법들도 알아보고 나만의 방법도 발견해보는 즐거운 시간이 되시길 바랍니다. 선정작 [대상] 그냥공주가 창경궁을 즐기는 방법 | 손유정, 황영재 - 영상 [최우수상] 9가지 이야기 | 서예원 - 사진 [우수상] 아는 만큼 멋진 우리의 궁 | 유병준, 유지훈, 성지원 - 영상 뒷모습 | 박호열 - 사진에세이 당신이 그립습니다 | 차준호 - 영상 [장려상] 아름다운 우리의 고궁 | 김재효 - 그림(드로잉) 고궁 애니멀즈 | 김준성 - 그림(웹툰) 고요 | 전희찬 - 사진 ROYAL palace(궁궐) | 김한준 - 사진에세이 다른 時點을 같은 視點으로 | 이준영 - 영상 경복궁 활용법-경복궁과의 대화 | 서정현 - 영상 [입선] 알쓸궁잡-경복궁 편- | 신제이 - 그림(웹툰) 궁능에서의 한장 | 정희수 - 그림(드로잉) 고궁에서 만나요 | 리제나킴 - 그림(드로잉) 궁: 품격있는 아름다움에 대하여 | 이자은 -그림(드로잉) 우리 모두 궁궐의 주인이다 | 심수연, 김초은 - 사진에세이 오일파스텔로 담아본 창덕궁 나들이 | 한윤아 - 영상 궁을 담다 | 최고원, 강상현, 최은형 - 영상 민진이의 경복궁 나들이 | 안예진, 곽민진 - 사진에세이 궁, 한국을 담다 | 최은지 - 영상 궁을 정복하는 퍼즐 | 심건우, 고병훈, 손예찬 - 영상 *진행요원의 안내에 따라 안전한 관람 부탁드리며, 마스크 미·오착용 시 관람이 불가함을 안내 드립니다.",https://www.kh.or.kr/jnrepo/upload/jnPrgFestivalProgram/202109/6715dc33125c49cc8c24233433866bd9_1632195315275.png
8,7회,경복궁,227,궁으로 온 팔도강산 - 대동예(藝)지도,전시,10:00 ~ 18:00,https://www.kh.or.kr/jnrepo/upload/jnPrgFestivalProgram/202110/6ae80d43830e426aba66259c4145e9a7_1633247547685.png,대동예지도,https://www.kh.or.kr/program/view/menu/1292?viewType=ach&idx=227&searchRound=8&searchStTime=&searchEnTime=&searchField=homeAll&searchText=,경복궁,궁으로 온 팔도강산 - 대동예(藝)지도,전시,종료,전시,사전예약,2021-10-16~2021-10-24,10:00~18:00,경복궁 곳곳,,02-3210-4684,"궁으로 온 팔도강산 - 대동예(藝)지도 전시 종료 안내 10.16.(토) ~ 10.24.(일) 전시가 모두 종료되었습니다. 관람해주셔서 감사합니다. 궁으로 온 팔도강산 - 대동예(藝)지도- 야간관람 안내 10.21.(수) ~ 10.24.(일) 한해 경복궁 야간관람 입장 가능하신 분에 한해서 야간 전시 관람이 가능합니다. 자세한 내용은 아래 안내 바로가기 링크를 참고해주시면 감사하겠습니다. ▶ 경복궁 전시 야간관람 관련 안내 바로가기 궁으로 온 팔도강산 - 대동예(藝)지도 - 주간관람 안내 경복궁 곳곳 | 2021.10.16.(토)~10.24.(일) 10:00~18:00(17:00 입장마감) *주간(10:00~18:00)에는 별도 예약 없이 경복궁 입장권만 구매하시면 관람 가능합니다. *경복궁 야간개장 진행 시 21:30까지 연장 운영됩니다. *세부일정은 추후 안내되며 상황에 따라 세부 내용 및 일정, 시간은 변경될 수 있습니다. *경복궁 입장권은 별도로 구매하셔야 합니다. 궁중문화축전x지역문화예술, 궁으로 온 선물 조선의 법궁인 경복궁에 팔도강산에서 다양한 선물들이 도착했습니다. 예술로 승화된 지역의 문화 유산들은 경복궁을 수놓고 한층 더 아름답게 만들어줍니다. 흥례문 광장에 모인 팔도의 선물상자를 시작으로 나주의 천연염색이 물든 쪽빛 근정문을 지나, 수정전 앞에서는 가을 만월을 품은 달항아리, 차 향기가 물씬 풍기는 보성의 녹차밭을 만날 수 있습니다. 바다를 한 아름 안고 입궁한 제주 해녀들도 빼놓을 수 없습니다. 은은한 빛으로 수정전을 밝히는 수백 개의 담양의 대나무등, 수천 개의 꽃이 비처럼 쏟아지는 원주의 한지는 아름다운 샹들리에가 되어 여러분을 기다립니다. 마지막으로 경회루 바람에 살랑이는 진주에서 온 2,000여 개의 실크등이 한데 어우러져 비로소 궁궐 속 대동예(藝)지도가 완성됩니다. 팔도를 여행한 듯한 기분, 여기 경복궁에서 만나보세요. ⊙흥례문 광장 ‘아낌없이 주는 궁’ ⊙근정문 우측 ‘쪽빛 하늘을 담은 궁’ ⊙수정전 앞 잔디 ‘보름달을 품은 궁’ ⊙수정전 앞 ‘차 향기 가득한 궁’ ⊙수정전 우측1 ‘궁으로 온 제주바다’ ⊙수정전 우측2 ‘반짝반짝 예쁜 궁’ ⊙수정전 좌측 ‘꽃비가 내리는 궁’ ⊙경회루 앞 ‘궁에서 심쿵쉼궁’ <궁으로 온 팔도강산 - 대동예(藝)지도>는 궁중문화축전과 지자체 문화축제가 연계해 예술작품을 선보이는 프로그램입니다. 나주 ‘천연염색’ 축제, 보성 ‘세계차엑스포’, 제주 ‘생태프로젝트’, 담양 ‘대나무’ 축제와 원주의 ‘한지’ 문화제, 진주 ’실크’ 박람회가 함께합니다. 궁중문화축전은 궁을 중심으로 전국의 지자체가 다 함께 참여하는 지역의 문화유산 및 축제의 교류 플랫폼이자 허브로 기능하며 대한민국 대표 문화유산 활용축제로 역할하고자 합니다. 다양한 작품들은 경복궁과 잘 어울리면서도 작품을 돋보이게 할 형태로 선보일 예정이며 축전 기간 중 9일간만 만나실 수 있습니다. 모든 전시는 방역 수칙을 준수하여 도보 이동형(워킹쓰루)으로 안전하게 진행될 예정입니다. *진행요원의 안내에 따라 안전한 관람 부탁드리며, 마스크 미·오착용 시 관람이 불가함을 안내 드립니다.",https://www.kh.or.kr/jnrepo/upload/jnPrgFestivalProgram/202110/6ae80d43830e426aba66259c4145e9a7_1633247547685.png
8,7회,온라인(기타),234,덕수궁이 들려주는 대한제국 이후의 음악,온라인,18:00 ~ 18:00,https://www.kh.or.kr/jnrepo/upload/jnPrgFestivalProgram/202110/52419eef486b4801852a5a077b4995cc_1635254641251.png,"전영랑, 프렐류드 덕수궁 배경 사진",https://www.kh.or.kr/program/view/menu/1292?viewType=ach&idx=234&searchRound=8&searchStTime=&searchEnTime=&searchField=homeAll&searchText=,온라인(기타),덕수궁이 들려주는 대한제국 이후의 음악,온라인,종료,온라인,현장참여,2021-10-28~2021-10-28,18:00~18:00,궁중문화축전 유튜브,,,"덕수궁이 들려주는 대한제국 이후의 음악 궁중문화축전 유튜브 2021.10.28.(목) 18:00 덕수궁에서 만나는 대한민국의 음악사 1890년대 대한제국 시대의 음악부터 일제강점기 속 만요 그리고 우리가 기억하고 추억하는 1990년대 음악까지. 대한민국 근현대 100년의 음악사를 이 시대 청춘들이 들려줍니다. 대한제국의 황궁, 덕수궁을 배경으로 우리 역사 속 희로애락이 담긴 다양한 장르의 음악 5편 중 첫 시작을 궁중문화축전 기간에 만나볼 수 있습니다. 덕수궁을 웅장하게 울릴 양악대부터 섬세하게 기록될 프렐류드와 전영랑의 신민요까지. 궁중문화축전과 함께 대한민국 100년의 음악여행을 떠나보세요. <덕수궁이 들려주는 대한제국 이후의 음악>의 첫 번째 편에서는 대한제국 시기(1897~1907) 국왕의 지위를 황제로 격상 시키고 그에 걸맞는 힘과 상징인 신식군대를 만들며 창설한 서양식 군악대, 양악대 음악을 선보입니다. 독일 제국의 해군 소속 음악가였던 프란츠 에케르트가 한국 민요 ""바람이 분다""의 선율에 의거해 작곡하였으며 1902년에 국가가 되었던 '대한제국 애국가'와 요한 슈트라우스 1세가 작곡한 '라데츠키 행진곡'을 들려줍니다. 이후 1930년대, 일제 식민 통치로 시대가 변하면서 함께 변한 새로운 민요, 신민요를 경기민요 이수자 전영랑과 재즈밴드 프렐류드가 선보입니다. 국악에 재즈를 더한 묘한 감성으로 '태평가', '노들강변' 그리고 신민요의 전성기를 알리고 그 전형을 보여주는 '천안도 삼거리(능수버들)'과 '꽃을잡고'를 재해석해 선보입니다.",https://www.kh.or.kr/jnrepo/upload/jnPrgFestivalProgram/202110/52419eef486b4801852a5a077b4995cc_1635254641251.png
8,7회,온라인(기타),233,궁중문화축전 온라인 개막식,온라인,19:00 ~ 19:40,https://www.kh.or.kr/jnrepo/upload/jnPrgFestivalProgram/202110/e8e8ce8bd4f24f07b59549af1924f36a_1633340973372.png,궁중문화축전 개막식,https://www.kh.or.kr/program/view/menu/1292?viewType=ach&idx=233&searchRound=8&searchStTime=&searchEnTime=&searchField=homeAll&searchText=,온라인(기타),궁중문화축전 온라인 개막식,온라인,종료,온라인,현장참여,2021-10-15~2021-10-15,19:00~19:40,궁중문화축전 유튜브,,02-3210-4684,"궁중문화축전 온라인 개막식 궁중문화축전 유튜브 | 2021.10.15.(금) 19:00~19:40 *상황에 따라 세부 내용 및 일정은 변경될 수 있습니다. *개막식은 녹화 중계로 진행됩니다. ▶온라인 개막식 보러가기 2021년 제7회 궁중문화축전_가을이 개최됩니다. 지난 봄, 궁궐 속 다양한 프로그램으로 여러분의 지친 마음을 달래주었던 궁중문화축전이 올가을 새롭게 시작됩니다. 도심 속 쉼터인 우리의 궁궐, 이제 언제 어디서든 여러분의 마음을 보듬어줄 궁으로 다가옵니다. 영상, 게임, 키트 등 다양한 비대면 궁궐 활용 프로그램과 어디서도 볼 수 없는 경복궁의 전시를 더해 풍성한 가을을 맞이하게 될 궁중문화축전. 해가 갈수록 짙어지는 축전의 향연에 더욱 설레기만 합니다. 다가오는 10월 15일(금) 오후 7시, 궁중문화축전 온라인 개막식에 여러분을 초대하오니 자리를 함께하여 그 시작을 빛내주시기 바랍니다.",https://www.kh.or.kr/jnrepo/upload/jnPrgFestivalProgram/202110/e8e8ce8bd4f24f07b59549af1924f36a_1633340973372.png
8,7회,온라인(기타),232,랜선 궁(宮)둥이 기자단,체험,00:00 ~ 00:00,https://www.kh.or.kr/jnrepo/upload/jnPrgFestivalProgram/202110/3acc2898d4d1408394e636024f5c1e26_1633340565762.png,랜선 궁둥이 기자단,https://www.kh.or.kr/program/view/menu/1292?viewType=ach&idx=232&searchRound=8&searchStTime=&searchEnTime=&searchField=homeAll&searchText=,온라인(기타),랜선 궁(宮)둥이 기자단,체험,종료,체험,현장참여,2021-10-01~2021-10-31,00:00~00:00,랜선 궁(宮)둥이 및 궁중문화축전 SNS,10명,,"랜선 궁(宮)둥이 기자단 랜선 궁(宮)둥이 SNS, 궁중문화축전 SNS | 2021.10.01.(금)~10.31.(일) *랜선 궁(宮)둥이 기자단 모집은 모두 마감되었습니다. 내년 궁(宮)둥이 모집을 기대해주세요! *궁중문화축전_가을 랜선 궁(宮)둥이 기자단은 화원복 착장없이 개별로 활동합니다. 온다! 랜선 궁(宮)둥이 기자단 궁중문화축전 소식을 더 자세히, 더 깊이, 더 가까이 알고 싶다고요? 그럼 우리 랜선 궁(宮)둥이 기자단을 찾아주세요! ‘궁과 긴밀한 관련이 있는 사람들’이라는 뜻의 ‘궁(宮)둥이’는 축전 가장 가까이에서 시민과 소통하며 축제 현장을 이끌어가는 활동가의 애칭입니다. 랜선 궁(宮)둥이는 온라인 중심으로 활동하며 궁중문화축전과 축전의 숨겨진 이야기를 콘텐츠로 보여주고 들려주는 안내자 역할을 하고 있습니다. 언제 어디서든 축전 소식을 속속들이 알려주는 자랑스러운 랜선 궁(宮)둥이 기자단을 통해 온라인에서도 더욱 즐겁고 실감나는 궁중문화축전을 만나보세요!",https://www.kh.or.kr/jnrepo/upload/jnPrgFestivalProgram/202110/3acc2898d4d1408394e636024f5c1e26_1633340565762.png
8,7회,온라인(기타),231,실감형 ASMR <왕비가 듣는 풍경>,온라인,18:00 ~ 18:00,https://www.kh.or.kr/jnrepo/upload/jnPrgFestivalProgram/202110/0a78533de0d741c78f19bc98f3628106_1633336876232.png,왕비가 듣는 풍경,https://www.kh.or.kr/program/view/menu/1292?viewType=ach&idx=231&searchRound=8&searchStTime=&searchEnTime=&searchField=homeAll&searchText=,온라인(기타),실감형 ASMR <왕비가 듣는 풍경>,온라인,종료,온라인,현장참여,2021-10-17~2021-10-17,18:00~18:00,궁중문화축전 유튜브,,,"실감형 ASMR <왕비가 듣는 풍경> 궁중문화축전 유튜브 | 2021.10.17.(일) 18:00 *상황에 따라 세부 내용 및 일정은 변경될 수 있습니다. ASMR, 조선의 왕비가 거닐던 궁궐을 만나다 수많은 역사와 무수한 세월을 품고 보듬어 온 궁궐. 그시절 왕비가 듣고 느꼈던 풍경은 어땠을까요? 쪼로롱 새소리, 바람에 스치는 낙엽소리, 손 끝에 울리는 거문고 소리까지. 마치 내가 왕비가 되어 궁궐을 거니는 듯한 느낌을 이머시브 ASMR 영상으로 경험할 수 있습니다. 오롯이 영상만을 마주하고 귀를 기울이며 상상의 날개를 펼쳐보세요. ASMR을 통한 색다른 휴식으로 마음을 보듬어 가실 수 있을 거예요. 실감형 ASMR <왕비가 듣는 풍경>은 이머시브 사운드 기술을 이용한 ASMR과 몰입감이 가득한 영상으로 궁궐의 소리를 입체감 있게 구성한 소리 치유 프로그램입니다. 우리의 궁궐이 도심 속 자연과 휴식의 공간이 되듯, 수많은 온라인 프로그램 사이에서 마치 궁에 온 듯한 여유와 휴식을 느낄 수 있는 쉼의 공간이 되길 바랍니다. [시놉시스] 가을 밤, 어두운 밤하늘 사이로 유성이 지나간다. 별이 지나며 여명이 트고, 가을의 소리와 함께 교태전의 문이 열린다. 문 틈 사이로 보이는 왕비의 모습. 상궁의 보좌와 함께 아침 산책을 나서는 왕비. 아미산 굴뚝 대나무숲의 소리가 들린다. 경회루를 따라 산책하는 왕비. 낙엽이 흩날리는 소리, 새가 지저귀는 소리 등 가을의 소리가 들린다. 장고로 발걸음을 옮기는 왕비. 장독 사이를 걸으며 장들을 확인한다. 다시 교태전으로 돌아온 왕비. 책을 펼치니, 거문고를 뜯는 악사가 보인다. 교태전 부벽화의 풍경들이 움직이며, 그림 속 소리들이 들린다. 왕비, 일어나서 방 안으로 들어간다.",https://www.kh.or.kr/jnrepo/upload/jnPrgFestivalProgram/202110/0a78533de0d741c78f19bc98f3628106_1633336876232.png
8,7회,온라인(기타),230,이시원·허준의 조선 내의원 추적 토크쇼 '조선 비하인드 : 궁중의담록',온라인,00:00 ~ 24:00,https://www.kh.or.kr/jnrepo/upload/jnPrgFestivalProgram/202110/6380ab46e4c8406fa265abc2bb55e7db_1633932268523.png,조선비하인드 궁중의담록,https://www.kh.or.kr/program/view/menu/1292?viewType=ach&idx=230&searchRound=8&searchStTime=&searchEnTime=&searchField=homeAll&searchText=,온라인(기타),이시원·허준의 조선 내의원 추적 토크쇼 '조선 비하인드 : 궁중의담록',온라인,종료,온라인,현장참여,2021-10-23~2021-10-27,00:00~24:00,궁중문화축전 유튜브,,,"이시원·허준의 조선 내의원 추적 토크쇼 조선 비하인드 : 궁중의담록 궁중문화축전 유튜브 | 2021.10.23.(토)~10.27.(수) 11:00 이시원·허준의 조선 내의원 추적 토크쇼 ""의관의 지금 이 행동, 뭔가 수상하지 않나요?” 조선왕실 전속 의료기관 ‘내의원'의 활동을 스튜디오 토크쇼와 재현 자료영상으로 추적합니다. 마치 추리소설을 읽어 나가 듯, 과거 내의원이 가진 신기하고 비밀스러운 이야기들을 듣다보면 어느덧 그 문화와 시간 속으로 빠져들게 됩니다. 우리의 눈엔 다소 수상해 보이는 행동부터 지금의 현대 한의학에 남긴 흔적들까지! 내의원 의관들의 행동에 담긴 의미를 (사)대한황실문화원에서 제작한 다섯 편 영상 시리즈로 만나보세요. (사)대한황실문화원은 한국의 왕실문화를 기반으로 전통문화를 보전하고 새로운 콘텐츠로 개발하는 등 우리 문화를 알리고 지키는데 힘쓰고 있습니다. 올해는 다양한 활동을 하고 있는중독성 있는 음악과 재치있는 표현이 가득 담긴 어린이 사극 시트콤 '슬기로운 궁궐생활'에 이어 '조선 비하인드: 궁중의담록'으로 궁중문화축전과 함께하고 있습니다. 10.23.(토) 11:00 1화 <의관을 들라 하라> 글로 임금님의 건강을 확인한다? 의관이 직접 진찰하는 입진의 절차와 침의·수의의 역할분담에 관하여 알려드립니다. 10.24.(일) 11:00 2화 <왕의 약에 입에 댄 사람들> 의관들의 치열한 어약 처방 결정 토론! 어약 책임자가 먼저 맛을 보는 이유와 임금님의 안전한 복약을 위한 이들의 노력을 다루었습니다. 10.25.(월) 11:00 3화 <조선의 산부인과> 조선시대 의관·의녀의 산모 건강관리는 과연 어떠했을까요? 왕비와 왕세자비 및 후궁의 안전한 출산을 위한 기관을 소개합니다. 10.26.(화) 11:00 4화 <조선 왕의 바리스타> 임금님께서 드실 차에 대한 어의들의 고민! 음료와 음식으로 임금님의 건강 관리와 어의들의 처방을 알아봅니다. 10.27.(수) 11:00 5화 <왕의 진료 재연 코멘터리> 궁중 내의원의 의관 임명 절차와 임금님의 진료 재연을 통해 우리 한의학의 가치와 궁중 예법을 조명합니다.",https://www.kh.or.kr/jnrepo/upload/jnPrgFestivalProgram/202110/6380ab46e4c8406fa265abc2bb55e7db_1633932268523.png
8,7회,온라인(기타),229,궁중문화축전을 집으로 배달합니다 - 신(新)쌍륙,체험,14:00 ~ 14:00,https://www.kh.or.kr/jnrepo/upload/jnPrgFestivalProgram/202110/47a9e084239d421eab8c6dc7f03d4ca3_1633246322293.png,신(新)쌍륙,https://www.kh.or.kr/program/view/menu/1292?viewType=ach&idx=229&searchRound=8&searchStTime=&searchEnTime=&searchField=homeAll&searchText=,온라인(기타),궁중문화축전을 집으로 배달합니다 - 신(新)쌍륙,체험,종료,체험,사전예약,2021-10-18~2021-10-25,14:00~14:00,"궁중문화축전, 궁온 누리집",회당 500명,02-3210-4684,"[궁중문화축전x궁온] 궁중문화축전을 집으로 배달합니다 - 신(新)쌍륙 궁중문화축전, 궁온 누리집 신청 모두 마감되었습니다. 깊은 성원에 감사드립니다. [신청방법] ▶ 예약페이지 바로가기 *네이버 로그인 상태로 진행 1. 궁중문화축전 누리집 > 예약페이지 입장 > 14:00 예약버튼 오픈 2. 궁온 2021 누리집 > ON궁중문화축전 혹은 N예약 > 예약페이지 입장 > 14:00 예약버튼 오픈 1회차 10.18.(월) 14:00 / 선착순 500명 2회차 10.25.(월) 14:00 / 선착순 500명 똑똑똑, 축전이 ‘다시’ 배달왔습니다! 조선시대 때 즐겼던 놀이를 궁중문화축전으로 즐길 수 있다고요? 궁에 직접 오지 않고도 체험할 수 있는 가장 완벽한 놀이키트, 과거 조선시대 때 즐겼던 놀이 ‘쌍륙’이 ‘신(新)쌍륙’으로 새롭게 태어납니다. 온 가족이 함께할 흥미진진한 보드게임 형태로 기존 놀이에는 없는 새로운 방법과 역사적 사실이 담긴 [어명이오!] 지령카드를 더해 더욱 재밌게 배우고 즐길 수 있는 특별한 놀이입니다. 세종실록과 혜원 신윤복의 그림에도 등장하는 쌍륙! 진짜 조선시대 사람이 되어 즐기는 상상으로 축전을 한껏 느끼는 시간이 되길 바랍니다. 쉿! 무슨 소리 안들리시나요? 똑똑똑, 궁중문화축전이 배달왔습니다! <궁중문화축전을 집으로 배달합니다> 는 한국문화재재단의 비대면 궁궐 활용 프로그램인 <궁온>과 함께하는 축전 프로그램입니다. '어려운 시기에도 집에서 즐길 수 있는 축제'의 새로운 방향성을 만들어 가고자 2020년부터 진행하고 있으며 조선왕실등, 수문장방패, 한지보석함 등 다양한 만들기 프로그램을 개발해 오고 있습니다. 이번 축전에서 새롭게 선보이는 ‘신(新)쌍륙’은 기존 만들기 프로그램에서 더 나아가 게임형 놀이 요소와 교육적 요소를 더해 개발한 놀이 키트 프로그램입니다.쉽고 즐거운 이해를 원한다면 앞으로 궁중문화축전 유튜브에 올라올 영상으로도 만나보세요! ☆ 쌍륙: 조선시대 성행하던 게임으로 두 사람 또는 두 편이 15개씩 말을 가지고 2개의 주사위를 굴려 판 위에 말을 써서 먼저 나가면 이기는 놀이입니다. 영상으로 쉽게 배우기 ▶ https://youtu.be/QVqlaEI199E",https://www.kh.or.kr/jnrepo/upload/jnPrgFestivalProgram/202110/47a9e084239d421eab8c6dc7f03d4ca3_1633246322293.png
8,7회,온라인(기타),226,랜선 어린이 궁중문화축전 - 마크로 만나는 궁,체험,00:00 ~ 00:00,https://www.kh.or.kr/jnrepo/upload/jnPrgFestivalProgram/202110/49d246c3067247d3a36d34b70b340264_1633150668558.png,마크로만나는궁,https://www.kh.or.kr/program/view/menu/1292?viewType=ach&idx=226&searchRound=8&searchStTime=&searchEnTime=&searchField=homeAll&searchText=,온라인(기타),랜선 어린이 궁중문화축전 - 마크로 만나는 궁,체험,종료,체험,현장참여,2021-10-16~2021-10-31,00:00~00:00,마인크래프트,,,"마크로 만나는 궁 궁중문화축전 유튜브 | 2021.10.16.(토)~10.31.(금) *세부일정은 추후 안내됩니다. 상황에 따라 세부 내용 및 일정은 변경될 수 있습니다. *마인크래프트는 별도 구매하셔야 이용 가능합니다. ■ 운영기간 및 이용 가능 플랫폼 - 운영기간 : 2021년 10월 16일(토) 00:00 ~ 10월 31일(일) 자정 *시상식 : 2021. 10. 30(토) 23:59 까지의 순위를 바탕으로 2021. 10. 31(일) 16:00 진행 예정 - 이용 가능 플랫폼 : Minecraft Bedrock Edition, Minecraft Windows 10 Edition 으로 PC버전(Window 10), 모바일(iOS, Android), Xbox One, 닌텐도스위치, 플레이스테이션4 에서 이용 가능 합니다. *Minecraft Java Edition은 접속 및 이용이 불가합니다 ■ 마크에서 당장 즐기고 싶다면 ? ① 마인크래프트 로그인 (Minecraft Bedrock Edition, Minecraft Windows 10 Edition) ② 플레이 → 서버추가 → 서버 주소 및 포트 입력 ★서버주소: gung.sandbox.co.kr ★ 포트: 19132 ③ '마크로 만나는 궁' 신나게 즐기기! ④ 더 자세한 내용은 마인크래프트 카페 '우마공'에서 궁중문화축전 게시판을 찾아주세요! ★ ' 우리들의 마인크래프트 공간' 바로가기 ■ 마크로 만나는 궁 가이드 ★ 마인크래프트를 처음해봐요!→ 초심자가이드 바로가기 마크가 온다! 경복궁이 온다! 궁궐의 역사와 문화를 쉽고 재미있게 배워볼 수 있는 방법이 있다고요? 바로 누구나 좋아하는 게임, 마인크래프트(이하 마크)로 궁궐을 탐험해보는 거예요 . 마치 찬란한 역사를 가진 경복궁으로 타임슬립을 한 듯 궁궐 속 인물들과 재미난 이야기를 나누고 문과와 무과로 나눠진 과거시험과 방탈출 놀이를 통과해 장원급제까지 노려보세요! 크리에이터 최케빈, 버섯도리, 옥냥이, 백앤아와 함께하는 실시간 방송과 게임 속 시상식까지! 듣기만 해도 신나는 경복궁으로 지금 당장 접속하세요! PS. 장원급제자와 아원, 탐화랑에게는 이 시대의 문물을 시상한다고 하는데…! 하나, 랜선 어린이 과거시험 2021년, 경복궁에서 과거시험이 열렸으니 어서들 모이시오! 문과 시험인 ‘참거짓’, '갑을병정'과 무과시험인 ‘숨은 도깨비를 찾아라’, '신기전 화살을 피해라!' 최종시험인 ‘방탈출-사라진 왕을 찾아라!’까지 조선시대 과거시험을 토대로 근정전 앞 점수판 상위 240명에게 '초시' 합격을 인정! 특별한 상품을 드립니다. 또한 1위 장원급제자, 2위 아원, 3위 탐화랑에게는 이 시대 최고 문물이 담긴 상품을 상품을 드립니다. ※ 상품 수령 시 미성년자의 경우 법정 대리인의 동의 및 증빙이 필요합니다. 둘, 애니메이션 ‘궁이 온다’ 10/16 09:00 웃기고 재밌고 신나는 크리에이터들이 애니메이션으로 모였습니다. 우리가 잘 알던 크리에이터에게 이런 모습이 있을 줄이야! 역병으로 부터 궁을 지키려는 크리에이터들의 활약을 즐거운 애니메이션으로 만나보세요! 셋, 크리에이터와 게임을? ‘함께 즐기자 궁!’ ‘마크로 만나는 궁’을 크리에이터와 실시간으로 즐긴다고?! 어디서든, 누구든지 크리에이터와 함께 게임을 즐길 수 있습니다. 2020년 ‘마크로 만나는 궁’을 함께했었던 능수능란 경력직 ‘최케빈’을 시작으로 목소리 천재 ‘옥냥이’, 온가족이 출동해 더 신나는 ’버섯도리’ 그리고 마지막 저세상 텐션으로 장원급제 시상식을 장식할 ‘백앤아’와 함께 합니다. 경복궁에서 만나는 우리의 크리에이터, 생각만해도 설레지 않나요? :) 10.17.(일) 21:00 최케빈 LIVE → https://www.twitch.tv/choikevin 10.22.(금) 21:00 옥냥이 10.24.(일) 16:00 버섯도리 10.31.(일) 16:00 백앤아 * 일부 이미지는 연출된 장면입니다.",
8,7회,온라인(기타),225,경회루판타지 - 화룡지몽2021,온라인,20:00 ~ 21:00,https://www.kh.or.kr/jnrepo/upload/jnPrgFestivalProgram/202109/f0b4484315044a7ca6eda8dc4220067e_1632189466623.png,경회루판타지-화룡지몽2021,https://www.kh.or.kr/program/view/menu/1292?viewType=ach&idx=225&searchRound=8&searchStTime=&searchEnTime=&searchField=homeAll&searchText=,온라인(기타),경회루판타지 - 화룡지몽2021,온라인,종료,온라인,현장참여,2021-10-16~2021-10-31,20:00~21:00,궁중문화축전 유튜브,,,"경회루판타지 - 화룡지몽2021 궁중문화축전 유튜브 | 2021.10.16.(토)~10.31.(금) ▶ 2021.10.16.(토) 20:00 온라인 최초 공개(중계) * 당일 밤 12시(자정)까지만 공개되며, 추후 시리즈와 중계 다시보기로 관람 가능합니다. ▶ 2021.10.18.(월)~22.(금) 18:00 1~5화 시리즈 공개 ▶ 2021.10.31.(일) 18:00 온라인 중계 다시보기 KBS1 ▶ 2021.10.28.(목) 11:00 [KBS1] 제7회 궁중문화축전 ‘경회루판타지-화룡지몽2021’ *상황에 따라 세부 내용 및 일정은 변경될 수 있습니다. 다시 돌아오다, 경회루판타지 커다랗고 잔잔한 연못 위 거대한 이층 누각, 경회루. 조선 최고 건축가, 박자청은 왜 지금의 모습으로 경회루를 지었을까요? 실제 경회루를 건설한 박자청의 이야기에 상상을 더해 그려낸 <경회루판타지-화룡지몽2021>에서는 경회루의 빼어난 건축미와 과학적 설계, 곳곳에 놓인 벽사의 상징들이 품고 있는 이상향을 아름답고 신비한 판타지로 담아냈습니다. 우리의 전통이 주는 진한 감동, 새로운 시도가 담긴 신선한 실경 공연을 집과 거리 어디서든 궁중문화축전 유튜브에서 만나볼 수 있습니다. <경회루판타지-화룡지몽2021>은 2019년 궁중문화축전을 화려하게 장식했던 ‘경회루판타지-화룡지몽’의 새로운 버전입니다. 판소리와 벨칸토의 만남으로 동서양이 결합된 음악적 시도를 더하고 경회루를 더욱 돋보이게할 프로젝션 맵핑과 워터스크린 영상으로 시각적 효과를 극대화 했습니다. 또한 무용극에 뮤지컬 요소를 도입하고 움직이는 무대를 활용해 시청각을 자극하는 장면들로 경회루를 가득 채웁니다. 2019년 <경회루판타지-화룡지몽>, 2020년 <경회루판타지-궁중연화> 등 매년 선보이는 <경회루판타지>의 다양한 시리즈를 궁중문화축전 유튜브에서 만나볼 수 있습니다. 시놉시스 새로운 나라 조선이 열리고, 경복궁도 차츰 모습을 갖춰가던 시절 궁궐과 도성 건물을 세우는데 공을 세운 박자청은 어느날 경복궁 연못가에 기울어진 누각을 복원하라는 왕명을 받는다. 대신들의 눈엔 왕의 총애를 한몸에 받으니 예뻐보일리 없다. 궁중에는 시기와 질투, 사악한 기운으로 넘쳐난다. 이상하게 경복궁 연못에는 아무리 물을 부어도 새어나가고 한양에는 크고 작은 화재들이 발생한다. 신하들의 연이은 상소에 공사는 중단되고 밤새 공사에 매달리던 박자청은 좌절하고 만다. 밤새 연못을 들여다보며 물의 신이라는 용신에게 하소연을 하는데, 그날 밤, 박자청에게 신비한 일이 펼쳐진다. 공조판서에 오른 그는 과연 이번에도 바닥을 딛고 다시 일어설 수 있을까? 진흙 속에서 경복궁의 꽃이라 불리는 경회루를 세울 수 있을까? 연못 속에 잠든 용과 만난 박자청에게 새로운 꿈이 시작된다.",https://www.kh.or.kr/jnrepo/upload/jnPrgFestivalProgram/202109/f0b4484315044a7ca6eda8dc4220067e_1632189466623.png
8,7회,온라인(기타),221,궁궐TV,온라인,00:00 ~ 24:00,https://www.kh.or.kr/jnrepo/upload/jnPrgFestivalProgram/202104/c7e4ab6dd23f44d6a4cffd3169c44fd6_1619274244138.png,궁궐TV,https://www.kh.or.kr/program/view/menu/1292?viewType=ach&idx=221&searchRound=8&searchStTime=&searchEnTime=&searchField=homeAll&searchText=,온라인(기타),궁궐TV,온라인,종료,온라인,현장참여,2021-10-16~2021-12-31,00:00~24:00,궁중문화축전 유튜브,,,"궁궐TV 2021.05.01.(토)~12.31.(금) 연중무휴! 영상으로 즐기는 궁중문화축전 <궁궐TV> 내가 알던 궁이 아냐! 궁중문화축전이 새롭게 선보이는 영상 콘텐츠 <궁궐TV>가 어디든 찾아갑니다. 쉽고 재밌게 만날 수 있는 우리의 궁궐 이야기와 궁중문화축전을 모두 모았습니다. 축전 프로그램 탐구부터 축전을 만드는 사람들의 다양한 이야기와 궁궐 속 에피소드를 일년 내내 만나보는 즐거운 상상! 궁중문화축전 속 숨겨진 이야기가 궁금하시다면, 지금 유튜브에서 궁중문화축전, <궁궐TV>를 검색하세요! ★업로드 영상★",https://www.kh.or.kr/jnrepo/upload/jnPrgFestivalProgram/202104/c7e4ab6dd23f44d6a4cffd3169c44fd6_1619274244138.png
8,7회,온라인(기타),205,아티스트가 사랑한 궁,온라인,00:00 ~ 24:00,https://www.kh.or.kr/jnrepo/upload/jnPrgFestivalProgram/202110/41d1bd809ae640ddb8c2513e83a33584_1633243137949.png,아티스트가 사랑한 궁,https://www.kh.or.kr/program/view/menu/1292?viewType=ach&idx=205&searchRound=8&searchStTime=&searchEnTime=&searchField=homeAll&searchText=,온라인(기타),아티스트가 사랑한 궁,온라인,종료,온라인,현장참여,2021-10-16~2021-12-31,00:00~24:00,궁중문화축전 유튜브,,,"아티스트가 사랑한 궁 궁중문화축전 유튜브 2021.05.01.(토)~12.31.(금) 우리가 사랑하는 아티스트, 우리가 사랑한 궁 오랜 시간 다양한 생을 살아온 궁궐. 이 아름다운 궁궐을 예술로 재생시키고자 합니다. 오늘날 최고의 아티스트와 만날 우리의 궁궐은 만물이 소생하는 봄부터 숭고한 겨울에 이르기까지 사계가 담긴 모습으로 일년 동안 찾아갑니다. 영상을 재생하는 순간이 여러분을 재생하게하는 작은 치유이자 휴식이 되길 바랍니다. 집과 거리에서는 궁에 있는 듯한 느낌으로, 영상 속 바로 그 장소에서는 더욱 생생한 감동으로 전해옵니다. 2021년 <아티스트가 사랑하는 궁>에서는 아름다운 우리의 궁, 경복궁, 창덕궁, 덕수궁, 창경궁, 사직단에 9팀의 아티스트가 함께해 총 17편의 영상을 만들어냅니다. 각 아티스트는 궁궐 속 주요 건물과 자연이 주는 독특한 분위기에 역사적 의미를 담고, 자신의 삶과 예술이야기를 녹여 영상미를 극대화합니다. 전통예술, 재즈, 국악, 대중가요 등 궁의 여백을 진하게 채우는 예인의 소리와 몸짓을 궁중문화축전 유튜브로 만나보세요. *아티스트는 순차적으로 공개되며 세부일정은 상황에 따라 변경될 수 있습니다. ★<아티스트가 사랑한 궁> 공개예정일★ 다섯 번째, 싱어송라이터 이장희 여섯 번째, 명인 이준아 일곱 번째, 10월 21일(목)~24일(일) 상상트리오(강은일, 류경화, 허윤정) 여덟 번째, 10월 29일(금) 20:00 공개 아홉 번째, 10월 30일(토) 20:00 공개 2021년 아티스트가 사랑한 궁 첫 번째, 명인 | 김덕수 두 번째, 테너 | 존노 세 번째, 바이올리니스트 | 신지아 네 번째, 명인 | 조흥동 2020년 아티스트가 사랑한 궁 다시보기 소리 | 안숙선 - 사철가 재즈 | 나윤선 - 아리랑 피아노 | 임동혁 - 쇼팽, 즉흥환상곡 무용 | 박재희 - 태평무 피리 | 정재국 - '영산회상' 중 '상영산'",https://www.kh.or.kr/jnrepo/upload/jnPrgFestivalProgram/202110/41d1bd809ae640ddb8c2513e83a33584_1633243137949.png
7,6회,경복궁,191,경복궁 생과방,체험,10:00 ~ 17:00,https://www.kh.or.kr/jnrepo/program/1ovo020201018114956693.png,,https://www.kh.or.kr/program/view/menu/1292?viewType=ach&idx=191&searchRound=7&searchStTime=&searchEnTime=&searchField=homeAll&searchText=,경복궁,경복궁 생과방,체험,종료,체험,현장참여,2020-10-10~2020-11-16,10:00~17:00,소주방,,,"경복궁 , 차 한 잔의 여유 여기 경복궁에도 여유롭게 휴식을 즐기고 다과를 맛볼 수 있는 곳이 있습니다 . 궁중의 육처소 ( 六處所 ) 가운데 하나로 국왕과 왕비의 후식과 별식을 준비하던 곳 , ' 생과방 ' 입니다 . ' 경복궁 생과방 ' 은 조선왕조실록 내용을 토대로 실제 임금이 먹었던 궁중병과와 약차를 오늘날도 즐길 수 있도록 구성한 유료 체험 프로그램입니다 .​ 생과방 바로가기",https://www.kh.or.kr/jnrepo/program/1ovo020201018114956693.png
7,6회,경복궁,188,천상풍류,공연,19:30 ~ 21:00,https://www.kh.or.kr/jnrepo/program/3vsl420201018130834051.png,,https://www.kh.or.kr/program/view/menu/1292?viewType=ach&idx=188&searchRound=7&searchStTime=&searchEnTime=&searchField=homeAll&searchText=,경복궁,천상풍류,공연,종료,공연,현장참여,2020-10-18~2020-10-18,19:30~21:00,경회루,,,"천상풍류 , 별에서 온 그들의 이야기 밤하늘에 뜬 별을 보면 어떤 생각이 드시나요 ? 별은 동서고금을 막론하고 신비로운 존재로 , 별 하나하나에는 수많은 인간의 꿈과 이야기가 담겨 있습니다 . 별과 별자리는 옛 사람들에게 농경생활에 필요한 역법을 제공했고 , 나아갈 길을 알려주었습니다 . 별을 통해 하늘의 질서를 관찰하기 시작한 것은 무려 1500 년 전 고구려인들의 흔적으로 거슬러 올라갑니다 . 무덤의 나라라 일컫어질 정도로 많은 고분을 축조한 고구려인들은 , 천문과 이상향에 대한 꿈이 결합된 하나의 소우주를 ‘ 고분벽화’에 담아냈습니다 . 유네스코 (UNESCO) 문화유산으로도 등재된 고구려 고분벽화는 천상의 풍류를 꿈꾸는 선인들과 상서로운 짐승들이 해와 달과 별들 사이를 날아다니며 노니는 신화의 하늘을 그렸습니다 . 또한 동서남북의 사방위에 심방육성 , 삼벌육성 , 남두육성 , 북두칠성을 배치하고 , 청룡 , 백호 , 주작 , 현무의 사신도를 묘사하였습니다 . 이번 < 천상풍류 > 는 1500 년 전 고구려 하늘의 하늘세계를 재해석한 화려한 영상을 배경으로 한국의집 상설프로그램인 진도북춤 , 학춤 , 부채춤 , 강강술래 등을 녹여낸 작품으로 아름다운 별 이야기와 함께 임을 향한 여인의 마음이 어우러진 한국적 판타지를 선보입니다 . 오프라인 공연 ​ 1 회 | 19:30 ~ 20:00(30 분 ) / 2 회 | 20:30 ~ 21:00(30 분 ) 티켓 수령 및 ​입장안내 ​ ​ ▶ 관람대상 | 경복궁 야간 관람권 구매자 혹은 입장 가능자 ▶ 관람인원 | 회차별 100 명(선착순) ▶ 티켓수령 - 수령시간 | 2020. 10. 18.( 일 ) 19:00 ~ 19:30 - 수령장소 | 경복궁 흥례문 ( 궁중문화축전 조형물 앞 ) *경복궁 야간관람 네이버 예약자는 10 월 18일자 경복궁 야간관람 네이버 예약확인 페이지로 확인 가능 *예약 인원 모두 함께와야 팔찌티켓 착용 가능 유의사항 ※ ​ ​10월 18일자 경복궁 야간입장 가능자 에 한해 공연을 관람하실 수 있습니다 . ※ ​ ​ 회차별 1 인 1 매 선착순으로 현장 배포합니다 .",https://www.kh.or.kr/jnrepo/program/3vsl420201018130834051.png
7,6회,경복궁,187,"고궁사진전 ‘궁을 걷다, 멋을 입다’",전시,09:00 ~ 21:00,https://www.kh.or.kr/jnrepo/program/ckgn620201013144642501.png,,https://www.kh.or.kr/program/view/menu/1292?viewType=ach&idx=187&searchRound=7&searchStTime=&searchEnTime=&searchField=homeAll&searchText=,경복궁,"고궁사진전 ‘궁을 걷다, 멋을 입다’",전시,종료,전시,현장참여,2020-10-10~2020-10-18,09:00~21:00,근정전 회랑,,,"​ ​ 고궁의 추억 , 사진 속에 남기다 온라인전시 보러가기 한동안 경복궁은 찾아오던 관람객들로 북적 했었습니다. 왕과 왕비의 복식이나 갓을 쓴 선비의 모습, 남녀의 한복을 바꿔입어 보기도 하고 반짝반짝 금실로 가득 수놓아진 한복까지. 각자 자신에게 어울리는 모습으로 혹은 되고싶거나 따라하고픈 모습으로 차려입고 궁을 찾기도 했었습니다. ​ 2020년 지금, 발걸음이 줄어든 우리의 궁궐은 잠시 쉬어갔지만 일상 속에 설렘으로 가득했던 궁을 기억합니다. 그 설렘을 담아 진행되었던 고궁사진 공모전 ‘궁을 걷다 , 멋을 입다’가 지난 9월 진행되었습니다. 그리고 공모전에서 수상한 작품들이 근정전 회랑에 걸립니다 . 렌즈 속에 고스란히 담긴 5 대궁과 종묘의 사계절 . 2020 년 지금 , 경복궁 근정전이 지켜보는 한가운데 추억 속 그 사진을 전시합니다 . 수상작들은 웹페이지로도 만나 보실 수 있습니다 . 전시 보러가기 경복궁 근정전 회랑 10.10.( 토 )~10.18.( 일 ) 09:00~21:00 (19:00 이후 경복궁 야간 특별관람권 구매자 관람 가능 ) ​ *경복궁 운영시간에 따라 전시 관람 시간이 변경될 수 있습니다 .",https://www.kh.or.kr/jnrepo/program/ckgn620201013144642501.png
7,6회,경복궁,179,궁궐캐릭터공모전 전시,전시,09:00 ~ 21:00,https://www.kh.or.kr/jnrepo/program/0bqk220201016081904252.png,,https://www.kh.or.kr/program/view/menu/1292?viewType=ach&idx=179&searchRound=7&searchStTime=&searchEnTime=&searchField=homeAll&searchText=,경복궁,궁궐캐릭터공모전 전시,전시,종료,전시,현장참여,2020-10-10~2020-10-18,09:00~21:00,근정전 회랑,,,"5대궁, 캐릭터에 빠지다 온라인 전시 보러가기 궁궐을 사랑하는 여러분, 5대궁이 어디인지 아시나요? 바로 경복궁, 창덕궁, 덕수궁, 창경궁 그리고 경희궁입니다. 여기 궁궐과 왕릉은 조선과 대한제국의 역사와 전통이 담겨있는 우리의 자랑스러운 문화유산입니다. 대한민국을 대표하는 문화유산, 5대궁을 더 가깝고 친근하게 만날 수 있도록 2020년 궁궐캐릭터공모전을 진행했습니다. 무려 565건의 응모작 중 많은 분들이 투표해주신 7건의 작품이 궁중문화축전 기간동안 전시됩니다. 각각의 캐릭터들이 가진 숨은 이야기를 만나러 오세요. 이 캐릭터들은 앞으로 궁을 대표하는 얼굴로 우리를 환하게 맞이하고 궁궐을 수호할 것입니다.",https://www.kh.or.kr/jnrepo/program/0bqk220201016081904252.png
7,6회,창덕궁,184,창덕궁 달빛기행,체험,19:00 ~ 20:00,https://www.kh.or.kr/jnrepo/program/rug0020201008111354211.jpg,,https://www.kh.or.kr/program/view/menu/1292?viewType=ach&idx=184&searchRound=7&searchStTime=&searchEnTime=&searchField=homeAll&searchText=,창덕궁,창덕궁 달빛기행,체험,종료,체험,사전예약,2020-10-10~2020-10-25,19:00~20:00,일대,,"행사 | 02-3210-3503, 티켓 | 1566-1369","★사전예매 오픈 일정 | 10.8.(목) 오후 2시, 30,000원(유료) 옥션티켓 자세한 사항은 링크로 확인해주세요. > http://ticket1.auction.co.kr/vip/item?Idperf=38317 ​ 창덕궁 달빛기행, 두 번의 달을 보다 자연에 순응하며 살았던 옛 사람들의 멋과 지혜를 만날 수 있는 창덕궁과 후원 . 달이 빛나는 밤에는 또 얼마나 아름다울까요 ? 2011 년 처음 시행된 창덕궁 달빛기행은 조선시대의 역사를 간직한 창덕궁을 환한 달빛 아래 고즈넉하게 즐길 수 있는 궁궐 프로그램입니다 . 우리나라 궁궐 중 유일하게 유네스코 세계유산으로 인정받은 그 공간적 가치와 역사적 이야기들을 전문 해설사와 함께 듣고 느낄 수 있습니다 . 왕실 사람들만이 거닐 수 있었던 길을 산책하며 전통예술공연도 만날 수 있는 < 창덕궁 달빛기행 > 에 여러분을 초대합니다 . 일시 : 10월 10일 ~ 10월 25일 중 매주 목,금,토,일 / 19:00, 19:20, 19:40, 20:00 (소요시간 100분) 장소 : 창덕궁 일원 자세한 사항은 한국문화재재단 누리집을 참고하세요! > https:// www.chf.or.kr/c1/sub5.jsp ​ 관람코스 돈화문 - 금천교 - 인정전 - 낙선재 - 상량정 - 부용지 - 불로문 - 존덕정 일원 - 연경당",https://www.kh.or.kr/jnrepo/program/rug0020201008111354211.jpg
7,6회,창덕궁,180,"궁궐 속 치유, 창덕궁 약방",온라인,12:00 ~ 17:00,https://www.kh.or.kr/jnrepo/upload_img/20201028467_editor_image.png,"궁궐 속 치유, 창덕궁 약방",https://www.kh.or.kr/program/view/menu/1292?viewType=ach&idx=180&searchRound=7&searchStTime=&searchEnTime=&searchField=homeAll&searchText=,창덕궁,"궁궐 속 치유, 창덕궁 약방",온라인,종료,온라인,현장참여,2020-10-10~2020-10-17,12:00~17:00,"궐내각사 약방, 궁중문화축전 유튜브",프로그램별 상이,,"※ 약방의 현장진행 프로그램은 모두 선착순으로 가능합니다. ​ ​ ※ 영상은 축전 이후에도 유튜브에서 관람이 가능합니다. ​ 조선시대 약방에서 들려주는 슬기로운 한방생활 창덕궁 후원에는 조선시대 왕실에서 쓰이는 약을 조제하던 관청, ‘약방’이 있습니다. 여기 궁궐 의료기관인 약방의 역사와 한의학에서 바라보는 다양한 건강 이야기를 창덕궁 궐내각사 내 내의원(약방)에서 직접 체험하고 만나볼 수 있습니다. 또한, 바로 '그' 분들이 약방을 찾아오셨다고 하는데요? 궁중문화축전 유튜브에서 지금 만나보세요! ■온라인 약방이 문을 열었습니다! ​ 궁중문화축전 유튜브 / 10/11( 일 )~11/8(일) 매주 일요일 건강과 한방에 대한 지식들을 궁중문화축전 유튜브 채널을 통해 만나볼 수 있습니다. 왕실의 전통의학과 사상의학을 연구하는 한의사로, 한국한의산업협동조합 이사장을 맡고 있는 ‘최주리’ 창덕궁한의원 원장님과 다양한 매체에서 활동하는 배우, 가수, 방송인들이 창덕궁 약방에 모였습니다. 하나, 화제의 작품에서 강렬한 연기를 선보인 배우 데이비드 맥기니스(David L McInnis)의 ‘창덕궁 약방과 허준 그리고 동의보감’ 에서는 약방의 역사와 허준의 동의보감에 대해 살펴봅니다. 둘, <대장금>, <이산> 등 인기 사극 스타 박은혜와 알아보는 ‘포스트 코로나시대의 면역력 키우기’ 에서는 조선시대 역병과 이를 퇴치하기 위한 의서들을 살펴보며, 병의 치료와 치유의 역할에 대한 이야기를 들려드립니다. ​ 셋, 아이돌 1세대 가수이자 방송인 제아의 ‘조선왕실의 건강관리’ 에서는 사상체질과 침구술의 유래에 대해 알아봅니다. 넷, 친근한 인상으로 다양한 캐릭터를 소화하는 배우 고규필이 소개하는 ‘식치(음식으로 병을 다스리는 조선시대 왕들의 치유법)’ 를 통해 음식을 통한 현대인의 건강관리에 대한 유용한 정보를 알려드립니다. ​ ​ 다섯, 인기 아이돌의 안무가로 알려진 배윤정과 함께하는 ‘동의보감으로 알아보는 궁궐 여인들의 건강관리’ 에서는 왕실의 태교와 출산, 산후조리부터 한의학에서 바라보는 ‘이너 뷰티(Inner Beauty)’에 대해 소개합니다. ​ 건강에 대한 관심과 중요도가 높아지는 요즘, 우리 선조들의 지혜가 담긴 다양한 한의학 정보와 한방체험을 소개하는 영상을 통해 우리의 일상에 보탬이 되었으면 좋겠습니다. 궁중문화축전과 함께 우리 모두 슬기롭게 코로나19를 이겨내보아요! ■창덕궁 약방 한방 향첩 & 한방차 티백 만들기 ​ ​ - 체험종료 ​ 창덕궁 궐내각사 내의원 - 약방 대청마루 | ​10 / 10 (토) ~ 10 / 17(토) | 12 :00 ~ 17 :00(상시) | 100명 내외 ( ※선착순) ​ - 한 방향첩 만들기 향이 진한 5~7 종류의 한약재를 한방약첩으로 만들어 봅니다 . 일상에서 탈취제로 사용할 수 있고 향첩의 재료인 한약재가 가지고 있는 효과 및 효능에 대해 간단한 설명도 들을 수 있습니다 . - 한 방차 티백 만들기 자신에게 맞는 한방음료를 찾아봅니다 . 더위를 이기는 ‘ 생맥차 ’ , 몸을 따뜻하게 하는 ‘ 쌍화차 ’ 여성들을 위한 ‘ 사물차 ’ 등 티백으로 만들고 맛을 보며 나만을 위한 시간을 갖습니다. ■한의학 무엇이든 물어보세요! ​ ​ - 체험종료 ​ ​ 창덕궁 궐내각사 내의원 - ​약방 대청마루 / 진행: 최주리 한의사 / 각 15명 ( ※선착순) ​ 내용/일시: 사상체질과 일상건강 ​ | 10/11( 일 ) : 14:00~15:00 내 몸에 맞는 음식 , 식치 ​ | 10/14( 수 ) : 13:00~14:00 환절기 건강관리 ​ | 10/17( 토 ) : 14:00~15:00 최주리 한의사와 함께 체질과 건강, 한방에 대한 궁금증을 풀어보세요! 건강한 장소에서 건강을 위한 이야기를 들어보며, 온전히 나를 위한 시간을 만나보는 한의학, 무엇이든 물어보세요! *모든 체험은 코로나19 지침에 맞춰 안전하게 진행합니다.",https://www.kh.or.kr/jnrepo/upload_img/20201028467_editor_image.png
7,6회,덕수궁,181,"혼례, 힙하고 합하다",전시,09:00 ~ 17:30,https://www.kh.or.kr/jnrepo/program/efvd520200924085344811.png,,https://www.kh.or.kr/program/view/menu/1292?viewType=ach&idx=181&searchRound=7&searchStTime=&searchEnTime=&searchField=homeAll&searchText=,덕수궁,"혼례, 힙하고 합하다",전시,종료,전시,현장참여,2020-10-10~2020-11-29,09:00~17:30,"덕홍전, 궁중문화축전 유튜브",,,"※영상은 축전 이후에도 유튜브에서 관람이 가능합니다. ​ 20세기 혼례복의 힙(Hip)하고 합(合)한 변천사 ​ 덕홍전은 고종황제가 고위 관료와 외국 사신들을 접견하던 곳으로, 원래 명성황후의 빈전인 경효전이 있던 자리에 1911년에 다시 세워져 덕수궁 내에서 가장 나중에 지은 목조 건물입니다. 그런 까닭에 덕홍전에서는 근대화의 흔적을 쉽게 찾아볼 수 있는데요. 외관은 전통양식으로 지어졌지만, 내부는 서양식 미닫이문과 샹들리에, 커튼 등을 달고 봉황과 금빛 오얏꽃 문양으로 화려하게 장식하였습니다. 이렇듯 동서양의 양식이 혼재되어있는 이색적인 공간에서 만나볼 전시 <혼례, 힙하고 합하다>에서는, 근대에 들어서면서 서구문화와 종교의 유입으로 변화한 혼례문화에 대해 알아봅니다. 이번 전시는 신랑 신부를 중심으로 혼례복의 변천사를 살펴봅니다. 개량된 한복부터 한복과 양장을 혼용하기 시작해 오늘날에 이르기까지, 그때의 그들은 나름의 방식과 개성으로 힙(hip)하게 소화하며 동서양의 절묘한 합(合)을 보여주었습니다. 또한 우리나라 최초로 서양 웨딩드레스를 입은 대한제국의 마지막 황태자비 이방자 여사의 모습도 만나볼 수 있습니다. 함께 상영되는 두 편의 영상에서는 시대를 대표한 신여성들의 결혼식에 등장한 화관, 베일, 부케, 화동들의 초기 모습부터 결혼을 위한 공간의 변천사까지 더욱 생생하게 전해드립니다. *덕수궁 상황에 따라 관람시간 단축 및 조정이 있을 수 있습니다.",https://www.kh.or.kr/jnrepo/program/efvd520200924085344811.png
7,6회,창경궁,176,"창경궁, 빛이 그리는 시간",전시,19:00 ~ 21:00,https://www.kh.or.kr/jnrepo/program/0bqk220201016080433732.png,,https://www.kh.or.kr/program/view/menu/1292?viewType=ach&idx=176&searchRound=7&searchStTime=&searchEnTime=&searchField=homeAll&searchText=,창경궁,"창경궁, 빛이 그리는 시간",전시,종료,전시,사전예약,2020-10-10~2020-10-25,19:00~21:00,춘당지방향 숲길,,02-3210-4682,"* 전시가 종료되었습니다. 창경궁의 밤, 시간이 흐르는 빛을 따라 걷다. 창경궁 후원에는 조선시대 문과, 무과 시험을 참관하는 넒은 마당인 ‘춘당대’와, 여기서 흘러 내려온 물이 모여 작은 연못이 된 ‘춘당지’가 있습니다. 1909년 일본에 의해 하나의 연못으로 만들어진 후, 1986년 우리 전통 양식에 맞는 한국식 정원으로 재조성 되었습니다. 오늘날에는 우리나라 사계절의 정취를 모두 담아내는 궁궐 명소로 많은 이들의 사랑을 받고 있습니다. 이곳 창경궁 춘당지로 이어지는 숲길을 따라 펼쳐지는 <창경궁, 빛이 그리는 시간>은 화려한 조명과 미디어아트을 결합한 체험형 전시입니다. 홀로그램 프로젝션 맵핑과 빛을 표현하는 다양한 오브제가 만나 밤의 궁궐이 신비의 공간으로 되살아납니다. 어둠이 내려앉은 고요한 창경궁의 밤을 밝히는 빛의 물결을 따라가 보세요. 조선의 사람들이 꿈꾸는 상상과 환상이 담긴 ‘십장생도’의 세계가 펼쳐집니다. 신비로운 존재들로 가득 차 있는 밤의 궁궐을 거닐며 색다른 경험을 느끼실 수 있습니다. 빛을 따라 시간의 경계를 넘어 느껴지는 몽환적인 분위기 속에 특별한 사람의 목소리가 나레이션으로 들려옵니다. <창경궁, 빛이 그리는 시간>은 워킹 스루(Walking Through) 방식의 전시를 통해 고요한 밤의 숲이 주는 여유와 휴식을 느끼실 수 있습니다. 지친 일상을 떠나 자연의 향기를 맡으며 천천히 주위를 둘러보세요. 신비로운 존재들이 모여있는 환상의 숲이 들려주는 특별한 이야기가 들려옵니다. 궁궐 속 자연과 어우러진 아름다운 창경궁의 밤을 산책하며 역사가 살아나는 순간을 느껴보세요! 입장안내 ​ ​ ◆전시입장: 창경궁 정문인 홍화문 입장 > 우회전 후 6-70미터 지나 갈림길에서 좌회전 > 전시장 입구 안내소 ◆ ​시간: 19:00 ~ 20:40 (마지막 회차 입장시간 20:20) ※ 창경궁 입장은 오후 8 시(20:00)까지 가능합니다 . 전시입장 시간 상관없이 오후 8 시 전에 창경궁 입장 부탁 드립니다 . ​ ◆ ​ 회차: 총 5회차(1, 3, 5회차 50명 선착순 사전 예약 / 2, 4회차 25명 사전예약, 25명 선착순 현장 접수) * 2, 4회차는 현장 접수 병행 운영합니다. * 입장시간에 도착하지 않을 경우 다음 회차 공석 발생 시 입장 가능합니다. ​ * 궁궐의 밤은 춥습니다. 따뜻하게 입고오셔서 관람하시길 권장드립니다. 2, 4회차 현장 접수 안내 ◆매 2, 4회차는 25명까지 현장 접수 후 참여 가능 ◆ 접수: 창경궁 입장 후 '창경궁, 빛이 그리는 시간' 전시장 입구에 위치한 안내데스크에서 접수 ​ ​ ◆시간 : 2, 4회차 모두 저녁 6:30부터 접수 시작 ​ ​ 관람 유의사항 ​ ​ ​ ※ 창경궁 입장은 오후 8 시(20:00)에 마감합니다. 전시입장 시간 상관없이 오후 8 시 전에 창경궁 입장 부탁 드립니다 . ​ ​ ※ 관람 시 관람객 안전과 사회적 거리두기를 위해 안내원 지시에 따라 순차적으로 입장해주시길 바랍니다. ​ 시간의 문 빛을 따라 떠나는 이곳. 현실과는 다른 상상과 환상의 세계로 새로운 여정이 시작됩니다. 숲의 이야기 조선 사람들의 상상과 환상이 담긴 십장생도의 세계가 펼쳐집니다. 신비로운 존재들의 이야기에 귀를 기울여 봅니다. 속삭이는 숲, 속삭이는 빛 귀를 기울여보면 들려오는 숲의 이야기. 무언가 말을 하는 듯 속삭입니다. 반딧불이처럼 작은 빛들이 여기저기 쏟아져 내립니다. 빛의 길, 빛무리 물결처럼 찰랑이는 빛의 길을 따라 걷다보면 빛무리를 맞이하게 됩니다. 한발한발 내딛는 걸음마다 빛이 차오릅니다. 빛의 연못 이윽고 나타난 춘당지. 숲과 연못으로 이루어진 이곳에 빛의 폭포가 떨어집니다. 빛의 근원이자 시간의 심연으로 마치 살아숨쉬는 듯한 빛의 움직임을 만나실 수 있습니다.",https://www.kh.or.kr/jnrepo/program/0bqk220201016080433732.png
7,6회,온라인(기타),196,고궁무악전 | 위대한 시간과 마주하다,온라인,14:00 ~ 15:30,https://www.kh.or.kr/jnrepo/program/bdu7420201104175015886.jpg,,https://www.kh.or.kr/program/view/menu/1292?viewType=ach&idx=196&searchRound=7&searchStTime=&searchEnTime=&searchField=homeAll&searchText=,온라인(기타),고궁무악전 | 위대한 시간과 마주하다,온라인,종료,온라인,현장참여,2020-11-05~2020-11-08,14:00~15:30,"궁중문화축전 유튜브, 덕수궁 중화전",,,"고궁무악전 - 위대한 시간과 마주하다 ​ ​ 궁중문화축전 및 한국문화재재단 유튜브 ​ 11.5.( 목 )~11.8.( 일 ) 14:00 ​ 한국 최고의 명인들이 덕수궁 중화전에 모였습니다. 손짓 하나, 발짓 하나에도 수많은 땀과 노력의 흔적 그리고 세월이 깃들어 있는 명인, 예인들의 예술이 덕수궁을 수놓을 예정입니다 ​. 우리시대 명인이 평생을 닦아온 예술을 궁중문화축전 유튜브 생중계로 만나보세요!",https://www.kh.or.kr/jnrepo/program/bdu7420201104175015886.jpg
7,6회,온라인(기타),195,[더 히스토리 오브 후] 왕후의 초대-오늘의 궁을 만나다,온라인,00:00 ~ 00:00,https://www.kh.or.kr/jnrepo/program/m31o420201103212712767.png,,https://www.kh.or.kr/program/view/menu/1292?viewType=ach&idx=195&searchRound=7&searchStTime=&searchEnTime=&searchField=homeAll&searchText=,온라인(기타),왕후의 초대-오늘의 궁을 만나다,온라인,종료,온라인,현장참여,2020-11-04~2020-11-08,00:00~00:00,궁중문화축전 유튜브,,,"[ 더 히스토리 오브 후 ] 왕후의 초대 - 오늘의 궁을 만나다 LG 생활건강 ' 더 히스토리 오브 후 ' 는 아름다운 문화유산인 궁과 왕후의 고귀한 아름다움을 알리기 위해 2015 년 문화재청과 문화재지킴이 협약을 맺고 궁궐의 보존 관리와 궁중 문화 향유 기회 확대를 위한 후원 사업을 해오고 있습니다 . [ 왕후의 초대 - 오늘의 궁을 만나다 ] 에서는 경복궁 교태전 , 창덕궁 대조전 등 대표적인 왕후의 전각과 함께 궁중 연향의 주인공인 왕과 왕후의 복식 , 연향에 쓰였던 악기와 물품 등 화려한 예술들을 선보입니다 . 또한 대표적인 궁중 예술인 화각 , 금박 , 매듭 , 나전 , 입사 공예를 후로부터 영감을 받아 만든 무형문화재 작품들로 만나보실 수 있습니다 . 왕후가 누렸던 궁의 아름다움과 궁중 예술을 감상하며 , 왕후의 시선으로 즐겨 주시기 바랍니다 . 화각 | 왕실에서 왕후만이 누릴 수 있었던 귀한 궁중 공예 ​ 금박 | 왕후의 권위와 아름다움의 상징 ​ 매듭 | 왕후가 사랑한 예술 나전 | 궁에서만 누릴 수 있었던 빛의 예술 공예 입사 | 가느다란 금 · 은실을 한 올 한 올 수놓은 궁중예술",https://www.kh.or.kr/jnrepo/program/m31o420201103212712767.png
7,6회,온라인(기타),194,2020 대한제국 외국공사 접견례,온라인,00:00 ~ 00:00,https://www.kh.or.kr/jnrepo/program/id8d020201102135418408.png,,https://www.kh.or.kr/program/view/menu/1292?viewType=ach&idx=194&searchRound=7&searchStTime=&searchEnTime=&searchField=homeAll&searchText=,온라인(기타),2020 대한제국 외국공사 접견례,온라인,종료,온라인,현장참여,2020-11-02~2020-11-04,00:00~00:00,궁중문화축전 유튜브,,,"*영상은 축전 이후에도 유튜브에서 관람이 가능합니다. ​ 2020 대한제국 외국공사 접견례 - 자주외교를 꿈꾸다 ​ 영상 궁중문화축전 유튜브 11.2.( 월 )~11.4.( 수 ) ​ 국제사회에서 국가간에 맺는 모든 관계를 뜻하는 외교는 현재 국가 운영에서 빼놓을 수 없는 역할 중 하나가 되었습니다. 그럼 대한제국 시대 외교는 어땠을까요? 고종황제는 대한제국을 수립하고 서양 외교관들을 만나기 위해 의복과 예법 등을 대폭 정비한 후, 외국 공사들을 접견하고 연회를 베풀었습니다. 당시 접견례를 중심으로 대한제국의 역량과 고종의 고뇌를 그린 드라마를 영상으로 재연합니다. 덕수궁을 중심으로 펼쳐진 고종의 외교, 함께 그때 그 시절로 되돌아가봅시다! * 덕수궁에서 개최되는“대한제국 외국공사 접견례”는 1900년 대한제국 당시 외교 상황을 연극으로 재구성하여 생동감 있는 역사의 장면을 느낄 수 있는 행사입니다. 2020 대한제국 외국공사 접견례 - 본편 11/3(화) 2020 대한제국 외국공사 접견례 - 복식 11/4(수)",https://www.kh.or.kr/jnrepo/program/id8d020201102135418408.png
7,6회,온라인(기타),192,2020 묘현례,온라인,00:00 ~ 00:00,https://www.kh.or.kr/jnrepo/program/0id1420201027144607147.png,,https://www.kh.or.kr/program/view/menu/1292?viewType=ach&idx=192&searchRound=7&searchStTime=&searchEnTime=&searchField=homeAll&searchText=,온라인(기타),2020 묘현례,온라인,종료,온라인,현장참여,2020-10-29~2020-10-31,00:00~00:00,궁중문화축전 유튜브,,,"*영상은 축전 이후에도 유튜브에서 관람이 가능합니다. 2020 묘현례 - 조선의 세자빈 혼례를 고하다 영상 궁중문화축전 유튜브 10.29.(목 )~11.1.(일 ) ​ ​ ​묘현례는 세자빈이 가례를 마친 후, 조선왕조 역대 왕과 왕비의 신주가 모셔진 종묘를 알현하는 의례로, 종묘에서 행해지는 국가의례 중 왕실 여성이 참여했던 유일한 행사입니다. 올해 시민배우 모집을 통해 선발된 왕세자와 세자빈이 이번 '2020 묘현례' 의 주인공이 되었습니다. 요즘의 일상을 기록하는 방식인 V-log부터 스토리가 있는 드라마, 묘현례의 복식을 소개하는 정보 영상 그리고 즐거운 메이킹 영상까지. 이 뜻깊은 행사인 묘현례를 다양한 형식으로 준비하여, 새롭게 인사드립니다. ​",https://www.kh.or.kr/jnrepo/program/0id1420201027144607147.png
7,6회,온라인(기타),190,"헬로우, 황태자 - 황태자 이원-팟캐스트에서 만나다!",온라인,00:00 ~ 00:00,https://www.kh.or.kr/jnrepo/program/nvtd220201014114913272.jpg,,https://www.kh.or.kr/program/view/menu/1292?viewType=ach&idx=190&searchRound=7&searchStTime=&searchEnTime=&searchField=homeAll&searchText=,온라인(기타),"헬로우, 황태자 - 황태자 이원-팟캐스트에서 만나다!",온라인,종료,온라인,현장참여,2020-10-29~2020-11-08,00:00~00:00,궁중문화축전 유튜브,,,"MZ 세대와 소통 , 황태자 이원 - 팟캐스트에서 만나다 ! 대한민국의 황실이 아직 존재한다는 사실을 알고 계신가요 ? 나에게는 너무나 먼 이야기로만 느껴지는 대한황실 , 그리고 황태자 이야기 . ​ 엄격하고 근엄하고 진지하기만 할 것 같다고요 ? 그 래 서, 엄 .근. 진을 벗어 던지고 이원 황태자가 팟캐스트로 출동합니다 ! “무릇 황태자는 무엇인가요 ?” “무릇 월급은 얼마 받나요 ?” 역사 얘기에서 평소 궁금했던 이원 황태자의 숨겨진 사생활 (?) 까지 국내 최대 팟캐스트 팟빵의 인기 프로 ‘정영진 최욱의 매불쇼’에서 공개합니다 . 세상의 모든 이야기를 재미로 풀어내는 이 곳에서 과연 이원 황태자의 말빨 (?) 은 살아남을 수 있을지 ... 기대해주세요! 팟 캐스트에서 만나는 ‘ 헬로우, 황태자’ 궁중문화축전 유튜브에서 만나보실 수 있습니다.",https://www.kh.or.kr/jnrepo/program/nvtd220201014114913272.jpg
7,6회,온라인(기타),189,[공모전] 경회루를 지어보자궁! - 접수마감,체험,00:00 ~ 00:00,https://www.kh.or.kr/jnrepo/program/nvtd220201014113800850.png,,https://www.kh.or.kr/program/view/menu/1292?viewType=ach&idx=189&searchRound=7&searchStTime=&searchEnTime=&searchField=homeAll&searchText=,온라인(기타),경회루를 지어보자궁! - 접수마감,체험,종료,체험,현장참여,2020-10-12~2020-10-30,00:00~00:00,유튜브 등록 → 메일로 지원,,,"경회루를 지어보자궁 ! 공모기간 | 2020 년 10 월 12 일 ( 월 )~ 10 월 30 일 ( 금 ) 참가자격 | 초등부 - 초등학생 1 학년 ~6 학년 중 , 고등부 – 중학생 1 학년 ~ 고등학생 3 학년 건설방식 | 자유 ( 개인의 창의성을 충분히 발휘하여 다양한 방식으로 참여 가능 ) 공모방식 | 자신이 만든 경회루에 대한 1 분 이내의 영상 콘텐츠 제출 ( 영상 형식 자유 , 나레이션 - 자막 삽입 가능 ) 제출방식 | 개인 유튜브를 통해 미등록 상태로 업로드하여 랜선 어린이 궁중문화축전 메일로 링크 전달 > 랜선 어린이 궁중문화축전 : royalculture_kids@naver.com 진행일정 공모접수 10/12( 월 ) ~ 30( 금 ) > 심사 10/31( 토 )~11/3( 화 ) > 발표 11/4( 수 ) > 상품발송 11/5( 목 )~6( 금 ) 시상내용 발표방식 | 궁중문화축전 홈페이지 공지 수상혜택 | 초등부 , 중 · 고등부 각각 수상자 발표 - 대상 (1 명 ) 문화상품권 30 만원 - 최우수상 (5 명 ) 문화상품권 10 만원 - 장려상 (10 명 ) 궁중문화축전 카카오이모티콘 ‘ 궁이랑 왕이랑 ’",https://www.kh.or.kr/jnrepo/program/nvtd220201014113800850.png
7,6회,온라인(기타),186,"노래로 배우는, 역사야 노라조!",온라인,00:00 ~ 00:00,https://www.kh.or.kr/jnrepo/program/ckgn620201013124435127.png,,https://www.kh.or.kr/program/view/menu/1292?viewType=ach&idx=186&searchRound=7&searchStTime=&searchEnTime=&searchField=homeAll&searchText=,온라인(기타),"노래로 배우는, 역사야 노라조!",온라인,종료,온라인,현장참여,2020-10-20~2020-11-08,00:00~00:00,궁중문화축전 유튜브,,,"노래로 배우는, 역사야 노라조! ​ 대세 듀오 노라조가 궁중문화축전에 나타났습니다. 그들이 부르는 이번 노래는 우리에게 너무나도 익숙한 곡이라고 하는데요? ""아름다운 이 땅에 금수강산에~"" 한 번 들으면 잊을 수 없는 바로 그 노래, 박문영 작곡/작사의 '한국을 빛낸 100명의 위인들'입니다. 노라조와 함께 쉽고 재미있게 배우는 우리 역사! 태조, 세종, 영조, 정조의 이야기가 가득담긴 '조선을 빛낸 4대 왕'을 영상으로 만나보세요! 10/20(화) 궁중문화축전 유튜브 오픈!",
7,6회,온라인(기타),185,"헬로우, 황태자 - ？21세기 대한민국을 사는 황태자 이야기",온라인,00:00 ~ 00:00,https://www.kh.or.kr/jnrepo/program/oben020201012124651805.png,,https://www.kh.or.kr/program/view/menu/1292?viewType=ach&idx=185&searchRound=7&searchStTime=&searchEnTime=&searchField=homeAll&searchText=,온라인(기타),"헬로우, 황태자 - ？21세기 대한민국을 사는 황태자 이야기",온라인,종료,온라인,현장참여,2020-10-16~2020-11-08,00:00~00:00,궁중문화축전 유튜브,,,"​ 21 세기 대한민국을 사는 황태자 이야기 조선왕조와 대한제국에 이르는 스물다섯 명의 왕과 두 명의 황제 ... 역사 책에서나 봤음 직한 ‘왕실 이야기’가 대한민국을 사는 현재에도 이어지고 있다는 사실을 알고 계시나요 ? 역사의 산증인이자 왕실과 황실의 맥을 이어가고 있는 고종 황제의 증손자 이원 황태자 이야기가 지금 시작됩니다. ① 황태자 , 宮에서 길을 잃다 ! 종묘제례는 국내를 넘어 세계무형유산으로서 전 세계인의 관심을 받고 있습니다 . 대제의 주관자로서 종묘제례에서 만난 이원 황태자의 하루는 어떤 모습일까요 ? 또 민주공화국에서 황실을 잇는 적통자로서의 삶은 과연 어떨까요 ? 문화예술의 정수라 할 수 있는 궁중문화 , 그 원형을 복원하고 신한류 콘텐츠로서의 가능성을 위해 고군분투하는 황태자의 삶을 들여다 봅니다 . ② 낙선재 , 슬프지만 아름다운 조선 24 대왕 헌종이 경빈 김씨를 후궁으로 맞이하며 지은 낙선재는 황실의 거처로 슬픈 이야기를 담고 있습니다 . 그리고 이곳은 이원 황태자에게도 특별한 사연이 있는 곳이지요 . 평범한 방송국 피디에서 황실의 적통을 잇는 황사손으로 , 100 년의 시간을 거슬러 올라간 사연을 MC 오상진씨와 함께 들어봅니다 . ③ 못다 핀 오얏꽃 , 대한제국 13 년 간 이어진 대한제국 시절은 세계 열강들이 패권을 다투던 격랑의 시기였습니다 . 끝내 나라를 잃는 불운을 겪어야 했지만 다시 지금 , 대한제국 문화 원형을 복원해야 하는 이유는 무엇일까요 ? 문화재 환수 등 대한제국의 상징 , 오얏꽃을 활짝 피우기 위한 이원 황태자의 노력을 만나봅니다 . 21세기 대한민국을 사는 황태자 이야기, ‘ 헬로우 , 황태자’를 궁중문화축전 유튜브에서 만나보세요! ​",https://www.kh.or.kr/jnrepo/program/oben020201012124651805.png
7,6회,온라인(기타),183,궁중문화축전을 집으로 배달합니다!,체험,14:00 ~ 00:00,https://www.kh.or.kr/jnrepo/program/0bqk220201016080912865.png,,https://www.kh.or.kr/program/view/menu/1292?viewType=ach&idx=183&searchRound=7&searchStTime=&searchEnTime=&searchField=homeAll&searchText=,온라인(기타),궁중문화축전을 집으로 배달합니다!,체험,종료,체험,사전예약,2020-10-10~2020-11-08,14:00~00:00,> 집,,02-3210-4623,"[궁중문화축전을 집으로 배달합니다]에서 가장 많은 문의를 주셨던 '조선왕실등 만들기 키트'는 현재 한국문화재재단 KHmall에서 판매되고 있습니다. 상황에 따라 매진 및 재판매 될 수 있사오니 이 점 양해 부탁드립니다. ☞ KHmall 바로가기​ [궁중문화축전을 집으로 배달합니다]에 보내주신 뜨거운 성원과 관심에 힘입어 추가 오픈되었던 4차 키트 신청은 마감 ​ 되었습니다. 당첨자는 아래 '당첨자 확인'버튼에서 확인 가능합니다. 많은 성원에 감사드립니다. ■ 신청기간 ​ 1차(200명) | 10.9.(금) 14:00~10.12.(월) 18:00 / 발표 10.14.(수) 14:00 | ☞ ​ 당첨자 확인 2차(300명) | 10.16.(금) 14:00 ~10.19.(월) 18:00 ​ / 발표 10.21.(수) 14:00 ​ | ☞ ​ 당첨자 확인 3차(300명) | 10.23.(금) 14:00 ​~10.26.(월) 18:00 ​ / 발표 10.28.(수) 14:00 ​ | ☞ ​ 당첨자 확인 ​ 4 차 (400 명 ) | 10.26.( 월 ) 18:00 ​ ~11.2.( 월 ) 18:00 ​ / 발표 11.4.( 수 ) 14:00 ​ ​ | ☞ ​ 당첨자 확인 ​ ​ 궁중문화축전을 집으로 배달합니다 ! ​ ​ 똑똑똑, 축전이 배달왔습니다! 축전을 즐기고는 싶고, 궁에 가기는 어렵고! 그런 여러분을 위해 준비했습니다. 궁에 직접 오지 않고도 체험할 수 있는 가장 완벽한 체험키트입니다. 휴대폰으로 책을 비추면 뿅! 하고 왕이 나타나는 AR 키트 ‘왕은 어떤 집에서 살았을까?’와 어린이가 모두 좋아할 ‘방패만들기’ 그리고 조선 왕실 밤잔치 때 연회장을 밝히던 ‘조선왕실등’ 만들기, 아리따운 한지를 활용한 미니 소반함 만들기 등 집에서 즐길 수 있는 다양한 축전 키트가 배달됩니다. 축전에 오셨던 분들에게는 지난 추억을 떠올리게 하고 앞으로 방문해주실 분들에게는 기대와 상상을 선물합니다. <궁중문화축전을 집으로 배달합니다> 체험 키트는 유아와 어린 아이부터 성인까지 누구나 즐겁게 만들고 즐길 수 있는 다양하게 구성되어 있습니다. 온가족이 함께 즐겨도 좋고, 혼자 만들어도 즐거울 체험키트입니다. 그런데 여기 기쁘게 축전 키트를 체험하는 방법이 있습니다. 바로 주변 지인들과 키트를 나누며 여럿이 하나의 키트를 완성시키는 방법이지요! 나누면 더 재밌고 행복한 궁중문화축전, 코로나로 집콕하고 있는 주변 사람들과 키트를 나누고, 행복을 나누며 축전을 즐기는 시간이 되길 바랍니다. 궁에서 온 초대장과 함께 집에서 안전하게 만날 궁중문화축전, 쉿! 무슨 소리 안들리시나요? 똑똑똑, 궁중문화축전이 배달왔습니다- ‘궁중문화축전을 집으로 배달합니다’ 키트 구성 ① ‘왕은 어떤 집에서 살았을까?’ AR북 ② 만들기 키트 ‘수문장 방패 만들기’ ③ 고궁박물관 특별 키트 ‘조선왕실등’ - 조선왕실등(사각유리등) 만들기는 국립고궁박물관과 함께 기획했습니다. - 조선왕실등의 실제 모습을 갖춘 ' 사각유리등' 은 국립고궁박물관에서 실물을 만나볼 수 있습니다 . ④ 만들기 키트 ‘한지 미니 소반함 만들기’ ⑤ 보너스 키트!! - 문화유산 방문 캠페인 스탬프 북, 온열안대 - 문화유산 방문캠페인이 궁금하다면 ? 여기로! > https:// www.cha.go.kr/visit/ > 추가신청 마감되었습니다. ■ 신청방법 ​ 아래 키트 신청사이트에서 참여방법을 확인하고 간단한 미션 수행 을 하면 신청완료 ! ​ ontact-royalculturefestival.com - 체험키트는 무료 입니다. - 매주 회차 중복당첨은 불가합니다. - 선착순이 아닌 추첨으로 진행되는 점 유의해주세요. - 당첨자 결과발표는 신청 사이트 프로그램 당첨확인 게시판에 공지 및 개별연락 예정입니다.",https://www.kh.or.kr/jnrepo/program/0bqk220201016080912865.png
7,6회,온라인(기타),182,덕수궁 풍류 - 붉은 꽃,공연,19:00 ~ 20:30,https://www.kh.or.kr/jnrepo/program/8qlh620201003112516767.png,,https://www.kh.or.kr/program/view/menu/1292?viewType=ach&idx=182&searchRound=7&searchStTime=&searchEnTime=&searchField=homeAll&searchText=,온라인(기타),덕수궁 풍류 - 붉은 꽃,공연,종료,공연,현장참여,2020-10-03~2020-10-04,19:00~20:30,"한국문화의집(네이버TV), 문화유산채널(유튜브)",,,"덕수궁에서 펼쳐지는 크로스오버 음악 드라마 한국문화의집 네이버TV 바로가기 문화유산채널 유튜브 바로가기 백일동안 붉게 피어있는 꽃, 백일홍을 아십니까? 사랑하는 사람을 기다리는 처녀의 넋이 꽃으로 피어난 이야기가 담겨있는 우리의 설화입니다. 고대 그리스 신화에도 비슷한 이야기가 있습니다. 괴물을 무찌르러 떠난 아들을 기다리는 아버지가 안타까운 죽음을 선택하는 테세우스 신화입니다. 이처럼 우리나라의 백일홍 설화와 고대 그리스 테세우스 신화를 모티브로 하여 동서양의 음악을 중심으로 새롭게 각색한 크로스오버 무대가 덕수궁에서 펼쳐집니다. 사랑하는 이에 대한 간절한 마음을 담은 음악, 덕수궁을 가득 메우는 감동을 바리톤 양준모, 가곡·가사 하윤주, 소리의 정윤형이 들려줍니다. 동서양의 ‘다름’ 과 ‘같음’이 어우러지는 새로운 컬래버래이션 무대, 서로 다른 문화에서 피어난 음악들이 고궁의 역사가 깃든 공간에서 붉게 물드는 전율을 한국문화의집 네이버TV 와 문화유산채널 유튜브 에서 생중계로 만나보실 수 있습니다.",https://www.kh.or.kr/jnrepo/program/8qlh620201003112516767.png
7,6회,온라인(기타),178,어서와! 가자궁! - 크리에이터 라이브 방송,체험,00:00 ~ 00:00,https://www.kh.or.kr/jnrepo/program/ckgn620201013121014280.png,,https://www.kh.or.kr/program/view/menu/1292?viewType=ach&idx=178&searchRound=7&searchStTime=&searchEnTime=&searchField=homeAll&searchText=,온라인(기타),어서와! 가자궁! - 크리에이터 라이브 방송,체험,종료,체험,현장참여,2019-10-10~2019-10-10,00:00~00:00,크리에이터 채널,,,"크리에이터와 경복궁에서 만나요. 바로, 지금! 4명의 크리에이터와 함께 실시간으로 궁을 체험해 보세요. 이 시대의 유튜버와 과거 궁궐에서의 흥미로운 만남이 어떨지 상상만해도 기대되는 <어서와! 가자궁!>. 즉위식이나 다례가 이루어졌던 ‘근정전’, 왕실의 음식을 준비했던 ‘소주방’, 연희를 즐겼던 ‘경회루’까지! 마크 속 살아 숨 쉬는 경복궁을 크리에이터와 라이브 방송으로 탐험하며 마치 궁궐에 온 것 같은 신비한 느낌을 직접 경험해보세요. 생중계 일정 10/10(토) | 코아TV ​ 18:00 10/17(토) | 말이야와 친구들 19:00 10/24(토) | 겜브링 16:00 10/31(토) | 최케빈 21:30",https://www.kh.or.kr/jnrepo/program/ckgn620201013121014280.png
7,6회,온라인(기타),175,아티스트가 사랑한 궁,온라인,00:00 ~ 00:00,https://www.kh.or.kr/jnrepo/program/oben020201012144101870.jpg,아티스트가 사랑한 궁,https://www.kh.or.kr/program/view/menu/1292?viewType=ach&idx=175&searchRound=7&searchStTime=&searchEnTime=&searchField=homeAll&searchText=,온라인(기타),아티스트가 사랑한 궁,온라인,종료,온라인,현장참여,2020-10-10~2020-11-08,00:00~00:00,궁중문화축전 유튜브,,,"※ 영상은 축전 이후에도 유튜브에서 관람이 가능합니다. 우리가 사랑하는 아티스트, 우리가 사랑한 궁. 웅장한 문을 지나 궁의 전각에 다다르면 하늘로 뻗은 처마와 곧게 솟은 기둥에 눈길이 닿습니다. 이윽고 화려한 단청과 단아한 기와에 마음을 빼앗 깁니다. 이 아름다운 궁궐이 대한민국 최고의 아티스트가 선보이는 음악과 춤을 만나 새로운 의미로 다가옵니다. '아티스트가 사랑한 궁'에서는 아름다운 우리의 궁인 경복궁, 창덕궁, 덕수궁, 창경궁에 5명의 아티스트가 등장합니다. 각 아티스트는 궁궐 속 주요 건물과 자연이 주는 독특한 분위기에 역사적 의미를 담고, 자신의 삶과 예술이야기를 녹여 영상미를 극대화합니다. 궁중문화축전 온라인 프로그램에 맞춰 영상으로 제작되며 전통예술, 재즈, 국악 등 궁의 여백을 진하게 채우는 예인의 소리와 몸짓을 어디서든 만날 수 있습니다. 집과 거리에서는 궁에 있는 듯한 느낌으로, 영상 속 바로 그 장소에서는 더욱 생생한 감동으로 전해옵니다. 세계적 아티스트와 궁의 만남, 궁중문화축전 유튜브에서 어디서든 만나보세요. 소리 | 안숙선 - 사철가 재즈 | 나윤선 - 아리랑 피아노 | 임동혁 - 쇼팽, 즉흥환상곡 무용 | 박재희 - 태평무 피리 | 정재국 - '영산회상' 중 '상영산'",https://www.kh.or.kr/jnrepo/program/oben020201012144101870.jpg
7,6회,온라인(기타),173,"시간여행 그날, 정조 - 복사꽃, 생각하니 슬프다",온라인,00:00 ~ 00:00,https://www.kh.or.kr/jnrepo/program/c64o420200918093938786.jpg,"시간여행 그날, 정조",https://www.kh.or.kr/program/view/menu/1292?viewType=ach&idx=173&searchRound=7&searchStTime=&searchEnTime=&searchField=homeAll&searchText=,온라인(기타),"시간여행 그날, 정조 - 복사꽃, 생각하니 슬프다",온라인,종료,온라인,현장참여,2020-10-20~2020-10-23,00:00~00:00,궁중문화축전 유튜브,,,"※영상은 축전 이후에도 유튜브에서 관람이 가능합니다. 영조와 사도세자, 그리고 정조로 이어지는 슬픈이야기 문치주의를 갈망하던 ‘영조’와 비극적으로 생을 마감한 ‘사도세자’, 그리고 비극의 한가운데 선 ‘정조’와 이 3대의 모든 일을 함께 겪은 ‘혜경궁 홍씨’까지, 누구하나 마음편할 날 없던 이들의 이야기를 실제 역사 현장 속 뮤직드라마로 풀어냅니다. <시간여행 그날, 정조> ？는 정조의 탄생부터 혜경궁 홍씨의 회갑연으로 이어지는 이야기로 창경궁 복사꽃을 따라 시간여행을 하게된 어린 소녀의 시선으로 시작됩니다. 소녀의 걸음에 맞춰 담아낸 아름다운 궁, 그리고 이곳에서만 들을 수 있는 새로운 음악까지 어느하나 놓칠 수 없는 신선한 구성으로 준비했습니다. 지난해 가을, 대면 공연으로 진행됐던 ‘복사꽃, 생각하니 슬프다’를 재구성했습니다. 영조, 사도, 정조 그리고 혜경궁 홍씨의 입장에서 다각도로 이야기를 조명하며 우리가 생각하지 못했던 개개인의 감정을 극대화해 대면공연과는 또다른 섬세함으로 극을 이어갑니다. 특히 배우 송용태가 영조를 연기하고 최재림이 사도세자를, 전수미가 혜경궁 홍씨를, 임재현이 정조를 맡는 등 숙련된 배우들의 연기와 노래는 아름다운 창경궁에 잊지 못할 이야기를 새겨냅니다. 실제 역사 현장 속에서 펼쳐질 궁중의 슬픈 이야기, 안방 1열에서 극장 속 뮤지컬 공연을 보는 듯한 현장감으로 만나보시길 바랍니다. 1편 / Ep1 창 경궁에서 태어난 아기 해질녘 창경궁으로 시간여행을 떠나게 된 '나', 잡상들을 따라 조선시대 당도하자 경춘전에서 혜경궁 홍씨의 아들, 정조가 태어난다. 정조를 품에 꼭 껴안으며 자신의 아들만큼은 지키리라 맹세하는 혜경궁 홍씨의 맹세가 들려온다 2편 / Ep2 사도Ⅰ 사도의 만행을 수군대는 궁녀와 대신들의 소리를 뒤로 한 채 ‘나’는 문정전으로 향한다. 1762년 나경언은 사도를 고변하고, 영조는 결국 뒤주를 가져오라 명을 내린다. 영조는 사도가 들어간 뒤주에 못을 박는다. 3편/ Ep3 사도Ⅱ 사도는 뒤주 안에서 어릴 적을 회상한다. 어린 정조는 아버지가 무사하길 바라며 뒤주에 다가가나 혜경궁 홍씨가 이를 말린다. 결국 사도는 영조에게 아들 정조를 지켜달라는 부탁과 함께 마지막 숨을 뱉는다. 영조는 죽은 아들에게 ‘사도’라는 시호를 내리며, 생각하고 슬퍼한다. 4편/ Ep4 진찬연 그리고 복사꽃의 밤 왕이 된 정조는 불행하게 삶을 마감했던 아버지의 이름을 다시 세운다. 그리고 자신을 지켜주었던 어머니 혜경궁 홍씨의 성대한 회갑연을 연다. 그날, 정조는 어머니의 오랜 바람대로 혜경궁 홍씨에게 복사꽃을 바친다. 그날 밤, 달빛에 빛나는 복사꽃을 바라보는 혜경궁 홍씨. 이 곳 창경궁에서 그녀의 삶이 주마등처럼 스쳐 지나간다. 3대에 걸친 이 여정을 안내해 온 잡상들은 ‘나’를 현실로 돌려보내고 ‘나’는 복사꽃을 보며 생각한다.",https://www.kh.or.kr/jnrepo/program/c64o420200918093938786.jpg
7,6회,온라인(기타),172,"시간여행 그날, 효명",온라인,19:00 ~ 20:00,https://www.kh.or.kr/jnrepo/program/tmrl120200919172339540.png,,https://www.kh.or.kr/program/view/menu/1292?viewType=ach&idx=172&searchRound=7&searchStTime=&searchEnTime=&searchField=homeAll&searchText=,온라인(기타),"시간여행 그날, 효명",온라인,종료,온라인,현장참여,2020-10-13~2020-10-15,19:00~20:00,궁중문화축전 유튜브,,,"※영상은 축전 이후에도 유튜브에서 관람이 가능합니다. ​ ​ 효명, 창덕궁에 깃든 문예군주의 삶 창덕궁 후원에는 빼어난 자연경관과 함께 짧지만 강렬한 삶을 살며 예악(禮樂)정치를 펼치고자한 효명세자의 흔적이 남아 있습니다. 그 흔적을 살려 원형 그대로의 정재를 재현하는 한편, 현대적으로 재해석한 음악과 춤을 통해 문예군주의 삶을 보낸 효명세자의 여정을 비추고자 합니다. 대리청정기간 동안 크고 작은 잔치를 통해 국왕의 권위를 높이며 정치적 통합을 이루고자 했던 효명세자. 그 중 무자년(戊子年, 1828)에 어머니 순원왕후의 사순을 축하하기 위해 창덕궁 연경당에서 처음 공연된 ‘연경당 진작례’를 재현합니다. 17작품의 ‘연경당 진작례’ 중 5작품 ‘춘앵전’ ‘헌천화’ ‘가인전목단’ ‘무산향’ ‘향령무’까지 창덕궁과 그 자연을 배경으로 공연됩니다. 또한 사시사철 변하는 궁 안의 풍경을 공감각적 시로 표현한 효명세자의 ‘의두합10경’이 창작음악과 무용으로 재해석 됩니다. 단청도 없이 소박한 모습의 의두합. 이곳에서 꿈꿨을 효명세자의 예술적 삶과 세계를 영상과 공연으로 만나실 수 있습니다. 왕이기 전, 인간 효명을 만나는 시간. 그가 창덕궁 후원을 누비며 받은 영감을 여러분도 함께 느껴보시길 바랍니다. ▼ 아래 클릭하시면 함께 보면 더 좋을 영상 참고자료 PDF를 다운받으실 수 있습니다. <시간여행 그날, 효명> 참고자료 다운받기",
6,5회,경복궁,83,경복궁 고궁음악회 - 영추문 대동놀이,공연,16:00 ~ 16:40,https://www.kh.or.kr/jnrepo/program/bceb720190130221136003.jpg,,https://www.kh.or.kr/program/view/menu/1292?viewType=ach&idx=83&searchRound=6&searchStTime=&searchEnTime=&searchField=homeAll&searchText=,경복궁,경복궁 고궁음악회 - 영추문 대동놀이,공연,종료,공연,현장참여,2019-04-27~2019-05-05,16:00~16:40,"근정전, 수정전, 영추문",,,"영추문 개방을 계기로 길놀이 형식으로 구성한 음악회입니다. 영추문 (迎秋 門)은 경복궁의 서문으로, 주로 문무백관들이 출입하던 문입니다. 1926년 석 축이 무너지면서 철거되었는데, 1975년에 원래의 위치보다 남쪽에 다시 건립 하였고, 2018년 12월 일반 시민에게 개방되었습니다. 영추문에서 펼쳐지는 강강술래에는 관객이 자유롭게 참여할 수 있습니다. <경복궁 주간공연 - 영추문 대동놀이> □ 개요 1. 장소 : 경복궁 근정전 ~ 수정전 ~ 영추문 2. 기간(48회) - 1차(9회) : 2019. 4. 27. ~ 5. 5. ※ 궁중문화축전 연계 - 2차(15회) : 2019. 5.10. ~ 6. 9./ 매주 금, 토, 일 - 3차(24회) : 2019. 9. 6. ~ 10. 27./ 매주 금, 토, 일 3. 시간 : 16:00 ~ 16:40(40분) □ 행사내용 : 길놀이(풍물연희, 강강술래, 아리랑) 구분 장소 공연프로그램 시간(분) 1 근정전 행사시작(모객 등), 수정전 이동, 대취타 정악 15 2 이동 근정전 -> 수정전 5 3 수정전 풍물연희 15 4 영추문 강강술래 5 □ 관람방법 : 자유관람 <궁중문화축전과 함께하는 고궁음악회> 제5회 궁중문화축전과 어린이날을 맞아 국립고궁박물관에서 <2019 궁중문화 축전과 함께하는 고궁음악회>를 개최합니다. 어린이와 관람객 여러분께 국악 과 전통문화를 가까이에서 접할 수 있는 기회를 선사하기 위하여 국립국악고 등학교 학생들이 국악관현악, 전통무용, 퓨전국악 등 다채로운 무대를 선보입니다. 1. 장소 : 국립고궁박물관 야외마당 | 2. 일자 : 5. 5 (일) 3. 시간 : 12:00 - 13:00 4. 프로그램 : 정악합주 평조회상 중 타령 전통무용 한량무 산조독주 서용석류 대금산조 비틀즈 메들리 창작무용 「화선(花扇)」 사물놀이 국악관현악 민요연곡, Fly to the sky, 축제",https://www.kh.or.kr/jnrepo/program/bceb720190130221136003.jpg
6,5회,경복궁,80,궁궐 호위군 사열의식 첩종,재현,11:00 / 14:00,https://www.kh.or.kr/jnrepo/program/bceb720190130220952555.JPG,,https://www.kh.or.kr/program/view/menu/1292?viewType=ach&idx=80&searchRound=6&searchStTime=&searchEnTime=&searchField=homeAll&searchText=,경복궁,궁궐 호위군 사열의식 첩종,재현,종료,재현,현장참여,2019-05-04~2019-05-05,11:00 / 14:00,흥례문 광장,,,"첩종 ( 疊鍾 ) 이란 경국대전 ( 병전 25 편 ) 궁궐을 지키는 군사들을 집합시킬 때 치는 큰 종을 말합니다 . 조선왕조실록에는 왕명에 따라 광화문 위에 있는 첩종을 울리고 , 궁궐에 입직한 군사뿐만 아니라 문무백관 및 중앙군인 오위 ( 五衛 ) 의 병사들까지 모두 집합해 점고했다는 기록이 있습니다 ( 예종 1 년 , 서기 1469 년 6 월 2 일 ). 군대의 군율을 유지하고 군기를 다스려 국가의 근본을 유지하기 위한 조선 전기의 중요한 제도였음을 알 수 있습니다 . 궁중문화축전에서 선보이는 < 궁궐 호위군 사열의식 첩종 > 은 이러한 기록을 바탕으로 , 드라마 형식으로 재연한 궁중의식입니다 . 나라를 보호하라는 왕명에 따라 문무백관이 대기하고 , 군사 이론을 망라해 정립한 ‘ 오위진법 ’, 호위군 배치 및 무예시범 행사 등을 펼칩니다 . 조선 궁궐 호위무사들의 활약을 기대해 보세요 .",https://www.kh.or.kr/jnrepo/program/bceb720190130220952555.JPG
6,5회,경복궁,78,고궁사진전 ？ 꽃 피는 궁궐의 추억,전시,09:00 ~ 21:00,https://www.kh.or.kr/jnrepo/program/bceb720190130220716655.jpg,,https://www.kh.or.kr/program/view/menu/1292?viewType=ach&idx=78&searchRound=6&searchStTime=&searchEnTime=&searchField=homeAll&searchText=,경복궁,고궁사진전 ？ 꽃 피는 궁궐의 추억,전시,종료,전시,현장참여,2019-04-27~2019-05-05,09:00~21:00,근정전 회랑,,02-337-9894,"가지런한 기와, 가뿐하게 하늘로 뻗은 처마, 화려한 단청, 그 위에 푸른 하늘과 하얀 뭉게구름이 더해진다면, 혹은 활짝 열린 방문 너머로 잘 가꿔진 후원이 보 이고 거기에 갖가지 꽃까지 흐드러지게 피어있다면... 누구라도 카메라를 꺼내 사진 한 장 찍고 싶어질 겁니다. 사진 속 인물이 이렇게 아름다운 궁궐 건축과 잘 어울리는 한복을 입고 있다면 더욱 특별한 사진이 되겠죠? 여러분의 소중한 꽃피는 궁궐의 추억이 담긴 사진을 전시해드립니다. 궁궐의 아름다움을 잘 살린 사진, 고궁을 배경으로 한복의 맵시를 잘 살린 사진이 있다면 응모해 보세요. 수상작은 표현력과 창작성, 고궁과 함께 주변환경의 조화를 고려해 선정하고, 선정된 작품은 근정전 회랑에 전시됩니다. * 19:00 이후에는 경복궁 야간 특별 관람권 구매자 관람 가능",https://www.kh.or.kr/jnrepo/program/bceb720190130220716655.jpg
6,5회,경복궁,75,경회루 판타지 - 화룡지몽,공연,20:00 ~ 21:00,https://www.kh.or.kr/jnrepo/program/2nek120190408174602077.jpg,,https://www.kh.or.kr/program/view/menu/1292?viewType=ach&idx=75&searchRound=6&searchStTime=&searchEnTime=&searchField=homeAll&searchText=,경복궁,경회루 판타지 - 화룡지몽,공연,종료,공연,현장참여,2019-04-28~2019-05-04,20:00~21:00,경회루,수상객석 350명 그 외 플로팅 관람,,"커다랗고 잔잔한 연못 위에 거대한 이층 누각. 경복궁에서 가장 아름다운 공간 경회루입니다. 밖에서 보는 모습도 아름답지만, 누각에 오르면 보이는 북악산 일대의 풍경은 더욱 뛰어나서 ‘경복궁의 꽃’이라 불리기도 합니다. 현재의 경회루는 1867년 재건된 것이지만, 원래는 태종이 박자청이라는 인물 에게 명해 지은 것으로, 주역의 원리에 따라 천지인(天地人), 일 년 열두 달, 24 절기의 의미를 담고 있다고 합니다. 실경 미디어 퍼포먼스 <경회루 판타지 – 花龍之夢(화룡지몽)>은 박자청이 경 회루를 건설하는 과정을 환상적인 이야기 구성으로 보여주는 작품입니다. 어둠 이 내려앉은 경회루를 배경으로 넓고 잔잔한 연못을 활용한 각종 조형물, 상상 력의 공간을 무한히 확장하는 3D 맵핑, 관객과 주변 경관을 활용한 조명 연출, 그리고 화려한 춤과 연기를 더해서 깊어가는 봄 밤, 경복궁과 경회루가 환상의 세계가 되는 체험을 하게 될 겁니다. 특히 27일 토요일 밤에는 오픈리허설을 진행해 관광객들이 리허설 전 과정을 관람할 수 있습니다. 홍례문 광장에서 18시 30분에 경복궁 야간 특별 관람권 소지자에게 현장 선착순 티켓 오픈 (350명 선착순 되면 마감) 플로팅 입장은 19:00 부터 입니다. * 경복궁 야간 특별 관람권 구매자 관람 가능",https://www.kh.or.kr/jnrepo/program/2nek120190408174602077.jpg
6,5회,경복궁,74,광화문 新 산대놀이,공식행사,15:00 ~ 17:00,https://www.kh.or.kr/jnrepo/program/bceb720190130220438270.JPG,,https://www.kh.or.kr/program/view/menu/1292?viewType=ach&idx=74&searchRound=6&searchStTime=&searchEnTime=&searchField=homeAll&searchText=,경복궁,광화문 新 산대놀이,공식행사,종료,공식행사,현장참여,2019-04-28~2019-04-28,15:00~17:00,"광화문광장, 세종대로",,,"조선은 예악(禮樂)사상을 나라를 다스리는 기본 이념으로 삼았습니다. 예(禮) 란 서로 다른 것을 구분하는 것으로, 다름을 인정하면 존중하는 마음이 일어납 니다. 악(樂)은 사람의 마음을 다스려서 서로 구별되는 존재들 간에 조화를 이 루게 합니다. ‘태평성대’란, 그렇게 서로 다른 존재들이 서로를 인정하고 조화를 이루어 나가는 세상일 겁니다. 왕이 궁궐 밖으로 행차하는 어가행렬에서는 때에 따라 산 모양의 무대를 세우 고 노는 ‘산대놀이’, 잡귀를 쫓는 ‘나례의식’, 백성들을 위로하는 다양한 연희 등 이 베풀어졌다고 합니다. 서로 다른 공간에서 생활하던 왕과 백성이 만나고, 서 로 다른 문화가 만나며 조화를 이루는 장이 되었던 겁니다. 제5회 궁중문화축전에서 마련하는 <광화문 新 산대놀이>는 그러한 전통을 현 대적으로 계승해서 남녀노소 모든 시민이 함께 참여하고 즐기는 놀이판입니다. 왕과 신하, 백성을 대표하는 거대한 인형들과 그 뒤를 따르는 시민들의 가면 행 렬, 그리고 모두가 손을 잡고 어우러지는 대동놀이로 광화문 광장과 세종로공원앞은 역동적이고 흥겨운 삶의 공간이 됩니다. 신산대놀이 놀이판 장소를 세종로공원앞으로 장소변경합니다.",https://www.kh.or.kr/jnrepo/program/bceb720190130220438270.JPG
6,5회,창덕궁,96,창덕궁 고궁음악회 - 부용지의 오후,공연,16:00 ~ 16:40,https://www.kh.or.kr/jnrepo/program/bceb720190130222512137.jpg,,https://www.kh.or.kr/program/view/menu/1292?viewType=ach&idx=96&searchRound=6&searchStTime=&searchEnTime=&searchField=homeAll&searchText=,창덕궁,창덕궁 고궁음악회 - 부용지의 오후,공연,종료,공연,현장참여,2019-04-27~2019-05-05,16:00~16:40,후원(부용지),,,"창덕궁 후원 부용지 일대의 아름다운 전각과 자연환경을 배경으로 전통음악을 감상하는 음악회입니다. 후원(後苑)은 조선시대에는 내원(內苑), 상림원(上林苑), 금원(禁苑) 등으로 불 렸으며, 여러 궁궐의 후원 중에서도 가장 넓고 경치가 아름다워 왕실 사람들의 사랑을 받은 곳입니다. 부용지는 후원으로 들어서서 가장 처음 만나는 연못으 로, 연못 위에 연꽃 모양의 작은 정자 부용정이 있습니다. 부용정 맞은편으로는 2층 누각이 있는데, 1층은 규장각, 2층은 주합루입니다. 부용정과 주합루 사이 에는 임금이 꽃구경을 하거나 시를 쓰기도 하고, 때로는 과거시험을 보기도 했 던 영화당이 있습니다. 부용지에서 휴식을 취하고 학문을 장려하던 임금의 마음을 떠올리면서 봄날의 풍류를 누려보세요. ○ 개요 1. 장소 : 창덕궁 부용지 일원 2. 기간(42회) : - 1차(9회) : 2019.4.27. ~ 5.5. ※ 궁중문화축전 연계 - 2차(12회) : 2019.5.7. ~ 5.19. / 3차(21회) : 2019.10.18. ~ 11.10. 매주 화 ~ 일 3. 시간 : 16:00 ~ 16:40(40분) ○ 행사내용 : 거문고산조, 대금독주, 정가, 무용 구분 장소 공연프로그램 시간(분) 1 영화당 거문고산조 독주 10 2 주합루 상령산 대금독주 10 3 주합루 매화가 여창가곡 10 4 영화당 춘앵무 무용 및 반주 10 ○ 참여방법 : 자유관람",https://www.kh.or.kr/jnrepo/program/bceb720190130222512137.jpg
6,5회,창덕궁,95,달빛기행 in 축전,체험,19:00 / 20:00,https://www.kh.or.kr/jnrepo/program/bceb720190130222439509.JPG,,https://www.kh.or.kr/program/view/menu/1292?viewType=ach&idx=95&searchRound=6&searchStTime=&searchEnTime=&searchField=homeAll&searchText=,창덕궁,달빛기행 in 축전,체험,종료,체험,사전예약,2019-05-02~2019-05-04,19:00 / 20:00,일대,1부 : 60명 / 2부 : 60명,070-4422-3388,"자연에 순응하며 살았던 옛 사람들의 멋과 지혜를 만날 수 있는 창덕궁과 후원 . 달이 빛나는 밤에는 또 얼마나 아름다울까요 ? 2011 년 처음 시행된 창덕궁 달빛기행은 조선시대의 역사를 간직한 창덕궁의 은밀한 모습들을 환한 달빛 아래 고즈넉하게 즐길 수 있는 대표적 궁궐 프로그램입니다 . 우리나라 궁궐 중 유일한 유네스코 세계 문화유산으로서의 그 공간적 가치와 역사적 문화적 이야기들을 전문 해설사와 함께 듣고 느낄 수 있습니다 . 왕실 사람들만이 거닐 수 있었던 길을 산책하며 전통예술공연도 만날 수 있는 < 창덕궁 달빛기행 > 에 여러분을 초대합니다 . * 주요관람동선 ① 돈화문 ( 집결 ) →② 금천교 & 진선문 → ③ 인정문 →④ 인정전 → ⑤ 낙선재 ( 달빛감상 ) →⑥ 상량정 ( 대금독주 ) →⑦ 후원입구 →⑧ 부용지 & 주합루일원 →⑨ 불로문 →⑩ 애련정일원 →⑪ 연경당 ( 전통공연 / 그림자극 , 다과 ) →⑫ 후원숲길 →⑬ 돈화문 ( 해산 ) 자연에 순응하며 살았던 옛 사람들의 멋과 지혜를 만날 수 있는 창덕궁과 후원 . 달이 빛나는 밤에는 또 얼마나 아름다울까요 ? 왕실 사람들만이 거닐 수 있었던 길을 산책하며 전통예술공연도 만날 수 있는 < 창덕궁 달빛기행 > 이 이번 축전에서는 조금 더 새로운 이야기를 전해드립니다 . ​ 1. 행사기간 구분 1부제 2부제(궁중문화축전IN) 내국인(매주 목, 금, 토) 4월 4일 ~ 4월 28일 5월 9일 ~ 6월 9일 5월 2일 ~ 5월 4일 외국인(매주 일요일) 행사시간 20:00 ~ 22:00 ∙ Part 1 : 19:00 ~ 21:00 ∙ Part 2 : 20:00 ~ 22:00 ※ 행사시작 40분전 접수 시작 2. 판매일시 - 예매오픈(예정) : 3월 20일(수), 14:00 옥션티켓 3. 예매방법 1) 인터넷 예매 ◆ 참가비 : 1인 30,000원 (한 ID당 2매) ◆ 예매처 : http://ticket.auction.co.kr/ ◆ 참여인원: 매회 100명 (선착순 예매) ※ 인터넷 예매자 연락처가 변경되거나 잘못 기입된 경우 사전연락을 취하기 어려우므로 옥션계정의 개인정보의 연락처를 최신으로 변경해 주시길 바랍니다. 2) 전화예매: 만 65세 이상 또는 장애인, 국가유공자 대상 ※ 인터넷 예매가 불편하신 만 65세 이상 어르신 및 장애인, 국가유공자를 대상으로 1인 2매로 전화예매를 운영합니다. ◆ 1인 최대 2매까지 예약 가능하며 예매자만 만 65세 이상인 경우 동반자는 연령 관계 없이 참석 가능합니다. ◆ 현장에서 신분증을 확인할 예정이오니 신분증(국가유공자증 등)을 반드시 지참하여 주시기 바랍니다. ◆ 신분증 미지참 또는 만 65세 미만인 경우 현장에서 자동으로 취소되며 별도의 환불은 없습니다. ◆ 전화예매 방법 - 지역번호 없이 1566-1369로 전화 연결 - 운영시간 : 평일 : 09:00 ~ 18:00 / 일요일, 공휴일 휴무 ◆ 예매가 완료되면 예매 시 부여되는 예매번호 및 예매 내역을 확인 받고, 행사 당일 예매번호로 티켓을 수령합니다. ※ 전화예매표가 남는 경우 매주 행사 일주일 전 수요일에 일반 판매로 전환됩니다. 4. 할인정보 ◆ 장애인 (1~3급/본인포함 2인, 4급 이하/본인한정) 50% 할인 ◆ 국가유공자 (본인한정) 50% 할인 ◆ 현장에서 티켓 수령 시 증빙서류를 지참하지 않은 경우 현장에서 참가취소 조치하며 별도의 환불은 없습니다. 5. 프로그램 소개 ◆ 창덕궁 야간답사 : 창덕궁에 대한 안내해설 제공 (소요시간 약 90분) ◆ 관람동선 : ①돈화문(집결) - ②금천교와 진선문 - ③인정전 - ④낙선재 - ⑤상량정(대금독주) - ⑥부용지 - ⑦불로문 - ⑧애련정 - ⑨연경당(전통예술공연 및 다과)- ⑩후원 숲길 – ⑪돈화문(해산) ◆ 전통예술공연(그림자극포함)과 다과 시식 : 연경당 (약 30분) 6. 예매 시 유의사항 ◆ 사전예약을 원칙으로 진행합니다. ◆ 지인간의 양도는 불가능합니다. ◆ 미취학 아동은 공연진행 및 안전상의 이유로 참가 불가한 점 양해 부탁드립니다. ◆ 취학 아동의 경우 참여는 가능하나 별도의 할인 없이 어른과 동일한 참가비를 받습니다. 7. 관람 시 유의사항 ◆ 접수시간 : 행사시작 40분전 접수 시작 ※ 입장마감시간 : 행사시작 후 20분까지(이후 입장불가) ◆ 접수장소 : 창덕궁 매표소 앞 접수데스크 ◆ 준비물 : 예매자의 신분증과 예매번호를 필히 지참해주시기 바랍니다. (장애인과 국가유공자의 경우 증빙서류까지 포함하여 지참해주시기 바랍니다.) ◆ 행사진행 중 카메라 삼각대와 플래시 사용은 엄격히 금지하며 오물이 발생할 수 있는 취식물 또한 반입이 금지됩니다. ※ 암표거래 유의사항 - 달빛기행 예약을 선점하여 고가에 판매하는 등 선량한 예약자에게 피해를 끼치는 일부 예약자가 있어 다음과 같이 조치합니다. ∙창덕궁 달빛기행은 예약자 본인 신분증 및 전화번호로 예약자 명의를 확인하고 있습니다. ∙일정상 부득이하게 참가 못하실 경우 옥션티켓에서 취소를 부탁드립니다. ∙티켓옥션 취소 마감 시간 - 일 ~ 월 : 토요일 오전 11시 - 화 ~ 토 : 행사일 전일 오후 5시 - 공휴일 ‥ 공휴일이 토요일인 경우, 전일 오후 5시 ‥ 공휴일이 월요일인 경우, 토요일 오전 11시 ‥ 공휴일이 며칠간의 연휴일 경우, 직전 영업일이 주말이면 해당일 오전 11시 ‥ 공휴일이 며칠간의 연휴일 경우, 직전 영업일이 평일이면 해당일 오후 5시 ∙진행측은 암표거래를 막기 위해 입장 시 본인확인을 철저하게 하고 있으니 많은 협조 부탁드립니다. 8. 우천 시 안내 ◆ 행사 당일 11시 기준 5mm이상 예보될 경우 (기상청 예보 기준) 행사가 취소됨을 안내해드립니다. ◆ 우천 시 취소 안내 후 전액환불을 해드리며 재편성은 어려운 점 양해 부탁드립니다. 9. 인터넷 및 전화예매 문의 : 옥션 1566-1369",https://www.kh.or.kr/jnrepo/program/bceb720190130222439509.JPG
6,5회,창덕궁,92,왕실 내의원 체험 - 창덕궁에서 허준을 만나다？,체험,10:00 ~ 17:00,https://www.kh.or.kr/jnrepo/program/qs1h120190411172440664.jpg,,https://www.kh.or.kr/program/view/menu/1292?viewType=ach&idx=92&searchRound=6&searchStTime=&searchEnTime=&searchField=homeAll&searchText=,창덕궁,왕실 내의원 체험 - 창덕궁에서 허준을 만나다？,체험,종료,체험,현장참여,2019-04-27~2019-05-03,10:00~17:00,약방,,02-743-1897,"내의원은 궁중의 병원 겸 약국을 말합니다. 이곳에서는 왕의 건강을 관리하는 어의(御醫)와 여성 환자들을 위한 의녀(醫女)들이 질병을 치료하거나 약을 제 조하는 한편, 한의학 연구에도 힘을 기울였습니다. 「동의보감」으로 유명한 허 준도 내의원 소속의 어의였습니다. <왕실 내의원 체험 – 창덕궁에서 허준을 만나다>에서는 한의사와 한의대 학생 들이 각각 어의와 의녀가 되어 간단한 진맥을 통해 ‘한방치료’를 합니다. 그리 고 왕실에서 평소에 먹는 음식을 조절해 건강을 관리하고 질병을 예방하는 것 을 ‘식치(食治)’라고 하는데, 조선왕실에서의 식치법을 체험하는 ‘왕실 식치 강 의’ 및 ‘왕실 식치 차 시음’도 마련하고 있습니다. 또한 내의원 정통 식례에 따 라 어의가 임금을 진료했던 절차와 방법을 알리는 ‘왕의 진료 시연’을 합니다 왕실 내의원 치료 체험 및 왕실 식치 차 시음 4. 28 (일) - 30 (화), 5. 2 (목) 13:00-14:00 왕실 식치 강의 4. 28 (일) 14:00 왕실 내의원 개원식 4. 27 (토) - 28 (일) 14:30 왕의 진료 시연 주관 : ( 사 ) 대한황실문화원",https://www.kh.or.kr/jnrepo/program/qs1h120190411172440664.jpg
6,5회,덕수궁,90,창경궁 고궁음악회 - 꽃길을 거닐다,공연,16:00 ~ 17:00,https://www.kh.or.kr/jnrepo/program/bceb720190130222102283.JPG,,https://www.kh.or.kr/program/view/menu/1292?viewType=ach&idx=90&searchRound=6&searchStTime=&searchEnTime=&searchField=homeAll&searchText=,덕수궁,창경궁 고궁음악회 - 꽃길을 거닐다,공연,종료,공연,현장참여,2019-04-27~2019-04-28,16:00~17:00,"함인정, 경춘전, 춘당지, 대온실",,,"창경궁의 아름다운 화계를 배경으로, 궁궐과 수목에 대한 해설을 들으며 전통 공연을 감상합니다. 경춘전은 성종의 어머니 소혜왕후, 혜경궁 홍씨 등 주로 여 인들이 거처하던 건물로, 정조와 헌종이 태어난 곳입니다. 춘당지는 원래 활을 쏘고 과거를 보던 춘당대 앞에 있던 작은 연못으로, 창덕궁을 둘러 싼 언덕에서 흘러내리는 냇물을 모아 만들었다고 합니다. 지금의 춘당지는 왕이 직접 농사 를 지어 시범을 보이던 논이 있던 곳으로, 일제가 큰 연못으로 만들었으며 광복 후 전통 양식으로 새롭게 조성한 것입니다. 대온실은 1909년에 지어진 우리나 라 최초의 서양식 온실로, 천연기념종과 야생화, 자생식물 등이 전시되어 있습 니다. 우리 음악을 벗삼아 아름다운 창경궁을 산책해 보세요. ○ 개요 1. 장소 : 창경궁 일원(함인정 ~ 춘당지 ~ 대온실) 2. 기간(24회) : 매주 금, 토, 일 - 1차(12회) : 2019.4.5. ~ 4.28. - 2차(12회) : 2019.9.6. ~ 9.29. ○ 시간 : 16:00 ~ 16:50(50분) ○ 행사내용 : 숲 해설사와 함께하는 우리음악 듣기 구분 장소 공연프로그램 시간(분) 1 함인정 예약자 집결, 조별편성 및 출발 5 2 경춘전 화계에 대한 설명과 거문고 산조 15 3 춘당지 이동 중 해설, 춘당지에서 가야금독주 20 4 대온실 해설 및 해금산조 10 ○ 참여방법 : 현장접수",https://www.kh.or.kr/jnrepo/program/bceb720190130222102283.JPG
6,5회,창경궁,102,대한제국 외국공사 접견례,재현,14:30 ~ 16:30,https://www.kh.or.kr/jnrepo/program/bceb720190130222823666.jpg,,https://www.kh.or.kr/program/view/menu/1292?viewType=ach&idx=102&searchRound=6&searchStTime=&searchEnTime=&searchField=homeAll&searchText=,창경궁,대한제국 외국공사 접견례,재현,종료,재현,현장참여,2019-04-27~2019-05-05,14:30~16:30,정관헌,,02-3210-1645,"1897 년 대한제국 선포 이후 황실은 중국과 일본에만 머물렀던 외교 대상을 미국 , 프랑스 , 독일 등 서양 여러 나라로 확장했습니다 . 하지만 동양의 예법이 통용되지 않는 서양의 외교관들을 만나기 위해서는 외교 의례를 대폭 정비해야 했습니다 . 대신들의 의복에서부터 궁중 무희 , 군악대 등을 위한 외교 의례 지침서까지 펴낼 만큼 공을 들였는데 , 외교관 접견은 대한제국이 그 나라들과 대등한 외교 관계를 맺는 독립국이라는 상징적인 의미를 담고 있기 때문이었습니다 . < 대한제국 외국공사 접견례 > 는 고종황제가 외국 공사들을 접견한 후 연회를 베푸는 장면을 전문배우들이 재현하며 동서양 문화가 만나는 독특한 황실의 모습을 보여드립니다 . 가. 행사시간 ○ 1부 [의례] 14:30 ~ 15:10 (40분) / 덕수궁 정관헌 ○ 2부 [연회] 15:40 ~ 16:20 (40분) / 즉조당 앞마당 (포토타임 16:20 ~ 16:30) ※ 우천 시 2부 연희 장소는 덕수궁 정관헌에서 진행 됩니다 나. 행사 내용 ○ [1부 의례] • 미국공사 접견 : 한국 최초 전기회사인 한성전기회사에서 종로 민가에 전등을 단 이야기. 최초 하와이 이민의 역사가 시작된 '수민원'에 관해 이야기를 나눕니다. • 프랑스공사 접견 : 대한제국은 1900년 파리 만국박람회에 참가하였는데 그 당시 프랑스의 건축가 페레에 의해 지어진 대한제국관과, 박람회에 출품해 세계인에게 놀라움을 주었던 '직기'에 관해 이야기를 나눕니다. • 영국공사 접견 : 영국인 하딩이 설계한 '덕수궁 석조전'의 건립에 대한 이야기를 나눕니다. 석조전은 대한제국 외국공사 접견례 재현행사의 실제 배경이 되는 장소이며, 당시 서양식 건축물로는 가장 규모가 큰 건물이었습니다. • 러시아공사 접견 : 러시아는 대한제국과의 동반자적 외교관계를 유지하길 희망하며, 동아시아 회사를 통해 전신과 철도 사업에 많은 관심을 가진 덴마크에 대해 대한제국과 수교를 맺을 수 있도록 이야기를 나눕니다. ○ [2부 연희] 각국 공사와의 접견이 끝난 후에는 연회로 이어집니다. 당시 큰 인기를 끌었다는 서양식 군악대의 연주와 검무를 비롯하여 사자춤과, 포구락까지 당시 외국 공사들을 위해 펼쳐 진 연회공연이 재현됩니다. • 군악대 : 독일의 작곡가 '에케르트'는 당시 대한제국 군악대를 지휘했으며, 대한제국 애국가를 작곡한 인물입니다. 서양군 악대와 견주어도 손색이 없을 만큼의 훌륭한 연주를 선보인 당시 군악대의 연주가 그대로 재현됩니다. • 검무 : 동양의 아름다움과 화려함을 보여주는 대표적인 궁중무용으로, 당시 플랑시 프랑스 공사로부터 극찬을 받은 일화가 있습니다. • 사자춤 : 연회자들이 사자가면을 착용하고 등장하여 재주를 부리는 연회로, 연회에 참석한 외국 공사들을 위한 봉산탈춤의 사자춤의 역동적인 무대가 펼쳐집니다. • 포구락 : 당악정재의 한 종목으로 두 틀의 포구문을 놓고 채구를 던져 넣어 승부를 가리는 등의 모습을 재미있게 형상화 한 춤입니다. 관람 시 유의사항 가. 음식물 및 음료수 반입과 섭취가 불가합니다. 나. 행사 진행에 방해 될 수 있는 사진촬영은 가급적 삼가 해주세요. (플래시 촬영 금지) 다. 유아 및 어린이 동반 시 공연 관람에 방해가 되지 않도록 보호자의 각별한 주의 부탁드립니다.",https://www.kh.or.kr/jnrepo/program/bceb720190130222823666.jpg
6,5회,창경궁,100,이야기로 만나는 대한제국,체험,17:00 ~ 18:00,https://www.kh.or.kr/jnrepo/program/qs1h120190411110920475.jpg,,https://www.kh.or.kr/program/view/menu/1292?viewType=ach&idx=100&searchRound=6&searchStTime=&searchEnTime=&searchField=homeAll&searchText=,창경궁,이야기로 만나는 대한제국,체험,종료,체험,현장참여,2019-05-01~2019-05-05,17:00~18:00,함녕전,사전예약 일 50명,02-6011-1066,"사전예약은 마감되었습니다. 2019년은 대한민국 임시정부가 수립된 지 100년이 되는 해입니다. ‘대한민국’ 이라는 이름은 아관파천 후 덕수궁으로 돌아 온 고종이 근대화의 흐름을 받아 들이고 자주적인 국가를 만들고자 하는 의지로 1897년에 수립한 ‘대한제국’에 서 유래했습니다. 인문학강의 <이야기로 만나는 대한제국>에서는 전문가를 초빙해 대한제국의 역사와 다양한 문화에 대한 이야기를 들어봅니다. 5.1(수) - 2(목) 십년감수-고종황제, 원통음반으로 박춘재를 듣다 강사 정창관 한국고음반연구회 부회장 특별출연 소리, 장구 전병훈, 해금 소윤선 5.3(금) 황제의 가배 강사 김시현 한국문화재재단 카페 컨설턴트 5.4(토) 대한제국과 경운궁(덕수궁) 강사 서영희 한국산업기술대학교 지식융합학부 교수 5.5(일) 고종의 독살과 3•1운동 강사 이상욱 한양길라잡이 대표",https://www.kh.or.kr/jnrepo/program/qs1h120190411110920475.jpg
6,5회,경희궁,109,종묘대제,재현,10:00 ~ 16:00,https://www.kh.or.kr/jnrepo/program/bceb720190130215141957.jpg,,https://www.kh.or.kr/program/view/menu/1292?viewType=ach&idx=109&searchRound=6&searchStTime=&searchEnTime=&searchField=homeAll&searchText=,경희궁,종묘대제,재현,종료,재현,현장참여,2019-05-05~2019-05-05,10:00~16:00,"영녕전,정전",550명(300석 사전예약 별도),070-4280-1648,"사전예약은 마감되었습니다. 종묘대제는 매년 5월 첫 번째 일요일에 제례와 음악과 춤이 함께 거행되는 의 식입니다. 제례는 신을 맞이하는 절차, 신이 즐기는 절차, 신을 보내는 절차, 이 렇게 3부분으로 구성됩니다. 신을 맞이하는 절차에서는 몸과 마음을 정갈하게 하고, 신주를 모시고 절을 올린 후 제수 음식을 진설합니다. 신이 즐기는 절차 에서는 초헌, 아헌, 종헌, 이렇게 세 번의 잔을 올리는 의식을 하고, 신을 보내 는 절차에서는 제물을 거두어들이고, 신주를 들여 모시는 의식을 진행합니다. 각 의식 절차에 따라 종묘제례악을 연주하는데, 종묘제례악은 역대 임금님들의 문덕을 기리는 ‘보태평’과 무공(武功)을 기리는 ‘정대업’이 있고, 각각의 음악에 따라 추는 춤 일무(佾舞)도 문무(文舞)와 무무(武舞)로 달라집니다. 초헌례까지는 보태평을 연주하고, 아헌례부터는 정대업을 연주하는데, 정대업 은 태평소와 징이 더해지고 일무도 칼을 들고 추기 때문에 관심을 갖고 보고 들으면 금방 알아차릴 수 있습니다. 화사한 봄날, 독특한 건축미가 돋보이는 종묘 정전에서 장엄한 음악과 춤이 함 께 하는 종묘대제를 만나보세요. 1. 개요 ○ 기 간 : 2019년 5월 5일 (일) ○ 장 소 : 종묘 ○ 진행 순서 구 분 시 간 주 요 내 용 영녕전 제향 10:00~12:00 (120분) 영녕전 제례 봉행 일체 정전 제향 14:00~16:30 (150분) ※ 제관 입장 (13:30) ※ 개회사 포함 종묘제례, 종묘제례악에 대한 설명 / 정전 제례 봉행 일체 식후행사 신실 관람 16:30~17:00 ( 30분) 신실관람(순서 : 주요내빈→입장객) 2. 사전예약안내 ▶ 사전예약 - 일시 : 2019년 4월 22일 (월) 13:00 ~ 4. 30 (화) 22:00 * 22시 이후 예약접수가 마감되어 취소가 불가능하므로, 당일 참석이 불가능하신 분들께서는 가급적 마감 전에 취소 부탁드립니다. - 예약접수 : 네이버 예약 ( https://booking.naver.com/booking/5/bizes/224744/items/3017221 ) - 관람료 : 무료 - 인원 : 300명 ▶ 예약 안내 - 전석 선착순 예매 및 비지정 좌석으로 진행되며, 1인당 2매까지 예매가능 - 예매하신 당사자의 신분증 지참 ▶ 접수 및 관람 안내 - 접수 장소 : 종묘 입구에 설치된 접수데스크 - 접수 시간 : 행사 시작 1시간 전 접수 시작 - 종묘 정전 내 관람석은 정전의 경관을 훼손하지 않기 위해 설치된 임시 객석임을 알려드립니다. - 제례 시간에는 종묘 정전 자유 관람은 허용되지 않습니다. - 문화재 보호 구역으로 애완동물 및 취식물의 반입이 제한됩니다. - 관람 시 삼각대, 음식물 반입이 엄격하게 금지되오니 주의 부탁드립니다. - 본 행사의 특성상 제향공간(정전, 영녕전) 내 미취학 아동의 참관이 제한되오니 참고 바랍니다. 3. 관람안내 ▶ 영녕전 제향은 10:00 부터 시작됩니다 (영녕전 입장은 09:00부터 가능 / 약 2시간 소요) ▶ 어가행렬은 12:00 부터 광화문에서 출발합니다 (약 1시간 소요) ※ 어가행렬 출발 시간이 11:00에서 12:00로 변경되었습니다. 양해 부탁드립니다. ▶ 정전 제향은 14:00부터 시작됩니다 (약 2시간 30분 소요) ▶ 정전 제향의 경우 사전예약 없이도 당일 현장에서 선착순으로 입장하여 착석 가능합니다. (정전 입장은 13:00부터 가능 / 약 600석 내외) ▶ 종묘 입장시간 : 09:00~18:00 (입장마감은 17:00) ▶ 종묘대제 당일 종묘 무료 입장 4. 문의 - 한국문화재재단 종묘대제 담당 070-4280-1648 주관 : 종묘대제봉행위원회(종묘제례보존회, 종묘제례악보존회)",https://www.kh.or.kr/jnrepo/program/bceb720190130215141957.jpg
6,5회,종묘,107,덩더쿵 로봇한마당,공연,10:30 / 17:00,https://www.kh.or.kr/jnrepo/program/bceb720190130215400409.jpg,,https://www.kh.or.kr/program/view/menu/1292?viewType=ach&idx=107&searchRound=6&searchStTime=&searchEnTime=&searchField=homeAll&searchText=,종묘,덩더쿵 로봇한마당,공연,종료,공연,현장참여,2019-05-04~2019-05-05,10:30 / 17:00,숭정문 앞 특설무대,,,"인공지능 (AI) 시대에도 전통과 궁궐은 여전히 소중합니다 . 작고 귀여운 로봇들이 궁궐을 배경으로 전통 춤을 추고 태권도를 하는 모습을 보면서 로봇과 함께 즐겁게 노는 미래를 상상해 볼까요 ? < 덩더쿵 로봇한마당 > 은 로봇산업의 경쟁력 강화와 전통문화에 대한 이해 확산을 위해 개발 , 최첨단 로봇기술과 전통공연예술이 결합된 융합형 콘텐츠로 , 어린이들에게 전통문화에 대한 자부심과 과학적 호기심을 키워주는 이색적인 로봇공연입니다 . 몽금이 언니가 들려주는 재미난 해설과 함께 귀여운 로봇들이 다양한 퍼포먼스를 선보입니다 . 10:30~11:30 / 17:00~18:00 < 프로그램 > 종묘제례악 / 부채춤 / 사자춤 / 태권무",https://www.kh.or.kr/jnrepo/program/bceb720190130215400409.jpg
5,4회,경복궁,1,개막제,공식행사,19:30 ~,https://www.kh.or.kr/jnrepo/program/Program_0201804309202894691082.jpg,,https://www.kh.or.kr/program/view/menu/1292?viewType=ach&idx=1&searchRound=5&searchStTime=&searchEnTime=&searchField=homeAll&searchText=,경복궁,개막제,공식행사,종료,공식행사,현장참여,2018-04-28~2018-04-28,19:30~,경복궁 흥례문 앞,,,"‘세종 즉위 600주년, 미래를 보다’라는 주제로 열리는 이번 개막제는 세종의 업적과 산대 나례를 새로운 스토리로 창조해 선보입니다. 폭넓은 지식과 창의력으로 문화예술과 과학기술의 새로운 지평을 연 세종대왕, 그의 창작 정신이 미래기술과 전통예술을 만나 새로운 형태로 재탄생 합니다. ‘2018년 제4회 궁중문화축전 개막제‘, 화려한 축제의 시작을 함께 열어주세요. * 개막제는 사전예약 없이 선착순 입장 가능합니다. (선착순 1,000석) * 4월 28일 개막제 당일은 경복궁 야관관람이 없습니다. (흥례문 앞에서 개막제를 관람하실 수 있습니다.) Opening Ceremony April 28 (Sat) 19:30 ~ 21:00 Heungnyemun Square The opening ceremony on the theme of “The 600th Anniversary of King Sejong’s Enthronement, Looking Ahead to the Future” will create a new story combining the achievements of King Sejong and ‘Sandae’, the most magnificent festival of the Joseon Dynasty. The creative spirit of King Sejong, who created a new horizon of culture, science and technology with his extensive knowledge and imagination, will be revived through new technology and traditional art.",https://www.kh.or.kr/jnrepo/program/Program_0201804309202894691082.jpg
2,1회,경복궁,416,다례체험 '궁궐에 스며든 차의 향기',체험,"일,월,화,수,목,금,토 13:00 ~ 15:00",https://www.kh.or.kr/jnrepo/upload/jnPrgFestivalProgram/202401/3bbac8bb8fe14d938925d6acdd87e773_1705557110704.jpg,다례,https://www.kh.or.kr/program/view/menu/1292?viewType=ach&idx=416&searchRound=2&searchStTime=&searchEnTime=&searchField=homeAll&searchText=,경복궁,다례체험 '궁궐에 스며든 차의 향기',체험,종료,체험,사전예약,2015-05-03~2015-05-10,13:00~15:00,경복궁 자경전,,,"다례체험 “ 궁궐에 스며든 차의 향기 ” ○ 일시 / 장소 : 2015. 5. 3.( 일 ) ~ 5. 10.( 일 ) 13 시 ~15 시 / 경복궁 자경전 ○ 횟수 : 총 8 회 ○ 주요내용 <1 부 프로그램 > 시간 내용 교수진 13:00~13:10 복식 체험 이현주 원장 13:10~13:20 전통예절 ( 궁궐예법 , 배례법 , 기거예절 ) 성균관다례원 교수진 13:20~13:30 차의 기원 및 역사 성균관다례원 교수진 13:30~14:00 다례 시연 및 체험 ( 접빈 , 다담 ) 성균관다례원 시연단 <2 부 프로그램 > 시간 내용 교수진 14:00~14:10 한 ㆍ 중 ㆍ 일 차문화비교 이현주 원장 14:10~14:20 한국차 ( 녹차 ) 의 우수성 성균관다례원 교수진 14:20~14:40 다례 시연 및 체험 -1 부 성균관다례원 시연단 14:40~15:00 다례 시연 및 체험 -2 부 성균관다례원 시연단",https://www.kh.or.kr/jnrepo/upload/jnPrgFestivalProgram/202401/3bbac8bb8fe14d938925d6acdd87e773_1705557110704.jpg
2,1회,경복궁,415,소주방의 일상재현,체험,"일,월,화,수,목,금,토 10:00 / 11:00",https://www.kh.or.kr/jnrepo/upload/jnPrgFestivalProgram/202401/29643bf7c1594c768e1edb20f3f629a7_1705305854750.jpg,소주방,https://www.kh.or.kr/program/view/menu/1292?viewType=ach&idx=415&searchRound=2&searchStTime=&searchEnTime=&searchField=homeAll&searchText=,경복궁,소주방의 일상재현,체험,종료,체험,사전예약,2015-05-04~2015-05-10,"일,월,화,수,목,금,토 10:00 / 11:00",경복궁 소주방 일원,,,"○ 일시 / 장소 - 소주방의 하루 ( 사전 온라인 예약 ) * 50 명 내외 ․ 일시 / 장소 : 2015. 5. 4.( 월 ) ~ 5. 10.( 일 ) 10 시 , 11 시 / 소주방 일원 ․ 주요내용 : 소주방의 일상 모습을 극화하여 선보임 - 궁중음식 특강 ( 사전 온라인 예약 ) * 14:00, 30 명 ․ 일시 / 장소 : 2015. 5. 4.( 월 ) ~ 5. 10.( 일 ) 14 시 / 소주방 일원 날 짜 주 제 내 용 강 사 5. 4.( 월 ) 궁중식문화 조선왕실의 식탁 1 소주방에서 준비하는 궁중상차림 ( 외소주방 ) 한복려 궁중음식보유자 5. 5.( 화 ) 궁중식문화 조선왕실의 식탁 2 궁중잔치상에 오르는 음식 ( 병과 중심 ) ( 외소주방 ) 정길자 궁중병과보유자 5. 6.( 수 ) 궁중병과 시연 1 단자 , 다식 ( 생물방 ) 정길자 5. 7.( 목 ) 궁중음식 시연 1 골동면 , 더덕생채 ( 내소주방 ) 한복려 5. 8.( 금 ) 궁중식문화 조선왕실의 식탁 3 궁중음식을 만드는 식재료들 ( 외소주방 ) 신명호 부경대교수 5. 9.( 토 ) 궁중음식 시연 2 탕평채 , 두부선 ( 내소주방 ) 한복려 5. 10.( 일 ) 궁중병과 시연 2 거피팥시루떡 , 생란 ( 생물방 ) 정길자 - 궁중음식 상설 전시 : 2015. 5. 2.( 토 ) ~ 5. 10. 토 ) ․ 실물전시 : 5. 2.( 토 ) ~ 5. 3.( 일 ) ․ 모형전시 : 5. 2.( 토 ) ~ 5.10.( 토 ) * 궁중문화축전 종료 후 (10 월 31 일까지 계속 ) 생물방 실물전시 - 궁중 떡 및 다과 70 선 모형전시 - 고종 11 년 (1874) 갑술년 2 월 28 일 삼칠약방사찬 하오신발기 (14 기 , 23 가지 ) - 고종 24 년 (1887) 정해년 1 월 13 일 존호시 진어사찬상발기 (16 기 , 22 가지 ) 외소주방 모형전시 - 고종 29 년 (1892) 임진년 진찬의궤 근정전진찬 ․ 대전진어대탁찬안 25 기 , 대전진어찬안 15 기 내소주방 실물전시 - 궁중음식 상차림 모형전시 - 왕의 하루 상차림 ․ 초조반상 , 낮것상 , 12 첩 수라상 ( 왕 , 왕비 )",https://www.kh.or.kr/jnrepo/upload/jnPrgFestivalProgram/202401/29643bf7c1594c768e1edb20f3f629a7_1705305854750.jpg
2,1회,경복궁,414,궁중복식체험,체험,"일,월,화,수,목,금,토 09:00 ~ 18:00",https://www.kh.or.kr/jnrepo/upload/jnPrgFestivalProgram/202401/79d6afa5dc4e49fa926df5ab243f5528_1705303745797.jpg,복식체험,https://www.kh.or.kr/program/view/menu/1292?viewType=ach&idx=414&searchRound=2&searchStTime=&searchEnTime=&searchField=homeAll&searchText=,경복궁,궁중복식체험,체험,종료,체험,현장참여,2015-05-02~2015-05-10,09:00~18:00,경복궁 흥례문광장,,,"○ 일시 / 장소 : 2015. 5. 2.( 토 ) ~ 5. 10.( 일 ), 09:00-18:00 / 경복궁 흥례문 광장 ※ 경복궁 관람 복식 대여마감 (16:50) ○ 체험내용 : 경복궁 관람 복식 대여 , ( 체험장 주변 ) 복식 체험 ○ 체험복식 : 총 150 벌 ( 성인 116 벌 / 어린이 34 벌 ) ○ 이용 방법 - 사전 예약 없이 현장 신청서 ( 성명 , 연락처 작성 ) 작성 및 신분증 ( 주민등록증 , 운전면허증 , 여권 등 신분을 확인할 수 있는 서류 ) 접수 후 대여 (2 시간 내외 ) - 연락처 및 신분증이 없을 경우 체험장 주변에서 체험",https://www.kh.or.kr/jnrepo/upload/jnPrgFestivalProgram/202401/79d6afa5dc4e49fa926df5ab243f5528_1705303745797.jpg
2,1회,경복궁,413,궁궐 호위군 사열의식 “첩종”,재현,"일,월,화,금,토 11:00 / 14:00",https://www.kh.or.kr/jnrepo/upload/jnPrgFestivalProgram/202401/5ea9626fb1c646609e81e095e0337c25_1705303054999.jpg,첩,https://www.kh.or.kr/program/view/menu/1292?viewType=ach&idx=413&searchRound=2&searchStTime=&searchEnTime=&searchField=homeAll&searchText=,경복궁,궁궐 호위군 사열의식 “첩종”,재현,종료,재현,현장참여,2015-05-03~2015-05-10,"일,월,화,금,토 11:00 / 14:00",경복궁 흥례문광장,,,"○ 일시 / 장소 : 2015. 5. 3.( 일 )~5. 5.( 화 ), 5. 8.( 금 )~ 5. 10.( 일 ) 11:00, 14:00/ 경복궁 흥례문 광장 ○ 주요내용 : 국왕거둥 , 첩종 , 호위군 사열 ( 진법훈련 ), 무예시연 등 ○ 체험행사 : ( 경복궁 협생문 밖 ) 조선시대 수문군 선발과정 체험 ( 곤봉 , 활쏘기 )",https://www.kh.or.kr/jnrepo/upload/jnPrgFestivalProgram/202401/5ea9626fb1c646609e81e095e0337c25_1705303054999.jpg
2,1회,경복궁,412,용비어천가 “하늘이 열리다”,공연,"일,월,화,수,목,금,토 20:00 ~ 21:00",https://www.kh.or.kr/jnrepo/upload/jnPrgFestivalProgram/202401/4eb3cde339a545458ca14ce203561fda_1705301975789.jpg,용비어천가,https://www.kh.or.kr/program/view/menu/1292?viewType=ach&idx=412&searchRound=2&searchStTime=&searchEnTime=&searchField=homeAll&searchText=,경복궁,용비어천가 “하늘이 열리다”,공연,종료,공연,현장참여,2015-05-02~2015-05-10,20:00~21:00,경복궁 흥례문광장,,,"용비어천가 “ 하늘이 열리다 ” ○ 일시 / 장소 : 2015. 5. 2.( 토 ) ~ 5. 10.( 일 ), 20 시 / 경복궁 흥례문 광장 ○ 주요내용 : 세종대왕의 애민사상과 용비어천가의 탄생을 기리는 창작무용극 ○ 행사사진",https://www.kh.or.kr/jnrepo/upload/jnPrgFestivalProgram/202401/4eb3cde339a545458ca14ce203561fda_1705301975789.jpg
2,1회,경복궁,411,"미디어 파사드 “궁, 빛으로 태어나다”",전시,"일,월,화,수,목,금,토 21:00 / 21:30",https://www.kh.or.kr/jnrepo/upload/jnPrgFestivalProgram/202401/c1725815afde4505ab3479520956d1af_1705301193626.jpg,미디어 파사,https://www.kh.or.kr/program/view/menu/1292?viewType=ach&idx=411&searchRound=2&searchStTime=&searchEnTime=&searchField=homeAll&searchText=,경복궁,"미디어 파사드 “궁, 빛으로 태어나다”",전시,종료,전시,현장참여,2015-05-02~2015-05-10,"일,월,화,수,목,금,토 21:00 / 21:30",경복궁 흥례문,,,"○ 일시 / 장소 : 2015. 5. 2.( 토 )-5. 10.( 일 ), 1 일 2 회 (21:00, 21:30)/ 경복궁 흥례문 ○ 주요내용 : 흥례문을 배경으로 ‘ 빛 ’( 미래 , 염원 ) 의 탄생과 시련 , 그리고 극복 등을 표현한 환상적인 3D 매핑쇼",https://www.kh.or.kr/jnrepo/upload/jnPrgFestivalProgram/202401/c1725815afde4505ab3479520956d1af_1705301193626.jpg
2,1회,경복궁,410,소주방 개관식,공식행사,토 14:00 ~ 14:00,https://www.kh.or.kr/jnrepo/upload/jnPrgFestivalProgram/202401/a6bf79fd67294e0dbbe18760153fdfac_1705300422472.jpg,소주방 개관식,https://www.kh.or.kr/program/view/menu/1292?viewType=ach&idx=410&searchRound=2&searchStTime=&searchEnTime=&searchField=homeAll&searchText=,경복궁,소주방 개관식,공식행사,종료,공식행사,현장참여,2015-05-02~2015-05-02,14:00~14:00,경복궁 소주방 일원,,,"○ 일시 / 장소 : 2016. 5. 2.( 토 ), 14 시 / 경복궁 소주방 일원 ○ 참석 ( 궁중음식 / 궁중병과 ) 무형문화재 보유자 , 문화융성위원회 위원 등, 일반관람객 ○ 주요내용 취타대 연주 및 수문군 의장수 도열 / 행사안내 소주방 랩소디 소주방 역사의 문을 열다 ( 소주방 개문식 ) 등",https://www.kh.or.kr/jnrepo/upload/jnPrgFestivalProgram/202401/a6bf79fd67294e0dbbe18760153fdfac_1705300422472.jpg
2,1회,경복궁,409,전야제 “좋은 날”(Good-Day!),공식행사,금 20:00 ~ 21:00,https://www.kh.or.kr/jnrepo/upload/jnPrgFestivalProgram/202401/e228142f4e4d4b9a87a4358ede02d0cd_1705298465903.jpg,좋은,https://www.kh.or.kr/program/view/menu/1292?viewType=ach&idx=409&searchRound=2&searchStTime=&searchEnTime=&searchField=homeAll&searchText=,경복궁,전야제 “좋은 날”(Good-Day!),공식행사,종료,공식행사,현장참여,2015-05-01~2015-05-01,20:00~21:00,흥례문 광장,,,"○ 일시 / 장소 : 5. 1.( 금 ), 20 시 / 경복궁 흥례문 광장 ○ 주요내용 - 식전공연 : 비나리 공연 ( 이광수 ) - 여는 막 : 오프닝 퍼포먼스 ( 나선화 청장 ) - 주제공연 : 봉헌선도 ( 궁중정재 ) - 미디어 파사드 퍼포먼스 “ 궁 , 빛으로 태어나다 ” - 부름갈채 ( 커튼콜 ) 및 기념포토 타임",https://www.kh.or.kr/jnrepo/upload/jnPrgFestivalProgram/202401/e228142f4e4d4b9a87a4358ede02d0cd_1705298465903.jpg
2,1회,창덕궁,420,장용영 수위의식,재현,화 14:00 ~ 15:00,https://www.kh.or.kr/jnrepo/upload/jnPrgFestivalProgram/202401/7bb0af5c8a8f48b89d5c2aedca81d476_1705561431039.jpg,수원,https://www.kh.or.kr/program/view/menu/1292?viewType=ach&idx=420&searchRound=2&searchStTime=&searchEnTime=&searchField=homeAll&searchText=,창덕궁,장용영 수위의식,재현,종료,재현,현장참여,2015-05-05~2015-05-05,14:00~15:00,창덕궁 던화문,,,장용영 수위의식 ○ 일시 / 장소 : 2015. 5. 5.( 화 ) 14 시 / 창덕궁 돈화문 앞 ○ 주요내용 : 조선 제 22 대 국왕 정조의 친위부대인 장용영 군사들의 수위의식과 군례 등을 재현,https://www.kh.or.kr/jnrepo/upload/jnPrgFestivalProgram/202401/7bb0af5c8a8f48b89d5c2aedca81d476_1705561431039.jpg
2,1회,창덕궁,419,테마가 있는 창덕궁 아침산책,체험,"월,화,수,목,금 09:30 ~ 11:00",https://www.kh.or.kr/jnrepo/upload/jnPrgFestivalProgram/202401/04c1bc02680f480ba71abfc225114d6d_1705560974127.jpg,테마,https://www.kh.or.kr/program/view/menu/1292?viewType=ach&idx=419&searchRound=2&searchStTime=&searchEnTime=&searchField=homeAll&searchText=,창덕궁,테마가 있는 창덕궁 아침산책,체험,종료,체험,사전예약,2015-05-04~2015-05-08,09:30~11:00,창덕궁 후원,,,"테마가 있는 창덕궁 아침산책 ○ 일시 / 장소 : 2015. 5. 4.( 월 ) ~ 5. 8.( 금 ), 9 시 30 분 / 창덕궁 후원 ○ 주요내용 : 공연과 함께하는 창덕궁 테마 해설 ( 이어폰 착용 ) ○ 요일별 테마 - 4 일 : 왕실의 출산과 교육 “ 왕자 아기씨의 탄생 ”( 테마해설가 원현숙 ) - 5 일 : 어린이날 기념 “ 궁궐 후원에 신선이 살고 있어요 ”( 창작교육연극집단 「 즐거운 」 ) - 6 일 : 궁중여성 “ 궁중여성들의 삶과 사랑 ”( 테마해설가 강남주 ) - 7 일 : 전통건축과 문양 “ 절제와 상징의 미학 ”( 테마해설가 이향우 ) - 8 일 : 대한제국 황실 “ 황실 가족들의 포토타임 ”( 테마해설가 윤원미 )",https://www.kh.or.kr/jnrepo/upload/jnPrgFestivalProgram/202401/04c1bc02680f480ba71abfc225114d6d_1705560974127.jpg
2,1회,창덕궁,418,창덕궁 연가,체험,"목,금,토 19:30 / 20:20",https://www.kh.or.kr/jnrepo/upload/jnPrgFestivalProgram/202401/6fb6b0d987fc459c99d427d8c7ece684_1705558375484.jpg,연가,https://www.kh.or.kr/program/view/menu/1292?viewType=ach&idx=418&searchRound=2&searchStTime=&searchEnTime=&searchField=homeAll&searchText=,창덕궁,창덕궁 연가,체험,종료,체험,사전예약,2015-05-07~2015-05-09,"목,금,토 19:30 / 20:20",창덕궁 일원,,,"창덕궁 연가 ○ 일시 / 장소 : 2015. 5. 7.( 목 ) ~ 5. 9.( 토 ) 19 시 30 분 , 20 시 20 분 / 창덕궁 일원 ○ 주요내용 - 1 부 ) 낙선재 낭독공연 (“ 낙선재에 노을 지다 ”) ․ 헌종과 경빈의 사랑이야기를 배우들의 내레이션과 음악으로 전달 - 2 부 ) 부용지 퍼포먼스 (“ 춘당춘색고금동 ” 春塘春色古今同 ) ․ 부용지의 실경과 어우러지는 전통공연과 춤사위 ○ 운영방식 : 새로운 창덕궁 야간 프로그램으로 전각해설이 없이 ‘ 탁 ( 종 )’ 의 소리에 맞춰 이동하며 공연과 야간경관을 감상하는 프로그램",https://www.kh.or.kr/jnrepo/upload/jnPrgFestivalProgram/202401/6fb6b0d987fc459c99d427d8c7ece684_1705558375484.jpg
2,1회,창덕궁,417,창덕궁 새로 보기 “후원몽”,체험,"일,토 11:00 ~ 14:00/16:00",https://www.kh.or.kr/jnrepo/upload/jnPrgFestivalProgram/202401/e2f75b7c54664fd4ab1ee25544641e09_1705557798256.jpg,후원몽,https://www.kh.or.kr/program/view/menu/1292?viewType=ach&idx=417&searchRound=2&searchStTime=&searchEnTime=&searchField=homeAll&searchText=,창덕궁,창덕궁 새로 보기 “후원몽”,체험,종료,체험,사전예약,2015-05-02~2015-05-10,11:00~14:00/16:00,창덕궁 후원,,,"창덕궁 새로 보기 “ 후원몽 ” ○ 일시 / 장소 : 2015. 5. 2.( 토 )~5. 3.( 일 ), 2015. 5. 9.( 토 )~5. 10.( 일 ) 11 시 , 14 시 , 16 시 / 창덕궁 후원 ○ 횟수 : 총 12 회 ○ 공연형식 : 관객에게 ‘ 헤드폰 ’ 을 나눠주고 , 그것에서 흘러나오는 배우에 대사에 따라 이동하는 것을 기본으로 하는 ‘ 이동형 오디오극 ’",https://www.kh.or.kr/jnrepo/upload/jnPrgFestivalProgram/202401/e2f75b7c54664fd4ab1ee25544641e09_1705557798256.jpg
2,1회,덕수궁,427,대한제국 외국공사 접견례 “대한제국 근대화의 재조명”,공연,"일,토 14:30 / 16:00",https://www.kh.or.kr/jnrepo/upload/jnPrgFestivalProgram/202402/92a67af2145a49a5a0b2c1e138b92037_1706774400254.jpg,접견례,https://www.kh.or.kr/program/view/menu/1292?viewType=ach&idx=427&searchRound=2&searchStTime=&searchEnTime=&searchField=homeAll&searchText=,덕수궁,대한제국 외국공사 접견례 “대한제국 근대화의 재조명”,공연,종료,공연,현장참여,2015-05-09~2015-05-10,"일,토 14:30 / 16:00",덕수궁 정관헌,,,"대한제국 외국공사 접견례 “ 대한제국 근대화의 재조명 ” ○ 일시 / 장소 : 2015. 5. 9.( 토 ) ~ 5. 10.( 일 ) 14 시 30 분 , 16 시 / 덕수궁 정관헌 ○ 주요내용 : 대한제국 시기 외국공사가 황제를 알현하는 장면 및 연희 재현",https://www.kh.or.kr/jnrepo/upload/jnPrgFestivalProgram/202402/92a67af2145a49a5a0b2c1e138b92037_1706774400254.jpg
2,1회,덕수궁,426,덕수궁 풍류 “덕수궁의 봄을 덕수궁 풍류와 함께”,공연,"월,화,수,목,금 19:00 ~ 21:00",https://www.kh.or.kr/jnrepo/upload/jnPrgFestivalProgram/202402/176c517c86cc497cad968c573de66a41_1706772723340.jpg,석조전 가비,https://www.kh.or.kr/program/view/menu/1292?viewType=ach&idx=426&searchRound=2&searchStTime=&searchEnTime=&searchField=homeAll&searchText=,덕수궁,덕수궁 풍류 “덕수궁의 봄을 덕수궁 풍류와 함께”,공연,종료,공연,현장참여,2015-05-04~2015-05-08,19:00~21:00,덕수궁 정관헌,,,"덕수궁 풍류 “ 덕수궁의 봄을 덕수궁 풍류와 함께 ” ○ 일시 / 장소 : 2015. 5. 4.( 월 ) ~ 5. 8.( 금 ) 19 시 / 덕수궁 정관헌 ○ 주요내용 : 덕수궁의 봄을 전통공연으로 표현 일자 종 목 소주제 비 고 5 월 4 일 신명 김덕수 & 한울림 예술단 “ 四物 놀이 ” · 길놀이 , 비나리 · 삼도 설장고 · 삼도 농악가락 · 사물판굿 춘풍 ( 春風 ) 5 월 5 일 · 차승민 Project 詩路 · 산조춤 : 이주리 · 판소리 : 김봉영 청청 ( 靑靑 ) 어린이날 5 월 6 일 · 생소병주 : 김효영 - 이아람 · 절대가 ( 歌 ) 인 · 진주교방굿거리 : 장인숙 희락 ( 喜樂 ) 5 월 7 일 · 판소리 ( 사랑가 ) : 조정희 · 가곡 ( 태평가 ) : 이정규 - 하윤주 · 춘앵전 : 김혜영 춘몽 ( 春夢 ) 5 월 8 일 · 선영숙 ( 가야금 ) - 신현식 ( 아쟁 ) · 이성준 ( 대금 ) - 이관웅 ( 아쟁 ) · 소고춤 : 김단아 · 민요 : 송수우 가화 ( 家和 ) 어버이날 - 가족 국악인",https://www.kh.or.kr/jnrepo/upload/jnPrgFestivalProgram/202402/176c517c86cc497cad968c573de66a41_1706772723340.jpg
2,1회,덕수궁,425,대한제국과 가비차,체험,"일,월,화,수,목,금,토 13:00 ~ 21:00",https://www.kh.or.kr/jnrepo/upload/jnPrgFestivalProgram/202402/6be54bfdac0a42bd9b751f2bf08e96b1_1706772178047.jpg,석조전 가비,https://www.kh.or.kr/program/view/menu/1292?viewType=ach&idx=425&searchRound=2&searchStTime=&searchEnTime=&searchField=homeAll&searchText=,덕수궁,대한제국과 가비차,체험,종료,체험,사전예약,2015-05-02~2015-05-10,13:00~21:00,덕수궁 석조전,,,"대한제국과 가비차 ” ○ 일시 : 2015. 5. 2( 토 ) ~ 5. 10( 일 ) 13 시 ~21 시 ○ 장소 : 덕수궁 석조전 앞 ○ 주요내용 : 커피 ( 가비 , 양탕국 ) 판매 , 가비차 만들기 체험 , 카페에 조선인이 , 야간 클래식 음악회",https://www.kh.or.kr/jnrepo/upload/jnPrgFestivalProgram/202402/6be54bfdac0a42bd9b751f2bf08e96b1_1706772178047.jpg
2,1회,창경궁,424,춘당지 소리풍경 “기억의 무늬”,체험,"일,월,화,수,목,금,토 19:00 ~ 21:00",https://www.kh.or.kr/jnrepo/upload/jnPrgFestivalProgram/202402/c0b2a69341bd48f0b4a88f131d3ed18a_1706762320372.jpg,춘당지,https://www.kh.or.kr/program/view/menu/1292?viewType=ach&idx=424&searchRound=2&searchStTime=&searchEnTime=&searchField=homeAll&searchText=,창경궁,춘당지 소리풍경 “기억의 무늬”,체험,종료,체험,현장참여,2015-05-02~2015-05-10,19:00~21:00,창경궁 춘당지 일원,,,"춘당지 소리풍경 “ 기억의 무늬 ”3 ○ 일시 : 2015. 5. 2.( 토 ) ~ 5. 10.( 일 ) 19 시 ~21 시 ○ 장소 : 창경궁 춘당지 ○ 주요내용 : 춘당지 터가 갖고 있는 수많은 기억의 파편들을 빛과 그림자 , 존재와 비존재 , 생성과 소멸로 비유하여 , 음악과 함께 공간의 역사를 표현",https://www.kh.or.kr/jnrepo/upload/jnPrgFestivalProgram/202402/c0b2a69341bd48f0b4a88f131d3ed18a_1706762320372.jpg
2,1회,창경궁,423,통명전 그림자극 “혜경궁 홍씨 이야기”,공연,"일,월,화,수,목,금,토 19:30 / 20:30",https://www.kh.or.kr/jnrepo/upload/jnPrgFestivalProgram/202401/cbd0825e837842208ab5befb76dd1c86_1705563702716.jpg,그림자,https://www.kh.or.kr/program/view/menu/1292?viewType=ach&idx=423&searchRound=2&searchStTime=&searchEnTime=&searchField=homeAll&searchText=,창경궁,통명전 그림자극 “혜경궁 홍씨 이야기”,공연,종료,공연,현장참여,2015-05-02~2015-05-10,"일,월,화,수,목,금,토 19:30 / 20:30",창경궁 통명전,,,"통명전 그림자극 “ 혜경궁 홍씨 이야기 ” ○ 일시 / 장소 : 2015. 5. 2.( 토 ) ~ 5. 10.( 일 ) 19 시 30 분 , 20 시 30 분 / 창경궁 통명전 ○ 주요내용 : ‘ 혜경궁 홍씨 ’ 의 일대기 ( 한중록 중 60 세까지 ) 를 모티브로 새롭게 이야기를 입혀 각색한 그림자극 공연",https://www.kh.or.kr/jnrepo/upload/jnPrgFestivalProgram/202401/cbd0825e837842208ab5befb76dd1c86_1705563702716.jpg
2,1회,창경궁,422,"1750 시간여행, 그날(1750년 3월 26일)",체험,화 09:00 ~ 18:00,https://www.kh.or.kr/jnrepo/upload/jnPrgFestivalProgram/202401/764c8fdffeb34bb89aedcac2cdf68934_1705563163492.jpg,그날,https://www.kh.or.kr/program/view/menu/1292?viewType=ach&idx=422&searchRound=2&searchStTime=&searchEnTime=&searchField=homeAll&searchText=,창경궁,"1750 시간여행, 그날(1750년 3월 26일)",체험,종료,체험,사전예약,2015-05-05~2015-05-05,09:00~18:00,창경궁 일원,,,"“1750 시간여행 , 그날 ”(1750 년 3 월 26 일 ) ○ 일시 : 2015. 5. 5.( 화 ) 9 시 ~18 시 / 창경궁 일원 ○ 주요내용 : 창경궁을 하루 동안 1750 년으로 되돌려 보는 국민 참여 ‧ 체감형 행사 ○ 프로그램 구성 : 홍화문 개 ‧ 폐식 ( 홍화문 ), 상참의 ( 문정전 ), 문과 급제자 소견 ( 함인정 ), 왕가의 산책 ( 집복헌 → 춘당지 → 집복헌 ), 사간원 신료 접견 ( 명정전 ) 등",https://www.kh.or.kr/jnrepo/upload/jnPrgFestivalProgram/202401/764c8fdffeb34bb89aedcac2cdf68934_1705563163492.jpg
2,1회,창경궁,421,궁궐의 일상을 걷다 “영조와 창경궁”,체험,"일,월,수,목,금,토 13:30 / 14:30",https://www.kh.or.kr/jnrepo/upload/jnPrgFestivalProgram/202401/7658acca3b9d474393ca34f19c5bb16c_1705562747782.jpg,일상을 걷다,https://www.kh.or.kr/program/view/menu/1292?viewType=ach&idx=421&searchRound=2&searchStTime=&searchEnTime=&searchField=homeAll&searchText=,창경궁,궁궐의 일상을 걷다 “영조와 창경궁”,체험,종료,체험,현장참여,2015-05-02~2015-05-10,"일,월,수,목,금,토 13:30 / 14:30",창경궁 일원,,,"궁궐의 일상을 걷다 “ 영조와 창경궁 ” ○ 일시 / 장소 : 2015. 5. 2.( 토 )~5. 4.( 월 ), 5. 6.( 수 )~5. 10.( 일 ) 13 시 30 분 , 14:30/ 창경궁 일원 ○ 주요내용 : 조선시대 궁궐의 일상모습을 소규모 연극으로 재구성하여 해설자의 인솔로 관람하는 체험형 프로그램 ※ 관람코스 : 옥천교 → 명정문 → 명정전 → 문정전 → 함인정 → 경춘전 → 통명전 → 영춘헌 ㆍ 집복헌 → 명정문",https://www.kh.or.kr/jnrepo/upload/jnPrgFestivalProgram/202401/7658acca3b9d474393ca34f19c5bb16c_1705562747782.jpg
